pm1_raw,pm2_5_raw,pm10_raw,particle_bin_0_3um,particle_bin_0_5um,particle_bin_1_0um,particle_bin_2_5um,particle_bin_5_0um,particle_bin_10_0um,co2_ppm,co_ug_m3,no2_ug_m3,so2_ug_m3,o3_ug_m3,temperature_c,dew_point_c,rain_flag,precipitation_analog_val,precipitation_mm,cloud_cover_pct,solar_radiation_w_m2,station_id,campus_id,device_uid,sequence_number,battery_voltage_v,wifi_rssi_dbm,free_heap_bytes,quality_score,is_valid,is_interpolated,qc_flags,content_hash,observed_at_utc,observed_at_pk,humidity_pct,pressure_hpa,aqi
11.1,16.3,28.4,1010.6,293.4,45.6,5.7,2.3,0.6,449.0,154.0,15.7,9.3,30.0,27.4,25.08,False,4095,0.0,12.0,0.0,EXT-OPEN-METEO-KHI,KARACHI,OPENSOURCE_API_GRID,1,,,,0.95,True,False,TIER2_OPENSOURCE_PURE;HOURLY_NODE;VERIFIED_MODEL_GRID,bccc10d6198f74a9aa0b29ae826b8a9b2775d07ea3c08a13326e6e2c590b472b,2026-09-17T00:00:00+00:00,2026-09-17 05:00:00,87.2,1005.4,81
11.1,16.3,28.5,1010.6,293.4,45.6,5.7,2.3,0.6,449.0,154.2,15.7,9.3,30.0,27.4,25.06,False,4095,0.0,12.0,0.0,EXT-OPEN-METEO-KHI,KARACHI,OPENSOURCE_API_GRID,2,,,,0.95,True,True,TIER2_OPENSOURCE_PURE;CONTINUOUS_MINUTE_STREAM;VERIFIED_MODEL_GRID,bec8d2d03143bb8fa6aeca03e2c5222422085f3cc71ec331549844f4ece60e6e,2026-09-17T00:01:00+00:00,2026-09-17 05:01:00,87.1,1005.4,81
11.2,16.4,28.5,1016.8,295.2,45.9,5.7,2.3,0.6,449.0,154.6,15.7,9.3,30.0,27.4,25.06,False,4095,0.0,12.0,0.0,EXT-OPEN-METEO-KHI,KARACHI,OPENSOURCE_API_GRID,3,,,,0.95,True,True,TIER2_OPENSOURCE_PURE;CONTINUOUS_MINUTE_STREAM;VERIFIED_MODEL_GRID,b663edc98bc21e78087aec24323ece910f85d1062c0c523cdc02dd21e8d4f30b,2026-09-17T00:02:00+00:00,2026-09-17 05:02:00,87.1,1005.4,81
11.2,16.4,28.6,1016.8,295.2,45.9,5.7,2.3,0.6,449.0,155.4,15.7,9.3,30.0,27.4,25.06,False,4095,0.0,12.0,0.0,EXT-OPEN-METEO-KHI,KARACHI,OPENSOURCE_API_GRID,4,,,,0.95,True,True,TIER2_OPENSOURCE_PURE;CONTINUOUS_MINUTE_STREAM;VERIFIED_MODEL_GRID,18c8bfb0bccc99214cb1037c38aeccaa0f89e8d8a8e86fac804b31a18b9d6a27,2026-09-17T00:03:00+00:00,2026-09-17 05:03:00,87.1,1005.4,81
11.2,16.5,28.6,1023.0,297.0,46.2,5.8,2.3,0.6,449.0,156.5,15.7,9.3,30.0,27.4,25.06,False,4095,0.0,12.0,0.0,EXT-OPEN-METEO-KHI,KARACHI,OPENSOURCE_API_GRID,5,,,,0.95,True,True,TIER2_OPENSOURCE_PURE;CONTINUOUS_MINUTE_STREAM;VERIFIED_MODEL_GRID,925045eb2b2ddd4e9498ffbd59d99971ae7e31c7eff365bfba9fad68d8662253,2026-09-17T00:04:00+00:00,2026-09-17 05:04:00,87.1,1005.4,81
11.2,16.5,28.7,1023.0,297.0,46.2,5.8,2.3,0.6,449.1,157.9,15.7,9.3,30.0,27.4,25.06,False,4095,0.0,11.9,0.0,EXT-OPEN-METEO-KHI,KARACHI,OPENSOURCE_API_GRID,6,,,,0.95,True,True,TIER2_OPENSOURCE_PURE;CONTINUOUS_MINUTE_STREAM;VERIFIED_MODEL_GRID,10f7630ab665f09284c545279360b7991cfabf0a2849608352aae338b7089260,2026-09-17T00:05:00+00:00,2026-09-17 05:05:00,87.1,1005.4,81
11.2,16.5,28.7,1023.0,297.0,46.2,5.8,2.3,0.6,449.1,159.6,15.7,9.3,30.0,27.4,25.06,False,4095,0.0,11.9,0.0,EXT-OPEN-METEO-KHI,KARACHI,OPENSOURCE_API_GRID,7,,,,0.95,True,True,TIER2_OPENSOURCE_PURE;CONTINUOUS_MINUTE_STREAM;VERIFIED_MODEL_GRID,c4fbe457968e69494c3f4804d8a0c0fc297ff91d46feace041e856cd9c1d13ac,2026-09-17T00:06:00+00:00,2026-09-17 05:06:00,87.1,1005.4,81
11.2,16.5,28.7,1023.0,297.0,46.2,5.8,2.3,0.6,449.1,161.6,15.8,9.3,29.9,27.4,25.06,False,4095,0.0,11.9,0.0,EXT-OPEN-METEO-KHI,KARACHI,OPENSOURCE_API_GRID,8,,,,0.95,True,True,TIER2_OPENSOURCE_PURE;CONTINUOUS_MINUTE_STREAM;VERIFIED_MODEL_GRID,2831e923e7092dcd1db5ccbf2d3bb37309b5b45df3c0043af6ca5b13d4a8b8cf,2026-09-17T00:07:00+00:00,2026-09-17 05:07:00,87.1,1005.4,81
11.2,16.5,28.7,1023.0,297.0,46.2,5.8,2.3,0.6,449.2,163.9,15.8,9.3,29.9,27.4,25.06,False,4095,0.0,11.8,0.0,EXT-OPEN-METEO-KHI,KARACHI,OPENSOURCE_API_GRID,9,,,,0.95,True,True,TIER2_OPENSOURCE_PURE;CONTINUOUS_MINUTE_STREAM;VERIFIED_MODEL_GRID,6d903ddb9763e43613e163b5c6e1fcba5ee39021bf0fcab2d9e9acfdb650c83b,2026-09-17T00:08:00+00:00,2026-09-17 05:08:00,87.1,1005.4,81
11.2,16.5,28.7,1023.0,297.0,46.2,5.8,2.3,0.6,449.2,166.5,15.8,9.3,29.9,27.4,25.06,False,4095,0.0,11.8,0.0,EXT-OPEN-METEO-KHI,KARACHI,OPENSOURCE_API_GRID,10,,,,0.95,True,True,TIER2_OPENSOURCE_PURE;CONTINUOUS_MINUTE_STREAM;VERIFIED_MODEL_GRID,37054d73157f68013b0aad14f154652916710ec1b64bb9826219b524c412c5a1,2026-09-17T00:09:00+00:00,2026-09-17 05:09:00,87.1,1005.4,81
11.2,16.5,28.7,1023.0,297.0,46.2,5.8,2.3,0.6,449.3,169.3,15.8,9.4,29.9,27.4,25.06,False,4095,0.0,11.7,0.0,EXT-OPEN-METEO-KHI,KARACHI,OPENSOURCE_API_GRID,11,,,,0.95,True,True,TIER2_OPENSOURCE_PURE;CONTINUOUS_MINUTE_STREAM;VERIFIED_MODEL_GRID,48374ec1549d284dc1ffd31a9ec2c20f2c896caf372d338a982e35cc25c5c306,2026-09-17T00:10:00+00:00,2026-09-17 05:10:00,87.1,1005.4,81
11.2,16.5,28.6,1023.0,297.0,46.2,5.8,2.3,0.6,449.3,172.5,15.9,9.4,29.8,27.4,25.06,False,4095,0.0,11.7,0.0,EXT-OPEN-METEO-KHI,KARACHI,OPENSOURCE_API_GRID,12,,,,0.95,True,True,TIER2_OPENSOURCE_PURE;CONTINUOUS_MINUTE_STREAM;VERIFIED_MODEL_GRID,e051d00eb2ba63015ba637fe7ed19572cabbd788d1d42a92a2a825f0a05505db,2026-09-17T00:11:00+00:00,2026-09-17 05:11:00,87.1,1005.4,81
11.2,16.4,28.6,1016.8,295.2,45.9,5.7,2.3,0.6,449.4,175.9,15.9,9.4,29.8,27.4,25.06,False,4095,0.0,11.6,0.0,EXT-OPEN-METEO-KHI,KARACHI,OPENSOURCE_API_GRID,13,,,,0.95,True,True,TIER2_OPENSOURCE_PURE;CONTINUOUS_MINUTE_STREAM;VERIFIED_MODEL_GRID,c92d15559a2a534114601f0097f1d2aa9b109f62e181fb15919983c18f5b5d22,2026-09-17T00:12:00+00:00,2026-09-17 05:12:00,87.1,1005.4,81
11.2,16.4,28.5,1016.8,295.2,45.9,5.7,2.3,0.6,449.4,179.5,15.9,9.4,29.8,27.4,25.06,False,4095,0.0,11.6,0.0,EXT-OPEN-METEO-KHI,KARACHI,OPENSOURCE_API_GRID,14,,,,0.95,True,True,TIER2_OPENSOURCE_PURE;CONTINUOUS_MINUTE_STREAM;VERIFIED_MODEL_GRID,4eef9d3d96db66b34fc4c18194808ff21dd38f910c748acdcba867b109e69033,2026-09-17T00:13:00+00:00,2026-09-17 05:13:00,87.1,1005.4,81
11.1,16.3,28.5,1010.6,293.4,45.6,5.7,2.3,0.6,449.5,183.4,15.9,9.4,29.7,27.4,25.08,False,4095,0.0,11.5,0.0,EXT-OPEN-METEO-KHI,KARACHI,OPENSOURCE_API_GRID,15,,,,0.95,True,True,TIER2_OPENSOURCE_PURE;CONTINUOUS_MINUTE_STREAM;VERIFIED_MODEL_GRID,49180dd3eff5054c4f492f9057e513e04eb1cfb804591f2a1792042cfa827014,2026-09-17T00:14:00+00:00,2026-09-17 05:14:00,87.2,1005.4,81
11.1,16.3,28.4,1010.6,293.4,45.6,5.7,2.3,0.6,449.6,187.5,16.0,9.4,29.7,27.3,24.98,False,4095,0.0,11.4,0.0,EXT-OPEN-METEO-KHI,KARACHI,OPENSOURCE_API_GRID,16,,,,0.95,True,True,TIER2_OPENSOURCE_PURE;CONTINUOUS_MINUTE_STREAM;VERIFIED_MODEL_GRID,ac04babe622ba4027994f649b582ca7f99649374d6cc6c66447a3a6ecb7b0614,2026-09-17T00:15:00+00:00,2026-09-17 05:15:00,87.2,1005.4,81
11.1,16.3,28.3,1010.6,293.4,45.6,5.7,2.3,0.6,449.7,191.9,16.0,9.4,29.7,27.3,24.98,False,4095,0.0,11.3,0.0,EXT-OPEN-METEO-KHI,KARACHI,OPENSOURCE_API_GRID,17,,,,0.95,True,True,TIER2_OPENSOURCE_PURE;CONTINUOUS_MINUTE_STREAM;VERIFIED_MODEL_GRID,0eb39088974c69a4e6b280a91b53cdd134835996d809ac1c40dabfa2ba03ed33,2026-09-17T00:16:00+00:00,2026-09-17 05:16:00,87.2,1005.5,81
11.0,16.2,28.3,1004.4,291.6,45.4,5.7,2.3,0.6,449.7,196.4,16.1,9.4,29.6,27.3,24.98,False,4095,0.0,11.3,0.0,EXT-OPEN-METEO-KHI,KARACHI,OPENSOURCE_API_GRID,18,,,,0.95,True,True,TIER2_OPENSOURCE_PURE;CONTINUOUS_MINUTE_STREAM;VERIFIED_MODEL_GRID,eb1728bf46d2b11a8fa2a06eec3e3db12bed07faf6cc4951d531508a875aec5d,2026-09-17T00:17:00+00:00,2026-09-17 05:17:00,87.2,1005.5,81
11.0,16.2,28.3,1004.4,291.6,45.4,5.7,2.3,0.6,449.8,201.2,16.1,9.5,29.6,27.3,25.0,False,4095,0.0,11.2,0.0,EXT-OPEN-METEO-KHI,KARACHI,OPENSOURCE_API_GRID,19,,,,0.95,True,True,TIER2_OPENSOURCE_PURE;CONTINUOUS_MINUTE_STREAM;VERIFIED_MODEL_GRID,932b25d718c0ea17658ff38b52925a58a6051fbd6e151383c22ebb43a832c4df,2026-09-17T00:18:00+00:00,2026-09-17 05:18:00,87.3,1005.5,81
11.0,16.2,28.2,1004.4,291.6,45.4,5.7,2.3,0.6,449.9,206.1,16.1,9.5,29.5,27.3,25.0,False,4095,0.0,11.1,0.0,EXT-OPEN-METEO-KHI,KARACHI,OPENSOURCE_API_GRID,20,,,,0.95,True,True,TIER2_OPENSOURCE_PURE;CONTINUOUS_MINUTE_STREAM;VERIFIED_MODEL_GRID,be744308245a709b97ac4915364ce4e9de7c832c8ef3e7bdb3233b353ea1ae38,2026-09-17T00:19:00+00:00,2026-09-17 05:19:00,87.3,1005.5,81
11.0,16.2,28.2,1004.4,291.6,45.4,5.7,2.3,0.6,450.0,211.2,16.2,9.5,29.5,27.2,24.92,False,4095,0.0,11.0,0.0,EXT-OPEN-METEO-KHI,KARACHI,OPENSOURCE_API_GRID,21,,,,0.95,True,True,TIER2_OPENSOURCE_PURE;CONTINUOUS_MINUTE_STREAM;VERIFIED_MODEL_GRID,00879ed42d58843afcb350a7368e1b18a42ed3fc1e867df96daf3374ae9b0e17,2026-09-17T00:20:00+00:00,2026-09-17 05:20:00,87.4,1005.5,81
11.0,16.2,28.2,1004.4,291.6,45.4,5.7,2.3,0.6,450.1,216.5,16.2,9.5,29.5,27.2,24.92,False,4095,0.0,10.9,0.0,EXT-OPEN-METEO-KHI,KARACHI,OPENSOURCE_API_GRID,22,,,,0.95,True,True,TIER2_OPENSOURCE_PURE;CONTINUOUS_MINUTE_STREAM;VERIFIED_MODEL_GRID,9af3acfc3e17afce0359010b20d62e6c66a46cb62c44a46b3f058e20df4d3301,2026-09-17T00:21:00+00:00,2026-09-17 05:21:00,87.4,1005.5,81
11.0,16.2,28.2,1004.4,291.6,45.4,5.7,2.3,0.6,450.2,221.9,16.3,9.5,29.4,27.2,24.94,False,4095,0.0,10.8,0.0,EXT-OPEN-METEO-KHI,KARACHI,OPENSOURCE_API_GRID,23,,,,0.95,True,True,TIER2_OPENSOURCE_PURE;CONTINUOUS_MINUTE_STREAM;VERIFIED_MODEL_GRID,368ff0c06fc6c237ccb4d56bfcb88f7eb5fcae6471a13a9d7a28ecf0dbbb20ef,2026-09-17T00:22:00+00:00,2026-09-17 05:22:00,87.5,1005.5,81
11.0,16.2,28.3,1004.4,291.6,45.4,5.7,2.3,0.6,450.3,227.5,16.3,9.6,29.4,27.2,24.94,False,4095,0.0,10.7,0.0,EXT-OPEN-METEO-KHI,KARACHI,OPENSOURCE_API_GRID,24,,,,0.95,True,True,TIER2_OPENSOURCE_PURE;CONTINUOUS_MINUTE_STREAM;VERIFIED_MODEL_GRID,efe3d16c67d3d630f0cd5b3fb2073b39a96ec424c93343f405168784245c6f9a,2026-09-17T00:23:00+00:00,2026-09-17 05:23:00,87.5,1005.5,81
11.0,16.2,28.3,1004.4,291.6,45.4,5.7,2.3,0.6,450.4,233.1,16.4,9.6,29.3,27.2,24.96,False,4095,0.0,10.6,0.0,EXT-OPEN-METEO-KHI,KARACHI,OPENSOURCE_API_GRID,25,,,,0.95,True,True,TIER2_OPENSOURCE_PURE;CONTINUOUS_MINUTE_STREAM;VERIFIED_MODEL_GRID,daf72f88c253e8778602174ab54dde8ec5aa357c841a0cedad2d329c5aafebde,2026-09-17T00:24:00+00:00,2026-09-17 05:24:00,87.6,1005.5,81
11.1,16.3,28.3,1010.6,293.4,45.6,5.7,2.3,0.6,450.5,238.9,16.4,9.6,29.3,27.2,24.98,False,4095,0.0,10.5,0.0,EXT-OPEN-METEO-KHI,KARACHI,OPENSOURCE_API_GRID,26,,,,0.95,True,True,TIER2_OPENSOURCE_PURE;CONTINUOUS_MINUTE_STREAM;VERIFIED_MODEL_GRID,ccf6602f8a0f4ff4eae9c78e2bb99e9b5e8a4f2b29c2cf760250af46507a6a66,2026-09-17T00:25:00+00:00,2026-09-17 05:25:00,87.7,1005.5,81
11.1,16.3,28.4,1010.6,293.4,45.6,5.7,2.3,0.6,450.6,244.7,16.5,9.6,29.2,27.2,24.98,False,4095,0.0,10.4,0.0,EXT-OPEN-METEO-KHI,KARACHI,OPENSOURCE_API_GRID,27,,,,0.95,True,True,TIER2_OPENSOURCE_PURE;CONTINUOUS_MINUTE_STREAM;VERIFIED_MODEL_GRID,5ee6a8a69353611e73c297a1eef2c840f453d96b7a8a646b4ce742fb71762ea7,2026-09-17T00:26:00+00:00,2026-09-17 05:26:00,87.7,1005.5,81
11.2,16.4,28.5,1016.8,295.2,45.9,5.7,2.3,0.6,450.7,250.6,16.5,9.6,29.2,27.2,25.0,False,4095,0.0,10.3,0.0,EXT-OPEN-METEO-KHI,KARACHI,OPENSOURCE_API_GRID,28,,,,0.95,True,True,TIER2_OPENSOURCE_PURE;CONTINUOUS_MINUTE_STREAM;VERIFIED_MODEL_GRID,34339d4156b4dbf8cb38f7d40f0c885bc3ed0a3e71a84fb94e84edb72f6c0a0f,2026-09-17T00:27:00+00:00,2026-09-17 05:27:00,87.8,1005.5,81
11.2,16.4,28.6,1016.8,295.2,45.9,5.7,2.3,0.6,450.8,256.5,16.6,9.7,29.1,27.1,24.92,False,4095,0.0,10.2,0.0,EXT-OPEN-METEO-KHI,KARACHI,OPENSOURCE_API_GRID,29,,,,0.95,True,True,TIER2_OPENSOURCE_PURE;CONTINUOUS_MINUTE_STREAM;VERIFIED_MODEL_GRID,43879ac230e3c8c28939fe3de156ad9d4623a18567d52e998bacf0395fc74f0a,2026-09-17T00:28:00+00:00,2026-09-17 05:28:00,87.9,1005.5,81
11.2,16.5,28.6,1023.0,297.0,46.2,5.8,2.3,0.6,450.9,262.5,16.6,9.7,29.1,27.1,24.94,False,4095,0.0,10.1,0.0,EXT-OPEN-METEO-KHI,KARACHI,OPENSOURCE_API_GRID,30,,,,0.95,True,True,TIER2_OPENSOURCE_PURE;CONTINUOUS_MINUTE_STREAM;VERIFIED_MODEL_GRID,6c5aa15af736db37d88cfbcc5ad20cdbe9fcab20a72bba1fc11aa2fe78433701,2026-09-17T00:29:00+00:00,2026-09-17 05:29:00,88.0,1005.5,81
11.2,16.5,28.7,1023.0,297.0,46.2,5.8,2.3,0.6,451.0,268.5,16.6,9.7,29.0,27.1,24.94,False,4095,0.0,10.0,0.0,EXT-OPEN-METEO-KHI,KARACHI,OPENSOURCE_API_GRID,31,,,,0.95,True,True,TIER2_OPENSOURCE_PURE;CONTINUOUS_MINUTE_STREAM;VERIFIED_MODEL_GRID,1c9a6c9565ab3db430e57cdaeecebeb5027dc95e3e66813d5a11824e186d2e87,2026-09-17T00:30:00+00:00,2026-09-17 05:30:00,88.0,1005.5,81
11.2,16.5,28.6,1023.0,297.0,46.2,5.8,2.3,0.6,451.1,274.5,16.7,9.7,28.9,27.1,24.98,False,4095,0.0,9.9,0.0,EXT-OPEN-METEO-KHI,KARACHI,OPENSOURCE_API_GRID,32,,,,0.95,True,True,TIER2_OPENSOURCE_PURE;CONTINUOUS_MINUTE_STREAM;VERIFIED_MODEL_GRID,2e96aeeba2013f1fe53c692b7b8922f28e480641e379e2e560e4796dd036d406,2026-09-17T00:31:00+00:00,2026-09-17 05:31:00,88.2,1005.5,81
11.2,16.5,28.7,1023.0,297.0,46.2,5.8,2.3,0.6,451.2,280.5,16.7,9.7,28.9,27.1,25.0,False,4095,0.0,9.8,0.0,EXT-OPEN-METEO-KHI,KARACHI,OPENSOURCE_API_GRID,33,,,,0.95,True,True,TIER2_OPENSOURCE_PURE;CONTINUOUS_MINUTE_STREAM;VERIFIED_MODEL_GRID,d5ab18ac1c96d5448dde85352de6c6ac85c67ec5158073a8341d4055f94185fe,2026-09-17T00:32:00+00:00,2026-09-17 05:32:00,88.3,1005.5,81
11.3,16.6,28.8,1029.2,298.8,46.5,5.8,2.3,0.6,451.3,286.4,16.8,9.8,28.8,27.1,25.0,False,4095,0.0,9.7,0.0,EXT-OPEN-METEO-KHI,KARACHI,OPENSOURCE_API_GRID,34,,,,0.95,True,True,TIER2_OPENSOURCE_PURE;CONTINUOUS_MINUTE_STREAM;VERIFIED_MODEL_GRID,ac2ae0e6c5ca5b11c86276afb1a3d39bf3d4275a979c2c70f52aa2317b4ddaa8,2026-09-17T00:33:00+00:00,2026-09-17 05:33:00,88.3,1005.5,81
11.3,16.6,28.8,1029.2,298.8,46.5,5.8,2.3,0.6,451.4,292.3,16.8,9.8,28.8,27.1,25.0,False,4095,0.0,9.6,0.0,EXT-OPEN-METEO-KHI,KARACHI,OPENSOURCE_API_GRID,35,,,,0.95,True,True,TIER2_OPENSOURCE_PURE;CONTINUOUS_MINUTE_STREAM;VERIFIED_MODEL_GRID,00d56c285d51839ffcf4e68da926e1906f2e328f43122b04e58fb86dcb97603c,2026-09-17T00:34:00+00:00,2026-09-17 05:34:00,88.3,1005.5,81
11.3,16.6,28.9,1029.2,298.8,46.5,5.8,2.3,0.6,451.5,298.1,16.9,9.8,28.7,27.1,25.02,False,4095,0.0,9.5,0.0,EXT-OPEN-METEO-KHI,KARACHI,OPENSOURCE_API_GRID,36,,,,0.95,True,True,TIER2_OPENSOURCE_PURE;CONTINUOUS_MINUTE_STREAM;VERIFIED_MODEL_GRID,59c15ebb06f4723635a289e30f6f1a921b9e4b2f57b5ad7da4a8e846f4ff2ae3,2026-09-17T00:35:00+00:00,2026-09-17 05:35:00,88.4,1005.5,81
11.4,16.7,28.9,1035.4,300.6,46.8,5.8,2.3,0.6,451.6,303.9,16.9,9.8,28.7,27.1,25.02,False,4095,0.0,9.4,0.0,EXT-OPEN-METEO-KHI,KARACHI,OPENSOURCE_API_GRID,37,,,,0.95,True,True,TIER2_OPENSOURCE_PURE;CONTINUOUS_MINUTE_STREAM;VERIFIED_MODEL_GRID,1742152008fcda5a72c169f6a241cf67403e8e44f27660cae0c9f8b8ac733cb0,2026-09-17T00:36:00+00:00,2026-09-17 05:36:00,88.4,1005.5,81
11.4,16.7,29.0,1035.4,300.6,46.8,5.8,2.3,0.6,451.7,309.5,17.0,9.8,28.6,27.1,25.02,False,4095,0.0,9.3,0.0,EXT-OPEN-METEO-KHI,KARACHI,OPENSOURCE_API_GRID,38,,,,0.95,True,True,TIER2_OPENSOURCE_PURE;CONTINUOUS_MINUTE_STREAM;VERIFIED_MODEL_GRID,5edbbcd8888235352a6636ba3552c836f178c0256ddf45a4eaa6c87550ec1be6,2026-09-17T00:37:00+00:00,2026-09-17 05:37:00,88.4,1005.5,81
11.4,16.7,29.0,1035.4,300.6,46.8,5.8,2.3,0.6,451.8,315.1,17.0,9.9,28.6,27.1,25.03,False,4095,0.0,9.2,0.0,EXT-OPEN-METEO-KHI,KARACHI,OPENSOURCE_API_GRID,39,,,,0.95,True,True,TIER2_OPENSOURCE_PURE;CONTINUOUS_MINUTE_STREAM;VERIFIED_MODEL_GRID,89137cfb6b0e2c31554a34b8649722cd8e2c07c581690b5d6fb0cf9f8dff8841,2026-09-17T00:38:00+00:00,2026-09-17 05:38:00,88.5,1005.6,81
11.4,16.7,29.0,1035.4,300.6,46.8,5.8,2.3,0.6,451.9,320.5,17.1,9.9,28.5,27.1,25.03,False,4095,0.0,9.1,0.0,EXT-OPEN-METEO-KHI,KARACHI,OPENSOURCE_API_GRID,40,,,,0.95,True,True,TIER2_OPENSOURCE_PURE;CONTINUOUS_MINUTE_STREAM;VERIFIED_MODEL_GRID,88ece4789f4eefde6acd08b4c24dfeaba07cca1f10ed43b3d959d15f994cbc10,2026-09-17T00:39:00+00:00,2026-09-17 05:39:00,88.5,1005.6,81
11.4,16.7,29.0,1035.4,300.6,46.8,5.8,2.3,0.6,452.0,325.7,17.1,9.9,28.5,27.1,25.03,False,4095,0.0,9.0,0.0,EXT-OPEN-METEO-KHI,KARACHI,OPENSOURCE_API_GRID,41,,,,0.95,True,True,TIER2_OPENSOURCE_PURE;CONTINUOUS_MINUTE_STREAM;VERIFIED_MODEL_GRID,f282aa2a54342c55f03a14e7b713ab528b2e92a110609a43cf448399f26040ae,2026-09-17T00:40:00+00:00,2026-09-17 05:40:00,88.5,1005.6,81
11.4,16.7,28.9,1035.4,300.6,46.8,5.8,2.3,0.6,452.1,330.9,17.2,9.9,28.5,27.1,25.03,False,4095,0.0,8.9,0.0,EXT-OPEN-METEO-KHI,KARACHI,OPENSOURCE_API_GRID,42,,,,0.95,True,True,TIER2_OPENSOURCE_PURE;CONTINUOUS_MINUTE_STREAM;VERIFIED_MODEL_GRID,b44a30f276c1ae263399c9a7ea659fe9b9ccdb17e6b9001b2d10bd4e0a4dd600,2026-09-17T00:41:00+00:00,2026-09-17 05:41:00,88.5,1005.6,81
11.4,16.7,28.9,1035.4,300.6,46.8,5.8,2.3,0.6,452.2,335.8,17.2,9.9,28.4,27.0,24.94,False,4095,0.0,8.8,0.0,EXT-OPEN-METEO-KHI,KARACHI,OPENSOURCE_API_GRID,43,,,,0.95,True,True,TIER2_OPENSOURCE_PURE;CONTINUOUS_MINUTE_STREAM;VERIFIED_MODEL_GRID,1d31001541c820ef5fb4d771828b158dc819d056176554a8917a641d6822129e,2026-09-17T00:42:00+00:00,2026-09-17 05:42:00,88.5,1005.6,81
11.3,16.6,28.9,1029.2,298.8,46.5,5.8,2.3,0.6,452.3,340.6,17.2,10.0,28.4,27.0,24.96,False,4095,0.0,8.7,0.0,EXT-OPEN-METEO-KHI,KARACHI,OPENSOURCE_API_GRID,44,,,,0.95,True,True,TIER2_OPENSOURCE_PURE;CONTINUOUS_MINUTE_STREAM;VERIFIED_MODEL_GRID,923bec57e011d5a53bf8a50b61dfc0c36fce7c49854e5c417e995609536163fb,2026-09-17T00:43:00+00:00,2026-09-17 05:43:00,88.6,1005.6,81
11.3,16.6,28.8,1029.2,298.8,46.5,5.8,2.3,0.6,452.3,345.1,17.3,10.0,28.3,27.0,24.96,False,4095,0.0,8.7,0.0,EXT-OPEN-METEO-KHI,KARACHI,OPENSOURCE_API_GRID,45,,,,0.95,True,True,TIER2_OPENSOURCE_PURE;CONTINUOUS_MINUTE_STREAM;VERIFIED_MODEL_GRID,40cac17047ce26765d52655cf4a7be2eeb258d01f4aaded854a12e095d61c733,2026-09-17T00:44:00+00:00,2026-09-17 05:44:00,88.6,1005.6,81
11.3,16.6,28.8,1029.2,298.8,46.5,5.8,2.3,0.6,452.4,349.5,17.3,10.0,28.3,27.0,24.96,False,4095,0.0,8.6,0.0,EXT-OPEN-METEO-KHI,KARACHI,OPENSOURCE_API_GRID,46,,,,0.95,True,True,TIER2_OPENSOURCE_PURE;CONTINUOUS_MINUTE_STREAM;VERIFIED_MODEL_GRID,0451aa2b8b469958a07b8bef1e11eae85ac1986633f1a61eba12300fdfb6edbc,2026-09-17T00:45:00+00:00,2026-09-17 05:45:00,88.6,1005.6,81
11.2,16.5,28.7,1023.0,297.0,46.2,5.8,2.3,0.6,452.5,353.6,17.4,10.0,28.3,27.0,24.96,False,4095,0.0,8.5,0.0,EXT-OPEN-METEO-KHI,KARACHI,OPENSOURCE_API_GRID,47,,,,0.95,True,True,TIER2_OPENSOURCE_PURE;CONTINUOUS_MINUTE_STREAM;VERIFIED_MODEL_GRID,3ff19a711c76ac59dec91c552ca36689977818d02e017c7240106c574be7875e,2026-09-17T00:46:00+00:00,2026-09-17 05:46:00,88.6,1005.6,81
11.2,16.5,28.6,1023.0,297.0,46.2,5.8,2.3,0.6,452.6,357.5,17.4,10.0,28.2,27.0,24.96,False,4095,0.0,8.4,0.0,EXT-OPEN-METEO-KHI,KARACHI,OPENSOURCE_API_GRID,48,,,,0.95,True,True,TIER2_OPENSOURCE_PURE;CONTINUOUS_MINUTE_STREAM;VERIFIED_MODEL_GRID,737652b5299623d8b578fee1e2fe1944820d6ba0da395c78d5b073f15fd6881f,2026-09-17T00:47:00+00:00,2026-09-17 05:47:00,88.6,1005.6,81
11.2,16.5,28.6,1023.0,297.0,46.2,5.8,2.3,0.6,452.6,361.1,17.4,10.0,28.2,26.9,24.88,False,4095,0.0,8.4,0.0,EXT-OPEN-METEO-KHI,KARACHI,OPENSOURCE_API_GRID,49,,,,0.95,True,True,TIER2_OPENSOURCE_PURE;CONTINUOUS_MINUTE_STREAM;VERIFIED_MODEL_GRID,d2d68dd7b620d2edcf7342219662d5fa51cdc023ddeaba49c0ca415af843ff17,2026-09-17T00:48:00+00:00,2026-09-17 05:48:00,88.7,1005.6,81
11.2,16.4,28.5,1016.8,295.2,45.9,5.7,2.3,0.6,452.7,364.5,17.4,10.0,28.2,26.9,24.88,False,4095,0.0,8.3,0.0,EXT-OPEN-METEO-KHI,KARACHI,OPENSOURCE_API_GRID,50,,,,0.95,True,True,TIER2_OPENSOURCE_PURE;CONTINUOUS_MINUTE_STREAM;VERIFIED_MODEL_GRID,c2fd12e3f2293bdd4ac7cb9911ee429b219cc3ed225768e66a3e8ee2f3051ba2,2026-09-17T00:49:00+00:00,2026-09-17 05:49:00,88.7,1005.6,81
11.2,16.4,28.5,1016.8,295.2,45.9,5.7,2.3,0.6,452.7,367.7,17.5,10.0,28.1,26.9,24.88,False,4095,0.0,8.3,0.0,EXT-OPEN-METEO-KHI,KARACHI,OPENSOURCE_API_GRID,51,,,,0.95,True,True,TIER2_OPENSOURCE_PURE;CONTINUOUS_MINUTE_STREAM;VERIFIED_MODEL_GRID,6deeef5dd7486f5364be802b88c91380aacdda5d3955993b8281370175f500e9,2026-09-17T00:50:00+00:00,2026-09-17 05:50:00,88.7,1005.6,81
11.2,16.4,28.5,1016.8,295.2,45.9,5.7,2.3,0.6,452.8,370.5,17.5,10.1,28.1,26.9,24.88,False,4095,0.0,8.2,0.0,EXT-OPEN-METEO-KHI,KARACHI,OPENSOURCE_API_GRID,52,,,,0.95,True,True,TIER2_OPENSOURCE_PURE;CONTINUOUS_MINUTE_STREAM;VERIFIED_MODEL_GRID,ced5054c44bf3b61f16e58aeb20abd08bc0fadd448d096beea1f933ed1369f9f,2026-09-17T00:51:00+00:00,2026-09-17 05:51:00,88.7,1005.6,81
11.2,16.4,28.5,1016.8,295.2,45.9,5.7,2.3,0.6,452.8,373.1,17.5,10.1,28.1,26.9,24.89,False,4095,0.0,8.2,0.0,EXT-OPEN-METEO-KHI,KARACHI,OPENSOURCE_API_GRID,53,,,,0.95,True,True,TIER2_OPENSOURCE_PURE;CONTINUOUS_MINUTE_STREAM;VERIFIED_MODEL_GRID,6591655d19f79a4894d5715b96372f3d6a1e340a790bf15821ba2c5ea2c006b0,2026-09-17T00:52:00+00:00,2026-09-17 05:52:00,88.8,1005.6,81
11.2,16.4,28.5,1016.8,295.2,45.9,5.7,2.3,0.6,452.9,375.4,17.5,10.1,28.1,26.9,24.89,False,4095,0.0,8.1,0.0,EXT-OPEN-METEO-KHI,KARACHI,OPENSOURCE_API_GRID,54,,,,0.95,True,True,TIER2_OPENSOURCE_PURE;CONTINUOUS_MINUTE_STREAM;VERIFIED_MODEL_GRID,817cd8394553f370df0abacabcb31e9590a56088177fb6526c2575c0f47af3bb,2026-09-17T00:53:00+00:00,2026-09-17 05:53:00,88.8,1005.6,81
11.2,16.4,28.5,1016.8,295.2,45.9,5.7,2.3,0.6,452.9,377.4,17.6,10.1,28.0,26.9,24.89,False,4095,0.0,8.1,0.0,EXT-OPEN-METEO-KHI,KARACHI,OPENSOURCE_API_GRID,55,,,,0.95,True,True,TIER2_OPENSOURCE_PURE;CONTINUOUS_MINUTE_STREAM;VERIFIED_MODEL_GRID,05ba777efb662800cdb9a6c6900c258734255aaccb8e2273b944003ed66686b7,2026-09-17T00:54:00+00:00,2026-09-17 05:54:00,88.8,1005.6,81
11.2,16.4,28.5,1016.8,295.2,45.9,5.7,2.3,0.6,452.9,379.1,17.6,10.1,28.0,26.9,24.91,False,4095,0.0,8.1,0.0,EXT-OPEN-METEO-KHI,KARACHI,OPENSOURCE_API_GRID,56,,,,0.95,True,True,TIER2_OPENSOURCE_PURE;CONTINUOUS_MINUTE_STREAM;VERIFIED_MODEL_GRID,34a48dc9e2b191327fd9ae472604de6bb9a1e09088728c7f981db0888792cd08,2026-09-17T00:55:00+00:00,2026-09-17 05:55:00,88.9,1005.6,81
11.2,16.5,28.6,1023.0,297.0,46.2,5.8,2.3,0.6,453.0,380.5,17.6,10.1,28.0,26.9,24.91,False,4095,0.0,8.0,0.0,EXT-OPEN-METEO-KHI,KARACHI,OPENSOURCE_API_GRID,57,,,,0.95,True,True,TIER2_OPENSOURCE_PURE;CONTINUOUS_MINUTE_STREAM;VERIFIED_MODEL_GRID,d210e3d2f59c0b1f353c8155b630b691a3a2fd31219bba69ddd4ee57c5984fbb,2026-09-17T00:56:00+00:00,2026-09-17 05:56:00,88.9,1005.6,81
11.2,16.5,28.7,1023.0,297.0,46.2,5.8,2.3,0.6,453.0,381.6,17.6,10.1,28.0,26.9,24.91,False,4095,0.0,8.0,0.0,EXT-OPEN-METEO-KHI,KARACHI,OPENSOURCE_API_GRID,58,,,,0.95,True,True,TIER2_OPENSOURCE_PURE;CONTINUOUS_MINUTE_STREAM;VERIFIED_MODEL_GRID,4ca4a6677f8006c27aee242b8e3876b8318851e1ca108f133c052ef8e8ce0439,2026-09-17T00:57:00+00:00,2026-09-17 05:57:00,88.9,1005.6,81
11.2,16.5,28.7,1023.0,297.0,46.2,5.8,2.3,0.6,453.0,382.4,17.6,10.1,28.0,26.9,24.93,False,4095,0.0,8.0,0.0,EXT-OPEN-METEO-KHI,KARACHI,OPENSOURCE_API_GRID,59,,,,0.95,True,True,TIER2_OPENSOURCE_PURE;CONTINUOUS_MINUTE_STREAM;VERIFIED_MODEL_GRID,5553de16a6bb03c433eadece3ec204784f96fcdf928d80c39d41a39dda58dc08,2026-09-17T00:58:00+00:00,2026-09-17 05:58:00,89.0,1005.6,81
11.3,16.6,28.8,1029.2,298.8,46.5,5.8,2.3,0.6,453.0,382.8,17.6,10.1,28.0,26.9,24.93,False,4095,0.0,8.0,0.0,EXT-OPEN-METEO-KHI,KARACHI,OPENSOURCE_API_GRID,60,,,,0.95,True,True,TIER2_OPENSOURCE_PURE;CONTINUOUS_MINUTE_STREAM;VERIFIED_MODEL_GRID,9ef6107833a7c377098898556fa949b047d4b60d074ef526b12ddc85a1e8f2c2,2026-09-17T00:59:00+00:00,2026-09-17 05:59:00,89.0,1005.6,81
11.3,16.6,28.8,1029.2,298.8,46.5,5.8,2.3,0.6,453.0,383.0,17.6,10.1,28.0,26.9,24.93,False,4095,0.0,8.0,0.0,EXT-OPEN-METEO-KHI,KARACHI,OPENSOURCE_API_GRID,61,,,,0.95,True,False,TIER2_OPENSOURCE_PURE;HOURLY_NODE;VERIFIED_MODEL_GRID,02b8de6da4e277f38c19ac82b4c02255e6d69677ed0abf746ff3100e80556bba,2026-09-17T01:00:00+00:00,2026-09-17 06:00:00,89.0,1005.6,81
11.4,16.7,28.9,1035.4,300.6,46.8,5.8,2.3,0.6,453.0,383.2,17.6,10.1,28.0,26.9,24.93,False,4095,0.0,8.0,0.0,EXT-OPEN-METEO-KHI,KARACHI,OPENSOURCE_API_GRID,62,,,,0.95,True,True,TIER2_OPENSOURCE_PURE;CONTINUOUS_MINUTE_STREAM;VERIFIED_MODEL_GRID,84f08228b107b9a80347fe50ab39d58b0e602e0423971b67c67f4a21a5dee46e,2026-09-17T01:01:00+00:00,2026-09-17 06:01:00,89.0,1005.6,81
11.3,16.6,28.8,1029.2,298.8,46.5,5.8,2.3,0.6,453.0,383.8,17.6,10.1,28.0,26.9,24.97,False,4095,0.0,8.0,0.2,EXT-OPEN-METEO-KHI,KARACHI,OPENSOURCE_API_GRID,63,,,,0.95,True,True,TIER2_OPENSOURCE_PURE;CONTINUOUS_MINUTE_STREAM;VERIFIED_MODEL_GRID,7f195aed54056e4c865feb8360f6bc42a353ca54d66e520360aedbacae49d21c,2026-09-17T01:02:00+00:00,2026-09-17 06:02:00,89.2,1005.6,81
11.4,16.7,28.9,1035.4,300.6,46.8,5.8,2.3,0.6,453.0,384.9,17.6,10.1,28.0,26.9,24.95,False,4095,0.0,8.0,0.4,EXT-OPEN-METEO-KHI,KARACHI,OPENSOURCE_API_GRID,64,,,,0.95,True,True,TIER2_OPENSOURCE_PURE;CONTINUOUS_MINUTE_STREAM;VERIFIED_MODEL_GRID,4586ae00ab050fb8c309b1b4af3d8deb80912fa61fac983c3e4af30df6b8b0af,2026-09-17T01:03:00+00:00,2026-09-17 06:03:00,89.1,1005.6,81
11.4,16.7,29.0,1035.4,300.6,46.8,5.8,2.3,0.6,453.1,386.4,17.6,10.1,28.0,26.9,24.95,False,4095,0.0,7.9,0.6,EXT-OPEN-METEO-KHI,KARACHI,OPENSOURCE_API_GRID,65,,,,0.95,True,True,TIER2_OPENSOURCE_PURE;CONTINUOUS_MINUTE_STREAM;VERIFIED_MODEL_GRID,402611e5768f8c98a13c88f9f3607c451c30944906dbb0f6b183c1e535686c79,2026-09-17T01:04:00+00:00,2026-09-17 06:04:00,89.1,1005.6,81
11.4,16.8,29.0,1041.6,302.4,47.0,5.9,2.3,0.6,453.1,388.2,17.6,10.1,28.0,26.9,24.95,False,4095,0.0,7.9,1.0,EXT-OPEN-METEO-KHI,KARACHI,OPENSOURCE_API_GRID,66,,,,0.95,True,True,TIER2_OPENSOURCE_PURE;CONTINUOUS_MINUTE_STREAM;VERIFIED_MODEL_GRID,1f1355befe215389aaac8c30f6047e9a09c94215cf50b0c9716c6b0c86e45ca1,2026-09-17T01:05:00+00:00,2026-09-17 06:05:00,89.1,1005.6,81
11.4,16.8,29.1,1041.6,302.4,47.0,5.9,2.3,0.6,453.1,390.5,17.7,10.1,28.0,26.9,24.95,False,4095,0.0,7.9,1.4,EXT-OPEN-METEO-KHI,KARACHI,OPENSOURCE_API_GRID,67,,,,0.95,True,True,TIER2_OPENSOURCE_PURE;CONTINUOUS_MINUTE_STREAM;VERIFIED_MODEL_GRID,6610a58318f9c5838c27ab55aef6eb08379f0f9af348d0db2de78afd28522ea9,2026-09-17T01:06:00+00:00,2026-09-17 06:06:00,89.1,1005.6,81
11.5,16.9,29.2,1047.8,304.2,47.3,5.9,2.3,0.6,453.2,393.2,17.7,10.1,27.9,26.9,24.95,False,4095,0.0,7.8,1.9,EXT-OPEN-METEO-KHI,KARACHI,OPENSOURCE_API_GRID,68,,,,0.95,True,True,TIER2_OPENSOURCE_PURE;CONTINUOUS_MINUTE_STREAM;VERIFIED_MODEL_GRID,bda65bbf6eb52d1e3e1443fece1191a8d7d931e5778fc9783094e9465c640e31,2026-09-17T01:07:00+00:00,2026-09-17 06:07:00,89.1,1005.6,81
11.5,16.9,29.2,1047.8,304.2,47.3,5.9,2.3,0.6,453.2,396.3,17.7,10.2,27.9,27.0,25.05,False,4095,0.0,7.7,2.5,EXT-OPEN-METEO-KHI,KARACHI,OPENSOURCE_API_GRID,69,,,,0.95,True,True,TIER2_OPENSOURCE_PURE;CONTINUOUS_MINUTE_STREAM;VERIFIED_MODEL_GRID,12c673a1707040af5bff6b2870c6e4853b0c4b2acec4229781c523cd28e58349,2026-09-17T01:08:00+00:00,2026-09-17 06:08:00,89.1,1005.6,81
11.6,17.0,29.3,1054.0,306.0,47.6,5.9,2.3,0.6,453.3,399.8,17.7,10.2,27.9,27.0,25.05,False,4095,0.0,7.7,3.1,EXT-OPEN-METEO-KHI,KARACHI,OPENSOURCE_API_GRID,70,,,,0.95,True,True,TIER2_OPENSOURCE_PURE;CONTINUOUS_MINUTE_STREAM;VERIFIED_MODEL_GRID,475bf9de5dfdf698e44e35b34c7877b86699796a09b4d8f76604cf076d26209d,2026-09-17T01:09:00+00:00,2026-09-17 06:09:00,89.1,1005.6,81
11.6,17.0,29.3,1054.0,306.0,47.6,5.9,2.3,0.6,453.3,403.6,17.8,10.2,27.9,27.0,25.03,False,4095,0.0,7.6,3.8,EXT-OPEN-METEO-KHI,KARACHI,OPENSOURCE_API_GRID,71,,,,0.95,True,True,TIER2_OPENSOURCE_PURE;CONTINUOUS_MINUTE_STREAM;VERIFIED_MODEL_GRID,fae8466560cc30a1b954d2508c38ed5f04dd5d30276ce2a8b3b5faf9b2022c14,2026-09-17T01:10:00+00:00,2026-09-17 06:10:00,89.0,1005.6,81
11.6,17.0,29.3,1054.0,306.0,47.6,5.9,2.3,0.6,453.4,407.8,17.8,10.2,27.8,27.0,25.03,False,4095,0.0,7.5,4.6,EXT-OPEN-METEO-KHI,KARACHI,OPENSOURCE_API_GRID,72,,,,0.95,True,True,TIER2_OPENSOURCE_PURE;CONTINUOUS_MINUTE_STREAM;VERIFIED_MODEL_GRID,8fa4a897cd176286567c0d0794be0c8b7a399cd09ab56efea7e9af8d92eb7c00,2026-09-17T01:11:00+00:00,2026-09-17 06:11:00,89.0,1005.7,81
11.6,17.0,29.4,1054.0,306.0,47.6,5.9,2.4,0.6,453.5,412.4,17.8,10.2,27.8,27.0,25.03,False,4095,0.0,7.4,5.5,EXT-OPEN-METEO-KHI,KARACHI,OPENSOURCE_API_GRID,73,,,,0.95,True,True,TIER2_OPENSOURCE_PURE;CONTINUOUS_MINUTE_STREAM;VERIFIED_MODEL_GRID,4b7a548a0292168c0c5a977736b74757f784afd3f24d8c02552c1463bac6f887,2026-09-17T01:12:00+00:00,2026-09-17 06:12:00,89.0,1005.7,81
11.6,17.1,29.4,1060.2,307.8,47.9,6.0,2.4,0.6,453.6,417.3,17.9,10.2,27.8,27.0,25.03,False,4095,0.0,7.3,6.4,EXT-OPEN-METEO-KHI,KARACHI,OPENSOURCE_API_GRID,74,,,,0.95,True,True,TIER2_OPENSOURCE_PURE;CONTINUOUS_MINUTE_STREAM;VERIFIED_MODEL_GRID,367670d16d43edb242c25423bc0b21731dffc7a4f63d10e9a029ef2e224c73c7,2026-09-17T01:13:00+00:00,2026-09-17 06:13:00,89.0,1005.7,81
11.6,17.1,29.4,1060.2,307.8,47.9,6.0,2.4,0.6,453.6,422.6,17.9,10.3,27.7,27.0,25.01,False,4095,0.0,7.2,7.4,EXT-OPEN-METEO-KHI,KARACHI,OPENSOURCE_API_GRID,75,,,,0.95,True,True,TIER2_OPENSOURCE_PURE;CONTINUOUS_MINUTE_STREAM;VERIFIED_MODEL_GRID,8fddef14035e931a5a5bab5bf0d9e7e66e0083fe2ed54fe16f2e983119e330eb,2026-09-17T01:14:00+00:00,2026-09-17 06:14:00,88.9,1005.7,81
11.6,17.1,29.4,1060.2,307.8,47.9,6.0,2.4,0.6,453.7,428.1,17.9,10.3,27.7,27.0,25.01,False,4095,0.0,7.1,8.4,EXT-OPEN-METEO-KHI,KARACHI,OPENSOURCE_API_GRID,76,,,,0.95,True,True,TIER2_OPENSOURCE_PURE;CONTINUOUS_MINUTE_STREAM;VERIFIED_MODEL_GRID,4414231582634783aa001b28ff626a8b8cdf3279b15823ef73fa5df0416e9c36,2026-09-17T01:15:00+00:00,2026-09-17 06:15:00,88.9,1005.7,81
11.6,17.1,29.4,1060.2,307.8,47.9,6.0,2.4,0.6,453.8,434.0,18.0,10.3,27.7,26.9,24.91,False,4095,0.0,7.0,9.5,EXT-OPEN-METEO-KHI,KARACHI,OPENSOURCE_API_GRID,77,,,,0.95,True,True,TIER2_OPENSOURCE_PURE;CONTINUOUS_MINUTE_STREAM;VERIFIED_MODEL_GRID,3c2be849c24f295ddbbcd0a2ef6fa50e21cf2f0383ceca9bbfb2dc10ee327657,2026-09-17T01:16:00+00:00,2026-09-17 06:16:00,88.9,1005.7,81
11.6,17.1,29.4,1060.2,307.8,47.9,6.0,2.4,0.6,453.9,440.1,18.0,10.3,27.6,26.9,24.91,False,4095,0.0,6.9,10.6,EXT-OPEN-METEO-KHI,KARACHI,OPENSOURCE_API_GRID,78,,,,0.95,True,True,TIER2_OPENSOURCE_PURE;CONTINUOUS_MINUTE_STREAM;VERIFIED_MODEL_GRID,03d21b2c7a54fc767fb7b87406030441864c73412aed3ce8d1eda71a34480a7b,2026-09-17T01:17:00+00:00,2026-09-17 06:17:00,88.9,1005.7,81
11.6,17.1,29.4,1060.2,307.8,47.9,6.0,2.4,0.6,454.0,446.5,18.1,10.3,27.6,26.9,24.91,False,4095,0.0,6.8,11.8,EXT-OPEN-METEO-KHI,KARACHI,OPENSOURCE_API_GRID,79,,,,0.95,True,True,TIER2_OPENSOURCE_PURE;CONTINUOUS_MINUTE_STREAM;VERIFIED_MODEL_GRID,ac68b0a4d86100f6681750b8d441cb2142312ef62d8434210e99961cc93c9fbc,2026-09-17T01:18:00+00:00,2026-09-17 06:18:00,88.9,1005.7,81
11.7,17.2,29.4,1066.4,309.6,48.2,6.0,2.4,0.6,454.1,453.1,18.1,10.4,27.5,26.9,24.91,False,4095,0.0,6.6,13.1,EXT-OPEN-METEO-KHI,KARACHI,OPENSOURCE_API_GRID,80,,,,0.95,True,True,TIER2_OPENSOURCE_PURE;CONTINUOUS_MINUTE_STREAM;VERIFIED_MODEL_GRID,ef78dd14692745a8cc3724d4e48405d19d7bbc367c27aa94e16fb67d9938ac79,2026-09-17T01:19:00+00:00,2026-09-17 06:19:00,88.9,1005.7,81
11.7,17.2,29.4,1066.4,309.6,48.2,6.0,2.4,0.6,454.2,460.0,18.2,10.4,27.5,26.9,24.91,False,4095,0.0,6.5,14.3,EXT-OPEN-METEO-KHI,KARACHI,OPENSOURCE_API_GRID,81,,,,0.95,True,True,TIER2_OPENSOURCE_PURE;CONTINUOUS_MINUTE_STREAM;VERIFIED_MODEL_GRID,33556debca80cb44743d7060dc022c0ba6c152bc71f07c3c9fa67ffe0ea4b0e9,2026-09-17T01:20:00+00:00,2026-09-17 06:20:00,88.9,1005.7,81
11.7,17.2,29.5,1066.4,309.6,48.2,6.0,2.4,0.6,454.4,467.1,18.2,10.4,27.5,26.9,24.91,False,4095,0.0,6.4,15.7,EXT-OPEN-METEO-KHI,KARACHI,OPENSOURCE_API_GRID,82,,,,0.95,True,True,TIER2_OPENSOURCE_PURE;CONTINUOUS_MINUTE_STREAM;VERIFIED_MODEL_GRID,c395af77e344e6f5a2ab721351e1f2a85de34c38e08032243dc63f1fa8a9fd91,2026-09-17T01:21:00+00:00,2026-09-17 06:21:00,88.9,1005.7,81
11.8,17.3,29.5,1072.6,311.4,48.4,6.1,2.4,0.6,454.5,474.4,18.3,10.5,27.4,26.9,24.91,False,4095,0.0,6.2,17.0,EXT-OPEN-METEO-KHI,KARACHI,OPENSOURCE_API_GRID,83,,,,0.95,True,True,TIER2_OPENSOURCE_PURE;CONTINUOUS_MINUTE_STREAM;VERIFIED_MODEL_GRID,47446e684773976022f944ae8203a80ee82565a800c4b1fb64d8b831a4077d66,2026-09-17T01:22:00+00:00,2026-09-17 06:22:00,88.9,1005.7,81
11.8,17.4,29.6,1078.8,313.2,48.7,6.1,2.4,0.6,454.6,481.8,18.3,10.5,27.4,26.9,24.91,False,4095,0.0,6.1,18.4,EXT-OPEN-METEO-KHI,KARACHI,OPENSOURCE_API_GRID,84,,,,0.95,True,True,TIER2_OPENSOURCE_PURE;CONTINUOUS_MINUTE_STREAM;VERIFIED_MODEL_GRID,890973b00bd6e4fba8ef65c7cd91da90b7f09c3d40bb1b2642b6e3109409671b,2026-09-17T01:23:00+00:00,2026-09-17 06:23:00,88.9,1005.7,81
11.8,17.4,29.7,1078.8,313.2,48.7,6.1,2.4,0.6,454.7,489.4,18.4,10.5,27.3,26.9,24.91,False,4095,0.0,5.9,19.8,EXT-OPEN-METEO-KHI,KARACHI,OPENSOURCE_API_GRID,85,,,,0.95,True,True,TIER2_OPENSOURCE_PURE;CONTINUOUS_MINUTE_STREAM;VERIFIED_MODEL_GRID,b3cde6834f5089880c8a7d62a71bf6d2e085115a1b07edbd96dd8aa8cee7a609,2026-09-17T01:24:00+00:00,2026-09-17 06:24:00,88.9,1005.7,81
11.9,17.5,29.8,1085.0,315.0,49.0,6.1,2.4,0.6,454.9,497.1,18.5,10.5,27.3,26.9,24.91,False,4095,0.0,5.8,21.3,EXT-OPEN-METEO-KHI,KARACHI,OPENSOURCE_API_GRID,86,,,,0.95,True,True,TIER2_OPENSOURCE_PURE;CONTINUOUS_MINUTE_STREAM;VERIFIED_MODEL_GRID,619b44d18c83abbaa17957043a97434e7c4b88cb9dfab649590b58f5366f280f,2026-09-17T01:25:00+00:00,2026-09-17 06:25:00,88.9,1005.8,81
12.0,17.6,29.9,1091.2,316.8,49.3,6.2,2.4,0.6,455.0,505.0,18.5,10.6,27.2,26.9,24.91,False,4095,0.0,5.6,22.7,EXT-OPEN-METEO-KHI,KARACHI,OPENSOURCE_API_GRID,87,,,,0.95,True,True,TIER2_OPENSOURCE_PURE;CONTINUOUS_MINUTE_STREAM;VERIFIED_MODEL_GRID,c9c452d855a698180de70ef84f42ffa3402a01d488f60c87569fe91f72d70265,2026-09-17T01:26:00+00:00,2026-09-17 06:26:00,88.9,1005.8,81
12.0,17.7,30.0,1097.4,318.6,49.6,6.2,2.4,0.6,455.1,512.9,18.6,10.6,27.2,26.9,24.91,False,4095,0.0,5.5,24.2,EXT-OPEN-METEO-KHI,KARACHI,OPENSOURCE_API_GRID,88,,,,0.95,True,True,TIER2_OPENSOURCE_PURE;CONTINUOUS_MINUTE_STREAM;VERIFIED_MODEL_GRID,04f2f1837718299b72121fc6b05a4a78bcede95ef6bdb4d0e31daa3b22218295,2026-09-17T01:27:00+00:00,2026-09-17 06:27:00,88.9,1005.8,81
12.1,17.8,30.2,1103.6,320.4,49.8,6.2,2.4,0.6,455.2,520.9,18.6,10.6,27.1,26.9,24.91,False,4095,0.0,5.3,25.7,EXT-OPEN-METEO-KHI,KARACHI,OPENSOURCE_API_GRID,89,,,,0.95,True,True,TIER2_OPENSOURCE_PURE;CONTINUOUS_MINUTE_STREAM;VERIFIED_MODEL_GRID,acaef4b6aa704802c8ec51e510c41f8f70d792b6d42eb78d1e3bd42124449fe2,2026-09-17T01:28:00+00:00,2026-09-17 06:28:00,88.9,1005.8,81
12.2,18.0,30.3,1116.0,324.0,50.4,6.3,2.4,0.6,455.4,528.9,18.7,10.7,27.1,27.0,25.03,False,4095,0.0,5.2,27.2,EXT-OPEN-METEO-KHI,KARACHI,OPENSOURCE_API_GRID,90,,,,0.95,True,True,TIER2_OPENSOURCE_PURE;CONTINUOUS_MINUTE_STREAM;VERIFIED_MODEL_GRID,d1bf3ff4a64ab3726d5979ef0e2895bcc7aacf5381f8366ecc83bf277202ecc3,2026-09-17T01:29:00+00:00,2026-09-17 06:29:00,89.0,1005.8,81
12.3,18.1,30.5,1122.2,325.8,50.7,6.3,2.4,0.6,455.5,537.0,18.8,10.7,27.0,27.0,25.03,False,4095,0.0,5.0,28.7,EXT-OPEN-METEO-KHI,KARACHI,OPENSOURCE_API_GRID,91,,,,0.95,True,True,TIER2_OPENSOURCE_PURE;CONTINUOUS_MINUTE_STREAM;VERIFIED_MODEL_GRID,a9023aa7577fccf329621efb83d19d2460e5d9908dbe36f1d59da3da8048859b,2026-09-17T01:30:00+00:00,2026-09-17 06:30:00,89.0,1005.8,81
12.4,18.2,30.6,1128.4,327.6,51.0,6.4,2.4,0.6,455.6,545.1,18.8,10.7,26.9,27.0,25.03,False,4095,0.0,4.8,30.2,EXT-OPEN-METEO-KHI,KARACHI,OPENSOURCE_API_GRID,92,,,,0.95,True,True,TIER2_OPENSOURCE_PURE;CONTINUOUS_MINUTE_STREAM;VERIFIED_MODEL_GRID,fb1b40200ed07dfd3053e4e3ca4643b74fdf3e1dd681036f666ff81adec148d4,2026-09-17T01:31:00+00:00,2026-09-17 06:31:00,89.0,1005.8,81
12.4,18.3,30.8,1134.6,329.4,51.2,6.4,2.5,0.6,455.8,553.1,18.9,10.8,26.9,27.0,25.03,False,4095,0.0,4.7,31.7,EXT-OPEN-METEO-KHI,KARACHI,OPENSOURCE_API_GRID,93,,,,0.95,True,True,TIER2_OPENSOURCE_PURE;CONTINUOUS_MINUTE_STREAM;VERIFIED_MODEL_GRID,a1f87722de13ab936a43a529df33093771d03c9e6471c1419bb9f8bc6ff9957c,2026-09-17T01:32:00+00:00,2026-09-17 06:32:00,89.0,1005.8,81
12.4,18.3,30.8,1134.6,329.4,51.2,6.4,2.5,0.6,455.9,561.1,18.9,10.8,26.8,27.0,25.07,False,4095,0.0,4.5,33.2,EXT-OPEN-METEO-KHI,KARACHI,OPENSOURCE_API_GRID,94,,,,0.95,True,True,TIER2_OPENSOURCE_PURE;CONTINUOUS_MINUTE_STREAM;VERIFIED_MODEL_GRID,60a853984fd5830b85bfb0151315e1d5ce7be4a7f2ce6aa24e3557bb13ff93eb,2026-09-17T01:33:00+00:00,2026-09-17 06:33:00,89.2,1005.8,81
12.6,18.5,30.9,1147.0,333.0,51.8,6.5,2.5,0.6,456.0,569.0,19.0,10.8,26.8,27.0,25.05,False,4095,0.0,4.4,34.7,EXT-OPEN-METEO-KHI,KARACHI,OPENSOURCE_API_GRID,95,,,,0.95,True,True,TIER2_OPENSOURCE_PURE;CONTINUOUS_MINUTE_STREAM;VERIFIED_MODEL_GRID,e0af0f270e6fdb8fd8ad47aa46bc37cd14ff86ac088ed041515e4f39191ba374,2026-09-17T01:34:00+00:00,2026-09-17 06:34:00,89.1,1005.8,81
12.6,18.6,31.1,1153.2,334.8,52.1,6.5,2.5,0.6,456.1,576.9,19.0,10.9,26.7,27.0,25.05,False,4095,0.0,4.2,36.1,EXT-OPEN-METEO-KHI,KARACHI,OPENSOURCE_API_GRID,96,,,,0.95,True,True,TIER2_OPENSOURCE_PURE;CONTINUOUS_MINUTE_STREAM;VERIFIED_MODEL_GRID,603af5987dfbc2e6766ac1715877d997a00f457dfb7ba15cb11bf317dfcae2e4,2026-09-17T01:35:00+00:00,2026-09-17 06:35:00,89.1,1005.9,81
12.7,18.7,31.2,1159.4,336.6,52.4,6.5,2.5,0.6,456.3,584.6,19.1,10.9,26.7,27.1,25.15,False,4095,0.0,4.1,37.6,EXT-OPEN-METEO-KHI,KARACHI,OPENSOURCE_API_GRID,97,,,,0.95,True,True,TIER2_OPENSOURCE_PURE;CONTINUOUS_MINUTE_STREAM;VERIFIED_MODEL_GRID,ada235b1be37bcef9ebd8fbd7b3d3022390d15f95772f61161ef8ff2991734b6,2026-09-17T01:36:00+00:00,2026-09-17 06:36:00,89.1,1005.9,81
12.8,18.8,31.3,1165.6,338.4,52.6,6.6,2.5,0.6,456.4,592.2,19.2,10.9,26.6,27.1,25.15,False,4095,0.0,3.9,39.0,EXT-OPEN-METEO-KHI,KARACHI,OPENSOURCE_API_GRID,98,,,,0.95,True,True,TIER2_OPENSOURCE_PURE;CONTINUOUS_MINUTE_STREAM;VERIFIED_MODEL_GRID,6d11f36b2bab6d2a302a49f1a81f5e2d69288d17faacc68a8df4ed5a40fc7f8d,2026-09-17T01:37:00+00:00,2026-09-17 06:37:00,89.1,1005.9,81
12.9,18.9,31.5,1171.8,340.2,52.9,6.6,2.5,0.6,456.5,599.6,19.2,10.9,26.6,27.1,25.15,False,4095,0.0,3.8,40.4,EXT-OPEN-METEO-KHI,KARACHI,OPENSOURCE_API_GRID,99,,,,0.95,True,True,TIER2_OPENSOURCE_PURE;CONTINUOUS_MINUTE_STREAM;VERIFIED_MODEL_GRID,49b2f886f299f523e04367d6bc99ec796d257a0b1b3b2fb7b7a6ead63facc6a0,2026-09-17T01:38:00+00:00,2026-09-17 06:38:00,89.1,1005.9,81
12.9,19.0,31.6,1178.0,342.0,53.2,6.6,2.5,0.6,456.6,606.9,19.3,11.0,26.5,27.1,25.15,False,4095,0.0,3.6,41.7,EXT-OPEN-METEO-KHI,KARACHI,OPENSOURCE_API_GRID,100,,,,0.95,True,True,TIER2_OPENSOURCE_PURE;CONTINUOUS_MINUTE_STREAM;VERIFIED_MODEL_GRID,16b0082359acf5a61d83b1b958035f972a50c705ceb939f75519ae19c098d0b8,2026-09-17T01:39:00+00:00,2026-09-17 06:39:00,89.1,1005.9,81
12.9,19.0,31.6,1178.0,342.0,53.2,6.6,2.5,0.6,456.8,614.0,19.3,11.0,26.5,27.1,25.15,False,4095,0.0,3.5,43.0,EXT-OPEN-METEO-KHI,KARACHI,OPENSOURCE_API_GRID,101,,,,0.95,True,True,TIER2_OPENSOURCE_PURE;CONTINUOUS_MINUTE_STREAM;VERIFIED_MODEL_GRID,4619879b8123bbd855ccd96f8b67d98064bbb1ad4567ab8726a03bbc6e382625,2026-09-17T01:40:00+00:00,2026-09-17 06:40:00,89.1,1005.9,81
13.0,19.1,31.7,1184.2,343.8,53.5,6.7,2.5,0.6,456.9,620.9,19.4,11.0,26.5,27.1,25.13,False,4095,0.0,3.4,44.3,EXT-OPEN-METEO-KHI,KARACHI,OPENSOURCE_API_GRID,102,,,,0.95,True,True,TIER2_OPENSOURCE_PURE;CONTINUOUS_MINUTE_STREAM;VERIFIED_MODEL_GRID,2874e90cc2db60857bedaffdaadbb3fd3469d46f198eca2ae76d2268a14d47a0,2026-09-17T01:41:00+00:00,2026-09-17 06:41:00,89.0,1005.9,81
13.1,19.2,31.8,1190.4,345.6,53.8,6.7,2.5,0.6,457.0,627.5,19.4,11.1,26.4,27.1,25.13,False,4095,0.0,3.2,45.6,EXT-OPEN-METEO-KHI,KARACHI,OPENSOURCE_API_GRID,103,,,,0.95,True,True,TIER2_OPENSOURCE_PURE;CONTINUOUS_MINUTE_STREAM;VERIFIED_MODEL_GRID,e3989717ed774d1742b65207b6ff6c0721cd98c0f0db2d631909964e407c47ea,2026-09-17T01:42:00+00:00,2026-09-17 06:42:00,89.0,1005.9,81
13.1,19.2,31.8,1190.4,345.6,53.8,6.7,2.5,0.6,457.1,633.9,19.5,11.1,26.4,27.1,25.13,False,4095,0.0,3.1,46.8,EXT-OPEN-METEO-KHI,KARACHI,OPENSOURCE_API_GRID,104,,,,0.95,True,True,TIER2_OPENSOURCE_PURE;CONTINUOUS_MINUTE_STREAM;VERIFIED_MODEL_GRID,ee029b3182d7b0d0a2a1a64eff09f1a82c5f971ded018aa000b9eb2a14823568,2026-09-17T01:43:00+00:00,2026-09-17 06:43:00,89.0,1005.9,81
13.1,19.2,31.8,1190.4,345.6,53.8,6.7,2.5,0.6,457.2,640.0,19.5,11.1,26.3,27.1,25.13,False,4095,0.0,3.0,47.9,EXT-OPEN-METEO-KHI,KARACHI,OPENSOURCE_API_GRID,105,,,,0.95,True,True,TIER2_OPENSOURCE_PURE;CONTINUOUS_MINUTE_STREAM;VERIFIED_MODEL_GRID,be6841470b3b25eeeb94bc934e0503c5af4c712a412b746bcc85dab4ab10c645,2026-09-17T01:44:00+00:00,2026-09-17 06:44:00,89.0,1006.0,81
13.1,19.3,31.8,1196.6,347.4,54.0,6.8,2.5,0.6,457.3,645.9,19.6,11.1,26.3,27.1,25.11,False,4095,0.0,2.9,49.0,EXT-OPEN-METEO-KHI,KARACHI,OPENSOURCE_API_GRID,106,,,,0.95,True,True,TIER2_OPENSOURCE_PURE;CONTINUOUS_MINUTE_STREAM;VERIFIED_MODEL_GRID,8bcd29749d204587a0f9a17d19c3d39ed0511011417e14c0797fb3e1cc00baba,2026-09-17T01:45:00+00:00,2026-09-17 06:45:00,88.9,1006.0,81
13.1,19.3,31.8,1196.6,347.4,54.0,6.8,2.5,0.6,457.4,651.4,19.6,11.1,26.3,27.1,25.11,False,4095,0.0,2.8,50.0,EXT-OPEN-METEO-KHI,KARACHI,OPENSOURCE_API_GRID,107,,,,0.95,True,True,TIER2_OPENSOURCE_PURE;CONTINUOUS_MINUTE_STREAM;VERIFIED_MODEL_GRID,f8a719be353be97c80707c3c9e534f5aa80a0fd15a24c3e8ad02aebb4ffa2e5a,2026-09-17T01:46:00+00:00,2026-09-17 06:46:00,88.9,1006.0,81
13.1,19.3,31.8,1196.6,347.4,54.0,6.8,2.5,0.6,457.4,656.7,19.6,11.2,26.2,27.1,25.11,False,4095,0.0,2.7,51.0,EXT-OPEN-METEO-KHI,KARACHI,OPENSOURCE_API_GRID,108,,,,0.95,True,True,TIER2_OPENSOURCE_PURE;CONTINUOUS_MINUTE_STREAM;VERIFIED_MODEL_GRID,6366c3bc1322d18ec8665c7fc0e106c30f46e890419810671ec881213b428da0,2026-09-17T01:47:00+00:00,2026-09-17 06:47:00,88.9,1006.0,81
13.1,19.3,31.8,1196.6,347.4,54.0,6.8,2.5,0.6,457.5,661.6,19.7,11.2,26.2,27.1,25.11,False,4095,0.0,2.6,51.9,EXT-OPEN-METEO-KHI,KARACHI,OPENSOURCE_API_GRID,109,,,,0.95,True,True,TIER2_OPENSOURCE_PURE;CONTINUOUS_MINUTE_STREAM;VERIFIED_MODEL_GRID,91319aaa213a8486b5b843cc98bc420fb257fe1098cc1c4cb1e64e4db10912d7,2026-09-17T01:48:00+00:00,2026-09-17 06:48:00,88.9,1006.0,81
13.1,19.3,31.8,1196.6,347.4,54.0,6.8,2.5,0.6,457.6,666.2,19.7,11.2,26.2,27.1,25.11,False,4095,0.0,2.5,52.8,EXT-OPEN-METEO-KHI,KARACHI,OPENSOURCE_API_GRID,110,,,,0.95,True,True,TIER2_OPENSOURCE_PURE;CONTINUOUS_MINUTE_STREAM;VERIFIED_MODEL_GRID,eac91a92896cb3a2081c7630466109d2ddaa6cdcb4930eb38a3ed849618f1b5f,2026-09-17T01:49:00+00:00,2026-09-17 06:49:00,88.9,1006.0,81
13.1,19.3,31.8,1196.6,347.4,54.0,6.8,2.5,0.6,457.7,670.4,19.7,11.2,26.1,27.1,25.11,False,4095,0.0,2.4,53.6,EXT-OPEN-METEO-KHI,KARACHI,OPENSOURCE_API_GRID,111,,,,0.95,True,True,TIER2_OPENSOURCE_PURE;CONTINUOUS_MINUTE_STREAM;VERIFIED_MODEL_GRID,80e105faf5a7dd51d15a658595e7a0f94da5c5b2cb867b20fc7035d1965b3d9a,2026-09-17T01:50:00+00:00,2026-09-17 06:50:00,88.9,1006.0,81
13.1,19.3,31.8,1196.6,347.4,54.0,6.8,2.5,0.6,457.7,674.2,19.8,11.2,26.1,27.1,25.11,False,4095,0.0,2.3,54.3,EXT-OPEN-METEO-KHI,KARACHI,OPENSOURCE_API_GRID,112,,,,0.95,True,True,TIER2_OPENSOURCE_PURE;CONTINUOUS_MINUTE_STREAM;VERIFIED_MODEL_GRID,2669b8e0c7b93e6f6b1413970d78b9ebd6ccbc4b84887b41ee9ac70d4af0db59,2026-09-17T01:51:00+00:00,2026-09-17 06:51:00,88.9,1006.0,81
13.1,19.3,31.8,1196.6,347.4,54.0,6.8,2.5,0.6,457.8,677.7,19.8,11.2,26.1,27.1,25.11,False,4095,0.0,2.3,54.9,EXT-OPEN-METEO-KHI,KARACHI,OPENSOURCE_API_GRID,113,,,,0.95,True,True,TIER2_OPENSOURCE_PURE;CONTINUOUS_MINUTE_STREAM;VERIFIED_MODEL_GRID,68c949af13ad2230f87df03a40d8fcadf473709b9eb3539a92dd74537c86b088,2026-09-17T01:52:00+00:00,2026-09-17 06:52:00,88.9,1006.0,81
13.1,19.3,31.8,1196.6,347.4,54.0,6.8,2.5,0.6,457.8,680.8,19.8,11.3,26.1,27.1,25.11,False,4095,0.0,2.2,55.5,EXT-OPEN-METEO-KHI,KARACHI,OPENSOURCE_API_GRID,114,,,,0.95,True,True,TIER2_OPENSOURCE_PURE;CONTINUOUS_MINUTE_STREAM;VERIFIED_MODEL_GRID,7a854e48aec59bb7e4d8170c9798825ede40ab8dcbbf544613a272504e46f6f3,2026-09-17T01:53:00+00:00,2026-09-17 06:53:00,88.9,1006.0,81
13.1,19.3,31.8,1196.6,347.4,54.0,6.8,2.5,0.6,457.9,683.5,19.8,11.3,26.0,27.1,25.11,False,4095,0.0,2.1,56.0,EXT-OPEN-METEO-KHI,KARACHI,OPENSOURCE_API_GRID,115,,,,0.95,True,True,TIER2_OPENSOURCE_PURE;CONTINUOUS_MINUTE_STREAM;VERIFIED_MODEL_GRID,ece3664e77ac4882582132c2183c00a13f1ba59941ac099a73e83363fb33043b,2026-09-17T01:54:00+00:00,2026-09-17 06:54:00,88.9,1006.0,81
13.2,19.4,31.8,1202.8,349.2,54.3,6.8,2.5,0.6,457.9,685.8,19.9,11.3,26.0,27.0,25.01,False,4095,0.0,2.1,56.4,EXT-OPEN-METEO-KHI,KARACHI,OPENSOURCE_API_GRID,116,,,,0.95,True,True,TIER2_OPENSOURCE_PURE;CONTINUOUS_MINUTE_STREAM;VERIFIED_MODEL_GRID,c9f09dec51c942085fe4ae7be93e45e81746c461a77755a79970e3565f61ca0f,2026-09-17T01:55:00+00:00,2026-09-17 06:55:00,88.9,1006.0,81
13.2,19.4,31.9,1202.8,349.2,54.3,6.8,2.6,0.6,457.9,687.6,19.9,11.3,26.0,27.0,25.01,False,4095,0.0,2.1,56.8,EXT-OPEN-METEO-KHI,KARACHI,OPENSOURCE_API_GRID,117,,,,0.95,True,True,TIER2_OPENSOURCE_PURE;CONTINUOUS_MINUTE_STREAM;VERIFIED_MODEL_GRID,894208d6376b92b78aef3ee3dba7df671c2584d06aafdda4d2f3baf2b4d6a568,2026-09-17T01:56:00+00:00,2026-09-17 06:56:00,88.9,1006.0,81
13.2,19.4,31.9,1202.8,349.2,54.3,6.8,2.6,0.6,458.0,689.1,19.9,11.3,26.0,27.0,25.01,False,4095,0.0,2.0,57.0,EXT-OPEN-METEO-KHI,KARACHI,OPENSOURCE_API_GRID,118,,,,0.95,True,True,TIER2_OPENSOURCE_PURE;CONTINUOUS_MINUTE_STREAM;VERIFIED_MODEL_GRID,12e95836ec11ce62586ef47aebf18140a85229732f71c260032599efd4bcc38d,2026-09-17T01:57:00+00:00,2026-09-17 06:57:00,88.9,1006.0,81
13.3,19.5,32.0,1209.0,351.0,54.6,6.8,2.6,0.6,458.0,690.2,19.9,11.3,26.0,27.1,25.11,False,4095,0.0,2.0,57.2,EXT-OPEN-METEO-KHI,KARACHI,OPENSOURCE_API_GRID,119,,,,0.95,True,True,TIER2_OPENSOURCE_PURE;CONTINUOUS_MINUTE_STREAM;VERIFIED_MODEL_GRID,c116b7aa4cc4ff7d63707f2ebbf2ac611970bea6c698a6060b8613e88339be38,2026-09-17T01:58:00+00:00,2026-09-17 06:58:00,88.9,1006.0,81
13.3,19.5,32.1,1209.0,351.0,54.6,6.8,2.6,0.6,458.0,690.8,19.9,11.3,26.0,27.1,25.11,False,4095,0.0,2.0,57.4,EXT-OPEN-METEO-KHI,KARACHI,OPENSOURCE_API_GRID,120,,,,0.95,True,True,TIER2_OPENSOURCE_PURE;CONTINUOUS_MINUTE_STREAM;VERIFIED_MODEL_GRID,d566caf29641286c463118d7593a23eaadfd65eda6a43d6a12f96491200327a0,2026-09-17T01:59:00+00:00,2026-09-17 06:59:00,88.9,1006.0,81
13.3,19.5,32.1,1209.0,351.0,54.6,6.8,2.6,0.6,458.0,691.0,19.9,11.3,26.0,27.1,25.13,False,4095,0.0,2.0,57.4,EXT-OPEN-METEO-KHI,KARACHI,OPENSOURCE_API_GRID,121,,,,0.95,True,False,TIER2_OPENSOURCE_PURE;HOURLY_NODE;VERIFIED_MODEL_GRID,935fd3add90add2706d8e6c5b3f6dac3342fa89e317362eb69cd0eac7fc5fed3,2026-09-17T02:00:00+00:00,2026-09-17 07:00:00,89.0,1006.0,81
13.3,19.6,32.2,1215.2,352.8,54.9,6.9,2.6,0.6,458.0,691.1,19.9,11.3,26.0,27.1,25.13,False,4095,0.0,2.0,57.5,EXT-OPEN-METEO-KHI,KARACHI,OPENSOURCE_API_GRID,122,,,,0.95,True,True,TIER2_OPENSOURCE_PURE;CONTINUOUS_MINUTE_STREAM;VERIFIED_MODEL_GRID,2aa4da3e789e642e23c16df0c36047fce678232d9204b9465131d7de4b1df98b,2026-09-17T02:01:00+00:00,2026-09-17 07:01:00,89.0,1006.0,81
13.3,19.6,32.3,1215.2,352.8,54.9,6.9,2.6,0.6,458.0,691.5,19.9,11.3,26.0,27.1,25.13,False,4095,0.0,2.0,57.9,EXT-OPEN-METEO-KHI,KARACHI,OPENSOURCE_API_GRID,123,,,,0.95,True,True,TIER2_OPENSOURCE_PURE;CONTINUOUS_MINUTE_STREAM;VERIFIED_MODEL_GRID,b8775966905d6231abdb247fa88f8821fc32d368d3c6f93960cfc97801445879,2026-09-17T02:02:00+00:00,2026-09-17 07:02:00,89.0,1006.0,81
13.4,19.7,32.4,1221.4,354.6,55.2,6.9,2.6,0.6,458.0,692.0,19.9,11.3,26.0,27.1,25.13,False,4095,0.0,2.0,58.4,EXT-OPEN-METEO-KHI,KARACHI,OPENSOURCE_API_GRID,124,,,,0.95,True,True,TIER2_OPENSOURCE_PURE;CONTINUOUS_MINUTE_STREAM;VERIFIED_MODEL_GRID,75f6134ca941c7cd98b16066fee553e4aa3199e0b711784ec64daf83ea3e0eec,2026-09-17T02:03:00+00:00,2026-09-17 07:03:00,89.0,1006.0,81
13.3,19.6,32.3,1215.2,352.8,54.9,6.9,2.6,0.6,458.0,692.8,19.9,11.3,26.1,27.1,25.13,False,4095,0.0,2.0,59.2,EXT-OPEN-METEO-KHI,KARACHI,OPENSOURCE_API_GRID,125,,,,0.95,True,True,TIER2_OPENSOURCE_PURE;CONTINUOUS_MINUTE_STREAM;VERIFIED_MODEL_GRID,d09ba3550175c8fc48cef16220f1d94bf59c813276f9fce743aa9cf7bfa92de1,2026-09-17T02:04:00+00:00,2026-09-17 07:04:00,89.0,1006.0,81
13.4,19.7,32.5,1221.4,354.6,55.2,6.9,2.6,0.7,458.0,693.9,19.9,11.3,26.1,27.1,25.13,False,4095,0.0,2.0,60.2,EXT-OPEN-METEO-KHI,KARACHI,OPENSOURCE_API_GRID,126,,,,0.95,True,True,TIER2_OPENSOURCE_PURE;CONTINUOUS_MINUTE_STREAM;VERIFIED_MODEL_GRID,41587ea91cc06ed2dc891266e87168c64f0c0a9ea9d681e796ab8c14fa62c0d9,2026-09-17T02:05:00+00:00,2026-09-17 07:05:00,89.0,1006.0,81
13.4,19.7,32.6,1221.4,354.6,55.2,6.9,2.6,0.7,458.0,695.1,19.9,11.3,26.2,27.2,25.21,False,4095,0.0,2.0,61.5,EXT-OPEN-METEO-KHI,KARACHI,OPENSOURCE_API_GRID,127,,,,0.95,True,True,TIER2_OPENSOURCE_PURE;CONTINUOUS_MINUTE_STREAM;VERIFIED_MODEL_GRID,d541e9ffcb3417e2d72ff8a6ed4ac0872d43480e640b064caa078e48c4452bd6,2026-09-17T02:06:00+00:00,2026-09-17 07:06:00,88.9,1006.0,81
13.5,19.8,32.8,1227.6,356.4,55.4,6.9,2.6,0.7,458.1,696.6,19.9,11.3,26.3,27.2,25.19,False,4095,0.0,2.0,62.9,EXT-OPEN-METEO-KHI,KARACHI,OPENSOURCE_API_GRID,128,,,,0.95,True,True,TIER2_OPENSOURCE_PURE;CONTINUOUS_MINUTE_STREAM;VERIFIED_MODEL_GRID,31fae32deae214d38e45f0c0b6c4020f48ae84d5df60510670324838de17c196,2026-09-17T02:07:00+00:00,2026-09-17 07:07:00,88.8,1006.0,81
13.5,19.8,33.0,1227.6,356.4,55.4,6.9,2.6,0.7,458.1,698.3,19.9,11.3,26.3,27.2,25.17,False,4095,0.0,2.0,64.6,EXT-OPEN-METEO-KHI,KARACHI,OPENSOURCE_API_GRID,129,,,,0.95,True,True,TIER2_OPENSOURCE_PURE;CONTINUOUS_MINUTE_STREAM;VERIFIED_MODEL_GRID,553000126e86cbb314ada2aa35465c4f990f2c92c26984a28f130e30aee58d44,2026-09-17T02:08:00+00:00,2026-09-17 07:08:00,88.7,1006.0,81
13.5,19.9,33.1,1233.8,358.2,55.7,7.0,2.6,0.7,458.1,700.2,19.9,11.4,26.4,27.2,25.15,False,4095,0.0,1.9,66.5,EXT-OPEN-METEO-KHI,KARACHI,OPENSOURCE_API_GRID,130,,,,0.95,True,True,TIER2_OPENSOURCE_PURE;CONTINUOUS_MINUTE_STREAM;VERIFIED_MODEL_GRID,2ccd807b29dcd0ea681527fa442a0ce9d5645ce2456a2fc41cdbb33538e2812d,2026-09-17T02:09:00+00:00,2026-09-17 07:09:00,88.6,1006.0,81
13.5,19.9,33.3,1233.8,358.2,55.7,7.0,2.7,0.7,458.1,702.3,19.9,11.4,26.5,27.2,25.11,False,4095,0.0,1.9,68.6,EXT-OPEN-METEO-KHI,KARACHI,OPENSOURCE_API_GRID,131,,,,0.95,True,True,TIER2_OPENSOURCE_PURE;CONTINUOUS_MINUTE_STREAM;VERIFIED_MODEL_GRID,acac17f6e222ad238195ac3fb8e832ffbe60ee95b568d21a21aebc6e406fef0f,2026-09-17T02:10:00+00:00,2026-09-17 07:10:00,88.4,1006.1,81
13.6,20.0,33.5,1240.0,360.0,56.0,7.0,2.7,0.7,458.2,704.6,19.9,11.4,26.6,27.3,25.19,False,4095,0.0,1.9,70.8,EXT-OPEN-METEO-KHI,KARACHI,OPENSOURCE_API_GRID,132,,,,0.95,True,True,TIER2_OPENSOURCE_PURE;CONTINUOUS_MINUTE_STREAM;VERIFIED_MODEL_GRID,c796f49cf259aca0f639e1373edf217afc94db96e6620411df9d993fc7c89c07,2026-09-17T02:11:00+00:00,2026-09-17 07:11:00,88.3,1006.1,81
13.6,20.0,33.7,1240.0,360.0,56.0,7.0,2.7,0.7,458.2,707.1,20.0,11.4,26.8,27.3,25.16,False,4095,0.0,1.9,73.3,EXT-OPEN-METEO-KHI,KARACHI,OPENSOURCE_API_GRID,133,,,,0.95,True,True,TIER2_OPENSOURCE_PURE;CONTINUOUS_MINUTE_STREAM;VERIFIED_MODEL_GRID,1821216e02f8fcfe2bdf52ebe1310c045514e3f58b4c2033b6718e10487803a7,2026-09-17T02:12:00+00:00,2026-09-17 07:12:00,88.1,1006.1,81
13.6,20.0,33.8,1240.0,360.0,56.0,7.0,2.7,0.7,458.2,709.8,20.0,11.4,26.9,27.3,25.12,False,4095,0.0,1.9,76.0,EXT-OPEN-METEO-KHI,KARACHI,OPENSOURCE_API_GRID,134,,,,0.95,True,True,TIER2_OPENSOURCE_PURE;CONTINUOUS_MINUTE_STREAM;VERIFIED_MODEL_GRID,2bb6e17ab1d54450f58f6f19d9ee44973e8a735bc35173b487e4aa8296dc0b7e,2026-09-17T02:13:00+00:00,2026-09-17 07:13:00,87.9,1006.1,81
13.6,20.0,34.0,1240.0,360.0,56.0,7.0,2.7,0.7,458.3,712.7,20.0,11.4,27.0,27.3,25.08,False,4095,0.0,1.9,78.8,EXT-OPEN-METEO-KHI,KARACHI,OPENSOURCE_API_GRID,135,,,,0.95,True,True,TIER2_OPENSOURCE_PURE;CONTINUOUS_MINUTE_STREAM;VERIFIED_MODEL_GRID,76f205607b81c719792d56c95d4b573904ece8521e98f1d2fb1f31ece2af219f,2026-09-17T02:14:00+00:00,2026-09-17 07:14:00,87.7,1006.1,81
13.6,20.0,34.2,1240.0,360.0,56.0,7.0,2.7,0.7,458.3,715.7,20.0,11.4,27.2,27.3,25.04,False,4095,0.0,1.9,81.8,EXT-OPEN-METEO-KHI,KARACHI,OPENSOURCE_API_GRID,136,,,,0.95,True,True,TIER2_OPENSOURCE_PURE;CONTINUOUS_MINUTE_STREAM;VERIFIED_MODEL_GRID,ec7ccba5aa64cdca13d56324b16d1e1e00aba3cc1169822adbbd3dbfe8f2b2b8,2026-09-17T02:15:00+00:00,2026-09-17 07:15:00,87.5,1006.1,81
13.6,20.0,34.4,1240.0,360.0,56.0,7.0,2.8,0.7,458.3,719.0,20.0,11.5,27.3,27.4,25.1,False,4095,0.0,1.8,85.0,EXT-OPEN-METEO-KHI,KARACHI,OPENSOURCE_API_GRID,137,,,,0.95,True,True,TIER2_OPENSOURCE_PURE;CONTINUOUS_MINUTE_STREAM;VERIFIED_MODEL_GRID,1272c70c2ae210c23d7c7746ea884d92ab79b31bdde39da67a3290086d1e45a0,2026-09-17T02:16:00+00:00,2026-09-17 07:16:00,87.3,1006.1,81
13.6,20.0,34.6,1240.0,360.0,56.0,7.0,2.8,0.7,458.4,722.3,20.0,11.5,27.5,27.4,25.06,False,4095,0.0,1.8,88.3,EXT-OPEN-METEO-KHI,KARACHI,OPENSOURCE_API_GRID,138,,,,0.95,True,True,TIER2_OPENSOURCE_PURE;CONTINUOUS_MINUTE_STREAM;VERIFIED_MODEL_GRID,cdf5e5a61189c64849a52bed42e9ec2eb532bfce1b46333660711725e2fc2170,2026-09-17T02:17:00+00:00,2026-09-17 07:17:00,87.1,1006.1,81
13.6,20.0,34.7,1240.0,360.0,56.0,7.0,2.8,0.7,458.4,725.8,20.0,11.5,27.6,27.4,25.0,False,4095,0.0,1.8,91.7,EXT-OPEN-METEO-KHI,KARACHI,OPENSOURCE_API_GRID,139,,,,0.95,True,True,TIER2_OPENSOURCE_PURE;CONTINUOUS_MINUTE_STREAM;VERIFIED_MODEL_GRID,534720f69a0f3fbbaebfaa4535859bbdfa81a819c272e892a29c60263287a4be,2026-09-17T02:18:00+00:00,2026-09-17 07:18:00,86.8,1006.1,81
13.6,20.0,34.9,1240.0,360.0,56.0,7.0,2.8,0.7,458.5,729.5,20.0,11.5,27.8,27.4,24.97,False,4095,0.0,1.8,95.3,EXT-OPEN-METEO-KHI,KARACHI,OPENSOURCE_API_GRID,140,,,,0.95,True,True,TIER2_OPENSOURCE_PURE;CONTINUOUS_MINUTE_STREAM;VERIFIED_MODEL_GRID,dfec2e13f63e7294ffea443997e63c15bd67c5adb28038d47e14db13ad0b0685,2026-09-17T02:19:00+00:00,2026-09-17 07:19:00,86.6,1006.2,81
13.6,20.0,35.2,1240.0,360.0,56.0,7.0,2.8,0.7,458.5,733.2,20.0,11.6,28.0,27.4,24.93,False,4095,0.0,1.8,99.0,EXT-OPEN-METEO-KHI,KARACHI,OPENSOURCE_API_GRID,141,,,,0.95,True,True,TIER2_OPENSOURCE_PURE;CONTINUOUS_MINUTE_STREAM;VERIFIED_MODEL_GRID,ebef56b35a12c53da818d03258010218e308349efe9b8a7d3d35f04d80c0f09f,2026-09-17T02:20:00+00:00,2026-09-17 07:20:00,86.4,1006.2,81
13.6,20.0,35.4,1240.0,360.0,56.0,7.0,2.8,0.7,458.5,737.1,20.1,11.6,28.2,27.5,24.97,False,4095,0.0,1.7,102.9,EXT-OPEN-METEO-KHI,KARACHI,OPENSOURCE_API_GRID,142,,,,0.95,True,True,TIER2_OPENSOURCE_PURE;CONTINUOUS_MINUTE_STREAM;VERIFIED_MODEL_GRID,7aebfbbfa0f13c54efe1d3961442ca171f6ff462aa7c681d88259313cb9cfa8f,2026-09-17T02:21:00+00:00,2026-09-17 07:21:00,86.1,1006.2,81
13.6,20.0,35.6,1240.0,360.0,56.0,7.0,2.8,0.7,458.6,741.1,20.1,11.6,28.4,27.5,24.93,False,4095,0.0,1.7,106.8,EXT-OPEN-METEO-KHI,KARACHI,OPENSOURCE_API_GRID,143,,,,0.95,True,True,TIER2_OPENSOURCE_PURE;CONTINUOUS_MINUTE_STREAM;VERIFIED_MODEL_GRID,517afb04ca20a0be84497c157476e161e874115ff42bcc3834922eeacfc4c512,2026-09-17T02:22:00+00:00,2026-09-17 07:22:00,85.9,1006.2,81
13.6,20.0,35.9,1240.0,360.0,56.0,7.0,2.9,0.7,458.6,745.2,20.1,11.6,28.6,27.5,24.87,False,4095,0.0,1.7,110.8,EXT-OPEN-METEO-KHI,KARACHI,OPENSOURCE_API_GRID,144,,,,0.95,True,True,TIER2_OPENSOURCE_PURE;CONTINUOUS_MINUTE_STREAM;VERIFIED_MODEL_GRID,ea027deb678691043c89a4b6e51e2bb0fc8a185cde8dd00d5d456f0a25c81a6c,2026-09-17T02:23:00+00:00,2026-09-17 07:23:00,85.6,1006.2,81
13.7,20.1,36.2,1246.2,361.8,56.3,7.0,2.9,0.7,458.7,749.4,20.1,11.6,28.8,27.5,24.83,False,4095,0.0,1.7,115.0,EXT-OPEN-METEO-KHI,KARACHI,OPENSOURCE_API_GRID,145,,,,0.95,True,True,TIER2_OPENSOURCE_PURE;CONTINUOUS_MINUTE_STREAM;VERIFIED_MODEL_GRID,46916ec5a3123f9aabd063242068c48b6cd61a736aab0b08c8054eb6db646f90,2026-09-17T02:24:00+00:00,2026-09-17 07:24:00,85.4,1006.2,81
13.7,20.1,36.5,1246.2,361.8,56.3,7.0,2.9,0.7,458.7,753.6,20.1,11.7,29.0,27.6,24.89,False,4095,0.0,1.6,119.1,EXT-OPEN-METEO-KHI,KARACHI,OPENSOURCE_API_GRID,146,,,,0.95,True,True,TIER2_OPENSOURCE_PURE;CONTINUOUS_MINUTE_STREAM;VERIFIED_MODEL_GRID,1b3a33a22f78bd735a54c7829c30cc06090504f8bb62e445a3f92ca6a2347631,2026-09-17T02:25:00+00:00,2026-09-17 07:25:00,85.2,1006.2,81
13.7,20.2,36.8,1252.4,363.6,56.6,7.1,2.9,0.7,458.8,757.9,20.1,11.7,29.2,27.6,24.83,False,4095,0.0,1.6,123.4,EXT-OPEN-METEO-KHI,KARACHI,OPENSOURCE_API_GRID,147,,,,0.95,True,True,TIER2_OPENSOURCE_PURE;CONTINUOUS_MINUTE_STREAM;VERIFIED_MODEL_GRID,06c4cf6005c718149271e26a9ddad9fb1d11de9ae9ad73243c515856bbfb141a,2026-09-17T02:26:00+00:00,2026-09-17 07:26:00,84.9,1006.2,81
13.7,20.2,37.1,1252.4,363.6,56.6,7.1,3.0,0.7,458.8,762.3,20.2,11.7,29.4,27.6,24.79,False,4095,0.0,1.6,127.7,EXT-OPEN-METEO-KHI,KARACHI,OPENSOURCE_API_GRID,148,,,,0.95,True,True,TIER2_OPENSOURCE_PURE;CONTINUOUS_MINUTE_STREAM;VERIFIED_MODEL_GRID,809cd73ed457a6874ceab5827d7c5f5d89598c3c98d05a472fb0baa4423fbb36,2026-09-17T02:27:00+00:00,2026-09-17 07:27:00,84.7,1006.3,81
13.8,20.3,37.5,1258.6,365.4,56.8,7.1,3.0,0.8,458.9,766.7,20.2,11.7,29.6,27.7,24.83,False,4095,0.0,1.6,132.0,EXT-OPEN-METEO-KHI,KARACHI,OPENSOURCE_API_GRID,149,,,,0.95,True,True,TIER2_OPENSOURCE_PURE;CONTINUOUS_MINUTE_STREAM;VERIFIED_MODEL_GRID,151467efbff8cd8ced284ff8a60692919f708d43516c8b202f2437029a89024f,2026-09-17T02:28:00+00:00,2026-09-17 07:28:00,84.4,1006.3,81
13.9,20.4,37.8,1264.8,367.2,57.1,7.1,3.0,0.8,458.9,771.1,20.2,11.8,29.8,27.7,24.79,False,4095,0.0,1.5,136.3,EXT-OPEN-METEO-KHI,KARACHI,OPENSOURCE_API_GRID,150,,,,0.95,True,True,TIER2_OPENSOURCE_PURE;CONTINUOUS_MINUTE_STREAM;VERIFIED_MODEL_GRID,d6a836a4e9319283d6c405d644f7ff4fc5ea194cc5cd648e11b4925a458456fc,2026-09-17T02:29:00+00:00,2026-09-17 07:29:00,84.2,1006.3,81
13.9,20.5,38.2,1271.0,369.0,57.4,7.2,3.1,0.8,459.0,775.5,20.2,11.8,30.0,27.8,24.83,False,4095,0.0,1.5,140.7,EXT-OPEN-METEO-KHI,KARACHI,OPENSOURCE_API_GRID,151,,,,0.95,True,True,TIER2_OPENSOURCE_PURE;CONTINUOUS_MINUTE_STREAM;VERIFIED_MODEL_GRID,0ec115d8e49be928485e5cb0acc896b8fc4d05793948a5d80d8fdb14d72cce52,2026-09-17T02:30:00+00:00,2026-09-17 07:30:00,83.9,1006.3,81
13.9,20.5,38.6,1271.0,369.0,57.4,7.2,3.1,0.8,459.1,779.9,20.2,11.8,30.2,27.8,24.79,False,4095,0.0,1.5,145.1,EXT-OPEN-METEO-KHI,KARACHI,OPENSOURCE_API_GRID,152,,,,0.95,True,True,TIER2_OPENSOURCE_PURE;CONTINUOUS_MINUTE_STREAM;VERIFIED_MODEL_GRID,20816070905cb610ab4b6c82226ee800a5d20cf526fe6a786aa77c08d29a55c4,2026-09-17T02:31:00+00:00,2026-09-17 07:31:00,83.7,1006.3,81
14.0,20.6,39.0,1277.2,370.8,57.7,7.2,3.1,0.8,459.1,784.3,20.2,11.9,30.4,27.8,24.75,False,4095,0.0,1.4,149.4,EXT-OPEN-METEO-KHI,KARACHI,OPENSOURCE_API_GRID,153,,,,0.95,True,True,TIER2_OPENSOURCE_PURE;CONTINUOUS_MINUTE_STREAM;VERIFIED_MODEL_GRID,cd81cf3550661d3e75fd149948212549b8131b3fcc5e0dff6808a60fa74ea785,2026-09-17T02:32:00+00:00,2026-09-17 07:32:00,83.5,1006.3,81
14.1,20.7,39.4,1283.4,372.6,58.0,7.2,3.2,0.8,459.2,788.7,20.2,11.9,30.6,27.9,24.78,False,4095,0.0,1.4,153.7,EXT-OPEN-METEO-KHI,KARACHI,OPENSOURCE_API_GRID,154,,,,0.95,True,True,TIER2_OPENSOURCE_PURE;CONTINUOUS_MINUTE_STREAM;VERIFIED_MODEL_GRID,796ddf047030549d424b6c0d58ad8a2d1d8f1d790319f0403b28677a4bd30024,2026-09-17T02:33:00+00:00,2026-09-17 07:33:00,83.2,1006.3,81
14.1,20.8,39.7,1289.6,374.4,58.2,7.3,3.2,0.8,459.2,793.1,20.3,11.9,30.8,27.9,24.74,False,4095,0.0,1.4,158.0,EXT-OPEN-METEO-KHI,KARACHI,OPENSOURCE_API_GRID,155,,,,0.95,True,True,TIER2_OPENSOURCE_PURE;CONTINUOUS_MINUTE_STREAM;VERIFIED_MODEL_GRID,ee8e987e4c7aec26c20c5d61b55213234a042e39de18a23d24e26fab5fbd1c00,2026-09-17T02:34:00+00:00,2026-09-17 07:34:00,83.0,1006.4,81
14.1,20.8,39.9,1289.6,374.4,58.2,7.3,3.2,0.8,459.3,797.4,20.3,11.9,31.0,28.0,24.82,False,4095,0.0,1.4,162.3,EXT-OPEN-METEO-KHI,KARACHI,OPENSOURCE_API_GRID,156,,,,0.95,True,True,TIER2_OPENSOURCE_PURE;CONTINUOUS_MINUTE_STREAM;VERIFIED_MODEL_GRID,ea45a43471f9fb4625c3cb31f62a606314b4446e0b65971a0be19064a5904b67,2026-09-17T02:35:00+00:00,2026-09-17 07:35:00,82.9,1006.4,81
14.2,20.9,40.3,1295.8,376.2,58.5,7.3,3.2,0.8,459.3,801.6,20.3,12.0,31.2,28.0,24.76,False,4095,0.0,1.3,166.4,EXT-OPEN-METEO-KHI,KARACHI,OPENSOURCE_API_GRID,157,,,,0.95,True,True,TIER2_OPENSOURCE_PURE;CONTINUOUS_MINUTE_STREAM;VERIFIED_MODEL_GRID,00e88903e0ccf475378662880407944eb3936243a2b9152d97a9212f0240015b,2026-09-17T02:36:00+00:00,2026-09-17 07:36:00,82.6,1006.4,81
14.3,21.0,40.7,1302.0,378.0,58.8,7.3,3.3,0.8,459.4,805.8,20.3,12.0,31.4,28.1,24.8,False,4095,0.0,1.3,170.6,EXT-OPEN-METEO-KHI,KARACHI,OPENSOURCE_API_GRID,158,,,,0.95,True,True,TIER2_OPENSOURCE_PURE;CONTINUOUS_MINUTE_STREAM;VERIFIED_MODEL_GRID,b8daabec0f2ade8ad0dcf236a77279b02721d3832ce84d55863d0b98cb6e8923,2026-09-17T02:37:00+00:00,2026-09-17 07:37:00,82.3,1006.4,81
14.3,21.1,41.0,1308.2,379.8,59.1,7.4,3.3,0.8,459.4,809.9,20.3,12.0,31.6,28.1,24.76,False,4095,0.0,1.3,174.6,EXT-OPEN-METEO-KHI,KARACHI,OPENSOURCE_API_GRID,159,,,,0.95,True,True,TIER2_OPENSOURCE_PURE;CONTINUOUS_MINUTE_STREAM;VERIFIED_MODEL_GRID,7d62f5b491cb8c15c2685d79444f3934c777d59e9952f8260e4b15d805da1cfb,2026-09-17T02:38:00+00:00,2026-09-17 07:38:00,82.1,1006.4,81
14.3,21.1,41.4,1308.2,379.8,59.1,7.4,3.3,0.8,459.5,813.9,20.3,12.0,31.8,28.2,24.79,False,4095,0.0,1.3,178.5,EXT-OPEN-METEO-KHI,KARACHI,OPENSOURCE_API_GRID,160,,,,0.95,True,True,TIER2_OPENSOURCE_PURE;CONTINUOUS_MINUTE_STREAM;VERIFIED_MODEL_GRID,299c6e9f4e054b6f44c9ff1bb0c0d1747730215f672dae6d779b4fcb9cd32f04,2026-09-17T02:39:00+00:00,2026-09-17 07:39:00,81.8,1006.4,81
14.4,21.2,41.7,1314.4,381.6,59.4,7.4,3.3,0.8,459.5,817.8,20.4,12.1,32.0,28.2,24.75,False,4095,0.0,1.2,182.3,EXT-OPEN-METEO-KHI,KARACHI,OPENSOURCE_API_GRID,161,,,,0.95,True,True,TIER2_OPENSOURCE_PURE;CONTINUOUS_MINUTE_STREAM;VERIFIED_MODEL_GRID,4e86c5ae30c0491999e0256ba54fa2eefc6d513d921e76cebb545369866be47c,2026-09-17T02:40:00+00:00,2026-09-17 07:40:00,81.6,1006.5,81
14.5,21.3,42.0,1320.6,383.4,59.6,7.5,3.4,0.8,459.5,821.5,20.4,12.1,32.2,28.2,24.71,False,4095,0.0,1.2,186.1,EXT-OPEN-METEO-KHI,KARACHI,OPENSOURCE_API_GRID,162,,,,0.95,True,True,TIER2_OPENSOURCE_PURE;CONTINUOUS_MINUTE_STREAM;VERIFIED_MODEL_GRID,331a506eb2bc30bf475c9d0e65ac71369ebc9885bfdaff0dac28d4c39f2b4273,2026-09-17T02:41:00+00:00,2026-09-17 07:41:00,81.4,1006.5,81
14.5,21.3,42.3,1320.6,383.4,59.6,7.5,3.4,0.8,459.6,825.2,20.4,12.1,32.4,28.3,24.75,False,4095,0.0,1.2,189.7,EXT-OPEN-METEO-KHI,KARACHI,OPENSOURCE_API_GRID,163,,,,0.95,True,True,TIER2_OPENSOURCE_PURE;CONTINUOUS_MINUTE_STREAM;VERIFIED_MODEL_GRID,b8b2376649821a52228e45766a1fb37492caf8f46a03cc8efa64f1d9505ff60c,2026-09-17T02:42:00+00:00,2026-09-17 07:42:00,81.1,1006.5,81
14.5,21.3,42.5,1320.6,383.4,59.6,7.5,3.4,0.8,459.6,828.7,20.4,12.1,32.5,28.3,24.71,False,4095,0.0,1.2,193.1,EXT-OPEN-METEO-KHI,KARACHI,OPENSOURCE_API_GRID,164,,,,0.95,True,True,TIER2_OPENSOURCE_PURE;CONTINUOUS_MINUTE_STREAM;VERIFIED_MODEL_GRID,3203378be9f5af41fdc7d0ef8482238f3be0f3a3854feb4a5219cf1b9604e4f8,2026-09-17T02:43:00+00:00,2026-09-17 07:43:00,80.9,1006.5,81
14.6,21.4,42.7,1326.8,385.2,59.9,7.5,3.4,0.9,459.7,832.0,20.4,12.1,32.7,28.3,24.66,False,4095,0.0,1.2,196.4,EXT-OPEN-METEO-KHI,KARACHI,OPENSOURCE_API_GRID,165,,,,0.95,True,True,TIER2_OPENSOURCE_PURE;CONTINUOUS_MINUTE_STREAM;VERIFIED_MODEL_GRID,f04acde19d202a7f502c3c6e268f9f7c6cb4c60184a80be05dedcc8fc5b7f07c,2026-09-17T02:44:00+00:00,2026-09-17 07:44:00,80.7,1006.5,81
14.6,21.4,42.9,1326.8,385.2,59.9,7.5,3.4,0.9,459.7,835.3,20.4,12.2,32.8,28.3,24.62,False,4095,0.0,1.1,199.6,EXT-OPEN-METEO-KHI,KARACHI,OPENSOURCE_API_GRID,166,,,,0.95,True,True,TIER2_OPENSOURCE_PURE;CONTINUOUS_MINUTE_STREAM;VERIFIED_MODEL_GRID,f5dbff3f8e74e04b5f992001954a0328eb33d1430649619ca2534174e7feaad2,2026-09-17T02:45:00+00:00,2026-09-17 07:45:00,80.5,1006.5,81
14.6,21.4,43.1,1326.8,385.2,59.9,7.5,3.4,0.9,459.7,838.3,20.4,12.2,33.0,28.4,24.66,False,4095,0.0,1.1,202.6,EXT-OPEN-METEO-KHI,KARACHI,OPENSOURCE_API_GRID,167,,,,0.95,True,True,TIER2_OPENSOURCE_PURE;CONTINUOUS_MINUTE_STREAM;VERIFIED_MODEL_GRID,45016572575010ccad79d3df451b5c094c0bfa38f7b76b16ff732dd5d54e2e46,2026-09-17T02:46:00+00:00,2026-09-17 07:46:00,80.2,1006.5,81
14.6,21.4,43.3,1326.8,385.2,59.9,7.5,3.5,0.9,459.8,841.2,20.4,12.2,33.1,28.4,24.64,False,4095,0.0,1.1,205.4,EXT-OPEN-METEO-KHI,KARACHI,OPENSOURCE_API_GRID,168,,,,0.95,True,True,TIER2_OPENSOURCE_PURE;CONTINUOUS_MINUTE_STREAM;VERIFIED_MODEL_GRID,db211965c0217305599e79bec09837ae40df580353ddc381db425103a322f8ee,2026-09-17T02:47:00+00:00,2026-09-17 07:47:00,80.1,1006.6,81
14.6,21.4,43.4,1326.8,385.2,59.9,7.5,3.5,0.9,459.8,843.9,20.4,12.2,33.2,28.4,24.59,False,4095,0.0,1.1,208.1,EXT-OPEN-METEO-KHI,KARACHI,OPENSOURCE_API_GRID,169,,,,0.95,True,True,TIER2_OPENSOURCE_PURE;CONTINUOUS_MINUTE_STREAM;VERIFIED_MODEL_GRID,dbeef332dd971a6d5b141e03ff716c92a631e61870e1dbf967bd4882a9109cb6,2026-09-17T02:48:00+00:00,2026-09-17 07:48:00,79.9,1006.6,81
14.6,21.4,43.5,1326.8,385.2,59.9,7.5,3.5,0.9,459.8,846.4,20.5,12.2,33.4,28.4,24.55,False,4095,0.0,1.1,210.6,EXT-OPEN-METEO-KHI,KARACHI,OPENSOURCE_API_GRID,170,,,,0.95,True,True,TIER2_OPENSOURCE_PURE;CONTINUOUS_MINUTE_STREAM;VERIFIED_MODEL_GRID,fe72c15bdd1c3dacd90d6f819af0727efd47f827366084d5ef200a34fab6a182,2026-09-17T02:49:00+00:00,2026-09-17 07:49:00,79.7,1006.6,81
14.5,21.3,43.6,1320.6,383.4,59.6,7.5,3.5,0.9,459.9,848.7,20.5,12.2,33.5,28.4,24.51,False,4095,0.0,1.1,212.8,EXT-OPEN-METEO-KHI,KARACHI,OPENSOURCE_API_GRID,171,,,,0.95,True,True,TIER2_OPENSOURCE_PURE;CONTINUOUS_MINUTE_STREAM;VERIFIED_MODEL_GRID,90177e0b1d48058a3e9f1b9fc22f94a9bafbcec6d6389f66cab0f3b6e0fcab40,2026-09-17T02:50:00+00:00,2026-09-17 07:50:00,79.5,1006.6,81
14.5,21.3,43.7,1320.6,383.4,59.6,7.5,3.5,0.9,459.9,850.8,20.5,12.2,33.6,28.4,24.49,False,4095,0.0,1.1,214.9,EXT-OPEN-METEO-KHI,KARACHI,OPENSOURCE_API_GRID,172,,,,0.95,True,True,TIER2_OPENSOURCE_PURE;CONTINUOUS_MINUTE_STREAM;VERIFIED_MODEL_GRID,b54ae289555c38b0f1116b934281d1c8ebd6428d413c1b8d3429516269b8c54c,2026-09-17T02:51:00+00:00,2026-09-17 07:51:00,79.4,1006.6,81
14.5,21.3,43.8,1320.6,383.4,59.6,7.5,3.5,0.9,459.9,852.7,20.5,12.3,33.7,28.4,24.47,False,4095,0.0,1.0,216.8,EXT-OPEN-METEO-KHI,KARACHI,OPENSOURCE_API_GRID,173,,,,0.95,True,True,TIER2_OPENSOURCE_PURE;CONTINUOUS_MINUTE_STREAM;VERIFIED_MODEL_GRID,4b50bdca477a0309b6a5ae84f1f34093031bb6df9748371e95198ae10f0949d0,2026-09-17T02:52:00+00:00,2026-09-17 07:52:00,79.3,1006.6,81
14.5,21.3,43.9,1320.6,383.4,59.6,7.5,3.5,0.9,459.9,854.4,20.5,12.3,33.7,28.4,24.45,False,4095,0.0,1.0,218.5,EXT-OPEN-METEO-KHI,KARACHI,OPENSOURCE_API_GRID,174,,,,0.95,True,True,TIER2_OPENSOURCE_PURE;CONTINUOUS_MINUTE_STREAM;VERIFIED_MODEL_GRID,c2099c564280556a6841b102a4b8de1ed955e19c65a2c14fd0845d05147228de,2026-09-17T02:53:00+00:00,2026-09-17 07:53:00,79.2,1006.6,81
14.5,21.3,43.9,1320.6,383.4,59.6,7.5,3.5,0.9,460.0,855.9,20.5,12.3,33.8,28.4,24.43,False,4095,0.0,1.0,219.9,EXT-OPEN-METEO-KHI,KARACHI,OPENSOURCE_API_GRID,175,,,,0.95,True,True,TIER2_OPENSOURCE_PURE;CONTINUOUS_MINUTE_STREAM;VERIFIED_MODEL_GRID,0ab8ce89bd005b31dd0e0aebb80a512b2cce8260d69df58637acdb925d1033d8,2026-09-17T02:54:00+00:00,2026-09-17 07:54:00,79.1,1006.6,81
14.5,21.3,44.0,1320.6,383.4,59.6,7.5,3.5,0.9,460.0,857.1,20.5,12.3,33.9,28.4,24.41,False,4095,0.0,1.0,221.2,EXT-OPEN-METEO-KHI,KARACHI,OPENSOURCE_API_GRID,176,,,,0.95,True,True,TIER2_OPENSOURCE_PURE;CONTINUOUS_MINUTE_STREAM;VERIFIED_MODEL_GRID,b15a33bfa838bd23f7c491323105a51db0b7c7225d303ee60b08da7085271c8d,2026-09-17T02:55:00+00:00,2026-09-17 07:55:00,79.0,1006.6,81
14.5,21.3,44.1,1320.6,383.4,59.6,7.5,3.5,0.9,460.0,858.2,20.5,12.3,33.9,28.4,24.41,False,4095,0.0,1.0,222.2,EXT-OPEN-METEO-KHI,KARACHI,OPENSOURCE_API_GRID,177,,,,0.95,True,True,TIER2_OPENSOURCE_PURE;CONTINUOUS_MINUTE_STREAM;VERIFIED_MODEL_GRID,52bfc0d74d770ff8712e88379b45c656782f6b86746c96295fabeb6c85ca5896,2026-09-17T02:56:00+00:00,2026-09-17 07:56:00,79.0,1006.6,81
14.5,21.3,44.1,1320.6,383.4,59.6,7.5,3.5,0.9,460.0,859.0,20.5,12.3,34.0,28.4,24.38,False,4095,0.0,1.0,223.0,EXT-OPEN-METEO-KHI,KARACHI,OPENSOURCE_API_GRID,178,,,,0.95,True,True,TIER2_OPENSOURCE_PURE;CONTINUOUS_MINUTE_STREAM;VERIFIED_MODEL_GRID,7a2b3d400fe80990a0ce48f3978dc641eb4c08271981ec561abaea043eb07ca2,2026-09-17T02:57:00+00:00,2026-09-17 07:57:00,78.9,1006.6,81
14.5,21.3,44.2,1320.6,383.4,59.6,7.5,3.5,0.9,460.0,859.5,20.5,12.3,34.0,28.4,24.38,False,4095,0.0,1.0,223.5,EXT-OPEN-METEO-KHI,KARACHI,OPENSOURCE_API_GRID,179,,,,0.95,True,True,TIER2_OPENSOURCE_PURE;CONTINUOUS_MINUTE_STREAM;VERIFIED_MODEL_GRID,8dbafb2ffc4228949c6316a51eb362aedc9556d76e549e02c36a382e1b98a93a,2026-09-17T02:58:00+00:00,2026-09-17 07:58:00,78.9,1006.6,81
14.5,21.3,44.2,1320.6,383.4,59.6,7.5,3.5,0.9,460.0,859.9,20.5,12.3,34.0,28.4,24.38,False,4095,0.0,1.0,223.9,EXT-OPEN-METEO-KHI,KARACHI,OPENSOURCE_API_GRID,180,,,,0.95,True,True,TIER2_OPENSOURCE_PURE;CONTINUOUS_MINUTE_STREAM;VERIFIED_MODEL_GRID,2dece0efa647f74a3d589b0417f44f9426fabae7a3bfc2634ff320e4d8fa0b23,2026-09-17T02:59:00+00:00,2026-09-17 07:59:00,78.9,1006.6,81
14.6,21.4,44.3,1326.8,385.2,59.9,7.5,3.5,0.9,460.0,860.0,20.5,12.3,34.0,28.5,24.48,False,4095,0.0,1.0,224.0,EXT-OPEN-METEO-KHI,KARACHI,OPENSOURCE_API_GRID,181,,,,0.95,True,False,TIER2_OPENSOURCE_PURE;HOURLY_NODE;VERIFIED_MODEL_GRID,9909df1b3e408b6aae73966f153715e4677a37eacd381d7f37a25e78d9c05a0c,2026-09-17T03:00:00+00:00,2026-09-17 08:00:00,78.9,1006.6,80
14.6,21.4,44.4,1326.8,385.2,59.9,7.5,3.6,0.9,460.0,859.9,20.5,12.3,34.0,28.5,24.48,False,4095,0.0,1.0,224.1,EXT-OPEN-METEO-KHI,KARACHI,OPENSOURCE_API_GRID,182,,,,0.95,True,True,TIER2_OPENSOURCE_PURE;CONTINUOUS_MINUTE_STREAM;VERIFIED_MODEL_GRID,83dda7ecb62710fd74036870f58afbcf1eb3e14b4058ca856755d121ce760998,2026-09-17T03:01:00+00:00,2026-09-17 08:01:00,78.9,1006.6,80
14.6,21.5,44.4,1333.0,387.0,60.2,7.5,3.6,0.9,460.0,859.7,20.5,12.3,34.1,28.5,24.48,False,4095,0.0,1.0,224.6,EXT-OPEN-METEO-KHI,KARACHI,OPENSOURCE_API_GRID,183,,,,0.95,True,True,TIER2_OPENSOURCE_PURE;CONTINUOUS_MINUTE_STREAM;VERIFIED_MODEL_GRID,436d12c5555c7691b956e89c622df44f5544cd20c3d5d0b2dcbf23551f67bf30,2026-09-17T03:02:00+00:00,2026-09-17 08:02:00,78.9,1006.6,80
14.6,21.5,44.5,1333.0,387.0,60.2,7.5,3.6,0.9,460.0,859.4,20.5,12.3,34.2,28.5,24.48,False,4095,0.0,1.0,225.3,EXT-OPEN-METEO-KHI,KARACHI,OPENSOURCE_API_GRID,184,,,,0.95,True,True,TIER2_OPENSOURCE_PURE;CONTINUOUS_MINUTE_STREAM;VERIFIED_MODEL_GRID,87eb7a6f3846a5b5830e9b0d495f865ca46ad1c0729b6341ab160a249bcd1c98,2026-09-17T03:03:00+00:00,2026-09-17 08:03:00,78.9,1006.6,80
14.7,21.6,44.7,1339.2,388.8,60.5,7.6,3.6,0.9,460.0,858.9,20.5,12.3,34.3,28.5,24.48,False,4095,0.0,1.0,226.3,EXT-OPEN-METEO-KHI,KARACHI,OPENSOURCE_API_GRID,185,,,,0.95,True,True,TIER2_OPENSOURCE_PURE;CONTINUOUS_MINUTE_STREAM;VERIFIED_MODEL_GRID,d1cbf5be8ce3198592091e56f62ee30d25de3259e32a64c6871ab380bd167edb,2026-09-17T03:04:00+00:00,2026-09-17 08:04:00,78.9,1006.6,80
14.7,21.6,44.8,1339.2,388.8,60.5,7.6,3.6,0.9,459.9,858.2,20.5,12.3,34.5,28.5,24.46,False,4095,0.0,1.1,227.6,EXT-OPEN-METEO-KHI,KARACHI,OPENSOURCE_API_GRID,186,,,,0.95,True,True,TIER2_OPENSOURCE_PURE;CONTINUOUS_MINUTE_STREAM;VERIFIED_MODEL_GRID,f2fa60587023d02851a78529741bbd60c2483fa19a4dcd5d57f6f5f8e6642769,2026-09-17T03:05:00+00:00,2026-09-17 08:05:00,78.8,1006.6,80
14.7,21.6,44.8,1339.2,388.8,60.5,7.6,3.6,0.9,459.9,857.4,20.4,12.3,34.7,28.5,24.48,False,4095,0.0,1.1,229.2,EXT-OPEN-METEO-KHI,KARACHI,OPENSOURCE_API_GRID,187,,,,0.95,True,True,TIER2_OPENSOURCE_PURE;CONTINUOUS_MINUTE_STREAM;VERIFIED_MODEL_GRID,f756eb0ff6b5ae23d1aefa647fa87e1c25afab0e1f018b2b0f2723918a8189b3,2026-09-17T03:06:00+00:00,2026-09-17 08:06:00,78.9,1006.6,80
14.8,21.7,44.9,1345.4,390.6,60.8,7.6,3.6,0.9,459.9,856.5,20.4,12.3,35.0,28.6,24.54,False,4095,0.0,1.1,231.0,EXT-OPEN-METEO-KHI,KARACHI,OPENSOURCE_API_GRID,188,,,,0.95,True,True,TIER2_OPENSOURCE_PURE;CONTINUOUS_MINUTE_STREAM;VERIFIED_MODEL_GRID,5613d579a86bf1d7e9634792d6cafe6463255b9df160025ab8e0f6293b2a2ae3,2026-09-17T03:07:00+00:00,2026-09-17 08:07:00,78.7,1006.6,80
14.8,21.8,45.1,1351.6,392.4,61.0,7.6,3.6,0.9,459.9,855.5,20.4,12.3,35.3,28.6,24.51,False,4095,0.0,1.2,233.1,EXT-OPEN-METEO-KHI,KARACHI,OPENSOURCE_API_GRID,189,,,,0.95,True,True,TIER2_OPENSOURCE_PURE;CONTINUOUS_MINUTE_STREAM;VERIFIED_MODEL_GRID,57baa910243fed11c5e70cab992415d86eb5b02310dc894c9789b0b845ddf846,2026-09-17T03:08:00+00:00,2026-09-17 08:08:00,78.6,1006.6,80
14.9,21.9,45.3,1357.8,394.2,61.3,7.7,3.6,0.9,459.8,854.3,20.3,12.3,35.6,28.6,24.49,False,4095,0.0,1.2,235.5,EXT-OPEN-METEO-KHI,KARACHI,OPENSOURCE_API_GRID,190,,,,0.95,True,True,TIER2_OPENSOURCE_PURE;CONTINUOUS_MINUTE_STREAM;VERIFIED_MODEL_GRID,eb64b9f21ec0426afe06411d4152a77a6ea8423456edc5f2ec7682fd384657d5,2026-09-17T03:09:00+00:00,2026-09-17 08:09:00,78.5,1006.6,80
15.0,22.0,45.4,1364.0,396.0,61.6,7.7,3.6,0.9,459.8,853.0,20.3,12.4,35.9,28.6,24.45,False,4095,0.0,1.3,238.2,EXT-OPEN-METEO-KHI,KARACHI,OPENSOURCE_API_GRID,191,,,,0.95,True,True,TIER2_OPENSOURCE_PURE;CONTINUOUS_MINUTE_STREAM;VERIFIED_MODEL_GRID,6525cf109e58474be44ee06333b59e91b0e4ba10a75d790db42d0ada13c3c0c8,2026-09-17T03:10:00+00:00,2026-09-17 08:10:00,78.3,1006.6,80
15.0,22.0,45.6,1364.0,396.0,61.6,7.7,3.6,0.9,459.8,851.5,20.3,12.4,36.3,28.7,24.5,False,4095,0.0,1.3,241.1,EXT-OPEN-METEO-KHI,KARACHI,OPENSOURCE_API_GRID,192,,,,0.95,True,True,TIER2_OPENSOURCE_PURE;CONTINUOUS_MINUTE_STREAM;VERIFIED_MODEL_GRID,4b5f1d58324cd6f3b34ccdf669e246683e91ed0252b26bc8b0fb6988ea2fc258,2026-09-17T03:11:00+00:00,2026-09-17 08:11:00,78.1,1006.7,80
15.0,22.1,45.8,1370.2,397.8,61.9,7.7,3.7,0.9,459.7,850.0,20.2,12.4,36.8,28.7,24.46,False,4095,0.0,1.4,244.2,EXT-OPEN-METEO-KHI,KARACHI,OPENSOURCE_API_GRID,193,,,,0.95,True,True,TIER2_OPENSOURCE_PURE;CONTINUOUS_MINUTE_STREAM;VERIFIED_MODEL_GRID,a051da82af74d61154eb32a19f45de231e03fd7d48471b620c30fcced060b898,2026-09-17T03:12:00+00:00,2026-09-17 08:12:00,77.9,1006.7,80
15.1,22.2,46.0,1376.4,399.6,62.2,7.8,3.7,0.9,459.7,848.3,20.2,12.4,37.2,28.7,24.42,False,4095,0.0,1.4,247.6,EXT-OPEN-METEO-KHI,KARACHI,OPENSOURCE_API_GRID,194,,,,0.95,True,True,TIER2_OPENSOURCE_PURE;CONTINUOUS_MINUTE_STREAM;VERIFIED_MODEL_GRID,b991e2cf67bb652a26abcdd62c9eb476a25d9581a2370df93caa0585737f389f,2026-09-17T03:13:00+00:00,2026-09-17 08:13:00,77.7,1006.7,80
15.2,22.3,46.2,1382.6,401.4,62.4,7.8,3.7,0.9,459.6,846.5,20.1,12.4,37.7,28.7,24.38,False,4095,0.0,1.5,251.1,EXT-OPEN-METEO-KHI,KARACHI,OPENSOURCE_API_GRID,195,,,,0.95,True,True,TIER2_OPENSOURCE_PURE;CONTINUOUS_MINUTE_STREAM;VERIFIED_MODEL_GRID,8fb70e54af2e577339c0a8adb2b7a86729776548ac3ce767701fc3e8c667a42d,2026-09-17T03:14:00+00:00,2026-09-17 08:14:00,77.5,1006.7,80
15.2,22.3,46.3,1382.6,401.4,62.4,7.8,3.7,0.9,459.6,844.6,20.1,12.4,38.2,28.8,24.43,False,4095,0.0,1.6,255.0,EXT-OPEN-METEO-KHI,KARACHI,OPENSOURCE_API_GRID,196,,,,0.95,True,True,TIER2_OPENSOURCE_PURE;CONTINUOUS_MINUTE_STREAM;VERIFIED_MODEL_GRID,5d650d11c090de3ded0d63108eb4af09ba42862dfc31282a19b14f40d9bc090d,2026-09-17T03:15:00+00:00,2026-09-17 08:15:00,77.3,1006.7,80
15.2,22.4,46.5,1388.8,403.2,62.7,7.8,3.7,0.9,459.5,842.6,20.0,12.4,38.8,28.8,24.36,False,4095,0.0,1.7,259.0,EXT-OPEN-METEO-KHI,KARACHI,OPENSOURCE_API_GRID,197,,,,0.95,True,True,TIER2_OPENSOURCE_PURE;CONTINUOUS_MINUTE_STREAM;VERIFIED_MODEL_GRID,2cfbcf9d444ec6da67803a6efca672bdcb8582d099af08f96cca61e4a7ca0af5,2026-09-17T03:16:00+00:00,2026-09-17 08:16:00,77.0,1006.7,80
15.2,22.4,46.7,1388.8,403.2,62.7,7.8,3.7,0.9,459.4,840.5,20.0,12.4,39.4,28.8,24.3,False,4095,0.0,1.7,263.2,EXT-OPEN-METEO-KHI,KARACHI,OPENSOURCE_API_GRID,198,,,,0.95,True,True,TIER2_OPENSOURCE_PURE;CONTINUOUS_MINUTE_STREAM;VERIFIED_MODEL_GRID,8f3e63a9a3296b9379ba3bb6c7a469799e260592805ae8907dab2759326ff1a8,2026-09-17T03:17:00+00:00,2026-09-17 08:17:00,76.7,1006.7,80
15.3,22.5,46.8,1395.0,405.0,63.0,7.9,3.7,0.9,459.4,838.4,19.9,12.5,40.0,28.8,24.26,False,4095,0.0,1.8,267.6,EXT-OPEN-METEO-KHI,KARACHI,OPENSOURCE_API_GRID,199,,,,0.95,True,True,TIER2_OPENSOURCE_PURE;CONTINUOUS_MINUTE_STREAM;VERIFIED_MODEL_GRID,255373c9c96b5d9c780f6f0dcef750f688f6f6cab00a0024dbae58b00ee025e8,2026-09-17T03:18:00+00:00,2026-09-17 08:18:00,76.5,1006.7,80
15.4,22.6,47.0,1401.2,406.8,63.3,7.9,3.8,0.9,459.3,836.1,19.8,12.5,40.6,28.9,24.29,False,4095,0.0,1.9,272.1,EXT-OPEN-METEO-KHI,KARACHI,OPENSOURCE_API_GRID,200,,,,0.95,True,True,TIER2_OPENSOURCE_PURE;CONTINUOUS_MINUTE_STREAM;VERIFIED_MODEL_GRID,ec0a91030689c8b2635465040827bf3ed4888e293b55ec6f85e66a2931846297,2026-09-17T03:19:00+00:00,2026-09-17 08:19:00,76.2,1006.7,80
15.4,22.6,47.2,1401.2,406.8,63.3,7.9,3.8,0.9,459.2,833.8,19.8,12.5,41.2,28.9,24.22,False,4095,0.0,2.0,276.8,EXT-OPEN-METEO-KHI,KARACHI,OPENSOURCE_API_GRID,201,,,,0.95,True,True,TIER2_OPENSOURCE_PURE;CONTINUOUS_MINUTE_STREAM;VERIFIED_MODEL_GRID,bb04b85c07ec4dc309763d1767ffca4e4d8348fa8a2952af1a2b001270201ac5,2026-09-17T03:20:00+00:00,2026-09-17 08:20:00,75.9,1006.7,80
15.4,22.7,47.3,1407.4,408.6,63.6,7.9,3.8,0.9,459.2,831.3,19.7,12.5,41.9,28.9,24.16,False,4095,0.0,2.1,281.7,EXT-OPEN-METEO-KHI,KARACHI,OPENSOURCE_API_GRID,202,,,,0.95,True,True,TIER2_OPENSOURCE_PURE;CONTINUOUS_MINUTE_STREAM;VERIFIED_MODEL_GRID,3427930a0eec15bd3abb3ef7cdb23ecdf30d0673a4cb229b8f3f286e29828eeb,2026-09-17T03:21:00+00:00,2026-09-17 08:21:00,75.6,1006.8,80
15.4,22.7,47.5,1407.4,408.6,63.6,7.9,3.8,1.0,459.1,828.9,19.6,12.5,42.6,28.9,24.09,False,4095,0.0,2.2,286.7,EXT-OPEN-METEO-KHI,KARACHI,OPENSOURCE_API_GRID,203,,,,0.95,True,True,TIER2_OPENSOURCE_PURE;CONTINUOUS_MINUTE_STREAM;VERIFIED_MODEL_GRID,c465812c62dc899ae8f9b3d8c975c7fe8aca3d90cab53fa440ce422e3d90697f,2026-09-17T03:22:00+00:00,2026-09-17 08:22:00,75.3,1006.8,80
15.5,22.8,47.7,1413.6,410.4,63.8,8.0,3.8,1.0,459.0,826.3,19.6,12.6,43.3,29.0,24.12,False,4095,0.0,2.3,291.8,EXT-OPEN-METEO-KHI,KARACHI,OPENSOURCE_API_GRID,204,,,,0.95,True,True,TIER2_OPENSOURCE_PURE;CONTINUOUS_MINUTE_STREAM;VERIFIED_MODEL_GRID,ad1a9d580623d588ff6586404710c8602c0a64d297c58522e78077440a24d042,2026-09-17T03:23:00+00:00,2026-09-17 08:23:00,75.0,1006.8,80
15.6,22.9,47.9,1419.8,412.2,64.1,8.0,3.8,1.0,459.0,823.7,19.5,12.6,44.0,29.0,24.05,False,4095,0.0,2.4,297.0,EXT-OPEN-METEO-KHI,KARACHI,OPENSOURCE_API_GRID,205,,,,0.95,True,True,TIER2_OPENSOURCE_PURE;CONTINUOUS_MINUTE_STREAM;VERIFIED_MODEL_GRID,56c2fc023c1f7e4c4fdb23ac56551e817f0a5e3312a0b16cf828c97257b52ec5,2026-09-17T03:24:00+00:00,2026-09-17 08:24:00,74.7,1006.8,80
15.6,23.0,48.2,1426.0,414.0,64.4,8.0,3.9,1.0,458.9,821.1,19.4,12.6,44.7,29.0,23.99,False,4095,0.0,2.5,302.3,EXT-OPEN-METEO-KHI,KARACHI,OPENSOURCE_API_GRID,206,,,,0.95,True,True,TIER2_OPENSOURCE_PURE;CONTINUOUS_MINUTE_STREAM;VERIFIED_MODEL_GRID,8523fdcc8aeea3a1bb4543d1d2837c9a731ecc3d101e29f03b2eab9aa6edec67,2026-09-17T03:25:00+00:00,2026-09-17 08:25:00,74.4,1006.8,80
15.6,23.0,48.4,1426.0,414.0,64.4,8.0,3.9,1.0,458.8,818.4,19.4,12.6,45.5,29.1,24.01,False,4095,0.0,2.6,307.7,EXT-OPEN-METEO-KHI,KARACHI,OPENSOURCE_API_GRID,207,,,,0.95,True,True,TIER2_OPENSOURCE_PURE;CONTINUOUS_MINUTE_STREAM;VERIFIED_MODEL_GRID,271062b16197a353bfdaa042690e0fbb7528fa9c674d8d5c89a582d7bc70ae66,2026-09-17T03:26:00+00:00,2026-09-17 08:26:00,74.1,1006.8,80
15.8,23.2,48.7,1438.4,417.6,65.0,8.1,3.9,1.0,458.7,815.7,19.3,12.6,46.2,29.1,23.95,False,4095,0.0,2.7,313.2,EXT-OPEN-METEO-KHI,KARACHI,OPENSOURCE_API_GRID,208,,,,0.95,True,True,TIER2_OPENSOURCE_PURE;CONTINUOUS_MINUTE_STREAM;VERIFIED_MODEL_GRID,59c8430e81775da185e00f3c9f1c49cd512b49bb775e24de9b4ba25637ed3688,2026-09-17T03:27:00+00:00,2026-09-17 08:27:00,73.8,1006.8,80
15.8,23.3,49.0,1444.6,419.4,65.2,8.2,3.9,1.0,458.7,813.0,19.2,12.7,47.0,29.1,23.88,False,4095,0.0,2.8,318.7,EXT-OPEN-METEO-KHI,KARACHI,OPENSOURCE_API_GRID,209,,,,0.95,True,True,TIER2_OPENSOURCE_PURE;CONTINUOUS_MINUTE_STREAM;VERIFIED_MODEL_GRID,4f8f8076d7c43c878e9101c98e06a0f9949f36e3417d4164bb55d9503af1be1c,2026-09-17T03:28:00+00:00,2026-09-17 08:28:00,73.5,1006.8,80
15.9,23.4,49.2,1450.8,421.2,65.5,8.2,3.9,1.0,458.6,810.2,19.1,12.7,47.7,29.2,23.91,False,4095,0.0,2.9,324.2,EXT-OPEN-METEO-KHI,KARACHI,OPENSOURCE_API_GRID,210,,,,0.95,True,True,TIER2_OPENSOURCE_PURE;CONTINUOUS_MINUTE_STREAM;VERIFIED_MODEL_GRID,ab76391f7b7026702a3159766ffe234ccba0f0f17f63dda8223b3abf40119530,2026-09-17T03:29:00+00:00,2026-09-17 08:29:00,73.2,1006.8,80
16.0,23.5,49.6,1457.0,423.0,65.8,8.2,4.0,1.0,458.5,807.5,19.0,12.7,48.5,29.2,23.84,False,4095,0.0,3.0,329.7,EXT-OPEN-METEO-KHI,KARACHI,OPENSOURCE_API_GRID,211,,,,0.95,True,True,TIER2_OPENSOURCE_PURE;CONTINUOUS_MINUTE_STREAM;VERIFIED_MODEL_GRID,b9b1593ce73e059e23cd73e66c851bc07e112baabcf31073914bbc9aada07699,2026-09-17T03:30:00+00:00,2026-09-17 08:30:00,72.9,1006.9,80
16.1,23.7,49.9,1469.4,426.6,66.4,8.3,4.0,1.0,458.4,804.8,19.0,12.7,49.3,29.2,23.77,False,4095,0.0,3.1,335.2,EXT-OPEN-METEO-KHI,KARACHI,OPENSOURCE_API_GRID,212,,,,0.95,True,True,TIER2_OPENSOURCE_PURE;CONTINUOUS_MINUTE_STREAM;VERIFIED_MODEL_GRID,27dc04ef76b9fdfd13bec335891132820be29e01061290c979c8ee439ca02df3,2026-09-17T03:31:00+00:00,2026-09-17 08:31:00,72.6,1006.9,80
16.2,23.8,50.2,1475.6,428.4,66.6,8.3,4.0,1.0,458.3,802.0,18.9,12.7,50.0,29.3,23.8,False,4095,0.0,3.2,340.7,EXT-OPEN-METEO-KHI,KARACHI,OPENSOURCE_API_GRID,213,,,,0.95,True,True,TIER2_OPENSOURCE_PURE;CONTINUOUS_MINUTE_STREAM;VERIFIED_MODEL_GRID,ec9ea9a8bee026a181187e164930ca6931b69b5d122b5900191ce21426423db6,2026-09-17T03:32:00+00:00,2026-09-17 08:32:00,72.3,1006.9,80
16.3,24.0,50.5,1488.0,432.0,67.2,8.4,4.0,1.0,458.3,799.3,18.8,12.8,50.8,29.3,23.73,False,4095,0.0,3.3,346.2,EXT-OPEN-METEO-KHI,KARACHI,OPENSOURCE_API_GRID,214,,,,0.95,True,True,TIER2_OPENSOURCE_PURE;CONTINUOUS_MINUTE_STREAM;VERIFIED_MODEL_GRID,9e4324a44438c106741358fa00c3d133967f2de1085b3a21eb9f2af284e20353,2026-09-17T03:33:00+00:00,2026-09-17 08:33:00,72.0,1006.9,80
16.4,24.1,50.9,1494.2,433.8,67.5,8.4,4.1,1.0,458.2,796.6,18.7,12.8,51.5,29.4,23.75,False,4095,0.0,3.4,351.7,EXT-OPEN-METEO-KHI,KARACHI,OPENSOURCE_API_GRID,215,,,,0.95,True,True,TIER2_OPENSOURCE_PURE;CONTINUOUS_MINUTE_STREAM;VERIFIED_MODEL_GRID,22b1b19e4a8a0e7da57abdc2c025e3f6977d3cbfa6424d4da0cd1b01f5fea40b,2026-09-17T03:34:00+00:00,2026-09-17 08:34:00,71.7,1006.9,80
16.5,24.3,51.2,1506.6,437.4,68.0,8.5,4.1,1.0,458.1,793.9,18.7,12.8,52.3,29.4,23.71,False,4095,0.0,3.5,357.1,EXT-OPEN-METEO-KHI,KARACHI,OPENSOURCE_API_GRID,216,,,,0.95,True,True,TIER2_OPENSOURCE_PURE;CONTINUOUS_MINUTE_STREAM;VERIFIED_MODEL_GRID,d14b0b2be6f17837012a34c9fa456e10fd28ea01c84392653a2288a05fdf10c8,2026-09-17T03:35:00+00:00,2026-09-17 08:35:00,71.5,1006.9,80
16.7,24.5,51.6,1519.0,441.0,68.6,8.6,4.1,1.0,458.0,791.3,18.6,12.8,53.0,29.5,23.73,False,4095,0.0,3.6,362.4,EXT-OPEN-METEO-KHI,KARACHI,OPENSOURCE_API_GRID,217,,,,0.95,True,True,TIER2_OPENSOURCE_PURE;CONTINUOUS_MINUTE_STREAM;VERIFIED_MODEL_GRID,6f7fcfd6110605ac126ecf865f82bbe3288aa1841eb316b6204f9758e6e992a8,2026-09-17T03:36:00+00:00,2026-09-17 08:36:00,71.2,1006.9,80
16.7,24.5,51.7,1519.0,441.0,68.6,8.6,4.1,1.0,458.0,788.7,18.5,12.8,53.7,29.5,23.69,False,4095,0.0,3.7,367.6,EXT-OPEN-METEO-KHI,KARACHI,OPENSOURCE_API_GRID,218,,,,0.95,True,True,TIER2_OPENSOURCE_PURE;CONTINUOUS_MINUTE_STREAM;VERIFIED_MODEL_GRID,2e2b7b12a1c6aa9de0f1ed088e539231d53c617203fc378925d1786554a28ea5,2026-09-17T03:37:00+00:00,2026-09-17 08:37:00,71.0,1006.9,80
16.7,24.6,52.0,1525.2,442.8,68.9,8.6,4.2,1.0,457.9,786.1,18.5,12.9,54.4,29.6,23.71,False,4095,0.0,3.8,372.7,EXT-OPEN-METEO-KHI,KARACHI,OPENSOURCE_API_GRID,219,,,,0.95,True,True,TIER2_OPENSOURCE_PURE;CONTINUOUS_MINUTE_STREAM;VERIFIED_MODEL_GRID,a207cb6b7d7b2662ef25805faa63fee0b66617577d0e0c08a0fb77b71b136a86,2026-09-17T03:38:00+00:00,2026-09-17 08:38:00,70.7,1007.0,80
16.9,24.8,52.3,1537.6,446.4,69.4,8.7,4.2,1.0,457.8,783.7,18.4,12.9,55.1,29.6,23.64,False,4095,0.0,3.9,377.7,EXT-OPEN-METEO-KHI,KARACHI,OPENSOURCE_API_GRID,220,,,,0.95,True,True,TIER2_OPENSOURCE_PURE;CONTINUOUS_MINUTE_STREAM;VERIFIED_MODEL_GRID,619a4107d0d67b9dbc8ef28e5a1fbf82256b0416264f586da8c4c8afc24dd00e,2026-09-17T03:39:00+00:00,2026-09-17 08:39:00,70.4,1007.0,80
16.9,24.9,52.6,1543.8,448.2,69.7,8.7,4.2,1.1,457.8,781.2,18.3,12.9,55.8,29.7,23.67,False,4095,0.0,4.0,382.5,EXT-OPEN-METEO-KHI,KARACHI,OPENSOURCE_API_GRID,221,,,,0.95,True,True,TIER2_OPENSOURCE_PURE;CONTINUOUS_MINUTE_STREAM;VERIFIED_MODEL_GRID,d7a8a1710db2cbd1d9a23f301bd0b2998651e1d2e703e12952335d9cf162ee41,2026-09-17T03:40:00+00:00,2026-09-17 08:40:00,70.1,1007.0,80
17.1,25.1,52.9,1556.2,451.8,70.3,8.8,4.2,1.1,457.7,778.9,18.3,12.9,56.4,29.7,23.62,False,4095,0.0,4.1,387.3,EXT-OPEN-METEO-KHI,KARACHI,OPENSOURCE_API_GRID,222,,,,0.95,True,True,TIER2_OPENSOURCE_PURE;CONTINUOUS_MINUTE_STREAM;VERIFIED_MODEL_GRID,a7cc568f8ebe21de0f46f8e3ee9a93d2aeaa1be1b09a1b4076186c4e2d79f43e,2026-09-17T03:41:00+00:00,2026-09-17 08:41:00,69.9,1007.0,80
17.1,25.2,53.2,1562.4,453.6,70.6,8.8,4.3,1.1,457.6,776.6,18.2,12.9,57.0,29.7,23.55,False,4095,0.0,4.2,391.8,EXT-OPEN-METEO-KHI,KARACHI,OPENSOURCE_API_GRID,223,,,,0.95,True,True,TIER2_OPENSOURCE_PURE;CONTINUOUS_MINUTE_STREAM;VERIFIED_MODEL_GRID,0efaf2ef71812eb82ebf9fc1c0f467ef2815cac5e2c0428cce69f44502cc7780,2026-09-17T03:42:00+00:00,2026-09-17 08:42:00,69.6,1007.0,80
17.2,25.3,53.4,1568.6,455.4,70.8,8.9,4.3,1.1,457.6,774.5,18.1,13.0,57.6,29.8,23.57,False,4095,0.0,4.3,396.2,EXT-OPEN-METEO-KHI,KARACHI,OPENSOURCE_API_GRID,224,,,,0.95,True,True,TIER2_OPENSOURCE_PURE;CONTINUOUS_MINUTE_STREAM;VERIFIED_MODEL_GRID,6ea08d44654526263df7ba17c3b43c926d48cac91e0170547651bf8366cf4eb3,2026-09-17T03:43:00+00:00,2026-09-17 08:43:00,69.3,1007.0,80
17.3,25.4,53.6,1574.8,457.2,71.1,8.9,4.3,1.1,457.5,772.4,18.1,13.0,58.2,29.8,23.5,False,4095,0.0,4.3,400.4,EXT-OPEN-METEO-KHI,KARACHI,OPENSOURCE_API_GRID,225,,,,0.95,True,True,TIER2_OPENSOURCE_PURE;CONTINUOUS_MINUTE_STREAM;VERIFIED_MODEL_GRID,85a157fb6d55bae6477bfbd5c76bf3ff0ce62e87ed5e7bbe07d7074a67946978,2026-09-17T03:44:00+00:00,2026-09-17 08:44:00,69.0,1007.0,80
17.3,25.5,53.8,1581.0,459.0,71.4,8.9,4.3,1.1,457.4,770.4,18.0,13.0,58.8,29.8,23.45,False,4095,0.0,4.4,404.4,EXT-OPEN-METEO-KHI,KARACHI,OPENSOURCE_API_GRID,226,,,,0.95,True,True,TIER2_OPENSOURCE_PURE;CONTINUOUS_MINUTE_STREAM;VERIFIED_MODEL_GRID,464202a8304b5917462a411318781ad6e0a954c847a07507e431a7891f040df8,2026-09-17T03:45:00+00:00,2026-09-17 08:45:00,68.8,1007.0,80
17.3,25.5,54.0,1581.0,459.0,71.4,8.9,4.3,1.1,457.4,768.5,18.0,13.0,59.3,29.9,23.5,False,4095,0.0,4.5,408.3,EXT-OPEN-METEO-KHI,KARACHI,OPENSOURCE_API_GRID,227,,,,0.95,True,True,TIER2_OPENSOURCE_PURE;CONTINUOUS_MINUTE_STREAM;VERIFIED_MODEL_GRID,502cc2fcca87987dc0828cb4481d700b9857056966b7b3b145970fc5108ef268,2026-09-17T03:46:00+00:00,2026-09-17 08:46:00,68.6,1007.1,80
17.4,25.6,54.2,1587.2,460.8,71.7,9.0,4.3,1.1,457.3,766.7,17.9,13.0,59.8,29.9,23.43,False,4095,0.0,4.6,411.8,EXT-OPEN-METEO-KHI,KARACHI,OPENSOURCE_API_GRID,228,,,,0.95,True,True,TIER2_OPENSOURCE_PURE;CONTINUOUS_MINUTE_STREAM;VERIFIED_MODEL_GRID,5789627888eff8039b8a27109c63504bb343734209f45a4f06223a1d48e3ecce,2026-09-17T03:47:00+00:00,2026-09-17 08:47:00,68.3,1007.1,80
17.4,25.6,54.3,1587.2,460.8,71.7,9.0,4.3,1.1,457.3,765.0,17.9,13.0,60.2,29.9,23.38,False,4095,0.0,4.6,415.2,EXT-OPEN-METEO-KHI,KARACHI,OPENSOURCE_API_GRID,229,,,,0.95,True,True,TIER2_OPENSOURCE_PURE;CONTINUOUS_MINUTE_STREAM;VERIFIED_MODEL_GRID,867cb35a51001ae0d5ac2cddf4704cf9db86f5f26965b862720c3bddd574630f,2026-09-17T03:48:00+00:00,2026-09-17 08:48:00,68.1,1007.1,80
17.4,25.6,54.4,1587.2,460.8,71.7,9.0,4.4,1.1,457.2,763.5,17.8,13.0,60.7,29.9,23.33,False,4095,0.0,4.7,418.3,EXT-OPEN-METEO-KHI,KARACHI,OPENSOURCE_API_GRID,230,,,,0.95,True,True,TIER2_OPENSOURCE_PURE;CONTINUOUS_MINUTE_STREAM;VERIFIED_MODEL_GRID,3e5620a3713f78d2eb2617eb493a41bd9fe6a7ee78f185dbf9a803f950b8feb5,2026-09-17T03:49:00+00:00,2026-09-17 08:49:00,67.9,1007.1,80
17.5,25.7,54.5,1593.4,462.6,72.0,9.0,4.4,1.1,457.2,762.0,17.8,13.0,61.1,29.9,23.28,False,4095,0.0,4.7,421.2,EXT-OPEN-METEO-KHI,KARACHI,OPENSOURCE_API_GRID,231,,,,0.95,True,True,TIER2_OPENSOURCE_PURE;CONTINUOUS_MINUTE_STREAM;VERIFIED_MODEL_GRID,fb29faf5c8451f705f788adc074827cfddfc0ede33cbe74fdc4bf7f2fd149709,2026-09-17T03:50:00+00:00,2026-09-17 08:50:00,67.7,1007.1,80
17.5,25.7,54.5,1593.4,462.6,72.0,9.0,4.4,1.1,457.2,760.7,17.8,13.1,61.4,29.9,23.26,False,4095,0.0,4.8,423.9,EXT-OPEN-METEO-KHI,KARACHI,OPENSOURCE_API_GRID,232,,,,0.95,True,True,TIER2_OPENSOURCE_PURE;CONTINUOUS_MINUTE_STREAM;VERIFIED_MODEL_GRID,afc9f4a7fa5d10baa651df2517e22d6077fa6f78b08ae7a4d2d6c1e8cd46608d,2026-09-17T03:51:00+00:00,2026-09-17 08:51:00,67.6,1007.1,80
17.5,25.7,54.6,1593.4,462.6,72.0,9.0,4.4,1.1,457.1,759.5,17.7,13.1,61.7,29.9,23.21,False,4095,0.0,4.8,426.3,EXT-OPEN-METEO-KHI,KARACHI,OPENSOURCE_API_GRID,233,,,,0.95,True,True,TIER2_OPENSOURCE_PURE;CONTINUOUS_MINUTE_STREAM;VERIFIED_MODEL_GRID,2c84fd6ca07c4537b72b5d1eb80853ac5559363d9a58b673f119413f5237da2d,2026-09-17T03:52:00+00:00,2026-09-17 08:52:00,67.4,1007.1,80
17.5,25.7,54.6,1593.4,462.6,72.0,9.0,4.4,1.1,457.1,758.5,17.7,13.1,62.0,29.9,23.18,False,4095,0.0,4.9,428.4,EXT-OPEN-METEO-KHI,KARACHI,OPENSOURCE_API_GRID,234,,,,0.95,True,True,TIER2_OPENSOURCE_PURE;CONTINUOUS_MINUTE_STREAM;VERIFIED_MODEL_GRID,c62dee2a44cb8a4145bffa78fa767a7b181b4096eb09b3c25b1dcc9a119ef7dd,2026-09-17T03:53:00+00:00,2026-09-17 08:53:00,67.3,1007.1,80
17.5,25.7,54.7,1593.4,462.6,72.0,9.0,4.4,1.1,457.1,757.6,17.7,13.1,62.3,30.0,23.25,False,4095,0.0,4.9,430.2,EXT-OPEN-METEO-KHI,KARACHI,OPENSOURCE_API_GRID,235,,,,0.95,True,True,TIER2_OPENSOURCE_PURE;CONTINUOUS_MINUTE_STREAM;VERIFIED_MODEL_GRID,2f276edd24825f0d62767164afe8fc56a55ed471fbd523037a860293ffe5fd70,2026-09-17T03:54:00+00:00,2026-09-17 08:54:00,67.2,1007.1,80
17.5,25.7,54.7,1593.4,462.6,72.0,9.0,4.4,1.1,457.1,756.8,17.6,13.1,62.5,30.0,23.23,False,4095,0.0,4.9,431.8,EXT-OPEN-METEO-KHI,KARACHI,OPENSOURCE_API_GRID,236,,,,0.95,True,True,TIER2_OPENSOURCE_PURE;CONTINUOUS_MINUTE_STREAM;VERIFIED_MODEL_GRID,4a72bfce15e1dbacba27f1db536a98c2057b6945f8ad68eb3a5927ada6d1fb93,2026-09-17T03:55:00+00:00,2026-09-17 08:55:00,67.1,1007.1,80
17.5,25.7,54.7,1593.4,462.6,72.0,9.0,4.4,1.1,457.0,756.1,17.6,13.1,62.7,30.0,23.2,False,4095,0.0,5.0,433.1,EXT-OPEN-METEO-KHI,KARACHI,OPENSOURCE_API_GRID,237,,,,0.95,True,True,TIER2_OPENSOURCE_PURE;CONTINUOUS_MINUTE_STREAM;VERIFIED_MODEL_GRID,b126056c351b815765f52ca98dd4a60029fe6e121951317b0df36c422a5126f7,2026-09-17T03:56:00+00:00,2026-09-17 08:56:00,67.0,1007.1,80
17.5,25.7,54.7,1593.4,462.6,72.0,9.0,4.4,1.1,457.0,755.6,17.6,13.1,62.8,30.0,23.18,False,4095,0.0,5.0,434.1,EXT-OPEN-METEO-KHI,KARACHI,OPENSOURCE_API_GRID,238,,,,0.95,True,True,TIER2_OPENSOURCE_PURE;CONTINUOUS_MINUTE_STREAM;VERIFIED_MODEL_GRID,09e18d23afe78170681fca887f8b6cef76535860984f2fdbd0e75ceb3a805e9b,2026-09-17T03:57:00+00:00,2026-09-17 08:57:00,66.9,1007.1,80
17.5,25.7,54.8,1593.4,462.6,72.0,9.0,4.4,1.1,457.0,755.3,17.6,13.1,62.9,30.0,23.18,False,4095,0.0,5.0,434.8,EXT-OPEN-METEO-KHI,KARACHI,OPENSOURCE_API_GRID,239,,,,0.95,True,True,TIER2_OPENSOURCE_PURE;CONTINUOUS_MINUTE_STREAM;VERIFIED_MODEL_GRID,c996fa109208036fff02ab1a4ccc7f91dbdc87d6bb9d126b17eac0654a48cab2,2026-09-17T03:58:00+00:00,2026-09-17 08:58:00,66.9,1007.1,80
17.5,25.7,54.8,1593.4,462.6,72.0,9.0,4.4,1.1,457.0,755.1,17.6,13.1,63.0,30.0,23.18,False,4095,0.0,5.0,435.3,EXT-OPEN-METEO-KHI,KARACHI,OPENSOURCE_API_GRID,240,,,,0.95,True,True,TIER2_OPENSOURCE_PURE;CONTINUOUS_MINUTE_STREAM;VERIFIED_MODEL_GRID,a786b087fa652750548335b20f517543b1ef325ce63a2611ffd88c138c9eef6d,2026-09-17T03:59:00+00:00,2026-09-17 08:59:00,66.9,1007.1,80
17.5,25.7,54.8,1593.4,462.6,72.0,9.0,4.4,1.1,457.0,755.0,17.6,13.1,63.0,30.0,23.18,False,4095,0.0,5.0,435.4,EXT-OPEN-METEO-KHI,KARACHI,OPENSOURCE_API_GRID,241,,,,0.95,True,False,TIER2_OPENSOURCE_PURE;HOURLY_NODE;VERIFIED_MODEL_GRID,caa9a24a1cd86edbe2b8b10fd6c16084c10148b82d9ecadac777845b5cdc4711,2026-09-17T04:00:00+00:00,2026-09-17 09:00:00,66.9,1007.1,79
17.5,25.7,54.9,1593.4,462.6,72.0,9.0,4.4,1.1,457.0,754.8,17.6,13.1,63.0,30.0,23.18,False,4095,0.0,5.0,435.5,EXT-OPEN-METEO-KHI,KARACHI,OPENSOURCE_API_GRID,242,,,,0.95,True,True,TIER2_OPENSOURCE_PURE;CONTINUOUS_MINUTE_STREAM;VERIFIED_MODEL_GRID,0f00b6648e1261bf040e1a3e99ec85235a4a1d48b8a7bdd75905e65612e49150,2026-09-17T04:01:00+00:00,2026-09-17 09:01:00,66.9,1007.1,79
17.5,25.8,54.9,1599.6,464.4,72.2,9.0,4.4,1.1,457.0,754.3,17.6,13.1,63.1,30.0,23.18,False,4095,0.0,5.0,435.9,EXT-OPEN-METEO-KHI,KARACHI,OPENSOURCE_API_GRID,243,,,,0.95,True,True,TIER2_OPENSOURCE_PURE;CONTINUOUS_MINUTE_STREAM;VERIFIED_MODEL_GRID,762f0513cc1846962819c4947005aad95c47e112d4c1182fd76f6d8af40bdbf3,2026-09-17T04:02:00+00:00,2026-09-17 09:02:00,66.9,1007.1,79
17.5,25.8,55.0,1599.6,464.4,72.2,9.0,4.4,1.1,457.0,753.5,17.6,13.1,63.2,30.0,23.18,False,4095,0.0,5.0,436.6,EXT-OPEN-METEO-KHI,KARACHI,OPENSOURCE_API_GRID,244,,,,0.95,True,True,TIER2_OPENSOURCE_PURE;CONTINUOUS_MINUTE_STREAM;VERIFIED_MODEL_GRID,d07776b668ced5ddd1d725105a09c3a411cf790ea1f44a8903793f9e1457fb7a,2026-09-17T04:03:00+00:00,2026-09-17 09:03:00,66.9,1007.1,79
17.6,25.9,55.0,1605.8,466.2,72.5,9.1,4.4,1.1,456.9,752.3,17.5,13.1,63.4,30.0,23.18,False,4095,0.0,5.1,437.4,EXT-OPEN-METEO-KHI,KARACHI,OPENSOURCE_API_GRID,245,,,,0.95,True,True,TIER2_OPENSOURCE_PURE;CONTINUOUS_MINUTE_STREAM;VERIFIED_MODEL_GRID,510d32487b5fd2639e0ebf5d90dc5b7d22e3de6235b700ee07b2727497eb4a1a,2026-09-17T04:04:00+00:00,2026-09-17 09:04:00,66.9,1007.1,79
17.6,25.9,55.1,1605.8,466.2,72.5,9.1,4.4,1.1,456.9,750.8,17.5,13.1,63.7,30.0,23.18,False,4095,0.0,5.1,438.6,EXT-OPEN-METEO-KHI,KARACHI,OPENSOURCE_API_GRID,246,,,,0.95,True,True,TIER2_OPENSOURCE_PURE;CONTINUOUS_MINUTE_STREAM;VERIFIED_MODEL_GRID,8a34a2762ba975cd5c4d6501d7e95c42f94059fb533ccbfa53893d176b8ada6c,2026-09-17T04:05:00+00:00,2026-09-17 09:05:00,66.9,1007.1,79
17.7,26.0,55.2,1612.0,468.0,72.8,9.1,4.4,1.1,456.9,749.0,17.5,13.1,64.0,30.0,23.18,False,4095,0.0,5.1,440.0,EXT-OPEN-METEO-KHI,KARACHI,OPENSOURCE_API_GRID,247,,,,0.95,True,True,TIER2_OPENSOURCE_PURE;CONTINUOUS_MINUTE_STREAM;VERIFIED_MODEL_GRID,3c2e28ee14d1444ee7c72a72c4289ac411d1330258bf2e06a1a0e528a3a3bcb0,2026-09-17T04:06:00+00:00,2026-09-17 09:06:00,66.9,1007.1,79
17.7,26.1,55.2,1618.2,469.8,73.1,9.1,4.4,1.1,456.8,746.9,17.4,13.1,64.3,30.0,23.18,False,4095,0.0,5.2,441.6,EXT-OPEN-METEO-KHI,KARACHI,OPENSOURCE_API_GRID,248,,,,0.95,True,True,TIER2_OPENSOURCE_PURE;CONTINUOUS_MINUTE_STREAM;VERIFIED_MODEL_GRID,3c493b94a468b8707dba51451630bfd3015a4d2a67824e37b706e17fed1c29f4,2026-09-17T04:07:00+00:00,2026-09-17 09:07:00,66.9,1007.1,79
17.7,26.0,55.1,1612.0,468.0,72.8,9.1,4.4,1.1,456.7,744.5,17.4,13.1,64.7,30.0,23.2,False,4095,0.0,5.2,443.5,EXT-OPEN-METEO-KHI,KARACHI,OPENSOURCE_API_GRID,249,,,,0.95,True,True,TIER2_OPENSOURCE_PURE;CONTINUOUS_MINUTE_STREAM;VERIFIED_MODEL_GRID,627085fba1b58f8807be97a4200462e1740487f855d678a95e73c4e1d1fa3013,2026-09-17T04:08:00+00:00,2026-09-17 09:08:00,67.0,1007.1,79
17.7,26.1,55.2,1618.2,469.8,73.1,9.1,4.4,1.1,456.7,741.7,17.3,13.1,65.1,30.1,23.3,False,4095,0.0,5.3,445.6,EXT-OPEN-METEO-KHI,KARACHI,OPENSOURCE_API_GRID,250,,,,0.95,True,True,TIER2_OPENSOURCE_PURE;CONTINUOUS_MINUTE_STREAM;VERIFIED_MODEL_GRID,a3ca2c88e72c75b592e2a413e41b5d0de1fa68734de375d4daccef278932625b,2026-09-17T04:09:00+00:00,2026-09-17 09:09:00,67.0,1007.1,79
17.8,26.2,55.2,1624.4,471.6,73.4,9.2,4.4,1.1,456.6,738.7,17.3,13.1,65.6,30.1,23.27,False,4095,0.0,5.3,448.0,EXT-OPEN-METEO-KHI,KARACHI,OPENSOURCE_API_GRID,251,,,,0.95,True,True,TIER2_OPENSOURCE_PURE;CONTINUOUS_MINUTE_STREAM;VERIFIED_MODEL_GRID,e66112297041e3f872f27edd294f90789b60c1cd233378903fe56ab1fe04793b,2026-09-17T04:10:00+00:00,2026-09-17 09:10:00,66.9,1007.1,79
17.8,26.2,55.3,1624.4,471.6,73.4,9.2,4.4,1.1,456.5,735.3,17.2,13.1,66.1,30.1,23.27,False,4095,0.0,5.4,450.5,EXT-OPEN-METEO-KHI,KARACHI,OPENSOURCE_API_GRID,252,,,,0.95,True,True,TIER2_OPENSOURCE_PURE;CONTINUOUS_MINUTE_STREAM;VERIFIED_MODEL_GRID,2c23446c23aca69ac6d9572c8dd367599b73489f511f5525b9a705283e122077,2026-09-17T04:11:00+00:00,2026-09-17 09:11:00,66.9,1007.1,79
17.9,26.3,55.4,1630.6,473.4,73.6,9.2,4.4,1.1,456.4,731.7,17.1,13.2,66.7,30.1,23.25,False,4095,0.0,5.5,453.3,EXT-OPEN-METEO-KHI,KARACHI,OPENSOURCE_API_GRID,253,,,,0.95,True,True,TIER2_OPENSOURCE_PURE;CONTINUOUS_MINUTE_STREAM;VERIFIED_MODEL_GRID,fcddc34533b8a78326da6891c2101881cc58d2b79537b9f588fdf82d93dccc56,2026-09-17T04:12:00+00:00,2026-09-17 09:12:00,66.8,1007.1,79
18.0,26.4,55.4,1636.8,475.2,73.9,9.2,4.4,1.1,456.3,727.8,17.1,13.2,67.3,30.1,23.25,False,4095,0.0,5.6,456.3,EXT-OPEN-METEO-KHI,KARACHI,OPENSOURCE_API_GRID,254,,,,0.95,True,True,TIER2_OPENSOURCE_PURE;CONTINUOUS_MINUTE_STREAM;VERIFIED_MODEL_GRID,fc7e696a49a04031e5b27517fd0b8a4a7cba7f6fdce1c457c069f3d212d1a60a,2026-09-17T04:13:00+00:00,2026-09-17 09:13:00,66.8,1007.1,79
18.0,26.5,55.4,1643.0,477.0,74.2,9.3,4.4,1.1,456.2,723.7,17.0,13.2,68.0,30.2,23.32,False,4095,0.0,5.6,459.5,EXT-OPEN-METEO-KHI,KARACHI,OPENSOURCE_API_GRID,255,,,,0.95,True,True,TIER2_OPENSOURCE_PURE;CONTINUOUS_MINUTE_STREAM;VERIFIED_MODEL_GRID,797520c14102e94c010d0305528bd7ac9ec6e793d1f930afcc02e8226012f670,2026-09-17T04:14:00+00:00,2026-09-17 09:14:00,66.7,1007.1,79
18.0,26.5,55.4,1643.0,477.0,74.2,9.3,4.4,1.1,456.1,719.3,16.9,13.2,68.7,30.2,23.29,False,4095,0.0,5.7,462.9,EXT-OPEN-METEO-KHI,KARACHI,OPENSOURCE_API_GRID,256,,,,0.95,True,True,TIER2_OPENSOURCE_PURE;CONTINUOUS_MINUTE_STREAM;VERIFIED_MODEL_GRID,ca659ffe0f2eb28ccc74a3d766cef46144dae8f829b232a775c14357603324ee,2026-09-17T04:15:00+00:00,2026-09-17 09:15:00,66.6,1007.1,79
18.1,26.6,55.4,1649.2,478.8,74.5,9.3,4.4,1.1,456.0,714.6,16.8,13.2,69.5,30.2,23.27,False,4095,0.0,5.8,466.4,EXT-OPEN-METEO-KHI,KARACHI,OPENSOURCE_API_GRID,257,,,,0.95,True,True,TIER2_OPENSOURCE_PURE;CONTINUOUS_MINUTE_STREAM;VERIFIED_MODEL_GRID,774e0902669d1f1428bea296970a9f2d999837223bfe617c58e6c514930f8f32,2026-09-17T04:16:00+00:00,2026-09-17 09:16:00,66.5,1007.1,79
18.1,26.6,55.4,1649.2,478.8,74.5,9.3,4.4,1.1,455.9,709.8,16.7,13.2,70.2,30.2,23.27,False,4095,0.0,5.9,470.2,EXT-OPEN-METEO-KHI,KARACHI,OPENSOURCE_API_GRID,258,,,,0.95,True,True,TIER2_OPENSOURCE_PURE;CONTINUOUS_MINUTE_STREAM;VERIFIED_MODEL_GRID,782f08a9a0f05b1f8243d9bd84a20185bd2b953dd85f7b49771d585dfa5320ef,2026-09-17T04:17:00+00:00,2026-09-17 09:17:00,66.5,1007.1,79
18.1,26.6,55.4,1649.2,478.8,74.5,9.3,4.4,1.1,455.8,704.7,16.6,13.2,71.0,30.2,23.24,False,4095,0.0,6.0,474.0,EXT-OPEN-METEO-KHI,KARACHI,OPENSOURCE_API_GRID,259,,,,0.95,True,True,TIER2_OPENSOURCE_PURE;CONTINUOUS_MINUTE_STREAM;VERIFIED_MODEL_GRID,9a17d860526fa30042cda572ce3593043ac5ee8fbd668196e98f64dbaea1b704,2026-09-17T04:18:00+00:00,2026-09-17 09:18:00,66.4,1007.1,79
18.2,26.7,55.3,1655.4,480.6,74.8,9.3,4.4,1.1,455.6,699.4,16.5,13.2,71.9,30.2,23.22,False,4095,0.0,6.1,478.1,EXT-OPEN-METEO-KHI,KARACHI,OPENSOURCE_API_GRID,260,,,,0.95,True,True,TIER2_OPENSOURCE_PURE;CONTINUOUS_MINUTE_STREAM;VERIFIED_MODEL_GRID,62c07d46981ec41a4f51cd57719f3631bdd1e7f9d06027e69f8ae98db29eb29c,2026-09-17T04:19:00+00:00,2026-09-17 09:19:00,66.3,1007.1,79
18.2,26.7,55.3,1655.4,480.6,74.8,9.3,4.4,1.1,455.5,694.0,16.4,13.2,72.8,30.3,23.29,False,4095,0.0,6.2,482.3,EXT-OPEN-METEO-KHI,KARACHI,OPENSOURCE_API_GRID,261,,,,0.95,True,True,TIER2_OPENSOURCE_PURE;CONTINUOUS_MINUTE_STREAM;VERIFIED_MODEL_GRID,6ac04818f67c4f0c7bc092451584c8fb2c372ee2fdf5219ae367f24fe45882f7,2026-09-17T04:20:00+00:00,2026-09-17 09:20:00,66.2,1007.1,79
18.2,26.7,55.2,1655.4,480.6,74.8,9.3,4.4,1.1,455.4,688.4,16.3,13.3,73.6,30.3,23.26,False,4095,0.0,6.4,486.6,EXT-OPEN-METEO-KHI,KARACHI,OPENSOURCE_API_GRID,262,,,,0.95,True,True,TIER2_OPENSOURCE_PURE;CONTINUOUS_MINUTE_STREAM;VERIFIED_MODEL_GRID,7b588c5c14dffd83b4a09186b62c1c2d11b4bb48caac27cab37fe5aef150fa3d,2026-09-17T04:21:00+00:00,2026-09-17 09:21:00,66.1,1007.1,79
18.2,26.7,55.2,1655.4,480.6,74.8,9.3,4.4,1.1,455.2,682.6,16.2,13.3,74.6,30.3,23.24,False,4095,0.0,6.5,491.0,EXT-OPEN-METEO-KHI,KARACHI,OPENSOURCE_API_GRID,263,,,,0.95,True,True,TIER2_OPENSOURCE_PURE;CONTINUOUS_MINUTE_STREAM;VERIFIED_MODEL_GRID,aca9e884b00dad1d4f243ec7d30f853c42e940f3f9af612cb7afba2736b29a9d,2026-09-17T04:22:00+00:00,2026-09-17 09:22:00,66.0,1007.1,79
18.2,26.8,55.1,1661.6,482.4,75.0,9.4,4.4,1.1,455.1,676.7,16.1,13.3,75.5,30.3,23.21,False,4095,0.0,6.6,495.6,EXT-OPEN-METEO-KHI,KARACHI,OPENSOURCE_API_GRID,264,,,,0.95,True,True,TIER2_OPENSOURCE_PURE;CONTINUOUS_MINUTE_STREAM;VERIFIED_MODEL_GRID,f7fb7938be14a8d11df0267defb5e1db0fccc9b521864b2608e9558e2acae90b,2026-09-17T04:23:00+00:00,2026-09-17 09:23:00,65.9,1007.2,79
18.2,26.8,55.0,1661.6,482.4,75.0,9.4,4.4,1.1,454.9,670.7,15.9,13.3,76.5,30.3,23.19,False,4095,0.0,6.7,500.2,EXT-OPEN-METEO-KHI,KARACHI,OPENSOURCE_API_GRID,265,,,,0.95,True,True,TIER2_OPENSOURCE_PURE;CONTINUOUS_MINUTE_STREAM;VERIFIED_MODEL_GRID,5d496b614683c0099ca09467c0c7ec9fd69778c8361c193879804997a39cee46,2026-09-17T04:24:00+00:00,2026-09-17 09:24:00,65.8,1007.2,79
18.2,26.8,55.0,1661.6,482.4,75.0,9.4,4.4,1.1,454.8,664.6,15.8,13.3,77.5,30.3,23.16,False,4095,0.0,6.9,504.9,EXT-OPEN-METEO-KHI,KARACHI,OPENSOURCE_API_GRID,266,,,,0.95,True,True,TIER2_OPENSOURCE_PURE;CONTINUOUS_MINUTE_STREAM;VERIFIED_MODEL_GRID,174f28892d4245e16d0158f8a789e1a915856168503f1369ad72bfa3582a04c2,2026-09-17T04:25:00+00:00,2026-09-17 09:25:00,65.7,1007.2,79
18.3,26.9,55.0,1667.8,484.2,75.3,9.4,4.4,1.1,454.6,658.4,15.7,13.3,78.4,30.3,23.16,False,4095,0.0,7.0,509.7,EXT-OPEN-METEO-KHI,KARACHI,OPENSOURCE_API_GRID,267,,,,0.95,True,True,TIER2_OPENSOURCE_PURE;CONTINUOUS_MINUTE_STREAM;VERIFIED_MODEL_GRID,30e96950fc2bf4841a6e2700ca82bf4e4beddcd67419525ecf755ec0df9b55e7,2026-09-17T04:26:00+00:00,2026-09-17 09:26:00,65.7,1007.2,79
18.3,26.9,54.9,1667.8,484.2,75.3,9.4,4.4,1.1,454.5,652.1,15.6,13.4,79.4,30.3,23.14,False,4095,0.0,7.1,514.5,EXT-OPEN-METEO-KHI,KARACHI,OPENSOURCE_API_GRID,268,,,,0.95,True,True,TIER2_OPENSOURCE_PURE;CONTINUOUS_MINUTE_STREAM;VERIFIED_MODEL_GRID,872d074252c2778ce618c4d98a1c7f22ac77a758110a6ae24a97815747c641d3,2026-09-17T04:27:00+00:00,2026-09-17 09:27:00,65.6,1007.2,79
18.4,27.0,54.9,1674.0,486.0,75.6,9.4,4.4,1.1,454.3,645.8,15.5,13.4,80.5,30.4,23.21,False,4095,0.0,7.2,519.4,EXT-OPEN-METEO-KHI,KARACHI,OPENSOURCE_API_GRID,269,,,,0.95,True,True,TIER2_OPENSOURCE_PURE;CONTINUOUS_MINUTE_STREAM;VERIFIED_MODEL_GRID,658b6a18688d4a1f714251eb4c3994f1933fb7e5e339f6ee5c20d606fb6f217c,2026-09-17T04:28:00+00:00,2026-09-17 09:28:00,65.5,1007.2,79
18.4,27.0,54.9,1674.0,486.0,75.6,9.4,4.4,1.1,454.2,639.4,15.3,13.4,81.5,30.4,23.18,False,4095,0.0,7.4,524.2,EXT-OPEN-METEO-KHI,KARACHI,OPENSOURCE_API_GRID,270,,,,0.95,True,True,TIER2_OPENSOURCE_PURE;CONTINUOUS_MINUTE_STREAM;VERIFIED_MODEL_GRID,611933abc8b62d06b619c2749c8f930613839dba662b23604e286c944b12cc9b,2026-09-17T04:29:00+00:00,2026-09-17 09:29:00,65.4,1007.2,79
18.4,27.1,54.9,1680.2,487.8,75.9,9.5,4.4,1.1,454.0,633.0,15.2,13.4,82.5,30.4,23.18,False,4095,0.0,7.5,529.1,EXT-OPEN-METEO-KHI,KARACHI,OPENSOURCE_API_GRID,271,,,,0.95,True,True,TIER2_OPENSOURCE_PURE;CONTINUOUS_MINUTE_STREAM;VERIFIED_MODEL_GRID,12bcc393da858de2da24171a0360f5c37948df353dfc868e6ac9f5fda6847949,2026-09-17T04:30:00+00:00,2026-09-17 09:30:00,65.4,1007.2,79
18.5,27.2,54.9,1686.4,489.6,76.2,9.5,4.4,1.1,453.8,626.6,15.1,13.4,83.5,30.4,23.16,False,4095,0.0,7.6,534.1,EXT-OPEN-METEO-KHI,KARACHI,OPENSOURCE_API_GRID,272,,,,0.95,True,True,TIER2_OPENSOURCE_PURE;CONTINUOUS_MINUTE_STREAM;VERIFIED_MODEL_GRID,235733b981926e457b79a1646ac6e98d7ac0ea7b5440a42b2a8f7ef0d4db728b,2026-09-17T04:31:00+00:00,2026-09-17 09:31:00,65.3,1007.2,79
18.6,27.3,55.0,1692.6,491.4,76.4,9.6,4.4,1.1,453.7,620.2,14.9,13.4,84.5,30.4,23.13,False,4095,0.0,7.8,538.9,EXT-OPEN-METEO-KHI,KARACHI,OPENSOURCE_API_GRID,273,,,,0.95,True,True,TIER2_OPENSOURCE_PURE;CONTINUOUS_MINUTE_STREAM;VERIFIED_MODEL_GRID,f1e53166f69493700e9e1ba439f60950aaccac397f949d86369e74ff0d5fe32b,2026-09-17T04:32:00+00:00,2026-09-17 09:32:00,65.2,1007.2,79
18.6,27.4,55.0,1698.8,493.2,76.7,9.6,4.4,1.1,453.5,613.9,14.8,13.4,85.6,30.5,23.23,False,4095,0.0,7.9,543.8,EXT-OPEN-METEO-KHI,KARACHI,OPENSOURCE_API_GRID,274,,,,0.95,True,True,TIER2_OPENSOURCE_PURE;CONTINUOUS_MINUTE_STREAM;VERIFIED_MODEL_GRID,b47f06ea6b05881f38f16784f9f84d544838b9276127c77ebe912fab0fb1e902,2026-09-17T04:33:00+00:00,2026-09-17 09:33:00,65.2,1007.2,79
18.7,27.5,55.1,1705.0,495.0,77.0,9.6,4.4,1.1,453.4,607.6,14.7,13.5,86.6,30.5,23.2,False,4095,0.0,8.0,548.6,EXT-OPEN-METEO-KHI,KARACHI,OPENSOURCE_API_GRID,275,,,,0.95,True,True,TIER2_OPENSOURCE_PURE;CONTINUOUS_MINUTE_STREAM;VERIFIED_MODEL_GRID,fb39f9424455ec2e9bebbe06b77f9bb307521ea723b3582ce759e8103e037755,2026-09-17T04:34:00+00:00,2026-09-17 09:34:00,65.1,1007.2,79
18.8,27.6,55.1,1711.2,496.8,77.3,9.7,4.4,1.1,453.2,601.4,14.6,13.5,87.5,30.5,23.2,False,4095,0.0,8.1,553.4,EXT-OPEN-METEO-KHI,KARACHI,OPENSOURCE_API_GRID,276,,,,0.95,True,True,TIER2_OPENSOURCE_PURE;CONTINUOUS_MINUTE_STREAM;VERIFIED_MODEL_GRID,d6e5391acb14be5b1c8d1dc121495ff8790ea785551143fb87ad17baedf4b3cd,2026-09-17T04:35:00+00:00,2026-09-17 09:35:00,65.1,1007.2,79
18.8,27.7,55.2,1717.4,498.6,77.6,9.7,4.4,1.1,453.1,595.3,14.5,13.5,88.5,30.6,23.27,False,4095,0.0,8.3,558.1,EXT-OPEN-METEO-KHI,KARACHI,OPENSOURCE_API_GRID,277,,,,0.95,True,True,TIER2_OPENSOURCE_PURE;CONTINUOUS_MINUTE_STREAM;VERIFIED_MODEL_GRID,21430ec30108394d90b9477ba6978f839b37b67d08765ab469be975ff87fa2d2,2026-09-17T04:36:00+00:00,2026-09-17 09:36:00,65.0,1007.2,79
18.9,27.8,55.3,1723.6,500.4,77.8,9.7,4.4,1.1,452.9,589.3,14.3,13.5,89.5,30.6,23.27,False,4095,0.0,8.4,562.7,EXT-OPEN-METEO-KHI,KARACHI,OPENSOURCE_API_GRID,278,,,,0.95,True,True,TIER2_OPENSOURCE_PURE;CONTINUOUS_MINUTE_STREAM;VERIFIED_MODEL_GRID,b875b499e9e0c41431b4d884b027a13a5d5002207d636f56a4664b1c545f7d15,2026-09-17T04:37:00+00:00,2026-09-17 09:37:00,65.0,1007.2,79
19.0,27.9,55.4,1729.8,502.2,78.1,9.8,4.4,1.1,452.8,583.4,14.2,13.5,90.4,30.6,23.25,False,4095,0.0,8.5,567.3,EXT-OPEN-METEO-KHI,KARACHI,OPENSOURCE_API_GRID,279,,,,0.95,True,True,TIER2_OPENSOURCE_PURE;CONTINUOUS_MINUTE_STREAM;VERIFIED_MODEL_GRID,2300e232a85f2530ff8f7c20f4026c87cd0149ef0b8c03abbaa497798eaf7fbe,2026-09-17T04:38:00+00:00,2026-09-17 09:38:00,64.9,1007.2,79
19.0,27.9,55.2,1729.8,502.2,78.1,9.8,4.4,1.1,452.6,577.6,14.1,13.5,91.4,30.7,23.37,False,4095,0.0,8.6,571.7,EXT-OPEN-METEO-KHI,KARACHI,OPENSOURCE_API_GRID,280,,,,0.95,True,True,TIER2_OPENSOURCE_PURE;CONTINUOUS_MINUTE_STREAM;VERIFIED_MODEL_GRID,8e2218183106e67d158450fc4dc975257e7766c720f5e393c08f02a13123860a,2026-09-17T04:39:00+00:00,2026-09-17 09:39:00,65.0,1007.2,79
19.0,28.0,55.3,1736.0,504.0,78.4,9.8,4.4,1.1,452.5,572.0,14.0,13.6,92.2,30.7,23.34,False,4095,0.0,8.8,576.0,EXT-OPEN-METEO-KHI,KARACHI,OPENSOURCE_API_GRID,281,,,,0.95,True,True,TIER2_OPENSOURCE_PURE;CONTINUOUS_MINUTE_STREAM;VERIFIED_MODEL_GRID,3efe44ac78ebb9ece82c8b5ecbbb7c6fecd18e18eb1acaedede902b48c1a98ba,2026-09-17T04:40:00+00:00,2026-09-17 09:40:00,64.9,1007.2,79
19.1,28.1,55.4,1742.2,505.8,78.7,9.8,4.4,1.1,452.4,566.6,13.9,13.6,93.1,30.7,23.32,False,4095,0.0,8.9,580.2,EXT-OPEN-METEO-KHI,KARACHI,OPENSOURCE_API_GRID,282,,,,0.95,True,True,TIER2_OPENSOURCE_PURE;CONTINUOUS_MINUTE_STREAM;VERIFIED_MODEL_GRID,28f4f5564de93dff99772a9fd59d74e056d135cc0ed8f9cc6b14277346bec8d3,2026-09-17T04:41:00+00:00,2026-09-17 09:41:00,64.8,1007.2,79
19.2,28.2,55.4,1748.4,507.6,79.0,9.9,4.4,1.1,452.2,561.3,13.8,13.6,94.0,30.7,23.29,False,4095,0.0,9.0,584.3,EXT-OPEN-METEO-KHI,KARACHI,OPENSOURCE_API_GRID,283,,,,0.95,True,True,TIER2_OPENSOURCE_PURE;CONTINUOUS_MINUTE_STREAM;VERIFIED_MODEL_GRID,6a4307d9c3c6bbbf17c03ade35647c0acad05d515d6a7e9533d637778568ae65,2026-09-17T04:42:00+00:00,2026-09-17 09:42:00,64.7,1007.2,79
19.2,28.3,55.5,1754.6,509.4,79.2,9.9,4.4,1.1,452.1,556.2,13.7,13.6,94.8,30.8,23.38,False,4095,0.0,9.1,588.1,EXT-OPEN-METEO-KHI,KARACHI,OPENSOURCE_API_GRID,284,,,,0.95,True,True,TIER2_OPENSOURCE_PURE;CONTINUOUS_MINUTE_STREAM;VERIFIED_MODEL_GRID,541e4926d713e3bb00dcf68e83ca4b7268d7596609f09a3bc2243bdb0a30bf91,2026-09-17T04:43:00+00:00,2026-09-17 09:43:00,64.7,1007.2,79
19.3,28.4,55.5,1760.8,511.2,79.5,9.9,4.4,1.1,452.0,551.4,13.6,13.6,95.5,30.8,23.36,False,4095,0.0,9.2,591.9,EXT-OPEN-METEO-KHI,KARACHI,OPENSOURCE_API_GRID,285,,,,0.95,True,True,TIER2_OPENSOURCE_PURE;CONTINUOUS_MINUTE_STREAM;VERIFIED_MODEL_GRID,3f42c690e0460e1cc1dc45b05130d776e28d2c60f861262b31b7c9d63e7c5300,2026-09-17T04:44:00+00:00,2026-09-17 09:44:00,64.6,1007.2,79
19.4,28.5,55.6,1767.0,513.0,79.8,10.0,4.4,1.1,451.9,546.7,13.5,13.6,96.3,30.8,23.33,False,4095,0.0,9.3,595.4,EXT-OPEN-METEO-KHI,KARACHI,OPENSOURCE_API_GRID,286,,,,0.95,True,True,TIER2_OPENSOURCE_PURE;CONTINUOUS_MINUTE_STREAM;VERIFIED_MODEL_GRID,e36c7c02fada1737c83ef7a8acf5531ac0989c70a1a1490c3f26ed20335c5cc9,2026-09-17T04:45:00+00:00,2026-09-17 09:45:00,64.5,1007.2,79
19.4,28.5,55.6,1767.0,513.0,79.8,10.0,4.4,1.1,451.8,542.3,13.4,13.6,97.0,30.8,23.31,False,4095,0.0,9.4,598.8,EXT-OPEN-METEO-KHI,KARACHI,OPENSOURCE_API_GRID,287,,,,0.95,True,True,TIER2_OPENSOURCE_PURE;CONTINUOUS_MINUTE_STREAM;VERIFIED_MODEL_GRID,d9963aacfad0d0077bb3a2c1fc1bbe901267c10a1af402c50e37f0e4758a9de1,2026-09-17T04:46:00+00:00,2026-09-17 09:46:00,64.4,1007.2,79
19.4,28.6,55.6,1773.2,514.8,80.1,10.0,4.4,1.1,451.7,538.2,13.3,13.6,97.7,30.8,23.31,False,4095,0.0,9.4,602.0,EXT-OPEN-METEO-KHI,KARACHI,OPENSOURCE_API_GRID,288,,,,0.95,True,True,TIER2_OPENSOURCE_PURE;CONTINUOUS_MINUTE_STREAM;VERIFIED_MODEL_GRID,c58f115e1410019c79ec436476ecd0a498a7d91199506d85e5839fb63d4b5cb1,2026-09-17T04:47:00+00:00,2026-09-17 09:47:00,64.4,1007.2,79
19.4,28.6,55.6,1773.2,514.8,80.1,10.0,4.4,1.1,451.6,534.3,13.3,13.6,98.3,30.9,23.38,False,4095,0.0,9.5,605.0,EXT-OPEN-METEO-KHI,KARACHI,OPENSOURCE_API_GRID,289,,,,0.95,True,True,TIER2_OPENSOURCE_PURE;CONTINUOUS_MINUTE_STREAM;VERIFIED_MODEL_GRID,577044e6f0b8e196baeb402c28d6eb844dce894385053fa1bf6651b2fe57b99c,2026-09-17T04:48:00+00:00,2026-09-17 09:48:00,64.3,1007.2,79
19.4,28.6,55.5,1773.2,514.8,80.1,10.0,4.4,1.1,451.5,530.7,13.2,13.7,98.9,30.9,23.35,False,4095,0.0,9.6,607.8,EXT-OPEN-METEO-KHI,KARACHI,OPENSOURCE_API_GRID,290,,,,0.95,True,True,TIER2_OPENSOURCE_PURE;CONTINUOUS_MINUTE_STREAM;VERIFIED_MODEL_GRID,4e799625243a9bab9dc87356261006ed1f828f26345aab98e0e92525f9969029,2026-09-17T04:49:00+00:00,2026-09-17 09:49:00,64.2,1007.2,79
19.4,28.6,55.5,1773.2,514.8,80.1,10.0,4.4,1.1,451.4,527.3,13.1,13.7,99.4,30.9,23.35,False,4095,0.0,9.7,610.3,EXT-OPEN-METEO-KHI,KARACHI,OPENSOURCE_API_GRID,291,,,,0.95,True,True,TIER2_OPENSOURCE_PURE;CONTINUOUS_MINUTE_STREAM;VERIFIED_MODEL_GRID,a52d5212735014b7b973a2e1e94d22aff6fcd25fb9d06022245623952c53f22e,2026-09-17T04:50:00+00:00,2026-09-17 09:50:00,64.2,1007.2,79
19.4,28.6,55.4,1773.2,514.8,80.1,10.0,4.4,1.1,451.3,524.3,13.1,13.7,99.9,30.9,23.32,False,4095,0.0,9.7,612.7,EXT-OPEN-METEO-KHI,KARACHI,OPENSOURCE_API_GRID,292,,,,0.95,True,True,TIER2_OPENSOURCE_PURE;CONTINUOUS_MINUTE_STREAM;VERIFIED_MODEL_GRID,59f08ca3527936347091a8130d03100eb06aeb56e25dd191c691bd7b54f1f567,2026-09-17T04:51:00+00:00,2026-09-17 09:51:00,64.1,1007.2,79
19.4,28.6,55.4,1773.2,514.8,80.1,10.0,4.4,1.1,451.3,521.5,13.0,13.7,100.3,30.9,23.3,False,4095,0.0,9.8,614.8,EXT-OPEN-METEO-KHI,KARACHI,OPENSOURCE_API_GRID,293,,,,0.95,True,True,TIER2_OPENSOURCE_PURE;CONTINUOUS_MINUTE_STREAM;VERIFIED_MODEL_GRID,9d22cc3729acc23a0e610212a04ee9374c7ee558d8d1184e6ee11753b0166af6,2026-09-17T04:52:00+00:00,2026-09-17 09:52:00,64.0,1007.2,79
19.4,28.6,55.3,1773.2,514.8,80.1,10.0,4.4,1.1,451.2,519.1,13.0,13.7,100.7,30.9,23.3,False,4095,0.0,9.8,616.7,EXT-OPEN-METEO-KHI,KARACHI,OPENSOURCE_API_GRID,294,,,,0.95,True,True,TIER2_OPENSOURCE_PURE;CONTINUOUS_MINUTE_STREAM;VERIFIED_MODEL_GRID,6a02586cccefbea5d23bcd4c91bcbab7cf516d0ec6f5a6ceb2cf5c239aaa92f2,2026-09-17T04:53:00+00:00,2026-09-17 09:53:00,64.0,1007.2,79
19.4,28.6,55.2,1773.2,514.8,80.1,10.0,4.4,1.1,451.1,517.0,12.9,13.7,101.0,30.9,23.3,False,4095,0.0,9.9,618.3,EXT-OPEN-METEO-KHI,KARACHI,OPENSOURCE_API_GRID,295,,,,0.95,True,True,TIER2_OPENSOURCE_PURE;CONTINUOUS_MINUTE_STREAM;VERIFIED_MODEL_GRID,d0ff12132b1291d9aaf1ea2c4be2c557e017239261e535452ec47006d77b779d,2026-09-17T04:54:00+00:00,2026-09-17 09:54:00,64.0,1007.2,79
19.4,28.6,55.2,1773.2,514.8,80.1,10.0,4.4,1.1,451.1,515.2,12.9,13.7,101.3,30.9,23.27,False,4095,0.0,9.9,619.7,EXT-OPEN-METEO-KHI,KARACHI,OPENSOURCE_API_GRID,296,,,,0.95,True,True,TIER2_OPENSOURCE_PURE;CONTINUOUS_MINUTE_STREAM;VERIFIED_MODEL_GRID,92310528bbdd507494519e36dd2933df93b6afdbd9eff1293b2c8dfc3ad5b3dc,2026-09-17T04:55:00+00:00,2026-09-17 09:55:00,63.9,1007.2,79
19.4,28.6,55.1,1773.2,514.8,80.1,10.0,4.4,1.1,451.1,513.7,12.9,13.7,101.6,30.9,23.27,False,4095,0.0,9.9,620.9,EXT-OPEN-METEO-KHI,KARACHI,OPENSOURCE_API_GRID,297,,,,0.95,True,True,TIER2_OPENSOURCE_PURE;CONTINUOUS_MINUTE_STREAM;VERIFIED_MODEL_GRID,156381087bbee5c481a89e68a901553607370d476e631029143a7d396413d902,2026-09-17T04:56:00+00:00,2026-09-17 09:56:00,63.9,1007.2,79
19.4,28.5,55.1,1767.0,513.0,79.8,10.0,4.4,1.1,451.0,512.5,12.8,13.7,101.8,30.9,23.27,False,4095,0.0,10.0,621.7,EXT-OPEN-METEO-KHI,KARACHI,OPENSOURCE_API_GRID,298,,,,0.95,True,True,TIER2_OPENSOURCE_PURE;CONTINUOUS_MINUTE_STREAM;VERIFIED_MODEL_GRID,ecd2dca7abac15dbf531d60dd2d1fcc3b5471850630e6842d514913a7c6a436b,2026-09-17T04:57:00+00:00,2026-09-17 09:57:00,63.9,1007.2,79
19.4,28.5,55.0,1767.0,513.0,79.8,10.0,4.4,1.1,451.0,511.7,12.8,13.7,101.9,30.9,23.27,False,4095,0.0,10.0,622.4,EXT-OPEN-METEO-KHI,KARACHI,OPENSOURCE_API_GRID,299,,,,0.95,True,True,TIER2_OPENSOURCE_PURE;CONTINUOUS_MINUTE_STREAM;VERIFIED_MODEL_GRID,0be0b39d84dfb8939c196b1925f8a1ca1bcb7b56a7a18c665fd8318d765e8e06,2026-09-17T04:58:00+00:00,2026-09-17 09:58:00,63.9,1007.2,79
19.4,28.5,55.0,1767.0,513.0,79.8,10.0,4.4,1.1,451.0,511.2,12.8,13.7,102.0,30.9,23.27,False,4095,0.0,10.0,622.8,EXT-OPEN-METEO-KHI,KARACHI,OPENSOURCE_API_GRID,300,,,,0.95,True,True,TIER2_OPENSOURCE_PURE;CONTINUOUS_MINUTE_STREAM;VERIFIED_MODEL_GRID,5c5707c4a9549cf00d26c5a74d5b2119030c496cbde886779f94cc5d3b2d87a7,2026-09-17T04:59:00+00:00,2026-09-17 09:59:00,63.9,1007.2,79
19.4,28.5,55.0,1767.0,513.0,79.8,10.0,4.4,1.1,451.0,511.0,12.8,13.7,102.0,30.9,23.27,False,4095,0.0,10.0,622.9,EXT-OPEN-METEO-KHI,KARACHI,OPENSOURCE_API_GRID,301,,,,0.95,True,False,TIER2_OPENSOURCE_PURE;HOURLY_NODE;VERIFIED_MODEL_GRID,04c02941c38e0875c15f3ca21bd613f220389f956f3374eef9c26d7969db329f,2026-09-17T05:00:00+00:00,2026-09-17 10:00:00,63.9,1007.2,78
19.4,28.5,55.0,1767.0,513.0,79.8,10.0,4.4,1.1,451.0,510.9,12.8,13.7,102.0,30.9,23.27,False,4095,0.0,10.0,623.0,EXT-OPEN-METEO-KHI,KARACHI,OPENSOURCE_API_GRID,302,,,,0.95,True,True,TIER2_OPENSOURCE_PURE;CONTINUOUS_MINUTE_STREAM;VERIFIED_MODEL_GRID,ac8654520fc692647d3fdb7253cb974ead901f961ba64e36204a9ac07db5218f,2026-09-17T05:01:00+00:00,2026-09-17 10:01:00,63.9,1007.2,78
19.4,28.5,55.0,1767.0,513.0,79.8,10.0,4.4,1.1,451.0,510.5,12.8,13.7,102.1,30.9,23.27,False,4095,0.0,10.0,623.3,EXT-OPEN-METEO-KHI,KARACHI,OPENSOURCE_API_GRID,303,,,,0.95,True,True,TIER2_OPENSOURCE_PURE;CONTINUOUS_MINUTE_STREAM;VERIFIED_MODEL_GRID,f8a69f63592a5aaf24a335f49a1299367a9e297577b52f071b6f5f42fd4f7c82,2026-09-17T05:02:00+00:00,2026-09-17 10:02:00,63.9,1007.2,78
19.4,28.5,55.0,1767.0,513.0,79.8,10.0,4.4,1.1,451.0,509.8,12.8,13.7,102.2,30.9,23.27,False,4095,0.0,10.0,623.8,EXT-OPEN-METEO-KHI,KARACHI,OPENSOURCE_API_GRID,304,,,,0.95,True,True,TIER2_OPENSOURCE_PURE;CONTINUOUS_MINUTE_STREAM;VERIFIED_MODEL_GRID,42f3ffd8407cea08a306fff938b6341ac93933d934d3e27052fa849a7953ecf8,2026-09-17T05:03:00+00:00,2026-09-17 10:03:00,63.9,1007.2,78
19.4,28.6,55.0,1773.2,514.8,80.1,10.0,4.4,1.1,451.0,508.9,12.8,13.7,102.3,30.9,23.27,False,4095,0.0,10.0,624.5,EXT-OPEN-METEO-KHI,KARACHI,OPENSOURCE_API_GRID,305,,,,0.95,True,True,TIER2_OPENSOURCE_PURE;CONTINUOUS_MINUTE_STREAM;VERIFIED_MODEL_GRID,5b7c1ab50bf7330f29c6410f2a36c777ba147cdabd9fcb1f898979e4a9cf0503,2026-09-17T05:04:00+00:00,2026-09-17 10:04:00,63.9,1007.2,78
19.4,28.6,55.1,1773.2,514.8,80.1,10.0,4.4,1.1,450.9,507.7,12.7,13.7,102.5,30.9,23.27,False,4095,0.0,10.0,625.3,EXT-OPEN-METEO-KHI,KARACHI,OPENSOURCE_API_GRID,306,,,,0.95,True,True,TIER2_OPENSOURCE_PURE;CONTINUOUS_MINUTE_STREAM;VERIFIED_MODEL_GRID,0ccfc6b735ea6c8bfbed1e4e8165f1124812213c2317a80b61f2235817a35401,2026-09-17T05:05:00+00:00,2026-09-17 10:05:00,63.9,1007.2,78
19.4,28.6,55.1,1773.2,514.8,80.1,10.0,4.4,1.1,450.9,506.3,12.7,13.7,102.7,30.9,23.27,False,4095,0.0,10.0,626.4,EXT-OPEN-METEO-KHI,KARACHI,OPENSOURCE_API_GRID,307,,,,0.95,True,True,TIER2_OPENSOURCE_PURE;CONTINUOUS_MINUTE_STREAM;VERIFIED_MODEL_GRID,46e27a37eaa82c591da34af65244c12f337e55582f31741ac817086f0fd0bae6,2026-09-17T05:06:00+00:00,2026-09-17 10:06:00,63.9,1007.2,78
19.5,28.7,55.1,1779.4,516.6,80.4,10.0,4.4,1.1,450.9,504.6,12.7,13.7,102.9,30.9,23.3,False,4095,0.0,10.0,627.7,EXT-OPEN-METEO-KHI,KARACHI,OPENSOURCE_API_GRID,308,,,,0.95,True,True,TIER2_OPENSOURCE_PURE;CONTINUOUS_MINUTE_STREAM;VERIFIED_MODEL_GRID,dd468e0d158fb3a081b905cb60aef125a28b39209245a7babdfeba9d7301d4e3,2026-09-17T05:07:00+00:00,2026-09-17 10:07:00,64.0,1007.2,78
19.5,28.7,55.1,1779.4,516.6,80.4,10.0,4.4,1.1,450.8,502.7,12.6,13.7,103.2,30.9,23.3,False,4095,0.0,10.0,629.1,EXT-OPEN-METEO-KHI,KARACHI,OPENSOURCE_API_GRID,309,,,,0.95,True,True,TIER2_OPENSOURCE_PURE;CONTINUOUS_MINUTE_STREAM;VERIFIED_MODEL_GRID,5ff1df3d83eae6609f8ea46270976656c7f305fe8f1d6e015c8ed1a0700ba081,2026-09-17T05:08:00+00:00,2026-09-17 10:08:00,64.0,1007.2,78
19.6,28.8,55.1,1785.6,518.4,80.6,10.1,4.4,1.1,450.8,500.5,12.6,13.7,103.5,30.9,23.3,False,4095,0.0,10.0,630.7,EXT-OPEN-METEO-KHI,KARACHI,OPENSOURCE_API_GRID,310,,,,0.95,True,True,TIER2_OPENSOURCE_PURE;CONTINUOUS_MINUTE_STREAM;VERIFIED_MODEL_GRID,643f73eef10e8be317d190b874913d7f6dbe7aa4765d6b97307f4742397c1ae2,2026-09-17T05:09:00+00:00,2026-09-17 10:09:00,64.0,1007.2,78
19.5,28.7,55.0,1779.4,516.6,80.4,10.0,4.4,1.1,450.7,498.1,12.5,13.7,103.9,30.9,23.32,False,4095,0.0,10.0,632.5,EXT-OPEN-METEO-KHI,KARACHI,OPENSOURCE_API_GRID,311,,,,0.95,True,True,TIER2_OPENSOURCE_PURE;CONTINUOUS_MINUTE_STREAM;VERIFIED_MODEL_GRID,9b225efff7c9c074d59ba547208a9584c8415857e698bc0f8e057d4d57feacf6,2026-09-17T05:10:00+00:00,2026-09-17 10:10:00,64.1,1007.2,78
19.5,28.7,55.0,1779.4,516.6,80.4,10.0,4.4,1.1,450.7,495.4,12.5,13.7,104.3,31.0,23.42,False,4095,0.0,10.0,634.5,EXT-OPEN-METEO-KHI,KARACHI,OPENSOURCE_API_GRID,312,,,,0.95,True,True,TIER2_OPENSOURCE_PURE;CONTINUOUS_MINUTE_STREAM;VERIFIED_MODEL_GRID,a84b68f5726f45068cb8562e766def77d9928659306c5c2457e5c56f64042dcf,2026-09-17T05:11:00+00:00,2026-09-17 10:11:00,64.1,1007.2,78
19.5,28.7,54.9,1779.4,516.6,80.4,10.0,4.4,1.1,450.6,492.6,12.4,13.7,104.7,31.0,23.39,False,4095,0.0,10.0,636.6,EXT-OPEN-METEO-KHI,KARACHI,OPENSOURCE_API_GRID,313,,,,0.95,True,True,TIER2_OPENSOURCE_PURE;CONTINUOUS_MINUTE_STREAM;VERIFIED_MODEL_GRID,64012a3bb37fff64b4d9de2e2bfe88ce86788d7ae12d3102683ccc0ae4fbb6ed,2026-09-17T05:12:00+00:00,2026-09-17 10:12:00,64.0,1007.2,78
19.6,28.8,54.9,1785.6,518.4,80.6,10.1,4.4,1.1,450.6,489.5,12.4,13.7,105.1,31.0,23.39,False,4095,0.0,10.0,638.9,EXT-OPEN-METEO-KHI,KARACHI,OPENSOURCE_API_GRID,314,,,,0.95,True,True,TIER2_OPENSOURCE_PURE;CONTINUOUS_MINUTE_STREAM;VERIFIED_MODEL_GRID,6fbae832d5d87c67f850c4218023ca22ced8b92edf809f9ba4ebf2c0380f0ba0,2026-09-17T05:13:00+00:00,2026-09-17 10:13:00,64.0,1007.2,78
19.6,28.8,54.9,1785.6,518.4,80.6,10.1,4.4,1.1,450.5,486.2,12.3,13.7,105.6,31.0,23.39,False,4095,0.0,10.0,641.3,EXT-OPEN-METEO-KHI,KARACHI,OPENSOURCE_API_GRID,315,,,,0.95,True,True,TIER2_OPENSOURCE_PURE;CONTINUOUS_MINUTE_STREAM;VERIFIED_MODEL_GRID,829449307deedcfecd916849e46be13cebae468278873e18dce9baad2c75d2ec,2026-09-17T05:14:00+00:00,2026-09-17 10:14:00,64.0,1007.2,78
19.6,28.8,54.8,1785.6,518.4,80.6,10.1,4.4,1.1,450.4,482.7,12.2,13.7,106.1,31.0,23.39,False,4095,0.0,10.0,643.9,EXT-OPEN-METEO-KHI,KARACHI,OPENSOURCE_API_GRID,316,,,,0.95,True,True,TIER2_OPENSOURCE_PURE;CONTINUOUS_MINUTE_STREAM;VERIFIED_MODEL_GRID,ee1760038bb6f2fadf27b453a2a16da2a01e1640148cc6d9990d14fe89389923,2026-09-17T05:15:00+00:00,2026-09-17 10:15:00,64.0,1007.2,78
19.6,28.8,54.7,1785.6,518.4,80.6,10.1,4.4,1.1,450.3,479.1,12.2,13.7,106.6,31.0,23.37,False,4095,0.0,10.0,646.6,EXT-OPEN-METEO-KHI,KARACHI,OPENSOURCE_API_GRID,317,,,,0.95,True,True,TIER2_OPENSOURCE_PURE;CONTINUOUS_MINUTE_STREAM;VERIFIED_MODEL_GRID,3dceb8f4e74415311c5da9e2cd5d0b7f7d45ee53dcc8698249f1b1455ddb748d,2026-09-17T05:16:00+00:00,2026-09-17 10:16:00,63.9,1007.2,78
19.6,28.8,54.7,1785.6,518.4,80.6,10.1,4.4,1.1,450.3,475.2,12.1,13.7,107.2,31.1,23.46,False,4095,0.0,10.0,649.5,EXT-OPEN-METEO-KHI,KARACHI,OPENSOURCE_API_GRID,318,,,,0.95,True,True,TIER2_OPENSOURCE_PURE;CONTINUOUS_MINUTE_STREAM;VERIFIED_MODEL_GRID,7fe28e12b26f2b256e113057f60e9aa5eb094aff554bf49b20567a25c1006635,2026-09-17T05:17:00+00:00,2026-09-17 10:17:00,63.9,1007.3,78
19.6,28.8,54.5,1785.6,518.4,80.6,10.1,4.4,1.1,450.2,471.2,12.0,13.7,107.8,31.1,23.44,False,4095,0.0,10.0,652.5,EXT-OPEN-METEO-KHI,KARACHI,OPENSOURCE_API_GRID,319,,,,0.95,True,True,TIER2_OPENSOURCE_PURE;CONTINUOUS_MINUTE_STREAM;VERIFIED_MODEL_GRID,797247f05c6ce9ee6cc07c3dcc493f28477fb469987943cd4414602cb8dd061d,2026-09-17T05:18:00+00:00,2026-09-17 10:18:00,63.8,1007.3,78
19.6,28.8,54.4,1785.6,518.4,80.6,10.1,4.4,1.1,450.1,467.1,11.9,13.7,108.4,31.1,23.44,False,4095,0.0,10.0,655.6,EXT-OPEN-METEO-KHI,KARACHI,OPENSOURCE_API_GRID,320,,,,0.95,True,True,TIER2_OPENSOURCE_PURE;CONTINUOUS_MINUTE_STREAM;VERIFIED_MODEL_GRID,fd40583e22555e0e762da1105b4c8497477e1c46b1b2113bc057d894aa71dfb5,2026-09-17T05:19:00+00:00,2026-09-17 10:19:00,63.8,1007.3,78
19.6,28.8,54.3,1785.6,518.4,80.6,10.1,4.3,1.1,450.0,462.8,11.8,13.7,109.0,31.1,23.41,False,4095,0.0,10.0,658.8,EXT-OPEN-METEO-KHI,KARACHI,OPENSOURCE_API_GRID,321,,,,0.95,True,True,TIER2_OPENSOURCE_PURE;CONTINUOUS_MINUTE_STREAM;VERIFIED_MODEL_GRID,5e851eb3ba27ef845e38b049c44aa8ef7c8e8eca8bf009bfb74a9d2a22ecfb28,2026-09-17T05:20:00+00:00,2026-09-17 10:20:00,63.7,1007.3,78
19.5,28.7,54.1,1779.4,516.6,80.4,10.0,4.3,1.1,449.9,458.3,11.7,13.7,109.6,31.1,23.41,False,4095,0.0,10.0,662.1,EXT-OPEN-METEO-KHI,KARACHI,OPENSOURCE_API_GRID,322,,,,0.95,True,True,TIER2_OPENSOURCE_PURE;CONTINUOUS_MINUTE_STREAM;VERIFIED_MODEL_GRID,e98d10f95624eaed07472c8f1f1ef4a42b2d618b2a29f90707503663f7e582d5,2026-09-17T05:21:00+00:00,2026-09-17 10:21:00,63.7,1007.3,78
19.5,28.7,53.9,1779.4,516.6,80.4,10.0,4.3,1.1,449.8,453.8,11.6,13.7,110.3,31.1,23.38,False,4095,0.0,10.0,665.5,EXT-OPEN-METEO-KHI,KARACHI,OPENSOURCE_API_GRID,323,,,,0.95,True,True,TIER2_OPENSOURCE_PURE;CONTINUOUS_MINUTE_STREAM;VERIFIED_MODEL_GRID,02446c89bde3736d61f5731716ee32d9bc006538a1e8e34d2b7e88a2ac1f4f1c,2026-09-17T05:22:00+00:00,2026-09-17 10:22:00,63.6,1007.3,78
19.4,28.6,53.7,1773.2,514.8,80.1,10.0,4.3,1.1,449.7,449.1,11.5,13.7,111.0,31.1,23.38,False,4095,0.0,10.0,668.9,EXT-OPEN-METEO-KHI,KARACHI,OPENSOURCE_API_GRID,324,,,,0.95,True,True,TIER2_OPENSOURCE_PURE;CONTINUOUS_MINUTE_STREAM;VERIFIED_MODEL_GRID,1f1037f09e89e7f5b5a493f6938f7660dec9830cd58e166a4b566b715bb2f330,2026-09-17T05:23:00+00:00,2026-09-17 10:23:00,63.6,1007.3,78
19.4,28.6,53.5,1773.2,514.8,80.1,10.0,4.3,1.1,449.6,444.3,11.5,13.7,111.7,31.1,23.38,False,4095,0.0,10.0,672.5,EXT-OPEN-METEO-KHI,KARACHI,OPENSOURCE_API_GRID,325,,,,0.95,True,True,TIER2_OPENSOURCE_PURE;CONTINUOUS_MINUTE_STREAM;VERIFIED_MODEL_GRID,e29b05ae231f8ccd594bc802ab32e4ccedbd4c5f07a9c19185081f4f712104f5,2026-09-17T05:24:00+00:00,2026-09-17 10:24:00,63.6,1007.3,78
19.4,28.5,53.4,1767.0,513.0,79.8,10.0,4.3,1.1,449.5,439.5,11.4,13.7,112.4,31.1,23.36,False,4095,0.0,10.0,676.1,EXT-OPEN-METEO-KHI,KARACHI,OPENSOURCE_API_GRID,326,,,,0.95,True,True,TIER2_OPENSOURCE_PURE;CONTINUOUS_MINUTE_STREAM;VERIFIED_MODEL_GRID,aec52da0e2e49c79cce5d44aa0d60c7ab7150c3c264dfc817f5ab7daff72719c,2026-09-17T05:25:00+00:00,2026-09-17 10:25:00,63.5,1007.3,78
19.4,28.5,53.2,1767.0,513.0,79.8,10.0,4.3,1.1,449.4,434.6,11.3,13.7,113.1,31.1,23.36,False,4095,0.0,10.0,679.7,EXT-OPEN-METEO-KHI,KARACHI,OPENSOURCE_API_GRID,327,,,,0.95,True,True,TIER2_OPENSOURCE_PURE;CONTINUOUS_MINUTE_STREAM;VERIFIED_MODEL_GRID,795004c69fc35750457fa7802fdd902c7765e274206069a104aec0acec9896f3,2026-09-17T05:26:00+00:00,2026-09-17 10:26:00,63.5,1007.3,78
19.3,28.4,53.0,1760.8,511.2,79.5,9.9,4.2,1.1,449.3,429.6,11.2,13.7,113.8,31.1,23.33,False,4095,0.0,10.0,683.4,EXT-OPEN-METEO-KHI,KARACHI,OPENSOURCE_API_GRID,328,,,,0.95,True,True,TIER2_OPENSOURCE_PURE;CONTINUOUS_MINUTE_STREAM;VERIFIED_MODEL_GRID,b34f005ff8ae92f5c3b561097cc4f2a7e299d4fa9fbd392bd74e1a4da9c5ea4a,2026-09-17T05:27:00+00:00,2026-09-17 10:27:00,63.4,1007.3,78
19.3,28.4,52.8,1760.8,511.2,79.5,9.9,4.2,1.1,449.2,424.6,11.1,13.7,114.5,31.1,23.33,False,4095,0.0,10.0,687.2,EXT-OPEN-METEO-KHI,KARACHI,OPENSOURCE_API_GRID,329,,,,0.95,True,True,TIER2_OPENSOURCE_PURE;CONTINUOUS_MINUTE_STREAM;VERIFIED_MODEL_GRID,f597d9a43f5e86e830a48819128bee9e2d7c7fc47a535e72d928e403124dd031,2026-09-17T05:28:00+00:00,2026-09-17 10:28:00,63.4,1007.3,78
19.2,28.3,52.6,1754.6,509.4,79.2,9.9,4.2,1.1,449.1,419.6,11.0,13.7,115.3,31.2,23.43,False,4095,0.0,10.0,690.9,EXT-OPEN-METEO-KHI,KARACHI,OPENSOURCE_API_GRID,330,,,,0.95,True,True,TIER2_OPENSOURCE_PURE;CONTINUOUS_MINUTE_STREAM;VERIFIED_MODEL_GRID,c3af787e98959b850a958ed500512e2fc8e60b9c92f4d1b0d7328e2e2c3f11f0,2026-09-17T05:29:00+00:00,2026-09-17 10:29:00,63.4,1007.3,78
19.2,28.3,52.5,1754.6,509.4,79.2,9.9,4.2,1.1,449.0,414.5,10.8,13.6,116.0,31.2,23.43,False,4095,0.0,10.0,694.6,EXT-OPEN-METEO-KHI,KARACHI,OPENSOURCE_API_GRID,331,,,,0.95,True,True,TIER2_OPENSOURCE_PURE;CONTINUOUS_MINUTE_STREAM;VERIFIED_MODEL_GRID,5ca8e15632b04b6d9ffeb4b7a8cb4d518528e011785ab0a00da42c1c7aa1d5a1,2026-09-17T05:30:00+00:00,2026-09-17 10:30:00,63.4,1007.3,78
19.2,28.3,52.3,1754.6,509.4,79.2,9.9,4.2,1.0,448.9,409.4,10.7,13.6,116.7,31.2,23.4,False,4095,0.0,10.0,698.4,EXT-OPEN-METEO-KHI,KARACHI,OPENSOURCE_API_GRID,332,,,,0.95,True,True,TIER2_OPENSOURCE_PURE;CONTINUOUS_MINUTE_STREAM;VERIFIED_MODEL_GRID,4daed4c510f8288ef3610f79802feeff2bf94ce63e10a297cb154b640304ea05,2026-09-17T05:31:00+00:00,2026-09-17 10:31:00,63.3,1007.3,78
19.2,28.3,52.2,1754.6,509.4,79.2,9.9,4.2,1.0,448.8,404.4,10.6,13.6,117.5,31.2,23.4,False,4095,0.0,10.0,702.1,EXT-OPEN-METEO-KHI,KARACHI,OPENSOURCE_API_GRID,333,,,,0.95,True,True,TIER2_OPENSOURCE_PURE;CONTINUOUS_MINUTE_STREAM;VERIFIED_MODEL_GRID,3a2e183c72ce067aecdb999a8605fddb03869e943c696b926597fdfd56d457f6,2026-09-17T05:32:00+00:00,2026-09-17 10:32:00,63.3,1007.3,78
19.2,28.3,52.1,1754.6,509.4,79.2,9.9,4.2,1.0,448.7,399.4,10.5,13.6,118.2,31.2,23.4,False,4095,0.0,10.0,705.9,EXT-OPEN-METEO-KHI,KARACHI,OPENSOURCE_API_GRID,334,,,,0.95,True,True,TIER2_OPENSOURCE_PURE;CONTINUOUS_MINUTE_STREAM;VERIFIED_MODEL_GRID,9d0b4ed18e859e43b07a7f5a7fac78b40baab551ddeee81900ff2f48e8504c45,2026-09-17T05:33:00+00:00,2026-09-17 10:33:00,63.3,1007.3,78
19.2,28.3,52.0,1754.6,509.4,79.2,9.9,4.2,1.0,448.6,394.4,10.4,13.6,118.9,31.2,23.4,False,4095,0.0,10.0,709.6,EXT-OPEN-METEO-KHI,KARACHI,OPENSOURCE_API_GRID,335,,,,0.95,True,True,TIER2_OPENSOURCE_PURE;CONTINUOUS_MINUTE_STREAM;VERIFIED_MODEL_GRID,ac5004ff6582ea820355664bbe732941172a0a2b7bbca08030a580e398eca696,2026-09-17T05:34:00+00:00,2026-09-17 10:34:00,63.3,1007.3,78
19.2,28.3,51.9,1754.6,509.4,79.2,9.9,4.2,1.0,448.5,389.5,10.3,13.6,119.6,31.2,23.4,False,4095,0.0,10.0,713.2,EXT-OPEN-METEO-KHI,KARACHI,OPENSOURCE_API_GRID,336,,,,0.95,True,True,TIER2_OPENSOURCE_PURE;CONTINUOUS_MINUTE_STREAM;VERIFIED_MODEL_GRID,ba40337d03c3a65d95d943316c7f96fa87d1084f265ef693c17cb454293b3729,2026-09-17T05:35:00+00:00,2026-09-17 10:35:00,63.3,1007.3,78
19.2,28.3,51.8,1754.6,509.4,79.2,9.9,4.1,1.0,448.4,384.7,10.2,13.6,120.3,31.2,23.4,False,4095,0.0,10.0,716.8,EXT-OPEN-METEO-KHI,KARACHI,OPENSOURCE_API_GRID,337,,,,0.95,True,True,TIER2_OPENSOURCE_PURE;CONTINUOUS_MINUTE_STREAM;VERIFIED_MODEL_GRID,dac4f8c39a9e6b4418ddbd76cbb4a17cc190ce4fe30b5c6c1cac9a1f560f55bf,2026-09-17T05:36:00+00:00,2026-09-17 10:36:00,63.3,1007.3,78
19.3,28.4,51.8,1760.8,511.2,79.5,9.9,4.1,1.0,448.3,379.9,10.2,13.6,121.0,31.3,23.49,False,4095,0.0,10.0,720.4,EXT-OPEN-METEO-KHI,KARACHI,OPENSOURCE_API_GRID,338,,,,0.95,True,True,TIER2_OPENSOURCE_PURE;CONTINUOUS_MINUTE_STREAM;VERIFIED_MODEL_GRID,be8d1cd359f19f99241f10d2eac54178d77805910366965a6fe31352e6a065b4,2026-09-17T05:37:00+00:00,2026-09-17 10:37:00,63.3,1007.3,78
19.3,28.4,51.7,1760.8,511.2,79.5,9.9,4.1,1.0,448.2,375.2,10.1,13.6,121.7,31.3,23.49,False,4095,0.0,10.0,723.8,EXT-OPEN-METEO-KHI,KARACHI,OPENSOURCE_API_GRID,339,,,,0.95,True,True,TIER2_OPENSOURCE_PURE;CONTINUOUS_MINUTE_STREAM;VERIFIED_MODEL_GRID,7cff7a29ef6fb7f022f36e166e0a6e921b5f034ffc620013639cb5c0e6a1892d,2026-09-17T05:38:00+00:00,2026-09-17 10:38:00,63.3,1007.3,78
19.3,28.4,51.6,1760.8,511.2,79.5,9.9,4.1,1.0,448.1,370.7,10.0,13.6,122.4,31.3,23.49,False,4095,0.0,10.0,727.2,EXT-OPEN-METEO-KHI,KARACHI,OPENSOURCE_API_GRID,340,,,,0.95,True,True,TIER2_OPENSOURCE_PURE;CONTINUOUS_MINUTE_STREAM;VERIFIED_MODEL_GRID,f8f805ac7a69a343f3c8db2f4cb29edc2476457290d37891dad332dc241263d5,2026-09-17T05:39:00+00:00,2026-09-17 10:39:00,63.3,1007.3,78
19.4,28.5,51.6,1767.0,513.0,79.8,10.0,4.1,1.0,448.0,366.2,9.9,13.6,123.0,31.3,23.49,False,4095,0.0,10.0,730.5,EXT-OPEN-METEO-KHI,KARACHI,OPENSOURCE_API_GRID,341,,,,0.95,True,True,TIER2_OPENSOURCE_PURE;CONTINUOUS_MINUTE_STREAM;VERIFIED_MODEL_GRID,88a3f25ed91c429b3576a1b078f7bfbae3cfe643db7abf550662598a22536c5c,2026-09-17T05:40:00+00:00,2026-09-17 10:40:00,63.3,1007.3,78
19.3,28.4,51.4,1760.8,511.2,79.5,9.9,4.1,1.0,447.9,361.9,9.8,13.6,123.6,31.4,23.61,False,4095,0.0,10.0,733.7,EXT-OPEN-METEO-KHI,KARACHI,OPENSOURCE_API_GRID,342,,,,0.95,True,True,TIER2_OPENSOURCE_PURE;CONTINUOUS_MINUTE_STREAM;VERIFIED_MODEL_GRID,e0a8755f8657e79c66d19a31e9a988493a864b0e51643fc21fb0c49f49147df2,2026-09-17T05:41:00+00:00,2026-09-17 10:41:00,63.4,1007.4,78
19.3,28.4,51.3,1760.8,511.2,79.5,9.9,4.1,1.0,447.8,357.8,9.7,13.6,124.2,31.4,23.61,False,4095,0.0,10.0,736.8,EXT-OPEN-METEO-KHI,KARACHI,OPENSOURCE_API_GRID,343,,,,0.95,True,True,TIER2_OPENSOURCE_PURE;CONTINUOUS_MINUTE_STREAM;VERIFIED_MODEL_GRID,cad2a6a1542f15c9cc0e2801c76473da442444c48de4c7ae64ff0010a403872b,2026-09-17T05:42:00+00:00,2026-09-17 10:42:00,63.4,1007.4,78
19.4,28.5,51.3,1767.0,513.0,79.8,10.0,4.1,1.0,447.7,353.8,9.6,13.6,124.8,31.4,23.59,False,4095,0.0,10.0,739.8,EXT-OPEN-METEO-KHI,KARACHI,OPENSOURCE_API_GRID,344,,,,0.95,True,True,TIER2_OPENSOURCE_PURE;CONTINUOUS_MINUTE_STREAM;VERIFIED_MODEL_GRID,d796656289edae5864e2ca530630303a9506a50deb884319931d5284a8dde431,2026-09-17T05:43:00+00:00,2026-09-17 10:43:00,63.3,1007.4,78
19.4,28.5,51.2,1767.0,513.0,79.8,10.0,4.1,1.0,447.7,349.9,9.5,13.6,125.4,31.4,23.59,False,4095,0.0,10.0,742.7,EXT-OPEN-METEO-KHI,KARACHI,OPENSOURCE_API_GRID,345,,,,0.95,True,True,TIER2_OPENSOURCE_PURE;CONTINUOUS_MINUTE_STREAM;VERIFIED_MODEL_GRID,c659702719ba1d5158f63f8c208554efee5258b7bdee1342a85b28509020d738,2026-09-17T05:44:00+00:00,2026-09-17 10:44:00,63.3,1007.4,78
19.4,28.5,51.2,1767.0,513.0,79.8,10.0,4.1,1.0,447.6,346.3,9.5,13.6,125.9,31.4,23.59,False,4095,0.0,10.0,745.4,EXT-OPEN-METEO-KHI,KARACHI,OPENSOURCE_API_GRID,346,,,,0.95,True,True,TIER2_OPENSOURCE_PURE;CONTINUOUS_MINUTE_STREAM;VERIFIED_MODEL_GRID,3533ac7fa4a5ff5ff64e0eac42bdd47262392756ed3207ac6d4bbc2388e6d522,2026-09-17T05:45:00+00:00,2026-09-17 10:45:00,63.3,1007.4,78
19.4,28.5,51.1,1767.0,513.0,79.8,10.0,4.1,1.0,447.5,342.8,9.4,13.6,126.4,31.5,23.66,False,4095,0.0,10.0,748.0,EXT-OPEN-METEO-KHI,KARACHI,OPENSOURCE_API_GRID,347,,,,0.95,True,True,TIER2_OPENSOURCE_PURE;CONTINUOUS_MINUTE_STREAM;VERIFIED_MODEL_GRID,03b0be5538c3db4baa28175e80f48fbb8bfff409e0b59af2d1886b13103a2d07,2026-09-17T05:46:00+00:00,2026-09-17 10:46:00,63.2,1007.4,78
19.4,28.5,51.1,1767.0,513.0,79.8,10.0,4.1,1.0,447.4,339.5,9.3,13.6,126.9,31.5,23.66,False,4095,0.0,10.0,750.4,EXT-OPEN-METEO-KHI,KARACHI,OPENSOURCE_API_GRID,348,,,,0.95,True,True,TIER2_OPENSOURCE_PURE;CONTINUOUS_MINUTE_STREAM;VERIFIED_MODEL_GRID,8f3b1f12f3dfcb18220f54ba6e2405a0b44ec7130dbb6db645cc70a7f60e0928,2026-09-17T05:47:00+00:00,2026-09-17 10:47:00,63.2,1007.4,78
19.4,28.5,51.0,1767.0,513.0,79.8,10.0,4.1,1.0,447.4,336.4,9.3,13.6,127.3,31.5,23.66,False,4095,0.0,10.0,752.7,EXT-OPEN-METEO-KHI,KARACHI,OPENSOURCE_API_GRID,349,,,,0.95,True,True,TIER2_OPENSOURCE_PURE;CONTINUOUS_MINUTE_STREAM;VERIFIED_MODEL_GRID,a6e779f21f13e0c7641e4d0d0bdd9801a8e9d48f066ed968210c333481c03d48,2026-09-17T05:48:00+00:00,2026-09-17 10:48:00,63.2,1007.4,78
19.4,28.5,50.9,1767.0,513.0,79.8,10.0,4.1,1.0,447.3,333.6,9.2,13.6,127.7,31.5,23.63,False,4095,0.0,10.0,754.8,EXT-OPEN-METEO-KHI,KARACHI,OPENSOURCE_API_GRID,350,,,,0.95,True,True,TIER2_OPENSOURCE_PURE;CONTINUOUS_MINUTE_STREAM;VERIFIED_MODEL_GRID,5014898db1b5666e0065f0b4f973cabf5cbfda062ab0d093505a91261e7008cb,2026-09-17T05:49:00+00:00,2026-09-17 10:49:00,63.1,1007.4,78
19.4,28.5,50.8,1767.0,513.0,79.8,10.0,4.1,1.0,447.3,330.9,9.2,13.6,128.1,31.5,23.63,False,4095,0.0,10.0,756.8,EXT-OPEN-METEO-KHI,KARACHI,OPENSOURCE_API_GRID,351,,,,0.95,True,True,TIER2_OPENSOURCE_PURE;CONTINUOUS_MINUTE_STREAM;VERIFIED_MODEL_GRID,eff0311a4f89806a1df72598770c99c30e4c4a898c9e26501a2c01460e43d3b6,2026-09-17T05:50:00+00:00,2026-09-17 10:50:00,63.1,1007.4,78
19.4,28.5,50.7,1767.0,513.0,79.8,10.0,4.1,1.0,447.2,328.5,9.1,13.6,128.5,31.5,23.6,False,4095,0.0,10.0,758.6,EXT-OPEN-METEO-KHI,KARACHI,OPENSOURCE_API_GRID,352,,,,0.95,True,True,TIER2_OPENSOURCE_PURE;CONTINUOUS_MINUTE_STREAM;VERIFIED_MODEL_GRID,6db661f421cb6f7e9613407d5d5e3bba30a360538329600bec45db7bae97a91c,2026-09-17T05:51:00+00:00,2026-09-17 10:51:00,63.0,1007.4,78
19.3,28.4,50.6,1760.8,511.2,79.5,9.9,4.0,1.0,447.2,326.3,9.1,13.6,128.8,31.5,23.6,False,4095,0.0,10.0,760.2,EXT-OPEN-METEO-KHI,KARACHI,OPENSOURCE_API_GRID,353,,,,0.95,True,True,TIER2_OPENSOURCE_PURE;CONTINUOUS_MINUTE_STREAM;VERIFIED_MODEL_GRID,eded8f640353f5ec60f26f59118c7df7e8df62678abee2aea3e5b13604648c91,2026-09-17T05:52:00+00:00,2026-09-17 10:52:00,63.0,1007.4,78
19.3,28.4,50.5,1760.8,511.2,79.5,9.9,4.0,1.0,447.1,324.4,9.0,13.6,129.1,31.5,23.6,False,4095,0.0,10.0,761.6,EXT-OPEN-METEO-KHI,KARACHI,OPENSOURCE_API_GRID,354,,,,0.95,True,True,TIER2_OPENSOURCE_PURE;CONTINUOUS_MINUTE_STREAM;VERIFIED_MODEL_GRID,43f24a732a795f3bdc79df8bc8178a17b8242618581552698fc4f8b1e525acd3,2026-09-17T05:53:00+00:00,2026-09-17 10:53:00,63.0,1007.4,78
19.3,28.4,50.4,1760.8,511.2,79.5,9.9,4.0,1.0,447.1,322.7,9.0,13.6,129.3,31.5,23.58,False,4095,0.0,10.0,762.9,EXT-OPEN-METEO-KHI,KARACHI,OPENSOURCE_API_GRID,355,,,,0.95,True,True,TIER2_OPENSOURCE_PURE;CONTINUOUS_MINUTE_STREAM;VERIFIED_MODEL_GRID,41b48646f22dc12c1b55b9a9a4ceb7b7ed6ad00c9a289816610f53e621c2741c,2026-09-17T05:54:00+00:00,2026-09-17 10:54:00,62.9,1007.4,78
19.2,28.3,50.3,1754.6,509.4,79.2,9.9,4.0,1.0,447.1,321.3,9.0,13.6,129.5,31.5,23.58,False,4095,0.0,10.0,764.0,EXT-OPEN-METEO-KHI,KARACHI,OPENSOURCE_API_GRID,356,,,,0.95,True,True,TIER2_OPENSOURCE_PURE;CONTINUOUS_MINUTE_STREAM;VERIFIED_MODEL_GRID,edfdb9dd1e246ce2c0154e76f3cb8149e0fa3c5f62a0807d0918be42eb39158b,2026-09-17T05:55:00+00:00,2026-09-17 10:55:00,62.9,1007.4,78
19.2,28.3,50.2,1754.6,509.4,79.2,9.9,4.0,1.0,447.0,320.1,8.9,13.6,129.7,31.5,23.58,False,4095,0.0,10.0,764.8,EXT-OPEN-METEO-KHI,KARACHI,OPENSOURCE_API_GRID,357,,,,0.95,True,True,TIER2_OPENSOURCE_PURE;CONTINUOUS_MINUTE_STREAM;VERIFIED_MODEL_GRID,d478759445f168d8f6e0fce0207e9b7d1c05827abb16503bea940a71edfc91be,2026-09-17T05:56:00+00:00,2026-09-17 10:56:00,62.9,1007.4,78
19.2,28.2,50.1,1748.4,507.6,79.0,9.9,4.0,1.0,447.0,319.2,8.9,13.6,129.8,31.5,23.58,False,4095,0.0,10.0,765.5,EXT-OPEN-METEO-KHI,KARACHI,OPENSOURCE_API_GRID,358,,,,0.95,True,True,TIER2_OPENSOURCE_PURE;CONTINUOUS_MINUTE_STREAM;VERIFIED_MODEL_GRID,a55ce470f0c0dfd34f7d7219b4b22e7d645f011147ec6b3a7fb7fcdfe7302c66,2026-09-17T05:57:00+00:00,2026-09-17 10:57:00,62.9,1007.4,78
19.2,28.2,50.0,1748.4,507.6,79.0,9.9,4.0,1.0,447.0,318.5,8.9,13.6,129.9,31.5,23.58,False,4095,0.0,10.0,766.0,EXT-OPEN-METEO-KHI,KARACHI,OPENSOURCE_API_GRID,359,,,,0.95,True,True,TIER2_OPENSOURCE_PURE;CONTINUOUS_MINUTE_STREAM;VERIFIED_MODEL_GRID,74384114cd1bcecd5fdb16da54788ed4bd4dc61cffc5d5d6f3883e40744cfd1e,2026-09-17T05:58:00+00:00,2026-09-17 10:58:00,62.9,1007.4,78
19.1,28.1,50.0,1742.2,505.8,78.7,9.8,4.0,1.0,447.0,318.1,8.9,13.6,130.0,31.5,23.58,False,4095,0.0,10.0,766.3,EXT-OPEN-METEO-KHI,KARACHI,OPENSOURCE_API_GRID,360,,,,0.95,True,True,TIER2_OPENSOURCE_PURE;CONTINUOUS_MINUTE_STREAM;VERIFIED_MODEL_GRID,c6c6217aae70661918e05beaec401551bfe7c9c7f6cc66119aa29bbae3f3c788,2026-09-17T05:59:00+00:00,2026-09-17 10:59:00,62.9,1007.4,78
19.1,28.1,49.9,1742.2,505.8,78.7,9.8,4.0,1.0,447.0,318.0,8.9,13.6,130.0,31.5,23.58,False,4095,0.0,10.0,766.4,EXT-OPEN-METEO-KHI,KARACHI,OPENSOURCE_API_GRID,361,,,,0.95,True,False,TIER2_OPENSOURCE_PURE;HOURLY_NODE;VERIFIED_MODEL_GRID,e835aecc11e5c36ec8b38517ed54f5ff02aa6a167ded5b6a2b1b9382d94bdb32,2026-09-17T06:00:00+00:00,2026-09-17 11:00:00,62.9,1007.4,78
19.1,28.1,49.9,1742.2,505.8,78.7,9.8,4.0,1.0,447.0,318.0,8.9,13.6,130.0,31.5,23.58,False,4095,0.0,10.0,766.5,EXT-OPEN-METEO-KHI,KARACHI,OPENSOURCE_API_GRID,362,,,,0.95,True,True,TIER2_OPENSOURCE_PURE;CONTINUOUS_MINUTE_STREAM;VERIFIED_MODEL_GRID,a89a97e93402e34358b1561fc491539a51e31d113b294aa166f842dc5f539606,2026-09-17T06:01:00+00:00,2026-09-17 11:01:00,62.9,1007.4,78
19.1,28.1,49.9,1742.2,505.8,78.7,9.8,4.0,1.0,447.0,317.8,8.9,13.6,130.0,31.5,23.58,False,4095,0.0,10.0,766.6,EXT-OPEN-METEO-KHI,KARACHI,OPENSOURCE_API_GRID,363,,,,0.95,True,True,TIER2_OPENSOURCE_PURE;CONTINUOUS_MINUTE_STREAM;VERIFIED_MODEL_GRID,2ff6d276b14842ea7303a8c980d827748e8d56e36b9c05e6ee345548fc1b0ac5,2026-09-17T06:02:00+00:00,2026-09-17 11:02:00,62.9,1007.4,78
19.1,28.1,49.9,1742.2,505.8,78.7,9.8,4.0,1.0,447.0,317.6,8.9,13.6,130.1,31.5,23.58,False,4095,0.0,10.0,766.9,EXT-OPEN-METEO-KHI,KARACHI,OPENSOURCE_API_GRID,364,,,,0.95,True,True,TIER2_OPENSOURCE_PURE;CONTINUOUS_MINUTE_STREAM;VERIFIED_MODEL_GRID,0f55ea8cbb347bcb02c83e6f36038b38f322a26823957a3b61d9c6f48a196000,2026-09-17T06:03:00+00:00,2026-09-17 11:03:00,62.9,1007.4,78
19.1,28.1,49.9,1742.2,505.8,78.7,9.8,4.0,1.0,447.0,317.3,8.9,13.6,130.1,31.5,23.58,False,4095,0.0,9.9,767.3,EXT-OPEN-METEO-KHI,KARACHI,OPENSOURCE_API_GRID,365,,,,0.95,True,True,TIER2_OPENSOURCE_PURE;CONTINUOUS_MINUTE_STREAM;VERIFIED_MODEL_GRID,3a89b1900c3df73efb87979591f62379cee4a8311d01b307f6c23a359c7ab81b,2026-09-17T06:04:00+00:00,2026-09-17 11:04:00,62.9,1007.4,78
19.1,28.1,49.9,1742.2,505.8,78.7,9.8,4.0,1.0,447.0,316.8,8.9,13.6,130.2,31.5,23.58,False,4095,0.0,9.9,767.7,EXT-OPEN-METEO-KHI,KARACHI,OPENSOURCE_API_GRID,366,,,,0.95,True,True,TIER2_OPENSOURCE_PURE;CONTINUOUS_MINUTE_STREAM;VERIFIED_MODEL_GRID,5ca15e3113187402f3ea5f0dd7c0321f7e8248da6c1f6711e79e0eee06bc15e1,2026-09-17T06:05:00+00:00,2026-09-17 11:05:00,62.9,1007.4,78
19.1,28.1,49.9,1742.2,505.8,78.7,9.8,4.0,1.0,447.0,316.3,8.8,13.6,130.2,31.5,23.6,False,4095,0.0,9.8,768.3,EXT-OPEN-METEO-KHI,KARACHI,OPENSOURCE_API_GRID,367,,,,0.95,True,True,TIER2_OPENSOURCE_PURE;CONTINUOUS_MINUTE_STREAM;VERIFIED_MODEL_GRID,dabed0392f1389d3d2906464e9dfdd8a4bdd787e2ff8659c88a9d20099a2fbc5,2026-09-17T06:06:00+00:00,2026-09-17 11:06:00,63.0,1007.4,78
19.2,28.2,50.0,1748.4,507.6,79.0,9.9,4.0,1.0,446.9,315.7,8.8,13.6,130.3,31.5,23.6,False,4095,0.0,9.8,769.0,EXT-OPEN-METEO-KHI,KARACHI,OPENSOURCE_API_GRID,368,,,,0.95,True,True,TIER2_OPENSOURCE_PURE;CONTINUOUS_MINUTE_STREAM;VERIFIED_MODEL_GRID,50734b0a4088b226397029c3471ecf15c67d4569d4d26487f29169bbb9b1921b,2026-09-17T06:07:00+00:00,2026-09-17 11:07:00,63.0,1007.4,78
19.2,28.2,50.0,1748.4,507.6,79.0,9.9,4.0,1.0,446.9,315.1,8.8,13.5,130.4,31.5,23.63,False,4095,0.0,9.7,769.8,EXT-OPEN-METEO-KHI,KARACHI,OPENSOURCE_API_GRID,369,,,,0.95,True,True,TIER2_OPENSOURCE_PURE;CONTINUOUS_MINUTE_STREAM;VERIFIED_MODEL_GRID,ebbe2da56b0a263a0b01efa59b4e0fa0cdd28cdb3b1467195501d72f47a10c27,2026-09-17T06:08:00+00:00,2026-09-17 11:08:00,63.1,1007.4,78
19.2,28.2,50.0,1748.4,507.6,79.0,9.9,4.0,1.0,446.9,314.3,8.8,13.5,130.5,31.5,23.63,False,4095,0.0,9.6,770.7,EXT-OPEN-METEO-KHI,KARACHI,OPENSOURCE_API_GRID,370,,,,0.95,True,True,TIER2_OPENSOURCE_PURE;CONTINUOUS_MINUTE_STREAM;VERIFIED_MODEL_GRID,da43b5f20e6f440acc36441d97524be2938ebe9ace7c36b46c567b09cb05e237,2026-09-17T06:09:00+00:00,2026-09-17 11:09:00,63.1,1007.4,78
19.2,28.3,50.1,1754.6,509.4,79.2,9.9,4.0,1.0,446.9,313.4,8.8,13.5,130.7,31.5,23.66,False,4095,0.0,9.5,771.7,EXT-OPEN-METEO-KHI,KARACHI,OPENSOURCE_API_GRID,371,,,,0.95,True,True,TIER2_OPENSOURCE_PURE;CONTINUOUS_MINUTE_STREAM;VERIFIED_MODEL_GRID,216f8d2c13eb6ca2db4c551d44973b7c21dae33f867610030e1f5a4a5cc4385d,2026-09-17T06:10:00+00:00,2026-09-17 11:10:00,63.2,1007.3,78
19.2,28.3,50.1,1754.6,509.4,79.2,9.9,4.0,1.0,446.8,312.5,8.7,13.5,130.8,31.5,23.66,False,4095,0.0,9.4,772.7,EXT-OPEN-METEO-KHI,KARACHI,OPENSOURCE_API_GRID,372,,,,0.95,True,True,TIER2_OPENSOURCE_PURE;CONTINUOUS_MINUTE_STREAM;VERIFIED_MODEL_GRID,770695457de5f49b2cc451b64fc6218ae01440ed456cdf3ecbef735630f4f6e4,2026-09-17T06:11:00+00:00,2026-09-17 11:11:00,63.2,1007.3,78
19.2,28.2,50.0,1748.4,507.6,79.0,9.9,4.0,1.0,446.8,311.5,8.7,13.5,131.0,31.5,23.68,False,4095,0.0,9.3,773.9,EXT-OPEN-METEO-KHI,KARACHI,OPENSOURCE_API_GRID,373,,,,0.95,True,True,TIER2_OPENSOURCE_PURE;CONTINUOUS_MINUTE_STREAM;VERIFIED_MODEL_GRID,70e09295f96b18930df5b35979342cecd216cf1d475bfb2958944012ccf0cb7e,2026-09-17T06:12:00+00:00,2026-09-17 11:12:00,63.3,1007.3,78
19.2,28.3,50.0,1754.6,509.4,79.2,9.9,4.0,1.0,446.8,310.4,8.7,13.5,131.1,31.5,23.71,False,4095,0.0,9.2,775.2,EXT-OPEN-METEO-KHI,KARACHI,OPENSOURCE_API_GRID,374,,,,0.95,True,True,TIER2_OPENSOURCE_PURE;CONTINUOUS_MINUTE_STREAM;VERIFIED_MODEL_GRID,8afc725fbee79ddfc2e24106708fd5a920c6b3cd2e5391ddcba3ea89ca8cfb31,2026-09-17T06:13:00+00:00,2026-09-17 11:13:00,63.4,1007.3,78
19.2,28.3,50.0,1754.6,509.4,79.2,9.9,4.0,1.0,446.7,309.3,8.6,13.4,131.3,31.5,23.71,False,4095,0.0,9.1,776.5,EXT-OPEN-METEO-KHI,KARACHI,OPENSOURCE_API_GRID,375,,,,0.95,True,True,TIER2_OPENSOURCE_PURE;CONTINUOUS_MINUTE_STREAM;VERIFIED_MODEL_GRID,88f8081b69b6413829c31479e7fb5c9629b9f8cde3598e41bf9dc3587f01d336,2026-09-17T06:14:00+00:00,2026-09-17 11:14:00,63.4,1007.3,78
19.2,28.3,50.0,1754.6,509.4,79.2,9.9,4.0,1.0,446.7,308.0,8.6,13.4,131.5,31.5,23.71,False,4095,0.0,9.0,777.9,EXT-OPEN-METEO-KHI,KARACHI,OPENSOURCE_API_GRID,376,,,,0.95,True,True,TIER2_OPENSOURCE_PURE;CONTINUOUS_MINUTE_STREAM;VERIFIED_MODEL_GRID,6f68bb0d5cf9588fcc4d8a621d45bf7fcdaa00c6a5f2b56bee167e85ca28ddcb,2026-09-17T06:15:00+00:00,2026-09-17 11:15:00,63.4,1007.3,78
19.2,28.3,50.0,1754.6,509.4,79.2,9.9,4.0,1.0,446.7,306.8,8.5,13.4,131.7,31.5,23.71,False,4095,0.0,8.8,779.4,EXT-OPEN-METEO-KHI,KARACHI,OPENSOURCE_API_GRID,377,,,,0.95,True,True,TIER2_OPENSOURCE_PURE;CONTINUOUS_MINUTE_STREAM;VERIFIED_MODEL_GRID,df0ae1c0b442681f54ac27fc125dfc4032b6c7fb9690bed1931ed8ee88413469,2026-09-17T06:16:00+00:00,2026-09-17 11:16:00,63.4,1007.3,78
19.2,28.3,50.0,1754.6,509.4,79.2,9.9,4.0,1.0,446.6,305.4,8.5,13.4,131.9,31.5,23.74,False,4095,0.0,8.7,781.0,EXT-OPEN-METEO-KHI,KARACHI,OPENSOURCE_API_GRID,378,,,,0.95,True,True,TIER2_OPENSOURCE_PURE;CONTINUOUS_MINUTE_STREAM;VERIFIED_MODEL_GRID,9f50fd20cd4faf1d277769e548115f8554b4cdf7419c708fa46dbcc12abb7fbb,2026-09-17T06:17:00+00:00,2026-09-17 11:17:00,63.5,1007.3,78
19.3,28.4,50.0,1760.8,511.2,79.5,9.9,4.0,1.0,446.6,304.0,8.4,13.3,132.1,31.5,23.74,False,4095,0.0,8.6,782.6,EXT-OPEN-METEO-KHI,KARACHI,OPENSOURCE_API_GRID,379,,,,0.95,True,True,TIER2_OPENSOURCE_PURE;CONTINUOUS_MINUTE_STREAM;VERIFIED_MODEL_GRID,9abc6fc486f6052a398ef1fb45a8fed2340f85088f02bad15760ef7128135a35,2026-09-17T06:18:00+00:00,2026-09-17 11:18:00,63.5,1007.3,78
19.2,28.3,49.9,1754.6,509.4,79.2,9.9,4.0,1.0,446.5,302.5,8.4,13.3,132.3,31.5,23.74,False,4095,0.0,8.4,784.3,EXT-OPEN-METEO-KHI,KARACHI,OPENSOURCE_API_GRID,380,,,,0.95,True,True,TIER2_OPENSOURCE_PURE;CONTINUOUS_MINUTE_STREAM;VERIFIED_MODEL_GRID,94752c264f848be4c589b548823950cf698a5e659ad8930226fa504c124102ab,2026-09-17T06:19:00+00:00,2026-09-17 11:19:00,63.5,1007.3,78
19.2,28.3,49.9,1754.6,509.4,79.2,9.9,4.0,1.0,446.5,301.0,8.3,13.3,132.5,31.5,23.74,False,4095,0.0,8.2,786.0,EXT-OPEN-METEO-KHI,KARACHI,OPENSOURCE_API_GRID,381,,,,0.95,True,True,TIER2_OPENSOURCE_PURE;CONTINUOUS_MINUTE_STREAM;VERIFIED_MODEL_GRID,2afe3f41a65708fd054a7bfa7b90c2174f907c1cec7b6c1931a9460bb016b422,2026-09-17T06:20:00+00:00,2026-09-17 11:20:00,63.5,1007.2,78
19.2,28.3,49.8,1754.6,509.4,79.2,9.9,4.0,1.0,446.5,299.4,8.3,13.2,132.7,31.5,23.76,False,4095,0.0,8.1,787.9,EXT-OPEN-METEO-KHI,KARACHI,OPENSOURCE_API_GRID,382,,,,0.95,True,True,TIER2_OPENSOURCE_PURE;CONTINUOUS_MINUTE_STREAM;VERIFIED_MODEL_GRID,97f280205ba3ec351e9281c46b01eca37f666a13029b7f085cabf04140be4d25,2026-09-17T06:21:00+00:00,2026-09-17 11:21:00,63.6,1007.2,78
19.2,28.3,49.7,1754.6,509.4,79.2,9.9,4.0,1.0,446.4,297.8,8.2,13.2,133.0,31.5,23.76,False,4095,0.0,7.9,789.7,EXT-OPEN-METEO-KHI,KARACHI,OPENSOURCE_API_GRID,383,,,,0.95,True,True,TIER2_OPENSOURCE_PURE;CONTINUOUS_MINUTE_STREAM;VERIFIED_MODEL_GRID,6398898821183a8684d498f77fa08e2b1d3da743bba9b36b6833a0edc7d71ac6,2026-09-17T06:22:00+00:00,2026-09-17 11:22:00,63.6,1007.2,78
19.2,28.2,49.6,1748.4,507.6,79.0,9.9,4.0,1.0,446.4,296.2,8.2,13.2,133.2,31.5,23.76,False,4095,0.0,7.8,791.6,EXT-OPEN-METEO-KHI,KARACHI,OPENSOURCE_API_GRID,384,,,,0.95,True,True,TIER2_OPENSOURCE_PURE;CONTINUOUS_MINUTE_STREAM;VERIFIED_MODEL_GRID,90b8daa3d27c3210dea43ff5f90739a72ede79d32f9b8285d809818676aeb6d2,2026-09-17T06:23:00+00:00,2026-09-17 11:23:00,63.6,1007.2,78
19.1,28.1,49.5,1742.2,505.8,78.7,9.8,4.0,1.0,446.3,294.5,8.1,13.2,133.5,31.5,23.76,False,4095,0.0,7.6,793.6,EXT-OPEN-METEO-KHI,KARACHI,OPENSOURCE_API_GRID,385,,,,0.95,True,True,TIER2_OPENSOURCE_PURE;CONTINUOUS_MINUTE_STREAM;VERIFIED_MODEL_GRID,5dbb7bfb71d18f46642e20c4a4b9490fdf61e9709afa7b41c0899fabcb9ad793,2026-09-17T06:24:00+00:00,2026-09-17 11:24:00,63.6,1007.2,78
19.1,28.1,49.3,1742.2,505.8,78.7,9.8,3.9,1.0,446.3,292.8,8.1,13.1,133.7,31.5,23.79,False,4095,0.0,7.4,795.5,EXT-OPEN-METEO-KHI,KARACHI,OPENSOURCE_API_GRID,386,,,,0.95,True,True,TIER2_OPENSOURCE_PURE;CONTINUOUS_MINUTE_STREAM;VERIFIED_MODEL_GRID,a27c43c58715db0bc12aeec07e4c605406a6b8c66fb937e16010b5e69d951a12,2026-09-17T06:25:00+00:00,2026-09-17 11:25:00,63.7,1007.2,78
19.0,28.0,49.2,1736.0,504.0,78.4,9.8,3.9,1.0,446.2,291.1,8.0,13.1,134.0,31.5,23.79,False,4095,0.0,7.2,797.5,EXT-OPEN-METEO-KHI,KARACHI,OPENSOURCE_API_GRID,387,,,,0.95,True,True,TIER2_OPENSOURCE_PURE;CONTINUOUS_MINUTE_STREAM;VERIFIED_MODEL_GRID,1f23fced2bea96cdecaa2d5d2bb9669517cf4ae37bfa19a47140705a6b21c821,2026-09-17T06:26:00+00:00,2026-09-17 11:26:00,63.7,1007.1,78
19.0,28.0,49.1,1736.0,504.0,78.4,9.8,3.9,1.0,446.2,289.3,8.0,13.1,134.2,31.5,23.79,False,4095,0.0,7.0,799.6,EXT-OPEN-METEO-KHI,KARACHI,OPENSOURCE_API_GRID,388,,,,0.95,True,True,TIER2_OPENSOURCE_PURE;CONTINUOUS_MINUTE_STREAM;VERIFIED_MODEL_GRID,d1e26def7d03378f652168b81ab8202d96831b7b58e3984baacf7174dc3e7f4d,2026-09-17T06:27:00+00:00,2026-09-17 11:27:00,63.7,1007.1,78
19.0,27.9,49.0,1729.8,502.2,78.1,9.8,3.9,1.0,446.1,287.6,7.9,13.0,134.5,31.5,23.81,False,4095,0.0,6.9,801.6,EXT-OPEN-METEO-KHI,KARACHI,OPENSOURCE_API_GRID,389,,,,0.95,True,True,TIER2_OPENSOURCE_PURE;CONTINUOUS_MINUTE_STREAM;VERIFIED_MODEL_GRID,5a48322dc9492d84cfb2000bad3e5923e60ba7857a8a803420b66f687a1a5c16,2026-09-17T06:28:00+00:00,2026-09-17 11:28:00,63.8,1007.1,78
18.9,27.8,48.8,1723.6,500.4,77.8,9.7,3.9,1.0,446.1,285.8,7.9,13.0,134.7,31.5,23.81,False,4095,0.0,6.7,803.6,EXT-OPEN-METEO-KHI,KARACHI,OPENSOURCE_API_GRID,390,,,,0.95,True,True,TIER2_OPENSOURCE_PURE;CONTINUOUS_MINUTE_STREAM;VERIFIED_MODEL_GRID,5286544def9e35e45783ff10f81599f51506cc3059cc388275a95f9ab0c47c76,2026-09-17T06:29:00+00:00,2026-09-17 11:29:00,63.8,1007.1,78
18.9,27.8,48.7,1723.6,500.4,77.8,9.7,3.9,1.0,446.0,284.0,7.8,12.9,135.0,31.5,23.84,False,4095,0.0,6.5,805.7,EXT-OPEN-METEO-KHI,KARACHI,OPENSOURCE_API_GRID,391,,,,0.95,True,True,TIER2_OPENSOURCE_PURE;CONTINUOUS_MINUTE_STREAM;VERIFIED_MODEL_GRID,95ef9fbc0bcd308ccd3ccf9ab0ef37aa7158b2bcb367a6c44947424c591dc1fa,2026-09-17T06:30:00+00:00,2026-09-17 11:30:00,63.9,1007.1,78
18.9,27.8,48.6,1723.6,500.4,77.8,9.7,3.9,1.0,445.9,282.2,7.7,12.9,135.3,31.5,23.84,False,4095,0.0,6.3,807.8,EXT-OPEN-METEO-KHI,KARACHI,OPENSOURCE_API_GRID,392,,,,0.95,True,True,TIER2_OPENSOURCE_PURE;CONTINUOUS_MINUTE_STREAM;VERIFIED_MODEL_GRID,eb470f7e549e9528ebb2c1229372acae9d815f69d61a285e0b954182329543bb,2026-09-17T06:31:00+00:00,2026-09-17 11:31:00,63.9,1007.0,78
18.8,27.7,48.5,1717.4,498.6,77.6,9.7,3.9,1.0,445.9,280.4,7.7,12.9,135.5,31.5,23.87,False,4095,0.0,6.1,809.8,EXT-OPEN-METEO-KHI,KARACHI,OPENSOURCE_API_GRID,393,,,,0.95,True,True,TIER2_OPENSOURCE_PURE;CONTINUOUS_MINUTE_STREAM;VERIFIED_MODEL_GRID,e2cebab1a291339eda85588d58142aabb90bb2c98962b7ffab9f8ab3a106b0e2,2026-09-17T06:32:00+00:00,2026-09-17 11:32:00,64.0,1007.0,78
18.8,27.7,48.5,1717.4,498.6,77.6,9.7,3.9,1.0,445.8,278.7,7.6,12.8,135.8,31.5,23.87,False,4095,0.0,6.0,811.8,EXT-OPEN-METEO-KHI,KARACHI,OPENSOURCE_API_GRID,394,,,,0.95,True,True,TIER2_OPENSOURCE_PURE;CONTINUOUS_MINUTE_STREAM;VERIFIED_MODEL_GRID,0605e19cc722246d455091cb8a3abde3583d96a8f40ad162ef2f52deaccba57d,2026-09-17T06:33:00+00:00,2026-09-17 11:33:00,64.0,1007.0,78
18.8,27.7,48.4,1717.4,498.6,77.6,9.7,3.9,1.0,445.8,276.9,7.6,12.8,136.0,31.5,23.89,False,4095,0.0,5.8,813.9,EXT-OPEN-METEO-KHI,KARACHI,OPENSOURCE_API_GRID,395,,,,0.95,True,True,TIER2_OPENSOURCE_PURE;CONTINUOUS_MINUTE_STREAM;VERIFIED_MODEL_GRID,2c708a6aa8df6bec3ece9d352f45c90f6efc322cbab1618b4959e10a80ab3ef3,2026-09-17T06:34:00+00:00,2026-09-17 11:34:00,64.1,1007.0,78
18.8,27.7,48.4,1717.4,498.6,77.6,9.7,3.9,1.0,445.7,275.2,7.5,12.8,136.3,31.5,23.89,False,4095,0.0,5.6,815.9,EXT-OPEN-METEO-KHI,KARACHI,OPENSOURCE_API_GRID,396,,,,0.95,True,True,TIER2_OPENSOURCE_PURE;CONTINUOUS_MINUTE_STREAM;VERIFIED_MODEL_GRID,dfebec29fb831b20e843f93508d9c4065133669d15cee93b3a9758a90c40c8ea,2026-09-17T06:35:00+00:00,2026-09-17 11:35:00,64.1,1007.0,78
18.8,27.7,48.3,1717.4,498.6,77.6,9.7,3.9,1.0,445.7,273.5,7.5,12.7,136.5,31.5,23.92,False,4095,0.0,5.4,817.8,EXT-OPEN-METEO-KHI,KARACHI,OPENSOURCE_API_GRID,397,,,,0.95,True,True,TIER2_OPENSOURCE_PURE;CONTINUOUS_MINUTE_STREAM;VERIFIED_MODEL_GRID,1f5a26a7043f04f27cb14c91f79444db55768403579cbb9f33b1b873e045865d,2026-09-17T06:36:00+00:00,2026-09-17 11:36:00,64.2,1006.9,78
18.8,27.7,48.3,1717.4,498.6,77.6,9.7,3.9,1.0,445.6,271.8,7.4,12.7,136.8,31.5,23.94,False,4095,0.0,5.2,819.8,EXT-OPEN-METEO-KHI,KARACHI,OPENSOURCE_API_GRID,398,,,,0.95,True,True,TIER2_OPENSOURCE_PURE;CONTINUOUS_MINUTE_STREAM;VERIFIED_MODEL_GRID,91acfb7520c71f7ab6fe84d1991215a33b47289bd21d587c7ef64a63dfd935d3,2026-09-17T06:37:00+00:00,2026-09-17 11:37:00,64.3,1006.9,78
18.8,27.7,48.3,1717.4,498.6,77.6,9.7,3.9,1.0,445.6,270.2,7.4,12.7,137.0,31.5,23.97,False,4095,0.0,5.1,821.7,EXT-OPEN-METEO-KHI,KARACHI,OPENSOURCE_API_GRID,399,,,,0.95,True,True,TIER2_OPENSOURCE_PURE;CONTINUOUS_MINUTE_STREAM;VERIFIED_MODEL_GRID,9a8f0be3f89eeeb56d2b4bcd8c5de60b738487626d2d933d9891f5dad629ce4c,2026-09-17T06:38:00+00:00,2026-09-17 11:38:00,64.4,1006.9,78
18.8,27.7,48.3,1717.4,498.6,77.6,9.7,3.9,1.0,445.5,268.6,7.3,12.7,137.3,31.5,23.97,False,4095,0.0,4.9,823.5,EXT-OPEN-METEO-KHI,KARACHI,OPENSOURCE_API_GRID,400,,,,0.95,True,True,TIER2_OPENSOURCE_PURE;CONTINUOUS_MINUTE_STREAM;VERIFIED_MODEL_GRID,c0cb0ad0572c500766f4dd07165ebdc83b9b8a15ef43e76238575d86a79c7a5b,2026-09-17T06:39:00+00:00,2026-09-17 11:39:00,64.4,1006.9,78
18.9,27.8,48.3,1723.6,500.4,77.8,9.7,3.9,1.0,445.5,267.0,7.2,12.6,137.5,31.5,24.0,False,4095,0.0,4.8,825.3,EXT-OPEN-METEO-KHI,KARACHI,OPENSOURCE_API_GRID,401,,,,0.95,True,True,TIER2_OPENSOURCE_PURE;CONTINUOUS_MINUTE_STREAM;VERIFIED_MODEL_GRID,4196c6ccd2f7a4e1a847f7bc9db76cb7f4b8e05c0ddd72fbca57b1e5d78c9988,2026-09-17T06:40:00+00:00,2026-09-17 11:40:00,64.5,1006.9,78
18.9,27.8,48.3,1723.6,500.4,77.8,9.7,3.9,1.0,445.5,265.5,7.2,12.6,137.7,31.5,24.02,False,4095,0.0,4.6,827.1,EXT-OPEN-METEO-KHI,KARACHI,OPENSOURCE_API_GRID,402,,,,0.95,True,True,TIER2_OPENSOURCE_PURE;CONTINUOUS_MINUTE_STREAM;VERIFIED_MODEL_GRID,c704480b4e68871a667d042b1ac54b3ae5ad898e4343168c39e8f74d7fa03fcb,2026-09-17T06:41:00+00:00,2026-09-17 11:41:00,64.6,1006.9,78
18.9,27.8,48.3,1723.6,500.4,77.8,9.7,3.9,1.0,445.4,264.0,7.2,12.6,137.9,31.5,24.02,False,4095,0.0,4.4,828.8,EXT-OPEN-METEO-KHI,KARACHI,OPENSOURCE_API_GRID,403,,,,0.95,True,True,TIER2_OPENSOURCE_PURE;CONTINUOUS_MINUTE_STREAM;VERIFIED_MODEL_GRID,b739986bb1301d54df77bd7786c5649938a05f246fbdd464d65c455a638cc20b,2026-09-17T06:42:00+00:00,2026-09-17 11:42:00,64.6,1006.8,78
18.8,27.7,48.2,1717.4,498.6,77.6,9.7,3.9,1.0,445.4,262.6,7.1,12.5,138.1,31.5,24.07,False,4095,0.0,4.3,830.4,EXT-OPEN-METEO-KHI,KARACHI,OPENSOURCE_API_GRID,404,,,,0.95,True,True,TIER2_OPENSOURCE_PURE;CONTINUOUS_MINUTE_STREAM;VERIFIED_MODEL_GRID,24cf814967c5597b0bb8d03a0bca86c20c786d94d0f95127c3429882255af2db,2026-09-17T06:43:00+00:00,2026-09-17 11:43:00,64.8,1006.8,78
18.9,27.8,48.2,1723.6,500.4,77.8,9.7,3.9,1.0,445.3,261.2,7.1,12.5,138.3,31.5,24.07,False,4095,0.0,4.2,832.0,EXT-OPEN-METEO-KHI,KARACHI,OPENSOURCE_API_GRID,405,,,,0.95,True,True,TIER2_OPENSOURCE_PURE;CONTINUOUS_MINUTE_STREAM;VERIFIED_MODEL_GRID,33d45bee05e0c750d99c3d041064aab2338f4a0af28c23ac0fc288af57b08dc1,2026-09-17T06:44:00+00:00,2026-09-17 11:44:00,64.8,1006.8,78
18.9,27.8,48.2,1723.6,500.4,77.8,9.7,3.9,1.0,445.3,260.0,7.0,12.5,138.5,31.5,24.07,False,4095,0.0,4.0,833.5,EXT-OPEN-METEO-KHI,KARACHI,OPENSOURCE_API_GRID,406,,,,0.95,True,True,TIER2_OPENSOURCE_PURE;CONTINUOUS_MINUTE_STREAM;VERIFIED_MODEL_GRID,8cc5d2d2bcde1a789109e0b74d31f09acea860a2997fc416c9b5ba6114eba1f7,2026-09-17T06:45:00+00:00,2026-09-17 11:45:00,64.8,1006.8,78
18.9,27.8,48.2,1723.6,500.4,77.8,9.7,3.9,1.0,445.3,258.7,7.0,12.5,138.7,31.5,24.1,False,4095,0.0,3.9,834.9,EXT-OPEN-METEO-KHI,KARACHI,OPENSOURCE_API_GRID,407,,,,0.95,True,True,TIER2_OPENSOURCE_PURE;CONTINUOUS_MINUTE_STREAM;VERIFIED_MODEL_GRID,78137fbf14d09896f93875a1f906c3a6f3bd2670af55ba90dab3c638fe969ddb,2026-09-17T06:46:00+00:00,2026-09-17 11:46:00,64.9,1006.8,78
18.9,27.8,48.2,1723.6,500.4,77.8,9.7,3.9,1.0,445.2,257.6,6.9,12.4,138.9,31.5,24.1,False,4095,0.0,3.8,836.2,EXT-OPEN-METEO-KHI,KARACHI,OPENSOURCE_API_GRID,408,,,,0.95,True,True,TIER2_OPENSOURCE_PURE;CONTINUOUS_MINUTE_STREAM;VERIFIED_MODEL_GRID,e5dab8bffc4214b0cce5cd123cba5884d548924482bafacd16de426a8d751722,2026-09-17T06:47:00+00:00,2026-09-17 11:47:00,64.9,1006.8,78
18.9,27.8,48.2,1723.6,500.4,77.8,9.7,3.9,1.0,445.2,256.5,6.9,12.4,139.0,31.5,24.1,False,4095,0.0,3.7,837.5,EXT-OPEN-METEO-KHI,KARACHI,OPENSOURCE_API_GRID,409,,,,0.95,True,True,TIER2_OPENSOURCE_PURE;CONTINUOUS_MINUTE_STREAM;VERIFIED_MODEL_GRID,ff76e3ea942b95e734cc9105856ccc919cb29bcc76ae1e0b4fb80b615a0deb81,2026-09-17T06:48:00+00:00,2026-09-17 11:48:00,64.9,1006.8,78
19.0,27.9,48.2,1729.8,502.2,78.1,9.8,3.9,1.0,445.2,255.5,6.9,12.4,139.2,31.5,24.1,False,4095,0.0,3.6,838.7,EXT-OPEN-METEO-KHI,KARACHI,OPENSOURCE_API_GRID,410,,,,0.95,True,True,TIER2_OPENSOURCE_PURE;CONTINUOUS_MINUTE_STREAM;VERIFIED_MODEL_GRID,1c1b7e701a0e301ab90f32eb028cbd257acda2ae6b8de6002ae41895dd72f245,2026-09-17T06:49:00+00:00,2026-09-17 11:49:00,64.9,1006.8,78
18.9,27.8,48.2,1723.6,500.4,77.8,9.7,3.9,1.0,445.1,254.6,6.8,12.4,139.3,31.5,24.1,False,4095,0.0,3.5,839.7,EXT-OPEN-METEO-KHI,KARACHI,OPENSOURCE_API_GRID,411,,,,0.95,True,True,TIER2_OPENSOURCE_PURE;CONTINUOUS_MINUTE_STREAM;VERIFIED_MODEL_GRID,3f70b75ba4532a14fc9d8028d19e0895a4363c451dc33e5b570f29dd4b7d7c1d,2026-09-17T06:50:00+00:00,2026-09-17 11:50:00,64.9,1006.8,78
18.9,27.8,48.1,1723.6,500.4,77.8,9.7,3.8,1.0,445.1,253.7,6.8,12.4,139.5,31.5,24.1,False,4095,0.0,3.4,840.7,EXT-OPEN-METEO-KHI,KARACHI,OPENSOURCE_API_GRID,412,,,,0.95,True,True,TIER2_OPENSOURCE_PURE;CONTINUOUS_MINUTE_STREAM;VERIFIED_MODEL_GRID,493d2a6818f13462a7bb3b0fc35577d283846939233760e98ec3d385fe0db857,2026-09-17T06:51:00+00:00,2026-09-17 11:51:00,64.9,1006.8,78
18.9,27.8,48.1,1723.6,500.4,77.8,9.7,3.8,1.0,445.1,252.9,6.8,12.4,139.6,31.5,24.1,False,4095,0.0,3.3,841.6,EXT-OPEN-METEO-KHI,KARACHI,OPENSOURCE_API_GRID,413,,,,0.95,True,True,TIER2_OPENSOURCE_PURE;CONTINUOUS_MINUTE_STREAM;VERIFIED_MODEL_GRID,eaf87d9e0373b474ba6ec619196add2a0d83f69a93fb1f2fc9d4ddd60af62d0e,2026-09-17T06:52:00+00:00,2026-09-17 11:52:00,64.9,1006.7,78
18.9,27.8,48.0,1723.6,500.4,77.8,9.7,3.8,1.0,445.1,252.3,6.8,12.3,139.7,31.5,24.1,False,4095,0.0,3.2,842.4,EXT-OPEN-METEO-KHI,KARACHI,OPENSOURCE_API_GRID,414,,,,0.95,True,True,TIER2_OPENSOURCE_PURE;CONTINUOUS_MINUTE_STREAM;VERIFIED_MODEL_GRID,2a20f7cad55fac750431656db8aa8e785aa014d7c17df4a756427b270bd5674b,2026-09-17T06:53:00+00:00,2026-09-17 11:53:00,64.9,1006.7,78
18.8,27.7,48.0,1717.4,498.6,77.6,9.7,3.8,1.0,445.0,251.7,6.8,12.3,139.8,31.5,24.1,False,4095,0.0,3.2,843.1,EXT-OPEN-METEO-KHI,KARACHI,OPENSOURCE_API_GRID,415,,,,0.95,True,True,TIER2_OPENSOURCE_PURE;CONTINUOUS_MINUTE_STREAM;VERIFIED_MODEL_GRID,4f04d2cec69813a8d3d74d0c124a45e2bf276bfae21ffb73a8b570b0486a96f1,2026-09-17T06:54:00+00:00,2026-09-17 11:54:00,64.9,1006.7,78
18.8,27.7,47.9,1717.4,498.6,77.6,9.7,3.8,1.0,445.0,251.2,6.7,12.3,139.8,31.5,24.1,False,4095,0.0,3.1,843.7,EXT-OPEN-METEO-KHI,KARACHI,OPENSOURCE_API_GRID,416,,,,0.95,True,True,TIER2_OPENSOURCE_PURE;CONTINUOUS_MINUTE_STREAM;VERIFIED_MODEL_GRID,02d3a0bb2c813ba5a1e79616dae44d1c32a7027af9a2de956abea2bbc399409f,2026-09-17T06:55:00+00:00,2026-09-17 11:55:00,64.9,1006.7,78
18.8,27.7,47.8,1717.4,498.6,77.6,9.7,3.8,1.0,445.0,250.7,6.7,12.3,139.9,31.5,24.1,False,4095,0.0,3.1,844.1,EXT-OPEN-METEO-KHI,KARACHI,OPENSOURCE_API_GRID,417,,,,0.95,True,True,TIER2_OPENSOURCE_PURE;CONTINUOUS_MINUTE_STREAM;VERIFIED_MODEL_GRID,ded553388f9fff5ce247fae80e3761e75f61b180c67c54c24d805cedd7754491,2026-09-17T06:56:00+00:00,2026-09-17 11:56:00,64.9,1006.7,78
18.8,27.6,47.7,1711.2,496.8,77.3,9.7,3.8,1.0,445.0,250.4,6.7,12.3,139.9,31.5,24.1,False,4095,0.0,3.0,844.5,EXT-OPEN-METEO-KHI,KARACHI,OPENSOURCE_API_GRID,418,,,,0.95,True,True,TIER2_OPENSOURCE_PURE;CONTINUOUS_MINUTE_STREAM;VERIFIED_MODEL_GRID,c66a3fef0b358dc86010195f860c6b028a81ba2d3dbcb8ce43fd4a2a78268ead,2026-09-17T06:57:00+00:00,2026-09-17 11:57:00,64.9,1006.7,78
18.8,27.6,47.6,1711.2,496.8,77.3,9.7,3.8,1.0,445.0,250.2,6.7,12.3,140.0,31.5,24.1,False,4095,0.0,3.0,844.8,EXT-OPEN-METEO-KHI,KARACHI,OPENSOURCE_API_GRID,419,,,,0.95,True,True,TIER2_OPENSOURCE_PURE;CONTINUOUS_MINUTE_STREAM;VERIFIED_MODEL_GRID,0b4644b0198032dc5158a3ab55465767c239ee4f113bb07b765d6b977c58e76b,2026-09-17T06:58:00+00:00,2026-09-17 11:58:00,64.9,1006.7,78
18.7,27.5,47.6,1705.0,495.0,77.0,9.6,3.8,1.0,445.0,250.0,6.7,12.3,140.0,31.5,24.1,False,4095,0.0,3.0,844.9,EXT-OPEN-METEO-KHI,KARACHI,OPENSOURCE_API_GRID,420,,,,0.95,True,True,TIER2_OPENSOURCE_PURE;CONTINUOUS_MINUTE_STREAM;VERIFIED_MODEL_GRID,f6ad12e0b8317bca80a7631adb56894bd306592374f0f2956ba3238f65a05d9c,2026-09-17T06:59:00+00:00,2026-09-17 11:59:00,64.9,1006.7,78
18.7,27.5,47.5,1705.0,495.0,77.0,9.6,3.8,1.0,445.0,250.0,6.7,12.3,140.0,31.5,24.1,False,4095,0.0,3.0,845.0,EXT-OPEN-METEO-KHI,KARACHI,OPENSOURCE_API_GRID,421,,,,0.95,True,False,TIER2_OPENSOURCE_PURE;HOURLY_NODE;VERIFIED_MODEL_GRID,0889dc03f76b0aa9c3a18cdc3ee95c1da884f1d7bdb33cd9e9787dfda5bc9bf4,2026-09-17T07:00:00+00:00,2026-09-17 12:00:00,64.9,1006.7,78
18.6,27.4,47.5,1698.8,493.2,76.7,9.6,3.8,1.0,445.0,250.0,6.7,12.3,140.0,31.5,24.1,False,4095,0.0,3.0,845.0,EXT-OPEN-METEO-KHI,KARACHI,OPENSOURCE_API_GRID,422,,,,0.95,True,True,TIER2_OPENSOURCE_PURE;CONTINUOUS_MINUTE_STREAM;VERIFIED_MODEL_GRID,81a0a1fff90e07f25e275dbf92da786c7b741b9699c9f2676bcb97cfd0b17bca,2026-09-17T07:01:00+00:00,2026-09-17 12:01:00,64.9,1006.7,78
18.6,27.4,47.4,1698.8,493.2,76.7,9.6,3.8,0.9,445.0,250.0,6.7,12.3,140.0,31.5,24.1,False,4095,0.0,3.0,845.0,EXT-OPEN-METEO-KHI,KARACHI,OPENSOURCE_API_GRID,423,,,,0.95,True,True,TIER2_OPENSOURCE_PURE;CONTINUOUS_MINUTE_STREAM;VERIFIED_MODEL_GRID,819ef367fcc8e0dd7bbb8092def2b1337e363f2332765e4546537206b487dbb8,2026-09-17T07:02:00+00:00,2026-09-17 12:02:00,64.9,1006.7,78
18.6,27.4,47.4,1698.8,493.2,76.7,9.6,3.8,0.9,445.0,249.9,6.7,12.3,140.0,31.5,24.1,False,4095,0.0,3.1,845.0,EXT-OPEN-METEO-KHI,KARACHI,OPENSOURCE_API_GRID,424,,,,0.95,True,True,TIER2_OPENSOURCE_PURE;CONTINUOUS_MINUTE_STREAM;VERIFIED_MODEL_GRID,3b04339e4d0bd66a38d84bfb5ba46d561a53718599f3cfdb27de6b6aeb8a5d67,2026-09-17T07:03:00+00:00,2026-09-17 12:03:00,64.9,1006.7,78
18.6,27.4,47.4,1698.8,493.2,76.7,9.6,3.8,0.9,445.0,249.8,6.7,12.3,140.0,31.5,24.1,False,4095,0.0,3.2,845.0,EXT-OPEN-METEO-KHI,KARACHI,OPENSOURCE_API_GRID,425,,,,0.95,True,True,TIER2_OPENSOURCE_PURE;CONTINUOUS_MINUTE_STREAM;VERIFIED_MODEL_GRID,59d12d6b05e6c80ce87334e202f4d7d6ffeee35d493d834bbc08e18b527473cc,2026-09-17T07:04:00+00:00,2026-09-17 12:04:00,64.9,1006.7,78
18.6,27.4,47.4,1698.8,493.2,76.7,9.6,3.8,0.9,445.0,249.7,6.7,12.3,140.0,31.5,24.1,False,4095,0.0,3.3,845.0,EXT-OPEN-METEO-KHI,KARACHI,OPENSOURCE_API_GRID,426,,,,0.95,True,True,TIER2_OPENSOURCE_PURE;CONTINUOUS_MINUTE_STREAM;VERIFIED_MODEL_GRID,40c7e7b8d47fd32e89d58b343a6ec916b466c3ad89f5a59180645b80ab0a7a27,2026-09-17T07:05:00+00:00,2026-09-17 12:05:00,64.9,1006.7,78
18.6,27.4,47.4,1698.8,493.2,76.7,9.6,3.8,0.9,445.0,249.6,6.7,12.3,140.0,31.5,24.1,False,4095,0.0,3.4,845.0,EXT-OPEN-METEO-KHI,KARACHI,OPENSOURCE_API_GRID,427,,,,0.95,True,True,TIER2_OPENSOURCE_PURE;CONTINUOUS_MINUTE_STREAM;VERIFIED_MODEL_GRID,a6262eb1a834e2bb6c7510f49e509c1f565114db3672390cd1b8173bf2904a8e,2026-09-17T07:06:00+00:00,2026-09-17 12:06:00,64.9,1006.7,78
18.6,27.4,47.4,1698.8,493.2,76.7,9.6,3.8,0.9,445.0,249.4,6.7,12.2,140.0,31.5,24.1,False,4095,0.0,3.6,845.0,EXT-OPEN-METEO-KHI,KARACHI,OPENSOURCE_API_GRID,428,,,,0.95,True,True,TIER2_OPENSOURCE_PURE;CONTINUOUS_MINUTE_STREAM;VERIFIED_MODEL_GRID,6e4e2c2ec5b4d33f9eb6dfa9fd665e881f076b3eab54206f75f272f37c5cf258,2026-09-17T07:07:00+00:00,2026-09-17 12:07:00,64.9,1006.7,78
18.6,27.4,47.5,1698.8,493.2,76.7,9.6,3.8,1.0,445.0,249.3,6.6,12.2,140.0,31.5,24.12,False,4095,0.0,3.8,845.0,EXT-OPEN-METEO-KHI,KARACHI,OPENSOURCE_API_GRID,429,,,,0.95,True,True,TIER2_OPENSOURCE_PURE;CONTINUOUS_MINUTE_STREAM;VERIFIED_MODEL_GRID,9c02cda80d501e957991aeed2f57833f14c3d0ac8c7f63ac1ef3eabfb1cea8f3,2026-09-17T07:08:00+00:00,2026-09-17 12:08:00,65.0,1006.7,78
18.7,27.5,47.5,1705.0,495.0,77.0,9.6,3.8,1.0,445.0,249.1,6.6,12.2,139.9,31.5,24.12,False,4095,0.0,4.0,845.0,EXT-OPEN-METEO-KHI,KARACHI,OPENSOURCE_API_GRID,430,,,,0.95,True,True,TIER2_OPENSOURCE_PURE;CONTINUOUS_MINUTE_STREAM;VERIFIED_MODEL_GRID,abc957d2803664432eed05b852568e8c83c1b22f52da1ce046a3e2a36187bcee,2026-09-17T07:09:00+00:00,2026-09-17 12:09:00,65.0,1006.7,78
18.7,27.5,47.6,1705.0,495.0,77.0,9.6,3.8,1.0,445.0,248.9,6.6,12.2,139.9,31.5,24.12,False,4095,0.0,4.2,845.0,EXT-OPEN-METEO-KHI,KARACHI,OPENSOURCE_API_GRID,431,,,,0.95,True,True,TIER2_OPENSOURCE_PURE;CONTINUOUS_MINUTE_STREAM;VERIFIED_MODEL_GRID,a85e8ded7e5bc74cf867d0d7ba7c3fbc17e81084fa587152b8cdede6ca702fc7,2026-09-17T07:10:00+00:00,2026-09-17 12:10:00,65.0,1006.6,78
18.7,27.5,47.6,1705.0,495.0,77.0,9.6,3.8,1.0,445.0,248.6,6.6,12.1,139.9,31.5,24.15,False,4095,0.0,4.5,845.0,EXT-OPEN-METEO-KHI,KARACHI,OPENSOURCE_API_GRID,432,,,,0.95,True,True,TIER2_OPENSOURCE_PURE;CONTINUOUS_MINUTE_STREAM;VERIFIED_MODEL_GRID,e77816ce30a2ad8844f862d03bcd2a53d9f10887ba6712ce76a2782267de7508,2026-09-17T07:11:00+00:00,2026-09-17 12:11:00,65.1,1006.6,78
18.7,27.5,47.7,1705.0,495.0,77.0,9.6,3.8,1.0,445.0,248.4,6.6,12.1,139.9,31.5,24.15,False,4095,0.0,4.7,845.1,EXT-OPEN-METEO-KHI,KARACHI,OPENSOURCE_API_GRID,433,,,,0.95,True,True,TIER2_OPENSOURCE_PURE;CONTINUOUS_MINUTE_STREAM;VERIFIED_MODEL_GRID,dc078de76142239f66449ab8056c22723e92adaf253488772ae26df8fd494d73,2026-09-17T07:12:00+00:00,2026-09-17 12:12:00,65.1,1006.6,78
18.8,27.6,47.7,1711.2,496.8,77.3,9.7,3.8,1.0,445.0,248.1,6.6,12.1,139.9,31.5,24.17,False,4095,0.0,5.0,845.1,EXT-OPEN-METEO-KHI,KARACHI,OPENSOURCE_API_GRID,434,,,,0.95,True,True,TIER2_OPENSOURCE_PURE;CONTINUOUS_MINUTE_STREAM;VERIFIED_MODEL_GRID,7a1e943c24fa570952cb6f75922df915ace87c8c432a508467a098114f606655,2026-09-17T07:13:00+00:00,2026-09-17 12:13:00,65.2,1006.6,78
18.7,27.5,47.6,1705.0,495.0,77.0,9.6,3.8,1.0,445.0,247.8,6.5,12.1,139.9,31.5,24.2,False,4095,0.0,5.3,845.1,EXT-OPEN-METEO-KHI,KARACHI,OPENSOURCE_API_GRID,435,,,,0.95,True,True,TIER2_OPENSOURCE_PURE;CONTINUOUS_MINUTE_STREAM;VERIFIED_MODEL_GRID,ecad813d89eb7808e879f9b863402a04034cd678b29ffa4c95ca36de049cbf05,2026-09-17T07:14:00+00:00,2026-09-17 12:14:00,65.3,1006.6,78
18.7,27.5,47.6,1705.0,495.0,77.0,9.6,3.8,1.0,445.0,247.5,6.5,12.0,139.9,31.6,24.3,False,4095,0.0,5.6,845.1,EXT-OPEN-METEO-KHI,KARACHI,OPENSOURCE_API_GRID,436,,,,0.95,True,True,TIER2_OPENSOURCE_PURE;CONTINUOUS_MINUTE_STREAM;VERIFIED_MODEL_GRID,65f8866fa688b3a1874f5f418eefa61fa71cdfe9dc516761cf8957f89e4120bb,2026-09-17T07:15:00+00:00,2026-09-17 12:15:00,65.3,1006.6,78
18.7,27.5,47.7,1705.0,495.0,77.0,9.6,3.8,1.0,445.0,247.2,6.5,12.0,139.8,31.6,24.3,False,4095,0.0,6.0,845.1,EXT-OPEN-METEO-KHI,KARACHI,OPENSOURCE_API_GRID,437,,,,0.95,True,True,TIER2_OPENSOURCE_PURE;CONTINUOUS_MINUTE_STREAM;VERIFIED_MODEL_GRID,ad940ff2cdca81edcfd0cc2a84e54f93e3d07cf633f22491ce26a9901fc6a7df,2026-09-17T07:16:00+00:00,2026-09-17 12:16:00,65.3,1006.6,78
18.8,27.6,47.7,1711.2,496.8,77.3,9.7,3.8,1.0,445.0,246.8,6.5,11.9,139.8,31.6,24.3,False,4095,0.0,6.3,845.1,EXT-OPEN-METEO-KHI,KARACHI,OPENSOURCE_API_GRID,438,,,,0.95,True,True,TIER2_OPENSOURCE_PURE;CONTINUOUS_MINUTE_STREAM;VERIFIED_MODEL_GRID,7f15de868939b5cc5c3237f85281b39e2f8d2786030ca5d86defa57a491b8992,2026-09-17T07:17:00+00:00,2026-09-17 12:17:00,65.3,1006.6,78
18.8,27.6,47.8,1711.2,496.8,77.3,9.7,3.8,1.0,445.0,246.5,6.4,11.9,139.8,31.6,24.3,False,4095,0.0,6.7,845.1,EXT-OPEN-METEO-KHI,KARACHI,OPENSOURCE_API_GRID,439,,,,0.95,True,True,TIER2_OPENSOURCE_PURE;CONTINUOUS_MINUTE_STREAM;VERIFIED_MODEL_GRID,33e5733f3402863332be5af79dd0c7412596d3b5c439006fa0ccd74f762b9fa9,2026-09-17T07:18:00+00:00,2026-09-17 12:18:00,65.3,1006.6,78
18.8,27.6,47.8,1711.2,496.8,77.3,9.7,3.8,1.0,445.0,246.1,6.4,11.9,139.8,31.6,24.3,False,4095,0.0,7.1,845.1,EXT-OPEN-METEO-KHI,KARACHI,OPENSOURCE_API_GRID,440,,,,0.95,True,True,TIER2_OPENSOURCE_PURE;CONTINUOUS_MINUTE_STREAM;VERIFIED_MODEL_GRID,dbe95d7e6cfa9aa46a39fc10fd461bc4d17717812224d63bf466928290253907,2026-09-17T07:19:00+00:00,2026-09-17 12:19:00,65.3,1006.6,78
18.8,27.6,47.8,1711.2,496.8,77.3,9.7,3.8,1.0,445.0,245.8,6.4,11.8,139.8,31.6,24.3,False,4095,0.0,7.5,845.1,EXT-OPEN-METEO-KHI,KARACHI,OPENSOURCE_API_GRID,441,,,,0.95,True,True,TIER2_OPENSOURCE_PURE;CONTINUOUS_MINUTE_STREAM;VERIFIED_MODEL_GRID,874f28b394b8681d634483ac991ad0f9241702c5f75e362cfd71eb93163f1945,2026-09-17T07:20:00+00:00,2026-09-17 12:20:00,65.3,1006.5,78
18.8,27.6,47.8,1711.2,496.8,77.3,9.7,3.8,1.0,445.0,245.4,6.3,11.8,139.7,31.6,24.3,False,4095,0.0,7.9,845.2,EXT-OPEN-METEO-KHI,KARACHI,OPENSOURCE_API_GRID,442,,,,0.95,True,True,TIER2_OPENSOURCE_PURE;CONTINUOUS_MINUTE_STREAM;VERIFIED_MODEL_GRID,cbbe04b3e8337aac4489696e61eabf7d084913031d25a95ab6a11d5195573cc4,2026-09-17T07:21:00+00:00,2026-09-17 12:21:00,65.3,1006.5,78
18.7,27.5,47.8,1705.0,495.0,77.0,9.6,3.8,1.0,445.0,245.0,6.3,11.7,139.7,31.6,24.3,False,4095,0.0,8.3,845.2,EXT-OPEN-METEO-KHI,KARACHI,OPENSOURCE_API_GRID,443,,,,0.95,True,True,TIER2_OPENSOURCE_PURE;CONTINUOUS_MINUTE_STREAM;VERIFIED_MODEL_GRID,b891dafcc2af7690b9e417f8fc3bd4a8b8df834cc939aa76d0cdca436241087c,2026-09-17T07:22:00+00:00,2026-09-17 12:22:00,65.3,1006.5,78
18.7,27.5,47.7,1705.0,495.0,77.0,9.6,3.8,1.0,445.0,244.5,6.3,11.7,139.7,31.6,24.3,False,4095,0.0,8.8,845.2,EXT-OPEN-METEO-KHI,KARACHI,OPENSOURCE_API_GRID,444,,,,0.95,True,True,TIER2_OPENSOURCE_PURE;CONTINUOUS_MINUTE_STREAM;VERIFIED_MODEL_GRID,6dadf74f3309bcc9daaf723925c159ffdf83c6c67a7e1203129f96231d27f298,2026-09-17T07:23:00+00:00,2026-09-17 12:23:00,65.3,1006.5,78
18.6,27.4,47.7,1698.8,493.2,76.7,9.6,3.8,1.0,445.0,244.1,6.3,11.6,139.7,31.6,24.3,False,4095,0.0,9.2,845.2,EXT-OPEN-METEO-KHI,KARACHI,OPENSOURCE_API_GRID,445,,,,0.95,True,True,TIER2_OPENSOURCE_PURE;CONTINUOUS_MINUTE_STREAM;VERIFIED_MODEL_GRID,c456f41e40f34d0d10af3957b34a4f64acfae90d37608c50cb190ee428a0e45a,2026-09-17T07:24:00+00:00,2026-09-17 12:24:00,65.3,1006.5,78
18.6,27.4,47.6,1698.8,493.2,76.7,9.6,3.8,1.0,445.0,243.7,6.2,11.6,139.6,31.7,24.39,False,4095,0.0,9.7,845.2,EXT-OPEN-METEO-KHI,KARACHI,OPENSOURCE_API_GRID,446,,,,0.95,True,True,TIER2_OPENSOURCE_PURE;CONTINUOUS_MINUTE_STREAM;VERIFIED_MODEL_GRID,80d2fd03e18241078a665fd6a03d4300302e30c99ce106277359547c50a3ffc3,2026-09-17T07:25:00+00:00,2026-09-17 12:25:00,65.3,1006.5,78
18.6,27.3,47.5,1692.6,491.4,76.4,9.6,3.8,1.0,445.0,243.3,6.2,11.5,139.6,31.7,24.39,False,4095,0.0,10.1,845.2,EXT-OPEN-METEO-KHI,KARACHI,OPENSOURCE_API_GRID,447,,,,0.95,True,True,TIER2_OPENSOURCE_PURE;CONTINUOUS_MINUTE_STREAM;VERIFIED_MODEL_GRID,b3e3562d1def081ee9db1dd8e9c4476e6037648396bd7a0d47e5de9ffe96d0c8,2026-09-17T07:26:00+00:00,2026-09-17 12:26:00,65.3,1006.4,78
18.6,27.3,47.4,1692.6,491.4,76.4,9.6,3.8,0.9,445.0,242.8,6.2,11.5,139.6,31.7,24.39,False,4095,0.0,10.6,845.3,EXT-OPEN-METEO-KHI,KARACHI,OPENSOURCE_API_GRID,448,,,,0.95,True,True,TIER2_OPENSOURCE_PURE;CONTINUOUS_MINUTE_STREAM;VERIFIED_MODEL_GRID,131b1dc8b8a666e20a12186ccef7c4ca939a58f1024d78e75c0d4dd4258c194e,2026-09-17T07:27:00+00:00,2026-09-17 12:27:00,65.3,1006.4,78
18.5,27.2,47.4,1686.4,489.6,76.2,9.5,3.8,0.9,445.0,242.4,6.1,11.4,139.6,31.7,24.39,False,4095,0.0,11.1,845.3,EXT-OPEN-METEO-KHI,KARACHI,OPENSOURCE_API_GRID,449,,,,0.95,True,True,TIER2_OPENSOURCE_PURE;CONTINUOUS_MINUTE_STREAM;VERIFIED_MODEL_GRID,520611c2d4a85dcd74c8977c185dcd9b7569b829008088728fae5eeffd4e8f02,2026-09-17T07:28:00+00:00,2026-09-17 12:28:00,65.3,1006.4,78
18.4,27.1,47.3,1680.2,487.8,75.9,9.5,3.8,0.9,445.0,241.9,6.1,11.4,139.5,31.6,24.32,False,4095,0.0,11.5,845.3,EXT-OPEN-METEO-KHI,KARACHI,OPENSOURCE_API_GRID,450,,,,0.95,True,True,TIER2_OPENSOURCE_PURE;CONTINUOUS_MINUTE_STREAM;VERIFIED_MODEL_GRID,3a6871a3cfe57a9989b3cfcc5478586a713c559248ff25cfe035751fe731c021,2026-09-17T07:29:00+00:00,2026-09-17 12:29:00,65.4,1006.4,78
18.4,27.1,47.2,1680.2,487.8,75.9,9.5,3.8,0.9,445.0,241.5,6.0,11.3,139.5,31.6,24.32,False,4095,0.0,12.0,845.3,EXT-OPEN-METEO-KHI,KARACHI,OPENSOURCE_API_GRID,451,,,,0.95,True,True,TIER2_OPENSOURCE_PURE;CONTINUOUS_MINUTE_STREAM;VERIFIED_MODEL_GRID,0b9c68e905e8e89f0b7df4ed57b5508d7be077c6a30e8cd6746f74aa971142b2,2026-09-17T07:30:00+00:00,2026-09-17 12:30:00,65.4,1006.4,78
18.4,27.0,47.1,1674.0,486.0,75.6,9.4,3.8,0.9,445.0,241.1,6.0,11.3,139.5,31.6,24.32,False,4095,0.0,12.5,845.3,EXT-OPEN-METEO-KHI,KARACHI,OPENSOURCE_API_GRID,452,,,,0.95,True,True,TIER2_OPENSOURCE_PURE;CONTINUOUS_MINUTE_STREAM;VERIFIED_MODEL_GRID,e0a1647b5398ec2280666c56ace2596490874b523da47b0691e2651fee3b6715,2026-09-17T07:31:00+00:00,2026-09-17 12:31:00,65.4,1006.3,78
18.4,27.0,47.0,1674.0,486.0,75.6,9.4,3.8,0.9,445.0,240.6,6.0,11.3,139.4,31.6,24.32,False,4095,0.0,12.9,845.3,EXT-OPEN-METEO-KHI,KARACHI,OPENSOURCE_API_GRID,453,,,,0.95,True,True,TIER2_OPENSOURCE_PURE;CONTINUOUS_MINUTE_STREAM;VERIFIED_MODEL_GRID,82c80cb40dee2c11a887bcf9c9220cf986a72d5dc6e0e09110f35237d2992264,2026-09-17T07:32:00+00:00,2026-09-17 12:32:00,65.4,1006.3,78
18.3,26.9,47.0,1667.8,484.2,75.3,9.4,3.8,0.9,445.0,240.2,5.9,11.2,139.4,31.6,24.32,False,4095,0.0,13.4,845.3,EXT-OPEN-METEO-KHI,KARACHI,OPENSOURCE_API_GRID,454,,,,0.95,True,True,TIER2_OPENSOURCE_PURE;CONTINUOUS_MINUTE_STREAM;VERIFIED_MODEL_GRID,ce3de9d6866ef9fb5fcd7c4d340b2b1710a03f055f96cfc7915de48bba70b951,2026-09-17T07:33:00+00:00,2026-09-17 12:33:00,65.4,1006.3,78
18.3,26.9,46.9,1667.8,484.2,75.3,9.4,3.8,0.9,445.0,239.7,5.9,11.2,139.4,31.6,24.35,False,4095,0.0,13.9,845.4,EXT-OPEN-METEO-KHI,KARACHI,OPENSOURCE_API_GRID,455,,,,0.95,True,True,TIER2_OPENSOURCE_PURE;CONTINUOUS_MINUTE_STREAM;VERIFIED_MODEL_GRID,061c76d45bc034ed06481619ab3d870c04232b550b63fbb11fb35a77b6b6e158,2026-09-17T07:34:00+00:00,2026-09-17 12:34:00,65.5,1006.3,78
18.2,26.8,46.9,1661.6,482.4,75.0,9.4,3.8,0.9,445.0,239.3,5.9,11.1,139.4,31.6,24.35,False,4095,0.0,14.3,845.4,EXT-OPEN-METEO-KHI,KARACHI,OPENSOURCE_API_GRID,456,,,,0.95,True,True,TIER2_OPENSOURCE_PURE;CONTINUOUS_MINUTE_STREAM;VERIFIED_MODEL_GRID,b719a7d7f23b34b04bb1c7af6342a8e03ac1985cac3919cc5816630b98764b60,2026-09-17T07:35:00+00:00,2026-09-17 12:35:00,65.5,1006.3,78
18.2,26.8,46.9,1661.6,482.4,75.0,9.4,3.8,0.9,445.0,238.9,5.8,11.1,139.3,31.6,24.35,False,4095,0.0,14.8,845.4,EXT-OPEN-METEO-KHI,KARACHI,OPENSOURCE_API_GRID,457,,,,0.95,True,True,TIER2_OPENSOURCE_PURE;CONTINUOUS_MINUTE_STREAM;VERIFIED_MODEL_GRID,90acca4102f5c051679f4d8d73e46ddc59b7d3db33f53133f8713c117f71252b,2026-09-17T07:36:00+00:00,2026-09-17 12:36:00,65.5,1006.2,78
18.2,26.8,46.9,1661.6,482.4,75.0,9.4,3.8,0.9,445.0,238.5,5.8,11.0,139.3,31.7,24.47,False,4095,0.0,15.2,845.4,EXT-OPEN-METEO-KHI,KARACHI,OPENSOURCE_API_GRID,458,,,,0.95,True,True,TIER2_OPENSOURCE_PURE;CONTINUOUS_MINUTE_STREAM;VERIFIED_MODEL_GRID,6d0838d5b23fb5f2263df7d1776e95f18219d1f21658eef9b6648fe39811929b,2026-09-17T07:37:00+00:00,2026-09-17 12:37:00,65.6,1006.2,78
18.2,26.8,46.9,1661.6,482.4,75.0,9.4,3.8,0.9,445.0,238.0,5.8,11.0,139.3,31.7,24.47,False,4095,0.0,15.7,845.4,EXT-OPEN-METEO-KHI,KARACHI,OPENSOURCE_API_GRID,459,,,,0.95,True,True,TIER2_OPENSOURCE_PURE;CONTINUOUS_MINUTE_STREAM;VERIFIED_MODEL_GRID,766189a9f0013383149f713fddf3fe11f6cf2d38640996941cae7414c8614f68,2026-09-17T07:38:00+00:00,2026-09-17 12:38:00,65.6,1006.2,78
18.2,26.8,46.9,1661.6,482.4,75.0,9.4,3.8,0.9,445.0,237.6,5.8,10.9,139.3,31.7,24.47,False,4095,0.0,16.1,845.4,EXT-OPEN-METEO-KHI,KARACHI,OPENSOURCE_API_GRID,460,,,,0.95,True,True,TIER2_OPENSOURCE_PURE;CONTINUOUS_MINUTE_STREAM;VERIFIED_MODEL_GRID,de43bd55a707d7cc59ee0c569aafe049c10bfff9f40ac3b21656b4ed82b0b874,2026-09-17T07:39:00+00:00,2026-09-17 12:39:00,65.6,1006.2,78
18.2,26.8,47.0,1661.6,482.4,75.0,9.4,3.8,0.9,445.0,237.2,5.7,10.9,139.2,31.7,24.49,False,4095,0.0,16.5,845.5,EXT-OPEN-METEO-KHI,KARACHI,OPENSOURCE_API_GRID,461,,,,0.95,True,True,TIER2_OPENSOURCE_PURE;CONTINUOUS_MINUTE_STREAM;VERIFIED_MODEL_GRID,78ea225f2ffdb8bf945c9346eb8c22303b083c20ce6fdb953aefddfd89eb589b,2026-09-17T07:40:00+00:00,2026-09-17 12:40:00,65.7,1006.2,78
18.2,26.8,47.0,1661.6,482.4,75.0,9.4,3.8,0.9,445.0,236.9,5.7,10.8,139.2,31.7,24.49,False,4095,0.0,16.9,845.5,EXT-OPEN-METEO-KHI,KARACHI,OPENSOURCE_API_GRID,462,,,,0.95,True,True,TIER2_OPENSOURCE_PURE;CONTINUOUS_MINUTE_STREAM;VERIFIED_MODEL_GRID,c0c79f625e47bf1628b646290a327b0b09b89d8ddfd97d674ce4ba5c63dba421,2026-09-17T07:41:00+00:00,2026-09-17 12:41:00,65.7,1006.2,78
18.3,26.9,47.0,1667.8,484.2,75.3,9.4,3.8,0.9,445.0,236.5,5.7,10.8,139.2,31.7,24.52,False,4095,0.0,17.3,845.5,EXT-OPEN-METEO-KHI,KARACHI,OPENSOURCE_API_GRID,463,,,,0.95,True,True,TIER2_OPENSOURCE_PURE;CONTINUOUS_MINUTE_STREAM;VERIFIED_MODEL_GRID,38480eed8d18fae92d82ef66daff398047eab43d9407116406b6a5d5c066b444,2026-09-17T07:42:00+00:00,2026-09-17 12:42:00,65.8,1006.1,78
18.3,26.9,47.1,1667.8,484.2,75.3,9.4,3.8,0.9,445.0,236.2,5.6,10.8,139.2,31.7,24.52,False,4095,0.0,17.7,845.5,EXT-OPEN-METEO-KHI,KARACHI,OPENSOURCE_API_GRID,464,,,,0.95,True,True,TIER2_OPENSOURCE_PURE;CONTINUOUS_MINUTE_STREAM;VERIFIED_MODEL_GRID,247ba5efee78f7770e20d5940fdd3c77bfcf869016484ad448c42922ad26c5bd,2026-09-17T07:43:00+00:00,2026-09-17 12:43:00,65.8,1006.1,78
18.3,26.9,47.1,1667.8,484.2,75.3,9.4,3.8,0.9,445.0,235.8,5.6,10.7,139.2,31.7,24.54,False,4095,0.0,18.0,845.5,EXT-OPEN-METEO-KHI,KARACHI,OPENSOURCE_API_GRID,465,,,,0.95,True,True,TIER2_OPENSOURCE_PURE;CONTINUOUS_MINUTE_STREAM;VERIFIED_MODEL_GRID,b4b1f11559a2c89cb9ff7536616622a4f5e1d0211be4ad17f6ee760b46460085,2026-09-17T07:44:00+00:00,2026-09-17 12:44:00,65.9,1006.1,78
18.2,26.8,47.0,1661.6,482.4,75.0,9.4,3.8,0.9,445.0,235.5,5.6,10.7,139.1,31.8,24.66,False,4095,0.0,18.4,845.5,EXT-OPEN-METEO-KHI,KARACHI,OPENSOURCE_API_GRID,466,,,,0.95,True,True,TIER2_OPENSOURCE_PURE;CONTINUOUS_MINUTE_STREAM;VERIFIED_MODEL_GRID,e63eee05680494f73066342958f524abfb4edbefba504afb8a61a71528592be9,2026-09-17T07:45:00+00:00,2026-09-17 12:45:00,66.0,1006.1,78
18.3,26.9,47.1,1667.8,484.2,75.3,9.4,3.8,0.9,445.0,235.2,5.6,10.6,139.1,31.8,24.66,False,4095,0.0,18.7,845.5,EXT-OPEN-METEO-KHI,KARACHI,OPENSOURCE_API_GRID,467,,,,0.95,True,True,TIER2_OPENSOURCE_PURE;CONTINUOUS_MINUTE_STREAM;VERIFIED_MODEL_GRID,ea2b5fe3de2bd20d6ad2db502216749e3bf1f13057e873f6464169bb03cc649b,2026-09-17T07:46:00+00:00,2026-09-17 12:46:00,66.0,1006.1,78
18.3,26.9,47.1,1667.8,484.2,75.3,9.4,3.8,0.9,445.0,234.9,5.5,10.6,139.1,31.8,24.66,False,4095,0.0,19.0,845.5,EXT-OPEN-METEO-KHI,KARACHI,OPENSOURCE_API_GRID,468,,,,0.95,True,True,TIER2_OPENSOURCE_PURE;CONTINUOUS_MINUTE_STREAM;VERIFIED_MODEL_GRID,b80b90e3f3f335b2feef4eb692b4102d4c376dc5ea3cd85281ef416c3dea6498,2026-09-17T07:47:00+00:00,2026-09-17 12:47:00,66.0,1006.1,78
18.3,26.9,47.2,1667.8,484.2,75.3,9.4,3.8,0.9,445.0,234.6,5.5,10.6,139.1,31.8,24.66,False,4095,0.0,19.3,845.5,EXT-OPEN-METEO-KHI,KARACHI,OPENSOURCE_API_GRID,469,,,,0.95,True,True,TIER2_OPENSOURCE_PURE;CONTINUOUS_MINUTE_STREAM;VERIFIED_MODEL_GRID,5a07e1467dcce2105a1908f79680c29456c7b991aaaf955af9710c23fe0baef7,2026-09-17T07:48:00+00:00,2026-09-17 12:48:00,66.0,1006.1,78
18.3,26.9,47.2,1667.8,484.2,75.3,9.4,3.8,0.9,445.0,234.4,5.5,10.6,139.1,31.8,24.66,False,4095,0.0,19.5,845.6,EXT-OPEN-METEO-KHI,KARACHI,OPENSOURCE_API_GRID,470,,,,0.95,True,True,TIER2_OPENSOURCE_PURE;CONTINUOUS_MINUTE_STREAM;VERIFIED_MODEL_GRID,cc6307958faf13fcb24db534cc18390486ffc5ad760ca0b6c04f587095bafd5e,2026-09-17T07:49:00+00:00,2026-09-17 12:49:00,66.0,1006.1,78
18.3,26.9,47.2,1667.8,484.2,75.3,9.4,3.8,0.9,445.0,234.1,5.5,10.5,139.1,31.8,24.66,False,4095,0.0,19.8,845.6,EXT-OPEN-METEO-KHI,KARACHI,OPENSOURCE_API_GRID,471,,,,0.95,True,True,TIER2_OPENSOURCE_PURE;CONTINUOUS_MINUTE_STREAM;VERIFIED_MODEL_GRID,89da6059bee3a4099f615015d4c191a270b62b8cee275846b8761dc45299da57,2026-09-17T07:50:00+00:00,2026-09-17 12:50:00,66.0,1006.1,78
18.3,26.9,47.2,1667.8,484.2,75.3,9.4,3.8,0.9,445.0,233.9,5.5,10.5,139.1,31.8,24.66,False,4095,0.0,20.0,845.6,EXT-OPEN-METEO-KHI,KARACHI,OPENSOURCE_API_GRID,472,,,,0.95,True,True,TIER2_OPENSOURCE_PURE;CONTINUOUS_MINUTE_STREAM;VERIFIED_MODEL_GRID,eb22c497b236faa0d540994566ea47847c51c15f9cd665c49a234f2400e02231,2026-09-17T07:51:00+00:00,2026-09-17 12:51:00,66.0,1006.1,78
18.3,26.9,47.2,1667.8,484.2,75.3,9.4,3.8,0.9,445.0,233.7,5.5,10.5,139.0,31.8,24.66,False,4095,0.0,20.2,845.6,EXT-OPEN-METEO-KHI,KARACHI,OPENSOURCE_API_GRID,473,,,,0.95,True,True,TIER2_OPENSOURCE_PURE;CONTINUOUS_MINUTE_STREAM;VERIFIED_MODEL_GRID,3d0a487913f48718e97a14605ebd2fd33a162c9858ccda33039e9acd40200825,2026-09-17T07:52:00+00:00,2026-09-17 12:52:00,66.0,1006.0,78
18.3,26.9,47.2,1667.8,484.2,75.3,9.4,3.8,0.9,445.0,233.6,5.4,10.5,139.0,31.8,24.66,False,4095,0.0,20.4,845.6,EXT-OPEN-METEO-KHI,KARACHI,OPENSOURCE_API_GRID,474,,,,0.95,True,True,TIER2_OPENSOURCE_PURE;CONTINUOUS_MINUTE_STREAM;VERIFIED_MODEL_GRID,13a92436bc163d8d85d0c2b878765f11b665681729950d768737de29f19a3867,2026-09-17T07:53:00+00:00,2026-09-17 12:53:00,66.0,1006.0,78
18.3,26.9,47.2,1667.8,484.2,75.3,9.4,3.8,0.9,445.0,233.4,5.4,10.4,139.0,31.8,24.66,False,4095,0.0,20.6,845.6,EXT-OPEN-METEO-KHI,KARACHI,OPENSOURCE_API_GRID,475,,,,0.95,True,True,TIER2_OPENSOURCE_PURE;CONTINUOUS_MINUTE_STREAM;VERIFIED_MODEL_GRID,f4316d60a28b89fcc8a2714dd1510003be6d2c10636d4699be9f584c52667e85,2026-09-17T07:54:00+00:00,2026-09-17 12:54:00,66.0,1006.0,78
18.3,26.9,47.2,1667.8,484.2,75.3,9.4,3.8,0.9,445.0,233.3,5.4,10.4,139.0,31.8,24.66,False,4095,0.0,20.7,845.6,EXT-OPEN-METEO-KHI,KARACHI,OPENSOURCE_API_GRID,476,,,,0.95,True,True,TIER2_OPENSOURCE_PURE;CONTINUOUS_MINUTE_STREAM;VERIFIED_MODEL_GRID,445fba0e4297bb2a2aeef71ea7206d55a15a917d2143a5dac673c0cd8f41b0fb,2026-09-17T07:55:00+00:00,2026-09-17 12:55:00,66.0,1006.0,78
18.2,26.8,47.1,1661.6,482.4,75.0,9.4,3.8,0.9,445.0,233.2,5.4,10.4,139.0,31.8,24.66,False,4095,0.0,20.8,845.6,EXT-OPEN-METEO-KHI,KARACHI,OPENSOURCE_API_GRID,477,,,,0.95,True,True,TIER2_OPENSOURCE_PURE;CONTINUOUS_MINUTE_STREAM;VERIFIED_MODEL_GRID,4034b947525f523cf9ddd519ab777dcc13b3ce05da43a43decc249087ce241c1,2026-09-17T07:56:00+00:00,2026-09-17 12:56:00,66.0,1006.0,78
18.2,26.8,47.0,1661.6,482.4,75.0,9.4,3.8,0.9,445.0,233.1,5.4,10.4,139.0,31.8,24.64,False,4095,0.0,20.9,845.6,EXT-OPEN-METEO-KHI,KARACHI,OPENSOURCE_API_GRID,478,,,,0.95,True,True,TIER2_OPENSOURCE_PURE;CONTINUOUS_MINUTE_STREAM;VERIFIED_MODEL_GRID,566501d84060b121c440ec0f2e988150fec002b50da27c1baf6d5666de6dc0c2,2026-09-17T07:57:00+00:00,2026-09-17 12:57:00,65.9,1006.0,78
18.2,26.8,47.0,1661.6,482.4,75.0,9.4,3.8,0.9,445.0,233.0,5.4,10.4,139.0,31.8,24.64,False,4095,0.0,21.0,845.6,EXT-OPEN-METEO-KHI,KARACHI,OPENSOURCE_API_GRID,479,,,,0.95,True,True,TIER2_OPENSOURCE_PURE;CONTINUOUS_MINUTE_STREAM;VERIFIED_MODEL_GRID,bb7f57407253be63b1c6a0c87f53ef4888b8b879edb10009051afbe86924c403,2026-09-17T07:58:00+00:00,2026-09-17 12:58:00,65.9,1006.0,78
18.2,26.7,46.9,1655.4,480.6,74.8,9.3,3.8,0.9,445.0,233.0,5.4,10.4,139.0,31.8,24.64,False,4095,0.0,21.0,845.6,EXT-OPEN-METEO-KHI,KARACHI,OPENSOURCE_API_GRID,480,,,,0.95,True,True,TIER2_OPENSOURCE_PURE;CONTINUOUS_MINUTE_STREAM;VERIFIED_MODEL_GRID,c26ca93f7f2f1223c23d9b0ed7d0a9ffd69132ce063a2b561bf7e691adbb0df9,2026-09-17T07:59:00+00:00,2026-09-17 12:59:00,65.9,1006.0,78
18.2,26.7,46.8,1655.4,480.6,74.8,9.3,3.7,0.9,445.0,233.0,5.4,10.4,139.0,31.8,24.64,False,4095,0.0,21.0,845.6,EXT-OPEN-METEO-KHI,KARACHI,OPENSOURCE_API_GRID,481,,,,0.95,True,False,TIER2_OPENSOURCE_PURE;HOURLY_NODE;VERIFIED_MODEL_GRID,4574b9820b5293ade91bf887ee1585922a2781477bcdcac59f64d3f14569751a,2026-09-17T08:00:00+00:00,2026-09-17 13:00:00,65.9,1006.0,78
18.1,26.6,46.8,1649.2,478.8,74.5,9.3,3.7,0.9,445.0,233.0,5.4,10.4,139.0,31.8,24.64,False,4095,0.0,21.0,845.5,EXT-OPEN-METEO-KHI,KARACHI,OPENSOURCE_API_GRID,482,,,,0.95,True,True,TIER2_OPENSOURCE_PURE;CONTINUOUS_MINUTE_STREAM;VERIFIED_MODEL_GRID,71da5a271806158ff5be3292ba71d154a7f1b9279582ed99c8d5b66ce372811b,2026-09-17T08:01:00+00:00,2026-09-17 13:01:00,65.9,1006.0,78
18.1,26.6,46.7,1649.2,478.8,74.5,9.3,3.7,0.9,445.0,233.0,5.4,10.4,139.0,31.8,24.64,False,4095,0.0,21.0,845.3,EXT-OPEN-METEO-KHI,KARACHI,OPENSOURCE_API_GRID,483,,,,0.95,True,True,TIER2_OPENSOURCE_PURE;CONTINUOUS_MINUTE_STREAM;VERIFIED_MODEL_GRID,4d3edabe5f46dbc63c857e8fd5e6aae215b2889b12300ccc9124019094ee3dff,2026-09-17T08:02:00+00:00,2026-09-17 13:02:00,65.9,1006.0,78
18.0,26.5,46.7,1643.0,477.0,74.2,9.3,3.7,0.9,445.0,233.0,5.4,10.4,139.0,31.8,24.64,False,4095,0.0,21.0,845.0,EXT-OPEN-METEO-KHI,KARACHI,OPENSOURCE_API_GRID,484,,,,0.95,True,True,TIER2_OPENSOURCE_PURE;CONTINUOUS_MINUTE_STREAM;VERIFIED_MODEL_GRID,0ee6df1f4ce47f097c088c98b85dbe5ce8fd458f0b7b3e6a2c6aab1a32c1a1d7,2026-09-17T08:03:00+00:00,2026-09-17 13:03:00,65.9,1006.0,78
18.0,26.5,46.6,1643.0,477.0,74.2,9.3,3.7,0.9,445.0,233.0,5.4,10.4,138.9,31.8,24.64,False,4095,0.0,21.1,844.6,EXT-OPEN-METEO-KHI,KARACHI,OPENSOURCE_API_GRID,485,,,,0.95,True,True,TIER2_OPENSOURCE_PURE;CONTINUOUS_MINUTE_STREAM;VERIFIED_MODEL_GRID,fe8189af4a21ed0215af90a07b36c63d0e6c5b8c59c51b040853e40432712a63,2026-09-17T08:04:00+00:00,2026-09-17 13:04:00,65.9,1006.0,78
18.0,26.5,46.6,1643.0,477.0,74.2,9.3,3.7,0.9,445.0,233.0,5.4,10.4,138.9,31.8,24.64,False,4095,0.0,21.1,844.0,EXT-OPEN-METEO-KHI,KARACHI,OPENSOURCE_API_GRID,486,,,,0.95,True,True,TIER2_OPENSOURCE_PURE;CONTINUOUS_MINUTE_STREAM;VERIFIED_MODEL_GRID,4a8e99baad852c2c3e39c5a4bd274b5eed4167deb7c81da6327340fdf07a635d,2026-09-17T08:05:00+00:00,2026-09-17 13:05:00,65.9,1006.0,78
18.0,26.5,46.6,1643.0,477.0,74.2,9.3,3.7,0.9,445.0,233.0,5.4,10.4,138.8,31.7,24.54,False,4095,0.0,21.2,843.4,EXT-OPEN-METEO-KHI,KARACHI,OPENSOURCE_API_GRID,487,,,,0.95,True,True,TIER2_OPENSOURCE_PURE;CONTINUOUS_MINUTE_STREAM;VERIFIED_MODEL_GRID,67b48ffcba0fbd101e20dfed6397ebd47f30d486c580f369a09993ffebac7a46,2026-09-17T08:06:00+00:00,2026-09-17 13:06:00,65.9,1006.0,78
18.0,26.5,46.6,1643.0,477.0,74.2,9.3,3.7,0.9,445.0,233.0,5.4,10.3,138.7,31.7,24.54,False,4095,0.0,21.2,842.6,EXT-OPEN-METEO-KHI,KARACHI,OPENSOURCE_API_GRID,488,,,,0.95,True,True,TIER2_OPENSOURCE_PURE;CONTINUOUS_MINUTE_STREAM;VERIFIED_MODEL_GRID,6cf234cbbfc355850f4244ea9d05c89b0b427b719fb3cf074c8dfa24dccad64d,2026-09-17T08:07:00+00:00,2026-09-17 13:07:00,65.9,1006.0,78
18.0,26.5,46.6,1643.0,477.0,74.2,9.3,3.7,0.9,445.0,233.0,5.4,10.3,138.7,31.7,24.57,False,4095,0.0,21.3,841.6,EXT-OPEN-METEO-KHI,KARACHI,OPENSOURCE_API_GRID,489,,,,0.95,True,True,TIER2_OPENSOURCE_PURE;CONTINUOUS_MINUTE_STREAM;VERIFIED_MODEL_GRID,0f5966c80d0d640c7f2c1d33adba3364ed8b1d582517693a2e9df80758b1c2b3,2026-09-17T08:08:00+00:00,2026-09-17 13:08:00,66.0,1006.0,78
18.0,26.5,46.6,1643.0,477.0,74.2,9.3,3.7,0.9,445.0,232.9,5.4,10.3,138.6,31.7,24.57,False,4095,0.0,21.4,840.6,EXT-OPEN-METEO-KHI,KARACHI,OPENSOURCE_API_GRID,490,,,,0.95,True,True,TIER2_OPENSOURCE_PURE;CONTINUOUS_MINUTE_STREAM;VERIFIED_MODEL_GRID,3f8d8b0509e6b98fbe28ca16e5cfd71b3300cf6055e4bc477a3c1d6417ff7086,2026-09-17T08:09:00+00:00,2026-09-17 13:09:00,66.0,1006.0,78
18.0,26.5,46.6,1643.0,477.0,74.2,9.3,3.7,0.9,445.0,232.9,5.4,10.3,138.5,31.7,24.59,False,4095,0.0,21.5,839.5,EXT-OPEN-METEO-KHI,KARACHI,OPENSOURCE_API_GRID,491,,,,0.95,True,True,TIER2_OPENSOURCE_PURE;CONTINUOUS_MINUTE_STREAM;VERIFIED_MODEL_GRID,b36964e6b71daeeafa076b4ec815fa5f68039cd716c6efddb0a77bfe1a8e2f89,2026-09-17T08:10:00+00:00,2026-09-17 13:10:00,66.1,1006.0,78
18.0,26.5,46.7,1643.0,477.0,74.2,9.3,3.7,0.9,445.0,232.9,5.4,10.3,138.4,31.7,24.59,False,4095,0.0,21.6,838.2,EXT-OPEN-METEO-KHI,KARACHI,OPENSOURCE_API_GRID,492,,,,0.95,True,True,TIER2_OPENSOURCE_PURE;CONTINUOUS_MINUTE_STREAM;VERIFIED_MODEL_GRID,2e649a6ec54575b0092fbeda52f1aa2385356067ce3e4f33fe42e3a6eea8f3af,2026-09-17T08:11:00+00:00,2026-09-17 13:11:00,66.1,1005.9,78
18.0,26.5,46.7,1643.0,477.0,74.2,9.3,3.7,0.9,445.0,232.9,5.4,10.2,138.2,31.7,24.62,False,4095,0.0,21.7,836.8,EXT-OPEN-METEO-KHI,KARACHI,OPENSOURCE_API_GRID,493,,,,0.95,True,True,TIER2_OPENSOURCE_PURE;CONTINUOUS_MINUTE_STREAM;VERIFIED_MODEL_GRID,d8139998c6970dd742ff3844ea5d437ae4cbf645a0d1871bf1aefeccbdb18320,2026-09-17T08:12:00+00:00,2026-09-17 13:12:00,66.2,1005.9,78
18.0,26.5,46.8,1643.0,477.0,74.2,9.3,3.7,0.9,445.0,232.9,5.4,10.2,138.1,31.7,24.62,False,4095,0.0,21.8,835.4,EXT-OPEN-METEO-KHI,KARACHI,OPENSOURCE_API_GRID,494,,,,0.95,True,True,TIER2_OPENSOURCE_PURE;CONTINUOUS_MINUTE_STREAM;VERIFIED_MODEL_GRID,9a21345441929a5cb7bd579efd7cb590d0a6dc7dc67331ae1f2814200a6cd12e,2026-09-17T08:13:00+00:00,2026-09-17 13:13:00,66.2,1005.9,78
18.1,26.6,46.8,1649.2,478.8,74.5,9.3,3.7,0.9,445.0,232.9,5.4,10.2,138.0,31.7,24.64,False,4095,0.0,21.9,833.8,EXT-OPEN-METEO-KHI,KARACHI,OPENSOURCE_API_GRID,495,,,,0.95,True,True,TIER2_OPENSOURCE_PURE;CONTINUOUS_MINUTE_STREAM;VERIFIED_MODEL_GRID,9ac832c8b98a41d69e79a4d15175bd347ab131d37c4e697608501261b293b13d,2026-09-17T08:14:00+00:00,2026-09-17 13:14:00,66.3,1005.9,78
18.1,26.6,46.9,1649.2,478.8,74.5,9.3,3.8,0.9,445.0,232.9,5.4,10.2,137.8,31.7,24.64,False,4095,0.0,22.0,832.2,EXT-OPEN-METEO-KHI,KARACHI,OPENSOURCE_API_GRID,496,,,,0.95,True,True,TIER2_OPENSOURCE_PURE;CONTINUOUS_MINUTE_STREAM;VERIFIED_MODEL_GRID,8800a6d53673cc850fc9714170fd3d5a7f9578a2e80b4ff0b5f4d9b3d9cb155a,2026-09-17T08:15:00+00:00,2026-09-17 13:15:00,66.3,1005.9,78
18.0,26.5,46.8,1643.0,477.0,74.2,9.3,3.7,0.9,445.0,232.8,5.4,10.1,137.7,31.8,24.79,False,4095,0.0,22.2,830.4,EXT-OPEN-METEO-KHI,KARACHI,OPENSOURCE_API_GRID,497,,,,0.95,True,True,TIER2_OPENSOURCE_PURE;CONTINUOUS_MINUTE_STREAM;VERIFIED_MODEL_GRID,61b703daf52d03b590080e56d17b654344ec278c79c912b3c6f339c27a1272a8,2026-09-17T08:16:00+00:00,2026-09-17 13:16:00,66.5,1005.9,78
18.0,26.5,46.8,1643.0,477.0,74.2,9.3,3.7,0.9,445.0,232.8,5.3,10.1,137.5,31.8,24.79,False,4095,0.0,22.3,828.6,EXT-OPEN-METEO-KHI,KARACHI,OPENSOURCE_API_GRID,498,,,,0.95,True,True,TIER2_OPENSOURCE_PURE;CONTINUOUS_MINUTE_STREAM;VERIFIED_MODEL_GRID,519cf724e4cce79ebd4500dbb52b472148610cd4ef1c644b0c68e1e238ae0904,2026-09-17T08:17:00+00:00,2026-09-17 13:17:00,66.5,1005.9,78
18.0,26.5,46.9,1643.0,477.0,74.2,9.3,3.8,0.9,445.0,232.8,5.3,10.1,137.4,31.8,24.81,False,4095,0.0,22.4,826.7,EXT-OPEN-METEO-KHI,KARACHI,OPENSOURCE_API_GRID,499,,,,0.95,True,True,TIER2_OPENSOURCE_PURE;CONTINUOUS_MINUTE_STREAM;VERIFIED_MODEL_GRID,f07e203719c44275a0610cfded35875d1ef40527b51e0147bd5ce96a24be9d8d,2026-09-17T08:18:00+00:00,2026-09-17 13:18:00,66.6,1005.9,78
18.0,26.5,46.9,1643.0,477.0,74.2,9.3,3.8,0.9,445.0,232.8,5.3,10.0,137.2,31.8,24.81,False,4095,0.0,22.6,824.7,EXT-OPEN-METEO-KHI,KARACHI,OPENSOURCE_API_GRID,500,,,,0.95,True,True,TIER2_OPENSOURCE_PURE;CONTINUOUS_MINUTE_STREAM;VERIFIED_MODEL_GRID,069447a0566f77b5b42145fc4c1d9a07f634c6193e9b52b74733551f31c80c20,2026-09-17T08:19:00+00:00,2026-09-17 13:19:00,66.6,1005.9,78
18.0,26.5,46.9,1643.0,477.0,74.2,9.3,3.8,0.9,445.0,232.8,5.3,10.0,137.0,31.8,24.81,False,4095,0.0,22.8,822.6,EXT-OPEN-METEO-KHI,KARACHI,OPENSOURCE_API_GRID,501,,,,0.95,True,True,TIER2_OPENSOURCE_PURE;CONTINUOUS_MINUTE_STREAM;VERIFIED_MODEL_GRID,54ecaad7e8bfec343cb5ba6b037ecf21e464799f9249c3c42d8588513bdaea39,2026-09-17T08:20:00+00:00,2026-09-17 13:20:00,66.6,1005.9,78
18.0,26.5,47.0,1643.0,477.0,74.2,9.3,3.8,0.9,445.0,232.7,5.3,10.0,136.8,31.8,24.81,False,4095,0.0,22.9,820.5,EXT-OPEN-METEO-KHI,KARACHI,OPENSOURCE_API_GRID,502,,,,0.95,True,True,TIER2_OPENSOURCE_PURE;CONTINUOUS_MINUTE_STREAM;VERIFIED_MODEL_GRID,833b9d4e091d6eff335e9e62f5d013a84e19db5fd9f8a9a9e001427f5db95b2a,2026-09-17T08:21:00+00:00,2026-09-17 13:21:00,66.6,1005.8,78
18.0,26.5,47.0,1643.0,477.0,74.2,9.3,3.8,0.9,445.0,232.7,5.3,9.9,136.6,31.8,24.84,False,4095,0.0,23.1,818.4,EXT-OPEN-METEO-KHI,KARACHI,OPENSOURCE_API_GRID,503,,,,0.95,True,True,TIER2_OPENSOURCE_PURE;CONTINUOUS_MINUTE_STREAM;VERIFIED_MODEL_GRID,4f8688ed6cdcd63c1870864ed988c066c7bc4b7e7457badfa467b66138c068e1,2026-09-17T08:22:00+00:00,2026-09-17 13:22:00,66.7,1005.8,78
18.0,26.5,46.9,1643.0,477.0,74.2,9.3,3.8,0.9,445.0,232.7,5.3,9.9,136.4,31.8,24.84,False,4095,0.0,23.2,816.1,EXT-OPEN-METEO-KHI,KARACHI,OPENSOURCE_API_GRID,504,,,,0.95,True,True,TIER2_OPENSOURCE_PURE;CONTINUOUS_MINUTE_STREAM;VERIFIED_MODEL_GRID,387c10f7248f975331c3e0141b8c5f1430ad9124637f21362c1fbade045fc366,2026-09-17T08:23:00+00:00,2026-09-17 13:23:00,66.7,1005.8,78
18.0,26.4,46.9,1636.8,475.2,73.9,9.2,3.8,0.9,445.0,232.7,5.3,9.8,136.2,31.7,24.74,False,4095,0.0,23.4,813.9,EXT-OPEN-METEO-KHI,KARACHI,OPENSOURCE_API_GRID,505,,,,0.95,True,True,TIER2_OPENSOURCE_PURE;CONTINUOUS_MINUTE_STREAM;VERIFIED_MODEL_GRID,8fd5796f562da67d853be23f12cabc74572d8c2cd8f93820ff2d9e75cb2bc98c,2026-09-17T08:24:00+00:00,2026-09-17 13:24:00,66.7,1005.8,78
18.0,26.4,46.9,1636.8,475.2,73.9,9.2,3.8,0.9,445.0,232.6,5.3,9.8,136.0,31.7,24.77,False,4095,0.0,23.6,811.6,EXT-OPEN-METEO-KHI,KARACHI,OPENSOURCE_API_GRID,506,,,,0.95,True,True,TIER2_OPENSOURCE_PURE;CONTINUOUS_MINUTE_STREAM;VERIFIED_MODEL_GRID,54a05bd66ec1709713a16f7584b41d345362b3c4a5495f89da5eb4a3dcb51ff4,2026-09-17T08:25:00+00:00,2026-09-17 13:25:00,66.8,1005.8,78
17.9,26.3,46.8,1630.6,473.4,73.6,9.2,3.7,0.9,445.0,232.6,5.3,9.8,135.8,31.7,24.77,False,4095,0.0,23.8,809.2,EXT-OPEN-METEO-KHI,KARACHI,OPENSOURCE_API_GRID,507,,,,0.95,True,True,TIER2_OPENSOURCE_PURE;CONTINUOUS_MINUTE_STREAM;VERIFIED_MODEL_GRID,0977e4df9e94dd4a664937cac991598bab6b7decc372795ac17db86dae5b4021,2026-09-17T08:26:00+00:00,2026-09-17 13:26:00,66.8,1005.8,78
17.9,26.3,46.8,1630.6,473.4,73.6,9.2,3.7,0.9,445.0,232.6,5.3,9.7,135.6,31.7,24.77,False,4095,0.0,24.0,806.9,EXT-OPEN-METEO-KHI,KARACHI,OPENSOURCE_API_GRID,508,,,,0.95,True,True,TIER2_OPENSOURCE_PURE;CONTINUOUS_MINUTE_STREAM;VERIFIED_MODEL_GRID,89a1c9e255c9150010ec61dff3e25240871d765fae15af017629e4b02e5398b1,2026-09-17T08:27:00+00:00,2026-09-17 13:27:00,66.8,1005.8,78
17.8,26.2,46.7,1624.4,471.6,73.4,9.2,3.7,0.9,445.0,232.6,5.3,9.7,135.4,31.7,24.77,False,4095,0.0,24.1,804.5,EXT-OPEN-METEO-KHI,KARACHI,OPENSOURCE_API_GRID,509,,,,0.95,True,True,TIER2_OPENSOURCE_PURE;CONTINUOUS_MINUTE_STREAM;VERIFIED_MODEL_GRID,35fddddee2683177dac83bff446dd9b96871d178bf4f45745b81d21b34a9d50f,2026-09-17T08:28:00+00:00,2026-09-17 13:28:00,66.8,1005.8,78
17.7,26.1,46.6,1618.2,469.8,73.1,9.1,3.7,0.9,445.0,232.5,5.3,9.6,135.2,31.7,24.79,False,4095,0.0,24.3,802.1,EXT-OPEN-METEO-KHI,KARACHI,OPENSOURCE_API_GRID,510,,,,0.95,True,True,TIER2_OPENSOURCE_PURE;CONTINUOUS_MINUTE_STREAM;VERIFIED_MODEL_GRID,3ff3cf1651bd209ee6047b7f7b1f73197ca7d1368c45ed821daa50779236d04e,2026-09-17T08:29:00+00:00,2026-09-17 13:29:00,66.9,1005.7,78
17.7,26.1,46.5,1618.2,469.8,73.1,9.1,3.7,0.9,445.0,232.5,5.2,9.6,135.0,31.7,24.79,False,4095,0.0,24.5,799.7,EXT-OPEN-METEO-KHI,KARACHI,OPENSOURCE_API_GRID,511,,,,0.95,True,True,TIER2_OPENSOURCE_PURE;CONTINUOUS_MINUTE_STREAM;VERIFIED_MODEL_GRID,dc68a6102060e05a807d76f061852979f7bfb39cd7f0784af4545e9548f789dd,2026-09-17T08:30:00+00:00,2026-09-17 13:30:00,66.9,1005.7,78
17.7,26.0,46.4,1612.0,468.0,72.8,9.1,3.7,0.9,445.0,232.5,5.2,9.6,134.8,31.6,24.7,False,4095,0.0,24.7,797.3,EXT-OPEN-METEO-KHI,KARACHI,OPENSOURCE_API_GRID,512,,,,0.95,True,True,TIER2_OPENSOURCE_PURE;CONTINUOUS_MINUTE_STREAM;VERIFIED_MODEL_GRID,5e0baf1ccb49f17cbdb6710d57a0edc6bede470f1341761c217a35d129d1111b,2026-09-17T08:31:00+00:00,2026-09-17 13:31:00,66.9,1005.7,78
17.6,25.9,46.3,1605.8,466.2,72.5,9.1,3.7,0.9,445.0,232.4,5.2,9.5,134.6,31.6,24.72,False,4095,0.0,24.9,794.9,EXT-OPEN-METEO-KHI,KARACHI,OPENSOURCE_API_GRID,513,,,,0.95,True,True,TIER2_OPENSOURCE_PURE;CONTINUOUS_MINUTE_STREAM;VERIFIED_MODEL_GRID,936e33039a5c350415a230388b3ed49565fcf473a4e65bb734c3a4e41169b7b0,2026-09-17T08:32:00+00:00,2026-09-17 13:32:00,67.0,1005.7,78
17.5,25.8,46.3,1599.6,464.4,72.2,9.0,3.7,0.9,445.0,232.4,5.2,9.5,134.4,31.6,24.72,False,4095,0.0,25.0,792.5,EXT-OPEN-METEO-KHI,KARACHI,OPENSOURCE_API_GRID,514,,,,0.95,True,True,TIER2_OPENSOURCE_PURE;CONTINUOUS_MINUTE_STREAM;VERIFIED_MODEL_GRID,7ef6ca2c624b7cedf476a15418a265bb3c0cdc2c3f74f440a9b27c759d78e294,2026-09-17T08:33:00+00:00,2026-09-17 13:33:00,67.0,1005.7,78
17.5,25.8,46.2,1599.6,464.4,72.2,9.0,3.7,0.9,445.0,232.4,5.2,9.4,134.2,31.6,24.75,False,4095,0.0,25.2,790.2,EXT-OPEN-METEO-KHI,KARACHI,OPENSOURCE_API_GRID,515,,,,0.95,True,True,TIER2_OPENSOURCE_PURE;CONTINUOUS_MINUTE_STREAM;VERIFIED_MODEL_GRID,d7ad79277dcd7724042d2f80a7a2c2a538fd9b7f6f3bc809bbe1880125dde2d9,2026-09-17T08:34:00+00:00,2026-09-17 13:34:00,67.1,1005.7,78
17.5,25.7,46.1,1593.4,462.6,72.0,9.0,3.7,0.9,445.0,232.4,5.2,9.4,134.0,31.6,24.75,False,4095,0.0,25.4,787.8,EXT-OPEN-METEO-KHI,KARACHI,OPENSOURCE_API_GRID,516,,,,0.95,True,True,TIER2_OPENSOURCE_PURE;CONTINUOUS_MINUTE_STREAM;VERIFIED_MODEL_GRID,ab8a0b7ff8d16a97254554140e6303434c0087ab9ffc84937452309474e3c475,2026-09-17T08:35:00+00:00,2026-09-17 13:35:00,67.1,1005.6,78
17.5,25.7,46.1,1593.4,462.6,72.0,9.0,3.7,0.9,445.0,232.3,5.2,9.4,133.8,31.6,24.77,False,4095,0.0,25.6,785.5,EXT-OPEN-METEO-KHI,KARACHI,OPENSOURCE_API_GRID,517,,,,0.95,True,True,TIER2_OPENSOURCE_PURE;CONTINUOUS_MINUTE_STREAM;VERIFIED_MODEL_GRID,1d762aacdb8e8bd0a24a50e4f67ac4419e3178d1db45c3572c07ce21b19ed5da,2026-09-17T08:36:00+00:00,2026-09-17 13:36:00,67.2,1005.6,78
17.4,25.6,46.1,1587.2,460.8,71.7,9.0,3.7,0.9,445.0,232.3,5.2,9.3,133.6,31.6,24.77,False,4095,0.0,25.8,783.3,EXT-OPEN-METEO-KHI,KARACHI,OPENSOURCE_API_GRID,518,,,,0.95,True,True,TIER2_OPENSOURCE_PURE;CONTINUOUS_MINUTE_STREAM;VERIFIED_MODEL_GRID,4c5c4be2ebf0f20d3690137b9b370252e9c29ccbce64bf81f87d359f6debb98c,2026-09-17T08:37:00+00:00,2026-09-17 13:37:00,67.2,1005.6,78
17.4,25.6,46.0,1587.2,460.8,71.7,9.0,3.7,0.9,445.0,232.3,5.2,9.3,133.4,31.5,24.7,False,4095,0.0,25.9,781.0,EXT-OPEN-METEO-KHI,KARACHI,OPENSOURCE_API_GRID,519,,,,0.95,True,True,TIER2_OPENSOURCE_PURE;CONTINUOUS_MINUTE_STREAM;VERIFIED_MODEL_GRID,80ec072100232275b0ff584a17cf87d24cb545a71743656fe2a3c44bae9a5695,2026-09-17T08:38:00+00:00,2026-09-17 13:38:00,67.3,1005.6,78
17.4,25.6,46.0,1587.2,460.8,71.7,9.0,3.7,0.9,445.0,232.3,5.2,9.2,133.2,31.5,24.7,False,4095,0.0,26.1,778.9,EXT-OPEN-METEO-KHI,KARACHI,OPENSOURCE_API_GRID,520,,,,0.95,True,True,TIER2_OPENSOURCE_PURE;CONTINUOUS_MINUTE_STREAM;VERIFIED_MODEL_GRID,a1e491a591a2db309eece6d84520ed1b86cf6269acf38f5aac8145870a5d3c59,2026-09-17T08:39:00+00:00,2026-09-17 13:39:00,67.3,1005.6,78
17.4,25.6,46.1,1587.2,460.8,71.7,9.0,3.7,0.9,445.0,232.2,5.2,9.2,133.0,31.5,24.73,False,4095,0.0,26.2,776.8,EXT-OPEN-METEO-KHI,KARACHI,OPENSOURCE_API_GRID,521,,,,0.95,True,True,TIER2_OPENSOURCE_PURE;CONTINUOUS_MINUTE_STREAM;VERIFIED_MODEL_GRID,e65bda13acc3f05859f01dfeb03e5d8272862b51d1fc27700a4783ce223f3449,2026-09-17T08:40:00+00:00,2026-09-17 13:40:00,67.4,1005.6,78
17.4,25.6,46.1,1587.2,460.8,71.7,9.0,3.7,0.9,445.0,232.2,5.2,9.2,132.8,31.5,24.75,False,4095,0.0,26.4,774.7,EXT-OPEN-METEO-KHI,KARACHI,OPENSOURCE_API_GRID,522,,,,0.95,True,True,TIER2_OPENSOURCE_PURE;CONTINUOUS_MINUTE_STREAM;VERIFIED_MODEL_GRID,71cd4d876d332575b3cdac768341412971a79da23ee3ef3a1f4c7b0c72c85e4e,2026-09-17T08:41:00+00:00,2026-09-17 13:41:00,67.5,1005.5,78
17.4,25.6,46.1,1587.2,460.8,71.7,9.0,3.7,0.9,445.0,232.2,5.2,9.1,132.6,31.5,24.75,False,4095,0.0,26.6,772.7,EXT-OPEN-METEO-KHI,KARACHI,OPENSOURCE_API_GRID,523,,,,0.95,True,True,TIER2_OPENSOURCE_PURE;CONTINUOUS_MINUTE_STREAM;VERIFIED_MODEL_GRID,060439d0e3273fea356a28acbe25b26be94d9839c50a9ea7772497697bfd3081,2026-09-17T08:42:00+00:00,2026-09-17 13:42:00,67.5,1005.5,78
17.4,25.6,46.2,1587.2,460.8,71.7,9.0,3.7,0.9,445.0,232.2,5.2,9.1,132.5,31.5,24.78,False,4095,0.0,26.7,770.8,EXT-OPEN-METEO-KHI,KARACHI,OPENSOURCE_API_GRID,524,,,,0.95,True,True,TIER2_OPENSOURCE_PURE;CONTINUOUS_MINUTE_STREAM;VERIFIED_MODEL_GRID,2de8b2ad126531c3e636ab47eba4bb6af24df857ee3972761528847827ce3e0c,2026-09-17T08:43:00+00:00,2026-09-17 13:43:00,67.6,1005.5,78
17.4,25.6,46.2,1587.2,460.8,71.7,9.0,3.7,0.9,445.0,232.2,5.1,9.1,132.3,31.5,24.8,False,4095,0.0,26.8,769.0,EXT-OPEN-METEO-KHI,KARACHI,OPENSOURCE_API_GRID,525,,,,0.95,True,True,TIER2_OPENSOURCE_PURE;CONTINUOUS_MINUTE_STREAM;VERIFIED_MODEL_GRID,275f0a54ffa5d40925d11e3642d8afb4ba84feebdaaf1a04f0d6abea35adf959,2026-09-17T08:44:00+00:00,2026-09-17 13:44:00,67.7,1005.5,78
17.4,25.6,46.3,1587.2,460.8,71.7,9.0,3.7,0.9,445.0,232.1,5.1,9.0,132.2,31.5,24.8,False,4095,0.0,27.0,767.2,EXT-OPEN-METEO-KHI,KARACHI,OPENSOURCE_API_GRID,526,,,,0.95,True,True,TIER2_OPENSOURCE_PURE;CONTINUOUS_MINUTE_STREAM;VERIFIED_MODEL_GRID,17c61f77a6ee7ed5632f396bcb6134f0e81a2ad60fb82ded1656169d9fb1a8a6,2026-09-17T08:45:00+00:00,2026-09-17 13:45:00,67.7,1005.5,78
17.4,25.6,46.3,1587.2,460.8,71.7,9.0,3.7,0.9,445.0,232.1,5.1,9.0,132.0,31.5,24.83,False,4095,0.0,27.1,765.6,EXT-OPEN-METEO-KHI,KARACHI,OPENSOURCE_API_GRID,527,,,,0.95,True,True,TIER2_OPENSOURCE_PURE;CONTINUOUS_MINUTE_STREAM;VERIFIED_MODEL_GRID,15907c0a6556082b7d4deec8b3041851e9ca9472a667e5a4e2d23ca303a4afba,2026-09-17T08:46:00+00:00,2026-09-17 13:46:00,67.8,1005.5,78
17.3,25.5,46.2,1581.0,459.0,71.4,8.9,3.7,0.9,445.0,232.1,5.1,9.0,131.9,31.5,24.85,False,4095,0.0,27.2,764.0,EXT-OPEN-METEO-KHI,KARACHI,OPENSOURCE_API_GRID,528,,,,0.95,True,True,TIER2_OPENSOURCE_PURE;CONTINUOUS_MINUTE_STREAM;VERIFIED_MODEL_GRID,a35285889bd6585465db8c440173cb1dcb7215d23de5cde1ff1ed9726086b1af,2026-09-17T08:47:00+00:00,2026-09-17 13:47:00,67.9,1005.5,78
17.4,25.6,46.2,1587.2,460.8,71.7,9.0,3.7,0.9,445.0,232.1,5.1,9.0,131.8,31.5,24.88,False,4095,0.0,27.3,762.6,EXT-OPEN-METEO-KHI,KARACHI,OPENSOURCE_API_GRID,529,,,,0.95,True,True,TIER2_OPENSOURCE_PURE;CONTINUOUS_MINUTE_STREAM;VERIFIED_MODEL_GRID,e83ffc2f4a89cf09e28c5ed5eac2349bafb95d65765023a41ef6a5eec5370e4f,2026-09-17T08:48:00+00:00,2026-09-17 13:48:00,68.0,1005.5,78
17.4,25.6,46.3,1587.2,460.8,71.7,9.0,3.7,0.9,445.0,232.1,5.1,8.9,131.6,31.5,24.88,False,4095,0.0,27.4,761.2,EXT-OPEN-METEO-KHI,KARACHI,OPENSOURCE_API_GRID,530,,,,0.95,True,True,TIER2_OPENSOURCE_PURE;CONTINUOUS_MINUTE_STREAM;VERIFIED_MODEL_GRID,7a4d9fb3dbffc72b957923a15a3bf95de136d5a033ba043edc5504a6dbbc8bff,2026-09-17T08:49:00+00:00,2026-09-17 13:49:00,68.0,1005.5,78
17.4,25.6,46.3,1587.2,460.8,71.7,9.0,3.7,0.9,445.0,232.1,5.1,8.9,131.5,31.5,24.88,False,4095,0.0,27.5,759.9,EXT-OPEN-METEO-KHI,KARACHI,OPENSOURCE_API_GRID,531,,,,0.95,True,True,TIER2_OPENSOURCE_PURE;CONTINUOUS_MINUTE_STREAM;VERIFIED_MODEL_GRID,7fa27a7924d0f3be135d6d8bd6be6320bbf6693084f9ac067f4c43cabc4b9446,2026-09-17T08:50:00+00:00,2026-09-17 13:50:00,68.0,1005.4,78
17.4,25.6,46.4,1587.2,460.8,71.7,9.0,3.7,0.9,445.0,232.1,5.1,8.9,131.4,31.6,24.97,False,4095,0.0,27.6,758.8,EXT-OPEN-METEO-KHI,KARACHI,OPENSOURCE_API_GRID,532,,,,0.95,True,True,TIER2_OPENSOURCE_PURE;CONTINUOUS_MINUTE_STREAM;VERIFIED_MODEL_GRID,994a3ffd825e707b0ee3b9e137998f6828536255749a5d0b9d55c09aad38538d,2026-09-17T08:51:00+00:00,2026-09-17 13:51:00,68.0,1005.4,78
17.4,25.6,46.4,1587.2,460.8,71.7,9.0,3.7,0.9,445.0,232.0,5.1,8.9,131.3,31.6,24.97,False,4095,0.0,27.7,757.8,EXT-OPEN-METEO-KHI,KARACHI,OPENSOURCE_API_GRID,533,,,,0.95,True,True,TIER2_OPENSOURCE_PURE;CONTINUOUS_MINUTE_STREAM;VERIFIED_MODEL_GRID,77c2930975110abd25e765e9b300cc9107180baba04156563dc55686b7633062,2026-09-17T08:52:00+00:00,2026-09-17 13:52:00,68.0,1005.4,78
17.4,25.6,46.4,1587.2,460.8,71.7,9.0,3.7,0.9,445.0,232.0,5.1,8.9,131.3,31.6,24.97,False,4095,0.0,27.8,756.8,EXT-OPEN-METEO-KHI,KARACHI,OPENSOURCE_API_GRID,534,,,,0.95,True,True,TIER2_OPENSOURCE_PURE;CONTINUOUS_MINUTE_STREAM;VERIFIED_MODEL_GRID,f5b4c2aff303dc11172c88d7959a8e97691cec9e8927464cc48fbc87b7110a79,2026-09-17T08:53:00+00:00,2026-09-17 13:53:00,68.0,1005.4,78
17.4,25.6,46.4,1587.2,460.8,71.7,9.0,3.7,0.9,445.0,232.0,5.1,8.8,131.2,31.6,24.97,False,4095,0.0,27.8,756.0,EXT-OPEN-METEO-KHI,KARACHI,OPENSOURCE_API_GRID,535,,,,0.95,True,True,TIER2_OPENSOURCE_PURE;CONTINUOUS_MINUTE_STREAM;VERIFIED_MODEL_GRID,9a6a78e4c7628aa8c4677ac0735597ce2ac857aa052c912bb6e5386a22969d63,2026-09-17T08:54:00+00:00,2026-09-17 13:54:00,68.0,1005.4,78
17.4,25.6,46.4,1587.2,460.8,71.7,9.0,3.7,0.9,445.0,232.0,5.1,8.8,131.1,31.6,24.97,False,4095,0.0,27.9,755.4,EXT-OPEN-METEO-KHI,KARACHI,OPENSOURCE_API_GRID,536,,,,0.95,True,True,TIER2_OPENSOURCE_PURE;CONTINUOUS_MINUTE_STREAM;VERIFIED_MODEL_GRID,b9ee205353bbe5d6dc4f42514e6c59e06ef0ca95273781f5a47238c7a03d9ab6,2026-09-17T08:55:00+00:00,2026-09-17 13:55:00,68.0,1005.4,78
17.4,25.6,46.4,1587.2,460.8,71.7,9.0,3.7,0.9,445.0,232.0,5.1,8.8,131.1,31.6,24.97,False,4095,0.0,27.9,754.8,EXT-OPEN-METEO-KHI,KARACHI,OPENSOURCE_API_GRID,537,,,,0.95,True,True,TIER2_OPENSOURCE_PURE;CONTINUOUS_MINUTE_STREAM;VERIFIED_MODEL_GRID,bc173c2e1bd69834d84fa004f59654ef417df7786cd2b0bba52486b525191a4a,2026-09-17T08:56:00+00:00,2026-09-17 13:56:00,68.0,1005.4,78
17.4,25.6,46.3,1587.2,460.8,71.7,9.0,3.7,0.9,445.0,232.0,5.1,8.8,131.0,31.5,24.88,False,4095,0.0,28.0,754.4,EXT-OPEN-METEO-KHI,KARACHI,OPENSOURCE_API_GRID,538,,,,0.95,True,True,TIER2_OPENSOURCE_PURE;CONTINUOUS_MINUTE_STREAM;VERIFIED_MODEL_GRID,bea9c2ba9cb1119f01140e7bacd1ce9f0c42a1619b02bb3bddbe125aa3e79f9b,2026-09-17T08:57:00+00:00,2026-09-17 13:57:00,68.0,1005.4,78
17.3,25.5,46.3,1581.0,459.0,71.4,8.9,3.7,0.9,445.0,232.0,5.1,8.8,131.0,31.5,24.88,False,4095,0.0,28.0,754.1,EXT-OPEN-METEO-KHI,KARACHI,OPENSOURCE_API_GRID,539,,,,0.95,True,True,TIER2_OPENSOURCE_PURE;CONTINUOUS_MINUTE_STREAM;VERIFIED_MODEL_GRID,36f5e466847f9aee967b680a66e4117a5aa5b44d88b1abb7b662a989d9607f31,2026-09-17T08:58:00+00:00,2026-09-17 13:58:00,68.0,1005.4,78
17.3,25.5,46.2,1581.0,459.0,71.4,8.9,3.7,0.9,445.0,232.0,5.1,8.8,131.0,31.5,24.85,False,4095,0.0,28.0,753.9,EXT-OPEN-METEO-KHI,KARACHI,OPENSOURCE_API_GRID,540,,,,0.95,True,True,TIER2_OPENSOURCE_PURE;CONTINUOUS_MINUTE_STREAM;VERIFIED_MODEL_GRID,cce15f315365928e04b77d06ac2ad98f728619978c61ab34601e3e26f16a4eae,2026-09-17T08:59:00+00:00,2026-09-17 13:59:00,67.9,1005.4,78
17.3,25.5,46.2,1581.0,459.0,71.4,8.9,3.7,0.9,445.0,232.0,5.1,8.8,131.0,31.5,24.85,False,4095,0.0,28.0,753.8,EXT-OPEN-METEO-KHI,KARACHI,OPENSOURCE_API_GRID,541,,,,0.95,True,False,TIER2_OPENSOURCE_PURE;HOURLY_NODE;VERIFIED_MODEL_GRID,99fe521255d5825c26a6f16afee6743b6a6aa35e97526c14542c8af7e80c6532,2026-09-17T09:00:00+00:00,2026-09-17 14:00:00,67.9,1005.4,78
17.3,25.4,46.1,1574.8,457.2,71.1,8.9,3.7,0.9,445.0,232.0,5.1,8.8,131.0,31.5,24.85,False,4095,0.0,28.0,753.7,EXT-OPEN-METEO-KHI,KARACHI,OPENSOURCE_API_GRID,542,,,,0.95,True,True,TIER2_OPENSOURCE_PURE;CONTINUOUS_MINUTE_STREAM;VERIFIED_MODEL_GRID,536e31b643fb9625ab102c5ea81605bf60d8dce077c1550274794aed99018c80,2026-09-17T09:01:00+00:00,2026-09-17 14:01:00,67.9,1005.4,78
17.3,25.4,46.0,1574.8,457.2,71.1,8.9,3.7,0.9,445.0,232.0,5.1,8.8,131.0,31.5,24.85,False,4095,0.0,28.0,753.4,EXT-OPEN-METEO-KHI,KARACHI,OPENSOURCE_API_GRID,543,,,,0.95,True,True,TIER2_OPENSOURCE_PURE;CONTINUOUS_MINUTE_STREAM;VERIFIED_MODEL_GRID,79927221e5a897ad055374ad8df1b8183c8755e6cdcc89a35b2f61c4ce904254,2026-09-17T09:02:00+00:00,2026-09-17 14:02:00,67.9,1005.4,78
17.2,25.3,46.0,1568.6,455.4,70.8,8.9,3.7,0.9,445.0,232.1,5.1,8.8,130.9,31.5,24.85,False,4095,0.0,27.9,752.9,EXT-OPEN-METEO-KHI,KARACHI,OPENSOURCE_API_GRID,544,,,,0.95,True,True,TIER2_OPENSOURCE_PURE;CONTINUOUS_MINUTE_STREAM;VERIFIED_MODEL_GRID,8fcc4715824ebd65def49ce1152a65cdb8ef3e0b4d510041cc6e19f0d64f1b45,2026-09-17T09:03:00+00:00,2026-09-17 14:03:00,67.9,1005.4,78
17.2,25.3,45.9,1568.6,455.4,70.8,8.9,3.7,0.9,445.0,232.1,5.1,8.8,130.8,31.5,24.85,False,4095,0.0,27.9,752.3,EXT-OPEN-METEO-KHI,KARACHI,OPENSOURCE_API_GRID,545,,,,0.95,True,True,TIER2_OPENSOURCE_PURE;CONTINUOUS_MINUTE_STREAM;VERIFIED_MODEL_GRID,9e85c5ff11e2078991cb5affce91929268a9c0232f6e87ec253f04033816084e,2026-09-17T09:04:00+00:00,2026-09-17 14:04:00,67.9,1005.4,78
17.1,25.2,45.9,1562.4,453.6,70.6,8.8,3.7,0.9,445.0,232.2,5.1,8.8,130.7,31.5,24.85,False,4095,0.0,27.8,751.4,EXT-OPEN-METEO-KHI,KARACHI,OPENSOURCE_API_GRID,546,,,,0.95,True,True,TIER2_OPENSOURCE_PURE;CONTINUOUS_MINUTE_STREAM;VERIFIED_MODEL_GRID,41a68e928f76b75c4ee97d331ee78c9c946a7b0b38ae9d45043153285b0ab8a7,2026-09-17T09:05:00+00:00,2026-09-17 14:05:00,67.9,1005.4,78
17.1,25.2,45.8,1562.4,453.6,70.6,8.8,3.7,0.9,445.0,232.3,5.1,8.8,130.6,31.5,24.85,False,4095,0.0,27.7,750.4,EXT-OPEN-METEO-KHI,KARACHI,OPENSOURCE_API_GRID,547,,,,0.95,True,True,TIER2_OPENSOURCE_PURE;CONTINUOUS_MINUTE_STREAM;VERIFIED_MODEL_GRID,9ba324956189268dc97721accdea054b9dc1fb8b633b239e926cc9459fb1bcee,2026-09-17T09:06:00+00:00,2026-09-17 14:06:00,67.9,1005.4,78
17.1,25.2,45.8,1562.4,453.6,70.6,8.8,3.7,0.9,445.0,232.4,5.1,8.8,130.4,31.4,24.76,False,4095,0.0,27.6,749.1,EXT-OPEN-METEO-KHI,KARACHI,OPENSOURCE_API_GRID,548,,,,0.95,True,True,TIER2_OPENSOURCE_PURE;CONTINUOUS_MINUTE_STREAM;VERIFIED_MODEL_GRID,b5b01bfcb85bb80a1128c33a63f37984761e33ec2dba62dd16e31514718f5257,2026-09-17T09:07:00+00:00,2026-09-17 14:07:00,67.9,1005.4,78
17.1,25.2,45.8,1562.4,453.6,70.6,8.8,3.7,0.9,445.0,232.6,5.1,8.8,130.2,31.4,24.76,False,4095,0.0,27.5,747.7,EXT-OPEN-METEO-KHI,KARACHI,OPENSOURCE_API_GRID,549,,,,0.95,True,True,TIER2_OPENSOURCE_PURE;CONTINUOUS_MINUTE_STREAM;VERIFIED_MODEL_GRID,24d9d991d64e4de6dd24bfbcc4093652c22d99fd668f57350cb452cf8e389966,2026-09-17T09:08:00+00:00,2026-09-17 14:08:00,67.9,1005.4,78
17.1,25.2,45.8,1562.4,453.6,70.6,8.8,3.7,0.9,445.0,232.7,5.2,8.8,130.0,31.4,24.78,False,4095,0.0,27.3,746.1,EXT-OPEN-METEO-KHI,KARACHI,OPENSOURCE_API_GRID,550,,,,0.95,True,True,TIER2_OPENSOURCE_PURE;CONTINUOUS_MINUTE_STREAM;VERIFIED_MODEL_GRID,67aa1f63895f3cdf50a6722cf37104c80e7ce7c60794885351ae2603b3dbfaa2,2026-09-17T09:09:00+00:00,2026-09-17 14:09:00,68.0,1005.4,78
17.1,25.2,45.8,1562.4,453.6,70.6,8.8,3.7,0.9,445.0,232.9,5.2,8.7,129.8,31.4,24.78,False,4095,0.0,27.2,744.4,EXT-OPEN-METEO-KHI,KARACHI,OPENSOURCE_API_GRID,551,,,,0.95,True,True,TIER2_OPENSOURCE_PURE;CONTINUOUS_MINUTE_STREAM;VERIFIED_MODEL_GRID,41a9c50e73ca390e6ba11cfc7e67abd0a08d56b9fab714fb499faf2b75c740a0,2026-09-17T09:10:00+00:00,2026-09-17 14:10:00,68.0,1005.4,78
17.1,25.2,45.9,1562.4,453.6,70.6,8.8,3.7,0.9,445.0,233.0,5.2,8.7,129.5,31.4,24.81,False,4095,0.0,27.0,742.4,EXT-OPEN-METEO-KHI,KARACHI,OPENSOURCE_API_GRID,552,,,,0.95,True,True,TIER2_OPENSOURCE_PURE;CONTINUOUS_MINUTE_STREAM;VERIFIED_MODEL_GRID,b6080f0cffdd9af0c063986ad2035e35bc9ddaf8bc62b06928bd81c4031d3ff8,2026-09-17T09:11:00+00:00,2026-09-17 14:11:00,68.1,1005.3,78
17.1,25.2,45.9,1562.4,453.6,70.6,8.8,3.7,0.9,445.0,233.2,5.2,8.7,129.3,31.4,24.81,False,4095,0.0,26.9,740.4,EXT-OPEN-METEO-KHI,KARACHI,OPENSOURCE_API_GRID,553,,,,0.95,True,True,TIER2_OPENSOURCE_PURE;CONTINUOUS_MINUTE_STREAM;VERIFIED_MODEL_GRID,a0b04ab1765e9fec8a96d4e45960bca8790e8b0afc65be90fc8ae90b49585070,2026-09-17T09:12:00+00:00,2026-09-17 14:12:00,68.1,1005.3,78
17.1,25.2,46.0,1562.4,453.6,70.6,8.8,3.7,0.9,445.0,233.4,5.2,8.7,129.0,31.4,24.83,False,4095,0.0,26.7,738.1,EXT-OPEN-METEO-KHI,KARACHI,OPENSOURCE_API_GRID,554,,,,0.95,True,True,TIER2_OPENSOURCE_PURE;CONTINUOUS_MINUTE_STREAM;VERIFIED_MODEL_GRID,d9babbea0c1e9d843811f81dd37b4038aa5cd0beb6fd396c05f2bc68c5e1ba98,2026-09-17T09:13:00+00:00,2026-09-17 14:13:00,68.2,1005.3,78
17.2,25.3,46.1,1568.6,455.4,70.8,8.9,3.7,0.9,445.0,233.7,5.2,8.7,128.7,31.4,24.83,False,4095,0.0,26.5,735.7,EXT-OPEN-METEO-KHI,KARACHI,OPENSOURCE_API_GRID,555,,,,0.95,True,True,TIER2_OPENSOURCE_PURE;CONTINUOUS_MINUTE_STREAM;VERIFIED_MODEL_GRID,8d29572750cb7e7ac82e730ff179df29580d8d73558b1f93a1bbf03bc3fb1729,2026-09-17T09:14:00+00:00,2026-09-17 14:14:00,68.2,1005.3,78
17.2,25.3,46.1,1568.6,455.4,70.8,8.9,3.7,0.9,445.0,233.9,5.3,8.7,128.4,31.4,24.86,False,4095,0.0,26.2,733.2,EXT-OPEN-METEO-KHI,KARACHI,OPENSOURCE_API_GRID,556,,,,0.95,True,True,TIER2_OPENSOURCE_PURE;CONTINUOUS_MINUTE_STREAM;VERIFIED_MODEL_GRID,4f8497d2340e7b9e4fc325fa44d77edbaea1ca1985593aa947ae234628d5e69b,2026-09-17T09:15:00+00:00,2026-09-17 14:15:00,68.3,1005.3,78
17.2,25.3,46.2,1568.6,455.4,70.8,8.9,3.7,0.9,445.0,234.2,5.3,8.7,128.0,31.4,24.86,False,4095,0.0,26.0,730.5,EXT-OPEN-METEO-KHI,KARACHI,OPENSOURCE_API_GRID,557,,,,0.95,True,True,TIER2_OPENSOURCE_PURE;CONTINUOUS_MINUTE_STREAM;VERIFIED_MODEL_GRID,a5606da398f78403def9dc02899ad4e3490017cdc5e34cb13c3e2d0322568124,2026-09-17T09:16:00+00:00,2026-09-17 14:16:00,68.3,1005.3,78
17.2,25.3,46.3,1568.6,455.4,70.8,8.9,3.7,0.9,445.0,234.4,5.3,8.6,127.7,31.4,24.88,False,4095,0.0,25.8,727.7,EXT-OPEN-METEO-KHI,KARACHI,OPENSOURCE_API_GRID,558,,,,0.95,True,True,TIER2_OPENSOURCE_PURE;CONTINUOUS_MINUTE_STREAM;VERIFIED_MODEL_GRID,42e365e55fceb26d4d6227361836c208d54b188473a73cf4cbf57c19a82a4897,2026-09-17T09:17:00+00:00,2026-09-17 14:17:00,68.4,1005.2,78
17.2,25.3,46.2,1568.6,455.4,70.8,8.9,3.7,0.9,445.0,234.7,5.3,8.6,127.3,31.4,24.93,False,4095,0.0,25.5,724.8,EXT-OPEN-METEO-KHI,KARACHI,OPENSOURCE_API_GRID,559,,,,0.95,True,True,TIER2_OPENSOURCE_PURE;CONTINUOUS_MINUTE_STREAM;VERIFIED_MODEL_GRID,42a051cc023201fde67ba9816a09f5457a79690b1c64f697322b0f1a636142ef,2026-09-17T09:18:00+00:00,2026-09-17 14:18:00,68.6,1005.2,78
17.2,25.3,46.2,1568.6,455.4,70.8,8.9,3.7,0.9,445.0,235.0,5.4,8.6,126.9,31.4,24.93,False,4095,0.0,25.3,721.7,EXT-OPEN-METEO-KHI,KARACHI,OPENSOURCE_API_GRID,560,,,,0.95,True,True,TIER2_OPENSOURCE_PURE;CONTINUOUS_MINUTE_STREAM;VERIFIED_MODEL_GRID,34bbca9fc7db3a6b80cdeee4fb531ed04423fd423dfcc57e69cb39db485ddfbd,2026-09-17T09:19:00+00:00,2026-09-17 14:19:00,68.6,1005.2,78
17.2,25.3,46.3,1568.6,455.4,70.8,8.9,3.7,0.9,445.0,235.2,5.4,8.6,126.5,31.3,24.83,False,4095,0.0,25.0,718.6,EXT-OPEN-METEO-KHI,KARACHI,OPENSOURCE_API_GRID,561,,,,0.95,True,True,TIER2_OPENSOURCE_PURE;CONTINUOUS_MINUTE_STREAM;VERIFIED_MODEL_GRID,b10fd5877d1f4f4a9a7276464e58c28bcffcb57de808245f551e7707f15a8bab,2026-09-17T09:20:00+00:00,2026-09-17 14:20:00,68.6,1005.2,78
17.2,25.3,46.4,1568.6,455.4,70.8,8.9,3.7,0.9,445.0,235.5,5.4,8.6,126.1,31.3,24.86,False,4095,0.0,24.7,715.4,EXT-OPEN-METEO-KHI,KARACHI,OPENSOURCE_API_GRID,562,,,,0.95,True,True,TIER2_OPENSOURCE_PURE;CONTINUOUS_MINUTE_STREAM;VERIFIED_MODEL_GRID,a4527c25fffba2e1aeb04b643ab0adb8198d595019b9470f32003e957942aaee,2026-09-17T09:21:00+00:00,2026-09-17 14:21:00,68.7,1005.2,78
17.2,25.3,46.4,1568.6,455.4,70.8,8.9,3.7,0.9,445.0,235.9,5.4,8.5,125.7,31.3,24.86,False,4095,0.0,24.4,712.0,EXT-OPEN-METEO-KHI,KARACHI,OPENSOURCE_API_GRID,563,,,,0.95,True,True,TIER2_OPENSOURCE_PURE;CONTINUOUS_MINUTE_STREAM;VERIFIED_MODEL_GRID,490a4c3a23cb9a6ab78d120d5cca537d29a5d38b8ee5caf87e8ee8487f609049,2026-09-17T09:22:00+00:00,2026-09-17 14:22:00,68.7,1005.2,78
17.3,25.4,46.5,1574.8,457.2,71.1,8.9,3.7,0.9,445.0,236.2,5.5,8.5,125.2,31.3,24.86,False,4095,0.0,24.2,708.6,EXT-OPEN-METEO-KHI,KARACHI,OPENSOURCE_API_GRID,564,,,,0.95,True,True,TIER2_OPENSOURCE_PURE;CONTINUOUS_MINUTE_STREAM;VERIFIED_MODEL_GRID,170336999a3f8708b096cd3b19f1da7c1b77a18616cc3889ed2c1da106d239d8,2026-09-17T09:23:00+00:00,2026-09-17 14:23:00,68.7,1005.2,78
17.3,25.4,46.5,1574.8,457.2,71.1,8.9,3.7,0.9,445.0,236.5,5.5,8.5,124.8,31.3,24.88,False,4095,0.0,23.9,705.2,EXT-OPEN-METEO-KHI,KARACHI,OPENSOURCE_API_GRID,565,,,,0.95,True,True,TIER2_OPENSOURCE_PURE;CONTINUOUS_MINUTE_STREAM;VERIFIED_MODEL_GRID,64c174005a3501b4016a37b07b71b24895c25bd018e0d28c1dff39c4cefe65de,2026-09-17T09:24:00+00:00,2026-09-17 14:24:00,68.8,1005.1,78
17.2,25.3,46.5,1568.6,455.4,70.8,8.9,3.7,0.9,445.0,236.8,5.5,8.5,124.3,31.3,24.88,False,4095,0.0,23.6,701.6,EXT-OPEN-METEO-KHI,KARACHI,OPENSOURCE_API_GRID,566,,,,0.95,True,True,TIER2_OPENSOURCE_PURE;CONTINUOUS_MINUTE_STREAM;VERIFIED_MODEL_GRID,0571be0706499988712cf7d840850795c6de48bc3e66e34d264bf2451ebb4f19,2026-09-17T09:25:00+00:00,2026-09-17 14:25:00,68.8,1005.1,78
17.2,25.3,46.5,1568.6,455.4,70.8,8.9,3.7,0.9,445.0,237.1,5.5,8.4,123.9,31.3,24.88,False,4095,0.0,23.2,698.0,EXT-OPEN-METEO-KHI,KARACHI,OPENSOURCE_API_GRID,567,,,,0.95,True,True,TIER2_OPENSOURCE_PURE;CONTINUOUS_MINUTE_STREAM;VERIFIED_MODEL_GRID,f71099e5b948ed92c73f1722f668e0947983c210a44e0c5213e059c6adfece15,2026-09-17T09:26:00+00:00,2026-09-17 14:26:00,68.8,1005.1,78
17.2,25.3,46.5,1568.6,455.4,70.8,8.9,3.7,0.9,445.0,237.5,5.6,8.4,123.4,31.3,24.91,False,4095,0.0,22.9,694.4,EXT-OPEN-METEO-KHI,KARACHI,OPENSOURCE_API_GRID,568,,,,0.95,True,True,TIER2_OPENSOURCE_PURE;CONTINUOUS_MINUTE_STREAM;VERIFIED_MODEL_GRID,d7ef9d7cb7d913a25b2bba8c1d39260c08780833840e0417b32cce8975996a6c,2026-09-17T09:27:00+00:00,2026-09-17 14:27:00,68.9,1005.1,78
17.1,25.2,46.5,1562.4,453.6,70.6,8.8,3.7,0.9,445.0,237.8,5.6,8.4,122.9,31.2,24.81,False,4095,0.0,22.6,690.8,EXT-OPEN-METEO-KHI,KARACHI,OPENSOURCE_API_GRID,569,,,,0.95,True,True,TIER2_OPENSOURCE_PURE;CONTINUOUS_MINUTE_STREAM;VERIFIED_MODEL_GRID,9bbae867e034d8cd570019da8730650f534b4c709a023e29d6b229bf3b55bb8e,2026-09-17T09:28:00+00:00,2026-09-17 14:28:00,68.9,1005.1,78
17.1,25.2,46.4,1562.4,453.6,70.6,8.8,3.7,0.9,445.0,238.2,5.6,8.4,122.5,31.2,24.81,False,4095,0.0,22.3,687.1,EXT-OPEN-METEO-KHI,KARACHI,OPENSOURCE_API_GRID,570,,,,0.95,True,True,TIER2_OPENSOURCE_PURE;CONTINUOUS_MINUTE_STREAM;VERIFIED_MODEL_GRID,c4eecf948d7725bcda0cc8b9b1f2d6277796c390285fb5cf5c279171ec36b2cd,2026-09-17T09:29:00+00:00,2026-09-17 14:29:00,68.9,1005.0,78
17.1,25.1,46.4,1556.2,451.8,70.3,8.8,3.7,0.9,445.0,238.5,5.6,8.3,122.0,31.2,24.81,False,4095,0.0,22.0,683.4,EXT-OPEN-METEO-KHI,KARACHI,OPENSOURCE_API_GRID,571,,,,0.95,True,True,TIER2_OPENSOURCE_PURE;CONTINUOUS_MINUTE_STREAM;VERIFIED_MODEL_GRID,7c805d0045f76e79a43e0cdee75250e6e30d33553cb5a5a51d912fc10b8bb192,2026-09-17T09:30:00+00:00,2026-09-17 14:30:00,68.9,1005.0,78
17.1,25.1,46.3,1556.2,451.8,70.3,8.8,3.7,0.9,445.0,238.8,5.7,8.3,121.5,31.2,24.84,False,4095,0.0,21.7,679.7,EXT-OPEN-METEO-KHI,KARACHI,OPENSOURCE_API_GRID,572,,,,0.95,True,True,TIER2_OPENSOURCE_PURE;CONTINUOUS_MINUTE_STREAM;VERIFIED_MODEL_GRID,c5e1c5df083eee7ba4db291bb4719c69756ea579451f7fe5aafb87ef33812975,2026-09-17T09:31:00+00:00,2026-09-17 14:31:00,69.0,1005.0,78
17.0,25.0,46.3,1550.0,450.0,70.0,8.8,3.7,0.9,445.0,239.2,5.7,8.3,121.1,31.1,24.74,False,4095,0.0,21.4,676.0,EXT-OPEN-METEO-KHI,KARACHI,OPENSOURCE_API_GRID,573,,,,0.95,True,True,TIER2_OPENSOURCE_PURE;CONTINUOUS_MINUTE_STREAM;VERIFIED_MODEL_GRID,8fe1f7be00e3271a7cce2025ad9a0fdd60774a7e17f982233a37f7a04fe87c5d,2026-09-17T09:32:00+00:00,2026-09-17 14:32:00,69.0,1005.0,78
17.0,25.0,46.2,1550.0,450.0,70.0,8.8,3.7,0.9,445.0,239.5,5.7,8.3,120.6,31.1,24.74,False,4095,0.0,21.1,672.4,EXT-OPEN-METEO-KHI,KARACHI,OPENSOURCE_API_GRID,574,,,,0.95,True,True,TIER2_OPENSOURCE_PURE;CONTINUOUS_MINUTE_STREAM;VERIFIED_MODEL_GRID,6eb333f281f64f242c3f4a4112605ad0e98844d85a894f8fbf1b8bf7f18345c7,2026-09-17T09:33:00+00:00,2026-09-17 14:33:00,69.0,1005.0,78
16.9,24.9,46.2,1543.8,448.2,69.7,8.7,3.7,0.9,445.0,239.9,5.8,8.3,120.1,31.1,24.77,False,4095,0.0,20.8,668.8,EXT-OPEN-METEO-KHI,KARACHI,OPENSOURCE_API_GRID,575,,,,0.95,True,True,TIER2_OPENSOURCE_PURE;CONTINUOUS_MINUTE_STREAM;VERIFIED_MODEL_GRID,a9afe4bf9042697fab5456dcdafc3f97b31677c0fe25388b7956120e8f9fac97,2026-09-17T09:34:00+00:00,2026-09-17 14:34:00,69.1,1004.9,78
16.9,24.8,46.1,1537.6,446.4,69.4,8.7,3.7,0.9,445.0,240.2,5.8,8.2,119.7,31.0,24.67,False,4095,0.0,20.4,665.2,EXT-OPEN-METEO-KHI,KARACHI,OPENSOURCE_API_GRID,576,,,,0.95,True,True,TIER2_OPENSOURCE_PURE;CONTINUOUS_MINUTE_STREAM;VERIFIED_MODEL_GRID,617bc78264bb0f9359d51a578d9b8b8798684941f9b703fd2c76fc710a2cada8,2026-09-17T09:35:00+00:00,2026-09-17 14:35:00,69.1,1004.9,78
16.9,24.8,46.1,1537.6,446.4,69.4,8.7,3.7,0.9,445.0,240.5,5.8,8.2,119.2,31.0,24.69,False,4095,0.0,20.1,661.6,EXT-OPEN-METEO-KHI,KARACHI,OPENSOURCE_API_GRID,577,,,,0.95,True,True,TIER2_OPENSOURCE_PURE;CONTINUOUS_MINUTE_STREAM;VERIFIED_MODEL_GRID,e83d639f78dc7c905da1eb17e8d133de2a1e7d01754385f33267fd64411dab41,2026-09-17T09:36:00+00:00,2026-09-17 14:36:00,69.2,1004.9,78
16.8,24.7,46.0,1531.4,444.6,69.2,8.6,3.7,0.9,445.0,240.8,5.8,8.2,118.8,31.0,24.69,False,4095,0.0,19.8,658.2,EXT-OPEN-METEO-KHI,KARACHI,OPENSOURCE_API_GRID,578,,,,0.95,True,True,TIER2_OPENSOURCE_PURE;CONTINUOUS_MINUTE_STREAM;VERIFIED_MODEL_GRID,bca39bdf84c5c53b3012364f65cdb7d31f9986138c2e16d18eb9f710653b6f93,2026-09-17T09:37:00+00:00,2026-09-17 14:37:00,69.2,1004.9,78
16.8,24.7,46.0,1531.4,444.6,69.2,8.6,3.7,0.9,445.0,241.1,5.9,8.2,118.3,31.0,24.72,False,4095,0.0,19.6,654.8,EXT-OPEN-METEO-KHI,KARACHI,OPENSOURCE_API_GRID,579,,,,0.95,True,True,TIER2_OPENSOURCE_PURE;CONTINUOUS_MINUTE_STREAM;VERIFIED_MODEL_GRID,b6b75782f737b007335fe0cfcb99ab509e919e75e417c41dc81a0b03b3c957b1,2026-09-17T09:38:00+00:00,2026-09-17 14:38:00,69.3,1004.8,78
16.8,24.7,46.0,1531.4,444.6,69.2,8.6,3.7,0.9,445.0,241.5,5.9,8.1,117.9,30.9,24.62,False,4095,0.0,19.3,651.4,EXT-OPEN-METEO-KHI,KARACHI,OPENSOURCE_API_GRID,580,,,,0.95,True,True,TIER2_OPENSOURCE_PURE;CONTINUOUS_MINUTE_STREAM;VERIFIED_MODEL_GRID,0bfdcde746a873ff22efa7ad388ecdd2116070045e56dcb20c207a81c82c257a,2026-09-17T09:39:00+00:00,2026-09-17 14:39:00,69.3,1004.8,78
16.8,24.7,46.0,1531.4,444.6,69.2,8.6,3.7,0.9,445.0,241.8,5.9,8.1,117.5,30.9,24.65,False,4095,0.0,19.0,648.2,EXT-OPEN-METEO-KHI,KARACHI,OPENSOURCE_API_GRID,581,,,,0.95,True,True,TIER2_OPENSOURCE_PURE;CONTINUOUS_MINUTE_STREAM;VERIFIED_MODEL_GRID,7eafbb0746743718e086a36e18bc4d7cf758b713a6ca02c9bca4048f73a9698f,2026-09-17T09:40:00+00:00,2026-09-17 14:40:00,69.4,1004.8,78
16.8,24.7,46.1,1531.4,444.6,69.2,8.6,3.7,0.9,445.0,242.0,5.9,8.1,117.1,30.9,24.65,False,4095,0.0,18.7,645.1,EXT-OPEN-METEO-KHI,KARACHI,OPENSOURCE_API_GRID,582,,,,0.95,True,True,TIER2_OPENSOURCE_PURE;CONTINUOUS_MINUTE_STREAM;VERIFIED_MODEL_GRID,de3c78b54e5af3b38bf7b7f2a5f099b67923ffab8f88a69f47221c240da28dfe,2026-09-17T09:41:00+00:00,2026-09-17 14:41:00,69.4,1004.8,78
16.8,24.7,46.1,1531.4,444.6,69.2,8.6,3.7,0.9,445.0,242.3,6.0,8.1,116.7,30.9,24.67,False,4095,0.0,18.5,642.0,EXT-OPEN-METEO-KHI,KARACHI,OPENSOURCE_API_GRID,583,,,,0.95,True,True,TIER2_OPENSOURCE_PURE;CONTINUOUS_MINUTE_STREAM;VERIFIED_MODEL_GRID,eb8433b65424450fa0d775fe2ca4dc5f9ee5c41267528147c1eadf28f09afc3c,2026-09-17T09:42:00+00:00,2026-09-17 14:42:00,69.5,1004.8,78
16.8,24.7,46.1,1531.4,444.6,69.2,8.6,3.7,0.9,445.0,242.6,6.0,8.1,116.3,30.9,24.69,False,4095,0.0,18.2,639.1,EXT-OPEN-METEO-KHI,KARACHI,OPENSOURCE_API_GRID,584,,,,0.95,True,True,TIER2_OPENSOURCE_PURE;CONTINUOUS_MINUTE_STREAM;VERIFIED_MODEL_GRID,37f1a72b402c9a5469da1541fffc17221a45a3ad4c768e24139f8d178ee63b96,2026-09-17T09:43:00+00:00,2026-09-17 14:43:00,69.6,1004.7,78
16.8,24.7,46.2,1531.4,444.6,69.2,8.6,3.7,0.9,445.0,242.8,6.0,8.0,116.0,30.9,24.69,False,4095,0.0,18.0,636.3,EXT-OPEN-METEO-KHI,KARACHI,OPENSOURCE_API_GRID,585,,,,0.95,True,True,TIER2_OPENSOURCE_PURE;CONTINUOUS_MINUTE_STREAM;VERIFIED_MODEL_GRID,ff11fd029ee864de593e87f5f3e18b50e0569c3c0a84283ada6605bd5bb33a45,2026-09-17T09:44:00+00:00,2026-09-17 14:44:00,69.6,1004.7,78
16.8,24.7,46.3,1531.4,444.6,69.2,8.6,3.7,0.9,445.0,243.1,6.0,8.0,115.6,30.9,24.72,False,4095,0.0,17.8,633.6,EXT-OPEN-METEO-KHI,KARACHI,OPENSOURCE_API_GRID,586,,,,0.95,True,True,TIER2_OPENSOURCE_PURE;CONTINUOUS_MINUTE_STREAM;VERIFIED_MODEL_GRID,4fbc955cc190ec7d3fe923090a973c869414025b9663b41ddce609ac83c9a339,2026-09-17T09:45:00+00:00,2026-09-17 14:45:00,69.7,1004.7,78
16.9,24.8,46.3,1537.6,446.4,69.4,8.7,3.7,0.9,445.0,243.3,6.1,8.0,115.3,30.9,24.72,False,4095,0.0,17.5,631.1,EXT-OPEN-METEO-KHI,KARACHI,OPENSOURCE_API_GRID,587,,,,0.95,True,True,TIER2_OPENSOURCE_PURE;CONTINUOUS_MINUTE_STREAM;VERIFIED_MODEL_GRID,5cd01ff5bfe9a213d6433d6effa5800f778c04f2036f94f7620c36c0113ad172,2026-09-17T09:46:00+00:00,2026-09-17 14:46:00,69.7,1004.7,78
16.9,24.8,46.4,1537.6,446.4,69.4,8.7,3.7,0.9,445.0,243.6,6.1,8.0,115.0,30.9,24.74,False,4095,0.0,17.3,628.7,EXT-OPEN-METEO-KHI,KARACHI,OPENSOURCE_API_GRID,588,,,,0.95,True,True,TIER2_OPENSOURCE_PURE;CONTINUOUS_MINUTE_STREAM;VERIFIED_MODEL_GRID,c19a77aadfc37005c7479d9db62f63e796902945a43e5f2a89e84c7259721f3f,2026-09-17T09:47:00+00:00,2026-09-17 14:47:00,69.8,1004.7,78
16.9,24.8,46.5,1537.6,446.4,69.4,8.7,3.7,0.9,445.0,243.8,6.1,8.0,114.7,30.9,24.77,False,4095,0.0,17.1,626.4,EXT-OPEN-METEO-KHI,KARACHI,OPENSOURCE_API_GRID,589,,,,0.95,True,True,TIER2_OPENSOURCE_PURE;CONTINUOUS_MINUTE_STREAM;VERIFIED_MODEL_GRID,c504d8ad0d5b3ac80959b46066cdbb356989b7f538eed07aec8f4bb01b589ac4,2026-09-17T09:48:00+00:00,2026-09-17 14:48:00,69.9,1004.7,78
16.9,24.8,46.4,1537.6,446.4,69.4,8.7,3.7,0.9,445.0,244.0,6.1,8.0,114.5,30.9,24.79,False,4095,0.0,17.0,624.4,EXT-OPEN-METEO-KHI,KARACHI,OPENSOURCE_API_GRID,590,,,,0.95,True,True,TIER2_OPENSOURCE_PURE;CONTINUOUS_MINUTE_STREAM;VERIFIED_MODEL_GRID,324252f869f99585ed3b374c0352586837149ca69ae02c0ff5e93faf012bbea2,2026-09-17T09:49:00+00:00,2026-09-17 14:49:00,70.0,1004.7,78
16.9,24.8,46.4,1537.6,446.4,69.4,8.7,3.7,0.9,445.0,244.1,6.1,8.0,114.2,30.9,24.79,False,4095,0.0,16.8,622.4,EXT-OPEN-METEO-KHI,KARACHI,OPENSOURCE_API_GRID,591,,,,0.95,True,True,TIER2_OPENSOURCE_PURE;CONTINUOUS_MINUTE_STREAM;VERIFIED_MODEL_GRID,e7e6a191afb310429cc49cf0396e2bfa747748a437b7d249e48b97552712718d,2026-09-17T09:50:00+00:00,2026-09-17 14:50:00,70.0,1004.7,78
16.9,24.8,46.5,1537.6,446.4,69.4,8.7,3.7,0.9,445.0,244.3,6.1,7.9,114.0,30.9,24.79,False,4095,0.0,16.7,620.7,EXT-OPEN-METEO-KHI,KARACHI,OPENSOURCE_API_GRID,592,,,,0.95,True,True,TIER2_OPENSOURCE_PURE;CONTINUOUS_MINUTE_STREAM;VERIFIED_MODEL_GRID,ddcfe98b60434ed04b3d832a176d032a1cfe448a89a17635a67de11363c9531d,2026-09-17T09:51:00+00:00,2026-09-17 14:51:00,70.0,1004.6,78
16.9,24.9,46.6,1543.8,448.2,69.7,8.7,3.7,0.9,445.0,244.4,6.2,7.9,113.8,30.9,24.79,False,4095,0.0,16.5,619.1,EXT-OPEN-METEO-KHI,KARACHI,OPENSOURCE_API_GRID,593,,,,0.95,True,True,TIER2_OPENSOURCE_PURE;CONTINUOUS_MINUTE_STREAM;VERIFIED_MODEL_GRID,00974c6059e20904f5f876f7d18542aefd2aa557a9d10f622df2882e2af352ed,2026-09-17T09:52:00+00:00,2026-09-17 14:52:00,70.0,1004.6,78
16.9,24.9,46.6,1543.8,448.2,69.7,8.7,3.7,0.9,445.0,244.6,6.2,7.9,113.6,30.9,24.81,False,4095,0.0,16.4,617.7,EXT-OPEN-METEO-KHI,KARACHI,OPENSOURCE_API_GRID,594,,,,0.95,True,True,TIER2_OPENSOURCE_PURE;CONTINUOUS_MINUTE_STREAM;VERIFIED_MODEL_GRID,e05424a4000a5d90c8cc3c1f2aea8869f4a287e581fe262e11241bfe1b451aa2,2026-09-17T09:53:00+00:00,2026-09-17 14:53:00,70.1,1004.6,78
16.9,24.9,46.7,1543.8,448.2,69.7,8.7,3.7,0.9,445.0,244.7,6.2,7.9,113.4,30.9,24.81,False,4095,0.0,16.3,616.4,EXT-OPEN-METEO-KHI,KARACHI,OPENSOURCE_API_GRID,595,,,,0.95,True,True,TIER2_OPENSOURCE_PURE;CONTINUOUS_MINUTE_STREAM;VERIFIED_MODEL_GRID,5d0cc9a246c98d4668933f81006ad2bfce847d8a95c9e4f9c31202f6595480ee,2026-09-17T09:54:00+00:00,2026-09-17 14:54:00,70.1,1004.6,78
16.9,24.9,46.7,1543.8,448.2,69.7,8.7,3.7,0.9,445.0,244.8,6.2,7.9,113.3,30.9,24.79,False,4095,0.0,16.2,615.4,EXT-OPEN-METEO-KHI,KARACHI,OPENSOURCE_API_GRID,596,,,,0.95,True,True,TIER2_OPENSOURCE_PURE;CONTINUOUS_MINUTE_STREAM;VERIFIED_MODEL_GRID,52a9893998d4f067b498526193d1578d79507de729bb694088a7fce9ad68c7aa,2026-09-17T09:55:00+00:00,2026-09-17 14:55:00,70.0,1004.6,78
16.9,24.9,46.7,1543.8,448.2,69.7,8.7,3.7,0.9,445.0,244.9,6.2,7.9,113.2,30.9,24.79,False,4095,0.0,16.1,614.5,EXT-OPEN-METEO-KHI,KARACHI,OPENSOURCE_API_GRID,597,,,,0.95,True,True,TIER2_OPENSOURCE_PURE;CONTINUOUS_MINUTE_STREAM;VERIFIED_MODEL_GRID,6fa79f99d7dc132e5020f0cac7c9a48430dc462ee7aae1ee015124cb5c062c2c,2026-09-17T09:56:00+00:00,2026-09-17 14:56:00,70.0,1004.6,78
16.9,24.9,46.7,1543.8,448.2,69.7,8.7,3.7,0.9,445.0,244.9,6.2,7.9,113.1,30.9,24.79,False,4095,0.0,16.1,613.9,EXT-OPEN-METEO-KHI,KARACHI,OPENSOURCE_API_GRID,598,,,,0.95,True,True,TIER2_OPENSOURCE_PURE;CONTINUOUS_MINUTE_STREAM;VERIFIED_MODEL_GRID,15d23607b343bbacbb57ed118c6c0f861bdc917eb1829667ff6976e144fe5160,2026-09-17T09:57:00+00:00,2026-09-17 14:57:00,70.0,1004.6,78
16.9,24.9,46.7,1543.8,448.2,69.7,8.7,3.7,0.9,445.0,245.0,6.2,7.9,113.0,30.9,24.79,False,4095,0.0,16.0,613.4,EXT-OPEN-METEO-KHI,KARACHI,OPENSOURCE_API_GRID,599,,,,0.95,True,True,TIER2_OPENSOURCE_PURE;CONTINUOUS_MINUTE_STREAM;VERIFIED_MODEL_GRID,6a72d582cffe4ad45cf3022abe879ec80310819b1934144b73ca8fa418d2f80a,2026-09-17T09:58:00+00:00,2026-09-17 14:58:00,70.0,1004.6,78
16.9,24.9,46.6,1543.8,448.2,69.7,8.7,3.7,0.9,445.0,245.0,6.2,7.9,113.0,30.8,24.7,False,4095,0.0,16.0,613.1,EXT-OPEN-METEO-KHI,KARACHI,OPENSOURCE_API_GRID,600,,,,0.95,True,True,TIER2_OPENSOURCE_PURE;CONTINUOUS_MINUTE_STREAM;VERIFIED_MODEL_GRID,27d756c065d5a7035527725f597301dacf426164e6b290bd4bb6801825d5fc1e,2026-09-17T09:59:00+00:00,2026-09-17 14:59:00,70.0,1004.6,78
16.9,24.8,46.6,1537.6,446.4,69.4,8.7,3.7,0.9,445.0,245.0,6.2,7.9,113.0,30.8,24.7,False,4095,0.0,16.0,613.0,EXT-OPEN-METEO-KHI,KARACHI,OPENSOURCE_API_GRID,601,,,,0.95,True,False,TIER2_OPENSOURCE_PURE;HOURLY_NODE;VERIFIED_MODEL_GRID,4b21f0a8bb6744d19e435fcc5d8843e1ec9721835054f08a2dc75e8379b9c5ae,2026-09-17T10:00:00+00:00,2026-09-17 15:00:00,70.0,1004.6,78
16.9,24.8,46.5,1537.6,446.4,69.4,8.7,3.7,0.9,445.0,245.0,6.2,7.9,113.0,30.8,24.67,False,4095,0.0,16.0,612.9,EXT-OPEN-METEO-KHI,KARACHI,OPENSOURCE_API_GRID,602,,,,0.95,True,True,TIER2_OPENSOURCE_PURE;CONTINUOUS_MINUTE_STREAM;VERIFIED_MODEL_GRID,2c7ed3dd05697c91e8e6086e7ba795fe446974dfb8d9944d1ae2bb738c74cd8e,2026-09-17T10:01:00+00:00,2026-09-17 15:01:00,69.9,1004.6,78
16.8,24.7,46.5,1531.4,444.6,69.2,8.6,3.7,0.9,445.0,245.1,6.2,7.9,112.9,30.8,24.67,False,4095,0.0,16.0,612.6,EXT-OPEN-METEO-KHI,KARACHI,OPENSOURCE_API_GRID,603,,,,0.95,True,True,TIER2_OPENSOURCE_PURE;CONTINUOUS_MINUTE_STREAM;VERIFIED_MODEL_GRID,13e0468bffc01e1190f46a7fdfce6105234172e9eaa953672ddc92d106eaaf64,2026-09-17T10:02:00+00:00,2026-09-17 15:02:00,69.9,1004.6,78
16.8,24.7,46.4,1531.4,444.6,69.2,8.6,3.7,0.9,445.0,245.2,6.2,7.9,112.8,30.8,24.67,False,4095,0.0,15.9,612.0,EXT-OPEN-METEO-KHI,KARACHI,OPENSOURCE_API_GRID,604,,,,0.95,True,True,TIER2_OPENSOURCE_PURE;CONTINUOUS_MINUTE_STREAM;VERIFIED_MODEL_GRID,835ec680ca83177e3ab6cacbfa6b92351e318a7d58633e607c43f2963ff1fdcf,2026-09-17T10:03:00+00:00,2026-09-17 15:03:00,69.9,1004.6,78
16.7,24.6,46.3,1525.2,442.8,68.9,8.6,3.7,0.9,445.0,245.3,6.2,7.9,112.7,30.8,24.67,False,4095,0.0,15.8,611.3,EXT-OPEN-METEO-KHI,KARACHI,OPENSOURCE_API_GRID,605,,,,0.95,True,True,TIER2_OPENSOURCE_PURE;CONTINUOUS_MINUTE_STREAM;VERIFIED_MODEL_GRID,4aaea7f11290f3d79df07e1299d7b170c3ba368e91da0982cbe0325a5fd639ea,2026-09-17T10:04:00+00:00,2026-09-17 15:04:00,69.9,1004.6,78
16.7,24.6,46.2,1525.2,442.8,68.9,8.6,3.7,0.9,445.0,245.5,6.2,7.9,112.6,30.8,24.67,False,4095,0.0,15.8,610.3,EXT-OPEN-METEO-KHI,KARACHI,OPENSOURCE_API_GRID,606,,,,0.95,True,True,TIER2_OPENSOURCE_PURE;CONTINUOUS_MINUTE_STREAM;VERIFIED_MODEL_GRID,32d94b430d09feb119cc404473a81487c993c3c8a15f4cb8ae6b1d12fef11747,2026-09-17T10:05:00+00:00,2026-09-17 15:05:00,69.9,1004.6,78
16.7,24.5,46.2,1519.0,441.0,68.6,8.6,3.7,0.9,445.0,245.7,6.2,7.9,112.4,30.8,24.67,False,4095,0.0,15.7,609.1,EXT-OPEN-METEO-KHI,KARACHI,OPENSOURCE_API_GRID,607,,,,0.95,True,True,TIER2_OPENSOURCE_PURE;CONTINUOUS_MINUTE_STREAM;VERIFIED_MODEL_GRID,551d7dd3436b8e82093e56b5dda9b1e615d0da16086082f5304becd45c901e22,2026-09-17T10:06:00+00:00,2026-09-17 15:06:00,69.9,1004.6,78
16.7,24.5,46.1,1519.0,441.0,68.6,8.6,3.7,0.9,445.0,246.0,6.3,7.9,112.2,30.8,24.67,False,4095,0.0,15.5,607.7,EXT-OPEN-METEO-KHI,KARACHI,OPENSOURCE_API_GRID,608,,,,0.95,True,True,TIER2_OPENSOURCE_PURE;CONTINUOUS_MINUTE_STREAM;VERIFIED_MODEL_GRID,3f4e4c86ebf7020e200e1059e7d39b5db81a57727ed4cb02b4eb14d4b8cc7292,2026-09-17T10:07:00+00:00,2026-09-17 15:07:00,69.9,1004.6,78
16.7,24.5,46.1,1519.0,441.0,68.6,8.6,3.7,0.9,445.0,246.3,6.3,7.9,111.9,30.7,24.58,False,4095,0.0,15.4,606.1,EXT-OPEN-METEO-KHI,KARACHI,OPENSOURCE_API_GRID,609,,,,0.95,True,True,TIER2_OPENSOURCE_PURE;CONTINUOUS_MINUTE_STREAM;VERIFIED_MODEL_GRID,39506ac3b0cd24c84ad9fc6ab0ca7ee067dfd1e49c3ffb91e53723aafe9875b6,2026-09-17T10:08:00+00:00,2026-09-17 15:08:00,69.9,1004.6,78
16.6,24.4,46.0,1512.8,439.2,68.3,8.5,3.7,0.9,445.1,246.6,6.3,7.9,111.6,30.7,24.58,False,4095,0.0,15.2,604.3,EXT-OPEN-METEO-KHI,KARACHI,OPENSOURCE_API_GRID,610,,,,0.95,True,True,TIER2_OPENSOURCE_PURE;CONTINUOUS_MINUTE_STREAM;VERIFIED_MODEL_GRID,c29aa1b336cc0b328f3fa072a76bfaaa9b575f130de19f7688778617945e4b8b,2026-09-17T10:09:00+00:00,2026-09-17 15:09:00,69.9,1004.6,78
16.6,24.4,46.0,1512.8,439.2,68.3,8.5,3.7,0.9,445.1,246.9,6.3,7.9,111.3,30.7,24.58,False,4095,0.0,15.1,602.3,EXT-OPEN-METEO-KHI,KARACHI,OPENSOURCE_API_GRID,611,,,,0.95,True,True,TIER2_OPENSOURCE_PURE;CONTINUOUS_MINUTE_STREAM;VERIFIED_MODEL_GRID,6cecf87caa62ebd109fef09d036acfc5d3a62a68092fc7da2cb76aae1e78c37e,2026-09-17T10:10:00+00:00,2026-09-17 15:10:00,69.9,1004.6,78
16.6,24.4,46.0,1512.8,439.2,68.3,8.5,3.7,0.9,445.1,247.3,6.4,7.8,111.0,30.7,24.6,False,4095,0.0,14.9,600.1,EXT-OPEN-METEO-KHI,KARACHI,OPENSOURCE_API_GRID,612,,,,0.95,True,True,TIER2_OPENSOURCE_PURE;CONTINUOUS_MINUTE_STREAM;VERIFIED_MODEL_GRID,66321677069170a5da7c72d9757b9bbd36dd7855e4149ffe4365f0d229c2ed6c,2026-09-17T10:11:00+00:00,2026-09-17 15:11:00,70.0,1004.6,78
16.6,24.4,45.9,1512.8,439.2,68.3,8.5,3.7,0.9,445.1,247.8,6.4,7.8,110.6,30.7,24.6,False,4095,0.0,14.7,597.7,EXT-OPEN-METEO-KHI,KARACHI,OPENSOURCE_API_GRID,613,,,,0.95,True,True,TIER2_OPENSOURCE_PURE;CONTINUOUS_MINUTE_STREAM;VERIFIED_MODEL_GRID,a9f3839f8e7d2727e7a545aa689f0219c46435a5f065162dfdb1e1cc67357b03,2026-09-17T10:12:00+00:00,2026-09-17 15:12:00,70.0,1004.6,78
16.6,24.4,45.9,1512.8,439.2,68.3,8.5,3.7,0.9,445.1,248.2,6.4,7.8,110.2,30.7,24.6,False,4095,0.0,14.4,595.2,EXT-OPEN-METEO-KHI,KARACHI,OPENSOURCE_API_GRID,614,,,,0.95,True,True,TIER2_OPENSOURCE_PURE;CONTINUOUS_MINUTE_STREAM;VERIFIED_MODEL_GRID,3e0b22f02d747006585a09be6217c2f4436c259200416db95af9359ec0a66fb8,2026-09-17T10:13:00+00:00,2026-09-17 15:13:00,70.0,1004.6,78
16.6,24.4,46.0,1512.8,439.2,68.3,8.5,3.7,0.9,445.1,248.7,6.5,7.8,109.8,30.7,24.62,False,4095,0.0,14.2,592.5,EXT-OPEN-METEO-KHI,KARACHI,OPENSOURCE_API_GRID,615,,,,0.95,True,True,TIER2_OPENSOURCE_PURE;CONTINUOUS_MINUTE_STREAM;VERIFIED_MODEL_GRID,358f94db1b6ef2dfec4d870035f5fb79bb459a0be7fc6a49a9871a2fd05253c5,2026-09-17T10:14:00+00:00,2026-09-17 15:14:00,70.1,1004.6,78
16.6,24.4,46.0,1512.8,439.2,68.3,8.5,3.7,0.9,445.1,249.2,6.5,7.8,109.3,30.7,24.62,False,4095,0.0,13.9,589.6,EXT-OPEN-METEO-KHI,KARACHI,OPENSOURCE_API_GRID,616,,,,0.95,True,True,TIER2_OPENSOURCE_PURE;CONTINUOUS_MINUTE_STREAM;VERIFIED_MODEL_GRID,7378557a23a90b4cf336d7dcb8f7eeec18a47d72853382d5a0d0b2d5953b70d9,2026-09-17T10:15:00+00:00,2026-09-17 15:15:00,70.1,1004.6,78
16.6,24.4,46.0,1512.8,439.2,68.3,8.5,3.7,0.9,445.2,249.8,6.5,7.8,108.9,30.7,24.62,False,4095,0.0,13.7,586.5,EXT-OPEN-METEO-KHI,KARACHI,OPENSOURCE_API_GRID,617,,,,0.95,True,True,TIER2_OPENSOURCE_PURE;CONTINUOUS_MINUTE_STREAM;VERIFIED_MODEL_GRID,7a44e2b5bb09b99451dca2290f9000d634bd5d4956508d71fc855c9e5fc38f4c,2026-09-17T10:16:00+00:00,2026-09-17 15:16:00,70.1,1004.5,78
16.6,24.4,46.0,1512.8,439.2,68.3,8.5,3.7,0.9,445.2,250.4,6.6,7.8,108.4,30.7,24.65,False,4095,0.0,13.4,583.3,EXT-OPEN-METEO-KHI,KARACHI,OPENSOURCE_API_GRID,618,,,,0.95,True,True,TIER2_OPENSOURCE_PURE;CONTINUOUS_MINUTE_STREAM;VERIFIED_MODEL_GRID,bcfc62e84f37386c098de77c88a3108c0b15c116e4d23c1975aef28cb507009b,2026-09-17T10:17:00+00:00,2026-09-17 15:17:00,70.2,1004.5,78
16.6,24.4,46.1,1512.8,439.2,68.3,8.5,3.7,0.9,445.2,251.0,6.6,7.8,107.8,30.7,24.65,False,4095,0.0,13.1,580.0,EXT-OPEN-METEO-KHI,KARACHI,OPENSOURCE_API_GRID,619,,,,0.95,True,True,TIER2_OPENSOURCE_PURE;CONTINUOUS_MINUTE_STREAM;VERIFIED_MODEL_GRID,eb0a98232dbbf96c26041f4f5b2bf4f5135adf615e6da113d730c4227a4f9236,2026-09-17T10:18:00+00:00,2026-09-17 15:18:00,70.2,1004.5,78
16.6,24.4,46.1,1512.8,439.2,68.3,8.5,3.7,0.9,445.2,251.6,6.7,7.7,107.3,30.6,24.58,False,4095,0.0,12.8,576.6,EXT-OPEN-METEO-KHI,KARACHI,OPENSOURCE_API_GRID,620,,,,0.95,True,True,TIER2_OPENSOURCE_PURE;CONTINUOUS_MINUTE_STREAM;VERIFIED_MODEL_GRID,1d01edf01cd857759cc420910d3101c7e6ab4657cda71f39f18ae7c2e3fe904f,2026-09-17T10:19:00+00:00,2026-09-17 15:19:00,70.3,1004.5,78
16.5,24.3,45.9,1506.6,437.4,68.0,8.5,3.7,0.9,445.2,252.2,6.7,7.7,106.8,30.6,24.6,False,4095,0.0,12.5,573.0,EXT-OPEN-METEO-KHI,KARACHI,OPENSOURCE_API_GRID,621,,,,0.95,True,True,TIER2_OPENSOURCE_PURE;CONTINUOUS_MINUTE_STREAM;VERIFIED_MODEL_GRID,c5a0d56ad0ac6338379969c3eceffbfd836265f66b11ee017661457eb1afbc1f,2026-09-17T10:20:00+00:00,2026-09-17 15:20:00,70.4,1004.5,78
16.5,24.3,45.9,1506.6,437.4,68.0,8.5,3.7,0.9,445.3,252.9,6.7,7.7,106.2,30.6,24.6,False,4095,0.0,12.2,569.3,EXT-OPEN-METEO-KHI,KARACHI,OPENSOURCE_API_GRID,622,,,,0.95,True,True,TIER2_OPENSOURCE_PURE;CONTINUOUS_MINUTE_STREAM;VERIFIED_MODEL_GRID,81d91f889e3ee797fd63bebd9562d08c118839d13729d80b1edc0b0af4696119,2026-09-17T10:21:00+00:00,2026-09-17 15:21:00,70.4,1004.5,78
16.5,24.3,46.0,1506.6,437.4,68.0,8.5,3.7,0.9,445.3,253.6,6.8,7.7,105.6,30.6,24.6,False,4095,0.0,11.8,565.5,EXT-OPEN-METEO-KHI,KARACHI,OPENSOURCE_API_GRID,623,,,,0.95,True,True,TIER2_OPENSOURCE_PURE;CONTINUOUS_MINUTE_STREAM;VERIFIED_MODEL_GRID,8dd105c332fde5ce6b1606379f259db713f0bbb47873cc4ba50adb7fe9eda0e6,2026-09-17T10:22:00+00:00,2026-09-17 15:22:00,70.4,1004.5,78
16.5,24.3,46.0,1506.6,437.4,68.0,8.5,3.7,0.9,445.3,254.3,6.8,7.7,105.0,30.6,24.62,False,4095,0.0,11.5,561.7,EXT-OPEN-METEO-KHI,KARACHI,OPENSOURCE_API_GRID,624,,,,0.95,True,True,TIER2_OPENSOURCE_PURE;CONTINUOUS_MINUTE_STREAM;VERIFIED_MODEL_GRID,ae37ce27033fbd1986c01711ce68c4abf888bbdaba96bdc10dfda6be8133c917,2026-09-17T10:23:00+00:00,2026-09-17 15:23:00,70.5,1004.5,78
16.5,24.3,46.0,1506.6,437.4,68.0,8.5,3.7,0.9,445.3,255.0,6.9,7.7,104.4,30.6,24.62,False,4095,0.0,11.2,557.7,EXT-OPEN-METEO-KHI,KARACHI,OPENSOURCE_API_GRID,625,,,,0.95,True,True,TIER2_OPENSOURCE_PURE;CONTINUOUS_MINUTE_STREAM;VERIFIED_MODEL_GRID,e0d2b89163c094de2bb8650c0c4aa0235653be8f38f4aff32f60a3e0677a2eb8,2026-09-17T10:24:00+00:00,2026-09-17 15:24:00,70.5,1004.5,78
16.5,24.3,46.0,1506.6,437.4,68.0,8.5,3.7,0.9,445.4,255.7,6.9,7.6,103.7,30.6,24.62,False,4095,0.0,10.8,553.7,EXT-OPEN-METEO-KHI,KARACHI,OPENSOURCE_API_GRID,626,,,,0.95,True,True,TIER2_OPENSOURCE_PURE;CONTINUOUS_MINUTE_STREAM;VERIFIED_MODEL_GRID,61b74434bee941fa4d01743c3662f735a53ec78063982455ad7817b3f32423ee,2026-09-17T10:25:00+00:00,2026-09-17 15:25:00,70.5,1004.5,78
16.5,24.3,45.9,1506.6,437.4,68.0,8.5,3.7,0.9,445.4,256.5,7.0,7.6,103.1,30.6,24.62,False,4095,0.0,10.5,549.6,EXT-OPEN-METEO-KHI,KARACHI,OPENSOURCE_API_GRID,627,,,,0.95,True,True,TIER2_OPENSOURCE_PURE;CONTINUOUS_MINUTE_STREAM;VERIFIED_MODEL_GRID,9c3f3bc1daf6704efab1a4d1024e145c9e54884c262d7f6d3593fbd561938b7c,2026-09-17T10:26:00+00:00,2026-09-17 15:26:00,70.5,1004.5,78
16.5,24.3,45.9,1506.6,437.4,68.0,8.5,3.7,0.9,445.4,257.2,7.0,7.6,102.5,30.6,24.62,False,4095,0.0,10.1,545.5,EXT-OPEN-METEO-KHI,KARACHI,OPENSOURCE_API_GRID,628,,,,0.95,True,True,TIER2_OPENSOURCE_PURE;CONTINUOUS_MINUTE_STREAM;VERIFIED_MODEL_GRID,b16efb091a395cb4aeb7a676245247cb92973104633ac37f8b2460fd5c5b8d9f,2026-09-17T10:27:00+00:00,2026-09-17 15:27:00,70.5,1004.5,78
16.5,24.2,45.8,1500.4,435.6,67.8,8.5,3.7,0.9,445.4,258.0,7.1,7.6,101.8,30.6,24.62,False,4095,0.0,9.7,541.4,EXT-OPEN-METEO-KHI,KARACHI,OPENSOURCE_API_GRID,629,,,,0.95,True,True,TIER2_OPENSOURCE_PURE;CONTINUOUS_MINUTE_STREAM;VERIFIED_MODEL_GRID,8e4793c732ec8817aedf22eda05f442f276c4e0bcceaa4369cbed3fd5de54ab8,2026-09-17T10:28:00+00:00,2026-09-17 15:28:00,70.5,1004.5,78
16.5,24.2,45.8,1500.4,435.6,67.8,8.5,3.7,0.9,445.5,258.7,7.1,7.6,101.2,30.6,24.62,False,4095,0.0,9.4,537.2,EXT-OPEN-METEO-KHI,KARACHI,OPENSOURCE_API_GRID,630,,,,0.95,True,True,TIER2_OPENSOURCE_PURE;CONTINUOUS_MINUTE_STREAM;VERIFIED_MODEL_GRID,63240c6280e52f53c2b982709789b753a6c30e3a7d77c8ff845f6224e0968043,2026-09-17T10:29:00+00:00,2026-09-17 15:29:00,70.5,1004.5,78
16.4,24.1,45.7,1494.2,433.8,67.5,8.4,3.7,0.9,445.5,259.5,7.2,7.5,100.5,30.5,24.53,False,4095,0.0,9.0,533.0,EXT-OPEN-METEO-KHI,KARACHI,OPENSOURCE_API_GRID,631,,,,0.95,True,True,TIER2_OPENSOURCE_PURE;CONTINUOUS_MINUTE_STREAM;VERIFIED_MODEL_GRID,bf40d4dde73c08919bf8019d515a4a26ff72990c400279570b3ed265fa9eb44c,2026-09-17T10:30:00+00:00,2026-09-17 15:30:00,70.5,1004.5,78
16.3,24.0,45.6,1488.0,432.0,67.2,8.4,3.6,0.9,445.5,260.3,7.3,7.5,99.8,30.5,24.53,False,4095,0.0,8.6,528.8,EXT-OPEN-METEO-KHI,KARACHI,OPENSOURCE_API_GRID,632,,,,0.95,True,True,TIER2_OPENSOURCE_PURE;CONTINUOUS_MINUTE_STREAM;VERIFIED_MODEL_GRID,a71b8fd1447683c9f725ed1517fde64f92d563de1d8aff485549d8dac5a41668,2026-09-17T10:31:00+00:00,2026-09-17 15:31:00,70.5,1004.5,78
16.3,24.0,45.5,1488.0,432.0,67.2,8.4,3.6,0.9,445.6,261.0,7.3,7.5,99.2,30.5,24.53,False,4095,0.0,8.3,524.6,EXT-OPEN-METEO-KHI,KARACHI,OPENSOURCE_API_GRID,633,,,,0.95,True,True,TIER2_OPENSOURCE_PURE;CONTINUOUS_MINUTE_STREAM;VERIFIED_MODEL_GRID,5b4802578c3de7ec22ca06ec44730f1ecfd86d6480ea7ba2dcd8a08429d7baa1,2026-09-17T10:32:00+00:00,2026-09-17 15:32:00,70.5,1004.5,78
16.3,23.9,45.4,1481.8,430.2,66.9,8.4,3.6,0.9,445.6,261.8,7.4,7.5,98.5,30.5,24.53,False,4095,0.0,7.9,520.5,EXT-OPEN-METEO-KHI,KARACHI,OPENSOURCE_API_GRID,634,,,,0.95,True,True,TIER2_OPENSOURCE_PURE;CONTINUOUS_MINUTE_STREAM;VERIFIED_MODEL_GRID,03ca861c034e90f3ae2b87e1e4dc33073627be62228aa0ed885e9d78ecf93856,2026-09-17T10:33:00+00:00,2026-09-17 15:33:00,70.5,1004.4,78
16.2,23.8,45.3,1475.6,428.4,66.6,8.3,3.6,0.9,445.6,262.5,7.4,7.5,97.9,30.5,24.53,False,4095,0.0,7.5,516.4,EXT-OPEN-METEO-KHI,KARACHI,OPENSOURCE_API_GRID,635,,,,0.95,True,True,TIER2_OPENSOURCE_PURE;CONTINUOUS_MINUTE_STREAM;VERIFIED_MODEL_GRID,550dae40afebf3b62b370882ab7ec5bd3f605c58a969eed04fca515e679db666,2026-09-17T10:34:00+00:00,2026-09-17 15:34:00,70.5,1004.4,78
16.1,23.7,45.1,1469.4,426.6,66.4,8.3,3.6,0.9,445.6,263.3,7.5,7.5,97.3,30.4,24.43,False,4095,0.0,7.2,512.3,EXT-OPEN-METEO-KHI,KARACHI,OPENSOURCE_API_GRID,636,,,,0.95,True,True,TIER2_OPENSOURCE_PURE;CONTINUOUS_MINUTE_STREAM;VERIFIED_MODEL_GRID,a28e89b398ab0c104e5d7012d42e463aff1d61da603d2e725fa148a744f1edb2,2026-09-17T10:35:00+00:00,2026-09-17 15:35:00,70.5,1004.4,78
16.0,23.6,45.0,1463.2,424.8,66.1,8.3,3.6,0.9,445.7,264.0,7.5,7.4,96.6,30.4,24.43,False,4095,0.0,6.8,508.3,EXT-OPEN-METEO-KHI,KARACHI,OPENSOURCE_API_GRID,637,,,,0.95,True,True,TIER2_OPENSOURCE_PURE;CONTINUOUS_MINUTE_STREAM;VERIFIED_MODEL_GRID,5f6f6b05ad90576895fc0c192a4999987aeef34e1747175495f84bef417db9a0,2026-09-17T10:36:00+00:00,2026-09-17 15:36:00,70.5,1004.4,78
16.0,23.6,44.9,1463.2,424.8,66.1,8.3,3.6,0.9,445.7,264.7,7.6,7.4,96.0,30.4,24.43,False,4095,0.0,6.5,504.3,EXT-OPEN-METEO-KHI,KARACHI,OPENSOURCE_API_GRID,638,,,,0.95,True,True,TIER2_OPENSOURCE_PURE;CONTINUOUS_MINUTE_STREAM;VERIFIED_MODEL_GRID,f07656fb1710f9fc0439f560d94203f88fafd05fe59b25b186a9bbd870b6a47d,2026-09-17T10:37:00+00:00,2026-09-17 15:37:00,70.5,1004.4,78
16.0,23.5,44.8,1457.0,423.0,65.8,8.2,3.6,0.9,445.7,265.4,7.6,7.4,95.4,30.4,24.46,False,4095,0.0,6.2,500.5,EXT-OPEN-METEO-KHI,KARACHI,OPENSOURCE_API_GRID,639,,,,0.95,True,True,TIER2_OPENSOURCE_PURE;CONTINUOUS_MINUTE_STREAM;VERIFIED_MODEL_GRID,6583889c31d1a5bcf349d08e96960a38f600142b5925aebf8d5b0e82e23d70b9,2026-09-17T10:38:00+00:00,2026-09-17 15:38:00,70.6,1004.4,78
15.9,23.4,44.8,1450.8,421.2,65.5,8.2,3.6,0.9,445.7,266.1,7.7,7.4,94.8,30.3,24.36,False,4095,0.0,5.8,496.7,EXT-OPEN-METEO-KHI,KARACHI,OPENSOURCE_API_GRID,640,,,,0.95,True,True,TIER2_OPENSOURCE_PURE;CONTINUOUS_MINUTE_STREAM;VERIFIED_MODEL_GRID,029355b63523d1eaaca484f2178b10de478f931faefaf4c0fd9e1eb8758d0cfc,2026-09-17T10:39:00+00:00,2026-09-17 15:39:00,70.6,1004.4,78
15.9,23.4,44.7,1450.8,421.2,65.5,8.2,3.6,0.9,445.8,266.8,7.7,7.4,94.2,30.3,24.36,False,4095,0.0,5.5,493.0,EXT-OPEN-METEO-KHI,KARACHI,OPENSOURCE_API_GRID,641,,,,0.95,True,True,TIER2_OPENSOURCE_PURE;CONTINUOUS_MINUTE_STREAM;VERIFIED_MODEL_GRID,4615de514b13c0612373adf04823dca950b26c573bedfe564eaa19e5176bcd44,2026-09-17T10:40:00+00:00,2026-09-17 15:40:00,70.6,1004.4,78
15.8,23.3,44.6,1444.6,419.4,65.2,8.2,3.6,0.9,445.8,267.4,7.7,7.4,93.7,30.3,24.36,False,4095,0.0,5.2,489.4,EXT-OPEN-METEO-KHI,KARACHI,OPENSOURCE_API_GRID,642,,,,0.95,True,True,TIER2_OPENSOURCE_PURE;CONTINUOUS_MINUTE_STREAM;VERIFIED_MODEL_GRID,0ab3be8c094ce904bca5b9860a49270bb12a4e17748d25d54cf869f4afc8a09c,2026-09-17T10:41:00+00:00,2026-09-17 15:41:00,70.6,1004.4,78
15.8,23.3,44.6,1444.6,419.4,65.2,8.2,3.6,0.9,445.8,268.0,7.8,7.3,93.2,30.3,24.38,False,4095,0.0,4.9,486.0,EXT-OPEN-METEO-KHI,KARACHI,OPENSOURCE_API_GRID,643,,,,0.95,True,True,TIER2_OPENSOURCE_PURE;CONTINUOUS_MINUTE_STREAM;VERIFIED_MODEL_GRID,a5ff7ba834c9fbb0f94869bc2910812345955b31479d55aae1fd38cd456d7186,2026-09-17T10:42:00+00:00,2026-09-17 15:42:00,70.7,1004.4,78
15.8,23.3,44.6,1444.6,419.4,65.2,8.2,3.6,0.9,445.8,268.6,7.8,7.3,92.6,30.3,24.38,False,4095,0.0,4.6,482.7,EXT-OPEN-METEO-KHI,KARACHI,OPENSOURCE_API_GRID,644,,,,0.95,True,True,TIER2_OPENSOURCE_PURE;CONTINUOUS_MINUTE_STREAM;VERIFIED_MODEL_GRID,cca9985f2733acc06b7e11d07f0aca3d421b5fac7175c3108840317f4d226a46,2026-09-17T10:43:00+00:00,2026-09-17 15:43:00,70.7,1004.4,78
15.8,23.3,44.6,1444.6,419.4,65.2,8.2,3.6,0.9,445.8,269.2,7.9,7.3,92.1,30.2,24.29,False,4095,0.0,4.3,479.5,EXT-OPEN-METEO-KHI,KARACHI,OPENSOURCE_API_GRID,645,,,,0.95,True,True,TIER2_OPENSOURCE_PURE;CONTINUOUS_MINUTE_STREAM;VERIFIED_MODEL_GRID,41dc31681f34e7fc0ef3734659be2142f365a3263eb04216aa1fcc8f93632f8b,2026-09-17T10:44:00+00:00,2026-09-17 15:44:00,70.7,1004.4,78
15.8,23.3,44.6,1444.6,419.4,65.2,8.2,3.6,0.9,445.9,269.8,7.9,7.3,91.7,30.2,24.31,False,4095,0.0,4.1,476.4,EXT-OPEN-METEO-KHI,KARACHI,OPENSOURCE_API_GRID,646,,,,0.95,True,True,TIER2_OPENSOURCE_PURE;CONTINUOUS_MINUTE_STREAM;VERIFIED_MODEL_GRID,6de7031dcc3a569480d773cb70b0b5efed09158c2320ef43bb98b7b1a44f1a54,2026-09-17T10:45:00+00:00,2026-09-17 15:45:00,70.8,1004.3,78
15.8,23.3,44.6,1444.6,419.4,65.2,8.2,3.6,0.9,445.9,270.3,7.9,7.3,91.2,30.2,24.31,False,4095,0.0,3.8,473.5,EXT-OPEN-METEO-KHI,KARACHI,OPENSOURCE_API_GRID,647,,,,0.95,True,True,TIER2_OPENSOURCE_PURE;CONTINUOUS_MINUTE_STREAM;VERIFIED_MODEL_GRID,c796384cc0e77a5828846da8431cfebbf91de476ced745159c483bd52ef24a70,2026-09-17T10:46:00+00:00,2026-09-17 15:46:00,70.8,1004.3,78
15.8,23.3,44.6,1444.6,419.4,65.2,8.2,3.6,0.9,445.9,270.8,8.0,7.3,90.8,30.2,24.33,False,4095,0.0,3.6,470.8,EXT-OPEN-METEO-KHI,KARACHI,OPENSOURCE_API_GRID,648,,,,0.95,True,True,TIER2_OPENSOURCE_PURE;CONTINUOUS_MINUTE_STREAM;VERIFIED_MODEL_GRID,127c3d513a41e56f104d85d97a95c6bb3f8ea6de21dd402c546b70eef56f1354,2026-09-17T10:47:00+00:00,2026-09-17 15:47:00,70.9,1004.3,78
15.8,23.3,44.7,1444.6,419.4,65.2,8.2,3.6,0.9,445.9,271.2,8.0,7.3,90.4,30.2,24.33,False,4095,0.0,3.3,468.3,EXT-OPEN-METEO-KHI,KARACHI,OPENSOURCE_API_GRID,649,,,,0.95,True,True,TIER2_OPENSOURCE_PURE;CONTINUOUS_MINUTE_STREAM;VERIFIED_MODEL_GRID,fba7bc40cf33e82d607460eb36276806bcf699422d7d05df851a90c28f5b7676,2026-09-17T10:48:00+00:00,2026-09-17 15:48:00,70.9,1004.3,78
15.9,23.4,44.7,1450.8,421.2,65.5,8.2,3.6,0.9,445.9,271.7,8.0,7.3,90.0,30.2,24.33,False,4095,0.0,3.1,465.9,EXT-OPEN-METEO-KHI,KARACHI,OPENSOURCE_API_GRID,650,,,,0.95,True,True,TIER2_OPENSOURCE_PURE;CONTINUOUS_MINUTE_STREAM;VERIFIED_MODEL_GRID,861d3731dfdb8ae2c59841bf1e1c2ce4eee0a22fe165339a15c2e1de7055686c,2026-09-17T10:49:00+00:00,2026-09-17 15:49:00,70.9,1004.3,78
15.9,23.4,44.7,1450.8,421.2,65.5,8.2,3.6,0.9,445.9,272.1,8.1,7.2,89.7,30.2,24.36,False,4095,0.0,2.9,463.7,EXT-OPEN-METEO-KHI,KARACHI,OPENSOURCE_API_GRID,651,,,,0.95,True,True,TIER2_OPENSOURCE_PURE;CONTINUOUS_MINUTE_STREAM;VERIFIED_MODEL_GRID,aa18605935436ae6f8e4166f349bcf57941d2667abcd2d36de2a289f4a2671b3,2026-09-17T10:50:00+00:00,2026-09-17 15:50:00,71.0,1004.3,78
15.8,23.3,44.6,1444.6,419.4,65.2,8.2,3.6,0.9,445.9,272.4,8.1,7.2,89.4,30.2,24.38,False,4095,0.0,2.8,461.7,EXT-OPEN-METEO-KHI,KARACHI,OPENSOURCE_API_GRID,652,,,,0.95,True,True,TIER2_OPENSOURCE_PURE;CONTINUOUS_MINUTE_STREAM;VERIFIED_MODEL_GRID,f4c21cc990356c3da95480632df9331551a04a13ae69e907ac6892ee0d8e310f,2026-09-17T10:51:00+00:00,2026-09-17 15:51:00,71.1,1004.3,78
15.8,23.3,44.6,1444.6,419.4,65.2,8.2,3.6,0.9,446.0,272.7,8.1,7.2,89.1,30.2,24.38,False,4095,0.0,2.6,459.9,EXT-OPEN-METEO-KHI,KARACHI,OPENSOURCE_API_GRID,653,,,,0.95,True,True,TIER2_OPENSOURCE_PURE;CONTINUOUS_MINUTE_STREAM;VERIFIED_MODEL_GRID,ed0e11dbef8f9fa0e301c0008f23ec18f8c010d2ec9818abeee1c61eec0c0a1a,2026-09-17T10:52:00+00:00,2026-09-17 15:52:00,71.1,1004.3,78
15.8,23.3,44.7,1444.6,419.4,65.2,8.2,3.6,0.9,446.0,273.0,8.1,7.2,88.8,30.2,24.38,False,4095,0.0,2.5,458.3,EXT-OPEN-METEO-KHI,KARACHI,OPENSOURCE_API_GRID,654,,,,0.95,True,True,TIER2_OPENSOURCE_PURE;CONTINUOUS_MINUTE_STREAM;VERIFIED_MODEL_GRID,9a54acc536145c8086f73c8bcfa9bfa6b3a13a6f2433167ccb190b2424e960f6,2026-09-17T10:53:00+00:00,2026-09-17 15:53:00,71.1,1004.3,78
15.9,23.4,44.7,1450.8,421.2,65.5,8.2,3.6,0.9,446.0,273.3,8.2,7.2,88.6,30.2,24.38,False,4095,0.0,2.3,456.9,EXT-OPEN-METEO-KHI,KARACHI,OPENSOURCE_API_GRID,655,,,,0.95,True,True,TIER2_OPENSOURCE_PURE;CONTINUOUS_MINUTE_STREAM;VERIFIED_MODEL_GRID,e0926211f3740b409e947ffd07022b488e502b9c77610817d66b80d0db9cbdb1,2026-09-17T10:54:00+00:00,2026-09-17 15:54:00,71.1,1004.3,78
15.9,23.4,44.8,1450.8,421.2,65.5,8.2,3.6,0.9,446.0,273.5,8.2,7.2,88.4,30.2,24.38,False,4095,0.0,2.2,455.7,EXT-OPEN-METEO-KHI,KARACHI,OPENSOURCE_API_GRID,656,,,,0.95,True,True,TIER2_OPENSOURCE_PURE;CONTINUOUS_MINUTE_STREAM;VERIFIED_MODEL_GRID,42f9073d4bbae38e26a1d57dad81fc05d475d0d6d4c63efc6dcafa64a53d91f1,2026-09-17T10:55:00+00:00,2026-09-17 15:55:00,71.1,1004.3,78
15.9,23.4,44.8,1450.8,421.2,65.5,8.2,3.6,0.9,446.0,273.7,8.2,7.2,88.3,30.2,24.38,False,4095,0.0,2.2,454.7,EXT-OPEN-METEO-KHI,KARACHI,OPENSOURCE_API_GRID,657,,,,0.95,True,True,TIER2_OPENSOURCE_PURE;CONTINUOUS_MINUTE_STREAM;VERIFIED_MODEL_GRID,5cfd28c13294f4aee2d7aee4242e805f4fc0e09e1b73c83ac5b31635d439d281,2026-09-17T10:56:00+00:00,2026-09-17 15:56:00,71.1,1004.3,78
15.9,23.4,44.8,1450.8,421.2,65.5,8.2,3.6,0.9,446.0,273.8,8.2,7.2,88.2,30.3,24.48,False,4095,0.0,2.1,454.0,EXT-OPEN-METEO-KHI,KARACHI,OPENSOURCE_API_GRID,658,,,,0.95,True,True,TIER2_OPENSOURCE_PURE;CONTINUOUS_MINUTE_STREAM;VERIFIED_MODEL_GRID,20b98b103228d92337decb4f6cb94bd447013a659f53540ab75963d7f271e3bb,2026-09-17T10:57:00+00:00,2026-09-17 15:57:00,71.1,1004.3,78
15.9,23.4,44.8,1450.8,421.2,65.5,8.2,3.6,0.9,446.0,273.9,8.2,7.2,88.1,30.3,24.48,False,4095,0.0,2.0,453.4,EXT-OPEN-METEO-KHI,KARACHI,OPENSOURCE_API_GRID,659,,,,0.95,True,True,TIER2_OPENSOURCE_PURE;CONTINUOUS_MINUTE_STREAM;VERIFIED_MODEL_GRID,63c9643eef220e8a2940b71caa434d0a0d79961403a771be14903a1b96a629aa,2026-09-17T10:58:00+00:00,2026-09-17 15:58:00,71.1,1004.3,78
15.9,23.4,44.8,1450.8,421.2,65.5,8.2,3.6,0.9,446.0,274.0,8.2,7.2,88.0,30.3,24.45,False,4095,0.0,2.0,453.1,EXT-OPEN-METEO-KHI,KARACHI,OPENSOURCE_API_GRID,660,,,,0.95,True,True,TIER2_OPENSOURCE_PURE;CONTINUOUS_MINUTE_STREAM;VERIFIED_MODEL_GRID,b5b9cd883667702ae70f9c1f7c88aeeb422ec7cdecfb4f3f2e416b1288e331dd,2026-09-17T10:59:00+00:00,2026-09-17 15:59:00,71.0,1004.3,78
15.9,23.4,44.8,1450.8,421.2,65.5,8.2,3.6,0.9,446.0,274.0,8.2,7.2,88.0,30.2,24.36,False,4095,0.0,2.0,453.0,EXT-OPEN-METEO-KHI,KARACHI,OPENSOURCE_API_GRID,661,,,,0.95,True,False,TIER2_OPENSOURCE_PURE;HOURLY_NODE;VERIFIED_MODEL_GRID,c743b4b749c435bf0375a0288fc28c8c95d2f1a916501d12410b1b908d785ec6,2026-09-17T11:00:00+00:00,2026-09-17 16:00:00,71.0,1004.3,78
15.9,23.4,44.7,1450.8,421.2,65.5,8.2,3.6,0.9,446.0,274.0,8.2,7.2,88.0,30.2,24.36,False,4095,0.0,2.0,452.9,EXT-OPEN-METEO-KHI,KARACHI,OPENSOURCE_API_GRID,662,,,,0.95,True,True,TIER2_OPENSOURCE_PURE;CONTINUOUS_MINUTE_STREAM;VERIFIED_MODEL_GRID,1a67928c7189d4503a69ca58ab5165b906a6986f6ff303689a74017697bd2f1b,2026-09-17T11:01:00+00:00,2026-09-17 16:01:00,71.0,1004.3,78
15.8,23.3,44.7,1444.6,419.4,65.2,8.2,3.6,0.9,446.0,274.0,8.2,7.2,87.9,30.2,24.36,False,4095,0.0,2.0,452.5,EXT-OPEN-METEO-KHI,KARACHI,OPENSOURCE_API_GRID,663,,,,0.95,True,True,TIER2_OPENSOURCE_PURE;CONTINUOUS_MINUTE_STREAM;VERIFIED_MODEL_GRID,126aa7e0beb9e3a826df7747bd730cc865fd0a6404208f012b0f25f652e20eb1,2026-09-17T11:02:00+00:00,2026-09-17 16:02:00,71.0,1004.3,78
15.8,23.3,44.6,1444.6,419.4,65.2,8.2,3.6,0.9,446.0,274.1,8.2,7.2,87.9,30.2,24.33,False,4095,0.0,2.0,451.8,EXT-OPEN-METEO-KHI,KARACHI,OPENSOURCE_API_GRID,664,,,,0.95,True,True,TIER2_OPENSOURCE_PURE;CONTINUOUS_MINUTE_STREAM;VERIFIED_MODEL_GRID,2970939e9921fe94ea75719dd97da9ae7143a987f5531928089021baf3cab6e1,2026-09-17T11:03:00+00:00,2026-09-17 16:03:00,70.9,1004.3,78
15.8,23.2,44.6,1438.4,417.6,65.0,8.1,3.6,0.9,446.0,274.2,8.2,7.2,87.8,30.2,24.33,False,4095,0.0,2.1,450.9,EXT-OPEN-METEO-KHI,KARACHI,OPENSOURCE_API_GRID,665,,,,0.95,True,True,TIER2_OPENSOURCE_PURE;CONTINUOUS_MINUTE_STREAM;VERIFIED_MODEL_GRID,5ef5130cb4fe11d478623032218282a7f380b5864cb3c71c01d8da26666d2968,2026-09-17T11:04:00+00:00,2026-09-17 16:04:00,70.9,1004.3,78
15.8,23.2,44.5,1438.4,417.6,65.0,8.1,3.6,0.9,446.0,274.3,8.2,7.2,87.6,30.2,24.33,False,4095,0.0,2.1,449.8,EXT-OPEN-METEO-KHI,KARACHI,OPENSOURCE_API_GRID,666,,,,0.95,True,True,TIER2_OPENSOURCE_PURE;CONTINUOUS_MINUTE_STREAM;VERIFIED_MODEL_GRID,4e954388e26b9c2e4f8312ed899e196df1331d4232bc0dfdb82e69d6b60f9c40,2026-09-17T11:05:00+00:00,2026-09-17 16:05:00,70.9,1004.3,78
15.7,23.1,44.4,1432.2,415.8,64.7,8.1,3.6,0.9,446.0,274.4,8.3,7.2,87.5,30.2,24.33,False,4095,0.0,2.2,448.4,EXT-OPEN-METEO-KHI,KARACHI,OPENSOURCE_API_GRID,667,,,,0.95,True,True,TIER2_OPENSOURCE_PURE;CONTINUOUS_MINUTE_STREAM;VERIFIED_MODEL_GRID,59bd233bab9778a2b86794be91fee481a09812044cc55a648d633a87ae33cc19,2026-09-17T11:06:00+00:00,2026-09-17 16:06:00,70.9,1004.3,78
15.7,23.1,44.3,1432.2,415.8,64.7,8.1,3.5,0.9,446.0,274.6,8.3,7.2,87.3,30.2,24.33,False,4095,0.0,2.3,446.7,EXT-OPEN-METEO-KHI,KARACHI,OPENSOURCE_API_GRID,668,,,,0.95,True,True,TIER2_OPENSOURCE_PURE;CONTINUOUS_MINUTE_STREAM;VERIFIED_MODEL_GRID,c2d79bddc2fd22761bee39458a6b79535917c5c1cc306d832e52ab4b58218f14,2026-09-17T11:07:00+00:00,2026-09-17 16:07:00,70.9,1004.3,78
15.6,23.0,44.3,1426.0,414.0,64.4,8.0,3.5,0.9,446.0,274.7,8.3,7.2,87.0,30.2,24.33,False,4095,0.0,2.3,444.8,EXT-OPEN-METEO-KHI,KARACHI,OPENSOURCE_API_GRID,669,,,,0.95,True,True,TIER2_OPENSOURCE_PURE;CONTINUOUS_MINUTE_STREAM;VERIFIED_MODEL_GRID,37d985535f8e020bd3e57ecfae4a337520e119cd8021a823d28e07fb7b2d9cfe,2026-09-17T11:08:00+00:00,2026-09-17 16:08:00,70.9,1004.3,78
15.6,23.0,44.2,1426.0,414.0,64.4,8.0,3.5,0.9,446.0,274.9,8.3,7.2,86.8,30.2,24.33,False,4095,0.0,2.4,442.7,EXT-OPEN-METEO-KHI,KARACHI,OPENSOURCE_API_GRID,670,,,,0.95,True,True,TIER2_OPENSOURCE_PURE;CONTINUOUS_MINUTE_STREAM;VERIFIED_MODEL_GRID,9137d0921928a8fb946766007fd0531fd9173fe4d28187eb3d565391efd041ed,2026-09-17T11:09:00+00:00,2026-09-17 16:09:00,70.9,1004.3,78
15.6,22.9,44.2,1419.8,412.2,64.1,8.0,3.5,0.9,446.0,275.1,8.4,7.2,86.5,30.2,24.33,False,4095,0.0,2.5,440.3,EXT-OPEN-METEO-KHI,KARACHI,OPENSOURCE_API_GRID,671,,,,0.95,True,True,TIER2_OPENSOURCE_PURE;CONTINUOUS_MINUTE_STREAM;VERIFIED_MODEL_GRID,6266b6eaa239a48925f9b5d975cf38992bb45b213f8246d5e054c5e00b6aa547,2026-09-17T11:10:00+00:00,2026-09-17 16:10:00,70.9,1004.3,78
15.6,22.9,44.1,1419.8,412.2,64.1,8.0,3.5,0.9,446.0,275.4,8.4,7.2,86.2,30.1,24.24,False,4095,0.0,2.6,437.7,EXT-OPEN-METEO-KHI,KARACHI,OPENSOURCE_API_GRID,672,,,,0.95,True,True,TIER2_OPENSOURCE_PURE;CONTINUOUS_MINUTE_STREAM;VERIFIED_MODEL_GRID,72a5aeb8afae019ae705a333ce1b6a9520fe763912fa00d9f854a0d9bbf92d2e,2026-09-17T11:11:00+00:00,2026-09-17 16:11:00,70.9,1004.3,78
15.6,22.9,44.1,1419.8,412.2,64.1,8.0,3.5,0.9,446.0,275.6,8.4,7.2,85.9,30.1,24.24,False,4095,0.0,2.8,434.9,EXT-OPEN-METEO-KHI,KARACHI,OPENSOURCE_API_GRID,673,,,,0.95,True,True,TIER2_OPENSOURCE_PURE;CONTINUOUS_MINUTE_STREAM;VERIFIED_MODEL_GRID,973fb82d8cb9bb554643c1dac0ad906f6c0a5fac965f051fe147f6051d365f9d,2026-09-17T11:12:00+00:00,2026-09-17 16:12:00,70.9,1004.3,78
15.6,22.9,44.1,1419.8,412.2,64.1,8.0,3.5,0.9,446.0,275.9,8.5,7.2,85.5,30.1,24.24,False,4095,0.0,2.9,431.9,EXT-OPEN-METEO-KHI,KARACHI,OPENSOURCE_API_GRID,674,,,,0.95,True,True,TIER2_OPENSOURCE_PURE;CONTINUOUS_MINUTE_STREAM;VERIFIED_MODEL_GRID,cf4f3d4945d5972aa2ffd3178697c48a41337167d6c73565b3986cc180ac3d86,2026-09-17T11:13:00+00:00,2026-09-17 16:13:00,70.9,1004.3,78
15.6,22.9,44.1,1419.8,412.2,64.1,8.0,3.5,0.9,446.0,276.2,8.5,7.1,85.2,30.1,24.24,False,4095,0.0,3.0,428.6,EXT-OPEN-METEO-KHI,KARACHI,OPENSOURCE_API_GRID,675,,,,0.95,True,True,TIER2_OPENSOURCE_PURE;CONTINUOUS_MINUTE_STREAM;VERIFIED_MODEL_GRID,4ee8d36f9bd00b2845f002868ecd8a7ee0e50fb61351dbecf49705f273580d82,2026-09-17T11:14:00+00:00,2026-09-17 16:14:00,70.9,1004.3,78
15.6,22.9,44.1,1419.8,412.2,64.1,8.0,3.5,0.9,446.0,276.5,8.5,7.1,84.8,30.1,24.24,False,4095,0.0,3.2,425.2,EXT-OPEN-METEO-KHI,KARACHI,OPENSOURCE_API_GRID,676,,,,0.95,True,True,TIER2_OPENSOURCE_PURE;CONTINUOUS_MINUTE_STREAM;VERIFIED_MODEL_GRID,1de29db9a3a847a73f49c1523c52923f28673b378e2e4f7abb7efc1cc24122c3,2026-09-17T11:15:00+00:00,2026-09-17 16:15:00,70.9,1004.3,78
15.6,22.9,44.1,1419.8,412.2,64.1,8.0,3.5,0.9,446.0,276.8,8.6,7.1,84.4,30.1,24.24,False,4095,0.0,3.3,421.6,EXT-OPEN-METEO-KHI,KARACHI,OPENSOURCE_API_GRID,677,,,,0.95,True,True,TIER2_OPENSOURCE_PURE;CONTINUOUS_MINUTE_STREAM;VERIFIED_MODEL_GRID,adafba057f616a81b44ef6b8a75777424e047ea027db092215a710506671f9e5,2026-09-17T11:16:00+00:00,2026-09-17 16:16:00,70.9,1004.3,78
15.6,22.9,44.1,1419.8,412.2,64.1,8.0,3.5,0.9,446.0,277.2,8.6,7.1,83.9,30.1,24.24,False,4095,0.0,3.5,417.8,EXT-OPEN-METEO-KHI,KARACHI,OPENSOURCE_API_GRID,678,,,,0.95,True,True,TIER2_OPENSOURCE_PURE;CONTINUOUS_MINUTE_STREAM;VERIFIED_MODEL_GRID,dccd33c97f5af48ecfb8471adb990c50725546623a279d900930924d5ebf87da,2026-09-17T11:17:00+00:00,2026-09-17 16:17:00,70.9,1004.3,78
15.6,22.9,44.2,1419.8,412.2,64.1,8.0,3.5,0.9,446.0,277.5,8.7,7.1,83.5,30.1,24.26,False,4095,0.0,3.6,413.9,EXT-OPEN-METEO-KHI,KARACHI,OPENSOURCE_API_GRID,679,,,,0.95,True,True,TIER2_OPENSOURCE_PURE;CONTINUOUS_MINUTE_STREAM;VERIFIED_MODEL_GRID,9db6d73c043db6d65b0c1d8cc91dcfd7d28a397a1a9da9998abe92dce4751bb9,2026-09-17T11:18:00+00:00,2026-09-17 16:18:00,71.0,1004.3,78
15.6,22.9,44.2,1419.8,412.2,64.1,8.0,3.5,0.9,446.0,277.9,8.7,7.1,83.0,30.1,24.26,False,4095,0.0,3.8,409.8,EXT-OPEN-METEO-KHI,KARACHI,OPENSOURCE_API_GRID,680,,,,0.95,True,True,TIER2_OPENSOURCE_PURE;CONTINUOUS_MINUTE_STREAM;VERIFIED_MODEL_GRID,67922628c0a4b0d0adfb6b06fa350f75766c288a2d47a97cafb18f0fffe68e6b,2026-09-17T11:19:00+00:00,2026-09-17 16:19:00,71.0,1004.3,78
15.6,23.0,44.2,1426.0,414.0,64.4,8.0,3.5,0.9,446.0,278.2,8.8,7.1,82.5,30.1,24.26,False,4095,0.0,4.0,405.6,EXT-OPEN-METEO-KHI,KARACHI,OPENSOURCE_API_GRID,681,,,,0.95,True,True,TIER2_OPENSOURCE_PURE;CONTINUOUS_MINUTE_STREAM;VERIFIED_MODEL_GRID,1a3242c2eb0dd89f29448df0d27a049b8fe1f53629c016361e017c11325e4308,2026-09-17T11:20:00+00:00,2026-09-17 16:20:00,71.0,1004.3,78
15.6,23.0,44.3,1426.0,414.0,64.4,8.0,3.5,0.9,446.0,278.6,8.8,7.1,82.0,30.1,24.26,False,4095,0.0,4.2,401.2,EXT-OPEN-METEO-KHI,KARACHI,OPENSOURCE_API_GRID,682,,,,0.95,True,True,TIER2_OPENSOURCE_PURE;CONTINUOUS_MINUTE_STREAM;VERIFIED_MODEL_GRID,bd222cee469f1b98d0d19957be96c24dc5d86dfb96debc8f70c8680bfb5b8039,2026-09-17T11:21:00+00:00,2026-09-17 16:21:00,71.0,1004.3,78
15.6,22.9,44.1,1419.8,412.2,64.1,8.0,3.5,0.9,446.0,279.0,8.9,7.1,81.5,30.1,24.31,False,4095,0.0,4.4,396.7,EXT-OPEN-METEO-KHI,KARACHI,OPENSOURCE_API_GRID,683,,,,0.95,True,True,TIER2_OPENSOURCE_PURE;CONTINUOUS_MINUTE_STREAM;VERIFIED_MODEL_GRID,cc572ef220eade022beefae5e207ed75e94e66f6c9539d45e66a5f8372b874ca,2026-09-17T11:22:00+00:00,2026-09-17 16:22:00,71.2,1004.3,78
15.6,22.9,44.2,1419.8,412.2,64.1,8.0,3.5,0.9,446.0,279.5,8.9,7.1,80.9,30.1,24.29,False,4095,0.0,4.6,392.1,EXT-OPEN-METEO-KHI,KARACHI,OPENSOURCE_API_GRID,684,,,,0.95,True,True,TIER2_OPENSOURCE_PURE;CONTINUOUS_MINUTE_STREAM;VERIFIED_MODEL_GRID,65c12e75e79034f43619717f00f03032a80bbe36e99cd1840e35e5fe924dd524,2026-09-17T11:23:00+00:00,2026-09-17 16:23:00,71.1,1004.3,78
15.6,22.9,44.2,1419.8,412.2,64.1,8.0,3.5,0.9,446.0,279.9,9.0,7.1,80.4,30.2,24.38,False,4095,0.0,4.8,387.5,EXT-OPEN-METEO-KHI,KARACHI,OPENSOURCE_API_GRID,685,,,,0.95,True,True,TIER2_OPENSOURCE_PURE;CONTINUOUS_MINUTE_STREAM;VERIFIED_MODEL_GRID,6b03a816318c26552c4a564d5971f4db1854f35851ef5ec23d9cc69f625edea0,2026-09-17T11:24:00+00:00,2026-09-17 16:24:00,71.1,1004.3,78
15.6,22.9,44.2,1419.8,412.2,64.1,8.0,3.5,0.9,446.0,280.3,9.1,7.1,79.8,30.2,24.38,False,4095,0.0,5.0,382.7,EXT-OPEN-METEO-KHI,KARACHI,OPENSOURCE_API_GRID,686,,,,0.95,True,True,TIER2_OPENSOURCE_PURE;CONTINUOUS_MINUTE_STREAM;VERIFIED_MODEL_GRID,9563a2c02e89d364ddaefe7cacd0697d9a42f0dff68a16f7c08174f8c2cd1233,2026-09-17T11:25:00+00:00,2026-09-17 16:25:00,71.1,1004.3,78
15.6,22.9,44.3,1419.8,412.2,64.1,8.0,3.5,0.9,446.0,280.7,9.1,7.0,79.3,30.2,24.38,False,4095,0.0,5.2,377.9,EXT-OPEN-METEO-KHI,KARACHI,OPENSOURCE_API_GRID,687,,,,0.95,True,True,TIER2_OPENSOURCE_PURE;CONTINUOUS_MINUTE_STREAM;VERIFIED_MODEL_GRID,f9d91c50cb8811e75cb79c314ace639e537b3aee2d733ebc751c6e7363985449,2026-09-17T11:26:00+00:00,2026-09-17 16:26:00,71.1,1004.3,78
15.6,22.9,44.3,1419.8,412.2,64.1,8.0,3.5,0.9,446.0,281.2,9.2,7.0,78.7,30.2,24.38,False,4095,0.0,5.4,373.0,EXT-OPEN-METEO-KHI,KARACHI,OPENSOURCE_API_GRID,688,,,,0.95,True,True,TIER2_OPENSOURCE_PURE;CONTINUOUS_MINUTE_STREAM;VERIFIED_MODEL_GRID,7b32b9c3f1b8687b7a079078711fce6c3d412e99b746e8391614c5af6b34df27,2026-09-17T11:27:00+00:00,2026-09-17 16:27:00,71.1,1004.3,78
15.6,22.9,44.3,1419.8,412.2,64.1,8.0,3.5,0.9,446.0,281.6,9.2,7.0,78.1,30.2,24.38,False,4095,0.0,5.6,368.1,EXT-OPEN-METEO-KHI,KARACHI,OPENSOURCE_API_GRID,689,,,,0.95,True,True,TIER2_OPENSOURCE_PURE;CONTINUOUS_MINUTE_STREAM;VERIFIED_MODEL_GRID,d4f8e31951288f177483fd3c3aed8f1e043bf88db73c8e82cabf3563e7a5ff73,2026-09-17T11:28:00+00:00,2026-09-17 16:28:00,71.1,1004.3,78
15.6,22.9,44.2,1419.8,412.2,64.1,8.0,3.5,0.9,446.0,282.1,9.3,7.0,77.6,30.2,24.38,False,4095,0.0,5.8,363.1,EXT-OPEN-METEO-KHI,KARACHI,OPENSOURCE_API_GRID,690,,,,0.95,True,True,TIER2_OPENSOURCE_PURE;CONTINUOUS_MINUTE_STREAM;VERIFIED_MODEL_GRID,68cfc6065242c5afbf26858c18afba67e50a1a6d56befa807c420f145ed18618,2026-09-17T11:29:00+00:00,2026-09-17 16:29:00,71.1,1004.3,78
15.5,22.8,44.2,1413.6,410.4,63.8,8.0,3.5,0.9,446.0,282.5,9.3,7.0,77.0,30.1,24.26,False,4095,0.0,6.0,358.1,EXT-OPEN-METEO-KHI,KARACHI,OPENSOURCE_API_GRID,691,,,,0.95,True,True,TIER2_OPENSOURCE_PURE;CONTINUOUS_MINUTE_STREAM;VERIFIED_MODEL_GRID,c1ef5040b2ba161b5b6bc3feed712bf96406fc9777c5ff5aa137c301f7d5cace,2026-09-17T11:30:00+00:00,2026-09-17 16:30:00,71.0,1004.3,78
15.5,22.8,44.1,1413.6,410.4,63.8,8.0,3.5,0.9,446.0,282.9,9.4,7.0,76.4,30.1,24.26,False,4095,0.0,6.2,353.2,EXT-OPEN-METEO-KHI,KARACHI,OPENSOURCE_API_GRID,692,,,,0.95,True,True,TIER2_OPENSOURCE_PURE;CONTINUOUS_MINUTE_STREAM;VERIFIED_MODEL_GRID,3588dd8567eb5f8833ecf7659cf7cd483776f16f184667337ee69cd1cda20476,2026-09-17T11:31:00+00:00,2026-09-17 16:31:00,71.0,1004.3,78
15.5,22.8,44.1,1413.6,410.4,63.8,8.0,3.5,0.9,446.0,283.4,9.5,7.0,75.9,30.1,24.26,False,4095,0.0,6.4,348.2,EXT-OPEN-METEO-KHI,KARACHI,OPENSOURCE_API_GRID,693,,,,0.95,True,True,TIER2_OPENSOURCE_PURE;CONTINUOUS_MINUTE_STREAM;VERIFIED_MODEL_GRID,275c1eb583cca3821e4d60ad946887e3bd256c397f3c5941b21164a09376ac8b,2026-09-17T11:32:00+00:00,2026-09-17 16:32:00,71.0,1004.3,78
15.4,22.7,44.0,1407.4,408.6,63.6,7.9,3.5,0.9,446.0,283.8,9.5,7.0,75.3,30.1,24.26,False,4095,0.0,6.6,343.3,EXT-OPEN-METEO-KHI,KARACHI,OPENSOURCE_API_GRID,694,,,,0.95,True,True,TIER2_OPENSOURCE_PURE;CONTINUOUS_MINUTE_STREAM;VERIFIED_MODEL_GRID,4bc77ba8d79936827e71014a621be391dc0c9683715b4d8229ef2156d1c6ce83,2026-09-17T11:33:00+00:00,2026-09-17 16:33:00,71.0,1004.3,78
15.4,22.6,43.9,1401.2,406.8,63.3,7.9,3.5,0.9,446.0,284.3,9.6,7.0,74.7,30.1,24.24,False,4095,0.0,6.8,338.4,EXT-OPEN-METEO-KHI,KARACHI,OPENSOURCE_API_GRID,695,,,,0.95,True,True,TIER2_OPENSOURCE_PURE;CONTINUOUS_MINUTE_STREAM;VERIFIED_MODEL_GRID,eae65fef59289196e06acf0434e76adb2601d8f890474430e409a21664e16757,2026-09-17T11:34:00+00:00,2026-09-17 16:34:00,70.9,1004.3,78
15.4,22.6,43.8,1401.2,406.8,63.3,7.9,3.5,0.9,446.0,284.7,9.6,6.9,74.2,30.1,24.24,False,4095,0.0,7.0,333.6,EXT-OPEN-METEO-KHI,KARACHI,OPENSOURCE_API_GRID,696,,,,0.95,True,True,TIER2_OPENSOURCE_PURE;CONTINUOUS_MINUTE_STREAM;VERIFIED_MODEL_GRID,9c35cd7c5ab5e3b381eca65d293a23e3ee31e6e7bd50148fa9d981409ba26b12,2026-09-17T11:35:00+00:00,2026-09-17 16:35:00,70.9,1004.3,78
15.3,22.5,43.7,1395.0,405.0,63.0,7.9,3.5,0.9,446.0,285.1,9.7,6.9,73.6,30.1,24.24,False,4095,0.0,7.2,328.8,EXT-OPEN-METEO-KHI,KARACHI,OPENSOURCE_API_GRID,697,,,,0.95,True,True,TIER2_OPENSOURCE_PURE;CONTINUOUS_MINUTE_STREAM;VERIFIED_MODEL_GRID,5a1eae1efd849d640ce9c06285ac759ca04534bd2da0900b4574fcfbf172aff0,2026-09-17T11:36:00+00:00,2026-09-17 16:36:00,70.9,1004.3,78
15.2,22.4,43.6,1388.8,403.2,62.7,7.8,3.5,0.9,446.0,285.5,9.8,6.9,73.1,30.1,24.24,False,4095,0.0,7.4,324.2,EXT-OPEN-METEO-KHI,KARACHI,OPENSOURCE_API_GRID,698,,,,0.95,True,True,TIER2_OPENSOURCE_PURE;CONTINUOUS_MINUTE_STREAM;VERIFIED_MODEL_GRID,be92a2a1a35a74898edbc9acf4665bc8dfd800657b9722d4cbe568192b739a08,2026-09-17T11:37:00+00:00,2026-09-17 16:37:00,70.9,1004.3,78
15.2,22.3,43.5,1382.6,401.4,62.4,7.8,3.5,0.9,446.0,286.0,9.8,6.9,72.5,30.1,24.24,False,4095,0.0,7.6,319.6,EXT-OPEN-METEO-KHI,KARACHI,OPENSOURCE_API_GRID,699,,,,0.95,True,True,TIER2_OPENSOURCE_PURE;CONTINUOUS_MINUTE_STREAM;VERIFIED_MODEL_GRID,22f838ca9b3e9a0bc47f72e3bc2f397791cf7728ae866809c0e4689791775fc6,2026-09-17T11:38:00+00:00,2026-09-17 16:38:00,70.9,1004.3,78
15.2,22.3,43.4,1382.6,401.4,62.4,7.8,3.5,0.9,446.0,286.4,9.9,6.9,72.0,30.0,24.14,False,4095,0.0,7.8,315.1,EXT-OPEN-METEO-KHI,KARACHI,OPENSOURCE_API_GRID,700,,,,0.95,True,True,TIER2_OPENSOURCE_PURE;CONTINUOUS_MINUTE_STREAM;VERIFIED_MODEL_GRID,e106124b0670dd96ae4c0fbcadf6696ea408b014c8d080d25f87a5b48849f688,2026-09-17T11:39:00+00:00,2026-09-17 16:39:00,70.9,1004.3,78
15.1,22.2,43.4,1376.4,399.6,62.2,7.8,3.5,0.9,446.0,286.8,9.9,6.9,71.5,30.0,24.14,False,4095,0.0,8.0,310.7,EXT-OPEN-METEO-KHI,KARACHI,OPENSOURCE_API_GRID,701,,,,0.95,True,True,TIER2_OPENSOURCE_PURE;CONTINUOUS_MINUTE_STREAM;VERIFIED_MODEL_GRID,fe92874db01a3893b87ea959c65e060206fa021232b0a308ba5fc8223007105f,2026-09-17T11:40:00+00:00,2026-09-17 16:40:00,70.9,1004.3,78
15.1,22.2,43.3,1376.4,399.6,62.2,7.8,3.5,0.9,446.0,287.1,10.0,6.9,71.0,30.0,24.14,False,4095,0.0,8.2,306.5,EXT-OPEN-METEO-KHI,KARACHI,OPENSOURCE_API_GRID,702,,,,0.95,True,True,TIER2_OPENSOURCE_PURE;CONTINUOUS_MINUTE_STREAM;VERIFIED_MODEL_GRID,80ec3ca63e830116d679a833d363f7f69ab562ca395951ddc6ca561eac20ab32,2026-09-17T11:41:00+00:00,2026-09-17 16:41:00,70.9,1004.3,78
15.0,22.1,43.3,1370.2,397.8,61.9,7.7,3.5,0.9,446.0,287.5,10.0,6.9,70.5,30.0,24.14,False,4095,0.0,8.4,302.4,EXT-OPEN-METEO-KHI,KARACHI,OPENSOURCE_API_GRID,703,,,,0.95,True,True,TIER2_OPENSOURCE_PURE;CONTINUOUS_MINUTE_STREAM;VERIFIED_MODEL_GRID,9cf2efd26d1685428ba13b831a8bae0798d153dc1114649d0a020905a46f8606,2026-09-17T11:42:00+00:00,2026-09-17 16:42:00,70.9,1004.3,78
15.0,22.1,43.2,1370.2,397.8,61.9,7.7,3.5,0.9,446.0,287.8,10.1,6.9,70.1,30.0,24.14,False,4095,0.0,8.5,298.5,EXT-OPEN-METEO-KHI,KARACHI,OPENSOURCE_API_GRID,704,,,,0.95,True,True,TIER2_OPENSOURCE_PURE;CONTINUOUS_MINUTE_STREAM;VERIFIED_MODEL_GRID,fc122443a38a804824d3bb83b6c6055bfff273ba492b3e266f31f3fa9305483b,2026-09-17T11:43:00+00:00,2026-09-17 16:43:00,70.9,1004.3,78
15.0,22.1,43.2,1370.2,397.8,61.9,7.7,3.5,0.9,446.0,288.2,10.1,6.9,69.6,30.0,24.14,False,4095,0.0,8.7,294.7,EXT-OPEN-METEO-KHI,KARACHI,OPENSOURCE_API_GRID,705,,,,0.95,True,True,TIER2_OPENSOURCE_PURE;CONTINUOUS_MINUTE_STREAM;VERIFIED_MODEL_GRID,9fd2ae81eae90d995d3082a81a3140bfbfb66540205eb38e18fba1f8c69631aa,2026-09-17T11:44:00+00:00,2026-09-17 16:44:00,70.9,1004.3,78
15.0,22.1,43.2,1370.2,397.8,61.9,7.7,3.5,0.9,446.0,288.5,10.2,6.9,69.2,30.0,24.14,False,4095,0.0,8.8,291.1,EXT-OPEN-METEO-KHI,KARACHI,OPENSOURCE_API_GRID,706,,,,0.95,True,True,TIER2_OPENSOURCE_PURE;CONTINUOUS_MINUTE_STREAM;VERIFIED_MODEL_GRID,5d11c3430418abb70ceed72fb9477fe52d3442d8354ea21a1be16af417e0fdef,2026-09-17T11:45:00+00:00,2026-09-17 16:45:00,70.9,1004.3,78
15.0,22.1,43.2,1370.2,397.8,61.9,7.7,3.5,0.9,446.0,288.8,10.2,6.9,68.8,30.0,24.14,False,4095,0.0,9.0,287.7,EXT-OPEN-METEO-KHI,KARACHI,OPENSOURCE_API_GRID,707,,,,0.95,True,True,TIER2_OPENSOURCE_PURE;CONTINUOUS_MINUTE_STREAM;VERIFIED_MODEL_GRID,e4f2e8daadd3c0900bc46049687871b2a8406576559651e930dc03010f677638,2026-09-17T11:46:00+00:00,2026-09-17 16:46:00,70.9,1004.3,78
15.0,22.1,43.2,1370.2,397.8,61.9,7.7,3.5,0.9,446.0,289.1,10.2,6.8,68.5,30.0,24.14,False,4095,0.0,9.1,284.4,EXT-OPEN-METEO-KHI,KARACHI,OPENSOURCE_API_GRID,708,,,,0.95,True,True,TIER2_OPENSOURCE_PURE;CONTINUOUS_MINUTE_STREAM;VERIFIED_MODEL_GRID,baff6eb421e3a29c70f49c360986b74a632b9ae1c791c36ded12bbe131d4795d,2026-09-17T11:47:00+00:00,2026-09-17 16:47:00,70.9,1004.3,78
15.0,22.1,43.3,1370.2,397.8,61.9,7.7,3.5,0.9,446.0,289.4,10.3,6.8,68.1,30.0,24.14,False,4095,0.0,9.2,281.4,EXT-OPEN-METEO-KHI,KARACHI,OPENSOURCE_API_GRID,709,,,,0.95,True,True,TIER2_OPENSOURCE_PURE;CONTINUOUS_MINUTE_STREAM;VERIFIED_MODEL_GRID,5aad2e628b150630b04d79729a7c9e22482f60dcdb48bf8dab0ec4d0a45507a2,2026-09-17T11:48:00+00:00,2026-09-17 16:48:00,70.9,1004.3,78
15.0,22.1,43.3,1370.2,397.8,61.9,7.7,3.5,0.9,446.0,289.6,10.3,6.8,67.8,30.0,24.17,False,4095,0.0,9.4,278.6,EXT-OPEN-METEO-KHI,KARACHI,OPENSOURCE_API_GRID,710,,,,0.95,True,True,TIER2_OPENSOURCE_PURE;CONTINUOUS_MINUTE_STREAM;VERIFIED_MODEL_GRID,5dcd3d533d97e0351caf7c48cdc4ae88f950f11b97f09de1ad792ea28bd8239c,2026-09-17T11:49:00+00:00,2026-09-17 16:49:00,71.0,1004.3,78
15.1,22.2,43.4,1376.4,399.6,62.2,7.8,3.5,0.9,446.0,289.9,10.3,6.8,67.5,30.0,24.17,False,4095,0.0,9.5,276.0,EXT-OPEN-METEO-KHI,KARACHI,OPENSOURCE_API_GRID,711,,,,0.95,True,True,TIER2_OPENSOURCE_PURE;CONTINUOUS_MINUTE_STREAM;VERIFIED_MODEL_GRID,a78b91a00449aad0ee30a36d746e14213ffb24f63a8a0d292a9c6ea2dc301b5e,2026-09-17T11:50:00+00:00,2026-09-17 16:50:00,71.0,1004.3,78
15.1,22.2,43.4,1376.4,399.6,62.2,7.8,3.5,0.9,446.0,290.1,10.4,6.8,67.2,30.0,24.17,False,4095,0.0,9.6,273.6,EXT-OPEN-METEO-KHI,KARACHI,OPENSOURCE_API_GRID,712,,,,0.95,True,True,TIER2_OPENSOURCE_PURE;CONTINUOUS_MINUTE_STREAM;VERIFIED_MODEL_GRID,dd85202942dd393ae6024dfdd1da471c20c78e8034c8edba8b894b783ee9c70d,2026-09-17T11:51:00+00:00,2026-09-17 16:51:00,71.0,1004.3,78
15.1,22.2,43.5,1376.4,399.6,62.2,7.8,3.5,0.9,446.0,290.3,10.4,6.8,67.0,30.0,24.17,False,4095,0.0,9.7,271.5,EXT-OPEN-METEO-KHI,KARACHI,OPENSOURCE_API_GRID,713,,,,0.95,True,True,TIER2_OPENSOURCE_PURE;CONTINUOUS_MINUTE_STREAM;VERIFIED_MODEL_GRID,82284a37f77bc7662f45d6a5190508289dd34058a5556a82107ec61537410f5c,2026-09-17T11:52:00+00:00,2026-09-17 16:52:00,71.0,1004.3,78
15.0,22.1,43.3,1370.2,397.8,61.9,7.7,3.5,0.9,446.0,290.4,10.4,6.8,66.7,30.0,24.21,False,4095,0.0,9.7,269.6,EXT-OPEN-METEO-KHI,KARACHI,OPENSOURCE_API_GRID,714,,,,0.95,True,True,TIER2_OPENSOURCE_PURE;CONTINUOUS_MINUTE_STREAM;VERIFIED_MODEL_GRID,c13efc169adb336eae611d94556f9ebc3c65f57940a50ad58149a37d06d3a51d,2026-09-17T11:53:00+00:00,2026-09-17 16:53:00,71.2,1004.3,78
15.1,22.2,43.4,1376.4,399.6,62.2,7.8,3.5,0.9,446.0,290.6,10.4,6.8,66.5,30.0,24.19,False,4095,0.0,9.8,267.9,EXT-OPEN-METEO-KHI,KARACHI,OPENSOURCE_API_GRID,715,,,,0.95,True,True,TIER2_OPENSOURCE_PURE;CONTINUOUS_MINUTE_STREAM;VERIFIED_MODEL_GRID,ca361714cbf04817117b0806c761baf31be07427fb12de1e59995d0efe9480cf,2026-09-17T11:54:00+00:00,2026-09-17 16:54:00,71.1,1004.3,78
15.1,22.2,43.4,1376.4,399.6,62.2,7.8,3.5,0.9,446.0,290.7,10.5,6.8,66.4,30.0,24.19,False,4095,0.0,9.9,266.5,EXT-OPEN-METEO-KHI,KARACHI,OPENSOURCE_API_GRID,716,,,,0.95,True,True,TIER2_OPENSOURCE_PURE;CONTINUOUS_MINUTE_STREAM;VERIFIED_MODEL_GRID,1523e5b32e1c54840397386ce8d484753deecd08229232223418a4719be4f035,2026-09-17T11:55:00+00:00,2026-09-17 16:55:00,71.1,1004.3,78
15.1,22.2,43.5,1376.4,399.6,62.2,7.8,3.5,0.9,446.0,290.8,10.5,6.8,66.2,30.0,24.19,False,4095,0.0,9.9,265.4,EXT-OPEN-METEO-KHI,KARACHI,OPENSOURCE_API_GRID,717,,,,0.95,True,True,TIER2_OPENSOURCE_PURE;CONTINUOUS_MINUTE_STREAM;VERIFIED_MODEL_GRID,591911fb3d834afe693b6bec2fcf821e77761b9e31271e193fe5926c5b336745,2026-09-17T11:56:00+00:00,2026-09-17 16:56:00,71.1,1004.3,78
15.2,22.3,43.5,1382.6,401.4,62.4,7.8,3.5,0.9,446.0,290.9,10.5,6.8,66.1,30.0,24.19,False,4095,0.0,10.0,264.5,EXT-OPEN-METEO-KHI,KARACHI,OPENSOURCE_API_GRID,718,,,,0.95,True,True,TIER2_OPENSOURCE_PURE;CONTINUOUS_MINUTE_STREAM;VERIFIED_MODEL_GRID,f6939f2f88c55c61c3e753eed8bc21aae7174e6596a021ad23a8ab3545bc8f0b,2026-09-17T11:57:00+00:00,2026-09-17 16:57:00,71.1,1004.3,78
15.2,22.3,43.6,1382.6,401.4,62.4,7.8,3.5,0.9,446.0,291.0,10.5,6.8,66.1,30.0,24.19,False,4095,0.0,10.0,263.8,EXT-OPEN-METEO-KHI,KARACHI,OPENSOURCE_API_GRID,719,,,,0.95,True,True,TIER2_OPENSOURCE_PURE;CONTINUOUS_MINUTE_STREAM;VERIFIED_MODEL_GRID,47f4c523636abf96dd62157eb860b451daa3980285eb82d185cf46903ef575f3,2026-09-17T11:58:00+00:00,2026-09-17 16:58:00,71.1,1004.3,78
15.2,22.3,43.6,1382.6,401.4,62.4,7.8,3.5,0.9,446.0,291.0,10.5,6.8,66.0,30.0,24.19,False,4095,0.0,10.0,263.4,EXT-OPEN-METEO-KHI,KARACHI,OPENSOURCE_API_GRID,720,,,,0.95,True,True,TIER2_OPENSOURCE_PURE;CONTINUOUS_MINUTE_STREAM;VERIFIED_MODEL_GRID,e157693f3b1d348f35f6b53169779542820fb3872c90d273fd343ebe5ee0cd30,2026-09-17T11:59:00+00:00,2026-09-17 16:59:00,71.1,1004.3,78
15.2,22.3,43.6,1382.6,401.4,62.4,7.8,3.5,0.9,446.0,291.0,10.5,6.8,66.0,30.0,24.19,False,4095,0.0,10.0,263.3,EXT-OPEN-METEO-KHI,KARACHI,OPENSOURCE_API_GRID,721,,,,0.95,True,False,TIER2_OPENSOURCE_PURE;HOURLY_NODE;VERIFIED_MODEL_GRID,3f7c97eea250735b29066a3f4a81ad645620206c4bd77c0c2d0463299936fdd8,2026-09-17T12:00:00+00:00,2026-09-17 17:00:00,71.1,1004.3,77
15.2,22.3,43.6,1382.6,401.4,62.4,7.8,3.5,0.9,446.0,291.0,10.5,6.8,66.0,30.0,24.17,False,4095,0.0,10.0,263.2,EXT-OPEN-METEO-KHI,KARACHI,OPENSOURCE_API_GRID,722,,,,0.95,True,True,TIER2_OPENSOURCE_PURE;CONTINUOUS_MINUTE_STREAM;VERIFIED_MODEL_GRID,68ef3541cf939888b989370190a195ff95cbf9c23a47ef069a6aad9e27f978ce,2026-09-17T12:01:00+00:00,2026-09-17 17:01:00,71.0,1004.3,77
15.2,22.3,43.6,1382.6,401.4,62.4,7.8,3.5,0.9,446.0,291.0,10.5,6.8,66.0,30.0,24.17,False,4095,0.0,10.0,262.8,EXT-OPEN-METEO-KHI,KARACHI,OPENSOURCE_API_GRID,723,,,,0.95,True,True,TIER2_OPENSOURCE_PURE;CONTINUOUS_MINUTE_STREAM;VERIFIED_MODEL_GRID,96e22ff66639b160d2383ce493af934490515fa443b459b9431af851f17ab439,2026-09-17T12:02:00+00:00,2026-09-17 17:02:00,71.0,1004.3,77
15.2,22.3,43.5,1382.6,401.4,62.4,7.8,3.5,0.9,446.0,291.0,10.5,6.8,65.9,30.0,24.17,False,4095,0.0,10.0,262.1,EXT-OPEN-METEO-KHI,KARACHI,OPENSOURCE_API_GRID,724,,,,0.95,True,True,TIER2_OPENSOURCE_PURE;CONTINUOUS_MINUTE_STREAM;VERIFIED_MODEL_GRID,902c9bf7687306e2bb19ca7d667d2ee0af91f45d7efc4fc8092e02933a4ada5a,2026-09-17T12:03:00+00:00,2026-09-17 17:03:00,71.0,1004.3,77
15.1,22.2,43.5,1376.4,399.6,62.2,7.8,3.5,0.9,446.0,290.9,10.5,6.8,65.8,30.0,24.17,False,4095,0.0,10.0,261.2,EXT-OPEN-METEO-KHI,KARACHI,OPENSOURCE_API_GRID,725,,,,0.95,True,True,TIER2_OPENSOURCE_PURE;CONTINUOUS_MINUTE_STREAM;VERIFIED_MODEL_GRID,0beb6a939d5ca028d7e46937b5ebfc67f80bcd4d57a92ecdbd99735beb793f5c,2026-09-17T12:04:00+00:00,2026-09-17 17:04:00,71.0,1004.3,77
15.1,22.2,43.4,1376.4,399.6,62.2,7.8,3.5,0.9,446.0,290.9,10.5,6.8,65.8,30.0,24.19,False,4095,0.0,10.0,260.0,EXT-OPEN-METEO-KHI,KARACHI,OPENSOURCE_API_GRID,726,,,,0.95,True,True,TIER2_OPENSOURCE_PURE;CONTINUOUS_MINUTE_STREAM;VERIFIED_MODEL_GRID,74ca76d8bfb09e218b47541da9fdc0623c7fe4432f45fd54fb976468cb0740ad,2026-09-17T12:05:00+00:00,2026-09-17 17:05:00,71.1,1004.3,77
15.0,22.1,43.4,1370.2,397.8,61.9,7.7,3.5,0.9,446.0,290.8,10.6,6.8,65.7,30.0,24.19,False,4095,0.0,10.0,258.6,EXT-OPEN-METEO-KHI,KARACHI,OPENSOURCE_API_GRID,727,,,,0.95,True,True,TIER2_OPENSOURCE_PURE;CONTINUOUS_MINUTE_STREAM;VERIFIED_MODEL_GRID,7e23be0c54750c32a65a7aec21ad1ab7a064c0b9b51e999d2777738ff467fe4c,2026-09-17T12:06:00+00:00,2026-09-17 17:06:00,71.1,1004.3,77
15.0,22.1,43.3,1370.2,397.8,61.9,7.7,3.5,0.9,446.0,290.7,10.6,6.8,65.5,30.0,24.19,False,4095,0.0,10.0,256.9,EXT-OPEN-METEO-KHI,KARACHI,OPENSOURCE_API_GRID,728,,,,0.95,True,True,TIER2_OPENSOURCE_PURE;CONTINUOUS_MINUTE_STREAM;VERIFIED_MODEL_GRID,34639a0adeae8b0a9a8b8155abff5156c544a11b6cbbed5787ffa53763eb2ca6,2026-09-17T12:07:00+00:00,2026-09-17 17:07:00,71.1,1004.3,77
15.0,22.0,43.3,1364.0,396.0,61.6,7.7,3.5,0.9,446.0,290.7,10.6,6.8,65.4,30.0,24.21,False,4095,0.0,10.0,255.0,EXT-OPEN-METEO-KHI,KARACHI,OPENSOURCE_API_GRID,729,,,,0.95,True,True,TIER2_OPENSOURCE_PURE;CONTINUOUS_MINUTE_STREAM;VERIFIED_MODEL_GRID,709ccff603e0e024cce001d53f5fa96615c4d963aec38cae68f21f5f8fcf8794,2026-09-17T12:08:00+00:00,2026-09-17 17:08:00,71.2,1004.3,77
15.0,22.0,43.2,1364.0,396.0,61.6,7.7,3.5,0.9,446.0,290.6,10.6,6.8,65.2,29.9,24.12,False,4095,0.0,10.0,252.9,EXT-OPEN-METEO-KHI,KARACHI,OPENSOURCE_API_GRID,730,,,,0.95,True,True,TIER2_OPENSOURCE_PURE;CONTINUOUS_MINUTE_STREAM;VERIFIED_MODEL_GRID,fd3f6183328c7c8445eecfdab4206a1edae91b898603d68428be9ea96570861f,2026-09-17T12:09:00+00:00,2026-09-17 17:09:00,71.2,1004.3,77
15.0,22.0,43.1,1364.0,396.0,61.6,7.7,3.4,0.9,446.0,290.5,10.7,6.8,65.1,29.9,24.14,False,4095,0.0,10.0,250.5,EXT-OPEN-METEO-KHI,KARACHI,OPENSOURCE_API_GRID,731,,,,0.95,True,True,TIER2_OPENSOURCE_PURE;CONTINUOUS_MINUTE_STREAM;VERIFIED_MODEL_GRID,4152e5a23f9c9b4e696061024dd8db25d06673b9068b94dd5243eb2b04571bbc,2026-09-17T12:10:00+00:00,2026-09-17 17:10:00,71.3,1004.3,77
14.9,21.9,43.1,1357.8,394.2,61.3,7.7,3.4,0.9,446.0,290.4,10.7,6.8,64.9,29.9,24.16,False,4095,0.0,10.0,247.8,EXT-OPEN-METEO-KHI,KARACHI,OPENSOURCE_API_GRID,732,,,,0.95,True,True,TIER2_OPENSOURCE_PURE;CONTINUOUS_MINUTE_STREAM;VERIFIED_MODEL_GRID,48060c182a452ef7a39f0401b9c48580b4a41b2f529ba70735355e21a70ecc47,2026-09-17T12:11:00+00:00,2026-09-17 17:11:00,71.4,1004.3,77
14.9,21.9,43.1,1357.8,394.2,61.3,7.7,3.4,0.9,446.0,290.2,10.7,6.8,64.7,29.9,24.19,False,4095,0.0,10.0,245.0,EXT-OPEN-METEO-KHI,KARACHI,OPENSOURCE_API_GRID,733,,,,0.95,True,True,TIER2_OPENSOURCE_PURE;CONTINUOUS_MINUTE_STREAM;VERIFIED_MODEL_GRID,65df6408a05335fa6bc84c5fa62bbbf7a841fb197477a7891c9039033f132f40,2026-09-17T12:12:00+00:00,2026-09-17 17:12:00,71.5,1004.3,77
14.9,21.9,43.0,1357.8,394.2,61.3,7.7,3.4,0.9,446.0,290.1,10.8,6.8,64.4,29.8,24.12,False,4095,0.0,10.0,242.0,EXT-OPEN-METEO-KHI,KARACHI,OPENSOURCE_API_GRID,734,,,,0.95,True,True,TIER2_OPENSOURCE_PURE;CONTINUOUS_MINUTE_STREAM;VERIFIED_MODEL_GRID,23010a06ba8859d05d1633b45d7752cf8f9ec18c5ce7931671a2ee9061b2ac6a,2026-09-17T12:13:00+00:00,2026-09-17 17:13:00,71.6,1004.3,77
14.8,21.8,43.0,1351.6,392.4,61.0,7.6,3.4,0.9,446.0,290.0,10.8,6.8,64.2,29.8,24.16,False,4095,0.0,10.0,238.7,EXT-OPEN-METEO-KHI,KARACHI,OPENSOURCE_API_GRID,735,,,,0.95,True,True,TIER2_OPENSOURCE_PURE;CONTINUOUS_MINUTE_STREAM;VERIFIED_MODEL_GRID,bb3b570eba0db5fc07d1fa1c8745fef8f8e8eeef5d98efaa66b1b4d413fc2675,2026-09-17T12:14:00+00:00,2026-09-17 17:14:00,71.8,1004.3,77
14.8,21.8,43.0,1351.6,392.4,61.0,7.6,3.4,0.9,446.0,289.8,10.9,6.8,63.9,29.8,24.18,False,4095,0.0,10.0,235.2,EXT-OPEN-METEO-KHI,KARACHI,OPENSOURCE_API_GRID,736,,,,0.95,True,True,TIER2_OPENSOURCE_PURE;CONTINUOUS_MINUTE_STREAM;VERIFIED_MODEL_GRID,abb9be46e5bde7fe3e528f180fc1f204416ce578539b0c0b4d5cd45fd523d0e6,2026-09-17T12:15:00+00:00,2026-09-17 17:15:00,71.9,1004.3,77
14.8,21.8,43.1,1351.6,392.4,61.0,7.6,3.4,0.9,446.0,289.7,10.9,6.8,63.7,29.8,24.21,False,4095,0.0,10.0,231.6,EXT-OPEN-METEO-KHI,KARACHI,OPENSOURCE_API_GRID,737,,,,0.95,True,True,TIER2_OPENSOURCE_PURE;CONTINUOUS_MINUTE_STREAM;VERIFIED_MODEL_GRID,22c6df35d1fb6a3043029c808dce4ca7405ba116f62d8185771c8df622f623e4,2026-09-17T12:16:00+00:00,2026-09-17 17:16:00,72.0,1004.3,77
14.9,21.9,43.1,1357.8,394.2,61.3,7.7,3.4,0.9,446.0,289.5,10.9,6.8,63.4,29.7,24.16,False,4095,0.0,10.0,227.8,EXT-OPEN-METEO-KHI,KARACHI,OPENSOURCE_API_GRID,738,,,,0.95,True,True,TIER2_OPENSOURCE_PURE;CONTINUOUS_MINUTE_STREAM;VERIFIED_MODEL_GRID,1fb639446d184b2560ae31b348f118e9d86f5c1d06e4e92aaec6a9dd520697b2,2026-09-17T12:17:00+00:00,2026-09-17 17:17:00,72.2,1004.3,77
14.9,21.9,43.1,1357.8,394.2,61.3,7.7,3.4,0.9,446.0,289.4,11.0,6.8,63.1,29.7,24.2,False,4095,0.0,10.0,223.8,EXT-OPEN-METEO-KHI,KARACHI,OPENSOURCE_API_GRID,739,,,,0.95,True,True,TIER2_OPENSOURCE_PURE;CONTINUOUS_MINUTE_STREAM;VERIFIED_MODEL_GRID,8939c657f279d5137ce9ac4af41916ce8451b99e46c2049140aa76aec91a0ccb,2026-09-17T12:18:00+00:00,2026-09-17 17:18:00,72.4,1004.3,77
14.9,21.9,43.2,1357.8,394.2,61.3,7.7,3.5,0.9,446.0,289.2,11.0,6.8,62.8,29.7,24.23,False,4095,0.0,10.0,219.7,EXT-OPEN-METEO-KHI,KARACHI,OPENSOURCE_API_GRID,740,,,,0.95,True,True,TIER2_OPENSOURCE_PURE;CONTINUOUS_MINUTE_STREAM;VERIFIED_MODEL_GRID,d173317664135d2d79136075aa49d6ed011c949f0109d1be5282fa734a606e59,2026-09-17T12:19:00+00:00,2026-09-17 17:19:00,72.5,1004.3,77
14.9,21.9,43.3,1357.8,394.2,61.3,7.7,3.5,0.9,446.0,289.0,11.1,6.7,62.5,29.7,24.27,False,4095,0.0,10.0,215.4,EXT-OPEN-METEO-KHI,KARACHI,OPENSOURCE_API_GRID,741,,,,0.95,True,True,TIER2_OPENSOURCE_PURE;CONTINUOUS_MINUTE_STREAM;VERIFIED_MODEL_GRID,ca53f633daefd5240a9c0aac76462a731355dd0f6709a01b003003d57562dbf3,2026-09-17T12:20:00+00:00,2026-09-17 17:20:00,72.7,1004.3,77
15.0,22.0,43.3,1364.0,396.0,61.6,7.7,3.5,0.9,446.0,288.8,11.2,6.7,62.2,29.6,24.22,False,4095,0.0,10.0,211.0,EXT-OPEN-METEO-KHI,KARACHI,OPENSOURCE_API_GRID,742,,,,0.95,True,True,TIER2_OPENSOURCE_PURE;CONTINUOUS_MINUTE_STREAM;VERIFIED_MODEL_GRID,6c2a0c566dea29fcf2fcf99b0aa0ace7ab372d061a7a6b9f9962507a341e6ff9,2026-09-17T12:21:00+00:00,2026-09-17 17:21:00,72.9,1004.3,77
15.0,22.0,43.4,1364.0,396.0,61.6,7.7,3.5,0.9,446.0,288.6,11.2,6.7,61.8,29.6,24.27,False,4095,0.0,10.0,206.5,EXT-OPEN-METEO-KHI,KARACHI,OPENSOURCE_API_GRID,743,,,,0.95,True,True,TIER2_OPENSOURCE_PURE;CONTINUOUS_MINUTE_STREAM;VERIFIED_MODEL_GRID,cfaf9af1d4e3d88fd8fbd203a92e6916a98c95ab144f3308a7961a20031f7359,2026-09-17T12:22:00+00:00,2026-09-17 17:22:00,73.1,1004.3,77
15.0,22.0,43.5,1364.0,396.0,61.6,7.7,3.5,0.9,446.0,288.4,11.3,6.7,61.5,29.6,24.31,False,4095,0.0,10.0,201.8,EXT-OPEN-METEO-KHI,KARACHI,OPENSOURCE_API_GRID,744,,,,0.95,True,True,TIER2_OPENSOURCE_PURE;CONTINUOUS_MINUTE_STREAM;VERIFIED_MODEL_GRID,dd26976dab1c7b641659700ce1a10c661bfe1b5de80512b136c3ab244ce859fc,2026-09-17T12:23:00+00:00,2026-09-17 17:23:00,73.3,1004.3,77
15.0,22.0,43.4,1364.0,396.0,61.6,7.7,3.5,0.9,446.0,288.2,11.3,6.7,61.2,29.6,24.38,False,4095,0.0,10.0,197.1,EXT-OPEN-METEO-KHI,KARACHI,OPENSOURCE_API_GRID,745,,,,0.95,True,True,TIER2_OPENSOURCE_PURE;CONTINUOUS_MINUTE_STREAM;VERIFIED_MODEL_GRID,e7d410885a46a4e42d3bfd5cc01568bc5dc8420ddf4ae12a870a98c5cbbf8619,2026-09-17T12:24:00+00:00,2026-09-17 17:24:00,73.6,1004.3,77
15.0,22.0,43.4,1364.0,396.0,61.6,7.7,3.5,0.9,446.0,288.0,11.4,6.7,60.8,29.6,24.41,False,4095,0.0,10.0,192.3,EXT-OPEN-METEO-KHI,KARACHI,OPENSOURCE_API_GRID,746,,,,0.95,True,True,TIER2_OPENSOURCE_PURE;CONTINUOUS_MINUTE_STREAM;VERIFIED_MODEL_GRID,09fc194185f301cb05cedf6bed24e35d551b37708387d072e40d5316b8a7e593,2026-09-17T12:25:00+00:00,2026-09-17 17:25:00,73.7,1004.3,77
15.0,22.0,43.5,1364.0,396.0,61.6,7.7,3.5,0.9,446.0,287.8,11.5,6.7,60.5,29.5,24.35,False,4095,0.0,10.0,187.4,EXT-OPEN-METEO-KHI,KARACHI,OPENSOURCE_API_GRID,747,,,,0.95,True,True,TIER2_OPENSOURCE_PURE;CONTINUOUS_MINUTE_STREAM;VERIFIED_MODEL_GRID,a7ad2514390134abadbbafb50e20689a6853b954a7f4be85e0a49b37248aafec,2026-09-17T12:26:00+00:00,2026-09-17 17:26:00,73.9,1004.3,77
15.0,22.1,43.6,1370.2,397.8,61.9,7.7,3.5,0.9,446.0,287.6,11.5,6.7,60.1,29.5,24.4,False,4095,0.0,10.0,182.5,EXT-OPEN-METEO-KHI,KARACHI,OPENSOURCE_API_GRID,748,,,,0.95,True,True,TIER2_OPENSOURCE_PURE;CONTINUOUS_MINUTE_STREAM;VERIFIED_MODEL_GRID,d8c461883a36015256ceaeb2ed6dd041b1f7ac212adb620b8329105735726fda,2026-09-17T12:27:00+00:00,2026-09-17 17:27:00,74.1,1004.3,77
15.0,22.1,43.6,1370.2,397.8,61.9,7.7,3.5,0.9,446.0,287.4,11.6,6.7,59.7,29.5,24.44,False,4095,0.0,10.0,177.5,EXT-OPEN-METEO-KHI,KARACHI,OPENSOURCE_API_GRID,749,,,,0.95,True,True,TIER2_OPENSOURCE_PURE;CONTINUOUS_MINUTE_STREAM;VERIFIED_MODEL_GRID,e51d3eef79d5db28d2af008784a981cde21da74b7bfe070d37cdea0a1e88bce9,2026-09-17T12:28:00+00:00,2026-09-17 17:28:00,74.3,1004.4,77
15.0,22.1,43.7,1370.2,397.8,61.9,7.7,3.5,0.9,446.0,287.2,11.6,6.7,59.4,29.5,24.47,False,4095,0.0,10.0,172.5,EXT-OPEN-METEO-KHI,KARACHI,OPENSOURCE_API_GRID,750,,,,0.95,True,True,TIER2_OPENSOURCE_PURE;CONTINUOUS_MINUTE_STREAM;VERIFIED_MODEL_GRID,842f5273d31472c45f87eb17e97359ef687d81bb92a2e290ba3151e848f1d6ba,2026-09-17T12:29:00+00:00,2026-09-17 17:29:00,74.4,1004.4,77
15.0,22.1,43.7,1370.2,397.8,61.9,7.7,3.5,0.9,446.0,287.0,11.7,6.7,59.0,29.4,24.42,False,4095,0.0,10.0,167.5,EXT-OPEN-METEO-KHI,KARACHI,OPENSOURCE_API_GRID,751,,,,0.95,True,True,TIER2_OPENSOURCE_PURE;CONTINUOUS_MINUTE_STREAM;VERIFIED_MODEL_GRID,af698735f60356c4b1956fda254b26e0be2051c5d9d133cd6b763e530e0fa29c,2026-09-17T12:30:00+00:00,2026-09-17 17:30:00,74.6,1004.4,77
15.0,22.1,43.7,1370.2,397.8,61.9,7.7,3.5,0.9,446.0,286.8,11.8,6.7,58.6,29.4,24.44,False,4095,0.0,10.0,162.5,EXT-OPEN-METEO-KHI,KARACHI,OPENSOURCE_API_GRID,752,,,,0.95,True,True,TIER2_OPENSOURCE_PURE;CONTINUOUS_MINUTE_STREAM;VERIFIED_MODEL_GRID,cbb17aca7f8cbcd1e0080fc198817cceca5e93a64acc4bc5ed665109156faadb,2026-09-17T12:31:00+00:00,2026-09-17 17:31:00,74.7,1004.4,77
15.0,22.1,43.7,1370.2,397.8,61.9,7.7,3.5,0.9,446.0,286.6,11.8,6.7,58.3,29.4,24.48,False,4095,0.0,10.0,157.5,EXT-OPEN-METEO-KHI,KARACHI,OPENSOURCE_API_GRID,753,,,,0.95,True,True,TIER2_OPENSOURCE_PURE;CONTINUOUS_MINUTE_STREAM;VERIFIED_MODEL_GRID,bd23bac0c5e15c97dabdf482fa6cf09f2d93105567f62d8970e4d445c506ff10,2026-09-17T12:32:00+00:00,2026-09-17 17:32:00,74.9,1004.4,77
15.0,22.1,43.7,1370.2,397.8,61.9,7.7,3.5,0.9,446.0,286.4,11.9,6.7,57.9,29.4,24.53,False,4095,0.0,10.0,152.5,EXT-OPEN-METEO-KHI,KARACHI,OPENSOURCE_API_GRID,754,,,,0.95,True,True,TIER2_OPENSOURCE_PURE;CONTINUOUS_MINUTE_STREAM;VERIFIED_MODEL_GRID,436418797eb5ba3340f7294127b65faf441145d5dcb241b10d482b6c13aa51f3,2026-09-17T12:33:00+00:00,2026-09-17 17:33:00,75.1,1004.4,77
15.0,22.0,43.7,1364.0,396.0,61.6,7.7,3.5,0.9,446.0,286.2,11.9,6.7,57.5,29.3,24.45,False,4095,0.0,10.0,147.6,EXT-OPEN-METEO-KHI,KARACHI,OPENSOURCE_API_GRID,755,,,,0.95,True,True,TIER2_OPENSOURCE_PURE;CONTINUOUS_MINUTE_STREAM;VERIFIED_MODEL_GRID,cdbcccac1ac64662286d62c5ac03b62cb00f594b30c7be99cf97bcc0d83b915e,2026-09-17T12:34:00+00:00,2026-09-17 17:34:00,75.2,1004.4,77
15.0,22.0,43.6,1364.0,396.0,61.6,7.7,3.5,0.9,446.0,286.0,12.0,6.7,57.2,29.3,24.5,False,4095,0.0,10.0,142.7,EXT-OPEN-METEO-KHI,KARACHI,OPENSOURCE_API_GRID,756,,,,0.95,True,True,TIER2_OPENSOURCE_PURE;CONTINUOUS_MINUTE_STREAM;VERIFIED_MODEL_GRID,fcf6ac6a9692a5a56a3e7e2bac7ed967e4b8ef87c3c21017cedd8a2601d64dda,2026-09-17T12:35:00+00:00,2026-09-17 17:35:00,75.4,1004.4,77
14.9,21.9,43.6,1357.8,394.2,61.3,7.7,3.5,0.9,446.0,285.8,12.1,6.7,56.8,29.2,24.42,False,4095,0.0,10.0,137.9,EXT-OPEN-METEO-KHI,KARACHI,OPENSOURCE_API_GRID,757,,,,0.95,True,True,TIER2_OPENSOURCE_PURE;CONTINUOUS_MINUTE_STREAM;VERIFIED_MODEL_GRID,be7992af266014470ff9bc1c75ec6a229a91645c3d616f60dd13e554a5c5abbc,2026-09-17T12:36:00+00:00,2026-09-17 17:36:00,75.5,1004.4,77
14.9,21.9,43.5,1357.8,394.2,61.3,7.7,3.5,0.9,446.0,285.6,12.1,6.7,56.5,29.2,24.47,False,4095,0.0,10.0,133.2,EXT-OPEN-METEO-KHI,KARACHI,OPENSOURCE_API_GRID,758,,,,0.95,True,True,TIER2_OPENSOURCE_PURE;CONTINUOUS_MINUTE_STREAM;VERIFIED_MODEL_GRID,763e82153ecace27eeff7a95c3933394e571b03509d82dd25da03a24facc06d5,2026-09-17T12:37:00+00:00,2026-09-17 17:37:00,75.7,1004.4,77
14.8,21.8,43.4,1351.6,392.4,61.0,7.6,3.5,0.9,446.0,285.4,12.2,6.7,56.2,29.2,24.49,False,4095,0.0,10.0,128.5,EXT-OPEN-METEO-KHI,KARACHI,OPENSOURCE_API_GRID,759,,,,0.95,True,True,TIER2_OPENSOURCE_PURE;CONTINUOUS_MINUTE_STREAM;VERIFIED_MODEL_GRID,3485b8d914ab7824ae08cd26c2bd3ee7c45113b341bb28673fac91874349f8ad,2026-09-17T12:38:00+00:00,2026-09-17 17:38:00,75.8,1004.4,77
14.8,21.8,43.4,1351.6,392.4,61.0,7.6,3.5,0.9,446.0,285.2,12.2,6.7,55.8,29.1,24.44,False,4095,0.0,10.0,124.0,EXT-OPEN-METEO-KHI,KARACHI,OPENSOURCE_API_GRID,760,,,,0.95,True,True,TIER2_OPENSOURCE_PURE;CONTINUOUS_MINUTE_STREAM;VERIFIED_MODEL_GRID,6f720a60b9986089a32203ae9c8d61caab1299b5431f28f6ce94ee14cc3de496,2026-09-17T12:39:00+00:00,2026-09-17 17:39:00,76.0,1004.4,77
14.8,21.7,43.3,1345.4,390.6,60.8,7.6,3.5,0.9,446.0,285.0,12.3,6.7,55.5,29.1,24.46,False,4095,0.0,10.0,119.6,EXT-OPEN-METEO-KHI,KARACHI,OPENSOURCE_API_GRID,761,,,,0.95,True,True,TIER2_OPENSOURCE_PURE;CONTINUOUS_MINUTE_STREAM;VERIFIED_MODEL_GRID,94dc8e732aa56b20ede2779396e56aa55da661371d69faa6d8696fab68c345a3,2026-09-17T12:40:00+00:00,2026-09-17 17:40:00,76.1,1004.4,77
14.8,21.7,43.3,1345.4,390.6,60.8,7.6,3.5,0.9,446.0,284.8,12.4,6.6,55.2,29.1,24.5,False,4095,0.0,10.0,115.3,EXT-OPEN-METEO-KHI,KARACHI,OPENSOURCE_API_GRID,762,,,,0.95,True,True,TIER2_OPENSOURCE_PURE;CONTINUOUS_MINUTE_STREAM;VERIFIED_MODEL_GRID,150de965c61e01a97bb93d7bb1cc0f6c36c330162fdc46b5ac5703c4d8945910,2026-09-17T12:41:00+00:00,2026-09-17 17:41:00,76.3,1004.4,77
14.7,21.6,43.2,1339.2,388.8,60.5,7.6,3.5,0.9,446.0,284.6,12.4,6.6,54.9,29.0,24.43,False,4095,0.0,10.0,111.2,EXT-OPEN-METEO-KHI,KARACHI,OPENSOURCE_API_GRID,763,,,,0.95,True,True,TIER2_OPENSOURCE_PURE;CONTINUOUS_MINUTE_STREAM;VERIFIED_MODEL_GRID,fd2ceb18f2933fe5ad88856af2a69500f51bf14fafe5df8237e8c16efc179b64,2026-09-17T12:42:00+00:00,2026-09-17 17:42:00,76.4,1004.4,77
14.7,21.6,43.2,1339.2,388.8,60.5,7.6,3.5,0.9,446.0,284.5,12.5,6.6,54.6,29.0,24.47,False,4095,0.0,10.0,107.2,EXT-OPEN-METEO-KHI,KARACHI,OPENSOURCE_API_GRID,764,,,,0.95,True,True,TIER2_OPENSOURCE_PURE;CONTINUOUS_MINUTE_STREAM;VERIFIED_MODEL_GRID,996d66c7cd72a98ebfe78c55e54e1e4e562dd5a7945d3daaafe15069c3eff56a,2026-09-17T12:43:00+00:00,2026-09-17 17:43:00,76.6,1004.4,77
14.7,21.6,43.2,1339.2,388.8,60.5,7.6,3.5,0.9,446.0,284.3,12.5,6.6,54.3,29.0,24.49,False,4095,0.0,10.0,103.4,EXT-OPEN-METEO-KHI,KARACHI,OPENSOURCE_API_GRID,765,,,,0.95,True,True,TIER2_OPENSOURCE_PURE;CONTINUOUS_MINUTE_STREAM;VERIFIED_MODEL_GRID,04c163bd888e3fcc3f67c55e7a19eb0ff68afe251dbeecffadce7518a6e391b8,2026-09-17T12:44:00+00:00,2026-09-17 17:44:00,76.7,1004.4,77
14.7,21.6,43.2,1339.2,388.8,60.5,7.6,3.5,0.9,446.0,284.2,12.5,6.6,54.1,28.9,24.42,False,4095,0.0,10.0,99.8,EXT-OPEN-METEO-KHI,KARACHI,OPENSOURCE_API_GRID,766,,,,0.95,True,True,TIER2_OPENSOURCE_PURE;CONTINUOUS_MINUTE_STREAM;VERIFIED_MODEL_GRID,5492da1764bc752c44f119c8c536735e8aa2b9a746da90525c00d7a8a4844979,2026-09-17T12:45:00+00:00,2026-09-17 17:45:00,76.8,1004.4,77
14.7,21.6,43.2,1339.2,388.8,60.5,7.6,3.5,0.9,446.0,284.0,12.6,6.6,53.8,28.9,24.46,False,4095,0.0,10.0,96.3,EXT-OPEN-METEO-KHI,KARACHI,OPENSOURCE_API_GRID,767,,,,0.95,True,True,TIER2_OPENSOURCE_PURE;CONTINUOUS_MINUTE_STREAM;VERIFIED_MODEL_GRID,d6f1bd4206b84268fcf3f49ba5413960fa3f793dee7cb24f1e3b149fa5ffde32,2026-09-17T12:46:00+00:00,2026-09-17 17:46:00,77.0,1004.4,77
14.7,21.6,43.2,1339.2,388.8,60.5,7.6,3.5,0.9,446.0,283.9,12.6,6.6,53.6,28.9,24.48,False,4095,0.0,10.0,93.0,EXT-OPEN-METEO-KHI,KARACHI,OPENSOURCE_API_GRID,768,,,,0.95,True,True,TIER2_OPENSOURCE_PURE;CONTINUOUS_MINUTE_STREAM;VERIFIED_MODEL_GRID,391dde529ee575d5f1a64d05fd195cf2e4d632f4a26c4698cb500e976606d6f6,2026-09-17T12:47:00+00:00,2026-09-17 17:47:00,77.1,1004.4,77
14.7,21.6,43.2,1339.2,388.8,60.5,7.6,3.5,0.9,446.0,283.8,12.7,6.6,53.3,28.9,24.5,False,4095,0.0,10.0,90.0,EXT-OPEN-METEO-KHI,KARACHI,OPENSOURCE_API_GRID,769,,,,0.95,True,True,TIER2_OPENSOURCE_PURE;CONTINUOUS_MINUTE_STREAM;VERIFIED_MODEL_GRID,00b690b4cd20a5b44a8a8e4682b33b61ef0e58193c10961d01965df15c0789cd,2026-09-17T12:48:00+00:00,2026-09-17 17:48:00,77.2,1004.4,77
14.7,21.6,43.3,1339.2,388.8,60.5,7.6,3.5,0.9,446.0,283.6,12.7,6.6,53.1,28.8,24.45,False,4095,0.0,10.0,87.2,EXT-OPEN-METEO-KHI,KARACHI,OPENSOURCE_API_GRID,770,,,,0.95,True,True,TIER2_OPENSOURCE_PURE;CONTINUOUS_MINUTE_STREAM;VERIFIED_MODEL_GRID,a98bd31090c11ece591e16fe53aa008a94e875f5126b034e55324e36150edc44,2026-09-17T12:49:00+00:00,2026-09-17 17:49:00,77.4,1004.4,77
14.7,21.6,43.3,1339.2,388.8,60.5,7.6,3.5,0.9,446.0,283.5,12.7,6.6,52.9,28.8,24.47,False,4095,0.0,10.0,84.5,EXT-OPEN-METEO-KHI,KARACHI,OPENSOURCE_API_GRID,771,,,,0.95,True,True,TIER2_OPENSOURCE_PURE;CONTINUOUS_MINUTE_STREAM;VERIFIED_MODEL_GRID,e5c80812821c6b2a38a84449633394608ac6d28037a1039d4302c25012528f6d,2026-09-17T12:50:00+00:00,2026-09-17 17:50:00,77.5,1004.4,77
14.8,21.7,43.4,1345.4,390.6,60.8,7.6,3.5,0.9,446.0,283.4,12.8,6.6,52.8,28.8,24.49,False,4095,0.0,10.0,82.1,EXT-OPEN-METEO-KHI,KARACHI,OPENSOURCE_API_GRID,772,,,,0.95,True,True,TIER2_OPENSOURCE_PURE;CONTINUOUS_MINUTE_STREAM;VERIFIED_MODEL_GRID,eb7ca51939e387d94a0dc2b02429522c9511d2218b6236172ed0fea950470488,2026-09-17T12:51:00+00:00,2026-09-17 17:51:00,77.6,1004.4,77
14.8,21.7,43.5,1345.4,390.6,60.8,7.6,3.5,0.9,446.0,283.3,12.8,6.6,52.6,28.8,24.52,False,4095,0.0,10.0,80.0,EXT-OPEN-METEO-KHI,KARACHI,OPENSOURCE_API_GRID,773,,,,0.95,True,True,TIER2_OPENSOURCE_PURE;CONTINUOUS_MINUTE_STREAM;VERIFIED_MODEL_GRID,71a7586fbe7593ce1b7e18ca3836498ef8007b37d6af0f574c477e95bbe941cd,2026-09-17T12:52:00+00:00,2026-09-17 17:52:00,77.7,1004.4,77
14.8,21.7,43.5,1345.4,390.6,60.8,7.6,3.5,0.9,446.0,283.3,12.8,6.6,52.5,28.8,24.54,False,4095,0.0,10.0,78.1,EXT-OPEN-METEO-KHI,KARACHI,OPENSOURCE_API_GRID,774,,,,0.95,True,True,TIER2_OPENSOURCE_PURE;CONTINUOUS_MINUTE_STREAM;VERIFIED_MODEL_GRID,0776db04c83bbeb7542744024294c5625d8935f9602f049b19e00a6abf81e004,2026-09-17T12:53:00+00:00,2026-09-17 17:53:00,77.8,1004.4,77
14.8,21.8,43.6,1351.6,392.4,61.0,7.6,3.5,0.9,446.0,283.2,12.8,6.6,52.3,28.8,24.56,False,4095,0.0,10.0,76.4,EXT-OPEN-METEO-KHI,KARACHI,OPENSOURCE_API_GRID,775,,,,0.95,True,True,TIER2_OPENSOURCE_PURE;CONTINUOUS_MINUTE_STREAM;VERIFIED_MODEL_GRID,e836f1b474beda87a4df3b6636435e9f6d6608d3e93bf0981d1a03abf1eeeaee,2026-09-17T12:54:00+00:00,2026-09-17 17:54:00,77.9,1004.4,77
14.8,21.7,43.5,1345.4,390.6,60.8,7.6,3.5,0.9,446.0,283.1,12.9,6.6,52.2,28.8,24.58,False,4095,0.0,10.0,75.0,EXT-OPEN-METEO-KHI,KARACHI,OPENSOURCE_API_GRID,776,,,,0.95,True,True,TIER2_OPENSOURCE_PURE;CONTINUOUS_MINUTE_STREAM;VERIFIED_MODEL_GRID,2a3032558b3a2c75159f456a625a34cbaaef640ecd312cbe3b18ce3eedaa0912,2026-09-17T12:55:00+00:00,2026-09-17 17:55:00,78.0,1004.4,77
14.8,21.7,43.6,1345.4,390.6,60.8,7.6,3.5,0.9,446.0,283.1,12.9,6.6,52.2,28.8,24.6,False,4095,0.0,10.0,73.8,EXT-OPEN-METEO-KHI,KARACHI,OPENSOURCE_API_GRID,777,,,,0.95,True,True,TIER2_OPENSOURCE_PURE;CONTINUOUS_MINUTE_STREAM;VERIFIED_MODEL_GRID,b6d889ee8ee47e7241c3ced16b05934857e929ab15c73684493c935534b279e8,2026-09-17T12:56:00+00:00,2026-09-17 17:56:00,78.1,1004.4,77
14.8,21.8,43.6,1351.6,392.4,61.0,7.6,3.5,0.9,446.0,283.0,12.9,6.6,52.1,28.8,24.6,False,4095,0.0,10.0,72.9,EXT-OPEN-METEO-KHI,KARACHI,OPENSOURCE_API_GRID,778,,,,0.95,True,True,TIER2_OPENSOURCE_PURE;CONTINUOUS_MINUTE_STREAM;VERIFIED_MODEL_GRID,9735460e69391c4a9ed30e31cff0021134fa6ab4a18d2ea1c7547bf02140a747,2026-09-17T12:57:00+00:00,2026-09-17 17:57:00,78.1,1004.4,77
14.8,21.8,43.7,1351.6,392.4,61.0,7.6,3.5,0.9,446.0,283.0,12.9,6.6,52.0,28.8,24.6,False,4095,0.0,10.0,72.2,EXT-OPEN-METEO-KHI,KARACHI,OPENSOURCE_API_GRID,779,,,,0.95,True,True,TIER2_OPENSOURCE_PURE;CONTINUOUS_MINUTE_STREAM;VERIFIED_MODEL_GRID,4196603673ad644b260d8b7d969536caab54d425eacb365d018c0ed3df0ed300,2026-09-17T12:58:00+00:00,2026-09-17 17:58:00,78.1,1004.4,77
14.9,21.9,43.7,1357.8,394.2,61.3,7.7,3.5,0.9,446.0,283.0,12.9,6.6,52.0,28.8,24.6,False,4095,0.0,10.0,71.8,EXT-OPEN-METEO-KHI,KARACHI,OPENSOURCE_API_GRID,780,,,,0.95,True,True,TIER2_OPENSOURCE_PURE;CONTINUOUS_MINUTE_STREAM;VERIFIED_MODEL_GRID,9a64e495aaa6566ba9e4aa086c13c687e1cb73eae2e9557309560a2f889327e9,2026-09-17T12:59:00+00:00,2026-09-17 17:59:00,78.1,1004.4,77
14.9,21.9,43.8,1357.8,394.2,61.3,7.7,3.5,0.9,446.0,283.0,12.9,6.6,52.0,28.8,24.6,False,4095,0.0,10.0,71.7,EXT-OPEN-METEO-KHI,KARACHI,OPENSOURCE_API_GRID,781,,,,0.95,True,False,TIER2_OPENSOURCE_PURE;HOURLY_NODE;VERIFIED_MODEL_GRID,9c8e3e323d96ed8274ef0b18ac3df75d62807543165784a073e93397dfcc7bae,2026-09-17T13:00:00+00:00,2026-09-17 18:00:00,78.1,1004.4,77
14.9,21.9,43.8,1357.8,394.2,61.3,7.7,3.5,0.9,446.0,283.0,12.9,6.6,52.0,28.8,24.6,False,4095,0.0,10.0,71.7,EXT-OPEN-METEO-KHI,KARACHI,OPENSOURCE_API_GRID,782,,,,0.95,True,True,TIER2_OPENSOURCE_PURE;CONTINUOUS_MINUTE_STREAM;VERIFIED_MODEL_GRID,8ae9adbe01ee5621f6389b536fec8bf71d2831e1e35ccb6329009dabf5109a00,2026-09-17T13:01:00+00:00,2026-09-17 18:01:00,78.1,1004.4,77
14.9,21.9,43.8,1357.8,394.2,61.3,7.7,3.5,0.9,446.0,282.9,12.9,6.6,52.0,28.8,24.6,False,4095,0.0,10.0,71.5,EXT-OPEN-METEO-KHI,KARACHI,OPENSOURCE_API_GRID,783,,,,0.95,True,True,TIER2_OPENSOURCE_PURE;CONTINUOUS_MINUTE_STREAM;VERIFIED_MODEL_GRID,e8ff674aafc0fa43d06819874c81dc59a2fc827f06c30ca3a4b6cc9add0a025a,2026-09-17T13:02:00+00:00,2026-09-17 18:02:00,78.1,1004.4,77
14.9,21.9,43.9,1357.8,394.2,61.3,7.7,3.5,0.9,446.0,282.9,12.9,6.6,51.9,28.8,24.6,False,4095,0.0,10.0,71.3,EXT-OPEN-METEO-KHI,KARACHI,OPENSOURCE_API_GRID,784,,,,0.95,True,True,TIER2_OPENSOURCE_PURE;CONTINUOUS_MINUTE_STREAM;VERIFIED_MODEL_GRID,ab492ba6331b415786dfc5ecd4e09b5e1b752a24d3dac279ace3d903c51efb08,2026-09-17T13:03:00+00:00,2026-09-17 18:03:00,78.1,1004.4,77
14.9,21.9,43.9,1357.8,394.2,61.3,7.7,3.5,0.9,446.0,282.8,12.9,6.6,51.9,28.8,24.6,False,4095,0.0,9.9,70.9,EXT-OPEN-METEO-KHI,KARACHI,OPENSOURCE_API_GRID,785,,,,0.95,True,True,TIER2_OPENSOURCE_PURE;CONTINUOUS_MINUTE_STREAM;VERIFIED_MODEL_GRID,a53659677a94fa00ca5bf173c6fb732b86db31d11bfc609fb1dd78f7b6fc94dc,2026-09-17T13:04:00+00:00,2026-09-17 18:04:00,78.1,1004.4,77
14.9,21.9,43.9,1357.8,394.2,61.3,7.7,3.5,0.9,446.0,282.7,12.9,6.6,51.8,28.8,24.6,False,4095,0.0,9.9,70.5,EXT-OPEN-METEO-KHI,KARACHI,OPENSOURCE_API_GRID,786,,,,0.95,True,True,TIER2_OPENSOURCE_PURE;CONTINUOUS_MINUTE_STREAM;VERIFIED_MODEL_GRID,67c46a2ef28717ca4abea58e7e69cc302e2bc1a6be34215340afefe1820abc0d,2026-09-17T13:05:00+00:00,2026-09-17 18:05:00,78.1,1004.4,77
14.9,21.9,44.0,1357.8,394.2,61.3,7.7,3.5,0.9,446.0,282.5,13.0,6.6,51.7,28.8,24.6,False,4095,0.0,9.9,69.9,EXT-OPEN-METEO-KHI,KARACHI,OPENSOURCE_API_GRID,787,,,,0.95,True,True,TIER2_OPENSOURCE_PURE;CONTINUOUS_MINUTE_STREAM;VERIFIED_MODEL_GRID,addcea1d4d1e6dd7206b099e1db946e547a96e1a6ada1864cbfb6d93ad95c806,2026-09-17T13:06:00+00:00,2026-09-17 18:06:00,78.1,1004.4,77
14.9,21.9,44.0,1357.8,394.2,61.3,7.7,3.5,0.9,446.0,282.3,13.0,6.6,51.6,28.8,24.6,False,4095,0.0,9.8,69.3,EXT-OPEN-METEO-KHI,KARACHI,OPENSOURCE_API_GRID,788,,,,0.95,True,True,TIER2_OPENSOURCE_PURE;CONTINUOUS_MINUTE_STREAM;VERIFIED_MODEL_GRID,d020f96fb9a394a68656fb674c8da2def5445084b5c42db29dba4636f1c09ee6,2026-09-17T13:07:00+00:00,2026-09-17 18:07:00,78.1,1004.4,77
14.9,21.9,44.1,1357.8,394.2,61.3,7.7,3.5,0.9,446.0,282.1,13.0,6.6,51.5,28.8,24.6,False,4095,0.0,9.8,68.6,EXT-OPEN-METEO-KHI,KARACHI,OPENSOURCE_API_GRID,789,,,,0.95,True,True,TIER2_OPENSOURCE_PURE;CONTINUOUS_MINUTE_STREAM;VERIFIED_MODEL_GRID,c50d3b5fa55d76cb704cc3d77b69821901f271b873eb6abd85e91491a47530fb,2026-09-17T13:08:00+00:00,2026-09-17 18:08:00,78.1,1004.4,77
14.9,21.9,44.1,1357.8,394.2,61.3,7.7,3.5,0.9,446.0,281.9,13.0,6.6,51.4,28.8,24.62,False,4095,0.0,9.7,67.8,EXT-OPEN-METEO-KHI,KARACHI,OPENSOURCE_API_GRID,790,,,,0.95,True,True,TIER2_OPENSOURCE_PURE;CONTINUOUS_MINUTE_STREAM;VERIFIED_MODEL_GRID,4d485cb39082a636d58cc77469e74cae9bec402d6be3cb5511d5e5dc5eda9d0e,2026-09-17T13:09:00+00:00,2026-09-17 18:09:00,78.2,1004.4,77
14.9,21.9,44.2,1357.8,394.2,61.3,7.7,3.5,0.9,446.0,281.7,13.1,6.6,51.3,28.8,24.62,False,4095,0.0,9.7,66.9,EXT-OPEN-METEO-KHI,KARACHI,OPENSOURCE_API_GRID,791,,,,0.95,True,True,TIER2_OPENSOURCE_PURE;CONTINUOUS_MINUTE_STREAM;VERIFIED_MODEL_GRID,546cc77933c5fdb162c4f0e293f278af33da979e5568d80ff9ec54a3ef23f4f7,2026-09-17T13:10:00+00:00,2026-09-17 18:10:00,78.2,1004.4,77
14.9,21.9,44.3,1357.8,394.2,61.3,7.7,3.5,0.9,446.0,281.4,13.1,6.6,51.1,28.7,24.55,False,4095,0.0,9.6,65.9,EXT-OPEN-METEO-KHI,KARACHI,OPENSOURCE_API_GRID,792,,,,0.95,True,True,TIER2_OPENSOURCE_PURE;CONTINUOUS_MINUTE_STREAM;VERIFIED_MODEL_GRID,bf36a068590c3c9e81bfc1c92303c107ce9664f65b102e48a72d1c758087f234,2026-09-17T13:11:00+00:00,2026-09-17 18:11:00,78.3,1004.5,77
14.9,21.9,44.4,1357.8,394.2,61.3,7.7,3.6,0.9,446.0,281.1,13.1,6.6,50.9,28.7,24.55,False,4095,0.0,9.5,64.9,EXT-OPEN-METEO-KHI,KARACHI,OPENSOURCE_API_GRID,793,,,,0.95,True,True,TIER2_OPENSOURCE_PURE;CONTINUOUS_MINUTE_STREAM;VERIFIED_MODEL_GRID,b6684d76b8cbab0a57729c166aff2a5d3c4b0962754002e40c20d7faa3e78af9,2026-09-17T13:12:00+00:00,2026-09-17 18:12:00,78.3,1004.5,77
14.9,21.9,44.6,1357.8,394.2,61.3,7.7,3.6,0.9,446.0,280.8,13.2,6.6,50.8,28.7,24.57,False,4095,0.0,9.4,63.7,EXT-OPEN-METEO-KHI,KARACHI,OPENSOURCE_API_GRID,794,,,,0.95,True,True,TIER2_OPENSOURCE_PURE;CONTINUOUS_MINUTE_STREAM;VERIFIED_MODEL_GRID,37b8cbebb455df713ff187def0109d6de4bd5722785f2cc9bfcde0d02fb6b9af,2026-09-17T13:13:00+00:00,2026-09-17 18:13:00,78.4,1004.5,77
15.0,22.0,44.7,1364.0,396.0,61.6,7.7,3.6,0.9,446.0,280.4,13.2,6.6,50.6,28.7,24.59,False,4095,0.0,9.4,62.5,EXT-OPEN-METEO-KHI,KARACHI,OPENSOURCE_API_GRID,795,,,,0.95,True,True,TIER2_OPENSOURCE_PURE;CONTINUOUS_MINUTE_STREAM;VERIFIED_MODEL_GRID,c9ea93b889089abed69809664b2e4b4c75674feb1500a61180d362b555109097,2026-09-17T13:14:00+00:00,2026-09-17 18:14:00,78.5,1004.5,77
15.0,22.0,44.9,1364.0,396.0,61.6,7.7,3.6,0.9,446.0,280.1,13.3,6.6,50.4,28.7,24.61,False,4095,0.0,9.3,61.2,EXT-OPEN-METEO-KHI,KARACHI,OPENSOURCE_API_GRID,796,,,,0.95,True,True,TIER2_OPENSOURCE_PURE;CONTINUOUS_MINUTE_STREAM;VERIFIED_MODEL_GRID,ceb41cdcb3ed1176e18aca1bba0b81a2b7c64366331af3381c374ad0686a0342,2026-09-17T13:15:00+00:00,2026-09-17 18:15:00,78.6,1004.5,77
15.0,22.1,45.1,1370.2,397.8,61.9,7.7,3.6,0.9,446.0,279.7,13.3,6.6,50.2,28.6,24.54,False,4095,0.0,9.2,59.8,EXT-OPEN-METEO-KHI,KARACHI,OPENSOURCE_API_GRID,797,,,,0.95,True,True,TIER2_OPENSOURCE_PURE;CONTINUOUS_MINUTE_STREAM;VERIFIED_MODEL_GRID,6e710e82f3c777da219492cc3b7f732444856337e70bb007fb344c5e25d5bd1b,2026-09-17T13:16:00+00:00,2026-09-17 18:16:00,78.7,1004.5,77
15.1,22.2,45.4,1376.4,399.6,62.2,7.8,3.6,0.9,446.0,279.3,13.4,6.6,50.0,28.6,24.56,False,4095,0.0,9.1,58.4,EXT-OPEN-METEO-KHI,KARACHI,OPENSOURCE_API_GRID,798,,,,0.95,True,True,TIER2_OPENSOURCE_PURE;CONTINUOUS_MINUTE_STREAM;VERIFIED_MODEL_GRID,382950924522de83e545637f4f2a25b183725e199be028c7482cb21a85c5058a,2026-09-17T13:17:00+00:00,2026-09-17 18:17:00,78.8,1004.5,77
15.1,22.2,45.6,1376.4,399.6,62.2,7.8,3.6,0.9,446.0,278.9,13.4,6.6,49.7,28.6,24.58,False,4095,0.0,9.0,56.9,EXT-OPEN-METEO-KHI,KARACHI,OPENSOURCE_API_GRID,799,,,,0.95,True,True,TIER2_OPENSOURCE_PURE;CONTINUOUS_MINUTE_STREAM;VERIFIED_MODEL_GRID,5eafc940dd72f7bc1a1e9dc303ef0b55537e6f2fe0b1744501b4dbad46b9a26f,2026-09-17T13:18:00+00:00,2026-09-17 18:18:00,78.9,1004.5,77
15.2,22.3,45.9,1382.6,401.4,62.4,7.8,3.7,0.9,446.0,278.4,13.5,6.6,49.5,28.6,24.6,False,4095,0.0,8.9,55.4,EXT-OPEN-METEO-KHI,KARACHI,OPENSOURCE_API_GRID,800,,,,0.95,True,True,TIER2_OPENSOURCE_PURE;CONTINUOUS_MINUTE_STREAM;VERIFIED_MODEL_GRID,ff6c14ef5195d8f5b6d42f5f61c5e0c40bb36ca1997d51597443ba651933ab35,2026-09-17T13:19:00+00:00,2026-09-17 18:19:00,79.0,1004.5,77
15.2,22.4,46.2,1388.8,403.2,62.7,7.8,3.7,0.9,446.0,278.0,13.6,6.6,49.2,28.6,24.64,False,4095,0.0,8.8,53.8,EXT-OPEN-METEO-KHI,KARACHI,OPENSOURCE_API_GRID,801,,,,0.95,True,True,TIER2_OPENSOURCE_PURE;CONTINUOUS_MINUTE_STREAM;VERIFIED_MODEL_GRID,2627f03091ca9d7dcaa96710c3fda522ab12ec691303c8fc5303eb49de49861a,2026-09-17T13:20:00+00:00,2026-09-17 18:20:00,79.2,1004.5,77
15.4,22.6,46.5,1401.2,406.8,63.3,7.9,3.7,0.9,446.0,277.5,13.6,6.6,49.0,28.6,24.66,False,4095,0.0,8.6,52.1,EXT-OPEN-METEO-KHI,KARACHI,OPENSOURCE_API_GRID,802,,,,0.95,True,True,TIER2_OPENSOURCE_PURE;CONTINUOUS_MINUTE_STREAM;VERIFIED_MODEL_GRID,cae5906c48222039fca077079a82fe2072882f498813c3256a1c3709175cce24,2026-09-17T13:21:00+00:00,2026-09-17 18:21:00,79.3,1004.5,77
15.4,22.7,46.9,1407.4,408.6,63.6,7.9,3.8,0.9,446.0,277.1,13.7,6.6,48.7,28.6,24.7,False,4095,0.0,8.5,50.4,EXT-OPEN-METEO-KHI,KARACHI,OPENSOURCE_API_GRID,803,,,,0.95,True,True,TIER2_OPENSOURCE_PURE;CONTINUOUS_MINUTE_STREAM;VERIFIED_MODEL_GRID,c2ee0803b04e5724937439927b1fceec6810e47f8e6543043e3b4e20c0667d9c,2026-09-17T13:22:00+00:00,2026-09-17 18:22:00,79.5,1004.5,77
15.5,22.8,47.2,1413.6,410.4,63.8,8.0,3.8,0.9,446.0,276.6,13.7,6.6,48.5,28.5,24.63,False,4095,0.0,8.4,48.7,EXT-OPEN-METEO-KHI,KARACHI,OPENSOURCE_API_GRID,804,,,,0.95,True,True,TIER2_OPENSOURCE_PURE;CONTINUOUS_MINUTE_STREAM;VERIFIED_MODEL_GRID,ba8a0d5a4a2a6e7a04249c4f087a5e8eccf3e8efcee8f7eab4cd3fd87122c71e,2026-09-17T13:23:00+00:00,2026-09-17 18:23:00,79.6,1004.5,77
15.6,22.9,47.6,1419.8,412.2,64.1,8.0,3.8,1.0,446.0,276.1,13.8,6.6,48.2,28.5,24.65,False,4095,0.0,8.3,46.9,EXT-OPEN-METEO-KHI,KARACHI,OPENSOURCE_API_GRID,805,,,,0.95,True,True,TIER2_OPENSOURCE_PURE;CONTINUOUS_MINUTE_STREAM;VERIFIED_MODEL_GRID,82d14783504ae2a0c3b5a3379a3c0760c4ccc8c158560b3e91e62a83d4a28227,2026-09-17T13:24:00+00:00,2026-09-17 18:24:00,79.7,1004.5,77
15.7,23.1,47.9,1432.2,415.8,64.7,8.1,3.8,1.0,446.0,275.6,13.9,6.6,47.9,28.5,24.69,False,4095,0.0,8.1,45.1,EXT-OPEN-METEO-KHI,KARACHI,OPENSOURCE_API_GRID,806,,,,0.95,True,True,TIER2_OPENSOURCE_PURE;CONTINUOUS_MINUTE_STREAM;VERIFIED_MODEL_GRID,734037af4270720939d89b1b1a4b8514e5877600ddfedb6403cb8f5a5fab25e5,2026-09-17T13:25:00+00:00,2026-09-17 18:25:00,79.9,1004.5,77
15.7,23.1,48.1,1432.2,415.8,64.7,8.1,3.8,1.0,446.0,275.1,13.9,6.6,47.6,28.5,24.73,False,4095,0.0,8.0,43.3,EXT-OPEN-METEO-KHI,KARACHI,OPENSOURCE_API_GRID,807,,,,0.95,True,True,TIER2_OPENSOURCE_PURE;CONTINUOUS_MINUTE_STREAM;VERIFIED_MODEL_GRID,6da02cbecdf5c4a8c08e16828ab3dea858b8ffb866634d1f4c6c17ec8da2838a,2026-09-17T13:26:00+00:00,2026-09-17 18:26:00,80.1,1004.6,77
15.8,23.2,48.5,1438.4,417.6,65.0,8.1,3.9,1.0,446.0,274.6,14.0,6.6,47.4,28.5,24.78,False,4095,0.0,7.9,41.5,EXT-OPEN-METEO-KHI,KARACHI,OPENSOURCE_API_GRID,808,,,,0.95,True,True,TIER2_OPENSOURCE_PURE;CONTINUOUS_MINUTE_STREAM;VERIFIED_MODEL_GRID,ab9ce80f15a01b952a38f5f3061e31fb9146dd98792d925f69b2a19cbe87d1ad,2026-09-17T13:27:00+00:00,2026-09-17 18:27:00,80.3,1004.6,77
15.9,23.4,48.9,1450.8,421.2,65.5,8.2,3.9,1.0,446.0,274.0,14.1,6.6,47.1,28.5,24.8,False,4095,0.0,7.8,39.6,EXT-OPEN-METEO-KHI,KARACHI,OPENSOURCE_API_GRID,809,,,,0.95,True,True,TIER2_OPENSOURCE_PURE;CONTINUOUS_MINUTE_STREAM;VERIFIED_MODEL_GRID,6a321e18243d97e74c9d6f4b08635d65d0ef7a053ada46ff248aa732bedd2f16,2026-09-17T13:28:00+00:00,2026-09-17 18:28:00,80.4,1004.6,77
16.0,23.5,49.2,1457.0,423.0,65.8,8.2,3.9,1.0,446.0,273.5,14.1,6.6,46.8,28.5,24.82,False,4095,0.0,7.6,37.7,EXT-OPEN-METEO-KHI,KARACHI,OPENSOURCE_API_GRID,810,,,,0.95,True,True,TIER2_OPENSOURCE_PURE;CONTINUOUS_MINUTE_STREAM;VERIFIED_MODEL_GRID,6df9a6536158bcdd77b28829c45d5acdcc52cdf6acc5aa17532424b8766bac28,2026-09-17T13:29:00+00:00,2026-09-17 18:29:00,80.5,1004.6,77
16.0,23.6,49.6,1463.2,424.8,66.1,8.3,4.0,1.0,446.0,273.0,14.2,6.6,46.5,28.5,24.84,False,4095,0.0,7.5,35.9,EXT-OPEN-METEO-KHI,KARACHI,OPENSOURCE_API_GRID,811,,,,0.95,True,True,TIER2_OPENSOURCE_PURE;CONTINUOUS_MINUTE_STREAM;VERIFIED_MODEL_GRID,91ec1cae9b33db6f45b081fac8b9c84eeaedd15a76e983b9e7a12196ea5392e1,2026-09-17T13:30:00+00:00,2026-09-17 18:30:00,80.6,1004.6,77
16.1,23.7,49.9,1469.4,426.6,66.4,8.3,4.0,1.0,446.0,272.5,14.3,6.7,46.2,28.5,24.86,False,4095,0.0,7.4,34.0,EXT-OPEN-METEO-KHI,KARACHI,OPENSOURCE_API_GRID,812,,,,0.95,True,True,TIER2_OPENSOURCE_PURE;CONTINUOUS_MINUTE_STREAM;VERIFIED_MODEL_GRID,c26a0a3d0d731b38b584605900e0b85f775c3f096289e436177a15a01745b833,2026-09-17T13:31:00+00:00,2026-09-17 18:31:00,80.7,1004.6,77
16.2,23.8,50.3,1475.6,428.4,66.6,8.3,4.0,1.0,446.0,272.0,14.3,6.7,45.9,28.5,24.88,False,4095,0.0,7.2,32.1,EXT-OPEN-METEO-KHI,KARACHI,OPENSOURCE_API_GRID,813,,,,0.95,True,True,TIER2_OPENSOURCE_PURE;CONTINUOUS_MINUTE_STREAM;VERIFIED_MODEL_GRID,16912433cb2045df55ba639b33c6d1e5d628325f0ba6eb033c39439481e0cc09,2026-09-17T13:32:00+00:00,2026-09-17 18:32:00,80.8,1004.6,77
16.3,23.9,50.6,1481.8,430.2,66.9,8.4,4.0,1.0,446.0,271.4,14.4,6.7,45.6,28.4,24.82,False,4095,0.0,7.1,30.2,EXT-OPEN-METEO-KHI,KARACHI,OPENSOURCE_API_GRID,814,,,,0.95,True,True,TIER2_OPENSOURCE_PURE;CONTINUOUS_MINUTE_STREAM;VERIFIED_MODEL_GRID,f26f91d8cf1de4ed4b742d0f224a22ee1429ed98ac122bf445b694a9b8ab39c9,2026-09-17T13:33:00+00:00,2026-09-17 18:33:00,81.0,1004.6,77
16.3,24.0,50.9,1488.0,432.0,67.2,8.4,4.1,1.0,446.0,270.9,14.5,6.7,45.4,28.4,24.84,False,4095,0.0,7.0,28.4,EXT-OPEN-METEO-KHI,KARACHI,OPENSOURCE_API_GRID,815,,,,0.95,True,True,TIER2_OPENSOURCE_PURE;CONTINUOUS_MINUTE_STREAM;VERIFIED_MODEL_GRID,5f7ea9fbcd96def9e095b6b29fad89eebdf73608d54bbb391291645c6f793cf1,2026-09-17T13:34:00+00:00,2026-09-17 18:34:00,81.1,1004.7,77
16.4,24.1,51.1,1494.2,433.8,67.5,8.4,4.1,1.0,446.0,270.4,14.5,6.7,45.1,28.4,24.86,False,4095,0.0,6.9,26.6,EXT-OPEN-METEO-KHI,KARACHI,OPENSOURCE_API_GRID,816,,,,0.95,True,True,TIER2_OPENSOURCE_PURE;CONTINUOUS_MINUTE_STREAM;VERIFIED_MODEL_GRID,ee327ed0780b691bae9390b5bdedbbbcd28889482b213887a4a772b30c68a91d,2026-09-17T13:35:00+00:00,2026-09-17 18:35:00,81.2,1004.7,77
16.4,24.1,51.4,1494.2,433.8,67.5,8.4,4.1,1.0,446.0,269.9,14.6,6.7,44.8,28.4,24.89,False,4095,0.0,6.7,24.8,EXT-OPEN-METEO-KHI,KARACHI,OPENSOURCE_API_GRID,817,,,,0.95,True,True,TIER2_OPENSOURCE_PURE;CONTINUOUS_MINUTE_STREAM;VERIFIED_MODEL_GRID,9453ad1d3d183a00c0f916412ab0f894038efab98dcfe6f5c4bce2c3fe318e68,2026-09-17T13:36:00+00:00,2026-09-17 18:36:00,81.3,1004.7,77
16.5,24.2,51.6,1500.4,435.6,67.8,8.5,4.1,1.0,446.0,269.4,14.7,6.7,44.5,28.4,24.91,False,4095,0.0,6.6,23.0,EXT-OPEN-METEO-KHI,KARACHI,OPENSOURCE_API_GRID,818,,,,0.95,True,True,TIER2_OPENSOURCE_PURE;CONTINUOUS_MINUTE_STREAM;VERIFIED_MODEL_GRID,3e25b4d54466d364032715014b113bce692ec16671c15ab61d26ef0973f36489,2026-09-17T13:37:00+00:00,2026-09-17 18:37:00,81.4,1004.7,77
16.5,24.3,51.9,1506.6,437.4,68.0,8.5,4.2,1.0,446.0,268.9,14.7,6.7,44.3,28.3,24.83,False,4095,0.0,6.5,21.3,EXT-OPEN-METEO-KHI,KARACHI,OPENSOURCE_API_GRID,819,,,,0.95,True,True,TIER2_OPENSOURCE_PURE;CONTINUOUS_MINUTE_STREAM;VERIFIED_MODEL_GRID,261a9d2e4719f24294842122376c50113ce99b6f6a174839df585f5432abb77a,2026-09-17T13:38:00+00:00,2026-09-17 18:38:00,81.5,1004.7,77
16.5,24.3,52.1,1506.6,437.4,68.0,8.5,4.2,1.0,446.0,268.5,14.8,6.7,44.0,28.3,24.85,False,4095,0.0,6.4,19.6,EXT-OPEN-METEO-KHI,KARACHI,OPENSOURCE_API_GRID,820,,,,0.95,True,True,TIER2_OPENSOURCE_PURE;CONTINUOUS_MINUTE_STREAM;VERIFIED_MODEL_GRID,a6bcc2842350c3eac6c94daba402cb9835a6bdb57d12d0fccec4f3f90b8ca55a,2026-09-17T13:39:00+00:00,2026-09-17 18:39:00,81.6,1004.7,77
16.5,24.3,52.3,1506.6,437.4,68.0,8.5,4.2,1.0,446.0,268.0,14.8,6.7,43.8,28.3,24.85,False,4095,0.0,6.2,17.9,EXT-OPEN-METEO-KHI,KARACHI,OPENSOURCE_API_GRID,821,,,,0.95,True,True,TIER2_OPENSOURCE_PURE;CONTINUOUS_MINUTE_STREAM;VERIFIED_MODEL_GRID,7563ba20ea04807a14866f41b603056ed622f72ca61a60142ab2a912a993c18e,2026-09-17T13:40:00+00:00,2026-09-17 18:40:00,81.6,1004.7,77
16.6,24.4,52.5,1512.8,439.2,68.3,8.5,4.2,1.1,446.0,267.6,14.9,6.7,43.5,28.3,24.87,False,4095,0.0,6.1,16.3,EXT-OPEN-METEO-KHI,KARACHI,OPENSOURCE_API_GRID,822,,,,0.95,True,True,TIER2_OPENSOURCE_PURE;CONTINUOUS_MINUTE_STREAM;VERIFIED_MODEL_GRID,6f39f334a08e20741c1dd4b4aaf3cda5e28e9e52aaa8dcdfb7e9de7bc7775f2c,2026-09-17T13:41:00+00:00,2026-09-17 18:41:00,81.7,1004.7,77
16.6,24.4,52.7,1512.8,439.2,68.3,8.5,4.2,1.1,446.0,267.1,15.0,6.7,43.3,28.2,24.79,False,4095,0.0,6.0,14.8,EXT-OPEN-METEO-KHI,KARACHI,OPENSOURCE_API_GRID,823,,,,0.95,True,True,TIER2_OPENSOURCE_PURE;CONTINUOUS_MINUTE_STREAM;VERIFIED_MODEL_GRID,4c25873e912d6f5880db9be1bf42fc6dd48fe12ce34780a34a88a958091b8488,2026-09-17T13:42:00+00:00,2026-09-17 18:42:00,81.8,1004.7,77
16.6,24.4,52.9,1512.8,439.2,68.3,8.5,4.2,1.1,446.0,266.7,15.0,6.7,43.0,28.2,24.81,False,4095,0.0,5.9,13.3,EXT-OPEN-METEO-KHI,KARACHI,OPENSOURCE_API_GRID,824,,,,0.95,True,True,TIER2_OPENSOURCE_PURE;CONTINUOUS_MINUTE_STREAM;VERIFIED_MODEL_GRID,e4d55b30cdf6fb767f0949d1a96a2b0ddb929ebcf66d1fbafb60d7c94bf2b81a,2026-09-17T13:43:00+00:00,2026-09-17 18:43:00,81.9,1004.7,77
16.7,24.5,53.0,1519.0,441.0,68.6,8.6,4.2,1.1,446.0,266.3,15.1,6.7,42.8,28.2,24.83,False,4095,0.0,5.8,11.9,EXT-OPEN-METEO-KHI,KARACHI,OPENSOURCE_API_GRID,825,,,,0.95,True,True,TIER2_OPENSOURCE_PURE;CONTINUOUS_MINUTE_STREAM;VERIFIED_MODEL_GRID,8ae31e983cc9140b1f00f1ad0f52993bad9f3726d701c199e010c53d43e2407f,2026-09-17T13:44:00+00:00,2026-09-17 18:44:00,82.0,1004.7,77
16.7,24.5,53.2,1519.0,441.0,68.6,8.6,4.3,1.1,446.0,265.9,15.1,6.7,42.6,28.2,24.85,False,4095,0.0,5.7,10.5,EXT-OPEN-METEO-KHI,KARACHI,OPENSOURCE_API_GRID,826,,,,0.95,True,True,TIER2_OPENSOURCE_PURE;CONTINUOUS_MINUTE_STREAM;VERIFIED_MODEL_GRID,97ca0943bf412bad6a288c9b5249b686719a5128f8e88e48c15b1c6d91f8d2be,2026-09-17T13:45:00+00:00,2026-09-17 18:45:00,82.1,1004.8,77
16.7,24.6,53.4,1525.2,442.8,68.9,8.6,4.3,1.1,446.0,265.6,15.2,6.7,42.4,28.2,24.87,False,4095,0.0,5.6,9.2,EXT-OPEN-METEO-KHI,KARACHI,OPENSOURCE_API_GRID,827,,,,0.95,True,True,TIER2_OPENSOURCE_PURE;CONTINUOUS_MINUTE_STREAM;VERIFIED_MODEL_GRID,a34a8fa0249d67e2bf6c257bf0d4d8e50f0d2ca68b3065cca63e0602e0ed108b,2026-09-17T13:46:00+00:00,2026-09-17 18:46:00,82.2,1004.8,77
16.7,24.6,53.6,1525.2,442.8,68.9,8.6,4.3,1.1,446.0,265.2,15.2,6.7,42.2,28.1,24.8,False,4095,0.0,5.6,8.0,EXT-OPEN-METEO-KHI,KARACHI,OPENSOURCE_API_GRID,828,,,,0.95,True,True,TIER2_OPENSOURCE_PURE;CONTINUOUS_MINUTE_STREAM;VERIFIED_MODEL_GRID,f7ea81c3267de30c5008cb3a7aadcf521eb947dd0a4b5e3bd3f9c7753a441be3,2026-09-17T13:47:00+00:00,2026-09-17 18:47:00,82.3,1004.8,77
16.8,24.7,53.8,1531.4,444.6,69.2,8.6,4.3,1.1,446.0,264.9,15.3,6.7,42.1,28.1,24.82,False,4095,0.0,5.5,6.8,EXT-OPEN-METEO-KHI,KARACHI,OPENSOURCE_API_GRID,829,,,,0.95,True,True,TIER2_OPENSOURCE_PURE;CONTINUOUS_MINUTE_STREAM;VERIFIED_MODEL_GRID,8061574df50e231a39ab7dbfe538faa20e01cc1cc037444cfd4e8c458845fd2a,2026-09-17T13:48:00+00:00,2026-09-17 18:48:00,82.4,1004.8,77
16.8,24.7,54.0,1531.4,444.6,69.2,8.6,4.3,1.1,446.0,264.6,15.3,6.7,41.9,28.1,24.84,False,4095,0.0,5.4,5.8,EXT-OPEN-METEO-KHI,KARACHI,OPENSOURCE_API_GRID,830,,,,0.95,True,True,TIER2_OPENSOURCE_PURE;CONTINUOUS_MINUTE_STREAM;VERIFIED_MODEL_GRID,254f622b4cd88fd827f1f78935cbaf825ce41782861951b53b5df23b5780559d,2026-09-17T13:49:00+00:00,2026-09-17 18:49:00,82.5,1004.8,77
16.9,24.8,54.2,1537.6,446.4,69.4,8.7,4.3,1.1,446.0,264.3,15.3,6.7,41.7,28.1,24.86,False,4095,0.0,5.3,4.8,EXT-OPEN-METEO-KHI,KARACHI,OPENSOURCE_API_GRID,831,,,,0.95,True,True,TIER2_OPENSOURCE_PURE;CONTINUOUS_MINUTE_STREAM;VERIFIED_MODEL_GRID,c2f66d9f1f731683e94b7949888f94a6c116347756354a22189906da79897cbc,2026-09-17T13:50:00+00:00,2026-09-17 18:50:00,82.6,1004.8,77
16.9,24.9,54.4,1543.8,448.2,69.7,8.7,4.4,1.1,446.0,264.1,15.4,6.7,41.6,28.1,24.86,False,4095,0.0,5.3,3.9,EXT-OPEN-METEO-KHI,KARACHI,OPENSOURCE_API_GRID,832,,,,0.95,True,True,TIER2_OPENSOURCE_PURE;CONTINUOUS_MINUTE_STREAM;VERIFIED_MODEL_GRID,e0beff3de6ca90cbd5b6ab428f0dd4719bc87f6ae8e6a772ff12d0c39aa2c693,2026-09-17T13:51:00+00:00,2026-09-17 18:51:00,82.6,1004.8,77
17.0,25.0,54.5,1550.0,450.0,70.0,8.8,4.4,1.1,446.0,263.9,15.4,6.7,41.5,28.1,24.88,False,4095,0.0,5.2,3.1,EXT-OPEN-METEO-KHI,KARACHI,OPENSOURCE_API_GRID,833,,,,0.95,True,True,TIER2_OPENSOURCE_PURE;CONTINUOUS_MINUTE_STREAM;VERIFIED_MODEL_GRID,8e1116287da547616c207c85efe5bb8f846e495b6849db69d0bf7c7e43c8fa28,2026-09-17T13:52:00+00:00,2026-09-17 18:52:00,82.7,1004.8,77
17.0,25.0,54.7,1550.0,450.0,70.0,8.8,4.4,1.1,446.0,263.7,15.4,6.7,41.4,28.1,24.9,False,4095,0.0,5.2,2.4,EXT-OPEN-METEO-KHI,KARACHI,OPENSOURCE_API_GRID,834,,,,0.95,True,True,TIER2_OPENSOURCE_PURE;CONTINUOUS_MINUTE_STREAM;VERIFIED_MODEL_GRID,15873233f8df0b888d6c4f9621a72a98e29e5de85dbe06960d062b9d0c6b0e86,2026-09-17T13:53:00+00:00,2026-09-17 18:53:00,82.8,1004.8,77
17.1,25.1,54.9,1556.2,451.8,70.3,8.8,4.4,1.1,446.0,263.5,15.4,6.7,41.3,28.1,24.92,False,4095,0.0,5.1,1.8,EXT-OPEN-METEO-KHI,KARACHI,OPENSOURCE_API_GRID,835,,,,0.95,True,True,TIER2_OPENSOURCE_PURE;CONTINUOUS_MINUTE_STREAM;VERIFIED_MODEL_GRID,8380a4eecb1e79b189fe05be78adad6310ed48f504147d825eac6830efb9433b,2026-09-17T13:54:00+00:00,2026-09-17 18:54:00,82.9,1004.8,77
17.1,25.2,55.0,1562.4,453.6,70.6,8.8,4.4,1.1,446.0,263.3,15.5,6.7,41.2,28.1,24.92,False,4095,0.0,5.1,1.2,EXT-OPEN-METEO-KHI,KARACHI,OPENSOURCE_API_GRID,836,,,,0.95,True,True,TIER2_OPENSOURCE_PURE;CONTINUOUS_MINUTE_STREAM;VERIFIED_MODEL_GRID,4838ebe232327db385b1dbb1e12dc79d7a4dfa4ae21ce79ec5102269548109de,2026-09-17T13:55:00+00:00,2026-09-17 18:55:00,82.9,1004.8,77
17.1,25.2,55.2,1562.4,453.6,70.6,8.8,4.4,1.1,446.0,263.2,15.5,6.7,41.1,28.1,24.94,False,4095,0.0,5.1,0.8,EXT-OPEN-METEO-KHI,KARACHI,OPENSOURCE_API_GRID,837,,,,0.95,True,True,TIER2_OPENSOURCE_PURE;CONTINUOUS_MINUTE_STREAM;VERIFIED_MODEL_GRID,3fa370fb212bec706b71a97f1421979fdd02063ed18876eb1e767b0d5394e5b9,2026-09-17T13:56:00+00:00,2026-09-17 18:56:00,83.0,1004.8,77
17.1,25.2,55.1,1562.4,453.6,70.6,8.8,4.4,1.1,446.0,263.1,15.5,6.7,41.1,28.1,24.96,False,4095,0.0,5.0,0.4,EXT-OPEN-METEO-KHI,KARACHI,OPENSOURCE_API_GRID,838,,,,0.95,True,True,TIER2_OPENSOURCE_PURE;CONTINUOUS_MINUTE_STREAM;VERIFIED_MODEL_GRID,a4e74f24c26842384b9265dce667704974b77e5ebf2146cf42bc690e11994e2f,2026-09-17T13:57:00+00:00,2026-09-17 18:57:00,83.1,1004.8,77
17.1,25.2,55.2,1562.4,453.6,70.6,8.8,4.4,1.1,446.0,263.1,15.5,6.7,41.0,28.1,24.96,False,4095,0.0,5.0,0.2,EXT-OPEN-METEO-KHI,KARACHI,OPENSOURCE_API_GRID,839,,,,0.95,True,True,TIER2_OPENSOURCE_PURE;CONTINUOUS_MINUTE_STREAM;VERIFIED_MODEL_GRID,a09d9d5165912f31cf48d0336beaf2a6250ad29ca3ae870e0a61b8640767835f,2026-09-17T13:58:00+00:00,2026-09-17 18:58:00,83.1,1004.8,77
17.2,25.3,55.3,1568.6,455.4,70.8,8.9,4.4,1.1,446.0,263.0,15.5,6.7,41.0,28.1,24.96,False,4095,0.0,5.0,0.0,EXT-OPEN-METEO-KHI,KARACHI,OPENSOURCE_API_GRID,840,,,,0.95,True,True,TIER2_OPENSOURCE_PURE;CONTINUOUS_MINUTE_STREAM;VERIFIED_MODEL_GRID,ed5e8682d77842d5afa19d245c6fa3f0614b6587aa63e14282a743f2e95eed47,2026-09-17T13:59:00+00:00,2026-09-17 18:59:00,83.1,1004.8,77
17.2,25.3,55.4,1568.6,455.4,70.8,8.9,4.4,1.1,446.0,263.0,15.5,6.7,41.0,28.1,24.96,False,4095,0.0,5.0,0.0,EXT-OPEN-METEO-KHI,KARACHI,OPENSOURCE_API_GRID,841,,,,0.95,True,False,TIER2_OPENSOURCE_PURE;HOURLY_NODE;VERIFIED_MODEL_GRID,ee6c29c189e93aa17ff1cd196dadfbc50b45361397cbd5a050786718a9ce3a0d,2026-09-17T14:00:00+00:00,2026-09-17 19:00:00,83.1,1004.8,76
17.3,25.4,55.4,1574.8,457.2,71.1,8.9,4.4,1.1,446.0,263.0,15.5,6.7,41.0,28.1,24.96,False,4095,0.0,5.0,0.0,EXT-OPEN-METEO-KHI,KARACHI,OPENSOURCE_API_GRID,842,,,,0.95,True,True,TIER2_OPENSOURCE_PURE;CONTINUOUS_MINUTE_STREAM;VERIFIED_MODEL_GRID,ed8101b5075a7fd06e97fe25a4721d56e386813e6b1f4cef2f99f3767552d436,2026-09-17T14:01:00+00:00,2026-09-17 19:01:00,83.1,1004.8,76
17.3,25.4,55.4,1574.8,457.2,71.1,8.9,4.4,1.1,446.0,262.9,15.5,6.7,41.0,28.1,24.96,False,4095,0.0,5.0,0.0,EXT-OPEN-METEO-KHI,KARACHI,OPENSOURCE_API_GRID,843,,,,0.95,True,True,TIER2_OPENSOURCE_PURE;CONTINUOUS_MINUTE_STREAM;VERIFIED_MODEL_GRID,10aafc579191cdac4284326185f720349d128e248f1570bd9ffaa03a709894da,2026-09-17T14:02:00+00:00,2026-09-17 19:02:00,83.1,1004.8,76
17.3,25.4,55.4,1574.8,457.2,71.1,8.9,4.4,1.1,446.0,262.9,15.5,6.7,41.0,28.1,24.96,False,4095,0.0,5.0,0.0,EXT-OPEN-METEO-KHI,KARACHI,OPENSOURCE_API_GRID,844,,,,0.95,True,True,TIER2_OPENSOURCE_PURE;CONTINUOUS_MINUTE_STREAM;VERIFIED_MODEL_GRID,c0f05278c0412fe6fd7050fbe19b8013ab8e5707d500970c85b50f6d40d750df,2026-09-17T14:03:00+00:00,2026-09-17 19:03:00,83.1,1004.8,76
17.2,25.3,55.3,1568.6,455.4,70.8,8.9,4.4,1.1,446.0,262.8,15.5,6.7,40.9,28.1,24.96,False,4095,0.0,5.1,0.0,EXT-OPEN-METEO-KHI,KARACHI,OPENSOURCE_API_GRID,845,,,,0.95,True,True,TIER2_OPENSOURCE_PURE;CONTINUOUS_MINUTE_STREAM;VERIFIED_MODEL_GRID,91449a06edf8792ea084836446d98a74401115d19843caa2c30faabe4081c4ec,2026-09-17T14:04:00+00:00,2026-09-17 19:04:00,83.1,1004.8,76
17.2,25.3,55.2,1568.6,455.4,70.8,8.9,4.4,1.1,446.0,262.7,15.5,6.7,40.9,28.1,24.96,False,4095,0.0,5.1,0.0,EXT-OPEN-METEO-KHI,KARACHI,OPENSOURCE_API_GRID,846,,,,0.95,True,True,TIER2_OPENSOURCE_PURE;CONTINUOUS_MINUTE_STREAM;VERIFIED_MODEL_GRID,acd7c6a11444d60a12cb8d3d20f449e8a74f04bc0586d195c22d610b556fb023,2026-09-17T14:05:00+00:00,2026-09-17 19:05:00,83.1,1004.8,76
17.1,25.2,55.1,1562.4,453.6,70.6,8.8,4.4,1.1,446.0,262.5,15.5,6.7,40.8,28.1,24.96,False,4095,0.0,5.1,0.0,EXT-OPEN-METEO-KHI,KARACHI,OPENSOURCE_API_GRID,847,,,,0.95,True,True,TIER2_OPENSOURCE_PURE;CONTINUOUS_MINUTE_STREAM;VERIFIED_MODEL_GRID,6da2e59190cf293c43e8056abb65ac04b4b89448375d84f0876a0a880b054830,2026-09-17T14:06:00+00:00,2026-09-17 19:06:00,83.1,1004.8,76
17.1,25.1,54.9,1556.2,451.8,70.3,8.8,4.4,1.1,446.0,262.4,15.6,6.7,40.7,28.1,24.96,False,4095,0.0,5.2,0.0,EXT-OPEN-METEO-KHI,KARACHI,OPENSOURCE_API_GRID,848,,,,0.95,True,True,TIER2_OPENSOURCE_PURE;CONTINUOUS_MINUTE_STREAM;VERIFIED_MODEL_GRID,df833db2c2949105a296b8b03cf0f2d7086cdf3d05cb367e1355ec0ef0e100fe,2026-09-17T14:07:00+00:00,2026-09-17 19:07:00,83.1,1004.8,76
17.0,25.0,54.7,1550.0,450.0,70.0,8.8,4.4,1.1,446.0,262.2,15.6,6.7,40.7,28.1,24.94,False,4095,0.0,5.3,0.0,EXT-OPEN-METEO-KHI,KARACHI,OPENSOURCE_API_GRID,849,,,,0.95,True,True,TIER2_OPENSOURCE_PURE;CONTINUOUS_MINUTE_STREAM;VERIFIED_MODEL_GRID,040c9cdce52718605c2efb0d852d4965eea0325e0d376def6a70b2d707fdbeb5,2026-09-17T14:08:00+00:00,2026-09-17 19:08:00,83.0,1004.8,76
16.9,24.9,54.5,1543.8,448.2,69.7,8.7,4.4,1.1,446.0,262.0,15.6,6.7,40.6,28.1,24.94,False,4095,0.0,5.3,0.0,EXT-OPEN-METEO-KHI,KARACHI,OPENSOURCE_API_GRID,850,,,,0.95,True,True,TIER2_OPENSOURCE_PURE;CONTINUOUS_MINUTE_STREAM;VERIFIED_MODEL_GRID,19dd9db95ab40ea16d966300a06c26d3382c1b15163c7d824a7933e359dd747b,2026-09-17T14:09:00+00:00,2026-09-17 19:09:00,83.0,1004.8,76
16.9,24.8,54.3,1537.6,446.4,69.4,8.7,4.3,1.1,446.0,261.7,15.6,6.7,40.5,28.1,24.94,False,4095,0.0,5.4,0.0,EXT-OPEN-METEO-KHI,KARACHI,OPENSOURCE_API_GRID,851,,,,0.95,True,True,TIER2_OPENSOURCE_PURE;CONTINUOUS_MINUTE_STREAM;VERIFIED_MODEL_GRID,da897d273afc93065c64b68655f8bd8fce79351fe55c178e5bbc1d0d25102b9e,2026-09-17T14:10:00+00:00,2026-09-17 19:10:00,83.0,1004.9,76
16.7,24.6,54.0,1525.2,442.8,68.9,8.6,4.3,1.1,446.0,261.5,15.7,6.7,40.4,28.1,24.96,False,4095,0.0,5.5,0.0,EXT-OPEN-METEO-KHI,KARACHI,OPENSOURCE_API_GRID,852,,,,0.95,True,True,TIER2_OPENSOURCE_PURE;CONTINUOUS_MINUTE_STREAM;VERIFIED_MODEL_GRID,a8f7c7fda69531fc36a424e3d295c552d29acd4100be048fdb9a45ace88f0621,2026-09-17T14:11:00+00:00,2026-09-17 19:11:00,83.1,1004.9,76
16.7,24.5,53.7,1519.0,441.0,68.6,8.6,4.3,1.1,446.0,261.2,15.7,6.7,40.2,28.1,24.96,False,4095,0.0,5.6,0.0,EXT-OPEN-METEO-KHI,KARACHI,OPENSOURCE_API_GRID,853,,,,0.95,True,True,TIER2_OPENSOURCE_PURE;CONTINUOUS_MINUTE_STREAM;VERIFIED_MODEL_GRID,983b8db545c846296b151f9c673455a4cacbe441fe5314d6a03e10ee0306a407,2026-09-17T14:12:00+00:00,2026-09-17 19:12:00,83.1,1004.9,76
16.5,24.3,53.4,1506.6,437.4,68.0,8.5,4.3,1.1,446.0,260.9,15.7,6.7,40.1,28.1,24.96,False,4095,0.0,5.7,0.0,EXT-OPEN-METEO-KHI,KARACHI,OPENSOURCE_API_GRID,854,,,,0.95,True,True,TIER2_OPENSOURCE_PURE;CONTINUOUS_MINUTE_STREAM;VERIFIED_MODEL_GRID,acef16ebfb60d60929a2da259c4e5fc804eba73bb8523c3d047b534ca4572193,2026-09-17T14:13:00+00:00,2026-09-17 19:13:00,83.1,1004.9,76
16.5,24.2,53.1,1500.4,435.6,67.8,8.5,4.2,1.1,446.0,260.6,15.7,6.7,40.0,28.1,24.96,False,4095,0.0,5.8,0.0,EXT-OPEN-METEO-KHI,KARACHI,OPENSOURCE_API_GRID,855,,,,0.95,True,True,TIER2_OPENSOURCE_PURE;CONTINUOUS_MINUTE_STREAM;VERIFIED_MODEL_GRID,b5b6fa090f7449fdc1a4e3ff90dbb4bf6d0bd09290461baa3d102f54954ca874,2026-09-17T14:14:00+00:00,2026-09-17 19:14:00,83.1,1004.9,76
16.3,24.0,52.7,1488.0,432.0,67.2,8.4,4.2,1.1,446.0,260.2,15.8,6.7,39.8,28.1,24.96,False,4095,0.0,5.9,0.0,EXT-OPEN-METEO-KHI,KARACHI,OPENSOURCE_API_GRID,856,,,,0.95,True,True,TIER2_OPENSOURCE_PURE;CONTINUOUS_MINUTE_STREAM;VERIFIED_MODEL_GRID,6b1865d347406d2147393d38fff3a0bf613c954d184cdb95effde8feb2fa5984,2026-09-17T14:15:00+00:00,2026-09-17 19:15:00,83.1,1004.9,76
16.3,23.9,52.4,1481.8,430.2,66.9,8.4,4.2,1.0,446.0,259.9,15.8,6.7,39.7,28.1,24.98,False,4095,0.0,6.0,0.0,EXT-OPEN-METEO-KHI,KARACHI,OPENSOURCE_API_GRID,857,,,,0.95,True,True,TIER2_OPENSOURCE_PURE;CONTINUOUS_MINUTE_STREAM;VERIFIED_MODEL_GRID,6425a5a9960ed6f17ba51f3f8ab8faf808a837fc602a5c5c668afb710214664f,2026-09-17T14:16:00+00:00,2026-09-17 19:16:00,83.2,1004.9,76
16.1,23.7,52.1,1469.4,426.6,66.4,8.3,4.2,1.0,446.0,259.5,15.9,6.7,39.5,28.0,24.88,False,4095,0.0,6.1,0.0,EXT-OPEN-METEO-KHI,KARACHI,OPENSOURCE_API_GRID,858,,,,0.95,True,True,TIER2_OPENSOURCE_PURE;CONTINUOUS_MINUTE_STREAM;VERIFIED_MODEL_GRID,3997db35907e4fb43829c893eea7d944b8b001f3420c9784266010acc668181a,2026-09-17T14:17:00+00:00,2026-09-17 19:17:00,83.2,1004.9,76
16.0,23.6,51.7,1463.2,424.8,66.1,8.3,4.1,1.0,446.0,259.1,15.9,6.7,39.4,28.0,24.9,False,4095,0.0,6.2,0.0,EXT-OPEN-METEO-KHI,KARACHI,OPENSOURCE_API_GRID,859,,,,0.95,True,True,TIER2_OPENSOURCE_PURE;CONTINUOUS_MINUTE_STREAM;VERIFIED_MODEL_GRID,00d18c3be2554e155d28a76add592c63ba8e2e168d599517de0987942394ebeb,2026-09-17T14:18:00+00:00,2026-09-17 19:18:00,83.3,1004.9,76
15.9,23.4,51.4,1450.8,421.2,65.5,8.2,4.1,1.0,446.0,258.7,15.9,6.7,39.2,28.0,24.9,False,4095,0.0,6.4,0.0,EXT-OPEN-METEO-KHI,KARACHI,OPENSOURCE_API_GRID,860,,,,0.95,True,True,TIER2_OPENSOURCE_PURE;CONTINUOUS_MINUTE_STREAM;VERIFIED_MODEL_GRID,55a2fc6337498a455ac35c99354184f9c8a10fbcec82d52ceb6b3886e6d86e8d,2026-09-17T14:19:00+00:00,2026-09-17 19:19:00,83.3,1004.9,76
15.8,23.3,51.1,1444.6,419.4,65.2,8.2,4.1,1.0,446.0,258.2,16.0,6.7,39.0,28.0,24.92,False,4095,0.0,6.5,0.0,EXT-OPEN-METEO-KHI,KARACHI,OPENSOURCE_API_GRID,861,,,,0.95,True,True,TIER2_OPENSOURCE_PURE;CONTINUOUS_MINUTE_STREAM;VERIFIED_MODEL_GRID,e4e4548c7cbc9ca9a121dc93fc5a8822d757e435b3ba099aa6c37c3a0e461638,2026-09-17T14:20:00+00:00,2026-09-17 19:20:00,83.4,1004.9,76
15.7,23.1,50.8,1432.2,415.8,64.7,8.1,4.1,1.0,446.0,257.8,16.0,6.7,38.8,28.0,24.92,False,4095,0.0,6.6,0.0,EXT-OPEN-METEO-KHI,KARACHI,OPENSOURCE_API_GRID,862,,,,0.95,True,True,TIER2_OPENSOURCE_PURE;CONTINUOUS_MINUTE_STREAM;VERIFIED_MODEL_GRID,28c7769abfd634fb41c9c9e070deff83902fa17dcf102dbb15af663e8b49c77e,2026-09-17T14:21:00+00:00,2026-09-17 19:21:00,83.4,1004.9,76
15.6,23.0,50.5,1426.0,414.0,64.4,8.0,4.0,1.0,446.0,257.4,16.1,6.7,38.6,28.0,24.94,False,4095,0.0,6.8,0.0,EXT-OPEN-METEO-KHI,KARACHI,OPENSOURCE_API_GRID,863,,,,0.95,True,True,TIER2_OPENSOURCE_PURE;CONTINUOUS_MINUTE_STREAM;VERIFIED_MODEL_GRID,9b3b4e9157757af9b6f7a4baeede41a26bab09734b348e57fa3b41929a1b7689,2026-09-17T14:22:00+00:00,2026-09-17 19:22:00,83.5,1004.9,76
15.6,22.9,50.1,1419.8,412.2,64.1,8.0,4.0,1.0,446.0,256.9,16.1,6.7,38.4,28.0,24.96,False,4095,0.0,6.9,0.0,EXT-OPEN-METEO-KHI,KARACHI,OPENSOURCE_API_GRID,864,,,,0.95,True,True,TIER2_OPENSOURCE_PURE;CONTINUOUS_MINUTE_STREAM;VERIFIED_MODEL_GRID,b83bc798e92acce7b6287c6a8452f7322ff7c1f137dd3ba7f2a78c1ba5a7263e,2026-09-17T14:23:00+00:00,2026-09-17 19:23:00,83.6,1005.0,76
15.4,22.7,49.8,1407.4,408.6,63.6,7.9,4.0,1.0,446.0,256.4,16.2,6.7,38.2,28.0,24.98,False,4095,0.0,7.1,0.0,EXT-OPEN-METEO-KHI,KARACHI,OPENSOURCE_API_GRID,865,,,,0.95,True,True,TIER2_OPENSOURCE_PURE;CONTINUOUS_MINUTE_STREAM;VERIFIED_MODEL_GRID,5b51efaa2c4ef9ffee1aa259a75f1f376514f84f146111834602a4f3548ddeda,2026-09-17T14:24:00+00:00,2026-09-17 19:24:00,83.7,1005.0,76
15.4,22.6,49.5,1401.2,406.8,63.3,7.9,4.0,1.0,446.0,256.0,16.2,6.7,38.0,28.0,24.98,False,4095,0.0,7.2,0.0,EXT-OPEN-METEO-KHI,KARACHI,OPENSOURCE_API_GRID,866,,,,0.95,True,True,TIER2_OPENSOURCE_PURE;CONTINUOUS_MINUTE_STREAM;VERIFIED_MODEL_GRID,e3f04265ad4a010e71c431f623943ce39b0bfc290bdb7609a2bc399d12bb224e,2026-09-17T14:25:00+00:00,2026-09-17 19:25:00,83.7,1005.0,76
15.3,22.5,49.2,1395.0,405.0,63.0,7.9,3.9,1.0,446.0,255.5,16.3,6.7,37.8,28.0,25.0,False,4095,0.0,7.4,0.0,EXT-OPEN-METEO-KHI,KARACHI,OPENSOURCE_API_GRID,867,,,,0.95,True,True,TIER2_OPENSOURCE_PURE;CONTINUOUS_MINUTE_STREAM;VERIFIED_MODEL_GRID,2d86241fdf5ab27564ffdbb7d5b0b6ba260ec255ae6cb60489935f350070666c,2026-09-17T14:26:00+00:00,2026-09-17 19:26:00,83.8,1005.0,76
15.2,22.3,48.9,1382.6,401.4,62.4,7.8,3.9,1.0,446.0,255.0,16.3,6.7,37.6,28.0,25.02,False,4095,0.0,7.5,0.0,EXT-OPEN-METEO-KHI,KARACHI,OPENSOURCE_API_GRID,868,,,,0.95,True,True,TIER2_OPENSOURCE_PURE;CONTINUOUS_MINUTE_STREAM;VERIFIED_MODEL_GRID,de00d2f065c494f72a66869580bf2d0489b757ff2a7d24c81d0f2bf9e9fb34af,2026-09-17T14:27:00+00:00,2026-09-17 19:27:00,83.9,1005.0,76
15.0,22.1,48.3,1370.2,397.8,61.9,7.7,3.9,1.0,446.0,254.5,16.4,6.7,37.4,28.1,25.14,False,4095,0.0,7.7,0.0,EXT-OPEN-METEO-KHI,KARACHI,OPENSOURCE_API_GRID,869,,,,0.95,True,True,TIER2_OPENSOURCE_PURE;CONTINUOUS_MINUTE_STREAM;VERIFIED_MODEL_GRID,8614a915acc750dbbd772e8269fe9aaa2a8aeb772c6e36b7e2b9f2160e6d5edd,2026-09-17T14:28:00+00:00,2026-09-17 19:28:00,84.0,1005.0,76
14.9,21.9,48.0,1357.8,394.2,61.3,7.7,3.8,1.0,446.0,254.0,16.4,6.7,37.2,28.1,25.16,False,4095,0.0,7.8,0.0,EXT-OPEN-METEO-KHI,KARACHI,OPENSOURCE_API_GRID,870,,,,0.95,True,True,TIER2_OPENSOURCE_PURE;CONTINUOUS_MINUTE_STREAM;VERIFIED_MODEL_GRID,112eb3a9fa744f8fdd9ad5949b74344dd0019035281305453386c77ef42a91bd,2026-09-17T14:29:00+00:00,2026-09-17 19:29:00,84.1,1005.0,76
14.8,21.8,47.7,1351.6,392.4,61.0,7.6,3.8,1.0,446.0,253.5,16.4,6.7,37.0,28.1,25.16,False,4095,0.0,8.0,0.0,EXT-OPEN-METEO-KHI,KARACHI,OPENSOURCE_API_GRID,871,,,,0.95,True,True,TIER2_OPENSOURCE_PURE;CONTINUOUS_MINUTE_STREAM;VERIFIED_MODEL_GRID,5e550b2d03e4061b15b54cfe7952d948006edb7a66630cb30c419f27c4e89e47,2026-09-17T14:30:00+00:00,2026-09-17 19:30:00,84.1,1005.1,76
14.7,21.6,47.3,1339.2,388.8,60.5,7.6,3.8,0.9,446.0,253.0,16.5,6.7,36.8,28.1,25.18,False,4095,0.0,8.2,0.0,EXT-OPEN-METEO-KHI,KARACHI,OPENSOURCE_API_GRID,872,,,,0.95,True,True,TIER2_OPENSOURCE_PURE;CONTINUOUS_MINUTE_STREAM;VERIFIED_MODEL_GRID,a9145dd7d6c4c92c3f31cfa687995063eb2694446c78913f3b3779c652939a85,2026-09-17T14:31:00+00:00,2026-09-17 19:31:00,84.2,1005.1,76
14.6,21.5,47.0,1333.0,387.0,60.2,7.5,3.8,0.9,446.0,252.5,16.5,6.7,36.6,28.1,25.18,False,4095,0.0,8.3,0.0,EXT-OPEN-METEO-KHI,KARACHI,OPENSOURCE_API_GRID,873,,,,0.95,True,True,TIER2_OPENSOURCE_PURE;CONTINUOUS_MINUTE_STREAM;VERIFIED_MODEL_GRID,964a2ff6626adae3bc231ca7b17c885d2940306c7a6a779671c21da7dbacdcf4,2026-09-17T14:32:00+00:00,2026-09-17 19:32:00,84.2,1005.1,76
14.5,21.3,46.6,1320.6,383.4,59.6,7.5,3.7,0.9,446.0,252.0,16.6,6.7,36.4,28.1,25.2,False,4095,0.0,8.5,0.0,EXT-OPEN-METEO-KHI,KARACHI,OPENSOURCE_API_GRID,874,,,,0.95,True,True,TIER2_OPENSOURCE_PURE;CONTINUOUS_MINUTE_STREAM;VERIFIED_MODEL_GRID,a0779f862cb876e1310382c4eda339792f03db3daa07d16441e9c726fbf30a29,2026-09-17T14:33:00+00:00,2026-09-17 19:33:00,84.3,1005.1,76
14.4,21.2,46.3,1314.4,381.6,59.4,7.4,3.7,0.9,446.0,251.5,16.6,6.7,36.2,28.1,25.2,False,4095,0.0,8.6,0.0,EXT-OPEN-METEO-KHI,KARACHI,OPENSOURCE_API_GRID,875,,,,0.95,True,True,TIER2_OPENSOURCE_PURE;CONTINUOUS_MINUTE_STREAM;VERIFIED_MODEL_GRID,737b64ee3ce0bd10d8a3441b9bd68d6de57a66b482bd8cc015456497ca9641b0,2026-09-17T14:34:00+00:00,2026-09-17 19:34:00,84.3,1005.1,76
14.3,21.0,45.9,1302.0,378.0,58.8,7.3,3.7,0.9,446.0,251.0,16.7,6.7,36.0,28.1,25.2,False,4095,0.0,8.8,0.0,EXT-OPEN-METEO-KHI,KARACHI,OPENSOURCE_API_GRID,876,,,,0.95,True,True,TIER2_OPENSOURCE_PURE;CONTINUOUS_MINUTE_STREAM;VERIFIED_MODEL_GRID,c7257ee32b5c0dd85a3e60302ae56ffa0038cabfb8c40419959abfe24006d142,2026-09-17T14:35:00+00:00,2026-09-17 19:35:00,84.3,1005.1,76
14.1,20.8,45.5,1289.6,374.4,58.2,7.3,3.6,0.9,446.0,250.6,16.7,6.7,35.8,28.1,25.2,False,4095,0.0,8.9,0.0,EXT-OPEN-METEO-KHI,KARACHI,OPENSOURCE_API_GRID,877,,,,0.95,True,True,TIER2_OPENSOURCE_PURE;CONTINUOUS_MINUTE_STREAM;VERIFIED_MODEL_GRID,784976665d75fd2cf9b14b3a1f537e78478341437769de2a357c30226dae7b2b,2026-09-17T14:36:00+00:00,2026-09-17 19:36:00,84.3,1005.1,76
14.0,20.6,45.1,1277.2,370.8,57.7,7.2,3.6,0.9,446.0,250.1,16.8,6.7,35.6,28.1,25.22,False,4095,0.0,9.1,0.0,EXT-OPEN-METEO-KHI,KARACHI,OPENSOURCE_API_GRID,878,,,,0.95,True,True,TIER2_OPENSOURCE_PURE;CONTINUOUS_MINUTE_STREAM;VERIFIED_MODEL_GRID,2a8e80c3392fb666714c1f45fcc6c62a04f116e65920b2e82a832d29d07ec635,2026-09-17T14:37:00+00:00,2026-09-17 19:37:00,84.4,1005.2,76
13.9,20.4,44.7,1264.8,367.2,57.1,7.1,3.6,0.9,446.0,249.6,16.8,6.7,35.4,28.1,25.22,False,4095,0.0,9.2,0.0,EXT-OPEN-METEO-KHI,KARACHI,OPENSOURCE_API_GRID,879,,,,0.95,True,True,TIER2_OPENSOURCE_PURE;CONTINUOUS_MINUTE_STREAM;VERIFIED_MODEL_GRID,5964106f2fd7006bf14d36007e1d68df6a341c62cc738d60c7e7fb2ce384bec0,2026-09-17T14:38:00+00:00,2026-09-17 19:38:00,84.4,1005.2,76
13.7,20.2,44.3,1252.4,363.6,56.6,7.1,3.5,0.9,446.0,249.2,16.9,6.7,35.2,28.1,25.22,False,4095,0.0,9.4,0.0,EXT-OPEN-METEO-KHI,KARACHI,OPENSOURCE_API_GRID,880,,,,0.95,True,True,TIER2_OPENSOURCE_PURE;CONTINUOUS_MINUTE_STREAM;VERIFIED_MODEL_GRID,67e62d44a21930250d19db17bb20538a5c0b794358e3d29c0f6d6882f515b94d,2026-09-17T14:39:00+00:00,2026-09-17 19:39:00,84.4,1005.2,76
13.6,20.0,43.9,1240.0,360.0,56.0,7.0,3.5,0.9,446.0,248.8,16.9,6.7,35.0,28.1,25.22,False,4095,0.0,9.5,0.0,EXT-OPEN-METEO-KHI,KARACHI,OPENSOURCE_API_GRID,881,,,,0.95,True,True,TIER2_OPENSOURCE_PURE;CONTINUOUS_MINUTE_STREAM;VERIFIED_MODEL_GRID,31c3e80bde631a7ce93ef4a6af3b8deee9be4d5e92680a0aca862169a8efa01a,2026-09-17T14:40:00+00:00,2026-09-17 19:40:00,84.4,1005.2,76
13.5,19.8,43.5,1227.6,356.4,55.4,6.9,3.5,0.9,446.0,248.3,17.0,6.7,34.8,28.0,25.14,False,4095,0.0,9.6,0.0,EXT-OPEN-METEO-KHI,KARACHI,OPENSOURCE_API_GRID,882,,,,0.95,True,True,TIER2_OPENSOURCE_PURE;CONTINUOUS_MINUTE_STREAM;VERIFIED_MODEL_GRID,2859c8031bb0cafbf179ded1d7dea1102fd57dddaf0897088bf44a2ed9446c01,2026-09-17T14:41:00+00:00,2026-09-17 19:41:00,84.5,1005.2,76
13.3,19.6,43.1,1215.2,352.8,54.9,6.9,3.4,0.9,446.0,247.9,17.0,6.7,34.6,28.0,25.14,False,4095,0.0,9.8,0.0,EXT-OPEN-METEO-KHI,KARACHI,OPENSOURCE_API_GRID,883,,,,0.95,True,True,TIER2_OPENSOURCE_PURE;CONTINUOUS_MINUTE_STREAM;VERIFIED_MODEL_GRID,65425d08eca4ba3205f987f69d08d27d2576fa79826f68eee98763ca9bc3dda9,2026-09-17T14:42:00+00:00,2026-09-17 19:42:00,84.5,1005.2,76
13.3,19.5,42.7,1209.0,351.0,54.6,6.8,3.4,0.9,446.0,247.5,17.0,6.7,34.5,28.0,25.14,False,4095,0.0,9.9,0.0,EXT-OPEN-METEO-KHI,KARACHI,OPENSOURCE_API_GRID,884,,,,0.95,True,True,TIER2_OPENSOURCE_PURE;CONTINUOUS_MINUTE_STREAM;VERIFIED_MODEL_GRID,1eb6cc7adba28c6db7f78bcb78eae493f1ee2aaff07954649a86dc0bcdbb5880,2026-09-17T14:43:00+00:00,2026-09-17 19:43:00,84.5,1005.2,76
13.1,19.3,42.3,1196.6,347.4,54.0,6.8,3.4,0.8,446.0,247.1,17.1,6.7,34.3,28.0,25.14,False,4095,0.0,10.0,0.0,EXT-OPEN-METEO-KHI,KARACHI,OPENSOURCE_API_GRID,885,,,,0.95,True,True,TIER2_OPENSOURCE_PURE;CONTINUOUS_MINUTE_STREAM;VERIFIED_MODEL_GRID,bc017e96ca779e98b613ebe8cd760dc8ff37a8217c7d1a47ef3729574df9bf34,2026-09-17T14:44:00+00:00,2026-09-17 19:44:00,84.5,1005.2,76
13.0,19.1,42.0,1184.2,343.8,53.5,6.7,3.4,0.8,446.0,246.8,17.1,6.7,34.2,28.0,25.16,False,4095,0.0,10.1,0.0,EXT-OPEN-METEO-KHI,KARACHI,OPENSOURCE_API_GRID,886,,,,0.95,True,True,TIER2_OPENSOURCE_PURE;CONTINUOUS_MINUTE_STREAM;VERIFIED_MODEL_GRID,539ba42ca650a17c0d257852ec3963e504756966535d24e69f06e89c002b89c5,2026-09-17T14:45:00+00:00,2026-09-17 19:45:00,84.6,1005.2,76
12.9,18.9,41.6,1171.8,340.2,52.9,6.6,3.3,0.8,446.0,246.4,17.2,6.7,34.0,28.0,25.16,False,4095,0.0,10.2,0.0,EXT-OPEN-METEO-KHI,KARACHI,OPENSOURCE_API_GRID,887,,,,0.95,True,True,TIER2_OPENSOURCE_PURE;CONTINUOUS_MINUTE_STREAM;VERIFIED_MODEL_GRID,19f65d48f3e8a8db52a7b331f49c70f2f51d83f6884eed71d5d7514090786c98,2026-09-17T14:46:00+00:00,2026-09-17 19:46:00,84.6,1005.3,76
12.8,18.8,41.3,1165.6,338.4,52.6,6.6,3.3,0.8,446.0,246.1,17.2,6.7,33.9,28.0,25.16,False,4095,0.0,10.3,0.0,EXT-OPEN-METEO-KHI,KARACHI,OPENSOURCE_API_GRID,888,,,,0.95,True,True,TIER2_OPENSOURCE_PURE;CONTINUOUS_MINUTE_STREAM;VERIFIED_MODEL_GRID,5e4f633e0cb26b0929260cdc70825c95a60ff677339489384da0c31a55201f84,2026-09-17T14:47:00+00:00,2026-09-17 19:47:00,84.6,1005.3,76
12.7,18.7,41.1,1159.4,336.6,52.4,6.5,3.3,0.8,446.0,245.8,17.2,6.7,33.8,28.0,25.18,False,4095,0.0,10.4,0.0,EXT-OPEN-METEO-KHI,KARACHI,OPENSOURCE_API_GRID,889,,,,0.95,True,True,TIER2_OPENSOURCE_PURE;CONTINUOUS_MINUTE_STREAM;VERIFIED_MODEL_GRID,4384fa44d07d53823f1b404e2b5ceea1bbc4eb0a8408f36c1a1e474e287cff96,2026-09-17T14:48:00+00:00,2026-09-17 19:48:00,84.7,1005.3,76
12.6,18.6,40.8,1153.2,334.8,52.1,6.5,3.3,0.8,446.0,245.5,17.2,6.7,33.6,28.0,25.18,False,4095,0.0,10.5,0.0,EXT-OPEN-METEO-KHI,KARACHI,OPENSOURCE_API_GRID,890,,,,0.95,True,True,TIER2_OPENSOURCE_PURE;CONTINUOUS_MINUTE_STREAM;VERIFIED_MODEL_GRID,93c68139e99822186df84b061f280e93465d8a4b9e04218dc28f27500157bbaa,2026-09-17T14:49:00+00:00,2026-09-17 19:49:00,84.7,1005.3,76
12.6,18.5,40.6,1147.0,333.0,51.8,6.5,3.2,0.8,446.0,245.3,17.3,6.7,33.5,28.0,25.18,False,4095,0.0,10.6,0.0,EXT-OPEN-METEO-KHI,KARACHI,OPENSOURCE_API_GRID,891,,,,0.95,True,True,TIER2_OPENSOURCE_PURE;CONTINUOUS_MINUTE_STREAM;VERIFIED_MODEL_GRID,2ed18d513d4baa906c14b2a84bcd664e0d63bb51d3521938150aaad29dc46179,2026-09-17T14:50:00+00:00,2026-09-17 19:50:00,84.7,1005.3,76
12.5,18.4,40.5,1140.8,331.2,51.5,6.4,3.2,0.8,446.0,245.0,17.3,6.7,33.4,28.0,25.2,False,4095,0.0,10.7,0.0,EXT-OPEN-METEO-KHI,KARACHI,OPENSOURCE_API_GRID,892,,,,0.95,True,True,TIER2_OPENSOURCE_PURE;CONTINUOUS_MINUTE_STREAM;VERIFIED_MODEL_GRID,b7c9c81642d7c002407fd35c775a1eeb0a023293e849e3b3d983173e85f8e4a6,2026-09-17T14:51:00+00:00,2026-09-17 19:51:00,84.8,1005.3,76
12.4,18.3,40.3,1134.6,329.4,51.2,6.4,3.2,0.8,446.0,244.8,17.3,6.7,33.3,28.0,25.2,False,4095,0.0,10.7,0.0,EXT-OPEN-METEO-KHI,KARACHI,OPENSOURCE_API_GRID,893,,,,0.95,True,True,TIER2_OPENSOURCE_PURE;CONTINUOUS_MINUTE_STREAM;VERIFIED_MODEL_GRID,cb93877bffb993e873434ecee21b25628a1a6f3551c01b6daa9fd1e79533c5ed,2026-09-17T14:52:00+00:00,2026-09-17 19:52:00,84.8,1005.3,76
12.4,18.3,40.2,1134.6,329.4,51.2,6.4,3.2,0.8,446.0,244.6,17.3,6.7,33.3,28.0,25.22,False,4095,0.0,10.8,0.0,EXT-OPEN-METEO-KHI,KARACHI,OPENSOURCE_API_GRID,894,,,,0.95,True,True,TIER2_OPENSOURCE_PURE;CONTINUOUS_MINUTE_STREAM;VERIFIED_MODEL_GRID,5b136a09164b0900f8b11d6d6b612b35352541e93bd24d3029483de12fc27866,2026-09-17T14:53:00+00:00,2026-09-17 19:53:00,84.9,1005.3,76
12.4,18.3,40.1,1134.6,329.4,51.2,6.4,3.2,0.8,446.0,244.5,17.4,6.7,33.2,28.0,25.22,False,4095,0.0,10.9,0.0,EXT-OPEN-METEO-KHI,KARACHI,OPENSOURCE_API_GRID,895,,,,0.95,True,True,TIER2_OPENSOURCE_PURE;CONTINUOUS_MINUTE_STREAM;VERIFIED_MODEL_GRID,edc7ab7e482c5632384de98514a9cd4d1d3fe93f123cdcb83cc44b576d4e26d8,2026-09-17T14:54:00+00:00,2026-09-17 19:54:00,84.9,1005.3,76
12.4,18.3,40.1,1134.6,329.4,51.2,6.4,3.2,0.8,446.0,244.3,17.4,6.7,33.1,28.0,25.22,False,4095,0.0,10.9,0.0,EXT-OPEN-METEO-KHI,KARACHI,OPENSOURCE_API_GRID,896,,,,0.95,True,True,TIER2_OPENSOURCE_PURE;CONTINUOUS_MINUTE_STREAM;VERIFIED_MODEL_GRID,c9ee2621ada0700118267f2f9483a517880dace91f790c428cdc2ee52df139e8,2026-09-17T14:55:00+00:00,2026-09-17 19:55:00,84.9,1005.3,76
12.4,18.3,40.0,1134.6,329.4,51.2,6.4,3.2,0.8,446.0,244.2,17.4,6.7,33.1,28.0,25.24,False,4095,0.0,10.9,0.0,EXT-OPEN-METEO-KHI,KARACHI,OPENSOURCE_API_GRID,897,,,,0.95,True,True,TIER2_OPENSOURCE_PURE;CONTINUOUS_MINUTE_STREAM;VERIFIED_MODEL_GRID,88f6a9322d44eab64223a5e1e9a979b47dc00623b5027a4c4ff51beb83fb985c,2026-09-17T14:56:00+00:00,2026-09-17 19:56:00,85.0,1005.3,76
12.4,18.3,40.0,1134.6,329.4,51.2,6.4,3.2,0.8,446.0,244.1,17.4,6.7,33.0,28.0,25.24,False,4095,0.0,11.0,0.0,EXT-OPEN-METEO-KHI,KARACHI,OPENSOURCE_API_GRID,898,,,,0.95,True,True,TIER2_OPENSOURCE_PURE;CONTINUOUS_MINUTE_STREAM;VERIFIED_MODEL_GRID,81c0e7c30ca266479730874cee059e7b00aec052798688ee10682934ff30aec3,2026-09-17T14:57:00+00:00,2026-09-17 19:57:00,85.0,1005.3,76
12.4,18.3,40.1,1134.6,329.4,51.2,6.4,3.2,0.8,446.0,244.1,17.4,6.7,33.0,28.0,25.24,False,4095,0.0,11.0,0.0,EXT-OPEN-METEO-KHI,KARACHI,OPENSOURCE_API_GRID,899,,,,0.95,True,True,TIER2_OPENSOURCE_PURE;CONTINUOUS_MINUTE_STREAM;VERIFIED_MODEL_GRID,7c636f190bef59e20db54377e8bcde8916bc133fc2bc8d65cb56825c1e2efe1a,2026-09-17T14:58:00+00:00,2026-09-17 19:58:00,85.0,1005.3,76
12.4,18.2,39.9,1128.4,327.6,51.0,6.4,3.2,0.8,446.0,244.0,17.4,6.7,33.0,28.0,25.26,False,4095,0.0,11.0,0.0,EXT-OPEN-METEO-KHI,KARACHI,OPENSOURCE_API_GRID,900,,,,0.95,True,True,TIER2_OPENSOURCE_PURE;CONTINUOUS_MINUTE_STREAM;VERIFIED_MODEL_GRID,5337b7b5e33cbc327657da2aba67c8271e5b117dc825cf415f93e5cb42f224be,2026-09-17T14:59:00+00:00,2026-09-17 19:59:00,85.1,1005.3,76
12.4,18.2,40.0,1128.4,327.6,51.0,6.4,3.2,0.8,446.0,244.0,17.4,6.7,33.0,28.0,25.26,False,4095,0.0,11.0,0.0,EXT-OPEN-METEO-KHI,KARACHI,OPENSOURCE_API_GRID,901,,,,0.95,True,False,TIER2_OPENSOURCE_PURE;HOURLY_NODE;VERIFIED_MODEL_GRID,ae4c2b372904b58998943385545117d6eb48ee559f4713231a40bea92b811572,2026-09-17T15:00:00+00:00,2026-09-17 20:00:00,85.1,1005.3,76
12.4,18.3,40.0,1134.6,329.4,51.2,6.4,3.2,0.8,446.0,244.0,17.4,6.7,33.0,28.0,25.26,False,4095,0.0,11.0,0.0,EXT-OPEN-METEO-KHI,KARACHI,OPENSOURCE_API_GRID,902,,,,0.95,True,True,TIER2_OPENSOURCE_PURE;CONTINUOUS_MINUTE_STREAM;VERIFIED_MODEL_GRID,88029e9d22a0960ef8be86f7a5f7d2ce99081027a4f61e68ccfcdc48feb81a16,2026-09-17T15:01:00+00:00,2026-09-17 20:01:00,85.1,1005.3,76
12.4,18.3,40.1,1134.6,329.4,51.2,6.4,3.2,0.8,446.0,244.0,17.4,6.7,33.0,28.0,25.26,False,4095,0.0,11.0,0.0,EXT-OPEN-METEO-KHI,KARACHI,OPENSOURCE_API_GRID,903,,,,0.95,True,True,TIER2_OPENSOURCE_PURE;CONTINUOUS_MINUTE_STREAM;VERIFIED_MODEL_GRID,4f5d30cf8694e90f2102074919c80c8b3c392a2d98fd59d00e0e48609c57d562,2026-09-17T15:02:00+00:00,2026-09-17 20:02:00,85.1,1005.3,76
12.5,18.4,40.1,1140.8,331.2,51.5,6.4,3.2,0.8,446.0,243.9,17.4,6.7,33.0,28.0,25.26,False,4095,0.0,11.1,0.0,EXT-OPEN-METEO-KHI,KARACHI,OPENSOURCE_API_GRID,904,,,,0.95,True,True,TIER2_OPENSOURCE_PURE;CONTINUOUS_MINUTE_STREAM;VERIFIED_MODEL_GRID,22c165065318ab49fcd4c4aa239f6a444c18bf69b6b416405b662ade44fcbe9e,2026-09-17T15:03:00+00:00,2026-09-17 20:03:00,85.1,1005.3,76
12.5,18.4,40.2,1140.8,331.2,51.5,6.4,3.2,0.8,446.0,243.9,17.4,6.7,33.0,28.0,25.26,False,4095,0.0,11.1,0.0,EXT-OPEN-METEO-KHI,KARACHI,OPENSOURCE_API_GRID,905,,,,0.95,True,True,TIER2_OPENSOURCE_PURE;CONTINUOUS_MINUTE_STREAM;VERIFIED_MODEL_GRID,d0f7ccddc4384d8cb87cbe6c3bba14e7c5be60f72373f0611e09024a7101ff45,2026-09-17T15:04:00+00:00,2026-09-17 20:04:00,85.1,1005.3,76
12.5,18.4,40.2,1140.8,331.2,51.5,6.4,3.2,0.8,446.0,243.8,17.4,6.7,32.9,28.0,25.26,False,4095,0.0,11.2,0.0,EXT-OPEN-METEO-KHI,KARACHI,OPENSOURCE_API_GRID,906,,,,0.95,True,True,TIER2_OPENSOURCE_PURE;CONTINUOUS_MINUTE_STREAM;VERIFIED_MODEL_GRID,581a8c7db9057eace736df24392a0472e6414eb0fee8361d2c392aadabd20198,2026-09-17T15:05:00+00:00,2026-09-17 20:05:00,85.1,1005.3,76
12.5,18.4,40.2,1140.8,331.2,51.5,6.4,3.2,0.8,446.0,243.7,17.4,6.7,32.9,28.0,25.26,False,4095,0.0,11.2,0.0,EXT-OPEN-METEO-KHI,KARACHI,OPENSOURCE_API_GRID,907,,,,0.95,True,True,TIER2_OPENSOURCE_PURE;CONTINUOUS_MINUTE_STREAM;VERIFIED_MODEL_GRID,8aeebbd9b1567cddcff5f754028dd5d5db70d5d31f7beb1a928be2d9e808af29,2026-09-17T15:06:00+00:00,2026-09-17 20:06:00,85.1,1005.3,76
12.5,18.4,40.1,1140.8,331.2,51.5,6.4,3.2,0.8,446.0,243.6,17.4,6.7,32.9,28.0,25.26,False,4095,0.0,11.3,0.0,EXT-OPEN-METEO-KHI,KARACHI,OPENSOURCE_API_GRID,908,,,,0.95,True,True,TIER2_OPENSOURCE_PURE;CONTINUOUS_MINUTE_STREAM;VERIFIED_MODEL_GRID,9533ae1f176cab732d4ff536f82e651d92ae4a1da994fc7aaf2567f11aefd2eb,2026-09-17T15:07:00+00:00,2026-09-17 20:07:00,85.1,1005.3,76
12.5,18.4,40.1,1140.8,331.2,51.5,6.4,3.2,0.8,446.0,243.5,17.4,6.7,32.8,28.0,25.26,False,4095,0.0,11.4,0.0,EXT-OPEN-METEO-KHI,KARACHI,OPENSOURCE_API_GRID,909,,,,0.95,True,True,TIER2_OPENSOURCE_PURE;CONTINUOUS_MINUTE_STREAM;VERIFIED_MODEL_GRID,b30432af608abcfca206893700a383f851dbc5c6a4504b7746ff6f68126b33fb,2026-09-17T15:08:00+00:00,2026-09-17 20:08:00,85.1,1005.4,76
12.4,18.3,40.0,1134.6,329.4,51.2,6.4,3.2,0.8,446.0,243.4,17.4,6.7,32.8,28.0,25.26,False,4095,0.0,11.5,0.0,EXT-OPEN-METEO-KHI,KARACHI,OPENSOURCE_API_GRID,910,,,,0.95,True,True,TIER2_OPENSOURCE_PURE;CONTINUOUS_MINUTE_STREAM;VERIFIED_MODEL_GRID,ead4bd573072e49a129bc07e09a0ac2982398591f84da86908419a5d74476e70,2026-09-17T15:09:00+00:00,2026-09-17 20:09:00,85.1,1005.4,76
12.4,18.3,40.0,1134.6,329.4,51.2,6.4,3.2,0.8,446.0,243.3,17.5,6.7,32.7,28.0,25.26,False,4095,0.0,11.6,0.0,EXT-OPEN-METEO-KHI,KARACHI,OPENSOURCE_API_GRID,911,,,,0.95,True,True,TIER2_OPENSOURCE_PURE;CONTINUOUS_MINUTE_STREAM;VERIFIED_MODEL_GRID,a677ccb7eae50c86c87695f282e882872d30e48b56d19d54ff0d7054f25ab380,2026-09-17T15:10:00+00:00,2026-09-17 20:10:00,85.1,1005.4,76
12.4,18.3,39.9,1134.6,329.4,51.2,6.4,3.2,0.8,446.0,243.1,17.5,6.7,32.7,28.0,25.26,False,4095,0.0,11.7,0.0,EXT-OPEN-METEO-KHI,KARACHI,OPENSOURCE_API_GRID,912,,,,0.95,True,True,TIER2_OPENSOURCE_PURE;CONTINUOUS_MINUTE_STREAM;VERIFIED_MODEL_GRID,a36d86c4097edb275f31b65fee193810665d042b2d1c413aabc031fd3a0d9064,2026-09-17T15:11:00+00:00,2026-09-17 20:11:00,85.1,1005.4,76
12.4,18.2,39.8,1128.4,327.6,51.0,6.4,3.2,0.8,446.0,242.9,17.5,6.7,32.6,28.0,25.26,False,4095,0.0,11.9,0.0,EXT-OPEN-METEO-KHI,KARACHI,OPENSOURCE_API_GRID,913,,,,0.95,True,True,TIER2_OPENSOURCE_PURE;CONTINUOUS_MINUTE_STREAM;VERIFIED_MODEL_GRID,b14eefc8c834e17f42feb4e85058b312e97d353575c187b1e4cd7ab5c9e77724,2026-09-17T15:12:00+00:00,2026-09-17 20:12:00,85.1,1005.4,76
12.4,18.2,39.7,1128.4,327.6,51.0,6.4,3.2,0.8,446.0,242.8,17.5,6.7,32.6,28.0,25.26,False,4095,0.0,12.0,0.0,EXT-OPEN-METEO-KHI,KARACHI,OPENSOURCE_API_GRID,914,,,,0.95,True,True,TIER2_OPENSOURCE_PURE;CONTINUOUS_MINUTE_STREAM;VERIFIED_MODEL_GRID,265116d28ea356f570c35b875d62da0bb0893a118deb2b6e07398f27969ac605,2026-09-17T15:13:00+00:00,2026-09-17 20:13:00,85.1,1005.4,76
12.3,18.1,39.6,1122.2,325.8,50.7,6.3,3.2,0.8,446.0,242.6,17.5,6.7,32.5,28.0,25.26,False,4095,0.0,12.2,0.0,EXT-OPEN-METEO-KHI,KARACHI,OPENSOURCE_API_GRID,915,,,,0.95,True,True,TIER2_OPENSOURCE_PURE;CONTINUOUS_MINUTE_STREAM;VERIFIED_MODEL_GRID,1256ff0b86a6b8ac92c37cfa7f01a174eef66292c0b1b4c89a07c327aa50d5fa,2026-09-17T15:14:00+00:00,2026-09-17 20:14:00,85.1,1005.4,76
12.3,18.1,39.5,1122.2,325.8,50.7,6.3,3.2,0.8,446.0,242.4,17.5,6.7,32.4,28.0,25.28,False,4095,0.0,12.3,0.0,EXT-OPEN-METEO-KHI,KARACHI,OPENSOURCE_API_GRID,916,,,,0.95,True,True,TIER2_OPENSOURCE_PURE;CONTINUOUS_MINUTE_STREAM;VERIFIED_MODEL_GRID,c6bdeacb77fd512972430fa9b45135ad87686a0c88d42c7442108b5fbbc4f29f,2026-09-17T15:15:00+00:00,2026-09-17 20:15:00,85.2,1005.4,76
12.2,18.0,39.4,1116.0,324.0,50.4,6.3,3.2,0.8,446.0,242.2,17.5,6.7,32.3,27.9,25.18,False,4095,0.0,12.5,0.0,EXT-OPEN-METEO-KHI,KARACHI,OPENSOURCE_API_GRID,917,,,,0.95,True,True,TIER2_OPENSOURCE_PURE;CONTINUOUS_MINUTE_STREAM;VERIFIED_MODEL_GRID,90092d4c106d15c3d36db4e2b50b7027f253c657ef935b387d667f2ff826b567,2026-09-17T15:16:00+00:00,2026-09-17 20:16:00,85.2,1005.4,76
12.2,18.0,39.4,1116.0,324.0,50.4,6.3,3.2,0.8,446.0,242.0,17.6,6.7,32.3,27.9,25.18,False,4095,0.0,12.7,0.0,EXT-OPEN-METEO-KHI,KARACHI,OPENSOURCE_API_GRID,918,,,,0.95,True,True,TIER2_OPENSOURCE_PURE;CONTINUOUS_MINUTE_STREAM;VERIFIED_MODEL_GRID,acbe2d1716495d94725d78fc1694e0a2bbdf2d1557dcc7e9e75794bbc5f003fd,2026-09-17T15:17:00+00:00,2026-09-17 20:17:00,85.2,1005.5,76
12.2,18.0,39.3,1116.0,324.0,50.4,6.3,3.1,0.8,446.0,241.7,17.6,6.7,32.2,27.9,25.2,False,4095,0.0,12.9,0.0,EXT-OPEN-METEO-KHI,KARACHI,OPENSOURCE_API_GRID,919,,,,0.95,True,True,TIER2_OPENSOURCE_PURE;CONTINUOUS_MINUTE_STREAM;VERIFIED_MODEL_GRID,43cb5b2bccf87ae07165317684a475a2279619d1b7c8ada3e4b723a50d2fa1f3,2026-09-17T15:18:00+00:00,2026-09-17 20:18:00,85.3,1005.5,76
12.2,18.0,39.2,1116.0,324.0,50.4,6.3,3.1,0.8,446.0,241.5,17.6,6.7,32.1,27.9,25.2,False,4095,0.0,13.0,0.0,EXT-OPEN-METEO-KHI,KARACHI,OPENSOURCE_API_GRID,920,,,,0.95,True,True,TIER2_OPENSOURCE_PURE;CONTINUOUS_MINUTE_STREAM;VERIFIED_MODEL_GRID,4bcc62336586e666a649b5ee8a9998a8e2683ec3f43c0e819c61ed392c2df031,2026-09-17T15:19:00+00:00,2026-09-17 20:19:00,85.3,1005.5,76
12.2,18.0,39.2,1116.0,324.0,50.4,6.3,3.1,0.8,446.0,241.2,17.6,6.7,32.0,27.9,25.22,False,4095,0.0,13.2,0.0,EXT-OPEN-METEO-KHI,KARACHI,OPENSOURCE_API_GRID,921,,,,0.95,True,True,TIER2_OPENSOURCE_PURE;CONTINUOUS_MINUTE_STREAM;VERIFIED_MODEL_GRID,f2107fa0415e2f6c5cf800e257be0a41583fe8c3d542a210056eb6ec4b153d4b,2026-09-17T15:20:00+00:00,2026-09-17 20:20:00,85.4,1005.5,76
12.2,17.9,39.1,1109.8,322.2,50.1,6.3,3.1,0.8,446.0,241.0,17.6,6.7,31.9,27.9,25.22,False,4095,0.0,13.5,0.0,EXT-OPEN-METEO-KHI,KARACHI,OPENSOURCE_API_GRID,922,,,,0.95,True,True,TIER2_OPENSOURCE_PURE;CONTINUOUS_MINUTE_STREAM;VERIFIED_MODEL_GRID,687e897503f94d2de7faad5e44eb3bf40b233068cf0cdbcd4a8a65a56261e4ed,2026-09-17T15:21:00+00:00,2026-09-17 20:21:00,85.4,1005.5,76
12.2,18.0,39.1,1116.0,324.0,50.4,6.3,3.1,0.8,446.0,240.7,17.7,6.7,31.8,27.9,25.24,False,4095,0.0,13.7,0.0,EXT-OPEN-METEO-KHI,KARACHI,OPENSOURCE_API_GRID,923,,,,0.95,True,True,TIER2_OPENSOURCE_PURE;CONTINUOUS_MINUTE_STREAM;VERIFIED_MODEL_GRID,c14259babf235fc1da36fd74cb87f9aea96b8c90fb2729f6738a5c2f4108ad6f,2026-09-17T15:22:00+00:00,2026-09-17 20:22:00,85.5,1005.5,76
12.2,18.0,39.1,1116.0,324.0,50.4,6.3,3.1,0.8,446.0,240.5,17.7,6.7,31.7,27.9,25.24,False,4095,0.0,13.9,0.0,EXT-OPEN-METEO-KHI,KARACHI,OPENSOURCE_API_GRID,924,,,,0.95,True,True,TIER2_OPENSOURCE_PURE;CONTINUOUS_MINUTE_STREAM;VERIFIED_MODEL_GRID,0e1402c441c84432fb93a0009f0c78c7e2e8a86e1aedf62b7ec326022a41afa0,2026-09-17T15:23:00+00:00,2026-09-17 20:23:00,85.5,1005.6,76
12.2,18.0,39.1,1116.0,324.0,50.4,6.3,3.1,0.8,446.0,240.2,17.7,6.7,31.6,27.8,25.16,False,4095,0.0,14.1,0.0,EXT-OPEN-METEO-KHI,KARACHI,OPENSOURCE_API_GRID,925,,,,0.95,True,True,TIER2_OPENSOURCE_PURE;CONTINUOUS_MINUTE_STREAM;VERIFIED_MODEL_GRID,b07fb2bcebaa7f55ced18b297c199d4a5905f12ba3c04c56bf7847398a1d7ec4,2026-09-17T15:24:00+00:00,2026-09-17 20:24:00,85.6,1005.6,76
12.2,18.0,39.1,1116.0,324.0,50.4,6.3,3.1,0.8,446.0,239.9,17.7,6.7,31.5,27.8,25.18,False,4095,0.0,14.3,0.0,EXT-OPEN-METEO-KHI,KARACHI,OPENSOURCE_API_GRID,926,,,,0.95,True,True,TIER2_OPENSOURCE_PURE;CONTINUOUS_MINUTE_STREAM;VERIFIED_MODEL_GRID,ffdec1bd99523f39326293d64f20028d5389a3467d3f1df90948809514d9ff7f,2026-09-17T15:25:00+00:00,2026-09-17 20:25:00,85.7,1005.6,76
12.3,18.1,39.1,1122.2,325.8,50.7,6.3,3.1,0.8,446.0,239.6,17.8,6.7,31.4,27.8,25.2,False,4095,0.0,14.6,0.0,EXT-OPEN-METEO-KHI,KARACHI,OPENSOURCE_API_GRID,927,,,,0.95,True,True,TIER2_OPENSOURCE_PURE;CONTINUOUS_MINUTE_STREAM;VERIFIED_MODEL_GRID,688cd4b1802ab6f63f17bb88d3dab7da66230d579cbe6d1dc7548821157ba209,2026-09-17T15:26:00+00:00,2026-09-17 20:26:00,85.8,1005.6,76
12.3,18.1,39.2,1122.2,325.8,50.7,6.3,3.1,0.8,446.0,239.4,17.8,6.7,31.3,27.8,25.2,False,4095,0.0,14.8,0.0,EXT-OPEN-METEO-KHI,KARACHI,OPENSOURCE_API_GRID,928,,,,0.95,True,True,TIER2_OPENSOURCE_PURE;CONTINUOUS_MINUTE_STREAM;VERIFIED_MODEL_GRID,bea0ff2fcc824dad3dd1cc9715992292acb0036a7ccabf2d3577a0ccacfc7866,2026-09-17T15:27:00+00:00,2026-09-17 20:27:00,85.8,1005.6,76
12.3,18.1,39.2,1122.2,325.8,50.7,6.3,3.1,0.8,446.0,239.1,17.8,6.7,31.2,27.8,25.22,False,4095,0.0,15.0,0.0,EXT-OPEN-METEO-KHI,KARACHI,OPENSOURCE_API_GRID,929,,,,0.95,True,True,TIER2_OPENSOURCE_PURE;CONTINUOUS_MINUTE_STREAM;VERIFIED_MODEL_GRID,8f8f46f3c3cb371616304c2f0b231522d2ab5fe49f07fd2243167a7b3a0f1ada,2026-09-17T15:28:00+00:00,2026-09-17 20:28:00,85.9,1005.6,76
12.4,18.2,39.2,1128.4,327.6,51.0,6.4,3.1,0.8,446.0,238.8,17.8,6.7,31.1,27.8,25.24,False,4095,0.0,15.3,0.0,EXT-OPEN-METEO-KHI,KARACHI,OPENSOURCE_API_GRID,930,,,,0.95,True,True,TIER2_OPENSOURCE_PURE;CONTINUOUS_MINUTE_STREAM;VERIFIED_MODEL_GRID,721b218af3c90faea08d197a66f0488ef5abe7afb1d59b443beced39c090a944,2026-09-17T15:29:00+00:00,2026-09-17 20:29:00,86.0,1005.7,76
12.3,18.1,39.0,1122.2,325.8,50.7,6.3,3.1,0.8,446.0,238.5,17.8,6.7,31.0,27.8,25.28,False,4095,0.0,15.5,0.0,EXT-OPEN-METEO-KHI,KARACHI,OPENSOURCE_API_GRID,931,,,,0.95,True,True,TIER2_OPENSOURCE_PURE;CONTINUOUS_MINUTE_STREAM;VERIFIED_MODEL_GRID,9e66a623f5cedce8ff803fba132d74f62278d58102d83376fb0156127e4677f0,2026-09-17T15:30:00+00:00,2026-09-17 20:30:00,86.2,1005.7,76
12.3,18.1,39.1,1122.2,325.8,50.7,6.3,3.1,0.8,446.0,238.2,17.9,6.7,30.9,27.9,25.38,False,4095,0.0,15.7,0.0,EXT-OPEN-METEO-KHI,KARACHI,OPENSOURCE_API_GRID,932,,,,0.95,True,True,TIER2_OPENSOURCE_PURE;CONTINUOUS_MINUTE_STREAM;VERIFIED_MODEL_GRID,0d5bbc018d986179f13cd6fe8390dfac2839eaad73d696a69ac24796ed6858ec,2026-09-17T15:31:00+00:00,2026-09-17 20:31:00,86.2,1005.7,76
12.4,18.2,39.1,1128.4,327.6,51.0,6.4,3.1,0.8,446.0,237.9,17.9,6.7,30.8,27.9,25.38,False,4095,0.0,16.0,0.0,EXT-OPEN-METEO-KHI,KARACHI,OPENSOURCE_API_GRID,933,,,,0.95,True,True,TIER2_OPENSOURCE_PURE;CONTINUOUS_MINUTE_STREAM;VERIFIED_MODEL_GRID,43c1cfc6c17010764b1dbf2c40a8c7a773579f8c8d69d705feafe5e37f2f3dfb,2026-09-17T15:32:00+00:00,2026-09-17 20:32:00,86.2,1005.7,76
12.4,18.2,39.1,1128.4,327.6,51.0,6.4,3.1,0.8,446.0,237.6,17.9,6.7,30.7,27.9,25.4,False,4095,0.0,16.2,0.0,EXT-OPEN-METEO-KHI,KARACHI,OPENSOURCE_API_GRID,934,,,,0.95,True,True,TIER2_OPENSOURCE_PURE;CONTINUOUS_MINUTE_STREAM;VERIFIED_MODEL_GRID,caace40571b9cddd6f1646e664299fc82b672567708b1714a2cb62bf78ac1279,2026-09-17T15:33:00+00:00,2026-09-17 20:33:00,86.3,1005.8,76
12.4,18.2,39.1,1128.4,327.6,51.0,6.4,3.1,0.8,446.0,237.4,17.9,6.7,30.6,27.9,25.4,False,4095,0.0,16.4,0.0,EXT-OPEN-METEO-KHI,KARACHI,OPENSOURCE_API_GRID,935,,,,0.95,True,True,TIER2_OPENSOURCE_PURE;CONTINUOUS_MINUTE_STREAM;VERIFIED_MODEL_GRID,c3efa3671fc589444282ce580b9014fa2c00a10805c50a21ece67dc51abc197e,2026-09-17T15:34:00+00:00,2026-09-17 20:34:00,86.3,1005.8,76
12.4,18.3,39.1,1134.6,329.4,51.2,6.4,3.1,0.8,446.0,237.1,18.0,6.7,30.5,27.9,25.42,False,4095,0.0,16.7,0.0,EXT-OPEN-METEO-KHI,KARACHI,OPENSOURCE_API_GRID,936,,,,0.95,True,True,TIER2_OPENSOURCE_PURE;CONTINUOUS_MINUTE_STREAM;VERIFIED_MODEL_GRID,434989afe973dd03c35d4c984ec19a79ee41a9e36bee6c704c1d5f199322b3a8,2026-09-17T15:35:00+00:00,2026-09-17 20:35:00,86.4,1005.8,76
12.4,18.3,39.1,1134.6,329.4,51.2,6.4,3.1,0.8,446.0,236.8,18.0,6.7,30.4,27.9,25.42,False,4095,0.0,16.9,0.0,EXT-OPEN-METEO-KHI,KARACHI,OPENSOURCE_API_GRID,937,,,,0.95,True,True,TIER2_OPENSOURCE_PURE;CONTINUOUS_MINUTE_STREAM;VERIFIED_MODEL_GRID,daa891f1e58a9e9c8906cf09bc53f883a0fa388e72b90b7c7f1e91b691f4159a,2026-09-17T15:36:00+00:00,2026-09-17 20:36:00,86.4,1005.8,76
12.4,18.3,39.0,1134.6,329.4,51.2,6.4,3.1,0.8,446.0,236.5,18.0,6.7,30.3,27.8,25.32,False,4095,0.0,17.1,0.0,EXT-OPEN-METEO-KHI,KARACHI,OPENSOURCE_API_GRID,938,,,,0.95,True,True,TIER2_OPENSOURCE_PURE;CONTINUOUS_MINUTE_STREAM;VERIFIED_MODEL_GRID,368c0984b6531a79da124205bc67e2893bb4d0d09ddde9e8008a9a0573633c8b,2026-09-17T15:37:00+00:00,2026-09-17 20:37:00,86.4,1005.9,76
12.4,18.3,39.0,1134.6,329.4,51.2,6.4,3.1,0.8,446.0,236.3,18.0,6.7,30.2,27.8,25.32,False,4095,0.0,17.3,0.0,EXT-OPEN-METEO-KHI,KARACHI,OPENSOURCE_API_GRID,939,,,,0.95,True,True,TIER2_OPENSOURCE_PURE;CONTINUOUS_MINUTE_STREAM;VERIFIED_MODEL_GRID,3f7cfcfc94237ca17f8816e7aa0787c6cf06f0c6513e4fa44857c6e5d3567641,2026-09-17T15:38:00+00:00,2026-09-17 20:38:00,86.4,1005.9,76
12.4,18.2,38.9,1128.4,327.6,51.0,6.4,3.1,0.8,446.0,236.0,18.1,6.7,30.1,27.8,25.34,False,4095,0.0,17.5,0.0,EXT-OPEN-METEO-KHI,KARACHI,OPENSOURCE_API_GRID,940,,,,0.95,True,True,TIER2_OPENSOURCE_PURE;CONTINUOUS_MINUTE_STREAM;VERIFIED_MODEL_GRID,18f2b756832128e90434d0f17f7364bd8d46bb9a7fe5d98bf8fd9a258f147725,2026-09-17T15:39:00+00:00,2026-09-17 20:39:00,86.5,1005.9,76
12.4,18.2,38.9,1128.4,327.6,51.0,6.4,3.1,0.8,446.0,235.8,18.1,6.7,30.0,27.8,25.34,False,4095,0.0,17.8,0.0,EXT-OPEN-METEO-KHI,KARACHI,OPENSOURCE_API_GRID,941,,,,0.95,True,True,TIER2_OPENSOURCE_PURE;CONTINUOUS_MINUTE_STREAM;VERIFIED_MODEL_GRID,7055c4154f4840cd18e9e6c542e190fba5461c09c8d63683d900644b4ed5fc2b,2026-09-17T15:40:00+00:00,2026-09-17 20:40:00,86.5,1005.9,76
12.4,18.2,38.8,1128.4,327.6,51.0,6.4,3.1,0.8,446.0,235.5,18.1,6.7,29.9,27.8,25.34,False,4095,0.0,18.0,0.0,EXT-OPEN-METEO-KHI,KARACHI,OPENSOURCE_API_GRID,942,,,,0.95,True,True,TIER2_OPENSOURCE_PURE;CONTINUOUS_MINUTE_STREAM;VERIFIED_MODEL_GRID,9e034409e0265e597aa6ec7006f2339afdd74a90bae57cf8158180fe20795814,2026-09-17T15:41:00+00:00,2026-09-17 20:41:00,86.5,1005.9,76
12.3,18.1,38.7,1122.2,325.8,50.7,6.3,3.1,0.8,446.0,235.3,18.1,6.7,29.8,27.8,25.34,False,4095,0.0,18.1,0.0,EXT-OPEN-METEO-KHI,KARACHI,OPENSOURCE_API_GRID,943,,,,0.95,True,True,TIER2_OPENSOURCE_PURE;CONTINUOUS_MINUTE_STREAM;VERIFIED_MODEL_GRID,a86f4235e81281a522474daf70ec9efb0e0c9f87350e43fa792108b19781e7b9,2026-09-17T15:42:00+00:00,2026-09-17 20:42:00,86.5,1006.0,76
12.3,18.1,38.6,1122.2,325.8,50.7,6.3,3.1,0.8,446.0,235.0,18.1,6.7,29.7,27.8,25.34,False,4095,0.0,18.3,0.0,EXT-OPEN-METEO-KHI,KARACHI,OPENSOURCE_API_GRID,944,,,,0.95,True,True,TIER2_OPENSOURCE_PURE;CONTINUOUS_MINUTE_STREAM;VERIFIED_MODEL_GRID,313e7614f92ee0b84c682d12ff21c99bc733be2854783abf124da05a74e5cb79,2026-09-17T15:43:00+00:00,2026-09-17 20:43:00,86.5,1006.0,76
12.2,18.0,38.5,1116.0,324.0,50.4,6.3,3.1,0.8,446.0,234.8,18.2,6.7,29.7,27.8,25.36,False,4095,0.0,18.5,0.0,EXT-OPEN-METEO-KHI,KARACHI,OPENSOURCE_API_GRID,945,,,,0.95,True,True,TIER2_OPENSOURCE_PURE;CONTINUOUS_MINUTE_STREAM;VERIFIED_MODEL_GRID,94418cea4517ab5080ec018647f20713f781b4940b7f2bc120a3ae1e2b233e33,2026-09-17T15:44:00+00:00,2026-09-17 20:44:00,86.6,1006.0,76
12.2,18.0,38.4,1116.0,324.0,50.4,6.3,3.1,0.8,446.0,234.6,18.2,6.7,29.6,27.8,25.36,False,4095,0.0,18.7,0.0,EXT-OPEN-METEO-KHI,KARACHI,OPENSOURCE_API_GRID,946,,,,0.95,True,True,TIER2_OPENSOURCE_PURE;CONTINUOUS_MINUTE_STREAM;VERIFIED_MODEL_GRID,0754c2ed41b0fc69ff4c22d6d892df20b6ef72049ff7a60fb51f959408e59b73,2026-09-17T15:45:00+00:00,2026-09-17 20:45:00,86.6,1006.0,76
12.2,17.9,38.3,1109.8,322.2,50.1,6.3,3.1,0.8,446.0,234.4,18.2,6.7,29.5,27.7,25.26,False,4095,0.0,18.8,0.0,EXT-OPEN-METEO-KHI,KARACHI,OPENSOURCE_API_GRID,947,,,,0.95,True,True,TIER2_OPENSOURCE_PURE;CONTINUOUS_MINUTE_STREAM;VERIFIED_MODEL_GRID,297738cc42246333ef94afc04b7be84cf92b682bb25b071dc3c59fcc9f27c584,2026-09-17T15:46:00+00:00,2026-09-17 20:46:00,86.6,1006.0,76
12.2,17.9,38.2,1109.8,322.2,50.1,6.3,3.1,0.8,446.0,234.2,18.2,6.7,29.4,27.7,25.26,False,4095,0.0,19.0,0.0,EXT-OPEN-METEO-KHI,KARACHI,OPENSOURCE_API_GRID,948,,,,0.95,True,True,TIER2_OPENSOURCE_PURE;CONTINUOUS_MINUTE_STREAM;VERIFIED_MODEL_GRID,ddfb15e367b82107708176197eca4de42235b5ccb79d6d20e969259e7921a1ef,2026-09-17T15:47:00+00:00,2026-09-17 20:47:00,86.6,1006.0,76
12.2,17.9,38.1,1109.8,322.2,50.1,6.3,3.0,0.8,446.0,234.1,18.2,6.7,29.4,27.7,25.28,False,4095,0.0,19.1,0.0,EXT-OPEN-METEO-KHI,KARACHI,OPENSOURCE_API_GRID,949,,,,0.95,True,True,TIER2_OPENSOURCE_PURE;CONTINUOUS_MINUTE_STREAM;VERIFIED_MODEL_GRID,1ec921fcb1020910ee6eafedcddf5747302f5755706924bfab8a2d6482d227d8,2026-09-17T15:48:00+00:00,2026-09-17 20:48:00,86.7,1006.0,76
12.1,17.8,38.1,1103.6,320.4,49.8,6.2,3.0,0.8,446.0,233.9,18.2,6.7,29.3,27.7,25.28,False,4095,0.0,19.3,0.0,EXT-OPEN-METEO-KHI,KARACHI,OPENSOURCE_API_GRID,950,,,,0.95,True,True,TIER2_OPENSOURCE_PURE;CONTINUOUS_MINUTE_STREAM;VERIFIED_MODEL_GRID,ce4f5e2933eee47a140508439a44b378499d26ee28b6011f168c50994e78d21c,2026-09-17T15:49:00+00:00,2026-09-17 20:49:00,86.7,1006.0,76
12.1,17.8,38.0,1103.6,320.4,49.8,6.2,3.0,0.8,446.0,233.7,18.2,6.7,29.3,27.7,25.28,False,4095,0.0,19.4,0.0,EXT-OPEN-METEO-KHI,KARACHI,OPENSOURCE_API_GRID,951,,,,0.95,True,True,TIER2_OPENSOURCE_PURE;CONTINUOUS_MINUTE_STREAM;VERIFIED_MODEL_GRID,80daf8a09cb1a0d5a291ccc9be50573692ca377959223dfe0a4503fb801f31f4,2026-09-17T15:50:00+00:00,2026-09-17 20:50:00,86.7,1006.1,76
12.1,17.8,38.0,1103.6,320.4,49.8,6.2,3.0,0.8,446.0,233.6,18.3,6.7,29.2,27.7,25.3,False,4095,0.0,19.5,0.0,EXT-OPEN-METEO-KHI,KARACHI,OPENSOURCE_API_GRID,952,,,,0.95,True,True,TIER2_OPENSOURCE_PURE;CONTINUOUS_MINUTE_STREAM;VERIFIED_MODEL_GRID,4e80108f8d310f5df7ff5ddfa0c2452d4f196b7e8a96c21c0228e10b3f549d6c,2026-09-17T15:51:00+00:00,2026-09-17 20:51:00,86.8,1006.1,76
12.1,17.8,38.0,1103.6,320.4,49.8,6.2,3.0,0.8,446.0,233.5,18.3,6.7,29.2,27.7,25.3,False,4095,0.0,19.6,0.0,EXT-OPEN-METEO-KHI,KARACHI,OPENSOURCE_API_GRID,953,,,,0.95,True,True,TIER2_OPENSOURCE_PURE;CONTINUOUS_MINUTE_STREAM;VERIFIED_MODEL_GRID,b089a6945d8743bb61815ea83d5c8d39efc1b382f217c45551c855a528132b6a,2026-09-17T15:52:00+00:00,2026-09-17 20:52:00,86.8,1006.1,76
12.1,17.8,38.0,1103.6,320.4,49.8,6.2,3.0,0.8,446.0,233.4,18.3,6.7,29.1,27.7,25.3,False,4095,0.0,19.7,0.0,EXT-OPEN-METEO-KHI,KARACHI,OPENSOURCE_API_GRID,954,,,,0.95,True,True,TIER2_OPENSOURCE_PURE;CONTINUOUS_MINUTE_STREAM;VERIFIED_MODEL_GRID,2d9241bca180ba604d37e30c1a238ce3696b8108e88ae3ab393b0f69211c558a,2026-09-17T15:53:00+00:00,2026-09-17 20:53:00,86.8,1006.1,76
12.1,17.8,38.0,1103.6,320.4,49.8,6.2,3.0,0.8,446.0,233.3,18.3,6.7,29.1,27.7,25.32,False,4095,0.0,19.8,0.0,EXT-OPEN-METEO-KHI,KARACHI,OPENSOURCE_API_GRID,955,,,,0.95,True,True,TIER2_OPENSOURCE_PURE;CONTINUOUS_MINUTE_STREAM;VERIFIED_MODEL_GRID,5502351822ee138c7c1a3cee2cc63437a908f55209acc9f642dcf83de8a8fbb3,2026-09-17T15:54:00+00:00,2026-09-17 20:54:00,86.9,1006.1,76
12.2,17.9,38.0,1109.8,322.2,50.1,6.3,3.0,0.8,446.0,233.2,18.3,6.7,29.1,27.7,25.32,False,4095,0.0,19.8,0.0,EXT-OPEN-METEO-KHI,KARACHI,OPENSOURCE_API_GRID,956,,,,0.95,True,True,TIER2_OPENSOURCE_PURE;CONTINUOUS_MINUTE_STREAM;VERIFIED_MODEL_GRID,cfe5e2702a3ca967ee8ccb419c80eb7c8a694bed058823b76fac285fcba10ea8,2026-09-17T15:55:00+00:00,2026-09-17 20:55:00,86.9,1006.1,76
12.2,17.9,38.1,1109.8,322.2,50.1,6.3,3.0,0.8,446.0,233.1,18.3,6.7,29.0,27.7,25.32,False,4095,0.0,19.9,0.0,EXT-OPEN-METEO-KHI,KARACHI,OPENSOURCE_API_GRID,957,,,,0.95,True,True,TIER2_OPENSOURCE_PURE;CONTINUOUS_MINUTE_STREAM;VERIFIED_MODEL_GRID,76beeb3865548a9f4aad37ba92dab9803e925f1b4a6f42c3edec77a7b8331ed3,2026-09-17T15:56:00+00:00,2026-09-17 20:56:00,86.9,1006.1,76
12.2,17.9,38.1,1109.8,322.2,50.1,6.3,3.0,0.8,446.0,233.1,18.3,6.7,29.0,27.7,25.34,False,4095,0.0,19.9,0.0,EXT-OPEN-METEO-KHI,KARACHI,OPENSOURCE_API_GRID,958,,,,0.95,True,True,TIER2_OPENSOURCE_PURE;CONTINUOUS_MINUTE_STREAM;VERIFIED_MODEL_GRID,05ff074fcd513cf585c2a4d1a0c95ad082c95d7dff992b1fd1ce930c274229ac,2026-09-17T15:57:00+00:00,2026-09-17 20:57:00,87.0,1006.1,76
12.2,18.0,38.2,1116.0,324.0,50.4,6.3,3.1,0.8,446.0,233.0,18.3,6.7,29.0,27.7,25.34,False,4095,0.0,20.0,0.0,EXT-OPEN-METEO-KHI,KARACHI,OPENSOURCE_API_GRID,959,,,,0.95,True,True,TIER2_OPENSOURCE_PURE;CONTINUOUS_MINUTE_STREAM;VERIFIED_MODEL_GRID,1207ade1ab459d551b664e50f93adfab1f06f97c112a781ef0710fcadf52d4fe,2026-09-17T15:58:00+00:00,2026-09-17 20:58:00,87.0,1006.1,76
12.2,18.0,38.2,1116.0,324.0,50.4,6.3,3.1,0.8,446.0,233.0,18.3,6.7,29.0,27.7,25.34,False,4095,0.0,20.0,0.0,EXT-OPEN-METEO-KHI,KARACHI,OPENSOURCE_API_GRID,960,,,,0.95,True,True,TIER2_OPENSOURCE_PURE;CONTINUOUS_MINUTE_STREAM;VERIFIED_MODEL_GRID,8270982bd97bb7d19450ab17a42ab9843a07a630ebb3b82cd6214cd4ffbbf6a7,2026-09-17T15:59:00+00:00,2026-09-17 20:59:00,87.0,1006.1,76
12.3,18.1,38.3,1122.2,325.8,50.7,6.3,3.1,0.8,446.0,233.0,18.3,6.7,29.0,27.7,25.34,False,4095,0.0,20.0,0.0,EXT-OPEN-METEO-KHI,KARACHI,OPENSOURCE_API_GRID,961,,,,0.95,True,False,TIER2_OPENSOURCE_PURE;HOURLY_NODE;VERIFIED_MODEL_GRID,c50c9004c9064533c76a8a6819cf885686326833015bd7ef7560d8b18f065149,2026-09-17T16:00:00+00:00,2026-09-17 21:00:00,87.0,1006.1,75
12.2,18.0,38.2,1116.0,324.0,50.4,6.3,3.1,0.8,446.0,233.0,18.3,6.7,29.0,27.7,25.38,False,4095,0.0,20.0,0.0,EXT-OPEN-METEO-KHI,KARACHI,OPENSOURCE_API_GRID,962,,,,0.95,True,True,TIER2_OPENSOURCE_PURE;CONTINUOUS_MINUTE_STREAM;VERIFIED_MODEL_GRID,29b214fa7616e090b6b54568542644d0ab2f87bd2489042841dd0d475dffa3dd,2026-09-17T16:01:00+00:00,2026-09-17 21:01:00,87.2,1006.1,75
12.2,18.0,38.3,1116.0,324.0,50.4,6.3,3.1,0.8,446.0,233.0,18.3,6.7,29.0,27.7,25.38,False,4095,0.0,20.0,0.0,EXT-OPEN-METEO-KHI,KARACHI,OPENSOURCE_API_GRID,963,,,,0.95,True,True,TIER2_OPENSOURCE_PURE;CONTINUOUS_MINUTE_STREAM;VERIFIED_MODEL_GRID,98e0a776075ecd9f0eae4c2d4cc97c5b90e04eec635b8b6e8a55c7d1bf8c999f,2026-09-17T16:02:00+00:00,2026-09-17 21:02:00,87.2,1006.1,75
12.3,18.1,38.3,1122.2,325.8,50.7,6.3,3.1,0.8,446.0,232.9,18.3,6.7,29.0,27.7,25.36,False,4095,0.0,20.0,0.0,EXT-OPEN-METEO-KHI,KARACHI,OPENSOURCE_API_GRID,964,,,,0.95,True,True,TIER2_OPENSOURCE_PURE;CONTINUOUS_MINUTE_STREAM;VERIFIED_MODEL_GRID,59c8ca236da9183757f895db90c19c0faf316176100c1857f69f82977a93e911,2026-09-17T16:03:00+00:00,2026-09-17 21:03:00,87.1,1006.1,75
12.3,18.1,38.4,1122.2,325.8,50.7,6.3,3.1,0.8,446.0,232.9,18.3,6.7,29.0,27.7,25.36,False,4095,0.0,20.1,0.0,EXT-OPEN-METEO-KHI,KARACHI,OPENSOURCE_API_GRID,965,,,,0.95,True,True,TIER2_OPENSOURCE_PURE;CONTINUOUS_MINUTE_STREAM;VERIFIED_MODEL_GRID,b067eb93060a679b38c0d981e3c155292c5b828cb51582a376f18c5dc968ae00,2026-09-17T16:04:00+00:00,2026-09-17 21:04:00,87.1,1006.1,75
12.4,18.2,38.5,1128.4,327.6,51.0,6.4,3.1,0.8,446.0,232.8,18.3,6.7,29.0,27.7,25.36,False,4095,0.0,20.1,0.0,EXT-OPEN-METEO-KHI,KARACHI,OPENSOURCE_API_GRID,966,,,,0.95,True,True,TIER2_OPENSOURCE_PURE;CONTINUOUS_MINUTE_STREAM;VERIFIED_MODEL_GRID,3d335664c7bbc9bf804e01d59f4512bbfe682f44a1c13dd901497de07a03e1f5,2026-09-17T16:05:00+00:00,2026-09-17 21:05:00,87.1,1006.1,75
12.4,18.2,38.5,1128.4,327.6,51.0,6.4,3.1,0.8,446.0,232.8,18.3,6.7,29.0,27.7,25.36,False,4095,0.0,20.1,0.0,EXT-OPEN-METEO-KHI,KARACHI,OPENSOURCE_API_GRID,967,,,,0.95,True,True,TIER2_OPENSOURCE_PURE;CONTINUOUS_MINUTE_STREAM;VERIFIED_MODEL_GRID,0c0f40c9adfdd202afd55425395fb6d743980394db48b13b3399a11b9e1d3a7b,2026-09-17T16:06:00+00:00,2026-09-17 21:06:00,87.1,1006.1,75
12.4,18.2,38.5,1128.4,327.6,51.0,6.4,3.1,0.8,446.0,232.7,18.3,6.7,29.0,27.7,25.36,False,4095,0.0,20.2,0.0,EXT-OPEN-METEO-KHI,KARACHI,OPENSOURCE_API_GRID,968,,,,0.95,True,True,TIER2_OPENSOURCE_PURE;CONTINUOUS_MINUTE_STREAM;VERIFIED_MODEL_GRID,ae30de56f0d1774e6645d545876c505e16c9a00b1d27a908e1dd9d10809c3de5,2026-09-17T16:07:00+00:00,2026-09-17 21:07:00,87.1,1006.1,75
12.4,18.2,38.6,1128.4,327.6,51.0,6.4,3.1,0.8,446.0,232.6,18.3,6.7,29.0,27.7,25.36,False,4095,0.0,20.2,0.0,EXT-OPEN-METEO-KHI,KARACHI,OPENSOURCE_API_GRID,969,,,,0.95,True,True,TIER2_OPENSOURCE_PURE;CONTINUOUS_MINUTE_STREAM;VERIFIED_MODEL_GRID,6cfe9f4aff81f3e1f99a929444796f0c4ca6bb121649c7a154990538e2e6849e,2026-09-17T16:08:00+00:00,2026-09-17 21:08:00,87.1,1006.1,75
12.4,18.2,38.6,1128.4,327.6,51.0,6.4,3.1,0.8,446.0,232.5,18.3,6.7,29.0,27.7,25.36,False,4095,0.0,20.3,0.0,EXT-OPEN-METEO-KHI,KARACHI,OPENSOURCE_API_GRID,970,,,,0.95,True,True,TIER2_OPENSOURCE_PURE;CONTINUOUS_MINUTE_STREAM;VERIFIED_MODEL_GRID,cd3f3d932e4e40e0af617b7202c75295a25d394446f126d513a07cef5e1a0d17,2026-09-17T16:09:00+00:00,2026-09-17 21:09:00,87.1,1006.1,75
12.4,18.2,38.6,1128.4,327.6,51.0,6.4,3.1,0.8,446.0,232.3,18.3,6.7,29.0,27.7,25.36,False,4095,0.0,20.3,0.0,EXT-OPEN-METEO-KHI,KARACHI,OPENSOURCE_API_GRID,971,,,,0.95,True,True,TIER2_OPENSOURCE_PURE;CONTINUOUS_MINUTE_STREAM;VERIFIED_MODEL_GRID,b4014b871d78a6c0fd4c29c254240ff31cf7358e3992e4241941be15434e7e6c,2026-09-17T16:10:00+00:00,2026-09-17 21:10:00,87.1,1006.2,75
12.4,18.2,38.6,1128.4,327.6,51.0,6.4,3.1,0.8,446.0,232.2,18.3,6.7,29.0,27.7,25.36,False,4095,0.0,20.4,0.0,EXT-OPEN-METEO-KHI,KARACHI,OPENSOURCE_API_GRID,972,,,,0.95,True,True,TIER2_OPENSOURCE_PURE;CONTINUOUS_MINUTE_STREAM;VERIFIED_MODEL_GRID,762f4f2b3dd2c05a8979d98caccfe2f9a0326930df1eccbbb0def2a630aac98e,2026-09-17T16:11:00+00:00,2026-09-17 21:11:00,87.1,1006.2,75
12.3,18.1,38.5,1122.2,325.8,50.7,6.3,3.1,0.8,446.0,232.0,18.3,6.7,29.0,27.7,25.36,False,4095,0.0,20.5,0.0,EXT-OPEN-METEO-KHI,KARACHI,OPENSOURCE_API_GRID,973,,,,0.95,True,True,TIER2_OPENSOURCE_PURE;CONTINUOUS_MINUTE_STREAM;VERIFIED_MODEL_GRID,ea304203db35e3a3ced08e0abf9498c3ec5be96ef17991b4ba952ad8523b579d,2026-09-17T16:12:00+00:00,2026-09-17 21:12:00,87.1,1006.2,75
12.3,18.1,38.5,1122.2,325.8,50.7,6.3,3.1,0.8,446.0,231.9,18.3,6.7,29.0,27.7,25.34,False,4095,0.0,20.6,0.0,EXT-OPEN-METEO-KHI,KARACHI,OPENSOURCE_API_GRID,974,,,,0.95,True,True,TIER2_OPENSOURCE_PURE;CONTINUOUS_MINUTE_STREAM;VERIFIED_MODEL_GRID,2d57945870a389f357b652d2f5e041a55051758598de4ed1f787ba8a34357895,2026-09-17T16:13:00+00:00,2026-09-17 21:13:00,87.0,1006.2,75
12.3,18.1,38.5,1122.2,325.8,50.7,6.3,3.1,0.8,446.0,231.7,18.3,6.7,29.0,27.7,25.34,False,4095,0.0,20.6,0.0,EXT-OPEN-METEO-KHI,KARACHI,OPENSOURCE_API_GRID,975,,,,0.95,True,True,TIER2_OPENSOURCE_PURE;CONTINUOUS_MINUTE_STREAM;VERIFIED_MODEL_GRID,57fc87256c5cc79481bd6a6a44555f79ddab6288ec77107d1e7912ce8a336b9e,2026-09-17T16:14:00+00:00,2026-09-17 21:14:00,87.0,1006.2,75
12.2,18.0,38.4,1116.0,324.0,50.4,6.3,3.1,0.8,446.0,231.5,18.3,6.7,29.0,27.7,25.34,False,4095,0.0,20.7,0.0,EXT-OPEN-METEO-KHI,KARACHI,OPENSOURCE_API_GRID,976,,,,0.95,True,True,TIER2_OPENSOURCE_PURE;CONTINUOUS_MINUTE_STREAM;VERIFIED_MODEL_GRID,e6c182729bb108205fff3e56f72946b91bef2d9cf989ff25032ca34547f313bc,2026-09-17T16:15:00+00:00,2026-09-17 21:15:00,87.0,1006.2,75
12.2,18.0,38.4,1116.0,324.0,50.4,6.3,3.1,0.8,446.0,231.3,18.3,6.7,29.0,27.7,25.34,False,4095,0.0,20.8,0.0,EXT-OPEN-METEO-KHI,KARACHI,OPENSOURCE_API_GRID,977,,,,0.95,True,True,TIER2_OPENSOURCE_PURE;CONTINUOUS_MINUTE_STREAM;VERIFIED_MODEL_GRID,a36e4b5190cf8918d971c1472c3e726c4577191fedf6eada09450c261bc59066,2026-09-17T16:16:00+00:00,2026-09-17 21:16:00,87.0,1006.2,75
12.2,18.0,38.4,1116.0,324.0,50.4,6.3,3.1,0.8,446.0,231.1,18.3,6.7,29.0,27.7,25.36,False,4095,0.0,20.9,0.0,EXT-OPEN-METEO-KHI,KARACHI,OPENSOURCE_API_GRID,978,,,,0.95,True,True,TIER2_OPENSOURCE_PURE;CONTINUOUS_MINUTE_STREAM;VERIFIED_MODEL_GRID,43d7c386f4b0bdd350781a248b117bb0ecbba43998f52cc0589732d8bfdf1471,2026-09-17T16:17:00+00:00,2026-09-17 21:17:00,87.1,1006.2,75
12.2,17.9,38.4,1109.8,322.2,50.1,6.3,3.1,0.8,446.0,230.9,18.3,6.7,29.0,27.6,25.26,False,4095,0.0,21.0,0.0,EXT-OPEN-METEO-KHI,KARACHI,OPENSOURCE_API_GRID,979,,,,0.95,True,True,TIER2_OPENSOURCE_PURE;CONTINUOUS_MINUTE_STREAM;VERIFIED_MODEL_GRID,b05b504cee29fb1be5712347f150fdbaafcb9209a87309cf3b88b026fa7013a7,2026-09-17T16:18:00+00:00,2026-09-17 21:18:00,87.1,1006.2,75
12.2,17.9,38.3,1109.8,322.2,50.1,6.3,3.1,0.8,446.0,230.7,18.3,6.7,29.0,27.6,25.26,False,4095,0.0,21.1,0.0,EXT-OPEN-METEO-KHI,KARACHI,OPENSOURCE_API_GRID,980,,,,0.95,True,True,TIER2_OPENSOURCE_PURE;CONTINUOUS_MINUTE_STREAM;VERIFIED_MODEL_GRID,745837f159e83db907dddb547d8ec1b0e76bffa8ce84339a0867fb3e497c05de,2026-09-17T16:19:00+00:00,2026-09-17 21:19:00,87.1,1006.2,75
12.2,17.9,38.3,1109.8,322.2,50.1,6.3,3.1,0.8,446.0,230.5,18.3,6.7,29.0,27.6,25.26,False,4095,0.0,21.2,0.0,EXT-OPEN-METEO-KHI,KARACHI,OPENSOURCE_API_GRID,981,,,,0.95,True,True,TIER2_OPENSOURCE_PURE;CONTINUOUS_MINUTE_STREAM;VERIFIED_MODEL_GRID,ffe0c6f57837d84756bae68a00621e15732cb566f6a55c99fab60962d001b906,2026-09-17T16:20:00+00:00,2026-09-17 21:20:00,87.1,1006.2,75
12.2,17.9,38.3,1109.8,322.2,50.1,6.3,3.1,0.8,446.0,230.3,18.3,6.7,29.0,27.6,25.26,False,4095,0.0,21.4,0.0,EXT-OPEN-METEO-KHI,KARACHI,OPENSOURCE_API_GRID,982,,,,0.95,True,True,TIER2_OPENSOURCE_PURE;CONTINUOUS_MINUTE_STREAM;VERIFIED_MODEL_GRID,985eaf34eec4cfa360e70c00711d0b36af3dbdf73c61fc1bd18b9e3cb5243cb3,2026-09-17T16:21:00+00:00,2026-09-17 21:21:00,87.1,1006.2,75
12.2,17.9,38.4,1109.8,322.2,50.1,6.3,3.1,0.8,446.0,230.0,18.3,6.7,29.0,27.6,25.28,False,4095,0.0,21.5,0.0,EXT-OPEN-METEO-KHI,KARACHI,OPENSOURCE_API_GRID,983,,,,0.95,True,True,TIER2_OPENSOURCE_PURE;CONTINUOUS_MINUTE_STREAM;VERIFIED_MODEL_GRID,d95a3a893c6a7d7a89c3d98369edd6c9316e8cf18a8a92d77e38747c11ffe4ba,2026-09-17T16:22:00+00:00,2026-09-17 21:22:00,87.2,1006.3,75
12.2,17.9,38.4,1109.8,322.2,50.1,6.3,3.1,0.8,446.0,229.8,18.3,6.7,29.0,27.6,25.28,False,4095,0.0,21.6,0.0,EXT-OPEN-METEO-KHI,KARACHI,OPENSOURCE_API_GRID,984,,,,0.95,True,True,TIER2_OPENSOURCE_PURE;CONTINUOUS_MINUTE_STREAM;VERIFIED_MODEL_GRID,3ad4f8f5580e2379dee1305cfe7a718fcc4afd4f2edbdf6af38f1870acbf2736,2026-09-17T16:23:00+00:00,2026-09-17 21:23:00,87.2,1006.3,75
12.2,17.9,38.5,1109.8,322.2,50.1,6.3,3.1,0.8,446.0,229.5,18.3,6.7,29.0,27.6,25.28,False,4095,0.0,21.7,0.0,EXT-OPEN-METEO-KHI,KARACHI,OPENSOURCE_API_GRID,985,,,,0.95,True,True,TIER2_OPENSOURCE_PURE;CONTINUOUS_MINUTE_STREAM;VERIFIED_MODEL_GRID,9e6d97572dc25312414701c3b0271bd8da4025e54161ebb66a06820e43c7e4df,2026-09-17T16:24:00+00:00,2026-09-17 21:24:00,87.2,1006.3,75
12.2,17.9,38.5,1109.8,322.2,50.1,6.3,3.1,0.8,446.0,229.3,18.3,6.7,29.0,27.6,25.3,False,4095,0.0,21.9,0.0,EXT-OPEN-METEO-KHI,KARACHI,OPENSOURCE_API_GRID,986,,,,0.95,True,True,TIER2_OPENSOURCE_PURE;CONTINUOUS_MINUTE_STREAM;VERIFIED_MODEL_GRID,6edf9bd30d90b3590ba403f33c4a865e0a2d2a53df7a10c9cb37ca98ea8a573d,2026-09-17T16:25:00+00:00,2026-09-17 21:25:00,87.3,1006.3,75
12.2,17.9,38.6,1109.8,322.2,50.1,6.3,3.1,0.8,446.0,229.0,18.3,6.7,29.0,27.6,25.3,False,4095,0.0,22.0,0.0,EXT-OPEN-METEO-KHI,KARACHI,OPENSOURCE_API_GRID,987,,,,0.95,True,True,TIER2_OPENSOURCE_PURE;CONTINUOUS_MINUTE_STREAM;VERIFIED_MODEL_GRID,b3a4e320f7855e2e72860deeda0ef7180adc242cc8dde32f72ba1af3dc950353,2026-09-17T16:26:00+00:00,2026-09-17 21:26:00,87.3,1006.3,75
12.2,18.0,38.7,1116.0,324.0,50.4,6.3,3.1,0.8,446.0,228.8,18.3,6.7,29.0,27.6,25.32,False,4095,0.0,22.1,0.0,EXT-OPEN-METEO-KHI,KARACHI,OPENSOURCE_API_GRID,988,,,,0.95,True,True,TIER2_OPENSOURCE_PURE;CONTINUOUS_MINUTE_STREAM;VERIFIED_MODEL_GRID,59892ef4afe323f533b90360d4b0bf69b00630b1239d5dec5f72801aa4f58a87,2026-09-17T16:27:00+00:00,2026-09-17 21:27:00,87.4,1006.3,75
12.2,18.0,38.8,1116.0,324.0,50.4,6.3,3.1,0.8,446.0,228.5,18.3,6.7,29.0,27.6,25.32,False,4095,0.0,22.2,0.0,EXT-OPEN-METEO-KHI,KARACHI,OPENSOURCE_API_GRID,989,,,,0.95,True,True,TIER2_OPENSOURCE_PURE;CONTINUOUS_MINUTE_STREAM;VERIFIED_MODEL_GRID,7e52d79747296c82eedd0e45cc2ca2b86c4ba6a268c6294fd8a305ebf47ca36a,2026-09-17T16:28:00+00:00,2026-09-17 21:28:00,87.4,1006.3,75
12.3,18.1,38.9,1122.2,325.8,50.7,6.3,3.1,0.8,446.0,228.3,18.3,6.7,29.0,27.6,25.34,False,4095,0.0,22.4,0.0,EXT-OPEN-METEO-KHI,KARACHI,OPENSOURCE_API_GRID,990,,,,0.95,True,True,TIER2_OPENSOURCE_PURE;CONTINUOUS_MINUTE_STREAM;VERIFIED_MODEL_GRID,1a0e18db979e9a835a9f7d6117c96ffebbf0b4019156ed961548def8dae22036,2026-09-17T16:29:00+00:00,2026-09-17 21:29:00,87.5,1006.3,75
12.3,18.1,39.0,1122.2,325.8,50.7,6.3,3.1,0.8,446.0,228.0,18.3,6.7,29.0,27.6,25.34,False,4095,0.0,22.5,0.0,EXT-OPEN-METEO-KHI,KARACHI,OPENSOURCE_API_GRID,991,,,,0.95,True,True,TIER2_OPENSOURCE_PURE;CONTINUOUS_MINUTE_STREAM;VERIFIED_MODEL_GRID,643f2c2a8a106e6fd0657f54d89259743c245a58842f30c6b270be53283c4127,2026-09-17T16:30:00+00:00,2026-09-17 21:30:00,87.5,1006.3,75
12.4,18.2,39.2,1128.4,327.6,51.0,6.4,3.1,0.8,446.0,227.7,18.4,6.7,29.0,27.6,25.36,False,4095,0.0,22.6,0.0,EXT-OPEN-METEO-KHI,KARACHI,OPENSOURCE_API_GRID,992,,,,0.95,True,True,TIER2_OPENSOURCE_PURE;CONTINUOUS_MINUTE_STREAM;VERIFIED_MODEL_GRID,4f2a2fe5f23430f1f0cbd889c834493f356525e618171845d2eb358b9546a5cb,2026-09-17T16:31:00+00:00,2026-09-17 21:31:00,87.6,1006.4,75
12.3,18.1,39.1,1122.2,325.8,50.7,6.3,3.1,0.8,446.0,227.5,18.4,6.7,29.0,27.6,25.37,False,4095,0.0,22.8,0.0,EXT-OPEN-METEO-KHI,KARACHI,OPENSOURCE_API_GRID,993,,,,0.95,True,True,TIER2_OPENSOURCE_PURE;CONTINUOUS_MINUTE_STREAM;VERIFIED_MODEL_GRID,eb41fcb5378e676ca0192c77033ce09d25c696774c60579377acd937dde5cd78,2026-09-17T16:32:00+00:00,2026-09-17 21:32:00,87.7,1006.4,75
12.4,18.2,39.2,1128.4,327.6,51.0,6.4,3.1,0.8,446.0,227.2,18.4,6.7,29.0,27.6,25.37,False,4095,0.0,22.9,0.0,EXT-OPEN-METEO-KHI,KARACHI,OPENSOURCE_API_GRID,994,,,,0.95,True,True,TIER2_OPENSOURCE_PURE;CONTINUOUS_MINUTE_STREAM;VERIFIED_MODEL_GRID,f4c0e33201ba9fbfd87b9f14a1d2dbfd086f5c12f9d479677ad2974a6e2c3f4e,2026-09-17T16:33:00+00:00,2026-09-17 21:33:00,87.7,1006.4,75
12.4,18.2,39.3,1128.4,327.6,51.0,6.4,3.1,0.8,446.0,227.0,18.4,6.7,29.0,27.6,25.37,False,4095,0.0,23.0,0.0,EXT-OPEN-METEO-KHI,KARACHI,OPENSOURCE_API_GRID,995,,,,0.95,True,True,TIER2_OPENSOURCE_PURE;CONTINUOUS_MINUTE_STREAM;VERIFIED_MODEL_GRID,41d4a6071d8ad00c06d669c8a86c2d8feb2570b33aa3edfd9b3e9d194b455cdd,2026-09-17T16:34:00+00:00,2026-09-17 21:34:00,87.7,1006.4,75
12.4,18.2,39.4,1128.4,327.6,51.0,6.4,3.2,0.8,446.0,226.7,18.4,6.7,29.0,27.6,25.39,False,4095,0.0,23.1,0.0,EXT-OPEN-METEO-KHI,KARACHI,OPENSOURCE_API_GRID,996,,,,0.95,True,True,TIER2_OPENSOURCE_PURE;CONTINUOUS_MINUTE_STREAM;VERIFIED_MODEL_GRID,bc02e91d23fc0f8911d93b1c7287721cf398548f54615e4f2f5c1b306a308c50,2026-09-17T16:35:00+00:00,2026-09-17 21:35:00,87.8,1006.4,75
12.4,18.3,39.5,1134.6,329.4,51.2,6.4,3.2,0.8,446.0,226.5,18.4,6.7,29.0,27.6,25.39,False,4095,0.0,23.3,0.0,EXT-OPEN-METEO-KHI,KARACHI,OPENSOURCE_API_GRID,997,,,,0.95,True,True,TIER2_OPENSOURCE_PURE;CONTINUOUS_MINUTE_STREAM;VERIFIED_MODEL_GRID,deeedf01f4c8ca245b9413b7d2b97734172f8d76242ebcbe27057636e79434a8,2026-09-17T16:36:00+00:00,2026-09-17 21:36:00,87.8,1006.4,75
12.4,18.3,39.6,1134.6,329.4,51.2,6.4,3.2,0.8,446.0,226.2,18.4,6.7,29.0,27.6,25.39,False,4095,0.0,23.4,0.0,EXT-OPEN-METEO-KHI,KARACHI,OPENSOURCE_API_GRID,998,,,,0.95,True,True,TIER2_OPENSOURCE_PURE;CONTINUOUS_MINUTE_STREAM;VERIFIED_MODEL_GRID,8af3f042ca462a1f419902072719a8909203440814f121f11fad425d6e0e1d8b,2026-09-17T16:37:00+00:00,2026-09-17 21:37:00,87.8,1006.5,75
12.4,18.3,39.6,1134.6,329.4,51.2,6.4,3.2,0.8,446.0,226.0,18.4,6.7,29.0,27.6,25.39,False,4095,0.0,23.5,0.0,EXT-OPEN-METEO-KHI,KARACHI,OPENSOURCE_API_GRID,999,,,,0.95,True,True,TIER2_OPENSOURCE_PURE;CONTINUOUS_MINUTE_STREAM;VERIFIED_MODEL_GRID,356d612b4d7a891f55907dab722fa128aded1bf53ea05a340dd01f0e2435b927,2026-09-17T16:38:00+00:00,2026-09-17 21:38:00,87.8,1006.5,75
12.4,18.3,39.7,1134.6,329.4,51.2,6.4,3.2,0.8,446.0,225.7,18.4,6.7,29.0,27.6,25.39,False,4095,0.0,23.6,0.0,EXT-OPEN-METEO-KHI,KARACHI,OPENSOURCE_API_GRID,1000,,,,0.95,True,True,TIER2_OPENSOURCE_PURE;CONTINUOUS_MINUTE_STREAM;VERIFIED_MODEL_GRID,6ebc081c6cb3dcdd1de6066e969f60a526c09b11b28307d99e878187a1828509,2026-09-17T16:39:00+00:00,2026-09-17 21:39:00,87.8,1006.5,75
12.4,18.3,39.7,1134.6,329.4,51.2,6.4,3.2,0.8,446.0,225.5,18.4,6.7,29.0,27.6,25.39,False,4095,0.0,23.8,0.0,EXT-OPEN-METEO-KHI,KARACHI,OPENSOURCE_API_GRID,1001,,,,0.95,True,True,TIER2_OPENSOURCE_PURE;CONTINUOUS_MINUTE_STREAM;VERIFIED_MODEL_GRID,c35265793c6616feeee373b1cb01e70a3bdff6d463d168143a6be0cf7e718f95,2026-09-17T16:40:00+00:00,2026-09-17 21:40:00,87.8,1006.5,75
12.4,18.3,39.7,1134.6,329.4,51.2,6.4,3.2,0.8,446.0,225.3,18.4,6.7,29.0,27.6,25.39,False,4095,0.0,23.9,0.0,EXT-OPEN-METEO-KHI,KARACHI,OPENSOURCE_API_GRID,1002,,,,0.95,True,True,TIER2_OPENSOURCE_PURE;CONTINUOUS_MINUTE_STREAM;VERIFIED_MODEL_GRID,7a4cc7b9579ba026472e256694fa58353202ec1f7fbdd9479c3b0e214d2fc9b0,2026-09-17T16:41:00+00:00,2026-09-17 21:41:00,87.8,1006.5,75
12.4,18.3,39.7,1134.6,329.4,51.2,6.4,3.2,0.8,446.0,225.1,18.4,6.7,29.0,27.6,25.39,False,4095,0.0,24.0,0.0,EXT-OPEN-METEO-KHI,KARACHI,OPENSOURCE_API_GRID,1003,,,,0.95,True,True,TIER2_OPENSOURCE_PURE;CONTINUOUS_MINUTE_STREAM;VERIFIED_MODEL_GRID,dbf8d784fa9bf20a873db706efb8001566016dfefe62ec6bf4dd494f026f3959,2026-09-17T16:42:00+00:00,2026-09-17 21:42:00,87.8,1006.5,75
12.4,18.3,39.7,1134.6,329.4,51.2,6.4,3.2,0.8,446.0,224.9,18.4,6.7,29.0,27.6,25.39,False,4095,0.0,24.1,0.0,EXT-OPEN-METEO-KHI,KARACHI,OPENSOURCE_API_GRID,1004,,,,0.95,True,True,TIER2_OPENSOURCE_PURE;CONTINUOUS_MINUTE_STREAM;VERIFIED_MODEL_GRID,0a45d0b5637a9a427e2937bd35a04d917970cd3be096f764a059dd914382eb4d,2026-09-17T16:43:00+00:00,2026-09-17 21:43:00,87.8,1006.5,75
12.4,18.3,39.7,1134.6,329.4,51.2,6.4,3.2,0.8,446.0,224.7,18.4,6.7,29.0,27.6,25.39,False,4095,0.0,24.2,0.0,EXT-OPEN-METEO-KHI,KARACHI,OPENSOURCE_API_GRID,1005,,,,0.95,True,True,TIER2_OPENSOURCE_PURE;CONTINUOUS_MINUTE_STREAM;VERIFIED_MODEL_GRID,e5f3652484214dc6759992f133cff4e8f84c0810ef411f1c3f8823ec41504320,2026-09-17T16:44:00+00:00,2026-09-17 21:44:00,87.8,1006.5,75
12.4,18.2,39.6,1128.4,327.6,51.0,6.4,3.2,0.8,446.0,224.5,18.4,6.7,29.0,27.6,25.39,False,4095,0.0,24.3,0.0,EXT-OPEN-METEO-KHI,KARACHI,OPENSOURCE_API_GRID,1006,,,,0.95,True,True,TIER2_OPENSOURCE_PURE;CONTINUOUS_MINUTE_STREAM;VERIFIED_MODEL_GRID,a97899f85ad139a37621f02b4ad95559c4d55b05dc6607f587c837b8d72deb5f,2026-09-17T16:45:00+00:00,2026-09-17 21:45:00,87.8,1006.5,75
12.4,18.2,39.6,1128.4,327.6,51.0,6.4,3.2,0.8,446.0,224.3,18.4,6.7,29.0,27.5,25.3,False,4095,0.0,24.4,0.0,EXT-OPEN-METEO-KHI,KARACHI,OPENSOURCE_API_GRID,1007,,,,0.95,True,True,TIER2_OPENSOURCE_PURE;CONTINUOUS_MINUTE_STREAM;VERIFIED_MODEL_GRID,99e9b6f7fde5d0f51c4209eb701e0c3e77d3e453b8171dfe27be70b9c4d963a0,2026-09-17T16:46:00+00:00,2026-09-17 21:46:00,87.8,1006.6,75
12.3,18.1,39.6,1122.2,325.8,50.7,6.3,3.2,0.8,446.0,224.1,18.4,6.7,29.0,27.5,25.3,False,4095,0.0,24.4,0.0,EXT-OPEN-METEO-KHI,KARACHI,OPENSOURCE_API_GRID,1008,,,,0.95,True,True,TIER2_OPENSOURCE_PURE;CONTINUOUS_MINUTE_STREAM;VERIFIED_MODEL_GRID,ce55c12be43f88dd3efa27964569e102bc0dba879f2a1854bd26b4709bd7255f,2026-09-17T16:47:00+00:00,2026-09-17 21:47:00,87.8,1006.6,75
12.3,18.1,39.5,1122.2,325.8,50.7,6.3,3.2,0.8,446.0,224.0,18.4,6.7,29.0,27.5,25.3,False,4095,0.0,24.5,0.0,EXT-OPEN-METEO-KHI,KARACHI,OPENSOURCE_API_GRID,1009,,,,0.95,True,True,TIER2_OPENSOURCE_PURE;CONTINUOUS_MINUTE_STREAM;VERIFIED_MODEL_GRID,cfc1ec74f99c85e274d5739902e1b0ed9074ef221f96620a2721e15807029c84,2026-09-17T16:48:00+00:00,2026-09-17 21:48:00,87.8,1006.6,75
12.3,18.1,39.5,1122.2,325.8,50.7,6.3,3.2,0.8,446.0,223.8,18.4,6.7,29.0,27.5,25.3,False,4095,0.0,24.6,0.0,EXT-OPEN-METEO-KHI,KARACHI,OPENSOURCE_API_GRID,1010,,,,0.95,True,True,TIER2_OPENSOURCE_PURE;CONTINUOUS_MINUTE_STREAM;VERIFIED_MODEL_GRID,dd01aaf6ce097913a10a70bc8d509f5f42161ee81b616ec08e7c6e2879a39d9f,2026-09-17T16:49:00+00:00,2026-09-17 21:49:00,87.8,1006.6,75
12.2,18.0,39.5,1116.0,324.0,50.4,6.3,3.2,0.8,446.0,223.7,18.4,6.7,29.0,27.5,25.3,False,4095,0.0,24.7,0.0,EXT-OPEN-METEO-KHI,KARACHI,OPENSOURCE_API_GRID,1011,,,,0.95,True,True,TIER2_OPENSOURCE_PURE;CONTINUOUS_MINUTE_STREAM;VERIFIED_MODEL_GRID,3e83bd6d5426c8968165018cb32969a755395a90a63c9db1e06b85e993259fed,2026-09-17T16:50:00+00:00,2026-09-17 21:50:00,87.8,1006.6,75
12.2,18.0,39.4,1116.0,324.0,50.4,6.3,3.2,0.8,446.0,223.5,18.4,6.7,29.0,27.5,25.3,False,4095,0.0,24.7,0.0,EXT-OPEN-METEO-KHI,KARACHI,OPENSOURCE_API_GRID,1012,,,,0.95,True,True,TIER2_OPENSOURCE_PURE;CONTINUOUS_MINUTE_STREAM;VERIFIED_MODEL_GRID,09efaa983c858c39383e1365f98776a6df14bcd4c45935a7cedc88c4abf0f9ac,2026-09-17T16:51:00+00:00,2026-09-17 21:51:00,87.8,1006.6,75
12.2,18.0,39.4,1116.0,324.0,50.4,6.3,3.2,0.8,446.0,223.4,18.4,6.7,29.0,27.5,25.3,False,4095,0.0,24.8,0.0,EXT-OPEN-METEO-KHI,KARACHI,OPENSOURCE_API_GRID,1013,,,,0.95,True,True,TIER2_OPENSOURCE_PURE;CONTINUOUS_MINUTE_STREAM;VERIFIED_MODEL_GRID,81310d470d34ec8a6f31b491582e0a3dd4a98c4a10d52d438d4cb591f257d3b3,2026-09-17T16:52:00+00:00,2026-09-17 21:52:00,87.8,1006.6,75
12.2,18.0,39.4,1116.0,324.0,50.4,6.3,3.2,0.8,446.0,223.3,18.4,6.7,29.0,27.5,25.3,False,4095,0.0,24.8,0.0,EXT-OPEN-METEO-KHI,KARACHI,OPENSOURCE_API_GRID,1014,,,,0.95,True,True,TIER2_OPENSOURCE_PURE;CONTINUOUS_MINUTE_STREAM;VERIFIED_MODEL_GRID,cb59e82ff6c650d22bef41a6f819f57b7252f33c59ac99e3c4d14b33768f1205,2026-09-17T16:53:00+00:00,2026-09-17 21:53:00,87.8,1006.6,75
12.2,18.0,39.5,1116.0,324.0,50.4,6.3,3.2,0.8,446.0,223.2,18.4,6.7,29.0,27.5,25.3,False,4095,0.0,24.9,0.0,EXT-OPEN-METEO-KHI,KARACHI,OPENSOURCE_API_GRID,1015,,,,0.95,True,True,TIER2_OPENSOURCE_PURE;CONTINUOUS_MINUTE_STREAM;VERIFIED_MODEL_GRID,4c5037af169e977fdf739d144868a9d4a3ffa25a43fba75bbfc7a3ef3e7eb349,2026-09-17T16:54:00+00:00,2026-09-17 21:54:00,87.8,1006.6,75
12.2,18.0,39.5,1116.0,324.0,50.4,6.3,3.2,0.8,446.0,223.2,18.4,6.7,29.0,27.5,25.31,False,4095,0.0,24.9,0.0,EXT-OPEN-METEO-KHI,KARACHI,OPENSOURCE_API_GRID,1016,,,,0.95,True,True,TIER2_OPENSOURCE_PURE;CONTINUOUS_MINUTE_STREAM;VERIFIED_MODEL_GRID,135f24557857f87d93433d01cb137d652c741c04424a8ff661d910e365527b71,2026-09-17T16:55:00+00:00,2026-09-17 21:55:00,87.9,1006.6,75
12.2,18.0,39.5,1116.0,324.0,50.4,6.3,3.2,0.8,446.0,223.1,18.4,6.7,29.0,27.5,25.31,False,4095,0.0,24.9,0.0,EXT-OPEN-METEO-KHI,KARACHI,OPENSOURCE_API_GRID,1017,,,,0.95,True,True,TIER2_OPENSOURCE_PURE;CONTINUOUS_MINUTE_STREAM;VERIFIED_MODEL_GRID,53f0bff8c5e51b6e933b8c2d10587a7ab83c4eb58ded232d573f53f2828ec5e6,2026-09-17T16:56:00+00:00,2026-09-17 21:56:00,87.9,1006.6,75
12.3,18.1,39.6,1122.2,325.8,50.7,6.3,3.2,0.8,446.0,223.1,18.4,6.7,29.0,27.5,25.31,False,4095,0.0,25.0,0.0,EXT-OPEN-METEO-KHI,KARACHI,OPENSOURCE_API_GRID,1018,,,,0.95,True,True,TIER2_OPENSOURCE_PURE;CONTINUOUS_MINUTE_STREAM;VERIFIED_MODEL_GRID,6153b37d9dbe48889bf2a8c7a68f5ae26dace0e61917dd7ad44d441c5dacb818,2026-09-17T16:57:00+00:00,2026-09-17 21:57:00,87.9,1006.6,75
12.3,18.1,39.7,1122.2,325.8,50.7,6.3,3.2,0.8,446.0,223.0,18.4,6.7,29.0,27.5,25.31,False,4095,0.0,25.0,0.0,EXT-OPEN-METEO-KHI,KARACHI,OPENSOURCE_API_GRID,1019,,,,0.95,True,True,TIER2_OPENSOURCE_PURE;CONTINUOUS_MINUTE_STREAM;VERIFIED_MODEL_GRID,b10fb644c3975942aa0f120c777dfb74186dfab7130025611c33953080f4bd85,2026-09-17T16:58:00+00:00,2026-09-17 21:58:00,87.9,1006.6,75
12.3,18.1,39.7,1122.2,325.8,50.7,6.3,3.2,0.8,446.0,223.0,18.4,6.7,29.0,27.5,25.33,False,4095,0.0,25.0,0.0,EXT-OPEN-METEO-KHI,KARACHI,OPENSOURCE_API_GRID,1020,,,,0.95,True,True,TIER2_OPENSOURCE_PURE;CONTINUOUS_MINUTE_STREAM;VERIFIED_MODEL_GRID,8dd5a4cc3385870633e9e27700dc8015267165cfd0888d6ac11cc6f0fe2625a5,2026-09-17T16:59:00+00:00,2026-09-17 21:59:00,88.0,1006.6,75
12.4,18.2,39.8,1128.4,327.6,51.0,6.4,3.2,0.8,446.0,223.0,18.4,6.7,29.0,27.5,25.33,False,4095,0.0,25.0,0.0,EXT-OPEN-METEO-KHI,KARACHI,OPENSOURCE_API_GRID,1021,,,,0.95,True,False,TIER2_OPENSOURCE_PURE;HOURLY_NODE;VERIFIED_MODEL_GRID,40528b93cc7f921bf7b9d4dd5f1890b0e92a52236635d941870df3e804d90a99,2026-09-17T17:00:00+00:00,2026-09-17 22:00:00,88.0,1006.6,75
12.4,18.2,39.9,1128.4,327.6,51.0,6.4,3.2,0.8,446.0,223.0,18.4,6.7,29.0,27.5,25.33,False,4095,0.0,25.0,0.0,EXT-OPEN-METEO-KHI,KARACHI,OPENSOURCE_API_GRID,1022,,,,0.95,True,True,TIER2_OPENSOURCE_PURE;CONTINUOUS_MINUTE_STREAM;VERIFIED_MODEL_GRID,101ec208f54cc6207e6f75b5cc987edc28b7c6711fef8bbb6780ea854c12f7de,2026-09-17T17:01:00+00:00,2026-09-17 22:01:00,88.0,1006.6,75
12.4,18.3,39.9,1134.6,329.4,51.2,6.4,3.2,0.8,446.0,223.0,18.4,6.7,29.0,27.5,25.33,False,4095,0.0,25.0,0.0,EXT-OPEN-METEO-KHI,KARACHI,OPENSOURCE_API_GRID,1023,,,,0.95,True,True,TIER2_OPENSOURCE_PURE;CONTINUOUS_MINUTE_STREAM;VERIFIED_MODEL_GRID,27924dbfec979c158d3bbd695936e17fd15274954403854d69653fdf273e1ce0,2026-09-17T17:02:00+00:00,2026-09-17 22:02:00,88.0,1006.6,75
12.4,18.2,39.8,1128.4,327.6,51.0,6.4,3.2,0.8,446.0,222.9,18.4,6.7,29.0,27.5,25.37,False,4095,0.0,25.0,0.0,EXT-OPEN-METEO-KHI,KARACHI,OPENSOURCE_API_GRID,1024,,,,0.95,True,True,TIER2_OPENSOURCE_PURE;CONTINUOUS_MINUTE_STREAM;VERIFIED_MODEL_GRID,7327aa3cbfb70ab2e9faddcc253503e9222c0a573fa2cc5149366cec3cf2149d,2026-09-17T17:03:00+00:00,2026-09-17 22:03:00,88.2,1006.6,75
12.4,18.2,39.9,1128.4,327.6,51.0,6.4,3.2,0.8,446.0,222.9,18.4,6.7,29.0,27.5,25.37,False,4095,0.0,25.0,0.0,EXT-OPEN-METEO-KHI,KARACHI,OPENSOURCE_API_GRID,1025,,,,0.95,True,True,TIER2_OPENSOURCE_PURE;CONTINUOUS_MINUTE_STREAM;VERIFIED_MODEL_GRID,5700d626b65619ecf5da6382f74e1cf7e2fd1791ad2c283868b6de7c7b80863d,2026-09-17T17:04:00+00:00,2026-09-17 22:04:00,88.2,1006.6,75
12.4,18.3,40.0,1134.6,329.4,51.2,6.4,3.2,0.8,446.0,222.8,18.4,6.7,29.0,27.5,25.37,False,4095,0.0,25.0,0.0,EXT-OPEN-METEO-KHI,KARACHI,OPENSOURCE_API_GRID,1026,,,,0.95,True,True,TIER2_OPENSOURCE_PURE;CONTINUOUS_MINUTE_STREAM;VERIFIED_MODEL_GRID,07e66298b994c666b28558444969d4b7ec724c6b1818df4ef10ea36ba438ea7a,2026-09-17T17:05:00+00:00,2026-09-17 22:05:00,88.2,1006.6,75
12.4,18.3,40.1,1134.6,329.4,51.2,6.4,3.2,0.8,446.0,222.7,18.4,6.7,29.0,27.5,25.37,False,4095,0.0,25.0,0.0,EXT-OPEN-METEO-KHI,KARACHI,OPENSOURCE_API_GRID,1027,,,,0.95,True,True,TIER2_OPENSOURCE_PURE;CONTINUOUS_MINUTE_STREAM;VERIFIED_MODEL_GRID,e2bf3be910c1d4220d8638e81388a3ca082288d7a3e8ad1a2eaf91e4e7a41711,2026-09-17T17:06:00+00:00,2026-09-17 22:06:00,88.2,1006.6,75
12.5,18.4,40.1,1140.8,331.2,51.5,6.4,3.2,0.8,446.0,222.6,18.4,6.7,29.0,27.5,25.37,False,4095,0.0,25.1,0.0,EXT-OPEN-METEO-KHI,KARACHI,OPENSOURCE_API_GRID,1028,,,,0.95,True,True,TIER2_OPENSOURCE_PURE;CONTINUOUS_MINUTE_STREAM;VERIFIED_MODEL_GRID,e372ab282d66869fd860b0c64c1f0bc3468831ef7d65444f74e7a6e91a999e9f,2026-09-17T17:07:00+00:00,2026-09-17 22:07:00,88.2,1006.6,75
12.5,18.4,40.2,1140.8,331.2,51.5,6.4,3.2,0.8,446.0,222.4,18.4,6.7,29.0,27.5,25.35,False,4095,0.0,25.1,0.0,EXT-OPEN-METEO-KHI,KARACHI,OPENSOURCE_API_GRID,1029,,,,0.95,True,True,TIER2_OPENSOURCE_PURE;CONTINUOUS_MINUTE_STREAM;VERIFIED_MODEL_GRID,b8d12c9ad9bc68d88896aebf00ced0c44c64dce7601e7d0cb2a433f83bc2415e,2026-09-17T17:08:00+00:00,2026-09-17 22:08:00,88.1,1006.6,75
12.5,18.4,40.2,1140.8,331.2,51.5,6.4,3.2,0.8,446.0,222.3,18.4,6.7,29.1,27.5,25.35,False,4095,0.0,25.1,0.0,EXT-OPEN-METEO-KHI,KARACHI,OPENSOURCE_API_GRID,1030,,,,0.95,True,True,TIER2_OPENSOURCE_PURE;CONTINUOUS_MINUTE_STREAM;VERIFIED_MODEL_GRID,fe8950e17e701dfe8ce4ed8dd7a2bc8cadd8ae8f6c2ac1c83b2f471f0ea07b37,2026-09-17T17:09:00+00:00,2026-09-17 22:09:00,88.1,1006.6,75
12.5,18.4,40.3,1140.8,331.2,51.5,6.4,3.2,0.8,446.0,222.1,18.4,6.7,29.1,27.5,25.35,False,4095,0.0,25.1,0.0,EXT-OPEN-METEO-KHI,KARACHI,OPENSOURCE_API_GRID,1031,,,,0.95,True,True,TIER2_OPENSOURCE_PURE;CONTINUOUS_MINUTE_STREAM;VERIFIED_MODEL_GRID,dd3dd08ddf0406d4804b56733f00960282cc72413fe7109cda191e2356f15998,2026-09-17T17:10:00+00:00,2026-09-17 22:10:00,88.1,1006.6,75
12.5,18.4,40.3,1140.8,331.2,51.5,6.4,3.2,0.8,446.0,222.0,18.3,6.7,29.1,27.5,25.35,False,4095,0.0,25.2,0.0,EXT-OPEN-METEO-KHI,KARACHI,OPENSOURCE_API_GRID,1032,,,,0.95,True,True,TIER2_OPENSOURCE_PURE;CONTINUOUS_MINUTE_STREAM;VERIFIED_MODEL_GRID,0cc9f95982c538013045d7adf4881a8dc3cc152257de71735baf8b94e8317c72,2026-09-17T17:11:00+00:00,2026-09-17 22:11:00,88.1,1006.6,75
12.5,18.4,40.3,1140.8,331.2,51.5,6.4,3.2,0.8,446.0,221.8,18.3,6.7,29.1,27.5,25.35,False,4095,0.0,25.2,0.0,EXT-OPEN-METEO-KHI,KARACHI,OPENSOURCE_API_GRID,1033,,,,0.95,True,True,TIER2_OPENSOURCE_PURE;CONTINUOUS_MINUTE_STREAM;VERIFIED_MODEL_GRID,2319775f722f76ca97a9309907f5c8f07640e9fb5c2fb61e15241730d31118ef,2026-09-17T17:12:00+00:00,2026-09-17 22:12:00,88.1,1006.6,75
12.4,18.3,40.3,1134.6,329.4,51.2,6.4,3.2,0.8,446.0,221.6,18.3,6.7,29.1,27.5,25.35,False,4095,0.0,25.2,0.0,EXT-OPEN-METEO-KHI,KARACHI,OPENSOURCE_API_GRID,1034,,,,0.95,True,True,TIER2_OPENSOURCE_PURE;CONTINUOUS_MINUTE_STREAM;VERIFIED_MODEL_GRID,11806e64e54f0e46e46910a8b6cd2f0e799920d2f744af8e9b7bad24df8549c3,2026-09-17T17:13:00+00:00,2026-09-17 22:13:00,88.1,1006.6,75
12.4,18.3,40.3,1134.6,329.4,51.2,6.4,3.2,0.8,446.0,221.3,18.3,6.7,29.1,27.5,25.35,False,4095,0.0,25.3,0.0,EXT-OPEN-METEO-KHI,KARACHI,OPENSOURCE_API_GRID,1035,,,,0.95,True,True,TIER2_OPENSOURCE_PURE;CONTINUOUS_MINUTE_STREAM;VERIFIED_MODEL_GRID,ef9448a745068552bed4cdfbae91fe782b105dc775e076917143110fecd71c08,2026-09-17T17:14:00+00:00,2026-09-17 22:14:00,88.1,1006.6,75
12.4,18.3,40.3,1134.6,329.4,51.2,6.4,3.2,0.8,446.0,221.1,18.3,6.7,29.1,27.5,25.35,False,4095,0.0,25.3,0.0,EXT-OPEN-METEO-KHI,KARACHI,OPENSOURCE_API_GRID,1036,,,,0.95,True,True,TIER2_OPENSOURCE_PURE;CONTINUOUS_MINUTE_STREAM;VERIFIED_MODEL_GRID,fff18ee96c6cb7ebf6e992cd9e966ab1a7fb589f433bd6361733866859b7ee61,2026-09-17T17:15:00+00:00,2026-09-17 22:15:00,88.1,1006.6,75
12.4,18.2,40.3,1128.4,327.6,51.0,6.4,3.2,0.8,446.0,220.8,18.3,6.7,29.2,27.5,25.35,False,4095,0.0,25.3,0.0,EXT-OPEN-METEO-KHI,KARACHI,OPENSOURCE_API_GRID,1037,,,,0.95,True,True,TIER2_OPENSOURCE_PURE;CONTINUOUS_MINUTE_STREAM;VERIFIED_MODEL_GRID,aefcf5402ce4e7303102b52f532ef95c7b8cfcb14f5f7ef95407470c7de67283,2026-09-17T17:16:00+00:00,2026-09-17 22:16:00,88.1,1006.7,75
12.4,18.2,40.3,1128.4,327.6,51.0,6.4,3.2,0.8,446.0,220.6,18.3,6.7,29.2,27.5,25.35,False,4095,0.0,25.4,0.0,EXT-OPEN-METEO-KHI,KARACHI,OPENSOURCE_API_GRID,1038,,,,0.95,True,True,TIER2_OPENSOURCE_PURE;CONTINUOUS_MINUTE_STREAM;VERIFIED_MODEL_GRID,d33d1f045ddb0c6887fd54d871a9745b1e510820986b03fa14898195e30f0f45,2026-09-17T17:17:00+00:00,2026-09-17 22:17:00,88.1,1006.7,75
12.3,18.1,40.3,1122.2,325.8,50.7,6.3,3.2,0.8,446.0,220.3,18.3,6.7,29.2,27.5,25.35,False,4095,0.0,25.4,0.0,EXT-OPEN-METEO-KHI,KARACHI,OPENSOURCE_API_GRID,1039,,,,0.95,True,True,TIER2_OPENSOURCE_PURE;CONTINUOUS_MINUTE_STREAM;VERIFIED_MODEL_GRID,122971de2a66a58ba5e2c42b845604539672e36092ddc47e2499ab0b43491aed,2026-09-17T17:18:00+00:00,2026-09-17 22:18:00,88.1,1006.7,75
12.3,18.1,40.3,1122.2,325.8,50.7,6.3,3.2,0.8,446.0,220.0,18.2,6.7,29.2,27.5,25.35,False,4095,0.0,25.5,0.0,EXT-OPEN-METEO-KHI,KARACHI,OPENSOURCE_API_GRID,1040,,,,0.95,True,True,TIER2_OPENSOURCE_PURE;CONTINUOUS_MINUTE_STREAM;VERIFIED_MODEL_GRID,a2ed9010232825053891f6442e434b9765db50ba9aff4dd0836d8de0b2ffd720,2026-09-17T17:19:00+00:00,2026-09-17 22:19:00,88.1,1006.7,75
12.3,18.1,40.3,1122.2,325.8,50.7,6.3,3.2,0.8,446.0,219.8,18.2,6.7,29.2,27.4,25.25,False,4095,0.0,25.5,0.0,EXT-OPEN-METEO-KHI,KARACHI,OPENSOURCE_API_GRID,1041,,,,0.95,True,True,TIER2_OPENSOURCE_PURE;CONTINUOUS_MINUTE_STREAM;VERIFIED_MODEL_GRID,b9021f6df4dae18c696ae23ed1dd985efbc97503a90810a4c8c1f75056476605,2026-09-17T17:20:00+00:00,2026-09-17 22:20:00,88.1,1006.7,75
12.2,18.0,40.3,1116.0,324.0,50.4,6.3,3.2,0.8,446.0,219.5,18.2,6.7,29.3,27.4,25.25,False,4095,0.0,25.5,0.0,EXT-OPEN-METEO-KHI,KARACHI,OPENSOURCE_API_GRID,1042,,,,0.95,True,True,TIER2_OPENSOURCE_PURE;CONTINUOUS_MINUTE_STREAM;VERIFIED_MODEL_GRID,9fb540855b0139833cf751d8173df1b6a76fee2a69d34ef0290b346679619753,2026-09-17T17:21:00+00:00,2026-09-17 22:21:00,88.1,1006.7,75
12.2,18.0,40.3,1116.0,324.0,50.4,6.3,3.2,0.8,446.0,219.1,18.2,6.7,29.3,27.4,25.25,False,4095,0.0,25.6,0.0,EXT-OPEN-METEO-KHI,KARACHI,OPENSOURCE_API_GRID,1043,,,,0.95,True,True,TIER2_OPENSOURCE_PURE;CONTINUOUS_MINUTE_STREAM;VERIFIED_MODEL_GRID,2ecdef0d094906e1bba050d3dd3c39f44f417757a5201ee07ec855ed5c610666,2026-09-17T17:22:00+00:00,2026-09-17 22:22:00,88.1,1006.7,75
12.2,18.0,40.4,1116.0,324.0,50.4,6.3,3.2,0.8,446.0,218.8,18.2,6.7,29.3,27.4,25.27,False,4095,0.0,25.6,0.0,EXT-OPEN-METEO-KHI,KARACHI,OPENSOURCE_API_GRID,1044,,,,0.95,True,True,TIER2_OPENSOURCE_PURE;CONTINUOUS_MINUTE_STREAM;VERIFIED_MODEL_GRID,3305995457c1adb52f643f119ed68049e6bac44803b2e0a5df39e8fef5d218fd,2026-09-17T17:23:00+00:00,2026-09-17 22:23:00,88.2,1006.7,75
12.2,18.0,40.4,1116.0,324.0,50.4,6.3,3.2,0.8,446.0,218.5,18.2,6.7,29.3,27.4,25.27,False,4095,0.0,25.7,0.0,EXT-OPEN-METEO-KHI,KARACHI,OPENSOURCE_API_GRID,1045,,,,0.95,True,True,TIER2_OPENSOURCE_PURE;CONTINUOUS_MINUTE_STREAM;VERIFIED_MODEL_GRID,198ecb41091c43e8a4780e3f5135be68dfa0b100545292299dedd2179bc10f7e,2026-09-17T17:24:00+00:00,2026-09-17 22:24:00,88.2,1006.7,75
12.2,18.0,40.5,1116.0,324.0,50.4,6.3,3.2,0.8,446.0,218.2,18.1,6.7,29.4,27.4,25.27,False,4095,0.0,25.7,0.0,EXT-OPEN-METEO-KHI,KARACHI,OPENSOURCE_API_GRID,1046,,,,0.95,True,True,TIER2_OPENSOURCE_PURE;CONTINUOUS_MINUTE_STREAM;VERIFIED_MODEL_GRID,45a73d25e364665578c2d5772736ced3fc7a32c5c68854e39f2ae4e9ce501714,2026-09-17T17:25:00+00:00,2026-09-17 22:25:00,88.2,1006.7,75
12.2,18.0,40.6,1116.0,324.0,50.4,6.3,3.2,0.8,446.0,217.9,18.1,6.7,29.4,27.4,25.29,False,4095,0.0,25.8,0.0,EXT-OPEN-METEO-KHI,KARACHI,OPENSOURCE_API_GRID,1047,,,,0.95,True,True,TIER2_OPENSOURCE_PURE;CONTINUOUS_MINUTE_STREAM;VERIFIED_MODEL_GRID,48c638ba74f0dd5d81d92392ff35d8f3578cb906255c47f05374f470f4990f42,2026-09-17T17:26:00+00:00,2026-09-17 22:26:00,88.3,1006.7,75
12.2,18.0,40.7,1116.0,324.0,50.4,6.3,3.3,0.8,446.0,217.5,18.1,6.7,29.4,27.4,25.29,False,4095,0.0,25.8,0.0,EXT-OPEN-METEO-KHI,KARACHI,OPENSOURCE_API_GRID,1048,,,,0.95,True,True,TIER2_OPENSOURCE_PURE;CONTINUOUS_MINUTE_STREAM;VERIFIED_MODEL_GRID,9e3ec95e42859e8b603013b300ec904baa7a20ce64a94a82bdd08c926d49073a,2026-09-17T17:27:00+00:00,2026-09-17 22:27:00,88.3,1006.7,75
12.2,18.0,40.8,1116.0,324.0,50.4,6.3,3.3,0.8,446.0,217.2,18.1,6.7,29.4,27.4,25.31,False,4095,0.0,25.9,0.0,EXT-OPEN-METEO-KHI,KARACHI,OPENSOURCE_API_GRID,1049,,,,0.95,True,True,TIER2_OPENSOURCE_PURE;CONTINUOUS_MINUTE_STREAM;VERIFIED_MODEL_GRID,46ff83b667156150ae8fc3aa15e2422aaa912ef53a3917da1ffdd63b28a53f7f,2026-09-17T17:28:00+00:00,2026-09-17 22:28:00,88.4,1006.7,75
12.3,18.1,40.9,1122.2,325.8,50.7,6.3,3.3,0.8,446.0,216.8,18.1,6.7,29.5,27.4,25.31,False,4095,0.0,25.9,0.0,EXT-OPEN-METEO-KHI,KARACHI,OPENSOURCE_API_GRID,1050,,,,0.95,True,True,TIER2_OPENSOURCE_PURE;CONTINUOUS_MINUTE_STREAM;VERIFIED_MODEL_GRID,12b8acfb0536a1d90ac7995b3261e83bd318c1736af2b071149c1f33f0616ebc,2026-09-17T17:29:00+00:00,2026-09-17 22:29:00,88.4,1006.7,75
12.3,18.1,41.1,1122.2,325.8,50.7,6.3,3.3,0.8,446.0,216.5,18.0,6.6,29.5,27.4,25.33,False,4095,0.0,26.0,0.0,EXT-OPEN-METEO-KHI,KARACHI,OPENSOURCE_API_GRID,1051,,,,0.95,True,True,TIER2_OPENSOURCE_PURE;CONTINUOUS_MINUTE_STREAM;VERIFIED_MODEL_GRID,8765299239d701ccc7816f2d816bdf5de2d8985980193f249a77f49f9d7bfcda,2026-09-17T17:30:00+00:00,2026-09-17 22:30:00,88.5,1006.7,75
12.3,18.1,41.2,1122.2,325.8,50.7,6.3,3.3,0.8,446.0,216.2,18.0,6.6,29.5,27.4,25.33,False,4095,0.0,26.1,0.0,EXT-OPEN-METEO-KHI,KARACHI,OPENSOURCE_API_GRID,1052,,,,0.95,True,True,TIER2_OPENSOURCE_PURE;CONTINUOUS_MINUTE_STREAM;VERIFIED_MODEL_GRID,bc930a709d27020d5c38960624f532bf7e2a82682ec1ca8dd785a8306953dae0,2026-09-17T17:31:00+00:00,2026-09-17 22:31:00,88.5,1006.7,75
12.4,18.2,41.3,1128.4,327.6,51.0,6.4,3.3,0.8,446.0,215.8,18.0,6.6,29.6,27.4,25.35,False,4095,0.0,26.1,0.0,EXT-OPEN-METEO-KHI,KARACHI,OPENSOURCE_API_GRID,1053,,,,0.95,True,True,TIER2_OPENSOURCE_PURE;CONTINUOUS_MINUTE_STREAM;VERIFIED_MODEL_GRID,5bcce690b17818d104d4adaa87bb2017876481964e13188b01060307d0ad2ea8,2026-09-17T17:32:00+00:00,2026-09-17 22:32:00,88.6,1006.7,75
12.4,18.2,41.5,1128.4,327.6,51.0,6.4,3.3,0.8,446.0,215.5,18.0,6.6,29.6,27.4,25.35,False,4095,0.0,26.2,0.0,EXT-OPEN-METEO-KHI,KARACHI,OPENSOURCE_API_GRID,1054,,,,0.95,True,True,TIER2_OPENSOURCE_PURE;CONTINUOUS_MINUTE_STREAM;VERIFIED_MODEL_GRID,8864bb4fa72ff0e57b825352e327dfbb28726ff45b61b8f8f03c2d2bd043fc0d,2026-09-17T17:33:00+00:00,2026-09-17 22:33:00,88.6,1006.7,75
12.3,18.1,41.4,1122.2,325.8,50.7,6.3,3.3,0.8,446.0,215.1,18.0,6.6,29.6,27.4,25.39,False,4095,0.0,26.2,0.0,EXT-OPEN-METEO-KHI,KARACHI,OPENSOURCE_API_GRID,1055,,,,0.95,True,True,TIER2_OPENSOURCE_PURE;CONTINUOUS_MINUTE_STREAM;VERIFIED_MODEL_GRID,d8d5bcbf22a98dd2193727ca083ace96778d1e8c6556abeb97e79bcf9e534fd9,2026-09-17T17:34:00+00:00,2026-09-17 22:34:00,88.8,1006.7,75
12.4,18.2,41.6,1128.4,327.6,51.0,6.4,3.3,0.8,446.0,214.8,18.0,6.6,29.6,27.4,25.39,False,4095,0.0,26.3,0.0,EXT-OPEN-METEO-KHI,KARACHI,OPENSOURCE_API_GRID,1056,,,,0.95,True,True,TIER2_OPENSOURCE_PURE;CONTINUOUS_MINUTE_STREAM;VERIFIED_MODEL_GRID,42b3df002f46246c2b9638b131f7eb560bbf225ca79c305262e30095ee8411c5,2026-09-17T17:35:00+00:00,2026-09-17 22:35:00,88.8,1006.7,75
12.4,18.2,41.7,1128.4,327.6,51.0,6.4,3.3,0.8,446.0,214.5,17.9,6.6,29.7,27.4,25.39,False,4095,0.0,26.3,0.0,EXT-OPEN-METEO-KHI,KARACHI,OPENSOURCE_API_GRID,1057,,,,0.95,True,True,TIER2_OPENSOURCE_PURE;CONTINUOUS_MINUTE_STREAM;VERIFIED_MODEL_GRID,37863013f8b9eb03cf80997d510690ea8e0700591c1be619b17c9a5c8799dda3,2026-09-17T17:36:00+00:00,2026-09-17 22:36:00,88.8,1006.7,75
12.4,18.3,41.8,1134.6,329.4,51.2,6.4,3.3,0.8,446.0,214.2,17.9,6.6,29.7,27.4,25.39,False,4095,0.0,26.4,0.0,EXT-OPEN-METEO-KHI,KARACHI,OPENSOURCE_API_GRID,1058,,,,0.95,True,True,TIER2_OPENSOURCE_PURE;CONTINUOUS_MINUTE_STREAM;VERIFIED_MODEL_GRID,3b5d4ab94a619525e3d33a0f25e98b84db1eab9bd491d91c03fb1562da1f4e6d,2026-09-17T17:37:00+00:00,2026-09-17 22:37:00,88.8,1006.7,75
12.4,18.3,41.9,1134.6,329.4,51.2,6.4,3.4,0.8,446.0,213.9,17.9,6.6,29.7,27.4,25.39,False,4095,0.0,26.4,0.0,EXT-OPEN-METEO-KHI,KARACHI,OPENSOURCE_API_GRID,1059,,,,0.95,True,True,TIER2_OPENSOURCE_PURE;CONTINUOUS_MINUTE_STREAM;VERIFIED_MODEL_GRID,e79112c0a1e14eee0a0a9018e3145f4781e24c7d6591fd3f005caa0f81725781,2026-09-17T17:38:00+00:00,2026-09-17 22:38:00,88.8,1006.8,75
12.4,18.3,42.0,1134.6,329.4,51.2,6.4,3.4,0.8,446.0,213.5,17.9,6.6,29.7,27.4,25.39,False,4095,0.0,26.5,0.0,EXT-OPEN-METEO-KHI,KARACHI,OPENSOURCE_API_GRID,1060,,,,0.95,True,True,TIER2_OPENSOURCE_PURE;CONTINUOUS_MINUTE_STREAM;VERIFIED_MODEL_GRID,4d4fe5ea95c27f76ddb1fa03c12487db1016dfbc415a993aa1d72fb3f00cf97f,2026-09-17T17:39:00+00:00,2026-09-17 22:39:00,88.8,1006.8,75
12.4,18.3,42.1,1134.6,329.4,51.2,6.4,3.4,0.8,446.0,213.2,17.9,6.6,29.8,27.4,25.39,False,4095,0.0,26.5,0.0,EXT-OPEN-METEO-KHI,KARACHI,OPENSOURCE_API_GRID,1061,,,,0.95,True,True,TIER2_OPENSOURCE_PURE;CONTINUOUS_MINUTE_STREAM;VERIFIED_MODEL_GRID,ccca166b77cfb9cd0376cfd0aa76e5437160965bfa9021ea591ba646c866f318,2026-09-17T17:40:00+00:00,2026-09-17 22:40:00,88.8,1006.8,75
12.4,18.3,42.2,1134.6,329.4,51.2,6.4,3.4,0.8,446.0,213.0,17.9,6.6,29.8,27.4,25.39,False,4095,0.0,26.5,0.0,EXT-OPEN-METEO-KHI,KARACHI,OPENSOURCE_API_GRID,1062,,,,0.95,True,True,TIER2_OPENSOURCE_PURE;CONTINUOUS_MINUTE_STREAM;VERIFIED_MODEL_GRID,d1463733cb92852bff609e5d0f75f6f3ef636d8d17eada05c1af0c5bb9e229f4,2026-09-17T17:41:00+00:00,2026-09-17 22:41:00,88.8,1006.8,75
12.4,18.3,42.2,1134.6,329.4,51.2,6.4,3.4,0.8,446.0,212.7,17.8,6.6,29.8,27.4,25.39,False,4095,0.0,26.6,0.0,EXT-OPEN-METEO-KHI,KARACHI,OPENSOURCE_API_GRID,1063,,,,0.95,True,True,TIER2_OPENSOURCE_PURE;CONTINUOUS_MINUTE_STREAM;VERIFIED_MODEL_GRID,ace27a863c755e126e80c69caa468bafb8f363c4fccbc088d0a8538c67a918d0,2026-09-17T17:42:00+00:00,2026-09-17 22:42:00,88.8,1006.8,75
12.4,18.3,42.3,1134.6,329.4,51.2,6.4,3.4,0.8,446.0,212.4,17.8,6.6,29.8,27.4,25.39,False,4095,0.0,26.6,0.0,EXT-OPEN-METEO-KHI,KARACHI,OPENSOURCE_API_GRID,1064,,,,0.95,True,True,TIER2_OPENSOURCE_PURE;CONTINUOUS_MINUTE_STREAM;VERIFIED_MODEL_GRID,51b46e4eeb46a52355d034dd2e6b22d74f1830240814e8e4dcfda3ec5cb2b28b,2026-09-17T17:43:00+00:00,2026-09-17 22:43:00,88.8,1006.8,75
12.4,18.3,42.3,1134.6,329.4,51.2,6.4,3.4,0.8,446.0,212.2,17.8,6.6,29.8,27.4,25.39,False,4095,0.0,26.7,0.0,EXT-OPEN-METEO-KHI,KARACHI,OPENSOURCE_API_GRID,1065,,,,0.95,True,True,TIER2_OPENSOURCE_PURE;CONTINUOUS_MINUTE_STREAM;VERIFIED_MODEL_GRID,e413d7c34df666e36c2afdb09d119b7b919f1a867fefc7c7fc24328bf4c7d44c,2026-09-17T17:44:00+00:00,2026-09-17 22:44:00,88.8,1006.8,75
12.4,18.2,42.3,1128.4,327.6,51.0,6.4,3.4,0.8,446.0,211.9,17.8,6.6,29.9,27.4,25.39,False,4095,0.0,26.7,0.0,EXT-OPEN-METEO-KHI,KARACHI,OPENSOURCE_API_GRID,1066,,,,0.95,True,True,TIER2_OPENSOURCE_PURE;CONTINUOUS_MINUTE_STREAM;VERIFIED_MODEL_GRID,21b5d15d646b5459ee94fc7d54cc288eaad350076764a4edcc1f869228dc0b32,2026-09-17T17:45:00+00:00,2026-09-17 22:45:00,88.8,1006.8,75
12.4,18.2,42.3,1128.4,327.6,51.0,6.4,3.4,0.8,446.0,211.7,17.8,6.6,29.9,27.4,25.39,False,4095,0.0,26.7,0.0,EXT-OPEN-METEO-KHI,KARACHI,OPENSOURCE_API_GRID,1067,,,,0.95,True,True,TIER2_OPENSOURCE_PURE;CONTINUOUS_MINUTE_STREAM;VERIFIED_MODEL_GRID,abeaf8d7765cce9bf7cfa738a95bbed0440672bb54b0e2dce7e7d88d81f60cce,2026-09-17T17:46:00+00:00,2026-09-17 22:46:00,88.8,1006.8,75
12.4,18.2,42.3,1128.4,327.6,51.0,6.4,3.4,0.8,446.0,211.4,17.8,6.6,29.9,27.3,25.29,False,4095,0.0,26.8,0.0,EXT-OPEN-METEO-KHI,KARACHI,OPENSOURCE_API_GRID,1068,,,,0.95,True,True,TIER2_OPENSOURCE_PURE;CONTINUOUS_MINUTE_STREAM;VERIFIED_MODEL_GRID,a937aedc18e236b7683af693eaaa34e2a87f71b13a75c600474667fc3b3cc08a,2026-09-17T17:47:00+00:00,2026-09-17 22:47:00,88.8,1006.8,75
12.3,18.1,42.3,1122.2,325.8,50.7,6.3,3.4,0.8,446.0,211.2,17.8,6.6,29.9,27.3,25.29,False,4095,0.0,26.8,0.0,EXT-OPEN-METEO-KHI,KARACHI,OPENSOURCE_API_GRID,1069,,,,0.95,True,True,TIER2_OPENSOURCE_PURE;CONTINUOUS_MINUTE_STREAM;VERIFIED_MODEL_GRID,111e307dd2ead8112a0d3cf46b39095c1e888ee523eaf9c17e4fcf788b7edc37,2026-09-17T17:48:00+00:00,2026-09-17 22:48:00,88.8,1006.8,75
12.3,18.1,42.2,1122.2,325.8,50.7,6.3,3.4,0.8,446.0,211.0,17.8,6.6,29.9,27.3,25.29,False,4095,0.0,26.8,0.0,EXT-OPEN-METEO-KHI,KARACHI,OPENSOURCE_API_GRID,1070,,,,0.95,True,True,TIER2_OPENSOURCE_PURE;CONTINUOUS_MINUTE_STREAM;VERIFIED_MODEL_GRID,dbe0a728b8704c3ba2f886ba355a4c93c3e280c42b0fe48dfce8736d8c7858de,2026-09-17T17:49:00+00:00,2026-09-17 22:49:00,88.8,1006.8,75
12.2,18.0,42.2,1116.0,324.0,50.4,6.3,3.4,0.8,446.0,210.9,17.7,6.6,29.9,27.3,25.29,False,4095,0.0,26.9,0.0,EXT-OPEN-METEO-KHI,KARACHI,OPENSOURCE_API_GRID,1071,,,,0.95,True,True,TIER2_OPENSOURCE_PURE;CONTINUOUS_MINUTE_STREAM;VERIFIED_MODEL_GRID,728fedc25c7edf360180aec7e38848d787247c48ac3b55678dcf787dfe08d39a,2026-09-17T17:50:00+00:00,2026-09-17 22:50:00,88.8,1006.8,75
12.2,18.0,42.2,1116.0,324.0,50.4,6.3,3.4,0.8,446.0,210.7,17.7,6.6,29.9,27.3,25.29,False,4095,0.0,26.9,0.0,EXT-OPEN-METEO-KHI,KARACHI,OPENSOURCE_API_GRID,1072,,,,0.95,True,True,TIER2_OPENSOURCE_PURE;CONTINUOUS_MINUTE_STREAM;VERIFIED_MODEL_GRID,a8aa27c26132c4f63ab2c2de111d81e1fc9871dbdfabcdc0d132a51840c21ea3,2026-09-17T17:51:00+00:00,2026-09-17 22:51:00,88.8,1006.8,75
12.2,18.0,42.2,1116.0,324.0,50.4,6.3,3.4,0.8,446.0,210.6,17.7,6.6,30.0,27.3,25.29,False,4095,0.0,26.9,0.0,EXT-OPEN-METEO-KHI,KARACHI,OPENSOURCE_API_GRID,1073,,,,0.95,True,True,TIER2_OPENSOURCE_PURE;CONTINUOUS_MINUTE_STREAM;VERIFIED_MODEL_GRID,2d3493e317a2cb8284a1b573071854cf8b87b0e4ff5192adde76c317a1dc292a,2026-09-17T17:52:00+00:00,2026-09-17 22:52:00,88.8,1006.8,75
12.2,17.9,42.1,1109.8,322.2,50.1,6.3,3.4,0.8,446.0,210.4,17.7,6.6,30.0,27.3,25.29,False,4095,0.0,26.9,0.0,EXT-OPEN-METEO-KHI,KARACHI,OPENSOURCE_API_GRID,1074,,,,0.95,True,True,TIER2_OPENSOURCE_PURE;CONTINUOUS_MINUTE_STREAM;VERIFIED_MODEL_GRID,913afcce0b88d93874b48e84cc54d99fc007141f9d5eb4e70e11d485504ec119,2026-09-17T17:53:00+00:00,2026-09-17 22:53:00,88.8,1006.8,75
12.2,17.9,42.1,1109.8,322.2,50.1,6.3,3.4,0.8,446.0,210.3,17.7,6.6,30.0,27.3,25.29,False,4095,0.0,27.0,0.0,EXT-OPEN-METEO-KHI,KARACHI,OPENSOURCE_API_GRID,1075,,,,0.95,True,True,TIER2_OPENSOURCE_PURE;CONTINUOUS_MINUTE_STREAM;VERIFIED_MODEL_GRID,16afc3317d446bef0ae7b756aebd70cfb3c25c435b4535d80e5cd50d1b06f96c,2026-09-17T17:54:00+00:00,2026-09-17 22:54:00,88.8,1006.8,75
12.2,17.9,42.2,1109.8,322.2,50.1,6.3,3.4,0.8,446.0,210.2,17.7,6.6,30.0,27.3,25.29,False,4095,0.0,27.0,0.0,EXT-OPEN-METEO-KHI,KARACHI,OPENSOURCE_API_GRID,1076,,,,0.95,True,True,TIER2_OPENSOURCE_PURE;CONTINUOUS_MINUTE_STREAM;VERIFIED_MODEL_GRID,ea26aa33d3628f48a263777de3d004152c4d268552031cf0778bcdae5f41b1ed,2026-09-17T17:55:00+00:00,2026-09-17 22:55:00,88.8,1006.8,75
12.2,17.9,42.2,1109.8,322.2,50.1,6.3,3.4,0.8,446.0,210.1,17.7,6.6,30.0,27.3,25.31,False,4095,0.0,27.0,0.0,EXT-OPEN-METEO-KHI,KARACHI,OPENSOURCE_API_GRID,1077,,,,0.95,True,True,TIER2_OPENSOURCE_PURE;CONTINUOUS_MINUTE_STREAM;VERIFIED_MODEL_GRID,aac94dbda360f404d5232b6b184dcec7df561db7d566a8c563f3123ba46ad72b,2026-09-17T17:56:00+00:00,2026-09-17 22:56:00,88.9,1006.8,75
12.2,17.9,42.2,1109.8,322.2,50.1,6.3,3.4,0.8,446.0,210.1,17.7,6.6,30.0,27.3,25.31,False,4095,0.0,27.0,0.0,EXT-OPEN-METEO-KHI,KARACHI,OPENSOURCE_API_GRID,1078,,,,0.95,True,True,TIER2_OPENSOURCE_PURE;CONTINUOUS_MINUTE_STREAM;VERIFIED_MODEL_GRID,fe01ec0c56109dfb1b37534f8690b918060916676d0ed4c1e435387f5d8a5cbb,2026-09-17T17:57:00+00:00,2026-09-17 22:57:00,88.9,1006.8,75
12.2,17.9,42.2,1109.8,322.2,50.1,6.3,3.4,0.8,446.0,210.0,17.7,6.6,30.0,27.3,25.31,False,4095,0.0,27.0,0.0,EXT-OPEN-METEO-KHI,KARACHI,OPENSOURCE_API_GRID,1079,,,,0.95,True,True,TIER2_OPENSOURCE_PURE;CONTINUOUS_MINUTE_STREAM;VERIFIED_MODEL_GRID,6e0e5d0cb0fd2e4bc84dca27be44d193a31a491ccaadd2245809974ce830ad42,2026-09-17T17:58:00+00:00,2026-09-17 22:58:00,88.9,1006.8,75
12.2,18.0,42.3,1116.0,324.0,50.4,6.3,3.4,0.8,446.0,210.0,17.7,6.6,30.0,27.3,25.31,False,4095,0.0,27.0,0.0,EXT-OPEN-METEO-KHI,KARACHI,OPENSOURCE_API_GRID,1080,,,,0.95,True,True,TIER2_OPENSOURCE_PURE;CONTINUOUS_MINUTE_STREAM;VERIFIED_MODEL_GRID,fbd488887e242ac48d791999c15d959a88aa40448fa1f4222f03904779a78291,2026-09-17T17:59:00+00:00,2026-09-17 22:59:00,88.9,1006.8,75
12.2,18.0,42.4,1116.0,324.0,50.4,6.3,3.4,0.8,446.0,210.0,17.7,6.6,30.0,27.3,25.31,False,4095,0.0,27.0,0.0,EXT-OPEN-METEO-KHI,KARACHI,OPENSOURCE_API_GRID,1081,,,,0.95,True,False,TIER2_OPENSOURCE_PURE;HOURLY_NODE;VERIFIED_MODEL_GRID,982eebe77cc7cd1ecb27ac53e5e244d996827f6918fa93ade7c5bc9f4c27ddb8,2026-09-17T18:00:00+00:00,2026-09-17 23:00:00,88.9,1006.8,74
12.2,18.0,42.4,1116.0,324.0,50.4,6.3,3.4,0.8,446.0,210.0,17.7,6.6,30.0,27.3,25.33,False,4095,0.0,27.0,0.0,EXT-OPEN-METEO-KHI,KARACHI,OPENSOURCE_API_GRID,1082,,,,0.95,True,True,TIER2_OPENSOURCE_PURE;CONTINUOUS_MINUTE_STREAM;VERIFIED_MODEL_GRID,e8308de0eb285979ae9f35ad3537a8ab25f286121069931bf21795d51aa02f04,2026-09-17T18:01:00+00:00,2026-09-17 23:01:00,89.0,1006.8,74
12.3,18.1,42.5,1122.2,325.8,50.7,6.3,3.4,0.8,446.0,209.9,17.7,6.6,30.0,27.3,25.33,False,4095,0.0,27.0,0.0,EXT-OPEN-METEO-KHI,KARACHI,OPENSOURCE_API_GRID,1083,,,,0.95,True,True,TIER2_OPENSOURCE_PURE;CONTINUOUS_MINUTE_STREAM;VERIFIED_MODEL_GRID,4151e4884a1f17434e5fa2af602c4c5669d86eba438786378a196ab7fd326307,2026-09-17T18:02:00+00:00,2026-09-17 23:02:00,89.0,1006.8,74
12.3,18.1,42.6,1122.2,325.8,50.7,6.3,3.4,0.9,446.0,209.9,17.7,6.6,30.0,27.3,25.33,False,4095,0.0,27.0,0.0,EXT-OPEN-METEO-KHI,KARACHI,OPENSOURCE_API_GRID,1084,,,,0.95,True,True,TIER2_OPENSOURCE_PURE;CONTINUOUS_MINUTE_STREAM;VERIFIED_MODEL_GRID,5014afad805b13aee790b3fea061d30f71ef760d504499805754b0d3ada21abb,2026-09-17T18:03:00+00:00,2026-09-17 23:03:00,89.0,1006.8,74
12.4,18.2,42.6,1128.4,327.6,51.0,6.4,3.4,0.9,446.0,209.8,17.7,6.6,30.0,27.3,25.35,False,4095,0.0,27.0,0.0,EXT-OPEN-METEO-KHI,KARACHI,OPENSOURCE_API_GRID,1085,,,,0.95,True,True,TIER2_OPENSOURCE_PURE;CONTINUOUS_MINUTE_STREAM;VERIFIED_MODEL_GRID,64adf96b66f2ffe573799e008805f53e511fb36598dbc7f85c7c4600411dc1e9,2026-09-17T18:04:00+00:00,2026-09-17 23:04:00,89.1,1006.8,74
12.3,18.1,42.5,1122.2,325.8,50.7,6.3,3.4,0.8,446.0,209.6,17.7,6.6,30.0,27.3,25.36,False,4095,0.0,27.0,0.0,EXT-OPEN-METEO-KHI,KARACHI,OPENSOURCE_API_GRID,1086,,,,0.95,True,True,TIER2_OPENSOURCE_PURE;CONTINUOUS_MINUTE_STREAM;VERIFIED_MODEL_GRID,2b5537615760c61cd9fdde06b6c17f12474bdc184eb74f6aee79b41bd9ca93c5,2026-09-17T18:05:00+00:00,2026-09-17 23:05:00,89.2,1006.8,74
12.3,18.1,42.6,1122.2,325.8,50.7,6.3,3.4,0.9,446.0,209.5,17.7,6.6,30.0,27.3,25.36,False,4095,0.0,27.0,0.0,EXT-OPEN-METEO-KHI,KARACHI,OPENSOURCE_API_GRID,1087,,,,0.95,True,True,TIER2_OPENSOURCE_PURE;CONTINUOUS_MINUTE_STREAM;VERIFIED_MODEL_GRID,7c3cad71aacb67fd2e1fc8cb8bf5ae0b6089fb3af630bc70719f36991013b759,2026-09-17T18:06:00+00:00,2026-09-17 23:06:00,89.2,1006.8,74
12.4,18.2,42.7,1128.4,327.6,51.0,6.4,3.4,0.9,446.0,209.3,17.6,6.6,30.1,27.3,25.36,False,4095,0.0,27.0,0.0,EXT-OPEN-METEO-KHI,KARACHI,OPENSOURCE_API_GRID,1088,,,,0.95,True,True,TIER2_OPENSOURCE_PURE;CONTINUOUS_MINUTE_STREAM;VERIFIED_MODEL_GRID,cfb663c5ede9398d80c80f0eb33d7afd74f0e3fc0c1659de6854bbce3df39f5e,2026-09-17T18:07:00+00:00,2026-09-17 23:07:00,89.2,1006.8,74
12.4,18.2,42.8,1128.4,327.6,51.0,6.4,3.4,0.9,446.0,209.0,17.6,6.6,30.1,27.3,25.36,False,4095,0.0,27.0,0.0,EXT-OPEN-METEO-KHI,KARACHI,OPENSOURCE_API_GRID,1089,,,,0.95,True,True,TIER2_OPENSOURCE_PURE;CONTINUOUS_MINUTE_STREAM;VERIFIED_MODEL_GRID,09c59195ed1eda536432ca92735bb7adf7ec369db00680095d50d788a1c47c71,2026-09-17T18:08:00+00:00,2026-09-17 23:08:00,89.2,1006.8,74
12.4,18.2,42.8,1128.4,327.6,51.0,6.4,3.4,0.9,446.0,208.8,17.6,6.6,30.1,27.3,25.36,False,4095,0.0,27.0,0.0,EXT-OPEN-METEO-KHI,KARACHI,OPENSOURCE_API_GRID,1090,,,,0.95,True,True,TIER2_OPENSOURCE_PURE;CONTINUOUS_MINUTE_STREAM;VERIFIED_MODEL_GRID,ec4f54698d9e49e79542ac0ec8db8ddf22f056354112c740c001c134891d9c45,2026-09-17T18:09:00+00:00,2026-09-17 23:09:00,89.2,1006.8,74
12.4,18.3,42.9,1134.6,329.4,51.2,6.4,3.4,0.9,446.0,208.5,17.6,6.6,30.1,27.3,25.36,False,4095,0.0,27.0,0.0,EXT-OPEN-METEO-KHI,KARACHI,OPENSOURCE_API_GRID,1091,,,,0.95,True,True,TIER2_OPENSOURCE_PURE;CONTINUOUS_MINUTE_STREAM;VERIFIED_MODEL_GRID,6b2f4d57a2f555874a9817f86b745e0830d14e5b8869f581a2521ce334fd7ae3,2026-09-17T18:10:00+00:00,2026-09-17 23:10:00,89.2,1006.8,74
12.4,18.3,43.0,1134.6,329.4,51.2,6.4,3.4,0.9,446.0,208.2,17.5,6.6,30.2,27.3,25.36,False,4095,0.0,27.0,0.0,EXT-OPEN-METEO-KHI,KARACHI,OPENSOURCE_API_GRID,1092,,,,0.95,True,True,TIER2_OPENSOURCE_PURE;CONTINUOUS_MINUTE_STREAM;VERIFIED_MODEL_GRID,38bb5d3295036d11dae73adf00fa23175cc105f0b0561fd5e75be54578dcbc7c,2026-09-17T18:11:00+00:00,2026-09-17 23:11:00,89.2,1006.8,74
12.4,18.3,43.0,1134.6,329.4,51.2,6.4,3.4,0.9,446.0,207.9,17.5,6.6,30.2,27.3,25.36,False,4095,0.0,27.0,0.0,EXT-OPEN-METEO-KHI,KARACHI,OPENSOURCE_API_GRID,1093,,,,0.95,True,True,TIER2_OPENSOURCE_PURE;CONTINUOUS_MINUTE_STREAM;VERIFIED_MODEL_GRID,51da35fda1845d456fadf92cd883936ce886a7aad3d7284977626c5296c807bf,2026-09-17T18:12:00+00:00,2026-09-17 23:12:00,89.2,1006.8,74
12.4,18.3,43.0,1134.6,329.4,51.2,6.4,3.4,0.9,446.0,207.5,17.5,6.6,30.2,27.3,25.35,False,4095,0.0,27.0,0.0,EXT-OPEN-METEO-KHI,KARACHI,OPENSOURCE_API_GRID,1094,,,,0.95,True,True,TIER2_OPENSOURCE_PURE;CONTINUOUS_MINUTE_STREAM;VERIFIED_MODEL_GRID,576baf7a206536a3e82c5b65472ed9e81bc480eba16f4084ee72ba2584ea497e,2026-09-17T18:13:00+00:00,2026-09-17 23:13:00,89.1,1006.8,74
12.4,18.3,43.0,1134.6,329.4,51.2,6.4,3.4,0.9,446.0,207.2,17.4,6.6,30.3,27.3,25.35,False,4095,0.0,27.0,0.0,EXT-OPEN-METEO-KHI,KARACHI,OPENSOURCE_API_GRID,1095,,,,0.95,True,True,TIER2_OPENSOURCE_PURE;CONTINUOUS_MINUTE_STREAM;VERIFIED_MODEL_GRID,f8458ee047a18adfd829e02d94f34aca6e5d214297867ee58987bac7df78dcee,2026-09-17T18:14:00+00:00,2026-09-17 23:14:00,89.1,1006.8,74
12.4,18.2,43.0,1128.4,327.6,51.0,6.4,3.4,0.9,446.0,206.8,17.4,6.6,30.3,27.3,25.35,False,4095,0.0,27.0,0.0,EXT-OPEN-METEO-KHI,KARACHI,OPENSOURCE_API_GRID,1096,,,,0.95,True,True,TIER2_OPENSOURCE_PURE;CONTINUOUS_MINUTE_STREAM;VERIFIED_MODEL_GRID,baff408fa36506333c1c9b059e280979f525f1cb41eec059e826f3eeb3a3a75c,2026-09-17T18:15:00+00:00,2026-09-17 23:15:00,89.1,1006.8,74
12.4,18.2,43.0,1128.4,327.6,51.0,6.4,3.4,0.9,446.0,206.4,17.4,6.6,30.3,27.3,25.35,False,4095,0.0,27.0,0.0,EXT-OPEN-METEO-KHI,KARACHI,OPENSOURCE_API_GRID,1097,,,,0.95,True,True,TIER2_OPENSOURCE_PURE;CONTINUOUS_MINUTE_STREAM;VERIFIED_MODEL_GRID,772c83aa966dc53111cbc70ad26a46f01a36a0942d47c3dc23a3c880090dab66,2026-09-17T18:16:00+00:00,2026-09-17 23:16:00,89.1,1006.8,74
12.4,18.2,43.0,1128.4,327.6,51.0,6.4,3.4,0.9,446.0,205.9,17.3,6.5,30.4,27.3,25.35,False,4095,0.0,27.0,0.0,EXT-OPEN-METEO-KHI,KARACHI,OPENSOURCE_API_GRID,1098,,,,0.95,True,True,TIER2_OPENSOURCE_PURE;CONTINUOUS_MINUTE_STREAM;VERIFIED_MODEL_GRID,81767d612ca456af811d35b4c019f2772df75a6f4854c932c5b251ba6aacb87c,2026-09-17T18:17:00+00:00,2026-09-17 23:17:00,89.1,1006.8,74
12.3,18.1,43.0,1122.2,325.8,50.7,6.3,3.4,0.9,446.0,205.5,17.3,6.5,30.4,27.3,25.35,False,4095,0.0,27.0,0.0,EXT-OPEN-METEO-KHI,KARACHI,OPENSOURCE_API_GRID,1099,,,,0.95,True,True,TIER2_OPENSOURCE_PURE;CONTINUOUS_MINUTE_STREAM;VERIFIED_MODEL_GRID,0c94463c30c099418c9129736d008ba7d28039f4560ba495a2419d0c194f2144,2026-09-17T18:18:00+00:00,2026-09-17 23:18:00,89.1,1006.8,74
12.3,18.1,43.0,1122.2,325.8,50.7,6.3,3.4,0.9,446.0,205.0,17.2,6.5,30.5,27.3,25.35,False,4095,0.0,27.0,0.0,EXT-OPEN-METEO-KHI,KARACHI,OPENSOURCE_API_GRID,1100,,,,0.95,True,True,TIER2_OPENSOURCE_PURE;CONTINUOUS_MINUTE_STREAM;VERIFIED_MODEL_GRID,95a608a14cba5b6ad5c4de743d4966bdbefbb6dde32899d4948657761de24987,2026-09-17T18:19:00+00:00,2026-09-17 23:19:00,89.1,1006.8,74
12.2,18.0,43.0,1116.0,324.0,50.4,6.3,3.4,0.9,446.0,204.5,17.2,6.5,30.5,27.3,25.35,False,4095,0.0,27.0,0.0,EXT-OPEN-METEO-KHI,KARACHI,OPENSOURCE_API_GRID,1101,,,,0.95,True,True,TIER2_OPENSOURCE_PURE;CONTINUOUS_MINUTE_STREAM;VERIFIED_MODEL_GRID,60207d3cfc71a9349b86558268cccd9d1ae105f2b35ea01990234dfbd15ed7a7,2026-09-17T18:20:00+00:00,2026-09-17 23:20:00,89.1,1006.8,74
12.2,18.0,43.0,1116.0,324.0,50.4,6.3,3.4,0.9,446.0,204.0,17.2,6.5,30.5,27.2,25.25,False,4095,0.0,27.0,0.0,EXT-OPEN-METEO-KHI,KARACHI,OPENSOURCE_API_GRID,1102,,,,0.95,True,True,TIER2_OPENSOURCE_PURE;CONTINUOUS_MINUTE_STREAM;VERIFIED_MODEL_GRID,a907345da0c39141ec303ec08d9147eca188d83bf29aae138fd101045f13be93,2026-09-17T18:21:00+00:00,2026-09-17 23:21:00,89.1,1006.8,74
12.2,18.0,42.9,1116.0,324.0,50.4,6.3,3.4,0.9,446.0,203.5,17.1,6.5,30.6,27.2,25.27,False,4095,0.0,27.0,0.0,EXT-OPEN-METEO-KHI,KARACHI,OPENSOURCE_API_GRID,1103,,,,0.95,True,True,TIER2_OPENSOURCE_PURE;CONTINUOUS_MINUTE_STREAM;VERIFIED_MODEL_GRID,a377c7b8d64bb227c9d49fd059aee3d534f0ab59e9c8e42e9fe6de53733f1fab,2026-09-17T18:22:00+00:00,2026-09-17 23:22:00,89.2,1006.8,74
12.2,17.9,42.9,1109.8,322.2,50.1,6.3,3.4,0.9,446.0,202.9,17.1,6.5,30.6,27.2,25.27,False,4095,0.0,27.0,0.0,EXT-OPEN-METEO-KHI,KARACHI,OPENSOURCE_API_GRID,1104,,,,0.95,True,True,TIER2_OPENSOURCE_PURE;CONTINUOUS_MINUTE_STREAM;VERIFIED_MODEL_GRID,a288bab169461d4b45eb7226ee7561891aae291d97797d3d40cad7dc548ccc62,2026-09-17T18:23:00+00:00,2026-09-17 23:23:00,89.2,1006.8,74
12.2,17.9,43.0,1109.8,322.2,50.1,6.3,3.4,0.9,446.0,202.4,17.0,6.5,30.7,27.2,25.27,False,4095,0.0,27.0,0.0,EXT-OPEN-METEO-KHI,KARACHI,OPENSOURCE_API_GRID,1105,,,,0.95,True,True,TIER2_OPENSOURCE_PURE;CONTINUOUS_MINUTE_STREAM;VERIFIED_MODEL_GRID,b03356f171060d550ee3d9386d6a2312a36c1c2db6b09d7a62212c112f64d54f,2026-09-17T18:24:00+00:00,2026-09-17 23:24:00,89.2,1006.8,74
12.2,17.9,43.0,1109.8,322.2,50.1,6.3,3.4,0.9,446.0,201.8,17.0,6.5,30.7,27.2,25.27,False,4095,0.0,27.0,0.0,EXT-OPEN-METEO-KHI,KARACHI,OPENSOURCE_API_GRID,1106,,,,0.95,True,True,TIER2_OPENSOURCE_PURE;CONTINUOUS_MINUTE_STREAM;VERIFIED_MODEL_GRID,f3e9198c1ac293bcc80accd01e60684523112cd66649ccff3a01e3ba151a31e4,2026-09-17T18:25:00+00:00,2026-09-17 23:25:00,89.2,1006.8,74
12.2,17.9,43.0,1109.8,322.2,50.1,6.3,3.4,0.9,446.0,201.3,16.9,6.5,30.8,27.2,25.28,False,4095,0.0,27.0,0.0,EXT-OPEN-METEO-KHI,KARACHI,OPENSOURCE_API_GRID,1107,,,,0.95,True,True,TIER2_OPENSOURCE_PURE;CONTINUOUS_MINUTE_STREAM;VERIFIED_MODEL_GRID,f22239cd7ad5782b2f72352faa9028a1c43a56e27c3b072fc01dc4970e02cce2,2026-09-17T18:26:00+00:00,2026-09-17 23:26:00,89.3,1006.8,74
12.2,17.9,43.1,1109.8,322.2,50.1,6.3,3.4,0.9,446.0,200.7,16.9,6.5,30.8,27.2,25.28,False,4095,0.0,27.0,0.0,EXT-OPEN-METEO-KHI,KARACHI,OPENSOURCE_API_GRID,1108,,,,0.95,True,True,TIER2_OPENSOURCE_PURE;CONTINUOUS_MINUTE_STREAM;VERIFIED_MODEL_GRID,378726f51531e41bfb704c844642a24facb2c63ab7d556c939b70bfbfa7c8e07,2026-09-17T18:27:00+00:00,2026-09-17 23:27:00,89.3,1006.8,74
12.2,17.9,43.2,1109.8,322.2,50.1,6.3,3.5,0.9,446.0,200.1,16.8,6.5,30.9,27.2,25.28,False,4095,0.0,27.0,0.0,EXT-OPEN-METEO-KHI,KARACHI,OPENSOURCE_API_GRID,1109,,,,0.95,True,True,TIER2_OPENSOURCE_PURE;CONTINUOUS_MINUTE_STREAM;VERIFIED_MODEL_GRID,5730dbc9c6fd70dd7fb0a3d31e7f71ce21e1c083093eadcbe239b76f71fa3360,2026-09-17T18:28:00+00:00,2026-09-17 23:28:00,89.3,1006.8,74
12.2,17.9,43.3,1109.8,322.2,50.1,6.3,3.5,0.9,446.0,199.6,16.8,6.5,30.9,27.2,25.3,False,4095,0.0,27.0,0.0,EXT-OPEN-METEO-KHI,KARACHI,OPENSOURCE_API_GRID,1110,,,,0.95,True,True,TIER2_OPENSOURCE_PURE;CONTINUOUS_MINUTE_STREAM;VERIFIED_MODEL_GRID,6909ef3a0a48b098f21f8a538d81bfc84f6dfae8b4db692d375fe50df13ea64c,2026-09-17T18:29:00+00:00,2026-09-17 23:29:00,89.4,1006.8,74
12.2,17.9,43.4,1109.8,322.2,50.1,6.3,3.5,0.9,446.0,199.0,16.7,6.4,31.0,27.2,25.3,False,4095,0.0,27.0,0.0,EXT-OPEN-METEO-KHI,KARACHI,OPENSOURCE_API_GRID,1111,,,,0.95,True,True,TIER2_OPENSOURCE_PURE;CONTINUOUS_MINUTE_STREAM;VERIFIED_MODEL_GRID,056fd1ebd68664c964b0eea4780289c65f73733b98bce1c936d1f734e6c89133,2026-09-17T18:30:00+00:00,2026-09-17 23:30:00,89.4,1006.8,74
12.2,18.0,43.5,1116.0,324.0,50.4,6.3,3.5,0.9,446.0,198.4,16.6,6.4,31.1,27.2,25.32,False,4095,0.0,27.0,0.0,EXT-OPEN-METEO-KHI,KARACHI,OPENSOURCE_API_GRID,1112,,,,0.95,True,True,TIER2_OPENSOURCE_PURE;CONTINUOUS_MINUTE_STREAM;VERIFIED_MODEL_GRID,d6e02ecc91a45170555daebc13aaf7e8c9373f1a84be48edba4ad21f03673954,2026-09-17T18:31:00+00:00,2026-09-17 23:31:00,89.5,1006.8,74
12.2,18.0,43.6,1116.0,324.0,50.4,6.3,3.5,0.9,446.0,197.9,16.6,6.4,31.1,27.2,25.32,False,4095,0.0,27.0,0.0,EXT-OPEN-METEO-KHI,KARACHI,OPENSOURCE_API_GRID,1113,,,,0.95,True,True,TIER2_OPENSOURCE_PURE;CONTINUOUS_MINUTE_STREAM;VERIFIED_MODEL_GRID,caff67a9ec553c2c62f6af8515e83359794ff0e8f44c03234d68d379be80ad96,2026-09-17T18:32:00+00:00,2026-09-17 23:32:00,89.5,1006.8,74
12.2,18.0,43.7,1116.0,324.0,50.4,6.3,3.5,0.9,446.0,197.3,16.5,6.4,31.2,27.2,25.34,False,4095,0.0,27.0,0.0,EXT-OPEN-METEO-KHI,KARACHI,OPENSOURCE_API_GRID,1114,,,,0.95,True,True,TIER2_OPENSOURCE_PURE;CONTINUOUS_MINUTE_STREAM;VERIFIED_MODEL_GRID,91b76e79f15dc70f94c0c86aed13cd81584ac77c9ba0941ffe60f1df01551871,2026-09-17T18:33:00+00:00,2026-09-17 23:33:00,89.6,1006.8,74
12.3,18.1,43.8,1122.2,325.8,50.7,6.3,3.5,0.9,446.0,196.7,16.5,6.4,31.2,27.2,25.34,False,4095,0.0,27.0,0.0,EXT-OPEN-METEO-KHI,KARACHI,OPENSOURCE_API_GRID,1115,,,,0.95,True,True,TIER2_OPENSOURCE_PURE;CONTINUOUS_MINUTE_STREAM;VERIFIED_MODEL_GRID,7265c90783be36c27b849f363bc296c362421b711cf0792dc1f30f9d155427a8,2026-09-17T18:34:00+00:00,2026-09-17 23:34:00,89.6,1006.8,74
12.3,18.1,43.9,1122.2,325.8,50.7,6.3,3.5,0.9,446.0,196.2,16.4,6.4,31.3,27.2,25.36,False,4095,0.0,27.0,0.0,EXT-OPEN-METEO-KHI,KARACHI,OPENSOURCE_API_GRID,1116,,,,0.95,True,True,TIER2_OPENSOURCE_PURE;CONTINUOUS_MINUTE_STREAM;VERIFIED_MODEL_GRID,bc96bc0ea365ab4dfddb529ab12d06172c7193c19d039d0f70c2246ce4d2fdfc,2026-09-17T18:35:00+00:00,2026-09-17 23:35:00,89.7,1006.8,74
12.2,18.0,43.9,1116.0,324.0,50.4,6.3,3.5,0.9,446.0,195.6,16.4,6.4,31.3,27.2,25.38,False,4095,0.0,27.0,0.0,EXT-OPEN-METEO-KHI,KARACHI,OPENSOURCE_API_GRID,1117,,,,0.95,True,True,TIER2_OPENSOURCE_PURE;CONTINUOUS_MINUTE_STREAM;VERIFIED_MODEL_GRID,c4144d3d0042cfde454e32b65e568d049b1ce1caa781d473c2a106af51c45630,2026-09-17T18:36:00+00:00,2026-09-17 23:36:00,89.8,1006.8,74
12.3,18.1,44.0,1122.2,325.8,50.7,6.3,3.5,0.9,446.0,195.1,16.3,6.4,31.4,27.2,25.38,False,4095,0.0,27.0,0.0,EXT-OPEN-METEO-KHI,KARACHI,OPENSOURCE_API_GRID,1118,,,,0.95,True,True,TIER2_OPENSOURCE_PURE;CONTINUOUS_MINUTE_STREAM;VERIFIED_MODEL_GRID,5659e75f610d403019b9bc4f18f4dcbe9bda6cf3443052620a2dccf9eb200b38,2026-09-17T18:37:00+00:00,2026-09-17 23:37:00,89.8,1006.8,74
12.3,18.1,44.1,1122.2,325.8,50.7,6.3,3.5,0.9,446.0,194.5,16.3,6.4,31.4,27.2,25.38,False,4095,0.0,27.0,0.0,EXT-OPEN-METEO-KHI,KARACHI,OPENSOURCE_API_GRID,1119,,,,0.95,True,True,TIER2_OPENSOURCE_PURE;CONTINUOUS_MINUTE_STREAM;VERIFIED_MODEL_GRID,f24a00c2642210a76502d40a56af2230e8bdbb411f84d1fbc37f161b10b44d90,2026-09-17T18:38:00+00:00,2026-09-17 23:38:00,89.8,1006.8,74
12.4,18.2,44.2,1128.4,327.6,51.0,6.4,3.5,0.9,446.0,194.0,16.2,6.4,31.5,27.2,25.4,False,4095,0.0,27.0,0.0,EXT-OPEN-METEO-KHI,KARACHI,OPENSOURCE_API_GRID,1120,,,,0.95,True,True,TIER2_OPENSOURCE_PURE;CONTINUOUS_MINUTE_STREAM;VERIFIED_MODEL_GRID,b99493839c33652f46e831984dfb98f041c2ef78b888fea04d5754ef9ed7fcee,2026-09-17T18:39:00+00:00,2026-09-17 23:39:00,89.9,1006.8,74
12.4,18.2,44.3,1128.4,327.6,51.0,6.4,3.5,0.9,446.0,193.5,16.2,6.4,31.5,27.2,25.4,False,4095,0.0,27.0,0.0,EXT-OPEN-METEO-KHI,KARACHI,OPENSOURCE_API_GRID,1121,,,,0.95,True,True,TIER2_OPENSOURCE_PURE;CONTINUOUS_MINUTE_STREAM;VERIFIED_MODEL_GRID,a7e491e739d4fec32f509189be0596c00c28192b5841bb3e592a1ecd5ddf6bd1,2026-09-17T18:40:00+00:00,2026-09-17 23:40:00,89.9,1006.8,74
12.4,18.2,44.4,1128.4,327.6,51.0,6.4,3.6,0.9,446.0,193.0,16.2,6.4,31.5,27.2,25.4,False,4095,0.0,27.0,0.0,EXT-OPEN-METEO-KHI,KARACHI,OPENSOURCE_API_GRID,1122,,,,0.95,True,True,TIER2_OPENSOURCE_PURE;CONTINUOUS_MINUTE_STREAM;VERIFIED_MODEL_GRID,6370ccf54b0df45a912ff970e4ccbf4d4c3809409c23963517ce3723d9350655,2026-09-17T18:41:00+00:00,2026-09-17 23:41:00,89.9,1006.8,74
12.4,18.2,44.5,1128.4,327.6,51.0,6.4,3.6,0.9,446.0,192.5,16.1,6.4,31.6,27.2,25.4,False,4095,0.0,27.0,0.0,EXT-OPEN-METEO-KHI,KARACHI,OPENSOURCE_API_GRID,1123,,,,0.95,True,True,TIER2_OPENSOURCE_PURE;CONTINUOUS_MINUTE_STREAM;VERIFIED_MODEL_GRID,dad3a146effd8c1d7206edb154c6e28cb5c00851cb94a811935e521cf8f1ba3c,2026-09-17T18:42:00+00:00,2026-09-17 23:42:00,89.9,1006.8,74
12.4,18.2,44.5,1128.4,327.6,51.0,6.4,3.6,0.9,446.0,192.1,16.1,6.4,31.6,27.2,25.4,False,4095,0.0,27.0,0.0,EXT-OPEN-METEO-KHI,KARACHI,OPENSOURCE_API_GRID,1124,,,,0.95,True,True,TIER2_OPENSOURCE_PURE;CONTINUOUS_MINUTE_STREAM;VERIFIED_MODEL_GRID,492d4a1565169548318a3ea53dd5b9d395849afa895faa491b980589c7ef10a4,2026-09-17T18:43:00+00:00,2026-09-17 23:43:00,89.9,1006.8,74
12.4,18.2,44.5,1128.4,327.6,51.0,6.4,3.6,0.9,446.0,191.6,16.0,6.3,31.7,27.2,25.4,False,4095,0.0,27.0,0.0,EXT-OPEN-METEO-KHI,KARACHI,OPENSOURCE_API_GRID,1125,,,,0.95,True,True,TIER2_OPENSOURCE_PURE;CONTINUOUS_MINUTE_STREAM;VERIFIED_MODEL_GRID,e58b02a7c218e43715d246363a6416bdb3eb4260993c4a5408858440e4c77e67,2026-09-17T18:44:00+00:00,2026-09-17 23:44:00,89.9,1006.8,74
12.4,18.2,44.6,1128.4,327.6,51.0,6.4,3.6,0.9,446.0,191.2,16.0,6.3,31.7,27.2,25.4,False,4095,0.0,27.0,0.0,EXT-OPEN-METEO-KHI,KARACHI,OPENSOURCE_API_GRID,1126,,,,0.95,True,True,TIER2_OPENSOURCE_PURE;CONTINUOUS_MINUTE_STREAM;VERIFIED_MODEL_GRID,968526aa7b284ff6ed99c8a5bf016487a8cc7b3cc913bdd3beb506cabafaecca,2026-09-17T18:45:00+00:00,2026-09-17 23:45:00,89.9,1006.8,74
12.4,18.2,44.6,1128.4,327.6,51.0,6.4,3.6,0.9,446.0,190.8,16.0,6.3,31.7,27.2,25.4,False,4095,0.0,27.0,0.0,EXT-OPEN-METEO-KHI,KARACHI,OPENSOURCE_API_GRID,1127,,,,0.95,True,True,TIER2_OPENSOURCE_PURE;CONTINUOUS_MINUTE_STREAM;VERIFIED_MODEL_GRID,00c4bfe33c5cfdc1f15ef7ce4fa9d6fd4a3aa7ba837c896efe009f8b33abde48,2026-09-17T18:46:00+00:00,2026-09-17 23:46:00,89.9,1006.8,74
12.3,18.1,44.6,1122.2,325.8,50.7,6.3,3.6,0.9,446.0,190.5,15.9,6.3,31.8,27.2,25.38,False,4095,0.0,27.0,0.0,EXT-OPEN-METEO-KHI,KARACHI,OPENSOURCE_API_GRID,1128,,,,0.95,True,True,TIER2_OPENSOURCE_PURE;CONTINUOUS_MINUTE_STREAM;VERIFIED_MODEL_GRID,b0a830e65fc1fc06aa884cf08559c54c7f2d89d9796dcd72e1e0612bfca1dedb,2026-09-17T18:47:00+00:00,2026-09-17 23:47:00,89.8,1006.8,74
12.3,18.1,44.5,1122.2,325.8,50.7,6.3,3.6,0.9,446.0,190.1,15.9,6.3,31.8,27.2,25.38,False,4095,0.0,27.0,0.0,EXT-OPEN-METEO-KHI,KARACHI,OPENSOURCE_API_GRID,1129,,,,0.95,True,True,TIER2_OPENSOURCE_PURE;CONTINUOUS_MINUTE_STREAM;VERIFIED_MODEL_GRID,cce263afecfca96df5ee8fc6ff84f09dfb74dcbf6fbb47b2d964345e70e1af3a,2026-09-17T18:48:00+00:00,2026-09-17 23:48:00,89.8,1006.8,74
12.3,18.1,44.5,1122.2,325.8,50.7,6.3,3.6,0.9,446.0,189.8,15.9,6.3,31.8,27.1,25.28,False,4095,0.0,27.0,0.0,EXT-OPEN-METEO-KHI,KARACHI,OPENSOURCE_API_GRID,1130,,,,0.95,True,True,TIER2_OPENSOURCE_PURE;CONTINUOUS_MINUTE_STREAM;VERIFIED_MODEL_GRID,aa3cbd236fab453d9a544967b803cb66ae4b08f46863352acbb538ec72dd48fc,2026-09-17T18:49:00+00:00,2026-09-17 23:49:00,89.8,1006.8,74
12.2,18.0,44.5,1116.0,324.0,50.4,6.3,3.6,0.9,446.0,189.5,15.8,6.3,31.9,27.1,25.28,False,4095,0.0,27.0,0.0,EXT-OPEN-METEO-KHI,KARACHI,OPENSOURCE_API_GRID,1131,,,,0.95,True,True,TIER2_OPENSOURCE_PURE;CONTINUOUS_MINUTE_STREAM;VERIFIED_MODEL_GRID,6fe6b20469c6ab042eda25ac019660caa967a55f82a52c8a2ef17bc0888278b8,2026-09-17T18:50:00+00:00,2026-09-17 23:50:00,89.8,1006.8,74
12.2,18.0,44.4,1116.0,324.0,50.4,6.3,3.6,0.9,446.0,189.2,15.8,6.3,31.9,27.1,25.28,False,4095,0.0,27.0,0.0,EXT-OPEN-METEO-KHI,KARACHI,OPENSOURCE_API_GRID,1132,,,,0.95,True,True,TIER2_OPENSOURCE_PURE;CONTINUOUS_MINUTE_STREAM;VERIFIED_MODEL_GRID,725f06f65226eb43fae6716ce740b1caff5b43b7945d2d2a515ec7ae2a7cb46f,2026-09-17T18:51:00+00:00,2026-09-17 23:51:00,89.8,1006.8,74
12.2,17.9,44.4,1109.8,322.2,50.1,6.3,3.6,0.9,446.0,189.0,15.8,6.3,31.9,27.1,25.28,False,4095,0.0,27.0,0.0,EXT-OPEN-METEO-KHI,KARACHI,OPENSOURCE_API_GRID,1133,,,,0.95,True,True,TIER2_OPENSOURCE_PURE;CONTINUOUS_MINUTE_STREAM;VERIFIED_MODEL_GRID,702cf1a81bc2905c9f1eb9e5e9e6c8e1ed22b96de486ab267c234f58d0222072,2026-09-17T18:52:00+00:00,2026-09-17 23:52:00,89.8,1006.8,74
12.2,17.9,44.4,1109.8,322.2,50.1,6.3,3.6,0.9,446.0,188.7,15.8,6.3,31.9,27.1,25.28,False,4095,0.0,27.0,0.0,EXT-OPEN-METEO-KHI,KARACHI,OPENSOURCE_API_GRID,1134,,,,0.95,True,True,TIER2_OPENSOURCE_PURE;CONTINUOUS_MINUTE_STREAM;VERIFIED_MODEL_GRID,56859e17136c2a69e83e6943f591602237ea6d416e33b121bc8e9121c5dafa0b,2026-09-17T18:53:00+00:00,2026-09-17 23:53:00,89.8,1006.8,74
12.2,17.9,44.3,1109.8,322.2,50.1,6.3,3.5,0.9,446.0,188.5,15.7,6.3,32.0,27.1,25.28,False,4095,0.0,27.0,0.0,EXT-OPEN-METEO-KHI,KARACHI,OPENSOURCE_API_GRID,1135,,,,0.95,True,True,TIER2_OPENSOURCE_PURE;CONTINUOUS_MINUTE_STREAM;VERIFIED_MODEL_GRID,59950ef26af3d5e60d9ffd6b61fc7e30a97b2d88dc1794fb983a2fa93c28b503,2026-09-17T18:54:00+00:00,2026-09-17 23:54:00,89.8,1006.8,74
12.1,17.8,44.3,1103.6,320.4,49.8,6.2,3.5,0.9,446.0,188.4,15.7,6.3,32.0,27.1,25.28,False,4095,0.0,27.0,0.0,EXT-OPEN-METEO-KHI,KARACHI,OPENSOURCE_API_GRID,1136,,,,0.95,True,True,TIER2_OPENSOURCE_PURE;CONTINUOUS_MINUTE_STREAM;VERIFIED_MODEL_GRID,a14f26ff2ccc5bab8d6ad71d0b0106a0e70bc12a80f179b55637444d7ba8fef5,2026-09-17T18:55:00+00:00,2026-09-17 23:55:00,89.8,1006.8,74
12.1,17.8,44.3,1103.6,320.4,49.8,6.2,3.5,0.9,446.0,188.2,15.7,6.3,32.0,27.1,25.28,False,4095,0.0,27.0,0.0,EXT-OPEN-METEO-KHI,KARACHI,OPENSOURCE_API_GRID,1137,,,,0.95,True,True,TIER2_OPENSOURCE_PURE;CONTINUOUS_MINUTE_STREAM;VERIFIED_MODEL_GRID,15bbc060f16768ed4b14b0e457fb99a3f8058f1cacbfd4635d9aaeddc6da0d69,2026-09-17T18:56:00+00:00,2026-09-17 23:56:00,89.8,1006.8,74
12.1,17.8,44.3,1103.6,320.4,49.8,6.2,3.5,0.9,446.0,188.1,15.7,6.3,32.0,27.1,25.3,False,4095,0.0,27.0,0.0,EXT-OPEN-METEO-KHI,KARACHI,OPENSOURCE_API_GRID,1138,,,,0.95,True,True,TIER2_OPENSOURCE_PURE;CONTINUOUS_MINUTE_STREAM;VERIFIED_MODEL_GRID,bd09168f9144f2277de2aebfda396f482dc0a586a43c8716f797517416e85299,2026-09-17T18:57:00+00:00,2026-09-17 23:57:00,89.9,1006.8,74
12.1,17.8,44.3,1103.6,320.4,49.8,6.2,3.5,0.9,446.0,188.1,15.7,6.3,32.0,27.1,25.3,False,4095,0.0,27.0,0.0,EXT-OPEN-METEO-KHI,KARACHI,OPENSOURCE_API_GRID,1139,,,,0.95,True,True,TIER2_OPENSOURCE_PURE;CONTINUOUS_MINUTE_STREAM;VERIFIED_MODEL_GRID,db933425aad546c0dae0a11b1a67dff88037d55feff630eb386888a5d9fa2df1,2026-09-17T18:58:00+00:00,2026-09-17 23:58:00,89.9,1006.8,74
12.1,17.8,44.3,1103.6,320.4,49.8,6.2,3.5,0.9,446.0,188.0,15.7,6.3,32.0,27.1,25.3,False,4095,0.0,27.0,0.0,EXT-OPEN-METEO-KHI,KARACHI,OPENSOURCE_API_GRID,1140,,,,0.95,True,True,TIER2_OPENSOURCE_PURE;CONTINUOUS_MINUTE_STREAM;VERIFIED_MODEL_GRID,2d568047f655fff6ba5ef0227e7f5bde3fe54c8b40fe775fc511dec3ff55dc0d,2026-09-17T18:59:00+00:00,2026-09-17 23:59:00,89.9,1006.8,74
12.1,17.8,44.4,1103.6,320.4,49.8,6.2,3.6,0.9,446.0,188.0,15.7,6.3,32.0,27.1,25.3,False,4095,0.0,27.0,0.0,EXT-OPEN-METEO-KHI,KARACHI,OPENSOURCE_API_GRID,1141,,,,0.95,True,False,TIER2_OPENSOURCE_PURE;HOURLY_NODE;VERIFIED_MODEL_GRID,1f4d2062d3e412cb6bc00dd9c4855b2cfc91b8249358b732c85a6888e80940e9,2026-09-17T19:00:00+00:00,2026-09-18 00:00:00,89.9,1006.8,74
12.2,17.9,44.4,1109.8,322.2,50.1,6.3,3.6,0.9,446.0,188.0,15.7,6.3,32.0,27.1,25.3,False,4095,0.0,27.0,0.0,EXT-OPEN-METEO-KHI,KARACHI,OPENSOURCE_API_GRID,1142,,,,0.95,True,True,TIER2_OPENSOURCE_PURE;CONTINUOUS_MINUTE_STREAM;VERIFIED_MODEL_GRID,a263363f3c0d91d7b5a344ad28c2afb53dffd5b1780805bd836f77696cd784e8,2026-09-17T19:01:00+00:00,2026-09-18 00:01:00,89.9,1006.8,74
12.2,17.9,44.5,1109.8,322.2,50.1,6.3,3.6,0.9,446.0,187.9,15.7,6.3,32.0,27.1,25.3,False,4095,0.0,27.0,0.0,EXT-OPEN-METEO-KHI,KARACHI,OPENSOURCE_API_GRID,1143,,,,0.95,True,True,TIER2_OPENSOURCE_PURE;CONTINUOUS_MINUTE_STREAM;VERIFIED_MODEL_GRID,9bfbb4d236dd6f6252a8eb5a5b731f558c261b235ab54a29d1fdf42ee318af93,2026-09-17T19:02:00+00:00,2026-09-18 00:02:00,89.9,1006.8,74
12.2,17.9,44.5,1109.8,322.2,50.1,6.3,3.6,0.9,446.0,187.8,15.7,6.3,32.0,27.1,25.32,False,4095,0.0,27.0,0.0,EXT-OPEN-METEO-KHI,KARACHI,OPENSOURCE_API_GRID,1144,,,,0.95,True,True,TIER2_OPENSOURCE_PURE;CONTINUOUS_MINUTE_STREAM;VERIFIED_MODEL_GRID,b76242ebc107323bba73f1869cc16813ce12fd6b7a02dd9edc206a2d561d5fee,2026-09-17T19:03:00+00:00,2026-09-18 00:03:00,90.0,1006.8,74
12.2,18.0,44.6,1116.0,324.0,50.4,6.3,3.6,0.9,446.0,187.7,15.7,6.3,32.0,27.1,25.32,False,4095,0.0,27.1,0.0,EXT-OPEN-METEO-KHI,KARACHI,OPENSOURCE_API_GRID,1145,,,,0.95,True,True,TIER2_OPENSOURCE_PURE;CONTINUOUS_MINUTE_STREAM;VERIFIED_MODEL_GRID,0b5ae6a1acec5af37abf0993d318a46af1b328b5d709182501c99b8a42bd6490,2026-09-17T19:04:00+00:00,2026-09-18 00:04:00,90.0,1006.8,74
12.2,18.0,44.7,1116.0,324.0,50.4,6.3,3.6,0.9,446.0,187.6,15.7,6.3,32.0,27.1,25.32,False,4095,0.0,27.1,0.0,EXT-OPEN-METEO-KHI,KARACHI,OPENSOURCE_API_GRID,1146,,,,0.95,True,True,TIER2_OPENSOURCE_PURE;CONTINUOUS_MINUTE_STREAM;VERIFIED_MODEL_GRID,df2c09e5a4eb4ec605613622152b920014cf9e7ba0446d04be8ff8384b17049a,2026-09-17T19:05:00+00:00,2026-09-18 00:05:00,90.0,1006.8,74
12.3,18.1,44.8,1122.2,325.8,50.7,6.3,3.6,0.9,446.0,187.4,15.6,6.3,32.0,27.1,25.34,False,4095,0.0,27.2,0.0,EXT-OPEN-METEO-KHI,KARACHI,OPENSOURCE_API_GRID,1147,,,,0.95,True,True,TIER2_OPENSOURCE_PURE;CONTINUOUS_MINUTE_STREAM;VERIFIED_MODEL_GRID,761d12873c5e871a06e1515bc75e68236cc6773d61de73401f022f07f950f98b,2026-09-17T19:06:00+00:00,2026-09-18 00:06:00,90.1,1006.8,74
12.2,18.0,44.7,1116.0,324.0,50.4,6.3,3.6,0.9,446.0,187.1,15.6,6.3,32.1,27.1,25.35,False,4095,0.0,27.2,0.0,EXT-OPEN-METEO-KHI,KARACHI,OPENSOURCE_API_GRID,1148,,,,0.95,True,True,TIER2_OPENSOURCE_PURE;CONTINUOUS_MINUTE_STREAM;VERIFIED_MODEL_GRID,d12402dc38bd5fb3e6ee0cd86abc869bbbab0e10af0c30b9912f17c11ca27d8f,2026-09-17T19:07:00+00:00,2026-09-18 00:07:00,90.2,1006.8,74
12.2,18.0,44.7,1116.0,324.0,50.4,6.3,3.6,0.9,446.0,186.9,15.6,6.3,32.1,27.1,25.35,False,4095,0.0,27.3,0.0,EXT-OPEN-METEO-KHI,KARACHI,OPENSOURCE_API_GRID,1149,,,,0.95,True,True,TIER2_OPENSOURCE_PURE;CONTINUOUS_MINUTE_STREAM;VERIFIED_MODEL_GRID,aadc6ac5c79f2e03fc55d27b260797864ab5b7688cf265e781e3793e40c55d3b,2026-09-17T19:08:00+00:00,2026-09-18 00:08:00,90.2,1006.8,74
12.3,18.1,44.8,1122.2,325.8,50.7,6.3,3.6,0.9,445.9,186.6,15.5,6.3,32.1,27.1,25.35,False,4095,0.0,27.4,0.0,EXT-OPEN-METEO-KHI,KARACHI,OPENSOURCE_API_GRID,1150,,,,0.95,True,True,TIER2_OPENSOURCE_PURE;CONTINUOUS_MINUTE_STREAM;VERIFIED_MODEL_GRID,b27c9144ba74fad906430685abc60762373d6330d965074574dd29221bc8e8f6,2026-09-17T19:09:00+00:00,2026-09-18 00:09:00,90.2,1006.8,74
12.3,18.1,44.9,1122.2,325.8,50.7,6.3,3.6,0.9,445.9,186.3,15.5,6.3,32.1,27.1,25.35,False,4095,0.0,27.5,0.0,EXT-OPEN-METEO-KHI,KARACHI,OPENSOURCE_API_GRID,1151,,,,0.95,True,True,TIER2_OPENSOURCE_PURE;CONTINUOUS_MINUTE_STREAM;VERIFIED_MODEL_GRID,252a6bff68d932f77ea72dd48fdf931033e2eaf00c717abb45a7d3357d01cab4,2026-09-17T19:10:00+00:00,2026-09-18 00:10:00,90.2,1006.8,74
12.3,18.1,45.0,1122.2,325.8,50.7,6.3,3.6,0.9,445.9,185.9,15.5,6.3,32.2,27.1,25.35,False,4095,0.0,27.6,0.0,EXT-OPEN-METEO-KHI,KARACHI,OPENSOURCE_API_GRID,1152,,,,0.95,True,True,TIER2_OPENSOURCE_PURE;CONTINUOUS_MINUTE_STREAM;VERIFIED_MODEL_GRID,b8741ee6fc31d35537e0397caec3df47a9264f5131d2b8f23f8500ee6c4d3d3e,2026-09-17T19:11:00+00:00,2026-09-18 00:11:00,90.2,1006.8,74
12.3,18.1,45.0,1122.2,325.8,50.7,6.3,3.6,0.9,445.9,185.5,15.4,6.3,32.2,27.1,25.35,False,4095,0.0,27.7,0.0,EXT-OPEN-METEO-KHI,KARACHI,OPENSOURCE_API_GRID,1153,,,,0.95,True,True,TIER2_OPENSOURCE_PURE;CONTINUOUS_MINUTE_STREAM;VERIFIED_MODEL_GRID,9d8934b62dc74594d8bbc53b854d78b00ba5f2377bd1d0bcb9fc949a52ed90f9,2026-09-17T19:12:00+00:00,2026-09-18 00:12:00,90.2,1006.8,74
12.3,18.1,45.1,1122.2,325.8,50.7,6.3,3.6,0.9,445.9,185.1,15.4,6.3,32.2,27.1,25.35,False,4095,0.0,27.8,0.0,EXT-OPEN-METEO-KHI,KARACHI,OPENSOURCE_API_GRID,1154,,,,0.95,True,True,TIER2_OPENSOURCE_PURE;CONTINUOUS_MINUTE_STREAM;VERIFIED_MODEL_GRID,6cb4e4c69175058e4af25513ea17802ea8e2fa6e50b3b64c03b8e92c1a049990,2026-09-17T19:13:00+00:00,2026-09-18 00:13:00,90.2,1006.8,74
12.3,18.1,45.1,1122.2,325.8,50.7,6.3,3.6,0.9,445.9,184.7,15.3,6.2,32.3,27.1,25.35,False,4095,0.0,27.9,0.0,EXT-OPEN-METEO-KHI,KARACHI,OPENSOURCE_API_GRID,1155,,,,0.95,True,True,TIER2_OPENSOURCE_PURE;CONTINUOUS_MINUTE_STREAM;VERIFIED_MODEL_GRID,16f1c5ae34365a9fa1a5ebec2698ad95a6797673861ed9df11b435b43d25faa7,2026-09-17T19:14:00+00:00,2026-09-18 00:14:00,90.2,1006.8,74
12.3,18.1,45.1,1122.2,325.8,50.7,6.3,3.6,0.9,445.9,184.2,15.3,6.2,32.3,27.1,25.35,False,4095,0.0,28.0,0.0,EXT-OPEN-METEO-KHI,KARACHI,OPENSOURCE_API_GRID,1156,,,,0.95,True,True,TIER2_OPENSOURCE_PURE;CONTINUOUS_MINUTE_STREAM;VERIFIED_MODEL_GRID,7a14dccf4748fd4cd43a84147efd29fa1e378da1df28878dd7f9fab37bb2877d,2026-09-17T19:15:00+00:00,2026-09-18 00:15:00,90.2,1006.8,74
12.3,18.1,45.1,1122.2,325.8,50.7,6.3,3.6,0.9,445.8,183.7,15.2,6.2,32.3,27.1,25.35,False,4095,0.0,28.2,0.0,EXT-OPEN-METEO-KHI,KARACHI,OPENSOURCE_API_GRID,1157,,,,0.95,True,True,TIER2_OPENSOURCE_PURE;CONTINUOUS_MINUTE_STREAM;VERIFIED_MODEL_GRID,13178ce354c4c8daf015451c2ee9c42e2c522c07ef06f94aa4b6fc95bb8b0d3e,2026-09-17T19:16:00+00:00,2026-09-18 00:16:00,90.2,1006.8,74
12.3,18.1,45.1,1122.2,325.8,50.7,6.3,3.6,0.9,445.8,183.2,15.2,6.2,32.4,27.1,25.35,False,4095,0.0,28.3,0.0,EXT-OPEN-METEO-KHI,KARACHI,OPENSOURCE_API_GRID,1158,,,,0.95,True,True,TIER2_OPENSOURCE_PURE;CONTINUOUS_MINUTE_STREAM;VERIFIED_MODEL_GRID,ecff6c09997626490bceed429393649b51dccc41054b8dacd9ea935994f6e27c,2026-09-17T19:17:00+00:00,2026-09-18 00:17:00,90.2,1006.7,74
12.2,18.0,45.1,1116.0,324.0,50.4,6.3,3.6,0.9,445.8,182.6,15.1,6.2,32.4,27.1,25.35,False,4095,0.0,28.4,0.0,EXT-OPEN-METEO-KHI,KARACHI,OPENSOURCE_API_GRID,1159,,,,0.95,True,True,TIER2_OPENSOURCE_PURE;CONTINUOUS_MINUTE_STREAM;VERIFIED_MODEL_GRID,a6667ef4dc1f4cc7112e2e154a731f37b27ef01dfdb3593228f172dfa6df7bbf,2026-09-17T19:18:00+00:00,2026-09-18 00:18:00,90.2,1006.7,74
12.2,18.0,45.1,1116.0,324.0,50.4,6.3,3.6,0.9,445.8,182.1,15.0,6.2,32.5,27.1,25.35,False,4095,0.0,28.6,0.0,EXT-OPEN-METEO-KHI,KARACHI,OPENSOURCE_API_GRID,1160,,,,0.95,True,True,TIER2_OPENSOURCE_PURE;CONTINUOUS_MINUTE_STREAM;VERIFIED_MODEL_GRID,55c1a62c6a33926fb8dbac43ae36e682ffd9738aa06b2acfd793c8f53ba87b70,2026-09-17T19:19:00+00:00,2026-09-18 00:19:00,90.2,1006.7,74
12.2,17.9,45.1,1109.8,322.2,50.1,6.3,3.6,0.9,445.8,181.5,15.0,6.2,32.5,27.1,25.35,False,4095,0.0,28.8,0.0,EXT-OPEN-METEO-KHI,KARACHI,OPENSOURCE_API_GRID,1161,,,,0.95,True,True,TIER2_OPENSOURCE_PURE;CONTINUOUS_MINUTE_STREAM;VERIFIED_MODEL_GRID,81b1183487603e63dd00df6547447fcf4567e29e5e47e416798f32510b2bb010,2026-09-17T19:20:00+00:00,2026-09-18 00:20:00,90.2,1006.7,74
12.2,17.9,45.0,1109.8,322.2,50.1,6.3,3.6,0.9,445.7,180.9,14.9,6.2,32.5,27.1,25.35,False,4095,0.0,28.9,0.0,EXT-OPEN-METEO-KHI,KARACHI,OPENSOURCE_API_GRID,1162,,,,0.95,True,True,TIER2_OPENSOURCE_PURE;CONTINUOUS_MINUTE_STREAM;VERIFIED_MODEL_GRID,2f2a3c8e4c78d5fa7a03003e92682dfd208aa2afc533e98b140fa366fbcb16f8,2026-09-17T19:21:00+00:00,2026-09-18 00:21:00,90.2,1006.7,74
12.1,17.8,45.0,1103.6,320.4,49.8,6.2,3.6,0.9,445.7,180.3,14.8,6.2,32.6,27.0,25.26,False,4095,0.0,29.1,0.0,EXT-OPEN-METEO-KHI,KARACHI,OPENSOURCE_API_GRID,1163,,,,0.95,True,True,TIER2_OPENSOURCE_PURE;CONTINUOUS_MINUTE_STREAM;VERIFIED_MODEL_GRID,50b1d69fce86dedb082bf6185dd7a8a0897b74d1dc3f6378824eb507f2e9b925,2026-09-17T19:22:00+00:00,2026-09-18 00:22:00,90.2,1006.7,74
12.1,17.8,45.0,1103.6,320.4,49.8,6.2,3.6,0.9,445.7,179.7,14.8,6.2,32.6,27.0,25.26,False,4095,0.0,29.2,0.0,EXT-OPEN-METEO-KHI,KARACHI,OPENSOURCE_API_GRID,1164,,,,0.95,True,True,TIER2_OPENSOURCE_PURE;CONTINUOUS_MINUTE_STREAM;VERIFIED_MODEL_GRID,43348206e4e3639e6d5153e359e3d9c2ac80386105a0484ccb98189bd5761ac9,2026-09-17T19:23:00+00:00,2026-09-18 00:23:00,90.2,1006.7,74
12.0,17.7,45.0,1097.4,318.6,49.6,6.2,3.6,0.9,445.7,179.0,14.7,6.2,32.7,27.0,25.26,False,4095,0.0,29.4,0.0,EXT-OPEN-METEO-KHI,KARACHI,OPENSOURCE_API_GRID,1165,,,,0.95,True,True,TIER2_OPENSOURCE_PURE;CONTINUOUS_MINUTE_STREAM;VERIFIED_MODEL_GRID,2b42d82249fb6a15e72d2604554038a290fc69b18dcf56c52f6679a849d0b0c5,2026-09-17T19:24:00+00:00,2026-09-18 00:24:00,90.2,1006.7,74
12.0,17.7,45.0,1097.4,318.6,49.6,6.2,3.6,0.9,445.6,178.4,14.6,6.2,32.7,27.0,25.26,False,4095,0.0,29.6,0.0,EXT-OPEN-METEO-KHI,KARACHI,OPENSOURCE_API_GRID,1166,,,,0.95,True,True,TIER2_OPENSOURCE_PURE;CONTINUOUS_MINUTE_STREAM;VERIFIED_MODEL_GRID,3366f11b87d7c295bfec08fadd22c42077569902ac5c1fb474ca12292437e1a7,2026-09-17T19:25:00+00:00,2026-09-18 00:25:00,90.2,1006.7,74
12.0,17.6,45.0,1091.2,316.8,49.3,6.2,3.6,0.9,445.6,177.7,14.6,6.1,32.8,27.0,25.26,False,4095,0.0,29.8,0.0,EXT-OPEN-METEO-KHI,KARACHI,OPENSOURCE_API_GRID,1167,,,,0.95,True,True,TIER2_OPENSOURCE_PURE;CONTINUOUS_MINUTE_STREAM;VERIFIED_MODEL_GRID,222d75c1743b298accebc72f02d2a7b5b02003477752995f8eb2a2a263d0c288,2026-09-17T19:26:00+00:00,2026-09-18 00:26:00,90.2,1006.7,74
12.0,17.6,45.0,1091.2,316.8,49.3,6.2,3.6,0.9,445.6,177.0,14.5,6.1,32.8,27.0,25.27,False,4095,0.0,30.0,0.0,EXT-OPEN-METEO-KHI,KARACHI,OPENSOURCE_API_GRID,1168,,,,0.95,True,True,TIER2_OPENSOURCE_PURE;CONTINUOUS_MINUTE_STREAM;VERIFIED_MODEL_GRID,bd05c97fa7a974329b26c5717d5026202ac7ae60808e2ccffe4b7d28159df2b3,2026-09-17T19:27:00+00:00,2026-09-18 00:27:00,90.3,1006.6,74
12.0,17.6,45.0,1091.2,316.8,49.3,6.2,3.6,0.9,445.6,176.4,14.4,6.1,32.9,27.0,25.27,False,4095,0.0,30.1,0.0,EXT-OPEN-METEO-KHI,KARACHI,OPENSOURCE_API_GRID,1169,,,,0.95,True,True,TIER2_OPENSOURCE_PURE;CONTINUOUS_MINUTE_STREAM;VERIFIED_MODEL_GRID,d443ad84d4d35349dedd8fa9627df1d279af45a928614d8caab010da0e62b2b2,2026-09-17T19:28:00+00:00,2026-09-18 00:28:00,90.3,1006.6,74
12.0,17.6,45.1,1091.2,316.8,49.3,6.2,3.6,0.9,445.5,175.7,14.3,6.1,32.9,27.0,25.27,False,4095,0.0,30.3,0.0,EXT-OPEN-METEO-KHI,KARACHI,OPENSOURCE_API_GRID,1170,,,,0.95,True,True,TIER2_OPENSOURCE_PURE;CONTINUOUS_MINUTE_STREAM;VERIFIED_MODEL_GRID,aa0b20754859eae1cf91d7365da90049c344e2346d4deeb6b51245f0dfaf9514,2026-09-17T19:29:00+00:00,2026-09-18 00:29:00,90.3,1006.6,74
12.0,17.6,45.1,1091.2,316.8,49.3,6.2,3.6,0.9,445.5,175.0,14.2,6.1,33.0,27.0,25.29,False,4095,0.0,30.5,0.0,EXT-OPEN-METEO-KHI,KARACHI,OPENSOURCE_API_GRID,1171,,,,0.95,True,True,TIER2_OPENSOURCE_PURE;CONTINUOUS_MINUTE_STREAM;VERIFIED_MODEL_GRID,48ba2863c7cca59d901a092468b1c7376575154bfb756df8b1188eeec497fe62,2026-09-17T19:30:00+00:00,2026-09-18 00:30:00,90.4,1006.6,74
12.0,17.6,45.2,1091.2,316.8,49.3,6.2,3.6,0.9,445.5,174.3,14.2,6.1,33.1,26.9,25.19,False,4095,0.0,30.7,0.0,EXT-OPEN-METEO-KHI,KARACHI,OPENSOURCE_API_GRID,1172,,,,0.95,True,True,TIER2_OPENSOURCE_PURE;CONTINUOUS_MINUTE_STREAM;VERIFIED_MODEL_GRID,ac1fbb9115e82a395e14d67f31ef7bb26a6d443a2fbc24c9bd392ed2f8a4e8b8,2026-09-17T19:31:00+00:00,2026-09-18 00:31:00,90.4,1006.6,74
12.0,17.6,45.3,1091.2,316.8,49.3,6.2,3.6,0.9,445.4,173.6,14.1,6.1,33.1,26.9,25.21,False,4095,0.0,30.9,0.0,EXT-OPEN-METEO-KHI,KARACHI,OPENSOURCE_API_GRID,1173,,,,0.95,True,True,TIER2_OPENSOURCE_PURE;CONTINUOUS_MINUTE_STREAM;VERIFIED_MODEL_GRID,497c343dcba8716be90f6510ff6b9e4e84e84449b6351cd32d5d4755165bcb9b,2026-09-17T19:32:00+00:00,2026-09-18 00:32:00,90.5,1006.6,74
12.0,17.6,45.4,1091.2,316.8,49.3,6.2,3.6,0.9,445.4,173.0,14.0,6.1,33.2,26.9,25.21,False,4095,0.0,31.0,0.0,EXT-OPEN-METEO-KHI,KARACHI,OPENSOURCE_API_GRID,1174,,,,0.95,True,True,TIER2_OPENSOURCE_PURE;CONTINUOUS_MINUTE_STREAM;VERIFIED_MODEL_GRID,d3de5de7035f08428030bc81c94e4dce0d35159dbd36d6b55ec5456c8bc7b2d3,2026-09-17T19:33:00+00:00,2026-09-18 00:33:00,90.5,1006.6,74
12.0,17.6,45.5,1091.2,316.8,49.3,6.2,3.6,0.9,445.4,172.3,13.9,6.1,33.2,26.9,25.23,False,4095,0.0,31.2,0.0,EXT-OPEN-METEO-KHI,KARACHI,OPENSOURCE_API_GRID,1175,,,,0.95,True,True,TIER2_OPENSOURCE_PURE;CONTINUOUS_MINUTE_STREAM;VERIFIED_MODEL_GRID,dd52078ffc45bd5d4b477a705691428db39a49ec948251f461442b5afd57bbbb,2026-09-17T19:34:00+00:00,2026-09-18 00:34:00,90.6,1006.6,74
12.0,17.7,45.6,1097.4,318.6,49.6,6.2,3.6,0.9,445.4,171.6,13.9,6.0,33.3,26.9,25.23,False,4095,0.0,31.4,0.0,EXT-OPEN-METEO-KHI,KARACHI,OPENSOURCE_API_GRID,1176,,,,0.95,True,True,TIER2_OPENSOURCE_PURE;CONTINUOUS_MINUTE_STREAM;VERIFIED_MODEL_GRID,96ec0eded8b64a2b38fb7112856e23819c3221c7a6a173bb89c2c3359da33d7c,2026-09-17T19:35:00+00:00,2026-09-18 00:35:00,90.6,1006.5,74
12.0,17.7,45.7,1097.4,318.6,49.6,6.2,3.7,0.9,445.3,171.0,13.8,6.0,33.3,26.9,25.25,False,4095,0.0,31.6,0.0,EXT-OPEN-METEO-KHI,KARACHI,OPENSOURCE_API_GRID,1177,,,,0.95,True,True,TIER2_OPENSOURCE_PURE;CONTINUOUS_MINUTE_STREAM;VERIFIED_MODEL_GRID,4a4b445779d6cab57f147d8622c2fa2269bc8d29b09c2e1c4bce72bd30189368,2026-09-17T19:36:00+00:00,2026-09-18 00:36:00,90.7,1006.5,74
12.0,17.7,45.8,1097.4,318.6,49.6,6.2,3.7,0.9,445.3,170.3,13.7,6.0,33.4,27.0,25.35,False,4095,0.0,31.8,0.0,EXT-OPEN-METEO-KHI,KARACHI,OPENSOURCE_API_GRID,1178,,,,0.95,True,True,TIER2_OPENSOURCE_PURE;CONTINUOUS_MINUTE_STREAM;VERIFIED_MODEL_GRID,d7df9a4833660df29f4e04c551b72c1d0d921d8f33fee66fc6f312be24768781,2026-09-17T19:37:00+00:00,2026-09-18 00:37:00,90.7,1006.5,74
12.0,17.6,45.7,1091.2,316.8,49.3,6.2,3.7,0.9,445.3,169.7,13.7,6.0,33.4,27.0,25.39,False,4095,0.0,31.9,0.0,EXT-OPEN-METEO-KHI,KARACHI,OPENSOURCE_API_GRID,1179,,,,0.95,True,True,TIER2_OPENSOURCE_PURE;CONTINUOUS_MINUTE_STREAM;VERIFIED_MODEL_GRID,2b4b28c84c895ca9d7dd8948aaf811b4dd227c25e514ef315b7790bc31698a9b,2026-09-17T19:38:00+00:00,2026-09-18 00:38:00,90.9,1006.5,74
12.0,17.7,45.8,1097.4,318.6,49.6,6.2,3.7,0.9,445.3,169.1,13.6,6.0,33.5,27.0,25.39,False,4095,0.0,32.1,0.0,EXT-OPEN-METEO-KHI,KARACHI,OPENSOURCE_API_GRID,1180,,,,0.95,True,True,TIER2_OPENSOURCE_PURE;CONTINUOUS_MINUTE_STREAM;VERIFIED_MODEL_GRID,7e53c5eb978d3f368694f01697eda5d4f64a22c646560b688cd644c4b73dce11,2026-09-17T19:39:00+00:00,2026-09-18 00:39:00,90.9,1006.5,74
12.0,17.7,45.9,1097.4,318.6,49.6,6.2,3.7,0.9,445.2,168.5,13.5,6.0,33.5,27.0,25.39,False,4095,0.0,32.2,0.0,EXT-OPEN-METEO-KHI,KARACHI,OPENSOURCE_API_GRID,1181,,,,0.95,True,True,TIER2_OPENSOURCE_PURE;CONTINUOUS_MINUTE_STREAM;VERIFIED_MODEL_GRID,a408c273eb8a95aca7f1a41723d191ed3d4f04d1d99d92ef4703ec23f5142f2b,2026-09-17T19:40:00+00:00,2026-09-18 00:40:00,90.9,1006.5,74
12.0,17.7,46.0,1097.4,318.6,49.6,6.2,3.7,0.9,445.2,167.9,13.5,6.0,33.5,27.0,25.39,False,4095,0.0,32.4,0.0,EXT-OPEN-METEO-KHI,KARACHI,OPENSOURCE_API_GRID,1182,,,,0.95,True,True,TIER2_OPENSOURCE_PURE;CONTINUOUS_MINUTE_STREAM;VERIFIED_MODEL_GRID,865767a45d706349219b06983079db4b35e43c92afed0b584c6812bd02453885,2026-09-17T19:41:00+00:00,2026-09-18 00:41:00,90.9,1006.5,74
12.1,17.8,46.1,1103.6,320.4,49.8,6.2,3.7,0.9,445.2,167.4,13.4,6.0,33.6,27.0,25.39,False,4095,0.0,32.6,0.0,EXT-OPEN-METEO-KHI,KARACHI,OPENSOURCE_API_GRID,1183,,,,0.95,True,True,TIER2_OPENSOURCE_PURE;CONTINUOUS_MINUTE_STREAM;VERIFIED_MODEL_GRID,a49d3e829a7b6a02f5ea2c4dca3cd22da909b8662d06961f5021a2f5486c55ef,2026-09-17T19:42:00+00:00,2026-09-18 00:42:00,90.9,1006.5,74
12.1,17.8,46.2,1103.6,320.4,49.8,6.2,3.7,0.9,445.2,166.8,13.3,6.0,33.6,27.0,25.39,False,4095,0.0,32.7,0.0,EXT-OPEN-METEO-KHI,KARACHI,OPENSOURCE_API_GRID,1184,,,,0.95,True,True,TIER2_OPENSOURCE_PURE;CONTINUOUS_MINUTE_STREAM;VERIFIED_MODEL_GRID,11290a2cb1664ba641ddec322cfdfe28150689e8585b08521ad72f227d2fd12a,2026-09-17T19:43:00+00:00,2026-09-18 00:43:00,90.9,1006.5,74
12.1,17.8,46.2,1103.6,320.4,49.8,6.2,3.7,0.9,445.2,166.3,13.3,6.0,33.7,27.0,25.39,False,4095,0.0,32.8,0.0,EXT-OPEN-METEO-KHI,KARACHI,OPENSOURCE_API_GRID,1185,,,,0.95,True,True,TIER2_OPENSOURCE_PURE;CONTINUOUS_MINUTE_STREAM;VERIFIED_MODEL_GRID,c0207d0c7e9c659cca2a19ab1b52ba0ae4368b82588ec6ac8b7177925715670d,2026-09-17T19:44:00+00:00,2026-09-18 00:44:00,90.9,1006.5,74
12.1,17.8,46.3,1103.6,320.4,49.8,6.2,3.7,0.9,445.1,165.8,13.2,6.0,33.7,27.0,25.39,False,4095,0.0,33.0,0.0,EXT-OPEN-METEO-KHI,KARACHI,OPENSOURCE_API_GRID,1186,,,,0.95,True,True,TIER2_OPENSOURCE_PURE;CONTINUOUS_MINUTE_STREAM;VERIFIED_MODEL_GRID,8a5f8c270055e665524cb46b86b56222cc680eb44390cba3593b3edf98f39a19,2026-09-17T19:45:00+00:00,2026-09-18 00:45:00,90.9,1006.5,74
12.1,17.8,46.3,1103.6,320.4,49.8,6.2,3.7,0.9,445.1,165.3,13.2,6.0,33.7,27.0,25.39,False,4095,0.0,33.1,0.0,EXT-OPEN-METEO-KHI,KARACHI,OPENSOURCE_API_GRID,1187,,,,0.95,True,True,TIER2_OPENSOURCE_PURE;CONTINUOUS_MINUTE_STREAM;VERIFIED_MODEL_GRID,600838c1653e90849f88fa6b8562577c4ed9237b08721037d5011f2c310436ba,2026-09-17T19:46:00+00:00,2026-09-18 00:46:00,90.9,1006.5,74
12.0,17.7,46.3,1097.4,318.6,49.6,6.2,3.7,0.9,445.1,164.9,13.1,5.9,33.8,27.0,25.39,False,4095,0.0,33.2,0.0,EXT-OPEN-METEO-KHI,KARACHI,OPENSOURCE_API_GRID,1188,,,,0.95,True,True,TIER2_OPENSOURCE_PURE;CONTINUOUS_MINUTE_STREAM;VERIFIED_MODEL_GRID,c585b21a41e9a988426881b347fb276cda76096538f3a23143964faf92e21cda,2026-09-17T19:47:00+00:00,2026-09-18 00:47:00,90.9,1006.5,74
12.0,17.7,46.3,1097.4,318.6,49.6,6.2,3.7,0.9,445.1,164.5,13.1,5.9,33.8,27.0,25.39,False,4095,0.0,33.3,0.0,EXT-OPEN-METEO-KHI,KARACHI,OPENSOURCE_API_GRID,1189,,,,0.95,True,True,TIER2_OPENSOURCE_PURE;CONTINUOUS_MINUTE_STREAM;VERIFIED_MODEL_GRID,a1ef67ad07cd413d49d4a813463bd565f1c87d07a6141a47b792c854d80f534d,2026-09-17T19:48:00+00:00,2026-09-18 00:48:00,90.9,1006.5,74
12.0,17.7,46.3,1097.4,318.6,49.6,6.2,3.7,0.9,445.1,164.1,13.0,5.9,33.8,27.0,25.39,False,4095,0.0,33.4,0.0,EXT-OPEN-METEO-KHI,KARACHI,OPENSOURCE_API_GRID,1190,,,,0.95,True,True,TIER2_OPENSOURCE_PURE;CONTINUOUS_MINUTE_STREAM;VERIFIED_MODEL_GRID,f5c1bc8db9065401512fbf0a1420159fd79d117e585ea91645477a5adbcc396a,2026-09-17T19:49:00+00:00,2026-09-18 00:49:00,90.9,1006.5,74
12.0,17.6,46.2,1091.2,316.8,49.3,6.2,3.7,0.9,445.1,163.7,13.0,5.9,33.9,26.9,25.29,False,4095,0.0,33.5,0.0,EXT-OPEN-METEO-KHI,KARACHI,OPENSOURCE_API_GRID,1191,,,,0.95,True,True,TIER2_OPENSOURCE_PURE;CONTINUOUS_MINUTE_STREAM;VERIFIED_MODEL_GRID,5049bf14812714e0df737faea8d3cd51865dd7e7995da3efa5859f23cb505da0,2026-09-17T19:50:00+00:00,2026-09-18 00:50:00,90.9,1006.4,74
12.0,17.6,46.2,1091.2,316.8,49.3,6.2,3.7,0.9,445.1,163.4,13.0,5.9,33.9,26.9,25.29,False,4095,0.0,33.6,0.0,EXT-OPEN-METEO-KHI,KARACHI,OPENSOURCE_API_GRID,1192,,,,0.95,True,True,TIER2_OPENSOURCE_PURE;CONTINUOUS_MINUTE_STREAM;VERIFIED_MODEL_GRID,51705326c1a18aa99c0636ba1bd297c042f4b9bcb91ef639d8a77f230e1d965e,2026-09-17T19:51:00+00:00,2026-09-18 00:51:00,90.9,1006.4,74
11.9,17.5,46.1,1085.0,315.0,49.0,6.1,3.7,0.9,445.0,163.1,12.9,5.9,33.9,26.9,25.29,False,4095,0.0,33.7,0.0,EXT-OPEN-METEO-KHI,KARACHI,OPENSOURCE_API_GRID,1193,,,,0.95,True,True,TIER2_OPENSOURCE_PURE;CONTINUOUS_MINUTE_STREAM;VERIFIED_MODEL_GRID,93b77976d2823915cee7fd9f3c2285a92095269e7f70f9d6a0191a188ee9e27c,2026-09-17T19:52:00+00:00,2026-09-18 00:52:00,90.9,1006.4,74
11.9,17.5,46.1,1085.0,315.0,49.0,6.1,3.7,0.9,445.0,162.9,12.9,5.9,33.9,26.9,25.27,False,4095,0.0,33.8,0.0,EXT-OPEN-METEO-KHI,KARACHI,OPENSOURCE_API_GRID,1194,,,,0.95,True,True,TIER2_OPENSOURCE_PURE;CONTINUOUS_MINUTE_STREAM;VERIFIED_MODEL_GRID,dcfbbc81a0efeea95908de345b0f4aae64a795e885be4d0c944aaa91d3412075,2026-09-17T19:53:00+00:00,2026-09-18 00:53:00,90.8,1006.4,74
11.8,17.4,46.0,1078.8,313.2,48.7,6.1,3.7,0.9,445.0,162.6,12.9,5.9,34.0,26.9,25.27,False,4095,0.0,33.8,0.0,EXT-OPEN-METEO-KHI,KARACHI,OPENSOURCE_API_GRID,1195,,,,0.95,True,True,TIER2_OPENSOURCE_PURE;CONTINUOUS_MINUTE_STREAM;VERIFIED_MODEL_GRID,6a040cb4fc779f3b59f9517e4705565ea98500c0266e5eba533ec1fa5b262b8f,2026-09-17T19:54:00+00:00,2026-09-18 00:54:00,90.8,1006.4,74
11.8,17.4,46.0,1078.8,313.2,48.7,6.1,3.7,0.9,445.0,162.4,12.8,5.9,34.0,26.9,25.27,False,4095,0.0,33.9,0.0,EXT-OPEN-METEO-KHI,KARACHI,OPENSOURCE_API_GRID,1196,,,,0.95,True,True,TIER2_OPENSOURCE_PURE;CONTINUOUS_MINUTE_STREAM;VERIFIED_MODEL_GRID,3745cafa44b3478f218d7e4bbae072be35238cbe90fd0d828bfbab9a986d253b,2026-09-17T19:55:00+00:00,2026-09-18 00:55:00,90.8,1006.4,74
11.8,17.4,46.0,1078.8,313.2,48.7,6.1,3.7,0.9,445.0,162.3,12.8,5.9,34.0,26.9,25.27,False,4095,0.0,33.9,0.0,EXT-OPEN-METEO-KHI,KARACHI,OPENSOURCE_API_GRID,1197,,,,0.95,True,True,TIER2_OPENSOURCE_PURE;CONTINUOUS_MINUTE_STREAM;VERIFIED_MODEL_GRID,148bdf14a14bf1f09f2938a48cbd6eed6bfd588481e30a188afbf76f799fd920,2026-09-17T19:56:00+00:00,2026-09-18 00:56:00,90.8,1006.4,74
11.8,17.3,45.9,1072.6,311.4,48.4,6.1,3.7,0.9,445.0,162.2,12.8,5.9,34.0,26.9,25.27,False,4095,0.0,34.0,0.0,EXT-OPEN-METEO-KHI,KARACHI,OPENSOURCE_API_GRID,1198,,,,0.95,True,True,TIER2_OPENSOURCE_PURE;CONTINUOUS_MINUTE_STREAM;VERIFIED_MODEL_GRID,177fc87f63179c34deeb95feba0967f060b6e6872b33372630d52b5d45b11996,2026-09-17T19:57:00+00:00,2026-09-18 00:57:00,90.8,1006.4,74
11.8,17.3,45.9,1072.6,311.4,48.4,6.1,3.7,0.9,445.0,162.1,12.8,5.9,34.0,26.9,25.29,False,4095,0.0,34.0,0.0,EXT-OPEN-METEO-KHI,KARACHI,OPENSOURCE_API_GRID,1199,,,,0.95,True,True,TIER2_OPENSOURCE_PURE;CONTINUOUS_MINUTE_STREAM;VERIFIED_MODEL_GRID,418092351080607d9fd7f5c88cd554c15305505e688ddfe54774d1c3e4720a6a,2026-09-17T19:58:00+00:00,2026-09-18 00:58:00,90.9,1006.4,74
11.8,17.3,45.9,1072.6,311.4,48.4,6.1,3.7,0.9,445.0,162.0,12.8,5.9,34.0,26.9,25.29,False,4095,0.0,34.0,0.0,EXT-OPEN-METEO-KHI,KARACHI,OPENSOURCE_API_GRID,1200,,,,0.95,True,True,TIER2_OPENSOURCE_PURE;CONTINUOUS_MINUTE_STREAM;VERIFIED_MODEL_GRID,4219c27eb894771dca4a07b024c72be6f385b7e8cf89358c5abc78478082585f,2026-09-17T19:59:00+00:00,2026-09-18 00:59:00,90.9,1006.4,74
11.8,17.3,45.9,1072.6,311.4,48.4,6.1,3.7,0.9,445.0,162.0,12.8,5.9,34.0,26.9,25.29,False,4095,0.0,34.0,0.0,EXT-OPEN-METEO-KHI,KARACHI,OPENSOURCE_API_GRID,1201,,,,0.95,True,False,TIER2_OPENSOURCE_PURE;HOURLY_NODE;VERIFIED_MODEL_GRID,d68a7cc0af554d7eb722b441a6bb942cb48b3e140de6495550b64a2310e7c234,2026-09-17T20:00:00+00:00,2026-09-18 01:00:00,90.9,1006.4,74
11.8,17.3,45.9,1072.6,311.4,48.4,6.1,3.7,0.9,445.0,162.0,12.8,5.9,34.0,26.9,25.29,False,4095,0.0,34.0,0.0,EXT-OPEN-METEO-KHI,KARACHI,OPENSOURCE_API_GRID,1202,,,,0.95,True,True,TIER2_OPENSOURCE_PURE;CONTINUOUS_MINUTE_STREAM;VERIFIED_MODEL_GRID,9631e950d0cc28518fcbece4eb0c4d48ef083feba604610f9d0b7c108d2792c1,2026-09-17T20:01:00+00:00,2026-09-18 01:01:00,90.9,1006.4,74
11.8,17.3,46.0,1072.6,311.4,48.4,6.1,3.7,0.9,445.0,162.0,12.8,5.9,34.0,26.8,25.19,False,4095,0.0,34.0,0.0,EXT-OPEN-METEO-KHI,KARACHI,OPENSOURCE_API_GRID,1203,,,,0.95,True,True,TIER2_OPENSOURCE_PURE;CONTINUOUS_MINUTE_STREAM;VERIFIED_MODEL_GRID,18a35a996ec1e8c6f67ed51956bc27d2ca0882cddcefc7883bffc7d4912229f1,2026-09-17T20:02:00+00:00,2026-09-18 01:02:00,90.9,1006.4,74
11.8,17.4,46.0,1078.8,313.2,48.7,6.1,3.7,0.9,445.0,161.9,12.8,5.9,34.0,26.9,25.29,False,4095,0.0,34.0,0.0,EXT-OPEN-METEO-KHI,KARACHI,OPENSOURCE_API_GRID,1204,,,,0.95,True,True,TIER2_OPENSOURCE_PURE;CONTINUOUS_MINUTE_STREAM;VERIFIED_MODEL_GRID,c33d9a4f5d606a2e53c44f24656351d680b05a04f47c96be8fee47964f6dea1c,2026-09-17T20:03:00+00:00,2026-09-18 01:03:00,90.9,1006.4,74
11.8,17.4,46.1,1078.8,313.2,48.7,6.1,3.7,0.9,445.0,161.8,12.8,5.9,34.0,26.9,25.29,False,4095,0.0,34.0,0.0,EXT-OPEN-METEO-KHI,KARACHI,OPENSOURCE_API_GRID,1205,,,,0.95,True,True,TIER2_OPENSOURCE_PURE;CONTINUOUS_MINUTE_STREAM;VERIFIED_MODEL_GRID,7d6a552b14ca1bc6b85e7308abe15c6998fff7b457e2dd5351829da8c103d401,2026-09-17T20:04:00+00:00,2026-09-18 01:04:00,90.9,1006.4,74
11.8,17.4,46.2,1078.8,313.2,48.7,6.1,3.7,0.9,445.0,161.7,12.8,5.9,34.0,26.9,25.31,False,4095,0.0,34.1,0.0,EXT-OPEN-METEO-KHI,KARACHI,OPENSOURCE_API_GRID,1206,,,,0.95,True,True,TIER2_OPENSOURCE_PURE;CONTINUOUS_MINUTE_STREAM;VERIFIED_MODEL_GRID,fa469afa3c26ed8da45d1bfd5a26e1a48ebcda3fb53fdb063388d8eeac9398a5,2026-09-17T20:05:00+00:00,2026-09-18 01:05:00,91.0,1006.4,74
11.9,17.5,46.2,1085.0,315.0,49.0,6.1,3.7,0.9,445.0,161.6,12.7,5.9,34.0,26.9,25.31,False,4095,0.0,34.1,0.0,EXT-OPEN-METEO-KHI,KARACHI,OPENSOURCE_API_GRID,1207,,,,0.95,True,True,TIER2_OPENSOURCE_PURE;CONTINUOUS_MINUTE_STREAM;VERIFIED_MODEL_GRID,f6f65451ae0ca5e61d21e8c1b3f5f865b319d0124d32c78fbc102c08c6b62606,2026-09-17T20:06:00+00:00,2026-09-18 01:06:00,91.0,1006.4,74
11.9,17.5,46.3,1085.0,315.0,49.0,6.1,3.7,0.9,445.0,161.4,12.7,5.9,34.1,26.9,25.31,False,4095,0.0,34.1,0.0,EXT-OPEN-METEO-KHI,KARACHI,OPENSOURCE_API_GRID,1208,,,,0.95,True,True,TIER2_OPENSOURCE_PURE;CONTINUOUS_MINUTE_STREAM;VERIFIED_MODEL_GRID,fcfa05bc4c2c3b510806d4a3a0ac5a397f92db192d9c7f795f1700ed57d7744c,2026-09-17T20:07:00+00:00,2026-09-18 01:07:00,91.0,1006.4,74
12.0,17.6,46.4,1091.2,316.8,49.3,6.2,3.7,0.9,445.0,161.2,12.7,5.9,34.1,26.9,25.31,False,4095,0.0,34.2,0.0,EXT-OPEN-METEO-KHI,KARACHI,OPENSOURCE_API_GRID,1209,,,,0.95,True,True,TIER2_OPENSOURCE_PURE;CONTINUOUS_MINUTE_STREAM;VERIFIED_MODEL_GRID,2a388b67797b32963dc215aa449f68af1ab01f1e75fca147508c86a4bd0185f4,2026-09-17T20:08:00+00:00,2026-09-18 01:08:00,91.0,1006.4,74
11.9,17.5,46.3,1085.0,315.0,49.0,6.1,3.7,0.9,445.0,161.0,12.7,5.9,34.1,26.9,25.32,False,4095,0.0,34.2,0.0,EXT-OPEN-METEO-KHI,KARACHI,OPENSOURCE_API_GRID,1210,,,,0.95,True,True,TIER2_OPENSOURCE_PURE;CONTINUOUS_MINUTE_STREAM;VERIFIED_MODEL_GRID,154781d099dae0ecb4c61195fe8aec733b2c257be3fa63d4020058742a8307a2,2026-09-17T20:09:00+00:00,2026-09-18 01:09:00,91.1,1006.4,74
11.9,17.5,46.4,1085.0,315.0,49.0,6.1,3.7,0.9,445.0,160.8,12.6,5.9,34.1,26.9,25.32,False,4095,0.0,34.3,0.0,EXT-OPEN-METEO-KHI,KARACHI,OPENSOURCE_API_GRID,1211,,,,0.95,True,True,TIER2_OPENSOURCE_PURE;CONTINUOUS_MINUTE_STREAM;VERIFIED_MODEL_GRID,ea2198774a8220c862b711a569a3eebce98a1dbff7813f1965175e5255e375d7,2026-09-17T20:10:00+00:00,2026-09-18 01:10:00,91.1,1006.4,74
11.9,17.5,46.5,1085.0,315.0,49.0,6.1,3.7,0.9,445.0,160.5,12.6,5.9,34.2,26.9,25.32,False,4095,0.0,34.3,0.0,EXT-OPEN-METEO-KHI,KARACHI,OPENSOURCE_API_GRID,1212,,,,0.95,True,True,TIER2_OPENSOURCE_PURE;CONTINUOUS_MINUTE_STREAM;VERIFIED_MODEL_GRID,3d7b3754db528eccf4772ab1c0077d9a8fdf1a2346e905ec596afe7c527e2bb9,2026-09-17T20:11:00+00:00,2026-09-18 01:11:00,91.1,1006.4,74
12.0,17.6,46.6,1091.2,316.8,49.3,6.2,3.7,0.9,445.0,160.3,12.6,5.9,34.2,26.9,25.32,False,4095,0.0,34.4,0.0,EXT-OPEN-METEO-KHI,KARACHI,OPENSOURCE_API_GRID,1213,,,,0.95,True,True,TIER2_OPENSOURCE_PURE;CONTINUOUS_MINUTE_STREAM;VERIFIED_MODEL_GRID,21ec07b37490807c63ef868f8f6e982b00d1be173697af4b3ae9e07e43832848,2026-09-17T20:12:00+00:00,2026-09-18 01:12:00,91.1,1006.4,74
12.0,17.6,46.7,1091.2,316.8,49.3,6.2,3.7,0.9,445.0,160.0,12.5,5.9,34.2,26.9,25.32,False,4095,0.0,34.4,0.0,EXT-OPEN-METEO-KHI,KARACHI,OPENSOURCE_API_GRID,1214,,,,0.95,True,True,TIER2_OPENSOURCE_PURE;CONTINUOUS_MINUTE_STREAM;VERIFIED_MODEL_GRID,cc709d794f33794848efbf2b9c3372fb4ea63aa29d335a62177fd7ce2b7d3cc6,2026-09-17T20:13:00+00:00,2026-09-18 01:13:00,91.1,1006.4,74
12.0,17.6,46.7,1091.2,316.8,49.3,6.2,3.7,0.9,445.0,159.7,12.5,5.9,34.3,26.9,25.32,False,4095,0.0,34.5,0.0,EXT-OPEN-METEO-KHI,KARACHI,OPENSOURCE_API_GRID,1215,,,,0.95,True,True,TIER2_OPENSOURCE_PURE;CONTINUOUS_MINUTE_STREAM;VERIFIED_MODEL_GRID,d4eb3e0a4c644e84138bfffbe99a65d6b5c85a7e8ab9201bc61e60466868fc7a,2026-09-17T20:14:00+00:00,2026-09-18 01:14:00,91.1,1006.4,74
12.0,17.6,46.8,1091.2,316.8,49.3,6.2,3.7,0.9,445.0,159.4,12.4,5.9,34.3,26.9,25.32,False,4095,0.0,34.6,0.0,EXT-OPEN-METEO-KHI,KARACHI,OPENSOURCE_API_GRID,1216,,,,0.95,True,True,TIER2_OPENSOURCE_PURE;CONTINUOUS_MINUTE_STREAM;VERIFIED_MODEL_GRID,d9a7625b492adcc56f94e5701cbc53c37d86efd718fe19fead00ebdd0b04defb,2026-09-17T20:15:00+00:00,2026-09-18 01:15:00,91.1,1006.4,74
12.0,17.6,46.8,1091.2,316.8,49.3,6.2,3.7,0.9,445.0,159.0,12.4,5.9,34.3,26.9,25.32,False,4095,0.0,34.7,0.0,EXT-OPEN-METEO-KHI,KARACHI,OPENSOURCE_API_GRID,1217,,,,0.95,True,True,TIER2_OPENSOURCE_PURE;CONTINUOUS_MINUTE_STREAM;VERIFIED_MODEL_GRID,9cab47c41f291966e93c57ee7e00f28cbf6055e422aeefb2d75ae54f4ab84f4d,2026-09-17T20:16:00+00:00,2026-09-18 01:16:00,91.1,1006.4,74
12.0,17.6,46.9,1091.2,316.8,49.3,6.2,3.8,0.9,445.0,158.7,12.4,5.8,34.4,26.9,25.31,False,4095,0.0,34.7,0.0,EXT-OPEN-METEO-KHI,KARACHI,OPENSOURCE_API_GRID,1218,,,,0.95,True,True,TIER2_OPENSOURCE_PURE;CONTINUOUS_MINUTE_STREAM;VERIFIED_MODEL_GRID,a1b59b68af42d25ac2131e3b20c489626434e38b00f8465171ebf150d08c6bf1,2026-09-17T20:17:00+00:00,2026-09-18 01:17:00,91.0,1006.4,74
12.0,17.6,46.9,1091.2,316.8,49.3,6.2,3.8,0.9,445.0,158.3,12.3,5.8,34.4,26.9,25.31,False,4095,0.0,34.8,0.0,EXT-OPEN-METEO-KHI,KARACHI,OPENSOURCE_API_GRID,1219,,,,0.95,True,True,TIER2_OPENSOURCE_PURE;CONTINUOUS_MINUTE_STREAM;VERIFIED_MODEL_GRID,1ef21fc912b042e2339aeb88f0ef74083ffc2fb0e65af1dc7a9aaedbc3205a5f,2026-09-17T20:18:00+00:00,2026-09-18 01:18:00,91.0,1006.4,74
11.9,17.5,46.9,1085.0,315.0,49.0,6.1,3.8,0.9,445.0,157.9,12.3,5.8,34.5,26.9,25.31,False,4095,0.0,34.9,0.0,EXT-OPEN-METEO-KHI,KARACHI,OPENSOURCE_API_GRID,1220,,,,0.95,True,True,TIER2_OPENSOURCE_PURE;CONTINUOUS_MINUTE_STREAM;VERIFIED_MODEL_GRID,1e7795c481a0458a6723a7effcb9442772eb0b4e444f2f99ba36b22fc64c58b8,2026-09-17T20:19:00+00:00,2026-09-18 01:19:00,91.0,1006.4,74
11.9,17.5,46.9,1085.0,315.0,49.0,6.1,3.8,0.9,445.0,157.5,12.2,5.8,34.5,26.9,25.31,False,4095,0.0,35.0,0.0,EXT-OPEN-METEO-KHI,KARACHI,OPENSOURCE_API_GRID,1221,,,,0.95,True,True,TIER2_OPENSOURCE_PURE;CONTINUOUS_MINUTE_STREAM;VERIFIED_MODEL_GRID,a725c5566ce0f35b8d623b7eaf38f8c0b7b3f8ecd502cc0de00594942ec9aef3,2026-09-17T20:20:00+00:00,2026-09-18 01:20:00,91.0,1006.4,74
11.9,17.5,46.9,1085.0,315.0,49.0,6.1,3.8,0.9,445.0,157.1,12.1,5.8,34.5,26.9,25.29,False,4095,0.0,35.1,0.0,EXT-OPEN-METEO-KHI,KARACHI,OPENSOURCE_API_GRID,1222,,,,0.95,True,True,TIER2_OPENSOURCE_PURE;CONTINUOUS_MINUTE_STREAM;VERIFIED_MODEL_GRID,02f6e478c15096c16ff32ccde570f69448e3e4d9cc81e3deeaa8ef237287323b,2026-09-17T20:21:00+00:00,2026-09-18 01:21:00,90.9,1006.4,74
11.8,17.4,46.9,1078.8,313.2,48.7,6.1,3.8,0.9,445.0,156.7,12.1,5.8,34.6,26.9,25.29,False,4095,0.0,35.2,0.0,EXT-OPEN-METEO-KHI,KARACHI,OPENSOURCE_API_GRID,1223,,,,0.95,True,True,TIER2_OPENSOURCE_PURE;CONTINUOUS_MINUTE_STREAM;VERIFIED_MODEL_GRID,398b7500629884f09b2cc3eb380d1104b9f038ccf5b03e164bf7a836bc634eb2,2026-09-17T20:22:00+00:00,2026-09-18 01:22:00,90.9,1006.4,74
11.8,17.3,46.9,1072.6,311.4,48.4,6.1,3.8,0.9,445.0,156.2,12.0,5.8,34.6,26.9,25.29,False,4095,0.0,35.3,0.0,EXT-OPEN-METEO-KHI,KARACHI,OPENSOURCE_API_GRID,1224,,,,0.95,True,True,TIER2_OPENSOURCE_PURE;CONTINUOUS_MINUTE_STREAM;VERIFIED_MODEL_GRID,4c7a422b78bf4bd2090a9070fdbbe3f81812bb2479574b70c9d200a77b062314,2026-09-17T20:23:00+00:00,2026-09-18 01:23:00,90.9,1006.4,74
11.8,17.3,46.9,1072.6,311.4,48.4,6.1,3.8,0.9,445.0,155.8,12.0,5.8,34.7,26.9,25.29,False,4095,0.0,35.4,0.0,EXT-OPEN-METEO-KHI,KARACHI,OPENSOURCE_API_GRID,1225,,,,0.95,True,True,TIER2_OPENSOURCE_PURE;CONTINUOUS_MINUTE_STREAM;VERIFIED_MODEL_GRID,9db1023803bf1b2ce60850a8bd0349b01a02a44d3ceceb075c9291c8acea9f0a,2026-09-17T20:24:00+00:00,2026-09-18 01:24:00,90.9,1006.4,74
11.7,17.2,46.9,1066.4,309.6,48.2,6.0,3.8,0.9,445.0,155.3,11.9,5.8,34.7,26.9,25.29,False,4095,0.0,35.5,0.0,EXT-OPEN-METEO-KHI,KARACHI,OPENSOURCE_API_GRID,1226,,,,0.95,True,True,TIER2_OPENSOURCE_PURE;CONTINUOUS_MINUTE_STREAM;VERIFIED_MODEL_GRID,a28e1bfebaa453804ae4f9ab99c41edddf6d99ac194b8a3301c0cbf2c34869b9,2026-09-17T20:25:00+00:00,2026-09-18 01:25:00,90.9,1006.4,74
11.7,17.2,46.9,1066.4,309.6,48.2,6.0,3.8,0.9,445.0,154.9,11.8,5.8,34.8,26.8,25.19,False,4095,0.0,35.6,0.0,EXT-OPEN-METEO-KHI,KARACHI,OPENSOURCE_API_GRID,1227,,,,0.95,True,True,TIER2_OPENSOURCE_PURE;CONTINUOUS_MINUTE_STREAM;VERIFIED_MODEL_GRID,732213392d102fb608d185e352926971357525d70bf9ebcb4740e8cfc1cfa5b3,2026-09-17T20:26:00+00:00,2026-09-18 01:26:00,90.9,1006.4,74
11.6,17.1,46.9,1060.2,307.8,47.9,6.0,3.8,0.9,445.0,154.4,11.8,5.8,34.8,26.8,25.19,False,4095,0.0,35.7,0.0,EXT-OPEN-METEO-KHI,KARACHI,OPENSOURCE_API_GRID,1228,,,,0.95,True,True,TIER2_OPENSOURCE_PURE;CONTINUOUS_MINUTE_STREAM;VERIFIED_MODEL_GRID,ab93722dfdf941acd4fa85b3b005f80c92f13427f4cae302fa3d3c0676ebd9be,2026-09-17T20:27:00+00:00,2026-09-18 01:27:00,90.9,1006.4,74
11.6,17.1,46.9,1060.2,307.8,47.9,6.0,3.8,0.9,445.0,153.9,11.7,5.8,34.9,26.8,25.19,False,4095,0.0,35.8,0.0,EXT-OPEN-METEO-KHI,KARACHI,OPENSOURCE_API_GRID,1229,,,,0.95,True,True,TIER2_OPENSOURCE_PURE;CONTINUOUS_MINUTE_STREAM;VERIFIED_MODEL_GRID,81e422a553a834b08888b8097e4e908dd3a6c4525b738acbe34ea6e1297bc984,2026-09-17T20:28:00+00:00,2026-09-18 01:28:00,90.9,1006.4,74
11.6,17.1,46.9,1060.2,307.8,47.9,6.0,3.8,0.9,445.0,153.5,11.7,5.8,34.9,26.8,25.19,False,4095,0.0,35.9,0.0,EXT-OPEN-METEO-KHI,KARACHI,OPENSOURCE_API_GRID,1230,,,,0.95,True,True,TIER2_OPENSOURCE_PURE;CONTINUOUS_MINUTE_STREAM;VERIFIED_MODEL_GRID,7deaaa034ed6e028553f024b9f1ac38f806ae54450dbea5ab492684e89e2b6ca,2026-09-17T20:29:00+00:00,2026-09-18 01:29:00,90.9,1006.4,74
11.6,17.1,47.0,1060.2,307.8,47.9,6.0,3.8,0.9,445.0,153.0,11.6,5.8,35.0,26.8,25.19,False,4095,0.0,36.0,0.0,EXT-OPEN-METEO-KHI,KARACHI,OPENSOURCE_API_GRID,1231,,,,0.95,True,True,TIER2_OPENSOURCE_PURE;CONTINUOUS_MINUTE_STREAM;VERIFIED_MODEL_GRID,82aedd4545c9cadcad6590035ee1a2d097ddaad3a4ea8cd21d4e8c706931e897,2026-09-17T20:30:00+00:00,2026-09-18 01:30:00,90.9,1006.4,74
11.6,17.0,47.0,1054.0,306.0,47.6,5.9,3.8,0.9,445.0,152.5,11.5,5.7,35.1,26.8,25.19,False,4095,0.0,36.1,0.0,EXT-OPEN-METEO-KHI,KARACHI,OPENSOURCE_API_GRID,1232,,,,0.95,True,True,TIER2_OPENSOURCE_PURE;CONTINUOUS_MINUTE_STREAM;VERIFIED_MODEL_GRID,6559996ba9e9bf20a6413b88080828344b240f652d5870270dd9100e18869890,2026-09-17T20:31:00+00:00,2026-09-18 01:31:00,90.9,1006.4,74
11.6,17.0,47.1,1054.0,306.0,47.6,5.9,3.8,0.9,445.0,152.1,11.5,5.7,35.1,26.8,25.19,False,4095,0.0,36.2,0.0,EXT-OPEN-METEO-KHI,KARACHI,OPENSOURCE_API_GRID,1233,,,,0.95,True,True,TIER2_OPENSOURCE_PURE;CONTINUOUS_MINUTE_STREAM;VERIFIED_MODEL_GRID,45375a16b060bf68f1a96fb3cb17236c490b6a24f1a89d85d171d539298e86c1,2026-09-17T20:32:00+00:00,2026-09-18 01:32:00,90.9,1006.4,74
11.6,17.0,47.2,1054.0,306.0,47.6,5.9,3.8,0.9,445.0,151.6,11.4,5.7,35.2,26.8,25.19,False,4095,0.0,36.3,0.0,EXT-OPEN-METEO-KHI,KARACHI,OPENSOURCE_API_GRID,1234,,,,0.95,True,True,TIER2_OPENSOURCE_PURE;CONTINUOUS_MINUTE_STREAM;VERIFIED_MODEL_GRID,6a3da5661c3588eb12c7be560c4f06a8eda8517beb115ab68ec0885c47f82996,2026-09-17T20:33:00+00:00,2026-09-18 01:33:00,90.9,1006.3,74
11.6,17.1,47.3,1060.2,307.8,47.9,6.0,3.8,0.9,445.0,151.1,11.4,5.7,35.2,26.8,25.19,False,4095,0.0,36.4,0.0,EXT-OPEN-METEO-KHI,KARACHI,OPENSOURCE_API_GRID,1235,,,,0.95,True,True,TIER2_OPENSOURCE_PURE;CONTINUOUS_MINUTE_STREAM;VERIFIED_MODEL_GRID,86e963d45b481fda25a752ac011f7c0608286ca273152f775e4700233c5d0bf5,2026-09-17T20:34:00+00:00,2026-09-18 01:34:00,90.9,1006.3,74
11.6,17.1,47.4,1060.2,307.8,47.9,6.0,3.8,0.9,445.0,150.7,11.3,5.7,35.3,26.8,25.19,False,4095,0.0,36.5,0.0,EXT-OPEN-METEO-KHI,KARACHI,OPENSOURCE_API_GRID,1236,,,,0.95,True,True,TIER2_OPENSOURCE_PURE;CONTINUOUS_MINUTE_STREAM;VERIFIED_MODEL_GRID,28c9f9ca217be2b72f18c3f0dfaa52c174bded922b1806a1bbe6bc2ae58ca1fb,2026-09-17T20:35:00+00:00,2026-09-18 01:35:00,90.9,1006.3,74
11.6,17.1,47.5,1060.2,307.8,47.9,6.0,3.8,1.0,445.0,150.2,11.2,5.7,35.3,26.8,25.21,False,4095,0.0,36.6,0.0,EXT-OPEN-METEO-KHI,KARACHI,OPENSOURCE_API_GRID,1237,,,,0.95,True,True,TIER2_OPENSOURCE_PURE;CONTINUOUS_MINUTE_STREAM;VERIFIED_MODEL_GRID,16745c3c41a8c41e7f1efbe616ddf2a1398237aed7c6119421712da98f31bc42,2026-09-17T20:36:00+00:00,2026-09-18 01:36:00,91.0,1006.3,74
11.6,17.1,47.6,1060.2,307.8,47.9,6.0,3.8,1.0,445.0,149.8,11.2,5.7,35.4,26.8,25.21,False,4095,0.0,36.7,0.0,EXT-OPEN-METEO-KHI,KARACHI,OPENSOURCE_API_GRID,1238,,,,0.95,True,True,TIER2_OPENSOURCE_PURE;CONTINUOUS_MINUTE_STREAM;VERIFIED_MODEL_GRID,19421c5d6b610cbc9a6573f902785162bf27e906d4ec8cca67d597ffb6113b60,2026-09-17T20:37:00+00:00,2026-09-18 01:37:00,91.0,1006.3,74
11.7,17.2,47.7,1066.4,309.6,48.2,6.0,3.8,1.0,445.0,149.3,11.1,5.7,35.4,26.8,25.21,False,4095,0.0,36.8,0.0,EXT-OPEN-METEO-KHI,KARACHI,OPENSOURCE_API_GRID,1239,,,,0.95,True,True,TIER2_OPENSOURCE_PURE;CONTINUOUS_MINUTE_STREAM;VERIFIED_MODEL_GRID,794ead053a688e2dd2b6e3e991f359211545c671163e91dd1ad5a675d84db5a4,2026-09-17T20:38:00+00:00,2026-09-18 01:38:00,91.0,1006.3,74
11.7,17.2,47.8,1066.4,309.6,48.2,6.0,3.8,1.0,445.0,148.9,11.1,5.7,35.5,26.8,25.21,False,4095,0.0,36.9,0.0,EXT-OPEN-METEO-KHI,KARACHI,OPENSOURCE_API_GRID,1240,,,,0.95,True,True,TIER2_OPENSOURCE_PURE;CONTINUOUS_MINUTE_STREAM;VERIFIED_MODEL_GRID,bf39e9ed503272bb46c3efb35318e8030148cd510b114169a1d93a9f6b75c74a,2026-09-17T20:39:00+00:00,2026-09-18 01:39:00,91.0,1006.3,74
11.6,17.1,47.8,1060.2,307.8,47.9,6.0,3.8,1.0,445.0,148.5,11.0,5.7,35.5,26.8,25.24,False,4095,0.0,37.0,0.0,EXT-OPEN-METEO-KHI,KARACHI,OPENSOURCE_API_GRID,1241,,,,0.95,True,True,TIER2_OPENSOURCE_PURE;CONTINUOUS_MINUTE_STREAM;VERIFIED_MODEL_GRID,9d5250afd69b42adb8d481da85e31b9bc59ce445ba5ca3352f0db728f71c8909,2026-09-17T20:40:00+00:00,2026-09-18 01:40:00,91.2,1006.3,74
11.7,17.2,47.9,1066.4,309.6,48.2,6.0,3.8,1.0,445.0,148.1,10.9,5.7,35.5,26.8,25.22,False,4095,0.0,37.1,0.0,EXT-OPEN-METEO-KHI,KARACHI,OPENSOURCE_API_GRID,1242,,,,0.95,True,True,TIER2_OPENSOURCE_PURE;CONTINUOUS_MINUTE_STREAM;VERIFIED_MODEL_GRID,01998ba6094ca6e5a9bdf8b3a6eb956f9a4b45856c943d23d22b5a50b1f30a0c,2026-09-17T20:41:00+00:00,2026-09-18 01:41:00,91.1,1006.3,74
11.7,17.2,48.0,1066.4,309.6,48.2,6.0,3.8,1.0,445.0,147.7,10.9,5.7,35.6,26.8,25.22,False,4095,0.0,37.2,0.0,EXT-OPEN-METEO-KHI,KARACHI,OPENSOURCE_API_GRID,1243,,,,0.95,True,True,TIER2_OPENSOURCE_PURE;CONTINUOUS_MINUTE_STREAM;VERIFIED_MODEL_GRID,d55f9d463437dc2b120a4da84996be6ab11cf16d6f7a94d0b767e09bb76c1bff,2026-09-17T20:42:00+00:00,2026-09-18 01:42:00,91.1,1006.3,74
11.7,17.2,48.1,1066.4,309.6,48.2,6.0,3.8,1.0,445.0,147.3,10.8,5.7,35.6,26.8,25.22,False,4095,0.0,37.3,0.0,EXT-OPEN-METEO-KHI,KARACHI,OPENSOURCE_API_GRID,1244,,,,0.95,True,True,TIER2_OPENSOURCE_PURE;CONTINUOUS_MINUTE_STREAM;VERIFIED_MODEL_GRID,cb0a1376d1095cccbf1fb292a53ad3b07cde9733dc3bec73a56bbd164e20fa71,2026-09-17T20:43:00+00:00,2026-09-18 01:43:00,91.1,1006.3,74
11.7,17.2,48.2,1066.4,309.6,48.2,6.0,3.9,1.0,445.0,147.0,10.8,5.6,35.7,26.9,25.32,False,4095,0.0,37.3,0.0,EXT-OPEN-METEO-KHI,KARACHI,OPENSOURCE_API_GRID,1245,,,,0.95,True,True,TIER2_OPENSOURCE_PURE;CONTINUOUS_MINUTE_STREAM;VERIFIED_MODEL_GRID,39ba03d2612aaa18ce872b4fa1ae11d715c2a4281302b80d823d0eddb4ad5dd8,2026-09-17T20:44:00+00:00,2026-09-18 01:44:00,91.1,1006.3,74
11.8,17.3,48.3,1072.6,311.4,48.4,6.1,3.9,1.0,445.0,146.6,10.8,5.6,35.7,26.9,25.32,False,4095,0.0,37.4,0.0,EXT-OPEN-METEO-KHI,KARACHI,OPENSOURCE_API_GRID,1246,,,,0.95,True,True,TIER2_OPENSOURCE_PURE;CONTINUOUS_MINUTE_STREAM;VERIFIED_MODEL_GRID,42cd97ed0a42627499621eabf4102b17fa8aab28827cd7da11c65eb4c52b9e82,2026-09-17T20:45:00+00:00,2026-09-18 01:45:00,91.1,1006.3,74
11.8,17.3,48.3,1072.6,311.4,48.4,6.1,3.9,1.0,445.0,146.3,10.7,5.6,35.7,26.9,25.32,False,4095,0.0,37.5,0.0,EXT-OPEN-METEO-KHI,KARACHI,OPENSOURCE_API_GRID,1247,,,,0.95,True,True,TIER2_OPENSOURCE_PURE;CONTINUOUS_MINUTE_STREAM;VERIFIED_MODEL_GRID,f287b3914b1af9147d76a4cbcb521d7cbe910e20c6a2bab0b431804ad7fd17c2,2026-09-17T20:46:00+00:00,2026-09-18 01:46:00,91.1,1006.3,74
11.8,17.3,48.4,1072.6,311.4,48.4,6.1,3.9,1.0,445.0,146.0,10.7,5.6,35.8,26.9,25.32,False,4095,0.0,37.6,0.0,EXT-OPEN-METEO-KHI,KARACHI,OPENSOURCE_API_GRID,1248,,,,0.95,True,True,TIER2_OPENSOURCE_PURE;CONTINUOUS_MINUTE_STREAM;VERIFIED_MODEL_GRID,e1b933f136abe70401f448a96f97143e79af076ca64fd9db79881dcca42ec9fb,2026-09-17T20:47:00+00:00,2026-09-18 01:47:00,91.1,1006.3,74
11.7,17.2,48.4,1066.4,309.6,48.2,6.0,3.9,1.0,445.0,145.7,10.6,5.6,35.8,26.9,25.31,False,4095,0.0,37.6,0.0,EXT-OPEN-METEO-KHI,KARACHI,OPENSOURCE_API_GRID,1249,,,,0.95,True,True,TIER2_OPENSOURCE_PURE;CONTINUOUS_MINUTE_STREAM;VERIFIED_MODEL_GRID,2069c54eaffc654110c439978e4bd9429221946e05463cdb310f13319464fd30,2026-09-17T20:48:00+00:00,2026-09-18 01:48:00,91.0,1006.3,74
11.7,17.2,48.4,1066.4,309.6,48.2,6.0,3.9,1.0,445.0,145.5,10.6,5.6,35.8,26.9,25.31,False,4095,0.0,37.7,0.0,EXT-OPEN-METEO-KHI,KARACHI,OPENSOURCE_API_GRID,1250,,,,0.95,True,True,TIER2_OPENSOURCE_PURE;CONTINUOUS_MINUTE_STREAM;VERIFIED_MODEL_GRID,fd93ce98858c96e493695b7be39460368cd798e81bc3b1afacf964b92619d8d7,2026-09-17T20:49:00+00:00,2026-09-18 01:49:00,91.0,1006.3,74
11.7,17.2,48.4,1066.4,309.6,48.2,6.0,3.9,1.0,445.0,145.2,10.6,5.6,35.9,26.9,25.31,False,4095,0.0,37.7,0.0,EXT-OPEN-METEO-KHI,KARACHI,OPENSOURCE_API_GRID,1251,,,,0.95,True,True,TIER2_OPENSOURCE_PURE;CONTINUOUS_MINUTE_STREAM;VERIFIED_MODEL_GRID,7b3af7f5efa644a72d6da1cbc62c58d7975462d7e17e2196b8aac4d90b132e75,2026-09-17T20:50:00+00:00,2026-09-18 01:50:00,91.0,1006.3,74
11.7,17.2,48.4,1066.4,309.6,48.2,6.0,3.9,1.0,445.0,145.0,10.5,5.6,35.9,26.8,25.21,False,4095,0.0,37.8,0.0,EXT-OPEN-METEO-KHI,KARACHI,OPENSOURCE_API_GRID,1252,,,,0.95,True,True,TIER2_OPENSOURCE_PURE;CONTINUOUS_MINUTE_STREAM;VERIFIED_MODEL_GRID,2e08b40a217c75fe804369783491ff89a1bcc65c8ff4f61dd3ccff200953d7ee,2026-09-17T20:51:00+00:00,2026-09-18 01:51:00,91.0,1006.3,74
11.6,17.1,48.3,1060.2,307.8,47.9,6.0,3.9,1.0,445.0,144.8,10.5,5.6,35.9,26.8,25.19,False,4095,0.0,37.8,0.0,EXT-OPEN-METEO-KHI,KARACHI,OPENSOURCE_API_GRID,1253,,,,0.95,True,True,TIER2_OPENSOURCE_PURE;CONTINUOUS_MINUTE_STREAM;VERIFIED_MODEL_GRID,a2e849dafccc7aca5ff337268644d673e9b8d84d7ee3719c9ee84db725eaa161,2026-09-17T20:52:00+00:00,2026-09-18 01:52:00,90.9,1006.3,74
11.6,17.1,48.3,1060.2,307.8,47.9,6.0,3.9,1.0,445.0,144.6,10.5,5.6,35.9,26.8,25.19,False,4095,0.0,37.9,0.0,EXT-OPEN-METEO-KHI,KARACHI,OPENSOURCE_API_GRID,1254,,,,0.95,True,True,TIER2_OPENSOURCE_PURE;CONTINUOUS_MINUTE_STREAM;VERIFIED_MODEL_GRID,88ed86c55939495d04e2af2cf9a9af1830da8f585b3adaa26442d464d2ab7a06,2026-09-17T20:53:00+00:00,2026-09-18 01:53:00,90.9,1006.3,74
11.6,17.0,48.3,1054.0,306.0,47.6,5.9,3.9,1.0,445.0,144.4,10.5,5.6,36.0,26.8,25.19,False,4095,0.0,37.9,0.0,EXT-OPEN-METEO-KHI,KARACHI,OPENSOURCE_API_GRID,1255,,,,0.95,True,True,TIER2_OPENSOURCE_PURE;CONTINUOUS_MINUTE_STREAM;VERIFIED_MODEL_GRID,e3c217c9929747335c3f20c40174d4ce3f231570df7f44cf4bbad0b936ad6cde,2026-09-17T20:54:00+00:00,2026-09-18 01:54:00,90.9,1006.3,74
11.6,17.0,48.2,1054.0,306.0,47.6,5.9,3.9,1.0,445.0,144.3,10.4,5.6,36.0,26.8,25.19,False,4095,0.0,37.9,0.0,EXT-OPEN-METEO-KHI,KARACHI,OPENSOURCE_API_GRID,1256,,,,0.95,True,True,TIER2_OPENSOURCE_PURE;CONTINUOUS_MINUTE_STREAM;VERIFIED_MODEL_GRID,6fcff5f3d64eececba83cdd93310efbc2bbb1c90fb05b84c81e9b1ee4db4eebd,2026-09-17T20:55:00+00:00,2026-09-18 01:55:00,90.9,1006.3,74
11.5,16.9,48.2,1047.8,304.2,47.3,5.9,3.9,1.0,445.0,144.2,10.4,5.6,36.0,26.8,25.19,False,4095,0.0,38.0,0.0,EXT-OPEN-METEO-KHI,KARACHI,OPENSOURCE_API_GRID,1257,,,,0.95,True,True,TIER2_OPENSOURCE_PURE;CONTINUOUS_MINUTE_STREAM;VERIFIED_MODEL_GRID,451c52500eb7bc251d6e63467f22ead31c4a6641f60fd3d428bb2d2b1c273757,2026-09-17T20:56:00+00:00,2026-09-18 01:56:00,90.9,1006.3,74
11.5,16.9,48.1,1047.8,304.2,47.3,5.9,3.8,1.0,445.0,144.1,10.4,5.6,36.0,26.8,25.19,False,4095,0.0,38.0,0.0,EXT-OPEN-METEO-KHI,KARACHI,OPENSOURCE_API_GRID,1258,,,,0.95,True,True,TIER2_OPENSOURCE_PURE;CONTINUOUS_MINUTE_STREAM;VERIFIED_MODEL_GRID,d85c6e71dde4b2fca2aea7c17dfa1900a8640195d0406402e47b4e7e31af7a9a,2026-09-17T20:57:00+00:00,2026-09-18 01:57:00,90.9,1006.3,74
11.5,16.9,48.1,1047.8,304.2,47.3,5.9,3.8,1.0,445.0,144.0,10.4,5.6,36.0,26.8,25.19,False,4095,0.0,38.0,0.0,EXT-OPEN-METEO-KHI,KARACHI,OPENSOURCE_API_GRID,1259,,,,0.95,True,True,TIER2_OPENSOURCE_PURE;CONTINUOUS_MINUTE_STREAM;VERIFIED_MODEL_GRID,35850eecd0fd2a36f85a8959a97d7bc7a47d1c897e5168f9c8fc2927851405ea,2026-09-17T20:58:00+00:00,2026-09-18 01:58:00,90.9,1006.3,74
11.4,16.8,48.0,1041.6,302.4,47.0,5.9,3.8,1.0,445.0,144.0,10.4,5.6,36.0,26.8,25.19,False,4095,0.0,38.0,0.0,EXT-OPEN-METEO-KHI,KARACHI,OPENSOURCE_API_GRID,1260,,,,0.95,True,True,TIER2_OPENSOURCE_PURE;CONTINUOUS_MINUTE_STREAM;VERIFIED_MODEL_GRID,9cc6bf1c2fe5bb9e0cd2e68fa35ab0c3b64f736e8f65162680d39432e41180cc,2026-09-17T20:59:00+00:00,2026-09-18 01:59:00,90.9,1006.3,74
11.4,16.8,48.0,1041.6,302.4,47.0,5.9,3.8,1.0,445.0,144.0,10.4,5.6,36.0,26.8,25.19,False,4095,0.0,38.0,0.0,EXT-OPEN-METEO-KHI,KARACHI,OPENSOURCE_API_GRID,1261,,,,0.95,True,False,TIER2_OPENSOURCE_PURE;HOURLY_NODE;VERIFIED_MODEL_GRID,e84e1763f2898b0298adf35f672dc533aa8b2b51338836acec2e67c0c789cc3b,2026-09-17T21:00:00+00:00,2026-09-18 02:00:00,90.9,1006.3,74
11.4,16.8,48.0,1041.6,302.4,47.0,5.9,3.8,1.0,445.0,144.0,10.4,5.6,36.0,26.8,25.19,False,4095,0.0,38.0,0.0,EXT-OPEN-METEO-KHI,KARACHI,OPENSOURCE_API_GRID,1262,,,,0.95,True,True,TIER2_OPENSOURCE_PURE;CONTINUOUS_MINUTE_STREAM;VERIFIED_MODEL_GRID,347e80b9e658d201e5cc3001ae3860c86c5b69b208295db8d22f0673cce8752b,2026-09-17T21:01:00+00:00,2026-09-18 02:01:00,90.9,1006.3,74
11.4,16.8,48.0,1041.6,302.4,47.0,5.9,3.8,1.0,445.0,144.0,10.4,5.6,36.0,26.8,25.19,False,4095,0.0,38.0,0.0,EXT-OPEN-METEO-KHI,KARACHI,OPENSOURCE_API_GRID,1263,,,,0.95,True,True,TIER2_OPENSOURCE_PURE;CONTINUOUS_MINUTE_STREAM;VERIFIED_MODEL_GRID,9b68e7498189433fa673b8be9d8784cd7a69dff6e889f3d349e27a5bf94dbaef,2026-09-17T21:02:00+00:00,2026-09-18 02:02:00,90.9,1006.3,74
11.4,16.8,48.0,1041.6,302.4,47.0,5.9,3.8,1.0,445.0,143.9,10.4,5.6,36.0,26.7,25.09,False,4095,0.0,38.1,0.0,EXT-OPEN-METEO-KHI,KARACHI,OPENSOURCE_API_GRID,1264,,,,0.95,True,True,TIER2_OPENSOURCE_PURE;CONTINUOUS_MINUTE_STREAM;VERIFIED_MODEL_GRID,f79e5a6860f1e1fcaf49f7645dac6b7a311cee79f88e6d00e3288fdf22b945f9,2026-09-17T21:03:00+00:00,2026-09-18 02:03:00,90.9,1006.3,74
11.4,16.8,48.0,1041.6,302.4,47.0,5.9,3.8,1.0,445.0,143.9,10.4,5.6,36.0,26.7,25.09,False,4095,0.0,38.2,0.0,EXT-OPEN-METEO-KHI,KARACHI,OPENSOURCE_API_GRID,1265,,,,0.95,True,True,TIER2_OPENSOURCE_PURE;CONTINUOUS_MINUTE_STREAM;VERIFIED_MODEL_GRID,bb6b02b0e3ef9c3812af06253caf3955d6935bd6d7d7d1114ed0541395854282,2026-09-17T21:04:00+00:00,2026-09-18 02:04:00,90.9,1006.3,74
11.4,16.8,48.1,1041.6,302.4,47.0,5.9,3.8,1.0,445.0,143.8,10.4,5.6,36.0,26.8,25.19,False,4095,0.0,38.3,0.0,EXT-OPEN-METEO-KHI,KARACHI,OPENSOURCE_API_GRID,1266,,,,0.95,True,True,TIER2_OPENSOURCE_PURE;CONTINUOUS_MINUTE_STREAM;VERIFIED_MODEL_GRID,58a1826c13e86d8d853cc23e11ea3a8a072e815159da970159c9de75bbd0e0bb,2026-09-17T21:05:00+00:00,2026-09-18 02:05:00,90.9,1006.3,74
11.5,16.9,48.1,1047.8,304.2,47.3,5.9,3.8,1.0,445.0,143.8,10.4,5.6,36.0,26.8,25.19,False,4095,0.0,38.4,0.0,EXT-OPEN-METEO-KHI,KARACHI,OPENSOURCE_API_GRID,1267,,,,0.95,True,True,TIER2_OPENSOURCE_PURE;CONTINUOUS_MINUTE_STREAM;VERIFIED_MODEL_GRID,625810b8eff05ff4ebb1baa77a6fdf142d5d491b90f9062b9de6d64b183410a3,2026-09-17T21:06:00+00:00,2026-09-18 02:06:00,90.9,1006.3,74
11.5,16.9,48.1,1047.8,304.2,47.3,5.9,3.8,1.0,445.0,143.7,10.3,5.6,36.0,26.8,25.21,False,4095,0.0,38.6,0.0,EXT-OPEN-METEO-KHI,KARACHI,OPENSOURCE_API_GRID,1268,,,,0.95,True,True,TIER2_OPENSOURCE_PURE;CONTINUOUS_MINUTE_STREAM;VERIFIED_MODEL_GRID,0d0047d0252ceb23768de72159fb7096e3bacdb7dec488a641f384e906c69fc7,2026-09-17T21:07:00+00:00,2026-09-18 02:07:00,91.0,1006.3,74
11.5,16.9,48.2,1047.8,304.2,47.3,5.9,3.9,1.0,445.0,143.6,10.3,5.6,36.0,26.8,25.21,False,4095,0.0,38.7,0.0,EXT-OPEN-METEO-KHI,KARACHI,OPENSOURCE_API_GRID,1269,,,,0.95,True,True,TIER2_OPENSOURCE_PURE;CONTINUOUS_MINUTE_STREAM;VERIFIED_MODEL_GRID,bf59a647773e44ea1d21c8db9495607f2958214dad5739a7db7aae31f6ef6616,2026-09-17T21:08:00+00:00,2026-09-18 02:08:00,91.0,1006.3,74
11.6,17.0,48.2,1054.0,306.0,47.6,5.9,3.9,1.0,445.0,143.5,10.3,5.6,36.1,26.8,25.21,False,4095,0.0,38.9,0.0,EXT-OPEN-METEO-KHI,KARACHI,OPENSOURCE_API_GRID,1270,,,,0.95,True,True,TIER2_OPENSOURCE_PURE;CONTINUOUS_MINUTE_STREAM;VERIFIED_MODEL_GRID,ba92c386f53da58a14be65a4ea4362f17cb8eb45f2247de615f81694d02b9040,2026-09-17T21:09:00+00:00,2026-09-18 02:09:00,91.0,1006.3,74
11.6,17.0,48.3,1054.0,306.0,47.6,5.9,3.9,1.0,445.0,143.3,10.3,5.6,36.1,26.8,25.21,False,4095,0.0,39.1,0.0,EXT-OPEN-METEO-KHI,KARACHI,OPENSOURCE_API_GRID,1271,,,,0.95,True,True,TIER2_OPENSOURCE_PURE;CONTINUOUS_MINUTE_STREAM;VERIFIED_MODEL_GRID,6e737e7d93ddda0fe83b55e7e89cac2befdf4860587a0031a7a121401f3ce2ea,2026-09-17T21:10:00+00:00,2026-09-18 02:10:00,91.0,1006.3,74
11.5,16.9,48.1,1047.8,304.2,47.3,5.9,3.8,1.0,445.0,143.2,10.3,5.6,36.1,26.8,25.24,False,4095,0.0,39.4,0.0,EXT-OPEN-METEO-KHI,KARACHI,OPENSOURCE_API_GRID,1272,,,,0.95,True,True,TIER2_OPENSOURCE_PURE;CONTINUOUS_MINUTE_STREAM;VERIFIED_MODEL_GRID,941dc5a3bbc064b779528459ef1f6e651c9a355024134ab8ed1b902a17b06b64,2026-09-17T21:11:00+00:00,2026-09-18 02:11:00,91.2,1006.3,74
11.5,16.9,48.2,1047.8,304.2,47.3,5.9,3.9,1.0,445.0,143.0,10.2,5.6,36.1,26.8,25.22,False,4095,0.0,39.6,0.0,EXT-OPEN-METEO-KHI,KARACHI,OPENSOURCE_API_GRID,1273,,,,0.95,True,True,TIER2_OPENSOURCE_PURE;CONTINUOUS_MINUTE_STREAM;VERIFIED_MODEL_GRID,3e08ca9da5e7d9ff7b449ce9396cbed4d90c090365ebbf455cb8930dff904a5e,2026-09-17T21:12:00+00:00,2026-09-18 02:12:00,91.1,1006.3,74
11.6,17.0,48.2,1054.0,306.0,47.6,5.9,3.9,1.0,445.0,142.9,10.2,5.6,36.1,26.8,25.22,False,4095,0.0,39.9,0.0,EXT-OPEN-METEO-KHI,KARACHI,OPENSOURCE_API_GRID,1274,,,,0.95,True,True,TIER2_OPENSOURCE_PURE;CONTINUOUS_MINUTE_STREAM;VERIFIED_MODEL_GRID,a29e03164881d1fb10ab3471bf0568130c29cc752733844448d760be72778c6d,2026-09-17T21:13:00+00:00,2026-09-18 02:13:00,91.1,1006.3,74
11.6,17.0,48.2,1054.0,306.0,47.6,5.9,3.9,1.0,445.0,142.7,10.2,5.6,36.1,26.8,25.22,False,4095,0.0,40.2,0.0,EXT-OPEN-METEO-KHI,KARACHI,OPENSOURCE_API_GRID,1275,,,,0.95,True,True,TIER2_OPENSOURCE_PURE;CONTINUOUS_MINUTE_STREAM;VERIFIED_MODEL_GRID,9681f48d44f5c639b492b5e7e0cebb4cbd4d7b925d2a0d8e0e2c34fb93ee0ed0,2026-09-17T21:14:00+00:00,2026-09-18 02:14:00,91.1,1006.3,74
11.6,17.0,48.2,1054.0,306.0,47.6,5.9,3.9,1.0,445.0,142.5,10.2,5.6,36.1,26.8,25.22,False,4095,0.0,40.5,0.0,EXT-OPEN-METEO-KHI,KARACHI,OPENSOURCE_API_GRID,1276,,,,0.95,True,True,TIER2_OPENSOURCE_PURE;CONTINUOUS_MINUTE_STREAM;VERIFIED_MODEL_GRID,9f11afa3384066dc58ab48eeefa3d1a25f551cfc8305239f54f145ad26a238ea,2026-09-17T21:15:00+00:00,2026-09-18 02:15:00,91.1,1006.3,74
11.6,17.0,48.2,1054.0,306.0,47.6,5.9,3.9,1.0,445.0,142.3,10.1,5.6,36.2,26.8,25.22,False,4095,0.0,40.8,0.0,EXT-OPEN-METEO-KHI,KARACHI,OPENSOURCE_API_GRID,1277,,,,0.95,True,True,TIER2_OPENSOURCE_PURE;CONTINUOUS_MINUTE_STREAM;VERIFIED_MODEL_GRID,74c2dc81d5045fa0a662264bddd18d947098587046ec37c14bdfe6fa0e8e4ff4,2026-09-17T21:16:00+00:00,2026-09-18 02:16:00,91.1,1006.3,74
11.6,17.0,48.2,1054.0,306.0,47.6,5.9,3.9,1.0,445.0,142.1,10.1,5.6,36.2,26.8,25.22,False,4095,0.0,41.2,0.0,EXT-OPEN-METEO-KHI,KARACHI,OPENSOURCE_API_GRID,1278,,,,0.95,True,True,TIER2_OPENSOURCE_PURE;CONTINUOUS_MINUTE_STREAM;VERIFIED_MODEL_GRID,0139ff7251b7c740236922dc22d034a9eab956ddeeaec30b5103520cff9bcc28,2026-09-17T21:17:00+00:00,2026-09-18 02:17:00,91.1,1006.3,74
11.6,17.0,48.2,1054.0,306.0,47.6,5.9,3.9,1.0,445.0,141.9,10.1,5.6,36.2,26.8,25.22,False,4095,0.0,41.5,0.0,EXT-OPEN-METEO-KHI,KARACHI,OPENSOURCE_API_GRID,1279,,,,0.95,True,True,TIER2_OPENSOURCE_PURE;CONTINUOUS_MINUTE_STREAM;VERIFIED_MODEL_GRID,5959a5c1436b974eef9fb6925ad0413d6b31a6278d4e7d24e4e89300d14db181,2026-09-17T21:18:00+00:00,2026-09-18 02:18:00,91.1,1006.3,74
11.6,17.0,48.1,1054.0,306.0,47.6,5.9,3.8,1.0,445.0,141.7,10.0,5.6,36.2,26.8,25.21,False,4095,0.0,41.9,0.0,EXT-OPEN-METEO-KHI,KARACHI,OPENSOURCE_API_GRID,1280,,,,0.95,True,True,TIER2_OPENSOURCE_PURE;CONTINUOUS_MINUTE_STREAM;VERIFIED_MODEL_GRID,eaba11c1feb56e6555b5ef882474428bb9e8345eb921276b779ae559b89b99c5,2026-09-17T21:19:00+00:00,2026-09-18 02:19:00,91.0,1006.3,74
11.5,16.9,48.0,1047.8,304.2,47.3,5.9,3.8,1.0,445.0,141.5,10.0,5.5,36.2,26.8,25.21,False,4095,0.0,42.2,0.0,EXT-OPEN-METEO-KHI,KARACHI,OPENSOURCE_API_GRID,1281,,,,0.95,True,True,TIER2_OPENSOURCE_PURE;CONTINUOUS_MINUTE_STREAM;VERIFIED_MODEL_GRID,438e363313fb7be899f80f292201fbe17fc12de501123f04f4e64ed857bc4b36,2026-09-17T21:20:00+00:00,2026-09-18 02:20:00,91.0,1006.3,74
11.5,16.9,48.0,1047.8,304.2,47.3,5.9,3.8,1.0,445.0,141.3,10.0,5.5,36.3,26.8,25.21,False,4095,0.0,42.6,0.0,EXT-OPEN-METEO-KHI,KARACHI,OPENSOURCE_API_GRID,1282,,,,0.95,True,True,TIER2_OPENSOURCE_PURE;CONTINUOUS_MINUTE_STREAM;VERIFIED_MODEL_GRID,87a12274da67683105de96d64b654b9ad92a0258d2df4ca83edbfcf3307ed7a2,2026-09-17T21:21:00+00:00,2026-09-18 02:21:00,91.0,1006.3,74
11.4,16.8,47.9,1041.6,302.4,47.0,5.9,3.8,1.0,445.0,141.0,9.9,5.5,36.3,26.8,25.21,False,4095,0.0,43.0,0.0,EXT-OPEN-METEO-KHI,KARACHI,OPENSOURCE_API_GRID,1283,,,,0.95,True,True,TIER2_OPENSOURCE_PURE;CONTINUOUS_MINUTE_STREAM;VERIFIED_MODEL_GRID,8f7fb12b9f63abb0a755da8b88c65d806efd855e21364ebc28b465cb1950cfee,2026-09-17T21:22:00+00:00,2026-09-18 02:22:00,91.0,1006.3,74
11.4,16.8,47.8,1041.6,302.4,47.0,5.9,3.8,1.0,445.0,140.8,9.9,5.5,36.3,26.8,25.19,False,4095,0.0,43.5,0.0,EXT-OPEN-METEO-KHI,KARACHI,OPENSOURCE_API_GRID,1284,,,,0.95,True,True,TIER2_OPENSOURCE_PURE;CONTINUOUS_MINUTE_STREAM;VERIFIED_MODEL_GRID,ca6bb95390b2dd2a5c1e9ecc2ba45d95dd2eb39bcbc7975cf3fe453414c0a51c,2026-09-17T21:23:00+00:00,2026-09-18 02:23:00,90.9,1006.3,74
11.4,16.7,47.6,1035.4,300.6,46.8,5.8,3.8,1.0,445.0,140.5,9.8,5.5,36.3,26.8,25.19,False,4095,0.0,43.9,0.0,EXT-OPEN-METEO-KHI,KARACHI,OPENSOURCE_API_GRID,1285,,,,0.95,True,True,TIER2_OPENSOURCE_PURE;CONTINUOUS_MINUTE_STREAM;VERIFIED_MODEL_GRID,41ddc7f8c8caaa510a49868aa5eddd6beec64c8b0db20c8b9dd0289deb36108f,2026-09-17T21:24:00+00:00,2026-09-18 02:24:00,90.9,1006.3,74
11.3,16.6,47.5,1029.2,298.8,46.5,5.8,3.8,1.0,445.0,140.3,9.8,5.5,36.4,26.8,25.19,False,4095,0.0,44.3,0.0,EXT-OPEN-METEO-KHI,KARACHI,OPENSOURCE_API_GRID,1286,,,,0.95,True,True,TIER2_OPENSOURCE_PURE;CONTINUOUS_MINUTE_STREAM;VERIFIED_MODEL_GRID,6a82f973fe1fde629e88c26b0ff35365a311453fb63d2a851d1e137a33d0cccd,2026-09-17T21:25:00+00:00,2026-09-18 02:25:00,90.9,1006.2,74
11.3,16.6,47.4,1029.2,298.8,46.5,5.8,3.8,0.9,445.0,140.0,9.8,5.5,36.4,26.8,25.19,False,4095,0.0,44.7,0.0,EXT-OPEN-METEO-KHI,KARACHI,OPENSOURCE_API_GRID,1287,,,,0.95,True,True,TIER2_OPENSOURCE_PURE;CONTINUOUS_MINUTE_STREAM;VERIFIED_MODEL_GRID,c30016f65524e1311aa752ce2dc039b95429dae1a680f26d6d0a82b504a843ed,2026-09-17T21:26:00+00:00,2026-09-18 02:26:00,90.9,1006.2,74
11.2,16.5,47.3,1023.0,297.0,46.2,5.8,3.8,0.9,445.0,139.8,9.7,5.5,36.4,26.8,25.19,False,4095,0.0,45.2,0.0,EXT-OPEN-METEO-KHI,KARACHI,OPENSOURCE_API_GRID,1288,,,,0.95,True,True,TIER2_OPENSOURCE_PURE;CONTINUOUS_MINUTE_STREAM;VERIFIED_MODEL_GRID,f261694ba68349409d38efe99fb787a87d527ad61b6a1862d09f360eb9fadefa,2026-09-17T21:27:00+00:00,2026-09-18 02:27:00,90.9,1006.2,74
11.2,16.4,47.2,1016.8,295.2,45.9,5.7,3.8,0.9,445.0,139.5,9.7,5.5,36.4,26.7,25.09,False,4095,0.0,45.6,0.0,EXT-OPEN-METEO-KHI,KARACHI,OPENSOURCE_API_GRID,1289,,,,0.95,True,True,TIER2_OPENSOURCE_PURE;CONTINUOUS_MINUTE_STREAM;VERIFIED_MODEL_GRID,c0696633dcca745c01f4bcff63c8dd214fdb585c6ace7a2383485fcc9e20139e,2026-09-17T21:28:00+00:00,2026-09-18 02:28:00,90.9,1006.2,74
11.2,16.4,47.1,1016.8,295.2,45.9,5.7,3.8,0.9,445.0,139.3,9.6,5.5,36.5,26.7,25.09,False,4095,0.0,46.1,0.0,EXT-OPEN-METEO-KHI,KARACHI,OPENSOURCE_API_GRID,1290,,,,0.95,True,True,TIER2_OPENSOURCE_PURE;CONTINUOUS_MINUTE_STREAM;VERIFIED_MODEL_GRID,725e4c1ee8194d725c1b46f8451411b78135f8a6a70ddf89f1086587d2cfc933,2026-09-17T21:29:00+00:00,2026-09-18 02:29:00,90.9,1006.2,74
11.1,16.3,47.0,1010.6,293.4,45.6,5.7,3.8,0.9,445.0,139.0,9.6,5.5,36.5,26.7,25.09,False,4095,0.0,46.5,0.0,EXT-OPEN-METEO-KHI,KARACHI,OPENSOURCE_API_GRID,1291,,,,0.95,True,True,TIER2_OPENSOURCE_PURE;CONTINUOUS_MINUTE_STREAM;VERIFIED_MODEL_GRID,fb3835fa6a591f6f8f62d6407bf984b32256b04a48615e47320b088c5d80e7cc,2026-09-17T21:30:00+00:00,2026-09-18 02:30:00,90.9,1006.2,74
11.1,16.3,46.9,1010.6,293.4,45.6,5.7,3.8,0.9,445.0,138.7,9.6,5.5,36.5,26.7,25.09,False,4095,0.0,46.9,0.0,EXT-OPEN-METEO-KHI,KARACHI,OPENSOURCE_API_GRID,1292,,,,0.95,True,True,TIER2_OPENSOURCE_PURE;CONTINUOUS_MINUTE_STREAM;VERIFIED_MODEL_GRID,e395f4a12e3e5add69334c9d49b0ef82e7d10f4eac1f3fd50b3016a6f51b7bbb,2026-09-17T21:31:00+00:00,2026-09-18 02:31:00,90.9,1006.2,74
11.0,16.2,46.8,1004.4,291.6,45.4,5.7,3.7,0.9,445.0,138.5,9.5,5.5,36.6,26.7,25.09,False,4095,0.0,47.4,0.0,EXT-OPEN-METEO-KHI,KARACHI,OPENSOURCE_API_GRID,1293,,,,0.95,True,True,TIER2_OPENSOURCE_PURE;CONTINUOUS_MINUTE_STREAM;VERIFIED_MODEL_GRID,2df4df0b568789434d7212742ae38fd5323cbdaf28323b29949e796ba616f0e9,2026-09-17T21:32:00+00:00,2026-09-18 02:32:00,90.9,1006.2,74
11.0,16.2,46.8,1004.4,291.6,45.4,5.7,3.7,0.9,445.0,138.2,9.5,5.5,36.6,26.7,25.09,False,4095,0.0,47.8,0.0,EXT-OPEN-METEO-KHI,KARACHI,OPENSOURCE_API_GRID,1294,,,,0.95,True,True,TIER2_OPENSOURCE_PURE;CONTINUOUS_MINUTE_STREAM;VERIFIED_MODEL_GRID,4033d6d1c132bb204660db0f7273ec0ec43f12404d157ef0320d6476084836d3,2026-09-17T21:33:00+00:00,2026-09-18 02:33:00,90.9,1006.2,74
11.0,16.2,46.8,1004.4,291.6,45.4,5.7,3.7,0.9,445.0,138.0,9.4,5.5,36.6,26.7,25.09,False,4095,0.0,48.3,0.0,EXT-OPEN-METEO-KHI,KARACHI,OPENSOURCE_API_GRID,1295,,,,0.95,True,True,TIER2_OPENSOURCE_PURE;CONTINUOUS_MINUTE_STREAM;VERIFIED_MODEL_GRID,bf1975177b1b1e992c5b3212c2277998112e44fa4316448fae099799548be224,2026-09-17T21:34:00+00:00,2026-09-18 02:34:00,90.9,1006.2,74
11.0,16.2,46.7,1004.4,291.6,45.4,5.7,3.7,0.9,445.0,137.7,9.4,5.5,36.6,26.7,25.09,False,4095,0.0,48.7,0.0,EXT-OPEN-METEO-KHI,KARACHI,OPENSOURCE_API_GRID,1296,,,,0.95,True,True,TIER2_OPENSOURCE_PURE;CONTINUOUS_MINUTE_STREAM;VERIFIED_MODEL_GRID,07851b79899297b17f106e627bb6b99d3c9581d2977312400f66e92d82b3303e,2026-09-17T21:35:00+00:00,2026-09-18 02:35:00,90.9,1006.2,74
11.0,16.2,46.7,1004.4,291.6,45.4,5.7,3.7,0.9,445.0,137.5,9.4,5.5,36.7,26.7,25.09,False,4095,0.0,49.1,0.0,EXT-OPEN-METEO-KHI,KARACHI,OPENSOURCE_API_GRID,1297,,,,0.95,True,True,TIER2_OPENSOURCE_PURE;CONTINUOUS_MINUTE_STREAM;VERIFIED_MODEL_GRID,7ee4a977501be8607744cede32dfd9cd6c4b013c18637cb7ad649af7af2533b3,2026-09-17T21:36:00+00:00,2026-09-18 02:36:00,90.9,1006.2,74
11.0,16.2,46.7,1004.4,291.6,45.4,5.7,3.7,0.9,445.0,137.2,9.3,5.5,36.7,26.7,25.09,False,4095,0.0,49.5,0.0,EXT-OPEN-METEO-KHI,KARACHI,OPENSOURCE_API_GRID,1298,,,,0.95,True,True,TIER2_OPENSOURCE_PURE;CONTINUOUS_MINUTE_STREAM;VERIFIED_MODEL_GRID,147710733ca29ba87613a15c2b3f030c54c8bab92e73e1e1b5ea928a42f8236a,2026-09-17T21:37:00+00:00,2026-09-18 02:37:00,90.9,1006.2,74
11.0,16.2,46.7,1004.4,291.6,45.4,5.7,3.7,0.9,445.0,137.0,9.3,5.5,36.7,26.7,25.11,False,4095,0.0,50.0,0.0,EXT-OPEN-METEO-KHI,KARACHI,OPENSOURCE_API_GRID,1299,,,,0.95,True,True,TIER2_OPENSOURCE_PURE;CONTINUOUS_MINUTE_STREAM;VERIFIED_MODEL_GRID,f1da3b41ef8a15e8da975192a18815cb3267c2487e34e697479c175ee0783dad,2026-09-17T21:38:00+00:00,2026-09-18 02:38:00,91.0,1006.2,74
11.1,16.3,46.8,1010.6,293.4,45.6,5.7,3.7,0.9,445.0,136.7,9.2,5.5,36.7,26.7,25.11,False,4095,0.0,50.4,0.0,EXT-OPEN-METEO-KHI,KARACHI,OPENSOURCE_API_GRID,1300,,,,0.95,True,True,TIER2_OPENSOURCE_PURE;CONTINUOUS_MINUTE_STREAM;VERIFIED_MODEL_GRID,5a086216e89947548de995f8f96ceabc63ee083aac010eb88bc807ef3974a862,2026-09-17T21:39:00+00:00,2026-09-18 02:39:00,91.0,1006.1,74
11.1,16.3,46.8,1010.6,293.4,45.6,5.7,3.7,0.9,445.0,136.5,9.2,5.5,36.8,26.7,25.11,False,4095,0.0,50.8,0.0,EXT-OPEN-METEO-KHI,KARACHI,OPENSOURCE_API_GRID,1301,,,,0.95,True,True,TIER2_OPENSOURCE_PURE;CONTINUOUS_MINUTE_STREAM;VERIFIED_MODEL_GRID,4841131f79f67ed91998155d243744f017570e45629852ff29d428c1961d3597,2026-09-17T21:40:00+00:00,2026-09-18 02:40:00,91.0,1006.1,74
11.1,16.3,46.8,1010.6,293.4,45.6,5.7,3.7,0.9,445.0,136.3,9.2,5.4,36.8,26.7,25.11,False,4095,0.0,51.1,0.0,EXT-OPEN-METEO-KHI,KARACHI,OPENSOURCE_API_GRID,1302,,,,0.95,True,True,TIER2_OPENSOURCE_PURE;CONTINUOUS_MINUTE_STREAM;VERIFIED_MODEL_GRID,0572eb57c105a83549e0a5b9959d1611f7fe0f21410cfbf171229191b3445631,2026-09-17T21:41:00+00:00,2026-09-18 02:41:00,91.0,1006.1,74
11.0,16.2,46.6,1004.4,291.6,45.4,5.7,3.7,0.9,445.0,136.1,9.1,5.4,36.8,26.7,25.14,False,4095,0.0,51.5,0.0,EXT-OPEN-METEO-KHI,KARACHI,OPENSOURCE_API_GRID,1303,,,,0.95,True,True,TIER2_OPENSOURCE_PURE;CONTINUOUS_MINUTE_STREAM;VERIFIED_MODEL_GRID,8843a7e5589d43f78949108b9d1e2053bcdd53dcd03c5d64cccfb504b0258ebd,2026-09-17T21:42:00+00:00,2026-09-18 02:42:00,91.2,1006.1,74
11.0,16.2,46.7,1004.4,291.6,45.4,5.7,3.7,0.9,445.0,135.9,9.1,5.4,36.8,26.7,25.13,False,4095,0.0,51.8,0.0,EXT-OPEN-METEO-KHI,KARACHI,OPENSOURCE_API_GRID,1304,,,,0.95,True,True,TIER2_OPENSOURCE_PURE;CONTINUOUS_MINUTE_STREAM;VERIFIED_MODEL_GRID,45ea5f0f4394dc315524f898428e6f9907f4bcc7a4c4a0eb2780af72f997692a,2026-09-17T21:43:00+00:00,2026-09-18 02:43:00,91.1,1006.1,74
11.1,16.3,46.7,1010.6,293.4,45.6,5.7,3.7,0.9,445.0,135.7,9.1,5.4,36.8,26.7,25.13,False,4095,0.0,52.2,0.0,EXT-OPEN-METEO-KHI,KARACHI,OPENSOURCE_API_GRID,1305,,,,0.95,True,True,TIER2_OPENSOURCE_PURE;CONTINUOUS_MINUTE_STREAM;VERIFIED_MODEL_GRID,bbf0f9e6edd2bfc03e4acde7945217edb320535dd212c618c3b1c92b79e2fec3,2026-09-17T21:44:00+00:00,2026-09-18 02:44:00,91.1,1006.1,74
11.1,16.3,46.7,1010.6,293.4,45.6,5.7,3.7,0.9,445.0,135.5,9.0,5.4,36.9,26.7,25.13,False,4095,0.0,52.5,0.0,EXT-OPEN-METEO-KHI,KARACHI,OPENSOURCE_API_GRID,1306,,,,0.95,True,True,TIER2_OPENSOURCE_PURE;CONTINUOUS_MINUTE_STREAM;VERIFIED_MODEL_GRID,f89181de8a2c8c447c81827d58a7eb81495520715b54214bde0fae56b466d35f,2026-09-17T21:45:00+00:00,2026-09-18 02:45:00,91.1,1006.1,74
11.1,16.3,46.7,1010.6,293.4,45.6,5.7,3.7,0.9,445.0,135.3,9.0,5.4,36.9,26.7,25.13,False,4095,0.0,52.8,0.0,EXT-OPEN-METEO-KHI,KARACHI,OPENSOURCE_API_GRID,1307,,,,0.95,True,True,TIER2_OPENSOURCE_PURE;CONTINUOUS_MINUTE_STREAM;VERIFIED_MODEL_GRID,53699bcea11c145795b0f36c73c8cde148b79055ddbf23e1fb50cba1384bfa9e,2026-09-17T21:46:00+00:00,2026-09-18 02:46:00,91.1,1006.1,74
11.1,16.3,46.7,1010.6,293.4,45.6,5.7,3.7,0.9,445.0,135.1,9.0,5.4,36.9,26.8,25.22,False,4095,0.0,53.1,0.0,EXT-OPEN-METEO-KHI,KARACHI,OPENSOURCE_API_GRID,1308,,,,0.95,True,True,TIER2_OPENSOURCE_PURE;CONTINUOUS_MINUTE_STREAM;VERIFIED_MODEL_GRID,372fd6aa484fb0d3d14372e5f63c74db0ebcddb13508427895cd18daae06b502,2026-09-17T21:47:00+00:00,2026-09-18 02:47:00,91.1,1006.1,74
11.1,16.3,46.7,1010.6,293.4,45.6,5.7,3.7,0.9,445.0,135.0,9.0,5.4,36.9,26.8,25.22,False,4095,0.0,53.4,0.0,EXT-OPEN-METEO-KHI,KARACHI,OPENSOURCE_API_GRID,1309,,,,0.95,True,True,TIER2_OPENSOURCE_PURE;CONTINUOUS_MINUTE_STREAM;VERIFIED_MODEL_GRID,61edec6be4cccd5d1676448eb12abcd55ae5e36d75a7d903a8b8f78f1690f1aa,2026-09-17T21:48:00+00:00,2026-09-18 02:48:00,91.1,1006.1,74
11.1,16.3,46.7,1010.6,293.4,45.6,5.7,3.7,0.9,445.0,134.8,8.9,5.4,36.9,26.8,25.22,False,4095,0.0,53.6,0.0,EXT-OPEN-METEO-KHI,KARACHI,OPENSOURCE_API_GRID,1310,,,,0.95,True,True,TIER2_OPENSOURCE_PURE;CONTINUOUS_MINUTE_STREAM;VERIFIED_MODEL_GRID,00a50a0edaa850b136c90125189534fe82236117e43641ccc09a8769fefd3c7e,2026-09-17T21:49:00+00:00,2026-09-18 02:49:00,91.1,1006.1,74
11.1,16.3,46.6,1010.6,293.4,45.6,5.7,3.7,0.9,445.0,134.7,8.9,5.4,36.9,26.8,25.21,False,4095,0.0,53.9,0.0,EXT-OPEN-METEO-KHI,KARACHI,OPENSOURCE_API_GRID,1311,,,,0.95,True,True,TIER2_OPENSOURCE_PURE;CONTINUOUS_MINUTE_STREAM;VERIFIED_MODEL_GRID,5ddd6c509b5204bb87d7150566141968bb121102de59300a1a11bab8405fb953,2026-09-17T21:50:00+00:00,2026-09-18 02:50:00,91.0,1006.1,74
11.0,16.2,46.6,1004.4,291.6,45.4,5.7,3.7,0.9,445.0,134.5,8.9,5.4,36.9,26.8,25.21,False,4095,0.0,54.1,0.0,EXT-OPEN-METEO-KHI,KARACHI,OPENSOURCE_API_GRID,1312,,,,0.95,True,True,TIER2_OPENSOURCE_PURE;CONTINUOUS_MINUTE_STREAM;VERIFIED_MODEL_GRID,3723a8e06bb2ad3ea1119cc06079799b05c48d98adf9610a7e275ac4b0b5ad75,2026-09-17T21:51:00+00:00,2026-09-18 02:51:00,91.0,1006.1,74
11.0,16.2,46.5,1004.4,291.6,45.4,5.7,3.7,0.9,445.0,134.4,8.9,5.4,37.0,26.7,25.11,False,4095,0.0,54.3,0.0,EXT-OPEN-METEO-KHI,KARACHI,OPENSOURCE_API_GRID,1313,,,,0.95,True,True,TIER2_OPENSOURCE_PURE;CONTINUOUS_MINUTE_STREAM;VERIFIED_MODEL_GRID,18e2bb0711bc9b1bd2b46268cc92c528c4b7eb9c07647c1c21d45678d650d5bf,2026-09-17T21:52:00+00:00,2026-09-18 02:52:00,91.0,1006.1,74
11.0,16.2,46.5,1004.4,291.6,45.4,5.7,3.7,0.9,445.0,134.3,8.9,5.4,37.0,26.7,25.11,False,4095,0.0,54.4,0.0,EXT-OPEN-METEO-KHI,KARACHI,OPENSOURCE_API_GRID,1314,,,,0.95,True,True,TIER2_OPENSOURCE_PURE;CONTINUOUS_MINUTE_STREAM;VERIFIED_MODEL_GRID,193ff66979b93f6c62e23703a38e88971d7ad9029ce61efb81a8541c42d82e62,2026-09-17T21:53:00+00:00,2026-09-18 02:53:00,91.0,1006.1,74
10.9,16.1,46.4,998.2,289.8,45.1,5.6,3.7,0.9,445.0,134.2,8.8,5.4,37.0,26.7,25.09,False,4095,0.0,54.6,0.0,EXT-OPEN-METEO-KHI,KARACHI,OPENSOURCE_API_GRID,1315,,,,0.95,True,True,TIER2_OPENSOURCE_PURE;CONTINUOUS_MINUTE_STREAM;VERIFIED_MODEL_GRID,9982f505008500f8c0a5d05ead2498029f552a67b61e75c851defb7d79caa787,2026-09-17T21:54:00+00:00,2026-09-18 02:54:00,90.9,1006.1,74
10.9,16.1,46.3,998.2,289.8,45.1,5.6,3.7,0.9,445.0,134.2,8.8,5.4,37.0,26.7,25.09,False,4095,0.0,54.7,0.0,EXT-OPEN-METEO-KHI,KARACHI,OPENSOURCE_API_GRID,1316,,,,0.95,True,True,TIER2_OPENSOURCE_PURE;CONTINUOUS_MINUTE_STREAM;VERIFIED_MODEL_GRID,2772190195f2b30d121cb697c47ff0d84445a3a1f3d68210f64a70d56d72686a,2026-09-17T21:55:00+00:00,2026-09-18 02:55:00,90.9,1006.1,74
10.9,16.0,46.2,992.0,288.0,44.8,5.6,3.7,0.9,445.0,134.1,8.8,5.4,37.0,26.7,25.09,False,4095,0.0,54.8,0.0,EXT-OPEN-METEO-KHI,KARACHI,OPENSOURCE_API_GRID,1317,,,,0.95,True,True,TIER2_OPENSOURCE_PURE;CONTINUOUS_MINUTE_STREAM;VERIFIED_MODEL_GRID,434b7ef414b4d54fc0ada3ae3ec9c1a021c7a186e995572e5f35bf834a185921,2026-09-17T21:56:00+00:00,2026-09-18 02:56:00,90.9,1006.1,74
10.9,16.0,46.2,992.0,288.0,44.8,5.6,3.7,0.9,445.0,134.1,8.8,5.4,37.0,26.7,25.09,False,4095,0.0,54.9,0.0,EXT-OPEN-METEO-KHI,KARACHI,OPENSOURCE_API_GRID,1318,,,,0.95,True,True,TIER2_OPENSOURCE_PURE;CONTINUOUS_MINUTE_STREAM;VERIFIED_MODEL_GRID,295f57954964f50396ce8cacb17473e981078cdc43fc3860ff96591e5cdf30ee,2026-09-17T21:57:00+00:00,2026-09-18 02:57:00,90.9,1006.1,74
10.8,15.9,46.1,985.8,286.2,44.5,5.6,3.7,0.9,445.0,134.0,8.8,5.4,37.0,26.7,25.09,False,4095,0.0,55.0,0.0,EXT-OPEN-METEO-KHI,KARACHI,OPENSOURCE_API_GRID,1319,,,,0.95,True,True,TIER2_OPENSOURCE_PURE;CONTINUOUS_MINUTE_STREAM;VERIFIED_MODEL_GRID,5dc7c2ec56818809e724410ee27a0916eb8a3cc21c76f5da69f2f887aba96dff,2026-09-17T21:58:00+00:00,2026-09-18 02:58:00,90.9,1006.1,74
10.8,15.9,46.0,985.8,286.2,44.5,5.6,3.7,0.9,445.0,134.0,8.8,5.4,37.0,26.7,25.09,False,4095,0.0,55.0,0.0,EXT-OPEN-METEO-KHI,KARACHI,OPENSOURCE_API_GRID,1320,,,,0.95,True,True,TIER2_OPENSOURCE_PURE;CONTINUOUS_MINUTE_STREAM;VERIFIED_MODEL_GRID,4e5e8379ab9ea5ef5401023ff0a5cf7cf4c2363e9bc0e93a1373b63ed8502e00,2026-09-17T21:59:00+00:00,2026-09-18 02:59:00,90.9,1006.1,74
10.7,15.8,46.0,979.6,284.4,44.2,5.5,3.7,0.9,445.0,134.0,8.8,5.4,37.0,26.7,25.09,False,4095,0.0,55.0,0.0,EXT-OPEN-METEO-KHI,KARACHI,OPENSOURCE_API_GRID,1321,,,,0.95,True,False,TIER2_OPENSOURCE_PURE;HOURLY_NODE;VERIFIED_MODEL_GRID,bb4c842299cb8776a30a1ced6cada72b1afa23cbf2f81a2a6c15c88ed9a030c1,2026-09-17T22:00:00+00:00,2026-09-18 03:00:00,90.9,1006.1,73
10.7,15.8,45.9,979.6,284.4,44.2,5.5,3.7,0.9,445.0,134.0,8.8,5.4,37.0,26.7,25.07,False,4095,0.0,55.0,0.0,EXT-OPEN-METEO-KHI,KARACHI,OPENSOURCE_API_GRID,1322,,,,0.95,True,True,TIER2_OPENSOURCE_PURE;CONTINUOUS_MINUTE_STREAM;VERIFIED_MODEL_GRID,cecb90211e10c9ca4e077eafed86bb92b422818b9977a378fd17703fc02c93b4,2026-09-17T22:01:00+00:00,2026-09-18 03:01:00,90.8,1006.1,73
10.7,15.8,45.9,979.6,284.4,44.2,5.5,3.7,0.9,445.0,134.0,8.8,5.4,37.0,26.7,25.09,False,4095,0.0,55.0,0.0,EXT-OPEN-METEO-KHI,KARACHI,OPENSOURCE_API_GRID,1323,,,,0.95,True,True,TIER2_OPENSOURCE_PURE;CONTINUOUS_MINUTE_STREAM;VERIFIED_MODEL_GRID,3bde078f0d3914ca9d553882e70574f5cdebf7f82684a1a07c724cce9527d704,2026-09-17T22:02:00+00:00,2026-09-18 03:02:00,90.9,1006.1,73
10.7,15.8,45.9,979.6,284.4,44.2,5.5,3.7,0.9,445.0,134.0,8.8,5.4,37.0,26.7,25.09,False,4095,0.0,54.9,0.0,EXT-OPEN-METEO-KHI,KARACHI,OPENSOURCE_API_GRID,1324,,,,0.95,True,True,TIER2_OPENSOURCE_PURE;CONTINUOUS_MINUTE_STREAM;VERIFIED_MODEL_GRID,140f9c5e1283bf627c57de67be8dd5824e4d8387c0896ea3d9622dc449828f5d,2026-09-17T22:03:00+00:00,2026-09-18 03:03:00,90.9,1006.1,73
10.7,15.8,45.8,979.6,284.4,44.2,5.5,3.7,0.9,445.0,134.0,8.8,5.4,37.0,26.7,25.09,False,4095,0.0,54.9,0.0,EXT-OPEN-METEO-KHI,KARACHI,OPENSOURCE_API_GRID,1325,,,,0.95,True,True,TIER2_OPENSOURCE_PURE;CONTINUOUS_MINUTE_STREAM;VERIFIED_MODEL_GRID,6f1e5bf651f984471673d1fae2900947adb54d5676e97015118b5a65080b5db9,2026-09-17T22:04:00+00:00,2026-09-18 03:04:00,90.9,1006.1,73
10.7,15.8,45.8,979.6,284.4,44.2,5.5,3.7,0.9,445.0,134.0,8.8,5.4,37.0,26.7,25.09,False,4095,0.0,54.8,0.0,EXT-OPEN-METEO-KHI,KARACHI,OPENSOURCE_API_GRID,1326,,,,0.95,True,True,TIER2_OPENSOURCE_PURE;CONTINUOUS_MINUTE_STREAM;VERIFIED_MODEL_GRID,51dc20661d845caa89175b37b10726219fb05ae280b8fca9ab6c43de7050b0a1,2026-09-17T22:05:00+00:00,2026-09-18 03:05:00,90.9,1006.1,73
10.7,15.8,45.8,979.6,284.4,44.2,5.5,3.7,0.9,445.0,134.0,8.8,5.4,37.0,26.7,25.09,False,4095,0.0,54.8,0.0,EXT-OPEN-METEO-KHI,KARACHI,OPENSOURCE_API_GRID,1327,,,,0.95,True,True,TIER2_OPENSOURCE_PURE;CONTINUOUS_MINUTE_STREAM;VERIFIED_MODEL_GRID,eb509633127e80a61734814bf920d69ef5dd3ddca4d02c2c155713b530bc045d,2026-09-17T22:06:00+00:00,2026-09-18 03:06:00,90.9,1006.1,73
10.7,15.8,45.8,979.6,284.4,44.2,5.5,3.7,0.9,445.0,134.0,8.8,5.4,37.0,26.7,25.09,False,4095,0.0,54.7,0.0,EXT-OPEN-METEO-KHI,KARACHI,OPENSOURCE_API_GRID,1328,,,,0.95,True,True,TIER2_OPENSOURCE_PURE;CONTINUOUS_MINUTE_STREAM;VERIFIED_MODEL_GRID,9a5aa0871c28ea1e156bc898fe6a45327baf73df71065eca0e650d6e9d33d233,2026-09-17T22:07:00+00:00,2026-09-18 03:07:00,90.9,1006.1,73
10.7,15.8,45.8,979.6,284.4,44.2,5.5,3.7,0.9,445.0,134.0,8.8,5.4,37.0,26.7,25.09,False,4095,0.0,54.6,0.0,EXT-OPEN-METEO-KHI,KARACHI,OPENSOURCE_API_GRID,1329,,,,0.95,True,True,TIER2_OPENSOURCE_PURE;CONTINUOUS_MINUTE_STREAM;VERIFIED_MODEL_GRID,a9df155e1ef5e32809886888d34a0c9e10e1953e5e79be4d3a27555940c06b8b,2026-09-17T22:08:00+00:00,2026-09-18 03:08:00,90.9,1006.1,73
10.8,15.9,45.8,985.8,286.2,44.5,5.6,3.7,0.9,445.0,133.9,8.7,5.4,37.0,26.7,25.09,False,4095,0.0,54.5,0.0,EXT-OPEN-METEO-KHI,KARACHI,OPENSOURCE_API_GRID,1330,,,,0.95,True,True,TIER2_OPENSOURCE_PURE;CONTINUOUS_MINUTE_STREAM;VERIFIED_MODEL_GRID,9bebd555c789a99c6bffee87bdd0193106bd20836cf7ca63daf947ab7a8e2295,2026-09-17T22:09:00+00:00,2026-09-18 03:09:00,90.9,1006.1,73
10.8,15.9,45.7,985.8,286.2,44.5,5.6,3.7,0.9,445.0,133.9,8.7,5.4,37.0,26.7,25.09,False,4095,0.0,54.4,0.0,EXT-OPEN-METEO-KHI,KARACHI,OPENSOURCE_API_GRID,1331,,,,0.95,True,True,TIER2_OPENSOURCE_PURE;CONTINUOUS_MINUTE_STREAM;VERIFIED_MODEL_GRID,96be604797c8a5987863928d9e3236442b2493d42aad0fcb59e638aacef5f4a3,2026-09-17T22:10:00+00:00,2026-09-18 03:10:00,90.9,1006.1,73
10.8,15.9,45.7,985.8,286.2,44.5,5.6,3.7,0.9,445.0,133.9,8.7,5.4,37.0,26.7,25.09,False,4095,0.0,54.3,0.0,EXT-OPEN-METEO-KHI,KARACHI,OPENSOURCE_API_GRID,1332,,,,0.95,True,True,TIER2_OPENSOURCE_PURE;CONTINUOUS_MINUTE_STREAM;VERIFIED_MODEL_GRID,f2e12be2ce5f4fdd79b60e2bf7445acc00848ee64a3d2ea56f77fd4dd47e7799,2026-09-17T22:11:00+00:00,2026-09-18 03:11:00,90.9,1006.1,73
10.8,15.9,45.7,985.8,286.2,44.5,5.6,3.7,0.9,445.0,133.9,8.7,5.4,37.0,26.7,25.09,False,4095,0.0,54.1,0.0,EXT-OPEN-METEO-KHI,KARACHI,OPENSOURCE_API_GRID,1333,,,,0.95,True,True,TIER2_OPENSOURCE_PURE;CONTINUOUS_MINUTE_STREAM;VERIFIED_MODEL_GRID,57e30da8f61fe883738fe825e6f39174c0e51ec39725203ca34b7c7a0854cb49,2026-09-17T22:12:00+00:00,2026-09-18 03:12:00,90.9,1006.1,73
10.7,15.8,45.5,979.6,284.4,44.2,5.5,3.6,0.9,445.0,133.9,8.7,5.4,37.0,26.7,25.11,False,4095,0.0,54.0,0.0,EXT-OPEN-METEO-KHI,KARACHI,OPENSOURCE_API_GRID,1334,,,,0.95,True,True,TIER2_OPENSOURCE_PURE;CONTINUOUS_MINUTE_STREAM;VERIFIED_MODEL_GRID,f882edbba43ef395f7038ee9a4545bdd199fbb85d1026f5c9b1a6822949b8e98,2026-09-17T22:13:00+00:00,2026-09-18 03:13:00,91.0,1006.1,73
10.7,15.8,45.4,979.6,284.4,44.2,5.5,3.6,0.9,445.0,133.9,8.7,5.4,37.0,26.7,25.11,False,4095,0.0,53.8,0.0,EXT-OPEN-METEO-KHI,KARACHI,OPENSOURCE_API_GRID,1335,,,,0.95,True,True,TIER2_OPENSOURCE_PURE;CONTINUOUS_MINUTE_STREAM;VERIFIED_MODEL_GRID,21389628ddfdc305609edaee1ef4f83bb0ea36868b4c54c84b64435a809d1010,2026-09-17T22:14:00+00:00,2026-09-18 03:14:00,91.0,1006.1,73
10.8,15.9,45.4,985.8,286.2,44.5,5.6,3.6,0.9,445.0,133.9,8.6,5.4,37.0,26.7,25.11,False,4095,0.0,53.7,0.0,EXT-OPEN-METEO-KHI,KARACHI,OPENSOURCE_API_GRID,1336,,,,0.95,True,True,TIER2_OPENSOURCE_PURE;CONTINUOUS_MINUTE_STREAM;VERIFIED_MODEL_GRID,0b32898dafae040cb1f6c474f0ff24972e2508fb87d4a8374d37972725b0d04b,2026-09-17T22:15:00+00:00,2026-09-18 03:15:00,91.0,1006.1,73
10.8,15.9,45.3,985.8,286.2,44.5,5.6,3.6,0.9,445.0,133.8,8.6,5.4,37.0,26.7,25.11,False,4095,0.0,53.5,0.0,EXT-OPEN-METEO-KHI,KARACHI,OPENSOURCE_API_GRID,1337,,,,0.95,True,True,TIER2_OPENSOURCE_PURE;CONTINUOUS_MINUTE_STREAM;VERIFIED_MODEL_GRID,15f17a73d9ea3d6270d8b29e46c1a63cfe517c7b79432307fc4f7f107e840daa,2026-09-17T22:16:00+00:00,2026-09-18 03:16:00,91.0,1006.1,73
10.8,15.9,45.2,985.8,286.2,44.5,5.6,3.6,0.9,445.0,133.8,8.6,5.4,37.0,26.7,25.09,False,4095,0.0,53.3,0.0,EXT-OPEN-METEO-KHI,KARACHI,OPENSOURCE_API_GRID,1338,,,,0.95,True,True,TIER2_OPENSOURCE_PURE;CONTINUOUS_MINUTE_STREAM;VERIFIED_MODEL_GRID,fb1366b84f3ccb3e5980ccdd600f2aac2221c26eac6e4a13236ade2d8db88b3f,2026-09-17T22:17:00+00:00,2026-09-18 03:17:00,90.9,1006.1,73
10.7,15.8,45.1,979.6,284.4,44.2,5.5,3.6,0.9,445.0,133.8,8.6,5.4,37.0,26.7,25.09,False,4095,0.0,53.1,0.0,EXT-OPEN-METEO-KHI,KARACHI,OPENSOURCE_API_GRID,1339,,,,0.95,True,True,TIER2_OPENSOURCE_PURE;CONTINUOUS_MINUTE_STREAM;VERIFIED_MODEL_GRID,93f562902999fe6cbce1c29995907ae9c04286b7b19ad5707a72f5c05d67aeb6,2026-09-17T22:18:00+00:00,2026-09-18 03:18:00,90.9,1006.2,73
10.7,15.8,45.0,979.6,284.4,44.2,5.5,3.6,0.9,445.0,133.8,8.5,5.4,37.0,26.7,25.09,False,4095,0.0,53.0,0.0,EXT-OPEN-METEO-KHI,KARACHI,OPENSOURCE_API_GRID,1340,,,,0.95,True,True,TIER2_OPENSOURCE_PURE;CONTINUOUS_MINUTE_STREAM;VERIFIED_MODEL_GRID,34b8d535872dd695318fd0d57946d770ea05b7acebff0b94a5cd5fe9be825ce2,2026-09-17T22:19:00+00:00,2026-09-18 03:19:00,90.9,1006.2,73
10.7,15.8,44.8,979.6,284.4,44.2,5.5,3.6,0.9,445.0,133.8,8.5,5.4,37.0,26.7,25.07,False,4095,0.0,52.8,0.0,EXT-OPEN-METEO-KHI,KARACHI,OPENSOURCE_API_GRID,1341,,,,0.95,True,True,TIER2_OPENSOURCE_PURE;CONTINUOUS_MINUTE_STREAM;VERIFIED_MODEL_GRID,d6d739a2496980697eabddf7e8403508a28803d22f834aa639eb6efd30559d17,2026-09-17T22:20:00+00:00,2026-09-18 03:20:00,90.8,1006.2,73
10.7,15.8,44.7,979.6,284.4,44.2,5.5,3.6,0.9,445.0,133.7,8.5,5.4,37.0,26.7,25.07,False,4095,0.0,52.5,0.0,EXT-OPEN-METEO-KHI,KARACHI,OPENSOURCE_API_GRID,1342,,,,0.95,True,True,TIER2_OPENSOURCE_PURE;CONTINUOUS_MINUTE_STREAM;VERIFIED_MODEL_GRID,b14588c34a9de891e0f310dfe1afaca85a677e8d962cebaf03c1d4102af5697a,2026-09-17T22:21:00+00:00,2026-09-18 03:21:00,90.8,1006.2,73
10.7,15.7,44.5,973.4,282.6,44.0,5.5,3.6,0.9,445.0,133.7,8.5,5.4,37.0,26.7,25.05,False,4095,0.0,52.3,0.0,EXT-OPEN-METEO-KHI,KARACHI,OPENSOURCE_API_GRID,1343,,,,0.95,True,True,TIER2_OPENSOURCE_PURE;CONTINUOUS_MINUTE_STREAM;VERIFIED_MODEL_GRID,47ecaf7fe022ad607f3837c9eab0dc676a52c8326af72c3b8fd7e9d0277fbf8b,2026-09-17T22:22:00+00:00,2026-09-18 03:22:00,90.7,1006.2,73
10.6,15.6,44.3,967.2,280.8,43.7,5.5,3.5,0.9,445.0,133.7,8.4,5.4,37.0,26.7,25.05,False,4095,0.0,52.1,0.0,EXT-OPEN-METEO-KHI,KARACHI,OPENSOURCE_API_GRID,1344,,,,0.95,True,True,TIER2_OPENSOURCE_PURE;CONTINUOUS_MINUTE_STREAM;VERIFIED_MODEL_GRID,59c11d0f8a2292181346fc6fefbd0aa160993adf686f760bc2c8423827f9a3bd,2026-09-17T22:23:00+00:00,2026-09-18 03:23:00,90.7,1006.2,73
10.6,15.6,44.1,967.2,280.8,43.7,5.5,3.5,0.9,445.0,133.7,8.4,5.4,37.0,26.7,25.03,False,4095,0.0,51.9,0.0,EXT-OPEN-METEO-KHI,KARACHI,OPENSOURCE_API_GRID,1345,,,,0.95,True,True,TIER2_OPENSOURCE_PURE;CONTINUOUS_MINUTE_STREAM;VERIFIED_MODEL_GRID,a59ce7992d301e5e2ad77523420507efecd62dc2a78d15a1711960c2bcffd061,2026-09-17T22:24:00+00:00,2026-09-18 03:24:00,90.6,1006.2,73
10.5,15.5,43.9,961.0,279.0,43.4,5.4,3.5,0.9,445.0,133.6,8.4,5.4,37.0,26.7,25.03,False,4095,0.0,51.7,0.0,EXT-OPEN-METEO-KHI,KARACHI,OPENSOURCE_API_GRID,1346,,,,0.95,True,True,TIER2_OPENSOURCE_PURE;CONTINUOUS_MINUTE_STREAM;VERIFIED_MODEL_GRID,0dd65275427c73fd5011a1003e48a8fdb5550cb8b397d783fca03d3d67a23e2e,2026-09-17T22:25:00+00:00,2026-09-18 03:25:00,90.6,1006.2,73
10.5,15.4,43.7,954.8,277.2,43.1,5.4,3.5,0.9,445.0,133.6,8.4,5.4,37.0,26.7,25.02,False,4095,0.0,51.4,0.0,EXT-OPEN-METEO-KHI,KARACHI,OPENSOURCE_API_GRID,1347,,,,0.95,True,True,TIER2_OPENSOURCE_PURE;CONTINUOUS_MINUTE_STREAM;VERIFIED_MODEL_GRID,ba7279e731363f700fefc36d45af4f7d80f907c959b144c42dcdc280c8ee449b,2026-09-17T22:26:00+00:00,2026-09-18 03:26:00,90.5,1006.2,73
10.4,15.3,43.4,948.6,275.4,42.8,5.4,3.5,0.9,445.0,133.6,8.3,5.4,37.0,26.7,25.02,False,4095,0.0,51.2,0.0,EXT-OPEN-METEO-KHI,KARACHI,OPENSOURCE_API_GRID,1348,,,,0.95,True,True,TIER2_OPENSOURCE_PURE;CONTINUOUS_MINUTE_STREAM;VERIFIED_MODEL_GRID,61d3be694287364752589511c820bc414b14b33a04d350a8919bc40de1378275,2026-09-17T22:27:00+00:00,2026-09-18 03:27:00,90.5,1006.2,73
10.3,15.2,43.2,942.4,273.6,42.6,5.3,3.5,0.9,445.0,133.6,8.3,5.4,37.0,26.7,25.0,False,4095,0.0,51.0,0.0,EXT-OPEN-METEO-KHI,KARACHI,OPENSOURCE_API_GRID,1349,,,,0.95,True,True,TIER2_OPENSOURCE_PURE;CONTINUOUS_MINUTE_STREAM;VERIFIED_MODEL_GRID,2ccd9e2b2b01fc767f08aa6b04a38cad4d945e5178c94c8f843418f08eaac8c5,2026-09-17T22:28:00+00:00,2026-09-18 03:28:00,90.4,1006.2,73
10.3,15.2,43.0,942.4,273.6,42.6,5.3,3.4,0.9,445.0,133.5,8.3,5.4,37.0,26.7,25.0,False,4095,0.0,50.7,0.0,EXT-OPEN-METEO-KHI,KARACHI,OPENSOURCE_API_GRID,1350,,,,0.95,True,True,TIER2_OPENSOURCE_PURE;CONTINUOUS_MINUTE_STREAM;VERIFIED_MODEL_GRID,1555da164056690f91ff364913f40e184247e086ee5d34f585764b3eaabbb86f,2026-09-17T22:29:00+00:00,2026-09-18 03:29:00,90.4,1006.2,73
10.3,15.1,42.7,936.2,271.8,42.3,5.3,3.4,0.9,445.0,133.5,8.2,5.3,37.0,26.7,25.0,False,4095,0.0,50.5,0.0,EXT-OPEN-METEO-KHI,KARACHI,OPENSOURCE_API_GRID,1351,,,,0.95,True,True,TIER2_OPENSOURCE_PURE;CONTINUOUS_MINUTE_STREAM;VERIFIED_MODEL_GRID,34c74cffcbebd58ed77ef159a9206af7eb5838b3acd91c7f5bbc0ca5cf8a9a99,2026-09-17T22:30:00+00:00,2026-09-18 03:30:00,90.4,1006.2,73
10.2,15.0,42.5,930.0,270.0,42.0,5.2,3.4,0.8,445.0,133.5,8.2,5.3,37.0,26.7,24.98,False,4095,0.0,50.3,0.0,EXT-OPEN-METEO-KHI,KARACHI,OPENSOURCE_API_GRID,1352,,,,0.95,True,True,TIER2_OPENSOURCE_PURE;CONTINUOUS_MINUTE_STREAM;VERIFIED_MODEL_GRID,5493c1a7ee55adfa971af346a5a713624411f97bda7d77879adea9c35b3c7fc7,2026-09-17T22:31:00+00:00,2026-09-18 03:31:00,90.3,1006.2,73
10.1,14.9,42.3,923.8,268.2,41.7,5.2,3.4,0.8,445.0,133.4,8.2,5.3,37.0,26.7,24.98,False,4095,0.0,50.0,0.0,EXT-OPEN-METEO-KHI,KARACHI,OPENSOURCE_API_GRID,1353,,,,0.95,True,True,TIER2_OPENSOURCE_PURE;CONTINUOUS_MINUTE_STREAM;VERIFIED_MODEL_GRID,2c45d17e8dc59b3cff7e40d06fefdf8514705a0afbb1f708db25f700b931de77,2026-09-17T22:32:00+00:00,2026-09-18 03:32:00,90.3,1006.2,73
10.1,14.9,42.1,923.8,268.2,41.7,5.2,3.4,0.8,445.0,133.4,8.2,5.3,37.0,26.7,24.98,False,4095,0.0,49.8,0.0,EXT-OPEN-METEO-KHI,KARACHI,OPENSOURCE_API_GRID,1354,,,,0.95,True,True,TIER2_OPENSOURCE_PURE;CONTINUOUS_MINUTE_STREAM;VERIFIED_MODEL_GRID,481c38a5946c07436a556ce0423ca235fa96f8a4c7151ec12a0b3101ba0444da,2026-09-17T22:33:00+00:00,2026-09-18 03:33:00,90.3,1006.2,73
10.1,14.8,41.9,917.6,266.4,41.4,5.2,3.4,0.8,445.0,133.4,8.1,5.3,37.0,26.7,24.98,False,4095,0.0,49.6,0.0,EXT-OPEN-METEO-KHI,KARACHI,OPENSOURCE_API_GRID,1355,,,,0.95,True,True,TIER2_OPENSOURCE_PURE;CONTINUOUS_MINUTE_STREAM;VERIFIED_MODEL_GRID,b47bcbbcbbbeba809dd8cc392546025a5eee7b8a51032bed7caa6d734b8c3e66,2026-09-17T22:34:00+00:00,2026-09-18 03:34:00,90.3,1006.2,73
10.1,14.8,41.8,917.6,266.4,41.4,5.2,3.3,0.8,445.0,133.4,8.1,5.3,37.0,26.7,24.96,False,4095,0.0,49.3,0.0,EXT-OPEN-METEO-KHI,KARACHI,OPENSOURCE_API_GRID,1356,,,,0.95,True,True,TIER2_OPENSOURCE_PURE;CONTINUOUS_MINUTE_STREAM;VERIFIED_MODEL_GRID,9deef5eb414ebb4cc455c936eed1009b142066e036a519970134ed9228538bae,2026-09-17T22:35:00+00:00,2026-09-18 03:35:00,90.2,1006.2,73
10.1,14.8,41.6,917.6,266.4,41.4,5.2,3.3,0.8,445.0,133.3,8.1,5.3,37.0,26.7,24.96,False,4095,0.0,49.1,0.0,EXT-OPEN-METEO-KHI,KARACHI,OPENSOURCE_API_GRID,1357,,,,0.95,True,True,TIER2_OPENSOURCE_PURE;CONTINUOUS_MINUTE_STREAM;VERIFIED_MODEL_GRID,2e6cdb7000e87f515292874f793aab836319a2fdf538e9458c1fcd6e8b101b67,2026-09-17T22:36:00+00:00,2026-09-18 03:36:00,90.2,1006.2,73
10.1,14.8,41.5,917.6,266.4,41.4,5.2,3.3,0.8,445.0,133.3,8.1,5.3,37.0,26.7,24.96,False,4095,0.0,48.9,0.0,EXT-OPEN-METEO-KHI,KARACHI,OPENSOURCE_API_GRID,1358,,,,0.95,True,True,TIER2_OPENSOURCE_PURE;CONTINUOUS_MINUTE_STREAM;VERIFIED_MODEL_GRID,05845f4ac0f70773da6d18d96d71c19bf49ef345f78fa994dc2c6abd440d177d,2026-09-17T22:37:00+00:00,2026-09-18 03:37:00,90.2,1006.2,73
10.0,14.7,41.4,911.4,264.6,41.2,5.1,3.3,0.8,445.0,133.3,8.0,5.3,37.0,26.7,24.96,False,4095,0.0,48.7,0.0,EXT-OPEN-METEO-KHI,KARACHI,OPENSOURCE_API_GRID,1359,,,,0.95,True,True,TIER2_OPENSOURCE_PURE;CONTINUOUS_MINUTE_STREAM;VERIFIED_MODEL_GRID,5bcb669158343d7be9908ec1432c675566ec8c3480ab392fa25bd77fc655c850,2026-09-17T22:38:00+00:00,2026-09-18 03:38:00,90.2,1006.2,73
10.0,14.7,41.3,911.4,264.6,41.2,5.1,3.3,0.8,445.0,133.3,8.0,5.3,37.0,26.7,24.96,False,4095,0.0,48.5,0.0,EXT-OPEN-METEO-KHI,KARACHI,OPENSOURCE_API_GRID,1360,,,,0.95,True,True,TIER2_OPENSOURCE_PURE;CONTINUOUS_MINUTE_STREAM;VERIFIED_MODEL_GRID,12b15993edacb80dfc6989203b2a0f289682e6b62050bbb23728746bf1c45ed7,2026-09-17T22:39:00+00:00,2026-09-18 03:39:00,90.2,1006.2,73
10.0,14.7,41.2,911.4,264.6,41.2,5.1,3.3,0.8,445.0,133.2,8.0,5.3,37.0,26.7,24.96,False,4095,0.0,48.2,0.0,EXT-OPEN-METEO-KHI,KARACHI,OPENSOURCE_API_GRID,1361,,,,0.95,True,True,TIER2_OPENSOURCE_PURE;CONTINUOUS_MINUTE_STREAM;VERIFIED_MODEL_GRID,1798078010153ac2714ccca82a30ee85bfcb96395bd674b3cfadd004722ba660,2026-09-17T22:40:00+00:00,2026-09-18 03:40:00,90.2,1006.2,73
10.1,14.8,41.1,917.6,266.4,41.4,5.2,3.3,0.8,445.0,133.2,8.0,5.3,37.0,26.7,24.96,False,4095,0.0,48.0,0.0,EXT-OPEN-METEO-KHI,KARACHI,OPENSOURCE_API_GRID,1362,,,,0.95,True,True,TIER2_OPENSOURCE_PURE;CONTINUOUS_MINUTE_STREAM;VERIFIED_MODEL_GRID,8f636fa4f81c111557959dcbb44f50fcd0a1877a0a44eceffebf222ca80224d7,2026-09-17T22:41:00+00:00,2026-09-18 03:41:00,90.2,1006.2,73
10.1,14.8,41.0,917.6,266.4,41.4,5.2,3.3,0.8,445.0,133.2,7.9,5.3,37.0,26.7,24.96,False,4095,0.0,47.9,0.0,EXT-OPEN-METEO-KHI,KARACHI,OPENSOURCE_API_GRID,1363,,,,0.95,True,True,TIER2_OPENSOURCE_PURE;CONTINUOUS_MINUTE_STREAM;VERIFIED_MODEL_GRID,887f00c66b3cf17c92363ecd11a8d56fb9f667964890f765dad18642a3a31c11,2026-09-17T22:42:00+00:00,2026-09-18 03:42:00,90.2,1006.2,73
10.1,14.8,40.9,917.6,266.4,41.4,5.2,3.3,0.8,445.0,133.2,7.9,5.3,37.0,26.7,24.96,False,4095,0.0,47.7,0.0,EXT-OPEN-METEO-KHI,KARACHI,OPENSOURCE_API_GRID,1364,,,,0.95,True,True,TIER2_OPENSOURCE_PURE;CONTINUOUS_MINUTE_STREAM;VERIFIED_MODEL_GRID,d9915a95e9b39ba9e5cf5d9968618db85e9e428862b03442ee93279de73b88cd,2026-09-17T22:43:00+00:00,2026-09-18 03:43:00,90.2,1006.3,73
10.0,14.7,40.7,911.4,264.6,41.2,5.1,3.3,0.8,445.0,133.2,7.9,5.3,37.0,26.7,24.98,False,4095,0.0,47.5,0.0,EXT-OPEN-METEO-KHI,KARACHI,OPENSOURCE_API_GRID,1365,,,,0.95,True,True,TIER2_OPENSOURCE_PURE;CONTINUOUS_MINUTE_STREAM;VERIFIED_MODEL_GRID,582ab17dbcaec317cc8554a720aa4ba67b3023bb330728fd22cfad2d019bd6f4,2026-09-17T22:44:00+00:00,2026-09-18 03:44:00,90.3,1006.3,73
10.0,14.7,40.6,911.4,264.6,41.2,5.1,3.2,0.8,445.0,133.1,7.9,5.3,37.0,26.7,24.98,False,4095,0.0,47.3,0.0,EXT-OPEN-METEO-KHI,KARACHI,OPENSOURCE_API_GRID,1366,,,,0.95,True,True,TIER2_OPENSOURCE_PURE;CONTINUOUS_MINUTE_STREAM;VERIFIED_MODEL_GRID,8e3e38275295baddc555ef25b72946db6a825ce95f7baf73a22132671c591a26,2026-09-17T22:45:00+00:00,2026-09-18 03:45:00,90.3,1006.3,73
10.0,14.7,40.6,911.4,264.6,41.2,5.1,3.2,0.8,445.0,133.1,7.8,5.3,37.0,26.7,24.98,False,4095,0.0,47.2,0.0,EXT-OPEN-METEO-KHI,KARACHI,OPENSOURCE_API_GRID,1367,,,,0.95,True,True,TIER2_OPENSOURCE_PURE;CONTINUOUS_MINUTE_STREAM;VERIFIED_MODEL_GRID,5c906b2650eaea04dfc4a7f482b42923a54575559009a724bbd7a9e94b96c863,2026-09-17T22:46:00+00:00,2026-09-18 03:46:00,90.3,1006.3,73
10.0,14.7,40.5,911.4,264.6,41.2,5.1,3.2,0.8,445.0,133.1,7.8,5.3,37.0,26.7,24.96,False,4095,0.0,47.0,0.0,EXT-OPEN-METEO-KHI,KARACHI,OPENSOURCE_API_GRID,1368,,,,0.95,True,True,TIER2_OPENSOURCE_PURE;CONTINUOUS_MINUTE_STREAM;VERIFIED_MODEL_GRID,15007954b95dbf7f3316a630ae4781049bd475f14f14bcdfc545cb9d08d9beee,2026-09-17T22:47:00+00:00,2026-09-18 03:47:00,90.2,1006.3,73
10.0,14.7,40.5,911.4,264.6,41.2,5.1,3.2,0.8,445.0,133.1,7.8,5.3,37.0,26.7,24.96,False,4095,0.0,46.9,0.0,EXT-OPEN-METEO-KHI,KARACHI,OPENSOURCE_API_GRID,1369,,,,0.95,True,True,TIER2_OPENSOURCE_PURE;CONTINUOUS_MINUTE_STREAM;VERIFIED_MODEL_GRID,0b7b90dcf3e8cf6e96f933b9276394049ec961b4ca01f524490292286a0d67a9,2026-09-17T22:48:00+00:00,2026-09-18 03:48:00,90.2,1006.3,73
10.0,14.7,40.4,911.4,264.6,41.2,5.1,3.2,0.8,445.0,133.1,7.8,5.3,37.0,26.7,24.96,False,4095,0.0,46.7,0.0,EXT-OPEN-METEO-KHI,KARACHI,OPENSOURCE_API_GRID,1370,,,,0.95,True,True,TIER2_OPENSOURCE_PURE;CONTINUOUS_MINUTE_STREAM;VERIFIED_MODEL_GRID,22630883474bf8a04c77d817ef104ab640851051abeeeb1489cbf530c67730e7,2026-09-17T22:49:00+00:00,2026-09-18 03:49:00,90.2,1006.3,73
10.0,14.7,40.3,911.4,264.6,41.2,5.1,3.2,0.8,445.0,133.1,7.8,5.3,37.0,26.7,24.94,False,4095,0.0,46.6,0.0,EXT-OPEN-METEO-KHI,KARACHI,OPENSOURCE_API_GRID,1371,,,,0.95,True,True,TIER2_OPENSOURCE_PURE;CONTINUOUS_MINUTE_STREAM;VERIFIED_MODEL_GRID,12cc109b6c130168d78e1c1887c251ec48a6dce008d27b078035e42dfe8de1a3,2026-09-17T22:50:00+00:00,2026-09-18 03:50:00,90.1,1006.3,73
10.0,14.7,40.3,911.4,264.6,41.2,5.1,3.2,0.8,445.0,133.1,7.8,5.3,37.0,26.7,24.94,False,4095,0.0,46.5,0.0,EXT-OPEN-METEO-KHI,KARACHI,OPENSOURCE_API_GRID,1372,,,,0.95,True,True,TIER2_OPENSOURCE_PURE;CONTINUOUS_MINUTE_STREAM;VERIFIED_MODEL_GRID,34dcbbb95f23703c366ce3068709b92a170a1558e5210b0c0d505cf7fb4d4636,2026-09-17T22:51:00+00:00,2026-09-18 03:51:00,90.1,1006.3,73
10.0,14.7,40.2,911.4,264.6,41.2,5.1,3.2,0.8,445.0,133.0,7.7,5.3,37.0,26.7,24.94,False,4095,0.0,46.4,0.0,EXT-OPEN-METEO-KHI,KARACHI,OPENSOURCE_API_GRID,1373,,,,0.95,True,True,TIER2_OPENSOURCE_PURE;CONTINUOUS_MINUTE_STREAM;VERIFIED_MODEL_GRID,9216651b5b9de674707f752fccdb2f777fb69be0bf1126d37a0b458139b9eb76,2026-09-17T22:52:00+00:00,2026-09-18 03:52:00,90.1,1006.3,73
9.9,14.6,40.1,905.2,262.8,40.9,5.1,3.2,0.8,445.0,133.0,7.7,5.3,37.0,26.7,24.92,False,4095,0.0,46.3,0.0,EXT-OPEN-METEO-KHI,KARACHI,OPENSOURCE_API_GRID,1374,,,,0.95,True,True,TIER2_OPENSOURCE_PURE;CONTINUOUS_MINUTE_STREAM;VERIFIED_MODEL_GRID,27a551d74680e5923fd141c5fef89645196c2228f39dd60b59d2983bb06f04bb,2026-09-17T22:53:00+00:00,2026-09-18 03:53:00,90.0,1006.3,73
9.9,14.6,40.0,905.2,262.8,40.9,5.1,3.2,0.8,445.0,133.0,7.7,5.3,37.0,26.7,24.92,False,4095,0.0,46.2,0.0,EXT-OPEN-METEO-KHI,KARACHI,OPENSOURCE_API_GRID,1375,,,,0.95,True,True,TIER2_OPENSOURCE_PURE;CONTINUOUS_MINUTE_STREAM;VERIFIED_MODEL_GRID,a5abc1eccf8f34e5f529cc036f5bd19dc8b10859f2b42addacd91af7a8aa535e,2026-09-17T22:54:00+00:00,2026-09-18 03:54:00,90.0,1006.3,73
9.9,14.6,39.9,905.2,262.8,40.9,5.1,3.2,0.8,445.0,133.0,7.7,5.3,37.0,26.7,24.92,False,4095,0.0,46.2,0.0,EXT-OPEN-METEO-KHI,KARACHI,OPENSOURCE_API_GRID,1376,,,,0.95,True,True,TIER2_OPENSOURCE_PURE;CONTINUOUS_MINUTE_STREAM;VERIFIED_MODEL_GRID,6c50a0dd14a299accaf7c95dcbc301c27a8c92cbdbc61c6436550217c1899944,2026-09-17T22:55:00+00:00,2026-09-18 03:55:00,90.0,1006.3,73
9.9,14.5,39.8,899.0,261.0,40.6,5.1,3.2,0.8,445.0,133.0,7.7,5.3,37.0,26.7,24.9,False,4095,0.0,46.1,0.0,EXT-OPEN-METEO-KHI,KARACHI,OPENSOURCE_API_GRID,1377,,,,0.95,True,True,TIER2_OPENSOURCE_PURE;CONTINUOUS_MINUTE_STREAM;VERIFIED_MODEL_GRID,c4c9a094bcee317a3c8d691a99ba96623a946794305f4f834465b21b040f9df0,2026-09-17T22:56:00+00:00,2026-09-18 03:56:00,89.9,1006.3,73
9.9,14.5,39.7,899.0,261.0,40.6,5.1,3.2,0.8,445.0,133.0,7.7,5.3,37.0,26.7,24.9,False,4095,0.0,46.1,0.0,EXT-OPEN-METEO-KHI,KARACHI,OPENSOURCE_API_GRID,1378,,,,0.95,True,True,TIER2_OPENSOURCE_PURE;CONTINUOUS_MINUTE_STREAM;VERIFIED_MODEL_GRID,39cba37529e5c012ad4303794d6d2e87d57ba84ef20932ecd525b6a07746a7f5,2026-09-17T22:57:00+00:00,2026-09-18 03:57:00,89.9,1006.3,73
9.8,14.4,39.6,892.8,259.2,40.3,5.0,3.2,0.8,445.0,133.0,7.7,5.3,37.0,26.7,24.9,False,4095,0.0,46.0,0.0,EXT-OPEN-METEO-KHI,KARACHI,OPENSOURCE_API_GRID,1379,,,,0.95,True,True,TIER2_OPENSOURCE_PURE;CONTINUOUS_MINUTE_STREAM;VERIFIED_MODEL_GRID,99b27279d4b60ff6e7430fd7c92cc108f01a2122221419e464f67e6753284a09,2026-09-17T22:58:00+00:00,2026-09-18 03:58:00,89.9,1006.3,73
9.8,14.4,39.5,892.8,259.2,40.3,5.0,3.2,0.8,445.0,133.0,7.7,5.3,37.0,26.7,24.9,False,4095,0.0,46.0,0.0,EXT-OPEN-METEO-KHI,KARACHI,OPENSOURCE_API_GRID,1380,,,,0.95,True,True,TIER2_OPENSOURCE_PURE;CONTINUOUS_MINUTE_STREAM;VERIFIED_MODEL_GRID,44bdca44aa02b84b02f76b76b4a136c0beb171a05c64f29b58a31dcf47d5dbf3,2026-09-17T22:59:00+00:00,2026-09-18 03:59:00,89.9,1006.3,73
9.7,14.3,39.5,886.6,257.4,40.0,5.0,3.2,0.8,445.0,133.0,7.7,5.3,37.0,26.7,24.9,False,4095,0.0,46.0,0.0,EXT-OPEN-METEO-KHI,KARACHI,OPENSOURCE_API_GRID,1381,,,,0.95,True,False,TIER2_OPENSOURCE_PURE;HOURLY_NODE;VERIFIED_MODEL_GRID,587e29759a1a1ad054558298a146448399bd5108f66937285ded26495d4364ca,2026-09-17T23:00:00+00:00,2026-09-18 04:00:00,89.9,1006.3,73
9.7,14.3,39.4,886.6,257.4,40.0,5.0,3.2,0.8,445.0,133.0,7.7,5.3,37.0,26.7,24.9,False,4095,0.0,46.0,0.0,EXT-OPEN-METEO-KHI,KARACHI,OPENSOURCE_API_GRID,1382,,,,0.95,True,True,TIER2_OPENSOURCE_PURE;CONTINUOUS_MINUTE_STREAM;VERIFIED_MODEL_GRID,8d999aae4bd45b0397d4de0943d5536909ae7276035b95b56c910dcc781e1eb1,2026-09-17T23:01:00+00:00,2026-09-18 04:01:00,89.9,1006.3,73
9.7,14.3,39.3,886.6,257.4,40.0,5.0,3.1,0.8,445.0,133.1,7.7,5.3,37.0,26.7,24.88,False,4095,0.0,45.9,0.0,EXT-OPEN-METEO-KHI,KARACHI,OPENSOURCE_API_GRID,1383,,,,0.95,True,True,TIER2_OPENSOURCE_PURE;CONTINUOUS_MINUTE_STREAM;VERIFIED_MODEL_GRID,e2a3783dfe3fd8deaf373622f30a02641aaba3f28f7ef33ee81ac1dd98a97c1c,2026-09-17T23:02:00+00:00,2026-09-18 04:02:00,89.8,1006.3,73
9.7,14.2,39.3,880.4,255.6,39.8,5.0,3.1,0.8,445.0,133.1,7.7,5.3,37.0,26.7,24.88,False,4095,0.0,45.8,0.0,EXT-OPEN-METEO-KHI,KARACHI,OPENSOURCE_API_GRID,1384,,,,0.95,True,True,TIER2_OPENSOURCE_PURE;CONTINUOUS_MINUTE_STREAM;VERIFIED_MODEL_GRID,bdb3c7b198e58d7e3d5ca15bf56f044799698f76aba618bd0e897eec9ce716be,2026-09-17T23:03:00+00:00,2026-09-18 04:03:00,89.8,1006.3,73
9.7,14.2,39.2,880.4,255.6,39.8,5.0,3.1,0.8,445.0,133.2,7.8,5.3,36.9,26.7,24.88,False,4095,0.0,45.6,0.0,EXT-OPEN-METEO-KHI,KARACHI,OPENSOURCE_API_GRID,1385,,,,0.95,True,True,TIER2_OPENSOURCE_PURE;CONTINUOUS_MINUTE_STREAM;VERIFIED_MODEL_GRID,804481c9ea0b1959b854f78e5453f360c170ee8980ecbaf63a14461f1e494d54,2026-09-17T23:04:00+00:00,2026-09-18 04:04:00,89.8,1006.3,73
9.7,14.2,39.1,880.4,255.6,39.8,5.0,3.1,0.8,445.1,133.4,7.8,5.4,36.9,26.7,24.88,False,4095,0.0,45.4,0.0,EXT-OPEN-METEO-KHI,KARACHI,OPENSOURCE_API_GRID,1386,,,,0.95,True,True,TIER2_OPENSOURCE_PURE;CONTINUOUS_MINUTE_STREAM;VERIFIED_MODEL_GRID,ca59839c6403faeeeb352f87ab9a87421d9e975d2a17f8403b7cd2093581271d,2026-09-17T23:05:00+00:00,2026-09-18 04:05:00,89.8,1006.3,73
9.7,14.2,39.0,880.4,255.6,39.8,5.0,3.1,0.8,445.1,133.5,7.9,5.4,36.8,26.7,24.88,False,4095,0.0,45.2,0.0,EXT-OPEN-METEO-KHI,KARACHI,OPENSOURCE_API_GRID,1387,,,,0.95,True,True,TIER2_OPENSOURCE_PURE;CONTINUOUS_MINUTE_STREAM;VERIFIED_MODEL_GRID,4b9903c9e74b976a30a6bd66f9b49e734ce1a3437f048265cdaec6c0130db0e2,2026-09-17T23:06:00+00:00,2026-09-18 04:06:00,89.8,1006.3,73
9.7,14.3,39.0,886.6,257.4,40.0,5.0,3.1,0.8,445.1,133.7,8.0,5.4,36.8,26.7,24.88,False,4095,0.0,44.9,0.0,EXT-OPEN-METEO-KHI,KARACHI,OPENSOURCE_API_GRID,1388,,,,0.95,True,True,TIER2_OPENSOURCE_PURE;CONTINUOUS_MINUTE_STREAM;VERIFIED_MODEL_GRID,c03ae6dc110ddf12665f75a7cbb0ad2124a4e7b8db5238e2ffc3dfc063e63681,2026-09-17T23:07:00+00:00,2026-09-18 04:07:00,89.8,1006.3,73
9.7,14.3,38.9,886.6,257.4,40.0,5.0,3.1,0.8,445.2,133.9,8.0,5.5,36.7,26.7,24.88,False,4095,0.0,44.5,0.0,EXT-OPEN-METEO-KHI,KARACHI,OPENSOURCE_API_GRID,1389,,,,0.95,True,True,TIER2_OPENSOURCE_PURE;CONTINUOUS_MINUTE_STREAM;VERIFIED_MODEL_GRID,14f59220fe20f58768b43521b97037d43309ed0e0c4cc3a2bb5de6056c906182,2026-09-17T23:08:00+00:00,2026-09-18 04:08:00,89.8,1006.3,73
9.8,14.4,38.8,892.8,259.2,40.3,5.0,3.1,0.8,445.2,134.1,8.1,5.5,36.6,26.7,24.88,False,4095,0.0,44.1,0.0,EXT-OPEN-METEO-KHI,KARACHI,OPENSOURCE_API_GRID,1390,,,,0.95,True,True,TIER2_OPENSOURCE_PURE;CONTINUOUS_MINUTE_STREAM;VERIFIED_MODEL_GRID,9a43fcfe30f65570d5b324e255f6c475eddda614efa982acf3728715978c0b73,2026-09-17T23:09:00+00:00,2026-09-18 04:09:00,89.8,1006.3,73
9.8,14.4,38.7,892.8,259.2,40.3,5.0,3.1,0.8,445.3,134.4,8.2,5.6,36.5,26.7,24.87,False,4095,0.0,43.7,0.0,EXT-OPEN-METEO-KHI,KARACHI,OPENSOURCE_API_GRID,1391,,,,0.95,True,True,TIER2_OPENSOURCE_PURE;CONTINUOUS_MINUTE_STREAM;VERIFIED_MODEL_GRID,8ca0058fba72cdd45ec00bd887376e8b525e35db7ee420fdbce6271418faffb2,2026-09-17T23:10:00+00:00,2026-09-18 04:10:00,89.7,1006.2,73
9.9,14.5,38.6,899.0,261.0,40.6,5.1,3.1,0.8,445.3,134.7,8.3,5.6,36.4,26.7,24.87,False,4095,0.0,43.3,0.0,EXT-OPEN-METEO-KHI,KARACHI,OPENSOURCE_API_GRID,1392,,,,0.95,True,True,TIER2_OPENSOURCE_PURE;CONTINUOUS_MINUTE_STREAM;VERIFIED_MODEL_GRID,94e58f6adebd3409e1d51018ef7601b280cbf9239b249b59ef002be07a3cc2ad,2026-09-17T23:11:00+00:00,2026-09-18 04:11:00,89.7,1006.2,73
9.9,14.6,38.5,905.2,262.8,40.9,5.1,3.1,0.8,445.4,135.0,8.5,5.7,36.3,26.7,24.87,False,4095,0.0,42.8,0.0,EXT-OPEN-METEO-KHI,KARACHI,OPENSOURCE_API_GRID,1393,,,,0.95,True,True,TIER2_OPENSOURCE_PURE;CONTINUOUS_MINUTE_STREAM;VERIFIED_MODEL_GRID,394fdd4f4317d7ebcd1cbdf3522f3ac9c3348ee5d95207004dcdf400ed75c236,2026-09-17T23:12:00+00:00,2026-09-18 04:12:00,89.7,1006.2,73
9.9,14.6,38.4,905.2,262.8,40.9,5.1,3.1,0.8,445.4,135.3,8.6,5.7,36.2,26.8,24.96,False,4095,0.0,42.2,0.0,EXT-OPEN-METEO-KHI,KARACHI,OPENSOURCE_API_GRID,1394,,,,0.95,True,True,TIER2_OPENSOURCE_PURE;CONTINUOUS_MINUTE_STREAM;VERIFIED_MODEL_GRID,f14e199c593e260509e33b07eacb3b28cafb7fbe9b58c4d25e51c344817b6072,2026-09-17T23:13:00+00:00,2026-09-18 04:13:00,89.7,1006.2,73
10.0,14.7,38.3,911.4,264.6,41.2,5.1,3.1,0.8,445.5,135.7,8.7,5.8,36.1,26.8,24.96,False,4095,0.0,41.6,0.0,EXT-OPEN-METEO-KHI,KARACHI,OPENSOURCE_API_GRID,1395,,,,0.95,True,True,TIER2_OPENSOURCE_PURE;CONTINUOUS_MINUTE_STREAM;VERIFIED_MODEL_GRID,6bc0d8936f050ff9653b80496197e991ec230cc1597a49ff22259c69c72111ef,2026-09-17T23:14:00+00:00,2026-09-18 04:14:00,89.7,1006.2,73
10.0,14.7,38.0,911.4,264.6,41.2,5.1,3.0,0.8,445.6,136.1,8.9,5.9,36.0,26.8,24.96,False,4095,0.0,41.0,0.0,EXT-OPEN-METEO-KHI,KARACHI,OPENSOURCE_API_GRID,1396,,,,0.95,True,True,TIER2_OPENSOURCE_PURE;CONTINUOUS_MINUTE_STREAM;VERIFIED_MODEL_GRID,b38ec60f218616fbe0310c5e7021f4178005140dba7920a01bc9b7499d5fc51d,2026-09-17T23:15:00+00:00,2026-09-18 04:15:00,89.7,1006.2,73
10.1,14.8,37.8,917.6,266.4,41.4,5.2,3.0,0.8,445.7,136.5,9.0,6.0,35.8,26.8,24.96,False,4095,0.0,40.4,0.0,EXT-OPEN-METEO-KHI,KARACHI,OPENSOURCE_API_GRID,1397,,,,0.95,True,True,TIER2_OPENSOURCE_PURE;CONTINUOUS_MINUTE_STREAM;VERIFIED_MODEL_GRID,7141eb4ee24bb780f350573879d6a97d49fd9a375334a914ed311bb5b876cce7,2026-09-17T23:16:00+00:00,2026-09-18 04:16:00,89.7,1006.2,73
10.1,14.8,37.7,917.6,266.4,41.4,5.2,3.0,0.8,445.7,136.9,9.2,6.0,35.7,26.8,24.95,False,4095,0.0,39.7,0.0,EXT-OPEN-METEO-KHI,KARACHI,OPENSOURCE_API_GRID,1398,,,,0.95,True,True,TIER2_OPENSOURCE_PURE;CONTINUOUS_MINUTE_STREAM;VERIFIED_MODEL_GRID,6b274012f570711130948b90c91b330d33d15223f489a73f2fa3ba7d367c42f2,2026-09-17T23:17:00+00:00,2026-09-18 04:17:00,89.6,1006.1,73
10.1,14.9,37.5,923.8,268.2,41.7,5.2,3.0,0.8,445.8,137.3,9.3,6.1,35.6,26.9,25.03,False,4095,0.0,39.0,0.0,EXT-OPEN-METEO-KHI,KARACHI,OPENSOURCE_API_GRID,1399,,,,0.95,True,True,TIER2_OPENSOURCE_PURE;CONTINUOUS_MINUTE_STREAM;VERIFIED_MODEL_GRID,00b703d5650bd93423ec0050129a6766f10e5dcace3ee375201f79cdfcd5c4a9,2026-09-17T23:18:00+00:00,2026-09-18 04:18:00,89.5,1006.1,73
10.2,15.0,37.3,930.0,270.0,42.0,5.2,3.0,0.7,445.9,137.8,9.5,6.2,35.4,26.9,25.01,False,4095,0.0,38.3,0.0,EXT-OPEN-METEO-KHI,KARACHI,OPENSOURCE_API_GRID,1400,,,,0.95,True,True,TIER2_OPENSOURCE_PURE;CONTINUOUS_MINUTE_STREAM;VERIFIED_MODEL_GRID,fdfc1e9727411280f83f1188560528eec8d95a26ad38a148d7647104af079f91,2026-09-17T23:19:00+00:00,2026-09-18 04:19:00,89.4,1006.1,73
10.3,15.1,37.1,936.2,271.8,42.3,5.3,3.0,0.7,446.0,138.2,9.7,6.3,35.2,26.9,25.01,False,4095,0.0,37.5,0.0,EXT-OPEN-METEO-KHI,KARACHI,OPENSOURCE_API_GRID,1401,,,,0.95,True,True,TIER2_OPENSOURCE_PURE;CONTINUOUS_MINUTE_STREAM;VERIFIED_MODEL_GRID,56c6f2d0db5c0754a5709bdf937d9264e20f47a2ec484ed8f9e87702c20646e0,2026-09-17T23:20:00+00:00,2026-09-18 04:20:00,89.4,1006.1,73
10.3,15.1,36.8,936.2,271.8,42.3,5.3,2.9,0.7,446.1,138.7,9.9,6.4,35.1,26.9,24.99,False,4095,0.0,36.7,0.0,EXT-OPEN-METEO-KHI,KARACHI,OPENSOURCE_API_GRID,1402,,,,0.95,True,True,TIER2_OPENSOURCE_PURE;CONTINUOUS_MINUTE_STREAM;VERIFIED_MODEL_GRID,14ca59050a9fb0b877d5fb4d75ef1aa2397c5b7ff33a166802454d6a9f4e9ac0,2026-09-17T23:21:00+00:00,2026-09-18 04:21:00,89.3,1006.1,73
10.3,15.2,36.6,942.4,273.6,42.6,5.3,2.9,0.7,446.2,139.2,10.1,6.5,34.9,27.0,25.07,False,4095,0.0,35.9,0.0,EXT-OPEN-METEO-KHI,KARACHI,OPENSOURCE_API_GRID,1403,,,,0.95,True,True,TIER2_OPENSOURCE_PURE;CONTINUOUS_MINUTE_STREAM;VERIFIED_MODEL_GRID,f699468fc91b4251a26dc543e869c984a5ce510f9d941c20b68d76e6dc9ac873,2026-09-17T23:22:00+00:00,2026-09-18 04:22:00,89.2,1006.0,73
10.3,15.2,36.3,942.4,273.6,42.6,5.3,2.9,0.7,446.3,139.7,10.3,6.6,34.8,27.0,25.05,False,4095,0.0,35.1,0.0,EXT-OPEN-METEO-KHI,KARACHI,OPENSOURCE_API_GRID,1404,,,,0.95,True,True,TIER2_OPENSOURCE_PURE;CONTINUOUS_MINUTE_STREAM;VERIFIED_MODEL_GRID,140bd68d148ccc309cd123d218bf572f9fc74857ba65c91621c198840e047167,2026-09-17T23:23:00+00:00,2026-09-18 04:23:00,89.1,1006.0,73
10.3,15.2,36.0,942.4,273.6,42.6,5.3,2.9,0.7,446.4,140.3,10.5,6.7,34.6,27.0,25.03,False,4095,0.0,34.3,0.0,EXT-OPEN-METEO-KHI,KARACHI,OPENSOURCE_API_GRID,1405,,,,0.95,True,True,TIER2_OPENSOURCE_PURE;CONTINUOUS_MINUTE_STREAM;VERIFIED_MODEL_GRID,c0cfc6d9f2c2c3b1b854031de278154dfc0520cf35c20b932c5380d42f3aebe0,2026-09-17T23:24:00+00:00,2026-09-18 04:24:00,89.0,1006.0,73
10.4,15.3,35.7,948.6,275.4,42.8,5.4,2.9,0.7,446.5,140.8,10.7,6.8,34.4,27.0,25.01,False,4095,0.0,33.4,0.0,EXT-OPEN-METEO-KHI,KARACHI,OPENSOURCE_API_GRID,1406,,,,0.95,True,True,TIER2_OPENSOURCE_PURE;CONTINUOUS_MINUTE_STREAM;VERIFIED_MODEL_GRID,758cb7a2469b7478a7b546ea08367ea44917146f910665039967f096f5a8f293,2026-09-17T23:25:00+00:00,2026-09-18 04:25:00,88.9,1006.0,73
10.4,15.3,35.4,948.6,275.4,42.8,5.4,2.8,0.7,446.6,141.3,10.9,6.9,34.2,27.0,24.99,False,4095,0.0,32.5,0.0,EXT-OPEN-METEO-KHI,KARACHI,OPENSOURCE_API_GRID,1407,,,,0.95,True,True,TIER2_OPENSOURCE_PURE;CONTINUOUS_MINUTE_STREAM;VERIFIED_MODEL_GRID,5498e36828b5ace0fa60e30f12db6ee9fc3daf0faae5e311fcdc5be3c8846643,2026-09-17T23:26:00+00:00,2026-09-18 04:26:00,88.8,1006.0,73
10.4,15.3,35.0,948.6,275.4,42.8,5.4,2.8,0.7,446.7,141.9,11.1,7.0,34.0,27.0,24.97,False,4095,0.0,31.7,0.0,EXT-OPEN-METEO-KHI,KARACHI,OPENSOURCE_API_GRID,1408,,,,0.95,True,True,TIER2_OPENSOURCE_PURE;CONTINUOUS_MINUTE_STREAM;VERIFIED_MODEL_GRID,7264d2fdf2334347fed49b7564ad14c73fc982f24a0ae1d115ba7028d21f2f5f,2026-09-17T23:27:00+00:00,2026-09-18 04:27:00,88.7,1005.9,73
10.4,15.3,34.7,948.6,275.4,42.8,5.4,2.8,0.7,446.8,142.4,11.3,7.1,33.9,27.0,24.96,False,4095,0.0,30.8,0.0,EXT-OPEN-METEO-KHI,KARACHI,OPENSOURCE_API_GRID,1409,,,,0.95,True,True,TIER2_OPENSOURCE_PURE;CONTINUOUS_MINUTE_STREAM;VERIFIED_MODEL_GRID,8c4549f354acf2d1881bc299a38d172da3fa414aa41fd619dd32d1d075c9969e,2026-09-17T23:28:00+00:00,2026-09-18 04:28:00,88.6,1005.9,73
10.4,15.3,34.3,948.6,275.4,42.8,5.4,2.7,0.7,446.9,143.0,11.5,7.2,33.7,27.0,24.94,False,4095,0.0,29.9,0.0,EXT-OPEN-METEO-KHI,KARACHI,OPENSOURCE_API_GRID,1410,,,,0.95,True,True,TIER2_OPENSOURCE_PURE;CONTINUOUS_MINUTE_STREAM;VERIFIED_MODEL_GRID,227d6fcd565e03ae9b32e7f6981bf606bb5b040addd21ab6e70fcad641f09c30,2026-09-17T23:29:00+00:00,2026-09-18 04:29:00,88.5,1005.9,73
10.4,15.3,33.9,948.6,275.4,42.8,5.4,2.7,0.7,447.0,143.5,11.7,7.3,33.5,27.1,25.02,False,4095,0.0,29.0,0.0,EXT-OPEN-METEO-KHI,KARACHI,OPENSOURCE_API_GRID,1411,,,,0.95,True,True,TIER2_OPENSOURCE_PURE;CONTINUOUS_MINUTE_STREAM;VERIFIED_MODEL_GRID,94dcea3d0becdec00893f1f96154bbee7e50318f7b4986392d46a4b07efd91ce,2026-09-17T23:30:00+00:00,2026-09-18 04:30:00,88.4,1005.9,73
10.4,15.3,33.6,948.6,275.4,42.8,5.4,2.7,0.7,447.1,144.0,11.9,7.4,33.3,27.1,25.0,False,4095,0.0,28.1,0.0,EXT-OPEN-METEO-KHI,KARACHI,OPENSOURCE_API_GRID,1412,,,,0.95,True,True,TIER2_OPENSOURCE_PURE;CONTINUOUS_MINUTE_STREAM;VERIFIED_MODEL_GRID,a0b68f30046408eea7acb9c3144fb67c175d755417b486413c1c6868444918cd,2026-09-17T23:31:00+00:00,2026-09-18 04:31:00,88.3,1005.8,73
10.4,15.3,33.2,948.6,275.4,42.8,5.4,2.7,0.7,447.2,144.6,12.1,7.5,33.1,27.1,24.98,False,4095,0.0,27.2,0.0,EXT-OPEN-METEO-KHI,KARACHI,OPENSOURCE_API_GRID,1413,,,,0.95,True,True,TIER2_OPENSOURCE_PURE;CONTINUOUS_MINUTE_STREAM;VERIFIED_MODEL_GRID,b9c01558af536263dd9edcd8c3f44b6c9a90f816a516c9011478840dcb375708,2026-09-17T23:32:00+00:00,2026-09-18 04:32:00,88.2,1005.8,73
10.4,15.3,32.9,948.6,275.4,42.8,5.4,2.6,0.7,447.3,145.1,12.3,7.6,33.0,27.1,24.96,False,4095,0.0,26.3,0.0,EXT-OPEN-METEO-KHI,KARACHI,OPENSOURCE_API_GRID,1414,,,,0.95,True,True,TIER2_OPENSOURCE_PURE;CONTINUOUS_MINUTE_STREAM;VERIFIED_MODEL_GRID,f5d09175a5d85262095bbdd8a1c8dca92822ff6f2ca20b740d7d16a0f6648c34,2026-09-17T23:33:00+00:00,2026-09-18 04:33:00,88.1,1005.8,73
10.5,15.4,32.6,954.8,277.2,43.1,5.4,2.6,0.7,447.4,145.7,12.5,7.7,32.8,27.1,24.94,False,4095,0.0,25.5,0.0,EXT-OPEN-METEO-KHI,KARACHI,OPENSOURCE_API_GRID,1415,,,,0.95,True,True,TIER2_OPENSOURCE_PURE;CONTINUOUS_MINUTE_STREAM;VERIFIED_MODEL_GRID,b967fd1fc6485c0d946a6039b4fe9cb47aeb8b6da76bee0b3ffa4d638f2ecfa9,2026-09-17T23:34:00+00:00,2026-09-18 04:34:00,88.0,1005.8,73
10.5,15.4,32.3,954.8,277.2,43.1,5.4,2.6,0.6,447.5,146.2,12.7,7.8,32.6,27.1,24.94,False,4095,0.0,24.6,0.0,EXT-OPEN-METEO-KHI,KARACHI,OPENSOURCE_API_GRID,1416,,,,0.95,True,True,TIER2_OPENSOURCE_PURE;CONTINUOUS_MINUTE_STREAM;VERIFIED_MODEL_GRID,a643d590c32a8cd4a72d3dc059a28c693f1613aa8aae617e4d70091fc69bb774,2026-09-17T23:35:00+00:00,2026-09-18 04:35:00,88.0,1005.7,73
10.5,15.4,32.0,954.8,277.2,43.1,5.4,2.6,0.6,447.6,146.7,12.9,7.9,32.4,27.1,24.92,False,4095,0.0,23.7,0.0,EXT-OPEN-METEO-KHI,KARACHI,OPENSOURCE_API_GRID,1417,,,,0.95,True,True,TIER2_OPENSOURCE_PURE;CONTINUOUS_MINUTE_STREAM;VERIFIED_MODEL_GRID,f5b6fd7160ab131fe1b15e737e3194fb2af5d9d0eceba6bb8f0a704fc85b171b,2026-09-17T23:36:00+00:00,2026-09-18 04:36:00,87.9,1005.7,73
10.5,15.5,31.7,961.0,279.0,43.4,5.4,2.5,0.6,447.7,147.3,13.1,8.0,32.2,27.1,24.9,False,4095,0.0,22.9,0.0,EXT-OPEN-METEO-KHI,KARACHI,OPENSOURCE_API_GRID,1418,,,,0.95,True,True,TIER2_OPENSOURCE_PURE;CONTINUOUS_MINUTE_STREAM;VERIFIED_MODEL_GRID,cbbdc16d666056b18a59553ecf47b42e36ff12965cfb255cb6703ac6cb3fe0d4,2026-09-17T23:37:00+00:00,2026-09-18 04:37:00,87.8,1005.7,73
10.6,15.6,31.4,967.2,280.8,43.7,5.5,2.5,0.6,447.8,147.8,13.3,8.1,32.1,27.1,24.9,False,4095,0.0,22.1,0.0,EXT-OPEN-METEO-KHI,KARACHI,OPENSOURCE_API_GRID,1419,,,,0.95,True,True,TIER2_OPENSOURCE_PURE;CONTINUOUS_MINUTE_STREAM;VERIFIED_MODEL_GRID,ccbefaa0a758ddc6becd32ce5f45b6fd873ca69a72e0fbe70872c566685cea1a,2026-09-17T23:38:00+00:00,2026-09-18 04:38:00,87.8,1005.7,73
10.6,15.6,31.2,967.2,280.8,43.7,5.5,2.5,0.6,447.9,148.3,13.5,8.2,31.9,27.2,24.98,False,4095,0.0,21.3,0.0,EXT-OPEN-METEO-KHI,KARACHI,OPENSOURCE_API_GRID,1420,,,,0.95,True,True,TIER2_OPENSOURCE_PURE;CONTINUOUS_MINUTE_STREAM;VERIFIED_MODEL_GRID,2d0201e63e48037c34b5cddc15e224c7f2ed7e8e7dce1699a47e6d379a892626,2026-09-17T23:39:00+00:00,2026-09-18 04:39:00,87.7,1005.6,73
10.7,15.7,31.0,973.4,282.6,44.0,5.5,2.5,0.6,448.0,148.8,13.7,8.3,31.8,27.2,24.98,False,4095,0.0,20.5,0.0,EXT-OPEN-METEO-KHI,KARACHI,OPENSOURCE_API_GRID,1421,,,,0.95,True,True,TIER2_OPENSOURCE_PURE;CONTINUOUS_MINUTE_STREAM;VERIFIED_MODEL_GRID,fc3f22d4e2878360782168069d42ec3fdb408e66fe403d5e591491cb155cbe63,2026-09-17T23:40:00+00:00,2026-09-18 04:40:00,87.7,1005.6,73
10.7,15.8,30.8,979.6,284.4,44.2,5.5,2.5,0.6,448.1,149.2,13.9,8.4,31.6,27.2,24.96,False,4095,0.0,19.7,0.0,EXT-OPEN-METEO-KHI,KARACHI,OPENSOURCE_API_GRID,1422,,,,0.95,True,True,TIER2_OPENSOURCE_PURE;CONTINUOUS_MINUTE_STREAM;VERIFIED_MODEL_GRID,80c70d947af89511eb3a31f49125d792e565a1ef676c5ae44b72ae790637ebb4,2026-09-17T23:41:00+00:00,2026-09-18 04:41:00,87.6,1005.6,73
10.8,15.9,30.6,985.8,286.2,44.5,5.6,2.4,0.6,448.2,149.7,14.1,8.5,31.4,27.2,24.96,False,4095,0.0,19.0,0.0,EXT-OPEN-METEO-KHI,KARACHI,OPENSOURCE_API_GRID,1423,,,,0.95,True,True,TIER2_OPENSOURCE_PURE;CONTINUOUS_MINUTE_STREAM;VERIFIED_MODEL_GRID,67b8db63e65f8235116a4bab4732ad5dd65e462f373ab9194401ca4a29dc02c8,2026-09-17T23:42:00+00:00,2026-09-18 04:42:00,87.6,1005.6,73
10.8,15.9,30.5,985.8,286.2,44.5,5.6,2.4,0.6,448.3,150.1,14.2,8.6,31.3,27.2,24.94,False,4095,0.0,18.3,0.0,EXT-OPEN-METEO-KHI,KARACHI,OPENSOURCE_API_GRID,1424,,,,0.95,True,True,TIER2_OPENSOURCE_PURE;CONTINUOUS_MINUTE_STREAM;VERIFIED_MODEL_GRID,8d92a64d22673035534b2ada8204bf7faaec9dd158155e00dfc835b4c131c4e1,2026-09-17T23:43:00+00:00,2026-09-18 04:43:00,87.5,1005.6,73
10.9,16.0,30.3,992.0,288.0,44.8,5.6,2.4,0.6,448.3,150.5,14.4,8.6,31.2,27.3,25.04,False,4095,0.0,17.6,0.0,EXT-OPEN-METEO-KHI,KARACHI,OPENSOURCE_API_GRID,1425,,,,0.95,True,True,TIER2_OPENSOURCE_PURE;CONTINUOUS_MINUTE_STREAM;VERIFIED_MODEL_GRID,2527d11c3ac22954384907aa42bee39b96c8a6d33342ad73aba54db4ae704467,2026-09-17T23:44:00+00:00,2026-09-18 04:44:00,87.5,1005.5,73
10.9,16.1,30.2,998.2,289.8,45.1,5.6,2.4,0.6,448.4,150.9,14.5,8.7,31.0,27.3,25.04,False,4095,0.0,17.0,0.0,EXT-OPEN-METEO-KHI,KARACHI,OPENSOURCE_API_GRID,1426,,,,0.95,True,True,TIER2_OPENSOURCE_PURE;CONTINUOUS_MINUTE_STREAM;VERIFIED_MODEL_GRID,d0e2dd4c1e7edbbaa40f94f447052fb6c34eb928af88331e030273b8ec580001,2026-09-17T23:45:00+00:00,2026-09-18 04:45:00,87.5,1005.5,73
10.9,16.1,29.8,998.2,289.8,45.1,5.6,2.4,0.6,448.5,151.3,14.7,8.8,30.9,27.3,25.04,False,4095,0.0,16.4,0.0,EXT-OPEN-METEO-KHI,KARACHI,OPENSOURCE_API_GRID,1427,,,,0.95,True,True,TIER2_OPENSOURCE_PURE;CONTINUOUS_MINUTE_STREAM;VERIFIED_MODEL_GRID,f030d1e08f1551f65d8d801163f37ad0607fb59020fd39d4a54599e97e42a514,2026-09-17T23:46:00+00:00,2026-09-18 04:46:00,87.5,1005.5,73
10.9,16.1,29.7,998.2,289.8,45.1,5.6,2.4,0.6,448.6,151.7,14.8,8.9,30.8,27.3,25.04,False,4095,0.0,15.8,0.0,EXT-OPEN-METEO-KHI,KARACHI,OPENSOURCE_API_GRID,1428,,,,0.95,True,True,TIER2_OPENSOURCE_PURE;CONTINUOUS_MINUTE_STREAM;VERIFIED_MODEL_GRID,fcd4adf97873d0b37de39095967e57d6f42b691ae66739108dedcade44efaa46,2026-09-17T23:47:00+00:00,2026-09-18 04:47:00,87.5,1005.5,73
11.0,16.2,29.6,1004.4,291.6,45.4,5.7,2.4,0.6,448.6,152.0,14.9,8.9,30.7,27.4,25.12,False,4095,0.0,15.2,0.0,EXT-OPEN-METEO-KHI,KARACHI,OPENSOURCE_API_GRID,1429,,,,0.95,True,True,TIER2_OPENSOURCE_PURE;CONTINUOUS_MINUTE_STREAM;VERIFIED_MODEL_GRID,76d257a9e414fc2847d08ea515c0098af486c013a899d275f5de92895e48c7d0,2026-09-17T23:48:00+00:00,2026-09-18 04:48:00,87.4,1005.5,73
11.1,16.3,29.5,1010.6,293.4,45.6,5.7,2.4,0.6,448.7,152.3,15.1,9.0,30.6,27.4,25.12,False,4095,0.0,14.7,0.0,EXT-OPEN-METEO-KHI,KARACHI,OPENSOURCE_API_GRID,1430,,,,0.95,True,True,TIER2_OPENSOURCE_PURE;CONTINUOUS_MINUTE_STREAM;VERIFIED_MODEL_GRID,c326376135d916bd23d38933e04d4279dfd69232c2bcd918363e177f4596a231,2026-09-17T23:49:00+00:00,2026-09-18 04:49:00,87.4,1005.5,73
11.1,16.3,29.4,1010.6,293.4,45.6,5.7,2.4,0.6,448.7,152.6,15.2,9.0,30.5,27.4,25.1,False,4095,0.0,14.3,0.0,EXT-OPEN-METEO-KHI,KARACHI,OPENSOURCE_API_GRID,1431,,,,0.95,True,True,TIER2_OPENSOURCE_PURE;CONTINUOUS_MINUTE_STREAM;VERIFIED_MODEL_GRID,e7999ddf4c8f0382f338d7a487672977143448de1950bc7066eb20acecbd6bb6,2026-09-17T23:50:00+00:00,2026-09-18 04:50:00,87.3,1005.5,73
11.2,16.4,29.3,1016.8,295.2,45.9,5.7,2.3,0.6,448.8,152.9,15.3,9.1,30.4,27.4,25.1,False,4095,0.0,13.9,0.0,EXT-OPEN-METEO-KHI,KARACHI,OPENSOURCE_API_GRID,1432,,,,0.95,True,True,TIER2_OPENSOURCE_PURE;CONTINUOUS_MINUTE_STREAM;VERIFIED_MODEL_GRID,72f8011f1f7d709cc530fd1f66ca98f09a86df0bbfcf9b4d8492151ad0a24ac4,2026-09-17T23:51:00+00:00,2026-09-18 04:51:00,87.3,1005.5,73
11.2,16.4,29.2,1016.8,295.2,45.9,5.7,2.3,0.6,448.8,153.1,15.4,9.1,30.3,27.4,25.08,False,4095,0.0,13.5,0.0,EXT-OPEN-METEO-KHI,KARACHI,OPENSOURCE_API_GRID,1433,,,,0.95,True,True,TIER2_OPENSOURCE_PURE;CONTINUOUS_MINUTE_STREAM;VERIFIED_MODEL_GRID,6cd97e3baa7577ea12ec80a4e9fed15cb2178dfa68aec1dc820a5a27a0282153,2026-09-17T23:52:00+00:00,2026-09-18 04:52:00,87.2,1005.5,73
11.2,16.4,29.1,1016.8,295.2,45.9,5.7,2.3,0.6,448.9,153.3,15.4,9.2,30.2,27.4,25.08,False,4095,0.0,13.1,0.0,EXT-OPEN-METEO-KHI,KARACHI,OPENSOURCE_API_GRID,1434,,,,0.95,True,True,TIER2_OPENSOURCE_PURE;CONTINUOUS_MINUTE_STREAM;VERIFIED_MODEL_GRID,d8496a4bcfaa3e23722d7321c47396f43e0e58c4cf92dffb91b76f57dae3b5cf,2026-09-17T23:53:00+00:00,2026-09-18 04:53:00,87.2,1005.4,73
11.2,16.4,29.0,1016.8,295.2,45.9,5.7,2.3,0.6,448.9,153.5,15.5,9.2,30.2,27.4,25.06,False,4095,0.0,12.8,0.0,EXT-OPEN-METEO-KHI,KARACHI,OPENSOURCE_API_GRID,1435,,,,0.95,True,True,TIER2_OPENSOURCE_PURE;CONTINUOUS_MINUTE_STREAM;VERIFIED_MODEL_GRID,9d978b90ca198b72b97b0c509804322006d4d4642cdb5173408263c8fb6d2627,2026-09-17T23:54:00+00:00,2026-09-18 04:54:00,87.1,1005.4,73
11.2,16.4,28.9,1016.8,295.2,45.9,5.7,2.3,0.6,448.9,153.6,15.6,9.2,30.1,27.4,25.06,False,4095,0.0,12.6,0.0,EXT-OPEN-METEO-KHI,KARACHI,OPENSOURCE_API_GRID,1436,,,,0.95,True,True,TIER2_OPENSOURCE_PURE;CONTINUOUS_MINUTE_STREAM;VERIFIED_MODEL_GRID,eacd1109d4f915692674cb236286a500436d1918f0e997ca093e5f2f1e23878a,2026-09-17T23:55:00+00:00,2026-09-18 04:55:00,87.1,1005.4,73
11.2,16.4,28.8,1016.8,295.2,45.9,5.7,2.3,0.6,449.0,153.8,15.6,9.3,30.1,27.4,25.04,False,4095,0.0,12.4,0.0,EXT-OPEN-METEO-KHI,KARACHI,OPENSOURCE_API_GRID,1437,,,,0.95,True,True,TIER2_OPENSOURCE_PURE;CONTINUOUS_MINUTE_STREAM;VERIFIED_MODEL_GRID,b40d44ac8ddda15af254cb12829953bebaeb8a523d3c5b99abc0aab4e583ab5c,2026-09-17T23:56:00+00:00,2026-09-18 04:56:00,87.0,1005.4,73
11.2,16.4,28.7,1016.8,295.2,45.9,5.7,2.3,0.6,449.0,153.9,15.7,9.3,30.0,27.4,25.04,False,4095,0.0,12.2,0.0,EXT-OPEN-METEO-KHI,KARACHI,OPENSOURCE_API_GRID,1438,,,,0.95,True,True,TIER2_OPENSOURCE_PURE;CONTINUOUS_MINUTE_STREAM;VERIFIED_MODEL_GRID,e437eb3e97ea0802620a85356e10f787ac868d9b8b601ac2e36b953a6d709dc8,2026-09-17T23:57:00+00:00,2026-09-18 04:57:00,87.0,1005.4,73
11.2,16.4,28.6,1016.8,295.2,45.9,5.7,2.3,0.6,449.0,153.9,15.7,9.3,30.0,27.4,25.02,False,4095,0.0,12.1,0.0,EXT-OPEN-METEO-KHI,KARACHI,OPENSOURCE_API_GRID,1439,,,,0.95,True,True,TIER2_OPENSOURCE_PURE;CONTINUOUS_MINUTE_STREAM;VERIFIED_MODEL_GRID,8760fd31f6830ecae12bef092cbc21385786201c12aa8ead7229d4f453e3cec0,2026-09-17T23:58:00+00:00,2026-09-18 04:58:00,86.9,1005.4,73
11.1,16.3,28.5,1010.6,293.4,45.6,5.7,2.3,0.6,449.0,154.0,15.7,9.3,30.0,27.4,25.02,False,4095,0.0,12.0,0.0,EXT-OPEN-METEO-KHI,KARACHI,OPENSOURCE_API_GRID,1440,,,,0.95,True,True,TIER2_OPENSOURCE_PURE;CONTINUOUS_MINUTE_STREAM;VERIFIED_MODEL_GRID,3f8049c291c1d64ba95efc9756d6b64c3a8a4e9f7086f218964dcd9ff318ba50,2026-09-17T23:59:00+00:00,2026-09-18 04:59:00,86.9,1005.4,73
