pm1_raw,pm2_5_raw,pm10_raw,particle_bin_0_3um,particle_bin_0_5um,particle_bin_1_0um,particle_bin_2_5um,particle_bin_5_0um,particle_bin_10_0um,co2_ppm,co_ug_m3,no2_ug_m3,so2_ug_m3,o3_ug_m3,temperature_c,dew_point_c,rain_flag,precipitation_analog_val,precipitation_mm,cloud_cover_pct,solar_radiation_w_m2,station_id,campus_id,device_uid,sequence_number,battery_voltage_v,wifi_rssi_dbm,free_heap_bytes,quality_score,is_valid,is_interpolated,qc_flags,content_hash,observed_at_utc,observed_at_pk,humidity_pct,pressure_hpa,aqi
10.1,14.9,39.1,923.8,268.2,41.7,5.2,3.1,0.8,446.0,149.0,7.9,5.4,37.0,26.9,25.34,False,4095,0.0,46.0,0.0,EXT-OPEN-METEO-KHI,KARACHI,OPENSOURCE_API_GRID,1,,,,0.95,True,False,TIER2_OPENSOURCE_PURE;HOURLY_NODE;VERIFIED_MODEL_GRID,fb7a1c1f809869d6ef6c719b1faade0ef739ddf6c8e05a2c08c4606d7bf554a7,2026-09-18T00:00:00+00:00,2026-09-18 05:00:00,91.2,1005.8,74
10.1,14.9,39.2,923.8,268.2,41.7,5.2,3.1,0.8,446.0,149.0,7.9,5.4,37.0,26.9,25.32,False,4095,0.0,46.0,0.0,EXT-OPEN-METEO-KHI,KARACHI,OPENSOURCE_API_GRID,2,,,,0.95,True,True,TIER2_OPENSOURCE_PURE;CONTINUOUS_MINUTE_STREAM;VERIFIED_MODEL_GRID,c7a1f9f3752271c39fd0a395860603259e71b4a4aa1cf66c58213e60ae8333d9,2026-09-18T00:01:00+00:00,2026-09-18 05:01:00,91.1,1005.8,74
10.2,15.0,39.2,930.0,270.0,42.0,5.2,3.1,0.8,446.0,149.2,7.9,5.4,37.0,26.9,25.32,False,4095,0.0,46.0,0.0,EXT-OPEN-METEO-KHI,KARACHI,OPENSOURCE_API_GRID,3,,,,0.95,True,True,TIER2_OPENSOURCE_PURE;CONTINUOUS_MINUTE_STREAM;VERIFIED_MODEL_GRID,4adde138f83ef18f52922743430b5e9890825ce1bfba662481691a90a29f3f73,2026-09-18T00:02:00+00:00,2026-09-18 05:02:00,91.1,1005.8,74
10.2,15.0,39.3,930.0,270.0,42.0,5.2,3.1,0.8,446.0,149.4,7.9,5.4,37.0,26.9,25.32,False,4095,0.0,46.0,0.0,EXT-OPEN-METEO-KHI,KARACHI,OPENSOURCE_API_GRID,4,,,,0.95,True,True,TIER2_OPENSOURCE_PURE;CONTINUOUS_MINUTE_STREAM;VERIFIED_MODEL_GRID,becbf35521ff4353d9dd9b5efa488bcc8c63c84877fe373b5a3d8534d327e4ba,2026-09-18T00:03:00+00:00,2026-09-18 05:03:00,91.1,1005.8,74
10.3,15.1,39.3,936.2,271.8,42.3,5.3,3.1,0.8,446.0,149.7,7.9,5.4,37.0,26.9,25.32,False,4095,0.0,46.0,0.0,EXT-OPEN-METEO-KHI,KARACHI,OPENSOURCE_API_GRID,5,,,,0.95,True,True,TIER2_OPENSOURCE_PURE;CONTINUOUS_MINUTE_STREAM;VERIFIED_MODEL_GRID,3bcc1faa48ab13ef53f9e8969dda4a78b98ee2e9e38674bdc0ce378700b1ee17,2026-09-18T00:04:00+00:00,2026-09-18 05:04:00,91.1,1005.8,74
10.3,15.1,39.3,936.2,271.8,42.3,5.3,3.1,0.8,446.0,150.0,7.9,5.4,37.0,26.9,25.32,False,4095,0.0,45.9,0.0,EXT-OPEN-METEO-KHI,KARACHI,OPENSOURCE_API_GRID,6,,,,0.95,True,True,TIER2_OPENSOURCE_PURE;CONTINUOUS_MINUTE_STREAM;VERIFIED_MODEL_GRID,71fdbee53c1ea4b99dc168ef819363bcd5e738335cd696507b3b4952cbcd1257,2026-09-18T00:05:00+00:00,2026-09-18 05:05:00,91.1,1005.8,74
10.3,15.1,39.3,936.2,271.8,42.3,5.3,3.1,0.8,446.0,150.5,7.9,5.4,37.0,26.9,25.32,False,4095,0.0,45.9,0.0,EXT-OPEN-METEO-KHI,KARACHI,OPENSOURCE_API_GRID,7,,,,0.95,True,True,TIER2_OPENSOURCE_PURE;CONTINUOUS_MINUTE_STREAM;VERIFIED_MODEL_GRID,957fe48e58f070ae073301fa1aa05300fe77c1155e8c19a4a4e597e3074998dc,2026-09-18T00:06:00+00:00,2026-09-18 05:06:00,91.1,1005.8,74
10.3,15.1,39.3,936.2,271.8,42.3,5.3,3.1,0.8,446.0,151.0,8.0,5.4,36.9,26.9,25.32,False,4095,0.0,45.9,0.0,EXT-OPEN-METEO-KHI,KARACHI,OPENSOURCE_API_GRID,8,,,,0.95,True,True,TIER2_OPENSOURCE_PURE;CONTINUOUS_MINUTE_STREAM;VERIFIED_MODEL_GRID,44d2c9a5ae631dbbd798bf090a31808896e485589997068c35046982fd3d4ede,2026-09-18T00:07:00+00:00,2026-09-18 05:07:00,91.1,1005.8,74
10.3,15.1,39.3,936.2,271.8,42.3,5.3,3.1,0.8,446.0,151.6,8.0,5.4,36.9,26.9,25.31,False,4095,0.0,45.9,0.0,EXT-OPEN-METEO-KHI,KARACHI,OPENSOURCE_API_GRID,9,,,,0.95,True,True,TIER2_OPENSOURCE_PURE;CONTINUOUS_MINUTE_STREAM;VERIFIED_MODEL_GRID,5663920a5c552a2da79bbf906cd9395a16a8a3b266ec4df587cc16008ff8301c,2026-09-18T00:08:00+00:00,2026-09-18 05:08:00,91.0,1005.8,74
10.3,15.1,39.2,936.2,271.8,42.3,5.3,3.1,0.8,446.0,152.3,8.0,5.4,36.9,26.9,25.31,False,4095,0.0,45.8,0.0,EXT-OPEN-METEO-KHI,KARACHI,OPENSOURCE_API_GRID,10,,,,0.95,True,True,TIER2_OPENSOURCE_PURE;CONTINUOUS_MINUTE_STREAM;VERIFIED_MODEL_GRID,6e4b90026453878f27e75ea4cc3e107dd9005d1d353e889dd7234706e6c5e74b,2026-09-18T00:09:00+00:00,2026-09-18 05:09:00,91.0,1005.9,74
10.2,15.0,39.2,930.0,270.0,42.0,5.2,3.1,0.8,446.0,153.0,8.0,5.4,36.9,26.9,25.31,False,4095,0.0,45.8,0.0,EXT-OPEN-METEO-KHI,KARACHI,OPENSOURCE_API_GRID,11,,,,0.95,True,True,TIER2_OPENSOURCE_PURE;CONTINUOUS_MINUTE_STREAM;VERIFIED_MODEL_GRID,7377cd4b93c484c84f44abf9b19db685020fe0907d3b4a2514a77a96a4c87ed0,2026-09-18T00:10:00+00:00,2026-09-18 05:10:00,91.0,1005.9,74
10.2,15.0,39.1,930.0,270.0,42.0,5.2,3.1,0.8,446.0,153.8,8.0,5.4,36.8,26.9,25.31,False,4095,0.0,45.8,0.0,EXT-OPEN-METEO-KHI,KARACHI,OPENSOURCE_API_GRID,12,,,,0.95,True,True,TIER2_OPENSOURCE_PURE;CONTINUOUS_MINUTE_STREAM;VERIFIED_MODEL_GRID,23db6e23b26d7ccf7458f8d5d340e40a4edcdbef05d2a790803e80ab2d82a362,2026-09-18T00:11:00+00:00,2026-09-18 05:11:00,91.0,1005.9,74
10.2,15.0,39.0,930.0,270.0,42.0,5.2,3.1,0.8,446.0,154.7,8.1,5.5,36.8,26.9,25.29,False,4095,0.0,45.7,0.0,EXT-OPEN-METEO-KHI,KARACHI,OPENSOURCE_API_GRID,13,,,,0.95,True,True,TIER2_OPENSOURCE_PURE;CONTINUOUS_MINUTE_STREAM;VERIFIED_MODEL_GRID,0bc02e659c25550620af6fb5e75ee954dd41c71c814850e546b84411e989e1f3,2026-09-18T00:12:00+00:00,2026-09-18 05:12:00,90.9,1005.9,74
10.1,14.9,38.9,923.8,268.2,41.7,5.2,3.1,0.8,446.0,155.7,8.1,5.5,36.8,26.9,25.29,False,4095,0.0,45.7,0.0,EXT-OPEN-METEO-KHI,KARACHI,OPENSOURCE_API_GRID,14,,,,0.95,True,True,TIER2_OPENSOURCE_PURE;CONTINUOUS_MINUTE_STREAM;VERIFIED_MODEL_GRID,e15a9721c439f87d2cd227dc3d61595de7ffe8f342f0b25501857b9871f6050e,2026-09-18T00:13:00+00:00,2026-09-18 05:13:00,90.9,1005.9,74
10.1,14.9,38.7,923.8,268.2,41.7,5.2,3.1,0.8,446.0,156.7,8.1,5.5,36.7,26.9,25.29,False,4095,0.0,45.6,0.0,EXT-OPEN-METEO-KHI,KARACHI,OPENSOURCE_API_GRID,15,,,,0.95,True,True,TIER2_OPENSOURCE_PURE;CONTINUOUS_MINUTE_STREAM;VERIFIED_MODEL_GRID,57dae758e00d8f7e3c8b3512b80c9371077adcce4c829891de0e179e576023ab,2026-09-18T00:14:00+00:00,2026-09-18 05:14:00,90.9,1005.9,74
10.1,14.8,38.6,917.6,266.4,41.4,5.2,3.1,0.8,446.0,157.8,8.2,5.5,36.7,26.9,25.29,False,4095,0.0,45.6,0.0,EXT-OPEN-METEO-KHI,KARACHI,OPENSOURCE_API_GRID,16,,,,0.95,True,True,TIER2_OPENSOURCE_PURE;CONTINUOUS_MINUTE_STREAM;VERIFIED_MODEL_GRID,c97f902473ee44cc27293c22ff3687245f495dc1b04a1fd54befc4c09fdb4791,2026-09-18T00:15:00+00:00,2026-09-18 05:15:00,90.9,1005.9,74
10.1,14.8,38.5,917.6,266.4,41.4,5.2,3.1,0.8,446.0,158.9,8.2,5.5,36.7,26.9,25.29,False,4095,0.0,45.5,0.0,EXT-OPEN-METEO-KHI,KARACHI,OPENSOURCE_API_GRID,17,,,,0.95,True,True,TIER2_OPENSOURCE_PURE;CONTINUOUS_MINUTE_STREAM;VERIFIED_MODEL_GRID,ae2394ac8376d89fa640df74a3e416b339f9568b2d26dad368a9ee62a87754a1,2026-09-18T00:16:00+00:00,2026-09-18 05:16:00,90.9,1005.9,74
10.0,14.7,38.4,911.4,264.6,41.2,5.1,3.1,0.8,446.0,160.1,8.2,5.5,36.6,26.9,25.29,False,4095,0.0,45.4,0.0,EXT-OPEN-METEO-KHI,KARACHI,OPENSOURCE_API_GRID,18,,,,0.95,True,True,TIER2_OPENSOURCE_PURE;CONTINUOUS_MINUTE_STREAM;VERIFIED_MODEL_GRID,248f6052e32513313d4b7d992ad36999553a6332eeb07aae104bb144823db855,2026-09-18T00:17:00+00:00,2026-09-18 05:17:00,90.9,1005.9,74
10.0,14.7,38.3,911.4,264.6,41.2,5.1,3.1,0.8,446.0,161.4,8.3,5.5,36.6,26.9,25.29,False,4095,0.0,45.4,0.0,EXT-OPEN-METEO-KHI,KARACHI,OPENSOURCE_API_GRID,19,,,,0.95,True,True,TIER2_OPENSOURCE_PURE;CONTINUOUS_MINUTE_STREAM;VERIFIED_MODEL_GRID,8559fa2ebd606253d0fc0792f81fe8dd882a7e1ff6bf272e1ff2f6a86e26b679,2026-09-18T00:18:00+00:00,2026-09-18 05:18:00,90.9,1006.0,74
10.0,14.7,38.2,911.4,264.6,41.2,5.1,3.1,0.8,446.0,162.7,8.3,5.5,36.5,26.9,25.29,False,4095,0.0,45.3,0.0,EXT-OPEN-METEO-KHI,KARACHI,OPENSOURCE_API_GRID,20,,,,0.95,True,True,TIER2_OPENSOURCE_PURE;CONTINUOUS_MINUTE_STREAM;VERIFIED_MODEL_GRID,5f291fb9a8b2d2bb0d24c39dde5b2060b8a093ba8993de405d761c552aeaf061,2026-09-18T00:19:00+00:00,2026-09-18 05:19:00,90.9,1006.0,74
9.9,14.6,38.1,905.2,262.8,40.9,5.1,3.0,0.8,446.0,164.0,8.3,5.6,36.5,26.9,25.29,False,4095,0.0,45.2,0.0,EXT-OPEN-METEO-KHI,KARACHI,OPENSOURCE_API_GRID,21,,,,0.95,True,True,TIER2_OPENSOURCE_PURE;CONTINUOUS_MINUTE_STREAM;VERIFIED_MODEL_GRID,eaba71e0aea0856c1918467e5b4fe10a05c5275b61f8f19c1bc5e8cf795b6685,2026-09-18T00:20:00+00:00,2026-09-18 05:20:00,90.9,1006.0,74
9.9,14.6,38.0,905.2,262.8,40.9,5.1,3.0,0.8,446.0,165.4,8.4,5.6,36.5,26.9,25.29,False,4095,0.0,45.2,0.0,EXT-OPEN-METEO-KHI,KARACHI,OPENSOURCE_API_GRID,22,,,,0.95,True,True,TIER2_OPENSOURCE_PURE;CONTINUOUS_MINUTE_STREAM;VERIFIED_MODEL_GRID,5fd9012c6da1dc0901d91374426b81b052128266bb2610b4094175bf562b8449,2026-09-18T00:21:00+00:00,2026-09-18 05:21:00,90.9,1006.0,74
9.9,14.6,38.0,905.2,262.8,40.9,5.1,3.0,0.8,446.0,166.8,8.4,5.6,36.4,26.9,25.29,False,4095,0.0,45.1,0.0,EXT-OPEN-METEO-KHI,KARACHI,OPENSOURCE_API_GRID,23,,,,0.95,True,True,TIER2_OPENSOURCE_PURE;CONTINUOUS_MINUTE_STREAM;VERIFIED_MODEL_GRID,6312691ccf12b8fac9230118b98e4374699ec0ad49d2dd3d237520e1f7627a3b,2026-09-18T00:22:00+00:00,2026-09-18 05:22:00,90.9,1006.0,74
9.9,14.6,37.9,905.2,262.8,40.9,5.1,3.0,0.8,446.0,168.2,8.5,5.6,36.4,26.9,25.29,False,4095,0.0,45.0,0.0,EXT-OPEN-METEO-KHI,KARACHI,OPENSOURCE_API_GRID,24,,,,0.95,True,True,TIER2_OPENSOURCE_PURE;CONTINUOUS_MINUTE_STREAM;VERIFIED_MODEL_GRID,ed34f0efd9c5c277fd8f2f0ca31d810ceaef6d178b302718e01fb5ffc5b3d3bc,2026-09-18T00:23:00+00:00,2026-09-18 05:23:00,90.9,1006.0,74
9.9,14.6,37.9,905.2,262.8,40.9,5.1,3.0,0.8,446.0,169.7,8.5,5.6,36.3,26.9,25.29,False,4095,0.0,45.0,0.0,EXT-OPEN-METEO-KHI,KARACHI,OPENSOURCE_API_GRID,25,,,,0.95,True,True,TIER2_OPENSOURCE_PURE;CONTINUOUS_MINUTE_STREAM;VERIFIED_MODEL_GRID,6523ae18287db18bd9cff04d5546409d4313931b60a208f18bff506bdb103527,2026-09-18T00:24:00+00:00,2026-09-18 05:24:00,90.9,1006.0,74
10.0,14.7,37.9,911.4,264.6,41.2,5.1,3.0,0.8,446.0,171.2,8.6,5.6,36.3,26.9,25.29,False,4095,0.0,44.9,0.0,EXT-OPEN-METEO-KHI,KARACHI,OPENSOURCE_API_GRID,26,,,,0.95,True,True,TIER2_OPENSOURCE_PURE;CONTINUOUS_MINUTE_STREAM;VERIFIED_MODEL_GRID,187010916be03a7fe37019b974d905c17c9c5cbfe98c0ad71a9f44952ec138e2,2026-09-18T00:25:00+00:00,2026-09-18 05:25:00,90.9,1006.1,74
10.0,14.7,37.8,911.4,264.6,41.2,5.1,3.0,0.8,446.0,172.8,8.6,5.6,36.2,26.9,25.29,False,4095,0.0,44.8,0.0,EXT-OPEN-METEO-KHI,KARACHI,OPENSOURCE_API_GRID,27,,,,0.95,True,True,TIER2_OPENSOURCE_PURE;CONTINUOUS_MINUTE_STREAM;VERIFIED_MODEL_GRID,97dd29c51dc77974beae9320edb73a30c53186b43627df534baf17728d25aa69,2026-09-18T00:26:00+00:00,2026-09-18 05:26:00,90.9,1006.1,74
10.0,14.7,37.8,911.4,264.6,41.2,5.1,3.0,0.8,446.0,174.3,8.7,5.7,36.2,26.9,25.31,False,4095,0.0,44.7,0.0,EXT-OPEN-METEO-KHI,KARACHI,OPENSOURCE_API_GRID,28,,,,0.95,True,True,TIER2_OPENSOURCE_PURE;CONTINUOUS_MINUTE_STREAM;VERIFIED_MODEL_GRID,9838f32e9e4fe5c387dc50657e9b402c48e0a44f0f84e48bc109d661dbe33dbf,2026-09-18T00:27:00+00:00,2026-09-18 05:27:00,91.0,1006.1,74
10.1,14.8,37.8,917.6,266.4,41.4,5.2,3.0,0.8,446.0,175.9,8.7,5.7,36.1,26.9,25.31,False,4095,0.0,44.7,0.0,EXT-OPEN-METEO-KHI,KARACHI,OPENSOURCE_API_GRID,29,,,,0.95,True,True,TIER2_OPENSOURCE_PURE;CONTINUOUS_MINUTE_STREAM;VERIFIED_MODEL_GRID,78ea3a131605bd294240b70b4329ad8729f7ec0ef239c4d916769720eacba913,2026-09-18T00:28:00+00:00,2026-09-18 05:28:00,91.0,1006.1,74
10.1,14.8,37.8,917.6,266.4,41.4,5.2,3.0,0.8,446.0,177.4,8.8,5.7,36.1,26.9,25.31,False,4095,0.0,44.6,0.0,EXT-OPEN-METEO-KHI,KARACHI,OPENSOURCE_API_GRID,30,,,,0.95,True,True,TIER2_OPENSOURCE_PURE;CONTINUOUS_MINUTE_STREAM;VERIFIED_MODEL_GRID,aae1a2aa08b7d44f189e7b99569fa85c10d9acfa2efc6d2523326495db7e561a,2026-09-18T00:29:00+00:00,2026-09-18 05:29:00,91.0,1006.1,74
10.1,14.8,37.8,917.6,266.4,41.4,5.2,3.0,0.8,446.0,179.0,8.8,5.7,36.0,26.9,25.31,False,4095,0.0,44.5,0.0,EXT-OPEN-METEO-KHI,KARACHI,OPENSOURCE_API_GRID,31,,,,0.95,True,True,TIER2_OPENSOURCE_PURE;CONTINUOUS_MINUTE_STREAM;VERIFIED_MODEL_GRID,7eeda2e95680309c3d18509e3f026116f25af7f7fc2716c10fdcaa05538bc20f,2026-09-18T00:30:00+00:00,2026-09-18 05:30:00,91.0,1006.1,74
10.0,14.7,37.6,911.4,264.6,41.2,5.1,3.0,0.8,446.0,180.6,8.8,5.7,35.9,26.9,25.34,False,4095,0.0,44.4,0.0,EXT-OPEN-METEO-KHI,KARACHI,OPENSOURCE_API_GRID,32,,,,0.95,True,True,TIER2_OPENSOURCE_PURE;CONTINUOUS_MINUTE_STREAM;VERIFIED_MODEL_GRID,dda34357de67b257af7e9fcce6c92e832335c209254e309d7b0c43e438d9f537,2026-09-18T00:31:00+00:00,2026-09-18 05:31:00,91.2,1006.2,74
10.1,14.8,37.6,917.6,266.4,41.4,5.2,3.0,0.8,446.0,182.1,8.9,5.7,35.9,26.9,25.32,False,4095,0.0,44.3,0.0,EXT-OPEN-METEO-KHI,KARACHI,OPENSOURCE_API_GRID,33,,,,0.95,True,True,TIER2_OPENSOURCE_PURE;CONTINUOUS_MINUTE_STREAM;VERIFIED_MODEL_GRID,290d8df1e255034bab56203b20a6158d9c26597a6e1f9cfe40d0ac1e8f54c464,2026-09-18T00:32:00+00:00,2026-09-18 05:32:00,91.1,1006.2,74
10.1,14.8,37.6,917.6,266.4,41.4,5.2,3.0,0.8,446.0,183.7,8.9,5.7,35.8,26.9,25.32,False,4095,0.0,44.3,0.0,EXT-OPEN-METEO-KHI,KARACHI,OPENSOURCE_API_GRID,34,,,,0.95,True,True,TIER2_OPENSOURCE_PURE;CONTINUOUS_MINUTE_STREAM;VERIFIED_MODEL_GRID,b8974ba1fad276b87e2ccb7ccb16e36b626b1dbd91f647da1ec8c9255b8df63d,2026-09-18T00:33:00+00:00,2026-09-18 05:33:00,91.1,1006.2,74
10.1,14.8,37.6,917.6,266.4,41.4,5.2,3.0,0.8,446.0,185.2,9.0,5.8,35.8,26.9,25.32,False,4095,0.0,44.2,0.0,EXT-OPEN-METEO-KHI,KARACHI,OPENSOURCE_API_GRID,35,,,,0.95,True,True,TIER2_OPENSOURCE_PURE;CONTINUOUS_MINUTE_STREAM;VERIFIED_MODEL_GRID,8bca8e0607be8f9be98e5be2ddb89b5419f2c6eadd03715ba35f79e80e4bea08,2026-09-18T00:34:00+00:00,2026-09-18 05:34:00,91.1,1006.2,74
10.1,14.9,37.6,923.8,268.2,41.7,5.2,3.0,0.8,446.0,186.8,9.0,5.8,35.7,26.9,25.32,False,4095,0.0,44.1,0.0,EXT-OPEN-METEO-KHI,KARACHI,OPENSOURCE_API_GRID,36,,,,0.95,True,True,TIER2_OPENSOURCE_PURE;CONTINUOUS_MINUTE_STREAM;VERIFIED_MODEL_GRID,9e833b30fe019bf0d673401932a3e7ff80860fb01b3f73147a306d34de6680ae,2026-09-18T00:35:00+00:00,2026-09-18 05:35:00,91.1,1006.3,74
10.1,14.9,37.5,923.8,268.2,41.7,5.2,3.0,0.8,446.0,188.3,9.1,5.8,35.7,26.9,25.32,False,4095,0.0,44.0,0.0,EXT-OPEN-METEO-KHI,KARACHI,OPENSOURCE_API_GRID,37,,,,0.95,True,True,TIER2_OPENSOURCE_PURE;CONTINUOUS_MINUTE_STREAM;VERIFIED_MODEL_GRID,5e92c0011af31c65694e92f53dbc4b6dd0be2494eca1029543115aa23e971acb,2026-09-18T00:36:00+00:00,2026-09-18 05:36:00,91.1,1006.3,74
10.1,14.9,37.5,923.8,268.2,41.7,5.2,3.0,0.8,446.0,189.8,9.1,5.8,35.6,26.9,25.32,False,4095,0.0,44.0,0.0,EXT-OPEN-METEO-KHI,KARACHI,OPENSOURCE_API_GRID,38,,,,0.95,True,True,TIER2_OPENSOURCE_PURE;CONTINUOUS_MINUTE_STREAM;VERIFIED_MODEL_GRID,cb68a89cfdfe4bff5e5c2bd616086a762abf51b5c841bc93099c16cef7b6b430,2026-09-18T00:37:00+00:00,2026-09-18 05:37:00,91.1,1006.3,74
10.1,14.9,37.4,923.8,268.2,41.7,5.2,3.0,0.7,446.0,191.2,9.2,5.8,35.6,26.9,25.32,False,4095,0.0,43.9,0.0,EXT-OPEN-METEO-KHI,KARACHI,OPENSOURCE_API_GRID,39,,,,0.95,True,True,TIER2_OPENSOURCE_PURE;CONTINUOUS_MINUTE_STREAM;VERIFIED_MODEL_GRID,bf70bb888814fef723372ad18fc00023d1e0c4e2c34ffe0db6273adab7ab0c64,2026-09-18T00:38:00+00:00,2026-09-18 05:38:00,91.1,1006.3,74
10.1,14.9,37.4,923.8,268.2,41.7,5.2,3.0,0.7,446.0,192.6,9.2,5.8,35.5,26.9,25.31,False,4095,0.0,43.8,0.0,EXT-OPEN-METEO-KHI,KARACHI,OPENSOURCE_API_GRID,40,,,,0.95,True,True,TIER2_OPENSOURCE_PURE;CONTINUOUS_MINUTE_STREAM;VERIFIED_MODEL_GRID,fd87ffbd3684b75422a825e31334b063a5cd3fb3197ef07a63eb252d8463aac6,2026-09-18T00:39:00+00:00,2026-09-18 05:39:00,91.0,1006.3,74
10.1,14.9,37.3,923.8,268.2,41.7,5.2,3.0,0.7,446.0,194.0,9.2,5.8,35.5,26.9,25.31,False,4095,0.0,43.8,0.0,EXT-OPEN-METEO-KHI,KARACHI,OPENSOURCE_API_GRID,41,,,,0.95,True,True,TIER2_OPENSOURCE_PURE;CONTINUOUS_MINUTE_STREAM;VERIFIED_MODEL_GRID,57f96b8a39aa2c632b6966615083921cff6d57720865a4eba1ff575d1231e893,2026-09-18T00:40:00+00:00,2026-09-18 05:40:00,91.0,1006.3,74
10.1,14.8,37.2,917.6,266.4,41.4,5.2,3.0,0.7,446.0,195.3,9.3,5.9,35.5,26.9,25.31,False,4095,0.0,43.7,0.0,EXT-OPEN-METEO-KHI,KARACHI,OPENSOURCE_API_GRID,42,,,,0.95,True,True,TIER2_OPENSOURCE_PURE;CONTINUOUS_MINUTE_STREAM;VERIFIED_MODEL_GRID,8bbaffaf9f5e5729eefa3d28dc551e15028580c93b8f3995cc87644648af842a,2026-09-18T00:41:00+00:00,2026-09-18 05:41:00,91.0,1006.4,74
10.1,14.8,37.1,917.6,266.4,41.4,5.2,3.0,0.7,446.0,196.6,9.3,5.9,35.4,26.9,25.31,False,4095,0.0,43.6,0.0,EXT-OPEN-METEO-KHI,KARACHI,OPENSOURCE_API_GRID,43,,,,0.95,True,True,TIER2_OPENSOURCE_PURE;CONTINUOUS_MINUTE_STREAM;VERIFIED_MODEL_GRID,97bafed8f29b80710f9dc99e95ef71a594c1c2f3ef283a83ecee687d85ec4ff3,2026-09-18T00:42:00+00:00,2026-09-18 05:42:00,91.0,1006.4,74
10.0,14.7,37.0,911.4,264.6,41.2,5.1,3.0,0.7,446.0,197.9,9.4,5.9,35.4,26.9,25.29,False,4095,0.0,43.6,0.0,EXT-OPEN-METEO-KHI,KARACHI,OPENSOURCE_API_GRID,44,,,,0.95,True,True,TIER2_OPENSOURCE_PURE;CONTINUOUS_MINUTE_STREAM;VERIFIED_MODEL_GRID,5d11bfa0702fb16571101752f68199004ebf4e35ddd8b8c5089aa013fed9b220,2026-09-18T00:43:00+00:00,2026-09-18 05:43:00,90.9,1006.4,74
10.0,14.7,36.8,911.4,264.6,41.2,5.1,2.9,0.7,446.0,199.1,9.4,5.9,35.3,26.9,25.29,False,4095,0.0,43.5,0.0,EXT-OPEN-METEO-KHI,KARACHI,OPENSOURCE_API_GRID,45,,,,0.95,True,True,TIER2_OPENSOURCE_PURE;CONTINUOUS_MINUTE_STREAM;VERIFIED_MODEL_GRID,86574944cce6e6a519eedc5cbec33345b9e24a6b0fb6b03a5bdd4ae98ba0ea72,2026-09-18T00:44:00+00:00,2026-09-18 05:44:00,90.9,1006.4,74
10.0,14.7,36.7,911.4,264.6,41.2,5.1,2.9,0.7,446.0,200.2,9.4,5.9,35.3,26.9,25.29,False,4095,0.0,43.4,0.0,EXT-OPEN-METEO-KHI,KARACHI,OPENSOURCE_API_GRID,46,,,,0.95,True,True,TIER2_OPENSOURCE_PURE;CONTINUOUS_MINUTE_STREAM;VERIFIED_MODEL_GRID,40ab2eaf88853da26e5a5ae8fe7a28b7f46ec2fe44445574082cd5af2175c1c1,2026-09-18T00:45:00+00:00,2026-09-18 05:45:00,90.9,1006.4,74
9.9,14.6,36.6,905.2,262.8,40.9,5.1,2.9,0.7,446.0,201.3,9.5,5.9,35.3,26.9,25.29,False,4095,0.0,43.4,0.0,EXT-OPEN-METEO-KHI,KARACHI,OPENSOURCE_API_GRID,47,,,,0.95,True,True,TIER2_OPENSOURCE_PURE;CONTINUOUS_MINUTE_STREAM;VERIFIED_MODEL_GRID,7d5a23c14d4e284a9cc741bd90bfdc2e7117b413facdf2d6e98f7a06833454af,2026-09-18T00:46:00+00:00,2026-09-18 05:46:00,90.9,1006.4,74
9.9,14.6,36.5,905.2,262.8,40.9,5.1,2.9,0.7,446.0,202.3,9.5,5.9,35.2,26.9,25.29,False,4095,0.0,43.3,0.0,EXT-OPEN-METEO-KHI,KARACHI,OPENSOURCE_API_GRID,48,,,,0.95,True,True,TIER2_OPENSOURCE_PURE;CONTINUOUS_MINUTE_STREAM;VERIFIED_MODEL_GRID,1052cb7b1ef10ab279a3fc11549d46e3bc3c8dd351c788664838157863745080,2026-09-18T00:47:00+00:00,2026-09-18 05:47:00,90.9,1006.4,74
9.9,14.5,36.4,899.0,261.0,40.6,5.1,2.9,0.7,446.0,203.3,9.5,5.9,35.2,26.9,25.29,False,4095,0.0,43.3,0.0,EXT-OPEN-METEO-KHI,KARACHI,OPENSOURCE_API_GRID,49,,,,0.95,True,True,TIER2_OPENSOURCE_PURE;CONTINUOUS_MINUTE_STREAM;VERIFIED_MODEL_GRID,04d5ba54ac04dbfe655a9af7183f0c6fdcd1560f6a0d632a6931cccaee49336e,2026-09-18T00:48:00+00:00,2026-09-18 05:48:00,90.9,1006.5,74
9.9,14.5,36.3,899.0,261.0,40.6,5.1,2.9,0.7,446.0,204.2,9.6,6.0,35.2,26.9,25.29,False,4095,0.0,43.2,0.0,EXT-OPEN-METEO-KHI,KARACHI,OPENSOURCE_API_GRID,50,,,,0.95,True,True,TIER2_OPENSOURCE_PURE;CONTINUOUS_MINUTE_STREAM;VERIFIED_MODEL_GRID,c3389af495920977f7f19a7e056937125f1291634a0ce6cd06fc3224562abf2d,2026-09-18T00:49:00+00:00,2026-09-18 05:49:00,90.9,1006.5,74
9.8,14.4,36.2,892.8,259.2,40.3,5.0,2.9,0.7,446.0,205.0,9.6,6.0,35.1,26.9,25.29,False,4095,0.0,43.2,0.0,EXT-OPEN-METEO-KHI,KARACHI,OPENSOURCE_API_GRID,51,,,,0.95,True,True,TIER2_OPENSOURCE_PURE;CONTINUOUS_MINUTE_STREAM;VERIFIED_MODEL_GRID,aa1b9dc31d8826e13f2347ea98751377a5efa8426e1a4f3d9d4cbd607d1eab0b,2026-09-18T00:50:00+00:00,2026-09-18 05:50:00,90.9,1006.5,74
9.8,14.4,36.2,892.8,259.2,40.3,5.0,2.9,0.7,446.0,205.7,9.6,6.0,35.1,26.9,25.29,False,4095,0.0,43.2,0.0,EXT-OPEN-METEO-KHI,KARACHI,OPENSOURCE_API_GRID,52,,,,0.95,True,True,TIER2_OPENSOURCE_PURE;CONTINUOUS_MINUTE_STREAM;VERIFIED_MODEL_GRID,29e12dd56f1cc23f56044e0a67c1f673ecb6b29c36cef26dcafb3244269e4795,2026-09-18T00:51:00+00:00,2026-09-18 05:51:00,90.9,1006.5,74
9.8,14.4,36.1,892.8,259.2,40.3,5.0,2.9,0.7,446.0,206.4,9.6,6.0,35.1,26.9,25.29,False,4095,0.0,43.1,0.0,EXT-OPEN-METEO-KHI,KARACHI,OPENSOURCE_API_GRID,53,,,,0.95,True,True,TIER2_OPENSOURCE_PURE;CONTINUOUS_MINUTE_STREAM;VERIFIED_MODEL_GRID,abb67819179c25c7ad3c7102e092f0bfa383010a92327203782995cf75a1db32,2026-09-18T00:52:00+00:00,2026-09-18 05:52:00,90.9,1006.5,74
9.8,14.4,36.1,892.8,259.2,40.3,5.0,2.9,0.7,446.0,207.0,9.6,6.0,35.1,26.9,25.29,False,4095,0.0,43.1,0.0,EXT-OPEN-METEO-KHI,KARACHI,OPENSOURCE_API_GRID,54,,,,0.95,True,True,TIER2_OPENSOURCE_PURE;CONTINUOUS_MINUTE_STREAM;VERIFIED_MODEL_GRID,40dd73c5386113c3a892de7942bd9e0639d5f7d7107e941fd9734af6199d8af5,2026-09-18T00:53:00+00:00,2026-09-18 05:53:00,90.9,1006.5,74
9.8,14.4,36.1,892.8,259.2,40.3,5.0,2.9,0.7,446.0,207.5,9.7,6.0,35.0,26.9,25.29,False,4095,0.0,43.1,0.0,EXT-OPEN-METEO-KHI,KARACHI,OPENSOURCE_API_GRID,55,,,,0.95,True,True,TIER2_OPENSOURCE_PURE;CONTINUOUS_MINUTE_STREAM;VERIFIED_MODEL_GRID,678ca9299f9395c7140b4e614f56e317d4daf104c5d214a37fc5f01bad697b11,2026-09-18T00:54:00+00:00,2026-09-18 05:54:00,90.9,1006.5,74
9.8,14.4,36.1,892.8,259.2,40.3,5.0,2.9,0.7,446.0,208.0,9.7,6.0,35.0,26.9,25.29,False,4095,0.0,43.1,0.0,EXT-OPEN-METEO-KHI,KARACHI,OPENSOURCE_API_GRID,56,,,,0.95,True,True,TIER2_OPENSOURCE_PURE;CONTINUOUS_MINUTE_STREAM;VERIFIED_MODEL_GRID,33ce46346bad68767c211302c05dcf3e57c7f27862cd9b8a8296e0a724fcbf13,2026-09-18T00:55:00+00:00,2026-09-18 05:55:00,90.9,1006.5,74
9.9,14.5,36.1,899.0,261.0,40.6,5.1,2.9,0.7,446.0,208.3,9.7,6.0,35.0,26.9,25.29,False,4095,0.0,43.0,0.0,EXT-OPEN-METEO-KHI,KARACHI,OPENSOURCE_API_GRID,57,,,,0.95,True,True,TIER2_OPENSOURCE_PURE;CONTINUOUS_MINUTE_STREAM;VERIFIED_MODEL_GRID,7f9ccf503c1843b8dbea1ad3b85bf0a1d80af07ae139303e72dafbb6c28bdf30,2026-09-18T00:56:00+00:00,2026-09-18 05:56:00,90.9,1006.5,74
9.9,14.5,36.2,899.0,261.0,40.6,5.1,2.9,0.7,446.0,208.6,9.7,6.0,35.0,26.9,25.29,False,4095,0.0,43.0,0.0,EXT-OPEN-METEO-KHI,KARACHI,OPENSOURCE_API_GRID,58,,,,0.95,True,True,TIER2_OPENSOURCE_PURE;CONTINUOUS_MINUTE_STREAM;VERIFIED_MODEL_GRID,e3c99d9853827c6a4cc861f9f08a1f5d2505969a900090d965eb6c53a6c75c28,2026-09-18T00:57:00+00:00,2026-09-18 05:57:00,90.9,1006.5,74
9.9,14.5,36.2,899.0,261.0,40.6,5.1,2.9,0.7,446.0,208.8,9.7,6.0,35.0,26.9,25.31,False,4095,0.0,43.0,0.0,EXT-OPEN-METEO-KHI,KARACHI,OPENSOURCE_API_GRID,59,,,,0.95,True,True,TIER2_OPENSOURCE_PURE;CONTINUOUS_MINUTE_STREAM;VERIFIED_MODEL_GRID,df999658baf6200e6d186635209ececfa7ab6729aea91903b261bbd42fd0b2bd,2026-09-18T00:58:00+00:00,2026-09-18 05:58:00,91.0,1006.5,74
9.9,14.6,36.3,905.2,262.8,40.9,5.1,2.9,0.7,446.0,209.0,9.7,6.0,35.0,26.9,25.31,False,4095,0.0,43.0,0.0,EXT-OPEN-METEO-KHI,KARACHI,OPENSOURCE_API_GRID,60,,,,0.95,True,True,TIER2_OPENSOURCE_PURE;CONTINUOUS_MINUTE_STREAM;VERIFIED_MODEL_GRID,52051da044a09f4a58864e98d7832154d80bcb1c4400dac72b338fd2e9852977,2026-09-18T00:59:00+00:00,2026-09-18 05:59:00,91.0,1006.5,74
9.9,14.6,36.3,905.2,262.8,40.9,5.1,2.9,0.7,446.0,209.0,9.7,6.0,35.0,26.9,25.31,True,1800,0.1,43.0,0.0,EXT-OPEN-METEO-KHI,KARACHI,OPENSOURCE_API_GRID,61,,,,0.95,True,False,TIER2_OPENSOURCE_PURE;HOURLY_NODE;VERIFIED_MODEL_GRID,5bcdca2c703e728cfe28a03ebfa05c4e949d0c78b73ccac49a6bbc97dbcb5f26,2026-09-18T01:00:00+00:00,2026-09-18 06:00:00,91.0,1006.5,74
10.0,14.7,36.4,911.4,264.6,41.2,5.1,2.9,0.7,446.0,209.1,9.7,6.0,35.0,26.9,25.31,True,1800,0.1,43.0,0.0,EXT-OPEN-METEO-KHI,KARACHI,OPENSOURCE_API_GRID,62,,,,0.95,True,True,TIER2_OPENSOURCE_PURE;CONTINUOUS_MINUTE_STREAM;VERIFIED_MODEL_GRID,0ac5e5f0c11daa75152f8513ac26d202eddaf6e3d145449921f6a061d08b22c1,2026-09-18T01:01:00+00:00,2026-09-18 06:01:00,91.0,1006.5,74
9.9,14.6,36.3,905.2,262.8,40.9,5.1,2.9,0.7,446.0,209.2,9.7,6.0,35.0,26.9,25.32,True,1800,0.1,43.0,0.1,EXT-OPEN-METEO-KHI,KARACHI,OPENSOURCE_API_GRID,63,,,,0.95,True,True,TIER2_OPENSOURCE_PURE;CONTINUOUS_MINUTE_STREAM;VERIFIED_MODEL_GRID,89794c0f384a4e5e8c419263620e6658fde112bd0aaa86d50a7df475c71b7b27,2026-09-18T01:02:00+00:00,2026-09-18 06:02:00,91.1,1006.5,74
10.0,14.7,36.4,911.4,264.6,41.2,5.1,2.9,0.7,446.0,209.5,9.7,6.0,35.0,26.9,25.32,True,1800,0.1,43.0,0.3,EXT-OPEN-METEO-KHI,KARACHI,OPENSOURCE_API_GRID,64,,,,0.95,True,True,TIER2_OPENSOURCE_PURE;CONTINUOUS_MINUTE_STREAM;VERIFIED_MODEL_GRID,cc30ad8b6552ec8db6c0e8e933e8ca9a9fe3c36b8a6059d81071545594aee5b4,2026-09-18T01:03:00+00:00,2026-09-18 06:03:00,91.1,1006.5,74
10.0,14.7,36.4,911.4,264.6,41.2,5.1,2.9,0.7,446.0,209.9,9.7,6.0,35.0,26.9,25.32,True,1800,0.1,42.9,0.6,EXT-OPEN-METEO-KHI,KARACHI,OPENSOURCE_API_GRID,65,,,,0.95,True,True,TIER2_OPENSOURCE_PURE;CONTINUOUS_MINUTE_STREAM;VERIFIED_MODEL_GRID,04538c4ac70f9e6a2dbb3ad40856355581033791a7f5a13732f910d8a348eb5c,2026-09-18T01:04:00+00:00,2026-09-18 06:04:00,91.1,1006.5,74
10.0,14.7,36.5,911.4,264.6,41.2,5.1,2.9,0.7,446.0,210.4,9.7,6.0,35.0,26.9,25.32,True,1800,0.1,42.9,0.9,EXT-OPEN-METEO-KHI,KARACHI,OPENSOURCE_API_GRID,66,,,,0.95,True,True,TIER2_OPENSOURCE_PURE;CONTINUOUS_MINUTE_STREAM;VERIFIED_MODEL_GRID,03af517a47924d3fc9d8d4e74899d1df2e1655adc2a711dbfe0285b1955c4f70,2026-09-18T01:05:00+00:00,2026-09-18 06:05:00,91.1,1006.5,74
10.1,14.8,36.6,917.6,266.4,41.4,5.2,2.9,0.7,446.0,211.0,9.8,6.0,35.0,26.9,25.32,True,1800,0.1,42.9,1.3,EXT-OPEN-METEO-KHI,KARACHI,OPENSOURCE_API_GRID,67,,,,0.95,True,True,TIER2_OPENSOURCE_PURE;CONTINUOUS_MINUTE_STREAM;VERIFIED_MODEL_GRID,d518c12e2586955ac8ca03d13ed41dba06798d5137ea2a4f5052fa89d18afd03,2026-09-18T01:06:00+00:00,2026-09-18 06:06:00,91.1,1006.5,74
10.1,14.8,36.6,917.6,266.4,41.4,5.2,2.9,0.7,446.0,211.7,9.8,6.0,34.9,26.9,25.32,True,1800,0.1,42.8,1.7,EXT-OPEN-METEO-KHI,KARACHI,OPENSOURCE_API_GRID,68,,,,0.95,True,True,TIER2_OPENSOURCE_PURE;CONTINUOUS_MINUTE_STREAM;VERIFIED_MODEL_GRID,7fc02957b6e9241974e6d7270776af408a184705b76040f57a9c0ea7f3977884,2026-09-18T01:07:00+00:00,2026-09-18 06:07:00,91.1,1006.5,74
10.1,14.8,36.6,917.6,266.4,41.4,5.2,2.9,0.7,446.0,212.5,9.8,6.0,34.9,27.0,25.4,True,1800,0.1,42.8,2.2,EXT-OPEN-METEO-KHI,KARACHI,OPENSOURCE_API_GRID,69,,,,0.95,True,True,TIER2_OPENSOURCE_PURE;CONTINUOUS_MINUTE_STREAM;VERIFIED_MODEL_GRID,69a8cdcffe7af4ac54f3f7caa89f4c5bd37413d8bf37fe8f5cb9f4def39456ca,2026-09-18T01:08:00+00:00,2026-09-18 06:08:00,91.0,1006.5,74
10.1,14.9,36.7,923.8,268.2,41.7,5.2,2.9,0.7,446.1,213.4,9.8,6.0,34.9,27.0,25.4,True,1800,0.1,42.7,2.8,EXT-OPEN-METEO-KHI,KARACHI,OPENSOURCE_API_GRID,70,,,,0.95,True,True,TIER2_OPENSOURCE_PURE;CONTINUOUS_MINUTE_STREAM;VERIFIED_MODEL_GRID,b515acc68912fc8c920430eb35682a338d35be820ca07fbe90a27daaf7b12238,2026-09-18T01:09:00+00:00,2026-09-18 06:09:00,91.0,1006.5,74
10.1,14.9,36.7,923.8,268.2,41.7,5.2,2.9,0.7,446.1,214.4,9.9,6.1,34.9,27.0,25.4,True,1800,0.1,42.7,3.4,EXT-OPEN-METEO-KHI,KARACHI,OPENSOURCE_API_GRID,71,,,,0.95,True,True,TIER2_OPENSOURCE_PURE;CONTINUOUS_MINUTE_STREAM;VERIFIED_MODEL_GRID,c3122fc354a30e86af21aff561212140cbe195878a7b7723afcec4a55b980d64,2026-09-18T01:10:00+00:00,2026-09-18 06:10:00,91.0,1006.6,74
10.1,14.9,36.7,923.8,268.2,41.7,5.2,2.9,0.7,446.1,215.5,9.9,6.1,34.8,27.0,25.39,True,1800,0.1,42.6,4.2,EXT-OPEN-METEO-KHI,KARACHI,OPENSOURCE_API_GRID,72,,,,0.95,True,True,TIER2_OPENSOURCE_PURE;CONTINUOUS_MINUTE_STREAM;VERIFIED_MODEL_GRID,09d0a441382e9a7551d7fd861a667b03441fe2d44eb44cea745eec717b4f2c61,2026-09-18T01:11:00+00:00,2026-09-18 06:11:00,90.9,1006.6,74
10.1,14.9,36.6,923.8,268.2,41.7,5.2,2.9,0.7,446.1,216.7,9.9,6.1,34.8,27.0,25.39,True,1800,0.1,42.5,4.9,EXT-OPEN-METEO-KHI,KARACHI,OPENSOURCE_API_GRID,73,,,,0.95,True,True,TIER2_OPENSOURCE_PURE;CONTINUOUS_MINUTE_STREAM;VERIFIED_MODEL_GRID,8d5f7ccb37c33843f26c03add8431f21cc991d4c837011a10385585b5749fb09,2026-09-18T01:12:00+00:00,2026-09-18 06:12:00,90.9,1006.6,74
10.1,14.9,36.6,923.8,268.2,41.7,5.2,2.9,0.7,446.1,218.0,10.0,6.1,34.8,27.0,25.37,True,1800,0.1,42.4,5.7,EXT-OPEN-METEO-KHI,KARACHI,OPENSOURCE_API_GRID,74,,,,0.95,True,True,TIER2_OPENSOURCE_PURE;CONTINUOUS_MINUTE_STREAM;VERIFIED_MODEL_GRID,9066932f94c443f45e39d57939c33ea105376c35e612fce4aa0d6f6388fc10e8,2026-09-18T01:13:00+00:00,2026-09-18 06:13:00,90.8,1006.6,74
10.1,14.8,36.6,917.6,266.4,41.4,5.2,2.9,0.7,446.1,219.4,10.0,6.1,34.7,26.9,25.27,True,1800,0.1,42.4,6.6,EXT-OPEN-METEO-KHI,KARACHI,OPENSOURCE_API_GRID,75,,,,0.95,True,True,TIER2_OPENSOURCE_PURE;CONTINUOUS_MINUTE_STREAM;VERIFIED_MODEL_GRID,d25f8e77558147b375f99f3f3e068abc0901db5ce76fd40922c9bfa246c2e654,2026-09-18T01:14:00+00:00,2026-09-18 06:14:00,90.8,1006.6,74
10.1,14.8,36.5,917.6,266.4,41.4,5.2,2.9,0.7,446.1,220.9,10.1,6.1,34.7,26.9,25.27,True,1800,0.1,42.3,7.5,EXT-OPEN-METEO-KHI,KARACHI,OPENSOURCE_API_GRID,76,,,,0.95,True,True,TIER2_OPENSOURCE_PURE;CONTINUOUS_MINUTE_STREAM;VERIFIED_MODEL_GRID,239fa5d14e6f7756430da33abe2d6da156f2ad83f3652051a0731f07790c5d55,2026-09-18T01:15:00+00:00,2026-09-18 06:15:00,90.8,1006.6,74
10.1,14.8,36.5,917.6,266.4,41.4,5.2,2.9,0.7,446.2,222.4,10.1,6.1,34.7,26.9,25.25,True,1800,0.1,42.2,8.5,EXT-OPEN-METEO-KHI,KARACHI,OPENSOURCE_API_GRID,77,,,,0.95,True,True,TIER2_OPENSOURCE_PURE;CONTINUOUS_MINUTE_STREAM;VERIFIED_MODEL_GRID,7a71aa4ccf251edb42199763d46e2fcc5676a27293709fb6da69d72a8f10285f,2026-09-18T01:16:00+00:00,2026-09-18 06:16:00,90.7,1006.6,74
10.1,14.8,36.4,917.6,266.4,41.4,5.2,2.9,0.7,446.2,224.0,10.1,6.1,34.6,26.9,25.25,True,1800,0.1,42.1,9.5,EXT-OPEN-METEO-KHI,KARACHI,OPENSOURCE_API_GRID,78,,,,0.95,True,True,TIER2_OPENSOURCE_PURE;CONTINUOUS_MINUTE_STREAM;VERIFIED_MODEL_GRID,bfe75ba0c75c51fbeef33d7876b93c0aee469e6337cb766187269bca48de2a3d,2026-09-18T01:17:00+00:00,2026-09-18 06:17:00,90.7,1006.6,74
10.1,14.8,36.4,917.6,266.4,41.4,5.2,2.9,0.7,446.2,225.7,10.2,6.2,34.6,26.9,25.25,True,1800,0.1,42.0,10.6,EXT-OPEN-METEO-KHI,KARACHI,OPENSOURCE_API_GRID,79,,,,0.95,True,True,TIER2_OPENSOURCE_PURE;CONTINUOUS_MINUTE_STREAM;VERIFIED_MODEL_GRID,58324a0cfeb85a254e4d7771018153dd7ad94490caa47017d95af239af193429,2026-09-18T01:18:00+00:00,2026-09-18 06:18:00,90.7,1006.6,74
10.1,14.8,36.3,917.6,266.4,41.4,5.2,2.9,0.7,446.2,227.4,10.2,6.2,34.5,26.9,25.23,True,1800,0.1,41.9,11.7,EXT-OPEN-METEO-KHI,KARACHI,OPENSOURCE_API_GRID,80,,,,0.95,True,True,TIER2_OPENSOURCE_PURE;CONTINUOUS_MINUTE_STREAM;VERIFIED_MODEL_GRID,f99b85813129163dc139aca6163941dfb19a09910bae4fdd57343e015a8fe261,2026-09-18T01:19:00+00:00,2026-09-18 06:19:00,90.6,1006.7,74
10.0,14.7,36.3,911.4,264.6,41.2,5.1,2.9,0.7,446.2,229.2,10.3,6.2,34.5,26.9,25.23,True,1800,0.1,41.8,12.9,EXT-OPEN-METEO-KHI,KARACHI,OPENSOURCE_API_GRID,81,,,,0.95,True,True,TIER2_OPENSOURCE_PURE;CONTINUOUS_MINUTE_STREAM;VERIFIED_MODEL_GRID,04b7c70184670a171da7c5933db95dc6db30d5d36c004ec4806865271991c6c7,2026-09-18T01:20:00+00:00,2026-09-18 06:20:00,90.6,1006.7,74
10.1,14.8,36.3,917.6,266.4,41.4,5.2,2.9,0.7,446.3,231.1,10.4,6.2,34.5,26.9,25.23,True,1800,0.1,41.6,14.1,EXT-OPEN-METEO-KHI,KARACHI,OPENSOURCE_API_GRID,82,,,,0.95,True,True,TIER2_OPENSOURCE_PURE;CONTINUOUS_MINUTE_STREAM;VERIFIED_MODEL_GRID,6ad08457ee88635876686ce63d7e234e271a2abdcc45bcaf0274e092674d49b8,2026-09-18T01:21:00+00:00,2026-09-18 06:21:00,90.6,1006.7,74
10.1,14.8,36.3,917.6,266.4,41.4,5.2,2.9,0.7,446.3,233.0,10.4,6.2,34.4,26.9,25.23,True,1800,0.1,41.5,15.3,EXT-OPEN-METEO-KHI,KARACHI,OPENSOURCE_API_GRID,83,,,,0.95,True,True,TIER2_OPENSOURCE_PURE;CONTINUOUS_MINUTE_STREAM;VERIFIED_MODEL_GRID,a115fc81dcb44d509994606d2704a35359105c21491eea4111e5fff64e1c21ff,2026-09-18T01:22:00+00:00,2026-09-18 06:22:00,90.6,1006.7,74
10.1,14.8,36.3,917.6,266.4,41.4,5.2,2.9,0.7,446.3,235.0,10.5,6.3,34.4,26.9,25.21,True,1800,0.1,41.4,16.5,EXT-OPEN-METEO-KHI,KARACHI,OPENSOURCE_API_GRID,84,,,,0.95,True,True,TIER2_OPENSOURCE_PURE;CONTINUOUS_MINUTE_STREAM;VERIFIED_MODEL_GRID,039bade0bd709a3599be500f43c770ac3a2265ce3f8c7817d80a86937e24ed91,2026-09-18T01:23:00+00:00,2026-09-18 06:23:00,90.5,1006.7,74
10.1,14.8,36.4,917.6,266.4,41.4,5.2,2.9,0.7,446.3,237.0,10.5,6.3,34.3,26.9,25.21,True,1800,0.1,41.3,17.8,EXT-OPEN-METEO-KHI,KARACHI,OPENSOURCE_API_GRID,85,,,,0.95,True,True,TIER2_OPENSOURCE_PURE;CONTINUOUS_MINUTE_STREAM;VERIFIED_MODEL_GRID,c485082af16978e3b8c8052f13d589bac0c30407a8f1faf571f304300eb689c8,2026-09-18T01:24:00+00:00,2026-09-18 06:24:00,90.5,1006.7,74
10.1,14.9,36.4,923.8,268.2,41.7,5.2,2.9,0.7,446.4,239.0,10.6,6.3,34.3,26.9,25.21,True,1800,0.1,41.1,19.1,EXT-OPEN-METEO-KHI,KARACHI,OPENSOURCE_API_GRID,86,,,,0.95,True,True,TIER2_OPENSOURCE_PURE;CONTINUOUS_MINUTE_STREAM;VERIFIED_MODEL_GRID,4d79d28cb05003ae922411121c16b139486d7aa8e6a6bd9119eb11b363237b2d,2026-09-18T01:25:00+00:00,2026-09-18 06:25:00,90.5,1006.7,74
10.1,14.9,36.5,923.8,268.2,41.7,5.2,2.9,0.7,446.4,241.1,10.7,6.3,34.2,26.9,25.21,True,1800,0.1,41.0,20.4,EXT-OPEN-METEO-KHI,KARACHI,OPENSOURCE_API_GRID,87,,,,0.95,True,True,TIER2_OPENSOURCE_PURE;CONTINUOUS_MINUTE_STREAM;VERIFIED_MODEL_GRID,d074129488c80765ff626c9a91c176e7147e0eb7066a7f2adaa9515b4b0fc7e2,2026-09-18T01:26:00+00:00,2026-09-18 06:26:00,90.5,1006.7,74
10.2,15.0,36.5,930.0,270.0,42.0,5.2,2.9,0.7,446.4,243.2,10.7,6.3,34.2,26.9,25.21,True,1800,0.1,40.9,21.7,EXT-OPEN-METEO-KHI,KARACHI,OPENSOURCE_API_GRID,88,,,,0.95,True,True,TIER2_OPENSOURCE_PURE;CONTINUOUS_MINUTE_STREAM;VERIFIED_MODEL_GRID,1794276105372f7dba3d5697c84cf07bd0b5477c9b6813a7e0645d7909afde75,2026-09-18T01:27:00+00:00,2026-09-18 06:27:00,90.5,1006.8,74
10.2,15.0,36.6,930.0,270.0,42.0,5.2,2.9,0.7,446.4,245.3,10.8,6.4,34.1,26.9,25.21,True,1800,0.1,40.8,23.1,EXT-OPEN-METEO-KHI,KARACHI,OPENSOURCE_API_GRID,89,,,,0.95,True,True,TIER2_OPENSOURCE_PURE;CONTINUOUS_MINUTE_STREAM;VERIFIED_MODEL_GRID,e1810c80aa7a41077c5f11e1e1a566f5b94403c14c4e9c2db334beaf5ba82d75,2026-09-18T01:28:00+00:00,2026-09-18 06:28:00,90.5,1006.8,74
10.3,15.1,36.7,936.2,271.8,42.3,5.3,2.9,0.7,446.5,247.4,10.8,6.4,34.1,26.9,25.21,True,1800,0.1,40.6,24.4,EXT-OPEN-METEO-KHI,KARACHI,OPENSOURCE_API_GRID,90,,,,0.95,True,True,TIER2_OPENSOURCE_PURE;CONTINUOUS_MINUTE_STREAM;VERIFIED_MODEL_GRID,667d231e70d10d3e56fbcac5dc6010022b1b7c18a41e67519e85e085b79464b5,2026-09-18T01:29:00+00:00,2026-09-18 06:29:00,90.5,1006.8,74
10.3,15.2,36.8,942.4,273.6,42.6,5.3,2.9,0.7,446.5,249.5,10.9,6.4,34.0,26.9,25.21,True,1800,0.1,40.5,25.7,EXT-OPEN-METEO-KHI,KARACHI,OPENSOURCE_API_GRID,91,,,,0.95,True,True,TIER2_OPENSOURCE_PURE;CONTINUOUS_MINUTE_STREAM;VERIFIED_MODEL_GRID,d9164c03e796914b4bd9c74e020df2acd2f9add088dff8767fdcbb6023329856,2026-09-18T01:30:00+00:00,2026-09-18 06:30:00,90.5,1006.8,74
10.4,15.3,36.9,948.6,275.4,42.8,5.4,3.0,0.7,446.5,251.6,11.0,6.4,33.9,26.9,25.21,True,1800,0.1,40.4,27.1,EXT-OPEN-METEO-KHI,KARACHI,OPENSOURCE_API_GRID,92,,,,0.95,True,True,TIER2_OPENSOURCE_PURE;CONTINUOUS_MINUTE_STREAM;VERIFIED_MODEL_GRID,b16a052ff4906147650bbd13056195b9cc5fac0bc2913d795d76364ec79fc4c6,2026-09-18T01:31:00+00:00,2026-09-18 06:31:00,90.5,1006.8,74
10.4,15.3,37.0,948.6,275.4,42.8,5.4,3.0,0.7,446.6,253.7,11.0,6.4,33.9,26.9,25.21,True,1800,0.1,40.2,28.4,EXT-OPEN-METEO-KHI,KARACHI,OPENSOURCE_API_GRID,93,,,,0.95,True,True,TIER2_OPENSOURCE_PURE;CONTINUOUS_MINUTE_STREAM;VERIFIED_MODEL_GRID,9d0d89725549a1b7d246f136864195f4f5b41afe808ea1b0fbfc9c101ea3a33c,2026-09-18T01:32:00+00:00,2026-09-18 06:32:00,90.5,1006.8,74
10.4,15.3,36.9,948.6,275.4,42.8,5.4,3.0,0.7,446.6,255.8,11.1,6.5,33.8,27.0,25.33,True,1800,0.1,40.1,29.8,EXT-OPEN-METEO-KHI,KARACHI,OPENSOURCE_API_GRID,94,,,,0.95,True,True,TIER2_OPENSOURCE_PURE;CONTINUOUS_MINUTE_STREAM;VERIFIED_MODEL_GRID,3d94b6ca2991bd250862ce168d880b8670bba1b35d70d2ebdebdbe99fa590ccb,2026-09-18T01:33:00+00:00,2026-09-18 06:33:00,90.6,1006.8,74
10.5,15.4,37.0,954.8,277.2,43.1,5.4,3.0,0.7,446.6,257.9,11.1,6.5,33.8,27.0,25.31,True,1800,0.1,40.0,31.1,EXT-OPEN-METEO-KHI,KARACHI,OPENSOURCE_API_GRID,95,,,,0.95,True,True,TIER2_OPENSOURCE_PURE;CONTINUOUS_MINUTE_STREAM;VERIFIED_MODEL_GRID,974ad4bf86b44865572de3da2848f737051ab1a1fb81ca75bbdb353a8fae86f5,2026-09-18T01:34:00+00:00,2026-09-18 06:34:00,90.5,1006.9,74
10.5,15.4,37.1,954.8,277.2,43.1,5.4,3.0,0.7,446.6,260.0,11.2,6.5,33.7,27.0,25.31,True,1800,0.1,39.9,32.4,EXT-OPEN-METEO-KHI,KARACHI,OPENSOURCE_API_GRID,96,,,,0.95,True,True,TIER2_OPENSOURCE_PURE;CONTINUOUS_MINUTE_STREAM;VERIFIED_MODEL_GRID,63e314e7bc04678441a39a5be680400461c25d7bf63e7f8af302deb6517ab280,2026-09-18T01:35:00+00:00,2026-09-18 06:35:00,90.5,1006.9,74
10.5,15.5,37.1,961.0,279.0,43.4,5.4,3.0,0.7,446.7,262.0,11.3,6.5,33.7,27.0,25.31,True,1800,0.1,39.7,33.7,EXT-OPEN-METEO-KHI,KARACHI,OPENSOURCE_API_GRID,97,,,,0.95,True,True,TIER2_OPENSOURCE_PURE;CONTINUOUS_MINUTE_STREAM;VERIFIED_MODEL_GRID,e5b9be6ea03fd8f034f745507153d7a7548d89be18a49f0cb9a28df63ab35343,2026-09-18T01:36:00+00:00,2026-09-18 06:36:00,90.5,1006.9,74
10.6,15.6,37.2,967.2,280.8,43.7,5.5,3.0,0.7,446.7,264.0,11.3,6.5,33.6,27.0,25.29,True,1800,0.1,39.6,35.0,EXT-OPEN-METEO-KHI,KARACHI,OPENSOURCE_API_GRID,98,,,,0.95,True,True,TIER2_OPENSOURCE_PURE;CONTINUOUS_MINUTE_STREAM;VERIFIED_MODEL_GRID,41f4ff1a7f7a7852236f25041936fa4fb787a13a6df284c6f63a1ae6347a98d1,2026-09-18T01:37:00+00:00,2026-09-18 06:37:00,90.4,1006.9,74
10.6,15.6,37.3,967.2,280.8,43.7,5.5,3.0,0.7,446.7,266.0,11.4,6.6,33.6,27.0,25.29,True,1800,0.1,39.5,36.2,EXT-OPEN-METEO-KHI,KARACHI,OPENSOURCE_API_GRID,99,,,,0.95,True,True,TIER2_OPENSOURCE_PURE;CONTINUOUS_MINUTE_STREAM;VERIFIED_MODEL_GRID,93b206e159d63e6abd4445d6f64cce478e2076a0011afd1dc3a189a1660d35b4,2026-09-18T01:38:00+00:00,2026-09-18 06:38:00,90.4,1006.9,74
10.7,15.7,37.3,973.4,282.6,44.0,5.5,3.0,0.7,446.7,267.9,11.4,6.6,33.5,27.0,25.29,True,1800,0.1,39.4,37.4,EXT-OPEN-METEO-KHI,KARACHI,OPENSOURCE_API_GRID,100,,,,0.95,True,True,TIER2_OPENSOURCE_PURE;CONTINUOUS_MINUTE_STREAM;VERIFIED_MODEL_GRID,09ea8be7d9da1c6a9a6f8b05085c6d802db8f12d53dc4b6c6d35abe9df5006d3,2026-09-18T01:39:00+00:00,2026-09-18 06:39:00,90.4,1006.9,74
10.7,15.7,37.3,973.4,282.6,44.0,5.5,3.0,0.7,446.8,269.8,11.5,6.6,33.5,27.0,25.27,True,1800,0.1,39.2,38.6,EXT-OPEN-METEO-KHI,KARACHI,OPENSOURCE_API_GRID,101,,,,0.95,True,True,TIER2_OPENSOURCE_PURE;CONTINUOUS_MINUTE_STREAM;VERIFIED_MODEL_GRID,4bcf5e283c0f7a6347dae9d3cae2393d4c36adfbafe60f67298a162c752a6144,2026-09-18T01:40:00+00:00,2026-09-18 06:40:00,90.3,1007.0,74
10.7,15.7,37.4,973.4,282.6,44.0,5.5,3.0,0.7,446.8,271.6,11.6,6.6,33.5,27.0,25.27,True,1800,0.1,39.1,39.8,EXT-OPEN-METEO-KHI,KARACHI,OPENSOURCE_API_GRID,102,,,,0.95,True,True,TIER2_OPENSOURCE_PURE;CONTINUOUS_MINUTE_STREAM;VERIFIED_MODEL_GRID,09cd78877696161a42801760b4ba4ae31a1cac61e5a09f19325b747f294e269f,2026-09-18T01:41:00+00:00,2026-09-18 06:41:00,90.3,1007.0,74
10.7,15.7,37.4,973.4,282.6,44.0,5.5,3.0,0.7,446.8,273.3,11.6,6.6,33.4,27.0,25.26,True,1800,0.1,39.0,40.9,EXT-OPEN-METEO-KHI,KARACHI,OPENSOURCE_API_GRID,103,,,,0.95,True,True,TIER2_OPENSOURCE_PURE;CONTINUOUS_MINUTE_STREAM;VERIFIED_MODEL_GRID,1b63bb598548610590cbedc9a46edb3778d8bad17c6a3564645b3a0412358103,2026-09-18T01:42:00+00:00,2026-09-18 06:42:00,90.2,1007.0,74
10.7,15.7,37.4,973.4,282.6,44.0,5.5,3.0,0.7,446.8,275.0,11.7,6.7,33.4,27.0,25.26,True,1800,0.1,38.9,42.0,EXT-OPEN-METEO-KHI,KARACHI,OPENSOURCE_API_GRID,104,,,,0.95,True,True,TIER2_OPENSOURCE_PURE;CONTINUOUS_MINUTE_STREAM;VERIFIED_MODEL_GRID,dc20270e6c300c18d9a2e463d7b73fbdc66f243e27dd646b0a0de46828697544,2026-09-18T01:43:00+00:00,2026-09-18 06:43:00,90.2,1007.0,74
10.7,15.7,37.3,973.4,282.6,44.0,5.5,3.0,0.7,446.8,276.6,11.7,6.7,33.3,27.0,25.24,True,1800,0.1,38.8,43.0,EXT-OPEN-METEO-KHI,KARACHI,OPENSOURCE_API_GRID,105,,,,0.95,True,True,TIER2_OPENSOURCE_PURE;CONTINUOUS_MINUTE_STREAM;VERIFIED_MODEL_GRID,4dc71ad150f173675c779917c287f60968582a743cb078d573788638b086faf4,2026-09-18T01:44:00+00:00,2026-09-18 06:44:00,90.1,1007.0,74
10.7,15.7,37.3,973.4,282.6,44.0,5.5,3.0,0.7,446.9,278.1,11.7,6.7,33.3,27.0,25.24,True,1800,0.1,38.7,44.0,EXT-OPEN-METEO-KHI,KARACHI,OPENSOURCE_API_GRID,106,,,,0.95,True,True,TIER2_OPENSOURCE_PURE;CONTINUOUS_MINUTE_STREAM;VERIFIED_MODEL_GRID,69f7b104dcdc5c1dda0f38742b32226faa95cffa817c9e73d64f13c068e2a216,2026-09-18T01:45:00+00:00,2026-09-18 06:45:00,90.1,1007.0,74
10.7,15.7,37.2,973.4,282.6,44.0,5.5,3.0,0.7,446.9,279.6,11.8,6.7,33.3,27.0,25.22,True,1800,0.1,38.6,44.9,EXT-OPEN-METEO-KHI,KARACHI,OPENSOURCE_API_GRID,107,,,,0.95,True,True,TIER2_OPENSOURCE_PURE;CONTINUOUS_MINUTE_STREAM;VERIFIED_MODEL_GRID,dfb867ab64c96b57406e6b704da4b32112a2c26c8ea0e3059541821f41496e2e,2026-09-18T01:46:00+00:00,2026-09-18 06:46:00,90.0,1007.0,74
10.7,15.7,37.2,973.4,282.6,44.0,5.5,3.0,0.7,446.9,281.0,11.8,6.7,33.2,27.0,25.22,True,1800,0.1,38.6,45.8,EXT-OPEN-METEO-KHI,KARACHI,OPENSOURCE_API_GRID,108,,,,0.95,True,True,TIER2_OPENSOURCE_PURE;CONTINUOUS_MINUTE_STREAM;VERIFIED_MODEL_GRID,12a2f70d49904ed4fced26226ad377912bf3d62df977766b3aa31c450d0a82fd,2026-09-18T01:47:00+00:00,2026-09-18 06:47:00,90.0,1007.1,74
10.6,15.6,37.1,967.2,280.8,43.7,5.5,3.0,0.7,446.9,282.3,11.9,6.7,33.2,27.0,25.22,True,1800,0.1,38.5,46.6,EXT-OPEN-METEO-KHI,KARACHI,OPENSOURCE_API_GRID,109,,,,0.95,True,True,TIER2_OPENSOURCE_PURE;CONTINUOUS_MINUTE_STREAM;VERIFIED_MODEL_GRID,36e6b31e815dea1a509578512834fa1c086aac92178e2d7d36d6715c4f6c1916,2026-09-18T01:48:00+00:00,2026-09-18 06:48:00,90.0,1007.1,74
10.6,15.6,37.1,967.2,280.8,43.7,5.5,3.0,0.7,446.9,283.5,11.9,6.7,33.2,27.0,25.2,True,1800,0.1,38.4,47.3,EXT-OPEN-METEO-KHI,KARACHI,OPENSOURCE_API_GRID,110,,,,0.95,True,True,TIER2_OPENSOURCE_PURE;CONTINUOUS_MINUTE_STREAM;VERIFIED_MODEL_GRID,1955bac55881c876430790f4dc5d71df18e43a6e9af255bf559c04b1a27a4203,2026-09-18T01:49:00+00:00,2026-09-18 06:49:00,89.9,1007.1,74
10.6,15.6,37.1,967.2,280.8,43.7,5.5,3.0,0.7,446.9,284.6,11.9,6.7,33.1,27.0,25.2,True,1800,0.1,38.3,48.1,EXT-OPEN-METEO-KHI,KARACHI,OPENSOURCE_API_GRID,111,,,,0.95,True,True,TIER2_OPENSOURCE_PURE;CONTINUOUS_MINUTE_STREAM;VERIFIED_MODEL_GRID,fdfbdeb0e25217c7e9d08cfb6192173501de8f08091471cccfefebcee3c33718,2026-09-18T01:50:00+00:00,2026-09-18 06:50:00,89.9,1007.1,74
10.6,15.6,37.0,967.2,280.8,43.7,5.5,3.0,0.7,446.9,285.6,12.0,6.8,33.1,27.0,25.2,True,1800,0.1,38.3,48.7,EXT-OPEN-METEO-KHI,KARACHI,OPENSOURCE_API_GRID,112,,,,0.95,True,True,TIER2_OPENSOURCE_PURE;CONTINUOUS_MINUTE_STREAM;VERIFIED_MODEL_GRID,666bd27d2cebde521990f3384a3b55cb7bfd855efec68a8779faff695827cc0b,2026-09-18T01:51:00+00:00,2026-09-18 06:51:00,89.9,1007.1,74
10.6,15.6,37.0,967.2,280.8,43.7,5.5,3.0,0.7,447.0,286.5,12.0,6.8,33.1,27.0,25.2,True,1800,0.1,38.2,49.3,EXT-OPEN-METEO-KHI,KARACHI,OPENSOURCE_API_GRID,113,,,,0.95,True,True,TIER2_OPENSOURCE_PURE;CONTINUOUS_MINUTE_STREAM;VERIFIED_MODEL_GRID,4de19262a26b66b2d7dcea2df3ac9847e4506674dd41bce0578389e68926e23a,2026-09-18T01:52:00+00:00,2026-09-18 06:52:00,89.9,1007.1,74
10.6,15.6,37.0,967.2,280.8,43.7,5.5,3.0,0.7,447.0,287.3,12.0,6.8,33.1,27.0,25.2,True,1800,0.1,38.2,49.8,EXT-OPEN-METEO-KHI,KARACHI,OPENSOURCE_API_GRID,114,,,,0.95,True,True,TIER2_OPENSOURCE_PURE;CONTINUOUS_MINUTE_STREAM;VERIFIED_MODEL_GRID,3b37cb80616526731c333e09539fdb26bbad70e960426bff5a592614699dafd4,2026-09-18T01:53:00+00:00,2026-09-18 06:53:00,89.9,1007.1,74
10.6,15.6,37.0,967.2,280.8,43.7,5.5,3.0,0.7,447.0,288.0,12.0,6.8,33.0,27.0,25.2,True,1800,0.1,38.1,50.2,EXT-OPEN-METEO-KHI,KARACHI,OPENSOURCE_API_GRID,115,,,,0.95,True,True,TIER2_OPENSOURCE_PURE;CONTINUOUS_MINUTE_STREAM;VERIFIED_MODEL_GRID,bfd92fd6f3136976bfa1dde6134506de28f596b09b92ae857fb898d2d0213663,2026-09-18T01:54:00+00:00,2026-09-18 06:54:00,89.9,1007.1,74
10.6,15.6,37.0,967.2,280.8,43.7,5.5,3.0,0.7,447.0,288.6,12.1,6.8,33.0,27.0,25.2,True,1800,0.1,38.1,50.6,EXT-OPEN-METEO-KHI,KARACHI,OPENSOURCE_API_GRID,116,,,,0.95,True,True,TIER2_OPENSOURCE_PURE;CONTINUOUS_MINUTE_STREAM;VERIFIED_MODEL_GRID,534c6d07634ab609efb2f0f2ce101a0e1e9bd1306063d20e4851e9f0931dc566,2026-09-18T01:55:00+00:00,2026-09-18 06:55:00,89.9,1007.1,74
10.6,15.6,37.0,967.2,280.8,43.7,5.5,3.0,0.7,447.0,289.1,12.1,6.8,33.0,26.9,25.1,True,1800,0.1,38.1,50.9,EXT-OPEN-METEO-KHI,KARACHI,OPENSOURCE_API_GRID,117,,,,0.95,True,True,TIER2_OPENSOURCE_PURE;CONTINUOUS_MINUTE_STREAM;VERIFIED_MODEL_GRID,fdb4949e449d8e1ee32f1edac6c39d01975e9e2e67b7b9935e02e1aaa345edab,2026-09-18T01:56:00+00:00,2026-09-18 06:56:00,89.9,1007.1,74
10.6,15.6,37.0,967.2,280.8,43.7,5.5,3.0,0.7,447.0,289.5,12.1,6.8,33.0,26.9,25.1,True,1800,0.1,38.0,51.2,EXT-OPEN-METEO-KHI,KARACHI,OPENSOURCE_API_GRID,118,,,,0.95,True,True,TIER2_OPENSOURCE_PURE;CONTINUOUS_MINUTE_STREAM;VERIFIED_MODEL_GRID,049f17ebdb7ee8edaadae4c16ec7e2e12249392c4ea687bd3d09f004f893a8a1,2026-09-18T01:57:00+00:00,2026-09-18 06:57:00,89.9,1007.1,74
10.7,15.7,37.1,973.4,282.6,44.0,5.5,3.0,0.7,447.0,289.8,12.1,6.8,33.0,27.0,25.2,True,1800,0.1,38.0,51.4,EXT-OPEN-METEO-KHI,KARACHI,OPENSOURCE_API_GRID,119,,,,0.95,True,True,TIER2_OPENSOURCE_PURE;CONTINUOUS_MINUTE_STREAM;VERIFIED_MODEL_GRID,d16eb0f3cb911c77431a55685288dfd357538029879c6bc41d4bed595002a4a0,2026-09-18T01:58:00+00:00,2026-09-18 06:58:00,89.9,1007.1,74
10.7,15.7,37.2,973.4,282.6,44.0,5.5,3.0,0.7,447.0,289.9,12.1,6.8,33.0,27.0,25.2,True,1800,0.1,38.0,51.5,EXT-OPEN-METEO-KHI,KARACHI,OPENSOURCE_API_GRID,120,,,,0.95,True,True,TIER2_OPENSOURCE_PURE;CONTINUOUS_MINUTE_STREAM;VERIFIED_MODEL_GRID,f2e67affaf7bdecf7565f112a7ec89e07847bffc4f83f93df84e5a6ecfcec6b4,2026-09-18T01:59:00+00:00,2026-09-18 06:59:00,89.9,1007.1,74
10.7,15.7,37.2,973.4,282.6,44.0,5.5,3.0,0.7,447.0,290.0,12.1,6.8,33.0,27.0,25.22,True,1800,0.1,38.0,51.5,EXT-OPEN-METEO-KHI,KARACHI,OPENSOURCE_API_GRID,121,,,,0.95,True,False,TIER2_OPENSOURCE_PURE;HOURLY_NODE;VERIFIED_MODEL_GRID,5485d4bef395272da29f6ba5e56af39c45ce1fe255ac4be3d53de024917241dd,2026-09-18T02:00:00+00:00,2026-09-18 07:00:00,90.0,1007.1,73
10.7,15.8,37.3,979.6,284.4,44.2,5.5,3.0,0.7,447.0,290.0,12.1,6.8,33.0,27.0,25.22,True,1800,0.1,38.0,51.6,EXT-OPEN-METEO-KHI,KARACHI,OPENSOURCE_API_GRID,122,,,,0.95,True,True,TIER2_OPENSOURCE_PURE;CONTINUOUS_MINUTE_STREAM;VERIFIED_MODEL_GRID,e37827b3628600e99ec2c8c3af92440b407b2808bae22068c508fd026592975b,2026-09-18T02:01:00+00:00,2026-09-18 07:01:00,90.0,1007.1,73
10.7,15.8,37.4,979.6,284.4,44.2,5.5,3.0,0.7,447.0,290.1,12.1,6.8,33.0,27.0,25.22,True,1800,0.1,38.0,51.9,EXT-OPEN-METEO-KHI,KARACHI,OPENSOURCE_API_GRID,123,,,,0.95,True,True,TIER2_OPENSOURCE_PURE;CONTINUOUS_MINUTE_STREAM;VERIFIED_MODEL_GRID,af565901c3a2edc9938ff7462245d63cd852e2834a3a8fc83dd436cb0db92bf0,2026-09-18T02:02:00+00:00,2026-09-18 07:02:00,90.0,1007.1,73
10.8,15.9,37.4,985.8,286.2,44.5,5.6,3.0,0.7,447.0,290.3,12.1,6.8,33.0,27.0,25.22,True,1800,0.1,38.1,52.4,EXT-OPEN-METEO-KHI,KARACHI,OPENSOURCE_API_GRID,124,,,,0.95,True,True,TIER2_OPENSOURCE_PURE;CONTINUOUS_MINUTE_STREAM;VERIFIED_MODEL_GRID,6c07ee159c684cb3379dea098b3a4a9ee25221fc1beadcbccce030a49ea3963b,2026-09-18T02:03:00+00:00,2026-09-18 07:03:00,90.0,1007.1,73
10.7,15.8,37.4,979.6,284.4,44.2,5.5,3.0,0.7,447.0,290.5,12.1,6.8,33.0,27.0,25.24,True,1800,0.1,38.1,53.1,EXT-OPEN-METEO-KHI,KARACHI,OPENSOURCE_API_GRID,125,,,,0.95,True,True,TIER2_OPENSOURCE_PURE;CONTINUOUS_MINUTE_STREAM;VERIFIED_MODEL_GRID,6c9fa9d680e0274e23a1a917ef6890e40a1df955d69237aaaea6d15d35d2a772,2026-09-18T02:04:00+00:00,2026-09-18 07:04:00,90.1,1007.1,73
10.8,15.9,37.4,985.8,286.2,44.5,5.6,3.0,0.7,447.0,290.8,12.1,6.8,33.0,27.0,25.22,True,1800,0.1,38.2,54.1,EXT-OPEN-METEO-KHI,KARACHI,OPENSOURCE_API_GRID,126,,,,0.95,True,True,TIER2_OPENSOURCE_PURE;CONTINUOUS_MINUTE_STREAM;VERIFIED_MODEL_GRID,041021d43e93a637e8db0966cd357c4b1adda827de5a504320e2ab070c3f5b31,2026-09-18T02:05:00+00:00,2026-09-18 07:05:00,90.0,1007.1,73
10.8,15.9,37.5,985.8,286.2,44.5,5.6,3.0,0.8,447.0,291.1,12.1,6.8,33.0,27.0,25.22,True,1800,0.1,38.2,55.2,EXT-OPEN-METEO-KHI,KARACHI,OPENSOURCE_API_GRID,127,,,,0.95,True,True,TIER2_OPENSOURCE_PURE;CONTINUOUS_MINUTE_STREAM;VERIFIED_MODEL_GRID,2d3bc748c5876da10f1051a065163bd168dd7a687094e238db59d2f1be24d414,2026-09-18T02:06:00+00:00,2026-09-18 07:06:00,90.0,1007.1,73
10.8,15.9,37.6,985.8,286.2,44.5,5.6,3.0,0.8,447.0,291.5,12.1,6.8,33.1,27.1,25.3,True,1800,0.1,38.3,56.5,EXT-OPEN-METEO-KHI,KARACHI,OPENSOURCE_API_GRID,128,,,,0.95,True,True,TIER2_OPENSOURCE_PURE;CONTINUOUS_MINUTE_STREAM;VERIFIED_MODEL_GRID,2fda7fafd1e4282e78eb4e538500fa8ad86f677f194cb3f6570504682137c7c6,2026-09-18T02:07:00+00:00,2026-09-18 07:07:00,89.9,1007.1,73
10.9,16.0,37.7,992.0,288.0,44.8,5.6,3.0,0.8,447.0,291.9,12.1,6.8,33.1,27.1,25.28,True,1800,0.1,38.4,58.0,EXT-OPEN-METEO-KHI,KARACHI,OPENSOURCE_API_GRID,129,,,,0.95,True,True,TIER2_OPENSOURCE_PURE;CONTINUOUS_MINUTE_STREAM;VERIFIED_MODEL_GRID,c5a27ba39eb4fadd84770035c568d08c4028bda6448403390ce6790cc7214ed7,2026-09-18T02:08:00+00:00,2026-09-18 07:08:00,89.8,1007.1,73
10.9,16.0,37.8,992.0,288.0,44.8,5.6,3.0,0.8,447.0,292.5,12.2,6.8,33.1,27.1,25.26,True,1800,0.1,38.5,59.7,EXT-OPEN-METEO-KHI,KARACHI,OPENSOURCE_API_GRID,130,,,,0.95,True,True,TIER2_OPENSOURCE_PURE;CONTINUOUS_MINUTE_STREAM;VERIFIED_MODEL_GRID,92a8676352677fd11d2ee1ced9a088c5ddd592cc423a2cd95df189b28374cf5a,2026-09-18T02:09:00+00:00,2026-09-18 07:09:00,89.7,1007.1,73
10.9,16.0,37.9,992.0,288.0,44.8,5.6,3.0,0.8,447.0,293.0,12.2,6.8,33.1,27.1,25.24,True,1800,0.1,38.7,61.5,EXT-OPEN-METEO-KHI,KARACHI,OPENSOURCE_API_GRID,131,,,,0.95,True,True,TIER2_OPENSOURCE_PURE;CONTINUOUS_MINUTE_STREAM;VERIFIED_MODEL_GRID,d5657adb6f741c0c893b6413ed33960e90c659698795b07289ce1a249f53d207,2026-09-18T02:10:00+00:00,2026-09-18 07:10:00,89.6,1007.1,73
10.9,16.1,38.0,998.2,289.8,45.1,5.6,3.0,0.8,447.0,293.6,12.2,6.8,33.2,27.1,25.22,True,1800,0.1,38.8,63.6,EXT-OPEN-METEO-KHI,KARACHI,OPENSOURCE_API_GRID,132,,,,0.95,True,True,TIER2_OPENSOURCE_PURE;CONTINUOUS_MINUTE_STREAM;VERIFIED_MODEL_GRID,2d8021da7ae674c541dabd6278e5e7cff241540e2e2a28669997130e027957c7,2026-09-18T02:11:00+00:00,2026-09-18 07:11:00,89.5,1007.2,73
10.9,16.1,38.0,998.2,289.8,45.1,5.6,3.0,0.8,447.0,294.3,12.2,6.8,33.2,27.2,25.3,True,1800,0.1,39.0,65.8,EXT-OPEN-METEO-KHI,KARACHI,OPENSOURCE_API_GRID,133,,,,0.95,True,True,TIER2_OPENSOURCE_PURE;CONTINUOUS_MINUTE_STREAM;VERIFIED_MODEL_GRID,41ab381192dc8851ba5af9bad7395fe80325d1dddad8237928741919fecbacfd,2026-09-18T02:12:00+00:00,2026-09-18 07:12:00,89.4,1007.2,73
10.9,16.1,38.1,998.2,289.8,45.1,5.6,3.0,0.8,447.0,295.0,12.2,6.9,33.2,27.2,25.27,True,1800,0.1,39.1,68.2,EXT-OPEN-METEO-KHI,KARACHI,OPENSOURCE_API_GRID,134,,,,0.95,True,True,TIER2_OPENSOURCE_PURE;CONTINUOUS_MINUTE_STREAM;VERIFIED_MODEL_GRID,38e12a274f358456b5732230560416344bc8bd4010be1991accd91c2931a4a5a,2026-09-18T02:13:00+00:00,2026-09-18 07:13:00,89.2,1007.2,73
10.9,16.0,38.1,992.0,288.0,44.8,5.6,3.0,0.8,447.0,295.8,12.2,6.9,33.3,27.2,25.25,True,1800,0.1,39.3,70.8,EXT-OPEN-METEO-KHI,KARACHI,OPENSOURCE_API_GRID,135,,,,0.95,True,True,TIER2_OPENSOURCE_PURE;CONTINUOUS_MINUTE_STREAM;VERIFIED_MODEL_GRID,402b6abacbbd836e47cbc70ed1af56d60e284aa855f973ac04ed10007a6cd59f,2026-09-18T02:14:00+00:00,2026-09-18 07:14:00,89.1,1007.2,73
10.9,16.0,38.2,992.0,288.0,44.8,5.6,3.1,0.8,447.0,296.6,12.2,6.9,33.3,27.2,25.21,True,1800,0.1,39.5,73.5,EXT-OPEN-METEO-KHI,KARACHI,OPENSOURCE_API_GRID,136,,,,0.95,True,True,TIER2_OPENSOURCE_PURE;CONTINUOUS_MINUTE_STREAM;VERIFIED_MODEL_GRID,c82ef672059a8e29940e15344e96e263d0f9c69612542ff01961537c2965f40d,2026-09-18T02:15:00+00:00,2026-09-18 07:15:00,88.9,1007.2,73
10.9,16.0,38.2,992.0,288.0,44.8,5.6,3.1,0.8,447.0,297.4,12.3,6.9,33.3,27.2,25.19,True,1800,0.1,39.7,76.3,EXT-OPEN-METEO-KHI,KARACHI,OPENSOURCE_API_GRID,137,,,,0.95,True,True,TIER2_OPENSOURCE_PURE;CONTINUOUS_MINUTE_STREAM;VERIFIED_MODEL_GRID,92dd9cc2ee167ac8bfb987f33d21115ec92f4d61c04939bb0bc882d06d498d55,2026-09-18T02:16:00+00:00,2026-09-18 07:16:00,88.8,1007.2,73
10.9,16.0,38.2,992.0,288.0,44.8,5.6,3.1,0.8,447.0,298.3,12.3,6.9,33.4,27.2,25.15,True,1800,0.1,39.9,79.3,EXT-OPEN-METEO-KHI,KARACHI,OPENSOURCE_API_GRID,138,,,,0.95,True,True,TIER2_OPENSOURCE_PURE;CONTINUOUS_MINUTE_STREAM;VERIFIED_MODEL_GRID,45b4fb87011856090bb81681a820a06ef05830dfe1f6a062d48f7e9b0835d629,2026-09-18T02:17:00+00:00,2026-09-18 07:17:00,88.6,1007.2,73
10.9,16.0,38.3,992.0,288.0,44.8,5.6,3.1,0.8,447.0,299.3,12.3,6.9,33.4,27.2,25.13,True,1800,0.1,40.1,82.4,EXT-OPEN-METEO-KHI,KARACHI,OPENSOURCE_API_GRID,139,,,,0.95,True,True,TIER2_OPENSOURCE_PURE;CONTINUOUS_MINUTE_STREAM;VERIFIED_MODEL_GRID,9e9f4fee1f2512627a96472a491044e75f2affcb6d6f209b33d50f0dc4be3dc5,2026-09-18T02:18:00+00:00,2026-09-18 07:18:00,88.5,1007.2,73
10.8,15.9,38.3,985.8,286.2,44.5,5.6,3.1,0.8,447.0,300.2,12.3,6.9,33.5,27.3,25.19,True,1800,0.1,40.3,85.7,EXT-OPEN-METEO-KHI,KARACHI,OPENSOURCE_API_GRID,140,,,,0.95,True,True,TIER2_OPENSOURCE_PURE;CONTINUOUS_MINUTE_STREAM;VERIFIED_MODEL_GRID,a7dc05f4edb8fb3d328d0010da875e85d99fcfa30794a37ed15fafc489fde5fd,2026-09-18T02:19:00+00:00,2026-09-18 07:19:00,88.3,1007.2,73
10.8,15.9,38.3,985.8,286.2,44.5,5.6,3.1,0.8,447.0,301.2,12.3,6.9,33.5,27.3,25.16,True,1800,0.1,40.5,89.0,EXT-OPEN-METEO-KHI,KARACHI,OPENSOURCE_API_GRID,141,,,,0.95,True,True,TIER2_OPENSOURCE_PURE;CONTINUOUS_MINUTE_STREAM;VERIFIED_MODEL_GRID,17a90480bb8ac5d2b83d7f1806017e24ff3ee1bca9940c5c6fd416874cbf6c08,2026-09-18T02:20:00+00:00,2026-09-18 07:20:00,88.1,1007.2,73
10.8,15.9,38.4,985.8,286.2,44.5,5.6,3.1,0.8,447.0,302.3,12.4,6.9,33.5,27.3,25.12,True,1800,0.1,40.7,92.5,EXT-OPEN-METEO-KHI,KARACHI,OPENSOURCE_API_GRID,142,,,,0.95,True,True,TIER2_OPENSOURCE_PURE;CONTINUOUS_MINUTE_STREAM;VERIFIED_MODEL_GRID,48acc9a0cfa7d7c54210de0a88275e3d068548f9fd7f086b60669dee901a3f84,2026-09-18T02:21:00+00:00,2026-09-18 07:21:00,87.9,1007.3,73
10.8,15.9,38.4,985.8,286.2,44.5,5.6,3.1,0.8,447.0,303.3,12.4,6.9,33.6,27.3,25.1,True,1800,0.1,41.0,96.0,EXT-OPEN-METEO-KHI,KARACHI,OPENSOURCE_API_GRID,143,,,,0.95,True,True,TIER2_OPENSOURCE_PURE;CONTINUOUS_MINUTE_STREAM;VERIFIED_MODEL_GRID,e4882a7dec1165d53ac17aa5e8c4c36e897d5776a7b3dee3d04a3708724082de,2026-09-18T02:22:00+00:00,2026-09-18 07:22:00,87.8,1007.3,73
10.7,15.8,38.5,979.6,284.4,44.2,5.5,3.1,0.8,447.0,304.4,12.4,7.0,33.6,27.3,25.06,True,1800,0.1,41.2,99.6,EXT-OPEN-METEO-KHI,KARACHI,OPENSOURCE_API_GRID,144,,,,0.95,True,True,TIER2_OPENSOURCE_PURE;CONTINUOUS_MINUTE_STREAM;VERIFIED_MODEL_GRID,d89ee8a6175cd4000041c2a647d74f73a57347020c81c804df2159d900e53380,2026-09-18T02:23:00+00:00,2026-09-18 07:23:00,87.6,1007.3,73
10.7,15.8,38.6,979.6,284.4,44.2,5.5,3.1,0.8,447.0,305.5,12.4,7.0,33.7,27.3,25.02,True,1800,0.1,41.5,103.3,EXT-OPEN-METEO-KHI,KARACHI,OPENSOURCE_API_GRID,145,,,,0.95,True,True,TIER2_OPENSOURCE_PURE;CONTINUOUS_MINUTE_STREAM;VERIFIED_MODEL_GRID,72200f453e4bf3a953b33b28dbcd3b65a1f2172b76311d017831e258e9c460a7,2026-09-18T02:24:00+00:00,2026-09-18 07:24:00,87.4,1007.3,73
10.8,15.9,38.7,985.8,286.2,44.5,5.6,3.1,0.8,447.0,306.7,12.5,7.0,33.7,27.4,25.1,True,1800,0.1,41.7,107.1,EXT-OPEN-METEO-KHI,KARACHI,OPENSOURCE_API_GRID,146,,,,0.95,True,True,TIER2_OPENSOURCE_PURE;CONTINUOUS_MINUTE_STREAM;VERIFIED_MODEL_GRID,82db9963cffbe0b45c6deed3b1b13966750e77cdc21f08bcfca6259f45ebaf46,2026-09-18T02:25:00+00:00,2026-09-18 07:25:00,87.3,1007.3,73
10.8,15.9,38.8,985.8,286.2,44.5,5.6,3.1,0.8,447.0,307.8,12.5,7.0,33.8,27.4,25.06,True,1800,0.1,42.0,110.9,EXT-OPEN-METEO-KHI,KARACHI,OPENSOURCE_API_GRID,147,,,,0.95,True,True,TIER2_OPENSOURCE_PURE;CONTINUOUS_MINUTE_STREAM;VERIFIED_MODEL_GRID,2ce1c341f1b2b35284f5c86d3f7ec3cc5514ccbd572fb84fedecb0447ef15575,2026-09-18T02:26:00+00:00,2026-09-18 07:26:00,87.1,1007.3,73
10.8,15.9,39.0,985.8,286.2,44.5,5.6,3.1,0.8,447.0,309.0,12.5,7.0,33.8,27.4,25.02,True,1800,0.1,42.2,114.8,EXT-OPEN-METEO-KHI,KARACHI,OPENSOURCE_API_GRID,148,,,,0.95,True,True,TIER2_OPENSOURCE_PURE;CONTINUOUS_MINUTE_STREAM;VERIFIED_MODEL_GRID,505f57de88f18f9eaa279982824da981e0fa1cd87a6248ece4de3ecfcc43b932,2026-09-18T02:27:00+00:00,2026-09-18 07:27:00,86.9,1007.3,73
10.9,16.0,39.1,992.0,288.0,44.8,5.6,3.1,0.8,447.0,310.1,12.5,7.0,33.9,27.4,25.0,True,1800,0.1,42.5,118.7,EXT-OPEN-METEO-KHI,KARACHI,OPENSOURCE_API_GRID,149,,,,0.95,True,True,TIER2_OPENSOURCE_PURE;CONTINUOUS_MINUTE_STREAM;VERIFIED_MODEL_GRID,5843ada0a1bf164e7994a3159a88619f786447872e0891ee1ddeba0096f34d07,2026-09-18T02:28:00+00:00,2026-09-18 07:28:00,86.8,1007.3,73
10.9,16.0,39.3,992.0,288.0,44.8,5.6,3.1,0.8,447.0,311.3,12.6,7.0,33.9,27.5,25.06,True,1800,0.1,42.7,122.6,EXT-OPEN-METEO-KHI,KARACHI,OPENSOURCE_API_GRID,150,,,,0.95,True,True,TIER2_OPENSOURCE_PURE;CONTINUOUS_MINUTE_STREAM;VERIFIED_MODEL_GRID,a7ee4d733539f6e6ffa5dc8245f8a27d24c779a39ed785aca5015092a78dd882,2026-09-18T02:29:00+00:00,2026-09-18 07:29:00,86.6,1007.3,73
10.9,16.1,39.5,998.2,289.8,45.1,5.6,3.2,0.8,447.0,312.5,12.6,7.0,34.0,27.5,25.03,True,1800,0.1,43.0,126.5,EXT-OPEN-METEO-KHI,KARACHI,OPENSOURCE_API_GRID,151,,,,0.95,True,True,TIER2_OPENSOURCE_PURE;CONTINUOUS_MINUTE_STREAM;VERIFIED_MODEL_GRID,ef032b79d94dd95c7fd4c061df16bb2e7e76cc9b3a7c152f60e8592644c774e3,2026-09-18T02:30:00+00:00,2026-09-18 07:30:00,86.4,1007.3,73
10.9,16.1,39.6,998.2,289.8,45.1,5.6,3.2,0.8,447.0,313.7,12.6,7.1,34.1,27.5,25.01,True,1800,0.1,43.3,130.4,EXT-OPEN-METEO-KHI,KARACHI,OPENSOURCE_API_GRID,152,,,,0.95,True,True,TIER2_OPENSOURCE_PURE;CONTINUOUS_MINUTE_STREAM;VERIFIED_MODEL_GRID,0597672344b4d00f3a239531809d9a652a47d28eee2cde8a0f88fc1525cfdb48,2026-09-18T02:31:00+00:00,2026-09-18 07:31:00,86.3,1007.4,73
11.0,16.2,39.8,1004.4,291.6,45.4,5.7,3.2,0.8,447.0,314.9,12.7,7.1,34.1,27.6,25.06,True,1800,0.1,43.5,134.3,EXT-OPEN-METEO-KHI,KARACHI,OPENSOURCE_API_GRID,153,,,,0.95,True,True,TIER2_OPENSOURCE_PURE;CONTINUOUS_MINUTE_STREAM;VERIFIED_MODEL_GRID,04311b561e8934d36136f70571cc95cddeb7b0d5ef13ea6d2375243c32f9a697,2026-09-18T02:32:00+00:00,2026-09-18 07:32:00,86.1,1007.4,73
11.0,16.2,40.0,1004.4,291.6,45.4,5.7,3.2,0.8,447.0,316.0,12.7,7.1,34.2,27.6,25.05,True,1800,0.1,43.8,138.2,EXT-OPEN-METEO-KHI,KARACHI,OPENSOURCE_API_GRID,154,,,,0.95,True,True,TIER2_OPENSOURCE_PURE;CONTINUOUS_MINUTE_STREAM;VERIFIED_MODEL_GRID,5efc856eb0b32a2ae39445aeead6caef2dc945fa76c240c5429f48dc22d88a49,2026-09-18T02:33:00+00:00,2026-09-18 07:33:00,86.0,1007.4,73
11.1,16.3,40.2,1010.6,293.4,45.6,5.7,3.2,0.8,447.0,317.2,12.7,7.1,34.2,27.7,25.1,True,1800,0.1,44.0,142.1,EXT-OPEN-METEO-KHI,KARACHI,OPENSOURCE_API_GRID,155,,,,0.95,True,True,TIER2_OPENSOURCE_PURE;CONTINUOUS_MINUTE_STREAM;VERIFIED_MODEL_GRID,bc960731bc3981f3aca65a43cbba4aace4eece0f96ca5d0ba603e899765ee962,2026-09-18T02:34:00+00:00,2026-09-18 07:34:00,85.8,1007.4,73
11.0,16.2,40.2,1004.4,291.6,45.4,5.7,3.2,0.8,447.0,318.3,12.7,7.1,34.3,27.7,25.08,True,1800,0.1,44.3,145.9,EXT-OPEN-METEO-KHI,KARACHI,OPENSOURCE_API_GRID,156,,,,0.95,True,True,TIER2_OPENSOURCE_PURE;CONTINUOUS_MINUTE_STREAM;VERIFIED_MODEL_GRID,eed2f89ea63fa017475298e5f77499b99d7658338cdf081fd72bdac82557a0f0,2026-09-18T02:35:00+00:00,2026-09-18 07:35:00,85.7,1007.4,73
11.1,16.3,40.4,1010.6,293.4,45.6,5.7,3.2,0.8,447.0,319.5,12.8,7.1,34.3,27.7,25.07,True,1800,0.1,44.5,149.7,EXT-OPEN-METEO-KHI,KARACHI,OPENSOURCE_API_GRID,157,,,,0.95,True,True,TIER2_OPENSOURCE_PURE;CONTINUOUS_MINUTE_STREAM;VERIFIED_MODEL_GRID,1c6aa7ca569c70e8dd97075c9d11985b1ba03e7088cc5bef2bb89a4d307913ac,2026-09-18T02:36:00+00:00,2026-09-18 07:36:00,85.6,1007.4,73
11.2,16.4,40.6,1016.8,295.2,45.9,5.7,3.2,0.8,447.0,320.6,12.8,7.1,34.4,27.8,25.12,True,1800,0.1,44.8,153.4,EXT-OPEN-METEO-KHI,KARACHI,OPENSOURCE_API_GRID,158,,,,0.95,True,True,TIER2_OPENSOURCE_PURE;CONTINUOUS_MINUTE_STREAM;VERIFIED_MODEL_GRID,2f4612c84226797e6d98659fc9d9c2df1e0664a4d8ac200a95a9affaac5b2633,2026-09-18T02:37:00+00:00,2026-09-18 07:37:00,85.4,1007.4,73
11.2,16.4,40.7,1016.8,295.2,45.9,5.7,3.3,0.8,447.0,321.7,12.8,7.2,34.4,27.8,25.08,True,1800,0.1,45.0,157.0,EXT-OPEN-METEO-KHI,KARACHI,OPENSOURCE_API_GRID,159,,,,0.95,True,True,TIER2_OPENSOURCE_PURE;CONTINUOUS_MINUTE_STREAM;VERIFIED_MODEL_GRID,8d024dc08c84c163bbf412064039bb8c71cc96e0dbd853e572a2c50e4484bf01,2026-09-18T02:38:00+00:00,2026-09-18 07:38:00,85.2,1007.5,73
11.2,16.5,40.9,1023.0,297.0,46.2,5.8,3.3,0.8,447.0,322.7,12.8,7.2,34.5,27.8,25.05,True,1800,0.1,45.3,160.5,EXT-OPEN-METEO-KHI,KARACHI,OPENSOURCE_API_GRID,160,,,,0.95,True,True,TIER2_OPENSOURCE_PURE;CONTINUOUS_MINUTE_STREAM;VERIFIED_MODEL_GRID,54e78d71d81be4ba8096ffb24cb4809394d11ecf822cc57bbeb20076e5906d5e,2026-09-18T02:39:00+00:00,2026-09-18 07:39:00,85.0,1007.5,73
11.2,16.5,41.0,1023.0,297.0,46.2,5.8,3.3,0.8,447.0,323.8,12.8,7.2,34.5,27.9,25.12,True,1800,0.1,45.5,164.0,EXT-OPEN-METEO-KHI,KARACHI,OPENSOURCE_API_GRID,161,,,,0.95,True,True,TIER2_OPENSOURCE_PURE;CONTINUOUS_MINUTE_STREAM;VERIFIED_MODEL_GRID,8cabf67aac8482f27d1865bfd3b345e08b96a9f66ac9f8015c8ed2b885d146a5,2026-09-18T02:40:00+00:00,2026-09-18 07:40:00,84.9,1007.5,73
11.2,16.5,41.1,1023.0,297.0,46.2,5.8,3.3,0.8,447.0,324.8,12.9,7.2,34.5,27.9,25.08,True,1800,0.1,45.7,167.3,EXT-OPEN-METEO-KHI,KARACHI,OPENSOURCE_API_GRID,162,,,,0.95,True,True,TIER2_OPENSOURCE_PURE;CONTINUOUS_MINUTE_STREAM;VERIFIED_MODEL_GRID,173981728af5761b4f1ac075de0babd63d9128e251a2f08363559dea09b8a4a7,2026-09-18T02:41:00+00:00,2026-09-18 07:41:00,84.7,1007.5,73
11.3,16.6,41.3,1029.2,298.8,46.5,5.8,3.3,0.8,447.0,325.7,12.9,7.2,34.6,27.9,25.04,True,1800,0.1,45.9,170.6,EXT-OPEN-METEO-KHI,KARACHI,OPENSOURCE_API_GRID,163,,,,0.95,True,True,TIER2_OPENSOURCE_PURE;CONTINUOUS_MINUTE_STREAM;VERIFIED_MODEL_GRID,dd2524cacc97bdf3c0bdc9bb3f09e4a840084dd89949fbab233e363ad673185b,2026-09-18T02:42:00+00:00,2026-09-18 07:42:00,84.5,1007.5,73
11.3,16.6,41.3,1029.2,298.8,46.5,5.8,3.3,0.8,447.0,326.7,12.9,7.2,34.6,27.9,25.0,True,1800,0.1,46.1,173.7,EXT-OPEN-METEO-KHI,KARACHI,OPENSOURCE_API_GRID,164,,,,0.95,True,True,TIER2_OPENSOURCE_PURE;CONTINUOUS_MINUTE_STREAM;VERIFIED_MODEL_GRID,b1f98162b640f45ebfbdf0139428c2673f5d9d610e1aa562f9500491b3a716ea,2026-09-18T02:43:00+00:00,2026-09-18 07:43:00,84.3,1007.5,73
11.3,16.6,41.4,1029.2,298.8,46.5,5.8,3.3,0.8,447.0,327.6,12.9,7.2,34.7,28.0,25.08,True,1800,0.1,46.3,176.7,EXT-OPEN-METEO-KHI,KARACHI,OPENSOURCE_API_GRID,165,,,,0.95,True,True,TIER2_OPENSOURCE_PURE;CONTINUOUS_MINUTE_STREAM;VERIFIED_MODEL_GRID,d0bb268957230c445bf60d8a4df015bb86d46e25007d0d2649f683090241f14d,2026-09-18T02:44:00+00:00,2026-09-18 07:44:00,84.2,1007.5,73
11.3,16.6,41.5,1029.2,298.8,46.5,5.8,3.3,0.8,447.0,328.4,13.0,7.2,34.7,28.0,25.04,True,1800,0.1,46.5,179.5,EXT-OPEN-METEO-KHI,KARACHI,OPENSOURCE_API_GRID,166,,,,0.95,True,True,TIER2_OPENSOURCE_PURE;CONTINUOUS_MINUTE_STREAM;VERIFIED_MODEL_GRID,6d09f934217692f6f3e6d9ff31c7c7a35defb0da3e0edb3b850530cf3d22faf4,2026-09-18T02:45:00+00:00,2026-09-18 07:45:00,84.0,1007.5,73
11.2,16.5,41.5,1023.0,297.0,46.2,5.8,3.3,0.8,447.0,329.2,13.0,7.2,34.7,28.0,25.02,True,1800,0.1,46.7,182.2,EXT-OPEN-METEO-KHI,KARACHI,OPENSOURCE_API_GRID,167,,,,0.95,True,True,TIER2_OPENSOURCE_PURE;CONTINUOUS_MINUTE_STREAM;VERIFIED_MODEL_GRID,529c41174713232f559ab5d00fbb9c6e4cfff3dcc290e5eb189e7fc7aa5b5522,2026-09-18T02:46:00+00:00,2026-09-18 07:46:00,83.9,1007.6,73
11.2,16.5,41.5,1023.0,297.0,46.2,5.8,3.3,0.8,447.0,330.0,13.0,7.2,34.8,28.0,24.98,True,1800,0.1,46.9,184.8,EXT-OPEN-METEO-KHI,KARACHI,OPENSOURCE_API_GRID,168,,,,0.95,True,True,TIER2_OPENSOURCE_PURE;CONTINUOUS_MINUTE_STREAM;VERIFIED_MODEL_GRID,88259ecd4f6f76c3fa849db6f153f4300566485459684d2582d9d0c104bd4667,2026-09-18T02:47:00+00:00,2026-09-18 07:47:00,83.7,1007.6,73
11.2,16.5,41.5,1023.0,297.0,46.2,5.8,3.3,0.8,447.0,330.7,13.0,7.3,34.8,28.0,24.96,True,1800,0.1,47.0,187.2,EXT-OPEN-METEO-KHI,KARACHI,OPENSOURCE_API_GRID,169,,,,0.95,True,True,TIER2_OPENSOURCE_PURE;CONTINUOUS_MINUTE_STREAM;VERIFIED_MODEL_GRID,eb1956e2dad0e0edca88549420b7fb37765294afb82d7dc4516d26534f1c311b,2026-09-18T02:48:00+00:00,2026-09-18 07:48:00,83.6,1007.6,73
11.2,16.4,41.5,1016.8,295.2,45.9,5.7,3.3,0.8,447.0,331.4,13.0,7.3,34.8,28.0,24.94,True,1800,0.1,47.2,189.4,EXT-OPEN-METEO-KHI,KARACHI,OPENSOURCE_API_GRID,170,,,,0.95,True,True,TIER2_OPENSOURCE_PURE;CONTINUOUS_MINUTE_STREAM;VERIFIED_MODEL_GRID,94355f13c5ed03bbac3bed054a609099ddac13359447c5355c2f21f00efe787b,2026-09-18T02:49:00+00:00,2026-09-18 07:49:00,83.5,1007.6,73
11.2,16.4,41.5,1016.8,295.2,45.9,5.7,3.3,0.8,447.0,332.0,13.0,7.3,34.9,28.0,24.9,True,1800,0.1,47.3,191.5,EXT-OPEN-METEO-KHI,KARACHI,OPENSOURCE_API_GRID,171,,,,0.95,True,True,TIER2_OPENSOURCE_PURE;CONTINUOUS_MINUTE_STREAM;VERIFIED_MODEL_GRID,3eee512e3cc15a1fb917dfe3bc559c58f2ad44d0232557c33f696f4472448566,2026-09-18T02:50:00+00:00,2026-09-18 07:50:00,83.3,1007.6,73
11.2,16.4,41.5,1016.8,295.2,45.9,5.7,3.3,0.8,447.0,332.5,13.0,7.3,34.9,28.0,24.88,True,1800,0.1,47.5,193.3,EXT-OPEN-METEO-KHI,KARACHI,OPENSOURCE_API_GRID,172,,,,0.95,True,True,TIER2_OPENSOURCE_PURE;CONTINUOUS_MINUTE_STREAM;VERIFIED_MODEL_GRID,c50ef9ac073469c0b2ffd446bf17de601bdc55bbe0ffb46434a391987453b92d,2026-09-18T02:51:00+00:00,2026-09-18 07:51:00,83.2,1007.6,73
11.2,16.4,41.5,1016.8,295.2,45.9,5.7,3.3,0.8,447.0,333.1,13.1,7.3,34.9,28.0,24.88,True,1800,0.1,47.6,195.0,EXT-OPEN-METEO-KHI,KARACHI,OPENSOURCE_API_GRID,173,,,,0.95,True,True,TIER2_OPENSOURCE_PURE;CONTINUOUS_MINUTE_STREAM;VERIFIED_MODEL_GRID,955fc62d1c1664a31d9e7e13343421adc93a454b7e0ef2f077d4733af40aacf8,2026-09-18T02:52:00+00:00,2026-09-18 07:52:00,83.2,1007.6,73
11.1,16.3,41.5,1010.6,293.4,45.6,5.7,3.3,0.8,447.0,333.5,13.1,7.3,34.9,28.0,24.86,True,1800,0.1,47.7,196.5,EXT-OPEN-METEO-KHI,KARACHI,OPENSOURCE_API_GRID,174,,,,0.95,True,True,TIER2_OPENSOURCE_PURE;CONTINUOUS_MINUTE_STREAM;VERIFIED_MODEL_GRID,5ca19079319f2ec64fdf960da08f745cecf6553603c7363dcfec5cb84b24657a,2026-09-18T02:53:00+00:00,2026-09-18 07:53:00,83.1,1007.6,73
11.1,16.3,41.5,1010.6,293.4,45.6,5.7,3.3,0.8,447.0,333.9,13.1,7.3,35.0,28.0,24.84,True,1800,0.1,47.8,197.8,EXT-OPEN-METEO-KHI,KARACHI,OPENSOURCE_API_GRID,175,,,,0.95,True,True,TIER2_OPENSOURCE_PURE;CONTINUOUS_MINUTE_STREAM;VERIFIED_MODEL_GRID,7930d1089016fea5d9cdaa7f5696b8523c12fdb9221d90966bcd26be9ddf94a7,2026-09-18T02:54:00+00:00,2026-09-18 07:54:00,83.0,1007.6,73
11.1,16.3,41.5,1010.6,293.4,45.6,5.7,3.3,0.8,447.0,334.2,13.1,7.3,35.0,28.0,24.84,True,1800,0.1,47.8,198.9,EXT-OPEN-METEO-KHI,KARACHI,OPENSOURCE_API_GRID,176,,,,0.95,True,True,TIER2_OPENSOURCE_PURE;CONTINUOUS_MINUTE_STREAM;VERIFIED_MODEL_GRID,698241997c4a8d8682c0c54a5c4a7afbe501b2254b4636caf4c42528567bcf32,2026-09-18T02:55:00+00:00,2026-09-18 07:55:00,83.0,1007.6,73
11.1,16.3,41.6,1010.6,293.4,45.6,5.7,3.3,0.8,447.0,334.5,13.1,7.3,35.0,28.0,24.82,True,1800,0.1,47.9,199.9,EXT-OPEN-METEO-KHI,KARACHI,OPENSOURCE_API_GRID,177,,,,0.95,True,True,TIER2_OPENSOURCE_PURE;CONTINUOUS_MINUTE_STREAM;VERIFIED_MODEL_GRID,a6b4d999032634f00f830f1b3b880ffcabde10f38d9188caf9332a826622465d,2026-09-18T02:56:00+00:00,2026-09-18 07:56:00,82.9,1007.6,73
11.1,16.3,41.6,1010.6,293.4,45.6,5.7,3.3,0.8,447.0,334.7,13.1,7.3,35.0,28.0,24.82,True,1800,0.1,47.9,200.6,EXT-OPEN-METEO-KHI,KARACHI,OPENSOURCE_API_GRID,178,,,,0.95,True,True,TIER2_OPENSOURCE_PURE;CONTINUOUS_MINUTE_STREAM;VERIFIED_MODEL_GRID,4c85c9fa5472437b0fec704fb52a162d897eb7fa139380946e8866e28ffeab61,2026-09-18T02:57:00+00:00,2026-09-18 07:57:00,82.9,1007.6,73
11.1,16.3,41.6,1010.6,293.4,45.6,5.7,3.3,0.8,447.0,334.9,13.1,7.3,35.0,28.0,24.82,True,1800,0.1,48.0,201.1,EXT-OPEN-METEO-KHI,KARACHI,OPENSOURCE_API_GRID,179,,,,0.95,True,True,TIER2_OPENSOURCE_PURE;CONTINUOUS_MINUTE_STREAM;VERIFIED_MODEL_GRID,090cc952db8ac7a7c368f7b36a6fd847da518b55684cf91f2bc3c0165f4d922f,2026-09-18T02:58:00+00:00,2026-09-18 07:58:00,82.9,1007.6,73
11.1,16.3,41.7,1010.6,293.4,45.6,5.7,3.3,0.8,447.0,335.0,13.1,7.3,35.0,28.0,24.82,True,1800,0.1,48.0,201.4,EXT-OPEN-METEO-KHI,KARACHI,OPENSOURCE_API_GRID,180,,,,0.95,True,True,TIER2_OPENSOURCE_PURE;CONTINUOUS_MINUTE_STREAM;VERIFIED_MODEL_GRID,54f2a00cc49b05fe8006a2a846cd27538ca756272622f35dd7a61b2880b9b0ed,2026-09-18T02:59:00+00:00,2026-09-18 07:59:00,82.9,1007.6,73
11.2,16.4,41.7,1016.8,295.2,45.9,5.7,3.3,0.8,447.0,335.0,13.1,7.3,35.0,28.1,24.92,True,1800,0.1,48.0,201.5,EXT-OPEN-METEO-KHI,KARACHI,OPENSOURCE_API_GRID,181,,,,0.95,True,False,TIER2_OPENSOURCE_PURE;HOURLY_NODE;VERIFIED_MODEL_GRID,a22b338d03fcf9c16928c3793fc881c7bda891119063c2ce7d5a0d1c5755f6ef,2026-09-18T03:00:00+00:00,2026-09-18 08:00:00,82.9,1007.6,73
11.2,16.4,41.8,1016.8,295.2,45.9,5.7,3.3,0.8,447.0,335.0,13.1,7.3,35.0,28.1,24.92,True,1800,0.1,48.0,201.6,EXT-OPEN-METEO-KHI,KARACHI,OPENSOURCE_API_GRID,182,,,,0.95,True,True,TIER2_OPENSOURCE_PURE;CONTINUOUS_MINUTE_STREAM;VERIFIED_MODEL_GRID,83e5a82b7e48e617494049b6099c7edf21271bc1e17e59f9904620b9eb78b0d6,2026-09-18T03:01:00+00:00,2026-09-18 08:01:00,82.9,1007.6,73
11.2,16.4,41.8,1016.8,295.2,45.9,5.7,3.3,0.8,447.0,334.9,13.1,7.3,35.0,28.1,24.92,True,1800,0.1,48.0,201.9,EXT-OPEN-METEO-KHI,KARACHI,OPENSOURCE_API_GRID,183,,,,0.95,True,True,TIER2_OPENSOURCE_PURE;CONTINUOUS_MINUTE_STREAM;VERIFIED_MODEL_GRID,c29ce8a6107dd3dc78dea7aae3fb8de1c9734f8e815c8c5f1f88bd51baf2b2a1,2026-09-18T03:02:00+00:00,2026-09-18 08:02:00,82.9,1007.6,73
11.2,16.5,41.9,1023.0,297.0,46.2,5.8,3.4,0.8,447.0,334.8,13.1,7.3,35.1,28.1,24.92,True,1800,0.1,48.1,202.5,EXT-OPEN-METEO-KHI,KARACHI,OPENSOURCE_API_GRID,184,,,,0.95,True,True,TIER2_OPENSOURCE_PURE;CONTINUOUS_MINUTE_STREAM;VERIFIED_MODEL_GRID,f235bea6f97e61b344435fd92f00df797364ada92cc774a13fd718f762078e3d,2026-09-18T03:03:00+00:00,2026-09-18 08:03:00,82.9,1007.6,73
11.2,16.5,42.0,1023.0,297.0,46.2,5.8,3.4,0.8,447.0,334.7,13.1,7.3,35.1,28.1,24.92,True,1800,0.1,48.1,203.3,EXT-OPEN-METEO-KHI,KARACHI,OPENSOURCE_API_GRID,185,,,,0.95,True,True,TIER2_OPENSOURCE_PURE;CONTINUOUS_MINUTE_STREAM;VERIFIED_MODEL_GRID,0827105e9bb4a9dcccfecba715e3ef01dd4878e3c9b98821379373941a40f719,2026-09-18T03:04:00+00:00,2026-09-18 08:04:00,82.9,1007.6,73
11.3,16.6,42.2,1029.2,298.8,46.5,5.8,3.4,0.8,447.0,334.6,13.1,7.3,35.2,28.1,24.92,True,1800,0.1,48.2,204.2,EXT-OPEN-METEO-KHI,KARACHI,OPENSOURCE_API_GRID,186,,,,0.95,True,True,TIER2_OPENSOURCE_PURE;CONTINUOUS_MINUTE_STREAM;VERIFIED_MODEL_GRID,e27949a8f10acf7a9b94fbb97794f81f4ff8292fe190236889b52d4383ff84a3,2026-09-18T03:05:00+00:00,2026-09-18 08:05:00,82.9,1007.6,73
11.2,16.5,42.1,1023.0,297.0,46.2,5.8,3.4,0.8,447.0,334.4,13.1,7.3,35.2,28.1,24.92,True,1800,0.1,48.3,205.4,EXT-OPEN-METEO-KHI,KARACHI,OPENSOURCE_API_GRID,187,,,,0.95,True,True,TIER2_OPENSOURCE_PURE;CONTINUOUS_MINUTE_STREAM;VERIFIED_MODEL_GRID,54462a5511a25c53a11bb42a5210a7d8de53babec339b5cc6be6acf0614c30ab,2026-09-18T03:06:00+00:00,2026-09-18 08:06:00,82.9,1007.6,73
11.3,16.6,42.3,1029.2,298.8,46.5,5.8,3.4,0.8,447.0,334.2,13.0,7.3,35.3,28.2,25.0,True,1800,0.1,48.4,206.8,EXT-OPEN-METEO-KHI,KARACHI,OPENSOURCE_API_GRID,188,,,,0.95,True,True,TIER2_OPENSOURCE_PURE;CONTINUOUS_MINUTE_STREAM;VERIFIED_MODEL_GRID,b87abf57669ac94d382fe1899a2979a9969d3714a11bd515bfb81715a5a0a53f,2026-09-18T03:07:00+00:00,2026-09-18 08:07:00,82.8,1007.6,73
11.4,16.7,42.4,1035.4,300.6,46.8,5.8,3.4,0.8,447.0,333.9,13.0,7.3,35.4,28.2,25.0,True,1800,0.1,48.5,208.4,EXT-OPEN-METEO-KHI,KARACHI,OPENSOURCE_API_GRID,189,,,,0.95,True,True,TIER2_OPENSOURCE_PURE;CONTINUOUS_MINUTE_STREAM;VERIFIED_MODEL_GRID,4057240c1f56331ec0d3dd3ac42723188d9839ba569e7202eb0b09b346e7e446,2026-09-18T03:08:00+00:00,2026-09-18 08:08:00,82.8,1007.6,73
11.4,16.7,42.6,1035.4,300.6,46.8,5.8,3.4,0.9,446.9,333.6,13.0,7.3,35.5,28.2,24.96,True,1800,0.1,48.6,210.2,EXT-OPEN-METEO-KHI,KARACHI,OPENSOURCE_API_GRID,190,,,,0.95,True,True,TIER2_OPENSOURCE_PURE;CONTINUOUS_MINUTE_STREAM;VERIFIED_MODEL_GRID,9284ec4c17d03d0af01ac0c3af4d1ae8c7f552bd6461912e293b08009b008a9b,2026-09-18T03:09:00+00:00,2026-09-18 08:09:00,82.6,1007.6,73
11.4,16.8,42.8,1041.6,302.4,47.0,5.9,3.4,0.9,446.9,333.3,13.0,7.3,35.7,28.2,24.94,True,1800,0.1,48.7,212.3,EXT-OPEN-METEO-KHI,KARACHI,OPENSOURCE_API_GRID,191,,,,0.95,True,True,TIER2_OPENSOURCE_PURE;CONTINUOUS_MINUTE_STREAM;VERIFIED_MODEL_GRID,c211397e160ed758a78c87c8006841e9c44e2161bdd7feb515e7b152fc172597,2026-09-18T03:10:00+00:00,2026-09-18 08:10:00,82.5,1007.6,73
11.4,16.8,42.9,1041.6,302.4,47.0,5.9,3.4,0.9,446.9,333.0,12.9,7.3,35.8,28.3,25.01,True,1800,0.1,48.9,214.4,EXT-OPEN-METEO-KHI,KARACHI,OPENSOURCE_API_GRID,192,,,,0.95,True,True,TIER2_OPENSOURCE_PURE;CONTINUOUS_MINUTE_STREAM;VERIFIED_MODEL_GRID,ab0d6d0499aedd2fd6f8a048537f0954294de7b73f41a0e2fbb6d7a3fda4073a,2026-09-18T03:11:00+00:00,2026-09-18 08:11:00,82.4,1007.7,73
11.4,16.8,43.1,1041.6,302.4,47.0,5.9,3.4,0.9,446.9,332.6,12.9,7.3,36.0,28.3,24.97,True,1800,0.1,49.1,216.8,EXT-OPEN-METEO-KHI,KARACHI,OPENSOURCE_API_GRID,193,,,,0.95,True,True,TIER2_OPENSOURCE_PURE;CONTINUOUS_MINUTE_STREAM;VERIFIED_MODEL_GRID,11bd6f0967e348a6008a9a0a4edb6ef8a573e46a1a0fa50fa35fe82ff7adf536,2026-09-18T03:12:00+00:00,2026-09-18 08:12:00,82.2,1007.7,73
11.5,16.9,43.2,1047.8,304.2,47.3,5.9,3.5,0.9,446.9,332.2,12.9,7.3,36.1,28.3,24.95,True,1800,0.1,49.2,219.4,EXT-OPEN-METEO-KHI,KARACHI,OPENSOURCE_API_GRID,194,,,,0.95,True,True,TIER2_OPENSOURCE_PURE;CONTINUOUS_MINUTE_STREAM;VERIFIED_MODEL_GRID,901320e5e626f28492a128d14a3016c9ecadcc2d3dbd5cd723a1b34389d04773,2026-09-18T03:13:00+00:00,2026-09-18 08:13:00,82.1,1007.7,73
11.5,16.9,43.4,1047.8,304.2,47.3,5.9,3.5,0.9,446.9,331.8,12.9,7.3,36.3,28.3,24.91,True,1800,0.1,49.4,222.1,EXT-OPEN-METEO-KHI,KARACHI,OPENSOURCE_API_GRID,195,,,,0.95,True,True,TIER2_OPENSOURCE_PURE;CONTINUOUS_MINUTE_STREAM;VERIFIED_MODEL_GRID,e93ba94aae01030c1f8367c306fdf76a477159d2c1102ddfcfa74ec4aa139088,2026-09-18T03:14:00+00:00,2026-09-18 08:14:00,81.9,1007.7,73
11.5,16.9,43.5,1047.8,304.2,47.3,5.9,3.5,0.9,446.9,331.3,12.8,7.3,36.5,28.4,24.97,True,1800,0.1,49.6,225.0,EXT-OPEN-METEO-KHI,KARACHI,OPENSOURCE_API_GRID,196,,,,0.95,True,True,TIER2_OPENSOURCE_PURE;CONTINUOUS_MINUTE_STREAM;VERIFIED_MODEL_GRID,29a57bc34e22c9549c67a85006b740be7b64de701693601bf3aabb941be34866,2026-09-18T03:15:00+00:00,2026-09-18 08:15:00,81.7,1007.7,73
11.5,16.9,43.7,1047.8,304.2,47.3,5.9,3.5,0.9,446.8,330.9,12.8,7.3,36.7,28.4,24.93,True,1800,0.1,49.8,228.1,EXT-OPEN-METEO-KHI,KARACHI,OPENSOURCE_API_GRID,197,,,,0.95,True,True,TIER2_OPENSOURCE_PURE;CONTINUOUS_MINUTE_STREAM;VERIFIED_MODEL_GRID,374a9f1b5d11136ec3e518dc0148d6cfb6705a5b4e1752771fe1ac095e4c5de0,2026-09-18T03:16:00+00:00,2026-09-18 08:16:00,81.5,1007.7,73
11.5,16.9,43.8,1047.8,304.2,47.3,5.9,3.5,0.9,446.8,330.4,12.7,7.3,36.9,28.4,24.89,True,1800,0.1,50.0,231.2,EXT-OPEN-METEO-KHI,KARACHI,OPENSOURCE_API_GRID,198,,,,0.95,True,True,TIER2_OPENSOURCE_PURE;CONTINUOUS_MINUTE_STREAM;VERIFIED_MODEL_GRID,6cb82f6747bac251d3dc2c0b499e7026d5a64a4f12c347919ae8fe8cf060c2a5,2026-09-18T03:17:00+00:00,2026-09-18 08:17:00,81.3,1007.7,73
11.5,16.9,44.0,1047.8,304.2,47.3,5.9,3.5,0.9,446.8,329.8,12.7,7.3,37.1,28.4,24.84,True,1800,0.1,50.3,234.6,EXT-OPEN-METEO-KHI,KARACHI,OPENSOURCE_API_GRID,199,,,,0.95,True,True,TIER2_OPENSOURCE_PURE;CONTINUOUS_MINUTE_STREAM;VERIFIED_MODEL_GRID,07bcee40708b5f56cb1bb7c4781218890d1ef812e84b71acfa95c7c6294f7b8e,2026-09-18T03:18:00+00:00,2026-09-18 08:18:00,81.1,1007.7,73
11.5,16.9,44.1,1047.8,304.2,47.3,5.9,3.5,0.9,446.8,329.3,12.7,7.3,37.3,28.4,24.8,True,1800,0.1,50.5,238.0,EXT-OPEN-METEO-KHI,KARACHI,OPENSOURCE_API_GRID,200,,,,0.95,True,True,TIER2_OPENSOURCE_PURE;CONTINUOUS_MINUTE_STREAM;VERIFIED_MODEL_GRID,4861b9d3b6964c228dc80aa9351bef827bd724cf8de842841633469d668178bf,2026-09-18T03:19:00+00:00,2026-09-18 08:19:00,80.9,1007.8,73
11.5,16.9,44.2,1047.8,304.2,47.3,5.9,3.5,0.9,446.8,328.8,12.6,7.3,37.5,28.5,24.84,True,1800,0.1,50.8,241.6,EXT-OPEN-METEO-KHI,KARACHI,OPENSOURCE_API_GRID,201,,,,0.95,True,True,TIER2_OPENSOURCE_PURE;CONTINUOUS_MINUTE_STREAM;VERIFIED_MODEL_GRID,7a19427db52288631bc786747b9c61f7cd679da265969665cf1367bc6996c756,2026-09-18T03:20:00+00:00,2026-09-18 08:20:00,80.6,1007.8,73
11.5,16.9,44.4,1047.8,304.2,47.3,5.9,3.6,0.9,446.7,328.2,12.6,7.3,37.7,28.5,24.8,True,1800,0.1,51.0,245.3,EXT-OPEN-METEO-KHI,KARACHI,OPENSOURCE_API_GRID,202,,,,0.95,True,True,TIER2_OPENSOURCE_PURE;CONTINUOUS_MINUTE_STREAM;VERIFIED_MODEL_GRID,3a36aca8ff2f53190567188b037ff20cc1bb25217ae0e0e3a8132b3054e25a08,2026-09-18T03:21:00+00:00,2026-09-18 08:21:00,80.4,1007.8,73
11.5,16.9,44.5,1047.8,304.2,47.3,5.9,3.6,0.9,446.7,327.6,12.5,7.3,38.0,28.5,24.75,True,1800,0.1,51.3,249.1,EXT-OPEN-METEO-KHI,KARACHI,OPENSOURCE_API_GRID,203,,,,0.95,True,True,TIER2_OPENSOURCE_PURE;CONTINUOUS_MINUTE_STREAM;VERIFIED_MODEL_GRID,624cf18055e036d49bcf346d4176bbf516ede753e4b3f72b489e86fdde6928b4,2026-09-18T03:22:00+00:00,2026-09-18 08:22:00,80.2,1007.8,73
11.5,16.9,44.7,1047.8,304.2,47.3,5.9,3.6,0.9,446.7,327.0,12.5,7.3,38.2,28.5,24.71,True,1800,0.1,51.5,253.0,EXT-OPEN-METEO-KHI,KARACHI,OPENSOURCE_API_GRID,204,,,,0.95,True,True,TIER2_OPENSOURCE_PURE;CONTINUOUS_MINUTE_STREAM;VERIFIED_MODEL_GRID,a6f287d68d587bbb6d654964da124b60c74e85276c0d29e69e5f4c8d53177956,2026-09-18T03:23:00+00:00,2026-09-18 08:23:00,80.0,1007.8,73
11.5,16.9,44.9,1047.8,304.2,47.3,5.9,3.6,0.9,446.7,326.4,12.4,7.3,38.5,28.6,24.75,True,1800,0.1,51.8,257.0,EXT-OPEN-METEO-KHI,KARACHI,OPENSOURCE_API_GRID,205,,,,0.95,True,True,TIER2_OPENSOURCE_PURE;CONTINUOUS_MINUTE_STREAM;VERIFIED_MODEL_GRID,6e0f62fb7e31b6f484bc2b45b6caccce0339448bd7652270e9dbe7f9dda928b4,2026-09-18T03:24:00+00:00,2026-09-18 08:24:00,79.7,1007.8,73
11.5,16.9,45.1,1047.8,304.2,47.3,5.9,3.6,0.9,446.6,325.7,12.4,7.3,38.7,28.6,24.7,True,1800,0.1,52.1,261.0,EXT-OPEN-METEO-KHI,KARACHI,OPENSOURCE_API_GRID,206,,,,0.95,True,True,TIER2_OPENSOURCE_PURE;CONTINUOUS_MINUTE_STREAM;VERIFIED_MODEL_GRID,bc53d60f5d523a5189ac340bc84c665bc298587df55e55ea440cd56719b9d410,2026-09-18T03:25:00+00:00,2026-09-18 08:25:00,79.5,1007.8,73
11.5,16.9,45.3,1047.8,304.2,47.3,5.9,3.6,0.9,446.6,325.1,12.3,7.3,39.0,28.6,24.66,True,1800,0.1,52.4,265.1,EXT-OPEN-METEO-KHI,KARACHI,OPENSOURCE_API_GRID,207,,,,0.95,True,True,TIER2_OPENSOURCE_PURE;CONTINUOUS_MINUTE_STREAM;VERIFIED_MODEL_GRID,6ec3bf4d52badf401c5fb15ffcc230b5cfe3adaa798d9d4015270cfb3087ca73,2026-09-18T03:26:00+00:00,2026-09-18 08:26:00,79.3,1007.8,73
11.6,17.0,45.5,1054.0,306.0,47.6,5.9,3.6,0.9,446.6,324.5,12.3,7.3,39.2,28.6,24.62,True,1800,0.1,52.6,269.2,EXT-OPEN-METEO-KHI,KARACHI,OPENSOURCE_API_GRID,208,,,,0.95,True,True,TIER2_OPENSOURCE_PURE;CONTINUOUS_MINUTE_STREAM;VERIFIED_MODEL_GRID,b363098b5c9c9831d02ccd90015bb779fa292dccc1d980c10e5b3c1568f0e76c,2026-09-18T03:27:00+00:00,2026-09-18 08:27:00,79.1,1007.9,73
11.6,17.0,45.8,1054.0,306.0,47.6,5.9,3.7,0.9,446.6,323.8,12.2,7.3,39.5,28.7,24.65,True,1800,0.1,52.9,273.4,EXT-OPEN-METEO-KHI,KARACHI,OPENSOURCE_API_GRID,209,,,,0.95,True,True,TIER2_OPENSOURCE_PURE;CONTINUOUS_MINUTE_STREAM;VERIFIED_MODEL_GRID,eef9c42b40b03daaf01447f5e3433bbcfd4b05476a5aae7f5d91782274791cf2,2026-09-18T03:28:00+00:00,2026-09-18 08:28:00,78.8,1007.9,73
11.6,17.1,46.0,1060.2,307.8,47.9,6.0,3.7,0.9,446.5,323.2,12.2,7.3,39.7,28.7,24.61,True,1800,0.1,53.2,277.6,EXT-OPEN-METEO-KHI,KARACHI,OPENSOURCE_API_GRID,210,,,,0.95,True,True,TIER2_OPENSOURCE_PURE;CONTINUOUS_MINUTE_STREAM;VERIFIED_MODEL_GRID,3f32a11729e159d4bf64e81d5686d3848f6af24acc769aece4485a1b825f0072,2026-09-18T03:29:00+00:00,2026-09-18 08:29:00,78.6,1007.9,73
11.6,17.1,46.3,1060.2,307.8,47.9,6.0,3.7,0.9,446.5,322.5,12.1,7.2,40.0,28.8,24.67,True,1800,0.1,53.5,281.8,EXT-OPEN-METEO-KHI,KARACHI,OPENSOURCE_API_GRID,211,,,,0.95,True,True,TIER2_OPENSOURCE_PURE;CONTINUOUS_MINUTE_STREAM;VERIFIED_MODEL_GRID,b9d1b66b8d8a1a7d0749aad947294acf427269385e83b576180bbd860cd41e1a,2026-09-18T03:30:00+00:00,2026-09-18 08:30:00,78.4,1007.9,73
11.7,17.2,46.6,1066.4,309.6,48.2,6.0,3.7,0.9,446.5,321.8,12.1,7.2,40.3,28.8,24.62,True,1800,0.1,53.8,285.9,EXT-OPEN-METEO-KHI,KARACHI,OPENSOURCE_API_GRID,212,,,,0.95,True,True,TIER2_OPENSOURCE_PURE;CONTINUOUS_MINUTE_STREAM;VERIFIED_MODEL_GRID,4bd2db460cb15d18959a60ddc30f4308a007d744cad2ab744d1bd2e5bc7223e8,2026-09-18T03:31:00+00:00,2026-09-18 08:31:00,78.2,1007.9,73
11.8,17.3,46.9,1072.6,311.4,48.4,6.1,3.8,0.9,446.4,321.2,12.1,7.2,40.5,28.8,24.58,True,1800,0.1,54.1,290.1,EXT-OPEN-METEO-KHI,KARACHI,OPENSOURCE_API_GRID,213,,,,0.95,True,True,TIER2_OPENSOURCE_PURE;CONTINUOUS_MINUTE_STREAM;VERIFIED_MODEL_GRID,17049b9c2f6f87781225adf27e0ac6f646fed02974e7c5374da849a62e7c1ac6,2026-09-18T03:32:00+00:00,2026-09-18 08:32:00,78.0,1007.9,73
11.8,17.4,47.2,1078.8,313.2,48.7,6.1,3.8,0.9,446.4,320.5,12.0,7.2,40.8,28.9,24.63,True,1800,0.1,54.4,294.3,EXT-OPEN-METEO-KHI,KARACHI,OPENSOURCE_API_GRID,214,,,,0.95,True,True,TIER2_OPENSOURCE_PURE;CONTINUOUS_MINUTE_STREAM;VERIFIED_MODEL_GRID,486e544fc470ed44adfab5f3ed7bc1d750661da233840cf46097d81821434426,2026-09-18T03:33:00+00:00,2026-09-18 08:33:00,77.8,1007.9,73
11.9,17.5,47.5,1085.0,315.0,49.0,6.1,3.8,1.0,446.4,319.9,12.0,7.2,41.0,28.9,24.59,True,1800,0.1,54.6,298.4,EXT-OPEN-METEO-KHI,KARACHI,OPENSOURCE_API_GRID,215,,,,0.95,True,True,TIER2_OPENSOURCE_PURE;CONTINUOUS_MINUTE_STREAM;VERIFIED_MODEL_GRID,12e5c933adaaf557e5e547587a3f97007f28e182bdac470abcd37d52da623fe5,2026-09-18T03:34:00+00:00,2026-09-18 08:34:00,77.6,1008.0,73
11.9,17.5,47.8,1085.0,315.0,49.0,6.1,3.8,1.0,446.4,319.3,11.9,7.2,41.3,29.0,24.64,True,1800,0.1,54.9,302.5,EXT-OPEN-METEO-KHI,KARACHI,OPENSOURCE_API_GRID,216,,,,0.95,True,True,TIER2_OPENSOURCE_PURE;CONTINUOUS_MINUTE_STREAM;VERIFIED_MODEL_GRID,36a9c5a6c56ab56161145445f931e430c5d7755cbc92baa4c14a69bc7823d7bf,2026-09-18T03:35:00+00:00,2026-09-18 08:35:00,77.4,1008.0,73
12.0,17.6,48.1,1091.2,316.8,49.3,6.2,3.8,1.0,446.3,318.6,11.9,7.2,41.5,29.0,24.6,True,1800,0.1,55.2,306.5,EXT-OPEN-METEO-KHI,KARACHI,OPENSOURCE_API_GRID,217,,,,0.95,True,True,TIER2_OPENSOURCE_PURE;CONTINUOUS_MINUTE_STREAM;VERIFIED_MODEL_GRID,906c20db9e34baada9417f6485cfa03417ba95dd85d025062c3cccdc93a81e77,2026-09-18T03:36:00+00:00,2026-09-18 08:36:00,77.2,1008.0,73
12.0,17.6,48.2,1091.2,316.8,49.3,6.2,3.9,1.0,446.3,318.0,11.8,7.2,41.8,29.1,24.65,True,1800,0.1,55.5,310.5,EXT-OPEN-METEO-KHI,KARACHI,OPENSOURCE_API_GRID,218,,,,0.95,True,True,TIER2_OPENSOURCE_PURE;CONTINUOUS_MINUTE_STREAM;VERIFIED_MODEL_GRID,065070866522e4e317f425dea03318e0ab2bdfaa951dca4e93abaea0bd10fc34,2026-09-18T03:37:00+00:00,2026-09-18 08:37:00,77.0,1008.0,73
12.0,17.7,48.5,1097.4,318.6,49.6,6.2,3.9,1.0,446.3,317.4,11.8,7.2,42.0,29.1,24.61,True,1800,0.1,55.7,314.4,EXT-OPEN-METEO-KHI,KARACHI,OPENSOURCE_API_GRID,219,,,,0.95,True,True,TIER2_OPENSOURCE_PURE;CONTINUOUS_MINUTE_STREAM;VERIFIED_MODEL_GRID,de1b3829a01c8e25c905d58e95ccf500b712a26fc99e0957ac9547fe9eaa0399,2026-09-18T03:38:00+00:00,2026-09-18 08:38:00,76.8,1008.0,73
12.0,17.7,48.8,1097.4,318.6,49.6,6.2,3.9,1.0,446.3,316.8,11.7,7.2,42.3,29.1,24.57,True,1800,0.1,56.0,318.2,EXT-OPEN-METEO-KHI,KARACHI,OPENSOURCE_API_GRID,220,,,,0.95,True,True,TIER2_OPENSOURCE_PURE;CONTINUOUS_MINUTE_STREAM;VERIFIED_MODEL_GRID,77018423a41c34d1a9aaf323b89773e3b7e0060ff3e851647fbedbc451bef2dc,2026-09-18T03:39:00+00:00,2026-09-18 08:39:00,76.6,1008.0,73
12.1,17.8,49.1,1103.6,320.4,49.8,6.2,3.9,1.0,446.2,316.2,11.7,7.2,42.5,29.2,24.62,True,1800,0.1,56.2,321.9,EXT-OPEN-METEO-KHI,KARACHI,OPENSOURCE_API_GRID,221,,,,0.95,True,True,TIER2_OPENSOURCE_PURE;CONTINUOUS_MINUTE_STREAM;VERIFIED_MODEL_GRID,411b390950664349eb7f207ac62d7b435969b58cbe3049974e1276ffb30dd452,2026-09-18T03:40:00+00:00,2026-09-18 08:40:00,76.4,1008.1,73
12.2,17.9,49.3,1109.8,322.2,50.1,6.3,3.9,1.0,446.2,315.7,11.6,7.2,42.7,29.2,24.58,True,1800,0.1,56.5,325.5,EXT-OPEN-METEO-KHI,KARACHI,OPENSOURCE_API_GRID,222,,,,0.95,True,True,TIER2_OPENSOURCE_PURE;CONTINUOUS_MINUTE_STREAM;VERIFIED_MODEL_GRID,62af56f47c1bbedcf68dad8bbfd57da81ed4e3a22e2b5edd59837d5911d2cfee,2026-09-18T03:41:00+00:00,2026-09-18 08:41:00,76.2,1008.1,73
12.2,17.9,49.6,1109.8,322.2,50.1,6.3,4.0,1.0,446.2,315.2,11.6,7.2,42.9,29.3,24.63,True,1800,0.1,56.7,328.9,EXT-OPEN-METEO-KHI,KARACHI,OPENSOURCE_API_GRID,223,,,,0.95,True,True,TIER2_OPENSOURCE_PURE;CONTINUOUS_MINUTE_STREAM;VERIFIED_MODEL_GRID,8c70f4105dd6a41c06221b750c1271ebc16366cb28d561cf0c0655d769d27db4,2026-09-18T03:42:00+00:00,2026-09-18 08:42:00,76.0,1008.1,73
12.2,18.0,49.8,1116.0,324.0,50.4,6.3,4.0,1.0,446.2,314.6,11.6,7.2,43.1,29.3,24.56,True,1800,0.1,57.0,332.3,EXT-OPEN-METEO-KHI,KARACHI,OPENSOURCE_API_GRID,224,,,,0.95,True,True,TIER2_OPENSOURCE_PURE;CONTINUOUS_MINUTE_STREAM;VERIFIED_MODEL_GRID,6d8f784431495bfee842cf97977265aae4ee195be6846577828c5c98f3e0f8f9,2026-09-18T03:43:00+00:00,2026-09-18 08:43:00,75.7,1008.1,73
12.2,18.0,50.0,1116.0,324.0,50.4,6.3,4.0,1.0,446.2,314.1,11.5,7.2,43.3,29.3,24.52,True,1800,0.1,57.2,335.4,EXT-OPEN-METEO-KHI,KARACHI,OPENSOURCE_API_GRID,225,,,,0.95,True,True,TIER2_OPENSOURCE_PURE;CONTINUOUS_MINUTE_STREAM;VERIFIED_MODEL_GRID,8af826199c507c4852937d339c150423c74bc4d1c40632c9e43446bd59c01702,2026-09-18T03:44:00+00:00,2026-09-18 08:44:00,75.5,1008.1,73
12.3,18.1,50.1,1122.2,325.8,50.7,6.3,4.0,1.0,446.1,313.7,11.5,7.2,43.5,29.3,24.5,True,1800,0.1,57.4,338.5,EXT-OPEN-METEO-KHI,KARACHI,OPENSOURCE_API_GRID,226,,,,0.95,True,True,TIER2_OPENSOURCE_PURE;CONTINUOUS_MINUTE_STREAM;VERIFIED_MODEL_GRID,57bb4c1f97e6e609c3ca3b3df93dcdbc570ac581589247adfb743d1b191fbde6,2026-09-18T03:45:00+00:00,2026-09-18 08:45:00,75.4,1008.1,73
12.3,18.1,50.3,1122.2,325.8,50.7,6.3,4.0,1.0,446.1,313.2,11.4,7.2,43.7,29.4,24.55,True,1800,0.1,57.6,341.4,EXT-OPEN-METEO-KHI,KARACHI,OPENSOURCE_API_GRID,227,,,,0.95,True,True,TIER2_OPENSOURCE_PURE;CONTINUOUS_MINUTE_STREAM;VERIFIED_MODEL_GRID,ba57e253aae1ab02f614149add0049b64769e10e6112e6a92a1394212e9373ba,2026-09-18T03:46:00+00:00,2026-09-18 08:46:00,75.2,1008.1,73
12.3,18.1,50.4,1122.2,325.8,50.7,6.3,4.0,1.0,446.1,312.8,11.4,7.2,43.9,29.4,24.5,True,1800,0.1,57.8,344.1,EXT-OPEN-METEO-KHI,KARACHI,OPENSOURCE_API_GRID,228,,,,0.95,True,True,TIER2_OPENSOURCE_PURE;CONTINUOUS_MINUTE_STREAM;VERIFIED_MODEL_GRID,a4a799600d18904ee50f5a4780d7d54889c7da40c7e487686ff459bc768e9306,2026-09-18T03:47:00+00:00,2026-09-18 08:47:00,75.0,1008.2,73
12.3,18.1,50.5,1122.2,325.8,50.7,6.3,4.0,1.0,446.1,312.4,11.4,7.2,44.0,29.4,24.46,True,1800,0.1,57.9,346.7,EXT-OPEN-METEO-KHI,KARACHI,OPENSOURCE_API_GRID,229,,,,0.95,True,True,TIER2_OPENSOURCE_PURE;CONTINUOUS_MINUTE_STREAM;VERIFIED_MODEL_GRID,5a65cb7a5639029a46dee63b3c1dd7381ef70964877979e583df87b0727e7972,2026-09-18T03:48:00+00:00,2026-09-18 08:48:00,74.8,1008.2,73
12.3,18.1,50.6,1122.2,325.8,50.7,6.3,4.0,1.0,446.1,312.0,11.4,7.2,44.2,29.4,24.44,True,1800,0.1,58.1,349.1,EXT-OPEN-METEO-KHI,KARACHI,OPENSOURCE_API_GRID,230,,,,0.95,True,True,TIER2_OPENSOURCE_PURE;CONTINUOUS_MINUTE_STREAM;VERIFIED_MODEL_GRID,d98b9f22f0db74d6b123033c440e6d6a30259de356df519af3fba2c3615fe291,2026-09-18T03:49:00+00:00,2026-09-18 08:49:00,74.7,1008.2,73
12.2,18.0,50.7,1116.0,324.0,50.4,6.3,4.1,1.0,446.1,311.7,11.3,7.2,44.3,29.4,24.39,True,1800,0.1,58.3,351.2,EXT-OPEN-METEO-KHI,KARACHI,OPENSOURCE_API_GRID,231,,,,0.95,True,True,TIER2_OPENSOURCE_PURE;CONTINUOUS_MINUTE_STREAM;VERIFIED_MODEL_GRID,3aba61615a030e4a54b6a9c6deb51e7ad83977d205fdcb3ec6fb12ffc638376e,2026-09-18T03:50:00+00:00,2026-09-18 08:50:00,74.5,1008.2,73
12.2,18.0,50.7,1116.0,324.0,50.4,6.3,4.1,1.0,446.1,311.4,11.3,7.2,44.5,29.4,24.37,True,1800,0.1,58.4,353.3,EXT-OPEN-METEO-KHI,KARACHI,OPENSOURCE_API_GRID,232,,,,0.95,True,True,TIER2_OPENSOURCE_PURE;CONTINUOUS_MINUTE_STREAM;VERIFIED_MODEL_GRID,55f994e20b0fc70aa05f2cb92c63c5562e07d0bbcde4490e5c0cb9726acfedc7,2026-09-18T03:51:00+00:00,2026-09-18 08:51:00,74.4,1008.2,73
12.2,18.0,50.7,1116.0,324.0,50.4,6.3,4.1,1.0,446.0,311.1,11.3,7.2,44.6,29.4,24.35,True,1800,0.1,58.5,355.1,EXT-OPEN-METEO-KHI,KARACHI,OPENSOURCE_API_GRID,233,,,,0.95,True,True,TIER2_OPENSOURCE_PURE;CONTINUOUS_MINUTE_STREAM;VERIFIED_MODEL_GRID,ab6e890937f78d0b372c8a4a6e1bb687f1b9386115af937bada04c3bcc65c79d,2026-09-18T03:52:00+00:00,2026-09-18 08:52:00,74.3,1008.2,73
12.2,18.0,50.8,1116.0,324.0,50.4,6.3,4.1,1.0,446.0,310.8,11.3,7.2,44.7,29.5,24.42,True,1800,0.1,58.6,356.7,EXT-OPEN-METEO-KHI,KARACHI,OPENSOURCE_API_GRID,234,,,,0.95,True,True,TIER2_OPENSOURCE_PURE;CONTINUOUS_MINUTE_STREAM;VERIFIED_MODEL_GRID,f5c2fdf476aaf5ebf0fa807afe8ae0156c69c0d92e7668e03441446d267fb5d7,2026-09-18T03:53:00+00:00,2026-09-18 08:53:00,74.2,1008.2,73
12.2,17.9,50.8,1109.8,322.2,50.1,6.3,4.1,1.0,446.0,310.6,11.2,7.2,44.8,29.5,24.4,True,1800,0.1,58.7,358.1,EXT-OPEN-METEO-KHI,KARACHI,OPENSOURCE_API_GRID,235,,,,0.95,True,True,TIER2_OPENSOURCE_PURE;CONTINUOUS_MINUTE_STREAM;VERIFIED_MODEL_GRID,4df846e1928b8830e124d20963984194d5981e0d023de560b4761b2fa20c2634,2026-09-18T03:54:00+00:00,2026-09-18 08:54:00,74.1,1008.2,73
12.2,17.9,50.8,1109.8,322.2,50.1,6.3,4.1,1.0,446.0,310.4,11.2,7.2,44.8,29.5,24.38,True,1800,0.1,58.8,359.3,EXT-OPEN-METEO-KHI,KARACHI,OPENSOURCE_API_GRID,236,,,,0.95,True,True,TIER2_OPENSOURCE_PURE;CONTINUOUS_MINUTE_STREAM;VERIFIED_MODEL_GRID,8845926add73f8e3e6b88efd5787d4d8dc583393f7b46d6630f18c9fdf30449f,2026-09-18T03:55:00+00:00,2026-09-18 08:55:00,74.0,1008.2,73
12.2,17.9,50.8,1109.8,322.2,50.1,6.3,4.1,1.0,446.0,310.3,11.2,7.2,44.9,29.5,24.35,True,1800,0.1,58.9,360.2,EXT-OPEN-METEO-KHI,KARACHI,OPENSOURCE_API_GRID,237,,,,0.95,True,True,TIER2_OPENSOURCE_PURE;CONTINUOUS_MINUTE_STREAM;VERIFIED_MODEL_GRID,4766d381f290239abe87a2cf82d56b2bc6f69f65368ca51fa76e9ed051eb8532,2026-09-18T03:56:00+00:00,2026-09-18 08:56:00,73.9,1008.2,73
12.2,17.9,50.9,1109.8,322.2,50.1,6.3,4.1,1.0,446.0,310.2,11.2,7.2,44.9,29.5,24.35,True,1800,0.1,58.9,361.0,EXT-OPEN-METEO-KHI,KARACHI,OPENSOURCE_API_GRID,238,,,,0.95,True,True,TIER2_OPENSOURCE_PURE;CONTINUOUS_MINUTE_STREAM;VERIFIED_MODEL_GRID,15507f65afbd0e8427815bc67c66f588266b6c195fa7531f445fdc6d8a4021b8,2026-09-18T03:57:00+00:00,2026-09-18 08:57:00,73.9,1008.2,73
12.2,17.9,50.9,1109.8,322.2,50.1,6.3,4.1,1.0,446.0,310.1,11.2,7.2,45.0,29.5,24.35,True,1800,0.1,59.0,361.6,EXT-OPEN-METEO-KHI,KARACHI,OPENSOURCE_API_GRID,239,,,,0.95,True,True,TIER2_OPENSOURCE_PURE;CONTINUOUS_MINUTE_STREAM;VERIFIED_MODEL_GRID,4e6c831d36084ef1458bc2929b6275f96fd4c1e1c562712ffe9d936841152f23,2026-09-18T03:58:00+00:00,2026-09-18 08:58:00,73.9,1008.2,73
12.2,17.9,50.9,1109.8,322.2,50.1,6.3,4.1,1.0,446.0,310.0,11.2,7.2,45.0,29.5,24.35,True,1800,0.1,59.0,361.9,EXT-OPEN-METEO-KHI,KARACHI,OPENSOURCE_API_GRID,240,,,,0.95,True,True,TIER2_OPENSOURCE_PURE;CONTINUOUS_MINUTE_STREAM;VERIFIED_MODEL_GRID,720ba949c6b75ed115a483762f1776366dbbc8da5aaeab4129dc92437b969574,2026-09-18T03:59:00+00:00,2026-09-18 08:59:00,73.9,1008.2,73
12.2,17.9,50.9,1109.8,322.2,50.1,6.3,4.1,1.0,446.0,310.0,11.2,7.2,45.0,29.5,24.35,False,4095,0.0,59.0,362.0,EXT-OPEN-METEO-KHI,KARACHI,OPENSOURCE_API_GRID,241,,,,0.95,True,False,TIER2_OPENSOURCE_PURE;HOURLY_NODE;VERIFIED_MODEL_GRID,40e869781af8f334a119a7d6193afd036033a5dd004bd38628c4d0410a51ea27,2026-09-18T04:00:00+00:00,2026-09-18 09:00:00,73.9,1008.2,73
12.2,17.9,51.0,1109.8,322.2,50.1,6.3,4.1,1.0,446.0,310.0,11.2,7.2,45.0,29.5,24.35,False,4095,0.0,59.0,362.1,EXT-OPEN-METEO-KHI,KARACHI,OPENSOURCE_API_GRID,242,,,,0.95,True,True,TIER2_OPENSOURCE_PURE;CONTINUOUS_MINUTE_STREAM;VERIFIED_MODEL_GRID,e9e4a8aa66651d6b5a25407d05357e1edda86595871745988e4fbe59a3ce4c3e,2026-09-18T04:01:00+00:00,2026-09-18 09:01:00,73.9,1008.2,73
12.2,18.0,51.0,1116.0,324.0,50.4,6.3,4.1,1.0,446.0,309.8,11.2,7.2,45.0,29.5,24.35,False,4095,0.0,58.9,362.6,EXT-OPEN-METEO-KHI,KARACHI,OPENSOURCE_API_GRID,243,,,,0.95,True,True,TIER2_OPENSOURCE_PURE;CONTINUOUS_MINUTE_STREAM;VERIFIED_MODEL_GRID,abacdd80f8f43ae0ae3f68351a19fb97819a352c2b7e0f940f4e2eae8dcc1420,2026-09-18T04:02:00+00:00,2026-09-18 09:02:00,73.9,1008.2,73
12.2,18.0,51.1,1116.0,324.0,50.4,6.3,4.1,1.0,446.0,309.6,11.2,7.2,45.1,29.5,24.35,False,4095,0.0,58.9,363.2,EXT-OPEN-METEO-KHI,KARACHI,OPENSOURCE_API_GRID,244,,,,0.95,True,True,TIER2_OPENSOURCE_PURE;CONTINUOUS_MINUTE_STREAM;VERIFIED_MODEL_GRID,b9a3d8d256b25f5ac1280f8d415ec7c533250894d9030a62e4c51263b0c4ce76,2026-09-18T04:03:00+00:00,2026-09-18 09:03:00,73.9,1008.2,73
12.3,18.1,51.2,1122.2,325.8,50.7,6.3,4.1,1.0,446.0,309.3,11.2,7.2,45.1,29.5,24.35,False,4095,0.0,58.8,364.2,EXT-OPEN-METEO-KHI,KARACHI,OPENSOURCE_API_GRID,245,,,,0.95,True,True,TIER2_OPENSOURCE_PURE;CONTINUOUS_MINUTE_STREAM;VERIFIED_MODEL_GRID,e7a9dd3dd958450485c3d976adad85885312dc6a6bb0d94b0102c20dbf3e49af,2026-09-18T04:04:00+00:00,2026-09-18 09:04:00,73.9,1008.2,73
12.3,18.1,51.3,1122.2,325.8,50.7,6.3,4.1,1.0,446.0,309.0,11.1,7.2,45.2,29.5,24.35,False,4095,0.0,58.6,365.5,EXT-OPEN-METEO-KHI,KARACHI,OPENSOURCE_API_GRID,246,,,,0.95,True,True,TIER2_OPENSOURCE_PURE;CONTINUOUS_MINUTE_STREAM;VERIFIED_MODEL_GRID,4dee79ee3c1647c4c1f9259e32c53ff1c231d2eb0be8fca9c9ca0b2d76269c01,2026-09-18T04:05:00+00:00,2026-09-18 09:05:00,73.9,1008.2,73
12.4,18.2,51.4,1128.4,327.6,51.0,6.4,4.1,1.0,446.0,308.5,11.1,7.2,45.3,29.5,24.33,False,4095,0.0,58.5,367.0,EXT-OPEN-METEO-KHI,KARACHI,OPENSOURCE_API_GRID,247,,,,0.95,True,True,TIER2_OPENSOURCE_PURE;CONTINUOUS_MINUTE_STREAM;VERIFIED_MODEL_GRID,9d0b6a93dcbdf44637c5515539f9d53f8ca0f33306418d9a3134a320cd0f320b,2026-09-18T04:06:00+00:00,2026-09-18 09:06:00,73.8,1008.2,73
12.4,18.2,51.6,1128.4,327.6,51.0,6.4,4.1,1.0,446.0,308.0,11.1,7.2,45.4,29.5,24.33,False,4095,0.0,58.3,368.7,EXT-OPEN-METEO-KHI,KARACHI,OPENSOURCE_API_GRID,248,,,,0.95,True,True,TIER2_OPENSOURCE_PURE;CONTINUOUS_MINUTE_STREAM;VERIFIED_MODEL_GRID,bedabe0deaf7461070e6fc85b7a63ce406299bb0e1929009a3b4295ae972acbf,2026-09-18T04:07:00+00:00,2026-09-18 09:07:00,73.8,1008.2,73
12.4,18.2,51.5,1128.4,327.6,51.0,6.4,4.1,1.0,446.0,307.4,11.1,7.2,45.6,29.6,24.43,False,4095,0.0,58.1,370.8,EXT-OPEN-METEO-KHI,KARACHI,OPENSOURCE_API_GRID,249,,,,0.95,True,True,TIER2_OPENSOURCE_PURE;CONTINUOUS_MINUTE_STREAM;VERIFIED_MODEL_GRID,376707da043b25c7cab132a0dcb1299a3b60656a06b67ea4dacee55252abc405,2026-09-18T04:08:00+00:00,2026-09-18 09:08:00,73.8,1008.2,73
12.4,18.3,51.7,1134.6,329.4,51.2,6.4,4.1,1.0,445.9,306.7,11.0,7.2,45.7,29.6,24.41,False,4095,0.0,57.9,373.1,EXT-OPEN-METEO-KHI,KARACHI,OPENSOURCE_API_GRID,250,,,,0.95,True,True,TIER2_OPENSOURCE_PURE;CONTINUOUS_MINUTE_STREAM;VERIFIED_MODEL_GRID,97c725952bfb47adde785db4539332f8dd1de0c3fca29bf95688d9686e1f59f4,2026-09-18T04:09:00+00:00,2026-09-18 09:09:00,73.7,1008.2,73
12.4,18.3,51.8,1134.6,329.4,51.2,6.4,4.1,1.0,445.9,306.0,11.0,7.2,45.9,29.6,24.38,False,4095,0.0,57.6,375.6,EXT-OPEN-METEO-KHI,KARACHI,OPENSOURCE_API_GRID,251,,,,0.95,True,True,TIER2_OPENSOURCE_PURE;CONTINUOUS_MINUTE_STREAM;VERIFIED_MODEL_GRID,3f7d060e90aba923918ff7d6a38d3192725ed005dfb6dda810a96105abc2b7de,2026-09-18T04:10:00+00:00,2026-09-18 09:10:00,73.6,1008.2,73
12.5,18.4,52.0,1140.8,331.2,51.5,6.4,4.2,1.0,445.9,305.2,10.9,7.2,46.0,29.6,24.36,False,4095,0.0,57.3,378.4,EXT-OPEN-METEO-KHI,KARACHI,OPENSOURCE_API_GRID,252,,,,0.95,True,True,TIER2_OPENSOURCE_PURE;CONTINUOUS_MINUTE_STREAM;VERIFIED_MODEL_GRID,3c09d55579d78cc7f777a1a4063b331d0b525ffb3de0009ab50aad325f8d844f,2026-09-18T04:11:00+00:00,2026-09-18 09:11:00,73.5,1008.2,73
12.5,18.4,52.1,1140.8,331.2,51.5,6.4,4.2,1.0,445.9,304.3,10.9,7.2,46.2,29.7,24.43,False,4095,0.0,57.0,381.4,EXT-OPEN-METEO-KHI,KARACHI,OPENSOURCE_API_GRID,253,,,,0.95,True,True,TIER2_OPENSOURCE_PURE;CONTINUOUS_MINUTE_STREAM;VERIFIED_MODEL_GRID,907e893c859df0cc41bcd9ef7d68b4c508dedc58f1049c5242c4723cfa9e2c08,2026-09-18T04:12:00+00:00,2026-09-18 09:12:00,73.4,1008.2,73
12.6,18.5,52.3,1147.0,333.0,51.8,6.5,4.2,1.0,445.9,303.3,10.8,7.2,46.4,29.7,24.39,False,4095,0.0,56.7,384.6,EXT-OPEN-METEO-KHI,KARACHI,OPENSOURCE_API_GRID,254,,,,0.95,True,True,TIER2_OPENSOURCE_PURE;CONTINUOUS_MINUTE_STREAM;VERIFIED_MODEL_GRID,091fb0bee241ce4923d16d222c662660f39f59794b90f6438189ef684582552f,2026-09-18T04:13:00+00:00,2026-09-18 09:13:00,73.2,1008.2,73
12.6,18.6,52.4,1153.2,334.8,52.1,6.5,4.2,1.0,445.9,302.3,10.8,7.1,46.7,29.7,24.37,False,4095,0.0,56.3,388.0,EXT-OPEN-METEO-KHI,KARACHI,OPENSOURCE_API_GRID,255,,,,0.95,True,True,TIER2_OPENSOURCE_PURE;CONTINUOUS_MINUTE_STREAM;VERIFIED_MODEL_GRID,5ebdb02349fec49971ffaec7c933319e55716faae7fc02b161f771f02bafcf45,2026-09-18T04:14:00+00:00,2026-09-18 09:14:00,73.1,1008.2,73
12.6,18.6,52.6,1153.2,334.8,52.1,6.5,4.2,1.1,445.9,301.2,10.7,7.1,46.9,29.8,24.42,False,4095,0.0,55.9,391.7,EXT-OPEN-METEO-KHI,KARACHI,OPENSOURCE_API_GRID,256,,,,0.95,True,True,TIER2_OPENSOURCE_PURE;CONTINUOUS_MINUTE_STREAM;VERIFIED_MODEL_GRID,ec66ae8d2a7d05a8f34f95a85d4fc936ce4bc63cc5377606f488e576b5b23e05,2026-09-18T04:15:00+00:00,2026-09-18 09:15:00,72.9,1008.2,73
12.6,18.6,52.7,1153.2,334.8,52.1,6.5,4.2,1.1,445.8,300.1,10.7,7.1,47.2,29.8,24.37,False,4095,0.0,55.5,395.6,EXT-OPEN-METEO-KHI,KARACHI,OPENSOURCE_API_GRID,257,,,,0.95,True,True,TIER2_OPENSOURCE_PURE;CONTINUOUS_MINUTE_STREAM;VERIFIED_MODEL_GRID,43c429784aaa3493e6d2c1e2b873c74f9d7c66338a82e90d5e97c511066f6ec9,2026-09-18T04:16:00+00:00,2026-09-18 09:16:00,72.7,1008.2,73
12.7,18.7,52.8,1159.4,336.6,52.4,6.5,4.2,1.1,445.8,298.9,10.6,7.1,47.4,29.8,24.32,False,4095,0.0,55.1,399.6,EXT-OPEN-METEO-KHI,KARACHI,OPENSOURCE_API_GRID,258,,,,0.95,True,True,TIER2_OPENSOURCE_PURE;CONTINUOUS_MINUTE_STREAM;VERIFIED_MODEL_GRID,48f41dd5dead5a8728976cec2262dc9c2f15359740fac168cc4d92b00dc27737,2026-09-18T04:17:00+00:00,2026-09-18 09:17:00,72.5,1008.3,73
12.7,18.7,52.9,1159.4,336.6,52.4,6.5,4.2,1.1,445.8,297.6,10.5,7.1,47.7,29.8,24.28,False,4095,0.0,54.7,403.8,EXT-OPEN-METEO-KHI,KARACHI,OPENSOURCE_API_GRID,259,,,,0.95,True,True,TIER2_OPENSOURCE_PURE;CONTINUOUS_MINUTE_STREAM;VERIFIED_MODEL_GRID,b3adb2467b4c10698a0eb2dfc11493bfc2a4c922f5a1b1c0e60600d209bc029c,2026-09-18T04:18:00+00:00,2026-09-18 09:18:00,72.3,1008.3,73
12.7,18.7,53.0,1159.4,336.6,52.4,6.5,4.2,1.1,445.8,296.3,10.5,7.1,48.0,29.9,24.33,False,4095,0.0,54.2,408.2,EXT-OPEN-METEO-KHI,KARACHI,OPENSOURCE_API_GRID,260,,,,0.95,True,True,TIER2_OPENSOURCE_PURE;CONTINUOUS_MINUTE_STREAM;VERIFIED_MODEL_GRID,8c3c10ebfe56514ca1a307d1962e09a797dd7bf8f6f5954ec76b42cc4d1b5d87,2026-09-18T04:19:00+00:00,2026-09-18 09:19:00,72.1,1008.3,73
12.7,18.7,53.1,1159.4,336.6,52.4,6.5,4.2,1.1,445.8,295.0,10.4,7.1,48.2,29.9,24.28,False,4095,0.0,53.8,412.7,EXT-OPEN-METEO-KHI,KARACHI,OPENSOURCE_API_GRID,261,,,,0.95,True,True,TIER2_OPENSOURCE_PURE;CONTINUOUS_MINUTE_STREAM;VERIFIED_MODEL_GRID,662c6f2000dae666c02087a0c20418c6215f172af8213e274764f670c6fc0779,2026-09-18T04:20:00+00:00,2026-09-18 09:20:00,71.9,1008.3,73
12.7,18.7,53.2,1159.4,336.6,52.4,6.5,4.3,1.1,445.7,293.6,10.3,7.1,48.5,29.9,24.23,False,4095,0.0,53.3,417.4,EXT-OPEN-METEO-KHI,KARACHI,OPENSOURCE_API_GRID,262,,,,0.95,True,True,TIER2_OPENSOURCE_PURE;CONTINUOUS_MINUTE_STREAM;VERIFIED_MODEL_GRID,f482e35a01f78b242ddd6dc19ce5d255c4977520eb52ec99c6e95e262508324d,2026-09-18T04:21:00+00:00,2026-09-18 09:21:00,71.7,1008.3,73
12.7,18.7,53.3,1159.4,336.6,52.4,6.5,4.3,1.1,445.7,292.2,10.3,7.1,48.9,29.9,24.19,False,4095,0.0,52.8,422.2,EXT-OPEN-METEO-KHI,KARACHI,OPENSOURCE_API_GRID,263,,,,0.95,True,True,TIER2_OPENSOURCE_PURE;CONTINUOUS_MINUTE_STREAM;VERIFIED_MODEL_GRID,4a14a234d64085a3605a0f006047dbbfa9f92840fdaa7ebe86ff6e0055f66d5f,2026-09-18T04:22:00+00:00,2026-09-18 09:22:00,71.5,1008.3,73
12.7,18.7,53.5,1159.4,336.6,52.4,6.5,4.3,1.1,445.7,290.8,10.2,7.1,49.2,30.0,24.24,False,4095,0.0,52.3,427.1,EXT-OPEN-METEO-KHI,KARACHI,OPENSOURCE_API_GRID,264,,,,0.95,True,True,TIER2_OPENSOURCE_PURE;CONTINUOUS_MINUTE_STREAM;VERIFIED_MODEL_GRID,c897c7048d9eb2fd3aeccdf00a19248fcc4c36ac234fa7516f902ec9628234ee,2026-09-18T04:23:00+00:00,2026-09-18 09:23:00,71.3,1008.3,73
12.7,18.7,53.6,1159.4,336.6,52.4,6.5,4.3,1.1,445.7,289.3,10.1,7.1,49.5,30.0,24.19,False,4095,0.0,51.7,432.1,EXT-OPEN-METEO-KHI,KARACHI,OPENSOURCE_API_GRID,265,,,,0.95,True,True,TIER2_OPENSOURCE_PURE;CONTINUOUS_MINUTE_STREAM;VERIFIED_MODEL_GRID,9794a487376fed2fb650465b2204ea1f347169e90dcd84012e56a57c864ad2a2,2026-09-18T04:24:00+00:00,2026-09-18 09:24:00,71.1,1008.3,73
12.7,18.7,53.7,1159.4,336.6,52.4,6.5,4.3,1.1,445.6,287.8,10.0,7.1,49.8,30.0,24.14,False,4095,0.0,51.2,437.2,EXT-OPEN-METEO-KHI,KARACHI,OPENSOURCE_API_GRID,266,,,,0.95,True,True,TIER2_OPENSOURCE_PURE;CONTINUOUS_MINUTE_STREAM;VERIFIED_MODEL_GRID,e506e5e489f7a2b95b3a474801ff195cd80e8cc752142a54ea42574db01c933a,2026-09-18T04:25:00+00:00,2026-09-18 09:25:00,70.9,1008.3,73
12.7,18.7,53.8,1159.4,336.6,52.4,6.5,4.3,1.1,445.6,286.2,9.9,7.0,50.1,30.0,24.1,False,4095,0.0,50.7,442.3,EXT-OPEN-METEO-KHI,KARACHI,OPENSOURCE_API_GRID,267,,,,0.95,True,True,TIER2_OPENSOURCE_PURE;CONTINUOUS_MINUTE_STREAM;VERIFIED_MODEL_GRID,28a23507b2f2a4397053300db5776d62c606834c03265c5fc4b4d4807eb4f283,2026-09-18T04:26:00+00:00,2026-09-18 09:26:00,70.7,1008.3,73
12.8,18.8,54.0,1165.6,338.4,52.6,6.6,4.3,1.1,445.6,284.7,9.9,7.0,50.5,30.1,24.14,False,4095,0.0,50.1,447.5,EXT-OPEN-METEO-KHI,KARACHI,OPENSOURCE_API_GRID,268,,,,0.95,True,True,TIER2_OPENSOURCE_PURE;CONTINUOUS_MINUTE_STREAM;VERIFIED_MODEL_GRID,a89aeb50855eb617236608663a51caa9e948aece9a60eeaaa3599d1229fd95d0,2026-09-18T04:27:00+00:00,2026-09-18 09:27:00,70.5,1008.3,73
12.8,18.8,54.1,1165.6,338.4,52.6,6.6,4.3,1.1,445.6,283.1,9.8,7.0,50.8,30.1,24.1,False,4095,0.0,49.6,452.8,EXT-OPEN-METEO-KHI,KARACHI,OPENSOURCE_API_GRID,269,,,,0.95,True,True,TIER2_OPENSOURCE_PURE;CONTINUOUS_MINUTE_STREAM;VERIFIED_MODEL_GRID,f735e2c3b241d38cf05905c3394f9adb4b02d92d5844a11d2b4c12dc7aa29e3c,2026-09-18T04:28:00+00:00,2026-09-18 09:28:00,70.3,1008.3,73
12.8,18.8,54.3,1165.6,338.4,52.6,6.6,4.3,1.1,445.5,281.6,9.7,7.0,51.2,30.1,24.05,False,4095,0.0,49.0,458.1,EXT-OPEN-METEO-KHI,KARACHI,OPENSOURCE_API_GRID,270,,,,0.95,True,True,TIER2_OPENSOURCE_PURE;CONTINUOUS_MINUTE_STREAM;VERIFIED_MODEL_GRID,81acd19ad37f84b733c129ea5a70e7d7fb0079201e758834f7b7f136676a537a,2026-09-18T04:29:00+00:00,2026-09-18 09:29:00,70.1,1008.3,73
12.9,18.9,54.5,1171.8,340.2,52.9,6.6,4.4,1.1,445.5,280.0,9.6,7.0,51.5,30.2,24.1,False,4095,0.0,48.5,463.4,EXT-OPEN-METEO-KHI,KARACHI,OPENSOURCE_API_GRID,271,,,,0.95,True,True,TIER2_OPENSOURCE_PURE;CONTINUOUS_MINUTE_STREAM;VERIFIED_MODEL_GRID,310537f616dbc566b84d949f2970f21bf2ee5dfbeca9314e0987f5a2d4091d75,2026-09-18T04:30:00+00:00,2026-09-18 09:30:00,69.9,1008.3,73
12.9,19.0,54.7,1178.0,342.0,53.2,6.6,4.4,1.1,445.5,278.4,9.5,7.0,51.8,30.2,24.05,False,4095,0.0,48.0,468.7,EXT-OPEN-METEO-KHI,KARACHI,OPENSOURCE_API_GRID,272,,,,0.95,True,True,TIER2_OPENSOURCE_PURE;CONTINUOUS_MINUTE_STREAM;VERIFIED_MODEL_GRID,51200d8611295e1f7b85be442733fab4278966177d2761c2624d1fffc85f21de,2026-09-18T04:31:00+00:00,2026-09-18 09:31:00,69.7,1008.3,73
12.9,19.0,54.9,1178.0,342.0,53.2,6.6,4.4,1.1,445.4,276.9,9.4,7.0,52.2,30.2,24.0,False,4095,0.0,47.4,474.0,EXT-OPEN-METEO-KHI,KARACHI,OPENSOURCE_API_GRID,273,,,,0.95,True,True,TIER2_OPENSOURCE_PURE;CONTINUOUS_MINUTE_STREAM;VERIFIED_MODEL_GRID,3614e45be4ca0fe297e651a855eb9780324e6b065a3615ec24d877797b70ebeb,2026-09-18T04:32:00+00:00,2026-09-18 09:32:00,69.5,1008.3,73
13.0,19.1,55.2,1184.2,343.8,53.5,6.7,4.4,1.1,445.4,275.3,9.3,7.0,52.5,30.3,24.05,False,4095,0.0,46.9,479.3,EXT-OPEN-METEO-KHI,KARACHI,OPENSOURCE_API_GRID,274,,,,0.95,True,True,TIER2_OPENSOURCE_PURE;CONTINUOUS_MINUTE_STREAM;VERIFIED_MODEL_GRID,d94d2780d9b0343a4a119624d2377f51c2821ca2f6e25fcad5fab8efe1248d96,2026-09-18T04:33:00+00:00,2026-09-18 09:33:00,69.3,1008.3,73
13.1,19.2,55.4,1190.4,345.6,53.8,6.7,4.4,1.1,445.4,273.8,9.3,7.0,52.9,30.3,24.0,False,4095,0.0,46.3,484.5,EXT-OPEN-METEO-KHI,KARACHI,OPENSOURCE_API_GRID,275,,,,0.95,True,True,TIER2_OPENSOURCE_PURE;CONTINUOUS_MINUTE_STREAM;VERIFIED_MODEL_GRID,fe71cd3dd7f7380ec1f29f22196619d7e011315e2fba6d31f288e4541a141c50,2026-09-18T04:34:00+00:00,2026-09-18 09:34:00,69.1,1008.3,73
13.1,19.3,55.6,1196.6,347.4,54.0,6.8,4.4,1.1,445.4,272.2,9.2,6.9,53.2,30.3,23.95,False,4095,0.0,45.8,489.6,EXT-OPEN-METEO-KHI,KARACHI,OPENSOURCE_API_GRID,276,,,,0.95,True,True,TIER2_OPENSOURCE_PURE;CONTINUOUS_MINUTE_STREAM;VERIFIED_MODEL_GRID,122189e5276527443bfde979ca93db5b422e83dc68d4828a3a738c276cb51b9b,2026-09-18T04:35:00+00:00,2026-09-18 09:35:00,68.9,1008.3,73
13.2,19.4,55.9,1202.8,349.2,54.3,6.8,4.5,1.1,445.3,270.7,9.1,6.9,53.5,30.4,24.02,False,4095,0.0,45.3,494.7,EXT-OPEN-METEO-KHI,KARACHI,OPENSOURCE_API_GRID,277,,,,0.95,True,True,TIER2_OPENSOURCE_PURE;CONTINUOUS_MINUTE_STREAM;VERIFIED_MODEL_GRID,0c1c4667e6dbe30515f5b8ca8846869585d34ed627087b4e20d0bd31f23f8fc4,2026-09-18T04:36:00+00:00,2026-09-18 09:36:00,68.8,1008.3,73
13.3,19.5,56.1,1209.0,351.0,54.6,6.8,4.5,1.1,445.3,269.2,9.0,6.9,53.8,30.4,23.98,False,4095,0.0,44.7,499.7,EXT-OPEN-METEO-KHI,KARACHI,OPENSOURCE_API_GRID,278,,,,0.95,True,True,TIER2_OPENSOURCE_PURE;CONTINUOUS_MINUTE_STREAM;VERIFIED_MODEL_GRID,7a83ac16614e2f50fc1117f7c5e7b6e406557025505503a1f4020232780e2ac2,2026-09-18T04:37:00+00:00,2026-09-18 09:37:00,68.6,1008.3,73
13.3,19.6,56.4,1215.2,352.8,54.9,6.9,4.5,1.1,445.3,267.8,8.9,6.9,54.1,30.5,24.02,False,4095,0.0,44.2,504.6,EXT-OPEN-METEO-KHI,KARACHI,OPENSOURCE_API_GRID,279,,,,0.95,True,True,TIER2_OPENSOURCE_PURE;CONTINUOUS_MINUTE_STREAM;VERIFIED_MODEL_GRID,f3cddfd69c54c70f32149c4c481a787fe702bb2bdcd67f53ac1992b1853ad5e6,2026-09-18T04:38:00+00:00,2026-09-18 09:38:00,68.4,1008.3,73
13.3,19.6,56.4,1215.2,352.8,54.9,6.9,4.5,1.1,445.3,266.4,8.9,6.9,54.5,30.5,24.0,False,4095,0.0,43.7,509.4,EXT-OPEN-METEO-KHI,KARACHI,OPENSOURCE_API_GRID,280,,,,0.95,True,True,TIER2_OPENSOURCE_PURE;CONTINUOUS_MINUTE_STREAM;VERIFIED_MODEL_GRID,b19171f42cdac21d97fc3d66f413b583278bda240d6803d53afe605c3b12f549,2026-09-18T04:39:00+00:00,2026-09-18 09:39:00,68.3,1008.3,73
13.3,19.6,56.7,1215.2,352.8,54.9,6.9,4.5,1.1,445.2,265.0,8.8,6.9,54.8,30.6,24.05,False,4095,0.0,43.2,514.1,EXT-OPEN-METEO-KHI,KARACHI,OPENSOURCE_API_GRID,281,,,,0.95,True,True,TIER2_OPENSOURCE_PURE;CONTINUOUS_MINUTE_STREAM;VERIFIED_MODEL_GRID,94dbda7935212d9cf011e455f849068ba5edb7f42867b41842c5529c7107531a,2026-09-18T04:40:00+00:00,2026-09-18 09:40:00,68.1,1008.4,73
13.4,19.7,56.9,1221.4,354.6,55.2,6.9,4.6,1.1,445.2,263.7,8.7,6.9,55.0,30.6,24.02,False,4095,0.0,42.8,518.6,EXT-OPEN-METEO-KHI,KARACHI,OPENSOURCE_API_GRID,282,,,,0.95,True,True,TIER2_OPENSOURCE_PURE;CONTINUOUS_MINUTE_STREAM;VERIFIED_MODEL_GRID,f80fc90786cd773ed8f4bf1489f594cbcd93ae1283638f9e48a562c344bc17c9,2026-09-18T04:41:00+00:00,2026-09-18 09:41:00,68.0,1008.4,73
13.5,19.8,57.1,1227.6,356.4,55.4,6.9,4.6,1.1,445.2,262.4,8.7,6.9,55.3,30.6,23.97,False,4095,0.0,42.3,523.0,EXT-OPEN-METEO-KHI,KARACHI,OPENSOURCE_API_GRID,283,,,,0.95,True,True,TIER2_OPENSOURCE_PURE;CONTINUOUS_MINUTE_STREAM;VERIFIED_MODEL_GRID,9b4bab8ae6a59bb32826c4493fce8e120310b48a118f994371cb44d7e8ccb2d9,2026-09-18T04:42:00+00:00,2026-09-18 09:42:00,67.8,1008.4,73
13.5,19.9,57.3,1233.8,358.2,55.7,7.0,4.6,1.1,445.2,261.1,8.6,6.9,55.6,30.7,24.02,False,4095,0.0,41.9,527.2,EXT-OPEN-METEO-KHI,KARACHI,OPENSOURCE_API_GRID,284,,,,0.95,True,True,TIER2_OPENSOURCE_PURE;CONTINUOUS_MINUTE_STREAM;VERIFIED_MODEL_GRID,39bc169fcad14c71e00cb088b55a414906128bd6b38d242d5184e85caabb883b,2026-09-18T04:43:00+00:00,2026-09-18 09:43:00,67.6,1008.4,73
13.5,19.9,57.5,1233.8,358.2,55.7,7.0,4.6,1.2,445.2,259.9,8.5,6.9,55.8,30.7,23.97,False,4095,0.0,41.5,531.2,EXT-OPEN-METEO-KHI,KARACHI,OPENSOURCE_API_GRID,285,,,,0.95,True,True,TIER2_OPENSOURCE_PURE;CONTINUOUS_MINUTE_STREAM;VERIFIED_MODEL_GRID,e076a606544297e5ddedbac9d48671ea22c08c7d412676f8a59f953bbc7c262b,2026-09-18T04:44:00+00:00,2026-09-18 09:44:00,67.4,1008.4,73
13.6,20.0,57.6,1240.0,360.0,56.0,7.0,4.6,1.2,445.1,258.8,8.5,6.9,56.1,30.7,23.94,False,4095,0.0,41.1,535.1,EXT-OPEN-METEO-KHI,KARACHI,OPENSOURCE_API_GRID,286,,,,0.95,True,True,TIER2_OPENSOURCE_PURE;CONTINUOUS_MINUTE_STREAM;VERIFIED_MODEL_GRID,3599688e0e4c1ca3e867519875752936db769ce5fd2c6129c043de0f4492db6d,2026-09-18T04:45:00+00:00,2026-09-18 09:45:00,67.3,1008.4,73
13.6,20.0,57.8,1240.0,360.0,56.0,7.0,4.6,1.2,445.1,257.7,8.4,6.9,56.3,30.8,23.99,False,4095,0.0,40.7,538.8,EXT-OPEN-METEO-KHI,KARACHI,OPENSOURCE_API_GRID,287,,,,0.95,True,True,TIER2_OPENSOURCE_PURE;CONTINUOUS_MINUTE_STREAM;VERIFIED_MODEL_GRID,b0f1f6e86538073ecd071959c2d965567f77a461922d3b02835857b999e740bf,2026-09-18T04:46:00+00:00,2026-09-18 09:46:00,67.1,1008.4,73
13.7,20.1,57.9,1246.2,361.8,56.3,7.0,4.6,1.2,445.1,256.7,8.4,6.8,56.6,30.8,23.94,False,4095,0.0,40.3,542.2,EXT-OPEN-METEO-KHI,KARACHI,OPENSOURCE_API_GRID,288,,,,0.95,True,True,TIER2_OPENSOURCE_PURE;CONTINUOUS_MINUTE_STREAM;VERIFIED_MODEL_GRID,34cf4385f008377a4d23c661b8105b1bd95d141ec38c11e4404cf875c9e72f33,2026-09-18T04:47:00+00:00,2026-09-18 09:47:00,66.9,1008.4,73
13.7,20.1,58.0,1246.2,361.8,56.3,7.0,4.6,1.2,445.1,255.7,8.3,6.8,56.8,30.8,23.91,False,4095,0.0,40.0,545.4,EXT-OPEN-METEO-KHI,KARACHI,OPENSOURCE_API_GRID,289,,,,0.95,True,True,TIER2_OPENSOURCE_PURE;CONTINUOUS_MINUTE_STREAM;VERIFIED_MODEL_GRID,6fd728fa60116fcdfe101500160ad4e31cdce34ae4a45a20a98d0d3078e08c45,2026-09-18T04:48:00+00:00,2026-09-18 09:48:00,66.8,1008.4,73
13.7,20.1,58.1,1246.2,361.8,56.3,7.0,4.6,1.2,445.1,254.8,8.3,6.8,57.0,30.8,23.86,False,4095,0.0,39.7,548.4,EXT-OPEN-METEO-KHI,KARACHI,OPENSOURCE_API_GRID,290,,,,0.95,True,True,TIER2_OPENSOURCE_PURE;CONTINUOUS_MINUTE_STREAM;VERIFIED_MODEL_GRID,31a014af4ea8e9213631378c0834f6a98a7f017b602d8b66babfccac74ce51f7,2026-09-18T04:49:00+00:00,2026-09-18 09:49:00,66.6,1008.4,73
13.7,20.1,58.1,1246.2,361.8,56.3,7.0,4.6,1.2,445.1,254.0,8.2,6.8,57.1,30.8,23.84,False,4095,0.0,39.4,551.2,EXT-OPEN-METEO-KHI,KARACHI,OPENSOURCE_API_GRID,291,,,,0.95,True,True,TIER2_OPENSOURCE_PURE;CONTINUOUS_MINUTE_STREAM;VERIFIED_MODEL_GRID,3f4177edd1d8793167ba0104ddfc1cb2c5a6513f13cae0436682150bfc1e694c,2026-09-18T04:50:00+00:00,2026-09-18 09:50:00,66.5,1008.4,73
13.7,20.1,58.1,1246.2,361.8,56.3,7.0,4.6,1.2,445.1,253.3,8.2,6.8,57.3,30.9,23.91,False,4095,0.0,39.1,553.7,EXT-OPEN-METEO-KHI,KARACHI,OPENSOURCE_API_GRID,292,,,,0.95,True,True,TIER2_OPENSOURCE_PURE;CONTINUOUS_MINUTE_STREAM;VERIFIED_MODEL_GRID,e4a98172f8b71f4bc891c880b415bece1bd9c8e6bd77105cf1428b7aa08d2682,2026-09-18T04:51:00+00:00,2026-09-18 09:51:00,66.4,1008.4,73
13.7,20.1,58.2,1246.2,361.8,56.3,7.0,4.7,1.2,445.0,252.6,8.1,6.8,57.4,30.9,23.88,False,4095,0.0,38.9,556.0,EXT-OPEN-METEO-KHI,KARACHI,OPENSOURCE_API_GRID,293,,,,0.95,True,True,TIER2_OPENSOURCE_PURE;CONTINUOUS_MINUTE_STREAM;VERIFIED_MODEL_GRID,db95e4e65e3e9814395791f39febaf7045e0252aff357c5d7e32236778aa8520,2026-09-18T04:52:00+00:00,2026-09-18 09:52:00,66.3,1008.4,73
13.6,20.0,58.2,1240.0,360.0,56.0,7.0,4.7,1.2,445.0,252.0,8.1,6.8,57.6,30.9,23.86,False,4095,0.0,38.7,558.1,EXT-OPEN-METEO-KHI,KARACHI,OPENSOURCE_API_GRID,294,,,,0.95,True,True,TIER2_OPENSOURCE_PURE;CONTINUOUS_MINUTE_STREAM;VERIFIED_MODEL_GRID,f46159a80edf79107bd3d194ff33658d29c3dcabbeec74334814d3d249112f21,2026-09-18T04:53:00+00:00,2026-09-18 09:53:00,66.2,1008.4,73
13.6,20.0,58.2,1240.0,360.0,56.0,7.0,4.7,1.2,445.0,251.5,8.1,6.8,57.7,30.9,23.83,False,4095,0.0,38.5,559.8,EXT-OPEN-METEO-KHI,KARACHI,OPENSOURCE_API_GRID,295,,,,0.95,True,True,TIER2_OPENSOURCE_PURE;CONTINUOUS_MINUTE_STREAM;VERIFIED_MODEL_GRID,7371573337882464c9d35e6fdef6ffea720138ae32810f997972d6c5668af3e7,2026-09-18T04:54:00+00:00,2026-09-18 09:54:00,66.1,1008.4,73
13.6,20.0,58.2,1240.0,360.0,56.0,7.0,4.7,1.2,445.0,251.0,8.1,6.8,57.8,30.9,23.81,False,4095,0.0,38.4,561.3,EXT-OPEN-METEO-KHI,KARACHI,OPENSOURCE_API_GRID,296,,,,0.95,True,True,TIER2_OPENSOURCE_PURE;CONTINUOUS_MINUTE_STREAM;VERIFIED_MODEL_GRID,02f846e687a45306e0980d39e6f348b72fd5ecec565d6ca914e9ef5c2af99a07,2026-09-18T04:55:00+00:00,2026-09-18 09:55:00,66.0,1008.4,73
13.6,20.0,58.1,1240.0,360.0,56.0,7.0,4.6,1.2,445.0,250.7,8.0,6.8,57.9,30.9,23.78,False,4095,0.0,38.2,562.6,EXT-OPEN-METEO-KHI,KARACHI,OPENSOURCE_API_GRID,297,,,,0.95,True,True,TIER2_OPENSOURCE_PURE;CONTINUOUS_MINUTE_STREAM;VERIFIED_MODEL_GRID,3a26f557d9ab052d4184d7310938e4751ec39e9739755710ad232c3be3a0fdf1,2026-09-18T04:56:00+00:00,2026-09-18 09:56:00,65.9,1008.4,73
13.5,19.9,58.1,1233.8,358.2,55.7,7.0,4.6,1.2,445.0,250.4,8.0,6.8,57.9,30.9,23.78,False,4095,0.0,38.1,563.6,EXT-OPEN-METEO-KHI,KARACHI,OPENSOURCE_API_GRID,298,,,,0.95,True,True,TIER2_OPENSOURCE_PURE;CONTINUOUS_MINUTE_STREAM;VERIFIED_MODEL_GRID,9f3e2dda5273ed17945d7e4270049c89a6c15564e244ce297cc1eb570a63a724,2026-09-18T04:57:00+00:00,2026-09-18 09:57:00,65.9,1008.4,73
13.5,19.9,58.1,1233.8,358.2,55.7,7.0,4.6,1.2,445.0,250.2,8.0,6.8,58.0,30.9,23.78,False,4095,0.0,38.1,564.2,EXT-OPEN-METEO-KHI,KARACHI,OPENSOURCE_API_GRID,299,,,,0.95,True,True,TIER2_OPENSOURCE_PURE;CONTINUOUS_MINUTE_STREAM;VERIFIED_MODEL_GRID,51a6ea4f449f1cb7c4abfae2d79c11b381d11c3553b810443fc7d5f228441193,2026-09-18T04:58:00+00:00,2026-09-18 09:58:00,65.9,1008.4,73
13.5,19.9,58.1,1233.8,358.2,55.7,7.0,4.6,1.2,445.0,250.0,8.0,6.8,58.0,30.9,23.78,False,4095,0.0,38.0,564.7,EXT-OPEN-METEO-KHI,KARACHI,OPENSOURCE_API_GRID,300,,,,0.95,True,True,TIER2_OPENSOURCE_PURE;CONTINUOUS_MINUTE_STREAM;VERIFIED_MODEL_GRID,97c11d8bb81c425f8ae10000c9ec9c53b8235a25bb95522e8cc31bc49ff66845,2026-09-18T04:59:00+00:00,2026-09-18 09:59:00,65.9,1008.4,73
13.5,19.9,58.1,1233.8,358.2,55.7,7.0,4.6,1.2,445.0,250.0,8.0,6.8,58.0,30.9,23.78,False,4095,0.0,38.0,564.8,EXT-OPEN-METEO-KHI,KARACHI,OPENSOURCE_API_GRID,301,,,,0.95,True,False,TIER2_OPENSOURCE_PURE;HOURLY_NODE;VERIFIED_MODEL_GRID,d560cefa6cefc125d65f5281309fb77fcb37e61f2a3b8613f4d2ed84ef09128d,2026-09-18T05:00:00+00:00,2026-09-18 10:00:00,65.9,1008.4,72
13.5,19.9,58.1,1233.8,358.2,55.7,7.0,4.6,1.2,445.0,250.0,8.0,6.8,58.0,30.9,23.78,False,4095,0.0,38.0,564.8,EXT-OPEN-METEO-KHI,KARACHI,OPENSOURCE_API_GRID,302,,,,0.95,True,True,TIER2_OPENSOURCE_PURE;CONTINUOUS_MINUTE_STREAM;VERIFIED_MODEL_GRID,1a4fe38032a4b5c5866f1d486396c7b9dd5d75fdb063cac5d74f7ce55f22f853,2026-09-18T05:01:00+00:00,2026-09-18 10:01:00,65.9,1008.4,72
13.5,19.9,58.1,1233.8,358.2,55.7,7.0,4.6,1.2,445.0,249.9,8.0,6.8,58.0,30.9,23.78,False,4095,0.0,38.2,565.0,EXT-OPEN-METEO-KHI,KARACHI,OPENSOURCE_API_GRID,303,,,,0.95,True,True,TIER2_OPENSOURCE_PURE;CONTINUOUS_MINUTE_STREAM;VERIFIED_MODEL_GRID,d95f9f8034185617e7a190efe39d8d3c57f173ff32cb9715ddd790fa6371b4c2,2026-09-18T05:02:00+00:00,2026-09-18 10:02:00,65.9,1008.4,72
13.5,19.9,58.2,1233.8,358.2,55.7,7.0,4.7,1.2,445.0,249.7,8.0,6.8,58.1,30.9,23.78,False,4095,0.0,38.4,565.2,EXT-OPEN-METEO-KHI,KARACHI,OPENSOURCE_API_GRID,304,,,,0.95,True,True,TIER2_OPENSOURCE_PURE;CONTINUOUS_MINUTE_STREAM;VERIFIED_MODEL_GRID,ed367dba2a6cfeef68922dce15432e9acc81ec7c3877bd444810869783988693,2026-09-18T05:03:00+00:00,2026-09-18 10:03:00,65.9,1008.4,72
13.6,20.0,58.2,1240.0,360.0,56.0,7.0,4.7,1.2,445.0,249.5,8.0,6.8,58.1,30.9,23.76,False,4095,0.0,38.7,565.5,EXT-OPEN-METEO-KHI,KARACHI,OPENSOURCE_API_GRID,305,,,,0.95,True,True,TIER2_OPENSOURCE_PURE;CONTINUOUS_MINUTE_STREAM;VERIFIED_MODEL_GRID,5dbd95bd40ba019088ac552406cce559e04668f947dbb683e5d153d3ab08b233,2026-09-18T05:04:00+00:00,2026-09-18 10:04:00,65.8,1008.4,72
13.6,20.0,58.3,1240.0,360.0,56.0,7.0,4.7,1.2,445.0,249.2,8.0,6.8,58.2,30.9,23.76,False,4095,0.0,39.1,565.9,EXT-OPEN-METEO-KHI,KARACHI,OPENSOURCE_API_GRID,306,,,,0.95,True,True,TIER2_OPENSOURCE_PURE;CONTINUOUS_MINUTE_STREAM;VERIFIED_MODEL_GRID,a982171c41bbe4202a105f25faa2a20c50b07186cd9fd8fa4401d993d7600d81,2026-09-18T05:05:00+00:00,2026-09-18 10:05:00,65.8,1008.4,72
13.7,20.1,58.4,1246.2,361.8,56.3,7.0,4.7,1.2,445.0,248.9,7.9,6.8,58.3,30.9,23.76,False,4095,0.0,39.5,566.4,EXT-OPEN-METEO-KHI,KARACHI,OPENSOURCE_API_GRID,307,,,,0.95,True,True,TIER2_OPENSOURCE_PURE;CONTINUOUS_MINUTE_STREAM;VERIFIED_MODEL_GRID,07104700761a9292e4fc00feaec74a5df8c9d6a1525fa7ebe1284b275d0b35d8,2026-09-18T05:06:00+00:00,2026-09-18 10:06:00,65.8,1008.4,72
13.7,20.1,58.5,1246.2,361.8,56.3,7.0,4.7,1.2,445.0,248.5,7.9,6.8,58.4,30.9,23.76,False,4095,0.0,40.1,567.0,EXT-OPEN-METEO-KHI,KARACHI,OPENSOURCE_API_GRID,308,,,,0.95,True,True,TIER2_OPENSOURCE_PURE;CONTINUOUS_MINUTE_STREAM;VERIFIED_MODEL_GRID,80cf0f2c4943f171f3f2c75ec333c43941fd333a78b6023507d268a015e89c9f,2026-09-18T05:07:00+00:00,2026-09-18 10:07:00,65.8,1008.4,72
13.7,20.2,58.6,1252.4,363.6,56.6,7.1,4.7,1.2,445.0,248.0,7.9,6.8,58.5,30.9,23.73,False,4095,0.0,40.7,567.6,EXT-OPEN-METEO-KHI,KARACHI,OPENSOURCE_API_GRID,309,,,,0.95,True,True,TIER2_OPENSOURCE_PURE;CONTINUOUS_MINUTE_STREAM;VERIFIED_MODEL_GRID,1b57ab33aa4879bd280dfb747e89decfbc5f2789155721970854e07f87523b44,2026-09-18T05:08:00+00:00,2026-09-18 10:08:00,65.7,1008.4,72
13.8,20.3,58.8,1258.6,365.4,56.8,7.1,4.7,1.2,444.9,247.5,7.9,6.8,58.7,30.9,23.73,False,4095,0.0,41.4,568.3,EXT-OPEN-METEO-KHI,KARACHI,OPENSOURCE_API_GRID,310,,,,0.95,True,True,TIER2_OPENSOURCE_PURE;CONTINUOUS_MINUTE_STREAM;VERIFIED_MODEL_GRID,f9c50615a218aa4792c794e7e0684ff48816584df5cb592d1e8ac8e137db1a7f,2026-09-18T05:09:00+00:00,2026-09-18 10:09:00,65.7,1008.4,72
13.7,20.2,58.7,1252.4,363.6,56.6,7.1,4.7,1.2,444.9,246.9,7.8,6.8,58.8,31.0,23.83,False,4095,0.0,42.2,569.2,EXT-OPEN-METEO-KHI,KARACHI,OPENSOURCE_API_GRID,311,,,,0.95,True,True,TIER2_OPENSOURCE_PURE;CONTINUOUS_MINUTE_STREAM;VERIFIED_MODEL_GRID,c790bf10290a3e07967106589701cba791e7def34ce11aedf719443794f5f1a6,2026-09-18T05:10:00+00:00,2026-09-18 10:10:00,65.7,1008.4,72
13.8,20.3,58.8,1258.6,365.4,56.8,7.1,4.7,1.2,444.9,246.3,7.8,6.8,59.0,31.0,23.8,False,4095,0.0,43.0,570.1,EXT-OPEN-METEO-KHI,KARACHI,OPENSOURCE_API_GRID,312,,,,0.95,True,True,TIER2_OPENSOURCE_PURE;CONTINUOUS_MINUTE_STREAM;VERIFIED_MODEL_GRID,abc6b9230ee94ec1926baec225fb13dee92f96a4b83570164bdc36fa5d7b7400,2026-09-18T05:11:00+00:00,2026-09-18 10:11:00,65.6,1008.4,72
13.8,20.3,59.0,1258.6,365.4,56.8,7.1,4.7,1.2,444.9,245.6,7.8,6.8,59.1,31.0,23.78,False,4095,0.0,43.9,571.0,EXT-OPEN-METEO-KHI,KARACHI,OPENSOURCE_API_GRID,313,,,,0.95,True,True,TIER2_OPENSOURCE_PURE;CONTINUOUS_MINUTE_STREAM;VERIFIED_MODEL_GRID,92d8cce1dccb0a09e0272eaea2bd34ff57d93e4bb49ff486075e197001142541,2026-09-18T05:12:00+00:00,2026-09-18 10:12:00,65.5,1008.4,72
13.9,20.4,59.1,1264.8,367.2,57.1,7.1,4.7,1.2,444.9,244.9,7.7,6.8,59.3,31.0,23.75,False,4095,0.0,44.9,572.1,EXT-OPEN-METEO-KHI,KARACHI,OPENSOURCE_API_GRID,314,,,,0.95,True,True,TIER2_OPENSOURCE_PURE;CONTINUOUS_MINUTE_STREAM;VERIFIED_MODEL_GRID,eea659dcbb51c19b78a0e38de903b06308a08ac2df1583851f41e4e30cdf12cf,2026-09-18T05:13:00+00:00,2026-09-18 10:13:00,65.4,1008.5,72
13.9,20.4,59.2,1264.8,367.2,57.1,7.1,4.7,1.2,444.9,244.1,7.7,6.7,59.5,31.1,23.8,False,4095,0.0,46.0,573.2,EXT-OPEN-METEO-KHI,KARACHI,OPENSOURCE_API_GRID,315,,,,0.95,True,True,TIER2_OPENSOURCE_PURE;CONTINUOUS_MINUTE_STREAM;VERIFIED_MODEL_GRID,00ccbf55701611b55fe115f18b40b920e5865e8ecdfde5e85f7c521d4049dd29,2026-09-18T05:14:00+00:00,2026-09-18 10:14:00,65.2,1008.5,72
13.9,20.5,59.3,1271.0,369.0,57.4,7.2,4.7,1.2,444.9,243.3,7.6,6.7,59.8,31.1,23.77,False,4095,0.0,47.1,574.3,EXT-OPEN-METEO-KHI,KARACHI,OPENSOURCE_API_GRID,316,,,,0.95,True,True,TIER2_OPENSOURCE_PURE;CONTINUOUS_MINUTE_STREAM;VERIFIED_MODEL_GRID,0fd6453ae03268e72b05569bf789a8b84dc44505da75c8d133467ea0ba1bb5ec,2026-09-18T05:15:00+00:00,2026-09-18 10:15:00,65.1,1008.5,72
13.9,20.5,59.4,1271.0,369.0,57.4,7.2,4.8,1.2,444.8,242.4,7.6,6.7,60.0,31.1,23.72,False,4095,0.0,48.3,575.6,EXT-OPEN-METEO-KHI,KARACHI,OPENSOURCE_API_GRID,317,,,,0.95,True,True,TIER2_OPENSOURCE_PURE;CONTINUOUS_MINUTE_STREAM;VERIFIED_MODEL_GRID,42647aeb9c7a350088d6f51bb59d210332dc335177b32d000770c8ccbcec540a,2026-09-18T05:16:00+00:00,2026-09-18 10:16:00,64.9,1008.5,72
14.0,20.6,59.5,1277.2,370.8,57.7,7.2,4.8,1.2,444.8,241.5,7.5,6.7,60.2,31.1,23.69,False,4095,0.0,49.5,576.9,EXT-OPEN-METEO-KHI,KARACHI,OPENSOURCE_API_GRID,318,,,,0.95,True,True,TIER2_OPENSOURCE_PURE;CONTINUOUS_MINUTE_STREAM;VERIFIED_MODEL_GRID,56566a5217354cbded21f2f8b3f64d3f7aa7e6f1af89d3e89c55d07096865745,2026-09-18T05:17:00+00:00,2026-09-18 10:17:00,64.8,1008.5,72
14.0,20.6,59.6,1277.2,370.8,57.7,7.2,4.8,1.2,444.8,240.5,7.5,6.7,60.5,31.2,23.74,False,4095,0.0,50.8,578.2,EXT-OPEN-METEO-KHI,KARACHI,OPENSOURCE_API_GRID,319,,,,0.95,True,True,TIER2_OPENSOURCE_PURE;CONTINUOUS_MINUTE_STREAM;VERIFIED_MODEL_GRID,3b23eab0b5071de2e3105c2ef31c567f06938227bec996ae35842c6d79a30aac,2026-09-18T05:18:00+00:00,2026-09-18 10:18:00,64.6,1008.5,72
14.0,20.6,59.7,1277.2,370.8,57.7,7.2,4.8,1.2,444.8,239.5,7.4,6.7,60.7,31.2,23.69,False,4095,0.0,52.1,579.6,EXT-OPEN-METEO-KHI,KARACHI,OPENSOURCE_API_GRID,320,,,,0.95,True,True,TIER2_OPENSOURCE_PURE;CONTINUOUS_MINUTE_STREAM;VERIFIED_MODEL_GRID,b4314dc80f4c6a40dc3e9a12fef5e63ecad69294db4d675f9cd54d0fb512f84f,2026-09-18T05:19:00+00:00,2026-09-18 10:19:00,64.4,1008.5,72
14.0,20.6,59.8,1277.2,370.8,57.7,7.2,4.8,1.2,444.8,238.5,7.3,6.7,61.0,31.2,23.63,False,4095,0.0,53.5,581.1,EXT-OPEN-METEO-KHI,KARACHI,OPENSOURCE_API_GRID,321,,,,0.95,True,True,TIER2_OPENSOURCE_PURE;CONTINUOUS_MINUTE_STREAM;VERIFIED_MODEL_GRID,5bf7e3e70d06fcded553de0d94e54869e8335a43d9640f316a760a5bb77d28a2,2026-09-18T05:20:00+00:00,2026-09-18 10:20:00,64.2,1008.5,72
14.0,20.6,59.8,1277.2,370.8,57.7,7.2,4.8,1.2,444.7,237.4,7.3,6.7,61.3,31.2,23.61,False,4095,0.0,54.9,582.6,EXT-OPEN-METEO-KHI,KARACHI,OPENSOURCE_API_GRID,322,,,,0.95,True,True,TIER2_OPENSOURCE_PURE;CONTINUOUS_MINUTE_STREAM;VERIFIED_MODEL_GRID,2d33605d5bc343685aa389e3ea938273e8ac97217fbc95f625d2348f8c82e23d,2026-09-18T05:21:00+00:00,2026-09-18 10:21:00,64.1,1008.5,72
14.0,20.6,59.9,1277.2,370.8,57.7,7.2,4.8,1.2,444.7,236.4,7.2,6.7,61.6,31.2,23.56,False,4095,0.0,56.4,584.1,EXT-OPEN-METEO-KHI,KARACHI,OPENSOURCE_API_GRID,323,,,,0.95,True,True,TIER2_OPENSOURCE_PURE;CONTINUOUS_MINUTE_STREAM;VERIFIED_MODEL_GRID,8d8fd9b1321bae659c17ec34e2a88552d6c6433c35b3f944c672d0129581f492,2026-09-18T05:22:00+00:00,2026-09-18 10:22:00,63.9,1008.5,72
14.0,20.6,59.9,1277.2,370.8,57.7,7.2,4.8,1.2,444.7,235.2,7.2,6.7,61.8,31.2,23.5,False,4095,0.0,57.9,585.7,EXT-OPEN-METEO-KHI,KARACHI,OPENSOURCE_API_GRID,324,,,,0.95,True,True,TIER2_OPENSOURCE_PURE;CONTINUOUS_MINUTE_STREAM;VERIFIED_MODEL_GRID,5951690b9e8ebce679602c75125b8f37584c7979553a0ae79dbc16ecaafdd960,2026-09-18T05:23:00+00:00,2026-09-18 10:23:00,63.7,1008.5,72
14.0,20.6,60.0,1277.2,370.8,57.7,7.2,4.8,1.2,444.7,234.1,7.1,6.7,62.1,31.3,23.55,False,4095,0.0,59.4,587.3,EXT-OPEN-METEO-KHI,KARACHI,OPENSOURCE_API_GRID,325,,,,0.95,True,True,TIER2_OPENSOURCE_PURE;CONTINUOUS_MINUTE_STREAM;VERIFIED_MODEL_GRID,74896f83213951f22f9bea2a35bdad3b7822d457f34346c4309aac8fde55b074,2026-09-18T05:24:00+00:00,2026-09-18 10:24:00,63.5,1008.6,72
14.0,20.6,60.0,1277.2,370.8,57.7,7.2,4.8,1.2,444.6,233.0,7.0,6.7,62.4,31.3,23.49,False,4095,0.0,61.0,588.9,EXT-OPEN-METEO-KHI,KARACHI,OPENSOURCE_API_GRID,326,,,,0.95,True,True,TIER2_OPENSOURCE_PURE;CONTINUOUS_MINUTE_STREAM;VERIFIED_MODEL_GRID,e183744006ec42481a0ff4d884b6b9afed9c8b81bb93623551cb696d04c119e8,2026-09-18T05:25:00+00:00,2026-09-18 10:25:00,63.3,1008.6,72
14.0,20.6,60.1,1277.2,370.8,57.7,7.2,4.8,1.2,444.6,231.8,7.0,6.6,62.8,31.3,23.44,False,4095,0.0,62.6,590.6,EXT-OPEN-METEO-KHI,KARACHI,OPENSOURCE_API_GRID,327,,,,0.95,True,True,TIER2_OPENSOURCE_PURE;CONTINUOUS_MINUTE_STREAM;VERIFIED_MODEL_GRID,8444cc690289d3f32dd69c69c220ee7a946889087362846d0d95980e13e2c14f,2026-09-18T05:26:00+00:00,2026-09-18 10:26:00,63.1,1008.6,72
14.0,20.6,60.1,1277.2,370.8,57.7,7.2,4.8,1.2,444.6,230.6,6.9,6.6,63.1,31.3,23.39,False,4095,0.0,64.2,592.3,EXT-OPEN-METEO-KHI,KARACHI,OPENSOURCE_API_GRID,328,,,,0.95,True,True,TIER2_OPENSOURCE_PURE;CONTINUOUS_MINUTE_STREAM;VERIFIED_MODEL_GRID,8c2f610aaaa298f7d9a0721e17094eed93ef1a84d12e673c6a77e54f99323193,2026-09-18T05:27:00+00:00,2026-09-18 10:27:00,62.9,1008.6,72
14.0,20.6,60.2,1277.2,370.8,57.7,7.2,4.8,1.2,444.6,229.4,6.8,6.6,63.4,31.3,23.34,False,4095,0.0,65.8,593.9,EXT-OPEN-METEO-KHI,KARACHI,OPENSOURCE_API_GRID,329,,,,0.95,True,True,TIER2_OPENSOURCE_PURE;CONTINUOUS_MINUTE_STREAM;VERIFIED_MODEL_GRID,29597bd40d3e2a9b6756d048554f6363e7390605d23cb795665cee2fa6de0457,2026-09-18T05:28:00+00:00,2026-09-18 10:28:00,62.7,1008.6,72
14.0,20.6,60.3,1277.2,370.8,57.7,7.2,4.8,1.2,444.5,228.2,6.8,6.6,63.7,31.3,23.28,False,4095,0.0,67.4,595.6,EXT-OPEN-METEO-KHI,KARACHI,OPENSOURCE_API_GRID,330,,,,0.95,True,True,TIER2_OPENSOURCE_PURE;CONTINUOUS_MINUTE_STREAM;VERIFIED_MODEL_GRID,087d9b47ae0a890a1c5215cd2ba2a51f68e2c97f646ad3ed51ab607a5bc27dbd,2026-09-18T05:29:00+00:00,2026-09-18 10:29:00,62.5,1008.6,72
14.1,20.7,60.4,1283.4,372.6,58.0,7.2,4.8,1.2,444.5,227.0,6.7,6.6,64.0,31.4,23.35,False,4095,0.0,69.0,597.3,EXT-OPEN-METEO-KHI,KARACHI,OPENSOURCE_API_GRID,331,,,,0.95,True,True,TIER2_OPENSOURCE_PURE;CONTINUOUS_MINUTE_STREAM;VERIFIED_MODEL_GRID,dbc352b2f0e95a0e46c8984f1e0ae7cc366ccea2b377e126a498ffe7d324bf7a,2026-09-18T05:30:00+00:00,2026-09-18 10:30:00,62.4,1008.6,72
14.1,20.7,60.5,1283.4,372.6,58.0,7.2,4.8,1.2,444.5,225.8,6.6,6.6,64.3,31.4,23.3,False,4095,0.0,70.6,599.1,EXT-OPEN-METEO-KHI,KARACHI,OPENSOURCE_API_GRID,332,,,,0.95,True,True,TIER2_OPENSOURCE_PURE;CONTINUOUS_MINUTE_STREAM;VERIFIED_MODEL_GRID,79e8e1abda4abbb25cab5251d119014bb32f1d6e42ae5bcbfefe7a4f822e3845,2026-09-18T05:31:00+00:00,2026-09-18 10:31:00,62.2,1008.6,72
14.1,20.7,60.6,1283.4,372.6,58.0,7.2,4.8,1.2,444.4,224.6,6.6,6.6,64.6,31.4,23.24,False,4095,0.0,72.2,600.8,EXT-OPEN-METEO-KHI,KARACHI,OPENSOURCE_API_GRID,333,,,,0.95,True,True,TIER2_OPENSOURCE_PURE;CONTINUOUS_MINUTE_STREAM;VERIFIED_MODEL_GRID,350bffd0b8b7db4b87f74cc30ad712733c4c92fe35831039aa55865ae748bfdf,2026-09-18T05:32:00+00:00,2026-09-18 10:32:00,62.0,1008.6,72
14.1,20.8,60.7,1289.6,374.4,58.2,7.3,4.9,1.2,444.4,223.4,6.5,6.6,64.9,31.4,23.19,False,4095,0.0,73.8,602.4,EXT-OPEN-METEO-KHI,KARACHI,OPENSOURCE_API_GRID,334,,,,0.95,True,True,TIER2_OPENSOURCE_PURE;CONTINUOUS_MINUTE_STREAM;VERIFIED_MODEL_GRID,4f725909134dd932f0fc255905245a7897b424d7f8f3030991b43f41aaddc21b,2026-09-18T05:33:00+00:00,2026-09-18 10:33:00,61.8,1008.6,72
14.1,20.8,60.9,1289.6,374.4,58.2,7.3,4.9,1.2,444.4,222.2,6.4,6.6,65.2,31.5,23.26,False,4095,0.0,75.4,604.1,EXT-OPEN-METEO-KHI,KARACHI,OPENSOURCE_API_GRID,335,,,,0.95,True,True,TIER2_OPENSOURCE_PURE;CONTINUOUS_MINUTE_STREAM;VERIFIED_MODEL_GRID,b25d864a592355242f9a6c7a818ae57a54a0b2747b5023c2db3d098dda1c6c48,2026-09-18T05:34:00+00:00,2026-09-18 10:34:00,61.7,1008.6,72
14.2,20.9,61.0,1295.8,376.2,58.5,7.3,4.9,1.2,444.4,221.0,6.4,6.5,65.6,31.5,23.2,False,4095,0.0,77.0,605.8,EXT-OPEN-METEO-KHI,KARACHI,OPENSOURCE_API_GRID,336,,,,0.95,True,True,TIER2_OPENSOURCE_PURE;CONTINUOUS_MINUTE_STREAM;VERIFIED_MODEL_GRID,e42354c0b519dfb3e5e9d2c9a79ff85ec2d74e50255985a3d82d33d0fd2a24e2,2026-09-18T05:35:00+00:00,2026-09-18 10:35:00,61.5,1008.7,72
14.3,21.0,61.2,1302.0,378.0,58.8,7.3,4.9,1.2,444.3,219.9,6.3,6.5,65.9,31.5,23.18,False,4095,0.0,78.6,607.4,EXT-OPEN-METEO-KHI,KARACHI,OPENSOURCE_API_GRID,337,,,,0.95,True,True,TIER2_OPENSOURCE_PURE;CONTINUOUS_MINUTE_STREAM;VERIFIED_MODEL_GRID,6414e30bf9851dddacdadeb4e4549c85a6e8b89b4654c5bb7a96abdc286682f8,2026-09-18T05:36:00+00:00,2026-09-18 10:36:00,61.4,1008.7,72
14.3,21.1,61.4,1308.2,379.8,59.1,7.4,4.9,1.2,444.3,218.8,6.2,6.5,66.2,31.5,23.12,False,4095,0.0,80.1,609.0,EXT-OPEN-METEO-KHI,KARACHI,OPENSOURCE_API_GRID,338,,,,0.95,True,True,TIER2_OPENSOURCE_PURE;CONTINUOUS_MINUTE_STREAM;VERIFIED_MODEL_GRID,974b6a39c751cff122f7d737601b360c12c1832a92607ed3546f3dc44b1abd3e,2026-09-18T05:37:00+00:00,2026-09-18 10:37:00,61.2,1008.7,72
14.3,21.1,61.5,1308.2,379.8,59.1,7.4,4.9,1.2,444.3,217.6,6.2,6.5,66.4,31.6,23.19,False,4095,0.0,81.6,610.6,EXT-OPEN-METEO-KHI,KARACHI,OPENSOURCE_API_GRID,339,,,,0.95,True,True,TIER2_OPENSOURCE_PURE;CONTINUOUS_MINUTE_STREAM;VERIFIED_MODEL_GRID,cd86d026601cea62310a5fec3bee9c58f428b115c12a1dde6661dc5116c33474,2026-09-18T05:38:00+00:00,2026-09-18 10:38:00,61.1,1008.7,72
14.4,21.2,61.7,1314.4,381.6,59.4,7.4,4.9,1.2,444.3,216.6,6.1,6.5,66.7,31.6,23.14,False,4095,0.0,83.1,612.1,EXT-OPEN-METEO-KHI,KARACHI,OPENSOURCE_API_GRID,340,,,,0.95,True,True,TIER2_OPENSOURCE_PURE;CONTINUOUS_MINUTE_STREAM;VERIFIED_MODEL_GRID,22104e31b2a9b189285eef6135b44f727ab151bd1e531f89a9795569b308ff2f,2026-09-18T05:39:00+00:00,2026-09-18 10:39:00,60.9,1008.7,72
14.5,21.3,61.9,1320.6,383.4,59.6,7.5,5.0,1.2,444.2,215.5,6.1,6.5,67.0,31.6,23.11,False,4095,0.0,84.5,613.6,EXT-OPEN-METEO-KHI,KARACHI,OPENSOURCE_API_GRID,341,,,,0.95,True,True,TIER2_OPENSOURCE_PURE;CONTINUOUS_MINUTE_STREAM;VERIFIED_MODEL_GRID,0c6abc629ef7014dc903fd2959984379e9e4483953e1bc10b0c2454ace3b2e3d,2026-09-18T05:40:00+00:00,2026-09-18 10:40:00,60.8,1008.7,72
14.5,21.3,61.9,1320.6,383.4,59.6,7.5,5.0,1.2,444.2,214.5,6.0,6.5,67.3,31.7,23.18,False,4095,0.0,85.9,615.1,EXT-OPEN-METEO-KHI,KARACHI,OPENSOURCE_API_GRID,342,,,,0.95,True,True,TIER2_OPENSOURCE_PURE;CONTINUOUS_MINUTE_STREAM;VERIFIED_MODEL_GRID,07c85dea1b4bdd644e0b8c4a9f97c5fda3e2a901534d87f34c748dbcd8de3fc2,2026-09-18T05:41:00+00:00,2026-09-18 10:41:00,60.7,1008.7,72
14.5,21.3,62.0,1320.6,383.4,59.6,7.5,5.0,1.2,444.2,213.5,5.9,6.5,67.5,31.7,23.15,False,4095,0.0,87.2,616.5,EXT-OPEN-METEO-KHI,KARACHI,OPENSOURCE_API_GRID,343,,,,0.95,True,True,TIER2_OPENSOURCE_PURE;CONTINUOUS_MINUTE_STREAM;VERIFIED_MODEL_GRID,a9dae3647133ea4d4d0fde36e6a7e65ad2957f310791142957ba2af0fe574db6,2026-09-18T05:42:00+00:00,2026-09-18 10:42:00,60.6,1008.7,72
14.6,21.4,62.2,1326.8,385.2,59.9,7.5,5.0,1.2,444.2,212.5,5.9,6.5,67.8,31.7,23.09,False,4095,0.0,88.5,617.8,EXT-OPEN-METEO-KHI,KARACHI,OPENSOURCE_API_GRID,344,,,,0.95,True,True,TIER2_OPENSOURCE_PURE;CONTINUOUS_MINUTE_STREAM;VERIFIED_MODEL_GRID,c1eea6f0e83e734aeae0303a4072b94b475aaccd56616dd96020766c29c65d4c,2026-09-18T05:43:00+00:00,2026-09-18 10:43:00,60.4,1008.7,72
14.6,21.5,62.3,1333.0,387.0,60.2,7.5,5.0,1.2,444.2,211.6,5.8,6.5,68.0,31.8,23.16,False,4095,0.0,89.7,619.1,EXT-OPEN-METEO-KHI,KARACHI,OPENSOURCE_API_GRID,345,,,,0.95,True,True,TIER2_OPENSOURCE_PURE;CONTINUOUS_MINUTE_STREAM;VERIFIED_MODEL_GRID,1f49b70e391424c150f05a0452cf7ea25c8a53e1b66b8d684fe12ade9d10349c,2026-09-18T05:44:00+00:00,2026-09-18 10:44:00,60.3,1008.7,72
14.6,21.5,62.5,1333.0,387.0,60.2,7.5,5.0,1.2,444.1,210.7,5.8,6.5,68.2,31.8,23.11,False,4095,0.0,90.9,620.4,EXT-OPEN-METEO-KHI,KARACHI,OPENSOURCE_API_GRID,346,,,,0.95,True,True,TIER2_OPENSOURCE_PURE;CONTINUOUS_MINUTE_STREAM;VERIFIED_MODEL_GRID,423e94ed4626ae98fe20212f36c332c61693c9898fecd25d32dedd092119a823,2026-09-18T05:45:00+00:00,2026-09-18 10:45:00,60.1,1008.8,72
14.7,21.6,62.6,1339.2,388.8,60.5,7.6,5.0,1.3,444.1,209.9,5.7,6.5,68.5,31.8,23.08,False,4095,0.0,92.0,621.5,EXT-OPEN-METEO-KHI,KARACHI,OPENSOURCE_API_GRID,347,,,,0.95,True,True,TIER2_OPENSOURCE_PURE;CONTINUOUS_MINUTE_STREAM;VERIFIED_MODEL_GRID,e2ffb42d2a71c2e1993fed2ecfc3d5af4b32aab37745a914403fdc3e0ef34c99,2026-09-18T05:46:00+00:00,2026-09-18 10:46:00,60.0,1008.8,72
14.7,21.6,62.7,1339.2,388.8,60.5,7.6,5.0,1.3,444.1,209.1,5.7,6.4,68.7,31.8,23.05,False,4095,0.0,93.1,622.6,EXT-OPEN-METEO-KHI,KARACHI,OPENSOURCE_API_GRID,348,,,,0.95,True,True,TIER2_OPENSOURCE_PURE;CONTINUOUS_MINUTE_STREAM;VERIFIED_MODEL_GRID,7bf5864dcfddccf5ce744cd68c4957ae41cef026cf44097b4811b7b3548bf4af,2026-09-18T05:47:00+00:00,2026-09-18 10:47:00,59.9,1008.8,72
14.8,21.7,62.8,1345.4,390.6,60.8,7.6,5.0,1.3,444.1,208.4,5.6,6.4,68.9,31.9,23.09,False,4095,0.0,94.1,623.7,EXT-OPEN-METEO-KHI,KARACHI,OPENSOURCE_API_GRID,349,,,,0.95,True,True,TIER2_OPENSOURCE_PURE;CONTINUOUS_MINUTE_STREAM;VERIFIED_MODEL_GRID,a97cfeb9b4adbddaca1b8bdddb643d574b1787096f5b8377e120a186e7f5ed6f,2026-09-18T05:48:00+00:00,2026-09-18 10:48:00,59.7,1008.8,72
14.8,21.7,62.8,1345.4,390.6,60.8,7.6,5.0,1.3,444.1,207.7,5.6,6.4,69.0,31.9,23.06,False,4095,0.0,95.0,624.6,EXT-OPEN-METEO-KHI,KARACHI,OPENSOURCE_API_GRID,350,,,,0.95,True,True,TIER2_OPENSOURCE_PURE;CONTINUOUS_MINUTE_STREAM;VERIFIED_MODEL_GRID,540aa330cb3e960c4cc4174448d0899f59769b039a352cb18f843db1eecede88,2026-09-18T05:49:00+00:00,2026-09-18 10:49:00,59.6,1008.8,72
14.8,21.7,62.9,1345.4,390.6,60.8,7.6,5.0,1.3,444.1,207.1,5.6,6.4,69.2,31.9,23.03,False,4095,0.0,95.8,625.5,EXT-OPEN-METEO-KHI,KARACHI,OPENSOURCE_API_GRID,351,,,,0.95,True,True,TIER2_OPENSOURCE_PURE;CONTINUOUS_MINUTE_STREAM;VERIFIED_MODEL_GRID,fad7c0049d2ff31f93e94e186739cb01a9a67adb7a26e0e98a16fd8dbe9aebc9,2026-09-18T05:50:00+00:00,2026-09-18 10:50:00,59.5,1008.8,72
14.8,21.7,62.9,1345.4,390.6,60.8,7.6,5.0,1.3,444.1,206.5,5.5,6.4,69.3,31.9,23.01,False,4095,0.0,96.6,626.4,EXT-OPEN-METEO-KHI,KARACHI,OPENSOURCE_API_GRID,352,,,,0.95,True,True,TIER2_OPENSOURCE_PURE;CONTINUOUS_MINUTE_STREAM;VERIFIED_MODEL_GRID,d2df32057b4b62596557030db0f733af5e6b54833b2ff6cf79ed648aa01cd0f1,2026-09-18T05:51:00+00:00,2026-09-18 10:51:00,59.4,1008.8,72
14.8,21.7,62.9,1345.4,390.6,60.8,7.6,5.0,1.3,444.0,206.0,5.5,6.4,69.5,31.9,22.98,False,4095,0.0,97.3,627.1,EXT-OPEN-METEO-KHI,KARACHI,OPENSOURCE_API_GRID,353,,,,0.95,True,True,TIER2_OPENSOURCE_PURE;CONTINUOUS_MINUTE_STREAM;VERIFIED_MODEL_GRID,215ee156aabeb35382dbe46546f8a94c3a156a42a706220cbeab14711a143826,2026-09-18T05:52:00+00:00,2026-09-18 10:52:00,59.3,1008.8,72
14.7,21.6,62.9,1339.2,388.8,60.5,7.6,5.0,1.3,444.0,205.5,5.5,6.4,69.6,31.9,22.95,False,4095,0.0,97.9,627.7,EXT-OPEN-METEO-KHI,KARACHI,OPENSOURCE_API_GRID,354,,,,0.95,True,True,TIER2_OPENSOURCE_PURE;CONTINUOUS_MINUTE_STREAM;VERIFIED_MODEL_GRID,c3b87b085d0dbea43f4f59eb340151bfe6cdc74637612f42a7742c713c03378c,2026-09-18T05:53:00+00:00,2026-09-18 10:53:00,59.2,1008.8,72
14.7,21.6,62.9,1339.2,388.8,60.5,7.6,5.0,1.3,444.0,205.1,5.5,6.4,69.7,31.9,22.92,False,4095,0.0,98.5,628.3,EXT-OPEN-METEO-KHI,KARACHI,OPENSOURCE_API_GRID,355,,,,0.95,True,True,TIER2_OPENSOURCE_PURE;CONTINUOUS_MINUTE_STREAM;VERIFIED_MODEL_GRID,6a2c8b443d8ddf7dc236fc91004096d781130331f9e393d8fa649b96df3fed38,2026-09-18T05:54:00+00:00,2026-09-18 10:54:00,59.1,1008.8,72
14.7,21.6,62.8,1339.2,388.8,60.5,7.6,5.0,1.3,444.0,204.8,5.4,6.4,69.8,31.9,22.89,False,4095,0.0,98.9,628.8,EXT-OPEN-METEO-KHI,KARACHI,OPENSOURCE_API_GRID,356,,,,0.95,True,True,TIER2_OPENSOURCE_PURE;CONTINUOUS_MINUTE_STREAM;VERIFIED_MODEL_GRID,1955823d6c04b8702afad6368e9417c82ae0bf161f00ed4a45e19ba87c14b990,2026-09-18T05:55:00+00:00,2026-09-18 10:55:00,59.0,1008.8,72
14.6,21.5,62.8,1333.0,387.0,60.2,7.5,5.0,1.3,444.0,204.5,5.4,6.4,69.9,31.9,22.89,False,4095,0.0,99.3,629.2,EXT-OPEN-METEO-KHI,KARACHI,OPENSOURCE_API_GRID,357,,,,0.95,True,True,TIER2_OPENSOURCE_PURE;CONTINUOUS_MINUTE_STREAM;VERIFIED_MODEL_GRID,ca3d3b9c953f353c2dda9842c43043da11517642ece03731e060180856e4c181,2026-09-18T05:56:00+00:00,2026-09-18 10:56:00,59.0,1008.8,72
14.6,21.5,62.8,1333.0,387.0,60.2,7.5,5.0,1.3,444.0,204.3,5.4,6.4,69.9,31.9,22.87,False,4095,0.0,99.6,629.5,EXT-OPEN-METEO-KHI,KARACHI,OPENSOURCE_API_GRID,358,,,,0.95,True,True,TIER2_OPENSOURCE_PURE;CONTINUOUS_MINUTE_STREAM;VERIFIED_MODEL_GRID,0f69317e8589de950fe2a504494327ef970a45a9e85579df169c1cd0aaedb347,2026-09-18T05:57:00+00:00,2026-09-18 10:57:00,58.9,1008.8,72
14.6,21.5,62.7,1333.0,387.0,60.2,7.5,5.0,1.3,444.0,204.1,5.4,6.4,70.0,31.9,22.87,False,4095,0.0,99.8,629.7,EXT-OPEN-METEO-KHI,KARACHI,OPENSOURCE_API_GRID,359,,,,0.95,True,True,TIER2_OPENSOURCE_PURE;CONTINUOUS_MINUTE_STREAM;VERIFIED_MODEL_GRID,76be936b329d84b88bc4878f5a6af2da3d704e065d10b6801f0a37e72b3171ee,2026-09-18T05:58:00+00:00,2026-09-18 10:58:00,58.9,1008.8,72
14.6,21.4,62.7,1326.8,385.2,59.9,7.5,5.0,1.3,444.0,204.0,5.4,6.4,70.0,31.9,22.87,False,4095,0.0,100.0,629.9,EXT-OPEN-METEO-KHI,KARACHI,OPENSOURCE_API_GRID,360,,,,0.95,True,True,TIER2_OPENSOURCE_PURE;CONTINUOUS_MINUTE_STREAM;VERIFIED_MODEL_GRID,138300ad9e49f7a5ef49b4179d9a3437f9a20b87c5a042f00ca3f0b8be8f0804,2026-09-18T05:59:00+00:00,2026-09-18 10:59:00,58.9,1008.8,72
14.6,21.4,62.6,1326.8,385.2,59.9,7.5,5.0,1.3,444.0,204.0,5.4,6.4,70.0,31.9,22.87,False,4095,0.0,100.0,629.9,EXT-OPEN-METEO-KHI,KARACHI,OPENSOURCE_API_GRID,361,,,,0.95,True,False,TIER2_OPENSOURCE_PURE;HOURLY_NODE;VERIFIED_MODEL_GRID,e569f4504e024ddf35daa51b7f2f20e861697e76a8b89a7671770390fda624a4,2026-09-18T06:00:00+00:00,2026-09-18 11:00:00,58.9,1008.8,71
14.6,21.4,62.6,1326.8,385.2,59.9,7.5,5.0,1.3,444.0,204.0,5.4,6.4,70.0,31.9,22.87,False,4095,0.0,100.0,629.9,EXT-OPEN-METEO-KHI,KARACHI,OPENSOURCE_API_GRID,362,,,,0.95,True,True,TIER2_OPENSOURCE_PURE;CONTINUOUS_MINUTE_STREAM;VERIFIED_MODEL_GRID,c2960fb162da8bd0dad7bf346ba8b2d8a4976f90ba751af85d243e6982720315,2026-09-18T06:01:00+00:00,2026-09-18 11:01:00,58.9,1008.8,71
14.6,21.4,62.6,1326.8,385.2,59.9,7.5,5.0,1.3,444.0,204.0,5.4,6.4,70.0,31.9,22.87,False,4095,0.0,100.0,629.8,EXT-OPEN-METEO-KHI,KARACHI,OPENSOURCE_API_GRID,363,,,,0.95,True,True,TIER2_OPENSOURCE_PURE;CONTINUOUS_MINUTE_STREAM;VERIFIED_MODEL_GRID,07a815be1b6bafe85fb77b935241d19efaf04f1649cc7a8a8489845c98dc25a4,2026-09-18T06:02:00+00:00,2026-09-18 11:02:00,58.9,1008.8,71
14.6,21.4,62.6,1326.8,385.2,59.9,7.5,5.0,1.3,444.0,203.9,5.4,6.4,70.0,31.8,22.77,False,4095,0.0,100.0,629.6,EXT-OPEN-METEO-KHI,KARACHI,OPENSOURCE_API_GRID,364,,,,0.95,True,True,TIER2_OPENSOURCE_PURE;CONTINUOUS_MINUTE_STREAM;VERIFIED_MODEL_GRID,9ee3bc826aec314d7f01f5f63fca52b275844003a8f3b45392aaf85d817addf5,2026-09-18T06:03:00+00:00,2026-09-18 11:03:00,58.9,1008.8,71
14.6,21.4,62.7,1326.8,385.2,59.9,7.5,5.0,1.3,444.0,203.9,5.4,6.4,70.1,31.8,22.77,False,4095,0.0,100.0,629.4,EXT-OPEN-METEO-KHI,KARACHI,OPENSOURCE_API_GRID,365,,,,0.95,True,True,TIER2_OPENSOURCE_PURE;CONTINUOUS_MINUTE_STREAM;VERIFIED_MODEL_GRID,813bc943e21181eb3c4e055aeb0127e042f27b82fd3565e5c94d8d94aa85741e,2026-09-18T06:04:00+00:00,2026-09-18 11:04:00,58.9,1008.8,71
14.6,21.5,62.7,1333.0,387.0,60.2,7.5,5.0,1.3,444.0,203.8,5.4,6.4,70.1,31.8,22.8,False,4095,0.0,100.0,629.1,EXT-OPEN-METEO-KHI,KARACHI,OPENSOURCE_API_GRID,366,,,,0.95,True,True,TIER2_OPENSOURCE_PURE;CONTINUOUS_MINUTE_STREAM;VERIFIED_MODEL_GRID,468dd62b70c55ddd2d0b4493c3e6eb1270aaa0c9af3d663c4f8a7bc622e08586,2026-09-18T06:05:00+00:00,2026-09-18 11:05:00,59.0,1008.8,71
14.6,21.5,62.8,1333.0,387.0,60.2,7.5,5.0,1.3,444.0,203.7,5.4,6.4,70.2,31.8,22.8,False,4095,0.0,100.0,628.8,EXT-OPEN-METEO-KHI,KARACHI,OPENSOURCE_API_GRID,367,,,,0.95,True,True,TIER2_OPENSOURCE_PURE;CONTINUOUS_MINUTE_STREAM;VERIFIED_MODEL_GRID,21327ecb4d4210c7a1271ee7684529c8e999d793696aa84785694afbd3d4ff05,2026-09-18T06:06:00+00:00,2026-09-18 11:06:00,59.0,1008.8,71
14.7,21.6,62.9,1339.2,388.8,60.5,7.6,5.0,1.3,444.0,203.6,5.4,6.4,70.3,31.8,22.83,False,4095,0.0,100.0,628.4,EXT-OPEN-METEO-KHI,KARACHI,OPENSOURCE_API_GRID,368,,,,0.95,True,True,TIER2_OPENSOURCE_PURE;CONTINUOUS_MINUTE_STREAM;VERIFIED_MODEL_GRID,7b05f5be815bef7cfef2db123b80b0bf7adb13fcf219e4c2653b72d2693fc5ca,2026-09-18T06:07:00+00:00,2026-09-18 11:07:00,59.1,1008.8,71
14.7,21.6,63.0,1339.2,388.8,60.5,7.6,5.0,1.3,444.0,203.5,5.4,6.4,70.3,31.8,22.83,False,4095,0.0,100.0,628.0,EXT-OPEN-METEO-KHI,KARACHI,OPENSOURCE_API_GRID,369,,,,0.95,True,True,TIER2_OPENSOURCE_PURE;CONTINUOUS_MINUTE_STREAM;VERIFIED_MODEL_GRID,2f3b9ee04b512b7a4e26e9f8ac84026c34718f35edd3b858e3eb3870d99f1d48,2026-09-18T06:08:00+00:00,2026-09-18 11:08:00,59.1,1008.8,71
14.8,21.7,63.2,1345.4,390.6,60.8,7.6,5.1,1.3,444.0,203.3,5.3,6.4,70.4,31.8,22.86,False,4095,0.0,100.0,627.5,EXT-OPEN-METEO-KHI,KARACHI,OPENSOURCE_API_GRID,370,,,,0.95,True,True,TIER2_OPENSOURCE_PURE;CONTINUOUS_MINUTE_STREAM;VERIFIED_MODEL_GRID,16c2c94ee82d1636e816d6885fb8ce15a06717421e69ca842a5b18dd19a3e959,2026-09-18T06:09:00+00:00,2026-09-18 11:09:00,59.2,1008.8,71
14.8,21.7,63.3,1345.4,390.6,60.8,7.6,5.1,1.3,444.0,203.2,5.3,6.4,70.5,31.8,22.88,False,4095,0.0,100.0,626.9,EXT-OPEN-METEO-KHI,KARACHI,OPENSOURCE_API_GRID,371,,,,0.95,True,True,TIER2_OPENSOURCE_PURE;CONTINUOUS_MINUTE_STREAM;VERIFIED_MODEL_GRID,f238020e941e1a6fd47b92a8ca061ce86f66622d7c6d2242ac53bcb13c553a99,2026-09-18T06:10:00+00:00,2026-09-18 11:10:00,59.3,1008.8,71
14.8,21.8,63.4,1351.6,392.4,61.0,7.6,5.1,1.3,444.0,203.0,5.3,6.4,70.6,31.8,22.91,False,4095,0.0,100.0,626.3,EXT-OPEN-METEO-KHI,KARACHI,OPENSOURCE_API_GRID,372,,,,0.95,True,True,TIER2_OPENSOURCE_PURE;CONTINUOUS_MINUTE_STREAM;VERIFIED_MODEL_GRID,dabcbb77e67a70be19b19ef9948337cba23dff901a630da7f85ff7079473c087,2026-09-18T06:11:00+00:00,2026-09-18 11:11:00,59.4,1008.7,71
14.8,21.7,63.4,1345.4,390.6,60.8,7.6,5.1,1.3,444.0,202.9,5.3,6.4,70.8,31.9,23.03,False,4095,0.0,100.0,625.6,EXT-OPEN-METEO-KHI,KARACHI,OPENSOURCE_API_GRID,373,,,,0.95,True,True,TIER2_OPENSOURCE_PURE;CONTINUOUS_MINUTE_STREAM;VERIFIED_MODEL_GRID,be591c614c73870c444661ec7216abb72e6d406078a9bdc6f8044aee81580dd1,2026-09-18T06:12:00+00:00,2026-09-18 11:12:00,59.5,1008.8,71
14.8,21.8,63.6,1351.6,392.4,61.0,7.6,5.1,1.3,444.0,202.7,5.3,6.4,70.9,31.9,23.06,False,4095,0.0,100.0,624.9,EXT-OPEN-METEO-KHI,KARACHI,OPENSOURCE_API_GRID,374,,,,0.95,True,True,TIER2_OPENSOURCE_PURE;CONTINUOUS_MINUTE_STREAM;VERIFIED_MODEL_GRID,f22b08dbb74ae5e25a2e63baf25641dd4434b34864d57f9b182fe9936f1fa197,2026-09-18T06:13:00+00:00,2026-09-18 11:13:00,59.6,1008.7,71
14.9,21.9,63.7,1357.8,394.2,61.3,7.7,5.1,1.3,444.0,202.5,5.3,6.4,71.0,31.9,23.09,False,4095,0.0,100.0,624.2,EXT-OPEN-METEO-KHI,KARACHI,OPENSOURCE_API_GRID,375,,,,0.95,True,True,TIER2_OPENSOURCE_PURE;CONTINUOUS_MINUTE_STREAM;VERIFIED_MODEL_GRID,1898f42552206350689983e031d134e563d5d8cb3d804dc36fe7ce7e98f23509,2026-09-18T06:14:00+00:00,2026-09-18 11:14:00,59.7,1008.7,71
14.9,21.9,63.9,1357.8,394.2,61.3,7.7,5.1,1.3,444.0,202.2,5.2,6.4,71.2,31.9,23.09,False,4095,0.0,100.0,623.4,EXT-OPEN-METEO-KHI,KARACHI,OPENSOURCE_API_GRID,376,,,,0.95,True,True,TIER2_OPENSOURCE_PURE;CONTINUOUS_MINUTE_STREAM;VERIFIED_MODEL_GRID,97666356730bad0a69d1abf3014223b4aff72255a38d9947394ca739d77db3cd,2026-09-18T06:15:00+00:00,2026-09-18 11:15:00,59.7,1008.7,71
15.0,22.0,64.0,1364.0,396.0,61.6,7.7,5.1,1.3,444.0,202.0,5.2,6.4,71.3,31.9,23.12,False,4095,0.0,100.0,622.5,EXT-OPEN-METEO-KHI,KARACHI,OPENSOURCE_API_GRID,377,,,,0.95,True,True,TIER2_OPENSOURCE_PURE;CONTINUOUS_MINUTE_STREAM;VERIFIED_MODEL_GRID,3daf318e844a406f6127ae00982ea7d893d16c0c14bd7a9054f51be43bc5506e,2026-09-18T06:16:00+00:00,2026-09-18 11:16:00,59.8,1008.7,71
15.0,22.1,64.2,1370.2,397.8,61.9,7.7,5.1,1.3,444.0,201.8,5.2,6.4,71.5,31.8,23.02,False,4095,0.0,100.0,621.6,EXT-OPEN-METEO-KHI,KARACHI,OPENSOURCE_API_GRID,378,,,,0.95,True,True,TIER2_OPENSOURCE_PURE;CONTINUOUS_MINUTE_STREAM;VERIFIED_MODEL_GRID,7fd0b04bf5a9bf155b2c4eb706d5ab5b94d1af0d5afcb9a3bf0f9b40fd45fb42,2026-09-18T06:17:00+00:00,2026-09-18 11:17:00,59.8,1008.7,71
15.0,22.1,64.3,1370.2,397.8,61.9,7.7,5.1,1.3,444.0,201.5,5.2,6.4,71.6,31.8,23.05,False,4095,0.0,100.0,620.7,EXT-OPEN-METEO-KHI,KARACHI,OPENSOURCE_API_GRID,379,,,,0.95,True,True,TIER2_OPENSOURCE_PURE;CONTINUOUS_MINUTE_STREAM;VERIFIED_MODEL_GRID,9fab6ca2b69a13f0b96c193c0246352a4c78d384949cc7c4f3239457d2f1eefd,2026-09-18T06:18:00+00:00,2026-09-18 11:18:00,59.9,1008.7,71
15.0,22.1,64.4,1370.2,397.8,61.9,7.7,5.2,1.3,444.0,201.3,5.1,6.4,71.8,31.8,23.08,False,4095,0.0,100.0,619.7,EXT-OPEN-METEO-KHI,KARACHI,OPENSOURCE_API_GRID,380,,,,0.95,True,True,TIER2_OPENSOURCE_PURE;CONTINUOUS_MINUTE_STREAM;VERIFIED_MODEL_GRID,26404007106228daa9c2200fd6d157c7652cc60e962e71a79a81a983277c20ff,2026-09-18T06:19:00+00:00,2026-09-18 11:19:00,60.0,1008.7,71
15.1,22.2,64.5,1376.4,399.6,62.2,7.8,5.2,1.3,444.0,201.0,5.1,6.4,72.0,31.8,23.08,False,4095,0.0,100.0,618.7,EXT-OPEN-METEO-KHI,KARACHI,OPENSOURCE_API_GRID,381,,,,0.95,True,True,TIER2_OPENSOURCE_PURE;CONTINUOUS_MINUTE_STREAM;VERIFIED_MODEL_GRID,f0abf53f2a0185b93dad861288a79bbb981f6379b04b95483ef60bcd8aca143e,2026-09-18T06:20:00+00:00,2026-09-18 11:20:00,60.0,1008.7,71
15.1,22.2,64.6,1376.4,399.6,62.2,7.8,5.2,1.3,444.0,200.7,5.1,6.3,72.2,31.8,23.11,False,4095,0.0,100.0,617.7,EXT-OPEN-METEO-KHI,KARACHI,OPENSOURCE_API_GRID,382,,,,0.95,True,True,TIER2_OPENSOURCE_PURE;CONTINUOUS_MINUTE_STREAM;VERIFIED_MODEL_GRID,ed23cab4e5cbd94881bfe8f9a2d6baf6eb6c83536c95f33a64ab4824826d5b41,2026-09-18T06:21:00+00:00,2026-09-18 11:21:00,60.1,1008.7,71
15.1,22.2,64.7,1376.4,399.6,62.2,7.8,5.2,1.3,444.0,200.4,5.1,6.3,72.4,31.8,23.13,False,4095,0.0,100.0,616.6,EXT-OPEN-METEO-KHI,KARACHI,OPENSOURCE_API_GRID,383,,,,0.95,True,True,TIER2_OPENSOURCE_PURE;CONTINUOUS_MINUTE_STREAM;VERIFIED_MODEL_GRID,8f00dbe1921fd063eaf4f61bed1b14170e9d59a759010cc27bfb4628bd98271d,2026-09-18T06:22:00+00:00,2026-09-18 11:22:00,60.2,1008.7,71
15.1,22.2,64.8,1376.4,399.6,62.2,7.8,5.2,1.3,444.0,200.2,5.0,6.3,72.6,31.8,23.13,False,4095,0.0,100.0,615.6,EXT-OPEN-METEO-KHI,KARACHI,OPENSOURCE_API_GRID,384,,,,0.95,True,True,TIER2_OPENSOURCE_PURE;CONTINUOUS_MINUTE_STREAM;VERIFIED_MODEL_GRID,4355d7db61433d505da4639794616955734145c794141c223a7410fbb012c211,2026-09-18T06:23:00+00:00,2026-09-18 11:23:00,60.2,1008.7,71
15.1,22.2,64.9,1376.4,399.6,62.2,7.8,5.2,1.3,444.0,199.9,5.0,6.3,72.8,31.8,23.16,False,4095,0.0,100.0,614.5,EXT-OPEN-METEO-KHI,KARACHI,OPENSOURCE_API_GRID,385,,,,0.95,True,True,TIER2_OPENSOURCE_PURE;CONTINUOUS_MINUTE_STREAM;VERIFIED_MODEL_GRID,e3ac8beb5471f3211edfe22b16028fc7a32e8554dc66792615f4dc96d7b21f93,2026-09-18T06:24:00+00:00,2026-09-18 11:24:00,60.3,1008.6,71
15.1,22.2,64.9,1376.4,399.6,62.2,7.8,5.2,1.3,444.0,199.6,5.0,6.3,73.0,31.7,23.09,False,4095,0.0,100.0,613.3,EXT-OPEN-METEO-KHI,KARACHI,OPENSOURCE_API_GRID,386,,,,0.95,True,True,TIER2_OPENSOURCE_PURE;CONTINUOUS_MINUTE_STREAM;VERIFIED_MODEL_GRID,be39a26679d6f787fed81e7949558ede8f74e0972751caf0cdd658e412c71aa7,2026-09-18T06:25:00+00:00,2026-09-18 11:25:00,60.4,1008.6,71
15.1,22.2,65.0,1376.4,399.6,62.2,7.8,5.2,1.3,444.0,199.2,5.0,6.3,73.2,31.7,23.12,False,4095,0.0,100.0,612.2,EXT-OPEN-METEO-KHI,KARACHI,OPENSOURCE_API_GRID,387,,,,0.95,True,True,TIER2_OPENSOURCE_PURE;CONTINUOUS_MINUTE_STREAM;VERIFIED_MODEL_GRID,ad9c0ff9d6a9e59a162d20553bd2f18017adece2608beb29c6b53d7ff6f85af2,2026-09-18T06:26:00+00:00,2026-09-18 11:26:00,60.5,1008.6,71
15.1,22.2,65.1,1376.4,399.6,62.2,7.8,5.2,1.3,444.0,198.9,4.9,6.3,73.4,31.7,23.15,False,4095,0.0,100.0,611.0,EXT-OPEN-METEO-KHI,KARACHI,OPENSOURCE_API_GRID,388,,,,0.95,True,True,TIER2_OPENSOURCE_PURE;CONTINUOUS_MINUTE_STREAM;VERIFIED_MODEL_GRID,66e6736a0de3ce6713ee8545719b56548fa92f10d89b60b7621a5b330220223d,2026-09-18T06:27:00+00:00,2026-09-18 11:27:00,60.6,1008.6,71
15.1,22.2,65.2,1376.4,399.6,62.2,7.8,5.2,1.3,444.0,198.6,4.9,6.3,73.6,31.7,23.18,False,4095,0.0,100.0,609.9,EXT-OPEN-METEO-KHI,KARACHI,OPENSOURCE_API_GRID,389,,,,0.95,True,True,TIER2_OPENSOURCE_PURE;CONTINUOUS_MINUTE_STREAM;VERIFIED_MODEL_GRID,27a1b7741b9668b33414a64b5a6a46e19b72bb27c2ec77c286961635851b08fc,2026-09-18T06:28:00+00:00,2026-09-18 11:28:00,60.7,1008.6,71
15.1,22.2,65.2,1376.4,399.6,62.2,7.8,5.2,1.3,444.0,198.3,4.9,6.3,73.8,31.7,23.2,False,4095,0.0,100.0,608.7,EXT-OPEN-METEO-KHI,KARACHI,OPENSOURCE_API_GRID,390,,,,0.95,True,True,TIER2_OPENSOURCE_PURE;CONTINUOUS_MINUTE_STREAM;VERIFIED_MODEL_GRID,e6921935a98cb99f0093fc493eb794d809ed4b15d00074e523383ac075552b09,2026-09-18T06:29:00+00:00,2026-09-18 11:29:00,60.8,1008.6,71
15.1,22.2,65.3,1376.4,399.6,62.2,7.8,5.2,1.3,444.0,198.0,4.8,6.3,74.0,31.6,23.14,False,4095,0.0,100.0,607.5,EXT-OPEN-METEO-KHI,KARACHI,OPENSOURCE_API_GRID,391,,,,0.95,True,True,TIER2_OPENSOURCE_PURE;CONTINUOUS_MINUTE_STREAM;VERIFIED_MODEL_GRID,d41767deffa02691a96a29b5d7f9979558d9af5fdd9e7fb533154d49de50af0d,2026-09-18T06:30:00+00:00,2026-09-18 11:30:00,60.9,1008.6,71
15.1,22.2,65.4,1376.4,399.6,62.2,7.8,5.2,1.3,444.0,197.7,4.8,6.3,74.2,31.6,23.16,False,4095,0.0,100.0,606.4,EXT-OPEN-METEO-KHI,KARACHI,OPENSOURCE_API_GRID,392,,,,0.95,True,True,TIER2_OPENSOURCE_PURE;CONTINUOUS_MINUTE_STREAM;VERIFIED_MODEL_GRID,3ba99bedba7c15dd18e48f1095e21a42dd57a8c44fd7abdc0b7bdf086b2e3987,2026-09-18T06:31:00+00:00,2026-09-18 11:31:00,61.0,1008.6,71
15.1,22.2,65.5,1376.4,399.6,62.2,7.8,5.2,1.3,444.0,197.4,4.8,6.3,74.4,31.6,23.19,False,4095,0.0,100.0,605.2,EXT-OPEN-METEO-KHI,KARACHI,OPENSOURCE_API_GRID,393,,,,0.95,True,True,TIER2_OPENSOURCE_PURE;CONTINUOUS_MINUTE_STREAM;VERIFIED_MODEL_GRID,82053976ac3eb9357242c8f0206c36dbe02d942d7d8fdc429795b9b08397f54c,2026-09-18T06:32:00+00:00,2026-09-18 11:32:00,61.1,1008.5,71
15.2,22.3,65.7,1382.6,401.4,62.4,7.8,5.3,1.3,444.0,197.1,4.8,6.3,74.6,31.6,23.22,False,4095,0.0,100.0,604.1,EXT-OPEN-METEO-KHI,KARACHI,OPENSOURCE_API_GRID,394,,,,0.95,True,True,TIER2_OPENSOURCE_PURE;CONTINUOUS_MINUTE_STREAM;VERIFIED_MODEL_GRID,43871a6333278fe78a5992e04f5541b51479b5cd175ff7a8cab6c4fdc7bd0ce8,2026-09-18T06:33:00+00:00,2026-09-18 11:33:00,61.2,1008.5,71
15.2,22.3,65.8,1382.6,401.4,62.4,7.8,5.3,1.3,444.0,196.8,4.7,6.3,74.8,31.6,23.24,False,4095,0.0,100.0,602.9,EXT-OPEN-METEO-KHI,KARACHI,OPENSOURCE_API_GRID,395,,,,0.95,True,True,TIER2_OPENSOURCE_PURE;CONTINUOUS_MINUTE_STREAM;VERIFIED_MODEL_GRID,39089340566184fe092d2434b371ff2993691c9fc914cd52626cc2a149db5e55,2026-09-18T06:34:00+00:00,2026-09-18 11:34:00,61.3,1008.5,71
15.2,22.4,66.0,1388.8,403.2,62.7,7.8,5.3,1.3,444.0,196.4,4.7,6.3,75.0,31.5,23.18,False,4095,0.0,100.0,601.8,EXT-OPEN-METEO-KHI,KARACHI,OPENSOURCE_API_GRID,396,,,,0.95,True,True,TIER2_OPENSOURCE_PURE;CONTINUOUS_MINUTE_STREAM;VERIFIED_MODEL_GRID,2ab49c1e79d9db2405dd7a4da66cded158a8dc0a80f535fc819d6c0676c6a5b0,2026-09-18T06:35:00+00:00,2026-09-18 11:35:00,61.4,1008.5,71
15.2,22.4,66.1,1388.8,403.2,62.7,7.8,5.3,1.3,444.0,196.1,4.7,6.3,75.2,31.5,23.2,False,4095,0.0,100.0,600.6,EXT-OPEN-METEO-KHI,KARACHI,OPENSOURCE_API_GRID,397,,,,0.95,True,True,TIER2_OPENSOURCE_PURE;CONTINUOUS_MINUTE_STREAM;VERIFIED_MODEL_GRID,6ea071fe98a4e6ade7c8c2189bb7b2cb400d5e367dc7df8082b007114493e6a0,2026-09-18T06:36:00+00:00,2026-09-18 11:36:00,61.5,1008.5,71
15.3,22.5,66.3,1395.0,405.0,63.0,7.9,5.3,1.3,444.0,195.8,4.7,6.3,75.4,31.5,23.23,False,4095,0.0,100.0,599.5,EXT-OPEN-METEO-KHI,KARACHI,OPENSOURCE_API_GRID,398,,,,0.95,True,True,TIER2_OPENSOURCE_PURE;CONTINUOUS_MINUTE_STREAM;VERIFIED_MODEL_GRID,4a8aaa3fcb4a72fd0cb422ce9f330b88d3d95e5c5b5bb0eed9627049fc2f6e5d,2026-09-18T06:37:00+00:00,2026-09-18 11:37:00,61.6,1008.5,71
15.4,22.6,66.5,1401.2,406.8,63.3,7.9,5.3,1.3,444.0,195.6,4.6,6.3,75.6,31.5,23.29,False,4095,0.0,100.0,598.5,EXT-OPEN-METEO-KHI,KARACHI,OPENSOURCE_API_GRID,399,,,,0.95,True,True,TIER2_OPENSOURCE_PURE;CONTINUOUS_MINUTE_STREAM;VERIFIED_MODEL_GRID,553950bcbf221434d4070daf08b361cfdbec0d010c20a92e1273824b343d7a5e,2026-09-18T06:38:00+00:00,2026-09-18 11:38:00,61.8,1008.4,71
15.4,22.6,66.7,1401.2,406.8,63.3,7.9,5.3,1.3,444.0,195.3,4.6,6.3,75.8,31.5,23.31,False,4095,0.0,100.0,597.4,EXT-OPEN-METEO-KHI,KARACHI,OPENSOURCE_API_GRID,400,,,,0.95,True,True,TIER2_OPENSOURCE_PURE;CONTINUOUS_MINUTE_STREAM;VERIFIED_MODEL_GRID,a95e2d60243baef414ba6aa282430dc8e6040f60d11aa2b17b6a25749fdd1035,2026-09-18T06:39:00+00:00,2026-09-18 11:39:00,61.9,1008.4,71
15.4,22.7,66.9,1407.4,408.6,63.6,7.9,5.4,1.3,444.0,195.0,4.6,6.2,76.0,31.5,23.34,False,4095,0.0,100.0,596.4,EXT-OPEN-METEO-KHI,KARACHI,OPENSOURCE_API_GRID,401,,,,0.95,True,True,TIER2_OPENSOURCE_PURE;CONTINUOUS_MINUTE_STREAM;VERIFIED_MODEL_GRID,23869e14e61939aedfdf700bde77906279919e7d672864b60840ec6ac41d89ea,2026-09-18T06:40:00+00:00,2026-09-18 11:40:00,62.0,1008.4,71
15.5,22.8,67.0,1413.6,410.4,63.8,8.0,5.4,1.3,444.0,194.7,4.6,6.2,76.2,31.5,23.37,False,4095,0.0,100.0,595.4,EXT-OPEN-METEO-KHI,KARACHI,OPENSOURCE_API_GRID,402,,,,0.95,True,True,TIER2_OPENSOURCE_PURE;CONTINUOUS_MINUTE_STREAM;VERIFIED_MODEL_GRID,ad2bb838384239afdb0b5fa388d11d94cafea717c609231e6808ad4c99c28a25,2026-09-18T06:41:00+00:00,2026-09-18 11:41:00,62.1,1008.4,71
15.6,22.9,67.2,1419.8,412.2,64.1,8.0,5.4,1.3,444.0,194.5,4.5,6.2,76.4,31.5,23.39,False,4095,0.0,100.0,594.4,EXT-OPEN-METEO-KHI,KARACHI,OPENSOURCE_API_GRID,403,,,,0.95,True,True,TIER2_OPENSOURCE_PURE;CONTINUOUS_MINUTE_STREAM;VERIFIED_MODEL_GRID,dbd3f2e752718c925d25cc7d788f0376fdd7ef46e2f5f824e64461741a649408,2026-09-18T06:42:00+00:00,2026-09-18 11:42:00,62.2,1008.4,71
15.5,22.8,67.2,1413.6,410.4,63.8,8.0,5.4,1.3,444.0,194.2,4.5,6.2,76.5,31.5,23.45,False,4095,0.0,100.0,593.5,EXT-OPEN-METEO-KHI,KARACHI,OPENSOURCE_API_GRID,404,,,,0.95,True,True,TIER2_OPENSOURCE_PURE;CONTINUOUS_MINUTE_STREAM;VERIFIED_MODEL_GRID,9f63a30d026d586f7b0fe0a09e799a9441ec4d9160fe6e0186992bb39349fb5a,2026-09-18T06:43:00+00:00,2026-09-18 11:43:00,62.4,1008.4,71
15.6,22.9,67.4,1419.8,412.2,64.1,8.0,5.4,1.3,444.0,194.0,4.5,6.2,76.7,31.5,23.47,False,4095,0.0,100.0,592.6,EXT-OPEN-METEO-KHI,KARACHI,OPENSOURCE_API_GRID,405,,,,0.95,True,True,TIER2_OPENSOURCE_PURE;CONTINUOUS_MINUTE_STREAM;VERIFIED_MODEL_GRID,f223c2c5f62432b875a72f708a14201e793e58f9a157050d43c69076e77266c1,2026-09-18T06:44:00+00:00,2026-09-18 11:44:00,62.5,1008.4,71
15.6,23.0,67.6,1426.0,414.0,64.4,8.0,5.4,1.4,444.0,193.8,4.5,6.2,76.8,31.5,23.5,False,4095,0.0,100.0,591.7,EXT-OPEN-METEO-KHI,KARACHI,OPENSOURCE_API_GRID,406,,,,0.95,True,True,TIER2_OPENSOURCE_PURE;CONTINUOUS_MINUTE_STREAM;VERIFIED_MODEL_GRID,cfb71e54f99945b01a24d4b77f9ca43a1957b843cb2b38a85e83f7a566a30851,2026-09-18T06:45:00+00:00,2026-09-18 11:45:00,62.6,1008.4,71
15.6,23.0,67.7,1426.0,414.0,64.4,8.0,5.4,1.4,444.0,193.5,4.4,6.2,77.0,31.5,23.5,False,4095,0.0,100.0,590.9,EXT-OPEN-METEO-KHI,KARACHI,OPENSOURCE_API_GRID,407,,,,0.95,True,True,TIER2_OPENSOURCE_PURE;CONTINUOUS_MINUTE_STREAM;VERIFIED_MODEL_GRID,8ac19ad7de822bce5c74f7eaca1b5dda04244fd05e7560003e17b7e89804f949,2026-09-18T06:46:00+00:00,2026-09-18 11:46:00,62.6,1008.4,71
15.7,23.1,67.8,1432.2,415.8,64.7,8.1,5.4,1.4,444.0,193.3,4.4,6.2,77.1,31.5,23.52,False,4095,0.0,100.0,590.2,EXT-OPEN-METEO-KHI,KARACHI,OPENSOURCE_API_GRID,408,,,,0.95,True,True,TIER2_OPENSOURCE_PURE;CONTINUOUS_MINUTE_STREAM;VERIFIED_MODEL_GRID,d348c3e326a6034bf450ae55f09b907ee1f090adb6403f9059769e4e236e41e2,2026-09-18T06:47:00+00:00,2026-09-18 11:47:00,62.7,1008.4,71
15.7,23.1,68.0,1432.2,415.8,64.7,8.1,5.4,1.4,444.0,193.1,4.4,6.2,77.2,31.5,23.52,False,4095,0.0,100.0,589.5,EXT-OPEN-METEO-KHI,KARACHI,OPENSOURCE_API_GRID,409,,,,0.95,True,True,TIER2_OPENSOURCE_PURE;CONTINUOUS_MINUTE_STREAM;VERIFIED_MODEL_GRID,d32e236a949d2004c2dd4aeec7059d6667d6a65b4207a9a68bb8ba450525ab9a,2026-09-18T06:48:00+00:00,2026-09-18 11:48:00,62.7,1008.4,71
15.8,23.2,68.1,1438.4,417.6,65.0,8.1,5.4,1.4,444.0,193.0,4.4,6.2,77.4,31.5,23.55,False,4095,0.0,100.0,588.8,EXT-OPEN-METEO-KHI,KARACHI,OPENSOURCE_API_GRID,410,,,,0.95,True,True,TIER2_OPENSOURCE_PURE;CONTINUOUS_MINUTE_STREAM;VERIFIED_MODEL_GRID,74bd43b6db717d46b14337eb48f3c0d7d10d450bae18f8693d3c407d4b98ceab,2026-09-18T06:49:00+00:00,2026-09-18 11:49:00,62.8,1008.4,71
15.8,23.2,68.1,1438.4,417.6,65.0,8.1,5.4,1.4,444.0,192.8,4.4,6.2,77.5,31.5,23.55,False,4095,0.0,100.0,588.2,EXT-OPEN-METEO-KHI,KARACHI,OPENSOURCE_API_GRID,411,,,,0.95,True,True,TIER2_OPENSOURCE_PURE;CONTINUOUS_MINUTE_STREAM;VERIFIED_MODEL_GRID,9bf5fbd4869c231955835d24602aa2aea9c06af002e3f18079bb9f6f6a20aabb,2026-09-18T06:50:00+00:00,2026-09-18 11:50:00,62.8,1008.3,71
15.8,23.2,68.2,1438.4,417.6,65.0,8.1,5.5,1.4,444.0,192.7,4.4,6.2,77.6,31.5,23.55,False,4095,0.0,100.0,587.6,EXT-OPEN-METEO-KHI,KARACHI,OPENSOURCE_API_GRID,412,,,,0.95,True,True,TIER2_OPENSOURCE_PURE;CONTINUOUS_MINUTE_STREAM;VERIFIED_MODEL_GRID,ed18ee6db72d65ada37e50447710b06ce7672f7d6c5d8937298bb49aaf1c6011,2026-09-18T06:51:00+00:00,2026-09-18 11:51:00,62.8,1008.3,71
15.8,23.2,68.2,1438.4,417.6,65.0,8.1,5.5,1.4,444.0,192.5,4.3,6.2,77.7,31.5,23.55,False,4095,0.0,100.0,587.1,EXT-OPEN-METEO-KHI,KARACHI,OPENSOURCE_API_GRID,413,,,,0.95,True,True,TIER2_OPENSOURCE_PURE;CONTINUOUS_MINUTE_STREAM;VERIFIED_MODEL_GRID,23240a7bec3ba28c745df59a6b441e701dd9f54f30b03dd61b4cfb8858462ede,2026-09-18T06:52:00+00:00,2026-09-18 11:52:00,62.8,1008.3,71
15.8,23.2,68.3,1438.4,417.6,65.0,8.1,5.5,1.4,444.0,192.4,4.3,6.2,77.7,31.5,23.58,False,4095,0.0,100.0,586.7,EXT-OPEN-METEO-KHI,KARACHI,OPENSOURCE_API_GRID,414,,,,0.95,True,True,TIER2_OPENSOURCE_PURE;CONTINUOUS_MINUTE_STREAM;VERIFIED_MODEL_GRID,7c71c8b3c8bad853eb686d5888c0baf9f17014c93dc2a82c7d238744f0f1625b,2026-09-18T06:53:00+00:00,2026-09-18 11:53:00,62.9,1008.3,71
15.8,23.2,68.3,1438.4,417.6,65.0,8.1,5.5,1.4,444.0,192.3,4.3,6.2,77.8,31.5,23.58,False,4095,0.0,100.0,586.3,EXT-OPEN-METEO-KHI,KARACHI,OPENSOURCE_API_GRID,415,,,,0.95,True,True,TIER2_OPENSOURCE_PURE;CONTINUOUS_MINUTE_STREAM;VERIFIED_MODEL_GRID,aa6afd2ab615de67369ff65a40e99d87e6639697efe94b7562eeb8fad748070d,2026-09-18T06:54:00+00:00,2026-09-18 11:54:00,62.9,1008.3,71
15.8,23.2,68.2,1438.4,417.6,65.0,8.1,5.5,1.4,444.0,192.2,4.3,6.2,77.9,31.4,23.48,False,4095,0.0,100.0,586.0,EXT-OPEN-METEO-KHI,KARACHI,OPENSOURCE_API_GRID,416,,,,0.95,True,True,TIER2_OPENSOURCE_PURE;CONTINUOUS_MINUTE_STREAM;VERIFIED_MODEL_GRID,93cdcf8b456aeff0d4de0c4068d859d860d60919eb1f423b592d0fbdf7c89d2d,2026-09-18T06:55:00+00:00,2026-09-18 11:55:00,62.9,1008.3,71
15.7,23.1,68.2,1432.2,415.8,64.7,8.1,5.5,1.4,444.0,192.1,4.3,6.2,77.9,31.4,23.48,False,4095,0.0,100.0,585.7,EXT-OPEN-METEO-KHI,KARACHI,OPENSOURCE_API_GRID,417,,,,0.95,True,True,TIER2_OPENSOURCE_PURE;CONTINUOUS_MINUTE_STREAM;VERIFIED_MODEL_GRID,e22bd53d07b29d52c6d8f1ebc958b2e8b7c8d5dd979841d3d93e35b16b12408e,2026-09-18T06:56:00+00:00,2026-09-18 11:56:00,62.9,1008.3,71
15.7,23.1,68.2,1432.2,415.8,64.7,8.1,5.5,1.4,444.0,192.1,4.3,6.2,78.0,31.4,23.48,False,4095,0.0,100.0,585.5,EXT-OPEN-METEO-KHI,KARACHI,OPENSOURCE_API_GRID,418,,,,0.95,True,True,TIER2_OPENSOURCE_PURE;CONTINUOUS_MINUTE_STREAM;VERIFIED_MODEL_GRID,c161c3458b2cc3942e8512cac6b9e1ae2d48b705edb391fc036f52f2478c773a,2026-09-18T06:57:00+00:00,2026-09-18 11:57:00,62.9,1008.3,71
15.7,23.1,68.1,1432.2,415.8,64.7,8.1,5.4,1.4,444.0,192.0,4.3,6.2,78.0,31.4,23.48,False,4095,0.0,100.0,585.3,EXT-OPEN-METEO-KHI,KARACHI,OPENSOURCE_API_GRID,419,,,,0.95,True,True,TIER2_OPENSOURCE_PURE;CONTINUOUS_MINUTE_STREAM;VERIFIED_MODEL_GRID,c2f2d08c622814b9f0daaf8621a0f154732cfa6ab63b2df185b1aaea36ba5373,2026-09-18T06:58:00+00:00,2026-09-18 11:58:00,62.9,1008.3,71
15.6,23.0,68.1,1426.0,414.0,64.4,8.0,5.4,1.4,444.0,192.0,4.3,6.2,78.0,31.4,23.48,False,4095,0.0,100.0,585.2,EXT-OPEN-METEO-KHI,KARACHI,OPENSOURCE_API_GRID,420,,,,0.95,True,True,TIER2_OPENSOURCE_PURE;CONTINUOUS_MINUTE_STREAM;VERIFIED_MODEL_GRID,d053975341e0ac706fd4b9697f815cbab2957e79ce62946ceede6049dd376866,2026-09-18T06:59:00+00:00,2026-09-18 11:59:00,62.9,1008.3,71
15.6,23.0,68.0,1426.0,414.0,64.4,8.0,5.4,1.4,444.0,192.0,4.3,6.2,78.0,31.4,23.48,False,4095,0.0,100.0,585.2,EXT-OPEN-METEO-KHI,KARACHI,OPENSOURCE_API_GRID,421,,,,0.95,True,False,TIER2_OPENSOURCE_PURE;HOURLY_NODE;VERIFIED_MODEL_GRID,47bfd35d87071b1e5fbfb6446f734e7f6976d7bb0b0b85bf39b3a3f1606a2420,2026-09-18T07:00:00+00:00,2026-09-18 12:00:00,62.9,1008.3,71
15.6,22.9,68.0,1419.8,412.2,64.1,8.0,5.4,1.4,444.0,192.0,4.3,6.2,78.0,31.4,23.48,False,4095,0.0,100.0,585.3,EXT-OPEN-METEO-KHI,KARACHI,OPENSOURCE_API_GRID,422,,,,0.95,True,True,TIER2_OPENSOURCE_PURE;CONTINUOUS_MINUTE_STREAM;VERIFIED_MODEL_GRID,ccbbb0c9ba24bdda231f0585238661c6655324105b793a78627271438eac3b72,2026-09-18T07:01:00+00:00,2026-09-18 12:01:00,62.9,1008.3,71
15.6,22.9,67.9,1419.8,412.2,64.1,8.0,5.4,1.4,444.0,192.0,4.3,6.2,78.0,31.4,23.46,False,4095,0.0,99.8,585.4,EXT-OPEN-METEO-KHI,KARACHI,OPENSOURCE_API_GRID,423,,,,0.95,True,True,TIER2_OPENSOURCE_PURE;CONTINUOUS_MINUTE_STREAM;VERIFIED_MODEL_GRID,d7a9ca8cab0881c405ab7c3164b9d652500887c7edf6ce094cb13bcf6e95b63d,2026-09-18T07:02:00+00:00,2026-09-18 12:02:00,62.8,1008.3,71
15.6,22.9,67.9,1419.8,412.2,64.1,8.0,5.4,1.4,444.0,192.0,4.3,6.2,78.0,31.4,23.46,False,4095,0.0,99.6,585.7,EXT-OPEN-METEO-KHI,KARACHI,OPENSOURCE_API_GRID,424,,,,0.95,True,True,TIER2_OPENSOURCE_PURE;CONTINUOUS_MINUTE_STREAM;VERIFIED_MODEL_GRID,23eac07345338d4fadba5533636d5fa1ca34a8df113ed3445ab8a3faeaa49008,2026-09-18T07:03:00+00:00,2026-09-18 12:03:00,62.8,1008.3,71
15.6,22.9,67.9,1419.8,412.2,64.1,8.0,5.4,1.4,444.0,192.0,4.3,6.2,78.1,31.4,23.46,False,4095,0.0,99.2,586.1,EXT-OPEN-METEO-KHI,KARACHI,OPENSOURCE_API_GRID,425,,,,0.95,True,True,TIER2_OPENSOURCE_PURE;CONTINUOUS_MINUTE_STREAM;VERIFIED_MODEL_GRID,31c24a2cf29f88ad2f5669127bf30c9594d7f3e2e1eaa3e5602a64db10e7c856,2026-09-18T07:04:00+00:00,2026-09-18 12:04:00,62.8,1008.3,71
15.6,22.9,67.9,1419.8,412.2,64.1,8.0,5.4,1.4,444.0,192.1,4.3,6.2,78.1,31.4,23.48,False,4095,0.0,98.8,586.6,EXT-OPEN-METEO-KHI,KARACHI,OPENSOURCE_API_GRID,426,,,,0.95,True,True,TIER2_OPENSOURCE_PURE;CONTINUOUS_MINUTE_STREAM;VERIFIED_MODEL_GRID,f3ec8aae15e08ed3554387d776a23ce0dfdb6b92c91361d2f076ccd1c67a23bd,2026-09-18T07:05:00+00:00,2026-09-18 12:05:00,62.9,1008.3,71
15.6,22.9,67.9,1419.8,412.2,64.1,8.0,5.4,1.4,444.0,192.1,4.3,6.2,78.1,31.4,23.48,False,4095,0.0,98.3,587.2,EXT-OPEN-METEO-KHI,KARACHI,OPENSOURCE_API_GRID,427,,,,0.95,True,True,TIER2_OPENSOURCE_PURE;CONTINUOUS_MINUTE_STREAM;VERIFIED_MODEL_GRID,0b9f058c72d1d0afb7eb28c53f3ff60033a3eaf474492a753f439909c5cec39e,2026-09-18T07:06:00+00:00,2026-09-18 12:06:00,62.9,1008.3,71
15.6,23.0,68.0,1426.0,414.0,64.4,8.0,5.4,1.4,444.0,192.1,4.3,6.2,78.2,31.4,23.48,False,4095,0.0,97.6,587.9,EXT-OPEN-METEO-KHI,KARACHI,OPENSOURCE_API_GRID,428,,,,0.95,True,True,TIER2_OPENSOURCE_PURE;CONTINUOUS_MINUTE_STREAM;VERIFIED_MODEL_GRID,8d48c0e40d8f772193c4d463a8b46286d15f80789b4a1d43d3081dd3fb6eca95,2026-09-18T07:07:00+00:00,2026-09-18 12:07:00,62.9,1008.3,71
15.6,23.0,68.0,1426.0,414.0,64.4,8.0,5.4,1.4,444.0,192.2,4.3,6.2,78.3,31.4,23.48,False,4095,0.0,96.9,588.7,EXT-OPEN-METEO-KHI,KARACHI,OPENSOURCE_API_GRID,429,,,,0.95,True,True,TIER2_OPENSOURCE_PURE;CONTINUOUS_MINUTE_STREAM;VERIFIED_MODEL_GRID,a6e09e89c406b2d125d1b58f31e8255708ead4e9a7cebc1c470494038a917e38,2026-09-18T07:08:00+00:00,2026-09-18 12:08:00,62.9,1008.3,71
15.6,23.0,68.1,1426.0,414.0,64.4,8.0,5.4,1.4,444.1,192.2,4.3,6.2,78.3,31.4,23.48,False,4095,0.0,96.1,589.6,EXT-OPEN-METEO-KHI,KARACHI,OPENSOURCE_API_GRID,430,,,,0.95,True,True,TIER2_OPENSOURCE_PURE;CONTINUOUS_MINUTE_STREAM;VERIFIED_MODEL_GRID,aee65d7ba90b0b80b08869b43f3f698084964a24ce9c35f7d07827199b12fde8,2026-09-18T07:09:00+00:00,2026-09-18 12:09:00,62.9,1008.3,71
15.7,23.1,68.2,1432.2,415.8,64.7,8.1,5.5,1.4,444.1,192.3,4.3,6.2,78.4,31.4,23.48,False,4095,0.0,95.2,590.6,EXT-OPEN-METEO-KHI,KARACHI,OPENSOURCE_API_GRID,431,,,,0.95,True,True,TIER2_OPENSOURCE_PURE;CONTINUOUS_MINUTE_STREAM;VERIFIED_MODEL_GRID,59617de19bb4019cda9f6cdd3300bebfb2a639f2e862ae56b4301ae12f29d2a8,2026-09-18T07:10:00+00:00,2026-09-18 12:10:00,62.9,1008.2,71
15.7,23.1,68.2,1432.2,415.8,64.7,8.1,5.5,1.4,444.1,192.3,4.3,6.2,78.5,31.4,23.48,False,4095,0.0,94.3,591.7,EXT-OPEN-METEO-KHI,KARACHI,OPENSOURCE_API_GRID,432,,,,0.95,True,True,TIER2_OPENSOURCE_PURE;CONTINUOUS_MINUTE_STREAM;VERIFIED_MODEL_GRID,2d846bce9b2a8b25c0adbfc1e3ee5ccbed9b816b531c82760e944b0d6a7db591,2026-09-18T07:11:00+00:00,2026-09-18 12:11:00,62.9,1008.2,71
15.8,23.2,68.3,1438.4,417.6,65.0,8.1,5.5,1.4,444.1,192.4,4.3,6.2,78.6,31.4,23.48,False,4095,0.0,93.2,592.9,EXT-OPEN-METEO-KHI,KARACHI,OPENSOURCE_API_GRID,433,,,,0.95,True,True,TIER2_OPENSOURCE_PURE;CONTINUOUS_MINUTE_STREAM;VERIFIED_MODEL_GRID,069bfcae6e0d34aa5ede1d15c1f342a1382fb5ccef8fd3f2df961010892e4fc4,2026-09-18T07:12:00+00:00,2026-09-18 12:12:00,62.9,1008.2,71
15.8,23.2,68.4,1438.4,417.6,65.0,8.1,5.5,1.4,444.1,192.4,4.3,6.2,78.7,31.4,23.48,False,4095,0.0,92.1,594.2,EXT-OPEN-METEO-KHI,KARACHI,OPENSOURCE_API_GRID,434,,,,0.95,True,True,TIER2_OPENSOURCE_PURE;CONTINUOUS_MINUTE_STREAM;VERIFIED_MODEL_GRID,ba439c45721519793f37afc4c393c873395beed60901f89265d29921655f35b9,2026-09-18T07:13:00+00:00,2026-09-18 12:13:00,62.9,1008.2,71
15.8,23.2,68.3,1438.4,417.6,65.0,8.1,5.5,1.4,444.1,192.5,4.3,6.2,78.8,31.4,23.51,False,4095,0.0,90.9,595.6,EXT-OPEN-METEO-KHI,KARACHI,OPENSOURCE_API_GRID,435,,,,0.95,True,True,TIER2_OPENSOURCE_PURE;CONTINUOUS_MINUTE_STREAM;VERIFIED_MODEL_GRID,7cb423a4ca9cbcd6f096c7e995c43aaefe351d86548070d332f6930a2a6acb79,2026-09-18T07:14:00+00:00,2026-09-18 12:14:00,63.0,1008.2,71
15.8,23.2,68.4,1438.4,417.6,65.0,8.1,5.5,1.4,444.1,192.6,4.3,6.2,78.9,31.4,23.51,False,4095,0.0,89.6,597.0,EXT-OPEN-METEO-KHI,KARACHI,OPENSOURCE_API_GRID,436,,,,0.95,True,True,TIER2_OPENSOURCE_PURE;CONTINUOUS_MINUTE_STREAM;VERIFIED_MODEL_GRID,ab7c18be0769da268f6a9cfe88bd323917a52e0512d5ecf97a8c8f8711494a0f,2026-09-18T07:15:00+00:00,2026-09-18 12:15:00,63.0,1008.2,71
15.8,23.3,68.4,1444.6,419.4,65.2,8.2,5.5,1.4,444.2,192.7,4.3,6.2,79.0,31.5,23.6,False,4095,0.0,88.3,598.5,EXT-OPEN-METEO-KHI,KARACHI,OPENSOURCE_API_GRID,437,,,,0.95,True,True,TIER2_OPENSOURCE_PURE;CONTINUOUS_MINUTE_STREAM;VERIFIED_MODEL_GRID,c737b84a3be98a20a6ed46def049fb95ba5745cd026bf1a215a3bbf7b2f14e43,2026-09-18T07:16:00+00:00,2026-09-18 12:16:00,63.0,1008.2,71
15.8,23.3,68.5,1444.6,419.4,65.2,8.2,5.5,1.4,444.2,192.7,4.2,6.2,79.1,31.5,23.58,False,4095,0.0,86.8,600.1,EXT-OPEN-METEO-KHI,KARACHI,OPENSOURCE_API_GRID,438,,,,0.95,True,True,TIER2_OPENSOURCE_PURE;CONTINUOUS_MINUTE_STREAM;VERIFIED_MODEL_GRID,9ef1ae4d217303ff042db83ca12108108089fb99f7082a5b6d6a0275cce5c8bd,2026-09-18T07:17:00+00:00,2026-09-18 12:17:00,62.9,1008.2,71
15.9,23.4,68.6,1450.8,421.2,65.5,8.2,5.5,1.4,444.2,192.8,4.2,6.2,79.2,31.5,23.58,False,4095,0.0,85.4,601.8,EXT-OPEN-METEO-KHI,KARACHI,OPENSOURCE_API_GRID,439,,,,0.95,True,True,TIER2_OPENSOURCE_PURE;CONTINUOUS_MINUTE_STREAM;VERIFIED_MODEL_GRID,2c1a4abcece2db3d5629fbf1ba2395a67620968dd61189699a866ca0f5ca2d7e,2026-09-18T07:18:00+00:00,2026-09-18 12:18:00,62.9,1008.2,71
15.9,23.4,68.6,1450.8,421.2,65.5,8.2,5.5,1.4,444.2,192.9,4.2,6.2,79.4,31.5,23.58,False,4095,0.0,83.8,603.6,EXT-OPEN-METEO-KHI,KARACHI,OPENSOURCE_API_GRID,440,,,,0.95,True,True,TIER2_OPENSOURCE_PURE;CONTINUOUS_MINUTE_STREAM;VERIFIED_MODEL_GRID,8b5664598ff2c0da6ccb821d34dd0499d952cdfc06ae97a5aa36067243157ca8,2026-09-18T07:19:00+00:00,2026-09-18 12:19:00,62.9,1008.2,71
15.9,23.4,68.7,1450.8,421.2,65.5,8.2,5.5,1.4,444.2,193.0,4.2,6.2,79.5,31.5,23.55,False,4095,0.0,82.2,605.4,EXT-OPEN-METEO-KHI,KARACHI,OPENSOURCE_API_GRID,441,,,,0.95,True,True,TIER2_OPENSOURCE_PURE;CONTINUOUS_MINUTE_STREAM;VERIFIED_MODEL_GRID,3b01cb671fda074fffa19419f256e8ca362bd15ba3f9755567ab464b6e2b6378,2026-09-18T07:20:00+00:00,2026-09-18 12:20:00,62.8,1008.1,71
15.9,23.4,68.7,1450.8,421.2,65.5,8.2,5.5,1.4,444.3,193.1,4.2,6.2,79.6,31.5,23.55,False,4095,0.0,80.6,607.2,EXT-OPEN-METEO-KHI,KARACHI,OPENSOURCE_API_GRID,442,,,,0.95,True,True,TIER2_OPENSOURCE_PURE;CONTINUOUS_MINUTE_STREAM;VERIFIED_MODEL_GRID,40b89f7242f3583ad7255d9e98cc2eed99495b9a1768e816d7c27a1958bf3fc6,2026-09-18T07:21:00+00:00,2026-09-18 12:21:00,62.8,1008.1,71
15.9,23.4,68.7,1450.8,421.2,65.5,8.2,5.5,1.4,444.3,193.2,4.2,6.2,79.8,31.5,23.52,False,4095,0.0,78.9,609.1,EXT-OPEN-METEO-KHI,KARACHI,OPENSOURCE_API_GRID,443,,,,0.95,True,True,TIER2_OPENSOURCE_PURE;CONTINUOUS_MINUTE_STREAM;VERIFIED_MODEL_GRID,8df02f09936c5698d18354d34f46481679187eccd7efa9a4513ef3db4e75f7d3,2026-09-18T07:22:00+00:00,2026-09-18 12:22:00,62.7,1008.1,71
15.9,23.4,68.7,1450.8,421.2,65.5,8.2,5.5,1.4,444.3,193.3,4.2,6.2,79.9,31.5,23.52,False,4095,0.0,77.2,611.1,EXT-OPEN-METEO-KHI,KARACHI,OPENSOURCE_API_GRID,444,,,,0.95,True,True,TIER2_OPENSOURCE_PURE;CONTINUOUS_MINUTE_STREAM;VERIFIED_MODEL_GRID,0a4f64f363f6a0c333dc558003733bb99d9f9b57c55c07849a8fb9a743db2dc4,2026-09-18T07:23:00+00:00,2026-09-18 12:23:00,62.7,1008.1,71
15.9,23.4,68.7,1450.8,421.2,65.5,8.2,5.5,1.4,444.3,193.4,4.2,6.2,80.1,31.5,23.5,False,4095,0.0,75.5,613.0,EXT-OPEN-METEO-KHI,KARACHI,OPENSOURCE_API_GRID,445,,,,0.95,True,True,TIER2_OPENSOURCE_PURE;CONTINUOUS_MINUTE_STREAM;VERIFIED_MODEL_GRID,544a12ba4b676140f33275113e26ba659a865b0853b01d3198bf590000c462e2,2026-09-18T07:24:00+00:00,2026-09-18 12:24:00,62.6,1008.1,71
15.9,23.4,68.7,1450.8,421.2,65.5,8.2,5.5,1.4,444.4,193.5,4.2,6.2,80.2,31.5,23.5,False,4095,0.0,73.7,615.1,EXT-OPEN-METEO-KHI,KARACHI,OPENSOURCE_API_GRID,446,,,,0.95,True,True,TIER2_OPENSOURCE_PURE;CONTINUOUS_MINUTE_STREAM;VERIFIED_MODEL_GRID,a191a4e1ce6e60faabbaae449ecfc3428e826fe560b7c39d99e8ecdca1f71cef,2026-09-18T07:25:00+00:00,2026-09-18 12:25:00,62.6,1008.1,71
15.9,23.4,68.6,1450.8,421.2,65.5,8.2,5.5,1.4,444.4,193.6,4.2,6.2,80.4,31.5,23.47,False,4095,0.0,71.9,617.1,EXT-OPEN-METEO-KHI,KARACHI,OPENSOURCE_API_GRID,447,,,,0.95,True,True,TIER2_OPENSOURCE_PURE;CONTINUOUS_MINUTE_STREAM;VERIFIED_MODEL_GRID,e7a9c644da4233dc92b46b57f9807a4b4778f391c90eb327242545d5b5fde578,2026-09-18T07:26:00+00:00,2026-09-18 12:26:00,62.5,1008.0,71
15.9,23.4,68.6,1450.8,421.2,65.5,8.2,5.5,1.4,444.4,193.7,4.2,6.2,80.5,31.5,23.47,False,4095,0.0,70.1,619.2,EXT-OPEN-METEO-KHI,KARACHI,OPENSOURCE_API_GRID,448,,,,0.95,True,True,TIER2_OPENSOURCE_PURE;CONTINUOUS_MINUTE_STREAM;VERIFIED_MODEL_GRID,4918459d9a16901b4b6f43134fd639149877a32fd97788c5551138732e7fefe7,2026-09-18T07:27:00+00:00,2026-09-18 12:27:00,62.5,1008.0,71
15.8,23.3,68.5,1444.6,419.4,65.2,8.2,5.5,1.4,444.4,193.8,4.2,6.2,80.7,31.5,23.45,False,4095,0.0,68.2,621.3,EXT-OPEN-METEO-KHI,KARACHI,OPENSOURCE_API_GRID,449,,,,0.95,True,True,TIER2_OPENSOURCE_PURE;CONTINUOUS_MINUTE_STREAM;VERIFIED_MODEL_GRID,ba0c0d172d0cfcd654b08f85ba5e9cf6340617504fad2639257839d64ff79681,2026-09-18T07:28:00+00:00,2026-09-18 12:28:00,62.4,1008.0,71
15.8,23.3,68.5,1444.6,419.4,65.2,8.2,5.5,1.4,444.5,193.9,4.2,6.2,80.8,31.5,23.45,False,4095,0.0,66.4,623.4,EXT-OPEN-METEO-KHI,KARACHI,OPENSOURCE_API_GRID,450,,,,0.95,True,True,TIER2_OPENSOURCE_PURE;CONTINUOUS_MINUTE_STREAM;VERIFIED_MODEL_GRID,38f5db51b45b22c8a6d57fbd19208b7a760ac6c0fac69d37dd598fffa8a6264d,2026-09-18T07:29:00+00:00,2026-09-18 12:29:00,62.4,1008.0,71
15.8,23.3,68.4,1444.6,419.4,65.2,8.2,5.5,1.4,444.5,194.0,4.1,6.1,81.0,31.5,23.45,False,4095,0.0,64.5,625.5,EXT-OPEN-METEO-KHI,KARACHI,OPENSOURCE_API_GRID,451,,,,0.95,True,True,TIER2_OPENSOURCE_PURE;CONTINUOUS_MINUTE_STREAM;VERIFIED_MODEL_GRID,eaf6d894088d08e93b842e5b325ac26550127b1b812540e763da66a81185de85,2026-09-18T07:30:00+00:00,2026-09-18 12:30:00,62.4,1008.0,71
15.8,23.2,68.4,1438.4,417.6,65.0,8.1,5.5,1.4,444.5,194.1,4.1,6.1,81.2,31.5,23.42,False,4095,0.0,62.6,627.6,EXT-OPEN-METEO-KHI,KARACHI,OPENSOURCE_API_GRID,452,,,,0.95,True,True,TIER2_OPENSOURCE_PURE;CONTINUOUS_MINUTE_STREAM;VERIFIED_MODEL_GRID,e5db85bca44f905e97090ae0dae314c7a67eb2cabb026f878a7a2ac24d805f90,2026-09-18T07:31:00+00:00,2026-09-18 12:31:00,62.3,1007.9,71
15.8,23.2,68.4,1438.4,417.6,65.0,8.1,5.5,1.4,444.6,194.2,4.1,6.1,81.3,31.5,23.42,False,4095,0.0,60.8,629.7,EXT-OPEN-METEO-KHI,KARACHI,OPENSOURCE_API_GRID,453,,,,0.95,True,True,TIER2_OPENSOURCE_PURE;CONTINUOUS_MINUTE_STREAM;VERIFIED_MODEL_GRID,25446ac070d29e0a60824e6489ef00c75a952b788c9790611d580b2ce49501f8,2026-09-18T07:32:00+00:00,2026-09-18 12:32:00,62.3,1007.9,71
15.8,23.2,68.3,1438.4,417.6,65.0,8.1,5.5,1.4,444.6,194.3,4.1,6.1,81.5,31.5,23.42,False,4095,0.0,58.9,631.8,EXT-OPEN-METEO-KHI,KARACHI,OPENSOURCE_API_GRID,454,,,,0.95,True,True,TIER2_OPENSOURCE_PURE;CONTINUOUS_MINUTE_STREAM;VERIFIED_MODEL_GRID,8df05c044d0b3333109b921d817e4701cb4797951d5837be9beb3211dba65bde,2026-09-18T07:33:00+00:00,2026-09-18 12:33:00,62.3,1007.9,71
15.8,23.2,68.3,1438.4,417.6,65.0,8.1,5.5,1.4,444.6,194.4,4.1,6.1,81.6,31.5,23.39,False,4095,0.0,57.1,633.9,EXT-OPEN-METEO-KHI,KARACHI,OPENSOURCE_API_GRID,455,,,,0.95,True,True,TIER2_OPENSOURCE_PURE;CONTINUOUS_MINUTE_STREAM;VERIFIED_MODEL_GRID,168b51b0b4739c2a954aef67e77c2b494b769fb12da3fcfbb0dc4295f56d83ea,2026-09-18T07:34:00+00:00,2026-09-18 12:34:00,62.2,1007.9,71
15.8,23.2,68.3,1438.4,417.6,65.0,8.1,5.5,1.4,444.6,194.5,4.1,6.1,81.8,31.5,23.39,False,4095,0.0,55.3,635.9,EXT-OPEN-METEO-KHI,KARACHI,OPENSOURCE_API_GRID,456,,,,0.95,True,True,TIER2_OPENSOURCE_PURE;CONTINUOUS_MINUTE_STREAM;VERIFIED_MODEL_GRID,b6db1fbbfdf66215229d12fcd561b3c2a60b318cf3df490946e6c1b5d1a31183,2026-09-18T07:35:00+00:00,2026-09-18 12:35:00,62.2,1007.9,71
15.8,23.2,68.4,1438.4,417.6,65.0,8.1,5.5,1.4,444.7,194.6,4.1,6.1,81.9,31.5,23.39,False,4095,0.0,53.5,638.0,EXT-OPEN-METEO-KHI,KARACHI,OPENSOURCE_API_GRID,457,,,,0.95,True,True,TIER2_OPENSOURCE_PURE;CONTINUOUS_MINUTE_STREAM;VERIFIED_MODEL_GRID,31518d481c9643012e4a63f5e2785b5da2e07c6fe69e334a37df18b9fc305b58,2026-09-18T07:36:00+00:00,2026-09-18 12:36:00,62.2,1007.8,71
15.8,23.3,68.4,1444.6,419.4,65.2,8.2,5.5,1.4,444.7,194.7,4.1,6.1,82.1,31.5,23.39,False,4095,0.0,51.8,639.9,EXT-OPEN-METEO-KHI,KARACHI,OPENSOURCE_API_GRID,458,,,,0.95,True,True,TIER2_OPENSOURCE_PURE;CONTINUOUS_MINUTE_STREAM;VERIFIED_MODEL_GRID,02ef2ecabf188b7eab6e9f3c7f501ad73242da7c0f23ecab837ed8fdea796c9f,2026-09-18T07:37:00+00:00,2026-09-18 12:37:00,62.2,1007.8,71
15.8,23.3,68.4,1444.6,419.4,65.2,8.2,5.5,1.4,444.7,194.8,4.1,6.1,82.2,31.5,23.39,False,4095,0.0,50.1,641.9,EXT-OPEN-METEO-KHI,KARACHI,OPENSOURCE_API_GRID,459,,,,0.95,True,True,TIER2_OPENSOURCE_PURE;CONTINUOUS_MINUTE_STREAM;VERIFIED_MODEL_GRID,2e0aa08e8e480942d2bcf0be5ae886befb43e48f95bbca8dc0afdc498923062c,2026-09-18T07:38:00+00:00,2026-09-18 12:38:00,62.2,1007.8,71
15.8,23.3,68.5,1444.6,419.4,65.2,8.2,5.5,1.4,444.7,194.9,4.1,6.1,82.4,31.5,23.39,False,4095,0.0,48.4,643.8,EXT-OPEN-METEO-KHI,KARACHI,OPENSOURCE_API_GRID,460,,,,0.95,True,True,TIER2_OPENSOURCE_PURE;CONTINUOUS_MINUTE_STREAM;VERIFIED_MODEL_GRID,f526b30cbc7891bcbd5ca8a2b00660e3371458507d6e14017376d71e0753ce70,2026-09-18T07:39:00+00:00,2026-09-18 12:39:00,62.2,1007.8,71
15.9,23.4,68.6,1450.8,421.2,65.5,8.2,5.5,1.4,444.8,195.0,4.1,6.1,82.5,31.5,23.39,False,4095,0.0,46.8,645.6,EXT-OPEN-METEO-KHI,KARACHI,OPENSOURCE_API_GRID,461,,,,0.95,True,True,TIER2_OPENSOURCE_PURE;CONTINUOUS_MINUTE_STREAM;VERIFIED_MODEL_GRID,97d7bd622da2308677a9aa23bf906dc586a49b0b05b7b0d74335aeba1c15d36f,2026-09-18T07:40:00+00:00,2026-09-18 12:40:00,62.2,1007.8,71
15.9,23.4,68.7,1450.8,421.2,65.5,8.2,5.5,1.4,444.8,195.1,4.1,6.1,82.6,31.5,23.39,False,4095,0.0,45.2,647.4,EXT-OPEN-METEO-KHI,KARACHI,OPENSOURCE_API_GRID,462,,,,0.95,True,True,TIER2_OPENSOURCE_PURE;CONTINUOUS_MINUTE_STREAM;VERIFIED_MODEL_GRID,4dfb28b89a0cccd400f748c7a22a0c295b60b6eefcdb9ce5f4131ad74d1a2207,2026-09-18T07:41:00+00:00,2026-09-18 12:41:00,62.2,1007.8,71
16.0,23.5,68.7,1457.0,423.0,65.8,8.2,5.5,1.4,444.8,195.2,4.1,6.1,82.8,31.5,23.39,False,4095,0.0,43.6,649.2,EXT-OPEN-METEO-KHI,KARACHI,OPENSOURCE_API_GRID,463,,,,0.95,True,True,TIER2_OPENSOURCE_PURE;CONTINUOUS_MINUTE_STREAM;VERIFIED_MODEL_GRID,656e7f6d7c5d964eb7f699ba75356ebe678f0ff840c941d5e58537e75e8e4f34,2026-09-18T07:42:00+00:00,2026-09-18 12:42:00,62.2,1007.7,71
16.0,23.5,68.8,1457.0,423.0,65.8,8.2,5.5,1.4,444.8,195.3,4.1,6.1,82.9,31.5,23.39,False,4095,0.0,42.2,650.9,EXT-OPEN-METEO-KHI,KARACHI,OPENSOURCE_API_GRID,464,,,,0.95,True,True,TIER2_OPENSOURCE_PURE;CONTINUOUS_MINUTE_STREAM;VERIFIED_MODEL_GRID,9b62b4fb8b2679dd9348e8e1c6180996e8f19ac2a7423f8a5b2671e4293e3cbd,2026-09-18T07:43:00+00:00,2026-09-18 12:43:00,62.2,1007.7,71
16.0,23.6,68.9,1463.2,424.8,66.1,8.3,5.5,1.4,444.8,195.3,4.0,6.1,83.0,31.6,23.49,False,4095,0.0,40.7,652.5,EXT-OPEN-METEO-KHI,KARACHI,OPENSOURCE_API_GRID,465,,,,0.95,True,True,TIER2_OPENSOURCE_PURE;CONTINUOUS_MINUTE_STREAM;VERIFIED_MODEL_GRID,e164998da82fbf857873c3f66721af76ff1d2ff990b533f45aba1df127a0c6cb,2026-09-18T07:44:00+00:00,2026-09-18 12:44:00,62.2,1007.7,71
16.0,23.5,68.8,1457.0,423.0,65.8,8.2,5.5,1.4,444.9,195.4,4.0,6.1,83.1,31.6,23.51,False,4095,0.0,39.4,654.0,EXT-OPEN-METEO-KHI,KARACHI,OPENSOURCE_API_GRID,466,,,,0.95,True,True,TIER2_OPENSOURCE_PURE;CONTINUOUS_MINUTE_STREAM;VERIFIED_MODEL_GRID,61bed929e62ad0d89a553c003edc9329a1b288f9bfda3e3c2c55a5af365869c7,2026-09-18T07:45:00+00:00,2026-09-18 12:45:00,62.3,1007.7,71
16.0,23.6,68.9,1463.2,424.8,66.1,8.3,5.5,1.4,444.9,195.5,4.0,6.1,83.2,31.6,23.51,False,4095,0.0,38.1,655.4,EXT-OPEN-METEO-KHI,KARACHI,OPENSOURCE_API_GRID,467,,,,0.95,True,True,TIER2_OPENSOURCE_PURE;CONTINUOUS_MINUTE_STREAM;VERIFIED_MODEL_GRID,f0237ffd2cafcdbc62bf542930c7f5f86369417309538a8b47ca33abf4624608,2026-09-18T07:46:00+00:00,2026-09-18 12:46:00,62.3,1007.7,71
16.0,23.6,69.0,1463.2,424.8,66.1,8.3,5.5,1.4,444.9,195.6,4.0,6.1,83.3,31.6,23.51,False,4095,0.0,36.9,656.8,EXT-OPEN-METEO-KHI,KARACHI,OPENSOURCE_API_GRID,468,,,,0.95,True,True,TIER2_OPENSOURCE_PURE;CONTINUOUS_MINUTE_STREAM;VERIFIED_MODEL_GRID,4839225fc81669124446f6904d28ab57e8e7a17c65174c40feb558d17d20a915,2026-09-18T07:47:00+00:00,2026-09-18 12:47:00,62.3,1007.7,71
16.1,23.7,69.0,1469.4,426.6,66.4,8.3,5.5,1.4,444.9,195.6,4.0,6.1,83.4,31.6,23.49,False,4095,0.0,35.8,658.1,EXT-OPEN-METEO-KHI,KARACHI,OPENSOURCE_API_GRID,469,,,,0.95,True,True,TIER2_OPENSOURCE_PURE;CONTINUOUS_MINUTE_STREAM;VERIFIED_MODEL_GRID,351f6b769208e8c643cd6d58c618182f000ccef8a8d52e34ad4e30151cdf3ca3,2026-09-18T07:48:00+00:00,2026-09-18 12:48:00,62.2,1007.7,71
16.1,23.7,69.1,1469.4,426.6,66.4,8.3,5.5,1.4,444.9,195.7,4.0,6.1,83.5,31.6,23.49,False,4095,0.0,34.7,659.3,EXT-OPEN-METEO-KHI,KARACHI,OPENSOURCE_API_GRID,470,,,,0.95,True,True,TIER2_OPENSOURCE_PURE;CONTINUOUS_MINUTE_STREAM;VERIFIED_MODEL_GRID,7c17a981ad65c9b0a4f0a32d3c0dd84d37bd8655f996df32784e038a3f1498ef,2026-09-18T07:49:00+00:00,2026-09-18 12:49:00,62.2,1007.7,71
16.1,23.7,69.1,1469.4,426.6,66.4,8.3,5.5,1.4,444.9,195.7,4.0,6.1,83.6,31.6,23.49,False,4095,0.0,33.8,660.4,EXT-OPEN-METEO-KHI,KARACHI,OPENSOURCE_API_GRID,471,,,,0.95,True,True,TIER2_OPENSOURCE_PURE;CONTINUOUS_MINUTE_STREAM;VERIFIED_MODEL_GRID,137d928c5647f97fb409ebcac8721c38308f43517b7420f62e1e2476c4230d5c,2026-09-18T07:50:00+00:00,2026-09-18 12:50:00,62.2,1007.7,71
16.2,23.8,69.2,1475.6,428.4,66.6,8.3,5.5,1.4,444.9,195.8,4.0,6.1,83.7,31.6,23.46,False,4095,0.0,32.9,661.4,EXT-OPEN-METEO-KHI,KARACHI,OPENSOURCE_API_GRID,472,,,,0.95,True,True,TIER2_OPENSOURCE_PURE;CONTINUOUS_MINUTE_STREAM;VERIFIED_MODEL_GRID,c22bfe7cf3fc76f453c007e27948b6de045bdcbb4ffb6a15bfb08031afb9d605,2026-09-18T07:51:00+00:00,2026-09-18 12:51:00,62.1,1007.7,71
16.2,23.8,69.2,1475.6,428.4,66.6,8.3,5.5,1.4,445.0,195.8,4.0,6.1,83.7,31.6,23.46,False,4095,0.0,32.1,662.3,EXT-OPEN-METEO-KHI,KARACHI,OPENSOURCE_API_GRID,473,,,,0.95,True,True,TIER2_OPENSOURCE_PURE;CONTINUOUS_MINUTE_STREAM;VERIFIED_MODEL_GRID,82e2cca31cb2e073096bfc50641862175a7717adddb27f71334f2566b0f61d04,2026-09-18T07:52:00+00:00,2026-09-18 12:52:00,62.1,1007.6,71
16.2,23.8,69.2,1475.6,428.4,66.6,8.3,5.5,1.4,445.0,195.9,4.0,6.1,83.8,31.6,23.46,False,4095,0.0,31.4,663.1,EXT-OPEN-METEO-KHI,KARACHI,OPENSOURCE_API_GRID,474,,,,0.95,True,True,TIER2_OPENSOURCE_PURE;CONTINUOUS_MINUTE_STREAM;VERIFIED_MODEL_GRID,bd9ec7fba3e89b8cab9dc66ccff52b719e6f2cb6233b8f4c7243f5c26ae3a465,2026-09-18T07:53:00+00:00,2026-09-18 12:53:00,62.1,1007.6,71
16.2,23.8,69.2,1475.6,428.4,66.6,8.3,5.5,1.4,445.0,195.9,4.0,6.1,83.9,31.6,23.43,False,4095,0.0,30.7,663.8,EXT-OPEN-METEO-KHI,KARACHI,OPENSOURCE_API_GRID,475,,,,0.95,True,True,TIER2_OPENSOURCE_PURE;CONTINUOUS_MINUTE_STREAM;VERIFIED_MODEL_GRID,c481a604492e3a5f924dad95295f2ba436b35654035664b05ee0ee3512260481,2026-09-18T07:54:00+00:00,2026-09-18 12:54:00,62.0,1007.6,71
16.2,23.8,69.1,1475.6,428.4,66.6,8.3,5.5,1.4,445.0,195.9,4.0,6.1,83.9,31.6,23.43,False,4095,0.0,30.2,664.4,EXT-OPEN-METEO-KHI,KARACHI,OPENSOURCE_API_GRID,476,,,,0.95,True,True,TIER2_OPENSOURCE_PURE;CONTINUOUS_MINUTE_STREAM;VERIFIED_MODEL_GRID,463f50fc703ca3f1938725a82433759f3c95871797416dd03ab4326ad6a535ed,2026-09-18T07:55:00+00:00,2026-09-18 12:55:00,62.0,1007.6,71
16.1,23.7,69.1,1469.4,426.6,66.4,8.3,5.5,1.4,445.0,196.0,4.0,6.1,83.9,31.6,23.43,False,4095,0.0,29.8,664.9,EXT-OPEN-METEO-KHI,KARACHI,OPENSOURCE_API_GRID,477,,,,0.95,True,True,TIER2_OPENSOURCE_PURE;CONTINUOUS_MINUTE_STREAM;VERIFIED_MODEL_GRID,240dd875557597b7221ba7ba051590a3b11bf1cc38daff4133942afdf1ac16c9,2026-09-18T07:56:00+00:00,2026-09-18 12:56:00,62.0,1007.6,71
16.1,23.7,69.0,1469.4,426.6,66.4,8.3,5.5,1.4,445.0,196.0,4.0,6.1,84.0,31.6,23.41,False,4095,0.0,29.4,665.3,EXT-OPEN-METEO-KHI,KARACHI,OPENSOURCE_API_GRID,478,,,,0.95,True,True,TIER2_OPENSOURCE_PURE;CONTINUOUS_MINUTE_STREAM;VERIFIED_MODEL_GRID,834e4698b047d713e054332869d6514ff80bcb435a9841074cf7e731a5bb8b32,2026-09-18T07:57:00+00:00,2026-09-18 12:57:00,61.9,1007.6,71
16.0,23.6,69.0,1463.2,424.8,66.1,8.3,5.5,1.4,445.0,196.0,4.0,6.1,84.0,31.6,23.41,False,4095,0.0,29.2,665.6,EXT-OPEN-METEO-KHI,KARACHI,OPENSOURCE_API_GRID,479,,,,0.95,True,True,TIER2_OPENSOURCE_PURE;CONTINUOUS_MINUTE_STREAM;VERIFIED_MODEL_GRID,6f3ccbcb2dd0d5b0763a0ca4089b7734619a8f4ffc9260146f9649474e2767b4,2026-09-18T07:58:00+00:00,2026-09-18 12:58:00,61.9,1007.6,71
16.0,23.6,68.9,1463.2,424.8,66.1,8.3,5.5,1.4,445.0,196.0,4.0,6.1,84.0,31.6,23.41,False,4095,0.0,29.0,665.7,EXT-OPEN-METEO-KHI,KARACHI,OPENSOURCE_API_GRID,480,,,,0.95,True,True,TIER2_OPENSOURCE_PURE;CONTINUOUS_MINUTE_STREAM;VERIFIED_MODEL_GRID,251839a5fe1efeca95617083a61aa821b069d3aa7f3211fdc703dd47d1873e06,2026-09-18T07:59:00+00:00,2026-09-18 12:59:00,61.9,1007.6,71
16.0,23.6,68.8,1463.2,424.8,66.1,8.3,5.5,1.4,445.0,196.0,4.0,6.1,84.0,31.6,23.41,False,4095,0.0,29.0,665.8,EXT-OPEN-METEO-KHI,KARACHI,OPENSOURCE_API_GRID,481,,,,0.95,True,False,TIER2_OPENSOURCE_PURE;HOURLY_NODE;VERIFIED_MODEL_GRID,8b9a7df106ca3ebfc54be46471a3cfe8eed9bd20b73e7e97c71bd01ce8ec4e72,2026-09-18T08:00:00+00:00,2026-09-18 13:00:00,61.9,1007.6,71
16.0,23.5,68.8,1457.0,423.0,65.8,8.2,5.5,1.4,445.0,196.0,4.0,6.1,84.0,31.6,23.41,False,4095,0.0,29.0,665.8,EXT-OPEN-METEO-KHI,KARACHI,OPENSOURCE_API_GRID,482,,,,0.95,True,True,TIER2_OPENSOURCE_PURE;CONTINUOUS_MINUTE_STREAM;VERIFIED_MODEL_GRID,195374d009980a37c0c4c5454704f4b55ec0b85d507a71891efe1b6b6437e954,2026-09-18T08:01:00+00:00,2026-09-18 13:01:00,61.9,1007.6,71
16.0,23.5,68.7,1457.0,423.0,65.8,8.2,5.5,1.4,445.0,196.0,4.0,6.1,84.0,31.6,23.41,False,4095,0.0,29.0,665.9,EXT-OPEN-METEO-KHI,KARACHI,OPENSOURCE_API_GRID,483,,,,0.95,True,True,TIER2_OPENSOURCE_PURE;CONTINUOUS_MINUTE_STREAM;VERIFIED_MODEL_GRID,779de197d8fb9769d3c092d3d6a7d178476ca3c9dfc3a229ef0a52bab0f37c56,2026-09-18T08:02:00+00:00,2026-09-18 13:02:00,61.9,1007.6,71
16.0,23.5,68.7,1457.0,423.0,65.8,8.2,5.5,1.4,445.0,196.1,4.0,6.1,84.0,31.6,23.38,False,4095,0.0,29.0,666.1,EXT-OPEN-METEO-KHI,KARACHI,OPENSOURCE_API_GRID,484,,,,0.95,True,True,TIER2_OPENSOURCE_PURE;CONTINUOUS_MINUTE_STREAM;VERIFIED_MODEL_GRID,12f944aafc3b6c07a1a7e2c9b5fd6cd1306d0a10a04d593ed41d669d7c1ba53a,2026-09-18T08:03:00+00:00,2026-09-18 13:03:00,61.8,1007.6,71
15.9,23.4,68.7,1450.8,421.2,65.5,8.2,5.5,1.4,445.0,196.1,4.0,6.1,84.0,31.6,23.38,False,4095,0.0,28.9,666.4,EXT-OPEN-METEO-KHI,KARACHI,OPENSOURCE_API_GRID,485,,,,0.95,True,True,TIER2_OPENSOURCE_PURE;CONTINUOUS_MINUTE_STREAM;VERIFIED_MODEL_GRID,549390e53d01a1acb8cf0f730258ae9d4486cb47c6ced9c455f3eedbe000fca2,2026-09-18T08:04:00+00:00,2026-09-18 13:04:00,61.8,1007.6,71
15.9,23.4,68.7,1450.8,421.2,65.5,8.2,5.5,1.4,445.0,196.2,4.0,6.1,84.0,31.6,23.38,False,4095,0.0,28.9,666.7,EXT-OPEN-METEO-KHI,KARACHI,OPENSOURCE_API_GRID,486,,,,0.95,True,True,TIER2_OPENSOURCE_PURE;CONTINUOUS_MINUTE_STREAM;VERIFIED_MODEL_GRID,07723ce0285c83c328dea1c2b2f1bd4539bd178a1f0536a2bf1e67d3b41b8bc8,2026-09-18T08:05:00+00:00,2026-09-18 13:05:00,61.8,1007.6,71
15.9,23.4,68.7,1450.8,421.2,65.5,8.2,5.5,1.4,445.0,196.2,4.0,6.1,84.0,31.6,23.38,False,4095,0.0,28.9,667.1,EXT-OPEN-METEO-KHI,KARACHI,OPENSOURCE_API_GRID,487,,,,0.95,True,True,TIER2_OPENSOURCE_PURE;CONTINUOUS_MINUTE_STREAM;VERIFIED_MODEL_GRID,ea3c20fec238fac8eebf672cee0cb75386a30278d961fb4ce6f1044da0e20bdd,2026-09-18T08:06:00+00:00,2026-09-18 13:06:00,61.8,1007.6,71
15.9,23.4,68.7,1450.8,421.2,65.5,8.2,5.5,1.4,445.0,196.3,4.0,6.1,84.0,31.6,23.38,False,4095,0.0,28.8,667.5,EXT-OPEN-METEO-KHI,KARACHI,OPENSOURCE_API_GRID,488,,,,0.95,True,True,TIER2_OPENSOURCE_PURE;CONTINUOUS_MINUTE_STREAM;VERIFIED_MODEL_GRID,65772e3e7ec4dc01edaa8ad553633e710de1ce22b53385ff4f7b9165683fb3ce,2026-09-18T08:07:00+00:00,2026-09-18 13:07:00,61.8,1007.6,71
15.9,23.4,68.8,1450.8,421.2,65.5,8.2,5.5,1.4,445.0,196.4,4.0,6.1,84.0,31.6,23.38,False,4095,0.0,28.7,668.0,EXT-OPEN-METEO-KHI,KARACHI,OPENSOURCE_API_GRID,489,,,,0.95,True,True,TIER2_OPENSOURCE_PURE;CONTINUOUS_MINUTE_STREAM;VERIFIED_MODEL_GRID,bf52223b4ff520150874682559151ce2f6ad2a60e20eac1a681602638e4b9d5a,2026-09-18T08:08:00+00:00,2026-09-18 13:08:00,61.8,1007.6,71
16.0,23.5,68.8,1457.0,423.0,65.8,8.2,5.5,1.4,445.0,196.5,4.0,6.1,84.1,31.6,23.38,False,4095,0.0,28.7,668.6,EXT-OPEN-METEO-KHI,KARACHI,OPENSOURCE_API_GRID,490,,,,0.95,True,True,TIER2_OPENSOURCE_PURE;CONTINUOUS_MINUTE_STREAM;VERIFIED_MODEL_GRID,8c4209c9cc4215f8d793aa4fc502fbb938fbfa7915e3515a222ee97789708273,2026-09-18T08:09:00+00:00,2026-09-18 13:09:00,61.8,1007.6,71
16.0,23.5,68.9,1457.0,423.0,65.8,8.2,5.5,1.4,445.0,196.7,4.0,6.1,84.1,31.6,23.41,False,4095,0.0,28.6,669.2,EXT-OPEN-METEO-KHI,KARACHI,OPENSOURCE_API_GRID,491,,,,0.95,True,True,TIER2_OPENSOURCE_PURE;CONTINUOUS_MINUTE_STREAM;VERIFIED_MODEL_GRID,9780e4f1e6805869e3f9da7292e8652e111050597599eb6f017e2278d77e774b,2026-09-18T08:10:00+00:00,2026-09-18 13:10:00,61.9,1007.6,71
16.0,23.6,69.0,1463.2,424.8,66.1,8.3,5.5,1.4,445.0,196.8,4.0,6.1,84.1,31.6,23.41,False,4095,0.0,28.5,669.9,EXT-OPEN-METEO-KHI,KARACHI,OPENSOURCE_API_GRID,492,,,,0.95,True,True,TIER2_OPENSOURCE_PURE;CONTINUOUS_MINUTE_STREAM;VERIFIED_MODEL_GRID,452f443d668cf5f67acb8de535a967228b52403c8884a50da539ddc9f75facef,2026-09-18T08:11:00+00:00,2026-09-18 13:11:00,61.9,1007.5,71
16.0,23.6,69.1,1463.2,424.8,66.1,8.3,5.5,1.4,445.0,197.0,4.0,6.1,84.1,31.6,23.41,False,4095,0.0,28.4,670.7,EXT-OPEN-METEO-KHI,KARACHI,OPENSOURCE_API_GRID,493,,,,0.95,True,True,TIER2_OPENSOURCE_PURE;CONTINUOUS_MINUTE_STREAM;VERIFIED_MODEL_GRID,a87d0ee71e74947d4e5a0d9b2289416e175b85c602e0b3a8e78ec5425dbdd8e5,2026-09-18T08:12:00+00:00,2026-09-18 13:12:00,61.9,1007.5,71
16.1,23.7,69.2,1469.4,426.6,66.4,8.3,5.5,1.4,445.0,197.1,4.0,6.1,84.1,31.6,23.41,False,4095,0.0,28.3,671.5,EXT-OPEN-METEO-KHI,KARACHI,OPENSOURCE_API_GRID,494,,,,0.95,True,True,TIER2_OPENSOURCE_PURE;CONTINUOUS_MINUTE_STREAM;VERIFIED_MODEL_GRID,bc0066b3cddd2fb8ee4627efdf55b3d655d2674f4af47f20f54ea6d9294a051d,2026-09-18T08:13:00+00:00,2026-09-18 13:13:00,61.9,1007.5,71
16.1,23.7,69.3,1469.4,426.6,66.4,8.3,5.5,1.4,445.0,197.3,4.0,6.1,84.1,31.6,23.41,False,4095,0.0,28.2,672.4,EXT-OPEN-METEO-KHI,KARACHI,OPENSOURCE_API_GRID,495,,,,0.95,True,True,TIER2_OPENSOURCE_PURE;CONTINUOUS_MINUTE_STREAM;VERIFIED_MODEL_GRID,175d237faa4a4e2a2047ea3098584b0692972e1aa485ac1ae0b514f85761250d,2026-09-18T08:14:00+00:00,2026-09-18 13:14:00,61.9,1007.5,71
16.2,23.8,69.5,1475.6,428.4,66.6,8.3,5.6,1.4,445.0,197.5,4.0,6.1,84.1,31.6,23.41,False,4095,0.0,28.1,673.3,EXT-OPEN-METEO-KHI,KARACHI,OPENSOURCE_API_GRID,496,,,,0.95,True,True,TIER2_OPENSOURCE_PURE;CONTINUOUS_MINUTE_STREAM;VERIFIED_MODEL_GRID,87732e0259b1ab861b7d8c7c2104a097e80b680d8f0d204ff5c862ac241d0b58,2026-09-18T08:15:00+00:00,2026-09-18 13:15:00,61.9,1007.5,71
16.1,23.7,69.4,1469.4,426.6,66.4,8.3,5.6,1.4,445.0,197.7,4.0,6.1,84.2,31.6,23.43,False,4095,0.0,28.0,674.3,EXT-OPEN-METEO-KHI,KARACHI,OPENSOURCE_API_GRID,497,,,,0.95,True,True,TIER2_OPENSOURCE_PURE;CONTINUOUS_MINUTE_STREAM;VERIFIED_MODEL_GRID,c604bed5c76b19302a790efc1fb5e4dd3be4fd04d4e6dfba664a41b772b49648,2026-09-18T08:16:00+00:00,2026-09-18 13:16:00,62.0,1007.5,71
16.2,23.8,69.5,1475.6,428.4,66.6,8.3,5.6,1.4,445.0,197.9,4.1,6.1,84.2,31.6,23.43,False,4095,0.0,27.9,675.3,EXT-OPEN-METEO-KHI,KARACHI,OPENSOURCE_API_GRID,498,,,,0.95,True,True,TIER2_OPENSOURCE_PURE;CONTINUOUS_MINUTE_STREAM;VERIFIED_MODEL_GRID,54992680d1e15d2a4d644b93e498dad89b59a3fba62b0cc1292c99ff2bec89e2,2026-09-18T08:17:00+00:00,2026-09-18 13:17:00,62.0,1007.5,71
16.2,23.8,69.6,1475.6,428.4,66.6,8.3,5.6,1.4,445.0,198.1,4.1,6.1,84.2,31.6,23.41,False,4095,0.0,27.8,676.4,EXT-OPEN-METEO-KHI,KARACHI,OPENSOURCE_API_GRID,499,,,,0.95,True,True,TIER2_OPENSOURCE_PURE;CONTINUOUS_MINUTE_STREAM;VERIFIED_MODEL_GRID,a4d60f65fb696af9ea6c0c3903db98c08834504b096d8185e3d3a42b4c4b6152,2026-09-18T08:18:00+00:00,2026-09-18 13:18:00,61.9,1007.5,71
16.3,23.9,69.8,1481.8,430.2,66.9,8.4,5.6,1.4,445.0,198.3,4.1,6.1,84.2,31.7,23.5,False,4095,0.0,27.6,677.5,EXT-OPEN-METEO-KHI,KARACHI,OPENSOURCE_API_GRID,500,,,,0.95,True,True,TIER2_OPENSOURCE_PURE;CONTINUOUS_MINUTE_STREAM;VERIFIED_MODEL_GRID,3cc469783388036f535a9de3d560f27bc721eee17a2b682c69b7fab480d0777b,2026-09-18T08:19:00+00:00,2026-09-18 13:19:00,61.9,1007.4,71
16.3,23.9,69.9,1481.8,430.2,66.9,8.4,5.6,1.4,445.0,198.5,4.1,6.1,84.2,31.7,23.5,False,4095,0.0,27.5,678.6,EXT-OPEN-METEO-KHI,KARACHI,OPENSOURCE_API_GRID,501,,,,0.95,True,True,TIER2_OPENSOURCE_PURE;CONTINUOUS_MINUTE_STREAM;VERIFIED_MODEL_GRID,c1025a06323e3c6205a46aa72dd3e27b6e7e718bbe7166a36729dcf70965150f,2026-09-18T08:20:00+00:00,2026-09-18 13:20:00,61.9,1007.4,71
16.3,23.9,70.0,1481.8,430.2,66.9,8.4,5.6,1.4,445.0,198.7,4.1,6.1,84.3,31.7,23.47,False,4095,0.0,27.4,679.8,EXT-OPEN-METEO-KHI,KARACHI,OPENSOURCE_API_GRID,502,,,,0.95,True,True,TIER2_OPENSOURCE_PURE;CONTINUOUS_MINUTE_STREAM;VERIFIED_MODEL_GRID,dc31909ead83b5ead5ce515d287289447d409252072ad2e55b9e3c26e5202f52,2026-09-18T08:21:00+00:00,2026-09-18 13:21:00,61.8,1007.4,71
16.3,24.0,70.1,1488.0,432.0,67.2,8.4,5.6,1.4,445.0,199.0,4.1,6.1,84.3,31.7,23.47,False,4095,0.0,27.2,681.0,EXT-OPEN-METEO-KHI,KARACHI,OPENSOURCE_API_GRID,503,,,,0.95,True,True,TIER2_OPENSOURCE_PURE;CONTINUOUS_MINUTE_STREAM;VERIFIED_MODEL_GRID,af24706c1afed56e2dd2bc3fd1989abfb37c3d6c2533a7bce0a38777e9fd0f69,2026-09-18T08:22:00+00:00,2026-09-18 13:22:00,61.8,1007.4,71
16.3,24.0,70.2,1488.0,432.0,67.2,8.4,5.6,1.4,445.0,199.2,4.1,6.1,84.3,31.7,23.45,False,4095,0.0,27.1,682.3,EXT-OPEN-METEO-KHI,KARACHI,OPENSOURCE_API_GRID,504,,,,0.95,True,True,TIER2_OPENSOURCE_PURE;CONTINUOUS_MINUTE_STREAM;VERIFIED_MODEL_GRID,fbb9321dcc0cac6442989b303001206fce904514222ccc6c5bb63d9e4578689b,2026-09-18T08:23:00+00:00,2026-09-18 13:23:00,61.7,1007.4,71
16.3,24.0,70.2,1488.0,432.0,67.2,8.4,5.6,1.4,445.0,199.5,4.1,6.1,84.3,31.7,23.45,False,4095,0.0,26.9,683.6,EXT-OPEN-METEO-KHI,KARACHI,OPENSOURCE_API_GRID,505,,,,0.95,True,True,TIER2_OPENSOURCE_PURE;CONTINUOUS_MINUTE_STREAM;VERIFIED_MODEL_GRID,7774889f52a04363b8228a04f5c848ec38286cf9ae166fb6ec5a04d173e4768e,2026-09-18T08:24:00+00:00,2026-09-18 13:24:00,61.7,1007.4,71
16.3,24.0,70.3,1488.0,432.0,67.2,8.4,5.6,1.4,445.0,199.7,4.1,6.1,84.4,31.7,23.42,False,4095,0.0,26.8,684.8,EXT-OPEN-METEO-KHI,KARACHI,OPENSOURCE_API_GRID,506,,,,0.95,True,True,TIER2_OPENSOURCE_PURE;CONTINUOUS_MINUTE_STREAM;VERIFIED_MODEL_GRID,1c7f61b5791c1fc82915bc564d38ce4e86d59fb33a5459622bf56fd308d64076,2026-09-18T08:25:00+00:00,2026-09-18 13:25:00,61.6,1007.4,71
16.3,24.0,70.3,1488.0,432.0,67.2,8.4,5.6,1.4,445.0,200.0,4.1,6.1,84.4,31.7,23.42,False,4095,0.0,26.6,686.2,EXT-OPEN-METEO-KHI,KARACHI,OPENSOURCE_API_GRID,507,,,,0.95,True,True,TIER2_OPENSOURCE_PURE;CONTINUOUS_MINUTE_STREAM;VERIFIED_MODEL_GRID,cb6246117c5eb2ce0a631c84684e707d4a735a3960f8954f257b108bc4174a53,2026-09-18T08:26:00+00:00,2026-09-18 13:26:00,61.6,1007.3,71
16.3,24.0,70.4,1488.0,432.0,67.2,8.4,5.6,1.4,445.0,200.2,4.1,6.1,84.4,31.7,23.39,False,4095,0.0,26.5,687.5,EXT-OPEN-METEO-KHI,KARACHI,OPENSOURCE_API_GRID,508,,,,0.95,True,True,TIER2_OPENSOURCE_PURE;CONTINUOUS_MINUTE_STREAM;VERIFIED_MODEL_GRID,7ad2b06537a07b78b64cf600db5f8d738795cc941848724424c97a12cd68f04a,2026-09-18T08:27:00+00:00,2026-09-18 13:27:00,61.5,1007.3,71
16.3,24.0,70.4,1488.0,432.0,67.2,8.4,5.6,1.4,445.0,200.5,4.1,6.1,84.4,31.7,23.39,False,4095,0.0,26.3,688.8,EXT-OPEN-METEO-KHI,KARACHI,OPENSOURCE_API_GRID,509,,,,0.95,True,True,TIER2_OPENSOURCE_PURE;CONTINUOUS_MINUTE_STREAM;VERIFIED_MODEL_GRID,5389074e4ca67c9fc43523e457ac89bf45949891db1b6d3c29b3c672d7567de6,2026-09-18T08:28:00+00:00,2026-09-18 13:28:00,61.5,1007.3,71
16.3,23.9,70.4,1481.8,430.2,66.9,8.4,5.6,1.4,445.0,200.7,4.1,6.1,84.5,31.7,23.37,False,4095,0.0,26.2,690.2,EXT-OPEN-METEO-KHI,KARACHI,OPENSOURCE_API_GRID,510,,,,0.95,True,True,TIER2_OPENSOURCE_PURE;CONTINUOUS_MINUTE_STREAM;VERIFIED_MODEL_GRID,f91b957e9cfbef4d0ef3b978d5583976be001365bb2ebe22c5e0641ca161ceac,2026-09-18T08:29:00+00:00,2026-09-18 13:29:00,61.4,1007.3,71
16.3,23.9,70.4,1481.8,430.2,66.9,8.4,5.6,1.4,445.0,201.0,4.1,6.1,84.5,31.7,23.37,False,4095,0.0,26.0,691.5,EXT-OPEN-METEO-KHI,KARACHI,OPENSOURCE_API_GRID,511,,,,0.95,True,True,TIER2_OPENSOURCE_PURE;CONTINUOUS_MINUTE_STREAM;VERIFIED_MODEL_GRID,a20ff43f95f27708d1d545f88678e906c41ff827dba4111b71a068fe64724665,2026-09-18T08:30:00+00:00,2026-09-18 13:30:00,61.4,1007.3,71
16.3,23.9,70.4,1481.8,430.2,66.9,8.4,5.6,1.4,445.0,201.3,4.2,6.1,84.5,31.7,23.37,False,4095,0.0,25.8,692.8,EXT-OPEN-METEO-KHI,KARACHI,OPENSOURCE_API_GRID,512,,,,0.95,True,True,TIER2_OPENSOURCE_PURE;CONTINUOUS_MINUTE_STREAM;VERIFIED_MODEL_GRID,8d1764ddfa2a7e9880692f9d3b87fde4e4afbc0e119371c863cdf13fa2dd7a84,2026-09-18T08:31:00+00:00,2026-09-18 13:31:00,61.4,1007.3,71
16.3,23.9,70.4,1481.8,430.2,66.9,8.4,5.6,1.4,445.0,201.5,4.2,6.1,84.6,31.7,23.34,False,4095,0.0,25.7,694.2,EXT-OPEN-METEO-KHI,KARACHI,OPENSOURCE_API_GRID,513,,,,0.95,True,True,TIER2_OPENSOURCE_PURE;CONTINUOUS_MINUTE_STREAM;VERIFIED_MODEL_GRID,d4deea957a9d37c676388ed91792cbe3edc07dc1473c34853d28210e91465203,2026-09-18T08:32:00+00:00,2026-09-18 13:32:00,61.3,1007.2,71
16.2,23.8,70.5,1475.6,428.4,66.6,8.3,5.6,1.4,445.0,201.8,4.2,6.1,84.6,31.6,23.24,False,4095,0.0,25.5,695.5,EXT-OPEN-METEO-KHI,KARACHI,OPENSOURCE_API_GRID,514,,,,0.95,True,True,TIER2_OPENSOURCE_PURE;CONTINUOUS_MINUTE_STREAM;VERIFIED_MODEL_GRID,1a80e8c79361233a70870e4b2020cf161a15d3ec050ce7eeeb1c079557891323,2026-09-18T08:33:00+00:00,2026-09-18 13:33:00,61.3,1007.2,71
16.2,23.8,70.5,1475.6,428.4,66.6,8.3,5.6,1.4,445.0,202.0,4.2,6.1,84.6,31.6,23.22,False,4095,0.0,25.4,696.8,EXT-OPEN-METEO-KHI,KARACHI,OPENSOURCE_API_GRID,515,,,,0.95,True,True,TIER2_OPENSOURCE_PURE;CONTINUOUS_MINUTE_STREAM;VERIFIED_MODEL_GRID,439fb4770eb25c9a608a85234eeb50dca54acb1f3d0ad6a7b34d78c46935ac19,2026-09-18T08:34:00+00:00,2026-09-18 13:34:00,61.2,1007.2,71
16.2,23.8,70.5,1475.6,428.4,66.6,8.3,5.6,1.4,445.0,202.3,4.2,6.1,84.6,31.6,23.22,False,4095,0.0,25.2,698.2,EXT-OPEN-METEO-KHI,KARACHI,OPENSOURCE_API_GRID,516,,,,0.95,True,True,TIER2_OPENSOURCE_PURE;CONTINUOUS_MINUTE_STREAM;VERIFIED_MODEL_GRID,03b048b2482fc2a954ef67ca8ea7d328f149744ee5d6ae34d6ddcce1e601173a,2026-09-18T08:35:00+00:00,2026-09-18 13:35:00,61.2,1007.2,71
16.2,23.8,70.6,1475.6,428.4,66.6,8.3,5.6,1.4,445.0,202.5,4.2,6.1,84.7,31.6,23.22,False,4095,0.0,25.1,699.4,EXT-OPEN-METEO-KHI,KARACHI,OPENSOURCE_API_GRID,517,,,,0.95,True,True,TIER2_OPENSOURCE_PURE;CONTINUOUS_MINUTE_STREAM;VERIFIED_MODEL_GRID,5a02c4a0816a26767c2d201df62f8786d643ebadaa267dc39234d799f244c056,2026-09-18T08:36:00+00:00,2026-09-18 13:36:00,61.2,1007.2,71
16.2,23.8,70.6,1475.6,428.4,66.6,8.3,5.6,1.4,445.0,202.8,4.2,6.1,84.7,31.6,23.22,False,4095,0.0,24.9,700.7,EXT-OPEN-METEO-KHI,KARACHI,OPENSOURCE_API_GRID,518,,,,0.95,True,True,TIER2_OPENSOURCE_PURE;CONTINUOUS_MINUTE_STREAM;VERIFIED_MODEL_GRID,f73cb60382ffca1f598353518bdf98fd84ff008c5b67bc62cae5faaf3cc9ba0a,2026-09-18T08:37:00+00:00,2026-09-18 13:37:00,61.2,1007.1,71
16.2,23.8,70.7,1475.6,428.4,66.6,8.3,5.7,1.4,445.0,203.0,4.2,6.1,84.7,31.6,23.22,False,4095,0.0,24.8,702.0,EXT-OPEN-METEO-KHI,KARACHI,OPENSOURCE_API_GRID,519,,,,0.95,True,True,TIER2_OPENSOURCE_PURE;CONTINUOUS_MINUTE_STREAM;VERIFIED_MODEL_GRID,55e5a385768df6942fb6f717f7ae8048bf5b64dd6d64ceef386e22e0b58a5715,2026-09-18T08:38:00+00:00,2026-09-18 13:38:00,61.2,1007.1,71
16.3,23.9,70.8,1481.8,430.2,66.9,8.4,5.7,1.4,445.0,203.3,4.2,6.1,84.7,31.6,23.22,False,4095,0.0,24.6,703.2,EXT-OPEN-METEO-KHI,KARACHI,OPENSOURCE_API_GRID,520,,,,0.95,True,True,TIER2_OPENSOURCE_PURE;CONTINUOUS_MINUTE_STREAM;VERIFIED_MODEL_GRID,65472d964269b30edab24a72e13e3e310dbec376ac3b01f6f593cd00286672ac,2026-09-18T08:39:00+00:00,2026-09-18 13:39:00,61.2,1007.1,71
16.3,23.9,70.9,1481.8,430.2,66.9,8.4,5.7,1.4,445.0,203.5,4.2,6.1,84.8,31.6,23.22,False,4095,0.0,24.5,704.4,EXT-OPEN-METEO-KHI,KARACHI,OPENSOURCE_API_GRID,521,,,,0.95,True,True,TIER2_OPENSOURCE_PURE;CONTINUOUS_MINUTE_STREAM;VERIFIED_MODEL_GRID,e68c5647cb3cb94373f14f8067b6f59b6e9bc09b03f757c3dcbb3903f272b1bc,2026-09-18T08:40:00+00:00,2026-09-18 13:40:00,61.2,1007.1,71
16.3,23.9,71.0,1481.8,430.2,66.9,8.4,5.7,1.4,445.0,203.7,4.2,6.1,84.8,31.6,23.19,False,4095,0.0,24.4,705.5,EXT-OPEN-METEO-KHI,KARACHI,OPENSOURCE_API_GRID,522,,,,0.95,True,True,TIER2_OPENSOURCE_PURE;CONTINUOUS_MINUTE_STREAM;VERIFIED_MODEL_GRID,1f8717acedb6ad05edc84d60bc677e4b4eba9886be88cd840a0e916fb11044b5,2026-09-18T08:41:00+00:00,2026-09-18 13:41:00,61.1,1007.1,71
16.3,24.0,71.1,1488.0,432.0,67.2,8.4,5.7,1.4,445.0,203.9,4.2,6.1,84.8,31.6,23.22,False,4095,0.0,24.2,706.6,EXT-OPEN-METEO-KHI,KARACHI,OPENSOURCE_API_GRID,523,,,,0.95,True,True,TIER2_OPENSOURCE_PURE;CONTINUOUS_MINUTE_STREAM;VERIFIED_MODEL_GRID,737072f4ee3fa6e8b14413885eb146ecda01de0f8f64baa9fac716d1fa16b0c3,2026-09-18T08:42:00+00:00,2026-09-18 13:42:00,61.2,1007.0,71
16.3,24.0,71.3,1488.0,432.0,67.2,8.4,5.7,1.4,445.0,204.1,4.2,6.1,84.8,31.6,23.22,False,4095,0.0,24.1,707.7,EXT-OPEN-METEO-KHI,KARACHI,OPENSOURCE_API_GRID,524,,,,0.95,True,True,TIER2_OPENSOURCE_PURE;CONTINUOUS_MINUTE_STREAM;VERIFIED_MODEL_GRID,e7086cae73c61119467d25dbc995181852b4de4c059121bacf336a79d17811bf,2026-09-18T08:43:00+00:00,2026-09-18 13:43:00,61.2,1007.0,71
16.4,24.1,71.4,1494.2,433.8,67.5,8.4,5.7,1.4,445.0,204.3,4.3,6.1,84.8,31.7,23.31,False,4095,0.0,24.0,708.7,EXT-OPEN-METEO-KHI,KARACHI,OPENSOURCE_API_GRID,525,,,,0.95,True,True,TIER2_OPENSOURCE_PURE;CONTINUOUS_MINUTE_STREAM;VERIFIED_MODEL_GRID,1c6c9ff9b07688299a41744e6a5325963a643d6afe85822632d45e131ff6be2b,2026-09-18T08:44:00+00:00,2026-09-18 13:44:00,61.2,1007.0,71
16.4,24.1,71.5,1494.2,433.8,67.5,8.4,5.7,1.4,445.0,204.5,4.3,6.1,84.9,31.7,23.31,False,4095,0.0,23.9,709.7,EXT-OPEN-METEO-KHI,KARACHI,OPENSOURCE_API_GRID,526,,,,0.95,True,True,TIER2_OPENSOURCE_PURE;CONTINUOUS_MINUTE_STREAM;VERIFIED_MODEL_GRID,fa6aa31825e1f977622456251deaef4f601b68b126ecac73e7ec169c97620dd3,2026-09-18T08:45:00+00:00,2026-09-18 13:45:00,61.2,1007.0,71
16.5,24.2,71.6,1500.4,435.6,67.8,8.5,5.7,1.4,445.0,204.7,4.3,6.1,84.9,31.7,23.31,False,4095,0.0,23.8,710.6,EXT-OPEN-METEO-KHI,KARACHI,OPENSOURCE_API_GRID,527,,,,0.95,True,True,TIER2_OPENSOURCE_PURE;CONTINUOUS_MINUTE_STREAM;VERIFIED_MODEL_GRID,4d424dc8c678f62144c7ac4aa43d7e6c5a3394bac7367166a31751b635c6d56b,2026-09-18T08:46:00+00:00,2026-09-18 13:46:00,61.2,1007.0,71
16.4,24.1,71.6,1494.2,433.8,67.5,8.4,5.7,1.4,445.0,204.9,4.3,6.1,84.9,31.7,23.34,False,4095,0.0,23.7,711.5,EXT-OPEN-METEO-KHI,KARACHI,OPENSOURCE_API_GRID,528,,,,0.95,True,True,TIER2_OPENSOURCE_PURE;CONTINUOUS_MINUTE_STREAM;VERIFIED_MODEL_GRID,a96d339ddb66e159f6875f0c72d1f9e7a9be51fe7440070c7f68b6902e2c2b4a,2026-09-18T08:47:00+00:00,2026-09-18 13:47:00,61.3,1007.0,71
16.5,24.2,71.7,1500.4,435.6,67.8,8.5,5.7,1.4,445.0,205.0,4.3,6.1,84.9,31.7,23.31,False,4095,0.0,23.6,712.3,EXT-OPEN-METEO-KHI,KARACHI,OPENSOURCE_API_GRID,529,,,,0.95,True,True,TIER2_OPENSOURCE_PURE;CONTINUOUS_MINUTE_STREAM;VERIFIED_MODEL_GRID,2a4b3399352fc1b7f7baf6d380716c6a80368f415d8dbc4474ec85759b850a1b,2026-09-18T08:48:00+00:00,2026-09-18 13:48:00,61.2,1007.0,71
16.5,24.2,71.8,1500.4,435.6,67.8,8.5,5.7,1.4,445.0,205.2,4.3,6.1,84.9,31.7,23.31,False,4095,0.0,23.5,713.1,EXT-OPEN-METEO-KHI,KARACHI,OPENSOURCE_API_GRID,530,,,,0.95,True,True,TIER2_OPENSOURCE_PURE;CONTINUOUS_MINUTE_STREAM;VERIFIED_MODEL_GRID,c6c26d1b2559b7252f6119639e5e264ff0861d22752fd39c199774c21c17d8c2,2026-09-18T08:49:00+00:00,2026-09-18 13:49:00,61.2,1007.0,71
16.5,24.3,71.9,1506.6,437.4,68.0,8.5,5.8,1.4,445.0,205.3,4.3,6.1,84.9,31.7,23.31,False,4095,0.0,23.4,713.8,EXT-OPEN-METEO-KHI,KARACHI,OPENSOURCE_API_GRID,531,,,,0.95,True,True,TIER2_OPENSOURCE_PURE;CONTINUOUS_MINUTE_STREAM;VERIFIED_MODEL_GRID,9755d859ba66b63dfe2c7510918d6bcec36e56c38fc570c0fe5e834e2efdc802,2026-09-18T08:50:00+00:00,2026-09-18 13:50:00,61.2,1007.0,71
16.5,24.3,72.0,1506.6,437.4,68.0,8.5,5.8,1.4,445.0,205.5,4.3,6.1,84.9,31.7,23.31,False,4095,0.0,23.3,714.4,EXT-OPEN-METEO-KHI,KARACHI,OPENSOURCE_API_GRID,532,,,,0.95,True,True,TIER2_OPENSOURCE_PURE;CONTINUOUS_MINUTE_STREAM;VERIFIED_MODEL_GRID,8dad37dc4b0b5d5363147fc0ca3e419a6e466566116b9a99c51c8cfe4ff6a70e,2026-09-18T08:51:00+00:00,2026-09-18 13:51:00,61.2,1006.9,71
16.6,24.4,72.0,1512.8,439.2,68.3,8.5,5.8,1.4,445.0,205.6,4.3,6.1,85.0,31.7,23.28,False,4095,0.0,23.3,715.0,EXT-OPEN-METEO-KHI,KARACHI,OPENSOURCE_API_GRID,533,,,,0.95,True,True,TIER2_OPENSOURCE_PURE;CONTINUOUS_MINUTE_STREAM;VERIFIED_MODEL_GRID,73e880207cbafc325d16b2a69abb636af51cbaeed991f32a07e313a6aa0ebce7,2026-09-18T08:52:00+00:00,2026-09-18 13:52:00,61.1,1006.9,71
16.6,24.4,72.1,1512.8,439.2,68.3,8.5,5.8,1.4,445.0,205.7,4.3,6.1,85.0,31.7,23.28,False,4095,0.0,23.2,715.5,EXT-OPEN-METEO-KHI,KARACHI,OPENSOURCE_API_GRID,534,,,,0.95,True,True,TIER2_OPENSOURCE_PURE;CONTINUOUS_MINUTE_STREAM;VERIFIED_MODEL_GRID,fe02ab6e37b3212dcaff50225bf6bda00b944059b1e37932010a1a9c25e692c7,2026-09-18T08:53:00+00:00,2026-09-18 13:53:00,61.1,1006.9,71
16.6,24.4,72.1,1512.8,439.2,68.3,8.5,5.8,1.4,445.0,205.8,4.3,6.1,85.0,31.7,23.28,False,4095,0.0,23.1,715.9,EXT-OPEN-METEO-KHI,KARACHI,OPENSOURCE_API_GRID,535,,,,0.95,True,True,TIER2_OPENSOURCE_PURE;CONTINUOUS_MINUTE_STREAM;VERIFIED_MODEL_GRID,ffe5b692eb5cf0d329afd9595c254b84fe2260dae5654a0f4fe2837491fa4588,2026-09-18T08:54:00+00:00,2026-09-18 13:54:00,61.1,1006.9,71
16.6,24.4,72.1,1512.8,439.2,68.3,8.5,5.8,1.4,445.0,205.8,4.3,6.1,85.0,31.7,23.28,False,4095,0.0,23.1,716.3,EXT-OPEN-METEO-KHI,KARACHI,OPENSOURCE_API_GRID,536,,,,0.95,True,True,TIER2_OPENSOURCE_PURE;CONTINUOUS_MINUTE_STREAM;VERIFIED_MODEL_GRID,ab822f54c1ba82a572eed0142c4235dbced5b8daa3cf3bf2ad63c46465722e69,2026-09-18T08:55:00+00:00,2026-09-18 13:55:00,61.1,1006.9,71
16.6,24.4,72.1,1512.8,439.2,68.3,8.5,5.8,1.4,445.0,205.9,4.3,6.1,85.0,31.7,23.26,False,4095,0.0,23.1,716.6,EXT-OPEN-METEO-KHI,KARACHI,OPENSOURCE_API_GRID,537,,,,0.95,True,True,TIER2_OPENSOURCE_PURE;CONTINUOUS_MINUTE_STREAM;VERIFIED_MODEL_GRID,27413540c75b62b3b5ad231fdd1cfdcd406e15b8aa0168581195fbbffa131349,2026-09-18T08:56:00+00:00,2026-09-18 13:56:00,61.0,1006.9,71
16.6,24.4,72.1,1512.8,439.2,68.3,8.5,5.8,1.4,445.0,205.9,4.3,6.1,85.0,31.7,23.26,False,4095,0.0,23.0,716.9,EXT-OPEN-METEO-KHI,KARACHI,OPENSOURCE_API_GRID,538,,,,0.95,True,True,TIER2_OPENSOURCE_PURE;CONTINUOUS_MINUTE_STREAM;VERIFIED_MODEL_GRID,7437660735cd9cf2b363dec077353a9253d2b552c41d4ea1a6652e95809fe0dd,2026-09-18T08:57:00+00:00,2026-09-18 13:57:00,61.0,1006.9,71
16.5,24.3,72.1,1506.6,437.4,68.0,8.5,5.8,1.4,445.0,206.0,4.3,6.1,85.0,31.7,23.26,False,4095,0.0,23.0,717.1,EXT-OPEN-METEO-KHI,KARACHI,OPENSOURCE_API_GRID,539,,,,0.95,True,True,TIER2_OPENSOURCE_PURE;CONTINUOUS_MINUTE_STREAM;VERIFIED_MODEL_GRID,b423394bd72e97c624782ce0a7308569f6299000939b8ab2be0d82e11c555cad,2026-09-18T08:58:00+00:00,2026-09-18 13:58:00,61.0,1006.9,71
16.5,24.3,72.0,1506.6,437.4,68.0,8.5,5.8,1.4,445.0,206.0,4.3,6.1,85.0,31.7,23.23,False,4095,0.0,23.0,717.2,EXT-OPEN-METEO-KHI,KARACHI,OPENSOURCE_API_GRID,540,,,,0.95,True,True,TIER2_OPENSOURCE_PURE;CONTINUOUS_MINUTE_STREAM;VERIFIED_MODEL_GRID,10d6a402063aa568e2c25b2451d5bc3454f6642a3bd7dc2a63266c6dd4c0a97b,2026-09-18T08:59:00+00:00,2026-09-18 13:59:00,60.9,1006.9,71
16.5,24.3,72.0,1506.6,437.4,68.0,8.5,5.8,1.4,445.0,206.0,4.3,6.1,85.0,31.7,23.23,False,4095,0.0,23.0,717.2,EXT-OPEN-METEO-KHI,KARACHI,OPENSOURCE_API_GRID,541,,,,0.95,True,False,TIER2_OPENSOURCE_PURE;HOURLY_NODE;VERIFIED_MODEL_GRID,bfff885ead48d52ec3f460463624bf14c8c567fb4f68840db4c29836d2c59d85,2026-09-18T09:00:00+00:00,2026-09-18 14:00:00,60.9,1006.9,70
16.5,24.2,71.9,1500.4,435.6,67.8,8.5,5.8,1.4,445.0,206.0,4.3,6.1,85.0,31.7,23.23,False,4095,0.0,23.0,717.1,EXT-OPEN-METEO-KHI,KARACHI,OPENSOURCE_API_GRID,542,,,,0.95,True,True,TIER2_OPENSOURCE_PURE;CONTINUOUS_MINUTE_STREAM;VERIFIED_MODEL_GRID,a7754f127d699bb923822e19b351825cd943a9dcbd8123c0a81aa02283fcd694,2026-09-18T09:01:00+00:00,2026-09-18 14:01:00,60.9,1006.9,70
16.5,24.2,71.8,1500.4,435.6,67.8,8.5,5.7,1.4,445.0,206.1,4.3,6.1,85.0,31.7,23.23,False,4095,0.0,23.1,717.0,EXT-OPEN-METEO-KHI,KARACHI,OPENSOURCE_API_GRID,543,,,,0.95,True,True,TIER2_OPENSOURCE_PURE;CONTINUOUS_MINUTE_STREAM;VERIFIED_MODEL_GRID,3ffff8f496da96b05f163902a02bf3f26550faeca8a9844a7f257911b6418611,2026-09-18T09:02:00+00:00,2026-09-18 14:02:00,60.9,1006.9,70
16.4,24.1,71.7,1494.2,433.8,67.5,8.4,5.7,1.4,445.0,206.1,4.3,6.1,85.0,31.7,23.23,False,4095,0.0,23.2,716.7,EXT-OPEN-METEO-KHI,KARACHI,OPENSOURCE_API_GRID,544,,,,0.95,True,True,TIER2_OPENSOURCE_PURE;CONTINUOUS_MINUTE_STREAM;VERIFIED_MODEL_GRID,230c10e60389ee7b56ab78eb33c8f0ef134a9f497827b26f6615d8cf82ed5593,2026-09-18T09:03:00+00:00,2026-09-18 14:03:00,60.9,1006.9,70
16.4,24.1,71.7,1494.2,433.8,67.5,8.4,5.7,1.4,445.0,206.2,4.3,6.1,84.9,31.7,23.2,False,4095,0.0,23.4,716.2,EXT-OPEN-METEO-KHI,KARACHI,OPENSOURCE_API_GRID,545,,,,0.95,True,True,TIER2_OPENSOURCE_PURE;CONTINUOUS_MINUTE_STREAM;VERIFIED_MODEL_GRID,0b96f221f0cd33832721c1ac9a8410627597fa4c97a00cbed71974d6c93d1843,2026-09-18T09:04:00+00:00,2026-09-18 14:04:00,60.8,1006.9,70
16.3,24.0,71.6,1488.0,432.0,67.2,8.4,5.7,1.4,445.0,206.4,4.3,6.1,84.9,31.7,23.2,False,4095,0.0,23.6,715.7,EXT-OPEN-METEO-KHI,KARACHI,OPENSOURCE_API_GRID,546,,,,0.95,True,True,TIER2_OPENSOURCE_PURE;CONTINUOUS_MINUTE_STREAM;VERIFIED_MODEL_GRID,10023e5a08198bd85e51e3be77a41c11fb0d6b6188a90d0fedbcb457517ded76,2026-09-18T09:05:00+00:00,2026-09-18 14:05:00,60.8,1006.9,70
16.3,24.0,71.5,1488.0,432.0,67.2,8.4,5.7,1.4,445.0,206.5,4.3,6.1,84.9,31.7,23.2,False,4095,0.0,23.8,715.0,EXT-OPEN-METEO-KHI,KARACHI,OPENSOURCE_API_GRID,547,,,,0.95,True,True,TIER2_OPENSOURCE_PURE;CONTINUOUS_MINUTE_STREAM;VERIFIED_MODEL_GRID,aa14885939f00fe93b6848d62889ba24f424437affdf84d50ebf7450bd4b1c21,2026-09-18T09:06:00+00:00,2026-09-18 14:06:00,60.8,1006.9,70
16.3,24.0,71.4,1488.0,432.0,67.2,8.4,5.7,1.4,445.0,206.7,4.3,6.1,84.8,31.7,23.2,False,4095,0.0,24.1,714.3,EXT-OPEN-METEO-KHI,KARACHI,OPENSOURCE_API_GRID,548,,,,0.95,True,True,TIER2_OPENSOURCE_PURE;CONTINUOUS_MINUTE_STREAM;VERIFIED_MODEL_GRID,0111e0914651b9183411923bc74f3ccf0321fe329c6bbce286a9d0541ccf65dc,2026-09-18T09:07:00+00:00,2026-09-18 14:07:00,60.8,1006.9,70
16.3,24.0,71.4,1488.0,432.0,67.2,8.4,5.7,1.4,445.0,206.9,4.3,6.1,84.8,31.7,23.2,False,4095,0.0,24.5,713.4,EXT-OPEN-METEO-KHI,KARACHI,OPENSOURCE_API_GRID,549,,,,0.95,True,True,TIER2_OPENSOURCE_PURE;CONTINUOUS_MINUTE_STREAM;VERIFIED_MODEL_GRID,f5277fd98bd80fe875697d441084311bc73e3ea84f033b2bb9d40cdf979e58a8,2026-09-18T09:08:00+00:00,2026-09-18 14:08:00,60.8,1006.9,70
16.3,24.0,71.3,1488.0,432.0,67.2,8.4,5.7,1.4,445.0,207.1,4.4,6.1,84.7,31.7,23.2,False,4095,0.0,24.9,712.4,EXT-OPEN-METEO-KHI,KARACHI,OPENSOURCE_API_GRID,550,,,,0.95,True,True,TIER2_OPENSOURCE_PURE;CONTINUOUS_MINUTE_STREAM;VERIFIED_MODEL_GRID,b744e48a43c47af597f86f2d3a03bb7e54deee0b6d0bcb0aa284d353cfc092d1,2026-09-18T09:09:00+00:00,2026-09-18 14:09:00,60.8,1006.9,70
16.3,24.0,71.3,1488.0,432.0,67.2,8.4,5.7,1.4,445.0,207.4,4.4,6.1,84.7,31.7,23.2,False,4095,0.0,25.3,711.3,EXT-OPEN-METEO-KHI,KARACHI,OPENSOURCE_API_GRID,551,,,,0.95,True,True,TIER2_OPENSOURCE_PURE;CONTINUOUS_MINUTE_STREAM;VERIFIED_MODEL_GRID,dc3351dcee9d1be5f92a3a832eb8c63ea2063f4ab83563e131268c303eb88f6d,2026-09-18T09:10:00+00:00,2026-09-18 14:10:00,60.8,1006.9,70
16.3,24.0,71.2,1488.0,432.0,67.2,8.4,5.7,1.4,445.0,207.7,4.4,6.1,84.6,31.7,23.2,False,4095,0.0,25.7,710.1,EXT-OPEN-METEO-KHI,KARACHI,OPENSOURCE_API_GRID,552,,,,0.95,True,True,TIER2_OPENSOURCE_PURE;CONTINUOUS_MINUTE_STREAM;VERIFIED_MODEL_GRID,19354e4afa4600598bbc430abf36c97bd25179cb8b5a7d79548ceaa8ea41151a,2026-09-18T09:11:00+00:00,2026-09-18 14:11:00,60.8,1006.9,70
16.3,24.0,71.2,1488.0,432.0,67.2,8.4,5.7,1.4,445.0,208.0,4.4,6.1,84.5,31.7,23.2,False,4095,0.0,26.2,708.8,EXT-OPEN-METEO-KHI,KARACHI,OPENSOURCE_API_GRID,553,,,,0.95,True,True,TIER2_OPENSOURCE_PURE;CONTINUOUS_MINUTE_STREAM;VERIFIED_MODEL_GRID,a4a97aaa9d5fac421902982ec11361c740859d56222d4611867c3ad8e35a34a4,2026-09-18T09:12:00+00:00,2026-09-18 14:12:00,60.8,1006.9,70
16.3,24.0,71.1,1488.0,432.0,67.2,8.4,5.7,1.4,445.0,208.3,4.4,6.1,84.4,31.7,23.2,False,4095,0.0,26.8,707.4,EXT-OPEN-METEO-KHI,KARACHI,OPENSOURCE_API_GRID,554,,,,0.95,True,True,TIER2_OPENSOURCE_PURE;CONTINUOUS_MINUTE_STREAM;VERIFIED_MODEL_GRID,161da85ceea5c3f9b45dd119713b175c531d15abbfa8345b79e66afe617f3958,2026-09-18T09:13:00+00:00,2026-09-18 14:13:00,60.8,1006.9,70
16.4,24.1,71.1,1494.2,433.8,67.5,8.4,5.7,1.4,445.0,208.7,4.4,6.1,84.4,31.7,23.2,False,4095,0.0,27.4,705.9,EXT-OPEN-METEO-KHI,KARACHI,OPENSOURCE_API_GRID,555,,,,0.95,True,True,TIER2_OPENSOURCE_PURE;CONTINUOUS_MINUTE_STREAM;VERIFIED_MODEL_GRID,5b0a1c1d7022741d35494bcda8009732d994d542451ffc1b546d1272244e52c9,2026-09-18T09:14:00+00:00,2026-09-18 14:14:00,60.8,1006.8,70
16.4,24.1,71.1,1494.2,433.8,67.5,8.4,5.7,1.4,445.0,209.1,4.4,6.1,84.3,31.7,23.2,False,4095,0.0,28.0,704.3,EXT-OPEN-METEO-KHI,KARACHI,OPENSOURCE_API_GRID,556,,,,0.95,True,True,TIER2_OPENSOURCE_PURE;CONTINUOUS_MINUTE_STREAM;VERIFIED_MODEL_GRID,215f83d7e9885f767a3183c7c34f67d4e60362345adb483cb9c95ff9d65ee071,2026-09-18T09:15:00+00:00,2026-09-18 14:15:00,60.8,1006.8,70
16.4,24.1,71.0,1494.2,433.8,67.5,8.4,5.7,1.4,445.0,209.5,4.5,6.1,84.2,31.7,23.23,False,4095,0.0,28.6,702.6,EXT-OPEN-METEO-KHI,KARACHI,OPENSOURCE_API_GRID,557,,,,0.95,True,True,TIER2_OPENSOURCE_PURE;CONTINUOUS_MINUTE_STREAM;VERIFIED_MODEL_GRID,34e8964b55e70714f9f1b5bbe590ebdd0dd2eed773f5e0dd3ba0ca328ca0fff3,2026-09-18T09:16:00+00:00,2026-09-18 14:16:00,60.9,1006.8,70
16.5,24.2,71.0,1500.4,435.6,67.8,8.5,5.7,1.4,445.0,209.9,4.5,6.1,84.1,31.7,23.23,False,4095,0.0,29.3,700.9,EXT-OPEN-METEO-KHI,KARACHI,OPENSOURCE_API_GRID,558,,,,0.95,True,True,TIER2_OPENSOURCE_PURE;CONTINUOUS_MINUTE_STREAM;VERIFIED_MODEL_GRID,dc41fe88e23cbaa001f8e3135e1cc059c39dc918607c0413dd7a080eca113f99,2026-09-18T09:17:00+00:00,2026-09-18 14:17:00,60.9,1006.8,70
16.4,24.1,70.8,1494.2,433.8,67.5,8.4,5.7,1.4,445.0,210.3,4.5,6.1,84.0,31.7,23.23,False,4095,0.0,30.0,699.1,EXT-OPEN-METEO-KHI,KARACHI,OPENSOURCE_API_GRID,559,,,,0.95,True,True,TIER2_OPENSOURCE_PURE;CONTINUOUS_MINUTE_STREAM;VERIFIED_MODEL_GRID,d4d703f0b511575e25723865cbbd75cea0f31cfaa52e9b2e4c219fde1906c6f4,2026-09-18T09:18:00+00:00,2026-09-18 14:18:00,60.9,1006.8,70
16.4,24.1,70.7,1494.2,433.8,67.5,8.4,5.7,1.4,445.0,210.8,4.5,6.1,83.9,31.7,23.23,False,4095,0.0,30.7,697.2,EXT-OPEN-METEO-KHI,KARACHI,OPENSOURCE_API_GRID,560,,,,0.95,True,True,TIER2_OPENSOURCE_PURE;CONTINUOUS_MINUTE_STREAM;VERIFIED_MODEL_GRID,52cd203f536aac0bcf334377945364e922d801607309f3ba02e64695359e681a,2026-09-18T09:19:00+00:00,2026-09-18 14:19:00,60.9,1006.8,70
16.4,24.1,70.7,1494.2,433.8,67.5,8.4,5.7,1.4,445.0,211.2,4.5,6.1,83.8,31.7,23.23,False,4095,0.0,31.5,695.2,EXT-OPEN-METEO-KHI,KARACHI,OPENSOURCE_API_GRID,561,,,,0.95,True,True,TIER2_OPENSOURCE_PURE;CONTINUOUS_MINUTE_STREAM;VERIFIED_MODEL_GRID,44266bd59fabd3550adf95dc0875b281e25ec07fa11563d5e2127feea98a8d75,2026-09-18T09:20:00+00:00,2026-09-18 14:20:00,60.9,1006.8,70
16.5,24.2,70.6,1500.4,435.6,67.8,8.5,5.6,1.4,445.0,211.7,4.6,6.1,83.6,31.7,23.23,False,4095,0.0,32.3,693.2,EXT-OPEN-METEO-KHI,KARACHI,OPENSOURCE_API_GRID,562,,,,0.95,True,True,TIER2_OPENSOURCE_PURE;CONTINUOUS_MINUTE_STREAM;VERIFIED_MODEL_GRID,8cd58c096d8141fb2c91998a9dd302afa51e68d2484029809a27b247785963ad,2026-09-18T09:21:00+00:00,2026-09-18 14:21:00,60.9,1006.8,70
16.5,24.2,70.5,1500.4,435.6,67.8,8.5,5.6,1.4,445.0,212.2,4.6,6.1,83.5,31.7,23.2,False,4095,0.0,33.1,691.1,EXT-OPEN-METEO-KHI,KARACHI,OPENSOURCE_API_GRID,563,,,,0.95,True,True,TIER2_OPENSOURCE_PURE;CONTINUOUS_MINUTE_STREAM;VERIFIED_MODEL_GRID,53fa57462295000b9761d17149da5f4e671104c118f7612e12015ee3417c5e64,2026-09-18T09:22:00+00:00,2026-09-18 14:22:00,60.8,1006.8,70
16.5,24.2,70.4,1500.4,435.6,67.8,8.5,5.6,1.4,445.0,212.7,4.6,6.1,83.4,31.7,23.2,False,4095,0.0,33.9,689.0,EXT-OPEN-METEO-KHI,KARACHI,OPENSOURCE_API_GRID,564,,,,0.95,True,True,TIER2_OPENSOURCE_PURE;CONTINUOUS_MINUTE_STREAM;VERIFIED_MODEL_GRID,aeaf918fde293095498ec28fdfefcf87bf14b3673b206f09e71a769f0c42d02d,2026-09-18T09:23:00+00:00,2026-09-18 14:23:00,60.8,1006.8,70
16.5,24.2,70.3,1500.4,435.6,67.8,8.5,5.6,1.4,445.0,213.3,4.6,6.1,83.3,31.7,23.18,False,4095,0.0,34.7,686.8,EXT-OPEN-METEO-KHI,KARACHI,OPENSOURCE_API_GRID,565,,,,0.95,True,True,TIER2_OPENSOURCE_PURE;CONTINUOUS_MINUTE_STREAM;VERIFIED_MODEL_GRID,68c03d5cafeb67596e197b7f15bc03994e485b7dc46b97c7bba2cd9e5ade45e2,2026-09-18T09:24:00+00:00,2026-09-18 14:24:00,60.7,1006.8,70
16.5,24.2,70.2,1500.4,435.6,67.8,8.5,5.6,1.4,445.0,213.8,4.7,6.1,83.1,31.7,23.18,False,4095,0.0,35.6,684.6,EXT-OPEN-METEO-KHI,KARACHI,OPENSOURCE_API_GRID,566,,,,0.95,True,True,TIER2_OPENSOURCE_PURE;CONTINUOUS_MINUTE_STREAM;VERIFIED_MODEL_GRID,bff11615aa1769236990261c2b5e8b3d62fbbbb506749ec7a0c6f600feaf6a49,2026-09-18T09:25:00+00:00,2026-09-18 14:25:00,60.7,1006.8,70
16.5,24.2,70.0,1500.4,435.6,67.8,8.5,5.6,1.4,445.0,214.3,4.7,6.1,83.0,31.7,23.15,False,4095,0.0,36.5,682.3,EXT-OPEN-METEO-KHI,KARACHI,OPENSOURCE_API_GRID,567,,,,0.95,True,True,TIER2_OPENSOURCE_PURE;CONTINUOUS_MINUTE_STREAM;VERIFIED_MODEL_GRID,67f57b2aae57cce7d0fdc2434d4560c6949cbb505c5b0077b6761c834b9d532a,2026-09-18T09:26:00+00:00,2026-09-18 14:26:00,60.6,1006.8,70
16.4,24.1,69.9,1494.2,433.8,67.5,8.4,5.6,1.4,445.0,214.9,4.7,6.1,82.9,31.7,23.15,False,4095,0.0,37.3,680.1,EXT-OPEN-METEO-KHI,KARACHI,OPENSOURCE_API_GRID,568,,,,0.95,True,True,TIER2_OPENSOURCE_PURE;CONTINUOUS_MINUTE_STREAM;VERIFIED_MODEL_GRID,4837a7a6d127b4ba54e3a9ad4fffb0cc7a364c770d6da6a6c9370cd645d8233a,2026-09-18T09:27:00+00:00,2026-09-18 14:27:00,60.6,1006.7,70
16.4,24.1,69.7,1494.2,433.8,67.5,8.4,5.6,1.4,445.0,215.4,4.7,6.1,82.8,31.7,23.12,False,4095,0.0,38.2,677.8,EXT-OPEN-METEO-KHI,KARACHI,OPENSOURCE_API_GRID,569,,,,0.95,True,True,TIER2_OPENSOURCE_PURE;CONTINUOUS_MINUTE_STREAM;VERIFIED_MODEL_GRID,457bba2481ccc6e3aa1b0a0ffa5d4199e995e60aba51eaf31eb1f5bebf18b0be,2026-09-18T09:28:00+00:00,2026-09-18 14:28:00,60.5,1006.7,70
16.3,24.0,69.5,1488.0,432.0,67.2,8.4,5.6,1.4,445.0,216.0,4.8,6.1,82.6,31.7,23.12,False,4095,0.0,39.1,675.5,EXT-OPEN-METEO-KHI,KARACHI,OPENSOURCE_API_GRID,570,,,,0.95,True,True,TIER2_OPENSOURCE_PURE;CONTINUOUS_MINUTE_STREAM;VERIFIED_MODEL_GRID,d11267e74bc9a891953a782ad8208c34939c684f20dd9c9fe2a15d2b44b1d394,2026-09-18T09:29:00+00:00,2026-09-18 14:29:00,60.5,1006.7,70
16.3,24.0,69.3,1488.0,432.0,67.2,8.4,5.5,1.4,445.0,216.5,4.8,6.1,82.5,31.7,23.09,False,4095,0.0,40.0,673.2,EXT-OPEN-METEO-KHI,KARACHI,OPENSOURCE_API_GRID,571,,,,0.95,True,True,TIER2_OPENSOURCE_PURE;CONTINUOUS_MINUTE_STREAM;VERIFIED_MODEL_GRID,09769f2e6ff8c7780bdb58fd9caca08f2aafaa389906dcdc3712294247dc2142,2026-09-18T09:30:00+00:00,2026-09-18 14:30:00,60.4,1006.7,70
16.3,23.9,69.1,1481.8,430.2,66.9,8.4,5.5,1.4,445.0,217.0,4.8,6.2,82.4,31.7,23.09,False,4095,0.0,40.9,670.9,EXT-OPEN-METEO-KHI,KARACHI,OPENSOURCE_API_GRID,572,,,,0.95,True,True,TIER2_OPENSOURCE_PURE;CONTINUOUS_MINUTE_STREAM;VERIFIED_MODEL_GRID,f553b82fec56128de58d487b1e207e3c17dd4d7da5f87242fdd3331079a903d1,2026-09-18T09:31:00+00:00,2026-09-18 14:31:00,60.4,1006.7,70
16.3,23.9,68.9,1481.8,430.2,66.9,8.4,5.5,1.4,445.0,217.6,4.9,6.2,82.2,31.7,23.07,False,4095,0.0,41.8,668.6,EXT-OPEN-METEO-KHI,KARACHI,OPENSOURCE_API_GRID,573,,,,0.95,True,True,TIER2_OPENSOURCE_PURE;CONTINUOUS_MINUTE_STREAM;VERIFIED_MODEL_GRID,215424a96ad943bedacffbdf8fd11b6d3a40fde902dac38c39b5bee5ff8be5de,2026-09-18T09:32:00+00:00,2026-09-18 14:32:00,60.3,1006.7,70
16.2,23.8,68.7,1475.6,428.4,66.6,8.3,5.5,1.4,445.0,218.1,4.9,6.2,82.1,31.7,23.07,False,4095,0.0,42.7,666.3,EXT-OPEN-METEO-KHI,KARACHI,OPENSOURCE_API_GRID,574,,,,0.95,True,True,TIER2_OPENSOURCE_PURE;CONTINUOUS_MINUTE_STREAM;VERIFIED_MODEL_GRID,062186d7ad40a2e0fbcdeed3ffcf18a118a4d87778faa37417a4d83e8f711cf7,2026-09-18T09:33:00+00:00,2026-09-18 14:33:00,60.3,1006.7,70
16.2,23.8,68.5,1475.6,428.4,66.6,8.3,5.5,1.4,445.0,218.7,4.9,6.2,82.0,31.7,23.07,False,4095,0.0,43.5,664.1,EXT-OPEN-METEO-KHI,KARACHI,OPENSOURCE_API_GRID,575,,,,0.95,True,True,TIER2_OPENSOURCE_PURE;CONTINUOUS_MINUTE_STREAM;VERIFIED_MODEL_GRID,70a26880e4a18cfe3731797ccc4fc046d7130601e4a0475e81bbe8fcebab40c5,2026-09-18T09:34:00+00:00,2026-09-18 14:34:00,60.3,1006.7,70
16.1,23.7,68.3,1469.4,426.6,66.4,8.3,5.5,1.4,445.0,219.2,4.9,6.2,81.9,31.7,23.04,False,4095,0.0,44.4,661.8,EXT-OPEN-METEO-KHI,KARACHI,OPENSOURCE_API_GRID,576,,,,0.95,True,True,TIER2_OPENSOURCE_PURE;CONTINUOUS_MINUTE_STREAM;VERIFIED_MODEL_GRID,fd83097edc818cfbfcb4271f45bf181e624464ae86d29e1b50d6851935e02479,2026-09-18T09:35:00+00:00,2026-09-18 14:35:00,60.2,1006.7,70
16.1,23.7,68.1,1469.4,426.6,66.4,8.3,5.4,1.4,445.0,219.7,5.0,6.2,81.7,31.7,23.04,False,4095,0.0,45.3,659.6,EXT-OPEN-METEO-KHI,KARACHI,OPENSOURCE_API_GRID,577,,,,0.95,True,True,TIER2_OPENSOURCE_PURE;CONTINUOUS_MINUTE_STREAM;VERIFIED_MODEL_GRID,bdfd75c06e86e92e359a572222b25fc4f865fec35fd7e4651dcf481a3f6e4193,2026-09-18T09:36:00+00:00,2026-09-18 14:36:00,60.2,1006.7,70
16.0,23.6,67.9,1463.2,424.8,66.1,8.3,5.4,1.4,445.0,220.3,5.0,6.2,81.6,31.7,23.04,False,4095,0.0,46.1,657.4,EXT-OPEN-METEO-KHI,KARACHI,OPENSOURCE_API_GRID,578,,,,0.95,True,True,TIER2_OPENSOURCE_PURE;CONTINUOUS_MINUTE_STREAM;VERIFIED_MODEL_GRID,d3f4d8363c5638d346d775d0b2d0617b4a3e80f4ffbac67639d506354876c67e,2026-09-18T09:37:00+00:00,2026-09-18 14:37:00,60.2,1006.6,70
16.0,23.6,67.7,1463.2,424.8,66.1,8.3,5.4,1.4,445.0,220.8,5.0,6.2,81.5,31.7,23.01,False,4095,0.0,46.9,655.3,EXT-OPEN-METEO-KHI,KARACHI,OPENSOURCE_API_GRID,579,,,,0.95,True,True,TIER2_OPENSOURCE_PURE;CONTINUOUS_MINUTE_STREAM;VERIFIED_MODEL_GRID,b33a5e7ab57a5e8661ed2e26dd4ed33dd05c775b2919300a30528818f78733a4,2026-09-18T09:38:00+00:00,2026-09-18 14:38:00,60.1,1006.6,70
16.0,23.6,67.6,1463.2,424.8,66.1,8.3,5.4,1.4,445.0,221.3,5.0,6.2,81.4,31.7,23.01,False,4095,0.0,47.7,653.2,EXT-OPEN-METEO-KHI,KARACHI,OPENSOURCE_API_GRID,580,,,,0.95,True,True,TIER2_OPENSOURCE_PURE;CONTINUOUS_MINUTE_STREAM;VERIFIED_MODEL_GRID,fca5fe2a0e285e462ba928970d98b99c73c9444f2e4143b87dbf07e4022249b9,2026-09-18T09:39:00+00:00,2026-09-18 14:39:00,60.1,1006.6,70
16.0,23.6,67.5,1463.2,424.8,66.1,8.3,5.4,1.4,445.0,221.8,5.0,6.2,81.2,31.7,23.01,False,4095,0.0,48.5,651.2,EXT-OPEN-METEO-KHI,KARACHI,OPENSOURCE_API_GRID,581,,,,0.95,True,True,TIER2_OPENSOURCE_PURE;CONTINUOUS_MINUTE_STREAM;VERIFIED_MODEL_GRID,161b0d9b24ca48e8c9004b278530fcdf03c71878a997abb4acf44349d7e2e578,2026-09-18T09:40:00+00:00,2026-09-18 14:40:00,60.1,1006.6,70
16.0,23.6,67.4,1463.2,424.8,66.1,8.3,5.4,1.3,445.0,222.2,5.1,6.2,81.1,31.7,23.01,False,4095,0.0,49.3,649.2,EXT-OPEN-METEO-KHI,KARACHI,OPENSOURCE_API_GRID,582,,,,0.95,True,True,TIER2_OPENSOURCE_PURE;CONTINUOUS_MINUTE_STREAM;VERIFIED_MODEL_GRID,255ebac06f07275cf955ce662d609180a01b5ce22f7ca6f6784158bf3c416eba,2026-09-18T09:41:00+00:00,2026-09-18 14:41:00,60.1,1006.6,70
16.0,23.6,67.3,1463.2,424.8,66.1,8.3,5.4,1.3,445.0,222.7,5.1,6.2,81.0,31.7,23.01,False,4095,0.0,50.0,647.3,EXT-OPEN-METEO-KHI,KARACHI,OPENSOURCE_API_GRID,583,,,,0.95,True,True,TIER2_OPENSOURCE_PURE;CONTINUOUS_MINUTE_STREAM;VERIFIED_MODEL_GRID,200c080a9c3cc25dc227153eff6afe11e8ced0366eb01e63ad43175d1cabbd3c,2026-09-18T09:42:00+00:00,2026-09-18 14:42:00,60.1,1006.6,70
16.0,23.6,67.2,1463.2,424.8,66.1,8.3,5.4,1.3,445.0,223.1,5.1,6.2,80.9,31.7,23.01,False,4095,0.0,50.7,645.5,EXT-OPEN-METEO-KHI,KARACHI,OPENSOURCE_API_GRID,584,,,,0.95,True,True,TIER2_OPENSOURCE_PURE;CONTINUOUS_MINUTE_STREAM;VERIFIED_MODEL_GRID,3241c4f5daf6bc915da8c8ae7122b914c06f50ff7420987462ae85bf69ef97d7,2026-09-18T09:43:00+00:00,2026-09-18 14:43:00,60.1,1006.6,70
16.0,23.6,67.2,1463.2,424.8,66.1,8.3,5.4,1.3,445.0,223.5,5.1,6.2,80.8,31.7,23.01,False,4095,0.0,51.4,643.8,EXT-OPEN-METEO-KHI,KARACHI,OPENSOURCE_API_GRID,585,,,,0.95,True,True,TIER2_OPENSOURCE_PURE;CONTINUOUS_MINUTE_STREAM;VERIFIED_MODEL_GRID,eaf4fb602de208af3d111c302873b39b28a96c630d9894783cb44c71d63c6cdc,2026-09-18T09:44:00+00:00,2026-09-18 14:44:00,60.1,1006.6,70
16.0,23.6,67.1,1463.2,424.8,66.1,8.3,5.4,1.3,445.0,223.9,5.2,6.2,80.7,31.7,23.01,False,4095,0.0,52.0,642.1,EXT-OPEN-METEO-KHI,KARACHI,OPENSOURCE_API_GRID,586,,,,0.95,True,True,TIER2_OPENSOURCE_PURE;CONTINUOUS_MINUTE_STREAM;VERIFIED_MODEL_GRID,abc5902e495ebd8a761a9cefb23293666cbdfa2c5a0c0ee649dd37ef93fa7840,2026-09-18T09:45:00+00:00,2026-09-18 14:45:00,60.1,1006.6,70
16.1,23.7,67.1,1469.4,426.6,66.4,8.3,5.4,1.3,445.0,224.3,5.2,6.2,80.6,31.7,23.01,False,4095,0.0,52.6,640.5,EXT-OPEN-METEO-KHI,KARACHI,OPENSOURCE_API_GRID,587,,,,0.95,True,True,TIER2_OPENSOURCE_PURE;CONTINUOUS_MINUTE_STREAM;VERIFIED_MODEL_GRID,5dadf265642d96c8891841f46999aa4f548fe887f204083c347acfbee62b733f,2026-09-18T09:46:00+00:00,2026-09-18 14:46:00,60.1,1006.5,70
16.1,23.7,67.1,1469.4,426.6,66.4,8.3,5.4,1.3,445.0,224.7,5.2,6.2,80.6,31.7,23.01,False,4095,0.0,53.2,639.0,EXT-OPEN-METEO-KHI,KARACHI,OPENSOURCE_API_GRID,588,,,,0.95,True,True,TIER2_OPENSOURCE_PURE;CONTINUOUS_MINUTE_STREAM;VERIFIED_MODEL_GRID,0b31b9b2f8713629e5b7b3b9c55b39ef4a9a8711e5d1e45dae5dd42146ad7462,2026-09-18T09:47:00+00:00,2026-09-18 14:47:00,60.1,1006.5,70
16.1,23.7,67.0,1469.4,426.6,66.4,8.3,5.4,1.3,445.0,225.0,5.2,6.2,80.5,31.7,23.01,False,4095,0.0,53.8,637.6,EXT-OPEN-METEO-KHI,KARACHI,OPENSOURCE_API_GRID,589,,,,0.95,True,True,TIER2_OPENSOURCE_PURE;CONTINUOUS_MINUTE_STREAM;VERIFIED_MODEL_GRID,0b6ea9fdc58cb655227b76d49a53274e728dc4f4cab4f20d271116eb418a725d,2026-09-18T09:48:00+00:00,2026-09-18 14:48:00,60.1,1006.5,70
16.0,23.6,66.8,1463.2,424.8,66.1,8.3,5.3,1.3,445.0,225.3,5.2,6.2,80.4,31.7,23.04,False,4095,0.0,54.3,636.3,EXT-OPEN-METEO-KHI,KARACHI,OPENSOURCE_API_GRID,590,,,,0.95,True,True,TIER2_OPENSOURCE_PURE;CONTINUOUS_MINUTE_STREAM;VERIFIED_MODEL_GRID,565a032a9c098c76bd47a4a418b3ce6e7381b231effd6475781284e2691c483d,2026-09-18T09:49:00+00:00,2026-09-18 14:49:00,60.2,1006.5,70
16.1,23.7,66.8,1469.4,426.6,66.4,8.3,5.3,1.3,445.0,225.6,5.2,6.2,80.3,31.7,23.04,False,4095,0.0,54.7,635.1,EXT-OPEN-METEO-KHI,KARACHI,OPENSOURCE_API_GRID,591,,,,0.95,True,True,TIER2_OPENSOURCE_PURE;CONTINUOUS_MINUTE_STREAM;VERIFIED_MODEL_GRID,d57c09b58b850c417b43dd17b57860ccccc4de79fb44703d2f977dbe97871134,2026-09-18T09:50:00+00:00,2026-09-18 14:50:00,60.2,1006.5,70
16.1,23.7,66.8,1469.4,426.6,66.4,8.3,5.3,1.3,445.0,225.9,5.2,6.2,80.3,31.7,23.04,False,4095,0.0,55.1,634.0,EXT-OPEN-METEO-KHI,KARACHI,OPENSOURCE_API_GRID,592,,,,0.95,True,True,TIER2_OPENSOURCE_PURE;CONTINUOUS_MINUTE_STREAM;VERIFIED_MODEL_GRID,f3ea66a900dc1d2e0453c53796d05b9f7232c6aca6dff62cc9e9b5a228eac423,2026-09-18T09:51:00+00:00,2026-09-18 14:51:00,60.2,1006.5,70
16.1,23.7,66.8,1469.4,426.6,66.4,8.3,5.3,1.3,445.0,226.1,5.3,6.2,80.2,31.7,23.04,False,4095,0.0,55.5,633.0,EXT-OPEN-METEO-KHI,KARACHI,OPENSOURCE_API_GRID,593,,,,0.95,True,True,TIER2_OPENSOURCE_PURE;CONTINUOUS_MINUTE_STREAM;VERIFIED_MODEL_GRID,b75d03dbd454cb8a00c4dc423d9e4cf84343be21483148b8ee7ca7ad58fa0c6d,2026-09-18T09:52:00+00:00,2026-09-18 14:52:00,60.2,1006.5,70
16.2,23.8,66.8,1475.6,428.4,66.6,8.3,5.3,1.3,445.0,226.3,5.3,6.2,80.2,31.7,23.04,False,4095,0.0,55.9,632.1,EXT-OPEN-METEO-KHI,KARACHI,OPENSOURCE_API_GRID,594,,,,0.95,True,True,TIER2_OPENSOURCE_PURE;CONTINUOUS_MINUTE_STREAM;VERIFIED_MODEL_GRID,5d6a9a90adea821a512ca0955caf8695fa8a040d03cb39d418240533618a9d50,2026-09-18T09:53:00+00:00,2026-09-18 14:53:00,60.2,1006.5,70
16.2,23.8,66.8,1475.6,428.4,66.6,8.3,5.3,1.3,445.0,226.5,5.3,6.2,80.1,31.7,23.01,False,4095,0.0,56.2,631.4,EXT-OPEN-METEO-KHI,KARACHI,OPENSOURCE_API_GRID,595,,,,0.95,True,True,TIER2_OPENSOURCE_PURE;CONTINUOUS_MINUTE_STREAM;VERIFIED_MODEL_GRID,51a7610f749f92ec729fbab80b16d08539e56ecc3eadd456f3c64ecc2f30c9ed,2026-09-18T09:54:00+00:00,2026-09-18 14:54:00,60.1,1006.5,70
16.2,23.8,66.8,1475.6,428.4,66.6,8.3,5.3,1.3,445.0,226.6,5.3,6.2,80.1,31.7,23.01,False,4095,0.0,56.4,630.7,EXT-OPEN-METEO-KHI,KARACHI,OPENSOURCE_API_GRID,596,,,,0.95,True,True,TIER2_OPENSOURCE_PURE;CONTINUOUS_MINUTE_STREAM;VERIFIED_MODEL_GRID,0194d49d136aa273c7ff36d3763cbe20c3613e63406e56c7fb9325e6a5461854,2026-09-18T09:55:00+00:00,2026-09-18 14:55:00,60.1,1006.5,70
16.2,23.8,66.8,1475.6,428.4,66.6,8.3,5.3,1.3,445.0,226.8,5.3,6.2,80.1,31.7,23.01,False,4095,0.0,56.6,630.2,EXT-OPEN-METEO-KHI,KARACHI,OPENSOURCE_API_GRID,597,,,,0.95,True,True,TIER2_OPENSOURCE_PURE;CONTINUOUS_MINUTE_STREAM;VERIFIED_MODEL_GRID,4f4396b34cfc9a9f7282c7a052f796ff1918624650c67c2909fffec91d390be9,2026-09-18T09:56:00+00:00,2026-09-18 14:56:00,60.1,1006.5,70
16.2,23.8,66.7,1475.6,428.4,66.6,8.3,5.3,1.3,445.0,226.9,5.3,6.2,80.0,31.7,22.98,False,4095,0.0,56.8,629.7,EXT-OPEN-METEO-KHI,KARACHI,OPENSOURCE_API_GRID,598,,,,0.95,True,True,TIER2_OPENSOURCE_PURE;CONTINUOUS_MINUTE_STREAM;VERIFIED_MODEL_GRID,246992c17fee11422b1dc4674d85455f6491e00d13b6fc600e7111aec61020cd,2026-09-18T09:57:00+00:00,2026-09-18 14:57:00,60.0,1006.5,70
16.2,23.8,66.7,1475.6,428.4,66.6,8.3,5.3,1.3,445.0,226.9,5.3,6.2,80.0,31.7,22.98,False,4095,0.0,56.9,629.4,EXT-OPEN-METEO-KHI,KARACHI,OPENSOURCE_API_GRID,599,,,,0.95,True,True,TIER2_OPENSOURCE_PURE;CONTINUOUS_MINUTE_STREAM;VERIFIED_MODEL_GRID,c89ad132315e57c128106574263ba08584ff85fef880da03e413b609ae828699,2026-09-18T09:58:00+00:00,2026-09-18 14:58:00,60.0,1006.5,70
16.2,23.8,66.6,1475.6,428.4,66.6,8.3,5.3,1.3,445.0,227.0,5.3,6.2,80.0,31.7,22.98,False,4095,0.0,57.0,629.3,EXT-OPEN-METEO-KHI,KARACHI,OPENSOURCE_API_GRID,600,,,,0.95,True,True,TIER2_OPENSOURCE_PURE;CONTINUOUS_MINUTE_STREAM;VERIFIED_MODEL_GRID,1d6ed497a4a2926d15b575f9bf87f769c5d6b450056aa7dc4211abb477d718c7,2026-09-18T09:59:00+00:00,2026-09-18 14:59:00,60.0,1006.5,70
16.1,23.7,66.6,1469.4,426.6,66.4,8.3,5.3,1.3,445.0,227.0,5.3,6.2,80.0,31.7,22.98,False,4095,0.0,57.0,629.2,EXT-OPEN-METEO-KHI,KARACHI,OPENSOURCE_API_GRID,601,,,,0.95,True,False,TIER2_OPENSOURCE_PURE;HOURLY_NODE;VERIFIED_MODEL_GRID,e6dcd13882871f0dae749202d15f3b192ee1f21c4786b8308bdf819f5518a61e,2026-09-18T10:00:00+00:00,2026-09-18 15:00:00,60.0,1006.5,70
16.1,23.7,66.5,1469.4,426.6,66.4,8.3,5.3,1.3,445.0,227.0,5.3,6.2,80.0,31.7,22.96,False,4095,0.0,57.0,629.1,EXT-OPEN-METEO-KHI,KARACHI,OPENSOURCE_API_GRID,602,,,,0.95,True,True,TIER2_OPENSOURCE_PURE;CONTINUOUS_MINUTE_STREAM;VERIFIED_MODEL_GRID,89b9c6c892b338d7598dc782bb0f5c0e4a0fa9b90ea694612f55f1b36649e371,2026-09-18T10:01:00+00:00,2026-09-18 15:01:00,59.9,1006.5,70
16.0,23.6,66.5,1463.2,424.8,66.1,8.3,5.3,1.3,445.0,227.1,5.3,6.2,80.0,31.7,22.96,False,4095,0.0,57.1,628.6,EXT-OPEN-METEO-KHI,KARACHI,OPENSOURCE_API_GRID,603,,,,0.95,True,True,TIER2_OPENSOURCE_PURE;CONTINUOUS_MINUTE_STREAM;VERIFIED_MODEL_GRID,8aa98b8138527ac8d2a61096e74f3bfd94cbefac1868e7b8ec0841f6a2f47c6c,2026-09-18T10:02:00+00:00,2026-09-18 15:02:00,59.9,1006.5,70
16.0,23.6,66.4,1463.2,424.8,66.1,8.3,5.3,1.3,445.0,227.2,5.3,6.2,79.9,31.7,22.96,False,4095,0.0,57.3,627.9,EXT-OPEN-METEO-KHI,KARACHI,OPENSOURCE_API_GRID,604,,,,0.95,True,True,TIER2_OPENSOURCE_PURE;CONTINUOUS_MINUTE_STREAM;VERIFIED_MODEL_GRID,8ec648cbe4c89a6375bcd538627f48a77da167c5299be7f851a71fd0483f6835,2026-09-18T10:03:00+00:00,2026-09-18 15:03:00,59.9,1006.5,70
16.0,23.5,66.3,1457.0,423.0,65.8,8.2,5.3,1.3,445.0,227.3,5.3,6.2,79.9,31.7,22.96,False,4095,0.0,57.5,626.9,EXT-OPEN-METEO-KHI,KARACHI,OPENSOURCE_API_GRID,605,,,,0.95,True,True,TIER2_OPENSOURCE_PURE;CONTINUOUS_MINUTE_STREAM;VERIFIED_MODEL_GRID,15aada2466eae6ed11b5c2ede74ac86d2fd18ea766b34350891a0e437aa06174,2026-09-18T10:04:00+00:00,2026-09-18 15:04:00,59.9,1006.5,70
16.0,23.5,66.1,1457.0,423.0,65.8,8.2,5.3,1.3,445.0,227.5,5.3,6.2,79.8,31.7,22.96,False,4095,0.0,57.7,625.5,EXT-OPEN-METEO-KHI,KARACHI,OPENSOURCE_API_GRID,606,,,,0.95,True,True,TIER2_OPENSOURCE_PURE;CONTINUOUS_MINUTE_STREAM;VERIFIED_MODEL_GRID,cf5d7bdc444a67442f81d8bb68a8f113fcf868d87c96fb5af300e1963300d937,2026-09-18T10:05:00+00:00,2026-09-18 15:05:00,59.9,1006.5,70
15.9,23.4,66.0,1450.8,421.2,65.5,8.2,5.3,1.3,445.0,227.7,5.3,6.2,79.8,31.7,22.96,False,4095,0.0,58.1,623.9,EXT-OPEN-METEO-KHI,KARACHI,OPENSOURCE_API_GRID,607,,,,0.95,True,True,TIER2_OPENSOURCE_PURE;CONTINUOUS_MINUTE_STREAM;VERIFIED_MODEL_GRID,c78be68ca1c62d8886fde2c2b0a2cbd5fd3d4a6161acf17ffc7103dd8c695644,2026-09-18T10:06:00+00:00,2026-09-18 15:06:00,59.9,1006.5,70
15.9,23.4,65.9,1450.8,421.2,65.5,8.2,5.3,1.3,445.0,228.0,5.4,6.2,79.7,31.7,22.98,False,4095,0.0,58.4,622.1,EXT-OPEN-METEO-KHI,KARACHI,OPENSOURCE_API_GRID,608,,,,0.95,True,True,TIER2_OPENSOURCE_PURE;CONTINUOUS_MINUTE_STREAM;VERIFIED_MODEL_GRID,77f44b5c6da936b03221cff4f14c9502ea54ace275fde2d755f25b0c1164634c,2026-09-18T10:07:00+00:00,2026-09-18 15:07:00,60.0,1006.5,70
15.9,23.4,65.8,1450.8,421.2,65.5,8.2,5.3,1.3,445.0,228.3,5.4,6.2,79.6,31.6,22.89,False,4095,0.0,58.9,619.9,EXT-OPEN-METEO-KHI,KARACHI,OPENSOURCE_API_GRID,609,,,,0.95,True,True,TIER2_OPENSOURCE_PURE;CONTINUOUS_MINUTE_STREAM;VERIFIED_MODEL_GRID,b1fca79317b9c327da89202c64584613933264c7ac1da3155a0cca37ac4a6455,2026-09-18T10:08:00+00:00,2026-09-18 15:08:00,60.0,1006.5,70
15.8,23.3,65.7,1444.6,419.4,65.2,8.2,5.3,1.3,445.0,228.6,5.4,6.2,79.5,31.6,22.89,False,4095,0.0,59.3,617.5,EXT-OPEN-METEO-KHI,KARACHI,OPENSOURCE_API_GRID,610,,,,0.95,True,True,TIER2_OPENSOURCE_PURE;CONTINUOUS_MINUTE_STREAM;VERIFIED_MODEL_GRID,9dca9a2bb7402248256c36379351082e5df988d3fcbec4632d543b01dc3ebb1f,2026-09-18T10:09:00+00:00,2026-09-18 15:09:00,60.0,1006.5,70
15.8,23.3,65.6,1444.6,419.4,65.2,8.2,5.2,1.3,445.0,228.9,5.4,6.2,79.4,31.6,22.92,False,4095,0.0,59.9,614.8,EXT-OPEN-METEO-KHI,KARACHI,OPENSOURCE_API_GRID,611,,,,0.95,True,True,TIER2_OPENSOURCE_PURE;CONTINUOUS_MINUTE_STREAM;VERIFIED_MODEL_GRID,cd6505b48646cdbdfa0c5accbfbe13c64025075403ad442fd62614b8da593ad7,2026-09-18T10:10:00+00:00,2026-09-18 15:10:00,60.1,1006.5,70
15.8,23.3,65.4,1444.6,419.4,65.2,8.2,5.2,1.3,445.0,229.3,5.4,6.2,79.3,31.6,22.92,False,4095,0.0,60.5,611.9,EXT-OPEN-METEO-KHI,KARACHI,OPENSOURCE_API_GRID,612,,,,0.95,True,True,TIER2_OPENSOURCE_PURE;CONTINUOUS_MINUTE_STREAM;VERIFIED_MODEL_GRID,5bfcb9477c62164ede96980e9c4a2641a0c73a5f9730bc5187504b05848f650a,2026-09-18T10:11:00+00:00,2026-09-18 15:11:00,60.1,1006.5,70
15.8,23.3,65.3,1444.6,419.4,65.2,8.2,5.2,1.3,445.0,229.8,5.5,6.2,79.1,31.6,22.95,False,4095,0.0,61.1,608.7,EXT-OPEN-METEO-KHI,KARACHI,OPENSOURCE_API_GRID,613,,,,0.95,True,True,TIER2_OPENSOURCE_PURE;CONTINUOUS_MINUTE_STREAM;VERIFIED_MODEL_GRID,c4058b59fa11606614d92b8340bfc7dab701becab53f5978cf22a8dc1787cff0,2026-09-18T10:12:00+00:00,2026-09-18 15:12:00,60.2,1006.5,70
15.8,23.3,65.2,1444.6,419.4,65.2,8.2,5.2,1.3,445.0,230.2,5.5,6.2,79.0,31.6,22.95,False,4095,0.0,61.8,605.3,EXT-OPEN-METEO-KHI,KARACHI,OPENSOURCE_API_GRID,614,,,,0.95,True,True,TIER2_OPENSOURCE_PURE;CONTINUOUS_MINUTE_STREAM;VERIFIED_MODEL_GRID,d704db40bb1e5aedf7e2541277aea3ed68b3c342a3fee8160fd0a37b9980648e,2026-09-18T10:13:00+00:00,2026-09-18 15:13:00,60.2,1006.5,70
15.8,23.3,65.1,1444.6,419.4,65.2,8.2,5.2,1.3,445.0,230.7,5.5,6.2,78.8,31.6,22.97,False,4095,0.0,62.5,601.6,EXT-OPEN-METEO-KHI,KARACHI,OPENSOURCE_API_GRID,615,,,,0.95,True,True,TIER2_OPENSOURCE_PURE;CONTINUOUS_MINUTE_STREAM;VERIFIED_MODEL_GRID,24861d899dc9ccfab644a06f98e6d144e599a4a84f7f09bcb9a9950594eaca91,2026-09-18T10:14:00+00:00,2026-09-18 15:14:00,60.3,1006.5,70
15.8,23.3,65.1,1444.6,419.4,65.2,8.2,5.2,1.3,445.0,231.2,5.5,6.2,78.7,31.6,23.0,False,4095,0.0,63.3,597.8,EXT-OPEN-METEO-KHI,KARACHI,OPENSOURCE_API_GRID,616,,,,0.95,True,True,TIER2_OPENSOURCE_PURE;CONTINUOUS_MINUTE_STREAM;VERIFIED_MODEL_GRID,2cb1a59bfc76ee23e3b74e92b53dc6d7562853a6fe0a17b119d831a0792f1c9f,2026-09-18T10:15:00+00:00,2026-09-18 15:15:00,60.4,1006.5,70
15.8,23.3,65.0,1444.6,419.4,65.2,8.2,5.2,1.3,445.0,231.8,5.6,6.2,78.5,31.5,22.93,False,4095,0.0,64.1,593.7,EXT-OPEN-METEO-KHI,KARACHI,OPENSOURCE_API_GRID,617,,,,0.95,True,True,TIER2_OPENSOURCE_PURE;CONTINUOUS_MINUTE_STREAM;VERIFIED_MODEL_GRID,4d674ec23ade5f039fd208c72f229c3b460c4510b1f5f32267221ee4043b3e4a,2026-09-18T10:16:00+00:00,2026-09-18 15:16:00,60.5,1006.5,70
15.8,23.3,64.9,1444.6,419.4,65.2,8.2,5.2,1.3,445.0,232.4,5.6,6.2,78.3,31.5,22.93,False,4095,0.0,65.0,589.4,EXT-OPEN-METEO-KHI,KARACHI,OPENSOURCE_API_GRID,618,,,,0.95,True,True,TIER2_OPENSOURCE_PURE;CONTINUOUS_MINUTE_STREAM;VERIFIED_MODEL_GRID,11b09c59557285b2d1ff447955300fe06c5c14bbf2236c6640ae4b27c70211aa,2026-09-18T10:17:00+00:00,2026-09-18 15:17:00,60.5,1006.5,70
15.8,23.3,64.8,1444.6,419.4,65.2,8.2,5.2,1.3,445.0,233.0,5.7,6.2,78.1,31.5,22.96,False,4095,0.0,65.9,584.9,EXT-OPEN-METEO-KHI,KARACHI,OPENSOURCE_API_GRID,619,,,,0.95,True,True,TIER2_OPENSOURCE_PURE;CONTINUOUS_MINUTE_STREAM;VERIFIED_MODEL_GRID,98ca6281185ea08b25d3df67d7f2cd4bae6b1bb48e894a5059cd16705782ceb6,2026-09-18T10:18:00+00:00,2026-09-18 15:18:00,60.6,1006.4,70
15.8,23.3,64.6,1444.6,419.4,65.2,8.2,5.2,1.3,445.0,233.6,5.7,6.2,78.0,31.5,22.99,False,4095,0.0,66.8,580.3,EXT-OPEN-METEO-KHI,KARACHI,OPENSOURCE_API_GRID,620,,,,0.95,True,True,TIER2_OPENSOURCE_PURE;CONTINUOUS_MINUTE_STREAM;VERIFIED_MODEL_GRID,d7b1b4fb72761a5ae245546332cdd2dfc342f63a9cfe3bcf60c4783ad07c20c2,2026-09-18T10:19:00+00:00,2026-09-18 15:19:00,60.7,1006.4,70
15.8,23.2,64.3,1438.4,417.6,65.0,8.1,5.1,1.3,445.0,234.2,5.7,6.2,77.8,31.5,23.04,False,4095,0.0,67.8,575.5,EXT-OPEN-METEO-KHI,KARACHI,OPENSOURCE_API_GRID,621,,,,0.95,True,True,TIER2_OPENSOURCE_PURE;CONTINUOUS_MINUTE_STREAM;VERIFIED_MODEL_GRID,27394e4fe9c592885118cd3564c046bd314ebab011746d89e9e2018194c2e82b,2026-09-18T10:20:00+00:00,2026-09-18 15:20:00,60.9,1006.4,70
15.8,23.2,64.2,1438.4,417.6,65.0,8.1,5.1,1.3,445.0,234.9,5.8,6.2,77.5,31.5,23.07,False,4095,0.0,68.7,570.6,EXT-OPEN-METEO-KHI,KARACHI,OPENSOURCE_API_GRID,622,,,,0.95,True,True,TIER2_OPENSOURCE_PURE;CONTINUOUS_MINUTE_STREAM;VERIFIED_MODEL_GRID,df728d93d93c40fde8eb1ee69338a7630f67a1c4e30660921eb5f54dce480841,2026-09-18T10:21:00+00:00,2026-09-18 15:21:00,61.0,1006.4,70
15.8,23.2,64.1,1438.4,417.6,65.0,8.1,5.1,1.3,445.0,235.6,5.8,6.2,77.3,31.5,23.07,False,4095,0.0,69.8,565.5,EXT-OPEN-METEO-KHI,KARACHI,OPENSOURCE_API_GRID,623,,,,0.95,True,True,TIER2_OPENSOURCE_PURE;CONTINUOUS_MINUTE_STREAM;VERIFIED_MODEL_GRID,98998960004bc25f8935b4d9c647f156cfc2679ff7d68ec13eca4df77e03a7f2,2026-09-18T10:22:00+00:00,2026-09-18 15:22:00,61.0,1006.4,70
15.8,23.2,64.0,1438.4,417.6,65.0,8.1,5.1,1.3,445.0,236.3,5.8,6.2,77.1,31.5,23.1,False,4095,0.0,70.8,560.3,EXT-OPEN-METEO-KHI,KARACHI,OPENSOURCE_API_GRID,624,,,,0.95,True,True,TIER2_OPENSOURCE_PURE;CONTINUOUS_MINUTE_STREAM;VERIFIED_MODEL_GRID,493b324a15ab259f6d1c9064d7e3fa22f3649cb1a1d447b77e47fa662e36a295,2026-09-18T10:23:00+00:00,2026-09-18 15:23:00,61.1,1006.4,70
15.8,23.2,63.8,1438.4,417.6,65.0,8.1,5.1,1.3,445.0,237.0,5.9,6.2,76.9,31.5,23.12,False,4095,0.0,71.9,555.0,EXT-OPEN-METEO-KHI,KARACHI,OPENSOURCE_API_GRID,625,,,,0.95,True,True,TIER2_OPENSOURCE_PURE;CONTINUOUS_MINUTE_STREAM;VERIFIED_MODEL_GRID,7e4749271ebcc03941f74b7a92142a5d117276469b0b86f1872a57872eee08ce,2026-09-18T10:24:00+00:00,2026-09-18 15:24:00,61.2,1006.4,70
15.8,23.2,63.6,1438.4,417.6,65.0,8.1,5.1,1.3,445.0,237.7,5.9,6.2,76.7,31.5,23.12,False,4095,0.0,72.9,549.6,EXT-OPEN-METEO-KHI,KARACHI,OPENSOURCE_API_GRID,626,,,,0.95,True,True,TIER2_OPENSOURCE_PURE;CONTINUOUS_MINUTE_STREAM;VERIFIED_MODEL_GRID,e450f813221f49093010111d9fa537de460fb60953695f79b675c913a32ae3c0,2026-09-18T10:25:00+00:00,2026-09-18 15:25:00,61.2,1006.4,70
15.8,23.2,63.4,1438.4,417.6,65.0,8.1,5.1,1.3,445.0,238.5,6.0,6.2,76.4,31.5,23.15,False,4095,0.0,74.0,544.2,EXT-OPEN-METEO-KHI,KARACHI,OPENSOURCE_API_GRID,627,,,,0.95,True,True,TIER2_OPENSOURCE_PURE;CONTINUOUS_MINUTE_STREAM;VERIFIED_MODEL_GRID,2e6d1a9569ea901b0555f4a57774204573d22921c9e505341460980f8fe37ca4,2026-09-18T10:26:00+00:00,2026-09-18 15:26:00,61.3,1006.4,70
15.7,23.1,63.2,1432.2,415.8,64.7,8.1,5.1,1.3,445.0,239.2,6.0,6.2,76.2,31.5,23.15,False,4095,0.0,75.1,538.6,EXT-OPEN-METEO-KHI,KARACHI,OPENSOURCE_API_GRID,628,,,,0.95,True,True,TIER2_OPENSOURCE_PURE;CONTINUOUS_MINUTE_STREAM;VERIFIED_MODEL_GRID,724dc3626760cc6d17b7163dcc0b11970556fb11450b6043be15cd8780242a36,2026-09-18T10:27:00+00:00,2026-09-18 15:27:00,61.3,1006.4,70
15.7,23.1,63.0,1432.2,415.8,64.7,8.1,5.0,1.3,445.0,240.0,6.1,6.2,76.0,31.4,23.08,False,4095,0.0,76.3,533.1,EXT-OPEN-METEO-KHI,KARACHI,OPENSOURCE_API_GRID,629,,,,0.95,True,True,TIER2_OPENSOURCE_PURE;CONTINUOUS_MINUTE_STREAM;VERIFIED_MODEL_GRID,7d13f1a35067abeaa24f56742478a6ef1ca5348fdcb1a1227ce04a7cd190151c,2026-09-18T10:28:00+00:00,2026-09-18 15:28:00,61.4,1006.4,70
15.6,23.0,62.8,1426.0,414.0,64.4,8.0,5.0,1.3,445.0,240.7,6.1,6.2,75.7,31.4,23.08,False,4095,0.0,77.4,527.5,EXT-OPEN-METEO-KHI,KARACHI,OPENSOURCE_API_GRID,630,,,,0.95,True,True,TIER2_OPENSOURCE_PURE;CONTINUOUS_MINUTE_STREAM;VERIFIED_MODEL_GRID,3cca1ba5f4f1bb6a593bcc76246eb0cff2a5551c37eeef7e70d44b34b3550504,2026-09-18T10:29:00+00:00,2026-09-18 15:29:00,61.4,1006.4,70
15.6,23.0,62.5,1426.0,414.0,64.4,8.0,5.0,1.2,445.0,241.5,6.1,6.2,75.5,31.4,23.11,False,4095,0.0,78.5,521.9,EXT-OPEN-METEO-KHI,KARACHI,OPENSOURCE_API_GRID,631,,,,0.95,True,True,TIER2_OPENSOURCE_PURE;CONTINUOUS_MINUTE_STREAM;VERIFIED_MODEL_GRID,6cb1d16ba007226e2d0400ec7334991650ee98527c9ca108886c63d5dce7359f,2026-09-18T10:30:00+00:00,2026-09-18 15:30:00,61.5,1006.4,70
15.6,22.9,62.3,1419.8,412.2,64.1,8.0,5.0,1.2,445.0,242.3,6.2,6.3,75.3,31.4,23.11,False,4095,0.0,79.6,516.2,EXT-OPEN-METEO-KHI,KARACHI,OPENSOURCE_API_GRID,632,,,,0.95,True,True,TIER2_OPENSOURCE_PURE;CONTINUOUS_MINUTE_STREAM;VERIFIED_MODEL_GRID,22be5444e81bead6befb7f51443347165372ea7d5dc029d65c64bb0e682a2e56,2026-09-18T10:31:00+00:00,2026-09-18 15:31:00,61.5,1006.4,70
15.5,22.8,62.0,1413.6,410.4,63.8,8.0,5.0,1.2,445.0,243.0,6.2,6.3,75.0,31.3,23.04,False,4095,0.0,80.7,510.6,EXT-OPEN-METEO-KHI,KARACHI,OPENSOURCE_API_GRID,633,,,,0.95,True,True,TIER2_OPENSOURCE_PURE;CONTINUOUS_MINUTE_STREAM;VERIFIED_MODEL_GRID,11ac8eaa59ff144893178a2c2b36914bd7123832d010f3fce719e467f73129fd,2026-09-18T10:32:00+00:00,2026-09-18 15:32:00,61.6,1006.4,70
15.4,22.7,61.7,1407.4,408.6,63.6,7.9,4.9,1.2,445.0,243.8,6.3,6.3,74.8,31.3,23.07,False,4095,0.0,81.9,505.1,EXT-OPEN-METEO-KHI,KARACHI,OPENSOURCE_API_GRID,634,,,,0.95,True,True,TIER2_OPENSOURCE_PURE;CONTINUOUS_MINUTE_STREAM;VERIFIED_MODEL_GRID,dc3afe7f77ec622bdbd09fd28b38d2b58f1d97989803dfc003ee07a9cd4f07b8,2026-09-18T10:33:00+00:00,2026-09-18 15:33:00,61.7,1006.4,70
15.4,22.6,61.5,1401.2,406.8,63.3,7.9,4.9,1.2,445.0,244.5,6.3,6.3,74.6,31.3,23.07,False,4095,0.0,83.0,499.5,EXT-OPEN-METEO-KHI,KARACHI,OPENSOURCE_API_GRID,635,,,,0.95,True,True,TIER2_OPENSOURCE_PURE;CONTINUOUS_MINUTE_STREAM;VERIFIED_MODEL_GRID,2a220baeaeeaf14efdf3fb363f6030641d51aca433f8dbb72680e535cc19e0ac,2026-09-18T10:34:00+00:00,2026-09-18 15:34:00,61.7,1006.4,70
15.4,22.6,61.2,1401.2,406.8,63.3,7.9,4.9,1.2,445.0,245.3,6.4,6.3,74.3,31.3,23.1,False,4095,0.0,84.1,494.1,EXT-OPEN-METEO-KHI,KARACHI,OPENSOURCE_API_GRID,636,,,,0.95,True,True,TIER2_OPENSOURCE_PURE;CONTINUOUS_MINUTE_STREAM;VERIFIED_MODEL_GRID,11f7c02e32b865a850d37c74919e2b2b9dca7c9e78abbd8e7ebe54ef90a74dbb,2026-09-18T10:35:00+00:00,2026-09-18 15:35:00,61.8,1006.4,70
15.3,22.5,60.9,1395.0,405.0,63.0,7.9,4.9,1.2,445.0,246.0,6.4,6.3,74.1,31.2,23.0,False,4095,0.0,85.1,488.7,EXT-OPEN-METEO-KHI,KARACHI,OPENSOURCE_API_GRID,637,,,,0.95,True,True,TIER2_OPENSOURCE_PURE;CONTINUOUS_MINUTE_STREAM;VERIFIED_MODEL_GRID,edd9da62cb8baa95699c6fe55107a73a23f8b35683d2356a753c0a497360ff02,2026-09-18T10:36:00+00:00,2026-09-18 15:36:00,61.8,1006.4,70
15.2,22.4,60.7,1388.8,403.2,62.7,7.8,4.9,1.2,445.0,246.7,6.5,6.3,73.9,31.2,23.03,False,4095,0.0,86.2,483.4,EXT-OPEN-METEO-KHI,KARACHI,OPENSOURCE_API_GRID,638,,,,0.95,True,True,TIER2_OPENSOURCE_PURE;CONTINUOUS_MINUTE_STREAM;VERIFIED_MODEL_GRID,81fa5db3b213518dd986bbb1ad3a7ef9e90f2d16434fa77ceab84868ecbce5d1,2026-09-18T10:37:00+00:00,2026-09-18 15:37:00,61.9,1006.4,70
15.2,22.3,60.4,1382.6,401.4,62.4,7.8,4.8,1.2,445.0,247.4,6.5,6.3,73.7,31.2,23.06,False,4095,0.0,87.2,478.2,EXT-OPEN-METEO-KHI,KARACHI,OPENSOURCE_API_GRID,639,,,,0.95,True,True,TIER2_OPENSOURCE_PURE;CONTINUOUS_MINUTE_STREAM;VERIFIED_MODEL_GRID,f841204945c68f6b49d216eb4ca82489f56e098543e05a77b4330303ed3bbc32,2026-09-18T10:38:00+00:00,2026-09-18 15:38:00,62.0,1006.4,70
15.2,22.3,60.2,1382.6,401.4,62.4,7.8,4.8,1.2,445.0,248.1,6.5,6.3,73.5,31.2,23.06,False,4095,0.0,88.3,473.1,EXT-OPEN-METEO-KHI,KARACHI,OPENSOURCE_API_GRID,640,,,,0.95,True,True,TIER2_OPENSOURCE_PURE;CONTINUOUS_MINUTE_STREAM;VERIFIED_MODEL_GRID,bb00b7c32c7c3864b685ee1aa994753f17299f84fd782392c999d8ab6deb8d61,2026-09-18T10:39:00+00:00,2026-09-18 15:39:00,62.0,1006.4,70
15.1,22.2,60.0,1376.4,399.6,62.2,7.8,4.8,1.2,445.0,248.8,6.6,6.3,73.2,31.1,22.99,False,4095,0.0,89.2,468.2,EXT-OPEN-METEO-KHI,KARACHI,OPENSOURCE_API_GRID,641,,,,0.95,True,True,TIER2_OPENSOURCE_PURE;CONTINUOUS_MINUTE_STREAM;VERIFIED_MODEL_GRID,3c0ccf47c9ba3e06dfa441911da315fc4f39830449ca3cf63a856542356f7e2c,2026-09-18T10:40:00+00:00,2026-09-18 15:40:00,62.1,1006.4,70
15.1,22.2,59.8,1376.4,399.6,62.2,7.8,4.8,1.2,445.0,249.4,6.6,6.3,73.0,31.1,23.02,False,4095,0.0,90.2,463.4,EXT-OPEN-METEO-KHI,KARACHI,OPENSOURCE_API_GRID,642,,,,0.95,True,True,TIER2_OPENSOURCE_PURE;CONTINUOUS_MINUTE_STREAM;VERIFIED_MODEL_GRID,ca484d5e3fa2e69b91f230dd729f6e778d9a9bcd6c9ecb437d3d54966ac1b44b,2026-09-18T10:41:00+00:00,2026-09-18 15:41:00,62.2,1006.4,70
15.0,22.1,59.6,1370.2,397.8,61.9,7.7,4.8,1.2,445.0,250.0,6.6,6.3,72.9,31.1,23.04,False,4095,0.0,91.1,458.8,EXT-OPEN-METEO-KHI,KARACHI,OPENSOURCE_API_GRID,643,,,,0.95,True,True,TIER2_OPENSOURCE_PURE;CONTINUOUS_MINUTE_STREAM;VERIFIED_MODEL_GRID,2e8a4380abe965205de91fc59591ea0c840d6c9693b9421fb8861deb9db407e8,2026-09-18T10:42:00+00:00,2026-09-18 15:42:00,62.3,1006.3,70
15.0,22.1,59.4,1370.2,397.8,61.9,7.7,4.8,1.2,445.0,250.6,6.7,6.3,72.7,31.1,23.04,False,4095,0.0,92.0,454.3,EXT-OPEN-METEO-KHI,KARACHI,OPENSOURCE_API_GRID,644,,,,0.95,True,True,TIER2_OPENSOURCE_PURE;CONTINUOUS_MINUTE_STREAM;VERIFIED_MODEL_GRID,4de5b5c3e5223fb1100dfe605df4797635faac7f7ed166727bcf3e6ef796ab11,2026-09-18T10:43:00+00:00,2026-09-18 15:43:00,62.3,1006.3,70
15.0,22.1,59.3,1370.2,397.8,61.9,7.7,4.7,1.2,445.0,251.2,6.7,6.3,72.5,31.1,23.07,False,4095,0.0,92.9,450.0,EXT-OPEN-METEO-KHI,KARACHI,OPENSOURCE_API_GRID,645,,,,0.95,True,True,TIER2_OPENSOURCE_PURE;CONTINUOUS_MINUTE_STREAM;VERIFIED_MODEL_GRID,69dfb3cf2ca843c8ef4952a9562d1d2acb48952c06f85eb89cd927db44dbfb1b,2026-09-18T10:44:00+00:00,2026-09-18 15:44:00,62.4,1006.3,70
15.0,22.1,59.2,1370.2,397.8,61.9,7.7,4.7,1.2,445.0,251.8,6.8,6.3,72.3,31.1,23.09,False,4095,0.0,93.7,445.9,EXT-OPEN-METEO-KHI,KARACHI,OPENSOURCE_API_GRID,646,,,,0.95,True,True,TIER2_OPENSOURCE_PURE;CONTINUOUS_MINUTE_STREAM;VERIFIED_MODEL_GRID,09f2142860669b0d894227ddb1f54320462494ae3852fdf88fae80ada4821d9b,2026-09-18T10:45:00+00:00,2026-09-18 15:45:00,62.5,1006.3,70
15.0,22.1,59.1,1370.2,397.8,61.9,7.7,4.7,1.2,445.0,252.3,6.8,6.3,72.2,31.0,23.03,False,4095,0.0,94.5,442.1,EXT-OPEN-METEO-KHI,KARACHI,OPENSOURCE_API_GRID,647,,,,0.95,True,True,TIER2_OPENSOURCE_PURE;CONTINUOUS_MINUTE_STREAM;VERIFIED_MODEL_GRID,a52df0e9895a0455916ee4f065456f095ce22f76b701172aba5c33f8ed836e1b,2026-09-18T10:46:00+00:00,2026-09-18 15:46:00,62.6,1006.3,70
15.0,22.1,59.0,1370.2,397.8,61.9,7.7,4.7,1.2,445.0,252.8,6.8,6.3,72.0,31.0,23.03,False,4095,0.0,95.2,438.4,EXT-OPEN-METEO-KHI,KARACHI,OPENSOURCE_API_GRID,648,,,,0.95,True,True,TIER2_OPENSOURCE_PURE;CONTINUOUS_MINUTE_STREAM;VERIFIED_MODEL_GRID,155abf30e24def73b77f98ddf2f0128bf64557e07700321a556200cbee8356c7,2026-09-18T10:47:00+00:00,2026-09-18 15:47:00,62.6,1006.3,70
15.0,22.1,59.0,1370.2,397.8,61.9,7.7,4.7,1.2,445.0,253.2,6.8,6.3,71.9,31.0,23.05,False,4095,0.0,95.9,435.0,EXT-OPEN-METEO-KHI,KARACHI,OPENSOURCE_API_GRID,649,,,,0.95,True,True,TIER2_OPENSOURCE_PURE;CONTINUOUS_MINUTE_STREAM;VERIFIED_MODEL_GRID,d1272c93cc3a894665540b234e0fecbb5c275b52a93150ccf26a1cad2eed08f5,2026-09-18T10:48:00+00:00,2026-09-18 15:48:00,62.7,1006.3,70
15.1,22.2,58.9,1376.4,399.6,62.2,7.8,4.7,1.2,445.0,253.7,6.9,6.3,71.7,31.0,23.08,False,4095,0.0,96.5,431.8,EXT-OPEN-METEO-KHI,KARACHI,OPENSOURCE_API_GRID,650,,,,0.95,True,True,TIER2_OPENSOURCE_PURE;CONTINUOUS_MINUTE_STREAM;VERIFIED_MODEL_GRID,4ed3a30c6e89c5e90a4ef7a7c327691c1ccd2f01c1282e1fb9911e5ec1bd49fb,2026-09-18T10:49:00+00:00,2026-09-18 15:49:00,62.8,1006.3,70
15.1,22.2,58.9,1376.4,399.6,62.2,7.8,4.7,1.2,445.0,254.1,6.9,6.3,71.6,31.0,23.08,False,4095,0.0,97.1,428.9,EXT-OPEN-METEO-KHI,KARACHI,OPENSOURCE_API_GRID,651,,,,0.95,True,True,TIER2_OPENSOURCE_PURE;CONTINUOUS_MINUTE_STREAM;VERIFIED_MODEL_GRID,1dcf887ec3826dc506f6c9053c6b171fa7d1ef88c27b3924c787af9ce055da3d,2026-09-18T10:50:00+00:00,2026-09-18 15:50:00,62.8,1006.3,70
15.0,22.1,58.6,1370.2,397.8,61.9,7.7,4.7,1.2,445.0,254.4,6.9,6.3,71.5,31.0,23.13,False,4095,0.0,97.7,426.2,EXT-OPEN-METEO-KHI,KARACHI,OPENSOURCE_API_GRID,652,,,,0.95,True,True,TIER2_OPENSOURCE_PURE;CONTINUOUS_MINUTE_STREAM;VERIFIED_MODEL_GRID,1f8ce32c47ac1c1f278c1d0fd1b4db5dd36883f731913e958b6caf6e2d44cf29,2026-09-18T10:51:00+00:00,2026-09-18 15:51:00,63.0,1006.3,70
15.0,22.1,58.6,1370.2,397.8,61.9,7.7,4.7,1.2,445.0,254.7,6.9,6.3,71.4,31.0,23.13,False,4095,0.0,98.1,423.8,EXT-OPEN-METEO-KHI,KARACHI,OPENSOURCE_API_GRID,653,,,,0.95,True,True,TIER2_OPENSOURCE_PURE;CONTINUOUS_MINUTE_STREAM;VERIFIED_MODEL_GRID,b59eea5eda3b5c3d21262038e3e47a3aad233e1f27f878be65b8c1d1eb62b3a3,2026-09-18T10:52:00+00:00,2026-09-18 15:52:00,63.0,1006.3,70
15.0,22.1,58.6,1370.2,397.8,61.9,7.7,4.7,1.2,445.0,255.0,6.9,6.3,71.3,31.0,23.13,False,4095,0.0,98.6,421.6,EXT-OPEN-METEO-KHI,KARACHI,OPENSOURCE_API_GRID,654,,,,0.95,True,True,TIER2_OPENSOURCE_PURE;CONTINUOUS_MINUTE_STREAM;VERIFIED_MODEL_GRID,c28c07c49c5ac03b840a8073ff7802e2115ecc9c94ab61134cb6e4a5a44c0e7f,2026-09-18T10:53:00+00:00,2026-09-18 15:53:00,63.0,1006.3,70
15.1,22.2,58.6,1376.4,399.6,62.2,7.8,4.7,1.2,445.0,255.3,7.0,6.3,71.2,31.0,23.16,False,4095,0.0,98.9,419.8,EXT-OPEN-METEO-KHI,KARACHI,OPENSOURCE_API_GRID,655,,,,0.95,True,True,TIER2_OPENSOURCE_PURE;CONTINUOUS_MINUTE_STREAM;VERIFIED_MODEL_GRID,33fd193bc27348cd8ab09a3c9d4dfa55c7fb6455333370d3564b9453c7f70a68,2026-09-18T10:54:00+00:00,2026-09-18 15:54:00,63.1,1006.3,70
15.1,22.2,58.6,1376.4,399.6,62.2,7.8,4.7,1.2,445.0,255.5,7.0,6.3,71.2,31.0,23.16,False,4095,0.0,99.3,418.2,EXT-OPEN-METEO-KHI,KARACHI,OPENSOURCE_API_GRID,656,,,,0.95,True,True,TIER2_OPENSOURCE_PURE;CONTINUOUS_MINUTE_STREAM;VERIFIED_MODEL_GRID,11b56811d142ef70afd76d048265ee77d6aa9e48cc3cb9131eec154211142149,2026-09-18T10:55:00+00:00,2026-09-18 15:55:00,63.1,1006.3,70
15.1,22.2,58.6,1376.4,399.6,62.2,7.8,4.7,1.2,445.0,255.7,7.0,6.3,71.1,31.0,23.16,False,4095,0.0,99.5,416.8,EXT-OPEN-METEO-KHI,KARACHI,OPENSOURCE_API_GRID,657,,,,0.95,True,True,TIER2_OPENSOURCE_PURE;CONTINUOUS_MINUTE_STREAM;VERIFIED_MODEL_GRID,ecbd66ff01864840f3cfc4c4ec0458ae607b3eb32a1d6cd048a7d24a150daa79,2026-09-18T10:56:00+00:00,2026-09-18 15:56:00,63.1,1006.3,70
15.1,22.2,58.5,1376.4,399.6,62.2,7.8,4.7,1.2,445.0,255.8,7.0,6.3,71.1,31.1,23.25,False,4095,0.0,99.7,415.8,EXT-OPEN-METEO-KHI,KARACHI,OPENSOURCE_API_GRID,658,,,,0.95,True,True,TIER2_OPENSOURCE_PURE;CONTINUOUS_MINUTE_STREAM;VERIFIED_MODEL_GRID,a0bd5548e0df5027482b7eafba40d2a4a90ec754921cb2b63435b43d4ae2a34c,2026-09-18T10:57:00+00:00,2026-09-18 15:57:00,63.1,1006.3,70
15.1,22.2,58.5,1376.4,399.6,62.2,7.8,4.7,1.2,445.0,255.9,7.0,6.3,71.0,31.1,23.25,False,4095,0.0,99.9,415.1,EXT-OPEN-METEO-KHI,KARACHI,OPENSOURCE_API_GRID,659,,,,0.95,True,True,TIER2_OPENSOURCE_PURE;CONTINUOUS_MINUTE_STREAM;VERIFIED_MODEL_GRID,62f1b34820022dcca56bffbcfd8e6fca25c70c1f46be76e0df6606f04d198baa,2026-09-18T10:58:00+00:00,2026-09-18 15:58:00,63.1,1006.3,70
15.1,22.2,58.5,1376.4,399.6,62.2,7.8,4.7,1.2,445.0,256.0,7.0,6.3,71.0,31.1,23.23,False,4095,0.0,100.0,414.6,EXT-OPEN-METEO-KHI,KARACHI,OPENSOURCE_API_GRID,660,,,,0.95,True,True,TIER2_OPENSOURCE_PURE;CONTINUOUS_MINUTE_STREAM;VERIFIED_MODEL_GRID,03d011997e11cca1614e805a9bd19e5ac943b8b6f78f92a92c78175f4ed8b7bb,2026-09-18T10:59:00+00:00,2026-09-18 15:59:00,63.0,1006.3,70
15.1,22.2,58.5,1376.4,399.6,62.2,7.8,4.7,1.2,445.0,256.0,7.0,6.3,71.0,31.0,23.13,False,4095,0.0,100.0,414.5,EXT-OPEN-METEO-KHI,KARACHI,OPENSOURCE_API_GRID,661,,,,0.95,True,False,TIER2_OPENSOURCE_PURE;HOURLY_NODE;VERIFIED_MODEL_GRID,0b42bfa3651d818100d2bc6d5f7aa5c67f08a41011ce38f2e3e5d8ae459becec,2026-09-18T11:00:00+00:00,2026-09-18 16:00:00,63.0,1006.3,70
15.1,22.2,58.4,1376.4,399.6,62.2,7.8,4.7,1.2,445.0,256.0,7.0,6.3,71.0,31.0,23.13,False,4095,0.0,99.9,414.4,EXT-OPEN-METEO-KHI,KARACHI,OPENSOURCE_API_GRID,662,,,,0.95,True,True,TIER2_OPENSOURCE_PURE;CONTINUOUS_MINUTE_STREAM;VERIFIED_MODEL_GRID,398729da508364c43769ecf1e961678981f432e5cfae03d23c5554bef6177742,2026-09-18T11:01:00+00:00,2026-09-18 16:01:00,63.0,1006.3,70
15.0,22.1,58.4,1370.2,397.8,61.9,7.7,4.7,1.2,445.0,256.0,7.0,6.3,71.0,31.0,23.13,False,4095,0.0,99.7,414.0,EXT-OPEN-METEO-KHI,KARACHI,OPENSOURCE_API_GRID,663,,,,0.95,True,True,TIER2_OPENSOURCE_PURE;CONTINUOUS_MINUTE_STREAM;VERIFIED_MODEL_GRID,ac7fb3041607bdd913d141d93ee2915f6c44bc84a43f321e1117a0a27a421bd6,2026-09-18T11:02:00+00:00,2026-09-18 16:02:00,63.0,1006.3,70
15.0,22.1,58.3,1370.2,397.8,61.9,7.7,4.7,1.2,445.0,256.1,7.0,6.3,70.9,31.0,23.11,False,4095,0.0,99.4,413.3,EXT-OPEN-METEO-KHI,KARACHI,OPENSOURCE_API_GRID,664,,,,0.95,True,True,TIER2_OPENSOURCE_PURE;CONTINUOUS_MINUTE_STREAM;VERIFIED_MODEL_GRID,08cd132d59a9158759e407ccee35df1180a753f9493ee6bcafa7a5c5f8643da1,2026-09-18T11:03:00+00:00,2026-09-18 16:03:00,62.9,1006.3,70
15.0,22.0,58.2,1364.0,396.0,61.6,7.7,4.7,1.2,445.0,256.2,7.0,6.3,70.9,31.0,23.11,False,4095,0.0,98.9,412.3,EXT-OPEN-METEO-KHI,KARACHI,OPENSOURCE_API_GRID,665,,,,0.95,True,True,TIER2_OPENSOURCE_PURE;CONTINUOUS_MINUTE_STREAM;VERIFIED_MODEL_GRID,f43b3537271a4d8cbef26da31954ef70cfcbaca84fe3ff860e97fa84633b48b1,2026-09-18T11:04:00+00:00,2026-09-18 16:04:00,62.9,1006.3,70
15.0,22.0,58.1,1364.0,396.0,61.6,7.7,4.6,1.2,445.0,256.3,7.0,6.3,70.8,31.0,23.11,False,4095,0.0,98.3,411.1,EXT-OPEN-METEO-KHI,KARACHI,OPENSOURCE_API_GRID,666,,,,0.95,True,True,TIER2_OPENSOURCE_PURE;CONTINUOUS_MINUTE_STREAM;VERIFIED_MODEL_GRID,244840e18bbdb10dba3987c6b9309b2aaf2afcaece6573920d710816d65162ac,2026-09-18T11:05:00+00:00,2026-09-18 16:05:00,62.9,1006.3,70
14.9,21.9,57.9,1357.8,394.2,61.3,7.7,4.6,1.2,445.0,256.4,7.1,6.3,70.8,31.0,23.11,False,4095,0.0,97.6,409.6,EXT-OPEN-METEO-KHI,KARACHI,OPENSOURCE_API_GRID,667,,,,0.95,True,True,TIER2_OPENSOURCE_PURE;CONTINUOUS_MINUTE_STREAM;VERIFIED_MODEL_GRID,06dc2c22c1acae28f3a4f8dcc22265dd9c97c5a906b26d4676dfbf1128c4894b,2026-09-18T11:06:00+00:00,2026-09-18 16:06:00,62.9,1006.3,70
14.9,21.9,57.8,1357.8,394.2,61.3,7.7,4.6,1.2,445.0,256.6,7.1,6.3,70.7,31.0,23.11,False,4095,0.0,96.7,407.9,EXT-OPEN-METEO-KHI,KARACHI,OPENSOURCE_API_GRID,668,,,,0.95,True,True,TIER2_OPENSOURCE_PURE;CONTINUOUS_MINUTE_STREAM;VERIFIED_MODEL_GRID,d62d650198323febdf53da4ba7f3df76d2f64b5b2b7c4de1e500ecd562ef7f50,2026-09-18T11:07:00+00:00,2026-09-18 16:07:00,62.9,1006.3,70
14.8,21.8,57.7,1351.6,392.4,61.0,7.6,4.6,1.2,445.0,256.8,7.1,6.3,70.6,31.0,23.11,False,4095,0.0,95.8,405.9,EXT-OPEN-METEO-KHI,KARACHI,OPENSOURCE_API_GRID,669,,,,0.95,True,True,TIER2_OPENSOURCE_PURE;CONTINUOUS_MINUTE_STREAM;VERIFIED_MODEL_GRID,935a883537e3c7fb8203ad60be79a40514070ee60c7623a5b3c1a8db67988dca,2026-09-18T11:08:00+00:00,2026-09-18 16:08:00,62.9,1006.3,70
14.8,21.8,57.5,1351.6,392.4,61.0,7.6,4.6,1.2,445.0,257.0,7.1,6.3,70.5,31.0,23.13,False,4095,0.0,94.7,403.7,EXT-OPEN-METEO-KHI,KARACHI,OPENSOURCE_API_GRID,670,,,,0.95,True,True,TIER2_OPENSOURCE_PURE;CONTINUOUS_MINUTE_STREAM;VERIFIED_MODEL_GRID,6269e73d09be6ecda2ca892f7c41a9e661fcd2add9e76e90223216f784451ebd,2026-09-18T11:09:00+00:00,2026-09-18 16:09:00,63.0,1006.3,70
14.8,21.7,57.4,1345.4,390.6,60.8,7.6,4.6,1.1,445.0,257.2,7.2,6.3,70.3,30.9,23.04,False,4095,0.0,93.4,401.2,EXT-OPEN-METEO-KHI,KARACHI,OPENSOURCE_API_GRID,671,,,,0.95,True,True,TIER2_OPENSOURCE_PURE;CONTINUOUS_MINUTE_STREAM;VERIFIED_MODEL_GRID,ffd96592ba0a8227945e8167c19169ef23a4f80de7994e7ce00ebd084a138199,2026-09-18T11:10:00+00:00,2026-09-18 16:10:00,63.0,1006.3,70
14.8,21.7,57.3,1345.4,390.6,60.8,7.6,4.6,1.1,445.0,257.5,7.2,6.3,70.2,30.9,23.04,False,4095,0.0,92.1,398.5,EXT-OPEN-METEO-KHI,KARACHI,OPENSOURCE_API_GRID,672,,,,0.95,True,True,TIER2_OPENSOURCE_PURE;CONTINUOUS_MINUTE_STREAM;VERIFIED_MODEL_GRID,37979f58a085e9f0737b8f5f45556c85e3363e353dfa2bf64a5f68014ee7e5b6,2026-09-18T11:11:00+00:00,2026-09-18 16:11:00,63.0,1006.3,70
14.7,21.6,57.1,1339.2,388.8,60.5,7.6,4.6,1.1,445.0,257.7,7.2,6.3,70.0,30.9,23.06,False,4095,0.0,90.6,395.5,EXT-OPEN-METEO-KHI,KARACHI,OPENSOURCE_API_GRID,673,,,,0.95,True,True,TIER2_OPENSOURCE_PURE;CONTINUOUS_MINUTE_STREAM;VERIFIED_MODEL_GRID,f7373307ce1c4f113bdbe9686b506ac387cf36749ff2fc5a0b55a691faeae9a1,2026-09-18T11:12:00+00:00,2026-09-18 16:12:00,63.1,1006.3,70
14.7,21.6,57.0,1339.2,388.8,60.5,7.6,4.6,1.1,445.0,258.0,7.3,6.3,69.9,30.9,23.06,False,4095,0.0,89.1,392.4,EXT-OPEN-METEO-KHI,KARACHI,OPENSOURCE_API_GRID,674,,,,0.95,True,True,TIER2_OPENSOURCE_PURE;CONTINUOUS_MINUTE_STREAM;VERIFIED_MODEL_GRID,dc5915bdcb5964cfb747c6c111cf712226c604cf730d516006ee30f2aba5d73b,2026-09-18T11:13:00+00:00,2026-09-18 16:13:00,63.1,1006.3,70
14.7,21.6,56.9,1339.2,388.8,60.5,7.6,4.6,1.1,445.0,258.3,7.3,6.3,69.7,30.9,23.06,False,4095,0.0,87.4,389.0,EXT-OPEN-METEO-KHI,KARACHI,OPENSOURCE_API_GRID,675,,,,0.95,True,True,TIER2_OPENSOURCE_PURE;CONTINUOUS_MINUTE_STREAM;VERIFIED_MODEL_GRID,045f4ec2d33a15017ef144426dcd357dee0794814cdb4e55362a7295e1d59111,2026-09-18T11:14:00+00:00,2026-09-18 16:14:00,63.1,1006.3,70
14.7,21.6,56.8,1339.2,388.8,60.5,7.6,4.5,1.1,445.0,258.6,7.4,6.3,69.5,30.9,23.09,False,4095,0.0,85.6,385.4,EXT-OPEN-METEO-KHI,KARACHI,OPENSOURCE_API_GRID,676,,,,0.95,True,True,TIER2_OPENSOURCE_PURE;CONTINUOUS_MINUTE_STREAM;VERIFIED_MODEL_GRID,01f8acc0659bf8e0afe94b0bf787706a112d254a8ee6989096e6fddb058008f2,2026-09-18T11:15:00+00:00,2026-09-18 16:15:00,63.2,1006.3,70
14.7,21.6,56.7,1339.2,388.8,60.5,7.6,4.5,1.1,445.0,259.0,7.4,6.3,69.3,30.9,23.12,False,4095,0.0,83.8,381.6,EXT-OPEN-METEO-KHI,KARACHI,OPENSOURCE_API_GRID,677,,,,0.95,True,True,TIER2_OPENSOURCE_PURE;CONTINUOUS_MINUTE_STREAM;VERIFIED_MODEL_GRID,bc4913d9634a926925c042051db8f35b99041d66b9b313bd34fbcf83019a30c8,2026-09-18T11:16:00+00:00,2026-09-18 16:16:00,63.3,1006.3,70
14.7,21.6,56.6,1339.2,388.8,60.5,7.6,4.5,1.1,445.0,259.3,7.4,6.3,69.1,30.9,23.12,False,4095,0.0,81.8,377.7,EXT-OPEN-METEO-KHI,KARACHI,OPENSOURCE_API_GRID,678,,,,0.95,True,True,TIER2_OPENSOURCE_PURE;CONTINUOUS_MINUTE_STREAM;VERIFIED_MODEL_GRID,5dd5374b5ef1c4c3c54ae011146515874e2d8ea11a643e9b69e632d9c64a2970,2026-09-18T11:17:00+00:00,2026-09-18 16:17:00,63.3,1006.4,70
14.7,21.6,56.5,1339.2,388.8,60.5,7.6,4.5,1.1,445.0,259.7,7.5,6.3,68.9,30.9,23.14,False,4095,0.0,79.8,373.5,EXT-OPEN-METEO-KHI,KARACHI,OPENSOURCE_API_GRID,679,,,,0.95,True,True,TIER2_OPENSOURCE_PURE;CONTINUOUS_MINUTE_STREAM;VERIFIED_MODEL_GRID,1dd29425973fc7dc9b6d2703751fb2cec96dee888d67c125a78b885ffc4e7020,2026-09-18T11:18:00+00:00,2026-09-18 16:18:00,63.4,1006.4,70
14.7,21.6,56.4,1339.2,388.8,60.5,7.6,4.5,1.1,445.0,260.1,7.5,6.3,68.7,30.9,23.14,False,4095,0.0,77.7,369.3,EXT-OPEN-METEO-KHI,KARACHI,OPENSOURCE_API_GRID,680,,,,0.95,True,True,TIER2_OPENSOURCE_PURE;CONTINUOUS_MINUTE_STREAM;VERIFIED_MODEL_GRID,6a1bbfffd822001e3e6c292a68a492cd5501df345569943b64a133d83114c806,2026-09-18T11:19:00+00:00,2026-09-18 16:19:00,63.4,1006.4,70
14.7,21.6,56.2,1339.2,388.8,60.5,7.6,4.5,1.1,445.0,260.5,7.6,6.3,68.5,30.9,23.17,False,4095,0.0,75.5,364.8,EXT-OPEN-METEO-KHI,KARACHI,OPENSOURCE_API_GRID,681,,,,0.95,True,True,TIER2_OPENSOURCE_PURE;CONTINUOUS_MINUTE_STREAM;VERIFIED_MODEL_GRID,57fa45165c786270a9420503f94cc1aa57b4ba7190c05001a3d326785274175f,2026-09-18T11:20:00+00:00,2026-09-18 16:20:00,63.5,1006.4,70
14.7,21.6,56.1,1339.2,388.8,60.5,7.6,4.5,1.1,445.0,260.9,7.7,6.4,68.3,30.8,23.1,False,4095,0.0,73.2,360.3,EXT-OPEN-METEO-KHI,KARACHI,OPENSOURCE_API_GRID,682,,,,0.95,True,True,TIER2_OPENSOURCE_PURE;CONTINUOUS_MINUTE_STREAM;VERIFIED_MODEL_GRID,cc8aa843bbc848187e241868a175264f4f639f277691e2cafb1653dc283b43ce,2026-09-18T11:21:00+00:00,2026-09-18 16:21:00,63.6,1006.4,70
14.6,21.5,55.8,1333.0,387.0,60.2,7.5,4.5,1.1,445.0,261.3,7.7,6.4,68.0,30.9,23.22,False,4095,0.0,70.9,355.6,EXT-OPEN-METEO-KHI,KARACHI,OPENSOURCE_API_GRID,683,,,,0.95,True,True,TIER2_OPENSOURCE_PURE;CONTINUOUS_MINUTE_STREAM;VERIFIED_MODEL_GRID,635f9ea41b0b49e5081113a9382cafb1817d00c66fc073ddfc2f4f289d40db01,2026-09-18T11:22:00+00:00,2026-09-18 16:22:00,63.7,1006.4,70
14.6,21.5,55.7,1333.0,387.0,60.2,7.5,4.5,1.1,445.0,261.8,7.8,6.4,67.8,30.8,23.15,False,4095,0.0,68.6,350.8,EXT-OPEN-METEO-KHI,KARACHI,OPENSOURCE_API_GRID,684,,,,0.95,True,True,TIER2_OPENSOURCE_PURE;CONTINUOUS_MINUTE_STREAM;VERIFIED_MODEL_GRID,68597c4889b5f8e3fa688c2c9454410be5cbf3ef467bafd7459c83029d78b43b,2026-09-18T11:23:00+00:00,2026-09-18 16:23:00,63.8,1006.4,70
14.6,21.5,55.6,1333.0,387.0,60.2,7.5,4.4,1.1,445.0,262.2,7.8,6.4,67.5,30.8,23.15,False,4095,0.0,66.1,345.9,EXT-OPEN-METEO-KHI,KARACHI,OPENSOURCE_API_GRID,685,,,,0.95,True,True,TIER2_OPENSOURCE_PURE;CONTINUOUS_MINUTE_STREAM;VERIFIED_MODEL_GRID,c09f983f4edd10c443f74edb14f771c3d97cc4228fc7b4044c89f3643b0bf9ec,2026-09-18T11:24:00+00:00,2026-09-18 16:24:00,63.8,1006.4,70
14.6,21.5,55.4,1333.0,387.0,60.2,7.5,4.4,1.1,445.0,262.7,7.9,6.4,67.3,30.8,23.18,False,4095,0.0,63.7,340.9,EXT-OPEN-METEO-KHI,KARACHI,OPENSOURCE_API_GRID,686,,,,0.95,True,True,TIER2_OPENSOURCE_PURE;CONTINUOUS_MINUTE_STREAM;VERIFIED_MODEL_GRID,e9333cd62733f93ca4168e3f38497d830717e2649e437dce9e96befb23a4ee8e,2026-09-18T11:25:00+00:00,2026-09-18 16:25:00,63.9,1006.4,70
14.6,21.5,55.3,1333.0,387.0,60.2,7.5,4.4,1.1,445.0,263.1,8.0,6.4,67.0,30.8,23.18,False,4095,0.0,61.2,335.8,EXT-OPEN-METEO-KHI,KARACHI,OPENSOURCE_API_GRID,687,,,,0.95,True,True,TIER2_OPENSOURCE_PURE;CONTINUOUS_MINUTE_STREAM;VERIFIED_MODEL_GRID,6b8c8b4c84377e9ae91712b14b758802abe518026287d7e5c0f0a3f6269832e4,2026-09-18T11:26:00+00:00,2026-09-18 16:26:00,63.9,1006.4,70
14.6,21.5,55.1,1333.0,387.0,60.2,7.5,4.4,1.1,445.0,263.6,8.0,6.4,66.8,30.8,23.18,False,4095,0.0,58.7,330.7,EXT-OPEN-METEO-KHI,KARACHI,OPENSOURCE_API_GRID,688,,,,0.95,True,True,TIER2_OPENSOURCE_PURE;CONTINUOUS_MINUTE_STREAM;VERIFIED_MODEL_GRID,46fb1d46f2a80fed35805d5e9250f67f4c13fb9ee8b958e12624072d5e5ba3d6,2026-09-18T11:27:00+00:00,2026-09-18 16:27:00,63.9,1006.4,70
14.6,21.5,54.9,1333.0,387.0,60.2,7.5,4.4,1.1,445.0,264.1,8.1,6.4,66.5,30.8,23.2,False,4095,0.0,56.1,325.5,EXT-OPEN-METEO-KHI,KARACHI,OPENSOURCE_API_GRID,689,,,,0.95,True,True,TIER2_OPENSOURCE_PURE;CONTINUOUS_MINUTE_STREAM;VERIFIED_MODEL_GRID,bfd3f25d19aad7918cd295a949c9194aada1e18e756f8dda17b3b54638cdc3d7,2026-09-18T11:28:00+00:00,2026-09-18 16:28:00,64.0,1006.4,70
14.6,21.4,54.7,1326.8,385.2,59.9,7.5,4.4,1.1,445.0,264.5,8.1,6.4,66.3,30.8,23.2,False,4095,0.0,53.6,320.3,EXT-OPEN-METEO-KHI,KARACHI,OPENSOURCE_API_GRID,690,,,,0.95,True,True,TIER2_OPENSOURCE_PURE;CONTINUOUS_MINUTE_STREAM;VERIFIED_MODEL_GRID,b961d9ef78ac6b30c6e92c83c75a7ee918feb159e401d8308ba6a5eeda17a4ad,2026-09-18T11:29:00+00:00,2026-09-18 16:29:00,64.0,1006.5,70
14.6,21.4,54.5,1326.8,385.2,59.9,7.5,4.4,1.1,445.0,265.0,8.2,6.4,66.0,30.8,23.2,False,4095,0.0,51.0,315.1,EXT-OPEN-METEO-KHI,KARACHI,OPENSOURCE_API_GRID,691,,,,0.95,True,True,TIER2_OPENSOURCE_PURE;CONTINUOUS_MINUTE_STREAM;VERIFIED_MODEL_GRID,29dc7fba2042bb656be50bf6524ed22e76f1af9a424e7c8c82b3c95d1f5ebd7c,2026-09-18T11:30:00+00:00,2026-09-18 16:30:00,64.0,1006.5,70
14.5,21.3,54.3,1320.6,383.4,59.6,7.5,4.3,1.1,445.0,265.5,8.3,6.4,65.7,30.8,23.23,False,4095,0.0,48.4,310.0,EXT-OPEN-METEO-KHI,KARACHI,OPENSOURCE_API_GRID,692,,,,0.95,True,True,TIER2_OPENSOURCE_PURE;CONTINUOUS_MINUTE_STREAM;VERIFIED_MODEL_GRID,5f5bc8eecbe1fcc3f7dd74909bbb045ad92c5d9b535baa2ebd394324592f4d06,2026-09-18T11:31:00+00:00,2026-09-18 16:31:00,64.1,1006.5,70
14.5,21.3,54.0,1320.6,383.4,59.6,7.5,4.3,1.1,445.0,265.9,8.3,6.4,65.5,30.8,23.23,False,4095,0.0,45.9,304.8,EXT-OPEN-METEO-KHI,KARACHI,OPENSOURCE_API_GRID,693,,,,0.95,True,True,TIER2_OPENSOURCE_PURE;CONTINUOUS_MINUTE_STREAM;VERIFIED_MODEL_GRID,9c8296d74ce5e211fb6f9afe200d24190cfdc14a5129fed3979df7205be6b12b,2026-09-18T11:32:00+00:00,2026-09-18 16:32:00,64.1,1006.5,70
14.4,21.2,53.8,1314.4,381.6,59.4,7.4,4.3,1.1,445.0,266.4,8.4,6.4,65.2,30.8,23.23,False,4095,0.0,43.3,299.6,EXT-OPEN-METEO-KHI,KARACHI,OPENSOURCE_API_GRID,694,,,,0.95,True,True,TIER2_OPENSOURCE_PURE;CONTINUOUS_MINUTE_STREAM;VERIFIED_MODEL_GRID,f49214cc9b5dda08314122fdf4385ea3a3b7bac00ba98aff54b2070688736fb7,2026-09-18T11:33:00+00:00,2026-09-18 16:33:00,64.1,1006.5,70
14.3,21.1,53.5,1308.2,379.8,59.1,7.4,4.3,1.1,445.0,266.9,8.4,6.4,65.0,30.7,23.14,False,4095,0.0,40.8,294.5,EXT-OPEN-METEO-KHI,KARACHI,OPENSOURCE_API_GRID,695,,,,0.95,True,True,TIER2_OPENSOURCE_PURE;CONTINUOUS_MINUTE_STREAM;VERIFIED_MODEL_GRID,92feeb0ddcb6615a173187a15c7a2de8352985098b6b20c29b0e1760e97cdecb,2026-09-18T11:34:00+00:00,2026-09-18 16:34:00,64.1,1006.5,70
14.3,21.0,53.2,1302.0,378.0,58.8,7.3,4.3,1.1,445.0,267.3,8.5,6.4,64.7,30.7,23.16,False,4095,0.0,38.3,289.4,EXT-OPEN-METEO-KHI,KARACHI,OPENSOURCE_API_GRID,696,,,,0.95,True,True,TIER2_OPENSOURCE_PURE;CONTINUOUS_MINUTE_STREAM;VERIFIED_MODEL_GRID,9696c6d65c1b1f67e44c73831c2e075b4365afa3d86625199da078d1f45058bc,2026-09-18T11:35:00+00:00,2026-09-18 16:35:00,64.2,1006.5,70
14.3,21.0,53.0,1302.0,378.0,58.8,7.3,4.2,1.1,445.0,267.8,8.6,6.4,64.5,30.7,23.16,False,4095,0.0,35.9,284.4,EXT-OPEN-METEO-KHI,KARACHI,OPENSOURCE_API_GRID,697,,,,0.95,True,True,TIER2_OPENSOURCE_PURE;CONTINUOUS_MINUTE_STREAM;VERIFIED_MODEL_GRID,4413f9695c9cbf3bc50fee674c41f1458fece06043e786c899ea27bbae3b2a27,2026-09-18T11:36:00+00:00,2026-09-18 16:36:00,64.2,1006.5,70
14.2,20.9,52.7,1295.8,376.2,58.5,7.3,4.2,1.1,445.0,268.2,8.6,6.4,64.2,30.7,23.16,False,4095,0.0,33.4,279.5,EXT-OPEN-METEO-KHI,KARACHI,OPENSOURCE_API_GRID,698,,,,0.95,True,True,TIER2_OPENSOURCE_PURE;CONTINUOUS_MINUTE_STREAM;VERIFIED_MODEL_GRID,4beea14a28bb9282d57508933e69df6192eee726a586986bdfbca0ea67868090,2026-09-18T11:37:00+00:00,2026-09-18 16:37:00,64.2,1006.5,70
14.1,20.8,52.5,1289.6,374.4,58.2,7.3,4.2,1.1,445.0,268.7,8.7,6.4,64.0,30.6,23.09,False,4095,0.0,31.1,274.7,EXT-OPEN-METEO-KHI,KARACHI,OPENSOURCE_API_GRID,699,,,,0.95,True,True,TIER2_OPENSOURCE_PURE;CONTINUOUS_MINUTE_STREAM;VERIFIED_MODEL_GRID,486e14a65c6cc331bfaec597068c71ce8f5693e04a609d19595c1a81b2dc4a62,2026-09-18T11:38:00+00:00,2026-09-18 16:38:00,64.3,1006.5,70
14.1,20.7,52.2,1283.4,372.6,58.0,7.2,4.2,1.0,445.0,269.1,8.7,6.4,63.7,30.6,23.09,False,4095,0.0,28.8,270.0,EXT-OPEN-METEO-KHI,KARACHI,OPENSOURCE_API_GRID,700,,,,0.95,True,True,TIER2_OPENSOURCE_PURE;CONTINUOUS_MINUTE_STREAM;VERIFIED_MODEL_GRID,9a1063c9d75d95f5a2574a3742c41f1aa2a3b28fb3fb39bbdb19870721a55cf8,2026-09-18T11:39:00+00:00,2026-09-18 16:39:00,64.3,1006.5,70
14.0,20.6,52.0,1277.2,370.8,57.7,7.2,4.2,1.0,445.0,269.5,8.8,6.4,63.5,30.6,23.12,False,4095,0.0,26.5,265.5,EXT-OPEN-METEO-KHI,KARACHI,OPENSOURCE_API_GRID,701,,,,0.95,True,True,TIER2_OPENSOURCE_PURE;CONTINUOUS_MINUTE_STREAM;VERIFIED_MODEL_GRID,5325fbd8b534c553397695afdf37bb8f5a0187cd674e9d0aea7d395567a98883,2026-09-18T11:40:00+00:00,2026-09-18 16:40:00,64.4,1006.5,70
14.0,20.6,51.8,1277.2,370.8,57.7,7.2,4.1,1.0,445.0,269.9,8.9,6.5,63.3,30.6,23.12,False,4095,0.0,24.3,261.0,EXT-OPEN-METEO-KHI,KARACHI,OPENSOURCE_API_GRID,702,,,,0.95,True,True,TIER2_OPENSOURCE_PURE;CONTINUOUS_MINUTE_STREAM;VERIFIED_MODEL_GRID,50bfb1cc77c7b3244272cc4300b313d9aa20bce9d409974f9f3201f12d139e90,2026-09-18T11:41:00+00:00,2026-09-18 16:41:00,64.4,1006.5,70
13.9,20.5,51.6,1271.0,369.0,57.4,7.2,4.1,1.0,445.0,270.3,8.9,6.5,63.1,30.6,23.12,False,4095,0.0,22.2,256.8,EXT-OPEN-METEO-KHI,KARACHI,OPENSOURCE_API_GRID,703,,,,0.95,True,True,TIER2_OPENSOURCE_PURE;CONTINUOUS_MINUTE_STREAM;VERIFIED_MODEL_GRID,db6ada0f27b1ae27d63d811dd4336e13a36ffe3d377cdf8fc464bbe03fb40f48,2026-09-18T11:42:00+00:00,2026-09-18 16:42:00,64.4,1006.6,70
13.9,20.5,51.4,1271.0,369.0,57.4,7.2,4.1,1.0,445.0,270.7,9.0,6.5,62.9,30.5,23.05,False,4095,0.0,20.2,252.6,EXT-OPEN-METEO-KHI,KARACHI,OPENSOURCE_API_GRID,704,,,,0.95,True,True,TIER2_OPENSOURCE_PURE;CONTINUOUS_MINUTE_STREAM;VERIFIED_MODEL_GRID,c49b20ee40bc03deb6eac07eb763f059a29c763c6ee990996a16000a5023a22e,2026-09-18T11:43:00+00:00,2026-09-18 16:43:00,64.5,1006.6,70
13.9,20.5,51.2,1271.0,369.0,57.4,7.2,4.1,1.0,445.0,271.0,9.0,6.5,62.7,30.5,23.05,False,4095,0.0,18.2,248.7,EXT-OPEN-METEO-KHI,KARACHI,OPENSOURCE_API_GRID,705,,,,0.95,True,True,TIER2_OPENSOURCE_PURE;CONTINUOUS_MINUTE_STREAM;VERIFIED_MODEL_GRID,4856156c3235939b0c3d0727930803f9068c1ea89b09834ed98af32a4cfce85a,2026-09-18T11:44:00+00:00,2026-09-18 16:44:00,64.5,1006.6,70
13.9,20.5,51.1,1271.0,369.0,57.4,7.2,4.1,1.0,445.0,271.4,9.0,6.5,62.5,30.5,23.07,False,4095,0.0,16.4,244.9,EXT-OPEN-METEO-KHI,KARACHI,OPENSOURCE_API_GRID,706,,,,0.95,True,True,TIER2_OPENSOURCE_PURE;CONTINUOUS_MINUTE_STREAM;VERIFIED_MODEL_GRID,2f54d98bba13ee849702f915de01161fdeacb96da208b9b384643042a291b866,2026-09-18T11:45:00+00:00,2026-09-18 16:45:00,64.6,1006.6,70
13.9,20.4,51.0,1264.8,367.2,57.1,7.1,4.1,1.0,445.0,271.7,9.1,6.5,62.3,30.5,23.07,False,4095,0.0,14.6,241.3,EXT-OPEN-METEO-KHI,KARACHI,OPENSOURCE_API_GRID,707,,,,0.95,True,True,TIER2_OPENSOURCE_PURE;CONTINUOUS_MINUTE_STREAM;VERIFIED_MODEL_GRID,c26f74fb3cf33e18c6614c14998504455aae13b56bfbf508555ba6ef67ced3e2,2026-09-18T11:46:00+00:00,2026-09-18 16:46:00,64.6,1006.6,70
13.9,20.4,50.9,1264.8,367.2,57.1,7.1,4.1,1.0,445.0,272.0,9.1,6.5,62.1,30.5,23.1,False,4095,0.0,12.9,237.9,EXT-OPEN-METEO-KHI,KARACHI,OPENSOURCE_API_GRID,708,,,,0.95,True,True,TIER2_OPENSOURCE_PURE;CONTINUOUS_MINUTE_STREAM;VERIFIED_MODEL_GRID,7189dfb0bf580a128096eb1779a4bf235e6296c510cb81321f7362fa69dacc47,2026-09-18T11:47:00+00:00,2026-09-18 16:47:00,64.7,1006.6,70
13.9,20.5,50.8,1271.0,369.0,57.4,7.2,4.1,1.0,445.0,272.3,9.2,6.5,62.0,30.5,23.13,False,4095,0.0,11.4,234.8,EXT-OPEN-METEO-KHI,KARACHI,OPENSOURCE_API_GRID,709,,,,0.95,True,True,TIER2_OPENSOURCE_PURE;CONTINUOUS_MINUTE_STREAM;VERIFIED_MODEL_GRID,373cefa7eb141d1782cf1da50be2fc12e5a419d05fe16eb66e08ca290c8c8a4f,2026-09-18T11:48:00+00:00,2026-09-18 16:48:00,64.8,1006.6,70
13.9,20.5,50.8,1271.0,369.0,57.4,7.2,4.1,1.0,445.0,272.5,9.2,6.5,61.8,30.5,23.13,False,4095,0.0,9.9,231.8,EXT-OPEN-METEO-KHI,KARACHI,OPENSOURCE_API_GRID,710,,,,0.95,True,True,TIER2_OPENSOURCE_PURE;CONTINUOUS_MINUTE_STREAM;VERIFIED_MODEL_GRID,b5389d5e1012d58d93de15fd5a81217f1d90799ef1af6f20bd7b3e47b277b947,2026-09-18T11:49:00+00:00,2026-09-18 16:49:00,64.8,1006.6,70
13.9,20.5,50.7,1271.0,369.0,57.4,7.2,4.1,1.0,445.0,272.8,9.2,6.5,61.7,30.5,23.15,False,4095,0.0,8.6,229.1,EXT-OPEN-METEO-KHI,KARACHI,OPENSOURCE_API_GRID,711,,,,0.95,True,True,TIER2_OPENSOURCE_PURE;CONTINUOUS_MINUTE_STREAM;VERIFIED_MODEL_GRID,4b94b649883230bcccfd631aefe36b11cf0f23d0cc9e977925fb9550dc774872,2026-09-18T11:50:00+00:00,2026-09-18 16:50:00,64.9,1006.6,70
13.9,20.5,50.7,1271.0,369.0,57.4,7.2,4.1,1.0,445.0,273.0,9.3,6.5,61.5,30.5,23.15,False,4095,0.0,7.3,226.6,EXT-OPEN-METEO-KHI,KARACHI,OPENSOURCE_API_GRID,712,,,,0.95,True,True,TIER2_OPENSOURCE_PURE;CONTINUOUS_MINUTE_STREAM;VERIFIED_MODEL_GRID,386e22d0a022530cf81c21f8501ce45620e10d09bd6f32215e752f6e16d7eaf8,2026-09-18T11:51:00+00:00,2026-09-18 16:51:00,64.9,1006.6,70
13.9,20.5,50.7,1271.0,369.0,57.4,7.2,4.1,1.0,445.0,273.2,9.3,6.5,61.4,30.5,23.18,False,4095,0.0,6.2,224.4,EXT-OPEN-METEO-KHI,KARACHI,OPENSOURCE_API_GRID,713,,,,0.95,True,True,TIER2_OPENSOURCE_PURE;CONTINUOUS_MINUTE_STREAM;VERIFIED_MODEL_GRID,332424b10a1c7a5a4b3a272087836364ded03cd351ae141dc41d138d5f89c8fe,2026-09-18T11:52:00+00:00,2026-09-18 16:52:00,65.0,1006.6,70
13.9,20.5,50.5,1271.0,369.0,57.4,7.2,4.0,1.0,445.0,273.4,9.3,6.5,61.3,30.5,23.2,False,4095,0.0,5.3,222.4,EXT-OPEN-METEO-KHI,KARACHI,OPENSOURCE_API_GRID,714,,,,0.95,True,True,TIER2_OPENSOURCE_PURE;CONTINUOUS_MINUTE_STREAM;VERIFIED_MODEL_GRID,a40534734aa64f02a9582d4fa3e669990c6d1528ee0c4322ebf255885168ad43,2026-09-18T11:53:00+00:00,2026-09-18 16:53:00,65.1,1006.6,70
13.9,20.5,50.5,1271.0,369.0,57.4,7.2,4.0,1.0,445.0,273.6,9.3,6.5,61.2,30.5,23.2,False,4095,0.0,4.4,220.7,EXT-OPEN-METEO-KHI,KARACHI,OPENSOURCE_API_GRID,715,,,,0.95,True,True,TIER2_OPENSOURCE_PURE;CONTINUOUS_MINUTE_STREAM;VERIFIED_MODEL_GRID,148b879f2bd22dc197a6115dfed20b5a89d7e2772cf45bbb5c83ad0bc3bd0601,2026-09-18T11:54:00+00:00,2026-09-18 16:54:00,65.1,1006.6,70
13.9,20.5,50.5,1271.0,369.0,57.4,7.2,4.0,1.0,445.0,273.7,9.4,6.5,61.2,30.5,23.2,False,4095,0.0,3.7,219.2,EXT-OPEN-METEO-KHI,KARACHI,OPENSOURCE_API_GRID,716,,,,0.95,True,True,TIER2_OPENSOURCE_PURE;CONTINUOUS_MINUTE_STREAM;VERIFIED_MODEL_GRID,debdc3e48351da07e9871a329b0d68ced49747cc63f90577141b57ad02c526b3,2026-09-18T11:55:00+00:00,2026-09-18 16:55:00,65.1,1006.6,70
13.9,20.5,50.5,1271.0,369.0,57.4,7.2,4.0,1.0,445.0,273.8,9.4,6.5,61.1,30.5,23.2,False,4095,0.0,3.1,218.0,EXT-OPEN-METEO-KHI,KARACHI,OPENSOURCE_API_GRID,717,,,,0.95,True,True,TIER2_OPENSOURCE_PURE;CONTINUOUS_MINUTE_STREAM;VERIFIED_MODEL_GRID,d944df927458444a1874446e6f8512ed2e9cbeb9d111a54e66b3eef201c43cb2,2026-09-18T11:56:00+00:00,2026-09-18 16:56:00,65.1,1006.6,70
14.0,20.6,50.5,1277.2,370.8,57.7,7.2,4.0,1.0,445.0,273.9,9.4,6.5,61.1,30.5,23.2,False,4095,0.0,2.6,217.0,EXT-OPEN-METEO-KHI,KARACHI,OPENSOURCE_API_GRID,718,,,,0.95,True,True,TIER2_OPENSOURCE_PURE;CONTINUOUS_MINUTE_STREAM;VERIFIED_MODEL_GRID,eb7ee3d2cb80a4408efbe536bce63f5cbaf39dc04dea00bb4dc6dcacf1ff9bed,2026-09-18T11:57:00+00:00,2026-09-18 16:57:00,65.1,1006.6,70
14.0,20.6,50.5,1277.2,370.8,57.7,7.2,4.0,1.0,445.0,274.0,9.4,6.5,61.0,30.5,23.2,False,4095,0.0,2.3,216.3,EXT-OPEN-METEO-KHI,KARACHI,OPENSOURCE_API_GRID,719,,,,0.95,True,True,TIER2_OPENSOURCE_PURE;CONTINUOUS_MINUTE_STREAM;VERIFIED_MODEL_GRID,c884607630e86cd388a6b817bb8d873cb37c211f22caa97d75995732a450d0e6,2026-09-18T11:58:00+00:00,2026-09-18 16:58:00,65.1,1006.6,70
14.0,20.6,50.5,1277.2,370.8,57.7,7.2,4.0,1.0,445.0,274.0,9.4,6.5,61.0,30.5,23.2,False,4095,0.0,2.1,215.9,EXT-OPEN-METEO-KHI,KARACHI,OPENSOURCE_API_GRID,720,,,,0.95,True,True,TIER2_OPENSOURCE_PURE;CONTINUOUS_MINUTE_STREAM;VERIFIED_MODEL_GRID,74edf0045cf96daafb91f9f352168ae9fb662f8e91030f217c2f3aa76fb8b0b1,2026-09-18T11:59:00+00:00,2026-09-18 16:59:00,65.1,1006.6,70
14.0,20.6,50.5,1277.2,370.8,57.7,7.2,4.0,1.0,445.0,274.0,9.4,6.5,61.0,30.5,23.2,False,4095,0.0,2.0,215.8,EXT-OPEN-METEO-KHI,KARACHI,OPENSOURCE_API_GRID,721,,,,0.95,True,False,TIER2_OPENSOURCE_PURE;HOURLY_NODE;VERIFIED_MODEL_GRID,8eeb472d48586b7c71230f9bf6f100079d1ed128d7aa57591e7112b808942e68,2026-09-18T12:00:00+00:00,2026-09-18 17:00:00,65.1,1006.6,70
14.0,20.6,50.5,1277.2,370.8,57.7,7.2,4.0,1.0,445.0,274.0,9.4,6.5,61.0,30.5,23.18,False,4095,0.0,2.0,215.7,EXT-OPEN-METEO-KHI,KARACHI,OPENSOURCE_API_GRID,722,,,,0.95,True,True,TIER2_OPENSOURCE_PURE;CONTINUOUS_MINUTE_STREAM;VERIFIED_MODEL_GRID,c65a2b40e8d3222d5958825d5bd4ae33deae2cff7a29effd3ed2a6b745823800,2026-09-18T12:01:00+00:00,2026-09-18 17:01:00,65.0,1006.6,70
14.0,20.6,50.4,1277.2,370.8,57.7,7.2,4.0,1.0,445.0,274.0,9.4,6.5,61.0,30.5,23.18,False,4095,0.0,2.0,215.4,EXT-OPEN-METEO-KHI,KARACHI,OPENSOURCE_API_GRID,723,,,,0.95,True,True,TIER2_OPENSOURCE_PURE;CONTINUOUS_MINUTE_STREAM;VERIFIED_MODEL_GRID,e2ac63e4b1aa4d3567b205c051f3ab02c9321699a787f9528e54ffd6743d722a,2026-09-18T12:02:00+00:00,2026-09-18 17:02:00,65.0,1006.6,70
13.9,20.5,50.4,1271.0,369.0,57.4,7.2,4.0,1.0,445.0,274.0,9.4,6.5,60.9,30.5,23.18,False,4095,0.0,2.0,214.9,EXT-OPEN-METEO-KHI,KARACHI,OPENSOURCE_API_GRID,724,,,,0.95,True,True,TIER2_OPENSOURCE_PURE;CONTINUOUS_MINUTE_STREAM;VERIFIED_MODEL_GRID,c3fc4ad087cc5aefcb920378c1deef3048aee7cdbca7dacc6370e9631c5c45b1,2026-09-18T12:03:00+00:00,2026-09-18 17:03:00,65.0,1006.6,70
13.9,20.5,50.3,1271.0,369.0,57.4,7.2,4.0,1.0,445.0,274.0,9.4,6.5,60.9,30.5,23.2,False,4095,0.0,2.0,214.2,EXT-OPEN-METEO-KHI,KARACHI,OPENSOURCE_API_GRID,725,,,,0.95,True,True,TIER2_OPENSOURCE_PURE;CONTINUOUS_MINUTE_STREAM;VERIFIED_MODEL_GRID,40bfb8c8ec1805e76b1bbd98ea537adf6fe00af1ac0651ec79f9d283fbb72429,2026-09-18T12:04:00+00:00,2026-09-18 17:04:00,65.1,1006.6,70
13.9,20.5,50.2,1271.0,369.0,57.4,7.2,4.0,1.0,445.0,274.0,9.5,6.5,60.8,30.5,23.2,False,4095,0.0,2.0,213.3,EXT-OPEN-METEO-KHI,KARACHI,OPENSOURCE_API_GRID,726,,,,0.95,True,True,TIER2_OPENSOURCE_PURE;CONTINUOUS_MINUTE_STREAM;VERIFIED_MODEL_GRID,61a5daa815935240d629d0084c20cfd376f4c7e50152ea00d2364826157b9e5f,2026-09-18T12:05:00+00:00,2026-09-18 17:05:00,65.1,1006.6,70
13.9,20.4,50.0,1264.8,367.2,57.1,7.1,4.0,1.0,445.0,274.0,9.5,6.5,60.7,30.5,23.23,False,4095,0.0,2.0,212.2,EXT-OPEN-METEO-KHI,KARACHI,OPENSOURCE_API_GRID,727,,,,0.95,True,True,TIER2_OPENSOURCE_PURE;CONTINUOUS_MINUTE_STREAM;VERIFIED_MODEL_GRID,86074714fdf50da568a12aaf36141979105c1f481198626d1001f2789b6b582e,2026-09-18T12:06:00+00:00,2026-09-18 17:06:00,65.2,1006.6,70
13.8,20.3,49.9,1258.6,365.4,56.8,7.1,4.0,1.0,445.0,274.0,9.5,6.5,60.6,30.5,23.23,False,4095,0.0,2.0,211.0,EXT-OPEN-METEO-KHI,KARACHI,OPENSOURCE_API_GRID,728,,,,0.95,True,True,TIER2_OPENSOURCE_PURE;CONTINUOUS_MINUTE_STREAM;VERIFIED_MODEL_GRID,6575fd1ee31367c8f5f96c51af7099090bd6a75ba515bcca3fc5cf365dd10840,2026-09-18T12:07:00+00:00,2026-09-18 17:07:00,65.2,1006.6,70
13.8,20.3,49.7,1258.6,365.4,56.8,7.1,4.0,1.0,445.0,274.0,9.6,6.5,60.5,30.4,23.16,False,4095,0.0,2.0,209.5,EXT-OPEN-METEO-KHI,KARACHI,OPENSOURCE_API_GRID,729,,,,0.95,True,True,TIER2_OPENSOURCE_PURE;CONTINUOUS_MINUTE_STREAM;VERIFIED_MODEL_GRID,21d5f76d6cf52bba39c9f0664aae7888bd7faca0db39de33ce84ba9456041e58,2026-09-18T12:08:00+00:00,2026-09-18 17:08:00,65.3,1006.6,70
13.7,20.2,49.6,1252.4,363.6,56.6,7.1,4.0,1.0,445.0,274.0,9.6,6.5,60.4,30.4,23.18,False,4095,0.0,2.1,207.9,EXT-OPEN-METEO-KHI,KARACHI,OPENSOURCE_API_GRID,730,,,,0.95,True,True,TIER2_OPENSOURCE_PURE;CONTINUOUS_MINUTE_STREAM;VERIFIED_MODEL_GRID,0894455351d0ec406d6ceb1baea165bcf24b8672852d3c23c6b78bc77a78437d,2026-09-18T12:09:00+00:00,2026-09-18 17:09:00,65.4,1006.6,70
13.7,20.2,49.4,1252.4,363.6,56.6,7.1,4.0,1.0,445.0,274.0,9.7,6.5,60.3,30.4,23.21,False,4095,0.0,2.1,206.0,EXT-OPEN-METEO-KHI,KARACHI,OPENSOURCE_API_GRID,731,,,,0.95,True,True,TIER2_OPENSOURCE_PURE;CONTINUOUS_MINUTE_STREAM;VERIFIED_MODEL_GRID,c9a18c681d3727bb625810b277bbbbc10f7b373dae87d9b2dba208a1863f40cd,2026-09-18T12:10:00+00:00,2026-09-18 17:10:00,65.5,1006.6,70
13.7,20.1,49.2,1246.2,361.8,56.3,7.0,3.9,1.0,445.0,274.0,9.7,6.5,60.1,30.4,23.26,False,4095,0.0,2.1,204.0,EXT-OPEN-METEO-KHI,KARACHI,OPENSOURCE_API_GRID,732,,,,0.95,True,True,TIER2_OPENSOURCE_PURE;CONTINUOUS_MINUTE_STREAM;VERIFIED_MODEL_GRID,663e5c2fc94fce4e9ac9806b7652c69142694ed31972351602fdb925e9113c52,2026-09-18T12:11:00+00:00,2026-09-18 17:11:00,65.7,1006.6,70
13.7,20.1,49.0,1246.2,361.8,56.3,7.0,3.9,1.0,445.0,274.0,9.8,6.5,59.9,30.3,23.19,False,4095,0.0,2.1,201.9,EXT-OPEN-METEO-KHI,KARACHI,OPENSOURCE_API_GRID,733,,,,0.95,True,True,TIER2_OPENSOURCE_PURE;CONTINUOUS_MINUTE_STREAM;VERIFIED_MODEL_GRID,ea6373360e8fade047b86c2bb1004d967176b347367322a5dd4fbd7e934c41cc,2026-09-18T12:12:00+00:00,2026-09-18 17:12:00,65.8,1006.6,70
13.6,20.0,48.9,1240.0,360.0,56.0,7.0,3.9,1.0,445.0,274.0,9.8,6.5,59.8,30.3,23.24,False,4095,0.0,2.1,199.6,EXT-OPEN-METEO-KHI,KARACHI,OPENSOURCE_API_GRID,734,,,,0.95,True,True,TIER2_OPENSOURCE_PURE;CONTINUOUS_MINUTE_STREAM;VERIFIED_MODEL_GRID,49aa9dcecc80b48e3f16dd49433ad68cf2b2ff60737a254c84c997da6cef1fab,2026-09-18T12:13:00+00:00,2026-09-18 17:13:00,66.0,1006.6,70
13.6,20.0,48.7,1240.0,360.0,56.0,7.0,3.9,1.0,445.0,274.0,9.9,6.5,59.6,30.3,23.26,False,4095,0.0,2.1,197.1,EXT-OPEN-METEO-KHI,KARACHI,OPENSOURCE_API_GRID,735,,,,0.95,True,True,TIER2_OPENSOURCE_PURE;CONTINUOUS_MINUTE_STREAM;VERIFIED_MODEL_GRID,9e42a9b60176a689bd4de0638a94842c036cbe27ac435252f953710838776b0e,2026-09-18T12:14:00+00:00,2026-09-18 17:14:00,66.1,1006.6,70
13.5,19.9,48.5,1233.8,358.2,55.7,7.0,3.9,1.0,445.0,274.0,10.0,6.5,59.4,30.2,23.22,False,4095,0.0,2.1,194.4,EXT-OPEN-METEO-KHI,KARACHI,OPENSOURCE_API_GRID,736,,,,0.95,True,True,TIER2_OPENSOURCE_PURE;CONTINUOUS_MINUTE_STREAM;VERIFIED_MODEL_GRID,f99f429066b16bbcd0349a4894caedcd34b047da1667354c63435e9b5bea184a,2026-09-18T12:15:00+00:00,2026-09-18 17:15:00,66.3,1006.7,70
13.5,19.9,48.4,1233.8,358.2,55.7,7.0,3.9,1.0,445.0,274.0,10.0,6.5,59.2,30.2,23.27,False,4095,0.0,2.2,191.7,EXT-OPEN-METEO-KHI,KARACHI,OPENSOURCE_API_GRID,737,,,,0.95,True,True,TIER2_OPENSOURCE_PURE;CONTINUOUS_MINUTE_STREAM;VERIFIED_MODEL_GRID,2bc5ce89008bba57ba2432855fc00459278aab231ba0f491f059fc1896d895bf,2026-09-18T12:16:00+00:00,2026-09-18 17:16:00,66.5,1006.7,70
13.5,19.9,48.2,1233.8,358.2,55.7,7.0,3.9,1.0,445.0,274.0,10.1,6.5,59.0,30.2,23.34,False,4095,0.0,2.2,188.8,EXT-OPEN-METEO-KHI,KARACHI,OPENSOURCE_API_GRID,738,,,,0.95,True,True,TIER2_OPENSOURCE_PURE;CONTINUOUS_MINUTE_STREAM;VERIFIED_MODEL_GRID,89a5df6dddb1ba0cbf8d8cbdab20fd0ed668a219a462bb23448142784c594059,2026-09-18T12:17:00+00:00,2026-09-18 17:17:00,66.8,1006.7,70
13.5,19.9,48.0,1233.8,358.2,55.7,7.0,3.8,1.0,445.0,274.0,10.2,6.5,58.7,30.1,23.3,False,4095,0.0,2.2,185.7,EXT-OPEN-METEO-KHI,KARACHI,OPENSOURCE_API_GRID,739,,,,0.95,True,True,TIER2_OPENSOURCE_PURE;CONTINUOUS_MINUTE_STREAM;VERIFIED_MODEL_GRID,cdb016604f87387a07bde9f1bcf4d11bb31ac5aec003071b02c1bfa581e1a63e,2026-09-18T12:18:00+00:00,2026-09-18 17:18:00,67.0,1006.7,70
13.5,19.9,47.9,1233.8,358.2,55.7,7.0,3.8,1.0,445.0,274.0,10.3,6.5,58.5,30.1,23.35,False,4095,0.0,2.2,182.6,EXT-OPEN-METEO-KHI,KARACHI,OPENSOURCE_API_GRID,740,,,,0.95,True,True,TIER2_OPENSOURCE_PURE;CONTINUOUS_MINUTE_STREAM;VERIFIED_MODEL_GRID,97215c6e7dc3401d07305389094d9a17dfe0f7bb00f974cb39cc178ba3754e2d,2026-09-18T12:19:00+00:00,2026-09-18 17:19:00,67.2,1006.7,70
13.5,19.9,47.7,1233.8,358.2,55.7,7.0,3.8,1.0,445.0,274.0,10.3,6.5,58.2,30.1,23.42,False,4095,0.0,2.2,179.4,EXT-OPEN-METEO-KHI,KARACHI,OPENSOURCE_API_GRID,741,,,,0.95,True,True,TIER2_OPENSOURCE_PURE;CONTINUOUS_MINUTE_STREAM;VERIFIED_MODEL_GRID,f0f826d32b3c902966d5f0dbcc467dd254cb1298d4be919f2dca3b37a5a56e83,2026-09-18T12:20:00+00:00,2026-09-18 17:20:00,67.5,1006.7,70
13.5,19.9,47.6,1233.8,358.2,55.7,7.0,3.8,1.0,445.0,274.0,10.4,6.6,58.0,30.1,23.47,False,4095,0.0,2.3,176.0,EXT-OPEN-METEO-KHI,KARACHI,OPENSOURCE_API_GRID,742,,,,0.95,True,True,TIER2_OPENSOURCE_PURE;CONTINUOUS_MINUTE_STREAM;VERIFIED_MODEL_GRID,d2a616d0563a10449482f4f5e55282372dff00bcf65c20e4f5e8fc6bf8ac9f3b,2026-09-18T12:21:00+00:00,2026-09-18 17:21:00,67.7,1006.7,70
13.5,19.9,47.4,1233.8,358.2,55.7,7.0,3.8,0.9,445.0,274.0,10.5,6.6,57.7,30.0,23.45,False,4095,0.0,2.3,172.6,EXT-OPEN-METEO-KHI,KARACHI,OPENSOURCE_API_GRID,743,,,,0.95,True,True,TIER2_OPENSOURCE_PURE;CONTINUOUS_MINUTE_STREAM;VERIFIED_MODEL_GRID,cbb3516a43ab0b0e490f289606a0c3987e7dbe89c7afdba229b6665c9cdd3bfa,2026-09-18T12:22:00+00:00,2026-09-18 17:22:00,68.0,1006.7,70
13.5,19.9,47.3,1233.8,358.2,55.7,7.0,3.8,0.9,445.0,274.0,10.6,6.6,57.5,30.0,23.52,False,4095,0.0,2.3,169.0,EXT-OPEN-METEO-KHI,KARACHI,OPENSOURCE_API_GRID,744,,,,0.95,True,True,TIER2_OPENSOURCE_PURE;CONTINUOUS_MINUTE_STREAM;VERIFIED_MODEL_GRID,3c62a9ba40abaaeb856ae353708d12e11aeeb20b5512c650d69221bce6ab3180,2026-09-18T12:23:00+00:00,2026-09-18 17:23:00,68.3,1006.7,70
13.5,19.8,46.9,1227.6,356.4,55.4,6.9,3.8,0.9,445.0,274.0,10.7,6.6,57.2,30.0,23.59,False,4095,0.0,2.3,165.4,EXT-OPEN-METEO-KHI,KARACHI,OPENSOURCE_API_GRID,745,,,,0.95,True,True,TIER2_OPENSOURCE_PURE;CONTINUOUS_MINUTE_STREAM;VERIFIED_MODEL_GRID,984326a9d5330e5a7a43ee3a704d870bad2146a7374ccdc2a6e9357d6791bf45,2026-09-18T12:24:00+00:00,2026-09-18 17:24:00,68.6,1006.7,70
13.5,19.8,46.7,1227.6,356.4,55.4,6.9,3.7,0.9,445.0,274.0,10.8,6.6,56.9,30.0,23.67,False,4095,0.0,2.4,161.8,EXT-OPEN-METEO-KHI,KARACHI,OPENSOURCE_API_GRID,746,,,,0.95,True,True,TIER2_OPENSOURCE_PURE;CONTINUOUS_MINUTE_STREAM;VERIFIED_MODEL_GRID,621bcfa5011f63bc20d4a8fe3fe8c932435a730175883f2af8270ec5c06cfdb3,2026-09-18T12:25:00+00:00,2026-09-18 17:25:00,68.9,1006.7,70
13.5,19.8,46.6,1227.6,356.4,55.4,6.9,3.7,0.9,445.0,274.0,10.9,6.6,56.6,29.9,23.62,False,4095,0.0,2.4,158.1,EXT-OPEN-METEO-KHI,KARACHI,OPENSOURCE_API_GRID,747,,,,0.95,True,True,TIER2_OPENSOURCE_PURE;CONTINUOUS_MINUTE_STREAM;VERIFIED_MODEL_GRID,f54f400ef7f4c9ae8678ec0054545887dcbd4209132d036177a605c3596d87a9,2026-09-18T12:26:00+00:00,2026-09-18 17:26:00,69.1,1006.7,70
13.5,19.8,46.4,1227.6,356.4,55.4,6.9,3.7,0.9,445.0,274.0,11.0,6.6,56.4,29.9,23.67,False,4095,0.0,2.4,154.3,EXT-OPEN-METEO-KHI,KARACHI,OPENSOURCE_API_GRID,748,,,,0.95,True,True,TIER2_OPENSOURCE_PURE;CONTINUOUS_MINUTE_STREAM;VERIFIED_MODEL_GRID,371a37a1e404b9c7897405249be540b510fbdf64b5c9bcb2814a8b779074e329,2026-09-18T12:27:00+00:00,2026-09-18 17:27:00,69.3,1006.7,70
13.4,19.7,46.2,1221.4,354.6,55.2,6.9,3.7,0.9,445.0,274.0,11.1,6.6,56.1,29.9,23.74,False,4095,0.0,2.4,150.5,EXT-OPEN-METEO-KHI,KARACHI,OPENSOURCE_API_GRID,749,,,,0.95,True,True,TIER2_OPENSOURCE_PURE;CONTINUOUS_MINUTE_STREAM;VERIFIED_MODEL_GRID,5c382cb35a2d92c51d9a91ba2f5d9851a7af3978f5fe4e043ee787f447c4e4c4,2026-09-18T12:28:00+00:00,2026-09-18 17:28:00,69.6,1006.7,70
13.4,19.7,46.0,1221.4,354.6,55.2,6.9,3.7,0.9,445.0,274.0,11.2,6.6,55.8,29.8,23.69,False,4095,0.0,2.5,146.7,EXT-OPEN-METEO-KHI,KARACHI,OPENSOURCE_API_GRID,750,,,,0.95,True,True,TIER2_OPENSOURCE_PURE;CONTINUOUS_MINUTE_STREAM;VERIFIED_MODEL_GRID,0770a4355448700d2bbefbe2ab5b4020c0651c8a59bcca4f3d60755c836968dd,2026-09-18T12:29:00+00:00,2026-09-18 17:29:00,69.8,1006.8,70
13.4,19.7,45.7,1221.4,354.6,55.2,6.9,3.7,0.9,445.0,274.0,11.3,6.6,55.5,29.8,23.76,False,4095,0.0,2.5,142.9,EXT-OPEN-METEO-KHI,KARACHI,OPENSOURCE_API_GRID,751,,,,0.95,True,True,TIER2_OPENSOURCE_PURE;CONTINUOUS_MINUTE_STREAM;VERIFIED_MODEL_GRID,3a5bc6f890604b5bfbce437159da7a219333fd429e608eafd8c76fe5704f2439,2026-09-18T12:30:00+00:00,2026-09-18 17:30:00,70.1,1006.8,70
13.4,19.7,45.5,1221.4,354.6,55.2,6.9,3.6,0.9,445.0,274.0,11.4,6.6,55.2,29.8,23.81,False,4095,0.0,2.5,139.1,EXT-OPEN-METEO-KHI,KARACHI,OPENSOURCE_API_GRID,752,,,,0.95,True,True,TIER2_OPENSOURCE_PURE;CONTINUOUS_MINUTE_STREAM;VERIFIED_MODEL_GRID,94e563c629cd949caaa977820fb6d9b45dbc64555a7ecac95efeb78abf9261fe,2026-09-18T12:31:00+00:00,2026-09-18 17:31:00,70.3,1006.8,70
13.3,19.6,45.2,1215.2,352.8,54.9,6.9,3.6,0.9,445.0,274.0,11.5,6.6,54.9,29.7,23.79,False,4095,0.0,2.6,135.3,EXT-OPEN-METEO-KHI,KARACHI,OPENSOURCE_API_GRID,753,,,,0.95,True,True,TIER2_OPENSOURCE_PURE;CONTINUOUS_MINUTE_STREAM;VERIFIED_MODEL_GRID,f56d3736d474ee2ed2f9b193c145a4e0505ee4d83c3119ff970c64d7bcf10165,2026-09-18T12:32:00+00:00,2026-09-18 17:32:00,70.6,1006.8,70
13.3,19.5,45.0,1209.0,351.0,54.6,6.8,3.6,0.9,445.0,274.0,11.6,6.6,54.6,29.7,23.83,False,4095,0.0,2.6,131.5,EXT-OPEN-METEO-KHI,KARACHI,OPENSOURCE_API_GRID,754,,,,0.95,True,True,TIER2_OPENSOURCE_PURE;CONTINUOUS_MINUTE_STREAM;VERIFIED_MODEL_GRID,4af9f827a6f9a4b21692ab863fe4def568493a0a0de36694da34deb7c80ec906,2026-09-18T12:33:00+00:00,2026-09-18 17:33:00,70.8,1006.8,70
13.3,19.5,44.7,1209.0,351.0,54.6,6.8,3.6,0.9,445.0,274.0,11.7,6.6,54.4,29.6,23.78,False,4095,0.0,2.6,127.7,EXT-OPEN-METEO-KHI,KARACHI,OPENSOURCE_API_GRID,755,,,,0.95,True,True,TIER2_OPENSOURCE_PURE;CONTINUOUS_MINUTE_STREAM;VERIFIED_MODEL_GRID,64133ab6de49600fd583846787a8b05472b60979406fafe84186b2a5d3dac31b,2026-09-18T12:34:00+00:00,2026-09-18 17:34:00,71.0,1006.8,70
13.2,19.4,44.4,1202.8,349.2,54.3,6.8,3.6,0.9,445.0,274.0,11.8,6.6,54.1,29.6,23.85,False,4095,0.0,2.6,124.0,EXT-OPEN-METEO-KHI,KARACHI,OPENSOURCE_API_GRID,756,,,,0.95,True,True,TIER2_OPENSOURCE_PURE;CONTINUOUS_MINUTE_STREAM;VERIFIED_MODEL_GRID,e9acda0e3b814fec7cf7ed9a58deab816dd929498a7481e2c0ac2b178559bd42,2026-09-18T12:35:00+00:00,2026-09-18 17:35:00,71.3,1006.8,70
13.1,19.3,44.1,1196.6,347.4,54.0,6.8,3.5,0.9,445.0,274.0,11.9,6.6,53.8,29.6,23.9,False,4095,0.0,2.7,120.4,EXT-OPEN-METEO-KHI,KARACHI,OPENSOURCE_API_GRID,757,,,,0.95,True,True,TIER2_OPENSOURCE_PURE;CONTINUOUS_MINUTE_STREAM;VERIFIED_MODEL_GRID,fba27222bb2d26e5ec397887d8b28da9df9747745c2f85c2167fb727a4e4e1b4,2026-09-18T12:36:00+00:00,2026-09-18 17:36:00,71.5,1006.8,70
13.1,19.2,43.8,1190.4,345.6,53.8,6.7,3.5,0.9,445.0,274.0,12.0,6.6,53.5,29.5,23.85,False,4095,0.0,2.7,116.8,EXT-OPEN-METEO-KHI,KARACHI,OPENSOURCE_API_GRID,758,,,,0.95,True,True,TIER2_OPENSOURCE_PURE;CONTINUOUS_MINUTE_STREAM;VERIFIED_MODEL_GRID,7ebe742e7fbc2493b070a522cbbd72dd1a61933bdf6dba31c4c8c64199aabec6,2026-09-18T12:37:00+00:00,2026-09-18 17:37:00,71.7,1006.8,70
13.0,19.1,43.5,1184.2,343.8,53.5,6.7,3.5,0.9,445.0,274.0,12.1,6.6,53.3,29.5,23.9,False,4095,0.0,2.7,113.2,EXT-OPEN-METEO-KHI,KARACHI,OPENSOURCE_API_GRID,759,,,,0.95,True,True,TIER2_OPENSOURCE_PURE;CONTINUOUS_MINUTE_STREAM;VERIFIED_MODEL_GRID,8696bab27a66336c1f661a558a2295ac6e72ca3b3d087c391927c7483e0b3447,2026-09-18T12:38:00+00:00,2026-09-18 17:38:00,71.9,1006.8,70
13.0,19.1,43.2,1184.2,343.8,53.5,6.7,3.5,0.9,445.0,274.0,12.2,6.6,53.0,29.4,23.85,False,4095,0.0,2.7,109.8,EXT-OPEN-METEO-KHI,KARACHI,OPENSOURCE_API_GRID,760,,,,0.95,True,True,TIER2_OPENSOURCE_PURE;CONTINUOUS_MINUTE_STREAM;VERIFIED_MODEL_GRID,be9f0317845d36598967d2ff34a9b3428485bbf706d2c5b4513b831a8fecec8b,2026-09-18T12:39:00+00:00,2026-09-18 17:39:00,72.1,1006.8,70
12.9,19.0,43.0,1178.0,342.0,53.2,6.6,3.4,0.9,445.0,274.0,12.2,6.7,52.8,29.4,23.92,False,4095,0.0,2.8,106.5,EXT-OPEN-METEO-KHI,KARACHI,OPENSOURCE_API_GRID,761,,,,0.95,True,True,TIER2_OPENSOURCE_PURE;CONTINUOUS_MINUTE_STREAM;VERIFIED_MODEL_GRID,92085e9e0333662dca524130a398af59c7165d486a3847fee6b85471e4ebd2d0,2026-09-18T12:40:00+00:00,2026-09-18 17:40:00,72.4,1006.8,70
12.9,18.9,42.7,1171.8,340.2,52.9,6.6,3.4,0.9,445.0,274.0,12.3,6.7,52.5,29.3,23.87,False,4095,0.0,2.8,103.2,EXT-OPEN-METEO-KHI,KARACHI,OPENSOURCE_API_GRID,762,,,,0.95,True,True,TIER2_OPENSOURCE_PURE;CONTINUOUS_MINUTE_STREAM;VERIFIED_MODEL_GRID,fec7ea84f408f35b9902ab52df1fdbe23a0a54fd017b1cbfa4547ca7e436329a,2026-09-18T12:41:00+00:00,2026-09-18 17:41:00,72.6,1006.8,70
12.8,18.8,42.4,1165.6,338.4,52.6,6.6,3.4,0.8,445.0,274.0,12.4,6.7,52.3,29.3,23.91,False,4095,0.0,2.8,100.1,EXT-OPEN-METEO-KHI,KARACHI,OPENSOURCE_API_GRID,763,,,,0.95,True,True,TIER2_OPENSOURCE_PURE;CONTINUOUS_MINUTE_STREAM;VERIFIED_MODEL_GRID,f71a573f1054aeb700f38fbd5940a9ee5bc7b292af82246ebd266ca254428719,2026-09-18T12:42:00+00:00,2026-09-18 17:42:00,72.8,1006.9,70
12.8,18.8,42.2,1165.6,338.4,52.6,6.6,3.4,0.8,445.0,274.0,12.5,6.7,52.0,29.2,23.86,False,4095,0.0,2.8,97.0,EXT-OPEN-METEO-KHI,KARACHI,OPENSOURCE_API_GRID,764,,,,0.95,True,True,TIER2_OPENSOURCE_PURE;CONTINUOUS_MINUTE_STREAM;VERIFIED_MODEL_GRID,5fc0c53376a79393d0758c059edcfaefecd293177c59664dc6971e5aed4da315,2026-09-18T12:43:00+00:00,2026-09-18 17:43:00,73.0,1006.9,70
12.7,18.7,42.0,1159.4,336.6,52.4,6.5,3.4,0.8,445.0,274.0,12.6,6.7,51.8,29.2,23.91,False,4095,0.0,2.8,94.1,EXT-OPEN-METEO-KHI,KARACHI,OPENSOURCE_API_GRID,765,,,,0.95,True,True,TIER2_OPENSOURCE_PURE;CONTINUOUS_MINUTE_STREAM;VERIFIED_MODEL_GRID,05418d7df059d98096f14234a502b5ea9b520b02f98365e024d52aaf34b2cff1,2026-09-18T12:44:00+00:00,2026-09-18 17:44:00,73.2,1006.9,70
12.7,18.7,41.8,1159.4,336.6,52.4,6.5,3.3,0.8,445.0,274.0,12.6,6.7,51.6,29.2,23.95,False,4095,0.0,2.9,91.4,EXT-OPEN-METEO-KHI,KARACHI,OPENSOURCE_API_GRID,766,,,,0.95,True,True,TIER2_OPENSOURCE_PURE;CONTINUOUS_MINUTE_STREAM;VERIFIED_MODEL_GRID,c8954248d5b756f66351a84cc635855dd3b44614fd08aa0d14c78f2c059d7822,2026-09-18T12:45:00+00:00,2026-09-18 17:45:00,73.4,1006.9,70
12.6,18.6,41.6,1153.2,334.8,52.1,6.5,3.3,0.8,445.0,274.0,12.7,6.7,51.4,29.1,23.9,False,4095,0.0,2.9,88.7,EXT-OPEN-METEO-KHI,KARACHI,OPENSOURCE_API_GRID,767,,,,0.95,True,True,TIER2_OPENSOURCE_PURE;CONTINUOUS_MINUTE_STREAM;VERIFIED_MODEL_GRID,dca61089624c48b93d9041abb9648a1f8e30ad8e847fb752bf9369354f91fc51,2026-09-18T12:46:00+00:00,2026-09-18 17:46:00,73.6,1006.9,70
12.6,18.6,41.5,1153.2,334.8,52.1,6.5,3.3,0.8,445.0,274.0,12.8,6.7,51.2,29.1,23.95,False,4095,0.0,2.9,86.2,EXT-OPEN-METEO-KHI,KARACHI,OPENSOURCE_API_GRID,768,,,,0.95,True,True,TIER2_OPENSOURCE_PURE;CONTINUOUS_MINUTE_STREAM;VERIFIED_MODEL_GRID,07d484944fbd0760f56d1f58d09b039f0199705428f71ce59422598c0f6152a1,2026-09-18T12:47:00+00:00,2026-09-18 17:47:00,73.8,1006.9,70
12.6,18.6,41.4,1153.2,334.8,52.1,6.5,3.3,0.8,445.0,274.0,12.8,6.7,51.1,29.1,23.97,False,4095,0.0,2.9,83.9,EXT-OPEN-METEO-KHI,KARACHI,OPENSOURCE_API_GRID,769,,,,0.95,True,True,TIER2_OPENSOURCE_PURE;CONTINUOUS_MINUTE_STREAM;VERIFIED_MODEL_GRID,ef27a51397fff21d06961828011c9a0db2bcd10c9c95b9a4c39eaf79308dd5a8,2026-09-18T12:48:00+00:00,2026-09-18 17:48:00,73.9,1006.9,70
12.6,18.6,41.3,1153.2,334.8,52.1,6.5,3.3,0.8,445.0,274.0,12.9,6.7,50.9,29.1,24.01,False,4095,0.0,2.9,81.8,EXT-OPEN-METEO-KHI,KARACHI,OPENSOURCE_API_GRID,770,,,,0.95,True,True,TIER2_OPENSOURCE_PURE;CONTINUOUS_MINUTE_STREAM;VERIFIED_MODEL_GRID,9ec0c53f8f708daad9e1cb203f9cb67e9dcc020ba630989e665127075be743ca,2026-09-18T12:49:00+00:00,2026-09-18 17:49:00,74.1,1006.9,70
12.6,18.6,41.2,1153.2,334.8,52.1,6.5,3.3,0.8,445.0,274.0,12.9,6.7,50.7,29.1,24.06,False,4095,0.0,2.9,79.8,EXT-OPEN-METEO-KHI,KARACHI,OPENSOURCE_API_GRID,771,,,,0.95,True,True,TIER2_OPENSOURCE_PURE;CONTINUOUS_MINUTE_STREAM;VERIFIED_MODEL_GRID,3b8106441e9b805173119ed3f4fd3d6763bc27937b66c26b008d9b8692c9a7d8,2026-09-18T12:50:00+00:00,2026-09-18 17:50:00,74.3,1006.9,70
12.6,18.6,41.1,1153.2,334.8,52.1,6.5,3.3,0.8,445.0,274.0,13.0,6.7,50.6,29.0,23.99,False,4095,0.0,2.9,77.9,EXT-OPEN-METEO-KHI,KARACHI,OPENSOURCE_API_GRID,772,,,,0.95,True,True,TIER2_OPENSOURCE_PURE;CONTINUOUS_MINUTE_STREAM;VERIFIED_MODEL_GRID,d7e34dc7d0bcb1f37e24d2859e48a26f7eb160558563c5e8f4ef45720025d1a4,2026-09-18T12:51:00+00:00,2026-09-18 17:51:00,74.4,1006.9,70
12.7,18.7,41.1,1159.4,336.6,52.4,6.5,3.3,0.8,445.0,274.0,13.0,6.7,50.5,29.0,24.03,False,4095,0.0,3.0,76.3,EXT-OPEN-METEO-KHI,KARACHI,OPENSOURCE_API_GRID,773,,,,0.95,True,True,TIER2_OPENSOURCE_PURE;CONTINUOUS_MINUTE_STREAM;VERIFIED_MODEL_GRID,f43399420740b17b2a570eb8de7174b924507410e91b724f57144657fd3a3a5e,2026-09-18T12:52:00+00:00,2026-09-18 17:52:00,74.6,1006.9,70
12.7,18.7,41.1,1159.4,336.6,52.4,6.5,3.3,0.8,445.0,274.0,13.1,6.7,50.4,29.0,24.05,False,4095,0.0,3.0,74.8,EXT-OPEN-METEO-KHI,KARACHI,OPENSOURCE_API_GRID,774,,,,0.95,True,True,TIER2_OPENSOURCE_PURE;CONTINUOUS_MINUTE_STREAM;VERIFIED_MODEL_GRID,ec94bd10c246d914e0c7a637e9b92639982d2195539a4f183544a884a48840ee,2026-09-18T12:53:00+00:00,2026-09-18 17:53:00,74.7,1006.9,70
12.7,18.7,41.0,1159.4,336.6,52.4,6.5,3.3,0.8,445.0,274.0,13.1,6.7,50.3,29.0,24.07,False,4095,0.0,3.0,73.6,EXT-OPEN-METEO-KHI,KARACHI,OPENSOURCE_API_GRID,775,,,,0.95,True,True,TIER2_OPENSOURCE_PURE;CONTINUOUS_MINUTE_STREAM;VERIFIED_MODEL_GRID,06b7f718c7ec5cbe266e4b4332c019646169a824aac52b39acd5d5b8cbeff475,2026-09-18T12:54:00+00:00,2026-09-18 17:54:00,74.8,1006.9,70
12.6,18.6,40.9,1153.2,334.8,52.1,6.5,3.3,0.8,445.0,274.0,13.1,6.7,50.2,29.0,24.12,False,4095,0.0,3.0,72.5,EXT-OPEN-METEO-KHI,KARACHI,OPENSOURCE_API_GRID,776,,,,0.95,True,True,TIER2_OPENSOURCE_PURE;CONTINUOUS_MINUTE_STREAM;VERIFIED_MODEL_GRID,d628ea932c140cf06970ad372a9e973da978eef00a6264dcf9aaa3f1f82447a6,2026-09-18T12:55:00+00:00,2026-09-18 17:55:00,75.0,1006.9,70
12.7,18.7,40.9,1159.4,336.6,52.4,6.5,3.3,0.8,445.0,274.0,13.2,6.7,50.1,29.0,24.12,False,4095,0.0,3.0,71.6,EXT-OPEN-METEO-KHI,KARACHI,OPENSOURCE_API_GRID,777,,,,0.95,True,True,TIER2_OPENSOURCE_PURE;CONTINUOUS_MINUTE_STREAM;VERIFIED_MODEL_GRID,5070e4b488ed76ecbdd85483368a6e2581b5ffe64549dad6b2056b598a43977b,2026-09-18T12:56:00+00:00,2026-09-18 17:56:00,75.0,1006.9,70
12.7,18.7,40.9,1159.4,336.6,52.4,6.5,3.3,0.8,445.0,274.0,13.2,6.7,50.1,29.0,24.14,False,4095,0.0,3.0,70.9,EXT-OPEN-METEO-KHI,KARACHI,OPENSOURCE_API_GRID,778,,,,0.95,True,True,TIER2_OPENSOURCE_PURE;CONTINUOUS_MINUTE_STREAM;VERIFIED_MODEL_GRID,fb6c9e1f9f4251daa530e52b64841991866c10dbf2edf26e07292d38ccad7c35,2026-09-18T12:57:00+00:00,2026-09-18 17:57:00,75.1,1006.9,70
12.7,18.7,40.9,1159.4,336.6,52.4,6.5,3.3,0.8,445.0,274.0,13.2,6.7,50.0,29.0,24.14,False,4095,0.0,3.0,70.4,EXT-OPEN-METEO-KHI,KARACHI,OPENSOURCE_API_GRID,779,,,,0.95,True,True,TIER2_OPENSOURCE_PURE;CONTINUOUS_MINUTE_STREAM;VERIFIED_MODEL_GRID,fd239f965ab679391b9b6f97dcc6c117713169cb0acc969fa5ae17ad8bc89176,2026-09-18T12:58:00+00:00,2026-09-18 17:58:00,75.1,1006.9,70
12.8,18.8,40.9,1165.6,338.4,52.6,6.6,3.3,0.8,445.0,274.0,13.2,6.7,50.0,29.0,24.14,False,4095,0.0,3.0,70.1,EXT-OPEN-METEO-KHI,KARACHI,OPENSOURCE_API_GRID,780,,,,0.95,True,True,TIER2_OPENSOURCE_PURE;CONTINUOUS_MINUTE_STREAM;VERIFIED_MODEL_GRID,a49689c1e35a332e343ff1ffc453cdc92780835f5ce331c9c1e438cd73e8cc0e,2026-09-18T12:59:00+00:00,2026-09-18 17:59:00,75.1,1006.9,70
12.8,18.8,41.0,1165.6,338.4,52.6,6.6,3.3,0.8,445.0,274.0,13.2,6.7,50.0,29.0,24.14,False,4095,0.0,3.0,70.0,EXT-OPEN-METEO-KHI,KARACHI,OPENSOURCE_API_GRID,781,,,,0.95,True,False,TIER2_OPENSOURCE_PURE;HOURLY_NODE;VERIFIED_MODEL_GRID,26476da9715d6d68ec25de43b18125f893d273bf146a0d1f3327cadb885a3467,2026-09-18T13:00:00+00:00,2026-09-18 18:00:00,75.1,1006.9,70
12.8,18.8,41.0,1165.6,338.4,52.6,6.6,3.3,0.8,445.0,274.0,13.2,6.7,50.0,29.0,24.14,False,4095,0.0,3.0,70.0,EXT-OPEN-METEO-KHI,KARACHI,OPENSOURCE_API_GRID,782,,,,0.95,True,True,TIER2_OPENSOURCE_PURE;CONTINUOUS_MINUTE_STREAM;VERIFIED_MODEL_GRID,9856972474aa7f8d33eb909715c275964edbc1502c599f5190ebaff2bd06841e,2026-09-18T13:01:00+00:00,2026-09-18 18:01:00,75.1,1006.9,70
12.8,18.8,41.0,1165.6,338.4,52.6,6.6,3.3,0.8,445.0,274.0,13.2,6.7,50.0,29.0,24.14,False,4095,0.0,3.0,69.8,EXT-OPEN-METEO-KHI,KARACHI,OPENSOURCE_API_GRID,783,,,,0.95,True,True,TIER2_OPENSOURCE_PURE;CONTINUOUS_MINUTE_STREAM;VERIFIED_MODEL_GRID,4ca101d7c85e54ff5c9c6bbaedac1804e0eacc75e6fc0fae8d7385fa64d4fea4,2026-09-18T13:02:00+00:00,2026-09-18 18:02:00,75.1,1006.9,70
12.8,18.8,40.9,1165.6,338.4,52.6,6.6,3.3,0.8,445.0,273.9,13.2,6.7,49.9,29.0,24.14,False,4095,0.0,3.0,69.6,EXT-OPEN-METEO-KHI,KARACHI,OPENSOURCE_API_GRID,784,,,,0.95,True,True,TIER2_OPENSOURCE_PURE;CONTINUOUS_MINUTE_STREAM;VERIFIED_MODEL_GRID,0e0d44a0c65263829fa4f51580a1614fedf056159b1b4eb9ba693f09200cc013,2026-09-18T13:03:00+00:00,2026-09-18 18:03:00,75.1,1006.9,70
12.8,18.8,40.9,1165.6,338.4,52.6,6.6,3.3,0.8,445.0,273.9,13.2,6.7,49.9,29.0,24.14,False,4095,0.0,3.0,69.2,EXT-OPEN-METEO-KHI,KARACHI,OPENSOURCE_API_GRID,785,,,,0.95,True,True,TIER2_OPENSOURCE_PURE;CONTINUOUS_MINUTE_STREAM;VERIFIED_MODEL_GRID,9a2b7e902ea81977321c8dd8874ae080dc8c0805cbf53a40fc69ec23e888b7ea,2026-09-18T13:04:00+00:00,2026-09-18 18:04:00,75.1,1006.9,70
12.7,18.7,40.8,1159.4,336.6,52.4,6.5,3.3,0.8,445.0,273.8,13.3,6.7,49.8,29.0,24.14,False,4095,0.0,3.1,68.8,EXT-OPEN-METEO-KHI,KARACHI,OPENSOURCE_API_GRID,786,,,,0.95,True,True,TIER2_OPENSOURCE_PURE;CONTINUOUS_MINUTE_STREAM;VERIFIED_MODEL_GRID,b5e48a030145b2fc917322644754d0bb32bbb0c8bba8d8b886986d9bf221d79e,2026-09-18T13:05:00+00:00,2026-09-18 18:05:00,75.1,1006.9,70
12.7,18.7,40.7,1159.4,336.6,52.4,6.5,3.3,0.8,445.0,273.8,13.3,6.7,49.7,29.0,24.14,False,4095,0.0,3.1,68.3,EXT-OPEN-METEO-KHI,KARACHI,OPENSOURCE_API_GRID,787,,,,0.95,True,True,TIER2_OPENSOURCE_PURE;CONTINUOUS_MINUTE_STREAM;VERIFIED_MODEL_GRID,6082d838e1a7c8d8b6ed1fa1768400c54fe7315b8b4174a6551eff147c0bc6e5,2026-09-18T13:06:00+00:00,2026-09-18 18:06:00,75.1,1006.9,70
12.6,18.6,40.5,1153.2,334.8,52.1,6.5,3.2,0.8,445.0,273.7,13.3,6.7,49.6,29.0,24.14,False,4095,0.0,3.1,67.7,EXT-OPEN-METEO-KHI,KARACHI,OPENSOURCE_API_GRID,788,,,,0.95,True,True,TIER2_OPENSOURCE_PURE;CONTINUOUS_MINUTE_STREAM;VERIFIED_MODEL_GRID,aa74821437230ef92231edde438c12b25b4e5d5c3b2a79a9a2ae9c1bce7221c7,2026-09-18T13:07:00+00:00,2026-09-18 18:07:00,75.1,1006.9,70
12.6,18.6,40.4,1153.2,334.8,52.1,6.5,3.2,0.8,445.0,273.6,13.4,6.7,49.5,29.0,24.14,False,4095,0.0,3.2,67.0,EXT-OPEN-METEO-KHI,KARACHI,OPENSOURCE_API_GRID,789,,,,0.95,True,True,TIER2_OPENSOURCE_PURE;CONTINUOUS_MINUTE_STREAM;VERIFIED_MODEL_GRID,c768fba459ae4b9b6bfe86d2d2f4e9bdb929f7a124306820ef235e0970208723,2026-09-18T13:08:00+00:00,2026-09-18 18:08:00,75.1,1007.0,70
12.6,18.5,40.2,1147.0,333.0,51.8,6.5,3.2,0.8,445.1,273.5,13.4,6.7,49.3,29.0,24.14,False,4095,0.0,3.2,66.2,EXT-OPEN-METEO-KHI,KARACHI,OPENSOURCE_API_GRID,790,,,,0.95,True,True,TIER2_OPENSOURCE_PURE;CONTINUOUS_MINUTE_STREAM;VERIFIED_MODEL_GRID,4b9a08798ca30005696a931734f4aa80da9a795a3edc57c1c8825a07c21ac593,2026-09-18T13:09:00+00:00,2026-09-18 18:09:00,75.1,1007.0,70
12.5,18.4,40.0,1140.8,331.2,51.5,6.4,3.2,0.8,445.1,273.4,13.5,6.7,49.2,29.0,24.14,False,4095,0.0,3.3,65.3,EXT-OPEN-METEO-KHI,KARACHI,OPENSOURCE_API_GRID,791,,,,0.95,True,True,TIER2_OPENSOURCE_PURE;CONTINUOUS_MINUTE_STREAM;VERIFIED_MODEL_GRID,42d9c9ae66241e3f7067525a2a6a3d751148754be1c3012f89128e0b6c2fb666,2026-09-18T13:10:00+00:00,2026-09-18 18:10:00,75.1,1007.0,70
12.4,18.3,39.9,1134.6,329.4,51.2,6.4,3.2,0.8,445.1,273.3,13.6,6.7,49.0,28.9,24.07,False,4095,0.0,3.3,64.4,EXT-OPEN-METEO-KHI,KARACHI,OPENSOURCE_API_GRID,792,,,,0.95,True,True,TIER2_OPENSOURCE_PURE;CONTINUOUS_MINUTE_STREAM;VERIFIED_MODEL_GRID,b0915303b60c95a67292b82663c4e9920c4878f21f16a89487c7616531d1ade5,2026-09-18T13:11:00+00:00,2026-09-18 18:11:00,75.2,1007.0,70
12.4,18.3,39.7,1134.6,329.4,51.2,6.4,3.2,0.8,445.1,273.1,13.6,6.7,48.9,28.9,24.07,False,4095,0.0,3.4,63.3,EXT-OPEN-METEO-KHI,KARACHI,OPENSOURCE_API_GRID,793,,,,0.95,True,True,TIER2_OPENSOURCE_PURE;CONTINUOUS_MINUTE_STREAM;VERIFIED_MODEL_GRID,ab9292efce6437ba26fd7c756e2c83ab3ac1745ab64c9ba8f2509a54fdc071c7,2026-09-18T13:12:00+00:00,2026-09-18 18:12:00,75.2,1007.0,70
12.4,18.2,39.5,1128.4,327.6,51.0,6.4,3.2,0.8,445.1,273.0,13.7,6.7,48.7,28.9,24.09,False,4095,0.0,3.4,62.2,EXT-OPEN-METEO-KHI,KARACHI,OPENSOURCE_API_GRID,794,,,,0.95,True,True,TIER2_OPENSOURCE_PURE;CONTINUOUS_MINUTE_STREAM;VERIFIED_MODEL_GRID,59a445fb4ab749b6bfab98a278eb91b0aff38ce70da9d88061b9f81bdc1f8ff2,2026-09-18T13:13:00+00:00,2026-09-18 18:13:00,75.3,1007.0,70
12.3,18.1,39.3,1122.2,325.8,50.7,6.3,3.1,0.8,445.1,272.8,13.8,6.7,48.5,28.9,24.11,False,4095,0.0,3.5,61.0,EXT-OPEN-METEO-KHI,KARACHI,OPENSOURCE_API_GRID,795,,,,0.95,True,True,TIER2_OPENSOURCE_PURE;CONTINUOUS_MINUTE_STREAM;VERIFIED_MODEL_GRID,09f33cf4221e81dedd146593cf84007ef8167c85e70ed6045c7ee9b2084245b9,2026-09-18T13:14:00+00:00,2026-09-18 18:14:00,75.4,1007.0,70
12.3,18.1,39.1,1122.2,325.8,50.7,6.3,3.1,0.8,445.1,272.7,13.9,6.7,48.2,28.9,24.11,False,4095,0.0,3.6,59.7,EXT-OPEN-METEO-KHI,KARACHI,OPENSOURCE_API_GRID,796,,,,0.95,True,True,TIER2_OPENSOURCE_PURE;CONTINUOUS_MINUTE_STREAM;VERIFIED_MODEL_GRID,0525d84f721e26860a78f5a4de54f8a3265d03b66a8ee5584ccdd0211b1a09c1,2026-09-18T13:15:00+00:00,2026-09-18 18:15:00,75.4,1007.0,70
12.2,18.0,38.9,1116.0,324.0,50.4,6.3,3.1,0.8,445.2,272.5,13.9,6.7,48.0,28.9,24.13,False,4095,0.0,3.7,58.4,EXT-OPEN-METEO-KHI,KARACHI,OPENSOURCE_API_GRID,797,,,,0.95,True,True,TIER2_OPENSOURCE_PURE;CONTINUOUS_MINUTE_STREAM;VERIFIED_MODEL_GRID,cf81e1920446813b8f4b3c9bd060c8eb582265f7f8cc039f62f197435dcbe6f8,2026-09-18T13:16:00+00:00,2026-09-18 18:16:00,75.5,1007.1,70
12.2,18.0,38.8,1116.0,324.0,50.4,6.3,3.1,0.8,445.2,272.3,14.0,6.8,47.8,28.8,24.06,False,4095,0.0,3.7,57.0,EXT-OPEN-METEO-KHI,KARACHI,OPENSOURCE_API_GRID,798,,,,0.95,True,True,TIER2_OPENSOURCE_PURE;CONTINUOUS_MINUTE_STREAM;VERIFIED_MODEL_GRID,bf3457e5fbb823c91ca162d107c22b407bcfd2c518dc59ef5940d3e19f0c5a9e,2026-09-18T13:17:00+00:00,2026-09-18 18:17:00,75.6,1007.1,70
12.2,18.0,38.6,1116.0,324.0,50.4,6.3,3.1,0.8,445.2,272.1,14.1,6.8,47.5,28.8,24.08,False,4095,0.0,3.8,55.6,EXT-OPEN-METEO-KHI,KARACHI,OPENSOURCE_API_GRID,799,,,,0.95,True,True,TIER2_OPENSOURCE_PURE;CONTINUOUS_MINUTE_STREAM;VERIFIED_MODEL_GRID,4ac634e0bf49b6866f41b82d171c615591a35bd2414eb71548bf320a09156345,2026-09-18T13:18:00+00:00,2026-09-18 18:18:00,75.7,1007.1,70
12.2,17.9,38.4,1109.8,322.2,50.1,6.3,3.1,0.8,445.2,272.0,14.2,6.8,47.3,28.8,24.1,False,4095,0.0,3.9,54.1,EXT-OPEN-METEO-KHI,KARACHI,OPENSOURCE_API_GRID,800,,,,0.95,True,True,TIER2_OPENSOURCE_PURE;CONTINUOUS_MINUTE_STREAM;VERIFIED_MODEL_GRID,f2d5ba49a5e1bc0908fb546e58690838d8f8decbbed5b1eb350ca0d404a66f52,2026-09-18T13:19:00+00:00,2026-09-18 18:19:00,75.8,1007.1,70
12.2,17.9,38.3,1109.8,322.2,50.1,6.3,3.1,0.8,445.2,271.8,14.3,6.8,47.0,28.8,24.12,False,4095,0.0,4.0,52.5,EXT-OPEN-METEO-KHI,KARACHI,OPENSOURCE_API_GRID,801,,,,0.95,True,True,TIER2_OPENSOURCE_PURE;CONTINUOUS_MINUTE_STREAM;VERIFIED_MODEL_GRID,264ceebf14eb4b74fad62d28a875113f31d7c65947c1bef6e27b162b402815c2,2026-09-18T13:20:00+00:00,2026-09-18 18:20:00,75.9,1007.1,70
12.2,17.9,38.1,1109.8,322.2,50.1,6.3,3.0,0.8,445.3,271.5,14.4,6.8,46.7,28.8,24.15,False,4095,0.0,4.1,50.9,EXT-OPEN-METEO-KHI,KARACHI,OPENSOURCE_API_GRID,802,,,,0.95,True,True,TIER2_OPENSOURCE_PURE;CONTINUOUS_MINUTE_STREAM;VERIFIED_MODEL_GRID,d5fe3e64170b7069d41b47c5af31c5d786ad4c5d678a57952266a79f0cf3726f,2026-09-18T13:21:00+00:00,2026-09-18 18:21:00,76.0,1007.1,70
12.2,17.9,38.0,1109.8,322.2,50.1,6.3,3.0,0.8,445.3,271.3,14.5,6.8,46.4,28.8,24.19,False,4095,0.0,4.2,49.2,EXT-OPEN-METEO-KHI,KARACHI,OPENSOURCE_API_GRID,803,,,,0.95,True,True,TIER2_OPENSOURCE_PURE;CONTINUOUS_MINUTE_STREAM;VERIFIED_MODEL_GRID,771f9515fca67559c737d65b09f6401f95888cbade86bd5c7ddd552104fc2332,2026-09-18T13:22:00+00:00,2026-09-18 18:22:00,76.2,1007.2,70
12.2,17.9,37.8,1109.8,322.2,50.1,6.3,3.0,0.8,445.3,271.1,14.6,6.8,46.2,28.8,24.21,False,4095,0.0,4.3,47.5,EXT-OPEN-METEO-KHI,KARACHI,OPENSOURCE_API_GRID,804,,,,0.95,True,True,TIER2_OPENSOURCE_PURE;CONTINUOUS_MINUTE_STREAM;VERIFIED_MODEL_GRID,758f84a7b12c38f3773894a5e0ae2f03d4f0ea299982b654420ce4f41b1b4935,2026-09-18T13:23:00+00:00,2026-09-18 18:23:00,76.3,1007.2,70
12.2,17.9,37.7,1109.8,322.2,50.1,6.3,3.0,0.8,445.3,270.9,14.8,6.8,45.9,28.8,24.23,False,4095,0.0,4.4,45.8,EXT-OPEN-METEO-KHI,KARACHI,OPENSOURCE_API_GRID,805,,,,0.95,True,True,TIER2_OPENSOURCE_PURE;CONTINUOUS_MINUTE_STREAM;VERIFIED_MODEL_GRID,46e1e5af82cf5eb853d0569ce3c8b5afd6d4aba479a9cbabaea1d7076128d561,2026-09-18T13:24:00+00:00,2026-09-18 18:24:00,76.4,1007.2,70
12.2,17.9,37.5,1109.8,322.2,50.1,6.3,3.0,0.8,445.4,270.7,14.9,6.8,45.6,28.8,24.26,False,4095,0.0,4.5,44.1,EXT-OPEN-METEO-KHI,KARACHI,OPENSOURCE_API_GRID,806,,,,0.95,True,True,TIER2_OPENSOURCE_PURE;CONTINUOUS_MINUTE_STREAM;VERIFIED_MODEL_GRID,75cb2689382b76915f7696e9174d6c58e09968a7bf3c3dc4dfaa22ba872c6743,2026-09-18T13:25:00+00:00,2026-09-18 18:25:00,76.5,1007.2,70
12.0,17.7,37.2,1097.4,318.6,49.6,6.2,3.0,0.7,445.4,270.4,15.0,6.8,45.2,28.8,24.3,False,4095,0.0,4.6,42.3,EXT-OPEN-METEO-KHI,KARACHI,OPENSOURCE_API_GRID,807,,,,0.95,True,True,TIER2_OPENSOURCE_PURE;CONTINUOUS_MINUTE_STREAM;VERIFIED_MODEL_GRID,5426118c0373f4fe05f7ab864b9de19127e9746f75be6c2e1d5b6d62d6258bdf,2026-09-18T13:26:00+00:00,2026-09-18 18:26:00,76.7,1007.3,70
12.0,17.7,37.0,1097.4,318.6,49.6,6.2,3.0,0.7,445.4,270.2,15.1,6.8,44.9,28.8,24.32,False,4095,0.0,4.7,40.5,EXT-OPEN-METEO-KHI,KARACHI,OPENSOURCE_API_GRID,808,,,,0.95,True,True,TIER2_OPENSOURCE_PURE;CONTINUOUS_MINUTE_STREAM;VERIFIED_MODEL_GRID,c3b7e3766b26c044a8702aba24bcb7d4b14dbe5d9139c8c6e644d69399d300ec,2026-09-18T13:27:00+00:00,2026-09-18 18:27:00,76.8,1007.3,70
12.0,17.7,36.8,1097.4,318.6,49.6,6.2,2.9,0.7,445.4,270.0,15.2,6.8,44.6,28.8,24.34,False,4095,0.0,4.8,38.7,EXT-OPEN-METEO-KHI,KARACHI,OPENSOURCE_API_GRID,809,,,,0.95,True,True,TIER2_OPENSOURCE_PURE;CONTINUOUS_MINUTE_STREAM;VERIFIED_MODEL_GRID,b62508b6b8e28638f47c40525590a4290aa67f886ee0405f2d704b5b12f5241c,2026-09-18T13:28:00+00:00,2026-09-18 18:28:00,76.9,1007.3,70
12.0,17.7,36.7,1097.4,318.6,49.6,6.2,2.9,0.7,445.5,269.7,15.3,6.8,44.3,28.7,24.27,False,4095,0.0,4.9,36.8,EXT-OPEN-METEO-KHI,KARACHI,OPENSOURCE_API_GRID,810,,,,0.95,True,True,TIER2_OPENSOURCE_PURE;CONTINUOUS_MINUTE_STREAM;VERIFIED_MODEL_GRID,0ebe218e826b950259cdff7372988e0596aa8fbf0f7dad5e74b4c4aa23b17292,2026-09-18T13:29:00+00:00,2026-09-18 18:29:00,77.0,1007.3,70
12.0,17.7,36.5,1097.4,318.6,49.6,6.2,2.9,0.7,445.5,269.5,15.4,6.8,44.0,28.7,24.29,False,4095,0.0,5.0,35.0,EXT-OPEN-METEO-KHI,KARACHI,OPENSOURCE_API_GRID,811,,,,0.95,True,True,TIER2_OPENSOURCE_PURE;CONTINUOUS_MINUTE_STREAM;VERIFIED_MODEL_GRID,fece4673b8f9a250006ceca2699770b8fb2fadb872805cf8232a23a0b776e692,2026-09-18T13:30:00+00:00,2026-09-18 18:30:00,77.1,1007.4,70
12.0,17.6,36.3,1091.2,316.8,49.3,6.2,2.9,0.7,445.5,269.3,15.6,6.9,43.7,28.7,24.31,False,4095,0.0,5.1,33.2,EXT-OPEN-METEO-KHI,KARACHI,OPENSOURCE_API_GRID,812,,,,0.95,True,True,TIER2_OPENSOURCE_PURE;CONTINUOUS_MINUTE_STREAM;VERIFIED_MODEL_GRID,2a26d8aa3584da913b3b52365eb151c51cbe45e9562b66c602aaee1a96385fc2,2026-09-18T13:31:00+00:00,2026-09-18 18:31:00,77.2,1007.4,70
12.0,17.6,36.1,1091.2,316.8,49.3,6.2,2.9,0.7,445.6,269.0,15.7,6.9,43.4,28.7,24.33,False,4095,0.0,5.2,31.3,EXT-OPEN-METEO-KHI,KARACHI,OPENSOURCE_API_GRID,813,,,,0.95,True,True,TIER2_OPENSOURCE_PURE;CONTINUOUS_MINUTE_STREAM;VERIFIED_MODEL_GRID,bc59bf78acb40b3f80d5a033004e6913d7b1980ba3825b35aee3ec59cd0d4970,2026-09-18T13:32:00+00:00,2026-09-18 18:32:00,77.3,1007.4,70
11.9,17.5,35.9,1085.0,315.0,49.0,6.1,2.9,0.7,445.6,268.8,15.8,6.9,43.1,28.7,24.35,False,4095,0.0,5.3,29.5,EXT-OPEN-METEO-KHI,KARACHI,OPENSOURCE_API_GRID,814,,,,0.95,True,True,TIER2_OPENSOURCE_PURE;CONTINUOUS_MINUTE_STREAM;VERIFIED_MODEL_GRID,b6baf0b15681308ed0ccf835bcf880d231eff1cdff4f56c3eea70039b0922c36,2026-09-18T13:33:00+00:00,2026-09-18 18:33:00,77.4,1007.4,70
11.9,17.5,35.6,1085.0,315.0,49.0,6.1,2.8,0.7,445.6,268.6,15.9,6.9,42.8,28.7,24.38,False,4095,0.0,5.4,27.7,EXT-OPEN-METEO-KHI,KARACHI,OPENSOURCE_API_GRID,815,,,,0.95,True,True,TIER2_OPENSOURCE_PURE;CONTINUOUS_MINUTE_STREAM;VERIFIED_MODEL_GRID,3e17ec7258990917ee4182c2c6cf3b436b604bff95ce263bab5fc55a91c3934f,2026-09-18T13:34:00+00:00,2026-09-18 18:34:00,77.5,1007.5,70
11.8,17.4,35.4,1078.8,313.2,48.7,6.1,2.8,0.7,445.6,268.3,16.0,6.9,42.4,28.7,24.38,False,4095,0.0,5.5,25.9,EXT-OPEN-METEO-KHI,KARACHI,OPENSOURCE_API_GRID,816,,,,0.95,True,True,TIER2_OPENSOURCE_PURE;CONTINUOUS_MINUTE_STREAM;VERIFIED_MODEL_GRID,cb5d1001f87bee582f9768bdbb7d0f0fc792a6f54f41c81e0c1d72d257fa4894,2026-09-18T13:35:00+00:00,2026-09-18 18:35:00,77.5,1007.5,70
11.8,17.3,35.1,1072.6,311.4,48.4,6.1,2.8,0.7,445.7,268.1,16.1,6.9,42.1,28.7,24.4,False,4095,0.0,5.6,24.2,EXT-OPEN-METEO-KHI,KARACHI,OPENSOURCE_API_GRID,817,,,,0.95,True,True,TIER2_OPENSOURCE_PURE;CONTINUOUS_MINUTE_STREAM;VERIFIED_MODEL_GRID,99fcdd2ba0c7b6d6fd1e3073369cd90f09827345b193857064c40c6f8dbff5ac,2026-09-18T13:36:00+00:00,2026-09-18 18:36:00,77.6,1007.5,70
11.7,17.2,34.8,1066.4,309.6,48.2,6.0,2.8,0.7,445.7,267.9,16.3,6.9,41.8,28.6,24.32,False,4095,0.0,5.7,22.5,EXT-OPEN-METEO-KHI,KARACHI,OPENSOURCE_API_GRID,818,,,,0.95,True,True,TIER2_OPENSOURCE_PURE;CONTINUOUS_MINUTE_STREAM;VERIFIED_MODEL_GRID,e509f996d853d0624be292fa7b22645d3e0b36c1c3ffd9ab1f4e8121a33fd1e7,2026-09-18T13:37:00+00:00,2026-09-18 18:37:00,77.7,1007.5,70
11.6,17.1,34.6,1060.2,307.8,47.9,6.0,2.8,0.7,445.7,267.7,16.4,6.9,41.6,28.6,24.34,False,4095,0.0,5.8,20.8,EXT-OPEN-METEO-KHI,KARACHI,OPENSOURCE_API_GRID,819,,,,0.95,True,True,TIER2_OPENSOURCE_PURE;CONTINUOUS_MINUTE_STREAM;VERIFIED_MODEL_GRID,7ccc9ca40193cf56802292d3bbd9f287a00a35bfe7bb14322ec9af4ee6351231,2026-09-18T13:38:00+00:00,2026-09-18 18:38:00,77.8,1007.6,70
11.6,17.1,34.3,1060.2,307.8,47.9,6.0,2.7,0.7,445.7,267.5,16.5,6.9,41.3,28.6,24.34,False,4095,0.0,5.9,19.1,EXT-OPEN-METEO-KHI,KARACHI,OPENSOURCE_API_GRID,820,,,,0.95,True,True,TIER2_OPENSOURCE_PURE;CONTINUOUS_MINUTE_STREAM;VERIFIED_MODEL_GRID,c188df20cedd1869f212e4777bc4bb60118c31ab15f3d2353281a1258c2b4bd5,2026-09-18T13:39:00+00:00,2026-09-18 18:39:00,77.8,1007.6,70
11.6,17.0,34.0,1054.0,306.0,47.6,5.9,2.7,0.7,445.8,267.2,16.6,6.9,41.0,28.6,24.37,False,4095,0.0,6.0,17.5,EXT-OPEN-METEO-KHI,KARACHI,OPENSOURCE_API_GRID,821,,,,0.95,True,True,TIER2_OPENSOURCE_PURE;CONTINUOUS_MINUTE_STREAM;VERIFIED_MODEL_GRID,b98ff1931e85c02a932d65a8a7ef4a8268cf0d8200ae40e795b0ebd11fba06fb,2026-09-18T13:40:00+00:00,2026-09-18 18:40:00,77.9,1007.6,70
11.5,16.9,33.8,1047.8,304.2,47.3,5.9,2.7,0.7,445.8,267.0,16.7,6.9,40.7,28.5,24.29,False,4095,0.0,6.1,15.9,EXT-OPEN-METEO-KHI,KARACHI,OPENSOURCE_API_GRID,822,,,,0.95,True,True,TIER2_OPENSOURCE_PURE;CONTINUOUS_MINUTE_STREAM;VERIFIED_MODEL_GRID,9d356349a8097ea6d77ee86cd72b3a1247cc355a5f2e43624cae6124d0620e44,2026-09-18T13:41:00+00:00,2026-09-18 18:41:00,78.0,1007.6,70
11.4,16.8,33.5,1041.6,302.4,47.0,5.9,2.7,0.7,445.8,266.9,16.8,6.9,40.5,28.5,24.29,False,4095,0.0,6.2,14.4,EXT-OPEN-METEO-KHI,KARACHI,OPENSOURCE_API_GRID,823,,,,0.95,True,True,TIER2_OPENSOURCE_PURE;CONTINUOUS_MINUTE_STREAM;VERIFIED_MODEL_GRID,ce26e60dada4e2cfb48a5584bec674d3b18c4af29b89be5fd24b387c3837e798,2026-09-18T13:42:00+00:00,2026-09-18 18:42:00,78.0,1007.6,70
11.4,16.7,33.3,1035.4,300.6,46.8,5.8,2.7,0.7,445.8,266.7,16.9,6.9,40.2,28.5,24.31,False,4095,0.0,6.3,13.0,EXT-OPEN-METEO-KHI,KARACHI,OPENSOURCE_API_GRID,824,,,,0.95,True,True,TIER2_OPENSOURCE_PURE;CONTINUOUS_MINUTE_STREAM;VERIFIED_MODEL_GRID,f77c6aaddb81f04dd8de377c4d793b4a07c321f526d9eb4fe5f4dc96ad32d4a6,2026-09-18T13:43:00+00:00,2026-09-18 18:43:00,78.1,1007.7,70
11.3,16.6,33.0,1029.2,298.8,46.5,5.8,2.6,0.7,445.8,266.5,17.0,7.0,40.0,28.5,24.33,False,4095,0.0,6.3,11.6,EXT-OPEN-METEO-KHI,KARACHI,OPENSOURCE_API_GRID,825,,,,0.95,True,True,TIER2_OPENSOURCE_PURE;CONTINUOUS_MINUTE_STREAM;VERIFIED_MODEL_GRID,e1cd43217605331f399553520f385f1a4aa91ab72e936bcc9f00835c2c39e0bf,2026-09-18T13:44:00+00:00,2026-09-18 18:44:00,78.2,1007.7,70
11.2,16.5,32.8,1023.0,297.0,46.2,5.8,2.6,0.7,445.9,266.3,17.0,7.0,39.8,28.5,24.35,False,4095,0.0,6.4,10.3,EXT-OPEN-METEO-KHI,KARACHI,OPENSOURCE_API_GRID,826,,,,0.95,True,True,TIER2_OPENSOURCE_PURE;CONTINUOUS_MINUTE_STREAM;VERIFIED_MODEL_GRID,dd5543160d4173fa986a0b0f05f186d02de012b6398e896427aac4a68d428870,2026-09-18T13:45:00+00:00,2026-09-18 18:45:00,78.3,1007.7,70
11.2,16.5,32.7,1023.0,297.0,46.2,5.8,2.6,0.7,445.9,266.2,17.1,7.0,39.5,28.4,24.26,False,4095,0.0,6.5,9.0,EXT-OPEN-METEO-KHI,KARACHI,OPENSOURCE_API_GRID,827,,,,0.95,True,True,TIER2_OPENSOURCE_PURE;CONTINUOUS_MINUTE_STREAM;VERIFIED_MODEL_GRID,d8d8b331a948883d8b5d17461ec155e4589657f266dd35ba36c3903369ccdfd9,2026-09-18T13:46:00+00:00,2026-09-18 18:46:00,78.3,1007.7,70
11.2,16.4,32.5,1016.8,295.2,45.9,5.7,2.6,0.7,445.9,266.0,17.2,7.0,39.3,28.4,24.28,False,4095,0.0,6.6,7.8,EXT-OPEN-METEO-KHI,KARACHI,OPENSOURCE_API_GRID,828,,,,0.95,True,True,TIER2_OPENSOURCE_PURE;CONTINUOUS_MINUTE_STREAM;VERIFIED_MODEL_GRID,ac0508563f6843b4823ddd23a907af38ac2c296c08fbd1595ee486dbb1ea2918,2026-09-18T13:47:00+00:00,2026-09-18 18:47:00,78.4,1007.7,70
11.2,16.4,32.4,1016.8,295.2,45.9,5.7,2.6,0.6,445.9,265.9,17.3,7.0,39.1,28.4,24.3,False,4095,0.0,6.6,6.7,EXT-OPEN-METEO-KHI,KARACHI,OPENSOURCE_API_GRID,829,,,,0.95,True,True,TIER2_OPENSOURCE_PURE;CONTINUOUS_MINUTE_STREAM;VERIFIED_MODEL_GRID,8b8ec82d195ebf76056b244c37661158bb09f1503bb45013c2ec688b75ecc199,2026-09-18T13:48:00+00:00,2026-09-18 18:48:00,78.5,1007.7,70
11.2,16.4,32.2,1016.8,295.2,45.9,5.7,2.6,0.6,445.9,265.7,17.3,7.0,39.0,28.4,24.32,False,4095,0.0,6.7,5.6,EXT-OPEN-METEO-KHI,KARACHI,OPENSOURCE_API_GRID,830,,,,0.95,True,True,TIER2_OPENSOURCE_PURE;CONTINUOUS_MINUTE_STREAM;VERIFIED_MODEL_GRID,d16ae8019df14d0b56ec942de59550a0b2aac7d48bbf460a6bb2605e7e5ab60f,2026-09-18T13:49:00+00:00,2026-09-18 18:49:00,78.6,1007.7,70
11.2,16.4,32.2,1016.8,295.2,45.9,5.7,2.6,0.6,445.9,265.6,17.4,7.0,38.8,28.4,24.32,False,4095,0.0,6.7,4.7,EXT-OPEN-METEO-KHI,KARACHI,OPENSOURCE_API_GRID,831,,,,0.95,True,True,TIER2_OPENSOURCE_PURE;CONTINUOUS_MINUTE_STREAM;VERIFIED_MODEL_GRID,d1f9bbf8ae9ebce01ef2b8e1be43155a3497ec003c4142b3daf6c6d3aeadbb35,2026-09-18T13:50:00+00:00,2026-09-18 18:50:00,78.6,1007.7,70
11.2,16.4,32.1,1016.8,295.2,45.9,5.7,2.6,0.6,445.9,265.5,17.5,7.0,38.7,28.4,24.34,False,4095,0.0,6.8,3.8,EXT-OPEN-METEO-KHI,KARACHI,OPENSOURCE_API_GRID,832,,,,0.95,True,True,TIER2_OPENSOURCE_PURE;CONTINUOUS_MINUTE_STREAM;VERIFIED_MODEL_GRID,67c5da0cc04ff27351d7b1a37f8beeaf93cfecc80b3d969f0398a1e51a660f3e,2026-09-18T13:51:00+00:00,2026-09-18 18:51:00,78.7,1007.8,70
11.2,16.4,32.0,1016.8,295.2,45.9,5.7,2.6,0.6,446.0,265.4,17.5,7.0,38.5,28.4,24.36,False,4095,0.0,6.8,3.0,EXT-OPEN-METEO-KHI,KARACHI,OPENSOURCE_API_GRID,833,,,,0.95,True,True,TIER2_OPENSOURCE_PURE;CONTINUOUS_MINUTE_STREAM;VERIFIED_MODEL_GRID,897a339a338269dbaf5ab0114398f8287214fa6867195381604f599ec3ca2df4,2026-09-18T13:52:00+00:00,2026-09-18 18:52:00,78.8,1007.8,70
11.2,16.4,32.0,1016.8,295.2,45.9,5.7,2.6,0.6,446.0,265.3,17.6,7.0,38.4,28.4,24.36,False,4095,0.0,6.9,2.3,EXT-OPEN-METEO-KHI,KARACHI,OPENSOURCE_API_GRID,834,,,,0.95,True,True,TIER2_OPENSOURCE_PURE;CONTINUOUS_MINUTE_STREAM;VERIFIED_MODEL_GRID,67b29917623322f829ec7fcaa9e675e48e1b274de6976fcacd8d3849e6673d8e,2026-09-18T13:53:00+00:00,2026-09-18 18:53:00,78.8,1007.8,70
11.2,16.4,32.0,1016.8,295.2,45.9,5.7,2.6,0.6,446.0,265.2,17.6,7.0,38.3,28.4,24.38,False,4095,0.0,6.9,1.7,EXT-OPEN-METEO-KHI,KARACHI,OPENSOURCE_API_GRID,835,,,,0.95,True,True,TIER2_OPENSOURCE_PURE;CONTINUOUS_MINUTE_STREAM;VERIFIED_MODEL_GRID,936184095fbf9e29a2587aef197fd62ad282189d5ece33361d85386b09305543,2026-09-18T13:54:00+00:00,2026-09-18 18:54:00,78.9,1007.8,70
11.2,16.5,32.0,1023.0,297.0,46.2,5.8,2.6,0.6,446.0,265.2,17.6,7.0,38.2,28.4,24.38,False,4095,0.0,6.9,1.2,EXT-OPEN-METEO-KHI,KARACHI,OPENSOURCE_API_GRID,836,,,,0.95,True,True,TIER2_OPENSOURCE_PURE;CONTINUOUS_MINUTE_STREAM;VERIFIED_MODEL_GRID,4dff5d14fac62f1ac632941e4b89c9dd26d54642157a5418bddc190523d6eb51,2026-09-18T13:55:00+00:00,2026-09-18 18:55:00,78.9,1007.8,70
11.2,16.5,32.0,1023.0,297.0,46.2,5.8,2.6,0.6,446.0,265.1,17.7,7.0,38.1,28.4,24.41,False,4095,0.0,7.0,0.8,EXT-OPEN-METEO-KHI,KARACHI,OPENSOURCE_API_GRID,837,,,,0.95,True,True,TIER2_OPENSOURCE_PURE;CONTINUOUS_MINUTE_STREAM;VERIFIED_MODEL_GRID,70ff16becbbad1304d512759d528c422e101e15016796ef908fc08f811c9fe8c,2026-09-18T13:56:00+00:00,2026-09-18 18:56:00,79.0,1007.8,70
11.2,16.4,31.9,1016.8,295.2,45.9,5.7,2.6,0.6,446.0,265.1,17.7,7.0,38.1,28.4,24.43,False,4095,0.0,7.0,0.4,EXT-OPEN-METEO-KHI,KARACHI,OPENSOURCE_API_GRID,838,,,,0.95,True,True,TIER2_OPENSOURCE_PURE;CONTINUOUS_MINUTE_STREAM;VERIFIED_MODEL_GRID,6a260f084e8c4478d72153de203eaea73461bab8f2ba23f0a3141d15085eaf55,2026-09-18T13:57:00+00:00,2026-09-18 18:57:00,79.1,1007.8,70
11.2,16.5,31.9,1023.0,297.0,46.2,5.8,2.6,0.6,446.0,265.0,17.7,7.0,38.0,28.4,24.43,False,4095,0.0,7.0,0.2,EXT-OPEN-METEO-KHI,KARACHI,OPENSOURCE_API_GRID,839,,,,0.95,True,True,TIER2_OPENSOURCE_PURE;CONTINUOUS_MINUTE_STREAM;VERIFIED_MODEL_GRID,535b1c425aa396d478ba56693111e5a4ea08d678e74a7d98e07f64ad55b9ae7b,2026-09-18T13:58:00+00:00,2026-09-18 18:58:00,79.1,1007.8,70
11.2,16.5,31.9,1023.0,297.0,46.2,5.8,2.6,0.6,446.0,265.0,17.7,7.0,38.0,28.4,24.43,False,4095,0.0,7.0,0.0,EXT-OPEN-METEO-KHI,KARACHI,OPENSOURCE_API_GRID,840,,,,0.95,True,True,TIER2_OPENSOURCE_PURE;CONTINUOUS_MINUTE_STREAM;VERIFIED_MODEL_GRID,5b68f965284eea9caa2a5f62c279c23fe6e00479e9f5a93aa9aca97e746bddeb,2026-09-18T13:59:00+00:00,2026-09-18 18:59:00,79.1,1007.8,70
11.2,16.5,32.0,1023.0,297.0,46.2,5.8,2.6,0.6,446.0,265.0,17.7,7.0,38.0,28.4,24.43,False,4095,0.0,7.0,0.0,EXT-OPEN-METEO-KHI,KARACHI,OPENSOURCE_API_GRID,841,,,,0.95,True,False,TIER2_OPENSOURCE_PURE;HOURLY_NODE;VERIFIED_MODEL_GRID,2a4d2087c2aff00a6e593f65ccc2ddcd9978844a473b5014e48ea2bb843ea672,2026-09-18T14:00:00+00:00,2026-09-18 19:00:00,79.1,1007.8,70
11.3,16.6,32.0,1029.2,298.8,46.5,5.8,2.6,0.6,446.0,265.0,17.7,7.0,38.0,28.4,24.43,False,4095,0.0,7.0,0.0,EXT-OPEN-METEO-KHI,KARACHI,OPENSOURCE_API_GRID,842,,,,0.95,True,True,TIER2_OPENSOURCE_PURE;CONTINUOUS_MINUTE_STREAM;VERIFIED_MODEL_GRID,dd81b5930b556577375123aac8fddffd8c47ba94ad0d5848437a9221b6760e17,2026-09-18T14:01:00+00:00,2026-09-18 19:01:00,79.1,1007.8,70
11.3,16.6,32.1,1029.2,298.8,46.5,5.8,2.6,0.6,446.0,265.0,17.7,7.0,38.0,28.4,24.43,False,4095,0.0,7.0,0.0,EXT-OPEN-METEO-KHI,KARACHI,OPENSOURCE_API_GRID,843,,,,0.95,True,True,TIER2_OPENSOURCE_PURE;CONTINUOUS_MINUTE_STREAM;VERIFIED_MODEL_GRID,e78d34feb48c8f163cb51598feb8f6a0c1897ae42b4a27faaad6901b2f5145fc,2026-09-18T14:02:00+00:00,2026-09-18 19:02:00,79.1,1007.8,70
11.3,16.6,32.1,1029.2,298.8,46.5,5.8,2.6,0.6,446.0,264.9,17.7,7.0,37.9,28.4,24.43,False,4095,0.0,7.0,0.0,EXT-OPEN-METEO-KHI,KARACHI,OPENSOURCE_API_GRID,844,,,,0.95,True,True,TIER2_OPENSOURCE_PURE;CONTINUOUS_MINUTE_STREAM;VERIFIED_MODEL_GRID,d7fb4e93495196a097975bd91c53c4a842f8a25b1e77cb44815220c40d83f5a1,2026-09-18T14:03:00+00:00,2026-09-18 19:03:00,79.1,1007.8,70
11.3,16.6,32.0,1029.2,298.8,46.5,5.8,2.6,0.6,446.0,264.9,17.7,7.0,37.9,28.4,24.43,False,4095,0.0,7.0,0.0,EXT-OPEN-METEO-KHI,KARACHI,OPENSOURCE_API_GRID,845,,,,0.95,True,True,TIER2_OPENSOURCE_PURE;CONTINUOUS_MINUTE_STREAM;VERIFIED_MODEL_GRID,ae0038186c3241190644019a26ddbd2d961922db0316ab8c6334fda6c5b7bbd7,2026-09-18T14:04:00+00:00,2026-09-18 19:04:00,79.1,1007.8,70
11.3,16.6,32.0,1029.2,298.8,46.5,5.8,2.6,0.6,446.0,264.8,17.8,7.0,37.8,28.4,24.43,False,4095,0.0,7.1,0.0,EXT-OPEN-METEO-KHI,KARACHI,OPENSOURCE_API_GRID,846,,,,0.95,True,True,TIER2_OPENSOURCE_PURE;CONTINUOUS_MINUTE_STREAM;VERIFIED_MODEL_GRID,c9e3b5b5bcdb285a877ca6e44ce790a5754e7207cedb6c75f814dccbf87d4210,2026-09-18T14:05:00+00:00,2026-09-18 19:05:00,79.1,1007.8,70
11.2,16.5,32.0,1023.0,297.0,46.2,5.8,2.6,0.6,446.0,264.7,17.8,7.0,37.8,28.4,24.41,False,4095,0.0,7.1,0.0,EXT-OPEN-METEO-KHI,KARACHI,OPENSOURCE_API_GRID,847,,,,0.95,True,True,TIER2_OPENSOURCE_PURE;CONTINUOUS_MINUTE_STREAM;VERIFIED_MODEL_GRID,eea492e5af22846b24e3e5fc96bed57928008cf26d61eb2d7f5d5288d41b8400,2026-09-18T14:06:00+00:00,2026-09-18 19:06:00,79.0,1007.8,70
11.2,16.5,31.9,1023.0,297.0,46.2,5.8,2.6,0.6,446.0,264.6,17.8,7.0,37.7,28.4,24.41,False,4095,0.0,7.1,0.0,EXT-OPEN-METEO-KHI,KARACHI,OPENSOURCE_API_GRID,848,,,,0.95,True,True,TIER2_OPENSOURCE_PURE;CONTINUOUS_MINUTE_STREAM;VERIFIED_MODEL_GRID,952c1baad153d99bedf1c7fdc3938f005fa2af7a29095da072fec8130e875193,2026-09-18T14:07:00+00:00,2026-09-18 19:07:00,79.0,1007.8,70
11.2,16.5,31.8,1023.0,297.0,46.2,5.8,2.5,0.6,446.0,264.4,17.9,7.0,37.6,28.4,24.41,False,4095,0.0,7.1,0.0,EXT-OPEN-METEO-KHI,KARACHI,OPENSOURCE_API_GRID,849,,,,0.95,True,True,TIER2_OPENSOURCE_PURE;CONTINUOUS_MINUTE_STREAM;VERIFIED_MODEL_GRID,a45873ecea3cbf43ab654fcd851e6945a627ade1a0a48c8e95645b251b25873b,2026-09-18T14:08:00+00:00,2026-09-18 19:08:00,79.0,1007.8,70
11.2,16.4,31.7,1016.8,295.2,45.9,5.7,2.5,0.6,446.0,264.3,17.9,7.0,37.5,28.4,24.41,False,4095,0.0,7.2,0.0,EXT-OPEN-METEO-KHI,KARACHI,OPENSOURCE_API_GRID,850,,,,0.95,True,True,TIER2_OPENSOURCE_PURE;CONTINUOUS_MINUTE_STREAM;VERIFIED_MODEL_GRID,1d89e056b3cd5d99419f3c2dc533a0a15ac5c90ac0a0c6664d434bfbf4e3802a,2026-09-18T14:09:00+00:00,2026-09-18 19:09:00,79.0,1007.8,70
11.1,16.3,31.6,1010.6,293.4,45.6,5.7,2.5,0.6,446.0,264.1,17.9,7.0,37.4,28.4,24.41,False,4095,0.0,7.2,0.0,EXT-OPEN-METEO-KHI,KARACHI,OPENSOURCE_API_GRID,851,,,,0.95,True,True,TIER2_OPENSOURCE_PURE;CONTINUOUS_MINUTE_STREAM;VERIFIED_MODEL_GRID,dc748ad9badc46249bf09225b6cf7f9974985a37ea1851fe3a7870acd7c1c99c,2026-09-18T14:10:00+00:00,2026-09-18 19:10:00,79.0,1007.8,70
11.1,16.3,31.4,1010.6,293.4,45.6,5.7,2.5,0.6,446.0,264.0,18.0,7.0,37.3,28.4,24.41,False,4095,0.0,7.2,0.0,EXT-OPEN-METEO-KHI,KARACHI,OPENSOURCE_API_GRID,852,,,,0.95,True,True,TIER2_OPENSOURCE_PURE;CONTINUOUS_MINUTE_STREAM;VERIFIED_MODEL_GRID,09e4e76a84e8d90c1e2c49a1c82d2f4cfd807b19178b496523f698b2c7d053b6,2026-09-18T14:11:00+00:00,2026-09-18 19:11:00,79.0,1007.9,70
11.0,16.2,31.3,1004.4,291.6,45.4,5.7,2.5,0.6,446.0,263.8,18.1,7.0,37.1,28.4,24.41,False,4095,0.0,7.3,0.0,EXT-OPEN-METEO-KHI,KARACHI,OPENSOURCE_API_GRID,853,,,,0.95,True,True,TIER2_OPENSOURCE_PURE;CONTINUOUS_MINUTE_STREAM;VERIFIED_MODEL_GRID,ce2474008dcab9c6ae05a3e660533e8f7bff6a980fb47e2c13e0bf43fea14f22,2026-09-18T14:12:00+00:00,2026-09-18 19:12:00,79.0,1007.9,70
11.0,16.2,31.2,1004.4,291.6,45.4,5.7,2.5,0.6,446.0,263.6,18.1,7.0,37.0,28.4,24.41,False,4095,0.0,7.3,0.0,EXT-OPEN-METEO-KHI,KARACHI,OPENSOURCE_API_GRID,854,,,,0.95,True,True,TIER2_OPENSOURCE_PURE;CONTINUOUS_MINUTE_STREAM;VERIFIED_MODEL_GRID,897bae40c0e239e3233d5ad6d0242b2c21f8ed069a0f6473976b1ad138729cbd,2026-09-18T14:13:00+00:00,2026-09-18 19:13:00,79.0,1007.9,70
10.9,16.1,31.0,998.2,289.8,45.1,5.6,2.5,0.6,446.0,263.3,18.2,7.0,36.8,28.4,24.41,False,4095,0.0,7.4,0.0,EXT-OPEN-METEO-KHI,KARACHI,OPENSOURCE_API_GRID,855,,,,0.95,True,True,TIER2_OPENSOURCE_PURE;CONTINUOUS_MINUTE_STREAM;VERIFIED_MODEL_GRID,9eac88575e5ae3d1bd1baba75db6b3ac3df1ff5f2f15185ed142a17b9ffa1d95,2026-09-18T14:14:00+00:00,2026-09-18 19:14:00,79.0,1007.9,70
10.9,16.0,30.9,992.0,288.0,44.8,5.6,2.5,0.6,446.0,263.1,18.2,7.0,36.7,28.3,24.31,False,4095,0.0,7.4,0.0,EXT-OPEN-METEO-KHI,KARACHI,OPENSOURCE_API_GRID,856,,,,0.95,True,True,TIER2_OPENSOURCE_PURE;CONTINUOUS_MINUTE_STREAM;VERIFIED_MODEL_GRID,b418cb37a341595060e615cba3d3b8758373f6d0818096c6743db175e8a50664,2026-09-18T14:15:00+00:00,2026-09-18 19:15:00,79.0,1007.9,70
10.9,16.0,30.8,992.0,288.0,44.8,5.6,2.5,0.6,446.0,262.8,18.3,7.0,36.5,28.3,24.31,False,4095,0.0,7.5,0.0,EXT-OPEN-METEO-KHI,KARACHI,OPENSOURCE_API_GRID,857,,,,0.95,True,True,TIER2_OPENSOURCE_PURE;CONTINUOUS_MINUTE_STREAM;VERIFIED_MODEL_GRID,dbda308cfe10b3ef884d944c1e36da67b24e32a3e3b600bd8d11bf6e51b83a6b,2026-09-18T14:16:00+00:00,2026-09-18 19:16:00,79.0,1007.9,70
10.8,15.9,30.6,985.8,286.2,44.5,5.6,2.4,0.6,446.0,262.6,18.4,7.0,36.3,28.3,24.31,False,4095,0.0,7.6,0.0,EXT-OPEN-METEO-KHI,KARACHI,OPENSOURCE_API_GRID,858,,,,0.95,True,True,TIER2_OPENSOURCE_PURE;CONTINUOUS_MINUTE_STREAM;VERIFIED_MODEL_GRID,cb9a8c3ea3c8ec2bf4e4b6b377c43a967853bd57b75ded8d06e4538c3a6f7bf7,2026-09-18T14:17:00+00:00,2026-09-18 19:17:00,79.0,1007.9,70
10.8,15.9,30.5,985.8,286.2,44.5,5.6,2.4,0.6,446.0,262.3,18.5,7.0,36.1,28.3,24.33,False,4095,0.0,7.6,0.0,EXT-OPEN-METEO-KHI,KARACHI,OPENSOURCE_API_GRID,859,,,,0.95,True,True,TIER2_OPENSOURCE_PURE;CONTINUOUS_MINUTE_STREAM;VERIFIED_MODEL_GRID,031c8f9b6b51e39370a8837ac4760af56700b25691552fb9edb4c545b1e59617,2026-09-18T14:18:00+00:00,2026-09-18 19:18:00,79.1,1007.9,70
10.8,15.9,30.4,985.8,286.2,44.5,5.6,2.4,0.6,446.0,262.0,18.5,7.0,36.0,28.3,24.33,False,4095,0.0,7.7,0.0,EXT-OPEN-METEO-KHI,KARACHI,OPENSOURCE_API_GRID,860,,,,0.95,True,True,TIER2_OPENSOURCE_PURE;CONTINUOUS_MINUTE_STREAM;VERIFIED_MODEL_GRID,5f377779664b3889206a956e5d6e1904bfc3b27756d3af7649c63538889d73e7,2026-09-18T14:19:00+00:00,2026-09-18 19:19:00,79.1,1007.9,70
10.7,15.8,30.3,979.6,284.4,44.2,5.5,2.4,0.6,446.0,261.8,18.6,7.0,35.8,28.3,24.33,False,4095,0.0,7.8,0.0,EXT-OPEN-METEO-KHI,KARACHI,OPENSOURCE_API_GRID,861,,,,0.95,True,True,TIER2_OPENSOURCE_PURE;CONTINUOUS_MINUTE_STREAM;VERIFIED_MODEL_GRID,f976a52c0b4c5bb8b9e1c39a323271379e92468ea25bc0cd788aa80c6ff68749,2026-09-18T14:20:00+00:00,2026-09-18 19:20:00,79.1,1007.9,70
10.7,15.8,30.3,979.6,284.4,44.2,5.5,2.4,0.6,446.0,261.5,18.7,7.1,35.5,28.3,24.35,False,4095,0.0,7.8,0.0,EXT-OPEN-METEO-KHI,KARACHI,OPENSOURCE_API_GRID,862,,,,0.95,True,True,TIER2_OPENSOURCE_PURE;CONTINUOUS_MINUTE_STREAM;VERIFIED_MODEL_GRID,edb753b6dba9b7e93ae6501dad418883c7c82ee0859e74bcfd56eed0a98da78f,2026-09-18T14:21:00+00:00,2026-09-18 19:21:00,79.2,1007.9,70
10.7,15.8,30.2,979.6,284.4,44.2,5.5,2.4,0.6,446.0,261.1,18.8,7.1,35.3,28.3,24.35,False,4095,0.0,7.9,0.0,EXT-OPEN-METEO-KHI,KARACHI,OPENSOURCE_API_GRID,863,,,,0.95,True,True,TIER2_OPENSOURCE_PURE;CONTINUOUS_MINUTE_STREAM;VERIFIED_MODEL_GRID,30df4d198d39e9c215ef88a1032604eadb3269d4cc706446a10446f9d0ceb414,2026-09-18T14:22:00+00:00,2026-09-18 19:22:00,79.2,1007.9,70
10.7,15.8,30.1,979.6,284.4,44.2,5.5,2.4,0.6,446.0,260.8,18.9,7.1,35.1,28.3,24.37,False,4095,0.0,8.0,0.0,EXT-OPEN-METEO-KHI,KARACHI,OPENSOURCE_API_GRID,864,,,,0.95,True,True,TIER2_OPENSOURCE_PURE;CONTINUOUS_MINUTE_STREAM;VERIFIED_MODEL_GRID,18859b3c0984fbb77efc58571e7537ca7c47c26cee21855c70ffb0c7fe37f24e,2026-09-18T14:23:00+00:00,2026-09-18 19:23:00,79.3,1007.9,70
10.7,15.8,30.1,979.6,284.4,44.2,5.5,2.4,0.6,446.0,260.5,19.0,7.1,34.9,28.3,24.37,False,4095,0.0,8.0,0.0,EXT-OPEN-METEO-KHI,KARACHI,OPENSOURCE_API_GRID,865,,,,0.95,True,True,TIER2_OPENSOURCE_PURE;CONTINUOUS_MINUTE_STREAM;VERIFIED_MODEL_GRID,c900a3fbbf5c02a8b5df054d2ae7593083003a6096c5a6afbf3f4749de5f59e1,2026-09-18T14:24:00+00:00,2026-09-18 19:24:00,79.3,1007.9,70
10.7,15.8,30.0,979.6,284.4,44.2,5.5,2.4,0.6,446.0,260.2,19.1,7.1,34.7,28.3,24.39,False,4095,0.0,8.1,0.0,EXT-OPEN-METEO-KHI,KARACHI,OPENSOURCE_API_GRID,866,,,,0.95,True,True,TIER2_OPENSOURCE_PURE;CONTINUOUS_MINUTE_STREAM;VERIFIED_MODEL_GRID,55afc82fc587b27590de3caafb6cca3be4f5f4a2143096e3825eb999ec319dbc,2026-09-18T14:25:00+00:00,2026-09-18 19:25:00,79.4,1007.9,70
10.7,15.8,30.0,979.6,284.4,44.2,5.5,2.4,0.6,446.0,259.9,19.2,7.1,34.4,28.3,24.39,False,4095,0.0,8.2,0.0,EXT-OPEN-METEO-KHI,KARACHI,OPENSOURCE_API_GRID,867,,,,0.95,True,True,TIER2_OPENSOURCE_PURE;CONTINUOUS_MINUTE_STREAM;VERIFIED_MODEL_GRID,9aadc10eccada4ff028302f116fca8d8f6476196fa2e8cd14225d761a017a5fc,2026-09-18T14:26:00+00:00,2026-09-18 19:26:00,79.4,1007.9,70
10.7,15.8,29.9,979.6,284.4,44.2,5.5,2.4,0.6,446.0,259.5,19.3,7.1,34.2,28.3,24.41,False,4095,0.0,8.3,0.0,EXT-OPEN-METEO-KHI,KARACHI,OPENSOURCE_API_GRID,868,,,,0.95,True,True,TIER2_OPENSOURCE_PURE;CONTINUOUS_MINUTE_STREAM;VERIFIED_MODEL_GRID,e67774de930165c3d7953a7b092680c3d35c180cb3fb184d667f4f5c4579d4e3,2026-09-18T14:27:00+00:00,2026-09-18 19:27:00,79.5,1008.0,70
10.7,15.7,29.7,973.4,282.6,44.0,5.5,2.4,0.6,446.0,259.2,19.4,7.1,34.0,28.3,24.43,False,4095,0.0,8.3,0.0,EXT-OPEN-METEO-KHI,KARACHI,OPENSOURCE_API_GRID,869,,,,0.95,True,True,TIER2_OPENSOURCE_PURE;CONTINUOUS_MINUTE_STREAM;VERIFIED_MODEL_GRID,a82744b388c35b476034168db8867e183612525bb172e9a0cc032a0aed39f3c3,2026-09-18T14:28:00+00:00,2026-09-18 19:28:00,79.6,1008.0,70
10.7,15.7,29.6,973.4,282.6,44.0,5.5,2.4,0.6,446.0,258.8,19.5,7.1,33.7,28.3,24.43,False,4095,0.0,8.4,0.0,EXT-OPEN-METEO-KHI,KARACHI,OPENSOURCE_API_GRID,870,,,,0.95,True,True,TIER2_OPENSOURCE_PURE;CONTINUOUS_MINUTE_STREAM;VERIFIED_MODEL_GRID,20d794f01f175bf2d674c644cb43a45033076929c7736ae7e149d5e5de4c0af6,2026-09-18T14:29:00+00:00,2026-09-18 19:29:00,79.6,1008.0,70
10.7,15.7,29.6,973.4,282.6,44.0,5.5,2.4,0.6,446.0,258.5,19.5,7.1,33.5,28.3,24.43,False,4095,0.0,8.5,0.0,EXT-OPEN-METEO-KHI,KARACHI,OPENSOURCE_API_GRID,871,,,,0.95,True,True,TIER2_OPENSOURCE_PURE;CONTINUOUS_MINUTE_STREAM;VERIFIED_MODEL_GRID,a39c459e268e5e10a3a923216676368a5ea441e5c7e95f95183fcbf2bebee807,2026-09-18T14:30:00+00:00,2026-09-18 19:30:00,79.6,1008.0,70
10.7,15.7,29.5,973.4,282.6,44.0,5.5,2.4,0.6,446.0,258.2,19.6,7.1,33.3,28.3,24.46,False,4095,0.0,8.6,0.0,EXT-OPEN-METEO-KHI,KARACHI,OPENSOURCE_API_GRID,872,,,,0.95,True,True,TIER2_OPENSOURCE_PURE;CONTINUOUS_MINUTE_STREAM;VERIFIED_MODEL_GRID,8f9f081574663f8fe86896e5cf256dee5e9947303dd42412d7104d440261eb09,2026-09-18T14:31:00+00:00,2026-09-18 19:31:00,79.7,1008.0,70
10.7,15.7,29.4,973.4,282.6,44.0,5.5,2.4,0.6,446.0,257.8,19.7,7.1,33.0,28.3,24.46,False,4095,0.0,8.7,0.0,EXT-OPEN-METEO-KHI,KARACHI,OPENSOURCE_API_GRID,873,,,,0.95,True,True,TIER2_OPENSOURCE_PURE;CONTINUOUS_MINUTE_STREAM;VERIFIED_MODEL_GRID,432236a65a444ae467046a2e264bdc0412db302f38d2a85c534c58801c4c853a,2026-09-18T14:32:00+00:00,2026-09-18 19:32:00,79.7,1008.0,70
10.7,15.7,29.4,973.4,282.6,44.0,5.5,2.4,0.6,446.0,257.5,19.8,7.1,32.8,28.3,24.46,False,4095,0.0,8.7,0.0,EXT-OPEN-METEO-KHI,KARACHI,OPENSOURCE_API_GRID,874,,,,0.95,True,True,TIER2_OPENSOURCE_PURE;CONTINUOUS_MINUTE_STREAM;VERIFIED_MODEL_GRID,42e4cfd9445952e1273bf912e1fabdf19ba88456f73d5fdcbbf4b1a43a29eca3,2026-09-18T14:33:00+00:00,2026-09-18 19:33:00,79.7,1008.0,70
10.7,15.7,29.3,973.4,282.6,44.0,5.5,2.3,0.6,446.0,257.1,19.9,7.1,32.6,28.3,24.46,False,4095,0.0,8.8,0.0,EXT-OPEN-METEO-KHI,KARACHI,OPENSOURCE_API_GRID,875,,,,0.95,True,True,TIER2_OPENSOURCE_PURE;CONTINUOUS_MINUTE_STREAM;VERIFIED_MODEL_GRID,882cdcaa21cd400b89f1f9f1d9bd16d9a58e2f6e847ff6f199710f288fbd56ed,2026-09-18T14:34:00+00:00,2026-09-18 19:34:00,79.7,1008.1,70
10.7,15.7,29.1,973.4,282.6,44.0,5.5,2.3,0.6,446.0,256.8,20.0,7.1,32.3,28.3,24.46,False,4095,0.0,8.9,0.0,EXT-OPEN-METEO-KHI,KARACHI,OPENSOURCE_API_GRID,876,,,,0.95,True,True,TIER2_OPENSOURCE_PURE;CONTINUOUS_MINUTE_STREAM;VERIFIED_MODEL_GRID,4aad5cad9bd65da08e16f8da7ca88fcfdf6944894faf42ccc32c5710e682d926,2026-09-18T14:35:00+00:00,2026-09-18 19:35:00,79.7,1008.1,70
10.6,15.6,29.0,967.2,280.8,43.7,5.5,2.3,0.6,446.0,256.5,20.1,7.1,32.1,28.3,24.46,False,4095,0.0,9.0,0.0,EXT-OPEN-METEO-KHI,KARACHI,OPENSOURCE_API_GRID,877,,,,0.95,True,True,TIER2_OPENSOURCE_PURE;CONTINUOUS_MINUTE_STREAM;VERIFIED_MODEL_GRID,4e4c56b239a990337b4efe671d656cd8fab2bd31f3abbf30ad6bc5296b15cb18,2026-09-18T14:36:00+00:00,2026-09-18 19:36:00,79.7,1008.1,70
10.6,15.6,28.9,967.2,280.8,43.7,5.5,2.3,0.6,446.0,256.2,20.2,7.1,31.9,28.3,24.46,False,4095,0.0,9.0,0.0,EXT-OPEN-METEO-KHI,KARACHI,OPENSOURCE_API_GRID,878,,,,0.95,True,True,TIER2_OPENSOURCE_PURE;CONTINUOUS_MINUTE_STREAM;VERIFIED_MODEL_GRID,f50e4915c2fa59bc0eaa7b55eed5288b3e512792d2fe55d9819617ce7ea51c15,2026-09-18T14:37:00+00:00,2026-09-18 19:37:00,79.7,1008.1,70
10.5,15.5,28.7,961.0,279.0,43.4,5.4,2.3,0.6,446.0,255.9,20.3,7.1,31.7,28.3,24.46,False,4095,0.0,9.1,0.0,EXT-OPEN-METEO-KHI,KARACHI,OPENSOURCE_API_GRID,879,,,,0.95,True,True,TIER2_OPENSOURCE_PURE;CONTINUOUS_MINUTE_STREAM;VERIFIED_MODEL_GRID,0a57411717e2859e17e9c08b8b3edecbf692685d02d56c05505624b757c106e8,2026-09-18T14:38:00+00:00,2026-09-18 19:38:00,79.7,1008.1,70
10.5,15.4,28.6,954.8,277.2,43.1,5.4,2.3,0.6,446.0,255.5,20.4,7.1,31.5,28.3,24.46,False,4095,0.0,9.2,0.0,EXT-OPEN-METEO-KHI,KARACHI,OPENSOURCE_API_GRID,880,,,,0.95,True,True,TIER2_OPENSOURCE_PURE;CONTINUOUS_MINUTE_STREAM;VERIFIED_MODEL_GRID,eca1ae621af5092ba77d2f06841e49daacab6976f9636cbbb98922d252c8bc7b,2026-09-18T14:39:00+00:00,2026-09-18 19:39:00,79.7,1008.1,70
10.5,15.4,28.4,954.8,277.2,43.1,5.4,2.3,0.6,446.0,255.2,20.5,7.2,31.2,28.3,24.46,False,4095,0.0,9.2,0.0,EXT-OPEN-METEO-KHI,KARACHI,OPENSOURCE_API_GRID,881,,,,0.95,True,True,TIER2_OPENSOURCE_PURE;CONTINUOUS_MINUTE_STREAM;VERIFIED_MODEL_GRID,4ba008b9b496d5d310e5e84e911aa8c4ec72258c95c6b724f040ebe799b6fec0,2026-09-18T14:40:00+00:00,2026-09-18 19:40:00,79.7,1008.1,70
10.4,15.3,28.2,948.6,275.4,42.8,5.4,2.3,0.6,446.0,255.0,20.6,7.2,31.0,28.3,24.46,False,4095,0.0,9.3,0.0,EXT-OPEN-METEO-KHI,KARACHI,OPENSOURCE_API_GRID,882,,,,0.95,True,True,TIER2_OPENSOURCE_PURE;CONTINUOUS_MINUTE_STREAM;VERIFIED_MODEL_GRID,32b3c7bbbc239cf74ad0b9bc47f5facf6a07f6ec8b7661a9e0e096c973c138c7,2026-09-18T14:41:00+00:00,2026-09-18 19:41:00,79.7,1008.1,70
10.3,15.2,28.1,942.4,273.6,42.6,5.3,2.2,0.6,446.0,254.7,20.6,7.2,30.9,28.3,24.46,False,4095,0.0,9.4,0.0,EXT-OPEN-METEO-KHI,KARACHI,OPENSOURCE_API_GRID,883,,,,0.95,True,True,TIER2_OPENSOURCE_PURE;CONTINUOUS_MINUTE_STREAM;VERIFIED_MODEL_GRID,e32ef80ab46b0b392f23eb0b69cbd4cd8d1acd9b2cccc12d0eda845bb4f7a07e,2026-09-18T14:42:00+00:00,2026-09-18 19:42:00,79.7,1008.1,70
10.3,15.1,27.9,936.2,271.8,42.3,5.3,2.2,0.6,446.0,254.4,20.7,7.2,30.7,28.2,24.36,False,4095,0.0,9.4,0.0,EXT-OPEN-METEO-KHI,KARACHI,OPENSOURCE_API_GRID,884,,,,0.95,True,True,TIER2_OPENSOURCE_PURE;CONTINUOUS_MINUTE_STREAM;VERIFIED_MODEL_GRID,884d9f8c162a3ae0adb4c03706b4fa2fa72c2f04fbf4ea79389291797c33fa3b,2026-09-18T14:43:00+00:00,2026-09-18 19:43:00,79.7,1008.1,70
10.3,15.1,27.8,936.2,271.8,42.3,5.3,2.2,0.6,446.0,254.2,20.8,7.2,30.5,28.2,24.36,False,4095,0.0,9.5,0.0,EXT-OPEN-METEO-KHI,KARACHI,OPENSOURCE_API_GRID,885,,,,0.95,True,True,TIER2_OPENSOURCE_PURE;CONTINUOUS_MINUTE_STREAM;VERIFIED_MODEL_GRID,698e8dd9a63596b7bae3551f5775ad8b47b7cb318769ba1cc0ef0aae97677664,2026-09-18T14:44:00+00:00,2026-09-18 19:44:00,79.7,1008.2,70
10.2,15.0,27.6,930.0,270.0,42.0,5.2,2.2,0.6,446.0,253.9,20.9,7.2,30.3,28.2,24.36,False,4095,0.0,9.6,0.0,EXT-OPEN-METEO-KHI,KARACHI,OPENSOURCE_API_GRID,886,,,,0.95,True,True,TIER2_OPENSOURCE_PURE;CONTINUOUS_MINUTE_STREAM;VERIFIED_MODEL_GRID,c2108fed9f960e31254a9b4ff13b6675f59f48e8bce167928a142026e91187f5,2026-09-18T14:45:00+00:00,2026-09-18 19:45:00,79.7,1008.2,70
10.1,14.9,27.5,923.8,268.2,41.7,5.2,2.2,0.6,446.0,253.7,20.9,7.2,30.2,28.2,24.36,False,4095,0.0,9.6,0.0,EXT-OPEN-METEO-KHI,KARACHI,OPENSOURCE_API_GRID,887,,,,0.95,True,True,TIER2_OPENSOURCE_PURE;CONTINUOUS_MINUTE_STREAM;VERIFIED_MODEL_GRID,67328a76bb09db2373296730687ea94368e9c4daeb4f8d317eb0da41f541ebc0,2026-09-18T14:46:00+00:00,2026-09-18 19:46:00,79.7,1008.2,70
10.1,14.9,27.4,923.8,268.2,41.7,5.2,2.2,0.5,446.0,253.4,21.0,7.2,30.0,28.2,24.36,False,4095,0.0,9.7,0.0,EXT-OPEN-METEO-KHI,KARACHI,OPENSOURCE_API_GRID,888,,,,0.95,True,True,TIER2_OPENSOURCE_PURE;CONTINUOUS_MINUTE_STREAM;VERIFIED_MODEL_GRID,5ef9be03d2319611f056e3fa6a22b41b288372ab320e36add2433206540dd591,2026-09-18T14:47:00+00:00,2026-09-18 19:47:00,79.7,1008.2,70
10.1,14.9,27.3,923.8,268.2,41.7,5.2,2.2,0.5,446.0,253.2,21.0,7.2,29.9,28.2,24.38,False,4095,0.0,9.7,0.0,EXT-OPEN-METEO-KHI,KARACHI,OPENSOURCE_API_GRID,889,,,,0.95,True,True,TIER2_OPENSOURCE_PURE;CONTINUOUS_MINUTE_STREAM;VERIFIED_MODEL_GRID,b1d26c2ab2240aa5562a5b6c13075f5158989a0d184dbf654797f7cec41dba4a,2026-09-18T14:48:00+00:00,2026-09-18 19:48:00,79.8,1008.2,70
10.1,14.8,27.2,917.6,266.4,41.4,5.2,2.2,0.5,446.0,253.0,21.1,7.2,29.7,28.2,24.38,False,4095,0.0,9.8,0.0,EXT-OPEN-METEO-KHI,KARACHI,OPENSOURCE_API_GRID,890,,,,0.95,True,True,TIER2_OPENSOURCE_PURE;CONTINUOUS_MINUTE_STREAM;VERIFIED_MODEL_GRID,f80f68b8fcf9574e04311f942a394742f6dab6f027d9415785eb125def67d780,2026-09-18T14:49:00+00:00,2026-09-18 19:49:00,79.8,1008.2,70
10.1,14.8,27.1,917.6,266.4,41.4,5.2,2.2,0.5,446.0,252.9,21.2,7.2,29.6,28.2,24.38,False,4095,0.0,9.8,0.0,EXT-OPEN-METEO-KHI,KARACHI,OPENSOURCE_API_GRID,891,,,,0.95,True,True,TIER2_OPENSOURCE_PURE;CONTINUOUS_MINUTE_STREAM;VERIFIED_MODEL_GRID,026931108f27bb12086670f4f5ba3730854b571af757d0eab39be11128cf2f76,2026-09-18T14:50:00+00:00,2026-09-18 19:50:00,79.8,1008.2,70
10.1,14.8,27.1,917.6,266.4,41.4,5.2,2.2,0.5,446.0,252.7,21.2,7.2,29.5,28.2,24.38,False,4095,0.0,9.8,0.0,EXT-OPEN-METEO-KHI,KARACHI,OPENSOURCE_API_GRID,892,,,,0.95,True,True,TIER2_OPENSOURCE_PURE;CONTINUOUS_MINUTE_STREAM;VERIFIED_MODEL_GRID,64d51ef195f02af5b999cabff3ad6a950a40616cb64c02ad1594baa3e11f7f80,2026-09-18T14:51:00+00:00,2026-09-18 19:51:00,79.8,1008.2,70
10.1,14.8,27.1,917.6,266.4,41.4,5.2,2.2,0.5,446.0,252.6,21.2,7.2,29.4,28.2,24.4,False,4095,0.0,9.9,0.0,EXT-OPEN-METEO-KHI,KARACHI,OPENSOURCE_API_GRID,893,,,,0.95,True,True,TIER2_OPENSOURCE_PURE;CONTINUOUS_MINUTE_STREAM;VERIFIED_MODEL_GRID,afff8ab24c8be3e440ac5821830c2c7f26ac8e64ef3f178682c9daff2a57e2c0,2026-09-18T14:52:00+00:00,2026-09-18 19:52:00,79.9,1008.2,70
10.1,14.8,27.1,917.6,266.4,41.4,5.2,2.2,0.5,446.0,252.4,21.3,7.2,29.3,28.2,24.4,False,4095,0.0,9.9,0.0,EXT-OPEN-METEO-KHI,KARACHI,OPENSOURCE_API_GRID,894,,,,0.95,True,True,TIER2_OPENSOURCE_PURE;CONTINUOUS_MINUTE_STREAM;VERIFIED_MODEL_GRID,124ea5edd8a8d1c11d36fbf1245d6c9668813b293ae6a30a2a96350c0b10fe97,2026-09-18T14:53:00+00:00,2026-09-18 19:53:00,79.9,1008.2,70
10.1,14.8,27.1,917.6,266.4,41.4,5.2,2.2,0.5,446.0,252.3,21.3,7.2,29.2,28.2,24.4,False,4095,0.0,9.9,0.0,EXT-OPEN-METEO-KHI,KARACHI,OPENSOURCE_API_GRID,895,,,,0.95,True,True,TIER2_OPENSOURCE_PURE;CONTINUOUS_MINUTE_STREAM;VERIFIED_MODEL_GRID,334d80dd7bb3f532c32dbfaf5a3aba43a99389b647f643bba39f00b5a161daa3,2026-09-18T14:54:00+00:00,2026-09-18 19:54:00,79.9,1008.2,70
10.1,14.9,27.1,923.8,268.2,41.7,5.2,2.2,0.5,446.0,252.2,21.3,7.2,29.2,28.2,24.42,False,4095,0.0,9.9,0.0,EXT-OPEN-METEO-KHI,KARACHI,OPENSOURCE_API_GRID,896,,,,0.95,True,True,TIER2_OPENSOURCE_PURE;CONTINUOUS_MINUTE_STREAM;VERIFIED_MODEL_GRID,cec5fe11a457d43b6b8c252aad68e1efe3a10aa71c0091221e7249da13d54e3a,2026-09-18T14:55:00+00:00,2026-09-18 19:55:00,80.0,1008.2,70
10.1,14.9,27.1,923.8,268.2,41.7,5.2,2.2,0.5,446.0,252.1,21.4,7.2,29.1,28.2,24.42,False,4095,0.0,10.0,0.0,EXT-OPEN-METEO-KHI,KARACHI,OPENSOURCE_API_GRID,897,,,,0.95,True,True,TIER2_OPENSOURCE_PURE;CONTINUOUS_MINUTE_STREAM;VERIFIED_MODEL_GRID,30e03748d22fa3ab6d3072cf4ed808afef8a0132d370920aec12ecb9e750c616,2026-09-18T14:56:00+00:00,2026-09-18 19:56:00,80.0,1008.2,70
10.1,14.9,27.2,923.8,268.2,41.7,5.2,2.2,0.5,446.0,252.1,21.4,7.2,29.1,28.2,24.42,False,4095,0.0,10.0,0.0,EXT-OPEN-METEO-KHI,KARACHI,OPENSOURCE_API_GRID,898,,,,0.95,True,True,TIER2_OPENSOURCE_PURE;CONTINUOUS_MINUTE_STREAM;VERIFIED_MODEL_GRID,564ec52d709c03612b1770e99281a825a4b0f34a4e2141a11bbe9f014a9958f0,2026-09-18T14:57:00+00:00,2026-09-18 19:57:00,80.0,1008.2,70
10.2,15.0,27.2,930.0,270.0,42.0,5.2,2.2,0.5,446.0,252.0,21.4,7.2,29.0,28.2,24.42,False,4095,0.0,10.0,0.0,EXT-OPEN-METEO-KHI,KARACHI,OPENSOURCE_API_GRID,899,,,,0.95,True,True,TIER2_OPENSOURCE_PURE;CONTINUOUS_MINUTE_STREAM;VERIFIED_MODEL_GRID,aac09c86da2aa23fc8f7ad2efdeaa34b52db30c313df72a288b07b9cb38c5fec,2026-09-18T14:58:00+00:00,2026-09-18 19:58:00,80.0,1008.2,70
10.1,14.9,27.1,923.8,268.2,41.7,5.2,2.2,0.5,446.0,252.0,21.4,7.2,29.0,28.2,24.44,False,4095,0.0,10.0,0.0,EXT-OPEN-METEO-KHI,KARACHI,OPENSOURCE_API_GRID,900,,,,0.95,True,True,TIER2_OPENSOURCE_PURE;CONTINUOUS_MINUTE_STREAM;VERIFIED_MODEL_GRID,06f995316f7d90b20a8297769c92779237baf6f605361e5692f3289571baa670,2026-09-18T14:59:00+00:00,2026-09-18 19:59:00,80.1,1008.2,70
10.1,14.9,27.2,923.8,268.2,41.7,5.2,2.2,0.5,446.0,252.0,21.4,7.2,29.0,28.2,24.44,False,4095,0.0,10.0,0.0,EXT-OPEN-METEO-KHI,KARACHI,OPENSOURCE_API_GRID,901,,,,0.95,True,False,TIER2_OPENSOURCE_PURE;HOURLY_NODE;VERIFIED_MODEL_GRID,6f6b183d04e998e0a966965d7362a3c1f660cd0f52a139e4cbae51dd058be30a,2026-09-18T15:00:00+00:00,2026-09-18 20:00:00,80.1,1008.2,70
10.2,15.0,27.2,930.0,270.0,42.0,5.2,2.2,0.5,446.0,252.0,21.4,7.2,29.0,28.2,24.44,False,4095,0.0,10.0,0.0,EXT-OPEN-METEO-KHI,KARACHI,OPENSOURCE_API_GRID,902,,,,0.95,True,True,TIER2_OPENSOURCE_PURE;CONTINUOUS_MINUTE_STREAM;VERIFIED_MODEL_GRID,e60be24c88f50733d1fcd1f718c1dd4a5487193ecf5af4d3a31e5ede4a8f1a80,2026-09-18T15:01:00+00:00,2026-09-18 20:01:00,80.1,1008.2,70
10.2,15.0,27.3,930.0,270.0,42.0,5.2,2.2,0.5,446.0,252.0,21.4,7.2,29.0,28.2,24.44,False,4095,0.0,10.0,0.0,EXT-OPEN-METEO-KHI,KARACHI,OPENSOURCE_API_GRID,903,,,,0.95,True,True,TIER2_OPENSOURCE_PURE;CONTINUOUS_MINUTE_STREAM;VERIFIED_MODEL_GRID,13f141e2e47b477a1259d087959e9b506ec5329f5969ff9a31700b1798a0c885,2026-09-18T15:02:00+00:00,2026-09-18 20:02:00,80.1,1008.2,70
10.3,15.1,27.3,936.2,271.8,42.3,5.3,2.2,0.5,446.0,251.9,21.4,7.2,29.0,28.2,24.44,False,4095,0.0,10.0,0.0,EXT-OPEN-METEO-KHI,KARACHI,OPENSOURCE_API_GRID,904,,,,0.95,True,True,TIER2_OPENSOURCE_PURE;CONTINUOUS_MINUTE_STREAM;VERIFIED_MODEL_GRID,c823affefaa72e73fc8f06d2a30c35a3aacc024a4874e5859e11761da211dd6a,2026-09-18T15:03:00+00:00,2026-09-18 20:03:00,80.1,1008.2,70
10.3,15.1,27.4,936.2,271.8,42.3,5.3,2.2,0.5,446.0,251.8,21.4,7.2,28.9,28.2,24.44,False,4095,0.0,10.0,0.0,EXT-OPEN-METEO-KHI,KARACHI,OPENSOURCE_API_GRID,905,,,,0.95,True,True,TIER2_OPENSOURCE_PURE;CONTINUOUS_MINUTE_STREAM;VERIFIED_MODEL_GRID,10caa5a18eda2c1758f1ed6ae08f4975ccb85f8f116cd4e0a8b5c127e44c7374,2026-09-18T15:04:00+00:00,2026-09-18 20:04:00,80.1,1008.2,70
10.3,15.1,27.4,936.2,271.8,42.3,5.3,2.2,0.5,446.0,251.8,21.4,7.2,28.9,28.2,24.44,False,4095,0.0,9.9,0.0,EXT-OPEN-METEO-KHI,KARACHI,OPENSOURCE_API_GRID,906,,,,0.95,True,True,TIER2_OPENSOURCE_PURE;CONTINUOUS_MINUTE_STREAM;VERIFIED_MODEL_GRID,2626d8021fed853176555cb6fef3d702b1c41f521930a6f93d29b252a90c14d9,2026-09-18T15:05:00+00:00,2026-09-18 20:05:00,80.1,1008.2,70
10.3,15.1,27.4,936.2,271.8,42.3,5.3,2.2,0.5,446.0,251.7,21.5,7.2,28.9,28.2,24.44,False,4095,0.0,9.9,0.0,EXT-OPEN-METEO-KHI,KARACHI,OPENSOURCE_API_GRID,907,,,,0.95,True,True,TIER2_OPENSOURCE_PURE;CONTINUOUS_MINUTE_STREAM;VERIFIED_MODEL_GRID,60bd2f2fd08f33e50c9aa06b775809ba2e00f9a7278a25200ce27566f5918a0d,2026-09-18T15:06:00+00:00,2026-09-18 20:06:00,80.1,1008.2,70
10.3,15.1,27.3,936.2,271.8,42.3,5.3,2.2,0.5,446.0,251.5,21.5,7.2,28.8,28.2,24.44,False,4095,0.0,9.9,0.0,EXT-OPEN-METEO-KHI,KARACHI,OPENSOURCE_API_GRID,908,,,,0.95,True,True,TIER2_OPENSOURCE_PURE;CONTINUOUS_MINUTE_STREAM;VERIFIED_MODEL_GRID,0108fed623431720f0745729ffd4c8657b5a4ba336744c261c46e08caab7743a,2026-09-18T15:07:00+00:00,2026-09-18 20:07:00,80.1,1008.2,70
10.3,15.1,27.3,936.2,271.8,42.3,5.3,2.2,0.5,446.0,251.4,21.5,7.2,28.8,28.2,24.44,False,4095,0.0,9.9,0.0,EXT-OPEN-METEO-KHI,KARACHI,OPENSOURCE_API_GRID,909,,,,0.95,True,True,TIER2_OPENSOURCE_PURE;CONTINUOUS_MINUTE_STREAM;VERIFIED_MODEL_GRID,43c50ba27084132cb0151c2f59036f09626ff3f252191c2e634cc3279cf01280,2026-09-18T15:08:00+00:00,2026-09-18 20:08:00,80.1,1008.2,70
10.2,15.0,27.3,930.0,270.0,42.0,5.2,2.2,0.5,446.0,251.2,21.5,7.2,28.7,28.2,24.44,False,4095,0.0,9.8,0.0,EXT-OPEN-METEO-KHI,KARACHI,OPENSOURCE_API_GRID,910,,,,0.95,True,True,TIER2_OPENSOURCE_PURE;CONTINUOUS_MINUTE_STREAM;VERIFIED_MODEL_GRID,f828a30e5b0d672448d5a7b296d93b83a3fb1e77466bc74a645ededeaa8f0ff2,2026-09-18T15:09:00+00:00,2026-09-18 20:09:00,80.1,1008.2,70
10.2,15.0,27.2,930.0,270.0,42.0,5.2,2.2,0.5,446.0,251.1,21.6,7.2,28.7,28.2,24.44,False,4095,0.0,9.8,0.0,EXT-OPEN-METEO-KHI,KARACHI,OPENSOURCE_API_GRID,911,,,,0.95,True,True,TIER2_OPENSOURCE_PURE;CONTINUOUS_MINUTE_STREAM;VERIFIED_MODEL_GRID,b47df7d0a26a18f2bd06c743b4e7de1ee4558969ceea774d98ac043a1383e6d3,2026-09-18T15:10:00+00:00,2026-09-18 20:10:00,80.1,1008.3,70
10.2,15.0,27.1,930.0,270.0,42.0,5.2,2.2,0.5,446.0,250.9,21.6,7.2,28.6,28.2,24.44,False,4095,0.0,9.8,0.0,EXT-OPEN-METEO-KHI,KARACHI,OPENSOURCE_API_GRID,912,,,,0.95,True,True,TIER2_OPENSOURCE_PURE;CONTINUOUS_MINUTE_STREAM;VERIFIED_MODEL_GRID,f3b2eb2ae281479fbca6d89325966f9158a32c6903588e04c9257529d3bbf69c,2026-09-18T15:11:00+00:00,2026-09-18 20:11:00,80.1,1008.3,70
10.1,14.9,27.0,923.8,268.2,41.7,5.2,2.2,0.5,446.0,250.7,21.6,7.2,28.5,28.2,24.44,False,4095,0.0,9.7,0.0,EXT-OPEN-METEO-KHI,KARACHI,OPENSOURCE_API_GRID,913,,,,0.95,True,True,TIER2_OPENSOURCE_PURE;CONTINUOUS_MINUTE_STREAM;VERIFIED_MODEL_GRID,976c28fae32acf61ade8a0cb263ba5a29aaedf42dd147fe64d254490882db4ef,2026-09-18T15:12:00+00:00,2026-09-18 20:12:00,80.1,1008.3,70
10.1,14.9,26.9,923.8,268.2,41.7,5.2,2.2,0.5,446.0,250.4,21.7,7.2,28.4,28.2,24.44,False,4095,0.0,9.7,0.0,EXT-OPEN-METEO-KHI,KARACHI,OPENSOURCE_API_GRID,914,,,,0.95,True,True,TIER2_OPENSOURCE_PURE;CONTINUOUS_MINUTE_STREAM;VERIFIED_MODEL_GRID,f6af4ad2615dc97e63b46b0f2d54885c36090e32c936571d99589ac44368ab39,2026-09-18T15:13:00+00:00,2026-09-18 20:13:00,80.1,1008.3,70
10.1,14.8,26.8,917.6,266.4,41.4,5.2,2.1,0.5,446.0,250.2,21.7,7.2,28.4,28.2,24.44,False,4095,0.0,9.6,0.0,EXT-OPEN-METEO-KHI,KARACHI,OPENSOURCE_API_GRID,915,,,,0.95,True,True,TIER2_OPENSOURCE_PURE;CONTINUOUS_MINUTE_STREAM;VERIFIED_MODEL_GRID,0a7e9a4d01b9afbf84297a1a0b51d95d42e48c1ba4c91eed7e2fc4b5d35bffab,2026-09-18T15:14:00+00:00,2026-09-18 20:14:00,80.1,1008.3,70
10.1,14.8,26.7,917.6,266.4,41.4,5.2,2.1,0.5,446.0,249.9,21.8,7.2,28.3,28.2,24.46,False,4095,0.0,9.6,0.0,EXT-OPEN-METEO-KHI,KARACHI,OPENSOURCE_API_GRID,916,,,,0.95,True,True,TIER2_OPENSOURCE_PURE;CONTINUOUS_MINUTE_STREAM;VERIFIED_MODEL_GRID,22e59bd677509f7bcfeb968e15469713f99907090c83e115e689cb3ae9321340,2026-09-18T15:15:00+00:00,2026-09-18 20:15:00,80.2,1008.3,70
10.0,14.7,26.7,911.4,264.6,41.2,5.1,2.1,0.5,446.0,249.7,21.8,7.2,28.2,28.1,24.37,False,4095,0.0,9.5,0.0,EXT-OPEN-METEO-KHI,KARACHI,OPENSOURCE_API_GRID,917,,,,0.95,True,True,TIER2_OPENSOURCE_PURE;CONTINUOUS_MINUTE_STREAM;VERIFIED_MODEL_GRID,74628cee4f4bf122001ab56cc7ca9d42f0c4b8691ba4dfeea26e6aa244a7234d,2026-09-18T15:16:00+00:00,2026-09-18 20:16:00,80.2,1008.3,70
10.0,14.7,26.6,911.4,264.6,41.2,5.1,2.1,0.5,446.0,249.4,21.9,7.3,28.1,28.1,24.37,False,4095,0.0,9.4,0.0,EXT-OPEN-METEO-KHI,KARACHI,OPENSOURCE_API_GRID,918,,,,0.95,True,True,TIER2_OPENSOURCE_PURE;CONTINUOUS_MINUTE_STREAM;VERIFIED_MODEL_GRID,e56767bcdc78207e769cb1d4b1b79442b5d4b9be0b5db3e8b84c27a12f49e23c,2026-09-18T15:17:00+00:00,2026-09-18 20:17:00,80.2,1008.3,70
10.0,14.7,26.5,911.4,264.6,41.2,5.1,2.1,0.5,446.0,249.1,21.9,7.3,28.0,28.1,24.39,False,4095,0.0,9.4,0.0,EXT-OPEN-METEO-KHI,KARACHI,OPENSOURCE_API_GRID,919,,,,0.95,True,True,TIER2_OPENSOURCE_PURE;CONTINUOUS_MINUTE_STREAM;VERIFIED_MODEL_GRID,8aee27a6434d8b9beed1d0bdc29d801669be342181ec578efc9740146f869031,2026-09-18T15:18:00+00:00,2026-09-18 20:18:00,80.3,1008.3,70
9.9,14.6,26.4,905.2,262.8,40.9,5.1,2.1,0.5,446.0,248.8,22.0,7.3,27.9,28.1,24.39,False,4095,0.0,9.3,0.0,EXT-OPEN-METEO-KHI,KARACHI,OPENSOURCE_API_GRID,920,,,,0.95,True,True,TIER2_OPENSOURCE_PURE;CONTINUOUS_MINUTE_STREAM;VERIFIED_MODEL_GRID,9952f70cd3148b4df6ebe0ff08c539c038f723882a1e596c85ab689c03a66e2e,2026-09-18T15:19:00+00:00,2026-09-18 20:19:00,80.3,1008.3,70
9.9,14.6,26.4,905.2,262.8,40.9,5.1,2.1,0.5,446.0,248.5,22.0,7.3,27.8,28.1,24.41,False,4095,0.0,9.2,0.0,EXT-OPEN-METEO-KHI,KARACHI,OPENSOURCE_API_GRID,921,,,,0.95,True,True,TIER2_OPENSOURCE_PURE;CONTINUOUS_MINUTE_STREAM;VERIFIED_MODEL_GRID,271ba175c40e33a1c3cccd2eba4b6b6dd741035d1f8b6cedc63efc77ea38f7d0,2026-09-18T15:20:00+00:00,2026-09-18 20:20:00,80.4,1008.3,70
9.9,14.6,26.4,905.2,262.8,40.9,5.1,2.1,0.5,446.0,248.2,22.1,7.3,27.6,28.1,24.41,False,4095,0.0,9.2,0.0,EXT-OPEN-METEO-KHI,KARACHI,OPENSOURCE_API_GRID,922,,,,0.95,True,True,TIER2_OPENSOURCE_PURE;CONTINUOUS_MINUTE_STREAM;VERIFIED_MODEL_GRID,fdd686f886590c9811a41175966f2e743093f5665a746b8efb1b529a5e0a544e,2026-09-18T15:21:00+00:00,2026-09-18 20:21:00,80.4,1008.3,70
9.9,14.6,26.3,905.2,262.8,40.9,5.1,2.1,0.5,446.0,247.8,22.1,7.3,27.5,28.1,24.43,False,4095,0.0,9.1,0.0,EXT-OPEN-METEO-KHI,KARACHI,OPENSOURCE_API_GRID,923,,,,0.95,True,True,TIER2_OPENSOURCE_PURE;CONTINUOUS_MINUTE_STREAM;VERIFIED_MODEL_GRID,67265ca6fa652665aaf1793ae2a07d93b26d82c3e7b035ea5dee72e101f2bde0,2026-09-18T15:22:00+00:00,2026-09-18 20:22:00,80.5,1008.4,70
9.9,14.6,26.3,905.2,262.8,40.9,5.1,2.1,0.5,446.0,247.5,22.2,7.3,27.4,28.1,24.43,False,4095,0.0,9.0,0.0,EXT-OPEN-METEO-KHI,KARACHI,OPENSOURCE_API_GRID,924,,,,0.95,True,True,TIER2_OPENSOURCE_PURE;CONTINUOUS_MINUTE_STREAM;VERIFIED_MODEL_GRID,8851a4707857211e9f3e0a9f59a49b653856c4bcfb3f81e82c97f2eac07be8e1,2026-09-18T15:23:00+00:00,2026-09-18 20:23:00,80.5,1008.4,70
10.0,14.7,26.3,911.4,264.6,41.2,5.1,2.1,0.5,446.0,247.2,22.3,7.3,27.3,28.0,24.35,False,4095,0.0,9.0,0.0,EXT-OPEN-METEO-KHI,KARACHI,OPENSOURCE_API_GRID,925,,,,0.95,True,True,TIER2_OPENSOURCE_PURE;CONTINUOUS_MINUTE_STREAM;VERIFIED_MODEL_GRID,d47c17985ceb4f20bb8db5eeb9c424c2fad054bf7268b1ef503f0e12ee5d14a8,2026-09-18T15:24:00+00:00,2026-09-18 20:24:00,80.6,1008.4,70
10.0,14.7,26.4,911.4,264.6,41.2,5.1,2.1,0.5,446.0,246.8,22.3,7.3,27.1,28.0,24.37,False,4095,0.0,8.9,0.0,EXT-OPEN-METEO-KHI,KARACHI,OPENSOURCE_API_GRID,926,,,,0.95,True,True,TIER2_OPENSOURCE_PURE;CONTINUOUS_MINUTE_STREAM;VERIFIED_MODEL_GRID,f41d1a405e7175d253de18a0334cb05a04e9e85be128d38eec5e5aa8aa9f7b0a,2026-09-18T15:25:00+00:00,2026-09-18 20:25:00,80.7,1008.4,70
10.0,14.7,26.4,911.4,264.6,41.2,5.1,2.1,0.5,446.0,246.5,22.4,7.3,27.0,28.0,24.39,False,4095,0.0,8.8,0.0,EXT-OPEN-METEO-KHI,KARACHI,OPENSOURCE_API_GRID,927,,,,0.95,True,True,TIER2_OPENSOURCE_PURE;CONTINUOUS_MINUTE_STREAM;VERIFIED_MODEL_GRID,f9cd447a57aa59eefe08c78a5c08b6b05d15724a894a0f5589802cae111bbccc,2026-09-18T15:26:00+00:00,2026-09-18 20:26:00,80.8,1008.4,70
10.1,14.8,26.4,917.6,266.4,41.4,5.2,2.1,0.5,446.0,246.1,22.5,7.3,26.9,28.0,24.39,False,4095,0.0,8.7,0.0,EXT-OPEN-METEO-KHI,KARACHI,OPENSOURCE_API_GRID,928,,,,0.95,True,True,TIER2_OPENSOURCE_PURE;CONTINUOUS_MINUTE_STREAM;VERIFIED_MODEL_GRID,12b1464af40e977f1c42112a48e4f5ffd568cda10820cf10d39b1a57085656f4,2026-09-18T15:27:00+00:00,2026-09-18 20:27:00,80.8,1008.4,70
10.1,14.8,26.4,917.6,266.4,41.4,5.2,2.1,0.5,446.0,245.7,22.5,7.3,26.8,28.0,24.41,False,4095,0.0,8.7,0.0,EXT-OPEN-METEO-KHI,KARACHI,OPENSOURCE_API_GRID,929,,,,0.95,True,True,TIER2_OPENSOURCE_PURE;CONTINUOUS_MINUTE_STREAM;VERIFIED_MODEL_GRID,15e68efa7d80b1b654487ab6aa48069e967e7350714b9b5b4e83aa06bd7c56ff,2026-09-18T15:28:00+00:00,2026-09-18 20:28:00,80.9,1008.4,70
10.1,14.8,26.5,917.6,266.4,41.4,5.2,2.1,0.5,446.0,245.4,22.6,7.3,26.6,28.0,24.43,False,4095,0.0,8.6,0.0,EXT-OPEN-METEO-KHI,KARACHI,OPENSOURCE_API_GRID,930,,,,0.95,True,True,TIER2_OPENSOURCE_PURE;CONTINUOUS_MINUTE_STREAM;VERIFIED_MODEL_GRID,5aa90c029b386a74e95b612028d742b363d03f1993c805ea2dd7d24f27855373,2026-09-18T15:29:00+00:00,2026-09-18 20:29:00,81.0,1008.4,70
10.1,14.8,26.3,917.6,266.4,41.4,5.2,2.1,0.5,446.0,245.0,22.6,7.3,26.5,28.0,24.47,False,4095,0.0,8.5,0.0,EXT-OPEN-METEO-KHI,KARACHI,OPENSOURCE_API_GRID,931,,,,0.95,True,True,TIER2_OPENSOURCE_PURE;CONTINUOUS_MINUTE_STREAM;VERIFIED_MODEL_GRID,846e76c81bb77e51d319294e0e8207831e16f99e800c14c66742ce39b1feb4fc,2026-09-18T15:30:00+00:00,2026-09-18 20:30:00,81.2,1008.5,70
10.1,14.8,26.3,917.6,266.4,41.4,5.2,2.1,0.5,446.0,244.6,22.7,7.4,26.4,28.1,24.57,False,4095,0.0,8.4,0.0,EXT-OPEN-METEO-KHI,KARACHI,OPENSOURCE_API_GRID,932,,,,0.95,True,True,TIER2_OPENSOURCE_PURE;CONTINUOUS_MINUTE_STREAM;VERIFIED_MODEL_GRID,b9cdcbf886576c5f81a6f7afbdddd26df3ffe94741bf016b712050b4aa82c272,2026-09-18T15:31:00+00:00,2026-09-18 20:31:00,81.2,1008.5,70
10.1,14.8,26.3,917.6,266.4,41.4,5.2,2.1,0.5,446.0,244.3,22.8,7.4,26.2,28.1,24.57,False,4095,0.0,8.3,0.0,EXT-OPEN-METEO-KHI,KARACHI,OPENSOURCE_API_GRID,933,,,,0.95,True,True,TIER2_OPENSOURCE_PURE;CONTINUOUS_MINUTE_STREAM;VERIFIED_MODEL_GRID,20b04a343bb8b7a9e31508f08b4dd8bb42cbec82927ca7262dfbcc637c02229f,2026-09-18T15:32:00+00:00,2026-09-18 20:32:00,81.2,1008.5,70
10.1,14.9,26.4,923.8,268.2,41.7,5.2,2.1,0.5,446.0,243.9,22.8,7.4,26.1,28.1,24.59,False,4095,0.0,8.3,0.0,EXT-OPEN-METEO-KHI,KARACHI,OPENSOURCE_API_GRID,934,,,,0.95,True,True,TIER2_OPENSOURCE_PURE;CONTINUOUS_MINUTE_STREAM;VERIFIED_MODEL_GRID,85404ea3d41fe63898e05fe0a798aea99c7c8fe09647b90aa44a12b786fe7309,2026-09-18T15:33:00+00:00,2026-09-18 20:33:00,81.3,1008.5,70
10.1,14.9,26.4,923.8,268.2,41.7,5.2,2.1,0.5,446.0,243.5,22.9,7.4,26.0,28.1,24.59,False,4095,0.0,8.2,0.0,EXT-OPEN-METEO-KHI,KARACHI,OPENSOURCE_API_GRID,935,,,,0.95,True,True,TIER2_OPENSOURCE_PURE;CONTINUOUS_MINUTE_STREAM;VERIFIED_MODEL_GRID,97fdcc4ccc84b0bc477f948669a22b2cf1515bf7bd6788e322d176233030c44f,2026-09-18T15:34:00+00:00,2026-09-18 20:34:00,81.3,1008.5,70
10.1,14.9,26.4,923.8,268.2,41.7,5.2,2.1,0.5,446.0,243.2,23.0,7.4,25.9,28.1,24.61,False,4095,0.0,8.1,0.0,EXT-OPEN-METEO-KHI,KARACHI,OPENSOURCE_API_GRID,936,,,,0.95,True,True,TIER2_OPENSOURCE_PURE;CONTINUOUS_MINUTE_STREAM;VERIFIED_MODEL_GRID,36ee7ab88f2ca68bb52c49a8ce4f3e3ab6eeb2ed9522f3400bb240a65a31a97a,2026-09-18T15:35:00+00:00,2026-09-18 20:35:00,81.4,1008.5,70
10.1,14.9,26.3,923.8,268.2,41.7,5.2,2.1,0.5,446.0,242.8,23.0,7.4,25.7,28.1,24.61,False,4095,0.0,8.0,0.0,EXT-OPEN-METEO-KHI,KARACHI,OPENSOURCE_API_GRID,937,,,,0.95,True,True,TIER2_OPENSOURCE_PURE;CONTINUOUS_MINUTE_STREAM;VERIFIED_MODEL_GRID,6567d7279b7df7d0a28037b8b091e6295325eeb9ded30cfb42d5f39b6a1fb5f3,2026-09-18T15:36:00+00:00,2026-09-18 20:36:00,81.4,1008.5,70
10.1,14.9,26.3,923.8,268.2,41.7,5.2,2.1,0.5,446.0,242.5,23.1,7.4,25.6,28.0,24.52,False,4095,0.0,8.0,0.0,EXT-OPEN-METEO-KHI,KARACHI,OPENSOURCE_API_GRID,938,,,,0.95,True,True,TIER2_OPENSOURCE_PURE;CONTINUOUS_MINUTE_STREAM;VERIFIED_MODEL_GRID,74f533332a7c8f27dc7acd00841e7fcbdb7179a5e98e95f22ab27918e6430914,2026-09-18T15:37:00+00:00,2026-09-18 20:37:00,81.4,1008.6,70
10.1,14.9,26.3,923.8,268.2,41.7,5.2,2.1,0.5,446.0,242.2,23.2,7.4,25.5,28.0,24.52,False,4095,0.0,7.9,0.0,EXT-OPEN-METEO-KHI,KARACHI,OPENSOURCE_API_GRID,939,,,,0.95,True,True,TIER2_OPENSOURCE_PURE;CONTINUOUS_MINUTE_STREAM;VERIFIED_MODEL_GRID,48ef5e36be0996c763008f55d177c2ee680284cfd1f88fc5b44836b657842753,2026-09-18T15:38:00+00:00,2026-09-18 20:38:00,81.4,1008.6,70
10.1,14.9,26.2,923.8,268.2,41.7,5.2,2.1,0.5,446.0,241.8,23.2,7.4,25.4,28.0,24.54,False,4095,0.0,7.8,0.0,EXT-OPEN-METEO-KHI,KARACHI,OPENSOURCE_API_GRID,940,,,,0.95,True,True,TIER2_OPENSOURCE_PURE;CONTINUOUS_MINUTE_STREAM;VERIFIED_MODEL_GRID,dc50a1ec8a8bdb0b75ff81031134de84dbb9260644e87f9823d2928eee83e18e,2026-09-18T15:39:00+00:00,2026-09-18 20:39:00,81.5,1008.6,70
10.1,14.8,26.1,917.6,266.4,41.4,5.2,2.1,0.5,446.0,241.5,23.3,7.4,25.2,28.0,24.54,False,4095,0.0,7.8,0.0,EXT-OPEN-METEO-KHI,KARACHI,OPENSOURCE_API_GRID,941,,,,0.95,True,True,TIER2_OPENSOURCE_PURE;CONTINUOUS_MINUTE_STREAM;VERIFIED_MODEL_GRID,e739a389d301ece90f4ec8045b4c0aeec1cac7266149c6030f159d5e381b7233,2026-09-18T15:40:00+00:00,2026-09-18 20:40:00,81.5,1008.6,70
10.1,14.8,26.1,917.6,266.4,41.4,5.2,2.1,0.5,446.0,241.2,23.3,7.4,25.1,28.0,24.54,False,4095,0.0,7.7,0.0,EXT-OPEN-METEO-KHI,KARACHI,OPENSOURCE_API_GRID,942,,,,0.95,True,True,TIER2_OPENSOURCE_PURE;CONTINUOUS_MINUTE_STREAM;VERIFIED_MODEL_GRID,c0a435422444eda3f9bfb4ab7e5b06dec215f52e9d1a8a197560b58cd55bcdc0,2026-09-18T15:41:00+00:00,2026-09-18 20:41:00,81.5,1008.6,70
10.1,14.8,26.0,917.6,266.4,41.4,5.2,2.1,0.5,446.0,240.9,23.4,7.4,25.0,28.0,24.54,False,4095,0.0,7.6,0.0,EXT-OPEN-METEO-KHI,KARACHI,OPENSOURCE_API_GRID,943,,,,0.95,True,True,TIER2_OPENSOURCE_PURE;CONTINUOUS_MINUTE_STREAM;VERIFIED_MODEL_GRID,29e774ae5356261302d7c7285b02e07cb7aeba3f9dfdef4bfd416ca5ac6687e9,2026-09-18T15:42:00+00:00,2026-09-18 20:42:00,81.5,1008.6,70
10.0,14.7,25.9,911.4,264.6,41.2,5.1,2.1,0.5,446.0,240.6,23.4,7.4,24.9,28.0,24.54,False,4095,0.0,7.6,0.0,EXT-OPEN-METEO-KHI,KARACHI,OPENSOURCE_API_GRID,944,,,,0.95,True,True,TIER2_OPENSOURCE_PURE;CONTINUOUS_MINUTE_STREAM;VERIFIED_MODEL_GRID,169cc4f18ab6c0d80a3b88fe07db364a9e209499ac74277982812bd6c92a546f,2026-09-18T15:43:00+00:00,2026-09-18 20:43:00,81.5,1008.6,70
10.0,14.7,25.8,911.4,264.6,41.2,5.1,2.1,0.5,446.0,240.3,23.5,7.5,24.8,28.0,24.56,False,4095,0.0,7.5,0.0,EXT-OPEN-METEO-KHI,KARACHI,OPENSOURCE_API_GRID,945,,,,0.95,True,True,TIER2_OPENSOURCE_PURE;CONTINUOUS_MINUTE_STREAM;VERIFIED_MODEL_GRID,817c551ce811501b3d9f7b048474f0963674ce009c6398227bf74e466ef2cb3c,2026-09-18T15:44:00+00:00,2026-09-18 20:44:00,81.6,1008.6,70
9.9,14.6,25.7,905.2,262.8,40.9,5.1,2.1,0.5,446.0,240.1,23.5,7.5,24.7,28.0,24.56,False,4095,0.0,7.4,0.0,EXT-OPEN-METEO-KHI,KARACHI,OPENSOURCE_API_GRID,946,,,,0.95,True,True,TIER2_OPENSOURCE_PURE;CONTINUOUS_MINUTE_STREAM;VERIFIED_MODEL_GRID,e910e6ae7d3c0a34f99c102754794bf4804235bc15157d01efa8df25acd24f1d,2026-09-18T15:45:00+00:00,2026-09-18 20:45:00,81.6,1008.6,70
9.9,14.6,25.6,905.2,262.8,40.9,5.1,2.0,0.5,446.0,239.8,23.6,7.5,24.6,27.9,24.46,False,4095,0.0,7.4,0.0,EXT-OPEN-METEO-KHI,KARACHI,OPENSOURCE_API_GRID,947,,,,0.95,True,True,TIER2_OPENSOURCE_PURE;CONTINUOUS_MINUTE_STREAM;VERIFIED_MODEL_GRID,48f78ee6dd9d9b52ee150995c9587c003bb5a5252f2d24ed9276afe228ad6a1a,2026-09-18T15:46:00+00:00,2026-09-18 20:46:00,81.6,1008.7,70
9.9,14.5,25.5,899.0,261.0,40.6,5.1,2.0,0.5,446.0,239.6,23.6,7.5,24.6,27.9,24.46,False,4095,0.0,7.3,0.0,EXT-OPEN-METEO-KHI,KARACHI,OPENSOURCE_API_GRID,948,,,,0.95,True,True,TIER2_OPENSOURCE_PURE;CONTINUOUS_MINUTE_STREAM;VERIFIED_MODEL_GRID,0bfd571eaaca7a3f56c925c95c4d122a1dd4bd7025adb194c0442ce16eb1351a,2026-09-18T15:47:00+00:00,2026-09-18 20:47:00,81.6,1008.7,70
9.9,14.5,25.4,899.0,261.0,40.6,5.1,2.0,0.5,446.0,239.3,23.7,7.5,24.5,27.9,24.48,False,4095,0.0,7.3,0.0,EXT-OPEN-METEO-KHI,KARACHI,OPENSOURCE_API_GRID,949,,,,0.95,True,True,TIER2_OPENSOURCE_PURE;CONTINUOUS_MINUTE_STREAM;VERIFIED_MODEL_GRID,4232363ff56bafd07fb414bafa6e9918ddbaf9e4541390749c47e90cde51dccd,2026-09-18T15:48:00+00:00,2026-09-18 20:48:00,81.7,1008.7,70
9.8,14.4,25.4,892.8,259.2,40.3,5.0,2.0,0.5,446.0,239.1,23.7,7.5,24.4,27.9,24.48,False,4095,0.0,7.2,0.0,EXT-OPEN-METEO-KHI,KARACHI,OPENSOURCE_API_GRID,950,,,,0.95,True,True,TIER2_OPENSOURCE_PURE;CONTINUOUS_MINUTE_STREAM;VERIFIED_MODEL_GRID,2848034b8cfbaaa39852cc35d17ed87a937c5b0f2f0cf0f7bd4d398dfea04dd0,2026-09-18T15:49:00+00:00,2026-09-18 20:49:00,81.7,1008.7,70
9.8,14.4,25.3,892.8,259.2,40.3,5.0,2.0,0.5,446.0,238.9,23.7,7.5,24.3,27.9,24.48,False,4095,0.0,7.2,0.0,EXT-OPEN-METEO-KHI,KARACHI,OPENSOURCE_API_GRID,951,,,,0.95,True,True,TIER2_OPENSOURCE_PURE;CONTINUOUS_MINUTE_STREAM;VERIFIED_MODEL_GRID,183f52d7cf14ce0ece4eb5b85d9401badede4a28bf405511cef281056ec2e4e0,2026-09-18T15:50:00+00:00,2026-09-18 20:50:00,81.7,1008.7,70
9.8,14.4,25.3,892.8,259.2,40.3,5.0,2.0,0.5,446.0,238.8,23.8,7.5,24.3,27.9,24.5,False,4095,0.0,7.2,0.0,EXT-OPEN-METEO-KHI,KARACHI,OPENSOURCE_API_GRID,952,,,,0.95,True,True,TIER2_OPENSOURCE_PURE;CONTINUOUS_MINUTE_STREAM;VERIFIED_MODEL_GRID,1265d51aa4cbab5db0bca274c59e52238a0eced22a1b11ea98f6cac076e8e340,2026-09-18T15:51:00+00:00,2026-09-18 20:51:00,81.8,1008.7,70
9.8,14.4,25.3,892.8,259.2,40.3,5.0,2.0,0.5,446.0,238.6,23.8,7.5,24.2,27.9,24.5,False,4095,0.0,7.1,0.0,EXT-OPEN-METEO-KHI,KARACHI,OPENSOURCE_API_GRID,953,,,,0.95,True,True,TIER2_OPENSOURCE_PURE;CONTINUOUS_MINUTE_STREAM;VERIFIED_MODEL_GRID,b460c0f13a9c326d1862f3653fb5e0f52e216c9d77a491e96091c58e56dd83a7,2026-09-18T15:52:00+00:00,2026-09-18 20:52:00,81.8,1008.7,70
9.8,14.4,25.3,892.8,259.2,40.3,5.0,2.0,0.5,446.0,238.5,23.8,7.5,24.2,27.9,24.5,False,4095,0.0,7.1,0.0,EXT-OPEN-METEO-KHI,KARACHI,OPENSOURCE_API_GRID,954,,,,0.95,True,True,TIER2_OPENSOURCE_PURE;CONTINUOUS_MINUTE_STREAM;VERIFIED_MODEL_GRID,22c64037f322d0eb7fafc18d15099c5e1eb9a166fbbb63371ea0bfa4ba79d8c8,2026-09-18T15:53:00+00:00,2026-09-18 20:53:00,81.8,1008.7,70
9.8,14.4,25.3,892.8,259.2,40.3,5.0,2.0,0.5,446.0,238.3,23.8,7.5,24.1,27.9,24.52,False,4095,0.0,7.1,0.0,EXT-OPEN-METEO-KHI,KARACHI,OPENSOURCE_API_GRID,955,,,,0.95,True,True,TIER2_OPENSOURCE_PURE;CONTINUOUS_MINUTE_STREAM;VERIFIED_MODEL_GRID,f2ffa4b89701b093d3ed113813283bb891f20f5eeaa128b8d332a67ef2567cb6,2026-09-18T15:54:00+00:00,2026-09-18 20:54:00,81.9,1008.7,70
9.9,14.5,25.3,899.0,261.0,40.6,5.1,2.0,0.5,446.0,238.2,23.9,7.5,24.1,27.9,24.52,False,4095,0.0,7.1,0.0,EXT-OPEN-METEO-KHI,KARACHI,OPENSOURCE_API_GRID,956,,,,0.95,True,True,TIER2_OPENSOURCE_PURE;CONTINUOUS_MINUTE_STREAM;VERIFIED_MODEL_GRID,203bca3cabbfefaa12da9134a3713fd85e8f4e6e499262b1c623ea4b4d68bd33,2026-09-18T15:55:00+00:00,2026-09-18 20:55:00,81.9,1008.7,70
9.9,14.5,25.4,899.0,261.0,40.6,5.1,2.0,0.5,446.0,238.2,23.9,7.5,24.1,27.9,24.52,False,4095,0.0,7.0,0.0,EXT-OPEN-METEO-KHI,KARACHI,OPENSOURCE_API_GRID,957,,,,0.95,True,True,TIER2_OPENSOURCE_PURE;CONTINUOUS_MINUTE_STREAM;VERIFIED_MODEL_GRID,117b592d5786c8a52d2e45b5c4fd6a4beb4d89161bd889030480396613ed1fab,2026-09-18T15:56:00+00:00,2026-09-18 20:56:00,81.9,1008.7,70
9.9,14.5,25.4,899.0,261.0,40.6,5.1,2.0,0.5,446.0,238.1,23.9,7.5,24.0,27.9,24.54,False,4095,0.0,7.0,0.0,EXT-OPEN-METEO-KHI,KARACHI,OPENSOURCE_API_GRID,958,,,,0.95,True,True,TIER2_OPENSOURCE_PURE;CONTINUOUS_MINUTE_STREAM;VERIFIED_MODEL_GRID,d82777f500d3e8700ae4399ae6f194c9db905ac43e6a2aaa0bcf5572abdd84ab,2026-09-18T15:57:00+00:00,2026-09-18 20:57:00,82.0,1008.7,70
9.9,14.6,25.5,905.2,262.8,40.9,5.1,2.0,0.5,446.0,238.0,23.9,7.5,24.0,27.9,24.54,False,4095,0.0,7.0,0.0,EXT-OPEN-METEO-KHI,KARACHI,OPENSOURCE_API_GRID,959,,,,0.95,True,True,TIER2_OPENSOURCE_PURE;CONTINUOUS_MINUTE_STREAM;VERIFIED_MODEL_GRID,29a9aeec6046a4895b09510fa5652ce868ee91c8542d23ae61989e020b1308cf,2026-09-18T15:58:00+00:00,2026-09-18 20:58:00,82.0,1008.7,70
9.9,14.6,25.5,905.2,262.8,40.9,5.1,2.0,0.5,446.0,238.0,23.9,7.5,24.0,27.9,24.54,False,4095,0.0,7.0,0.0,EXT-OPEN-METEO-KHI,KARACHI,OPENSOURCE_API_GRID,960,,,,0.95,True,True,TIER2_OPENSOURCE_PURE;CONTINUOUS_MINUTE_STREAM;VERIFIED_MODEL_GRID,6d62906e32a19080f7310f52fb72e5a6cec4bb760970b5bd2cb89d8d43b97187,2026-09-18T15:59:00+00:00,2026-09-18 20:59:00,82.0,1008.7,70
10.0,14.7,25.6,911.4,264.6,41.2,5.1,2.0,0.5,446.0,238.0,23.9,7.5,24.0,27.9,24.54,False,4095,0.0,7.0,0.0,EXT-OPEN-METEO-KHI,KARACHI,OPENSOURCE_API_GRID,961,,,,0.95,True,False,TIER2_OPENSOURCE_PURE;HOURLY_NODE;VERIFIED_MODEL_GRID,d780d53667d2a8d07baa04dffae3bd18d5f1d02206f8ff9137194c65a755f758,2026-09-18T16:00:00+00:00,2026-09-18 21:00:00,82.0,1008.7,69
9.9,14.6,25.5,905.2,262.8,40.9,5.1,2.0,0.5,446.0,238.0,23.9,7.5,24.0,27.9,24.58,False,4095,0.0,7.0,0.0,EXT-OPEN-METEO-KHI,KARACHI,OPENSOURCE_API_GRID,962,,,,0.95,True,True,TIER2_OPENSOURCE_PURE;CONTINUOUS_MINUTE_STREAM;VERIFIED_MODEL_GRID,1baee053f1602148ae89cd199887a3182408e3875b7f6160d27bce9373d70f68,2026-09-18T16:01:00+00:00,2026-09-18 21:01:00,82.2,1008.7,69
9.9,14.6,25.6,905.2,262.8,40.9,5.1,2.0,0.5,446.0,238.0,23.9,7.5,24.0,27.9,24.58,False,4095,0.0,7.0,0.0,EXT-OPEN-METEO-KHI,KARACHI,OPENSOURCE_API_GRID,963,,,,0.95,True,True,TIER2_OPENSOURCE_PURE;CONTINUOUS_MINUTE_STREAM;VERIFIED_MODEL_GRID,41edba3473e537087752495e9ec329918fede51db4ce03ff02da1792114d7930,2026-09-18T16:02:00+00:00,2026-09-18 21:02:00,82.2,1008.7,69
10.0,14.7,25.6,911.4,264.6,41.2,5.1,2.0,0.5,446.0,237.9,23.9,7.5,24.0,27.9,24.56,False,4095,0.0,7.0,0.0,EXT-OPEN-METEO-KHI,KARACHI,OPENSOURCE_API_GRID,964,,,,0.95,True,True,TIER2_OPENSOURCE_PURE;CONTINUOUS_MINUTE_STREAM;VERIFIED_MODEL_GRID,37291bf86a896634cf388bfc2d8605912468075229bcea53d211f84db7a3f016,2026-09-18T16:03:00+00:00,2026-09-18 21:03:00,82.1,1008.7,69
10.0,14.7,25.7,911.4,264.6,41.2,5.1,2.1,0.5,446.0,237.8,23.9,7.5,24.0,27.9,24.56,False,4095,0.0,7.0,0.0,EXT-OPEN-METEO-KHI,KARACHI,OPENSOURCE_API_GRID,965,,,,0.95,True,True,TIER2_OPENSOURCE_PURE;CONTINUOUS_MINUTE_STREAM;VERIFIED_MODEL_GRID,1fd6541a4f2cd997746f9a5ef085143dd0eeea7a3b88dab38b57977451dfd067,2026-09-18T16:04:00+00:00,2026-09-18 21:04:00,82.1,1008.7,69
10.1,14.8,25.7,917.6,266.4,41.4,5.2,2.1,0.5,446.0,237.7,23.9,7.5,24.0,27.9,24.56,False,4095,0.0,7.0,0.0,EXT-OPEN-METEO-KHI,KARACHI,OPENSOURCE_API_GRID,966,,,,0.95,True,True,TIER2_OPENSOURCE_PURE;CONTINUOUS_MINUTE_STREAM;VERIFIED_MODEL_GRID,2e39fb5f76b6b28d66341dc1ccc772565b727c44f9f7989d8ba3d9fc5d04177c,2026-09-18T16:05:00+00:00,2026-09-18 21:05:00,82.1,1008.7,69
10.1,14.8,25.8,917.6,266.4,41.4,5.2,2.1,0.5,446.0,237.6,23.9,7.5,24.0,27.9,24.56,False,4095,0.0,7.0,0.0,EXT-OPEN-METEO-KHI,KARACHI,OPENSOURCE_API_GRID,967,,,,0.95,True,True,TIER2_OPENSOURCE_PURE;CONTINUOUS_MINUTE_STREAM;VERIFIED_MODEL_GRID,3b8612220ef96bda2a9583d94b5345cc18820d12949f31945d4194897586e7b6,2026-09-18T16:06:00+00:00,2026-09-18 21:06:00,82.1,1008.7,69
10.1,14.8,25.8,917.6,266.4,41.4,5.2,2.1,0.5,446.0,237.4,24.0,7.5,23.9,27.9,24.56,False,4095,0.0,6.9,0.0,EXT-OPEN-METEO-KHI,KARACHI,OPENSOURCE_API_GRID,968,,,,0.95,True,True,TIER2_OPENSOURCE_PURE;CONTINUOUS_MINUTE_STREAM;VERIFIED_MODEL_GRID,690d2ff4c0eb6e2290c31be852760ebd01ef8aaceb051f34f69da16a9837bd52,2026-09-18T16:07:00+00:00,2026-09-18 21:07:00,82.1,1008.7,69
10.1,14.8,25.8,917.6,266.4,41.4,5.2,2.1,0.5,446.0,237.3,24.0,7.5,23.9,27.9,24.56,False,4095,0.0,6.9,0.0,EXT-OPEN-METEO-KHI,KARACHI,OPENSOURCE_API_GRID,969,,,,0.95,True,True,TIER2_OPENSOURCE_PURE;CONTINUOUS_MINUTE_STREAM;VERIFIED_MODEL_GRID,2a4a199d66c7adae2ca308ddc9036c3c5de53568db413df565cbc2ea7e7335d3,2026-09-18T16:08:00+00:00,2026-09-18 21:08:00,82.1,1008.7,69
10.1,14.8,25.8,917.6,266.4,41.4,5.2,2.1,0.5,446.0,237.1,24.0,7.5,23.9,27.9,24.56,False,4095,0.0,6.9,0.0,EXT-OPEN-METEO-KHI,KARACHI,OPENSOURCE_API_GRID,970,,,,0.95,True,True,TIER2_OPENSOURCE_PURE;CONTINUOUS_MINUTE_STREAM;VERIFIED_MODEL_GRID,8480a4decc4b2b34be6c9f37cbe6eb97239639f8f9c9667933cb03206dc9f72b,2026-09-18T16:09:00+00:00,2026-09-18 21:09:00,82.1,1008.7,69
10.1,14.8,25.8,917.6,266.4,41.4,5.2,2.1,0.5,446.0,236.9,24.0,7.5,23.9,27.9,24.56,False,4095,0.0,6.9,0.0,EXT-OPEN-METEO-KHI,KARACHI,OPENSOURCE_API_GRID,971,,,,0.95,True,True,TIER2_OPENSOURCE_PURE;CONTINUOUS_MINUTE_STREAM;VERIFIED_MODEL_GRID,d317be1a281f5359272c03fdbf7114e4ab245e03390685b95cebd867778cb511,2026-09-18T16:10:00+00:00,2026-09-18 21:10:00,82.1,1008.7,69
10.1,14.8,25.8,917.6,266.4,41.4,5.2,2.1,0.5,446.0,236.6,24.0,7.5,23.8,27.9,24.56,False,4095,0.0,6.8,0.0,EXT-OPEN-METEO-KHI,KARACHI,OPENSOURCE_API_GRID,972,,,,0.95,True,True,TIER2_OPENSOURCE_PURE;CONTINUOUS_MINUTE_STREAM;VERIFIED_MODEL_GRID,5532574f630b3c9ee43bc812bdf53c701c49cf0c5f5ce081c283b0d2eb1f7570,2026-09-18T16:11:00+00:00,2026-09-18 21:11:00,82.1,1008.8,69
10.1,14.8,25.7,917.6,266.4,41.4,5.2,2.1,0.5,446.0,236.4,24.1,7.5,23.8,27.9,24.56,False,4095,0.0,6.8,0.0,EXT-OPEN-METEO-KHI,KARACHI,OPENSOURCE_API_GRID,973,,,,0.95,True,True,TIER2_OPENSOURCE_PURE;CONTINUOUS_MINUTE_STREAM;VERIFIED_MODEL_GRID,ce381748a365dbb48b87835498ff48ba4eb0bf7d509c5094d38245242d9244d5,2026-09-18T16:12:00+00:00,2026-09-18 21:12:00,82.1,1008.8,69
10.1,14.8,25.7,917.6,266.4,41.4,5.2,2.1,0.5,446.0,236.1,24.1,7.5,23.8,27.9,24.54,False,4095,0.0,6.8,0.0,EXT-OPEN-METEO-KHI,KARACHI,OPENSOURCE_API_GRID,974,,,,0.95,True,True,TIER2_OPENSOURCE_PURE;CONTINUOUS_MINUTE_STREAM;VERIFIED_MODEL_GRID,352cdeb3fc76486ad4852f47c7288dec33707d6ec50d89a4eb643748be3a9bd0,2026-09-18T16:13:00+00:00,2026-09-18 21:13:00,82.0,1008.8,69
10.0,14.7,25.6,911.4,264.6,41.2,5.1,2.0,0.5,446.0,235.8,24.1,7.6,23.7,27.9,24.54,False,4095,0.0,6.7,0.0,EXT-OPEN-METEO-KHI,KARACHI,OPENSOURCE_API_GRID,975,,,,0.95,True,True,TIER2_OPENSOURCE_PURE;CONTINUOUS_MINUTE_STREAM;VERIFIED_MODEL_GRID,371d2153f6b1340498f29cf10777d4209d5ff699770b6039f36f01747912521b,2026-09-18T16:14:00+00:00,2026-09-18 21:14:00,82.0,1008.8,69
10.0,14.7,25.6,911.4,264.6,41.2,5.1,2.0,0.5,446.0,235.5,24.1,7.6,23.7,27.9,24.54,False,4095,0.0,6.7,0.0,EXT-OPEN-METEO-KHI,KARACHI,OPENSOURCE_API_GRID,976,,,,0.95,True,True,TIER2_OPENSOURCE_PURE;CONTINUOUS_MINUTE_STREAM;VERIFIED_MODEL_GRID,ffe91b11894c19343a7955745b2aed1f57a6aa10a9721d5360abd8c3a028ae05,2026-09-18T16:15:00+00:00,2026-09-18 21:15:00,82.0,1008.8,69
10.0,14.7,25.5,911.4,264.6,41.2,5.1,2.0,0.5,446.0,235.2,24.2,7.6,23.7,27.9,24.54,False,4095,0.0,6.7,0.0,EXT-OPEN-METEO-KHI,KARACHI,OPENSOURCE_API_GRID,977,,,,0.95,True,True,TIER2_OPENSOURCE_PURE;CONTINUOUS_MINUTE_STREAM;VERIFIED_MODEL_GRID,b0c01540b5fa6ca43a9e1299ef54292a66f76301ae4df7373bf69f88f6e60dd9,2026-09-18T16:16:00+00:00,2026-09-18 21:16:00,82.0,1008.8,69
9.9,14.6,25.4,905.2,262.8,40.9,5.1,2.0,0.5,446.0,234.8,24.2,7.6,23.6,27.8,24.46,False,4095,0.0,6.6,0.0,EXT-OPEN-METEO-KHI,KARACHI,OPENSOURCE_API_GRID,978,,,,0.95,True,True,TIER2_OPENSOURCE_PURE;CONTINUOUS_MINUTE_STREAM;VERIFIED_MODEL_GRID,8e99a6203dfa05f88f3a024574df40a6be55ccf1327d853b0a5a7d91ce172b1b,2026-09-18T16:17:00+00:00,2026-09-18 21:17:00,82.1,1008.8,69
9.9,14.6,25.4,905.2,262.8,40.9,5.1,2.0,0.5,446.0,234.5,24.3,7.6,23.6,27.8,24.46,False,4095,0.0,6.6,0.0,EXT-OPEN-METEO-KHI,KARACHI,OPENSOURCE_API_GRID,979,,,,0.95,True,True,TIER2_OPENSOURCE_PURE;CONTINUOUS_MINUTE_STREAM;VERIFIED_MODEL_GRID,1b6b0349747ae257aa7c0de69567e99abc8aacbd587d44cd1ae05162eec0eec4,2026-09-18T16:18:00+00:00,2026-09-18 21:18:00,82.1,1008.8,69
9.9,14.6,25.3,905.2,262.8,40.9,5.1,2.0,0.5,446.0,234.1,24.3,7.6,23.5,27.8,24.46,False,4095,0.0,6.5,0.0,EXT-OPEN-METEO-KHI,KARACHI,OPENSOURCE_API_GRID,980,,,,0.95,True,True,TIER2_OPENSOURCE_PURE;CONTINUOUS_MINUTE_STREAM;VERIFIED_MODEL_GRID,02a2865b6c3449da263088ccfb997f3b38a615418a17d713340d269c6990236e,2026-09-18T16:19:00+00:00,2026-09-18 21:19:00,82.1,1008.8,69
9.9,14.6,25.3,905.2,262.8,40.9,5.1,2.0,0.5,446.0,233.8,24.3,7.6,23.5,27.8,24.46,False,4095,0.0,6.5,0.0,EXT-OPEN-METEO-KHI,KARACHI,OPENSOURCE_API_GRID,981,,,,0.95,True,True,TIER2_OPENSOURCE_PURE;CONTINUOUS_MINUTE_STREAM;VERIFIED_MODEL_GRID,d9cbaa7f4184e580da85139113016cfec43ff8b6cf7f0a5cc2aa6765163e444a,2026-09-18T16:20:00+00:00,2026-09-18 21:20:00,82.1,1008.8,69
9.9,14.6,25.3,905.2,262.8,40.9,5.1,2.0,0.5,446.0,233.4,24.4,7.6,23.5,27.8,24.46,False,4095,0.0,6.5,0.0,EXT-OPEN-METEO-KHI,KARACHI,OPENSOURCE_API_GRID,982,,,,0.95,True,True,TIER2_OPENSOURCE_PURE;CONTINUOUS_MINUTE_STREAM;VERIFIED_MODEL_GRID,417bea83bdd0bb2f0cd84cb1515293fd1d6c32511a5b2cdb6f78da93af756736,2026-09-18T16:21:00+00:00,2026-09-18 21:21:00,82.1,1008.8,69
9.9,14.6,25.3,905.2,262.8,40.9,5.1,2.0,0.5,446.0,233.0,24.4,7.6,23.4,27.8,24.48,False,4095,0.0,6.4,0.0,EXT-OPEN-METEO-KHI,KARACHI,OPENSOURCE_API_GRID,983,,,,0.95,True,True,TIER2_OPENSOURCE_PURE;CONTINUOUS_MINUTE_STREAM;VERIFIED_MODEL_GRID,b83b94f69ccb4f3b7d745c97b39def197e83ecc54151ee8295c0c5122511cb69,2026-09-18T16:22:00+00:00,2026-09-18 21:22:00,82.2,1008.8,69
9.9,14.6,25.3,905.2,262.8,40.9,5.1,2.0,0.5,446.0,232.5,24.4,7.6,23.4,27.8,24.48,False,4095,0.0,6.4,0.0,EXT-OPEN-METEO-KHI,KARACHI,OPENSOURCE_API_GRID,984,,,,0.95,True,True,TIER2_OPENSOURCE_PURE;CONTINUOUS_MINUTE_STREAM;VERIFIED_MODEL_GRID,33f42989e3bff2bc7fd893e3742de0ac90f93f8166bed946eb8771a875c838c7,2026-09-18T16:23:00+00:00,2026-09-18 21:23:00,82.2,1008.8,69
10.0,14.7,25.3,911.4,264.6,41.2,5.1,2.0,0.5,446.0,232.1,24.5,7.6,23.3,27.7,24.39,False,4095,0.0,6.3,0.0,EXT-OPEN-METEO-KHI,KARACHI,OPENSOURCE_API_GRID,985,,,,0.95,True,True,TIER2_OPENSOURCE_PURE;CONTINUOUS_MINUTE_STREAM;VERIFIED_MODEL_GRID,720ebb93ba93d79abbfa68aa6d3c438944d0841d66ea910c6fe454edc62fd0da,2026-09-18T16:24:00+00:00,2026-09-18 21:24:00,82.2,1008.8,69
10.0,14.7,25.4,911.4,264.6,41.2,5.1,2.0,0.5,446.0,231.7,24.5,7.6,23.3,27.7,24.41,False,4095,0.0,6.3,0.0,EXT-OPEN-METEO-KHI,KARACHI,OPENSOURCE_API_GRID,986,,,,0.95,True,True,TIER2_OPENSOURCE_PURE;CONTINUOUS_MINUTE_STREAM;VERIFIED_MODEL_GRID,3a3154e3eabb5b132bfdfb6fb0988a0d894fb84637c6243c65443096182cf7ee,2026-09-18T16:25:00+00:00,2026-09-18 21:25:00,82.3,1008.9,69
10.0,14.7,25.4,911.4,264.6,41.2,5.1,2.0,0.5,446.0,231.3,24.6,7.7,23.2,27.7,24.41,False,4095,0.0,6.2,0.0,EXT-OPEN-METEO-KHI,KARACHI,OPENSOURCE_API_GRID,987,,,,0.95,True,True,TIER2_OPENSOURCE_PURE;CONTINUOUS_MINUTE_STREAM;VERIFIED_MODEL_GRID,bd504573a10cf81a5800ee01bc1f17aeb6c9a6b39c58dd7585e8c08cf0ab32a2,2026-09-18T16:26:00+00:00,2026-09-18 21:26:00,82.3,1008.9,69
10.1,14.8,25.5,917.6,266.4,41.4,5.2,2.0,0.5,446.0,230.8,24.6,7.7,23.2,27.7,24.43,False,4095,0.0,6.2,0.0,EXT-OPEN-METEO-KHI,KARACHI,OPENSOURCE_API_GRID,988,,,,0.95,True,True,TIER2_OPENSOURCE_PURE;CONTINUOUS_MINUTE_STREAM;VERIFIED_MODEL_GRID,bb967ee13e9cda2a8c413cdc9fad9b5e4506ae640f2a75c87ad0b7ff28296a1a,2026-09-18T16:27:00+00:00,2026-09-18 21:27:00,82.4,1008.9,69
10.1,14.9,25.6,923.8,268.2,41.7,5.2,2.0,0.5,446.0,230.4,24.7,7.7,23.1,27.7,24.43,False,4095,0.0,6.1,0.0,EXT-OPEN-METEO-KHI,KARACHI,OPENSOURCE_API_GRID,989,,,,0.95,True,True,TIER2_OPENSOURCE_PURE;CONTINUOUS_MINUTE_STREAM;VERIFIED_MODEL_GRID,9277c7c33f6f5bf93659e4b07a22e94f4bf2111234f10392478c06101b3419ff,2026-09-18T16:28:00+00:00,2026-09-18 21:28:00,82.4,1008.9,69
10.1,14.9,25.6,923.8,268.2,41.7,5.2,2.0,0.5,446.0,229.9,24.7,7.7,23.1,27.7,24.45,False,4095,0.0,6.1,0.0,EXT-OPEN-METEO-KHI,KARACHI,OPENSOURCE_API_GRID,990,,,,0.95,True,True,TIER2_OPENSOURCE_PURE;CONTINUOUS_MINUTE_STREAM;VERIFIED_MODEL_GRID,ec0b1cb6a6c4559b30cac3f9e25895f2d77b7608e3a59274727f1f2223b1cf35,2026-09-18T16:29:00+00:00,2026-09-18 21:29:00,82.5,1008.9,69
10.2,15.0,25.7,930.0,270.0,42.0,5.2,2.1,0.5,446.0,229.5,24.8,7.7,23.0,27.7,24.45,False,4095,0.0,6.0,0.0,EXT-OPEN-METEO-KHI,KARACHI,OPENSOURCE_API_GRID,991,,,,0.95,True,True,TIER2_OPENSOURCE_PURE;CONTINUOUS_MINUTE_STREAM;VERIFIED_MODEL_GRID,0fcc9540a64587e5ebfa635de51b2a7fb4bfc8088b4f9d5f4851bcce849716fd,2026-09-18T16:30:00+00:00,2026-09-18 21:30:00,82.5,1008.9,69
10.2,15.0,25.8,930.0,270.0,42.0,5.2,2.1,0.5,446.0,229.1,24.8,7.7,22.9,27.7,24.47,False,4095,0.0,5.9,0.0,EXT-OPEN-METEO-KHI,KARACHI,OPENSOURCE_API_GRID,992,,,,0.95,True,True,TIER2_OPENSOURCE_PURE;CONTINUOUS_MINUTE_STREAM;VERIFIED_MODEL_GRID,e25664f8b6cec2376ba354ba9d7d2f78a7f921185b039b59a2a7e8978ef781df,2026-09-18T16:31:00+00:00,2026-09-18 21:31:00,82.6,1008.9,69
10.2,15.0,25.7,930.0,270.0,42.0,5.2,2.1,0.5,446.0,228.6,24.8,7.7,22.9,27.7,24.49,False,4095,0.0,5.9,0.0,EXT-OPEN-METEO-KHI,KARACHI,OPENSOURCE_API_GRID,993,,,,0.95,True,True,TIER2_OPENSOURCE_PURE;CONTINUOUS_MINUTE_STREAM;VERIFIED_MODEL_GRID,815ea20b835f0897b8396781dad948fc283a356b6187c898c6bc951e5cdadea3,2026-09-18T16:32:00+00:00,2026-09-18 21:32:00,82.7,1008.9,69
10.2,15.0,25.7,930.0,270.0,42.0,5.2,2.1,0.5,446.0,228.2,24.9,7.7,22.8,27.7,24.49,False,4095,0.0,5.8,0.0,EXT-OPEN-METEO-KHI,KARACHI,OPENSOURCE_API_GRID,994,,,,0.95,True,True,TIER2_OPENSOURCE_PURE;CONTINUOUS_MINUTE_STREAM;VERIFIED_MODEL_GRID,5565ccb04394d49a8bb7263214dcc760b44a93ce0f792a1df5c6e1dc508b12b6,2026-09-18T16:33:00+00:00,2026-09-18 21:33:00,82.7,1008.9,69
10.3,15.1,25.8,936.2,271.8,42.3,5.3,2.1,0.5,446.0,227.7,24.9,7.7,22.8,27.7,24.49,False,4095,0.0,5.8,0.0,EXT-OPEN-METEO-KHI,KARACHI,OPENSOURCE_API_GRID,995,,,,0.95,True,True,TIER2_OPENSOURCE_PURE;CONTINUOUS_MINUTE_STREAM;VERIFIED_MODEL_GRID,8d6d9312779a0ba7cbb597b3723b7240ee4a1ed2708b2bbab377093ee5f9cacc,2026-09-18T16:34:00+00:00,2026-09-18 21:34:00,82.7,1008.9,69
10.3,15.2,25.9,942.4,273.6,42.6,5.3,2.1,0.5,446.0,227.3,25.0,7.8,22.7,27.7,24.51,False,4095,0.0,5.7,0.0,EXT-OPEN-METEO-KHI,KARACHI,OPENSOURCE_API_GRID,996,,,,0.95,True,True,TIER2_OPENSOURCE_PURE;CONTINUOUS_MINUTE_STREAM;VERIFIED_MODEL_GRID,b8a8a5dd6f6b697d2ec30258081d336e55c7901d7884c1f5dcda3defe2d76a9d,2026-09-18T16:35:00+00:00,2026-09-18 21:35:00,82.8,1009.0,69
10.3,15.2,25.9,942.4,273.6,42.6,5.3,2.1,0.5,446.0,226.9,25.0,7.8,22.7,27.7,24.51,False,4095,0.0,5.7,0.0,EXT-OPEN-METEO-KHI,KARACHI,OPENSOURCE_API_GRID,997,,,,0.95,True,True,TIER2_OPENSOURCE_PURE;CONTINUOUS_MINUTE_STREAM;VERIFIED_MODEL_GRID,16b07e91ca958d0f19dee11d111a051bf22004cc547821dd5ca3bdadca1ce51a,2026-09-18T16:36:00+00:00,2026-09-18 21:36:00,82.8,1009.0,69
10.4,15.3,26.0,948.6,275.4,42.8,5.4,2.1,0.5,446.0,226.5,25.1,7.8,22.6,27.7,24.51,False,4095,0.0,5.6,0.0,EXT-OPEN-METEO-KHI,KARACHI,OPENSOURCE_API_GRID,998,,,,0.95,True,True,TIER2_OPENSOURCE_PURE;CONTINUOUS_MINUTE_STREAM;VERIFIED_MODEL_GRID,1617d953d520f6713dfd39758263c119614fbca8920b5d735019bfa45b346da6,2026-09-18T16:37:00+00:00,2026-09-18 21:37:00,82.8,1009.0,69
10.4,15.3,26.0,948.6,275.4,42.8,5.4,2.1,0.5,446.0,226.0,25.1,7.8,22.6,27.7,24.51,False,4095,0.0,5.6,0.0,EXT-OPEN-METEO-KHI,KARACHI,OPENSOURCE_API_GRID,999,,,,0.95,True,True,TIER2_OPENSOURCE_PURE;CONTINUOUS_MINUTE_STREAM;VERIFIED_MODEL_GRID,f48ad0c11045eab6edb79700287c0866a0daa3da0839e9523e4d31580289cac2,2026-09-18T16:38:00+00:00,2026-09-18 21:38:00,82.8,1009.0,69
10.4,15.3,26.0,948.6,275.4,42.8,5.4,2.1,0.5,446.0,225.6,25.1,7.8,22.5,27.7,24.51,False,4095,0.0,5.5,0.0,EXT-OPEN-METEO-KHI,KARACHI,OPENSOURCE_API_GRID,1000,,,,0.95,True,True,TIER2_OPENSOURCE_PURE;CONTINUOUS_MINUTE_STREAM;VERIFIED_MODEL_GRID,4a630e4ceaf7ea937e9aec3bcb42bb5a5a9cef948810132892246ed1f10a5ba9,2026-09-18T16:39:00+00:00,2026-09-18 21:39:00,82.8,1009.0,69
10.4,15.3,26.0,948.6,275.4,42.8,5.4,2.1,0.5,446.0,225.2,25.2,7.8,22.5,27.7,24.51,False,4095,0.0,5.5,0.0,EXT-OPEN-METEO-KHI,KARACHI,OPENSOURCE_API_GRID,1001,,,,0.95,True,True,TIER2_OPENSOURCE_PURE;CONTINUOUS_MINUTE_STREAM;VERIFIED_MODEL_GRID,566858e0237d8bf5f0f914f1081c9fdbeabb9d08bcac5d5669f4d3880fc3bc1e,2026-09-18T16:40:00+00:00,2026-09-18 21:40:00,82.8,1009.0,69
10.4,15.3,26.0,948.6,275.4,42.8,5.4,2.1,0.5,446.0,224.9,25.2,7.8,22.5,27.7,24.51,False,4095,0.0,5.5,0.0,EXT-OPEN-METEO-KHI,KARACHI,OPENSOURCE_API_GRID,1002,,,,0.95,True,True,TIER2_OPENSOURCE_PURE;CONTINUOUS_MINUTE_STREAM;VERIFIED_MODEL_GRID,9342faf70f954ac6a8e7c40498a95cc75cbf80e3be0eaf7756007d8b78ca0dfd,2026-09-18T16:41:00+00:00,2026-09-18 21:41:00,82.8,1009.0,69
10.4,15.3,26.0,948.6,275.4,42.8,5.4,2.1,0.5,446.0,224.5,25.2,7.8,22.4,27.7,24.51,False,4095,0.0,5.4,0.0,EXT-OPEN-METEO-KHI,KARACHI,OPENSOURCE_API_GRID,1003,,,,0.95,True,True,TIER2_OPENSOURCE_PURE;CONTINUOUS_MINUTE_STREAM;VERIFIED_MODEL_GRID,4c02da9f47c7ccbb70ef3c2cf89a9739e83959d683f38a0d768cc8e0cc8f6d74,2026-09-18T16:42:00+00:00,2026-09-18 21:42:00,82.8,1009.0,69
10.4,15.3,25.9,948.6,275.4,42.8,5.4,2.1,0.5,446.0,224.2,25.3,7.8,22.4,27.7,24.51,False,4095,0.0,5.4,0.0,EXT-OPEN-METEO-KHI,KARACHI,OPENSOURCE_API_GRID,1004,,,,0.95,True,True,TIER2_OPENSOURCE_PURE;CONTINUOUS_MINUTE_STREAM;VERIFIED_MODEL_GRID,7a097312047859668ce814f094be52063e128d2d4946be36def4a7d8b6cac411,2026-09-18T16:43:00+00:00,2026-09-18 21:43:00,82.8,1009.0,69
10.4,15.3,25.9,948.6,275.4,42.8,5.4,2.1,0.5,446.0,223.8,25.3,7.8,22.3,27.7,24.51,False,4095,0.0,5.3,0.0,EXT-OPEN-METEO-KHI,KARACHI,OPENSOURCE_API_GRID,1005,,,,0.95,True,True,TIER2_OPENSOURCE_PURE;CONTINUOUS_MINUTE_STREAM;VERIFIED_MODEL_GRID,fedb502fdea98ecd8a679f5fd305a24e8e258ab41601537f2a8992e9226b0196,2026-09-18T16:44:00+00:00,2026-09-18 21:44:00,82.8,1009.1,69
10.3,15.2,25.8,942.4,273.6,42.6,5.3,2.1,0.5,446.0,223.5,25.4,7.8,22.3,27.7,24.51,False,4095,0.0,5.3,0.0,EXT-OPEN-METEO-KHI,KARACHI,OPENSOURCE_API_GRID,1006,,,,0.95,True,True,TIER2_OPENSOURCE_PURE;CONTINUOUS_MINUTE_STREAM;VERIFIED_MODEL_GRID,d59bfeb38646b88410c0128c2d17685ed348fb218c7ded2faeb6a0fce312252f,2026-09-18T16:45:00+00:00,2026-09-18 21:45:00,82.8,1009.1,69
10.3,15.2,25.8,942.4,273.6,42.6,5.3,2.1,0.5,446.0,223.2,25.4,7.8,22.3,27.7,24.51,False,4095,0.0,5.3,0.0,EXT-OPEN-METEO-KHI,KARACHI,OPENSOURCE_API_GRID,1007,,,,0.95,True,True,TIER2_OPENSOURCE_PURE;CONTINUOUS_MINUTE_STREAM;VERIFIED_MODEL_GRID,9fa901887965bb0470851d9b1a016abf6154193e9538947e80b22aa91b6015bd,2026-09-18T16:46:00+00:00,2026-09-18 21:46:00,82.8,1009.1,69
10.3,15.2,25.7,942.4,273.6,42.6,5.3,2.1,0.5,446.0,222.9,25.4,7.9,22.2,27.6,24.41,False,4095,0.0,5.2,0.0,EXT-OPEN-METEO-KHI,KARACHI,OPENSOURCE_API_GRID,1008,,,,0.95,True,True,TIER2_OPENSOURCE_PURE;CONTINUOUS_MINUTE_STREAM;VERIFIED_MODEL_GRID,914688752e819e89ab1f83623d224a703206ac13a893c2430f096f98ab73d827,2026-09-18T16:47:00+00:00,2026-09-18 21:47:00,82.8,1009.1,69
10.3,15.2,25.7,942.4,273.6,42.6,5.3,2.1,0.5,446.0,222.6,25.4,7.9,22.2,27.6,24.41,False,4095,0.0,5.2,0.0,EXT-OPEN-METEO-KHI,KARACHI,OPENSOURCE_API_GRID,1009,,,,0.95,True,True,TIER2_OPENSOURCE_PURE;CONTINUOUS_MINUTE_STREAM;VERIFIED_MODEL_GRID,9e37e9cc42ef98cf39cf37737bf9b1585c729f468ee322216adf08789f8a6f20,2026-09-18T16:48:00+00:00,2026-09-18 21:48:00,82.8,1009.1,69
10.3,15.1,25.6,936.2,271.8,42.3,5.3,2.0,0.5,446.0,222.4,25.5,7.9,22.2,27.6,24.41,False,4095,0.0,5.2,0.0,EXT-OPEN-METEO-KHI,KARACHI,OPENSOURCE_API_GRID,1010,,,,0.95,True,True,TIER2_OPENSOURCE_PURE;CONTINUOUS_MINUTE_STREAM;VERIFIED_MODEL_GRID,475f801fe8677ca031feb84249ca1ab5094607da0886ff468dc0e424a608b0ea,2026-09-18T16:49:00+00:00,2026-09-18 21:49:00,82.8,1009.1,69
10.3,15.1,25.6,936.2,271.8,42.3,5.3,2.0,0.5,446.0,222.1,25.5,7.9,22.1,27.6,24.41,False,4095,0.0,5.1,0.0,EXT-OPEN-METEO-KHI,KARACHI,OPENSOURCE_API_GRID,1011,,,,0.95,True,True,TIER2_OPENSOURCE_PURE;CONTINUOUS_MINUTE_STREAM;VERIFIED_MODEL_GRID,7e536ff82d2ba674c5562928cbaa234512c750383383a28bc736a677ca6fff46,2026-09-18T16:50:00+00:00,2026-09-18 21:50:00,82.8,1009.1,69
10.3,15.1,25.5,936.2,271.8,42.3,5.3,2.0,0.5,446.0,221.9,25.5,7.9,22.1,27.6,24.41,False,4095,0.0,5.1,0.0,EXT-OPEN-METEO-KHI,KARACHI,OPENSOURCE_API_GRID,1012,,,,0.95,True,True,TIER2_OPENSOURCE_PURE;CONTINUOUS_MINUTE_STREAM;VERIFIED_MODEL_GRID,7e0a27547d3c3fb20877899fb40a0fbadefe7ecbed26a7d433ff73efa5ff210a,2026-09-18T16:51:00+00:00,2026-09-18 21:51:00,82.8,1009.1,69
10.3,15.1,25.5,936.2,271.8,42.3,5.3,2.0,0.5,446.0,221.7,25.5,7.9,22.1,27.6,24.41,False,4095,0.0,5.1,0.0,EXT-OPEN-METEO-KHI,KARACHI,OPENSOURCE_API_GRID,1013,,,,0.95,True,True,TIER2_OPENSOURCE_PURE;CONTINUOUS_MINUTE_STREAM;VERIFIED_MODEL_GRID,62490fba3d15720b64191c5501ccbcb74a4ef1e0252a36247ced893e0460eb5a,2026-09-18T16:52:00+00:00,2026-09-18 21:52:00,82.8,1009.1,69
10.3,15.1,25.5,936.2,271.8,42.3,5.3,2.0,0.5,446.0,221.6,25.5,7.9,22.1,27.6,24.41,False,4095,0.0,5.1,0.0,EXT-OPEN-METEO-KHI,KARACHI,OPENSOURCE_API_GRID,1014,,,,0.95,True,True,TIER2_OPENSOURCE_PURE;CONTINUOUS_MINUTE_STREAM;VERIFIED_MODEL_GRID,3e5964b8589fc5945b4caf887c8a1773c296149d55583c54ddc416be855272d3,2026-09-18T16:53:00+00:00,2026-09-18 21:53:00,82.8,1009.1,69
10.3,15.1,25.5,936.2,271.8,42.3,5.3,2.0,0.5,446.0,221.4,25.6,7.9,22.0,27.6,24.41,False,4095,0.0,5.0,0.0,EXT-OPEN-METEO-KHI,KARACHI,OPENSOURCE_API_GRID,1015,,,,0.95,True,True,TIER2_OPENSOURCE_PURE;CONTINUOUS_MINUTE_STREAM;VERIFIED_MODEL_GRID,f31d308dabfe6054a29149cfcd0ef38b0259e9264f30cea27bb3bc651c6a0388,2026-09-18T16:54:00+00:00,2026-09-18 21:54:00,82.8,1009.1,69
10.3,15.1,25.5,936.2,271.8,42.3,5.3,2.0,0.5,446.0,221.3,25.6,7.9,22.0,27.6,24.43,False,4095,0.0,5.0,0.0,EXT-OPEN-METEO-KHI,KARACHI,OPENSOURCE_API_GRID,1016,,,,0.95,True,True,TIER2_OPENSOURCE_PURE;CONTINUOUS_MINUTE_STREAM;VERIFIED_MODEL_GRID,e86cccc5e0039f3df64e87544b6507ea1be938518141ceb1fb3dba8d876547ed,2026-09-18T16:55:00+00:00,2026-09-18 21:55:00,82.9,1009.1,69
10.3,15.1,25.6,936.2,271.8,42.3,5.3,2.0,0.5,446.0,221.2,25.6,7.9,22.0,27.6,24.43,False,4095,0.0,5.0,0.0,EXT-OPEN-METEO-KHI,KARACHI,OPENSOURCE_API_GRID,1017,,,,0.95,True,True,TIER2_OPENSOURCE_PURE;CONTINUOUS_MINUTE_STREAM;VERIFIED_MODEL_GRID,fd51fe7a9c38df922c9eb64ea958c8a52651923edc8e01b9aebefb0595bd0d2d,2026-09-18T16:56:00+00:00,2026-09-18 21:56:00,82.9,1009.1,69
10.3,15.2,25.6,942.4,273.6,42.6,5.3,2.0,0.5,446.0,221.1,25.6,7.9,22.0,27.6,24.43,False,4095,0.0,5.0,0.0,EXT-OPEN-METEO-KHI,KARACHI,OPENSOURCE_API_GRID,1018,,,,0.95,True,True,TIER2_OPENSOURCE_PURE;CONTINUOUS_MINUTE_STREAM;VERIFIED_MODEL_GRID,cab67e6b3c7a71a44b974e634bb9d81865055310ef87c7914ede50d9aa89f1f3,2026-09-18T16:57:00+00:00,2026-09-18 21:57:00,82.9,1009.1,69
10.3,15.2,25.7,942.4,273.6,42.6,5.3,2.1,0.5,446.0,221.0,25.6,7.9,22.0,27.6,24.43,False,4095,0.0,5.0,0.0,EXT-OPEN-METEO-KHI,KARACHI,OPENSOURCE_API_GRID,1019,,,,0.95,True,True,TIER2_OPENSOURCE_PURE;CONTINUOUS_MINUTE_STREAM;VERIFIED_MODEL_GRID,6e4488351533070eeab1ab23327f4e906fa39a2f7d9ff9562f0007df2f8a16c0,2026-09-18T16:58:00+00:00,2026-09-18 21:58:00,82.9,1009.1,69
10.3,15.2,25.7,942.4,273.6,42.6,5.3,2.1,0.5,446.0,221.0,25.6,7.9,22.0,27.6,24.45,False,4095,0.0,5.0,0.0,EXT-OPEN-METEO-KHI,KARACHI,OPENSOURCE_API_GRID,1020,,,,0.95,True,True,TIER2_OPENSOURCE_PURE;CONTINUOUS_MINUTE_STREAM;VERIFIED_MODEL_GRID,1e7a1433142e71a0a0db4736490f24a596ae31bb093e48aadbd81486264b6c7d,2026-09-18T16:59:00+00:00,2026-09-18 21:59:00,83.0,1009.1,69
10.4,15.3,25.8,948.6,275.4,42.8,5.4,2.1,0.5,446.0,221.0,25.6,7.9,22.0,27.6,24.45,False,4095,0.0,5.0,0.0,EXT-OPEN-METEO-KHI,KARACHI,OPENSOURCE_API_GRID,1021,,,,0.95,True,False,TIER2_OPENSOURCE_PURE;HOURLY_NODE;VERIFIED_MODEL_GRID,f46451bedf7d361da0f5a4f3460870eeb3127b19883bb6ddf2acc3b888f59a3d,2026-09-18T17:00:00+00:00,2026-09-18 22:00:00,83.0,1009.1,69
10.4,15.3,25.8,948.6,275.4,42.8,5.4,2.1,0.5,446.0,221.0,25.6,7.9,22.0,27.6,24.45,False,4095,0.0,5.0,0.0,EXT-OPEN-METEO-KHI,KARACHI,OPENSOURCE_API_GRID,1022,,,,0.95,True,True,TIER2_OPENSOURCE_PURE;CONTINUOUS_MINUTE_STREAM;VERIFIED_MODEL_GRID,bc65acd63a3abadf5b99895fb8a524785c179d8594146077c28bd73201fcd9d6,2026-09-18T17:01:00+00:00,2026-09-18 22:01:00,83.0,1009.1,69
10.5,15.4,25.9,954.8,277.2,43.1,5.4,2.1,0.5,446.0,221.0,25.6,7.9,22.0,27.6,24.45,False,4095,0.0,5.0,0.0,EXT-OPEN-METEO-KHI,KARACHI,OPENSOURCE_API_GRID,1023,,,,0.95,True,True,TIER2_OPENSOURCE_PURE;CONTINUOUS_MINUTE_STREAM;VERIFIED_MODEL_GRID,f3ebe08690e6de9cffe8f419eb758f8f978904e6c3436117542a7324d1bfd223,2026-09-18T17:02:00+00:00,2026-09-18 22:02:00,83.0,1009.1,69
10.4,15.3,25.8,948.6,275.4,42.8,5.4,2.1,0.5,446.0,220.9,25.6,7.9,22.0,27.6,24.49,False,4095,0.0,5.1,0.0,EXT-OPEN-METEO-KHI,KARACHI,OPENSOURCE_API_GRID,1024,,,,0.95,True,True,TIER2_OPENSOURCE_PURE;CONTINUOUS_MINUTE_STREAM;VERIFIED_MODEL_GRID,4c3892b53108816f6020279675bf28281e231689341970012ec21e048dc973ef,2026-09-18T17:03:00+00:00,2026-09-18 22:03:00,83.2,1009.1,69
10.4,15.3,25.9,948.6,275.4,42.8,5.4,2.1,0.5,446.0,220.8,25.6,7.9,22.0,27.6,24.49,False,4095,0.0,5.1,0.0,EXT-OPEN-METEO-KHI,KARACHI,OPENSOURCE_API_GRID,1025,,,,0.95,True,True,TIER2_OPENSOURCE_PURE;CONTINUOUS_MINUTE_STREAM;VERIFIED_MODEL_GRID,595a37fe4c84fd1e2c5591ece5e1a74473400126e622c791a5e250ea976f2b1d,2026-09-18T17:04:00+00:00,2026-09-18 22:04:00,83.2,1009.1,69
10.5,15.4,25.9,954.8,277.2,43.1,5.4,2.1,0.5,446.0,220.7,25.6,7.9,22.0,27.6,24.49,False,4095,0.0,5.2,0.0,EXT-OPEN-METEO-KHI,KARACHI,OPENSOURCE_API_GRID,1026,,,,0.95,True,True,TIER2_OPENSOURCE_PURE;CONTINUOUS_MINUTE_STREAM;VERIFIED_MODEL_GRID,ec6a575b47387e0188799fd34e2ab69e86fcaac69b0adabc827711b78bf9a053,2026-09-18T17:05:00+00:00,2026-09-18 22:05:00,83.2,1009.1,69
10.5,15.4,26.0,954.8,277.2,43.1,5.4,2.1,0.5,446.0,220.6,25.6,7.9,22.0,27.6,24.49,False,4095,0.0,5.2,0.0,EXT-OPEN-METEO-KHI,KARACHI,OPENSOURCE_API_GRID,1027,,,,0.95,True,True,TIER2_OPENSOURCE_PURE;CONTINUOUS_MINUTE_STREAM;VERIFIED_MODEL_GRID,28a5afc26f370ef22ed06ac37d722c29d2661a9a08f733bbf55a0585c2856a15,2026-09-18T17:06:00+00:00,2026-09-18 22:06:00,83.2,1009.1,69
10.5,15.5,26.1,961.0,279.0,43.4,5.4,2.1,0.5,446.0,220.4,25.6,7.9,22.0,27.6,24.49,False,4095,0.0,5.3,0.0,EXT-OPEN-METEO-KHI,KARACHI,OPENSOURCE_API_GRID,1028,,,,0.95,True,True,TIER2_OPENSOURCE_PURE;CONTINUOUS_MINUTE_STREAM;VERIFIED_MODEL_GRID,d85cd6a5e35ca270c4e419b7fceb923b4d6c6e2e58b1d7c075adf3761bb13409,2026-09-18T17:07:00+00:00,2026-09-18 22:07:00,83.2,1009.1,69
10.5,15.5,26.1,961.0,279.0,43.4,5.4,2.1,0.5,446.0,220.3,25.6,7.9,22.0,27.6,24.49,False,4095,0.0,5.4,0.0,EXT-OPEN-METEO-KHI,KARACHI,OPENSOURCE_API_GRID,1029,,,,0.95,True,True,TIER2_OPENSOURCE_PURE;CONTINUOUS_MINUTE_STREAM;VERIFIED_MODEL_GRID,03fd84543e863d6b65ebdbc2fa4213d53e04ff5f13a24303e8f3d011df3e8917,2026-09-18T17:08:00+00:00,2026-09-18 22:08:00,83.2,1009.1,69
10.5,15.5,26.1,961.0,279.0,43.4,5.4,2.1,0.5,446.0,220.1,25.6,7.9,22.0,27.6,24.49,False,4095,0.0,5.5,0.0,EXT-OPEN-METEO-KHI,KARACHI,OPENSOURCE_API_GRID,1030,,,,0.95,True,True,TIER2_OPENSOURCE_PURE;CONTINUOUS_MINUTE_STREAM;VERIFIED_MODEL_GRID,4dcc76af8ce007ff637c2fe7b1e8c87f4583ebb7e4026fc5046f74b78286258a,2026-09-18T17:09:00+00:00,2026-09-18 22:09:00,83.2,1009.1,69
10.5,15.5,26.2,961.0,279.0,43.4,5.4,2.1,0.5,446.0,219.9,25.6,7.9,22.0,27.6,24.49,False,4095,0.0,5.7,0.0,EXT-OPEN-METEO-KHI,KARACHI,OPENSOURCE_API_GRID,1031,,,,0.95,True,True,TIER2_OPENSOURCE_PURE;CONTINUOUS_MINUTE_STREAM;VERIFIED_MODEL_GRID,7daa8758f1674f031459c877721395a2c0eff34a212392ac75d5c7296749dbec,2026-09-18T17:10:00+00:00,2026-09-18 22:10:00,83.2,1009.1,69
10.5,15.5,26.2,961.0,279.0,43.4,5.4,2.1,0.5,446.0,219.6,25.6,7.9,22.0,27.6,24.49,False,4095,0.0,5.8,0.0,EXT-OPEN-METEO-KHI,KARACHI,OPENSOURCE_API_GRID,1032,,,,0.95,True,True,TIER2_OPENSOURCE_PURE;CONTINUOUS_MINUTE_STREAM;VERIFIED_MODEL_GRID,2124513f3bae836ecec5bc2fb4a3deb55f5f87b0078013f562ff66bede89d1b5,2026-09-18T17:11:00+00:00,2026-09-18 22:11:00,83.2,1009.1,69
10.5,15.5,26.2,961.0,279.0,43.4,5.4,2.1,0.5,446.0,219.4,25.6,7.9,22.0,27.6,24.49,False,4095,0.0,6.0,0.0,EXT-OPEN-METEO-KHI,KARACHI,OPENSOURCE_API_GRID,1033,,,,0.95,True,True,TIER2_OPENSOURCE_PURE;CONTINUOUS_MINUTE_STREAM;VERIFIED_MODEL_GRID,43eb7974da47be3fca4772a7a50d48a8d08a487532d46974d3044ce68eeacdc3,2026-09-18T17:12:00+00:00,2026-09-18 22:12:00,83.2,1009.1,69
10.5,15.5,26.1,961.0,279.0,43.4,5.4,2.1,0.5,446.0,219.1,25.6,7.9,22.0,27.6,24.49,False,4095,0.0,6.1,0.0,EXT-OPEN-METEO-KHI,KARACHI,OPENSOURCE_API_GRID,1034,,,,0.95,True,True,TIER2_OPENSOURCE_PURE;CONTINUOUS_MINUTE_STREAM;VERIFIED_MODEL_GRID,246aa5b5ceecdcac0b29fd8b11ad4ad7af1cfe563d389ae27a31630e3bff1d5e,2026-09-18T17:13:00+00:00,2026-09-18 22:13:00,83.2,1009.2,69
10.5,15.5,26.1,961.0,279.0,43.4,5.4,2.1,0.5,446.0,218.8,25.6,7.9,22.0,27.6,24.49,False,4095,0.0,6.3,0.0,EXT-OPEN-METEO-KHI,KARACHI,OPENSOURCE_API_GRID,1035,,,,0.95,True,True,TIER2_OPENSOURCE_PURE;CONTINUOUS_MINUTE_STREAM;VERIFIED_MODEL_GRID,e1bf02c379073fa1f331e605578e347662d834a54293ed4042b6a95729ad75bd,2026-09-18T17:14:00+00:00,2026-09-18 22:14:00,83.2,1009.2,69
10.5,15.4,26.1,954.8,277.2,43.1,5.4,2.1,0.5,446.0,218.5,25.6,7.9,22.0,27.6,24.49,False,4095,0.0,6.5,0.0,EXT-OPEN-METEO-KHI,KARACHI,OPENSOURCE_API_GRID,1036,,,,0.95,True,True,TIER2_OPENSOURCE_PURE;CONTINUOUS_MINUTE_STREAM;VERIFIED_MODEL_GRID,b42f378618af0d06a58d350108e83587caa549d5d414a1e1d7ab963b9e62d381,2026-09-18T17:15:00+00:00,2026-09-18 22:15:00,83.2,1009.2,69
10.5,15.4,26.0,954.8,277.2,43.1,5.4,2.1,0.5,446.0,218.2,25.6,7.9,22.0,27.6,24.49,False,4095,0.0,6.7,0.0,EXT-OPEN-METEO-KHI,KARACHI,OPENSOURCE_API_GRID,1037,,,,0.95,True,True,TIER2_OPENSOURCE_PURE;CONTINUOUS_MINUTE_STREAM;VERIFIED_MODEL_GRID,63241ce4b21513299451c4ef1e1e4e4cbb1a2ef5f80bc0657db8705883371c8b,2026-09-18T17:16:00+00:00,2026-09-18 22:16:00,83.2,1009.2,69
10.5,15.4,26.0,954.8,277.2,43.1,5.4,2.1,0.5,446.0,217.8,25.6,7.9,22.0,27.6,24.51,False,4095,0.0,6.9,0.0,EXT-OPEN-METEO-KHI,KARACHI,OPENSOURCE_API_GRID,1038,,,,0.95,True,True,TIER2_OPENSOURCE_PURE;CONTINUOUS_MINUTE_STREAM;VERIFIED_MODEL_GRID,a75fbea73d4c0b18ed3e5adc4eef05ecc39b12f24b1579a3891cfa812e7b81ce,2026-09-18T17:17:00+00:00,2026-09-18 22:17:00,83.3,1009.2,69
10.4,15.3,25.9,948.6,275.4,42.8,5.4,2.1,0.5,446.0,217.5,25.6,7.9,22.0,27.5,24.41,False,4095,0.0,7.1,0.0,EXT-OPEN-METEO-KHI,KARACHI,OPENSOURCE_API_GRID,1039,,,,0.95,True,True,TIER2_OPENSOURCE_PURE;CONTINUOUS_MINUTE_STREAM;VERIFIED_MODEL_GRID,ed986592f0d9fe280641bc8c93724643354dfc454d08b2071dad0d49bc5eb2c5,2026-09-18T17:18:00+00:00,2026-09-18 22:18:00,83.3,1009.2,69
10.4,15.3,25.9,948.6,275.4,42.8,5.4,2.1,0.5,446.0,217.1,25.6,7.9,22.0,27.5,24.41,False,4095,0.0,7.3,0.0,EXT-OPEN-METEO-KHI,KARACHI,OPENSOURCE_API_GRID,1040,,,,0.95,True,True,TIER2_OPENSOURCE_PURE;CONTINUOUS_MINUTE_STREAM;VERIFIED_MODEL_GRID,106c85e1bd56ffa05a738130618f7563cd075bef194a6992199d643e7440f34c,2026-09-18T17:19:00+00:00,2026-09-18 22:19:00,83.3,1009.2,69
10.4,15.3,25.9,948.6,275.4,42.8,5.4,2.1,0.5,446.0,216.8,25.6,7.9,22.0,27.5,24.43,False,4095,0.0,7.5,0.0,EXT-OPEN-METEO-KHI,KARACHI,OPENSOURCE_API_GRID,1041,,,,0.95,True,True,TIER2_OPENSOURCE_PURE;CONTINUOUS_MINUTE_STREAM;VERIFIED_MODEL_GRID,2989c8bcd9c55f54716ac210d83f582f97d47c774f5d1ed26488822b0c88aa08,2026-09-18T17:20:00+00:00,2026-09-18 22:20:00,83.4,1009.2,69
10.3,15.2,25.8,942.4,273.6,42.6,5.3,2.1,0.5,446.0,216.4,25.6,7.9,22.0,27.5,24.43,False,4095,0.0,7.7,0.0,EXT-OPEN-METEO-KHI,KARACHI,OPENSOURCE_API_GRID,1042,,,,0.95,True,True,TIER2_OPENSOURCE_PURE;CONTINUOUS_MINUTE_STREAM;VERIFIED_MODEL_GRID,353a38b8feb64e83820b2c06dd559c55723e99d687e792c43b66c32809c18e4f,2026-09-18T17:21:00+00:00,2026-09-18 22:21:00,83.4,1009.2,69
10.3,15.2,25.8,942.4,273.6,42.6,5.3,2.1,0.5,446.0,216.0,25.6,7.9,22.0,27.5,24.43,False,4095,0.0,8.0,0.0,EXT-OPEN-METEO-KHI,KARACHI,OPENSOURCE_API_GRID,1043,,,,0.95,True,True,TIER2_OPENSOURCE_PURE;CONTINUOUS_MINUTE_STREAM;VERIFIED_MODEL_GRID,e422c813c03abb8ddbd85bb37e0a54151bc02f7840e519a7dda933077b77a238,2026-09-18T17:22:00+00:00,2026-09-18 22:22:00,83.4,1009.2,69
10.3,15.2,25.8,942.4,273.6,42.6,5.3,2.1,0.5,446.0,215.5,25.6,7.9,22.0,27.5,24.45,False,4095,0.0,8.2,0.0,EXT-OPEN-METEO-KHI,KARACHI,OPENSOURCE_API_GRID,1044,,,,0.95,True,True,TIER2_OPENSOURCE_PURE;CONTINUOUS_MINUTE_STREAM;VERIFIED_MODEL_GRID,1000b869ebf03ecf9cde17ae127990845f7a89ea622af863ec6148214a7485ae,2026-09-18T17:23:00+00:00,2026-09-18 22:23:00,83.5,1009.2,69
10.3,15.2,25.8,942.4,273.6,42.6,5.3,2.1,0.5,446.0,215.1,25.6,7.9,22.0,27.5,24.47,False,4095,0.0,8.5,0.0,EXT-OPEN-METEO-KHI,KARACHI,OPENSOURCE_API_GRID,1045,,,,0.95,True,True,TIER2_OPENSOURCE_PURE;CONTINUOUS_MINUTE_STREAM;VERIFIED_MODEL_GRID,09e83eb13eb23db9d362a323398dafec388bfbc6e9dea7c78ab58d0d477c2096,2026-09-18T17:24:00+00:00,2026-09-18 22:24:00,83.6,1009.2,69
10.3,15.2,25.9,942.4,273.6,42.6,5.3,2.1,0.5,446.0,214.7,25.6,7.9,22.0,27.4,24.38,False,4095,0.0,8.7,0.0,EXT-OPEN-METEO-KHI,KARACHI,OPENSOURCE_API_GRID,1046,,,,0.95,True,True,TIER2_OPENSOURCE_PURE;CONTINUOUS_MINUTE_STREAM;VERIFIED_MODEL_GRID,47f6a761a5100627add8fe04aa10f2fa2370678da299bee2ea1252f64d65f7c8,2026-09-18T17:25:00+00:00,2026-09-18 22:25:00,83.6,1009.2,69
10.3,15.2,25.9,942.4,273.6,42.6,5.3,2.1,0.5,446.0,214.3,25.6,7.9,22.0,27.4,24.4,False,4095,0.0,9.0,0.0,EXT-OPEN-METEO-KHI,KARACHI,OPENSOURCE_API_GRID,1047,,,,0.95,True,True,TIER2_OPENSOURCE_PURE;CONTINUOUS_MINUTE_STREAM;VERIFIED_MODEL_GRID,b4f6b1125d355821fc9d3aa45937f762950e6e268527900c974fd90d3511b2aa,2026-09-18T17:26:00+00:00,2026-09-18 22:26:00,83.7,1009.2,69
10.4,15.3,26.0,948.6,275.4,42.8,5.4,2.1,0.5,446.0,213.8,25.6,7.9,22.0,27.4,24.4,False,4095,0.0,9.2,0.0,EXT-OPEN-METEO-KHI,KARACHI,OPENSOURCE_API_GRID,1048,,,,0.95,True,True,TIER2_OPENSOURCE_PURE;CONTINUOUS_MINUTE_STREAM;VERIFIED_MODEL_GRID,bf75f30092325e37b6ffb7a97552b4bac6e5386839c32dcb1ad4805bc9b553c6,2026-09-18T17:27:00+00:00,2026-09-18 22:27:00,83.7,1009.2,69
10.4,15.3,26.0,948.6,275.4,42.8,5.4,2.1,0.5,446.0,213.4,25.6,7.9,22.0,27.4,24.42,False,4095,0.0,9.5,0.0,EXT-OPEN-METEO-KHI,KARACHI,OPENSOURCE_API_GRID,1049,,,,0.95,True,True,TIER2_OPENSOURCE_PURE;CONTINUOUS_MINUTE_STREAM;VERIFIED_MODEL_GRID,60b1f4b68e56134a3e5f5ed8d22c87641722636c5d842cff3f0acb7235f998f9,2026-09-18T17:28:00+00:00,2026-09-18 22:28:00,83.8,1009.2,69
10.4,15.3,26.1,948.6,275.4,42.8,5.4,2.1,0.5,446.0,212.9,25.6,7.9,22.0,27.4,24.44,False,4095,0.0,9.7,0.0,EXT-OPEN-METEO-KHI,KARACHI,OPENSOURCE_API_GRID,1050,,,,0.95,True,True,TIER2_OPENSOURCE_PURE;CONTINUOUS_MINUTE_STREAM;VERIFIED_MODEL_GRID,ebb119ad1c861c530a15be2d3154001fad39fee28f904ea57df757250ffa9809,2026-09-18T17:29:00+00:00,2026-09-18 22:29:00,83.9,1009.2,69
10.5,15.4,26.2,954.8,277.2,43.1,5.4,2.1,0.5,446.0,212.5,25.5,7.9,22.0,27.4,24.46,False,4095,0.0,10.0,0.0,EXT-OPEN-METEO-KHI,KARACHI,OPENSOURCE_API_GRID,1051,,,,0.95,True,True,TIER2_OPENSOURCE_PURE;CONTINUOUS_MINUTE_STREAM;VERIFIED_MODEL_GRID,5b618a6852d5fb72e0b7830e76a3d25ecb8dcbe6834ea219ad3353a297af2ff5,2026-09-18T17:30:00+00:00,2026-09-18 22:30:00,84.0,1009.2,69
10.5,15.4,26.3,954.8,277.2,43.1,5.4,2.1,0.5,446.0,212.1,25.5,7.9,22.0,27.4,24.46,False,4095,0.0,10.3,0.0,EXT-OPEN-METEO-KHI,KARACHI,OPENSOURCE_API_GRID,1052,,,,0.95,True,True,TIER2_OPENSOURCE_PURE;CONTINUOUS_MINUTE_STREAM;VERIFIED_MODEL_GRID,7a09d5af467758507c6ebcc942c026d47c801d77ed5e6a587e7b04683458c0ff,2026-09-18T17:31:00+00:00,2026-09-18 22:31:00,84.0,1009.3,69
10.5,15.5,26.4,961.0,279.0,43.4,5.4,2.1,0.5,446.0,211.6,25.5,7.9,22.0,27.4,24.48,False,4095,0.0,10.5,0.0,EXT-OPEN-METEO-KHI,KARACHI,OPENSOURCE_API_GRID,1053,,,,0.95,True,True,TIER2_OPENSOURCE_PURE;CONTINUOUS_MINUTE_STREAM;VERIFIED_MODEL_GRID,15e156f0f195033e6ebb2726c5a096e12a2d186f90d8e11feea4857ebc9fe472,2026-09-18T17:32:00+00:00,2026-09-18 22:32:00,84.1,1009.3,69
10.5,15.5,26.5,961.0,279.0,43.4,5.4,2.1,0.5,446.0,211.2,25.5,7.9,22.0,27.4,24.5,False,4095,0.0,10.8,0.0,EXT-OPEN-METEO-KHI,KARACHI,OPENSOURCE_API_GRID,1054,,,,0.95,True,True,TIER2_OPENSOURCE_PURE;CONTINUOUS_MINUTE_STREAM;VERIFIED_MODEL_GRID,9d1995248f78ce7a088718c9053823676ba0f49faf24f62ca8074a1a2b271d80,2026-09-18T17:33:00+00:00,2026-09-18 22:33:00,84.2,1009.3,69
10.5,15.5,26.4,961.0,279.0,43.4,5.4,2.1,0.5,446.0,210.7,25.5,7.9,22.0,27.4,24.53,False,4095,0.0,11.0,0.0,EXT-OPEN-METEO-KHI,KARACHI,OPENSOURCE_API_GRID,1055,,,,0.95,True,True,TIER2_OPENSOURCE_PURE;CONTINUOUS_MINUTE_STREAM;VERIFIED_MODEL_GRID,78908d4f00599744937915f6ac5969beef987f35ea188b443b8d2eb2664cd61d,2026-09-18T17:34:00+00:00,2026-09-18 22:34:00,84.4,1009.3,69
10.5,15.5,26.5,961.0,279.0,43.4,5.4,2.1,0.5,446.0,210.3,25.5,7.9,22.0,27.4,24.53,False,4095,0.0,11.3,0.0,EXT-OPEN-METEO-KHI,KARACHI,OPENSOURCE_API_GRID,1056,,,,0.95,True,True,TIER2_OPENSOURCE_PURE;CONTINUOUS_MINUTE_STREAM;VERIFIED_MODEL_GRID,131caf29082ed4926565cba02d2e1bf364ca56d6c5e4e93f4eda751d6f8a7c70,2026-09-18T17:35:00+00:00,2026-09-18 22:35:00,84.4,1009.3,69
10.6,15.6,26.6,967.2,280.8,43.7,5.5,2.1,0.5,446.0,209.9,25.5,7.9,22.0,27.4,24.55,False,4095,0.0,11.5,0.0,EXT-OPEN-METEO-KHI,KARACHI,OPENSOURCE_API_GRID,1057,,,,0.95,True,True,TIER2_OPENSOURCE_PURE;CONTINUOUS_MINUTE_STREAM;VERIFIED_MODEL_GRID,e5b4bb65f667009910f7172844db26eccc506a22ca2561400644bf0b886d6b6e,2026-09-18T17:36:00+00:00,2026-09-18 22:36:00,84.5,1009.3,69
10.6,15.6,26.7,967.2,280.8,43.7,5.5,2.1,0.5,446.0,209.5,25.5,7.9,22.0,27.4,24.55,False,4095,0.0,11.8,0.0,EXT-OPEN-METEO-KHI,KARACHI,OPENSOURCE_API_GRID,1058,,,,0.95,True,True,TIER2_OPENSOURCE_PURE;CONTINUOUS_MINUTE_STREAM;VERIFIED_MODEL_GRID,a1ce9b003e7cda6305597653a1624809fe8b394cfd970ce0ca284a6bd16adc59,2026-09-18T17:37:00+00:00,2026-09-18 22:37:00,84.5,1009.3,69
10.7,15.7,26.7,973.4,282.6,44.0,5.5,2.1,0.5,446.0,209.0,25.5,7.9,22.0,27.4,24.55,False,4095,0.0,12.0,0.0,EXT-OPEN-METEO-KHI,KARACHI,OPENSOURCE_API_GRID,1059,,,,0.95,True,True,TIER2_OPENSOURCE_PURE;CONTINUOUS_MINUTE_STREAM;VERIFIED_MODEL_GRID,72e558cc6e5abfe29e1e185f855653367b17f3448983288f6c10e3574d370361,2026-09-18T17:38:00+00:00,2026-09-18 22:38:00,84.5,1009.3,69
10.7,15.7,26.8,973.4,282.6,44.0,5.5,2.1,0.5,446.0,208.6,25.5,7.9,22.0,27.4,24.57,False,4095,0.0,12.3,0.0,EXT-OPEN-METEO-KHI,KARACHI,OPENSOURCE_API_GRID,1060,,,,0.95,True,True,TIER2_OPENSOURCE_PURE;CONTINUOUS_MINUTE_STREAM;VERIFIED_MODEL_GRID,11d609408da4b7013eeabeba72b14308c3892cfb8ce1101b1ae56ff27ef8e697,2026-09-18T17:39:00+00:00,2026-09-18 22:39:00,84.6,1009.3,69
10.7,15.7,26.8,973.4,282.6,44.0,5.5,2.1,0.5,446.0,208.2,25.5,7.9,22.0,27.4,24.57,False,4095,0.0,12.5,0.0,EXT-OPEN-METEO-KHI,KARACHI,OPENSOURCE_API_GRID,1061,,,,0.95,True,True,TIER2_OPENSOURCE_PURE;CONTINUOUS_MINUTE_STREAM;VERIFIED_MODEL_GRID,93b014380f44fb10645c7760a481b601eb76f5556c255dc634a97c432ad1f09d,2026-09-18T17:40:00+00:00,2026-09-18 22:40:00,84.6,1009.3,69
10.7,15.7,26.9,973.4,282.6,44.0,5.5,2.2,0.5,446.0,207.9,25.5,7.9,22.0,27.4,24.57,False,4095,0.0,12.7,0.0,EXT-OPEN-METEO-KHI,KARACHI,OPENSOURCE_API_GRID,1062,,,,0.95,True,True,TIER2_OPENSOURCE_PURE;CONTINUOUS_MINUTE_STREAM;VERIFIED_MODEL_GRID,4c9d0fd58a6795ea07c48cc340e09bdcdc1e0442313d83600aad39d925fbaf22,2026-09-18T17:41:00+00:00,2026-09-18 22:41:00,84.6,1009.3,69
10.7,15.7,26.9,973.4,282.6,44.0,5.5,2.2,0.5,446.0,207.5,25.5,7.9,22.0,27.4,24.57,False,4095,0.0,12.9,0.0,EXT-OPEN-METEO-KHI,KARACHI,OPENSOURCE_API_GRID,1063,,,,0.95,True,True,TIER2_OPENSOURCE_PURE;CONTINUOUS_MINUTE_STREAM;VERIFIED_MODEL_GRID,feeb3287fb5dceac58c0d9ce402e3cd0283b4119227d38896cd5ceea2604d6ee,2026-09-18T17:42:00+00:00,2026-09-18 22:42:00,84.6,1009.4,69
10.7,15.7,26.9,973.4,282.6,44.0,5.5,2.2,0.5,446.0,207.2,25.5,7.9,22.0,27.4,24.57,False,4095,0.0,13.1,0.0,EXT-OPEN-METEO-KHI,KARACHI,OPENSOURCE_API_GRID,1064,,,,0.95,True,True,TIER2_OPENSOURCE_PURE;CONTINUOUS_MINUTE_STREAM;VERIFIED_MODEL_GRID,27f74949d1d459d77e48f17aff4e66d7023fb401420d631cb7e13814a3e95b1f,2026-09-18T17:43:00+00:00,2026-09-18 22:43:00,84.6,1009.4,69
10.7,15.7,26.9,973.4,282.6,44.0,5.5,2.2,0.5,446.0,206.8,25.5,7.9,22.0,27.4,24.59,False,4095,0.0,13.3,0.0,EXT-OPEN-METEO-KHI,KARACHI,OPENSOURCE_API_GRID,1065,,,,0.95,True,True,TIER2_OPENSOURCE_PURE;CONTINUOUS_MINUTE_STREAM;VERIFIED_MODEL_GRID,794bd732adaf502050bb7fdab62a866ea6129bdfad67b9f2c9cce664b11290e2,2026-09-18T17:44:00+00:00,2026-09-18 22:44:00,84.7,1009.4,69
10.7,15.7,26.8,973.4,282.6,44.0,5.5,2.1,0.5,446.0,206.5,25.5,7.9,22.0,27.4,24.59,False,4095,0.0,13.5,0.0,EXT-OPEN-METEO-KHI,KARACHI,OPENSOURCE_API_GRID,1066,,,,0.95,True,True,TIER2_OPENSOURCE_PURE;CONTINUOUS_MINUTE_STREAM;VERIFIED_MODEL_GRID,2114887e5958d5fe86ce46a2fb743b41165c6b01ab497ed172c3fd6b924be7ec,2026-09-18T17:45:00+00:00,2026-09-18 22:45:00,84.7,1009.4,69
10.7,15.7,26.8,973.4,282.6,44.0,5.5,2.1,0.5,446.0,206.2,25.5,7.9,22.0,27.4,24.59,False,4095,0.0,13.7,0.0,EXT-OPEN-METEO-KHI,KARACHI,OPENSOURCE_API_GRID,1067,,,,0.95,True,True,TIER2_OPENSOURCE_PURE;CONTINUOUS_MINUTE_STREAM;VERIFIED_MODEL_GRID,8e785e43af47cd7368167760faaa2d08574abe6e11921e65f5480cf177e9a272,2026-09-18T17:46:00+00:00,2026-09-18 22:46:00,84.7,1009.4,69
10.6,15.6,26.8,967.2,280.8,43.7,5.5,2.1,0.5,446.0,205.9,25.5,7.9,22.0,27.4,24.59,False,4095,0.0,13.9,0.0,EXT-OPEN-METEO-KHI,KARACHI,OPENSOURCE_API_GRID,1068,,,,0.95,True,True,TIER2_OPENSOURCE_PURE;CONTINUOUS_MINUTE_STREAM;VERIFIED_MODEL_GRID,c01dff93e704e300086d63fb1ee12d30b170668f4537f1c5c056a2e791bc48a7,2026-09-18T17:47:00+00:00,2026-09-18 22:47:00,84.7,1009.4,69
10.6,15.6,26.7,967.2,280.8,43.7,5.5,2.1,0.5,446.0,205.6,25.5,7.9,22.0,27.3,24.5,False,4095,0.0,14.0,0.0,EXT-OPEN-METEO-KHI,KARACHI,OPENSOURCE_API_GRID,1069,,,,0.95,True,True,TIER2_OPENSOURCE_PURE;CONTINUOUS_MINUTE_STREAM;VERIFIED_MODEL_GRID,c5ce7cea521f438cf758f4b8562a06b709b14aed4a589a71b5bc626372c3b62e,2026-09-18T17:48:00+00:00,2026-09-18 22:48:00,84.7,1009.4,69
10.5,15.5,26.7,961.0,279.0,43.4,5.4,2.1,0.5,446.0,205.4,25.5,7.9,22.0,27.3,24.5,False,4095,0.0,14.2,0.0,EXT-OPEN-METEO-KHI,KARACHI,OPENSOURCE_API_GRID,1070,,,,0.95,True,True,TIER2_OPENSOURCE_PURE;CONTINUOUS_MINUTE_STREAM;VERIFIED_MODEL_GRID,8565029dc608f8f0f708f26425f88f6a86de197770d52355b47492eea509f039,2026-09-18T17:49:00+00:00,2026-09-18 22:49:00,84.7,1009.4,69
10.5,15.5,26.6,961.0,279.0,43.4,5.4,2.1,0.5,446.0,205.1,25.5,7.9,22.0,27.3,24.5,False,4095,0.0,14.3,0.0,EXT-OPEN-METEO-KHI,KARACHI,OPENSOURCE_API_GRID,1071,,,,0.95,True,True,TIER2_OPENSOURCE_PURE;CONTINUOUS_MINUTE_STREAM;VERIFIED_MODEL_GRID,3a9ed52fa260a5771fe7b1189b255bbb63f8bafc308ee77aebfba1fc00fe9210,2026-09-18T17:50:00+00:00,2026-09-18 22:50:00,84.7,1009.4,69
10.5,15.5,26.6,961.0,279.0,43.4,5.4,2.1,0.5,446.0,204.9,25.5,7.9,22.0,27.3,24.5,False,4095,0.0,14.5,0.0,EXT-OPEN-METEO-KHI,KARACHI,OPENSOURCE_API_GRID,1072,,,,0.95,True,True,TIER2_OPENSOURCE_PURE;CONTINUOUS_MINUTE_STREAM;VERIFIED_MODEL_GRID,ee1c8fcc1153b2ad499bfa59081d8e500e297c7d966d765f657d2a4037cf7294,2026-09-18T17:51:00+00:00,2026-09-18 22:51:00,84.7,1009.4,69
10.5,15.4,26.5,954.8,277.2,43.1,5.4,2.1,0.5,446.0,204.7,25.5,7.9,22.0,27.3,24.52,False,4095,0.0,14.6,0.0,EXT-OPEN-METEO-KHI,KARACHI,OPENSOURCE_API_GRID,1073,,,,0.95,True,True,TIER2_OPENSOURCE_PURE;CONTINUOUS_MINUTE_STREAM;VERIFIED_MODEL_GRID,b9f208f6b6da1326fb6caebe1b9ec87a35ecc0a59ae26f3e2f42bf7e6526e33b,2026-09-18T17:52:00+00:00,2026-09-18 22:52:00,84.8,1009.4,69
10.5,15.4,26.5,954.8,277.2,43.1,5.4,2.1,0.5,446.0,204.6,25.5,7.9,22.0,27.3,24.52,False,4095,0.0,14.7,0.0,EXT-OPEN-METEO-KHI,KARACHI,OPENSOURCE_API_GRID,1074,,,,0.95,True,True,TIER2_OPENSOURCE_PURE;CONTINUOUS_MINUTE_STREAM;VERIFIED_MODEL_GRID,98ee80c9a12bcce593a38e3ed83ad0326063aa07e7e499bdaef15a5b17b4b044,2026-09-18T17:53:00+00:00,2026-09-18 22:53:00,84.8,1009.4,69
10.5,15.4,26.5,954.8,277.2,43.1,5.4,2.1,0.5,446.0,204.4,25.5,7.9,22.0,27.3,24.52,False,4095,0.0,14.8,0.0,EXT-OPEN-METEO-KHI,KARACHI,OPENSOURCE_API_GRID,1075,,,,0.95,True,True,TIER2_OPENSOURCE_PURE;CONTINUOUS_MINUTE_STREAM;VERIFIED_MODEL_GRID,85f115297f67213a03f250b594b8d1520d93e615f0c1ad981c17dbcfdd78f474,2026-09-18T17:54:00+00:00,2026-09-18 22:54:00,84.8,1009.4,69
10.5,15.4,26.5,954.8,277.2,43.1,5.4,2.1,0.5,446.0,204.3,25.5,7.9,22.0,27.3,24.52,False,4095,0.0,14.8,0.0,EXT-OPEN-METEO-KHI,KARACHI,OPENSOURCE_API_GRID,1076,,,,0.95,True,True,TIER2_OPENSOURCE_PURE;CONTINUOUS_MINUTE_STREAM;VERIFIED_MODEL_GRID,75de8a78273ae4e7c6e68806a0591fc3429e1c13d97cff02f5bd9a169967578a,2026-09-18T17:55:00+00:00,2026-09-18 22:55:00,84.8,1009.4,69
10.5,15.4,26.5,954.8,277.2,43.1,5.4,2.1,0.5,446.0,204.2,25.5,7.9,22.0,27.3,24.52,False,4095,0.0,14.9,0.0,EXT-OPEN-METEO-KHI,KARACHI,OPENSOURCE_API_GRID,1077,,,,0.95,True,True,TIER2_OPENSOURCE_PURE;CONTINUOUS_MINUTE_STREAM;VERIFIED_MODEL_GRID,7213cc400f74047103ccf585817288e6f3ad9e192a9e35e26e2062db012cbe13,2026-09-18T17:56:00+00:00,2026-09-18 22:56:00,84.8,1009.4,69
10.5,15.4,26.5,954.8,277.2,43.1,5.4,2.1,0.5,446.0,204.1,25.5,7.9,22.0,27.3,24.54,False,4095,0.0,14.9,0.0,EXT-OPEN-METEO-KHI,KARACHI,OPENSOURCE_API_GRID,1078,,,,0.95,True,True,TIER2_OPENSOURCE_PURE;CONTINUOUS_MINUTE_STREAM;VERIFIED_MODEL_GRID,7e8e94933f32a59ee872a73cb341b30890ca933d1a1d7890e152c787cb0f1cce,2026-09-18T17:57:00+00:00,2026-09-18 22:57:00,84.9,1009.4,69
10.5,15.4,26.6,954.8,277.2,43.1,5.4,2.1,0.5,446.0,204.0,25.5,7.9,22.0,27.3,24.54,False,4095,0.0,15.0,0.0,EXT-OPEN-METEO-KHI,KARACHI,OPENSOURCE_API_GRID,1079,,,,0.95,True,True,TIER2_OPENSOURCE_PURE;CONTINUOUS_MINUTE_STREAM;VERIFIED_MODEL_GRID,d943f9e69a7f2467a4f657049f0b9843fd0bb1a3a1c92c5c14ddf8301389cf83,2026-09-18T17:58:00+00:00,2026-09-18 22:58:00,84.9,1009.4,69
10.5,15.5,26.6,961.0,279.0,43.4,5.4,2.1,0.5,446.0,204.0,25.5,7.9,22.0,27.3,24.54,False,4095,0.0,15.0,0.0,EXT-OPEN-METEO-KHI,KARACHI,OPENSOURCE_API_GRID,1080,,,,0.95,True,True,TIER2_OPENSOURCE_PURE;CONTINUOUS_MINUTE_STREAM;VERIFIED_MODEL_GRID,a87536b33557de88eb9f81883770fb2ee0d4f29df0978463065c2f181a678535,2026-09-18T17:59:00+00:00,2026-09-18 22:59:00,84.9,1009.4,69
10.5,15.5,26.7,961.0,279.0,43.4,5.4,2.1,0.5,446.0,204.0,25.5,7.9,22.0,27.3,24.54,False,4095,0.0,15.0,0.0,EXT-OPEN-METEO-KHI,KARACHI,OPENSOURCE_API_GRID,1081,,,,0.95,True,False,TIER2_OPENSOURCE_PURE;HOURLY_NODE;VERIFIED_MODEL_GRID,3be4e03ad4767a9abf854b122dd50cee6a398bc4cfadc1257ab6a5d286fdc26b,2026-09-18T18:00:00+00:00,2026-09-18 23:00:00,84.9,1009.4,69
10.5,15.5,26.7,961.0,279.0,43.4,5.4,2.1,0.5,446.0,204.0,25.5,7.9,22.0,27.3,24.56,False,4095,0.0,15.0,0.0,EXT-OPEN-METEO-KHI,KARACHI,OPENSOURCE_API_GRID,1082,,,,0.95,True,True,TIER2_OPENSOURCE_PURE;CONTINUOUS_MINUTE_STREAM;VERIFIED_MODEL_GRID,8e153ff69ffe940349842334b14698be64a93c0a1d52af6b823facf6a909873e,2026-09-18T18:01:00+00:00,2026-09-18 23:01:00,85.0,1009.4,69
10.6,15.6,26.8,967.2,280.8,43.7,5.5,2.1,0.5,446.0,203.9,25.5,7.9,22.0,27.3,24.56,False,4095,0.0,15.0,0.0,EXT-OPEN-METEO-KHI,KARACHI,OPENSOURCE_API_GRID,1083,,,,0.95,True,True,TIER2_OPENSOURCE_PURE;CONTINUOUS_MINUTE_STREAM;VERIFIED_MODEL_GRID,da347df1a748f89b818b846754d137a2a91119516c894abbd314362ee07629b7,2026-09-18T18:02:00+00:00,2026-09-18 23:02:00,85.0,1009.4,69
10.6,15.6,26.9,967.2,280.8,43.7,5.5,2.2,0.5,446.0,203.9,25.5,7.9,22.0,27.3,24.56,False,4095,0.0,15.1,0.0,EXT-OPEN-METEO-KHI,KARACHI,OPENSOURCE_API_GRID,1084,,,,0.95,True,True,TIER2_OPENSOURCE_PURE;CONTINUOUS_MINUTE_STREAM;VERIFIED_MODEL_GRID,34ad1beabfdf8596149731966b4b305e886624c348a06d3c1ed4f4bccdc28a73,2026-09-18T18:03:00+00:00,2026-09-18 23:03:00,85.0,1009.4,69
10.7,15.7,26.9,973.4,282.6,44.0,5.5,2.2,0.5,446.0,203.8,25.5,7.9,22.0,27.3,24.56,False,4095,0.0,15.1,0.0,EXT-OPEN-METEO-KHI,KARACHI,OPENSOURCE_API_GRID,1085,,,,0.95,True,True,TIER2_OPENSOURCE_PURE;CONTINUOUS_MINUTE_STREAM;VERIFIED_MODEL_GRID,3ec5bb7a8189bd44bb7b186d725ee4d4e73282e1c3f939e52e4144bb494d80a4,2026-09-18T18:04:00+00:00,2026-09-18 23:04:00,85.0,1009.4,69
10.6,15.6,26.8,967.2,280.8,43.7,5.5,2.1,0.5,446.0,203.7,25.5,7.9,22.0,27.3,24.59,False,4095,0.0,15.2,0.0,EXT-OPEN-METEO-KHI,KARACHI,OPENSOURCE_API_GRID,1086,,,,0.95,True,True,TIER2_OPENSOURCE_PURE;CONTINUOUS_MINUTE_STREAM;VERIFIED_MODEL_GRID,3ff126652eb1f1270b10c392b4effe6427ec2eb0a628c152b9f28ef7cf981ce0,2026-09-18T18:05:00+00:00,2026-09-18 23:05:00,85.2,1009.4,69
10.6,15.6,26.9,967.2,280.8,43.7,5.5,2.2,0.5,446.0,203.5,25.4,7.9,22.0,27.3,24.58,False,4095,0.0,15.3,0.0,EXT-OPEN-METEO-KHI,KARACHI,OPENSOURCE_API_GRID,1087,,,,0.95,True,True,TIER2_OPENSOURCE_PURE;CONTINUOUS_MINUTE_STREAM;VERIFIED_MODEL_GRID,255a96c9378147e4cdbdbbc98fde3636163e27626eca500c9b31aa79aa48a66a,2026-09-18T18:06:00+00:00,2026-09-18 23:06:00,85.1,1009.4,69
10.7,15.7,26.9,973.4,282.6,44.0,5.5,2.2,0.5,446.0,203.4,25.4,7.9,22.1,27.3,24.58,False,4095,0.0,15.4,0.0,EXT-OPEN-METEO-KHI,KARACHI,OPENSOURCE_API_GRID,1088,,,,0.95,True,True,TIER2_OPENSOURCE_PURE;CONTINUOUS_MINUTE_STREAM;VERIFIED_MODEL_GRID,8432343247f25938264667bdaaa090dffde3e60b200f8150924ff64652e9d540,2026-09-18T18:07:00+00:00,2026-09-18 23:07:00,85.1,1009.4,69
10.7,15.7,27.0,973.4,282.6,44.0,5.5,2.2,0.5,446.0,203.2,25.4,7.9,22.1,27.3,24.58,False,4095,0.0,15.5,0.0,EXT-OPEN-METEO-KHI,KARACHI,OPENSOURCE_API_GRID,1089,,,,0.95,True,True,TIER2_OPENSOURCE_PURE;CONTINUOUS_MINUTE_STREAM;VERIFIED_MODEL_GRID,996e2c15e0b0c84c5cf193384ad89de683e4a291a347162838424c6792bb9f69,2026-09-18T18:08:00+00:00,2026-09-18 23:08:00,85.1,1009.4,69
10.7,15.7,27.1,973.4,282.6,44.0,5.5,2.2,0.5,446.0,203.0,25.3,7.9,22.1,27.3,24.58,False,4095,0.0,15.7,0.0,EXT-OPEN-METEO-KHI,KARACHI,OPENSOURCE_API_GRID,1090,,,,0.95,True,True,TIER2_OPENSOURCE_PURE;CONTINUOUS_MINUTE_STREAM;VERIFIED_MODEL_GRID,59d055062b35f3f633a983fe8b1edb1f479e72d15f0d29603d4011672d44f147,2026-09-18T18:09:00+00:00,2026-09-18 23:09:00,85.1,1009.4,69
10.7,15.8,27.1,979.6,284.4,44.2,5.5,2.2,0.5,446.0,202.7,25.3,7.9,22.1,27.3,24.58,False,4095,0.0,15.8,0.0,EXT-OPEN-METEO-KHI,KARACHI,OPENSOURCE_API_GRID,1091,,,,0.95,True,True,TIER2_OPENSOURCE_PURE;CONTINUOUS_MINUTE_STREAM;VERIFIED_MODEL_GRID,5cd8debe1c2b29b6865fc1b040b9c791009638887a83a1a1c50fe085e28e95be,2026-09-18T18:10:00+00:00,2026-09-18 23:10:00,85.1,1009.4,69
10.7,15.8,27.1,979.6,284.4,44.2,5.5,2.2,0.5,446.0,202.5,25.3,7.9,22.2,27.3,24.58,False,4095,0.0,16.0,0.0,EXT-OPEN-METEO-KHI,KARACHI,OPENSOURCE_API_GRID,1092,,,,0.95,True,True,TIER2_OPENSOURCE_PURE;CONTINUOUS_MINUTE_STREAM;VERIFIED_MODEL_GRID,c14d6cc1a9e297c0b8fcb895f9f8de6700503caea0470e027a2e85bc833b17d4,2026-09-18T18:11:00+00:00,2026-09-18 23:11:00,85.1,1009.4,69
10.7,15.8,27.1,979.6,284.4,44.2,5.5,2.2,0.5,446.0,202.2,25.2,7.9,22.2,27.3,24.58,False,4095,0.0,16.1,0.0,EXT-OPEN-METEO-KHI,KARACHI,OPENSOURCE_API_GRID,1093,,,,0.95,True,True,TIER2_OPENSOURCE_PURE;CONTINUOUS_MINUTE_STREAM;VERIFIED_MODEL_GRID,f04b6017d58d3445632898e64583812bd840ceabc7076ddb65d1a847d7ccff53,2026-09-18T18:12:00+00:00,2026-09-18 23:12:00,85.1,1009.4,69
10.7,15.8,27.1,979.6,284.4,44.2,5.5,2.2,0.5,446.0,201.9,25.2,7.8,22.2,27.3,24.56,False,4095,0.0,16.3,0.0,EXT-OPEN-METEO-KHI,KARACHI,OPENSOURCE_API_GRID,1094,,,,0.95,True,True,TIER2_OPENSOURCE_PURE;CONTINUOUS_MINUTE_STREAM;VERIFIED_MODEL_GRID,2d25766c91cd76b67433bd700c7c7bad5c74906257ce2e9595fd6503ea31e25a,2026-09-18T18:13:00+00:00,2026-09-18 23:13:00,85.0,1009.4,69
10.7,15.7,27.1,973.4,282.6,44.0,5.5,2.2,0.5,446.0,201.6,25.1,7.8,22.3,27.3,24.56,False,4095,0.0,16.5,0.0,EXT-OPEN-METEO-KHI,KARACHI,OPENSOURCE_API_GRID,1095,,,,0.95,True,True,TIER2_OPENSOURCE_PURE;CONTINUOUS_MINUTE_STREAM;VERIFIED_MODEL_GRID,a610ba7f0d871b4d107e32f25e177074ad2431219bfc69b30f609b920a269d80,2026-09-18T18:14:00+00:00,2026-09-18 23:14:00,85.0,1009.4,69
10.7,15.7,27.1,973.4,282.6,44.0,5.5,2.2,0.5,446.0,201.2,25.1,7.8,22.3,27.3,24.56,False,4095,0.0,16.8,0.0,EXT-OPEN-METEO-KHI,KARACHI,OPENSOURCE_API_GRID,1096,,,,0.95,True,True,TIER2_OPENSOURCE_PURE;CONTINUOUS_MINUTE_STREAM;VERIFIED_MODEL_GRID,9e397ddca4bdbbada0e9e51d8ac3f82ae6fdd68b0a82dc2876ac719c8e3bf2b2,2026-09-18T18:15:00+00:00,2026-09-18 23:15:00,85.0,1009.4,69
10.7,15.7,27.1,973.4,282.6,44.0,5.5,2.2,0.5,446.0,200.9,25.0,7.8,22.3,27.3,24.56,False,4095,0.0,17.0,0.0,EXT-OPEN-METEO-KHI,KARACHI,OPENSOURCE_API_GRID,1097,,,,0.95,True,True,TIER2_OPENSOURCE_PURE;CONTINUOUS_MINUTE_STREAM;VERIFIED_MODEL_GRID,7d8c7fb4ce095d1eaed36de95bb2d3420dda8f157de4f64c768bd37c6b22c333,2026-09-18T18:16:00+00:00,2026-09-18 23:16:00,85.0,1009.4,69
10.6,15.6,27.0,967.2,280.8,43.7,5.5,2.2,0.5,446.0,200.5,25.0,7.8,22.4,27.3,24.54,False,4095,0.0,17.2,0.0,EXT-OPEN-METEO-KHI,KARACHI,OPENSOURCE_API_GRID,1098,,,,0.95,True,True,TIER2_OPENSOURCE_PURE;CONTINUOUS_MINUTE_STREAM;VERIFIED_MODEL_GRID,90cfcb27a2796509f656d86e8c5f69f53ee6bcb776f2a8475567e54a520356fc,2026-09-18T18:17:00+00:00,2026-09-18 23:17:00,84.9,1009.4,69
10.6,15.6,27.0,967.2,280.8,43.7,5.5,2.2,0.5,446.0,200.1,24.9,7.8,22.4,27.3,24.54,False,4095,0.0,17.5,0.0,EXT-OPEN-METEO-KHI,KARACHI,OPENSOURCE_API_GRID,1099,,,,0.95,True,True,TIER2_OPENSOURCE_PURE;CONTINUOUS_MINUTE_STREAM;VERIFIED_MODEL_GRID,38d5cbb45dcec9bc1b26c4bd603c8b210ac843ed9b4711c718e62cd7ec9c281c,2026-09-18T18:18:00+00:00,2026-09-18 23:18:00,84.9,1009.4,69
10.5,15.5,26.9,961.0,279.0,43.4,5.4,2.2,0.5,446.0,199.7,24.8,7.8,22.5,27.3,24.54,False,4095,0.0,17.7,0.0,EXT-OPEN-METEO-KHI,KARACHI,OPENSOURCE_API_GRID,1100,,,,0.95,True,True,TIER2_OPENSOURCE_PURE;CONTINUOUS_MINUTE_STREAM;VERIFIED_MODEL_GRID,2cc9290431da8f13cec32ff8d11cd986fd11ef78c708d11c182eb92b6786c2ed,2026-09-18T18:19:00+00:00,2026-09-18 23:19:00,84.9,1009.4,69
10.5,15.5,26.8,961.0,279.0,43.4,5.4,2.1,0.5,446.0,199.2,24.8,7.8,22.5,27.3,24.54,False,4095,0.0,18.0,0.0,EXT-OPEN-METEO-KHI,KARACHI,OPENSOURCE_API_GRID,1101,,,,0.95,True,True,TIER2_OPENSOURCE_PURE;CONTINUOUS_MINUTE_STREAM;VERIFIED_MODEL_GRID,06eee42d656be6d5bf5213d4910d860d822573f989885dbe48f6c10cde65e888,2026-09-18T18:20:00+00:00,2026-09-18 23:20:00,84.9,1009.4,69
10.5,15.4,26.8,954.8,277.2,43.1,5.4,2.1,0.5,446.0,198.8,24.7,7.8,22.5,27.3,24.54,False,4095,0.0,18.3,0.0,EXT-OPEN-METEO-KHI,KARACHI,OPENSOURCE_API_GRID,1102,,,,0.95,True,True,TIER2_OPENSOURCE_PURE;CONTINUOUS_MINUTE_STREAM;VERIFIED_MODEL_GRID,a46a085d2e4d7066ede199718a9a6d187a7d303a82ed0770e337afac4ecb9413,2026-09-18T18:21:00+00:00,2026-09-18 23:21:00,84.9,1009.4,69
10.5,15.4,26.7,954.8,277.2,43.1,5.4,2.1,0.5,446.0,198.4,24.6,7.8,22.6,27.3,24.54,False,4095,0.0,18.6,0.0,EXT-OPEN-METEO-KHI,KARACHI,OPENSOURCE_API_GRID,1103,,,,0.95,True,True,TIER2_OPENSOURCE_PURE;CONTINUOUS_MINUTE_STREAM;VERIFIED_MODEL_GRID,36d801c6a305e336dcff9b8a8cf0a9784b3f3e713fcc023fc5c358c4e1dd7a2a,2026-09-18T18:22:00+00:00,2026-09-18 23:22:00,84.9,1009.4,69
10.4,15.3,26.7,948.6,275.4,42.8,5.4,2.1,0.5,446.0,197.9,24.6,7.7,22.6,27.3,24.54,False,4095,0.0,18.8,0.0,EXT-OPEN-METEO-KHI,KARACHI,OPENSOURCE_API_GRID,1104,,,,0.95,True,True,TIER2_OPENSOURCE_PURE;CONTINUOUS_MINUTE_STREAM;VERIFIED_MODEL_GRID,1cffbc9ad959879ac1867b1f5da36dd157a912f898b0071eee297371fbf5913c,2026-09-18T18:23:00+00:00,2026-09-18 23:23:00,84.9,1009.4,69
10.4,15.3,26.7,948.6,275.4,42.8,5.4,2.1,0.5,446.0,197.4,24.5,7.7,22.7,27.3,24.54,False,4095,0.0,19.1,0.0,EXT-OPEN-METEO-KHI,KARACHI,OPENSOURCE_API_GRID,1105,,,,0.95,True,True,TIER2_OPENSOURCE_PURE;CONTINUOUS_MINUTE_STREAM;VERIFIED_MODEL_GRID,c8e0eb3998810fa507ce846d80d43e027201e584c22b96eebbb3da5cae7bb229,2026-09-18T18:24:00+00:00,2026-09-18 23:24:00,84.9,1009.4,69
10.4,15.3,26.7,948.6,275.4,42.8,5.4,2.1,0.5,446.0,197.0,24.4,7.7,22.7,27.3,24.54,False,4095,0.0,19.4,0.0,EXT-OPEN-METEO-KHI,KARACHI,OPENSOURCE_API_GRID,1106,,,,0.95,True,True,TIER2_OPENSOURCE_PURE;CONTINUOUS_MINUTE_STREAM;VERIFIED_MODEL_GRID,1b3c6a8fc0dab8859bf8f41b6ab3a46cef46c683b054bd69f26e2028badce04e,2026-09-18T18:25:00+00:00,2026-09-18 23:25:00,84.9,1009.4,69
10.3,15.2,26.7,942.4,273.6,42.6,5.3,2.1,0.5,446.0,196.5,24.4,7.7,22.8,27.3,24.54,False,4095,0.0,19.8,0.0,EXT-OPEN-METEO-KHI,KARACHI,OPENSOURCE_API_GRID,1107,,,,0.95,True,True,TIER2_OPENSOURCE_PURE;CONTINUOUS_MINUTE_STREAM;VERIFIED_MODEL_GRID,cd424c41f19f6cfa6376426d6dfa2e394ef839bae7bf685643bccee8f10378db,2026-09-18T18:26:00+00:00,2026-09-18 23:26:00,84.9,1009.4,69
10.3,15.2,26.7,942.4,273.6,42.6,5.3,2.1,0.5,446.0,196.0,24.3,7.7,22.8,27.3,24.54,False,4095,0.0,20.1,0.0,EXT-OPEN-METEO-KHI,KARACHI,OPENSOURCE_API_GRID,1108,,,,0.95,True,True,TIER2_OPENSOURCE_PURE;CONTINUOUS_MINUTE_STREAM;VERIFIED_MODEL_GRID,e1c33a9fedb5c2de8875882a9956e19abf003c1b74f1c0bd4a448d5771108288,2026-09-18T18:27:00+00:00,2026-09-18 23:27:00,84.9,1009.4,69
10.3,15.2,26.7,942.4,273.6,42.6,5.3,2.1,0.5,446.0,195.5,24.2,7.7,22.9,27.3,24.54,False,4095,0.0,20.4,0.0,EXT-OPEN-METEO-KHI,KARACHI,OPENSOURCE_API_GRID,1109,,,,0.95,True,True,TIER2_OPENSOURCE_PURE;CONTINUOUS_MINUTE_STREAM;VERIFIED_MODEL_GRID,2cdf68c19be7a57f91de44084fa7ac2c1b239cb526f02ded15115aa17f13e3d9,2026-09-18T18:28:00+00:00,2026-09-18 23:28:00,84.9,1009.4,69
10.3,15.2,26.7,942.4,273.6,42.6,5.3,2.1,0.5,446.0,195.0,24.1,7.7,22.9,27.3,24.54,False,4095,0.0,20.7,0.0,EXT-OPEN-METEO-KHI,KARACHI,OPENSOURCE_API_GRID,1110,,,,0.95,True,True,TIER2_OPENSOURCE_PURE;CONTINUOUS_MINUTE_STREAM;VERIFIED_MODEL_GRID,18bc8c83747da381981cbc28fe8cc21b7467bd41b31da4947db245b7ea971ef7,2026-09-18T18:29:00+00:00,2026-09-18 23:29:00,84.9,1009.4,69
10.4,15.3,26.8,948.6,275.4,42.8,5.4,2.1,0.5,446.0,194.5,24.0,7.7,23.0,27.3,24.54,False,4095,0.0,21.0,0.0,EXT-OPEN-METEO-KHI,KARACHI,OPENSOURCE_API_GRID,1111,,,,0.95,True,True,TIER2_OPENSOURCE_PURE;CONTINUOUS_MINUTE_STREAM;VERIFIED_MODEL_GRID,76644747f8f3ec5b0f8f915dedc57a022aac1a7bb3c3eaa9f8bda43bbd40b000,2026-09-18T18:30:00+00:00,2026-09-18 23:30:00,84.9,1009.4,69
10.4,15.3,26.9,948.6,275.4,42.8,5.4,2.2,0.5,446.0,194.0,24.0,7.6,23.1,27.3,24.54,False,4095,0.0,21.3,0.0,EXT-OPEN-METEO-KHI,KARACHI,OPENSOURCE_API_GRID,1112,,,,0.95,True,True,TIER2_OPENSOURCE_PURE;CONTINUOUS_MINUTE_STREAM;VERIFIED_MODEL_GRID,9e9f5ca78048a04da762ec836479a8fe64356a43afe6f81f494f00ab7e7baf8e,2026-09-18T18:31:00+00:00,2026-09-18 23:31:00,84.9,1009.3,69
10.4,15.3,26.9,948.6,275.4,42.8,5.4,2.2,0.5,446.0,193.5,23.9,7.6,23.1,27.3,24.56,False,4095,0.0,21.6,0.0,EXT-OPEN-METEO-KHI,KARACHI,OPENSOURCE_API_GRID,1113,,,,0.95,True,True,TIER2_OPENSOURCE_PURE;CONTINUOUS_MINUTE_STREAM;VERIFIED_MODEL_GRID,1aaa5b84cc082740621e813b8e413ea79a1765a29078c816e81a340aa80206bd,2026-09-18T18:32:00+00:00,2026-09-18 23:32:00,85.0,1009.3,69
10.5,15.4,27.0,954.8,277.2,43.1,5.4,2.2,0.5,446.0,193.0,23.8,7.6,23.2,27.3,24.56,False,4095,0.0,21.9,0.0,EXT-OPEN-METEO-KHI,KARACHI,OPENSOURCE_API_GRID,1114,,,,0.95,True,True,TIER2_OPENSOURCE_PURE;CONTINUOUS_MINUTE_STREAM;VERIFIED_MODEL_GRID,382b445171675555121f5a0aac8a6b5b1e3f39924b352129af44a74797f54922,2026-09-18T18:33:00+00:00,2026-09-18 23:33:00,85.0,1009.3,69
10.5,15.4,27.1,954.8,277.2,43.1,5.4,2.2,0.5,446.0,192.5,23.7,7.6,23.2,27.3,24.56,False,4095,0.0,22.2,0.0,EXT-OPEN-METEO-KHI,KARACHI,OPENSOURCE_API_GRID,1115,,,,0.95,True,True,TIER2_OPENSOURCE_PURE;CONTINUOUS_MINUTE_STREAM;VERIFIED_MODEL_GRID,3fc5df6cdc1f05d3e61da286e8715d47f48cf8c2b0b20f4033db81de59ddb64a,2026-09-18T18:34:00+00:00,2026-09-18 23:34:00,85.0,1009.3,69
10.5,15.4,27.2,954.8,277.2,43.1,5.4,2.2,0.5,446.0,192.0,23.7,7.6,23.3,27.3,24.56,False,4095,0.0,22.6,0.0,EXT-OPEN-METEO-KHI,KARACHI,OPENSOURCE_API_GRID,1116,,,,0.95,True,True,TIER2_OPENSOURCE_PURE;CONTINUOUS_MINUTE_STREAM;VERIFIED_MODEL_GRID,66c32d0c2a80169fc85484d0755e5b2587f0095625ea6565fa1bf2d3ed977ca6,2026-09-18T18:35:00+00:00,2026-09-18 23:35:00,85.0,1009.3,69
10.4,15.3,27.1,948.6,275.4,42.8,5.4,2.2,0.5,446.0,191.6,23.6,7.6,23.3,27.3,24.59,False,4095,0.0,22.9,0.0,EXT-OPEN-METEO-KHI,KARACHI,OPENSOURCE_API_GRID,1117,,,,0.95,True,True,TIER2_OPENSOURCE_PURE;CONTINUOUS_MINUTE_STREAM;VERIFIED_MODEL_GRID,7c5c6deb1eb8d62876a8653e78eb00325644ddea5be96587fa3b2b3f5992d697,2026-09-18T18:36:00+00:00,2026-09-18 23:36:00,85.2,1009.3,69
10.5,15.4,27.1,954.8,277.2,43.1,5.4,2.2,0.5,446.0,191.1,23.5,7.6,23.4,27.3,24.58,False,4095,0.0,23.2,0.0,EXT-OPEN-METEO-KHI,KARACHI,OPENSOURCE_API_GRID,1118,,,,0.95,True,True,TIER2_OPENSOURCE_PURE;CONTINUOUS_MINUTE_STREAM;VERIFIED_MODEL_GRID,707f33a8c80ebc21a463eb062ef2493d3b5adbfd68806f26e98b5a74c4e03fe8,2026-09-18T18:37:00+00:00,2026-09-18 23:37:00,85.1,1009.3,69
10.5,15.4,27.2,954.8,277.2,43.1,5.4,2.2,0.5,446.0,190.6,23.5,7.5,23.4,27.3,24.58,False,4095,0.0,23.4,0.0,EXT-OPEN-METEO-KHI,KARACHI,OPENSOURCE_API_GRID,1119,,,,0.95,True,True,TIER2_OPENSOURCE_PURE;CONTINUOUS_MINUTE_STREAM;VERIFIED_MODEL_GRID,490bd103eb6050795c16741b468b73608202e0067f4e632a0c9d6a8aa1166b01,2026-09-18T18:38:00+00:00,2026-09-18 23:38:00,85.1,1009.3,69
10.5,15.4,27.3,954.8,277.2,43.1,5.4,2.2,0.5,446.0,190.2,23.4,7.5,23.5,27.3,24.58,False,4095,0.0,23.7,0.0,EXT-OPEN-METEO-KHI,KARACHI,OPENSOURCE_API_GRID,1120,,,,0.95,True,True,TIER2_OPENSOURCE_PURE;CONTINUOUS_MINUTE_STREAM;VERIFIED_MODEL_GRID,b1ef9c691cd232ddf6a3996e8562de6d3e0258da3278c1d01385a87af93fbf40,2026-09-18T18:39:00+00:00,2026-09-18 23:39:00,85.1,1009.3,69
10.5,15.5,27.3,961.0,279.0,43.4,5.4,2.2,0.5,446.0,189.8,23.3,7.5,23.5,27.3,24.58,False,4095,0.0,24.0,0.0,EXT-OPEN-METEO-KHI,KARACHI,OPENSOURCE_API_GRID,1121,,,,0.95,True,True,TIER2_OPENSOURCE_PURE;CONTINUOUS_MINUTE_STREAM;VERIFIED_MODEL_GRID,afa69f4b4a5319e620f7424ba62fc1e91d3c4e8139fd01877558a10e687c0f5c,2026-09-18T18:40:00+00:00,2026-09-18 23:40:00,85.1,1009.3,69
10.5,15.5,27.4,961.0,279.0,43.4,5.4,2.2,0.5,446.0,189.3,23.3,7.5,23.5,27.3,24.58,False,4095,0.0,24.3,0.0,EXT-OPEN-METEO-KHI,KARACHI,OPENSOURCE_API_GRID,1122,,,,0.95,True,True,TIER2_OPENSOURCE_PURE;CONTINUOUS_MINUTE_STREAM;VERIFIED_MODEL_GRID,9581a8f1dc8ead643819a5718cf2d53aa0cff08c72597848f326d88686cd8ebf,2026-09-18T18:41:00+00:00,2026-09-18 23:41:00,85.1,1009.3,69
10.5,15.5,27.4,961.0,279.0,43.4,5.4,2.2,0.5,446.0,188.9,23.2,7.5,23.6,27.3,24.58,False,4095,0.0,24.5,0.0,EXT-OPEN-METEO-KHI,KARACHI,OPENSOURCE_API_GRID,1123,,,,0.95,True,True,TIER2_OPENSOURCE_PURE;CONTINUOUS_MINUTE_STREAM;VERIFIED_MODEL_GRID,2cac37279a514816cd2ff13cd9ab6aa040fcac7051a53473efaf802d4f4d4d13,2026-09-18T18:42:00+00:00,2026-09-18 23:42:00,85.1,1009.3,69
10.5,15.5,27.4,961.0,279.0,43.4,5.4,2.2,0.5,446.0,188.5,23.1,7.5,23.6,27.3,24.58,False,4095,0.0,24.8,0.0,EXT-OPEN-METEO-KHI,KARACHI,OPENSOURCE_API_GRID,1124,,,,0.95,True,True,TIER2_OPENSOURCE_PURE;CONTINUOUS_MINUTE_STREAM;VERIFIED_MODEL_GRID,4cf2ce7f0fd82f2120ede3fa6b6b2e1582fdf468cc4679b4df1b0f3961834863,2026-09-18T18:43:00+00:00,2026-09-18 23:43:00,85.1,1009.3,69
10.5,15.5,27.4,961.0,279.0,43.4,5.4,2.2,0.5,446.0,188.1,23.1,7.5,23.7,27.3,24.56,False,4095,0.0,25.0,0.0,EXT-OPEN-METEO-KHI,KARACHI,OPENSOURCE_API_GRID,1125,,,,0.95,True,True,TIER2_OPENSOURCE_PURE;CONTINUOUS_MINUTE_STREAM;VERIFIED_MODEL_GRID,a0140ba6ab88a73444059ee011100b103b4efaf2e63f1617715781d2b6c2795f,2026-09-18T18:44:00+00:00,2026-09-18 23:44:00,85.0,1009.3,69
10.5,15.4,27.4,954.8,277.2,43.1,5.4,2.2,0.5,446.0,187.8,23.0,7.5,23.7,27.3,24.56,False,4095,0.0,25.2,0.0,EXT-OPEN-METEO-KHI,KARACHI,OPENSOURCE_API_GRID,1126,,,,0.95,True,True,TIER2_OPENSOURCE_PURE;CONTINUOUS_MINUTE_STREAM;VERIFIED_MODEL_GRID,05f3501363171198a0e4324cbfaf1aa6114e51c0a5e7ddd44cdf30307e0346b2,2026-09-18T18:45:00+00:00,2026-09-18 23:45:00,85.0,1009.3,69
10.5,15.4,27.4,954.8,277.2,43.1,5.4,2.2,0.5,446.0,187.4,23.0,7.5,23.7,27.3,24.56,False,4095,0.0,25.5,0.0,EXT-OPEN-METEO-KHI,KARACHI,OPENSOURCE_API_GRID,1127,,,,0.95,True,True,TIER2_OPENSOURCE_PURE;CONTINUOUS_MINUTE_STREAM;VERIFIED_MODEL_GRID,54f1863193bd6a136d9c134ffcc2a87e0031f05144d4a26f5892ed7c685ba883,2026-09-18T18:46:00+00:00,2026-09-18 23:46:00,85.0,1009.3,69
10.5,15.4,27.3,954.8,277.2,43.1,5.4,2.2,0.5,446.0,187.1,22.9,7.5,23.8,27.3,24.56,False,4095,0.0,25.7,0.0,EXT-OPEN-METEO-KHI,KARACHI,OPENSOURCE_API_GRID,1128,,,,0.95,True,True,TIER2_OPENSOURCE_PURE;CONTINUOUS_MINUTE_STREAM;VERIFIED_MODEL_GRID,12bce87df2db34f60b158df5a294d4967cc043ba583654deed0a99192c276364,2026-09-18T18:47:00+00:00,2026-09-18 23:47:00,85.0,1009.3,69
10.4,15.3,27.3,948.6,275.4,42.8,5.4,2.2,0.5,446.0,186.8,22.9,7.4,23.8,27.3,24.54,False,4095,0.0,25.9,0.0,EXT-OPEN-METEO-KHI,KARACHI,OPENSOURCE_API_GRID,1129,,,,0.95,True,True,TIER2_OPENSOURCE_PURE;CONTINUOUS_MINUTE_STREAM;VERIFIED_MODEL_GRID,bb0adf084f639d38a0c0a511f7f36c897cf3422e82ee7910f612d7352430ee28,2026-09-18T18:48:00+00:00,2026-09-18 23:48:00,84.9,1009.3,69
10.4,15.3,27.2,948.6,275.4,42.8,5.4,2.2,0.5,446.0,186.5,22.8,7.4,23.8,27.3,24.54,False,4095,0.0,26.0,0.0,EXT-OPEN-METEO-KHI,KARACHI,OPENSOURCE_API_GRID,1130,,,,0.95,True,True,TIER2_OPENSOURCE_PURE;CONTINUOUS_MINUTE_STREAM;VERIFIED_MODEL_GRID,8be5b733369c63c60a7da8fdfb211571d0f004a079ccb385ca28d84f20716045,2026-09-18T18:49:00+00:00,2026-09-18 23:49:00,84.9,1009.3,69
10.3,15.2,27.2,942.4,273.6,42.6,5.3,2.2,0.5,446.0,186.3,22.8,7.4,23.9,27.3,24.54,False,4095,0.0,26.2,0.0,EXT-OPEN-METEO-KHI,KARACHI,OPENSOURCE_API_GRID,1131,,,,0.95,True,True,TIER2_OPENSOURCE_PURE;CONTINUOUS_MINUTE_STREAM;VERIFIED_MODEL_GRID,0e51c3b07241271f275aa1fc6199b02000ee08e144a250488d7cee562227e947,2026-09-18T18:50:00+00:00,2026-09-18 23:50:00,84.9,1009.3,69
10.3,15.2,27.1,942.4,273.6,42.6,5.3,2.2,0.5,446.0,186.0,22.8,7.4,23.9,27.3,24.54,False,4095,0.0,26.3,0.0,EXT-OPEN-METEO-KHI,KARACHI,OPENSOURCE_API_GRID,1132,,,,0.95,True,True,TIER2_OPENSOURCE_PURE;CONTINUOUS_MINUTE_STREAM;VERIFIED_MODEL_GRID,e274ea791a7afabb6bfae6524e44f6d8faab62d034f25807b54c0ff16b19600f,2026-09-18T18:51:00+00:00,2026-09-18 23:51:00,84.9,1009.3,69
10.3,15.1,27.1,936.2,271.8,42.3,5.3,2.2,0.5,446.0,185.8,22.7,7.4,23.9,27.3,24.54,False,4095,0.0,26.5,0.0,EXT-OPEN-METEO-KHI,KARACHI,OPENSOURCE_API_GRID,1133,,,,0.95,True,True,TIER2_OPENSOURCE_PURE;CONTINUOUS_MINUTE_STREAM;VERIFIED_MODEL_GRID,c58d794848cb629210af987936a0c3155bd27ad46ca238c36996fd17109e9a7a,2026-09-18T18:52:00+00:00,2026-09-18 23:52:00,84.9,1009.3,69
10.3,15.1,27.0,936.2,271.8,42.3,5.3,2.2,0.5,446.0,185.6,22.7,7.4,23.9,27.3,24.54,False,4095,0.0,26.6,0.0,EXT-OPEN-METEO-KHI,KARACHI,OPENSOURCE_API_GRID,1134,,,,0.95,True,True,TIER2_OPENSOURCE_PURE;CONTINUOUS_MINUTE_STREAM;VERIFIED_MODEL_GRID,462ec6e86920dc07d9c8e5b24866196f5fc02c4c56f702ae00435c30c97c2447,2026-09-18T18:53:00+00:00,2026-09-18 23:53:00,84.9,1009.3,69
10.3,15.1,27.0,936.2,271.8,42.3,5.3,2.2,0.5,446.0,185.5,22.7,7.4,24.0,27.3,24.54,False,4095,0.0,26.7,0.0,EXT-OPEN-METEO-KHI,KARACHI,OPENSOURCE_API_GRID,1135,,,,0.95,True,True,TIER2_OPENSOURCE_PURE;CONTINUOUS_MINUTE_STREAM;VERIFIED_MODEL_GRID,c207e5310e1eb390313767f21c447b8b5394450b6a0565691316fe984a9f69a2,2026-09-18T18:54:00+00:00,2026-09-18 23:54:00,84.9,1009.3,69
10.2,15.0,26.9,930.0,270.0,42.0,5.2,2.2,0.5,446.0,185.3,22.6,7.4,24.0,27.3,24.54,False,4095,0.0,26.8,0.0,EXT-OPEN-METEO-KHI,KARACHI,OPENSOURCE_API_GRID,1136,,,,0.95,True,True,TIER2_OPENSOURCE_PURE;CONTINUOUS_MINUTE_STREAM;VERIFIED_MODEL_GRID,5d72152edb7d693267c302e10b4b96d2bc2f69e165c0181808906ddae73e8377,2026-09-18T18:55:00+00:00,2026-09-18 23:55:00,84.9,1009.3,69
10.2,15.0,26.9,930.0,270.0,42.0,5.2,2.2,0.5,446.0,185.2,22.6,7.4,24.0,27.3,24.54,False,4095,0.0,26.9,0.0,EXT-OPEN-METEO-KHI,KARACHI,OPENSOURCE_API_GRID,1137,,,,0.95,True,True,TIER2_OPENSOURCE_PURE;CONTINUOUS_MINUTE_STREAM;VERIFIED_MODEL_GRID,65710eaaad13ad3f94b9e9262692c9d5b9221e66a4ebae93ee9c7d78d0925dde,2026-09-18T18:56:00+00:00,2026-09-18 23:56:00,84.9,1009.3,69
10.2,15.0,26.9,930.0,270.0,42.0,5.2,2.2,0.5,446.0,185.1,22.6,7.4,24.0,27.3,24.54,False,4095,0.0,26.9,0.0,EXT-OPEN-METEO-KHI,KARACHI,OPENSOURCE_API_GRID,1138,,,,0.95,True,True,TIER2_OPENSOURCE_PURE;CONTINUOUS_MINUTE_STREAM;VERIFIED_MODEL_GRID,e20f577694bb3a51173a8af42a6a8f9621c040e29fcaffee1bc151f2da48481f,2026-09-18T18:57:00+00:00,2026-09-18 23:57:00,84.9,1009.3,69
10.2,15.0,26.9,930.0,270.0,42.0,5.2,2.2,0.5,446.0,185.1,22.6,7.4,24.0,27.3,24.54,False,4095,0.0,27.0,0.0,EXT-OPEN-METEO-KHI,KARACHI,OPENSOURCE_API_GRID,1139,,,,0.95,True,True,TIER2_OPENSOURCE_PURE;CONTINUOUS_MINUTE_STREAM;VERIFIED_MODEL_GRID,7d137e1e0b4bd9da22e27bbb36546b8c85f4327b0124edf1087231dedd91c49c,2026-09-18T18:58:00+00:00,2026-09-18 23:58:00,84.9,1009.3,69
10.2,15.0,26.9,930.0,270.0,42.0,5.2,2.2,0.5,446.0,185.0,22.6,7.4,24.0,27.3,24.54,False,4095,0.0,27.0,0.0,EXT-OPEN-METEO-KHI,KARACHI,OPENSOURCE_API_GRID,1140,,,,0.95,True,True,TIER2_OPENSOURCE_PURE;CONTINUOUS_MINUTE_STREAM;VERIFIED_MODEL_GRID,00e4ce895717573c60e952e8e67fbe92f3c23f515812f6e1c8216518b92607be,2026-09-18T18:59:00+00:00,2026-09-18 23:59:00,84.9,1009.3,69
10.2,15.0,27.0,930.0,270.0,42.0,5.2,2.2,0.5,446.0,185.0,22.6,7.4,24.0,27.3,24.54,False,4095,0.0,27.0,0.0,EXT-OPEN-METEO-KHI,KARACHI,OPENSOURCE_API_GRID,1141,,,,0.95,True,False,TIER2_OPENSOURCE_PURE;HOURLY_NODE;VERIFIED_MODEL_GRID,5648f092d7b8e488cd35f662be951b67309038081c5ba9df5ae882730e2f34df,2026-09-18T19:00:00+00:00,2026-09-19 00:00:00,84.9,1009.3,68
10.3,15.1,27.0,936.2,271.8,42.3,5.3,2.2,0.5,446.0,185.0,22.6,7.4,24.0,27.3,24.54,False,4095,0.0,27.0,0.0,EXT-OPEN-METEO-KHI,KARACHI,OPENSOURCE_API_GRID,1142,,,,0.95,True,True,TIER2_OPENSOURCE_PURE;CONTINUOUS_MINUTE_STREAM;VERIFIED_MODEL_GRID,804934632c8bea985cd0187af09c906bf61436c2643388e269bc5bbc9ceda93a,2026-09-18T19:01:00+00:00,2026-09-19 00:01:00,84.9,1009.3,68
10.3,15.1,27.1,936.2,271.8,42.3,5.3,2.2,0.5,446.0,184.9,22.6,7.4,24.0,27.3,24.54,False,4095,0.0,27.0,0.0,EXT-OPEN-METEO-KHI,KARACHI,OPENSOURCE_API_GRID,1143,,,,0.95,True,True,TIER2_OPENSOURCE_PURE;CONTINUOUS_MINUTE_STREAM;VERIFIED_MODEL_GRID,0be4a9f1ae65b4d8db5f7f49bfe33332df241fabf094d48de46b6de097a95830,2026-09-18T19:02:00+00:00,2026-09-19 00:02:00,84.9,1009.3,68
10.3,15.1,27.1,936.2,271.8,42.3,5.3,2.2,0.5,446.0,184.9,22.6,7.4,24.0,27.3,24.56,False,4095,0.0,27.0,0.0,EXT-OPEN-METEO-KHI,KARACHI,OPENSOURCE_API_GRID,1144,,,,0.95,True,True,TIER2_OPENSOURCE_PURE;CONTINUOUS_MINUTE_STREAM;VERIFIED_MODEL_GRID,9e4881f8a124da154c6af25cd6d9f6b6dac65d85f4fa6a67c397eba307e4f508,2026-09-18T19:03:00+00:00,2026-09-19 00:03:00,85.0,1009.3,68
10.3,15.2,27.2,942.4,273.6,42.6,5.3,2.2,0.5,446.0,184.8,22.5,7.4,24.1,27.3,24.56,False,4095,0.0,27.1,0.0,EXT-OPEN-METEO-KHI,KARACHI,OPENSOURCE_API_GRID,1145,,,,0.95,True,True,TIER2_OPENSOURCE_PURE;CONTINUOUS_MINUTE_STREAM;VERIFIED_MODEL_GRID,f228e53edcfa2252287ef7b653f190b4fb122255afefb599459880a60d2db128,2026-09-18T19:04:00+00:00,2026-09-19 00:04:00,85.0,1009.3,68
10.3,15.2,27.2,942.4,273.6,42.6,5.3,2.2,0.5,446.0,184.7,22.5,7.4,24.1,27.3,24.56,False,4095,0.0,27.1,0.0,EXT-OPEN-METEO-KHI,KARACHI,OPENSOURCE_API_GRID,1146,,,,0.95,True,True,TIER2_OPENSOURCE_PURE;CONTINUOUS_MINUTE_STREAM;VERIFIED_MODEL_GRID,7d5b3a22c58bc32f58ff076ec92561171db9b158f50fed0ec080c7b3865c2b58,2026-09-18T19:05:00+00:00,2026-09-19 00:05:00,85.0,1009.3,68
10.4,15.3,27.3,948.6,275.4,42.8,5.4,2.2,0.5,446.0,184.5,22.5,7.4,24.1,27.3,24.56,False,4095,0.0,27.2,0.0,EXT-OPEN-METEO-KHI,KARACHI,OPENSOURCE_API_GRID,1147,,,,0.95,True,True,TIER2_OPENSOURCE_PURE;CONTINUOUS_MINUTE_STREAM;VERIFIED_MODEL_GRID,adae65a573d28ccd1ae6591f8334c4004b2159620f44e8593c270576d57b3cd0,2026-09-18T19:06:00+00:00,2026-09-19 00:06:00,85.0,1009.3,68
10.3,15.2,27.2,942.4,273.6,42.6,5.3,2.2,0.5,446.0,184.3,22.4,7.4,24.2,27.3,24.58,False,4095,0.0,27.2,0.0,EXT-OPEN-METEO-KHI,KARACHI,OPENSOURCE_API_GRID,1148,,,,0.95,True,True,TIER2_OPENSOURCE_PURE;CONTINUOUS_MINUTE_STREAM;VERIFIED_MODEL_GRID,5beada14382401505d99fe59487c544ba66a6b937cd61de5f895a75386c9f24f,2026-09-18T19:07:00+00:00,2026-09-19 00:07:00,85.1,1009.3,68
10.3,15.2,27.3,942.4,273.6,42.6,5.3,2.2,0.5,446.0,184.1,22.4,7.4,24.2,27.3,24.58,False,4095,0.0,27.3,0.0,EXT-OPEN-METEO-KHI,KARACHI,OPENSOURCE_API_GRID,1149,,,,0.95,True,True,TIER2_OPENSOURCE_PURE;CONTINUOUS_MINUTE_STREAM;VERIFIED_MODEL_GRID,f8575b4ec6ef53b3efe471908c3f64d9a78c6f7c3d56a39f042ae1b7391d18c0,2026-09-18T19:08:00+00:00,2026-09-19 00:08:00,85.1,1009.3,68
10.3,15.2,27.3,942.4,273.6,42.6,5.3,2.2,0.5,446.0,183.9,22.3,7.4,24.3,27.3,24.58,False,4095,0.0,27.4,0.0,EXT-OPEN-METEO-KHI,KARACHI,OPENSOURCE_API_GRID,1150,,,,0.95,True,True,TIER2_OPENSOURCE_PURE;CONTINUOUS_MINUTE_STREAM;VERIFIED_MODEL_GRID,754337025580ca57a59915403f19d0a789490ae8be7597183a8e5823859d0d40,2026-09-18T19:09:00+00:00,2026-09-19 00:09:00,85.1,1009.3,68
10.4,15.3,27.4,948.6,275.4,42.8,5.4,2.2,0.5,446.0,183.7,22.3,7.3,24.3,27.3,24.58,False,4095,0.0,27.5,0.0,EXT-OPEN-METEO-KHI,KARACHI,OPENSOURCE_API_GRID,1151,,,,0.95,True,True,TIER2_OPENSOURCE_PURE;CONTINUOUS_MINUTE_STREAM;VERIFIED_MODEL_GRID,814aca89512dc75088d2d47ceffca80bc2df948a013027f617db498c18aa4230,2026-09-18T19:10:00+00:00,2026-09-19 00:10:00,85.1,1009.3,68
10.4,15.3,27.4,948.6,275.4,42.8,5.4,2.2,0.5,446.0,183.4,22.2,7.3,24.4,27.3,24.58,False,4095,0.0,27.6,0.0,EXT-OPEN-METEO-KHI,KARACHI,OPENSOURCE_API_GRID,1152,,,,0.95,True,True,TIER2_OPENSOURCE_PURE;CONTINUOUS_MINUTE_STREAM;VERIFIED_MODEL_GRID,ec5613bbe27397c7be6f0b0c0c253bb59b9fcc72fcb8124bfe0101c8648d9c0c,2026-09-18T19:11:00+00:00,2026-09-19 00:11:00,85.1,1009.3,68
10.4,15.3,27.5,948.6,275.4,42.8,5.4,2.2,0.6,446.0,183.1,22.2,7.3,24.5,27.3,24.58,False,4095,0.0,27.7,0.0,EXT-OPEN-METEO-KHI,KARACHI,OPENSOURCE_API_GRID,1153,,,,0.95,True,True,TIER2_OPENSOURCE_PURE;CONTINUOUS_MINUTE_STREAM;VERIFIED_MODEL_GRID,c2ec8a6f74b2c5f68a1d68c06bc8df993a128a667a8da98c58163d1049baf0cd,2026-09-18T19:12:00+00:00,2026-09-19 00:12:00,85.1,1009.3,68
10.4,15.3,27.5,948.6,275.4,42.8,5.4,2.2,0.6,446.0,182.8,22.1,7.3,24.6,27.3,24.58,False,4095,0.0,27.8,0.0,EXT-OPEN-METEO-KHI,KARACHI,OPENSOURCE_API_GRID,1154,,,,0.95,True,True,TIER2_OPENSOURCE_PURE;CONTINUOUS_MINUTE_STREAM;VERIFIED_MODEL_GRID,338607d1776210b785e5a865d735d3f094ea100d969d5236f6b6685da04204e5,2026-09-18T19:13:00+00:00,2026-09-19 00:13:00,85.1,1009.3,68
10.4,15.3,27.5,948.6,275.4,42.8,5.4,2.2,0.6,446.0,182.4,22.0,7.3,24.6,27.3,24.58,False,4095,0.0,27.9,0.0,EXT-OPEN-METEO-KHI,KARACHI,OPENSOURCE_API_GRID,1155,,,,0.95,True,True,TIER2_OPENSOURCE_PURE;CONTINUOUS_MINUTE_STREAM;VERIFIED_MODEL_GRID,8624690349712959478f52ecadcdcd78b60d25d31e6471cc5618317f22518745,2026-09-18T19:14:00+00:00,2026-09-19 00:14:00,85.1,1009.3,68
10.4,15.3,27.5,948.6,275.4,42.8,5.4,2.2,0.6,446.0,182.1,21.9,7.3,24.7,27.3,24.56,False,4095,0.0,28.0,0.0,EXT-OPEN-METEO-KHI,KARACHI,OPENSOURCE_API_GRID,1156,,,,0.95,True,True,TIER2_OPENSOURCE_PURE;CONTINUOUS_MINUTE_STREAM;VERIFIED_MODEL_GRID,fd575d8246290413c8db5c12fa9a5ba81d5a46c1473d0dd835fcd97140e6eaac,2026-09-18T19:15:00+00:00,2026-09-19 00:15:00,85.0,1009.3,68
10.3,15.2,27.5,942.4,273.6,42.6,5.3,2.2,0.6,446.0,181.7,21.8,7.3,24.8,27.3,24.56,False,4095,0.0,28.2,0.0,EXT-OPEN-METEO-KHI,KARACHI,OPENSOURCE_API_GRID,1157,,,,0.95,True,True,TIER2_OPENSOURCE_PURE;CONTINUOUS_MINUTE_STREAM;VERIFIED_MODEL_GRID,379b4be45973931a423db63574f7667426c1fadbf8eb9a35b42241518b2140d1,2026-09-18T19:16:00+00:00,2026-09-19 00:16:00,85.0,1009.3,68
10.3,15.2,27.5,942.4,273.6,42.6,5.3,2.2,0.6,446.0,181.3,21.7,7.2,24.9,27.3,24.56,False,4095,0.0,28.3,0.0,EXT-OPEN-METEO-KHI,KARACHI,OPENSOURCE_API_GRID,1158,,,,0.95,True,True,TIER2_OPENSOURCE_PURE;CONTINUOUS_MINUTE_STREAM;VERIFIED_MODEL_GRID,6fe066a5feb2c5f4d13dba984314fe0d631a46858a22560b067ba2c831d91849,2026-09-18T19:17:00+00:00,2026-09-19 00:17:00,85.0,1009.3,68
10.3,15.2,27.4,942.4,273.6,42.6,5.3,2.2,0.5,446.0,180.9,21.7,7.2,25.0,27.3,24.56,False,4095,0.0,28.4,0.0,EXT-OPEN-METEO-KHI,KARACHI,OPENSOURCE_API_GRID,1159,,,,0.95,True,True,TIER2_OPENSOURCE_PURE;CONTINUOUS_MINUTE_STREAM;VERIFIED_MODEL_GRID,8b8259aa3d51e1f1843176d94b2be61aa2aec83f9ec5ce2f9a91dd59f2dbcc5c,2026-09-18T19:18:00+00:00,2026-09-19 00:18:00,85.0,1009.3,68
10.3,15.1,27.4,936.2,271.8,42.3,5.3,2.2,0.5,446.0,180.4,21.6,7.2,25.1,27.3,24.54,False,4095,0.0,28.6,0.0,EXT-OPEN-METEO-KHI,KARACHI,OPENSOURCE_API_GRID,1160,,,,0.95,True,True,TIER2_OPENSOURCE_PURE;CONTINUOUS_MINUTE_STREAM;VERIFIED_MODEL_GRID,b199429c7870d0abe1c7c9092f02de60440f796eafcecea014d8ca65435db2e8,2026-09-18T19:19:00+00:00,2026-09-19 00:19:00,84.9,1009.3,68
10.3,15.1,27.3,936.2,271.8,42.3,5.3,2.2,0.5,446.0,180.0,21.5,7.2,25.2,27.3,24.54,False,4095,0.0,28.8,0.0,EXT-OPEN-METEO-KHI,KARACHI,OPENSOURCE_API_GRID,1161,,,,0.95,True,True,TIER2_OPENSOURCE_PURE;CONTINUOUS_MINUTE_STREAM;VERIFIED_MODEL_GRID,ba8ad737a42a1c8bd80f7389862c7f261ff436a1f8de2a0b8dbdec8eeee57fb0,2026-09-18T19:20:00+00:00,2026-09-19 00:20:00,84.9,1009.3,68
10.2,15.0,27.2,930.0,270.0,42.0,5.2,2.2,0.5,446.0,179.5,21.3,7.2,25.4,27.3,24.54,False,4095,0.0,28.9,0.0,EXT-OPEN-METEO-KHI,KARACHI,OPENSOURCE_API_GRID,1162,,,,0.95,True,True,TIER2_OPENSOURCE_PURE;CONTINUOUS_MINUTE_STREAM;VERIFIED_MODEL_GRID,629bf9cdd901984d649bd1f726af1e64ceb749c38aa1aead4e2ffa11fcbdcfb7,2026-09-18T19:21:00+00:00,2026-09-19 00:21:00,84.9,1009.3,68
10.1,14.9,27.2,923.8,268.2,41.7,5.2,2.2,0.5,446.0,179.1,21.2,7.1,25.5,27.2,24.44,False,4095,0.0,29.1,0.0,EXT-OPEN-METEO-KHI,KARACHI,OPENSOURCE_API_GRID,1163,,,,0.95,True,True,TIER2_OPENSOURCE_PURE;CONTINUOUS_MINUTE_STREAM;VERIFIED_MODEL_GRID,83545ccbb0afb8224e28d40580da9bd9d5b36f7330727a53bf8472eeaae429be,2026-09-18T19:22:00+00:00,2026-09-19 00:22:00,84.9,1009.3,68
10.1,14.9,27.1,923.8,268.2,41.7,5.2,2.2,0.5,446.0,178.6,21.1,7.1,25.6,27.2,24.44,False,4095,0.0,29.2,0.0,EXT-OPEN-METEO-KHI,KARACHI,OPENSOURCE_API_GRID,1164,,,,0.95,True,True,TIER2_OPENSOURCE_PURE;CONTINUOUS_MINUTE_STREAM;VERIFIED_MODEL_GRID,3aa9c535c35caea77724876c0aeb3c72a3bb0db52db64c41f0626dcb428d8c0e,2026-09-18T19:23:00+00:00,2026-09-19 00:23:00,84.9,1009.3,68
10.1,14.8,27.1,917.6,266.4,41.4,5.2,2.2,0.5,446.0,178.1,21.0,7.1,25.7,27.2,24.44,False,4095,0.0,29.4,0.0,EXT-OPEN-METEO-KHI,KARACHI,OPENSOURCE_API_GRID,1165,,,,0.95,True,True,TIER2_OPENSOURCE_PURE;CONTINUOUS_MINUTE_STREAM;VERIFIED_MODEL_GRID,fa53717c0f6fb942d68b63dbf7ad94476b62b045282a48fce9c91b5605bd59ae,2026-09-18T19:24:00+00:00,2026-09-19 00:24:00,84.9,1009.3,68
10.1,14.8,27.0,917.6,266.4,41.4,5.2,2.2,0.5,446.0,177.6,20.9,7.1,25.9,27.2,24.44,False,4095,0.0,29.6,0.0,EXT-OPEN-METEO-KHI,KARACHI,OPENSOURCE_API_GRID,1166,,,,0.95,True,True,TIER2_OPENSOURCE_PURE;CONTINUOUS_MINUTE_STREAM;VERIFIED_MODEL_GRID,ce9dfddb8e14fa06078b8da63d6c9561eb38d3f245706216b375dd3fd92a400b,2026-09-18T19:25:00+00:00,2026-09-19 00:25:00,84.9,1009.3,68
10.0,14.7,27.0,911.4,264.6,41.2,5.1,2.2,0.5,446.0,177.1,20.8,7.0,26.0,27.2,24.44,False,4095,0.0,29.8,0.0,EXT-OPEN-METEO-KHI,KARACHI,OPENSOURCE_API_GRID,1167,,,,0.95,True,True,TIER2_OPENSOURCE_PURE;CONTINUOUS_MINUTE_STREAM;VERIFIED_MODEL_GRID,7c4bf1d1b601873e71c13431ade22dd746f104781edf914bbe12f634877ccdff,2026-09-18T19:26:00+00:00,2026-09-19 00:26:00,84.9,1009.3,68
10.0,14.7,27.0,911.4,264.6,41.2,5.1,2.2,0.5,446.0,176.6,20.7,7.0,26.1,27.2,24.44,False,4095,0.0,30.0,0.0,EXT-OPEN-METEO-KHI,KARACHI,OPENSOURCE_API_GRID,1168,,,,0.95,True,True,TIER2_OPENSOURCE_PURE;CONTINUOUS_MINUTE_STREAM;VERIFIED_MODEL_GRID,3e6335a749cefbabfa51d1cb686bf538f88f5e21beb8fed9bf2fd447a083fc97,2026-09-18T19:27:00+00:00,2026-09-19 00:27:00,84.9,1009.3,68
9.9,14.6,26.9,905.2,262.8,40.9,5.1,2.2,0.5,446.0,176.0,20.5,7.0,26.2,27.2,24.44,False,4095,0.0,30.1,0.0,EXT-OPEN-METEO-KHI,KARACHI,OPENSOURCE_API_GRID,1169,,,,0.95,True,True,TIER2_OPENSOURCE_PURE;CONTINUOUS_MINUTE_STREAM;VERIFIED_MODEL_GRID,6af256e8c418c61af46b54af6f56c14a008f0ebfb15d7f4037f181444fce8a73,2026-09-18T19:28:00+00:00,2026-09-19 00:28:00,84.9,1009.3,68
9.9,14.6,27.0,905.2,262.8,40.9,5.1,2.2,0.5,446.0,175.5,20.4,7.0,26.4,27.2,24.44,False,4095,0.0,30.3,0.0,EXT-OPEN-METEO-KHI,KARACHI,OPENSOURCE_API_GRID,1170,,,,0.95,True,True,TIER2_OPENSOURCE_PURE;CONTINUOUS_MINUTE_STREAM;VERIFIED_MODEL_GRID,472d1ebadbcd9db3286230dc19b356f172a1851c309dd18487b861a0e1279f4b,2026-09-18T19:29:00+00:00,2026-09-19 00:29:00,84.9,1009.3,68
9.9,14.6,27.0,905.2,262.8,40.9,5.1,2.2,0.5,446.0,175.0,20.3,6.9,26.5,27.2,24.44,False,4095,0.0,30.5,0.0,EXT-OPEN-METEO-KHI,KARACHI,OPENSOURCE_API_GRID,1171,,,,0.95,True,True,TIER2_OPENSOURCE_PURE;CONTINUOUS_MINUTE_STREAM;VERIFIED_MODEL_GRID,d75db35285f2ab053e7b36c6c63a6ea3a6b95658d0486225b7881c9a3cd5e0aa,2026-09-18T19:30:00+00:00,2026-09-19 00:30:00,84.9,1009.3,68
9.9,14.6,27.0,905.2,262.8,40.9,5.1,2.2,0.5,446.0,174.5,20.2,6.9,26.6,27.1,24.34,False,4095,0.0,30.7,0.0,EXT-OPEN-METEO-KHI,KARACHI,OPENSOURCE_API_GRID,1172,,,,0.95,True,True,TIER2_OPENSOURCE_PURE;CONTINUOUS_MINUTE_STREAM;VERIFIED_MODEL_GRID,65859ced5cba338c2c975ee770c55e1b655066361b8150717fd6ac73e17abaea,2026-09-18T19:31:00+00:00,2026-09-19 00:31:00,84.9,1009.3,68
9.9,14.6,27.1,905.2,262.8,40.9,5.1,2.2,0.5,446.0,174.0,20.1,6.9,26.8,27.1,24.34,False,4095,0.0,30.9,0.0,EXT-OPEN-METEO-KHI,KARACHI,OPENSOURCE_API_GRID,1173,,,,0.95,True,True,TIER2_OPENSOURCE_PURE;CONTINUOUS_MINUTE_STREAM;VERIFIED_MODEL_GRID,eff2dc0fa4489df1f2af62117d9dde65e417d8e63dfe36cc8fff3e4f6577858c,2026-09-18T19:32:00+00:00,2026-09-19 00:32:00,84.9,1009.2,68
9.9,14.6,27.1,905.2,262.8,40.9,5.1,2.2,0.5,446.0,173.4,19.9,6.9,26.9,27.1,24.34,False,4095,0.0,31.0,0.0,EXT-OPEN-METEO-KHI,KARACHI,OPENSOURCE_API_GRID,1174,,,,0.95,True,True,TIER2_OPENSOURCE_PURE;CONTINUOUS_MINUTE_STREAM;VERIFIED_MODEL_GRID,3ee5f8131ed4c9c36d6e29848b1efdcaaf7bdfe65a4a24266ca0bbee080c0d79,2026-09-18T19:33:00+00:00,2026-09-19 00:33:00,84.9,1009.2,68
10.0,14.7,27.2,911.4,264.6,41.2,5.1,2.2,0.5,446.0,172.9,19.8,6.9,27.0,27.1,24.36,False,4095,0.0,31.2,0.0,EXT-OPEN-METEO-KHI,KARACHI,OPENSOURCE_API_GRID,1175,,,,0.95,True,True,TIER2_OPENSOURCE_PURE;CONTINUOUS_MINUTE_STREAM;VERIFIED_MODEL_GRID,9a2775d4de73b6c8df0d1baa96a6d95d51851f2b1bdcfb736f70c6d22f384712,2026-09-18T19:34:00+00:00,2026-09-19 00:34:00,85.0,1009.2,68
10.0,14.7,27.2,911.4,264.6,41.2,5.1,2.2,0.5,446.0,172.4,19.7,6.8,27.1,27.1,24.36,False,4095,0.0,31.4,0.0,EXT-OPEN-METEO-KHI,KARACHI,OPENSOURCE_API_GRID,1176,,,,0.95,True,True,TIER2_OPENSOURCE_PURE;CONTINUOUS_MINUTE_STREAM;VERIFIED_MODEL_GRID,e196c95631fee5dfe377a05bcb16d85b896a50c8e63a9d860e3fef11c72b5dbf,2026-09-18T19:35:00+00:00,2026-09-19 00:35:00,85.0,1009.2,68
10.0,14.7,27.3,911.4,264.6,41.2,5.1,2.2,0.5,446.0,171.9,19.6,6.8,27.3,27.1,24.36,False,4095,0.0,31.6,0.0,EXT-OPEN-METEO-KHI,KARACHI,OPENSOURCE_API_GRID,1177,,,,0.95,True,True,TIER2_OPENSOURCE_PURE;CONTINUOUS_MINUTE_STREAM;VERIFIED_MODEL_GRID,26c3d9a9dfffd074147d62076c8044003c9b651f7c027bbe7188fc1e1c2d2868,2026-09-18T19:36:00+00:00,2026-09-19 00:36:00,85.0,1009.2,68
10.0,14.7,27.4,911.4,264.6,41.2,5.1,2.2,0.5,446.0,171.4,19.5,6.8,27.4,27.2,24.46,False,4095,0.0,31.8,0.0,EXT-OPEN-METEO-KHI,KARACHI,OPENSOURCE_API_GRID,1178,,,,0.95,True,True,TIER2_OPENSOURCE_PURE;CONTINUOUS_MINUTE_STREAM;VERIFIED_MODEL_GRID,1fc7017d9e17ae376966f1c1d9164e8771c13c7f70f29ec49815d00abf42f73a,2026-09-18T19:37:00+00:00,2026-09-19 00:37:00,85.0,1009.2,68
9.9,14.6,27.3,905.2,262.8,40.9,5.1,2.2,0.5,446.0,170.9,19.4,6.8,27.5,27.2,24.5,False,4095,0.0,31.9,0.0,EXT-OPEN-METEO-KHI,KARACHI,OPENSOURCE_API_GRID,1179,,,,0.95,True,True,TIER2_OPENSOURCE_PURE;CONTINUOUS_MINUTE_STREAM;VERIFIED_MODEL_GRID,72648124168c468bd445a7ce259c901978cfbf2112e7c9ff9f69ef0b30bd4a35,2026-09-18T19:38:00+00:00,2026-09-19 00:38:00,85.2,1009.2,68
10.0,14.7,27.3,911.4,264.6,41.2,5.1,2.2,0.5,446.0,170.5,19.3,6.7,27.6,27.2,24.48,False,4095,0.0,32.1,0.0,EXT-OPEN-METEO-KHI,KARACHI,OPENSOURCE_API_GRID,1180,,,,0.95,True,True,TIER2_OPENSOURCE_PURE;CONTINUOUS_MINUTE_STREAM;VERIFIED_MODEL_GRID,6094f54d86f87e183c9d11d7c32706f51303f7c1ed5641e7843ebefa4b728bc6,2026-09-18T19:39:00+00:00,2026-09-19 00:39:00,85.1,1009.2,68
10.0,14.7,27.4,911.4,264.6,41.2,5.1,2.2,0.5,446.0,170.0,19.2,6.7,27.8,27.2,24.48,False,4095,0.0,32.2,0.0,EXT-OPEN-METEO-KHI,KARACHI,OPENSOURCE_API_GRID,1181,,,,0.95,True,True,TIER2_OPENSOURCE_PURE;CONTINUOUS_MINUTE_STREAM;VERIFIED_MODEL_GRID,0597bec419f1516ded3d36b8db018ad17fa8c4445b29f094dd54a2bf7e95c624,2026-09-18T19:40:00+00:00,2026-09-19 00:40:00,85.1,1009.2,68
10.0,14.7,27.5,911.4,264.6,41.2,5.1,2.2,0.6,446.0,169.6,19.0,6.7,27.9,27.2,24.48,False,4095,0.0,32.4,0.0,EXT-OPEN-METEO-KHI,KARACHI,OPENSOURCE_API_GRID,1182,,,,0.95,True,True,TIER2_OPENSOURCE_PURE;CONTINUOUS_MINUTE_STREAM;VERIFIED_MODEL_GRID,c34778c30818987a849f037bdbbff42baa6127811a58d06aa7d0c0784f519938,2026-09-18T19:41:00+00:00,2026-09-19 00:41:00,85.1,1009.2,68
10.0,14.7,27.5,911.4,264.6,41.2,5.1,2.2,0.6,446.0,169.1,18.9,6.7,28.0,27.2,24.48,False,4095,0.0,32.6,0.0,EXT-OPEN-METEO-KHI,KARACHI,OPENSOURCE_API_GRID,1183,,,,0.95,True,True,TIER2_OPENSOURCE_PURE;CONTINUOUS_MINUTE_STREAM;VERIFIED_MODEL_GRID,5b408079f61348ced1173e575fc80cbb5ca8d28a6bbcd32f7de20893fd308ec1,2026-09-18T19:42:00+00:00,2026-09-19 00:42:00,85.1,1009.2,68
10.0,14.7,27.6,911.4,264.6,41.2,5.1,2.2,0.6,446.0,168.7,18.9,6.7,28.1,27.2,24.48,False,4095,0.0,32.7,0.0,EXT-OPEN-METEO-KHI,KARACHI,OPENSOURCE_API_GRID,1184,,,,0.95,True,True,TIER2_OPENSOURCE_PURE;CONTINUOUS_MINUTE_STREAM;VERIFIED_MODEL_GRID,eca4e38f469f8f415136c965b2da4447eb71cfb65c6164d8124968a185a05a7d,2026-09-18T19:43:00+00:00,2026-09-19 00:43:00,85.1,1009.2,68
10.0,14.7,27.6,911.4,264.6,41.2,5.1,2.2,0.6,446.0,168.3,18.8,6.6,28.2,27.2,24.48,False,4095,0.0,32.8,0.0,EXT-OPEN-METEO-KHI,KARACHI,OPENSOURCE_API_GRID,1185,,,,0.95,True,True,TIER2_OPENSOURCE_PURE;CONTINUOUS_MINUTE_STREAM;VERIFIED_MODEL_GRID,ba49628e4a1bc7fe7505693de7a8c65b56a8cf9fa9a687792be88f262ab6cd9c,2026-09-18T19:44:00+00:00,2026-09-19 00:44:00,85.1,1009.2,68
10.0,14.7,27.6,911.4,264.6,41.2,5.1,2.2,0.6,446.0,167.9,18.7,6.6,28.3,27.2,24.48,False,4095,0.0,33.0,0.0,EXT-OPEN-METEO-KHI,KARACHI,OPENSOURCE_API_GRID,1186,,,,0.95,True,True,TIER2_OPENSOURCE_PURE;CONTINUOUS_MINUTE_STREAM;VERIFIED_MODEL_GRID,5e055f534968b360658bd96741546f3f30461ddedaf0566b113447dd290c137f,2026-09-18T19:45:00+00:00,2026-09-19 00:45:00,85.1,1009.2,68
10.0,14.7,27.6,911.4,264.6,41.2,5.1,2.2,0.6,446.0,167.6,18.6,6.6,28.4,27.2,24.46,False,4095,0.0,33.1,0.0,EXT-OPEN-METEO-KHI,KARACHI,OPENSOURCE_API_GRID,1187,,,,0.95,True,True,TIER2_OPENSOURCE_PURE;CONTINUOUS_MINUTE_STREAM;VERIFIED_MODEL_GRID,d01ae8cf9ae9336710d20ea4e71a8e38c6b33da910da6d1a51ddd8880c67aae9,2026-09-18T19:46:00+00:00,2026-09-19 00:46:00,85.0,1009.2,68
10.0,14.7,27.6,911.4,264.6,41.2,5.1,2.2,0.6,446.0,167.2,18.5,6.6,28.4,27.2,24.46,False,4095,0.0,33.2,0.0,EXT-OPEN-METEO-KHI,KARACHI,OPENSOURCE_API_GRID,1188,,,,0.95,True,True,TIER2_OPENSOURCE_PURE;CONTINUOUS_MINUTE_STREAM;VERIFIED_MODEL_GRID,258603f7f0fb702e822a2de2500eb604c87f1d7e41e65566ff40f1d3ebe221d9,2026-09-18T19:47:00+00:00,2026-09-19 00:47:00,85.0,1009.2,68
9.9,14.6,27.5,905.2,262.8,40.9,5.1,2.2,0.6,446.0,166.9,18.4,6.6,28.5,27.2,24.46,False,4095,0.0,33.3,0.0,EXT-OPEN-METEO-KHI,KARACHI,OPENSOURCE_API_GRID,1189,,,,0.95,True,True,TIER2_OPENSOURCE_PURE;CONTINUOUS_MINUTE_STREAM;VERIFIED_MODEL_GRID,d9190a44b5bd382f5d375c6021408d78894be5c1053601bc85cbae454e842dfd,2026-09-18T19:48:00+00:00,2026-09-19 00:48:00,85.0,1009.2,68
9.9,14.6,27.5,905.2,262.8,40.9,5.1,2.2,0.6,446.0,166.6,18.4,6.6,28.6,27.2,24.46,False,4095,0.0,33.4,0.0,EXT-OPEN-METEO-KHI,KARACHI,OPENSOURCE_API_GRID,1190,,,,0.95,True,True,TIER2_OPENSOURCE_PURE;CONTINUOUS_MINUTE_STREAM;VERIFIED_MODEL_GRID,b20519560367217061ebf34adcc6150ae51e3d1c7cd1a6f96f687e14c4a01ef1,2026-09-18T19:49:00+00:00,2026-09-19 00:49:00,85.0,1009.2,68
9.9,14.5,27.4,899.0,261.0,40.6,5.1,2.2,0.5,446.0,166.3,18.3,6.6,28.7,27.1,24.34,False,4095,0.0,33.5,0.0,EXT-OPEN-METEO-KHI,KARACHI,OPENSOURCE_API_GRID,1191,,,,0.95,True,True,TIER2_OPENSOURCE_PURE;CONTINUOUS_MINUTE_STREAM;VERIFIED_MODEL_GRID,8b8daf5c461a61a809c87d23c7d7f6aa1687cdf5ea15cfc5e6d8eae99cbcb01b,2026-09-18T19:50:00+00:00,2026-09-19 00:50:00,84.9,1009.2,68
9.9,14.5,27.4,899.0,261.0,40.6,5.1,2.2,0.5,446.0,166.1,18.3,6.5,28.7,27.1,24.34,False,4095,0.0,33.6,0.0,EXT-OPEN-METEO-KHI,KARACHI,OPENSOURCE_API_GRID,1192,,,,0.95,True,True,TIER2_OPENSOURCE_PURE;CONTINUOUS_MINUTE_STREAM;VERIFIED_MODEL_GRID,ed697cbf4add75e4c48ac23662d6fbe90d110e9ddb6f07922cacf6dd908f1f6a,2026-09-18T19:51:00+00:00,2026-09-19 00:51:00,84.9,1009.2,68
9.8,14.4,27.3,892.8,259.2,40.3,5.0,2.2,0.5,446.0,165.9,18.2,6.5,28.8,27.1,24.34,False,4095,0.0,33.7,0.0,EXT-OPEN-METEO-KHI,KARACHI,OPENSOURCE_API_GRID,1193,,,,0.95,True,True,TIER2_OPENSOURCE_PURE;CONTINUOUS_MINUTE_STREAM;VERIFIED_MODEL_GRID,a3bf44a9f0111c91f226c305e20f1a304e1108bd7bda43f1e4d982468a89066d,2026-09-18T19:52:00+00:00,2026-09-19 00:52:00,84.9,1009.2,68
9.8,14.4,27.2,892.8,259.2,40.3,5.0,2.2,0.5,446.0,165.7,18.2,6.5,28.8,27.1,24.34,False,4095,0.0,33.8,0.0,EXT-OPEN-METEO-KHI,KARACHI,OPENSOURCE_API_GRID,1194,,,,0.95,True,True,TIER2_OPENSOURCE_PURE;CONTINUOUS_MINUTE_STREAM;VERIFIED_MODEL_GRID,01add7323df2898f11b7bad8a99d5e5c3a1fe1c02f98d5840f9b370aa628db8a,2026-09-18T19:53:00+00:00,2026-09-19 00:53:00,84.9,1009.2,68
9.7,14.3,27.2,886.6,257.4,40.0,5.0,2.2,0.5,446.0,165.5,18.1,6.5,28.9,27.1,24.34,False,4095,0.0,33.8,0.0,EXT-OPEN-METEO-KHI,KARACHI,OPENSOURCE_API_GRID,1195,,,,0.95,True,True,TIER2_OPENSOURCE_PURE;CONTINUOUS_MINUTE_STREAM;VERIFIED_MODEL_GRID,2d704105d58ed527464dc9242faf4c711eba68402c85e791f7ea7f25881145f6,2026-09-18T19:54:00+00:00,2026-09-19 00:54:00,84.9,1009.2,68
9.7,14.3,27.1,886.6,257.4,40.0,5.0,2.2,0.5,446.0,165.3,18.1,6.5,28.9,27.1,24.34,False,4095,0.0,33.9,0.0,EXT-OPEN-METEO-KHI,KARACHI,OPENSOURCE_API_GRID,1196,,,,0.95,True,True,TIER2_OPENSOURCE_PURE;CONTINUOUS_MINUTE_STREAM;VERIFIED_MODEL_GRID,1448d1ee832c272121319eb7949f05e4fc1e20034c83687546613408cf284827,2026-09-18T19:55:00+00:00,2026-09-19 00:55:00,84.9,1009.2,68
9.7,14.3,27.1,886.6,257.4,40.0,5.0,2.2,0.5,446.0,165.2,18.1,6.5,28.9,27.1,24.34,False,4095,0.0,33.9,0.0,EXT-OPEN-METEO-KHI,KARACHI,OPENSOURCE_API_GRID,1197,,,,0.95,True,True,TIER2_OPENSOURCE_PURE;CONTINUOUS_MINUTE_STREAM;VERIFIED_MODEL_GRID,d832e3c30cb01616c9a45addaab8236a29eab376baaab9901fe86f05ec895e89,2026-09-18T19:56:00+00:00,2026-09-19 00:56:00,84.9,1009.2,68
9.7,14.2,27.0,880.4,255.6,39.8,5.0,2.2,0.5,446.0,165.1,18.0,6.5,29.0,27.1,24.34,False,4095,0.0,34.0,0.0,EXT-OPEN-METEO-KHI,KARACHI,OPENSOURCE_API_GRID,1198,,,,0.95,True,True,TIER2_OPENSOURCE_PURE;CONTINUOUS_MINUTE_STREAM;VERIFIED_MODEL_GRID,1a0651635bc8e24183714e0cc6f5e5c01851462798d1afc0618b018326053138,2026-09-18T19:57:00+00:00,2026-09-19 00:57:00,84.9,1009.2,68
9.7,14.2,27.0,880.4,255.6,39.8,5.0,2.2,0.5,446.0,165.1,18.0,6.5,29.0,27.1,24.34,False,4095,0.0,34.0,0.0,EXT-OPEN-METEO-KHI,KARACHI,OPENSOURCE_API_GRID,1199,,,,0.95,True,True,TIER2_OPENSOURCE_PURE;CONTINUOUS_MINUTE_STREAM;VERIFIED_MODEL_GRID,dacc6f8f5c9b187599f3f4e49137da14ec384bd041543394b40bd3b7dd3604de,2026-09-18T19:58:00+00:00,2026-09-19 00:58:00,84.9,1009.2,68
9.7,14.2,27.0,880.4,255.6,39.8,5.0,2.2,0.5,446.0,165.0,18.0,6.5,29.0,27.1,24.34,False,4095,0.0,34.0,0.0,EXT-OPEN-METEO-KHI,KARACHI,OPENSOURCE_API_GRID,1200,,,,0.95,True,True,TIER2_OPENSOURCE_PURE;CONTINUOUS_MINUTE_STREAM;VERIFIED_MODEL_GRID,8e3d813baf49b23d6d484b844ac4610b7148d1b48dfcdd11ce436b68787661e0,2026-09-18T19:59:00+00:00,2026-09-19 00:59:00,84.9,1009.2,68
9.7,14.2,27.0,880.4,255.6,39.8,5.0,2.2,0.5,446.0,165.0,18.0,6.5,29.0,27.1,24.34,False,4095,0.0,34.0,0.0,EXT-OPEN-METEO-KHI,KARACHI,OPENSOURCE_API_GRID,1201,,,,0.95,True,False,TIER2_OPENSOURCE_PURE;HOURLY_NODE;VERIFIED_MODEL_GRID,e0e949cc007a9a99ee671d8eba3f6a6f92765958d460ff68b2e58a8e8735e7e9,2026-09-18T20:00:00+00:00,2026-09-19 01:00:00,84.9,1009.2,68
9.7,14.2,27.0,880.4,255.6,39.8,5.0,2.2,0.5,446.0,165.0,18.0,6.5,29.0,27.1,24.34,False,4095,0.0,34.0,0.0,EXT-OPEN-METEO-KHI,KARACHI,OPENSOURCE_API_GRID,1202,,,,0.95,True,True,TIER2_OPENSOURCE_PURE;CONTINUOUS_MINUTE_STREAM;VERIFIED_MODEL_GRID,f96e3910a0395ee674f7703eeb6fee3c62c3a2351a544bf8fcc1573bdf6e0308,2026-09-18T20:01:00+00:00,2026-09-19 01:01:00,84.9,1009.2,68
9.7,14.2,27.1,880.4,255.6,39.8,5.0,2.2,0.5,446.0,165.0,18.0,6.5,29.0,27.0,24.24,False,4095,0.0,34.0,0.0,EXT-OPEN-METEO-KHI,KARACHI,OPENSOURCE_API_GRID,1203,,,,0.95,True,True,TIER2_OPENSOURCE_PURE;CONTINUOUS_MINUTE_STREAM;VERIFIED_MODEL_GRID,3f4e8ef99ea86da80f669cb4771127bf02238ba508a68d127cdbfdb7a4d05e72,2026-09-18T20:02:00+00:00,2026-09-19 01:02:00,84.9,1009.2,68
9.7,14.3,27.1,886.6,257.4,40.0,5.0,2.2,0.5,446.0,164.9,18.0,6.5,29.0,27.1,24.34,False,4095,0.0,34.0,0.0,EXT-OPEN-METEO-KHI,KARACHI,OPENSOURCE_API_GRID,1204,,,,0.95,True,True,TIER2_OPENSOURCE_PURE;CONTINUOUS_MINUTE_STREAM;VERIFIED_MODEL_GRID,a50ac1fe19f22d07e4705bc80c0800f6511e58b63c0bb32217442a4422b92116,2026-09-18T20:03:00+00:00,2026-09-19 01:03:00,84.9,1009.2,68
9.7,14.3,27.2,886.6,257.4,40.0,5.0,2.2,0.5,446.0,164.9,18.0,6.5,29.0,27.1,24.36,False,4095,0.0,34.0,0.0,EXT-OPEN-METEO-KHI,KARACHI,OPENSOURCE_API_GRID,1205,,,,0.95,True,True,TIER2_OPENSOURCE_PURE;CONTINUOUS_MINUTE_STREAM;VERIFIED_MODEL_GRID,dbb7261cad70ebfef946c361e34d1ade756dd3e3ec02d146a81ed9ee18fe47c2,2026-09-18T20:04:00+00:00,2026-09-19 01:04:00,85.0,1009.2,68
9.7,14.3,27.2,886.6,257.4,40.0,5.0,2.2,0.5,446.0,164.8,17.9,6.5,29.1,27.1,24.36,False,4095,0.0,34.0,0.0,EXT-OPEN-METEO-KHI,KARACHI,OPENSOURCE_API_GRID,1206,,,,0.95,True,True,TIER2_OPENSOURCE_PURE;CONTINUOUS_MINUTE_STREAM;VERIFIED_MODEL_GRID,47e89fb66e884e9db1f66b590d40a2c0738c7133dafe8c3fb7d7f5a9f67a616a,2026-09-18T20:05:00+00:00,2026-09-19 01:05:00,85.0,1009.2,68
9.8,14.4,27.3,892.8,259.2,40.3,5.0,2.2,0.5,446.0,164.7,17.9,6.5,29.1,27.1,24.36,False,4095,0.0,34.0,0.0,EXT-OPEN-METEO-KHI,KARACHI,OPENSOURCE_API_GRID,1207,,,,0.95,True,True,TIER2_OPENSOURCE_PURE;CONTINUOUS_MINUTE_STREAM;VERIFIED_MODEL_GRID,2aa55649af9eabcd6d9516ff1b948c868a5a52940eaa0b34fd072533260792b0,2026-09-18T20:06:00+00:00,2026-09-19 01:06:00,85.0,1009.2,68
9.8,14.4,27.3,892.8,259.2,40.3,5.0,2.2,0.5,446.0,164.6,17.9,6.5,29.1,27.1,24.38,False,4095,0.0,34.1,0.0,EXT-OPEN-METEO-KHI,KARACHI,OPENSOURCE_API_GRID,1208,,,,0.95,True,True,TIER2_OPENSOURCE_PURE;CONTINUOUS_MINUTE_STREAM;VERIFIED_MODEL_GRID,5d5dbd424066ef01c3adc88d44f6c69cc218d1bc7b76f7376f63de6700142426,2026-09-18T20:07:00+00:00,2026-09-19 01:07:00,85.1,1009.2,68
9.8,14.4,27.4,892.8,259.2,40.3,5.0,2.2,0.5,446.0,164.4,17.8,6.5,29.1,27.1,24.38,False,4095,0.0,34.1,0.0,EXT-OPEN-METEO-KHI,KARACHI,OPENSOURCE_API_GRID,1209,,,,0.95,True,True,TIER2_OPENSOURCE_PURE;CONTINUOUS_MINUTE_STREAM;VERIFIED_MODEL_GRID,619d10d80d1a695db38ba09be343403e99e333b37b87cd5af1af493a30076516,2026-09-18T20:08:00+00:00,2026-09-19 01:08:00,85.1,1009.2,68
9.8,14.4,27.3,892.8,259.2,40.3,5.0,2.2,0.5,446.0,164.3,17.8,6.5,29.2,27.1,24.4,False,4095,0.0,34.1,0.0,EXT-OPEN-METEO-KHI,KARACHI,OPENSOURCE_API_GRID,1210,,,,0.95,True,True,TIER2_OPENSOURCE_PURE;CONTINUOUS_MINUTE_STREAM;VERIFIED_MODEL_GRID,4e630736332ffd7a31ee335d504a7d0eedfd26db7a26627c460e13c832ff2f31,2026-09-18T20:09:00+00:00,2026-09-19 01:09:00,85.2,1009.2,68
9.8,14.4,27.4,892.8,259.2,40.3,5.0,2.2,0.5,446.0,164.1,17.7,6.5,29.2,27.1,24.4,False,4095,0.0,34.1,0.0,EXT-OPEN-METEO-KHI,KARACHI,OPENSOURCE_API_GRID,1211,,,,0.95,True,True,TIER2_OPENSOURCE_PURE;CONTINUOUS_MINUTE_STREAM;VERIFIED_MODEL_GRID,b347921f648fe2718619d5653e7fd95b3903ae126ebb2565afad75fc146a1214,2026-09-18T20:10:00+00:00,2026-09-19 01:10:00,85.2,1009.2,68
9.8,14.4,27.4,892.8,259.2,40.3,5.0,2.2,0.5,446.0,164.0,17.7,6.5,29.2,27.1,24.4,False,4095,0.0,34.2,0.0,EXT-OPEN-METEO-KHI,KARACHI,OPENSOURCE_API_GRID,1212,,,,0.95,True,True,TIER2_OPENSOURCE_PURE;CONTINUOUS_MINUTE_STREAM;VERIFIED_MODEL_GRID,7183899851c00242b4818b3c4dd0ef4219b83f2b7a44d8724f381b1a1448a945,2026-09-18T20:11:00+00:00,2026-09-19 01:11:00,85.2,1009.2,68
9.9,14.5,27.5,899.0,261.0,40.6,5.1,2.2,0.6,446.0,163.8,17.6,6.4,29.3,27.1,24.4,False,4095,0.0,34.2,0.0,EXT-OPEN-METEO-KHI,KARACHI,OPENSOURCE_API_GRID,1213,,,,0.95,True,True,TIER2_OPENSOURCE_PURE;CONTINUOUS_MINUTE_STREAM;VERIFIED_MODEL_GRID,35ff8b0fc1ee6df3d7c32fe03574ac8145f57f8be412b273dacb48e18fd4d990,2026-09-18T20:12:00+00:00,2026-09-19 01:12:00,85.2,1009.2,68
9.9,14.5,27.5,899.0,261.0,40.6,5.1,2.2,0.6,446.0,163.6,17.6,6.4,29.3,27.1,24.4,False,4095,0.0,34.2,0.0,EXT-OPEN-METEO-KHI,KARACHI,OPENSOURCE_API_GRID,1214,,,,0.95,True,True,TIER2_OPENSOURCE_PURE;CONTINUOUS_MINUTE_STREAM;VERIFIED_MODEL_GRID,78a4b0c7ab4eaa9a81ab13fba470d9a21041fee8e267ebc465f25deeadc3b647,2026-09-18T20:13:00+00:00,2026-09-19 01:13:00,85.2,1009.2,68
9.9,14.5,27.6,899.0,261.0,40.6,5.1,2.2,0.6,446.0,163.3,17.5,6.4,29.4,27.1,24.4,False,4095,0.0,34.3,0.0,EXT-OPEN-METEO-KHI,KARACHI,OPENSOURCE_API_GRID,1215,,,,0.95,True,True,TIER2_OPENSOURCE_PURE;CONTINUOUS_MINUTE_STREAM;VERIFIED_MODEL_GRID,2e1d4ac6545333b5e79b34aa01a5ed1d6130623725d26ec6d766a525845bc83f,2026-09-18T20:14:00+00:00,2026-09-19 01:14:00,85.2,1009.2,68
9.9,14.5,27.6,899.0,261.0,40.6,5.1,2.2,0.6,446.0,163.1,17.4,6.4,29.4,27.1,24.4,False,4095,0.0,34.3,0.0,EXT-OPEN-METEO-KHI,KARACHI,OPENSOURCE_API_GRID,1216,,,,0.95,True,True,TIER2_OPENSOURCE_PURE;CONTINUOUS_MINUTE_STREAM;VERIFIED_MODEL_GRID,174b5a7149bb2dfe5a40ef6d415fb497b5a84cd4e54fc13ca995616d36503740,2026-09-18T20:15:00+00:00,2026-09-19 01:15:00,85.2,1009.2,68
9.9,14.5,27.6,899.0,261.0,40.6,5.1,2.2,0.6,446.0,162.8,17.4,6.4,29.5,27.1,24.4,False,4095,0.0,34.3,0.0,EXT-OPEN-METEO-KHI,KARACHI,OPENSOURCE_API_GRID,1217,,,,0.95,True,True,TIER2_OPENSOURCE_PURE;CONTINUOUS_MINUTE_STREAM;VERIFIED_MODEL_GRID,1681b5b7c8cfef43ade47453378e112058a3106c50dd2bac402ab45ae9dc9fb4,2026-09-18T20:16:00+00:00,2026-09-19 01:16:00,85.2,1009.2,68
9.9,14.5,27.6,899.0,261.0,40.6,5.1,2.2,0.6,446.0,162.6,17.3,6.4,29.6,27.1,24.4,False,4095,0.0,34.4,0.0,EXT-OPEN-METEO-KHI,KARACHI,OPENSOURCE_API_GRID,1218,,,,0.95,True,True,TIER2_OPENSOURCE_PURE;CONTINUOUS_MINUTE_STREAM;VERIFIED_MODEL_GRID,1ef7edfbbec9e28af6b95fbf06f36b9a0dda0252083818d141e2314ecbeae614,2026-09-18T20:17:00+00:00,2026-09-19 01:17:00,85.2,1009.2,68
9.8,14.4,27.6,892.8,259.2,40.3,5.0,2.2,0.6,446.0,162.3,17.2,6.4,29.6,27.1,24.4,False,4095,0.0,34.4,0.0,EXT-OPEN-METEO-KHI,KARACHI,OPENSOURCE_API_GRID,1219,,,,0.95,True,True,TIER2_OPENSOURCE_PURE;CONTINUOUS_MINUTE_STREAM;VERIFIED_MODEL_GRID,a4312ef4adf2014c73f6ce12b4ad541bd9846e7c89c0d49780348c9c039cd3c6,2026-09-18T20:18:00+00:00,2026-09-19 01:18:00,85.2,1009.2,68
9.8,14.4,27.5,892.8,259.2,40.3,5.0,2.2,0.6,446.0,162.0,17.1,6.4,29.7,27.1,24.4,False,4095,0.0,34.5,0.0,EXT-OPEN-METEO-KHI,KARACHI,OPENSOURCE_API_GRID,1220,,,,0.95,True,True,TIER2_OPENSOURCE_PURE;CONTINUOUS_MINUTE_STREAM;VERIFIED_MODEL_GRID,b6157b2d444f591a4cf9335ce498fba153124c3da955f06f2828615d051a84ce,2026-09-18T20:19:00+00:00,2026-09-19 01:19:00,85.2,1009.2,68
9.8,14.4,27.5,892.8,259.2,40.3,5.0,2.2,0.6,446.0,161.8,17.0,6.3,29.8,27.1,24.4,False,4095,0.0,34.5,0.0,EXT-OPEN-METEO-KHI,KARACHI,OPENSOURCE_API_GRID,1221,,,,0.95,True,True,TIER2_OPENSOURCE_PURE;CONTINUOUS_MINUTE_STREAM;VERIFIED_MODEL_GRID,ba1cd54063f8805880c4601118209e30d69747181fb9733e71f8ed28e2f9814a,2026-09-18T20:20:00+00:00,2026-09-19 01:20:00,85.2,1009.2,68
9.7,14.3,27.4,886.6,257.4,40.0,5.0,2.2,0.5,446.0,161.5,17.0,6.3,29.8,27.1,24.4,False,4095,0.0,34.5,0.0,EXT-OPEN-METEO-KHI,KARACHI,OPENSOURCE_API_GRID,1222,,,,0.95,True,True,TIER2_OPENSOURCE_PURE;CONTINUOUS_MINUTE_STREAM;VERIFIED_MODEL_GRID,9138b0c15030bc1d8948174501d0b3c6fce3df1a6d6d392a8a104888e5ee8b2d,2026-09-18T20:21:00+00:00,2026-09-19 01:21:00,85.2,1009.2,68
9.7,14.2,27.4,880.4,255.6,39.8,5.0,2.2,0.5,446.0,161.1,16.9,6.3,29.9,27.1,24.4,False,4095,0.0,34.6,0.0,EXT-OPEN-METEO-KHI,KARACHI,OPENSOURCE_API_GRID,1223,,,,0.95,True,True,TIER2_OPENSOURCE_PURE;CONTINUOUS_MINUTE_STREAM;VERIFIED_MODEL_GRID,0aa2e34cf711ea0ec160dbbc0d33c6b6286cfaad60cc62fe0fc28f7fc4a87f84,2026-09-18T20:22:00+00:00,2026-09-19 01:22:00,85.2,1009.2,68
9.7,14.2,27.3,880.4,255.6,39.8,5.0,2.2,0.5,446.0,160.8,16.8,6.3,30.0,27.1,24.4,False,4095,0.0,34.6,0.0,EXT-OPEN-METEO-KHI,KARACHI,OPENSOURCE_API_GRID,1224,,,,0.95,True,True,TIER2_OPENSOURCE_PURE;CONTINUOUS_MINUTE_STREAM;VERIFIED_MODEL_GRID,3a9c175f2aaab4b009077464dc8b29462ae63d7a746f487ece1de1df8e93f8d7,2026-09-18T20:23:00+00:00,2026-09-19 01:23:00,85.2,1009.2,68
9.6,14.1,27.2,874.2,253.8,39.5,4.9,2.2,0.5,446.0,160.5,16.7,6.3,30.0,27.1,24.4,False,4095,0.0,34.7,0.0,EXT-OPEN-METEO-KHI,KARACHI,OPENSOURCE_API_GRID,1225,,,,0.95,True,True,TIER2_OPENSOURCE_PURE;CONTINUOUS_MINUTE_STREAM;VERIFIED_MODEL_GRID,af6b6a83ac84a59c081b2f34dad90a3d8356d2a7ad38aff74e90da2fe2122851,2026-09-18T20:24:00+00:00,2026-09-19 01:24:00,85.2,1009.2,68
9.6,14.1,27.2,874.2,253.8,39.5,4.9,2.2,0.5,446.0,160.2,16.6,6.3,30.1,27.1,24.4,False,4095,0.0,34.7,0.0,EXT-OPEN-METEO-KHI,KARACHI,OPENSOURCE_API_GRID,1226,,,,0.95,True,True,TIER2_OPENSOURCE_PURE;CONTINUOUS_MINUTE_STREAM;VERIFIED_MODEL_GRID,9ec025cfa1ade30bca80873316f72f6135e8b6d36a03d3749058972991520abc,2026-09-18T20:25:00+00:00,2026-09-19 01:25:00,85.2,1009.2,68
9.5,14.0,27.1,868.0,252.0,39.2,4.9,2.2,0.5,446.0,159.9,16.5,6.3,30.2,27.0,24.32,False,4095,0.0,34.8,0.0,EXT-OPEN-METEO-KHI,KARACHI,OPENSOURCE_API_GRID,1227,,,,0.95,True,True,TIER2_OPENSOURCE_PURE;CONTINUOUS_MINUTE_STREAM;VERIFIED_MODEL_GRID,9bbce73748ad78c4d7b1cfe4f89781e3bf427734bf7045a83f774ca559028e5b,2026-09-18T20:26:00+00:00,2026-09-19 01:26:00,85.3,1009.2,68
9.5,14.0,27.1,868.0,252.0,39.2,4.9,2.2,0.5,446.0,159.5,16.4,6.2,30.3,27.0,24.32,False,4095,0.0,34.8,0.0,EXT-OPEN-METEO-KHI,KARACHI,OPENSOURCE_API_GRID,1228,,,,0.95,True,True,TIER2_OPENSOURCE_PURE;CONTINUOUS_MINUTE_STREAM;VERIFIED_MODEL_GRID,cb37f6081717287291fbddca2d84190366b5f8f16b88d37b55585eede7c3bff6,2026-09-18T20:27:00+00:00,2026-09-19 01:27:00,85.3,1009.2,68
9.5,13.9,27.0,861.8,250.2,38.9,4.9,2.2,0.5,446.0,159.2,16.3,6.2,30.3,27.0,24.32,False,4095,0.0,34.9,0.0,EXT-OPEN-METEO-KHI,KARACHI,OPENSOURCE_API_GRID,1229,,,,0.95,True,True,TIER2_OPENSOURCE_PURE;CONTINUOUS_MINUTE_STREAM;VERIFIED_MODEL_GRID,06f18d7a7e4bf29682e0a6a3551430ef4f8405bbd77267a305aeddfd90a7a74c,2026-09-18T20:28:00+00:00,2026-09-19 01:28:00,85.3,1009.2,68
9.5,13.9,27.0,861.8,250.2,38.9,4.9,2.2,0.5,446.0,158.8,16.2,6.2,30.4,27.0,24.32,False,4095,0.0,34.9,0.0,EXT-OPEN-METEO-KHI,KARACHI,OPENSOURCE_API_GRID,1230,,,,0.95,True,True,TIER2_OPENSOURCE_PURE;CONTINUOUS_MINUTE_STREAM;VERIFIED_MODEL_GRID,56793467cafbc9e1dfd1c55a5ef85bba08d6aafe605ac6086faff52610e97001,2026-09-18T20:29:00+00:00,2026-09-19 01:29:00,85.3,1009.2,68
9.5,13.9,27.0,861.8,250.2,38.9,4.9,2.2,0.5,446.0,158.5,16.1,6.2,30.5,27.0,24.34,False,4095,0.0,35.0,0.0,EXT-OPEN-METEO-KHI,KARACHI,OPENSOURCE_API_GRID,1231,,,,0.95,True,True,TIER2_OPENSOURCE_PURE;CONTINUOUS_MINUTE_STREAM;VERIFIED_MODEL_GRID,d6dbbe43e01984c85c8937b9d0b9f34da66b665a21636e58c22f6ee3598e2c84,2026-09-18T20:30:00+00:00,2026-09-19 01:30:00,85.4,1009.2,68
9.4,13.8,27.0,855.6,248.4,38.6,4.8,2.2,0.5,446.0,158.2,16.0,6.2,30.6,27.0,24.34,False,4095,0.0,35.1,0.0,EXT-OPEN-METEO-KHI,KARACHI,OPENSOURCE_API_GRID,1232,,,,0.95,True,True,TIER2_OPENSOURCE_PURE;CONTINUOUS_MINUTE_STREAM;VERIFIED_MODEL_GRID,a3162f7abd24a49b609e02296fc4d5457cec7921d8d0fd8ea119d5df072000fd,2026-09-18T20:31:00+00:00,2026-09-19 01:31:00,85.4,1009.2,68
9.4,13.8,27.0,855.6,248.4,38.6,4.8,2.2,0.5,446.0,157.8,15.9,6.2,30.7,27.0,24.34,False,4095,0.0,35.1,0.0,EXT-OPEN-METEO-KHI,KARACHI,OPENSOURCE_API_GRID,1233,,,,0.95,True,True,TIER2_OPENSOURCE_PURE;CONTINUOUS_MINUTE_STREAM;VERIFIED_MODEL_GRID,864cef68216b3844b12a00a190910fd97d045ddd084494ce3b74886836715bd7,2026-09-18T20:32:00+00:00,2026-09-19 01:32:00,85.4,1009.2,68
9.4,13.8,27.1,855.6,248.4,38.6,4.8,2.2,0.5,446.0,157.5,15.8,6.2,30.7,27.0,24.36,False,4095,0.0,35.2,0.0,EXT-OPEN-METEO-KHI,KARACHI,OPENSOURCE_API_GRID,1234,,,,0.95,True,True,TIER2_OPENSOURCE_PURE;CONTINUOUS_MINUTE_STREAM;VERIFIED_MODEL_GRID,fe8e992613993a41a674c79ccd9b3c85404e08fe27eb600ca792c2c2dca3f4dc,2026-09-18T20:33:00+00:00,2026-09-19 01:33:00,85.5,1009.2,68
9.4,13.8,27.1,855.6,248.4,38.6,4.8,2.2,0.5,446.0,157.1,15.7,6.1,30.8,27.0,24.36,False,4095,0.0,35.2,0.0,EXT-OPEN-METEO-KHI,KARACHI,OPENSOURCE_API_GRID,1235,,,,0.95,True,True,TIER2_OPENSOURCE_PURE;CONTINUOUS_MINUTE_STREAM;VERIFIED_MODEL_GRID,f5ee4ace724aea77296355a2565bf45d19c418f53126d9402a212b6bd12c0085,2026-09-18T20:34:00+00:00,2026-09-19 01:34:00,85.5,1009.2,68
9.5,13.9,27.2,861.8,250.2,38.9,4.9,2.2,0.5,446.0,156.8,15.6,6.1,30.9,27.0,24.38,False,4095,0.0,35.3,0.0,EXT-OPEN-METEO-KHI,KARACHI,OPENSOURCE_API_GRID,1236,,,,0.95,True,True,TIER2_OPENSOURCE_PURE;CONTINUOUS_MINUTE_STREAM;VERIFIED_MODEL_GRID,c9f16039040ca6a7568a97d33148fe5f325f359c2a9a0767934b23b72e3d50b2,2026-09-18T20:35:00+00:00,2026-09-19 01:35:00,85.6,1009.2,68
9.5,13.9,27.2,861.8,250.2,38.9,4.9,2.2,0.5,446.0,156.5,15.5,6.1,31.0,27.0,24.38,False,4095,0.0,35.3,0.0,EXT-OPEN-METEO-KHI,KARACHI,OPENSOURCE_API_GRID,1237,,,,0.95,True,True,TIER2_OPENSOURCE_PURE;CONTINUOUS_MINUTE_STREAM;VERIFIED_MODEL_GRID,9fb64f0b8de70ae59479d0c87ab2146655170dd83eb20ca258d4ed1ecb8a44be,2026-09-18T20:36:00+00:00,2026-09-19 01:36:00,85.6,1009.2,68
9.5,13.9,27.3,861.8,250.2,38.9,4.9,2.2,0.5,446.0,156.2,15.4,6.1,31.0,27.0,24.4,False,4095,0.0,35.4,0.0,EXT-OPEN-METEO-KHI,KARACHI,OPENSOURCE_API_GRID,1238,,,,0.95,True,True,TIER2_OPENSOURCE_PURE;CONTINUOUS_MINUTE_STREAM;VERIFIED_MODEL_GRID,76f772a26ab47ca085cf0bacd0bb4333c2c0c164367079fcd7d35d9cca7f2897,2026-09-18T20:37:00+00:00,2026-09-19 01:37:00,85.7,1009.2,68
9.5,13.9,27.3,861.8,250.2,38.9,4.9,2.2,0.5,446.0,155.9,15.3,6.1,31.1,27.0,24.4,False,4095,0.0,35.4,0.0,EXT-OPEN-METEO-KHI,KARACHI,OPENSOURCE_API_GRID,1239,,,,0.95,True,True,TIER2_OPENSOURCE_PURE;CONTINUOUS_MINUTE_STREAM;VERIFIED_MODEL_GRID,3df492f8904843911f47243641f4fc743908cdbef27f66040593140ee422b02f,2026-09-18T20:38:00+00:00,2026-09-19 01:38:00,85.7,1009.2,68
9.5,14.0,27.4,868.0,252.0,39.2,4.9,2.2,0.5,446.0,155.5,15.2,6.1,31.2,27.0,24.42,False,4095,0.0,35.5,0.0,EXT-OPEN-METEO-KHI,KARACHI,OPENSOURCE_API_GRID,1240,,,,0.95,True,True,TIER2_OPENSOURCE_PURE;CONTINUOUS_MINUTE_STREAM;VERIFIED_MODEL_GRID,c0c8706f51637d24eed453d7b2f5c06455d93ce1ab869027c5a68ce9c03cc34a,2026-09-18T20:39:00+00:00,2026-09-19 01:39:00,85.8,1009.2,68
9.5,13.9,27.3,861.8,250.2,38.9,4.9,2.2,0.5,446.0,155.2,15.2,6.1,31.2,27.0,24.44,False,4095,0.0,35.5,0.0,EXT-OPEN-METEO-KHI,KARACHI,OPENSOURCE_API_GRID,1241,,,,0.95,True,True,TIER2_OPENSOURCE_PURE;CONTINUOUS_MINUTE_STREAM;VERIFIED_MODEL_GRID,f5755e49826bba951c77c85c94e357954fafbc8b12623644cdbcfcda36257a5e,2026-09-18T20:40:00+00:00,2026-09-19 01:40:00,85.9,1009.2,68
9.5,13.9,27.4,861.8,250.2,38.9,4.9,2.2,0.5,446.0,155.0,15.1,6.0,31.3,27.0,24.44,False,4095,0.0,35.5,0.0,EXT-OPEN-METEO-KHI,KARACHI,OPENSOURCE_API_GRID,1242,,,,0.95,True,True,TIER2_OPENSOURCE_PURE;CONTINUOUS_MINUTE_STREAM;VERIFIED_MODEL_GRID,95b0253eb40e7af4a4e9a3059b92ce453b34df0a166a4116fee323b97311b2c0,2026-09-18T20:41:00+00:00,2026-09-19 01:41:00,85.9,1009.2,68
9.5,13.9,27.4,861.8,250.2,38.9,4.9,2.2,0.5,446.0,154.7,15.0,6.0,31.4,27.0,24.44,False,4095,0.0,35.6,0.0,EXT-OPEN-METEO-KHI,KARACHI,OPENSOURCE_API_GRID,1243,,,,0.95,True,True,TIER2_OPENSOURCE_PURE;CONTINUOUS_MINUTE_STREAM;VERIFIED_MODEL_GRID,99c323a51798a25abc1fce8fab9d9fbc5fdeba3036b7c7240af204f154c12b24,2026-09-18T20:42:00+00:00,2026-09-19 01:42:00,85.9,1009.2,68
9.5,14.0,27.5,868.0,252.0,39.2,4.9,2.2,0.6,446.0,154.4,14.9,6.0,31.4,27.0,24.44,False,4095,0.0,35.6,0.0,EXT-OPEN-METEO-KHI,KARACHI,OPENSOURCE_API_GRID,1244,,,,0.95,True,True,TIER2_OPENSOURCE_PURE;CONTINUOUS_MINUTE_STREAM;VERIFIED_MODEL_GRID,dc846d944e5a0f9a0f9e2cd7f8bb8423fdcd89862771dc84ca7c391c5c58faa2,2026-09-18T20:43:00+00:00,2026-09-19 01:43:00,85.9,1009.2,68
9.5,14.0,27.5,868.0,252.0,39.2,4.9,2.2,0.6,446.0,154.2,14.8,6.0,31.5,27.1,24.55,False,4095,0.0,35.7,0.0,EXT-OPEN-METEO-KHI,KARACHI,OPENSOURCE_API_GRID,1245,,,,0.95,True,True,TIER2_OPENSOURCE_PURE;CONTINUOUS_MINUTE_STREAM;VERIFIED_MODEL_GRID,031566d27e22d10565f7d6ace4157b639d2d271f50101cba431f41af65e60403,2026-09-18T20:44:00+00:00,2026-09-19 01:44:00,86.0,1009.2,68
9.5,14.0,27.6,868.0,252.0,39.2,4.9,2.2,0.6,446.0,153.9,14.8,6.0,31.6,27.1,24.55,False,4095,0.0,35.7,0.0,EXT-OPEN-METEO-KHI,KARACHI,OPENSOURCE_API_GRID,1246,,,,0.95,True,True,TIER2_OPENSOURCE_PURE;CONTINUOUS_MINUTE_STREAM;VERIFIED_MODEL_GRID,0436094dad578caae76c9397005d42bf40fd3a64ce3a8d033866c4f4549a5afe,2026-09-18T20:45:00+00:00,2026-09-19 01:45:00,86.0,1009.2,68
9.5,14.0,27.6,868.0,252.0,39.2,4.9,2.2,0.6,446.0,153.7,14.7,6.0,31.6,27.1,24.55,False,4095,0.0,35.7,0.0,EXT-OPEN-METEO-KHI,KARACHI,OPENSOURCE_API_GRID,1247,,,,0.95,True,True,TIER2_OPENSOURCE_PURE;CONTINUOUS_MINUTE_STREAM;VERIFIED_MODEL_GRID,8a803097c1b08abe758da2820d6388e4eb4bc1434bc61c6067ca9e4f441e624a,2026-09-18T20:46:00+00:00,2026-09-19 01:46:00,86.0,1009.2,68
9.5,14.0,27.6,868.0,252.0,39.2,4.9,2.2,0.6,446.0,153.4,14.6,6.0,31.7,27.1,24.54,False,4095,0.0,35.8,0.0,EXT-OPEN-METEO-KHI,KARACHI,OPENSOURCE_API_GRID,1248,,,,0.95,True,True,TIER2_OPENSOURCE_PURE;CONTINUOUS_MINUTE_STREAM;VERIFIED_MODEL_GRID,363c15f0d6750f2704877e4fb2b950cb80ce3510c46433a6bd067c7a38f1e2a5,2026-09-18T20:47:00+00:00,2026-09-19 01:47:00,85.9,1009.2,68
9.5,14.0,27.6,868.0,252.0,39.2,4.9,2.2,0.6,446.0,153.2,14.6,6.0,31.7,27.1,24.54,False,4095,0.0,35.8,0.0,EXT-OPEN-METEO-KHI,KARACHI,OPENSOURCE_API_GRID,1249,,,,0.95,True,True,TIER2_OPENSOURCE_PURE;CONTINUOUS_MINUTE_STREAM;VERIFIED_MODEL_GRID,26ad1a7f81ba06d0d61283a793ce27dbf4cec527f31afd8dfcff7687f6ccc493,2026-09-18T20:48:00+00:00,2026-09-19 01:48:00,85.9,1009.2,68
9.5,13.9,27.6,861.8,250.2,38.9,4.9,2.2,0.6,446.0,153.0,14.5,5.9,31.8,27.1,24.54,False,4095,0.0,35.8,0.0,EXT-OPEN-METEO-KHI,KARACHI,OPENSOURCE_API_GRID,1250,,,,0.95,True,True,TIER2_OPENSOURCE_PURE;CONTINUOUS_MINUTE_STREAM;VERIFIED_MODEL_GRID,b37e2abd5cc826a3dfd67d4bdf4f2529503f68b14329d860100446ff092c0d8f,2026-09-18T20:49:00+00:00,2026-09-19 01:49:00,85.9,1009.2,68
9.5,13.9,27.5,861.8,250.2,38.9,4.9,2.2,0.6,446.0,152.9,14.5,5.9,31.8,27.1,24.54,False,4095,0.0,35.9,0.0,EXT-OPEN-METEO-KHI,KARACHI,OPENSOURCE_API_GRID,1251,,,,0.95,True,True,TIER2_OPENSOURCE_PURE;CONTINUOUS_MINUTE_STREAM;VERIFIED_MODEL_GRID,85e025d2c695a209f1a346bee8078d00de0c884e8fb10cdc8f505161f3e4945f,2026-09-18T20:50:00+00:00,2026-09-19 01:50:00,85.9,1009.2,68
9.5,13.9,27.5,861.8,250.2,38.9,4.9,2.2,0.6,446.0,152.7,14.4,5.9,31.8,27.0,24.44,False,4095,0.0,35.9,0.0,EXT-OPEN-METEO-KHI,KARACHI,OPENSOURCE_API_GRID,1252,,,,0.95,True,True,TIER2_OPENSOURCE_PURE;CONTINUOUS_MINUTE_STREAM;VERIFIED_MODEL_GRID,49c8833beed4f2f8c69bca9feaf2cb377137051aa4c2a73b8198f0cc4ee76fe0,2026-09-18T20:51:00+00:00,2026-09-19 01:51:00,85.9,1009.2,68
9.4,13.8,27.4,855.6,248.4,38.6,4.8,2.2,0.5,446.0,152.6,14.4,5.9,31.9,27.0,24.44,False,4095,0.0,35.9,0.0,EXT-OPEN-METEO-KHI,KARACHI,OPENSOURCE_API_GRID,1253,,,,0.95,True,True,TIER2_OPENSOURCE_PURE;CONTINUOUS_MINUTE_STREAM;VERIFIED_MODEL_GRID,a7c5bf06dbc30be13cdb7aa1e692717574d48090ef3f8f8af9bd024859bbae08,2026-09-18T20:52:00+00:00,2026-09-19 01:52:00,85.9,1009.2,68
9.4,13.8,27.4,855.6,248.4,38.6,4.8,2.2,0.5,446.0,152.4,14.3,5.9,31.9,27.0,24.44,False,4095,0.0,35.9,0.0,EXT-OPEN-METEO-KHI,KARACHI,OPENSOURCE_API_GRID,1254,,,,0.95,True,True,TIER2_OPENSOURCE_PURE;CONTINUOUS_MINUTE_STREAM;VERIFIED_MODEL_GRID,6ef9566d7894b04c5d7d96cdc9d1af32d48fadc1662f81019138e53565f05179,2026-09-18T20:53:00+00:00,2026-09-19 01:53:00,85.9,1009.2,68
9.3,13.7,27.3,849.4,246.6,38.4,4.8,2.2,0.5,446.0,152.3,14.3,5.9,31.9,27.0,24.44,False,4095,0.0,36.0,0.0,EXT-OPEN-METEO-KHI,KARACHI,OPENSOURCE_API_GRID,1255,,,,0.95,True,True,TIER2_OPENSOURCE_PURE;CONTINUOUS_MINUTE_STREAM;VERIFIED_MODEL_GRID,f84ad8e9a16dc3d0396a39d54a11598db92d46d3c0066ae2a1fe91d336cd15ab,2026-09-18T20:54:00+00:00,2026-09-19 01:54:00,85.9,1009.2,68
9.3,13.7,27.2,849.4,246.6,38.4,4.8,2.2,0.5,446.0,152.2,14.3,5.9,31.9,27.0,24.44,False,4095,0.0,36.0,0.0,EXT-OPEN-METEO-KHI,KARACHI,OPENSOURCE_API_GRID,1256,,,,0.95,True,True,TIER2_OPENSOURCE_PURE;CONTINUOUS_MINUTE_STREAM;VERIFIED_MODEL_GRID,8fde5d29c70434ffb85fd0e62630f103b036f83d106e210850620b89ffd43fa3,2026-09-18T20:55:00+00:00,2026-09-19 01:55:00,85.9,1009.2,68
9.2,13.6,27.2,843.2,244.8,38.1,4.8,2.2,0.5,446.0,152.1,14.2,5.9,32.0,27.0,24.44,False,4095,0.0,36.0,0.0,EXT-OPEN-METEO-KHI,KARACHI,OPENSOURCE_API_GRID,1257,,,,0.95,True,True,TIER2_OPENSOURCE_PURE;CONTINUOUS_MINUTE_STREAM;VERIFIED_MODEL_GRID,c0bdffac07fdea8380268dd73654e698298bc310541f57f2fdb98dff9e4a6872,2026-09-18T20:56:00+00:00,2026-09-19 01:56:00,85.9,1009.2,68
9.2,13.6,27.1,843.2,244.8,38.1,4.8,2.2,0.5,446.0,152.1,14.2,5.9,32.0,27.0,24.44,False,4095,0.0,36.0,0.0,EXT-OPEN-METEO-KHI,KARACHI,OPENSOURCE_API_GRID,1258,,,,0.95,True,True,TIER2_OPENSOURCE_PURE;CONTINUOUS_MINUTE_STREAM;VERIFIED_MODEL_GRID,851984bc3c30bed13ce0f5cb4a25e749b912ad93031d6e017c5f3fe563a1a561,2026-09-18T20:57:00+00:00,2026-09-19 01:57:00,85.9,1009.2,68
9.2,13.6,27.1,843.2,244.8,38.1,4.8,2.2,0.5,446.0,152.0,14.2,5.9,32.0,27.0,24.42,False,4095,0.0,36.0,0.0,EXT-OPEN-METEO-KHI,KARACHI,OPENSOURCE_API_GRID,1259,,,,0.95,True,True,TIER2_OPENSOURCE_PURE;CONTINUOUS_MINUTE_STREAM;VERIFIED_MODEL_GRID,501c7d879633fed2eab78e4b015728e02b693647cc9e5059aaaf6f2ba7880c0b,2026-09-18T20:58:00+00:00,2026-09-19 01:58:00,85.8,1009.2,68
9.2,13.5,27.0,837.0,243.0,37.8,4.7,2.2,0.5,446.0,152.0,14.2,5.9,32.0,27.0,24.42,False,4095,0.0,36.0,0.0,EXT-OPEN-METEO-KHI,KARACHI,OPENSOURCE_API_GRID,1260,,,,0.95,True,True,TIER2_OPENSOURCE_PURE;CONTINUOUS_MINUTE_STREAM;VERIFIED_MODEL_GRID,305172f0f32340e5a29b199811993b1cd7fbe134fca3d7093f394f8b5707ed52,2026-09-18T20:59:00+00:00,2026-09-19 01:59:00,85.8,1009.2,68
9.2,13.5,27.0,837.0,243.0,37.8,4.7,2.2,0.5,446.0,152.0,14.2,5.9,32.0,27.0,24.44,False,4095,0.0,36.0,0.0,EXT-OPEN-METEO-KHI,KARACHI,OPENSOURCE_API_GRID,1261,,,,0.95,True,False,TIER2_OPENSOURCE_PURE;HOURLY_NODE;VERIFIED_MODEL_GRID,a0429016279402e94b8fabc3ba5bf444588838b591ac159bc62522e9dae0a42f,2026-09-18T21:00:00+00:00,2026-09-19 02:00:00,85.9,1009.2,67
9.2,13.5,27.0,837.0,243.0,37.8,4.7,2.2,0.5,446.0,152.0,14.2,5.9,32.0,27.0,24.44,False,4095,0.0,36.0,0.0,EXT-OPEN-METEO-KHI,KARACHI,OPENSOURCE_API_GRID,1262,,,,0.95,True,True,TIER2_OPENSOURCE_PURE;CONTINUOUS_MINUTE_STREAM;VERIFIED_MODEL_GRID,3fe37d41e2b6a627009b98433b02b261a1b3e67499ab315e8c44982b17618926,2026-09-18T21:01:00+00:00,2026-09-19 02:01:00,85.9,1009.2,67
9.2,13.5,27.0,837.0,243.0,37.8,4.7,2.2,0.5,446.0,152.0,14.2,5.9,32.0,27.0,24.44,False,4095,0.0,36.0,0.0,EXT-OPEN-METEO-KHI,KARACHI,OPENSOURCE_API_GRID,1263,,,,0.95,True,True,TIER2_OPENSOURCE_PURE;CONTINUOUS_MINUTE_STREAM;VERIFIED_MODEL_GRID,287d805d28797f6f8825121cd48919e531207b4dc8a9f075b3dc94f0dbc27360,2026-09-18T21:02:00+00:00,2026-09-19 02:02:00,85.9,1009.2,67
9.2,13.5,27.0,837.0,243.0,37.8,4.7,2.2,0.5,446.0,151.9,14.2,5.9,32.0,26.9,24.34,False,4095,0.0,36.0,0.0,EXT-OPEN-METEO-KHI,KARACHI,OPENSOURCE_API_GRID,1264,,,,0.95,True,True,TIER2_OPENSOURCE_PURE;CONTINUOUS_MINUTE_STREAM;VERIFIED_MODEL_GRID,2ea90bb43bcd69cda3c0d216c5deedce30ac3203935de7e738c58f18ec9a02f8,2026-09-18T21:03:00+00:00,2026-09-19 02:03:00,85.9,1009.2,67
9.2,13.5,27.1,837.0,243.0,37.8,4.7,2.2,0.5,446.0,151.9,14.2,5.9,32.0,26.9,24.34,False,4095,0.0,36.0,0.0,EXT-OPEN-METEO-KHI,KARACHI,OPENSOURCE_API_GRID,1265,,,,0.95,True,True,TIER2_OPENSOURCE_PURE;CONTINUOUS_MINUTE_STREAM;VERIFIED_MODEL_GRID,7a79845eca5295f3b5a2cc86551951894e32914acce98089e3b9635e155ca4cb,2026-09-18T21:04:00+00:00,2026-09-19 02:04:00,85.9,1009.2,67
9.2,13.6,27.1,843.2,244.8,38.1,4.8,2.2,0.5,446.0,151.8,14.2,5.9,32.0,27.0,24.44,False,4095,0.0,36.0,0.0,EXT-OPEN-METEO-KHI,KARACHI,OPENSOURCE_API_GRID,1266,,,,0.95,True,True,TIER2_OPENSOURCE_PURE;CONTINUOUS_MINUTE_STREAM;VERIFIED_MODEL_GRID,eb5d00e4d205716623e52ab7e141cca77045d1cff9ed0b8e5501a839ec3523f5,2026-09-18T21:05:00+00:00,2026-09-19 02:05:00,85.9,1009.2,67
9.2,13.6,27.2,843.2,244.8,38.1,4.8,2.2,0.5,446.0,151.7,14.2,5.9,32.0,27.0,24.44,False,4095,0.0,36.0,0.0,EXT-OPEN-METEO-KHI,KARACHI,OPENSOURCE_API_GRID,1267,,,,0.95,True,True,TIER2_OPENSOURCE_PURE;CONTINUOUS_MINUTE_STREAM;VERIFIED_MODEL_GRID,cd5da443749052d52e824e638efefb1d46e6d96aa47e39fed7a4a5417bbc99a2,2026-09-18T21:06:00+00:00,2026-09-19 02:06:00,85.9,1009.2,67
9.2,13.6,27.2,843.2,244.8,38.1,4.8,2.2,0.5,446.0,151.6,14.1,5.9,32.0,27.0,24.46,False,4095,0.0,36.0,0.0,EXT-OPEN-METEO-KHI,KARACHI,OPENSOURCE_API_GRID,1268,,,,0.95,True,True,TIER2_OPENSOURCE_PURE;CONTINUOUS_MINUTE_STREAM;VERIFIED_MODEL_GRID,dfdbb516af0910f2e233f400469e9788a1683b722a8a827752d531195fb1eb3a,2026-09-18T21:07:00+00:00,2026-09-19 02:07:00,86.0,1009.2,67
9.3,13.7,27.3,849.4,246.6,38.4,4.8,2.2,0.5,446.0,151.5,14.1,5.9,32.0,27.0,24.46,False,4095,0.0,36.0,0.0,EXT-OPEN-METEO-KHI,KARACHI,OPENSOURCE_API_GRID,1269,,,,0.95,True,True,TIER2_OPENSOURCE_PURE;CONTINUOUS_MINUTE_STREAM;VERIFIED_MODEL_GRID,c7a1a52ba344ba6ff6e1cdc96c382be2f03cd61c7cbcbdaa7203bd153d63b0b7,2026-09-18T21:08:00+00:00,2026-09-19 02:08:00,86.0,1009.2,67
9.3,13.7,27.3,849.4,246.6,38.4,4.8,2.2,0.5,446.0,151.3,14.1,5.9,32.1,27.0,24.46,False,4095,0.0,36.1,0.0,EXT-OPEN-METEO-KHI,KARACHI,OPENSOURCE_API_GRID,1270,,,,0.95,True,True,TIER2_OPENSOURCE_PURE;CONTINUOUS_MINUTE_STREAM;VERIFIED_MODEL_GRID,d9f1fddb04b73d08fdb3122f9dfcf4a239a625096fd1aa98cc6206016f334530,2026-09-18T21:09:00+00:00,2026-09-19 02:09:00,86.0,1009.2,67
9.3,13.7,27.4,849.4,246.6,38.4,4.8,2.2,0.5,446.0,151.2,14.1,5.9,32.1,27.0,24.46,False,4095,0.0,36.1,0.0,EXT-OPEN-METEO-KHI,KARACHI,OPENSOURCE_API_GRID,1271,,,,0.95,True,True,TIER2_OPENSOURCE_PURE;CONTINUOUS_MINUTE_STREAM;VERIFIED_MODEL_GRID,e5a831ccb3f30dfd2cd2f26c28a3d62ddef1c5a5756cda6289b5690b59e78b7b,2026-09-18T21:10:00+00:00,2026-09-19 02:10:00,86.0,1009.2,67
9.3,13.7,27.3,849.4,246.6,38.4,4.8,2.2,0.5,446.0,151.0,14.0,5.9,32.1,27.0,24.5,False,4095,0.0,36.1,0.0,EXT-OPEN-METEO-KHI,KARACHI,OPENSOURCE_API_GRID,1272,,,,0.95,True,True,TIER2_OPENSOURCE_PURE;CONTINUOUS_MINUTE_STREAM;VERIFIED_MODEL_GRID,efdf99894057b50259b54155df8c402a8d1a39ce229ef403e7f312a98ed2b88e,2026-09-18T21:11:00+00:00,2026-09-19 02:11:00,86.2,1009.2,67
9.3,13.7,27.4,849.4,246.6,38.4,4.8,2.2,0.5,446.0,150.9,14.0,5.9,32.1,27.0,24.48,False,4095,0.0,36.1,0.0,EXT-OPEN-METEO-KHI,KARACHI,OPENSOURCE_API_GRID,1273,,,,0.95,True,True,TIER2_OPENSOURCE_PURE;CONTINUOUS_MINUTE_STREAM;VERIFIED_MODEL_GRID,63e9e1f729d236f9c8947a73e6a67c039ca07620ae1378652c17dcadff4205ac,2026-09-18T21:12:00+00:00,2026-09-19 02:12:00,86.1,1009.2,67
9.3,13.7,27.4,849.4,246.6,38.4,4.8,2.2,0.5,446.0,150.7,14.0,5.9,32.1,27.0,24.48,False,4095,0.0,36.1,0.0,EXT-OPEN-METEO-KHI,KARACHI,OPENSOURCE_API_GRID,1274,,,,0.95,True,True,TIER2_OPENSOURCE_PURE;CONTINUOUS_MINUTE_STREAM;VERIFIED_MODEL_GRID,f730aba25e34fa2080874a4b738895d3d449061ef4a65d0183c23911e811c4bf,2026-09-18T21:13:00+00:00,2026-09-19 02:13:00,86.1,1009.2,67
9.4,13.8,27.5,855.6,248.4,38.6,4.8,2.2,0.6,446.0,150.5,13.9,5.9,32.1,27.0,24.48,False,4095,0.0,36.1,0.0,EXT-OPEN-METEO-KHI,KARACHI,OPENSOURCE_API_GRID,1275,,,,0.95,True,True,TIER2_OPENSOURCE_PURE;CONTINUOUS_MINUTE_STREAM;VERIFIED_MODEL_GRID,5d0a7f06cd1297f564f58a0511c8e62798871e2f229120dcfcb84169bdf0cde0,2026-09-18T21:14:00+00:00,2026-09-19 02:14:00,86.1,1009.2,67
9.4,13.8,27.5,855.6,248.4,38.6,4.8,2.2,0.6,446.0,150.2,13.9,5.9,32.1,27.0,24.48,False,4095,0.0,36.1,0.0,EXT-OPEN-METEO-KHI,KARACHI,OPENSOURCE_API_GRID,1276,,,,0.95,True,True,TIER2_OPENSOURCE_PURE;CONTINUOUS_MINUTE_STREAM;VERIFIED_MODEL_GRID,f02c27b85554e7a5de63f4dc17ab5843d28c81ce5104222e23d7dcdbc76dbcf9,2026-09-18T21:15:00+00:00,2026-09-19 02:15:00,86.1,1009.2,67
9.4,13.8,27.6,855.6,248.4,38.6,4.8,2.2,0.6,446.0,150.0,13.9,5.9,32.2,27.0,24.48,False,4095,0.0,36.2,0.0,EXT-OPEN-METEO-KHI,KARACHI,OPENSOURCE_API_GRID,1277,,,,0.95,True,True,TIER2_OPENSOURCE_PURE;CONTINUOUS_MINUTE_STREAM;VERIFIED_MODEL_GRID,575c327730e4cdbf2acc67d44feebc2aca194d732a12cb808e5a3712d370c477,2026-09-18T21:16:00+00:00,2026-09-19 02:16:00,86.1,1009.2,67
9.4,13.8,27.6,855.6,248.4,38.6,4.8,2.2,0.6,446.0,149.8,13.8,5.9,32.2,27.0,24.48,False,4095,0.0,36.2,0.0,EXT-OPEN-METEO-KHI,KARACHI,OPENSOURCE_API_GRID,1278,,,,0.95,True,True,TIER2_OPENSOURCE_PURE;CONTINUOUS_MINUTE_STREAM;VERIFIED_MODEL_GRID,ce060f317f39de153417394f4fd75c8514bc0f611942190836abd3be887e8cd7,2026-09-18T21:17:00+00:00,2026-09-19 02:17:00,86.1,1009.2,67
9.4,13.8,27.6,855.6,248.4,38.6,4.8,2.2,0.6,446.0,149.5,13.8,5.9,32.2,27.0,24.48,False,4095,0.0,36.2,0.0,EXT-OPEN-METEO-KHI,KARACHI,OPENSOURCE_API_GRID,1279,,,,0.95,True,True,TIER2_OPENSOURCE_PURE;CONTINUOUS_MINUTE_STREAM;VERIFIED_MODEL_GRID,52fc9a4c3f280d24712c5398d89d5953ab179a997973fde0706fde6517d1660c,2026-09-18T21:18:00+00:00,2026-09-19 02:18:00,86.1,1009.2,67
9.4,13.8,27.6,855.6,248.4,38.6,4.8,2.2,0.6,446.0,149.3,13.7,5.9,32.2,27.0,24.46,False,4095,0.0,36.2,0.0,EXT-OPEN-METEO-KHI,KARACHI,OPENSOURCE_API_GRID,1280,,,,0.95,True,True,TIER2_OPENSOURCE_PURE;CONTINUOUS_MINUTE_STREAM;VERIFIED_MODEL_GRID,488f0c1c88c88b0bae44153e6a6a1aebf48383056206ff5b238c8c81047cf83e,2026-09-18T21:19:00+00:00,2026-09-19 02:19:00,86.0,1009.2,67
9.4,13.8,27.5,855.6,248.4,38.6,4.8,2.2,0.6,446.0,149.0,13.7,5.9,32.2,27.0,24.46,False,4095,0.0,36.2,0.0,EXT-OPEN-METEO-KHI,KARACHI,OPENSOURCE_API_GRID,1281,,,,0.95,True,True,TIER2_OPENSOURCE_PURE;CONTINUOUS_MINUTE_STREAM;VERIFIED_MODEL_GRID,d1aecea921c1b040bba86e5fe53fc79a1dec45877581f4c0e7c22b6193133cb3,2026-09-18T21:20:00+00:00,2026-09-19 02:20:00,86.0,1009.2,67
9.3,13.7,27.5,849.4,246.6,38.4,4.8,2.2,0.6,446.0,148.7,13.7,5.8,32.3,27.0,24.46,False,4095,0.0,36.3,0.0,EXT-OPEN-METEO-KHI,KARACHI,OPENSOURCE_API_GRID,1282,,,,0.95,True,True,TIER2_OPENSOURCE_PURE;CONTINUOUS_MINUTE_STREAM;VERIFIED_MODEL_GRID,c606dd95e12ae7fa5958373dd7c8835f32596f3368e0aa6957a46ccc9a7bbcfa,2026-09-18T21:21:00+00:00,2026-09-19 02:21:00,86.0,1009.2,67
9.3,13.7,27.5,849.4,246.6,38.4,4.8,2.2,0.6,446.0,148.4,13.6,5.8,32.3,27.0,24.46,False,4095,0.0,36.3,0.0,EXT-OPEN-METEO-KHI,KARACHI,OPENSOURCE_API_GRID,1283,,,,0.95,True,True,TIER2_OPENSOURCE_PURE;CONTINUOUS_MINUTE_STREAM;VERIFIED_MODEL_GRID,45dfac6f8178d30cb7d773faa5cb408fe0ea686c88cac3b9638da6bbfd78eeb6,2026-09-18T21:22:00+00:00,2026-09-19 02:22:00,86.0,1009.2,67
9.2,13.6,27.4,843.2,244.8,38.1,4.8,2.2,0.5,446.0,148.2,13.6,5.8,32.3,27.0,24.44,False,4095,0.0,36.3,0.0,EXT-OPEN-METEO-KHI,KARACHI,OPENSOURCE_API_GRID,1284,,,,0.95,True,True,TIER2_OPENSOURCE_PURE;CONTINUOUS_MINUTE_STREAM;VERIFIED_MODEL_GRID,127e31c9a835a7451a0fdbc7f841d3bbd605cceb03e7eb1f4212194a7185b67f,2026-09-18T21:23:00+00:00,2026-09-19 02:23:00,85.9,1009.2,67
9.2,13.6,27.3,843.2,244.8,38.1,4.8,2.2,0.5,446.0,147.9,13.5,5.8,32.3,27.0,24.44,False,4095,0.0,36.3,0.0,EXT-OPEN-METEO-KHI,KARACHI,OPENSOURCE_API_GRID,1285,,,,0.95,True,True,TIER2_OPENSOURCE_PURE;CONTINUOUS_MINUTE_STREAM;VERIFIED_MODEL_GRID,21258573ef11d2dc9b999557c1f2c6608570ceec0ba0616d0c8c195bbddadef2,2026-09-18T21:24:00+00:00,2026-09-19 02:24:00,85.9,1009.2,67
9.2,13.5,27.3,837.0,243.0,37.8,4.7,2.2,0.5,446.0,147.6,13.5,5.8,32.4,27.0,24.44,False,4095,0.0,36.4,0.0,EXT-OPEN-METEO-KHI,KARACHI,OPENSOURCE_API_GRID,1286,,,,0.95,True,True,TIER2_OPENSOURCE_PURE;CONTINUOUS_MINUTE_STREAM;VERIFIED_MODEL_GRID,822831b13f2646d12b684837e6f474bc01466b29752c2097b523a7ba19d4dbc9,2026-09-18T21:25:00+00:00,2026-09-19 02:25:00,85.9,1009.2,67
9.2,13.5,27.2,837.0,243.0,37.8,4.7,2.2,0.5,446.0,147.2,13.4,5.8,32.4,27.0,24.44,False,4095,0.0,36.4,0.0,EXT-OPEN-METEO-KHI,KARACHI,OPENSOURCE_API_GRID,1287,,,,0.95,True,True,TIER2_OPENSOURCE_PURE;CONTINUOUS_MINUTE_STREAM;VERIFIED_MODEL_GRID,cfce7202fc0bef0b81209e1c9d0f16e0169b71f10f1321cd5cf9c767b89ef364,2026-09-18T21:26:00+00:00,2026-09-19 02:26:00,85.9,1009.2,67
9.1,13.4,27.1,830.8,241.2,37.5,4.7,2.2,0.5,446.0,146.9,13.4,5.8,32.4,27.0,24.44,False,4095,0.0,36.4,0.0,EXT-OPEN-METEO-KHI,KARACHI,OPENSOURCE_API_GRID,1288,,,,0.95,True,True,TIER2_OPENSOURCE_PURE;CONTINUOUS_MINUTE_STREAM;VERIFIED_MODEL_GRID,654cf7a599fb423b01b0e70e93ef3c3ca23c70b77dd51e419f3c33845c536f7b,2026-09-18T21:27:00+00:00,2026-09-19 02:27:00,85.9,1009.2,67
9.1,13.4,27.1,830.8,241.2,37.5,4.7,2.2,0.5,446.0,146.6,13.3,5.8,32.4,26.9,24.34,False,4095,0.0,36.4,0.0,EXT-OPEN-METEO-KHI,KARACHI,OPENSOURCE_API_GRID,1289,,,,0.95,True,True,TIER2_OPENSOURCE_PURE;CONTINUOUS_MINUTE_STREAM;VERIFIED_MODEL_GRID,94d5047b8563b92e8c7164b636e6bb537487c02c1da4318d66a6d0268d862d7d,2026-09-18T21:28:00+00:00,2026-09-19 02:28:00,85.9,1009.2,67
9.0,13.3,27.0,824.6,239.4,37.2,4.7,2.2,0.5,446.0,146.3,13.3,5.8,32.5,26.9,24.34,False,4095,0.0,36.5,0.0,EXT-OPEN-METEO-KHI,KARACHI,OPENSOURCE_API_GRID,1290,,,,0.95,True,True,TIER2_OPENSOURCE_PURE;CONTINUOUS_MINUTE_STREAM;VERIFIED_MODEL_GRID,49d1267dceaf67cf3fb74329d8ea63fb6b3334e42360c6478327ec7e2a2145ce,2026-09-18T21:29:00+00:00,2026-09-19 02:29:00,85.9,1009.2,67
9.0,13.3,27.0,824.6,239.4,37.2,4.7,2.2,0.5,446.0,146.0,13.2,5.8,32.5,26.9,24.34,False,4095,0.0,36.5,0.0,EXT-OPEN-METEO-KHI,KARACHI,OPENSOURCE_API_GRID,1291,,,,0.95,True,True,TIER2_OPENSOURCE_PURE;CONTINUOUS_MINUTE_STREAM;VERIFIED_MODEL_GRID,feef9eea04def2b2d30770c5e4a059684423c0ba81149a1b6e4279357e6bdb90,2026-09-18T21:30:00+00:00,2026-09-19 02:30:00,85.9,1009.2,67
9.0,13.2,27.0,818.4,237.6,37.0,4.6,2.2,0.5,446.0,145.7,13.1,5.8,32.5,26.9,24.34,False,4095,0.0,36.5,0.0,EXT-OPEN-METEO-KHI,KARACHI,OPENSOURCE_API_GRID,1292,,,,0.95,True,True,TIER2_OPENSOURCE_PURE;CONTINUOUS_MINUTE_STREAM;VERIFIED_MODEL_GRID,85b602b2de0000af8b3dd79bf4f7c622c00ce9984202314e672a0f7ecfdc382b,2026-09-18T21:31:00+00:00,2026-09-19 02:31:00,85.9,1009.2,67
9.0,13.2,26.9,818.4,237.6,37.0,4.6,2.2,0.5,446.0,145.4,13.1,5.8,32.6,26.9,24.34,False,4095,0.0,36.6,0.0,EXT-OPEN-METEO-KHI,KARACHI,OPENSOURCE_API_GRID,1293,,,,0.95,True,True,TIER2_OPENSOURCE_PURE;CONTINUOUS_MINUTE_STREAM;VERIFIED_MODEL_GRID,4e615b96e07c8a14a4341a85217e25a322e17c8f33b8e20c010ce133e28db649,2026-09-18T21:32:00+00:00,2026-09-19 02:32:00,85.9,1009.2,67
9.0,13.2,26.9,818.4,237.6,37.0,4.6,2.2,0.5,446.0,145.1,13.0,5.8,32.6,26.9,24.34,False,4095,0.0,36.6,0.0,EXT-OPEN-METEO-KHI,KARACHI,OPENSOURCE_API_GRID,1294,,,,0.95,True,True,TIER2_OPENSOURCE_PURE;CONTINUOUS_MINUTE_STREAM;VERIFIED_MODEL_GRID,a84ff96084354f0f7a2e6ef311466273235c513c7b03bf7fdc1a57bca8561c4c,2026-09-18T21:33:00+00:00,2026-09-19 02:33:00,85.9,1009.2,67
9.0,13.2,27.0,818.4,237.6,37.0,4.6,2.2,0.5,446.0,144.8,13.0,5.8,32.6,26.9,24.34,False,4095,0.0,36.6,0.0,EXT-OPEN-METEO-KHI,KARACHI,OPENSOURCE_API_GRID,1295,,,,0.95,True,True,TIER2_OPENSOURCE_PURE;CONTINUOUS_MINUTE_STREAM;VERIFIED_MODEL_GRID,f102cddce4c1f55fe26c69fe192070e6475d2ded2662b58a0f319298398a997a,2026-09-18T21:34:00+00:00,2026-09-19 02:34:00,85.9,1009.2,67
9.0,13.2,27.0,818.4,237.6,37.0,4.6,2.2,0.5,446.0,144.4,12.9,5.8,32.6,26.9,24.34,False,4095,0.0,36.6,0.0,EXT-OPEN-METEO-KHI,KARACHI,OPENSOURCE_API_GRID,1296,,,,0.95,True,True,TIER2_OPENSOURCE_PURE;CONTINUOUS_MINUTE_STREAM;VERIFIED_MODEL_GRID,76606123b3cda9d4449f3c0b550895d12743c495adbe052a67f8f5c768212e11,2026-09-18T21:35:00+00:00,2026-09-19 02:35:00,85.9,1009.2,67
9.0,13.2,27.0,818.4,237.6,37.0,4.6,2.2,0.5,446.0,144.1,12.9,5.8,32.7,26.9,24.34,False,4095,0.0,36.7,0.0,EXT-OPEN-METEO-KHI,KARACHI,OPENSOURCE_API_GRID,1297,,,,0.95,True,True,TIER2_OPENSOURCE_PURE;CONTINUOUS_MINUTE_STREAM;VERIFIED_MODEL_GRID,391af7c75df276bc29f4739604c00aca0f7b8853da3bc985202599d4212c6afd,2026-09-18T21:36:00+00:00,2026-09-19 02:36:00,85.9,1009.2,67
9.0,13.3,27.1,824.6,239.4,37.2,4.7,2.2,0.5,446.0,143.8,12.8,5.8,32.7,26.9,24.34,False,4095,0.0,36.7,0.0,EXT-OPEN-METEO-KHI,KARACHI,OPENSOURCE_API_GRID,1298,,,,0.95,True,True,TIER2_OPENSOURCE_PURE;CONTINUOUS_MINUTE_STREAM;VERIFIED_MODEL_GRID,72eea34018089cbd4b0bf3d8aab3152a44295b4d724da6571f6d32971b8152e0,2026-09-18T21:37:00+00:00,2026-09-19 02:37:00,85.9,1009.2,67
9.0,13.3,27.1,824.6,239.4,37.2,4.7,2.2,0.5,446.0,143.6,12.8,5.8,32.7,26.9,24.36,False,4095,0.0,36.7,0.0,EXT-OPEN-METEO-KHI,KARACHI,OPENSOURCE_API_GRID,1299,,,,0.95,True,True,TIER2_OPENSOURCE_PURE;CONTINUOUS_MINUTE_STREAM;VERIFIED_MODEL_GRID,faf22740e8ef47ec3a2af169feb6dd6b5fded737100b7841ca59382698a3ad7c,2026-09-18T21:38:00+00:00,2026-09-19 02:38:00,86.0,1009.2,67
9.0,13.3,27.2,824.6,239.4,37.2,4.7,2.2,0.5,446.0,143.3,12.7,5.8,32.7,26.9,24.36,False,4095,0.0,36.7,0.0,EXT-OPEN-METEO-KHI,KARACHI,OPENSOURCE_API_GRID,1300,,,,0.95,True,True,TIER2_OPENSOURCE_PURE;CONTINUOUS_MINUTE_STREAM;VERIFIED_MODEL_GRID,d948624a0362ac33ed04f1b0aac44a602ad1db104710d8a009bf9d990e016f87,2026-09-18T21:39:00+00:00,2026-09-19 02:39:00,86.0,1009.2,67
9.1,13.4,27.3,830.8,241.2,37.5,4.7,2.2,0.5,446.0,143.0,12.7,5.8,32.8,26.9,24.36,False,4095,0.0,36.8,0.0,EXT-OPEN-METEO-KHI,KARACHI,OPENSOURCE_API_GRID,1301,,,,0.95,True,True,TIER2_OPENSOURCE_PURE;CONTINUOUS_MINUTE_STREAM;VERIFIED_MODEL_GRID,c39aeea77e2add9c97abe1de33f4dca711a5ca7c606a6c87acef97c6f4a3dd1a,2026-09-18T21:40:00+00:00,2026-09-19 02:40:00,86.0,1009.2,67
9.1,13.4,27.3,830.8,241.2,37.5,4.7,2.2,0.5,446.0,142.7,12.7,5.7,32.8,26.9,24.36,False,4095,0.0,36.8,0.0,EXT-OPEN-METEO-KHI,KARACHI,OPENSOURCE_API_GRID,1302,,,,0.95,True,True,TIER2_OPENSOURCE_PURE;CONTINUOUS_MINUTE_STREAM;VERIFIED_MODEL_GRID,c6d814d434a760790c8c84de35145f5d5503f4cd5e860abce12c7bc9fe30082b,2026-09-18T21:41:00+00:00,2026-09-19 02:41:00,86.0,1009.2,67
9.0,13.3,27.2,824.6,239.4,37.2,4.7,2.2,0.5,446.0,142.5,12.6,5.7,32.8,26.9,24.4,False,4095,0.0,36.8,0.0,EXT-OPEN-METEO-KHI,KARACHI,OPENSOURCE_API_GRID,1303,,,,0.95,True,True,TIER2_OPENSOURCE_PURE;CONTINUOUS_MINUTE_STREAM;VERIFIED_MODEL_GRID,7cd06a9841cbfa091df10462f4cdf3b437804b7065e221237238f8af9e243114,2026-09-18T21:42:00+00:00,2026-09-19 02:42:00,86.2,1009.2,67
9.0,13.3,27.3,824.6,239.4,37.2,4.7,2.2,0.5,446.0,142.2,12.6,5.7,32.8,26.9,24.38,False,4095,0.0,36.8,0.0,EXT-OPEN-METEO-KHI,KARACHI,OPENSOURCE_API_GRID,1304,,,,0.95,True,True,TIER2_OPENSOURCE_PURE;CONTINUOUS_MINUTE_STREAM;VERIFIED_MODEL_GRID,fe16ba8ed8fce78bf146667159d8b61c1728d8dfce27520ae10efa2bbdab1741,2026-09-18T21:43:00+00:00,2026-09-19 02:43:00,86.1,1009.2,67
9.1,13.4,27.3,830.8,241.2,37.5,4.7,2.2,0.5,446.0,142.0,12.5,5.7,32.8,26.9,24.38,False,4095,0.0,36.8,0.0,EXT-OPEN-METEO-KHI,KARACHI,OPENSOURCE_API_GRID,1305,,,,0.95,True,True,TIER2_OPENSOURCE_PURE;CONTINUOUS_MINUTE_STREAM;VERIFIED_MODEL_GRID,585bd3bfd03744de34e381e5f461ae5d548353dbe056c6c8af5d35417b1691fb,2026-09-18T21:44:00+00:00,2026-09-19 02:44:00,86.1,1009.2,67
9.1,13.4,27.4,830.8,241.2,37.5,4.7,2.2,0.5,446.0,141.8,12.5,5.7,32.9,26.9,24.38,False,4095,0.0,36.9,0.0,EXT-OPEN-METEO-KHI,KARACHI,OPENSOURCE_API_GRID,1306,,,,0.95,True,True,TIER2_OPENSOURCE_PURE;CONTINUOUS_MINUTE_STREAM;VERIFIED_MODEL_GRID,f25aeacca3b5fe472780d7d042e07841c49a55f1f112242a73ecc9af4b3e226d,2026-09-18T21:45:00+00:00,2026-09-19 02:45:00,86.1,1009.2,67
9.1,13.4,27.4,830.8,241.2,37.5,4.7,2.2,0.5,446.0,141.5,12.5,5.7,32.9,26.9,24.38,False,4095,0.0,36.9,0.0,EXT-OPEN-METEO-KHI,KARACHI,OPENSOURCE_API_GRID,1307,,,,0.95,True,True,TIER2_OPENSOURCE_PURE;CONTINUOUS_MINUTE_STREAM;VERIFIED_MODEL_GRID,7292d8891dbe2a06c813ae996bf8d70566234261292e4150193c5878c7713054,2026-09-18T21:46:00+00:00,2026-09-19 02:46:00,86.1,1009.2,67
9.1,13.4,27.5,830.8,241.2,37.5,4.7,2.2,0.6,446.0,141.3,12.4,5.7,32.9,27.0,24.48,False,4095,0.0,36.9,0.0,EXT-OPEN-METEO-KHI,KARACHI,OPENSOURCE_API_GRID,1308,,,,0.95,True,True,TIER2_OPENSOURCE_PURE;CONTINUOUS_MINUTE_STREAM;VERIFIED_MODEL_GRID,650dda841c4941dea8d3d6a9c334ebccb01aa5c77b36b87b6909c36501541532,2026-09-18T21:47:00+00:00,2026-09-19 02:47:00,86.1,1009.2,67
9.1,13.4,27.5,830.8,241.2,37.5,4.7,2.2,0.6,446.0,141.1,12.4,5.7,32.9,27.0,24.48,False,4095,0.0,36.9,0.0,EXT-OPEN-METEO-KHI,KARACHI,OPENSOURCE_API_GRID,1309,,,,0.95,True,True,TIER2_OPENSOURCE_PURE;CONTINUOUS_MINUTE_STREAM;VERIFIED_MODEL_GRID,a8efddf846a4ab75d3b59923681fe52088fbd6f387d883b2796a2cfa50ea0601,2026-09-18T21:48:00+00:00,2026-09-19 02:48:00,86.1,1009.2,67
9.1,13.4,27.5,830.8,241.2,37.5,4.7,2.2,0.6,446.0,141.0,12.4,5.7,32.9,27.0,24.48,False,4095,0.0,36.9,0.0,EXT-OPEN-METEO-KHI,KARACHI,OPENSOURCE_API_GRID,1310,,,,0.95,True,True,TIER2_OPENSOURCE_PURE;CONTINUOUS_MINUTE_STREAM;VERIFIED_MODEL_GRID,1b6a3aec0c837ede94c233125e95bfb419afa2a0f4acb645a05264ec16c32325,2026-09-18T21:49:00+00:00,2026-09-19 02:49:00,86.1,1009.2,67
9.1,13.4,27.5,830.8,241.2,37.5,4.7,2.2,0.6,446.0,140.8,12.3,5.7,32.9,27.0,24.46,False,4095,0.0,36.9,0.0,EXT-OPEN-METEO-KHI,KARACHI,OPENSOURCE_API_GRID,1311,,,,0.95,True,True,TIER2_OPENSOURCE_PURE;CONTINUOUS_MINUTE_STREAM;VERIFIED_MODEL_GRID,a7e64b599b2c39dfa5216112b39d4ec2959c7c08b886ad132899925d829f5555,2026-09-18T21:50:00+00:00,2026-09-19 02:50:00,86.0,1009.2,67
9.1,13.4,27.5,830.8,241.2,37.5,4.7,2.2,0.6,446.0,140.7,12.3,5.7,32.9,27.0,24.46,False,4095,0.0,36.9,0.0,EXT-OPEN-METEO-KHI,KARACHI,OPENSOURCE_API_GRID,1312,,,,0.95,True,True,TIER2_OPENSOURCE_PURE;CONTINUOUS_MINUTE_STREAM;VERIFIED_MODEL_GRID,d8452eff0e0c729e764cb01925d0a82845739d42782ca15af0082d946f4719c2,2026-09-18T21:51:00+00:00,2026-09-19 02:51:00,86.0,1009.2,67
9.1,13.4,27.4,830.8,241.2,37.5,4.7,2.2,0.5,446.0,140.5,12.3,5.7,33.0,26.9,24.36,False,4095,0.0,37.0,0.0,EXT-OPEN-METEO-KHI,KARACHI,OPENSOURCE_API_GRID,1313,,,,0.95,True,True,TIER2_OPENSOURCE_PURE;CONTINUOUS_MINUTE_STREAM;VERIFIED_MODEL_GRID,a5b870a6af9f97eb8bc7d12a88bd19fc0010e6a678ea3fa8a102ce3e62c95425,2026-09-18T21:52:00+00:00,2026-09-19 02:52:00,86.0,1009.2,67
9.0,13.3,27.4,824.6,239.4,37.2,4.7,2.2,0.5,446.0,140.4,12.3,5.7,33.0,26.9,24.36,False,4095,0.0,37.0,0.0,EXT-OPEN-METEO-KHI,KARACHI,OPENSOURCE_API_GRID,1314,,,,0.95,True,True,TIER2_OPENSOURCE_PURE;CONTINUOUS_MINUTE_STREAM;VERIFIED_MODEL_GRID,9bc8ffbdfa534a715d70e9a95189e548f4b917b6cd784d64ff5660a346bca765,2026-09-18T21:53:00+00:00,2026-09-19 02:53:00,86.0,1009.2,67
9.0,13.3,27.3,824.6,239.4,37.2,4.7,2.2,0.5,446.0,140.3,12.2,5.7,33.0,26.9,24.34,False,4095,0.0,37.0,0.0,EXT-OPEN-METEO-KHI,KARACHI,OPENSOURCE_API_GRID,1315,,,,0.95,True,True,TIER2_OPENSOURCE_PURE;CONTINUOUS_MINUTE_STREAM;VERIFIED_MODEL_GRID,43b78e79bdfa9d03361372f37855a489f22f2a17c2d8f2026cb00436607fbc0f,2026-09-18T21:54:00+00:00,2026-09-19 02:54:00,85.9,1009.2,67
9.0,13.3,27.3,824.6,239.4,37.2,4.7,2.2,0.5,446.0,140.2,12.2,5.7,33.0,26.9,24.34,False,4095,0.0,37.0,0.0,EXT-OPEN-METEO-KHI,KARACHI,OPENSOURCE_API_GRID,1316,,,,0.95,True,True,TIER2_OPENSOURCE_PURE;CONTINUOUS_MINUTE_STREAM;VERIFIED_MODEL_GRID,1260e67d54c7a9764139811c820e3b62d1b83fcade67e9da29791d9558490cb4,2026-09-18T21:55:00+00:00,2026-09-19 02:55:00,85.9,1009.2,67
9.0,13.2,27.2,818.4,237.6,37.0,4.6,2.2,0.5,446.0,140.1,12.2,5.7,33.0,26.9,24.34,False,4095,0.0,37.0,0.0,EXT-OPEN-METEO-KHI,KARACHI,OPENSOURCE_API_GRID,1317,,,,0.95,True,True,TIER2_OPENSOURCE_PURE;CONTINUOUS_MINUTE_STREAM;VERIFIED_MODEL_GRID,1f8bca10613f279b5e0164c2baba53f450dd2e512e3d855bec8f0abfb2bee956,2026-09-18T21:56:00+00:00,2026-09-19 02:56:00,85.9,1009.2,67
9.0,13.2,27.1,818.4,237.6,37.0,4.6,2.2,0.5,446.0,140.1,12.2,5.7,33.0,26.9,24.34,False,4095,0.0,37.0,0.0,EXT-OPEN-METEO-KHI,KARACHI,OPENSOURCE_API_GRID,1318,,,,0.95,True,True,TIER2_OPENSOURCE_PURE;CONTINUOUS_MINUTE_STREAM;VERIFIED_MODEL_GRID,893c0477bac1b57bf55ad7dc614d5518442bac6a4257a922c1ca3d997c63bb53,2026-09-18T21:57:00+00:00,2026-09-19 02:57:00,85.9,1009.2,67
8.9,13.1,27.1,812.2,235.8,36.7,4.6,2.2,0.5,446.0,140.0,12.2,5.7,33.0,26.9,24.34,False,4095,0.0,37.0,0.0,EXT-OPEN-METEO-KHI,KARACHI,OPENSOURCE_API_GRID,1319,,,,0.95,True,True,TIER2_OPENSOURCE_PURE;CONTINUOUS_MINUTE_STREAM;VERIFIED_MODEL_GRID,287a38a6df209f0d87ec8931b111a0af9f9765cab3acceee7db8f578d473a535,2026-09-18T21:58:00+00:00,2026-09-19 02:58:00,85.9,1009.2,67
8.9,13.1,27.0,812.2,235.8,36.7,4.6,2.2,0.5,446.0,140.0,12.2,5.7,33.0,26.9,24.34,False,4095,0.0,37.0,0.0,EXT-OPEN-METEO-KHI,KARACHI,OPENSOURCE_API_GRID,1320,,,,0.95,True,True,TIER2_OPENSOURCE_PURE;CONTINUOUS_MINUTE_STREAM;VERIFIED_MODEL_GRID,1a1f62b0016aa51134b2ff0da23c731f6e3cb13b12f260974a25c412d4cfb8ea,2026-09-18T21:59:00+00:00,2026-09-19 02:59:00,85.9,1009.2,67
8.8,13.0,27.0,806.0,234.0,36.4,4.5,2.2,0.5,446.0,140.0,12.2,5.7,33.0,26.9,24.34,False,4095,0.0,37.0,0.0,EXT-OPEN-METEO-KHI,KARACHI,OPENSOURCE_API_GRID,1321,,,,0.95,True,False,TIER2_OPENSOURCE_PURE;HOURLY_NODE;VERIFIED_MODEL_GRID,cf67a0ff31915d8221e6dba10eb2ce05179b8d4d31336c965f1fd6b7dcac466d,2026-09-18T22:00:00+00:00,2026-09-19 03:00:00,85.9,1009.2,67
8.8,13.0,26.9,806.0,234.0,36.4,4.5,2.2,0.5,446.0,140.0,12.2,5.7,33.0,26.9,24.34,False,4095,0.0,37.0,0.0,EXT-OPEN-METEO-KHI,KARACHI,OPENSOURCE_API_GRID,1322,,,,0.95,True,True,TIER2_OPENSOURCE_PURE;CONTINUOUS_MINUTE_STREAM;VERIFIED_MODEL_GRID,ea1c54bc3b304f5500b33af13cc8ea975905f8604eba6a2e9fe56f80d9a6bfcb,2026-09-18T22:01:00+00:00,2026-09-19 03:01:00,85.9,1009.2,67
8.8,13.0,26.9,806.0,234.0,36.4,4.5,2.2,0.5,446.0,140.0,12.2,5.7,33.0,26.9,24.34,False,4095,0.0,37.0,0.0,EXT-OPEN-METEO-KHI,KARACHI,OPENSOURCE_API_GRID,1323,,,,0.95,True,True,TIER2_OPENSOURCE_PURE;CONTINUOUS_MINUTE_STREAM;VERIFIED_MODEL_GRID,b5b1ae6d73a20b4bb0c8605a47a0c2c738d3ccf8360f5d534083eb41481931a7,2026-09-18T22:02:00+00:00,2026-09-19 03:02:00,85.9,1009.2,67
8.8,13.0,26.9,806.0,234.0,36.4,4.5,2.2,0.5,446.0,140.0,12.2,5.7,33.0,26.9,24.34,False,4095,0.0,37.0,0.0,EXT-OPEN-METEO-KHI,KARACHI,OPENSOURCE_API_GRID,1324,,,,0.95,True,True,TIER2_OPENSOURCE_PURE;CONTINUOUS_MINUTE_STREAM;VERIFIED_MODEL_GRID,966f2d908496dcb6452d7c0412207b79dc86752cdbafbdfd2ff58ea811745aee,2026-09-18T22:03:00+00:00,2026-09-19 03:03:00,85.9,1009.2,67
8.8,13.0,26.9,806.0,234.0,36.4,4.5,2.2,0.5,446.0,139.9,12.2,5.7,33.0,26.9,24.34,False,4095,0.0,37.0,0.0,EXT-OPEN-METEO-KHI,KARACHI,OPENSOURCE_API_GRID,1325,,,,0.95,True,True,TIER2_OPENSOURCE_PURE;CONTINUOUS_MINUTE_STREAM;VERIFIED_MODEL_GRID,95811042a9a9be8f32c0f18feac09949a8d0e1e16f6fbbc7c68f332b5e129428,2026-09-18T22:04:00+00:00,2026-09-19 03:04:00,85.9,1009.2,67
8.8,13.0,26.9,806.0,234.0,36.4,4.5,2.2,0.5,446.0,139.9,12.2,5.7,33.0,26.8,24.24,False,4095,0.0,37.0,0.0,EXT-OPEN-METEO-KHI,KARACHI,OPENSOURCE_API_GRID,1326,,,,0.95,True,True,TIER2_OPENSOURCE_PURE;CONTINUOUS_MINUTE_STREAM;VERIFIED_MODEL_GRID,595bb96169e22f83677d5e16d9f4555df7948c41464345014556db600ec34943,2026-09-18T22:05:00+00:00,2026-09-19 03:05:00,85.9,1009.2,67
8.8,13.0,26.9,806.0,234.0,36.4,4.5,2.2,0.5,446.0,139.9,12.2,5.7,33.0,26.8,24.24,False,4095,0.0,37.0,0.0,EXT-OPEN-METEO-KHI,KARACHI,OPENSOURCE_API_GRID,1327,,,,0.95,True,True,TIER2_OPENSOURCE_PURE;CONTINUOUS_MINUTE_STREAM;VERIFIED_MODEL_GRID,3a80fd31706d8aad205e5bbd627da0fde0bfba9b89039b803fc605187a7472bc,2026-09-18T22:06:00+00:00,2026-09-19 03:06:00,85.9,1009.2,67
8.9,13.1,27.0,812.2,235.8,36.7,4.6,2.2,0.5,446.0,139.8,12.2,5.7,33.0,26.8,24.26,False,4095,0.0,36.9,0.0,EXT-OPEN-METEO-KHI,KARACHI,OPENSOURCE_API_GRID,1328,,,,0.95,True,True,TIER2_OPENSOURCE_PURE;CONTINUOUS_MINUTE_STREAM;VERIFIED_MODEL_GRID,775f2bd7ac8c46a96b19943b7a5a2e2205e82ccf3d485e72a252d29e017fc8b4,2026-09-18T22:07:00+00:00,2026-09-19 03:07:00,86.0,1009.2,67
8.9,13.1,27.0,812.2,235.8,36.7,4.6,2.2,0.5,446.0,139.8,12.2,5.7,33.0,26.9,24.36,False,4095,0.0,36.9,0.0,EXT-OPEN-METEO-KHI,KARACHI,OPENSOURCE_API_GRID,1329,,,,0.95,True,True,TIER2_OPENSOURCE_PURE;CONTINUOUS_MINUTE_STREAM;VERIFIED_MODEL_GRID,b20720ac046a99bdead29e47af8795376842249f22c37203fe3f7455d36d0dfd,2026-09-18T22:08:00+00:00,2026-09-19 03:08:00,86.0,1009.2,67
8.9,13.1,27.1,812.2,235.8,36.7,4.6,2.2,0.5,446.1,139.7,12.1,5.7,32.9,26.9,24.36,False,4095,0.0,36.9,0.0,EXT-OPEN-METEO-KHI,KARACHI,OPENSOURCE_API_GRID,1330,,,,0.95,True,True,TIER2_OPENSOURCE_PURE;CONTINUOUS_MINUTE_STREAM;VERIFIED_MODEL_GRID,d32e23000b149078e24b49bc1dab70c771919ab90c25d2000dd1a12172805778,2026-09-18T22:09:00+00:00,2026-09-19 03:09:00,86.0,1009.2,67
9.0,13.2,27.2,818.4,237.6,37.0,4.6,2.2,0.5,446.1,139.7,12.1,5.7,32.9,26.9,24.38,False,4095,0.0,36.9,0.0,EXT-OPEN-METEO-KHI,KARACHI,OPENSOURCE_API_GRID,1331,,,,0.95,True,True,TIER2_OPENSOURCE_PURE;CONTINUOUS_MINUTE_STREAM;VERIFIED_MODEL_GRID,5e57cb9fe2d8df113f0a5e5585fa861a5d72a3139310ae16014e1f2f30f853fb,2026-09-18T22:10:00+00:00,2026-09-19 03:10:00,86.1,1009.2,67
9.0,13.2,27.2,818.4,237.6,37.0,4.6,2.2,0.5,446.1,139.6,12.1,5.7,32.9,26.9,24.38,False,4095,0.0,36.8,0.0,EXT-OPEN-METEO-KHI,KARACHI,OPENSOURCE_API_GRID,1332,,,,0.95,True,True,TIER2_OPENSOURCE_PURE;CONTINUOUS_MINUTE_STREAM;VERIFIED_MODEL_GRID,4a4b88cc7fce941821a25717ac076185aa82c11a5cfab9820411b54bbca1c616,2026-09-18T22:11:00+00:00,2026-09-19 03:11:00,86.1,1009.2,67
9.0,13.2,27.3,818.4,237.6,37.0,4.6,2.2,0.5,446.1,139.5,12.1,5.7,32.9,26.9,24.38,False,4095,0.0,36.8,0.0,EXT-OPEN-METEO-KHI,KARACHI,OPENSOURCE_API_GRID,1333,,,,0.95,True,True,TIER2_OPENSOURCE_PURE;CONTINUOUS_MINUTE_STREAM;VERIFIED_MODEL_GRID,a8a01f69354fb51d9651de73e8b8ee6051d837c04b04bc0f4d8c97b930a4d09d,2026-09-18T22:12:00+00:00,2026-09-19 03:12:00,86.1,1009.2,67
9.0,13.2,27.2,818.4,237.6,37.0,4.6,2.2,0.5,446.1,139.4,12.1,5.7,32.9,26.9,24.42,False,4095,0.0,36.8,0.0,EXT-OPEN-METEO-KHI,KARACHI,OPENSOURCE_API_GRID,1334,,,,0.95,True,True,TIER2_OPENSOURCE_PURE;CONTINUOUS_MINUTE_STREAM;VERIFIED_MODEL_GRID,df132583d1e631f8bf1b060339d5f06e681e4117dc3708023e501ffc4e988ebe,2026-09-18T22:13:00+00:00,2026-09-19 03:13:00,86.3,1009.2,67
9.0,13.2,27.2,818.4,237.6,37.0,4.6,2.2,0.5,446.1,139.4,12.1,5.7,32.9,26.9,24.42,False,4095,0.0,36.7,0.0,EXT-OPEN-METEO-KHI,KARACHI,OPENSOURCE_API_GRID,1335,,,,0.95,True,True,TIER2_OPENSOURCE_PURE;CONTINUOUS_MINUTE_STREAM;VERIFIED_MODEL_GRID,a46aea5f44966fdf54e041a4502fcf84c0fb2edcb4ab899d97684a04e862d34d,2026-09-18T22:14:00+00:00,2026-09-19 03:14:00,86.3,1009.2,67
9.0,13.2,27.3,818.4,237.6,37.0,4.6,2.2,0.5,446.1,139.3,12.0,5.7,32.9,26.9,24.42,False,4095,0.0,36.7,0.0,EXT-OPEN-METEO-KHI,KARACHI,OPENSOURCE_API_GRID,1336,,,,0.95,True,True,TIER2_OPENSOURCE_PURE;CONTINUOUS_MINUTE_STREAM;VERIFIED_MODEL_GRID,1013e0eacb25b17bb350083f6322668e39eacfc17a8cf1ced71b3e9600cee8df,2026-09-18T22:15:00+00:00,2026-09-19 03:15:00,86.3,1009.2,67
9.0,13.3,27.3,824.6,239.4,37.2,4.7,2.2,0.5,446.2,139.2,12.0,5.7,32.8,26.9,24.42,False,4095,0.0,36.7,0.0,EXT-OPEN-METEO-KHI,KARACHI,OPENSOURCE_API_GRID,1337,,,,0.95,True,True,TIER2_OPENSOURCE_PURE;CONTINUOUS_MINUTE_STREAM;VERIFIED_MODEL_GRID,efb5608d214a88e2f0c5130f97ca767bc2a4f1a703b2070784ed09a196dc556b,2026-09-18T22:16:00+00:00,2026-09-19 03:16:00,86.3,1009.2,67
9.0,13.3,27.4,824.6,239.4,37.2,4.7,2.2,0.5,446.2,139.1,12.0,5.7,32.8,26.9,24.42,False,4095,0.0,36.6,0.0,EXT-OPEN-METEO-KHI,KARACHI,OPENSOURCE_API_GRID,1338,,,,0.95,True,True,TIER2_OPENSOURCE_PURE;CONTINUOUS_MINUTE_STREAM;VERIFIED_MODEL_GRID,26f3161d3ccbe1575ef2abe88a57d6a2a8d45a44705ed42232288a0db5a595ae,2026-09-18T22:17:00+00:00,2026-09-19 03:17:00,86.3,1009.2,67
9.0,13.3,27.4,824.6,239.4,37.2,4.7,2.2,0.5,446.2,139.0,12.0,5.7,32.8,26.9,24.42,False,4095,0.0,36.6,0.0,EXT-OPEN-METEO-KHI,KARACHI,OPENSOURCE_API_GRID,1339,,,,0.95,True,True,TIER2_OPENSOURCE_PURE;CONTINUOUS_MINUTE_STREAM;VERIFIED_MODEL_GRID,5879b9df551fe6c1f60e81bbdd2028d1ebf13cac507105637eacf1dd9eb90003,2026-09-18T22:18:00+00:00,2026-09-19 03:18:00,86.3,1009.2,67
9.0,13.3,27.4,824.6,239.4,37.2,4.7,2.2,0.5,446.2,138.9,11.9,5.7,32.8,26.9,24.42,False,4095,0.0,36.5,0.0,EXT-OPEN-METEO-KHI,KARACHI,OPENSOURCE_API_GRID,1340,,,,0.95,True,True,TIER2_OPENSOURCE_PURE;CONTINUOUS_MINUTE_STREAM;VERIFIED_MODEL_GRID,6bf356c71f62883ee8fa89ccf6eeda2e400b6001f2a26d888609439896659a42,2026-09-18T22:19:00+00:00,2026-09-19 03:19:00,86.3,1009.2,67
9.0,13.3,27.4,824.6,239.4,37.2,4.7,2.2,0.5,446.2,138.8,11.9,5.7,32.8,26.9,24.42,False,4095,0.0,36.5,0.0,EXT-OPEN-METEO-KHI,KARACHI,OPENSOURCE_API_GRID,1341,,,,0.95,True,True,TIER2_OPENSOURCE_PURE;CONTINUOUS_MINUTE_STREAM;VERIFIED_MODEL_GRID,403b8f2d5a3884c6637c73d05a2a86b35ff0420d90eba82e858627e1ddbc98c7,2026-09-18T22:20:00+00:00,2026-09-19 03:20:00,86.3,1009.2,67
9.0,13.3,27.4,824.6,239.4,37.2,4.7,2.2,0.5,446.3,138.6,11.9,5.7,32.7,26.9,24.42,False,4095,0.0,36.5,0.0,EXT-OPEN-METEO-KHI,KARACHI,OPENSOURCE_API_GRID,1342,,,,0.95,True,True,TIER2_OPENSOURCE_PURE;CONTINUOUS_MINUTE_STREAM;VERIFIED_MODEL_GRID,6c4dbcd3d38d5aa71076d983ba6bf50e1b2c853415bf01e119e463f0a97a9562,2026-09-18T22:21:00+00:00,2026-09-19 03:21:00,86.3,1009.2,67
9.0,13.3,27.4,824.6,239.4,37.2,4.7,2.2,0.5,446.3,138.5,11.9,5.7,32.7,26.9,24.42,False,4095,0.0,36.4,0.0,EXT-OPEN-METEO-KHI,KARACHI,OPENSOURCE_API_GRID,1343,,,,0.95,True,True,TIER2_OPENSOURCE_PURE;CONTINUOUS_MINUTE_STREAM;VERIFIED_MODEL_GRID,18084b3303c9852931e6fe23c34684adc71dae091b3df6e40f9dea7870e139c2,2026-09-18T22:22:00+00:00,2026-09-19 03:22:00,86.3,1009.2,67
9.0,13.2,27.3,818.4,237.6,37.0,4.6,2.2,0.5,446.3,138.4,11.8,5.7,32.7,26.9,24.42,False,4095,0.0,36.4,0.0,EXT-OPEN-METEO-KHI,KARACHI,OPENSOURCE_API_GRID,1344,,,,0.95,True,True,TIER2_OPENSOURCE_PURE;CONTINUOUS_MINUTE_STREAM;VERIFIED_MODEL_GRID,3767a62847eeae43afd37b54d5346ae9d25c7c7020c1c7fbadf084bf1feeb1e7,2026-09-18T22:23:00+00:00,2026-09-19 03:23:00,86.3,1009.2,67
9.0,13.2,27.3,818.4,237.6,37.0,4.6,2.2,0.5,446.3,138.3,11.8,5.7,32.7,26.9,24.42,False,4095,0.0,36.3,0.0,EXT-OPEN-METEO-KHI,KARACHI,OPENSOURCE_API_GRID,1345,,,,0.95,True,True,TIER2_OPENSOURCE_PURE;CONTINUOUS_MINUTE_STREAM;VERIFIED_MODEL_GRID,52756e2c2b68b7bfd6e1d091463955e1c21565470af1e9ad35b212722aa19bab,2026-09-18T22:24:00+00:00,2026-09-19 03:24:00,86.3,1009.2,67
8.9,13.1,27.2,812.2,235.8,36.7,4.6,2.2,0.5,446.4,138.1,11.8,5.7,32.6,26.9,24.42,False,4095,0.0,36.3,0.0,EXT-OPEN-METEO-KHI,KARACHI,OPENSOURCE_API_GRID,1346,,,,0.95,True,True,TIER2_OPENSOURCE_PURE;CONTINUOUS_MINUTE_STREAM;VERIFIED_MODEL_GRID,24e16eaf2ccd87512d6c87e904f2aadeae48664317b7f1badc462e7b0d297d21,2026-09-18T22:25:00+00:00,2026-09-19 03:25:00,86.3,1009.2,67
8.9,13.1,27.2,812.2,235.8,36.7,4.6,2.2,0.5,446.4,138.0,11.8,5.7,32.6,26.9,24.42,False,4095,0.0,36.2,0.0,EXT-OPEN-METEO-KHI,KARACHI,OPENSOURCE_API_GRID,1347,,,,0.95,True,True,TIER2_OPENSOURCE_PURE;CONTINUOUS_MINUTE_STREAM;VERIFIED_MODEL_GRID,96866ab7e7a4f4e66a1b108165bb0719ab8f55cb8b606ffa5f5919a1b6d23747,2026-09-18T22:26:00+00:00,2026-09-19 03:26:00,86.3,1009.2,67
8.8,13.0,27.1,806.0,234.0,36.4,4.5,2.2,0.5,446.4,137.9,11.7,5.7,32.6,26.9,24.42,False,4095,0.0,36.2,0.0,EXT-OPEN-METEO-KHI,KARACHI,OPENSOURCE_API_GRID,1348,,,,0.95,True,True,TIER2_OPENSOURCE_PURE;CONTINUOUS_MINUTE_STREAM;VERIFIED_MODEL_GRID,dfd34374266a7f55e642ce6d621c54f99f69430e199f35243cab2ff7ef640a08,2026-09-18T22:27:00+00:00,2026-09-19 03:27:00,86.3,1009.2,67
8.8,13.0,27.0,806.0,234.0,36.4,4.5,2.2,0.5,446.4,137.8,11.7,5.7,32.6,26.9,24.42,False,4095,0.0,36.1,0.0,EXT-OPEN-METEO-KHI,KARACHI,OPENSOURCE_API_GRID,1349,,,,0.95,True,True,TIER2_OPENSOURCE_PURE;CONTINUOUS_MINUTE_STREAM;VERIFIED_MODEL_GRID,d898b6afdbf318db2f33bab003894a5af7fa8fac2ce85461de9b32d1f072f861,2026-09-18T22:28:00+00:00,2026-09-19 03:28:00,86.3,1009.2,67
8.8,12.9,26.9,799.8,232.2,36.1,4.5,2.2,0.5,446.5,137.6,11.7,5.7,32.5,26.8,24.32,False,4095,0.0,36.1,0.0,EXT-OPEN-METEO-KHI,KARACHI,OPENSOURCE_API_GRID,1350,,,,0.95,True,True,TIER2_OPENSOURCE_PURE;CONTINUOUS_MINUTE_STREAM;VERIFIED_MODEL_GRID,197e8ec9b21a8ec4769341bbaa37af9f92531f349ee651568f4425430533d021,2026-09-18T22:29:00+00:00,2026-09-19 03:29:00,86.3,1009.2,67
8.8,12.9,26.9,799.8,232.2,36.1,4.5,2.2,0.5,446.5,137.5,11.6,5.8,32.5,26.8,24.34,False,4095,0.0,36.0,0.0,EXT-OPEN-METEO-KHI,KARACHI,OPENSOURCE_API_GRID,1351,,,,0.95,True,True,TIER2_OPENSOURCE_PURE;CONTINUOUS_MINUTE_STREAM;VERIFIED_MODEL_GRID,e6f2e86493af6ccc7880bd5b9f0a65b03ee0284db6b4d14f409c56c9e9b9fdbb,2026-09-18T22:30:00+00:00,2026-09-19 03:30:00,86.4,1009.2,67
8.7,12.8,26.8,793.6,230.4,35.8,4.5,2.1,0.5,446.5,137.4,11.6,5.8,32.5,26.8,24.34,False,4095,0.0,35.9,0.0,EXT-OPEN-METEO-KHI,KARACHI,OPENSOURCE_API_GRID,1352,,,,0.95,True,True,TIER2_OPENSOURCE_PURE;CONTINUOUS_MINUTE_STREAM;VERIFIED_MODEL_GRID,9e5692c437c0f7e081dee07ca35a170f113c2e2b4cd773d21324f9813e450d20,2026-09-18T22:31:00+00:00,2026-09-19 03:31:00,86.4,1009.2,67
8.7,12.8,26.8,793.6,230.4,35.8,4.5,2.1,0.5,446.6,137.2,11.6,5.8,32.4,26.8,24.34,False,4095,0.0,35.9,0.0,EXT-OPEN-METEO-KHI,KARACHI,OPENSOURCE_API_GRID,1353,,,,0.95,True,True,TIER2_OPENSOURCE_PURE;CONTINUOUS_MINUTE_STREAM;VERIFIED_MODEL_GRID,d111e5fa0c7a8b5d4a29618e20a95ed6d10de1c99947343a72b0655a10ea97de,2026-09-18T22:32:00+00:00,2026-09-19 03:32:00,86.4,1009.2,67
8.7,12.8,26.7,793.6,230.4,35.8,4.5,2.1,0.5,446.6,137.1,11.6,5.8,32.4,26.8,24.34,False,4095,0.0,35.8,0.0,EXT-OPEN-METEO-KHI,KARACHI,OPENSOURCE_API_GRID,1354,,,,0.95,True,True,TIER2_OPENSOURCE_PURE;CONTINUOUS_MINUTE_STREAM;VERIFIED_MODEL_GRID,62f5dd2890614fde5da76694748a0bdaebe6eac771ff80822f045dc341cdd999,2026-09-18T22:33:00+00:00,2026-09-19 03:33:00,86.4,1009.2,67
8.7,12.8,26.7,793.6,230.4,35.8,4.5,2.1,0.5,446.6,137.0,11.5,5.8,32.4,26.8,24.36,False,4095,0.0,35.8,0.0,EXT-OPEN-METEO-KHI,KARACHI,OPENSOURCE_API_GRID,1355,,,,0.95,True,True,TIER2_OPENSOURCE_PURE;CONTINUOUS_MINUTE_STREAM;VERIFIED_MODEL_GRID,cee9f5f51509a92c2f84da48d8bb3b182242b5acde12ccbca18faa74e22b4b85,2026-09-18T22:34:00+00:00,2026-09-19 03:34:00,86.5,1009.2,67
8.7,12.8,26.7,793.6,230.4,35.8,4.5,2.1,0.5,446.6,136.9,11.5,5.8,32.4,26.8,24.36,False,4095,0.0,35.7,0.0,EXT-OPEN-METEO-KHI,KARACHI,OPENSOURCE_API_GRID,1356,,,,0.95,True,True,TIER2_OPENSOURCE_PURE;CONTINUOUS_MINUTE_STREAM;VERIFIED_MODEL_GRID,4135c48ad403491860641acdf20d66f5e2fcb7eabeb53e379725f492e3b7ba7c,2026-09-18T22:35:00+00:00,2026-09-19 03:35:00,86.5,1009.2,67
8.7,12.8,26.7,793.6,230.4,35.8,4.5,2.1,0.5,446.7,136.7,11.5,5.8,32.3,26.8,24.36,False,4095,0.0,35.7,0.0,EXT-OPEN-METEO-KHI,KARACHI,OPENSOURCE_API_GRID,1357,,,,0.95,True,True,TIER2_OPENSOURCE_PURE;CONTINUOUS_MINUTE_STREAM;VERIFIED_MODEL_GRID,6889d8943d3ba227b009b4eea22c61be57532035cc19f0a80078842651702143,2026-09-18T22:36:00+00:00,2026-09-19 03:36:00,86.5,1009.2,67
8.7,12.8,26.8,793.6,230.4,35.8,4.5,2.1,0.5,446.7,136.6,11.5,5.8,32.3,26.8,24.38,False,4095,0.0,35.6,0.0,EXT-OPEN-METEO-KHI,KARACHI,OPENSOURCE_API_GRID,1358,,,,0.95,True,True,TIER2_OPENSOURCE_PURE;CONTINUOUS_MINUTE_STREAM;VERIFIED_MODEL_GRID,a1ac30aa60ce5878d470b44ed1d92d32b8c36a3e4ad371a147a27bfc835e3325,2026-09-18T22:37:00+00:00,2026-09-19 03:37:00,86.6,1009.2,67
8.7,12.8,26.8,793.6,230.4,35.8,4.5,2.1,0.5,446.7,136.5,11.4,5.8,32.3,26.8,24.38,False,4095,0.0,35.6,0.0,EXT-OPEN-METEO-KHI,KARACHI,OPENSOURCE_API_GRID,1359,,,,0.95,True,True,TIER2_OPENSOURCE_PURE;CONTINUOUS_MINUTE_STREAM;VERIFIED_MODEL_GRID,cbecc9c11577fa5590f954413f17ce972dc5d4874f3d74b002d5f3136da345c8,2026-09-18T22:38:00+00:00,2026-09-19 03:38:00,86.6,1009.2,67
8.7,12.8,26.8,793.6,230.4,35.8,4.5,2.1,0.5,446.7,136.4,11.4,5.8,32.3,26.8,24.4,False,4095,0.0,35.5,0.0,EXT-OPEN-METEO-KHI,KARACHI,OPENSOURCE_API_GRID,1360,,,,0.95,True,True,TIER2_OPENSOURCE_PURE;CONTINUOUS_MINUTE_STREAM;VERIFIED_MODEL_GRID,22edcce4f7df010e69f3e22b72ee2d647847d30b3122940b412c89474e4eb38b,2026-09-18T22:39:00+00:00,2026-09-19 03:39:00,86.7,1009.2,67
8.7,12.8,26.9,793.6,230.4,35.8,4.5,2.2,0.5,446.8,136.2,11.4,5.8,32.2,26.8,24.4,False,4095,0.0,35.5,0.0,EXT-OPEN-METEO-KHI,KARACHI,OPENSOURCE_API_GRID,1361,,,,0.95,True,True,TIER2_OPENSOURCE_PURE;CONTINUOUS_MINUTE_STREAM;VERIFIED_MODEL_GRID,42937756878fc9e7bc5554475ed249633c7ac21a57390b24de409069b7e92198,2026-09-18T22:40:00+00:00,2026-09-19 03:40:00,86.7,1009.2,67
8.8,12.9,27.0,799.8,232.2,36.1,4.5,2.2,0.5,446.8,136.1,11.4,5.8,32.2,26.8,24.41,False,4095,0.0,35.5,0.0,EXT-OPEN-METEO-KHI,KARACHI,OPENSOURCE_API_GRID,1362,,,,0.95,True,True,TIER2_OPENSOURCE_PURE;CONTINUOUS_MINUTE_STREAM;VERIFIED_MODEL_GRID,f680e301ce3838ad47ba702f8e90935f752c57f18652c1c42f40c6fb367d94dd,2026-09-18T22:41:00+00:00,2026-09-19 03:41:00,86.8,1009.2,67
8.8,12.9,27.0,799.8,232.2,36.1,4.5,2.2,0.5,446.8,136.0,11.3,5.8,32.2,26.8,24.41,False,4095,0.0,35.4,0.0,EXT-OPEN-METEO-KHI,KARACHI,OPENSOURCE_API_GRID,1363,,,,0.95,True,True,TIER2_OPENSOURCE_PURE;CONTINUOUS_MINUTE_STREAM;VERIFIED_MODEL_GRID,d91fd7b0a04ddae4de9055aa5b659e8f7e7b5d834706ba104addc424a2d211a1,2026-09-18T22:42:00+00:00,2026-09-19 03:42:00,86.8,1009.2,67
8.8,12.9,27.1,799.8,232.2,36.1,4.5,2.2,0.5,446.8,135.9,11.3,5.8,32.2,26.8,24.43,False,4095,0.0,35.4,0.0,EXT-OPEN-METEO-KHI,KARACHI,OPENSOURCE_API_GRID,1364,,,,0.95,True,True,TIER2_OPENSOURCE_PURE;CONTINUOUS_MINUTE_STREAM;VERIFIED_MODEL_GRID,eb158c50e3aa24aa8efc6e35a4ca3788ea28191ec038b5832488638c66ee1033,2026-09-18T22:43:00+00:00,2026-09-19 03:43:00,86.9,1009.2,67
8.8,12.9,26.9,799.8,232.2,36.1,4.5,2.2,0.5,446.8,135.8,11.3,5.8,32.2,26.8,24.45,False,4095,0.0,35.3,0.0,EXT-OPEN-METEO-KHI,KARACHI,OPENSOURCE_API_GRID,1365,,,,0.95,True,True,TIER2_OPENSOURCE_PURE;CONTINUOUS_MINUTE_STREAM;VERIFIED_MODEL_GRID,ef46a41bbf43d37e4a71fd365aacd642fffdf7dbe705a173fa3960eb684d94fe,2026-09-18T22:44:00+00:00,2026-09-19 03:44:00,87.0,1009.2,67
8.8,12.9,27.0,799.8,232.2,36.1,4.5,2.2,0.5,446.9,135.7,11.3,5.8,32.1,26.8,24.45,False,4095,0.0,35.3,0.0,EXT-OPEN-METEO-KHI,KARACHI,OPENSOURCE_API_GRID,1366,,,,0.95,True,True,TIER2_OPENSOURCE_PURE;CONTINUOUS_MINUTE_STREAM;VERIFIED_MODEL_GRID,f38ba24311f7356e768ed98f4e55bedc7dbf4aafd6fb33e4e12b819c0b3006d8,2026-09-18T22:45:00+00:00,2026-09-19 03:45:00,87.0,1009.2,67
8.8,12.9,27.1,799.8,232.2,36.1,4.5,2.2,0.5,446.9,135.6,11.2,5.8,32.1,26.8,24.45,False,4095,0.0,35.3,0.0,EXT-OPEN-METEO-KHI,KARACHI,OPENSOURCE_API_GRID,1367,,,,0.95,True,True,TIER2_OPENSOURCE_PURE;CONTINUOUS_MINUTE_STREAM;VERIFIED_MODEL_GRID,0e9a9018cc310765ee514115c4f1b70f49452b91e5c4447a86e59aff67574195,2026-09-18T22:46:00+00:00,2026-09-19 03:46:00,87.0,1009.2,67
8.8,13.0,27.1,806.0,234.0,36.4,4.5,2.2,0.5,446.9,135.6,11.2,5.8,32.1,26.8,24.45,False,4095,0.0,35.2,0.0,EXT-OPEN-METEO-KHI,KARACHI,OPENSOURCE_API_GRID,1368,,,,0.95,True,True,TIER2_OPENSOURCE_PURE;CONTINUOUS_MINUTE_STREAM;VERIFIED_MODEL_GRID,db3392062b35a5a32d29cb1398ae6a62fd306b80dff0449d2beab34f1f1cee9f,2026-09-18T22:47:00+00:00,2026-09-19 03:47:00,87.0,1009.2,67
8.8,13.0,27.2,806.0,234.0,36.4,4.5,2.2,0.5,446.9,135.5,11.2,5.8,32.1,26.8,24.45,False,4095,0.0,35.2,0.0,EXT-OPEN-METEO-KHI,KARACHI,OPENSOURCE_API_GRID,1369,,,,0.95,True,True,TIER2_OPENSOURCE_PURE;CONTINUOUS_MINUTE_STREAM;VERIFIED_MODEL_GRID,1b941743866644e262944ce71e8a1df799118b884d67e05e3cf8d159d1a12d8d,2026-09-18T22:48:00+00:00,2026-09-19 03:48:00,87.0,1009.2,67
8.8,13.0,27.2,806.0,234.0,36.4,4.5,2.2,0.5,446.9,135.4,11.2,5.8,32.1,26.9,24.55,False,4095,0.0,35.2,0.0,EXT-OPEN-METEO-KHI,KARACHI,OPENSOURCE_API_GRID,1370,,,,0.95,True,True,TIER2_OPENSOURCE_PURE;CONTINUOUS_MINUTE_STREAM;VERIFIED_MODEL_GRID,be9691dab622b3c06f80e993dbc2f70e1341603eff05444d6d39ad938311b34b,2026-09-18T22:49:00+00:00,2026-09-19 03:49:00,87.0,1009.2,67
8.8,13.0,27.2,806.0,234.0,36.4,4.5,2.2,0.5,446.9,135.3,11.2,5.8,32.1,26.9,24.55,False,4095,0.0,35.1,0.0,EXT-OPEN-METEO-KHI,KARACHI,OPENSOURCE_API_GRID,1371,,,,0.95,True,True,TIER2_OPENSOURCE_PURE;CONTINUOUS_MINUTE_STREAM;VERIFIED_MODEL_GRID,23e9d1a179bb3f77ae35866b1f0c0374cd24ad59f603eb658c4cf0ea2ab2c140,2026-09-18T22:50:00+00:00,2026-09-19 03:50:00,87.0,1009.2,67
8.8,13.0,27.2,806.0,234.0,36.4,4.5,2.2,0.5,446.9,135.3,11.2,5.8,32.1,26.9,24.55,False,4095,0.0,35.1,0.0,EXT-OPEN-METEO-KHI,KARACHI,OPENSOURCE_API_GRID,1372,,,,0.95,True,True,TIER2_OPENSOURCE_PURE;CONTINUOUS_MINUTE_STREAM;VERIFIED_MODEL_GRID,e50f083d5d8d060635315dffdcd18239d0ce945c2a66054e14a3484279c65d32,2026-09-18T22:51:00+00:00,2026-09-19 03:51:00,87.0,1009.2,67
8.8,13.0,27.2,806.0,234.0,36.4,4.5,2.2,0.5,447.0,135.2,11.1,5.8,32.0,26.9,24.55,False,4095,0.0,35.1,0.0,EXT-OPEN-METEO-KHI,KARACHI,OPENSOURCE_API_GRID,1373,,,,0.95,True,True,TIER2_OPENSOURCE_PURE;CONTINUOUS_MINUTE_STREAM;VERIFIED_MODEL_GRID,8a5a9e6427e85a2f6c155cd8c63881a83a139a11704b91403d9694a2e3076d11,2026-09-18T22:52:00+00:00,2026-09-19 03:52:00,87.0,1009.2,67
8.8,13.0,27.2,806.0,234.0,36.4,4.5,2.2,0.5,447.0,135.2,11.1,5.8,32.0,26.9,24.55,False,4095,0.0,35.1,0.0,EXT-OPEN-METEO-KHI,KARACHI,OPENSOURCE_API_GRID,1374,,,,0.95,True,True,TIER2_OPENSOURCE_PURE;CONTINUOUS_MINUTE_STREAM;VERIFIED_MODEL_GRID,1828bd40244d8c6beb6dc1a2e1e18bc089b89b2ca2b6b78c1a43e85fc95f8453,2026-09-18T22:53:00+00:00,2026-09-19 03:53:00,87.0,1009.2,67
8.8,13.0,27.1,806.0,234.0,36.4,4.5,2.2,0.5,447.0,135.1,11.1,5.8,32.0,26.8,24.45,False,4095,0.0,35.0,0.0,EXT-OPEN-METEO-KHI,KARACHI,OPENSOURCE_API_GRID,1375,,,,0.95,True,True,TIER2_OPENSOURCE_PURE;CONTINUOUS_MINUTE_STREAM;VERIFIED_MODEL_GRID,3829f8cb2fadbdd93382d02b25cab4513acf109ac5b0d9983654294185d7d8c5,2026-09-18T22:54:00+00:00,2026-09-19 03:54:00,87.0,1009.2,67
8.8,12.9,27.1,799.8,232.2,36.1,4.5,2.2,0.5,447.0,135.1,11.1,5.8,32.0,26.8,24.43,False,4095,0.0,35.0,0.0,EXT-OPEN-METEO-KHI,KARACHI,OPENSOURCE_API_GRID,1376,,,,0.95,True,True,TIER2_OPENSOURCE_PURE;CONTINUOUS_MINUTE_STREAM;VERIFIED_MODEL_GRID,21e42d22bd0fdcde1178452883398a78de0e0e75f59f1dd7e3999987904f1245,2026-09-18T22:55:00+00:00,2026-09-19 03:55:00,86.9,1009.2,67
8.8,12.9,27.0,799.8,232.2,36.1,4.5,2.2,0.5,447.0,135.1,11.1,5.8,32.0,26.8,24.43,False,4095,0.0,35.0,0.0,EXT-OPEN-METEO-KHI,KARACHI,OPENSOURCE_API_GRID,1377,,,,0.95,True,True,TIER2_OPENSOURCE_PURE;CONTINUOUS_MINUTE_STREAM;VERIFIED_MODEL_GRID,07acc1158703c9f51b9908ad13a3f0b2c43c86f21c2fb319a9ca72b1f9fa2c3d,2026-09-18T22:56:00+00:00,2026-09-19 03:56:00,86.9,1009.2,67
8.8,12.9,27.0,799.8,232.2,36.1,4.5,2.2,0.5,447.0,135.0,11.1,5.8,32.0,26.8,24.43,False,4095,0.0,35.0,0.0,EXT-OPEN-METEO-KHI,KARACHI,OPENSOURCE_API_GRID,1378,,,,0.95,True,True,TIER2_OPENSOURCE_PURE;CONTINUOUS_MINUTE_STREAM;VERIFIED_MODEL_GRID,f3851dd258f25d4626224499e19c96714a5068ddf4f6b987fbc21e32435b437b,2026-09-18T22:57:00+00:00,2026-09-19 03:57:00,86.9,1009.2,67
8.7,12.8,26.9,793.6,230.4,35.8,4.5,2.2,0.5,447.0,135.0,11.1,5.8,32.0,26.8,24.43,False,4095,0.0,35.0,0.0,EXT-OPEN-METEO-KHI,KARACHI,OPENSOURCE_API_GRID,1379,,,,0.95,True,True,TIER2_OPENSOURCE_PURE;CONTINUOUS_MINUTE_STREAM;VERIFIED_MODEL_GRID,a3684ec171d4f1ec42fa32de4f22034b54f535cd46768cffead5afbaa259ac5a,2026-09-18T22:58:00+00:00,2026-09-19 03:58:00,86.9,1009.2,67
8.7,12.8,26.8,793.6,230.4,35.8,4.5,2.1,0.5,447.0,135.0,11.1,5.8,32.0,26.8,24.43,False,4095,0.0,35.0,0.0,EXT-OPEN-METEO-KHI,KARACHI,OPENSOURCE_API_GRID,1380,,,,0.95,True,True,TIER2_OPENSOURCE_PURE;CONTINUOUS_MINUTE_STREAM;VERIFIED_MODEL_GRID,ab7bd9fcb43731110776eaee2c28517b77208053b70a214326c24cdd99f98a0b,2026-09-18T22:59:00+00:00,2026-09-19 03:59:00,86.9,1009.2,67
8.6,12.7,26.8,787.4,228.6,35.6,4.4,2.1,0.5,447.0,135.0,11.1,5.8,32.0,26.8,24.43,False,4095,0.0,35.0,0.0,EXT-OPEN-METEO-KHI,KARACHI,OPENSOURCE_API_GRID,1381,,,,0.95,True,False,TIER2_OPENSOURCE_PURE;HOURLY_NODE;VERIFIED_MODEL_GRID,e5af7bf618f87d2d6e916317bdc30120621f83344583d997e8ca36ad10f110e0,2026-09-18T23:00:00+00:00,2026-09-19 04:00:00,86.9,1009.2,67
8.6,12.7,26.7,787.4,228.6,35.6,4.4,2.1,0.5,447.0,135.0,11.1,5.8,32.0,26.8,24.43,False,4095,0.0,35.0,0.0,EXT-OPEN-METEO-KHI,KARACHI,OPENSOURCE_API_GRID,1382,,,,0.95,True,True,TIER2_OPENSOURCE_PURE;CONTINUOUS_MINUTE_STREAM;VERIFIED_MODEL_GRID,53e5e8525e37004187dfc2d3bf08a766871849a46d6e36e9222ded91c7c35723,2026-09-18T23:01:00+00:00,2026-09-19 04:01:00,86.9,1009.2,67
8.6,12.7,26.7,787.4,228.6,35.6,4.4,2.1,0.5,447.0,135.0,11.1,5.8,32.0,26.8,24.43,False,4095,0.0,35.0,0.0,EXT-OPEN-METEO-KHI,KARACHI,OPENSOURCE_API_GRID,1383,,,,0.95,True,True,TIER2_OPENSOURCE_PURE;CONTINUOUS_MINUTE_STREAM;VERIFIED_MODEL_GRID,0fa3e675d04ca26a827231e450f848bf8324530584f8f07b96acc826844487cd,2026-09-18T23:02:00+00:00,2026-09-19 04:02:00,86.9,1009.2,67
8.6,12.6,26.7,781.2,226.8,35.3,4.4,2.1,0.5,447.0,135.1,11.1,5.8,32.0,26.8,24.43,False,4095,0.0,35.1,0.0,EXT-OPEN-METEO-KHI,KARACHI,OPENSOURCE_API_GRID,1384,,,,0.95,True,True,TIER2_OPENSOURCE_PURE;CONTINUOUS_MINUTE_STREAM;VERIFIED_MODEL_GRID,bd141e6c3d249d9cc1bac70fd49f06caa87e6908cf56203c33cbafe9d8304af7,2026-09-18T23:03:00+00:00,2026-09-19 04:03:00,86.9,1009.2,67
8.6,12.6,26.7,781.2,226.8,35.3,4.4,2.1,0.5,447.0,135.2,11.1,5.8,32.1,26.8,24.43,False,4095,0.0,35.1,0.0,EXT-OPEN-METEO-KHI,KARACHI,OPENSOURCE_API_GRID,1385,,,,0.95,True,True,TIER2_OPENSOURCE_PURE;CONTINUOUS_MINUTE_STREAM;VERIFIED_MODEL_GRID,87bfc78e9a7db8c8d2bbd991d24b6a3aa59098bbe76276de5aeed9ac806697d8,2026-09-18T23:04:00+00:00,2026-09-19 04:04:00,86.9,1009.2,67
8.6,12.6,26.8,781.2,226.8,35.3,4.4,2.1,0.5,447.0,135.2,11.0,5.8,32.1,26.8,24.43,False,4095,0.0,35.2,0.0,EXT-OPEN-METEO-KHI,KARACHI,OPENSOURCE_API_GRID,1386,,,,0.95,True,True,TIER2_OPENSOURCE_PURE;CONTINUOUS_MINUTE_STREAM;VERIFIED_MODEL_GRID,463cb9f1eb9dc9a49907513fc189d41e6ab73c7a088b2ebd271e8e66a00f00bb,2026-09-18T23:05:00+00:00,2026-09-19 04:05:00,86.9,1009.2,67
8.6,12.7,26.9,787.4,228.6,35.6,4.4,2.2,0.5,447.0,135.3,11.0,5.8,32.1,26.8,24.45,False,4095,0.0,35.3,0.0,EXT-OPEN-METEO-KHI,KARACHI,OPENSOURCE_API_GRID,1387,,,,0.95,True,True,TIER2_OPENSOURCE_PURE;CONTINUOUS_MINUTE_STREAM;VERIFIED_MODEL_GRID,4ec54b80b7aae5f6732946a6a644983ad7ed118a2463162dedc0a7b6542617aa,2026-09-18T23:06:00+00:00,2026-09-19 04:06:00,87.0,1009.1,67
8.6,12.7,27.0,787.4,228.6,35.6,4.4,2.2,0.5,447.0,135.5,11.0,5.8,32.2,26.8,24.45,False,4095,0.0,35.4,0.0,EXT-OPEN-METEO-KHI,KARACHI,OPENSOURCE_API_GRID,1388,,,,0.95,True,True,TIER2_OPENSOURCE_PURE;CONTINUOUS_MINUTE_STREAM;VERIFIED_MODEL_GRID,43bc54421443f6d521230c4b14bf371e9744e78ff2f7d77426247c424fa0ed6f,2026-09-18T23:07:00+00:00,2026-09-19 04:07:00,87.0,1009.1,67
8.6,12.7,27.2,787.4,228.6,35.6,4.4,2.2,0.5,447.0,135.6,11.0,5.8,32.2,26.8,24.47,False,4095,0.0,35.5,0.0,EXT-OPEN-METEO-KHI,KARACHI,OPENSOURCE_API_GRID,1389,,,,0.95,True,True,TIER2_OPENSOURCE_PURE;CONTINUOUS_MINUTE_STREAM;VERIFIED_MODEL_GRID,3b871b89580de2cef9dd63446db56fc8af2fd1497101388562fc36ab26bb1e75,2026-09-18T23:08:00+00:00,2026-09-19 04:08:00,87.1,1009.1,67
8.7,12.8,27.4,793.6,230.4,35.8,4.5,2.2,0.5,446.9,135.8,10.9,5.8,32.3,26.8,24.47,False,4095,0.0,35.6,0.0,EXT-OPEN-METEO-KHI,KARACHI,OPENSOURCE_API_GRID,1390,,,,0.95,True,True,TIER2_OPENSOURCE_PURE;CONTINUOUS_MINUTE_STREAM;VERIFIED_MODEL_GRID,f0687cb214d7bce92d60560dad920b6efe55e3ea130220dfad5e7789ccef6fdf,2026-09-18T23:09:00+00:00,2026-09-19 04:09:00,87.1,1009.0,67
8.7,12.8,27.6,793.6,230.4,35.8,4.5,2.2,0.6,446.9,135.9,10.9,5.8,32.3,26.8,24.49,False,4095,0.0,35.7,0.0,EXT-OPEN-METEO-KHI,KARACHI,OPENSOURCE_API_GRID,1391,,,,0.95,True,True,TIER2_OPENSOURCE_PURE;CONTINUOUS_MINUTE_STREAM;VERIFIED_MODEL_GRID,58e502bb10dfe0e515db35aecb25637a75a428c2ac7e63a3a004169096726cf0,2026-09-18T23:10:00+00:00,2026-09-19 04:10:00,87.2,1009.0,67
8.8,12.9,27.8,799.8,232.2,36.1,4.5,2.2,0.6,446.9,136.1,10.8,5.8,32.4,26.8,24.51,False,4095,0.0,35.9,0.0,EXT-OPEN-METEO-KHI,KARACHI,OPENSOURCE_API_GRID,1392,,,,0.95,True,True,TIER2_OPENSOURCE_PURE;CONTINUOUS_MINUTE_STREAM;VERIFIED_MODEL_GRID,c551af74a38a5fa905ff2ec12952cf7679ac5566313ac50e55775e1e1d280092,2026-09-18T23:11:00+00:00,2026-09-19 04:11:00,87.3,1008.9,67
8.8,13.0,28.0,806.0,234.0,36.4,4.5,2.2,0.6,446.9,136.3,10.8,5.8,32.5,26.8,24.53,False,4095,0.0,36.1,0.0,EXT-OPEN-METEO-KHI,KARACHI,OPENSOURCE_API_GRID,1393,,,,0.95,True,True,TIER2_OPENSOURCE_PURE;CONTINUOUS_MINUTE_STREAM;VERIFIED_MODEL_GRID,84aed5036b98445ac101c537cd138714b0b41318657945317df3b12b3100c49d,2026-09-18T23:12:00+00:00,2026-09-19 04:12:00,87.4,1008.9,67
8.9,13.1,28.3,812.2,235.8,36.7,4.6,2.3,0.6,446.9,136.6,10.7,5.8,32.6,26.8,24.55,False,4095,0.0,36.2,0.0,EXT-OPEN-METEO-KHI,KARACHI,OPENSOURCE_API_GRID,1394,,,,0.95,True,True,TIER2_OPENSOURCE_PURE;CONTINUOUS_MINUTE_STREAM;VERIFIED_MODEL_GRID,9103018bc23ffcfa97c13fedc59c8007b3a870d8d963730798edf41f61e1fab7,2026-09-18T23:13:00+00:00,2026-09-19 04:13:00,87.5,1008.8,67
8.9,13.1,28.6,812.2,235.8,36.7,4.6,2.3,0.6,446.9,136.8,10.7,5.7,32.6,26.8,24.57,False,4095,0.0,36.4,0.0,EXT-OPEN-METEO-KHI,KARACHI,OPENSOURCE_API_GRID,1395,,,,0.95,True,True,TIER2_OPENSOURCE_PURE;CONTINUOUS_MINUTE_STREAM;VERIFIED_MODEL_GRID,587e4dffd3b530e35f5bb3f3bc4e35ed51ec02890ff1fd9a982b642dcb24528d,2026-09-18T23:14:00+00:00,2026-09-19 04:14:00,87.6,1008.8,67
8.9,13.1,28.7,812.2,235.8,36.7,4.6,2.3,0.6,446.9,137.1,10.6,5.7,32.7,26.8,24.59,False,4095,0.0,36.6,0.0,EXT-OPEN-METEO-KHI,KARACHI,OPENSOURCE_API_GRID,1396,,,,0.95,True,True,TIER2_OPENSOURCE_PURE;CONTINUOUS_MINUTE_STREAM;VERIFIED_MODEL_GRID,510d8cf72e3762bfa186f74be69b67fd9b9d4ed11a2535227b7b498a5ddc7a04,2026-09-18T23:15:00+00:00,2026-09-19 04:15:00,87.7,1008.7,67
9.0,13.2,29.0,818.4,237.6,37.0,4.6,2.3,0.6,446.8,137.3,10.6,5.7,32.8,26.8,24.61,False,4095,0.0,36.8,0.0,EXT-OPEN-METEO-KHI,KARACHI,OPENSOURCE_API_GRID,1397,,,,0.95,True,True,TIER2_OPENSOURCE_PURE;CONTINUOUS_MINUTE_STREAM;VERIFIED_MODEL_GRID,d1ba46f87da8eefaf8c0db1ac062581763ab6e0fb72f80a8b19a3c785528fc71,2026-09-18T23:16:00+00:00,2026-09-19 04:16:00,87.8,1008.6,67
9.0,13.3,29.3,824.6,239.4,37.2,4.7,2.3,0.6,446.8,137.6,10.5,5.7,32.9,26.8,24.63,False,4095,0.0,37.0,0.0,EXT-OPEN-METEO-KHI,KARACHI,OPENSOURCE_API_GRID,1398,,,,0.95,True,True,TIER2_OPENSOURCE_PURE;CONTINUOUS_MINUTE_STREAM;VERIFIED_MODEL_GRID,48e56d1843a5bec0e222f0dda2ab118f377d3247094a59add0474e159d07e1d1,2026-09-18T23:17:00+00:00,2026-09-19 04:17:00,87.9,1008.6,67
9.1,13.4,29.6,830.8,241.2,37.5,4.7,2.4,0.6,446.8,137.9,10.4,5.7,33.0,26.8,24.64,False,4095,0.0,37.3,0.0,EXT-OPEN-METEO-KHI,KARACHI,OPENSOURCE_API_GRID,1399,,,,0.95,True,True,TIER2_OPENSOURCE_PURE;CONTINUOUS_MINUTE_STREAM;VERIFIED_MODEL_GRID,f9e772dfe35b50c8905dd3b539fe13924251a373ceeecd1153b4c7ee8a13e1fc,2026-09-18T23:18:00+00:00,2026-09-19 04:18:00,88.0,1008.5,67
9.1,13.4,29.9,830.8,241.2,37.5,4.7,2.4,0.6,446.8,138.2,10.4,5.7,33.1,26.9,24.74,False,4095,0.0,37.5,0.0,EXT-OPEN-METEO-KHI,KARACHI,OPENSOURCE_API_GRID,1400,,,,0.95,True,True,TIER2_OPENSOURCE_PURE;CONTINUOUS_MINUTE_STREAM;VERIFIED_MODEL_GRID,f814fce8f50fd9a8dcfb2495a001e3c854e609c583a8a70be9af73eee8aae23b,2026-09-18T23:19:00+00:00,2026-09-19 04:19:00,88.0,1008.4,67
9.2,13.5,30.2,837.0,243.0,37.8,4.7,2.4,0.6,446.8,138.5,10.3,5.7,33.2,26.9,24.76,False,4095,0.0,37.8,0.0,EXT-OPEN-METEO-KHI,KARACHI,OPENSOURCE_API_GRID,1401,,,,0.95,True,True,TIER2_OPENSOURCE_PURE;CONTINUOUS_MINUTE_STREAM;VERIFIED_MODEL_GRID,8a3a62104f4fdc687d065e5090d98b77324269f6ae98183670ff40a37f093833,2026-09-18T23:20:00+00:00,2026-09-19 04:20:00,88.1,1008.4,67
9.2,13.6,30.5,843.2,244.8,38.1,4.8,2.4,0.6,446.7,138.8,10.2,5.7,33.4,26.9,24.78,False,4095,0.0,38.0,0.0,EXT-OPEN-METEO-KHI,KARACHI,OPENSOURCE_API_GRID,1402,,,,0.95,True,True,TIER2_OPENSOURCE_PURE;CONTINUOUS_MINUTE_STREAM;VERIFIED_MODEL_GRID,5f9c4f78691c0d5f233a3638fd982b3290f4c4cc00ed46fc33a254c6fdc8cc1b,2026-09-18T23:21:00+00:00,2026-09-19 04:21:00,88.2,1008.3,67
9.2,13.6,30.8,843.2,244.8,38.1,4.8,2.5,0.6,446.7,139.2,10.2,5.7,33.5,26.9,24.78,False,4095,0.0,38.3,0.0,EXT-OPEN-METEO-KHI,KARACHI,OPENSOURCE_API_GRID,1403,,,,0.95,True,True,TIER2_OPENSOURCE_PURE;CONTINUOUS_MINUTE_STREAM;VERIFIED_MODEL_GRID,8dbd2d30222cab89974bd72b25421404033d8b81a42aec761bd6b829d06f827b,2026-09-18T23:22:00+00:00,2026-09-19 04:22:00,88.2,1008.2,67
9.3,13.7,31.1,849.4,246.6,38.4,4.8,2.5,0.6,446.7,139.5,10.1,5.7,33.6,26.9,24.8,False,4095,0.0,38.5,0.0,EXT-OPEN-METEO-KHI,KARACHI,OPENSOURCE_API_GRID,1404,,,,0.95,True,True,TIER2_OPENSOURCE_PURE;CONTINUOUS_MINUTE_STREAM;VERIFIED_MODEL_GRID,a51eeb0a04351ad207955fe7329def55d7711640f774b0a9df44f528e6bed1bf,2026-09-18T23:23:00+00:00,2026-09-19 04:23:00,88.3,1008.1,67
9.3,13.7,31.4,849.4,246.6,38.4,4.8,2.5,0.6,446.7,139.8,10.0,5.7,33.7,26.9,24.82,False,4095,0.0,38.8,0.0,EXT-OPEN-METEO-KHI,KARACHI,OPENSOURCE_API_GRID,1405,,,,0.95,True,True,TIER2_OPENSOURCE_PURE;CONTINUOUS_MINUTE_STREAM;VERIFIED_MODEL_GRID,c97b96c3d892d7ab4138a8f5594aed178d26fe43aac993eaec36d119098a177d,2026-09-18T23:24:00+00:00,2026-09-19 04:24:00,88.4,1008.0,67
9.3,13.7,31.7,849.4,246.6,38.4,4.8,2.5,0.6,446.6,140.2,9.9,5.7,33.9,26.9,24.84,False,4095,0.0,39.1,0.0,EXT-OPEN-METEO-KHI,KARACHI,OPENSOURCE_API_GRID,1406,,,,0.95,True,True,TIER2_OPENSOURCE_PURE;CONTINUOUS_MINUTE_STREAM;VERIFIED_MODEL_GRID,6dc44a50790becf2dfcf7d1d870af705f9eb6ce225ec1d4d125227d65a75e866,2026-09-18T23:25:00+00:00,2026-09-19 04:25:00,88.5,1008.0,67
9.4,13.8,31.9,855.6,248.4,38.6,4.8,2.6,0.6,446.6,140.5,9.8,5.6,34.0,26.9,24.84,False,4095,0.0,39.4,0.0,EXT-OPEN-METEO-KHI,KARACHI,OPENSOURCE_API_GRID,1407,,,,0.95,True,True,TIER2_OPENSOURCE_PURE;CONTINUOUS_MINUTE_STREAM;VERIFIED_MODEL_GRID,9da0142289689857d1e8102b98a5aac53b77564c1b02c2ad13b3b15fdbfd9c8f,2026-09-18T23:26:00+00:00,2026-09-19 04:26:00,88.5,1007.9,67
9.4,13.8,32.2,855.6,248.4,38.6,4.8,2.6,0.6,446.6,140.9,9.8,5.6,34.1,26.9,24.86,False,4095,0.0,39.6,0.0,EXT-OPEN-METEO-KHI,KARACHI,OPENSOURCE_API_GRID,1408,,,,0.95,True,True,TIER2_OPENSOURCE_PURE;CONTINUOUS_MINUTE_STREAM;VERIFIED_MODEL_GRID,cc8055dd1f0b56d2799d34c5d8f9fbb2e2792d89bc809be04ee12cb82450bfb0,2026-09-18T23:27:00+00:00,2026-09-19 04:27:00,88.6,1007.8,67
9.4,13.8,32.4,855.6,248.4,38.6,4.8,2.6,0.6,446.6,141.3,9.7,5.6,34.2,26.9,24.88,False,4095,0.0,39.9,0.0,EXT-OPEN-METEO-KHI,KARACHI,OPENSOURCE_API_GRID,1409,,,,0.95,True,True,TIER2_OPENSOURCE_PURE;CONTINUOUS_MINUTE_STREAM;VERIFIED_MODEL_GRID,aa47eacdf7289b45de7120d7edc18c6085afab00627414e42eca48c70a5151d6,2026-09-18T23:28:00+00:00,2026-09-19 04:28:00,88.7,1007.7,67
9.4,13.8,32.7,855.6,248.4,38.6,4.8,2.6,0.7,446.5,141.6,9.6,5.6,34.4,26.9,24.89,False,4095,0.0,40.2,0.0,EXT-OPEN-METEO-KHI,KARACHI,OPENSOURCE_API_GRID,1410,,,,0.95,True,True,TIER2_OPENSOURCE_PURE;CONTINUOUS_MINUTE_STREAM;VERIFIED_MODEL_GRID,4a8afd665c29ce19bee69e1c86006ce3f1dd43d85bc6ef01ce329de234788582,2026-09-18T23:29:00+00:00,2026-09-19 04:29:00,88.8,1007.6,67
9.4,13.8,32.9,855.6,248.4,38.6,4.8,2.6,0.7,446.5,142.0,9.5,5.6,34.5,26.9,24.91,False,4095,0.0,40.5,0.0,EXT-OPEN-METEO-KHI,KARACHI,OPENSOURCE_API_GRID,1411,,,,0.95,True,True,TIER2_OPENSOURCE_PURE;CONTINUOUS_MINUTE_STREAM;VERIFIED_MODEL_GRID,f75f1de5b11b24a35079d50c98de6e32751077bdfd5c0fedab553b91e32c9a8c,2026-09-18T23:30:00+00:00,2026-09-19 04:30:00,88.9,1007.5,67
9.4,13.8,33.2,855.6,248.4,38.6,4.8,2.7,0.7,446.5,142.4,9.4,5.6,34.6,26.8,24.83,False,4095,0.0,40.8,0.0,EXT-OPEN-METEO-KHI,KARACHI,OPENSOURCE_API_GRID,1412,,,,0.95,True,True,TIER2_OPENSOURCE_PURE;CONTINUOUS_MINUTE_STREAM;VERIFIED_MODEL_GRID,33c19884a5acf935e2425e8264e9cdbd511438561dc1b8fdea9d1b8f211daa22,2026-09-18T23:31:00+00:00,2026-09-19 04:31:00,89.0,1007.4,67
9.4,13.8,33.5,855.6,248.4,38.6,4.8,2.7,0.7,446.4,142.7,9.3,5.6,34.8,26.8,24.85,False,4095,0.0,41.1,0.0,EXT-OPEN-METEO-KHI,KARACHI,OPENSOURCE_API_GRID,1413,,,,0.95,True,True,TIER2_OPENSOURCE_PURE;CONTINUOUS_MINUTE_STREAM;VERIFIED_MODEL_GRID,abff974cc51c2c003697f684d3002aee52d3b0c8ba5c3ed3cdc5eb4cb212ec91,2026-09-18T23:32:00+00:00,2026-09-19 04:32:00,89.1,1007.3,67
9.5,13.9,33.7,861.8,250.2,38.9,4.9,2.7,0.7,446.4,143.1,9.2,5.6,34.9,26.8,24.87,False,4095,0.0,41.4,0.0,EXT-OPEN-METEO-KHI,KARACHI,OPENSOURCE_API_GRID,1414,,,,0.95,True,True,TIER2_OPENSOURCE_PURE;CONTINUOUS_MINUTE_STREAM;VERIFIED_MODEL_GRID,8e30045fc4c0a4ef4aa8846d683f7cc773b55d14766759963fda3df9e58121da,2026-09-18T23:33:00+00:00,2026-09-19 04:33:00,89.2,1007.2,67
9.5,13.9,34.0,861.8,250.2,38.9,4.9,2.7,0.7,446.4,143.5,9.2,5.6,35.0,26.8,24.89,False,4095,0.0,41.6,0.0,EXT-OPEN-METEO-KHI,KARACHI,OPENSOURCE_API_GRID,1415,,,,0.95,True,True,TIER2_OPENSOURCE_PURE;CONTINUOUS_MINUTE_STREAM;VERIFIED_MODEL_GRID,b288bffb952b2e551c9a187a11f124f791d9859fe592ed13ccf2a0d817abb49b,2026-09-18T23:34:00+00:00,2026-09-19 04:34:00,89.3,1007.2,67
9.5,13.9,34.3,861.8,250.2,38.9,4.9,2.7,0.7,446.4,143.8,9.1,5.5,35.1,26.8,24.91,False,4095,0.0,41.9,0.0,EXT-OPEN-METEO-KHI,KARACHI,OPENSOURCE_API_GRID,1416,,,,0.95,True,True,TIER2_OPENSOURCE_PURE;CONTINUOUS_MINUTE_STREAM;VERIFIED_MODEL_GRID,7a4e8acb4f20f96380af516200a29c36f2e8f5e7a5ea53be7e9ada54e3be073d,2026-09-18T23:35:00+00:00,2026-09-19 04:35:00,89.4,1007.1,67
9.5,14.0,34.6,868.0,252.0,39.2,4.9,2.8,0.7,446.3,144.2,9.0,5.5,35.3,26.8,24.93,False,4095,0.0,42.2,0.0,EXT-OPEN-METEO-KHI,KARACHI,OPENSOURCE_API_GRID,1417,,,,0.95,True,True,TIER2_OPENSOURCE_PURE;CONTINUOUS_MINUTE_STREAM;VERIFIED_MODEL_GRID,61c2ae497390cd1226b5d2aded3788177e8eaaa8620dcabaaced7d6bc882e8a9,2026-09-18T23:36:00+00:00,2026-09-19 04:36:00,89.5,1007.0,67
9.5,14.0,34.9,868.0,252.0,39.2,4.9,2.8,0.7,446.3,144.5,8.9,5.5,35.4,26.8,24.95,False,4095,0.0,42.5,0.0,EXT-OPEN-METEO-KHI,KARACHI,OPENSOURCE_API_GRID,1418,,,,0.95,True,True,TIER2_OPENSOURCE_PURE;CONTINUOUS_MINUTE_STREAM;VERIFIED_MODEL_GRID,7843d96b00c85019cf0ac54df9f048a0cb8d8c2633f5f3565dbbd2359a72cc86,2026-09-18T23:37:00+00:00,2026-09-19 04:37:00,89.6,1006.9,67
9.6,14.1,35.2,874.2,253.8,39.5,4.9,2.8,0.7,446.3,144.8,8.8,5.5,35.5,26.8,24.96,False,4095,0.0,42.7,0.0,EXT-OPEN-METEO-KHI,KARACHI,OPENSOURCE_API_GRID,1419,,,,0.95,True,True,TIER2_OPENSOURCE_PURE;CONTINUOUS_MINUTE_STREAM;VERIFIED_MODEL_GRID,25f9e0916f7a793ec442c285aad5f892eac1262d6381e0e89f61ed6529859ff8,2026-09-18T23:38:00+00:00,2026-09-19 04:38:00,89.7,1006.8,67
9.7,14.2,35.5,880.4,255.6,39.8,5.0,2.8,0.7,446.3,145.2,8.8,5.5,35.6,26.8,24.98,False,4095,0.0,43.0,0.0,EXT-OPEN-METEO-KHI,KARACHI,OPENSOURCE_API_GRID,1420,,,,0.95,True,True,TIER2_OPENSOURCE_PURE;CONTINUOUS_MINUTE_STREAM;VERIFIED_MODEL_GRID,93bbe47237ecee44ddfb5ac6f64b437890fede7aa489087f92c97abea2076200,2026-09-18T23:39:00+00:00,2026-09-19 04:39:00,89.8,1006.7,67
9.7,14.2,35.9,880.4,255.6,39.8,5.0,2.9,0.7,446.2,145.5,8.7,5.5,35.8,26.8,25.0,False,4095,0.0,43.2,0.0,EXT-OPEN-METEO-KHI,KARACHI,OPENSOURCE_API_GRID,1421,,,,0.95,True,True,TIER2_OPENSOURCE_PURE;CONTINUOUS_MINUTE_STREAM;VERIFIED_MODEL_GRID,d70c75dc1d74baaa71ae9a5f91b0363ff823bbf17ce52e3a702122e1b719d28d,2026-09-18T23:40:00+00:00,2026-09-19 04:40:00,89.9,1006.7,67
9.7,14.3,36.2,886.6,257.4,40.0,5.0,2.9,0.7,446.2,145.8,8.6,5.5,35.9,26.8,25.02,False,4095,0.0,43.5,0.0,EXT-OPEN-METEO-KHI,KARACHI,OPENSOURCE_API_GRID,1422,,,,0.95,True,True,TIER2_OPENSOURCE_PURE;CONTINUOUS_MINUTE_STREAM;VERIFIED_MODEL_GRID,c5a1fcb711279ae476d033370c58266c3295d4035bfd177209162347ea0e1483,2026-09-18T23:41:00+00:00,2026-09-19 04:41:00,90.0,1006.6,67
9.8,14.4,36.5,892.8,259.2,40.3,5.0,2.9,0.7,446.2,146.1,8.6,5.5,36.0,26.8,25.04,False,4095,0.0,43.7,0.0,EXT-OPEN-METEO-KHI,KARACHI,OPENSOURCE_API_GRID,1423,,,,0.95,True,True,TIER2_OPENSOURCE_PURE;CONTINUOUS_MINUTE_STREAM;VERIFIED_MODEL_GRID,a987d08e4e7226b5bb54af39c332eccdce96119b3d2dea9103bb8bebde7cfb87,2026-09-18T23:42:00+00:00,2026-09-19 04:42:00,90.1,1006.5,67
9.9,14.5,36.8,899.0,261.0,40.6,5.1,2.9,0.7,446.2,146.4,8.5,5.5,36.1,26.8,25.08,False,4095,0.0,44.0,0.0,EXT-OPEN-METEO-KHI,KARACHI,OPENSOURCE_API_GRID,1424,,,,0.95,True,True,TIER2_OPENSOURCE_PURE;CONTINUOUS_MINUTE_STREAM;VERIFIED_MODEL_GRID,6355e01c6858e78071e443197272c1bc72447a2f026d3fefadc59500962849fa,2026-09-18T23:43:00+00:00,2026-09-19 04:43:00,90.3,1006.4,67
9.9,14.6,37.1,905.2,262.8,40.9,5.1,3.0,0.7,446.2,146.7,8.4,5.5,36.2,26.9,25.19,False,4095,0.0,44.2,0.0,EXT-OPEN-METEO-KHI,KARACHI,OPENSOURCE_API_GRID,1425,,,,0.95,True,True,TIER2_OPENSOURCE_PURE;CONTINUOUS_MINUTE_STREAM;VERIFIED_MODEL_GRID,85d10cdbf7f7eb6c46a96e21e7a5827ab6213f33e4eeaf3175f599562a333424,2026-09-18T23:44:00+00:00,2026-09-19 04:44:00,90.4,1006.4,67
10.0,14.7,37.4,911.4,264.6,41.2,5.1,3.0,0.7,446.1,146.9,8.4,5.5,36.3,26.9,25.21,False,4095,0.0,44.4,0.0,EXT-OPEN-METEO-KHI,KARACHI,OPENSOURCE_API_GRID,1426,,,,0.95,True,True,TIER2_OPENSOURCE_PURE;CONTINUOUS_MINUTE_STREAM;VERIFIED_MODEL_GRID,dc562576a3a05fed3f539f1fec18d2e370cf7e51d86f4e4b67bc3248be069394,2026-09-18T23:45:00+00:00,2026-09-19 04:45:00,90.5,1006.3,67
9.9,14.6,37.5,905.2,262.8,40.9,5.1,3.0,0.8,446.1,147.2,8.3,5.5,36.4,26.9,25.23,False,4095,0.0,44.6,0.0,EXT-OPEN-METEO-KHI,KARACHI,OPENSOURCE_API_GRID,1427,,,,0.95,True,True,TIER2_OPENSOURCE_PURE;CONTINUOUS_MINUTE_STREAM;VERIFIED_MODEL_GRID,f3dec258d6d24afa67b2e2358ec632a2f2858ad27a489f2213e27feb6f4cdb9d,2026-09-18T23:46:00+00:00,2026-09-19 04:46:00,90.6,1006.2,67
10.0,14.7,37.8,911.4,264.6,41.2,5.1,3.0,0.8,446.1,147.4,8.3,5.4,36.4,26.9,25.25,False,4095,0.0,44.8,0.0,EXT-OPEN-METEO-KHI,KARACHI,OPENSOURCE_API_GRID,1428,,,,0.95,True,True,TIER2_OPENSOURCE_PURE;CONTINUOUS_MINUTE_STREAM;VERIFIED_MODEL_GRID,89403b867c864f54fdb9c42095433f5042c67e4b275bdc2b8d538a2f4405b2de,2026-09-18T23:47:00+00:00,2026-09-19 04:47:00,90.7,1006.2,67
10.1,14.8,38.1,917.6,266.4,41.4,5.2,3.0,0.8,446.1,147.7,8.2,5.4,36.5,26.9,25.27,False,4095,0.0,44.9,0.0,EXT-OPEN-METEO-KHI,KARACHI,OPENSOURCE_API_GRID,1429,,,,0.95,True,True,TIER2_OPENSOURCE_PURE;CONTINUOUS_MINUTE_STREAM;VERIFIED_MODEL_GRID,092417df0411406389414318dd5fd8b408ba969f509f46d193ce205136f801c6,2026-09-18T23:48:00+00:00,2026-09-19 04:48:00,90.8,1006.1,67
10.1,14.9,38.3,923.8,268.2,41.7,5.2,3.1,0.8,446.1,147.9,8.2,5.4,36.6,26.9,25.27,False,4095,0.0,45.1,0.0,EXT-OPEN-METEO-KHI,KARACHI,OPENSOURCE_API_GRID,1430,,,,0.95,True,True,TIER2_OPENSOURCE_PURE;CONTINUOUS_MINUTE_STREAM;VERIFIED_MODEL_GRID,445d4fd11976aa20dc13fd911c87be785bd9bc497eadcf901d88f20aea0cae50,2026-09-18T23:49:00+00:00,2026-09-19 04:49:00,90.8,1006.1,67
10.1,14.9,38.5,923.8,268.2,41.7,5.2,3.1,0.8,446.1,148.1,8.1,5.4,36.7,26.9,25.27,False,4095,0.0,45.3,0.0,EXT-OPEN-METEO-KHI,KARACHI,OPENSOURCE_API_GRID,1431,,,,0.95,True,True,TIER2_OPENSOURCE_PURE;CONTINUOUS_MINUTE_STREAM;VERIFIED_MODEL_GRID,b05df8411ace296f11b171518f289ab6b4bc2e7528a991abff678ecf8191c45f,2026-09-18T23:50:00+00:00,2026-09-19 04:50:00,90.8,1006.0,67
10.2,15.0,38.7,930.0,270.0,42.0,5.2,3.1,0.8,446.1,148.2,8.1,5.4,36.7,26.9,25.29,False,4095,0.0,45.4,0.0,EXT-OPEN-METEO-KHI,KARACHI,OPENSOURCE_API_GRID,1432,,,,0.95,True,True,TIER2_OPENSOURCE_PURE;CONTINUOUS_MINUTE_STREAM;VERIFIED_MODEL_GRID,78129b584700cddcb5f96007ff9d7a4ce4c629fddf250bd7868c627bd922497f,2026-09-18T23:51:00+00:00,2026-09-19 04:51:00,90.9,1006.0,67
10.2,15.0,38.9,930.0,270.0,42.0,5.2,3.1,0.8,446.0,148.4,8.0,5.4,36.8,26.9,25.29,False,4095,0.0,45.5,0.0,EXT-OPEN-METEO-KHI,KARACHI,OPENSOURCE_API_GRID,1433,,,,0.95,True,True,TIER2_OPENSOURCE_PURE;CONTINUOUS_MINUTE_STREAM;VERIFIED_MODEL_GRID,b8cd87bfd6ee7e86f73d30b8d78e804452b213a9d4c112b569a6f610ab9a93e9,2026-09-18T23:52:00+00:00,2026-09-19 04:52:00,90.9,1006.0,67
10.2,15.0,39.0,930.0,270.0,42.0,5.2,3.1,0.8,446.0,148.5,8.0,5.4,36.8,26.9,25.29,False,4095,0.0,45.6,0.0,EXT-OPEN-METEO-KHI,KARACHI,OPENSOURCE_API_GRID,1434,,,,0.95,True,True,TIER2_OPENSOURCE_PURE;CONTINUOUS_MINUTE_STREAM;VERIFIED_MODEL_GRID,7855d068d0c98b282d6492119b5ed1ea3adf31d74efa0066b68c6b3f085d1d5a,2026-09-18T23:53:00+00:00,2026-09-19 04:53:00,90.9,1005.9,67
10.2,15.0,39.1,930.0,270.0,42.0,5.2,3.1,0.8,446.0,148.7,8.0,5.4,36.9,26.9,25.29,False,4095,0.0,45.7,0.0,EXT-OPEN-METEO-KHI,KARACHI,OPENSOURCE_API_GRID,1435,,,,0.95,True,True,TIER2_OPENSOURCE_PURE;CONTINUOUS_MINUTE_STREAM;VERIFIED_MODEL_GRID,5025525963c12e6fb0e982adced91bef621acb5d1229a98d3657cdb43b9ea3bf,2026-09-18T23:54:00+00:00,2026-09-19 04:54:00,90.9,1005.9,67
10.2,15.0,39.2,930.0,270.0,42.0,5.2,3.1,0.8,446.0,148.8,8.0,5.4,36.9,26.9,25.29,False,4095,0.0,45.8,0.0,EXT-OPEN-METEO-KHI,KARACHI,OPENSOURCE_API_GRID,1436,,,,0.95,True,True,TIER2_OPENSOURCE_PURE;CONTINUOUS_MINUTE_STREAM;VERIFIED_MODEL_GRID,73dd6886ec0795e69b777fb4a1af8bd838d6f7f24299dec1308ce584b068d4b1,2026-09-18T23:55:00+00:00,2026-09-19 04:55:00,90.9,1005.9,67
10.2,15.0,39.2,930.0,270.0,42.0,5.2,3.1,0.8,446.0,148.8,7.9,5.4,36.9,26.9,25.29,False,4095,0.0,45.9,0.0,EXT-OPEN-METEO-KHI,KARACHI,OPENSOURCE_API_GRID,1437,,,,0.95,True,True,TIER2_OPENSOURCE_PURE;CONTINUOUS_MINUTE_STREAM;VERIFIED_MODEL_GRID,51a1abca41fa3d54e081c14ec5159b25867f3039786b8a435f2e8d3583b58ce5,2026-09-18T23:56:00+00:00,2026-09-19 04:56:00,90.9,1005.9,67
10.2,15.0,39.2,930.0,270.0,42.0,5.2,3.1,0.8,446.0,148.9,7.9,5.4,37.0,26.9,25.29,False,4095,0.0,45.9,0.0,EXT-OPEN-METEO-KHI,KARACHI,OPENSOURCE_API_GRID,1438,,,,0.95,True,True,TIER2_OPENSOURCE_PURE;CONTINUOUS_MINUTE_STREAM;VERIFIED_MODEL_GRID,df173d305469d56bdcfe460a420b2d9e3548a3aee3185a8f9eee4766424eff6d,2026-09-18T23:57:00+00:00,2026-09-19 04:57:00,90.9,1005.8,67
10.2,15.0,39.2,930.0,270.0,42.0,5.2,3.1,0.8,446.0,149.0,7.9,5.4,37.0,26.9,25.29,False,4095,0.0,46.0,0.0,EXT-OPEN-METEO-KHI,KARACHI,OPENSOURCE_API_GRID,1439,,,,0.95,True,True,TIER2_OPENSOURCE_PURE;CONTINUOUS_MINUTE_STREAM;VERIFIED_MODEL_GRID,f1197f44238970ae9f25f641d36409defff339d8148f72eec90a71ab3baffb7b,2026-09-18T23:58:00+00:00,2026-09-19 04:58:00,90.9,1005.8,67
10.1,14.9,39.2,923.8,268.2,41.7,5.2,3.1,0.8,446.0,149.0,7.9,5.4,37.0,26.9,25.29,False,4095,0.0,46.0,0.0,EXT-OPEN-METEO-KHI,KARACHI,OPENSOURCE_API_GRID,1440,,,,0.95,True,True,TIER2_OPENSOURCE_PURE;CONTINUOUS_MINUTE_STREAM;VERIFIED_MODEL_GRID,3b0e06f7fc8182b7aa3792d1d01bb78f6e50071b45084c9c2044ef135f0f2a1d,2026-09-18T23:59:00+00:00,2026-09-19 04:59:00,90.9,1005.8,67
