pm1_raw,pm2_5_raw,pm10_raw,particle_bin_0_3um,particle_bin_0_5um,particle_bin_1_0um,particle_bin_2_5um,particle_bin_5_0um,particle_bin_10_0um,co2_ppm,co_ug_m3,no2_ug_m3,so2_ug_m3,o3_ug_m3,temperature_c,dew_point_c,rain_flag,precipitation_analog_val,precipitation_mm,cloud_cover_pct,solar_radiation_w_m2,station_id,campus_id,device_uid,sequence_number,battery_voltage_v,wifi_rssi_dbm,free_heap_bytes,quality_score,is_valid,is_interpolated,qc_flags,content_hash,observed_at_utc,observed_at_pk,humidity_pct,pressure_hpa,aqi
9.7,14.3,31.9,886.6,257.4,40.0,5.0,2.6,0.6,447.0,156.0,10.1,6.2,34.0,26.9,24.4,False,4095,0.0,16.0,0.0,EXT-OPEN-METEO-KHI,KARACHI,OPENSOURCE_API_GRID,1,,,,0.95,True,False,TIER2_OPENSOURCE_PURE;HOURLY_NODE;VERIFIED_MODEL_GRID,6cf5464ef12d178a4c28fd15b84155f77f146986ff1389a8c8bc5301e1658914,2026-09-19T00:00:00+00:00,2026-09-19 05:00:00,86.2,1008.9,68
9.7,14.3,32.0,886.6,257.4,40.0,5.0,2.6,0.6,447.0,156.1,10.1,6.2,34.0,26.9,24.38,False,4095,0.0,16.0,0.0,EXT-OPEN-METEO-KHI,KARACHI,OPENSOURCE_API_GRID,2,,,,0.95,True,True,TIER2_OPENSOURCE_PURE;CONTINUOUS_MINUTE_STREAM;VERIFIED_MODEL_GRID,14b792ec924309ee1f29410d8e7d933375d493fd9105a9ca3e79bda14af1e234,2026-09-19T00:01:00+00:00,2026-09-19 05:01:00,86.1,1008.9,68
9.8,14.4,32.0,892.8,259.2,40.3,5.0,2.6,0.6,447.0,156.2,10.1,6.2,34.0,26.9,24.38,False,4095,0.0,16.0,0.0,EXT-OPEN-METEO-KHI,KARACHI,OPENSOURCE_API_GRID,3,,,,0.95,True,True,TIER2_OPENSOURCE_PURE;CONTINUOUS_MINUTE_STREAM;VERIFIED_MODEL_GRID,bce7090bd3414def9e7adf039e19be11578b49e95b546659a358e9a057733635,2026-09-19T00:02:00+00:00,2026-09-19 05:02:00,86.1,1008.9,68
9.8,14.4,32.1,892.8,259.2,40.3,5.0,2.6,0.6,447.0,156.5,10.1,6.2,34.0,26.9,24.38,False,4095,0.0,16.1,0.0,EXT-OPEN-METEO-KHI,KARACHI,OPENSOURCE_API_GRID,4,,,,0.95,True,True,TIER2_OPENSOURCE_PURE;CONTINUOUS_MINUTE_STREAM;VERIFIED_MODEL_GRID,2ce01124b41c23b647b46bc5890255f5088a89c4f4746de59556f7c61e9ba380,2026-09-19T00:03:00+00:00,2026-09-19 05:03:00,86.1,1008.9,68
9.9,14.5,32.1,899.0,261.0,40.6,5.1,2.6,0.6,447.0,156.8,10.1,6.2,34.0,26.9,24.38,False,4095,0.0,16.2,0.0,EXT-OPEN-METEO-KHI,KARACHI,OPENSOURCE_API_GRID,5,,,,0.95,True,True,TIER2_OPENSOURCE_PURE;CONTINUOUS_MINUTE_STREAM;VERIFIED_MODEL_GRID,66f2a36a06861e2775f8164419659477ad4ba26bb28cef23310e41989d679c60,2026-09-19T00:04:00+00:00,2026-09-19 05:04:00,86.1,1008.9,68
9.9,14.5,32.2,899.0,261.0,40.6,5.1,2.6,0.6,447.0,157.3,10.1,6.2,34.0,26.9,24.38,False,4095,0.0,16.2,0.0,EXT-OPEN-METEO-KHI,KARACHI,OPENSOURCE_API_GRID,6,,,,0.95,True,True,TIER2_OPENSOURCE_PURE;CONTINUOUS_MINUTE_STREAM;VERIFIED_MODEL_GRID,838a19007ba6945f001a21a3a4920080183d649088683d555c12c9232036e079,2026-09-19T00:05:00+00:00,2026-09-19 05:05:00,86.1,1008.9,68
9.9,14.5,32.2,899.0,261.0,40.6,5.1,2.6,0.6,447.0,157.9,10.1,6.2,34.0,26.9,24.38,False,4095,0.0,16.3,0.0,EXT-OPEN-METEO-KHI,KARACHI,OPENSOURCE_API_GRID,7,,,,0.95,True,True,TIER2_OPENSOURCE_PURE;CONTINUOUS_MINUTE_STREAM;VERIFIED_MODEL_GRID,82398f4f1c46c21ba05875b5ddba425534f7eb5e6471803430e00f14c0ae9f74,2026-09-19T00:06:00+00:00,2026-09-19 05:06:00,86.1,1008.9,68
9.9,14.5,32.2,899.0,261.0,40.6,5.1,2.6,0.6,447.0,158.6,10.1,6.2,34.0,26.9,24.38,False,4095,0.0,16.5,0.0,EXT-OPEN-METEO-KHI,KARACHI,OPENSOURCE_API_GRID,8,,,,0.95,True,True,TIER2_OPENSOURCE_PURE;CONTINUOUS_MINUTE_STREAM;VERIFIED_MODEL_GRID,ddf6f51c408db680350ff9268dfd399ed4314b3e4cd0574f34e96081b9c353b3,2026-09-19T00:07:00+00:00,2026-09-19 05:07:00,86.1,1008.9,68
9.9,14.5,32.2,899.0,261.0,40.6,5.1,2.6,0.6,447.0,159.3,10.2,6.2,34.0,26.9,24.38,False,4095,0.0,16.6,0.0,EXT-OPEN-METEO-KHI,KARACHI,OPENSOURCE_API_GRID,9,,,,0.95,True,True,TIER2_OPENSOURCE_PURE;CONTINUOUS_MINUTE_STREAM;VERIFIED_MODEL_GRID,d1ea2c520c776383f72d4e83c10456bb9c7b5d18b28db5aca4a78f427c905dcb,2026-09-19T00:08:00+00:00,2026-09-19 05:08:00,86.1,1008.9,68
9.9,14.5,32.2,899.0,261.0,40.6,5.1,2.6,0.6,447.0,160.2,10.2,6.2,33.9,26.9,24.38,False,4095,0.0,16.8,0.0,EXT-OPEN-METEO-KHI,KARACHI,OPENSOURCE_API_GRID,10,,,,0.95,True,True,TIER2_OPENSOURCE_PURE;CONTINUOUS_MINUTE_STREAM;VERIFIED_MODEL_GRID,a8b4c0da55c9aba05208b98611446625dea0bebb869ba668ae5c52cc7898b8f0,2026-09-19T00:09:00+00:00,2026-09-19 05:09:00,86.1,1008.9,68
9.9,14.5,32.2,899.0,261.0,40.6,5.1,2.6,0.6,447.0,161.2,10.2,6.2,33.9,26.9,24.38,False,4095,0.0,16.9,0.0,EXT-OPEN-METEO-KHI,KARACHI,OPENSOURCE_API_GRID,11,,,,0.95,True,True,TIER2_OPENSOURCE_PURE;CONTINUOUS_MINUTE_STREAM;VERIFIED_MODEL_GRID,accd46e1e8b09fe93c7f7716283ec5290ce4285b7cfcd2faddd0065e450e198a,2026-09-19T00:10:00+00:00,2026-09-19 05:10:00,86.1,1008.9,68
9.9,14.5,32.1,899.0,261.0,40.6,5.1,2.6,0.6,447.0,162.2,10.2,6.3,33.9,26.9,24.38,False,4095,0.0,17.1,0.0,EXT-OPEN-METEO-KHI,KARACHI,OPENSOURCE_API_GRID,12,,,,0.95,True,True,TIER2_OPENSOURCE_PURE;CONTINUOUS_MINUTE_STREAM;VERIFIED_MODEL_GRID,b38f050001d91aff4d9857c8526a1fe40879d14fbb3811dd45e4e586aabea7b6,2026-09-19T00:11:00+00:00,2026-09-19 05:11:00,86.1,1008.9,68
9.8,14.4,32.1,892.8,259.2,40.3,5.0,2.6,0.6,447.0,163.4,10.2,6.3,33.9,26.9,24.38,False,4095,0.0,17.3,0.0,EXT-OPEN-METEO-KHI,KARACHI,OPENSOURCE_API_GRID,13,,,,0.95,True,True,TIER2_OPENSOURCE_PURE;CONTINUOUS_MINUTE_STREAM;VERIFIED_MODEL_GRID,3e93f449a65c624dc7da00a04eefea7078016e76b6728ffeb77ba6aedfe6b072,2026-09-19T00:12:00+00:00,2026-09-19 05:12:00,86.1,1008.9,68
9.8,14.4,32.1,892.8,259.2,40.3,5.0,2.6,0.6,447.0,164.6,10.3,6.3,33.9,26.9,24.38,False,4095,0.0,17.6,0.0,EXT-OPEN-METEO-KHI,KARACHI,OPENSOURCE_API_GRID,14,,,,0.95,True,True,TIER2_OPENSOURCE_PURE;CONTINUOUS_MINUTE_STREAM;VERIFIED_MODEL_GRID,0510a1e50b4c181ef6f1ae3ce8f9f52bac37f5b5fb6068d4326971f656dbf09d,2026-09-19T00:13:00+00:00,2026-09-19 05:13:00,86.1,1009.0,68
9.8,14.4,32.0,892.8,259.2,40.3,5.0,2.6,0.6,447.0,165.9,10.3,6.3,33.9,26.9,24.4,False,4095,0.0,17.8,0.0,EXT-OPEN-METEO-KHI,KARACHI,OPENSOURCE_API_GRID,15,,,,0.95,True,True,TIER2_OPENSOURCE_PURE;CONTINUOUS_MINUTE_STREAM;VERIFIED_MODEL_GRID,0027cbe46f611fa6cd3cc47d7ea2286aaf5b80efabcb7f9cd255e992deee5729,2026-09-19T00:14:00+00:00,2026-09-19 05:14:00,86.2,1009.0,68
9.7,14.3,31.9,886.6,257.4,40.0,5.0,2.6,0.6,447.0,167.3,10.3,6.3,33.9,26.9,24.4,False,4095,0.0,18.1,0.0,EXT-OPEN-METEO-KHI,KARACHI,OPENSOURCE_API_GRID,16,,,,0.95,True,True,TIER2_OPENSOURCE_PURE;CONTINUOUS_MINUTE_STREAM;VERIFIED_MODEL_GRID,f670912f4b94c9f08131aebf8feb9a984c0ab874caf2fea1e03a454e7c59915a,2026-09-19T00:15:00+00:00,2026-09-19 05:15:00,86.2,1009.0,68
9.7,14.3,31.9,886.6,257.4,40.0,5.0,2.6,0.6,447.0,168.7,10.3,6.3,33.8,26.9,24.4,False,4095,0.0,18.3,0.0,EXT-OPEN-METEO-KHI,KARACHI,OPENSOURCE_API_GRID,17,,,,0.95,True,True,TIER2_OPENSOURCE_PURE;CONTINUOUS_MINUTE_STREAM;VERIFIED_MODEL_GRID,5d6ca2d5e7f8760405192f2bb20895c77b209173c412387280de4750ff98d50d,2026-09-19T00:16:00+00:00,2026-09-19 05:16:00,86.2,1009.0,68
9.7,14.3,31.9,886.6,257.4,40.0,5.0,2.6,0.6,447.0,170.3,10.4,6.3,33.8,26.9,24.4,False,4095,0.0,18.6,0.0,EXT-OPEN-METEO-KHI,KARACHI,OPENSOURCE_API_GRID,18,,,,0.95,True,True,TIER2_OPENSOURCE_PURE;CONTINUOUS_MINUTE_STREAM;VERIFIED_MODEL_GRID,785704a45191016faca437bf594743825a978b7b67346db5813421a3d7264673,2026-09-19T00:17:00+00:00,2026-09-19 05:17:00,86.2,1009.0,68
9.7,14.2,31.8,880.4,255.6,39.8,5.0,2.5,0.6,447.0,171.9,10.4,6.3,33.8,26.8,24.32,False,4095,0.0,18.9,0.0,EXT-OPEN-METEO-KHI,KARACHI,OPENSOURCE_API_GRID,19,,,,0.95,True,True,TIER2_OPENSOURCE_PURE;CONTINUOUS_MINUTE_STREAM;VERIFIED_MODEL_GRID,f66e1e532e1c30fe15848d767be98efe53ac5dee4aae89d4ceb35a24717dbc87,2026-09-19T00:18:00+00:00,2026-09-19 05:18:00,86.3,1009.0,68
9.7,14.2,31.8,880.4,255.6,39.8,5.0,2.5,0.6,447.0,173.5,10.4,6.4,33.8,26.8,24.32,False,4095,0.0,19.2,0.0,EXT-OPEN-METEO-KHI,KARACHI,OPENSOURCE_API_GRID,20,,,,0.95,True,True,TIER2_OPENSOURCE_PURE;CONTINUOUS_MINUTE_STREAM;VERIFIED_MODEL_GRID,74b47cb1380c4912157a27567530f100bdb1503aafb0474734fc8b1741471da4,2026-09-19T00:19:00+00:00,2026-09-19 05:19:00,86.3,1009.0,68
9.7,14.2,31.8,880.4,255.6,39.8,5.0,2.5,0.6,447.0,175.2,10.5,6.4,33.8,26.8,24.34,False,4095,0.0,19.5,0.0,EXT-OPEN-METEO-KHI,KARACHI,OPENSOURCE_API_GRID,21,,,,0.95,True,True,TIER2_OPENSOURCE_PURE;CONTINUOUS_MINUTE_STREAM;VERIFIED_MODEL_GRID,a9bcdfa40f51da78c4f6f100188a9e342b528bb144f87adc4c62b20abe379fa1,2026-09-19T00:20:00+00:00,2026-09-19 05:20:00,86.4,1009.0,68
9.7,14.2,31.8,880.4,255.6,39.8,5.0,2.5,0.6,447.0,177.0,10.5,6.4,33.7,26.8,24.34,False,4095,0.0,19.8,0.0,EXT-OPEN-METEO-KHI,KARACHI,OPENSOURCE_API_GRID,22,,,,0.95,True,True,TIER2_OPENSOURCE_PURE;CONTINUOUS_MINUTE_STREAM;VERIFIED_MODEL_GRID,6c608de7c27af62c874f147428dd9d12010e3266988c78988bc4f228aea79727,2026-09-19T00:21:00+00:00,2026-09-19 05:21:00,86.4,1009.0,68
9.7,14.2,31.8,880.4,255.6,39.8,5.0,2.5,0.6,447.0,178.8,10.5,6.4,33.7,26.8,24.36,False,4095,0.0,20.2,0.0,EXT-OPEN-METEO-KHI,KARACHI,OPENSOURCE_API_GRID,23,,,,0.95,True,True,TIER2_OPENSOURCE_PURE;CONTINUOUS_MINUTE_STREAM;VERIFIED_MODEL_GRID,28645dae9f5be9c6b99f44f2eb1dbfc549809e11af7bc47c3945acf4fe88f899,2026-09-19T00:22:00+00:00,2026-09-19 05:22:00,86.5,1009.0,68
9.7,14.2,31.8,880.4,255.6,39.8,5.0,2.5,0.6,447.0,180.7,10.6,6.4,33.7,26.8,24.36,False,4095,0.0,20.5,0.0,EXT-OPEN-METEO-KHI,KARACHI,OPENSOURCE_API_GRID,24,,,,0.95,True,True,TIER2_OPENSOURCE_PURE;CONTINUOUS_MINUTE_STREAM;VERIFIED_MODEL_GRID,feabba9d31d3269edc8ad25fc654e1e2472737cc8e2c8b59e49b49e82a8026e6,2026-09-19T00:23:00+00:00,2026-09-19 05:23:00,86.5,1009.0,68
9.7,14.3,31.9,886.6,257.4,40.0,5.0,2.6,0.6,447.0,182.6,10.6,6.4,33.7,26.8,24.38,False,4095,0.0,20.8,0.0,EXT-OPEN-METEO-KHI,KARACHI,OPENSOURCE_API_GRID,25,,,,0.95,True,True,TIER2_OPENSOURCE_PURE;CONTINUOUS_MINUTE_STREAM;VERIFIED_MODEL_GRID,49321ac3f2dff85e96522700c6ebad51d823665f4301fa0ca089857e225f1c0b,2026-09-19T00:24:00+00:00,2026-09-19 05:24:00,86.6,1009.0,68
9.7,14.3,32.0,886.6,257.4,40.0,5.0,2.6,0.6,447.0,184.5,10.7,6.5,33.6,26.8,24.4,False,4095,0.0,21.2,0.0,EXT-OPEN-METEO-KHI,KARACHI,OPENSOURCE_API_GRID,26,,,,0.95,True,True,TIER2_OPENSOURCE_PURE;CONTINUOUS_MINUTE_STREAM;VERIFIED_MODEL_GRID,a77651671026cc603bdfbe791a74fc0870335233f46f3b27ac9fae9ce024920b,2026-09-19T00:25:00+00:00,2026-09-19 05:25:00,86.7,1009.0,68
9.8,14.4,32.0,892.8,259.2,40.3,5.0,2.6,0.6,447.0,186.5,10.7,6.5,33.6,26.8,24.4,False,4095,0.0,21.5,0.0,EXT-OPEN-METEO-KHI,KARACHI,OPENSOURCE_API_GRID,27,,,,0.95,True,True,TIER2_OPENSOURCE_PURE;CONTINUOUS_MINUTE_STREAM;VERIFIED_MODEL_GRID,fe00ee4a7371b8f5eded7b4669fcec7075a67aa450cb7955f82650f6b833a7e7,2026-09-19T00:26:00+00:00,2026-09-19 05:26:00,86.7,1009.0,68
9.8,14.4,32.1,892.8,259.2,40.3,5.0,2.6,0.6,447.0,188.5,10.7,6.5,33.6,26.8,24.41,False,4095,0.0,21.9,0.0,EXT-OPEN-METEO-KHI,KARACHI,OPENSOURCE_API_GRID,28,,,,0.95,True,True,TIER2_OPENSOURCE_PURE;CONTINUOUS_MINUTE_STREAM;VERIFIED_MODEL_GRID,d0f3df306d67043b03fc79288f3a03995fa7ad3fe93dce8d65114e1eeba5d0d8,2026-09-19T00:27:00+00:00,2026-09-19 05:27:00,86.8,1009.0,68
9.9,14.5,32.2,899.0,261.0,40.6,5.1,2.6,0.6,447.0,190.5,10.8,6.5,33.6,26.8,24.43,False,4095,0.0,22.3,0.0,EXT-OPEN-METEO-KHI,KARACHI,OPENSOURCE_API_GRID,29,,,,0.95,True,True,TIER2_OPENSOURCE_PURE;CONTINUOUS_MINUTE_STREAM;VERIFIED_MODEL_GRID,4043057a5a288c5134f39367cae1ae26120c031d45fb72799f5837fe895a130b,2026-09-19T00:28:00+00:00,2026-09-19 05:28:00,86.9,1009.0,68
9.9,14.5,32.3,899.0,261.0,40.6,5.1,2.6,0.6,447.0,192.5,10.8,6.5,33.5,26.8,24.45,False,4095,0.0,22.6,0.0,EXT-OPEN-METEO-KHI,KARACHI,OPENSOURCE_API_GRID,30,,,,0.95,True,True,TIER2_OPENSOURCE_PURE;CONTINUOUS_MINUTE_STREAM;VERIFIED_MODEL_GRID,5134658df334ac3a8c2015236265348afa7d7440393b859d9448fb1159f9cbe0,2026-09-19T00:29:00+00:00,2026-09-19 05:29:00,87.0,1009.0,68
9.9,14.6,32.4,905.2,262.8,40.9,5.1,2.6,0.6,447.0,194.5,10.8,6.5,33.5,26.8,24.45,False,4095,0.0,23.0,0.0,EXT-OPEN-METEO-KHI,KARACHI,OPENSOURCE_API_GRID,31,,,,0.95,True,True,TIER2_OPENSOURCE_PURE;CONTINUOUS_MINUTE_STREAM;VERIFIED_MODEL_GRID,0cc1c2066ddf32f8841c917cdc7e538e04b8701a0e2e4984ee280a8bc1875798,2026-09-19T00:30:00+00:00,2026-09-19 05:30:00,87.0,1009.0,68
9.9,14.5,32.3,899.0,261.0,40.6,5.1,2.6,0.6,447.0,196.5,10.9,6.6,33.5,26.8,24.49,False,4095,0.0,23.4,0.0,EXT-OPEN-METEO-KHI,KARACHI,OPENSOURCE_API_GRID,32,,,,0.95,True,True,TIER2_OPENSOURCE_PURE;CONTINUOUS_MINUTE_STREAM;VERIFIED_MODEL_GRID,59ef33fe1c31ddca37fcdbf7f2aeb87ebed344d52342958791d1ef9fa23841cf,2026-09-19T00:31:00+00:00,2026-09-19 05:31:00,87.2,1009.1,68
9.9,14.6,32.4,905.2,262.8,40.9,5.1,2.6,0.6,447.0,198.5,10.9,6.6,33.4,26.8,24.51,False,4095,0.0,23.7,0.0,EXT-OPEN-METEO-KHI,KARACHI,OPENSOURCE_API_GRID,33,,,,0.95,True,True,TIER2_OPENSOURCE_PURE;CONTINUOUS_MINUTE_STREAM;VERIFIED_MODEL_GRID,9023d63e18bf2a1f192a9c167af8e1a4783b56c594b4db9102330809ee63686f,2026-09-19T00:32:00+00:00,2026-09-19 05:32:00,87.3,1009.1,68
9.9,14.6,32.4,905.2,262.8,40.9,5.1,2.6,0.6,447.0,200.5,11.0,6.6,33.4,26.8,24.51,False,4095,0.0,24.1,0.0,EXT-OPEN-METEO-KHI,KARACHI,OPENSOURCE_API_GRID,34,,,,0.95,True,True,TIER2_OPENSOURCE_PURE;CONTINUOUS_MINUTE_STREAM;VERIFIED_MODEL_GRID,18cd38e4ca8dd6d17eaecf2862cc9c89e1783bce19349d57650d849ea4e4cb9d,2026-09-19T00:33:00+00:00,2026-09-19 05:33:00,87.3,1009.1,68
10.0,14.7,32.5,911.4,264.6,41.2,5.1,2.6,0.7,447.0,202.5,11.0,6.6,33.4,26.8,24.51,False,4095,0.0,24.5,0.0,EXT-OPEN-METEO-KHI,KARACHI,OPENSOURCE_API_GRID,35,,,,0.95,True,True,TIER2_OPENSOURCE_PURE;CONTINUOUS_MINUTE_STREAM;VERIFIED_MODEL_GRID,4bf55d914a4d06fa8ad244449d0cac966a52ef093f5814d6eb55524b53a7696a,2026-09-19T00:34:00+00:00,2026-09-19 05:34:00,87.3,1009.1,68
10.0,14.7,32.6,911.4,264.6,41.2,5.1,2.6,0.7,447.0,204.5,11.0,6.6,33.4,26.8,24.53,False,4095,0.0,24.8,0.0,EXT-OPEN-METEO-KHI,KARACHI,OPENSOURCE_API_GRID,36,,,,0.95,True,True,TIER2_OPENSOURCE_PURE;CONTINUOUS_MINUTE_STREAM;VERIFIED_MODEL_GRID,6dac7b3d3933a7f52a235946667957227b63ad8977df48bb135a1765289aabc0,2026-09-19T00:35:00+00:00,2026-09-19 05:35:00,87.4,1009.1,68
10.0,14.7,32.6,911.4,264.6,41.2,5.1,2.6,0.7,447.0,206.4,11.1,6.7,33.3,26.8,24.53,False,4095,0.0,25.2,0.0,EXT-OPEN-METEO-KHI,KARACHI,OPENSOURCE_API_GRID,37,,,,0.95,True,True,TIER2_OPENSOURCE_PURE;CONTINUOUS_MINUTE_STREAM;VERIFIED_MODEL_GRID,38d34d2a809d7f64e3a7d57883ac7f600da92d9d3bf5d38cb91b87e04ccfd0c0,2026-09-19T00:36:00+00:00,2026-09-19 05:36:00,87.4,1009.1,68
10.1,14.8,32.7,917.6,266.4,41.4,5.2,2.6,0.7,447.0,208.3,11.1,6.7,33.3,26.8,24.53,False,4095,0.0,25.5,0.0,EXT-OPEN-METEO-KHI,KARACHI,OPENSOURCE_API_GRID,38,,,,0.95,True,True,TIER2_OPENSOURCE_PURE;CONTINUOUS_MINUTE_STREAM;VERIFIED_MODEL_GRID,ac8ce9ff454eef22193bb2732812234dcf198412cb1d93886fdebec3f25e1023,2026-09-19T00:37:00+00:00,2026-09-19 05:37:00,87.4,1009.1,68
10.1,14.8,32.7,917.6,266.4,41.4,5.2,2.6,0.7,447.0,210.2,11.2,6.7,33.3,26.8,24.55,False,4095,0.0,25.8,0.0,EXT-OPEN-METEO-KHI,KARACHI,OPENSOURCE_API_GRID,39,,,,0.95,True,True,TIER2_OPENSOURCE_PURE;CONTINUOUS_MINUTE_STREAM;VERIFIED_MODEL_GRID,9cd4727a6679904ee2662e2169e052743b515b72bcd70fd400bc8aa6fd847cbd,2026-09-19T00:38:00+00:00,2026-09-19 05:38:00,87.5,1009.1,68
10.1,14.8,32.7,917.6,266.4,41.4,5.2,2.6,0.7,447.0,212.0,11.2,6.7,33.3,26.8,24.55,False,4095,0.0,26.2,0.0,EXT-OPEN-METEO-KHI,KARACHI,OPENSOURCE_API_GRID,40,,,,0.95,True,True,TIER2_OPENSOURCE_PURE;CONTINUOUS_MINUTE_STREAM;VERIFIED_MODEL_GRID,badb50e1051ab660ddc0d70e32059587ad09c9694a46fee7304f69c846da73ae,2026-09-19T00:39:00+00:00,2026-09-19 05:39:00,87.5,1009.1,68
10.1,14.8,32.7,917.6,266.4,41.4,5.2,2.6,0.7,447.0,213.8,11.2,6.7,33.2,26.8,24.55,False,4095,0.0,26.5,0.0,EXT-OPEN-METEO-KHI,KARACHI,OPENSOURCE_API_GRID,41,,,,0.95,True,True,TIER2_OPENSOURCE_PURE;CONTINUOUS_MINUTE_STREAM;VERIFIED_MODEL_GRID,8afff5e80e312475980d15523c5f8289b41b2cca1da2a47dd9149a58d23dd747,2026-09-19T00:40:00+00:00,2026-09-19 05:40:00,87.5,1009.1,68
10.1,14.8,32.7,917.6,266.4,41.4,5.2,2.6,0.7,447.0,215.5,11.3,6.7,33.2,26.8,24.55,False,4095,0.0,26.8,0.0,EXT-OPEN-METEO-KHI,KARACHI,OPENSOURCE_API_GRID,42,,,,0.95,True,True,TIER2_OPENSOURCE_PURE;CONTINUOUS_MINUTE_STREAM;VERIFIED_MODEL_GRID,fbc8cfb02426d3477b41d8b58531eec2848c7bd4b3912e7365415b9808acc9ab,2026-09-19T00:41:00+00:00,2026-09-19 05:41:00,87.5,1009.2,68
10.0,14.7,32.6,911.4,264.6,41.2,5.1,2.6,0.7,447.0,217.1,11.3,6.8,33.2,26.8,24.55,False,4095,0.0,27.1,0.0,EXT-OPEN-METEO-KHI,KARACHI,OPENSOURCE_API_GRID,43,,,,0.95,True,True,TIER2_OPENSOURCE_PURE;CONTINUOUS_MINUTE_STREAM;VERIFIED_MODEL_GRID,459cf10e44d811366638708159cb4870509ea55d585b957e8050bd43f6c039e0,2026-09-19T00:42:00+00:00,2026-09-19 05:42:00,87.5,1009.2,68
10.0,14.7,32.6,911.4,264.6,41.2,5.1,2.6,0.7,447.0,218.7,11.3,6.8,33.2,26.8,24.57,False,4095,0.0,27.4,0.0,EXT-OPEN-METEO-KHI,KARACHI,OPENSOURCE_API_GRID,44,,,,0.95,True,True,TIER2_OPENSOURCE_PURE;CONTINUOUS_MINUTE_STREAM;VERIFIED_MODEL_GRID,93a66da76721d079d1f92ab2e0fef4791073e13c73264fb5658b50c3b0974321,2026-09-19T00:43:00+00:00,2026-09-19 05:43:00,87.6,1009.2,68
10.0,14.7,32.6,911.4,264.6,41.2,5.1,2.6,0.7,447.0,220.3,11.4,6.8,33.2,26.8,24.57,False,4095,0.0,27.7,0.0,EXT-OPEN-METEO-KHI,KARACHI,OPENSOURCE_API_GRID,45,,,,0.95,True,True,TIER2_OPENSOURCE_PURE;CONTINUOUS_MINUTE_STREAM;VERIFIED_MODEL_GRID,469ed0388b72b16c1e0dbfb69431a9eb2a9cbe6920159db43e6b4d62f106906e,2026-09-19T00:44:00+00:00,2026-09-19 05:44:00,87.6,1009.2,68
9.9,14.6,32.5,905.2,262.8,40.9,5.1,2.6,0.7,447.0,221.7,11.4,6.8,33.1,26.7,24.47,False,4095,0.0,27.9,0.0,EXT-OPEN-METEO-KHI,KARACHI,OPENSOURCE_API_GRID,46,,,,0.95,True,True,TIER2_OPENSOURCE_PURE;CONTINUOUS_MINUTE_STREAM;VERIFIED_MODEL_GRID,ece4331aaac595a561e6e021df4b1e9ca88e53ea429a2beffe7e89a5f5f53533,2026-09-19T00:45:00+00:00,2026-09-19 05:45:00,87.6,1009.2,68
9.9,14.6,32.5,905.2,262.8,40.9,5.1,2.6,0.7,447.0,223.1,11.4,6.8,33.1,26.7,24.47,False,4095,0.0,28.2,0.0,EXT-OPEN-METEO-KHI,KARACHI,OPENSOURCE_API_GRID,47,,,,0.95,True,True,TIER2_OPENSOURCE_PURE;CONTINUOUS_MINUTE_STREAM;VERIFIED_MODEL_GRID,4c5a00f11d839f35ce82135e93f05e7137699b4354e4371732818c4b875f7ec4,2026-09-19T00:46:00+00:00,2026-09-19 05:46:00,87.6,1009.2,68
9.9,14.6,32.4,905.2,262.8,40.9,5.1,2.6,0.6,447.0,224.4,11.4,6.8,33.1,26.7,24.47,False,4095,0.0,28.4,0.0,EXT-OPEN-METEO-KHI,KARACHI,OPENSOURCE_API_GRID,48,,,,0.95,True,True,TIER2_OPENSOURCE_PURE;CONTINUOUS_MINUTE_STREAM;VERIFIED_MODEL_GRID,cdd3fa53627c76bd5c14fef5d083e7075a6498936534046fa12e8e10e3e4948a,2026-09-19T00:47:00+00:00,2026-09-19 05:47:00,87.6,1009.2,68
9.9,14.5,32.4,899.0,261.0,40.6,5.1,2.6,0.6,447.0,225.6,11.5,6.8,33.1,26.7,24.49,False,4095,0.0,28.7,0.0,EXT-OPEN-METEO-KHI,KARACHI,OPENSOURCE_API_GRID,49,,,,0.95,True,True,TIER2_OPENSOURCE_PURE;CONTINUOUS_MINUTE_STREAM;VERIFIED_MODEL_GRID,c05ab9e2fd5cc231cc960155331eda61576836ca57bcf9ac69153d84ceccada9,2026-09-19T00:48:00+00:00,2026-09-19 05:48:00,87.7,1009.2,68
9.9,14.5,32.3,899.0,261.0,40.6,5.1,2.6,0.6,447.0,226.8,11.5,6.8,33.1,26.7,24.49,False,4095,0.0,28.9,0.0,EXT-OPEN-METEO-KHI,KARACHI,OPENSOURCE_API_GRID,50,,,,0.95,True,True,TIER2_OPENSOURCE_PURE;CONTINUOUS_MINUTE_STREAM;VERIFIED_MODEL_GRID,b0209923ca0c1671e4b0525ac0b1aebca9a3cb71a789a68f6dc046ba8e13feb1,2026-09-19T00:49:00+00:00,2026-09-19 05:49:00,87.7,1009.2,68
9.9,14.5,32.3,899.0,261.0,40.6,5.1,2.6,0.6,447.0,227.8,11.5,6.9,33.1,26.7,24.49,False,4095,0.0,29.1,0.0,EXT-OPEN-METEO-KHI,KARACHI,OPENSOURCE_API_GRID,51,,,,0.95,True,True,TIER2_OPENSOURCE_PURE;CONTINUOUS_MINUTE_STREAM;VERIFIED_MODEL_GRID,5072a51a674ccc44235b9d6add1cf5faa3393bc3595cdda2ba9f3fb14e44e341,2026-09-19T00:50:00+00:00,2026-09-19 05:50:00,87.7,1009.2,68
9.9,14.5,32.3,899.0,261.0,40.6,5.1,2.6,0.6,447.0,228.8,11.5,6.9,33.1,26.7,24.49,False,4095,0.0,29.2,0.0,EXT-OPEN-METEO-KHI,KARACHI,OPENSOURCE_API_GRID,52,,,,0.95,True,True,TIER2_OPENSOURCE_PURE;CONTINUOUS_MINUTE_STREAM;VERIFIED_MODEL_GRID,3b27edeb255fcd7834bcffeb296653866cd491c84170c410b29d04d20206bb68,2026-09-19T00:51:00+00:00,2026-09-19 05:51:00,87.7,1009.2,68
9.9,14.5,32.3,899.0,261.0,40.6,5.1,2.6,0.6,447.0,229.7,11.5,6.9,33.0,26.7,24.51,False,4095,0.0,29.4,0.0,EXT-OPEN-METEO-KHI,KARACHI,OPENSOURCE_API_GRID,53,,,,0.95,True,True,TIER2_OPENSOURCE_PURE;CONTINUOUS_MINUTE_STREAM;VERIFIED_MODEL_GRID,6d39fcea4216ca9fb22bf5bdc03a4f2daed088020bd4f5fda7bde582437ee28a,2026-09-19T00:52:00+00:00,2026-09-19 05:52:00,87.8,1009.2,68
9.9,14.5,32.3,899.0,261.0,40.6,5.1,2.6,0.6,447.0,230.4,11.6,6.9,33.0,26.7,24.51,False,4095,0.0,29.5,0.0,EXT-OPEN-METEO-KHI,KARACHI,OPENSOURCE_API_GRID,54,,,,0.95,True,True,TIER2_OPENSOURCE_PURE;CONTINUOUS_MINUTE_STREAM;VERIFIED_MODEL_GRID,d61ee36d890e2352362b60ad7bf8f8f25d5dce4eed560ad89ff621c479750bb0,2026-09-19T00:53:00+00:00,2026-09-19 05:53:00,87.8,1009.2,68
9.9,14.5,32.3,899.0,261.0,40.6,5.1,2.6,0.6,447.0,231.1,11.6,6.9,33.0,26.7,24.51,False,4095,0.0,29.7,0.0,EXT-OPEN-METEO-KHI,KARACHI,OPENSOURCE_API_GRID,55,,,,0.95,True,True,TIER2_OPENSOURCE_PURE;CONTINUOUS_MINUTE_STREAM;VERIFIED_MODEL_GRID,838dc29ba86ecb0a6c7208b44af63bd61b768ae8bec02279c37d5b3d0522668a,2026-09-19T00:54:00+00:00,2026-09-19 05:54:00,87.8,1009.2,68
9.9,14.5,32.3,899.0,261.0,40.6,5.1,2.6,0.6,447.0,231.7,11.6,6.9,33.0,26.7,24.53,False,4095,0.0,29.8,0.0,EXT-OPEN-METEO-KHI,KARACHI,OPENSOURCE_API_GRID,56,,,,0.95,True,True,TIER2_OPENSOURCE_PURE;CONTINUOUS_MINUTE_STREAM;VERIFIED_MODEL_GRID,972ac77a71e1213b872b81b6419bf7080d1e0249ffa177d049fbad59154b8336,2026-09-19T00:55:00+00:00,2026-09-19 05:55:00,87.9,1009.2,68
9.9,14.6,32.4,905.2,262.8,40.9,5.1,2.6,0.6,447.0,232.2,11.6,6.9,33.0,26.7,24.53,False,4095,0.0,29.8,0.0,EXT-OPEN-METEO-KHI,KARACHI,OPENSOURCE_API_GRID,57,,,,0.95,True,True,TIER2_OPENSOURCE_PURE;CONTINUOUS_MINUTE_STREAM;VERIFIED_MODEL_GRID,31e4f2b60196237a5b04212fc455701f8d0010ab8b8ff0515d03240d0d489689,2026-09-19T00:56:00+00:00,2026-09-19 05:56:00,87.9,1009.2,68
9.9,14.6,32.5,905.2,262.8,40.9,5.1,2.6,0.7,447.0,232.5,11.6,6.9,33.0,26.7,24.53,False,4095,0.0,29.9,0.0,EXT-OPEN-METEO-KHI,KARACHI,OPENSOURCE_API_GRID,58,,,,0.95,True,True,TIER2_OPENSOURCE_PURE;CONTINUOUS_MINUTE_STREAM;VERIFIED_MODEL_GRID,5bc457e67fca5e78eda5be0df85e04ef44eeb755631356206dc25de493290419,2026-09-19T00:57:00+00:00,2026-09-19 05:57:00,87.9,1009.2,68
9.9,14.6,32.5,905.2,262.8,40.9,5.1,2.6,0.7,447.0,232.8,11.6,6.9,33.0,26.7,24.55,False,4095,0.0,30.0,0.0,EXT-OPEN-METEO-KHI,KARACHI,OPENSOURCE_API_GRID,59,,,,0.95,True,True,TIER2_OPENSOURCE_PURE;CONTINUOUS_MINUTE_STREAM;VERIFIED_MODEL_GRID,fa055859c621b046b6e93f3a12f1eed6fe9f1ce5392c979dc178082459b151cc,2026-09-19T00:58:00+00:00,2026-09-19 05:58:00,88.0,1009.2,68
10.0,14.7,32.6,911.4,264.6,41.2,5.1,2.6,0.7,447.0,232.9,11.6,6.9,33.0,26.7,24.55,False,4095,0.0,30.0,0.0,EXT-OPEN-METEO-KHI,KARACHI,OPENSOURCE_API_GRID,60,,,,0.95,True,True,TIER2_OPENSOURCE_PURE;CONTINUOUS_MINUTE_STREAM;VERIFIED_MODEL_GRID,c8d6297d71c136d7e30dd171416fe42b7b12ef0dedaf8f17a37b80990ad0de8e,2026-09-19T00:59:00+00:00,2026-09-19 05:59:00,88.0,1009.2,68
10.0,14.7,32.6,911.4,264.6,41.2,5.1,2.6,0.7,447.0,233.0,11.6,6.9,33.0,26.7,24.55,False,4095,0.0,30.0,0.0,EXT-OPEN-METEO-KHI,KARACHI,OPENSOURCE_API_GRID,61,,,,0.95,True,False,TIER2_OPENSOURCE_PURE;HOURLY_NODE;VERIFIED_MODEL_GRID,2f939ef2228297277ec4286d8d20685bac0bc92c5dbc34f59d3a7e4c468b309c,2026-09-19T01:00:00+00:00,2026-09-19 06:00:00,88.0,1009.2,68
10.1,14.8,32.7,917.6,266.4,41.4,5.2,2.6,0.7,447.0,233.1,11.6,6.9,33.0,26.7,24.55,False,4095,0.0,30.0,0.0,EXT-OPEN-METEO-KHI,KARACHI,OPENSOURCE_API_GRID,62,,,,0.95,True,True,TIER2_OPENSOURCE_PURE;CONTINUOUS_MINUTE_STREAM;VERIFIED_MODEL_GRID,14b2f783e97122a97ff93ff6b4087cda85c8ae7d49f2c0f8d0d0ee9bc700d08b,2026-09-19T01:01:00+00:00,2026-09-19 06:01:00,88.0,1009.2,68
10.0,14.7,32.6,911.4,264.6,41.2,5.1,2.6,0.7,447.0,233.3,11.6,6.9,33.0,26.7,24.56,False,4095,0.0,30.0,0.2,EXT-OPEN-METEO-KHI,KARACHI,OPENSOURCE_API_GRID,63,,,,0.95,True,True,TIER2_OPENSOURCE_PURE;CONTINUOUS_MINUTE_STREAM;VERIFIED_MODEL_GRID,5fb23e8c29c86ddf9c8063ac212020674922caafaf6ad9b882e0c09f63ff1bd8,2026-09-19T01:02:00+00:00,2026-09-19 06:02:00,88.1,1009.2,68
10.1,14.8,32.7,917.6,266.4,41.4,5.2,2.6,0.7,447.0,233.6,11.6,6.9,33.0,26.7,24.56,False,4095,0.0,30.0,0.3,EXT-OPEN-METEO-KHI,KARACHI,OPENSOURCE_API_GRID,64,,,,0.95,True,True,TIER2_OPENSOURCE_PURE;CONTINUOUS_MINUTE_STREAM;VERIFIED_MODEL_GRID,5b9514e11a0eeacce31b222b72d1953f814a4027efa01ad6f9f659e87e770855,2026-09-19T01:03:00+00:00,2026-09-19 06:03:00,88.1,1009.2,68
10.1,14.8,32.8,917.6,266.4,41.4,5.2,2.6,0.7,447.0,234.1,11.6,6.9,33.0,26.7,24.56,False,4095,0.0,29.9,0.6,EXT-OPEN-METEO-KHI,KARACHI,OPENSOURCE_API_GRID,65,,,,0.95,True,True,TIER2_OPENSOURCE_PURE;CONTINUOUS_MINUTE_STREAM;VERIFIED_MODEL_GRID,e9bb5d93a7d6045d11d945864a73542656ff0809b98520f6dbb88c23268d800f,2026-09-19T01:04:00+00:00,2026-09-19 06:04:00,88.1,1009.2,68
10.1,14.9,32.8,923.8,268.2,41.7,5.2,2.6,0.7,447.0,234.7,11.6,6.9,33.0,26.7,24.56,False,4095,0.0,29.9,0.9,EXT-OPEN-METEO-KHI,KARACHI,OPENSOURCE_API_GRID,66,,,,0.95,True,True,TIER2_OPENSOURCE_PURE;CONTINUOUS_MINUTE_STREAM;VERIFIED_MODEL_GRID,b77aec176328dbbd105da085c782c34a68cbb97d1543391f1fcd59da5fd2be35,2026-09-19T01:05:00+00:00,2026-09-19 06:05:00,88.1,1009.2,68
10.1,14.9,32.9,923.8,268.2,41.7,5.2,2.6,0.7,447.0,235.5,11.6,6.9,33.0,26.7,24.56,False,4095,0.0,29.8,1.4,EXT-OPEN-METEO-KHI,KARACHI,OPENSOURCE_API_GRID,67,,,,0.95,True,True,TIER2_OPENSOURCE_PURE;CONTINUOUS_MINUTE_STREAM;VERIFIED_MODEL_GRID,92d031a31bb2621e979a110b70a17065a5daa2921c2694739b1f619f68233ca0,2026-09-19T01:06:00+00:00,2026-09-19 06:06:00,88.1,1009.2,68
10.2,15.0,32.9,930.0,270.0,42.0,5.2,2.6,0.7,447.0,236.4,11.7,6.9,33.0,26.7,24.56,False,4095,0.0,29.8,1.8,EXT-OPEN-METEO-KHI,KARACHI,OPENSOURCE_API_GRID,68,,,,0.95,True,True,TIER2_OPENSOURCE_PURE;CONTINUOUS_MINUTE_STREAM;VERIFIED_MODEL_GRID,ae8eab2ba30b606d5db9eddfa576fee8bc3677aa6ce5360f56f0632d5fd01950,2026-09-19T01:07:00+00:00,2026-09-19 06:07:00,88.1,1009.2,68
10.2,15.0,33.0,930.0,270.0,42.0,5.2,2.6,0.7,447.0,237.4,11.7,6.9,33.0,26.8,24.64,False,4095,0.0,29.7,2.4,EXT-OPEN-METEO-KHI,KARACHI,OPENSOURCE_API_GRID,69,,,,0.95,True,True,TIER2_OPENSOURCE_PURE;CONTINUOUS_MINUTE_STREAM;VERIFIED_MODEL_GRID,4902019c590ef7c0aa8a421cf5e996f7457a8aef9e214dfa8bac78032ec081e4,2026-09-19T01:08:00+00:00,2026-09-19 06:08:00,88.0,1009.2,68
10.2,15.0,33.0,930.0,270.0,42.0,5.2,2.6,0.7,447.1,238.6,11.7,7.0,33.0,26.8,24.64,False,4095,0.0,29.6,3.0,EXT-OPEN-METEO-KHI,KARACHI,OPENSOURCE_API_GRID,70,,,,0.95,True,True,TIER2_OPENSOURCE_PURE;CONTINUOUS_MINUTE_STREAM;VERIFIED_MODEL_GRID,60554d2fdb6ad385f8e4bccc34ed8859eb4c6821aef474d3671ee870fa536fda,2026-09-19T01:09:00+00:00,2026-09-19 06:09:00,88.0,1009.3,68
10.3,15.1,33.0,936.2,271.8,42.3,5.3,2.6,0.7,447.1,239.8,11.7,7.0,33.0,26.8,24.64,False,4095,0.0,29.5,3.7,EXT-OPEN-METEO-KHI,KARACHI,OPENSOURCE_API_GRID,71,,,,0.95,True,True,TIER2_OPENSOURCE_PURE;CONTINUOUS_MINUTE_STREAM;VERIFIED_MODEL_GRID,595775eb2bf8b3928c24a2d503490442a1a6ae6f532e076ea57e4f5156225173,2026-09-19T01:10:00+00:00,2026-09-19 06:10:00,88.0,1009.3,68
10.3,15.1,33.0,936.2,271.8,42.3,5.3,2.6,0.7,447.1,241.2,11.8,7.0,33.0,26.8,24.63,False,4095,0.0,29.4,4.5,EXT-OPEN-METEO-KHI,KARACHI,OPENSOURCE_API_GRID,72,,,,0.95,True,True,TIER2_OPENSOURCE_PURE;CONTINUOUS_MINUTE_STREAM;VERIFIED_MODEL_GRID,44f0448d3a29a3f45eddc40a0cee3fcdb47bbd4a3ba2741cd7708b00c33ba15d,2026-09-19T01:11:00+00:00,2026-09-19 06:11:00,87.9,1009.3,68
10.3,15.1,33.0,936.2,271.8,42.3,5.3,2.6,0.7,447.1,242.7,11.8,7.0,33.0,26.8,24.63,False,4095,0.0,29.3,5.3,EXT-OPEN-METEO-KHI,KARACHI,OPENSOURCE_API_GRID,73,,,,0.95,True,True,TIER2_OPENSOURCE_PURE;CONTINUOUS_MINUTE_STREAM;VERIFIED_MODEL_GRID,847badbcb027feec2bd5ca01eb57e49b52c0aeb0b3de5262ea78339f52fe5caa,2026-09-19T01:12:00+00:00,2026-09-19 06:12:00,87.9,1009.3,68
10.3,15.1,33.0,936.2,271.8,42.3,5.3,2.6,0.7,447.1,244.4,11.8,7.0,33.0,26.8,24.61,False,4095,0.0,29.2,6.2,EXT-OPEN-METEO-KHI,KARACHI,OPENSOURCE_API_GRID,74,,,,0.95,True,True,TIER2_OPENSOURCE_PURE;CONTINUOUS_MINUTE_STREAM;VERIFIED_MODEL_GRID,ea4334f775375a562aaf0b69de2fa01f70d7a1b132acce9ead9740d9547ed3ca,2026-09-19T01:13:00+00:00,2026-09-19 06:13:00,87.8,1009.3,68
10.3,15.1,33.0,936.2,271.8,42.3,5.3,2.6,0.7,447.1,246.1,11.8,7.0,33.0,26.8,24.61,False,4095,0.0,29.1,7.1,EXT-OPEN-METEO-KHI,KARACHI,OPENSOURCE_API_GRID,75,,,,0.95,True,True,TIER2_OPENSOURCE_PURE;CONTINUOUS_MINUTE_STREAM;VERIFIED_MODEL_GRID,72be513d3b354d22da63076bf507588d7e3431336ab6a97b7ef74f440b5ecffe,2026-09-19T01:14:00+00:00,2026-09-19 06:14:00,87.8,1009.3,68
10.3,15.1,33.0,936.2,271.8,42.3,5.3,2.6,0.7,447.1,247.9,11.9,7.0,33.0,26.8,24.61,False,4095,0.0,29.0,8.1,EXT-OPEN-METEO-KHI,KARACHI,OPENSOURCE_API_GRID,76,,,,0.95,True,True,TIER2_OPENSOURCE_PURE;CONTINUOUS_MINUTE_STREAM;VERIFIED_MODEL_GRID,b3d03080ac7877d1596977b7baf27601e1cbc12ecfbcd0d3e4ebed10afcacc9c,2026-09-19T01:15:00+00:00,2026-09-19 06:15:00,87.8,1009.3,68
10.3,15.2,33.0,942.4,273.6,42.6,5.3,2.6,0.7,447.2,249.9,11.9,7.1,33.0,26.7,24.49,False,4095,0.0,28.8,9.1,EXT-OPEN-METEO-KHI,KARACHI,OPENSOURCE_API_GRID,77,,,,0.95,True,True,TIER2_OPENSOURCE_PURE;CONTINUOUS_MINUTE_STREAM;VERIFIED_MODEL_GRID,4bdf71dc37bad060b29d5673f9f68ce249ecbea8ecbd96061584ee1041d773f1,2026-09-19T01:16:00+00:00,2026-09-19 06:16:00,87.7,1009.3,68
10.3,15.2,32.9,942.4,273.6,42.6,5.3,2.6,0.7,447.2,251.9,12.0,7.1,33.0,26.7,24.49,False,4095,0.0,28.7,10.2,EXT-OPEN-METEO-KHI,KARACHI,OPENSOURCE_API_GRID,78,,,,0.95,True,True,TIER2_OPENSOURCE_PURE;CONTINUOUS_MINUTE_STREAM;VERIFIED_MODEL_GRID,f242ab4eadb54a8d284da2fcbac70d886e8bd83286bc0bfafbf8b61697eed850,2026-09-19T01:17:00+00:00,2026-09-19 06:17:00,87.7,1009.3,68
10.3,15.2,32.9,942.4,273.6,42.6,5.3,2.6,0.7,447.2,254.0,12.0,7.1,33.0,26.7,24.49,False,4095,0.0,28.6,11.4,EXT-OPEN-METEO-KHI,KARACHI,OPENSOURCE_API_GRID,79,,,,0.95,True,True,TIER2_OPENSOURCE_PURE;CONTINUOUS_MINUTE_STREAM;VERIFIED_MODEL_GRID,f8bb8cbbfcbfca4c356946c01265c7df9c0014123172b319e2a593c527d5a0cd,2026-09-19T01:18:00+00:00,2026-09-19 06:18:00,87.7,1009.4,68
10.3,15.2,32.9,942.4,273.6,42.6,5.3,2.6,0.7,447.2,256.2,12.0,7.1,33.0,26.7,24.47,False,4095,0.0,28.4,12.6,EXT-OPEN-METEO-KHI,KARACHI,OPENSOURCE_API_GRID,80,,,,0.95,True,True,TIER2_OPENSOURCE_PURE;CONTINUOUS_MINUTE_STREAM;VERIFIED_MODEL_GRID,f842267380fd3582a313a458fb3800da53325ed3126952b3ffdc664db16b7544,2026-09-19T01:19:00+00:00,2026-09-19 06:19:00,87.6,1009.4,68
10.3,15.2,32.9,942.4,273.6,42.6,5.3,2.6,0.7,447.2,258.5,12.1,7.2,33.0,26.7,24.47,False,4095,0.0,28.2,13.8,EXT-OPEN-METEO-KHI,KARACHI,OPENSOURCE_API_GRID,81,,,,0.95,True,True,TIER2_OPENSOURCE_PURE;CONTINUOUS_MINUTE_STREAM;VERIFIED_MODEL_GRID,a22b3ddf5bd29b35ec3f765fd422d99dcb3e6177c2f55f121967fca76eeaf3df,2026-09-19T01:20:00+00:00,2026-09-19 06:20:00,87.6,1009.4,68
10.4,15.3,32.9,948.6,275.4,42.8,5.4,2.6,0.7,447.3,260.8,12.1,7.2,33.0,26.7,24.47,False,4095,0.0,28.1,15.1,EXT-OPEN-METEO-KHI,KARACHI,OPENSOURCE_API_GRID,82,,,,0.95,True,True,TIER2_OPENSOURCE_PURE;CONTINUOUS_MINUTE_STREAM;VERIFIED_MODEL_GRID,f4e5f58f6253471542dc3d07c0ed21a9a6bd5e5c507fbf4227cdcb4f6c55890d,2026-09-19T01:21:00+00:00,2026-09-19 06:21:00,87.6,1009.4,68
10.4,15.3,32.9,948.6,275.4,42.8,5.4,2.6,0.7,447.3,263.3,12.2,7.2,33.0,26.7,24.47,False,4095,0.0,27.9,16.4,EXT-OPEN-METEO-KHI,KARACHI,OPENSOURCE_API_GRID,83,,,,0.95,True,True,TIER2_OPENSOURCE_PURE;CONTINUOUS_MINUTE_STREAM;VERIFIED_MODEL_GRID,4b15bf74cf3b9e83cfea7347b52caa45e9afb5344e9c6c9609616458da12caaf,2026-09-19T01:22:00+00:00,2026-09-19 06:22:00,87.6,1009.4,68
10.5,15.4,33.0,954.8,277.2,43.1,5.4,2.6,0.7,447.3,265.7,12.2,7.2,33.0,26.7,24.45,False,4095,0.0,27.8,17.7,EXT-OPEN-METEO-KHI,KARACHI,OPENSOURCE_API_GRID,84,,,,0.95,True,True,TIER2_OPENSOURCE_PURE;CONTINUOUS_MINUTE_STREAM;VERIFIED_MODEL_GRID,92d01ebaedaafba9a76432d9a10554287504b60208676b2bf04d74edb15031b9,2026-09-19T01:23:00+00:00,2026-09-19 06:23:00,87.5,1009.4,68
10.5,15.4,33.0,954.8,277.2,43.1,5.4,2.6,0.7,447.3,268.2,12.3,7.2,33.0,26.7,24.45,False,4095,0.0,27.6,19.1,EXT-OPEN-METEO-KHI,KARACHI,OPENSOURCE_API_GRID,85,,,,0.95,True,True,TIER2_OPENSOURCE_PURE;CONTINUOUS_MINUTE_STREAM;VERIFIED_MODEL_GRID,ae3ea2b5afabb7df71670d9c4b578c944ca61eff34557d7e3779b4695699d7c3,2026-09-19T01:24:00+00:00,2026-09-19 06:24:00,87.5,1009.4,68
10.5,15.5,33.1,961.0,279.0,43.4,5.4,2.6,0.7,447.4,270.8,12.3,7.3,33.0,26.7,24.45,False,4095,0.0,27.4,20.5,EXT-OPEN-METEO-KHI,KARACHI,OPENSOURCE_API_GRID,86,,,,0.95,True,True,TIER2_OPENSOURCE_PURE;CONTINUOUS_MINUTE_STREAM;VERIFIED_MODEL_GRID,c1d842d14a38a22f6eaadb683773f298c7cd1c5b2ea1e999ce785f759bbb7de9,2026-09-19T01:25:00+00:00,2026-09-19 06:25:00,87.5,1009.5,68
10.6,15.6,33.2,967.2,280.8,43.7,5.5,2.7,0.7,447.4,273.4,12.4,7.3,33.0,26.7,24.45,False,4095,0.0,27.2,21.9,EXT-OPEN-METEO-KHI,KARACHI,OPENSOURCE_API_GRID,87,,,,0.95,True,True,TIER2_OPENSOURCE_PURE;CONTINUOUS_MINUTE_STREAM;VERIFIED_MODEL_GRID,dd791fa2ae0ce2afa32927350d3eb5416666b28e2f2a17eede6cca17770f33f3,2026-09-19T01:26:00+00:00,2026-09-19 06:26:00,87.5,1009.5,68
10.7,15.7,33.3,973.4,282.6,44.0,5.5,2.7,0.7,447.4,276.0,12.4,7.3,33.0,26.7,24.45,False,4095,0.0,27.0,23.3,EXT-OPEN-METEO-KHI,KARACHI,OPENSOURCE_API_GRID,88,,,,0.95,True,True,TIER2_OPENSOURCE_PURE;CONTINUOUS_MINUTE_STREAM;VERIFIED_MODEL_GRID,877ad2d3bc73ee1d56debbb897a3a2c7826c949a60d4d04184dd2bd2aea1827f,2026-09-19T01:27:00+00:00,2026-09-19 06:27:00,87.5,1009.5,68
10.7,15.8,33.4,979.6,284.4,44.2,5.5,2.7,0.7,447.4,278.7,12.5,7.3,33.0,26.7,24.45,False,4095,0.0,26.9,24.8,EXT-OPEN-METEO-KHI,KARACHI,OPENSOURCE_API_GRID,89,,,,0.95,True,True,TIER2_OPENSOURCE_PURE;CONTINUOUS_MINUTE_STREAM;VERIFIED_MODEL_GRID,5fac13f7b6190a9d52464cd1c6b2054cf68e6f7e138b35910b5fc34a15afeeeb,2026-09-19T01:28:00+00:00,2026-09-19 06:28:00,87.5,1009.5,68
10.8,15.9,33.5,985.8,286.2,44.5,5.6,2.7,0.7,447.5,281.3,12.5,7.4,33.0,26.8,24.55,False,4095,0.0,26.7,26.2,EXT-OPEN-METEO-KHI,KARACHI,OPENSOURCE_API_GRID,90,,,,0.95,True,True,TIER2_OPENSOURCE_PURE;CONTINUOUS_MINUTE_STREAM;VERIFIED_MODEL_GRID,659814960fdfa9daee087e50a547ac6beb2df8fcda45d86e4566ce766a1186c4,2026-09-19T01:29:00+00:00,2026-09-19 06:29:00,87.5,1009.5,68
10.9,16.0,33.6,992.0,288.0,44.8,5.6,2.7,0.7,447.5,284.0,12.5,7.4,33.0,26.8,24.55,False,4095,0.0,26.5,27.6,EXT-OPEN-METEO-KHI,KARACHI,OPENSOURCE_API_GRID,91,,,,0.95,True,True,TIER2_OPENSOURCE_PURE;CONTINUOUS_MINUTE_STREAM;VERIFIED_MODEL_GRID,995458a90800f6ca0f0d99fb8193e94b899e66dab8b1569455aed32d75740a14,2026-09-19T01:30:00+00:00,2026-09-19 06:30:00,87.5,1009.5,68
11.0,16.2,33.8,1004.4,291.6,45.4,5.7,2.7,0.7,447.5,286.7,12.6,7.4,33.0,26.8,24.55,False,4095,0.0,26.3,29.1,EXT-OPEN-METEO-KHI,KARACHI,OPENSOURCE_API_GRID,92,,,,0.95,True,True,TIER2_OPENSOURCE_PURE;CONTINUOUS_MINUTE_STREAM;VERIFIED_MODEL_GRID,a894ef391a41175415610613309026bf5ba1aff051f9ab0a13dd1670c79dce6a,2026-09-19T01:31:00+00:00,2026-09-19 06:31:00,87.5,1009.6,68
11.1,16.3,33.9,1010.6,293.4,45.6,5.7,2.7,0.7,447.6,289.3,12.6,7.5,33.0,26.8,24.55,False,4095,0.0,26.1,30.5,EXT-OPEN-METEO-KHI,KARACHI,OPENSOURCE_API_GRID,93,,,,0.95,True,True,TIER2_OPENSOURCE_PURE;CONTINUOUS_MINUTE_STREAM;VERIFIED_MODEL_GRID,31965409196f03c2b96bab72357ad0473e8fac048391d23a11efb55d79175a73,2026-09-19T01:32:00+00:00,2026-09-19 06:32:00,87.5,1009.6,68
11.1,16.3,33.8,1010.6,293.4,45.6,5.7,2.7,0.7,447.6,292.0,12.7,7.5,33.0,26.8,24.57,False,4095,0.0,26.0,32.0,EXT-OPEN-METEO-KHI,KARACHI,OPENSOURCE_API_GRID,94,,,,0.95,True,True,TIER2_OPENSOURCE_PURE;CONTINUOUS_MINUTE_STREAM;VERIFIED_MODEL_GRID,9ec978c2d8d7005e9f3d8659f74d40e80ed33ca9dc5ada8aaf7c70a8553ef316,2026-09-19T01:33:00+00:00,2026-09-19 06:33:00,87.6,1009.6,68
11.2,16.4,33.9,1016.8,295.2,45.9,5.7,2.7,0.7,447.6,294.6,12.7,7.5,33.0,26.8,24.55,False,4095,0.0,25.8,33.4,EXT-OPEN-METEO-KHI,KARACHI,OPENSOURCE_API_GRID,95,,,,0.95,True,True,TIER2_OPENSOURCE_PURE;CONTINUOUS_MINUTE_STREAM;VERIFIED_MODEL_GRID,5aea96bce3aa17fe256b63def1903ccbc462b3fa751e630b0922120a7ddfc737,2026-09-19T01:34:00+00:00,2026-09-19 06:34:00,87.5,1009.6,68
11.2,16.5,34.1,1023.0,297.0,46.2,5.8,2.7,0.7,447.6,297.2,12.8,7.5,33.0,26.8,24.55,False,4095,0.0,25.6,34.8,EXT-OPEN-METEO-KHI,KARACHI,OPENSOURCE_API_GRID,96,,,,0.95,True,True,TIER2_OPENSOURCE_PURE;CONTINUOUS_MINUTE_STREAM;VERIFIED_MODEL_GRID,65ed5df486441256584514e11fac08925e4cb3fda2314c4d0ae4a056dcf7f319,2026-09-19T01:35:00+00:00,2026-09-19 06:35:00,87.5,1009.6,68
11.3,16.6,34.2,1029.2,298.8,46.5,5.8,2.7,0.7,447.7,299.8,12.8,7.6,33.0,26.9,24.65,False,4095,0.0,25.4,36.2,EXT-OPEN-METEO-KHI,KARACHI,OPENSOURCE_API_GRID,97,,,,0.95,True,True,TIER2_OPENSOURCE_PURE;CONTINUOUS_MINUTE_STREAM;VERIFIED_MODEL_GRID,62b956372d7f419086b92adafc2b109d858a9892bef4968284bec6b5d290c148,2026-09-19T01:36:00+00:00,2026-09-19 06:36:00,87.5,1009.7,68
11.4,16.7,34.3,1035.4,300.6,46.8,5.8,2.7,0.7,447.7,302.3,12.9,7.6,33.0,26.9,24.63,False,4095,0.0,25.2,37.6,EXT-OPEN-METEO-KHI,KARACHI,OPENSOURCE_API_GRID,98,,,,0.95,True,True,TIER2_OPENSOURCE_PURE;CONTINUOUS_MINUTE_STREAM;VERIFIED_MODEL_GRID,d251f3d2187f8b2245c619af1220b522dd69848ff683fbbcee087b7122f98f0b,2026-09-19T01:37:00+00:00,2026-09-19 06:37:00,87.4,1009.7,68
11.4,16.8,34.3,1041.6,302.4,47.0,5.9,2.7,0.7,447.7,304.7,12.9,7.6,33.0,26.9,24.63,False,4095,0.0,25.1,38.9,EXT-OPEN-METEO-KHI,KARACHI,OPENSOURCE_API_GRID,99,,,,0.95,True,True,TIER2_OPENSOURCE_PURE;CONTINUOUS_MINUTE_STREAM;VERIFIED_MODEL_GRID,1a74e5c2069f9b7828faa5899a0e752897cbabc0e563ec13839f99803e863285,2026-09-19T01:38:00+00:00,2026-09-19 06:38:00,87.4,1009.7,68
11.5,16.9,34.4,1047.8,304.2,47.3,5.9,2.8,0.7,447.7,307.2,13.0,7.6,33.0,26.9,24.63,False,4095,0.0,24.9,40.2,EXT-OPEN-METEO-KHI,KARACHI,OPENSOURCE_API_GRID,100,,,,0.95,True,True,TIER2_OPENSOURCE_PURE;CONTINUOUS_MINUTE_STREAM;VERIFIED_MODEL_GRID,0ff02eab6cb29b6db55708ed054749e066204425122be7a81793198a72182f22,2026-09-19T01:39:00+00:00,2026-09-19 06:39:00,87.4,1009.7,68
11.5,16.9,34.5,1047.8,304.2,47.3,5.9,2.8,0.7,447.8,309.5,13.0,7.7,33.0,26.9,24.61,False,4095,0.0,24.8,41.5,EXT-OPEN-METEO-KHI,KARACHI,OPENSOURCE_API_GRID,101,,,,0.95,True,True,TIER2_OPENSOURCE_PURE;CONTINUOUS_MINUTE_STREAM;VERIFIED_MODEL_GRID,aeed493bedd015b1f2168019e0b6a856b265f406c91cb326fa70de912ea1a7eb,2026-09-19T01:40:00+00:00,2026-09-19 06:40:00,87.3,1009.7,68
11.6,17.0,34.5,1054.0,306.0,47.6,5.9,2.8,0.7,447.8,311.8,13.1,7.7,33.0,26.9,24.61,False,4095,0.0,24.6,42.7,EXT-OPEN-METEO-KHI,KARACHI,OPENSOURCE_API_GRID,102,,,,0.95,True,True,TIER2_OPENSOURCE_PURE;CONTINUOUS_MINUTE_STREAM;VERIFIED_MODEL_GRID,b880289d869c4cbece94b3cc9e1d110632c5c3c057f4b4a40468d3a176544a5e,2026-09-19T01:41:00+00:00,2026-09-19 06:41:00,87.3,1009.8,68
11.6,17.0,34.5,1054.0,306.0,47.6,5.9,2.8,0.7,447.8,314.0,13.1,7.7,33.0,26.9,24.59,False,4095,0.0,24.4,43.9,EXT-OPEN-METEO-KHI,KARACHI,OPENSOURCE_API_GRID,103,,,,0.95,True,True,TIER2_OPENSOURCE_PURE;CONTINUOUS_MINUTE_STREAM;VERIFIED_MODEL_GRID,8032beb58eae7329d9120bd239e72083a2fa302c8bdb6ab78a1692c60a55a486,2026-09-19T01:42:00+00:00,2026-09-19 06:42:00,87.2,1009.8,68
11.6,17.1,34.5,1060.2,307.8,47.9,6.0,2.8,0.7,447.8,316.1,13.1,7.7,33.0,26.9,24.59,False,4095,0.0,24.3,45.1,EXT-OPEN-METEO-KHI,KARACHI,OPENSOURCE_API_GRID,104,,,,0.95,True,True,TIER2_OPENSOURCE_PURE;CONTINUOUS_MINUTE_STREAM;VERIFIED_MODEL_GRID,6d16d64162326aae5f91b662901be78269f5b9cf602aedfc57829595f5b6954d,2026-09-19T01:43:00+00:00,2026-09-19 06:43:00,87.2,1009.8,68
11.6,17.1,34.5,1060.2,307.8,47.9,6.0,2.8,0.7,447.8,318.1,13.2,7.7,33.0,26.9,24.57,False,4095,0.0,24.2,46.2,EXT-OPEN-METEO-KHI,KARACHI,OPENSOURCE_API_GRID,105,,,,0.95,True,True,TIER2_OPENSOURCE_PURE;CONTINUOUS_MINUTE_STREAM;VERIFIED_MODEL_GRID,1fc17545b42a957bc1aefd9202d53bd879039be4e25be1814d1c6d056068c126,2026-09-19T01:44:00+00:00,2026-09-19 06:44:00,87.1,1009.8,68
11.6,17.1,34.5,1060.2,307.8,47.9,6.0,2.8,0.7,447.9,320.1,13.2,7.8,33.0,26.9,24.57,False,4095,0.0,24.0,47.2,EXT-OPEN-METEO-KHI,KARACHI,OPENSOURCE_API_GRID,106,,,,0.95,True,True,TIER2_OPENSOURCE_PURE;CONTINUOUS_MINUTE_STREAM;VERIFIED_MODEL_GRID,3f0e970ea45517cde769edf2d888406709dc53173840aaa22208071060d14e4c,2026-09-19T01:45:00+00:00,2026-09-19 06:45:00,87.1,1009.8,68
11.6,17.1,34.5,1060.2,307.8,47.9,6.0,2.8,0.7,447.9,321.9,13.3,7.8,33.0,26.9,24.55,False,4095,0.0,23.9,48.2,EXT-OPEN-METEO-KHI,KARACHI,OPENSOURCE_API_GRID,107,,,,0.95,True,True,TIER2_OPENSOURCE_PURE;CONTINUOUS_MINUTE_STREAM;VERIFIED_MODEL_GRID,78e74652b422dfb6120e94c3e1661db6d75ac6b07358914ac2e815c73591b59e,2026-09-19T01:46:00+00:00,2026-09-19 06:46:00,87.0,1009.8,68
11.6,17.1,34.5,1060.2,307.8,47.9,6.0,2.8,0.7,447.9,323.6,13.3,7.8,33.0,26.9,24.55,False,4095,0.0,23.8,49.1,EXT-OPEN-METEO-KHI,KARACHI,OPENSOURCE_API_GRID,108,,,,0.95,True,True,TIER2_OPENSOURCE_PURE;CONTINUOUS_MINUTE_STREAM;VERIFIED_MODEL_GRID,07d779b032f483bdf9764809fbb247523b77c31476da56a9f587403ebc736a8a,2026-09-19T01:47:00+00:00,2026-09-19 06:47:00,87.0,1009.8,68
11.6,17.1,34.4,1060.2,307.8,47.9,6.0,2.8,0.7,447.9,325.3,13.3,7.8,33.0,26.9,24.55,False,4095,0.0,23.7,50.0,EXT-OPEN-METEO-KHI,KARACHI,OPENSOURCE_API_GRID,109,,,,0.95,True,True,TIER2_OPENSOURCE_PURE;CONTINUOUS_MINUTE_STREAM;VERIFIED_MODEL_GRID,77807f1872c3b735e747541ba56877996c6a3c30e04dd2ef9516841a33502138,2026-09-19T01:48:00+00:00,2026-09-19 06:48:00,87.0,1009.9,68
11.6,17.1,34.4,1060.2,307.8,47.9,6.0,2.8,0.7,447.9,326.8,13.3,7.8,33.0,26.9,24.53,False,4095,0.0,23.6,50.8,EXT-OPEN-METEO-KHI,KARACHI,OPENSOURCE_API_GRID,110,,,,0.95,True,True,TIER2_OPENSOURCE_PURE;CONTINUOUS_MINUTE_STREAM;VERIFIED_MODEL_GRID,9681ff9509dc913097872fd6a77103627e0688eafeedc8ce0a75377b39dc7eb5,2026-09-19T01:49:00+00:00,2026-09-19 06:49:00,86.9,1009.9,68
11.6,17.1,34.4,1060.2,307.8,47.9,6.0,2.8,0.7,447.9,328.2,13.4,7.8,33.0,26.9,24.53,False,4095,0.0,23.5,51.6,EXT-OPEN-METEO-KHI,KARACHI,OPENSOURCE_API_GRID,111,,,,0.95,True,True,TIER2_OPENSOURCE_PURE;CONTINUOUS_MINUTE_STREAM;VERIFIED_MODEL_GRID,33987a235b193cc5e34e3331f04f920b8e3c8c891e2d2cb748b998d7bc859615,2026-09-19T01:50:00+00:00,2026-09-19 06:50:00,86.9,1009.9,68
11.6,17.1,34.4,1060.2,307.8,47.9,6.0,2.8,0.7,447.9,329.4,13.4,7.8,33.0,26.9,24.53,False,4095,0.0,23.4,52.3,EXT-OPEN-METEO-KHI,KARACHI,OPENSOURCE_API_GRID,112,,,,0.95,True,True,TIER2_OPENSOURCE_PURE;CONTINUOUS_MINUTE_STREAM;VERIFIED_MODEL_GRID,43d6b1f5dfa2593d9ed4d9e26d34e8178eb434dea2c94a106eff7dd244f8dcf7,2026-09-19T01:51:00+00:00,2026-09-19 06:51:00,86.9,1009.9,68
11.6,17.1,34.3,1060.2,307.8,47.9,6.0,2.7,0.7,448.0,330.6,13.4,7.9,33.0,26.9,24.53,False,4095,0.0,23.3,52.9,EXT-OPEN-METEO-KHI,KARACHI,OPENSOURCE_API_GRID,113,,,,0.95,True,True,TIER2_OPENSOURCE_PURE;CONTINUOUS_MINUTE_STREAM;VERIFIED_MODEL_GRID,9667ce8ac2a95830ed3e0fedab2cbec785941c9d1993deec75e0bc5a76270391,2026-09-19T01:52:00+00:00,2026-09-19 06:52:00,86.9,1009.9,68
11.6,17.1,34.3,1060.2,307.8,47.9,6.0,2.7,0.7,448.0,331.6,13.4,7.9,33.0,26.9,24.53,False,4095,0.0,23.2,53.5,EXT-OPEN-METEO-KHI,KARACHI,OPENSOURCE_API_GRID,114,,,,0.95,True,True,TIER2_OPENSOURCE_PURE;CONTINUOUS_MINUTE_STREAM;VERIFIED_MODEL_GRID,462b968afa433551a29fda8086d68b027f1dfd562b4b51ff63c60995ef0c600e,2026-09-19T01:53:00+00:00,2026-09-19 06:53:00,86.9,1009.9,68
11.6,17.1,34.3,1060.2,307.8,47.9,6.0,2.7,0.7,448.0,332.5,13.5,7.9,33.0,26.9,24.53,False,4095,0.0,23.2,53.9,EXT-OPEN-METEO-KHI,KARACHI,OPENSOURCE_API_GRID,115,,,,0.95,True,True,TIER2_OPENSOURCE_PURE;CONTINUOUS_MINUTE_STREAM;VERIFIED_MODEL_GRID,b89329d3b01374ec86761e9100a81f14197c611ad3ae479c050a6814a6864d32,2026-09-19T01:54:00+00:00,2026-09-19 06:54:00,86.9,1009.9,68
11.7,17.2,34.4,1066.4,309.6,48.2,6.0,2.8,0.7,448.0,333.3,13.5,7.9,33.0,26.8,24.43,False,4095,0.0,23.1,54.4,EXT-OPEN-METEO-KHI,KARACHI,OPENSOURCE_API_GRID,116,,,,0.95,True,True,TIER2_OPENSOURCE_PURE;CONTINUOUS_MINUTE_STREAM;VERIFIED_MODEL_GRID,12e921d02861e2d02c813d76d215309cd620b6f868fa5d4ea33b1726607201b4,2026-09-19T01:55:00+00:00,2026-09-19 06:55:00,86.9,1009.9,68
11.7,17.2,34.4,1066.4,309.6,48.2,6.0,2.8,0.7,448.0,333.9,13.5,7.9,33.0,26.8,24.43,False,4095,0.0,23.1,54.7,EXT-OPEN-METEO-KHI,KARACHI,OPENSOURCE_API_GRID,117,,,,0.95,True,True,TIER2_OPENSOURCE_PURE;CONTINUOUS_MINUTE_STREAM;VERIFIED_MODEL_GRID,f256d04ff9a113fea75f8f1319f22a372eb8536a5f5f0d36cb8f05cf69b1b6fa,2026-09-19T01:56:00+00:00,2026-09-19 06:56:00,86.9,1009.9,68
11.7,17.2,34.4,1066.4,309.6,48.2,6.0,2.8,0.7,448.0,334.4,13.5,7.9,33.0,26.8,24.43,False,4095,0.0,23.0,55.0,EXT-OPEN-METEO-KHI,KARACHI,OPENSOURCE_API_GRID,118,,,,0.95,True,True,TIER2_OPENSOURCE_PURE;CONTINUOUS_MINUTE_STREAM;VERIFIED_MODEL_GRID,d81e04ad4b8eebe6b7e47fc811c381243a7401796226efa01f524249b6c5bbb4,2026-09-19T01:57:00+00:00,2026-09-19 06:57:00,86.9,1009.9,68
11.8,17.3,34.5,1072.6,311.4,48.4,6.1,2.8,0.7,448.0,334.7,13.5,7.9,33.0,26.9,24.53,False,4095,0.0,23.0,55.1,EXT-OPEN-METEO-KHI,KARACHI,OPENSOURCE_API_GRID,119,,,,0.95,True,True,TIER2_OPENSOURCE_PURE;CONTINUOUS_MINUTE_STREAM;VERIFIED_MODEL_GRID,b48b225915ca5f841c4a795851040b3a7c95e99efdd6d0adc716f48b9514bb0b,2026-09-19T01:58:00+00:00,2026-09-19 06:58:00,86.9,1009.9,68
11.8,17.3,34.6,1072.6,311.4,48.4,6.1,2.8,0.7,448.0,334.9,13.5,7.9,33.0,26.9,24.53,False,4095,0.0,23.0,55.3,EXT-OPEN-METEO-KHI,KARACHI,OPENSOURCE_API_GRID,120,,,,0.95,True,True,TIER2_OPENSOURCE_PURE;CONTINUOUS_MINUTE_STREAM;VERIFIED_MODEL_GRID,33c2ef3826b282fdbe6b42b974e7d269b73572d8ce70dab18136fbe0ee132a76,2026-09-19T01:59:00+00:00,2026-09-19 06:59:00,86.9,1009.9,68
11.8,17.3,34.6,1072.6,311.4,48.4,6.1,2.8,0.7,448.0,335.0,13.5,7.9,33.0,26.9,24.55,False,4095,0.0,23.0,55.3,EXT-OPEN-METEO-KHI,KARACHI,OPENSOURCE_API_GRID,121,,,,0.95,True,False,TIER2_OPENSOURCE_PURE;HOURLY_NODE;VERIFIED_MODEL_GRID,48e834a3b71acd4e2b4660676546a2329dfa004e277dd8bf0eda4d5918ea274c,2026-09-19T02:00:00+00:00,2026-09-19 07:00:00,87.0,1009.9,68
11.8,17.4,34.7,1078.8,313.2,48.7,6.1,2.8,0.7,448.0,335.0,13.5,7.9,33.0,26.9,24.55,False,4095,0.0,23.0,55.4,EXT-OPEN-METEO-KHI,KARACHI,OPENSOURCE_API_GRID,122,,,,0.95,True,True,TIER2_OPENSOURCE_PURE;CONTINUOUS_MINUTE_STREAM;VERIFIED_MODEL_GRID,aa9e554ac270860e4030bda446e492f505cfb009af15fbea2f4c5b82c2e2746f,2026-09-19T02:01:00+00:00,2026-09-19 07:01:00,87.0,1009.9,68
11.8,17.4,34.8,1078.8,313.2,48.7,6.1,2.8,0.7,448.0,335.2,13.5,7.9,33.0,26.9,24.55,False,4095,0.0,23.0,55.7,EXT-OPEN-METEO-KHI,KARACHI,OPENSOURCE_API_GRID,123,,,,0.95,True,True,TIER2_OPENSOURCE_PURE;CONTINUOUS_MINUTE_STREAM;VERIFIED_MODEL_GRID,05bef71ef995816d94dff744afebb60d72efeb3974391aa6e02cc78961017688,2026-09-19T02:02:00+00:00,2026-09-19 07:02:00,87.0,1009.9,68
11.9,17.5,34.9,1085.0,315.0,49.0,6.1,2.8,0.7,448.0,335.4,13.5,7.9,33.0,26.9,24.55,False,4095,0.0,23.1,56.3,EXT-OPEN-METEO-KHI,KARACHI,OPENSOURCE_API_GRID,124,,,,0.95,True,True,TIER2_OPENSOURCE_PURE;CONTINUOUS_MINUTE_STREAM;VERIFIED_MODEL_GRID,a2aac7a212440af1223e7eb2d152df1b550bce6ec55b0d1a592b1ad8b0c304c3,2026-09-19T02:03:00+00:00,2026-09-19 07:03:00,87.0,1009.9,68
11.8,17.4,34.9,1078.8,313.2,48.7,6.1,2.8,0.7,448.0,335.7,13.5,7.9,33.1,26.9,24.57,False,4095,0.0,23.1,57.1,EXT-OPEN-METEO-KHI,KARACHI,OPENSOURCE_API_GRID,125,,,,0.95,True,True,TIER2_OPENSOURCE_PURE;CONTINUOUS_MINUTE_STREAM;VERIFIED_MODEL_GRID,864a04a6d5b0e28efabe313ccd1e8e9296ec7d7f1baa0e0461d93b601e28b94b,2026-09-19T02:04:00+00:00,2026-09-19 07:04:00,87.1,1009.9,68
11.9,17.5,35.1,1085.0,315.0,49.0,6.1,2.8,0.7,448.0,336.0,13.5,7.9,33.1,26.9,24.55,False,4095,0.0,23.2,58.0,EXT-OPEN-METEO-KHI,KARACHI,OPENSOURCE_API_GRID,126,,,,0.95,True,True,TIER2_OPENSOURCE_PURE;CONTINUOUS_MINUTE_STREAM;VERIFIED_MODEL_GRID,1d4360a358e7edf173f9f4e2d1e1993ddef62eac2c29915e327cc165d0492069,2026-09-19T02:05:00+00:00,2026-09-19 07:05:00,87.0,1009.9,68
11.9,17.5,35.2,1085.0,315.0,49.0,6.1,2.8,0.7,448.0,336.5,13.5,7.9,33.1,26.9,24.55,False,4095,0.0,23.3,59.2,EXT-OPEN-METEO-KHI,KARACHI,OPENSOURCE_API_GRID,127,,,,0.95,True,True,TIER2_OPENSOURCE_PURE;CONTINUOUS_MINUTE_STREAM;VERIFIED_MODEL_GRID,fe696d5eac7f82e5dc1694b0711a6eaeb3989f5ad0a840fc7a808d43d093ff8b,2026-09-19T02:06:00+00:00,2026-09-19 07:06:00,87.0,1009.9,68
12.0,17.6,35.5,1091.2,316.8,49.3,6.2,2.8,0.7,448.0,337.0,13.5,7.9,33.2,27.0,24.63,False,4095,0.0,23.4,60.6,EXT-OPEN-METEO-KHI,KARACHI,OPENSOURCE_API_GRID,128,,,,0.95,True,True,TIER2_OPENSOURCE_PURE;CONTINUOUS_MINUTE_STREAM;VERIFIED_MODEL_GRID,0d3f2e5eb99e937fd73ecce629476ad4d6042fc5e88aa35559d1344146bec776,2026-09-19T02:07:00+00:00,2026-09-19 07:07:00,86.9,1009.9,68
12.0,17.6,35.7,1091.2,316.8,49.3,6.2,2.9,0.7,448.0,337.6,13.5,7.9,33.2,27.0,24.63,False,4095,0.0,23.5,62.3,EXT-OPEN-METEO-KHI,KARACHI,OPENSOURCE_API_GRID,129,,,,0.95,True,True,TIER2_OPENSOURCE_PURE;CONTINUOUS_MINUTE_STREAM;VERIFIED_MODEL_GRID,6e4fb3d71a9030bf526f6c0b2ed5931c6f1d236e7086a9d1d87ed8266fe72c5e,2026-09-19T02:08:00+00:00,2026-09-19 07:08:00,86.9,1009.9,68
12.0,17.6,35.9,1091.2,316.8,49.3,6.2,2.9,0.7,448.0,338.3,13.5,7.9,33.3,27.0,24.61,False,4095,0.0,23.6,64.1,EXT-OPEN-METEO-KHI,KARACHI,OPENSOURCE_API_GRID,130,,,,0.95,True,True,TIER2_OPENSOURCE_PURE;CONTINUOUS_MINUTE_STREAM;VERIFIED_MODEL_GRID,1019872185abdcc1efb0bc17aaa801d7ea2e1e3daa2e40387ef9f5e91caddd23,2026-09-19T02:09:00+00:00,2026-09-19 07:09:00,86.8,1010.0,68
12.0,17.7,36.1,1097.4,318.6,49.6,6.2,2.9,0.7,448.0,339.0,13.5,8.0,33.3,27.0,24.59,False,4095,0.0,23.7,66.1,EXT-OPEN-METEO-KHI,KARACHI,OPENSOURCE_API_GRID,131,,,,0.95,True,True,TIER2_OPENSOURCE_PURE;CONTINUOUS_MINUTE_STREAM;VERIFIED_MODEL_GRID,c51778d08fd4fcfbf9ecbdb1fa40ae5f531b8d31725004f72ae5fe76a5788f80,2026-09-19T02:10:00+00:00,2026-09-19 07:10:00,86.7,1010.0,68
12.0,17.7,36.4,1097.4,318.6,49.6,6.2,2.9,0.7,448.0,339.8,13.6,8.0,33.4,27.0,24.57,False,4095,0.0,23.9,68.3,EXT-OPEN-METEO-KHI,KARACHI,OPENSOURCE_API_GRID,132,,,,0.95,True,True,TIER2_OPENSOURCE_PURE;CONTINUOUS_MINUTE_STREAM;VERIFIED_MODEL_GRID,fec19c9fff01dd5e18a85e9629ed8e6468c0578368d4e95a302ea76ac07dd701,2026-09-19T02:11:00+00:00,2026-09-19 07:11:00,86.6,1010.0,68
12.0,17.7,36.6,1097.4,318.6,49.6,6.2,2.9,0.7,448.0,340.7,13.6,8.0,33.5,27.1,24.65,False,4095,0.0,24.1,70.7,EXT-OPEN-METEO-KHI,KARACHI,OPENSOURCE_API_GRID,133,,,,0.95,True,True,TIER2_OPENSOURCE_PURE;CONTINUOUS_MINUTE_STREAM;VERIFIED_MODEL_GRID,4841b1750193de908de9be936c35de8e9218f163e5fedf3d46e3d9e582053083,2026-09-19T02:12:00+00:00,2026-09-19 07:12:00,86.5,1010.0,68
12.0,17.7,36.9,1097.4,318.6,49.6,6.2,3.0,0.7,448.0,341.7,13.6,8.0,33.6,27.1,24.61,False,4095,0.0,24.2,73.2,EXT-OPEN-METEO-KHI,KARACHI,OPENSOURCE_API_GRID,134,,,,0.95,True,True,TIER2_OPENSOURCE_PURE;CONTINUOUS_MINUTE_STREAM;VERIFIED_MODEL_GRID,9e8733b12c9d854bcf9f21d6126e18529b91e496b1ba04685c7acdc2a425945a,2026-09-19T02:13:00+00:00,2026-09-19 07:13:00,86.3,1010.0,68
12.0,17.7,37.1,1097.4,318.6,49.6,6.2,3.0,0.7,448.0,342.7,13.6,8.0,33.6,27.1,24.59,False,4095,0.0,24.4,76.0,EXT-OPEN-METEO-KHI,KARACHI,OPENSOURCE_API_GRID,135,,,,0.95,True,True,TIER2_OPENSOURCE_PURE;CONTINUOUS_MINUTE_STREAM;VERIFIED_MODEL_GRID,587b7f61b0af3e46ffb7cb4dc33c8af074f6ea31f23b4c0df6d255090a169a53,2026-09-19T02:14:00+00:00,2026-09-19 07:14:00,86.2,1010.0,68
12.0,17.7,37.4,1097.4,318.6,49.6,6.2,3.0,0.7,448.0,343.8,13.6,8.0,33.7,27.1,24.57,False,4095,0.0,24.6,78.8,EXT-OPEN-METEO-KHI,KARACHI,OPENSOURCE_API_GRID,136,,,,0.95,True,True,TIER2_OPENSOURCE_PURE;CONTINUOUS_MINUTE_STREAM;VERIFIED_MODEL_GRID,b9c8a6bc58eafeb39ae2d7e5ae4c79422f69635a31704c43e3d8cc6a6aa2ea20,2026-09-19T02:15:00+00:00,2026-09-19 07:15:00,86.1,1010.1,68
12.0,17.7,37.7,1097.4,318.6,49.6,6.2,3.0,0.8,448.0,344.9,13.6,8.0,33.8,27.1,24.54,False,4095,0.0,24.8,81.9,EXT-OPEN-METEO-KHI,KARACHI,OPENSOURCE_API_GRID,137,,,,0.95,True,True,TIER2_OPENSOURCE_PURE;CONTINUOUS_MINUTE_STREAM;VERIFIED_MODEL_GRID,773c8fff615327ba0e47dce162901f16fb0bed2a38d10b0335f5b582f33a13f4,2026-09-19T02:16:00+00:00,2026-09-19 07:16:00,85.9,1010.1,68
12.0,17.7,38.0,1097.4,318.6,49.6,6.2,3.0,0.8,448.0,346.1,13.6,8.1,33.9,27.1,24.52,False,4095,0.0,25.0,85.1,EXT-OPEN-METEO-KHI,KARACHI,OPENSOURCE_API_GRID,138,,,,0.95,True,True,TIER2_OPENSOURCE_PURE;CONTINUOUS_MINUTE_STREAM;VERIFIED_MODEL_GRID,eee8ffb7f228b4ef0eb6fdd886cf452b22fc7383f3617ca09f219111d5eecb07,2026-09-19T02:17:00+00:00,2026-09-19 07:17:00,85.8,1010.1,68
12.0,17.7,38.3,1097.4,318.6,49.6,6.2,3.1,0.8,448.0,347.4,13.6,8.1,34.0,27.1,24.5,False,4095,0.0,25.3,88.4,EXT-OPEN-METEO-KHI,KARACHI,OPENSOURCE_API_GRID,139,,,,0.95,True,True,TIER2_OPENSOURCE_PURE;CONTINUOUS_MINUTE_STREAM;VERIFIED_MODEL_GRID,105f109005a3acd3d74da958f9378f961b73df91ae19ef828345317970c5d10e,2026-09-19T02:18:00+00:00,2026-09-19 07:18:00,85.7,1010.1,68
12.0,17.6,38.6,1091.2,316.8,49.3,6.2,3.1,0.8,448.0,348.7,13.7,8.1,34.1,27.2,24.56,False,4095,0.0,25.5,91.9,EXT-OPEN-METEO-KHI,KARACHI,OPENSOURCE_API_GRID,140,,,,0.95,True,True,TIER2_OPENSOURCE_PURE;CONTINUOUS_MINUTE_STREAM;VERIFIED_MODEL_GRID,88dc7368809004f62381dc20421c31dacc429e37217d335394edfe76df123029,2026-09-19T02:19:00+00:00,2026-09-19 07:19:00,85.5,1010.1,68
12.0,17.6,38.9,1091.2,316.8,49.3,6.2,3.1,0.8,448.0,350.0,13.7,8.1,34.2,27.2,24.54,False,4095,0.0,25.8,95.5,EXT-OPEN-METEO-KHI,KARACHI,OPENSOURCE_API_GRID,141,,,,0.95,True,True,TIER2_OPENSOURCE_PURE;CONTINUOUS_MINUTE_STREAM;VERIFIED_MODEL_GRID,d1cbce3929cc47e71654fe4832fe1b82bdc755f3432860374d6289947f15fbff,2026-09-19T02:20:00+00:00,2026-09-19 07:20:00,85.4,1010.1,68
12.0,17.6,39.2,1091.2,316.8,49.3,6.2,3.1,0.8,448.0,351.4,13.7,8.1,34.4,27.2,24.5,False,4095,0.0,26.0,99.2,EXT-OPEN-METEO-KHI,KARACHI,OPENSOURCE_API_GRID,142,,,,0.95,True,True,TIER2_OPENSOURCE_PURE;CONTINUOUS_MINUTE_STREAM;VERIFIED_MODEL_GRID,83c74cb957176a785ce90af48e764d080967e57a07a358832b356e4a57d2297f,2026-09-19T02:21:00+00:00,2026-09-19 07:21:00,85.2,1010.2,68
12.0,17.6,39.6,1091.2,316.8,49.3,6.2,3.2,0.8,448.0,352.8,13.7,8.2,34.5,27.2,24.48,False,4095,0.0,26.3,103.0,EXT-OPEN-METEO-KHI,KARACHI,OPENSOURCE_API_GRID,143,,,,0.95,True,True,TIER2_OPENSOURCE_PURE;CONTINUOUS_MINUTE_STREAM;VERIFIED_MODEL_GRID,f71378a9959ff29d9d39c9e6efa5795d1c3e3aaaac2c28d7ff3b9df1366ebee1,2026-09-19T02:22:00+00:00,2026-09-19 07:22:00,85.1,1010.2,68
12.0,17.6,40.0,1091.2,316.8,49.3,6.2,3.2,0.8,448.0,354.2,13.7,8.2,34.6,27.2,24.44,False,4095,0.0,26.5,106.9,EXT-OPEN-METEO-KHI,KARACHI,OPENSOURCE_API_GRID,144,,,,0.95,True,True,TIER2_OPENSOURCE_PURE;CONTINUOUS_MINUTE_STREAM;VERIFIED_MODEL_GRID,3e77598a03953f4e71dd1061a5759da339fd5eba7d3b2c6307008073d90a1766,2026-09-19T02:23:00+00:00,2026-09-19 07:23:00,84.9,1010.2,68
12.0,17.6,40.4,1091.2,316.8,49.3,6.2,3.2,0.8,448.0,355.7,13.7,8.2,34.7,27.2,24.42,False,4095,0.0,26.8,110.9,EXT-OPEN-METEO-KHI,KARACHI,OPENSOURCE_API_GRID,145,,,,0.95,True,True,TIER2_OPENSOURCE_PURE;CONTINUOUS_MINUTE_STREAM;VERIFIED_MODEL_GRID,d3cb9b5c1fc19ff3775e527af0d5c37eb03ca28aab1d52118c15dd7af4788272,2026-09-19T02:24:00+00:00,2026-09-19 07:24:00,84.8,1010.2,68
12.0,17.6,40.8,1091.2,316.8,49.3,6.2,3.3,0.8,448.0,357.2,13.8,8.2,34.9,27.3,24.48,False,4095,0.0,27.1,114.9,EXT-OPEN-METEO-KHI,KARACHI,OPENSOURCE_API_GRID,146,,,,0.95,True,True,TIER2_OPENSOURCE_PURE;CONTINUOUS_MINUTE_STREAM;VERIFIED_MODEL_GRID,cad8df582a861fcf604b333c66953a45a73a9ee66028559719acbb23d677f5fe,2026-09-19T02:25:00+00:00,2026-09-19 07:25:00,84.6,1010.2,68
12.0,17.7,41.2,1097.4,318.6,49.6,6.2,3.3,0.8,448.0,358.8,13.8,8.3,35.0,27.3,24.46,False,4095,0.0,27.4,119.0,EXT-OPEN-METEO-KHI,KARACHI,OPENSOURCE_API_GRID,147,,,,0.95,True,True,TIER2_OPENSOURCE_PURE;CONTINUOUS_MINUTE_STREAM;VERIFIED_MODEL_GRID,ec7f8ad05eca97d05562dca6b9b1a091d69af1ec395ba494627e202575324edd,2026-09-19T02:26:00+00:00,2026-09-19 07:26:00,84.5,1010.3,68
12.0,17.7,41.7,1097.4,318.6,49.6,6.2,3.3,0.8,448.0,360.3,13.8,8.3,35.1,27.3,24.44,False,4095,0.0,27.6,123.1,EXT-OPEN-METEO-KHI,KARACHI,OPENSOURCE_API_GRID,148,,,,0.95,True,True,TIER2_OPENSOURCE_PURE;CONTINUOUS_MINUTE_STREAM;VERIFIED_MODEL_GRID,460f21c39add40c0d73262d97b95951b295dfad25807051ec18e785f3cbef640,2026-09-19T02:27:00+00:00,2026-09-19 07:27:00,84.4,1010.3,68
12.1,17.8,42.2,1103.6,320.4,49.8,6.2,3.4,0.8,448.0,361.9,13.8,8.3,35.2,27.3,24.4,False,4095,0.0,27.9,127.3,EXT-OPEN-METEO-KHI,KARACHI,OPENSOURCE_API_GRID,149,,,,0.95,True,True,TIER2_OPENSOURCE_PURE;CONTINUOUS_MINUTE_STREAM;VERIFIED_MODEL_GRID,617fa1f413716a9ee75ba864b01a11e913954ead2d852ebc63e8b2ed6e50843c,2026-09-19T02:28:00+00:00,2026-09-19 07:28:00,84.2,1010.3,68
12.1,17.8,42.7,1103.6,320.4,49.8,6.2,3.4,0.9,448.0,363.4,13.8,8.3,35.4,27.4,24.48,False,4095,0.0,28.2,131.5,EXT-OPEN-METEO-KHI,KARACHI,OPENSOURCE_API_GRID,150,,,,0.95,True,True,TIER2_OPENSOURCE_PURE;CONTINUOUS_MINUTE_STREAM;VERIFIED_MODEL_GRID,23657a4a0e7e1627203b82d95f15bc9c09ecc60d258436e8d3875141c6d7870d,2026-09-19T02:29:00+00:00,2026-09-19 07:29:00,84.1,1010.3,68
12.2,17.9,43.2,1109.8,322.2,50.1,6.3,3.5,0.9,448.0,365.0,13.8,8.3,35.5,27.4,24.44,False,4095,0.0,28.5,135.7,EXT-OPEN-METEO-KHI,KARACHI,OPENSOURCE_API_GRID,151,,,,0.95,True,True,TIER2_OPENSOURCE_PURE;CONTINUOUS_MINUTE_STREAM;VERIFIED_MODEL_GRID,b62650a44607c1fb9edd4f3e7ce55e6dc40e55ea4e7db1035a36faae2b1ab842,2026-09-19T02:30:00+00:00,2026-09-19 07:30:00,83.9,1010.3,68
12.2,18.0,43.7,1116.0,324.0,50.4,6.3,3.5,0.9,448.0,366.6,13.9,8.4,35.6,27.4,24.42,False,4095,0.0,28.8,139.9,EXT-OPEN-METEO-KHI,KARACHI,OPENSOURCE_API_GRID,152,,,,0.95,True,True,TIER2_OPENSOURCE_PURE;CONTINUOUS_MINUTE_STREAM;VERIFIED_MODEL_GRID,212b2203671ac38391dc22084a9183757bc3f1040b692791c093654355017845,2026-09-19T02:31:00+00:00,2026-09-19 07:31:00,83.8,1010.4,68
12.3,18.1,44.2,1122.2,325.8,50.7,6.3,3.5,0.9,448.0,368.1,13.9,8.4,35.8,27.5,24.49,False,4095,0.0,29.1,144.1,EXT-OPEN-METEO-KHI,KARACHI,OPENSOURCE_API_GRID,153,,,,0.95,True,True,TIER2_OPENSOURCE_PURE;CONTINUOUS_MINUTE_STREAM;VERIFIED_MODEL_GRID,348a568e7ae03783e4297dcdababfa6aa810a724c1ebea591f06a1fdf037b978,2026-09-19T02:32:00+00:00,2026-09-19 07:32:00,83.7,1010.4,68
12.3,18.1,44.7,1122.2,325.8,50.7,6.3,3.6,0.9,448.0,369.7,13.9,8.4,35.9,27.5,24.45,False,4095,0.0,29.4,148.3,EXT-OPEN-METEO-KHI,KARACHI,OPENSOURCE_API_GRID,154,,,,0.95,True,True,TIER2_OPENSOURCE_PURE;CONTINUOUS_MINUTE_STREAM;VERIFIED_MODEL_GRID,b6b7370d615094390c935c891f10028175ef5bce6706683e3dc2776d560d5de6,2026-09-19T02:33:00+00:00,2026-09-19 07:33:00,83.5,1010.4,68
12.4,18.2,45.2,1128.4,327.6,51.0,6.4,3.6,0.9,448.0,371.2,13.9,8.4,36.0,27.6,24.53,False,4095,0.0,29.6,152.4,EXT-OPEN-METEO-KHI,KARACHI,OPENSOURCE_API_GRID,155,,,,0.95,True,True,TIER2_OPENSOURCE_PURE;CONTINUOUS_MINUTE_STREAM;VERIFIED_MODEL_GRID,3409b422d184354e6f9ebdb3fb73d8b28ec3684d9447004ca7770a4258079dfa,2026-09-19T02:34:00+00:00,2026-09-19 07:34:00,83.4,1010.4,68
12.4,18.2,45.5,1128.4,327.6,51.0,6.4,3.6,0.9,448.0,372.8,13.9,8.5,36.1,27.6,24.53,False,4095,0.0,29.9,156.5,EXT-OPEN-METEO-KHI,KARACHI,OPENSOURCE_API_GRID,156,,,,0.95,True,True,TIER2_OPENSOURCE_PURE;CONTINUOUS_MINUTE_STREAM;VERIFIED_MODEL_GRID,c3442efcd8041789e3bfa827fdaa55257ce1fa2e972242294c212554e1b24245,2026-09-19T02:35:00+00:00,2026-09-19 07:35:00,83.4,1010.5,68
12.4,18.2,46.0,1128.4,327.6,51.0,6.4,3.7,0.9,448.0,374.3,14.0,8.5,36.3,27.6,24.49,False,4095,0.0,30.2,160.5,EXT-OPEN-METEO-KHI,KARACHI,OPENSOURCE_API_GRID,157,,,,0.95,True,True,TIER2_OPENSOURCE_PURE;CONTINUOUS_MINUTE_STREAM;VERIFIED_MODEL_GRID,f6bd0e899745df8c5f58012f6a6c86d26bde20964340e5d832f68c5b6494c669,2026-09-19T02:36:00+00:00,2026-09-19 07:36:00,83.2,1010.5,68
12.4,18.3,46.5,1134.6,329.4,51.2,6.4,3.7,0.9,448.0,375.8,14.0,8.5,36.4,27.7,24.57,False,4095,0.0,30.5,164.5,EXT-OPEN-METEO-KHI,KARACHI,OPENSOURCE_API_GRID,158,,,,0.95,True,True,TIER2_OPENSOURCE_PURE;CONTINUOUS_MINUTE_STREAM;VERIFIED_MODEL_GRID,9d079cd3c308a514132f4cf7d02a76af59be586360d23f23a5f03533d9dd4714,2026-09-19T02:37:00+00:00,2026-09-19 07:37:00,83.1,1010.5,68
12.5,18.4,47.0,1140.8,331.2,51.5,6.4,3.8,0.9,448.0,377.2,14.0,8.5,36.5,27.7,24.53,False,4095,0.0,30.7,168.4,EXT-OPEN-METEO-KHI,KARACHI,OPENSOURCE_API_GRID,159,,,,0.95,True,True,TIER2_OPENSOURCE_PURE;CONTINUOUS_MINUTE_STREAM;VERIFIED_MODEL_GRID,36ac91cd932e405c9910e1bb2b722ac4e1bc7024bac3233f87e436409f767d99,2026-09-19T02:38:00+00:00,2026-09-19 07:38:00,82.9,1010.5,68
12.5,18.4,47.4,1140.8,331.2,51.5,6.4,3.8,0.9,448.0,378.6,14.0,8.6,36.6,27.7,24.51,False,4095,0.0,31.0,172.2,EXT-OPEN-METEO-KHI,KARACHI,OPENSOURCE_API_GRID,160,,,,0.95,True,True,TIER2_OPENSOURCE_PURE;CONTINUOUS_MINUTE_STREAM;VERIFIED_MODEL_GRID,74ed4cf2d768b4bf42a8a45d6ba18c98fc307097c7747bbd26074f3b7fa6b6be,2026-09-19T02:39:00+00:00,2026-09-19 07:39:00,82.8,1010.6,68
12.6,18.5,47.9,1147.0,333.0,51.8,6.5,3.8,1.0,448.0,380.0,14.0,8.6,36.8,27.8,24.57,False,4095,0.0,31.2,175.9,EXT-OPEN-METEO-KHI,KARACHI,OPENSOURCE_API_GRID,161,,,,0.95,True,True,TIER2_OPENSOURCE_PURE;CONTINUOUS_MINUTE_STREAM;VERIFIED_MODEL_GRID,6cd894a4461dbdc731a8d093f7e99175225d99e367c9591d494eb638016d9c70,2026-09-19T02:40:00+00:00,2026-09-19 07:40:00,82.6,1010.6,68
12.6,18.5,48.3,1147.0,333.0,51.8,6.5,3.9,1.0,448.0,381.3,14.0,8.6,36.9,27.8,24.53,False,4095,0.0,31.5,179.5,EXT-OPEN-METEO-KHI,KARACHI,OPENSOURCE_API_GRID,162,,,,0.95,True,True,TIER2_OPENSOURCE_PURE;CONTINUOUS_MINUTE_STREAM;VERIFIED_MODEL_GRID,0934c3377dfa6a53032ff5ec746fcf6a81705a8b4f76c3aa1995e47737db7bed,2026-09-19T02:41:00+00:00,2026-09-19 07:41:00,82.4,1010.6,68
12.6,18.6,48.7,1153.2,334.8,52.1,6.5,3.9,1.0,448.0,382.6,14.1,8.6,37.0,27.8,24.5,False,4095,0.0,31.7,183.0,EXT-OPEN-METEO-KHI,KARACHI,OPENSOURCE_API_GRID,163,,,,0.95,True,True,TIER2_OPENSOURCE_PURE;CONTINUOUS_MINUTE_STREAM;VERIFIED_MODEL_GRID,2a60c6f22dbf4dfc6bd22b437f8e7d2bae5bb093d02ef6f201a435c2148eca71,2026-09-19T02:42:00+00:00,2026-09-19 07:42:00,82.3,1010.6,68
12.6,18.6,49.0,1153.2,334.8,52.1,6.5,3.9,1.0,448.0,383.9,14.1,8.6,37.1,27.8,24.46,False,4095,0.0,32.0,186.3,EXT-OPEN-METEO-KHI,KARACHI,OPENSOURCE_API_GRID,164,,,,0.95,True,True,TIER2_OPENSOURCE_PURE;CONTINUOUS_MINUTE_STREAM;VERIFIED_MODEL_GRID,5323fb2aa1060e8f574ae015f2c2a0c4795fa1287d9bdcf1219b4bc97051747c,2026-09-19T02:43:00+00:00,2026-09-19 07:43:00,82.1,1010.7,68
12.6,18.6,49.3,1153.2,334.8,52.1,6.5,3.9,1.0,448.0,385.1,14.1,8.7,37.2,27.9,24.54,False,4095,0.0,32.2,189.5,EXT-OPEN-METEO-KHI,KARACHI,OPENSOURCE_API_GRID,165,,,,0.95,True,True,TIER2_OPENSOURCE_PURE;CONTINUOUS_MINUTE_STREAM;VERIFIED_MODEL_GRID,45238d865e33eec4f9639a5d4f3e1c170c0b74c2a0014cf350bd941d0cfbede5,2026-09-19T02:44:00+00:00,2026-09-19 07:44:00,82.0,1010.7,68
12.6,18.6,49.6,1153.2,334.8,52.1,6.5,4.0,1.0,448.0,386.2,14.1,8.7,37.3,27.9,24.52,False,4095,0.0,32.4,192.6,EXT-OPEN-METEO-KHI,KARACHI,OPENSOURCE_API_GRID,166,,,,0.95,True,True,TIER2_OPENSOURCE_PURE;CONTINUOUS_MINUTE_STREAM;VERIFIED_MODEL_GRID,66de6ebb7ee0525ea7b9672408c0a8babdc65fe5c6207ec866c794901e53cce2,2026-09-19T02:45:00+00:00,2026-09-19 07:45:00,81.9,1010.7,68
12.6,18.6,49.9,1153.2,334.8,52.1,6.5,4.0,1.0,448.0,387.3,14.1,8.7,37.4,27.9,24.48,False,4095,0.0,32.6,195.4,EXT-OPEN-METEO-KHI,KARACHI,OPENSOURCE_API_GRID,167,,,,0.95,True,True,TIER2_OPENSOURCE_PURE;CONTINUOUS_MINUTE_STREAM;VERIFIED_MODEL_GRID,548e6c472ccb9b4df261f23ff9fc147336d76d5d19b052b43a34bf905ca4539d,2026-09-19T02:46:00+00:00,2026-09-19 07:46:00,81.7,1010.7,68
12.6,18.6,50.1,1153.2,334.8,52.1,6.5,4.0,1.0,448.0,388.3,14.1,8.7,37.4,27.9,24.46,False,4095,0.0,32.8,198.2,EXT-OPEN-METEO-KHI,KARACHI,OPENSOURCE_API_GRID,168,,,,0.95,True,True,TIER2_OPENSOURCE_PURE;CONTINUOUS_MINUTE_STREAM;VERIFIED_MODEL_GRID,14ea464f3c92d86e41d0c885615e223e8e2f39ca3553316087665fce6ad8c8b6,2026-09-19T02:47:00+00:00,2026-09-19 07:47:00,81.6,1010.7,68
12.6,18.5,50.3,1147.0,333.0,51.8,6.5,4.0,1.0,448.0,389.3,14.1,8.7,37.5,27.9,24.44,False,4095,0.0,32.9,200.7,EXT-OPEN-METEO-KHI,KARACHI,OPENSOURCE_API_GRID,169,,,,0.95,True,True,TIER2_OPENSOURCE_PURE;CONTINUOUS_MINUTE_STREAM;VERIFIED_MODEL_GRID,6b343aebf2b7a3903fbca62d055bfa1074bb4aff68e62c730e6bf6951e224086,2026-09-19T02:48:00+00:00,2026-09-19 07:48:00,81.5,1010.7,68
12.6,18.5,50.5,1147.0,333.0,51.8,6.5,4.0,1.0,448.0,390.2,14.1,8.7,37.6,27.9,24.42,False,4095,0.0,33.1,203.1,EXT-OPEN-METEO-KHI,KARACHI,OPENSOURCE_API_GRID,170,,,,0.95,True,True,TIER2_OPENSOURCE_PURE;CONTINUOUS_MINUTE_STREAM;VERIFIED_MODEL_GRID,ba761409f6536183b91079027a9501f5af715953f22b36f9319bce360ac5bfce,2026-09-19T02:49:00+00:00,2026-09-19 07:49:00,81.4,1010.7,68
12.6,18.5,50.7,1147.0,333.0,51.8,6.5,4.1,1.0,448.0,391.0,14.2,8.7,37.7,27.9,24.4,False,4095,0.0,33.3,205.3,EXT-OPEN-METEO-KHI,KARACHI,OPENSOURCE_API_GRID,171,,,,0.95,True,True,TIER2_OPENSOURCE_PURE;CONTINUOUS_MINUTE_STREAM;VERIFIED_MODEL_GRID,7764692aa17756464fe073e98512b6ee537a32895b7be21bea17be6c8d00d3f2,2026-09-19T02:50:00+00:00,2026-09-19 07:50:00,81.3,1010.8,68
12.6,18.5,50.8,1147.0,333.0,51.8,6.5,4.1,1.0,448.0,391.7,14.2,8.8,37.7,27.9,24.38,False,4095,0.0,33.4,207.3,EXT-OPEN-METEO-KHI,KARACHI,OPENSOURCE_API_GRID,172,,,,0.95,True,True,TIER2_OPENSOURCE_PURE;CONTINUOUS_MINUTE_STREAM;VERIFIED_MODEL_GRID,79c4b7e174136c5728a6910975df94cbb140523ef9bd3ab706bfa0fe5f853903,2026-09-19T02:51:00+00:00,2026-09-19 07:51:00,81.2,1010.8,68
12.5,18.4,51.0,1140.8,331.2,51.5,6.4,4.1,1.0,448.0,392.4,14.2,8.8,37.8,27.9,24.36,False,4095,0.0,33.5,209.1,EXT-OPEN-METEO-KHI,KARACHI,OPENSOURCE_API_GRID,173,,,,0.95,True,True,TIER2_OPENSOURCE_PURE;CONTINUOUS_MINUTE_STREAM;VERIFIED_MODEL_GRID,3f89f8fadf92953b879da07846c72ceeeac1a3dcbd33542588b33d9d18dd2816,2026-09-19T02:52:00+00:00,2026-09-19 07:52:00,81.1,1010.8,68
12.5,18.4,51.1,1140.8,331.2,51.5,6.4,4.1,1.0,448.0,393.0,14.2,8.8,37.8,27.9,24.36,False,4095,0.0,33.6,210.8,EXT-OPEN-METEO-KHI,KARACHI,OPENSOURCE_API_GRID,174,,,,0.95,True,True,TIER2_OPENSOURCE_PURE;CONTINUOUS_MINUTE_STREAM;VERIFIED_MODEL_GRID,e4681deba5359488d5fdca375e5b64b9ee6d6a99096eb94fc977d811d0f25859,2026-09-19T02:53:00+00:00,2026-09-19 07:53:00,81.1,1010.8,68
12.5,18.4,51.2,1140.8,331.2,51.5,6.4,4.1,1.0,448.0,393.5,14.2,8.8,37.9,27.9,24.34,False,4095,0.0,33.7,212.2,EXT-OPEN-METEO-KHI,KARACHI,OPENSOURCE_API_GRID,175,,,,0.95,True,True,TIER2_OPENSOURCE_PURE;CONTINUOUS_MINUTE_STREAM;VERIFIED_MODEL_GRID,aca2ab805d91a4f1146e79e1afe9c920afb90b0ded8bc65c4e8150b7582ed5ed,2026-09-19T02:54:00+00:00,2026-09-19 07:54:00,81.0,1010.8,68
12.5,18.4,51.3,1140.8,331.2,51.5,6.4,4.1,1.0,448.0,394.0,14.2,8.8,37.9,27.9,24.34,False,4095,0.0,33.8,213.4,EXT-OPEN-METEO-KHI,KARACHI,OPENSOURCE_API_GRID,176,,,,0.95,True,True,TIER2_OPENSOURCE_PURE;CONTINUOUS_MINUTE_STREAM;VERIFIED_MODEL_GRID,de1a09510d271b63c3c85fc418bc6b1b3c3d3c656bddde41f9a3c2fc0ceadac3,2026-09-19T02:55:00+00:00,2026-09-19 07:55:00,81.0,1010.8,68
12.5,18.4,51.4,1140.8,331.2,51.5,6.4,4.1,1.0,448.0,394.3,14.2,8.8,37.9,27.9,24.32,False,4095,0.0,33.9,214.3,EXT-OPEN-METEO-KHI,KARACHI,OPENSOURCE_API_GRID,177,,,,0.95,True,True,TIER2_OPENSOURCE_PURE;CONTINUOUS_MINUTE_STREAM;VERIFIED_MODEL_GRID,92a596aeaa4ea07c9114673c538a01c6ab08e5a69477c37f635cea152584c5b0,2026-09-19T02:56:00+00:00,2026-09-19 07:56:00,80.9,1010.8,68
12.5,18.4,51.5,1140.8,331.2,51.5,6.4,4.1,1.0,448.0,394.6,14.2,8.8,38.0,27.9,24.32,False,4095,0.0,33.9,215.1,EXT-OPEN-METEO-KHI,KARACHI,OPENSOURCE_API_GRID,178,,,,0.95,True,True,TIER2_OPENSOURCE_PURE;CONTINUOUS_MINUTE_STREAM;VERIFIED_MODEL_GRID,eb1e7f7fa5ee2696f9e58b35bed2b7f8dd0a0c8a2eab0e21cd8fde2a6928a9af,2026-09-19T02:57:00+00:00,2026-09-19 07:57:00,80.9,1010.8,68
12.5,18.4,51.6,1140.8,331.2,51.5,6.4,4.1,1.0,448.0,394.8,14.2,8.8,38.0,27.9,24.32,False,4095,0.0,34.0,215.7,EXT-OPEN-METEO-KHI,KARACHI,OPENSOURCE_API_GRID,179,,,,0.95,True,True,TIER2_OPENSOURCE_PURE;CONTINUOUS_MINUTE_STREAM;VERIFIED_MODEL_GRID,3d9cb4d3dd777a911e606b450833686dee631cac1902d55a1f5eca362da20fdd,2026-09-19T02:58:00+00:00,2026-09-19 07:58:00,80.9,1010.8,68
12.5,18.4,51.6,1140.8,331.2,51.5,6.4,4.1,1.0,448.0,395.0,14.2,8.8,38.0,27.9,24.32,False,4095,0.0,34.0,216.0,EXT-OPEN-METEO-KHI,KARACHI,OPENSOURCE_API_GRID,180,,,,0.95,True,True,TIER2_OPENSOURCE_PURE;CONTINUOUS_MINUTE_STREAM;VERIFIED_MODEL_GRID,4c1a96f28f5f49a593f28647d110de456123e2d14a2ff61c9ab2daaa400cc0d4,2026-09-19T02:59:00+00:00,2026-09-19 07:59:00,80.9,1010.8,68
12.6,18.5,51.7,1147.0,333.0,51.8,6.5,4.1,1.0,448.0,395.0,14.2,8.8,38.0,28.0,24.41,False,4095,0.0,34.0,216.1,EXT-OPEN-METEO-KHI,KARACHI,OPENSOURCE_API_GRID,181,,,,0.95,True,False,TIER2_OPENSOURCE_PURE;HOURLY_NODE;VERIFIED_MODEL_GRID,8d37340c0488c4ef4bf359b7804e4e8f25143efc9f3c54f552d10009847eda69,2026-09-19T03:00:00+00:00,2026-09-19 08:00:00,80.9,1010.8,68
12.6,18.5,51.8,1147.0,333.0,51.8,6.5,4.1,1.0,448.0,395.0,14.2,8.8,38.0,28.0,24.41,False,4095,0.0,34.0,216.2,EXT-OPEN-METEO-KHI,KARACHI,OPENSOURCE_API_GRID,182,,,,0.95,True,True,TIER2_OPENSOURCE_PURE;CONTINUOUS_MINUTE_STREAM;VERIFIED_MODEL_GRID,4fea433468104f37d5aecc8f4edc7d469dd87e773d98068ae7255bae5d041217,2026-09-19T03:01:00+00:00,2026-09-19 08:01:00,80.9,1010.8,68
12.6,18.6,51.9,1153.2,334.8,52.1,6.5,4.2,1.0,448.0,394.9,14.2,8.8,38.0,28.0,24.41,False,4095,0.0,34.0,216.6,EXT-OPEN-METEO-KHI,KARACHI,OPENSOURCE_API_GRID,183,,,,0.95,True,True,TIER2_OPENSOURCE_PURE;CONTINUOUS_MINUTE_STREAM;VERIFIED_MODEL_GRID,c1e256c31ac228423af5af7345b9468d20bfa48e8c4014c1fe36839e5e5df3be,2026-09-19T03:02:00+00:00,2026-09-19 08:02:00,80.9,1010.8,68
12.6,18.6,52.0,1153.2,334.8,52.1,6.5,4.2,1.0,448.0,394.8,14.2,8.8,38.1,28.0,24.41,False,4095,0.0,33.9,217.2,EXT-OPEN-METEO-KHI,KARACHI,OPENSOURCE_API_GRID,184,,,,0.95,True,True,TIER2_OPENSOURCE_PURE;CONTINUOUS_MINUTE_STREAM;VERIFIED_MODEL_GRID,ad01e711194fac0fe84850e8bba897dffa635f9a623c3670d9524e97402979f9,2026-09-19T03:03:00+00:00,2026-09-19 08:03:00,80.9,1010.8,68
12.7,18.7,52.1,1159.4,336.6,52.4,6.5,4.2,1.0,448.0,394.7,14.2,8.8,38.1,28.0,24.41,False,4095,0.0,33.9,218.1,EXT-OPEN-METEO-KHI,KARACHI,OPENSOURCE_API_GRID,185,,,,0.95,True,True,TIER2_OPENSOURCE_PURE;CONTINUOUS_MINUTE_STREAM;VERIFIED_MODEL_GRID,38446557d2d2303627563d057a825f77e65cb3324dc773671d460c5c42c1d2f4,2026-09-19T03:04:00+00:00,2026-09-19 08:04:00,80.9,1010.8,68
12.7,18.7,52.3,1159.4,336.6,52.4,6.5,4.2,1.0,448.0,394.6,14.2,8.8,38.2,28.0,24.41,False,4095,0.0,33.8,219.2,EXT-OPEN-METEO-KHI,KARACHI,OPENSOURCE_API_GRID,186,,,,0.95,True,True,TIER2_OPENSOURCE_PURE;CONTINUOUS_MINUTE_STREAM;VERIFIED_MODEL_GRID,2c5ec04c026ed6ad031d86a8d8a7744bd98eaaf81f2f78e59853741cd97079d9,2026-09-19T03:05:00+00:00,2026-09-19 08:05:00,80.9,1010.8,68
12.7,18.7,52.3,1159.4,336.6,52.4,6.5,4.2,1.0,448.0,394.4,14.2,8.8,38.3,28.0,24.41,False,4095,0.0,33.7,220.5,EXT-OPEN-METEO-KHI,KARACHI,OPENSOURCE_API_GRID,187,,,,0.95,True,True,TIER2_OPENSOURCE_PURE;CONTINUOUS_MINUTE_STREAM;VERIFIED_MODEL_GRID,f28649670c7c73bbe11fc5f62f240ff8376b23b14cee48a7bf8e1310f8e76f47,2026-09-19T03:06:00+00:00,2026-09-19 08:06:00,80.9,1010.8,68
12.7,18.7,52.5,1159.4,336.6,52.4,6.5,4.2,1.1,448.0,394.1,14.1,8.8,38.4,28.1,24.49,False,4095,0.0,33.6,222.1,EXT-OPEN-METEO-KHI,KARACHI,OPENSOURCE_API_GRID,188,,,,0.95,True,True,TIER2_OPENSOURCE_PURE;CONTINUOUS_MINUTE_STREAM;VERIFIED_MODEL_GRID,b9fba03c90646ede50969564fc27c30c084f6c1cd97e7dfad0d49ba3f38f15c5,2026-09-19T03:07:00+00:00,2026-09-19 08:07:00,80.8,1010.8,68
12.8,18.8,52.7,1165.6,338.4,52.6,6.6,4.2,1.1,448.0,393.9,14.1,8.8,38.6,28.1,24.49,False,4095,0.0,33.5,223.9,EXT-OPEN-METEO-KHI,KARACHI,OPENSOURCE_API_GRID,189,,,,0.95,True,True,TIER2_OPENSOURCE_PURE;CONTINUOUS_MINUTE_STREAM;VERIFIED_MODEL_GRID,b440114ad15903afe5781208d73fbc126beb5faa0812063f5c1dea8a0e1002f7,2026-09-19T03:08:00+00:00,2026-09-19 08:08:00,80.8,1010.8,68
12.8,18.8,52.9,1165.6,338.4,52.6,6.6,4.2,1.1,447.9,393.6,14.1,8.8,38.7,28.1,24.45,False,4095,0.0,33.3,225.9,EXT-OPEN-METEO-KHI,KARACHI,OPENSOURCE_API_GRID,190,,,,0.95,True,True,TIER2_OPENSOURCE_PURE;CONTINUOUS_MINUTE_STREAM;VERIFIED_MODEL_GRID,a025831f91e9c1a033276e9c9aa6df16b53444bb159fe683e033f65b6c087877,2026-09-19T03:09:00+00:00,2026-09-19 08:09:00,80.6,1010.8,68
12.9,18.9,53.2,1171.8,340.2,52.9,6.6,4.3,1.1,447.9,393.3,14.1,8.8,38.9,28.1,24.43,False,4095,0.0,33.2,228.1,EXT-OPEN-METEO-KHI,KARACHI,OPENSOURCE_API_GRID,191,,,,0.95,True,True,TIER2_OPENSOURCE_PURE;CONTINUOUS_MINUTE_STREAM;VERIFIED_MODEL_GRID,b467537101cc390583797f1161e967c30638171861c2718dba70d734e27776f4,2026-09-19T03:10:00+00:00,2026-09-19 08:10:00,80.5,1010.8,68
12.9,19.0,53.4,1178.0,342.0,53.2,6.6,4.3,1.1,447.9,392.9,14.1,8.9,39.0,28.2,24.5,False,4095,0.0,33.0,230.6,EXT-OPEN-METEO-KHI,KARACHI,OPENSOURCE_API_GRID,192,,,,0.95,True,True,TIER2_OPENSOURCE_PURE;CONTINUOUS_MINUTE_STREAM;VERIFIED_MODEL_GRID,838e69d3cd884adb151c10743cb548e47f3d4ef430668c4ed9e1c6af472a8345,2026-09-19T03:11:00+00:00,2026-09-19 08:11:00,80.4,1010.9,68
12.9,19.0,53.6,1178.0,342.0,53.2,6.6,4.3,1.1,447.9,392.5,14.0,8.9,39.2,28.2,24.46,False,4095,0.0,32.9,233.3,EXT-OPEN-METEO-KHI,KARACHI,OPENSOURCE_API_GRID,193,,,,0.95,True,True,TIER2_OPENSOURCE_PURE;CONTINUOUS_MINUTE_STREAM;VERIFIED_MODEL_GRID,72aaf331aae6758e4c4961c8ca8f6869d09387f892131df665d7773cf579e322,2026-09-19T03:12:00+00:00,2026-09-19 08:12:00,80.2,1010.9,68
12.9,19.0,53.9,1178.0,342.0,53.2,6.6,4.3,1.1,447.9,392.1,14.0,8.9,39.4,28.2,24.44,False,4095,0.0,32.7,236.1,EXT-OPEN-METEO-KHI,KARACHI,OPENSOURCE_API_GRID,194,,,,0.95,True,True,TIER2_OPENSOURCE_PURE;CONTINUOUS_MINUTE_STREAM;VERIFIED_MODEL_GRID,e69b57867b910a6248ef6e708cf4202f7eefac0237d79749eca0578c9d3aaf54,2026-09-19T03:13:00+00:00,2026-09-19 08:13:00,80.1,1010.9,68
13.0,19.1,54.1,1184.2,343.8,53.5,6.7,4.3,1.1,447.9,391.7,14.0,8.9,39.7,28.2,24.4,False,4095,0.0,32.5,239.2,EXT-OPEN-METEO-KHI,KARACHI,OPENSOURCE_API_GRID,195,,,,0.95,True,True,TIER2_OPENSOURCE_PURE;CONTINUOUS_MINUTE_STREAM;VERIFIED_MODEL_GRID,fb82cd05672bbdf05b44c14c6c154b0720be614a2946aa8baf31cdfd4b3cee80,2026-09-19T03:14:00+00:00,2026-09-19 08:14:00,79.9,1010.9,68
13.0,19.1,54.4,1184.2,343.8,53.5,6.7,4.4,1.1,447.9,391.2,14.0,8.9,39.9,28.3,24.46,False,4095,0.0,32.2,242.4,EXT-OPEN-METEO-KHI,KARACHI,OPENSOURCE_API_GRID,196,,,,0.95,True,True,TIER2_OPENSOURCE_PURE;CONTINUOUS_MINUTE_STREAM;VERIFIED_MODEL_GRID,3ece2873b95c29e6966c20eb01a7a698951fc727fa0444245788d7b4a4efc140,2026-09-19T03:15:00+00:00,2026-09-19 08:15:00,79.7,1010.9,68
13.0,19.1,54.7,1184.2,343.8,53.5,6.7,4.4,1.1,447.8,390.7,13.9,8.9,40.2,28.3,24.41,False,4095,0.0,32.0,245.8,EXT-OPEN-METEO-KHI,KARACHI,OPENSOURCE_API_GRID,197,,,,0.95,True,True,TIER2_OPENSOURCE_PURE;CONTINUOUS_MINUTE_STREAM;VERIFIED_MODEL_GRID,fac9cca60f666dd29a24153451930b40892907dbc1a0d1d71d0972dd58bdac99,2026-09-19T03:16:00+00:00,2026-09-19 08:16:00,79.5,1010.9,68
13.0,19.1,54.9,1184.2,343.8,53.5,6.7,4.4,1.1,447.8,390.2,13.9,8.9,40.4,28.3,24.37,False,4095,0.0,31.8,249.4,EXT-OPEN-METEO-KHI,KARACHI,OPENSOURCE_API_GRID,198,,,,0.95,True,True,TIER2_OPENSOURCE_PURE;CONTINUOUS_MINUTE_STREAM;VERIFIED_MODEL_GRID,3e32d15c6ea5593d0af1efdcac003356afb431d93386ff081fa7e39a2b8317ff,2026-09-19T03:17:00+00:00,2026-09-19 08:17:00,79.3,1010.9,68
13.0,19.1,55.2,1184.2,343.8,53.5,6.7,4.4,1.1,447.8,389.6,13.8,8.9,40.7,28.3,24.33,False,4095,0.0,31.5,253.2,EXT-OPEN-METEO-KHI,KARACHI,OPENSOURCE_API_GRID,199,,,,0.95,True,True,TIER2_OPENSOURCE_PURE;CONTINUOUS_MINUTE_STREAM;VERIFIED_MODEL_GRID,0754306d54cf8a24806eb30a567075a65de406a0375bf962a895efd811424d04,2026-09-19T03:18:00+00:00,2026-09-19 08:18:00,79.1,1010.9,68
13.1,19.2,55.4,1190.4,345.6,53.8,6.7,4.4,1.1,447.8,389.1,13.8,9.0,41.0,28.3,24.29,False,4095,0.0,31.3,257.0,EXT-OPEN-METEO-KHI,KARACHI,OPENSOURCE_API_GRID,200,,,,0.95,True,True,TIER2_OPENSOURCE_PURE;CONTINUOUS_MINUTE_STREAM;VERIFIED_MODEL_GRID,89d8c6e255327d126dfeb1948f5e75ef0512b8fa5da204201e2d120797d38d77,2026-09-19T03:19:00+00:00,2026-09-19 08:19:00,78.9,1011.0,68
13.1,19.2,55.7,1190.4,345.6,53.8,6.7,4.5,1.1,447.8,388.5,13.8,9.0,41.2,28.4,24.32,False,4095,0.0,31.0,261.0,EXT-OPEN-METEO-KHI,KARACHI,OPENSOURCE_API_GRID,201,,,,0.95,True,True,TIER2_OPENSOURCE_PURE;CONTINUOUS_MINUTE_STREAM;VERIFIED_MODEL_GRID,d283408899cb1b5102453a9e026982b3e78610942f4c6605af9f994aa2cf7a4c,2026-09-19T03:20:00+00:00,2026-09-19 08:20:00,78.6,1011.0,68
13.1,19.2,56.0,1190.4,345.6,53.8,6.7,4.5,1.1,447.7,387.9,13.7,9.0,41.5,28.4,24.28,False,4095,0.0,30.7,265.2,EXT-OPEN-METEO-KHI,KARACHI,OPENSOURCE_API_GRID,202,,,,0.95,True,True,TIER2_OPENSOURCE_PURE;CONTINUOUS_MINUTE_STREAM;VERIFIED_MODEL_GRID,e560c4ba37fc79d8ddc78ea2a0c6810d150c2101961ae0f51450ccc0d6314534,2026-09-19T03:21:00+00:00,2026-09-19 08:21:00,78.4,1011.0,68
13.1,19.2,56.3,1190.4,345.6,53.8,6.7,4.5,1.1,447.7,387.3,13.7,9.0,41.9,28.4,24.24,False,4095,0.0,30.4,269.4,EXT-OPEN-METEO-KHI,KARACHI,OPENSOURCE_API_GRID,203,,,,0.95,True,True,TIER2_OPENSOURCE_PURE;CONTINUOUS_MINUTE_STREAM;VERIFIED_MODEL_GRID,2379e701706700a421fc6306a5126e420d926cd3a229e4fb373e318fc335d951,2026-09-19T03:22:00+00:00,2026-09-19 08:22:00,78.2,1011.0,68
13.1,19.2,56.6,1190.4,345.6,53.8,6.7,4.5,1.1,447.7,386.7,13.7,9.0,42.2,28.4,24.19,False,4095,0.0,30.2,273.8,EXT-OPEN-METEO-KHI,KARACHI,OPENSOURCE_API_GRID,204,,,,0.95,True,True,TIER2_OPENSOURCE_PURE;CONTINUOUS_MINUTE_STREAM;VERIFIED_MODEL_GRID,c1679654d95fb008bef57fe9ae25a18bbe220afeda5cd0d08ddca3d92709369b,2026-09-19T03:23:00+00:00,2026-09-19 08:23:00,78.0,1011.0,68
13.1,19.2,56.9,1190.4,345.6,53.8,6.7,4.6,1.1,447.7,386.0,13.6,9.0,42.5,28.5,24.23,False,4095,0.0,29.9,278.2,EXT-OPEN-METEO-KHI,KARACHI,OPENSOURCE_API_GRID,205,,,,0.95,True,True,TIER2_OPENSOURCE_PURE;CONTINUOUS_MINUTE_STREAM;VERIFIED_MODEL_GRID,4041b70060e2b3a45f335b3c682b88d504f6634c377fa3971c5b29a3aeb4453b,2026-09-19T03:24:00+00:00,2026-09-19 08:24:00,77.7,1011.0,68
13.1,19.2,57.3,1190.4,345.6,53.8,6.7,4.6,1.1,447.6,385.4,13.6,9.1,42.8,28.5,24.18,False,4095,0.0,29.6,282.7,EXT-OPEN-METEO-KHI,KARACHI,OPENSOURCE_API_GRID,206,,,,0.95,True,True,TIER2_OPENSOURCE_PURE;CONTINUOUS_MINUTE_STREAM;VERIFIED_MODEL_GRID,a7bc978c81f88302c539bd01909e69110e755a522080806ccfaee09cdf3b3e03,2026-09-19T03:25:00+00:00,2026-09-19 08:25:00,77.5,1011.0,68
13.1,19.3,57.6,1196.6,347.4,54.0,6.8,4.6,1.2,447.6,384.7,13.5,9.1,43.1,28.5,24.14,False,4095,0.0,29.2,287.3,EXT-OPEN-METEO-KHI,KARACHI,OPENSOURCE_API_GRID,207,,,,0.95,True,True,TIER2_OPENSOURCE_PURE;CONTINUOUS_MINUTE_STREAM;VERIFIED_MODEL_GRID,50baf9ea46237d483239eb5fd93974b6d5ccb9710793d6d4d796656b28dfff83,2026-09-19T03:26:00+00:00,2026-09-19 08:26:00,77.3,1011.0,68
13.1,19.3,58.0,1196.6,347.4,54.0,6.8,4.6,1.2,447.6,384.0,13.5,9.1,43.5,28.5,24.1,False,4095,0.0,28.9,291.9,EXT-OPEN-METEO-KHI,KARACHI,OPENSOURCE_API_GRID,208,,,,0.95,True,True,TIER2_OPENSOURCE_PURE;CONTINUOUS_MINUTE_STREAM;VERIFIED_MODEL_GRID,f3c5213e07f35cff43a2ad5765416c287547bbcd0fe5949fba2cc4db2d5cb0ab,2026-09-19T03:27:00+00:00,2026-09-19 08:27:00,77.1,1011.1,68
13.2,19.4,58.4,1202.8,349.2,54.3,6.8,4.7,1.2,447.6,383.4,13.4,9.1,43.8,28.6,24.13,False,4095,0.0,28.6,296.6,EXT-OPEN-METEO-KHI,KARACHI,OPENSOURCE_API_GRID,209,,,,0.95,True,True,TIER2_OPENSOURCE_PURE;CONTINUOUS_MINUTE_STREAM;VERIFIED_MODEL_GRID,d5548ccf61b4648cef955392a0ca84235c82ac2b89955d3b0372c436488344ec,2026-09-19T03:28:00+00:00,2026-09-19 08:28:00,76.8,1011.1,68
13.3,19.5,58.8,1209.0,351.0,54.6,6.8,4.7,1.2,447.5,382.7,13.4,9.1,44.2,28.6,24.08,False,4095,0.0,28.3,301.3,EXT-OPEN-METEO-KHI,KARACHI,OPENSOURCE_API_GRID,210,,,,0.95,True,True,TIER2_OPENSOURCE_PURE;CONTINUOUS_MINUTE_STREAM;VERIFIED_MODEL_GRID,177576d345ec83d391564659ddd390f5d63b879a9f7ba70db9a6d9bbbbe3b711,2026-09-19T03:29:00+00:00,2026-09-19 08:29:00,76.6,1011.1,68
13.3,19.5,59.3,1209.0,351.0,54.6,6.8,4.7,1.2,447.5,382.0,13.3,9.1,44.5,28.7,24.14,False,4095,0.0,28.0,306.0,EXT-OPEN-METEO-KHI,KARACHI,OPENSOURCE_API_GRID,211,,,,0.95,True,True,TIER2_OPENSOURCE_PURE;CONTINUOUS_MINUTE_STREAM;VERIFIED_MODEL_GRID,99c195e802056940ec211c1f3a894b876c70e76eab9c069ccffb1dc96133644b,2026-09-19T03:30:00+00:00,2026-09-19 08:30:00,76.4,1011.1,68
13.3,19.6,59.7,1215.2,352.8,54.9,6.9,4.8,1.2,447.5,381.3,13.3,9.2,44.8,28.7,24.09,False,4095,0.0,27.7,310.7,EXT-OPEN-METEO-KHI,KARACHI,OPENSOURCE_API_GRID,212,,,,0.95,True,True,TIER2_OPENSOURCE_PURE;CONTINUOUS_MINUTE_STREAM;VERIFIED_MODEL_GRID,64a62782dbf44e5189cd6ef4fbd29a68ddb6d6f0719cb7081aeb5375671ba90f,2026-09-19T03:31:00+00:00,2026-09-19 08:31:00,76.2,1011.1,68
13.4,19.7,60.1,1221.4,354.6,55.2,6.9,4.8,1.2,447.4,380.6,13.3,9.2,45.2,28.7,24.05,False,4095,0.0,27.4,315.4,EXT-OPEN-METEO-KHI,KARACHI,OPENSOURCE_API_GRID,213,,,,0.95,True,True,TIER2_OPENSOURCE_PURE;CONTINUOUS_MINUTE_STREAM;VERIFIED_MODEL_GRID,2509802935d6c46b6ee94b5a805d94df764261725cc339d7f2d33f74a29d0500,2026-09-19T03:32:00+00:00,2026-09-19 08:32:00,76.0,1011.1,68
13.5,19.8,60.6,1227.6,356.4,55.4,6.9,4.8,1.2,447.4,380.0,13.2,9.2,45.5,28.8,24.1,False,4095,0.0,27.1,320.1,EXT-OPEN-METEO-KHI,KARACHI,OPENSOURCE_API_GRID,214,,,,0.95,True,True,TIER2_OPENSOURCE_PURE;CONTINUOUS_MINUTE_STREAM;VERIFIED_MODEL_GRID,81877ae6898103bfafd0b7bde6f8483e39fd017cb688d65f310c619b6d926f30,2026-09-19T03:33:00+00:00,2026-09-19 08:33:00,75.8,1011.1,68
13.5,19.9,61.1,1233.8,358.2,55.7,7.0,4.9,1.2,447.4,379.3,13.2,9.2,45.9,28.8,24.06,False,4095,0.0,26.8,324.7,EXT-OPEN-METEO-KHI,KARACHI,OPENSOURCE_API_GRID,215,,,,0.95,True,True,TIER2_OPENSOURCE_PURE;CONTINUOUS_MINUTE_STREAM;VERIFIED_MODEL_GRID,276ee09547a62c1447604f4ce3e97aa2de028c4f0ed74d9911300a154483a706,2026-09-19T03:34:00+00:00,2026-09-19 08:34:00,75.6,1011.2,68
13.6,20.0,61.5,1240.0,360.0,56.0,7.0,4.9,1.2,447.4,378.6,13.1,9.2,46.2,28.9,24.11,False,4095,0.0,26.4,329.3,EXT-OPEN-METEO-KHI,KARACHI,OPENSOURCE_API_GRID,216,,,,0.95,True,True,TIER2_OPENSOURCE_PURE;CONTINUOUS_MINUTE_STREAM;VERIFIED_MODEL_GRID,7b03965e2cc0884a9e01bf24608cff61e4ba93bc638f55d413e47051d4aaaf94,2026-09-19T03:35:00+00:00,2026-09-19 08:35:00,75.4,1011.2,68
13.7,20.1,62.0,1246.2,361.8,56.3,7.0,5.0,1.2,447.3,378.0,13.1,9.3,46.5,28.9,24.07,False,4095,0.0,26.1,333.8,EXT-OPEN-METEO-KHI,KARACHI,OPENSOURCE_API_GRID,217,,,,0.95,True,True,TIER2_OPENSOURCE_PURE;CONTINUOUS_MINUTE_STREAM;VERIFIED_MODEL_GRID,5baedc87989032455bce9327d0e23257cb2f4dcb8746a1eb58e4524d0196a23e,2026-09-19T03:36:00+00:00,2026-09-19 08:36:00,75.2,1011.2,68
13.7,20.1,62.2,1246.2,361.8,56.3,7.0,5.0,1.2,447.3,377.3,13.0,9.3,46.8,29.0,24.12,False,4095,0.0,25.8,338.2,EXT-OPEN-METEO-KHI,KARACHI,OPENSOURCE_API_GRID,218,,,,0.95,True,True,TIER2_OPENSOURCE_PURE;CONTINUOUS_MINUTE_STREAM;VERIFIED_MODEL_GRID,e1653f75fd77305962ea91a21806e859bf4d47b7109addb735c2a718e4d64793,2026-09-19T03:37:00+00:00,2026-09-19 08:37:00,75.0,1011.2,68
13.7,20.2,62.7,1252.4,363.6,56.6,7.1,5.0,1.3,447.3,376.7,13.0,9.3,47.1,29.0,24.07,False,4095,0.0,25.6,342.6,EXT-OPEN-METEO-KHI,KARACHI,OPENSOURCE_API_GRID,219,,,,0.95,True,True,TIER2_OPENSOURCE_PURE;CONTINUOUS_MINUTE_STREAM;VERIFIED_MODEL_GRID,bb683955925a71ce67505b6874710a0eb67ab3f52a3e950f9f8b1da100ce7c33,2026-09-19T03:38:00+00:00,2026-09-19 08:38:00,74.8,1011.2,68
13.8,20.3,63.1,1258.6,365.4,56.8,7.1,5.0,1.3,447.3,376.1,13.0,9.3,47.5,29.0,24.03,False,4095,0.0,25.3,346.8,EXT-OPEN-METEO-KHI,KARACHI,OPENSOURCE_API_GRID,220,,,,0.95,True,True,TIER2_OPENSOURCE_PURE;CONTINUOUS_MINUTE_STREAM;VERIFIED_MODEL_GRID,37085fbd2d2eae8cfd9c176d34dc79489b202034cb1cac7b5fa595b2626d1bad,2026-09-19T03:39:00+00:00,2026-09-19 08:39:00,74.6,1011.2,68
13.9,20.4,63.5,1264.8,367.2,57.1,7.1,5.1,1.3,447.2,375.5,12.9,9.3,47.8,29.1,24.08,False,4095,0.0,25.0,350.9,EXT-OPEN-METEO-KHI,KARACHI,OPENSOURCE_API_GRID,221,,,,0.95,True,True,TIER2_OPENSOURCE_PURE;CONTINUOUS_MINUTE_STREAM;VERIFIED_MODEL_GRID,46b8cca3e6763a06c371dba9207d69da799c5d74912430311783ee953f231fa1,2026-09-19T03:40:00+00:00,2026-09-19 08:40:00,74.4,1011.3,68
13.9,20.5,63.9,1271.0,369.0,57.4,7.2,5.1,1.3,447.2,374.9,12.9,9.3,48.0,29.1,24.04,False,4095,0.0,24.7,355.0,EXT-OPEN-METEO-KHI,KARACHI,OPENSOURCE_API_GRID,222,,,,0.95,True,True,TIER2_OPENSOURCE_PURE;CONTINUOUS_MINUTE_STREAM;VERIFIED_MODEL_GRID,fd68f1c97b75d037d12ed25ca7a735e2c6a737141a4f46c75510e01d964e6094,2026-09-19T03:41:00+00:00,2026-09-19 08:41:00,74.2,1011.3,68
13.9,20.5,64.2,1271.0,369.0,57.4,7.2,5.1,1.3,447.2,374.4,12.9,9.4,48.3,29.2,24.09,False,4095,0.0,24.5,358.8,EXT-OPEN-METEO-KHI,KARACHI,OPENSOURCE_API_GRID,223,,,,0.95,True,True,TIER2_OPENSOURCE_PURE;CONTINUOUS_MINUTE_STREAM;VERIFIED_MODEL_GRID,97b6926fc5365d11dd192ba013a9a9320d878d02ff3aca2b1367a0c6ffc28975,2026-09-19T03:42:00+00:00,2026-09-19 08:42:00,74.0,1011.3,68
14.0,20.6,64.6,1277.2,370.8,57.7,7.2,5.2,1.3,447.2,373.8,12.8,9.4,48.6,29.2,24.02,False,4095,0.0,24.2,362.6,EXT-OPEN-METEO-KHI,KARACHI,OPENSOURCE_API_GRID,224,,,,0.95,True,True,TIER2_OPENSOURCE_PURE;CONTINUOUS_MINUTE_STREAM;VERIFIED_MODEL_GRID,f8c8c969d852b0b1d8a21c07a4fbf3ceb5e35523ec2b548fd7f2861cb86873c9,2026-09-19T03:43:00+00:00,2026-09-19 08:43:00,73.7,1011.3,68
14.0,20.6,64.9,1277.2,370.8,57.7,7.2,5.2,1.3,447.2,373.3,12.8,9.4,48.8,29.2,23.98,False,4095,0.0,24.0,366.2,EXT-OPEN-METEO-KHI,KARACHI,OPENSOURCE_API_GRID,225,,,,0.95,True,True,TIER2_OPENSOURCE_PURE;CONTINUOUS_MINUTE_STREAM;VERIFIED_MODEL_GRID,39459e39e04e540f90b66d2c533791acc2bfc4e10222311308b0f80406c1f089,2026-09-19T03:44:00+00:00,2026-09-19 08:44:00,73.5,1011.3,68
14.1,20.7,65.2,1283.4,372.6,58.0,7.2,5.2,1.3,447.1,372.8,12.7,9.4,49.1,29.2,23.95,False,4095,0.0,23.8,369.6,EXT-OPEN-METEO-KHI,KARACHI,OPENSOURCE_API_GRID,226,,,,0.95,True,True,TIER2_OPENSOURCE_PURE;CONTINUOUS_MINUTE_STREAM;VERIFIED_MODEL_GRID,166247efd716f6e4374820d78564085d5b4e4e6619c57256447708b0c181dfd9,2026-09-19T03:45:00+00:00,2026-09-19 08:45:00,73.4,1011.3,68
14.1,20.7,65.4,1283.4,372.6,58.0,7.2,5.2,1.3,447.1,372.3,12.7,9.4,49.3,29.3,24.0,False,4095,0.0,23.5,372.8,EXT-OPEN-METEO-KHI,KARACHI,OPENSOURCE_API_GRID,227,,,,0.95,True,True,TIER2_OPENSOURCE_PURE;CONTINUOUS_MINUTE_STREAM;VERIFIED_MODEL_GRID,d32dde1fd37090dd993fe1264154430354871992c5b6ae0fff87d05eee8eabf5,2026-09-19T03:46:00+00:00,2026-09-19 08:46:00,73.2,1011.3,68
14.1,20.7,65.6,1283.4,372.6,58.0,7.2,5.2,1.3,447.1,371.9,12.7,9.4,49.6,29.3,23.96,False,4095,0.0,23.3,375.9,EXT-OPEN-METEO-KHI,KARACHI,OPENSOURCE_API_GRID,228,,,,0.95,True,True,TIER2_OPENSOURCE_PURE;CONTINUOUS_MINUTE_STREAM;VERIFIED_MODEL_GRID,3f91b0adba9b769b17525c521d3e5251ad8621546cf01b522e2836ed9dadb572,2026-09-19T03:47:00+00:00,2026-09-19 08:47:00,73.0,1011.4,68
14.1,20.7,65.8,1283.4,372.6,58.0,7.2,5.3,1.3,447.1,371.5,12.7,9.4,49.8,29.3,23.91,False,4095,0.0,23.1,378.7,EXT-OPEN-METEO-KHI,KARACHI,OPENSOURCE_API_GRID,229,,,,0.95,True,True,TIER2_OPENSOURCE_PURE;CONTINUOUS_MINUTE_STREAM;VERIFIED_MODEL_GRID,6a7ee35073744bf0f54b8d9f3c363f2c92a619d9b690d217309e26c8b91465a6,2026-09-19T03:48:00+00:00,2026-09-19 08:48:00,72.8,1011.4,68
14.1,20.7,66.0,1283.4,372.6,58.0,7.2,5.3,1.3,447.1,371.1,12.6,9.4,50.0,29.3,23.89,False,4095,0.0,23.0,381.4,EXT-OPEN-METEO-KHI,KARACHI,OPENSOURCE_API_GRID,230,,,,0.95,True,True,TIER2_OPENSOURCE_PURE;CONTINUOUS_MINUTE_STREAM;VERIFIED_MODEL_GRID,cf14e4d84433520436daae40581380f65a1d117851cea3519ce56082f7a7c166,2026-09-19T03:49:00+00:00,2026-09-19 08:49:00,72.7,1011.4,68
14.1,20.7,66.2,1283.4,372.6,58.0,7.2,5.3,1.3,447.1,370.7,12.6,9.5,50.1,29.3,23.84,False,4095,0.0,22.8,383.9,EXT-OPEN-METEO-KHI,KARACHI,OPENSOURCE_API_GRID,231,,,,0.95,True,True,TIER2_OPENSOURCE_PURE;CONTINUOUS_MINUTE_STREAM;VERIFIED_MODEL_GRID,fddc268ad4d80831a60ebc2ee767f8121d7bf994e33678063548da441b83672e,2026-09-19T03:50:00+00:00,2026-09-19 08:50:00,72.5,1011.4,68
14.1,20.7,66.3,1283.4,372.6,58.0,7.2,5.3,1.3,447.1,370.4,12.6,9.5,50.3,29.3,23.82,False,4095,0.0,22.7,386.1,EXT-OPEN-METEO-KHI,KARACHI,OPENSOURCE_API_GRID,232,,,,0.95,True,True,TIER2_OPENSOURCE_PURE;CONTINUOUS_MINUTE_STREAM;VERIFIED_MODEL_GRID,dd40cd049bef99ecaf1495e2914ff919dc86a15d2717b63d693032ce4a21bcd2,2026-09-19T03:51:00+00:00,2026-09-19 08:51:00,72.4,1011.4,68
14.1,20.7,66.4,1283.4,372.6,58.0,7.2,5.3,1.3,447.0,370.1,12.6,9.5,50.4,29.3,23.8,False,4095,0.0,22.5,388.1,EXT-OPEN-METEO-KHI,KARACHI,OPENSOURCE_API_GRID,233,,,,0.95,True,True,TIER2_OPENSOURCE_PURE;CONTINUOUS_MINUTE_STREAM;VERIFIED_MODEL_GRID,8318d1d5036cd9eef0d0ab41ca9eda577f1d6c81897713f3a2547e12f921d6d3,2026-09-19T03:52:00+00:00,2026-09-19 08:52:00,72.3,1011.4,68
14.0,20.6,66.5,1277.2,370.8,57.7,7.2,5.3,1.3,447.0,369.9,12.6,9.5,50.6,29.4,23.87,False,4095,0.0,22.4,389.9,EXT-OPEN-METEO-KHI,KARACHI,OPENSOURCE_API_GRID,234,,,,0.95,True,True,TIER2_OPENSOURCE_PURE;CONTINUOUS_MINUTE_STREAM;VERIFIED_MODEL_GRID,ba17f82c80a60cbe25f6c56aaa41fb67aa7d1731a1ec5f22442845d5b49d0bab,2026-09-19T03:53:00+00:00,2026-09-19 08:53:00,72.2,1011.4,68
14.0,20.6,66.5,1277.2,370.8,57.7,7.2,5.3,1.3,447.0,369.6,12.5,9.5,50.7,29.4,23.85,False,4095,0.0,22.3,391.5,EXT-OPEN-METEO-KHI,KARACHI,OPENSOURCE_API_GRID,235,,,,0.95,True,True,TIER2_OPENSOURCE_PURE;CONTINUOUS_MINUTE_STREAM;VERIFIED_MODEL_GRID,97af0c8ca893542415ff009631100dc8071751050751bceb91c295b7c6b8e4e4,2026-09-19T03:54:00+00:00,2026-09-19 08:54:00,72.1,1011.4,68
14.0,20.6,66.6,1277.2,370.8,57.7,7.2,5.3,1.3,447.0,369.4,12.5,9.5,50.8,29.4,23.82,False,4095,0.0,22.2,392.8,EXT-OPEN-METEO-KHI,KARACHI,OPENSOURCE_API_GRID,236,,,,0.95,True,True,TIER2_OPENSOURCE_PURE;CONTINUOUS_MINUTE_STREAM;VERIFIED_MODEL_GRID,9e832bb0b8cd6168a6656d3e281f97f63f6d4e1ab7b6cd14fb5b21420ebd3052,2026-09-19T03:55:00+00:00,2026-09-19 08:55:00,72.0,1011.4,68
14.0,20.6,66.7,1277.2,370.8,57.7,7.2,5.3,1.3,447.0,369.3,12.5,9.5,50.9,29.4,23.8,False,4095,0.0,22.1,393.9,EXT-OPEN-METEO-KHI,KARACHI,OPENSOURCE_API_GRID,237,,,,0.95,True,True,TIER2_OPENSOURCE_PURE;CONTINUOUS_MINUTE_STREAM;VERIFIED_MODEL_GRID,e3b1f0c9633daa11707346c384a9c2cad24d8a2cfbf08f5e64186ef7ea6d52be,2026-09-19T03:56:00+00:00,2026-09-19 08:56:00,71.9,1011.4,68
14.0,20.6,66.7,1277.2,370.8,57.7,7.2,5.3,1.3,447.0,369.2,12.5,9.5,50.9,29.4,23.8,False,4095,0.0,22.1,394.8,EXT-OPEN-METEO-KHI,KARACHI,OPENSOURCE_API_GRID,238,,,,0.95,True,True,TIER2_OPENSOURCE_PURE;CONTINUOUS_MINUTE_STREAM;VERIFIED_MODEL_GRID,401f950f71c6e0a422f2eb90cc21368a0d4b230b61430ceae9e3fb1b55f03f50,2026-09-19T03:57:00+00:00,2026-09-19 08:57:00,71.9,1011.4,68
14.0,20.6,66.8,1277.2,370.8,57.7,7.2,5.3,1.3,447.0,369.1,12.5,9.5,51.0,29.4,23.8,False,4095,0.0,22.0,395.4,EXT-OPEN-METEO-KHI,KARACHI,OPENSOURCE_API_GRID,239,,,,0.95,True,True,TIER2_OPENSOURCE_PURE;CONTINUOUS_MINUTE_STREAM;VERIFIED_MODEL_GRID,dbf84484b8489a166855f3c712b57bf9a65a7f1fada524675df8c0abfc867a6a,2026-09-19T03:58:00+00:00,2026-09-19 08:58:00,71.9,1011.4,68
14.0,20.6,66.8,1277.2,370.8,57.7,7.2,5.3,1.3,447.0,369.0,12.5,9.5,51.0,29.4,23.8,False,4095,0.0,22.0,395.8,EXT-OPEN-METEO-KHI,KARACHI,OPENSOURCE_API_GRID,240,,,,0.95,True,True,TIER2_OPENSOURCE_PURE;CONTINUOUS_MINUTE_STREAM;VERIFIED_MODEL_GRID,6f0330d12a85496aa9a5cf8b481e2339b7b635ef469096593fb238dce5aeec6c,2026-09-19T03:59:00+00:00,2026-09-19 08:59:00,71.9,1011.4,68
14.0,20.6,66.8,1277.2,370.8,57.7,7.2,5.3,1.3,447.0,369.0,12.5,9.5,51.0,29.4,23.8,False,4095,0.0,22.0,395.9,EXT-OPEN-METEO-KHI,KARACHI,OPENSOURCE_API_GRID,241,,,,0.95,True,False,TIER2_OPENSOURCE_PURE;HOURLY_NODE;VERIFIED_MODEL_GRID,096676488c7252505029c62b9cf10bc6039e1f293d35dadeec25442ecb22ae15,2026-09-19T04:00:00+00:00,2026-09-19 09:00:00,71.9,1011.4,68
14.0,20.6,66.9,1277.2,370.8,57.7,7.2,5.4,1.3,447.0,369.0,12.5,9.5,51.0,29.4,23.8,False,4095,0.0,22.0,396.0,EXT-OPEN-METEO-KHI,KARACHI,OPENSOURCE_API_GRID,242,,,,0.95,True,True,TIER2_OPENSOURCE_PURE;CONTINUOUS_MINUTE_STREAM;VERIFIED_MODEL_GRID,c929d0c6cf8b73d09b4edc49ad9fb9ce779d5b481f2754f3245c1d96f15d3478,2026-09-19T04:01:00+00:00,2026-09-19 09:01:00,71.9,1011.4,68
14.1,20.7,66.9,1283.4,372.6,58.0,7.2,5.4,1.3,447.0,368.8,12.5,9.5,51.0,29.4,23.8,False,4095,0.0,22.0,396.4,EXT-OPEN-METEO-KHI,KARACHI,OPENSOURCE_API_GRID,243,,,,0.95,True,True,TIER2_OPENSOURCE_PURE;CONTINUOUS_MINUTE_STREAM;VERIFIED_MODEL_GRID,f67fa22a1a5d3c2a6b0d7f29a69bc2200e4cc81e30d4950769aa0c183ebc9e83,2026-09-19T04:02:00+00:00,2026-09-19 09:02:00,71.9,1011.4,68
14.1,20.7,67.0,1283.4,372.6,58.0,7.2,5.4,1.3,447.0,368.6,12.5,9.5,51.1,29.4,23.8,False,4095,0.0,22.1,397.1,EXT-OPEN-METEO-KHI,KARACHI,OPENSOURCE_API_GRID,244,,,,0.95,True,True,TIER2_OPENSOURCE_PURE;CONTINUOUS_MINUTE_STREAM;VERIFIED_MODEL_GRID,6c8c395dce0821608e2221deef94cca541e6159b67e6775fccb189bdb61064a9,2026-09-19T04:03:00+00:00,2026-09-19 09:03:00,71.9,1011.4,68
14.1,20.8,67.2,1289.6,374.4,58.2,7.3,5.4,1.3,447.0,368.3,12.5,9.5,51.2,29.4,23.8,False,4095,0.0,22.2,398.0,EXT-OPEN-METEO-KHI,KARACHI,OPENSOURCE_API_GRID,245,,,,0.95,True,True,TIER2_OPENSOURCE_PURE;CONTINUOUS_MINUTE_STREAM;VERIFIED_MODEL_GRID,d839639db083e4ef518e0c5f5927f4cde43e5e5f9048866f7aee911d86ebe400,2026-09-19T04:04:00+00:00,2026-09-19 09:04:00,71.9,1011.4,68
14.1,20.8,67.3,1289.6,374.4,58.2,7.3,5.4,1.3,447.0,367.8,12.4,9.5,51.3,29.4,23.8,False,4095,0.0,22.2,399.2,EXT-OPEN-METEO-KHI,KARACHI,OPENSOURCE_API_GRID,246,,,,0.95,True,True,TIER2_OPENSOURCE_PURE;CONTINUOUS_MINUTE_STREAM;VERIFIED_MODEL_GRID,a1070977a1d27aa024bb55fb2fe9239d4cd06e70df494963965c0a246d031042,2026-09-19T04:05:00+00:00,2026-09-19 09:05:00,71.9,1011.4,68
14.2,20.9,67.5,1295.8,376.2,58.5,7.3,5.4,1.4,447.0,367.3,12.4,9.5,51.4,29.4,23.8,False,4095,0.0,22.3,400.6,EXT-OPEN-METEO-KHI,KARACHI,OPENSOURCE_API_GRID,247,,,,0.95,True,True,TIER2_OPENSOURCE_PURE;CONTINUOUS_MINUTE_STREAM;VERIFIED_MODEL_GRID,eed6d522b3b16a08ae6639fee2052fadda929df43a85ee215246a084b443312e,2026-09-19T04:06:00+00:00,2026-09-19 09:06:00,71.9,1011.4,68
14.3,21.0,67.7,1302.0,378.0,58.8,7.3,5.4,1.4,447.0,366.7,12.4,9.5,51.6,29.4,23.78,False,4095,0.0,22.5,402.3,EXT-OPEN-METEO-KHI,KARACHI,OPENSOURCE_API_GRID,248,,,,0.95,True,True,TIER2_OPENSOURCE_PURE;CONTINUOUS_MINUTE_STREAM;VERIFIED_MODEL_GRID,4292bd2870409f634ceaa3ba6430e1d2c841c34fb2a2b07e3136dd420ea8bf4b,2026-09-19T04:07:00+00:00,2026-09-19 09:07:00,71.8,1011.4,68
14.2,20.9,67.7,1295.8,376.2,58.5,7.3,5.4,1.4,447.0,366.1,12.4,9.5,51.7,29.5,23.9,False,4095,0.0,22.6,404.2,EXT-OPEN-METEO-KHI,KARACHI,OPENSOURCE_API_GRID,249,,,,0.95,True,True,TIER2_OPENSOURCE_PURE;CONTINUOUS_MINUTE_STREAM;VERIFIED_MODEL_GRID,3c015586b47ba83b1d247d964d591b7ab8ee8b48083f1cb88cee88ce7578e736,2026-09-19T04:08:00+00:00,2026-09-19 09:08:00,71.9,1011.4,68
14.3,21.0,67.9,1302.0,378.0,58.8,7.3,5.4,1.4,446.9,365.3,12.3,9.5,51.9,29.5,23.87,False,4095,0.0,22.8,406.3,EXT-OPEN-METEO-KHI,KARACHI,OPENSOURCE_API_GRID,250,,,,0.95,True,True,TIER2_OPENSOURCE_PURE;CONTINUOUS_MINUTE_STREAM;VERIFIED_MODEL_GRID,a4bf18736f48d8bb8957b4d5f41b133465038c83f378f9ff35c96bbbe919f9ae,2026-09-19T04:09:00+00:00,2026-09-19 09:09:00,71.8,1011.4,68
14.3,21.1,68.1,1308.2,379.8,59.1,7.4,5.4,1.4,446.9,364.4,12.3,9.5,52.1,29.5,23.85,False,4095,0.0,22.9,408.7,EXT-OPEN-METEO-KHI,KARACHI,OPENSOURCE_API_GRID,251,,,,0.95,True,True,TIER2_OPENSOURCE_PURE;CONTINUOUS_MINUTE_STREAM;VERIFIED_MODEL_GRID,50e2594e4f00c1364b4faf39fce8d51d666ba0eedcc684f0b7ab6a68062b35bf,2026-09-19T04:10:00+00:00,2026-09-19 09:10:00,71.7,1011.4,68
14.4,21.2,68.4,1314.4,381.6,59.4,7.4,5.5,1.4,446.9,363.5,12.2,9.5,52.4,29.5,23.83,False,4095,0.0,23.1,411.3,EXT-OPEN-METEO-KHI,KARACHI,OPENSOURCE_API_GRID,252,,,,0.95,True,True,TIER2_OPENSOURCE_PURE;CONTINUOUS_MINUTE_STREAM;VERIFIED_MODEL_GRID,cb327d13bc9047d533aea47a2c0efe84bd43e136bcd5c34b6043e174d78190a5,2026-09-19T04:11:00+00:00,2026-09-19 09:11:00,71.6,1011.4,68
14.4,21.2,68.6,1314.4,381.6,59.4,7.4,5.5,1.4,446.9,362.5,12.2,9.5,52.6,29.6,23.9,False,4095,0.0,23.3,414.2,EXT-OPEN-METEO-KHI,KARACHI,OPENSOURCE_API_GRID,253,,,,0.95,True,True,TIER2_OPENSOURCE_PURE;CONTINUOUS_MINUTE_STREAM;VERIFIED_MODEL_GRID,b3f8293be4610e296c0d308fa6eab1a66bcc8f43f2aeb3c55ce6b7a11873ae6f,2026-09-19T04:12:00+00:00,2026-09-19 09:12:00,71.5,1011.4,68
14.5,21.3,68.9,1320.6,383.4,59.6,7.5,5.5,1.4,446.9,361.4,12.2,9.6,52.9,29.6,23.88,False,4095,0.0,23.6,417.2,EXT-OPEN-METEO-KHI,KARACHI,OPENSOURCE_API_GRID,254,,,,0.95,True,True,TIER2_OPENSOURCE_PURE;CONTINUOUS_MINUTE_STREAM;VERIFIED_MODEL_GRID,79cbbb6d32587ed001d357cb33e127d5250e82c80b3c0a4cb063d94c17f835a2,2026-09-19T04:13:00+00:00,2026-09-19 09:13:00,71.4,1011.4,68
14.6,21.4,69.1,1326.8,385.2,59.9,7.5,5.5,1.4,446.9,360.3,12.1,9.6,53.2,29.6,23.85,False,4095,0.0,23.8,420.5,EXT-OPEN-METEO-KHI,KARACHI,OPENSOURCE_API_GRID,255,,,,0.95,True,True,TIER2_OPENSOURCE_PURE;CONTINUOUS_MINUTE_STREAM;VERIFIED_MODEL_GRID,2f200395a03b58ceffec35807b6784db8e38b504c189f35ab0b4047cf06a2360,2026-09-19T04:14:00+00:00,2026-09-19 09:14:00,71.3,1011.4,68
14.6,21.4,69.4,1326.8,385.2,59.9,7.5,5.6,1.4,446.9,359.0,12.0,9.6,53.5,29.6,23.83,False,4095,0.0,24.1,423.9,EXT-OPEN-METEO-KHI,KARACHI,OPENSOURCE_API_GRID,256,,,,0.95,True,True,TIER2_OPENSOURCE_PURE;CONTINUOUS_MINUTE_STREAM;VERIFIED_MODEL_GRID,035d55737f5b9e851e32acf4c3826b75ddffcbe754448472e13096c597f37e91,2026-09-19T04:15:00+00:00,2026-09-19 09:15:00,71.2,1011.4,68
14.6,21.5,69.6,1333.0,387.0,60.2,7.5,5.6,1.4,446.8,357.8,12.0,9.6,53.8,29.6,23.78,False,4095,0.0,24.3,427.6,EXT-OPEN-METEO-KHI,KARACHI,OPENSOURCE_API_GRID,257,,,,0.95,True,True,TIER2_OPENSOURCE_PURE;CONTINUOUS_MINUTE_STREAM;VERIFIED_MODEL_GRID,c9bcab23af9b613190c8eba06320a9befcb66280495a3c783a2754e27454b824,2026-09-19T04:16:00+00:00,2026-09-19 09:16:00,71.0,1011.4,68
14.6,21.5,69.9,1333.0,387.0,60.2,7.5,5.6,1.4,446.8,356.4,11.9,9.6,54.2,29.7,23.86,False,4095,0.0,24.6,431.4,EXT-OPEN-METEO-KHI,KARACHI,OPENSOURCE_API_GRID,258,,,,0.95,True,True,TIER2_OPENSOURCE_PURE;CONTINUOUS_MINUTE_STREAM;VERIFIED_MODEL_GRID,0609864051aa1a2702bb1e09c6e77466178979a21cb5f1764935b501452e4e49,2026-09-19T04:17:00+00:00,2026-09-19 09:17:00,70.9,1011.4,68
14.7,21.6,70.1,1339.2,388.8,60.5,7.6,5.6,1.4,446.8,355.0,11.9,9.6,54.5,29.7,23.81,False,4095,0.0,24.9,435.3,EXT-OPEN-METEO-KHI,KARACHI,OPENSOURCE_API_GRID,259,,,,0.95,True,True,TIER2_OPENSOURCE_PURE;CONTINUOUS_MINUTE_STREAM;VERIFIED_MODEL_GRID,a7db60c9e64914897c6f18992e71227b6c897ad90578e3bcc1a1088860a29d93,2026-09-19T04:18:00+00:00,2026-09-19 09:18:00,70.7,1011.4,68
14.7,21.6,70.4,1339.2,388.8,60.5,7.6,5.6,1.4,446.8,353.5,11.8,9.6,54.9,29.7,23.79,False,4095,0.0,25.2,439.5,EXT-OPEN-METEO-KHI,KARACHI,OPENSOURCE_API_GRID,260,,,,0.95,True,True,TIER2_OPENSOURCE_PURE;CONTINUOUS_MINUTE_STREAM;VERIFIED_MODEL_GRID,23f1d66bd63c018924d7babc995aab1c5e2b6f67468016f33f8832603fe4ff68,2026-09-19T04:19:00+00:00,2026-09-19 09:19:00,70.6,1011.4,68
14.7,21.6,70.6,1339.2,388.8,60.5,7.6,5.6,1.4,446.8,352.0,11.7,9.6,55.2,29.7,23.74,False,4095,0.0,25.5,443.7,EXT-OPEN-METEO-KHI,KARACHI,OPENSOURCE_API_GRID,261,,,,0.95,True,True,TIER2_OPENSOURCE_PURE;CONTINUOUS_MINUTE_STREAM;VERIFIED_MODEL_GRID,d72d15604954d4f8e27ddcf8810f91133de8ac1d2dc852bd4bb3275eeaa06ddb,2026-09-19T04:20:00+00:00,2026-09-19 09:20:00,70.4,1011.4,68
14.7,21.6,70.9,1339.2,388.8,60.5,7.6,5.7,1.4,446.7,350.4,11.7,9.6,55.6,29.8,23.81,False,4095,0.0,25.8,448.2,EXT-OPEN-METEO-KHI,KARACHI,OPENSOURCE_API_GRID,262,,,,0.95,True,True,TIER2_OPENSOURCE_PURE;CONTINUOUS_MINUTE_STREAM;VERIFIED_MODEL_GRID,5161ef427b8c9bd4494f44eb276fc3de505123b9f43efaa9d7bc6ad99af995ae,2026-09-19T04:21:00+00:00,2026-09-19 09:21:00,70.3,1011.4,68
14.8,21.7,71.1,1345.4,390.6,60.8,7.6,5.7,1.4,446.7,348.8,11.6,9.6,56.0,29.8,23.76,False,4095,0.0,26.2,452.7,EXT-OPEN-METEO-KHI,KARACHI,OPENSOURCE_API_GRID,263,,,,0.95,True,True,TIER2_OPENSOURCE_PURE;CONTINUOUS_MINUTE_STREAM;VERIFIED_MODEL_GRID,36267500c661dcd8485b79bc836618ce6abaa929b7191b16b7d00e460cbbb166,2026-09-19T04:22:00+00:00,2026-09-19 09:22:00,70.1,1011.4,68
14.8,21.7,71.4,1345.4,390.6,60.8,7.6,5.7,1.4,446.7,347.2,11.5,9.7,56.5,29.8,23.74,False,4095,0.0,26.5,457.3,EXT-OPEN-METEO-KHI,KARACHI,OPENSOURCE_API_GRID,264,,,,0.95,True,True,TIER2_OPENSOURCE_PURE;CONTINUOUS_MINUTE_STREAM;VERIFIED_MODEL_GRID,17da63127dc7468e8a6f75829d1860ca45a4e364d22ebe51872bf0bb0f491d11,2026-09-19T04:23:00+00:00,2026-09-19 09:23:00,70.0,1011.4,68
14.8,21.7,71.6,1345.4,390.6,60.8,7.6,5.7,1.4,446.7,345.5,11.4,9.7,56.9,29.8,23.69,False,4095,0.0,26.8,462.0,EXT-OPEN-METEO-KHI,KARACHI,OPENSOURCE_API_GRID,265,,,,0.95,True,True,TIER2_OPENSOURCE_PURE;CONTINUOUS_MINUTE_STREAM;VERIFIED_MODEL_GRID,808236a9a2acae89b73dcdd4a93fbde4bab1e3a3ebfd56565f6cb52fc26dded1,2026-09-19T04:24:00+00:00,2026-09-19 09:24:00,69.8,1011.4,68
14.8,21.8,71.9,1351.6,392.4,61.0,7.6,5.8,1.4,446.6,343.8,11.4,9.7,57.3,29.8,23.64,False,4095,0.0,27.2,466.8,EXT-OPEN-METEO-KHI,KARACHI,OPENSOURCE_API_GRID,266,,,,0.95,True,True,TIER2_OPENSOURCE_PURE;CONTINUOUS_MINUTE_STREAM;VERIFIED_MODEL_GRID,c6ff0f4e78beb04e91d8917bbed835e945fa292df766b645666e493f9e3dfebb,2026-09-19T04:25:00+00:00,2026-09-19 09:25:00,69.6,1011.4,68
14.8,21.8,72.2,1351.6,392.4,61.0,7.6,5.8,1.4,446.6,342.1,11.3,9.7,57.7,29.9,23.72,False,4095,0.0,27.5,471.7,EXT-OPEN-METEO-KHI,KARACHI,OPENSOURCE_API_GRID,267,,,,0.95,True,True,TIER2_OPENSOURCE_PURE;CONTINUOUS_MINUTE_STREAM;VERIFIED_MODEL_GRID,dee9595d236efa7fc00bb9624196c4bdaba5a72f8dd31010ea6075acafbb6e99,2026-09-19T04:26:00+00:00,2026-09-19 09:26:00,69.5,1011.4,68
14.8,21.8,72.5,1351.6,392.4,61.0,7.6,5.8,1.4,446.6,340.3,11.2,9.7,58.2,29.9,23.67,False,4095,0.0,27.9,476.6,EXT-OPEN-METEO-KHI,KARACHI,OPENSOURCE_API_GRID,268,,,,0.95,True,True,TIER2_OPENSOURCE_PURE;CONTINUOUS_MINUTE_STREAM;VERIFIED_MODEL_GRID,bd0493e4c4cf99ea3d7653f0a6d91fa5a21388d449c1a5468dc94dff601930b6,2026-09-19T04:27:00+00:00,2026-09-19 09:27:00,69.3,1011.4,68
14.9,21.9,72.9,1357.8,394.2,61.3,7.7,5.8,1.5,446.6,338.6,11.1,9.7,58.6,29.9,23.64,False,4095,0.0,28.3,481.6,EXT-OPEN-METEO-KHI,KARACHI,OPENSOURCE_API_GRID,269,,,,0.95,True,True,TIER2_OPENSOURCE_PURE;CONTINUOUS_MINUTE_STREAM;VERIFIED_MODEL_GRID,6af63f83977b3ae8e1ccd4cc5223c9fef60cd24880f872c59d2d16259924c6df,2026-09-19T04:28:00+00:00,2026-09-19 09:28:00,69.2,1011.4,68
15.0,22.0,73.2,1364.0,396.0,61.6,7.7,5.9,1.5,446.5,336.8,11.0,9.7,59.1,29.9,23.6,False,4095,0.0,28.6,486.6,EXT-OPEN-METEO-KHI,KARACHI,OPENSOURCE_API_GRID,270,,,,0.95,True,True,TIER2_OPENSOURCE_PURE;CONTINUOUS_MINUTE_STREAM;VERIFIED_MODEL_GRID,82de670c5d1ca927500e9398664d325226aed5025a18871d79702d35ea71b83a,2026-09-19T04:29:00+00:00,2026-09-19 09:29:00,69.0,1011.4,68
15.0,22.1,73.6,1370.2,397.8,61.9,7.7,5.9,1.5,446.5,335.0,10.9,9.8,59.5,30.0,23.67,False,4095,0.0,29.0,491.6,EXT-OPEN-METEO-KHI,KARACHI,OPENSOURCE_API_GRID,271,,,,0.95,True,True,TIER2_OPENSOURCE_PURE;CONTINUOUS_MINUTE_STREAM;VERIFIED_MODEL_GRID,eb1bd59dbd83f74b0206859861a049e721291835fe20369b3b6d3574c6c81822,2026-09-19T04:30:00+00:00,2026-09-19 09:30:00,68.9,1011.4,68
15.0,22.1,73.9,1370.2,397.8,61.9,7.7,5.9,1.5,446.5,333.2,10.9,9.8,59.9,30.0,23.62,False,4095,0.0,29.4,496.6,EXT-OPEN-METEO-KHI,KARACHI,OPENSOURCE_API_GRID,272,,,,0.95,True,True,TIER2_OPENSOURCE_PURE;CONTINUOUS_MINUTE_STREAM;VERIFIED_MODEL_GRID,4d0907c498f233e49c9f7c9bcf08a4488aa8352afa9f928559586ffba7322b8a,2026-09-19T04:31:00+00:00,2026-09-19 09:31:00,68.7,1011.4,68
15.1,22.2,74.3,1376.4,399.6,62.2,7.8,5.9,1.5,446.4,331.4,10.8,9.8,60.4,30.0,23.59,False,4095,0.0,29.7,501.6,EXT-OPEN-METEO-KHI,KARACHI,OPENSOURCE_API_GRID,273,,,,0.95,True,True,TIER2_OPENSOURCE_PURE;CONTINUOUS_MINUTE_STREAM;VERIFIED_MODEL_GRID,11a045f61ef6432aee44aa197275cf659c86e314a0d0723b18df3ad249578a69,2026-09-19T04:32:00+00:00,2026-09-19 09:32:00,68.6,1011.3,68
15.2,22.3,74.7,1382.6,401.4,62.4,7.8,6.0,1.5,446.4,329.7,10.7,9.8,60.8,30.0,23.57,False,4095,0.0,30.1,506.6,EXT-OPEN-METEO-KHI,KARACHI,OPENSOURCE_API_GRID,274,,,,0.95,True,True,TIER2_OPENSOURCE_PURE;CONTINUOUS_MINUTE_STREAM;VERIFIED_MODEL_GRID,92a135360079b27cbb74d0cbd8831f2f60a78cb0ba29212210e0872b4d5073d6,2026-09-19T04:33:00+00:00,2026-09-19 09:33:00,68.5,1011.3,68
15.3,22.5,75.1,1395.0,405.0,63.0,7.9,6.0,1.5,446.4,327.9,10.6,9.8,61.3,30.1,23.62,False,4095,0.0,30.5,511.5,EXT-OPEN-METEO-KHI,KARACHI,OPENSOURCE_API_GRID,275,,,,0.95,True,True,TIER2_OPENSOURCE_PURE;CONTINUOUS_MINUTE_STREAM;VERIFIED_MODEL_GRID,d9e4587c8df798729ef7c6787149ba32a991f57a7444b4bb581c1c0997edd17b,2026-09-19T04:34:00+00:00,2026-09-19 09:34:00,68.3,1011.3,68
15.4,22.6,75.5,1401.2,406.8,63.3,7.9,6.0,1.5,446.4,326.2,10.5,9.8,61.7,30.1,23.59,False,4095,0.0,30.8,516.4,EXT-OPEN-METEO-KHI,KARACHI,OPENSOURCE_API_GRID,276,,,,0.95,True,True,TIER2_OPENSOURCE_PURE;CONTINUOUS_MINUTE_STREAM;VERIFIED_MODEL_GRID,6d6387c4b0380b789fc7bd93e34258bb1547dad3e369da2e462c2f01e39603d8,2026-09-19T04:35:00+00:00,2026-09-19 09:35:00,68.2,1011.3,68
15.4,22.7,75.9,1407.4,408.6,63.6,7.9,6.1,1.5,446.3,324.5,10.5,9.8,62.1,30.2,23.66,False,4095,0.0,31.2,521.2,EXT-OPEN-METEO-KHI,KARACHI,OPENSOURCE_API_GRID,277,,,,0.95,True,True,TIER2_OPENSOURCE_PURE;CONTINUOUS_MINUTE_STREAM;VERIFIED_MODEL_GRID,95ae7833614a7d802fcc8a1796aca32cea60ca8000af825626e52ccaa9e9fd71,2026-09-19T04:36:00+00:00,2026-09-19 09:36:00,68.1,1011.3,68
15.5,22.8,76.3,1413.6,410.4,63.8,8.0,6.1,1.5,446.3,322.8,10.4,9.8,62.5,30.2,23.62,False,4095,0.0,31.5,525.9,EXT-OPEN-METEO-KHI,KARACHI,OPENSOURCE_API_GRID,278,,,,0.95,True,True,TIER2_OPENSOURCE_PURE;CONTINUOUS_MINUTE_STREAM;VERIFIED_MODEL_GRID,ca02a79387c37fd2c64b01d4e8e15e3c44ff4aabfab47f17a284d122363e7b28,2026-09-19T04:37:00+00:00,2026-09-19 09:37:00,67.9,1011.3,68
15.6,22.9,76.7,1419.8,412.2,64.1,8.0,6.1,1.5,446.3,321.2,10.3,9.9,63.0,30.2,23.59,False,4095,0.0,31.8,530.5,EXT-OPEN-METEO-KHI,KARACHI,OPENSOURCE_API_GRID,279,,,,0.95,True,True,TIER2_OPENSOURCE_PURE;CONTINUOUS_MINUTE_STREAM;VERIFIED_MODEL_GRID,f48584fb124dde397e2acf7a43763237f8305d867300b031c91bd193edae1a12,2026-09-19T04:38:00+00:00,2026-09-19 09:38:00,67.8,1011.3,68
15.6,22.9,76.9,1419.8,412.2,64.1,8.0,6.2,1.5,446.3,319.6,10.2,9.9,63.4,30.3,23.69,False,4095,0.0,32.2,535.0,EXT-OPEN-METEO-KHI,KARACHI,OPENSOURCE_API_GRID,280,,,,0.95,True,True,TIER2_OPENSOURCE_PURE;CONTINUOUS_MINUTE_STREAM;VERIFIED_MODEL_GRID,10654eb399efc327be3a77465ece5b7490622055da2673b94d39ad189d22e666,2026-09-19T04:39:00+00:00,2026-09-19 09:39:00,67.8,1011.3,68
15.6,23.0,77.3,1426.0,414.0,64.4,8.0,6.2,1.5,446.2,318.0,10.2,9.9,63.8,30.3,23.64,False,4095,0.0,32.5,539.4,EXT-OPEN-METEO-KHI,KARACHI,OPENSOURCE_API_GRID,281,,,,0.95,True,True,TIER2_OPENSOURCE_PURE;CONTINUOUS_MINUTE_STREAM;VERIFIED_MODEL_GRID,46538c8f5e5382f733f5e18ad255aa787900b08dd97f284d6d2a71fc111d0ff3,2026-09-19T04:40:00+00:00,2026-09-19 09:40:00,67.6,1011.3,68
15.7,23.1,77.7,1432.2,415.8,64.7,8.1,6.2,1.6,446.2,316.5,10.1,9.9,64.1,30.3,23.61,False,4095,0.0,32.8,543.7,EXT-OPEN-METEO-KHI,KARACHI,OPENSOURCE_API_GRID,282,,,,0.95,True,True,TIER2_OPENSOURCE_PURE;CONTINUOUS_MINUTE_STREAM;VERIFIED_MODEL_GRID,e86a66e3b38b7b108daca9a04f76fae2af50b062c0c42650dd2d202fa87b0ebb,2026-09-19T04:41:00+00:00,2026-09-19 09:41:00,67.5,1011.3,68
15.8,23.2,78.0,1438.4,417.6,65.0,8.1,6.2,1.6,446.2,315.0,10.0,9.9,64.5,30.4,23.68,False,4095,0.0,33.1,547.9,EXT-OPEN-METEO-KHI,KARACHI,OPENSOURCE_API_GRID,283,,,,0.95,True,True,TIER2_OPENSOURCE_PURE;CONTINUOUS_MINUTE_STREAM;VERIFIED_MODEL_GRID,589f62b40db0eb30447f381c78aa291b914230b33675a9d74ede1b0ed8bb8e79,2026-09-19T04:42:00+00:00,2026-09-19 09:42:00,67.4,1011.3,68
15.8,23.3,78.3,1444.6,419.4,65.2,8.2,6.3,1.6,446.2,313.6,10.0,9.9,64.8,30.4,23.63,False,4095,0.0,33.4,551.8,EXT-OPEN-METEO-KHI,KARACHI,OPENSOURCE_API_GRID,284,,,,0.95,True,True,TIER2_OPENSOURCE_PURE;CONTINUOUS_MINUTE_STREAM;VERIFIED_MODEL_GRID,18457740de307e09ee99c96045bcd6f5ead14d49a0b61ba201a880e78307db2c,2026-09-19T04:43:00+00:00,2026-09-19 09:43:00,67.2,1011.3,68
15.9,23.4,78.6,1450.8,421.2,65.5,8.2,6.3,1.6,446.2,312.2,9.9,9.9,65.2,30.4,23.61,False,4095,0.0,33.7,555.6,EXT-OPEN-METEO-KHI,KARACHI,OPENSOURCE_API_GRID,285,,,,0.95,True,True,TIER2_OPENSOURCE_PURE;CONTINUOUS_MINUTE_STREAM;VERIFIED_MODEL_GRID,a9cd689fd51ad78edb70e6ce04dce5644256bdde843137b196c7d8cb7f507a81,2026-09-19T04:44:00+00:00,2026-09-19 09:44:00,67.1,1011.3,68
16.0,23.5,78.9,1457.0,423.0,65.8,8.2,6.3,1.6,446.1,311.0,9.9,9.9,65.5,30.5,23.68,False,4095,0.0,33.9,559.3,EXT-OPEN-METEO-KHI,KARACHI,OPENSOURCE_API_GRID,286,,,,0.95,True,True,TIER2_OPENSOURCE_PURE;CONTINUOUS_MINUTE_STREAM;VERIFIED_MODEL_GRID,a1aa53e0cb2ddfbfc2f1b5970379405fdade5ce0c7545638f0a2dde3f0878dd7,2026-09-19T04:45:00+00:00,2026-09-19 09:45:00,67.0,1011.3,68
16.0,23.5,79.2,1457.0,423.0,65.8,8.2,6.3,1.6,446.1,309.7,9.8,9.9,65.8,30.5,23.63,False,4095,0.0,34.2,562.7,EXT-OPEN-METEO-KHI,KARACHI,OPENSOURCE_API_GRID,287,,,,0.95,True,True,TIER2_OPENSOURCE_PURE;CONTINUOUS_MINUTE_STREAM;VERIFIED_MODEL_GRID,cfcf98bdbcf70790840a74521ed265b5be5d55b9d76a32822604a187603d94c6,2026-09-19T04:46:00+00:00,2026-09-19 09:46:00,66.8,1011.3,68
16.0,23.6,79.4,1463.2,424.8,66.1,8.3,6.4,1.6,446.1,308.6,9.7,9.9,66.1,30.5,23.6,False,4095,0.0,34.4,566.0,EXT-OPEN-METEO-KHI,KARACHI,OPENSOURCE_API_GRID,288,,,,0.95,True,True,TIER2_OPENSOURCE_PURE;CONTINUOUS_MINUTE_STREAM;VERIFIED_MODEL_GRID,1d191fbb2955ab3704594bb71ada381cc7d67604dc96ffedd5a1d54b64e74768,2026-09-19T04:47:00+00:00,2026-09-19 09:47:00,66.7,1011.3,68
16.0,23.6,79.6,1463.2,424.8,66.1,8.3,6.4,1.6,446.1,307.5,9.7,10.0,66.4,30.5,23.58,False,4095,0.0,34.7,569.0,EXT-OPEN-METEO-KHI,KARACHI,OPENSOURCE_API_GRID,289,,,,0.95,True,True,TIER2_OPENSOURCE_PURE;CONTINUOUS_MINUTE_STREAM;VERIFIED_MODEL_GRID,d49da5fd59bafab07147492df10a950afb5a0c6c3b9075bb9dbd5b6ae8d114df,2026-09-19T04:48:00+00:00,2026-09-19 09:48:00,66.6,1011.3,68
16.0,23.6,79.7,1463.2,424.8,66.1,8.3,6.4,1.6,446.1,306.5,9.7,10.0,66.6,30.5,23.55,False,4095,0.0,34.9,571.9,EXT-OPEN-METEO-KHI,KARACHI,OPENSOURCE_API_GRID,290,,,,0.95,True,True,TIER2_OPENSOURCE_PURE;CONTINUOUS_MINUTE_STREAM;VERIFIED_MODEL_GRID,a0aacf91b4335c20ed0acd22f9fca22637673602d9e85bf56a1c3c89c3943093,2026-09-19T04:49:00+00:00,2026-09-19 09:49:00,66.5,1011.3,68
16.0,23.6,79.9,1463.2,424.8,66.1,8.3,6.4,1.6,446.1,305.6,9.6,10.0,66.9,30.6,23.62,False,4095,0.0,35.1,574.5,EXT-OPEN-METEO-KHI,KARACHI,OPENSOURCE_API_GRID,291,,,,0.95,True,True,TIER2_OPENSOURCE_PURE;CONTINUOUS_MINUTE_STREAM;VERIFIED_MODEL_GRID,7d5c66f41f698b75f207066e5694fda454d8d1cbc1fffa706875c4400e89238c,2026-09-19T04:50:00+00:00,2026-09-19 09:50:00,66.4,1011.3,68
16.0,23.6,80.0,1463.2,424.8,66.1,8.3,6.4,1.6,446.1,304.7,9.6,10.0,67.1,30.6,23.6,False,4095,0.0,35.2,576.9,EXT-OPEN-METEO-KHI,KARACHI,OPENSOURCE_API_GRID,292,,,,0.95,True,True,TIER2_OPENSOURCE_PURE;CONTINUOUS_MINUTE_STREAM;VERIFIED_MODEL_GRID,9a9caf195306e0870964adc5d9658cc93b92f693847c8a7253f5e2857bdc91d9,2026-09-19T04:51:00+00:00,2026-09-19 09:51:00,66.3,1011.3,68
16.0,23.6,80.1,1463.2,424.8,66.1,8.3,6.4,1.6,446.0,303.9,9.5,10.0,67.3,30.6,23.57,False,4095,0.0,35.4,579.0,EXT-OPEN-METEO-KHI,KARACHI,OPENSOURCE_API_GRID,293,,,,0.95,True,True,TIER2_OPENSOURCE_PURE;CONTINUOUS_MINUTE_STREAM;VERIFIED_MODEL_GRID,22624a1dcdc2e8e6fb1aa225a447bd79c99f860d1964e747c588ebc2ddcdce95,2026-09-19T04:52:00+00:00,2026-09-19 09:52:00,66.2,1011.3,68
16.0,23.6,80.2,1463.2,424.8,66.1,8.3,6.4,1.6,446.0,303.3,9.5,10.0,67.4,30.6,23.55,False,4095,0.0,35.5,580.9,EXT-OPEN-METEO-KHI,KARACHI,OPENSOURCE_API_GRID,294,,,,0.95,True,True,TIER2_OPENSOURCE_PURE;CONTINUOUS_MINUTE_STREAM;VERIFIED_MODEL_GRID,7717911360d8a9dc3375ecabc33def7bcb37767b9503e7f4e4273b5bb6e2e249,2026-09-19T04:53:00+00:00,2026-09-19 09:53:00,66.1,1011.3,68
16.0,23.6,80.2,1463.2,424.8,66.1,8.3,6.4,1.6,446.0,302.7,9.5,10.0,67.6,30.6,23.52,False,4095,0.0,35.7,582.6,EXT-OPEN-METEO-KHI,KARACHI,OPENSOURCE_API_GRID,295,,,,0.95,True,True,TIER2_OPENSOURCE_PURE;CONTINUOUS_MINUTE_STREAM;VERIFIED_MODEL_GRID,c2d35b9b11be6d8c2999fc06720bca2080b79770f1c7b24df2a2aab8b946b868,2026-09-19T04:54:00+00:00,2026-09-19 09:54:00,66.0,1011.3,68
16.0,23.6,80.2,1463.2,424.8,66.1,8.3,6.4,1.6,446.0,302.2,9.5,10.0,67.7,30.6,23.52,False,4095,0.0,35.8,584.0,EXT-OPEN-METEO-KHI,KARACHI,OPENSOURCE_API_GRID,296,,,,0.95,True,True,TIER2_OPENSOURCE_PURE;CONTINUOUS_MINUTE_STREAM;VERIFIED_MODEL_GRID,2315442092c208a248b5785fcec5e3595ef5edc24e25c6097fef13fa1c7ca7bb,2026-09-19T04:55:00+00:00,2026-09-19 09:55:00,66.0,1011.3,68
16.0,23.5,80.3,1457.0,423.0,65.8,8.2,6.4,1.6,446.0,301.7,9.4,10.0,67.8,30.6,23.5,False,4095,0.0,35.8,585.2,EXT-OPEN-METEO-KHI,KARACHI,OPENSOURCE_API_GRID,297,,,,0.95,True,True,TIER2_OPENSOURCE_PURE;CONTINUOUS_MINUTE_STREAM;VERIFIED_MODEL_GRID,b3c0e9bc5d95745c6f2670afb2308bf29654d0111c1079db8093656adb142914,2026-09-19T04:56:00+00:00,2026-09-19 09:56:00,65.9,1011.3,68
16.0,23.5,80.3,1457.0,423.0,65.8,8.2,6.4,1.6,446.0,301.4,9.4,10.0,67.9,30.6,23.5,False,4095,0.0,35.9,586.1,EXT-OPEN-METEO-KHI,KARACHI,OPENSOURCE_API_GRID,298,,,,0.95,True,True,TIER2_OPENSOURCE_PURE;CONTINUOUS_MINUTE_STREAM;VERIFIED_MODEL_GRID,4dccbde7b2750de26dd42a71a4b7ee757577bea1c9c225718fcaa5869082c566,2026-09-19T04:57:00+00:00,2026-09-19 09:57:00,65.9,1011.3,68
16.0,23.5,80.3,1457.0,423.0,65.8,8.2,6.4,1.6,446.0,301.2,9.4,10.0,68.0,30.6,23.5,False,4095,0.0,36.0,586.8,EXT-OPEN-METEO-KHI,KARACHI,OPENSOURCE_API_GRID,299,,,,0.95,True,True,TIER2_OPENSOURCE_PURE;CONTINUOUS_MINUTE_STREAM;VERIFIED_MODEL_GRID,1db6a30b4168d8f331c545ff9dd73ed4fce4f3706c186fce62907a8215ef0b7d,2026-09-19T04:58:00+00:00,2026-09-19 09:58:00,65.9,1011.3,68
16.0,23.5,80.3,1457.0,423.0,65.8,8.2,6.4,1.6,446.0,301.0,9.4,10.0,68.0,30.6,23.5,False,4095,0.0,36.0,587.2,EXT-OPEN-METEO-KHI,KARACHI,OPENSOURCE_API_GRID,300,,,,0.95,True,True,TIER2_OPENSOURCE_PURE;CONTINUOUS_MINUTE_STREAM;VERIFIED_MODEL_GRID,06b153d25c4429b645a4aa69b6583253fadaacdc928105ea57b58bb05326cb70,2026-09-19T04:59:00+00:00,2026-09-19 09:59:00,65.9,1011.3,68
16.0,23.5,80.3,1457.0,423.0,65.8,8.2,6.4,1.6,446.0,301.0,9.4,10.0,68.0,30.6,23.5,False,4095,0.0,36.0,587.3,EXT-OPEN-METEO-KHI,KARACHI,OPENSOURCE_API_GRID,301,,,,0.95,True,False,TIER2_OPENSOURCE_PURE;HOURLY_NODE;VERIFIED_MODEL_GRID,28afa41a964dcabfd74bdbc05205aefd79468591a73e8ea629d920e0f8872180,2026-09-19T05:00:00+00:00,2026-09-19 10:00:00,65.9,1011.3,69
16.0,23.5,80.3,1457.0,423.0,65.8,8.2,6.4,1.6,446.0,301.0,9.4,10.0,68.0,30.6,23.5,False,4095,0.0,36.0,587.4,EXT-OPEN-METEO-KHI,KARACHI,OPENSOURCE_API_GRID,302,,,,0.95,True,True,TIER2_OPENSOURCE_PURE;CONTINUOUS_MINUTE_STREAM;VERIFIED_MODEL_GRID,0f2dd6215bb7164c69a907707fce9bb3b39ca728b0faf6726bd554d5fd3dea9c,2026-09-19T05:01:00+00:00,2026-09-19 10:01:00,65.9,1011.3,69
16.0,23.5,80.3,1457.0,423.0,65.8,8.2,6.4,1.6,446.0,300.8,9.4,10.0,68.0,30.6,23.5,False,4095,0.0,36.0,587.7,EXT-OPEN-METEO-KHI,KARACHI,OPENSOURCE_API_GRID,303,,,,0.95,True,True,TIER2_OPENSOURCE_PURE;CONTINUOUS_MINUTE_STREAM;VERIFIED_MODEL_GRID,b85b310f2ac68954df9c333b4979fbb9bdaa0e22c72336bd9f868bf754cc80dd,2026-09-19T05:02:00+00:00,2026-09-19 10:02:00,65.9,1011.3,69
16.0,23.6,80.4,1463.2,424.8,66.1,8.3,6.4,1.6,446.0,300.7,9.4,10.0,68.1,30.6,23.5,False,4095,0.0,35.9,588.2,EXT-OPEN-METEO-KHI,KARACHI,OPENSOURCE_API_GRID,304,,,,0.95,True,True,TIER2_OPENSOURCE_PURE;CONTINUOUS_MINUTE_STREAM;VERIFIED_MODEL_GRID,ff28df0fb7a2bd4733f5a9952ffff6417d2f4f85eca0f3d7e7a67be3ff889bd0,2026-09-19T05:03:00+00:00,2026-09-19 10:03:00,65.9,1011.3,69
16.0,23.6,80.5,1463.2,424.8,66.1,8.3,6.4,1.6,446.0,300.4,9.4,10.0,68.2,30.6,23.5,False,4095,0.0,35.8,588.9,EXT-OPEN-METEO-KHI,KARACHI,OPENSOURCE_API_GRID,305,,,,0.95,True,True,TIER2_OPENSOURCE_PURE;CONTINUOUS_MINUTE_STREAM;VERIFIED_MODEL_GRID,ec7ead2a0ffa248b0b9fced2d4a5e46ae3c505351bdc936378bb24b650d7cb77,2026-09-19T05:04:00+00:00,2026-09-19 10:04:00,65.9,1011.3,69
16.1,23.7,80.6,1469.4,426.6,66.4,8.3,6.4,1.6,446.0,300.1,9.4,10.0,68.3,30.6,23.5,False,4095,0.0,35.7,589.7,EXT-OPEN-METEO-KHI,KARACHI,OPENSOURCE_API_GRID,306,,,,0.95,True,True,TIER2_OPENSOURCE_PURE;CONTINUOUS_MINUTE_STREAM;VERIFIED_MODEL_GRID,0947db56b2ae937c6cbdf7240217db301becb7793bd6967d2e06017de90fd346,2026-09-19T05:05:00+00:00,2026-09-19 10:05:00,65.9,1011.3,69
16.1,23.7,80.7,1469.4,426.6,66.4,8.3,6.5,1.6,446.0,299.7,9.3,10.0,68.4,30.6,23.5,False,4095,0.0,35.6,590.8,EXT-OPEN-METEO-KHI,KARACHI,OPENSOURCE_API_GRID,307,,,,0.95,True,True,TIER2_OPENSOURCE_PURE;CONTINUOUS_MINUTE_STREAM;VERIFIED_MODEL_GRID,8c7a33bc9083f645d536f31cc45b03803bc5159c055adb1a354e6d512e5b6324,2026-09-19T05:06:00+00:00,2026-09-19 10:06:00,65.9,1011.3,69
16.2,23.8,80.8,1475.6,428.4,66.6,8.3,6.5,1.6,446.0,299.2,9.3,10.0,68.5,30.6,23.5,False,4095,0.0,35.5,592.0,EXT-OPEN-METEO-KHI,KARACHI,OPENSOURCE_API_GRID,308,,,,0.95,True,True,TIER2_OPENSOURCE_PURE;CONTINUOUS_MINUTE_STREAM;VERIFIED_MODEL_GRID,deeb6bbd86b7e32df069c3cf4f63c36f59f5433d6cd2b1d1850da8915536c136,2026-09-19T05:07:00+00:00,2026-09-19 10:07:00,65.9,1011.3,69
16.3,23.9,80.9,1481.8,430.2,66.9,8.4,6.5,1.6,446.0,298.6,9.3,10.0,68.7,30.6,23.5,False,4095,0.0,35.3,593.5,EXT-OPEN-METEO-KHI,KARACHI,OPENSOURCE_API_GRID,309,,,,0.95,True,True,TIER2_OPENSOURCE_PURE;CONTINUOUS_MINUTE_STREAM;VERIFIED_MODEL_GRID,4ee26f440618a5d7e325e22c0fa08d5f4262de0305f0d2393edec559b9ab776b,2026-09-19T05:08:00+00:00,2026-09-19 10:08:00,65.9,1011.3,69
16.3,23.9,81.1,1481.8,430.2,66.9,8.4,6.5,1.6,445.9,298.0,9.3,10.0,68.9,30.6,23.5,False,4095,0.0,35.1,595.1,EXT-OPEN-METEO-KHI,KARACHI,OPENSOURCE_API_GRID,310,,,,0.95,True,True,TIER2_OPENSOURCE_PURE;CONTINUOUS_MINUTE_STREAM;VERIFIED_MODEL_GRID,cd38bcf4d8c3de26bbafa80cedd82ade13ff2c6715a91bb08db7a60a5823b73b,2026-09-19T05:09:00+00:00,2026-09-19 10:09:00,65.9,1011.3,69
16.3,23.9,81.0,1481.8,430.2,66.9,8.4,6.5,1.6,445.9,297.3,9.2,10.0,69.1,30.7,23.59,False,4095,0.0,34.9,596.9,EXT-OPEN-METEO-KHI,KARACHI,OPENSOURCE_API_GRID,311,,,,0.95,True,True,TIER2_OPENSOURCE_PURE;CONTINUOUS_MINUTE_STREAM;VERIFIED_MODEL_GRID,4de9d4e9159942ef52256f863259e43d798da2993fa2f7df36cd4effd0d336ca,2026-09-19T05:10:00+00:00,2026-09-19 10:10:00,65.9,1011.3,69
16.3,24.0,81.2,1488.0,432.0,67.2,8.4,6.5,1.6,445.9,296.6,9.2,10.0,69.3,30.7,23.59,False,4095,0.0,34.7,598.8,EXT-OPEN-METEO-KHI,KARACHI,OPENSOURCE_API_GRID,312,,,,0.95,True,True,TIER2_OPENSOURCE_PURE;CONTINUOUS_MINUTE_STREAM;VERIFIED_MODEL_GRID,bc76d7e8180a4f05a82b6b360b2de25660917bb02b63d7b4be4f4040a433333b,2026-09-19T05:11:00+00:00,2026-09-19 10:11:00,65.9,1011.3,69
16.4,24.1,81.4,1494.2,433.8,67.5,8.4,6.5,1.6,445.9,295.7,9.2,10.0,69.5,30.7,23.59,False,4095,0.0,34.5,600.9,EXT-OPEN-METEO-KHI,KARACHI,OPENSOURCE_API_GRID,313,,,,0.95,True,True,TIER2_OPENSOURCE_PURE;CONTINUOUS_MINUTE_STREAM;VERIFIED_MODEL_GRID,810408ee77008245ed9cc719b7f267947d7ee65322414ae8e9013cace3dba2bc,2026-09-19T05:12:00+00:00,2026-09-19 10:12:00,65.9,1011.3,69
16.5,24.2,81.5,1500.4,435.6,67.8,8.5,6.5,1.6,445.9,294.9,9.1,10.0,69.8,30.7,23.57,False,4095,0.0,34.2,603.2,EXT-OPEN-METEO-KHI,KARACHI,OPENSOURCE_API_GRID,314,,,,0.95,True,True,TIER2_OPENSOURCE_PURE;CONTINUOUS_MINUTE_STREAM;VERIFIED_MODEL_GRID,5cc5957f25365b3ea03d545d85878d29a11639a89949330533633b5a21eab110,2026-09-19T05:13:00+00:00,2026-09-19 10:13:00,65.8,1011.3,69
16.5,24.2,81.7,1500.4,435.6,67.8,8.5,6.5,1.6,445.9,293.9,9.1,10.0,70.1,30.8,23.64,False,4095,0.0,33.9,605.6,EXT-OPEN-METEO-KHI,KARACHI,OPENSOURCE_API_GRID,315,,,,0.95,True,True,TIER2_OPENSOURCE_PURE;CONTINUOUS_MINUTE_STREAM;VERIFIED_MODEL_GRID,0441abc7b64346ccd77f8ded387a5188d3721d0f0526a61fbca281b124ac19d0,2026-09-19T05:14:00+00:00,2026-09-19 10:14:00,65.7,1011.3,69
16.5,24.3,81.9,1506.6,437.4,68.0,8.5,6.6,1.6,445.9,292.9,9.0,10.0,70.3,30.8,23.64,False,4095,0.0,33.7,608.2,EXT-OPEN-METEO-KHI,KARACHI,OPENSOURCE_API_GRID,316,,,,0.95,True,True,TIER2_OPENSOURCE_PURE;CONTINUOUS_MINUTE_STREAM;VERIFIED_MODEL_GRID,26c755051039ee08c1f0d8801876abdd8ee3bfa9f32226d9f57956fb66a79d07,2026-09-19T05:15:00+00:00,2026-09-19 10:15:00,65.7,1011.3,69
16.6,24.4,82.0,1512.8,439.2,68.3,8.5,6.6,1.6,445.8,291.9,9.0,10.0,70.6,30.8,23.61,False,4095,0.0,33.4,610.9,EXT-OPEN-METEO-KHI,KARACHI,OPENSOURCE_API_GRID,317,,,,0.95,True,True,TIER2_OPENSOURCE_PURE;CONTINUOUS_MINUTE_STREAM;VERIFIED_MODEL_GRID,ff96a0899c604b40e273d288cc6445d19b4593a1be87363da806d03272f96d1c,2026-09-19T05:16:00+00:00,2026-09-19 10:16:00,65.6,1011.3,69
16.7,24.5,82.1,1519.0,441.0,68.6,8.6,6.6,1.6,445.8,290.8,9.0,10.0,71.0,30.8,23.59,False,4095,0.0,33.0,613.8,EXT-OPEN-METEO-KHI,KARACHI,OPENSOURCE_API_GRID,318,,,,0.95,True,True,TIER2_OPENSOURCE_PURE;CONTINUOUS_MINUTE_STREAM;VERIFIED_MODEL_GRID,0b8d105515622f6aad0197b0c35222e6998ba556c4e5afb18be05f991e7ea5e1,2026-09-19T05:17:00+00:00,2026-09-19 10:17:00,65.5,1011.3,69
16.7,24.5,82.3,1519.0,441.0,68.6,8.6,6.6,1.6,445.8,289.7,8.9,10.0,71.3,30.8,23.56,False,4095,0.0,32.7,616.7,EXT-OPEN-METEO-KHI,KARACHI,OPENSOURCE_API_GRID,319,,,,0.95,True,True,TIER2_OPENSOURCE_PURE;CONTINUOUS_MINUTE_STREAM;VERIFIED_MODEL_GRID,648ca83d9d2ee2a4ed3725c3cc2f0756ed68e6498db43eeab1b671ed2a7254a1,2026-09-19T05:18:00+00:00,2026-09-19 10:18:00,65.4,1011.3,69
16.7,24.6,82.4,1525.2,442.8,68.9,8.6,6.6,1.6,445.8,288.5,8.9,10.0,71.6,30.9,23.63,False,4095,0.0,32.4,619.8,EXT-OPEN-METEO-KHI,KARACHI,OPENSOURCE_API_GRID,320,,,,0.95,True,True,TIER2_OPENSOURCE_PURE;CONTINUOUS_MINUTE_STREAM;VERIFIED_MODEL_GRID,806c47081df6c0a89409c6c2ed1d0256effe92127a2c91c664135daa50563cff,2026-09-19T05:19:00+00:00,2026-09-19 10:19:00,65.3,1011.3,69
16.7,24.6,82.5,1525.2,442.8,68.9,8.6,6.6,1.7,445.8,287.2,8.8,10.0,72.0,30.9,23.61,False,4095,0.0,32.0,623.0,EXT-OPEN-METEO-KHI,KARACHI,OPENSOURCE_API_GRID,321,,,,0.95,True,True,TIER2_OPENSOURCE_PURE;CONTINUOUS_MINUTE_STREAM;VERIFIED_MODEL_GRID,39708054691be089cf71b02bd87afee403ec1fa5d29728d6b1b7e686232c07dd,2026-09-19T05:20:00+00:00,2026-09-19 10:20:00,65.2,1011.3,69
16.7,24.6,82.6,1525.2,442.8,68.9,8.6,6.6,1.7,445.7,286.0,8.7,10.1,72.4,30.9,23.58,False,4095,0.0,31.6,626.3,EXT-OPEN-METEO-KHI,KARACHI,OPENSOURCE_API_GRID,322,,,,0.95,True,True,TIER2_OPENSOURCE_PURE;CONTINUOUS_MINUTE_STREAM;VERIFIED_MODEL_GRID,5fe4cbd04f7cd978fb4c9383cf15009b5d1691937537d12cb0e8e33892f4a20e,2026-09-19T05:21:00+00:00,2026-09-19 10:21:00,65.1,1011.3,69
16.8,24.7,82.7,1531.4,444.6,69.2,8.6,6.6,1.7,445.7,284.7,8.7,10.1,72.7,30.9,23.56,False,4095,0.0,31.3,629.7,EXT-OPEN-METEO-KHI,KARACHI,OPENSOURCE_API_GRID,323,,,,0.95,True,True,TIER2_OPENSOURCE_PURE;CONTINUOUS_MINUTE_STREAM;VERIFIED_MODEL_GRID,20e3d9b708455f2689a6c4e442b3b2dd80f6d1579e6aa4190daba0433e05d299,2026-09-19T05:22:00+00:00,2026-09-19 10:22:00,65.0,1011.3,69
16.8,24.7,82.8,1531.4,444.6,69.2,8.6,6.6,1.7,445.7,283.4,8.6,10.1,73.1,30.9,23.56,False,4095,0.0,30.9,633.1,EXT-OPEN-METEO-KHI,KARACHI,OPENSOURCE_API_GRID,324,,,,0.95,True,True,TIER2_OPENSOURCE_PURE;CONTINUOUS_MINUTE_STREAM;VERIFIED_MODEL_GRID,532ce498445aa83b095833a0e76360c9dbc990566659667a62f5a4063a0e2efc,2026-09-19T05:23:00+00:00,2026-09-19 10:23:00,65.0,1011.3,69
16.8,24.7,82.9,1531.4,444.6,69.2,8.6,6.6,1.7,445.7,282.0,8.6,10.1,73.5,30.9,23.53,False,4095,0.0,30.5,636.6,EXT-OPEN-METEO-KHI,KARACHI,OPENSOURCE_API_GRID,325,,,,0.95,True,True,TIER2_OPENSOURCE_PURE;CONTINUOUS_MINUTE_STREAM;VERIFIED_MODEL_GRID,3ce52c9fdb8ef8afc3358b7e7e6a24cb2964f421e9829e2fb7d0de6c5688e62d,2026-09-19T05:24:00+00:00,2026-09-19 10:24:00,64.9,1011.3,69
16.9,24.8,83.0,1537.6,446.4,69.4,8.7,6.6,1.7,445.6,280.6,8.5,10.1,73.9,30.9,23.5,False,4095,0.0,30.1,640.2,EXT-OPEN-METEO-KHI,KARACHI,OPENSOURCE_API_GRID,326,,,,0.95,True,True,TIER2_OPENSOURCE_PURE;CONTINUOUS_MINUTE_STREAM;VERIFIED_MODEL_GRID,04d966dab74c52281b2708ea2d09b37a070552d2ce0e9a5cd75a8b4ba4661a05,2026-09-19T05:25:00+00:00,2026-09-19 10:25:00,64.8,1011.2,69
16.9,24.8,83.1,1537.6,446.4,69.4,8.7,6.6,1.7,445.6,279.2,8.4,10.1,74.3,31.0,23.57,False,4095,0.0,29.7,643.9,EXT-OPEN-METEO-KHI,KARACHI,OPENSOURCE_API_GRID,327,,,,0.95,True,True,TIER2_OPENSOURCE_PURE;CONTINUOUS_MINUTE_STREAM;VERIFIED_MODEL_GRID,e825b9c933c920987d2370a47a1a0cdea12f2135c584d12e5f04d3b1270700fb,2026-09-19T05:26:00+00:00,2026-09-19 10:26:00,64.7,1011.2,69
16.9,24.8,83.2,1537.6,446.4,69.4,8.7,6.7,1.7,445.6,277.8,8.4,10.1,74.7,31.0,23.55,False,4095,0.0,29.3,647.5,EXT-OPEN-METEO-KHI,KARACHI,OPENSOURCE_API_GRID,328,,,,0.95,True,True,TIER2_OPENSOURCE_PURE;CONTINUOUS_MINUTE_STREAM;VERIFIED_MODEL_GRID,2e91d90f8f7771ca0d75b47c56ad93d67b817ef3843b05d25a924f4ffe5634a9,2026-09-19T05:27:00+00:00,2026-09-19 10:27:00,64.6,1011.2,69
16.9,24.9,83.4,1543.8,448.2,69.7,8.7,6.7,1.7,445.6,276.4,8.3,10.1,75.2,31.0,23.52,False,4095,0.0,28.8,651.2,EXT-OPEN-METEO-KHI,KARACHI,OPENSOURCE_API_GRID,329,,,,0.95,True,True,TIER2_OPENSOURCE_PURE;CONTINUOUS_MINUTE_STREAM;VERIFIED_MODEL_GRID,198549e79ff530716436d39816825ec0213b575e8ff10cf5d200bf50926da98a,2026-09-19T05:28:00+00:00,2026-09-19 10:28:00,64.5,1011.2,69
16.9,24.9,83.5,1543.8,448.2,69.7,8.7,6.7,1.7,445.5,274.9,8.3,10.1,75.6,31.0,23.5,False,4095,0.0,28.4,655.0,EXT-OPEN-METEO-KHI,KARACHI,OPENSOURCE_API_GRID,330,,,,0.95,True,True,TIER2_OPENSOURCE_PURE;CONTINUOUS_MINUTE_STREAM;VERIFIED_MODEL_GRID,d2749717ebd82933232656df9cbe9bf819cda0e0129d863dd7ad3af034a72cf2,2026-09-19T05:29:00+00:00,2026-09-19 10:29:00,64.4,1011.2,69
17.0,25.0,83.7,1550.0,450.0,70.0,8.8,6.7,1.7,445.5,273.5,8.2,10.1,76.0,31.0,23.5,False,4095,0.0,28.0,658.7,EXT-OPEN-METEO-KHI,KARACHI,OPENSOURCE_API_GRID,331,,,,0.95,True,True,TIER2_OPENSOURCE_PURE;CONTINUOUS_MINUTE_STREAM;VERIFIED_MODEL_GRID,240a342622deae5eb5475e0e1dfcc92184c32cfe1f66ac2d4f4f57fd5967adbc,2026-09-19T05:30:00+00:00,2026-09-19 10:30:00,64.4,1011.2,69
17.1,25.1,83.8,1556.2,451.8,70.3,8.8,6.7,1.7,445.5,272.1,8.1,10.1,76.4,31.0,23.47,False,4095,0.0,27.6,662.4,EXT-OPEN-METEO-KHI,KARACHI,OPENSOURCE_API_GRID,332,,,,0.95,True,True,TIER2_OPENSOURCE_PURE;CONTINUOUS_MINUTE_STREAM;VERIFIED_MODEL_GRID,9736e633917ed4c8bc199383543a8982f3d8fdc81c4ea247cbb51e57d6ecd9e9,2026-09-19T05:31:00+00:00,2026-09-19 10:31:00,64.3,1011.2,69
17.1,25.2,84.0,1562.4,453.6,70.6,8.8,6.7,1.7,445.4,270.6,8.1,10.1,76.8,31.0,23.44,False,4095,0.0,27.2,666.2,EXT-OPEN-METEO-KHI,KARACHI,OPENSOURCE_API_GRID,333,,,,0.95,True,True,TIER2_OPENSOURCE_PURE;CONTINUOUS_MINUTE_STREAM;VERIFIED_MODEL_GRID,3c3e5f1590c104bea30ff5c7bdfa5bd5bdc066ef69a93c1138bc31bd31209bef,2026-09-19T05:32:00+00:00,2026-09-19 10:32:00,64.2,1011.2,69
17.2,25.3,84.2,1568.6,455.4,70.8,8.9,6.7,1.7,445.4,269.2,8.0,10.1,77.3,31.1,23.51,False,4095,0.0,26.7,669.9,EXT-OPEN-METEO-KHI,KARACHI,OPENSOURCE_API_GRID,334,,,,0.95,True,True,TIER2_OPENSOURCE_PURE;CONTINUOUS_MINUTE_STREAM;VERIFIED_MODEL_GRID,f80327850374df9c9bf6e33fdd78d6a2fe577fd34f5af6a8917b727e6e9e348b,2026-09-19T05:33:00+00:00,2026-09-19 10:33:00,64.1,1011.2,69
17.2,25.3,84.4,1568.6,455.4,70.8,8.9,6.8,1.7,445.4,267.8,8.0,10.1,77.7,31.1,23.51,False,4095,0.0,26.3,673.5,EXT-OPEN-METEO-KHI,KARACHI,OPENSOURCE_API_GRID,335,,,,0.95,True,True,TIER2_OPENSOURCE_PURE;CONTINUOUS_MINUTE_STREAM;VERIFIED_MODEL_GRID,1f99950b4777edea0cca94eb55a9afeec30033f52a73297f0cae53fc621b6d03,2026-09-19T05:34:00+00:00,2026-09-19 10:34:00,64.1,1011.2,69
17.3,25.5,84.6,1581.0,459.0,71.4,8.9,6.8,1.7,445.4,266.4,7.9,10.1,78.1,31.1,23.49,False,4095,0.0,25.9,677.2,EXT-OPEN-METEO-KHI,KARACHI,OPENSOURCE_API_GRID,336,,,,0.95,True,True,TIER2_OPENSOURCE_PURE;CONTINUOUS_MINUTE_STREAM;VERIFIED_MODEL_GRID,c3be54e151375080c87405aabeae8787f2b77f2a2206f7c329d20f2eb1bfe894,2026-09-19T05:35:00+00:00,2026-09-19 10:35:00,64.0,1011.2,69
17.4,25.6,84.8,1587.2,460.8,71.7,9.0,6.8,1.7,445.3,265.0,7.8,10.1,78.5,31.1,23.49,False,4095,0.0,25.5,680.8,EXT-OPEN-METEO-KHI,KARACHI,OPENSOURCE_API_GRID,337,,,,0.95,True,True,TIER2_OPENSOURCE_PURE;CONTINUOUS_MINUTE_STREAM;VERIFIED_MODEL_GRID,7c9984c108d5d23a4df942ee63ee688f99aa6cd00efb07df8e04bc4aaa7ae772,2026-09-19T05:36:00+00:00,2026-09-19 10:36:00,64.0,1011.2,69
17.5,25.7,85.1,1593.4,462.6,72.0,9.0,6.8,1.7,445.3,263.6,7.8,10.1,78.9,31.2,23.56,False,4095,0.0,25.1,684.3,EXT-OPEN-METEO-KHI,KARACHI,OPENSOURCE_API_GRID,338,,,,0.95,True,True,TIER2_OPENSOURCE_PURE;CONTINUOUS_MINUTE_STREAM;VERIFIED_MODEL_GRID,4e26c484eb7366d78789574f736129bea670b0eb217c769a55126b479e8d6bee,2026-09-19T05:37:00+00:00,2026-09-19 10:37:00,63.9,1011.2,69
17.5,25.8,85.3,1599.6,464.4,72.2,9.0,6.8,1.7,445.3,262.3,7.7,10.1,79.3,31.2,23.56,False,4095,0.0,24.7,687.7,EXT-OPEN-METEO-KHI,KARACHI,OPENSOURCE_API_GRID,339,,,,0.95,True,True,TIER2_OPENSOURCE_PURE;CONTINUOUS_MINUTE_STREAM;VERIFIED_MODEL_GRID,26692c6a612fbe2389fab19263f468df45dc12b5e493c51beab2e2ace8ec9845,2026-09-19T05:38:00+00:00,2026-09-19 10:38:00,63.9,1011.2,69
17.6,25.9,85.5,1605.8,466.2,72.5,9.1,6.8,1.7,445.3,261.0,7.7,10.1,79.6,31.2,23.53,False,4095,0.0,24.4,691.1,EXT-OPEN-METEO-KHI,KARACHI,OPENSOURCE_API_GRID,340,,,,0.95,True,True,TIER2_OPENSOURCE_PURE;CONTINUOUS_MINUTE_STREAM;VERIFIED_MODEL_GRID,f98831999428c78bd96d63180058035dec3ea9aa39f849aa198c5746f6d8bda3,2026-09-19T05:39:00+00:00,2026-09-19 10:39:00,63.8,1011.1,69
17.7,26.0,85.7,1612.0,468.0,72.8,9.1,6.9,1.7,445.2,259.8,7.6,10.1,80.0,31.3,23.62,False,4095,0.0,24.0,694.4,EXT-OPEN-METEO-KHI,KARACHI,OPENSOURCE_API_GRID,341,,,,0.95,True,True,TIER2_OPENSOURCE_PURE;CONTINUOUS_MINUTE_STREAM;VERIFIED_MODEL_GRID,1637bec74ebaa0353a5b466c6c0a4356ea0fce06e8641929df57e122d2e3ecf2,2026-09-19T05:40:00+00:00,2026-09-19 10:40:00,63.8,1011.1,69
17.7,26.0,85.8,1612.0,468.0,72.8,9.1,6.9,1.7,445.2,258.5,7.5,10.2,80.4,31.3,23.62,False,4095,0.0,23.6,697.6,EXT-OPEN-METEO-KHI,KARACHI,OPENSOURCE_API_GRID,342,,,,0.95,True,True,TIER2_OPENSOURCE_PURE;CONTINUOUS_MINUTE_STREAM;VERIFIED_MODEL_GRID,a7065fc1ee45592e7727b567845f60306088b3cd3cd7fa09804e5702b13be78b,2026-09-19T05:41:00+00:00,2026-09-19 10:41:00,63.8,1011.1,69
17.7,26.1,86.0,1618.2,469.8,73.1,9.1,6.9,1.7,445.2,257.3,7.5,10.2,80.7,31.3,23.62,False,4095,0.0,23.3,700.7,EXT-OPEN-METEO-KHI,KARACHI,OPENSOURCE_API_GRID,343,,,,0.95,True,True,TIER2_OPENSOURCE_PURE;CONTINUOUS_MINUTE_STREAM;VERIFIED_MODEL_GRID,b4b3171a65b7b6f4bc3d71692dbb96dca4e3dd1b1f408bf61b951afd27560397,2026-09-19T05:42:00+00:00,2026-09-19 10:42:00,63.8,1011.1,69
17.8,26.2,86.2,1624.4,471.6,73.4,9.2,6.9,1.7,445.2,256.2,7.4,10.2,81.0,31.4,23.69,False,4095,0.0,23.0,703.6,EXT-OPEN-METEO-KHI,KARACHI,OPENSOURCE_API_GRID,344,,,,0.95,True,True,TIER2_OPENSOURCE_PURE;CONTINUOUS_MINUTE_STREAM;VERIFIED_MODEL_GRID,439dba3e0d98ad2f031cb2a209a93180f0d703e38178e234abfdb757c04312cc,2026-09-19T05:43:00+00:00,2026-09-19 10:43:00,63.7,1011.1,69
17.9,26.3,86.4,1630.6,473.4,73.6,9.2,6.9,1.7,445.2,255.1,7.4,10.2,81.4,31.4,23.67,False,4095,0.0,22.6,706.5,EXT-OPEN-METEO-KHI,KARACHI,OPENSOURCE_API_GRID,345,,,,0.95,True,True,TIER2_OPENSOURCE_PURE;CONTINUOUS_MINUTE_STREAM;VERIFIED_MODEL_GRID,faa4bc6ecfa4e7695ebb4b05598758b4aebd0391cef8b552c4373bc797d18aac,2026-09-19T05:44:00+00:00,2026-09-19 10:44:00,63.6,1011.1,69
18.0,26.4,86.6,1636.8,475.2,73.9,9.2,6.9,1.7,445.1,254.1,7.4,10.2,81.7,31.4,23.67,False,4095,0.0,22.3,709.2,EXT-OPEN-METEO-KHI,KARACHI,OPENSOURCE_API_GRID,346,,,,0.95,True,True,TIER2_OPENSOURCE_PURE;CONTINUOUS_MINUTE_STREAM;VERIFIED_MODEL_GRID,5ddae0dabfd22e0bc57709dbc083a0b204e4de4313523c422aa529034b0d833c,2026-09-19T05:45:00+00:00,2026-09-19 10:45:00,63.6,1011.1,69
18.0,26.5,86.7,1643.0,477.0,74.2,9.3,6.9,1.7,445.1,253.1,7.3,10.2,81.9,31.4,23.64,False,4095,0.0,22.1,711.8,EXT-OPEN-METEO-KHI,KARACHI,OPENSOURCE_API_GRID,347,,,,0.95,True,True,TIER2_OPENSOURCE_PURE;CONTINUOUS_MINUTE_STREAM;VERIFIED_MODEL_GRID,64216031d15aeedd0b5d5152ecf88706438cd38d418f5a71fdb727d568a66cf7,2026-09-19T05:46:00+00:00,2026-09-19 10:46:00,63.5,1011.1,69
18.1,26.6,86.8,1649.2,478.8,74.5,9.3,6.9,1.7,445.1,252.1,7.3,10.2,82.2,31.4,23.61,False,4095,0.0,21.8,714.2,EXT-OPEN-METEO-KHI,KARACHI,OPENSOURCE_API_GRID,348,,,,0.95,True,True,TIER2_OPENSOURCE_PURE;CONTINUOUS_MINUTE_STREAM;VERIFIED_MODEL_GRID,5e1c5190555b27d0666061278f5ce95b9a30d40c21aaf47fd3bdae86a376d431,2026-09-19T05:47:00+00:00,2026-09-19 10:47:00,63.4,1011.1,69
18.1,26.6,87.0,1649.2,478.8,74.5,9.3,7.0,1.7,445.1,251.3,7.2,10.2,82.5,31.5,23.68,False,4095,0.0,21.5,716.5,EXT-OPEN-METEO-KHI,KARACHI,OPENSOURCE_API_GRID,349,,,,0.95,True,True,TIER2_OPENSOURCE_PURE;CONTINUOUS_MINUTE_STREAM;VERIFIED_MODEL_GRID,1461f27c547f62ba629ae89d0f39055da9524406a8177f1d8f9a3733d1591139,2026-09-19T05:48:00+00:00,2026-09-19 10:48:00,63.3,1011.1,69
18.2,26.7,87.1,1655.4,480.6,74.8,9.3,7.0,1.7,445.1,250.4,7.2,10.2,82.7,31.5,23.68,False,4095,0.0,21.3,718.6,EXT-OPEN-METEO-KHI,KARACHI,OPENSOURCE_API_GRID,350,,,,0.95,True,True,TIER2_OPENSOURCE_PURE;CONTINUOUS_MINUTE_STREAM;VERIFIED_MODEL_GRID,1a5e9922d73106c91a29ec241289695c85999075f61c5cdf528791c917190f3a,2026-09-19T05:49:00+00:00,2026-09-19 10:49:00,63.3,1011.1,69
18.2,26.7,87.1,1655.4,480.6,74.8,9.3,7.0,1.7,445.1,249.7,7.2,10.2,82.9,31.5,23.66,False,4095,0.0,21.1,720.5,EXT-OPEN-METEO-KHI,KARACHI,OPENSOURCE_API_GRID,351,,,,0.95,True,True,TIER2_OPENSOURCE_PURE;CONTINUOUS_MINUTE_STREAM;VERIFIED_MODEL_GRID,d925507d9cc032d75cf8725d2a58d72023604612f6061402006e2435977ebd63,2026-09-19T05:50:00+00:00,2026-09-19 10:50:00,63.2,1011.1,69
18.2,26.7,87.2,1655.4,480.6,74.8,9.3,7.0,1.7,445.1,249.0,7.1,10.2,83.1,31.5,23.63,False,4095,0.0,20.9,722.3,EXT-OPEN-METEO-KHI,KARACHI,OPENSOURCE_API_GRID,352,,,,0.95,True,True,TIER2_OPENSOURCE_PURE;CONTINUOUS_MINUTE_STREAM;VERIFIED_MODEL_GRID,3926f908ac64a96dcdcf9e28544c205554eb0ae50d231f16ed91ae05cc0f92ff,2026-09-19T05:51:00+00:00,2026-09-19 10:51:00,63.1,1011.1,69
18.2,26.7,87.2,1655.4,480.6,74.8,9.3,7.0,1.7,445.0,248.4,7.1,10.2,83.3,31.5,23.63,False,4095,0.0,20.7,723.9,EXT-OPEN-METEO-KHI,KARACHI,OPENSOURCE_API_GRID,353,,,,0.95,True,True,TIER2_OPENSOURCE_PURE;CONTINUOUS_MINUTE_STREAM;VERIFIED_MODEL_GRID,18e4f35afbb285654fdbbc7bc3a9c57d6e4484937316e22ed8721dc494f2ff57,2026-09-19T05:52:00+00:00,2026-09-19 10:52:00,63.1,1011.1,69
18.2,26.7,87.2,1655.4,480.6,74.8,9.3,7.0,1.7,445.0,247.8,7.1,10.2,83.5,31.5,23.6,False,4095,0.0,20.5,725.4,EXT-OPEN-METEO-KHI,KARACHI,OPENSOURCE_API_GRID,354,,,,0.95,True,True,TIER2_OPENSOURCE_PURE;CONTINUOUS_MINUTE_STREAM;VERIFIED_MODEL_GRID,1c923a38c447db6bb07c8828d6a5527cb503536011bca861e978c1bd7fa9f3dc,2026-09-19T05:53:00+00:00,2026-09-19 10:53:00,63.0,1011.1,69
18.2,26.7,87.2,1655.4,480.6,74.8,9.3,7.0,1.7,445.0,247.3,7.1,10.2,83.6,31.5,23.6,False,4095,0.0,20.4,726.6,EXT-OPEN-METEO-KHI,KARACHI,OPENSOURCE_API_GRID,355,,,,0.95,True,True,TIER2_OPENSOURCE_PURE;CONTINUOUS_MINUTE_STREAM;VERIFIED_MODEL_GRID,d00c7fe7b4d7f8d563fd09918ed25c29ef4b01f8581634733813aab01ef5a11f,2026-09-19T05:54:00+00:00,2026-09-19 10:54:00,63.0,1011.1,69
18.2,26.7,87.2,1655.4,480.6,74.8,9.3,7.0,1.7,445.0,246.9,7.0,10.2,83.7,31.5,23.58,False,4095,0.0,20.3,727.7,EXT-OPEN-METEO-KHI,KARACHI,OPENSOURCE_API_GRID,356,,,,0.95,True,True,TIER2_OPENSOURCE_PURE;CONTINUOUS_MINUTE_STREAM;VERIFIED_MODEL_GRID,d74bf69909c4c983f4bf9b8d203c39d545964ac24cccca5198f2d3e97fefafcc,2026-09-19T05:55:00+00:00,2026-09-19 10:55:00,62.9,1011.1,69
18.1,26.6,87.2,1649.2,478.8,74.5,9.3,7.0,1.7,445.0,246.6,7.0,10.2,83.8,31.5,23.58,False,4095,0.0,20.2,728.5,EXT-OPEN-METEO-KHI,KARACHI,OPENSOURCE_API_GRID,357,,,,0.95,True,True,TIER2_OPENSOURCE_PURE;CONTINUOUS_MINUTE_STREAM;VERIFIED_MODEL_GRID,c640f374e36a642260aa55bff286136ef49ae7eca1752db9cbc4b4da63cfeed3,2026-09-19T05:56:00+00:00,2026-09-19 10:56:00,62.9,1011.1,69
18.1,26.6,87.1,1649.2,478.8,74.5,9.3,7.0,1.7,445.0,246.3,7.0,10.2,83.9,31.5,23.58,False,4095,0.0,20.1,729.2,EXT-OPEN-METEO-KHI,KARACHI,OPENSOURCE_API_GRID,358,,,,0.95,True,True,TIER2_OPENSOURCE_PURE;CONTINUOUS_MINUTE_STREAM;VERIFIED_MODEL_GRID,52493f1d2483e636ceff6f03a0462f807d3683ce9ad9c19ce79b0a121cd6d874,2026-09-19T05:57:00+00:00,2026-09-19 10:57:00,62.9,1011.1,69
18.1,26.6,87.1,1649.2,478.8,74.5,9.3,7.0,1.7,445.0,246.2,7.0,10.2,84.0,31.5,23.58,False,4095,0.0,20.0,729.7,EXT-OPEN-METEO-KHI,KARACHI,OPENSOURCE_API_GRID,359,,,,0.95,True,True,TIER2_OPENSOURCE_PURE;CONTINUOUS_MINUTE_STREAM;VERIFIED_MODEL_GRID,31e133149f5590e46b857d4cf0ef9066286e27cde4eb3ddac5171b910c9149db,2026-09-19T05:58:00+00:00,2026-09-19 10:58:00,62.9,1011.1,69
18.0,26.5,87.1,1643.0,477.0,74.2,9.3,7.0,1.7,445.0,246.0,7.0,10.2,84.0,31.5,23.58,False,4095,0.0,20.0,730.0,EXT-OPEN-METEO-KHI,KARACHI,OPENSOURCE_API_GRID,360,,,,0.95,True,True,TIER2_OPENSOURCE_PURE;CONTINUOUS_MINUTE_STREAM;VERIFIED_MODEL_GRID,a5841657b2d11570063725cb8f2101b71afe3e7f6a25ee41347ffff5ea10a795,2026-09-19T05:59:00+00:00,2026-09-19 10:59:00,62.9,1011.1,69
18.0,26.5,87.0,1643.0,477.0,74.2,9.3,7.0,1.7,445.0,246.0,7.0,10.2,84.0,31.5,23.58,False,4095,0.0,20.0,730.1,EXT-OPEN-METEO-KHI,KARACHI,OPENSOURCE_API_GRID,361,,,,0.95,True,False,TIER2_OPENSOURCE_PURE;HOURLY_NODE;VERIFIED_MODEL_GRID,57ffe7217cad22c7b5329a25354d2f7c37f63cbdfabf849d0a5c8108cd37638c,2026-09-19T06:00:00+00:00,2026-09-19 11:00:00,62.9,1011.1,69
18.0,26.5,87.0,1643.0,477.0,74.2,9.3,7.0,1.7,445.0,246.0,7.0,10.2,84.0,31.5,23.58,False,4095,0.0,20.0,730.2,EXT-OPEN-METEO-KHI,KARACHI,OPENSOURCE_API_GRID,362,,,,0.95,True,True,TIER2_OPENSOURCE_PURE;CONTINUOUS_MINUTE_STREAM;VERIFIED_MODEL_GRID,0baa6ba3b18c39c26117c7e37f465d65440594574ca1fcecab7ed82170a83149,2026-09-19T06:01:00+00:00,2026-09-19 11:01:00,62.9,1011.1,69
18.0,26.5,87.0,1643.0,477.0,74.2,9.3,7.0,1.7,445.0,245.9,7.0,10.2,84.0,31.5,23.58,False,4095,0.0,20.0,730.4,EXT-OPEN-METEO-KHI,KARACHI,OPENSOURCE_API_GRID,363,,,,0.95,True,True,TIER2_OPENSOURCE_PURE;CONTINUOUS_MINUTE_STREAM;VERIFIED_MODEL_GRID,0176e17cf5c6a6b1887b405f79973e83fa6957fd370945830d902c5f2c479969,2026-09-19T06:02:00+00:00,2026-09-19 11:02:00,62.9,1011.1,69
18.0,26.5,87.0,1643.0,477.0,74.2,9.3,7.0,1.7,445.0,245.9,7.0,10.2,84.1,31.5,23.58,False,4095,0.0,19.9,730.7,EXT-OPEN-METEO-KHI,KARACHI,OPENSOURCE_API_GRID,364,,,,0.95,True,True,TIER2_OPENSOURCE_PURE;CONTINUOUS_MINUTE_STREAM;VERIFIED_MODEL_GRID,abdbcdf86eb910e43612c01e6f01a097997f6429200b65ec1513a93c4c5a95f7,2026-09-19T06:03:00+00:00,2026-09-19 11:03:00,62.9,1011.1,69
18.1,26.6,87.1,1649.2,478.8,74.5,9.3,7.0,1.7,445.0,245.8,7.0,10.2,84.2,31.5,23.58,False,4095,0.0,19.8,731.1,EXT-OPEN-METEO-KHI,KARACHI,OPENSOURCE_API_GRID,365,,,,0.95,True,True,TIER2_OPENSOURCE_PURE;CONTINUOUS_MINUTE_STREAM;VERIFIED_MODEL_GRID,c0b72fb06b8aec75ba028f03ea6b0c1ec39b40ac613d7cb55291d65e0da61531,2026-09-19T06:04:00+00:00,2026-09-19 11:04:00,62.9,1011.1,69
18.1,26.6,87.2,1649.2,478.8,74.5,9.3,7.0,1.7,445.0,245.7,7.0,10.2,84.3,31.5,23.58,False,4095,0.0,19.8,731.7,EXT-OPEN-METEO-KHI,KARACHI,OPENSOURCE_API_GRID,366,,,,0.95,True,True,TIER2_OPENSOURCE_PURE;CONTINUOUS_MINUTE_STREAM;VERIFIED_MODEL_GRID,a7ff8880d24928aab8e7b65f1677685e79c5bc354cb00b56be4050f821788df6,2026-09-19T06:05:00+00:00,2026-09-19 11:05:00,62.9,1011.1,69
18.2,26.7,87.2,1655.4,480.6,74.8,9.3,7.0,1.7,445.0,245.5,7.0,10.2,84.4,31.5,23.58,False,4095,0.0,19.7,732.4,EXT-OPEN-METEO-KHI,KARACHI,OPENSOURCE_API_GRID,367,,,,0.95,True,True,TIER2_OPENSOURCE_PURE;CONTINUOUS_MINUTE_STREAM;VERIFIED_MODEL_GRID,3337994ef961efb952093d6f23339d3a521822a70c364190d7f9a3cd8b12f7ac,2026-09-19T06:06:00+00:00,2026-09-19 11:06:00,62.9,1011.1,69
18.2,26.7,87.3,1655.4,480.6,74.8,9.3,7.0,1.7,445.0,245.3,7.0,10.2,84.5,31.5,23.6,False,4095,0.0,19.5,733.2,EXT-OPEN-METEO-KHI,KARACHI,OPENSOURCE_API_GRID,368,,,,0.95,True,True,TIER2_OPENSOURCE_PURE;CONTINUOUS_MINUTE_STREAM;VERIFIED_MODEL_GRID,b863ebdc28bce3b11330db180c83182b6e16999bfbbce9c49cd489770b6d5faf,2026-09-19T06:07:00+00:00,2026-09-19 11:07:00,63.0,1011.1,69
18.2,26.8,87.5,1661.6,482.4,75.0,9.4,7.0,1.8,445.0,245.1,6.9,10.2,84.6,31.5,23.6,False,4095,0.0,19.4,734.1,EXT-OPEN-METEO-KHI,KARACHI,OPENSOURCE_API_GRID,369,,,,0.95,True,True,TIER2_OPENSOURCE_PURE;CONTINUOUS_MINUTE_STREAM;VERIFIED_MODEL_GRID,457ff6333aeadb7ee3a049b5ceb1ec694db02a6a75c4416cc5f2daf0628399be,2026-09-19T06:08:00+00:00,2026-09-19 11:08:00,63.0,1011.1,69
18.3,26.9,87.6,1667.8,484.2,75.3,9.4,7.0,1.8,445.0,244.9,6.9,10.2,84.8,31.5,23.6,False,4095,0.0,19.2,735.2,EXT-OPEN-METEO-KHI,KARACHI,OPENSOURCE_API_GRID,370,,,,0.95,True,True,TIER2_OPENSOURCE_PURE;CONTINUOUS_MINUTE_STREAM;VERIFIED_MODEL_GRID,71708ed5407fd7d87cf9c43fab068b8950581b01bfd5d4984c93b71810dc14ce,2026-09-19T06:09:00+00:00,2026-09-19 11:09:00,63.0,1011.1,69
18.4,27.0,87.7,1674.0,486.0,75.6,9.4,7.0,1.8,445.0,244.7,6.9,10.2,85.0,31.5,23.63,False,4095,0.0,19.1,736.3,EXT-OPEN-METEO-KHI,KARACHI,OPENSOURCE_API_GRID,371,,,,0.95,True,True,TIER2_OPENSOURCE_PURE;CONTINUOUS_MINUTE_STREAM;VERIFIED_MODEL_GRID,463a908861776b9e49d807ea1f2f340cc18e851e82d7469f06e158a12badc10e,2026-09-19T06:10:00+00:00,2026-09-19 11:10:00,63.1,1011.1,69
18.4,27.1,87.9,1680.2,487.8,75.9,9.5,7.0,1.8,445.0,244.4,6.9,10.2,85.2,31.5,23.63,False,4095,0.0,18.9,737.6,EXT-OPEN-METEO-KHI,KARACHI,OPENSOURCE_API_GRID,372,,,,0.95,True,True,TIER2_OPENSOURCE_PURE;CONTINUOUS_MINUTE_STREAM;VERIFIED_MODEL_GRID,ac8db87ad80d9f17e21e3a62b8712bdfb1c14c632e3b468c0f4be4eddc24f734,2026-09-19T06:11:00+00:00,2026-09-19 11:11:00,63.1,1011.0,69
18.4,27.0,87.9,1674.0,486.0,75.6,9.4,7.0,1.8,445.0,244.1,6.9,10.2,85.4,31.5,23.66,False,4095,0.0,18.7,739.0,EXT-OPEN-METEO-KHI,KARACHI,OPENSOURCE_API_GRID,373,,,,0.95,True,True,TIER2_OPENSOURCE_PURE;CONTINUOUS_MINUTE_STREAM;VERIFIED_MODEL_GRID,3605a0d2e5eef3dee52d25738883d3469b48bbd26d7f7841fc02cd6b1769a885,2026-09-19T06:12:00+00:00,2026-09-19 11:12:00,63.2,1011.1,69
18.4,27.1,88.0,1680.2,487.8,75.9,9.5,7.0,1.8,445.0,243.8,6.8,10.2,85.7,31.5,23.68,False,4095,0.0,18.4,740.5,EXT-OPEN-METEO-KHI,KARACHI,OPENSOURCE_API_GRID,374,,,,0.95,True,True,TIER2_OPENSOURCE_PURE;CONTINUOUS_MINUTE_STREAM;VERIFIED_MODEL_GRID,4dbe06a9cd232607510edc8ab7e681a5a780c42f72efa26998f84e48bdb279dc,2026-09-19T06:13:00+00:00,2026-09-19 11:13:00,63.3,1011.0,69
18.5,27.2,88.2,1686.4,489.6,76.2,9.5,7.1,1.8,445.0,243.4,6.8,10.2,85.9,31.5,23.68,False,4095,0.0,18.2,742.1,EXT-OPEN-METEO-KHI,KARACHI,OPENSOURCE_API_GRID,375,,,,0.95,True,True,TIER2_OPENSOURCE_PURE;CONTINUOUS_MINUTE_STREAM;VERIFIED_MODEL_GRID,cba3120d2ec410c37aa9dada63367aa955da1f19fa35feacd6f7997fa89b23ed,2026-09-19T06:14:00+00:00,2026-09-19 11:14:00,63.3,1011.0,69
18.6,27.3,88.3,1692.6,491.4,76.4,9.6,7.1,1.8,445.0,243.1,6.8,10.2,86.2,31.5,23.68,False,4095,0.0,17.9,743.7,EXT-OPEN-METEO-KHI,KARACHI,OPENSOURCE_API_GRID,376,,,,0.95,True,True,TIER2_OPENSOURCE_PURE;CONTINUOUS_MINUTE_STREAM;VERIFIED_MODEL_GRID,9d72b0affe91ac74580f0a80148fa7354006e2406f6d6b03474db9edc8098b0c,2026-09-19T06:15:00+00:00,2026-09-19 11:15:00,63.3,1011.0,69
18.6,27.4,88.5,1698.8,493.2,76.7,9.6,7.1,1.8,445.0,242.7,6.8,10.2,86.5,31.5,23.68,False,4095,0.0,17.7,745.5,EXT-OPEN-METEO-KHI,KARACHI,OPENSOURCE_API_GRID,377,,,,0.95,True,True,TIER2_OPENSOURCE_PURE;CONTINUOUS_MINUTE_STREAM;VERIFIED_MODEL_GRID,740b860736dc8b41c8d61ffd3fc18d5af8675d27ee87a95da568488beb0e5aae,2026-09-19T06:16:00+00:00,2026-09-19 11:16:00,63.3,1011.0,69
18.7,27.5,88.6,1705.0,495.0,77.0,9.6,7.1,1.8,445.0,242.3,6.7,10.1,86.8,31.5,23.68,False,4095,0.0,17.4,747.4,EXT-OPEN-METEO-KHI,KARACHI,OPENSOURCE_API_GRID,378,,,,0.95,True,True,TIER2_OPENSOURCE_PURE;CONTINUOUS_MINUTE_STREAM;VERIFIED_MODEL_GRID,2f43658c2213a29c145e3d471defa3f5ac566b9f88036b9958fee62855518b7a,2026-09-19T06:17:00+00:00,2026-09-19 11:17:00,63.3,1011.0,69
18.8,27.6,88.8,1711.2,496.8,77.3,9.7,7.1,1.8,445.0,241.9,6.7,10.1,87.1,31.5,23.68,False,4095,0.0,17.1,749.3,EXT-OPEN-METEO-KHI,KARACHI,OPENSOURCE_API_GRID,379,,,,0.95,True,True,TIER2_OPENSOURCE_PURE;CONTINUOUS_MINUTE_STREAM;VERIFIED_MODEL_GRID,36cd2d86bce085b310871ea2f0543e4fd6df2357fa291036b9c1c7e570116f8b,2026-09-19T06:18:00+00:00,2026-09-19 11:18:00,63.3,1011.0,69
18.8,27.7,88.9,1717.4,498.6,77.6,9.7,7.1,1.8,445.0,241.4,6.7,10.1,87.4,31.5,23.68,False,4095,0.0,16.8,751.3,EXT-OPEN-METEO-KHI,KARACHI,OPENSOURCE_API_GRID,380,,,,0.95,True,True,TIER2_OPENSOURCE_PURE;CONTINUOUS_MINUTE_STREAM;VERIFIED_MODEL_GRID,0c3fae4a7f60c925506ce1751b5b6cdd89055c206178e0fe470a366e118dac96,2026-09-19T06:19:00+00:00,2026-09-19 11:19:00,63.3,1011.0,69
18.9,27.8,89.0,1723.6,500.4,77.8,9.7,7.1,1.8,445.0,241.0,6.6,10.1,87.8,31.5,23.68,False,4095,0.0,16.5,753.4,EXT-OPEN-METEO-KHI,KARACHI,OPENSOURCE_API_GRID,381,,,,0.95,True,True,TIER2_OPENSOURCE_PURE;CONTINUOUS_MINUTE_STREAM;VERIFIED_MODEL_GRID,33aa1b92e7ee9e9257628981de34b2933f6bb64e33d542a4c37bf7adebee38b7,2026-09-19T06:20:00+00:00,2026-09-19 11:20:00,63.3,1011.0,69
18.9,27.8,89.2,1723.6,500.4,77.8,9.7,7.1,1.8,445.0,240.5,6.6,10.1,88.1,31.5,23.68,False,4095,0.0,16.2,755.5,EXT-OPEN-METEO-KHI,KARACHI,OPENSOURCE_API_GRID,382,,,,0.95,True,True,TIER2_OPENSOURCE_PURE;CONTINUOUS_MINUTE_STREAM;VERIFIED_MODEL_GRID,254a1b5a9b304b6416abf43122b84a901c40a2e50b1aa7b8dc70c0e1b2c9e6a1,2026-09-19T06:21:00+00:00,2026-09-19 11:21:00,63.3,1011.0,69
19.0,27.9,89.3,1729.8,502.2,78.1,9.8,7.1,1.8,445.0,240.1,6.6,10.1,88.4,31.5,23.68,False,4095,0.0,15.8,757.7,EXT-OPEN-METEO-KHI,KARACHI,OPENSOURCE_API_GRID,383,,,,0.95,True,True,TIER2_OPENSOURCE_PURE;CONTINUOUS_MINUTE_STREAM;VERIFIED_MODEL_GRID,a38c5ddab55b2eb44c4118ffe203f81f8cb0f7ccf85998980c867e59f7619cab,2026-09-19T06:22:00+00:00,2026-09-19 11:22:00,63.3,1011.0,69
19.0,28.0,89.4,1736.0,504.0,78.4,9.8,7.2,1.8,445.0,239.6,6.6,10.1,88.8,31.5,23.68,False,4095,0.0,15.5,760.0,EXT-OPEN-METEO-KHI,KARACHI,OPENSOURCE_API_GRID,384,,,,0.95,True,True,TIER2_OPENSOURCE_PURE;CONTINUOUS_MINUTE_STREAM;VERIFIED_MODEL_GRID,c0696c893c7d0d5fe3c74edf863ab538c111bf64c93dfb72a33f802a26e70bda,2026-09-19T06:23:00+00:00,2026-09-19 11:23:00,63.3,1011.0,69
19.0,28.0,89.4,1736.0,504.0,78.4,9.8,7.2,1.8,445.0,239.1,6.5,10.1,89.2,31.5,23.68,False,4095,0.0,15.2,762.3,EXT-OPEN-METEO-KHI,KARACHI,OPENSOURCE_API_GRID,385,,,,0.95,True,True,TIER2_OPENSOURCE_PURE;CONTINUOUS_MINUTE_STREAM;VERIFIED_MODEL_GRID,30f0d0d8b2f3fcf677f50079f7b4775bd443aec60b5459bd247d0f43372cdb4a,2026-09-19T06:24:00+00:00,2026-09-19 11:24:00,63.3,1010.9,69
19.0,28.0,89.5,1736.0,504.0,78.4,9.8,7.2,1.8,445.0,238.6,6.5,10.1,89.6,31.5,23.68,False,4095,0.0,14.8,764.6,EXT-OPEN-METEO-KHI,KARACHI,OPENSOURCE_API_GRID,386,,,,0.95,True,True,TIER2_OPENSOURCE_PURE;CONTINUOUS_MINUTE_STREAM;VERIFIED_MODEL_GRID,437beb741086811048ff09d809c6887c3148addf25274bd6a2f38ff03744b95a,2026-09-19T06:25:00+00:00,2026-09-19 11:25:00,63.3,1010.9,69
19.1,28.1,89.6,1742.2,505.8,78.7,9.8,7.2,1.8,445.0,238.1,6.4,10.1,89.9,31.5,23.68,False,4095,0.0,14.5,767.0,EXT-OPEN-METEO-KHI,KARACHI,OPENSOURCE_API_GRID,387,,,,0.95,True,True,TIER2_OPENSOURCE_PURE;CONTINUOUS_MINUTE_STREAM;VERIFIED_MODEL_GRID,1e9021b08eeb764e6ba1cc6b207b934c3611af2814ac14e2a68ab891fb82768e,2026-09-19T06:26:00+00:00,2026-09-19 11:26:00,63.3,1010.9,69
19.1,28.1,89.7,1742.2,505.8,78.7,9.8,7.2,1.8,445.0,237.6,6.4,10.1,90.3,31.5,23.68,False,4095,0.0,14.1,769.4,EXT-OPEN-METEO-KHI,KARACHI,OPENSOURCE_API_GRID,388,,,,0.95,True,True,TIER2_OPENSOURCE_PURE;CONTINUOUS_MINUTE_STREAM;VERIFIED_MODEL_GRID,6ed6180145827e55673b0eab29d7cdcf6a4486f4cab2c472e86ee76f7034c4ea,2026-09-19T06:27:00+00:00,2026-09-19 11:27:00,63.3,1010.9,69
19.2,28.2,89.8,1748.4,507.6,79.0,9.9,7.2,1.8,445.0,237.0,6.4,10.1,90.7,31.5,23.68,False,4095,0.0,13.7,771.8,EXT-OPEN-METEO-KHI,KARACHI,OPENSOURCE_API_GRID,389,,,,0.95,True,True,TIER2_OPENSOURCE_PURE;CONTINUOUS_MINUTE_STREAM;VERIFIED_MODEL_GRID,bfbc930fd6a087eeed76b7cab214070e4578ab5e8f79ec49dac29dac40b2548f,2026-09-19T06:28:00+00:00,2026-09-19 11:28:00,63.3,1010.9,69
19.2,28.2,89.9,1748.4,507.6,79.0,9.9,7.2,1.8,445.0,236.5,6.3,10.1,91.1,31.5,23.68,False,4095,0.0,13.4,774.3,EXT-OPEN-METEO-KHI,KARACHI,OPENSOURCE_API_GRID,390,,,,0.95,True,True,TIER2_OPENSOURCE_PURE;CONTINUOUS_MINUTE_STREAM;VERIFIED_MODEL_GRID,001a8b0f1ee0eccb7d4eea53c6b42303d1303828251abf559f30f98affe1c941,2026-09-19T06:29:00+00:00,2026-09-19 11:29:00,63.3,1010.9,69
19.2,28.3,90.0,1754.6,509.4,79.2,9.9,7.2,1.8,445.0,236.0,6.3,10.0,91.5,31.5,23.71,False,4095,0.0,13.0,776.7,EXT-OPEN-METEO-KHI,KARACHI,OPENSOURCE_API_GRID,391,,,,0.95,True,True,TIER2_OPENSOURCE_PURE;CONTINUOUS_MINUTE_STREAM;VERIFIED_MODEL_GRID,d33da3ab1ef8594737814e1069aaacff828b07da7a02d402d352096f33a5e247,2026-09-19T06:30:00+00:00,2026-09-19 11:30:00,63.4,1010.9,69
19.3,28.4,90.1,1760.8,511.2,79.5,9.9,7.2,1.8,445.0,235.5,6.3,10.0,91.9,31.5,23.71,False,4095,0.0,12.6,779.1,EXT-OPEN-METEO-KHI,KARACHI,OPENSOURCE_API_GRID,392,,,,0.95,True,True,TIER2_OPENSOURCE_PURE;CONTINUOUS_MINUTE_STREAM;VERIFIED_MODEL_GRID,0957d906ab870bbd1fc365a56cad63a8a88df29a7bd2e9753dfd282c4e4a0a7e,2026-09-19T06:31:00+00:00,2026-09-19 11:31:00,63.4,1010.9,69
19.3,28.4,90.2,1760.8,511.2,79.5,9.9,7.2,1.8,445.0,235.0,6.2,10.0,92.3,31.5,23.71,False,4095,0.0,12.3,781.6,EXT-OPEN-METEO-KHI,KARACHI,OPENSOURCE_API_GRID,393,,,,0.95,True,True,TIER2_OPENSOURCE_PURE;CONTINUOUS_MINUTE_STREAM;VERIFIED_MODEL_GRID,4b347d421ea7643d6530981e227b12db76172ed4431fe5e24b47c9400ec69a61,2026-09-19T06:32:00+00:00,2026-09-19 11:32:00,63.4,1010.8,69
19.4,28.5,90.4,1767.0,513.0,79.8,10.0,7.2,1.8,445.0,234.4,6.2,10.0,92.7,31.5,23.71,False,4095,0.0,11.9,784.0,EXT-OPEN-METEO-KHI,KARACHI,OPENSOURCE_API_GRID,394,,,,0.95,True,True,TIER2_OPENSOURCE_PURE;CONTINUOUS_MINUTE_STREAM;VERIFIED_MODEL_GRID,ecffeb9816a487c32c39a8015f94ec9713a2aa16480c101c635771be9540ab15,2026-09-19T06:33:00+00:00,2026-09-19 11:33:00,63.4,1010.8,69
19.4,28.6,90.5,1773.2,514.8,80.1,10.0,7.2,1.8,445.0,233.9,6.2,10.0,93.1,31.5,23.74,False,4095,0.0,11.5,786.4,EXT-OPEN-METEO-KHI,KARACHI,OPENSOURCE_API_GRID,395,,,,0.95,True,True,TIER2_OPENSOURCE_PURE;CONTINUOUS_MINUTE_STREAM;VERIFIED_MODEL_GRID,2285ae697e0099815ed28622e9d9c9521e53f84a793f0844cdfa729edcc64ed4,2026-09-19T06:34:00+00:00,2026-09-19 11:34:00,63.5,1010.8,69
19.5,28.7,90.7,1779.4,516.6,80.4,10.0,7.3,1.8,445.0,233.4,6.1,10.0,93.4,31.5,23.74,False,4095,0.0,11.2,788.8,EXT-OPEN-METEO-KHI,KARACHI,OPENSOURCE_API_GRID,396,,,,0.95,True,True,TIER2_OPENSOURCE_PURE;CONTINUOUS_MINUTE_STREAM;VERIFIED_MODEL_GRID,15d8f7691444730065374569b8cf21fbdd772e64aa9234b662a2aa4544891937,2026-09-19T06:35:00+00:00,2026-09-19 11:35:00,63.5,1010.8,69
19.6,28.8,90.9,1785.6,518.4,80.6,10.1,7.3,1.8,445.0,232.9,6.1,10.0,93.8,31.5,23.76,False,4095,0.0,10.8,791.1,EXT-OPEN-METEO-KHI,KARACHI,OPENSOURCE_API_GRID,397,,,,0.95,True,True,TIER2_OPENSOURCE_PURE;CONTINUOUS_MINUTE_STREAM;VERIFIED_MODEL_GRID,8f53ec4414362da2267aba0b503ca36628a6809b44cdac8de8ce22301de888b1,2026-09-19T06:36:00+00:00,2026-09-19 11:36:00,63.6,1010.8,69
19.7,28.9,91.0,1791.8,520.2,80.9,10.1,7.3,1.8,445.0,232.4,6.0,10.0,94.2,31.5,23.76,False,4095,0.0,10.5,793.4,EXT-OPEN-METEO-KHI,KARACHI,OPENSOURCE_API_GRID,398,,,,0.95,True,True,TIER2_OPENSOURCE_PURE;CONTINUOUS_MINUTE_STREAM;VERIFIED_MODEL_GRID,0c64002c6e6edbe9261cf28e3308f191cb55b0b176137728024952c5d3d0802d,2026-09-19T06:37:00+00:00,2026-09-19 11:37:00,63.6,1010.8,69
19.8,29.1,91.2,1804.2,523.8,81.5,10.2,7.3,1.8,445.0,231.9,6.0,10.0,94.6,31.5,23.76,False,4095,0.0,10.2,795.7,EXT-OPEN-METEO-KHI,KARACHI,OPENSOURCE_API_GRID,399,,,,0.95,True,True,TIER2_OPENSOURCE_PURE;CONTINUOUS_MINUTE_STREAM;VERIFIED_MODEL_GRID,22887189ab9d7a4f80c6d01126070425028194eaf28cd836863bdd04e1084183,2026-09-19T06:38:00+00:00,2026-09-19 11:38:00,63.6,1010.7,69
19.9,29.2,91.4,1810.4,525.6,81.8,10.2,7.3,1.8,445.0,231.5,6.0,10.0,94.9,31.5,23.79,False,4095,0.0,9.8,797.9,EXT-OPEN-METEO-KHI,KARACHI,OPENSOURCE_API_GRID,400,,,,0.95,True,True,TIER2_OPENSOURCE_PURE;CONTINUOUS_MINUTE_STREAM;VERIFIED_MODEL_GRID,7c6b68541bc0183aa36203e4660e0a4b4f614c43901befaef74b8acfb3d2f2fb,2026-09-19T06:39:00+00:00,2026-09-19 11:39:00,63.7,1010.7,69
19.9,29.3,91.6,1816.6,527.4,82.0,10.3,7.3,1.8,445.0,231.0,6.0,10.0,95.2,31.5,23.79,False,4095,0.0,9.5,800.0,EXT-OPEN-METEO-KHI,KARACHI,OPENSOURCE_API_GRID,401,,,,0.95,True,True,TIER2_OPENSOURCE_PURE;CONTINUOUS_MINUTE_STREAM;VERIFIED_MODEL_GRID,57d661001f4a1964ef81b36e1ecb213934828878878a5cc1b8ad6c5dc1e7ffed,2026-09-19T06:40:00+00:00,2026-09-19 11:40:00,63.7,1010.7,69
20.0,29.4,91.8,1822.8,529.2,82.3,10.3,7.3,1.8,445.0,230.6,5.9,10.0,95.6,31.5,23.81,False,4095,0.0,9.2,802.1,EXT-OPEN-METEO-KHI,KARACHI,OPENSOURCE_API_GRID,402,,,,0.95,True,True,TIER2_OPENSOURCE_PURE;CONTINUOUS_MINUTE_STREAM;VERIFIED_MODEL_GRID,ffd7f602bd2d8541dd1f178fd9acbdb9b7783f9ec4903b75259c6bff968140c2,2026-09-19T06:41:00+00:00,2026-09-19 11:41:00,63.8,1010.7,69
20.1,29.6,92.0,1835.2,532.8,82.9,10.4,7.4,1.8,445.0,230.1,5.9,10.0,95.9,31.5,23.81,False,4095,0.0,8.9,804.1,EXT-OPEN-METEO-KHI,KARACHI,OPENSOURCE_API_GRID,403,,,,0.95,True,True,TIER2_OPENSOURCE_PURE;CONTINUOUS_MINUTE_STREAM;VERIFIED_MODEL_GRID,203064aca0c168055a4c8ea856af74c79713b10f27a24261924214b30f18a2c7,2026-09-19T06:42:00+00:00,2026-09-19 11:42:00,63.8,1010.7,69
20.1,29.6,92.0,1835.2,532.8,82.9,10.4,7.4,1.8,445.0,229.7,5.9,10.0,96.2,31.5,23.87,False,4095,0.0,8.6,806.0,EXT-OPEN-METEO-KHI,KARACHI,OPENSOURCE_API_GRID,404,,,,0.95,True,True,TIER2_OPENSOURCE_PURE;CONTINUOUS_MINUTE_STREAM;VERIFIED_MODEL_GRID,87f69a6053353905c6382e055d69ec32353cbf4d4f41ffaea5a7b11c886b1bbc,2026-09-19T06:43:00+00:00,2026-09-19 11:43:00,64.0,1010.7,69
20.2,29.7,92.2,1841.4,534.6,83.2,10.4,7.4,1.8,445.0,229.3,5.8,9.9,96.5,31.5,23.87,False,4095,0.0,8.3,807.9,EXT-OPEN-METEO-KHI,KARACHI,OPENSOURCE_API_GRID,405,,,,0.95,True,True,TIER2_OPENSOURCE_PURE;CONTINUOUS_MINUTE_STREAM;VERIFIED_MODEL_GRID,7670e481aab8eb2a1aab9417d65601262e3a84e5876a1fb4f709c998063ee83c,2026-09-19T06:44:00+00:00,2026-09-19 11:44:00,64.0,1010.7,69
20.3,29.8,92.4,1847.6,536.4,83.4,10.4,7.4,1.8,445.0,228.9,5.8,9.9,96.8,31.5,23.87,False,4095,0.0,8.1,809.7,EXT-OPEN-METEO-KHI,KARACHI,OPENSOURCE_API_GRID,406,,,,0.95,True,True,TIER2_OPENSOURCE_PURE;CONTINUOUS_MINUTE_STREAM;VERIFIED_MODEL_GRID,0fc99f629979279ad9add6b35c09e3e2c195c0d06a80da194c0b46f55daed47d,2026-09-19T06:45:00+00:00,2026-09-19 11:45:00,64.0,1010.7,69
20.3,29.9,92.5,1853.8,538.2,83.7,10.5,7.4,1.9,445.0,228.6,5.8,9.9,97.1,31.5,23.87,False,4095,0.0,7.8,811.3,EXT-OPEN-METEO-KHI,KARACHI,OPENSOURCE_API_GRID,407,,,,0.95,True,True,TIER2_OPENSOURCE_PURE;CONTINUOUS_MINUTE_STREAM;VERIFIED_MODEL_GRID,c1d0f5e2bbe573f48d44991ac9dfb67baaed4b0c9bcbcda9c467c05f8cc61bec,2026-09-19T06:46:00+00:00,2026-09-19 11:46:00,64.0,1010.7,69
20.4,30.0,92.7,1860.0,540.0,84.0,10.5,7.4,1.9,445.0,228.2,5.8,9.9,97.3,31.5,23.87,False,4095,0.0,7.6,812.9,EXT-OPEN-METEO-KHI,KARACHI,OPENSOURCE_API_GRID,408,,,,0.95,True,True,TIER2_OPENSOURCE_PURE;CONTINUOUS_MINUTE_STREAM;VERIFIED_MODEL_GRID,ad06eaee7f305e5c3811031dc80a2300aeb3c05fd4c4ad3513980c1a63973169,2026-09-19T06:47:00+00:00,2026-09-19 11:47:00,64.0,1010.7,69
20.4,30.0,92.8,1860.0,540.0,84.0,10.5,7.4,1.9,445.0,227.9,5.7,9.9,97.6,31.5,23.87,False,4095,0.0,7.3,814.4,EXT-OPEN-METEO-KHI,KARACHI,OPENSOURCE_API_GRID,409,,,,0.95,True,True,TIER2_OPENSOURCE_PURE;CONTINUOUS_MINUTE_STREAM;VERIFIED_MODEL_GRID,a4b74a3947c35e38a8bd2bb41d55e38a4a326010d84e65a5baa02c690fe8eac9,2026-09-19T06:48:00+00:00,2026-09-19 11:48:00,64.0,1010.7,69
20.5,30.1,92.9,1866.2,541.8,84.3,10.5,7.4,1.9,445.0,227.6,5.7,9.9,97.8,31.5,23.87,False,4095,0.0,7.1,815.8,EXT-OPEN-METEO-KHI,KARACHI,OPENSOURCE_API_GRID,410,,,,0.95,True,True,TIER2_OPENSOURCE_PURE;CONTINUOUS_MINUTE_STREAM;VERIFIED_MODEL_GRID,7a69ca78a66e099da874941920d6a9d829f05f27d291c2fc8b62964772a1d2f0,2026-09-19T06:49:00+00:00,2026-09-19 11:49:00,64.0,1010.7,69
20.5,30.2,93.0,1872.4,543.6,84.6,10.6,7.4,1.9,445.0,227.3,5.7,9.9,98.0,31.5,23.87,False,4095,0.0,6.9,817.1,EXT-OPEN-METEO-KHI,KARACHI,OPENSOURCE_API_GRID,411,,,,0.95,True,True,TIER2_OPENSOURCE_PURE;CONTINUOUS_MINUTE_STREAM;VERIFIED_MODEL_GRID,fc4d99ab82c7224dadf98347fce6d8433af7bd648b1411f7e35805aafa8147ae,2026-09-19T06:50:00+00:00,2026-09-19 11:50:00,64.0,1010.6,69
20.5,30.2,93.1,1872.4,543.6,84.6,10.6,7.4,1.9,445.0,227.1,5.7,9.9,98.2,31.5,23.87,False,4095,0.0,6.8,818.2,EXT-OPEN-METEO-KHI,KARACHI,OPENSOURCE_API_GRID,412,,,,0.95,True,True,TIER2_OPENSOURCE_PURE;CONTINUOUS_MINUTE_STREAM;VERIFIED_MODEL_GRID,fb08791dd2831efc87b62ac6f2ee6909b8c1a1af550cf8636cdab30dd1c5d43f,2026-09-19T06:51:00+00:00,2026-09-19 11:51:00,64.0,1010.6,69
20.5,30.2,93.1,1872.4,543.6,84.6,10.6,7.4,1.9,445.0,226.9,5.7,9.9,98.4,31.5,23.87,False,4095,0.0,6.6,819.3,EXT-OPEN-METEO-KHI,KARACHI,OPENSOURCE_API_GRID,413,,,,0.95,True,True,TIER2_OPENSOURCE_PURE;CONTINUOUS_MINUTE_STREAM;VERIFIED_MODEL_GRID,56b1ab6f5d3b2b5cddd8a21cba4f40188eda64d592fe1719de457030ca4478a1,2026-09-19T06:52:00+00:00,2026-09-19 11:52:00,64.0,1010.6,69
20.5,30.2,93.1,1872.4,543.6,84.6,10.6,7.4,1.9,445.0,226.7,5.6,9.9,98.5,31.5,23.87,False,4095,0.0,6.5,820.2,EXT-OPEN-METEO-KHI,KARACHI,OPENSOURCE_API_GRID,414,,,,0.95,True,True,TIER2_OPENSOURCE_PURE;CONTINUOUS_MINUTE_STREAM;VERIFIED_MODEL_GRID,8295359f53cf4eeb6d6edae873270255828cccc6b0ab3ca729ff4f0d5a994d96,2026-09-19T06:53:00+00:00,2026-09-19 11:53:00,64.0,1010.6,69
20.5,30.2,93.2,1872.4,543.6,84.6,10.6,7.5,1.9,445.0,226.5,5.6,9.9,98.6,31.5,23.84,False,4095,0.0,6.3,821.0,EXT-OPEN-METEO-KHI,KARACHI,OPENSOURCE_API_GRID,415,,,,0.95,True,True,TIER2_OPENSOURCE_PURE;CONTINUOUS_MINUTE_STREAM;VERIFIED_MODEL_GRID,23bfd8f2d8c9ebd52bd1f3b6e633cdc68b7b93638d01895bd57b9e1a83a02adc,2026-09-19T06:54:00+00:00,2026-09-19 11:54:00,63.9,1010.6,69
20.5,30.2,93.1,1872.4,543.6,84.6,10.6,7.4,1.9,445.0,226.3,5.6,9.9,98.7,31.5,23.84,False,4095,0.0,6.2,821.7,EXT-OPEN-METEO-KHI,KARACHI,OPENSOURCE_API_GRID,416,,,,0.95,True,True,TIER2_OPENSOURCE_PURE;CONTINUOUS_MINUTE_STREAM;VERIFIED_MODEL_GRID,03d7a8a89fd0207d9c8baaa32e373099c58233822952ed1d717c3fc6573d377b,2026-09-19T06:55:00+00:00,2026-09-19 11:55:00,63.9,1010.6,69
20.5,30.2,93.1,1872.4,543.6,84.6,10.6,7.4,1.9,445.0,226.2,5.6,9.9,98.8,31.5,23.84,False,4095,0.0,6.2,822.3,EXT-OPEN-METEO-KHI,KARACHI,OPENSOURCE_API_GRID,417,,,,0.95,True,True,TIER2_OPENSOURCE_PURE;CONTINUOUS_MINUTE_STREAM;VERIFIED_MODEL_GRID,945aded1c5f2b7a0d6ab1140f8d45c3333b5618b3a3bc5a22ccb25d70b77ee0e,2026-09-19T06:56:00+00:00,2026-09-19 11:56:00,63.9,1010.6,69
20.5,30.2,93.1,1872.4,543.6,84.6,10.6,7.4,1.9,445.0,226.1,5.6,9.9,98.9,31.5,23.84,False,4095,0.0,6.1,822.7,EXT-OPEN-METEO-KHI,KARACHI,OPENSOURCE_API_GRID,418,,,,0.95,True,True,TIER2_OPENSOURCE_PURE;CONTINUOUS_MINUTE_STREAM;VERIFIED_MODEL_GRID,6c60a9460c5e136673c7a2a08fc110d6f4024f27e0c6fe69abad6b2c58db5903,2026-09-19T06:57:00+00:00,2026-09-19 11:57:00,63.9,1010.6,69
20.5,30.2,93.0,1872.4,543.6,84.6,10.6,7.4,1.9,445.0,226.1,5.6,9.9,99.0,31.5,23.84,False,4095,0.0,6.0,823.0,EXT-OPEN-METEO-KHI,KARACHI,OPENSOURCE_API_GRID,419,,,,0.95,True,True,TIER2_OPENSOURCE_PURE;CONTINUOUS_MINUTE_STREAM;VERIFIED_MODEL_GRID,57abf198f785f5a799e3ee521617b91162bfea1948db3c51c5f7d12a6e7c7128,2026-09-19T06:58:00+00:00,2026-09-19 11:58:00,63.9,1010.6,69
20.5,30.1,93.0,1866.2,541.8,84.3,10.5,7.4,1.9,445.0,226.0,5.6,9.9,99.0,31.5,23.84,False,4095,0.0,6.0,823.2,EXT-OPEN-METEO-KHI,KARACHI,OPENSOURCE_API_GRID,420,,,,0.95,True,True,TIER2_OPENSOURCE_PURE;CONTINUOUS_MINUTE_STREAM;VERIFIED_MODEL_GRID,610450be72db55ee652fb41107e0f2368635cc0a87f08c2786adfdaae0c1d1b6,2026-09-19T06:59:00+00:00,2026-09-19 11:59:00,63.9,1010.6,69
20.5,30.1,92.9,1866.2,541.8,84.3,10.5,7.4,1.9,445.0,226.0,5.6,9.9,99.0,31.5,23.84,False,4095,0.0,6.0,823.3,EXT-OPEN-METEO-KHI,KARACHI,OPENSOURCE_API_GRID,421,,,,0.95,True,False,TIER2_OPENSOURCE_PURE;HOURLY_NODE;VERIFIED_MODEL_GRID,2c2629fb8b88e79748aeb92dbcdc3eab35d43967b73c2f26e0ad77c411a58309,2026-09-19T07:00:00+00:00,2026-09-19 12:00:00,63.9,1010.6,69
20.4,30.0,92.9,1860.0,540.0,84.0,10.5,7.4,1.9,445.0,226.0,5.6,9.9,99.0,31.5,23.84,False,4095,0.0,6.0,823.3,EXT-OPEN-METEO-KHI,KARACHI,OPENSOURCE_API_GRID,422,,,,0.95,True,True,TIER2_OPENSOURCE_PURE;CONTINUOUS_MINUTE_STREAM;VERIFIED_MODEL_GRID,4927f625bd49da8a2973b8e0544a3894ffe333557e8d963bc97de8aa820f4514,2026-09-19T07:01:00+00:00,2026-09-19 12:01:00,63.9,1010.6,69
20.4,30.0,92.8,1860.0,540.0,84.0,10.5,7.4,1.9,445.0,226.0,5.6,9.9,99.0,31.5,23.84,False,4095,0.0,6.0,823.3,EXT-OPEN-METEO-KHI,KARACHI,OPENSOURCE_API_GRID,423,,,,0.95,True,True,TIER2_OPENSOURCE_PURE;CONTINUOUS_MINUTE_STREAM;VERIFIED_MODEL_GRID,76ebd9e4f9c99967bec19ae949aa6b59817c85d319dc701d0350bdd3a5cf892d,2026-09-19T07:02:00+00:00,2026-09-19 12:02:00,63.9,1010.6,69
20.4,30.0,92.8,1860.0,540.0,84.0,10.5,7.4,1.9,445.0,226.0,5.6,9.9,99.1,31.5,23.84,False,4095,0.0,6.0,823.4,EXT-OPEN-METEO-KHI,KARACHI,OPENSOURCE_API_GRID,424,,,,0.95,True,True,TIER2_OPENSOURCE_PURE;CONTINUOUS_MINUTE_STREAM;VERIFIED_MODEL_GRID,d404729028e167bbae261c7c13cd8e6cbf82fc5eb19d2268ab7671431d0868fd,2026-09-19T07:03:00+00:00,2026-09-19 12:03:00,63.9,1010.6,69
20.4,30.0,92.7,1860.0,540.0,84.0,10.5,7.4,1.9,445.0,225.9,5.6,9.9,99.2,31.5,23.84,False,4095,0.0,6.0,823.5,EXT-OPEN-METEO-KHI,KARACHI,OPENSOURCE_API_GRID,425,,,,0.95,True,True,TIER2_OPENSOURCE_PURE;CONTINUOUS_MINUTE_STREAM;VERIFIED_MODEL_GRID,6557bebd6f9a58aa8bbde1b3a37403704d946a6b10923a2ce146bfad320b9e60,2026-09-19T07:04:00+00:00,2026-09-19 12:04:00,63.9,1010.6,69
20.4,30.0,92.7,1860.0,540.0,84.0,10.5,7.4,1.9,445.0,225.9,5.6,9.9,99.2,31.4,23.75,False,4095,0.0,6.1,823.6,EXT-OPEN-METEO-KHI,KARACHI,OPENSOURCE_API_GRID,426,,,,0.95,True,True,TIER2_OPENSOURCE_PURE;CONTINUOUS_MINUTE_STREAM;VERIFIED_MODEL_GRID,0076708c68440c488d62395e03cd0bfabc86c97c08498df715c0a1624d14ddcf,2026-09-19T07:05:00+00:00,2026-09-19 12:05:00,63.9,1010.6,69
20.4,30.0,92.7,1860.0,540.0,84.0,10.5,7.4,1.9,445.0,225.9,5.6,9.9,99.3,31.4,23.75,False,4095,0.0,6.1,823.7,EXT-OPEN-METEO-KHI,KARACHI,OPENSOURCE_API_GRID,427,,,,0.95,True,True,TIER2_OPENSOURCE_PURE;CONTINUOUS_MINUTE_STREAM;VERIFIED_MODEL_GRID,29b34ded121d2badd1cc5806893ec91028008f2e3d0c0fa7d612deebcdd25464,2026-09-19T07:06:00+00:00,2026-09-19 12:06:00,63.9,1010.6,69
20.5,30.1,92.7,1866.2,541.8,84.3,10.5,7.4,1.9,445.0,225.8,5.6,9.9,99.5,31.4,23.75,False,4095,0.0,6.1,823.9,EXT-OPEN-METEO-KHI,KARACHI,OPENSOURCE_API_GRID,428,,,,0.95,True,True,TIER2_OPENSOURCE_PURE;CONTINUOUS_MINUTE_STREAM;VERIFIED_MODEL_GRID,eafcc5a4719c4769560bbb97804f1ed4a8eb0092ac07c70352e62f0d2579e527,2026-09-19T07:07:00+00:00,2026-09-19 12:07:00,63.9,1010.6,69
20.5,30.1,92.6,1866.2,541.8,84.3,10.5,7.4,1.9,445.0,225.7,5.6,9.9,99.6,31.4,23.77,False,4095,0.0,6.1,824.0,EXT-OPEN-METEO-KHI,KARACHI,OPENSOURCE_API_GRID,429,,,,0.95,True,True,TIER2_OPENSOURCE_PURE;CONTINUOUS_MINUTE_STREAM;VERIFIED_MODEL_GRID,0f8c7b7927d805e39767c12fdd4e5655c14e00a6451076171f70687c54921857,2026-09-19T07:08:00+00:00,2026-09-19 12:08:00,64.0,1010.6,69
20.5,30.2,92.6,1872.4,543.6,84.6,10.6,7.4,1.9,445.0,225.7,5.6,9.9,99.8,31.4,23.77,False,4095,0.0,6.2,824.2,EXT-OPEN-METEO-KHI,KARACHI,OPENSOURCE_API_GRID,430,,,,0.95,True,True,TIER2_OPENSOURCE_PURE;CONTINUOUS_MINUTE_STREAM;VERIFIED_MODEL_GRID,bab644f2580a8683861e61409554fdf763d4f693e2cc96c76c54d7aee27b6a33,2026-09-19T07:09:00+00:00,2026-09-19 12:09:00,64.0,1010.6,69
20.5,30.2,92.6,1872.4,543.6,84.6,10.6,7.4,1.9,445.0,225.6,5.5,9.9,99.9,31.4,23.77,False,4095,0.0,6.2,824.4,EXT-OPEN-METEO-KHI,KARACHI,OPENSOURCE_API_GRID,431,,,,0.95,True,True,TIER2_OPENSOURCE_PURE;CONTINUOUS_MINUTE_STREAM;VERIFIED_MODEL_GRID,0edd352c9917dc61eb38f9469b879a34bae2e8e4472ea185d28bdb8bdf5808c8,2026-09-19T07:10:00+00:00,2026-09-19 12:10:00,64.0,1010.5,69
20.6,30.3,92.6,1878.6,545.4,84.8,10.6,7.4,1.9,445.0,225.5,5.5,9.9,100.1,31.5,23.89,False,4095,0.0,6.2,824.7,EXT-OPEN-METEO-KHI,KARACHI,OPENSOURCE_API_GRID,432,,,,0.95,True,True,TIER2_OPENSOURCE_PURE;CONTINUOUS_MINUTE_STREAM;VERIFIED_MODEL_GRID,39e23a96623b4adcded7d048b600d23cf0e84415c7a2ffbc1e5bd15940f60df8,2026-09-19T07:11:00+00:00,2026-09-19 12:11:00,64.1,1010.5,69
20.6,30.3,92.6,1878.6,545.4,84.8,10.6,7.4,1.9,445.0,225.4,5.5,9.8,100.3,31.5,23.89,False,4095,0.0,6.3,824.9,EXT-OPEN-METEO-KHI,KARACHI,OPENSOURCE_API_GRID,433,,,,0.95,True,True,TIER2_OPENSOURCE_PURE;CONTINUOUS_MINUTE_STREAM;VERIFIED_MODEL_GRID,ffa64be279fbf1df0730be1eeadad99f63e0131d95777c05f4153a2b7d4069de,2026-09-19T07:12:00+00:00,2026-09-19 12:12:00,64.1,1010.5,69
20.7,30.4,92.6,1884.8,547.2,85.1,10.6,7.4,1.9,445.0,225.3,5.5,9.8,100.6,31.5,23.92,False,4095,0.0,6.3,825.2,EXT-OPEN-METEO-KHI,KARACHI,OPENSOURCE_API_GRID,434,,,,0.95,True,True,TIER2_OPENSOURCE_PURE;CONTINUOUS_MINUTE_STREAM;VERIFIED_MODEL_GRID,cb593251a785b974f7da58104aaf2d592b6efdda9593e70e9b402a31fa5fcb29,2026-09-19T07:13:00+00:00,2026-09-19 12:13:00,64.2,1010.5,69
20.6,30.3,92.4,1878.6,545.4,84.8,10.6,7.4,1.8,445.0,225.2,5.5,9.8,100.8,31.5,23.94,False,4095,0.0,6.4,825.5,EXT-OPEN-METEO-KHI,KARACHI,OPENSOURCE_API_GRID,435,,,,0.95,True,True,TIER2_OPENSOURCE_PURE;CONTINUOUS_MINUTE_STREAM;VERIFIED_MODEL_GRID,1be2d57e3249c0b16319d3f887afc7fc37eaa8d9d4bd3ef0517916bd15b3e1dc,2026-09-19T07:14:00+00:00,2026-09-19 12:14:00,64.3,1010.5,69
20.7,30.4,92.3,1884.8,547.2,85.1,10.6,7.4,1.8,445.0,225.1,5.5,9.8,101.1,31.5,23.94,False,4095,0.0,6.4,825.8,EXT-OPEN-METEO-KHI,KARACHI,OPENSOURCE_API_GRID,436,,,,0.95,True,True,TIER2_OPENSOURCE_PURE;CONTINUOUS_MINUTE_STREAM;VERIFIED_MODEL_GRID,96dddbf97b1ac755c0843ee4bbf80b152c5e84ca39d426cd99f08244dfa4c1bc,2026-09-19T07:15:00+00:00,2026-09-19 12:15:00,64.3,1010.5,69
20.7,30.4,92.3,1884.8,547.2,85.1,10.6,7.4,1.8,445.0,225.0,5.5,9.8,101.3,31.5,23.94,False,4095,0.0,6.5,826.1,EXT-OPEN-METEO-KHI,KARACHI,OPENSOURCE_API_GRID,437,,,,0.95,True,True,TIER2_OPENSOURCE_PURE;CONTINUOUS_MINUTE_STREAM;VERIFIED_MODEL_GRID,66a136787e39c57dab40d1dfe07c72361da00ad202688755d6d27d737b526523,2026-09-19T07:16:00+00:00,2026-09-19 12:16:00,64.3,1010.5,69
20.7,30.5,92.2,1891.0,549.0,85.4,10.7,7.4,1.8,445.0,224.9,5.5,9.8,101.6,31.5,23.94,False,4095,0.0,6.6,826.4,EXT-OPEN-METEO-KHI,KARACHI,OPENSOURCE_API_GRID,438,,,,0.95,True,True,TIER2_OPENSOURCE_PURE;CONTINUOUS_MINUTE_STREAM;VERIFIED_MODEL_GRID,4202fa0b8f3fb331c3c0b45899bf74df963476738569bec356f95aeafdaea462,2026-09-19T07:17:00+00:00,2026-09-19 12:17:00,64.3,1010.5,69
20.7,30.5,92.1,1891.0,549.0,85.4,10.7,7.4,1.8,445.0,224.8,5.4,9.8,101.9,31.5,23.94,False,4095,0.0,6.6,826.8,EXT-OPEN-METEO-KHI,KARACHI,OPENSOURCE_API_GRID,439,,,,0.95,True,True,TIER2_OPENSOURCE_PURE;CONTINUOUS_MINUTE_STREAM;VERIFIED_MODEL_GRID,5b836d18bff61f3f887fa3f682c9d4bc9d0064261e2daa5234e07037c3c518c3,2026-09-19T07:18:00+00:00,2026-09-19 12:18:00,64.3,1010.4,69
20.8,30.6,92.0,1897.2,550.8,85.7,10.7,7.4,1.8,445.0,224.6,5.4,9.8,102.2,31.5,23.94,False,4095,0.0,6.7,827.1,EXT-OPEN-METEO-KHI,KARACHI,OPENSOURCE_API_GRID,440,,,,0.95,True,True,TIER2_OPENSOURCE_PURE;CONTINUOUS_MINUTE_STREAM;VERIFIED_MODEL_GRID,ce841e672873b597e3f508f10983be29953392ffec3797243be0c6e759507e26,2026-09-19T07:19:00+00:00,2026-09-19 12:19:00,64.3,1010.4,69
20.8,30.6,91.9,1897.2,550.8,85.7,10.7,7.4,1.8,445.0,224.5,5.4,9.8,102.5,31.5,23.94,False,4095,0.0,6.8,827.5,EXT-OPEN-METEO-KHI,KARACHI,OPENSOURCE_API_GRID,441,,,,0.95,True,True,TIER2_OPENSOURCE_PURE;CONTINUOUS_MINUTE_STREAM;VERIFIED_MODEL_GRID,3a38a371a9a47008f708a22694832062b73191deb9c62aabc105bc2a4b35eb29,2026-09-19T07:20:00+00:00,2026-09-19 12:20:00,64.3,1010.4,69
20.8,30.6,91.8,1897.2,550.8,85.7,10.7,7.3,1.8,445.0,224.4,5.4,9.7,102.8,31.5,23.94,False,4095,0.0,6.8,827.9,EXT-OPEN-METEO-KHI,KARACHI,OPENSOURCE_API_GRID,442,,,,0.95,True,True,TIER2_OPENSOURCE_PURE;CONTINUOUS_MINUTE_STREAM;VERIFIED_MODEL_GRID,e13594e60632a89ff503d69a029e141e6601b6edf6c84e34d1ac145f0c5cf6df,2026-09-19T07:21:00+00:00,2026-09-19 12:21:00,64.3,1010.4,69
20.9,30.7,91.7,1903.4,552.6,86.0,10.7,7.3,1.8,445.0,224.2,5.4,9.7,103.2,31.5,23.94,False,4095,0.0,6.9,828.3,EXT-OPEN-METEO-KHI,KARACHI,OPENSOURCE_API_GRID,443,,,,0.95,True,True,TIER2_OPENSOURCE_PURE;CONTINUOUS_MINUTE_STREAM;VERIFIED_MODEL_GRID,c2e0b74bda5f0429f94d658d052deecf0b8579c28c5ef47eb236d0d972cb5d5e,2026-09-19T07:22:00+00:00,2026-09-19 12:22:00,64.3,1010.4,69
20.9,30.7,91.5,1903.4,552.6,86.0,10.7,7.3,1.8,445.0,224.1,5.3,9.7,103.5,31.5,23.94,False,4095,0.0,7.0,828.7,EXT-OPEN-METEO-KHI,KARACHI,OPENSOURCE_API_GRID,444,,,,0.95,True,True,TIER2_OPENSOURCE_PURE;CONTINUOUS_MINUTE_STREAM;VERIFIED_MODEL_GRID,1d307489f6a0cfd4350c793df25208a56422848c6349eaf0fd744553693f74c6,2026-09-19T07:23:00+00:00,2026-09-19 12:23:00,64.3,1010.4,69
20.9,30.7,91.3,1903.4,552.6,86.0,10.7,7.3,1.8,445.0,223.9,5.3,9.7,103.8,31.5,23.94,False,4095,0.0,7.0,829.1,EXT-OPEN-METEO-KHI,KARACHI,OPENSOURCE_API_GRID,445,,,,0.95,True,True,TIER2_OPENSOURCE_PURE;CONTINUOUS_MINUTE_STREAM;VERIFIED_MODEL_GRID,4917c26e81c30ca3d81d912628b540a4f604798da6ff82be73d05ca6203e1937,2026-09-19T07:24:00+00:00,2026-09-19 12:24:00,64.3,1010.3,69
20.9,30.7,91.1,1903.4,552.6,86.0,10.7,7.3,1.8,445.0,223.8,5.3,9.7,104.2,31.5,23.94,False,4095,0.0,7.1,829.6,EXT-OPEN-METEO-KHI,KARACHI,OPENSOURCE_API_GRID,446,,,,0.95,True,True,TIER2_OPENSOURCE_PURE;CONTINUOUS_MINUTE_STREAM;VERIFIED_MODEL_GRID,fcaffa198642e6906a2ddb5a988575a32c5ae21f92e0c63d0c4396a3fdb81f33,2026-09-19T07:25:00+00:00,2026-09-19 12:25:00,64.3,1010.3,69
20.8,30.6,90.9,1897.2,550.8,85.7,10.7,7.3,1.8,445.0,223.6,5.3,9.7,104.5,31.5,23.94,False,4095,0.0,7.2,830.0,EXT-OPEN-METEO-KHI,KARACHI,OPENSOURCE_API_GRID,447,,,,0.95,True,True,TIER2_OPENSOURCE_PURE;CONTINUOUS_MINUTE_STREAM;VERIFIED_MODEL_GRID,6cb794a41e90da5283747505805efaef68c81d14d70b64edf3eaabe537509b3e,2026-09-19T07:26:00+00:00,2026-09-19 12:26:00,64.3,1010.3,69
20.8,30.6,90.7,1897.2,550.8,85.7,10.7,7.3,1.8,445.0,223.5,5.3,9.6,104.9,31.4,23.85,False,4095,0.0,7.3,830.4,EXT-OPEN-METEO-KHI,KARACHI,OPENSOURCE_API_GRID,448,,,,0.95,True,True,TIER2_OPENSOURCE_PURE;CONTINUOUS_MINUTE_STREAM;VERIFIED_MODEL_GRID,6090682c4494bd29f76cb468a944a79fe44a7069c5af70ab8905ddda3d455f6e,2026-09-19T07:27:00+00:00,2026-09-19 12:27:00,64.3,1010.3,69
20.8,30.6,90.5,1897.2,550.8,85.7,10.7,7.2,1.8,445.0,223.3,5.2,9.6,105.3,31.4,23.85,False,4095,0.0,7.3,830.9,EXT-OPEN-METEO-KHI,KARACHI,OPENSOURCE_API_GRID,449,,,,0.95,True,True,TIER2_OPENSOURCE_PURE;CONTINUOUS_MINUTE_STREAM;VERIFIED_MODEL_GRID,730cc1d2db532c61ef05b51607fc54e777a8357fb9d9b0adb1f81c7903c3a9af,2026-09-19T07:28:00+00:00,2026-09-19 12:28:00,64.3,1010.3,69
20.8,30.6,90.3,1897.2,550.8,85.7,10.7,7.2,1.8,445.0,223.2,5.2,9.6,105.6,31.4,23.87,False,4095,0.0,7.4,831.3,EXT-OPEN-METEO-KHI,KARACHI,OPENSOURCE_API_GRID,450,,,,0.95,True,True,TIER2_OPENSOURCE_PURE;CONTINUOUS_MINUTE_STREAM;VERIFIED_MODEL_GRID,f864415c5d1c820b8b971a6f05a1cd7a5f43614782844580c15e54d8fc21655d,2026-09-19T07:29:00+00:00,2026-09-19 12:29:00,64.4,1010.2,69
20.8,30.6,90.1,1897.2,550.8,85.7,10.7,7.2,1.8,445.0,223.0,5.2,9.6,106.0,31.4,23.87,False,4095,0.0,7.5,831.8,EXT-OPEN-METEO-KHI,KARACHI,OPENSOURCE_API_GRID,451,,,,0.95,True,True,TIER2_OPENSOURCE_PURE;CONTINUOUS_MINUTE_STREAM;VERIFIED_MODEL_GRID,d42699ddfedf4f909e199e6e1dfb74d96eebe3484238c672bc530e54c7cebd13,2026-09-19T07:30:00+00:00,2026-09-19 12:30:00,64.4,1010.2,69
20.8,30.6,89.9,1897.2,550.8,85.7,10.7,7.2,1.8,445.0,222.8,5.2,9.6,106.4,31.4,23.87,False,4095,0.0,7.6,832.2,EXT-OPEN-METEO-KHI,KARACHI,OPENSOURCE_API_GRID,452,,,,0.95,True,True,TIER2_OPENSOURCE_PURE;CONTINUOUS_MINUTE_STREAM;VERIFIED_MODEL_GRID,bb246b45efc4b686a507706f57c62a8dbc8bea6888630c7358da02bd324b751d,2026-09-19T07:31:00+00:00,2026-09-19 12:31:00,64.4,1010.2,69
20.7,30.5,89.7,1891.0,549.0,85.4,10.7,7.2,1.8,445.0,222.7,5.2,9.6,106.7,31.4,23.87,False,4095,0.0,7.7,832.6,EXT-OPEN-METEO-KHI,KARACHI,OPENSOURCE_API_GRID,453,,,,0.95,True,True,TIER2_OPENSOURCE_PURE;CONTINUOUS_MINUTE_STREAM;VERIFIED_MODEL_GRID,d4c503d2257e68fe30f160bb3af28deaff1570cd040c86f265043408ebcf7f70,2026-09-19T07:32:00+00:00,2026-09-19 12:32:00,64.4,1010.2,69
20.7,30.5,89.5,1891.0,549.0,85.4,10.7,7.2,1.8,445.0,222.5,5.1,9.6,107.1,31.4,23.87,False,4095,0.0,7.7,833.1,EXT-OPEN-METEO-KHI,KARACHI,OPENSOURCE_API_GRID,454,,,,0.95,True,True,TIER2_OPENSOURCE_PURE;CONTINUOUS_MINUTE_STREAM;VERIFIED_MODEL_GRID,c8b1148d6e9c9440adfda35b214163f1e1a1ad72f0e8c60510fcef53f8e1c64b,2026-09-19T07:33:00+00:00,2026-09-19 12:33:00,64.4,1010.2,69
20.8,30.6,89.3,1897.2,550.8,85.7,10.7,7.1,1.8,445.0,222.4,5.1,9.5,107.5,31.3,23.81,False,4095,0.0,7.8,833.5,EXT-OPEN-METEO-KHI,KARACHI,OPENSOURCE_API_GRID,455,,,,0.95,True,True,TIER2_OPENSOURCE_PURE;CONTINUOUS_MINUTE_STREAM;VERIFIED_MODEL_GRID,f0e60ed70e158c6f0f188b88166b3c435a74e92911a36e6551a179a39dc6910d,2026-09-19T07:34:00+00:00,2026-09-19 12:34:00,64.5,1010.1,69
20.8,30.6,89.1,1897.2,550.8,85.7,10.7,7.1,1.8,445.0,222.2,5.1,9.5,107.8,31.3,23.81,False,4095,0.0,7.9,833.9,EXT-OPEN-METEO-KHI,KARACHI,OPENSOURCE_API_GRID,456,,,,0.95,True,True,TIER2_OPENSOURCE_PURE;CONTINUOUS_MINUTE_STREAM;VERIFIED_MODEL_GRID,de16d25b04259cb0307cb26b9be12e2d2ec4c243222879486dc68546bb3f8ea8,2026-09-19T07:35:00+00:00,2026-09-19 12:35:00,64.5,1010.1,69
20.8,30.6,89.0,1897.2,550.8,85.7,10.7,7.1,1.8,445.0,222.1,5.1,9.5,108.2,31.3,23.81,False,4095,0.0,8.0,834.4,EXT-OPEN-METEO-KHI,KARACHI,OPENSOURCE_API_GRID,457,,,,0.95,True,True,TIER2_OPENSOURCE_PURE;CONTINUOUS_MINUTE_STREAM;VERIFIED_MODEL_GRID,786bb9b37e60b6499a217343fc8c8df3b22a8ebfe54e02a3edc340b5e90faa8b,2026-09-19T07:36:00+00:00,2026-09-19 12:36:00,64.5,1010.1,69
20.8,30.6,88.9,1897.2,550.8,85.7,10.7,7.1,1.8,445.0,221.9,5.1,9.5,108.5,31.3,23.83,False,4095,0.0,8.0,834.8,EXT-OPEN-METEO-KHI,KARACHI,OPENSOURCE_API_GRID,458,,,,0.95,True,True,TIER2_OPENSOURCE_PURE;CONTINUOUS_MINUTE_STREAM;VERIFIED_MODEL_GRID,db4e883b90d63b679b5a54e93ad7bd6b37ee1ea66e420e220f3e714301a6a3e7,2026-09-19T07:37:00+00:00,2026-09-19 12:37:00,64.6,1010.1,69
20.9,30.7,88.8,1903.4,552.6,86.0,10.7,7.1,1.8,445.0,221.8,5.0,9.5,108.8,31.3,23.83,False,4095,0.0,8.1,835.2,EXT-OPEN-METEO-KHI,KARACHI,OPENSOURCE_API_GRID,459,,,,0.95,True,True,TIER2_OPENSOURCE_PURE;CONTINUOUS_MINUTE_STREAM;VERIFIED_MODEL_GRID,5ccbe3487a5181b14cc88f423aab8ec71b3f519eb20a49da3d0df6be8cd12fc1,2026-09-19T07:38:00+00:00,2026-09-19 12:38:00,64.6,1010.0,69
20.9,30.7,88.7,1903.4,552.6,86.0,10.7,7.1,1.8,445.0,221.6,5.0,9.5,109.2,31.3,23.83,False,4095,0.0,8.2,835.6,EXT-OPEN-METEO-KHI,KARACHI,OPENSOURCE_API_GRID,460,,,,0.95,True,True,TIER2_OPENSOURCE_PURE;CONTINUOUS_MINUTE_STREAM;VERIFIED_MODEL_GRID,eb3a662eb1814c42364c8a1ef57209f343edcbf68a17d72cd72af181f4ef217a,2026-09-19T07:39:00+00:00,2026-09-19 12:39:00,64.6,1010.0,69
20.9,30.8,88.6,1909.6,554.4,86.2,10.8,7.1,1.8,445.0,221.5,5.0,9.5,109.5,31.3,23.86,False,4095,0.0,8.2,836.0,EXT-OPEN-METEO-KHI,KARACHI,OPENSOURCE_API_GRID,461,,,,0.95,True,True,TIER2_OPENSOURCE_PURE;CONTINUOUS_MINUTE_STREAM;VERIFIED_MODEL_GRID,69a560138a8562c6e0553fc07002f9d9c2f178c7ae5e0c81868faa2f2d3d049e,2026-09-19T07:40:00+00:00,2026-09-19 12:40:00,64.7,1010.0,69
20.9,30.8,88.5,1909.6,554.4,86.2,10.8,7.1,1.8,445.0,221.4,5.0,9.4,109.8,31.3,23.86,False,4095,0.0,8.3,836.4,EXT-OPEN-METEO-KHI,KARACHI,OPENSOURCE_API_GRID,462,,,,0.95,True,True,TIER2_OPENSOURCE_PURE;CONTINUOUS_MINUTE_STREAM;VERIFIED_MODEL_GRID,319ef948fe7655a8a980a225c744ab9a0855fc625ee4de0b7d04c5093638c128,2026-09-19T07:41:00+00:00,2026-09-19 12:41:00,64.7,1010.0,69
21.0,30.9,88.5,1915.8,556.2,86.5,10.8,7.1,1.8,445.0,221.2,5.0,9.4,110.1,31.3,23.88,False,4095,0.0,8.4,836.7,EXT-OPEN-METEO-KHI,KARACHI,OPENSOURCE_API_GRID,463,,,,0.95,True,True,TIER2_OPENSOURCE_PURE;CONTINUOUS_MINUTE_STREAM;VERIFIED_MODEL_GRID,809b64d7cf6d221d5c3c28e7e342c24e61e301f955b23a9159b860229030c014,2026-09-19T07:42:00+00:00,2026-09-19 12:42:00,64.8,1010.0,69
21.1,31.0,88.4,1922.0,558.0,86.8,10.8,7.1,1.8,445.0,221.1,4.9,9.4,110.4,31.3,23.88,False,4095,0.0,8.4,837.1,EXT-OPEN-METEO-KHI,KARACHI,OPENSOURCE_API_GRID,464,,,,0.95,True,True,TIER2_OPENSOURCE_PURE;CONTINUOUS_MINUTE_STREAM;VERIFIED_MODEL_GRID,f916eb2ebcf34f51f0b6dfd2c5e88e734450bc733a607f639402720577ea44c4,2026-09-19T07:43:00+00:00,2026-09-19 12:43:00,64.8,1009.9,69
21.1,31.0,88.4,1922.0,558.0,86.8,10.8,7.1,1.8,445.0,221.0,4.9,9.4,110.7,31.3,23.91,False,4095,0.0,8.5,837.4,EXT-OPEN-METEO-KHI,KARACHI,OPENSOURCE_API_GRID,465,,,,0.95,True,True,TIER2_OPENSOURCE_PURE;CONTINUOUS_MINUTE_STREAM;VERIFIED_MODEL_GRID,9dfebdd4e4aad476571d1d471d9ff0da734b588cac0100766a1ed33619754bb2,2026-09-19T07:44:00+00:00,2026-09-19 12:44:00,64.9,1009.9,69
21.1,31.0,88.1,1922.0,558.0,86.8,10.8,7.0,1.8,445.0,220.9,4.9,9.4,110.9,31.3,23.93,False,4095,0.0,8.6,837.7,EXT-OPEN-METEO-KHI,KARACHI,OPENSOURCE_API_GRID,466,,,,0.95,True,True,TIER2_OPENSOURCE_PURE;CONTINUOUS_MINUTE_STREAM;VERIFIED_MODEL_GRID,16f5be0e8916619deeb59d23cfc298f81ec90b63af50bb4ef0446356ef86641c,2026-09-19T07:45:00+00:00,2026-09-19 12:45:00,65.0,1009.9,69
21.1,31.0,88.1,1922.0,558.0,86.8,10.8,7.0,1.8,445.0,220.8,4.9,9.4,111.2,31.3,23.93,False,4095,0.0,8.6,838.0,EXT-OPEN-METEO-KHI,KARACHI,OPENSOURCE_API_GRID,467,,,,0.95,True,True,TIER2_OPENSOURCE_PURE;CONTINUOUS_MINUTE_STREAM;VERIFIED_MODEL_GRID,89e9a1c648432297cc4c0be8b536bba224445a8f2ecb1455bd5f24b774ed6a67,2026-09-19T07:46:00+00:00,2026-09-19 12:46:00,65.0,1009.9,69
21.1,31.1,88.1,1928.2,559.8,87.1,10.9,7.0,1.8,445.0,220.7,4.9,9.4,111.4,31.3,23.93,False,4095,0.0,8.7,838.3,EXT-OPEN-METEO-KHI,KARACHI,OPENSOURCE_API_GRID,468,,,,0.95,True,True,TIER2_OPENSOURCE_PURE;CONTINUOUS_MINUTE_STREAM;VERIFIED_MODEL_GRID,d119a8cf3c64fcfa182fd7cd9454f72a1ef7540a08d923c77f2ecd2acdb8e745,2026-09-19T07:47:00+00:00,2026-09-19 12:47:00,65.0,1009.9,69
21.1,31.1,88.0,1928.2,559.8,87.1,10.9,7.0,1.8,445.0,220.6,4.9,9.4,111.7,31.3,23.93,False,4095,0.0,8.7,838.6,EXT-OPEN-METEO-KHI,KARACHI,OPENSOURCE_API_GRID,469,,,,0.95,True,True,TIER2_OPENSOURCE_PURE;CONTINUOUS_MINUTE_STREAM;VERIFIED_MODEL_GRID,9af02c1736ae0461ea6dac8239ceb29e189c8b076eae8394a44077efd59661c9,2026-09-19T07:48:00+00:00,2026-09-19 12:48:00,65.0,1009.9,69
21.2,31.2,88.0,1934.4,561.6,87.4,10.9,7.0,1.8,445.0,220.5,4.9,9.3,111.9,31.4,24.03,False,4095,0.0,8.8,838.8,EXT-OPEN-METEO-KHI,KARACHI,OPENSOURCE_API_GRID,470,,,,0.95,True,True,TIER2_OPENSOURCE_PURE;CONTINUOUS_MINUTE_STREAM;VERIFIED_MODEL_GRID,07acd026fbda532da32171500cf8422ccba892d32efa1cdba91b195f636cde02,2026-09-19T07:49:00+00:00,2026-09-19 12:49:00,65.0,1009.9,69
21.2,31.2,88.0,1934.4,561.6,87.4,10.9,7.0,1.8,445.0,220.4,4.9,9.3,112.1,31.4,24.03,False,4095,0.0,8.8,839.1,EXT-OPEN-METEO-KHI,KARACHI,OPENSOURCE_API_GRID,471,,,,0.95,True,True,TIER2_OPENSOURCE_PURE;CONTINUOUS_MINUTE_STREAM;VERIFIED_MODEL_GRID,b81c240bdc9d5c48dc039288195892dc5f0b89e0badfde1cfb3e7b8a0a6f68d0,2026-09-19T07:50:00+00:00,2026-09-19 12:50:00,65.0,1009.9,69
21.2,31.2,87.9,1934.4,561.6,87.4,10.9,7.0,1.8,445.0,220.3,4.8,9.3,112.2,31.4,24.03,False,4095,0.0,8.8,839.3,EXT-OPEN-METEO-KHI,KARACHI,OPENSOURCE_API_GRID,472,,,,0.95,True,True,TIER2_OPENSOURCE_PURE;CONTINUOUS_MINUTE_STREAM;VERIFIED_MODEL_GRID,6399a764659d41ae5e54c787ce948cf7db40a393ec6172711065bb329e3dc6f3,2026-09-19T07:51:00+00:00,2026-09-19 12:51:00,65.0,1009.9,69
21.3,31.3,87.9,1940.6,563.4,87.6,11.0,7.0,1.8,445.0,220.3,4.8,9.3,112.4,31.4,24.03,False,4095,0.0,8.9,839.5,EXT-OPEN-METEO-KHI,KARACHI,OPENSOURCE_API_GRID,473,,,,0.95,True,True,TIER2_OPENSOURCE_PURE;CONTINUOUS_MINUTE_STREAM;VERIFIED_MODEL_GRID,d275867a200b2f01782f4cc9c6c4f468803e3b8dc3f7fa8102ff444c69e8e02c,2026-09-19T07:52:00+00:00,2026-09-19 12:52:00,65.0,1009.8,69
21.3,31.3,87.8,1940.6,563.4,87.6,11.0,7.0,1.8,445.0,220.2,4.8,9.3,112.5,31.4,24.03,False,4095,0.0,8.9,839.6,EXT-OPEN-METEO-KHI,KARACHI,OPENSOURCE_API_GRID,474,,,,0.95,True,True,TIER2_OPENSOURCE_PURE;CONTINUOUS_MINUTE_STREAM;VERIFIED_MODEL_GRID,73b0eba170c461b38a88e6bd1c9d42a7c650a020f20bf6d15ed80999df51f48a,2026-09-19T07:53:00+00:00,2026-09-19 12:53:00,65.0,1009.8,69
21.3,31.3,87.7,1940.6,563.4,87.6,11.0,7.0,1.8,445.0,220.1,4.8,9.3,112.7,31.4,24.03,False,4095,0.0,8.9,839.8,EXT-OPEN-METEO-KHI,KARACHI,OPENSOURCE_API_GRID,475,,,,0.95,True,True,TIER2_OPENSOURCE_PURE;CONTINUOUS_MINUTE_STREAM;VERIFIED_MODEL_GRID,5bd3700b929ea03fd66db3e72712f8b1aaa0721060d134c1415f251c5f151606,2026-09-19T07:54:00+00:00,2026-09-19 12:54:00,65.0,1009.8,69
21.2,31.2,87.6,1934.4,561.6,87.4,10.9,7.0,1.8,445.0,220.1,4.8,9.3,112.8,31.3,23.93,False,4095,0.0,8.9,839.9,EXT-OPEN-METEO-KHI,KARACHI,OPENSOURCE_API_GRID,476,,,,0.95,True,True,TIER2_OPENSOURCE_PURE;CONTINUOUS_MINUTE_STREAM;VERIFIED_MODEL_GRID,db3c4e63c0c3dd2458f17d93224186c96c37eb799e64da7b3ba5131ce65068cb,2026-09-19T07:55:00+00:00,2026-09-19 12:55:00,65.0,1009.8,69
21.2,31.2,87.6,1934.4,561.6,87.4,10.9,7.0,1.8,445.0,220.1,4.8,9.3,112.8,31.3,23.93,False,4095,0.0,9.0,840.0,EXT-OPEN-METEO-KHI,KARACHI,OPENSOURCE_API_GRID,477,,,,0.95,True,True,TIER2_OPENSOURCE_PURE;CONTINUOUS_MINUTE_STREAM;VERIFIED_MODEL_GRID,735c566335ab0ffb26969bcc527ea46ada3ee33e60288b1c37355a1463abdd4b,2026-09-19T07:56:00+00:00,2026-09-19 12:56:00,65.0,1009.8,69
21.2,31.2,87.5,1934.4,561.6,87.4,10.9,7.0,1.8,445.0,220.0,4.8,9.3,112.9,31.3,23.91,False,4095,0.0,9.0,840.1,EXT-OPEN-METEO-KHI,KARACHI,OPENSOURCE_API_GRID,478,,,,0.95,True,True,TIER2_OPENSOURCE_PURE;CONTINUOUS_MINUTE_STREAM;VERIFIED_MODEL_GRID,b74367d8102994b63295f5717efaf549a677dc166471066327c5e7ee6ef95b24,2026-09-19T07:57:00+00:00,2026-09-19 12:57:00,64.9,1009.8,69
21.1,31.1,87.4,1928.2,559.8,87.1,10.9,7.0,1.7,445.0,220.0,4.8,9.3,113.0,31.3,23.91,False,4095,0.0,9.0,840.2,EXT-OPEN-METEO-KHI,KARACHI,OPENSOURCE_API_GRID,479,,,,0.95,True,True,TIER2_OPENSOURCE_PURE;CONTINUOUS_MINUTE_STREAM;VERIFIED_MODEL_GRID,a6096376f8810aa85feff8e8d2df95e2ed79ab90eb4b59277399745cac6f016d,2026-09-19T07:58:00+00:00,2026-09-19 12:58:00,64.9,1009.8,69
21.1,31.1,87.3,1928.2,559.8,87.1,10.9,7.0,1.7,445.0,220.0,4.8,9.3,113.0,31.3,23.91,False,4095,0.0,9.0,840.2,EXT-OPEN-METEO-KHI,KARACHI,OPENSOURCE_API_GRID,480,,,,0.95,True,True,TIER2_OPENSOURCE_PURE;CONTINUOUS_MINUTE_STREAM;VERIFIED_MODEL_GRID,c2825bc7f2263f6ff294fc16436ed4a21a525df38c705a7989b6a34263c09862,2026-09-19T07:59:00+00:00,2026-09-19 12:59:00,64.9,1009.8,69
21.1,31.1,87.2,1928.2,559.8,87.1,10.9,7.0,1.7,445.0,220.0,4.8,9.3,113.0,31.3,23.91,False,4095,0.0,9.0,840.2,EXT-OPEN-METEO-KHI,KARACHI,OPENSOURCE_API_GRID,481,,,,0.95,True,False,TIER2_OPENSOURCE_PURE;HOURLY_NODE;VERIFIED_MODEL_GRID,63f50a548f9ab740c34bf2d50ce91b74af1d1bb9051f3562b6e3ed473e6a7b5b,2026-09-19T08:00:00+00:00,2026-09-19 13:00:00,64.9,1009.8,70
21.1,31.0,87.2,1922.0,558.0,86.8,10.8,7.0,1.7,445.0,220.0,4.8,9.3,113.0,31.3,23.91,False,4095,0.0,9.0,840.2,EXT-OPEN-METEO-KHI,KARACHI,OPENSOURCE_API_GRID,482,,,,0.95,True,True,TIER2_OPENSOURCE_PURE;CONTINUOUS_MINUTE_STREAM;VERIFIED_MODEL_GRID,6a4a0f88cc68d416a4e51cf4df834b43d52a884113e61488701b8fc25d754207,2026-09-19T08:01:00+00:00,2026-09-19 13:01:00,64.9,1009.8,70
21.1,31.0,87.1,1922.0,558.0,86.8,10.8,7.0,1.7,445.0,220.0,4.8,9.3,113.0,31.3,23.91,False,4095,0.0,9.0,840.0,EXT-OPEN-METEO-KHI,KARACHI,OPENSOURCE_API_GRID,483,,,,0.95,True,True,TIER2_OPENSOURCE_PURE;CONTINUOUS_MINUTE_STREAM;VERIFIED_MODEL_GRID,fed3a011cbba3c59bdb1eb21b3baa0742deffcd8a773cc5d822e3e68b8fe09b5,2026-09-19T08:02:00+00:00,2026-09-19 13:02:00,64.9,1009.8,70
21.0,30.9,87.0,1915.8,556.2,86.5,10.8,7.0,1.7,445.0,220.0,4.8,9.3,113.0,31.3,23.91,False,4095,0.0,9.0,839.8,EXT-OPEN-METEO-KHI,KARACHI,OPENSOURCE_API_GRID,484,,,,0.95,True,True,TIER2_OPENSOURCE_PURE;CONTINUOUS_MINUTE_STREAM;VERIFIED_MODEL_GRID,ceeefdd88378b3dd4eb4473064733f1825687c849fc374039c4af6d95b63ce1a,2026-09-19T08:03:00+00:00,2026-09-19 13:03:00,64.9,1009.8,70
21.0,30.9,86.9,1915.8,556.2,86.5,10.8,7.0,1.7,445.0,220.0,4.8,9.3,113.1,31.3,23.91,False,4095,0.0,9.0,839.4,EXT-OPEN-METEO-KHI,KARACHI,OPENSOURCE_API_GRID,485,,,,0.95,True,True,TIER2_OPENSOURCE_PURE;CONTINUOUS_MINUTE_STREAM;VERIFIED_MODEL_GRID,ee36cb4eefb16335b9f206471b1d1c934a86aa52ecc131f59cc632c65c957af8,2026-09-19T08:04:00+00:00,2026-09-19 13:04:00,64.9,1009.8,70
21.0,30.9,86.8,1915.8,556.2,86.5,10.8,6.9,1.7,445.0,220.1,4.8,9.3,113.1,31.3,23.91,False,4095,0.0,9.0,839.0,EXT-OPEN-METEO-KHI,KARACHI,OPENSOURCE_API_GRID,486,,,,0.95,True,True,TIER2_OPENSOURCE_PURE;CONTINUOUS_MINUTE_STREAM;VERIFIED_MODEL_GRID,031b51342211f1c6dae83435d0a18ed9ee4a38b670c08aa6dcb0b3e16044ebbe,2026-09-19T08:05:00+00:00,2026-09-19 13:05:00,64.9,1009.8,70
21.0,30.9,86.7,1915.8,556.2,86.5,10.8,6.9,1.7,445.0,220.1,4.8,9.3,113.1,31.2,23.81,False,4095,0.0,9.0,838.5,EXT-OPEN-METEO-KHI,KARACHI,OPENSOURCE_API_GRID,487,,,,0.95,True,True,TIER2_OPENSOURCE_PURE;CONTINUOUS_MINUTE_STREAM;VERIFIED_MODEL_GRID,2c39e892bbb0e2bf5a87a0f2b862de7358dcb9a5140663b826fcd6154ee0c623,2026-09-19T08:06:00+00:00,2026-09-19 13:06:00,64.9,1009.8,70
21.0,30.9,86.6,1915.8,556.2,86.5,10.8,6.9,1.7,445.0,220.1,4.8,9.3,113.2,31.2,23.81,False,4095,0.0,9.0,837.9,EXT-OPEN-METEO-KHI,KARACHI,OPENSOURCE_API_GRID,488,,,,0.95,True,True,TIER2_OPENSOURCE_PURE;CONTINUOUS_MINUTE_STREAM;VERIFIED_MODEL_GRID,d406cbdf552a7110c2868c112ef47474d286a1c8f77724db4b6dcabee437d888,2026-09-19T08:07:00+00:00,2026-09-19 13:07:00,64.9,1009.8,70
21.0,30.9,86.5,1915.8,556.2,86.5,10.8,6.9,1.7,445.0,220.2,4.8,9.3,113.2,31.2,23.81,False,4095,0.0,9.0,837.1,EXT-OPEN-METEO-KHI,KARACHI,OPENSOURCE_API_GRID,489,,,,0.95,True,True,TIER2_OPENSOURCE_PURE;CONTINUOUS_MINUTE_STREAM;VERIFIED_MODEL_GRID,d5b76c69f586316f541f99d40794c7916956f167162294239888052b3a2b360f,2026-09-19T08:08:00+00:00,2026-09-19 13:08:00,64.9,1009.8,70
21.0,30.9,86.4,1915.8,556.2,86.5,10.8,6.9,1.7,445.0,220.2,4.8,9.3,113.3,31.2,23.81,False,4095,0.0,9.1,836.4,EXT-OPEN-METEO-KHI,KARACHI,OPENSOURCE_API_GRID,490,,,,0.95,True,True,TIER2_OPENSOURCE_PURE;CONTINUOUS_MINUTE_STREAM;VERIFIED_MODEL_GRID,1beb37c31a7394a5332c2ad9b02f25e5fd7e223dff64b16ddd84279e7b3c5c99,2026-09-19T08:09:00+00:00,2026-09-19 13:09:00,64.9,1009.8,70
21.0,30.9,86.4,1915.8,556.2,86.5,10.8,6.9,1.7,445.0,220.3,4.8,9.3,113.3,31.2,23.81,False,4095,0.0,9.1,835.5,EXT-OPEN-METEO-KHI,KARACHI,OPENSOURCE_API_GRID,491,,,,0.95,True,True,TIER2_OPENSOURCE_PURE;CONTINUOUS_MINUTE_STREAM;VERIFIED_MODEL_GRID,ef25ee2f00ab20a6eb48d5c19e9fec6f7b8d080d03745735a106be05ea9cafce,2026-09-19T08:10:00+00:00,2026-09-19 13:10:00,64.9,1009.8,70
21.0,30.9,86.3,1915.8,556.2,86.5,10.8,6.9,1.7,445.0,220.3,4.8,9.2,113.4,31.2,23.81,False,4095,0.0,9.1,834.5,EXT-OPEN-METEO-KHI,KARACHI,OPENSOURCE_API_GRID,492,,,,0.95,True,True,TIER2_OPENSOURCE_PURE;CONTINUOUS_MINUTE_STREAM;VERIFIED_MODEL_GRID,7c6fa0fed927b28241a22d150874ef3d4bb4f2c8f217450fe0a137d215812bfe,2026-09-19T08:11:00+00:00,2026-09-19 13:11:00,64.9,1009.7,70
21.0,30.9,86.1,1915.8,556.2,86.5,10.8,6.9,1.7,445.0,220.4,4.8,9.2,113.5,31.2,23.84,False,4095,0.0,9.1,833.5,EXT-OPEN-METEO-KHI,KARACHI,OPENSOURCE_API_GRID,493,,,,0.95,True,True,TIER2_OPENSOURCE_PURE;CONTINUOUS_MINUTE_STREAM;VERIFIED_MODEL_GRID,b42692a47466213ea0827fe65567e560f1eb7b0f09d8f7e520e69b0cbacb466e,2026-09-19T08:12:00+00:00,2026-09-19 13:12:00,65.0,1009.7,70
21.0,30.9,86.0,1915.8,556.2,86.5,10.8,6.9,1.7,445.0,220.4,4.8,9.2,113.6,31.2,23.84,False,4095,0.0,9.1,832.3,EXT-OPEN-METEO-KHI,KARACHI,OPENSOURCE_API_GRID,494,,,,0.95,True,True,TIER2_OPENSOURCE_PURE;CONTINUOUS_MINUTE_STREAM;VERIFIED_MODEL_GRID,f6d51d06644d81e8154f945d5201c9f53b580122794376a38dd0447792bc37c5,2026-09-19T08:13:00+00:00,2026-09-19 13:13:00,65.0,1009.7,70
21.0,30.9,85.9,1915.8,556.2,86.5,10.8,6.9,1.7,445.0,220.5,4.8,9.2,113.6,31.2,23.84,False,4095,0.0,9.1,831.1,EXT-OPEN-METEO-KHI,KARACHI,OPENSOURCE_API_GRID,495,,,,0.95,True,True,TIER2_OPENSOURCE_PURE;CONTINUOUS_MINUTE_STREAM;VERIFIED_MODEL_GRID,5b794ef88cde4465911f40b50d840ce9ee574b655870b247f26ce8d46f5616ba,2026-09-19T08:14:00+00:00,2026-09-19 13:14:00,65.0,1009.7,70
21.1,31.0,85.8,1922.0,558.0,86.8,10.8,6.9,1.7,445.0,220.6,4.8,9.2,113.7,31.2,23.84,False,4095,0.0,9.1,829.9,EXT-OPEN-METEO-KHI,KARACHI,OPENSOURCE_API_GRID,496,,,,0.95,True,True,TIER2_OPENSOURCE_PURE;CONTINUOUS_MINUTE_STREAM;VERIFIED_MODEL_GRID,071f555bfdd5d056d912d97c30d721e8998775340a8b4ab5bd23cd9206c80955,2026-09-19T08:15:00+00:00,2026-09-19 13:15:00,65.0,1009.7,70
21.0,30.9,85.4,1915.8,556.2,86.5,10.8,6.8,1.7,445.0,220.7,4.8,9.2,113.8,31.3,23.99,False,4095,0.0,9.2,828.5,EXT-OPEN-METEO-KHI,KARACHI,OPENSOURCE_API_GRID,497,,,,0.95,True,True,TIER2_OPENSOURCE_PURE;CONTINUOUS_MINUTE_STREAM;VERIFIED_MODEL_GRID,73aabe08457dcdd79aef281b71648f42f21d1b882be75fffb94df936f7c0e2e9,2026-09-19T08:16:00+00:00,2026-09-19 13:16:00,65.2,1009.7,70
21.0,30.9,85.3,1915.8,556.2,86.5,10.8,6.8,1.7,445.0,220.7,4.8,9.2,113.9,31.3,23.96,False,4095,0.0,9.2,827.1,EXT-OPEN-METEO-KHI,KARACHI,OPENSOURCE_API_GRID,498,,,,0.95,True,True,TIER2_OPENSOURCE_PURE;CONTINUOUS_MINUTE_STREAM;VERIFIED_MODEL_GRID,2415eb22e944afff5cdc584deb57312fa6de6f243767dd36030bf3438050ad18,2026-09-19T08:17:00+00:00,2026-09-19 13:17:00,65.1,1009.7,70
21.0,30.9,85.1,1915.8,556.2,86.5,10.8,6.8,1.7,445.0,220.8,4.8,9.2,114.0,31.3,23.96,False,4095,0.0,9.2,825.6,EXT-OPEN-METEO-KHI,KARACHI,OPENSOURCE_API_GRID,499,,,,0.95,True,True,TIER2_OPENSOURCE_PURE;CONTINUOUS_MINUTE_STREAM;VERIFIED_MODEL_GRID,76a9aa44d6c7363ecea0460fdba595ab7b3683c5a9b0166e2788fc1e79575715,2026-09-19T08:18:00+00:00,2026-09-19 13:18:00,65.1,1009.7,70
21.0,30.9,84.9,1915.8,556.2,86.5,10.8,6.8,1.7,445.0,220.9,4.8,9.1,114.1,31.3,23.96,False,4095,0.0,9.2,824.1,EXT-OPEN-METEO-KHI,KARACHI,OPENSOURCE_API_GRID,500,,,,0.95,True,True,TIER2_OPENSOURCE_PURE;CONTINUOUS_MINUTE_STREAM;VERIFIED_MODEL_GRID,3e30bf6ea4ca915092dc0bbe8a99b5a66bac22dacdd678d110dc0d0e36398c6d,2026-09-19T08:19:00+00:00,2026-09-19 13:19:00,65.1,1009.6,70
21.0,30.9,84.7,1915.8,556.2,86.5,10.8,6.8,1.7,445.0,221.0,4.8,9.1,114.2,31.3,23.96,False,4095,0.0,9.2,822.6,EXT-OPEN-METEO-KHI,KARACHI,OPENSOURCE_API_GRID,501,,,,0.95,True,True,TIER2_OPENSOURCE_PURE;CONTINUOUS_MINUTE_STREAM;VERIFIED_MODEL_GRID,80d983fa1e25927bd4eb821dc8f0effd41eae2c1bb0d2da6b8de296472a256c4,2026-09-19T08:20:00+00:00,2026-09-19 13:20:00,65.1,1009.6,70
21.0,30.9,84.5,1915.8,556.2,86.5,10.8,6.8,1.7,445.0,221.1,4.8,9.1,114.4,31.3,23.96,False,4095,0.0,9.3,820.9,EXT-OPEN-METEO-KHI,KARACHI,OPENSOURCE_API_GRID,502,,,,0.95,True,True,TIER2_OPENSOURCE_PURE;CONTINUOUS_MINUTE_STREAM;VERIFIED_MODEL_GRID,c71eea642a74063ed5db161cca9af16d4ee4337292aa081c54f9a6eaf3f5a26a,2026-09-19T08:21:00+00:00,2026-09-19 13:21:00,65.1,1009.6,70
20.9,30.8,84.3,1909.6,554.4,86.2,10.8,6.7,1.7,445.0,221.2,4.8,9.1,114.5,31.3,23.96,False,4095,0.0,9.3,819.3,EXT-OPEN-METEO-KHI,KARACHI,OPENSOURCE_API_GRID,503,,,,0.95,True,True,TIER2_OPENSOURCE_PURE;CONTINUOUS_MINUTE_STREAM;VERIFIED_MODEL_GRID,bd1f236ea674969eaa7095b94e9b4445d0f890a1500c04bf4eea559ce8292147,2026-09-19T08:22:00+00:00,2026-09-19 13:22:00,65.1,1009.6,70
20.9,30.8,84.0,1909.6,554.4,86.2,10.8,6.7,1.7,445.0,221.3,4.8,9.1,114.6,31.3,23.96,False,4095,0.0,9.3,817.6,EXT-OPEN-METEO-KHI,KARACHI,OPENSOURCE_API_GRID,504,,,,0.95,True,True,TIER2_OPENSOURCE_PURE;CONTINUOUS_MINUTE_STREAM;VERIFIED_MODEL_GRID,acdd4004b23bab2c6a6efacc7c7dd0215cab8fdcdc633d7f68afd93588dd9824,2026-09-19T08:23:00+00:00,2026-09-19 13:23:00,65.1,1009.6,70
20.9,30.8,83.7,1909.6,554.4,86.2,10.8,6.7,1.7,445.0,221.4,4.8,9.1,114.7,31.2,23.84,False,4095,0.0,9.3,815.8,EXT-OPEN-METEO-KHI,KARACHI,OPENSOURCE_API_GRID,505,,,,0.95,True,True,TIER2_OPENSOURCE_PURE;CONTINUOUS_MINUTE_STREAM;VERIFIED_MODEL_GRID,689e2e596c7dca367ce3a22d6e0c71bde23541cb1d728e99b6c3df5b600afb27,2026-09-19T08:24:00+00:00,2026-09-19 13:24:00,65.0,1009.6,70
20.9,30.7,83.4,1903.4,552.6,86.0,10.7,6.7,1.7,445.0,221.5,4.8,9.0,114.9,31.2,23.84,False,4095,0.0,9.4,814.0,EXT-OPEN-METEO-KHI,KARACHI,OPENSOURCE_API_GRID,506,,,,0.95,True,True,TIER2_OPENSOURCE_PURE;CONTINUOUS_MINUTE_STREAM;VERIFIED_MODEL_GRID,4805796372557169f8eb73c4c24ab08a46abb7f23d2dd3ed9f6f4c1b8d650de0,2026-09-19T08:25:00+00:00,2026-09-19 13:25:00,65.0,1009.6,70
20.9,30.7,83.1,1903.4,552.6,86.0,10.7,6.6,1.7,445.0,221.6,4.8,9.0,115.0,31.2,23.84,False,4095,0.0,9.4,812.2,EXT-OPEN-METEO-KHI,KARACHI,OPENSOURCE_API_GRID,507,,,,0.95,True,True,TIER2_OPENSOURCE_PURE;CONTINUOUS_MINUTE_STREAM;VERIFIED_MODEL_GRID,2df3d2a06a9e3fd7287774b1ceb7f2fccf07b8443967538dff2df29dfe801adc,2026-09-19T08:26:00+00:00,2026-09-19 13:26:00,65.0,1009.5,70
20.8,30.6,82.8,1897.2,550.8,85.7,10.7,6.6,1.7,445.0,221.7,4.8,9.0,115.1,31.2,23.84,False,4095,0.0,9.4,810.4,EXT-OPEN-METEO-KHI,KARACHI,OPENSOURCE_API_GRID,508,,,,0.95,True,True,TIER2_OPENSOURCE_PURE;CONTINUOUS_MINUTE_STREAM;VERIFIED_MODEL_GRID,5c86c2b6ba78830e4e5f13f3ee28ca01211ec0b4e8d6dc70aefc130ba7aae4b1,2026-09-19T08:27:00+00:00,2026-09-19 13:27:00,65.0,1009.5,70
20.7,30.5,82.4,1891.0,549.0,85.4,10.7,6.6,1.6,445.0,221.8,4.8,9.0,115.2,31.2,23.81,False,4095,0.0,9.4,808.6,EXT-OPEN-METEO-KHI,KARACHI,OPENSOURCE_API_GRID,509,,,,0.95,True,True,TIER2_OPENSOURCE_PURE;CONTINUOUS_MINUTE_STREAM;VERIFIED_MODEL_GRID,855d66ec43200e1b08fcbebcbbf43a18996fef6242e9599c108d60156b2572b5,2026-09-19T08:28:00+00:00,2026-09-19 13:28:00,64.9,1009.5,70
20.7,30.4,82.1,1884.8,547.2,85.1,10.6,6.6,1.6,445.0,221.9,4.8,9.0,115.4,31.2,23.81,False,4095,0.0,9.5,806.7,EXT-OPEN-METEO-KHI,KARACHI,OPENSOURCE_API_GRID,510,,,,0.95,True,True,TIER2_OPENSOURCE_PURE;CONTINUOUS_MINUTE_STREAM;VERIFIED_MODEL_GRID,6ba5d359dc25b427e88396b2f3288743592a9670f1a15381dbbf763a01e132f9,2026-09-19T08:29:00+00:00,2026-09-19 13:29:00,64.9,1009.5,70
20.7,30.4,81.7,1884.8,547.2,85.1,10.6,6.5,1.6,445.0,222.0,4.8,8.9,115.5,31.2,23.81,False,4095,0.0,9.5,804.9,EXT-OPEN-METEO-KHI,KARACHI,OPENSOURCE_API_GRID,511,,,,0.95,True,True,TIER2_OPENSOURCE_PURE;CONTINUOUS_MINUTE_STREAM;VERIFIED_MODEL_GRID,3c6269467a6a90a6b84c7a9f71533c4180cbc03809054881395121dae04d82e1,2026-09-19T08:30:00+00:00,2026-09-19 13:30:00,64.9,1009.5,70
20.6,30.3,81.3,1878.6,545.4,84.8,10.6,6.5,1.6,445.0,222.1,4.8,8.9,115.6,31.1,23.72,False,4095,0.0,9.5,803.1,EXT-OPEN-METEO-KHI,KARACHI,OPENSOURCE_API_GRID,512,,,,0.95,True,True,TIER2_OPENSOURCE_PURE;CONTINUOUS_MINUTE_STREAM;VERIFIED_MODEL_GRID,bf5aebaaf50cfc49b646bca0b8f40bb5fae258b769c1798c3d87a5a52aa0cf23,2026-09-19T08:31:00+00:00,2026-09-19 13:31:00,64.9,1009.5,70
20.5,30.2,81.0,1872.4,543.6,84.6,10.6,6.5,1.6,445.0,222.2,4.8,8.9,115.8,31.1,23.72,False,4095,0.0,9.6,801.2,EXT-OPEN-METEO-KHI,KARACHI,OPENSOURCE_API_GRID,513,,,,0.95,True,True,TIER2_OPENSOURCE_PURE;CONTINUOUS_MINUTE_STREAM;VERIFIED_MODEL_GRID,b7f783165c625e626c6a558d8c39d41034701a319f7cc5999353dbbb208c04e5,2026-09-19T08:32:00+00:00,2026-09-19 13:32:00,64.9,1009.4,70
20.5,30.1,80.6,1866.2,541.8,84.3,10.5,6.4,1.6,445.0,222.3,4.8,8.9,115.9,31.1,23.72,False,4095,0.0,9.6,799.4,EXT-OPEN-METEO-KHI,KARACHI,OPENSOURCE_API_GRID,514,,,,0.95,True,True,TIER2_OPENSOURCE_PURE;CONTINUOUS_MINUTE_STREAM;VERIFIED_MODEL_GRID,a487df2e9ee4522cb5dfd8fe77ecc44a7b35eb6598fd53405be57a58f5cd3c44,2026-09-19T08:33:00+00:00,2026-09-19 13:33:00,64.9,1009.4,70
20.4,30.0,80.3,1860.0,540.0,84.0,10.5,6.4,1.6,445.0,222.4,4.8,8.9,116.0,31.1,23.72,False,4095,0.0,9.6,797.6,EXT-OPEN-METEO-KHI,KARACHI,OPENSOURCE_API_GRID,515,,,,0.95,True,True,TIER2_OPENSOURCE_PURE;CONTINUOUS_MINUTE_STREAM;VERIFIED_MODEL_GRID,3e6ae14a34e0d053bb047cee811a00dd2b7f5e0ea6673f09b84c79e1ebb3845a,2026-09-19T08:34:00+00:00,2026-09-19 13:34:00,64.9,1009.4,70
20.4,30.0,80.0,1860.0,540.0,84.0,10.5,6.4,1.6,445.0,222.5,4.8,8.9,116.1,31.1,23.72,False,4095,0.0,9.6,795.8,EXT-OPEN-METEO-KHI,KARACHI,OPENSOURCE_API_GRID,516,,,,0.95,True,True,TIER2_OPENSOURCE_PURE;CONTINUOUS_MINUTE_STREAM;VERIFIED_MODEL_GRID,72389befad7780f4e60b9634ba9d8d7f461fc40c9fa2d3acaeff72698118b57c,2026-09-19T08:35:00+00:00,2026-09-19 13:35:00,64.9,1009.4,70
20.3,29.9,79.7,1853.8,538.2,83.7,10.5,6.4,1.6,445.0,222.6,4.8,8.8,116.3,31.1,23.72,False,4095,0.0,9.7,794.0,EXT-OPEN-METEO-KHI,KARACHI,OPENSOURCE_API_GRID,517,,,,0.95,True,True,TIER2_OPENSOURCE_PURE;CONTINUOUS_MINUTE_STREAM;VERIFIED_MODEL_GRID,e9340a78595c14ceafb0cb41d03622e1a885c3c6b889923f8eed636fb32f667c,2026-09-19T08:36:00+00:00,2026-09-19 13:36:00,64.9,1009.4,70
20.3,29.9,79.4,1853.8,538.2,83.7,10.5,6.4,1.6,445.0,222.7,4.8,8.8,116.4,31.1,23.72,False,4095,0.0,9.7,792.2,EXT-OPEN-METEO-KHI,KARACHI,OPENSOURCE_API_GRID,518,,,,0.95,True,True,TIER2_OPENSOURCE_PURE;CONTINUOUS_MINUTE_STREAM;VERIFIED_MODEL_GRID,43ecfc96acece6db9086ca1ff0a62a74d7d9b6d40ad7556fd8ed19b079142f95,2026-09-19T08:37:00+00:00,2026-09-19 13:37:00,64.9,1009.3,70
20.3,29.8,79.1,1847.6,536.4,83.4,10.4,6.3,1.6,445.0,222.8,4.8,8.8,116.5,31.0,23.62,False,4095,0.0,9.7,790.5,EXT-OPEN-METEO-KHI,KARACHI,OPENSOURCE_API_GRID,519,,,,0.95,True,True,TIER2_OPENSOURCE_PURE;CONTINUOUS_MINUTE_STREAM;VERIFIED_MODEL_GRID,78541c5500c4a4253846e62727de646e8e44730447205535bcd638d5cf31cc63,2026-09-19T08:38:00+00:00,2026-09-19 13:38:00,64.9,1009.3,70
20.3,29.8,78.9,1847.6,536.4,83.4,10.4,6.3,1.6,445.0,222.9,4.8,8.8,116.6,31.0,23.62,False,4095,0.0,9.7,788.9,EXT-OPEN-METEO-KHI,KARACHI,OPENSOURCE_API_GRID,520,,,,0.95,True,True,TIER2_OPENSOURCE_PURE;CONTINUOUS_MINUTE_STREAM;VERIFIED_MODEL_GRID,8fcd72f9d314431b9655fb58f6df443fb1cef50d338222be0cb61235a72997f6,2026-09-19T08:39:00+00:00,2026-09-19 13:39:00,64.9,1009.3,70
20.3,29.8,78.7,1847.6,536.4,83.4,10.4,6.3,1.6,445.0,223.0,4.8,8.8,116.8,31.0,23.62,False,4095,0.0,9.8,787.2,EXT-OPEN-METEO-KHI,KARACHI,OPENSOURCE_API_GRID,521,,,,0.95,True,True,TIER2_OPENSOURCE_PURE;CONTINUOUS_MINUTE_STREAM;VERIFIED_MODEL_GRID,c58d204155ddcd06b5bf409ab4ca7e1ba3731d73f2557404b7abd599b9d71e0b,2026-09-19T08:40:00+00:00,2026-09-19 13:40:00,64.9,1009.3,70
20.3,29.8,78.5,1847.6,536.4,83.4,10.4,6.3,1.6,445.0,223.1,4.8,8.8,116.9,31.0,23.62,False,4095,0.0,9.8,785.7,EXT-OPEN-METEO-KHI,KARACHI,OPENSOURCE_API_GRID,522,,,,0.95,True,True,TIER2_OPENSOURCE_PURE;CONTINUOUS_MINUTE_STREAM;VERIFIED_MODEL_GRID,a6338065bf8afea1d1cf7a56bb7c8b4ccc8322ad5baede3e459ba9ee267aff56,2026-09-19T08:41:00+00:00,2026-09-19 13:41:00,64.9,1009.3,70
20.3,29.8,78.3,1847.6,536.4,83.4,10.4,6.3,1.6,445.0,223.2,4.8,8.7,117.0,31.0,23.62,False,4095,0.0,9.8,784.2,EXT-OPEN-METEO-KHI,KARACHI,OPENSOURCE_API_GRID,523,,,,0.95,True,True,TIER2_OPENSOURCE_PURE;CONTINUOUS_MINUTE_STREAM;VERIFIED_MODEL_GRID,22b62e17bd99e472ded77b0f21fa109e0222acc662bb15b08b58886ee2354b95,2026-09-19T08:42:00+00:00,2026-09-19 13:42:00,64.9,1009.2,70
20.3,29.8,78.1,1847.6,536.4,83.4,10.4,6.2,1.6,445.0,223.3,4.8,8.7,117.1,31.0,23.65,False,4095,0.0,9.8,782.7,EXT-OPEN-METEO-KHI,KARACHI,OPENSOURCE_API_GRID,524,,,,0.95,True,True,TIER2_OPENSOURCE_PURE;CONTINUOUS_MINUTE_STREAM;VERIFIED_MODEL_GRID,35d1b64e3e98effb58cabc7aaf5edd223e1a0a7dbab0271fd19a5dc20e25854d,2026-09-19T08:43:00+00:00,2026-09-19 13:43:00,65.0,1009.2,70
20.3,29.8,77.9,1847.6,536.4,83.4,10.4,6.2,1.6,445.0,223.3,4.8,8.7,117.2,31.0,23.65,False,4095,0.0,9.8,781.3,EXT-OPEN-METEO-KHI,KARACHI,OPENSOURCE_API_GRID,525,,,,0.95,True,True,TIER2_OPENSOURCE_PURE;CONTINUOUS_MINUTE_STREAM;VERIFIED_MODEL_GRID,45bdff4de6fdb450a038ce66e97de1d1ddb7be87adaa6f70292699d23dcb89de,2026-09-19T08:44:00+00:00,2026-09-19 13:44:00,65.0,1009.2,70
20.3,29.9,77.8,1853.8,538.2,83.7,10.5,6.2,1.6,445.0,223.4,4.8,8.7,117.3,31.0,23.65,False,4095,0.0,9.9,779.9,EXT-OPEN-METEO-KHI,KARACHI,OPENSOURCE_API_GRID,526,,,,0.95,True,True,TIER2_OPENSOURCE_PURE;CONTINUOUS_MINUTE_STREAM;VERIFIED_MODEL_GRID,0162192f33c48ef3a407dfa7bba64bb5005b5e4f91201e2b5f2042749f25258f,2026-09-19T08:45:00+00:00,2026-09-19 13:45:00,65.0,1009.2,70
20.3,29.9,77.7,1853.8,538.2,83.7,10.5,6.2,1.6,445.0,223.5,4.8,8.7,117.4,31.0,23.65,False,4095,0.0,9.9,778.7,EXT-OPEN-METEO-KHI,KARACHI,OPENSOURCE_API_GRID,527,,,,0.95,True,True,TIER2_OPENSOURCE_PURE;CONTINUOUS_MINUTE_STREAM;VERIFIED_MODEL_GRID,5b6959a1eb9f1e9720ed0332f2abadeb2191325322b433b5f747f969aa3a6976,2026-09-19T08:46:00+00:00,2026-09-19 13:46:00,65.0,1009.2,70
20.3,29.8,77.3,1847.6,536.4,83.4,10.4,6.2,1.5,445.0,223.6,4.8,8.7,117.4,31.0,23.7,False,4095,0.0,9.9,777.5,EXT-OPEN-METEO-KHI,KARACHI,OPENSOURCE_API_GRID,528,,,,0.95,True,True,TIER2_OPENSOURCE_PURE;CONTINUOUS_MINUTE_STREAM;VERIFIED_MODEL_GRID,c17dcb86648cdb570ca942ffe201481a9e514587e496b0155c7648601485b3da,2026-09-19T08:47:00+00:00,2026-09-19 13:47:00,65.2,1009.2,70
20.3,29.8,77.2,1847.6,536.4,83.4,10.4,6.2,1.5,445.0,223.6,4.8,8.7,117.5,31.0,23.68,False,4095,0.0,9.9,776.3,EXT-OPEN-METEO-KHI,KARACHI,OPENSOURCE_API_GRID,529,,,,0.95,True,True,TIER2_OPENSOURCE_PURE;CONTINUOUS_MINUTE_STREAM;VERIFIED_MODEL_GRID,de9741789e70f270c135a5b1c758fe9554c48a280a4a1ffabc68eaf9cd9ad4fc,2026-09-19T08:48:00+00:00,2026-09-19 13:48:00,65.1,1009.2,70
20.3,29.8,77.1,1847.6,536.4,83.4,10.4,6.2,1.5,445.0,223.7,4.8,8.7,117.6,31.0,23.68,False,4095,0.0,9.9,775.3,EXT-OPEN-METEO-KHI,KARACHI,OPENSOURCE_API_GRID,530,,,,0.95,True,True,TIER2_OPENSOURCE_PURE;CONTINUOUS_MINUTE_STREAM;VERIFIED_MODEL_GRID,9004ecc3b66895970d88b9d6d40c933678ec10f831cd934ad2e8eaf01bd73477,2026-09-19T08:49:00+00:00,2026-09-19 13:49:00,65.1,1009.2,70
20.3,29.8,77.0,1847.6,536.4,83.4,10.4,6.2,1.5,445.0,223.7,4.8,8.6,117.7,31.0,23.68,False,4095,0.0,9.9,774.3,EXT-OPEN-METEO-KHI,KARACHI,OPENSOURCE_API_GRID,531,,,,0.95,True,True,TIER2_OPENSOURCE_PURE;CONTINUOUS_MINUTE_STREAM;VERIFIED_MODEL_GRID,d9b39bff8d344cbddbc0838ea12f90c89482baa356217f18e17ec0b3203bd5b6,2026-09-19T08:50:00+00:00,2026-09-19 13:50:00,65.1,1009.2,70
20.3,29.8,76.9,1847.6,536.4,83.4,10.4,6.2,1.5,445.0,223.8,4.8,8.6,117.7,31.1,23.77,False,4095,0.0,9.9,773.4,EXT-OPEN-METEO-KHI,KARACHI,OPENSOURCE_API_GRID,532,,,,0.95,True,True,TIER2_OPENSOURCE_PURE;CONTINUOUS_MINUTE_STREAM;VERIFIED_MODEL_GRID,6bd7a2120e605a0fa52768079f5e6438753535613a967a7ca826162fe4e920a0,2026-09-19T08:51:00+00:00,2026-09-19 13:51:00,65.1,1009.1,70
20.3,29.8,76.9,1847.6,536.4,83.4,10.4,6.2,1.5,445.0,223.8,4.8,8.6,117.8,31.1,23.77,False,4095,0.0,10.0,772.7,EXT-OPEN-METEO-KHI,KARACHI,OPENSOURCE_API_GRID,533,,,,0.95,True,True,TIER2_OPENSOURCE_PURE;CONTINUOUS_MINUTE_STREAM;VERIFIED_MODEL_GRID,30830fc082ca346626b4529544e3f324cfd3097ca08046dc7ecba1af468b5b2c,2026-09-19T08:52:00+00:00,2026-09-19 13:52:00,65.1,1009.1,70
20.3,29.8,76.8,1847.6,536.4,83.4,10.4,6.1,1.5,445.0,223.9,4.8,8.6,117.8,31.1,23.77,False,4095,0.0,10.0,771.9,EXT-OPEN-METEO-KHI,KARACHI,OPENSOURCE_API_GRID,534,,,,0.95,True,True,TIER2_OPENSOURCE_PURE;CONTINUOUS_MINUTE_STREAM;VERIFIED_MODEL_GRID,9f2e3b1a80b8ba24afa03baf100d1c225872e6442a80f1be5acce4239b386068,2026-09-19T08:53:00+00:00,2026-09-19 13:53:00,65.1,1009.1,70
20.3,29.8,76.7,1847.6,536.4,83.4,10.4,6.1,1.5,445.0,223.9,4.8,8.6,117.9,31.1,23.77,False,4095,0.0,10.0,771.3,EXT-OPEN-METEO-KHI,KARACHI,OPENSOURCE_API_GRID,535,,,,0.95,True,True,TIER2_OPENSOURCE_PURE;CONTINUOUS_MINUTE_STREAM;VERIFIED_MODEL_GRID,2da25047d7e2320313d9abdd4fb8074beff5cd336c8a11ca84b2530efa9b7916,2026-09-19T08:54:00+00:00,2026-09-19 13:54:00,65.1,1009.1,70
20.3,29.8,76.6,1847.6,536.4,83.4,10.4,6.1,1.5,445.0,223.9,4.8,8.6,117.9,31.1,23.74,False,4095,0.0,10.0,770.8,EXT-OPEN-METEO-KHI,KARACHI,OPENSOURCE_API_GRID,536,,,,0.95,True,True,TIER2_OPENSOURCE_PURE;CONTINUOUS_MINUTE_STREAM;VERIFIED_MODEL_GRID,e49a32d3b17f61b44e6a803faf82b510b322196a826da10e664469e0d1134e02,2026-09-19T08:55:00+00:00,2026-09-19 13:55:00,65.0,1009.1,70
20.3,29.8,76.5,1847.6,536.4,83.4,10.4,6.1,1.5,445.0,224.0,4.8,8.6,117.9,31.1,23.74,False,4095,0.0,10.0,770.4,EXT-OPEN-METEO-KHI,KARACHI,OPENSOURCE_API_GRID,537,,,,0.95,True,True,TIER2_OPENSOURCE_PURE;CONTINUOUS_MINUTE_STREAM;VERIFIED_MODEL_GRID,d91f3904257e657ee6fbdc66e8d52116c82861622d929d556a92340cb3502a43,2026-09-19T08:56:00+00:00,2026-09-19 13:56:00,65.0,1009.1,70
20.3,29.8,76.4,1847.6,536.4,83.4,10.4,6.1,1.5,445.0,224.0,4.8,8.6,118.0,31.0,23.65,False,4095,0.0,10.0,770.0,EXT-OPEN-METEO-KHI,KARACHI,OPENSOURCE_API_GRID,538,,,,0.95,True,True,TIER2_OPENSOURCE_PURE;CONTINUOUS_MINUTE_STREAM;VERIFIED_MODEL_GRID,cff853fb6adb94fb81fce99994f83c56296ded78d107f803299a655965b18ade,2026-09-19T08:57:00+00:00,2026-09-19 13:57:00,65.0,1009.1,70
20.2,29.7,76.3,1841.4,534.6,83.2,10.4,6.1,1.5,445.0,224.0,4.8,8.6,118.0,31.0,23.65,False,4095,0.0,10.0,769.8,EXT-OPEN-METEO-KHI,KARACHI,OPENSOURCE_API_GRID,539,,,,0.95,True,True,TIER2_OPENSOURCE_PURE;CONTINUOUS_MINUTE_STREAM;VERIFIED_MODEL_GRID,e99373775bef4d63d2186b084ce207fb1b381dbcc5fbfef2f6e546570673b44c,2026-09-19T08:58:00+00:00,2026-09-19 13:58:00,65.0,1009.1,70
20.2,29.7,76.2,1841.4,534.6,83.2,10.4,6.1,1.5,445.0,224.0,4.8,8.6,118.0,31.0,23.62,False,4095,0.0,10.0,769.6,EXT-OPEN-METEO-KHI,KARACHI,OPENSOURCE_API_GRID,540,,,,0.95,True,True,TIER2_OPENSOURCE_PURE;CONTINUOUS_MINUTE_STREAM;VERIFIED_MODEL_GRID,953e2b30f167179ae8a7ef8a76d463538640ee20734decf36c748c982e4a4105,2026-09-19T08:59:00+00:00,2026-09-19 13:59:00,64.9,1009.1,70
20.2,29.7,76.2,1841.4,534.6,83.2,10.4,6.1,1.5,445.0,224.0,4.8,8.6,118.0,31.0,23.62,False,4095,0.0,10.0,769.6,EXT-OPEN-METEO-KHI,KARACHI,OPENSOURCE_API_GRID,541,,,,0.95,True,False,TIER2_OPENSOURCE_PURE;HOURLY_NODE;VERIFIED_MODEL_GRID,a52cf8989b098bc65a5ca353f3f93baa7053c4d8f8f94a0eb3fe50d2b50447b4,2026-09-19T09:00:00+00:00,2026-09-19 14:00:00,64.9,1009.1,70
20.1,29.6,76.1,1835.2,532.8,82.9,10.4,6.1,1.5,445.0,224.0,4.8,8.6,118.0,31.0,23.62,False,4095,0.0,10.0,769.5,EXT-OPEN-METEO-KHI,KARACHI,OPENSOURCE_API_GRID,542,,,,0.95,True,True,TIER2_OPENSOURCE_PURE;CONTINUOUS_MINUTE_STREAM;VERIFIED_MODEL_GRID,76926f5f0f0babf53b9797d7757c81cc3541df46cff28b1a8b665cfb789e2c05,2026-09-19T09:01:00+00:00,2026-09-19 14:01:00,64.9,1009.1,70
20.1,29.6,76.0,1835.2,532.8,82.9,10.4,6.1,1.5,445.0,224.1,4.8,8.6,118.0,31.0,23.62,False,4095,0.0,10.0,769.3,EXT-OPEN-METEO-KHI,KARACHI,OPENSOURCE_API_GRID,543,,,,0.95,True,True,TIER2_OPENSOURCE_PURE;CONTINUOUS_MINUTE_STREAM;VERIFIED_MODEL_GRID,a73328faedb7c8644787d70e2131c0652718808123ebd3821cc1bb0a5549e1dc,2026-09-19T09:02:00+00:00,2026-09-19 14:02:00,64.9,1009.1,70
20.1,29.5,75.9,1829.0,531.0,82.6,10.3,6.1,1.5,445.0,224.1,4.8,8.6,117.9,31.0,23.62,False,4095,0.0,10.0,768.8,EXT-OPEN-METEO-KHI,KARACHI,OPENSOURCE_API_GRID,544,,,,0.95,True,True,TIER2_OPENSOURCE_PURE;CONTINUOUS_MINUTE_STREAM;VERIFIED_MODEL_GRID,3e71212c3f6201180f6139f0d978f28ddba170d6468c2548a01988fee1b64fed,2026-09-19T09:03:00+00:00,2026-09-19 14:03:00,64.9,1009.1,70
20.1,29.5,75.8,1829.0,531.0,82.6,10.3,6.1,1.5,445.0,224.2,4.8,8.6,117.9,31.0,23.62,False,4095,0.0,9.9,768.2,EXT-OPEN-METEO-KHI,KARACHI,OPENSOURCE_API_GRID,545,,,,0.95,True,True,TIER2_OPENSOURCE_PURE;CONTINUOUS_MINUTE_STREAM;VERIFIED_MODEL_GRID,5e1ceb3b072b75c78cccf9d5a329ddfc339f5274ae6f0bd9e20adb4cdf815193,2026-09-19T09:04:00+00:00,2026-09-19 14:04:00,64.9,1009.1,70
20.0,29.4,75.7,1822.8,529.2,82.3,10.3,6.1,1.5,445.0,224.3,4.8,8.6,117.8,31.0,23.62,False,4095,0.0,9.9,767.4,EXT-OPEN-METEO-KHI,KARACHI,OPENSOURCE_API_GRID,546,,,,0.95,True,True,TIER2_OPENSOURCE_PURE;CONTINUOUS_MINUTE_STREAM;VERIFIED_MODEL_GRID,0bff3e0b90c0b2798f46518020df7fba4cd03b34da685c60493df0577651b520,2026-09-19T09:05:00+00:00,2026-09-19 14:05:00,64.9,1009.1,70
20.0,29.4,75.6,1822.8,529.2,82.3,10.3,6.0,1.5,445.0,224.5,4.8,8.6,117.8,31.0,23.62,False,4095,0.0,9.9,766.5,EXT-OPEN-METEO-KHI,KARACHI,OPENSOURCE_API_GRID,547,,,,0.95,True,True,TIER2_OPENSOURCE_PURE;CONTINUOUS_MINUTE_STREAM;VERIFIED_MODEL_GRID,d1cbeaf36d91bcd0a2e94f58203ebbb1f73388a139fbcbd4dc6be01a7e702fda,2026-09-19T09:06:00+00:00,2026-09-19 14:06:00,64.9,1009.1,70
19.9,29.3,75.5,1816.6,527.4,82.0,10.3,6.0,1.5,445.0,224.6,4.8,8.6,117.7,31.0,23.62,False,4095,0.0,9.8,765.4,EXT-OPEN-METEO-KHI,KARACHI,OPENSOURCE_API_GRID,548,,,,0.95,True,True,TIER2_OPENSOURCE_PURE;CONTINUOUS_MINUTE_STREAM;VERIFIED_MODEL_GRID,7a026578deae3205d04846563f1152a684c976e2c3b6239e01adb09121ecc38e,2026-09-19T09:07:00+00:00,2026-09-19 14:07:00,64.9,1009.1,70
19.9,29.3,75.4,1816.6,527.4,82.0,10.3,6.0,1.5,445.0,224.8,4.8,8.6,117.6,30.9,23.53,False,4095,0.0,9.8,764.1,EXT-OPEN-METEO-KHI,KARACHI,OPENSOURCE_API_GRID,549,,,,0.95,True,True,TIER2_OPENSOURCE_PURE;CONTINUOUS_MINUTE_STREAM;VERIFIED_MODEL_GRID,9b77d65b1bd24b7819dcd351bd9f626f3a7d27874d9495b66cb8a91cae7bef8b,2026-09-19T09:08:00+00:00,2026-09-19 14:08:00,64.9,1009.1,70
19.9,29.3,75.3,1816.6,527.4,82.0,10.3,6.0,1.5,445.0,225.0,4.8,8.6,117.5,30.9,23.53,False,4095,0.0,9.7,762.7,EXT-OPEN-METEO-KHI,KARACHI,OPENSOURCE_API_GRID,550,,,,0.95,True,True,TIER2_OPENSOURCE_PURE;CONTINUOUS_MINUTE_STREAM;VERIFIED_MODEL_GRID,0273f00039fd7fa5fd002213ea5c45a87edd644fb753ef2a883c36165450a6b8,2026-09-19T09:09:00+00:00,2026-09-19 14:09:00,64.9,1009.1,70
19.9,29.2,75.2,1810.4,525.6,81.8,10.2,6.0,1.5,445.0,225.3,4.9,8.6,117.3,30.9,23.56,False,4095,0.0,9.7,761.1,EXT-OPEN-METEO-KHI,KARACHI,OPENSOURCE_API_GRID,551,,,,0.95,True,True,TIER2_OPENSOURCE_PURE;CONTINUOUS_MINUTE_STREAM;VERIFIED_MODEL_GRID,22aece891c687b8015741c063beea3d1ea042502d872c9a70f16f211fdc49790,2026-09-19T09:10:00+00:00,2026-09-19 14:10:00,65.0,1009.1,70
19.9,29.2,75.0,1810.4,525.6,81.8,10.2,6.0,1.5,445.0,225.5,4.9,8.6,117.2,30.9,23.56,False,4095,0.0,9.6,759.3,EXT-OPEN-METEO-KHI,KARACHI,OPENSOURCE_API_GRID,552,,,,0.95,True,True,TIER2_OPENSOURCE_PURE;CONTINUOUS_MINUTE_STREAM;VERIFIED_MODEL_GRID,0fd60952394949ee608bccbb3045c831c327c7751337c48ae0288d8ca5f10458,2026-09-19T09:11:00+00:00,2026-09-19 14:11:00,65.0,1009.0,70
19.9,29.2,74.9,1810.4,525.6,81.8,10.2,6.0,1.5,445.0,225.8,4.9,8.5,117.0,30.9,23.56,False,4095,0.0,9.5,757.5,EXT-OPEN-METEO-KHI,KARACHI,OPENSOURCE_API_GRID,553,,,,0.95,True,True,TIER2_OPENSOURCE_PURE;CONTINUOUS_MINUTE_STREAM;VERIFIED_MODEL_GRID,0ab3e9605af945c5b5c262fc3ce2975baca8a08ed7be72f78a17093d603c93a2,2026-09-19T09:12:00+00:00,2026-09-19 14:12:00,65.0,1009.0,70
19.9,29.2,74.8,1810.4,525.6,81.8,10.2,6.0,1.5,445.0,226.1,4.9,8.5,116.9,30.9,23.58,False,4095,0.0,9.4,755.4,EXT-OPEN-METEO-KHI,KARACHI,OPENSOURCE_API_GRID,554,,,,0.95,True,True,TIER2_OPENSOURCE_PURE;CONTINUOUS_MINUTE_STREAM;VERIFIED_MODEL_GRID,7d5919a1cdb266af612bf0f1ad0e86c03e307049a36fa43770e79d20b75f24f1,2026-09-19T09:13:00+00:00,2026-09-19 14:13:00,65.1,1009.0,70
19.9,29.2,74.7,1810.4,525.6,81.8,10.2,6.0,1.5,445.0,226.4,4.9,8.5,116.7,30.9,23.58,False,4095,0.0,9.4,753.3,EXT-OPEN-METEO-KHI,KARACHI,OPENSOURCE_API_GRID,555,,,,0.95,True,True,TIER2_OPENSOURCE_PURE;CONTINUOUS_MINUTE_STREAM;VERIFIED_MODEL_GRID,c7e25aeb263b617f233299400fd60928922690f37dd5caf130bad91d09b6d178,2026-09-19T09:14:00+00:00,2026-09-19 14:14:00,65.1,1009.0,70
19.9,29.2,74.6,1810.4,525.6,81.8,10.2,6.0,1.5,445.0,226.8,4.9,8.5,116.5,30.9,23.58,False,4095,0.0,9.3,751.0,EXT-OPEN-METEO-KHI,KARACHI,OPENSOURCE_API_GRID,556,,,,0.95,True,True,TIER2_OPENSOURCE_PURE;CONTINUOUS_MINUTE_STREAM;VERIFIED_MODEL_GRID,6a71433234f72b8dbb8278eed7e55635a3f9b257144094ae1ca982fa6628841d,2026-09-19T09:15:00+00:00,2026-09-19 14:15:00,65.1,1009.0,70
19.9,29.2,74.5,1810.4,525.6,81.8,10.2,6.0,1.5,445.0,227.1,4.9,8.5,116.3,30.9,23.61,False,4095,0.0,9.2,748.6,EXT-OPEN-METEO-KHI,KARACHI,OPENSOURCE_API_GRID,557,,,,0.95,True,True,TIER2_OPENSOURCE_PURE;CONTINUOUS_MINUTE_STREAM;VERIFIED_MODEL_GRID,9de41eff67291ab32c65e631c90ae92d2b2245e29467968a51bd92a9109bf9a2,2026-09-19T09:16:00+00:00,2026-09-19 14:16:00,65.2,1009.0,70
19.9,29.2,74.4,1810.4,525.6,81.8,10.2,6.0,1.5,445.0,227.5,5.0,8.5,116.1,30.9,23.61,False,4095,0.0,9.1,746.0,EXT-OPEN-METEO-KHI,KARACHI,OPENSOURCE_API_GRID,558,,,,0.95,True,True,TIER2_OPENSOURCE_PURE;CONTINUOUS_MINUTE_STREAM;VERIFIED_MODEL_GRID,f2dcb9fc437d071633ebccb933d61ccd9b238399b5009b9b6b9f7abfb9511a49,2026-09-19T09:17:00+00:00,2026-09-19 14:17:00,65.2,1009.0,70
19.8,29.1,74.0,1804.2,523.8,81.5,10.2,5.9,1.5,445.0,227.9,5.0,8.5,115.9,30.9,23.66,False,4095,0.0,9.0,743.4,EXT-OPEN-METEO-KHI,KARACHI,OPENSOURCE_API_GRID,559,,,,0.95,True,True,TIER2_OPENSOURCE_PURE;CONTINUOUS_MINUTE_STREAM;VERIFIED_MODEL_GRID,fae6f8f47868f5f76de2e3484897ac06d4ee42ad33fbe8b41b35784b8255f1dd,2026-09-19T09:18:00+00:00,2026-09-19 14:18:00,65.4,1009.0,70
19.8,29.1,73.9,1804.2,523.8,81.5,10.2,5.9,1.5,445.0,228.3,5.0,8.5,115.7,30.9,23.66,False,4095,0.0,8.9,740.7,EXT-OPEN-METEO-KHI,KARACHI,OPENSOURCE_API_GRID,560,,,,0.95,True,True,TIER2_OPENSOURCE_PURE;CONTINUOUS_MINUTE_STREAM;VERIFIED_MODEL_GRID,bb78cc056969fad224cd77bdc57d19ef2ef13bb4ec69c27cb0dc1841a82d19b6,2026-09-19T09:19:00+00:00,2026-09-19 14:19:00,65.4,1008.9,70
19.7,29.0,73.7,1798.0,522.0,81.2,10.1,5.9,1.5,445.0,228.8,5.0,8.4,115.5,30.9,23.66,False,4095,0.0,8.8,737.8,EXT-OPEN-METEO-KHI,KARACHI,OPENSOURCE_API_GRID,561,,,,0.95,True,True,TIER2_OPENSOURCE_PURE;CONTINUOUS_MINUTE_STREAM;VERIFIED_MODEL_GRID,8eb2b15db156f5d43e40e443cf3b3cfcfd75fb22a93b7c5b5dd2b107ecc297b5,2026-09-19T09:20:00+00:00,2026-09-19 14:20:00,65.4,1008.9,70
19.7,29.0,73.6,1798.0,522.0,81.2,10.1,5.9,1.5,445.0,229.2,5.0,8.4,115.3,30.9,23.66,False,4095,0.0,8.6,734.9,EXT-OPEN-METEO-KHI,KARACHI,OPENSOURCE_API_GRID,562,,,,0.95,True,True,TIER2_OPENSOURCE_PURE;CONTINUOUS_MINUTE_STREAM;VERIFIED_MODEL_GRID,f46325543818391e6dd8a94f693ea1bf555e2374b4756668ad6b24f4227bc2f2,2026-09-19T09:21:00+00:00,2026-09-19 14:21:00,65.4,1008.9,70
19.7,29.0,73.4,1798.0,522.0,81.2,10.1,5.9,1.5,445.0,229.6,5.1,8.4,115.0,30.9,23.66,False,4095,0.0,8.5,731.9,EXT-OPEN-METEO-KHI,KARACHI,OPENSOURCE_API_GRID,563,,,,0.95,True,True,TIER2_OPENSOURCE_PURE;CONTINUOUS_MINUTE_STREAM;VERIFIED_MODEL_GRID,7e7bf481c88fbf687a02b9beae2ee9e388b5d943d0b79141bcf8ea6053cf6220,2026-09-19T09:22:00+00:00,2026-09-19 14:22:00,65.4,1008.9,70
19.7,28.9,73.2,1791.8,520.2,80.9,10.1,5.9,1.5,445.0,230.1,5.1,8.4,114.8,30.9,23.66,False,4095,0.0,8.4,728.8,EXT-OPEN-METEO-KHI,KARACHI,OPENSOURCE_API_GRID,564,,,,0.95,True,True,TIER2_OPENSOURCE_PURE;CONTINUOUS_MINUTE_STREAM;VERIFIED_MODEL_GRID,6535a330f137857854844e0da599be474c8088df0e5a6d8ac04882f4d6580f0d,2026-09-19T09:23:00+00:00,2026-09-19 14:23:00,65.4,1008.9,70
19.7,28.9,72.9,1791.8,520.2,80.9,10.1,5.8,1.5,445.0,230.6,5.1,8.4,114.5,30.9,23.66,False,4095,0.0,8.3,725.7,EXT-OPEN-METEO-KHI,KARACHI,OPENSOURCE_API_GRID,565,,,,0.95,True,True,TIER2_OPENSOURCE_PURE;CONTINUOUS_MINUTE_STREAM;VERIFIED_MODEL_GRID,10092ac4c0f65555f4a7526085c5792ad016bed27452411686c31d6d1c8a0a3e,2026-09-19T09:24:00+00:00,2026-09-19 14:24:00,65.4,1008.9,70
19.6,28.8,72.7,1785.6,518.4,80.6,10.1,5.8,1.5,445.0,231.0,5.1,8.4,114.3,30.9,23.66,False,4095,0.0,8.1,722.5,EXT-OPEN-METEO-KHI,KARACHI,OPENSOURCE_API_GRID,566,,,,0.95,True,True,TIER2_OPENSOURCE_PURE;CONTINUOUS_MINUTE_STREAM;VERIFIED_MODEL_GRID,4cfdabd62ef91196bd5bf91649fd7f41bed28db843d888f8220ff241e62d2197,2026-09-19T09:25:00+00:00,2026-09-19 14:25:00,65.4,1008.9,70
19.6,28.8,72.4,1785.6,518.4,80.6,10.1,5.8,1.4,445.0,231.5,5.2,8.4,114.0,30.9,23.66,False,4095,0.0,8.0,719.3,EXT-OPEN-METEO-KHI,KARACHI,OPENSOURCE_API_GRID,567,,,,0.95,True,True,TIER2_OPENSOURCE_PURE;CONTINUOUS_MINUTE_STREAM;VERIFIED_MODEL_GRID,05cdae1efe3a9618258eb9e781da9509995d0b0f32773845031290372e92e471,2026-09-19T09:26:00+00:00,2026-09-19 14:26:00,65.4,1008.8,70
19.5,28.7,72.2,1779.4,516.6,80.4,10.0,5.8,1.4,445.0,232.0,5.2,8.3,113.8,30.9,23.66,False,4095,0.0,7.9,716.0,EXT-OPEN-METEO-KHI,KARACHI,OPENSOURCE_API_GRID,568,,,,0.95,True,True,TIER2_OPENSOURCE_PURE;CONTINUOUS_MINUTE_STREAM;VERIFIED_MODEL_GRID,1080eb01798275fd16bac680f8471d389541f59e429f1e1d34802082e8d1ea4e,2026-09-19T09:27:00+00:00,2026-09-19 14:27:00,65.4,1008.8,70
19.4,28.6,71.9,1773.2,514.8,80.1,10.0,5.8,1.4,445.0,232.5,5.2,8.3,113.5,30.9,23.66,False,4095,0.0,7.8,712.7,EXT-OPEN-METEO-KHI,KARACHI,OPENSOURCE_API_GRID,569,,,,0.95,True,True,TIER2_OPENSOURCE_PURE;CONTINUOUS_MINUTE_STREAM;VERIFIED_MODEL_GRID,79ba7edfd48a5afee72c8b5d5508b31b3e7c17cd26eab4d5b6d29835c5c7dc2f,2026-09-19T09:28:00+00:00,2026-09-19 14:28:00,65.4,1008.8,70
19.4,28.5,71.6,1767.0,513.0,79.8,10.0,5.7,1.4,445.0,233.0,5.2,8.3,113.3,30.9,23.66,False,4095,0.0,7.6,709.4,EXT-OPEN-METEO-KHI,KARACHI,OPENSOURCE_API_GRID,570,,,,0.95,True,True,TIER2_OPENSOURCE_PURE;CONTINUOUS_MINUTE_STREAM;VERIFIED_MODEL_GRID,08c3fa3d83739ec4d2c4acfceea75e02ec08a82bc0ec678c03264d8bc210f2cb,2026-09-19T09:29:00+00:00,2026-09-19 14:29:00,65.4,1008.8,70
19.3,28.4,71.2,1760.8,511.2,79.5,9.9,5.7,1.4,445.0,233.5,5.2,8.3,113.0,30.9,23.66,False,4095,0.0,7.5,706.0,EXT-OPEN-METEO-KHI,KARACHI,OPENSOURCE_API_GRID,571,,,,0.95,True,True,TIER2_OPENSOURCE_PURE;CONTINUOUS_MINUTE_STREAM;VERIFIED_MODEL_GRID,47ec901762b5ffad099bc0e0f99ff78892b33eef6a91244ed49972ce21a6e360,2026-09-19T09:30:00+00:00,2026-09-19 14:30:00,65.4,1008.8,70
19.2,28.3,70.9,1754.6,509.4,79.2,9.9,5.7,1.4,445.0,234.0,5.3,8.3,112.7,30.9,23.66,False,4095,0.0,7.4,702.7,EXT-OPEN-METEO-KHI,KARACHI,OPENSOURCE_API_GRID,572,,,,0.95,True,True,TIER2_OPENSOURCE_PURE;CONTINUOUS_MINUTE_STREAM;VERIFIED_MODEL_GRID,04076e345285d53f72933e57f559d3ba0c9e17411080b90b4f24bf07d23aa71a,2026-09-19T09:31:00+00:00,2026-09-19 14:31:00,65.4,1008.8,70
19.2,28.2,70.6,1748.4,507.6,79.0,9.9,5.6,1.4,445.0,234.5,5.3,8.3,112.5,30.9,23.66,False,4095,0.0,7.2,699.4,EXT-OPEN-METEO-KHI,KARACHI,OPENSOURCE_API_GRID,573,,,,0.95,True,True,TIER2_OPENSOURCE_PURE;CONTINUOUS_MINUTE_STREAM;VERIFIED_MODEL_GRID,7c733ffefc230679555b73195528ca2003892353d22edffc717056f9757470f6,2026-09-19T09:32:00+00:00,2026-09-19 14:32:00,65.4,1008.7,70
19.1,28.1,70.3,1742.2,505.8,78.7,9.8,5.6,1.4,445.0,235.0,5.3,8.3,112.2,30.8,23.59,False,4095,0.0,7.1,696.1,EXT-OPEN-METEO-KHI,KARACHI,OPENSOURCE_API_GRID,574,,,,0.95,True,True,TIER2_OPENSOURCE_PURE;CONTINUOUS_MINUTE_STREAM;VERIFIED_MODEL_GRID,f3d2ad5c0e7fe82580002e61573b3ebf15686d87ce5ab7eb10dd9faff199fd36,2026-09-19T09:33:00+00:00,2026-09-19 14:33:00,65.5,1008.7,70
19.0,27.9,69.9,1729.8,502.2,78.1,9.8,5.6,1.4,445.0,235.5,5.3,8.2,112.0,30.8,23.59,False,4095,0.0,7.0,692.8,EXT-OPEN-METEO-KHI,KARACHI,OPENSOURCE_API_GRID,575,,,,0.95,True,True,TIER2_OPENSOURCE_PURE;CONTINUOUS_MINUTE_STREAM;VERIFIED_MODEL_GRID,3c50dd89a4af4d99817491fe811c2c5e11c96174c59080fb1e0a7e67bba9a5af,2026-09-19T09:34:00+00:00,2026-09-19 14:34:00,65.5,1008.7,70
18.9,27.8,69.6,1723.6,500.4,77.8,9.7,5.6,1.4,445.0,236.0,5.4,8.2,111.7,30.8,23.59,False,4095,0.0,6.9,689.6,EXT-OPEN-METEO-KHI,KARACHI,OPENSOURCE_API_GRID,576,,,,0.95,True,True,TIER2_OPENSOURCE_PURE;CONTINUOUS_MINUTE_STREAM;VERIFIED_MODEL_GRID,983bb48cdd26b6328e428ae3e57c78bd9c79bf37786d39bbe4c6a598bf1111b5,2026-09-19T09:35:00+00:00,2026-09-19 14:35:00,65.5,1008.7,70
18.8,27.7,69.3,1717.4,498.6,77.6,9.7,5.5,1.4,445.0,236.4,5.4,8.2,111.5,30.8,23.59,False,4095,0.0,6.7,686.4,EXT-OPEN-METEO-KHI,KARACHI,OPENSOURCE_API_GRID,577,,,,0.95,True,True,TIER2_OPENSOURCE_PURE;CONTINUOUS_MINUTE_STREAM;VERIFIED_MODEL_GRID,67ce95c8f65592ed62bdfef0840347e1127dedd92b51af7981a11e1e4a463afc,2026-09-19T09:36:00+00:00,2026-09-19 14:36:00,65.5,1008.7,70
18.8,27.7,69.0,1717.4,498.6,77.6,9.7,5.5,1.4,445.0,236.9,5.4,8.2,111.2,30.8,23.59,False,4095,0.0,6.6,683.3,EXT-OPEN-METEO-KHI,KARACHI,OPENSOURCE_API_GRID,578,,,,0.95,True,True,TIER2_OPENSOURCE_PURE;CONTINUOUS_MINUTE_STREAM;VERIFIED_MODEL_GRID,2beaf33357b749ce92d7b3e1ef3b88803a04fb6061d67dfb63e79cdcdd0b0453,2026-09-19T09:37:00+00:00,2026-09-19 14:37:00,65.5,1008.6,70
18.8,27.6,68.8,1711.2,496.8,77.3,9.7,5.5,1.4,445.0,237.4,5.4,8.2,111.0,30.8,23.61,False,4095,0.0,6.5,680.2,EXT-OPEN-METEO-KHI,KARACHI,OPENSOURCE_API_GRID,579,,,,0.95,True,True,TIER2_OPENSOURCE_PURE;CONTINUOUS_MINUTE_STREAM;VERIFIED_MODEL_GRID,0af1f5a0fc71269d9060354293efb651f01ad5a8067a2c63702e9fd37583ffab,2026-09-19T09:38:00+00:00,2026-09-19 14:38:00,65.6,1008.6,70
18.7,27.5,68.5,1705.0,495.0,77.0,9.6,5.5,1.4,445.0,237.8,5.5,8.2,110.7,30.7,23.52,False,4095,0.0,6.4,677.2,EXT-OPEN-METEO-KHI,KARACHI,OPENSOURCE_API_GRID,580,,,,0.95,True,True,TIER2_OPENSOURCE_PURE;CONTINUOUS_MINUTE_STREAM;VERIFIED_MODEL_GRID,9043bc3a1ac441f46648a44e212624edaec483993e63a7841266545844241fdc,2026-09-19T09:39:00+00:00,2026-09-19 14:39:00,65.6,1008.6,70
18.7,27.5,68.3,1705.0,495.0,77.0,9.6,5.5,1.4,445.0,238.2,5.5,8.2,110.5,30.7,23.52,False,4095,0.0,6.2,674.3,EXT-OPEN-METEO-KHI,KARACHI,OPENSOURCE_API_GRID,581,,,,0.95,True,True,TIER2_OPENSOURCE_PURE;CONTINUOUS_MINUTE_STREAM;VERIFIED_MODEL_GRID,0e906b298c082063ba790cb7449f5721aaa67207f685ae6ed8b42488f6d7dcd9,2026-09-19T09:40:00+00:00,2026-09-19 14:40:00,65.6,1008.6,70
18.6,27.4,68.1,1698.8,493.2,76.7,9.6,5.4,1.4,445.0,238.7,5.5,8.1,110.3,30.7,23.54,False,4095,0.0,6.1,671.4,EXT-OPEN-METEO-KHI,KARACHI,OPENSOURCE_API_GRID,582,,,,0.95,True,True,TIER2_OPENSOURCE_PURE;CONTINUOUS_MINUTE_STREAM;VERIFIED_MODEL_GRID,c84c0b62f0e7d356f70da1f32556656c96507f987a758db4e4dde5f0b2d83919,2026-09-19T09:41:00+00:00,2026-09-19 14:41:00,65.7,1008.6,70
18.6,27.4,67.9,1698.8,493.2,76.7,9.6,5.4,1.4,445.0,239.1,5.5,8.1,110.1,30.7,23.54,False,4095,0.0,6.0,668.7,EXT-OPEN-METEO-KHI,KARACHI,OPENSOURCE_API_GRID,583,,,,0.95,True,True,TIER2_OPENSOURCE_PURE;CONTINUOUS_MINUTE_STREAM;VERIFIED_MODEL_GRID,4b41c8b4828afbf51e5c031c470bc630aab55426c4c3fa75f57c9ef64be0936c,2026-09-19T09:42:00+00:00,2026-09-19 14:42:00,65.7,1008.5,70
18.6,27.3,67.8,1692.6,491.4,76.4,9.6,5.4,1.4,445.0,239.5,5.5,8.1,109.9,30.7,23.54,False,4095,0.0,5.9,666.1,EXT-OPEN-METEO-KHI,KARACHI,OPENSOURCE_API_GRID,584,,,,0.95,True,True,TIER2_OPENSOURCE_PURE;CONTINUOUS_MINUTE_STREAM;VERIFIED_MODEL_GRID,73601ecbbd872104843468321033d740534207c609bf7e213163f13f299f7c8f,2026-09-19T09:43:00+00:00,2026-09-19 14:43:00,65.7,1008.5,70
18.6,27.3,67.6,1692.6,491.4,76.4,9.6,5.4,1.4,445.0,239.9,5.6,8.1,109.7,30.7,23.57,False,4095,0.0,5.8,663.5,EXT-OPEN-METEO-KHI,KARACHI,OPENSOURCE_API_GRID,585,,,,0.95,True,True,TIER2_OPENSOURCE_PURE;CONTINUOUS_MINUTE_STREAM;VERIFIED_MODEL_GRID,be7c8ebbd441ed72ea710ab96767907eb33139a98a3c892527103e7d5c2ea30d,2026-09-19T09:44:00+00:00,2026-09-19 14:44:00,65.8,1008.5,70
18.6,27.3,67.5,1692.6,491.4,76.4,9.6,5.4,1.4,445.0,240.2,5.6,8.1,109.5,30.7,23.57,False,4095,0.0,5.7,661.1,EXT-OPEN-METEO-KHI,KARACHI,OPENSOURCE_API_GRID,586,,,,0.95,True,True,TIER2_OPENSOURCE_PURE;CONTINUOUS_MINUTE_STREAM;VERIFIED_MODEL_GRID,2ebcbe08e7fba0369cc6bc91007f2a0399dedf7171425f6f71862cf44a998cf0,2026-09-19T09:45:00+00:00,2026-09-19 14:45:00,65.8,1008.5,70
18.6,27.3,67.4,1692.6,491.4,76.4,9.6,5.4,1.3,445.0,240.6,5.6,8.1,109.3,30.7,23.59,False,4095,0.0,5.6,658.8,EXT-OPEN-METEO-KHI,KARACHI,OPENSOURCE_API_GRID,587,,,,0.95,True,True,TIER2_OPENSOURCE_PURE;CONTINUOUS_MINUTE_STREAM;VERIFIED_MODEL_GRID,50d9198c2fc03aafa94995fc5bed26cb44c1ba24bdb1695cda214d6098e44742,2026-09-19T09:46:00+00:00,2026-09-19 14:46:00,65.9,1008.5,70
18.6,27.3,67.3,1692.6,491.4,76.4,9.6,5.4,1.3,445.0,240.9,5.6,8.1,109.1,30.7,23.59,False,4095,0.0,5.6,656.7,EXT-OPEN-METEO-KHI,KARACHI,OPENSOURCE_API_GRID,588,,,,0.95,True,True,TIER2_OPENSOURCE_PURE;CONTINUOUS_MINUTE_STREAM;VERIFIED_MODEL_GRID,64149154962f6cede45d3e3eb276371c024b47ae7d5d29905082b23437a59cd1,2026-09-19T09:47:00+00:00,2026-09-19 14:47:00,65.9,1008.5,70
18.6,27.3,67.2,1692.6,491.4,76.4,9.6,5.4,1.3,445.0,241.2,5.6,8.1,109.0,30.7,23.59,False,4095,0.0,5.5,654.6,EXT-OPEN-METEO-KHI,KARACHI,OPENSOURCE_API_GRID,589,,,,0.95,True,True,TIER2_OPENSOURCE_PURE;CONTINUOUS_MINUTE_STREAM;VERIFIED_MODEL_GRID,c297c19a0391fde49f919fb10920c43e0dc21fc135ecf0d57898edbc5acb91d8,2026-09-19T09:48:00+00:00,2026-09-19 14:48:00,65.9,1008.5,70
18.5,27.2,66.9,1686.4,489.6,76.2,9.5,5.4,1.3,445.0,241.5,5.6,8.0,108.8,30.7,23.64,False,4095,0.0,5.4,652.8,EXT-OPEN-METEO-KHI,KARACHI,OPENSOURCE_API_GRID,590,,,,0.95,True,True,TIER2_OPENSOURCE_PURE;CONTINUOUS_MINUTE_STREAM;VERIFIED_MODEL_GRID,58886e1791fb59d8eb9954ed4656a008f95859e1be9886ff502a10b7e75c5f69,2026-09-19T09:49:00+00:00,2026-09-19 14:49:00,66.1,1008.5,70
18.5,27.2,66.8,1686.4,489.6,76.2,9.5,5.3,1.3,445.0,241.7,5.6,8.0,108.7,30.7,23.64,False,4095,0.0,5.3,651.0,EXT-OPEN-METEO-KHI,KARACHI,OPENSOURCE_API_GRID,591,,,,0.95,True,True,TIER2_OPENSOURCE_PURE;CONTINUOUS_MINUTE_STREAM;VERIFIED_MODEL_GRID,81fab3de4b8f64ed2067e4a22bd1a7f4370f033645ba94e04916588f5415da7e,2026-09-19T09:50:00+00:00,2026-09-19 14:50:00,66.1,1008.4,70
18.5,27.2,66.8,1686.4,489.6,76.2,9.5,5.3,1.3,445.0,242.0,5.7,8.0,108.5,30.7,23.64,False,4095,0.0,5.3,649.4,EXT-OPEN-METEO-KHI,KARACHI,OPENSOURCE_API_GRID,592,,,,0.95,True,True,TIER2_OPENSOURCE_PURE;CONTINUOUS_MINUTE_STREAM;VERIFIED_MODEL_GRID,d1fee00e7476ba732d6f7aad112189360515e38bc55a21b3df62dba08e077d9e,2026-09-19T09:51:00+00:00,2026-09-19 14:51:00,66.1,1008.4,70
18.5,27.2,66.7,1686.4,489.6,76.2,9.5,5.3,1.3,445.0,242.2,5.7,8.0,108.4,30.7,23.64,False,4095,0.0,5.2,648.0,EXT-OPEN-METEO-KHI,KARACHI,OPENSOURCE_API_GRID,593,,,,0.95,True,True,TIER2_OPENSOURCE_PURE;CONTINUOUS_MINUTE_STREAM;VERIFIED_MODEL_GRID,56ad7cdbfcda197b4f131ace689f019d24fe12ff2a4bf1181119c74816f42ead,2026-09-19T09:52:00+00:00,2026-09-19 14:52:00,66.1,1008.4,70
18.5,27.2,66.7,1686.4,489.6,76.2,9.5,5.3,1.3,445.0,242.4,5.7,8.0,108.3,30.7,23.64,False,4095,0.0,5.2,646.7,EXT-OPEN-METEO-KHI,KARACHI,OPENSOURCE_API_GRID,594,,,,0.95,True,True,TIER2_OPENSOURCE_PURE;CONTINUOUS_MINUTE_STREAM;VERIFIED_MODEL_GRID,a16ec81766afa33d73150677622ed09ea6eb33629740dcebeb70e19fca11d851,2026-09-19T09:53:00+00:00,2026-09-19 14:53:00,66.1,1008.4,70
18.5,27.2,66.6,1686.4,489.6,76.2,9.5,5.3,1.3,445.0,242.5,5.7,8.0,108.2,30.7,23.64,False,4095,0.0,5.1,645.6,EXT-OPEN-METEO-KHI,KARACHI,OPENSOURCE_API_GRID,595,,,,0.95,True,True,TIER2_OPENSOURCE_PURE;CONTINUOUS_MINUTE_STREAM;VERIFIED_MODEL_GRID,04706f8e3349e7c721015fabcde5ff431c95119161a5be29de651e7735f61746,2026-09-19T09:54:00+00:00,2026-09-19 14:54:00,66.1,1008.4,70
18.5,27.2,66.6,1686.4,489.6,76.2,9.5,5.3,1.3,445.0,242.7,5.7,8.0,108.2,30.8,23.74,False,4095,0.0,5.1,644.7,EXT-OPEN-METEO-KHI,KARACHI,OPENSOURCE_API_GRID,596,,,,0.95,True,True,TIER2_OPENSOURCE_PURE;CONTINUOUS_MINUTE_STREAM;VERIFIED_MODEL_GRID,2c57e81bebdea411af2eb4f505f88c1829c0fb2ab426a63b2bf33c206dc0bcaf,2026-09-19T09:55:00+00:00,2026-09-19 14:55:00,66.1,1008.4,70
18.5,27.2,66.5,1686.4,489.6,76.2,9.5,5.3,1.3,445.0,242.8,5.7,8.0,108.1,30.8,23.71,False,4095,0.0,5.1,643.9,EXT-OPEN-METEO-KHI,KARACHI,OPENSOURCE_API_GRID,597,,,,0.95,True,True,TIER2_OPENSOURCE_PURE;CONTINUOUS_MINUTE_STREAM;VERIFIED_MODEL_GRID,bfdeed75c370e7d47ce1973e2bb9d38a7aca0044ac05675b6d4257dafaccc96d,2026-09-19T09:56:00+00:00,2026-09-19 14:56:00,66.0,1008.4,70
18.5,27.2,66.5,1686.4,489.6,76.2,9.5,5.3,1.3,445.0,242.9,5.7,8.0,108.1,30.8,23.71,False,4095,0.0,5.0,643.3,EXT-OPEN-METEO-KHI,KARACHI,OPENSOURCE_API_GRID,598,,,,0.95,True,True,TIER2_OPENSOURCE_PURE;CONTINUOUS_MINUTE_STREAM;VERIFIED_MODEL_GRID,26f0610430204e0a0226ae7c6136b8241f6b28e25ee8e06bc541f185fbf2f708,2026-09-19T09:57:00+00:00,2026-09-19 14:57:00,66.0,1008.4,70
18.5,27.2,66.4,1686.4,489.6,76.2,9.5,5.3,1.3,445.0,242.9,5.7,8.0,108.0,30.7,23.62,False,4095,0.0,5.0,642.8,EXT-OPEN-METEO-KHI,KARACHI,OPENSOURCE_API_GRID,599,,,,0.95,True,True,TIER2_OPENSOURCE_PURE;CONTINUOUS_MINUTE_STREAM;VERIFIED_MODEL_GRID,225183ec626ba34e47d1128f02a8c44bcc61f8126405eb8dc330fd3eeaf153c1,2026-09-19T09:58:00+00:00,2026-09-19 14:58:00,66.0,1008.4,70
18.5,27.2,66.3,1686.4,489.6,76.2,9.5,5.3,1.3,445.0,243.0,5.7,8.0,108.0,30.7,23.62,False,4095,0.0,5.0,642.6,EXT-OPEN-METEO-KHI,KARACHI,OPENSOURCE_API_GRID,600,,,,0.95,True,True,TIER2_OPENSOURCE_PURE;CONTINUOUS_MINUTE_STREAM;VERIFIED_MODEL_GRID,2cf8d0a889e5ed055e12e36c9891e767b20a6ad002b83386309f6a56d9c18df2,2026-09-19T09:59:00+00:00,2026-09-19 14:59:00,66.0,1008.4,70
18.4,27.1,66.3,1680.2,487.8,75.9,9.5,5.3,1.3,445.0,243.0,5.7,8.0,108.0,30.7,23.62,False,4095,0.0,5.0,642.5,EXT-OPEN-METEO-KHI,KARACHI,OPENSOURCE_API_GRID,601,,,,0.95,True,False,TIER2_OPENSOURCE_PURE;HOURLY_NODE;VERIFIED_MODEL_GRID,50da908d83540e1b302db3f0d84b97f447c1c2e2534f101388173fe310828fa7,2026-09-19T10:00:00+00:00,2026-09-19 15:00:00,66.0,1008.4,71
18.4,27.1,66.2,1680.2,487.8,75.9,9.5,5.3,1.3,445.0,243.0,5.7,8.0,108.0,30.7,23.59,False,4095,0.0,5.0,642.4,EXT-OPEN-METEO-KHI,KARACHI,OPENSOURCE_API_GRID,602,,,,0.95,True,True,TIER2_OPENSOURCE_PURE;CONTINUOUS_MINUTE_STREAM;VERIFIED_MODEL_GRID,ba84e13fb13629de718d3e7eddd2de4577454ad1fcc56014b8a9a56cc562e34e,2026-09-19T10:01:00+00:00,2026-09-19 15:01:00,65.9,1008.4,71
18.4,27.0,66.2,1674.0,486.0,75.6,9.4,5.3,1.3,445.0,243.1,5.7,8.0,107.9,30.7,23.59,False,4095,0.0,5.0,642.0,EXT-OPEN-METEO-KHI,KARACHI,OPENSOURCE_API_GRID,603,,,,0.95,True,True,TIER2_OPENSOURCE_PURE;CONTINUOUS_MINUTE_STREAM;VERIFIED_MODEL_GRID,ed8b3a3542b89c65f48ea0a31ab6ccd126eb29f7cf02b038b200457939449448,2026-09-19T10:02:00+00:00,2026-09-19 15:02:00,65.9,1008.4,71
18.4,27.0,66.1,1674.0,486.0,75.6,9.4,5.3,1.3,445.0,243.2,5.7,8.0,107.9,30.7,23.59,False,4095,0.0,5.0,641.4,EXT-OPEN-METEO-KHI,KARACHI,OPENSOURCE_API_GRID,604,,,,0.95,True,True,TIER2_OPENSOURCE_PURE;CONTINUOUS_MINUTE_STREAM;VERIFIED_MODEL_GRID,82d5ce0b17282c719966f7158363aef07431bfd9c0dd224edd42e630ca50bda0,2026-09-19T10:03:00+00:00,2026-09-19 15:03:00,65.9,1008.4,71
18.3,26.9,66.0,1667.8,484.2,75.3,9.4,5.3,1.3,445.0,243.3,5.7,8.0,107.8,30.7,23.59,False,4095,0.0,5.0,640.5,EXT-OPEN-METEO-KHI,KARACHI,OPENSOURCE_API_GRID,605,,,,0.95,True,True,TIER2_OPENSOURCE_PURE;CONTINUOUS_MINUTE_STREAM;VERIFIED_MODEL_GRID,0396d0e519c155684588255666bcd06cec3dbe5e598f7de010af06ae9ed46e26,2026-09-19T10:04:00+00:00,2026-09-19 15:04:00,65.9,1008.4,71
18.3,26.9,65.9,1667.8,484.2,75.3,9.4,5.3,1.3,445.0,243.5,5.7,8.0,107.7,30.7,23.59,False,4095,0.0,4.9,639.4,EXT-OPEN-METEO-KHI,KARACHI,OPENSOURCE_API_GRID,606,,,,0.95,True,True,TIER2_OPENSOURCE_PURE;CONTINUOUS_MINUTE_STREAM;VERIFIED_MODEL_GRID,792adb603d4211913e37d0b6d918ac0ce1d9ae65b33ed1ed9f01d4338372725d,2026-09-19T10:05:00+00:00,2026-09-19 15:05:00,65.9,1008.4,71
18.2,26.8,65.8,1661.6,482.4,75.0,9.4,5.3,1.3,445.0,243.7,5.7,8.0,107.5,30.7,23.59,False,4095,0.0,4.9,638.1,EXT-OPEN-METEO-KHI,KARACHI,OPENSOURCE_API_GRID,607,,,,0.95,True,True,TIER2_OPENSOURCE_PURE;CONTINUOUS_MINUTE_STREAM;VERIFIED_MODEL_GRID,8f5ea00b381c843d77b5482d150f7e6f4e8752fb8519ae86e9584e90ee81d332,2026-09-19T10:06:00+00:00,2026-09-19 15:06:00,65.9,1008.4,71
18.2,26.8,65.7,1661.6,482.4,75.0,9.4,5.3,1.3,445.0,244.0,5.8,8.0,107.3,30.7,23.59,False,4095,0.0,4.9,636.5,EXT-OPEN-METEO-KHI,KARACHI,OPENSOURCE_API_GRID,608,,,,0.95,True,True,TIER2_OPENSOURCE_PURE;CONTINUOUS_MINUTE_STREAM;VERIFIED_MODEL_GRID,66531bd520cbba03bba60a17049db3288cc7bd0005c3d056a53beb1ea9582502,2026-09-19T10:07:00+00:00,2026-09-19 15:07:00,65.9,1008.4,71
18.2,26.7,65.6,1655.4,480.6,74.8,9.3,5.2,1.3,445.0,244.3,5.8,8.0,107.1,30.6,23.5,False,4095,0.0,4.9,634.7,EXT-OPEN-METEO-KHI,KARACHI,OPENSOURCE_API_GRID,609,,,,0.95,True,True,TIER2_OPENSOURCE_PURE;CONTINUOUS_MINUTE_STREAM;VERIFIED_MODEL_GRID,64fed5898e4cafbdc241f2071ce232e5a4266fa61b365abc120cec9fc593a099,2026-09-19T10:08:00+00:00,2026-09-19 15:08:00,65.9,1008.4,71
18.2,26.7,65.5,1655.4,480.6,74.8,9.3,5.2,1.3,445.0,244.6,5.8,8.0,106.9,30.6,23.52,False,4095,0.0,4.8,632.7,EXT-OPEN-METEO-KHI,KARACHI,OPENSOURCE_API_GRID,610,,,,0.95,True,True,TIER2_OPENSOURCE_PURE;CONTINUOUS_MINUTE_STREAM;VERIFIED_MODEL_GRID,727bf7c8773ee2996ab24f027cfaab93be10b44e4b4e25cee14d949c24b3fdec,2026-09-19T10:09:00+00:00,2026-09-19 15:09:00,66.0,1008.4,71
18.1,26.6,65.4,1649.2,478.8,74.5,9.3,5.2,1.3,445.0,244.9,5.8,8.0,106.7,30.6,23.52,False,4095,0.0,4.8,630.5,EXT-OPEN-METEO-KHI,KARACHI,OPENSOURCE_API_GRID,611,,,,0.95,True,True,TIER2_OPENSOURCE_PURE;CONTINUOUS_MINUTE_STREAM;VERIFIED_MODEL_GRID,55ed8865b2af6ca523aab397f03f84591bf3e2b8e1ceb6a8209f7e58dd1e3cce,2026-09-19T10:10:00+00:00,2026-09-19 15:10:00,66.0,1008.4,71
18.1,26.6,65.3,1649.2,478.8,74.5,9.3,5.2,1.3,445.0,245.3,5.8,7.9,106.4,30.6,23.52,False,4095,0.0,4.8,628.0,EXT-OPEN-METEO-KHI,KARACHI,OPENSOURCE_API_GRID,612,,,,0.95,True,True,TIER2_OPENSOURCE_PURE;CONTINUOUS_MINUTE_STREAM;VERIFIED_MODEL_GRID,c158db8739348b9bea4daa5b6826f8531645a9de62f487f300a14608560da9c2,2026-09-19T10:11:00+00:00,2026-09-19 15:11:00,66.0,1008.4,71
18.1,26.6,65.2,1649.2,478.8,74.5,9.3,5.2,1.3,445.0,245.8,5.9,7.9,106.1,30.6,23.55,False,4095,0.0,4.7,625.4,EXT-OPEN-METEO-KHI,KARACHI,OPENSOURCE_API_GRID,613,,,,0.95,True,True,TIER2_OPENSOURCE_PURE;CONTINUOUS_MINUTE_STREAM;VERIFIED_MODEL_GRID,08178550bda73d10dbfd5e6809739e66d6d646cdb020898bbed1787b78e1ad26,2026-09-19T10:12:00+00:00,2026-09-19 15:12:00,66.1,1008.4,71
18.1,26.6,65.1,1649.2,478.8,74.5,9.3,5.2,1.3,445.0,246.2,5.9,7.9,105.8,30.6,23.55,False,4095,0.0,4.7,622.5,EXT-OPEN-METEO-KHI,KARACHI,OPENSOURCE_API_GRID,614,,,,0.95,True,True,TIER2_OPENSOURCE_PURE;CONTINUOUS_MINUTE_STREAM;VERIFIED_MODEL_GRID,e2a6945195bbce38f5e888f646346161b305e8a79b3904239237cf0397b16f65,2026-09-19T10:13:00+00:00,2026-09-19 15:13:00,66.1,1008.4,71
18.0,26.5,65.1,1643.0,477.0,74.2,9.3,5.2,1.3,445.0,246.7,5.9,7.9,105.4,30.6,23.57,False,4095,0.0,4.6,619.5,EXT-OPEN-METEO-KHI,KARACHI,OPENSOURCE_API_GRID,615,,,,0.95,True,True,TIER2_OPENSOURCE_PURE;CONTINUOUS_MINUTE_STREAM;VERIFIED_MODEL_GRID,e20d9bbe8f81ded3276f332ddfc3f3c8da34d878e1585643e3e8c6737cfdbf6d,2026-09-19T10:14:00+00:00,2026-09-19 15:14:00,66.2,1008.4,71
18.0,26.5,65.0,1643.0,477.0,74.2,9.3,5.2,1.3,445.0,247.2,5.9,7.9,105.1,30.6,23.57,False,4095,0.0,4.6,616.2,EXT-OPEN-METEO-KHI,KARACHI,OPENSOURCE_API_GRID,616,,,,0.95,True,True,TIER2_OPENSOURCE_PURE;CONTINUOUS_MINUTE_STREAM;VERIFIED_MODEL_GRID,f355809aad46a7d2b92ce2d0407bc988418290a95f97dc147a33df4a3ef2f87e,2026-09-19T10:15:00+00:00,2026-09-19 15:15:00,66.2,1008.4,71
18.0,26.5,64.9,1643.0,477.0,74.2,9.3,5.2,1.3,445.0,247.8,6.0,7.9,104.7,30.6,23.6,False,4095,0.0,4.5,612.8,EXT-OPEN-METEO-KHI,KARACHI,OPENSOURCE_API_GRID,617,,,,0.95,True,True,TIER2_OPENSOURCE_PURE;CONTINUOUS_MINUTE_STREAM;VERIFIED_MODEL_GRID,fde717f89a9d8888a5bf63773107672c23d14713b5b873b1660ba7de99a3093c,2026-09-19T10:16:00+00:00,2026-09-19 15:16:00,66.3,1008.4,71
18.0,26.5,64.9,1643.0,477.0,74.2,9.3,5.2,1.3,445.0,248.4,6.0,7.9,104.3,30.6,23.62,False,4095,0.0,4.4,609.3,EXT-OPEN-METEO-KHI,KARACHI,OPENSOURCE_API_GRID,618,,,,0.95,True,True,TIER2_OPENSOURCE_PURE;CONTINUOUS_MINUTE_STREAM;VERIFIED_MODEL_GRID,488c4f91ee581d89985d98124f8c04bf654ba098f6b9a0676e090576df0e9a82,2026-09-19T10:17:00+00:00,2026-09-19 15:17:00,66.4,1008.4,71
18.0,26.5,64.8,1643.0,477.0,74.2,9.3,5.2,1.3,445.0,249.0,6.1,7.9,103.9,30.6,23.62,False,4095,0.0,4.4,605.5,EXT-OPEN-METEO-KHI,KARACHI,OPENSOURCE_API_GRID,619,,,,0.95,True,True,TIER2_OPENSOURCE_PURE;CONTINUOUS_MINUTE_STREAM;VERIFIED_MODEL_GRID,92f05baa57dbe59dba892efdc32e411d2dec7c895d8f4c519e112bc847092bdf,2026-09-19T10:18:00+00:00,2026-09-19 15:18:00,66.4,1008.3,71
18.0,26.5,64.7,1643.0,477.0,74.2,9.3,5.2,1.3,445.0,249.6,6.1,7.8,103.4,30.5,23.55,False,4095,0.0,4.3,601.7,EXT-OPEN-METEO-KHI,KARACHI,OPENSOURCE_API_GRID,620,,,,0.95,True,True,TIER2_OPENSOURCE_PURE;CONTINUOUS_MINUTE_STREAM;VERIFIED_MODEL_GRID,fd7cd9b4e7583d8da30c7ca780e39bd29dda0aa6fb86be2b8f962284dcc2c149,2026-09-19T10:19:00+00:00,2026-09-19 15:19:00,66.5,1008.3,71
18.0,26.4,64.5,1636.8,475.2,73.9,9.2,5.2,1.3,445.0,250.2,6.1,7.8,103.0,30.5,23.6,False,4095,0.0,4.2,597.6,EXT-OPEN-METEO-KHI,KARACHI,OPENSOURCE_API_GRID,621,,,,0.95,True,True,TIER2_OPENSOURCE_PURE;CONTINUOUS_MINUTE_STREAM;VERIFIED_MODEL_GRID,f82fc8c3901ea072868a99142af6683d472e9979c48820e59c69ae890f613b15,2026-09-19T10:20:00+00:00,2026-09-19 15:20:00,66.7,1008.3,71
18.0,26.4,64.4,1636.8,475.2,73.9,9.2,5.2,1.3,445.0,250.9,6.2,7.8,102.5,30.5,23.6,False,4095,0.0,4.2,593.5,EXT-OPEN-METEO-KHI,KARACHI,OPENSOURCE_API_GRID,622,,,,0.95,True,True,TIER2_OPENSOURCE_PURE;CONTINUOUS_MINUTE_STREAM;VERIFIED_MODEL_GRID,a07cfd2765f5a77d6fc0385225220c08c6de79f7794e95a9755f5947784fe8a1,2026-09-19T10:21:00+00:00,2026-09-19 15:21:00,66.7,1008.3,71
17.9,26.3,64.3,1630.6,473.4,73.6,9.2,5.1,1.3,445.0,251.6,6.2,7.8,102.1,30.5,23.6,False,4095,0.0,4.1,589.3,EXT-OPEN-METEO-KHI,KARACHI,OPENSOURCE_API_GRID,623,,,,0.95,True,True,TIER2_OPENSOURCE_PURE;CONTINUOUS_MINUTE_STREAM;VERIFIED_MODEL_GRID,06d83e34d11379b78c099bb3cdef5ef8aa29ea3f41f296f58da763f841aa50f4,2026-09-19T10:22:00+00:00,2026-09-19 15:22:00,66.7,1008.3,71
17.9,26.3,64.2,1630.6,473.4,73.6,9.2,5.1,1.3,445.0,252.3,6.2,7.8,101.6,30.5,23.63,False,4095,0.0,4.0,584.9,EXT-OPEN-METEO-KHI,KARACHI,OPENSOURCE_API_GRID,624,,,,0.95,True,True,TIER2_OPENSOURCE_PURE;CONTINUOUS_MINUTE_STREAM;VERIFIED_MODEL_GRID,485ce53997631547ceccec137fc51d8b07d9f2006dc1dacef775be55e9595462,2026-09-19T10:23:00+00:00,2026-09-19 15:23:00,66.8,1008.3,71
17.9,26.3,64.1,1630.6,473.4,73.6,9.2,5.1,1.3,445.0,253.0,6.3,7.8,101.1,30.5,23.63,False,4095,0.0,4.0,580.5,EXT-OPEN-METEO-KHI,KARACHI,OPENSOURCE_API_GRID,625,,,,0.95,True,True,TIER2_OPENSOURCE_PURE;CONTINUOUS_MINUTE_STREAM;VERIFIED_MODEL_GRID,3625771cd63ddbb6d9807ec57ee812a91a0a4a60abc47efbb8dd08721388d2b6,2026-09-19T10:24:00+00:00,2026-09-19 15:24:00,66.8,1008.3,71
17.9,26.3,64.0,1630.6,473.4,73.6,9.2,5.1,1.3,445.0,253.7,6.3,7.7,100.6,30.5,23.63,False,4095,0.0,3.9,576.0,EXT-OPEN-METEO-KHI,KARACHI,OPENSOURCE_API_GRID,626,,,,0.95,True,True,TIER2_OPENSOURCE_PURE;CONTINUOUS_MINUTE_STREAM;VERIFIED_MODEL_GRID,5b11c3e3e4b6105fc7968be5d7910c372897a4d1238ac283fad5d3fc51444bca,2026-09-19T10:25:00+00:00,2026-09-19 15:25:00,66.8,1008.3,71
17.8,26.2,63.8,1624.4,471.6,73.4,9.2,5.1,1.3,445.0,254.5,6.4,7.7,100.1,30.5,23.65,False,4095,0.0,3.8,571.4,EXT-OPEN-METEO-KHI,KARACHI,OPENSOURCE_API_GRID,627,,,,0.95,True,True,TIER2_OPENSOURCE_PURE;CONTINUOUS_MINUTE_STREAM;VERIFIED_MODEL_GRID,a0701edbc14db2b97203c4ff37041938c54a496135af3aaf6dbfafb1ab9b6e61,2026-09-19T10:26:00+00:00,2026-09-19 15:26:00,66.9,1008.3,71
17.7,26.1,63.7,1618.2,469.8,73.1,9.1,5.1,1.3,445.0,255.2,6.4,7.7,99.6,30.5,23.65,False,4095,0.0,3.7,566.8,EXT-OPEN-METEO-KHI,KARACHI,OPENSOURCE_API_GRID,628,,,,0.95,True,True,TIER2_OPENSOURCE_PURE;CONTINUOUS_MINUTE_STREAM;VERIFIED_MODEL_GRID,adf6bd198f0cbf1f575906b87f0bb0eef6116cf32f8665be0868c9986d52adcd,2026-09-19T10:27:00+00:00,2026-09-19 15:27:00,66.9,1008.3,71
17.7,26.1,63.5,1618.2,469.8,73.1,9.1,5.1,1.3,445.0,256.0,6.5,7.7,99.0,30.5,23.65,False,4095,0.0,3.7,562.2,EXT-OPEN-METEO-KHI,KARACHI,OPENSOURCE_API_GRID,629,,,,0.95,True,True,TIER2_OPENSOURCE_PURE;CONTINUOUS_MINUTE_STREAM;VERIFIED_MODEL_GRID,795bd729853160fef749f32e9a8a9202f0d6c8dbad29b089c645300f2648973b,2026-09-19T10:28:00+00:00,2026-09-19 15:28:00,66.9,1008.3,71
17.7,26.0,63.3,1612.0,468.0,72.8,9.1,5.1,1.3,445.0,256.7,6.5,7.7,98.5,30.5,23.68,False,4095,0.0,3.6,557.5,EXT-OPEN-METEO-KHI,KARACHI,OPENSOURCE_API_GRID,630,,,,0.95,True,True,TIER2_OPENSOURCE_PURE;CONTINUOUS_MINUTE_STREAM;VERIFIED_MODEL_GRID,940bac70421702eb13957f2c5572974c66c87c92722a5ba69a481f915bb4c3a1,2026-09-19T10:29:00+00:00,2026-09-19 15:29:00,67.0,1008.3,71
17.6,25.9,63.1,1605.8,466.2,72.5,9.1,5.0,1.3,445.0,257.5,6.5,7.6,98.0,30.4,23.58,False,4095,0.0,3.5,552.8,EXT-OPEN-METEO-KHI,KARACHI,OPENSOURCE_API_GRID,631,,,,0.95,True,True,TIER2_OPENSOURCE_PURE;CONTINUOUS_MINUTE_STREAM;VERIFIED_MODEL_GRID,fdc6e102a6d0c20403ad747af033bee369003c864d0c52b504865f08cf04a14c,2026-09-19T10:30:00+00:00,2026-09-19 15:30:00,67.0,1008.3,71
17.5,25.8,62.9,1599.6,464.4,72.2,9.0,5.0,1.3,445.0,258.3,6.6,7.6,97.5,30.4,23.58,False,4095,0.0,3.4,548.1,EXT-OPEN-METEO-KHI,KARACHI,OPENSOURCE_API_GRID,632,,,,0.95,True,True,TIER2_OPENSOURCE_PURE;CONTINUOUS_MINUTE_STREAM;VERIFIED_MODEL_GRID,a572dd29d5d31ebf73df1f448bb44d823737082454bf4dca8cbb12abbfad47d9,2026-09-19T10:31:00+00:00,2026-09-19 15:31:00,67.0,1008.3,71
17.5,25.7,62.6,1593.4,462.6,72.0,9.0,5.0,1.3,445.0,259.0,6.6,7.6,97.0,30.4,23.58,False,4095,0.0,3.3,543.4,EXT-OPEN-METEO-KHI,KARACHI,OPENSOURCE_API_GRID,633,,,,0.95,True,True,TIER2_OPENSOURCE_PURE;CONTINUOUS_MINUTE_STREAM;VERIFIED_MODEL_GRID,21067c8b561e9b1228266f54b3c399879686c918d29d35307f908440921b33ef,2026-09-19T10:32:00+00:00,2026-09-19 15:32:00,67.0,1008.3,71
17.4,25.6,62.4,1587.2,460.8,71.7,9.0,5.0,1.2,445.0,259.8,6.7,7.6,96.4,30.4,23.61,False,4095,0.0,3.3,538.8,EXT-OPEN-METEO-KHI,KARACHI,OPENSOURCE_API_GRID,634,,,,0.95,True,True,TIER2_OPENSOURCE_PURE;CONTINUOUS_MINUTE_STREAM;VERIFIED_MODEL_GRID,403bce327ab9dfeb3cbfb6858f5334a3a33ee35ee355d351c842155af96b1b4e,2026-09-19T10:33:00+00:00,2026-09-19 15:33:00,67.1,1008.3,71
17.3,25.5,62.2,1581.0,459.0,71.4,8.9,5.0,1.2,445.0,260.5,6.7,7.6,95.9,30.4,23.61,False,4095,0.0,3.2,534.2,EXT-OPEN-METEO-KHI,KARACHI,OPENSOURCE_API_GRID,635,,,,0.95,True,True,TIER2_OPENSOURCE_PURE;CONTINUOUS_MINUTE_STREAM;VERIFIED_MODEL_GRID,8d86a6b84d97c06f05e6cdd4d65b9a7e9b9fe186cc09c92806d68799ba55dabb,2026-09-19T10:34:00+00:00,2026-09-19 15:34:00,67.1,1008.3,71
17.3,25.4,62.0,1574.8,457.2,71.1,8.9,5.0,1.2,445.0,261.3,6.8,7.6,95.4,30.3,23.51,False,4095,0.0,3.1,529.6,EXT-OPEN-METEO-KHI,KARACHI,OPENSOURCE_API_GRID,636,,,,0.95,True,True,TIER2_OPENSOURCE_PURE;CONTINUOUS_MINUTE_STREAM;VERIFIED_MODEL_GRID,7315960438e65c27875d7c942e67b766e34daab5742492a1b3e23b470d023f5e,2026-09-19T10:35:00+00:00,2026-09-19 15:35:00,67.1,1008.3,71
17.2,25.3,61.7,1568.6,455.4,70.8,8.9,4.9,1.2,445.0,262.0,6.8,7.5,94.9,30.3,23.54,False,4095,0.0,3.0,525.1,EXT-OPEN-METEO-KHI,KARACHI,OPENSOURCE_API_GRID,637,,,,0.95,True,True,TIER2_OPENSOURCE_PURE;CONTINUOUS_MINUTE_STREAM;VERIFIED_MODEL_GRID,9774bb224b8528ecaf4729262cbacfd1fbd0d191f76ffd298d37bcaeb22abca2,2026-09-19T10:36:00+00:00,2026-09-19 15:36:00,67.2,1008.3,71
17.1,25.2,61.5,1562.4,453.6,70.6,8.8,4.9,1.2,445.0,262.7,6.9,7.5,94.4,30.3,23.54,False,4095,0.0,3.0,520.7,EXT-OPEN-METEO-KHI,KARACHI,OPENSOURCE_API_GRID,638,,,,0.95,True,True,TIER2_OPENSOURCE_PURE;CONTINUOUS_MINUTE_STREAM;VERIFIED_MODEL_GRID,11bce93628f64e30a363b7fc8d7c440715bba740f22d687b13b3e0dbb19d6b7c,2026-09-19T10:37:00+00:00,2026-09-19 15:37:00,67.2,1008.3,71
17.1,25.1,61.3,1556.2,451.8,70.3,8.8,4.9,1.2,445.0,263.4,6.9,7.5,93.9,30.3,23.56,False,4095,0.0,2.9,516.3,EXT-OPEN-METEO-KHI,KARACHI,OPENSOURCE_API_GRID,639,,,,0.95,True,True,TIER2_OPENSOURCE_PURE;CONTINUOUS_MINUTE_STREAM;VERIFIED_MODEL_GRID,45d98a78343df60db8006bb95488970dd1568c6e0fad0de85adbc0f2b2892a5b,2026-09-19T10:38:00+00:00,2026-09-19 15:38:00,67.3,1008.3,71
17.0,25.0,61.1,1550.0,450.0,70.0,8.8,4.9,1.2,445.0,264.1,6.9,7.5,93.5,30.2,23.47,False,4095,0.0,2.8,512.1,EXT-OPEN-METEO-KHI,KARACHI,OPENSOURCE_API_GRID,640,,,,0.95,True,True,TIER2_OPENSOURCE_PURE;CONTINUOUS_MINUTE_STREAM;VERIFIED_MODEL_GRID,320b7bad5ebe243a277b1c34b32391857fff13462c10aea49390c9335b8cb4d0,2026-09-19T10:39:00+00:00,2026-09-19 15:39:00,67.3,1008.3,71
16.9,24.9,60.9,1543.8,448.2,69.7,8.7,4.9,1.2,445.0,264.8,7.0,7.5,93.0,30.2,23.49,False,4095,0.0,2.8,508.0,EXT-OPEN-METEO-KHI,KARACHI,OPENSOURCE_API_GRID,641,,,,0.95,True,True,TIER2_OPENSOURCE_PURE;CONTINUOUS_MINUTE_STREAM;VERIFIED_MODEL_GRID,8530f8e8a0e14d2843ddf3d69ed61b1fe429fafe4238b13e0a2a31c1812b4904,2026-09-19T10:40:00+00:00,2026-09-19 15:40:00,67.4,1008.3,71
16.9,24.9,60.8,1543.8,448.2,69.7,8.7,4.9,1.2,445.0,265.4,7.0,7.5,92.6,30.2,23.49,False,4095,0.0,2.7,503.9,EXT-OPEN-METEO-KHI,KARACHI,OPENSOURCE_API_GRID,642,,,,0.95,True,True,TIER2_OPENSOURCE_PURE;CONTINUOUS_MINUTE_STREAM;VERIFIED_MODEL_GRID,957877dbe18338d7bf0929f4a77fd05c207ed395a31a1988ed5aac2665c0aa44,2026-09-19T10:41:00+00:00,2026-09-19 15:41:00,67.4,1008.3,71
16.9,24.8,60.6,1537.6,446.4,69.4,8.7,4.8,1.2,445.0,266.0,7.0,7.4,92.1,30.2,23.52,False,4095,0.0,2.6,500.1,EXT-OPEN-METEO-KHI,KARACHI,OPENSOURCE_API_GRID,643,,,,0.95,True,True,TIER2_OPENSOURCE_PURE;CONTINUOUS_MINUTE_STREAM;VERIFIED_MODEL_GRID,130bbb086a41d14c192f3672c897880b63e505f3013dc6bb520f4fe1e4cb0c62,2026-09-19T10:42:00+00:00,2026-09-19 15:42:00,67.5,1008.2,71
16.9,24.8,60.5,1537.6,446.4,69.4,8.7,4.8,1.2,445.0,266.6,7.1,7.4,91.7,30.2,23.52,False,4095,0.0,2.6,496.3,EXT-OPEN-METEO-KHI,KARACHI,OPENSOURCE_API_GRID,644,,,,0.95,True,True,TIER2_OPENSOURCE_PURE;CONTINUOUS_MINUTE_STREAM;VERIFIED_MODEL_GRID,22a134dc60607735726df5fdb3e251bec9fbdcfdd97987213a4285bc87abf07a,2026-09-19T10:43:00+00:00,2026-09-19 15:43:00,67.5,1008.2,71
16.9,24.8,60.4,1537.6,446.4,69.4,8.7,4.8,1.2,445.0,267.2,7.1,7.4,91.3,30.1,23.45,False,4095,0.0,2.5,492.8,EXT-OPEN-METEO-KHI,KARACHI,OPENSOURCE_API_GRID,645,,,,0.95,True,True,TIER2_OPENSOURCE_PURE;CONTINUOUS_MINUTE_STREAM;VERIFIED_MODEL_GRID,4635abe81881b5be0fc7b12cd5c6cbdb2894a7d0b2af0886338daa85ac3001ab,2026-09-19T10:44:00+00:00,2026-09-19 15:44:00,67.6,1008.2,71
16.8,24.7,60.4,1531.4,444.6,69.2,8.6,4.8,1.2,445.0,267.8,7.2,7.4,90.9,30.1,23.45,False,4095,0.0,2.4,489.4,EXT-OPEN-METEO-KHI,KARACHI,OPENSOURCE_API_GRID,646,,,,0.95,True,True,TIER2_OPENSOURCE_PURE;CONTINUOUS_MINUTE_STREAM;VERIFIED_MODEL_GRID,7ad52aeb4ca0ae9c28eed6cfd195845a90062f4b8a863a57b7e7559cfe713dd1,2026-09-19T10:45:00+00:00,2026-09-19 15:45:00,67.6,1008.2,71
16.8,24.7,60.3,1531.4,444.6,69.2,8.6,4.8,1.2,445.0,268.3,7.2,7.4,90.6,30.1,23.47,False,4095,0.0,2.4,486.1,EXT-OPEN-METEO-KHI,KARACHI,OPENSOURCE_API_GRID,647,,,,0.95,True,True,TIER2_OPENSOURCE_PURE;CONTINUOUS_MINUTE_STREAM;VERIFIED_MODEL_GRID,5e530a126d593a20c05871e580c2b9ec9300eee80a480a513741bf7a5e174630,2026-09-19T10:46:00+00:00,2026-09-19 15:46:00,67.7,1008.2,71
16.8,24.7,60.2,1531.4,444.6,69.2,8.6,4.8,1.2,445.0,268.8,7.2,7.4,90.2,30.1,23.47,False,4095,0.0,2.3,483.1,EXT-OPEN-METEO-KHI,KARACHI,OPENSOURCE_API_GRID,648,,,,0.95,True,True,TIER2_OPENSOURCE_PURE;CONTINUOUS_MINUTE_STREAM;VERIFIED_MODEL_GRID,3098d6ab73594804997ece3cd07d78ffbbdae8ef72c14e5b6071de8a0f42be92,2026-09-19T10:47:00+00:00,2026-09-19 15:47:00,67.7,1008.2,71
16.8,24.7,60.2,1531.4,444.6,69.2,8.6,4.8,1.2,445.0,269.2,7.2,7.4,89.9,30.1,23.5,False,4095,0.0,2.3,480.2,EXT-OPEN-METEO-KHI,KARACHI,OPENSOURCE_API_GRID,649,,,,0.95,True,True,TIER2_OPENSOURCE_PURE;CONTINUOUS_MINUTE_STREAM;VERIFIED_MODEL_GRID,b87b0c2c887c9e1e9fd0354beb3c2dd957abc8df8ca6224ec5269252367e87fa,2026-09-19T10:48:00+00:00,2026-09-19 15:48:00,67.8,1008.2,71
16.8,24.7,60.2,1531.4,444.6,69.2,8.6,4.8,1.2,445.0,269.7,7.3,7.4,89.6,30.1,23.52,False,4095,0.0,2.2,477.6,EXT-OPEN-METEO-KHI,KARACHI,OPENSOURCE_API_GRID,650,,,,0.95,True,True,TIER2_OPENSOURCE_PURE;CONTINUOUS_MINUTE_STREAM;VERIFIED_MODEL_GRID,608dfe78218ba0512abfa2935730343318f722c2d5cfcc4c123f3460fb59fd7f,2026-09-19T10:49:00+00:00,2026-09-19 15:49:00,67.9,1008.2,71
16.8,24.7,60.1,1531.4,444.6,69.2,8.6,4.8,1.2,445.0,270.1,7.3,7.3,89.3,30.1,23.52,False,4095,0.0,2.2,475.1,EXT-OPEN-METEO-KHI,KARACHI,OPENSOURCE_API_GRID,651,,,,0.95,True,True,TIER2_OPENSOURCE_PURE;CONTINUOUS_MINUTE_STREAM;VERIFIED_MODEL_GRID,e081139cdf796ac785f4d96c1517cd719bfedd8702052513d8fccad6b243fe27,2026-09-19T10:50:00+00:00,2026-09-19 15:50:00,67.9,1008.2,71
16.7,24.6,60.0,1525.2,442.8,68.9,8.6,4.8,1.2,445.0,270.4,7.3,7.3,89.1,30.1,23.54,False,4095,0.0,2.2,472.9,EXT-OPEN-METEO-KHI,KARACHI,OPENSOURCE_API_GRID,652,,,,0.95,True,True,TIER2_OPENSOURCE_PURE;CONTINUOUS_MINUTE_STREAM;VERIFIED_MODEL_GRID,c1c2615a7ce62bc4b2581f9f498dfedbfc1469dafab54cb66288cd1a27a57997,2026-09-19T10:51:00+00:00,2026-09-19 15:51:00,68.0,1008.2,71
16.8,24.7,59.9,1531.4,444.6,69.2,8.6,4.8,1.2,445.0,270.7,7.3,7.3,88.9,30.1,23.57,False,4095,0.0,2.1,470.9,EXT-OPEN-METEO-KHI,KARACHI,OPENSOURCE_API_GRID,653,,,,0.95,True,True,TIER2_OPENSOURCE_PURE;CONTINUOUS_MINUTE_STREAM;VERIFIED_MODEL_GRID,72709423d3258f71899e81a0129655103bb12e6de6463ef61f248647edfd2347,2026-09-19T10:52:00+00:00,2026-09-19 15:52:00,68.1,1008.2,71
16.8,24.7,59.9,1531.4,444.6,69.2,8.6,4.8,1.2,445.0,271.0,7.3,7.3,88.7,30.1,23.57,False,4095,0.0,2.1,469.1,EXT-OPEN-METEO-KHI,KARACHI,OPENSOURCE_API_GRID,654,,,,0.95,True,True,TIER2_OPENSOURCE_PURE;CONTINUOUS_MINUTE_STREAM;VERIFIED_MODEL_GRID,a5566d2a10f1570c9ae6ef3d7a61c494cdb72403fbe01b844094fed02f91cf08,2026-09-19T10:53:00+00:00,2026-09-19 15:53:00,68.1,1008.2,71
16.8,24.7,59.9,1531.4,444.6,69.2,8.6,4.8,1.2,445.0,271.3,7.4,7.3,88.5,30.1,23.57,False,4095,0.0,2.1,467.5,EXT-OPEN-METEO-KHI,KARACHI,OPENSOURCE_API_GRID,655,,,,0.95,True,True,TIER2_OPENSOURCE_PURE;CONTINUOUS_MINUTE_STREAM;VERIFIED_MODEL_GRID,8712430c4d5581b6796243c0c65ec583db40e46d8840311c93e196783de16e78,2026-09-19T10:54:00+00:00,2026-09-19 15:54:00,68.1,1008.2,71
16.8,24.7,59.9,1531.4,444.6,69.2,8.6,4.8,1.2,445.0,271.5,7.4,7.3,88.3,30.1,23.57,False,4095,0.0,2.1,466.2,EXT-OPEN-METEO-KHI,KARACHI,OPENSOURCE_API_GRID,656,,,,0.95,True,True,TIER2_OPENSOURCE_PURE;CONTINUOUS_MINUTE_STREAM;VERIFIED_MODEL_GRID,8d701017d421973f091bac6f709e8ef79c68ec60cfe6a7c3f34c8f5070744615,2026-09-19T10:55:00+00:00,2026-09-19 15:55:00,68.1,1008.2,71
16.8,24.7,59.9,1531.4,444.6,69.2,8.6,4.8,1.2,445.0,271.7,7.4,7.3,88.2,30.1,23.57,False,4095,0.0,2.0,465.1,EXT-OPEN-METEO-KHI,KARACHI,OPENSOURCE_API_GRID,657,,,,0.95,True,True,TIER2_OPENSOURCE_PURE;CONTINUOUS_MINUTE_STREAM;VERIFIED_MODEL_GRID,50096605cce32102f7f87e1b47e4b8a223d3ba0a3d2510f5f144107d830ecebe,2026-09-19T10:56:00+00:00,2026-09-19 15:56:00,68.1,1008.2,71
16.8,24.7,59.9,1531.4,444.6,69.2,8.6,4.8,1.2,445.0,271.8,7.4,7.3,88.1,30.2,23.66,False,4095,0.0,2.0,464.2,EXT-OPEN-METEO-KHI,KARACHI,OPENSOURCE_API_GRID,658,,,,0.95,True,True,TIER2_OPENSOURCE_PURE;CONTINUOUS_MINUTE_STREAM;VERIFIED_MODEL_GRID,9992bd72f4d8e187a51f6cd3bb8c825083fd9431f8952be74111018708dc8950,2026-09-19T10:57:00+00:00,2026-09-19 15:57:00,68.1,1008.2,71
16.8,24.7,59.9,1531.4,444.6,69.2,8.6,4.8,1.2,445.0,271.9,7.4,7.3,88.1,30.2,23.66,False,4095,0.0,2.0,463.6,EXT-OPEN-METEO-KHI,KARACHI,OPENSOURCE_API_GRID,659,,,,0.95,True,True,TIER2_OPENSOURCE_PURE;CONTINUOUS_MINUTE_STREAM;VERIFIED_MODEL_GRID,c8287f1cbd157a0a552facba7f0dd66f278d306537955bb7fba7ba5436bd1d40,2026-09-19T10:58:00+00:00,2026-09-19 15:58:00,68.1,1008.2,71
16.8,24.7,59.9,1531.4,444.6,69.2,8.6,4.8,1.2,445.0,272.0,7.4,7.3,88.0,30.2,23.64,False,4095,0.0,2.0,463.2,EXT-OPEN-METEO-KHI,KARACHI,OPENSOURCE_API_GRID,660,,,,0.95,True,True,TIER2_OPENSOURCE_PURE;CONTINUOUS_MINUTE_STREAM;VERIFIED_MODEL_GRID,6ef4ac78717e0641d9c20c276e238544a24c09b2cca8ad6fe0cab2b814ce3cec,2026-09-19T10:59:00+00:00,2026-09-19 15:59:00,68.0,1008.2,71
16.8,24.7,59.9,1531.4,444.6,69.2,8.6,4.8,1.2,445.0,272.0,7.4,7.3,88.0,30.1,23.54,False,4095,0.0,2.0,463.1,EXT-OPEN-METEO-KHI,KARACHI,OPENSOURCE_API_GRID,661,,,,0.95,True,False,TIER2_OPENSOURCE_PURE;HOURLY_NODE;VERIFIED_MODEL_GRID,5b3f3fae47f8317d5954d7b7e7da89c528bbc04d7c417a04af4321239c2f50bb,2026-09-19T11:00:00+00:00,2026-09-19 16:00:00,68.0,1008.2,71
16.8,24.7,59.8,1531.4,444.6,69.2,8.6,4.8,1.2,445.0,272.0,7.4,7.3,88.0,30.1,23.54,False,4095,0.0,2.0,463.0,EXT-OPEN-METEO-KHI,KARACHI,OPENSOURCE_API_GRID,662,,,,0.95,True,True,TIER2_OPENSOURCE_PURE;CONTINUOUS_MINUTE_STREAM;VERIFIED_MODEL_GRID,2c46f6c9f7be334fd103f61a24038455f1b1373e3de3fdf82b09995b092d405b,2026-09-19T11:01:00+00:00,2026-09-19 16:01:00,68.0,1008.2,71
16.7,24.6,59.8,1525.2,442.8,68.9,8.6,4.8,1.2,445.0,272.1,7.4,7.3,87.9,30.1,23.54,False,4095,0.0,2.0,462.5,EXT-OPEN-METEO-KHI,KARACHI,OPENSOURCE_API_GRID,663,,,,0.95,True,True,TIER2_OPENSOURCE_PURE;CONTINUOUS_MINUTE_STREAM;VERIFIED_MODEL_GRID,273c24d8ec5a7364954bfe45d7cb1bb30ba7c9d238d03c458285698a17af58ff,2026-09-19T11:02:00+00:00,2026-09-19 16:02:00,68.0,1008.2,71
16.7,24.6,59.7,1525.2,442.8,68.9,8.6,4.8,1.2,445.0,272.1,7.4,7.3,87.9,30.1,23.52,False,4095,0.0,2.1,461.8,EXT-OPEN-METEO-KHI,KARACHI,OPENSOURCE_API_GRID,664,,,,0.95,True,True,TIER2_OPENSOURCE_PURE;CONTINUOUS_MINUTE_STREAM;VERIFIED_MODEL_GRID,84d6b78060a1f84cbf3d347a76ad8d13253e056d532f173007f6daa914489afa,2026-09-19T11:03:00+00:00,2026-09-19 16:03:00,67.9,1008.2,71
16.7,24.5,59.6,1519.0,441.0,68.6,8.6,4.8,1.2,445.0,272.2,7.4,7.3,87.8,30.1,23.52,False,4095,0.0,2.1,460.8,EXT-OPEN-METEO-KHI,KARACHI,OPENSOURCE_API_GRID,665,,,,0.95,True,True,TIER2_OPENSOURCE_PURE;CONTINUOUS_MINUTE_STREAM;VERIFIED_MODEL_GRID,a544566531305d36ad902307cbfe6bb822f6dd9ca0c31761fbac8c3c702113d9,2026-09-19T11:04:00+00:00,2026-09-19 16:04:00,67.9,1008.2,71
16.7,24.5,59.5,1519.0,441.0,68.6,8.6,4.8,1.2,445.0,272.4,7.4,7.3,87.7,30.1,23.52,False,4095,0.0,2.2,459.6,EXT-OPEN-METEO-KHI,KARACHI,OPENSOURCE_API_GRID,666,,,,0.95,True,True,TIER2_OPENSOURCE_PURE;CONTINUOUS_MINUTE_STREAM;VERIFIED_MODEL_GRID,c480f2971bba910b984c366a5ab5c778ede852cfe5b4e397603855fea8f012ca,2026-09-19T11:05:00+00:00,2026-09-19 16:05:00,67.9,1008.2,71
16.6,24.4,59.4,1512.8,439.2,68.3,8.5,4.8,1.2,445.0,272.5,7.5,7.3,87.5,30.1,23.5,False,4095,0.0,2.2,458.0,EXT-OPEN-METEO-KHI,KARACHI,OPENSOURCE_API_GRID,667,,,,0.95,True,True,TIER2_OPENSOURCE_PURE;CONTINUOUS_MINUTE_STREAM;VERIFIED_MODEL_GRID,4973fae4524bba448c7bbc4c1514ffce185c5e8e5ede289a7c91ab2646cbcae0,2026-09-19T11:06:00+00:00,2026-09-19 16:06:00,67.8,1008.2,71
16.6,24.4,59.4,1512.8,439.2,68.3,8.5,4.8,1.2,445.0,272.7,7.5,7.3,87.4,30.1,23.5,False,4095,0.0,2.3,456.2,EXT-OPEN-METEO-KHI,KARACHI,OPENSOURCE_API_GRID,668,,,,0.95,True,True,TIER2_OPENSOURCE_PURE;CONTINUOUS_MINUTE_STREAM;VERIFIED_MODEL_GRID,0ce948895604256fac8a89e1732961b886ddf56a54f1b394349c519b5ab69af0,2026-09-19T11:07:00+00:00,2026-09-19 16:07:00,67.8,1008.2,71
16.5,24.3,59.3,1506.6,437.4,68.0,8.5,4.7,1.2,445.0,273.0,7.5,7.3,87.2,30.1,23.5,False,4095,0.0,2.4,454.1,EXT-OPEN-METEO-KHI,KARACHI,OPENSOURCE_API_GRID,669,,,,0.95,True,True,TIER2_OPENSOURCE_PURE;CONTINUOUS_MINUTE_STREAM;VERIFIED_MODEL_GRID,0e9c5457aae0d052ee931cd915f532f57b3f17bda407ddcee4933a66cfa2ee69,2026-09-19T11:08:00+00:00,2026-09-19 16:08:00,67.8,1008.2,71
16.5,24.3,59.2,1506.6,437.4,68.0,8.5,4.7,1.2,445.0,273.2,7.5,7.3,87.0,30.1,23.47,False,4095,0.0,2.5,451.8,EXT-OPEN-METEO-KHI,KARACHI,OPENSOURCE_API_GRID,670,,,,0.95,True,True,TIER2_OPENSOURCE_PURE;CONTINUOUS_MINUTE_STREAM;VERIFIED_MODEL_GRID,43f2668309dc3f71dc4601ba46d106195a66b915ab91225b8d430f1c471287f7,2026-09-19T11:09:00+00:00,2026-09-19 16:09:00,67.7,1008.2,71
16.5,24.2,59.1,1500.4,435.6,67.8,8.5,4.7,1.2,445.0,273.5,7.6,7.3,86.7,30.1,23.47,False,4095,0.0,2.7,449.2,EXT-OPEN-METEO-KHI,KARACHI,OPENSOURCE_API_GRID,671,,,,0.95,True,True,TIER2_OPENSOURCE_PURE;CONTINUOUS_MINUTE_STREAM;VERIFIED_MODEL_GRID,8a64a19392646a4a6c37073bff2cbc553c696b700d8b4ed4d0ac1cc4817aa58c,2026-09-19T11:10:00+00:00,2026-09-19 16:10:00,67.7,1008.2,71
16.5,24.2,59.0,1500.4,435.6,67.8,8.5,4.7,1.2,445.0,273.8,7.6,7.3,86.5,30.1,23.47,False,4095,0.0,2.8,446.4,EXT-OPEN-METEO-KHI,KARACHI,OPENSOURCE_API_GRID,672,,,,0.95,True,True,TIER2_OPENSOURCE_PURE;CONTINUOUS_MINUTE_STREAM;VERIFIED_MODEL_GRID,a635d3706b2330a24099a6b2ed7660d03042a1d452e6ab27b8314f6345923ee0,2026-09-19T11:11:00+00:00,2026-09-19 16:11:00,67.7,1008.2,71
16.4,24.1,58.9,1494.2,433.8,67.5,8.4,4.7,1.2,445.0,274.1,7.6,7.3,86.2,30.1,23.47,False,4095,0.0,3.0,443.3,EXT-OPEN-METEO-KHI,KARACHI,OPENSOURCE_API_GRID,673,,,,0.95,True,True,TIER2_OPENSOURCE_PURE;CONTINUOUS_MINUTE_STREAM;VERIFIED_MODEL_GRID,523fd4afbbc60f8f7d4c9294cbe9d7110ee4a94c15bd444052643e4c817e8f73,2026-09-19T11:12:00+00:00,2026-09-19 16:12:00,67.7,1008.2,71
16.4,24.1,58.9,1494.2,433.8,67.5,8.4,4.7,1.2,445.0,274.5,7.7,7.3,85.9,30.1,23.45,False,4095,0.0,3.1,440.0,EXT-OPEN-METEO-KHI,KARACHI,OPENSOURCE_API_GRID,674,,,,0.95,True,True,TIER2_OPENSOURCE_PURE;CONTINUOUS_MINUTE_STREAM;VERIFIED_MODEL_GRID,ca510732f866f55ba78decdabac5119330972800fdbe6138df44c44c15a3c7e6,2026-09-19T11:13:00+00:00,2026-09-19 16:13:00,67.6,1008.3,71
16.4,24.1,58.8,1494.2,433.8,67.5,8.4,4.7,1.2,445.0,274.8,7.7,7.2,85.6,30.1,23.45,False,4095,0.0,3.3,436.5,EXT-OPEN-METEO-KHI,KARACHI,OPENSOURCE_API_GRID,675,,,,0.95,True,True,TIER2_OPENSOURCE_PURE;CONTINUOUS_MINUTE_STREAM;VERIFIED_MODEL_GRID,12d798b07c7663a5e8882be404b26d6582869f032d716adfeaba9791dccc3bae,2026-09-19T11:14:00+00:00,2026-09-19 16:14:00,67.6,1008.3,71
16.4,24.1,58.8,1494.2,433.8,67.5,8.4,4.7,1.2,445.0,275.2,7.8,7.2,85.2,30.1,23.45,False,4095,0.0,3.5,432.7,EXT-OPEN-METEO-KHI,KARACHI,OPENSOURCE_API_GRID,676,,,,0.95,True,True,TIER2_OPENSOURCE_PURE;CONTINUOUS_MINUTE_STREAM;VERIFIED_MODEL_GRID,efc4dc3c9c6f9295902914062b536f63834740bd6de1153c1b41c18a5b93863d,2026-09-19T11:15:00+00:00,2026-09-19 16:15:00,67.6,1008.3,71
16.4,24.1,58.8,1494.2,433.8,67.5,8.4,4.7,1.2,445.0,275.6,7.8,7.2,84.9,30.1,23.45,False,4095,0.0,3.7,428.8,EXT-OPEN-METEO-KHI,KARACHI,OPENSOURCE_API_GRID,677,,,,0.95,True,True,TIER2_OPENSOURCE_PURE;CONTINUOUS_MINUTE_STREAM;VERIFIED_MODEL_GRID,c70775c9ae77ab23c2632b1e33f719bfc9a2776d27b51ab7d5d097a1b2952e1d,2026-09-19T11:16:00+00:00,2026-09-19 16:16:00,67.6,1008.3,71
16.4,24.1,58.8,1494.2,433.8,67.5,8.4,4.7,1.2,445.0,276.1,7.9,7.2,84.5,30.1,23.45,False,4095,0.0,3.9,424.6,EXT-OPEN-METEO-KHI,KARACHI,OPENSOURCE_API_GRID,678,,,,0.95,True,True,TIER2_OPENSOURCE_PURE;CONTINUOUS_MINUTE_STREAM;VERIFIED_MODEL_GRID,8bacd0704d6b4915c49b3486e0776763ac06f688e2727a6b9c8b2354a82da777,2026-09-19T11:17:00+00:00,2026-09-19 16:17:00,67.6,1008.3,71
16.4,24.1,58.7,1494.2,433.8,67.5,8.4,4.7,1.2,445.0,276.5,7.9,7.2,84.1,30.1,23.45,False,4095,0.0,4.1,420.3,EXT-OPEN-METEO-KHI,KARACHI,OPENSOURCE_API_GRID,679,,,,0.95,True,True,TIER2_OPENSOURCE_PURE;CONTINUOUS_MINUTE_STREAM;VERIFIED_MODEL_GRID,5e16b7a77153ea5e04a46f5496b2b65a26c2a25df9520ff2624e1d503cdd459c,2026-09-19T11:18:00+00:00,2026-09-19 16:18:00,67.6,1008.3,71
16.4,24.1,58.7,1494.2,433.8,67.5,8.4,4.7,1.2,445.0,277.0,8.0,7.2,83.7,30.1,23.42,False,4095,0.0,4.3,415.9,EXT-OPEN-METEO-KHI,KARACHI,OPENSOURCE_API_GRID,680,,,,0.95,True,True,TIER2_OPENSOURCE_PURE;CONTINUOUS_MINUTE_STREAM;VERIFIED_MODEL_GRID,387090daf5a795d984b085d41738be3ba71096cd8fa6c120dace2bdb524320ce,2026-09-19T11:19:00+00:00,2026-09-19 16:19:00,67.5,1008.3,71
16.4,24.1,58.7,1494.2,433.8,67.5,8.4,4.7,1.2,445.0,277.5,8.1,7.2,83.2,30.1,23.42,False,4095,0.0,4.5,411.2,EXT-OPEN-METEO-KHI,KARACHI,OPENSOURCE_API_GRID,681,,,,0.95,True,True,TIER2_OPENSOURCE_PURE;CONTINUOUS_MINUTE_STREAM;VERIFIED_MODEL_GRID,144d6a84d7005bd5907f06c0764b366c0d464f268ba694d9f1f06e321bff53a5,2026-09-19T11:20:00+00:00,2026-09-19 16:20:00,67.5,1008.3,71
16.4,24.1,58.7,1494.2,433.8,67.5,8.4,4.7,1.2,445.0,278.0,8.1,7.2,82.8,30.1,23.42,False,4095,0.0,4.7,406.5,EXT-OPEN-METEO-KHI,KARACHI,OPENSOURCE_API_GRID,682,,,,0.95,True,True,TIER2_OPENSOURCE_PURE;CONTINUOUS_MINUTE_STREAM;VERIFIED_MODEL_GRID,2c63b1a612603064f732aa9ca75c3b2923135fece3294a0a5ee22fb2bff8f140,2026-09-19T11:21:00+00:00,2026-09-19 16:21:00,67.5,1008.3,71
16.3,24.0,58.5,1488.0,432.0,67.2,8.4,4.7,1.2,445.0,278.5,8.2,7.2,82.4,30.1,23.45,False,4095,0.0,5.0,401.5,EXT-OPEN-METEO-KHI,KARACHI,OPENSOURCE_API_GRID,683,,,,0.95,True,True,TIER2_OPENSOURCE_PURE;CONTINUOUS_MINUTE_STREAM;VERIFIED_MODEL_GRID,9a3e8d3e2198564bd625291ec1e8b7cbdfa67b3f961f2db3ae0917981f1fd050,2026-09-19T11:22:00+00:00,2026-09-19 16:22:00,67.6,1008.3,71
16.3,24.0,58.4,1488.0,432.0,67.2,8.4,4.7,1.2,445.0,279.1,8.2,7.2,81.9,30.1,23.42,False,4095,0.0,5.2,396.5,EXT-OPEN-METEO-KHI,KARACHI,OPENSOURCE_API_GRID,684,,,,0.95,True,True,TIER2_OPENSOURCE_PURE;CONTINUOUS_MINUTE_STREAM;VERIFIED_MODEL_GRID,bedae0bab265e7443384a0db0fcc6a5b6b451275059fc69c42a5a0ff2d947217,2026-09-19T11:23:00+00:00,2026-09-19 16:23:00,67.5,1008.3,71
16.3,24.0,58.4,1488.0,432.0,67.2,8.4,4.7,1.2,445.0,279.6,8.3,7.2,81.4,30.2,23.52,False,4095,0.0,5.5,391.4,EXT-OPEN-METEO-KHI,KARACHI,OPENSOURCE_API_GRID,685,,,,0.95,True,True,TIER2_OPENSOURCE_PURE;CONTINUOUS_MINUTE_STREAM;VERIFIED_MODEL_GRID,ed7b212028bd29d259b8fbb9c707d83fee84b69f1de761585759d8909af40aa7,2026-09-19T11:24:00+00:00,2026-09-19 16:24:00,67.5,1008.3,71
16.3,24.0,58.4,1488.0,432.0,67.2,8.4,4.7,1.2,445.0,280.2,8.4,7.2,81.0,30.2,23.49,False,4095,0.0,5.7,386.2,EXT-OPEN-METEO-KHI,KARACHI,OPENSOURCE_API_GRID,686,,,,0.95,True,True,TIER2_OPENSOURCE_PURE;CONTINUOUS_MINUTE_STREAM;VERIFIED_MODEL_GRID,d0dbb7f385caa480d03d3f8533684f48a6f861732d77c44a090765f4d94c9278,2026-09-19T11:25:00+00:00,2026-09-19 16:25:00,67.4,1008.4,71
16.3,23.9,58.3,1481.8,430.2,66.9,8.4,4.7,1.2,445.0,280.7,8.4,7.1,80.5,30.2,23.47,False,4095,0.0,6.0,380.9,EXT-OPEN-METEO-KHI,KARACHI,OPENSOURCE_API_GRID,687,,,,0.95,True,True,TIER2_OPENSOURCE_PURE;CONTINUOUS_MINUTE_STREAM;VERIFIED_MODEL_GRID,2644fb560763e7ccedca1d0bff300ad87c1208a499a62625290308f370ec2e21,2026-09-19T11:26:00+00:00,2026-09-19 16:26:00,67.3,1008.4,71
16.3,23.9,58.3,1481.8,430.2,66.9,8.4,4.7,1.2,445.0,281.3,8.5,7.1,80.0,30.2,23.47,False,4095,0.0,6.2,375.6,EXT-OPEN-METEO-KHI,KARACHI,OPENSOURCE_API_GRID,688,,,,0.95,True,True,TIER2_OPENSOURCE_PURE;CONTINUOUS_MINUTE_STREAM;VERIFIED_MODEL_GRID,e2b39b679bbc1cddd91ee318333249ba091fb83e90cc1f96541dd6b843c3d8e5,2026-09-19T11:27:00+00:00,2026-09-19 16:27:00,67.3,1008.4,71
16.3,23.9,58.2,1481.8,430.2,66.9,8.4,4.7,1.2,445.0,281.9,8.6,7.1,79.5,30.2,23.44,False,4095,0.0,6.5,370.2,EXT-OPEN-METEO-KHI,KARACHI,OPENSOURCE_API_GRID,689,,,,0.95,True,True,TIER2_OPENSOURCE_PURE;CONTINUOUS_MINUTE_STREAM;VERIFIED_MODEL_GRID,49c5087f111e095856c60cb2574efac5d5047154ba1ea6bb634ac03bb5d0cbfa,2026-09-19T11:28:00+00:00,2026-09-19 16:28:00,67.2,1008.4,71
16.2,23.8,58.1,1475.6,428.4,66.6,8.3,4.6,1.2,445.0,282.4,8.6,7.1,79.0,30.2,23.42,False,4095,0.0,6.7,364.8,EXT-OPEN-METEO-KHI,KARACHI,OPENSOURCE_API_GRID,690,,,,0.95,True,True,TIER2_OPENSOURCE_PURE;CONTINUOUS_MINUTE_STREAM;VERIFIED_MODEL_GRID,bbc8315c127c56f43a157fe04e250aa2a5dbb973333a403637b9719a2fee3c94,2026-09-19T11:29:00+00:00,2026-09-19 16:29:00,67.1,1008.4,71
16.2,23.8,58.0,1475.6,428.4,66.6,8.3,4.6,1.2,445.0,283.0,8.7,7.1,78.5,30.2,23.39,False,4095,0.0,7.0,359.4,EXT-OPEN-METEO-KHI,KARACHI,OPENSOURCE_API_GRID,691,,,,0.95,True,True,TIER2_OPENSOURCE_PURE;CONTINUOUS_MINUTE_STREAM;VERIFIED_MODEL_GRID,90938a2a9e047eb4e5fbe72e4b68b7af5f24932f3af381217864a91d632246e0,2026-09-19T11:30:00+00:00,2026-09-19 16:30:00,67.0,1008.4,71
16.1,23.7,57.9,1469.4,426.6,66.4,8.3,4.6,1.2,445.0,283.6,8.8,7.1,78.0,30.2,23.39,False,4095,0.0,7.3,353.9,EXT-OPEN-METEO-KHI,KARACHI,OPENSOURCE_API_GRID,692,,,,0.95,True,True,TIER2_OPENSOURCE_PURE;CONTINUOUS_MINUTE_STREAM;VERIFIED_MODEL_GRID,5ff5dde94a72e02802b28b4a8832b12c6b123dff0f9c8a33215eab89e252ee29,2026-09-19T11:31:00+00:00,2026-09-19 16:31:00,67.0,1008.4,71
16.1,23.7,57.7,1469.4,426.6,66.4,8.3,4.6,1.2,445.0,284.1,8.8,7.1,77.5,30.2,23.37,False,4095,0.0,7.5,348.5,EXT-OPEN-METEO-KHI,KARACHI,OPENSOURCE_API_GRID,693,,,,0.95,True,True,TIER2_OPENSOURCE_PURE;CONTINUOUS_MINUTE_STREAM;VERIFIED_MODEL_GRID,5affda06f8d8020e5c7f2605f4cb1facda4792a59e437fa969059805c05021c7,2026-09-19T11:32:00+00:00,2026-09-19 16:32:00,66.9,1008.4,71
16.0,23.6,57.6,1463.2,424.8,66.1,8.3,4.6,1.2,445.0,284.7,8.9,7.1,77.0,30.2,23.34,False,4095,0.0,7.8,343.1,EXT-OPEN-METEO-KHI,KARACHI,OPENSOURCE_API_GRID,694,,,,0.95,True,True,TIER2_OPENSOURCE_PURE;CONTINUOUS_MINUTE_STREAM;VERIFIED_MODEL_GRID,e40f93e8127d09e42ecccb719d113d3ebdc4f8b552c5a9a2698debd1d57f2fed,2026-09-19T11:33:00+00:00,2026-09-19 16:33:00,66.8,1008.5,71
16.0,23.5,57.4,1457.0,423.0,65.8,8.2,4.6,1.1,445.0,285.3,9.0,7.1,76.5,30.2,23.32,False,4095,0.0,8.0,337.8,EXT-OPEN-METEO-KHI,KARACHI,OPENSOURCE_API_GRID,695,,,,0.95,True,True,TIER2_OPENSOURCE_PURE;CONTINUOUS_MINUTE_STREAM;VERIFIED_MODEL_GRID,897d4b6f459fa6b69cb3e877dcab66bc2d2da12594e768a2cd13a4bf9645d269,2026-09-19T11:34:00+00:00,2026-09-19 16:34:00,66.7,1008.5,71
15.9,23.4,57.3,1450.8,421.2,65.5,8.2,4.6,1.1,445.0,285.8,9.0,7.0,76.0,30.2,23.32,False,4095,0.0,8.3,332.5,EXT-OPEN-METEO-KHI,KARACHI,OPENSOURCE_API_GRID,696,,,,0.95,True,True,TIER2_OPENSOURCE_PURE;CONTINUOUS_MINUTE_STREAM;VERIFIED_MODEL_GRID,5d61f8ada5a780255a505a1f7fa69627fcbc1216df5e4d2d141d2021a961740e,2026-09-19T11:35:00+00:00,2026-09-19 16:35:00,66.7,1008.5,71
15.8,23.3,57.1,1444.6,419.4,65.2,8.2,4.6,1.1,445.0,286.4,9.1,7.0,75.6,30.2,23.29,False,4095,0.0,8.5,327.3,EXT-OPEN-METEO-KHI,KARACHI,OPENSOURCE_API_GRID,697,,,,0.95,True,True,TIER2_OPENSOURCE_PURE;CONTINUOUS_MINUTE_STREAM;VERIFIED_MODEL_GRID,2c16cb65d576e02a72fe10a71f7b5fc7d2c3659e8d33495eb87a6df16a862920,2026-09-19T11:36:00+00:00,2026-09-19 16:36:00,66.6,1008.5,71
15.8,23.2,57.0,1438.4,417.6,65.0,8.1,4.6,1.1,445.0,286.9,9.2,7.0,75.1,30.2,23.27,False,4095,0.0,8.8,322.2,EXT-OPEN-METEO-KHI,KARACHI,OPENSOURCE_API_GRID,698,,,,0.95,True,True,TIER2_OPENSOURCE_PURE;CONTINUOUS_MINUTE_STREAM;VERIFIED_MODEL_GRID,61d9068c52a78b60426c72c450427739bd065b5d3f7e70c96daa36a8c84a948f,2026-09-19T11:37:00+00:00,2026-09-19 16:37:00,66.5,1008.5,71
15.8,23.2,56.8,1438.4,417.6,65.0,8.1,4.5,1.1,445.0,287.5,9.2,7.0,74.6,30.2,23.27,False,4095,0.0,9.0,317.2,EXT-OPEN-METEO-KHI,KARACHI,OPENSOURCE_API_GRID,699,,,,0.95,True,True,TIER2_OPENSOURCE_PURE;CONTINUOUS_MINUTE_STREAM;VERIFIED_MODEL_GRID,fa98d1813bb7d9f42ae28141cc504142db760ac46952cbd862cef26b1c3fdaba,2026-09-19T11:38:00+00:00,2026-09-19 16:38:00,66.5,1008.5,71
15.7,23.1,56.7,1432.2,415.8,64.7,8.1,4.5,1.1,445.0,288.0,9.3,7.0,74.2,30.2,23.24,False,4095,0.0,9.3,312.2,EXT-OPEN-METEO-KHI,KARACHI,OPENSOURCE_API_GRID,700,,,,0.95,True,True,TIER2_OPENSOURCE_PURE;CONTINUOUS_MINUTE_STREAM;VERIFIED_MODEL_GRID,7c792b9c18b75ea1f56a309c2730f0b466c190a1090b003360a2e5339a60526d,2026-09-19T11:39:00+00:00,2026-09-19 16:39:00,66.4,1008.5,71
15.6,23.0,56.5,1426.0,414.0,64.4,8.0,4.5,1.1,445.0,288.5,9.3,7.0,73.8,30.2,23.24,False,4095,0.0,9.5,307.5,EXT-OPEN-METEO-KHI,KARACHI,OPENSOURCE_API_GRID,701,,,,0.95,True,True,TIER2_OPENSOURCE_PURE;CONTINUOUS_MINUTE_STREAM;VERIFIED_MODEL_GRID,93258e1ffdb04ca9785919f1ecf1e1ac91414d462065e19ac212f212f7d27a10,2026-09-19T11:40:00+00:00,2026-09-19 16:40:00,66.4,1008.5,71
15.6,22.9,56.4,1419.8,412.2,64.1,8.0,4.5,1.1,445.0,289.0,9.4,7.0,73.3,30.1,23.12,False,4095,0.0,9.7,302.8,EXT-OPEN-METEO-KHI,KARACHI,OPENSOURCE_API_GRID,702,,,,0.95,True,True,TIER2_OPENSOURCE_PURE;CONTINUOUS_MINUTE_STREAM;VERIFIED_MODEL_GRID,342948d65bca58161319540a263ec9a5dcdb7ddec951f44377467091a853405d,2026-09-19T11:41:00+00:00,2026-09-19 16:41:00,66.3,1008.5,71
15.6,22.9,56.3,1419.8,412.2,64.1,8.0,4.5,1.1,445.0,289.5,9.5,7.0,72.9,30.1,23.12,False,4095,0.0,9.9,298.4,EXT-OPEN-METEO-KHI,KARACHI,OPENSOURCE_API_GRID,703,,,,0.95,True,True,TIER2_OPENSOURCE_PURE;CONTINUOUS_MINUTE_STREAM;VERIFIED_MODEL_GRID,7225f99c4fc52f73e7f9a5f9bd5bde984c350905e853cc68534e8218db07919b,2026-09-19T11:42:00+00:00,2026-09-19 16:42:00,66.3,1008.5,71
15.5,22.8,56.2,1413.6,410.4,63.8,8.0,4.5,1.1,445.0,289.9,9.5,7.0,72.5,30.1,23.1,False,4095,0.0,10.1,294.1,EXT-OPEN-METEO-KHI,KARACHI,OPENSOURCE_API_GRID,704,,,,0.95,True,True,TIER2_OPENSOURCE_PURE;CONTINUOUS_MINUTE_STREAM;VERIFIED_MODEL_GRID,e08a84acc0a7d416d96299f06930a547b970455bdddeb06d9eb7d3c35e6ecc4d,2026-09-19T11:43:00+00:00,2026-09-19 16:43:00,66.2,1008.5,71
15.5,22.8,56.1,1413.6,410.4,63.8,8.0,4.5,1.1,445.0,290.4,9.6,7.0,72.1,30.1,23.1,False,4095,0.0,10.3,289.9,EXT-OPEN-METEO-KHI,KARACHI,OPENSOURCE_API_GRID,705,,,,0.95,True,True,TIER2_OPENSOURCE_PURE;CONTINUOUS_MINUTE_STREAM;VERIFIED_MODEL_GRID,cb5e5e123315fa052c758c27b5f3438d4ab9ed8755aa58a8b1d11c4691f8002d,2026-09-19T11:44:00+00:00,2026-09-19 16:44:00,66.2,1008.5,71
15.5,22.8,56.1,1413.6,410.4,63.8,8.0,4.5,1.1,445.0,290.8,9.6,7.0,71.8,30.1,23.1,False,4095,0.0,10.5,286.0,EXT-OPEN-METEO-KHI,KARACHI,OPENSOURCE_API_GRID,706,,,,0.95,True,True,TIER2_OPENSOURCE_PURE;CONTINUOUS_MINUTE_STREAM;VERIFIED_MODEL_GRID,2b451ecde4ed2fde1b5d3ab957623dc97fd2f3465e290e9ec438e8de8b4da39f,2026-09-19T11:45:00+00:00,2026-09-19 16:45:00,66.2,1008.5,71
15.5,22.8,56.0,1413.6,410.4,63.8,8.0,4.5,1.1,445.0,291.2,9.7,7.0,71.4,30.1,23.1,False,4095,0.0,10.7,282.2,EXT-OPEN-METEO-KHI,KARACHI,OPENSOURCE_API_GRID,707,,,,0.95,True,True,TIER2_OPENSOURCE_PURE;CONTINUOUS_MINUTE_STREAM;VERIFIED_MODEL_GRID,8bc80252e50fc5aeac7e8fd5e05ad2974ec44c57c643654be1da51be56397c95,2026-09-19T11:46:00+00:00,2026-09-19 16:46:00,66.2,1008.6,71
15.5,22.8,56.0,1413.6,410.4,63.8,8.0,4.5,1.1,445.0,291.5,9.7,6.9,71.1,30.1,23.07,False,4095,0.0,10.9,278.7,EXT-OPEN-METEO-KHI,KARACHI,OPENSOURCE_API_GRID,708,,,,0.95,True,True,TIER2_OPENSOURCE_PURE;CONTINUOUS_MINUTE_STREAM;VERIFIED_MODEL_GRID,a7c4f2609042b8262638653f05af93fda5587e443a0c8feb091448b7835c5e0d,2026-09-19T11:47:00+00:00,2026-09-19 16:47:00,66.1,1008.6,71
15.5,22.8,56.0,1413.6,410.4,63.8,8.0,4.5,1.1,445.0,291.9,9.8,6.9,70.8,30.1,23.07,False,4095,0.0,11.0,275.4,EXT-OPEN-METEO-KHI,KARACHI,OPENSOURCE_API_GRID,709,,,,0.95,True,True,TIER2_OPENSOURCE_PURE;CONTINUOUS_MINUTE_STREAM;VERIFIED_MODEL_GRID,0cdc6bfff666b702d0bf4f3782ab8b6ae597d080cf45ab5862435802a5d94643,2026-09-19T11:48:00+00:00,2026-09-19 16:48:00,66.1,1008.6,71
15.5,22.8,56.0,1413.6,410.4,63.8,8.0,4.5,1.1,445.0,292.2,9.8,6.9,70.5,30.2,23.17,False,4095,0.0,11.2,272.3,EXT-OPEN-METEO-KHI,KARACHI,OPENSOURCE_API_GRID,710,,,,0.95,True,True,TIER2_OPENSOURCE_PURE;CONTINUOUS_MINUTE_STREAM;VERIFIED_MODEL_GRID,2acdbc04563d615bc3af0018d02003d3129154f74df3032268c4d2262f8ea754,2026-09-19T11:49:00+00:00,2026-09-19 16:49:00,66.1,1008.6,71
15.5,22.8,56.0,1413.6,410.4,63.8,8.0,4.5,1.1,445.0,292.5,9.8,6.9,70.3,30.2,23.17,False,4095,0.0,11.3,269.5,EXT-OPEN-METEO-KHI,KARACHI,OPENSOURCE_API_GRID,711,,,,0.95,True,True,TIER2_OPENSOURCE_PURE;CONTINUOUS_MINUTE_STREAM;VERIFIED_MODEL_GRID,1255639cb86d11ba19be066675cfd194095f35845d9f42840c5d4b6abdd2efa8,2026-09-19T11:50:00+00:00,2026-09-19 16:50:00,66.1,1008.6,71
15.5,22.8,56.1,1413.6,410.4,63.8,8.0,4.5,1.1,445.0,292.8,9.9,6.9,70.0,30.2,23.17,False,4095,0.0,11.5,266.9,EXT-OPEN-METEO-KHI,KARACHI,OPENSOURCE_API_GRID,712,,,,0.95,True,True,TIER2_OPENSOURCE_PURE;CONTINUOUS_MINUTE_STREAM;VERIFIED_MODEL_GRID,d4bb8854ed2baad69e82e0417f26a95fa5794907d9a696a639d72f3d6ed8ea1f,2026-09-19T11:51:00+00:00,2026-09-19 16:51:00,66.1,1008.6,71
15.6,22.9,56.1,1419.8,412.2,64.1,8.0,4.5,1.1,445.0,293.0,9.9,6.9,69.8,30.2,23.17,False,4095,0.0,11.6,264.6,EXT-OPEN-METEO-KHI,KARACHI,OPENSOURCE_API_GRID,713,,,,0.95,True,True,TIER2_OPENSOURCE_PURE;CONTINUOUS_MINUTE_STREAM;VERIFIED_MODEL_GRID,e930ec4fc7d19c2e9677d28d4d4c98e706186c0a6a4be60e4d4264af39502fcd,2026-09-19T11:52:00+00:00,2026-09-19 16:52:00,66.1,1008.6,71
15.5,22.8,55.9,1413.6,410.4,63.8,8.0,4.5,1.1,445.0,293.3,9.9,6.9,69.6,30.2,23.19,False,4095,0.0,11.7,262.5,EXT-OPEN-METEO-KHI,KARACHI,OPENSOURCE_API_GRID,714,,,,0.95,True,True,TIER2_OPENSOURCE_PURE;CONTINUOUS_MINUTE_STREAM;VERIFIED_MODEL_GRID,e65732eb0283decdcd213c31f2b5054e0339ee846f7ca68b8290639ed09aae73,2026-09-19T11:53:00+00:00,2026-09-19 16:53:00,66.2,1008.6,71
15.5,22.8,56.0,1413.6,410.4,63.8,8.0,4.5,1.1,445.0,293.5,9.9,6.9,69.5,30.2,23.19,False,4095,0.0,11.8,260.7,EXT-OPEN-METEO-KHI,KARACHI,OPENSOURCE_API_GRID,715,,,,0.95,True,True,TIER2_OPENSOURCE_PURE;CONTINUOUS_MINUTE_STREAM;VERIFIED_MODEL_GRID,524ccad186bc659b66db4e0a9e3b1da0dc465ce870f11aeb5c346b3f72c26297,2026-09-19T11:54:00+00:00,2026-09-19 16:54:00,66.2,1008.6,71
15.5,22.8,56.0,1413.6,410.4,63.8,8.0,4.5,1.1,445.0,293.6,10.0,6.9,69.3,30.2,23.19,False,4095,0.0,11.8,259.1,EXT-OPEN-METEO-KHI,KARACHI,OPENSOURCE_API_GRID,716,,,,0.95,True,True,TIER2_OPENSOURCE_PURE;CONTINUOUS_MINUTE_STREAM;VERIFIED_MODEL_GRID,d8d6a3127407e1e45a86b674680930fe2ef5d3893868b4d954a12bb99e8adaf0,2026-09-19T11:55:00+00:00,2026-09-19 16:55:00,66.2,1008.6,71
15.5,22.8,56.0,1413.6,410.4,63.8,8.0,4.5,1.1,445.0,293.8,10.0,6.9,69.2,30.2,23.19,False,4095,0.0,11.9,257.9,EXT-OPEN-METEO-KHI,KARACHI,OPENSOURCE_API_GRID,717,,,,0.95,True,True,TIER2_OPENSOURCE_PURE;CONTINUOUS_MINUTE_STREAM;VERIFIED_MODEL_GRID,933067366ae21c84a123a983cd2bea5d7edbacea30211e20365048192ad51a34,2026-09-19T11:56:00+00:00,2026-09-19 16:56:00,66.2,1008.6,71
15.6,22.9,56.1,1419.8,412.2,64.1,8.0,4.5,1.1,445.0,293.9,10.0,6.9,69.1,30.2,23.17,False,4095,0.0,11.9,256.9,EXT-OPEN-METEO-KHI,KARACHI,OPENSOURCE_API_GRID,718,,,,0.95,True,True,TIER2_OPENSOURCE_PURE;CONTINUOUS_MINUTE_STREAM;VERIFIED_MODEL_GRID,0ea8a2d8e1006f2f2b3fdaa641e6bb329ab297b61d06bd85e0f6aae46d5c0bcc,2026-09-19T11:57:00+00:00,2026-09-19 16:57:00,66.1,1008.6,71
15.6,22.9,56.1,1419.8,412.2,64.1,8.0,4.5,1.1,445.0,293.9,10.0,6.9,69.1,30.2,23.17,False,4095,0.0,12.0,256.2,EXT-OPEN-METEO-KHI,KARACHI,OPENSOURCE_API_GRID,719,,,,0.95,True,True,TIER2_OPENSOURCE_PURE;CONTINUOUS_MINUTE_STREAM;VERIFIED_MODEL_GRID,dc85c7ef254f3818794c0bbd05cead2d1f4d492d7564e1572ff47c594d8b0212,2026-09-19T11:58:00+00:00,2026-09-19 16:58:00,66.1,1008.6,71
15.6,22.9,56.1,1419.8,412.2,64.1,8.0,4.5,1.1,445.0,294.0,10.0,6.9,69.0,30.2,23.17,False,4095,0.0,12.0,255.7,EXT-OPEN-METEO-KHI,KARACHI,OPENSOURCE_API_GRID,720,,,,0.95,True,True,TIER2_OPENSOURCE_PURE;CONTINUOUS_MINUTE_STREAM;VERIFIED_MODEL_GRID,c54029492368fc1ef0c1e4c6d1c0a3dd9a3d12f502982f3c1246ee410c70b65b,2026-09-19T11:59:00+00:00,2026-09-19 16:59:00,66.1,1008.6,71
15.6,22.9,56.1,1419.8,412.2,64.1,8.0,4.5,1.1,445.0,294.0,10.0,6.9,69.0,30.2,23.17,False,4095,0.0,12.0,255.6,EXT-OPEN-METEO-KHI,KARACHI,OPENSOURCE_API_GRID,721,,,,0.95,True,False,TIER2_OPENSOURCE_PURE;HOURLY_NODE;VERIFIED_MODEL_GRID,8c85f3fb1521aaf81fb3d5ddf80440db6aef344957affa45a0e822edd9f928f2,2026-09-19T12:00:00+00:00,2026-09-19 17:00:00,66.1,1008.6,71
15.6,22.9,56.1,1419.8,412.2,64.1,8.0,4.5,1.1,445.0,294.0,10.0,6.9,69.0,30.2,23.14,False,4095,0.0,12.0,255.5,EXT-OPEN-METEO-KHI,KARACHI,OPENSOURCE_API_GRID,722,,,,0.95,True,True,TIER2_OPENSOURCE_PURE;CONTINUOUS_MINUTE_STREAM;VERIFIED_MODEL_GRID,13d5fc94d31125e7631170a979ce200d6d6b3ecd593cfd7762f62891038ba3cc,2026-09-19T12:01:00+00:00,2026-09-19 17:01:00,66.0,1008.6,71
15.6,22.9,56.1,1419.8,412.2,64.1,8.0,4.5,1.1,445.0,294.0,10.0,6.9,69.0,30.2,23.14,False,4095,0.0,12.0,255.1,EXT-OPEN-METEO-KHI,KARACHI,OPENSOURCE_API_GRID,723,,,,0.95,True,True,TIER2_OPENSOURCE_PURE;CONTINUOUS_MINUTE_STREAM;VERIFIED_MODEL_GRID,909fa7b18b9ebc7dda319522d09848aff0f00adefc93aed88a2cd50a8231ae51,2026-09-19T12:02:00+00:00,2026-09-19 17:02:00,66.0,1008.6,71
15.6,22.9,56.0,1419.8,412.2,64.1,8.0,4.5,1.1,445.0,294.0,10.0,6.9,68.9,30.2,23.14,False,4095,0.0,11.9,254.4,EXT-OPEN-METEO-KHI,KARACHI,OPENSOURCE_API_GRID,724,,,,0.95,True,True,TIER2_OPENSOURCE_PURE;CONTINUOUS_MINUTE_STREAM;VERIFIED_MODEL_GRID,26b978ffa2afced9402a9ec6d875334c58622420cb691bc576dae12cb9963139,2026-09-19T12:03:00+00:00,2026-09-19 17:03:00,66.0,1008.6,71
15.5,22.8,56.0,1413.6,410.4,63.8,8.0,4.5,1.1,445.0,294.1,10.0,6.9,68.8,30.2,23.14,False,4095,0.0,11.9,253.5,EXT-OPEN-METEO-KHI,KARACHI,OPENSOURCE_API_GRID,725,,,,0.95,True,True,TIER2_OPENSOURCE_PURE;CONTINUOUS_MINUTE_STREAM;VERIFIED_MODEL_GRID,9f693ac34ec9359c00c1faed24059cbb570f332ee7a5d6a706618637b51f06d6,2026-09-19T12:04:00+00:00,2026-09-19 17:04:00,66.0,1008.6,71
15.5,22.8,55.9,1413.6,410.4,63.8,8.0,4.5,1.1,445.0,294.1,10.1,6.9,68.7,30.2,23.14,False,4095,0.0,11.8,252.3,EXT-OPEN-METEO-KHI,KARACHI,OPENSOURCE_API_GRID,726,,,,0.95,True,True,TIER2_OPENSOURCE_PURE;CONTINUOUS_MINUTE_STREAM;VERIFIED_MODEL_GRID,dff0adaf6f44138f37ca6d5b060c1215b04ede64eaf619337a70ee03e5d11873,2026-09-19T12:05:00+00:00,2026-09-19 17:05:00,66.0,1008.6,71
15.4,22.7,55.8,1407.4,408.6,63.6,7.9,4.5,1.1,445.0,294.2,10.1,6.9,68.6,30.2,23.17,False,4095,0.0,11.8,250.9,EXT-OPEN-METEO-KHI,KARACHI,OPENSOURCE_API_GRID,727,,,,0.95,True,True,TIER2_OPENSOURCE_PURE;CONTINUOUS_MINUTE_STREAM;VERIFIED_MODEL_GRID,06242cb5160ab599b31867560e0669f7cbd0957f960a0faa1f0c47492b15e3f1,2026-09-19T12:06:00+00:00,2026-09-19 17:06:00,66.1,1008.6,71
15.4,22.7,55.7,1407.4,408.6,63.6,7.9,4.5,1.1,445.0,294.2,10.1,6.9,68.5,30.2,23.17,False,4095,0.0,11.7,249.3,EXT-OPEN-METEO-KHI,KARACHI,OPENSOURCE_API_GRID,728,,,,0.95,True,True,TIER2_OPENSOURCE_PURE;CONTINUOUS_MINUTE_STREAM;VERIFIED_MODEL_GRID,43bd73f73ea02a5b380eddaa4d6c99bcb004a19b3e5431fd1ea53751ab33b81e,2026-09-19T12:07:00+00:00,2026-09-19 17:07:00,66.1,1008.6,71
15.4,22.6,55.6,1401.2,406.8,63.3,7.9,4.4,1.1,445.0,294.3,10.2,6.9,68.3,30.2,23.17,False,4095,0.0,11.6,247.4,EXT-OPEN-METEO-KHI,KARACHI,OPENSOURCE_API_GRID,729,,,,0.95,True,True,TIER2_OPENSOURCE_PURE;CONTINUOUS_MINUTE_STREAM;VERIFIED_MODEL_GRID,1d407c45c91df2e0b50a1a3a48c8d935cd5d23629f0e1bee0f48934acde6e490,2026-09-19T12:08:00+00:00,2026-09-19 17:08:00,66.1,1008.6,71
15.3,22.5,55.5,1395.0,405.0,63.0,7.9,4.4,1.1,445.0,294.4,10.2,6.9,68.1,30.1,23.1,False,4095,0.0,11.5,245.2,EXT-OPEN-METEO-KHI,KARACHI,OPENSOURCE_API_GRID,730,,,,0.95,True,True,TIER2_OPENSOURCE_PURE;CONTINUOUS_MINUTE_STREAM;VERIFIED_MODEL_GRID,df41606c798f3464432c033f05246af93b7b293d16795d7f63b9751f456f6741,2026-09-19T12:09:00+00:00,2026-09-19 17:09:00,66.2,1008.6,71
15.3,22.5,55.4,1395.0,405.0,63.0,7.9,4.4,1.1,445.0,294.5,10.3,6.9,67.9,30.1,23.12,False,4095,0.0,11.4,242.8,EXT-OPEN-METEO-KHI,KARACHI,OPENSOURCE_API_GRID,731,,,,0.95,True,True,TIER2_OPENSOURCE_PURE;CONTINUOUS_MINUTE_STREAM;VERIFIED_MODEL_GRID,da81b9c3e97226a023341d750e6d78952fee42368f81abb3faac97466a0bf310,2026-09-19T12:10:00+00:00,2026-09-19 17:10:00,66.3,1008.6,71
15.2,22.4,55.3,1388.8,403.2,62.7,7.8,4.4,1.1,445.0,294.6,10.3,6.9,67.7,30.1,23.12,False,4095,0.0,11.3,240.2,EXT-OPEN-METEO-KHI,KARACHI,OPENSOURCE_API_GRID,732,,,,0.95,True,True,TIER2_OPENSOURCE_PURE;CONTINUOUS_MINUTE_STREAM;VERIFIED_MODEL_GRID,b6dbb47d47640fbd54c70c0cc5c0e1963a910a0e00ea4aff5fd4dfa95b3a6819,2026-09-19T12:11:00+00:00,2026-09-19 17:11:00,66.3,1008.6,71
15.2,22.4,55.2,1388.8,403.2,62.7,7.8,4.4,1.1,445.0,294.7,10.4,6.9,67.5,30.1,23.15,False,4095,0.0,11.1,237.4,EXT-OPEN-METEO-KHI,KARACHI,OPENSOURCE_API_GRID,733,,,,0.95,True,True,TIER2_OPENSOURCE_PURE;CONTINUOUS_MINUTE_STREAM;VERIFIED_MODEL_GRID,eaad78c7a1b4f3df1082c301ac0d6a1a5e1ec339f066658762ba9a6a9862d6ee,2026-09-19T12:12:00+00:00,2026-09-19 17:12:00,66.4,1008.6,71
15.2,22.4,55.1,1388.8,403.2,62.7,7.8,4.4,1.1,445.0,294.8,10.5,6.9,67.2,30.0,23.08,False,4095,0.0,11.0,234.3,EXT-OPEN-METEO-KHI,KARACHI,OPENSOURCE_API_GRID,734,,,,0.95,True,True,TIER2_OPENSOURCE_PURE;CONTINUOUS_MINUTE_STREAM;VERIFIED_MODEL_GRID,8cfc5475f18bea9e1ff838e10628d02c05bb5d5e9283bfe99c2ae1b7013fd189,2026-09-19T12:13:00+00:00,2026-09-19 17:13:00,66.5,1008.6,71
15.2,22.3,55.0,1382.6,401.4,62.4,7.8,4.4,1.1,445.0,294.9,10.5,6.9,66.9,30.0,23.1,False,4095,0.0,10.8,231.1,EXT-OPEN-METEO-KHI,KARACHI,OPENSOURCE_API_GRID,735,,,,0.95,True,True,TIER2_OPENSOURCE_PURE;CONTINUOUS_MINUTE_STREAM;VERIFIED_MODEL_GRID,f1f91915b6c32d12be9f890b20b7ae4af3af201ed996472f48e2e1038a4df820,2026-09-19T12:14:00+00:00,2026-09-19 17:14:00,66.6,1008.6,71
15.2,22.3,54.9,1382.6,401.4,62.4,7.8,4.4,1.1,445.0,295.0,10.6,6.9,66.7,30.0,23.13,False,4095,0.0,10.7,227.7,EXT-OPEN-METEO-KHI,KARACHI,OPENSOURCE_API_GRID,736,,,,0.95,True,True,TIER2_OPENSOURCE_PURE;CONTINUOUS_MINUTE_STREAM;VERIFIED_MODEL_GRID,270aeabc7f191a2f134d8bb5d16af029a8866a69b8df3f80e5cfc406a3745b8b,2026-09-19T12:15:00+00:00,2026-09-19 17:15:00,66.7,1008.7,71
15.2,22.3,54.9,1382.6,401.4,62.4,7.8,4.4,1.1,445.0,295.2,10.7,6.9,66.4,30.0,23.18,False,4095,0.0,10.5,224.0,EXT-OPEN-METEO-KHI,KARACHI,OPENSOURCE_API_GRID,737,,,,0.95,True,True,TIER2_OPENSOURCE_PURE;CONTINUOUS_MINUTE_STREAM;VERIFIED_MODEL_GRID,1bcd8a9e7805c8757038d0ad91258915edd6c2c8af4c825999965a9658aaca91,2026-09-19T12:16:00+00:00,2026-09-19 17:16:00,66.9,1008.7,71
15.2,22.3,54.9,1382.6,401.4,62.4,7.8,4.4,1.1,445.0,295.3,10.8,6.9,66.0,29.9,23.11,False,4095,0.0,10.3,220.2,EXT-OPEN-METEO-KHI,KARACHI,OPENSOURCE_API_GRID,738,,,,0.95,True,True,TIER2_OPENSOURCE_PURE;CONTINUOUS_MINUTE_STREAM;VERIFIED_MODEL_GRID,a845cb5f5984f5d588140e37cddb0f333240204e13ac57086e055c261c70c4fe,2026-09-19T12:17:00+00:00,2026-09-19 17:17:00,67.0,1008.7,71
15.2,22.3,54.8,1382.6,401.4,62.4,7.8,4.4,1.1,445.0,295.4,10.8,6.9,65.7,29.9,23.16,False,4095,0.0,10.1,216.3,EXT-OPEN-METEO-KHI,KARACHI,OPENSOURCE_API_GRID,739,,,,0.95,True,True,TIER2_OPENSOURCE_PURE;CONTINUOUS_MINUTE_STREAM;VERIFIED_MODEL_GRID,e615d09734cde80662f88f0a172c9c2b9d8d76a885412423ae941e52ec027b6e,2026-09-19T12:18:00+00:00,2026-09-19 17:18:00,67.2,1008.7,71
15.2,22.3,54.8,1382.6,401.4,62.4,7.8,4.4,1.1,445.0,295.6,10.9,6.9,65.4,29.9,23.18,False,4095,0.0,10.0,212.2,EXT-OPEN-METEO-KHI,KARACHI,OPENSOURCE_API_GRID,740,,,,0.95,True,True,TIER2_OPENSOURCE_PURE;CONTINUOUS_MINUTE_STREAM;VERIFIED_MODEL_GRID,36a5174a33d0d2c845a7674f70f630a52fbe8dc4a645f4fbee6186d356cd89df,2026-09-19T12:19:00+00:00,2026-09-19 17:19:00,67.3,1008.7,71
15.2,22.3,54.8,1382.6,401.4,62.4,7.8,4.4,1.1,445.0,295.8,11.0,6.9,65.0,29.9,23.23,False,4095,0.0,9.8,207.9,EXT-OPEN-METEO-KHI,KARACHI,OPENSOURCE_API_GRID,741,,,,0.95,True,True,TIER2_OPENSOURCE_PURE;CONTINUOUS_MINUTE_STREAM;VERIFIED_MODEL_GRID,24db2751be9c5db9953036418f85ee9cf3b27d772b6ba344c87b6bd3bfbe6439,2026-09-19T12:20:00+00:00,2026-09-19 17:20:00,67.5,1008.7,71
15.2,22.3,54.7,1382.6,401.4,62.4,7.8,4.4,1.1,445.0,295.9,11.1,6.8,64.6,29.8,23.16,False,4095,0.0,9.5,203.5,EXT-OPEN-METEO-KHI,KARACHI,OPENSOURCE_API_GRID,742,,,,0.95,True,True,TIER2_OPENSOURCE_PURE;CONTINUOUS_MINUTE_STREAM;VERIFIED_MODEL_GRID,b717f26d65fec5d37b56ef81121294648887df18fdee338723f7af636c2bd22d,2026-09-19T12:21:00+00:00,2026-09-19 17:21:00,67.6,1008.7,71
15.2,22.3,54.7,1382.6,401.4,62.4,7.8,4.4,1.1,445.0,296.1,11.2,6.8,64.3,29.8,23.21,False,4095,0.0,9.3,199.0,EXT-OPEN-METEO-KHI,KARACHI,OPENSOURCE_API_GRID,743,,,,0.95,True,True,TIER2_OPENSOURCE_PURE;CONTINUOUS_MINUTE_STREAM;VERIFIED_MODEL_GRID,30aa4d65a0ab6c35f4c61ab2624cae2295038f0e3ad292412e0a44b9b2c81470,2026-09-19T12:22:00+00:00,2026-09-19 17:22:00,67.8,1008.7,71
15.2,22.3,54.7,1382.6,401.4,62.4,7.8,4.4,1.1,445.0,296.2,11.3,6.8,63.9,29.8,23.26,False,4095,0.0,9.1,194.4,EXT-OPEN-METEO-KHI,KARACHI,OPENSOURCE_API_GRID,744,,,,0.95,True,True,TIER2_OPENSOURCE_PURE;CONTINUOUS_MINUTE_STREAM;VERIFIED_MODEL_GRID,bcd1ac79204d42bbd1b7d114b80f681538f80ce9c703f74ac0244a4f768ddbe5,2026-09-19T12:23:00+00:00,2026-09-19 17:23:00,68.0,1008.7,71
15.1,22.2,54.5,1376.4,399.6,62.2,7.8,4.4,1.1,445.0,296.4,11.4,6.8,63.5,29.8,23.31,False,4095,0.0,8.9,189.7,EXT-OPEN-METEO-KHI,KARACHI,OPENSOURCE_API_GRID,745,,,,0.95,True,True,TIER2_OPENSOURCE_PURE;CONTINUOUS_MINUTE_STREAM;VERIFIED_MODEL_GRID,dbda963d5e4fff190d7dbcca0c1040e9e9057df087d7b85853928a23ffba881a,2026-09-19T12:24:00+00:00,2026-09-19 17:24:00,68.2,1008.7,71
15.1,22.2,54.5,1376.4,399.6,62.2,7.8,4.4,1.1,445.0,296.6,11.5,6.8,63.1,29.8,23.36,False,4095,0.0,8.7,184.9,EXT-OPEN-METEO-KHI,KARACHI,OPENSOURCE_API_GRID,746,,,,0.95,True,True,TIER2_OPENSOURCE_PURE;CONTINUOUS_MINUTE_STREAM;VERIFIED_MODEL_GRID,a205350b24d435d0deb80e4388d50a82bd92f8f70a26e3336a0979d15e897783,2026-09-19T12:25:00+00:00,2026-09-19 17:25:00,68.4,1008.7,71
15.1,22.2,54.4,1376.4,399.6,62.2,7.8,4.4,1.1,445.0,296.8,11.6,6.8,62.7,29.7,23.28,False,4095,0.0,8.4,180.0,EXT-OPEN-METEO-KHI,KARACHI,OPENSOURCE_API_GRID,747,,,,0.95,True,True,TIER2_OPENSOURCE_PURE;CONTINUOUS_MINUTE_STREAM;VERIFIED_MODEL_GRID,3108a2cffea369e91198d2251864b03be7a16b5fb1c15195b18189b9b4ab53bc,2026-09-19T12:26:00+00:00,2026-09-19 17:26:00,68.5,1008.7,71
15.1,22.2,54.4,1376.4,399.6,62.2,7.8,4.4,1.1,445.0,297.0,11.7,6.8,62.3,29.7,23.33,False,4095,0.0,8.2,175.1,EXT-OPEN-METEO-KHI,KARACHI,OPENSOURCE_API_GRID,748,,,,0.95,True,True,TIER2_OPENSOURCE_PURE;CONTINUOUS_MINUTE_STREAM;VERIFIED_MODEL_GRID,5c418a6f197cc6df66579600da10e9f77834773d7d4056122dc68c35f7e10023,2026-09-19T12:27:00+00:00,2026-09-19 17:27:00,68.7,1008.7,71
15.1,22.2,54.3,1376.4,399.6,62.2,7.8,4.3,1.1,445.0,297.1,11.8,6.8,61.8,29.7,23.36,False,4095,0.0,8.0,170.2,EXT-OPEN-METEO-KHI,KARACHI,OPENSOURCE_API_GRID,749,,,,0.95,True,True,TIER2_OPENSOURCE_PURE;CONTINUOUS_MINUTE_STREAM;VERIFIED_MODEL_GRID,029d514f1a238af7334eb3ee04263a66f04c7f2f7601482bf71fa03b5f60f9ce,2026-09-19T12:28:00+00:00,2026-09-19 17:28:00,68.8,1008.7,71
15.1,22.2,54.3,1376.4,399.6,62.2,7.8,4.3,1.1,445.0,297.3,11.9,6.8,61.4,29.7,23.38,False,4095,0.0,7.7,165.2,EXT-OPEN-METEO-KHI,KARACHI,OPENSOURCE_API_GRID,750,,,,0.95,True,True,TIER2_OPENSOURCE_PURE;CONTINUOUS_MINUTE_STREAM;VERIFIED_MODEL_GRID,591138a0dd04e3e073bf7dcee7948d9eead1f87d127918628a2f74673121165e,2026-09-19T12:29:00+00:00,2026-09-19 17:29:00,68.9,1008.8,71
15.1,22.2,54.2,1376.4,399.6,62.2,7.8,4.3,1.1,445.0,297.5,12.0,6.8,61.0,29.6,23.33,False,4095,0.0,7.5,160.2,EXT-OPEN-METEO-KHI,KARACHI,OPENSOURCE_API_GRID,751,,,,0.95,True,True,TIER2_OPENSOURCE_PURE;CONTINUOUS_MINUTE_STREAM;VERIFIED_MODEL_GRID,dcc1cd8d824942916b2950d43040b9b0b9ae2d44db511058902dc1f5035bd696,2026-09-19T12:30:00+00:00,2026-09-19 17:30:00,69.1,1008.8,71
15.1,22.2,54.1,1376.4,399.6,62.2,7.8,4.3,1.1,445.0,297.7,12.2,6.8,60.6,29.6,23.36,False,4095,0.0,7.3,155.2,EXT-OPEN-METEO-KHI,KARACHI,OPENSOURCE_API_GRID,752,,,,0.95,True,True,TIER2_OPENSOURCE_PURE;CONTINUOUS_MINUTE_STREAM;VERIFIED_MODEL_GRID,6d64b92943a71d5f343e3065f9dd7136f80743bdfcb2029b3bcd57a3d7636d24,2026-09-19T12:31:00+00:00,2026-09-19 17:31:00,69.2,1008.8,71
15.0,22.1,54.0,1370.2,397.8,61.9,7.7,4.3,1.1,445.0,297.9,12.3,6.8,60.2,29.6,23.38,False,4095,0.0,7.0,150.2,EXT-OPEN-METEO-KHI,KARACHI,OPENSOURCE_API_GRID,753,,,,0.95,True,True,TIER2_OPENSOURCE_PURE;CONTINUOUS_MINUTE_STREAM;VERIFIED_MODEL_GRID,f65ff3cc5cc161ecbffd322b5e02482334a0f6d807c7cf8ba4205ff108f0d387,2026-09-19T12:32:00+00:00,2026-09-19 17:32:00,69.3,1008.8,71
15.0,22.1,53.9,1370.2,397.8,61.9,7.7,4.3,1.1,445.0,298.0,12.4,6.8,59.7,29.6,23.43,False,4095,0.0,6.8,145.3,EXT-OPEN-METEO-KHI,KARACHI,OPENSOURCE_API_GRID,754,,,,0.95,True,True,TIER2_OPENSOURCE_PURE;CONTINUOUS_MINUTE_STREAM;VERIFIED_MODEL_GRID,bcc39f9fc406277c877a673077b00d795c26704e08169ddbeb79298f7c164610,2026-09-19T12:33:00+00:00,2026-09-19 17:33:00,69.5,1008.8,71
15.0,22.0,53.7,1364.0,396.0,61.6,7.7,4.3,1.1,445.0,298.2,12.5,6.8,59.3,29.5,23.36,False,4095,0.0,6.6,140.4,EXT-OPEN-METEO-KHI,KARACHI,OPENSOURCE_API_GRID,755,,,,0.95,True,True,TIER2_OPENSOURCE_PURE;CONTINUOUS_MINUTE_STREAM;VERIFIED_MODEL_GRID,41f2d76b23af75a135d1a09a93c258a98048b4faf64a04a706c4422c6012c2cf,2026-09-19T12:34:00+00:00,2026-09-19 17:34:00,69.6,1008.8,71
14.9,21.9,53.6,1357.8,394.2,61.3,7.7,4.3,1.1,445.0,298.4,12.6,6.8,58.9,29.5,23.38,False,4095,0.0,6.3,135.5,EXT-OPEN-METEO-KHI,KARACHI,OPENSOURCE_API_GRID,756,,,,0.95,True,True,TIER2_OPENSOURCE_PURE;CONTINUOUS_MINUTE_STREAM;VERIFIED_MODEL_GRID,f77992b4bcda963ea7d9c3009f7eb85ef1dd36b3af9b770e477ca889942e27ae,2026-09-19T12:35:00+00:00,2026-09-19 17:35:00,69.7,1008.8,71
14.9,21.9,53.5,1357.8,394.2,61.3,7.7,4.3,1.1,445.0,298.6,12.7,6.8,58.5,29.4,23.33,False,4095,0.0,6.1,130.7,EXT-OPEN-METEO-KHI,KARACHI,OPENSOURCE_API_GRID,757,,,,0.95,True,True,TIER2_OPENSOURCE_PURE;CONTINUOUS_MINUTE_STREAM;VERIFIED_MODEL_GRID,cf20e65e7cfc66e890e08145b317b3bebcf195bcf41bd5ebac4e9c6ebda6023f,2026-09-19T12:36:00+00:00,2026-09-19 17:36:00,69.9,1008.8,71
14.8,21.8,53.3,1351.6,392.4,61.0,7.6,4.3,1.1,445.0,298.8,12.8,6.8,58.1,29.4,23.36,False,4095,0.0,5.9,126.0,EXT-OPEN-METEO-KHI,KARACHI,OPENSOURCE_API_GRID,758,,,,0.95,True,True,TIER2_OPENSOURCE_PURE;CONTINUOUS_MINUTE_STREAM;VERIFIED_MODEL_GRID,db58d9d36387ddc0b2d65ae8dc0e4f6d3c3847a65270778cf8b13806a9ccab8f,2026-09-19T12:37:00+00:00,2026-09-19 17:37:00,70.0,1008.8,71
14.8,21.7,53.1,1345.4,390.6,60.8,7.6,4.2,1.1,445.0,298.9,12.9,6.8,57.7,29.4,23.38,False,4095,0.0,5.7,121.4,EXT-OPEN-METEO-KHI,KARACHI,OPENSOURCE_API_GRID,759,,,,0.95,True,True,TIER2_OPENSOURCE_PURE;CONTINUOUS_MINUTE_STREAM;VERIFIED_MODEL_GRID,7dadb3ddd65e25bd3f7c5d94448af33cc410e6772429c85ee93bd8176135086e,2026-09-19T12:38:00+00:00,2026-09-19 17:38:00,70.1,1008.8,71
14.7,21.6,53.0,1339.2,388.8,60.5,7.6,4.2,1.1,445.0,299.1,13.0,6.8,57.4,29.3,23.31,False,4095,0.0,5.5,116.9,EXT-OPEN-METEO-KHI,KARACHI,OPENSOURCE_API_GRID,760,,,,0.95,True,True,TIER2_OPENSOURCE_PURE;CONTINUOUS_MINUTE_STREAM;VERIFIED_MODEL_GRID,6aaeea46ea6d3137d26f4bb99a30c715c0c28cb46d729954e053c43eedcadf08,2026-09-19T12:39:00+00:00,2026-09-19 17:39:00,70.2,1008.8,71
14.7,21.6,52.8,1339.2,388.8,60.5,7.6,4.2,1.1,445.0,299.2,13.1,6.8,57.0,29.3,23.36,False,4095,0.0,5.3,112.5,EXT-OPEN-METEO-KHI,KARACHI,OPENSOURCE_API_GRID,761,,,,0.95,True,True,TIER2_OPENSOURCE_PURE;CONTINUOUS_MINUTE_STREAM;VERIFIED_MODEL_GRID,1f6d5fdc8908efeb3a75f2b77b8881438ff9ecd76e3845c63dce9a23275ace31,2026-09-19T12:40:00+00:00,2026-09-19 17:40:00,70.4,1008.8,71
14.6,21.5,52.7,1333.0,387.0,60.2,7.5,4.2,1.1,445.0,299.4,13.2,6.7,56.6,29.3,23.38,False,4095,0.0,5.0,108.2,EXT-OPEN-METEO-KHI,KARACHI,OPENSOURCE_API_GRID,762,,,,0.95,True,True,TIER2_OPENSOURCE_PURE;CONTINUOUS_MINUTE_STREAM;VERIFIED_MODEL_GRID,a725d671abae0fd22f03dbc5b1593a45bbeecc5c4e23e236a813f1bc74daa23d,2026-09-19T12:41:00+00:00,2026-09-19 17:41:00,70.5,1008.8,71
14.6,21.4,52.6,1326.8,385.2,59.9,7.5,4.2,1.1,445.0,299.6,13.3,6.7,56.3,29.2,23.31,False,4095,0.0,4.9,104.1,EXT-OPEN-METEO-KHI,KARACHI,OPENSOURCE_API_GRID,763,,,,0.95,True,True,TIER2_OPENSOURCE_PURE;CONTINUOUS_MINUTE_STREAM;VERIFIED_MODEL_GRID,f48112e500bfffa3e1ee0ebb66c743a56642a96a129ea3825280d64d343a4d8f,2026-09-19T12:42:00+00:00,2026-09-19 17:42:00,70.6,1008.9,71
14.6,21.4,52.4,1326.8,385.2,59.9,7.5,4.2,1.0,445.0,299.7,13.3,6.7,56.0,29.2,23.33,False,4095,0.0,4.7,100.2,EXT-OPEN-METEO-KHI,KARACHI,OPENSOURCE_API_GRID,764,,,,0.95,True,True,TIER2_OPENSOURCE_PURE;CONTINUOUS_MINUTE_STREAM;VERIFIED_MODEL_GRID,4f501adf38b130dd4a1ae4be7cda9abf83a61d3d2fa72e2a138013607f5a63cd,2026-09-19T12:43:00+00:00,2026-09-19 17:43:00,70.7,1008.9,71
14.5,21.3,52.3,1320.6,383.4,59.6,7.5,4.2,1.0,445.0,299.8,13.4,6.7,55.6,29.2,23.38,False,4095,0.0,4.5,96.4,EXT-OPEN-METEO-KHI,KARACHI,OPENSOURCE_API_GRID,765,,,,0.95,True,True,TIER2_OPENSOURCE_PURE;CONTINUOUS_MINUTE_STREAM;VERIFIED_MODEL_GRID,bcd0cffd628cebdc035d070bd6eb55979e104a57c8b4db7b3e6f54836e9cf593,2026-09-19T12:44:00+00:00,2026-09-19 17:44:00,70.9,1008.9,71
14.5,21.3,52.3,1320.6,383.4,59.6,7.5,4.2,1.0,445.0,300.0,13.5,6.7,55.3,29.1,23.3,False,4095,0.0,4.3,92.7,EXT-OPEN-METEO-KHI,KARACHI,OPENSOURCE_API_GRID,766,,,,0.95,True,True,TIER2_OPENSOURCE_PURE;CONTINUOUS_MINUTE_STREAM;VERIFIED_MODEL_GRID,2d3126ddcc43c13208da3dad54f560b16ca526ef8eebf05a12ac2b054fe7b235,2026-09-19T12:45:00+00:00,2026-09-19 17:45:00,71.0,1008.9,71
14.5,21.3,52.2,1320.6,383.4,59.6,7.5,4.2,1.0,445.0,300.1,13.6,6.7,55.1,29.1,23.33,False,4095,0.0,4.2,89.3,EXT-OPEN-METEO-KHI,KARACHI,OPENSOURCE_API_GRID,767,,,,0.95,True,True,TIER2_OPENSOURCE_PURE;CONTINUOUS_MINUTE_STREAM;VERIFIED_MODEL_GRID,3042a437fcdd833318f9afa9f475d41bfb8b62461de1a52eeae6fa1b2141d6a6,2026-09-19T12:46:00+00:00,2026-09-19 17:46:00,71.1,1008.9,71
14.5,21.3,52.1,1320.6,383.4,59.6,7.5,4.2,1.0,445.0,300.2,13.6,6.7,54.8,29.1,23.35,False,4095,0.0,4.0,86.1,EXT-OPEN-METEO-KHI,KARACHI,OPENSOURCE_API_GRID,768,,,,0.95,True,True,TIER2_OPENSOURCE_PURE;CONTINUOUS_MINUTE_STREAM;VERIFIED_MODEL_GRID,bfea3d35eb1a2c316777a8ebfd5044356632091a392d3359eda801dbf28d01d1,2026-09-19T12:47:00+00:00,2026-09-19 17:47:00,71.2,1008.9,71
14.5,21.3,52.1,1320.6,383.4,59.6,7.5,4.2,1.0,445.0,300.3,13.7,6.7,54.5,29.1,23.37,False,4095,0.0,3.9,83.0,EXT-OPEN-METEO-KHI,KARACHI,OPENSOURCE_API_GRID,769,,,,0.95,True,True,TIER2_OPENSOURCE_PURE;CONTINUOUS_MINUTE_STREAM;VERIFIED_MODEL_GRID,2408feec0dd8c3e17a31fd35db4b20955ca3a781054c9e449acd88f3271fa5a3,2026-09-19T12:48:00+00:00,2026-09-19 17:48:00,71.3,1008.9,71
14.5,21.3,52.1,1320.6,383.4,59.6,7.5,4.2,1.0,445.0,300.4,13.8,6.7,54.3,29.0,23.3,False,4095,0.0,3.7,80.2,EXT-OPEN-METEO-KHI,KARACHI,OPENSOURCE_API_GRID,770,,,,0.95,True,True,TIER2_OPENSOURCE_PURE;CONTINUOUS_MINUTE_STREAM;VERIFIED_MODEL_GRID,51abe7ec689a60b02d6e14f48cc3d14b0c2f2156c13d71a833a2a3896ec60782,2026-09-19T12:49:00+00:00,2026-09-19 17:49:00,71.4,1008.9,71
14.5,21.3,52.1,1320.6,383.4,59.6,7.5,4.2,1.0,445.0,300.5,13.8,6.7,54.1,29.0,23.33,False,4095,0.0,3.6,77.6,EXT-OPEN-METEO-KHI,KARACHI,OPENSOURCE_API_GRID,771,,,,0.95,True,True,TIER2_OPENSOURCE_PURE;CONTINUOUS_MINUTE_STREAM;VERIFIED_MODEL_GRID,ed9dad85c637b8be96d075cccf38118e1fc2615ade28bad3fcb0f9d1e3d97388,2026-09-19T12:50:00+00:00,2026-09-19 17:50:00,71.5,1008.9,71
14.5,21.3,52.1,1320.6,383.4,59.6,7.5,4.2,1.0,445.0,300.6,13.9,6.7,53.9,29.0,23.35,False,4095,0.0,3.5,75.2,EXT-OPEN-METEO-KHI,KARACHI,OPENSOURCE_API_GRID,772,,,,0.95,True,True,TIER2_OPENSOURCE_PURE;CONTINUOUS_MINUTE_STREAM;VERIFIED_MODEL_GRID,73d318c5f4efe5d52fe9f5979edd6d0b08b8e1c47e43b9af201828dd738234f8,2026-09-19T12:51:00+00:00,2026-09-19 17:51:00,71.6,1008.9,71
14.5,21.3,52.1,1320.6,383.4,59.6,7.5,4.2,1.0,445.0,300.7,13.9,6.7,53.7,29.0,23.37,False,4095,0.0,3.4,73.0,EXT-OPEN-METEO-KHI,KARACHI,OPENSOURCE_API_GRID,773,,,,0.95,True,True,TIER2_OPENSOURCE_PURE;CONTINUOUS_MINUTE_STREAM;VERIFIED_MODEL_GRID,ee7fc2933bc5e647675fdb1b79f400f1c86457573496a9e901de21f22fc3d512,2026-09-19T12:52:00+00:00,2026-09-19 17:52:00,71.7,1008.9,71
14.6,21.4,52.2,1326.8,385.2,59.9,7.5,4.2,1.0,445.0,300.8,14.0,6.7,53.5,29.0,23.39,False,4095,0.0,3.3,71.1,EXT-OPEN-METEO-KHI,KARACHI,OPENSOURCE_API_GRID,774,,,,0.95,True,True,TIER2_OPENSOURCE_PURE;CONTINUOUS_MINUTE_STREAM;VERIFIED_MODEL_GRID,9790818501422a83d59d1b58c795e92360ca8edf3601e0abda8a7bb89d0b967e,2026-09-19T12:53:00+00:00,2026-09-19 17:53:00,71.8,1008.9,71
14.6,21.4,52.2,1326.8,385.2,59.9,7.5,4.2,1.0,445.0,300.8,14.0,6.7,53.4,29.0,23.42,False,4095,0.0,3.2,69.5,EXT-OPEN-METEO-KHI,KARACHI,OPENSOURCE_API_GRID,775,,,,0.95,True,True,TIER2_OPENSOURCE_PURE;CONTINUOUS_MINUTE_STREAM;VERIFIED_MODEL_GRID,cd12ae6dad9631716f2ef0bf5ad2193dfacde28a574ee0d5823b8ec0d7b47e02,2026-09-19T12:54:00+00:00,2026-09-19 17:54:00,71.9,1008.9,71
14.5,21.3,52.1,1320.6,383.4,59.6,7.5,4.2,1.0,445.0,300.9,14.0,6.7,53.3,29.0,23.44,False,4095,0.0,3.2,68.1,EXT-OPEN-METEO-KHI,KARACHI,OPENSOURCE_API_GRID,776,,,,0.95,True,True,TIER2_OPENSOURCE_PURE;CONTINUOUS_MINUTE_STREAM;VERIFIED_MODEL_GRID,776fe0c7512f790d75ec72b2a1b47c3d9684e257e518c6f850ccd42e862d7ec7,2026-09-19T12:55:00+00:00,2026-09-19 17:55:00,72.0,1008.9,71
14.6,21.4,52.1,1326.8,385.2,59.9,7.5,4.2,1.0,445.0,300.9,14.1,6.7,53.2,29.0,23.46,False,4095,0.0,3.1,66.9,EXT-OPEN-METEO-KHI,KARACHI,OPENSOURCE_API_GRID,777,,,,0.95,True,True,TIER2_OPENSOURCE_PURE;CONTINUOUS_MINUTE_STREAM;VERIFIED_MODEL_GRID,db2685bddfa9ec5ae165d435cbe084dbfbcaa083a25605c5fb7d359cb7c79d2b,2026-09-19T12:56:00+00:00,2026-09-19 17:56:00,72.1,1008.9,71
14.6,21.4,52.2,1326.8,385.2,59.9,7.5,4.2,1.0,445.0,301.0,14.1,6.7,53.1,29.0,23.46,False,4095,0.0,3.1,66.0,EXT-OPEN-METEO-KHI,KARACHI,OPENSOURCE_API_GRID,778,,,,0.95,True,True,TIER2_OPENSOURCE_PURE;CONTINUOUS_MINUTE_STREAM;VERIFIED_MODEL_GRID,8431dd7010bed6e57889f41ef8224f77ae9ef386e600d52cffe7c3f8cca43795,2026-09-19T12:57:00+00:00,2026-09-19 17:57:00,72.1,1008.9,71
14.6,21.4,52.2,1326.8,385.2,59.9,7.5,4.2,1.0,445.0,301.0,14.1,6.7,53.0,29.0,23.46,False,4095,0.0,3.0,65.3,EXT-OPEN-METEO-KHI,KARACHI,OPENSOURCE_API_GRID,779,,,,0.95,True,True,TIER2_OPENSOURCE_PURE;CONTINUOUS_MINUTE_STREAM;VERIFIED_MODEL_GRID,c026c7508af978daa55801e4242d0c6b8a5f78052dd9941a25ab9cf90c7583f5,2026-09-19T12:58:00+00:00,2026-09-19 17:58:00,72.1,1008.9,71
14.6,21.5,52.2,1333.0,387.0,60.2,7.5,4.2,1.0,445.0,301.0,14.1,6.7,53.0,29.0,23.46,False,4095,0.0,3.0,64.9,EXT-OPEN-METEO-KHI,KARACHI,OPENSOURCE_API_GRID,780,,,,0.95,True,True,TIER2_OPENSOURCE_PURE;CONTINUOUS_MINUTE_STREAM;VERIFIED_MODEL_GRID,f09ae1802ca2b53171845979d89f0600e6b16494270a8a41706189e668bdabf8,2026-09-19T12:59:00+00:00,2026-09-19 17:59:00,72.1,1008.9,71
14.6,21.5,52.3,1333.0,387.0,60.2,7.5,4.2,1.0,445.0,301.0,14.1,6.7,53.0,29.0,23.46,False,4095,0.0,3.0,64.8,EXT-OPEN-METEO-KHI,KARACHI,OPENSOURCE_API_GRID,781,,,,0.95,True,False,TIER2_OPENSOURCE_PURE;HOURLY_NODE;VERIFIED_MODEL_GRID,602440cc0242db592a3daccde357407c987e873917471f8e4379cbf8d3cfea50,2026-09-19T13:00:00+00:00,2026-09-19 18:00:00,72.1,1008.9,72
14.6,21.5,52.3,1333.0,387.0,60.2,7.5,4.2,1.0,445.0,301.0,14.1,6.7,53.0,29.0,23.46,False,4095,0.0,3.0,64.8,EXT-OPEN-METEO-KHI,KARACHI,OPENSOURCE_API_GRID,782,,,,0.95,True,True,TIER2_OPENSOURCE_PURE;CONTINUOUS_MINUTE_STREAM;VERIFIED_MODEL_GRID,dd4707b76dab87cffb548a7d5ac7f0b19557ced4b030ce220585a2e11b0bb187,2026-09-19T13:01:00+00:00,2026-09-19 18:01:00,72.1,1008.9,72
14.6,21.5,52.3,1333.0,387.0,60.2,7.5,4.2,1.0,445.0,301.0,14.1,6.7,53.0,29.0,23.46,False,4095,0.0,3.0,64.6,EXT-OPEN-METEO-KHI,KARACHI,OPENSOURCE_API_GRID,783,,,,0.95,True,True,TIER2_OPENSOURCE_PURE;CONTINUOUS_MINUTE_STREAM;VERIFIED_MODEL_GRID,77acc9965ae5296c45b07f8a5a4f1ffe8556fdc17a4f623ea8fdabc1bcaa91bd,2026-09-19T13:02:00+00:00,2026-09-19 18:02:00,72.1,1008.9,72
14.6,21.5,52.3,1333.0,387.0,60.2,7.5,4.2,1.0,445.0,301.0,14.1,6.7,52.9,29.0,23.46,False,4095,0.0,3.0,64.4,EXT-OPEN-METEO-KHI,KARACHI,OPENSOURCE_API_GRID,784,,,,0.95,True,True,TIER2_OPENSOURCE_PURE;CONTINUOUS_MINUTE_STREAM;VERIFIED_MODEL_GRID,546c7edb252db58a818ffddca98ccfcdb9221a286c2183f05a6f87907dada8ff,2026-09-19T13:03:00+00:00,2026-09-19 18:03:00,72.1,1008.9,72
14.6,21.5,52.2,1333.0,387.0,60.2,7.5,4.2,1.0,445.0,301.0,14.2,6.7,52.8,29.0,23.46,False,4095,0.0,3.0,64.1,EXT-OPEN-METEO-KHI,KARACHI,OPENSOURCE_API_GRID,785,,,,0.95,True,True,TIER2_OPENSOURCE_PURE;CONTINUOUS_MINUTE_STREAM;VERIFIED_MODEL_GRID,af3d173cfdd602bc0c4a4cffd82d3026fa62d95059ea75487d54d6da902910db,2026-09-19T13:04:00+00:00,2026-09-19 18:04:00,72.1,1008.9,72
14.6,21.4,52.2,1326.8,385.2,59.9,7.5,4.2,1.0,445.0,301.0,14.2,6.7,52.7,29.0,23.46,False,4095,0.0,3.0,63.7,EXT-OPEN-METEO-KHI,KARACHI,OPENSOURCE_API_GRID,786,,,,0.95,True,True,TIER2_OPENSOURCE_PURE;CONTINUOUS_MINUTE_STREAM;VERIFIED_MODEL_GRID,2ad0f59b9856d3e4a28d164738f9b2a32bf7b7c7782ad886bfcd386a7402d349,2026-09-19T13:05:00+00:00,2026-09-19 18:05:00,72.1,1008.9,72
14.6,21.4,52.1,1326.8,385.2,59.9,7.5,4.2,1.0,445.0,301.0,14.2,6.7,52.6,29.0,23.46,False,4095,0.0,3.0,63.2,EXT-OPEN-METEO-KHI,KARACHI,OPENSOURCE_API_GRID,787,,,,0.95,True,True,TIER2_OPENSOURCE_PURE;CONTINUOUS_MINUTE_STREAM;VERIFIED_MODEL_GRID,51d89e4f00d591f8a5d79ba5a665620ea4c7960db669982d6ac991223e2683ff,2026-09-19T13:06:00+00:00,2026-09-19 18:06:00,72.1,1008.9,72
14.5,21.3,52.0,1320.6,383.4,59.6,7.5,4.2,1.0,445.0,301.0,14.3,6.7,52.5,29.0,23.46,False,4095,0.0,3.0,62.6,EXT-OPEN-METEO-KHI,KARACHI,OPENSOURCE_API_GRID,788,,,,0.95,True,True,TIER2_OPENSOURCE_PURE;CONTINUOUS_MINUTE_STREAM;VERIFIED_MODEL_GRID,bf3a98b8c32ad05b132809cb447a609b8a181b204d3780ccdc923cf854d320cc,2026-09-19T13:07:00+00:00,2026-09-19 18:07:00,72.1,1008.9,72
14.5,21.3,51.9,1320.6,383.4,59.6,7.5,4.2,1.0,445.0,301.0,14.3,6.7,52.3,29.0,23.46,False,4095,0.0,3.0,62.0,EXT-OPEN-METEO-KHI,KARACHI,OPENSOURCE_API_GRID,789,,,,0.95,True,True,TIER2_OPENSOURCE_PURE;CONTINUOUS_MINUTE_STREAM;VERIFIED_MODEL_GRID,e78cd2b3b58be9fa69ef13b4b3c1ff53dbb2f8e76693074bb8fb89ab4ae51c19,2026-09-19T13:08:00+00:00,2026-09-19 18:08:00,72.1,1008.9,72
14.4,21.2,51.7,1314.4,381.6,59.4,7.4,4.1,1.0,445.1,301.0,14.4,6.7,52.1,29.0,23.46,False,4095,0.0,2.9,61.3,EXT-OPEN-METEO-KHI,KARACHI,OPENSOURCE_API_GRID,790,,,,0.95,True,True,TIER2_OPENSOURCE_PURE;CONTINUOUS_MINUTE_STREAM;VERIFIED_MODEL_GRID,5eabd59d48d2d2add2c4c176c15dc1cc0e8f87399b99fb396188ed6f20e8e6d6,2026-09-19T13:09:00+00:00,2026-09-19 18:09:00,72.1,1008.9,72
14.4,21.2,51.6,1314.4,381.6,59.4,7.4,4.1,1.0,445.1,301.0,14.4,6.7,51.9,29.0,23.46,False,4095,0.0,2.9,60.5,EXT-OPEN-METEO-KHI,KARACHI,OPENSOURCE_API_GRID,791,,,,0.95,True,True,TIER2_OPENSOURCE_PURE;CONTINUOUS_MINUTE_STREAM;VERIFIED_MODEL_GRID,892d93ae582fb06d0c644e94bb64438fd49cddcc7d3d989e95dfb3c3d8999fcc,2026-09-19T13:10:00+00:00,2026-09-19 18:10:00,72.1,1009.0,72
14.3,21.1,51.5,1308.2,379.8,59.1,7.4,4.1,1.0,445.1,301.0,14.5,6.7,51.7,28.9,23.39,False,4095,0.0,2.9,59.6,EXT-OPEN-METEO-KHI,KARACHI,OPENSOURCE_API_GRID,792,,,,0.95,True,True,TIER2_OPENSOURCE_PURE;CONTINUOUS_MINUTE_STREAM;VERIFIED_MODEL_GRID,07e3631b036e5ac90ee6883320c6977fa937f97a696362b8d99fd64f77bf846b,2026-09-19T13:11:00+00:00,2026-09-19 18:11:00,72.2,1009.0,72
14.3,21.0,51.4,1302.0,378.0,58.8,7.3,4.1,1.0,445.1,301.0,14.6,6.7,51.5,28.9,23.39,False,4095,0.0,2.9,58.6,EXT-OPEN-METEO-KHI,KARACHI,OPENSOURCE_API_GRID,793,,,,0.95,True,True,TIER2_OPENSOURCE_PURE;CONTINUOUS_MINUTE_STREAM;VERIFIED_MODEL_GRID,4c2b9f90291cefb5562df68d6f3e40085d0ec55f7ed56ad4f99db3dc040a9de3,2026-09-19T13:12:00+00:00,2026-09-19 18:12:00,72.2,1009.0,72
14.3,21.0,51.2,1302.0,378.0,58.8,7.3,4.1,1.0,445.1,301.0,14.7,6.7,51.2,28.9,23.41,False,4095,0.0,2.9,57.6,EXT-OPEN-METEO-KHI,KARACHI,OPENSOURCE_API_GRID,794,,,,0.95,True,True,TIER2_OPENSOURCE_PURE;CONTINUOUS_MINUTE_STREAM;VERIFIED_MODEL_GRID,dc5d5933db1574ab763157ecf2950eff50fe085cc1bc8f96835b1db39e1ec24a,2026-09-19T13:13:00+00:00,2026-09-19 18:13:00,72.3,1009.0,72
14.2,20.9,51.1,1295.8,376.2,58.5,7.3,4.1,1.0,445.1,301.0,14.8,6.7,50.9,28.9,23.44,False,4095,0.0,2.9,56.5,EXT-OPEN-METEO-KHI,KARACHI,OPENSOURCE_API_GRID,795,,,,0.95,True,True,TIER2_OPENSOURCE_PURE;CONTINUOUS_MINUTE_STREAM;VERIFIED_MODEL_GRID,ab8c1c8a16ba740b0834c7e1e6248c81ce40f8229c99378971ff490ae6236b42,2026-09-19T13:14:00+00:00,2026-09-19 18:14:00,72.4,1009.0,72
14.2,20.9,51.0,1295.8,376.2,58.5,7.3,4.1,1.0,445.1,301.0,14.8,6.7,50.7,28.9,23.44,False,4095,0.0,2.9,55.3,EXT-OPEN-METEO-KHI,KARACHI,OPENSOURCE_API_GRID,796,,,,0.95,True,True,TIER2_OPENSOURCE_PURE;CONTINUOUS_MINUTE_STREAM;VERIFIED_MODEL_GRID,97bb4f7b7f79f2f700541e3532bac6cf6d73ffbb545ee7290e0834e342451859,2026-09-19T13:15:00+00:00,2026-09-19 18:15:00,72.4,1009.0,72
14.2,20.9,50.9,1295.8,376.2,58.5,7.3,4.1,1.0,445.2,301.0,14.9,6.7,50.4,28.8,23.36,False,4095,0.0,2.8,54.1,EXT-OPEN-METEO-KHI,KARACHI,OPENSOURCE_API_GRID,797,,,,0.95,True,True,TIER2_OPENSOURCE_PURE;CONTINUOUS_MINUTE_STREAM;VERIFIED_MODEL_GRID,a6a86241810f7f21b800cc5cd83207bf198a9c0b46118530c03d71c63772d880,2026-09-19T13:16:00+00:00,2026-09-19 18:16:00,72.5,1009.0,72
14.1,20.8,50.8,1289.6,374.4,58.2,7.3,4.1,1.0,445.2,301.0,15.0,6.7,50.0,28.8,23.39,False,4095,0.0,2.8,52.8,EXT-OPEN-METEO-KHI,KARACHI,OPENSOURCE_API_GRID,798,,,,0.95,True,True,TIER2_OPENSOURCE_PURE;CONTINUOUS_MINUTE_STREAM;VERIFIED_MODEL_GRID,757a0a02fd504220a49e0565f4f53fae1130fdec7bb77b6fe0e2e256cee15cfa,2026-09-19T13:17:00+00:00,2026-09-19 18:17:00,72.6,1009.0,72
14.1,20.8,50.7,1289.6,374.4,58.2,7.3,4.1,1.0,445.2,301.0,15.2,6.7,49.7,28.8,23.41,False,4095,0.0,2.8,51.4,EXT-OPEN-METEO-KHI,KARACHI,OPENSOURCE_API_GRID,799,,,,0.95,True,True,TIER2_OPENSOURCE_PURE;CONTINUOUS_MINUTE_STREAM;VERIFIED_MODEL_GRID,1897308b687ed91a214741ee2a984328fc924ef8e39040666911899438786e2f,2026-09-19T13:18:00+00:00,2026-09-19 18:18:00,72.7,1009.0,72
14.1,20.8,50.6,1289.6,374.4,58.2,7.3,4.0,1.0,445.2,301.0,15.3,6.7,49.4,28.8,23.43,False,4095,0.0,2.8,50.0,EXT-OPEN-METEO-KHI,KARACHI,OPENSOURCE_API_GRID,800,,,,0.95,True,True,TIER2_OPENSOURCE_PURE;CONTINUOUS_MINUTE_STREAM;VERIFIED_MODEL_GRID,1ab1bb8ca53ff0a2b1241ca876cebc8e1fd8128c6b73fcf01fb4b5302b2f8673,2026-09-19T13:19:00+00:00,2026-09-19 18:19:00,72.8,1009.0,72
14.1,20.8,50.6,1289.6,374.4,58.2,7.3,4.0,1.0,445.2,301.0,15.4,6.7,49.0,28.8,23.45,False,4095,0.0,2.8,48.6,EXT-OPEN-METEO-KHI,KARACHI,OPENSOURCE_API_GRID,801,,,,0.95,True,True,TIER2_OPENSOURCE_PURE;CONTINUOUS_MINUTE_STREAM;VERIFIED_MODEL_GRID,5965301a025c24bd3da0fc2bc9512514d50ffeb5a126190750bc1081e85a549b,2026-09-19T13:20:00+00:00,2026-09-19 18:20:00,72.9,1009.0,72
14.1,20.8,50.5,1289.6,374.4,58.2,7.3,4.0,1.0,445.3,301.0,15.5,6.7,48.6,28.8,23.48,False,4095,0.0,2.7,47.1,EXT-OPEN-METEO-KHI,KARACHI,OPENSOURCE_API_GRID,802,,,,0.95,True,True,TIER2_OPENSOURCE_PURE;CONTINUOUS_MINUTE_STREAM;VERIFIED_MODEL_GRID,731994448faf1b515b19e3b97072f15bc4384f102a8a4a61bc83bfaad5df9354,2026-09-19T13:21:00+00:00,2026-09-19 18:21:00,73.0,1009.0,72
14.1,20.8,50.5,1289.6,374.4,58.2,7.3,4.0,1.0,445.3,301.0,15.6,6.7,48.3,28.8,23.52,False,4095,0.0,2.7,45.6,EXT-OPEN-METEO-KHI,KARACHI,OPENSOURCE_API_GRID,803,,,,0.95,True,True,TIER2_OPENSOURCE_PURE;CONTINUOUS_MINUTE_STREAM;VERIFIED_MODEL_GRID,813546e1e1acd9ae45b7a7ad27bdb17ac4838b2479c0c135ce244b3d8ab54deb,2026-09-19T13:22:00+00:00,2026-09-19 18:22:00,73.2,1009.0,72
14.1,20.8,50.4,1289.6,374.4,58.2,7.3,4.0,1.0,445.3,301.0,15.7,6.7,47.9,28.7,23.45,False,4095,0.0,2.7,44.0,EXT-OPEN-METEO-KHI,KARACHI,OPENSOURCE_API_GRID,804,,,,0.95,True,True,TIER2_OPENSOURCE_PURE;CONTINUOUS_MINUTE_STREAM;VERIFIED_MODEL_GRID,f056c9fd36d792acc66a79a9741b73fd1c4248d4fbbcc8e75ea2a2a3b188c401,2026-09-19T13:23:00+00:00,2026-09-19 18:23:00,73.3,1009.1,72
14.1,20.8,50.4,1289.6,374.4,58.2,7.3,4.0,1.0,445.3,301.0,15.9,6.7,47.5,28.7,23.47,False,4095,0.0,2.7,42.4,EXT-OPEN-METEO-KHI,KARACHI,OPENSOURCE_API_GRID,805,,,,0.95,True,True,TIER2_OPENSOURCE_PURE;CONTINUOUS_MINUTE_STREAM;VERIFIED_MODEL_GRID,8a365858f7b433420efb62e0abef4c79434cb3e2ba6924dd7fa752c3feb99811,2026-09-19T13:24:00+00:00,2026-09-19 18:24:00,73.4,1009.1,72
14.1,20.8,50.3,1289.6,374.4,58.2,7.3,4.0,1.0,445.4,301.0,16.0,6.7,47.1,28.7,23.49,False,4095,0.0,2.6,40.8,EXT-OPEN-METEO-KHI,KARACHI,OPENSOURCE_API_GRID,806,,,,0.95,True,True,TIER2_OPENSOURCE_PURE;CONTINUOUS_MINUTE_STREAM;VERIFIED_MODEL_GRID,dbcc34aa66f45928c6d61897343d57c356ec957b5a52f1a1b2b06f030a7f30f6,2026-09-19T13:25:00+00:00,2026-09-19 18:25:00,73.5,1009.1,72
14.1,20.7,50.1,1283.4,372.6,58.0,7.2,4.0,1.0,445.4,301.0,16.1,6.7,46.7,28.7,23.54,False,4095,0.0,2.6,39.1,EXT-OPEN-METEO-KHI,KARACHI,OPENSOURCE_API_GRID,807,,,,0.95,True,True,TIER2_OPENSOURCE_PURE;CONTINUOUS_MINUTE_STREAM;VERIFIED_MODEL_GRID,4171e286adf1bfe31b74b04c6e5099457f44c6f171e43216f714547bdfbeb84b,2026-09-19T13:26:00+00:00,2026-09-19 18:26:00,73.7,1009.1,72
14.1,20.7,50.0,1283.4,372.6,58.0,7.2,4.0,1.0,445.4,301.0,16.3,6.7,46.3,28.7,23.56,False,4095,0.0,2.6,37.5,EXT-OPEN-METEO-KHI,KARACHI,OPENSOURCE_API_GRID,808,,,,0.95,True,True,TIER2_OPENSOURCE_PURE;CONTINUOUS_MINUTE_STREAM;VERIFIED_MODEL_GRID,75e6f20e87f92e6a9dd8d0c7b6de970d193639a68cf5d430bb3b1b60e1e7446e,2026-09-19T13:27:00+00:00,2026-09-19 18:27:00,73.8,1009.1,72
14.1,20.7,49.9,1283.4,372.6,58.0,7.2,4.0,1.0,445.4,301.0,16.4,6.7,45.8,28.7,23.58,False,4095,0.0,2.6,35.8,EXT-OPEN-METEO-KHI,KARACHI,OPENSOURCE_API_GRID,809,,,,0.95,True,True,TIER2_OPENSOURCE_PURE;CONTINUOUS_MINUTE_STREAM;VERIFIED_MODEL_GRID,f5e1db559e8eae8af2458aa9d3fb6241100b19d3d7acabe19a779b139e912e4f,2026-09-19T13:28:00+00:00,2026-09-19 18:28:00,73.9,1009.1,72
14.1,20.7,49.9,1283.4,372.6,58.0,7.2,4.0,1.0,445.5,301.0,16.5,6.7,45.4,28.7,23.61,False,4095,0.0,2.5,34.1,EXT-OPEN-METEO-KHI,KARACHI,OPENSOURCE_API_GRID,810,,,,0.95,True,True,TIER2_OPENSOURCE_PURE;CONTINUOUS_MINUTE_STREAM;VERIFIED_MODEL_GRID,45a3582edbfd50b03320845f996ebfd40d20b786cc1fb1e5f574c1845ab6e1c4,2026-09-19T13:29:00+00:00,2026-09-19 18:29:00,74.0,1009.1,72
14.1,20.7,49.8,1283.4,372.6,58.0,7.2,4.0,1.0,445.5,301.0,16.6,6.8,45.0,28.7,23.63,False,4095,0.0,2.5,32.4,EXT-OPEN-METEO-KHI,KARACHI,OPENSOURCE_API_GRID,811,,,,0.95,True,True,TIER2_OPENSOURCE_PURE;CONTINUOUS_MINUTE_STREAM;VERIFIED_MODEL_GRID,902c211e8841ff15628e279abf0584253a2d94e643abaaa52dea0aec1624406e,2026-09-19T13:30:00+00:00,2026-09-19 18:30:00,74.1,1009.2,72
14.1,20.7,49.7,1283.4,372.6,58.0,7.2,4.0,1.0,445.5,301.0,16.8,6.8,44.6,28.7,23.65,False,4095,0.0,2.5,30.7,EXT-OPEN-METEO-KHI,KARACHI,OPENSOURCE_API_GRID,812,,,,0.95,True,True,TIER2_OPENSOURCE_PURE;CONTINUOUS_MINUTE_STREAM;VERIFIED_MODEL_GRID,d58d121d8c3b8e83b0a68f4ad319e70bbd661e2978a9c08dcebeb07209d2fdf0,2026-09-19T13:31:00+00:00,2026-09-19 18:31:00,74.2,1009.2,72
14.1,20.7,49.6,1283.4,372.6,58.0,7.2,4.0,1.0,445.6,301.0,16.9,6.8,44.2,28.7,23.67,False,4095,0.0,2.4,29.0,EXT-OPEN-METEO-KHI,KARACHI,OPENSOURCE_API_GRID,813,,,,0.95,True,True,TIER2_OPENSOURCE_PURE;CONTINUOUS_MINUTE_STREAM;VERIFIED_MODEL_GRID,1585f4891d0f8708947bdd9d97245b383bed275f78e3f1f7b14736d4a4f8d03c,2026-09-19T13:32:00+00:00,2026-09-19 18:32:00,74.3,1009.2,72
14.0,20.6,49.5,1277.2,370.8,57.7,7.2,4.0,1.0,445.6,301.0,17.0,6.8,43.7,28.6,23.6,False,4095,0.0,2.4,27.3,EXT-OPEN-METEO-KHI,KARACHI,OPENSOURCE_API_GRID,814,,,,0.95,True,True,TIER2_OPENSOURCE_PURE;CONTINUOUS_MINUTE_STREAM;VERIFIED_MODEL_GRID,8119473d9da9f538b41c5f5cd6dbbd848bc88ea50e63d31634c8f7fd42402ca8,2026-09-19T13:33:00+00:00,2026-09-19 18:33:00,74.4,1009.2,72
14.0,20.6,49.3,1277.2,370.8,57.7,7.2,3.9,1.0,445.6,301.0,17.2,6.8,43.3,28.6,23.62,False,4095,0.0,2.4,25.7,EXT-OPEN-METEO-KHI,KARACHI,OPENSOURCE_API_GRID,815,,,,0.95,True,True,TIER2_OPENSOURCE_PURE;CONTINUOUS_MINUTE_STREAM;VERIFIED_MODEL_GRID,110e47d05ed9c2cd0bbd240f217e928d42cdd1379714a232e25485d5c7bdd024,2026-09-19T13:34:00+00:00,2026-09-19 18:34:00,74.5,1009.2,72
13.9,20.5,49.2,1271.0,369.0,57.4,7.2,3.9,1.0,445.6,301.0,17.3,6.8,42.9,28.6,23.62,False,4095,0.0,2.4,24.0,EXT-OPEN-METEO-KHI,KARACHI,OPENSOURCE_API_GRID,816,,,,0.95,True,True,TIER2_OPENSOURCE_PURE;CONTINUOUS_MINUTE_STREAM;VERIFIED_MODEL_GRID,c5b7238e2634ba1e44aff42d3c81bb9e52bb0effaf21d3241f79f36888e4bc45,2026-09-19T13:35:00+00:00,2026-09-19 18:35:00,74.5,1009.2,72
13.9,20.5,49.0,1271.0,369.0,57.4,7.2,3.9,1.0,445.7,301.0,17.4,6.8,42.5,28.6,23.64,False,4095,0.0,2.3,22.4,EXT-OPEN-METEO-KHI,KARACHI,OPENSOURCE_API_GRID,817,,,,0.95,True,True,TIER2_OPENSOURCE_PURE;CONTINUOUS_MINUTE_STREAM;VERIFIED_MODEL_GRID,a24ce2ec57e2b3de96a41e46fea60ddb1289b1fcbd35a76d0124036d4bb8f088,2026-09-19T13:36:00+00:00,2026-09-19 18:36:00,74.6,1009.2,72
13.9,20.4,48.9,1264.8,367.2,57.1,7.1,3.9,1.0,445.7,301.0,17.6,6.8,42.1,28.6,23.67,False,4095,0.0,2.3,20.8,EXT-OPEN-METEO-KHI,KARACHI,OPENSOURCE_API_GRID,818,,,,0.95,True,True,TIER2_OPENSOURCE_PURE;CONTINUOUS_MINUTE_STREAM;VERIFIED_MODEL_GRID,7d76c059b3560feaf820337e31e6801f6a56859a76c551b6916e9349cdcc5f51,2026-09-19T13:37:00+00:00,2026-09-19 18:37:00,74.7,1009.3,72
13.8,20.3,48.7,1258.6,365.4,56.8,7.1,3.9,1.0,445.7,301.0,17.7,6.8,41.7,28.5,23.59,False,4095,0.0,2.3,19.2,EXT-OPEN-METEO-KHI,KARACHI,OPENSOURCE_API_GRID,819,,,,0.95,True,True,TIER2_OPENSOURCE_PURE;CONTINUOUS_MINUTE_STREAM;VERIFIED_MODEL_GRID,72722dbbc1d981c9fbfc1a8c6427bb75947b13f08fbefd29cc0e21e2b6941127,2026-09-19T13:38:00+00:00,2026-09-19 18:38:00,74.8,1009.3,72
13.8,20.3,48.5,1258.6,365.4,56.8,7.1,3.9,1.0,445.7,301.0,17.8,6.8,41.4,28.5,23.59,False,4095,0.0,2.3,17.7,EXT-OPEN-METEO-KHI,KARACHI,OPENSOURCE_API_GRID,820,,,,0.95,True,True,TIER2_OPENSOURCE_PURE;CONTINUOUS_MINUTE_STREAM;VERIFIED_MODEL_GRID,6052a6e9ef508d44d186e8d4a457e273ac84b330a8b6b9317ace586f21c392c7,2026-09-19T13:39:00+00:00,2026-09-19 18:39:00,74.8,1009.3,72
13.7,20.2,48.3,1252.4,363.6,56.6,7.1,3.9,1.0,445.8,301.0,17.9,6.8,41.0,28.5,23.61,False,4095,0.0,2.2,16.2,EXT-OPEN-METEO-KHI,KARACHI,OPENSOURCE_API_GRID,821,,,,0.95,True,True,TIER2_OPENSOURCE_PURE;CONTINUOUS_MINUTE_STREAM;VERIFIED_MODEL_GRID,2c9ae05789a6c1a2415786163c8b64873afea9f552053dfe265726b81d2f0466,2026-09-19T13:40:00+00:00,2026-09-19 18:40:00,74.9,1009.3,72
13.7,20.1,48.2,1246.2,361.8,56.3,7.0,3.9,1.0,445.8,301.0,18.0,6.8,40.6,28.5,23.64,False,4095,0.0,2.2,14.8,EXT-OPEN-METEO-KHI,KARACHI,OPENSOURCE_API_GRID,822,,,,0.95,True,True,TIER2_OPENSOURCE_PURE;CONTINUOUS_MINUTE_STREAM;VERIFIED_MODEL_GRID,e9627ab45a1443210bb84b8c2ac6219f3e9813b3cdce4ddb52c18197a255116c,2026-09-19T13:41:00+00:00,2026-09-19 18:41:00,75.0,1009.3,72
13.6,20.0,48.0,1240.0,360.0,56.0,7.0,3.8,1.0,445.8,301.0,18.1,6.8,40.3,28.4,23.54,False,4095,0.0,2.2,13.4,EXT-OPEN-METEO-KHI,KARACHI,OPENSOURCE_API_GRID,823,,,,0.95,True,True,TIER2_OPENSOURCE_PURE;CONTINUOUS_MINUTE_STREAM;VERIFIED_MODEL_GRID,a1d8ab6fd7d90b26def2996482d30eb22058562f92354256733301fdff3ead81,2026-09-19T13:42:00+00:00,2026-09-19 18:42:00,75.0,1009.3,72
13.6,20.0,47.8,1240.0,360.0,56.0,7.0,3.8,1.0,445.8,301.0,18.3,6.8,40.0,28.4,23.56,False,4095,0.0,2.2,12.0,EXT-OPEN-METEO-KHI,KARACHI,OPENSOURCE_API_GRID,824,,,,0.95,True,True,TIER2_OPENSOURCE_PURE;CONTINUOUS_MINUTE_STREAM;VERIFIED_MODEL_GRID,1496e236855278c3359f98ff39a428f50e03d4fa47dd4192a4d2a6a569d1e03a,2026-09-19T13:43:00+00:00,2026-09-19 18:43:00,75.1,1009.3,72
13.5,19.9,47.7,1233.8,358.2,55.7,7.0,3.8,1.0,445.8,301.0,18.4,6.8,39.6,28.4,23.58,False,4095,0.0,2.2,10.7,EXT-OPEN-METEO-KHI,KARACHI,OPENSOURCE_API_GRID,825,,,,0.95,True,True,TIER2_OPENSOURCE_PURE;CONTINUOUS_MINUTE_STREAM;VERIFIED_MODEL_GRID,5b14b3765ca3a82f416121c6a19bac2f183584074ddc753e0e9847f09ce0df2f,2026-09-19T13:44:00+00:00,2026-09-19 18:44:00,75.2,1009.3,72
13.5,19.8,47.6,1227.6,356.4,55.4,6.9,3.8,1.0,445.9,301.0,18.5,6.8,39.3,28.4,23.61,False,4095,0.0,2.1,9.5,EXT-OPEN-METEO-KHI,KARACHI,OPENSOURCE_API_GRID,826,,,,0.95,True,True,TIER2_OPENSOURCE_PURE;CONTINUOUS_MINUTE_STREAM;VERIFIED_MODEL_GRID,5993b897d911a14068a44fb1fb1129eb9e55dbd647b253f1151458f813bc9a5d,2026-09-19T13:45:00+00:00,2026-09-19 18:45:00,75.3,1009.3,72
13.5,19.8,47.4,1227.6,356.4,55.4,6.9,3.8,0.9,445.9,301.0,18.5,6.8,39.1,28.4,23.61,False,4095,0.0,2.1,8.3,EXT-OPEN-METEO-KHI,KARACHI,OPENSOURCE_API_GRID,827,,,,0.95,True,True,TIER2_OPENSOURCE_PURE;CONTINUOUS_MINUTE_STREAM;VERIFIED_MODEL_GRID,0aff1e95105a8023e276c6c4a163a8139581d8404c3c5a61914ea6d76fb5de85,2026-09-19T13:46:00+00:00,2026-09-19 18:46:00,75.3,1009.3,72
13.5,19.8,47.3,1227.6,356.4,55.4,6.9,3.8,0.9,445.9,301.0,18.6,6.8,38.8,28.3,23.53,False,4095,0.0,2.1,7.2,EXT-OPEN-METEO-KHI,KARACHI,OPENSOURCE_API_GRID,828,,,,0.95,True,True,TIER2_OPENSOURCE_PURE;CONTINUOUS_MINUTE_STREAM;VERIFIED_MODEL_GRID,b278d98180ca4169354d821d82a36121190b4d8010c0ca1db7b9d774d487ddcf,2026-09-19T13:47:00+00:00,2026-09-19 18:47:00,75.4,1009.4,72
13.4,19.7,47.3,1221.4,354.6,55.2,6.9,3.8,0.9,445.9,301.0,18.7,6.8,38.5,28.3,23.55,False,4095,0.0,2.1,6.2,EXT-OPEN-METEO-KHI,KARACHI,OPENSOURCE_API_GRID,829,,,,0.95,True,True,TIER2_OPENSOURCE_PURE;CONTINUOUS_MINUTE_STREAM;VERIFIED_MODEL_GRID,67928740f461e019780d5f304b882a60fdf5aa27b9f1cf286fa42eb1738992a6,2026-09-19T13:48:00+00:00,2026-09-19 18:48:00,75.5,1009.4,72
13.4,19.7,47.2,1221.4,354.6,55.2,6.9,3.8,0.9,445.9,301.0,18.8,6.8,38.3,28.3,23.58,False,4095,0.0,2.1,5.2,EXT-OPEN-METEO-KHI,KARACHI,OPENSOURCE_API_GRID,830,,,,0.95,True,True,TIER2_OPENSOURCE_PURE;CONTINUOUS_MINUTE_STREAM;VERIFIED_MODEL_GRID,73f5a5ecca78f6f59b15f189d865b1e258ebf2c1951b972dd3f73c52a4525294,2026-09-19T13:49:00+00:00,2026-09-19 18:49:00,75.6,1009.4,72
13.4,19.7,47.2,1221.4,354.6,55.2,6.9,3.8,0.9,445.9,301.0,18.9,6.8,38.1,28.3,23.58,False,4095,0.0,2.1,4.3,EXT-OPEN-METEO-KHI,KARACHI,OPENSOURCE_API_GRID,831,,,,0.95,True,True,TIER2_OPENSOURCE_PURE;CONTINUOUS_MINUTE_STREAM;VERIFIED_MODEL_GRID,837dce8184e122259c1945be358a7fc59a1e1265973fc1108fa01a9a17b7b6e8,2026-09-19T13:50:00+00:00,2026-09-19 18:50:00,75.6,1009.4,72
13.4,19.7,47.2,1221.4,354.6,55.2,6.9,3.8,0.9,445.9,301.0,18.9,6.8,37.9,28.3,23.6,False,4095,0.0,2.1,3.5,EXT-OPEN-METEO-KHI,KARACHI,OPENSOURCE_API_GRID,832,,,,0.95,True,True,TIER2_OPENSOURCE_PURE;CONTINUOUS_MINUTE_STREAM;VERIFIED_MODEL_GRID,f7880b1160f835a342d52501fe0d90607086126fd02a58467e03b7aa4ca73816,2026-09-19T13:51:00+00:00,2026-09-19 18:51:00,75.7,1009.4,72
13.5,19.8,47.2,1227.6,356.4,55.4,6.9,3.8,0.9,446.0,301.0,19.0,6.8,37.7,28.3,23.62,False,4095,0.0,2.0,2.8,EXT-OPEN-METEO-KHI,KARACHI,OPENSOURCE_API_GRID,833,,,,0.95,True,True,TIER2_OPENSOURCE_PURE;CONTINUOUS_MINUTE_STREAM;VERIFIED_MODEL_GRID,7f364f695087bea2573bda36d3814de1a19738b47cc6d9b3edeb30999458d049,2026-09-19T13:52:00+00:00,2026-09-19 18:52:00,75.8,1009.4,72
13.5,19.8,47.2,1227.6,356.4,55.4,6.9,3.8,0.9,446.0,301.0,19.0,6.8,37.5,28.3,23.62,False,4095,0.0,2.0,2.2,EXT-OPEN-METEO-KHI,KARACHI,OPENSOURCE_API_GRID,834,,,,0.95,True,True,TIER2_OPENSOURCE_PURE;CONTINUOUS_MINUTE_STREAM;VERIFIED_MODEL_GRID,a37c4e7e62e23c42ae2e901a56044df927aaaa089f759e0c196599f22b50716a,2026-09-19T13:53:00+00:00,2026-09-19 18:53:00,75.8,1009.4,72
13.5,19.8,47.2,1227.6,356.4,55.4,6.9,3.8,0.9,446.0,301.0,19.1,6.8,37.4,28.3,23.64,False,4095,0.0,2.0,1.6,EXT-OPEN-METEO-KHI,KARACHI,OPENSOURCE_API_GRID,835,,,,0.95,True,True,TIER2_OPENSOURCE_PURE;CONTINUOUS_MINUTE_STREAM;VERIFIED_MODEL_GRID,fdb9d55d64b21cf1d3824ebea4757b1a3a8a8bc4b3cb37ba8c1e129ae00eb7d2,2026-09-19T13:54:00+00:00,2026-09-19 18:54:00,75.9,1009.4,72
13.5,19.9,47.2,1233.8,358.2,55.7,7.0,3.8,0.9,446.0,301.0,19.1,6.8,37.3,28.3,23.64,False,4095,0.0,2.0,1.1,EXT-OPEN-METEO-KHI,KARACHI,OPENSOURCE_API_GRID,836,,,,0.95,True,True,TIER2_OPENSOURCE_PURE;CONTINUOUS_MINUTE_STREAM;VERIFIED_MODEL_GRID,9cf69ebf226fcd7265dc13d9d4b3c3125853f6cdc144948073e649b951a63755,2026-09-19T13:55:00+00:00,2026-09-19 18:55:00,75.9,1009.4,72
13.5,19.9,47.3,1233.8,358.2,55.7,7.0,3.8,0.9,446.0,301.0,19.1,6.8,37.2,28.3,23.66,False,4095,0.0,2.0,0.7,EXT-OPEN-METEO-KHI,KARACHI,OPENSOURCE_API_GRID,837,,,,0.95,True,True,TIER2_OPENSOURCE_PURE;CONTINUOUS_MINUTE_STREAM;VERIFIED_MODEL_GRID,2fabd2490db6d3f0d1812d81539eae05fc2d6a6b1573db91dbe71927630f4039,2026-09-19T13:56:00+00:00,2026-09-19 18:56:00,76.0,1009.4,72
13.5,19.8,47.1,1227.6,356.4,55.4,6.9,3.8,0.9,446.0,301.0,19.2,6.8,37.1,28.3,23.69,False,4095,0.0,2.0,0.4,EXT-OPEN-METEO-KHI,KARACHI,OPENSOURCE_API_GRID,838,,,,0.95,True,True,TIER2_OPENSOURCE_PURE;CONTINUOUS_MINUTE_STREAM;VERIFIED_MODEL_GRID,d75e0f98ef7ff20cc216b51b803ce3b646c9d809886f2c401f31de41de129885,2026-09-19T13:57:00+00:00,2026-09-19 18:57:00,76.1,1009.4,72
13.5,19.8,47.2,1227.6,356.4,55.4,6.9,3.8,0.9,446.0,301.0,19.2,6.8,37.0,28.3,23.69,False,4095,0.0,2.0,0.2,EXT-OPEN-METEO-KHI,KARACHI,OPENSOURCE_API_GRID,839,,,,0.95,True,True,TIER2_OPENSOURCE_PURE;CONTINUOUS_MINUTE_STREAM;VERIFIED_MODEL_GRID,0fff553c7616c7c579699921c945a2e66c6812f2dca55977de4043ceb3019d62,2026-09-19T13:58:00+00:00,2026-09-19 18:58:00,76.1,1009.4,72
13.5,19.9,47.2,1233.8,358.2,55.7,7.0,3.8,0.9,446.0,301.0,19.2,6.8,37.0,28.3,23.69,False,4095,0.0,2.0,0.0,EXT-OPEN-METEO-KHI,KARACHI,OPENSOURCE_API_GRID,840,,,,0.95,True,True,TIER2_OPENSOURCE_PURE;CONTINUOUS_MINUTE_STREAM;VERIFIED_MODEL_GRID,de605e1b7ac5f33b01d9de33b2415aa014bc9c11360ade3341c9b1527d733500,2026-09-19T13:59:00+00:00,2026-09-19 18:59:00,76.1,1009.4,72
13.5,19.9,47.3,1233.8,358.2,55.7,7.0,3.8,0.9,446.0,301.0,19.2,6.8,37.0,28.3,23.69,False,4095,0.0,2.0,0.0,EXT-OPEN-METEO-KHI,KARACHI,OPENSOURCE_API_GRID,841,,,,0.95,True,False,TIER2_OPENSOURCE_PURE;HOURLY_NODE;VERIFIED_MODEL_GRID,9dff365a82fe21f2b82fff4d4946c3f984834382439be58c02441f330991414c,2026-09-19T14:00:00+00:00,2026-09-19 19:00:00,76.1,1009.4,72
13.6,20.0,47.3,1240.0,360.0,56.0,7.0,3.8,0.9,446.0,301.0,19.2,6.8,37.0,28.3,23.69,False,4095,0.0,2.0,0.0,EXT-OPEN-METEO-KHI,KARACHI,OPENSOURCE_API_GRID,842,,,,0.95,True,True,TIER2_OPENSOURCE_PURE;CONTINUOUS_MINUTE_STREAM;VERIFIED_MODEL_GRID,9c0eada8fd917fea2c93c57c69171fb231c5db7b24f9fea4179723e5294c3b62,2026-09-19T14:01:00+00:00,2026-09-19 19:01:00,76.1,1009.4,72
13.6,20.0,47.4,1240.0,360.0,56.0,7.0,3.8,0.9,446.0,301.0,19.2,6.8,37.0,28.3,23.69,False,4095,0.0,2.0,0.0,EXT-OPEN-METEO-KHI,KARACHI,OPENSOURCE_API_GRID,843,,,,0.95,True,True,TIER2_OPENSOURCE_PURE;CONTINUOUS_MINUTE_STREAM;VERIFIED_MODEL_GRID,001ec3d2e4bbc18b874062517bdf557cd726d82765626198026e459d7fbb5f27,2026-09-19T14:02:00+00:00,2026-09-19 19:02:00,76.1,1009.4,72
13.6,20.0,47.4,1240.0,360.0,56.0,7.0,3.8,0.9,446.0,301.0,19.2,6.8,36.9,28.3,23.69,False,4095,0.0,2.0,0.0,EXT-OPEN-METEO-KHI,KARACHI,OPENSOURCE_API_GRID,844,,,,0.95,True,True,TIER2_OPENSOURCE_PURE;CONTINUOUS_MINUTE_STREAM;VERIFIED_MODEL_GRID,8dadadef56f824b470b278f9bffc551a23e2a3496f6fef351b29c8dddf4139f9,2026-09-19T14:03:00+00:00,2026-09-19 19:03:00,76.1,1009.4,72
13.6,20.0,47.4,1240.0,360.0,56.0,7.0,3.8,0.9,446.0,300.9,19.3,6.8,36.9,28.3,23.69,False,4095,0.0,2.0,0.0,EXT-OPEN-METEO-KHI,KARACHI,OPENSOURCE_API_GRID,845,,,,0.95,True,True,TIER2_OPENSOURCE_PURE;CONTINUOUS_MINUTE_STREAM;VERIFIED_MODEL_GRID,5c03293bfc9930b891708471ba68bf178968c507b4a0c1c59bc094373418dda4,2026-09-19T14:04:00+00:00,2026-09-19 19:04:00,76.1,1009.4,72
13.6,20.0,47.3,1240.0,360.0,56.0,7.0,3.8,0.9,446.0,300.9,19.3,6.8,36.8,28.3,23.69,False,4095,0.0,2.0,0.0,EXT-OPEN-METEO-KHI,KARACHI,OPENSOURCE_API_GRID,846,,,,0.95,True,True,TIER2_OPENSOURCE_PURE;CONTINUOUS_MINUTE_STREAM;VERIFIED_MODEL_GRID,638438ce1f4202b8255b2deb800fd57c39af73e4f2d8fc28992a7fd3f3e4a64f,2026-09-19T14:05:00+00:00,2026-09-19 19:05:00,76.1,1009.4,72
13.6,20.0,47.3,1240.0,360.0,56.0,7.0,3.8,0.9,446.0,300.8,19.3,6.8,36.7,28.3,23.69,False,4095,0.0,2.0,0.0,EXT-OPEN-METEO-KHI,KARACHI,OPENSOURCE_API_GRID,847,,,,0.95,True,True,TIER2_OPENSOURCE_PURE;CONTINUOUS_MINUTE_STREAM;VERIFIED_MODEL_GRID,880d07d37168704791220c8429485f1ea519bb9c0131ea0c010cbba0fc5bd873,2026-09-19T14:06:00+00:00,2026-09-19 19:06:00,76.1,1009.4,72
13.5,19.9,47.2,1233.8,358.2,55.7,7.0,3.8,0.9,446.0,300.8,19.4,6.8,36.6,28.3,23.69,False,4095,0.0,2.0,0.0,EXT-OPEN-METEO-KHI,KARACHI,OPENSOURCE_API_GRID,848,,,,0.95,True,True,TIER2_OPENSOURCE_PURE;CONTINUOUS_MINUTE_STREAM;VERIFIED_MODEL_GRID,f74ae3051b2c7ad7e4f433374387a238ed53a579e20be39d9dbfcaf423bf71da,2026-09-19T14:07:00+00:00,2026-09-19 19:07:00,76.1,1009.4,72
13.5,19.9,47.1,1233.8,358.2,55.7,7.0,3.8,0.9,446.0,300.7,19.4,6.8,36.5,28.3,23.66,False,4095,0.0,2.0,0.0,EXT-OPEN-METEO-KHI,KARACHI,OPENSOURCE_API_GRID,849,,,,0.95,True,True,TIER2_OPENSOURCE_PURE;CONTINUOUS_MINUTE_STREAM;VERIFIED_MODEL_GRID,d7b7a8b0f05e13a1bf0255ceaeda4b0e1ce098251ad6ab91516f6596e6a4c351,2026-09-19T14:08:00+00:00,2026-09-19 19:08:00,76.0,1009.4,72
13.5,19.8,47.0,1227.6,356.4,55.4,6.9,3.8,0.9,446.0,300.6,19.5,6.8,36.3,28.3,23.66,False,4095,0.0,2.1,0.0,EXT-OPEN-METEO-KHI,KARACHI,OPENSOURCE_API_GRID,850,,,,0.95,True,True,TIER2_OPENSOURCE_PURE;CONTINUOUS_MINUTE_STREAM;VERIFIED_MODEL_GRID,e51754fb494335c994c6d01078167e5fd6b129858735d188d707e06df5447108,2026-09-19T14:09:00+00:00,2026-09-19 19:09:00,76.0,1009.4,72
13.5,19.8,46.9,1227.6,356.4,55.4,6.9,3.8,0.9,446.0,300.5,19.5,6.8,36.2,28.3,23.66,False,4095,0.0,2.1,0.0,EXT-OPEN-METEO-KHI,KARACHI,OPENSOURCE_API_GRID,851,,,,0.95,True,True,TIER2_OPENSOURCE_PURE;CONTINUOUS_MINUTE_STREAM;VERIFIED_MODEL_GRID,30d7775fa33e78eb6846ee7a347b38455b80362cea4e4abb79adbd55bccef920,2026-09-19T14:10:00+00:00,2026-09-19 19:10:00,76.0,1009.5,72
13.4,19.7,46.8,1221.4,354.6,55.2,6.9,3.7,0.9,446.0,300.4,19.6,6.8,36.0,28.3,23.69,False,4095,0.0,2.1,0.0,EXT-OPEN-METEO-KHI,KARACHI,OPENSOURCE_API_GRID,852,,,,0.95,True,True,TIER2_OPENSOURCE_PURE;CONTINUOUS_MINUTE_STREAM;VERIFIED_MODEL_GRID,cfe5db8b456f1a68c234bfee2285ef3c6ed5170bfe51070d4d3a9f27cf67dadc,2026-09-19T14:11:00+00:00,2026-09-19 19:11:00,76.1,1009.5,72
13.3,19.6,46.7,1215.2,352.8,54.9,6.9,3.7,0.9,446.0,300.3,19.6,6.8,35.9,28.3,23.69,False,4095,0.0,2.1,0.0,EXT-OPEN-METEO-KHI,KARACHI,OPENSOURCE_API_GRID,853,,,,0.95,True,True,TIER2_OPENSOURCE_PURE;CONTINUOUS_MINUTE_STREAM;VERIFIED_MODEL_GRID,f679772207c536d2b66d39b3468c691ff73faa66ab35502b5cbe609125b773de,2026-09-19T14:12:00+00:00,2026-09-19 19:12:00,76.1,1009.5,72
13.3,19.6,46.5,1215.2,352.8,54.9,6.9,3.7,0.9,446.0,300.2,19.7,6.8,35.7,28.3,23.69,False,4095,0.0,2.1,0.0,EXT-OPEN-METEO-KHI,KARACHI,OPENSOURCE_API_GRID,854,,,,0.95,True,True,TIER2_OPENSOURCE_PURE;CONTINUOUS_MINUTE_STREAM;VERIFIED_MODEL_GRID,48c5cd443a26e3fff80e0ce178753281dca47478aa2b0f8ad371bcdd46067d4c,2026-09-19T14:13:00+00:00,2026-09-19 19:13:00,76.1,1009.5,72
13.3,19.5,46.4,1209.0,351.0,54.6,6.8,3.7,0.9,446.0,300.1,19.8,6.8,35.5,28.2,23.59,False,4095,0.0,2.1,0.0,EXT-OPEN-METEO-KHI,KARACHI,OPENSOURCE_API_GRID,855,,,,0.95,True,True,TIER2_OPENSOURCE_PURE;CONTINUOUS_MINUTE_STREAM;VERIFIED_MODEL_GRID,378c74506408fa47974865ef6e44cf28af6f203da2e0d8a5a13e3d61d72d6056,2026-09-19T14:14:00+00:00,2026-09-19 19:14:00,76.1,1009.5,72
13.3,19.5,46.3,1209.0,351.0,54.6,6.8,3.7,0.9,446.0,300.0,19.9,6.8,35.2,28.2,23.59,False,4095,0.0,2.1,0.0,EXT-OPEN-METEO-KHI,KARACHI,OPENSOURCE_API_GRID,856,,,,0.95,True,True,TIER2_OPENSOURCE_PURE;CONTINUOUS_MINUTE_STREAM;VERIFIED_MODEL_GRID,6638a1f1a10ef18956e82fe8cf66a1a4663da5b5293ba497ec82ff66579f84f0,2026-09-19T14:15:00+00:00,2026-09-19 19:15:00,76.1,1009.5,72
13.2,19.4,46.2,1202.8,349.2,54.3,6.8,3.7,0.9,446.0,299.8,20.0,6.8,35.0,28.2,23.61,False,4095,0.0,2.2,0.0,EXT-OPEN-METEO-KHI,KARACHI,OPENSOURCE_API_GRID,857,,,,0.95,True,True,TIER2_OPENSOURCE_PURE;CONTINUOUS_MINUTE_STREAM;VERIFIED_MODEL_GRID,c4b9a031bdea4822fa36967d2cc1b498c28e3de6a6f5822e7e0ef882f7b50992,2026-09-19T14:16:00+00:00,2026-09-19 19:16:00,76.2,1009.5,72
13.2,19.4,46.1,1202.8,349.2,54.3,6.8,3.7,0.9,446.0,299.7,20.1,6.8,34.8,28.2,23.61,False,4095,0.0,2.2,0.0,EXT-OPEN-METEO-KHI,KARACHI,OPENSOURCE_API_GRID,858,,,,0.95,True,True,TIER2_OPENSOURCE_PURE;CONTINUOUS_MINUTE_STREAM;VERIFIED_MODEL_GRID,9e9ec0a4ef1fbf6712bdc6e6fc9d17f50034b70b1b3752f4f14e567b7b389ff2,2026-09-19T14:17:00+00:00,2026-09-19 19:17:00,76.2,1009.5,72
13.2,19.4,46.0,1202.8,349.2,54.3,6.8,3.7,0.9,446.0,299.6,20.1,6.8,34.5,28.2,23.63,False,4095,0.0,2.2,0.0,EXT-OPEN-METEO-KHI,KARACHI,OPENSOURCE_API_GRID,859,,,,0.95,True,True,TIER2_OPENSOURCE_PURE;CONTINUOUS_MINUTE_STREAM;VERIFIED_MODEL_GRID,c915845bf47a00d3fec74b8af2cba8f6d74da48fc6ac4a6a544f8ff30b6ad73e,2026-09-19T14:18:00+00:00,2026-09-19 19:18:00,76.3,1009.5,72
13.1,19.3,45.9,1196.6,347.4,54.0,6.8,3.7,0.9,446.0,299.4,20.2,6.8,34.3,28.2,23.63,False,4095,0.0,2.2,0.0,EXT-OPEN-METEO-KHI,KARACHI,OPENSOURCE_API_GRID,860,,,,0.95,True,True,TIER2_OPENSOURCE_PURE;CONTINUOUS_MINUTE_STREAM;VERIFIED_MODEL_GRID,b676133c0719c37c0326523a8499ddbeef65c15b46e18193b0eabbbbca1827c8,2026-09-19T14:19:00+00:00,2026-09-19 19:19:00,76.3,1009.5,72
13.1,19.3,45.8,1196.6,347.4,54.0,6.8,3.7,0.9,446.0,299.2,20.3,6.8,34.0,28.2,23.65,False,4095,0.0,2.2,0.0,EXT-OPEN-METEO-KHI,KARACHI,OPENSOURCE_API_GRID,861,,,,0.95,True,True,TIER2_OPENSOURCE_PURE;CONTINUOUS_MINUTE_STREAM;VERIFIED_MODEL_GRID,b499c2b51293217ef9eaa72c4598e7015f1b77d7ae0f44cb118368af33aa3c6b,2026-09-19T14:20:00+00:00,2026-09-19 19:20:00,76.4,1009.5,72
13.1,19.3,45.8,1196.6,347.4,54.0,6.8,3.7,0.9,446.0,299.1,20.5,6.9,33.7,28.2,23.65,False,4095,0.0,2.3,0.0,EXT-OPEN-METEO-KHI,KARACHI,OPENSOURCE_API_GRID,862,,,,0.95,True,True,TIER2_OPENSOURCE_PURE;CONTINUOUS_MINUTE_STREAM;VERIFIED_MODEL_GRID,47116e28174c37b7b7e9bbc45900f564cabe9f1b6cbf1cde4cae20fe3bd62ed5,2026-09-19T14:21:00+00:00,2026-09-19 19:21:00,76.4,1009.5,72
13.1,19.3,45.7,1196.6,347.4,54.0,6.8,3.7,0.9,446.0,298.9,20.6,6.9,33.4,28.2,23.68,False,4095,0.0,2.3,0.0,EXT-OPEN-METEO-KHI,KARACHI,OPENSOURCE_API_GRID,863,,,,0.95,True,True,TIER2_OPENSOURCE_PURE;CONTINUOUS_MINUTE_STREAM;VERIFIED_MODEL_GRID,3f63d9edac3a3d0c091afbfc3fd2103819d010008b495d652a1712d62103db3b,2026-09-19T14:22:00+00:00,2026-09-19 19:22:00,76.5,1009.5,72
13.1,19.3,45.7,1196.6,347.4,54.0,6.8,3.7,0.9,446.0,298.8,20.7,6.9,33.2,28.2,23.7,False,4095,0.0,2.3,0.0,EXT-OPEN-METEO-KHI,KARACHI,OPENSOURCE_API_GRID,864,,,,0.95,True,True,TIER2_OPENSOURCE_PURE;CONTINUOUS_MINUTE_STREAM;VERIFIED_MODEL_GRID,3a343cafa98a82c820f400ea2bdf9e6727665c01939d061e49a1a530fe54c458,2026-09-19T14:23:00+00:00,2026-09-19 19:23:00,76.6,1009.6,72
13.1,19.3,45.7,1196.6,347.4,54.0,6.8,3.7,0.9,446.0,298.6,20.8,6.9,32.9,28.2,23.72,False,4095,0.0,2.3,0.0,EXT-OPEN-METEO-KHI,KARACHI,OPENSOURCE_API_GRID,865,,,,0.95,True,True,TIER2_OPENSOURCE_PURE;CONTINUOUS_MINUTE_STREAM;VERIFIED_MODEL_GRID,e445828a22d8e68dbf364a3144bf32384b81a822cab57acc7b5c18fd2ebee4af,2026-09-19T14:24:00+00:00,2026-09-19 19:24:00,76.7,1009.6,72
13.1,19.3,45.6,1196.6,347.4,54.0,6.8,3.6,0.9,446.0,298.4,20.9,6.9,32.6,28.2,23.72,False,4095,0.0,2.4,0.0,EXT-OPEN-METEO-KHI,KARACHI,OPENSOURCE_API_GRID,866,,,,0.95,True,True,TIER2_OPENSOURCE_PURE;CONTINUOUS_MINUTE_STREAM;VERIFIED_MODEL_GRID,27d41563c4e54c915b61d2f2dbc06da088535d1d3704eb31116f8fdf49927d6f,2026-09-19T14:25:00+00:00,2026-09-19 19:25:00,76.7,1009.6,72
13.2,19.4,45.6,1202.8,349.2,54.3,6.8,3.6,0.9,446.0,298.2,21.0,6.9,32.2,28.2,23.74,False,4095,0.0,2.4,0.0,EXT-OPEN-METEO-KHI,KARACHI,OPENSOURCE_API_GRID,867,,,,0.95,True,True,TIER2_OPENSOURCE_PURE;CONTINUOUS_MINUTE_STREAM;VERIFIED_MODEL_GRID,75d860dd3f87aa145de05d23d89682ff32c9fe5a05764084158e97c2d85720a6,2026-09-19T14:26:00+00:00,2026-09-19 19:26:00,76.8,1009.6,72
13.2,19.4,45.6,1202.8,349.2,54.3,6.8,3.6,0.9,446.0,298.0,21.1,6.9,31.9,28.2,23.76,False,4095,0.0,2.4,0.0,EXT-OPEN-METEO-KHI,KARACHI,OPENSOURCE_API_GRID,868,,,,0.95,True,True,TIER2_OPENSOURCE_PURE;CONTINUOUS_MINUTE_STREAM;VERIFIED_MODEL_GRID,ce40e0463e6b73f8f804a4055af7a48d1de9794fb9bef78270034c65653a9711,2026-09-19T14:27:00+00:00,2026-09-19 19:27:00,76.9,1009.6,72
13.1,19.3,45.4,1196.6,347.4,54.0,6.8,3.6,0.9,446.0,297.9,21.3,6.9,31.6,28.2,23.78,False,4095,0.0,2.4,0.0,EXT-OPEN-METEO-KHI,KARACHI,OPENSOURCE_API_GRID,869,,,,0.95,True,True,TIER2_OPENSOURCE_PURE;CONTINUOUS_MINUTE_STREAM;VERIFIED_MODEL_GRID,9f0c8d077859fc84252a24ae8623a837544abe28b79fa92e6ef5f0e76e783e19,2026-09-19T14:28:00+00:00,2026-09-19 19:28:00,77.0,1009.6,72
13.1,19.3,45.3,1196.6,347.4,54.0,6.8,3.6,0.9,446.0,297.7,21.4,6.9,31.3,28.2,23.81,False,4095,0.0,2.5,0.0,EXT-OPEN-METEO-KHI,KARACHI,OPENSOURCE_API_GRID,870,,,,0.95,True,True,TIER2_OPENSOURCE_PURE;CONTINUOUS_MINUTE_STREAM;VERIFIED_MODEL_GRID,045a79a72eb222995db97ce4ada11594813f15c48f93a9ef0ee89f6c1cbe01b4,2026-09-19T14:29:00+00:00,2026-09-19 19:29:00,77.1,1009.6,72
13.1,19.3,45.3,1196.6,347.4,54.0,6.8,3.6,0.9,446.0,297.5,21.5,6.9,31.0,28.2,23.81,False,4095,0.0,2.5,0.0,EXT-OPEN-METEO-KHI,KARACHI,OPENSOURCE_API_GRID,871,,,,0.95,True,True,TIER2_OPENSOURCE_PURE;CONTINUOUS_MINUTE_STREAM;VERIFIED_MODEL_GRID,81b70f07b4e01c5172eaff29d450ca23bcdaacc4baf50d8127e6998ba3dc0471,2026-09-19T14:30:00+00:00,2026-09-19 19:30:00,77.1,1009.7,72
13.1,19.3,45.2,1196.6,347.4,54.0,6.8,3.6,0.9,446.0,297.3,21.6,6.9,30.7,28.2,23.83,False,4095,0.0,2.5,0.0,EXT-OPEN-METEO-KHI,KARACHI,OPENSOURCE_API_GRID,872,,,,0.95,True,True,TIER2_OPENSOURCE_PURE;CONTINUOUS_MINUTE_STREAM;VERIFIED_MODEL_GRID,845c7977858c9e1dfcdf801d9ad029336ab58e28a325dff523b1e295904a1843,2026-09-19T14:31:00+00:00,2026-09-19 19:31:00,77.2,1009.7,72
13.1,19.3,45.2,1196.6,347.4,54.0,6.8,3.6,0.9,446.0,297.1,21.7,6.9,30.4,28.2,23.83,False,4095,0.0,2.6,0.0,EXT-OPEN-METEO-KHI,KARACHI,OPENSOURCE_API_GRID,873,,,,0.95,True,True,TIER2_OPENSOURCE_PURE;CONTINUOUS_MINUTE_STREAM;VERIFIED_MODEL_GRID,8f4c71cf9644ec4252ea88ccfc858a2473f64c8c814743b2a3085cee103b16a1,2026-09-19T14:32:00+00:00,2026-09-19 19:32:00,77.2,1009.7,72
13.1,19.3,45.1,1196.6,347.4,54.0,6.8,3.6,0.9,446.0,297.0,21.9,6.9,30.1,28.2,23.85,False,4095,0.0,2.6,0.0,EXT-OPEN-METEO-KHI,KARACHI,OPENSOURCE_API_GRID,874,,,,0.95,True,True,TIER2_OPENSOURCE_PURE;CONTINUOUS_MINUTE_STREAM;VERIFIED_MODEL_GRID,4ed724be4223b22e6ea7870d7bf0406387cf9adfe9c613f95dce5cfeeb0b7333,2026-09-19T14:33:00+00:00,2026-09-19 19:33:00,77.3,1009.7,72
13.1,19.3,45.0,1196.6,347.4,54.0,6.8,3.6,0.9,446.0,296.8,22.0,6.9,29.8,28.2,23.85,False,4095,0.0,2.6,0.0,EXT-OPEN-METEO-KHI,KARACHI,OPENSOURCE_API_GRID,875,,,,0.95,True,True,TIER2_OPENSOURCE_PURE;CONTINUOUS_MINUTE_STREAM;VERIFIED_MODEL_GRID,f101d147acda905954501d9e81adc4026f399e720a6a3e40b6fcdbfbfd37b2ad,2026-09-19T14:34:00+00:00,2026-09-19 19:34:00,77.3,1009.7,72
13.1,19.2,44.9,1190.4,345.6,53.8,6.7,3.6,0.9,446.0,296.6,22.1,6.9,29.4,28.2,23.85,False,4095,0.0,2.6,0.0,EXT-OPEN-METEO-KHI,KARACHI,OPENSOURCE_API_GRID,876,,,,0.95,True,True,TIER2_OPENSOURCE_PURE;CONTINUOUS_MINUTE_STREAM;VERIFIED_MODEL_GRID,78bbe9c1c2580fc30df7d35579773b8f5abf5c1383963ca94ccb35641c4db568,2026-09-19T14:35:00+00:00,2026-09-19 19:35:00,77.3,1009.7,72
13.1,19.2,44.8,1190.4,345.6,53.8,6.7,3.6,0.9,446.0,296.4,22.2,6.9,29.1,28.2,23.85,False,4095,0.0,2.7,0.0,EXT-OPEN-METEO-KHI,KARACHI,OPENSOURCE_API_GRID,877,,,,0.95,True,True,TIER2_OPENSOURCE_PURE;CONTINUOUS_MINUTE_STREAM;VERIFIED_MODEL_GRID,29d40ac9f2ae81ac1fe12a2974dfcafbbffb56d8b860e0ef613e0ef55ae0313c,2026-09-19T14:36:00+00:00,2026-09-19 19:36:00,77.3,1009.7,72
13.1,19.2,44.7,1190.4,345.6,53.8,6.7,3.6,0.9,446.0,296.2,22.3,6.9,28.8,28.1,23.77,False,4095,0.0,2.7,0.0,EXT-OPEN-METEO-KHI,KARACHI,OPENSOURCE_API_GRID,878,,,,0.95,True,True,TIER2_OPENSOURCE_PURE;CONTINUOUS_MINUTE_STREAM;VERIFIED_MODEL_GRID,5a20ce848cd5b855f14ceb0096bd471eea4f7a686edec5a619860d958df0f5f7,2026-09-19T14:37:00+00:00,2026-09-19 19:37:00,77.4,1009.8,72
13.0,19.1,44.6,1184.2,343.8,53.5,6.7,3.6,0.9,446.0,296.1,22.4,6.9,28.6,28.1,23.77,False,4095,0.0,2.7,0.0,EXT-OPEN-METEO-KHI,KARACHI,OPENSOURCE_API_GRID,879,,,,0.95,True,True,TIER2_OPENSOURCE_PURE;CONTINUOUS_MINUTE_STREAM;VERIFIED_MODEL_GRID,dd55ec3410d47a4469632200ed5356a37ce953ef39a955df2d14b052db90a443,2026-09-19T14:38:00+00:00,2026-09-19 19:38:00,77.4,1009.8,72
13.0,19.1,44.5,1184.2,343.8,53.5,6.7,3.6,0.9,446.0,295.9,22.5,6.9,28.3,28.1,23.77,False,4095,0.0,2.7,0.0,EXT-OPEN-METEO-KHI,KARACHI,OPENSOURCE_API_GRID,880,,,,0.95,True,True,TIER2_OPENSOURCE_PURE;CONTINUOUS_MINUTE_STREAM;VERIFIED_MODEL_GRID,59704b0943b5f6b58e85f001ec35d83369a9c8b8ab76b2f985169e76b11dc323,2026-09-19T14:39:00+00:00,2026-09-19 19:39:00,77.4,1009.8,72
12.9,19.0,44.3,1178.0,342.0,53.2,6.6,3.5,0.9,446.0,295.8,22.6,6.9,28.0,28.1,23.77,False,4095,0.0,2.8,0.0,EXT-OPEN-METEO-KHI,KARACHI,OPENSOURCE_API_GRID,881,,,,0.95,True,True,TIER2_OPENSOURCE_PURE;CONTINUOUS_MINUTE_STREAM;VERIFIED_MODEL_GRID,81ad8326bc1423778aac63ad8d35db82b6569902dca1ab1faf901030907a2f4e,2026-09-19T14:40:00+00:00,2026-09-19 19:40:00,77.4,1009.8,72
12.9,18.9,44.2,1171.8,340.2,52.9,6.6,3.5,0.9,446.0,295.6,22.8,7.0,27.7,28.1,23.79,False,4095,0.0,2.8,0.0,EXT-OPEN-METEO-KHI,KARACHI,OPENSOURCE_API_GRID,882,,,,0.95,True,True,TIER2_OPENSOURCE_PURE;CONTINUOUS_MINUTE_STREAM;VERIFIED_MODEL_GRID,0bf3ff52c946a7175ad3a97b138899137a9d74514e5d53420bbda4d22b457e87,2026-09-19T14:41:00+00:00,2026-09-19 19:41:00,77.5,1009.8,72
12.9,18.9,44.0,1171.8,340.2,52.9,6.6,3.5,0.9,446.0,295.4,22.9,7.0,27.5,28.1,23.79,False,4095,0.0,2.8,0.0,EXT-OPEN-METEO-KHI,KARACHI,OPENSOURCE_API_GRID,883,,,,0.95,True,True,TIER2_OPENSOURCE_PURE;CONTINUOUS_MINUTE_STREAM;VERIFIED_MODEL_GRID,5fa2f7a3fb0cc08f0f5122b238a3bb5b2541af718a9d661e95ff4642e35a1610,2026-09-19T14:42:00+00:00,2026-09-19 19:42:00,77.5,1009.8,72
12.8,18.8,43.9,1165.6,338.4,52.6,6.6,3.5,0.9,446.0,295.3,22.9,7.0,27.2,28.1,23.79,False,4095,0.0,2.8,0.0,EXT-OPEN-METEO-KHI,KARACHI,OPENSOURCE_API_GRID,884,,,,0.95,True,True,TIER2_OPENSOURCE_PURE;CONTINUOUS_MINUTE_STREAM;VERIFIED_MODEL_GRID,b211e957d6e4646f7efd360c72f1d02052d2d721be10799c500dea56ff48bbfb,2026-09-19T14:43:00+00:00,2026-09-19 19:43:00,77.5,1009.8,72
12.7,18.7,43.7,1159.4,336.6,52.4,6.5,3.5,0.9,446.0,295.2,23.0,7.0,27.0,28.0,23.7,False,4095,0.0,2.8,0.0,EXT-OPEN-METEO-KHI,KARACHI,OPENSOURCE_API_GRID,885,,,,0.95,True,True,TIER2_OPENSOURCE_PURE;CONTINUOUS_MINUTE_STREAM;VERIFIED_MODEL_GRID,a801b23d1a5dd0aa8b9030b13f093dd75bac1c050161619210ddba1543fe3329,2026-09-19T14:44:00+00:00,2026-09-19 19:44:00,77.5,1009.8,72
12.7,18.7,43.6,1159.4,336.6,52.4,6.5,3.5,0.9,446.0,295.0,23.1,7.0,26.8,28.0,23.72,False,4095,0.0,2.9,0.0,EXT-OPEN-METEO-KHI,KARACHI,OPENSOURCE_API_GRID,886,,,,0.95,True,True,TIER2_OPENSOURCE_PURE;CONTINUOUS_MINUTE_STREAM;VERIFIED_MODEL_GRID,9842e4c5807f261ddae6785653d3cbb3301e6f932c9280d1eb1d2a77d2c9459e,2026-09-19T14:45:00+00:00,2026-09-19 19:45:00,77.6,1009.8,72
12.6,18.6,43.5,1153.2,334.8,52.1,6.5,3.5,0.9,446.0,294.9,23.2,7.0,26.5,28.0,23.72,False,4095,0.0,2.9,0.0,EXT-OPEN-METEO-KHI,KARACHI,OPENSOURCE_API_GRID,887,,,,0.95,True,True,TIER2_OPENSOURCE_PURE;CONTINUOUS_MINUTE_STREAM;VERIFIED_MODEL_GRID,02f5d2fa0c6ac9c955e4e4beb9612b2c1fefeebf1d2ffbe0ec85df7a949eeeae,2026-09-19T14:46:00+00:00,2026-09-19 19:46:00,77.6,1009.9,72
12.6,18.6,43.4,1153.2,334.8,52.1,6.5,3.5,0.9,446.0,294.8,23.3,7.0,26.3,28.0,23.72,False,4095,0.0,2.9,0.0,EXT-OPEN-METEO-KHI,KARACHI,OPENSOURCE_API_GRID,888,,,,0.95,True,True,TIER2_OPENSOURCE_PURE;CONTINUOUS_MINUTE_STREAM;VERIFIED_MODEL_GRID,f5216e01b03c4dd316dbe125ec0cb71d115ff95f46152ee36b7e29fd14567d68,2026-09-19T14:47:00+00:00,2026-09-19 19:47:00,77.6,1009.9,72
12.6,18.5,43.3,1147.0,333.0,51.8,6.5,3.5,0.9,446.0,294.7,23.4,7.0,26.1,28.0,23.74,False,4095,0.0,2.9,0.0,EXT-OPEN-METEO-KHI,KARACHI,OPENSOURCE_API_GRID,889,,,,0.95,True,True,TIER2_OPENSOURCE_PURE;CONTINUOUS_MINUTE_STREAM;VERIFIED_MODEL_GRID,4ba1b6f428d4a4643c5a4f89e9a8c8f33b8d3b368c0c3e953742103df3da988d,2026-09-19T14:48:00+00:00,2026-09-19 19:48:00,77.7,1009.9,72
12.6,18.5,43.2,1147.0,333.0,51.8,6.5,3.5,0.9,446.0,294.6,23.4,7.0,26.0,28.0,23.74,False,4095,0.0,2.9,0.0,EXT-OPEN-METEO-KHI,KARACHI,OPENSOURCE_API_GRID,890,,,,0.95,True,True,TIER2_OPENSOURCE_PURE;CONTINUOUS_MINUTE_STREAM;VERIFIED_MODEL_GRID,3d1019f751b17885761fa18f6741a8fe08b60736ecdd2e602ce8f3c48c390a6d,2026-09-19T14:49:00+00:00,2026-09-19 19:49:00,77.7,1009.9,72
12.6,18.5,43.2,1147.0,333.0,51.8,6.5,3.5,0.9,446.0,294.5,23.5,7.0,25.8,28.0,23.74,False,4095,0.0,2.9,0.0,EXT-OPEN-METEO-KHI,KARACHI,OPENSOURCE_API_GRID,891,,,,0.95,True,True,TIER2_OPENSOURCE_PURE;CONTINUOUS_MINUTE_STREAM;VERIFIED_MODEL_GRID,8bca2375d07af0a3687a90be1360779bf544189c53861ded9c39024aa2105b21,2026-09-19T14:50:00+00:00,2026-09-19 19:50:00,77.7,1009.9,72
12.6,18.5,43.1,1147.0,333.0,51.8,6.5,3.4,0.9,446.0,294.4,23.5,7.0,25.7,28.0,23.76,False,4095,0.0,2.9,0.0,EXT-OPEN-METEO-KHI,KARACHI,OPENSOURCE_API_GRID,892,,,,0.95,True,True,TIER2_OPENSOURCE_PURE;CONTINUOUS_MINUTE_STREAM;VERIFIED_MODEL_GRID,aa097bafed7ed3879d87c45b411bcec6f80e0d168f26ee2d0cd7900b2699c6d1,2026-09-19T14:51:00+00:00,2026-09-19 19:51:00,77.8,1009.9,72
12.6,18.5,43.1,1147.0,333.0,51.8,6.5,3.4,0.9,446.0,294.3,23.6,7.0,25.5,28.0,23.76,False,4095,0.0,3.0,0.0,EXT-OPEN-METEO-KHI,KARACHI,OPENSOURCE_API_GRID,893,,,,0.95,True,True,TIER2_OPENSOURCE_PURE;CONTINUOUS_MINUTE_STREAM;VERIFIED_MODEL_GRID,212576a2628bcba24f2e362392291c81c4b1f8a4293ea38833e647be35974dd3,2026-09-19T14:52:00+00:00,2026-09-19 19:52:00,77.8,1009.9,72
12.6,18.5,43.1,1147.0,333.0,51.8,6.5,3.4,0.9,446.0,294.2,23.6,7.0,25.4,28.0,23.78,False,4095,0.0,3.0,0.0,EXT-OPEN-METEO-KHI,KARACHI,OPENSOURCE_API_GRID,894,,,,0.95,True,True,TIER2_OPENSOURCE_PURE;CONTINUOUS_MINUTE_STREAM;VERIFIED_MODEL_GRID,b8a4c93c41226055ac327d7faa9d286742e6d11d1120d13be895f6371a561013,2026-09-19T14:53:00+00:00,2026-09-19 19:53:00,77.9,1009.9,72
12.6,18.5,43.2,1147.0,333.0,51.8,6.5,3.5,0.9,446.0,294.2,23.7,7.0,25.3,28.0,23.78,False,4095,0.0,3.0,0.0,EXT-OPEN-METEO-KHI,KARACHI,OPENSOURCE_API_GRID,895,,,,0.95,True,True,TIER2_OPENSOURCE_PURE;CONTINUOUS_MINUTE_STREAM;VERIFIED_MODEL_GRID,73e1b2b99375a3e33602d45c755f1eaf081c438d38780a633eca96e722baa956,2026-09-19T14:54:00+00:00,2026-09-19 19:54:00,77.9,1009.9,72
12.6,18.6,43.2,1153.2,334.8,52.1,6.5,3.5,0.9,446.0,294.1,23.7,7.0,25.2,28.0,23.78,False,4095,0.0,3.0,0.0,EXT-OPEN-METEO-KHI,KARACHI,OPENSOURCE_API_GRID,896,,,,0.95,True,True,TIER2_OPENSOURCE_PURE;CONTINUOUS_MINUTE_STREAM;VERIFIED_MODEL_GRID,cb38dbd6f30bbd1cfeb54eb131ee5285fd6073318e13acf9cc1bd81a2a0a2c7a,2026-09-19T14:55:00+00:00,2026-09-19 19:55:00,77.9,1009.9,72
12.6,18.6,43.2,1153.2,334.8,52.1,6.5,3.5,0.9,446.0,294.1,23.7,7.0,25.1,28.0,23.8,False,4095,0.0,3.0,0.0,EXT-OPEN-METEO-KHI,KARACHI,OPENSOURCE_API_GRID,897,,,,0.95,True,True,TIER2_OPENSOURCE_PURE;CONTINUOUS_MINUTE_STREAM;VERIFIED_MODEL_GRID,8a7c96c927c339e1edec6bb1fd165cd9d4d0d36e7eac73f599f69db5a8bba983,2026-09-19T14:56:00+00:00,2026-09-19 19:56:00,78.0,1009.9,72
12.6,18.6,43.3,1153.2,334.8,52.1,6.5,3.5,0.9,446.0,294.0,23.8,7.0,25.1,28.0,23.8,False,4095,0.0,3.0,0.0,EXT-OPEN-METEO-KHI,KARACHI,OPENSOURCE_API_GRID,898,,,,0.95,True,True,TIER2_OPENSOURCE_PURE;CONTINUOUS_MINUTE_STREAM;VERIFIED_MODEL_GRID,11771d6c37a8b8a7393fb68b79d16b6ee195c2f7f7027d7000504d02095814c8,2026-09-19T14:57:00+00:00,2026-09-19 19:57:00,78.0,1009.9,72
12.7,18.7,43.3,1159.4,336.6,52.4,6.5,3.5,0.9,446.0,294.0,23.8,7.0,25.0,28.0,23.8,False,4095,0.0,3.0,0.0,EXT-OPEN-METEO-KHI,KARACHI,OPENSOURCE_API_GRID,899,,,,0.95,True,True,TIER2_OPENSOURCE_PURE;CONTINUOUS_MINUTE_STREAM;VERIFIED_MODEL_GRID,d9638ad996468f955cd38d6f09a9633cdb3aa487890d59e91884ec6e815b2460,2026-09-19T14:58:00+00:00,2026-09-19 19:58:00,78.0,1009.9,72
12.6,18.6,43.2,1153.2,334.8,52.1,6.5,3.5,0.9,446.0,294.0,23.8,7.0,25.0,28.0,23.83,False,4095,0.0,3.0,0.0,EXT-OPEN-METEO-KHI,KARACHI,OPENSOURCE_API_GRID,900,,,,0.95,True,True,TIER2_OPENSOURCE_PURE;CONTINUOUS_MINUTE_STREAM;VERIFIED_MODEL_GRID,32358d4b5e7394f910ee57a82efb9f39e9ceb5d9399286c6ac7847bf0c6e7c86,2026-09-19T14:59:00+00:00,2026-09-19 19:59:00,78.1,1009.9,72
12.6,18.6,43.3,1153.2,334.8,52.1,6.5,3.5,0.9,446.0,294.0,23.8,7.0,25.0,28.0,23.83,False,4095,0.0,3.0,0.0,EXT-OPEN-METEO-KHI,KARACHI,OPENSOURCE_API_GRID,901,,,,0.95,True,False,TIER2_OPENSOURCE_PURE;HOURLY_NODE;VERIFIED_MODEL_GRID,121615324a17e26bb913469e1bac8739d02750e4b7730628fc80db6704e4aea1,2026-09-19T15:00:00+00:00,2026-09-19 20:00:00,78.1,1009.9,72
12.7,18.7,43.3,1159.4,336.6,52.4,6.5,3.5,0.9,446.0,294.0,23.8,7.0,25.0,28.0,23.83,False,4095,0.0,3.0,0.0,EXT-OPEN-METEO-KHI,KARACHI,OPENSOURCE_API_GRID,902,,,,0.95,True,True,TIER2_OPENSOURCE_PURE;CONTINUOUS_MINUTE_STREAM;VERIFIED_MODEL_GRID,a652fa02faacc46769766fcd182e9dd28573eacdbc907d00ddf6744026972388,2026-09-19T15:01:00+00:00,2026-09-19 20:01:00,78.1,1009.9,72
12.7,18.7,43.4,1159.4,336.6,52.4,6.5,3.5,0.9,446.0,294.0,23.8,7.0,25.0,28.0,23.83,False,4095,0.0,3.0,0.0,EXT-OPEN-METEO-KHI,KARACHI,OPENSOURCE_API_GRID,903,,,,0.95,True,True,TIER2_OPENSOURCE_PURE;CONTINUOUS_MINUTE_STREAM;VERIFIED_MODEL_GRID,2c16e747c722d9f43defeaf3f8abc07c00e007d90710217321286dffc7094c59,2026-09-19T15:02:00+00:00,2026-09-19 20:02:00,78.1,1009.9,72
12.8,18.8,43.4,1165.6,338.4,52.6,6.6,3.5,0.9,446.0,293.9,23.8,7.0,25.0,28.0,23.83,False,4095,0.0,3.0,0.0,EXT-OPEN-METEO-KHI,KARACHI,OPENSOURCE_API_GRID,904,,,,0.95,True,True,TIER2_OPENSOURCE_PURE;CONTINUOUS_MINUTE_STREAM;VERIFIED_MODEL_GRID,d577fd7d432e928b70407d62dc64bf63fb71316fed49af861d650dee7e9a0c8f,2026-09-19T15:03:00+00:00,2026-09-19 20:03:00,78.1,1009.9,72
12.8,18.8,43.4,1165.6,338.4,52.6,6.6,3.5,0.9,446.0,293.9,23.8,7.0,24.9,28.0,23.83,False,4095,0.0,3.0,0.0,EXT-OPEN-METEO-KHI,KARACHI,OPENSOURCE_API_GRID,905,,,,0.95,True,True,TIER2_OPENSOURCE_PURE;CONTINUOUS_MINUTE_STREAM;VERIFIED_MODEL_GRID,026c0e61e7b9f85c3092c4e26475aa3880c9e2c0285747fb1d523e3503ce8af3,2026-09-19T15:04:00+00:00,2026-09-19 20:04:00,78.1,1009.9,72
12.8,18.8,43.4,1165.6,338.4,52.6,6.6,3.5,0.9,446.0,293.8,23.9,7.0,24.9,28.0,23.83,False,4095,0.0,3.0,0.0,EXT-OPEN-METEO-KHI,KARACHI,OPENSOURCE_API_GRID,906,,,,0.95,True,True,TIER2_OPENSOURCE_PURE;CONTINUOUS_MINUTE_STREAM;VERIFIED_MODEL_GRID,bd99ba7684ed16603a7f01bae57670ce1bd94035c83c59e22467830b51076e00,2026-09-19T15:05:00+00:00,2026-09-19 20:05:00,78.1,1009.9,72
12.8,18.8,43.4,1165.6,338.4,52.6,6.6,3.5,0.9,446.0,293.7,23.9,7.0,24.8,28.0,23.83,False,4095,0.0,3.0,0.0,EXT-OPEN-METEO-KHI,KARACHI,OPENSOURCE_API_GRID,907,,,,0.95,True,True,TIER2_OPENSOURCE_PURE;CONTINUOUS_MINUTE_STREAM;VERIFIED_MODEL_GRID,c3a082292817edff143392564646a4cdeeb57eccdf7ba6b8afe70345caf97b22,2026-09-19T15:06:00+00:00,2026-09-19 20:06:00,78.1,1009.9,72
12.8,18.8,43.4,1165.6,338.4,52.6,6.6,3.5,0.9,446.0,293.6,23.9,7.0,24.7,28.0,23.83,False,4095,0.0,3.0,0.0,EXT-OPEN-METEO-KHI,KARACHI,OPENSOURCE_API_GRID,908,,,,0.95,True,True,TIER2_OPENSOURCE_PURE;CONTINUOUS_MINUTE_STREAM;VERIFIED_MODEL_GRID,ae3c466e4a4a6bc139d82d0c3edab43e5bb6e8dc8a7b73811cd2fe69edc33f87,2026-09-19T15:07:00+00:00,2026-09-19 20:07:00,78.1,1009.9,72
12.8,18.8,43.3,1165.6,338.4,52.6,6.6,3.5,0.9,446.0,293.4,24.0,7.0,24.7,28.0,23.83,False,4095,0.0,3.0,0.0,EXT-OPEN-METEO-KHI,KARACHI,OPENSOURCE_API_GRID,909,,,,0.95,True,True,TIER2_OPENSOURCE_PURE;CONTINUOUS_MINUTE_STREAM;VERIFIED_MODEL_GRID,93a612a9039481b97f09a96b523a92d8e0dfdd63bf94799a10608bf1d92a55ee,2026-09-19T15:08:00+00:00,2026-09-19 20:08:00,78.1,1009.9,72
12.7,18.7,43.3,1159.4,336.6,52.4,6.5,3.5,0.9,446.0,293.3,24.0,7.0,24.6,28.0,23.8,False,4095,0.0,3.0,0.0,EXT-OPEN-METEO-KHI,KARACHI,OPENSOURCE_API_GRID,910,,,,0.95,True,True,TIER2_OPENSOURCE_PURE;CONTINUOUS_MINUTE_STREAM;VERIFIED_MODEL_GRID,e7a933e797acf0cfb1e69b6da024fef5eb3897c487961d618a96c98542ac2c74,2026-09-19T15:09:00+00:00,2026-09-19 20:09:00,78.0,1009.9,72
12.7,18.7,43.2,1159.4,336.6,52.4,6.5,3.5,0.9,446.0,293.1,24.1,7.0,24.5,28.0,23.8,False,4095,0.0,3.0,0.0,EXT-OPEN-METEO-KHI,KARACHI,OPENSOURCE_API_GRID,911,,,,0.95,True,True,TIER2_OPENSOURCE_PURE;CONTINUOUS_MINUTE_STREAM;VERIFIED_MODEL_GRID,c1d3646cfa6427e3c03e56036813a15d142226cb95eef2e3c025550307c3d18a,2026-09-19T15:10:00+00:00,2026-09-19 20:10:00,78.0,1010.0,72
12.7,18.7,43.1,1159.4,336.6,52.4,6.5,3.4,0.9,446.0,293.0,24.2,7.0,24.4,28.0,23.8,False,4095,0.0,3.0,0.0,EXT-OPEN-METEO-KHI,KARACHI,OPENSOURCE_API_GRID,912,,,,0.95,True,True,TIER2_OPENSOURCE_PURE;CONTINUOUS_MINUTE_STREAM;VERIFIED_MODEL_GRID,0be5d179f8ceb60cc2054f2d8d5f0017b481e91a26cf7fc723226d2b2ab83ad2,2026-09-19T15:11:00+00:00,2026-09-19 20:11:00,78.0,1010.0,72
12.6,18.6,43.0,1153.2,334.8,52.1,6.5,3.4,0.9,446.0,292.8,24.2,7.1,24.2,28.0,23.8,False,4095,0.0,3.0,0.0,EXT-OPEN-METEO-KHI,KARACHI,OPENSOURCE_API_GRID,913,,,,0.95,True,True,TIER2_OPENSOURCE_PURE;CONTINUOUS_MINUTE_STREAM;VERIFIED_MODEL_GRID,ca5afba9b4fa052d7f1de768b87c64d02b474c27bc68e9511b780f6c43cf02b4,2026-09-19T15:12:00+00:00,2026-09-19 20:12:00,78.0,1010.0,72
12.6,18.6,42.9,1153.2,334.8,52.1,6.5,3.4,0.9,446.0,292.6,24.3,7.1,24.1,28.0,23.8,False,4095,0.0,3.0,0.0,EXT-OPEN-METEO-KHI,KARACHI,OPENSOURCE_API_GRID,914,,,,0.95,True,True,TIER2_OPENSOURCE_PURE;CONTINUOUS_MINUTE_STREAM;VERIFIED_MODEL_GRID,b3f60a83454985cbe8d3b34c194e066ac291625aef97a1514e0ffb18891c1fb1,2026-09-19T15:13:00+00:00,2026-09-19 20:13:00,78.0,1010.0,72
12.6,18.5,42.8,1147.0,333.0,51.8,6.5,3.4,0.9,446.0,292.3,24.4,7.1,24.0,28.0,23.8,False,4095,0.0,3.0,0.0,EXT-OPEN-METEO-KHI,KARACHI,OPENSOURCE_API_GRID,915,,,,0.95,True,True,TIER2_OPENSOURCE_PURE;CONTINUOUS_MINUTE_STREAM;VERIFIED_MODEL_GRID,086cb55fe5b1351eb8d6ee1b8378a1b4835699b8e10d5d5eff6553c137f42a57,2026-09-19T15:14:00+00:00,2026-09-19 20:14:00,78.0,1010.0,72
12.6,18.5,42.7,1147.0,333.0,51.8,6.5,3.4,0.9,446.0,292.1,24.4,7.1,23.8,28.0,23.8,False,4095,0.0,3.0,0.0,EXT-OPEN-METEO-KHI,KARACHI,OPENSOURCE_API_GRID,916,,,,0.95,True,True,TIER2_OPENSOURCE_PURE;CONTINUOUS_MINUTE_STREAM;VERIFIED_MODEL_GRID,ed8c7e115772db8ee103662bec96d828b870f0fe0520784c88a55e7c866d7895,2026-09-19T15:15:00+00:00,2026-09-19 20:15:00,78.0,1010.0,72
12.5,18.4,42.5,1140.8,331.2,51.5,6.4,3.4,0.8,446.0,291.8,24.5,7.1,23.7,28.0,23.8,False,4095,0.0,3.0,0.0,EXT-OPEN-METEO-KHI,KARACHI,OPENSOURCE_API_GRID,917,,,,0.95,True,True,TIER2_OPENSOURCE_PURE;CONTINUOUS_MINUTE_STREAM;VERIFIED_MODEL_GRID,12939478b2e110c2850befcc238934016360fbeb0943c965db853497891f5797,2026-09-19T15:16:00+00:00,2026-09-19 20:16:00,78.0,1010.0,72
12.5,18.4,42.4,1140.8,331.2,51.5,6.4,3.4,0.8,446.0,291.6,24.6,7.1,23.5,28.0,23.8,False,4095,0.0,3.0,0.0,EXT-OPEN-METEO-KHI,KARACHI,OPENSOURCE_API_GRID,918,,,,0.95,True,True,TIER2_OPENSOURCE_PURE;CONTINUOUS_MINUTE_STREAM;VERIFIED_MODEL_GRID,55c2cae0a6c5d7c6ae80f5147febb135e23a2682926d1fb19db0d1fa9d3cc45b,2026-09-19T15:17:00+00:00,2026-09-19 20:17:00,78.0,1010.0,72
12.5,18.4,42.3,1140.8,331.2,51.5,6.4,3.4,0.8,446.0,291.3,24.7,7.1,23.4,27.9,23.73,False,4095,0.0,3.0,0.0,EXT-OPEN-METEO-KHI,KARACHI,OPENSOURCE_API_GRID,919,,,,0.95,True,True,TIER2_OPENSOURCE_PURE;CONTINUOUS_MINUTE_STREAM;VERIFIED_MODEL_GRID,e0c0354ed244e1696b38d8e66378903f5867713f17069f2d33921a04bc608e05,2026-09-19T15:18:00+00:00,2026-09-19 20:18:00,78.1,1010.0,72
12.4,18.3,42.3,1134.6,329.4,51.2,6.4,3.4,0.8,446.0,291.0,24.8,7.1,23.2,27.9,23.73,False,4095,0.0,3.0,0.0,EXT-OPEN-METEO-KHI,KARACHI,OPENSOURCE_API_GRID,920,,,,0.95,True,True,TIER2_OPENSOURCE_PURE;CONTINUOUS_MINUTE_STREAM;VERIFIED_MODEL_GRID,639ab2b983086092b81a49edcd5b9c6635e3757502ea1ee78daa0822176b0759,2026-09-19T15:19:00+00:00,2026-09-19 20:19:00,78.1,1010.0,72
12.4,18.3,42.2,1134.6,329.4,51.2,6.4,3.4,0.8,446.0,290.8,24.9,7.1,23.0,27.9,23.73,False,4095,0.0,3.0,0.0,EXT-OPEN-METEO-KHI,KARACHI,OPENSOURCE_API_GRID,921,,,,0.95,True,True,TIER2_OPENSOURCE_PURE;CONTINUOUS_MINUTE_STREAM;VERIFIED_MODEL_GRID,1b27577018b7688c9ba68080ac18ad40130e0b970db3d134436406c3cd150ef3,2026-09-19T15:20:00+00:00,2026-09-19 20:20:00,78.1,1010.0,72
12.4,18.3,42.1,1134.6,329.4,51.2,6.4,3.4,0.8,446.0,290.5,25.0,7.2,22.8,27.9,23.73,False,4095,0.0,3.0,0.0,EXT-OPEN-METEO-KHI,KARACHI,OPENSOURCE_API_GRID,922,,,,0.95,True,True,TIER2_OPENSOURCE_PURE;CONTINUOUS_MINUTE_STREAM;VERIFIED_MODEL_GRID,a1ea428dc397e93d21eb853b95e5312dedd9c8a9d602d6d4b5ee7e0e472c61b1,2026-09-19T15:21:00+00:00,2026-09-19 20:21:00,78.1,1010.0,72
12.4,18.3,42.1,1134.6,329.4,51.2,6.4,3.4,0.8,446.0,290.1,25.1,7.2,22.6,27.9,23.75,False,4095,0.0,3.0,0.0,EXT-OPEN-METEO-KHI,KARACHI,OPENSOURCE_API_GRID,923,,,,0.95,True,True,TIER2_OPENSOURCE_PURE;CONTINUOUS_MINUTE_STREAM;VERIFIED_MODEL_GRID,09b052c0a650cb39e4c7ec4f29d01a47399df66dcc2e25ccb10d36993d5cfd08,2026-09-19T15:22:00+00:00,2026-09-19 20:22:00,78.2,1010.1,72
12.4,18.3,42.0,1134.6,329.4,51.2,6.4,3.4,0.8,446.0,289.8,25.2,7.2,22.4,27.9,23.75,False,4095,0.0,3.0,0.0,EXT-OPEN-METEO-KHI,KARACHI,OPENSOURCE_API_GRID,924,,,,0.95,True,True,TIER2_OPENSOURCE_PURE;CONTINUOUS_MINUTE_STREAM;VERIFIED_MODEL_GRID,9fbc079a2f3fea874a4f963a8c5b19cfea1fbd2d34252ab3b99c1e4908bed8e5,2026-09-19T15:23:00+00:00,2026-09-19 20:23:00,78.2,1010.1,72
12.5,18.4,42.0,1140.8,331.2,51.5,6.4,3.4,0.8,446.0,289.5,25.3,7.2,22.2,27.9,23.77,False,4095,0.0,3.0,0.0,EXT-OPEN-METEO-KHI,KARACHI,OPENSOURCE_API_GRID,925,,,,0.95,True,True,TIER2_OPENSOURCE_PURE;CONTINUOUS_MINUTE_STREAM;VERIFIED_MODEL_GRID,6c572711d81847647a2c95fe2e669c99aa1003d844a6ebcbd843ed2bd069fbba,2026-09-19T15:24:00+00:00,2026-09-19 20:24:00,78.3,1010.1,72
12.5,18.4,42.0,1140.8,331.2,51.5,6.4,3.4,0.8,446.0,289.2,25.4,7.2,22.0,27.9,23.77,False,4095,0.0,3.0,0.0,EXT-OPEN-METEO-KHI,KARACHI,OPENSOURCE_API_GRID,926,,,,0.95,True,True,TIER2_OPENSOURCE_PURE;CONTINUOUS_MINUTE_STREAM;VERIFIED_MODEL_GRID,349f7dc99d44d71e994a9edb9be3e3700696487293edea5a358bad51a0973f00,2026-09-19T15:25:00+00:00,2026-09-19 20:25:00,78.3,1010.1,72
12.5,18.4,42.0,1140.8,331.2,51.5,6.4,3.4,0.8,446.0,288.9,25.5,7.2,21.8,27.9,23.79,False,4095,0.0,3.0,0.0,EXT-OPEN-METEO-KHI,KARACHI,OPENSOURCE_API_GRID,927,,,,0.95,True,True,TIER2_OPENSOURCE_PURE;CONTINUOUS_MINUTE_STREAM;VERIFIED_MODEL_GRID,ab3c08c004dd9ac70ea863293678d0f02e48a78a25374cdb4e4cbe4bd58fe6cf,2026-09-19T15:26:00+00:00,2026-09-19 20:26:00,78.4,1010.1,72
12.6,18.5,42.0,1147.0,333.0,51.8,6.5,3.4,0.8,446.0,288.5,25.7,7.3,21.6,27.9,23.79,False,4095,0.0,3.0,0.0,EXT-OPEN-METEO-KHI,KARACHI,OPENSOURCE_API_GRID,928,,,,0.95,True,True,TIER2_OPENSOURCE_PURE;CONTINUOUS_MINUTE_STREAM;VERIFIED_MODEL_GRID,df5a68efebfd0ba495be7d9d951fdb07b7eef3df5a553ad7abeb2984ccdfda1b,2026-09-19T15:27:00+00:00,2026-09-19 20:27:00,78.4,1010.1,72
12.6,18.5,41.9,1147.0,333.0,51.8,6.5,3.4,0.8,446.0,288.2,25.8,7.3,21.4,27.9,23.81,False,4095,0.0,3.0,0.0,EXT-OPEN-METEO-KHI,KARACHI,OPENSOURCE_API_GRID,929,,,,0.95,True,True,TIER2_OPENSOURCE_PURE;CONTINUOUS_MINUTE_STREAM;VERIFIED_MODEL_GRID,5eb38b3a380e2350f7beb9f58b2a7d5b6183c5af68bec852e2b678b15b7a10af,2026-09-19T15:28:00+00:00,2026-09-19 20:28:00,78.5,1010.1,72
12.6,18.5,41.9,1147.0,333.0,51.8,6.5,3.4,0.8,446.0,287.8,25.9,7.3,21.2,27.9,23.81,False,4095,0.0,3.0,0.0,EXT-OPEN-METEO-KHI,KARACHI,OPENSOURCE_API_GRID,930,,,,0.95,True,True,TIER2_OPENSOURCE_PURE;CONTINUOUS_MINUTE_STREAM;VERIFIED_MODEL_GRID,26cc5ba921571720d578614e6cdcfe3cfc51f3397099b2edad61ac22138a35d4,2026-09-19T15:29:00+00:00,2026-09-19 20:29:00,78.5,1010.1,72
12.5,18.4,41.8,1140.8,331.2,51.5,6.4,3.3,0.8,446.0,287.5,26.0,7.3,21.0,27.9,23.86,False,4095,0.0,3.0,0.0,EXT-OPEN-METEO-KHI,KARACHI,OPENSOURCE_API_GRID,931,,,,0.95,True,True,TIER2_OPENSOURCE_PURE;CONTINUOUS_MINUTE_STREAM;VERIFIED_MODEL_GRID,771bc6c1f9cb1dc2fd3f6b14f06cd1d025a986f2e88f7c43e3ad451c7be210f9,2026-09-19T15:30:00+00:00,2026-09-19 20:30:00,78.7,1010.1,72
12.6,18.5,41.7,1147.0,333.0,51.8,6.5,3.3,0.8,446.0,287.2,26.1,7.3,20.8,28.0,23.95,False,4095,0.0,3.0,0.0,EXT-OPEN-METEO-KHI,KARACHI,OPENSOURCE_API_GRID,932,,,,0.95,True,True,TIER2_OPENSOURCE_PURE;CONTINUOUS_MINUTE_STREAM;VERIFIED_MODEL_GRID,b1373c65c406156796c73a8189f84af4a1dbc1369e2898a2a295c9036a8d407b,2026-09-19T15:31:00+00:00,2026-09-19 20:31:00,78.7,1010.2,72
12.6,18.5,41.7,1147.0,333.0,51.8,6.5,3.3,0.8,446.0,286.8,26.2,7.3,20.6,28.0,23.95,False,4095,0.0,3.0,0.0,EXT-OPEN-METEO-KHI,KARACHI,OPENSOURCE_API_GRID,933,,,,0.95,True,True,TIER2_OPENSOURCE_PURE;CONTINUOUS_MINUTE_STREAM;VERIFIED_MODEL_GRID,ae58b219de5c02992932455e97949ccf3d65650b9e369beaf9f5293f8ad586c6,2026-09-19T15:32:00+00:00,2026-09-19 20:32:00,78.7,1010.2,72
12.6,18.6,41.7,1153.2,334.8,52.1,6.5,3.3,0.8,446.0,286.5,26.3,7.3,20.4,28.0,23.95,False,4095,0.0,3.0,0.0,EXT-OPEN-METEO-KHI,KARACHI,OPENSOURCE_API_GRID,934,,,,0.95,True,True,TIER2_OPENSOURCE_PURE;CONTINUOUS_MINUTE_STREAM;VERIFIED_MODEL_GRID,ab19d1b7c0659ebe0a2f47918d68c8dfd141480e30cc6c64de13960d90d200f7,2026-09-19T15:33:00+00:00,2026-09-19 20:33:00,78.7,1010.2,72
12.6,18.6,41.7,1153.2,334.8,52.1,6.5,3.3,0.8,446.0,286.1,26.5,7.4,20.2,28.0,23.95,False,4095,0.0,3.0,0.0,EXT-OPEN-METEO-KHI,KARACHI,OPENSOURCE_API_GRID,935,,,,0.95,True,True,TIER2_OPENSOURCE_PURE;CONTINUOUS_MINUTE_STREAM;VERIFIED_MODEL_GRID,7c73b2c5e8c8d1f63c11c467aae3d7f834a23e3d8a46c31e6eb095b645bb4391,2026-09-19T15:34:00+00:00,2026-09-19 20:34:00,78.7,1010.2,72
12.6,18.6,41.6,1153.2,334.8,52.1,6.5,3.3,0.8,446.0,285.8,26.6,7.4,20.0,28.0,23.95,False,4095,0.0,3.0,0.0,EXT-OPEN-METEO-KHI,KARACHI,OPENSOURCE_API_GRID,936,,,,0.95,True,True,TIER2_OPENSOURCE_PURE;CONTINUOUS_MINUTE_STREAM;VERIFIED_MODEL_GRID,d9f50103b36f0fef63a91a890afef4cd7d5e3ad34ba816bf1741ae96beb7baed,2026-09-19T15:35:00+00:00,2026-09-19 20:35:00,78.7,1010.2,72
12.6,18.6,41.6,1153.2,334.8,52.1,6.5,3.3,0.8,446.0,285.5,26.7,7.4,19.8,28.0,23.95,False,4095,0.0,3.0,0.0,EXT-OPEN-METEO-KHI,KARACHI,OPENSOURCE_API_GRID,937,,,,0.95,True,True,TIER2_OPENSOURCE_PURE;CONTINUOUS_MINUTE_STREAM;VERIFIED_MODEL_GRID,8c64633621fd6aba49b1821f15f030a33f1d6c6b38fa8011c26f6c0e18138c49,2026-09-19T15:36:00+00:00,2026-09-19 20:36:00,78.7,1010.2,72
12.6,18.6,41.5,1153.2,334.8,52.1,6.5,3.3,0.8,446.0,285.2,26.8,7.4,19.6,28.0,23.95,False,4095,0.0,3.0,0.0,EXT-OPEN-METEO-KHI,KARACHI,OPENSOURCE_API_GRID,938,,,,0.95,True,True,TIER2_OPENSOURCE_PURE;CONTINUOUS_MINUTE_STREAM;VERIFIED_MODEL_GRID,08a64ce2e54ba4dfb6eaab59ad60e561d0e866fcb4461a9051a33f2a5daa2667,2026-09-19T15:37:00+00:00,2026-09-19 20:37:00,78.7,1010.3,72
12.6,18.6,41.5,1153.2,334.8,52.1,6.5,3.3,0.8,446.0,284.9,26.9,7.4,19.4,28.0,23.95,False,4095,0.0,3.0,0.0,EXT-OPEN-METEO-KHI,KARACHI,OPENSOURCE_API_GRID,939,,,,0.95,True,True,TIER2_OPENSOURCE_PURE;CONTINUOUS_MINUTE_STREAM;VERIFIED_MODEL_GRID,bdbbf1ad7c1aa17bff12673620153d1bee60ddb4a7cccc2128d541eb19cf7c81,2026-09-19T15:38:00+00:00,2026-09-19 20:38:00,78.7,1010.3,72
12.6,18.6,41.4,1153.2,334.8,52.1,6.5,3.3,0.8,446.0,284.5,27.0,7.4,19.2,28.0,23.95,False,4095,0.0,3.0,0.0,EXT-OPEN-METEO-KHI,KARACHI,OPENSOURCE_API_GRID,940,,,,0.95,True,True,TIER2_OPENSOURCE_PURE;CONTINUOUS_MINUTE_STREAM;VERIFIED_MODEL_GRID,209eb12275ed4862235563cca370a3f34a51f6f90cd2dc38cf9f856e9d1617a6,2026-09-19T15:39:00+00:00,2026-09-19 20:39:00,78.7,1010.3,72
12.6,18.5,41.3,1147.0,333.0,51.8,6.5,3.3,0.8,446.0,284.2,27.1,7.5,19.0,28.0,23.95,False,4095,0.0,3.0,0.0,EXT-OPEN-METEO-KHI,KARACHI,OPENSOURCE_API_GRID,941,,,,0.95,True,True,TIER2_OPENSOURCE_PURE;CONTINUOUS_MINUTE_STREAM;VERIFIED_MODEL_GRID,ce24eb4d3859595675118089388eb952242a8b6365201c1e3e70043b2e919388,2026-09-19T15:40:00+00:00,2026-09-19 20:40:00,78.7,1010.3,72
12.6,18.5,41.2,1147.0,333.0,51.8,6.5,3.3,0.8,446.0,284.0,27.2,7.5,18.8,28.0,23.95,False,4095,0.0,3.0,0.0,EXT-OPEN-METEO-KHI,KARACHI,OPENSOURCE_API_GRID,942,,,,0.95,True,True,TIER2_OPENSOURCE_PURE;CONTINUOUS_MINUTE_STREAM;VERIFIED_MODEL_GRID,08bef44791dcf98350affc489dd8ffcdfd33715c3d44307694cc2d4ee3d556e4,2026-09-19T15:41:00+00:00,2026-09-19 20:41:00,78.7,1010.3,72
12.6,18.5,41.0,1147.0,333.0,51.8,6.5,3.3,0.8,446.0,283.7,27.3,7.5,18.6,28.0,23.95,False,4095,0.0,3.0,0.0,EXT-OPEN-METEO-KHI,KARACHI,OPENSOURCE_API_GRID,943,,,,0.95,True,True,TIER2_OPENSOURCE_PURE;CONTINUOUS_MINUTE_STREAM;VERIFIED_MODEL_GRID,e0273a5d076c57f1648f8fcff8649e4ae661efcb64bbb5118ffa9b43f5e15588,2026-09-19T15:42:00+00:00,2026-09-19 20:42:00,78.7,1010.3,72
12.5,18.4,40.9,1140.8,331.2,51.5,6.4,3.3,0.8,446.0,283.4,27.4,7.5,18.5,27.9,23.86,False,4095,0.0,3.0,0.0,EXT-OPEN-METEO-KHI,KARACHI,OPENSOURCE_API_GRID,944,,,,0.95,True,True,TIER2_OPENSOURCE_PURE;CONTINUOUS_MINUTE_STREAM;VERIFIED_MODEL_GRID,5dd87f68e412a6aa8a080982f09eb5f3e53cdc7569fe39af22ba554b97032069,2026-09-19T15:43:00+00:00,2026-09-19 20:43:00,78.7,1010.3,72
12.5,18.4,40.8,1140.8,331.2,51.5,6.4,3.3,0.8,446.0,283.2,27.5,7.5,18.3,27.9,23.86,False,4095,0.0,3.0,0.0,EXT-OPEN-METEO-KHI,KARACHI,OPENSOURCE_API_GRID,945,,,,0.95,True,True,TIER2_OPENSOURCE_PURE;CONTINUOUS_MINUTE_STREAM;VERIFIED_MODEL_GRID,52386182fb7856f52524da05b79a05147799f664286d8e1ed77056bbe6ea819e,2026-09-19T15:44:00+00:00,2026-09-19 20:44:00,78.7,1010.3,72
12.4,18.3,40.7,1134.6,329.4,51.2,6.4,3.3,0.8,446.0,282.9,27.6,7.5,18.2,27.9,23.86,False,4095,0.0,3.0,0.0,EXT-OPEN-METEO-KHI,KARACHI,OPENSOURCE_API_GRID,946,,,,0.95,True,True,TIER2_OPENSOURCE_PURE;CONTINUOUS_MINUTE_STREAM;VERIFIED_MODEL_GRID,00d1dff1b51d6691d12ba90d08268834063110f05a33248fe65e2dd4114e15e9,2026-09-19T15:45:00+00:00,2026-09-19 20:45:00,78.7,1010.3,72
12.4,18.3,40.6,1134.6,329.4,51.2,6.4,3.2,0.8,446.0,282.7,27.6,7.5,18.0,27.9,23.86,False,4095,0.0,3.0,0.0,EXT-OPEN-METEO-KHI,KARACHI,OPENSOURCE_API_GRID,947,,,,0.95,True,True,TIER2_OPENSOURCE_PURE;CONTINUOUS_MINUTE_STREAM;VERIFIED_MODEL_GRID,831c33be2b1f2661d1253afb683d12852f7a42da2bff3b6527c61f600d28238e,2026-09-19T15:46:00+00:00,2026-09-19 20:46:00,78.7,1010.4,72
12.4,18.2,40.4,1128.4,327.6,51.0,6.4,3.2,0.8,446.0,282.4,27.7,7.5,17.9,27.9,23.86,False,4095,0.0,3.0,0.0,EXT-OPEN-METEO-KHI,KARACHI,OPENSOURCE_API_GRID,948,,,,0.95,True,True,TIER2_OPENSOURCE_PURE;CONTINUOUS_MINUTE_STREAM;VERIFIED_MODEL_GRID,9d91f616ef00c27cd9e6c1adfde5d8eaae60524c6700e4cce94eb9816821674a,2026-09-19T15:47:00+00:00,2026-09-19 20:47:00,78.7,1010.4,72
12.4,18.2,40.3,1128.4,327.6,51.0,6.4,3.2,0.8,446.0,282.2,27.8,7.5,17.8,27.9,23.88,False,4095,0.0,3.0,0.0,EXT-OPEN-METEO-KHI,KARACHI,OPENSOURCE_API_GRID,949,,,,0.95,True,True,TIER2_OPENSOURCE_PURE;CONTINUOUS_MINUTE_STREAM;VERIFIED_MODEL_GRID,3d6300a7a142dd5326b0d76d755dd7100a6067a9fbb471dddbe149820550b905,2026-09-19T15:48:00+00:00,2026-09-19 20:48:00,78.8,1010.4,72
12.3,18.1,40.3,1122.2,325.8,50.7,6.3,3.2,0.8,446.0,282.0,27.8,7.6,17.6,27.9,23.88,False,4095,0.0,3.0,0.0,EXT-OPEN-METEO-KHI,KARACHI,OPENSOURCE_API_GRID,950,,,,0.95,True,True,TIER2_OPENSOURCE_PURE;CONTINUOUS_MINUTE_STREAM;VERIFIED_MODEL_GRID,8b4fc9421d365bf7c137e1e3149cce458c2c08c213a4dc5262f9de9e2d6e7c86,2026-09-19T15:49:00+00:00,2026-09-19 20:49:00,78.8,1010.4,72
12.3,18.1,40.2,1122.2,325.8,50.7,6.3,3.2,0.8,446.0,281.9,27.9,7.6,17.5,27.9,23.88,False,4095,0.0,3.0,0.0,EXT-OPEN-METEO-KHI,KARACHI,OPENSOURCE_API_GRID,951,,,,0.95,True,True,TIER2_OPENSOURCE_PURE;CONTINUOUS_MINUTE_STREAM;VERIFIED_MODEL_GRID,a38d5d576690e58eba50cc32aa6465b5c049b4ff119d45d5abb50b96b2955d64,2026-09-19T15:50:00+00:00,2026-09-19 20:50:00,78.8,1010.4,72
12.3,18.1,40.2,1122.2,325.8,50.7,6.3,3.2,0.8,446.0,281.7,28.0,7.6,17.4,27.9,23.88,False,4095,0.0,3.0,0.0,EXT-OPEN-METEO-KHI,KARACHI,OPENSOURCE_API_GRID,952,,,,0.95,True,True,TIER2_OPENSOURCE_PURE;CONTINUOUS_MINUTE_STREAM;VERIFIED_MODEL_GRID,4e42202ce33b45c9036fd9ebcc9e9cbf57f715f7ed1c67ef4d709db6c13dc5ef,2026-09-19T15:51:00+00:00,2026-09-19 20:51:00,78.8,1010.4,72
12.3,18.1,40.1,1122.2,325.8,50.7,6.3,3.2,0.8,446.0,281.6,28.0,7.6,17.3,27.9,23.88,False,4095,0.0,3.0,0.0,EXT-OPEN-METEO-KHI,KARACHI,OPENSOURCE_API_GRID,953,,,,0.95,True,True,TIER2_OPENSOURCE_PURE;CONTINUOUS_MINUTE_STREAM;VERIFIED_MODEL_GRID,5dbbb21d940faaba7571abdce83dc0e030a1a2e560bb8e4e9cf3bb41e77f61e0,2026-09-19T15:52:00+00:00,2026-09-19 20:52:00,78.8,1010.4,72
12.3,18.1,40.1,1122.2,325.8,50.7,6.3,3.2,0.8,446.0,281.4,28.1,7.6,17.3,27.9,23.9,False,4095,0.0,3.0,0.0,EXT-OPEN-METEO-KHI,KARACHI,OPENSOURCE_API_GRID,954,,,,0.95,True,True,TIER2_OPENSOURCE_PURE;CONTINUOUS_MINUTE_STREAM;VERIFIED_MODEL_GRID,b6578c64944e7b12b240c7b1933e07d0bd1153e64892bd78b77186ee1da44a26,2026-09-19T15:53:00+00:00,2026-09-19 20:53:00,78.9,1010.4,72
12.3,18.1,40.1,1122.2,325.8,50.7,6.3,3.2,0.8,446.0,281.3,28.1,7.6,17.2,27.9,23.9,False,4095,0.0,3.0,0.0,EXT-OPEN-METEO-KHI,KARACHI,OPENSOURCE_API_GRID,955,,,,0.95,True,True,TIER2_OPENSOURCE_PURE;CONTINUOUS_MINUTE_STREAM;VERIFIED_MODEL_GRID,17b16cd7430366a12ebadc71b23bdc51621e8b872462446c89d3a7f92c07a935,2026-09-19T15:54:00+00:00,2026-09-19 20:54:00,78.9,1010.4,72
12.4,18.2,40.1,1128.4,327.6,51.0,6.4,3.2,0.8,446.0,281.2,28.1,7.6,17.1,27.9,23.9,False,4095,0.0,3.0,0.0,EXT-OPEN-METEO-KHI,KARACHI,OPENSOURCE_API_GRID,956,,,,0.95,True,True,TIER2_OPENSOURCE_PURE;CONTINUOUS_MINUTE_STREAM;VERIFIED_MODEL_GRID,5103aa901b5fba0ca2e724b8abb09158ac917f1d2a14dc98fc6dd523aa355c97,2026-09-19T15:55:00+00:00,2026-09-19 20:55:00,78.9,1010.4,72
12.4,18.2,40.2,1128.4,327.6,51.0,6.4,3.2,0.8,446.0,281.1,28.2,7.6,17.1,27.9,23.9,False,4095,0.0,3.0,0.0,EXT-OPEN-METEO-KHI,KARACHI,OPENSOURCE_API_GRID,957,,,,0.95,True,True,TIER2_OPENSOURCE_PURE;CONTINUOUS_MINUTE_STREAM;VERIFIED_MODEL_GRID,8646d6c088e5004f84deced4996c3f276785cf1c24a4ad18a6f1cd2f26eb2a8e,2026-09-19T15:56:00+00:00,2026-09-19 20:56:00,78.9,1010.4,72
12.4,18.2,40.2,1128.4,327.6,51.0,6.4,3.2,0.8,446.0,281.1,28.2,7.6,17.0,27.9,23.92,False,4095,0.0,3.0,0.0,EXT-OPEN-METEO-KHI,KARACHI,OPENSOURCE_API_GRID,958,,,,0.95,True,True,TIER2_OPENSOURCE_PURE;CONTINUOUS_MINUTE_STREAM;VERIFIED_MODEL_GRID,b73a13b0dfc479cf6a84b4c14b5cc8e284f76d716ba02dcf9f7e02daeeb6c764,2026-09-19T15:57:00+00:00,2026-09-19 20:57:00,79.0,1010.4,72
12.4,18.3,40.3,1134.6,329.4,51.2,6.4,3.2,0.8,446.0,281.0,28.2,7.6,17.0,27.9,23.92,False,4095,0.0,3.0,0.0,EXT-OPEN-METEO-KHI,KARACHI,OPENSOURCE_API_GRID,959,,,,0.95,True,True,TIER2_OPENSOURCE_PURE;CONTINUOUS_MINUTE_STREAM;VERIFIED_MODEL_GRID,5f8de6a7c9eb1ca5bf3b887a50919a8ad498fe497c5ec699985c6b1addc6d0fa,2026-09-19T15:58:00+00:00,2026-09-19 20:58:00,79.0,1010.4,72
12.4,18.3,40.4,1134.6,329.4,51.2,6.4,3.2,0.8,446.0,281.0,28.2,7.6,17.0,27.9,23.92,False,4095,0.0,3.0,0.0,EXT-OPEN-METEO-KHI,KARACHI,OPENSOURCE_API_GRID,960,,,,0.95,True,True,TIER2_OPENSOURCE_PURE;CONTINUOUS_MINUTE_STREAM;VERIFIED_MODEL_GRID,3f8d773a563c0436d2e354eb3e047c738497ba1ee151dfd23cd35384d2e1e6e6,2026-09-19T15:59:00+00:00,2026-09-19 20:59:00,79.0,1010.4,72
12.5,18.4,40.4,1140.8,331.2,51.5,6.4,3.2,0.8,446.0,281.0,28.2,7.6,17.0,27.9,23.92,False,4095,0.0,3.0,0.0,EXT-OPEN-METEO-KHI,KARACHI,OPENSOURCE_API_GRID,961,,,,0.95,True,False,TIER2_OPENSOURCE_PURE;HOURLY_NODE;VERIFIED_MODEL_GRID,ddc0d8530aa10ba96009d666c355d717b5e1276c940f999c9315868ec7292d6c,2026-09-19T16:00:00+00:00,2026-09-19 21:00:00,79.0,1010.4,72
12.4,18.3,40.3,1134.6,329.4,51.2,6.4,3.2,0.8,446.0,281.0,28.2,7.6,17.0,27.9,23.96,False,4095,0.0,3.0,0.0,EXT-OPEN-METEO-KHI,KARACHI,OPENSOURCE_API_GRID,962,,,,0.95,True,True,TIER2_OPENSOURCE_PURE;CONTINUOUS_MINUTE_STREAM;VERIFIED_MODEL_GRID,330c92b9dfabccc1aa07f76b4145f494157657ffc1a34372028cdfedff2d84ee,2026-09-19T16:01:00+00:00,2026-09-19 21:01:00,79.2,1010.4,72
12.4,18.3,40.4,1134.6,329.4,51.2,6.4,3.2,0.8,446.0,280.9,28.2,7.6,17.0,27.9,23.96,False,4095,0.0,3.0,0.0,EXT-OPEN-METEO-KHI,KARACHI,OPENSOURCE_API_GRID,963,,,,0.95,True,True,TIER2_OPENSOURCE_PURE;CONTINUOUS_MINUTE_STREAM;VERIFIED_MODEL_GRID,f06b77cbddc8eca20ad4ef6744afe69c0e9bbe675e071d7104c337bfd60099de,2026-09-19T16:02:00+00:00,2026-09-19 21:02:00,79.2,1010.4,72
12.5,18.4,40.4,1140.8,331.2,51.5,6.4,3.2,0.8,446.0,280.9,28.2,7.6,17.0,27.9,23.94,False,4095,0.0,3.0,0.0,EXT-OPEN-METEO-KHI,KARACHI,OPENSOURCE_API_GRID,964,,,,0.95,True,True,TIER2_OPENSOURCE_PURE;CONTINUOUS_MINUTE_STREAM;VERIFIED_MODEL_GRID,bca98fa6c7d936766bf95e3a4df17f9daad5890ba9b6dc39414852377e615a1d,2026-09-19T16:03:00+00:00,2026-09-19 21:03:00,79.1,1010.4,72
12.5,18.4,40.5,1140.8,331.2,51.5,6.4,3.2,0.8,446.0,280.8,28.2,7.6,17.0,27.9,23.94,False,4095,0.0,3.0,0.0,EXT-OPEN-METEO-KHI,KARACHI,OPENSOURCE_API_GRID,965,,,,0.95,True,True,TIER2_OPENSOURCE_PURE;CONTINUOUS_MINUTE_STREAM;VERIFIED_MODEL_GRID,93fcdc308f80ca8f8945b48455d4f9f0ea2b46f572dfa5e196d9404b57f68d05,2026-09-19T16:04:00+00:00,2026-09-19 21:04:00,79.1,1010.4,72
12.6,18.5,40.5,1147.0,333.0,51.8,6.5,3.2,0.8,446.0,280.7,28.3,7.6,16.9,27.9,23.94,False,4095,0.0,3.0,0.0,EXT-OPEN-METEO-KHI,KARACHI,OPENSOURCE_API_GRID,966,,,,0.95,True,True,TIER2_OPENSOURCE_PURE;CONTINUOUS_MINUTE_STREAM;VERIFIED_MODEL_GRID,b2820993890eced547ae15b5829742d0a15834a0fbb5cdbb8b7e25e2e7e6f76d,2026-09-19T16:05:00+00:00,2026-09-19 21:05:00,79.1,1010.4,72
12.6,18.5,40.5,1147.0,333.0,51.8,6.5,3.2,0.8,446.0,280.5,28.3,7.6,16.9,27.9,23.94,False,4095,0.0,3.0,0.0,EXT-OPEN-METEO-KHI,KARACHI,OPENSOURCE_API_GRID,967,,,,0.95,True,True,TIER2_OPENSOURCE_PURE;CONTINUOUS_MINUTE_STREAM;VERIFIED_MODEL_GRID,39f420e37b23b95cfa0d7549f14aa969a2ad54d8bdcaf9bb1fe91963e42f3377,2026-09-19T16:06:00+00:00,2026-09-19 21:06:00,79.1,1010.4,72
12.6,18.5,40.5,1147.0,333.0,51.8,6.5,3.2,0.8,446.0,280.3,28.3,7.6,16.9,27.9,23.94,False,4095,0.0,3.0,0.0,EXT-OPEN-METEO-KHI,KARACHI,OPENSOURCE_API_GRID,968,,,,0.95,True,True,TIER2_OPENSOURCE_PURE;CONTINUOUS_MINUTE_STREAM;VERIFIED_MODEL_GRID,7c7ef3d05e55fdf67f6cdca6ecddd8672ed8efb17fd3854dc0e5741580e20c5d,2026-09-19T16:07:00+00:00,2026-09-19 21:07:00,79.1,1010.4,72
12.6,18.5,40.5,1147.0,333.0,51.8,6.5,3.2,0.8,446.0,280.1,28.4,7.6,16.8,27.9,23.94,False,4095,0.0,3.0,0.0,EXT-OPEN-METEO-KHI,KARACHI,OPENSOURCE_API_GRID,969,,,,0.95,True,True,TIER2_OPENSOURCE_PURE;CONTINUOUS_MINUTE_STREAM;VERIFIED_MODEL_GRID,10963a8d61efcbe9139235a62fa1c724e29661b9addeaa05b1db79d2c0a18de4,2026-09-19T16:08:00+00:00,2026-09-19 21:08:00,79.1,1010.4,72
12.6,18.5,40.5,1147.0,333.0,51.8,6.5,3.2,0.8,446.0,279.9,28.4,7.6,16.8,27.9,23.94,False,4095,0.0,2.9,0.0,EXT-OPEN-METEO-KHI,KARACHI,OPENSOURCE_API_GRID,970,,,,0.95,True,True,TIER2_OPENSOURCE_PURE;CONTINUOUS_MINUTE_STREAM;VERIFIED_MODEL_GRID,6f00799c687e23bc2697afa99b5473f97b790c1882d5b90716cc1e7e9a710676,2026-09-19T16:09:00+00:00,2026-09-19 21:09:00,79.1,1010.4,72
12.6,18.5,40.4,1147.0,333.0,51.8,6.5,3.2,0.8,446.0,279.7,28.5,7.6,16.7,27.9,23.94,False,4095,0.0,2.9,0.0,EXT-OPEN-METEO-KHI,KARACHI,OPENSOURCE_API_GRID,971,,,,0.95,True,True,TIER2_OPENSOURCE_PURE;CONTINUOUS_MINUTE_STREAM;VERIFIED_MODEL_GRID,0055c410c07c4d8a2db643ac328657a5ce09167d2138693a6ccda205aadcce3c,2026-09-19T16:10:00+00:00,2026-09-19 21:10:00,79.1,1010.4,72
12.6,18.5,40.4,1147.0,333.0,51.8,6.5,3.2,0.8,446.0,279.4,28.5,7.7,16.7,27.9,23.94,False,4095,0.0,2.9,0.0,EXT-OPEN-METEO-KHI,KARACHI,OPENSOURCE_API_GRID,972,,,,0.95,True,True,TIER2_OPENSOURCE_PURE;CONTINUOUS_MINUTE_STREAM;VERIFIED_MODEL_GRID,c81e4c7726cce2321e153097e16e6040de6cb8402b3e3de5a233b7badb36b8ab,2026-09-19T16:11:00+00:00,2026-09-19 21:11:00,79.1,1010.4,72
12.6,18.5,40.3,1147.0,333.0,51.8,6.5,3.2,0.8,446.0,279.1,28.6,7.7,16.6,27.9,23.94,False,4095,0.0,2.9,0.0,EXT-OPEN-METEO-KHI,KARACHI,OPENSOURCE_API_GRID,973,,,,0.95,True,True,TIER2_OPENSOURCE_PURE;CONTINUOUS_MINUTE_STREAM;VERIFIED_MODEL_GRID,634def0baa17cf256817954dc3683615e89150c770daff34af603fac34a2bd83,2026-09-19T16:12:00+00:00,2026-09-19 21:12:00,79.1,1010.4,72
12.5,18.4,40.2,1140.8,331.2,51.5,6.4,3.2,0.8,446.0,278.8,28.6,7.7,16.6,27.9,23.92,False,4095,0.0,2.9,0.0,EXT-OPEN-METEO-KHI,KARACHI,OPENSOURCE_API_GRID,974,,,,0.95,True,True,TIER2_OPENSOURCE_PURE;CONTINUOUS_MINUTE_STREAM;VERIFIED_MODEL_GRID,5ba079c3d18521e361c5f4079793f9ed6649d7a64d4e3bb398b57def347c333b,2026-09-19T16:13:00+00:00,2026-09-19 21:13:00,79.0,1010.5,72
12.5,18.4,40.1,1140.8,331.2,51.5,6.4,3.2,0.8,446.0,278.4,28.7,7.7,16.5,27.9,23.92,False,4095,0.0,2.9,0.0,EXT-OPEN-METEO-KHI,KARACHI,OPENSOURCE_API_GRID,975,,,,0.95,True,True,TIER2_OPENSOURCE_PURE;CONTINUOUS_MINUTE_STREAM;VERIFIED_MODEL_GRID,db1f15c89ffd27e41a8b7ba260aa2fa87f2ae73a5137b91c4e9994b0885d89f9,2026-09-19T16:14:00+00:00,2026-09-19 21:14:00,79.0,1010.5,72
12.5,18.4,40.0,1140.8,331.2,51.5,6.4,3.2,0.8,446.0,278.1,28.8,7.7,16.4,27.9,23.92,False,4095,0.0,2.9,0.0,EXT-OPEN-METEO-KHI,KARACHI,OPENSOURCE_API_GRID,976,,,,0.95,True,True,TIER2_OPENSOURCE_PURE;CONTINUOUS_MINUTE_STREAM;VERIFIED_MODEL_GRID,c13e089ccb8eb36d109060fe011ddcac610efed32c12fe28e897bae00c6d6d28,2026-09-19T16:15:00+00:00,2026-09-19 21:15:00,79.0,1010.5,72
12.4,18.3,39.9,1134.6,329.4,51.2,6.4,3.2,0.8,446.0,277.7,28.8,7.7,16.3,27.9,23.92,False,4095,0.0,2.8,0.0,EXT-OPEN-METEO-KHI,KARACHI,OPENSOURCE_API_GRID,977,,,,0.95,True,True,TIER2_OPENSOURCE_PURE;CONTINUOUS_MINUTE_STREAM;VERIFIED_MODEL_GRID,0e106a0e10b5ca209dcd8b2559ef313af281308e8318bbc4bb714f0dc4ca51a9,2026-09-19T16:16:00+00:00,2026-09-19 21:16:00,79.0,1010.5,72
12.4,18.3,39.8,1134.6,329.4,51.2,6.4,3.2,0.8,446.0,277.3,28.9,7.7,16.3,27.9,23.94,False,4095,0.0,2.8,0.0,EXT-OPEN-METEO-KHI,KARACHI,OPENSOURCE_API_GRID,978,,,,0.95,True,True,TIER2_OPENSOURCE_PURE;CONTINUOUS_MINUTE_STREAM;VERIFIED_MODEL_GRID,3efa9b2a3c3a556ee0996bdb929795a575d0394130159f47dbd772fbedf2140d,2026-09-19T16:17:00+00:00,2026-09-19 21:17:00,79.1,1010.5,72
12.4,18.3,39.6,1134.6,329.4,51.2,6.4,3.2,0.8,446.0,276.9,29.0,7.7,16.2,27.8,23.84,False,4095,0.0,2.8,0.0,EXT-OPEN-METEO-KHI,KARACHI,OPENSOURCE_API_GRID,979,,,,0.95,True,True,TIER2_OPENSOURCE_PURE;CONTINUOUS_MINUTE_STREAM;VERIFIED_MODEL_GRID,d4f1bd38ae9747db85ab4df49e011d5c63736181bd0bed38967aed5d98ea970e,2026-09-19T16:18:00+00:00,2026-09-19 21:18:00,79.1,1010.5,72
12.4,18.3,39.5,1134.6,329.4,51.2,6.4,3.2,0.8,446.0,276.4,29.1,7.8,16.1,27.8,23.84,False,4095,0.0,2.8,0.0,EXT-OPEN-METEO-KHI,KARACHI,OPENSOURCE_API_GRID,980,,,,0.95,True,True,TIER2_OPENSOURCE_PURE;CONTINUOUS_MINUTE_STREAM;VERIFIED_MODEL_GRID,9d88af71dfa6db5e3ba2568793823bccaaeb68b1d666dfdc2847a2f98125c48c,2026-09-19T16:19:00+00:00,2026-09-19 21:19:00,79.1,1010.5,72
12.4,18.2,39.5,1128.4,327.6,51.0,6.4,3.2,0.8,446.0,276.0,29.2,7.8,16.0,27.8,23.84,False,4095,0.0,2.8,0.0,EXT-OPEN-METEO-KHI,KARACHI,OPENSOURCE_API_GRID,981,,,,0.95,True,True,TIER2_OPENSOURCE_PURE;CONTINUOUS_MINUTE_STREAM;VERIFIED_MODEL_GRID,5d84ca2eba6cd0d3ffac088ad84019a32f9e4e5a206b884d311b7115380a3c4f,2026-09-19T16:20:00+00:00,2026-09-19 21:20:00,79.1,1010.5,72
12.4,18.2,39.4,1128.4,327.6,51.0,6.4,3.2,0.8,446.0,275.5,29.3,7.8,15.9,27.8,23.84,False,4095,0.0,2.7,0.0,EXT-OPEN-METEO-KHI,KARACHI,OPENSOURCE_API_GRID,982,,,,0.95,True,True,TIER2_OPENSOURCE_PURE;CONTINUOUS_MINUTE_STREAM;VERIFIED_MODEL_GRID,1d19bf21d8b26a3dd129317796f6a2cfa60a4df17cd6f71356bb2de42272c2b7,2026-09-19T16:21:00+00:00,2026-09-19 21:21:00,79.1,1010.5,72
12.4,18.2,39.3,1128.4,327.6,51.0,6.4,3.1,0.8,446.0,275.1,29.4,7.8,15.8,27.8,23.86,False,4095,0.0,2.7,0.0,EXT-OPEN-METEO-KHI,KARACHI,OPENSOURCE_API_GRID,983,,,,0.95,True,True,TIER2_OPENSOURCE_PURE;CONTINUOUS_MINUTE_STREAM;VERIFIED_MODEL_GRID,f0a6e31a80958a5c4c460d3b7d7eb0deec2877912b0bd9580bf8d7a27ebfada9,2026-09-19T16:22:00+00:00,2026-09-19 21:22:00,79.2,1010.5,72
12.4,18.3,39.3,1134.6,329.4,51.2,6.4,3.1,0.8,446.0,274.6,29.5,7.8,15.7,27.8,23.86,False,4095,0.0,2.7,0.0,EXT-OPEN-METEO-KHI,KARACHI,OPENSOURCE_API_GRID,984,,,,0.95,True,True,TIER2_OPENSOURCE_PURE;CONTINUOUS_MINUTE_STREAM;VERIFIED_MODEL_GRID,fae95f7b4271bb685ba52da1690cd23f6a8a74a9a920456859afeedcb45017fa,2026-09-19T16:23:00+00:00,2026-09-19 21:23:00,79.2,1010.5,72
12.4,18.3,39.2,1134.6,329.4,51.2,6.4,3.1,0.8,446.0,274.1,29.5,7.8,15.6,27.8,23.86,False,4095,0.0,2.7,0.0,EXT-OPEN-METEO-KHI,KARACHI,OPENSOURCE_API_GRID,985,,,,0.95,True,True,TIER2_OPENSOURCE_PURE;CONTINUOUS_MINUTE_STREAM;VERIFIED_MODEL_GRID,ca90cd8617a3fbfc75fa02a1b6ef4571c15690c5f57f9fe90500b109f87e3431,2026-09-19T16:24:00+00:00,2026-09-19 21:24:00,79.2,1010.5,72
12.4,18.3,39.2,1134.6,329.4,51.2,6.4,3.1,0.8,446.0,273.6,29.6,7.9,15.5,27.8,23.89,False,4095,0.0,2.6,0.0,EXT-OPEN-METEO-KHI,KARACHI,OPENSOURCE_API_GRID,986,,,,0.95,True,True,TIER2_OPENSOURCE_PURE;CONTINUOUS_MINUTE_STREAM;VERIFIED_MODEL_GRID,ac2c635d8e3b93ded133df704dc2778998b88911d7b326c3b112f7ff9e659551,2026-09-19T16:25:00+00:00,2026-09-19 21:25:00,79.3,1010.5,72
12.5,18.4,39.2,1140.8,331.2,51.5,6.4,3.1,0.8,446.0,273.1,29.7,7.9,15.4,27.8,23.89,False,4095,0.0,2.6,0.0,EXT-OPEN-METEO-KHI,KARACHI,OPENSOURCE_API_GRID,987,,,,0.95,True,True,TIER2_OPENSOURCE_PURE;CONTINUOUS_MINUTE_STREAM;VERIFIED_MODEL_GRID,4ccd8e0d9521de9e26edf41875c1bfa8d17241e514a2452de001a6a90afc7aad,2026-09-19T16:26:00+00:00,2026-09-19 21:26:00,79.3,1010.5,72
12.5,18.4,39.2,1140.8,331.2,51.5,6.4,3.1,0.8,446.0,272.6,29.8,7.9,15.3,27.8,23.91,False,4095,0.0,2.6,0.0,EXT-OPEN-METEO-KHI,KARACHI,OPENSOURCE_API_GRID,988,,,,0.95,True,True,TIER2_OPENSOURCE_PURE;CONTINUOUS_MINUTE_STREAM;VERIFIED_MODEL_GRID,107c6a98c8cd4adc86d3c8d9915b1f190da84ab6c7c3a590bd8e826bef2da24e,2026-09-19T16:27:00+00:00,2026-09-19 21:27:00,79.4,1010.5,72
12.6,18.5,39.2,1147.0,333.0,51.8,6.5,3.1,0.8,446.0,272.0,29.9,7.9,15.2,27.8,23.91,False,4095,0.0,2.6,0.0,EXT-OPEN-METEO-KHI,KARACHI,OPENSOURCE_API_GRID,989,,,,0.95,True,True,TIER2_OPENSOURCE_PURE;CONTINUOUS_MINUTE_STREAM;VERIFIED_MODEL_GRID,d4d2c03be4c8ec8e553a4b10ff5c0a0788cb1dcbb16d7a9a1bcc1f582ed39a63,2026-09-19T16:28:00+00:00,2026-09-19 21:28:00,79.4,1010.5,72
12.6,18.5,39.2,1147.0,333.0,51.8,6.5,3.1,0.8,446.0,271.5,30.0,7.9,15.1,27.8,23.93,False,4095,0.0,2.5,0.0,EXT-OPEN-METEO-KHI,KARACHI,OPENSOURCE_API_GRID,990,,,,0.95,True,True,TIER2_OPENSOURCE_PURE;CONTINUOUS_MINUTE_STREAM;VERIFIED_MODEL_GRID,281add0f701078cd6dd761985dcc5033b026bb11c4c7289a2c57695f26d93f53,2026-09-19T16:29:00+00:00,2026-09-19 21:29:00,79.5,1010.5,72
12.6,18.6,39.2,1153.2,334.8,52.1,6.5,3.1,0.8,446.0,271.0,30.1,7.9,15.0,27.8,23.93,False,4095,0.0,2.5,0.0,EXT-OPEN-METEO-KHI,KARACHI,OPENSOURCE_API_GRID,991,,,,0.95,True,True,TIER2_OPENSOURCE_PURE;CONTINUOUS_MINUTE_STREAM;VERIFIED_MODEL_GRID,7ebd6d75092421f9f778c1cdc110aee82b7a81a5d6d193dd311f05a5cadb862a,2026-09-19T16:30:00+00:00,2026-09-19 21:30:00,79.5,1010.5,72
12.6,18.6,39.2,1153.2,334.8,52.1,6.5,3.1,0.8,446.0,270.5,30.3,8.0,14.9,27.8,23.95,False,4095,0.0,2.5,0.0,EXT-OPEN-METEO-KHI,KARACHI,OPENSOURCE_API_GRID,992,,,,0.95,True,True,TIER2_OPENSOURCE_PURE;CONTINUOUS_MINUTE_STREAM;VERIFIED_MODEL_GRID,68d945fbd1543c66c84e51939b99405da4107f1a382ced765f8ffdff78d517e8,2026-09-19T16:31:00+00:00,2026-09-19 21:31:00,79.6,1010.5,72
12.6,18.6,39.0,1153.2,334.8,52.1,6.5,3.1,0.8,446.0,270.0,30.4,8.0,14.8,27.8,23.97,False,4095,0.0,2.4,0.0,EXT-OPEN-METEO-KHI,KARACHI,OPENSOURCE_API_GRID,993,,,,0.95,True,True,TIER2_OPENSOURCE_PURE;CONTINUOUS_MINUTE_STREAM;VERIFIED_MODEL_GRID,82c2442c455be11c0b6bb978b1eef7308cce3059dafec113d885ba05623dbe5c,2026-09-19T16:32:00+00:00,2026-09-19 21:32:00,79.7,1010.6,72
12.6,18.6,39.0,1153.2,334.8,52.1,6.5,3.1,0.8,446.0,269.4,30.5,8.0,14.7,27.8,23.97,False,4095,0.0,2.4,0.0,EXT-OPEN-METEO-KHI,KARACHI,OPENSOURCE_API_GRID,994,,,,0.95,True,True,TIER2_OPENSOURCE_PURE;CONTINUOUS_MINUTE_STREAM;VERIFIED_MODEL_GRID,3850473eadc8568b71f8dfc90312aafdfd3f797105d5c5ad1198d664f005ef48,2026-09-19T16:33:00+00:00,2026-09-19 21:33:00,79.7,1010.6,72
12.7,18.7,39.0,1159.4,336.6,52.4,6.5,3.1,0.8,446.0,268.9,30.6,8.0,14.6,27.8,23.97,False,4095,0.0,2.4,0.0,EXT-OPEN-METEO-KHI,KARACHI,OPENSOURCE_API_GRID,995,,,,0.95,True,True,TIER2_OPENSOURCE_PURE;CONTINUOUS_MINUTE_STREAM;VERIFIED_MODEL_GRID,0e4771dfdaa14dafa5285d24967a74f1fa2852738612767dd2e428c157b49219,2026-09-19T16:34:00+00:00,2026-09-19 21:34:00,79.7,1010.6,72
12.7,18.7,39.0,1159.4,336.6,52.4,6.5,3.1,0.8,446.0,268.4,30.7,8.0,14.5,27.8,23.99,False,4095,0.0,2.4,0.0,EXT-OPEN-METEO-KHI,KARACHI,OPENSOURCE_API_GRID,996,,,,0.95,True,True,TIER2_OPENSOURCE_PURE;CONTINUOUS_MINUTE_STREAM;VERIFIED_MODEL_GRID,201e3d32df9708bcb940ce2f4304e4bb1d624bd1d0312e2d68b73f8108044e5e,2026-09-19T16:35:00+00:00,2026-09-19 21:35:00,79.8,1010.6,72
12.8,18.8,39.0,1165.6,338.4,52.6,6.6,3.1,0.8,446.0,267.9,30.8,8.1,14.4,27.8,23.99,False,4095,0.0,2.3,0.0,EXT-OPEN-METEO-KHI,KARACHI,OPENSOURCE_API_GRID,997,,,,0.95,True,True,TIER2_OPENSOURCE_PURE;CONTINUOUS_MINUTE_STREAM;VERIFIED_MODEL_GRID,92943f293b17efb2392ca60c721404a23892c14053527c38e783796e31385b53,2026-09-19T16:36:00+00:00,2026-09-19 21:36:00,79.8,1010.6,72
12.8,18.8,39.0,1165.6,338.4,52.6,6.6,3.1,0.8,446.0,267.4,30.8,8.1,14.3,27.8,23.99,False,4095,0.0,2.3,0.0,EXT-OPEN-METEO-KHI,KARACHI,OPENSOURCE_API_GRID,998,,,,0.95,True,True,TIER2_OPENSOURCE_PURE;CONTINUOUS_MINUTE_STREAM;VERIFIED_MODEL_GRID,9ea1395a302bc8fa0e1c28f434b39d28e5ac00cee307728e7af5d71339f627a5,2026-09-19T16:37:00+00:00,2026-09-19 21:37:00,79.8,1010.6,72
12.8,18.8,39.0,1165.6,338.4,52.6,6.6,3.1,0.8,446.0,266.9,30.9,8.1,14.2,27.8,23.99,False,4095,0.0,2.3,0.0,EXT-OPEN-METEO-KHI,KARACHI,OPENSOURCE_API_GRID,999,,,,0.95,True,True,TIER2_OPENSOURCE_PURE;CONTINUOUS_MINUTE_STREAM;VERIFIED_MODEL_GRID,393b88696864af1de1e94cd7cccac59778b0d9e22c4ca35d3790031d16d5fd2b,2026-09-19T16:38:00+00:00,2026-09-19 21:38:00,79.8,1010.6,72
12.9,18.9,38.9,1171.8,340.2,52.9,6.6,3.1,0.8,446.0,266.5,31.0,8.1,14.1,27.8,23.99,False,4095,0.0,2.3,0.0,EXT-OPEN-METEO-KHI,KARACHI,OPENSOURCE_API_GRID,1000,,,,0.95,True,True,TIER2_OPENSOURCE_PURE;CONTINUOUS_MINUTE_STREAM;VERIFIED_MODEL_GRID,6f4aa70cd1e7ed1c9f8294ddf2252a614ed842e92539e2aec0ee8b0de680d04f,2026-09-19T16:39:00+00:00,2026-09-19 21:39:00,79.8,1010.6,72
12.9,18.9,38.9,1171.8,340.2,52.9,6.6,3.1,0.8,446.0,266.0,31.1,8.1,14.0,27.8,23.99,False,4095,0.0,2.2,0.0,EXT-OPEN-METEO-KHI,KARACHI,OPENSOURCE_API_GRID,1001,,,,0.95,True,True,TIER2_OPENSOURCE_PURE;CONTINUOUS_MINUTE_STREAM;VERIFIED_MODEL_GRID,d70fb1da8547b80e7bd5bb362d1426366fafc0c1d6f0e460c7312c4682a7b729,2026-09-19T16:40:00+00:00,2026-09-19 21:40:00,79.8,1010.6,72
12.9,18.9,38.8,1171.8,340.2,52.9,6.6,3.1,0.8,446.0,265.6,31.2,8.1,13.9,27.8,23.99,False,4095,0.0,2.2,0.0,EXT-OPEN-METEO-KHI,KARACHI,OPENSOURCE_API_GRID,1002,,,,0.95,True,True,TIER2_OPENSOURCE_PURE;CONTINUOUS_MINUTE_STREAM;VERIFIED_MODEL_GRID,493988bcb779005f1dfd3da1622f7321e7a896eafbc1811172290d6e75ec1a00,2026-09-19T16:41:00+00:00,2026-09-19 21:41:00,79.8,1010.6,72
12.9,18.9,38.7,1171.8,340.2,52.9,6.6,3.1,0.8,446.0,265.1,31.3,8.2,13.8,27.8,23.99,False,4095,0.0,2.2,0.0,EXT-OPEN-METEO-KHI,KARACHI,OPENSOURCE_API_GRID,1003,,,,0.95,True,True,TIER2_OPENSOURCE_PURE;CONTINUOUS_MINUTE_STREAM;VERIFIED_MODEL_GRID,48078ab98d697372342e33acd75a7fc7d018e54240d785d0f0ae8ad920bef200,2026-09-19T16:42:00+00:00,2026-09-19 21:42:00,79.8,1010.7,72
12.8,18.8,38.6,1165.6,338.4,52.6,6.6,3.1,0.8,446.0,264.7,31.4,8.2,13.7,27.8,23.99,False,4095,0.0,2.2,0.0,EXT-OPEN-METEO-KHI,KARACHI,OPENSOURCE_API_GRID,1004,,,,0.95,True,True,TIER2_OPENSOURCE_PURE;CONTINUOUS_MINUTE_STREAM;VERIFIED_MODEL_GRID,eb97fb0a01eb25b5c4b1849eb1fb7e2afd6e931823df92a67d6984aea832c912,2026-09-19T16:43:00+00:00,2026-09-19 21:43:00,79.8,1010.7,72
12.8,18.8,38.5,1165.6,338.4,52.6,6.6,3.1,0.8,446.0,264.3,31.5,8.2,13.7,27.8,23.99,False,4095,0.0,2.2,0.0,EXT-OPEN-METEO-KHI,KARACHI,OPENSOURCE_API_GRID,1005,,,,0.95,True,True,TIER2_OPENSOURCE_PURE;CONTINUOUS_MINUTE_STREAM;VERIFIED_MODEL_GRID,632f66427ba04fe583140296b943e56b1199a257bf8ffbd46846e76ec21ff6b3,2026-09-19T16:44:00+00:00,2026-09-19 21:44:00,79.8,1010.7,72
12.8,18.8,38.4,1165.6,338.4,52.6,6.6,3.1,0.8,446.0,263.9,31.5,8.2,13.6,27.8,23.99,False,4095,0.0,2.1,0.0,EXT-OPEN-METEO-KHI,KARACHI,OPENSOURCE_API_GRID,1006,,,,0.95,True,True,TIER2_OPENSOURCE_PURE;CONTINUOUS_MINUTE_STREAM;VERIFIED_MODEL_GRID,2fa2095d9b69e824885ec41ec504a4adc2e195e6e789cef7b77e3a29f3b22a23,2026-09-19T16:45:00+00:00,2026-09-19 21:45:00,79.8,1010.7,72
12.7,18.7,38.3,1159.4,336.6,52.4,6.5,3.1,0.8,446.0,263.6,31.6,8.2,13.5,27.7,23.89,False,4095,0.0,2.1,0.0,EXT-OPEN-METEO-KHI,KARACHI,OPENSOURCE_API_GRID,1007,,,,0.95,True,True,TIER2_OPENSOURCE_PURE;CONTINUOUS_MINUTE_STREAM;VERIFIED_MODEL_GRID,47c86cc1636baa0cc40b6bb50aa5ebb36f2b8075b303710776cec622c4c1de06,2026-09-19T16:46:00+00:00,2026-09-19 21:46:00,79.8,1010.7,72
12.7,18.7,38.2,1159.4,336.6,52.4,6.5,3.1,0.8,446.0,263.2,31.7,8.2,13.4,27.7,23.89,False,4095,0.0,2.1,0.0,EXT-OPEN-METEO-KHI,KARACHI,OPENSOURCE_API_GRID,1008,,,,0.95,True,True,TIER2_OPENSOURCE_PURE;CONTINUOUS_MINUTE_STREAM;VERIFIED_MODEL_GRID,f31afcb21636ff24e4b403a75e221470461f9b9e28338ca42f23661890e4acb8,2026-09-19T16:47:00+00:00,2026-09-19 21:47:00,79.8,1010.7,72
12.7,18.7,38.1,1159.4,336.6,52.4,6.5,3.0,0.8,446.0,262.9,31.7,8.2,13.4,27.7,23.89,False,4095,0.0,2.1,0.0,EXT-OPEN-METEO-KHI,KARACHI,OPENSOURCE_API_GRID,1009,,,,0.95,True,True,TIER2_OPENSOURCE_PURE;CONTINUOUS_MINUTE_STREAM;VERIFIED_MODEL_GRID,b2418ff4e269c7ec132c556e5a6e1c1bdd6ede4f866860aef7cedb3d3fa18ce1,2026-09-19T16:48:00+00:00,2026-09-19 21:48:00,79.8,1010.7,72
12.6,18.6,38.0,1153.2,334.8,52.1,6.5,3.0,0.8,446.0,262.6,31.8,8.2,13.3,27.7,23.89,False,4095,0.0,2.1,0.0,EXT-OPEN-METEO-KHI,KARACHI,OPENSOURCE_API_GRID,1010,,,,0.95,True,True,TIER2_OPENSOURCE_PURE;CONTINUOUS_MINUTE_STREAM;VERIFIED_MODEL_GRID,a5fa109790879e42516d012c3fb830aa7a12dca776ced8cdeffcfafc210f6cb9,2026-09-19T16:49:00+00:00,2026-09-19 21:49:00,79.8,1010.7,72
12.6,18.6,37.9,1153.2,334.8,52.1,6.5,3.0,0.8,446.0,262.3,31.8,8.3,13.3,27.7,23.89,False,4095,0.0,2.1,0.0,EXT-OPEN-METEO-KHI,KARACHI,OPENSOURCE_API_GRID,1011,,,,0.95,True,True,TIER2_OPENSOURCE_PURE;CONTINUOUS_MINUTE_STREAM;VERIFIED_MODEL_GRID,a8863135592dafe2564e21a806ad98f101db1c11a18da8fad52c9ac918d8b341,2026-09-19T16:50:00+00:00,2026-09-19 21:50:00,79.8,1010.7,72
12.6,18.6,37.9,1153.2,334.8,52.1,6.5,3.0,0.8,446.0,262.1,31.9,8.3,13.2,27.7,23.89,False,4095,0.0,2.1,0.0,EXT-OPEN-METEO-KHI,KARACHI,OPENSOURCE_API_GRID,1012,,,,0.95,True,True,TIER2_OPENSOURCE_PURE;CONTINUOUS_MINUTE_STREAM;VERIFIED_MODEL_GRID,e2b07c756e842ca1575e2d9baecca2e3a25380cfc010c18945e5a49a6acc3f2c,2026-09-19T16:51:00+00:00,2026-09-19 21:51:00,79.8,1010.7,72
12.6,18.6,37.8,1153.2,334.8,52.1,6.5,3.0,0.8,446.0,261.9,31.9,8.3,13.2,27.7,23.89,False,4095,0.0,2.0,0.0,EXT-OPEN-METEO-KHI,KARACHI,OPENSOURCE_API_GRID,1013,,,,0.95,True,True,TIER2_OPENSOURCE_PURE;CONTINUOUS_MINUTE_STREAM;VERIFIED_MODEL_GRID,7c2ec22bbb54237aebaa466e4fa7f10188b271fdd85682e03d416467ae3f336e,2026-09-19T16:52:00+00:00,2026-09-19 21:52:00,79.8,1010.7,72
12.6,18.6,37.8,1153.2,334.8,52.1,6.5,3.0,0.8,446.0,261.7,32.0,8.3,13.1,27.7,23.89,False,4095,0.0,2.0,0.0,EXT-OPEN-METEO-KHI,KARACHI,OPENSOURCE_API_GRID,1014,,,,0.95,True,True,TIER2_OPENSOURCE_PURE;CONTINUOUS_MINUTE_STREAM;VERIFIED_MODEL_GRID,c66765f1b30c6c06ace26b1d6c92a8d646624786c64c8bb0bbf6935a8e555ca6,2026-09-19T16:53:00+00:00,2026-09-19 21:53:00,79.8,1010.7,72
12.6,18.6,37.8,1153.2,334.8,52.1,6.5,3.0,0.8,446.0,261.5,32.0,8.3,13.1,27.7,23.89,False,4095,0.0,2.0,0.0,EXT-OPEN-METEO-KHI,KARACHI,OPENSOURCE_API_GRID,1015,,,,0.95,True,True,TIER2_OPENSOURCE_PURE;CONTINUOUS_MINUTE_STREAM;VERIFIED_MODEL_GRID,a025de636f4c9c9d6107b4cbcdafe297feeeeeb1f8be480759e28769e78e3898,2026-09-19T16:54:00+00:00,2026-09-19 21:54:00,79.8,1010.7,72
12.6,18.6,37.8,1153.2,334.8,52.1,6.5,3.0,0.8,446.0,261.3,32.0,8.3,13.1,27.7,23.91,False,4095,0.0,2.0,0.0,EXT-OPEN-METEO-KHI,KARACHI,OPENSOURCE_API_GRID,1016,,,,0.95,True,True,TIER2_OPENSOURCE_PURE;CONTINUOUS_MINUTE_STREAM;VERIFIED_MODEL_GRID,3ac0cb052ae9b0a2e1b2de88faf08ae1dd54286216eab4e2b25e1fbbca2b0b6e,2026-09-19T16:55:00+00:00,2026-09-19 21:55:00,79.9,1010.7,72
12.6,18.6,37.8,1153.2,334.8,52.1,6.5,3.0,0.8,446.0,261.2,32.1,8.3,13.0,27.7,23.91,False,4095,0.0,2.0,0.0,EXT-OPEN-METEO-KHI,KARACHI,OPENSOURCE_API_GRID,1017,,,,0.95,True,True,TIER2_OPENSOURCE_PURE;CONTINUOUS_MINUTE_STREAM;VERIFIED_MODEL_GRID,0a7ce9840a6e12aa6da9ed80514aa951a6c1be63f04d48fc650c200c3fa867e0,2026-09-19T16:56:00+00:00,2026-09-19 21:56:00,79.9,1010.7,72
12.7,18.7,37.8,1159.4,336.6,52.4,6.5,3.0,0.8,446.0,261.1,32.1,8.3,13.0,27.7,23.91,False,4095,0.0,2.0,0.0,EXT-OPEN-METEO-KHI,KARACHI,OPENSOURCE_API_GRID,1018,,,,0.95,True,True,TIER2_OPENSOURCE_PURE;CONTINUOUS_MINUTE_STREAM;VERIFIED_MODEL_GRID,ddcfb7df60e723da7099dec3d53fdcd5dea25ddd52002979bcc8a0b2a98110d3,2026-09-19T16:57:00+00:00,2026-09-19 21:57:00,79.9,1010.7,72
12.7,18.7,37.9,1159.4,336.6,52.4,6.5,3.0,0.8,446.0,261.1,32.1,8.3,13.0,27.7,23.91,False,4095,0.0,2.0,0.0,EXT-OPEN-METEO-KHI,KARACHI,OPENSOURCE_API_GRID,1019,,,,0.95,True,True,TIER2_OPENSOURCE_PURE;CONTINUOUS_MINUTE_STREAM;VERIFIED_MODEL_GRID,991d492d6c679000b725fd8bad334857e2f3e124093d1dcb040474b2596eceb8,2026-09-19T16:58:00+00:00,2026-09-19 21:58:00,79.9,1010.7,72
12.7,18.7,37.9,1159.4,336.6,52.4,6.5,3.0,0.8,446.0,261.0,32.1,8.3,13.0,27.7,23.93,False,4095,0.0,2.0,0.0,EXT-OPEN-METEO-KHI,KARACHI,OPENSOURCE_API_GRID,1020,,,,0.95,True,True,TIER2_OPENSOURCE_PURE;CONTINUOUS_MINUTE_STREAM;VERIFIED_MODEL_GRID,81fa7d79b34268331dcae98411ab524fa3fb1634051cab13f01da95541808041,2026-09-19T16:59:00+00:00,2026-09-19 21:59:00,80.0,1010.7,72
12.8,18.8,38.0,1165.6,338.4,52.6,6.6,3.0,0.8,446.0,261.0,32.1,8.3,13.0,27.7,23.93,False,4095,0.0,2.0,0.0,EXT-OPEN-METEO-KHI,KARACHI,OPENSOURCE_API_GRID,1021,,,,0.95,True,False,TIER2_OPENSOURCE_PURE;HOURLY_NODE;VERIFIED_MODEL_GRID,d3bbb343a10458c4c616ca2016928dfdbaa650ce6aae8e2572c3efd30878fe9d,2026-09-19T17:00:00+00:00,2026-09-19 22:00:00,80.0,1010.7,72
12.8,18.8,38.0,1165.6,338.4,52.6,6.6,3.0,0.8,446.0,261.0,32.1,8.3,13.0,27.7,23.93,False,4095,0.0,2.0,0.0,EXT-OPEN-METEO-KHI,KARACHI,OPENSOURCE_API_GRID,1022,,,,0.95,True,True,TIER2_OPENSOURCE_PURE;CONTINUOUS_MINUTE_STREAM;VERIFIED_MODEL_GRID,351d74ba87a47e3af304b2244872dfe358c067d2f32a0650bc068af2686d5578,2026-09-19T17:01:00+00:00,2026-09-19 22:01:00,80.0,1010.7,72
12.9,18.9,38.1,1171.8,340.2,52.9,6.6,3.0,0.8,446.0,260.9,32.1,8.3,13.0,27.7,23.93,False,4095,0.0,2.0,0.0,EXT-OPEN-METEO-KHI,KARACHI,OPENSOURCE_API_GRID,1023,,,,0.95,True,True,TIER2_OPENSOURCE_PURE;CONTINUOUS_MINUTE_STREAM;VERIFIED_MODEL_GRID,5efe8c553ec336505518ef0aba2ab4cbd080bb4ce19cc2ab0120d5246bb40b37,2026-09-19T17:02:00+00:00,2026-09-19 22:02:00,80.0,1010.7,72
12.8,18.8,38.0,1165.6,338.4,52.6,6.6,3.0,0.8,446.0,260.9,32.1,8.3,13.0,27.7,23.98,False,4095,0.0,2.0,0.0,EXT-OPEN-METEO-KHI,KARACHI,OPENSOURCE_API_GRID,1024,,,,0.95,True,True,TIER2_OPENSOURCE_PURE;CONTINUOUS_MINUTE_STREAM;VERIFIED_MODEL_GRID,084b83a7f44caea911d7d880a6e59effef3adeb4fcc07c9fde26e093ce5dfda0,2026-09-19T17:03:00+00:00,2026-09-19 22:03:00,80.2,1010.7,72
12.9,18.9,38.1,1171.8,340.2,52.9,6.6,3.0,0.8,446.0,260.7,32.1,8.3,13.0,27.7,23.98,False,4095,0.0,2.0,0.0,EXT-OPEN-METEO-KHI,KARACHI,OPENSOURCE_API_GRID,1025,,,,0.95,True,True,TIER2_OPENSOURCE_PURE;CONTINUOUS_MINUTE_STREAM;VERIFIED_MODEL_GRID,4d89604800bfe0b230510deee3bd1e85a7b4c0459e8285ffb4e1a80867020eee,2026-09-19T17:04:00+00:00,2026-09-19 22:04:00,80.2,1010.7,72
12.9,18.9,38.1,1171.8,340.2,52.9,6.6,3.0,0.8,446.0,260.6,32.1,8.3,13.0,27.7,23.98,False,4095,0.0,2.1,0.0,EXT-OPEN-METEO-KHI,KARACHI,OPENSOURCE_API_GRID,1026,,,,0.95,True,True,TIER2_OPENSOURCE_PURE;CONTINUOUS_MINUTE_STREAM;VERIFIED_MODEL_GRID,7d80653424a77ab9cdf27db9ea158021e996a0a34dcca3b42fafb0ce354b8d31,2026-09-19T17:05:00+00:00,2026-09-19 22:05:00,80.2,1010.7,72
12.9,18.9,38.2,1171.8,340.2,52.9,6.6,3.1,0.8,446.0,260.4,32.1,8.3,13.0,27.7,23.98,False,4095,0.0,2.1,0.0,EXT-OPEN-METEO-KHI,KARACHI,OPENSOURCE_API_GRID,1027,,,,0.95,True,True,TIER2_OPENSOURCE_PURE;CONTINUOUS_MINUTE_STREAM;VERIFIED_MODEL_GRID,da89d6157ea8f6fefc05496fcf50975ec8954245acbf6f73c0aba1aadf69b055,2026-09-19T17:06:00+00:00,2026-09-19 22:06:00,80.2,1010.7,72
12.9,19.0,38.2,1178.0,342.0,53.2,6.6,3.1,0.8,446.0,260.2,32.2,8.3,12.9,27.7,23.98,False,4095,0.0,2.1,0.0,EXT-OPEN-METEO-KHI,KARACHI,OPENSOURCE_API_GRID,1028,,,,0.95,True,True,TIER2_OPENSOURCE_PURE;CONTINUOUS_MINUTE_STREAM;VERIFIED_MODEL_GRID,c75b2195e3af797f0c0def70eda63a001fbae6dd933b42bcb32fe7c6215e1f79,2026-09-19T17:07:00+00:00,2026-09-19 22:07:00,80.2,1010.7,72
12.9,19.0,38.2,1178.0,342.0,53.2,6.6,3.1,0.8,446.0,260.0,32.2,8.3,12.9,27.7,23.98,False,4095,0.0,2.1,0.0,EXT-OPEN-METEO-KHI,KARACHI,OPENSOURCE_API_GRID,1029,,,,0.95,True,True,TIER2_OPENSOURCE_PURE;CONTINUOUS_MINUTE_STREAM;VERIFIED_MODEL_GRID,138fb472775d8d4ae95538892c36ea0c7405d3260709cad5d3ccce59cc4399fb,2026-09-19T17:08:00+00:00,2026-09-19 22:08:00,80.2,1010.7,72
12.9,19.0,38.2,1178.0,342.0,53.2,6.6,3.1,0.8,446.0,259.7,32.2,8.3,12.9,27.7,23.98,False,4095,0.0,2.2,0.0,EXT-OPEN-METEO-KHI,KARACHI,OPENSOURCE_API_GRID,1030,,,,0.95,True,True,TIER2_OPENSOURCE_PURE;CONTINUOUS_MINUTE_STREAM;VERIFIED_MODEL_GRID,612d1b2d8d004bff0e1ebb3e4e8d7c6f030175f7dca5b20cbe1129b8d33082c8,2026-09-19T17:09:00+00:00,2026-09-19 22:09:00,80.2,1010.7,72
13.0,19.1,38.2,1184.2,343.8,53.5,6.7,3.1,0.8,446.0,259.5,32.2,8.3,12.9,27.7,23.98,False,4095,0.0,2.2,0.0,EXT-OPEN-METEO-KHI,KARACHI,OPENSOURCE_API_GRID,1031,,,,0.95,True,True,TIER2_OPENSOURCE_PURE;CONTINUOUS_MINUTE_STREAM;VERIFIED_MODEL_GRID,98f5d097a60be584a64102571c9d91d3c946a57bc8f0a42ef94dff6a6534baf0,2026-09-19T17:10:00+00:00,2026-09-19 22:10:00,80.2,1010.7,72
13.0,19.1,38.2,1184.2,343.8,53.5,6.7,3.1,0.8,446.0,259.1,32.2,8.3,12.8,27.7,23.98,False,4095,0.0,2.2,0.0,EXT-OPEN-METEO-KHI,KARACHI,OPENSOURCE_API_GRID,1032,,,,0.95,True,True,TIER2_OPENSOURCE_PURE;CONTINUOUS_MINUTE_STREAM;VERIFIED_MODEL_GRID,44a135610728e1f5088edb635b0cebcc328af73ebffcf46e28c06aedbfa10872,2026-09-19T17:11:00+00:00,2026-09-19 22:11:00,80.2,1010.7,72
13.0,19.1,38.1,1184.2,343.8,53.5,6.7,3.0,0.8,446.0,258.8,32.3,8.3,12.8,27.7,23.98,False,4095,0.0,2.3,0.0,EXT-OPEN-METEO-KHI,KARACHI,OPENSOURCE_API_GRID,1033,,,,0.95,True,True,TIER2_OPENSOURCE_PURE;CONTINUOUS_MINUTE_STREAM;VERIFIED_MODEL_GRID,3465c2be2c7e829439df244521160e0664d2b9c54c6a74fc6ea13abbd933a01e,2026-09-19T17:12:00+00:00,2026-09-19 22:12:00,80.2,1010.7,72
12.9,19.0,38.1,1178.0,342.0,53.2,6.6,3.0,0.8,446.0,258.4,32.3,8.3,12.8,27.7,23.98,False,4095,0.0,2.3,0.0,EXT-OPEN-METEO-KHI,KARACHI,OPENSOURCE_API_GRID,1034,,,,0.95,True,True,TIER2_OPENSOURCE_PURE;CONTINUOUS_MINUTE_STREAM;VERIFIED_MODEL_GRID,e249745f584cb190b7847b63f476b78bcb34cddafed7c531e01ea0f7a59df2d8,2026-09-19T17:13:00+00:00,2026-09-19 22:13:00,80.2,1010.7,72
12.9,19.0,38.0,1178.0,342.0,53.2,6.6,3.0,0.8,446.0,258.0,32.3,8.4,12.7,27.7,23.98,False,4095,0.0,2.4,0.0,EXT-OPEN-METEO-KHI,KARACHI,OPENSOURCE_API_GRID,1035,,,,0.95,True,True,TIER2_OPENSOURCE_PURE;CONTINUOUS_MINUTE_STREAM;VERIFIED_MODEL_GRID,13ba0ed4063e40ee64b96ec5205b17283259bfe41c307f843be288e43d29d1a5,2026-09-19T17:14:00+00:00,2026-09-19 22:14:00,80.2,1010.7,72
12.9,19.0,37.9,1178.0,342.0,53.2,6.6,3.0,0.8,446.0,257.6,32.3,8.4,12.7,27.7,23.98,False,4095,0.0,2.4,0.0,EXT-OPEN-METEO-KHI,KARACHI,OPENSOURCE_API_GRID,1036,,,,0.95,True,True,TIER2_OPENSOURCE_PURE;CONTINUOUS_MINUTE_STREAM;VERIFIED_MODEL_GRID,cc605e39cf7d70233b61888ac479a7b811b2427016979b7f40b72b59e2a3fdf0,2026-09-19T17:15:00+00:00,2026-09-19 22:15:00,80.2,1010.7,72
12.9,19.0,37.9,1178.0,342.0,53.2,6.6,3.0,0.8,446.0,257.2,32.4,8.4,12.7,27.7,23.98,False,4095,0.0,2.5,0.0,EXT-OPEN-METEO-KHI,KARACHI,OPENSOURCE_API_GRID,1037,,,,0.95,True,True,TIER2_OPENSOURCE_PURE;CONTINUOUS_MINUTE_STREAM;VERIFIED_MODEL_GRID,d2f4406b0c03f4daa3d0df8010e373788ceac43678bf702402d6ca7ce762b9b8,2026-09-19T17:16:00+00:00,2026-09-19 22:16:00,80.2,1010.8,72
12.9,19.0,37.8,1178.0,342.0,53.2,6.6,3.0,0.8,446.0,256.7,32.4,8.4,12.6,27.7,24.0,False,4095,0.0,2.6,0.0,EXT-OPEN-METEO-KHI,KARACHI,OPENSOURCE_API_GRID,1038,,,,0.95,True,True,TIER2_OPENSOURCE_PURE;CONTINUOUS_MINUTE_STREAM;VERIFIED_MODEL_GRID,354873554c5bfbcf167b4566f81953874534c115f393fb99fa1d415386ec9cfb,2026-09-19T17:17:00+00:00,2026-09-19 22:17:00,80.3,1010.8,72
12.9,18.9,37.7,1171.8,340.2,52.9,6.6,3.0,0.8,446.0,256.3,32.5,8.4,12.6,27.6,23.9,False,4095,0.0,2.6,0.0,EXT-OPEN-METEO-KHI,KARACHI,OPENSOURCE_API_GRID,1039,,,,0.95,True,True,TIER2_OPENSOURCE_PURE;CONTINUOUS_MINUTE_STREAM;VERIFIED_MODEL_GRID,916afdb017568dd08c0fa9d2b6f4f3395b0d5831785e024f20ad6d534ffa772b,2026-09-19T17:18:00+00:00,2026-09-19 22:18:00,80.3,1010.8,72
12.9,18.9,37.6,1171.8,340.2,52.9,6.6,3.0,0.8,446.0,255.8,32.5,8.4,12.5,27.6,23.9,False,4095,0.0,2.7,0.0,EXT-OPEN-METEO-KHI,KARACHI,OPENSOURCE_API_GRID,1040,,,,0.95,True,True,TIER2_OPENSOURCE_PURE;CONTINUOUS_MINUTE_STREAM;VERIFIED_MODEL_GRID,f3f49d914c872a03ad01f475f13e602c045ef70b849668a51ba197f4333f5d9b,2026-09-19T17:19:00+00:00,2026-09-19 22:19:00,80.3,1010.8,72
12.9,18.9,37.5,1171.8,340.2,52.9,6.6,3.0,0.8,446.0,255.2,32.5,8.4,12.5,27.6,23.92,False,4095,0.0,2.8,0.0,EXT-OPEN-METEO-KHI,KARACHI,OPENSOURCE_API_GRID,1041,,,,0.95,True,True,TIER2_OPENSOURCE_PURE;CONTINUOUS_MINUTE_STREAM;VERIFIED_MODEL_GRID,00761d5f7385923ca80a9a5c19672b154613e7da1f6c0607ce013ccd88c7fc83,2026-09-19T17:20:00+00:00,2026-09-19 22:20:00,80.4,1010.8,72
12.9,18.9,37.4,1171.8,340.2,52.9,6.6,3.0,0.7,446.0,254.7,32.6,8.4,12.5,27.6,23.92,False,4095,0.0,2.8,0.0,EXT-OPEN-METEO-KHI,KARACHI,OPENSOURCE_API_GRID,1042,,,,0.95,True,True,TIER2_OPENSOURCE_PURE;CONTINUOUS_MINUTE_STREAM;VERIFIED_MODEL_GRID,a4b557eccd2474f3c426688e34acfc6c21fd32f40b83bc63a2dac509ac9b67d2,2026-09-19T17:21:00+00:00,2026-09-19 22:21:00,80.4,1010.8,72
12.9,18.9,37.3,1171.8,340.2,52.9,6.6,3.0,0.7,446.0,254.2,32.6,8.4,12.4,27.6,23.92,False,4095,0.0,2.9,0.0,EXT-OPEN-METEO-KHI,KARACHI,OPENSOURCE_API_GRID,1043,,,,0.95,True,True,TIER2_OPENSOURCE_PURE;CONTINUOUS_MINUTE_STREAM;VERIFIED_MODEL_GRID,decb9bef84f10bd9cea806c81fc806f227b28beec04220e9247a321346d8979a,2026-09-19T17:22:00+00:00,2026-09-19 22:22:00,80.4,1010.8,72
12.9,18.9,37.3,1171.8,340.2,52.9,6.6,3.0,0.7,446.0,253.6,32.6,8.4,12.4,27.6,23.94,False,4095,0.0,3.0,0.0,EXT-OPEN-METEO-KHI,KARACHI,OPENSOURCE_API_GRID,1044,,,,0.95,True,True,TIER2_OPENSOURCE_PURE;CONTINUOUS_MINUTE_STREAM;VERIFIED_MODEL_GRID,c41c96984c0cc8ff3c09a45d45dcfa728ab2dfd832e97fc7984af3870e54af10,2026-09-19T17:23:00+00:00,2026-09-19 22:23:00,80.5,1010.8,72
12.9,18.9,37.3,1171.8,340.2,52.9,6.6,3.0,0.7,446.0,253.1,32.7,8.4,12.3,27.6,23.96,False,4095,0.0,3.0,0.0,EXT-OPEN-METEO-KHI,KARACHI,OPENSOURCE_API_GRID,1045,,,,0.95,True,True,TIER2_OPENSOURCE_PURE;CONTINUOUS_MINUTE_STREAM;VERIFIED_MODEL_GRID,a21c54b578077cde1648f91d86ac195e38b3286d8b0cd8e94722aa21b7330749,2026-09-19T17:24:00+00:00,2026-09-19 22:24:00,80.6,1010.8,72
12.9,18.9,37.2,1171.8,340.2,52.9,6.6,3.0,0.7,446.0,252.5,32.7,8.4,12.3,27.5,23.86,False,4095,0.0,3.1,0.0,EXT-OPEN-METEO-KHI,KARACHI,OPENSOURCE_API_GRID,1046,,,,0.95,True,True,TIER2_OPENSOURCE_PURE;CONTINUOUS_MINUTE_STREAM;VERIFIED_MODEL_GRID,36ac302d5705e0077e5782e344df542b088bbb7c1b55cba922050e6f21b84fcc,2026-09-19T17:25:00+00:00,2026-09-19 22:25:00,80.6,1010.8,72
12.9,18.9,37.2,1171.8,340.2,52.9,6.6,3.0,0.7,446.0,251.9,32.8,8.5,12.2,27.5,23.89,False,4095,0.0,3.2,0.0,EXT-OPEN-METEO-KHI,KARACHI,OPENSOURCE_API_GRID,1047,,,,0.95,True,True,TIER2_OPENSOURCE_PURE;CONTINUOUS_MINUTE_STREAM;VERIFIED_MODEL_GRID,3c717195f4944d94cdddc655eb895940d1165915bdb4b8882288aba4869bd9b8,2026-09-19T17:26:00+00:00,2026-09-19 22:26:00,80.7,1010.8,72
12.9,19.0,37.2,1178.0,342.0,53.2,6.6,3.0,0.7,446.0,251.3,32.8,8.5,12.2,27.5,23.89,False,4095,0.0,3.3,0.0,EXT-OPEN-METEO-KHI,KARACHI,OPENSOURCE_API_GRID,1048,,,,0.95,True,True,TIER2_OPENSOURCE_PURE;CONTINUOUS_MINUTE_STREAM;VERIFIED_MODEL_GRID,dd62661abc72399f03d1ed12c408b05f206aadb0999fd2a8666e8528cffc072c,2026-09-19T17:27:00+00:00,2026-09-19 22:27:00,80.7,1010.8,72
12.9,19.0,37.2,1178.0,342.0,53.2,6.6,3.0,0.7,446.0,250.7,32.9,8.5,12.1,27.5,23.91,False,4095,0.0,3.3,0.0,EXT-OPEN-METEO-KHI,KARACHI,OPENSOURCE_API_GRID,1049,,,,0.95,True,True,TIER2_OPENSOURCE_PURE;CONTINUOUS_MINUTE_STREAM;VERIFIED_MODEL_GRID,f8d73fba717a50adbcd3dceccd1c3bd2a828c88cea0f4cedebc368cc8a0ac550,2026-09-19T17:28:00+00:00,2026-09-19 22:28:00,80.8,1010.8,72
13.0,19.1,37.2,1184.2,343.8,53.5,6.7,3.0,0.7,446.0,250.1,32.9,8.5,12.1,27.5,23.93,False,4095,0.0,3.4,0.0,EXT-OPEN-METEO-KHI,KARACHI,OPENSOURCE_API_GRID,1050,,,,0.95,True,True,TIER2_OPENSOURCE_PURE;CONTINUOUS_MINUTE_STREAM;VERIFIED_MODEL_GRID,7e00155a9761a497387ae0a2a25fcb1089a33c9fea8d7bf941065b11abff5a5f,2026-09-19T17:29:00+00:00,2026-09-19 22:29:00,80.9,1010.8,72
13.0,19.1,37.3,1184.2,343.8,53.5,6.7,3.0,0.7,446.0,249.5,32.9,8.5,12.0,27.5,23.95,False,4095,0.0,3.5,0.0,EXT-OPEN-METEO-KHI,KARACHI,OPENSOURCE_API_GRID,1051,,,,0.95,True,True,TIER2_OPENSOURCE_PURE;CONTINUOUS_MINUTE_STREAM;VERIFIED_MODEL_GRID,09fbac68922e26e67e9ff1f81ed0d269fd363c164083ad526954a67f9c93659c,2026-09-19T17:30:00+00:00,2026-09-19 22:30:00,81.0,1010.8,72
13.1,19.2,37.3,1190.4,345.6,53.8,6.7,3.0,0.7,446.0,248.9,33.0,8.5,11.9,27.5,23.95,False,4095,0.0,3.6,0.0,EXT-OPEN-METEO-KHI,KARACHI,OPENSOURCE_API_GRID,1052,,,,0.95,True,True,TIER2_OPENSOURCE_PURE;CONTINUOUS_MINUTE_STREAM;VERIFIED_MODEL_GRID,46da394a817d8ea86b76b5901f1fc994e4bda3084eef2f6a0354adc671c13467,2026-09-19T17:31:00+00:00,2026-09-19 22:31:00,81.0,1010.8,72
13.1,19.3,37.3,1196.6,347.4,54.0,6.8,3.0,0.7,446.0,248.3,33.0,8.5,11.9,27.5,23.97,False,4095,0.0,3.7,0.0,EXT-OPEN-METEO-KHI,KARACHI,OPENSOURCE_API_GRID,1053,,,,0.95,True,True,TIER2_OPENSOURCE_PURE;CONTINUOUS_MINUTE_STREAM;VERIFIED_MODEL_GRID,9f2046f8d8d72be89a39506aec7261f7607517c14b7faa93a4d4d5a832b9c89c,2026-09-19T17:32:00+00:00,2026-09-19 22:32:00,81.1,1010.8,72
13.1,19.3,37.4,1196.6,347.4,54.0,6.8,3.0,0.7,446.0,247.7,33.1,8.5,11.8,27.5,23.99,False,4095,0.0,3.7,0.0,EXT-OPEN-METEO-KHI,KARACHI,OPENSOURCE_API_GRID,1054,,,,0.95,True,True,TIER2_OPENSOURCE_PURE;CONTINUOUS_MINUTE_STREAM;VERIFIED_MODEL_GRID,72c55fce3896af686dffbbe5257055d72a02d7b2951a33912e14cb7a3af4b906,2026-09-19T17:33:00+00:00,2026-09-19 22:33:00,81.2,1010.8,72
13.1,19.3,37.2,1196.6,347.4,54.0,6.8,3.0,0.7,446.0,247.1,33.1,8.5,11.8,27.5,24.03,False,4095,0.0,3.8,0.0,EXT-OPEN-METEO-KHI,KARACHI,OPENSOURCE_API_GRID,1055,,,,0.95,True,True,TIER2_OPENSOURCE_PURE;CONTINUOUS_MINUTE_STREAM;VERIFIED_MODEL_GRID,1a8d81c6dd3ab256c90cba82e2e44396f318577b3e46442dba6dbe6a6a6c83b2,2026-09-19T17:34:00+00:00,2026-09-19 22:34:00,81.4,1010.8,72
13.1,19.3,37.2,1196.6,347.4,54.0,6.8,3.0,0.7,446.0,246.5,33.2,8.6,11.7,27.5,24.03,False,4095,0.0,3.9,0.0,EXT-OPEN-METEO-KHI,KARACHI,OPENSOURCE_API_GRID,1056,,,,0.95,True,True,TIER2_OPENSOURCE_PURE;CONTINUOUS_MINUTE_STREAM;VERIFIED_MODEL_GRID,49e890ab990eb4ef6648831b859269559c991f2304809cb264fc330ce3c756c6,2026-09-19T17:35:00+00:00,2026-09-19 22:35:00,81.4,1010.8,72
13.2,19.4,37.3,1202.8,349.2,54.3,6.8,3.0,0.7,446.0,245.9,33.2,8.6,11.7,27.5,24.05,False,4095,0.0,4.0,0.0,EXT-OPEN-METEO-KHI,KARACHI,OPENSOURCE_API_GRID,1057,,,,0.95,True,True,TIER2_OPENSOURCE_PURE;CONTINUOUS_MINUTE_STREAM;VERIFIED_MODEL_GRID,24bd3c273df8e3b2557058ebbae209e700f4f4f9b1aded1b6cee65380ee8de7a,2026-09-19T17:36:00+00:00,2026-09-19 22:36:00,81.5,1010.8,72
13.3,19.5,37.3,1209.0,351.0,54.6,6.8,3.0,0.7,446.0,245.4,33.3,8.6,11.6,27.5,24.05,False,4095,0.0,4.0,0.0,EXT-OPEN-METEO-KHI,KARACHI,OPENSOURCE_API_GRID,1058,,,,0.95,True,True,TIER2_OPENSOURCE_PURE;CONTINUOUS_MINUTE_STREAM;VERIFIED_MODEL_GRID,cdaf9384fbfea028cc9a2a51d1ea65a85625aa28079617e37cdcbeca2da231fd,2026-09-19T17:37:00+00:00,2026-09-19 22:37:00,81.5,1010.8,72
13.3,19.5,37.3,1209.0,351.0,54.6,6.8,3.0,0.7,446.0,244.8,33.3,8.6,11.6,27.5,24.05,False,4095,0.0,4.1,0.0,EXT-OPEN-METEO-KHI,KARACHI,OPENSOURCE_API_GRID,1059,,,,0.95,True,True,TIER2_OPENSOURCE_PURE;CONTINUOUS_MINUTE_STREAM;VERIFIED_MODEL_GRID,790bcefceb1059cafa2f365c3be30b768e96a9bfd961259d25fed0ab2188377c,2026-09-19T17:38:00+00:00,2026-09-19 22:38:00,81.5,1010.9,72
13.3,19.6,37.3,1215.2,352.8,54.9,6.9,3.0,0.7,446.0,244.3,33.3,8.6,11.5,27.5,24.07,False,4095,0.0,4.2,0.0,EXT-OPEN-METEO-KHI,KARACHI,OPENSOURCE_API_GRID,1060,,,,0.95,True,True,TIER2_OPENSOURCE_PURE;CONTINUOUS_MINUTE_STREAM;VERIFIED_MODEL_GRID,8f6e5a3877a906a2ec8e1a3b245dc0fdcbbb916bed5528c4f7a78cb9050a9782,2026-09-19T17:39:00+00:00,2026-09-19 22:39:00,81.6,1010.9,72
13.3,19.6,37.3,1215.2,352.8,54.9,6.9,3.0,0.7,446.0,243.8,33.4,8.6,11.5,27.5,24.07,False,4095,0.0,4.2,0.0,EXT-OPEN-METEO-KHI,KARACHI,OPENSOURCE_API_GRID,1061,,,,0.95,True,True,TIER2_OPENSOURCE_PURE;CONTINUOUS_MINUTE_STREAM;VERIFIED_MODEL_GRID,67879e5c7372016e860fe35affbc1c23028091a31f6ea59e464c643bf00f4008,2026-09-19T17:40:00+00:00,2026-09-19 22:40:00,81.6,1010.9,72
13.3,19.6,37.3,1215.2,352.8,54.9,6.9,3.0,0.7,446.0,243.2,33.4,8.6,11.5,27.5,24.07,False,4095,0.0,4.3,0.0,EXT-OPEN-METEO-KHI,KARACHI,OPENSOURCE_API_GRID,1062,,,,0.95,True,True,TIER2_OPENSOURCE_PURE;CONTINUOUS_MINUTE_STREAM;VERIFIED_MODEL_GRID,d1ebe0269ed581b2430d9a4fb4058f545094a55b1342719743cbac78faf4078e,2026-09-19T17:41:00+00:00,2026-09-19 22:41:00,81.6,1010.9,72
13.3,19.6,37.3,1215.2,352.8,54.9,6.9,3.0,0.7,446.0,242.7,33.4,8.6,11.4,27.5,24.07,False,4095,0.0,4.4,0.0,EXT-OPEN-METEO-KHI,KARACHI,OPENSOURCE_API_GRID,1063,,,,0.95,True,True,TIER2_OPENSOURCE_PURE;CONTINUOUS_MINUTE_STREAM;VERIFIED_MODEL_GRID,de4a4ab52a3850ff412687a79ad40e2d71d65b11874c6c1f247c20d777e729cc,2026-09-19T17:42:00+00:00,2026-09-19 22:42:00,81.6,1010.9,72
13.3,19.6,37.2,1215.2,352.8,54.9,6.9,3.0,0.7,446.0,242.3,33.5,8.6,11.4,27.5,24.07,False,4095,0.0,4.4,0.0,EXT-OPEN-METEO-KHI,KARACHI,OPENSOURCE_API_GRID,1064,,,,0.95,True,True,TIER2_OPENSOURCE_PURE;CONTINUOUS_MINUTE_STREAM;VERIFIED_MODEL_GRID,21794f4cb5cd8ea8f7e0268671bfcb5d1723714e7d35a80c73047a4663070c80,2026-09-19T17:43:00+00:00,2026-09-19 22:43:00,81.6,1010.9,72
13.3,19.6,37.2,1215.2,352.8,54.9,6.9,3.0,0.7,446.0,241.8,33.5,8.6,11.3,27.5,24.09,False,4095,0.0,4.5,0.0,EXT-OPEN-METEO-KHI,KARACHI,OPENSOURCE_API_GRID,1065,,,,0.95,True,True,TIER2_OPENSOURCE_PURE;CONTINUOUS_MINUTE_STREAM;VERIFIED_MODEL_GRID,f0147c98e077edb3950dcde81c3ffb5946737fe7f474fcf864900e1ccc871e05,2026-09-19T17:44:00+00:00,2026-09-19 22:44:00,81.7,1010.9,72
13.3,19.6,37.1,1215.2,352.8,54.9,6.9,3.0,0.7,446.0,241.4,33.6,8.6,11.3,27.5,24.09,False,4095,0.0,4.6,0.0,EXT-OPEN-METEO-KHI,KARACHI,OPENSOURCE_API_GRID,1066,,,,0.95,True,True,TIER2_OPENSOURCE_PURE;CONTINUOUS_MINUTE_STREAM;VERIFIED_MODEL_GRID,d2197fe9dc53f9765cb8730bfc44ab8cfb6ce088e1df2716dfb9efda8e1c9455,2026-09-19T17:45:00+00:00,2026-09-19 22:45:00,81.7,1010.9,72
13.3,19.6,37.0,1215.2,352.8,54.9,6.9,3.0,0.7,446.0,241.0,33.6,8.6,11.3,27.5,24.09,False,4095,0.0,4.6,0.0,EXT-OPEN-METEO-KHI,KARACHI,OPENSOURCE_API_GRID,1067,,,,0.95,True,True,TIER2_OPENSOURCE_PURE;CONTINUOUS_MINUTE_STREAM;VERIFIED_MODEL_GRID,e9d1ec58db7bcc656319d3f43284d48f4ed4efe20ce836001ffe1cb0eefc706c,2026-09-19T17:46:00+00:00,2026-09-19 22:46:00,81.7,1010.9,72
13.3,19.6,36.9,1215.2,352.8,54.9,6.9,3.0,0.7,446.0,240.6,33.6,8.7,11.2,27.5,24.09,False,4095,0.0,4.7,0.0,EXT-OPEN-METEO-KHI,KARACHI,OPENSOURCE_API_GRID,1068,,,,0.95,True,True,TIER2_OPENSOURCE_PURE;CONTINUOUS_MINUTE_STREAM;VERIFIED_MODEL_GRID,fd2cc60666f6a0d6d706b0de62890d8ba850da62035922984da60e82c1537bc4,2026-09-19T17:47:00+00:00,2026-09-19 22:47:00,81.7,1010.9,72
13.3,19.5,36.8,1209.0,351.0,54.6,6.8,2.9,0.7,446.0,240.2,33.6,8.7,11.2,27.4,23.99,False,4095,0.0,4.7,0.0,EXT-OPEN-METEO-KHI,KARACHI,OPENSOURCE_API_GRID,1069,,,,0.95,True,True,TIER2_OPENSOURCE_PURE;CONTINUOUS_MINUTE_STREAM;VERIFIED_MODEL_GRID,943301671243ab2e18f2157b0d399426e8479819268905d71c4f7168d6982bef,2026-09-19T17:48:00+00:00,2026-09-19 22:48:00,81.7,1010.9,72
13.3,19.5,36.7,1209.0,351.0,54.6,6.8,2.9,0.7,446.0,239.9,33.7,8.7,11.2,27.4,23.99,False,4095,0.0,4.8,0.0,EXT-OPEN-METEO-KHI,KARACHI,OPENSOURCE_API_GRID,1070,,,,0.95,True,True,TIER2_OPENSOURCE_PURE;CONTINUOUS_MINUTE_STREAM;VERIFIED_MODEL_GRID,6fe6e0d4c79963b75fe04359ed5356e04a09b082a708bbe71dedee25c9182ac0,2026-09-19T17:49:00+00:00,2026-09-19 22:49:00,81.7,1010.9,72
13.3,19.5,36.7,1209.0,351.0,54.6,6.8,2.9,0.7,446.0,239.5,33.7,8.7,11.1,27.4,23.99,False,4095,0.0,4.8,0.0,EXT-OPEN-METEO-KHI,KARACHI,OPENSOURCE_API_GRID,1071,,,,0.95,True,True,TIER2_OPENSOURCE_PURE;CONTINUOUS_MINUTE_STREAM;VERIFIED_MODEL_GRID,5e1a6f45e54a0648283ad3e18bc261a2c0120bc04afe4b0704d73630d4d27a30,2026-09-19T17:50:00+00:00,2026-09-19 22:50:00,81.7,1010.9,72
13.2,19.4,36.6,1202.8,349.2,54.3,6.8,2.9,0.7,446.0,239.3,33.7,8.7,11.1,27.4,23.99,False,4095,0.0,4.8,0.0,EXT-OPEN-METEO-KHI,KARACHI,OPENSOURCE_API_GRID,1072,,,,0.95,True,True,TIER2_OPENSOURCE_PURE;CONTINUOUS_MINUTE_STREAM;VERIFIED_MODEL_GRID,150280aec335bdc368f68dc00f48af50a02c62d33c28c40faa2a65d5f3172231,2026-09-19T17:51:00+00:00,2026-09-19 22:51:00,81.7,1010.9,72
13.2,19.4,36.5,1202.8,349.2,54.3,6.8,2.9,0.7,446.0,239.0,33.7,8.7,11.1,27.4,24.01,False,4095,0.0,4.9,0.0,EXT-OPEN-METEO-KHI,KARACHI,OPENSOURCE_API_GRID,1073,,,,0.95,True,True,TIER2_OPENSOURCE_PURE;CONTINUOUS_MINUTE_STREAM;VERIFIED_MODEL_GRID,1ac3a98ea22460dbcd58e7bac6447230b4056724bf0f1e58b96c46b00ca8017d,2026-09-19T17:52:00+00:00,2026-09-19 22:52:00,81.8,1010.9,72
13.2,19.4,36.5,1202.8,349.2,54.3,6.8,2.9,0.7,446.0,238.8,33.7,8.7,11.1,27.4,24.01,False,4095,0.0,4.9,0.0,EXT-OPEN-METEO-KHI,KARACHI,OPENSOURCE_API_GRID,1074,,,,0.95,True,True,TIER2_OPENSOURCE_PURE;CONTINUOUS_MINUTE_STREAM;VERIFIED_MODEL_GRID,e6c90112cb507366098113951ca68dc53bbe7e6fc495cc8b6b766ceac1d35a84,2026-09-19T17:53:00+00:00,2026-09-19 22:53:00,81.8,1010.9,72
13.2,19.4,36.4,1202.8,349.2,54.3,6.8,2.9,0.7,446.0,238.6,33.8,8.7,11.0,27.4,24.01,False,4095,0.0,4.9,0.0,EXT-OPEN-METEO-KHI,KARACHI,OPENSOURCE_API_GRID,1075,,,,0.95,True,True,TIER2_OPENSOURCE_PURE;CONTINUOUS_MINUTE_STREAM;VERIFIED_MODEL_GRID,bee09152a933e9399018f5731e64053c36d2541b147591d6ec2ba3d4da1431f8,2026-09-19T17:54:00+00:00,2026-09-19 22:54:00,81.8,1010.9,72
13.2,19.4,36.4,1202.8,349.2,54.3,6.8,2.9,0.7,446.0,238.4,33.8,8.7,11.0,27.4,24.01,False,4095,0.0,4.9,0.0,EXT-OPEN-METEO-KHI,KARACHI,OPENSOURCE_API_GRID,1076,,,,0.95,True,True,TIER2_OPENSOURCE_PURE;CONTINUOUS_MINUTE_STREAM;VERIFIED_MODEL_GRID,b43fa5f481888d86f9e59ce535a53721ce05aca6e77f9abfea90aada8258af90,2026-09-19T17:55:00+00:00,2026-09-19 22:55:00,81.8,1010.9,72
13.2,19.4,36.4,1202.8,349.2,54.3,6.8,2.9,0.7,446.0,238.3,33.8,8.7,11.0,27.4,24.01,False,4095,0.0,5.0,0.0,EXT-OPEN-METEO-KHI,KARACHI,OPENSOURCE_API_GRID,1077,,,,0.95,True,True,TIER2_OPENSOURCE_PURE;CONTINUOUS_MINUTE_STREAM;VERIFIED_MODEL_GRID,fbb8e8699445bdaa67f620836c907f3ed8c8a96604170d228be545ed2818ddf0,2026-09-19T17:56:00+00:00,2026-09-19 22:56:00,81.8,1010.9,72
13.2,19.4,36.4,1202.8,349.2,54.3,6.8,2.9,0.7,446.0,238.1,33.8,8.7,11.0,27.4,24.03,False,4095,0.0,5.0,0.0,EXT-OPEN-METEO-KHI,KARACHI,OPENSOURCE_API_GRID,1078,,,,0.95,True,True,TIER2_OPENSOURCE_PURE;CONTINUOUS_MINUTE_STREAM;VERIFIED_MODEL_GRID,798d259d900743ca08fa8258f57f37932da6252f9b04d88d9fe18c8af8fbfca4,2026-09-19T17:57:00+00:00,2026-09-19 22:57:00,81.9,1010.9,72
13.2,19.4,36.5,1202.8,349.2,54.3,6.8,2.9,0.7,446.0,238.1,33.8,8.7,11.0,27.4,24.03,False,4095,0.0,5.0,0.0,EXT-OPEN-METEO-KHI,KARACHI,OPENSOURCE_API_GRID,1079,,,,0.95,True,True,TIER2_OPENSOURCE_PURE;CONTINUOUS_MINUTE_STREAM;VERIFIED_MODEL_GRID,21d993c96d45b19326532bc2f06631fbc12a151d3271840ce46e6f675b966c6c,2026-09-19T17:58:00+00:00,2026-09-19 22:58:00,81.9,1010.9,72
13.3,19.5,36.5,1209.0,351.0,54.6,6.8,2.9,0.7,446.0,238.0,33.8,8.7,11.0,27.4,24.03,False,4095,0.0,5.0,0.0,EXT-OPEN-METEO-KHI,KARACHI,OPENSOURCE_API_GRID,1080,,,,0.95,True,True,TIER2_OPENSOURCE_PURE;CONTINUOUS_MINUTE_STREAM;VERIFIED_MODEL_GRID,424d1fd167dde5a9719ea7ba3b8d9ea14250d7299b8ef2ce7151ab78ba62e29f,2026-09-19T17:59:00+00:00,2026-09-19 22:59:00,81.9,1010.9,72
13.3,19.5,36.6,1209.0,351.0,54.6,6.8,2.9,0.7,446.0,238.0,33.8,8.7,11.0,27.4,24.03,False,4095,0.0,5.0,0.0,EXT-OPEN-METEO-KHI,KARACHI,OPENSOURCE_API_GRID,1081,,,,0.95,True,False,TIER2_OPENSOURCE_PURE;HOURLY_NODE;VERIFIED_MODEL_GRID,329e530f8601d0b2bdcb1eec6cac0af3a11073ded802bf2156b9a3ae3bad57b5,2026-09-19T18:00:00+00:00,2026-09-19 23:00:00,81.9,1010.9,72
13.3,19.5,36.6,1209.0,351.0,54.6,6.8,2.9,0.7,446.0,238.0,33.8,8.7,11.0,27.4,24.05,False,4095,0.0,5.0,0.0,EXT-OPEN-METEO-KHI,KARACHI,OPENSOURCE_API_GRID,1082,,,,0.95,True,True,TIER2_OPENSOURCE_PURE;CONTINUOUS_MINUTE_STREAM;VERIFIED_MODEL_GRID,9ca3e1f2112c873f597bd71cb2a311ad1d3a010821bc1b8da6aed4c929492c56,2026-09-19T18:01:00+00:00,2026-09-19 23:01:00,82.0,1010.9,72
13.3,19.6,36.7,1215.2,352.8,54.9,6.9,2.9,0.7,446.0,237.9,33.8,8.7,11.0,27.4,24.05,False,4095,0.0,5.0,0.0,EXT-OPEN-METEO-KHI,KARACHI,OPENSOURCE_API_GRID,1083,,,,0.95,True,True,TIER2_OPENSOURCE_PURE;CONTINUOUS_MINUTE_STREAM;VERIFIED_MODEL_GRID,22842aad19386af3c36e8db63f8547701e84835ee4254a87c15f77782b888267,2026-09-19T18:02:00+00:00,2026-09-19 23:02:00,82.0,1010.9,72
13.3,19.6,36.7,1215.2,352.8,54.9,6.9,2.9,0.7,446.0,237.8,33.8,8.7,11.0,27.4,24.05,False,4095,0.0,5.0,0.0,EXT-OPEN-METEO-KHI,KARACHI,OPENSOURCE_API_GRID,1084,,,,0.95,True,True,TIER2_OPENSOURCE_PURE;CONTINUOUS_MINUTE_STREAM;VERIFIED_MODEL_GRID,6b2d1f34379e5bfc66b80e18418e703e315c5933dfc5ed4b6605896a1e9be5a1,2026-09-19T18:03:00+00:00,2026-09-19 23:03:00,82.0,1010.9,72
13.4,19.7,36.8,1221.4,354.6,55.2,6.9,2.9,0.7,446.0,237.7,33.8,8.7,11.0,27.4,24.07,False,4095,0.0,5.1,0.0,EXT-OPEN-METEO-KHI,KARACHI,OPENSOURCE_API_GRID,1085,,,,0.95,True,True,TIER2_OPENSOURCE_PURE;CONTINUOUS_MINUTE_STREAM;VERIFIED_MODEL_GRID,41b2b5945baafc800c5fb2286b79c54633c0bc5622bf00bc9a3dec41274a7061,2026-09-19T18:04:00+00:00,2026-09-19 23:04:00,82.1,1010.9,72
13.3,19.6,36.7,1215.2,352.8,54.9,6.9,2.9,0.7,446.0,237.5,33.8,8.7,11.0,27.4,24.09,False,4095,0.0,5.1,0.0,EXT-OPEN-METEO-KHI,KARACHI,OPENSOURCE_API_GRID,1086,,,,0.95,True,True,TIER2_OPENSOURCE_PURE;CONTINUOUS_MINUTE_STREAM;VERIFIED_MODEL_GRID,e9db90b55e44a052d8a6493faeb7b8cac3ddb494b152acd468439abf70f9210a,2026-09-19T18:05:00+00:00,2026-09-19 23:05:00,82.2,1010.9,72
13.3,19.6,36.7,1215.2,352.8,54.9,6.9,2.9,0.7,446.0,237.2,33.8,8.7,11.0,27.4,24.09,False,4095,0.0,5.1,0.0,EXT-OPEN-METEO-KHI,KARACHI,OPENSOURCE_API_GRID,1087,,,,0.95,True,True,TIER2_OPENSOURCE_PURE;CONTINUOUS_MINUTE_STREAM;VERIFIED_MODEL_GRID,399200c18ddb5b1b0efac25bdff168e2a4ee7b90ce21897277b98dca45f2c380,2026-09-19T18:06:00+00:00,2026-09-19 23:06:00,82.2,1010.9,72
13.4,19.7,36.8,1221.4,354.6,55.2,6.9,2.9,0.7,446.0,236.9,33.7,8.7,11.0,27.4,24.09,False,4095,0.0,5.2,0.0,EXT-OPEN-METEO-KHI,KARACHI,OPENSOURCE_API_GRID,1088,,,,0.95,True,True,TIER2_OPENSOURCE_PURE;CONTINUOUS_MINUTE_STREAM;VERIFIED_MODEL_GRID,4d9085ea3dd066eac934dc42ffee92cb81c1e519b55a39f7552d55b15935e4d6,2026-09-19T18:07:00+00:00,2026-09-19 23:07:00,82.2,1010.9,72
13.4,19.7,36.8,1221.4,354.6,55.2,6.9,2.9,0.7,446.0,236.6,33.7,8.7,11.0,27.4,24.09,False,4095,0.0,5.2,0.0,EXT-OPEN-METEO-KHI,KARACHI,OPENSOURCE_API_GRID,1089,,,,0.95,True,True,TIER2_OPENSOURCE_PURE;CONTINUOUS_MINUTE_STREAM;VERIFIED_MODEL_GRID,816818be8e44fb69fff3f80a4e5753a08dcde3014632910ac14e7364221ac8c6,2026-09-19T18:08:00+00:00,2026-09-19 23:08:00,82.2,1010.9,72
13.4,19.7,36.9,1221.4,354.6,55.2,6.9,3.0,0.7,446.0,236.3,33.7,8.7,11.1,27.4,24.09,False,4095,0.0,5.3,0.0,EXT-OPEN-METEO-KHI,KARACHI,OPENSOURCE_API_GRID,1090,,,,0.95,True,True,TIER2_OPENSOURCE_PURE;CONTINUOUS_MINUTE_STREAM;VERIFIED_MODEL_GRID,93a8a2557fcc882367243eb2b1e2e80a730c662933becda4af8bb70dd2325aa7,2026-09-19T18:09:00+00:00,2026-09-19 23:09:00,82.2,1010.9,72
13.5,19.8,36.9,1227.6,356.4,55.4,6.9,3.0,0.7,446.0,235.9,33.7,8.7,11.1,27.4,24.09,False,4095,0.0,5.3,0.0,EXT-OPEN-METEO-KHI,KARACHI,OPENSOURCE_API_GRID,1091,,,,0.95,True,True,TIER2_OPENSOURCE_PURE;CONTINUOUS_MINUTE_STREAM;VERIFIED_MODEL_GRID,1136e89b4729c29ea7934a9ba0b0b910bdbe956f82a1dc97a8cb4d6901c55c35,2026-09-19T18:10:00+00:00,2026-09-19 23:10:00,82.2,1010.9,72
13.5,19.8,36.9,1227.6,356.4,55.4,6.9,3.0,0.7,446.0,235.4,33.6,8.7,11.1,27.4,24.09,False,4095,0.0,5.4,0.0,EXT-OPEN-METEO-KHI,KARACHI,OPENSOURCE_API_GRID,1092,,,,0.95,True,True,TIER2_OPENSOURCE_PURE;CONTINUOUS_MINUTE_STREAM;VERIFIED_MODEL_GRID,483629bd01d8f1b0e1d9db494d09ae5246572baff4ec4d302cdc47ba6ed91035,2026-09-19T18:11:00+00:00,2026-09-19 23:11:00,82.2,1010.9,72
13.5,19.8,36.9,1227.6,356.4,55.4,6.9,3.0,0.7,446.0,234.9,33.6,8.7,11.1,27.4,24.09,False,4095,0.0,5.5,0.0,EXT-OPEN-METEO-KHI,KARACHI,OPENSOURCE_API_GRID,1093,,,,0.95,True,True,TIER2_OPENSOURCE_PURE;CONTINUOUS_MINUTE_STREAM;VERIFIED_MODEL_GRID,0dfb6dabf81348f14f73f23f7ab55b239bbaa1ac2430f3a1ae0a22f4d2a80520,2026-09-19T18:12:00+00:00,2026-09-19 23:12:00,82.2,1010.9,72
13.5,19.8,36.8,1227.6,356.4,55.4,6.9,2.9,0.7,446.0,234.4,33.6,8.7,11.1,27.4,24.11,False,4095,0.0,5.6,0.0,EXT-OPEN-METEO-KHI,KARACHI,OPENSOURCE_API_GRID,1094,,,,0.95,True,True,TIER2_OPENSOURCE_PURE;CONTINUOUS_MINUTE_STREAM;VERIFIED_MODEL_GRID,8b975c5f3035a7d89de437e65b46dcbdca5b682e8f56b7c4bfaf7a84892fde28,2026-09-19T18:13:00+00:00,2026-09-19 23:13:00,82.3,1010.9,72
13.5,19.8,36.8,1227.6,356.4,55.4,6.9,2.9,0.7,446.0,233.9,33.6,8.7,11.1,27.4,24.11,False,4095,0.0,5.6,0.0,EXT-OPEN-METEO-KHI,KARACHI,OPENSOURCE_API_GRID,1095,,,,0.95,True,True,TIER2_OPENSOURCE_PURE;CONTINUOUS_MINUTE_STREAM;VERIFIED_MODEL_GRID,6130e8fa3444c410f82a7d4829a370c8a090735510bdeb94d20f517b7632b149,2026-09-19T18:14:00+00:00,2026-09-19 23:14:00,82.3,1010.9,72
13.4,19.7,36.7,1221.4,354.6,55.2,6.9,2.9,0.7,446.0,233.3,33.5,8.7,11.1,27.4,24.11,False,4095,0.0,5.7,0.0,EXT-OPEN-METEO-KHI,KARACHI,OPENSOURCE_API_GRID,1096,,,,0.95,True,True,TIER2_OPENSOURCE_PURE;CONTINUOUS_MINUTE_STREAM;VERIFIED_MODEL_GRID,04210f444bcc74f18b37d4c4638f1fa30f2eb230aaf1e4240b41deed516db28a,2026-09-19T18:15:00+00:00,2026-09-19 23:15:00,82.3,1010.9,72
13.4,19.7,36.7,1221.4,354.6,55.2,6.9,2.9,0.7,446.0,232.7,33.5,8.7,11.2,27.4,24.11,False,4095,0.0,5.8,0.0,EXT-OPEN-METEO-KHI,KARACHI,OPENSOURCE_API_GRID,1097,,,,0.95,True,True,TIER2_OPENSOURCE_PURE;CONTINUOUS_MINUTE_STREAM;VERIFIED_MODEL_GRID,b02091f6f6654e317c24fb30602acc8c886fc9943af64cca2eaed55bc0ce1072,2026-09-19T18:16:00+00:00,2026-09-19 23:16:00,82.3,1010.9,72
13.4,19.7,36.6,1221.4,354.6,55.2,6.9,2.9,0.7,446.0,232.1,33.4,8.6,11.2,27.4,24.11,False,4095,0.0,5.9,0.0,EXT-OPEN-METEO-KHI,KARACHI,OPENSOURCE_API_GRID,1098,,,,0.95,True,True,TIER2_OPENSOURCE_PURE;CONTINUOUS_MINUTE_STREAM;VERIFIED_MODEL_GRID,2bc235f40bab3a1051c0dffe6feef840e3715ce85a2db4342e555915863aaec3,2026-09-19T18:17:00+00:00,2026-09-19 23:17:00,82.3,1010.9,72
13.3,19.6,36.5,1215.2,352.8,54.9,6.9,2.9,0.7,446.0,231.4,33.4,8.6,11.2,27.4,24.11,False,4095,0.0,6.0,0.0,EXT-OPEN-METEO-KHI,KARACHI,OPENSOURCE_API_GRID,1099,,,,0.95,True,True,TIER2_OPENSOURCE_PURE;CONTINUOUS_MINUTE_STREAM;VERIFIED_MODEL_GRID,f402c29d2d5645f25308d6eb4df0a3cac088e36394c17d38e75b1ae0860a85d2,2026-09-19T18:18:00+00:00,2026-09-19 23:18:00,82.3,1010.9,72
13.3,19.6,36.4,1215.2,352.8,54.9,6.9,2.9,0.7,446.0,230.7,33.4,8.6,11.2,27.4,24.13,False,4095,0.0,6.1,0.0,EXT-OPEN-METEO-KHI,KARACHI,OPENSOURCE_API_GRID,1100,,,,0.95,True,True,TIER2_OPENSOURCE_PURE;CONTINUOUS_MINUTE_STREAM;VERIFIED_MODEL_GRID,2969ba339aa9ba610c0b1f5f128b07bb9597a93de8ff592da9336a59dddcab88,2026-09-19T18:19:00+00:00,2026-09-19 23:19:00,82.4,1010.9,72
13.3,19.5,36.3,1209.0,351.0,54.6,6.8,2.9,0.7,446.0,230.0,33.3,8.6,11.2,27.4,24.13,False,4095,0.0,6.2,0.0,EXT-OPEN-METEO-KHI,KARACHI,OPENSOURCE_API_GRID,1101,,,,0.95,True,True,TIER2_OPENSOURCE_PURE;CONTINUOUS_MINUTE_STREAM;VERIFIED_MODEL_GRID,8f6bfc3e82dae5d93c6f532e05464e16dde86494d727e72325169cb4f1a84d5d,2026-09-19T18:20:00+00:00,2026-09-19 23:20:00,82.4,1010.9,72
13.3,19.5,36.2,1209.0,351.0,54.6,6.8,2.9,0.7,446.0,229.3,33.3,8.6,11.3,27.3,24.04,False,4095,0.0,6.4,0.0,EXT-OPEN-METEO-KHI,KARACHI,OPENSOURCE_API_GRID,1102,,,,0.95,True,True,TIER2_OPENSOURCE_PURE;CONTINUOUS_MINUTE_STREAM;VERIFIED_MODEL_GRID,9ba416677effa8bceb52edffda28bf8e358cecfef29692db07e25442104bb413,2026-09-19T18:21:00+00:00,2026-09-19 23:21:00,82.4,1010.9,72
13.2,19.4,36.1,1202.8,349.2,54.3,6.8,2.9,0.7,446.0,228.5,33.2,8.6,11.3,27.3,24.06,False,4095,0.0,6.5,0.0,EXT-OPEN-METEO-KHI,KARACHI,OPENSOURCE_API_GRID,1103,,,,0.95,True,True,TIER2_OPENSOURCE_PURE;CONTINUOUS_MINUTE_STREAM;VERIFIED_MODEL_GRID,e6d017c3697b924509bf68ae4f35b3f4bc5855370919593a742692548cce864f,2026-09-19T18:22:00+00:00,2026-09-19 23:22:00,82.5,1010.9,72
13.2,19.4,36.1,1202.8,349.2,54.3,6.8,2.9,0.7,446.0,227.7,33.2,8.6,11.3,27.3,24.06,False,4095,0.0,6.6,0.0,EXT-OPEN-METEO-KHI,KARACHI,OPENSOURCE_API_GRID,1104,,,,0.95,True,True,TIER2_OPENSOURCE_PURE;CONTINUOUS_MINUTE_STREAM;VERIFIED_MODEL_GRID,f6006d29dc74cb5d8e4ebb981f4417022781a034d00ce87e8e5020a80e8d7aeb,2026-09-19T18:23:00+00:00,2026-09-19 23:23:00,82.5,1010.9,72
13.2,19.4,36.0,1202.8,349.2,54.3,6.8,2.9,0.7,446.0,226.9,33.1,8.6,11.3,27.3,24.06,False,4095,0.0,6.7,0.0,EXT-OPEN-METEO-KHI,KARACHI,OPENSOURCE_API_GRID,1105,,,,0.95,True,True,TIER2_OPENSOURCE_PURE;CONTINUOUS_MINUTE_STREAM;VERIFIED_MODEL_GRID,ccc5ca69a1cf9faaffacd0c99b43964985a70352255b64de5b443f1764028337,2026-09-19T18:24:00+00:00,2026-09-19 23:24:00,82.5,1010.9,72
13.1,19.3,35.9,1196.6,347.4,54.0,6.8,2.9,0.7,446.0,226.1,33.1,8.6,11.4,27.3,24.08,False,4095,0.0,6.9,0.0,EXT-OPEN-METEO-KHI,KARACHI,OPENSOURCE_API_GRID,1106,,,,0.95,True,True,TIER2_OPENSOURCE_PURE;CONTINUOUS_MINUTE_STREAM;VERIFIED_MODEL_GRID,52f3c511b9ec77b45cec69288e563389fb24ba6ba54582499cfdd411f79ac2bb,2026-09-19T18:25:00+00:00,2026-09-19 23:25:00,82.6,1010.9,72
13.1,19.3,35.9,1196.6,347.4,54.0,6.8,2.9,0.7,446.0,225.3,33.0,8.6,11.4,27.3,24.1,False,4095,0.0,7.0,0.0,EXT-OPEN-METEO-KHI,KARACHI,OPENSOURCE_API_GRID,1107,,,,0.95,True,True,TIER2_OPENSOURCE_PURE;CONTINUOUS_MINUTE_STREAM;VERIFIED_MODEL_GRID,b8630e55f0d8011a1761ec46eff1304701a9cf1a26b5a467b0e064bf35dedb0e,2026-09-19T18:26:00+00:00,2026-09-19 23:26:00,82.7,1010.9,72
13.1,19.3,35.9,1196.6,347.4,54.0,6.8,2.9,0.7,446.0,224.5,33.0,8.6,11.4,27.3,24.1,False,4095,0.0,7.1,0.0,EXT-OPEN-METEO-KHI,KARACHI,OPENSOURCE_API_GRID,1108,,,,0.95,True,True,TIER2_OPENSOURCE_PURE;CONTINUOUS_MINUTE_STREAM;VERIFIED_MODEL_GRID,0290f7ececacf4f32730cd4de2f6c3e75d5cff0eef05282dbb18384a7a924299,2026-09-19T18:27:00+00:00,2026-09-19 23:27:00,82.7,1010.9,72
13.1,19.3,35.8,1196.6,347.4,54.0,6.8,2.9,0.7,446.0,223.7,32.9,8.6,11.4,27.3,24.12,False,4095,0.0,7.2,0.0,EXT-OPEN-METEO-KHI,KARACHI,OPENSOURCE_API_GRID,1109,,,,0.95,True,True,TIER2_OPENSOURCE_PURE;CONTINUOUS_MINUTE_STREAM;VERIFIED_MODEL_GRID,d426149cf2def70cb7636cef1e3d61d44f78a5308a68b28b4227fd70d14754dd,2026-09-19T18:28:00+00:00,2026-09-19 23:28:00,82.8,1010.9,72
13.1,19.3,35.8,1196.6,347.4,54.0,6.8,2.9,0.7,446.0,222.8,32.9,8.6,11.5,27.3,24.12,False,4095,0.0,7.4,0.0,EXT-OPEN-METEO-KHI,KARACHI,OPENSOURCE_API_GRID,1110,,,,0.95,True,True,TIER2_OPENSOURCE_PURE;CONTINUOUS_MINUTE_STREAM;VERIFIED_MODEL_GRID,4725e29d435c3d1be01b6b63ae179790e0bda22ae9a04e2e7b13edfcff6df344,2026-09-19T18:29:00+00:00,2026-09-19 23:29:00,82.8,1010.9,72
13.2,19.4,35.9,1202.8,349.2,54.3,6.8,2.9,0.7,446.0,222.0,32.8,8.5,11.5,27.3,24.14,False,4095,0.0,7.5,0.0,EXT-OPEN-METEO-KHI,KARACHI,OPENSOURCE_API_GRID,1111,,,,0.95,True,True,TIER2_OPENSOURCE_PURE;CONTINUOUS_MINUTE_STREAM;VERIFIED_MODEL_GRID,5c81680c99a2514946f353edff8d844e4723560a46bb5a2b737e538fd4fd4c95,2026-09-19T18:30:00+00:00,2026-09-19 23:30:00,82.9,1010.9,72
13.2,19.4,35.9,1202.8,349.2,54.3,6.8,2.9,0.7,446.0,221.2,32.8,8.5,11.5,27.3,24.16,False,4095,0.0,7.6,0.0,EXT-OPEN-METEO-KHI,KARACHI,OPENSOURCE_API_GRID,1112,,,,0.95,True,True,TIER2_OPENSOURCE_PURE;CONTINUOUS_MINUTE_STREAM;VERIFIED_MODEL_GRID,508055a099590dddfd96c29891bfbb17bf8ddfb5ec03361c161a8a6eaeab62f1,2026-09-19T18:31:00+00:00,2026-09-19 23:31:00,83.0,1010.9,72
13.2,19.4,35.9,1202.8,349.2,54.3,6.8,2.9,0.7,446.0,220.3,32.8,8.5,11.6,27.3,24.18,False,4095,0.0,7.8,0.0,EXT-OPEN-METEO-KHI,KARACHI,OPENSOURCE_API_GRID,1113,,,,0.95,True,True,TIER2_OPENSOURCE_PURE;CONTINUOUS_MINUTE_STREAM;VERIFIED_MODEL_GRID,f68200e4847c6fb878fd1d7e558bddf2154268b99a39c5871098f85bfb7ee12e,2026-09-19T18:32:00+00:00,2026-09-19 23:32:00,83.1,1010.9,72
13.3,19.5,35.9,1209.0,351.0,54.6,6.8,2.9,0.7,446.0,219.5,32.7,8.5,11.6,27.3,24.18,False,4095,0.0,7.9,0.0,EXT-OPEN-METEO-KHI,KARACHI,OPENSOURCE_API_GRID,1114,,,,0.95,True,True,TIER2_OPENSOURCE_PURE;CONTINUOUS_MINUTE_STREAM;VERIFIED_MODEL_GRID,bb0ad11a7115c4317e626fb8c7359b9821ca2a47da177a47aca4241191fde614,2026-09-19T18:33:00+00:00,2026-09-19 23:33:00,83.1,1010.9,72
13.3,19.5,36.0,1209.0,351.0,54.6,6.8,2.9,0.7,446.0,218.7,32.7,8.5,11.6,27.3,24.2,False,4095,0.0,8.0,0.0,EXT-OPEN-METEO-KHI,KARACHI,OPENSOURCE_API_GRID,1115,,,,0.95,True,True,TIER2_OPENSOURCE_PURE;CONTINUOUS_MINUTE_STREAM;VERIFIED_MODEL_GRID,a32e579f598a91cbba30a64365f224faa2d2e46bb167b877b4377e371d1ba05c,2026-09-19T18:34:00+00:00,2026-09-19 23:34:00,83.2,1010.9,72
13.3,19.5,36.0,1209.0,351.0,54.6,6.8,2.9,0.7,446.0,217.9,32.6,8.5,11.6,27.3,24.22,False,4095,0.0,8.1,0.0,EXT-OPEN-METEO-KHI,KARACHI,OPENSOURCE_API_GRID,1116,,,,0.95,True,True,TIER2_OPENSOURCE_PURE;CONTINUOUS_MINUTE_STREAM;VERIFIED_MODEL_GRID,fe265ffd48082d2aca1733a3730b7e5c2cf105c4c1a97bb7aacbd3a8ac86b7fb,2026-09-19T18:35:00+00:00,2026-09-19 23:35:00,83.3,1010.9,72
13.3,19.5,35.8,1209.0,351.0,54.6,6.8,2.9,0.7,446.0,217.1,32.6,8.5,11.7,27.3,24.26,False,4095,0.0,8.3,0.0,EXT-OPEN-METEO-KHI,KARACHI,OPENSOURCE_API_GRID,1117,,,,0.95,True,True,TIER2_OPENSOURCE_PURE;CONTINUOUS_MINUTE_STREAM;VERIFIED_MODEL_GRID,a02bce1dc37369db47f84b6141223a6ebdd6d29a638831b6437c7c25dd7c8e45,2026-09-19T18:36:00+00:00,2026-09-19 23:36:00,83.5,1010.9,72
13.3,19.5,35.9,1209.0,351.0,54.6,6.8,2.9,0.7,446.0,216.3,32.5,8.5,11.7,27.3,24.26,False,4095,0.0,8.4,0.0,EXT-OPEN-METEO-KHI,KARACHI,OPENSOURCE_API_GRID,1118,,,,0.95,True,True,TIER2_OPENSOURCE_PURE;CONTINUOUS_MINUTE_STREAM;VERIFIED_MODEL_GRID,816e0a596be5e8b927c99bbb977afa6ef0362d18b8d7e4b2a210b99d1064039c,2026-09-19T18:37:00+00:00,2026-09-19 23:37:00,83.5,1010.9,72
13.3,19.5,35.9,1209.0,351.0,54.6,6.8,2.9,0.7,446.0,215.5,32.5,8.5,11.7,27.3,24.26,False,4095,0.0,8.5,0.0,EXT-OPEN-METEO-KHI,KARACHI,OPENSOURCE_API_GRID,1119,,,,0.95,True,True,TIER2_OPENSOURCE_PURE;CONTINUOUS_MINUTE_STREAM;VERIFIED_MODEL_GRID,903f4c21b6d921dd1b059ab223da432ee5147c53e0880537157802ae6700a52a,2026-09-19T18:38:00+00:00,2026-09-19 23:38:00,83.5,1010.9,72
13.3,19.6,35.9,1215.2,352.8,54.9,6.9,2.9,0.7,446.0,214.7,32.4,8.5,11.7,27.3,24.28,False,4095,0.0,8.6,0.0,EXT-OPEN-METEO-KHI,KARACHI,OPENSOURCE_API_GRID,1120,,,,0.95,True,True,TIER2_OPENSOURCE_PURE;CONTINUOUS_MINUTE_STREAM;VERIFIED_MODEL_GRID,ce02ebad9f9f069c987e84fb85d35bd5c99083df9dd6feb12c49f0bb7a55347b,2026-09-19T18:39:00+00:00,2026-09-19 23:39:00,83.6,1010.9,72
13.3,19.6,36.0,1215.2,352.8,54.9,6.9,2.9,0.7,446.0,214.0,32.4,8.5,11.8,27.3,24.28,False,4095,0.0,8.8,0.0,EXT-OPEN-METEO-KHI,KARACHI,OPENSOURCE_API_GRID,1121,,,,0.95,True,True,TIER2_OPENSOURCE_PURE;CONTINUOUS_MINUTE_STREAM;VERIFIED_MODEL_GRID,25770f06274e21bf7a222859230dcb6280aebfe4a8cf04b000096c7ee4666f80,2026-09-19T18:40:00+00:00,2026-09-19 23:40:00,83.6,1010.9,72
13.3,19.6,36.0,1215.2,352.8,54.9,6.9,2.9,0.7,446.0,213.3,32.3,8.5,11.8,27.3,24.28,False,4095,0.0,8.9,0.0,EXT-OPEN-METEO-KHI,KARACHI,OPENSOURCE_API_GRID,1122,,,,0.95,True,True,TIER2_OPENSOURCE_PURE;CONTINUOUS_MINUTE_STREAM;VERIFIED_MODEL_GRID,8218a81dc20cfc589ddbad31f0b99cc41ec15bf2490f92d8a20042abed86ac7a,2026-09-19T18:41:00+00:00,2026-09-19 23:41:00,83.6,1010.9,72
13.3,19.6,36.0,1215.2,352.8,54.9,6.9,2.9,0.7,446.0,212.6,32.3,8.5,11.8,27.3,24.3,False,4095,0.0,9.0,0.0,EXT-OPEN-METEO-KHI,KARACHI,OPENSOURCE_API_GRID,1123,,,,0.95,True,True,TIER2_OPENSOURCE_PURE;CONTINUOUS_MINUTE_STREAM;VERIFIED_MODEL_GRID,c9d84c3ac45d2a7728943100e6495f97735823f73c65645f8b29f2fa2a0cb5a2,2026-09-19T18:42:00+00:00,2026-09-19 23:42:00,83.7,1010.9,72
13.3,19.6,35.9,1215.2,352.8,54.9,6.9,2.9,0.7,446.0,211.9,32.3,8.5,11.8,27.3,24.3,False,4095,0.0,9.1,0.0,EXT-OPEN-METEO-KHI,KARACHI,OPENSOURCE_API_GRID,1124,,,,0.95,True,True,TIER2_OPENSOURCE_PURE;CONTINUOUS_MINUTE_STREAM;VERIFIED_MODEL_GRID,e07e003b401f206789c7f92db8a01de7951c7966d2cc9cb3f7ec17460914f402,2026-09-19T18:43:00+00:00,2026-09-19 23:43:00,83.7,1010.9,72
13.3,19.6,35.9,1215.2,352.8,54.9,6.9,2.9,0.7,446.0,211.3,32.2,8.4,11.8,27.3,24.3,False,4095,0.0,9.2,0.0,EXT-OPEN-METEO-KHI,KARACHI,OPENSOURCE_API_GRID,1125,,,,0.95,True,True,TIER2_OPENSOURCE_PURE;CONTINUOUS_MINUTE_STREAM;VERIFIED_MODEL_GRID,da1e3f54d1759d3a08a0b6331a168c253c4e2d23c78ed6ccbca9f8ef8a061efb,2026-09-19T18:44:00+00:00,2026-09-19 23:44:00,83.7,1010.9,72
13.3,19.6,35.9,1215.2,352.8,54.9,6.9,2.9,0.7,446.0,210.7,32.2,8.4,11.9,27.3,24.3,False,4095,0.0,9.3,0.0,EXT-OPEN-METEO-KHI,KARACHI,OPENSOURCE_API_GRID,1126,,,,0.95,True,True,TIER2_OPENSOURCE_PURE;CONTINUOUS_MINUTE_STREAM;VERIFIED_MODEL_GRID,091273b782935d0fccbab303ff22997cb2e9066481c9c6756cee3b5b27e43032,2026-09-19T18:45:00+00:00,2026-09-19 23:45:00,83.7,1010.9,72
13.3,19.6,35.8,1215.2,352.8,54.9,6.9,2.9,0.7,446.0,210.1,32.1,8.4,11.9,27.3,24.3,False,4095,0.0,9.4,0.0,EXT-OPEN-METEO-KHI,KARACHI,OPENSOURCE_API_GRID,1127,,,,0.95,True,True,TIER2_OPENSOURCE_PURE;CONTINUOUS_MINUTE_STREAM;VERIFIED_MODEL_GRID,5c979fbda374ea45c90b3a019f4554845508d0116faa11808c1ad272153b3770,2026-09-19T18:46:00+00:00,2026-09-19 23:46:00,83.7,1010.9,72
13.3,19.6,35.7,1215.2,352.8,54.9,6.9,2.9,0.7,446.0,209.6,32.1,8.4,11.9,27.3,24.3,False,4095,0.0,9.4,0.0,EXT-OPEN-METEO-KHI,KARACHI,OPENSOURCE_API_GRID,1128,,,,0.95,True,True,TIER2_OPENSOURCE_PURE;CONTINUOUS_MINUTE_STREAM;VERIFIED_MODEL_GRID,9ad4df2d7d1f8b992004effc9164e121afde6d005b2ccae18ffd8d4d812575fb,2026-09-19T18:47:00+00:00,2026-09-19 23:47:00,83.7,1010.9,72
13.3,19.5,35.7,1209.0,351.0,54.6,6.8,2.9,0.7,446.0,209.1,32.1,8.4,11.9,27.3,24.3,False,4095,0.0,9.5,0.0,EXT-OPEN-METEO-KHI,KARACHI,OPENSOURCE_API_GRID,1129,,,,0.95,True,True,TIER2_OPENSOURCE_PURE;CONTINUOUS_MINUTE_STREAM;VERIFIED_MODEL_GRID,d3eb95d56718a3b72f664f68be60fba9c4e5e25a5fb39e3c1f198f7acd96d0c6,2026-09-19T18:48:00+00:00,2026-09-19 23:48:00,83.7,1010.9,72
13.3,19.5,35.6,1209.0,351.0,54.6,6.8,2.8,0.7,446.0,208.6,32.1,8.4,11.9,27.2,24.22,False,4095,0.0,9.6,0.0,EXT-OPEN-METEO-KHI,KARACHI,OPENSOURCE_API_GRID,1130,,,,0.95,True,True,TIER2_OPENSOURCE_PURE;CONTINUOUS_MINUTE_STREAM;VERIFIED_MODEL_GRID,e46d630d4be2ad1cd92257972dcf1d481f79c4467844fb40735afd45dfe8fe8b,2026-09-19T18:49:00+00:00,2026-09-19 23:49:00,83.8,1010.9,72
13.2,19.4,35.5,1202.8,349.2,54.3,6.8,2.8,0.7,446.0,208.1,32.0,8.4,11.9,27.2,24.22,False,4095,0.0,9.7,0.0,EXT-OPEN-METEO-KHI,KARACHI,OPENSOURCE_API_GRID,1131,,,,0.95,True,True,TIER2_OPENSOURCE_PURE;CONTINUOUS_MINUTE_STREAM;VERIFIED_MODEL_GRID,4805cd75010ed6ee8c19882512564739b63dccf367ff006f3d4d7089cc28debc,2026-09-19T18:50:00+00:00,2026-09-19 23:50:00,83.8,1010.9,72
13.2,19.4,35.4,1202.8,349.2,54.3,6.8,2.8,0.7,446.0,207.7,32.0,8.4,11.9,27.2,24.22,False,4095,0.0,9.7,0.0,EXT-OPEN-METEO-KHI,KARACHI,OPENSOURCE_API_GRID,1132,,,,0.95,True,True,TIER2_OPENSOURCE_PURE;CONTINUOUS_MINUTE_STREAM;VERIFIED_MODEL_GRID,6a6ee37e27b3549b7e2664503168b73c87bb46f308e19b5f350960dadb0ec184,2026-09-19T18:51:00+00:00,2026-09-19 23:51:00,83.8,1010.9,72
13.1,19.3,35.3,1196.6,347.4,54.0,6.8,2.8,0.7,446.0,207.4,32.0,8.4,12.0,27.2,24.22,False,4095,0.0,9.8,0.0,EXT-OPEN-METEO-KHI,KARACHI,OPENSOURCE_API_GRID,1133,,,,0.95,True,True,TIER2_OPENSOURCE_PURE;CONTINUOUS_MINUTE_STREAM;VERIFIED_MODEL_GRID,85f8bf5ae96059aa45a077757cce08dfe2d935634d29a4a5dbc3fcff34c161ff,2026-09-19T18:52:00+00:00,2026-09-19 23:52:00,83.8,1010.9,72
13.1,19.3,35.3,1196.6,347.4,54.0,6.8,2.8,0.7,446.0,207.1,32.0,8.4,12.0,27.2,24.22,False,4095,0.0,9.8,0.0,EXT-OPEN-METEO-KHI,KARACHI,OPENSOURCE_API_GRID,1134,,,,0.95,True,True,TIER2_OPENSOURCE_PURE;CONTINUOUS_MINUTE_STREAM;VERIFIED_MODEL_GRID,1ad70c6ae0cbd8304c3a35dfdb2dde714ea75d82c57fb482e1dcba9ffaf2f2ce,2026-09-19T18:53:00+00:00,2026-09-19 23:53:00,83.8,1010.9,72
13.1,19.3,35.2,1196.6,347.4,54.0,6.8,2.8,0.7,446.0,206.8,31.9,8.4,12.0,27.2,24.22,False,4095,0.0,9.9,0.0,EXT-OPEN-METEO-KHI,KARACHI,OPENSOURCE_API_GRID,1135,,,,0.95,True,True,TIER2_OPENSOURCE_PURE;CONTINUOUS_MINUTE_STREAM;VERIFIED_MODEL_GRID,70b4c371279ce10313d78d15803ad12045727bc8b3ba1d866ca787a4b8db67e5,2026-09-19T18:54:00+00:00,2026-09-19 23:54:00,83.8,1010.9,72
13.1,19.2,35.2,1190.4,345.6,53.8,6.7,2.8,0.7,446.0,206.5,31.9,8.4,12.0,27.2,24.22,False,4095,0.0,9.9,0.0,EXT-OPEN-METEO-KHI,KARACHI,OPENSOURCE_API_GRID,1136,,,,0.95,True,True,TIER2_OPENSOURCE_PURE;CONTINUOUS_MINUTE_STREAM;VERIFIED_MODEL_GRID,430c495b0df73871914d3f7b9f2897b41f61ef048caf3c442b64612d7721902b,2026-09-19T18:55:00+00:00,2026-09-19 23:55:00,83.8,1010.9,72
13.1,19.2,35.1,1190.4,345.6,53.8,6.7,2.8,0.7,446.0,206.3,31.9,8.4,12.0,27.2,24.22,False,4095,0.0,9.9,0.0,EXT-OPEN-METEO-KHI,KARACHI,OPENSOURCE_API_GRID,1137,,,,0.95,True,True,TIER2_OPENSOURCE_PURE;CONTINUOUS_MINUTE_STREAM;VERIFIED_MODEL_GRID,061b025a22cfad319458218d056248a637a72af0444b16f48e6f496c5ce9e424,2026-09-19T18:56:00+00:00,2026-09-19 23:56:00,83.8,1010.9,72
13.1,19.2,35.1,1190.4,345.6,53.8,6.7,2.8,0.7,446.0,206.2,31.9,8.4,12.0,27.2,24.22,False,4095,0.0,10.0,0.0,EXT-OPEN-METEO-KHI,KARACHI,OPENSOURCE_API_GRID,1138,,,,0.95,True,True,TIER2_OPENSOURCE_PURE;CONTINUOUS_MINUTE_STREAM;VERIFIED_MODEL_GRID,1c82fa4f802e818f9c30591a8db89774412bb7e15dc001f09ec4f5d558364461,2026-09-19T18:57:00+00:00,2026-09-19 23:57:00,83.8,1010.9,72
13.1,19.2,35.1,1190.4,345.6,53.8,6.7,2.8,0.7,446.0,206.1,31.9,8.4,12.0,27.2,24.24,False,4095,0.0,10.0,0.0,EXT-OPEN-METEO-KHI,KARACHI,OPENSOURCE_API_GRID,1139,,,,0.95,True,True,TIER2_OPENSOURCE_PURE;CONTINUOUS_MINUTE_STREAM;VERIFIED_MODEL_GRID,d312caaf738244fde8b85f043510f130bd798822ab90226f46e94706c6d27403,2026-09-19T18:58:00+00:00,2026-09-19 23:58:00,83.9,1010.9,72
13.1,19.2,35.1,1190.4,345.6,53.8,6.7,2.8,0.7,446.0,206.0,31.9,8.4,12.0,27.2,24.24,False,4095,0.0,10.0,0.0,EXT-OPEN-METEO-KHI,KARACHI,OPENSOURCE_API_GRID,1140,,,,0.95,True,True,TIER2_OPENSOURCE_PURE;CONTINUOUS_MINUTE_STREAM;VERIFIED_MODEL_GRID,eafb7d0b5d18981f8e9d24d95aeda7e2cff3627a38d0f146c07a271e5e5205f1,2026-09-19T18:59:00+00:00,2026-09-19 23:59:00,83.9,1010.9,72
13.1,19.2,35.2,1190.4,345.6,53.8,6.7,2.8,0.7,446.0,206.0,31.9,8.4,12.0,27.2,24.24,False,4095,0.0,10.0,0.0,EXT-OPEN-METEO-KHI,KARACHI,OPENSOURCE_API_GRID,1141,,,,0.95,True,False,TIER2_OPENSOURCE_PURE;HOURLY_NODE;VERIFIED_MODEL_GRID,0385a61ab1867f1c4d094818bd1e4f489429d65b8b8fb69c6fd04fd469f12a1c,2026-09-19T19:00:00+00:00,2026-09-20 00:00:00,83.9,1010.9,72
13.1,19.3,35.2,1196.6,347.4,54.0,6.8,2.8,0.7,446.0,206.0,31.9,8.4,12.0,27.2,24.24,False,4095,0.0,10.0,0.0,EXT-OPEN-METEO-KHI,KARACHI,OPENSOURCE_API_GRID,1142,,,,0.95,True,True,TIER2_OPENSOURCE_PURE;CONTINUOUS_MINUTE_STREAM;VERIFIED_MODEL_GRID,131b8b06e65a71b9337c8d01602339dfa88e5ad95e3190002c52e920f18e84bb,2026-09-19T19:01:00+00:00,2026-09-20 00:01:00,83.9,1010.9,72
13.1,19.3,35.3,1196.6,347.4,54.0,6.8,2.8,0.7,446.0,205.9,31.9,8.4,12.0,27.2,24.24,False,4095,0.0,10.0,0.0,EXT-OPEN-METEO-KHI,KARACHI,OPENSOURCE_API_GRID,1143,,,,0.95,True,True,TIER2_OPENSOURCE_PURE;CONTINUOUS_MINUTE_STREAM;VERIFIED_MODEL_GRID,385319213305d9b24e131692d1aa6ddd66710a333e6c181718df9fb618913354,2026-09-19T19:02:00+00:00,2026-09-20 00:02:00,83.9,1010.9,72
13.1,19.3,35.3,1196.6,347.4,54.0,6.8,2.8,0.7,446.0,205.8,31.9,8.4,12.0,27.2,24.26,False,4095,0.0,10.0,0.0,EXT-OPEN-METEO-KHI,KARACHI,OPENSOURCE_API_GRID,1144,,,,0.95,True,True,TIER2_OPENSOURCE_PURE;CONTINUOUS_MINUTE_STREAM;VERIFIED_MODEL_GRID,761c3c4554d2e843fd5735b075ee7b8a01f2fc30f63cd3880c35e57886cd70fb,2026-09-19T19:03:00+00:00,2026-09-20 00:03:00,84.0,1010.9,72
13.2,19.4,35.4,1202.8,349.2,54.3,6.8,2.8,0.7,446.0,205.6,31.9,8.4,12.1,27.2,24.26,False,4095,0.0,10.0,0.0,EXT-OPEN-METEO-KHI,KARACHI,OPENSOURCE_API_GRID,1145,,,,0.95,True,True,TIER2_OPENSOURCE_PURE;CONTINUOUS_MINUTE_STREAM;VERIFIED_MODEL_GRID,87c2475c458665914e6605d80bec7e6d663358fc081d663d9bb737ab84a1e5cb,2026-09-19T19:04:00+00:00,2026-09-20 00:04:00,84.0,1010.9,72
13.2,19.4,35.4,1202.8,349.2,54.3,6.8,2.8,0.7,446.0,205.4,31.8,8.4,12.1,27.2,24.28,False,4095,0.0,10.0,0.0,EXT-OPEN-METEO-KHI,KARACHI,OPENSOURCE_API_GRID,1146,,,,0.95,True,True,TIER2_OPENSOURCE_PURE;CONTINUOUS_MINUTE_STREAM;VERIFIED_MODEL_GRID,5792c4b069e0e9dd2f16dd6a48755af2ed25721fb1633a19008785df9b593e52,2026-09-19T19:05:00+00:00,2026-09-20 00:05:00,84.1,1010.9,72
13.2,19.4,35.5,1202.8,349.2,54.3,6.8,2.8,0.7,446.0,205.2,31.8,8.4,12.1,27.2,24.28,False,4095,0.0,10.0,0.0,EXT-OPEN-METEO-KHI,KARACHI,OPENSOURCE_API_GRID,1147,,,,0.95,True,True,TIER2_OPENSOURCE_PURE;CONTINUOUS_MINUTE_STREAM;VERIFIED_MODEL_GRID,b28bdd79554a052c41a0fb16ff1e74d6a908aafab1c60540646029a25d364e23,2026-09-19T19:06:00+00:00,2026-09-20 00:06:00,84.1,1010.9,72
13.2,19.4,35.4,1202.8,349.2,54.3,6.8,2.8,0.7,446.0,204.9,31.8,8.4,12.2,27.2,24.3,False,4095,0.0,10.0,0.0,EXT-OPEN-METEO-KHI,KARACHI,OPENSOURCE_API_GRID,1148,,,,0.95,True,True,TIER2_OPENSOURCE_PURE;CONTINUOUS_MINUTE_STREAM;VERIFIED_MODEL_GRID,1f56fea1f32b957c48a1f8ec017c033741a56b43bb28f81b07b66c40970b0e89,2026-09-19T19:07:00+00:00,2026-09-20 00:07:00,84.2,1010.9,72
13.2,19.4,35.4,1202.8,349.2,54.3,6.8,2.8,0.7,446.0,204.5,31.7,8.4,12.2,27.2,24.3,False,4095,0.0,10.0,0.0,EXT-OPEN-METEO-KHI,KARACHI,OPENSOURCE_API_GRID,1149,,,,0.95,True,True,TIER2_OPENSOURCE_PURE;CONTINUOUS_MINUTE_STREAM;VERIFIED_MODEL_GRID,05189bdf3cd740f3ea0cd7a910a8c600caae808a3851cc2f68b7562dc44aad47,2026-09-19T19:08:00+00:00,2026-09-20 00:08:00,84.2,1010.9,72
13.2,19.4,35.4,1202.8,349.2,54.3,6.8,2.8,0.7,446.0,204.1,31.7,8.4,12.3,27.2,24.32,False,4095,0.0,10.1,0.0,EXT-OPEN-METEO-KHI,KARACHI,OPENSOURCE_API_GRID,1150,,,,0.95,True,True,TIER2_OPENSOURCE_PURE;CONTINUOUS_MINUTE_STREAM;VERIFIED_MODEL_GRID,35ba000c2e356d0737dd200a8c401262ac153db3d9ca55d9f2dae719299071c1,2026-09-19T19:09:00+00:00,2026-09-20 00:09:00,84.3,1010.9,72
13.2,19.4,35.5,1202.8,349.2,54.3,6.8,2.8,0.7,446.0,203.7,31.6,8.4,12.3,27.2,24.32,False,4095,0.0,10.1,0.0,EXT-OPEN-METEO-KHI,KARACHI,OPENSOURCE_API_GRID,1151,,,,0.95,True,True,TIER2_OPENSOURCE_PURE;CONTINUOUS_MINUTE_STREAM;VERIFIED_MODEL_GRID,74ddc59d7777b4d3532d70baf19c01b23ad97c8fe5866f61b5760d6661000b5f,2026-09-19T19:10:00+00:00,2026-09-20 00:10:00,84.3,1010.9,72
13.3,19.5,35.5,1209.0,351.0,54.6,6.8,2.8,0.7,446.0,203.3,31.6,8.4,12.4,27.2,24.32,False,4095,0.0,10.1,0.0,EXT-OPEN-METEO-KHI,KARACHI,OPENSOURCE_API_GRID,1152,,,,0.95,True,True,TIER2_OPENSOURCE_PURE;CONTINUOUS_MINUTE_STREAM;VERIFIED_MODEL_GRID,af7f653bae5fe0573311db1f7d102ca30eb94b12943ac7db67ce2104d0908212,2026-09-19T19:11:00+00:00,2026-09-20 00:11:00,84.3,1010.9,72
13.3,19.5,35.5,1209.0,351.0,54.6,6.8,2.8,0.7,446.0,202.8,31.5,8.3,12.5,27.2,24.32,False,4095,0.0,10.1,0.0,EXT-OPEN-METEO-KHI,KARACHI,OPENSOURCE_API_GRID,1153,,,,0.95,True,True,TIER2_OPENSOURCE_PURE;CONTINUOUS_MINUTE_STREAM;VERIFIED_MODEL_GRID,9fda6e0350787f7b4ecdaacaacb8eea4756d92bf628b20b31dd0ed1fae03a55b,2026-09-19T19:12:00+00:00,2026-09-20 00:12:00,84.3,1010.9,72
13.3,19.5,35.5,1209.0,351.0,54.6,6.8,2.8,0.7,446.0,202.2,31.4,8.3,12.6,27.2,24.32,False,4095,0.0,10.1,0.0,EXT-OPEN-METEO-KHI,KARACHI,OPENSOURCE_API_GRID,1154,,,,0.95,True,True,TIER2_OPENSOURCE_PURE;CONTINUOUS_MINUTE_STREAM;VERIFIED_MODEL_GRID,458d2b7778cf176a1b0c7cf3fbbcd9d2243b2b6413127ae2cb8bc5ca50013538,2026-09-19T19:13:00+00:00,2026-09-20 00:13:00,84.3,1010.9,72
13.3,19.5,35.5,1209.0,351.0,54.6,6.8,2.8,0.7,446.0,201.6,31.4,8.3,12.6,27.2,24.32,False,4095,0.0,10.1,0.0,EXT-OPEN-METEO-KHI,KARACHI,OPENSOURCE_API_GRID,1155,,,,0.95,True,True,TIER2_OPENSOURCE_PURE;CONTINUOUS_MINUTE_STREAM;VERIFIED_MODEL_GRID,808973fa8b66a3f5e4a70658548dd080c82480fef3ef060475bca8de2caf18b9,2026-09-19T19:14:00+00:00,2026-09-20 00:14:00,84.3,1010.9,72
13.2,19.4,35.5,1202.8,349.2,54.3,6.8,2.8,0.7,446.0,201.0,31.3,8.3,12.7,27.2,24.32,False,4095,0.0,10.1,0.0,EXT-OPEN-METEO-KHI,KARACHI,OPENSOURCE_API_GRID,1156,,,,0.95,True,True,TIER2_OPENSOURCE_PURE;CONTINUOUS_MINUTE_STREAM;VERIFIED_MODEL_GRID,d3b0f586790d5aa7748a416009082b50eafa844e532e920c35f88587247218e5,2026-09-19T19:15:00+00:00,2026-09-20 00:15:00,84.3,1010.9,72
13.2,19.4,35.4,1202.8,349.2,54.3,6.8,2.8,0.7,446.0,200.4,31.2,8.3,12.8,27.2,24.32,False,4095,0.0,10.2,0.0,EXT-OPEN-METEO-KHI,KARACHI,OPENSOURCE_API_GRID,1157,,,,0.95,True,True,TIER2_OPENSOURCE_PURE;CONTINUOUS_MINUTE_STREAM;VERIFIED_MODEL_GRID,92f02acd138ec319d207182d1240e019620848089b80fa0f763df599d839995f,2026-09-19T19:16:00+00:00,2026-09-20 00:16:00,84.3,1010.9,72
13.2,19.4,35.4,1202.8,349.2,54.3,6.8,2.8,0.7,446.0,199.7,31.1,8.3,12.9,27.2,24.34,False,4095,0.0,10.2,0.0,EXT-OPEN-METEO-KHI,KARACHI,OPENSOURCE_API_GRID,1158,,,,0.95,True,True,TIER2_OPENSOURCE_PURE;CONTINUOUS_MINUTE_STREAM;VERIFIED_MODEL_GRID,78b0c4e4eb697148875e3aed80dac1dbc3f4a1e8053ecbe1e0110a17693dda1f,2026-09-19T19:17:00+00:00,2026-09-20 00:17:00,84.4,1010.9,72
13.1,19.3,35.3,1196.6,347.4,54.0,6.8,2.8,0.7,446.0,199.0,31.1,8.3,13.0,27.2,24.34,False,4095,0.0,10.2,0.0,EXT-OPEN-METEO-KHI,KARACHI,OPENSOURCE_API_GRID,1159,,,,0.95,True,True,TIER2_OPENSOURCE_PURE;CONTINUOUS_MINUTE_STREAM;VERIFIED_MODEL_GRID,6d8ffcace1b86abff60716846c83883c1c496eb2d2b0232b61925db8510b7951,2026-09-19T19:18:00+00:00,2026-09-20 00:18:00,84.4,1010.9,72
13.1,19.2,35.2,1190.4,345.6,53.8,6.7,2.8,0.7,446.0,198.3,31.0,8.3,13.1,27.2,24.34,False,4095,0.0,10.2,0.0,EXT-OPEN-METEO-KHI,KARACHI,OPENSOURCE_API_GRID,1160,,,,0.95,True,True,TIER2_OPENSOURCE_PURE;CONTINUOUS_MINUTE_STREAM;VERIFIED_MODEL_GRID,bdd9516b6c81b72f465aa6307860728d185e92a44dadbd1d64f75a9ed2afec1c,2026-09-19T19:19:00+00:00,2026-09-20 00:19:00,84.4,1010.9,72
13.1,19.2,35.1,1190.4,345.6,53.8,6.7,2.8,0.7,446.0,197.5,30.9,8.2,13.2,27.2,24.34,False,4095,0.0,10.2,0.0,EXT-OPEN-METEO-KHI,KARACHI,OPENSOURCE_API_GRID,1161,,,,0.95,True,True,TIER2_OPENSOURCE_PURE;CONTINUOUS_MINUTE_STREAM;VERIFIED_MODEL_GRID,e755fd09311ba826bdb044824bc8b42e68f87b0a990c747f58b1d6c63a04f3ba,2026-09-19T19:20:00+00:00,2026-09-20 00:20:00,84.4,1010.9,72
13.0,19.1,35.0,1184.2,343.8,53.5,6.7,2.8,0.7,446.0,196.7,30.8,8.2,13.4,27.1,24.24,False,4095,0.0,10.3,0.0,EXT-OPEN-METEO-KHI,KARACHI,OPENSOURCE_API_GRID,1162,,,,0.95,True,True,TIER2_OPENSOURCE_PURE;CONTINUOUS_MINUTE_STREAM;VERIFIED_MODEL_GRID,1979056a10ae3bdb3dc51c1a9e2739ee63f253713e4702f51cd5fa87ac4c4759,2026-09-19T19:21:00+00:00,2026-09-20 00:21:00,84.4,1010.9,72
12.9,19.0,34.9,1178.0,342.0,53.2,6.6,2.8,0.7,446.0,195.9,30.7,8.2,13.5,27.1,24.26,False,4095,0.0,10.3,0.0,EXT-OPEN-METEO-KHI,KARACHI,OPENSOURCE_API_GRID,1163,,,,0.95,True,True,TIER2_OPENSOURCE_PURE;CONTINUOUS_MINUTE_STREAM;VERIFIED_MODEL_GRID,4b4ad36621b47433b28364fa793d035297df2cef4c26122d6378115abdb2e8f5,2026-09-19T19:22:00+00:00,2026-09-20 00:22:00,84.5,1010.9,72
12.9,19.0,34.8,1178.0,342.0,53.2,6.6,2.8,0.7,446.0,195.1,30.6,8.2,13.6,27.1,24.26,False,4095,0.0,10.3,0.0,EXT-OPEN-METEO-KHI,KARACHI,OPENSOURCE_API_GRID,1164,,,,0.95,True,True,TIER2_OPENSOURCE_PURE;CONTINUOUS_MINUTE_STREAM;VERIFIED_MODEL_GRID,3f981a001dcd61a439f7309f9a2fd3f5244f9df0cd905eecbad2a3ac31e98f59,2026-09-19T19:23:00+00:00,2026-09-20 00:23:00,84.5,1010.9,72
12.9,18.9,34.7,1171.8,340.2,52.9,6.6,2.8,0.7,446.0,194.3,30.5,8.2,13.7,27.1,24.26,False,4095,0.0,10.3,0.0,EXT-OPEN-METEO-KHI,KARACHI,OPENSOURCE_API_GRID,1165,,,,0.95,True,True,TIER2_OPENSOURCE_PURE;CONTINUOUS_MINUTE_STREAM;VERIFIED_MODEL_GRID,562b95fc205151738274b0a9396b55d1774caa1fb34ed8c3aad4ea7b66c0ad75,2026-09-19T19:24:00+00:00,2026-09-20 00:24:00,84.5,1010.9,72
12.8,18.8,34.6,1165.6,338.4,52.6,6.6,2.8,0.7,446.0,193.4,30.4,8.2,13.9,27.1,24.28,False,4095,0.0,10.4,0.0,EXT-OPEN-METEO-KHI,KARACHI,OPENSOURCE_API_GRID,1166,,,,0.95,True,True,TIER2_OPENSOURCE_PURE;CONTINUOUS_MINUTE_STREAM;VERIFIED_MODEL_GRID,eb13201f1e661b300f354cfffd7a43dfff4d73ff7ae2bbf19c64fc641bf280cd,2026-09-19T19:25:00+00:00,2026-09-20 00:25:00,84.6,1010.9,72
12.8,18.8,34.5,1165.6,338.4,52.6,6.6,2.8,0.7,446.0,192.5,30.3,8.2,14.0,27.1,24.28,False,4095,0.0,10.4,0.0,EXT-OPEN-METEO-KHI,KARACHI,OPENSOURCE_API_GRID,1167,,,,0.95,True,True,TIER2_OPENSOURCE_PURE;CONTINUOUS_MINUTE_STREAM;VERIFIED_MODEL_GRID,54a6390ee9fd7d2caa7ae1ba64edd8d3be3ba2a07d5bfb1fb5f43bfacba9db7b,2026-09-19T19:26:00+00:00,2026-09-20 00:26:00,84.6,1010.9,72
12.7,18.7,34.5,1159.4,336.6,52.4,6.5,2.8,0.7,446.0,191.7,30.2,8.1,14.1,27.0,24.2,False,4095,0.0,10.4,0.0,EXT-OPEN-METEO-KHI,KARACHI,OPENSOURCE_API_GRID,1168,,,,0.95,True,True,TIER2_OPENSOURCE_PURE;CONTINUOUS_MINUTE_STREAM;VERIFIED_MODEL_GRID,93df114c671c3edfdaaa6c4b471773256492d9ef6453ca050450fa6656560d61,2026-09-19T19:27:00+00:00,2026-09-20 00:27:00,84.7,1010.9,72
12.7,18.7,34.4,1159.4,336.6,52.4,6.5,2.8,0.7,446.0,190.8,30.1,8.1,14.2,27.0,24.22,False,4095,0.0,10.4,0.0,EXT-OPEN-METEO-KHI,KARACHI,OPENSOURCE_API_GRID,1169,,,,0.95,True,True,TIER2_OPENSOURCE_PURE;CONTINUOUS_MINUTE_STREAM;VERIFIED_MODEL_GRID,c240cfaaf2d3e70941732647d4f05fdf0c8eb6dae8b69cbf80d86f50e57ed1f6,2026-09-19T19:28:00+00:00,2026-09-20 00:28:00,84.8,1010.9,72
12.7,18.7,34.4,1159.4,336.6,52.4,6.5,2.8,0.7,446.0,189.9,30.0,8.1,14.4,27.0,24.22,False,4095,0.0,10.5,0.0,EXT-OPEN-METEO-KHI,KARACHI,OPENSOURCE_API_GRID,1170,,,,0.95,True,True,TIER2_OPENSOURCE_PURE;CONTINUOUS_MINUTE_STREAM;VERIFIED_MODEL_GRID,86d4543b93ca7389e6cc421c5b0778cea0fc7497343b886081401a6788f06522,2026-09-19T19:29:00+00:00,2026-09-20 00:29:00,84.8,1010.9,72
12.7,18.7,34.4,1159.4,336.6,52.4,6.5,2.8,0.7,446.0,189.0,29.8,8.1,14.5,27.0,24.24,False,4095,0.0,10.5,0.0,EXT-OPEN-METEO-KHI,KARACHI,OPENSOURCE_API_GRID,1171,,,,0.95,True,True,TIER2_OPENSOURCE_PURE;CONTINUOUS_MINUTE_STREAM;VERIFIED_MODEL_GRID,74ef8a0dde458230d7c4edee76869203ade771f8688ed84603e9b1421465093b,2026-09-19T19:30:00+00:00,2026-09-20 00:30:00,84.9,1010.9,72
12.7,18.7,34.4,1159.4,336.6,52.4,6.5,2.8,0.7,446.0,188.1,29.7,8.1,14.6,27.0,24.26,False,4095,0.0,10.5,0.0,EXT-OPEN-METEO-KHI,KARACHI,OPENSOURCE_API_GRID,1172,,,,0.95,True,True,TIER2_OPENSOURCE_PURE;CONTINUOUS_MINUTE_STREAM;VERIFIED_MODEL_GRID,0f816aefd0efac0e03ccfb98dbb90d30bf990f825e901929408c6420cb78c3cd,2026-09-19T19:31:00+00:00,2026-09-20 00:31:00,85.0,1010.9,72
12.7,18.7,34.4,1159.4,336.6,52.4,6.5,2.8,0.7,446.0,187.2,29.6,8.1,14.8,27.0,24.26,False,4095,0.0,10.6,0.0,EXT-OPEN-METEO-KHI,KARACHI,OPENSOURCE_API_GRID,1173,,,,0.95,True,True,TIER2_OPENSOURCE_PURE;CONTINUOUS_MINUTE_STREAM;VERIFIED_MODEL_GRID,b5b958f209a1d52e3f4dfacbdd6cb0b3100244312a26f86bf4af0eee88fb78d8,2026-09-19T19:32:00+00:00,2026-09-20 00:32:00,85.0,1010.9,72
12.7,18.7,34.4,1159.4,336.6,52.4,6.5,2.8,0.7,446.0,186.3,29.5,8.1,14.9,27.0,24.28,False,4095,0.0,10.6,0.0,EXT-OPEN-METEO-KHI,KARACHI,OPENSOURCE_API_GRID,1174,,,,0.95,True,True,TIER2_OPENSOURCE_PURE;CONTINUOUS_MINUTE_STREAM;VERIFIED_MODEL_GRID,4cfd292e73627c857ba49bc015bc6cbb00d48c263ec3ced1061e9da6e64b935f,2026-09-19T19:33:00+00:00,2026-09-20 00:33:00,85.1,1010.9,72
12.7,18.7,34.4,1159.4,336.6,52.4,6.5,2.8,0.7,446.0,185.5,29.4,8.0,15.0,27.0,24.3,False,4095,0.0,10.6,0.0,EXT-OPEN-METEO-KHI,KARACHI,OPENSOURCE_API_GRID,1175,,,,0.95,True,True,TIER2_OPENSOURCE_PURE;CONTINUOUS_MINUTE_STREAM;VERIFIED_MODEL_GRID,3a022ab04fbad862299ce1cc732ff4c4adc39a6d8b16181bcb48e212f7492b53,2026-09-19T19:34:00+00:00,2026-09-20 00:34:00,85.2,1010.9,72
12.7,18.7,34.4,1159.4,336.6,52.4,6.5,2.8,0.7,446.0,184.6,29.3,8.0,15.1,27.0,24.32,False,4095,0.0,10.6,0.0,EXT-OPEN-METEO-KHI,KARACHI,OPENSOURCE_API_GRID,1176,,,,0.95,True,True,TIER2_OPENSOURCE_PURE;CONTINUOUS_MINUTE_STREAM;VERIFIED_MODEL_GRID,94df5bce43e0d7bd6b9267badc3c881ee798ecb52d7974138d01f6c14af4e51e,2026-09-19T19:35:00+00:00,2026-09-20 00:35:00,85.3,1010.9,72
12.7,18.7,34.5,1159.4,336.6,52.4,6.5,2.8,0.7,446.0,183.7,29.2,8.0,15.3,27.0,24.32,False,4095,0.0,10.7,0.0,EXT-OPEN-METEO-KHI,KARACHI,OPENSOURCE_API_GRID,1177,,,,0.95,True,True,TIER2_OPENSOURCE_PURE;CONTINUOUS_MINUTE_STREAM;VERIFIED_MODEL_GRID,129d7bfe252b43314afa6fc323338ad9d3bc5d035071db3b07f61eb661b404a0,2026-09-19T19:36:00+00:00,2026-09-20 00:36:00,85.3,1010.9,72
12.7,18.7,34.5,1159.4,336.6,52.4,6.5,2.8,0.7,446.0,182.9,29.1,8.0,15.4,27.0,24.34,False,4095,0.0,10.7,0.0,EXT-OPEN-METEO-KHI,KARACHI,OPENSOURCE_API_GRID,1178,,,,0.95,True,True,TIER2_OPENSOURCE_PURE;CONTINUOUS_MINUTE_STREAM;VERIFIED_MODEL_GRID,dc3cae1ab59b04e601e3640216bdb820d613c9f77979f4572e7445aea28a7d12,2026-09-19T19:37:00+00:00,2026-09-20 00:37:00,85.4,1010.9,72
12.6,18.6,34.3,1153.2,334.8,52.1,6.5,2.7,0.7,446.0,182.1,29.0,8.0,15.5,27.0,24.38,False,4095,0.0,10.7,0.0,EXT-OPEN-METEO-KHI,KARACHI,OPENSOURCE_API_GRID,1179,,,,0.95,True,True,TIER2_OPENSOURCE_PURE;CONTINUOUS_MINUTE_STREAM;VERIFIED_MODEL_GRID,2e585947281815f534c6371b71ca4cc964bc74762f2e700856e172d82217cd47,2026-09-19T19:38:00+00:00,2026-09-20 00:38:00,85.6,1010.9,72
12.6,18.6,34.4,1153.2,334.8,52.1,6.5,2.8,0.7,446.0,181.3,28.9,8.0,15.6,27.0,24.38,False,4095,0.0,10.7,0.0,EXT-OPEN-METEO-KHI,KARACHI,OPENSOURCE_API_GRID,1180,,,,0.95,True,True,TIER2_OPENSOURCE_PURE;CONTINUOUS_MINUTE_STREAM;VERIFIED_MODEL_GRID,62fc87ef64685ff07421cce4fd5c5f7a15aa3d9871ede654b6ebfad62b440f66,2026-09-19T19:39:00+00:00,2026-09-20 00:39:00,85.6,1010.9,72
12.7,18.7,34.4,1159.4,336.6,52.4,6.5,2.8,0.7,446.0,180.5,28.8,7.9,15.8,27.0,24.38,False,4095,0.0,10.8,0.0,EXT-OPEN-METEO-KHI,KARACHI,OPENSOURCE_API_GRID,1181,,,,0.95,True,True,TIER2_OPENSOURCE_PURE;CONTINUOUS_MINUTE_STREAM;VERIFIED_MODEL_GRID,210dc2df45b52c9247e406bc2e3d366d58d3c8d7f6d961d09ed53b3a5e4af6d9,2026-09-19T19:40:00+00:00,2026-09-20 00:40:00,85.6,1010.9,72
12.7,18.7,34.4,1159.4,336.6,52.4,6.5,2.8,0.7,446.0,179.7,28.7,7.9,15.9,27.0,24.4,False,4095,0.0,10.8,0.0,EXT-OPEN-METEO-KHI,KARACHI,OPENSOURCE_API_GRID,1182,,,,0.95,True,True,TIER2_OPENSOURCE_PURE;CONTINUOUS_MINUTE_STREAM;VERIFIED_MODEL_GRID,49b2da1ec1f98a4aa11bfa449c6a5481c71fa7113b4e1846b6b879e4cf87853d,2026-09-19T19:41:00+00:00,2026-09-20 00:41:00,85.7,1010.9,72
12.7,18.7,34.4,1159.4,336.6,52.4,6.5,2.8,0.7,446.0,179.0,28.6,7.9,16.0,27.0,24.4,False,4095,0.0,10.8,0.0,EXT-OPEN-METEO-KHI,KARACHI,OPENSOURCE_API_GRID,1183,,,,0.95,True,True,TIER2_OPENSOURCE_PURE;CONTINUOUS_MINUTE_STREAM;VERIFIED_MODEL_GRID,7f87aa0382b21a0add56fb63e7288d6d5ac9001cb3f265027a6364927e028f1a,2026-09-19T19:42:00+00:00,2026-09-20 00:42:00,85.7,1010.9,72
12.7,18.7,34.4,1159.4,336.6,52.4,6.5,2.8,0.7,446.0,178.3,28.6,7.9,16.1,27.0,24.4,False,4095,0.0,10.8,0.0,EXT-OPEN-METEO-KHI,KARACHI,OPENSOURCE_API_GRID,1184,,,,0.95,True,True,TIER2_OPENSOURCE_PURE;CONTINUOUS_MINUTE_STREAM;VERIFIED_MODEL_GRID,3caf47f61f0171951b379d5ffb18e1910e7b3aa642be98fc58641a66b3b381af,2026-09-19T19:43:00+00:00,2026-09-20 00:43:00,85.7,1010.9,72
12.7,18.7,34.4,1159.4,336.6,52.4,6.5,2.8,0.7,446.0,177.6,28.5,7.9,16.2,27.0,24.42,False,4095,0.0,10.8,0.0,EXT-OPEN-METEO-KHI,KARACHI,OPENSOURCE_API_GRID,1185,,,,0.95,True,True,TIER2_OPENSOURCE_PURE;CONTINUOUS_MINUTE_STREAM;VERIFIED_MODEL_GRID,49765403d9cd56255efd3528d4fc392b549e0e5c277c40104fb53bd186a76192,2026-09-19T19:44:00+00:00,2026-09-20 00:44:00,85.8,1010.9,72
12.7,18.7,34.4,1159.4,336.6,52.4,6.5,2.8,0.7,446.0,177.0,28.4,7.9,16.3,27.0,24.42,False,4095,0.0,10.9,0.0,EXT-OPEN-METEO-KHI,KARACHI,OPENSOURCE_API_GRID,1186,,,,0.95,True,True,TIER2_OPENSOURCE_PURE;CONTINUOUS_MINUTE_STREAM;VERIFIED_MODEL_GRID,f5386e046ef862c487cd2705c0b53915a0cebd4edbcf7aee38f147c385b09367,2026-09-19T19:45:00+00:00,2026-09-20 00:45:00,85.8,1010.9,72
12.6,18.6,34.4,1153.2,334.8,52.1,6.5,2.8,0.7,446.0,176.4,28.3,7.9,16.4,27.0,24.42,False,4095,0.0,10.9,0.0,EXT-OPEN-METEO-KHI,KARACHI,OPENSOURCE_API_GRID,1187,,,,0.95,True,True,TIER2_OPENSOURCE_PURE;CONTINUOUS_MINUTE_STREAM;VERIFIED_MODEL_GRID,af76b8b33f7e1f44e583526865dd984820f78dc46e9edbec0d6a066d0ffbb29e,2026-09-19T19:46:00+00:00,2026-09-20 00:46:00,85.8,1010.9,72
12.6,18.6,34.3,1153.2,334.8,52.1,6.5,2.7,0.7,446.0,175.8,28.3,7.9,16.4,27.0,24.42,False,4095,0.0,10.9,0.0,EXT-OPEN-METEO-KHI,KARACHI,OPENSOURCE_API_GRID,1188,,,,0.95,True,True,TIER2_OPENSOURCE_PURE;CONTINUOUS_MINUTE_STREAM;VERIFIED_MODEL_GRID,a24485f831154ba129e70f9d05eef03d1dbf66db8679423015a227ea77dfcc9a,2026-09-19T19:47:00+00:00,2026-09-20 00:47:00,85.8,1010.9,72
12.6,18.6,34.3,1153.2,334.8,52.1,6.5,2.7,0.7,446.0,175.2,28.2,7.9,16.5,27.0,24.42,False,4095,0.0,10.9,0.0,EXT-OPEN-METEO-KHI,KARACHI,OPENSOURCE_API_GRID,1189,,,,0.95,True,True,TIER2_OPENSOURCE_PURE;CONTINUOUS_MINUTE_STREAM;VERIFIED_MODEL_GRID,bc0b943e70939c1bfa4e19855ff0666f5ef6d813d0c5355aae16f7dfac11ec7a,2026-09-19T19:48:00+00:00,2026-09-20 00:48:00,85.8,1010.9,72
12.6,18.5,34.2,1147.0,333.0,51.8,6.5,2.7,0.7,446.0,174.7,28.1,7.8,16.6,27.0,24.42,False,4095,0.0,10.9,0.0,EXT-OPEN-METEO-KHI,KARACHI,OPENSOURCE_API_GRID,1190,,,,0.95,True,True,TIER2_OPENSOURCE_PURE;CONTINUOUS_MINUTE_STREAM;VERIFIED_MODEL_GRID,26d40ee50c55ddfdfdc92ff6fa3873268716686a083a82fc856f719a7825be01,2026-09-19T19:49:00+00:00,2026-09-20 00:49:00,85.8,1010.9,72
12.6,18.5,34.1,1147.0,333.0,51.8,6.5,2.7,0.7,446.0,174.3,28.1,7.8,16.7,27.0,24.42,False,4095,0.0,10.9,0.0,EXT-OPEN-METEO-KHI,KARACHI,OPENSOURCE_API_GRID,1191,,,,0.95,True,True,TIER2_OPENSOURCE_PURE;CONTINUOUS_MINUTE_STREAM;VERIFIED_MODEL_GRID,3c91b5c35a491c785cff45748494f314d3ceb128da8d3bac1a51aab66e6a3e15,2026-09-19T19:50:00+00:00,2026-09-20 00:50:00,85.8,1010.9,72
12.5,18.4,34.1,1140.8,331.2,51.5,6.4,2.7,0.7,446.0,173.9,28.0,7.8,16.7,26.9,24.32,False,4095,0.0,10.9,0.0,EXT-OPEN-METEO-KHI,KARACHI,OPENSOURCE_API_GRID,1192,,,,0.95,True,True,TIER2_OPENSOURCE_PURE;CONTINUOUS_MINUTE_STREAM;VERIFIED_MODEL_GRID,4a1737b3b98f9c11bb5682a969831d5a8169aa285fd9f421fa8175908693fd6d,2026-09-19T19:51:00+00:00,2026-09-20 00:51:00,85.8,1010.9,72
12.5,18.4,34.0,1140.8,331.2,51.5,6.4,2.7,0.7,446.0,173.5,28.0,7.8,16.8,26.9,24.32,False,4095,0.0,11.0,0.0,EXT-OPEN-METEO-KHI,KARACHI,OPENSOURCE_API_GRID,1193,,,,0.95,True,True,TIER2_OPENSOURCE_PURE;CONTINUOUS_MINUTE_STREAM;VERIFIED_MODEL_GRID,f71f789193a4994a5d1db564a8d6df99dc477bf7947bd630f0caad4c1eb5ceb3,2026-09-19T19:52:00+00:00,2026-09-20 00:52:00,85.8,1010.9,72
12.4,18.3,33.9,1134.6,329.4,51.2,6.4,2.7,0.7,446.0,173.1,27.9,7.8,16.8,26.9,24.32,False,4095,0.0,11.0,0.0,EXT-OPEN-METEO-KHI,KARACHI,OPENSOURCE_API_GRID,1194,,,,0.95,True,True,TIER2_OPENSOURCE_PURE;CONTINUOUS_MINUTE_STREAM;VERIFIED_MODEL_GRID,25a2b183db96881914be7cbfdf4857cc584c8d08cb4f874442438605e455ee2f,2026-09-19T19:53:00+00:00,2026-09-20 00:53:00,85.8,1010.9,72
12.4,18.2,33.8,1128.4,327.6,51.0,6.4,2.7,0.7,446.0,172.8,27.9,7.8,16.9,26.9,24.32,False,4095,0.0,11.0,0.0,EXT-OPEN-METEO-KHI,KARACHI,OPENSOURCE_API_GRID,1195,,,,0.95,True,True,TIER2_OPENSOURCE_PURE;CONTINUOUS_MINUTE_STREAM;VERIFIED_MODEL_GRID,e5a6bc9f13292ec0e1215ec932d7b9c8d5d797f93c6ff087ebaf7748a269a4da,2026-09-19T19:54:00+00:00,2026-09-20 00:54:00,85.8,1010.9,72
12.4,18.2,33.7,1128.4,327.6,51.0,6.4,2.7,0.7,446.0,172.6,27.9,7.8,16.9,26.9,24.32,False,4095,0.0,11.0,0.0,EXT-OPEN-METEO-KHI,KARACHI,OPENSOURCE_API_GRID,1196,,,,0.95,True,True,TIER2_OPENSOURCE_PURE;CONTINUOUS_MINUTE_STREAM;VERIFIED_MODEL_GRID,0a77d84a86325706ec4cd0037ac8d5d64301f029a57e9454168bc0fe1086311b,2026-09-19T19:55:00+00:00,2026-09-20 00:55:00,85.8,1010.9,72
12.4,18.2,33.7,1128.4,327.6,51.0,6.4,2.7,0.7,446.0,172.4,27.8,7.8,16.9,26.9,24.32,False,4095,0.0,11.0,0.0,EXT-OPEN-METEO-KHI,KARACHI,OPENSOURCE_API_GRID,1197,,,,0.95,True,True,TIER2_OPENSOURCE_PURE;CONTINUOUS_MINUTE_STREAM;VERIFIED_MODEL_GRID,cdec0a55e76d03b7c6826d8aa47a4cca75616a87c4b78fbc90f1d2e768086ad6,2026-09-19T19:56:00+00:00,2026-09-20 00:56:00,85.8,1010.9,72
12.3,18.1,33.6,1122.2,325.8,50.7,6.3,2.7,0.7,446.0,172.2,27.8,7.8,17.0,26.9,24.32,False,4095,0.0,11.0,0.0,EXT-OPEN-METEO-KHI,KARACHI,OPENSOURCE_API_GRID,1198,,,,0.95,True,True,TIER2_OPENSOURCE_PURE;CONTINUOUS_MINUTE_STREAM;VERIFIED_MODEL_GRID,38813a0a49f6f1f9f25d8d1827da7f660a7806d6489a826c74ddd3601148775c,2026-09-19T19:57:00+00:00,2026-09-20 00:57:00,85.8,1010.9,72
12.3,18.1,33.6,1122.2,325.8,50.7,6.3,2.7,0.7,446.0,172.1,27.8,7.8,17.0,26.9,24.32,False,4095,0.0,11.0,0.0,EXT-OPEN-METEO-KHI,KARACHI,OPENSOURCE_API_GRID,1199,,,,0.95,True,True,TIER2_OPENSOURCE_PURE;CONTINUOUS_MINUTE_STREAM;VERIFIED_MODEL_GRID,2bfd0be812202caa1f4f5ea1457f631e939b766ff7f2dec3b9fd25e1aaf22825,2026-09-19T19:58:00+00:00,2026-09-20 00:58:00,85.8,1010.9,72
12.3,18.1,33.6,1122.2,325.8,50.7,6.3,2.7,0.7,446.0,172.0,27.8,7.8,17.0,26.9,24.34,False,4095,0.0,11.0,0.0,EXT-OPEN-METEO-KHI,KARACHI,OPENSOURCE_API_GRID,1200,,,,0.95,True,True,TIER2_OPENSOURCE_PURE;CONTINUOUS_MINUTE_STREAM;VERIFIED_MODEL_GRID,c9f2c1920727dc5a70f00914491372b374d843a7fade4fc8f7a8135ccc597bf9,2026-09-19T19:59:00+00:00,2026-09-20 00:59:00,85.9,1010.9,72
12.3,18.1,33.6,1122.2,325.8,50.7,6.3,2.7,0.7,446.0,172.0,27.8,7.8,17.0,26.9,24.34,False,4095,0.0,11.0,0.0,EXT-OPEN-METEO-KHI,KARACHI,OPENSOURCE_API_GRID,1201,,,,0.95,True,False,TIER2_OPENSOURCE_PURE;HOURLY_NODE;VERIFIED_MODEL_GRID,ea2aec13f28ec5f9be318286c117e0281fd6ad69afe39d280c09bdb8c362f581,2026-09-19T20:00:00+00:00,2026-09-20 01:00:00,85.9,1010.9,72
12.3,18.1,33.6,1122.2,325.8,50.7,6.3,2.7,0.7,446.0,172.0,27.8,7.8,17.0,26.9,24.34,False,4095,0.0,11.0,0.0,EXT-OPEN-METEO-KHI,KARACHI,OPENSOURCE_API_GRID,1202,,,,0.95,True,True,TIER2_OPENSOURCE_PURE;CONTINUOUS_MINUTE_STREAM;VERIFIED_MODEL_GRID,041bc07cda4f0eeb6de733ed2b100578d47f2f895de8d5dea3a3607e61300a98,2026-09-19T20:01:00+00:00,2026-09-20 01:01:00,85.9,1010.9,72
12.3,18.1,33.7,1122.2,325.8,50.7,6.3,2.7,0.7,446.0,171.9,27.8,7.8,17.0,26.8,24.24,False,4095,0.0,11.0,0.0,EXT-OPEN-METEO-KHI,KARACHI,OPENSOURCE_API_GRID,1203,,,,0.95,True,True,TIER2_OPENSOURCE_PURE;CONTINUOUS_MINUTE_STREAM;VERIFIED_MODEL_GRID,2318876bacc1231844810055b181e20bcc15f5bfb13f6b2e26b97eefb9faf36b,2026-09-19T20:02:00+00:00,2026-09-20 01:02:00,85.9,1010.9,72
12.4,18.2,33.7,1128.4,327.6,51.0,6.4,2.7,0.7,446.0,171.9,27.8,7.8,17.0,26.9,24.34,False,4095,0.0,11.0,0.0,EXT-OPEN-METEO-KHI,KARACHI,OPENSOURCE_API_GRID,1204,,,,0.95,True,True,TIER2_OPENSOURCE_PURE;CONTINUOUS_MINUTE_STREAM;VERIFIED_MODEL_GRID,c08da511b61f4388ce7f8708ce945b3685542ae5d8cfd6a69dd55fd12bdad299,2026-09-19T20:03:00+00:00,2026-09-20 01:03:00,85.9,1010.9,72
12.4,18.2,33.7,1128.4,327.6,51.0,6.4,2.7,0.7,446.0,171.8,27.8,7.8,17.0,26.9,24.36,False,4095,0.0,11.0,0.0,EXT-OPEN-METEO-KHI,KARACHI,OPENSOURCE_API_GRID,1205,,,,0.95,True,True,TIER2_OPENSOURCE_PURE;CONTINUOUS_MINUTE_STREAM;VERIFIED_MODEL_GRID,cf028e406e2c31c82be46cd7c69b71149d368f54330673da1a37d1767d739e3e,2026-09-19T20:04:00+00:00,2026-09-20 01:04:00,86.0,1010.9,72
12.4,18.2,33.8,1128.4,327.6,51.0,6.4,2.7,0.7,446.0,171.7,27.7,7.8,17.1,26.9,24.36,False,4095,0.0,11.0,0.0,EXT-OPEN-METEO-KHI,KARACHI,OPENSOURCE_API_GRID,1206,,,,0.95,True,True,TIER2_OPENSOURCE_PURE;CONTINUOUS_MINUTE_STREAM;VERIFIED_MODEL_GRID,9a72963f4dc0fe9be7f73620bfa8e0c47578d6a1a4e7b18b593503291ce5eab5,2026-09-19T20:05:00+00:00,2026-09-20 01:05:00,86.0,1010.9,72
12.4,18.3,33.8,1134.6,329.4,51.2,6.4,2.7,0.7,446.0,171.5,27.7,7.8,17.1,26.9,24.36,False,4095,0.0,11.0,0.0,EXT-OPEN-METEO-KHI,KARACHI,OPENSOURCE_API_GRID,1207,,,,0.95,True,True,TIER2_OPENSOURCE_PURE;CONTINUOUS_MINUTE_STREAM;VERIFIED_MODEL_GRID,edf7c59d6d78bd2f379bae8e3522dbba561e708b8fbd4ce5804dc8f3205e52fd,2026-09-19T20:06:00+00:00,2026-09-20 01:06:00,86.0,1010.9,72
12.4,18.3,33.9,1134.6,329.4,51.2,6.4,2.7,0.7,446.0,171.3,27.7,7.8,17.1,26.9,24.38,False,4095,0.0,10.9,0.0,EXT-OPEN-METEO-KHI,KARACHI,OPENSOURCE_API_GRID,1208,,,,0.95,True,True,TIER2_OPENSOURCE_PURE;CONTINUOUS_MINUTE_STREAM;VERIFIED_MODEL_GRID,a19e95bdf921e7dffb48e9a95c98f9d9553006defc17e44d53b5bc15fd524dbb,2026-09-19T20:07:00+00:00,2026-09-20 01:07:00,86.1,1010.9,72
12.4,18.3,34.0,1134.6,329.4,51.2,6.4,2.7,0.7,446.0,171.1,27.6,7.8,17.1,26.9,24.38,False,4095,0.0,10.9,0.0,EXT-OPEN-METEO-KHI,KARACHI,OPENSOURCE_API_GRID,1209,,,,0.95,True,True,TIER2_OPENSOURCE_PURE;CONTINUOUS_MINUTE_STREAM;VERIFIED_MODEL_GRID,e21a4813de25db0571d66525e96a9c98ea38ec0c58ca2e9fccc797ba859f3835,2026-09-19T20:08:00+00:00,2026-09-20 01:08:00,86.1,1010.9,72
12.4,18.2,33.8,1128.4,327.6,51.0,6.4,2.7,0.7,446.0,170.9,27.6,7.8,17.2,26.9,24.4,False,4095,0.0,10.9,0.0,EXT-OPEN-METEO-KHI,KARACHI,OPENSOURCE_API_GRID,1210,,,,0.95,True,True,TIER2_OPENSOURCE_PURE;CONTINUOUS_MINUTE_STREAM;VERIFIED_MODEL_GRID,df015b2e1221c2bf2c7affeabc59960447215da9c0fdd4bb8fe01a80354a9338,2026-09-19T20:09:00+00:00,2026-09-20 01:09:00,86.2,1010.9,72
12.4,18.3,33.9,1134.6,329.4,51.2,6.4,2.7,0.7,446.0,170.7,27.5,7.8,17.2,26.9,24.4,False,4095,0.0,10.9,0.0,EXT-OPEN-METEO-KHI,KARACHI,OPENSOURCE_API_GRID,1211,,,,0.95,True,True,TIER2_OPENSOURCE_PURE;CONTINUOUS_MINUTE_STREAM;VERIFIED_MODEL_GRID,eb295399c805d6cd56b2cc741496b16712008b48b87abb34fd7dbe1932539370,2026-09-19T20:10:00+00:00,2026-09-20 01:10:00,86.2,1010.9,72
12.4,18.3,33.9,1134.6,329.4,51.2,6.4,2.7,0.7,446.0,170.4,27.5,7.8,17.2,26.9,24.4,False,4095,0.0,10.8,0.0,EXT-OPEN-METEO-KHI,KARACHI,OPENSOURCE_API_GRID,1212,,,,0.95,True,True,TIER2_OPENSOURCE_PURE;CONTINUOUS_MINUTE_STREAM;VERIFIED_MODEL_GRID,2f1aa617fdf20580495ee5b3ece71ea323a5dfa6d052f31892f132abe0bfe341,2026-09-19T20:11:00+00:00,2026-09-20 01:11:00,86.2,1010.9,72
12.4,18.3,34.0,1134.6,329.4,51.2,6.4,2.7,0.7,446.0,170.1,27.4,7.8,17.3,26.9,24.4,False,4095,0.0,10.8,0.0,EXT-OPEN-METEO-KHI,KARACHI,OPENSOURCE_API_GRID,1213,,,,0.95,True,True,TIER2_OPENSOURCE_PURE;CONTINUOUS_MINUTE_STREAM;VERIFIED_MODEL_GRID,2837c9be1f6ae74a6d25b2d1b6e9bb86470769d210369d98d196f36d36db11d3,2026-09-19T20:12:00+00:00,2026-09-20 01:12:00,86.2,1010.9,72
12.4,18.3,34.0,1134.6,329.4,51.2,6.4,2.7,0.7,446.0,169.8,27.4,7.7,17.3,26.9,24.4,False,4095,0.0,10.8,0.0,EXT-OPEN-METEO-KHI,KARACHI,OPENSOURCE_API_GRID,1214,,,,0.95,True,True,TIER2_OPENSOURCE_PURE;CONTINUOUS_MINUTE_STREAM;VERIFIED_MODEL_GRID,5dd55fe0eb558c062cb41a6deaa96fbcc0d4625181ab4eef56316513af2c8e96,2026-09-19T20:13:00+00:00,2026-09-20 01:13:00,86.2,1010.9,72
12.4,18.3,34.0,1134.6,329.4,51.2,6.4,2.7,0.7,446.0,169.4,27.3,7.7,17.4,26.9,24.4,False,4095,0.0,10.7,0.0,EXT-OPEN-METEO-KHI,KARACHI,OPENSOURCE_API_GRID,1215,,,,0.95,True,True,TIER2_OPENSOURCE_PURE;CONTINUOUS_MINUTE_STREAM;VERIFIED_MODEL_GRID,4b6f9331332d8495188777802ebf8e12f4db012254fc5b7c3841bdb633bef20e,2026-09-19T20:14:00+00:00,2026-09-20 01:14:00,86.2,1010.9,72
12.4,18.3,34.0,1134.6,329.4,51.2,6.4,2.7,0.7,446.0,169.1,27.2,7.7,17.4,26.9,24.4,False,4095,0.0,10.7,0.0,EXT-OPEN-METEO-KHI,KARACHI,OPENSOURCE_API_GRID,1216,,,,0.95,True,True,TIER2_OPENSOURCE_PURE;CONTINUOUS_MINUTE_STREAM;VERIFIED_MODEL_GRID,a72782e3077fb414998b8481e51c376ac045087d1e5b8b9de04557c90bed2535,2026-09-19T20:15:00+00:00,2026-09-20 01:15:00,86.2,1010.9,72
12.4,18.3,34.0,1134.6,329.4,51.2,6.4,2.7,0.7,446.0,168.7,27.2,7.7,17.5,26.9,24.4,False,4095,0.0,10.7,0.0,EXT-OPEN-METEO-KHI,KARACHI,OPENSOURCE_API_GRID,1217,,,,0.95,True,True,TIER2_OPENSOURCE_PURE;CONTINUOUS_MINUTE_STREAM;VERIFIED_MODEL_GRID,c560690e3f7913a6dd75a41ac7564c74f3fdfd76e21ede466699e2af6deeb3aa,2026-09-19T20:16:00+00:00,2026-09-20 01:16:00,86.2,1010.9,72
12.4,18.3,33.9,1134.6,329.4,51.2,6.4,2.7,0.7,446.0,168.3,27.1,7.7,17.6,26.9,24.4,False,4095,0.0,10.6,0.0,EXT-OPEN-METEO-KHI,KARACHI,OPENSOURCE_API_GRID,1218,,,,0.95,True,True,TIER2_OPENSOURCE_PURE;CONTINUOUS_MINUTE_STREAM;VERIFIED_MODEL_GRID,b45345b07cc3e1ffcb6f37e15166b03f08e35fd0ccfb5cb888962f69b329afd2,2026-09-19T20:17:00+00:00,2026-09-20 01:17:00,86.2,1010.9,72
12.4,18.3,33.9,1134.6,329.4,51.2,6.4,2.7,0.7,446.0,167.9,27.0,7.7,17.6,26.9,24.4,False,4095,0.0,10.6,0.0,EXT-OPEN-METEO-KHI,KARACHI,OPENSOURCE_API_GRID,1219,,,,0.95,True,True,TIER2_OPENSOURCE_PURE;CONTINUOUS_MINUTE_STREAM;VERIFIED_MODEL_GRID,4f24012880bfe280f4024f7fc70db0fd4edc1597d5c8afb628783e53de19faac,2026-09-19T20:18:00+00:00,2026-09-20 01:18:00,86.2,1010.9,72
12.4,18.2,33.8,1128.4,327.6,51.0,6.4,2.7,0.7,446.0,167.4,26.9,7.7,17.7,26.9,24.4,False,4095,0.0,10.5,0.0,EXT-OPEN-METEO-KHI,KARACHI,OPENSOURCE_API_GRID,1220,,,,0.95,True,True,TIER2_OPENSOURCE_PURE;CONTINUOUS_MINUTE_STREAM;VERIFIED_MODEL_GRID,05d4af95a689daf5dc8d3d751d7ab0a2fb632a3a044b84cdc74a5823097f6157,2026-09-19T20:19:00+00:00,2026-09-20 01:19:00,86.2,1010.9,72
12.4,18.2,33.7,1128.4,327.6,51.0,6.4,2.7,0.7,446.0,167.0,26.8,7.7,17.8,26.9,24.4,False,4095,0.0,10.5,0.0,EXT-OPEN-METEO-KHI,KARACHI,OPENSOURCE_API_GRID,1221,,,,0.95,True,True,TIER2_OPENSOURCE_PURE;CONTINUOUS_MINUTE_STREAM;VERIFIED_MODEL_GRID,b732a13146f7f675ae912a1ebcafb232fc2fe405997c3ca862c3dc61689a300b,2026-09-19T20:20:00+00:00,2026-09-20 01:20:00,86.2,1010.8,72
12.3,18.1,33.7,1122.2,325.8,50.7,6.3,2.7,0.7,446.0,166.5,26.7,7.7,17.8,26.9,24.4,False,4095,0.0,10.5,0.0,EXT-OPEN-METEO-KHI,KARACHI,OPENSOURCE_API_GRID,1222,,,,0.95,True,True,TIER2_OPENSOURCE_PURE;CONTINUOUS_MINUTE_STREAM;VERIFIED_MODEL_GRID,a44be0349bf9d1612856f9c194f4d4af840e7551a1c37aa66d596dc7d8e21a8a,2026-09-19T20:21:00+00:00,2026-09-20 01:21:00,86.2,1010.8,72
12.2,18.0,33.6,1116.0,324.0,50.4,6.3,2.7,0.7,446.0,166.1,26.6,7.7,17.9,26.8,24.3,False,4095,0.0,10.4,0.0,EXT-OPEN-METEO-KHI,KARACHI,OPENSOURCE_API_GRID,1223,,,,0.95,True,True,TIER2_OPENSOURCE_PURE;CONTINUOUS_MINUTE_STREAM;VERIFIED_MODEL_GRID,ec67a96315fd1eef811efed0c86cff3fe580bfe7fb11e0fdde2c13e800073248,2026-09-19T20:22:00+00:00,2026-09-20 01:22:00,86.2,1010.8,72
12.2,18.0,33.5,1116.0,324.0,50.4,6.3,2.7,0.7,446.0,165.6,26.5,7.6,18.0,26.8,24.3,False,4095,0.0,10.4,0.0,EXT-OPEN-METEO-KHI,KARACHI,OPENSOURCE_API_GRID,1224,,,,0.95,True,True,TIER2_OPENSOURCE_PURE;CONTINUOUS_MINUTE_STREAM;VERIFIED_MODEL_GRID,3c095d7c3d660109a19cdde17b605388dc30caa08610f67697516341636c39f7,2026-09-19T20:23:00+00:00,2026-09-20 01:23:00,86.2,1010.8,72
12.2,17.9,33.4,1109.8,322.2,50.1,6.3,2.7,0.7,446.0,165.1,26.5,7.6,18.0,26.8,24.3,False,4095,0.0,10.3,0.0,EXT-OPEN-METEO-KHI,KARACHI,OPENSOURCE_API_GRID,1225,,,,0.95,True,True,TIER2_OPENSOURCE_PURE;CONTINUOUS_MINUTE_STREAM;VERIFIED_MODEL_GRID,95bc77fc4999ab0588c95ab1cdf02b84407ca7451df755867957f8033301f320,2026-09-19T20:24:00+00:00,2026-09-20 01:24:00,86.2,1010.8,72
12.1,17.8,33.3,1103.6,320.4,49.8,6.2,2.7,0.7,446.0,164.6,26.4,7.6,18.1,26.8,24.3,False,4095,0.0,10.3,0.0,EXT-OPEN-METEO-KHI,KARACHI,OPENSOURCE_API_GRID,1226,,,,0.95,True,True,TIER2_OPENSOURCE_PURE;CONTINUOUS_MINUTE_STREAM;VERIFIED_MODEL_GRID,3a38f248eeb5b4670f74ab6d969fe3275af761b44227febc7078e01e23349e25,2026-09-19T20:25:00+00:00,2026-09-20 01:25:00,86.2,1010.8,72
12.0,17.7,33.2,1097.4,318.6,49.6,6.2,2.7,0.7,446.0,164.1,26.3,7.6,18.2,26.8,24.32,False,4095,0.0,10.2,0.0,EXT-OPEN-METEO-KHI,KARACHI,OPENSOURCE_API_GRID,1227,,,,0.95,True,True,TIER2_OPENSOURCE_PURE;CONTINUOUS_MINUTE_STREAM;VERIFIED_MODEL_GRID,ee6e1a74934b1082d6a7250bc66f8efb47858f0f542867299dafefca86d5d52b,2026-09-19T20:26:00+00:00,2026-09-20 01:26:00,86.3,1010.8,72
12.0,17.7,33.1,1097.4,318.6,49.6,6.2,2.6,0.7,446.0,163.6,26.2,7.6,18.3,26.8,24.32,False,4095,0.0,10.2,0.0,EXT-OPEN-METEO-KHI,KARACHI,OPENSOURCE_API_GRID,1228,,,,0.95,True,True,TIER2_OPENSOURCE_PURE;CONTINUOUS_MINUTE_STREAM;VERIFIED_MODEL_GRID,5ffa3feea8138aa466e95fabed943bff0227225045ccce62709e9a7ee8a1fcf0,2026-09-19T20:27:00+00:00,2026-09-20 01:27:00,86.3,1010.8,72
12.0,17.6,33.0,1091.2,316.8,49.3,6.2,2.6,0.7,446.0,163.0,26.1,7.6,18.3,26.7,24.22,False,4095,0.0,10.1,0.0,EXT-OPEN-METEO-KHI,KARACHI,OPENSOURCE_API_GRID,1229,,,,0.95,True,True,TIER2_OPENSOURCE_PURE;CONTINUOUS_MINUTE_STREAM;VERIFIED_MODEL_GRID,5b9cdc334cb0497801e2fccd9fc18cfebcea95920eea61cfaf15d803306f90f3,2026-09-19T20:28:00+00:00,2026-09-20 01:28:00,86.3,1010.8,72
12.0,17.6,32.9,1091.2,316.8,49.3,6.2,2.6,0.7,446.0,162.5,26.0,7.6,18.4,26.7,24.22,False,4095,0.0,10.1,0.0,EXT-OPEN-METEO-KHI,KARACHI,OPENSOURCE_API_GRID,1230,,,,0.95,True,True,TIER2_OPENSOURCE_PURE;CONTINUOUS_MINUTE_STREAM;VERIFIED_MODEL_GRID,cf877369d77dd0898254352a0fd13c0c7062a76d37cbad6728ae4b8c9cd21f8a,2026-09-19T20:29:00+00:00,2026-09-20 01:29:00,86.3,1010.8,72
12.0,17.6,32.9,1091.2,316.8,49.3,6.2,2.6,0.7,446.0,162.0,25.8,7.5,18.5,26.7,24.24,False,4095,0.0,10.0,0.0,EXT-OPEN-METEO-KHI,KARACHI,OPENSOURCE_API_GRID,1231,,,,0.95,True,True,TIER2_OPENSOURCE_PURE;CONTINUOUS_MINUTE_STREAM;VERIFIED_MODEL_GRID,3882db59a22dfe6769bce15890363504c70698c20f0b4e5891442c27298c9078,2026-09-19T20:30:00+00:00,2026-09-20 01:30:00,86.4,1010.8,72
11.9,17.5,32.9,1085.0,315.0,49.0,6.1,2.6,0.7,446.0,161.5,25.7,7.5,18.6,26.7,24.24,False,4095,0.0,9.9,0.0,EXT-OPEN-METEO-KHI,KARACHI,OPENSOURCE_API_GRID,1232,,,,0.95,True,True,TIER2_OPENSOURCE_PURE;CONTINUOUS_MINUTE_STREAM;VERIFIED_MODEL_GRID,594cba3ab1987249a890a7c738203063bd249fb769f40c512d9eda7651065971,2026-09-19T20:31:00+00:00,2026-09-20 01:31:00,86.4,1010.7,72
11.9,17.5,32.9,1085.0,315.0,49.0,6.1,2.6,0.7,446.0,161.0,25.6,7.5,18.7,26.7,24.24,False,4095,0.0,9.9,0.0,EXT-OPEN-METEO-KHI,KARACHI,OPENSOURCE_API_GRID,1233,,,,0.95,True,True,TIER2_OPENSOURCE_PURE;CONTINUOUS_MINUTE_STREAM;VERIFIED_MODEL_GRID,e73543fded9ebbb37753c348414efb220943d18a835324a4b49bb20edb84a507,2026-09-19T20:32:00+00:00,2026-09-20 01:32:00,86.4,1010.7,72
11.9,17.5,32.8,1085.0,315.0,49.0,6.1,2.6,0.7,446.0,160.4,25.5,7.5,18.7,26.7,24.26,False,4095,0.0,9.8,0.0,EXT-OPEN-METEO-KHI,KARACHI,OPENSOURCE_API_GRID,1234,,,,0.95,True,True,TIER2_OPENSOURCE_PURE;CONTINUOUS_MINUTE_STREAM;VERIFIED_MODEL_GRID,47b9572e0360307b9a8998d592fa6e2b2ff0c63be74db4b65ac41b9f5c185f6b,2026-09-19T20:33:00+00:00,2026-09-20 01:33:00,86.5,1010.7,72
11.9,17.5,32.9,1085.0,315.0,49.0,6.1,2.6,0.7,446.0,159.9,25.4,7.5,18.8,26.7,24.26,False,4095,0.0,9.8,0.0,EXT-OPEN-METEO-KHI,KARACHI,OPENSOURCE_API_GRID,1235,,,,0.95,True,True,TIER2_OPENSOURCE_PURE;CONTINUOUS_MINUTE_STREAM;VERIFIED_MODEL_GRID,f2ffd44cf63525cd37000df2de94c100de52980982b4360379c09189dd58ed2e,2026-09-19T20:34:00+00:00,2026-09-20 01:34:00,86.5,1010.7,72
11.9,17.5,32.9,1085.0,315.0,49.0,6.1,2.6,0.7,446.0,159.4,25.3,7.5,18.9,26.7,24.28,False,4095,0.0,9.7,0.0,EXT-OPEN-METEO-KHI,KARACHI,OPENSOURCE_API_GRID,1236,,,,0.95,True,True,TIER2_OPENSOURCE_PURE;CONTINUOUS_MINUTE_STREAM;VERIFIED_MODEL_GRID,b6f6d93f8bbf42d9f56a2e4d826cfd756ddeb796b882932f4e7a36b59f362e1d,2026-09-19T20:35:00+00:00,2026-09-20 01:35:00,86.6,1010.7,72
11.9,17.5,32.9,1085.0,315.0,49.0,6.1,2.6,0.7,446.0,158.9,25.2,7.5,19.0,26.7,24.28,False,4095,0.0,9.7,0.0,EXT-OPEN-METEO-KHI,KARACHI,OPENSOURCE_API_GRID,1237,,,,0.95,True,True,TIER2_OPENSOURCE_PURE;CONTINUOUS_MINUTE_STREAM;VERIFIED_MODEL_GRID,40a60523ea6e442c2b46b67ed7850588c9019e071a06c7de3a4b19c782b1d855,2026-09-19T20:36:00+00:00,2026-09-20 01:36:00,86.6,1010.7,72
11.9,17.5,32.9,1085.0,315.0,49.0,6.1,2.6,0.7,446.0,158.4,25.2,7.5,19.0,26.7,24.3,False,4095,0.0,9.6,0.0,EXT-OPEN-METEO-KHI,KARACHI,OPENSOURCE_API_GRID,1238,,,,0.95,True,True,TIER2_OPENSOURCE_PURE;CONTINUOUS_MINUTE_STREAM;VERIFIED_MODEL_GRID,b07422e072fd4d892baacd5b999d330a74e794223db5a2e09f73cfa104fd6c00,2026-09-19T20:37:00+00:00,2026-09-20 01:37:00,86.7,1010.7,72
12.0,17.6,33.0,1091.2,316.8,49.3,6.2,2.6,0.7,446.0,157.9,25.1,7.4,19.1,26.7,24.3,False,4095,0.0,9.6,0.0,EXT-OPEN-METEO-KHI,KARACHI,OPENSOURCE_API_GRID,1239,,,,0.95,True,True,TIER2_OPENSOURCE_PURE;CONTINUOUS_MINUTE_STREAM;VERIFIED_MODEL_GRID,97f748a276f709dc5cc3ff230a08b3219e2893adbd4151810bdb82f0a0a26472,2026-09-19T20:38:00+00:00,2026-09-20 01:38:00,86.7,1010.7,72
12.0,17.6,33.0,1091.2,316.8,49.3,6.2,2.6,0.7,446.0,157.5,25.0,7.4,19.2,26.7,24.32,False,4095,0.0,9.5,0.0,EXT-OPEN-METEO-KHI,KARACHI,OPENSOURCE_API_GRID,1240,,,,0.95,True,True,TIER2_OPENSOURCE_PURE;CONTINUOUS_MINUTE_STREAM;VERIFIED_MODEL_GRID,3293035df8bf989bd9523c3ed1b80e181c47e0f693a6d74c9886a6edb14b4191,2026-09-19T20:39:00+00:00,2026-09-20 01:39:00,86.8,1010.7,72
11.9,17.5,32.9,1085.0,315.0,49.0,6.1,2.6,0.7,446.0,157.0,24.9,7.4,19.2,26.7,24.34,False,4095,0.0,9.5,0.0,EXT-OPEN-METEO-KHI,KARACHI,OPENSOURCE_API_GRID,1241,,,,0.95,True,True,TIER2_OPENSOURCE_PURE;CONTINUOUS_MINUTE_STREAM;VERIFIED_MODEL_GRID,169a419ea7aa3db8a65230b819032f4e4aefa536828d66186147c2e46346db1b,2026-09-19T20:40:00+00:00,2026-09-20 01:40:00,86.9,1010.7,72
11.9,17.5,32.9,1085.0,315.0,49.0,6.1,2.6,0.7,446.0,156.6,24.8,7.4,19.3,26.7,24.34,False,4095,0.0,9.5,0.0,EXT-OPEN-METEO-KHI,KARACHI,OPENSOURCE_API_GRID,1242,,,,0.95,True,True,TIER2_OPENSOURCE_PURE;CONTINUOUS_MINUTE_STREAM;VERIFIED_MODEL_GRID,e267ba2dae3d121bb41a55e0b07c5396bbe0414b7025e8fc5ebb83b78ce06f3d,2026-09-19T20:41:00+00:00,2026-09-20 01:41:00,86.9,1010.7,72
11.9,17.5,32.9,1085.0,315.0,49.0,6.1,2.6,0.7,446.0,156.1,24.7,7.4,19.4,26.7,24.34,False,4095,0.0,9.4,0.0,EXT-OPEN-METEO-KHI,KARACHI,OPENSOURCE_API_GRID,1243,,,,0.95,True,True,TIER2_OPENSOURCE_PURE;CONTINUOUS_MINUTE_STREAM;VERIFIED_MODEL_GRID,c25bd03ef0039902f347c4937225ae2993ab3405aa28732989cc9f299d90145c,2026-09-19T20:42:00+00:00,2026-09-20 01:42:00,86.9,1010.7,72
11.9,17.5,32.9,1085.0,315.0,49.0,6.1,2.6,0.7,446.0,155.7,24.6,7.4,19.4,26.7,24.34,False,4095,0.0,9.4,0.0,EXT-OPEN-METEO-KHI,KARACHI,OPENSOURCE_API_GRID,1244,,,,0.95,True,True,TIER2_OPENSOURCE_PURE;CONTINUOUS_MINUTE_STREAM;VERIFIED_MODEL_GRID,77ddab7b1d651e3f700bb83d8fd3d4d03e5a5814d57b5cf3e5064616902c2fed,2026-09-19T20:43:00+00:00,2026-09-20 01:43:00,86.9,1010.7,72
11.9,17.5,33.0,1085.0,315.0,49.0,6.1,2.6,0.7,446.0,155.3,24.5,7.4,19.5,26.7,24.36,False,4095,0.0,9.3,0.0,EXT-OPEN-METEO-KHI,KARACHI,OPENSOURCE_API_GRID,1245,,,,0.95,True,True,TIER2_OPENSOURCE_PURE;CONTINUOUS_MINUTE_STREAM;VERIFIED_MODEL_GRID,aca6dd32f2039c274f9563499bd6dad153cf8e89228f57ca6953ff5add736077,2026-09-19T20:44:00+00:00,2026-09-20 01:44:00,87.0,1010.7,72
11.9,17.5,33.0,1085.0,315.0,49.0,6.1,2.6,0.7,446.0,154.9,24.5,7.4,19.6,26.7,24.36,False,4095,0.0,9.3,0.0,EXT-OPEN-METEO-KHI,KARACHI,OPENSOURCE_API_GRID,1246,,,,0.95,True,True,TIER2_OPENSOURCE_PURE;CONTINUOUS_MINUTE_STREAM;VERIFIED_MODEL_GRID,867ba8c1bc7dece33761acd0763d4fda72e7cd4ed037aac2b6c53a3d237e81fd,2026-09-19T20:45:00+00:00,2026-09-20 01:45:00,87.0,1010.7,72
11.9,17.5,33.0,1085.0,315.0,49.0,6.1,2.6,0.7,446.0,154.6,24.4,7.4,19.6,26.7,24.36,False,4095,0.0,9.3,0.0,EXT-OPEN-METEO-KHI,KARACHI,OPENSOURCE_API_GRID,1247,,,,0.95,True,True,TIER2_OPENSOURCE_PURE;CONTINUOUS_MINUTE_STREAM;VERIFIED_MODEL_GRID,1224e39ae1575d4cd35166cee213be51f565e3297e19b618d7d7ae2cfd8c48a2,2026-09-19T20:46:00+00:00,2026-09-20 01:46:00,87.0,1010.7,72
11.9,17.5,33.0,1085.0,315.0,49.0,6.1,2.6,0.7,446.0,154.2,24.3,7.4,19.7,26.7,24.34,False,4095,0.0,9.2,0.0,EXT-OPEN-METEO-KHI,KARACHI,OPENSOURCE_API_GRID,1248,,,,0.95,True,True,TIER2_OPENSOURCE_PURE;CONTINUOUS_MINUTE_STREAM;VERIFIED_MODEL_GRID,15230f02841ab29e853df69ee4fbdbaf06d10cbaff69a29d747338d5b262679d,2026-09-19T20:47:00+00:00,2026-09-20 01:47:00,86.9,1010.6,72
11.9,17.5,32.9,1085.0,315.0,49.0,6.1,2.6,0.7,446.0,153.9,24.3,7.3,19.7,26.7,24.34,False,4095,0.0,9.2,0.0,EXT-OPEN-METEO-KHI,KARACHI,OPENSOURCE_API_GRID,1249,,,,0.95,True,True,TIER2_OPENSOURCE_PURE;CONTINUOUS_MINUTE_STREAM;VERIFIED_MODEL_GRID,66574f2584f0df559ba9de5900335a68db4e15ed28ab6fb56948d627eb2fbcff,2026-09-19T20:48:00+00:00,2026-09-20 01:48:00,86.9,1010.6,72
11.9,17.5,32.9,1085.0,315.0,49.0,6.1,2.6,0.7,446.0,153.6,24.2,7.3,19.8,26.7,24.34,False,4095,0.0,9.2,0.0,EXT-OPEN-METEO-KHI,KARACHI,OPENSOURCE_API_GRID,1250,,,,0.95,True,True,TIER2_OPENSOURCE_PURE;CONTINUOUS_MINUTE_STREAM;VERIFIED_MODEL_GRID,f77ee04d133f7e2e32519d4bf68fc3821064c52752338e0e84edfd3edcd7ecae,2026-09-19T20:49:00+00:00,2026-09-20 01:49:00,86.9,1010.6,72
11.8,17.4,32.8,1078.8,313.2,48.7,6.1,2.6,0.7,446.0,153.3,24.2,7.3,19.8,26.7,24.34,False,4095,0.0,9.1,0.0,EXT-OPEN-METEO-KHI,KARACHI,OPENSOURCE_API_GRID,1251,,,,0.95,True,True,TIER2_OPENSOURCE_PURE;CONTINUOUS_MINUTE_STREAM;VERIFIED_MODEL_GRID,b4a77614fd0d86c445300e095270ec4701172bde4e8b6aac34409c0a79d7f50e,2026-09-19T20:50:00+00:00,2026-09-20 01:50:00,86.9,1010.6,72
11.8,17.4,32.8,1078.8,313.2,48.7,6.1,2.6,0.7,446.0,153.1,24.1,7.3,19.8,26.7,24.34,False,4095,0.0,9.1,0.0,EXT-OPEN-METEO-KHI,KARACHI,OPENSOURCE_API_GRID,1252,,,,0.95,True,True,TIER2_OPENSOURCE_PURE;CONTINUOUS_MINUTE_STREAM;VERIFIED_MODEL_GRID,beaeded23c77adba362cac2d4bac6524f6b767e485a2f2f6f20a210a51ac51a1,2026-09-19T20:51:00+00:00,2026-09-20 01:51:00,86.9,1010.6,72
11.8,17.3,32.7,1072.6,311.4,48.4,6.1,2.6,0.7,446.0,152.9,24.1,7.3,19.9,26.6,24.24,False,4095,0.0,9.1,0.0,EXT-OPEN-METEO-KHI,KARACHI,OPENSOURCE_API_GRID,1253,,,,0.95,True,True,TIER2_OPENSOURCE_PURE;CONTINUOUS_MINUTE_STREAM;VERIFIED_MODEL_GRID,4c3e6f587bd2a8c763f3caded1f7a3cf98afbe67952a832ffdd912391031409c,2026-09-19T20:52:00+00:00,2026-09-20 01:52:00,86.9,1010.6,72
11.8,17.3,32.6,1072.6,311.4,48.4,6.1,2.6,0.7,446.0,152.7,24.0,7.3,19.9,26.6,24.24,False,4095,0.0,9.1,0.0,EXT-OPEN-METEO-KHI,KARACHI,OPENSOURCE_API_GRID,1254,,,,0.95,True,True,TIER2_OPENSOURCE_PURE;CONTINUOUS_MINUTE_STREAM;VERIFIED_MODEL_GRID,6c623ef9e34eb4ece64d686dfd796c8a63e1a09a3573a4ca0fe332c6e98159dc,2026-09-19T20:53:00+00:00,2026-09-20 01:53:00,86.9,1010.6,72
11.7,17.2,32.5,1066.4,309.6,48.2,6.0,2.6,0.7,446.0,152.5,24.0,7.3,19.9,26.6,24.24,False,4095,0.0,9.0,0.0,EXT-OPEN-METEO-KHI,KARACHI,OPENSOURCE_API_GRID,1255,,,,0.95,True,True,TIER2_OPENSOURCE_PURE;CONTINUOUS_MINUTE_STREAM;VERIFIED_MODEL_GRID,427a1202ac30e7b2a90f82f53c1db9a482da2de93bc014d20e7a65c0d1f94519,2026-09-19T20:54:00+00:00,2026-09-20 01:54:00,86.9,1010.6,72
11.7,17.2,32.5,1066.4,309.6,48.2,6.0,2.6,0.7,446.0,152.3,24.0,7.3,19.9,26.6,24.24,False,4095,0.0,9.0,0.0,EXT-OPEN-METEO-KHI,KARACHI,OPENSOURCE_API_GRID,1256,,,,0.95,True,True,TIER2_OPENSOURCE_PURE;CONTINUOUS_MINUTE_STREAM;VERIFIED_MODEL_GRID,df07d1f28797c39266b004ed2ed8aaead2877d96de9b4cc1349749d6410c55ad,2026-09-19T20:55:00+00:00,2026-09-20 01:55:00,86.9,1010.6,72
11.6,17.1,32.4,1060.2,307.8,47.9,6.0,2.6,0.6,446.0,152.2,23.9,7.3,20.0,26.6,24.24,False,4095,0.0,9.0,0.0,EXT-OPEN-METEO-KHI,KARACHI,OPENSOURCE_API_GRID,1257,,,,0.95,True,True,TIER2_OPENSOURCE_PURE;CONTINUOUS_MINUTE_STREAM;VERIFIED_MODEL_GRID,91af2fe66210507b7c3597608f7636c9a562da733aa101bb129b3e0facd3b4b4,2026-09-19T20:56:00+00:00,2026-09-20 01:56:00,86.9,1010.6,72
11.6,17.1,32.3,1060.2,307.8,47.9,6.0,2.6,0.6,446.0,152.1,23.9,7.3,20.0,26.6,24.24,False,4095,0.0,9.0,0.0,EXT-OPEN-METEO-KHI,KARACHI,OPENSOURCE_API_GRID,1258,,,,0.95,True,True,TIER2_OPENSOURCE_PURE;CONTINUOUS_MINUTE_STREAM;VERIFIED_MODEL_GRID,25bd682205b6098530235d75472a2792d10793f6134c253027155799a695f4f3,2026-09-19T20:57:00+00:00,2026-09-20 01:57:00,86.9,1010.6,72
11.6,17.1,32.3,1060.2,307.8,47.9,6.0,2.6,0.6,446.0,152.1,23.9,7.3,20.0,26.6,24.22,False,4095,0.0,9.0,0.0,EXT-OPEN-METEO-KHI,KARACHI,OPENSOURCE_API_GRID,1259,,,,0.95,True,True,TIER2_OPENSOURCE_PURE;CONTINUOUS_MINUTE_STREAM;VERIFIED_MODEL_GRID,e9a16731b1381edd485ad2d632ce2c216c6cb889a2132b7d3c8fe8b738ce2963,2026-09-19T20:58:00+00:00,2026-09-20 01:58:00,86.8,1010.6,72
11.6,17.0,32.2,1054.0,306.0,47.6,5.9,2.6,0.6,446.0,152.0,23.9,7.3,20.0,26.6,24.22,False,4095,0.0,9.0,0.0,EXT-OPEN-METEO-KHI,KARACHI,OPENSOURCE_API_GRID,1260,,,,0.95,True,True,TIER2_OPENSOURCE_PURE;CONTINUOUS_MINUTE_STREAM;VERIFIED_MODEL_GRID,c3b54ad284f2f8d39f46f1ec39e8ab43ed44cf58763b5dbb500ed99c8a03c0a7,2026-09-19T20:59:00+00:00,2026-09-20 01:59:00,86.8,1010.6,72
11.6,17.0,32.2,1054.0,306.0,47.6,5.9,2.6,0.6,446.0,152.0,23.9,7.3,20.0,26.6,24.24,False,4095,0.0,9.0,0.0,EXT-OPEN-METEO-KHI,KARACHI,OPENSOURCE_API_GRID,1261,,,,0.95,True,False,TIER2_OPENSOURCE_PURE;HOURLY_NODE;VERIFIED_MODEL_GRID,69d55f0525ef078e8a4cb383ce5ecbf5cc5a3dd4f0f65b0843d43a57e1dda028,2026-09-19T21:00:00+00:00,2026-09-20 02:00:00,86.9,1010.6,72
11.6,17.0,32.2,1054.0,306.0,47.6,5.9,2.6,0.6,446.0,152.0,23.9,7.3,20.0,26.6,24.24,False,4095,0.0,9.0,0.0,EXT-OPEN-METEO-KHI,KARACHI,OPENSOURCE_API_GRID,1262,,,,0.95,True,True,TIER2_OPENSOURCE_PURE;CONTINUOUS_MINUTE_STREAM;VERIFIED_MODEL_GRID,36c4a7e2c25cea78e821bdeb2c3cbe9b147edf0f866ada329d685810fab404c1,2026-09-19T21:01:00+00:00,2026-09-20 02:01:00,86.9,1010.6,72
11.6,17.0,32.2,1054.0,306.0,47.6,5.9,2.6,0.6,446.0,152.0,23.9,7.3,20.0,26.6,24.24,False,4095,0.0,9.0,0.0,EXT-OPEN-METEO-KHI,KARACHI,OPENSOURCE_API_GRID,1263,,,,0.95,True,True,TIER2_OPENSOURCE_PURE;CONTINUOUS_MINUTE_STREAM;VERIFIED_MODEL_GRID,573d019ac7d2234b80f5a54cd750d55f8c961bc55b760e412f0079d3349307b6,2026-09-19T21:02:00+00:00,2026-09-20 02:02:00,86.9,1010.6,72
11.6,17.0,32.2,1054.0,306.0,47.6,5.9,2.6,0.6,446.0,152.0,23.9,7.3,20.0,26.5,24.14,False,4095,0.0,9.0,0.0,EXT-OPEN-METEO-KHI,KARACHI,OPENSOURCE_API_GRID,1264,,,,0.95,True,True,TIER2_OPENSOURCE_PURE;CONTINUOUS_MINUTE_STREAM;VERIFIED_MODEL_GRID,8157fb9ea6b11ef17427d3a0a0c793ccd7df9d27b4cc60bd79d43a1cc79017fc,2026-09-19T21:03:00+00:00,2026-09-20 02:03:00,86.9,1010.6,72
11.6,17.0,32.2,1054.0,306.0,47.6,5.9,2.6,0.6,446.0,152.0,23.9,7.3,20.0,26.5,24.14,False,4095,0.0,9.0,0.0,EXT-OPEN-METEO-KHI,KARACHI,OPENSOURCE_API_GRID,1265,,,,0.95,True,True,TIER2_OPENSOURCE_PURE;CONTINUOUS_MINUTE_STREAM;VERIFIED_MODEL_GRID,5273a7340ee8d726e91f807750aa5d2afbffe87c89292843dafa1f194aeac74e,2026-09-19T21:04:00+00:00,2026-09-20 02:04:00,86.9,1010.6,72
11.6,17.0,32.3,1054.0,306.0,47.6,5.9,2.6,0.6,446.0,152.0,23.8,7.3,20.0,26.5,24.16,False,4095,0.0,8.9,0.0,EXT-OPEN-METEO-KHI,KARACHI,OPENSOURCE_API_GRID,1266,,,,0.95,True,True,TIER2_OPENSOURCE_PURE;CONTINUOUS_MINUTE_STREAM;VERIFIED_MODEL_GRID,774608f04d4b04076fd970ebb200af53da7574a3e22ccebb2c20e884df3e1fbf,2026-09-19T21:05:00+00:00,2026-09-20 02:05:00,87.0,1010.6,72
11.6,17.1,32.3,1060.2,307.8,47.9,6.0,2.6,0.6,446.0,152.0,23.8,7.3,20.0,26.6,24.26,False,4095,0.0,8.9,0.0,EXT-OPEN-METEO-KHI,KARACHI,OPENSOURCE_API_GRID,1267,,,,0.95,True,True,TIER2_OPENSOURCE_PURE;CONTINUOUS_MINUTE_STREAM;VERIFIED_MODEL_GRID,2eb4b67e6815fe16f8b3927a15eb16b778e46d8cdd66472ceb01711811cf7879,2026-09-19T21:06:00+00:00,2026-09-20 02:06:00,87.0,1010.6,72
11.6,17.1,32.4,1060.2,307.8,47.9,6.0,2.6,0.6,446.1,151.9,23.8,7.3,20.0,26.6,24.26,False,4095,0.0,8.9,0.0,EXT-OPEN-METEO-KHI,KARACHI,OPENSOURCE_API_GRID,1268,,,,0.95,True,True,TIER2_OPENSOURCE_PURE;CONTINUOUS_MINUTE_STREAM;VERIFIED_MODEL_GRID,0d6ce13ab95dae3d96bef7ca248f6757737423eeb5a0c4234c88c575b8ef4e0a,2026-09-19T21:07:00+00:00,2026-09-20 02:07:00,87.0,1010.6,72
11.6,17.1,32.4,1060.2,307.8,47.9,6.0,2.6,0.6,446.1,151.9,23.8,7.3,20.0,26.6,24.28,False,4095,0.0,8.8,0.0,EXT-OPEN-METEO-KHI,KARACHI,OPENSOURCE_API_GRID,1269,,,,0.95,True,True,TIER2_OPENSOURCE_PURE;CONTINUOUS_MINUTE_STREAM;VERIFIED_MODEL_GRID,045c3af5d96cf0bd7749993bb185ef8a07210b310bac2a285fbe9430d4216174,2026-09-19T21:08:00+00:00,2026-09-20 02:08:00,87.1,1010.6,72
11.7,17.2,32.5,1066.4,309.6,48.2,6.0,2.6,0.7,446.1,151.9,23.7,7.3,20.1,26.6,24.28,False,4095,0.0,8.8,0.0,EXT-OPEN-METEO-KHI,KARACHI,OPENSOURCE_API_GRID,1270,,,,0.95,True,True,TIER2_OPENSOURCE_PURE;CONTINUOUS_MINUTE_STREAM;VERIFIED_MODEL_GRID,65287b1d44410ed80af86e1a1501227566f9306a5a60f77f0f9199bb1f4ef92b,2026-09-19T21:09:00+00:00,2026-09-20 02:09:00,87.1,1010.6,72
11.7,17.2,32.5,1066.4,309.6,48.2,6.0,2.6,0.7,446.1,151.9,23.7,7.3,20.1,26.6,24.3,False,4095,0.0,8.7,0.0,EXT-OPEN-METEO-KHI,KARACHI,OPENSOURCE_API_GRID,1271,,,,0.95,True,True,TIER2_OPENSOURCE_PURE;CONTINUOUS_MINUTE_STREAM;VERIFIED_MODEL_GRID,5861d8bcac850aa016b2278d8a3cfc4ae08bdd94d655f7886f6989a0bf9d48ea,2026-09-19T21:10:00+00:00,2026-09-20 02:10:00,87.2,1010.6,72
11.6,17.1,32.4,1060.2,307.8,47.9,6.0,2.6,0.6,446.2,151.8,23.6,7.3,20.1,26.6,24.31,False,4095,0.0,8.7,0.0,EXT-OPEN-METEO-KHI,KARACHI,OPENSOURCE_API_GRID,1272,,,,0.95,True,True,TIER2_OPENSOURCE_PURE;CONTINUOUS_MINUTE_STREAM;VERIFIED_MODEL_GRID,889c23537c1ac4d8e797114732227d516dfe47a501e2bbf03364dc96ef85898d,2026-09-19T21:11:00+00:00,2026-09-20 02:11:00,87.3,1010.6,72
11.6,17.1,32.4,1060.2,307.8,47.9,6.0,2.6,0.6,446.2,151.8,23.6,7.3,20.1,26.6,24.31,False,4095,0.0,8.6,0.0,EXT-OPEN-METEO-KHI,KARACHI,OPENSOURCE_API_GRID,1273,,,,0.95,True,True,TIER2_OPENSOURCE_PURE;CONTINUOUS_MINUTE_STREAM;VERIFIED_MODEL_GRID,a2605e36a738cf1c06e104b73d488a628c84976db6825d8e467691b5be7c15e2,2026-09-19T21:12:00+00:00,2026-09-20 02:12:00,87.3,1010.6,72
11.7,17.2,32.5,1066.4,309.6,48.2,6.0,2.6,0.7,446.2,151.8,23.6,7.3,20.1,26.6,24.33,False,4095,0.0,8.6,0.0,EXT-OPEN-METEO-KHI,KARACHI,OPENSOURCE_API_GRID,1274,,,,0.95,True,True,TIER2_OPENSOURCE_PURE;CONTINUOUS_MINUTE_STREAM;VERIFIED_MODEL_GRID,8dd36229e2567c438b03dea8191136aa6cb40b7968064c7ec213be1b540c9b6b,2026-09-19T21:13:00+00:00,2026-09-20 02:13:00,87.4,1010.6,72
11.7,17.2,32.5,1066.4,309.6,48.2,6.0,2.6,0.7,446.3,151.7,23.5,7.3,20.1,26.6,24.33,False,4095,0.0,8.5,0.0,EXT-OPEN-METEO-KHI,KARACHI,OPENSOURCE_API_GRID,1275,,,,0.95,True,True,TIER2_OPENSOURCE_PURE;CONTINUOUS_MINUTE_STREAM;VERIFIED_MODEL_GRID,af2562eea3957b4d653d98928374ec62ac8f0ac1863905fbecbf77aecf329fe8,2026-09-19T21:14:00+00:00,2026-09-20 02:14:00,87.4,1010.6,72
11.7,17.2,32.5,1066.4,309.6,48.2,6.0,2.6,0.7,446.3,151.7,23.4,7.3,20.1,26.6,24.33,False,4095,0.0,8.4,0.0,EXT-OPEN-METEO-KHI,KARACHI,OPENSOURCE_API_GRID,1276,,,,0.95,True,True,TIER2_OPENSOURCE_PURE;CONTINUOUS_MINUTE_STREAM;VERIFIED_MODEL_GRID,c91f8b38b4ef8049190c91dcb4b5c3711cdf3a830ff74acf0d4d4707b5ee58b1,2026-09-19T21:15:00+00:00,2026-09-20 02:15:00,87.4,1010.6,72
11.7,17.2,32.6,1066.4,309.6,48.2,6.0,2.6,0.7,446.3,151.7,23.4,7.3,20.2,26.6,24.33,False,4095,0.0,8.3,0.0,EXT-OPEN-METEO-KHI,KARACHI,OPENSOURCE_API_GRID,1277,,,,0.95,True,True,TIER2_OPENSOURCE_PURE;CONTINUOUS_MINUTE_STREAM;VERIFIED_MODEL_GRID,85799073bbb62b05e022b31ab06a3080687547e5c74c2da55bec8c2509033426,2026-09-19T21:16:00+00:00,2026-09-20 02:16:00,87.4,1010.6,72
11.7,17.2,32.6,1066.4,309.6,48.2,6.0,2.6,0.7,446.4,151.6,23.3,7.3,20.2,26.6,24.35,False,4095,0.0,8.3,0.0,EXT-OPEN-METEO-KHI,KARACHI,OPENSOURCE_API_GRID,1278,,,,0.95,True,True,TIER2_OPENSOURCE_PURE;CONTINUOUS_MINUTE_STREAM;VERIFIED_MODEL_GRID,96ff36ab82913694cb2ef97d385d1d4b008abce68cfc2a7adc024624b0abcf3f,2026-09-19T21:17:00+00:00,2026-09-20 02:17:00,87.5,1010.6,72
11.7,17.2,32.5,1066.4,309.6,48.2,6.0,2.6,0.7,446.4,151.6,23.3,7.3,20.2,26.6,24.35,False,4095,0.0,8.2,0.0,EXT-OPEN-METEO-KHI,KARACHI,OPENSOURCE_API_GRID,1279,,,,0.95,True,True,TIER2_OPENSOURCE_PURE;CONTINUOUS_MINUTE_STREAM;VERIFIED_MODEL_GRID,64e8ecf6f6dbe6e1f2e88cbfa4ec46f365fa66ba5745a512bf60d4f56b9f46f2,2026-09-19T21:18:00+00:00,2026-09-20 02:18:00,87.5,1010.6,72
11.7,17.2,32.5,1066.4,309.6,48.2,6.0,2.6,0.7,446.5,151.5,23.2,7.3,20.2,26.6,24.35,False,4095,0.0,8.1,0.0,EXT-OPEN-METEO-KHI,KARACHI,OPENSOURCE_API_GRID,1280,,,,0.95,True,True,TIER2_OPENSOURCE_PURE;CONTINUOUS_MINUTE_STREAM;VERIFIED_MODEL_GRID,e3bf7bf97f01cd962bde29d51394a928cc81cdc7331b83f5e51734347d75d145,2026-09-19T21:19:00+00:00,2026-09-20 02:19:00,87.5,1010.6,72
11.6,17.1,32.4,1060.2,307.8,47.9,6.0,2.6,0.6,446.5,151.5,23.1,7.2,20.2,26.6,24.35,False,4095,0.0,8.0,0.0,EXT-OPEN-METEO-KHI,KARACHI,OPENSOURCE_API_GRID,1281,,,,0.95,True,True,TIER2_OPENSOURCE_PURE;CONTINUOUS_MINUTE_STREAM;VERIFIED_MODEL_GRID,81d594ea9d3229d50e1d06de0ee3988789e30f62cc85e70215d49141a5ccb716,2026-09-19T21:20:00+00:00,2026-09-20 02:20:00,87.5,1010.6,72
11.6,17.1,32.4,1060.2,307.8,47.9,6.0,2.6,0.6,446.5,151.5,23.1,7.2,20.3,26.6,24.35,False,4095,0.0,7.9,0.0,EXT-OPEN-METEO-KHI,KARACHI,OPENSOURCE_API_GRID,1282,,,,0.95,True,True,TIER2_OPENSOURCE_PURE;CONTINUOUS_MINUTE_STREAM;VERIFIED_MODEL_GRID,862d3a5e29d02f8e21dea620e53c27656394c93ef0bc81f561fa1537b462dfcd,2026-09-19T21:21:00+00:00,2026-09-20 02:21:00,87.5,1010.6,72
11.6,17.0,32.3,1054.0,306.0,47.6,5.9,2.6,0.6,446.6,151.4,23.0,7.2,20.3,26.6,24.37,False,4095,0.0,7.8,0.0,EXT-OPEN-METEO-KHI,KARACHI,OPENSOURCE_API_GRID,1283,,,,0.95,True,True,TIER2_OPENSOURCE_PURE;CONTINUOUS_MINUTE_STREAM;VERIFIED_MODEL_GRID,ae00123017f7b887903e2c4556c9b417930468a69475deb6755095fb78cf14c7,2026-09-19T21:22:00+00:00,2026-09-20 02:22:00,87.6,1010.6,72
11.6,17.0,32.2,1054.0,306.0,47.6,5.9,2.6,0.6,446.6,151.4,22.9,7.2,20.3,26.6,24.37,False,4095,0.0,7.7,0.0,EXT-OPEN-METEO-KHI,KARACHI,OPENSOURCE_API_GRID,1284,,,,0.95,True,True,TIER2_OPENSOURCE_PURE;CONTINUOUS_MINUTE_STREAM;VERIFIED_MODEL_GRID,8c259e05357436ac4746d055bdd83797151a8b92159924a64f0425e18ce92bd7,2026-09-19T21:23:00+00:00,2026-09-20 02:23:00,87.6,1010.6,72
11.5,16.9,32.1,1047.8,304.2,47.3,5.9,2.6,0.6,446.7,151.3,22.8,7.2,20.3,26.6,24.37,False,4095,0.0,7.6,0.0,EXT-OPEN-METEO-KHI,KARACHI,OPENSOURCE_API_GRID,1285,,,,0.95,True,True,TIER2_OPENSOURCE_PURE;CONTINUOUS_MINUTE_STREAM;VERIFIED_MODEL_GRID,b70a724bb8cada08634aaf6e8beed55e77d0e596870c18c76fcf68ff781baa71,2026-09-19T21:24:00+00:00,2026-09-20 02:24:00,87.6,1010.6,72
11.4,16.8,32.0,1041.6,302.4,47.0,5.9,2.6,0.6,446.7,151.3,22.8,7.2,20.4,26.5,24.27,False,4095,0.0,7.5,0.0,EXT-OPEN-METEO-KHI,KARACHI,OPENSOURCE_API_GRID,1286,,,,0.95,True,True,TIER2_OPENSOURCE_PURE;CONTINUOUS_MINUTE_STREAM;VERIFIED_MODEL_GRID,33f950aeb2380a41914355475dab62b81a2094a49a6e637fda4ae640e15acac4,2026-09-19T21:25:00+00:00,2026-09-20 02:25:00,87.6,1010.6,72
11.4,16.8,31.9,1041.6,302.4,47.0,5.9,2.6,0.6,446.8,151.2,22.7,7.2,20.4,26.5,24.29,False,4095,0.0,7.4,0.0,EXT-OPEN-METEO-KHI,KARACHI,OPENSOURCE_API_GRID,1287,,,,0.95,True,True,TIER2_OPENSOURCE_PURE;CONTINUOUS_MINUTE_STREAM;VERIFIED_MODEL_GRID,9823297b8c52e9c56cf5364103d5107735652563820c27380d19837b5f406f69,2026-09-19T21:26:00+00:00,2026-09-20 02:26:00,87.7,1010.6,72
11.4,16.7,31.8,1035.4,300.6,46.8,5.8,2.5,0.6,446.8,151.2,22.6,7.2,20.4,26.5,24.29,False,4095,0.0,7.3,0.0,EXT-OPEN-METEO-KHI,KARACHI,OPENSOURCE_API_GRID,1288,,,,0.95,True,True,TIER2_OPENSOURCE_PURE;CONTINUOUS_MINUTE_STREAM;VERIFIED_MODEL_GRID,bb134287c991e2a793207d6f1a40b2bc5fd8529518bcadfac4d695ad14076963,2026-09-19T21:27:00+00:00,2026-09-20 02:27:00,87.7,1010.6,72
11.3,16.6,31.7,1029.2,298.8,46.5,5.8,2.5,0.6,446.9,151.1,22.5,7.2,20.4,26.5,24.31,False,4095,0.0,7.2,0.0,EXT-OPEN-METEO-KHI,KARACHI,OPENSOURCE_API_GRID,1289,,,,0.95,True,True,TIER2_OPENSOURCE_PURE;CONTINUOUS_MINUTE_STREAM;VERIFIED_MODEL_GRID,588b0d6b4f771f952c2be4993416cb9c17d810c127556cba97704b35847bb9b8,2026-09-19T21:28:00+00:00,2026-09-20 02:28:00,87.8,1010.6,72
11.3,16.6,31.7,1029.2,298.8,46.5,5.8,2.5,0.6,446.9,151.1,22.4,7.2,20.5,26.5,24.31,False,4095,0.0,7.1,0.0,EXT-OPEN-METEO-KHI,KARACHI,OPENSOURCE_API_GRID,1290,,,,0.95,True,True,TIER2_OPENSOURCE_PURE;CONTINUOUS_MINUTE_STREAM;VERIFIED_MODEL_GRID,02c3c2a146122200ce9a083ddce2d0d4901f0b1f404a13190bde2f1f2a4d0399,2026-09-19T21:29:00+00:00,2026-09-20 02:29:00,87.8,1010.6,72
11.2,16.5,31.6,1023.0,297.0,46.2,5.8,2.5,0.6,447.0,151.0,22.3,7.2,20.5,26.5,24.33,False,4095,0.0,7.0,0.0,EXT-OPEN-METEO-KHI,KARACHI,OPENSOURCE_API_GRID,1291,,,,0.95,True,True,TIER2_OPENSOURCE_PURE;CONTINUOUS_MINUTE_STREAM;VERIFIED_MODEL_GRID,e604fa9ac84b1cf3219c6def6ae6e1598a170828af749762aadbca946e16e7b2,2026-09-19T21:30:00+00:00,2026-09-20 02:30:00,87.9,1010.6,72
11.2,16.5,31.5,1023.0,297.0,46.2,5.8,2.5,0.6,447.1,150.9,22.3,7.2,20.5,26.5,24.33,False,4095,0.0,6.9,0.0,EXT-OPEN-METEO-KHI,KARACHI,OPENSOURCE_API_GRID,1292,,,,0.95,True,True,TIER2_OPENSOURCE_PURE;CONTINUOUS_MINUTE_STREAM;VERIFIED_MODEL_GRID,47d3af82090f566e15850624887fb8de79168c83ac743a358069c6691726093a,2026-09-19T21:31:00+00:00,2026-09-20 02:31:00,87.9,1010.6,72
11.2,16.4,31.5,1016.8,295.2,45.9,5.7,2.5,0.6,447.1,150.9,22.2,7.2,20.6,26.4,24.25,False,4095,0.0,6.8,0.0,EXT-OPEN-METEO-KHI,KARACHI,OPENSOURCE_API_GRID,1293,,,,0.95,True,True,TIER2_OPENSOURCE_PURE;CONTINUOUS_MINUTE_STREAM;VERIFIED_MODEL_GRID,91365bb5e99549d82b072938875d942caeeed542c666dc585b23ff60bf6efef1,2026-09-19T21:32:00+00:00,2026-09-20 02:32:00,88.0,1010.6,72
11.2,16.4,31.5,1016.8,295.2,45.9,5.7,2.5,0.6,447.2,150.8,22.1,7.2,20.6,26.4,24.25,False,4095,0.0,6.7,0.0,EXT-OPEN-METEO-KHI,KARACHI,OPENSOURCE_API_GRID,1294,,,,0.95,True,True,TIER2_OPENSOURCE_PURE;CONTINUOUS_MINUTE_STREAM;VERIFIED_MODEL_GRID,9ea164bfc98fe28a98f6f9333f60a6e6e30f9c2520d469c432282e100592eb04,2026-09-19T21:33:00+00:00,2026-09-20 02:33:00,88.0,1010.5,72
11.2,16.4,31.4,1016.8,295.2,45.9,5.7,2.5,0.6,447.2,150.8,22.0,7.2,20.6,26.4,24.27,False,4095,0.0,6.6,0.0,EXT-OPEN-METEO-KHI,KARACHI,OPENSOURCE_API_GRID,1295,,,,0.95,True,True,TIER2_OPENSOURCE_PURE;CONTINUOUS_MINUTE_STREAM;VERIFIED_MODEL_GRID,487470d017f2620e60590f68ac15b7b36d5014db5747c25053f907fcd17aa471,2026-09-19T21:34:00+00:00,2026-09-20 02:34:00,88.1,1010.5,72
11.2,16.4,31.4,1016.8,295.2,45.9,5.7,2.5,0.6,447.3,150.7,21.9,7.2,20.6,26.4,24.29,False,4095,0.0,6.5,0.0,EXT-OPEN-METEO-KHI,KARACHI,OPENSOURCE_API_GRID,1296,,,,0.95,True,True,TIER2_OPENSOURCE_PURE;CONTINUOUS_MINUTE_STREAM;VERIFIED_MODEL_GRID,3e4cf2ae807e13a812a609d8c5cb098f3e7b26c266a20cb0aa9692db8c7960aa,2026-09-19T21:35:00+00:00,2026-09-20 02:35:00,88.2,1010.5,72
11.2,16.4,31.4,1016.8,295.2,45.9,5.7,2.5,0.6,447.3,150.7,21.9,7.2,20.7,26.4,24.29,False,4095,0.0,6.4,0.0,EXT-OPEN-METEO-KHI,KARACHI,OPENSOURCE_API_GRID,1297,,,,0.95,True,True,TIER2_OPENSOURCE_PURE;CONTINUOUS_MINUTE_STREAM;VERIFIED_MODEL_GRID,f7b25610a33b5fac8a687611f2bd1dcc3ca64917cb849c3dc3201608beb8b66e,2026-09-19T21:36:00+00:00,2026-09-20 02:36:00,88.2,1010.5,72
11.2,16.4,31.5,1016.8,295.2,45.9,5.7,2.5,0.6,447.4,150.6,21.8,7.2,20.7,26.4,24.31,False,4095,0.0,6.3,0.0,EXT-OPEN-METEO-KHI,KARACHI,OPENSOURCE_API_GRID,1298,,,,0.95,True,True,TIER2_OPENSOURCE_PURE;CONTINUOUS_MINUTE_STREAM;VERIFIED_MODEL_GRID,1d945ee652ec836eb95f4901b4a0d00ba123065832ac54b59ac771a53f760a1d,2026-09-19T21:37:00+00:00,2026-09-20 02:37:00,88.3,1010.5,72
11.2,16.4,31.5,1016.8,295.2,45.9,5.7,2.5,0.6,447.4,150.6,21.7,7.2,20.7,26.4,24.33,False,4095,0.0,6.2,0.0,EXT-OPEN-METEO-KHI,KARACHI,OPENSOURCE_API_GRID,1299,,,,0.95,True,True,TIER2_OPENSOURCE_PURE;CONTINUOUS_MINUTE_STREAM;VERIFIED_MODEL_GRID,026d2503c828d9b43744f70086e8cf6215c466e7153f62b1e071a9813216141c,2026-09-19T21:38:00+00:00,2026-09-20 02:38:00,88.4,1010.5,72
11.2,16.5,31.5,1023.0,297.0,46.2,5.8,2.5,0.6,447.5,150.5,21.6,7.2,20.7,26.4,24.33,False,4095,0.0,6.1,0.0,EXT-OPEN-METEO-KHI,KARACHI,OPENSOURCE_API_GRID,1300,,,,0.95,True,True,TIER2_OPENSOURCE_PURE;CONTINUOUS_MINUTE_STREAM;VERIFIED_MODEL_GRID,80aa4e707116736abfb707cfc9494fef4ff4b6f3df50dd691f82db3211e0c236,2026-09-19T21:39:00+00:00,2026-09-20 02:39:00,88.4,1010.5,72
11.2,16.5,31.6,1023.0,297.0,46.2,5.8,2.5,0.6,447.5,150.5,21.6,7.2,20.8,26.4,24.35,False,4095,0.0,6.0,0.0,EXT-OPEN-METEO-KHI,KARACHI,OPENSOURCE_API_GRID,1301,,,,0.95,True,True,TIER2_OPENSOURCE_PURE;CONTINUOUS_MINUTE_STREAM;VERIFIED_MODEL_GRID,fa3b768bea325860c6d57243570401f2c8e3282d56ec3c3644dcb4444ae08255,2026-09-19T21:40:00+00:00,2026-09-20 02:40:00,88.5,1010.5,72
11.2,16.5,31.6,1023.0,297.0,46.2,5.8,2.5,0.6,447.5,150.5,21.5,7.1,20.8,26.4,24.36,False,4095,0.0,5.9,0.0,EXT-OPEN-METEO-KHI,KARACHI,OPENSOURCE_API_GRID,1302,,,,0.95,True,True,TIER2_OPENSOURCE_PURE;CONTINUOUS_MINUTE_STREAM;VERIFIED_MODEL_GRID,00d4720b95f9fd84b10ae02cfb6a273e5b84be28ec86960a5cbd8c5c15830a06,2026-09-19T21:41:00+00:00,2026-09-20 02:41:00,88.6,1010.5,72
11.2,16.4,31.5,1016.8,295.2,45.9,5.7,2.5,0.6,447.6,150.4,21.4,7.1,20.8,26.4,24.38,False,4095,0.0,5.8,0.0,EXT-OPEN-METEO-KHI,KARACHI,OPENSOURCE_API_GRID,1303,,,,0.95,True,True,TIER2_OPENSOURCE_PURE;CONTINUOUS_MINUTE_STREAM;VERIFIED_MODEL_GRID,55be99e578c9d6ce237a08d6363e8ccc63496a4ae171ea5b4eb69dd02c368159,2026-09-19T21:42:00+00:00,2026-09-20 02:42:00,88.7,1010.5,72
11.2,16.4,31.5,1016.8,295.2,45.9,5.7,2.5,0.6,447.6,150.4,21.4,7.1,20.8,26.4,24.4,False,4095,0.0,5.7,0.0,EXT-OPEN-METEO-KHI,KARACHI,OPENSOURCE_API_GRID,1304,,,,0.95,True,True,TIER2_OPENSOURCE_PURE;CONTINUOUS_MINUTE_STREAM;VERIFIED_MODEL_GRID,d25485c5e231d5e415afe80b98c029d17dd78cba625ab337b61da05bf472566b,2026-09-19T21:43:00+00:00,2026-09-20 02:43:00,88.8,1010.5,72
11.2,16.5,31.5,1023.0,297.0,46.2,5.8,2.5,0.6,447.7,150.3,21.3,7.1,20.8,26.5,24.5,False,4095,0.0,5.7,0.0,EXT-OPEN-METEO-KHI,KARACHI,OPENSOURCE_API_GRID,1305,,,,0.95,True,True,TIER2_OPENSOURCE_PURE;CONTINUOUS_MINUTE_STREAM;VERIFIED_MODEL_GRID,dbf9ed202066f80869d63fef5a3e4530923150d847e711184038f3212471ba79,2026-09-19T21:44:00+00:00,2026-09-20 02:44:00,88.8,1010.5,72
11.2,16.5,31.6,1023.0,297.0,46.2,5.8,2.5,0.6,447.7,150.3,21.3,7.1,20.9,26.5,24.5,False,4095,0.0,5.6,0.0,EXT-OPEN-METEO-KHI,KARACHI,OPENSOURCE_API_GRID,1306,,,,0.95,True,True,TIER2_OPENSOURCE_PURE;CONTINUOUS_MINUTE_STREAM;VERIFIED_MODEL_GRID,524795bec3577494f5db1b70e5d8821a84c92b5422d4a60e050c24ee32afeac0,2026-09-19T21:45:00+00:00,2026-09-20 02:45:00,88.8,1010.5,72
11.2,16.5,31.6,1023.0,297.0,46.2,5.8,2.5,0.6,447.7,150.3,21.2,7.1,20.9,26.5,24.52,False,4095,0.0,5.5,0.0,EXT-OPEN-METEO-KHI,KARACHI,OPENSOURCE_API_GRID,1307,,,,0.95,True,True,TIER2_OPENSOURCE_PURE;CONTINUOUS_MINUTE_STREAM;VERIFIED_MODEL_GRID,ef872d0b19ade902d3a1d30a8c3d708bfeddae7c8d27f6719384dc78f92715b9,2026-09-19T21:46:00+00:00,2026-09-20 02:46:00,88.9,1010.5,72
11.2,16.5,31.6,1023.0,297.0,46.2,5.8,2.5,0.6,447.8,150.2,21.1,7.1,20.9,26.5,24.52,False,4095,0.0,5.4,0.0,EXT-OPEN-METEO-KHI,KARACHI,OPENSOURCE_API_GRID,1308,,,,0.95,True,True,TIER2_OPENSOURCE_PURE;CONTINUOUS_MINUTE_STREAM;VERIFIED_MODEL_GRID,87699f0b8427e5ea9b2eae6b0bec2534fdc8039f7f2ef126627ad5b1484d746c,2026-09-19T21:47:00+00:00,2026-09-20 02:47:00,88.9,1010.5,72
11.2,16.5,31.6,1023.0,297.0,46.2,5.8,2.5,0.6,447.8,150.2,21.1,7.1,20.9,26.5,24.52,False,4095,0.0,5.4,0.0,EXT-OPEN-METEO-KHI,KARACHI,OPENSOURCE_API_GRID,1309,,,,0.95,True,True,TIER2_OPENSOURCE_PURE;CONTINUOUS_MINUTE_STREAM;VERIFIED_MODEL_GRID,68473aedd044505f93ac341ef4070d117ae8876584fb87bb67458f34760693f6,2026-09-19T21:48:00+00:00,2026-09-20 02:48:00,88.9,1010.5,72
11.2,16.5,31.6,1023.0,297.0,46.2,5.8,2.5,0.6,447.8,150.2,21.1,7.1,20.9,26.5,24.52,False,4095,0.0,5.3,0.0,EXT-OPEN-METEO-KHI,KARACHI,OPENSOURCE_API_GRID,1310,,,,0.95,True,True,TIER2_OPENSOURCE_PURE;CONTINUOUS_MINUTE_STREAM;VERIFIED_MODEL_GRID,476efbc5f5d6732b4c4e9367ab114e3527274ee0d2ec4d1ec0fff1248f55e0e7,2026-09-19T21:49:00+00:00,2026-09-20 02:49:00,88.9,1010.5,72
11.2,16.5,31.6,1023.0,297.0,46.2,5.8,2.5,0.6,447.9,150.1,21.0,7.1,20.9,26.5,24.52,False,4095,0.0,5.3,0.0,EXT-OPEN-METEO-KHI,KARACHI,OPENSOURCE_API_GRID,1311,,,,0.95,True,True,TIER2_OPENSOURCE_PURE;CONTINUOUS_MINUTE_STREAM;VERIFIED_MODEL_GRID,d5ebf848dbc184f1643759f6a7db16832bd1222aff8b026f0150f3cd8d8410af,2026-09-19T21:50:00+00:00,2026-09-20 02:50:00,88.9,1010.5,72
11.2,16.4,31.5,1016.8,295.2,45.9,5.7,2.5,0.6,447.9,150.1,21.0,7.1,20.9,26.5,24.52,False,4095,0.0,5.2,0.0,EXT-OPEN-METEO-KHI,KARACHI,OPENSOURCE_API_GRID,1312,,,,0.95,True,True,TIER2_OPENSOURCE_PURE;CONTINUOUS_MINUTE_STREAM;VERIFIED_MODEL_GRID,470fbe73fb51b6ece42362a69a254458c2c6037de201ad0f149fb0b3d74658cc,2026-09-19T21:51:00+00:00,2026-09-20 02:51:00,88.9,1010.5,72
11.2,16.4,31.5,1016.8,295.2,45.9,5.7,2.5,0.6,447.9,150.1,20.9,7.1,21.0,26.5,24.52,False,4095,0.0,5.2,0.0,EXT-OPEN-METEO-KHI,KARACHI,OPENSOURCE_API_GRID,1313,,,,0.95,True,True,TIER2_OPENSOURCE_PURE;CONTINUOUS_MINUTE_STREAM;VERIFIED_MODEL_GRID,ac263837aae9fe520c77ce22fa42ca49d9191def7fd8a873417cf4f5825b1016,2026-09-19T21:52:00+00:00,2026-09-20 02:52:00,88.9,1010.5,72
11.2,16.4,31.4,1016.8,295.2,45.9,5.7,2.5,0.6,447.9,150.1,20.9,7.1,21.0,26.4,24.42,False,4095,0.0,5.1,0.0,EXT-OPEN-METEO-KHI,KARACHI,OPENSOURCE_API_GRID,1314,,,,0.95,True,True,TIER2_OPENSOURCE_PURE;CONTINUOUS_MINUTE_STREAM;VERIFIED_MODEL_GRID,7f21400b402b5bfa250534aa9dec8d14167f6e7d877bbedb41ee0e2ca20e8a6b,2026-09-19T21:53:00+00:00,2026-09-20 02:53:00,88.9,1010.5,72
11.1,16.3,31.4,1010.6,293.4,45.6,5.7,2.5,0.6,448.0,150.0,20.9,7.1,21.0,26.4,24.42,False,4095,0.0,5.1,0.0,EXT-OPEN-METEO-KHI,KARACHI,OPENSOURCE_API_GRID,1315,,,,0.95,True,True,TIER2_OPENSOURCE_PURE;CONTINUOUS_MINUTE_STREAM;VERIFIED_MODEL_GRID,377cfb614f02c016b81ffb692e922057b68a3ee91a7d831249740af032c0fcf6,2026-09-19T21:54:00+00:00,2026-09-20 02:54:00,88.9,1010.5,72
11.1,16.3,31.3,1010.6,293.4,45.6,5.7,2.5,0.6,448.0,150.0,20.9,7.1,21.0,26.4,24.42,False,4095,0.0,5.1,0.0,EXT-OPEN-METEO-KHI,KARACHI,OPENSOURCE_API_GRID,1316,,,,0.95,True,True,TIER2_OPENSOURCE_PURE;CONTINUOUS_MINUTE_STREAM;VERIFIED_MODEL_GRID,911f87ae4fdfebc5ced9569d5b57c666e8d7959b61e0ae2ffd25d85576224324,2026-09-19T21:55:00+00:00,2026-09-20 02:55:00,88.9,1010.5,72
11.0,16.2,31.2,1004.4,291.6,45.4,5.7,2.5,0.6,448.0,150.0,20.8,7.1,21.0,26.4,24.42,False,4095,0.0,5.0,0.0,EXT-OPEN-METEO-KHI,KARACHI,OPENSOURCE_API_GRID,1317,,,,0.95,True,True,TIER2_OPENSOURCE_PURE;CONTINUOUS_MINUTE_STREAM;VERIFIED_MODEL_GRID,1a5836a2800752789b51959cb3c0ba9ee5694b444f5d3f662af715f4c9c17e3a,2026-09-19T21:56:00+00:00,2026-09-20 02:56:00,88.9,1010.5,72
11.0,16.2,31.2,1004.4,291.6,45.4,5.7,2.5,0.6,448.0,150.0,20.8,7.1,21.0,26.4,24.42,False,4095,0.0,5.0,0.0,EXT-OPEN-METEO-KHI,KARACHI,OPENSOURCE_API_GRID,1318,,,,0.95,True,True,TIER2_OPENSOURCE_PURE;CONTINUOUS_MINUTE_STREAM;VERIFIED_MODEL_GRID,d5caa084621c17056c1a5ffdb1c6c75bd7c2c9aded503ccd39d48f7db933abb1,2026-09-19T21:57:00+00:00,2026-09-20 02:57:00,88.9,1010.5,72
10.9,16.1,31.1,998.2,289.8,45.1,5.6,2.5,0.6,448.0,150.0,20.8,7.1,21.0,26.4,24.42,False,4095,0.0,5.0,0.0,EXT-OPEN-METEO-KHI,KARACHI,OPENSOURCE_API_GRID,1319,,,,0.95,True,True,TIER2_OPENSOURCE_PURE;CONTINUOUS_MINUTE_STREAM;VERIFIED_MODEL_GRID,e46a5e0e96e37a62aa61c78e351d7cd3d8a2d2df15ce11bd153c60fc72497d23,2026-09-19T21:58:00+00:00,2026-09-20 02:58:00,88.9,1010.5,72
10.9,16.1,31.0,998.2,289.8,45.1,5.6,2.5,0.6,448.0,150.0,20.8,7.1,21.0,26.4,24.42,False,4095,0.0,5.0,0.0,EXT-OPEN-METEO-KHI,KARACHI,OPENSOURCE_API_GRID,1320,,,,0.95,True,True,TIER2_OPENSOURCE_PURE;CONTINUOUS_MINUTE_STREAM;VERIFIED_MODEL_GRID,6b6a8a03737de71a9efbed0653f1b2ae26b03fde0cce4cb1b6685f934c972a7c,2026-09-19T21:59:00+00:00,2026-09-20 02:59:00,88.9,1010.5,72
10.9,16.0,31.0,992.0,288.0,44.8,5.6,2.5,0.6,448.0,150.0,20.8,7.1,21.0,26.4,24.42,False,4095,0.0,5.0,0.0,EXT-OPEN-METEO-KHI,KARACHI,OPENSOURCE_API_GRID,1321,,,,0.95,True,False,TIER2_OPENSOURCE_PURE;HOURLY_NODE;VERIFIED_MODEL_GRID,6b74c312d75561e20e19a7e19e270fa33f657480b5331967e39bb115e519c50f,2026-09-19T22:00:00+00:00,2026-09-20 03:00:00,88.9,1010.5,72
10.9,16.0,30.9,992.0,288.0,44.8,5.6,2.5,0.6,448.0,150.0,20.8,7.1,21.0,26.4,24.42,False,4095,0.0,5.0,0.0,EXT-OPEN-METEO-KHI,KARACHI,OPENSOURCE_API_GRID,1322,,,,0.95,True,True,TIER2_OPENSOURCE_PURE;CONTINUOUS_MINUTE_STREAM;VERIFIED_MODEL_GRID,e152ee1c8164ed23aeeaa0da6641b1028fb55222c8ff5a6404ebf3b2b1c113b1,2026-09-19T22:01:00+00:00,2026-09-20 03:01:00,88.9,1010.5,72
10.9,16.0,30.9,992.0,288.0,44.8,5.6,2.5,0.6,448.0,150.0,20.8,7.1,21.0,26.4,24.42,False,4095,0.0,5.0,0.0,EXT-OPEN-METEO-KHI,KARACHI,OPENSOURCE_API_GRID,1323,,,,0.95,True,True,TIER2_OPENSOURCE_PURE;CONTINUOUS_MINUTE_STREAM;VERIFIED_MODEL_GRID,e36788ef0520c1305cdf1a6455b7c20cec5983b1ed829833bc4425a5c5a1183b,2026-09-19T22:02:00+00:00,2026-09-20 03:02:00,88.9,1010.5,72
10.9,16.0,30.9,992.0,288.0,44.8,5.6,2.5,0.6,448.0,150.1,20.8,7.1,21.0,26.4,24.42,False,4095,0.0,5.0,0.0,EXT-OPEN-METEO-KHI,KARACHI,OPENSOURCE_API_GRID,1324,,,,0.95,True,True,TIER2_OPENSOURCE_PURE;CONTINUOUS_MINUTE_STREAM;VERIFIED_MODEL_GRID,ca54a41fcf3b52adb737c49117029353028a14a2aa48db04598b3fd915ed9b4d,2026-09-19T22:03:00+00:00,2026-09-20 03:03:00,88.9,1010.5,72
10.9,16.0,30.9,992.0,288.0,44.8,5.6,2.5,0.6,448.0,150.2,20.8,7.1,21.0,26.4,24.42,False,4095,0.0,5.0,0.0,EXT-OPEN-METEO-KHI,KARACHI,OPENSOURCE_API_GRID,1325,,,,0.95,True,True,TIER2_OPENSOURCE_PURE;CONTINUOUS_MINUTE_STREAM;VERIFIED_MODEL_GRID,9d601fcba53102d9c582f22f02021a376a16c97473b0bbda68ddd367d4f1949d,2026-09-19T22:04:00+00:00,2026-09-20 03:04:00,88.9,1010.5,72
10.9,16.0,30.9,992.0,288.0,44.8,5.6,2.5,0.6,448.0,150.2,20.8,7.1,21.0,26.3,24.32,False,4095,0.0,4.9,0.0,EXT-OPEN-METEO-KHI,KARACHI,OPENSOURCE_API_GRID,1326,,,,0.95,True,True,TIER2_OPENSOURCE_PURE;CONTINUOUS_MINUTE_STREAM;VERIFIED_MODEL_GRID,068e72c11441b5c5d80f6f9f4dfe2d6a8c88c2c78df3489d07237d23bf1f95dd,2026-09-19T22:05:00+00:00,2026-09-20 03:05:00,88.9,1010.5,72
10.9,16.0,30.9,992.0,288.0,44.8,5.6,2.5,0.6,448.0,150.3,20.7,7.1,21.0,26.3,24.32,False,4095,0.0,4.9,0.0,EXT-OPEN-METEO-KHI,KARACHI,OPENSOURCE_API_GRID,1327,,,,0.95,True,True,TIER2_OPENSOURCE_PURE;CONTINUOUS_MINUTE_STREAM;VERIFIED_MODEL_GRID,dbd04f203ed197fe546f46b9bd594059ebf524c5c6102ec1aaec3cda766b5119,2026-09-19T22:06:00+00:00,2026-09-20 03:06:00,88.9,1010.5,72
10.9,16.0,31.0,992.0,288.0,44.8,5.6,2.5,0.6,448.1,150.5,20.7,7.1,21.0,26.3,24.34,False,4095,0.0,4.9,0.0,EXT-OPEN-METEO-KHI,KARACHI,OPENSOURCE_API_GRID,1328,,,,0.95,True,True,TIER2_OPENSOURCE_PURE;CONTINUOUS_MINUTE_STREAM;VERIFIED_MODEL_GRID,ea4dc547303b28a31eae7d73d47d929f4f10b724c2a8e5a6308d4a142a3a295d,2026-09-19T22:07:00+00:00,2026-09-20 03:07:00,89.0,1010.5,72
10.9,16.1,31.0,998.2,289.8,45.1,5.6,2.5,0.6,448.1,150.6,20.7,7.1,21.0,26.3,24.34,False,4095,0.0,4.9,0.0,EXT-OPEN-METEO-KHI,KARACHI,OPENSOURCE_API_GRID,1329,,,,0.95,True,True,TIER2_OPENSOURCE_PURE;CONTINUOUS_MINUTE_STREAM;VERIFIED_MODEL_GRID,0d9b990db9acffb0991b815dbd29d73496cf3b2e31e1ee711dd13dce2c0397b8,2026-09-19T22:08:00+00:00,2026-09-20 03:08:00,89.0,1010.5,72
10.9,16.1,31.1,998.2,289.8,45.1,5.6,2.5,0.6,448.1,150.8,20.6,7.1,21.1,26.4,24.44,False,4095,0.0,4.8,0.0,EXT-OPEN-METEO-KHI,KARACHI,OPENSOURCE_API_GRID,1330,,,,0.95,True,True,TIER2_OPENSOURCE_PURE;CONTINUOUS_MINUTE_STREAM;VERIFIED_MODEL_GRID,bee219d1ac79b4b0e158619d0bfe82b602ee7b70a6f83956d920fe00599fd1fa,2026-09-19T22:09:00+00:00,2026-09-20 03:09:00,89.0,1010.5,72
10.9,16.1,31.1,998.2,289.8,45.1,5.6,2.5,0.6,448.1,150.9,20.6,7.1,21.1,26.4,24.46,False,4095,0.0,4.8,0.0,EXT-OPEN-METEO-KHI,KARACHI,OPENSOURCE_API_GRID,1331,,,,0.95,True,True,TIER2_OPENSOURCE_PURE;CONTINUOUS_MINUTE_STREAM;VERIFIED_MODEL_GRID,688ba094c0096c90854e0e258b442b8e6db148529281a711b112531f68b2ffee,2026-09-19T22:10:00+00:00,2026-09-20 03:10:00,89.1,1010.5,72
11.0,16.2,31.2,1004.4,291.6,45.4,5.7,2.5,0.6,448.2,151.1,20.6,7.1,21.1,26.4,24.46,False,4095,0.0,4.8,0.0,EXT-OPEN-METEO-KHI,KARACHI,OPENSOURCE_API_GRID,1332,,,,0.95,True,True,TIER2_OPENSOURCE_PURE;CONTINUOUS_MINUTE_STREAM;VERIFIED_MODEL_GRID,acc2b8c8260bdfc0573ea527f40f272f3b4ee3ffb0737be7a9a0a650d28e5ae0,2026-09-19T22:11:00+00:00,2026-09-20 03:11:00,89.1,1010.5,72
11.0,16.2,31.3,1004.4,291.6,45.4,5.7,2.5,0.6,448.2,151.3,20.5,7.1,21.1,26.4,24.46,False,4095,0.0,4.7,0.0,EXT-OPEN-METEO-KHI,KARACHI,OPENSOURCE_API_GRID,1333,,,,0.95,True,True,TIER2_OPENSOURCE_PURE;CONTINUOUS_MINUTE_STREAM;VERIFIED_MODEL_GRID,1d0d06baa50aa6a33fdbd7368f7a0f91b96f9900a7d639163d8175291acb120a,2026-09-19T22:12:00+00:00,2026-09-20 03:12:00,89.1,1010.5,72
10.9,16.1,31.1,998.2,289.8,45.1,5.6,2.5,0.6,448.2,151.6,20.5,7.1,21.1,26.4,24.5,False,4095,0.0,4.7,0.0,EXT-OPEN-METEO-KHI,KARACHI,OPENSOURCE_API_GRID,1334,,,,0.95,True,True,TIER2_OPENSOURCE_PURE;CONTINUOUS_MINUTE_STREAM;VERIFIED_MODEL_GRID,d4e200df11ba0d15684679bbd6a446f4946d241cbb5e90ed49c6559f4b49183a,2026-09-19T22:13:00+00:00,2026-09-20 03:13:00,89.3,1010.5,72
10.9,16.1,31.2,998.2,289.8,45.1,5.6,2.5,0.6,448.3,151.8,20.4,7.1,21.1,26.4,24.5,False,4095,0.0,4.6,0.0,EXT-OPEN-METEO-KHI,KARACHI,OPENSOURCE_API_GRID,1335,,,,0.95,True,True,TIER2_OPENSOURCE_PURE;CONTINUOUS_MINUTE_STREAM;VERIFIED_MODEL_GRID,e2787b0587f4bde77e623ded8d5ae346d9c77819ba10f96bd11b12a4a6a4815e,2026-09-19T22:14:00+00:00,2026-09-20 03:14:00,89.3,1010.5,72
11.0,16.2,31.2,1004.4,291.6,45.4,5.7,2.5,0.6,448.3,152.1,20.4,7.1,21.1,26.4,24.5,False,4095,0.0,4.6,0.0,EXT-OPEN-METEO-KHI,KARACHI,OPENSOURCE_API_GRID,1336,,,,0.95,True,True,TIER2_OPENSOURCE_PURE;CONTINUOUS_MINUTE_STREAM;VERIFIED_MODEL_GRID,823361ad205475e98d61b8c7c3dad419ea3e0b5e4dc862236e1513b421fccaa4,2026-09-19T22:15:00+00:00,2026-09-20 03:15:00,89.3,1010.5,72
11.0,16.2,31.3,1004.4,291.6,45.4,5.7,2.5,0.6,448.3,152.3,20.3,7.1,21.2,26.4,24.5,False,4095,0.0,4.5,0.0,EXT-OPEN-METEO-KHI,KARACHI,OPENSOURCE_API_GRID,1337,,,,0.95,True,True,TIER2_OPENSOURCE_PURE;CONTINUOUS_MINUTE_STREAM;VERIFIED_MODEL_GRID,ee5de60b11e0c0e35a56e0bc873dd8adf3311ebbaf5f4230ce057b99b19a16cb,2026-09-19T22:16:00+00:00,2026-09-20 03:16:00,89.3,1010.5,72
11.0,16.2,31.3,1004.4,291.6,45.4,5.7,2.5,0.6,448.4,152.6,20.3,7.1,21.2,26.4,24.5,False,4095,0.0,4.4,0.0,EXT-OPEN-METEO-KHI,KARACHI,OPENSOURCE_API_GRID,1338,,,,0.95,True,True,TIER2_OPENSOURCE_PURE;CONTINUOUS_MINUTE_STREAM;VERIFIED_MODEL_GRID,cc1a7f5393c9c9b75a36eb43dfb755c6216b8f0add81d2cc3faaba7d3affc912,2026-09-19T22:17:00+00:00,2026-09-20 03:17:00,89.3,1010.5,72
11.0,16.2,31.3,1004.4,291.6,45.4,5.7,2.5,0.6,448.4,152.9,20.2,7.1,21.2,26.4,24.5,False,4095,0.0,4.4,0.0,EXT-OPEN-METEO-KHI,KARACHI,OPENSOURCE_API_GRID,1339,,,,0.95,True,True,TIER2_OPENSOURCE_PURE;CONTINUOUS_MINUTE_STREAM;VERIFIED_MODEL_GRID,6c8d7e285e5d74dc28b3a5cf56da402a751884b1a8a7af08f4771a82a986d897,2026-09-19T22:18:00+00:00,2026-09-20 03:18:00,89.3,1010.5,72
11.0,16.2,31.4,1004.4,291.6,45.4,5.7,2.5,0.6,448.5,153.2,20.2,7.1,21.2,26.4,24.5,False,4095,0.0,4.3,0.0,EXT-OPEN-METEO-KHI,KARACHI,OPENSOURCE_API_GRID,1340,,,,0.95,True,True,TIER2_OPENSOURCE_PURE;CONTINUOUS_MINUTE_STREAM;VERIFIED_MODEL_GRID,fbd92fa142fe378baa2a1e4dacb3c6ed9c95a804f26196214fbf0f2bc8503a67,2026-09-19T22:19:00+00:00,2026-09-20 03:19:00,89.3,1010.5,72
11.0,16.2,31.3,1004.4,291.6,45.4,5.7,2.5,0.6,448.5,153.5,20.1,7.1,21.2,26.4,24.5,False,4095,0.0,4.2,0.0,EXT-OPEN-METEO-KHI,KARACHI,OPENSOURCE_API_GRID,1341,,,,0.95,True,True,TIER2_OPENSOURCE_PURE;CONTINUOUS_MINUTE_STREAM;VERIFIED_MODEL_GRID,4a7dfc43c42e9f5bb54d8c9e2edc3eac766a74e0b66a383d0a77ef502548755c,2026-09-19T22:20:00+00:00,2026-09-20 03:20:00,89.3,1010.5,72
11.0,16.2,31.3,1004.4,291.6,45.4,5.7,2.5,0.6,448.5,153.8,20.0,7.1,21.3,26.4,24.5,False,4095,0.0,4.2,0.0,EXT-OPEN-METEO-KHI,KARACHI,OPENSOURCE_API_GRID,1342,,,,0.95,True,True,TIER2_OPENSOURCE_PURE;CONTINUOUS_MINUTE_STREAM;VERIFIED_MODEL_GRID,36da7276bba7338b889dcd2909ef798f24cd387420e9efc08b81f9b5ca7ff285,2026-09-19T22:21:00+00:00,2026-09-20 03:21:00,89.3,1010.5,72
10.9,16.1,31.3,998.2,289.8,45.1,5.6,2.5,0.6,448.6,154.2,20.0,7.1,21.3,26.4,24.5,False,4095,0.0,4.1,0.0,EXT-OPEN-METEO-KHI,KARACHI,OPENSOURCE_API_GRID,1343,,,,0.95,True,True,TIER2_OPENSOURCE_PURE;CONTINUOUS_MINUTE_STREAM;VERIFIED_MODEL_GRID,6b6e90e92c4368f007b0f39d965e3c7d0c4562be2fe0ee914663c6ab1c046c7e,2026-09-19T22:22:00+00:00,2026-09-20 03:22:00,89.3,1010.5,72
10.9,16.1,31.2,998.2,289.8,45.1,5.6,2.5,0.6,448.6,154.5,19.9,7.1,21.3,26.4,24.5,False,4095,0.0,4.0,0.0,EXT-OPEN-METEO-KHI,KARACHI,OPENSOURCE_API_GRID,1344,,,,0.95,True,True,TIER2_OPENSOURCE_PURE;CONTINUOUS_MINUTE_STREAM;VERIFIED_MODEL_GRID,95d6f3c89158c327de1aa23071aacaea04d8e564c13a4fce88598bb6333d526c,2026-09-19T22:23:00+00:00,2026-09-20 03:23:00,89.3,1010.6,72
10.9,16.1,31.2,998.2,289.8,45.1,5.6,2.5,0.6,448.7,154.8,19.8,7.1,21.3,26.4,24.5,False,4095,0.0,4.0,0.0,EXT-OPEN-METEO-KHI,KARACHI,OPENSOURCE_API_GRID,1345,,,,0.95,True,True,TIER2_OPENSOURCE_PURE;CONTINUOUS_MINUTE_STREAM;VERIFIED_MODEL_GRID,de50154289ce2c35993d8b7f39c0fed871dc880d758e530ab161fe3cfa9959e9,2026-09-19T22:24:00+00:00,2026-09-20 03:24:00,89.3,1010.6,72
10.9,16.0,31.1,992.0,288.0,44.8,5.6,2.5,0.6,448.7,155.2,19.8,7.1,21.4,26.4,24.5,False,4095,0.0,3.9,0.0,EXT-OPEN-METEO-KHI,KARACHI,OPENSOURCE_API_GRID,1346,,,,0.95,True,True,TIER2_OPENSOURCE_PURE;CONTINUOUS_MINUTE_STREAM;VERIFIED_MODEL_GRID,55aa45900597af68a25c0896b8f74b6cb1522c07ddbd0c1c5823e632be966d70,2026-09-19T22:25:00+00:00,2026-09-20 03:25:00,89.3,1010.6,72
10.8,15.9,31.0,985.8,286.2,44.5,5.6,2.5,0.6,448.8,155.5,19.7,7.1,21.4,26.3,24.4,False,4095,0.0,3.8,0.0,EXT-OPEN-METEO-KHI,KARACHI,OPENSOURCE_API_GRID,1347,,,,0.95,True,True,TIER2_OPENSOURCE_PURE;CONTINUOUS_MINUTE_STREAM;VERIFIED_MODEL_GRID,bf48a801d10828c3723fc419c73ed52d51d1c83086d06f8eb732b39ef7729d89,2026-09-19T22:26:00+00:00,2026-09-20 03:26:00,89.3,1010.6,72
10.8,15.9,31.0,985.8,286.2,44.5,5.6,2.5,0.6,448.8,155.9,19.6,7.1,21.4,26.3,24.4,False,4095,0.0,3.7,0.0,EXT-OPEN-METEO-KHI,KARACHI,OPENSOURCE_API_GRID,1348,,,,0.95,True,True,TIER2_OPENSOURCE_PURE;CONTINUOUS_MINUTE_STREAM;VERIFIED_MODEL_GRID,e23d7356ff19d1c1ced6d49f35cfc3bec29a83160ef77bce22a3177e37904a35,2026-09-19T22:27:00+00:00,2026-09-20 03:27:00,89.3,1010.6,72
10.7,15.8,30.9,979.6,284.4,44.2,5.5,2.5,0.6,448.9,156.3,19.5,7.1,21.4,26.3,24.4,False,4095,0.0,3.7,0.0,EXT-OPEN-METEO-KHI,KARACHI,OPENSOURCE_API_GRID,1349,,,,0.95,True,True,TIER2_OPENSOURCE_PURE;CONTINUOUS_MINUTE_STREAM;VERIFIED_MODEL_GRID,ff2994100ce12cc0abe277038fa6128ec634fe55da1059f15467886d319c3f3c,2026-09-19T22:28:00+00:00,2026-09-20 03:28:00,89.3,1010.6,72
10.7,15.7,30.8,973.4,282.6,44.0,5.5,2.5,0.6,448.9,156.6,19.5,7.1,21.5,26.3,24.4,False,4095,0.0,3.6,0.0,EXT-OPEN-METEO-KHI,KARACHI,OPENSOURCE_API_GRID,1350,,,,0.95,True,True,TIER2_OPENSOURCE_PURE;CONTINUOUS_MINUTE_STREAM;VERIFIED_MODEL_GRID,74d88e748835b26df5afeea052cbba439596c3a089984d800c4b04be8044aacb,2026-09-19T22:29:00+00:00,2026-09-20 03:29:00,89.3,1010.6,72
10.7,15.7,30.7,973.4,282.6,44.0,5.5,2.5,0.6,449.0,157.0,19.4,7.0,21.5,26.3,24.42,False,4095,0.0,3.5,0.0,EXT-OPEN-METEO-KHI,KARACHI,OPENSOURCE_API_GRID,1351,,,,0.95,True,True,TIER2_OPENSOURCE_PURE;CONTINUOUS_MINUTE_STREAM;VERIFIED_MODEL_GRID,8b28e549896f181bc02c4061f115db91618b9039e388b60b3f6a686ee7818666,2026-09-19T22:30:00+00:00,2026-09-20 03:30:00,89.4,1010.6,72
10.6,15.6,30.7,967.2,280.8,43.7,5.5,2.5,0.6,449.1,157.4,19.3,7.0,21.5,26.3,24.42,False,4095,0.0,3.4,0.0,EXT-OPEN-METEO-KHI,KARACHI,OPENSOURCE_API_GRID,1352,,,,0.95,True,True,TIER2_OPENSOURCE_PURE;CONTINUOUS_MINUTE_STREAM;VERIFIED_MODEL_GRID,8319e0b3843a1ea229a559c59d3610ff8f37eceb68a62caf341f4a49b9c2142e,2026-09-19T22:31:00+00:00,2026-09-20 03:31:00,89.4,1010.6,72
10.6,15.6,30.6,967.2,280.8,43.7,5.5,2.4,0.6,449.1,157.7,19.3,7.0,21.6,26.3,24.42,False,4095,0.0,3.3,0.0,EXT-OPEN-METEO-KHI,KARACHI,OPENSOURCE_API_GRID,1353,,,,0.95,True,True,TIER2_OPENSOURCE_PURE;CONTINUOUS_MINUTE_STREAM;VERIFIED_MODEL_GRID,e7c87984ce13a0b0416f135ed1bf2e1f17b376fe7b461e29af25f4cfd9e8fbad,2026-09-19T22:32:00+00:00,2026-09-20 03:32:00,89.4,1010.6,72
10.5,15.5,30.6,961.0,279.0,43.4,5.4,2.4,0.6,449.2,158.1,19.2,7.0,21.6,26.2,24.32,False,4095,0.0,3.3,0.0,EXT-OPEN-METEO-KHI,KARACHI,OPENSOURCE_API_GRID,1354,,,,0.95,True,True,TIER2_OPENSOURCE_PURE;CONTINUOUS_MINUTE_STREAM;VERIFIED_MODEL_GRID,8deb128757b53b63e041238e6a603d93d58d218469da27f573dfe3aa5aae447d,2026-09-19T22:33:00+00:00,2026-09-20 03:33:00,89.4,1010.6,72
10.5,15.5,30.5,961.0,279.0,43.4,5.4,2.4,0.6,449.2,158.5,19.1,7.0,21.6,26.2,24.34,False,4095,0.0,3.2,0.0,EXT-OPEN-METEO-KHI,KARACHI,OPENSOURCE_API_GRID,1355,,,,0.95,True,True,TIER2_OPENSOURCE_PURE;CONTINUOUS_MINUTE_STREAM;VERIFIED_MODEL_GRID,7c7f182b2a4b92f1fafad4f8379a346bbb9f7b4f07c3700a6ba15f45fb3f30bc,2026-09-19T22:34:00+00:00,2026-09-20 03:34:00,89.5,1010.6,72
10.5,15.5,30.5,961.0,279.0,43.4,5.4,2.4,0.6,449.3,158.8,19.0,7.0,21.6,26.2,24.34,False,4095,0.0,3.1,0.0,EXT-OPEN-METEO-KHI,KARACHI,OPENSOURCE_API_GRID,1356,,,,0.95,True,True,TIER2_OPENSOURCE_PURE;CONTINUOUS_MINUTE_STREAM;VERIFIED_MODEL_GRID,18654e13aa5035dee31181c4ecb5b4516343f6db4d79192ee25f046b87972dda,2026-09-19T22:35:00+00:00,2026-09-20 03:35:00,89.5,1010.6,72
10.5,15.5,30.5,961.0,279.0,43.4,5.4,2.4,0.6,449.3,159.2,19.0,7.0,21.7,26.2,24.34,False,4095,0.0,3.0,0.0,EXT-OPEN-METEO-KHI,KARACHI,OPENSOURCE_API_GRID,1357,,,,0.95,True,True,TIER2_OPENSOURCE_PURE;CONTINUOUS_MINUTE_STREAM;VERIFIED_MODEL_GRID,b569eadc6a86f9555dbb3f0be99796de233be449b7d2ea33017481eb0c1837e5,2026-09-19T22:36:00+00:00,2026-09-20 03:36:00,89.5,1010.6,72
10.5,15.5,30.5,961.0,279.0,43.4,5.4,2.4,0.6,449.4,159.5,18.9,7.0,21.7,26.2,24.35,False,4095,0.0,3.0,0.0,EXT-OPEN-METEO-KHI,KARACHI,OPENSOURCE_API_GRID,1358,,,,0.95,True,True,TIER2_OPENSOURCE_PURE;CONTINUOUS_MINUTE_STREAM;VERIFIED_MODEL_GRID,f8a891a48ac79f0f07b644c2fdc45dd1d59bd78d484441821317e3d6e1af753e,2026-09-19T22:37:00+00:00,2026-09-20 03:37:00,89.6,1010.6,72
10.5,15.5,30.6,961.0,279.0,43.4,5.4,2.4,0.6,449.4,159.8,18.8,7.0,21.7,26.2,24.35,False,4095,0.0,2.9,0.0,EXT-OPEN-METEO-KHI,KARACHI,OPENSOURCE_API_GRID,1359,,,,0.95,True,True,TIER2_OPENSOURCE_PURE;CONTINUOUS_MINUTE_STREAM;VERIFIED_MODEL_GRID,0ad63b39d921a2dafb1da16c98add1d44810f370b295c09e09063e659d9a5263,2026-09-19T22:38:00+00:00,2026-09-20 03:38:00,89.6,1010.6,72
10.5,15.5,30.6,961.0,279.0,43.4,5.4,2.4,0.6,449.5,160.2,18.8,7.0,21.7,26.2,24.37,False,4095,0.0,2.8,0.0,EXT-OPEN-METEO-KHI,KARACHI,OPENSOURCE_API_GRID,1360,,,,0.95,True,True,TIER2_OPENSOURCE_PURE;CONTINUOUS_MINUTE_STREAM;VERIFIED_MODEL_GRID,c81bb6aaaf03377e9874eb895f3f1e3d5c54eefc838ae7d5b442594872ed9a0f,2026-09-19T22:39:00+00:00,2026-09-20 03:39:00,89.7,1010.6,72
10.5,15.5,30.7,961.0,279.0,43.4,5.4,2.5,0.6,449.5,160.5,18.7,7.0,21.8,26.2,24.37,False,4095,0.0,2.8,0.0,EXT-OPEN-METEO-KHI,KARACHI,OPENSOURCE_API_GRID,1361,,,,0.95,True,True,TIER2_OPENSOURCE_PURE;CONTINUOUS_MINUTE_STREAM;VERIFIED_MODEL_GRID,c0df74e68c8c5d5c4482a905f8de749c1abb2d356b66556b133caf2de148b302,2026-09-19T22:40:00+00:00,2026-09-20 03:40:00,89.7,1010.6,72
10.6,15.6,30.7,967.2,280.8,43.7,5.5,2.5,0.6,449.5,160.8,18.6,7.0,21.8,26.2,24.39,False,4095,0.0,2.7,0.0,EXT-OPEN-METEO-KHI,KARACHI,OPENSOURCE_API_GRID,1362,,,,0.95,True,True,TIER2_OPENSOURCE_PURE;CONTINUOUS_MINUTE_STREAM;VERIFIED_MODEL_GRID,5563b194f6009189a6b712a666b74a9d8b84edf487ea7f2315c5a097b4ce1c90,2026-09-19T22:41:00+00:00,2026-09-20 03:41:00,89.8,1010.6,72
10.6,15.6,30.8,967.2,280.8,43.7,5.5,2.5,0.6,449.6,161.1,18.6,7.0,21.8,26.2,24.39,False,4095,0.0,2.6,0.0,EXT-OPEN-METEO-KHI,KARACHI,OPENSOURCE_API_GRID,1363,,,,0.95,True,True,TIER2_OPENSOURCE_PURE;CONTINUOUS_MINUTE_STREAM;VERIFIED_MODEL_GRID,7a0fd79b189483ec92f539d4de180ba639b04a5f1d395c560ee9c2c89c89ba7e,2026-09-19T22:42:00+00:00,2026-09-20 03:42:00,89.8,1010.6,72
10.6,15.6,30.8,967.2,280.8,43.7,5.5,2.5,0.6,449.6,161.4,18.5,7.0,21.8,26.2,24.41,False,4095,0.0,2.6,0.0,EXT-OPEN-METEO-KHI,KARACHI,OPENSOURCE_API_GRID,1364,,,,0.95,True,True,TIER2_OPENSOURCE_PURE;CONTINUOUS_MINUTE_STREAM;VERIFIED_MODEL_GRID,d2cf9e190fcac5e03d735fdf9b9020908e1755caaac80494515b21a898b6ddbd,2026-09-19T22:43:00+00:00,2026-09-20 03:43:00,89.9,1010.6,72
10.5,15.5,30.7,961.0,279.0,43.4,5.4,2.5,0.6,449.7,161.7,18.5,7.0,21.8,26.2,24.43,False,4095,0.0,2.5,0.0,EXT-OPEN-METEO-KHI,KARACHI,OPENSOURCE_API_GRID,1365,,,,0.95,True,True,TIER2_OPENSOURCE_PURE;CONTINUOUS_MINUTE_STREAM;VERIFIED_MODEL_GRID,7f0c6d471f91dd471849024b2ec844ee30cc93e8e9a44b7c8d543f9170ef8ced,2026-09-19T22:44:00+00:00,2026-09-20 03:44:00,90.0,1010.6,72
10.6,15.6,30.8,967.2,280.8,43.7,5.5,2.5,0.6,449.7,161.9,18.4,7.0,21.9,26.2,24.43,False,4095,0.0,2.4,0.0,EXT-OPEN-METEO-KHI,KARACHI,OPENSOURCE_API_GRID,1366,,,,0.95,True,True,TIER2_OPENSOURCE_PURE;CONTINUOUS_MINUTE_STREAM;VERIFIED_MODEL_GRID,a1b8f008166ae357a873dfa0ccd65a3668d445b7745c0257ff3b25261115af0c,2026-09-19T22:45:00+00:00,2026-09-20 03:45:00,90.0,1010.6,72
10.6,15.6,30.8,967.2,280.8,43.7,5.5,2.5,0.6,449.7,162.2,18.4,7.0,21.9,26.2,24.43,False,4095,0.0,2.4,0.0,EXT-OPEN-METEO-KHI,KARACHI,OPENSOURCE_API_GRID,1367,,,,0.95,True,True,TIER2_OPENSOURCE_PURE;CONTINUOUS_MINUTE_STREAM;VERIFIED_MODEL_GRID,90a128fa3bcd6da7d0ed973b1f4e29943e49ff3115c0f9ee8c966f6412800957,2026-09-19T22:46:00+00:00,2026-09-20 03:46:00,90.0,1010.6,72
10.6,15.6,30.9,967.2,280.8,43.7,5.5,2.5,0.6,449.8,162.4,18.3,7.0,21.9,26.3,24.53,False,4095,0.0,2.3,0.0,EXT-OPEN-METEO-KHI,KARACHI,OPENSOURCE_API_GRID,1368,,,,0.95,True,True,TIER2_OPENSOURCE_PURE;CONTINUOUS_MINUTE_STREAM;VERIFIED_MODEL_GRID,1bd10d5720b3db72e19431cc6acbb0c70d85f9a4f152d4d9a0c1c0d740993be6,2026-09-19T22:47:00+00:00,2026-09-20 03:47:00,90.0,1010.6,72
10.6,15.6,30.9,967.2,280.8,43.7,5.5,2.5,0.6,449.8,162.7,18.3,7.0,21.9,26.3,24.53,False,4095,0.0,2.3,0.0,EXT-OPEN-METEO-KHI,KARACHI,OPENSOURCE_API_GRID,1369,,,,0.95,True,True,TIER2_OPENSOURCE_PURE;CONTINUOUS_MINUTE_STREAM;VERIFIED_MODEL_GRID,370f99c0e9076ff9f1038e4d9dfd998ad8db97b91b87cd47f83f0f56dd5a84f0,2026-09-19T22:48:00+00:00,2026-09-20 03:48:00,90.0,1010.6,72
10.6,15.6,30.9,967.2,280.8,43.7,5.5,2.5,0.6,449.8,162.9,18.2,7.0,21.9,26.3,24.53,False,4095,0.0,2.2,0.0,EXT-OPEN-METEO-KHI,KARACHI,OPENSOURCE_API_GRID,1370,,,,0.95,True,True,TIER2_OPENSOURCE_PURE;CONTINUOUS_MINUTE_STREAM;VERIFIED_MODEL_GRID,5d0266428744bb4a9db2f3b607cc631f57b21f3c0c096df3ee3ad4a1c9e43298,2026-09-19T22:49:00+00:00,2026-09-20 03:49:00,90.0,1010.6,72
10.6,15.6,30.9,967.2,280.8,43.7,5.5,2.5,0.6,449.9,163.1,18.2,7.0,21.9,26.3,24.53,False,4095,0.0,2.2,0.0,EXT-OPEN-METEO-KHI,KARACHI,OPENSOURCE_API_GRID,1371,,,,0.95,True,True,TIER2_OPENSOURCE_PURE;CONTINUOUS_MINUTE_STREAM;VERIFIED_MODEL_GRID,0bf3eaf82a406b121121c1824fec7af601b41ce6ebd6a2f6056e6dfb955940ed,2026-09-19T22:50:00+00:00,2026-09-20 03:50:00,90.0,1010.6,72
10.6,15.6,30.9,967.2,280.8,43.7,5.5,2.5,0.6,449.9,163.2,18.2,7.0,21.9,26.3,24.53,False,4095,0.0,2.2,0.0,EXT-OPEN-METEO-KHI,KARACHI,OPENSOURCE_API_GRID,1372,,,,0.95,True,True,TIER2_OPENSOURCE_PURE;CONTINUOUS_MINUTE_STREAM;VERIFIED_MODEL_GRID,be6d6b8783683771ef11311fa63301cddb23da080618960886432a7eedf99266,2026-09-19T22:51:00+00:00,2026-09-20 03:51:00,90.0,1010.6,72
10.6,15.6,30.9,967.2,280.8,43.7,5.5,2.5,0.6,449.9,163.4,18.1,7.0,22.0,26.3,24.53,False,4095,0.0,2.1,0.0,EXT-OPEN-METEO-KHI,KARACHI,OPENSOURCE_API_GRID,1373,,,,0.95,True,True,TIER2_OPENSOURCE_PURE;CONTINUOUS_MINUTE_STREAM;VERIFIED_MODEL_GRID,4a0000a2189ed8285c76c77d01d18f25ddeb65a9c0566e24ee1e6282f7e72211,2026-09-19T22:52:00+00:00,2026-09-20 03:52:00,90.0,1010.6,72
10.6,15.6,30.9,967.2,280.8,43.7,5.5,2.5,0.6,449.9,163.5,18.1,7.0,22.0,26.3,24.53,False,4095,0.0,2.1,0.0,EXT-OPEN-METEO-KHI,KARACHI,OPENSOURCE_API_GRID,1374,,,,0.95,True,True,TIER2_OPENSOURCE_PURE;CONTINUOUS_MINUTE_STREAM;VERIFIED_MODEL_GRID,840b0b280e8184a8affea907e1b0df87715e4b03fb11495f0f0391fae06585c0,2026-09-19T22:53:00+00:00,2026-09-20 03:53:00,90.0,1010.6,72
10.6,15.6,30.9,967.2,280.8,43.7,5.5,2.5,0.6,450.0,163.7,18.1,7.0,22.0,26.3,24.53,False,4095,0.0,2.1,0.0,EXT-OPEN-METEO-KHI,KARACHI,OPENSOURCE_API_GRID,1375,,,,0.95,True,True,TIER2_OPENSOURCE_PURE;CONTINUOUS_MINUTE_STREAM;VERIFIED_MODEL_GRID,85933821fedb50e3adad6f6d01abbef884089ca127a3e3797551ac590987248a,2026-09-19T22:54:00+00:00,2026-09-20 03:54:00,90.0,1010.6,72
10.5,15.5,30.8,961.0,279.0,43.4,5.4,2.5,0.6,450.0,163.8,18.0,7.0,22.0,26.2,24.41,False,4095,0.0,2.1,0.0,EXT-OPEN-METEO-KHI,KARACHI,OPENSOURCE_API_GRID,1376,,,,0.95,True,True,TIER2_OPENSOURCE_PURE;CONTINUOUS_MINUTE_STREAM;VERIFIED_MODEL_GRID,039e9ed9b098ab23eb4766bcbb655cdbf6b07c80dbfa32c0d7e5b29a98988796,2026-09-19T22:55:00+00:00,2026-09-20 03:55:00,89.9,1010.6,72
10.5,15.5,30.7,961.0,279.0,43.4,5.4,2.5,0.6,450.0,163.8,18.0,7.0,22.0,26.2,24.41,False,4095,0.0,2.0,0.0,EXT-OPEN-METEO-KHI,KARACHI,OPENSOURCE_API_GRID,1377,,,,0.95,True,True,TIER2_OPENSOURCE_PURE;CONTINUOUS_MINUTE_STREAM;VERIFIED_MODEL_GRID,9ec5eeb1ba318416071bc11cd98ad1d3ea6de05d9ae1e368e86b178745bb95bf,2026-09-19T22:56:00+00:00,2026-09-20 03:56:00,89.9,1010.6,72
10.5,15.5,30.7,961.0,279.0,43.4,5.4,2.5,0.6,450.0,163.9,18.0,7.0,22.0,26.2,24.41,False,4095,0.0,2.0,0.0,EXT-OPEN-METEO-KHI,KARACHI,OPENSOURCE_API_GRID,1378,,,,0.95,True,True,TIER2_OPENSOURCE_PURE;CONTINUOUS_MINUTE_STREAM;VERIFIED_MODEL_GRID,f05c00586fb2b66f5566c8c63e9b6428f5d8892100aaa9a8b296fb34397c806b,2026-09-19T22:57:00+00:00,2026-09-20 03:57:00,89.9,1010.6,72
10.5,15.4,30.6,954.8,277.2,43.1,5.4,2.4,0.6,450.0,164.0,18.0,7.0,22.0,26.2,24.41,False,4095,0.0,2.0,0.0,EXT-OPEN-METEO-KHI,KARACHI,OPENSOURCE_API_GRID,1379,,,,0.95,True,True,TIER2_OPENSOURCE_PURE;CONTINUOUS_MINUTE_STREAM;VERIFIED_MODEL_GRID,c97526cc7d0e1b544282d3af500ccdd7a32411985b14a416ad9578057a5d2427,2026-09-19T22:58:00+00:00,2026-09-20 03:58:00,89.9,1010.6,72
10.5,15.4,30.5,954.8,277.2,43.1,5.4,2.4,0.6,450.0,164.0,18.0,7.0,22.0,26.2,24.41,False,4095,0.0,2.0,0.0,EXT-OPEN-METEO-KHI,KARACHI,OPENSOURCE_API_GRID,1380,,,,0.95,True,True,TIER2_OPENSOURCE_PURE;CONTINUOUS_MINUTE_STREAM;VERIFIED_MODEL_GRID,c16f15b8fe0f99730bd6d30bc25ce98beb39376e0a74c47e143c76e5b8b68113,2026-09-19T22:59:00+00:00,2026-09-20 03:59:00,89.9,1010.6,72
10.4,15.3,30.5,948.6,275.4,42.8,5.4,2.4,0.6,450.0,164.0,18.0,7.0,22.0,26.2,24.41,False,4095,0.0,2.0,0.0,EXT-OPEN-METEO-KHI,KARACHI,OPENSOURCE_API_GRID,1381,,,,0.95,True,False,TIER2_OPENSOURCE_PURE;HOURLY_NODE;VERIFIED_MODEL_GRID,a55c015b93c63f3e12eb1f396815c77d95152b0cf30f218bf1e9378ffa52ed67,2026-09-19T23:00:00+00:00,2026-09-20 04:00:00,89.9,1010.6,73
10.4,15.3,30.4,948.6,275.4,42.8,5.4,2.4,0.6,450.0,164.0,18.0,7.0,22.0,26.2,24.41,False,4095,0.0,2.0,0.0,EXT-OPEN-METEO-KHI,KARACHI,OPENSOURCE_API_GRID,1382,,,,0.95,True,True,TIER2_OPENSOURCE_PURE;CONTINUOUS_MINUTE_STREAM;VERIFIED_MODEL_GRID,242fa5000fa61734529eb3ce9f33b00db829c77ca4c288aa5c58507c6dc6294b,2026-09-19T23:01:00+00:00,2026-09-20 04:01:00,89.9,1010.6,73
10.3,15.2,30.4,942.4,273.6,42.6,5.3,2.4,0.6,450.0,164.0,18.0,7.0,22.0,26.2,24.39,False,4095,0.0,2.0,0.0,EXT-OPEN-METEO-KHI,KARACHI,OPENSOURCE_API_GRID,1383,,,,0.95,True,True,TIER2_OPENSOURCE_PURE;CONTINUOUS_MINUTE_STREAM;VERIFIED_MODEL_GRID,c9e831a661d751724cb8a7a18b25e6fe260cbfd90196e8a72341a81caf218009,2026-09-19T23:02:00+00:00,2026-09-20 04:02:00,89.8,1010.6,73
10.3,15.2,30.3,942.4,273.6,42.6,5.3,2.4,0.6,450.0,164.0,18.0,7.0,22.1,26.2,24.39,False,4095,0.0,2.1,0.0,EXT-OPEN-METEO-KHI,KARACHI,OPENSOURCE_API_GRID,1384,,,,0.95,True,True,TIER2_OPENSOURCE_PURE;CONTINUOUS_MINUTE_STREAM;VERIFIED_MODEL_GRID,ab7c42f2c7d445cd6fef039c96a67be05f812eb6c114825a0eb72f76a4dba92d,2026-09-19T23:03:00+00:00,2026-09-20 04:03:00,89.8,1010.6,73
10.3,15.2,30.3,942.4,273.6,42.6,5.3,2.4,0.6,450.0,163.9,17.9,7.0,22.1,26.2,24.39,False,4095,0.0,2.2,0.0,EXT-OPEN-METEO-KHI,KARACHI,OPENSOURCE_API_GRID,1385,,,,0.95,True,True,TIER2_OPENSOURCE_PURE;CONTINUOUS_MINUTE_STREAM;VERIFIED_MODEL_GRID,48c370ef64d75d90148cde2565d55f8aa82ff2873b6e8b2b0a27214e623b0710,2026-09-19T23:04:00+00:00,2026-09-20 04:04:00,89.8,1010.6,73
10.3,15.2,30.3,942.4,273.6,42.6,5.3,2.4,0.6,449.9,163.9,17.9,7.0,22.2,26.2,24.39,False,4095,0.0,2.2,0.0,EXT-OPEN-METEO-KHI,KARACHI,OPENSOURCE_API_GRID,1386,,,,0.95,True,True,TIER2_OPENSOURCE_PURE;CONTINUOUS_MINUTE_STREAM;VERIFIED_MODEL_GRID,54a8a14aed920e5000e85ad94d6314ac3c6ed2f6237ff89fb98f516dc8cf5761,2026-09-19T23:05:00+00:00,2026-09-20 04:05:00,89.8,1010.6,73
10.3,15.2,30.3,942.4,273.6,42.6,5.3,2.4,0.6,449.9,163.8,17.8,7.0,22.3,26.2,24.39,False,4095,0.0,2.3,0.0,EXT-OPEN-METEO-KHI,KARACHI,OPENSOURCE_API_GRID,1387,,,,0.95,True,True,TIER2_OPENSOURCE_PURE;CONTINUOUS_MINUTE_STREAM;VERIFIED_MODEL_GRID,85bfe2eb2a9d48e352877bd8aa5454ad64f2d5dbb7edf052c1c1256fa6cf6548,2026-09-19T23:06:00+00:00,2026-09-20 04:06:00,89.8,1010.6,73
10.3,15.2,30.4,942.4,273.6,42.6,5.3,2.4,0.6,449.9,163.7,17.7,7.0,22.4,26.2,24.39,False,4095,0.0,2.5,0.0,EXT-OPEN-METEO-KHI,KARACHI,OPENSOURCE_API_GRID,1388,,,,0.95,True,True,TIER2_OPENSOURCE_PURE;CONTINUOUS_MINUTE_STREAM;VERIFIED_MODEL_GRID,ba5f7bcccd7a57510f49a8dd890d1dac199384b428bab2e3a6a02accadc63efc,2026-09-19T23:07:00+00:00,2026-09-20 04:07:00,89.8,1010.5,73
10.3,15.2,30.4,942.4,273.6,42.6,5.3,2.4,0.6,449.9,163.7,17.7,7.0,22.5,26.2,24.37,False,4095,0.0,2.6,0.0,EXT-OPEN-METEO-KHI,KARACHI,OPENSOURCE_API_GRID,1389,,,,0.95,True,True,TIER2_OPENSOURCE_PURE;CONTINUOUS_MINUTE_STREAM;VERIFIED_MODEL_GRID,917a869095128685515262ae2505864f31f7e021aac03c627e882f4e820374b7,2026-09-19T23:08:00+00:00,2026-09-20 04:08:00,89.7,1010.5,73
10.3,15.2,30.5,942.4,273.6,42.6,5.3,2.4,0.6,449.8,163.6,17.6,7.0,22.7,26.2,24.37,False,4095,0.0,2.8,0.0,EXT-OPEN-METEO-KHI,KARACHI,OPENSOURCE_API_GRID,1390,,,,0.95,True,True,TIER2_OPENSOURCE_PURE;CONTINUOUS_MINUTE_STREAM;VERIFIED_MODEL_GRID,b503f8df25fb8c6c671a65a603afbc88bbcab7cec92acc7b03a2ee848ea2d82a,2026-09-19T23:09:00+00:00,2026-09-20 04:09:00,89.7,1010.5,73
10.3,15.2,30.5,942.4,273.6,42.6,5.3,2.4,0.6,449.8,163.5,17.5,6.9,22.8,26.2,24.37,False,4095,0.0,2.9,0.0,EXT-OPEN-METEO-KHI,KARACHI,OPENSOURCE_API_GRID,1391,,,,0.95,True,True,TIER2_OPENSOURCE_PURE;CONTINUOUS_MINUTE_STREAM;VERIFIED_MODEL_GRID,85379af8f6da9b1381baafde16338b0b95e950b99cfc60fc7320f3d279600bf4,2026-09-19T23:10:00+00:00,2026-09-20 04:10:00,89.7,1010.5,73
10.4,15.3,30.6,948.6,275.4,42.8,5.4,2.4,0.6,449.8,163.4,17.4,6.9,23.0,26.2,24.35,False,4095,0.0,3.1,0.0,EXT-OPEN-METEO-KHI,KARACHI,OPENSOURCE_API_GRID,1392,,,,0.95,True,True,TIER2_OPENSOURCE_PURE;CONTINUOUS_MINUTE_STREAM;VERIFIED_MODEL_GRID,6db9d9d7cbab12b047c3d29de213ed50771cfcfb1edb896715eb5990075c2eb4,2026-09-19T23:11:00+00:00,2026-09-20 04:11:00,89.6,1010.5,73
10.4,15.3,30.7,948.6,275.4,42.8,5.4,2.5,0.6,449.7,163.2,17.2,6.9,23.1,26.2,24.35,False,4095,0.0,3.3,0.0,EXT-OPEN-METEO-KHI,KARACHI,OPENSOURCE_API_GRID,1393,,,,0.95,True,True,TIER2_OPENSOURCE_PURE;CONTINUOUS_MINUTE_STREAM;VERIFIED_MODEL_GRID,7b92cb4ef3593b8664b8cf86dcb6f198cb71cc14364ccbdc2c1ffbf080e717c2,2026-09-19T23:12:00+00:00,2026-09-20 04:12:00,89.6,1010.4,73
10.4,15.3,30.8,948.6,275.4,42.8,5.4,2.5,0.6,449.7,163.1,17.1,6.9,23.3,26.3,24.45,False,4095,0.0,3.6,0.0,EXT-OPEN-METEO-KHI,KARACHI,OPENSOURCE_API_GRID,1394,,,,0.95,True,True,TIER2_OPENSOURCE_PURE;CONTINUOUS_MINUTE_STREAM;VERIFIED_MODEL_GRID,04f32758416d972046774d5b368501fb5303709ee8a544ab6faf733b110b786c,2026-09-19T23:13:00+00:00,2026-09-20 04:13:00,89.6,1010.4,73
10.4,15.3,30.9,948.6,275.4,42.8,5.4,2.5,0.6,449.6,163.0,17.0,6.9,23.5,26.3,24.43,False,4095,0.0,3.8,0.0,EXT-OPEN-METEO-KHI,KARACHI,OPENSOURCE_API_GRID,1395,,,,0.95,True,True,TIER2_OPENSOURCE_PURE;CONTINUOUS_MINUTE_STREAM;VERIFIED_MODEL_GRID,9554157699ec8c731e992b00462f81f0260d634572bb11705d3eb10afbceda38,2026-09-19T23:14:00+00:00,2026-09-20 04:14:00,89.5,1010.4,73
10.3,15.2,30.8,942.4,273.6,42.6,5.3,2.5,0.6,449.6,162.8,16.8,6.9,23.8,26.3,24.45,False,4095,0.0,4.1,0.0,EXT-OPEN-METEO-KHI,KARACHI,OPENSOURCE_API_GRID,1396,,,,0.95,True,True,TIER2_OPENSOURCE_PURE;CONTINUOUS_MINUTE_STREAM;VERIFIED_MODEL_GRID,9d357ab586fff4b78d72df2171698115547093bdca93bede1177938133dd42c5,2026-09-19T23:15:00+00:00,2026-09-20 04:15:00,89.6,1010.4,73
10.4,15.3,30.9,948.6,275.4,42.8,5.4,2.5,0.6,449.5,162.7,16.7,6.9,24.0,26.3,24.43,False,4095,0.0,4.3,0.0,EXT-OPEN-METEO-KHI,KARACHI,OPENSOURCE_API_GRID,1397,,,,0.95,True,True,TIER2_OPENSOURCE_PURE;CONTINUOUS_MINUTE_STREAM;VERIFIED_MODEL_GRID,49993f63467c3ac4c6763fabf8a3b36caab298cfaf6714527fa769aa373d9adb,2026-09-19T23:16:00+00:00,2026-09-20 04:16:00,89.5,1010.3,73
10.4,15.3,31.0,948.6,275.4,42.8,5.4,2.5,0.6,449.4,162.5,16.5,6.9,24.2,26.3,24.42,False,4095,0.0,4.6,0.0,EXT-OPEN-METEO-KHI,KARACHI,OPENSOURCE_API_GRID,1398,,,,0.95,True,True,TIER2_OPENSOURCE_PURE;CONTINUOUS_MINUTE_STREAM;VERIFIED_MODEL_GRID,9bcb68ceef05309c477a6c63547572bf93a4e27daed4af5994955baf3aab7e7f,2026-09-19T23:17:00+00:00,2026-09-20 04:17:00,89.4,1010.3,73
10.4,15.3,31.1,948.6,275.4,42.8,5.4,2.5,0.6,449.4,162.4,16.4,6.8,24.5,26.4,24.5,False,4095,0.0,4.9,0.0,EXT-OPEN-METEO-KHI,KARACHI,OPENSOURCE_API_GRID,1399,,,,0.95,True,True,TIER2_OPENSOURCE_PURE;CONTINUOUS_MINUTE_STREAM;VERIFIED_MODEL_GRID,2894369a128a9820ccf19c0e853172efd9eefc30ba8ab03ed81a6eba3fce77a3,2026-09-19T23:18:00+00:00,2026-09-20 04:18:00,89.3,1010.3,73
10.4,15.3,31.1,948.6,275.4,42.8,5.4,2.5,0.6,449.3,162.2,16.2,6.8,24.7,26.4,24.48,False,4095,0.0,5.2,0.0,EXT-OPEN-METEO-KHI,KARACHI,OPENSOURCE_API_GRID,1400,,,,0.95,True,True,TIER2_OPENSOURCE_PURE;CONTINUOUS_MINUTE_STREAM;VERIFIED_MODEL_GRID,b247b58364933d2d69a38143a3453ec4df919a47e9b19435f9048e066a7ab12e,2026-09-19T23:19:00+00:00,2026-09-20 04:19:00,89.2,1010.2,73
10.4,15.3,31.2,948.6,275.4,42.8,5.4,2.5,0.6,449.2,162.0,16.0,6.8,25.0,26.4,24.46,False,4095,0.0,5.5,0.0,EXT-OPEN-METEO-KHI,KARACHI,OPENSOURCE_API_GRID,1401,,,,0.95,True,True,TIER2_OPENSOURCE_PURE;CONTINUOUS_MINUTE_STREAM;VERIFIED_MODEL_GRID,09c77c8cd93fd39c2e7e5e92ec1eb07dcf70434f645485fc6ecdda37e995cd9a,2026-09-19T23:20:00+00:00,2026-09-20 04:20:00,89.1,1010.2,73
10.4,15.3,31.2,948.6,275.4,42.8,5.4,2.5,0.6,449.2,161.8,15.8,6.8,25.3,26.4,24.44,False,4095,0.0,5.8,0.0,EXT-OPEN-METEO-KHI,KARACHI,OPENSOURCE_API_GRID,1402,,,,0.95,True,True,TIER2_OPENSOURCE_PURE;CONTINUOUS_MINUTE_STREAM;VERIFIED_MODEL_GRID,fbd33779d42acbb7d22e665b71cf34a72d8cc24454dfca8cc7e9227007cd4a56,2026-09-19T23:21:00+00:00,2026-09-20 04:21:00,89.0,1010.1,73
10.4,15.3,31.3,948.6,275.4,42.8,5.4,2.5,0.6,449.1,161.6,15.7,6.8,25.6,26.5,24.52,False,4095,0.0,6.2,0.0,EXT-OPEN-METEO-KHI,KARACHI,OPENSOURCE_API_GRID,1403,,,,0.95,True,True,TIER2_OPENSOURCE_PURE;CONTINUOUS_MINUTE_STREAM;VERIFIED_MODEL_GRID,7c0e08990571c20f65bd86973be00fc5c5452c51930d851b8b0c60e786e6ba95,2026-09-19T23:22:00+00:00,2026-09-20 04:22:00,88.9,1010.1,73
10.3,15.2,31.3,942.4,273.6,42.6,5.3,2.5,0.6,449.0,161.4,15.5,6.7,25.8,26.5,24.5,False,4095,0.0,6.5,0.0,EXT-OPEN-METEO-KHI,KARACHI,OPENSOURCE_API_GRID,1404,,,,0.95,True,True,TIER2_OPENSOURCE_PURE;CONTINUOUS_MINUTE_STREAM;VERIFIED_MODEL_GRID,65b6d295ca645bc58054071b7baef0100d5117fd90cd35ccf8839d6009697001,2026-09-19T23:23:00+00:00,2026-09-20 04:23:00,88.8,1010.1,73
10.3,15.2,31.3,942.4,273.6,42.6,5.3,2.5,0.6,449.0,161.2,15.3,6.7,26.1,26.5,24.46,False,4095,0.0,6.8,0.0,EXT-OPEN-METEO-KHI,KARACHI,OPENSOURCE_API_GRID,1405,,,,0.95,True,True,TIER2_OPENSOURCE_PURE;CONTINUOUS_MINUTE_STREAM;VERIFIED_MODEL_GRID,0058c700e27e3c4976c279246409a85fdf55926c744dd5f1891a4ef79df22bf2,2026-09-19T23:24:00+00:00,2026-09-20 04:24:00,88.6,1010.0,73
10.3,15.2,31.3,942.4,273.6,42.6,5.3,2.5,0.6,448.9,161.0,15.1,6.7,26.4,26.5,24.44,False,4095,0.0,7.2,0.0,EXT-OPEN-METEO-KHI,KARACHI,OPENSOURCE_API_GRID,1406,,,,0.95,True,True,TIER2_OPENSOURCE_PURE;CONTINUOUS_MINUTE_STREAM;VERIFIED_MODEL_GRID,5d5193d82c054cd62151e87736fa682d7973daed01562c5aba196bf6543aeac4,2026-09-19T23:25:00+00:00,2026-09-20 04:25:00,88.5,1010.0,73
10.3,15.1,31.3,936.2,271.8,42.3,5.3,2.5,0.6,448.8,160.8,14.9,6.7,26.8,26.5,24.42,False,4095,0.0,7.5,0.0,EXT-OPEN-METEO-KHI,KARACHI,OPENSOURCE_API_GRID,1407,,,,0.95,True,True,TIER2_OPENSOURCE_PURE;CONTINUOUS_MINUTE_STREAM;VERIFIED_MODEL_GRID,facb5a85913f2da29ff4342e44a17d50f922bb8a4003c0cc5c4a52853b54d933,2026-09-19T23:26:00+00:00,2026-09-20 04:26:00,88.4,1009.9,73
10.2,15.0,31.3,930.0,270.0,42.0,5.2,2.5,0.6,448.7,160.6,14.7,6.7,27.1,26.5,24.41,False,4095,0.0,7.9,0.0,EXT-OPEN-METEO-KHI,KARACHI,OPENSOURCE_API_GRID,1408,,,,0.95,True,True,TIER2_OPENSOURCE_PURE;CONTINUOUS_MINUTE_STREAM;VERIFIED_MODEL_GRID,8a7fe34854eb0e6ebd3c6b87cfa18a9d584edf86a77edef341434f3505ac3c33,2026-09-19T23:27:00+00:00,2026-09-20 04:27:00,88.3,1009.9,73
10.2,15.0,31.3,930.0,270.0,42.0,5.2,2.5,0.6,448.7,160.4,14.5,6.6,27.4,26.5,24.37,False,4095,0.0,8.3,0.0,EXT-OPEN-METEO-KHI,KARACHI,OPENSOURCE_API_GRID,1409,,,,0.95,True,True,TIER2_OPENSOURCE_PURE;CONTINUOUS_MINUTE_STREAM;VERIFIED_MODEL_GRID,386190b4f8c4268fef34108fca644a42a6a212a12d5f3fa30cf9eda0c58bf4be,2026-09-19T23:28:00+00:00,2026-09-20 04:28:00,88.1,1009.9,73
10.1,14.9,31.2,923.8,268.2,41.7,5.2,2.5,0.6,448.6,160.2,14.3,6.6,27.7,26.5,24.35,False,4095,0.0,8.6,0.0,EXT-OPEN-METEO-KHI,KARACHI,OPENSOURCE_API_GRID,1410,,,,0.95,True,True,TIER2_OPENSOURCE_PURE;CONTINUOUS_MINUTE_STREAM;VERIFIED_MODEL_GRID,646692abbd77ada1d66e0b33adde241c0f3d9408747336354ed59e1844107812,2026-09-19T23:29:00+00:00,2026-09-20 04:29:00,88.0,1009.8,73
10.1,14.8,31.2,917.6,266.4,41.4,5.2,2.5,0.6,448.5,160.0,14.0,6.6,28.0,26.6,24.43,False,4095,0.0,9.0,0.0,EXT-OPEN-METEO-KHI,KARACHI,OPENSOURCE_API_GRID,1411,,,,0.95,True,True,TIER2_OPENSOURCE_PURE;CONTINUOUS_MINUTE_STREAM;VERIFIED_MODEL_GRID,4256f559cfdf25f9b584073dc0df0c34ba040f49e7a496cda476be273b7bd4e4,2026-09-19T23:30:00+00:00,2026-09-20 04:30:00,87.9,1009.8,73
10.0,14.7,31.2,911.4,264.6,41.2,5.1,2.5,0.6,448.4,159.8,13.8,6.6,28.3,26.6,24.41,False,4095,0.0,9.4,0.0,EXT-OPEN-METEO-KHI,KARACHI,OPENSOURCE_API_GRID,1412,,,,0.95,True,True,TIER2_OPENSOURCE_PURE;CONTINUOUS_MINUTE_STREAM;VERIFIED_MODEL_GRID,e99e49b07733ecacf70d1d20365ae1237b2a7ba2336ddfece29db63721b535cd,2026-09-19T23:31:00+00:00,2026-09-20 04:31:00,87.8,1009.7,73
10.0,14.7,31.1,911.4,264.6,41.2,5.1,2.5,0.6,448.3,159.6,13.6,6.6,28.6,26.6,24.37,False,4095,0.0,9.7,0.0,EXT-OPEN-METEO-KHI,KARACHI,OPENSOURCE_API_GRID,1413,,,,0.95,True,True,TIER2_OPENSOURCE_PURE;CONTINUOUS_MINUTE_STREAM;VERIFIED_MODEL_GRID,c206eeec3684f6ba81ff3a3ca3d6223a4bf301222402f04ef4c5ece56f91e042,2026-09-19T23:32:00+00:00,2026-09-20 04:32:00,87.6,1009.7,73
9.9,14.6,31.1,905.2,262.8,40.9,5.1,2.5,0.6,448.3,159.4,13.4,6.5,28.9,26.6,24.35,False,4095,0.0,10.1,0.0,EXT-OPEN-METEO-KHI,KARACHI,OPENSOURCE_API_GRID,1414,,,,0.95,True,True,TIER2_OPENSOURCE_PURE;CONTINUOUS_MINUTE_STREAM;VERIFIED_MODEL_GRID,aec088ed4a5140a8153e0ec6c9c0aa6402f1a3eb16be2cfc9fe77cb7cffe9c11,2026-09-19T23:33:00+00:00,2026-09-20 04:33:00,87.5,1009.6,73
9.9,14.6,31.1,905.2,262.8,40.9,5.1,2.5,0.6,448.2,159.2,13.2,6.5,29.2,26.6,24.33,False,4095,0.0,10.5,0.0,EXT-OPEN-METEO-KHI,KARACHI,OPENSOURCE_API_GRID,1415,,,,0.95,True,True,TIER2_OPENSOURCE_PURE;CONTINUOUS_MINUTE_STREAM;VERIFIED_MODEL_GRID,f9f3020ab12ce5a0614287a87b69bf62fad4e73c0a4698b28fca17a1bf1fa0b6,2026-09-19T23:34:00+00:00,2026-09-20 04:34:00,87.4,1009.6,73
9.9,14.5,31.1,899.0,261.0,40.6,5.1,2.5,0.6,448.1,159.0,13.0,6.5,29.6,26.6,24.31,False,4095,0.0,10.8,0.0,EXT-OPEN-METEO-KHI,KARACHI,OPENSOURCE_API_GRID,1416,,,,0.95,True,True,TIER2_OPENSOURCE_PURE;CONTINUOUS_MINUTE_STREAM;VERIFIED_MODEL_GRID,7a6c7eb4025ff6648023a179b8e24ecbeff15a5f77fce86fbf5470fdf2d55f24,2026-09-19T23:35:00+00:00,2026-09-20 04:35:00,87.3,1009.5,73
9.9,14.5,31.2,899.0,261.0,40.6,5.1,2.5,0.6,448.0,158.8,12.8,6.5,29.9,26.6,24.3,False,4095,0.0,11.2,0.0,EXT-OPEN-METEO-KHI,KARACHI,OPENSOURCE_API_GRID,1417,,,,0.95,True,True,TIER2_OPENSOURCE_PURE;CONTINUOUS_MINUTE_STREAM;VERIFIED_MODEL_GRID,54a7c757ee89d106238d09f94139d6b8396afaa4f4201f848207dfa593bbde1c,2026-09-19T23:36:00+00:00,2026-09-20 04:36:00,87.2,1009.5,73
9.9,14.5,31.2,899.0,261.0,40.6,5.1,2.5,0.6,448.0,158.6,12.6,6.5,30.2,26.6,24.3,False,4095,0.0,11.5,0.0,EXT-OPEN-METEO-KHI,KARACHI,OPENSOURCE_API_GRID,1418,,,,0.95,True,True,TIER2_OPENSOURCE_PURE;CONTINUOUS_MINUTE_STREAM;VERIFIED_MODEL_GRID,7fedc9cea2d17b24dfb3872577cf85d3d6f8418675d3cdce970adae9b8ea88c8,2026-09-19T23:37:00+00:00,2026-09-20 04:37:00,87.2,1009.5,73
9.8,14.4,31.2,892.8,259.2,40.3,5.0,2.5,0.6,447.9,158.4,12.4,6.4,30.4,26.6,24.28,False,4095,0.0,11.8,0.0,EXT-OPEN-METEO-KHI,KARACHI,OPENSOURCE_API_GRID,1419,,,,0.95,True,True,TIER2_OPENSOURCE_PURE;CONTINUOUS_MINUTE_STREAM;VERIFIED_MODEL_GRID,49f5bfda3dccc230437f6e3a2658983590e4e4c863d4cbdaed789280f254b705,2026-09-19T23:38:00+00:00,2026-09-20 04:38:00,87.1,1009.4,73
9.8,14.4,31.3,892.8,259.2,40.3,5.0,2.5,0.6,447.8,158.2,12.3,6.4,30.7,26.7,24.36,False,4095,0.0,12.2,0.0,EXT-OPEN-METEO-KHI,KARACHI,OPENSOURCE_API_GRID,1420,,,,0.95,True,True,TIER2_OPENSOURCE_PURE;CONTINUOUS_MINUTE_STREAM;VERIFIED_MODEL_GRID,39da57ece9ef30edc68a02f80d2813c61e99b36129e4ca8db70f547c1b0aa78e,2026-09-19T23:39:00+00:00,2026-09-20 04:39:00,87.0,1009.4,73
9.8,14.4,31.4,892.8,259.2,40.3,5.0,2.5,0.6,447.8,158.0,12.1,6.4,31.0,26.7,24.34,False,4095,0.0,12.5,0.0,EXT-OPEN-METEO-KHI,KARACHI,OPENSOURCE_API_GRID,1421,,,,0.95,True,True,TIER2_OPENSOURCE_PURE;CONTINUOUS_MINUTE_STREAM;VERIFIED_MODEL_GRID,ad8b26653384d83d0271aa268556d31558ff22a793fc4ff5a67e8f71c617454b,2026-09-19T23:40:00+00:00,2026-09-20 04:40:00,86.9,1009.3,73
9.9,14.5,31.5,899.0,261.0,40.6,5.1,2.5,0.6,447.7,157.8,11.9,6.4,31.3,26.7,24.34,False,4095,0.0,12.8,0.0,EXT-OPEN-METEO-KHI,KARACHI,OPENSOURCE_API_GRID,1422,,,,0.95,True,True,TIER2_OPENSOURCE_PURE;CONTINUOUS_MINUTE_STREAM;VERIFIED_MODEL_GRID,6dde3a5131f0b894e82e666c65aea7628549d73d4175046907c9b76b42fd7be1,2026-09-19T23:41:00+00:00,2026-09-20 04:41:00,86.9,1009.3,73
9.9,14.5,31.5,899.0,261.0,40.6,5.1,2.5,0.6,447.6,157.6,11.7,6.4,31.5,26.7,24.32,False,4095,0.0,13.1,0.0,EXT-OPEN-METEO-KHI,KARACHI,OPENSOURCE_API_GRID,1423,,,,0.95,True,True,TIER2_OPENSOURCE_PURE;CONTINUOUS_MINUTE_STREAM;VERIFIED_MODEL_GRID,68ada4433408ef4d63642ab11b48f4574106c4fdb756005d709652efbd9db555,2026-09-19T23:42:00+00:00,2026-09-20 04:42:00,86.8,1009.2,73
9.9,14.5,31.6,899.0,261.0,40.6,5.1,2.5,0.6,447.6,157.5,11.6,6.3,31.8,26.7,24.3,False,4095,0.0,13.4,0.0,EXT-OPEN-METEO-KHI,KARACHI,OPENSOURCE_API_GRID,1424,,,,0.95,True,True,TIER2_OPENSOURCE_PURE;CONTINUOUS_MINUTE_STREAM;VERIFIED_MODEL_GRID,27149a71e065163849cfff7ae4810a4088c2a1dffdc1a2f7771f21981f9946f0,2026-09-19T23:43:00+00:00,2026-09-20 04:43:00,86.7,1009.2,73
9.9,14.5,31.7,899.0,261.0,40.6,5.1,2.5,0.6,447.5,157.3,11.4,6.3,32.0,26.8,24.4,False,4095,0.0,13.7,0.0,EXT-OPEN-METEO-KHI,KARACHI,OPENSOURCE_API_GRID,1425,,,,0.95,True,True,TIER2_OPENSOURCE_PURE;CONTINUOUS_MINUTE_STREAM;VERIFIED_MODEL_GRID,017169fb9f68327515088d5c976c2dc5089a5ba717fa0d671792a9f641dedd37,2026-09-19T23:44:00+00:00,2026-09-20 04:44:00,86.7,1009.2,73
9.9,14.5,31.8,899.0,261.0,40.6,5.1,2.5,0.6,447.4,157.2,11.3,6.3,32.2,26.8,24.38,False,4095,0.0,13.9,0.0,EXT-OPEN-METEO-KHI,KARACHI,OPENSOURCE_API_GRID,1426,,,,0.95,True,True,TIER2_OPENSOURCE_PURE;CONTINUOUS_MINUTE_STREAM;VERIFIED_MODEL_GRID,e1f6a6325c96278a4e4f1d07b3f9a428e52abf3e5e9cdbc8be2e094c9aea28d3,2026-09-19T23:45:00+00:00,2026-09-20 04:45:00,86.6,1009.1,73
9.8,14.4,31.7,892.8,259.2,40.3,5.0,2.5,0.6,447.4,157.0,11.1,6.3,32.5,26.8,24.4,False,4095,0.0,14.2,0.0,EXT-OPEN-METEO-KHI,KARACHI,OPENSOURCE_API_GRID,1427,,,,0.95,True,True,TIER2_OPENSOURCE_PURE;CONTINUOUS_MINUTE_STREAM;VERIFIED_MODEL_GRID,c6eeb884f3cafb5dbcc7c7db9deda464e3e1767bfc501eff410cd89f129b917a,2026-09-19T23:46:00+00:00,2026-09-20 04:46:00,86.7,1009.1,73
9.9,14.5,31.8,899.0,261.0,40.6,5.1,2.5,0.6,447.3,156.9,11.0,6.3,32.7,26.8,24.38,False,4095,0.0,14.4,0.0,EXT-OPEN-METEO-KHI,KARACHI,OPENSOURCE_API_GRID,1428,,,,0.95,True,True,TIER2_OPENSOURCE_PURE;CONTINUOUS_MINUTE_STREAM;VERIFIED_MODEL_GRID,5b5d4a697d5a469e9935bf2a13e907763c16abc313aa7c6df1467e91c3abaed7,2026-09-19T23:47:00+00:00,2026-09-20 04:47:00,86.6,1009.1,73
9.9,14.5,31.9,899.0,261.0,40.6,5.1,2.6,0.6,447.3,156.8,10.9,6.3,32.9,26.9,24.46,False,4095,0.0,14.7,0.0,EXT-OPEN-METEO-KHI,KARACHI,OPENSOURCE_API_GRID,1429,,,,0.95,True,True,TIER2_OPENSOURCE_PURE;CONTINUOUS_MINUTE_STREAM;VERIFIED_MODEL_GRID,8b9913bdc8ae789d67529fdb69e98c085b1d2801e740a0e50ebe130db76213f0,2026-09-19T23:48:00+00:00,2026-09-20 04:48:00,86.5,1009.1,73
9.9,14.5,32.0,899.0,261.0,40.6,5.1,2.6,0.6,447.2,156.6,10.7,6.3,33.0,26.9,24.46,False,4095,0.0,14.9,0.0,EXT-OPEN-METEO-KHI,KARACHI,OPENSOURCE_API_GRID,1430,,,,0.95,True,True,TIER2_OPENSOURCE_PURE;CONTINUOUS_MINUTE_STREAM;VERIFIED_MODEL_GRID,a3652abe247994fb3889a4a6a05e6a52817fe8c3696deb706611488b72ffcfc8,2026-09-19T23:49:00+00:00,2026-09-20 04:49:00,86.5,1009.0,73
9.9,14.5,32.0,899.0,261.0,40.6,5.1,2.6,0.6,447.2,156.5,10.6,6.3,33.2,26.9,24.44,False,4095,0.0,15.1,0.0,EXT-OPEN-METEO-KHI,KARACHI,OPENSOURCE_API_GRID,1431,,,,0.95,True,True,TIER2_OPENSOURCE_PURE;CONTINUOUS_MINUTE_STREAM;VERIFIED_MODEL_GRID,2ce2c9493611046b01e5967a2941dece1dceee45dd5d5b30c4b727c337448abf,2026-09-19T23:50:00+00:00,2026-09-20 04:50:00,86.4,1009.0,73
9.9,14.5,32.1,899.0,261.0,40.6,5.1,2.6,0.6,447.2,156.4,10.5,6.2,33.3,26.9,24.42,False,4095,0.0,15.2,0.0,EXT-OPEN-METEO-KHI,KARACHI,OPENSOURCE_API_GRID,1432,,,,0.95,True,True,TIER2_OPENSOURCE_PURE;CONTINUOUS_MINUTE_STREAM;VERIFIED_MODEL_GRID,ff9d0f29055c067421fba685b7c1242390a4da8508f0191403bff3cf1b0b6e16,2026-09-19T23:51:00+00:00,2026-09-20 04:51:00,86.3,1009.0,73
9.9,14.5,32.1,899.0,261.0,40.6,5.1,2.6,0.6,447.1,156.3,10.4,6.2,33.5,26.9,24.42,False,4095,0.0,15.4,0.0,EXT-OPEN-METEO-KHI,KARACHI,OPENSOURCE_API_GRID,1433,,,,0.95,True,True,TIER2_OPENSOURCE_PURE;CONTINUOUS_MINUTE_STREAM;VERIFIED_MODEL_GRID,bce0098708aa837c252fd26ef919f033e093842b19d26fbacb777cc7a3cfc33b,2026-09-19T23:52:00+00:00,2026-09-20 04:52:00,86.3,1009.0,73
9.9,14.5,32.2,899.0,261.0,40.6,5.1,2.6,0.6,447.1,156.3,10.4,6.2,33.6,26.9,24.4,False,4095,0.0,15.5,0.0,EXT-OPEN-METEO-KHI,KARACHI,OPENSOURCE_API_GRID,1434,,,,0.95,True,True,TIER2_OPENSOURCE_PURE;CONTINUOUS_MINUTE_STREAM;VERIFIED_MODEL_GRID,d0baff173751ab2da99e4373fcf3ac52c857ac15c841b1cf756c92550a09502c,2026-09-19T23:53:00+00:00,2026-09-20 04:53:00,86.2,1009.0,73
9.9,14.5,32.2,899.0,261.0,40.6,5.1,2.6,0.6,447.1,156.2,10.3,6.2,33.7,26.9,24.38,False,4095,0.0,15.7,0.0,EXT-OPEN-METEO-KHI,KARACHI,OPENSOURCE_API_GRID,1435,,,,0.95,True,True,TIER2_OPENSOURCE_PURE;CONTINUOUS_MINUTE_STREAM;VERIFIED_MODEL_GRID,ff24e05d3164e07b86ce65f7a3666d4bb765b2e9383449809482e930e252206e,2026-09-19T23:54:00+00:00,2026-09-20 04:54:00,86.1,1009.0,73
9.9,14.5,32.2,899.0,261.0,40.6,5.1,2.6,0.6,447.1,156.1,10.2,6.2,33.8,26.9,24.38,False,4095,0.0,15.8,0.0,EXT-OPEN-METEO-KHI,KARACHI,OPENSOURCE_API_GRID,1436,,,,0.95,True,True,TIER2_OPENSOURCE_PURE;CONTINUOUS_MINUTE_STREAM;VERIFIED_MODEL_GRID,4dcbaf3d9a19a3d46cf3ba2cb2acafa30e88c99bac2cfbacaf0b506a41839778,2026-09-19T23:55:00+00:00,2026-09-20 04:55:00,86.1,1008.9,73
9.9,14.5,32.1,899.0,261.0,40.6,5.1,2.6,0.6,447.0,156.1,10.2,6.2,33.9,26.9,24.36,False,4095,0.0,15.8,0.0,EXT-OPEN-METEO-KHI,KARACHI,OPENSOURCE_API_GRID,1437,,,,0.95,True,True,TIER2_OPENSOURCE_PURE;CONTINUOUS_MINUTE_STREAM;VERIFIED_MODEL_GRID,d3f8ee4b7e6eba30256ff51d7041ecfb2e0c53f57067ef273f9feb83a2c831f3,2026-09-19T23:56:00+00:00,2026-09-20 04:56:00,86.0,1008.9,73
9.8,14.4,32.1,892.8,259.2,40.3,5.0,2.6,0.6,447.0,156.0,10.1,6.2,33.9,26.9,24.36,False,4095,0.0,15.9,0.0,EXT-OPEN-METEO-KHI,KARACHI,OPENSOURCE_API_GRID,1438,,,,0.95,True,True,TIER2_OPENSOURCE_PURE;CONTINUOUS_MINUTE_STREAM;VERIFIED_MODEL_GRID,d548a66c9d11200747a4cfe19ea62b47caf238489f522f3c6c658030640d7c90,2026-09-19T23:57:00+00:00,2026-09-20 04:57:00,86.0,1008.9,73
9.8,14.4,32.0,892.8,259.2,40.3,5.0,2.6,0.6,447.0,156.0,10.1,6.2,34.0,26.9,24.34,False,4095,0.0,16.0,0.0,EXT-OPEN-METEO-KHI,KARACHI,OPENSOURCE_API_GRID,1439,,,,0.95,True,True,TIER2_OPENSOURCE_PURE;CONTINUOUS_MINUTE_STREAM;VERIFIED_MODEL_GRID,b52ca202900426539f0a15899beb9ffd89e8336feca7964e1b26288ca631d9bd,2026-09-19T23:58:00+00:00,2026-09-20 04:58:00,85.9,1008.9,73
9.8,14.4,32.0,892.8,259.2,40.3,5.0,2.6,0.6,447.0,156.0,10.1,6.2,34.0,26.9,24.34,False,4095,0.0,16.0,0.0,EXT-OPEN-METEO-KHI,KARACHI,OPENSOURCE_API_GRID,1440,,,,0.95,True,True,TIER2_OPENSOURCE_PURE;CONTINUOUS_MINUTE_STREAM;VERIFIED_MODEL_GRID,ecc646de33954610c208b6f4c74f02e7362079adf04542cc8731ecb2200a110e,2026-09-19T23:59:00+00:00,2026-09-20 04:59:00,85.9,1008.9,73
