pm1_raw,pm2_5_raw,pm10_raw,particle_bin_0_3um,particle_bin_0_5um,particle_bin_1_0um,particle_bin_2_5um,particle_bin_5_0um,particle_bin_10_0um,co2_ppm,co_ug_m3,no2_ug_m3,so2_ug_m3,o3_ug_m3,temperature_c,dew_point_c,rain_flag,precipitation_analog_val,precipitation_mm,cloud_cover_pct,solar_radiation_w_m2,station_id,campus_id,device_uid,sequence_number,battery_voltage_v,wifi_rssi_dbm,free_heap_bytes,quality_score,is_valid,is_interpolated,qc_flags,content_hash,observed_at_utc,observed_at_pk,humidity_pct,pressure_hpa,aqi
15.7,23.1,37.4,1432.2,415.8,64.7,8.1,3.0,0.7,450.0,154.0,10.0,6.5,47.0,28.2,23.17,False,4095,0.0,10.0,0.0,EXT-OPEN-METEO-KHI,KARACHI,OPENSOURCE_API_GRID,1,,,,0.95,True,False,TIER2_OPENSOURCE_PURE;HOURLY_NODE;VERIFIED_MODEL_GRID,83ed3d54a287ab845c35ab1edb5c42504eade5f2f3d7f7e10ab7573ed10ae4b3,2026-09-22T00:00:00+00:00,2026-09-22 05:00:00,74.2,1007.3,81
15.7,23.1,37.5,1432.2,415.8,64.7,8.1,3.0,0.8,450.0,154.2,10.0,6.5,47.0,28.2,23.15,False,4095,0.0,10.0,0.0,EXT-OPEN-METEO-KHI,KARACHI,OPENSOURCE_API_GRID,2,,,,0.95,True,True,TIER2_OPENSOURCE_PURE;CONTINUOUS_MINUTE_STREAM;VERIFIED_MODEL_GRID,007016a26183d0ad70b706d517a2f5893301615dcc3d3b981a9c2f5d0678f913,2026-09-22T00:01:00+00:00,2026-09-22 05:01:00,74.1,1007.3,81
15.8,23.2,37.5,1438.4,417.6,65.0,8.1,3.0,0.8,450.0,154.6,10.0,6.5,47.0,28.2,23.15,False,4095,0.0,10.0,0.0,EXT-OPEN-METEO-KHI,KARACHI,OPENSOURCE_API_GRID,3,,,,0.95,True,True,TIER2_OPENSOURCE_PURE;CONTINUOUS_MINUTE_STREAM;VERIFIED_MODEL_GRID,74074f93147cbb27432ab4ee569aba410845540f29edc3d684be057356e08e26,2026-09-22T00:02:00+00:00,2026-09-22 05:02:00,74.1,1007.3,81
15.8,23.2,37.6,1438.4,417.6,65.0,8.1,3.0,0.8,450.0,155.4,10.0,6.5,47.0,28.2,23.15,False,4095,0.0,10.0,0.0,EXT-OPEN-METEO-KHI,KARACHI,OPENSOURCE_API_GRID,4,,,,0.95,True,True,TIER2_OPENSOURCE_PURE;CONTINUOUS_MINUTE_STREAM;VERIFIED_MODEL_GRID,561a20e860c8ebeba6e66f20771c6be7a470e6426a4b3ed2a8b013e453b25384,2026-09-22T00:03:00+00:00,2026-09-22 05:03:00,74.1,1007.3,81
15.8,23.3,37.6,1444.6,419.4,65.2,8.2,3.0,0.8,450.0,156.4,10.1,6.5,46.9,28.2,23.15,False,4095,0.0,10.0,0.0,EXT-OPEN-METEO-KHI,KARACHI,OPENSOURCE_API_GRID,5,,,,0.95,True,True,TIER2_OPENSOURCE_PURE;CONTINUOUS_MINUTE_STREAM;VERIFIED_MODEL_GRID,e4c51fb12449b62ff1aa01f7fff8227f9c36c76cae48b257036c486c51821038,2026-09-22T00:04:00+00:00,2026-09-22 05:04:00,74.1,1007.3,81
15.8,23.3,37.7,1444.6,419.4,65.2,8.2,3.0,0.8,450.1,157.8,10.1,6.5,46.9,28.2,23.15,False,4095,0.0,10.0,0.0,EXT-OPEN-METEO-KHI,KARACHI,OPENSOURCE_API_GRID,6,,,,0.95,True,True,TIER2_OPENSOURCE_PURE;CONTINUOUS_MINUTE_STREAM;VERIFIED_MODEL_GRID,0a7dfeb3252052ebd9d18b6ec488d431087551b1ab8ec8783b40d113d0bf2a67,2026-09-22T00:05:00+00:00,2026-09-22 05:05:00,74.1,1007.3,81
15.8,23.3,37.7,1444.6,419.4,65.2,8.2,3.0,0.8,450.1,159.5,10.1,6.5,46.9,28.2,23.15,False,4095,0.0,10.0,0.0,EXT-OPEN-METEO-KHI,KARACHI,OPENSOURCE_API_GRID,7,,,,0.95,True,True,TIER2_OPENSOURCE_PURE;CONTINUOUS_MINUTE_STREAM;VERIFIED_MODEL_GRID,198d7401e266d578c4e50b7b069d319be5a5c8ffa17715b8ec72dab91039c2c6,2026-09-22T00:06:00+00:00,2026-09-22 05:06:00,74.1,1007.3,81
15.8,23.3,37.7,1444.6,419.4,65.2,8.2,3.0,0.8,450.1,161.4,10.2,6.5,46.8,28.2,23.15,False,4095,0.0,10.0,0.0,EXT-OPEN-METEO-KHI,KARACHI,OPENSOURCE_API_GRID,8,,,,0.95,True,True,TIER2_OPENSOURCE_PURE;CONTINUOUS_MINUTE_STREAM;VERIFIED_MODEL_GRID,b92b5bc3f6b8997cea594532d1b38dd63dca5c80d2a752ad058daa4010126a42,2026-09-22T00:07:00+00:00,2026-09-22 05:07:00,74.1,1007.3,81
15.8,23.3,37.7,1444.6,419.4,65.2,8.2,3.0,0.8,450.2,163.6,10.2,6.5,46.7,28.2,23.15,False,4095,0.0,10.0,0.0,EXT-OPEN-METEO-KHI,KARACHI,OPENSOURCE_API_GRID,9,,,,0.95,True,True,TIER2_OPENSOURCE_PURE;CONTINUOUS_MINUTE_STREAM;VERIFIED_MODEL_GRID,4315991b72e2607faffc855d6c69f11adaa4b53bee4855459eb58562c5489bce,2026-09-22T00:08:00+00:00,2026-09-22 05:08:00,74.1,1007.3,81
15.8,23.3,37.7,1444.6,419.4,65.2,8.2,3.0,0.8,450.2,166.2,10.3,6.6,46.7,28.2,23.15,False,4095,0.0,10.0,0.0,EXT-OPEN-METEO-KHI,KARACHI,OPENSOURCE_API_GRID,10,,,,0.95,True,True,TIER2_OPENSOURCE_PURE;CONTINUOUS_MINUTE_STREAM;VERIFIED_MODEL_GRID,a8ef6394b5c5713711536b179801b60cf660410411c35f28fc1d6dcdec292b08,2026-09-22T00:09:00+00:00,2026-09-22 05:09:00,74.1,1007.3,81
15.8,23.3,37.7,1444.6,419.4,65.2,8.2,3.0,0.8,450.3,168.9,10.3,6.6,46.6,28.2,23.15,False,4095,0.0,10.0,0.0,EXT-OPEN-METEO-KHI,KARACHI,OPENSOURCE_API_GRID,11,,,,0.95,True,True,TIER2_OPENSOURCE_PURE;CONTINUOUS_MINUTE_STREAM;VERIFIED_MODEL_GRID,8f847c674ffbc1c5bf288ca244ee7628213462ab8f349a11ad75f171bba40b75,2026-09-22T00:10:00+00:00,2026-09-22 05:10:00,74.1,1007.4,81
15.8,23.3,37.7,1444.6,419.4,65.2,8.2,3.0,0.8,450.3,172.0,10.4,6.6,46.5,28.2,23.15,False,4095,0.0,10.0,0.0,EXT-OPEN-METEO-KHI,KARACHI,OPENSOURCE_API_GRID,12,,,,0.95,True,True,TIER2_OPENSOURCE_PURE;CONTINUOUS_MINUTE_STREAM;VERIFIED_MODEL_GRID,dfe91fab1d63670afd666d80148ee0810c3aa3bc4b1ade2147097f6559a844fd,2026-09-22T00:11:00+00:00,2026-09-22 05:11:00,74.1,1007.4,81
15.8,23.2,37.6,1438.4,417.6,65.0,8.1,3.0,0.8,450.4,175.3,10.5,6.6,46.4,28.2,23.15,False,4095,0.0,10.0,0.0,EXT-OPEN-METEO-KHI,KARACHI,OPENSOURCE_API_GRID,13,,,,0.95,True,True,TIER2_OPENSOURCE_PURE;CONTINUOUS_MINUTE_STREAM;VERIFIED_MODEL_GRID,1d57a09ec672db5c35c258a582e577c0831e1945ae9970f52cc1558a25a9ff5b,2026-09-22T00:12:00+00:00,2026-09-22 05:12:00,74.1,1007.4,81
15.8,23.2,37.6,1438.4,417.6,65.0,8.1,3.0,0.8,450.4,178.8,10.6,6.6,46.3,28.2,23.15,False,4095,0.0,10.0,0.0,EXT-OPEN-METEO-KHI,KARACHI,OPENSOURCE_API_GRID,14,,,,0.95,True,True,TIER2_OPENSOURCE_PURE;CONTINUOUS_MINUTE_STREAM;VERIFIED_MODEL_GRID,de75416744523a9968c7bb4898fa526cd08e54292fac14e6132be4c8bdf24e9f,2026-09-22T00:13:00+00:00,2026-09-22 05:13:00,74.1,1007.4,81
15.8,23.2,37.5,1438.4,417.6,65.0,8.1,3.0,0.8,450.5,182.6,10.7,6.6,46.2,28.2,23.17,False,4095,0.0,10.0,0.0,EXT-OPEN-METEO-KHI,KARACHI,OPENSOURCE_API_GRID,15,,,,0.95,True,True,TIER2_OPENSOURCE_PURE;CONTINUOUS_MINUTE_STREAM;VERIFIED_MODEL_GRID,8f555f9da86c122f5b1e894ff33c5e4d8663b3bfa4e93a055a519ea500ddc399,2026-09-22T00:14:00+00:00,2026-09-22 05:14:00,74.2,1007.4,81
15.7,23.1,37.5,1432.2,415.8,64.7,8.1,3.0,0.8,450.6,186.7,10.8,6.6,46.1,28.1,23.07,False,4095,0.0,10.0,0.0,EXT-OPEN-METEO-KHI,KARACHI,OPENSOURCE_API_GRID,16,,,,0.95,True,True,TIER2_OPENSOURCE_PURE;CONTINUOUS_MINUTE_STREAM;VERIFIED_MODEL_GRID,6db399dea5ffed55c28bea56aeff5ffe8de3b6fc187512d7dbc954c37a570fbf,2026-09-22T00:15:00+00:00,2026-09-22 05:15:00,74.2,1007.4,81
15.7,23.1,37.4,1432.2,415.8,64.7,8.1,3.0,0.7,450.7,190.9,10.9,6.7,46.0,28.1,23.07,False,4095,0.0,10.0,0.0,EXT-OPEN-METEO-KHI,KARACHI,OPENSOURCE_API_GRID,17,,,,0.95,True,True,TIER2_OPENSOURCE_PURE;CONTINUOUS_MINUTE_STREAM;VERIFIED_MODEL_GRID,3b3dfc1e8018f6fa66259c859971b4e3008c74c1f0bd18af1ac54245183b583d,2026-09-22T00:16:00+00:00,2026-09-22 05:16:00,74.2,1007.4,81
15.7,23.1,37.4,1432.2,415.8,64.7,8.1,3.0,0.7,450.7,195.3,11.0,6.7,45.9,28.1,23.07,False,4095,0.0,10.0,0.0,EXT-OPEN-METEO-KHI,KARACHI,OPENSOURCE_API_GRID,18,,,,0.95,True,True,TIER2_OPENSOURCE_PURE;CONTINUOUS_MINUTE_STREAM;VERIFIED_MODEL_GRID,941d2a1f093080d3513a58ac291b1e2ce9022307cdd090739eca749828ac44e8,2026-09-22T00:17:00+00:00,2026-09-22 05:17:00,74.2,1007.4,81
15.6,23.0,37.4,1426.0,414.0,64.4,8.0,3.0,0.7,450.8,200.0,11.1,6.7,45.8,28.1,23.1,False,4095,0.0,10.0,0.0,EXT-OPEN-METEO-KHI,KARACHI,OPENSOURCE_API_GRID,19,,,,0.95,True,True,TIER2_OPENSOURCE_PURE;CONTINUOUS_MINUTE_STREAM;VERIFIED_MODEL_GRID,94aab092a1f72efaa9cd3b0aa22e39c1a9711657252d6b5a37ff71ed0a7261fd,2026-09-22T00:18:00+00:00,2026-09-22 05:18:00,74.3,1007.4,81
15.6,23.0,37.3,1426.0,414.0,64.4,8.0,3.0,0.7,450.9,204.8,11.2,6.7,45.6,28.1,23.1,False,4095,0.0,10.0,0.0,EXT-OPEN-METEO-KHI,KARACHI,OPENSOURCE_API_GRID,20,,,,0.95,True,True,TIER2_OPENSOURCE_PURE;CONTINUOUS_MINUTE_STREAM;VERIFIED_MODEL_GRID,10898f93dc6086345d655fe15cd3b15ce6724d473d3182dfd341a7a294954cf6,2026-09-22T00:19:00+00:00,2026-09-22 05:19:00,74.3,1007.4,81
15.6,23.0,37.3,1426.0,414.0,64.4,8.0,3.0,0.7,451.0,209.8,11.3,6.8,45.5,28.1,23.12,False,4095,0.0,10.0,0.0,EXT-OPEN-METEO-KHI,KARACHI,OPENSOURCE_API_GRID,21,,,,0.95,True,True,TIER2_OPENSOURCE_PURE;CONTINUOUS_MINUTE_STREAM;VERIFIED_MODEL_GRID,b0ca0b3e979ca5cd544f98f7a61caa4a5b700def0de44718bd1fe82ae6ac1b73,2026-09-22T00:20:00+00:00,2026-09-22 05:20:00,74.4,1007.4,81
15.6,23.0,37.3,1426.0,414.0,64.4,8.0,3.0,0.7,451.1,214.9,11.4,6.8,45.4,28.0,23.02,False,4095,0.0,10.0,0.0,EXT-OPEN-METEO-KHI,KARACHI,OPENSOURCE_API_GRID,22,,,,0.95,True,True,TIER2_OPENSOURCE_PURE;CONTINUOUS_MINUTE_STREAM;VERIFIED_MODEL_GRID,54eff31db396d640c2efb39c6adb5f3ad4d227e69cd1f82ddfc88db102710359,2026-09-22T00:21:00+00:00,2026-09-22 05:21:00,74.4,1007.4,81
15.6,23.0,37.4,1426.0,414.0,64.4,8.0,3.0,0.7,451.2,220.1,11.5,6.8,45.2,28.0,23.04,False,4095,0.0,10.0,0.0,EXT-OPEN-METEO-KHI,KARACHI,OPENSOURCE_API_GRID,23,,,,0.95,True,True,TIER2_OPENSOURCE_PURE;CONTINUOUS_MINUTE_STREAM;VERIFIED_MODEL_GRID,1995507ae28f6016c0c2dfce0319b631ef82265e701411e78703cb2f9368b554,2026-09-22T00:22:00+00:00,2026-09-22 05:22:00,74.5,1007.5,81
15.6,23.0,37.4,1426.0,414.0,64.4,8.0,3.0,0.7,451.3,225.5,11.7,6.8,45.1,28.0,23.04,False,4095,0.0,10.0,0.0,EXT-OPEN-METEO-KHI,KARACHI,OPENSOURCE_API_GRID,24,,,,0.95,True,True,TIER2_OPENSOURCE_PURE;CONTINUOUS_MINUTE_STREAM;VERIFIED_MODEL_GRID,40f18773707e8439d54f61e705a5de05b1c7c4235cb736cdc84f8bde2137eb76,2026-09-22T00:23:00+00:00,2026-09-22 05:23:00,74.5,1007.5,81
15.7,23.1,37.5,1432.2,415.8,64.7,8.1,3.0,0.8,451.4,231.0,11.8,6.8,44.9,28.0,23.07,False,4095,0.0,10.0,0.0,EXT-OPEN-METEO-KHI,KARACHI,OPENSOURCE_API_GRID,25,,,,0.95,True,True,TIER2_OPENSOURCE_PURE;CONTINUOUS_MINUTE_STREAM;VERIFIED_MODEL_GRID,142f31b9f193b11463b4b615c965b5beccd6981a4f3264b4510a7fb2e259ccde,2026-09-22T00:24:00+00:00,2026-09-22 05:24:00,74.6,1007.5,81
15.7,23.1,37.5,1432.2,415.8,64.7,8.1,3.0,0.8,451.5,236.6,11.9,6.9,44.8,28.0,23.09,False,4095,0.0,10.0,0.0,EXT-OPEN-METEO-KHI,KARACHI,OPENSOURCE_API_GRID,26,,,,0.95,True,True,TIER2_OPENSOURCE_PURE;CONTINUOUS_MINUTE_STREAM;VERIFIED_MODEL_GRID,703410f008db25bd4f7652936be8512ce06687c3e6e110b3f95d6169169ffd8a,2026-09-22T00:25:00+00:00,2026-09-22 05:25:00,74.7,1007.5,81
15.8,23.2,37.6,1438.4,417.6,65.0,8.1,3.0,0.8,451.6,242.3,12.1,6.9,44.6,28.0,23.09,False,4095,0.0,10.0,0.0,EXT-OPEN-METEO-KHI,KARACHI,OPENSOURCE_API_GRID,27,,,,0.95,True,True,TIER2_OPENSOURCE_PURE;CONTINUOUS_MINUTE_STREAM;VERIFIED_MODEL_GRID,2d681ac5c0cd987893560f5c1bca6efdf299ecd99a1d741c5b9bd136ca9d00c1,2026-09-22T00:26:00+00:00,2026-09-22 05:26:00,74.7,1007.5,81
15.8,23.2,37.7,1438.4,417.6,65.0,8.1,3.0,0.8,451.7,248.1,12.2,6.9,44.5,28.0,23.11,False,4095,0.0,10.0,0.0,EXT-OPEN-METEO-KHI,KARACHI,OPENSOURCE_API_GRID,28,,,,0.95,True,True,TIER2_OPENSOURCE_PURE;CONTINUOUS_MINUTE_STREAM;VERIFIED_MODEL_GRID,908d4e15564b2eb7180a56008e44c6f11413472fe03f444ae61c3c332a17c4d7,2026-09-22T00:27:00+00:00,2026-09-22 05:27:00,74.8,1007.5,81
15.8,23.3,37.8,1444.6,419.4,65.2,8.2,3.0,0.8,451.8,253.8,12.3,6.9,44.3,28.0,23.13,False,4095,0.0,10.0,0.0,EXT-OPEN-METEO-KHI,KARACHI,OPENSOURCE_API_GRID,29,,,,0.95,True,True,TIER2_OPENSOURCE_PURE;CONTINUOUS_MINUTE_STREAM;VERIFIED_MODEL_GRID,33f6845fded9abe097c9bd42428fa66ac029175b3fe42e620a93b562de0d906e,2026-09-22T00:28:00+00:00,2026-09-22 05:28:00,74.9,1007.5,81
15.8,23.3,37.9,1444.6,419.4,65.2,8.2,3.0,0.8,451.9,259.7,12.5,7.0,44.2,28.0,23.15,False,4095,0.0,10.0,0.0,EXT-OPEN-METEO-KHI,KARACHI,OPENSOURCE_API_GRID,30,,,,0.95,True,True,TIER2_OPENSOURCE_PURE;CONTINUOUS_MINUTE_STREAM;VERIFIED_MODEL_GRID,14d709098b48ca4a5f250fc41f14aed90f68b14c34d25e5f1519cfea2e3eaf79,2026-09-22T00:29:00+00:00,2026-09-22 05:29:00,75.0,1007.5,81
15.9,23.4,38.0,1450.8,421.2,65.5,8.2,3.0,0.8,452.0,265.5,12.6,7.0,44.0,28.0,23.15,False,4095,0.0,10.0,0.0,EXT-OPEN-METEO-KHI,KARACHI,OPENSOURCE_API_GRID,31,,,,0.95,True,True,TIER2_OPENSOURCE_PURE;CONTINUOUS_MINUTE_STREAM;VERIFIED_MODEL_GRID,dc5e3ecaf0e4ac372bed9b7f82b6bdab7d2efad8f26b843f9627d104e3b20a8e,2026-09-22T00:30:00+00:00,2026-09-22 05:30:00,75.0,1007.5,81
15.8,23.3,37.9,1444.6,419.4,65.2,8.2,3.0,0.8,452.1,271.3,12.7,7.0,43.8,28.0,23.2,False,4095,0.0,10.0,0.0,EXT-OPEN-METEO-KHI,KARACHI,OPENSOURCE_API_GRID,32,,,,0.95,True,True,TIER2_OPENSOURCE_PURE;CONTINUOUS_MINUTE_STREAM;VERIFIED_MODEL_GRID,26d8b51b763f733b0a44b1eeb22ec25caea4ca672e27ed34a52b9f44d2a76844,2026-09-22T00:31:00+00:00,2026-09-22 05:31:00,75.2,1007.6,81
15.9,23.4,38.0,1450.8,421.2,65.5,8.2,3.0,0.8,452.2,277.2,12.9,7.1,43.7,28.0,23.22,False,4095,0.0,10.0,0.0,EXT-OPEN-METEO-KHI,KARACHI,OPENSOURCE_API_GRID,33,,,,0.95,True,True,TIER2_OPENSOURCE_PURE;CONTINUOUS_MINUTE_STREAM;VERIFIED_MODEL_GRID,b6b4b24753bd99515b080179fcc45d27f4fe18ef3a8e5cdc33b291df8679dd59,2026-09-22T00:32:00+00:00,2026-09-22 05:32:00,75.3,1007.6,81
15.9,23.4,38.0,1450.8,421.2,65.5,8.2,3.0,0.8,452.3,282.9,13.0,7.1,43.5,28.0,23.22,False,4095,0.0,10.0,0.0,EXT-OPEN-METEO-KHI,KARACHI,OPENSOURCE_API_GRID,34,,,,0.95,True,True,TIER2_OPENSOURCE_PURE;CONTINUOUS_MINUTE_STREAM;VERIFIED_MODEL_GRID,5cf5c1474ce6a23c87893d061cb17c5d5d2c22cb7cca3400729cdbd1276b70ca,2026-09-22T00:33:00+00:00,2026-09-22 05:33:00,75.3,1007.6,81
16.0,23.5,38.1,1457.0,423.0,65.8,8.2,3.0,0.8,452.4,288.7,13.1,7.1,43.4,28.0,23.22,False,4095,0.0,10.0,0.0,EXT-OPEN-METEO-KHI,KARACHI,OPENSOURCE_API_GRID,35,,,,0.95,True,True,TIER2_OPENSOURCE_PURE;CONTINUOUS_MINUTE_STREAM;VERIFIED_MODEL_GRID,a27848f3cce618ff4c3adca0ed129dad7e4827cad35c2ac1657b5239ece69b0d,2026-09-22T00:34:00+00:00,2026-09-22 05:34:00,75.3,1007.6,81
16.0,23.5,38.2,1457.0,423.0,65.8,8.2,3.1,0.8,452.5,294.4,13.3,7.1,43.2,28.0,23.24,False,4095,0.0,10.0,0.0,EXT-OPEN-METEO-KHI,KARACHI,OPENSOURCE_API_GRID,36,,,,0.95,True,True,TIER2_OPENSOURCE_PURE;CONTINUOUS_MINUTE_STREAM;VERIFIED_MODEL_GRID,e731146b31ab4576ae4dfb1e1303a892c0d8e80da59ba1e89bfdb3d0213e3287,2026-09-22T00:35:00+00:00,2026-09-22 05:35:00,75.4,1007.6,81
16.0,23.5,38.3,1457.0,423.0,65.8,8.2,3.1,0.8,452.6,300.0,13.4,7.2,43.1,28.0,23.24,False,4095,0.0,10.0,0.0,EXT-OPEN-METEO-KHI,KARACHI,OPENSOURCE_API_GRID,37,,,,0.95,True,True,TIER2_OPENSOURCE_PURE;CONTINUOUS_MINUTE_STREAM;VERIFIED_MODEL_GRID,a2f5db15848202585111fd2fa5c6dddb9b54b0320280f8dbf86f54fe3d96d3fd,2026-09-22T00:36:00+00:00,2026-09-22 05:36:00,75.4,1007.6,81
16.0,23.6,38.3,1463.2,424.8,66.1,8.3,3.1,0.8,452.7,305.5,13.5,7.2,42.9,28.0,23.24,False,4095,0.0,10.0,0.0,EXT-OPEN-METEO-KHI,KARACHI,OPENSOURCE_API_GRID,38,,,,0.95,True,True,TIER2_OPENSOURCE_PURE;CONTINUOUS_MINUTE_STREAM;VERIFIED_MODEL_GRID,492b082aefe6d852ee066fdbe395130ea0e3a9abd61f08cbc1d24e661f5acfb7,2026-09-22T00:37:00+00:00,2026-09-22 05:37:00,75.4,1007.7,81
16.0,23.6,38.3,1463.2,424.8,66.1,8.3,3.1,0.8,452.8,310.9,13.7,7.2,42.8,28.0,23.26,False,4095,0.0,10.0,0.0,EXT-OPEN-METEO-KHI,KARACHI,OPENSOURCE_API_GRID,39,,,,0.95,True,True,TIER2_OPENSOURCE_PURE;CONTINUOUS_MINUTE_STREAM;VERIFIED_MODEL_GRID,0726f08b5c519a9312b436921b606d431d609e8526d0c603065b32beff54e63b,2026-09-22T00:38:00+00:00,2026-09-22 05:38:00,75.5,1007.7,81
16.0,23.6,38.3,1463.2,424.8,66.1,8.3,3.1,0.8,452.9,316.1,13.8,7.2,42.6,28.0,23.26,False,4095,0.0,10.0,0.0,EXT-OPEN-METEO-KHI,KARACHI,OPENSOURCE_API_GRID,40,,,,0.95,True,True,TIER2_OPENSOURCE_PURE;CONTINUOUS_MINUTE_STREAM;VERIFIED_MODEL_GRID,b2c1f1c8435cbf4d5fcaa404e2a8247ea1b6d0972e79c4ea038b2c881de1b438,2026-09-22T00:39:00+00:00,2026-09-22 05:39:00,75.5,1007.7,81
16.0,23.6,38.3,1463.2,424.8,66.1,8.3,3.1,0.8,453.0,321.2,13.9,7.2,42.5,27.9,23.17,False,4095,0.0,10.0,0.0,EXT-OPEN-METEO-KHI,KARACHI,OPENSOURCE_API_GRID,41,,,,0.95,True,True,TIER2_OPENSOURCE_PURE;CONTINUOUS_MINUTE_STREAM;VERIFIED_MODEL_GRID,35a745c2f48cb672d2914c996e501e53f1792e60e4bf0b4f34fac16cd3eaff10,2026-09-22T00:40:00+00:00,2026-09-22 05:40:00,75.5,1007.7,81
16.0,23.6,38.3,1463.2,424.8,66.1,8.3,3.1,0.8,453.1,326.2,14.0,7.3,42.4,27.9,23.17,False,4095,0.0,10.0,0.0,EXT-OPEN-METEO-KHI,KARACHI,OPENSOURCE_API_GRID,42,,,,0.95,True,True,TIER2_OPENSOURCE_PURE;CONTINUOUS_MINUTE_STREAM;VERIFIED_MODEL_GRID,13b59a31d257bff140fa4d00b9c1969f3d7c311dcfd73411190878b21edb6fe9,2026-09-22T00:41:00+00:00,2026-09-22 05:41:00,75.5,1007.7,81
16.0,23.5,38.3,1457.0,423.0,65.8,8.2,3.1,0.8,453.2,331.0,14.1,7.3,42.2,27.9,23.17,False,4095,0.0,10.0,0.0,EXT-OPEN-METEO-KHI,KARACHI,OPENSOURCE_API_GRID,43,,,,0.95,True,True,TIER2_OPENSOURCE_PURE;CONTINUOUS_MINUTE_STREAM;VERIFIED_MODEL_GRID,f24f3f0b1fc3a871cd79a1cd58603dbcb4f832313afdd75e5ed09a86d04959d5,2026-09-22T00:42:00+00:00,2026-09-22 05:42:00,75.5,1007.7,81
16.0,23.5,38.3,1457.0,423.0,65.8,8.2,3.1,0.8,453.3,335.7,14.2,7.3,42.1,27.9,23.19,False,4095,0.0,10.0,0.0,EXT-OPEN-METEO-KHI,KARACHI,OPENSOURCE_API_GRID,44,,,,0.95,True,True,TIER2_OPENSOURCE_PURE;CONTINUOUS_MINUTE_STREAM;VERIFIED_MODEL_GRID,494e48701e561cbc3e7fa406443e65cfe99562652a957da30bc75fe7a8783d9d,2026-09-22T00:43:00+00:00,2026-09-22 05:43:00,75.6,1007.7,81
16.0,23.5,38.2,1457.0,423.0,65.8,8.2,3.1,0.8,453.3,340.1,14.3,7.3,42.0,27.9,23.19,False,4095,0.0,10.0,0.0,EXT-OPEN-METEO-KHI,KARACHI,OPENSOURCE_API_GRID,45,,,,0.95,True,True,TIER2_OPENSOURCE_PURE;CONTINUOUS_MINUTE_STREAM;VERIFIED_MODEL_GRID,be23ef187e6a3cfb46202236a10e1b1de21388cb8c0f6e5dfd688ddbb3d6d427,2026-09-22T00:44:00+00:00,2026-09-22 05:44:00,75.6,1007.7,81
15.9,23.4,38.2,1450.8,421.2,65.5,8.2,3.1,0.8,453.4,344.3,14.4,7.4,41.9,27.9,23.19,False,4095,0.0,10.0,0.0,EXT-OPEN-METEO-KHI,KARACHI,OPENSOURCE_API_GRID,46,,,,0.95,True,True,TIER2_OPENSOURCE_PURE;CONTINUOUS_MINUTE_STREAM;VERIFIED_MODEL_GRID,90ab667c54eeafdb897fabe44fbc678caf4ada54b6890f0a10f1ce431f4814ec,2026-09-22T00:45:00+00:00,2026-09-22 05:45:00,75.6,1007.7,81
15.9,23.4,38.1,1450.8,421.2,65.5,8.2,3.0,0.8,453.5,348.4,14.5,7.4,41.8,27.9,23.19,False,4095,0.0,10.0,0.0,EXT-OPEN-METEO-KHI,KARACHI,OPENSOURCE_API_GRID,47,,,,0.95,True,True,TIER2_OPENSOURCE_PURE;CONTINUOUS_MINUTE_STREAM;VERIFIED_MODEL_GRID,aaaa3232e237e3cf894d06df5eca04ce138ec7301628d7b011b14384630cc120,2026-09-22T00:46:00+00:00,2026-09-22 05:46:00,75.6,1007.8,81
15.9,23.4,38.1,1450.8,421.2,65.5,8.2,3.0,0.8,453.6,352.2,14.6,7.4,41.7,27.8,23.09,False,4095,0.0,10.0,0.0,EXT-OPEN-METEO-KHI,KARACHI,OPENSOURCE_API_GRID,48,,,,0.95,True,True,TIER2_OPENSOURCE_PURE;CONTINUOUS_MINUTE_STREAM;VERIFIED_MODEL_GRID,26b3b70e3c8d2a2b2a106461a269352b48933c98204ac2bbc33d708e5c39cb6b,2026-09-22T00:47:00+00:00,2026-09-22 05:47:00,75.6,1007.8,81
15.8,23.3,38.0,1444.6,419.4,65.2,8.2,3.0,0.8,453.6,355.7,14.7,7.4,41.6,27.8,23.12,False,4095,0.0,10.0,0.0,EXT-OPEN-METEO-KHI,KARACHI,OPENSOURCE_API_GRID,49,,,,0.95,True,True,TIER2_OPENSOURCE_PURE;CONTINUOUS_MINUTE_STREAM;VERIFIED_MODEL_GRID,1e55175a121b1cd7e9ffe853d10bb416938dfad27561f4918fca959495ae9de6,2026-09-22T00:48:00+00:00,2026-09-22 05:48:00,75.7,1007.8,81
15.8,23.3,38.0,1444.6,419.4,65.2,8.2,3.0,0.8,453.7,359.0,14.8,7.4,41.5,27.8,23.12,False,4095,0.0,10.0,0.0,EXT-OPEN-METEO-KHI,KARACHI,OPENSOURCE_API_GRID,50,,,,0.95,True,True,TIER2_OPENSOURCE_PURE;CONTINUOUS_MINUTE_STREAM;VERIFIED_MODEL_GRID,c05cc7cc8834b47b768d2455ca28a1e7d62063ab25fbe24b4667f5c00dd733dd,2026-09-22T00:49:00+00:00,2026-09-22 05:49:00,75.7,1007.8,81
15.8,23.3,38.0,1444.6,419.4,65.2,8.2,3.0,0.8,453.7,362.1,14.9,7.4,41.4,27.8,23.12,False,4095,0.0,10.0,0.0,EXT-OPEN-METEO-KHI,KARACHI,OPENSOURCE_API_GRID,51,,,,0.95,True,True,TIER2_OPENSOURCE_PURE;CONTINUOUS_MINUTE_STREAM;VERIFIED_MODEL_GRID,570aa01fc97648bdd0011bf8bb2e419dce90cfe8411aaaa713419b3835d39475,2026-09-22T00:50:00+00:00,2026-09-22 05:50:00,75.7,1007.8,81
15.8,23.3,38.0,1444.6,419.4,65.2,8.2,3.0,0.8,453.8,364.8,14.9,7.4,41.3,27.8,23.12,False,4095,0.0,10.0,0.0,EXT-OPEN-METEO-KHI,KARACHI,OPENSOURCE_API_GRID,52,,,,0.95,True,True,TIER2_OPENSOURCE_PURE;CONTINUOUS_MINUTE_STREAM;VERIFIED_MODEL_GRID,4dd26b5344f6a560f82f446db8c52c305b21fd8b0789fbb1f67a0550c27fb213,2026-09-22T00:51:00+00:00,2026-09-22 05:51:00,75.7,1007.8,81
15.8,23.3,38.0,1444.6,419.4,65.2,8.2,3.0,0.8,453.8,367.4,15.0,7.5,41.3,27.8,23.14,False,4095,0.0,10.0,0.0,EXT-OPEN-METEO-KHI,KARACHI,OPENSOURCE_API_GRID,53,,,,0.95,True,True,TIER2_OPENSOURCE_PURE;CONTINUOUS_MINUTE_STREAM;VERIFIED_MODEL_GRID,36ef824b120f2f859512d03901620d3fffd2eb29a01a5d20378627de8996c793,2026-09-22T00:52:00+00:00,2026-09-22 05:52:00,75.8,1007.8,81
15.8,23.3,38.0,1444.6,419.4,65.2,8.2,3.0,0.8,453.9,369.6,15.0,7.5,41.2,27.8,23.14,False,4095,0.0,10.0,0.0,EXT-OPEN-METEO-KHI,KARACHI,OPENSOURCE_API_GRID,54,,,,0.95,True,True,TIER2_OPENSOURCE_PURE;CONTINUOUS_MINUTE_STREAM;VERIFIED_MODEL_GRID,ab948f71774eec16045434e1d2d9e9bf0d6c0b1398ca81a667d48f27959e864d,2026-09-22T00:53:00+00:00,2026-09-22 05:53:00,75.8,1007.8,81
15.8,23.3,38.0,1444.6,419.4,65.2,8.2,3.0,0.8,453.9,371.5,15.1,7.5,41.1,27.8,23.14,False,4095,0.0,10.0,0.0,EXT-OPEN-METEO-KHI,KARACHI,OPENSOURCE_API_GRID,55,,,,0.95,True,True,TIER2_OPENSOURCE_PURE;CONTINUOUS_MINUTE_STREAM;VERIFIED_MODEL_GRID,b3209ea023cc94a5d4d436afd0e887bf6f48eaa247f39166b5a5611d2c91add0,2026-09-22T00:54:00+00:00,2026-09-22 05:54:00,75.8,1007.8,81
15.8,23.3,38.0,1444.6,419.4,65.2,8.2,3.0,0.8,453.9,373.2,15.1,7.5,41.1,27.8,23.16,False,4095,0.0,10.0,0.0,EXT-OPEN-METEO-KHI,KARACHI,OPENSOURCE_API_GRID,56,,,,0.95,True,True,TIER2_OPENSOURCE_PURE;CONTINUOUS_MINUTE_STREAM;VERIFIED_MODEL_GRID,fb4c30d66db06ad3fec456529cc7e0c225284bbe9aef08a5c462c93f09242adb,2026-09-22T00:55:00+00:00,2026-09-22 05:55:00,75.9,1007.8,81
15.9,23.4,38.1,1450.8,421.2,65.5,8.2,3.0,0.8,454.0,374.6,15.1,7.5,41.1,27.8,23.16,False,4095,0.0,10.0,0.0,EXT-OPEN-METEO-KHI,KARACHI,OPENSOURCE_API_GRID,57,,,,0.95,True,True,TIER2_OPENSOURCE_PURE;CONTINUOUS_MINUTE_STREAM;VERIFIED_MODEL_GRID,711c7927f4df75f0b9007b44a040b08b3a98a5f35bfa861d9c1bb7fbe5fd3a1d,2026-09-22T00:56:00+00:00,2026-09-22 05:56:00,75.9,1007.8,81
15.9,23.4,38.1,1450.8,421.2,65.5,8.2,3.0,0.8,454.0,375.6,15.2,7.5,41.0,27.8,23.16,False,4095,0.0,10.0,0.0,EXT-OPEN-METEO-KHI,KARACHI,OPENSOURCE_API_GRID,58,,,,0.95,True,True,TIER2_OPENSOURCE_PURE;CONTINUOUS_MINUTE_STREAM;VERIFIED_MODEL_GRID,d103efda435700098d686126986be2511db9e129a73dfb97fcc536d21d6c2144,2026-09-22T00:57:00+00:00,2026-09-22 05:57:00,75.9,1007.8,81
15.9,23.4,38.2,1450.8,421.2,65.5,8.2,3.1,0.8,454.0,376.4,15.2,7.5,41.0,27.8,23.18,False,4095,0.0,10.0,0.0,EXT-OPEN-METEO-KHI,KARACHI,OPENSOURCE_API_GRID,59,,,,0.95,True,True,TIER2_OPENSOURCE_PURE;CONTINUOUS_MINUTE_STREAM;VERIFIED_MODEL_GRID,1c53d8ce646019ed125ce6e3946086f19d3459c7c7f41274c06007abf6316301,2026-09-22T00:58:00+00:00,2026-09-22 05:58:00,76.0,1007.8,81
16.0,23.5,38.3,1457.0,423.0,65.8,8.2,3.1,0.8,454.0,376.8,15.2,7.5,41.0,27.8,23.18,False,4095,0.0,10.0,0.0,EXT-OPEN-METEO-KHI,KARACHI,OPENSOURCE_API_GRID,60,,,,0.95,True,True,TIER2_OPENSOURCE_PURE;CONTINUOUS_MINUTE_STREAM;VERIFIED_MODEL_GRID,aad3663f8b4e814c7ac510beae1a0d409bc7904e55c94a0c30a758ebccd6ebcb,2026-09-22T00:59:00+00:00,2026-09-22 05:59:00,76.0,1007.8,81
16.0,23.5,38.3,1457.0,423.0,65.8,8.2,3.1,0.8,454.0,377.0,15.2,7.5,41.0,27.8,23.18,False,4095,0.0,10.0,0.0,EXT-OPEN-METEO-KHI,KARACHI,OPENSOURCE_API_GRID,61,,,,0.95,True,False,TIER2_OPENSOURCE_PURE;HOURLY_NODE;VERIFIED_MODEL_GRID,439941efa3bbfb6449e0b0e79e89ca71b2cd0255c964e52de55d13c042e6936e,2026-09-22T01:00:00+00:00,2026-09-22 06:00:00,76.0,1007.8,82
16.0,23.6,38.4,1463.2,424.8,66.1,8.3,3.1,0.8,454.0,377.2,15.2,7.5,41.0,27.8,23.18,False,4095,0.0,10.0,0.0,EXT-OPEN-METEO-KHI,KARACHI,OPENSOURCE_API_GRID,62,,,,0.95,True,True,TIER2_OPENSOURCE_PURE;CONTINUOUS_MINUTE_STREAM;VERIFIED_MODEL_GRID,16455f3f9d7f40494dc3daa9aa76bc4021daa346a41696aba347f7061906092f,2026-09-22T01:01:00+00:00,2026-09-22 06:01:00,76.0,1007.8,82
16.0,23.5,38.3,1457.0,423.0,65.8,8.2,3.1,0.8,454.0,377.8,15.2,7.5,41.0,27.8,23.22,False,4095,0.0,10.0,0.2,EXT-OPEN-METEO-KHI,KARACHI,OPENSOURCE_API_GRID,63,,,,0.95,True,True,TIER2_OPENSOURCE_PURE;CONTINUOUS_MINUTE_STREAM;VERIFIED_MODEL_GRID,66ca1ae01f62d70ddc0894afa01d382d805d61ec76c8cbe8fa83602910b2d9d4,2026-09-22T01:02:00+00:00,2026-09-22 06:02:00,76.2,1007.8,82
16.0,23.6,38.4,1463.2,424.8,66.1,8.3,3.1,0.8,454.0,378.9,15.2,7.5,41.0,27.8,23.22,False,4095,0.0,10.0,0.4,EXT-OPEN-METEO-KHI,KARACHI,OPENSOURCE_API_GRID,64,,,,0.95,True,True,TIER2_OPENSOURCE_PURE;CONTINUOUS_MINUTE_STREAM;VERIFIED_MODEL_GRID,a04bfa3bfc4023af53f4656812801eb15a0aa57eee18090926c75a8d248ac5f7,2026-09-22T01:03:00+00:00,2026-09-22 06:03:00,76.2,1007.8,82
16.0,23.6,38.5,1463.2,424.8,66.1,8.3,3.1,0.8,454.1,380.3,15.3,7.5,40.9,27.8,23.22,False,4095,0.0,10.0,0.7,EXT-OPEN-METEO-KHI,KARACHI,OPENSOURCE_API_GRID,65,,,,0.95,True,True,TIER2_OPENSOURCE_PURE;CONTINUOUS_MINUTE_STREAM;VERIFIED_MODEL_GRID,1428e2197db563eba3bb248609f14fd7480714f6ae268d15fa5c511b63d6976c,2026-09-22T01:04:00+00:00,2026-09-22 06:04:00,76.2,1007.8,82
16.1,23.7,38.5,1469.4,426.6,66.4,8.3,3.1,0.8,454.1,382.2,15.3,7.5,40.9,27.8,23.2,False,4095,0.0,10.0,1.0,EXT-OPEN-METEO-KHI,KARACHI,OPENSOURCE_API_GRID,66,,,,0.95,True,True,TIER2_OPENSOURCE_PURE;CONTINUOUS_MINUTE_STREAM;VERIFIED_MODEL_GRID,f100a50c5ee8dc1c0f8050232667148283428671f5b18b4bec97964128cdbdc5,2026-09-22T01:05:00+00:00,2026-09-22 06:05:00,76.1,1007.8,82
16.1,23.7,38.6,1469.4,426.6,66.4,8.3,3.1,0.8,454.1,384.5,15.4,7.5,40.8,27.8,23.2,False,4095,0.0,10.0,1.5,EXT-OPEN-METEO-KHI,KARACHI,OPENSOURCE_API_GRID,67,,,,0.95,True,True,TIER2_OPENSOURCE_PURE;CONTINUOUS_MINUTE_STREAM;VERIFIED_MODEL_GRID,c0a52b519e286dd249e04c2ebff3a6bc3dbcc0a18b811f6fd2e806882781daf9,2026-09-22T01:06:00+00:00,2026-09-22 06:06:00,76.1,1007.8,82
16.2,23.8,38.7,1475.6,428.4,66.6,8.3,3.1,0.8,454.2,387.1,15.4,7.5,40.8,27.8,23.2,False,4095,0.0,10.0,2.0,EXT-OPEN-METEO-KHI,KARACHI,OPENSOURCE_API_GRID,68,,,,0.95,True,True,TIER2_OPENSOURCE_PURE;CONTINUOUS_MINUTE_STREAM;VERIFIED_MODEL_GRID,f77a250cecbc9b835b7010d6690ba1e25bd3fb5db4c888ac870fac50908755e7,2026-09-22T01:07:00+00:00,2026-09-22 06:07:00,76.1,1007.8,82
16.2,23.8,38.7,1475.6,428.4,66.6,8.3,3.1,0.8,454.2,390.2,15.5,7.6,40.7,27.9,23.3,False,4095,0.0,10.0,2.6,EXT-OPEN-METEO-KHI,KARACHI,OPENSOURCE_API_GRID,69,,,,0.95,True,True,TIER2_OPENSOURCE_PURE;CONTINUOUS_MINUTE_STREAM;VERIFIED_MODEL_GRID,f9a18b4d6a3bfa585e00cd520012d87e0f927498507063ce05d0b459738d69d5,2026-09-22T01:08:00+00:00,2026-09-22 06:08:00,76.1,1007.8,82
16.3,23.9,38.8,1481.8,430.2,66.9,8.4,3.1,0.8,454.3,393.6,15.6,7.6,40.6,27.9,23.3,False,4095,0.0,10.0,3.3,EXT-OPEN-METEO-KHI,KARACHI,OPENSOURCE_API_GRID,70,,,,0.95,True,True,TIER2_OPENSOURCE_PURE;CONTINUOUS_MINUTE_STREAM;VERIFIED_MODEL_GRID,eace0f6b35ede00e76521e62b6a3d0b728f1c1fe1e960edc0d45c5b7a5473b06,2026-09-22T01:09:00+00:00,2026-09-22 06:09:00,76.1,1007.8,82
16.3,23.9,38.8,1481.8,430.2,66.9,8.4,3.1,0.8,454.3,397.4,15.7,7.6,40.5,27.9,23.3,False,4095,0.0,10.0,4.0,EXT-OPEN-METEO-KHI,KARACHI,OPENSOURCE_API_GRID,71,,,,0.95,True,True,TIER2_OPENSOURCE_PURE;CONTINUOUS_MINUTE_STREAM;VERIFIED_MODEL_GRID,ce5e765fac832c449c0a52207adf41f0edf1dbda0dacfa5cc1ec23752e3dfbdf,2026-09-22T01:10:00+00:00,2026-09-22 06:10:00,76.1,1007.8,82
16.3,23.9,38.8,1481.8,430.2,66.9,8.4,3.1,0.8,454.4,401.6,15.8,7.6,40.4,27.9,23.3,False,4095,0.0,10.0,4.9,EXT-OPEN-METEO-KHI,KARACHI,OPENSOURCE_API_GRID,72,,,,0.95,True,True,TIER2_OPENSOURCE_PURE;CONTINUOUS_MINUTE_STREAM;VERIFIED_MODEL_GRID,8458cd4c671f3b952f7e389cf0f5fcd909e53683b19048c63dfdfb4050363659,2026-09-22T01:11:00+00:00,2026-09-22 06:11:00,76.1,1007.9,82
16.3,24.0,38.8,1488.0,432.0,67.2,8.4,3.1,0.8,454.5,406.1,15.9,7.6,40.3,27.9,23.3,False,4095,0.0,10.0,5.8,EXT-OPEN-METEO-KHI,KARACHI,OPENSOURCE_API_GRID,73,,,,0.95,True,True,TIER2_OPENSOURCE_PURE;CONTINUOUS_MINUTE_STREAM;VERIFIED_MODEL_GRID,fb4a44d47cffb7d7875d8787ca13e817385c8915f1ad4275a1fbcdf22bdeb71d,2026-09-22T01:12:00+00:00,2026-09-22 06:12:00,76.1,1007.9,82
16.3,24.0,38.8,1488.0,432.0,67.2,8.4,3.1,0.8,454.6,411.0,16.0,7.7,40.2,27.9,23.3,False,4095,0.0,10.0,6.7,EXT-OPEN-METEO-KHI,KARACHI,OPENSOURCE_API_GRID,74,,,,0.95,True,True,TIER2_OPENSOURCE_PURE;CONTINUOUS_MINUTE_STREAM;VERIFIED_MODEL_GRID,f23aa5a2b43f6d70e812017f234fa122f2de217cd64965be5e9a50d820987169,2026-09-22T01:13:00+00:00,2026-09-22 06:13:00,76.1,1007.9,82
16.3,24.0,38.8,1488.0,432.0,67.2,8.4,3.1,0.8,454.6,416.2,16.1,7.7,40.1,27.8,23.2,False,4095,0.0,10.0,7.7,EXT-OPEN-METEO-KHI,KARACHI,OPENSOURCE_API_GRID,75,,,,0.95,True,True,TIER2_OPENSOURCE_PURE;CONTINUOUS_MINUTE_STREAM;VERIFIED_MODEL_GRID,862398f80d7d94a09fb31367bdfe6cee1e61b4b15826bcd9b2c1c98a9730823c,2026-09-22T01:14:00+00:00,2026-09-22 06:14:00,76.1,1007.9,82
16.3,24.0,38.8,1488.0,432.0,67.2,8.4,3.1,0.8,454.7,421.7,16.2,7.7,40.0,27.8,23.2,False,4095,0.0,10.0,8.8,EXT-OPEN-METEO-KHI,KARACHI,OPENSOURCE_API_GRID,76,,,,0.95,True,True,TIER2_OPENSOURCE_PURE;CONTINUOUS_MINUTE_STREAM;VERIFIED_MODEL_GRID,b8075479b61bc6e33d68e5a27df1ddea378cad6b8d87c0d501824c7d4af13898,2026-09-22T01:15:00+00:00,2026-09-22 06:15:00,76.1,1007.9,82
16.3,24.0,38.8,1488.0,432.0,67.2,8.4,3.1,0.8,454.8,427.5,16.3,7.7,39.8,27.8,23.2,False,4095,0.0,10.0,10.0,EXT-OPEN-METEO-KHI,KARACHI,OPENSOURCE_API_GRID,77,,,,0.95,True,True,TIER2_OPENSOURCE_PURE;CONTINUOUS_MINUTE_STREAM;VERIFIED_MODEL_GRID,87444020b990715c35b033bad905cedb37f02276ee54eaec463ee10813fc613a,2026-09-22T01:16:00+00:00,2026-09-22 06:16:00,76.1,1007.9,82
16.4,24.1,38.8,1494.2,433.8,67.5,8.4,3.1,0.8,454.9,433.5,16.5,7.8,39.7,27.8,23.2,False,4095,0.0,10.0,11.2,EXT-OPEN-METEO-KHI,KARACHI,OPENSOURCE_API_GRID,78,,,,0.95,True,True,TIER2_OPENSOURCE_PURE;CONTINUOUS_MINUTE_STREAM;VERIFIED_MODEL_GRID,270511a7be17421707bce6de9cf752a882f1a75df4fa528f5380b18cae037403,2026-09-22T01:17:00+00:00,2026-09-22 06:17:00,76.1,1007.9,82
16.4,24.1,38.8,1494.2,433.8,67.5,8.4,3.1,0.8,455.0,439.9,16.6,7.8,39.6,27.8,23.2,False,4095,0.0,10.0,12.4,EXT-OPEN-METEO-KHI,KARACHI,OPENSOURCE_API_GRID,79,,,,0.95,True,True,TIER2_OPENSOURCE_PURE;CONTINUOUS_MINUTE_STREAM;VERIFIED_MODEL_GRID,779e6eee8fdba82d24c62488a5dd3869ac75d22f82aa6723aa95b6837542b055,2026-09-22T01:18:00+00:00,2026-09-22 06:18:00,76.1,1007.9,82
16.4,24.1,38.8,1494.2,433.8,67.5,8.4,3.1,0.8,455.1,446.4,16.8,7.8,39.4,27.8,23.2,False,4095,0.0,10.0,13.7,EXT-OPEN-METEO-KHI,KARACHI,OPENSOURCE_API_GRID,80,,,,0.95,True,True,TIER2_OPENSOURCE_PURE;CONTINUOUS_MINUTE_STREAM;VERIFIED_MODEL_GRID,21e3427a5b3fbbbbb60c0c37e9913b34fdc267923f7cf5bc523e461b0c27af41,2026-09-22T01:19:00+00:00,2026-09-22 06:19:00,76.1,1007.9,82
16.4,24.1,38.8,1494.2,433.8,67.5,8.4,3.1,0.8,455.2,453.2,16.9,7.9,39.2,27.8,23.2,False,4095,0.0,10.0,15.1,EXT-OPEN-METEO-KHI,KARACHI,OPENSOURCE_API_GRID,81,,,,0.95,True,True,TIER2_OPENSOURCE_PURE;CONTINUOUS_MINUTE_STREAM;VERIFIED_MODEL_GRID,01212a91e001c49856880f0945f73d64b813dfd790a950026729897f6c0957b2,2026-09-22T01:20:00+00:00,2026-09-22 06:20:00,76.1,1007.9,82
16.5,24.2,38.8,1500.4,435.6,67.8,8.5,3.1,0.8,455.4,460.3,17.1,7.9,39.1,27.8,23.2,False,4095,0.0,10.0,16.5,EXT-OPEN-METEO-KHI,KARACHI,OPENSOURCE_API_GRID,82,,,,0.95,True,True,TIER2_OPENSOURCE_PURE;CONTINUOUS_MINUTE_STREAM;VERIFIED_MODEL_GRID,4100d3d3059dea73c5d7f7bab475eab09b80956c776d0d8281a83acaff87f258,2026-09-22T01:21:00+00:00,2026-09-22 06:21:00,76.1,1007.9,82
16.5,24.3,38.8,1506.6,437.4,68.0,8.5,3.1,0.8,455.5,467.5,17.2,7.9,38.9,27.8,23.2,False,4095,0.0,10.0,17.9,EXT-OPEN-METEO-KHI,KARACHI,OPENSOURCE_API_GRID,83,,,,0.95,True,True,TIER2_OPENSOURCE_PURE;CONTINUOUS_MINUTE_STREAM;VERIFIED_MODEL_GRID,eb5ac796e7dce25ff1bf91f0d9e5bb681883552b4d8a4aa1e72bd63685d2aac1,2026-09-22T01:22:00+00:00,2026-09-22 06:22:00,76.1,1007.9,82
16.5,24.3,38.9,1506.6,437.4,68.0,8.5,3.1,0.8,455.6,474.8,17.4,8.0,38.8,27.8,23.22,False,4095,0.0,10.0,19.3,EXT-OPEN-METEO-KHI,KARACHI,OPENSOURCE_API_GRID,84,,,,0.95,True,True,TIER2_OPENSOURCE_PURE;CONTINUOUS_MINUTE_STREAM;VERIFIED_MODEL_GRID,13c34b7988171b88c7b459f715ab3f8db3a572cc9bb1e2f134f27fd83a2b8bd1,2026-09-22T01:23:00+00:00,2026-09-22 06:23:00,76.2,1007.9,82
16.6,24.4,39.0,1512.8,439.2,68.3,8.5,3.1,0.8,455.7,482.4,17.6,8.0,38.6,27.8,23.22,False,4095,0.0,10.0,20.8,EXT-OPEN-METEO-KHI,KARACHI,OPENSOURCE_API_GRID,85,,,,0.95,True,True,TIER2_OPENSOURCE_PURE;CONTINUOUS_MINUTE_STREAM;VERIFIED_MODEL_GRID,5ad6467daa777a6f6d33acada4b735ae230d1c840bc0101340a9a1534e3bf41d,2026-09-22T01:24:00+00:00,2026-09-22 06:24:00,76.2,1007.9,82
16.7,24.5,39.1,1519.0,441.0,68.6,8.6,3.1,0.8,455.9,490.0,17.8,8.1,38.4,27.8,23.25,False,4095,0.0,10.0,22.3,EXT-OPEN-METEO-KHI,KARACHI,OPENSOURCE_API_GRID,86,,,,0.95,True,True,TIER2_OPENSOURCE_PURE;CONTINUOUS_MINUTE_STREAM;VERIFIED_MODEL_GRID,637c4236c7bab9d2f883550f3599f26b1838a8ae444208d4304f42b1b4a5ba79,2026-09-22T01:25:00+00:00,2026-09-22 06:25:00,76.3,1008.0,82
16.7,24.6,39.2,1525.2,442.8,68.9,8.6,3.1,0.8,456.0,497.8,17.9,8.1,38.2,27.8,23.25,False,4095,0.0,10.0,23.9,EXT-OPEN-METEO-KHI,KARACHI,OPENSOURCE_API_GRID,87,,,,0.95,True,True,TIER2_OPENSOURCE_PURE;CONTINUOUS_MINUTE_STREAM;VERIFIED_MODEL_GRID,b0a8463d58ed14d594e91bbec67fdb7bf4c04b1d9a68948a3ec3c5796786242f,2026-09-22T01:26:00+00:00,2026-09-22 06:26:00,76.3,1008.0,82
16.8,24.7,39.3,1531.4,444.6,69.2,8.6,3.1,0.8,456.1,505.6,18.1,8.1,38.0,27.8,23.25,False,4095,0.0,10.0,25.4,EXT-OPEN-METEO-KHI,KARACHI,OPENSOURCE_API_GRID,88,,,,0.95,True,True,TIER2_OPENSOURCE_PURE;CONTINUOUS_MINUTE_STREAM;VERIFIED_MODEL_GRID,ef93a94a23f064385d0b054456afd22a6eae79ba97bc06576a250e191179b742,2026-09-22T01:27:00+00:00,2026-09-22 06:27:00,76.3,1008.0,82
16.9,24.8,39.4,1537.6,446.4,69.4,8.7,3.2,0.8,456.2,513.6,18.3,8.2,37.9,27.8,23.27,False,4095,0.0,10.0,27.0,EXT-OPEN-METEO-KHI,KARACHI,OPENSOURCE_API_GRID,89,,,,0.95,True,True,TIER2_OPENSOURCE_PURE;CONTINUOUS_MINUTE_STREAM;VERIFIED_MODEL_GRID,1805623ac564cd6a92ce45a5d74e15d6513f884fffa3131e43dc934be3ad9dd8,2026-09-22T01:28:00+00:00,2026-09-22 06:28:00,76.4,1008.0,82
17.0,25.0,39.5,1550.0,450.0,70.0,8.8,3.2,0.8,456.4,521.5,18.5,8.2,37.7,27.8,23.27,False,4095,0.0,10.0,28.6,EXT-OPEN-METEO-KHI,KARACHI,OPENSOURCE_API_GRID,90,,,,0.95,True,True,TIER2_OPENSOURCE_PURE;CONTINUOUS_MINUTE_STREAM;VERIFIED_MODEL_GRID,ffd486c6d60b57458eaac4495df1b197037da3f6de874b00784e52d7443821a7,2026-09-22T01:29:00+00:00,2026-09-22 06:29:00,76.4,1008.0,82
17.1,25.1,39.7,1556.2,451.8,70.3,8.8,3.2,0.8,456.5,529.5,18.6,8.2,37.5,27.8,23.29,False,4095,0.0,10.0,30.1,EXT-OPEN-METEO-KHI,KARACHI,OPENSOURCE_API_GRID,91,,,,0.95,True,True,TIER2_OPENSOURCE_PURE;CONTINUOUS_MINUTE_STREAM;VERIFIED_MODEL_GRID,3d26d39400d0fe0133eed36bdf9d30f7e0d204574c32af7ea7d273df8e032393,2026-09-22T01:30:00+00:00,2026-09-22 06:30:00,76.5,1008.0,82
17.1,25.2,39.8,1562.4,453.6,70.6,8.8,3.2,0.8,456.6,537.5,18.8,8.3,37.3,27.8,23.29,False,4095,0.0,10.0,31.7,EXT-OPEN-METEO-KHI,KARACHI,OPENSOURCE_API_GRID,92,,,,0.95,True,True,TIER2_OPENSOURCE_PURE;CONTINUOUS_MINUTE_STREAM;VERIFIED_MODEL_GRID,2d91642992d731d48683af8f9761ed31992f639e9bb804c0e7cea48cb2b55b60,2026-09-22T01:31:00+00:00,2026-09-22 06:31:00,76.5,1008.0,82
17.2,25.3,40.0,1568.6,455.4,70.8,8.9,3.2,0.8,456.8,545.4,19.0,8.3,37.1,27.8,23.31,False,4095,0.0,10.0,33.3,EXT-OPEN-METEO-KHI,KARACHI,OPENSOURCE_API_GRID,93,,,,0.95,True,True,TIER2_OPENSOURCE_PURE;CONTINUOUS_MINUTE_STREAM;VERIFIED_MODEL_GRID,b83f13b561c5200d049b8ad2756a3fac6650fa58e9347b4c03b8e6fbf463d2bb,2026-09-22T01:32:00+00:00,2026-09-22 06:32:00,76.6,1008.0,82
17.3,25.4,39.9,1574.8,457.2,71.1,8.9,3.2,0.8,456.9,553.4,19.2,8.4,37.0,27.9,23.43,False,4095,0.0,10.0,34.9,EXT-OPEN-METEO-KHI,KARACHI,OPENSOURCE_API_GRID,94,,,,0.95,True,True,TIER2_OPENSOURCE_PURE;CONTINUOUS_MINUTE_STREAM;VERIFIED_MODEL_GRID,c0cbc6450b3dbcac7447ca89a0b5256e4ce8beeee0eca14706665d9d701a1c08,2026-09-22T01:33:00+00:00,2026-09-22 06:33:00,76.7,1008.0,82
17.3,25.5,40.1,1581.0,459.0,71.4,8.9,3.2,0.8,457.0,561.2,19.4,8.4,36.8,27.9,23.45,False,4095,0.0,10.0,36.4,EXT-OPEN-METEO-KHI,KARACHI,OPENSOURCE_API_GRID,95,,,,0.95,True,True,TIER2_OPENSOURCE_PURE;CONTINUOUS_MINUTE_STREAM;VERIFIED_MODEL_GRID,98085b1f2cb0742333d587a3d3bdd091240a981bf013dd6d7fb568dc696b0069,2026-09-22T01:34:00+00:00,2026-09-22 06:34:00,76.8,1008.0,82
17.4,25.6,40.2,1587.2,460.8,71.7,9.0,3.2,0.8,457.1,569.0,19.5,8.4,36.6,27.9,23.45,False,4095,0.0,10.0,38.0,EXT-OPEN-METEO-KHI,KARACHI,OPENSOURCE_API_GRID,96,,,,0.95,True,True,TIER2_OPENSOURCE_PURE;CONTINUOUS_MINUTE_STREAM;VERIFIED_MODEL_GRID,63f5a43ea389a402d90cb7551f05ac1d65d752be96b587cbf3db969f7e866308,2026-09-22T01:35:00+00:00,2026-09-22 06:35:00,76.8,1008.1,82
17.5,25.7,40.3,1593.4,462.6,72.0,9.0,3.2,0.8,457.3,576.6,19.7,8.5,36.4,27.9,23.45,False,4095,0.0,10.0,39.5,EXT-OPEN-METEO-KHI,KARACHI,OPENSOURCE_API_GRID,97,,,,0.95,True,True,TIER2_OPENSOURCE_PURE;CONTINUOUS_MINUTE_STREAM;VERIFIED_MODEL_GRID,b0aa5b6dce82813ac8c47e72d1c2fe1845545e300f7acf0d396fd54d7bf41fb7,2026-09-22T01:36:00+00:00,2026-09-22 06:36:00,76.8,1008.1,82
17.5,25.8,40.4,1599.6,464.4,72.2,9.0,3.2,0.8,457.4,584.2,19.9,8.5,36.2,27.9,23.45,False,4095,0.0,10.0,41.0,EXT-OPEN-METEO-KHI,KARACHI,OPENSOURCE_API_GRID,98,,,,0.95,True,True,TIER2_OPENSOURCE_PURE;CONTINUOUS_MINUTE_STREAM;VERIFIED_MODEL_GRID,81353ff5edec556c34294d0e7e0b615dce5782617cf3b3a150e3f70a78f80fab,2026-09-22T01:37:00+00:00,2026-09-22 06:37:00,76.8,1008.1,82
17.6,25.9,40.5,1605.8,466.2,72.5,9.1,3.2,0.8,457.5,591.5,20.1,8.6,36.1,27.9,23.45,False,4095,0.0,10.0,42.4,EXT-OPEN-METEO-KHI,KARACHI,OPENSOURCE_API_GRID,99,,,,0.95,True,True,TIER2_OPENSOURCE_PURE;CONTINUOUS_MINUTE_STREAM;VERIFIED_MODEL_GRID,ef0135355bb1c7bfca58f5d390128a72985b5dde7a4186a59f007b2a698cdf53,2026-09-22T01:38:00+00:00,2026-09-22 06:38:00,76.8,1008.1,82
17.7,26.0,40.6,1612.0,468.0,72.8,9.1,3.2,0.8,457.6,598.7,20.2,8.6,35.9,27.9,23.45,False,4095,0.0,10.0,43.8,EXT-OPEN-METEO-KHI,KARACHI,OPENSOURCE_API_GRID,100,,,,0.95,True,True,TIER2_OPENSOURCE_PURE;CONTINUOUS_MINUTE_STREAM;VERIFIED_MODEL_GRID,77486a2f03846fddefc06fd582a5140ed6580997ad712080d4cbd13a0efa4910,2026-09-22T01:39:00+00:00,2026-09-22 06:39:00,76.8,1008.1,82
17.7,26.1,40.7,1618.2,469.8,73.1,9.1,3.3,0.8,457.8,605.8,20.4,8.6,35.8,27.9,23.45,False,4095,0.0,10.0,45.2,EXT-OPEN-METEO-KHI,KARACHI,OPENSOURCE_API_GRID,101,,,,0.95,True,True,TIER2_OPENSOURCE_PURE;CONTINUOUS_MINUTE_STREAM;VERIFIED_MODEL_GRID,67d6d9dd761f22e442c7fd23c7d8ad1fa747e549ee02d840469104c3cee0f878,2026-09-22T01:40:00+00:00,2026-09-22 06:40:00,76.8,1008.1,82
17.8,26.2,40.8,1624.4,471.6,73.4,9.2,3.3,0.8,457.9,612.6,20.5,8.7,35.6,27.9,23.45,False,4095,0.0,10.0,46.6,EXT-OPEN-METEO-KHI,KARACHI,OPENSOURCE_API_GRID,102,,,,0.95,True,True,TIER2_OPENSOURCE_PURE;CONTINUOUS_MINUTE_STREAM;VERIFIED_MODEL_GRID,9fec5860c1fcbfece9dc82232dee11f8b45c4499870ccca798d25667c8275216,2026-09-22T01:41:00+00:00,2026-09-22 06:41:00,76.8,1008.1,82
17.8,26.2,40.8,1624.4,471.6,73.4,9.2,3.3,0.8,458.0,619.1,20.7,8.7,35.4,27.9,23.45,False,4095,0.0,10.0,47.9,EXT-OPEN-METEO-KHI,KARACHI,OPENSOURCE_API_GRID,103,,,,0.95,True,True,TIER2_OPENSOURCE_PURE;CONTINUOUS_MINUTE_STREAM;VERIFIED_MODEL_GRID,01f6680239eeeb0e67e3729bc08ee0fda68da7e2202c6dd853aa2d3059fc416d,2026-09-22T01:42:00+00:00,2026-09-22 06:42:00,76.8,1008.1,82
17.9,26.3,40.8,1630.6,473.4,73.6,9.2,3.3,0.8,458.1,625.5,20.8,8.7,35.3,27.9,23.45,False,4095,0.0,10.0,49.1,EXT-OPEN-METEO-KHI,KARACHI,OPENSOURCE_API_GRID,104,,,,0.95,True,True,TIER2_OPENSOURCE_PURE;CONTINUOUS_MINUTE_STREAM;VERIFIED_MODEL_GRID,b77c797a16400a4eaa84bf26fd9c71242a16b9dccc45a32a4b6097664fd05db1,2026-09-22T01:43:00+00:00,2026-09-22 06:43:00,76.8,1008.1,82
17.9,26.3,40.8,1630.6,473.4,73.6,9.2,3.3,0.8,458.2,631.5,21.0,8.8,35.2,27.9,23.45,False,4095,0.0,10.0,50.3,EXT-OPEN-METEO-KHI,KARACHI,OPENSOURCE_API_GRID,105,,,,0.95,True,True,TIER2_OPENSOURCE_PURE;CONTINUOUS_MINUTE_STREAM;VERIFIED_MODEL_GRID,6f9d266dafa18455182618cc4b819cb10fc700a10dd22b8afc0ffa915efa722f,2026-09-22T01:44:00+00:00,2026-09-22 06:44:00,76.8,1008.2,82
17.9,26.3,40.8,1630.6,473.4,73.6,9.2,3.3,0.8,458.3,637.3,21.1,8.8,35.0,27.9,23.45,False,4095,0.0,10.0,51.5,EXT-OPEN-METEO-KHI,KARACHI,OPENSOURCE_API_GRID,106,,,,0.95,True,True,TIER2_OPENSOURCE_PURE;CONTINUOUS_MINUTE_STREAM;VERIFIED_MODEL_GRID,e1fbfca33b2a154d5d7255c0f53576527a58e2f6520bab9fb3e87d2b59b58958,2026-09-22T01:45:00+00:00,2026-09-22 06:45:00,76.8,1008.2,82
17.9,26.3,40.8,1630.6,473.4,73.6,9.2,3.3,0.8,458.4,642.8,21.2,8.8,34.9,27.9,23.45,False,4095,0.0,10.0,52.6,EXT-OPEN-METEO-KHI,KARACHI,OPENSOURCE_API_GRID,107,,,,0.95,True,True,TIER2_OPENSOURCE_PURE;CONTINUOUS_MINUTE_STREAM;VERIFIED_MODEL_GRID,53198f3a3689b54b0909fce228b734b24d6e500f9ffc94b2e3f526ae1b750ee8,2026-09-22T01:46:00+00:00,2026-09-22 06:46:00,76.8,1008.2,82
17.9,26.3,40.8,1630.6,473.4,73.6,9.2,3.3,0.8,458.4,648.0,21.3,8.8,34.8,27.9,23.45,False,4095,0.0,10.0,53.6,EXT-OPEN-METEO-KHI,KARACHI,OPENSOURCE_API_GRID,108,,,,0.95,True,True,TIER2_OPENSOURCE_PURE;CONTINUOUS_MINUTE_STREAM;VERIFIED_MODEL_GRID,5859808c799834e698041dd30cc78e8643a91243f0dd59720b4c012f14d92ee2,2026-09-22T01:47:00+00:00,2026-09-22 06:47:00,76.8,1008.2,82
18.0,26.4,40.8,1636.8,475.2,73.9,9.2,3.3,0.8,458.5,652.9,21.4,8.9,34.7,27.9,23.45,False,4095,0.0,10.0,54.5,EXT-OPEN-METEO-KHI,KARACHI,OPENSOURCE_API_GRID,109,,,,0.95,True,True,TIER2_OPENSOURCE_PURE;CONTINUOUS_MINUTE_STREAM;VERIFIED_MODEL_GRID,045544a672bd93b5015899093a24492fb38af599ce9cd7d9444b9c625f5e775b,2026-09-22T01:48:00+00:00,2026-09-22 06:48:00,76.8,1008.2,82
18.0,26.4,40.8,1636.8,475.2,73.9,9.2,3.3,0.8,458.6,657.4,21.5,8.9,34.6,27.9,23.45,False,4095,0.0,10.0,55.4,EXT-OPEN-METEO-KHI,KARACHI,OPENSOURCE_API_GRID,110,,,,0.95,True,True,TIER2_OPENSOURCE_PURE;CONTINUOUS_MINUTE_STREAM;VERIFIED_MODEL_GRID,ac3832663103c9a64a01a5ad919da63f6d1218e9f7203e2cbf0991d7c84733da,2026-09-22T01:49:00+00:00,2026-09-22 06:49:00,76.8,1008.2,82
18.0,26.4,40.7,1636.8,475.2,73.9,9.2,3.3,0.8,458.7,661.6,21.6,8.9,34.5,27.9,23.45,False,4095,0.0,10.0,56.3,EXT-OPEN-METEO-KHI,KARACHI,OPENSOURCE_API_GRID,111,,,,0.95,True,True,TIER2_OPENSOURCE_PURE;CONTINUOUS_MINUTE_STREAM;VERIFIED_MODEL_GRID,33119079bb490066270209528de7d2294f69955ae45131dd05e9ca24f6103acd,2026-09-22T01:50:00+00:00,2026-09-22 06:50:00,76.8,1008.2,82
18.0,26.4,40.7,1636.8,475.2,73.9,9.2,3.3,0.8,458.7,665.4,21.7,8.9,34.4,27.9,23.45,False,4095,0.0,10.0,57.0,EXT-OPEN-METEO-KHI,KARACHI,OPENSOURCE_API_GRID,112,,,,0.95,True,True,TIER2_OPENSOURCE_PURE;CONTINUOUS_MINUTE_STREAM;VERIFIED_MODEL_GRID,c58e6602487877b0893cd0e6bbbb8a6c647c1bc076d0dc124822a8d988ee6594,2026-09-22T01:51:00+00:00,2026-09-22 06:51:00,76.8,1008.2,82
18.0,26.4,40.7,1636.8,475.2,73.9,9.2,3.3,0.8,458.8,668.8,21.8,8.9,34.3,27.9,23.45,False,4095,0.0,10.0,57.7,EXT-OPEN-METEO-KHI,KARACHI,OPENSOURCE_API_GRID,113,,,,0.95,True,True,TIER2_OPENSOURCE_PURE;CONTINUOUS_MINUTE_STREAM;VERIFIED_MODEL_GRID,34a773c0659a34a2df1116e425ccb62acfffb701461f5051a16017048f1b2db2,2026-09-22T01:52:00+00:00,2026-09-22 06:52:00,76.8,1008.2,82
18.0,26.4,40.7,1636.8,475.2,73.9,9.2,3.3,0.8,458.8,671.9,21.9,9.0,34.2,27.9,23.45,False,4095,0.0,10.0,58.3,EXT-OPEN-METEO-KHI,KARACHI,OPENSOURCE_API_GRID,114,,,,0.95,True,True,TIER2_OPENSOURCE_PURE;CONTINUOUS_MINUTE_STREAM;VERIFIED_MODEL_GRID,e3c4d70bb7d389e79c46039302a42287569b840d19b4b69179bdedf2823acec6,2026-09-22T01:53:00+00:00,2026-09-22 06:53:00,76.8,1008.2,82
18.0,26.4,40.7,1636.8,475.2,73.9,9.2,3.3,0.8,458.9,674.5,21.9,9.0,34.2,27.9,23.45,False,4095,0.0,10.0,58.8,EXT-OPEN-METEO-KHI,KARACHI,OPENSOURCE_API_GRID,115,,,,0.95,True,True,TIER2_OPENSOURCE_PURE;CONTINUOUS_MINUTE_STREAM;VERIFIED_MODEL_GRID,dd17c01d9e3a2003a91367bafe523865d66133929184cafbd9a82be3d3151a6f,2026-09-22T01:54:00+00:00,2026-09-22 06:54:00,76.8,1008.2,82
18.0,26.4,40.8,1636.8,475.2,73.9,9.2,3.3,0.8,458.9,676.8,22.0,9.0,34.1,27.9,23.47,False,4095,0.0,10.0,59.3,EXT-OPEN-METEO-KHI,KARACHI,OPENSOURCE_API_GRID,116,,,,0.95,True,True,TIER2_OPENSOURCE_PURE;CONTINUOUS_MINUTE_STREAM;VERIFIED_MODEL_GRID,c97b0f6a392ec3d905a4079f98b63ede3715b2c92b2d6c37ca87a8028c77604e,2026-09-22T01:55:00+00:00,2026-09-22 06:55:00,76.9,1008.2,82
18.0,26.5,40.8,1643.0,477.0,74.2,9.3,3.3,0.8,458.9,678.7,22.0,9.0,34.1,27.8,23.38,False,4095,0.0,10.0,59.6,EXT-OPEN-METEO-KHI,KARACHI,OPENSOURCE_API_GRID,117,,,,0.95,True,True,TIER2_OPENSOURCE_PURE;CONTINUOUS_MINUTE_STREAM;VERIFIED_MODEL_GRID,f2dbecefce92d7b0cfdfba8304e5de352bfa9e528c3e285faeded079947bfb5d,2026-09-22T01:56:00+00:00,2026-09-22 06:56:00,76.9,1008.2,82
18.0,26.5,40.8,1643.0,477.0,74.2,9.3,3.3,0.8,459.0,680.1,22.1,9.0,34.0,27.8,23.38,False,4095,0.0,10.0,59.9,EXT-OPEN-METEO-KHI,KARACHI,OPENSOURCE_API_GRID,118,,,,0.95,True,True,TIER2_OPENSOURCE_PURE;CONTINUOUS_MINUTE_STREAM;VERIFIED_MODEL_GRID,29b575aedb54e66b9e6a1ff5720e0b1d0b4afc69a493331bf8fcfa29db115bef,2026-09-22T01:57:00+00:00,2026-09-22 06:57:00,76.9,1008.2,82
18.1,26.6,40.9,1649.2,478.8,74.5,9.3,3.3,0.8,459.0,681.2,22.1,9.0,34.0,27.9,23.47,False,4095,0.0,10.0,60.1,EXT-OPEN-METEO-KHI,KARACHI,OPENSOURCE_API_GRID,119,,,,0.95,True,True,TIER2_OPENSOURCE_PURE;CONTINUOUS_MINUTE_STREAM;VERIFIED_MODEL_GRID,45664f4ebb71b2b8c63de7f4409bd07af1653c773fd1f059ce92d71fa4a151c8,2026-09-22T01:58:00+00:00,2026-09-22 06:58:00,76.9,1008.2,82
18.1,26.6,41.0,1649.2,478.8,74.5,9.3,3.3,0.8,459.0,681.8,22.1,9.0,34.0,27.9,23.47,False,4095,0.0,10.0,60.3,EXT-OPEN-METEO-KHI,KARACHI,OPENSOURCE_API_GRID,120,,,,0.95,True,True,TIER2_OPENSOURCE_PURE;CONTINUOUS_MINUTE_STREAM;VERIFIED_MODEL_GRID,38dfe1310306da95b5dfef470c24286712ba7feb37d9c4270d3f61f705ce4982,2026-09-22T01:59:00+00:00,2026-09-22 06:59:00,76.9,1008.2,82
18.1,26.6,41.0,1649.2,478.8,74.5,9.3,3.3,0.8,459.0,682.0,22.1,9.0,34.0,27.9,23.49,False,4095,0.0,10.0,60.3,EXT-OPEN-METEO-KHI,KARACHI,OPENSOURCE_API_GRID,121,,,,0.95,True,False,TIER2_OPENSOURCE_PURE;HOURLY_NODE;VERIFIED_MODEL_GRID,b08c70b8d904453337d02b7a2b0bdcfb727f8884e05ce21246785d0e35073f0c,2026-09-22T02:00:00+00:00,2026-09-22 07:00:00,77.0,1008.2,83
18.2,26.7,41.1,1655.4,480.6,74.8,9.3,3.3,0.8,459.0,682.1,22.1,9.0,34.0,27.9,23.49,False,4095,0.0,10.0,60.4,EXT-OPEN-METEO-KHI,KARACHI,OPENSOURCE_API_GRID,122,,,,0.95,True,True,TIER2_OPENSOURCE_PURE;CONTINUOUS_MINUTE_STREAM;VERIFIED_MODEL_GRID,bf8cd37a6801602782bfafb5db10b0a42855d7f21f82bb69c3665009eb1c2df2,2026-09-22T02:01:00+00:00,2026-09-22 07:01:00,77.0,1008.2,83
18.2,26.7,41.2,1655.4,480.6,74.8,9.3,3.3,0.8,459.0,682.5,22.1,9.0,34.0,27.9,23.49,False,4095,0.0,10.0,60.8,EXT-OPEN-METEO-KHI,KARACHI,OPENSOURCE_API_GRID,123,,,,0.95,True,True,TIER2_OPENSOURCE_PURE;CONTINUOUS_MINUTE_STREAM;VERIFIED_MODEL_GRID,6d2ba4da1b24a868d6a40750b5addd3ad6c10219e300d83afad02fd9e32751f2,2026-09-22T02:02:00+00:00,2026-09-22 07:02:00,77.0,1008.2,83
18.2,26.8,41.2,1661.6,482.4,75.0,9.4,3.3,0.8,459.0,683.1,22.1,9.0,34.0,27.9,23.49,False,4095,0.0,10.0,61.3,EXT-OPEN-METEO-KHI,KARACHI,OPENSOURCE_API_GRID,124,,,,0.95,True,True,TIER2_OPENSOURCE_PURE;CONTINUOUS_MINUTE_STREAM;VERIFIED_MODEL_GRID,e77e571023074980bc937ca5ee37cf007b300a1123ac8f29281627086fd0bbeb,2026-09-22T02:03:00+00:00,2026-09-22 07:03:00,77.0,1008.2,83
18.2,26.7,41.2,1655.4,480.6,74.8,9.3,3.3,0.8,459.0,683.9,22.1,9.0,34.1,27.9,23.52,False,4095,0.0,10.0,62.1,EXT-OPEN-METEO-KHI,KARACHI,OPENSOURCE_API_GRID,125,,,,0.95,True,True,TIER2_OPENSOURCE_PURE;CONTINUOUS_MINUTE_STREAM;VERIFIED_MODEL_GRID,1642f5c0e45110c377c42ad3cc27b8255412b21593237e367222d9722ad01be1,2026-09-22T02:04:00+00:00,2026-09-22 07:04:00,77.1,1008.2,83
18.2,26.8,41.2,1661.6,482.4,75.0,9.4,3.3,0.8,459.0,684.9,22.2,9.0,34.1,27.9,23.52,False,4095,0.0,10.0,63.2,EXT-OPEN-METEO-KHI,KARACHI,OPENSOURCE_API_GRID,126,,,,0.95,True,True,TIER2_OPENSOURCE_PURE;CONTINUOUS_MINUTE_STREAM;VERIFIED_MODEL_GRID,ddd835dc2212268522cc163547a403a15077e9216c8ba355339474a2cf821806,2026-09-22T02:05:00+00:00,2026-09-22 07:05:00,77.1,1008.2,83
18.3,26.9,41.3,1667.8,484.2,75.3,9.4,3.3,0.8,459.0,686.2,22.2,9.0,34.1,28.0,23.59,False,4095,0.0,10.0,64.4,EXT-OPEN-METEO-KHI,KARACHI,OPENSOURCE_API_GRID,127,,,,0.95,True,True,TIER2_OPENSOURCE_PURE;CONTINUOUS_MINUTE_STREAM;VERIFIED_MODEL_GRID,1f779c30145d8baa4e6846fdf9a55bdd91da1e3983f25ca170d2bc9042cbf730,2026-09-22T02:06:00+00:00,2026-09-22 07:06:00,77.0,1008.2,83
18.3,26.9,41.4,1667.8,484.2,75.3,9.4,3.3,0.8,459.1,687.7,22.2,9.0,34.2,28.0,23.59,False,4095,0.0,10.0,65.9,EXT-OPEN-METEO-KHI,KARACHI,OPENSOURCE_API_GRID,128,,,,0.95,True,True,TIER2_OPENSOURCE_PURE;CONTINUOUS_MINUTE_STREAM;VERIFIED_MODEL_GRID,c6b2d070ebfee707e60b03306f7ce6288a32a5b97762f0009d45e863ff367b4a,2026-09-22T02:07:00+00:00,2026-09-22 07:07:00,77.0,1008.2,83
18.4,27.0,41.5,1674.0,486.0,75.6,9.4,3.3,0.8,459.1,689.4,22.3,9.1,34.2,28.0,23.57,False,4095,0.0,10.0,67.6,EXT-OPEN-METEO-KHI,KARACHI,OPENSOURCE_API_GRID,129,,,,0.95,True,True,TIER2_OPENSOURCE_PURE;CONTINUOUS_MINUTE_STREAM;VERIFIED_MODEL_GRID,c364bd297f96dabc786da9cff91fa1b1ad7c2139022a760ce35d8e6d2304999a,2026-09-22T02:08:00+00:00,2026-09-22 07:08:00,76.9,1008.2,83
18.4,27.0,41.6,1674.0,486.0,75.6,9.4,3.3,0.8,459.1,691.3,22.3,9.1,34.3,28.0,23.55,False,4095,0.0,10.0,69.5,EXT-OPEN-METEO-KHI,KARACHI,OPENSOURCE_API_GRID,130,,,,0.95,True,True,TIER2_OPENSOURCE_PURE;CONTINUOUS_MINUTE_STREAM;VERIFIED_MODEL_GRID,98e5bf23b30faa0115135b2219a2b3b16daad3ddfb86771d97205dddc032c090,2026-09-22T02:09:00+00:00,2026-09-22 07:09:00,76.8,1008.2,83
18.4,27.1,41.7,1680.2,487.8,75.9,9.5,3.3,0.8,459.1,693.5,22.4,9.1,34.3,28.0,23.53,False,4095,0.0,10.0,71.6,EXT-OPEN-METEO-KHI,KARACHI,OPENSOURCE_API_GRID,131,,,,0.95,True,True,TIER2_OPENSOURCE_PURE;CONTINUOUS_MINUTE_STREAM;VERIFIED_MODEL_GRID,7ceacc30041f79d1b40c2295187d61f4594de4159d1146dbff11871cd7f13c56,2026-09-22T02:10:00+00:00,2026-09-22 07:10:00,76.7,1008.2,83
18.4,27.1,41.8,1680.2,487.8,75.9,9.5,3.3,0.8,459.2,695.8,22.4,9.1,34.4,28.1,23.62,False,4095,0.0,10.0,73.9,EXT-OPEN-METEO-KHI,KARACHI,OPENSOURCE_API_GRID,132,,,,0.95,True,True,TIER2_OPENSOURCE_PURE;CONTINUOUS_MINUTE_STREAM;VERIFIED_MODEL_GRID,af13bfe73a9ea43f405a095aba485ae571bac8e792ef472f3867f61cc1258c49,2026-09-22T02:11:00+00:00,2026-09-22 07:11:00,76.7,1008.3,83
18.5,27.2,41.9,1686.4,489.6,76.2,9.5,3.4,0.8,459.2,698.3,22.5,9.1,34.5,28.1,23.6,False,4095,0.0,10.0,76.4,EXT-OPEN-METEO-KHI,KARACHI,OPENSOURCE_API_GRID,133,,,,0.95,True,True,TIER2_OPENSOURCE_PURE;CONTINUOUS_MINUTE_STREAM;VERIFIED_MODEL_GRID,e30590f2e678c95790248d39714799a9268fc487fecad58ca940b0312deca7c3,2026-09-22T02:12:00+00:00,2026-09-22 07:12:00,76.6,1008.3,83
18.5,27.2,41.9,1686.4,489.6,76.2,9.5,3.4,0.8,459.2,701.1,22.5,9.2,34.6,28.1,23.58,False,4095,0.0,10.0,79.1,EXT-OPEN-METEO-KHI,KARACHI,OPENSOURCE_API_GRID,134,,,,0.95,True,True,TIER2_OPENSOURCE_PURE;CONTINUOUS_MINUTE_STREAM;VERIFIED_MODEL_GRID,f08c3900ac634447bf5bc0698367116659c6cc7e0da2ee70752fe523d4ef1ab0,2026-09-22T02:13:00+00:00,2026-09-22 07:13:00,76.5,1008.3,83
18.5,27.2,42.0,1686.4,489.6,76.2,9.5,3.4,0.8,459.3,704.0,22.6,9.2,34.6,28.1,23.54,False,4095,0.0,10.0,81.9,EXT-OPEN-METEO-KHI,KARACHI,OPENSOURCE_API_GRID,135,,,,0.95,True,True,TIER2_OPENSOURCE_PURE;CONTINUOUS_MINUTE_STREAM;VERIFIED_MODEL_GRID,2be3f4b23850407d8596d718328a349f41396adf701d9b932d373645351191b0,2026-09-22T02:14:00+00:00,2026-09-22 07:14:00,76.3,1008.3,83
18.6,27.3,42.0,1692.6,491.4,76.4,9.6,3.4,0.8,459.3,707.0,22.7,9.2,34.7,28.2,23.61,False,4095,0.0,10.0,85.0,EXT-OPEN-METEO-KHI,KARACHI,OPENSOURCE_API_GRID,136,,,,0.95,True,True,TIER2_OPENSOURCE_PURE;CONTINUOUS_MINUTE_STREAM;VERIFIED_MODEL_GRID,6ecd485e511c25e78b075770df0b4ec06a8037d3b7c2fc373fd37d3ca71572de,2026-09-22T02:15:00+00:00,2026-09-22 07:15:00,76.2,1008.3,83
18.6,27.3,42.0,1692.6,491.4,76.4,9.6,3.4,0.8,459.3,710.3,22.7,9.2,34.8,28.2,23.59,False,4095,0.0,10.0,88.2,EXT-OPEN-METEO-KHI,KARACHI,OPENSOURCE_API_GRID,137,,,,0.95,True,True,TIER2_OPENSOURCE_PURE;CONTINUOUS_MINUTE_STREAM;VERIFIED_MODEL_GRID,4757be23c3ad4b0c4372f6c039c75d8227358158307d074908adf6fe96bd293a,2026-09-22T02:16:00+00:00,2026-09-22 07:16:00,76.1,1008.3,83
18.6,27.3,42.1,1692.6,491.4,76.4,9.6,3.4,0.8,459.4,713.7,22.8,9.3,34.9,28.2,23.57,False,4095,0.0,10.0,91.5,EXT-OPEN-METEO-KHI,KARACHI,OPENSOURCE_API_GRID,138,,,,0.95,True,True,TIER2_OPENSOURCE_PURE;CONTINUOUS_MINUTE_STREAM;VERIFIED_MODEL_GRID,7cd7a3fdba1dc5176d8e5c7ba0d630c836bbe24779573e8dbd335b17ce5746b5,2026-09-22T02:17:00+00:00,2026-09-22 07:17:00,76.0,1008.3,83
18.6,27.3,42.1,1692.6,491.4,76.4,9.6,3.4,0.8,459.4,717.2,22.9,9.3,35.0,28.2,23.55,False,4095,0.0,10.0,95.0,EXT-OPEN-METEO-KHI,KARACHI,OPENSOURCE_API_GRID,139,,,,0.95,True,True,TIER2_OPENSOURCE_PURE;CONTINUOUS_MINUTE_STREAM;VERIFIED_MODEL_GRID,2dc85e89cf27ce07e99cbeefebf81257edac5f9cfb6dfb7971d03c70b716dbac,2026-09-22T02:18:00+00:00,2026-09-22 07:18:00,75.9,1008.3,83
18.6,27.3,42.2,1692.6,491.4,76.4,9.6,3.4,0.8,459.5,720.9,23.0,9.3,35.1,28.2,23.5,False,4095,0.0,10.0,98.6,EXT-OPEN-METEO-KHI,KARACHI,OPENSOURCE_API_GRID,140,,,,0.95,True,True,TIER2_OPENSOURCE_PURE;CONTINUOUS_MINUTE_STREAM;VERIFIED_MODEL_GRID,b717ac0381ee5d5e2ed73fbec3ae9867fa39103633ef11d316874791535fd5cd,2026-09-22T02:19:00+00:00,2026-09-22 07:19:00,75.7,1008.3,83
18.6,27.4,42.2,1698.8,493.2,76.7,9.6,3.4,0.8,459.5,724.8,23.1,9.3,35.2,28.3,23.58,False,4095,0.0,10.0,102.4,EXT-OPEN-METEO-KHI,KARACHI,OPENSOURCE_API_GRID,141,,,,0.95,True,True,TIER2_OPENSOURCE_PURE;CONTINUOUS_MINUTE_STREAM;VERIFIED_MODEL_GRID,15ec1c44089e143a40bb96e136d330b832a907d47670b7966f2e1fe9f39b8fdf,2026-09-22T02:20:00+00:00,2026-09-22 07:20:00,75.6,1008.3,83
18.6,27.4,42.3,1698.8,493.2,76.7,9.6,3.4,0.8,459.5,728.7,23.1,9.4,35.4,28.3,23.55,False,4095,0.0,10.0,106.3,EXT-OPEN-METEO-KHI,KARACHI,OPENSOURCE_API_GRID,142,,,,0.95,True,True,TIER2_OPENSOURCE_PURE;CONTINUOUS_MINUTE_STREAM;VERIFIED_MODEL_GRID,91ab5db16a4e151db7c05a47ebedcec63c8e473e124493ca794f6997f00325ea,2026-09-22T02:21:00+00:00,2026-09-22 07:21:00,75.5,1008.4,83
18.6,27.4,42.3,1698.8,493.2,76.7,9.6,3.4,0.8,459.6,732.7,23.2,9.4,35.5,28.3,23.53,False,4095,0.0,10.0,110.3,EXT-OPEN-METEO-KHI,KARACHI,OPENSOURCE_API_GRID,143,,,,0.95,True,True,TIER2_OPENSOURCE_PURE;CONTINUOUS_MINUTE_STREAM;VERIFIED_MODEL_GRID,35b51276de95eb7ce988e241638ae32869dcc004f56bf49494120f19a3d5c1ee,2026-09-22T02:22:00+00:00,2026-09-22 07:22:00,75.4,1008.4,83
18.7,27.5,42.4,1705.0,495.0,77.0,9.6,3.4,0.8,459.6,736.9,23.3,9.4,35.6,28.4,23.58,False,4095,0.0,10.0,114.3,EXT-OPEN-METEO-KHI,KARACHI,OPENSOURCE_API_GRID,144,,,,0.95,True,True,TIER2_OPENSOURCE_PURE;CONTINUOUS_MINUTE_STREAM;VERIFIED_MODEL_GRID,83fa2e3b81b9112db1d0178ffeb0ffe91e2a048c0ae8849884bfd5d2ce1b0dc1,2026-09-22T02:23:00+00:00,2026-09-22 07:23:00,75.2,1008.4,83
18.7,27.5,42.5,1705.0,495.0,77.0,9.6,3.4,0.8,459.7,741.1,23.4,9.5,35.7,28.4,23.56,False,4095,0.0,10.0,118.5,EXT-OPEN-METEO-KHI,KARACHI,OPENSOURCE_API_GRID,145,,,,0.95,True,True,TIER2_OPENSOURCE_PURE;CONTINUOUS_MINUTE_STREAM;VERIFIED_MODEL_GRID,4dcae9b640feec5c5302a1d89016b31b297903b4bb205b8d53dcf156b6a465a6,2026-09-22T02:24:00+00:00,2026-09-22 07:24:00,75.1,1008.4,83
18.8,27.6,42.6,1711.2,496.8,77.3,9.7,3.4,0.9,459.7,745.4,23.5,9.5,35.9,28.4,23.54,False,4095,0.0,10.0,122.7,EXT-OPEN-METEO-KHI,KARACHI,OPENSOURCE_API_GRID,146,,,,0.95,True,True,TIER2_OPENSOURCE_PURE;CONTINUOUS_MINUTE_STREAM;VERIFIED_MODEL_GRID,fa6920c3bd7a3cb4f64c7a218c9d9284c59445666f59cd65d482581f0b4fab2e,2026-09-22T02:25:00+00:00,2026-09-22 07:25:00,75.0,1008.4,83
18.8,27.7,42.7,1717.4,498.6,77.6,9.7,3.4,0.9,459.8,749.7,23.6,9.6,36.0,28.4,23.52,False,4095,0.0,10.0,127.0,EXT-OPEN-METEO-KHI,KARACHI,OPENSOURCE_API_GRID,147,,,,0.95,True,True,TIER2_OPENSOURCE_PURE;CONTINUOUS_MINUTE_STREAM;VERIFIED_MODEL_GRID,4e4da1103f6a14d416b0e96679e6fbd035f5e934087fef98254a24d733fe4a5a,2026-09-22T02:26:00+00:00,2026-09-22 07:26:00,74.9,1008.4,83
18.9,27.8,42.9,1723.6,500.4,77.8,9.7,3.4,0.9,459.8,754.1,23.7,9.6,36.1,28.5,23.59,False,4095,0.0,10.0,131.3,EXT-OPEN-METEO-KHI,KARACHI,OPENSOURCE_API_GRID,148,,,,0.95,True,True,TIER2_OPENSOURCE_PURE;CONTINUOUS_MINUTE_STREAM;VERIFIED_MODEL_GRID,dc0353812d3223924007752b761be47329b1633388cf90d2cb4b861c8e648941,2026-09-22T02:27:00+00:00,2026-09-22 07:27:00,74.8,1008.4,83
19.0,27.9,43.0,1729.8,502.2,78.1,9.8,3.4,0.9,459.9,758.6,23.8,9.6,36.2,28.5,23.57,False,4095,0.0,10.0,135.7,EXT-OPEN-METEO-KHI,KARACHI,OPENSOURCE_API_GRID,149,,,,0.95,True,True,TIER2_OPENSOURCE_PURE;CONTINUOUS_MINUTE_STREAM;VERIFIED_MODEL_GRID,5b1ae50c65f96881059de10cf3a451066f56e5a6d939c79f0cc94509ed33b65d,2026-09-22T02:28:00+00:00,2026-09-22 07:28:00,74.7,1008.4,83
19.0,28.0,43.2,1736.0,504.0,78.4,9.8,3.5,0.9,459.9,763.0,23.9,9.7,36.4,28.6,23.64,False,4095,0.0,10.0,140.1,EXT-OPEN-METEO-KHI,KARACHI,OPENSOURCE_API_GRID,150,,,,0.95,True,True,TIER2_OPENSOURCE_PURE;CONTINUOUS_MINUTE_STREAM;VERIFIED_MODEL_GRID,0204663f9e318b05f33cb800e6cb03200f30c8dac5b9f4c74e257fc219a2eeee,2026-09-22T02:29:00+00:00,2026-09-22 07:29:00,74.6,1008.4,83
19.1,28.1,43.4,1742.2,505.8,78.7,9.8,3.5,0.9,460.0,767.5,24.0,9.7,36.5,28.6,23.6,False,4095,0.0,10.0,144.5,EXT-OPEN-METEO-KHI,KARACHI,OPENSOURCE_API_GRID,151,,,,0.95,True,True,TIER2_OPENSOURCE_PURE;CONTINUOUS_MINUTE_STREAM;VERIFIED_MODEL_GRID,de7521c76634ebea42baea18fde9e1a5c8f4211f08555856fb1c7b16a2ade733,2026-09-22T02:30:00+00:00,2026-09-22 07:30:00,74.4,1008.4,83
19.2,28.2,43.6,1748.4,507.6,79.0,9.9,3.5,0.9,460.1,772.0,24.1,9.7,36.6,28.7,23.67,False,4095,0.0,10.0,148.9,EXT-OPEN-METEO-KHI,KARACHI,OPENSOURCE_API_GRID,152,,,,0.95,True,True,TIER2_OPENSOURCE_PURE;CONTINUOUS_MINUTE_STREAM;VERIFIED_MODEL_GRID,3369bead0c0711d5582fac6398374fde312bb92a965b8952715a5b9e8be1110b,2026-09-22T02:31:00+00:00,2026-09-22 07:31:00,74.3,1008.5,83
19.2,28.3,43.8,1754.6,509.4,79.2,9.9,3.5,0.9,460.1,776.4,24.2,9.8,36.8,28.7,23.65,False,4095,0.0,10.0,153.3,EXT-OPEN-METEO-KHI,KARACHI,OPENSOURCE_API_GRID,153,,,,0.95,True,True,TIER2_OPENSOURCE_PURE;CONTINUOUS_MINUTE_STREAM;VERIFIED_MODEL_GRID,c10d645e8ffb60c489383805cd9663ac5f4eb81d628be72881f601f6627f5415,2026-09-22T02:32:00+00:00,2026-09-22 07:32:00,74.2,1008.5,83
19.4,28.5,44.0,1767.0,513.0,79.8,10.0,3.5,0.9,460.2,780.9,24.3,9.8,36.9,28.7,23.63,False,4095,0.0,10.0,157.7,EXT-OPEN-METEO-KHI,KARACHI,OPENSOURCE_API_GRID,154,,,,0.95,True,True,TIER2_OPENSOURCE_PURE;CONTINUOUS_MINUTE_STREAM;VERIFIED_MODEL_GRID,56d6d8adfdeddaaa4d7e7b142203893eebe8ad71fd31bbbf10600379e8b97886,2026-09-22T02:33:00+00:00,2026-09-22 07:33:00,74.1,1008.5,83
19.4,28.6,44.2,1773.2,514.8,80.1,10.0,3.5,0.9,460.2,785.3,24.4,9.8,37.0,28.8,23.7,False,4095,0.0,10.0,162.0,EXT-OPEN-METEO-KHI,KARACHI,OPENSOURCE_API_GRID,155,,,,0.95,True,True,TIER2_OPENSOURCE_PURE;CONTINUOUS_MINUTE_STREAM;VERIFIED_MODEL_GRID,8dc6c49a3e17bbbaa5cd15e3a10f1747fa0d8fdb4432ddf79c53646a543a23b9,2026-09-22T02:34:00+00:00,2026-09-22 07:34:00,74.0,1008.5,83
19.4,28.6,44.2,1773.2,514.8,80.1,10.0,3.5,0.9,460.3,789.6,24.5,9.9,37.1,28.8,23.7,False,4095,0.0,10.0,166.3,EXT-OPEN-METEO-KHI,KARACHI,OPENSOURCE_API_GRID,156,,,,0.95,True,True,TIER2_OPENSOURCE_PURE;CONTINUOUS_MINUTE_STREAM;VERIFIED_MODEL_GRID,161666528841277efb23a3b3f079d67ee8f5077fa093d4940147b8112bc3ca9a,2026-09-22T02:35:00+00:00,2026-09-22 07:35:00,74.0,1008.5,83
19.5,28.7,44.4,1779.4,516.6,80.4,10.0,3.6,0.9,460.3,793.9,24.6,9.9,37.3,28.9,23.78,False,4095,0.0,10.0,170.5,EXT-OPEN-METEO-KHI,KARACHI,OPENSOURCE_API_GRID,157,,,,0.95,True,True,TIER2_OPENSOURCE_PURE;CONTINUOUS_MINUTE_STREAM;VERIFIED_MODEL_GRID,9f0ae1746a82343827d2b407bac7f33136af2a358a3e57bb95467191920e92d9,2026-09-22T02:36:00+00:00,2026-09-22 07:36:00,73.9,1008.5,83
19.6,28.8,44.6,1785.6,518.4,80.6,10.1,3.6,0.9,460.4,798.1,24.7,10.0,37.4,28.9,23.73,False,4095,0.0,10.0,174.7,EXT-OPEN-METEO-KHI,KARACHI,OPENSOURCE_API_GRID,158,,,,0.95,True,True,TIER2_OPENSOURCE_PURE;CONTINUOUS_MINUTE_STREAM;VERIFIED_MODEL_GRID,c9cb4aa41534dbb37efed0195e29c79f59aa01242b6ca1996e71848d22d02c4f,2026-09-22T02:37:00+00:00,2026-09-22 07:37:00,73.7,1008.5,83
19.7,28.9,44.7,1791.8,520.2,80.9,10.1,3.6,0.9,460.4,802.3,24.8,10.0,37.5,29.0,23.81,False,4095,0.0,10.0,178.7,EXT-OPEN-METEO-KHI,KARACHI,OPENSOURCE_API_GRID,159,,,,0.95,True,True,TIER2_OPENSOURCE_PURE;CONTINUOUS_MINUTE_STREAM;VERIFIED_MODEL_GRID,cbfdafd0483b97b3502b3d710999281a03b085883e3d110b8555e5af1a084fe0,2026-09-22T02:38:00+00:00,2026-09-22 07:38:00,73.6,1008.6,83
19.7,29.0,44.9,1798.0,522.0,81.2,10.1,3.6,0.9,460.5,806.3,24.9,10.0,37.6,29.0,23.78,False,4095,0.0,10.0,182.7,EXT-OPEN-METEO-KHI,KARACHI,OPENSOURCE_API_GRID,160,,,,0.95,True,True,TIER2_OPENSOURCE_PURE;CONTINUOUS_MINUTE_STREAM;VERIFIED_MODEL_GRID,b3f4f4c7265b16b5e72f7eddf1290ef308360a9340e86866551fba4c27309bfd,2026-09-22T02:39:00+00:00,2026-09-22 07:39:00,73.5,1008.6,83
19.8,29.1,45.0,1804.2,523.8,81.5,10.2,3.6,0.9,460.5,810.2,24.9,10.1,37.8,29.1,23.86,False,4095,0.0,10.0,186.6,EXT-OPEN-METEO-KHI,KARACHI,OPENSOURCE_API_GRID,161,,,,0.95,True,True,TIER2_OPENSOURCE_PURE;CONTINUOUS_MINUTE_STREAM;VERIFIED_MODEL_GRID,4cfbdccd9f39a4f35cdd319440eae877271d890b0ed20be0e8a5905c65b4affc,2026-09-22T02:40:00+00:00,2026-09-22 07:40:00,73.4,1008.6,83
19.9,29.2,45.2,1810.4,525.6,81.8,10.2,3.6,0.9,460.5,814.1,25.0,10.1,37.9,29.1,23.81,False,4095,0.0,10.0,190.4,EXT-OPEN-METEO-KHI,KARACHI,OPENSOURCE_API_GRID,162,,,,0.95,True,True,TIER2_OPENSOURCE_PURE;CONTINUOUS_MINUTE_STREAM;VERIFIED_MODEL_GRID,34aab02748978382a3c4f1e92ef09e41e4643810a3a552697de23448f794df8a,2026-09-22T02:41:00+00:00,2026-09-22 07:41:00,73.2,1008.6,83
19.9,29.3,45.3,1816.6,527.4,82.0,10.3,3.6,0.9,460.6,817.8,25.1,10.1,38.0,29.1,23.79,False,4095,0.0,10.0,194.0,EXT-OPEN-METEO-KHI,KARACHI,OPENSOURCE_API_GRID,163,,,,0.95,True,True,TIER2_OPENSOURCE_PURE;CONTINUOUS_MINUTE_STREAM;VERIFIED_MODEL_GRID,477508bff999b4c2f729f8876a2ae369d6f45c2e1e2a6e2982062f8e9551caa8,2026-09-22T02:42:00+00:00,2026-09-22 07:42:00,73.1,1008.6,83
19.9,29.3,45.4,1816.6,527.4,82.0,10.3,3.6,0.9,460.6,821.3,25.2,10.1,38.1,29.2,23.86,False,4095,0.0,10.0,197.5,EXT-OPEN-METEO-KHI,KARACHI,OPENSOURCE_API_GRID,164,,,,0.95,True,True,TIER2_OPENSOURCE_PURE;CONTINUOUS_MINUTE_STREAM;VERIFIED_MODEL_GRID,50ea341620925e386be98f569148b1d67d0d734588b8003eb49e4840f811da91,2026-09-22T02:43:00+00:00,2026-09-22 07:43:00,73.0,1008.6,83
20.0,29.4,45.5,1822.8,529.2,82.3,10.3,3.6,0.9,460.7,824.7,25.3,10.2,38.2,29.2,23.82,False,4095,0.0,10.0,200.8,EXT-OPEN-METEO-KHI,KARACHI,OPENSOURCE_API_GRID,165,,,,0.95,True,True,TIER2_OPENSOURCE_PURE;CONTINUOUS_MINUTE_STREAM;VERIFIED_MODEL_GRID,747ef1f65312378d19ea32340da4162a5bfc011006b668e9f1fd65b6716850fc,2026-09-22T02:44:00+00:00,2026-09-22 07:44:00,72.8,1008.6,83
20.0,29.4,45.5,1822.8,529.2,82.3,10.3,3.6,0.9,460.7,828.0,25.3,10.2,38.3,29.2,23.79,False,4095,0.0,10.0,204.0,EXT-OPEN-METEO-KHI,KARACHI,OPENSOURCE_API_GRID,166,,,,0.95,True,True,TIER2_OPENSOURCE_PURE;CONTINUOUS_MINUTE_STREAM;VERIFIED_MODEL_GRID,999542836861ef8603710d936db707d14571228470bac878c8fd3b47a87f6038,2026-09-22T02:45:00+00:00,2026-09-22 07:45:00,72.7,1008.6,83
20.0,29.4,45.6,1822.8,529.2,82.3,10.3,3.6,0.9,460.7,831.0,25.4,10.2,38.4,29.2,23.77,False,4095,0.0,10.0,207.1,EXT-OPEN-METEO-KHI,KARACHI,OPENSOURCE_API_GRID,167,,,,0.95,True,True,TIER2_OPENSOURCE_PURE;CONTINUOUS_MINUTE_STREAM;VERIFIED_MODEL_GRID,e4fbbfd56afbae6772a72ae522a5be57106ea0ccf4c342910061c3bd872c5ade,2026-09-22T02:46:00+00:00,2026-09-22 07:46:00,72.6,1008.7,83
20.1,29.5,45.6,1829.0,531.0,82.6,10.3,3.6,0.9,460.8,833.9,25.5,10.2,38.4,29.3,23.84,False,4095,0.0,10.0,209.9,EXT-OPEN-METEO-KHI,KARACHI,OPENSOURCE_API_GRID,168,,,,0.95,True,True,TIER2_OPENSOURCE_PURE;CONTINUOUS_MINUTE_STREAM;VERIFIED_MODEL_GRID,2e675a321edda3c160833ff65cb310c082bf80bd56201f44d44c1ee2b1b7ad48,2026-09-22T02:47:00+00:00,2026-09-22 07:47:00,72.5,1008.7,83
20.1,29.5,45.6,1829.0,531.0,82.6,10.3,3.6,0.9,460.8,836.7,25.5,10.3,38.5,29.3,23.82,False,4095,0.0,10.0,212.6,EXT-OPEN-METEO-KHI,KARACHI,OPENSOURCE_API_GRID,169,,,,0.95,True,True,TIER2_OPENSOURCE_PURE;CONTINUOUS_MINUTE_STREAM;VERIFIED_MODEL_GRID,5a2c8220f6b45649115412f04519b3265f4ddabf24a50cc34db17fede76f7ef6,2026-09-22T02:48:00+00:00,2026-09-22 07:48:00,72.4,1008.7,83
20.1,29.5,45.6,1829.0,531.0,82.6,10.3,3.6,0.9,460.8,839.2,25.6,10.3,38.6,29.3,23.8,False,4095,0.0,10.0,215.1,EXT-OPEN-METEO-KHI,KARACHI,OPENSOURCE_API_GRID,170,,,,0.95,True,True,TIER2_OPENSOURCE_PURE;CONTINUOUS_MINUTE_STREAM;VERIFIED_MODEL_GRID,9093dc9d8d702239688f06028d901572abba0765644034286c27de66dfb96b98,2026-09-22T02:49:00+00:00,2026-09-22 07:49:00,72.3,1008.7,83
20.1,29.5,45.6,1829.0,531.0,82.6,10.3,3.6,0.9,460.9,841.5,25.6,10.3,38.7,29.3,23.77,False,4095,0.0,10.0,217.4,EXT-OPEN-METEO-KHI,KARACHI,OPENSOURCE_API_GRID,171,,,,0.95,True,True,TIER2_OPENSOURCE_PURE;CONTINUOUS_MINUTE_STREAM;VERIFIED_MODEL_GRID,50462e90eff48d759c6e3416859f23ff7bfca203ded568964ce70334fd7fc2fb,2026-09-22T02:50:00+00:00,2026-09-22 07:50:00,72.2,1008.7,83
20.1,29.5,45.6,1829.0,531.0,82.6,10.3,3.6,0.9,460.9,843.7,25.7,10.3,38.7,29.3,23.75,False,4095,0.0,10.0,219.5,EXT-OPEN-METEO-KHI,KARACHI,OPENSOURCE_API_GRID,172,,,,0.95,True,True,TIER2_OPENSOURCE_PURE;CONTINUOUS_MINUTE_STREAM;VERIFIED_MODEL_GRID,3a2b3cde7fd0c887bed6cddc318a6647116090ccec902814898ac5948317f97b,2026-09-22T02:51:00+00:00,2026-09-22 07:51:00,72.1,1008.7,83
20.1,29.5,45.6,1829.0,531.0,82.6,10.3,3.6,0.9,460.9,845.6,25.7,10.3,38.8,29.3,23.75,False,4095,0.0,10.0,221.4,EXT-OPEN-METEO-KHI,KARACHI,OPENSOURCE_API_GRID,173,,,,0.95,True,True,TIER2_OPENSOURCE_PURE;CONTINUOUS_MINUTE_STREAM;VERIFIED_MODEL_GRID,6d1cd85395f0d0bfd0ea34ffbee22e49dd22dc84aee8bab74f2301a1e412a789,2026-09-22T02:52:00+00:00,2026-09-22 07:52:00,72.1,1008.7,83
20.0,29.4,45.6,1822.8,529.2,82.3,10.3,3.6,0.9,460.9,847.3,25.8,10.4,38.8,29.3,23.73,False,4095,0.0,10.0,223.1,EXT-OPEN-METEO-KHI,KARACHI,OPENSOURCE_API_GRID,174,,,,0.95,True,True,TIER2_OPENSOURCE_PURE;CONTINUOUS_MINUTE_STREAM;VERIFIED_MODEL_GRID,722ee0cfbcdb064247fa85fc2971c799b7ca6cb6a68dbfbff2177262808b4b22,2026-09-22T02:53:00+00:00,2026-09-22 07:53:00,72.0,1008.7,83
20.1,29.5,45.6,1829.0,531.0,82.6,10.3,3.6,0.9,461.0,848.8,25.8,10.4,38.9,29.3,23.73,False,4095,0.0,10.0,224.6,EXT-OPEN-METEO-KHI,KARACHI,OPENSOURCE_API_GRID,175,,,,0.95,True,True,TIER2_OPENSOURCE_PURE;CONTINUOUS_MINUTE_STREAM;VERIFIED_MODEL_GRID,ca6809b819bc0a17535b9fcdfd87ddb482c6e341325808fd7766c94d200bf922,2026-09-22T02:54:00+00:00,2026-09-22 07:54:00,72.0,1008.7,83
20.1,29.5,45.6,1829.0,531.0,82.6,10.3,3.6,0.9,461.0,850.1,25.8,10.4,38.9,29.3,23.71,False,4095,0.0,10.0,225.8,EXT-OPEN-METEO-KHI,KARACHI,OPENSOURCE_API_GRID,176,,,,0.95,True,True,TIER2_OPENSOURCE_PURE;CONTINUOUS_MINUTE_STREAM;VERIFIED_MODEL_GRID,a2dccb5ca1091e1fc18fecd568c45302c108816075a2e44d44906ba397863369,2026-09-22T02:55:00+00:00,2026-09-22 07:55:00,71.9,1008.7,83
20.1,29.5,45.6,1829.0,531.0,82.6,10.3,3.6,0.9,461.0,851.1,25.9,10.4,38.9,29.3,23.71,False,4095,0.0,10.0,226.9,EXT-OPEN-METEO-KHI,KARACHI,OPENSOURCE_API_GRID,177,,,,0.95,True,True,TIER2_OPENSOURCE_PURE;CONTINUOUS_MINUTE_STREAM;VERIFIED_MODEL_GRID,507d9b9a2f919d9280fa67aa7065f50ad2de5b4298a0b308f1fdb2a731870bd2,2026-09-22T02:56:00+00:00,2026-09-22 07:56:00,71.9,1008.7,83
20.1,29.5,45.7,1829.0,531.0,82.6,10.3,3.7,0.9,461.0,851.9,25.9,10.4,39.0,29.3,23.71,False,4095,0.0,10.0,227.7,EXT-OPEN-METEO-KHI,KARACHI,OPENSOURCE_API_GRID,178,,,,0.95,True,True,TIER2_OPENSOURCE_PURE;CONTINUOUS_MINUTE_STREAM;VERIFIED_MODEL_GRID,59b8bcd299f763e02590a860ce2b80a4443c6bae43e80e406f655fa470160cd4,2026-09-22T02:57:00+00:00,2026-09-22 07:57:00,71.9,1008.7,83
20.1,29.5,45.7,1829.0,531.0,82.6,10.3,3.7,0.9,461.0,852.5,25.9,10.4,39.0,29.3,23.71,False,4095,0.0,10.0,228.2,EXT-OPEN-METEO-KHI,KARACHI,OPENSOURCE_API_GRID,179,,,,0.95,True,True,TIER2_OPENSOURCE_PURE;CONTINUOUS_MINUTE_STREAM;VERIFIED_MODEL_GRID,2fc5254c3a9c72dfaf8f4c7d618c34c6f587af5f7302962006d968e2422d503e,2026-09-22T02:58:00+00:00,2026-09-22 07:58:00,71.9,1008.7,83
20.1,29.5,45.8,1829.0,531.0,82.6,10.3,3.7,0.9,461.0,852.9,25.9,10.4,39.0,29.3,23.71,False,4095,0.0,10.0,228.6,EXT-OPEN-METEO-KHI,KARACHI,OPENSOURCE_API_GRID,180,,,,0.95,True,True,TIER2_OPENSOURCE_PURE;CONTINUOUS_MINUTE_STREAM;VERIFIED_MODEL_GRID,7b338b4f0c1c08079221d1016f4ae0a24d66ba4016762d4d68e75108e21e899e,2026-09-22T02:59:00+00:00,2026-09-22 07:59:00,71.9,1008.7,83
20.1,29.6,45.8,1835.2,532.8,82.9,10.4,3.7,0.9,461.0,853.0,25.9,10.4,39.0,29.4,23.8,False,4095,0.0,10.0,228.7,EXT-OPEN-METEO-KHI,KARACHI,OPENSOURCE_API_GRID,181,,,,0.95,True,False,TIER2_OPENSOURCE_PURE;HOURLY_NODE;VERIFIED_MODEL_GRID,40500f0bd92e8c49c56550ddaa310f51362f90fe2960e5df3613ef5c2c08da09,2026-09-22T03:00:00+00:00,2026-09-22 08:00:00,71.9,1008.7,84
20.1,29.6,45.9,1835.2,532.8,82.9,10.4,3.7,0.9,461.0,852.9,25.9,10.4,39.0,29.4,23.8,False,4095,0.0,10.0,228.8,EXT-OPEN-METEO-KHI,KARACHI,OPENSOURCE_API_GRID,182,,,,0.95,True,True,TIER2_OPENSOURCE_PURE;CONTINUOUS_MINUTE_STREAM;VERIFIED_MODEL_GRID,8ded2fb1cd41e5fe93c81dac4ced505325e66c407ec2ecc2818a0735864d42af,2026-09-22T03:01:00+00:00,2026-09-22 08:01:00,71.9,1008.7,84
20.1,29.6,45.9,1835.2,532.8,82.9,10.4,3.7,0.9,461.0,852.7,25.9,10.4,39.1,29.4,23.8,False,4095,0.0,10.0,229.3,EXT-OPEN-METEO-KHI,KARACHI,OPENSOURCE_API_GRID,183,,,,0.95,True,True,TIER2_OPENSOURCE_PURE;CONTINUOUS_MINUTE_STREAM;VERIFIED_MODEL_GRID,7a486de98e351a40d9e3d281c2d3fe8ec616fb3bb6fecfe46e388b482b38f04e,2026-09-22T03:02:00+00:00,2026-09-22 08:02:00,71.9,1008.7,84
20.2,29.7,46.0,1841.4,534.6,83.2,10.4,3.7,0.9,461.0,852.4,25.9,10.4,39.2,29.4,23.8,False,4095,0.0,10.0,230.0,EXT-OPEN-METEO-KHI,KARACHI,OPENSOURCE_API_GRID,184,,,,0.95,True,True,TIER2_OPENSOURCE_PURE;CONTINUOUS_MINUTE_STREAM;VERIFIED_MODEL_GRID,7d91cf190a924f5a9bb405f6d824f05ee373429a7f55de17b90a96665a4b0613,2026-09-22T03:03:00+00:00,2026-09-22 08:03:00,71.9,1008.7,84
20.2,29.7,46.1,1841.4,534.6,83.2,10.4,3.7,0.9,461.0,851.9,25.9,10.4,39.3,29.4,23.8,False,4095,0.0,10.0,231.1,EXT-OPEN-METEO-KHI,KARACHI,OPENSOURCE_API_GRID,185,,,,0.95,True,True,TIER2_OPENSOURCE_PURE;CONTINUOUS_MINUTE_STREAM;VERIFIED_MODEL_GRID,c618e949059b155ae8a14f5ce8a31859514810bf30b9154696aaed14e3c2cb0f,2026-09-22T03:04:00+00:00,2026-09-22 08:04:00,71.9,1008.7,84
20.3,29.8,46.2,1847.6,536.4,83.4,10.4,3.7,0.9,461.0,851.3,25.9,10.4,39.5,29.4,23.78,False,4095,0.0,10.0,232.4,EXT-OPEN-METEO-KHI,KARACHI,OPENSOURCE_API_GRID,186,,,,0.95,True,True,TIER2_OPENSOURCE_PURE;CONTINUOUS_MINUTE_STREAM;VERIFIED_MODEL_GRID,e95761688bbbfa95b556fda02273931925af123b3fac13d6f3d9e61f055b5877,2026-09-22T03:05:00+00:00,2026-09-22 08:05:00,71.8,1008.7,84
20.2,29.7,46.1,1841.4,534.6,83.2,10.4,3.7,0.9,461.0,850.6,25.8,10.4,39.7,29.5,23.9,False,4095,0.0,10.0,234.0,EXT-OPEN-METEO-KHI,KARACHI,OPENSOURCE_API_GRID,187,,,,0.95,True,True,TIER2_OPENSOURCE_PURE;CONTINUOUS_MINUTE_STREAM;VERIFIED_MODEL_GRID,ee0cb32dcb4ba99c2ce57b921f37134c52bc8e15e2e0b99521e3e6718ec815c8,2026-09-22T03:06:00+00:00,2026-09-22 08:06:00,71.9,1008.7,84
20.3,29.8,46.2,1847.6,536.4,83.4,10.4,3.7,0.9,460.9,849.7,25.8,10.4,39.9,29.5,23.85,False,4095,0.0,10.0,235.9,EXT-OPEN-METEO-KHI,KARACHI,OPENSOURCE_API_GRID,188,,,,0.95,True,True,TIER2_OPENSOURCE_PURE;CONTINUOUS_MINUTE_STREAM;VERIFIED_MODEL_GRID,538facc19f0fad0631ff9f32ee6da7ce2f790213e5d3ef5a0a5c21d57ef40714,2026-09-22T03:07:00+00:00,2026-09-22 08:07:00,71.7,1008.7,84
20.3,29.8,46.3,1847.6,536.4,83.4,10.4,3.7,0.9,460.9,848.8,25.8,10.5,40.2,29.5,23.83,False,4095,0.0,10.0,238.1,EXT-OPEN-METEO-KHI,KARACHI,OPENSOURCE_API_GRID,189,,,,0.95,True,True,TIER2_OPENSOURCE_PURE;CONTINUOUS_MINUTE_STREAM;VERIFIED_MODEL_GRID,c188ed6353fde4b481b3f1ed48b0e8de42b610a648a3c9fcfd96a2846cef3135,2026-09-22T03:08:00+00:00,2026-09-22 08:08:00,71.6,1008.7,84
20.3,29.9,46.3,1853.8,538.2,83.7,10.5,3.7,0.9,460.9,847.7,25.8,10.5,40.5,29.6,23.9,False,4095,0.0,10.0,240.5,EXT-OPEN-METEO-KHI,KARACHI,OPENSOURCE_API_GRID,190,,,,0.95,True,True,TIER2_OPENSOURCE_PURE;CONTINUOUS_MINUTE_STREAM;VERIFIED_MODEL_GRID,58cc97735fe05736061a4b3eca68c491d508946c2b52d6340dc664d50d24a476,2026-09-22T03:09:00+00:00,2026-09-22 08:09:00,71.5,1008.7,84
20.3,29.9,46.4,1853.8,538.2,83.7,10.5,3.7,0.9,460.9,846.4,25.8,10.5,40.8,29.6,23.85,False,4095,0.0,10.0,243.3,EXT-OPEN-METEO-KHI,KARACHI,OPENSOURCE_API_GRID,191,,,,0.95,True,True,TIER2_OPENSOURCE_PURE;CONTINUOUS_MINUTE_STREAM;VERIFIED_MODEL_GRID,eea94ce3500810f3b10e9a8f818c92c22ca096b926e3cb85f14eedb24899341e,2026-09-22T03:10:00+00:00,2026-09-22 08:10:00,71.3,1008.7,84
20.4,30.0,46.5,1860.0,540.0,84.0,10.5,3.7,0.9,460.8,845.1,25.7,10.5,41.2,29.6,23.81,False,4095,0.0,10.0,246.2,EXT-OPEN-METEO-KHI,KARACHI,OPENSOURCE_API_GRID,192,,,,0.95,True,True,TIER2_OPENSOURCE_PURE;CONTINUOUS_MINUTE_STREAM;VERIFIED_MODEL_GRID,18705c1f8612e440d94b820ee66d8fac513865832c297aec094e17a83fecfdb7,2026-09-22T03:11:00+00:00,2026-09-22 08:11:00,71.1,1008.8,84
20.4,30.0,46.6,1860.0,540.0,84.0,10.5,3.7,0.9,460.8,843.6,25.7,10.5,41.6,29.7,23.86,False,4095,0.0,10.0,249.5,EXT-OPEN-METEO-KHI,KARACHI,OPENSOURCE_API_GRID,193,,,,0.95,True,True,TIER2_OPENSOURCE_PURE;CONTINUOUS_MINUTE_STREAM;VERIFIED_MODEL_GRID,17372dfb6a6131efd166b2589db04e8fbfc5c382039ab489810e93607d03895a,2026-09-22T03:12:00+00:00,2026-09-22 08:12:00,70.9,1008.8,84
20.4,30.0,46.6,1860.0,540.0,84.0,10.5,3.7,0.9,460.8,842.1,25.7,10.5,42.0,29.7,23.81,False,4095,0.0,10.0,252.9,EXT-OPEN-METEO-KHI,KARACHI,OPENSOURCE_API_GRID,194,,,,0.95,True,True,TIER2_OPENSOURCE_PURE;CONTINUOUS_MINUTE_STREAM;VERIFIED_MODEL_GRID,5fa4dc620a46e52c9365125497eeae7f1634ae81c845cf83366e4fe0f6839dfc,2026-09-22T03:13:00+00:00,2026-09-22 08:13:00,70.7,1008.8,84
20.4,30.0,46.7,1860.0,540.0,84.0,10.5,3.7,0.9,460.7,840.4,25.6,10.6,42.5,29.8,23.86,False,4095,0.0,10.0,256.6,EXT-OPEN-METEO-KHI,KARACHI,OPENSOURCE_API_GRID,195,,,,0.95,True,True,TIER2_OPENSOURCE_PURE;CONTINUOUS_MINUTE_STREAM;VERIFIED_MODEL_GRID,33ee85c1c4252937c7b85561786e1d466a2072a19c8e49cda1f3fd2b334953f4,2026-09-22T03:14:00+00:00,2026-09-22 08:14:00,70.5,1008.8,84
20.4,30.0,46.7,1860.0,540.0,84.0,10.5,3.7,0.9,460.7,838.6,25.6,10.6,43.0,29.8,23.81,False,4095,0.0,10.0,260.5,EXT-OPEN-METEO-KHI,KARACHI,OPENSOURCE_API_GRID,196,,,,0.95,True,True,TIER2_OPENSOURCE_PURE;CONTINUOUS_MINUTE_STREAM;VERIFIED_MODEL_GRID,33cad0c75d1cbd75d28d296e71a18104e38ff8042f3c17d59bb80e19dc7388fc,2026-09-22T03:15:00+00:00,2026-09-22 08:15:00,70.3,1008.8,84
20.4,30.0,46.7,1860.0,540.0,84.0,10.5,3.7,0.9,460.7,836.8,25.5,10.6,43.5,29.9,23.83,False,4095,0.0,10.0,264.6,EXT-OPEN-METEO-KHI,KARACHI,OPENSOURCE_API_GRID,197,,,,0.95,True,True,TIER2_OPENSOURCE_PURE;CONTINUOUS_MINUTE_STREAM;VERIFIED_MODEL_GRID,ede4ec45cc6db7c0d2464c9684b5a452cf7b0bbae28bcb0fabe7d024917ee907,2026-09-22T03:16:00+00:00,2026-09-22 08:16:00,70.0,1008.8,84
20.4,30.0,46.7,1860.0,540.0,84.0,10.5,3.7,0.9,460.6,834.8,25.5,10.6,44.0,29.9,23.76,False,4095,0.0,10.0,269.0,EXT-OPEN-METEO-KHI,KARACHI,OPENSOURCE_API_GRID,198,,,,0.95,True,True,TIER2_OPENSOURCE_PURE;CONTINUOUS_MINUTE_STREAM;VERIFIED_MODEL_GRID,25c8cd83979a44080bdb8108b213d0e57f9275cbc5ef2a53156e23092b2836bf,2026-09-22T03:17:00+00:00,2026-09-22 08:17:00,69.7,1008.8,84
20.4,30.0,46.7,1860.0,540.0,84.0,10.5,3.7,0.9,460.6,832.8,25.4,10.7,44.6,29.9,23.72,False,4095,0.0,10.0,273.5,EXT-OPEN-METEO-KHI,KARACHI,OPENSOURCE_API_GRID,199,,,,0.95,True,True,TIER2_OPENSOURCE_PURE;CONTINUOUS_MINUTE_STREAM;VERIFIED_MODEL_GRID,ee8037d739480989cec54b55199a4b538e34a96bee4003891283594ec891ff94,2026-09-22T03:18:00+00:00,2026-09-22 08:18:00,69.5,1008.8,84
20.4,30.0,46.7,1860.0,540.0,84.0,10.5,3.7,0.9,460.5,830.7,25.4,10.7,45.1,30.0,23.74,False,4095,0.0,10.0,278.2,EXT-OPEN-METEO-KHI,KARACHI,OPENSOURCE_API_GRID,200,,,,0.95,True,True,TIER2_OPENSOURCE_PURE;CONTINUOUS_MINUTE_STREAM;VERIFIED_MODEL_GRID,6e61d421d53f16e1e753abc3557722b6419c48b22f06df39dd1c4ea4543954fd,2026-09-22T03:19:00+00:00,2026-09-22 08:19:00,69.2,1008.8,84
20.4,30.0,46.7,1860.0,540.0,84.0,10.5,3.7,0.9,460.5,828.5,25.3,10.7,45.8,30.0,23.67,False,4095,0.0,10.0,283.0,EXT-OPEN-METEO-KHI,KARACHI,OPENSOURCE_API_GRID,201,,,,0.95,True,True,TIER2_OPENSOURCE_PURE;CONTINUOUS_MINUTE_STREAM;VERIFIED_MODEL_GRID,213e6ffadc27537c3bf3ad1d772adb2314f4a10a619e00bc04f5819c95825de6,2026-09-22T03:20:00+00:00,2026-09-22 08:20:00,68.9,1008.8,84
20.3,29.9,46.7,1853.8,538.2,83.7,10.5,3.7,0.9,460.5,826.2,25.3,10.8,46.4,30.1,23.69,False,4095,0.0,10.0,288.0,EXT-OPEN-METEO-KHI,KARACHI,OPENSOURCE_API_GRID,202,,,,0.95,True,True,TIER2_OPENSOURCE_PURE;CONTINUOUS_MINUTE_STREAM;VERIFIED_MODEL_GRID,355b1a4ea3701a0cd857cc079792ded9524ff4d342f855f97c3d0f97c7adf020,2026-09-22T03:21:00+00:00,2026-09-22 08:21:00,68.6,1008.9,84
20.3,29.9,46.7,1853.8,538.2,83.7,10.5,3.7,0.9,460.4,823.9,25.2,10.8,47.0,30.1,23.62,False,4095,0.0,10.0,293.2,EXT-OPEN-METEO-KHI,KARACHI,OPENSOURCE_API_GRID,203,,,,0.95,True,True,TIER2_OPENSOURCE_PURE;CONTINUOUS_MINUTE_STREAM;VERIFIED_MODEL_GRID,f83cec5bec67f97727e4a6a03368964ac3ff73cd9411bbaa385c8f0434549ba2,2026-09-22T03:22:00+00:00,2026-09-22 08:22:00,68.3,1008.9,84
20.3,29.9,46.8,1853.8,538.2,83.7,10.5,3.7,0.9,460.4,821.6,25.2,10.8,47.7,30.2,23.64,False,4095,0.0,10.0,298.4,EXT-OPEN-METEO-KHI,KARACHI,OPENSOURCE_API_GRID,204,,,,0.95,True,True,TIER2_OPENSOURCE_PURE;CONTINUOUS_MINUTE_STREAM;VERIFIED_MODEL_GRID,ee25a4bd27315e24377a48db6a2d3e57bc25cc2c0a88baf274523ccbabd704c3,2026-09-22T03:23:00+00:00,2026-09-22 08:23:00,68.0,1008.9,84
20.3,29.9,46.8,1853.8,538.2,83.7,10.5,3.7,0.9,460.3,819.1,25.1,10.8,48.3,30.2,23.57,False,4095,0.0,10.0,303.8,EXT-OPEN-METEO-KHI,KARACHI,OPENSOURCE_API_GRID,205,,,,0.95,True,True,TIER2_OPENSOURCE_PURE;CONTINUOUS_MINUTE_STREAM;VERIFIED_MODEL_GRID,6574cdb80e3a656074cdca83f5fab9642a71f00b4e437bd300067d49b1ae4b52,2026-09-22T03:24:00+00:00,2026-09-22 08:24:00,67.7,1008.9,84
20.3,29.9,46.8,1853.8,538.2,83.7,10.5,3.7,0.9,460.3,816.7,25.1,10.9,49.0,30.3,23.59,False,4095,0.0,10.0,309.2,EXT-OPEN-METEO-KHI,KARACHI,OPENSOURCE_API_GRID,206,,,,0.95,True,True,TIER2_OPENSOURCE_PURE;CONTINUOUS_MINUTE_STREAM;VERIFIED_MODEL_GRID,763549573c38d188ac2c4c3b780e4772c78d0b68d082cea6d6f056032a98513a,2026-09-22T03:25:00+00:00,2026-09-22 08:25:00,67.4,1008.9,84
20.3,29.9,46.9,1853.8,538.2,83.7,10.5,3.8,0.9,460.2,814.2,25.0,10.9,49.7,30.4,23.61,False,4095,0.0,10.0,314.8,EXT-OPEN-METEO-KHI,KARACHI,OPENSOURCE_API_GRID,207,,,,0.95,True,True,TIER2_OPENSOURCE_PURE;CONTINUOUS_MINUTE_STREAM;VERIFIED_MODEL_GRID,b72e944b51152e2c58dc04971da3331c6a48d74532bf2efaced695384454a66d,2026-09-22T03:26:00+00:00,2026-09-22 08:26:00,67.1,1008.9,84
20.3,29.9,46.9,1853.8,538.2,83.7,10.5,3.8,0.9,460.2,811.7,25.0,10.9,50.4,30.4,23.53,False,4095,0.0,10.0,320.4,EXT-OPEN-METEO-KHI,KARACHI,OPENSOURCE_API_GRID,208,,,,0.95,True,True,TIER2_OPENSOURCE_PURE;CONTINUOUS_MINUTE_STREAM;VERIFIED_MODEL_GRID,c34b2c9487b6ee68a5acf6a868289c62585e5ec94411cfad3c06fb6c5fbfefb7,2026-09-22T03:27:00+00:00,2026-09-22 08:27:00,66.8,1008.9,84
20.4,30.0,47.0,1860.0,540.0,84.0,10.5,3.8,0.9,460.1,809.1,24.9,11.0,51.1,30.5,23.55,False,4095,0.0,10.0,326.0,EXT-OPEN-METEO-KHI,KARACHI,OPENSOURCE_API_GRID,209,,,,0.95,True,True,TIER2_OPENSOURCE_PURE;CONTINUOUS_MINUTE_STREAM;VERIFIED_MODEL_GRID,09ec5c68f53e3fea4d416972436a536bcb0c1dc0ec3c6308fc3c1619db867de1,2026-09-22T03:28:00+00:00,2026-09-22 08:28:00,66.5,1008.9,84
20.4,30.0,47.1,1860.0,540.0,84.0,10.5,3.8,0.9,460.1,806.6,24.9,11.0,51.8,30.5,23.48,False,4095,0.0,10.0,331.7,EXT-OPEN-METEO-KHI,KARACHI,OPENSOURCE_API_GRID,210,,,,0.95,True,True,TIER2_OPENSOURCE_PURE;CONTINUOUS_MINUTE_STREAM;VERIFIED_MODEL_GRID,c232512c5769899e43f05dc41c04fbf30ab476ada90a4beb734255b9eda2bb25,2026-09-22T03:29:00+00:00,2026-09-22 08:29:00,66.2,1008.9,84
20.4,30.0,47.2,1860.0,540.0,84.0,10.5,3.8,0.9,460.0,804.0,24.8,11.0,52.5,30.6,23.5,False,4095,0.0,10.0,337.3,EXT-OPEN-METEO-KHI,KARACHI,OPENSOURCE_API_GRID,211,,,,0.95,True,True,TIER2_OPENSOURCE_PURE;CONTINUOUS_MINUTE_STREAM;VERIFIED_MODEL_GRID,dd0c730c3e49659d98a008498a4e3b3b2a41d0ef517d21a8a94018a7eda7810c,2026-09-22T03:30:00+00:00,2026-09-22 08:30:00,65.9,1009.0,84
20.5,30.1,47.3,1866.2,541.8,84.3,10.5,3.8,0.9,459.9,801.4,24.7,11.1,53.2,30.7,23.52,False,4095,0.0,10.0,343.0,EXT-OPEN-METEO-KHI,KARACHI,OPENSOURCE_API_GRID,212,,,,0.95,True,True,TIER2_OPENSOURCE_PURE;CONTINUOUS_MINUTE_STREAM;VERIFIED_MODEL_GRID,4b27319b327821c38fdb6b4d8996242f588aa0b8e153509a78166957570c6dba,2026-09-22T03:31:00+00:00,2026-09-22 08:31:00,65.6,1009.0,84
20.5,30.2,47.5,1872.4,543.6,84.6,10.6,3.8,1.0,459.9,798.9,24.7,11.1,53.9,30.7,23.44,False,4095,0.0,10.0,348.7,EXT-OPEN-METEO-KHI,KARACHI,OPENSOURCE_API_GRID,213,,,,0.95,True,True,TIER2_OPENSOURCE_PURE;CONTINUOUS_MINUTE_STREAM;VERIFIED_MODEL_GRID,4c7c94c2743851949c3271b8ce55224e23b908f74994464f09a1908ccf8ece49,2026-09-22T03:32:00+00:00,2026-09-22 08:32:00,65.3,1009.0,84
20.5,30.2,47.6,1872.4,543.6,84.6,10.6,3.8,1.0,459.8,796.3,24.6,11.2,54.6,30.8,23.46,False,4095,0.0,10.0,354.3,EXT-OPEN-METEO-KHI,KARACHI,OPENSOURCE_API_GRID,214,,,,0.95,True,True,TIER2_OPENSOURCE_PURE;CONTINUOUS_MINUTE_STREAM;VERIFIED_MODEL_GRID,ec1883cb6ec6a374bfd5c988bdf1fe76e54af4e7197a42ca40f18f23ff5699e5,2026-09-22T03:33:00+00:00,2026-09-22 08:33:00,65.0,1009.0,84
20.6,30.3,47.7,1878.6,545.4,84.8,10.6,3.8,1.0,459.8,793.8,24.6,11.2,55.3,30.9,23.48,False,4095,0.0,10.0,359.9,EXT-OPEN-METEO-KHI,KARACHI,OPENSOURCE_API_GRID,215,,,,0.95,True,True,TIER2_OPENSOURCE_PURE;CONTINUOUS_MINUTE_STREAM;VERIFIED_MODEL_GRID,1a9944c3bd607066330ce36d3817afb20cc31cdac77d88aea052361d1221ab97,2026-09-22T03:34:00+00:00,2026-09-22 08:34:00,64.7,1009.0,84
20.7,30.4,47.9,1884.8,547.2,85.1,10.6,3.8,1.0,459.7,791.3,24.5,11.2,56.0,31.0,23.52,False,4095,0.0,10.0,365.5,EXT-OPEN-METEO-KHI,KARACHI,OPENSOURCE_API_GRID,216,,,,0.95,True,True,TIER2_OPENSOURCE_PURE;CONTINUOUS_MINUTE_STREAM;VERIFIED_MODEL_GRID,f8500734375180399c2c29caf7dbc4810f05b0a7c0da2d75bb4f5fbc4ae26507,2026-09-22T03:35:00+00:00,2026-09-22 08:35:00,64.5,1009.0,84
20.7,30.4,48.0,1884.8,547.2,85.1,10.6,3.8,1.0,459.7,788.9,24.5,11.3,56.7,31.0,23.44,False,4095,0.0,10.0,370.9,EXT-OPEN-METEO-KHI,KARACHI,OPENSOURCE_API_GRID,217,,,,0.95,True,True,TIER2_OPENSOURCE_PURE;CONTINUOUS_MINUTE_STREAM;VERIFIED_MODEL_GRID,3347ebc6c5b9d179b37232b16e8b9e263114394dc1573ac5a973f03554b17889,2026-09-22T03:36:00+00:00,2026-09-22 08:36:00,64.2,1009.0,84
20.7,30.4,48.0,1884.8,547.2,85.1,10.6,3.8,1.0,459.6,786.4,24.4,11.3,57.3,31.1,23.49,False,4095,0.0,10.0,376.3,EXT-OPEN-METEO-KHI,KARACHI,OPENSOURCE_API_GRID,218,,,,0.95,True,True,TIER2_OPENSOURCE_PURE;CONTINUOUS_MINUTE_STREAM;VERIFIED_MODEL_GRID,d608d2c171e931ba983f4714ef4080b7b945126f9c6ff02fdc85286d374b7c5b,2026-09-22T03:37:00+00:00,2026-09-22 08:37:00,64.0,1009.0,84
20.7,30.4,48.1,1884.8,547.2,85.1,10.6,3.8,1.0,459.6,784.1,24.4,11.3,58.0,31.2,23.5,False,4095,0.0,10.0,381.5,EXT-OPEN-METEO-KHI,KARACHI,OPENSOURCE_API_GRID,219,,,,0.95,True,True,TIER2_OPENSOURCE_PURE;CONTINUOUS_MINUTE_STREAM;VERIFIED_MODEL_GRID,9df0080c812de584fd5d8809d3b843e4778ece7f59873c9338b106d80e169bd4,2026-09-22T03:38:00+00:00,2026-09-22 08:38:00,63.7,1009.1,84
20.7,30.5,48.2,1891.0,549.0,85.4,10.7,3.9,1.0,459.5,781.8,24.3,11.3,58.6,31.2,23.43,False,4095,0.0,10.0,386.7,EXT-OPEN-METEO-KHI,KARACHI,OPENSOURCE_API_GRID,220,,,,0.95,True,True,TIER2_OPENSOURCE_PURE;CONTINUOUS_MINUTE_STREAM;VERIFIED_MODEL_GRID,b40387a5c8a407a4c1fd1e867e721f43c5d8d6ab58ed2934e04e6c92950b0268,2026-09-22T03:39:00+00:00,2026-09-22 08:39:00,63.4,1009.1,84
20.8,30.6,48.4,1897.2,550.8,85.7,10.7,3.9,1.0,459.5,779.5,24.2,11.4,59.2,31.3,23.44,False,4095,0.0,10.0,391.7,EXT-OPEN-METEO-KHI,KARACHI,OPENSOURCE_API_GRID,221,,,,0.95,True,True,TIER2_OPENSOURCE_PURE;CONTINUOUS_MINUTE_STREAM;VERIFIED_MODEL_GRID,ccd85533a5d806ceb3bf9815ceeef47e1ffc3ac9cf7220d5e48cbdba2586b1a1,2026-09-22T03:40:00+00:00,2026-09-22 08:40:00,63.1,1009.1,84
20.8,30.6,48.5,1897.2,550.8,85.7,10.7,3.9,1.0,459.5,777.3,24.2,11.4,59.9,31.4,23.48,False,4095,0.0,10.0,396.5,EXT-OPEN-METEO-KHI,KARACHI,OPENSOURCE_API_GRID,222,,,,0.95,True,True,TIER2_OPENSOURCE_PURE;CONTINUOUS_MINUTE_STREAM;VERIFIED_MODEL_GRID,f0dc7eb7adddeacf474852ea2a2cdcd0d451e55907e620aae350627e60b7ee73,2026-09-22T03:41:00+00:00,2026-09-22 08:41:00,62.9,1009.1,84
20.9,30.7,48.6,1903.4,552.6,86.0,10.7,3.9,1.0,459.4,775.2,24.2,11.4,60.4,31.4,23.4,False,4095,0.0,10.0,401.2,EXT-OPEN-METEO-KHI,KARACHI,OPENSOURCE_API_GRID,223,,,,0.95,True,True,TIER2_OPENSOURCE_PURE;CONTINUOUS_MINUTE_STREAM;VERIFIED_MODEL_GRID,981746657e602c1511887621242cb0a47e0b9747b28244f7e9b501a62f66266e,2026-09-22T03:42:00+00:00,2026-09-22 08:42:00,62.6,1009.1,84
20.9,30.7,48.7,1903.4,552.6,86.0,10.7,3.9,1.0,459.4,773.2,24.1,11.5,61.0,31.5,23.42,False,4095,0.0,10.0,405.7,EXT-OPEN-METEO-KHI,KARACHI,OPENSOURCE_API_GRID,224,,,,0.95,True,True,TIER2_OPENSOURCE_PURE;CONTINUOUS_MINUTE_STREAM;VERIFIED_MODEL_GRID,35a70e55fd794778a243da1488505fc0c4b47f2692d27b323e1a4386d6e46c8e,2026-09-22T03:43:00+00:00,2026-09-22 08:43:00,62.3,1009.1,84
20.9,30.7,48.7,1903.4,552.6,86.0,10.7,3.9,1.0,459.3,771.2,24.1,11.5,61.5,31.5,23.34,False,4095,0.0,10.0,410.1,EXT-OPEN-METEO-KHI,KARACHI,OPENSOURCE_API_GRID,225,,,,0.95,True,True,TIER2_OPENSOURCE_PURE;CONTINUOUS_MINUTE_STREAM;VERIFIED_MODEL_GRID,e2998a6bc0d82ed1020ff87c17737f9313c2c9f14e908b531d0d7c945822a503,2026-09-22T03:44:00+00:00,2026-09-22 08:44:00,62.0,1009.1,84
20.9,30.7,48.8,1903.4,552.6,86.0,10.7,3.9,1.0,459.3,769.4,24.0,11.5,62.0,31.6,23.38,False,4095,0.0,10.0,414.2,EXT-OPEN-METEO-KHI,KARACHI,OPENSOURCE_API_GRID,226,,,,0.95,True,True,TIER2_OPENSOURCE_PURE;CONTINUOUS_MINUTE_STREAM;VERIFIED_MODEL_GRID,ce2c3ecf7e84a925c67879a2728fa6df5b7ac17ef7487a2f09bcae227f1443cf,2026-09-22T03:45:00+00:00,2026-09-22 08:45:00,61.8,1009.1,84
20.9,30.8,48.8,1909.6,554.4,86.2,10.8,3.9,1.0,459.3,767.6,24.0,11.5,62.5,31.6,23.33,False,4095,0.0,10.0,418.1,EXT-OPEN-METEO-KHI,KARACHI,OPENSOURCE_API_GRID,227,,,,0.95,True,True,TIER2_OPENSOURCE_PURE;CONTINUOUS_MINUTE_STREAM;VERIFIED_MODEL_GRID,582be60780575d7b12e618aa76aeca6e9a8ad411e7778c428086256db949f316,2026-09-22T03:46:00+00:00,2026-09-22 08:46:00,61.6,1009.2,84
20.9,30.7,48.8,1903.4,552.6,86.0,10.7,3.9,1.0,459.2,765.9,23.9,11.6,63.0,31.7,23.34,False,4095,0.0,10.0,421.8,EXT-OPEN-METEO-KHI,KARACHI,OPENSOURCE_API_GRID,228,,,,0.95,True,True,TIER2_OPENSOURCE_PURE;CONTINUOUS_MINUTE_STREAM;VERIFIED_MODEL_GRID,d5b1a130f9a7c40700918fba6b09d5510861599f39e7f169915f1af8735f2753,2026-09-22T03:47:00+00:00,2026-09-22 08:47:00,61.3,1009.2,84
20.9,30.7,48.8,1903.4,552.6,86.0,10.7,3.9,1.0,459.2,764.4,23.9,11.6,63.4,31.7,23.28,False,4095,0.0,10.0,425.2,EXT-OPEN-METEO-KHI,KARACHI,OPENSOURCE_API_GRID,229,,,,0.95,True,True,TIER2_OPENSOURCE_PURE;CONTINUOUS_MINUTE_STREAM;VERIFIED_MODEL_GRID,d42792383d4cdfa2b978e1430098853665ad967411b26300117df143910a415e,2026-09-22T03:48:00+00:00,2026-09-22 08:48:00,61.1,1009.2,84
20.9,30.7,48.8,1903.4,552.6,86.0,10.7,3.9,1.0,459.2,762.9,23.9,11.6,63.8,31.7,23.23,False,4095,0.0,10.0,428.5,EXT-OPEN-METEO-KHI,KARACHI,OPENSOURCE_API_GRID,230,,,,0.95,True,True,TIER2_OPENSOURCE_PURE;CONTINUOUS_MINUTE_STREAM;VERIFIED_MODEL_GRID,46d05842ce99c6494941db0d90efac0bc39a441871c04b2e811b5cd09edee2b7,2026-09-22T03:49:00+00:00,2026-09-22 08:49:00,60.9,1009.2,84
20.9,30.7,48.8,1903.4,552.6,86.0,10.7,3.9,1.0,459.1,761.6,23.8,11.6,64.2,31.8,23.27,False,4095,0.0,10.0,431.4,EXT-OPEN-METEO-KHI,KARACHI,OPENSOURCE_API_GRID,231,,,,0.95,True,True,TIER2_OPENSOURCE_PURE;CONTINUOUS_MINUTE_STREAM;VERIFIED_MODEL_GRID,7a81fd1d98173c9ef5e5481e0c36c66b9a41802bd6f6cf6e415d057e3a4540b7,2026-09-22T03:50:00+00:00,2026-09-22 08:50:00,60.7,1009.2,84
20.9,30.7,48.8,1903.4,552.6,86.0,10.7,3.9,1.0,459.1,760.3,23.8,11.6,64.5,31.8,23.24,False,4095,0.0,10.0,434.2,EXT-OPEN-METEO-KHI,KARACHI,OPENSOURCE_API_GRID,232,,,,0.95,True,True,TIER2_OPENSOURCE_PURE;CONTINUOUS_MINUTE_STREAM;VERIFIED_MODEL_GRID,c76e2661416199f46293eb2d124d055e1301b7d7360dd9037f9175820a7168e3,2026-09-22T03:51:00+00:00,2026-09-22 08:51:00,60.6,1009.2,84
20.8,30.6,48.7,1897.2,550.8,85.7,10.7,3.9,1.0,459.1,759.2,23.8,11.6,64.8,31.8,23.19,False,4095,0.0,10.0,436.6,EXT-OPEN-METEO-KHI,KARACHI,OPENSOURCE_API_GRID,233,,,,0.95,True,True,TIER2_OPENSOURCE_PURE;CONTINUOUS_MINUTE_STREAM;VERIFIED_MODEL_GRID,6b068c6d75b14e399e1b44d2ccccbff2bfc3db31e0a63d48d1ec8d15a2b3ee14,2026-09-22T03:52:00+00:00,2026-09-22 08:52:00,60.4,1009.2,84
20.8,30.6,48.7,1897.2,550.8,85.7,10.7,3.9,1.0,459.1,758.3,23.8,11.7,65.1,31.8,23.16,False,4095,0.0,10.0,438.8,EXT-OPEN-METEO-KHI,KARACHI,OPENSOURCE_API_GRID,234,,,,0.95,True,True,TIER2_OPENSOURCE_PURE;CONTINUOUS_MINUTE_STREAM;VERIFIED_MODEL_GRID,d841ba4662f925eb40c63d8249ad50234cfdafe81d1b4a2fefaf89fb83246808,2026-09-22T03:53:00+00:00,2026-09-22 08:53:00,60.3,1009.2,84
20.8,30.6,48.7,1897.2,550.8,85.7,10.7,3.9,1.0,459.0,757.4,23.8,11.7,65.3,31.8,23.13,False,4095,0.0,10.0,440.7,EXT-OPEN-METEO-KHI,KARACHI,OPENSOURCE_API_GRID,235,,,,0.95,True,True,TIER2_OPENSOURCE_PURE;CONTINUOUS_MINUTE_STREAM;VERIFIED_MODEL_GRID,e90341b3ff82f93c8a3d63d00f6f097b2b53cea9bc6e001d7507308f1541c1d0,2026-09-22T03:54:00+00:00,2026-09-22 08:54:00,60.2,1009.2,84
20.7,30.5,48.6,1891.0,549.0,85.4,10.7,3.9,1.0,459.0,756.7,23.7,11.7,65.5,31.8,23.11,False,4095,0.0,10.0,442.3,EXT-OPEN-METEO-KHI,KARACHI,OPENSOURCE_API_GRID,236,,,,0.95,True,True,TIER2_OPENSOURCE_PURE;CONTINUOUS_MINUTE_STREAM;VERIFIED_MODEL_GRID,8c61cc1bb9768932eb80473ffa82a5bf673b675461086414933f9d50211efb5b,2026-09-22T03:55:00+00:00,2026-09-22 08:55:00,60.1,1009.2,84
20.7,30.5,48.6,1891.0,549.0,85.4,10.7,3.9,1.0,459.0,756.1,23.7,11.7,65.7,31.8,23.08,False,4095,0.0,10.0,443.6,EXT-OPEN-METEO-KHI,KARACHI,OPENSOURCE_API_GRID,237,,,,0.95,True,True,TIER2_OPENSOURCE_PURE;CONTINUOUS_MINUTE_STREAM;VERIFIED_MODEL_GRID,0838ced30e09a150dfd9901ae71a021d956605029b5cea1cdd037a516f1a46da,2026-09-22T03:56:00+00:00,2026-09-22 08:56:00,60.0,1009.2,84
20.7,30.5,48.6,1891.0,549.0,85.4,10.7,3.9,1.0,459.0,755.6,23.7,11.7,65.8,31.8,23.05,False,4095,0.0,10.0,444.7,EXT-OPEN-METEO-KHI,KARACHI,OPENSOURCE_API_GRID,238,,,,0.95,True,True,TIER2_OPENSOURCE_PURE;CONTINUOUS_MINUTE_STREAM;VERIFIED_MODEL_GRID,50a6ec67d850cd5b106ec887ce494f04af661b9b94d09680574578454540dc1c,2026-09-22T03:57:00+00:00,2026-09-22 08:57:00,59.9,1009.2,84
20.7,30.5,48.6,1891.0,549.0,85.4,10.7,3.9,1.0,459.0,755.3,23.7,11.7,65.9,31.8,23.05,False,4095,0.0,10.0,445.4,EXT-OPEN-METEO-KHI,KARACHI,OPENSOURCE_API_GRID,239,,,,0.95,True,True,TIER2_OPENSOURCE_PURE;CONTINUOUS_MINUTE_STREAM;VERIFIED_MODEL_GRID,39aed88f87a23a60d8c84ec59fdbe469a4870ab314cafdff542ca08072fd735f,2026-09-22T03:58:00+00:00,2026-09-22 08:58:00,59.9,1009.2,84
20.7,30.5,48.6,1891.0,549.0,85.4,10.7,3.9,1.0,459.0,755.1,23.7,11.7,66.0,31.9,23.14,False,4095,0.0,10.0,445.9,EXT-OPEN-METEO-KHI,KARACHI,OPENSOURCE_API_GRID,240,,,,0.95,True,True,TIER2_OPENSOURCE_PURE;CONTINUOUS_MINUTE_STREAM;VERIFIED_MODEL_GRID,71cc36623f157a93bf1ccecec87ad76459f053580e71c37e026c5bd2bf0f24fe,2026-09-22T03:59:00+00:00,2026-09-22 08:59:00,59.9,1009.2,84
20.7,30.5,48.6,1891.0,549.0,85.4,10.7,3.9,1.0,459.0,755.0,23.7,11.7,66.0,31.9,23.14,False,4095,0.0,10.0,446.0,EXT-OPEN-METEO-KHI,KARACHI,OPENSOURCE_API_GRID,241,,,,0.95,True,False,TIER2_OPENSOURCE_PURE;HOURLY_NODE;VERIFIED_MODEL_GRID,ad91e38b036cc0291a953f2671905669ea745c16bb7d2d73d4d481ec9d049f9c,2026-09-22T04:00:00+00:00,2026-09-22 09:00:00,59.9,1009.2,84
20.7,30.5,48.7,1891.0,549.0,85.4,10.7,3.9,1.0,459.0,754.8,23.7,11.7,66.0,31.9,23.14,False,4095,0.0,10.0,446.1,EXT-OPEN-METEO-KHI,KARACHI,OPENSOURCE_API_GRID,242,,,,0.95,True,True,TIER2_OPENSOURCE_PURE;CONTINUOUS_MINUTE_STREAM;VERIFIED_MODEL_GRID,789f742c1e380dc1b0c8f728504755a94f138455a53701daf63ecaea13c6c74e,2026-09-22T04:01:00+00:00,2026-09-22 09:01:00,59.9,1009.2,84
20.8,30.6,48.7,1897.2,550.8,85.7,10.7,3.9,1.0,459.0,754.4,23.7,11.7,66.1,31.9,23.14,False,4095,0.0,10.0,446.5,EXT-OPEN-METEO-KHI,KARACHI,OPENSOURCE_API_GRID,243,,,,0.95,True,True,TIER2_OPENSOURCE_PURE;CONTINUOUS_MINUTE_STREAM;VERIFIED_MODEL_GRID,596c940c96960b9987542554afaf8cbedd0eb3fa60ad4052566b0f08f02d58c7,2026-09-22T04:02:00+00:00,2026-09-22 09:02:00,59.9,1009.2,84
20.8,30.6,48.8,1897.2,550.8,85.7,10.7,3.9,1.0,459.0,753.6,23.7,11.7,66.2,31.9,23.14,False,4095,0.0,10.0,447.2,EXT-OPEN-METEO-KHI,KARACHI,OPENSOURCE_API_GRID,244,,,,0.95,True,True,TIER2_OPENSOURCE_PURE;CONTINUOUS_MINUTE_STREAM;VERIFIED_MODEL_GRID,d87075dcf41ed47fa1db6189c33d2507a349ed5f49bcc5a32cfac65850f97987,2026-09-22T04:03:00+00:00,2026-09-22 09:03:00,59.9,1009.2,84
20.9,30.7,48.8,1903.4,552.6,86.0,10.7,3.9,1.0,458.9,752.5,23.6,11.7,66.4,31.9,23.12,False,4095,0.0,10.0,448.1,EXT-OPEN-METEO-KHI,KARACHI,OPENSOURCE_API_GRID,245,,,,0.95,True,True,TIER2_OPENSOURCE_PURE;CONTINUOUS_MINUTE_STREAM;VERIFIED_MODEL_GRID,6c856008c68e15d06d60e3cc2adf8394155fee0d3c1e31db78e994b4a7291380,2026-09-22T04:04:00+00:00,2026-09-22 09:04:00,59.8,1009.2,84
20.9,30.7,48.9,1903.4,552.6,86.0,10.7,3.9,1.0,458.9,751.0,23.6,11.7,66.6,31.9,23.12,False,4095,0.0,10.0,449.3,EXT-OPEN-METEO-KHI,KARACHI,OPENSOURCE_API_GRID,246,,,,0.95,True,True,TIER2_OPENSOURCE_PURE;CONTINUOUS_MINUTE_STREAM;VERIFIED_MODEL_GRID,49a83ea505920bbbca69e7f15b49b8ca73cbbde667da0c8a730eafd896b6fe6e,2026-09-22T04:05:00+00:00,2026-09-22 09:05:00,59.8,1009.2,84
20.9,30.8,49.0,1909.6,554.4,86.2,10.8,3.9,1.0,458.9,749.3,23.6,11.7,66.9,31.9,23.09,False,4095,0.0,10.0,450.7,EXT-OPEN-METEO-KHI,KARACHI,OPENSOURCE_API_GRID,247,,,,0.95,True,True,TIER2_OPENSOURCE_PURE;CONTINUOUS_MINUTE_STREAM;VERIFIED_MODEL_GRID,9a877580d8c907eb772759e30a61918bcaf7f0614d252fab4ff034232c4f6b1d,2026-09-22T04:06:00+00:00,2026-09-22 09:06:00,59.7,1009.2,84
20.9,30.8,49.1,1909.6,554.4,86.2,10.8,3.9,1.0,458.8,747.3,23.5,11.7,67.3,32.0,23.15,False,4095,0.0,10.0,452.4,EXT-OPEN-METEO-KHI,KARACHI,OPENSOURCE_API_GRID,248,,,,0.95,True,True,TIER2_OPENSOURCE_PURE;CONTINUOUS_MINUTE_STREAM;VERIFIED_MODEL_GRID,1f05a5307b39a1b5f3e24f71285231129e8e40b1f891512db42645ed06992256,2026-09-22T04:07:00+00:00,2026-09-22 09:07:00,59.6,1009.2,84
20.9,30.7,49.0,1903.4,552.6,86.0,10.7,3.9,1.0,458.8,745.0,23.5,11.8,67.6,32.0,23.15,False,4095,0.0,10.0,454.4,EXT-OPEN-METEO-KHI,KARACHI,OPENSOURCE_API_GRID,249,,,,0.95,True,True,TIER2_OPENSOURCE_PURE;CONTINUOUS_MINUTE_STREAM;VERIFIED_MODEL_GRID,7012d961e3fabddfaab6678a5dfbaa16c20de6c51a5f16d048e1aa2b5397952a,2026-09-22T04:08:00+00:00,2026-09-22 09:08:00,59.6,1009.2,84
20.9,30.8,49.0,1909.6,554.4,86.2,10.8,3.9,1.0,458.7,742.4,23.4,11.8,68.1,32.0,23.1,False,4095,0.0,10.0,456.6,EXT-OPEN-METEO-KHI,KARACHI,OPENSOURCE_API_GRID,250,,,,0.95,True,True,TIER2_OPENSOURCE_PURE;CONTINUOUS_MINUTE_STREAM;VERIFIED_MODEL_GRID,b7ff99dcfaa078ec238dc83a11256735d97a7c79ce44aab8261a30a40dc99bcf,2026-09-22T04:09:00+00:00,2026-09-22 09:09:00,59.4,1009.2,84
21.0,30.9,49.1,1915.8,556.2,86.5,10.8,3.9,1.0,458.7,739.5,23.3,11.8,68.5,32.1,23.16,False,4095,0.0,10.0,459.0,EXT-OPEN-METEO-KHI,KARACHI,OPENSOURCE_API_GRID,251,,,,0.95,True,True,TIER2_OPENSOURCE_PURE;CONTINUOUS_MINUTE_STREAM;VERIFIED_MODEL_GRID,027650f0f52a8da943249b1ff97da31d2a4544d998afbd62c4b665aa4776a964,2026-09-22T04:10:00+00:00,2026-09-22 09:10:00,59.3,1009.2,84
21.0,30.9,49.2,1915.8,556.2,86.5,10.8,3.9,1.0,458.6,736.3,23.3,11.8,69.1,32.1,23.11,False,4095,0.0,10.0,461.7,EXT-OPEN-METEO-KHI,KARACHI,OPENSOURCE_API_GRID,252,,,,0.95,True,True,TIER2_OPENSOURCE_PURE;CONTINUOUS_MINUTE_STREAM;VERIFIED_MODEL_GRID,5815fada3dc466df1d795263e4077c57d3c9108e13038a11632533ed690b474e,2026-09-22T04:11:00+00:00,2026-09-22 09:11:00,59.1,1009.2,84
21.1,31.0,49.2,1922.0,558.0,86.8,10.8,3.9,1.0,458.5,732.8,23.2,11.8,69.6,32.2,23.15,False,4095,0.0,10.0,464.5,EXT-OPEN-METEO-KHI,KARACHI,OPENSOURCE_API_GRID,253,,,,0.95,True,True,TIER2_OPENSOURCE_PURE;CONTINUOUS_MINUTE_STREAM;VERIFIED_MODEL_GRID,c42e7ca52ab068a7d1a6a825e33d4f338e226a7e4eca95f1b34d51b12f1f3fb8,2026-09-22T04:12:00+00:00,2026-09-22 09:12:00,58.9,1009.2,84
21.1,31.0,49.3,1922.0,558.0,86.8,10.8,3.9,1.0,458.4,729.1,23.1,11.8,70.2,32.2,23.09,False,4095,0.0,10.0,467.6,EXT-OPEN-METEO-KHI,KARACHI,OPENSOURCE_API_GRID,254,,,,0.95,True,True,TIER2_OPENSOURCE_PURE;CONTINUOUS_MINUTE_STREAM;VERIFIED_MODEL_GRID,06c6a847428c60d7cdf98bfb06a095db0c3f44b317da2e8d78e0f97705a4245e,2026-09-22T04:13:00+00:00,2026-09-22 09:13:00,58.7,1009.2,84
21.1,31.0,49.3,1922.0,558.0,86.8,10.8,3.9,1.0,458.4,725.2,23.0,11.9,70.9,32.3,23.1,False,4095,0.0,10.0,470.9,EXT-OPEN-METEO-KHI,KARACHI,OPENSOURCE_API_GRID,255,,,,0.95,True,True,TIER2_OPENSOURCE_PURE;CONTINUOUS_MINUTE_STREAM;VERIFIED_MODEL_GRID,323e2cacb0af98ed40437c6793eeb3423bd7fa87664e7bd6935b2b014d0c745c,2026-09-22T04:14:00+00:00,2026-09-22 09:14:00,58.4,1009.2,84
21.1,31.0,49.4,1922.0,558.0,86.8,10.8,4.0,1.0,458.3,721.0,22.9,11.9,71.6,32.3,23.04,False,4095,0.0,10.0,474.4,EXT-OPEN-METEO-KHI,KARACHI,OPENSOURCE_API_GRID,256,,,,0.95,True,True,TIER2_OPENSOURCE_PURE;CONTINUOUS_MINUTE_STREAM;VERIFIED_MODEL_GRID,bfe280961ff55d1ccf9341522d3563f1a96a1393e3fcf8a24170c6a725d41adb,2026-09-22T04:15:00+00:00,2026-09-22 09:15:00,58.2,1009.2,84
21.1,31.1,49.4,1928.2,559.8,87.1,10.9,4.0,1.0,458.2,716.6,22.8,11.9,72.3,32.3,22.96,False,4095,0.0,10.0,478.1,EXT-OPEN-METEO-KHI,KARACHI,OPENSOURCE_API_GRID,257,,,,0.95,True,True,TIER2_OPENSOURCE_PURE;CONTINUOUS_MINUTE_STREAM;VERIFIED_MODEL_GRID,5789289b75c107025c9c7272d924ff21c4ea0dfeccd2b58b60d79607835dc649,2026-09-22T04:16:00+00:00,2026-09-22 09:16:00,57.9,1009.2,84
21.1,31.1,49.4,1928.2,559.8,87.1,10.9,4.0,1.0,458.1,712.0,22.7,11.9,73.0,32.4,22.96,False,4095,0.0,10.0,482.0,EXT-OPEN-METEO-KHI,KARACHI,OPENSOURCE_API_GRID,258,,,,0.95,True,True,TIER2_OPENSOURCE_PURE;CONTINUOUS_MINUTE_STREAM;VERIFIED_MODEL_GRID,40dfb5adf272fc251a86b912a1dc5b61ff629fa02c39e1ea976df453f5ccf33b,2026-09-22T04:17:00+00:00,2026-09-22 09:17:00,57.6,1009.2,84
21.1,31.1,49.4,1928.2,559.8,87.1,10.9,4.0,1.0,458.0,707.2,22.6,11.9,73.8,32.4,22.88,False,4095,0.0,10.0,486.0,EXT-OPEN-METEO-KHI,KARACHI,OPENSOURCE_API_GRID,259,,,,0.95,True,True,TIER2_OPENSOURCE_PURE;CONTINUOUS_MINUTE_STREAM;VERIFIED_MODEL_GRID,10a83cfe47f8be620e5afd0af233f0608404240b1801ca8badaef86307d23c3e,2026-09-22T04:18:00+00:00,2026-09-22 09:18:00,57.3,1009.2,84
21.1,31.1,49.4,1928.2,559.8,87.1,10.9,4.0,1.0,457.9,702.2,22.5,12.0,74.7,32.5,22.88,False,4095,0.0,10.0,490.2,EXT-OPEN-METEO-KHI,KARACHI,OPENSOURCE_API_GRID,260,,,,0.95,True,True,TIER2_OPENSOURCE_PURE;CONTINUOUS_MINUTE_STREAM;VERIFIED_MODEL_GRID,013af08ac00e878e365fda3035a3e500e1430319898581b9869d3d61d5b560a8,2026-09-22T04:19:00+00:00,2026-09-22 09:19:00,57.0,1009.2,84
21.1,31.0,49.3,1922.0,558.0,86.8,10.8,3.9,1.0,457.8,697.0,22.4,12.0,75.5,32.5,22.8,False,4095,0.0,10.0,494.5,EXT-OPEN-METEO-KHI,KARACHI,OPENSOURCE_API_GRID,261,,,,0.95,True,True,TIER2_OPENSOURCE_PURE;CONTINUOUS_MINUTE_STREAM;VERIFIED_MODEL_GRID,36de9a749c2953cb436f85a1c0e6678b8fe1cf1edd13516dc180884f531e6b4d,2026-09-22T04:20:00+00:00,2026-09-22 09:20:00,56.7,1009.2,84
21.1,31.0,49.3,1922.0,558.0,86.8,10.8,3.9,1.0,457.6,691.7,22.3,12.0,76.4,32.6,22.8,False,4095,0.0,10.0,499.0,EXT-OPEN-METEO-KHI,KARACHI,OPENSOURCE_API_GRID,262,,,,0.95,True,True,TIER2_OPENSOURCE_PURE;CONTINUOUS_MINUTE_STREAM;VERIFIED_MODEL_GRID,6b8b4cec3396f70a70002bd3cc51d5a3f904ac87139464aaf62de1a1cd613264,2026-09-22T04:21:00+00:00,2026-09-22 09:21:00,56.4,1009.2,84
21.1,31.0,49.3,1922.0,558.0,86.8,10.8,3.9,1.0,457.5,686.2,22.1,12.1,77.3,32.6,22.69,False,4095,0.0,10.0,503.6,EXT-OPEN-METEO-KHI,KARACHI,OPENSOURCE_API_GRID,263,,,,0.95,True,True,TIER2_OPENSOURCE_PURE;CONTINUOUS_MINUTE_STREAM;VERIFIED_MODEL_GRID,cdd35e24dab02f9d646831fff38de707df099523374cecc4ac79fd4a68cd4352,2026-09-22T04:22:00+00:00,2026-09-22 09:22:00,56.0,1009.2,84
21.1,31.0,49.2,1922.0,558.0,86.8,10.8,3.9,1.0,457.4,680.6,22.0,12.1,78.2,32.7,22.69,False,4095,0.0,10.0,508.3,EXT-OPEN-METEO-KHI,KARACHI,OPENSOURCE_API_GRID,264,,,,0.95,True,True,TIER2_OPENSOURCE_PURE;CONTINUOUS_MINUTE_STREAM;VERIFIED_MODEL_GRID,d57b3b90d6c45c1289ed4e0a0d48a0b4d4b96b1b97fde8f6abf239c7f568c801,2026-09-22T04:23:00+00:00,2026-09-22 09:23:00,55.7,1009.2,84
21.1,31.0,49.2,1922.0,558.0,86.8,10.8,3.9,1.0,457.3,674.8,21.9,12.1,79.1,32.7,22.6,False,4095,0.0,10.0,513.1,EXT-OPEN-METEO-KHI,KARACHI,OPENSOURCE_API_GRID,265,,,,0.95,True,True,TIER2_OPENSOURCE_PURE;CONTINUOUS_MINUTE_STREAM;VERIFIED_MODEL_GRID,dc5c4642ceaa26d6d06fee9af7037706bcbc5957a86caa7ac875c5a92dac363d,2026-09-22T04:24:00+00:00,2026-09-22 09:24:00,55.4,1009.2,84
21.1,31.0,49.2,1922.0,558.0,86.8,10.8,3.9,1.0,457.1,669.0,21.7,12.1,80.1,32.8,22.57,False,4095,0.0,10.0,517.9,EXT-OPEN-METEO-KHI,KARACHI,OPENSOURCE_API_GRID,266,,,,0.95,True,True,TIER2_OPENSOURCE_PURE;CONTINUOUS_MINUTE_STREAM;VERIFIED_MODEL_GRID,6cc6b61be6799362253710970ff10ebdaf38e9f4ebd9e12aed0d1880284c4446,2026-09-22T04:25:00+00:00,2026-09-22 09:25:00,55.0,1009.2,84
21.0,30.9,49.1,1915.8,556.2,86.5,10.8,3.9,1.0,457.0,663.1,21.6,12.2,81.0,32.8,22.48,False,4095,0.0,10.0,522.9,EXT-OPEN-METEO-KHI,KARACHI,OPENSOURCE_API_GRID,267,,,,0.95,True,True,TIER2_OPENSOURCE_PURE;CONTINUOUS_MINUTE_STREAM;VERIFIED_MODEL_GRID,d757dc39ee9304d1b4332dd86cb955ab562243319ee583cead630dca7e31d825,2026-09-22T04:26:00+00:00,2026-09-22 09:26:00,54.7,1009.2,84
21.0,30.9,49.1,1915.8,556.2,86.5,10.8,3.9,1.0,456.9,657.1,21.5,12.2,82.0,32.9,22.49,False,4095,0.0,10.0,527.9,EXT-OPEN-METEO-KHI,KARACHI,OPENSOURCE_API_GRID,268,,,,0.95,True,True,TIER2_OPENSOURCE_PURE;CONTINUOUS_MINUTE_STREAM;VERIFIED_MODEL_GRID,e03891db892444ef0f4c7f3c2195357b048d0818ab4805620c3600f82b68021e,2026-09-22T04:27:00+00:00,2026-09-22 09:27:00,54.4,1009.2,84
21.1,31.0,49.1,1922.0,558.0,86.8,10.8,3.9,1.0,456.8,651.1,21.3,12.2,83.0,32.9,22.37,False,4095,0.0,10.0,532.9,EXT-OPEN-METEO-KHI,KARACHI,OPENSOURCE_API_GRID,269,,,,0.95,True,True,TIER2_OPENSOURCE_PURE;CONTINUOUS_MINUTE_STREAM;VERIFIED_MODEL_GRID,c410628907e76343e991454edabacfa8d0b3785faceaacfeb0921da5c1dc4ebc,2026-09-22T04:28:00+00:00,2026-09-22 09:28:00,54.0,1009.2,84
21.1,31.0,49.2,1922.0,558.0,86.8,10.8,3.9,1.0,456.6,645.1,21.2,12.3,84.0,33.0,22.37,False,4095,0.0,10.0,538.0,EXT-OPEN-METEO-KHI,KARACHI,OPENSOURCE_API_GRID,270,,,,0.95,True,True,TIER2_OPENSOURCE_PURE;CONTINUOUS_MINUTE_STREAM;VERIFIED_MODEL_GRID,f1d66a7275fc0ec9070408cc1a462f8fe3ba373bfea865b77849101101ea7b64,2026-09-22T04:29:00+00:00,2026-09-22 09:29:00,53.7,1009.2,84
21.1,31.0,49.2,1922.0,558.0,86.8,10.8,3.9,1.0,456.5,639.0,21.0,12.3,85.0,33.1,22.37,False,4095,0.0,10.0,543.0,EXT-OPEN-METEO-KHI,KARACHI,OPENSOURCE_API_GRID,271,,,,0.95,True,True,TIER2_OPENSOURCE_PURE;CONTINUOUS_MINUTE_STREAM;VERIFIED_MODEL_GRID,0721ffc0298a348072e89ca617a6e604586e8bee504f43b691ff5eee51e038b1,2026-09-22T04:30:00+00:00,2026-09-22 09:30:00,53.4,1009.2,84
21.1,31.0,49.3,1922.0,558.0,86.8,10.8,3.9,1.0,456.4,632.9,20.9,12.3,86.0,33.1,22.24,False,4095,0.0,10.0,548.1,EXT-OPEN-METEO-KHI,KARACHI,OPENSOURCE_API_GRID,272,,,,0.95,True,True,TIER2_OPENSOURCE_PURE;CONTINUOUS_MINUTE_STREAM;VERIFIED_MODEL_GRID,fe5d468fcc075d1fe1cc2c355be9bbdf9eebff034c8ac6f1e50ffcf8e25d04db,2026-09-22T04:31:00+00:00,2026-09-22 09:31:00,53.0,1009.2,84
21.1,31.1,49.3,1928.2,559.8,87.1,10.9,3.9,1.0,456.2,626.9,20.8,12.4,87.0,33.2,22.24,False,4095,0.0,10.0,553.2,EXT-OPEN-METEO-KHI,KARACHI,OPENSOURCE_API_GRID,273,,,,0.95,True,True,TIER2_OPENSOURCE_PURE;CONTINUOUS_MINUTE_STREAM;VERIFIED_MODEL_GRID,cca4be5c00043af9262056c48f2fedc268ed2853609f43fbcee096642a5d6301,2026-09-22T04:32:00+00:00,2026-09-22 09:32:00,52.7,1009.1,84
21.1,31.1,49.4,1928.2,559.8,87.1,10.9,4.0,1.0,456.1,620.9,20.6,12.4,88.0,33.2,22.15,False,4095,0.0,10.0,558.2,EXT-OPEN-METEO-KHI,KARACHI,OPENSOURCE_API_GRID,274,,,,0.95,True,True,TIER2_OPENSOURCE_PURE;CONTINUOUS_MINUTE_STREAM;VERIFIED_MODEL_GRID,53db945a6375cebf14106cb4bf32b376e3608e89e90fa7cc8f0385b9965f37d7,2026-09-22T04:33:00+00:00,2026-09-22 09:33:00,52.4,1009.1,84
21.2,31.2,49.5,1934.4,561.6,87.4,10.9,4.0,1.0,456.0,614.9,20.5,12.4,89.0,33.3,22.15,False,4095,0.0,10.0,563.2,EXT-OPEN-METEO-KHI,KARACHI,OPENSOURCE_API_GRID,275,,,,0.95,True,True,TIER2_OPENSOURCE_PURE;CONTINUOUS_MINUTE_STREAM;VERIFIED_MODEL_GRID,a72cb4c7ea3b19481aea2924b5aeb4057de1604c2d630d36ac6aa2fb558b50c9,2026-09-22T04:34:00+00:00,2026-09-22 09:34:00,52.1,1009.1,84
21.3,31.3,49.6,1940.6,563.4,87.6,11.0,4.0,1.0,455.9,609.0,20.4,12.5,89.9,33.4,22.14,False,4095,0.0,10.0,568.2,EXT-OPEN-METEO-KHI,KARACHI,OPENSOURCE_API_GRID,276,,,,0.95,True,True,TIER2_OPENSOURCE_PURE;CONTINUOUS_MINUTE_STREAM;VERIFIED_MODEL_GRID,6ee3d7df4a0cfdb3551f2811eb50aa56d3659daa450c814f4314b6f632e50a8e,2026-09-22T04:35:00+00:00,2026-09-22 09:35:00,51.8,1009.1,84
21.3,31.3,49.7,1940.6,563.4,87.6,11.0,4.0,1.0,455.7,603.2,20.2,12.5,90.9,33.4,22.05,False,4095,0.0,10.0,573.0,EXT-OPEN-METEO-KHI,KARACHI,OPENSOURCE_API_GRID,277,,,,0.95,True,True,TIER2_OPENSOURCE_PURE;CONTINUOUS_MINUTE_STREAM;VERIFIED_MODEL_GRID,12ec27c39f756aabba6ed946deae807eeac20cc57d5d4c4e4556876522c9f03d,2026-09-22T04:36:00+00:00,2026-09-22 09:36:00,51.5,1009.1,84
21.4,31.4,49.8,1946.8,565.2,87.9,11.0,4.0,1.0,455.6,597.4,20.1,12.5,91.8,33.5,22.04,False,4095,0.0,10.0,577.8,EXT-OPEN-METEO-KHI,KARACHI,OPENSOURCE_API_GRID,278,,,,0.95,True,True,TIER2_OPENSOURCE_PURE;CONTINUOUS_MINUTE_STREAM;VERIFIED_MODEL_GRID,5a083425ff5ed3f3aff65f9dbdbd302d68efa707b77582aefaa0f77bf65aad17,2026-09-22T04:37:00+00:00,2026-09-22 09:37:00,51.2,1009.1,84
21.4,31.5,49.9,1953.0,567.0,88.2,11.0,4.0,1.0,455.5,591.8,20.0,12.5,92.7,33.6,22.04,False,4095,0.0,10.0,582.5,EXT-OPEN-METEO-KHI,KARACHI,OPENSOURCE_API_GRID,279,,,,0.95,True,True,TIER2_OPENSOURCE_PURE;CONTINUOUS_MINUTE_STREAM;VERIFIED_MODEL_GRID,8eb2afaa2acf9250531a85a49a9e421d58c92d1eb022b44d7318ea1ff23cadfb,2026-09-22T04:38:00+00:00,2026-09-22 09:38:00,50.9,1009.1,84
21.4,31.4,49.8,1946.8,565.2,87.9,11.0,4.0,1.0,455.4,586.3,19.8,12.6,93.6,33.6,21.97,False,4095,0.0,10.0,587.1,EXT-OPEN-METEO-KHI,KARACHI,OPENSOURCE_API_GRID,280,,,,0.95,True,True,TIER2_OPENSOURCE_PURE;CONTINUOUS_MINUTE_STREAM;VERIFIED_MODEL_GRID,4f1cc0378ee4800222dfb7ba7e9bbe2cb2a7d52d2cb6871815781a2516326827,2026-09-22T04:39:00+00:00,2026-09-22 09:39:00,50.7,1009.1,84
21.4,31.5,49.9,1953.0,567.0,88.2,11.0,4.0,1.0,455.2,581.0,19.7,12.6,94.5,33.7,21.97,False,4095,0.0,10.0,591.6,EXT-OPEN-METEO-KHI,KARACHI,OPENSOURCE_API_GRID,281,,,,0.95,True,True,TIER2_OPENSOURCE_PURE;CONTINUOUS_MINUTE_STREAM;VERIFIED_MODEL_GRID,2ded7efcd69c553fac1c4a69449b9e8dda17043576e6799c95dbbd4035c2d423,2026-09-22T04:40:00+00:00,2026-09-22 09:40:00,50.4,1009.1,84
21.5,31.6,50.0,1959.2,568.8,88.5,11.1,4.0,1.0,455.1,575.8,19.6,12.6,95.3,33.8,21.96,False,4095,0.0,10.0,595.9,EXT-OPEN-METEO-KHI,KARACHI,OPENSOURCE_API_GRID,282,,,,0.95,True,True,TIER2_OPENSOURCE_PURE;CONTINUOUS_MINUTE_STREAM;VERIFIED_MODEL_GRID,282d21c45696d778fcba42ac72af96c9b3f7abbf7bb13fb585378da3fbd30ec3,2026-09-22T04:41:00+00:00,2026-09-22 09:41:00,50.1,1009.1,84
21.5,31.6,50.0,1959.2,568.8,88.5,11.1,4.0,1.0,455.0,570.8,19.5,12.7,96.2,33.8,21.86,False,4095,0.0,10.0,600.1,EXT-OPEN-METEO-KHI,KARACHI,OPENSOURCE_API_GRID,283,,,,0.95,True,True,TIER2_OPENSOURCE_PURE;CONTINUOUS_MINUTE_STREAM;VERIFIED_MODEL_GRID,edc039b25e8aaa33254fe5a3b23f72e44eaa6ad9433b1aeb61f84f3e7c5c2227,2026-09-22T04:42:00+00:00,2026-09-22 09:42:00,49.8,1009.1,84
21.6,31.7,50.1,1965.4,570.6,88.8,11.1,4.0,1.0,454.9,566.0,19.4,12.7,97.0,33.9,21.86,False,4095,0.0,10.0,604.1,EXT-OPEN-METEO-KHI,KARACHI,OPENSOURCE_API_GRID,284,,,,0.95,True,True,TIER2_OPENSOURCE_PURE;CONTINUOUS_MINUTE_STREAM;VERIFIED_MODEL_GRID,76a66b13d9d6946831af13ef23e6aba49d6b4d02e042c55e2cf635db9ba3b8e9,2026-09-22T04:43:00+00:00,2026-09-22 09:43:00,49.5,1009.1,84
21.6,31.7,50.2,1965.4,570.6,88.8,11.1,4.0,1.0,454.8,561.4,19.3,12.7,97.7,33.9,21.79,False,4095,0.0,10.0,608.0,EXT-OPEN-METEO-KHI,KARACHI,OPENSOURCE_API_GRID,285,,,,0.95,True,True,TIER2_OPENSOURCE_PURE;CONTINUOUS_MINUTE_STREAM;VERIFIED_MODEL_GRID,b4fd89cdc24063539e635cf697c0876e5e6db37e087246212924f70ed97f5738,2026-09-22T04:44:00+00:00,2026-09-22 09:44:00,49.3,1009.1,84
21.6,31.7,50.2,1965.4,570.6,88.8,11.1,4.0,1.0,454.7,557.0,19.2,12.7,98.4,34.0,21.78,False,4095,0.0,10.0,611.7,EXT-OPEN-METEO-KHI,KARACHI,OPENSOURCE_API_GRID,286,,,,0.95,True,True,TIER2_OPENSOURCE_PURE;CONTINUOUS_MINUTE_STREAM;VERIFIED_MODEL_GRID,1ee51b066f37f09708ebf2ab5a566e4a566822c9ed2c51a0119c07e2528203a5,2026-09-22T04:45:00+00:00,2026-09-22 09:45:00,49.0,1009.1,84
21.6,31.8,50.2,1971.6,572.4,89.0,11.1,4.0,1.0,454.6,552.8,19.1,12.7,99.1,34.0,21.68,False,4095,0.0,10.0,615.2,EXT-OPEN-METEO-KHI,KARACHI,OPENSOURCE_API_GRID,287,,,,0.95,True,True,TIER2_OPENSOURCE_PURE;CONTINUOUS_MINUTE_STREAM;VERIFIED_MODEL_GRID,29b5ffa905ef31a67ac9bc35d034311c1872495af71e4c9a13f02dce890bc67d,2026-09-22T04:46:00+00:00,2026-09-22 09:46:00,48.7,1009.1,84
21.6,31.8,50.3,1971.6,572.4,89.0,11.1,4.0,1.0,454.6,548.9,19.0,12.8,99.8,34.1,21.71,False,4095,0.0,10.0,618.5,EXT-OPEN-METEO-KHI,KARACHI,OPENSOURCE_API_GRID,288,,,,0.95,True,True,TIER2_OPENSOURCE_PURE;CONTINUOUS_MINUTE_STREAM;VERIFIED_MODEL_GRID,451b5bfd9c6d4a31c7e51b368ce559c27774e7ebf0e854d4d852879f11ae216c,2026-09-22T04:47:00+00:00,2026-09-22 09:47:00,48.5,1009.1,84
21.6,31.8,50.3,1971.6,572.4,89.0,11.1,4.0,1.0,454.5,545.2,18.9,12.8,100.4,34.1,21.64,False,4095,0.0,10.0,621.6,EXT-OPEN-METEO-KHI,KARACHI,OPENSOURCE_API_GRID,289,,,,0.95,True,True,TIER2_OPENSOURCE_PURE;CONTINUOUS_MINUTE_STREAM;VERIFIED_MODEL_GRID,1fd729a34447d1ba2386f54c28a05a6e7681d4a012b14d92e50e2895a128181d,2026-09-22T04:48:00+00:00,2026-09-22 09:48:00,48.3,1009.1,84
21.6,31.8,50.2,1971.6,572.4,89.0,11.1,4.0,1.0,454.4,541.7,18.8,12.8,100.9,34.2,21.63,False,4095,0.0,10.0,624.4,EXT-OPEN-METEO-KHI,KARACHI,OPENSOURCE_API_GRID,290,,,,0.95,True,True,TIER2_OPENSOURCE_PURE;CONTINUOUS_MINUTE_STREAM;VERIFIED_MODEL_GRID,4548bd3707ace187eec8f5d47780e9b8986c950bee48267814946a9f1c31522d,2026-09-22T04:49:00+00:00,2026-09-22 09:49:00,48.0,1009.1,84
21.6,31.8,50.2,1971.6,572.4,89.0,11.1,4.0,1.0,454.3,538.5,18.8,12.8,101.5,34.2,21.56,False,4095,0.0,10.0,627.1,EXT-OPEN-METEO-KHI,KARACHI,OPENSOURCE_API_GRID,291,,,,0.95,True,True,TIER2_OPENSOURCE_PURE;CONTINUOUS_MINUTE_STREAM;VERIFIED_MODEL_GRID,9f5d4bd8301fcdaf6c165403f89c0f329d76bd2599f68e610c6b1e5384e07d5f,2026-09-22T04:50:00+00:00,2026-09-22 09:50:00,47.8,1009.1,84
21.6,31.7,50.2,1965.4,570.6,88.8,11.1,4.0,1.0,454.3,535.6,18.7,12.8,101.9,34.2,21.49,False,4095,0.0,10.0,629.5,EXT-OPEN-METEO-KHI,KARACHI,OPENSOURCE_API_GRID,292,,,,0.95,True,True,TIER2_OPENSOURCE_PURE;CONTINUOUS_MINUTE_STREAM;VERIFIED_MODEL_GRID,1d3fa581cc20ca6ca102772fa6156ac6b0025f246eae188e7058bd8ab4993431,2026-09-22T04:51:00+00:00,2026-09-22 09:51:00,47.6,1009.1,84
21.6,31.7,50.1,1965.4,570.6,88.8,11.1,4.0,1.0,454.2,533.0,18.6,12.8,102.4,34.2,21.46,False,4095,0.0,10.0,631.7,EXT-OPEN-METEO-KHI,KARACHI,OPENSOURCE_API_GRID,293,,,,0.95,True,True,TIER2_OPENSOURCE_PURE;CONTINUOUS_MINUTE_STREAM;VERIFIED_MODEL_GRID,2c9b88a13227abfef37a8a3af3c57468ee3c517e8ec4a48f19d158ffd962afe8,2026-09-22T04:52:00+00:00,2026-09-22 09:52:00,47.5,1009.1,84
21.6,31.7,50.1,1965.4,570.6,88.8,11.1,4.0,1.0,454.2,530.7,18.6,12.9,102.7,34.2,21.39,False,4095,0.0,10.0,633.7,EXT-OPEN-METEO-KHI,KARACHI,OPENSOURCE_API_GRID,294,,,,0.95,True,True,TIER2_OPENSOURCE_PURE;CONTINUOUS_MINUTE_STREAM;VERIFIED_MODEL_GRID,530f58e707a84789cd089de77d98bb99de2876f548edfc7a71e9b4cbf28b7ac2,2026-09-22T04:53:00+00:00,2026-09-22 09:53:00,47.3,1009.1,84
21.5,31.6,50.0,1959.2,568.8,88.5,11.1,4.0,1.0,454.1,528.7,18.5,12.9,103.1,34.2,21.35,False,4095,0.0,10.0,635.4,EXT-OPEN-METEO-KHI,KARACHI,OPENSOURCE_API_GRID,295,,,,0.95,True,True,TIER2_OPENSOURCE_PURE;CONTINUOUS_MINUTE_STREAM;VERIFIED_MODEL_GRID,1f8838e3fde38bbf21cd4cce33478de2f71ffe02b2eadb8b60409e0f6a70f8ab,2026-09-22T04:54:00+00:00,2026-09-22 09:54:00,47.2,1009.1,84
21.5,31.6,50.0,1959.2,568.8,88.5,11.1,4.0,1.0,454.1,527.0,18.5,12.9,103.4,34.3,21.41,False,4095,0.0,10.0,636.8,EXT-OPEN-METEO-KHI,KARACHI,OPENSOURCE_API_GRID,296,,,,0.95,True,True,TIER2_OPENSOURCE_PURE;CONTINUOUS_MINUTE_STREAM;VERIFIED_MODEL_GRID,65262273779bcd1d9ef0b52e76a6a0b8a61e6d7ccaacf26120f6c88b0b6a5500,2026-09-22T04:55:00+00:00,2026-09-22 09:55:00,47.1,1009.1,84
21.5,31.6,49.9,1959.2,568.8,88.5,11.1,4.0,1.0,454.1,525.5,18.5,12.9,103.6,34.3,21.37,False,4095,0.0,10.0,638.0,EXT-OPEN-METEO-KHI,KARACHI,OPENSOURCE_API_GRID,297,,,,0.95,True,True,TIER2_OPENSOURCE_PURE;CONTINUOUS_MINUTE_STREAM;VERIFIED_MODEL_GRID,64160094d8ea75ceb20cf57cc2866b3e0f4920dc957101c6248d1a7ca7b4cc1c,2026-09-22T04:56:00+00:00,2026-09-22 09:56:00,47.0,1009.1,84
21.4,31.5,49.9,1953.0,567.0,88.2,11.0,4.0,1.0,454.0,524.4,18.4,12.9,103.8,34.3,21.34,False,4095,0.0,10.0,638.9,EXT-OPEN-METEO-KHI,KARACHI,OPENSOURCE_API_GRID,298,,,,0.95,True,True,TIER2_OPENSOURCE_PURE;CONTINUOUS_MINUTE_STREAM;VERIFIED_MODEL_GRID,e1e1a76fe186a85a9cf0d198f902052982776b98ea65608971200d0de0231fbf,2026-09-22T04:57:00+00:00,2026-09-22 09:57:00,46.9,1009.1,84
21.4,31.5,49.8,1953.0,567.0,88.2,11.0,4.0,1.0,454.0,523.6,18.4,12.9,103.9,34.3,21.34,False,4095,0.0,10.0,639.6,EXT-OPEN-METEO-KHI,KARACHI,OPENSOURCE_API_GRID,299,,,,0.95,True,True,TIER2_OPENSOURCE_PURE;CONTINUOUS_MINUTE_STREAM;VERIFIED_MODEL_GRID,3f3cb8a0a25b1b842e18d7d19725760a05b5fdef20f88b1df64183144e81ba0e,2026-09-22T04:58:00+00:00,2026-09-22 09:58:00,46.9,1009.1,84
21.4,31.5,49.8,1953.0,567.0,88.2,11.0,4.0,1.0,454.0,523.2,18.4,12.9,104.0,34.3,21.34,False,4095,0.0,10.0,640.0,EXT-OPEN-METEO-KHI,KARACHI,OPENSOURCE_API_GRID,300,,,,0.95,True,True,TIER2_OPENSOURCE_PURE;CONTINUOUS_MINUTE_STREAM;VERIFIED_MODEL_GRID,399dbe781562a16f67fd7e25df2bbba30d24cbaa91a9eb88b57fc4151c7fbc49,2026-09-22T04:59:00+00:00,2026-09-22 09:59:00,46.9,1009.1,84
21.4,31.5,49.8,1953.0,567.0,88.2,11.0,4.0,1.0,454.0,523.0,18.4,12.9,104.0,34.3,21.34,False,4095,0.0,10.0,640.1,EXT-OPEN-METEO-KHI,KARACHI,OPENSOURCE_API_GRID,301,,,,0.95,True,False,TIER2_OPENSOURCE_PURE;HOURLY_NODE;VERIFIED_MODEL_GRID,538c0c4ea823e1e2b3c58f0b6318b73f4145046ec70736808fdfb9b4faadb17b,2026-09-22T05:00:00+00:00,2026-09-22 10:00:00,46.9,1009.1,85
21.4,31.5,49.8,1953.0,567.0,88.2,11.0,4.0,1.0,454.0,522.9,18.4,12.9,104.0,34.3,21.34,False,4095,0.0,10.0,640.2,EXT-OPEN-METEO-KHI,KARACHI,OPENSOURCE_API_GRID,302,,,,0.95,True,True,TIER2_OPENSOURCE_PURE;CONTINUOUS_MINUTE_STREAM;VERIFIED_MODEL_GRID,bf0a5a5e786157f9e9a539b5227c8366a391dac75b16181d2123c6e288cb855d,2026-09-22T05:01:00+00:00,2026-09-22 10:01:00,46.9,1009.1,85
21.4,31.5,49.8,1953.0,567.0,88.2,11.0,4.0,1.0,454.0,522.5,18.4,12.9,104.1,34.3,21.34,False,4095,0.0,10.0,640.5,EXT-OPEN-METEO-KHI,KARACHI,OPENSOURCE_API_GRID,303,,,,0.95,True,True,TIER2_OPENSOURCE_PURE;CONTINUOUS_MINUTE_STREAM;VERIFIED_MODEL_GRID,94a3b74efd7d7adb377d4e5252b36cf0f9d3108af8971999e91ce0dc807b5ba9,2026-09-22T05:02:00+00:00,2026-09-22 10:02:00,46.9,1009.1,85
21.4,31.5,49.9,1953.0,567.0,88.2,11.0,4.0,1.0,454.0,521.9,18.4,12.9,104.2,34.3,21.34,False,4095,0.0,10.0,641.0,EXT-OPEN-METEO-KHI,KARACHI,OPENSOURCE_API_GRID,304,,,,0.95,True,True,TIER2_OPENSOURCE_PURE;CONTINUOUS_MINUTE_STREAM;VERIFIED_MODEL_GRID,d185161f26cc4dcc290fcb5bb0e48fd911ca210340c2ac9a95dbe83b3a0c331d,2026-09-22T05:03:00+00:00,2026-09-22 10:03:00,46.9,1009.1,85
21.5,31.6,49.9,1959.2,568.8,88.5,11.1,4.0,1.0,454.0,521.0,18.3,12.9,104.3,34.3,21.34,False,4095,0.0,10.0,641.6,EXT-OPEN-METEO-KHI,KARACHI,OPENSOURCE_API_GRID,305,,,,0.95,True,True,TIER2_OPENSOURCE_PURE;CONTINUOUS_MINUTE_STREAM;VERIFIED_MODEL_GRID,9597eafd3ba67feeaddfb2056b3d50935c3388cb8607b0a073a1bc0f3bbb9c67,2026-09-22T05:04:00+00:00,2026-09-22 10:04:00,46.9,1009.1,85
21.5,31.6,50.0,1959.2,568.8,88.5,11.1,4.0,1.0,453.9,519.9,18.3,12.9,104.5,34.3,21.34,False,4095,0.0,10.0,642.5,EXT-OPEN-METEO-KHI,KARACHI,OPENSOURCE_API_GRID,306,,,,0.95,True,True,TIER2_OPENSOURCE_PURE;CONTINUOUS_MINUTE_STREAM;VERIFIED_MODEL_GRID,7d7348fac3e9a4d1a95b1671dc6f83e2820cfacb080800c6208d6b8f6746fd3a,2026-09-22T05:05:00+00:00,2026-09-22 10:05:00,46.9,1009.1,85
21.5,31.6,50.0,1959.2,568.8,88.5,11.1,4.0,1.0,453.9,518.5,18.3,12.9,104.7,34.3,21.34,False,4095,0.0,10.0,643.6,EXT-OPEN-METEO-KHI,KARACHI,OPENSOURCE_API_GRID,307,,,,0.95,True,True,TIER2_OPENSOURCE_PURE;CONTINUOUS_MINUTE_STREAM;VERIFIED_MODEL_GRID,6559968dd0ef64991a9e79de269a6fdf34e7c6a04069104a94b5350d2497943f,2026-09-22T05:06:00+00:00,2026-09-22 10:06:00,46.9,1009.1,85
21.6,31.7,50.1,1965.4,570.6,88.8,11.1,4.0,1.0,453.9,516.9,18.2,12.9,105.0,34.3,21.34,False,4095,0.0,10.0,644.8,EXT-OPEN-METEO-KHI,KARACHI,OPENSOURCE_API_GRID,308,,,,0.95,True,True,TIER2_OPENSOURCE_PURE;CONTINUOUS_MINUTE_STREAM;VERIFIED_MODEL_GRID,8877a98a06eef120e3d4a21d2ff8a05a974c7e04c991b59d19cc28caf2579f21,2026-09-22T05:07:00+00:00,2026-09-22 10:07:00,46.9,1009.1,85
21.6,31.7,50.2,1965.4,570.6,88.8,11.1,4.0,1.0,453.8,515.1,18.2,12.9,105.3,34.3,21.3,False,4095,0.0,10.0,646.2,EXT-OPEN-METEO-KHI,KARACHI,OPENSOURCE_API_GRID,309,,,,0.95,True,True,TIER2_OPENSOURCE_PURE;CONTINUOUS_MINUTE_STREAM;VERIFIED_MODEL_GRID,70130c28dc87aff8c34049b33f4df891180bcc4ceeb31518f82b8b1d6e7ee15d,2026-09-22T05:08:00+00:00,2026-09-22 10:08:00,46.8,1009.1,85
21.6,31.8,50.3,1971.6,572.4,89.0,11.1,4.0,1.0,453.8,513.0,18.1,12.9,105.6,34.4,21.4,False,4095,0.0,10.0,647.8,EXT-OPEN-METEO-KHI,KARACHI,OPENSOURCE_API_GRID,310,,,,0.95,True,True,TIER2_OPENSOURCE_PURE;CONTINUOUS_MINUTE_STREAM;VERIFIED_MODEL_GRID,b3c17826aad1d596bbc8711d1f1fa6b1d713ed4a3174f698c97075b2a454eca6,2026-09-22T05:09:00+00:00,2026-09-22 10:09:00,46.8,1009.1,85
21.6,31.7,50.2,1965.4,570.6,88.8,11.1,4.0,1.0,453.7,510.7,18.1,12.9,106.0,34.4,21.43,False,4095,0.0,10.0,649.6,EXT-OPEN-METEO-KHI,KARACHI,OPENSOURCE_API_GRID,311,,,,0.95,True,True,TIER2_OPENSOURCE_PURE;CONTINUOUS_MINUTE_STREAM;VERIFIED_MODEL_GRID,4946d59ab4c2e24a93fe0f6adf8a156377309e3b6fd002acd191def797a1cc5e,2026-09-22T05:10:00+00:00,2026-09-22 10:10:00,46.9,1009.1,85
21.6,31.7,50.3,1965.4,570.6,88.8,11.1,4.0,1.0,453.7,508.2,18.0,12.9,106.4,34.4,21.4,False,4095,0.0,10.0,651.5,EXT-OPEN-METEO-KHI,KARACHI,OPENSOURCE_API_GRID,312,,,,0.95,True,True,TIER2_OPENSOURCE_PURE;CONTINUOUS_MINUTE_STREAM;VERIFIED_MODEL_GRID,c1685d1c73f06b9783a8c6b9734818b21d8f34246221fabfe1f11097e5aa027a,2026-09-22T05:11:00+00:00,2026-09-22 10:11:00,46.8,1009.1,85
21.6,31.8,50.3,1971.6,572.4,89.0,11.1,4.0,1.0,453.6,505.5,18.0,12.9,106.9,34.4,21.4,False,4095,0.0,10.0,653.6,EXT-OPEN-METEO-KHI,KARACHI,OPENSOURCE_API_GRID,313,,,,0.95,True,True,TIER2_OPENSOURCE_PURE;CONTINUOUS_MINUTE_STREAM;VERIFIED_MODEL_GRID,780b356db402482624888bb05a4f854c8f2052f54a653cf918e83dfa2361b42c,2026-09-22T05:12:00+00:00,2026-09-22 10:12:00,46.8,1009.1,85
21.6,31.8,50.4,1971.6,572.4,89.0,11.1,4.0,1.0,453.6,502.6,17.9,12.9,107.3,34.5,21.45,False,4095,0.0,10.0,655.8,EXT-OPEN-METEO-KHI,KARACHI,OPENSOURCE_API_GRID,314,,,,0.95,True,True,TIER2_OPENSOURCE_PURE;CONTINUOUS_MINUTE_STREAM;VERIFIED_MODEL_GRID,25beab5d4997e006a7ea97314bb62e7072e2d5f9c1bd049cdd318317aaa3d227,2026-09-22T05:13:00+00:00,2026-09-22 10:13:00,46.7,1009.1,85
21.6,31.8,50.5,1971.6,572.4,89.0,11.1,4.0,1.0,453.5,499.5,17.8,13.0,107.9,34.5,21.42,False,4095,0.0,10.0,658.2,EXT-OPEN-METEO-KHI,KARACHI,OPENSOURCE_API_GRID,315,,,,0.95,True,True,TIER2_OPENSOURCE_PURE;CONTINUOUS_MINUTE_STREAM;VERIFIED_MODEL_GRID,b3549cc1a6d172e46a048bf2c480e03f71a818c7a4897e0d274ab47c7e9bdb61,2026-09-22T05:14:00+00:00,2026-09-22 10:14:00,46.6,1009.1,85
21.6,31.8,50.5,1971.6,572.4,89.0,11.1,4.0,1.0,453.4,496.2,17.7,13.0,108.4,34.5,21.38,False,4095,0.0,10.0,660.8,EXT-OPEN-METEO-KHI,KARACHI,OPENSOURCE_API_GRID,316,,,,0.95,True,True,TIER2_OPENSOURCE_PURE;CONTINUOUS_MINUTE_STREAM;VERIFIED_MODEL_GRID,d59fa7ed7eebb7fd9c2dff6a43e5bcda6e4d7290588cf4f37609b5f6d991603b,2026-09-22T05:15:00+00:00,2026-09-22 10:15:00,46.5,1009.1,85
21.7,31.9,50.6,1977.8,574.2,89.3,11.2,4.0,1.0,453.3,492.7,17.6,13.0,109.0,34.6,21.44,False,4095,0.0,10.0,663.4,EXT-OPEN-METEO-KHI,KARACHI,OPENSOURCE_API_GRID,317,,,,0.95,True,True,TIER2_OPENSOURCE_PURE;CONTINUOUS_MINUTE_STREAM;VERIFIED_MODEL_GRID,2a597d9fdf3f14372d702db9fa806b15b056b6f366a0944d884bfd94fe3c87b6,2026-09-22T05:16:00+00:00,2026-09-22 10:16:00,46.4,1009.1,85
21.7,31.9,50.6,1977.8,574.2,89.3,11.2,4.0,1.0,453.3,489.1,17.5,13.0,109.6,34.6,21.4,False,4095,0.0,10.0,666.3,EXT-OPEN-METEO-KHI,KARACHI,OPENSOURCE_API_GRID,318,,,,0.95,True,True,TIER2_OPENSOURCE_PURE;CONTINUOUS_MINUTE_STREAM;VERIFIED_MODEL_GRID,c18ad35d9666bc51adfbb22502e6e61c5277e1e758a90b8a7ffd1bd40b5be655,2026-09-22T05:17:00+00:00,2026-09-22 10:17:00,46.3,1009.1,85
21.7,31.9,50.6,1977.8,574.2,89.3,11.2,4.0,1.0,453.2,485.3,17.5,13.0,110.2,34.6,21.37,False,4095,0.0,10.0,669.2,EXT-OPEN-METEO-KHI,KARACHI,OPENSOURCE_API_GRID,319,,,,0.95,True,True,TIER2_OPENSOURCE_PURE;CONTINUOUS_MINUTE_STREAM;VERIFIED_MODEL_GRID,83775d5e6558fb4cc3ca919db1046e08adbed201c80cdcb0d393008d197fad4a,2026-09-22T05:18:00+00:00,2026-09-22 10:18:00,46.2,1009.1,85
21.6,31.8,50.6,1971.6,572.4,89.0,11.1,4.0,1.0,453.1,481.3,17.4,13.0,110.8,34.6,21.33,False,4095,0.0,10.0,672.2,EXT-OPEN-METEO-KHI,KARACHI,OPENSOURCE_API_GRID,320,,,,0.95,True,True,TIER2_OPENSOURCE_PURE;CONTINUOUS_MINUTE_STREAM;VERIFIED_MODEL_GRID,4e16b36668cad1563f3521901356d332133e270eacb634ad6a0bf4f61fcf07e3,2026-09-22T05:19:00+00:00,2026-09-22 10:19:00,46.1,1009.1,85
21.6,31.8,50.6,1971.6,572.4,89.0,11.1,4.0,1.0,453.0,477.2,17.2,13.0,111.5,34.7,21.39,False,4095,0.0,10.0,675.4,EXT-OPEN-METEO-KHI,KARACHI,OPENSOURCE_API_GRID,321,,,,0.95,True,True,TIER2_OPENSOURCE_PURE;CONTINUOUS_MINUTE_STREAM;VERIFIED_MODEL_GRID,b7455c3cd3e6f21b16f6c583420a65fe68261b0aec7fd143013e6b5cf3a09087,2026-09-22T05:20:00+00:00,2026-09-22 10:20:00,46.0,1009.1,85
21.6,31.8,50.6,1971.6,572.4,89.0,11.1,4.0,1.0,452.9,473.0,17.1,13.0,112.2,34.7,21.35,False,4095,0.0,10.0,678.6,EXT-OPEN-METEO-KHI,KARACHI,OPENSOURCE_API_GRID,322,,,,0.95,True,True,TIER2_OPENSOURCE_PURE;CONTINUOUS_MINUTE_STREAM;VERIFIED_MODEL_GRID,0e9c04c49bd2d7bd7761f1a99934e1e0b966ec8d24b1b20cddee4489fbfe9aec,2026-09-22T05:21:00+00:00,2026-09-22 10:21:00,45.9,1009.1,85
21.6,31.7,50.6,1965.4,570.6,88.8,11.1,4.0,1.0,452.8,468.7,17.0,13.0,112.9,34.7,21.32,False,4095,0.0,10.0,682.0,EXT-OPEN-METEO-KHI,KARACHI,OPENSOURCE_API_GRID,323,,,,0.95,True,True,TIER2_OPENSOURCE_PURE;CONTINUOUS_MINUTE_STREAM;VERIFIED_MODEL_GRID,84186164398d746630cf20f4b0294494d6b6c4ecfb7a4ce4c3790b140ab6550f,2026-09-22T05:22:00+00:00,2026-09-22 10:22:00,45.8,1009.1,85
21.6,31.7,50.5,1965.4,570.6,88.8,11.1,4.0,1.0,452.7,464.3,16.9,13.0,113.6,34.7,21.24,False,4095,0.0,10.0,685.4,EXT-OPEN-METEO-KHI,KARACHI,OPENSOURCE_API_GRID,324,,,,0.95,True,True,TIER2_OPENSOURCE_PURE;CONTINUOUS_MINUTE_STREAM;VERIFIED_MODEL_GRID,6a2d4f2b8e1ad748107538b1fcbd046ff6276158f4bf7751bc4dbae6328f246e,2026-09-22T05:23:00+00:00,2026-09-22 10:23:00,45.6,1009.1,85
21.5,31.6,50.5,1959.2,568.8,88.5,11.1,4.0,1.0,452.6,459.8,16.8,13.0,114.4,34.8,21.3,False,4095,0.0,10.0,688.8,EXT-OPEN-METEO-KHI,KARACHI,OPENSOURCE_API_GRID,325,,,,0.95,True,True,TIER2_OPENSOURCE_PURE;CONTINUOUS_MINUTE_STREAM;VERIFIED_MODEL_GRID,43443d5380b15621a565bee0a4b34eb17c873d371548849e3cdcc4d8ab6c95d7,2026-09-22T05:24:00+00:00,2026-09-22 10:24:00,45.5,1009.1,85
21.5,31.6,50.5,1959.2,568.8,88.5,11.1,4.0,1.0,452.5,455.2,16.7,13.0,115.1,34.8,21.26,False,4095,0.0,10.0,692.4,EXT-OPEN-METEO-KHI,KARACHI,OPENSOURCE_API_GRID,326,,,,0.95,True,True,TIER2_OPENSOURCE_PURE;CONTINUOUS_MINUTE_STREAM;VERIFIED_MODEL_GRID,247b2933820d018c4b8bc73b11b137f0fa6e357603fc555068ce349ae5c1bb90,2026-09-22T05:25:00+00:00,2026-09-22 10:25:00,45.4,1009.1,85
21.4,31.5,50.4,1953.0,567.0,88.2,11.0,4.0,1.0,452.4,450.5,16.6,13.1,115.9,34.8,21.23,False,4095,0.0,10.0,696.0,EXT-OPEN-METEO-KHI,KARACHI,OPENSOURCE_API_GRID,327,,,,0.95,True,True,TIER2_OPENSOURCE_PURE;CONTINUOUS_MINUTE_STREAM;VERIFIED_MODEL_GRID,90ae00d73e119e297ea5c0cd1b4f1813e078f1fea552f0bbc4f848a3f5745871,2026-09-22T05:26:00+00:00,2026-09-22 10:26:00,45.3,1009.1,85
21.4,31.5,50.4,1953.0,567.0,88.2,11.0,4.0,1.0,452.3,445.8,16.5,13.1,116.7,34.8,21.19,False,4095,0.0,10.0,699.6,EXT-OPEN-METEO-KHI,KARACHI,OPENSOURCE_API_GRID,328,,,,0.95,True,True,TIER2_OPENSOURCE_PURE;CONTINUOUS_MINUTE_STREAM;VERIFIED_MODEL_GRID,43e103dfc8a06f5824b4c5c482dcc22b328e3c0595a9cb7229aa70c5365069af,2026-09-22T05:27:00+00:00,2026-09-22 10:27:00,45.2,1009.1,85
21.4,31.5,50.4,1953.0,567.0,88.2,11.0,4.0,1.0,452.2,441.1,16.3,13.1,117.4,34.9,21.25,False,4095,0.0,10.0,703.3,EXT-OPEN-METEO-KHI,KARACHI,OPENSOURCE_API_GRID,329,,,,0.95,True,True,TIER2_OPENSOURCE_PURE;CONTINUOUS_MINUTE_STREAM;VERIFIED_MODEL_GRID,a62f62a1f1810b152cc9c74851afa3bf8e93100b3fc57bda1c4988cb5903544f,2026-09-22T05:28:00+00:00,2026-09-22 10:28:00,45.1,1009.1,85
21.4,31.4,50.4,1946.8,565.2,87.9,11.0,4.0,1.0,452.1,436.3,16.2,13.1,118.2,34.9,21.21,False,4095,0.0,10.0,707.0,EXT-OPEN-METEO-KHI,KARACHI,OPENSOURCE_API_GRID,330,,,,0.95,True,True,TIER2_OPENSOURCE_PURE;CONTINUOUS_MINUTE_STREAM;VERIFIED_MODEL_GRID,f561ec9ba55a4f52e7ab3b1ddb010f0985f912b7e098d3b1770009b0857ad58c,2026-09-22T05:29:00+00:00,2026-09-22 10:29:00,45.0,1009.1,85
21.4,31.4,50.4,1946.8,565.2,87.9,11.0,4.0,1.0,452.0,431.5,16.1,13.1,119.0,34.9,21.17,False,4095,0.0,10.0,710.6,EXT-OPEN-METEO-KHI,KARACHI,OPENSOURCE_API_GRID,331,,,,0.95,True,True,TIER2_OPENSOURCE_PURE;CONTINUOUS_MINUTE_STREAM;VERIFIED_MODEL_GRID,ddb263330f0e14f17a3a28ffda5086b8ba5d3456f6df8ea6289cbf898b853505,2026-09-22T05:30:00+00:00,2026-09-22 10:30:00,44.9,1009.1,85
21.4,31.4,50.4,1946.8,565.2,87.9,11.0,4.0,1.0,451.9,426.7,16.0,13.1,119.8,34.9,21.14,False,4095,0.0,10.0,714.3,EXT-OPEN-METEO-KHI,KARACHI,OPENSOURCE_API_GRID,332,,,,0.95,True,True,TIER2_OPENSOURCE_PURE;CONTINUOUS_MINUTE_STREAM;VERIFIED_MODEL_GRID,05f6ef3f4ab263abab748790e5f0f10c14ef21844aa6369e05f99e78290c8d31,2026-09-22T05:31:00+00:00,2026-09-22 10:31:00,44.8,1009.1,85
21.4,31.4,50.4,1946.8,565.2,87.9,11.0,4.0,1.0,451.8,421.9,15.9,13.1,120.6,35.0,21.19,False,4095,0.0,10.0,718.0,EXT-OPEN-METEO-KHI,KARACHI,OPENSOURCE_API_GRID,333,,,,0.95,True,True,TIER2_OPENSOURCE_PURE;CONTINUOUS_MINUTE_STREAM;VERIFIED_MODEL_GRID,64e51d1ed8e52a6d7a958cc450cf444b264666bdb113b8ec1c570ec6285561b5,2026-09-22T05:32:00+00:00,2026-09-22 10:32:00,44.7,1009.1,85
21.4,31.4,50.5,1946.8,565.2,87.9,11.0,4.0,1.0,451.7,417.2,15.7,13.1,121.3,35.0,21.15,False,4095,0.0,10.0,721.7,EXT-OPEN-METEO-KHI,KARACHI,OPENSOURCE_API_GRID,334,,,,0.95,True,True,TIER2_OPENSOURCE_PURE;CONTINUOUS_MINUTE_STREAM;VERIFIED_MODEL_GRID,16e8aa7c456f2af65a5d920168caf5b96943c44f5ffe8917cdb7c31234d24c1f,2026-09-22T05:33:00+00:00,2026-09-22 10:33:00,44.6,1009.0,85
21.4,31.4,50.5,1946.8,565.2,87.9,11.0,4.0,1.0,451.6,412.5,15.6,13.1,122.1,35.0,21.12,False,4095,0.0,10.0,725.3,EXT-OPEN-METEO-KHI,KARACHI,OPENSOURCE_API_GRID,335,,,,0.95,True,True,TIER2_OPENSOURCE_PURE;CONTINUOUS_MINUTE_STREAM;VERIFIED_MODEL_GRID,70ab097534017346fe14b6a21936a7d340f8eb6150abad67b0759a52d67bcc08,2026-09-22T05:34:00+00:00,2026-09-22 10:34:00,44.5,1009.0,85
21.4,31.4,50.6,1946.8,565.2,87.9,11.0,4.0,1.0,451.5,407.8,15.5,13.2,122.9,35.1,21.17,False,4095,0.0,10.0,728.9,EXT-OPEN-METEO-KHI,KARACHI,OPENSOURCE_API_GRID,336,,,,0.95,True,True,TIER2_OPENSOURCE_PURE;CONTINUOUS_MINUTE_STREAM;VERIFIED_MODEL_GRID,a37b5f5c1e62f39cf7f5102d4d3bd5b0fcbb467d1eb8597dc024e9db75f975e0,2026-09-22T05:35:00+00:00,2026-09-22 10:35:00,44.4,1009.0,85
21.4,31.5,50.7,1953.0,567.0,88.2,11.0,4.1,1.0,451.4,403.2,15.4,13.2,123.6,35.1,21.13,False,4095,0.0,10.0,732.5,EXT-OPEN-METEO-KHI,KARACHI,OPENSOURCE_API_GRID,337,,,,0.95,True,True,TIER2_OPENSOURCE_PURE;CONTINUOUS_MINUTE_STREAM;VERIFIED_MODEL_GRID,320707df6500d101af973bc4b3f6429129b4f301dc6f53b2a13f10c4437bc793,2026-09-22T05:36:00+00:00,2026-09-22 10:36:00,44.3,1009.0,85
21.4,31.5,50.8,1953.0,567.0,88.2,11.0,4.1,1.0,451.3,398.7,15.3,13.2,124.4,35.1,21.13,False,4095,0.0,10.0,735.9,EXT-OPEN-METEO-KHI,KARACHI,OPENSOURCE_API_GRID,338,,,,0.95,True,True,TIER2_OPENSOURCE_PURE;CONTINUOUS_MINUTE_STREAM;VERIFIED_MODEL_GRID,5511d830348a6324343ebc5ef8361c2895ce6fc4045055e9ec5823312d1f3f3d,2026-09-22T05:37:00+00:00,2026-09-22 10:37:00,44.3,1009.0,85
21.4,31.5,50.9,1953.0,567.0,88.2,11.0,4.1,1.0,451.2,394.3,15.2,13.2,125.1,35.2,21.19,False,4095,0.0,10.0,739.3,EXT-OPEN-METEO-KHI,KARACHI,OPENSOURCE_API_GRID,339,,,,0.95,True,True,TIER2_OPENSOURCE_PURE;CONTINUOUS_MINUTE_STREAM;VERIFIED_MODEL_GRID,628a8a2adf8f872116c8c131f452aad357bf7e1f23b5ec4157cac16d0ce453e0,2026-09-22T05:38:00+00:00,2026-09-22 10:38:00,44.2,1009.0,85
21.5,31.6,50.9,1959.2,568.8,88.5,11.1,4.1,1.0,451.1,390.0,15.1,13.2,125.8,35.2,21.15,False,4095,0.0,10.0,742.7,EXT-OPEN-METEO-KHI,KARACHI,OPENSOURCE_API_GRID,340,,,,0.95,True,True,TIER2_OPENSOURCE_PURE;CONTINUOUS_MINUTE_STREAM;VERIFIED_MODEL_GRID,f79f00aa1bd045072030997c246e9d0ae0270a36a2a7495413f311e9938761f7,2026-09-22T05:39:00+00:00,2026-09-22 10:39:00,44.1,1009.0,85
21.5,31.6,51.0,1959.2,568.8,88.5,11.1,4.1,1.0,451.0,385.8,15.0,13.2,126.5,35.3,21.2,False,4095,0.0,10.0,745.9,EXT-OPEN-METEO-KHI,KARACHI,OPENSOURCE_API_GRID,341,,,,0.95,True,True,TIER2_OPENSOURCE_PURE;CONTINUOUS_MINUTE_STREAM;VERIFIED_MODEL_GRID,9d5fc547c3875dd03007be2ef2995338549c868adc1541aace341296a913da69,2026-09-22T05:40:00+00:00,2026-09-22 10:40:00,44.0,1009.0,85
21.4,31.5,50.9,1953.0,567.0,88.2,11.0,4.1,1.0,450.9,381.7,14.8,13.2,127.2,35.3,21.24,False,4095,0.0,10.0,749.1,EXT-OPEN-METEO-KHI,KARACHI,OPENSOURCE_API_GRID,342,,,,0.95,True,True,TIER2_OPENSOURCE_PURE;CONTINUOUS_MINUTE_STREAM;VERIFIED_MODEL_GRID,526830a51e7a3a030ab492988278f571fa586591dabac24ec8564dac4eeb821d,2026-09-22T05:41:00+00:00,2026-09-22 10:41:00,44.1,1009.0,85
21.5,31.6,51.0,1959.2,568.8,88.5,11.1,4.1,1.0,450.8,377.7,14.7,13.2,127.8,35.3,21.2,False,4095,0.0,10.0,752.1,EXT-OPEN-METEO-KHI,KARACHI,OPENSOURCE_API_GRID,343,,,,0.95,True,True,TIER2_OPENSOURCE_PURE;CONTINUOUS_MINUTE_STREAM;VERIFIED_MODEL_GRID,63e6ef01f39eed3b7b35d9be94107d28dad8d2161e87ece363f7bd6fbb370104,2026-09-22T05:42:00+00:00,2026-09-22 10:42:00,44.0,1009.0,85
21.5,31.6,51.1,1959.2,568.8,88.5,11.1,4.1,1.0,450.7,373.9,14.7,13.2,128.4,35.4,21.26,False,4095,0.0,10.0,755.0,EXT-OPEN-METEO-KHI,KARACHI,OPENSOURCE_API_GRID,344,,,,0.95,True,True,TIER2_OPENSOURCE_PURE;CONTINUOUS_MINUTE_STREAM;VERIFIED_MODEL_GRID,6fd1ea6b0edc12a3ddaee5c3505c8c35e4329d37bf32e8de1cd0e4953e4a640e,2026-09-22T05:43:00+00:00,2026-09-22 10:43:00,43.9,1009.0,85
21.6,31.7,51.2,1965.4,570.6,88.8,11.1,4.1,1.0,450.7,370.3,14.6,13.2,129.0,35.4,21.22,False,4095,0.0,10.0,757.9,EXT-OPEN-METEO-KHI,KARACHI,OPENSOURCE_API_GRID,345,,,,0.95,True,True,TIER2_OPENSOURCE_PURE;CONTINUOUS_MINUTE_STREAM;VERIFIED_MODEL_GRID,391c9141fa127034ded0f603639ab2a7a57e5c635b392f14f0d614870eaea61b,2026-09-22T05:44:00+00:00,2026-09-22 10:44:00,43.8,1009.0,85
21.6,31.7,51.3,1965.4,570.6,88.8,11.1,4.1,1.0,450.6,366.8,14.5,13.2,129.6,35.4,21.18,False,4095,0.0,10.0,760.5,EXT-OPEN-METEO-KHI,KARACHI,OPENSOURCE_API_GRID,346,,,,0.95,True,True,TIER2_OPENSOURCE_PURE;CONTINUOUS_MINUTE_STREAM;VERIFIED_MODEL_GRID,3ffb6acc6911cac86f9fa60f1946061f5cfe651935937240e86b0b1234b97efe,2026-09-22T05:45:00+00:00,2026-09-22 10:45:00,43.7,1009.0,85
21.6,31.7,51.3,1965.4,570.6,88.8,11.1,4.1,1.0,450.5,363.5,14.4,13.2,130.1,35.5,21.23,False,4095,0.0,10.0,763.1,EXT-OPEN-METEO-KHI,KARACHI,OPENSOURCE_API_GRID,347,,,,0.95,True,True,TIER2_OPENSOURCE_PURE;CONTINUOUS_MINUTE_STREAM;VERIFIED_MODEL_GRID,2b00bb2fee721de9ef61105b6af4990a6890f0fefa045f88e251f315b74f96cb,2026-09-22T05:46:00+00:00,2026-09-22 10:46:00,43.6,1009.0,85
21.6,31.7,51.4,1965.4,570.6,88.8,11.1,4.1,1.0,450.4,360.4,14.3,13.3,130.7,35.5,21.2,False,4095,0.0,10.0,765.5,EXT-OPEN-METEO-KHI,KARACHI,OPENSOURCE_API_GRID,348,,,,0.95,True,True,TIER2_OPENSOURCE_PURE;CONTINUOUS_MINUTE_STREAM;VERIFIED_MODEL_GRID,986fe3945bd04eb416a3d77db2df53d175aec92d8c15c582866cbadb2156a692,2026-09-22T05:47:00+00:00,2026-09-22 10:47:00,43.5,1009.0,85
21.6,31.7,51.4,1965.4,570.6,88.8,11.1,4.1,1.0,450.4,357.5,14.2,13.3,131.1,35.5,21.16,False,4095,0.0,10.0,767.7,EXT-OPEN-METEO-KHI,KARACHI,OPENSOURCE_API_GRID,349,,,,0.95,True,True,TIER2_OPENSOURCE_PURE;CONTINUOUS_MINUTE_STREAM;VERIFIED_MODEL_GRID,13bf8c86c23e11bf66f277f4130ddb2d2bc00f1d9b011fa970283e7e96bcbf0e,2026-09-22T05:48:00+00:00,2026-09-22 10:48:00,43.4,1009.0,85
21.6,31.7,51.4,1965.4,570.6,88.8,11.1,4.1,1.0,450.3,354.8,14.2,13.3,131.6,35.5,21.16,False,4095,0.0,10.0,769.8,EXT-OPEN-METEO-KHI,KARACHI,OPENSOURCE_API_GRID,350,,,,0.95,True,True,TIER2_OPENSOURCE_PURE;CONTINUOUS_MINUTE_STREAM;VERIFIED_MODEL_GRID,e60197fefd0c29fa5dd4794791ca48e6b1aa212a45c481fbc6f72dfe9d2907ee,2026-09-22T05:49:00+00:00,2026-09-22 10:49:00,43.4,1009.0,85
21.6,31.7,51.4,1965.4,570.6,88.8,11.1,4.1,1.0,450.3,352.3,14.1,13.3,132.0,35.6,21.21,False,4095,0.0,10.0,771.7,EXT-OPEN-METEO-KHI,KARACHI,OPENSOURCE_API_GRID,351,,,,0.95,True,True,TIER2_OPENSOURCE_PURE;CONTINUOUS_MINUTE_STREAM;VERIFIED_MODEL_GRID,6839058be8d66f093344126eb532ffa23eaaa31cbecfbfdc5619ba8658c071ce,2026-09-22T05:50:00+00:00,2026-09-22 10:50:00,43.3,1009.0,85
21.6,31.7,51.4,1965.4,570.6,88.8,11.1,4.1,1.0,450.2,350.0,14.1,13.3,132.4,35.6,21.17,False,4095,0.0,10.0,773.5,EXT-OPEN-METEO-KHI,KARACHI,OPENSOURCE_API_GRID,352,,,,0.95,True,True,TIER2_OPENSOURCE_PURE;CONTINUOUS_MINUTE_STREAM;VERIFIED_MODEL_GRID,09c2950ae17c4c8b0d63a9981220078d1bf0919ef4495196cac25201882d4f90,2026-09-22T05:51:00+00:00,2026-09-22 10:51:00,43.2,1009.0,85
21.5,31.6,51.3,1959.2,568.8,88.5,11.1,4.1,1.0,450.2,347.9,14.0,13.3,132.7,35.6,21.14,False,4095,0.0,10.0,775.1,EXT-OPEN-METEO-KHI,KARACHI,OPENSOURCE_API_GRID,353,,,,0.95,True,True,TIER2_OPENSOURCE_PURE;CONTINUOUS_MINUTE_STREAM;VERIFIED_MODEL_GRID,a34ca6445181ef6e5abfb3e8550051e8705497aaa2055edf392b5ebd2a669170,2026-09-22T05:52:00+00:00,2026-09-22 10:52:00,43.1,1009.0,85
21.5,31.6,51.3,1959.2,568.8,88.5,11.1,4.1,1.0,450.1,346.1,14.0,13.3,133.0,35.6,21.14,False,4095,0.0,10.0,776.5,EXT-OPEN-METEO-KHI,KARACHI,OPENSOURCE_API_GRID,354,,,,0.95,True,True,TIER2_OPENSOURCE_PURE;CONTINUOUS_MINUTE_STREAM;VERIFIED_MODEL_GRID,df7b7139ed2ded94697652966d4278b8422a09473bdb7722e8a74f1200788c44,2026-09-22T05:53:00+00:00,2026-09-22 10:53:00,43.1,1009.0,85
21.5,31.6,51.2,1959.2,568.8,88.5,11.1,4.1,1.0,450.1,344.5,13.9,13.3,133.3,35.6,21.1,False,4095,0.0,10.0,777.7,EXT-OPEN-METEO-KHI,KARACHI,OPENSOURCE_API_GRID,355,,,,0.95,True,True,TIER2_OPENSOURCE_PURE;CONTINUOUS_MINUTE_STREAM;VERIFIED_MODEL_GRID,ee45d6b7afcf36481425219803708a58dbc7df8e927152306c21047e04c87893,2026-09-22T05:54:00+00:00,2026-09-22 10:54:00,43.0,1009.0,85
21.4,31.5,51.2,1953.0,567.0,88.2,11.0,4.1,1.0,450.1,343.1,13.9,13.3,133.5,35.6,21.1,False,4095,0.0,10.0,778.8,EXT-OPEN-METEO-KHI,KARACHI,OPENSOURCE_API_GRID,356,,,,0.95,True,True,TIER2_OPENSOURCE_PURE;CONTINUOUS_MINUTE_STREAM;VERIFIED_MODEL_GRID,d2843573d3d99b3e0f6b5cb50c1ddf00527258c5e07e7a42849369a400c73395,2026-09-22T05:55:00+00:00,2026-09-22 10:55:00,43.0,1009.0,85
21.4,31.5,51.1,1953.0,567.0,88.2,11.0,4.1,1.0,450.0,342.0,13.9,13.3,133.7,35.6,21.06,False,4095,0.0,10.0,779.7,EXT-OPEN-METEO-KHI,KARACHI,OPENSOURCE_API_GRID,357,,,,0.95,True,True,TIER2_OPENSOURCE_PURE;CONTINUOUS_MINUTE_STREAM;VERIFIED_MODEL_GRID,5b25096e532ae2ee4e3f6eb5d94d957d2da791e6990535ae2d09986a2c85cc57,2026-09-22T05:56:00+00:00,2026-09-22 10:56:00,42.9,1009.0,85
21.4,31.4,51.1,1946.8,565.2,87.9,11.0,4.1,1.0,450.0,341.1,13.8,13.3,133.8,35.6,21.06,False,4095,0.0,10.0,780.3,EXT-OPEN-METEO-KHI,KARACHI,OPENSOURCE_API_GRID,358,,,,0.95,True,True,TIER2_OPENSOURCE_PURE;CONTINUOUS_MINUTE_STREAM;VERIFIED_MODEL_GRID,7d21574ca63e5b0209412427689871cc7918f596424d7eba070e79afe90085a9,2026-09-22T05:57:00+00:00,2026-09-22 10:57:00,42.9,1009.0,85
21.4,31.4,51.0,1946.8,565.2,87.9,11.0,4.1,1.0,450.0,340.5,13.8,13.3,133.9,35.6,21.06,False,4095,0.0,10.0,780.8,EXT-OPEN-METEO-KHI,KARACHI,OPENSOURCE_API_GRID,359,,,,0.95,True,True,TIER2_OPENSOURCE_PURE;CONTINUOUS_MINUTE_STREAM;VERIFIED_MODEL_GRID,377b6393f5ffcec18103d8689fbb283c298c616f726ae99bab1e8a879f8dea53,2026-09-22T05:58:00+00:00,2026-09-22 10:58:00,42.9,1009.0,85
21.3,31.3,51.0,1940.6,563.4,87.6,11.0,4.1,1.0,450.0,340.1,13.8,13.3,134.0,35.6,21.06,False,4095,0.0,10.0,781.1,EXT-OPEN-METEO-KHI,KARACHI,OPENSOURCE_API_GRID,360,,,,0.95,True,True,TIER2_OPENSOURCE_PURE;CONTINUOUS_MINUTE_STREAM;VERIFIED_MODEL_GRID,c4b385ba0d0d876e42cfc28e34ccdf92bf7cf816d24c02ccd9c434ecca760a65,2026-09-22T05:59:00+00:00,2026-09-22 10:59:00,42.9,1009.0,85
21.3,31.3,50.9,1940.6,563.4,87.6,11.0,4.1,1.0,450.0,340.0,13.8,13.3,134.0,35.6,21.06,False,4095,0.0,10.0,781.2,EXT-OPEN-METEO-KHI,KARACHI,OPENSOURCE_API_GRID,361,,,,0.95,True,False,TIER2_OPENSOURCE_PURE;HOURLY_NODE;VERIFIED_MODEL_GRID,a240b4035eaac3ef3c5604f7cef54ec497377f38d30db1134000e869d38f5e4e,2026-09-22T06:00:00+00:00,2026-09-22 11:00:00,42.9,1009.0,86
21.3,31.3,50.9,1940.6,563.4,87.6,11.0,4.1,1.0,450.0,340.0,13.8,13.3,134.0,35.6,21.06,False,4095,0.0,10.0,781.3,EXT-OPEN-METEO-KHI,KARACHI,OPENSOURCE_API_GRID,362,,,,0.95,True,True,TIER2_OPENSOURCE_PURE;CONTINUOUS_MINUTE_STREAM;VERIFIED_MODEL_GRID,7295aa28728726e7caf2b977b6a7ab69337bcec6fb45a3d72e715aca89012f90,2026-09-22T06:01:00+00:00,2026-09-22 11:01:00,42.9,1009.0,86
21.3,31.3,50.9,1940.6,563.4,87.6,11.0,4.1,1.0,450.0,339.8,13.8,13.3,134.0,35.6,21.06,False,4095,0.0,10.0,781.4,EXT-OPEN-METEO-KHI,KARACHI,OPENSOURCE_API_GRID,363,,,,0.95,True,True,TIER2_OPENSOURCE_PURE;CONTINUOUS_MINUTE_STREAM;VERIFIED_MODEL_GRID,aaf370ee7a43c202f506c7e431939536ef36adab12ed71d41427dc30a466447d,2026-09-22T06:02:00+00:00,2026-09-22 11:02:00,42.9,1009.0,86
21.3,31.3,50.9,1940.6,563.4,87.6,11.0,4.1,1.0,450.0,339.6,13.8,13.3,134.1,35.6,21.06,False,4095,0.0,10.0,781.7,EXT-OPEN-METEO-KHI,KARACHI,OPENSOURCE_API_GRID,364,,,,0.95,True,True,TIER2_OPENSOURCE_PURE;CONTINUOUS_MINUTE_STREAM;VERIFIED_MODEL_GRID,586244f4b8f0c6f93d5303c6baf3397e67f7360058b3419517e6c5f774f6ad25,2026-09-22T06:03:00+00:00,2026-09-22 11:03:00,42.9,1009.0,86
21.3,31.3,51.0,1940.6,563.4,87.6,11.0,4.1,1.0,450.0,339.3,13.8,13.3,134.2,35.6,21.06,False,4095,0.0,10.0,782.0,EXT-OPEN-METEO-KHI,KARACHI,OPENSOURCE_API_GRID,365,,,,0.95,True,True,TIER2_OPENSOURCE_PURE;CONTINUOUS_MINUTE_STREAM;VERIFIED_MODEL_GRID,7916f4bd36dec0995cd7f66f476a8df7d16bcaf653456739c40e9dd370d342c3,2026-09-22T06:04:00+00:00,2026-09-22 11:04:00,42.9,1009.0,86
21.3,31.3,51.0,1940.6,563.4,87.6,11.0,4.1,1.0,450.0,338.9,13.7,13.3,134.3,35.6,21.06,False,4095,0.0,10.0,782.5,EXT-OPEN-METEO-KHI,KARACHI,OPENSOURCE_API_GRID,366,,,,0.95,True,True,TIER2_OPENSOURCE_PURE;CONTINUOUS_MINUTE_STREAM;VERIFIED_MODEL_GRID,7f8b6141d0bc323d46dd84e17b18c2b52117cb296e9a635e60e95b97a14f3a33,2026-09-22T06:05:00+00:00,2026-09-22 11:05:00,42.9,1009.0,86
21.4,31.4,51.1,1946.8,565.2,87.9,11.0,4.1,1.0,450.0,338.5,13.7,13.3,134.4,35.6,21.1,False,4095,0.0,10.0,783.1,EXT-OPEN-METEO-KHI,KARACHI,OPENSOURCE_API_GRID,367,,,,0.95,True,True,TIER2_OPENSOURCE_PURE;CONTINUOUS_MINUTE_STREAM;VERIFIED_MODEL_GRID,e741af10b36e5909c3370918b63f1b7204f345eae6e67279eeb144394350527c,2026-09-22T06:06:00+00:00,2026-09-22 11:06:00,43.0,1009.0,86
21.4,31.4,51.1,1946.8,565.2,87.9,11.0,4.1,1.0,450.0,337.9,13.7,13.3,134.5,35.6,21.1,False,4095,0.0,10.0,783.7,EXT-OPEN-METEO-KHI,KARACHI,OPENSOURCE_API_GRID,368,,,,0.95,True,True,TIER2_OPENSOURCE_PURE;CONTINUOUS_MINUTE_STREAM;VERIFIED_MODEL_GRID,d88cc6a5b2378bfc34a973bf2c0ccac6ada2b316a324963f4319fdf713d26f42,2026-09-22T06:07:00+00:00,2026-09-22 11:07:00,43.0,1009.0,86
21.4,31.4,51.2,1946.8,565.2,87.9,11.0,4.1,1.0,450.0,337.3,13.7,13.3,134.6,35.6,21.14,False,4095,0.0,10.0,784.5,EXT-OPEN-METEO-KHI,KARACHI,OPENSOURCE_API_GRID,369,,,,0.95,True,True,TIER2_OPENSOURCE_PURE;CONTINUOUS_MINUTE_STREAM;VERIFIED_MODEL_GRID,00c937e054f512175370d80fd222ac2406c582ebd6bdd918c2c28497c1b15831,2026-09-22T06:08:00+00:00,2026-09-22 11:08:00,43.1,1009.0,86
21.4,31.5,51.3,1953.0,567.0,88.2,11.0,4.1,1.0,449.9,336.6,13.6,13.2,134.8,35.6,21.14,False,4095,0.0,10.0,785.3,EXT-OPEN-METEO-KHI,KARACHI,OPENSOURCE_API_GRID,370,,,,0.95,True,True,TIER2_OPENSOURCE_PURE;CONTINUOUS_MINUTE_STREAM;VERIFIED_MODEL_GRID,70e117d581d6536eb99bcc8cb7f1798d7df28814762278b91d81b4339d33dd73,2026-09-22T06:09:00+00:00,2026-09-22 11:09:00,43.1,1009.0,86
21.4,31.5,51.4,1953.0,567.0,88.2,11.0,4.1,1.0,449.9,335.8,13.6,13.2,135.0,35.6,21.17,False,4095,0.0,10.0,786.3,EXT-OPEN-METEO-KHI,KARACHI,OPENSOURCE_API_GRID,371,,,,0.95,True,True,TIER2_OPENSOURCE_PURE;CONTINUOUS_MINUTE_STREAM;VERIFIED_MODEL_GRID,39fe06e54d744a13c8f2540fa69174c274825adb04661c25a3d3137535c8a43f,2026-09-22T06:10:00+00:00,2026-09-22 11:10:00,43.2,1009.0,86
21.5,31.6,51.5,1959.2,568.8,88.5,11.1,4.1,1.0,449.9,334.9,13.5,13.2,135.2,35.6,21.17,False,4095,0.0,10.0,787.3,EXT-OPEN-METEO-KHI,KARACHI,OPENSOURCE_API_GRID,372,,,,0.95,True,True,TIER2_OPENSOURCE_PURE;CONTINUOUS_MINUTE_STREAM;VERIFIED_MODEL_GRID,e354421e70c0dede4ca1d912a468b8408d47d2a5fc021201494e123c832fe4ef,2026-09-22T06:11:00+00:00,2026-09-22 11:11:00,43.2,1008.9,86
21.4,31.5,51.4,1953.0,567.0,88.2,11.0,4.1,1.0,449.9,334.0,13.5,13.2,135.4,35.6,21.21,False,4095,0.0,10.0,788.4,EXT-OPEN-METEO-KHI,KARACHI,OPENSOURCE_API_GRID,373,,,,0.95,True,True,TIER2_OPENSOURCE_PURE;CONTINUOUS_MINUTE_STREAM;VERIFIED_MODEL_GRID,3086c4efa11a68b351e3d8cc9a0227b1ce9d23baabc9d83b789e042c9cbe8848,2026-09-22T06:12:00+00:00,2026-09-22 11:12:00,43.3,1009.0,86
21.4,31.5,51.6,1953.0,567.0,88.2,11.0,4.1,1.0,449.9,333.0,13.5,13.2,135.7,35.6,21.25,False,4095,0.0,10.0,789.6,EXT-OPEN-METEO-KHI,KARACHI,OPENSOURCE_API_GRID,374,,,,0.95,True,True,TIER2_OPENSOURCE_PURE;CONTINUOUS_MINUTE_STREAM;VERIFIED_MODEL_GRID,2a03206e4f047eb962e81637384f8798a3e2f10655f9cdea02958879af59e3a4,2026-09-22T06:13:00+00:00,2026-09-22 11:13:00,43.4,1008.9,86
21.5,31.6,51.7,1959.2,568.8,88.5,11.1,4.1,1.0,449.9,331.9,13.4,13.2,135.9,35.6,21.25,False,4095,0.0,10.0,790.9,EXT-OPEN-METEO-KHI,KARACHI,OPENSOURCE_API_GRID,375,,,,0.95,True,True,TIER2_OPENSOURCE_PURE;CONTINUOUS_MINUTE_STREAM;VERIFIED_MODEL_GRID,3db626d90d1b363866760dc2b271830b5389a1408fa452ea65653f2a26f7e0f0,2026-09-22T06:14:00+00:00,2026-09-22 11:14:00,43.4,1008.9,86
21.5,31.6,51.8,1959.2,568.8,88.5,11.1,4.1,1.0,449.9,330.8,13.3,13.2,136.2,35.7,21.34,False,4095,0.0,10.0,792.3,EXT-OPEN-METEO-KHI,KARACHI,OPENSOURCE_API_GRID,376,,,,0.95,True,True,TIER2_OPENSOURCE_PURE;CONTINUOUS_MINUTE_STREAM;VERIFIED_MODEL_GRID,14dd9e8b738bdc306ade546949e147615d75f96abb58e3945d70b19117c878f2,2026-09-22T06:15:00+00:00,2026-09-22 11:15:00,43.4,1008.9,86
21.5,31.6,51.9,1959.2,568.8,88.5,11.1,4.2,1.0,449.8,329.6,13.3,13.1,136.5,35.7,21.34,False,4095,0.0,10.0,793.7,EXT-OPEN-METEO-KHI,KARACHI,OPENSOURCE_API_GRID,377,,,,0.95,True,True,TIER2_OPENSOURCE_PURE;CONTINUOUS_MINUTE_STREAM;VERIFIED_MODEL_GRID,4c4384ebb8225911eeb66695b323296604a741e4afeb9e0599c92b8d56cdac2b,2026-09-22T06:16:00+00:00,2026-09-22 11:16:00,43.4,1008.9,86
21.6,31.7,52.0,1965.4,570.6,88.8,11.1,4.2,1.0,449.8,328.3,13.2,13.1,136.8,35.7,21.38,False,4095,0.0,10.0,795.2,EXT-OPEN-METEO-KHI,KARACHI,OPENSOURCE_API_GRID,378,,,,0.95,True,True,TIER2_OPENSOURCE_PURE;CONTINUOUS_MINUTE_STREAM;VERIFIED_MODEL_GRID,6c6af1b13e5ec732d16fb5365eee00474df8e03b227f83c2ea4944e9b76111b7,2026-09-22T06:17:00+00:00,2026-09-22 11:17:00,43.5,1008.9,86
21.6,31.7,52.0,1965.4,570.6,88.8,11.1,4.2,1.0,449.8,327.0,13.2,13.1,137.1,35.7,21.38,False,4095,0.0,10.0,796.8,EXT-OPEN-METEO-KHI,KARACHI,OPENSOURCE_API_GRID,379,,,,0.95,True,True,TIER2_OPENSOURCE_PURE;CONTINUOUS_MINUTE_STREAM;VERIFIED_MODEL_GRID,71a5b274e66150263fd00701a4481f029d9db73af592b42a323b02741f0135b8,2026-09-22T06:18:00+00:00,2026-09-22 11:18:00,43.5,1008.9,86
21.6,31.7,52.1,1965.4,570.6,88.8,11.1,4.2,1.0,449.8,325.7,13.1,13.1,137.4,35.7,21.38,False,4095,0.0,10.0,798.4,EXT-OPEN-METEO-KHI,KARACHI,OPENSOURCE_API_GRID,380,,,,0.95,True,True,TIER2_OPENSOURCE_PURE;CONTINUOUS_MINUTE_STREAM;VERIFIED_MODEL_GRID,f2f015bbb578f606b7a9079ef70b05d0affa1c99acb73eeecf97a408a362316f,2026-09-22T06:19:00+00:00,2026-09-22 11:19:00,43.5,1008.9,86
21.6,31.7,52.1,1965.4,570.6,88.8,11.1,4.2,1.0,449.8,324.2,13.0,13.1,137.8,35.7,21.38,False,4095,0.0,10.0,800.1,EXT-OPEN-METEO-KHI,KARACHI,OPENSOURCE_API_GRID,381,,,,0.95,True,True,TIER2_OPENSOURCE_PURE;CONTINUOUS_MINUTE_STREAM;VERIFIED_MODEL_GRID,d9a3975af5118196cd4e097fb62908ba77600beb6509fb96e3f99ab24455b5ab,2026-09-22T06:20:00+00:00,2026-09-22 11:20:00,43.5,1008.9,86
21.6,31.7,52.2,1965.4,570.6,88.8,11.1,4.2,1.0,449.7,322.8,13.0,13.0,138.1,35.7,21.41,False,4095,0.0,10.0,801.9,EXT-OPEN-METEO-KHI,KARACHI,OPENSOURCE_API_GRID,382,,,,0.95,True,True,TIER2_OPENSOURCE_PURE;CONTINUOUS_MINUTE_STREAM;VERIFIED_MODEL_GRID,4f3ee266dbca6e1171066cae10cfe4d5c17cb164f4469e124b5ae7f657dc97cd,2026-09-22T06:21:00+00:00,2026-09-22 11:21:00,43.6,1008.9,86
21.5,31.6,52.2,1959.2,568.8,88.5,11.1,4.2,1.0,449.7,321.3,12.9,13.0,138.4,35.7,21.41,False,4095,0.0,10.0,803.7,EXT-OPEN-METEO-KHI,KARACHI,OPENSOURCE_API_GRID,383,,,,0.95,True,True,TIER2_OPENSOURCE_PURE;CONTINUOUS_MINUTE_STREAM;VERIFIED_MODEL_GRID,79aa37f6922525b41fe7dc967a55960561b50f038e9f1603fd8b6e1c9ee264a8,2026-09-22T06:22:00+00:00,2026-09-22 11:22:00,43.6,1008.9,86
21.5,31.6,52.2,1959.2,568.8,88.5,11.1,4.2,1.0,449.7,319.8,12.8,13.0,138.8,35.7,21.41,False,4095,0.0,10.0,805.5,EXT-OPEN-METEO-KHI,KARACHI,OPENSOURCE_API_GRID,384,,,,0.95,True,True,TIER2_OPENSOURCE_PURE;CONTINUOUS_MINUTE_STREAM;VERIFIED_MODEL_GRID,86cb51a2e69533a8692db439d7ac29243c6df7518560bab569ccd77b64bd6e2e,2026-09-22T06:23:00+00:00,2026-09-22 11:23:00,43.6,1008.9,86
21.5,31.6,52.2,1959.2,568.8,88.5,11.1,4.2,1.0,449.7,318.2,12.7,13.0,139.2,35.7,21.41,False,4095,0.0,10.0,807.4,EXT-OPEN-METEO-KHI,KARACHI,OPENSOURCE_API_GRID,385,,,,0.95,True,True,TIER2_OPENSOURCE_PURE;CONTINUOUS_MINUTE_STREAM;VERIFIED_MODEL_GRID,aa597bff15c09e0a25727ffa07cec8276a02d22c5a4b122f7e78d921d561ed34,2026-09-22T06:24:00+00:00,2026-09-22 11:24:00,43.6,1008.8,86
21.4,31.5,52.2,1953.0,567.0,88.2,11.0,4.2,1.0,449.6,316.7,12.7,12.9,139.6,35.7,21.45,False,4095,0.0,10.0,809.3,EXT-OPEN-METEO-KHI,KARACHI,OPENSOURCE_API_GRID,386,,,,0.95,True,True,TIER2_OPENSOURCE_PURE;CONTINUOUS_MINUTE_STREAM;VERIFIED_MODEL_GRID,f40d3efcaf1656bfebc82d68949ba215f836d22143780ab93e33ab0473a00d65,2026-09-22T06:25:00+00:00,2026-09-22 11:25:00,43.7,1008.8,86
21.4,31.5,52.2,1953.0,567.0,88.2,11.0,4.2,1.0,449.6,315.0,12.6,12.9,139.9,35.7,21.45,False,4095,0.0,10.0,811.2,EXT-OPEN-METEO-KHI,KARACHI,OPENSOURCE_API_GRID,387,,,,0.95,True,True,TIER2_OPENSOURCE_PURE;CONTINUOUS_MINUTE_STREAM;VERIFIED_MODEL_GRID,d10cac0ece1410fa7cb0eea86ab629e38044c28cf633dbead6c391feddd227df,2026-09-22T06:26:00+00:00,2026-09-22 11:26:00,43.7,1008.8,86
21.4,31.4,52.2,1946.8,565.2,87.9,11.0,4.2,1.0,449.6,313.4,12.5,12.9,140.3,35.7,21.45,False,4095,0.0,10.0,813.1,EXT-OPEN-METEO-KHI,KARACHI,OPENSOURCE_API_GRID,388,,,,0.95,True,True,TIER2_OPENSOURCE_PURE;CONTINUOUS_MINUTE_STREAM;VERIFIED_MODEL_GRID,52577e9f2e17432525c4089d41f23df990a575214fb44660383c0dad3988311f,2026-09-22T06:27:00+00:00,2026-09-22 11:27:00,43.7,1008.8,86
21.4,31.4,52.2,1946.8,565.2,87.9,11.0,4.2,1.0,449.6,311.8,12.4,12.9,140.7,35.7,21.49,False,4095,0.0,10.0,815.1,EXT-OPEN-METEO-KHI,KARACHI,OPENSOURCE_API_GRID,389,,,,0.95,True,True,TIER2_OPENSOURCE_PURE;CONTINUOUS_MINUTE_STREAM;VERIFIED_MODEL_GRID,5b9c3d0de9b8594bae1390f8a78621902eaa185cee1921070d2361bfd922f188,2026-09-22T06:28:00+00:00,2026-09-22 11:28:00,43.8,1008.8,86
21.3,31.3,52.3,1940.6,563.4,87.6,11.0,4.2,1.0,449.5,310.1,12.3,12.8,141.1,35.7,21.49,False,4095,0.0,10.0,817.1,EXT-OPEN-METEO-KHI,KARACHI,OPENSOURCE_API_GRID,390,,,,0.95,True,True,TIER2_OPENSOURCE_PURE;CONTINUOUS_MINUTE_STREAM;VERIFIED_MODEL_GRID,021a755ae1f6ed5e30052a4cf9d39942e19f4cf3255a00a98020e4fbfc40523c,2026-09-22T06:29:00+00:00,2026-09-22 11:29:00,43.8,1008.8,86
21.3,31.3,52.3,1940.6,563.4,87.6,11.0,4.2,1.0,449.5,308.5,12.2,12.8,141.5,35.7,21.53,False,4095,0.0,10.0,819.0,EXT-OPEN-METEO-KHI,KARACHI,OPENSOURCE_API_GRID,391,,,,0.95,True,True,TIER2_OPENSOURCE_PURE;CONTINUOUS_MINUTE_STREAM;VERIFIED_MODEL_GRID,fa4117157d599cb23928eb00a59e7eb9e64d2efb1783ee24ec8d2910cf125264,2026-09-22T06:30:00+00:00,2026-09-22 11:30:00,43.9,1008.8,86
21.3,31.3,52.3,1940.6,563.4,87.6,11.0,4.2,1.0,449.5,306.9,12.2,12.8,141.9,35.7,21.53,False,4095,0.0,10.0,821.0,EXT-OPEN-METEO-KHI,KARACHI,OPENSOURCE_API_GRID,392,,,,0.95,True,True,TIER2_OPENSOURCE_PURE;CONTINUOUS_MINUTE_STREAM;VERIFIED_MODEL_GRID,b89b7e6ee98fc0fd1d1747d1f3263542934dbcfccf7f2152e5da55ff5fea2c78,2026-09-22T06:31:00+00:00,2026-09-22 11:31:00,43.9,1008.8,86
21.3,31.3,52.3,1940.6,563.4,87.6,11.0,4.2,1.0,449.4,305.2,12.1,12.7,142.3,35.7,21.56,False,4095,0.0,10.0,823.0,EXT-OPEN-METEO-KHI,KARACHI,OPENSOURCE_API_GRID,393,,,,0.95,True,True,TIER2_OPENSOURCE_PURE;CONTINUOUS_MINUTE_STREAM;VERIFIED_MODEL_GRID,f922be672ee650e328ff081ca514b0c5ae98203b60a74e4e912a36fbc82e7076,2026-09-22T06:32:00+00:00,2026-09-22 11:32:00,44.0,1008.7,86
21.2,31.2,52.4,1934.4,561.6,87.4,10.9,4.2,1.0,449.4,303.6,12.0,12.7,142.7,35.7,21.56,False,4095,0.0,10.0,825.0,EXT-OPEN-METEO-KHI,KARACHI,OPENSOURCE_API_GRID,394,,,,0.95,True,True,TIER2_OPENSOURCE_PURE;CONTINUOUS_MINUTE_STREAM;VERIFIED_MODEL_GRID,bcb48498069d2707926c8a4b3792df8dc2c7adabe9383bb5108e5341acd969ea,2026-09-22T06:33:00+00:00,2026-09-22 11:33:00,44.0,1008.7,86
21.2,31.2,52.5,1934.4,561.6,87.4,10.9,4.2,1.1,449.4,302.0,11.9,12.7,143.1,35.7,21.6,False,4095,0.0,10.0,826.9,EXT-OPEN-METEO-KHI,KARACHI,OPENSOURCE_API_GRID,395,,,,0.95,True,True,TIER2_OPENSOURCE_PURE;CONTINUOUS_MINUTE_STREAM;VERIFIED_MODEL_GRID,97bf6d8d3c24d1cc5468afe3a6e216dd6ddb1cffe5c4aa141da91dda8f1c5f28,2026-09-22T06:34:00+00:00,2026-09-22 11:34:00,44.1,1008.7,86
21.3,31.3,52.6,1940.6,563.4,87.6,11.0,4.2,1.1,449.4,300.3,11.8,12.7,143.4,35.7,21.6,False,4095,0.0,10.0,828.8,EXT-OPEN-METEO-KHI,KARACHI,OPENSOURCE_API_GRID,396,,,,0.95,True,True,TIER2_OPENSOURCE_PURE;CONTINUOUS_MINUTE_STREAM;VERIFIED_MODEL_GRID,ac1e5d7207b5c87e6bc96305bef865e36d8a087b4c125923d90c5d5434092a70,2026-09-22T06:35:00+00:00,2026-09-22 11:35:00,44.1,1008.7,86
21.3,31.3,52.7,1940.6,563.4,87.6,11.0,4.2,1.1,449.3,298.8,11.8,12.6,143.8,35.7,21.64,False,4095,0.0,10.0,830.7,EXT-OPEN-METEO-KHI,KARACHI,OPENSOURCE_API_GRID,397,,,,0.95,True,True,TIER2_OPENSOURCE_PURE;CONTINUOUS_MINUTE_STREAM;VERIFIED_MODEL_GRID,dc8fa697cfbde60236ba9a3f471db46a6c8dcb9cda880af1fa608f19abc2e2db,2026-09-22T06:36:00+00:00,2026-09-22 11:36:00,44.2,1008.7,86
21.3,31.3,52.8,1940.6,563.4,87.6,11.0,4.2,1.1,449.3,297.2,11.7,12.6,144.2,35.7,21.68,False,4095,0.0,10.0,832.6,EXT-OPEN-METEO-KHI,KARACHI,OPENSOURCE_API_GRID,398,,,,0.95,True,True,TIER2_OPENSOURCE_PURE;CONTINUOUS_MINUTE_STREAM;VERIFIED_MODEL_GRID,d0f9738f512423affef690c34bf335ed08d4666cc39146e8c0bdee0e7b856c06,2026-09-22T06:37:00+00:00,2026-09-22 11:37:00,44.3,1008.7,86
21.3,31.3,52.9,1940.6,563.4,87.6,11.0,4.2,1.1,449.3,295.7,11.6,12.6,144.6,35.7,21.71,False,4095,0.0,10.0,834.4,EXT-OPEN-METEO-KHI,KARACHI,OPENSOURCE_API_GRID,399,,,,0.95,True,True,TIER2_OPENSOURCE_PURE;CONTINUOUS_MINUTE_STREAM;VERIFIED_MODEL_GRID,59d6ecd74efd79c6daf24bddb5f6495e88563ed36d1584ccb26858743b9f1267,2026-09-22T06:38:00+00:00,2026-09-22 11:38:00,44.4,1008.6,86
21.4,31.4,53.0,1946.8,565.2,87.9,11.0,4.2,1.1,449.3,294.2,11.5,12.6,144.9,35.7,21.71,False,4095,0.0,10.0,836.2,EXT-OPEN-METEO-KHI,KARACHI,OPENSOURCE_API_GRID,400,,,,0.95,True,True,TIER2_OPENSOURCE_PURE;CONTINUOUS_MINUTE_STREAM;VERIFIED_MODEL_GRID,f54123a18a05b079aa24c7d74097dcf4dd3f3dd363d5181991a428483c8b0d74,2026-09-22T06:39:00+00:00,2026-09-22 11:39:00,44.4,1008.6,86
21.4,31.4,53.1,1946.8,565.2,87.9,11.0,4.2,1.1,449.2,292.8,11.5,12.6,145.2,35.7,21.75,False,4095,0.0,10.0,838.0,EXT-OPEN-METEO-KHI,KARACHI,OPENSOURCE_API_GRID,401,,,,0.95,True,True,TIER2_OPENSOURCE_PURE;CONTINUOUS_MINUTE_STREAM;VERIFIED_MODEL_GRID,408fea3b9d37880c492dd4cfa634dfcdfaa97c6ada1722cbf3331f15f24e006f,2026-09-22T06:40:00+00:00,2026-09-22 11:40:00,44.5,1008.6,86
21.4,31.5,53.3,1953.0,567.0,88.2,11.0,4.3,1.1,449.2,291.3,11.4,12.5,145.6,35.7,21.79,False,4095,0.0,10.0,839.7,EXT-OPEN-METEO-KHI,KARACHI,OPENSOURCE_API_GRID,402,,,,0.95,True,True,TIER2_OPENSOURCE_PURE;CONTINUOUS_MINUTE_STREAM;VERIFIED_MODEL_GRID,0d234d64d9fe64f9977aecbdc8a14c9e5a1d371d8b6fe983bf3b6d8b0f906e9b,2026-09-22T06:41:00+00:00,2026-09-22 11:41:00,44.6,1008.6,86
21.4,31.5,53.4,1953.0,567.0,88.2,11.0,4.3,1.1,449.2,290.0,11.3,12.5,145.9,35.7,21.79,False,4095,0.0,10.0,841.3,EXT-OPEN-METEO-KHI,KARACHI,OPENSOURCE_API_GRID,403,,,,0.95,True,True,TIER2_OPENSOURCE_PURE;CONTINUOUS_MINUTE_STREAM;VERIFIED_MODEL_GRID,31487cd472099bd77161e2564abb63debfb7a8f18f2e399fe750151d6771e051,2026-09-22T06:42:00+00:00,2026-09-22 11:42:00,44.6,1008.6,86
21.4,31.4,53.3,1946.8,565.2,87.9,11.0,4.3,1.1,449.2,288.7,11.3,12.5,146.2,35.8,21.95,False,4095,0.0,10.0,842.9,EXT-OPEN-METEO-KHI,KARACHI,OPENSOURCE_API_GRID,404,,,,0.95,True,True,TIER2_OPENSOURCE_PURE;CONTINUOUS_MINUTE_STREAM;VERIFIED_MODEL_GRID,dc18aca49dd0b3ddbc509593c45744338c3ba59740af642f8686258a06ee2996,2026-09-22T06:43:00+00:00,2026-09-22 11:43:00,44.8,1008.6,86
21.4,31.5,53.4,1953.0,567.0,88.2,11.0,4.3,1.1,449.2,287.4,11.2,12.5,146.5,35.8,21.95,False,4095,0.0,10.0,844.4,EXT-OPEN-METEO-KHI,KARACHI,OPENSOURCE_API_GRID,405,,,,0.95,True,True,TIER2_OPENSOURCE_PURE;CONTINUOUS_MINUTE_STREAM;VERIFIED_MODEL_GRID,496662d8f7ad7c7ad1422cbf88f8eda6eb86262cabe0a3a239fd53db507fca25,2026-09-22T06:44:00+00:00,2026-09-22 11:44:00,44.8,1008.6,86
21.4,31.5,53.5,1953.0,567.0,88.2,11.0,4.3,1.1,449.1,286.2,11.2,12.4,146.8,35.8,21.95,False,4095,0.0,10.0,845.8,EXT-OPEN-METEO-KHI,KARACHI,OPENSOURCE_API_GRID,406,,,,0.95,True,True,TIER2_OPENSOURCE_PURE;CONTINUOUS_MINUTE_STREAM;VERIFIED_MODEL_GRID,b3cfca1e983d0d3548be2b1d6fd83d9efb6f18f2872ab41debf237aa4f53baf7,2026-09-22T06:45:00+00:00,2026-09-22 11:45:00,44.8,1008.6,86
21.4,31.5,53.7,1953.0,567.0,88.2,11.0,4.3,1.1,449.1,285.1,11.1,12.4,147.1,35.8,21.99,False,4095,0.0,10.0,847.2,EXT-OPEN-METEO-KHI,KARACHI,OPENSOURCE_API_GRID,407,,,,0.95,True,True,TIER2_OPENSOURCE_PURE;CONTINUOUS_MINUTE_STREAM;VERIFIED_MODEL_GRID,035231f8e703318948b0d59b396c271c83e76e8b353036fb16e904bde38bc8d5,2026-09-22T06:46:00+00:00,2026-09-22 11:46:00,44.9,1008.6,86
21.5,31.6,53.7,1959.2,568.8,88.5,11.1,4.3,1.1,449.1,284.0,11.0,12.4,147.3,35.8,21.99,False,4095,0.0,10.0,848.5,EXT-OPEN-METEO-KHI,KARACHI,OPENSOURCE_API_GRID,408,,,,0.95,True,True,TIER2_OPENSOURCE_PURE;CONTINUOUS_MINUTE_STREAM;VERIFIED_MODEL_GRID,4be62167a3e7585e71298aef62c9f9e0cec31377a9d781c4c851dc229846938c,2026-09-22T06:47:00+00:00,2026-09-22 11:47:00,44.9,1008.6,86
21.5,31.6,53.8,1959.2,568.8,88.5,11.1,4.3,1.1,449.1,283.0,11.0,12.4,147.6,35.8,21.99,False,4095,0.0,10.0,849.7,EXT-OPEN-METEO-KHI,KARACHI,OPENSOURCE_API_GRID,409,,,,0.95,True,True,TIER2_OPENSOURCE_PURE;CONTINUOUS_MINUTE_STREAM;VERIFIED_MODEL_GRID,12cf20775df4291b53aad7d43d0aebe91b1656929c3cacd52285afe9974d5274,2026-09-22T06:48:00+00:00,2026-09-22 11:48:00,44.9,1008.6,86
21.5,31.6,53.9,1959.2,568.8,88.5,11.1,4.3,1.1,449.1,282.1,11.0,12.4,147.8,35.8,21.99,False,4095,0.0,10.0,850.8,EXT-OPEN-METEO-KHI,KARACHI,OPENSOURCE_API_GRID,410,,,,0.95,True,True,TIER2_OPENSOURCE_PURE;CONTINUOUS_MINUTE_STREAM;VERIFIED_MODEL_GRID,b3e706872d13b4b99d610a79bdf3e2ad5f5614cc3f3f87b7f74f91f8220489ff,2026-09-22T06:49:00+00:00,2026-09-22 11:49:00,44.9,1008.6,86
21.5,31.6,53.9,1959.2,568.8,88.5,11.1,4.3,1.1,449.1,281.2,10.9,12.4,148.0,35.8,21.99,False,4095,0.0,10.0,851.8,EXT-OPEN-METEO-KHI,KARACHI,OPENSOURCE_API_GRID,411,,,,0.95,True,True,TIER2_OPENSOURCE_PURE;CONTINUOUS_MINUTE_STREAM;VERIFIED_MODEL_GRID,6c31f06c3733f5e179c951c942e22aa979f94f1abb5e6b9938a82ee43da8e94f,2026-09-22T06:50:00+00:00,2026-09-22 11:50:00,44.9,1008.5,86
21.5,31.6,54.0,1959.2,568.8,88.5,11.1,4.3,1.1,449.1,280.4,10.9,12.4,148.2,35.8,21.99,False,4095,0.0,10.0,852.8,EXT-OPEN-METEO-KHI,KARACHI,OPENSOURCE_API_GRID,412,,,,0.95,True,True,TIER2_OPENSOURCE_PURE;CONTINUOUS_MINUTE_STREAM;VERIFIED_MODEL_GRID,144a8e872029d4b1928be9e53ff4293270046e4fcd0b252c45a97ac40532ff41,2026-09-22T06:51:00+00:00,2026-09-22 11:51:00,44.9,1008.5,86
21.5,31.6,54.0,1959.2,568.8,88.5,11.1,4.3,1.1,449.0,279.7,10.8,12.3,148.4,35.8,21.99,False,4095,0.0,10.0,853.6,EXT-OPEN-METEO-KHI,KARACHI,OPENSOURCE_API_GRID,413,,,,0.95,True,True,TIER2_OPENSOURCE_PURE;CONTINUOUS_MINUTE_STREAM;VERIFIED_MODEL_GRID,a4f59e7793e9669ba01f5d9ef7844cfdbe7b65ebd41f0eaf117934746d7cac3f,2026-09-22T06:52:00+00:00,2026-09-22 11:52:00,44.9,1008.5,86
21.5,31.6,54.0,1959.2,568.8,88.5,11.1,4.3,1.1,449.0,279.1,10.8,12.3,148.5,35.8,21.99,False,4095,0.0,10.0,854.4,EXT-OPEN-METEO-KHI,KARACHI,OPENSOURCE_API_GRID,414,,,,0.95,True,True,TIER2_OPENSOURCE_PURE;CONTINUOUS_MINUTE_STREAM;VERIFIED_MODEL_GRID,5fcc2f7596e5d3544d9e986393cc3116b5dc2566b4f66567fa600f8651553a8f,2026-09-22T06:53:00+00:00,2026-09-22 11:53:00,44.9,1008.5,86
21.4,31.5,53.9,1953.0,567.0,88.2,11.0,4.3,1.1,449.0,278.5,10.8,12.3,148.6,35.8,21.99,False,4095,0.0,10.0,855.0,EXT-OPEN-METEO-KHI,KARACHI,OPENSOURCE_API_GRID,415,,,,0.95,True,True,TIER2_OPENSOURCE_PURE;CONTINUOUS_MINUTE_STREAM;VERIFIED_MODEL_GRID,c6711bb0771c5494b9227a952388b4e2a622e1d633c3a915bdc9cd7fa4d2043e,2026-09-22T06:54:00+00:00,2026-09-22 11:54:00,44.9,1008.5,86
21.4,31.5,53.9,1953.0,567.0,88.2,11.0,4.3,1.1,449.0,278.1,10.8,12.3,148.7,35.8,21.99,False,4095,0.0,10.0,855.6,EXT-OPEN-METEO-KHI,KARACHI,OPENSOURCE_API_GRID,416,,,,0.95,True,True,TIER2_OPENSOURCE_PURE;CONTINUOUS_MINUTE_STREAM;VERIFIED_MODEL_GRID,6c65f54bcc116b6c18b450b99098020af3b4350c859d6e4acbb917831b9f658e,2026-09-22T06:55:00+00:00,2026-09-22 11:55:00,44.9,1008.5,86
21.4,31.5,53.8,1953.0,567.0,88.2,11.0,4.3,1.1,449.0,277.7,10.7,12.3,148.8,35.8,21.99,False,4095,0.0,10.0,856.1,EXT-OPEN-METEO-KHI,KARACHI,OPENSOURCE_API_GRID,417,,,,0.95,True,True,TIER2_OPENSOURCE_PURE;CONTINUOUS_MINUTE_STREAM;VERIFIED_MODEL_GRID,a84189b5aa810ce83b2796caef0bd24a42b9ac001e9de0c79c59c4acf3b08e09,2026-09-22T06:56:00+00:00,2026-09-22 11:56:00,44.9,1008.5,86
21.4,31.4,53.8,1946.8,565.2,87.9,11.0,4.3,1.1,449.0,277.4,10.7,12.3,148.9,35.8,21.99,False,4095,0.0,10.0,856.4,EXT-OPEN-METEO-KHI,KARACHI,OPENSOURCE_API_GRID,418,,,,0.95,True,True,TIER2_OPENSOURCE_PURE;CONTINUOUS_MINUTE_STREAM;VERIFIED_MODEL_GRID,7246a12b69ca7cb1801fdd405762ea2c4e0b6e96b147d658fa0140d1c0c4751b,2026-09-22T06:57:00+00:00,2026-09-22 11:57:00,44.9,1008.5,86
21.4,31.4,53.7,1946.8,565.2,87.9,11.0,4.3,1.1,449.0,277.2,10.7,12.3,149.0,35.8,21.99,False,4095,0.0,10.0,856.7,EXT-OPEN-METEO-KHI,KARACHI,OPENSOURCE_API_GRID,419,,,,0.95,True,True,TIER2_OPENSOURCE_PURE;CONTINUOUS_MINUTE_STREAM;VERIFIED_MODEL_GRID,91fb22a492cfa4967165bca593688a870598ef469bd10206a69e925dc700db3f,2026-09-22T06:58:00+00:00,2026-09-22 11:58:00,44.9,1008.5,86
21.3,31.3,53.7,1940.6,563.4,87.6,11.0,4.3,1.1,449.0,277.0,10.7,12.3,149.0,35.8,21.99,False,4095,0.0,10.0,856.8,EXT-OPEN-METEO-KHI,KARACHI,OPENSOURCE_API_GRID,420,,,,0.95,True,True,TIER2_OPENSOURCE_PURE;CONTINUOUS_MINUTE_STREAM;VERIFIED_MODEL_GRID,16c896adc2a3673476641fb5b8be68ae68f25f0a9e66fef85c5474e2291613b9,2026-09-22T06:59:00+00:00,2026-09-22 11:59:00,44.9,1008.5,86
21.3,31.3,53.6,1940.6,563.4,87.6,11.0,4.3,1.1,449.0,277.0,10.7,12.3,149.0,35.8,21.99,False,4095,0.0,10.0,856.9,EXT-OPEN-METEO-KHI,KARACHI,OPENSOURCE_API_GRID,421,,,,0.95,True,False,TIER2_OPENSOURCE_PURE;HOURLY_NODE;VERIFIED_MODEL_GRID,60c0532063e85fa7d4ba702427ba7a6367b70a6680e535bb7892b8ede9c32857,2026-09-22T07:00:00+00:00,2026-09-22 12:00:00,44.9,1008.5,86
21.2,31.2,53.6,1934.4,561.6,87.4,10.9,4.3,1.1,449.0,277.0,10.7,12.3,149.0,35.8,21.99,False,4095,0.0,10.0,856.9,EXT-OPEN-METEO-KHI,KARACHI,OPENSOURCE_API_GRID,422,,,,0.95,True,True,TIER2_OPENSOURCE_PURE;CONTINUOUS_MINUTE_STREAM;VERIFIED_MODEL_GRID,71f2c1c3e01b2c5b8d03ffdb2dd05a4912f15a1fa958f67593c35847aa105ff9,2026-09-22T07:01:00+00:00,2026-09-22 12:01:00,44.9,1008.5,86
21.2,31.2,53.5,1934.4,561.6,87.4,10.9,4.3,1.1,449.0,277.0,10.7,12.3,149.0,35.8,21.99,False,4095,0.0,10.0,856.9,EXT-OPEN-METEO-KHI,KARACHI,OPENSOURCE_API_GRID,423,,,,0.95,True,True,TIER2_OPENSOURCE_PURE;CONTINUOUS_MINUTE_STREAM;VERIFIED_MODEL_GRID,1c6ea836f03847e42634101f760ac7f4518abfefca54adbf60c43fa15075f2a0,2026-09-22T07:02:00+00:00,2026-09-22 12:02:00,44.9,1008.5,86
21.2,31.2,53.5,1934.4,561.6,87.4,10.9,4.3,1.1,449.0,276.9,10.7,12.3,149.0,35.8,21.99,False,4095,0.0,10.0,856.9,EXT-OPEN-METEO-KHI,KARACHI,OPENSOURCE_API_GRID,424,,,,0.95,True,True,TIER2_OPENSOURCE_PURE;CONTINUOUS_MINUTE_STREAM;VERIFIED_MODEL_GRID,f6380ab382cf5cd042019b9754e96e11c3e4d91334ae261bc2feb8547fedac0f,2026-09-22T07:03:00+00:00,2026-09-22 12:03:00,44.9,1008.5,86
21.2,31.2,53.6,1934.4,561.6,87.4,10.9,4.3,1.1,449.0,276.8,10.7,12.3,149.1,35.8,21.99,False,4095,0.0,9.9,856.9,EXT-OPEN-METEO-KHI,KARACHI,OPENSOURCE_API_GRID,425,,,,0.95,True,True,TIER2_OPENSOURCE_PURE;CONTINUOUS_MINUTE_STREAM;VERIFIED_MODEL_GRID,13eb2d3b5fd3647ad7af730f53ee2b911b074a002ad8a3594520429d4a5a7b61,2026-09-22T07:04:00+00:00,2026-09-22 12:04:00,44.9,1008.5,86
21.2,31.2,53.6,1934.4,561.6,87.4,10.9,4.3,1.1,449.0,276.8,10.7,12.3,149.1,35.7,21.93,False,4095,0.0,9.9,856.9,EXT-OPEN-METEO-KHI,KARACHI,OPENSOURCE_API_GRID,426,,,,0.95,True,True,TIER2_OPENSOURCE_PURE;CONTINUOUS_MINUTE_STREAM;VERIFIED_MODEL_GRID,3e94ffa950f117844fd1ce41343a81436497b82855c6a4b8d4aa818ef84d8650,2026-09-22T07:05:00+00:00,2026-09-22 12:05:00,45.0,1008.5,86
21.2,31.2,53.6,1934.4,561.6,87.4,10.9,4.3,1.1,449.0,276.7,10.6,12.3,149.1,35.7,21.93,False,4095,0.0,9.8,856.9,EXT-OPEN-METEO-KHI,KARACHI,OPENSOURCE_API_GRID,427,,,,0.95,True,True,TIER2_OPENSOURCE_PURE;CONTINUOUS_MINUTE_STREAM;VERIFIED_MODEL_GRID,20c397185f5f4ef7933b1965d63054fd5e52b2892b2d761d23a9dc54cba6b234,2026-09-22T07:06:00+00:00,2026-09-22 12:06:00,45.0,1008.5,86
21.3,31.3,53.7,1940.6,563.4,87.6,11.0,4.3,1.1,449.0,276.5,10.6,12.2,149.2,35.7,21.97,False,4095,0.0,9.7,856.9,EXT-OPEN-METEO-KHI,KARACHI,OPENSOURCE_API_GRID,428,,,,0.95,True,True,TIER2_OPENSOURCE_PURE;CONTINUOUS_MINUTE_STREAM;VERIFIED_MODEL_GRID,c9ea98eae2a1bad66ace6d2d86e18ab090db72436776c5b0b8a7f3501768d52c,2026-09-22T07:07:00+00:00,2026-09-22 12:07:00,45.1,1008.5,86
21.3,31.3,53.8,1940.6,563.4,87.6,11.0,4.3,1.1,449.0,276.4,10.6,12.2,149.3,35.7,21.97,False,4095,0.0,9.7,856.9,EXT-OPEN-METEO-KHI,KARACHI,OPENSOURCE_API_GRID,429,,,,0.95,True,True,TIER2_OPENSOURCE_PURE;CONTINUOUS_MINUTE_STREAM;VERIFIED_MODEL_GRID,ca33be65788636cd078902884988a371779b0d00719ab6fc0bfe339fab803d9d,2026-09-22T07:08:00+00:00,2026-09-22 12:08:00,45.1,1008.5,86
21.3,31.3,53.9,1940.6,563.4,87.6,11.0,4.3,1.1,448.9,276.2,10.6,12.2,149.3,35.7,22.0,False,4095,0.0,9.6,856.9,EXT-OPEN-METEO-KHI,KARACHI,OPENSOURCE_API_GRID,430,,,,0.95,True,True,TIER2_OPENSOURCE_PURE;CONTINUOUS_MINUTE_STREAM;VERIFIED_MODEL_GRID,9cf4e9a3dda223ea59ac76d4dc608a32733644676821f52775340e6cd21ee3ee,2026-09-22T07:09:00+00:00,2026-09-22 12:09:00,45.2,1008.4,86
21.4,31.4,54.1,1946.8,565.2,87.9,11.0,4.3,1.1,448.9,276.1,10.5,12.2,149.4,35.7,22.04,False,4095,0.0,9.5,856.9,EXT-OPEN-METEO-KHI,KARACHI,OPENSOURCE_API_GRID,431,,,,0.95,True,True,TIER2_OPENSOURCE_PURE;CONTINUOUS_MINUTE_STREAM;VERIFIED_MODEL_GRID,8f73e3e78af545804495e34b758c011440ddbbcd43e625faa84f97d5fdcb50b7,2026-09-22T07:10:00+00:00,2026-09-22 12:10:00,45.3,1008.4,86
21.4,31.4,54.2,1946.8,565.2,87.9,11.0,4.3,1.1,448.9,275.9,10.5,12.1,149.5,35.7,22.08,False,4095,0.0,9.4,856.9,EXT-OPEN-METEO-KHI,KARACHI,OPENSOURCE_API_GRID,432,,,,0.95,True,True,TIER2_OPENSOURCE_PURE;CONTINUOUS_MINUTE_STREAM;VERIFIED_MODEL_GRID,8853e753dd8c8fef86641f975a5b16fdc0c96978ed3ddaea7c522178eb556e54,2026-09-22T07:11:00+00:00,2026-09-22 12:11:00,45.4,1008.4,86
21.4,31.5,54.3,1953.0,567.0,88.2,11.0,4.3,1.1,448.9,275.7,10.5,12.1,149.6,35.7,22.11,False,4095,0.0,9.2,856.9,EXT-OPEN-METEO-KHI,KARACHI,OPENSOURCE_API_GRID,433,,,,0.95,True,True,TIER2_OPENSOURCE_PURE;CONTINUOUS_MINUTE_STREAM;VERIFIED_MODEL_GRID,c087bcca8e1c3036db12dfcaa9ef6776cf4180f3d56a09dc76f497d0f3620da4,2026-09-22T07:12:00+00:00,2026-09-22 12:12:00,45.5,1008.4,86
21.4,31.5,54.5,1953.0,567.0,88.2,11.0,4.4,1.1,448.9,275.4,10.4,12.1,149.7,35.7,22.15,False,4095,0.0,9.1,856.9,EXT-OPEN-METEO-KHI,KARACHI,OPENSOURCE_API_GRID,434,,,,0.95,True,True,TIER2_OPENSOURCE_PURE;CONTINUOUS_MINUTE_STREAM;VERIFIED_MODEL_GRID,aea9e28cbce4f0f8f7b846d94053cd707800085c64e6724ce692ebc1525e2d56,2026-09-22T07:13:00+00:00,2026-09-22 12:13:00,45.6,1008.4,86
21.4,31.5,54.4,1953.0,567.0,88.2,11.0,4.4,1.1,448.9,275.2,10.4,12.1,149.8,35.7,22.22,False,4095,0.0,9.0,856.8,EXT-OPEN-METEO-KHI,KARACHI,OPENSOURCE_API_GRID,435,,,,0.95,True,True,TIER2_OPENSOURCE_PURE;CONTINUOUS_MINUTE_STREAM;VERIFIED_MODEL_GRID,b53ad5e622c8e7f2cb619d235cb46b3645f5fdd51b70cde0c375aef37a1d3c31,2026-09-22T07:14:00+00:00,2026-09-22 12:14:00,45.8,1008.4,86
21.4,31.5,54.6,1953.0,567.0,88.2,11.0,4.4,1.1,448.9,274.9,10.3,12.0,149.9,35.8,22.35,False,4095,0.0,8.8,856.8,EXT-OPEN-METEO-KHI,KARACHI,OPENSOURCE_API_GRID,436,,,,0.95,True,True,TIER2_OPENSOURCE_PURE;CONTINUOUS_MINUTE_STREAM;VERIFIED_MODEL_GRID,cb68cd50ac3885c2fcc59a2d01422022df38d0dcbc16da4d80d1096f48b7673e,2026-09-22T07:15:00+00:00,2026-09-22 12:15:00,45.9,1008.4,86
21.5,31.6,54.8,1959.2,568.8,88.5,11.1,4.4,1.1,448.8,274.7,10.3,12.0,150.0,35.8,22.38,False,4095,0.0,8.7,856.8,EXT-OPEN-METEO-KHI,KARACHI,OPENSOURCE_API_GRID,437,,,,0.95,True,True,TIER2_OPENSOURCE_PURE;CONTINUOUS_MINUTE_STREAM;VERIFIED_MODEL_GRID,da01bf59653472fb32e6b1b9f5e917fe89ff23966f1805896b87de2d2778ef95,2026-09-22T07:16:00+00:00,2026-09-22 12:16:00,46.0,1008.4,86
21.5,31.6,54.9,1959.2,568.8,88.5,11.1,4.4,1.1,448.8,274.4,10.2,11.9,150.1,35.8,22.42,False,4095,0.0,8.5,856.8,EXT-OPEN-METEO-KHI,KARACHI,OPENSOURCE_API_GRID,438,,,,0.95,True,True,TIER2_OPENSOURCE_PURE;CONTINUOUS_MINUTE_STREAM;VERIFIED_MODEL_GRID,827f3c93b7a16a9da7b73f96e863480d40793a5fbe28e0815637de1f612d8016,2026-09-22T07:17:00+00:00,2026-09-22 12:17:00,46.1,1008.3,86
21.6,31.7,55.1,1965.4,570.6,88.8,11.1,4.4,1.1,448.8,274.1,10.2,11.9,150.2,35.8,22.42,False,4095,0.0,8.4,856.8,EXT-OPEN-METEO-KHI,KARACHI,OPENSOURCE_API_GRID,439,,,,0.95,True,True,TIER2_OPENSOURCE_PURE;CONTINUOUS_MINUTE_STREAM;VERIFIED_MODEL_GRID,1907ae78121111a899cefb1fb4eeb60e29040561e15938a641e1c36997413df1,2026-09-22T07:18:00+00:00,2026-09-22 12:18:00,46.1,1008.3,86
21.6,31.7,55.2,1965.4,570.6,88.8,11.1,4.4,1.1,448.8,273.8,10.1,11.9,150.4,35.8,22.45,False,4095,0.0,8.2,856.8,EXT-OPEN-METEO-KHI,KARACHI,OPENSOURCE_API_GRID,440,,,,0.95,True,True,TIER2_OPENSOURCE_PURE;CONTINUOUS_MINUTE_STREAM;VERIFIED_MODEL_GRID,d5653fdd64468649c832a1bcbf82e1aa21032951ffbb5255369c1f50a47487a3,2026-09-22T07:19:00+00:00,2026-09-22 12:19:00,46.2,1008.3,86
21.6,31.7,55.3,1965.4,570.6,88.8,11.1,4.4,1.1,448.8,273.5,10.1,11.8,150.5,35.7,22.4,False,4095,0.0,8.0,856.8,EXT-OPEN-METEO-KHI,KARACHI,OPENSOURCE_API_GRID,441,,,,0.95,True,True,TIER2_OPENSOURCE_PURE;CONTINUOUS_MINUTE_STREAM;VERIFIED_MODEL_GRID,b1613b4286c61c0573ed5bd2c3ffaec39994caed590281e0afa297aba5733aff,2026-09-22T07:20:00+00:00,2026-09-22 12:20:00,46.3,1008.3,86
21.6,31.8,55.5,1971.6,572.4,89.0,11.1,4.4,1.1,448.7,273.2,10.0,11.8,150.6,35.7,22.44,False,4095,0.0,7.8,856.8,EXT-OPEN-METEO-KHI,KARACHI,OPENSOURCE_API_GRID,442,,,,0.95,True,True,TIER2_OPENSOURCE_PURE;CONTINUOUS_MINUTE_STREAM;VERIFIED_MODEL_GRID,d691bd1ef8152f1ca050e9eb53f858b5522efe1cb4c823320bbb555f556f92c3,2026-09-22T07:21:00+00:00,2026-09-22 12:21:00,46.4,1008.3,86
21.6,31.8,55.6,1971.6,572.4,89.0,11.1,4.4,1.1,448.7,272.8,10.0,11.7,150.8,35.7,22.47,False,4095,0.0,7.6,856.8,EXT-OPEN-METEO-KHI,KARACHI,OPENSOURCE_API_GRID,443,,,,0.95,True,True,TIER2_OPENSOURCE_PURE;CONTINUOUS_MINUTE_STREAM;VERIFIED_MODEL_GRID,d8ab372a9144822b03d8ce54569851a6f060ebe30537555898a3b22ac8a9d86f,2026-09-22T07:22:00+00:00,2026-09-22 12:22:00,46.5,1008.2,86
21.6,31.8,55.7,1971.6,572.4,89.0,11.1,4.5,1.1,448.7,272.5,9.9,11.7,150.9,35.7,22.51,False,4095,0.0,7.4,856.8,EXT-OPEN-METEO-KHI,KARACHI,OPENSOURCE_API_GRID,444,,,,0.95,True,True,TIER2_OPENSOURCE_PURE;CONTINUOUS_MINUTE_STREAM;VERIFIED_MODEL_GRID,21ca6283a68ff98953d9961acbcc920520754fbf5da2bb4adc38b32083d1b58b,2026-09-22T07:23:00+00:00,2026-09-22 12:23:00,46.6,1008.2,86
21.6,31.8,55.8,1971.6,572.4,89.0,11.1,4.5,1.1,448.7,272.2,9.8,11.6,151.1,35.7,22.54,False,4095,0.0,7.2,856.8,EXT-OPEN-METEO-KHI,KARACHI,OPENSOURCE_API_GRID,445,,,,0.95,True,True,TIER2_OPENSOURCE_PURE;CONTINUOUS_MINUTE_STREAM;VERIFIED_MODEL_GRID,937e13aba0a66abb44545fc9cfc5cccf29de12b99cb84d819bf63ff195c6bfad,2026-09-22T07:24:00+00:00,2026-09-22 12:24:00,46.7,1008.2,86
21.6,31.8,55.8,1971.6,572.4,89.0,11.1,4.5,1.1,448.6,271.8,9.8,11.6,151.2,35.7,22.58,False,4095,0.0,7.0,856.8,EXT-OPEN-METEO-KHI,KARACHI,OPENSOURCE_API_GRID,446,,,,0.95,True,True,TIER2_OPENSOURCE_PURE;CONTINUOUS_MINUTE_STREAM;VERIFIED_MODEL_GRID,70c7b00a579a4913137ff893520008bc091bd8e3889ad058b40e3b55540c4f18,2026-09-22T07:25:00+00:00,2026-09-22 12:25:00,46.8,1008.2,86
21.6,31.7,55.9,1965.4,570.6,88.8,11.1,4.5,1.1,448.6,271.5,9.7,11.5,151.4,35.7,22.61,False,4095,0.0,6.8,856.7,EXT-OPEN-METEO-KHI,KARACHI,OPENSOURCE_API_GRID,447,,,,0.95,True,True,TIER2_OPENSOURCE_PURE;CONTINUOUS_MINUTE_STREAM;VERIFIED_MODEL_GRID,7c344a1c4a94697c556ffb742c1b9cd961d4e954886fea27390845aad8ef751c,2026-09-22T07:26:00+00:00,2026-09-22 12:26:00,46.9,1008.2,86
21.6,31.7,56.0,1965.4,570.6,88.8,11.1,4.5,1.1,448.6,271.1,9.6,11.5,151.5,35.7,22.65,False,4095,0.0,6.6,856.7,EXT-OPEN-METEO-KHI,KARACHI,OPENSOURCE_API_GRID,448,,,,0.95,True,True,TIER2_OPENSOURCE_PURE;CONTINUOUS_MINUTE_STREAM;VERIFIED_MODEL_GRID,b99ae88a074c7604cbd3b32b8a8047ca81f2154294831bceb6085ec53247c938,2026-09-22T07:27:00+00:00,2026-09-22 12:27:00,47.0,1008.1,86
21.6,31.7,56.0,1965.4,570.6,88.8,11.1,4.5,1.1,448.6,270.7,9.6,11.4,151.7,35.6,22.59,False,4095,0.0,6.4,856.7,EXT-OPEN-METEO-KHI,KARACHI,OPENSOURCE_API_GRID,449,,,,0.95,True,True,TIER2_OPENSOURCE_PURE;CONTINUOUS_MINUTE_STREAM;VERIFIED_MODEL_GRID,6afb0c35626363bc22c68d967cbf32fa438b33a87854de677913dcf3d7990318,2026-09-22T07:28:00+00:00,2026-09-22 12:28:00,47.1,1008.1,86
21.5,31.6,56.1,1959.2,568.8,88.5,11.1,4.5,1.1,448.5,270.4,9.5,11.4,151.8,35.6,22.63,False,4095,0.0,6.2,856.7,EXT-OPEN-METEO-KHI,KARACHI,OPENSOURCE_API_GRID,450,,,,0.95,True,True,TIER2_OPENSOURCE_PURE;CONTINUOUS_MINUTE_STREAM;VERIFIED_MODEL_GRID,dd5a2cdf3aa2afd8104b470a50b7d8b7351b78b6b9c79a1a0d2c1d3e701f9f9d,2026-09-22T07:29:00+00:00,2026-09-22 12:29:00,47.2,1008.1,86
21.5,31.6,56.2,1959.2,568.8,88.5,11.1,4.5,1.1,448.5,270.0,9.4,11.3,152.0,35.6,22.7,False,4095,0.0,6.0,856.7,EXT-OPEN-METEO-KHI,KARACHI,OPENSOURCE_API_GRID,451,,,,0.95,True,True,TIER2_OPENSOURCE_PURE;CONTINUOUS_MINUTE_STREAM;VERIFIED_MODEL_GRID,a0b328984320184d63035a0ac7ad46f23977c0eedcf478bf42144edc0074de63,2026-09-22T07:30:00+00:00,2026-09-22 12:30:00,47.4,1008.1,86
21.5,31.6,56.3,1959.2,568.8,88.5,11.1,4.5,1.1,448.5,269.6,9.4,11.3,152.2,35.6,22.73,False,4095,0.0,5.8,856.7,EXT-OPEN-METEO-KHI,KARACHI,OPENSOURCE_API_GRID,452,,,,0.95,True,True,TIER2_OPENSOURCE_PURE;CONTINUOUS_MINUTE_STREAM;VERIFIED_MODEL_GRID,877337790050a97f517e5d093a7f5d0b2aa2d82a4751ce022ce697738f9c7f18,2026-09-22T07:31:00+00:00,2026-09-22 12:31:00,47.5,1008.0,86
21.5,31.6,56.3,1959.2,568.8,88.5,11.1,4.5,1.1,448.4,269.3,9.3,11.3,152.3,35.6,22.76,False,4095,0.0,5.6,856.7,EXT-OPEN-METEO-KHI,KARACHI,OPENSOURCE_API_GRID,453,,,,0.95,True,True,TIER2_OPENSOURCE_PURE;CONTINUOUS_MINUTE_STREAM;VERIFIED_MODEL_GRID,84016e93d7e687e4e3bab573e6372cde9ced51d4f7cd7f433771a5cb4dd37db5,2026-09-22T07:32:00+00:00,2026-09-22 12:32:00,47.6,1008.0,86
21.5,31.6,56.4,1959.2,568.8,88.5,11.1,4.5,1.1,448.4,268.9,9.3,11.2,152.5,35.5,22.71,False,4095,0.0,5.4,856.7,EXT-OPEN-METEO-KHI,KARACHI,OPENSOURCE_API_GRID,454,,,,0.95,True,True,TIER2_OPENSOURCE_PURE;CONTINUOUS_MINUTE_STREAM;VERIFIED_MODEL_GRID,68706046237ea5bb6004c9e09f2ce460eaf86b388f7446ae378c90ef0d658d4c,2026-09-22T07:33:00+00:00,2026-09-22 12:33:00,47.7,1008.0,86
21.5,31.6,56.5,1959.2,568.8,88.5,11.1,4.5,1.1,448.4,268.5,9.2,11.2,152.6,35.5,22.78,False,4095,0.0,5.2,856.7,EXT-OPEN-METEO-KHI,KARACHI,OPENSOURCE_API_GRID,455,,,,0.95,True,True,TIER2_OPENSOURCE_PURE;CONTINUOUS_MINUTE_STREAM;VERIFIED_MODEL_GRID,41146de64a74ad0096a9bcdd580948e1616ef876900c7d7b6fd99e954a686c05,2026-09-22T07:34:00+00:00,2026-09-22 12:34:00,47.9,1008.0,86
21.5,31.6,56.6,1959.2,568.8,88.5,11.1,4.5,1.1,448.4,268.2,9.1,11.1,152.8,35.5,22.81,False,4095,0.0,5.0,856.6,EXT-OPEN-METEO-KHI,KARACHI,OPENSOURCE_API_GRID,456,,,,0.95,True,True,TIER2_OPENSOURCE_PURE;CONTINUOUS_MINUTE_STREAM;VERIFIED_MODEL_GRID,6d7d5e54a617457caf440cafa149b40b135a8d86e6e2120f51c86e17d4dc34f0,2026-09-22T07:35:00+00:00,2026-09-22 12:35:00,48.0,1007.9,86
21.5,31.6,56.8,1959.2,568.8,88.5,11.1,4.5,1.1,448.3,267.8,9.1,11.1,152.9,35.5,22.85,False,4095,0.0,4.8,856.6,EXT-OPEN-METEO-KHI,KARACHI,OPENSOURCE_API_GRID,457,,,,0.95,True,True,TIER2_OPENSOURCE_PURE;CONTINUOUS_MINUTE_STREAM;VERIFIED_MODEL_GRID,e62327105742dca154ad076ee128c16057201af5d169b612f95f62586144d31d,2026-09-22T07:36:00+00:00,2026-09-22 12:36:00,48.1,1007.9,86
21.5,31.6,56.9,1959.2,568.8,88.5,11.1,4.6,1.1,448.3,267.5,9.0,11.0,153.1,35.5,22.91,False,4095,0.0,4.6,856.6,EXT-OPEN-METEO-KHI,KARACHI,OPENSOURCE_API_GRID,458,,,,0.95,True,True,TIER2_OPENSOURCE_PURE;CONTINUOUS_MINUTE_STREAM;VERIFIED_MODEL_GRID,59a94a713e9238cdfa281e0730c959ffec4c6fb735e21f5b3e18685c04ba8a2e,2026-09-22T07:37:00+00:00,2026-09-22 12:37:00,48.3,1007.9,86
21.6,31.7,57.1,1965.4,570.6,88.8,11.1,4.6,1.1,448.3,267.2,8.9,11.0,153.2,35.5,22.95,False,4095,0.0,4.4,856.6,EXT-OPEN-METEO-KHI,KARACHI,OPENSOURCE_API_GRID,459,,,,0.95,True,True,TIER2_OPENSOURCE_PURE;CONTINUOUS_MINUTE_STREAM;VERIFIED_MODEL_GRID,cd35cb483a506a9d26570c526bb2a64883a12bd871ae72ce1929786ec49747e3,2026-09-22T07:38:00+00:00,2026-09-22 12:38:00,48.4,1007.9,86
21.6,31.7,57.2,1965.4,570.6,88.8,11.1,4.6,1.1,448.3,266.8,8.9,10.9,153.4,35.5,23.02,False,4095,0.0,4.2,856.6,EXT-OPEN-METEO-KHI,KARACHI,OPENSOURCE_API_GRID,460,,,,0.95,True,True,TIER2_OPENSOURCE_PURE;CONTINUOUS_MINUTE_STREAM;VERIFIED_MODEL_GRID,64d8cd9805f3f8c387d27b1f73d8d210eeaf35ed9f0fe9b1fc34da1ed31b447c,2026-09-22T07:39:00+00:00,2026-09-22 12:39:00,48.6,1007.8,86
21.6,31.8,57.4,1971.6,572.4,89.0,11.1,4.6,1.1,448.2,266.5,8.8,10.9,153.5,35.5,23.05,False,4095,0.0,4.0,856.6,EXT-OPEN-METEO-KHI,KARACHI,OPENSOURCE_API_GRID,461,,,,0.95,True,True,TIER2_OPENSOURCE_PURE;CONTINUOUS_MINUTE_STREAM;VERIFIED_MODEL_GRID,57fe2cfd906f8b5fe474e070656681dcd0a89f8101adb7abf3b7dee58b5c232d,2026-09-22T07:40:00+00:00,2026-09-22 12:40:00,48.7,1007.8,86
21.6,31.8,57.6,1971.6,572.4,89.0,11.1,4.6,1.2,448.2,266.2,8.8,10.8,153.6,35.5,23.08,False,4095,0.0,3.8,856.6,EXT-OPEN-METEO-KHI,KARACHI,OPENSOURCE_API_GRID,462,,,,0.95,True,True,TIER2_OPENSOURCE_PURE;CONTINUOUS_MINUTE_STREAM;VERIFIED_MODEL_GRID,997073885efb73fd7e66625c4278de02ddb778019c36a6f63365e54b860e21ea,2026-09-22T07:41:00+00:00,2026-09-22 12:41:00,48.8,1007.8,86
21.7,31.9,57.8,1977.8,574.2,89.3,11.2,4.6,1.2,448.2,265.9,8.7,10.8,153.8,35.5,23.15,False,4095,0.0,3.6,856.6,EXT-OPEN-METEO-KHI,KARACHI,OPENSOURCE_API_GRID,463,,,,0.95,True,True,TIER2_OPENSOURCE_PURE;CONTINUOUS_MINUTE_STREAM;VERIFIED_MODEL_GRID,ed51baa1fa4787c447fe5e9d85c12c2d41ef772dcffb61ed387f64adf65f218a,2026-09-22T07:42:00+00:00,2026-09-22 12:42:00,49.0,1007.8,86
21.7,31.9,57.9,1977.8,574.2,89.3,11.2,4.6,1.2,448.2,265.6,8.7,10.8,153.9,35.5,23.19,False,4095,0.0,3.5,856.6,EXT-OPEN-METEO-KHI,KARACHI,OPENSOURCE_API_GRID,464,,,,0.95,True,True,TIER2_OPENSOURCE_PURE;CONTINUOUS_MINUTE_STREAM;VERIFIED_MODEL_GRID,0cf33de5333e8b7c68d56abb2cb7856fcc6bba257a04ca387d9702fd27127795,2026-09-22T07:43:00+00:00,2026-09-22 12:43:00,49.1,1007.8,86
21.8,32.0,58.1,1984.0,576.0,89.6,11.2,4.6,1.2,448.2,265.3,8.6,10.7,154.0,35.5,23.22,False,4095,0.0,3.3,856.6,EXT-OPEN-METEO-KHI,KARACHI,OPENSOURCE_API_GRID,465,,,,0.95,True,True,TIER2_OPENSOURCE_PURE;CONTINUOUS_MINUTE_STREAM;VERIFIED_MODEL_GRID,4f3270c03daa00cb36881024e57940e9905ffa4c3de59f1ff62ddd6c1ce93ce8,2026-09-22T07:44:00+00:00,2026-09-22 12:44:00,49.2,1007.7,86
21.7,31.9,58.1,1977.8,574.2,89.3,11.2,4.6,1.2,448.1,265.1,8.6,10.7,154.1,35.5,23.29,False,4095,0.0,3.2,856.6,EXT-OPEN-METEO-KHI,KARACHI,OPENSOURCE_API_GRID,466,,,,0.95,True,True,TIER2_OPENSOURCE_PURE;CONTINUOUS_MINUTE_STREAM;VERIFIED_MODEL_GRID,f7bcef24f1ddcaaa777f3ac6b03112ae591192c5e38fb627bebf491274b20ac9,2026-09-22T07:45:00+00:00,2026-09-22 12:45:00,49.4,1007.7,86
21.8,32.0,58.2,1984.0,576.0,89.6,11.2,4.7,1.2,448.1,264.8,8.5,10.6,154.2,35.5,23.32,False,4095,0.0,3.0,856.6,EXT-OPEN-METEO-KHI,KARACHI,OPENSOURCE_API_GRID,467,,,,0.95,True,True,TIER2_OPENSOURCE_PURE;CONTINUOUS_MINUTE_STREAM;VERIFIED_MODEL_GRID,e37d597ef86fa36d68b727f1858f71fa298597746b8e075517363dea891925de,2026-09-22T07:46:00+00:00,2026-09-22 12:46:00,49.5,1007.7,86
21.8,32.0,58.4,1984.0,576.0,89.6,11.2,4.7,1.2,448.1,264.6,8.5,10.6,154.3,35.5,23.35,False,4095,0.0,2.9,856.5,EXT-OPEN-METEO-KHI,KARACHI,OPENSOURCE_API_GRID,468,,,,0.95,True,True,TIER2_OPENSOURCE_PURE;CONTINUOUS_MINUTE_STREAM;VERIFIED_MODEL_GRID,45a5ea916d5a9e82d10cb5a9a1a12b43ee0638b82c80f94dd9d60af48656784e,2026-09-22T07:47:00+00:00,2026-09-22 12:47:00,49.6,1007.7,86
21.8,32.1,58.5,1990.2,577.8,89.9,11.2,4.7,1.2,448.1,264.3,8.4,10.6,154.4,35.5,23.39,False,4095,0.0,2.8,856.5,EXT-OPEN-METEO-KHI,KARACHI,OPENSOURCE_API_GRID,469,,,,0.95,True,True,TIER2_OPENSOURCE_PURE;CONTINUOUS_MINUTE_STREAM;VERIFIED_MODEL_GRID,76060a47f2e705c35b85828ce9623090ac2dddcb4ea1cdaefefa1ef2b8761fbb,2026-09-22T07:48:00+00:00,2026-09-22 12:48:00,49.7,1007.7,86
21.8,32.1,58.6,1990.2,577.8,89.9,11.2,4.7,1.2,448.1,264.1,8.4,10.6,154.5,35.5,23.39,False,4095,0.0,2.6,856.5,EXT-OPEN-METEO-KHI,KARACHI,OPENSOURCE_API_GRID,470,,,,0.95,True,True,TIER2_OPENSOURCE_PURE;CONTINUOUS_MINUTE_STREAM;VERIFIED_MODEL_GRID,cb543a41bf7fcea36dff769c4432a7e56b5d87cf2025ba5aba025344c73b3cd7,2026-09-22T07:49:00+00:00,2026-09-22 12:49:00,49.7,1007.7,86
21.8,32.1,58.7,1990.2,577.8,89.9,11.2,4.7,1.2,448.1,263.9,8.4,10.5,154.6,35.5,23.42,False,4095,0.0,2.5,856.5,EXT-OPEN-METEO-KHI,KARACHI,OPENSOURCE_API_GRID,471,,,,0.95,True,True,TIER2_OPENSOURCE_PURE;CONTINUOUS_MINUTE_STREAM;VERIFIED_MODEL_GRID,8e603d27b38c101d6692754a3e9538d258e4f0102cfa8929cdb9a3499881d1fa,2026-09-22T07:50:00+00:00,2026-09-22 12:50:00,49.8,1007.7,86
21.9,32.2,58.8,1996.4,579.6,90.2,11.3,4.7,1.2,448.1,263.8,8.3,10.5,154.7,35.5,23.42,False,4095,0.0,2.4,856.5,EXT-OPEN-METEO-KHI,KARACHI,OPENSOURCE_API_GRID,472,,,,0.95,True,True,TIER2_OPENSOURCE_PURE;CONTINUOUS_MINUTE_STREAM;VERIFIED_MODEL_GRID,5f8d92a6775d6ef615703fd08c389b39342c3d184d602e7363306c05049faf24,2026-09-22T07:51:00+00:00,2026-09-22 12:51:00,49.8,1007.7,86
21.9,32.2,58.9,1996.4,579.6,90.2,11.3,4.7,1.2,448.0,263.6,8.3,10.5,154.7,35.5,23.42,False,4095,0.0,2.3,856.5,EXT-OPEN-METEO-KHI,KARACHI,OPENSOURCE_API_GRID,473,,,,0.95,True,True,TIER2_OPENSOURCE_PURE;CONTINUOUS_MINUTE_STREAM;VERIFIED_MODEL_GRID,6a846828560cfa7e42064a1db4295a8f28a305378486510aa04bea882567cd88,2026-09-22T07:52:00+00:00,2026-09-22 12:52:00,49.8,1007.7,86
21.9,32.2,58.9,1996.4,579.6,90.2,11.3,4.7,1.2,448.0,263.5,8.3,10.5,154.8,35.5,23.45,False,4095,0.0,2.3,856.5,EXT-OPEN-METEO-KHI,KARACHI,OPENSOURCE_API_GRID,474,,,,0.95,True,True,TIER2_OPENSOURCE_PURE;CONTINUOUS_MINUTE_STREAM;VERIFIED_MODEL_GRID,a5a9fdad7e1798604577e755783ccbc65fe162d773a495a3f77eff2ae274c218,2026-09-22T07:53:00+00:00,2026-09-22 12:53:00,49.9,1007.6,86
21.9,32.2,59.0,1996.4,579.6,90.2,11.3,4.7,1.2,448.0,263.3,8.3,10.4,154.9,35.5,23.45,False,4095,0.0,2.2,856.5,EXT-OPEN-METEO-KHI,KARACHI,OPENSOURCE_API_GRID,475,,,,0.95,True,True,TIER2_OPENSOURCE_PURE;CONTINUOUS_MINUTE_STREAM;VERIFIED_MODEL_GRID,c50b6f94980924866c64ad16a8a807c5a3d6c1c0615b1ab79f98e83497cc41fd,2026-09-22T07:54:00+00:00,2026-09-22 12:54:00,49.9,1007.6,86
21.8,32.1,59.0,1990.2,577.8,89.9,11.2,4.7,1.2,448.0,263.2,8.2,10.4,154.9,35.5,23.45,False,4095,0.0,2.1,856.5,EXT-OPEN-METEO-KHI,KARACHI,OPENSOURCE_API_GRID,476,,,,0.95,True,True,TIER2_OPENSOURCE_PURE;CONTINUOUS_MINUTE_STREAM;VERIFIED_MODEL_GRID,46154701b8f5a0b218e72c8e28895eb15615dbcbae4d4d83df2872c3598613ab,2026-09-22T07:55:00+00:00,2026-09-22 12:55:00,49.9,1007.6,86
21.8,32.1,58.9,1990.2,577.8,89.9,11.2,4.7,1.2,448.0,263.2,8.2,10.4,154.9,35.4,23.36,False,4095,0.0,2.1,856.5,EXT-OPEN-METEO-KHI,KARACHI,OPENSOURCE_API_GRID,477,,,,0.95,True,True,TIER2_OPENSOURCE_PURE;CONTINUOUS_MINUTE_STREAM;VERIFIED_MODEL_GRID,6dff0712319c6c0afde3b4d0619a55e3cdf8c4ba50808a1cdcc602ba310f8089,2026-09-22T07:56:00+00:00,2026-09-22 12:56:00,49.9,1007.6,86
21.8,32.1,58.9,1990.2,577.8,89.9,11.2,4.7,1.2,448.0,263.1,8.2,10.4,155.0,35.4,23.36,False,4095,0.0,2.0,856.5,EXT-OPEN-METEO-KHI,KARACHI,OPENSOURCE_API_GRID,478,,,,0.95,True,True,TIER2_OPENSOURCE_PURE;CONTINUOUS_MINUTE_STREAM;VERIFIED_MODEL_GRID,12b272b5e3b9e5c2f2715f3ee293177359d79544a731a5b65c7d4b073a476bdd,2026-09-22T07:57:00+00:00,2026-09-22 12:57:00,49.9,1007.6,86
21.8,32.0,58.9,1984.0,576.0,89.6,11.2,4.7,1.2,448.0,263.0,8.2,10.4,155.0,35.4,23.36,False,4095,0.0,2.0,856.5,EXT-OPEN-METEO-KHI,KARACHI,OPENSOURCE_API_GRID,479,,,,0.95,True,True,TIER2_OPENSOURCE_PURE;CONTINUOUS_MINUTE_STREAM;VERIFIED_MODEL_GRID,9eb2638c8e77fbba12c90648ba43f407ca9c202cf8bd93f30ad8df30cc80295e,2026-09-22T07:58:00+00:00,2026-09-22 12:58:00,49.9,1007.6,86
21.8,32.0,58.8,1984.0,576.0,89.6,11.2,4.7,1.2,448.0,263.0,8.2,10.4,155.0,35.4,23.36,False,4095,0.0,2.0,856.5,EXT-OPEN-METEO-KHI,KARACHI,OPENSOURCE_API_GRID,480,,,,0.95,True,True,TIER2_OPENSOURCE_PURE;CONTINUOUS_MINUTE_STREAM;VERIFIED_MODEL_GRID,33ca16e5ce75089826ddd045d3979fa7138130de4a951e0f4749935916b08b80,2026-09-22T07:59:00+00:00,2026-09-22 12:59:00,49.9,1007.6,86
21.8,32.0,58.7,1984.0,576.0,89.6,11.2,4.7,1.2,448.0,263.0,8.2,10.4,155.0,35.4,23.36,False,4095,0.0,2.0,856.5,EXT-OPEN-METEO-KHI,KARACHI,OPENSOURCE_API_GRID,481,,,,0.95,True,False,TIER2_OPENSOURCE_PURE;HOURLY_NODE;VERIFIED_MODEL_GRID,719dd4595543d67f0a4cbd179e60faa38c27d07adcb8ba12e4694d9a5a118540,2026-09-22T08:00:00+00:00,2026-09-22 13:00:00,49.9,1007.6,86
21.7,31.9,58.7,1977.8,574.2,89.3,11.2,4.7,1.2,448.0,263.0,8.2,10.4,155.0,35.4,23.36,False,4095,0.0,2.0,856.4,EXT-OPEN-METEO-KHI,KARACHI,OPENSOURCE_API_GRID,482,,,,0.95,True,True,TIER2_OPENSOURCE_PURE;CONTINUOUS_MINUTE_STREAM;VERIFIED_MODEL_GRID,e6c557421e829f71b3a32b089563d295941a4f2ee527282ba76919353c00750f,2026-09-22T08:01:00+00:00,2026-09-22 13:01:00,49.9,1007.6,86
21.7,31.9,58.6,1977.8,574.2,89.3,11.2,4.7,1.2,448.0,263.0,8.2,10.4,155.0,35.4,23.36,False,4095,0.0,2.0,856.3,EXT-OPEN-METEO-KHI,KARACHI,OPENSOURCE_API_GRID,483,,,,0.95,True,True,TIER2_OPENSOURCE_PURE;CONTINUOUS_MINUTE_STREAM;VERIFIED_MODEL_GRID,4f95b0469eda77fae97f29882d935a482e77f173049ddd85ec943e14d3c0b1f3,2026-09-22T08:02:00+00:00,2026-09-22 13:02:00,49.9,1007.6,86
21.7,31.9,58.6,1977.8,574.2,89.3,11.2,4.7,1.2,448.0,263.0,8.2,10.4,155.0,35.4,23.36,False,4095,0.0,2.1,856.0,EXT-OPEN-METEO-KHI,KARACHI,OPENSOURCE_API_GRID,484,,,,0.95,True,True,TIER2_OPENSOURCE_PURE;CONTINUOUS_MINUTE_STREAM;VERIFIED_MODEL_GRID,1eadf3318ee70993674ae483952baae05e8c5e278b55c836af4a926524d51b7c,2026-09-22T08:03:00+00:00,2026-09-22 13:03:00,49.9,1007.6,86
21.6,31.8,58.6,1971.6,572.4,89.0,11.1,4.7,1.2,448.0,263.1,8.2,10.4,155.0,35.4,23.36,False,4095,0.0,2.1,855.6,EXT-OPEN-METEO-KHI,KARACHI,OPENSOURCE_API_GRID,485,,,,0.95,True,True,TIER2_OPENSOURCE_PURE;CONTINUOUS_MINUTE_STREAM;VERIFIED_MODEL_GRID,65041d19f537aa0739bf3a5da30b7ace7dfadafeea515d49a927ac35b305aa8f,2026-09-22T08:04:00+00:00,2026-09-22 13:04:00,49.9,1007.6,86
21.6,31.8,58.7,1971.6,572.4,89.0,11.1,4.7,1.2,448.0,263.1,8.2,10.4,154.9,35.4,23.36,False,4095,0.0,2.2,855.0,EXT-OPEN-METEO-KHI,KARACHI,OPENSOURCE_API_GRID,486,,,,0.95,True,True,TIER2_OPENSOURCE_PURE;CONTINUOUS_MINUTE_STREAM;VERIFIED_MODEL_GRID,ce0b6209f7fa0f86bd82c04587265ca793cff1f452ef89758eda297856ef7a6c,2026-09-22T08:05:00+00:00,2026-09-22 13:05:00,49.9,1007.6,86
21.6,31.8,58.7,1971.6,572.4,89.0,11.1,4.7,1.2,448.0,263.2,8.2,10.4,154.9,35.3,23.27,False,4095,0.0,2.3,854.4,EXT-OPEN-METEO-KHI,KARACHI,OPENSOURCE_API_GRID,487,,,,0.95,True,True,TIER2_OPENSOURCE_PURE;CONTINUOUS_MINUTE_STREAM;VERIFIED_MODEL_GRID,da6668bbb9a85dc5ac800c0b90186fd0bc1003ebe0de1565208859293fafd0cf,2026-09-22T08:06:00+00:00,2026-09-22 13:06:00,49.9,1007.6,86
21.7,31.9,58.8,1977.8,574.2,89.3,11.2,4.7,1.2,448.0,263.3,8.2,10.4,154.9,35.3,23.27,False,4095,0.0,2.4,853.6,EXT-OPEN-METEO-KHI,KARACHI,OPENSOURCE_API_GRID,488,,,,0.95,True,True,TIER2_OPENSOURCE_PURE;CONTINUOUS_MINUTE_STREAM;VERIFIED_MODEL_GRID,a4357ce0308ab6e00392ac3a63f52b8c75f0ca6013c5a601bfb2bde6e6201ae5,2026-09-22T08:07:00+00:00,2026-09-22 13:07:00,49.9,1007.6,86
21.7,31.9,58.9,1977.8,574.2,89.3,11.2,4.7,1.2,448.0,263.3,8.2,10.3,154.9,35.3,23.27,False,4095,0.0,2.5,852.7,EXT-OPEN-METEO-KHI,KARACHI,OPENSOURCE_API_GRID,489,,,,0.95,True,True,TIER2_OPENSOURCE_PURE;CONTINUOUS_MINUTE_STREAM;VERIFIED_MODEL_GRID,3dcfe2fcf0abe1bc7f0a2ae10a533c9ed040c9cf5e7ffc336c514bb8d7ef5bec,2026-09-22T08:08:00+00:00,2026-09-22 13:08:00,49.9,1007.6,86
21.7,31.9,59.0,1977.8,574.2,89.3,11.2,4.7,1.2,448.0,263.4,8.2,10.3,154.8,35.3,23.3,False,4095,0.0,2.7,851.8,EXT-OPEN-METEO-KHI,KARACHI,OPENSOURCE_API_GRID,490,,,,0.95,True,True,TIER2_OPENSOURCE_PURE;CONTINUOUS_MINUTE_STREAM;VERIFIED_MODEL_GRID,1e8df532365c05a56e39dfc46d92e6181e6c4f02a22e4a506367c25a6ea996fc,2026-09-22T08:09:00+00:00,2026-09-22 13:09:00,50.0,1007.6,86
21.8,32.0,59.2,1984.0,576.0,89.6,11.2,4.7,1.2,448.0,263.5,8.2,10.3,154.8,35.3,23.3,False,4095,0.0,2.8,850.7,EXT-OPEN-METEO-KHI,KARACHI,OPENSOURCE_API_GRID,491,,,,0.95,True,True,TIER2_OPENSOURCE_PURE;CONTINUOUS_MINUTE_STREAM;VERIFIED_MODEL_GRID,177644f20ed4b147a19a4d9b07da2ae0ffd158d08b92535f8a25801c8d412291,2026-09-22T08:10:00+00:00,2026-09-22 13:10:00,50.0,1007.5,86
21.8,32.0,59.3,1984.0,576.0,89.6,11.2,4.7,1.2,448.0,263.6,8.1,10.3,154.8,35.3,23.3,False,4095,0.0,3.0,849.5,EXT-OPEN-METEO-KHI,KARACHI,OPENSOURCE_API_GRID,492,,,,0.95,True,True,TIER2_OPENSOURCE_PURE;CONTINUOUS_MINUTE_STREAM;VERIFIED_MODEL_GRID,34d8a59d2f72ac237d131bd826f089447287f2309a443f6289b06a104e691070,2026-09-22T08:11:00+00:00,2026-09-22 13:11:00,50.0,1007.5,86
21.8,32.1,59.5,1990.2,577.8,89.9,11.2,4.8,1.2,448.0,263.8,8.1,10.3,154.7,35.3,23.34,False,4095,0.0,3.1,848.2,EXT-OPEN-METEO-KHI,KARACHI,OPENSOURCE_API_GRID,493,,,,0.95,True,True,TIER2_OPENSOURCE_PURE;CONTINUOUS_MINUTE_STREAM;VERIFIED_MODEL_GRID,274e48c694569fd32bdecea783b9fd4bfe42e252bdc35b2522b6da801945bc1a,2026-09-22T08:12:00+00:00,2026-09-22 13:12:00,50.1,1007.5,86
21.9,32.2,59.7,1996.4,579.6,90.2,11.3,4.8,1.2,448.0,263.9,8.1,10.2,154.7,35.3,23.34,False,4095,0.0,3.3,846.8,EXT-OPEN-METEO-KHI,KARACHI,OPENSOURCE_API_GRID,494,,,,0.95,True,True,TIER2_OPENSOURCE_PURE;CONTINUOUS_MINUTE_STREAM;VERIFIED_MODEL_GRID,8b025a54ffeb1d081c9f1a964e28e665694d4128c987de589a322a4d1c39c102,2026-09-22T08:13:00+00:00,2026-09-22 13:13:00,50.1,1007.5,86
21.9,32.2,59.9,1996.4,579.6,90.2,11.3,4.8,1.2,448.0,264.0,8.1,10.2,154.6,35.3,23.34,False,4095,0.0,3.5,845.4,EXT-OPEN-METEO-KHI,KARACHI,OPENSOURCE_API_GRID,495,,,,0.95,True,True,TIER2_OPENSOURCE_PURE;CONTINUOUS_MINUTE_STREAM;VERIFIED_MODEL_GRID,e2affe5ce4c1f7a447cd11c87211100a3a123463485569aa005e8fb3868822e2,2026-09-22T08:14:00+00:00,2026-09-22 13:14:00,50.1,1007.5,86
22.0,32.3,60.2,2002.6,581.4,90.4,11.3,4.8,1.2,448.0,264.2,8.1,10.2,154.6,35.3,23.37,False,4095,0.0,3.8,843.8,EXT-OPEN-METEO-KHI,KARACHI,OPENSOURCE_API_GRID,496,,,,0.95,True,True,TIER2_OPENSOURCE_PURE;CONTINUOUS_MINUTE_STREAM;VERIFIED_MODEL_GRID,1d792314225038c2e106df9000478c252c2c544f3e473c38b5943738bb5e3bcd,2026-09-22T08:15:00+00:00,2026-09-22 13:15:00,50.2,1007.5,86
21.9,32.2,60.2,1996.4,579.6,90.2,11.3,4.8,1.2,448.0,264.3,8.1,10.2,154.5,35.4,23.49,False,4095,0.0,4.0,842.1,EXT-OPEN-METEO-KHI,KARACHI,OPENSOURCE_API_GRID,497,,,,0.95,True,True,TIER2_OPENSOURCE_PURE;CONTINUOUS_MINUTE_STREAM;VERIFIED_MODEL_GRID,a86a2b2d760360afc0e35a114ad1a185b4a97a922a659821b148e838c834589a,2026-09-22T08:16:00+00:00,2026-09-22 13:16:00,50.3,1007.5,86
22.0,32.3,60.4,2002.6,581.4,90.4,11.3,4.8,1.2,448.0,264.5,8.1,10.1,154.4,35.4,23.49,False,4095,0.0,4.2,840.4,EXT-OPEN-METEO-KHI,KARACHI,OPENSOURCE_API_GRID,498,,,,0.95,True,True,TIER2_OPENSOURCE_PURE;CONTINUOUS_MINUTE_STREAM;VERIFIED_MODEL_GRID,835fc431c78c1fc5bbf104bf4484422a828398d16333daa38446f792bcca53ba,2026-09-22T08:17:00+00:00,2026-09-22 13:17:00,50.3,1007.5,86
22.0,32.4,60.7,2008.8,583.2,90.7,11.3,4.9,1.2,448.0,264.6,8.1,10.1,154.4,35.4,23.49,False,4095,0.0,4.5,838.6,EXT-OPEN-METEO-KHI,KARACHI,OPENSOURCE_API_GRID,499,,,,0.95,True,True,TIER2_OPENSOURCE_PURE;CONTINUOUS_MINUTE_STREAM;VERIFIED_MODEL_GRID,4605dc674d23c56ec17871ea49db2985b3c950313ceca515b9a1c4636f5ac57f,2026-09-22T08:18:00+00:00,2026-09-22 13:18:00,50.3,1007.4,86
22.1,32.5,60.9,2015.0,585.0,91.0,11.4,4.9,1.2,448.0,264.8,8.0,10.1,154.3,35.4,23.53,False,4095,0.0,4.7,836.7,EXT-OPEN-METEO-KHI,KARACHI,OPENSOURCE_API_GRID,500,,,,0.95,True,True,TIER2_OPENSOURCE_PURE;CONTINUOUS_MINUTE_STREAM;VERIFIED_MODEL_GRID,afd45b1d75716d5b2427a8c4210f868edf2350365ec52813bd840e30965ec8e7,2026-09-22T08:19:00+00:00,2026-09-22 13:19:00,50.4,1007.4,86
22.1,32.5,61.2,2015.0,585.0,91.0,11.4,4.9,1.2,448.0,265.0,8.0,10.1,154.2,35.4,23.53,False,4095,0.0,5.0,834.8,EXT-OPEN-METEO-KHI,KARACHI,OPENSOURCE_API_GRID,501,,,,0.95,True,True,TIER2_OPENSOURCE_PURE;CONTINUOUS_MINUTE_STREAM;VERIFIED_MODEL_GRID,4b6b6bfc2cec7e3296d29ebc7698cf7b228585bd2f23cd5eb15bbe0e0e7806be,2026-09-22T08:20:00+00:00,2026-09-22 13:20:00,50.4,1007.4,86
22.2,32.6,61.4,2021.2,586.8,91.3,11.4,4.9,1.2,448.0,265.2,8.0,10.0,154.2,35.4,23.53,False,4095,0.0,5.3,832.8,EXT-OPEN-METEO-KHI,KARACHI,OPENSOURCE_API_GRID,502,,,,0.95,True,True,TIER2_OPENSOURCE_PURE;CONTINUOUS_MINUTE_STREAM;VERIFIED_MODEL_GRID,5af6376576f75ce1ee9afd9188bd1a4ebe5fc21909a5965d2aba5659ee575ba7,2026-09-22T08:21:00+00:00,2026-09-22 13:21:00,50.4,1007.4,86
22.2,32.6,61.6,2021.2,586.8,91.3,11.4,4.9,1.2,448.0,265.4,8.0,10.0,154.1,35.4,23.53,False,4095,0.0,5.6,830.8,EXT-OPEN-METEO-KHI,KARACHI,OPENSOURCE_API_GRID,503,,,,0.95,True,True,TIER2_OPENSOURCE_PURE;CONTINUOUS_MINUTE_STREAM;VERIFIED_MODEL_GRID,16603bc26c3b37f8ad5e9615fd21989294f549f7e212b2f47970e3704e2a68a6,2026-09-22T08:22:00+00:00,2026-09-22 13:22:00,50.4,1007.4,86
22.2,32.7,61.8,2027.4,588.6,91.6,11.4,4.9,1.2,448.0,265.6,8.0,10.0,154.0,35.4,23.53,False,4095,0.0,5.8,828.7,EXT-OPEN-METEO-KHI,KARACHI,OPENSOURCE_API_GRID,504,,,,0.95,True,True,TIER2_OPENSOURCE_PURE;CONTINUOUS_MINUTE_STREAM;VERIFIED_MODEL_GRID,f84b0fd5850fbddb8ac4c73b08ca5925e38442a4f79ee8addbcbc7ba960d65c6,2026-09-22T08:23:00+00:00,2026-09-22 13:23:00,50.4,1007.4,86
22.2,32.7,62.0,2027.4,588.6,91.6,11.4,5.0,1.2,448.0,265.8,8.0,9.9,154.0,35.3,23.44,False,4095,0.0,6.1,826.5,EXT-OPEN-METEO-KHI,KARACHI,OPENSOURCE_API_GRID,505,,,,0.95,True,True,TIER2_OPENSOURCE_PURE;CONTINUOUS_MINUTE_STREAM;VERIFIED_MODEL_GRID,836140346730a99392e8c9af97ad969efb86631af9fbdfeedcc06122ae237edb,2026-09-22T08:24:00+00:00,2026-09-22 13:24:00,50.4,1007.3,86
22.2,32.7,62.2,2027.4,588.6,91.6,11.4,5.0,1.2,448.0,266.0,7.9,9.9,153.9,35.3,23.44,False,4095,0.0,6.4,824.3,EXT-OPEN-METEO-KHI,KARACHI,OPENSOURCE_API_GRID,506,,,,0.95,True,True,TIER2_OPENSOURCE_PURE;CONTINUOUS_MINUTE_STREAM;VERIFIED_MODEL_GRID,e5a04743bc6bf878ce27324900bd6a4094521076a4c4830734b7a433b28cf944,2026-09-22T08:25:00+00:00,2026-09-22 13:25:00,50.4,1007.3,86
22.3,32.8,62.4,2033.6,590.4,91.8,11.5,5.0,1.2,448.0,266.2,7.9,9.8,153.8,35.3,23.44,False,4095,0.0,6.8,822.1,EXT-OPEN-METEO-KHI,KARACHI,OPENSOURCE_API_GRID,507,,,,0.95,True,True,TIER2_OPENSOURCE_PURE;CONTINUOUS_MINUTE_STREAM;VERIFIED_MODEL_GRID,f355942574c12ecad7cfa6c11d11fc5b27f01c5c73deb00c1772c18fde0a5f44,2026-09-22T08:26:00+00:00,2026-09-22 13:26:00,50.4,1007.3,86
22.3,32.8,62.6,2033.6,590.4,91.8,11.5,5.0,1.3,448.0,266.4,7.9,9.8,153.7,35.3,23.44,False,4095,0.0,7.1,819.9,EXT-OPEN-METEO-KHI,KARACHI,OPENSOURCE_API_GRID,508,,,,0.95,True,True,TIER2_OPENSOURCE_PURE;CONTINUOUS_MINUTE_STREAM;VERIFIED_MODEL_GRID,6dfb3c265d0d0f5d33e2c393d26a8920cae6a17077d1e34d8dae5e21d94b32c1,2026-09-22T08:27:00+00:00,2026-09-22 13:27:00,50.4,1007.3,86
22.3,32.8,62.7,2033.6,590.4,91.8,11.5,5.0,1.3,448.0,266.6,7.9,9.8,153.7,35.3,23.44,False,4095,0.0,7.4,817.6,EXT-OPEN-METEO-KHI,KARACHI,OPENSOURCE_API_GRID,509,,,,0.95,True,True,TIER2_OPENSOURCE_PURE;CONTINUOUS_MINUTE_STREAM;VERIFIED_MODEL_GRID,d14bd933ffb5c2f3c8ec60b7af7cbacd78721d1c31312b2fbb7dce2ded679ab9,2026-09-22T08:28:00+00:00,2026-09-22 13:28:00,50.4,1007.3,86
22.3,32.8,62.9,2033.6,590.4,91.8,11.5,5.0,1.3,448.0,266.8,7.9,9.7,153.6,35.3,23.44,False,4095,0.0,7.7,815.4,EXT-OPEN-METEO-KHI,KARACHI,OPENSOURCE_API_GRID,510,,,,0.95,True,True,TIER2_OPENSOURCE_PURE;CONTINUOUS_MINUTE_STREAM;VERIFIED_MODEL_GRID,75a23eb51b61af5f11000bc37a791fe5bdd0c9b6c8bff21937d3ffb62d264665,2026-09-22T08:29:00+00:00,2026-09-22 13:29:00,50.4,1007.2,86
22.3,32.8,63.1,2033.6,590.4,91.8,11.5,5.0,1.3,448.0,267.0,7.8,9.7,153.5,35.3,23.44,False,4095,0.0,8.0,813.1,EXT-OPEN-METEO-KHI,KARACHI,OPENSOURCE_API_GRID,511,,,,0.95,True,True,TIER2_OPENSOURCE_PURE;CONTINUOUS_MINUTE_STREAM;VERIFIED_MODEL_GRID,995b4c4d106b9666df4939b38a6fdf7073f045c68c4855c738a557cf2fcdfab5,2026-09-22T08:30:00+00:00,2026-09-22 13:30:00,50.4,1007.2,86
22.3,32.8,63.2,2033.6,590.4,91.8,11.5,5.1,1.3,448.0,267.2,7.8,9.7,153.4,35.2,23.34,False,4095,0.0,8.3,810.8,EXT-OPEN-METEO-KHI,KARACHI,OPENSOURCE_API_GRID,512,,,,0.95,True,True,TIER2_OPENSOURCE_PURE;CONTINUOUS_MINUTE_STREAM;VERIFIED_MODEL_GRID,9fce994a329fafafaf0550f8ebd61cffd90c5e95e5d9c854251d06b6df6af9aa,2026-09-22T08:31:00+00:00,2026-09-22 13:31:00,50.4,1007.2,86
22.2,32.7,63.4,2027.4,588.6,91.6,11.4,5.1,1.3,448.0,267.4,7.8,9.6,153.3,35.2,23.34,False,4095,0.0,8.6,808.6,EXT-OPEN-METEO-KHI,KARACHI,OPENSOURCE_API_GRID,513,,,,0.95,True,True,TIER2_OPENSOURCE_PURE;CONTINUOUS_MINUTE_STREAM;VERIFIED_MODEL_GRID,f8b367421fbe07dd2b8030fc8141ecf3d63469c67c9bb24dd6b94d2334c206fe,2026-09-22T08:32:00+00:00,2026-09-22 13:32:00,50.4,1007.2,86
22.2,32.7,63.5,2027.4,588.6,91.6,11.4,5.1,1.3,448.0,267.6,7.8,9.6,153.3,35.2,23.34,False,4095,0.0,8.9,806.3,EXT-OPEN-METEO-KHI,KARACHI,OPENSOURCE_API_GRID,514,,,,0.95,True,True,TIER2_OPENSOURCE_PURE;CONTINUOUS_MINUTE_STREAM;VERIFIED_MODEL_GRID,aa9272edc89969d681abc963c60106d0408073f7762369a91d91a2893b0722e0,2026-09-22T08:33:00+00:00,2026-09-22 13:33:00,50.4,1007.2,86
22.3,32.8,63.7,2033.6,590.4,91.8,11.5,5.1,1.3,448.0,267.8,7.8,9.6,153.2,35.2,23.38,False,4095,0.0,9.2,804.1,EXT-OPEN-METEO-KHI,KARACHI,OPENSOURCE_API_GRID,515,,,,0.95,True,True,TIER2_OPENSOURCE_PURE;CONTINUOUS_MINUTE_STREAM;VERIFIED_MODEL_GRID,392748d544c19dbc510586d423a8a7fc32094b8d3742eb544db545d637ee4545,2026-09-22T08:34:00+00:00,2026-09-22 13:34:00,50.5,1007.1,86
22.3,32.8,63.9,2033.6,590.4,91.8,11.5,5.1,1.3,448.0,268.0,7.8,9.5,153.1,35.2,23.38,False,4095,0.0,9.6,801.9,EXT-OPEN-METEO-KHI,KARACHI,OPENSOURCE_API_GRID,516,,,,0.95,True,True,TIER2_OPENSOURCE_PURE;CONTINUOUS_MINUTE_STREAM;VERIFIED_MODEL_GRID,1818d15cfd27ce45a963716f304530bf60168945227ef89ea4d6ae349dd4bb62,2026-09-22T08:35:00+00:00,2026-09-22 13:35:00,50.5,1007.1,86
22.3,32.8,64.1,2033.6,590.4,91.8,11.5,5.1,1.3,448.0,268.2,7.7,9.5,153.0,35.2,23.38,False,4095,0.0,9.9,799.7,EXT-OPEN-METEO-KHI,KARACHI,OPENSOURCE_API_GRID,517,,,,0.95,True,True,TIER2_OPENSOURCE_PURE;CONTINUOUS_MINUTE_STREAM;VERIFIED_MODEL_GRID,1ddf888ccf701f231881a8719148b31b9d9a2244132a726fa53a9095fb660393,2026-09-22T08:36:00+00:00,2026-09-22 13:36:00,50.5,1007.1,86
22.3,32.8,64.3,2033.6,590.4,91.8,11.5,5.1,1.3,448.0,268.4,7.7,9.4,153.0,35.2,23.38,False,4095,0.0,10.2,797.5,EXT-OPEN-METEO-KHI,KARACHI,OPENSOURCE_API_GRID,518,,,,0.95,True,True,TIER2_OPENSOURCE_PURE;CONTINUOUS_MINUTE_STREAM;VERIFIED_MODEL_GRID,6e39d56ae7155510d92c19bf17abf8dab07eca02c0b4890a96a46ff2b0c23a6c,2026-09-22T08:37:00+00:00,2026-09-22 13:37:00,50.5,1007.1,86
22.4,32.9,64.5,2039.8,592.2,92.1,11.5,5.2,1.3,448.0,268.6,7.7,9.4,152.9,35.1,23.32,False,4095,0.0,10.4,795.4,EXT-OPEN-METEO-KHI,KARACHI,OPENSOURCE_API_GRID,519,,,,0.95,True,True,TIER2_OPENSOURCE_PURE;CONTINUOUS_MINUTE_STREAM;VERIFIED_MODEL_GRID,09a8a9aad26a298ffb81859a831a2facc81a65a38f0c82dc2b5ef850031fe99f,2026-09-22T08:38:00+00:00,2026-09-22 13:38:00,50.6,1007.0,86
22.4,32.9,64.7,2039.8,592.2,92.1,11.5,5.2,1.3,448.0,268.8,7.7,9.4,152.8,35.1,23.32,False,4095,0.0,10.7,793.4,EXT-OPEN-METEO-KHI,KARACHI,OPENSOURCE_API_GRID,520,,,,0.95,True,True,TIER2_OPENSOURCE_PURE;CONTINUOUS_MINUTE_STREAM;VERIFIED_MODEL_GRID,3e7d4edf15c299951fab8603d488540a300dd3d04643229bf98e5ee6103318af,2026-09-22T08:39:00+00:00,2026-09-22 13:39:00,50.6,1007.0,86
22.4,33.0,64.9,2046.0,594.0,92.4,11.5,5.2,1.3,448.0,269.0,7.7,9.4,152.8,35.1,23.35,False,4095,0.0,11.0,791.4,EXT-OPEN-METEO-KHI,KARACHI,OPENSOURCE_API_GRID,521,,,,0.95,True,True,TIER2_OPENSOURCE_PURE;CONTINUOUS_MINUTE_STREAM;VERIFIED_MODEL_GRID,69f2a4ef3a1ace9ef818b111809d560831bd084aa5e691fbf02bc1180de4d287,2026-09-22T08:40:00+00:00,2026-09-22 13:40:00,50.7,1007.0,86
22.4,33.0,65.2,2046.0,594.0,92.4,11.5,5.2,1.3,448.0,269.2,7.7,9.3,152.7,35.1,23.35,False,4095,0.0,11.3,789.5,EXT-OPEN-METEO-KHI,KARACHI,OPENSOURCE_API_GRID,522,,,,0.95,True,True,TIER2_OPENSOURCE_PURE;CONTINUOUS_MINUTE_STREAM;VERIFIED_MODEL_GRID,a6a1e9fb031fab577039a3c384cdb7171ff4321135aecad66cc3ac24b7bd5c4e,2026-09-22T08:41:00+00:00,2026-09-22 13:41:00,50.7,1007.0,86
22.5,33.1,65.4,2052.2,595.8,92.7,11.6,5.2,1.3,448.0,269.4,7.6,9.3,152.6,35.1,23.35,False,4095,0.0,11.5,787.6,EXT-OPEN-METEO-KHI,KARACHI,OPENSOURCE_API_GRID,523,,,,0.95,True,True,TIER2_OPENSOURCE_PURE;CONTINUOUS_MINUTE_STREAM;VERIFIED_MODEL_GRID,72a7f7b39165cded59eea3a00d5d5358640571853453f8ed1479691363a376d3,2026-09-22T08:42:00+00:00,2026-09-22 13:42:00,50.7,1007.0,86
22.6,33.2,65.6,2058.4,597.6,93.0,11.6,5.2,1.3,448.0,269.5,7.6,9.3,152.6,35.1,23.38,False,4095,0.0,11.8,785.8,EXT-OPEN-METEO-KHI,KARACHI,OPENSOURCE_API_GRID,524,,,,0.95,True,True,TIER2_OPENSOURCE_PURE;CONTINUOUS_MINUTE_STREAM;VERIFIED_MODEL_GRID,9daa4d320acc764ded8fb6ec11d07b517b66ddb5ef5d6005a974226cb95ab680,2026-09-22T08:43:00+00:00,2026-09-22 13:43:00,50.8,1006.9,86
22.6,33.2,65.9,2058.4,597.6,93.0,11.6,5.3,1.3,448.0,269.7,7.6,9.2,152.5,35.1,23.38,False,4095,0.0,12.0,784.1,EXT-OPEN-METEO-KHI,KARACHI,OPENSOURCE_API_GRID,525,,,,0.95,True,True,TIER2_OPENSOURCE_PURE;CONTINUOUS_MINUTE_STREAM;VERIFIED_MODEL_GRID,c433d286b1943de315a6ad08201a4e84614fe4604f5e324409de1012ea3733d3,2026-09-22T08:44:00+00:00,2026-09-22 13:44:00,50.8,1006.9,86
22.6,33.3,66.1,2064.6,599.4,93.2,11.7,5.3,1.3,448.0,269.8,7.6,9.2,152.4,35.1,23.42,False,4095,0.0,12.2,782.4,EXT-OPEN-METEO-KHI,KARACHI,OPENSOURCE_API_GRID,526,,,,0.95,True,True,TIER2_OPENSOURCE_PURE;CONTINUOUS_MINUTE_STREAM;VERIFIED_MODEL_GRID,c9d3dd0622a1ff6a39faec5db234b10451bb50282b6aaec4dfa59ca9a627a2c2,2026-09-22T08:45:00+00:00,2026-09-22 13:45:00,50.9,1006.9,86
22.7,33.4,66.3,2070.8,601.2,93.5,11.7,5.3,1.3,448.0,270.0,7.6,9.2,152.4,35.1,23.42,False,4095,0.0,12.5,780.8,EXT-OPEN-METEO-KHI,KARACHI,OPENSOURCE_API_GRID,527,,,,0.95,True,True,TIER2_OPENSOURCE_PURE;CONTINUOUS_MINUTE_STREAM;VERIFIED_MODEL_GRID,194dd503c1add2467df053e415bda95ab1664f306098138edfce2844ecd679bf,2026-09-22T08:46:00+00:00,2026-09-22 13:46:00,50.9,1006.9,86
22.6,33.3,66.4,2064.6,599.4,93.2,11.7,5.3,1.3,448.0,270.1,7.6,9.2,152.3,35.1,23.45,False,4095,0.0,12.7,779.4,EXT-OPEN-METEO-KHI,KARACHI,OPENSOURCE_API_GRID,528,,,,0.95,True,True,TIER2_OPENSOURCE_PURE;CONTINUOUS_MINUTE_STREAM;VERIFIED_MODEL_GRID,bebc2c4c70c8e09668a0e102ab8182c679ca62b82c88e2581be0d16e869b66ea,2026-09-22T08:47:00+00:00,2026-09-22 13:47:00,51.0,1006.9,86
22.7,33.4,66.6,2070.8,601.2,93.5,11.7,5.3,1.3,448.0,270.2,7.6,9.1,152.3,35.1,23.48,False,4095,0.0,12.9,778.0,EXT-OPEN-METEO-KHI,KARACHI,OPENSOURCE_API_GRID,529,,,,0.95,True,True,TIER2_OPENSOURCE_PURE;CONTINUOUS_MINUTE_STREAM;VERIFIED_MODEL_GRID,63988008e25e800767da26a5b612400cea97a9f1b1ff48b3cfe427024da45b6b,2026-09-22T08:48:00+00:00,2026-09-22 13:48:00,51.1,1006.9,86
22.8,33.5,66.7,2077.0,603.0,93.8,11.7,5.3,1.3,448.0,270.4,7.6,9.1,152.2,35.1,23.48,False,4095,0.0,13.0,776.7,EXT-OPEN-METEO-KHI,KARACHI,OPENSOURCE_API_GRID,530,,,,0.95,True,True,TIER2_OPENSOURCE_PURE;CONTINUOUS_MINUTE_STREAM;VERIFIED_MODEL_GRID,a18977bbf904fa72401a37a392faa23a8992b06fa28a80df7c6a3dd0116fa5f4,2026-09-22T08:49:00+00:00,2026-09-22 13:49:00,51.1,1006.9,86
22.8,33.5,66.9,2077.0,603.0,93.8,11.7,5.4,1.3,448.0,270.5,7.5,9.1,152.2,35.1,23.48,False,4095,0.0,13.2,775.5,EXT-OPEN-METEO-KHI,KARACHI,OPENSOURCE_API_GRID,531,,,,0.95,True,True,TIER2_OPENSOURCE_PURE;CONTINUOUS_MINUTE_STREAM;VERIFIED_MODEL_GRID,7e56987ca6ce32c5bf0a143acf4f36a17363db8fe45a2df7b43076ada1754a6b,2026-09-22T08:50:00+00:00,2026-09-22 13:50:00,51.1,1006.9,86
22.8,33.6,67.1,2083.2,604.8,94.1,11.8,5.4,1.3,448.0,270.6,7.5,9.1,152.2,35.2,23.57,False,4095,0.0,13.3,774.4,EXT-OPEN-METEO-KHI,KARACHI,OPENSOURCE_API_GRID,532,,,,0.95,True,True,TIER2_OPENSOURCE_PURE;CONTINUOUS_MINUTE_STREAM;VERIFIED_MODEL_GRID,758331916b1e10c8b799e5e1c5ad8e6fea27d9d5e2cb589b849dcff959300af9,2026-09-22T08:51:00+00:00,2026-09-22 13:51:00,51.1,1006.9,86
22.8,33.6,67.2,2083.2,604.8,94.1,11.8,5.4,1.3,448.0,270.7,7.5,9.1,152.1,35.2,23.57,False,4095,0.0,13.5,773.5,EXT-OPEN-METEO-KHI,KARACHI,OPENSOURCE_API_GRID,533,,,,0.95,True,True,TIER2_OPENSOURCE_PURE;CONTINUOUS_MINUTE_STREAM;VERIFIED_MODEL_GRID,5796f819cabf5ed23cdd1fd159ea95825da391e67af8c3af413035f9f5e2248c,2026-09-22T08:52:00+00:00,2026-09-22 13:52:00,51.1,1006.8,86
22.8,33.6,67.3,2083.2,604.8,94.1,11.8,5.4,1.3,448.0,270.7,7.5,9.0,152.1,35.2,23.54,False,4095,0.0,13.6,772.6,EXT-OPEN-METEO-KHI,KARACHI,OPENSOURCE_API_GRID,534,,,,0.95,True,True,TIER2_OPENSOURCE_PURE;CONTINUOUS_MINUTE_STREAM;VERIFIED_MODEL_GRID,2b19bc32cb05c4282f33efdd0a375523404432f841f242d66877643722d4ef2c,2026-09-22T08:53:00+00:00,2026-09-22 13:53:00,51.0,1006.8,86
22.9,33.7,67.4,2089.4,606.6,94.4,11.8,5.4,1.3,448.0,270.8,7.5,9.0,152.1,35.2,23.54,False,4095,0.0,13.7,771.8,EXT-OPEN-METEO-KHI,KARACHI,OPENSOURCE_API_GRID,535,,,,0.95,True,True,TIER2_OPENSOURCE_PURE;CONTINUOUS_MINUTE_STREAM;VERIFIED_MODEL_GRID,121bbe647b99cd8a65e14d584be1612edef8b07a5fd2806b9331fdc3bcf37dd8,2026-09-22T08:54:00+00:00,2026-09-22 13:54:00,51.0,1006.8,86
22.9,33.7,67.4,2089.4,606.6,94.4,11.8,5.4,1.3,448.0,270.9,7.5,9.0,152.1,35.2,23.54,False,4095,0.0,13.8,771.2,EXT-OPEN-METEO-KHI,KARACHI,OPENSOURCE_API_GRID,536,,,,0.95,True,True,TIER2_OPENSOURCE_PURE;CONTINUOUS_MINUTE_STREAM;VERIFIED_MODEL_GRID,5e4911f67a58b673b989a16dff249d409e1e1e3c376d24ed0e55a07055a7cf62,2026-09-22T08:55:00+00:00,2026-09-22 13:55:00,51.0,1006.8,86
22.9,33.7,67.5,2089.4,606.6,94.4,11.8,5.4,1.4,448.0,270.9,7.5,9.0,152.0,35.2,23.54,False,4095,0.0,13.9,770.6,EXT-OPEN-METEO-KHI,KARACHI,OPENSOURCE_API_GRID,537,,,,0.95,True,True,TIER2_OPENSOURCE_PURE;CONTINUOUS_MINUTE_STREAM;VERIFIED_MODEL_GRID,a877d7b0b72bb7579c842eb58ff07b2c2eb1a064761fa8f0753f5e2b6614d2f0,2026-09-22T08:56:00+00:00,2026-09-22 13:56:00,51.0,1006.8,86
22.8,33.6,67.5,2083.2,604.8,94.1,11.8,5.4,1.4,448.0,271.0,7.5,9.0,152.0,35.1,23.45,False,4095,0.0,13.9,770.2,EXT-OPEN-METEO-KHI,KARACHI,OPENSOURCE_API_GRID,538,,,,0.95,True,True,TIER2_OPENSOURCE_PURE;CONTINUOUS_MINUTE_STREAM;VERIFIED_MODEL_GRID,a3efbec9eec246f8bdaf7f89de36d913bae0d093f60bd79242d22c65d949a72e,2026-09-22T08:57:00+00:00,2026-09-22 13:57:00,51.0,1006.8,86
22.8,33.6,67.5,2083.2,604.8,94.1,11.8,5.4,1.4,448.0,271.0,7.5,9.0,152.0,35.1,23.45,False,4095,0.0,14.0,769.9,EXT-OPEN-METEO-KHI,KARACHI,OPENSOURCE_API_GRID,539,,,,0.95,True,True,TIER2_OPENSOURCE_PURE;CONTINUOUS_MINUTE_STREAM;VERIFIED_MODEL_GRID,2c5bcb12874da24513119115a1657bffacfe0a934a2f948bc637d7853b1eb124,2026-09-22T08:58:00+00:00,2026-09-22 13:58:00,51.0,1006.8,86
22.8,33.6,67.4,2083.2,604.8,94.1,11.8,5.4,1.3,448.0,271.0,7.5,9.0,152.0,35.1,23.42,False,4095,0.0,14.0,769.8,EXT-OPEN-METEO-KHI,KARACHI,OPENSOURCE_API_GRID,540,,,,0.95,True,True,TIER2_OPENSOURCE_PURE;CONTINUOUS_MINUTE_STREAM;VERIFIED_MODEL_GRID,1017748a4ffeaf93144a800d9e58584d10aa7e482883e62f33a98d5448eb1ed0,2026-09-22T08:59:00+00:00,2026-09-22 13:59:00,50.9,1006.8,86
22.8,33.6,67.4,2083.2,604.8,94.1,11.8,5.4,1.3,448.0,271.0,7.5,9.0,152.0,35.1,23.42,False,4095,0.0,14.0,769.7,EXT-OPEN-METEO-KHI,KARACHI,OPENSOURCE_API_GRID,541,,,,0.95,True,False,TIER2_OPENSOURCE_PURE;HOURLY_NODE;VERIFIED_MODEL_GRID,9e30c491563101f3b3d095faaedc3a6ba0483009b0d3d3dbd15126ea6ec0bae1,2026-09-22T09:00:00+00:00,2026-09-22 14:00:00,50.9,1006.8,87
22.8,33.5,67.3,2077.0,603.0,93.8,11.7,5.4,1.3,448.0,271.0,7.5,9.0,152.0,35.1,23.42,False,4095,0.0,14.0,769.6,EXT-OPEN-METEO-KHI,KARACHI,OPENSOURCE_API_GRID,542,,,,0.95,True,True,TIER2_OPENSOURCE_PURE;CONTINUOUS_MINUTE_STREAM;VERIFIED_MODEL_GRID,bd92a51eeb8612a1a1f814ea0128e485e0e1209b095a4abf74f774217c0ea213,2026-09-22T09:01:00+00:00,2026-09-22 14:01:00,50.9,1006.8,87
22.8,33.5,67.3,2077.0,603.0,93.8,11.7,5.4,1.3,448.0,271.1,7.5,9.0,152.0,35.1,23.42,False,4095,0.0,14.0,769.2,EXT-OPEN-METEO-KHI,KARACHI,OPENSOURCE_API_GRID,543,,,,0.95,True,True,TIER2_OPENSOURCE_PURE;CONTINUOUS_MINUTE_STREAM;VERIFIED_MODEL_GRID,2486ce82432b7652b495155f5fd30227acd08779b655890a27d711a796f58f5c,2026-09-22T09:02:00+00:00,2026-09-22 14:02:00,50.9,1006.8,87
22.7,33.4,67.2,2070.8,601.2,93.5,11.7,5.4,1.3,448.0,271.2,7.5,9.0,151.9,35.1,23.38,False,4095,0.0,13.9,768.7,EXT-OPEN-METEO-KHI,KARACHI,OPENSOURCE_API_GRID,544,,,,0.95,True,True,TIER2_OPENSOURCE_PURE;CONTINUOUS_MINUTE_STREAM;VERIFIED_MODEL_GRID,7d66a1919673baa91909f1582b7fc3b6d7164173e0c60b665b773a5cc1ca65a8,2026-09-22T09:03:00+00:00,2026-09-22 14:03:00,50.8,1006.8,87
22.7,33.4,67.2,2070.8,601.2,93.5,11.7,5.4,1.3,448.0,271.3,7.5,9.0,151.8,35.1,23.38,False,4095,0.0,13.9,767.9,EXT-OPEN-METEO-KHI,KARACHI,OPENSOURCE_API_GRID,545,,,,0.95,True,True,TIER2_OPENSOURCE_PURE;CONTINUOUS_MINUTE_STREAM;VERIFIED_MODEL_GRID,eeca5ec050eca49f692efa4864f1630fe79314827d1b80a4643b17e074865884,2026-09-22T09:04:00+00:00,2026-09-22 14:04:00,50.8,1006.8,87
22.7,33.4,67.2,2070.8,601.2,93.5,11.7,5.4,1.3,448.0,271.5,7.5,9.0,151.7,35.1,23.38,False,4095,0.0,13.8,766.9,EXT-OPEN-METEO-KHI,KARACHI,OPENSOURCE_API_GRID,546,,,,0.95,True,True,TIER2_OPENSOURCE_PURE;CONTINUOUS_MINUTE_STREAM;VERIFIED_MODEL_GRID,dcde8fb889e4212c7730632106ed2970e9c88cd7423419134e7d08f1cf008b66,2026-09-22T09:05:00+00:00,2026-09-22 14:05:00,50.8,1006.8,87
22.7,33.4,67.3,2070.8,601.2,93.5,11.7,5.4,1.3,448.0,271.8,7.5,9.0,151.6,35.1,23.38,False,4095,0.0,13.7,765.6,EXT-OPEN-METEO-KHI,KARACHI,OPENSOURCE_API_GRID,547,,,,0.95,True,True,TIER2_OPENSOURCE_PURE;CONTINUOUS_MINUTE_STREAM;VERIFIED_MODEL_GRID,23bb605446381353dc0294e360ba52b54161d62237efb19c74f4151a836c66e0,2026-09-22T09:06:00+00:00,2026-09-22 14:06:00,50.8,1006.8,87
22.7,33.4,67.3,2070.8,601.2,93.5,11.7,5.4,1.3,448.0,272.0,7.5,9.0,151.5,35.1,23.35,False,4095,0.0,13.6,764.2,EXT-OPEN-METEO-KHI,KARACHI,OPENSOURCE_API_GRID,548,,,,0.95,True,True,TIER2_OPENSOURCE_PURE;CONTINUOUS_MINUTE_STREAM;VERIFIED_MODEL_GRID,560a434aadce3f422174ea0e6ecf54be5851cbae2a35bf04e703df2f1ed192c6,2026-09-22T09:07:00+00:00,2026-09-22 14:07:00,50.7,1006.8,87
22.7,33.4,67.4,2070.8,601.2,93.5,11.7,5.4,1.3,448.0,272.3,7.6,9.0,151.4,35.1,23.35,False,4095,0.0,13.5,762.5,EXT-OPEN-METEO-KHI,KARACHI,OPENSOURCE_API_GRID,549,,,,0.95,True,True,TIER2_OPENSOURCE_PURE;CONTINUOUS_MINUTE_STREAM;VERIFIED_MODEL_GRID,d231425523bf93e3e47a75ffb70a64aebaa02d0c5eac902f22edcc29354e6a5c,2026-09-22T09:08:00+00:00,2026-09-22 14:08:00,50.7,1006.8,87
22.7,33.4,67.5,2070.8,601.2,93.5,11.7,5.4,1.4,448.0,272.7,7.6,9.0,151.2,35.0,23.26,False,4095,0.0,13.3,760.7,EXT-OPEN-METEO-KHI,KARACHI,OPENSOURCE_API_GRID,550,,,,0.95,True,True,TIER2_OPENSOURCE_PURE;CONTINUOUS_MINUTE_STREAM;VERIFIED_MODEL_GRID,467dd1250ae42f12f1c90c2f601fd5047b11a2033117dbdc7035490b02ada1d2,2026-09-22T09:09:00+00:00,2026-09-22 14:09:00,50.7,1006.8,87
22.7,33.4,67.7,2070.8,601.2,93.5,11.7,5.4,1.4,448.0,273.1,7.6,9.0,151.0,35.0,23.23,False,4095,0.0,13.2,758.6,EXT-OPEN-METEO-KHI,KARACHI,OPENSOURCE_API_GRID,551,,,,0.95,True,True,TIER2_OPENSOURCE_PURE;CONTINUOUS_MINUTE_STREAM;VERIFIED_MODEL_GRID,95b7c93c8f6a13ef3dbecbd4aba883191c8d82aba58af01d25ac71a62e7e0ec2,2026-09-22T09:10:00+00:00,2026-09-22 14:10:00,50.6,1006.8,87
22.8,33.5,67.8,2077.0,603.0,93.8,11.7,5.4,1.4,448.0,273.5,7.6,9.0,150.8,35.0,23.23,False,4095,0.0,13.0,756.3,EXT-OPEN-METEO-KHI,KARACHI,OPENSOURCE_API_GRID,552,,,,0.95,True,True,TIER2_OPENSOURCE_PURE;CONTINUOUS_MINUTE_STREAM;VERIFIED_MODEL_GRID,e53328a844cbb2a75cb404f02b11364c0efebd30172d40b97718e6b4844846eb,2026-09-22T09:11:00+00:00,2026-09-22 14:11:00,50.6,1006.7,87
22.8,33.5,68.0,2077.0,603.0,93.8,11.7,5.4,1.4,448.0,274.0,7.6,8.9,150.6,35.0,23.19,False,4095,0.0,12.9,753.9,EXT-OPEN-METEO-KHI,KARACHI,OPENSOURCE_API_GRID,553,,,,0.95,True,True,TIER2_OPENSOURCE_PURE;CONTINUOUS_MINUTE_STREAM;VERIFIED_MODEL_GRID,dd6a8596d5f420b3451a344c32f5886315b3e2d59c431afb6bb3fb5d1827b651,2026-09-22T09:12:00+00:00,2026-09-22 14:12:00,50.5,1006.7,87
22.8,33.6,68.2,2083.2,604.8,94.1,11.8,5.5,1.4,448.0,274.5,7.7,8.9,150.3,35.0,23.19,False,4095,0.0,12.7,751.2,EXT-OPEN-METEO-KHI,KARACHI,OPENSOURCE_API_GRID,554,,,,0.95,True,True,TIER2_OPENSOURCE_PURE;CONTINUOUS_MINUTE_STREAM;VERIFIED_MODEL_GRID,8aeffa3ec2f7c12e3025bdff990a94e7d9c44fc0d0f11c6f621360146c8da698,2026-09-22T09:13:00+00:00,2026-09-22 14:13:00,50.5,1006.7,87
22.8,33.6,68.4,2083.2,604.8,94.1,11.8,5.5,1.4,448.0,275.0,7.7,8.9,150.1,35.0,23.19,False,4095,0.0,12.5,748.4,EXT-OPEN-METEO-KHI,KARACHI,OPENSOURCE_API_GRID,555,,,,0.95,True,True,TIER2_OPENSOURCE_PURE;CONTINUOUS_MINUTE_STREAM;VERIFIED_MODEL_GRID,9ff55c257467eba8ab1a89edd407ff7d3533da69c4b1cf90086af80fc19049a1,2026-09-22T09:14:00+00:00,2026-09-22 14:14:00,50.5,1006.7,87
22.9,33.7,68.7,2089.4,606.6,94.4,11.8,5.5,1.4,448.0,275.5,7.7,8.9,149.8,35.1,23.25,False,4095,0.0,12.2,745.4,EXT-OPEN-METEO-KHI,KARACHI,OPENSOURCE_API_GRID,556,,,,0.95,True,True,TIER2_OPENSOURCE_PURE;CONTINUOUS_MINUTE_STREAM;VERIFIED_MODEL_GRID,910d0d8bafa44313fc2a1057ea20db0cf2e6f855c865bb574f54b253d8387671,2026-09-22T09:15:00+00:00,2026-09-22 14:15:00,50.4,1006.7,87
23.0,33.8,68.9,2095.6,608.4,94.6,11.8,5.5,1.4,448.0,276.1,7.7,8.9,149.5,35.1,23.25,False,4095,0.0,12.0,742.3,EXT-OPEN-METEO-KHI,KARACHI,OPENSOURCE_API_GRID,557,,,,0.95,True,True,TIER2_OPENSOURCE_PURE;CONTINUOUS_MINUTE_STREAM;VERIFIED_MODEL_GRID,5778ff8bae924c0cc9442ef525ea6190f2f535838ecc92b346b6c399b63d2cca,2026-09-22T09:16:00+00:00,2026-09-22 14:16:00,50.4,1006.7,87
23.0,33.8,69.2,2095.6,608.4,94.6,11.8,5.5,1.4,448.0,276.7,7.8,8.9,149.2,35.1,23.22,False,4095,0.0,11.8,739.0,EXT-OPEN-METEO-KHI,KARACHI,OPENSOURCE_API_GRID,558,,,,0.95,True,True,TIER2_OPENSOURCE_PURE;CONTINUOUS_MINUTE_STREAM;VERIFIED_MODEL_GRID,b9f97cd1e965a24e9ef1e7d472fe8587c11c53585e6f1865affa6a4e62b45e12,2026-09-22T09:17:00+00:00,2026-09-22 14:17:00,50.3,1006.6,87
23.0,33.8,69.3,2095.6,608.4,94.6,11.8,5.5,1.4,448.0,277.4,7.8,8.9,148.9,35.1,23.22,False,4095,0.0,11.5,735.5,EXT-OPEN-METEO-KHI,KARACHI,OPENSOURCE_API_GRID,559,,,,0.95,True,True,TIER2_OPENSOURCE_PURE;CONTINUOUS_MINUTE_STREAM;VERIFIED_MODEL_GRID,1b171f091c04ca31ebc4682f9ba7fe94ef6e75690f7784440417dab97c264051,2026-09-22T09:18:00+00:00,2026-09-22 14:18:00,50.3,1006.6,87
23.1,33.9,69.5,2101.8,610.2,94.9,11.9,5.6,1.4,448.0,278.1,7.8,8.9,148.6,35.1,23.19,False,4095,0.0,11.3,731.9,EXT-OPEN-METEO-KHI,KARACHI,OPENSOURCE_API_GRID,560,,,,0.95,True,True,TIER2_OPENSOURCE_PURE;CONTINUOUS_MINUTE_STREAM;VERIFIED_MODEL_GRID,073229397a34f9ba14bbdcbaafaeaa32bbfe96905c3e000804759990881722e0,2026-09-22T09:19:00+00:00,2026-09-22 14:19:00,50.2,1006.6,87
23.1,33.9,69.8,2101.8,610.2,94.9,11.9,5.6,1.4,448.0,278.8,7.8,8.8,148.2,35.1,23.15,False,4095,0.0,11.0,728.2,EXT-OPEN-METEO-KHI,KARACHI,OPENSOURCE_API_GRID,561,,,,0.95,True,True,TIER2_OPENSOURCE_PURE;CONTINUOUS_MINUTE_STREAM;VERIFIED_MODEL_GRID,40ebe1aac78a681f49326fe43b60f847399efedc5e96a43f3d2fff9a5d446433,2026-09-22T09:20:00+00:00,2026-09-22 14:20:00,50.1,1006.6,87
23.1,34.0,70.1,2108.0,612.0,95.2,11.9,5.6,1.4,448.0,279.5,7.9,8.8,147.9,35.1,23.12,False,4095,0.0,10.7,724.4,EXT-OPEN-METEO-KHI,KARACHI,OPENSOURCE_API_GRID,562,,,,0.95,True,True,TIER2_OPENSOURCE_PURE;CONTINUOUS_MINUTE_STREAM;VERIFIED_MODEL_GRID,e26941569792da3f12c2e1071739b8608f960d2fbc1a7f3818c497c1c565092b,2026-09-22T09:21:00+00:00,2026-09-22 14:21:00,50.0,1006.6,87
23.2,34.1,70.4,2114.2,613.8,95.5,11.9,5.6,1.4,448.0,280.2,7.9,8.8,147.6,35.1,23.09,False,4095,0.0,10.4,720.5,EXT-OPEN-METEO-KHI,KARACHI,OPENSOURCE_API_GRID,563,,,,0.95,True,True,TIER2_OPENSOURCE_PURE;CONTINUOUS_MINUTE_STREAM;VERIFIED_MODEL_GRID,8e4aa6b891d7fa9462886d52703722a7e238911d1ff3b8102cc21ec07f8eb0ea,2026-09-22T09:22:00+00:00,2026-09-22 14:22:00,49.9,1006.6,87
23.2,34.1,70.6,2114.2,613.8,95.5,11.9,5.6,1.4,448.0,280.9,7.9,8.8,147.2,35.1,23.05,False,4095,0.0,10.2,716.5,EXT-OPEN-METEO-KHI,KARACHI,OPENSOURCE_API_GRID,564,,,,0.95,True,True,TIER2_OPENSOURCE_PURE;CONTINUOUS_MINUTE_STREAM;VERIFIED_MODEL_GRID,5c4e5488bb3c9afdb0a84ae786362af9801ab06a296bd9cda3af12390fde0d78,2026-09-22T09:23:00+00:00,2026-09-22 14:23:00,49.8,1006.6,87
23.3,34.2,70.9,2120.4,615.6,95.8,12.0,5.7,1.4,448.0,281.7,8.0,8.8,146.8,35.1,23.02,False,4095,0.0,9.9,712.4,EXT-OPEN-METEO-KHI,KARACHI,OPENSOURCE_API_GRID,565,,,,0.95,True,True,TIER2_OPENSOURCE_PURE;CONTINUOUS_MINUTE_STREAM;VERIFIED_MODEL_GRID,1e6cb2fe53f7da146acd71971150d64a684f232c8df82233c758588d2e59e442,2026-09-22T09:24:00+00:00,2026-09-22 14:24:00,49.7,1006.5,87
23.3,34.2,71.1,2120.4,615.6,95.8,12.0,5.7,1.4,448.0,282.5,8.0,8.8,146.4,35.1,22.99,False,4095,0.0,9.6,708.2,EXT-OPEN-METEO-KHI,KARACHI,OPENSOURCE_API_GRID,566,,,,0.95,True,True,TIER2_OPENSOURCE_PURE;CONTINUOUS_MINUTE_STREAM;VERIFIED_MODEL_GRID,7d14c4a0143bf6f2ef54cb541194c03f60d985263a78ed05a3b149636cc11c91,2026-09-22T09:25:00+00:00,2026-09-22 14:25:00,49.6,1006.5,87
23.3,34.3,71.4,2126.6,617.4,96.0,12.0,5.7,1.4,448.0,283.3,8.1,8.8,146.1,35.1,22.95,False,4095,0.0,9.2,704.0,EXT-OPEN-METEO-KHI,KARACHI,OPENSOURCE_API_GRID,567,,,,0.95,True,True,TIER2_OPENSOURCE_PURE;CONTINUOUS_MINUTE_STREAM;VERIFIED_MODEL_GRID,a5ba4bab0651fcb5465efec19cce7e0eb3ad23a7f5b5c6678775f93a3e2c0187,2026-09-22T09:26:00+00:00,2026-09-22 14:26:00,49.5,1006.5,87
23.3,34.3,71.6,2126.6,617.4,96.0,12.0,5.7,1.4,448.0,284.1,8.1,8.7,145.7,35.1,22.89,False,4095,0.0,8.9,699.7,EXT-OPEN-METEO-KHI,KARACHI,OPENSOURCE_API_GRID,568,,,,0.95,True,True,TIER2_OPENSOURCE_PURE;CONTINUOUS_MINUTE_STREAM;VERIFIED_MODEL_GRID,3cef82fa447cec1c3dfa4e1bf0f6e05e8d87eafced69d266467a63c500b4a17c,2026-09-22T09:27:00+00:00,2026-09-22 14:27:00,49.3,1006.5,87
23.3,34.3,71.8,2126.6,617.4,96.0,12.0,5.7,1.4,448.0,284.9,8.1,8.7,145.3,35.1,22.85,False,4095,0.0,8.6,695.4,EXT-OPEN-METEO-KHI,KARACHI,OPENSOURCE_API_GRID,569,,,,0.95,True,True,TIER2_OPENSOURCE_PURE;CONTINUOUS_MINUTE_STREAM;VERIFIED_MODEL_GRID,3e8c9417a5a1feb6af06f0a1facde0b52abdc87c1381cb488d5e2eb30f00277a,2026-09-22T09:28:00+00:00,2026-09-22 14:28:00,49.2,1006.5,87
23.3,34.3,72.0,2126.6,617.4,96.0,12.0,5.8,1.4,448.0,285.7,8.2,8.7,144.9,35.1,22.82,False,4095,0.0,8.3,691.1,EXT-OPEN-METEO-KHI,KARACHI,OPENSOURCE_API_GRID,570,,,,0.95,True,True,TIER2_OPENSOURCE_PURE;CONTINUOUS_MINUTE_STREAM;VERIFIED_MODEL_GRID,ba4ea8fab270ce24102abad1a814adc4d91a7b28a5faf1e7f4a7f0b795ebfe45,2026-09-22T09:29:00+00:00,2026-09-22 14:29:00,49.1,1006.4,87
23.3,34.3,72.2,2126.6,617.4,96.0,12.0,5.8,1.4,448.0,286.5,8.2,8.7,144.5,35.1,22.75,False,4095,0.0,8.0,686.8,EXT-OPEN-METEO-KHI,KARACHI,OPENSOURCE_API_GRID,571,,,,0.95,True,True,TIER2_OPENSOURCE_PURE;CONTINUOUS_MINUTE_STREAM;VERIFIED_MODEL_GRID,34e61ea2fbc9d813abcf86cedbec007e63ffcbfb8a563ab143c66d6786a73df6,2026-09-22T09:30:00+00:00,2026-09-22 14:30:00,48.9,1006.4,87
23.3,34.3,72.4,2126.6,617.4,96.0,12.0,5.8,1.4,448.0,287.3,8.2,8.7,144.1,35.1,22.72,False,4095,0.0,7.7,682.4,EXT-OPEN-METEO-KHI,KARACHI,OPENSOURCE_API_GRID,572,,,,0.95,True,True,TIER2_OPENSOURCE_PURE;CONTINUOUS_MINUTE_STREAM;VERIFIED_MODEL_GRID,843ffb3551a9c8cb4e22c25dbc9380aa7c2047b32520d7e9179ee8b5fd52da33,2026-09-22T09:31:00+00:00,2026-09-22 14:31:00,48.8,1006.4,87
23.3,34.3,72.6,2126.6,617.4,96.0,12.0,5.8,1.5,448.0,288.1,8.3,8.7,143.7,35.1,22.69,False,4095,0.0,7.4,678.1,EXT-OPEN-METEO-KHI,KARACHI,OPENSOURCE_API_GRID,573,,,,0.95,True,True,TIER2_OPENSOURCE_PURE;CONTINUOUS_MINUTE_STREAM;VERIFIED_MODEL_GRID,749ce690c1ea542ff4796a6c5429a2c908bc5f8cedd33d0bde94743d3fa8c857,2026-09-22T09:32:00+00:00,2026-09-22 14:32:00,48.7,1006.4,87
23.3,34.3,72.7,2126.6,617.4,96.0,12.0,5.8,1.5,448.0,288.9,8.3,8.7,143.3,35.0,22.56,False,4095,0.0,7.1,673.8,EXT-OPEN-METEO-KHI,KARACHI,OPENSOURCE_API_GRID,574,,,,0.95,True,True,TIER2_OPENSOURCE_PURE;CONTINUOUS_MINUTE_STREAM;VERIFIED_MODEL_GRID,b96dd339060c2d8eda27f2d84d8cb69320f9f2b79ef1b3d7837529bd23031ee8,2026-09-22T09:33:00+00:00,2026-09-22 14:33:00,48.6,1006.4,87
23.3,34.3,72.9,2126.6,617.4,96.0,12.0,5.8,1.5,448.0,289.7,8.3,8.6,142.9,35.0,22.53,False,4095,0.0,6.8,669.5,EXT-OPEN-METEO-KHI,KARACHI,OPENSOURCE_API_GRID,575,,,,0.95,True,True,TIER2_OPENSOURCE_PURE;CONTINUOUS_MINUTE_STREAM;VERIFIED_MODEL_GRID,c41bc62bb4ee83739c42cc88e41d5452548652954e086258a95aad15b050f30e,2026-09-22T09:34:00+00:00,2026-09-22 14:34:00,48.5,1006.3,87
23.3,34.3,73.1,2126.6,617.4,96.0,12.0,5.8,1.5,448.0,290.5,8.4,8.6,142.6,35.0,22.46,False,4095,0.0,6.4,665.3,EXT-OPEN-METEO-KHI,KARACHI,OPENSOURCE_API_GRID,576,,,,0.95,True,True,TIER2_OPENSOURCE_PURE;CONTINUOUS_MINUTE_STREAM;VERIFIED_MODEL_GRID,1e18ff92901b83fcd8021c3ce89d5feebf5a317ca204b9d46ca672849056c245,2026-09-22T09:35:00+00:00,2026-09-22 14:35:00,48.3,1006.3,87
23.3,34.3,73.3,2126.6,617.4,96.0,12.0,5.9,1.5,448.0,291.3,8.4,8.6,142.2,35.0,22.42,False,4095,0.0,6.1,661.1,EXT-OPEN-METEO-KHI,KARACHI,OPENSOURCE_API_GRID,577,,,,0.95,True,True,TIER2_OPENSOURCE_PURE;CONTINUOUS_MINUTE_STREAM;VERIFIED_MODEL_GRID,47ae8008b845b12fc9c7a6c59ab2285cc3b2c22bb3eeeb435044ad60c6392398,2026-09-22T09:36:00+00:00,2026-09-22 14:36:00,48.2,1006.3,87
23.3,34.3,73.5,2126.6,617.4,96.0,12.0,5.9,1.5,448.0,292.1,8.5,8.6,141.8,35.0,22.39,False,4095,0.0,5.8,657.0,EXT-OPEN-METEO-KHI,KARACHI,OPENSOURCE_API_GRID,578,,,,0.95,True,True,TIER2_OPENSOURCE_PURE;CONTINUOUS_MINUTE_STREAM;VERIFIED_MODEL_GRID,d45af7c0f9d2627371a513774aba365d08bb765aca7c162154155d3cf60a355c,2026-09-22T09:37:00+00:00,2026-09-22 14:37:00,48.1,1006.3,87
23.3,34.3,73.7,2126.6,617.4,96.0,12.0,5.9,1.5,448.0,292.8,8.5,8.6,141.4,35.0,22.36,False,4095,0.0,5.6,653.0,EXT-OPEN-METEO-KHI,KARACHI,OPENSOURCE_API_GRID,579,,,,0.95,True,True,TIER2_OPENSOURCE_PURE;CONTINUOUS_MINUTE_STREAM;VERIFIED_MODEL_GRID,71f1cd8ffb82197cf11dc72d47295c1500fae90b9593d678a7c69bcc3d776ab0,2026-09-22T09:38:00+00:00,2026-09-22 14:38:00,48.0,1006.2,87
23.3,34.3,73.9,2126.6,617.4,96.0,12.0,5.9,1.5,448.0,293.5,8.5,8.6,141.1,35.0,22.36,False,4095,0.0,5.3,649.1,EXT-OPEN-METEO-KHI,KARACHI,OPENSOURCE_API_GRID,580,,,,0.95,True,True,TIER2_OPENSOURCE_PURE;CONTINUOUS_MINUTE_STREAM;VERIFIED_MODEL_GRID,56e6fc1cc14fc35640c6bb5af0404ab08d46e0f0fae91ba64d0c02fee7204b95,2026-09-22T09:39:00+00:00,2026-09-22 14:39:00,48.0,1006.2,87
23.4,34.4,74.1,2132.8,619.2,96.3,12.0,5.9,1.5,448.0,294.2,8.6,8.6,140.8,35.0,22.32,False,4095,0.0,5.0,645.3,EXT-OPEN-METEO-KHI,KARACHI,OPENSOURCE_API_GRID,581,,,,0.95,True,True,TIER2_OPENSOURCE_PURE;CONTINUOUS_MINUTE_STREAM;VERIFIED_MODEL_GRID,71dadf845cb5f6ac0891d1cc57262256840736bc4e5679a7dfb51d2e3098d868,2026-09-22T09:40:00+00:00,2026-09-22 14:40:00,47.9,1006.2,87
23.4,34.4,74.4,2132.8,619.2,96.3,12.0,6.0,1.5,448.0,294.9,8.6,8.5,140.4,35.0,22.29,False,4095,0.0,4.7,641.6,EXT-OPEN-METEO-KHI,KARACHI,OPENSOURCE_API_GRID,582,,,,0.95,True,True,TIER2_OPENSOURCE_PURE;CONTINUOUS_MINUTE_STREAM;VERIFIED_MODEL_GRID,43d5846d22627b8f5af7e5aa530348bd98ffdfb84548f216beff2fec12fac649,2026-09-22T09:41:00+00:00,2026-09-22 14:41:00,47.8,1006.2,87
23.4,34.4,74.6,2132.8,619.2,96.3,12.0,6.0,1.5,448.0,295.6,8.6,8.5,140.1,35.0,22.25,False,4095,0.0,4.5,638.0,EXT-OPEN-METEO-KHI,KARACHI,OPENSOURCE_API_GRID,583,,,,0.95,True,True,TIER2_OPENSOURCE_PURE;CONTINUOUS_MINUTE_STREAM;VERIFIED_MODEL_GRID,25f60a0a5e4cfe9d788882a96ecf24df66e741b9effb4a18d9f4313ed063b3da,2026-09-22T09:42:00+00:00,2026-09-22 14:42:00,47.7,1006.2,87
23.5,34.5,74.8,2139.0,621.0,96.6,12.1,6.0,1.5,448.0,296.3,8.6,8.5,139.8,35.0,22.25,False,4095,0.0,4.2,634.5,EXT-OPEN-METEO-KHI,KARACHI,OPENSOURCE_API_GRID,584,,,,0.95,True,True,TIER2_OPENSOURCE_PURE;CONTINUOUS_MINUTE_STREAM;VERIFIED_MODEL_GRID,e47f6a7d15665fe730d5f3a8ab48b8c5642f993f223b1862d0a245c7283baf93,2026-09-22T09:43:00+00:00,2026-09-22 14:43:00,47.7,1006.1,87
23.5,34.6,75.1,2145.2,622.8,96.9,12.1,6.0,1.5,448.0,296.9,8.7,8.5,139.5,35.0,22.22,False,4095,0.0,4.0,631.2,EXT-OPEN-METEO-KHI,KARACHI,OPENSOURCE_API_GRID,585,,,,0.95,True,True,TIER2_OPENSOURCE_PURE;CONTINUOUS_MINUTE_STREAM;VERIFIED_MODEL_GRID,43b56d718980b1b6c2dbcb443d5f9f1cc30d8e8f51870433ceb7ebf0e94f78a3,2026-09-22T09:44:00+00:00,2026-09-22 14:44:00,47.6,1006.1,87
23.5,34.6,75.3,2145.2,622.8,96.9,12.1,6.0,1.5,448.0,297.5,8.7,8.5,139.2,35.0,22.22,False,4095,0.0,3.8,628.1,EXT-OPEN-METEO-KHI,KARACHI,OPENSOURCE_API_GRID,586,,,,0.95,True,True,TIER2_OPENSOURCE_PURE;CONTINUOUS_MINUTE_STREAM;VERIFIED_MODEL_GRID,16c0ff59ce256aa1f88dce101bc3cc70cbbe9e405d2b51b94705e9ba086c16a2,2026-09-22T09:45:00+00:00,2026-09-22 14:45:00,47.6,1006.1,87
23.6,34.7,75.6,2151.4,624.6,97.2,12.1,6.0,1.5,448.0,298.0,8.7,8.5,138.9,35.0,22.18,False,4095,0.0,3.5,625.1,EXT-OPEN-METEO-KHI,KARACHI,OPENSOURCE_API_GRID,587,,,,0.95,True,True,TIER2_OPENSOURCE_PURE;CONTINUOUS_MINUTE_STREAM;VERIFIED_MODEL_GRID,49381eb70e65cd62376bf76b23e5ea1e25ddf8d24f28b3b6563880c5366d8d34,2026-09-22T09:46:00+00:00,2026-09-22 14:46:00,47.5,1006.1,87
23.7,34.8,75.8,2157.6,626.4,97.4,12.2,6.1,1.5,448.0,298.5,8.7,8.5,138.7,35.0,22.18,False,4095,0.0,3.3,622.3,EXT-OPEN-METEO-KHI,KARACHI,OPENSOURCE_API_GRID,588,,,,0.95,True,True,TIER2_OPENSOURCE_PURE;CONTINUOUS_MINUTE_STREAM;VERIFIED_MODEL_GRID,1ad9d795a8cd58158d65b0cea8f397d3367709718fc1257ffef2497ecc32b098,2026-09-22T09:47:00+00:00,2026-09-22 14:47:00,47.5,1006.1,87
23.7,34.8,76.0,2157.6,626.4,97.4,12.2,6.1,1.5,448.0,299.0,8.8,8.5,138.4,35.0,22.15,False,4095,0.0,3.1,619.6,EXT-OPEN-METEO-KHI,KARACHI,OPENSOURCE_API_GRID,589,,,,0.95,True,True,TIER2_OPENSOURCE_PURE;CONTINUOUS_MINUTE_STREAM;VERIFIED_MODEL_GRID,13d555f4d1036511731f3a4f23d4f44b4a527fd182c3b7cbf927de65ff27285c,2026-09-22T09:48:00+00:00,2026-09-22 14:48:00,47.4,1006.1,87
23.7,34.8,76.0,2157.6,626.4,97.4,12.2,6.1,1.5,448.0,299.5,8.8,8.4,138.2,35.0,22.18,False,4095,0.0,3.0,617.2,EXT-OPEN-METEO-KHI,KARACHI,OPENSOURCE_API_GRID,590,,,,0.95,True,True,TIER2_OPENSOURCE_PURE;CONTINUOUS_MINUTE_STREAM;VERIFIED_MODEL_GRID,ad6625ef695b19789915d999b62a3945c8c15b1cc2ff5c8400ddbba055383786,2026-09-22T09:49:00+00:00,2026-09-22 14:49:00,47.5,1006.1,87
23.7,34.9,76.2,2163.8,628.2,97.7,12.2,6.1,1.5,448.0,299.9,8.8,8.4,138.0,35.0,22.15,False,4095,0.0,2.8,614.9,EXT-OPEN-METEO-KHI,KARACHI,OPENSOURCE_API_GRID,591,,,,0.95,True,True,TIER2_OPENSOURCE_PURE;CONTINUOUS_MINUTE_STREAM;VERIFIED_MODEL_GRID,15edb16f290f83d39dfc94e9f72107edd719a33814f8a83a3b12e64a77d5dda9,2026-09-22T09:50:00+00:00,2026-09-22 14:50:00,47.4,1006.1,87
23.7,34.9,76.4,2163.8,628.2,97.7,12.2,6.1,1.5,448.0,300.3,8.8,8.4,137.8,35.0,22.15,False,4095,0.0,2.7,612.8,EXT-OPEN-METEO-KHI,KARACHI,OPENSOURCE_API_GRID,592,,,,0.95,True,True,TIER2_OPENSOURCE_PURE;CONTINUOUS_MINUTE_STREAM;VERIFIED_MODEL_GRID,148f407497b563a47c1e3d47281534ea14591531159449a57e391fce30a628dd,2026-09-22T09:51:00+00:00,2026-09-22 14:51:00,47.4,1006.0,87
23.8,35.0,76.6,2170.0,630.0,98.0,12.2,6.1,1.5,448.0,300.7,8.8,8.4,137.6,35.0,22.11,False,4095,0.0,2.5,611.0,EXT-OPEN-METEO-KHI,KARACHI,OPENSOURCE_API_GRID,593,,,,0.95,True,True,TIER2_OPENSOURCE_PURE;CONTINUOUS_MINUTE_STREAM;VERIFIED_MODEL_GRID,a9a77f43b87fe68be8ba17460bf3112d906759c215081028b4dbb52a1c680d3c,2026-09-22T09:52:00+00:00,2026-09-22 14:52:00,47.3,1006.0,87
23.8,35.0,76.7,2170.0,630.0,98.0,12.2,6.1,1.5,448.0,301.0,8.9,8.4,137.5,35.0,22.11,False,4095,0.0,2.4,609.3,EXT-OPEN-METEO-KHI,KARACHI,OPENSOURCE_API_GRID,594,,,,0.95,True,True,TIER2_OPENSOURCE_PURE;CONTINUOUS_MINUTE_STREAM;VERIFIED_MODEL_GRID,5de0cd32eddd8edeac1ce230fa0a2e24a4c78acd7a5aee458273413209de45c2,2026-09-22T09:53:00+00:00,2026-09-22 14:53:00,47.3,1006.0,87
23.8,35.0,76.8,2170.0,630.0,98.0,12.2,6.1,1.5,448.0,301.2,8.9,8.4,137.4,35.0,22.08,False,4095,0.0,2.3,607.9,EXT-OPEN-METEO-KHI,KARACHI,OPENSOURCE_API_GRID,595,,,,0.95,True,True,TIER2_OPENSOURCE_PURE;CONTINUOUS_MINUTE_STREAM;VERIFIED_MODEL_GRID,1c74beb666345f4683d2d145b39aafeab5cdc200b6c0bc1b8923a4c96b08d223,2026-09-22T09:54:00+00:00,2026-09-22 14:54:00,47.2,1006.0,87
23.9,35.1,76.9,2176.2,631.8,98.3,12.3,6.2,1.5,448.0,301.5,8.9,8.4,137.3,35.0,22.05,False,4095,0.0,2.2,606.6,EXT-OPEN-METEO-KHI,KARACHI,OPENSOURCE_API_GRID,596,,,,0.95,True,True,TIER2_OPENSOURCE_PURE;CONTINUOUS_MINUTE_STREAM;VERIFIED_MODEL_GRID,c8223f1221e2a405ab852d066b5661ba1d73efaece9815b8ff9320fd6ca1989a,2026-09-22T09:55:00+00:00,2026-09-22 14:55:00,47.1,1006.0,87
23.9,35.1,77.0,2176.2,631.8,98.3,12.3,6.2,1.5,448.0,301.7,8.9,8.4,137.2,35.1,22.14,False,4095,0.0,2.1,605.6,EXT-OPEN-METEO-KHI,KARACHI,OPENSOURCE_API_GRID,597,,,,0.95,True,True,TIER2_OPENSOURCE_PURE;CONTINUOUS_MINUTE_STREAM;VERIFIED_MODEL_GRID,bfa8fe091a9b0af7837c3ebdc26a7af26950f54044e41d67ade3e6901d5fea4f,2026-09-22T09:56:00+00:00,2026-09-22 14:56:00,47.1,1006.0,87
23.9,35.1,77.0,2176.2,631.8,98.3,12.3,6.2,1.5,448.0,301.8,8.9,8.4,137.1,35.1,22.14,False,4095,0.0,2.1,604.8,EXT-OPEN-METEO-KHI,KARACHI,OPENSOURCE_API_GRID,598,,,,0.95,True,True,TIER2_OPENSOURCE_PURE;CONTINUOUS_MINUTE_STREAM;VERIFIED_MODEL_GRID,099a0217af157ad5506616c54237e6773e346a081645a6677bcb55872164e9df,2026-09-22T09:57:00+00:00,2026-09-22 14:57:00,47.1,1006.0,87
23.9,35.1,77.0,2176.2,631.8,98.3,12.3,6.2,1.5,448.0,301.9,8.9,8.4,137.0,35.0,22.01,False,4095,0.0,2.0,604.3,EXT-OPEN-METEO-KHI,KARACHI,OPENSOURCE_API_GRID,599,,,,0.95,True,True,TIER2_OPENSOURCE_PURE;CONTINUOUS_MINUTE_STREAM;VERIFIED_MODEL_GRID,9d505d2f86c40c84a970ad76e2dea06e94042ad859cf34c07c8151350b56a161,2026-09-22T09:58:00+00:00,2026-09-22 14:58:00,47.0,1006.0,87
23.9,35.1,77.0,2176.2,631.8,98.3,12.3,6.2,1.5,448.0,302.0,8.9,8.4,137.0,35.0,22.01,False,4095,0.0,2.0,603.9,EXT-OPEN-METEO-KHI,KARACHI,OPENSOURCE_API_GRID,600,,,,0.95,True,True,TIER2_OPENSOURCE_PURE;CONTINUOUS_MINUTE_STREAM;VERIFIED_MODEL_GRID,09dae80515d917a614dbbe03e1dd036ebb4acc95239edbb0bb8e6a5a7e3d3027,2026-09-22T09:59:00+00:00,2026-09-22 14:59:00,47.0,1006.0,87
23.8,35.0,77.0,2170.0,630.0,98.0,12.2,6.2,1.5,448.0,302.0,8.9,8.4,137.0,35.0,22.01,False,4095,0.0,2.0,603.8,EXT-OPEN-METEO-KHI,KARACHI,OPENSOURCE_API_GRID,601,,,,0.95,True,False,TIER2_OPENSOURCE_PURE;HOURLY_NODE;VERIFIED_MODEL_GRID,c557a98b625449570875ff2a63f1d392d87fd3a00d617f6b27851df542fa3271,2026-09-22T10:00:00+00:00,2026-09-22 15:00:00,47.0,1006.0,88
23.8,35.0,76.9,2170.0,630.0,98.0,12.2,6.2,1.5,448.0,302.0,8.9,8.4,137.0,35.0,21.98,False,4095,0.0,2.0,603.7,EXT-OPEN-METEO-KHI,KARACHI,OPENSOURCE_API_GRID,602,,,,0.95,True,True,TIER2_OPENSOURCE_PURE;CONTINUOUS_MINUTE_STREAM;VERIFIED_MODEL_GRID,d3cc1d749b14282a8440a15102d7e54e374eca58479cd044e2ea9148bea1b310,2026-09-22T10:01:00+00:00,2026-09-22 15:01:00,46.9,1006.0,88
23.8,35.0,76.9,2170.0,630.0,98.0,12.2,6.2,1.5,448.0,302.1,8.9,8.4,136.9,35.0,21.98,False,4095,0.0,2.0,603.4,EXT-OPEN-METEO-KHI,KARACHI,OPENSOURCE_API_GRID,603,,,,0.95,True,True,TIER2_OPENSOURCE_PURE;CONTINUOUS_MINUTE_STREAM;VERIFIED_MODEL_GRID,f2fab2669b7c58033f17823d8786e298353e86be200c86ba503fe8d55ad97aeb,2026-09-22T10:02:00+00:00,2026-09-22 15:02:00,46.9,1006.0,88
23.7,34.9,76.9,2163.8,628.2,97.7,12.2,6.2,1.5,448.0,302.3,8.9,8.4,136.8,35.0,21.98,False,4095,0.0,2.0,602.9,EXT-OPEN-METEO-KHI,KARACHI,OPENSOURCE_API_GRID,604,,,,0.95,True,True,TIER2_OPENSOURCE_PURE;CONTINUOUS_MINUTE_STREAM;VERIFIED_MODEL_GRID,30c119eb494ab58a7f29ea6b0d0ef0169d25903b055b3e2cf2e6192fb5925290,2026-09-22T10:03:00+00:00,2026-09-22 15:03:00,46.9,1006.0,88
23.7,34.9,76.8,2163.8,628.2,97.7,12.2,6.1,1.5,448.0,302.6,8.9,8.4,136.7,35.0,21.98,False,4095,0.0,2.0,602.3,EXT-OPEN-METEO-KHI,KARACHI,OPENSOURCE_API_GRID,605,,,,0.95,True,True,TIER2_OPENSOURCE_PURE;CONTINUOUS_MINUTE_STREAM;VERIFIED_MODEL_GRID,a4fcc2593d7085a7153bc4d59328363a7655614fbe8861a881bc695caf5a3e35,2026-09-22T10:04:00+00:00,2026-09-22 15:04:00,46.9,1006.0,88
23.7,34.9,76.8,2163.8,628.2,97.7,12.2,6.1,1.5,448.0,302.9,9.0,8.4,136.6,35.0,21.98,False,4095,0.0,2.0,601.4,EXT-OPEN-METEO-KHI,KARACHI,OPENSOURCE_API_GRID,606,,,,0.95,True,True,TIER2_OPENSOURCE_PURE;CONTINUOUS_MINUTE_STREAM;VERIFIED_MODEL_GRID,a6457992628ee60d38235b7b31efcc1712ecbbca3cb314db241a0010bc673742,2026-09-22T10:05:00+00:00,2026-09-22 15:05:00,46.9,1006.0,88
23.7,34.8,76.8,2157.6,626.4,97.4,12.2,6.1,1.5,448.0,303.3,9.0,8.4,136.4,35.0,21.98,False,4095,0.0,2.0,600.3,EXT-OPEN-METEO-KHI,KARACHI,OPENSOURCE_API_GRID,607,,,,0.95,True,True,TIER2_OPENSOURCE_PURE;CONTINUOUS_MINUTE_STREAM;VERIFIED_MODEL_GRID,3a09626273e6db882e686e53a8ce60c98f039b1e8224bf57155ccad62e8aa3c7,2026-09-22T10:06:00+00:00,2026-09-22 15:06:00,46.9,1006.0,88
23.7,34.8,76.9,2157.6,626.4,97.4,12.2,6.2,1.5,448.0,303.8,9.0,8.4,136.2,35.0,22.01,False,4095,0.0,2.0,599.1,EXT-OPEN-METEO-KHI,KARACHI,OPENSOURCE_API_GRID,608,,,,0.95,True,True,TIER2_OPENSOURCE_PURE;CONTINUOUS_MINUTE_STREAM;VERIFIED_MODEL_GRID,09ce7b0c24b7e1c3d180c534202cab7c7c425600c18919842a1cfef093deb63d,2026-09-22T10:07:00+00:00,2026-09-22 15:07:00,47.0,1006.0,88
23.7,34.8,76.9,2157.6,626.4,97.4,12.2,6.2,1.5,448.0,304.3,9.0,8.4,135.9,34.9,21.92,False,4095,0.0,2.0,597.7,EXT-OPEN-METEO-KHI,KARACHI,OPENSOURCE_API_GRID,609,,,,0.95,True,True,TIER2_OPENSOURCE_PURE;CONTINUOUS_MINUTE_STREAM;VERIFIED_MODEL_GRID,bbc149bb4c7e13cf8b8696bb1e7ab76fce605930c78270fcecfb15ce37ce0f6a,2026-09-22T10:08:00+00:00,2026-09-22 15:08:00,47.0,1006.0,88
23.7,34.8,77.0,2157.6,626.4,97.4,12.2,6.2,1.5,448.0,304.9,9.1,8.4,135.6,34.9,21.92,False,4095,0.0,1.9,596.1,EXT-OPEN-METEO-KHI,KARACHI,OPENSOURCE_API_GRID,610,,,,0.95,True,True,TIER2_OPENSOURCE_PURE;CONTINUOUS_MINUTE_STREAM;VERIFIED_MODEL_GRID,778712e685f5fd59cb631adda24cfdeb3c4546488f6f944b735ff693f5b2f0d7,2026-09-22T10:09:00+00:00,2026-09-22 15:09:00,47.0,1006.0,88
23.7,34.8,77.1,2157.6,626.4,97.4,12.2,6.2,1.5,448.0,305.6,9.1,8.4,135.3,34.9,21.95,False,4095,0.0,1.9,594.3,EXT-OPEN-METEO-KHI,KARACHI,OPENSOURCE_API_GRID,611,,,,0.95,True,True,TIER2_OPENSOURCE_PURE;CONTINUOUS_MINUTE_STREAM;VERIFIED_MODEL_GRID,c9619dcfca46086e622cd43b6d1dff9b411aa4080cef3e8f6b2f8538acbbb5df,2026-09-22T10:10:00+00:00,2026-09-22 15:10:00,47.1,1006.0,88
23.7,34.9,77.2,2163.8,628.2,97.7,12.2,6.2,1.5,448.0,306.3,9.2,8.4,135.0,34.9,21.95,False,4095,0.0,1.9,592.4,EXT-OPEN-METEO-KHI,KARACHI,OPENSOURCE_API_GRID,612,,,,0.95,True,True,TIER2_OPENSOURCE_PURE;CONTINUOUS_MINUTE_STREAM;VERIFIED_MODEL_GRID,b82a7f384e014a1c9987c99aa37d1be6b93459f0aad0eeb2f1bcb3b18c6b55f3,2026-09-22T10:11:00+00:00,2026-09-22 15:11:00,47.1,1006.0,88
23.7,34.9,77.4,2163.8,628.2,97.7,12.2,6.2,1.5,448.0,307.1,9.2,8.4,134.6,34.9,21.99,False,4095,0.0,1.9,590.3,EXT-OPEN-METEO-KHI,KARACHI,OPENSOURCE_API_GRID,613,,,,0.95,True,True,TIER2_OPENSOURCE_PURE;CONTINUOUS_MINUTE_STREAM;VERIFIED_MODEL_GRID,f9752dbe429dd7c82975ee742f78be6874410fa46252e5bd95030259a95f33c8,2026-09-22T10:12:00+00:00,2026-09-22 15:12:00,47.2,1006.0,88
23.8,35.0,77.5,2170.0,630.0,98.0,12.2,6.2,1.6,448.0,307.9,9.3,8.4,134.2,34.9,21.99,False,4095,0.0,1.9,588.0,EXT-OPEN-METEO-KHI,KARACHI,OPENSOURCE_API_GRID,614,,,,0.95,True,True,TIER2_OPENSOURCE_PURE;CONTINUOUS_MINUTE_STREAM;VERIFIED_MODEL_GRID,5aa0e2d9881ec5fca36108ba98c51a8afb7fb6fb8b40a3e0a48003e9e176f3b7,2026-09-22T10:13:00+00:00,2026-09-22 15:13:00,47.2,1006.0,88
23.8,35.0,77.7,2170.0,630.0,98.0,12.2,6.2,1.6,448.0,308.8,9.3,8.4,133.8,34.9,22.02,False,4095,0.0,1.9,585.6,EXT-OPEN-METEO-KHI,KARACHI,OPENSOURCE_API_GRID,615,,,,0.95,True,True,TIER2_OPENSOURCE_PURE;CONTINUOUS_MINUTE_STREAM;VERIFIED_MODEL_GRID,1d09d15d6677c2e1a09115d3c00d19b425f0c46747705b7a7b2d14f7bcf061b2,2026-09-22T10:14:00+00:00,2026-09-22 15:14:00,47.3,1005.9,88
23.9,35.1,78.0,2176.2,631.8,98.3,12.3,6.2,1.6,448.0,309.8,9.4,8.4,133.3,34.9,22.06,False,4095,0.0,1.9,583.1,EXT-OPEN-METEO-KHI,KARACHI,OPENSOURCE_API_GRID,616,,,,0.95,True,True,TIER2_OPENSOURCE_PURE;CONTINUOUS_MINUTE_STREAM;VERIFIED_MODEL_GRID,580702339151be9eea6ca04d9cec68ba298a19199ae6947923fe1e7488b001bc,2026-09-22T10:15:00+00:00,2026-09-22 15:15:00,47.4,1005.9,88
23.9,35.2,78.2,2182.4,633.6,98.6,12.3,6.3,1.6,448.0,310.8,9.4,8.4,132.9,34.8,22.0,False,4095,0.0,1.8,580.4,EXT-OPEN-METEO-KHI,KARACHI,OPENSOURCE_API_GRID,617,,,,0.95,True,True,TIER2_OPENSOURCE_PURE;CONTINUOUS_MINUTE_STREAM;VERIFIED_MODEL_GRID,45311f267c4242e0834fdeb1cfa5e351c22324a8d6969e3d19514aeff9ed7691,2026-09-22T10:16:00+00:00,2026-09-22 15:16:00,47.5,1005.9,88
24.0,35.3,78.4,2188.6,635.4,98.8,12.4,6.3,1.6,448.0,311.8,9.5,8.4,132.4,34.8,22.0,False,4095,0.0,1.8,577.6,EXT-OPEN-METEO-KHI,KARACHI,OPENSOURCE_API_GRID,618,,,,0.95,True,True,TIER2_OPENSOURCE_PURE;CONTINUOUS_MINUTE_STREAM;VERIFIED_MODEL_GRID,5d96c46e5ef27435217d05296d6318431efb7265b59578c98358023ccb4fc05c,2026-09-22T10:17:00+00:00,2026-09-22 15:17:00,47.5,1005.9,88
24.1,35.4,78.7,2194.8,637.2,99.1,12.4,6.3,1.6,448.0,312.9,9.6,8.4,131.8,34.8,22.04,False,4095,0.0,1.8,574.6,EXT-OPEN-METEO-KHI,KARACHI,OPENSOURCE_API_GRID,619,,,,0.95,True,True,TIER2_OPENSOURCE_PURE;CONTINUOUS_MINUTE_STREAM;VERIFIED_MODEL_GRID,adfaa4d45f967dde5473e73e033809569f59c158f34e4e741faedddf0c2991b1,2026-09-22T10:18:00+00:00,2026-09-22 15:18:00,47.6,1005.9,88
24.1,35.5,78.9,2201.0,639.0,99.4,12.4,6.3,1.6,448.0,314.1,9.7,8.4,131.3,34.8,22.07,False,4095,0.0,1.8,571.6,EXT-OPEN-METEO-KHI,KARACHI,OPENSOURCE_API_GRID,620,,,,0.95,True,True,TIER2_OPENSOURCE_PURE;CONTINUOUS_MINUTE_STREAM;VERIFIED_MODEL_GRID,e628cc1c3004a7f7d9fd9a905ff3484ab7cab43b65cc9a5b989ce5303984f73b,2026-09-22T10:19:00+00:00,2026-09-22 15:19:00,47.7,1005.9,88
24.1,35.4,79.0,2194.8,637.2,99.1,12.4,6.3,1.6,448.0,315.2,9.7,8.3,130.8,34.8,22.14,False,4095,0.0,1.8,568.4,EXT-OPEN-METEO-KHI,KARACHI,OPENSOURCE_API_GRID,621,,,,0.95,True,True,TIER2_OPENSOURCE_PURE;CONTINUOUS_MINUTE_STREAM;VERIFIED_MODEL_GRID,8008434ad13d7f5ed9492562499fd6a49b923a4d27c23a2763a9f0c6cc878b76,2026-09-22T10:20:00+00:00,2026-09-22 15:20:00,47.9,1005.9,88
24.1,35.5,79.3,2201.0,639.0,99.4,12.4,6.3,1.6,448.0,316.5,9.8,8.3,130.2,34.8,22.17,False,4095,0.0,1.7,565.2,EXT-OPEN-METEO-KHI,KARACHI,OPENSOURCE_API_GRID,622,,,,0.95,True,True,TIER2_OPENSOURCE_PURE;CONTINUOUS_MINUTE_STREAM;VERIFIED_MODEL_GRID,274b1bee7763c1521bd0426bf98bb2991d09c56ea5a2fa90788bebb9c78e2662,2026-09-22T10:21:00+00:00,2026-09-22 15:21:00,48.0,1005.9,88
24.2,35.6,79.6,2207.2,640.8,99.7,12.5,6.4,1.6,448.0,317.7,9.9,8.3,129.6,34.8,22.17,False,4095,0.0,1.7,561.8,EXT-OPEN-METEO-KHI,KARACHI,OPENSOURCE_API_GRID,623,,,,0.95,True,True,TIER2_OPENSOURCE_PURE;CONTINUOUS_MINUTE_STREAM;VERIFIED_MODEL_GRID,7ec14c4eefbdd73a16fb23910214f10802d99fde5a588615699d570f9c649bf1,2026-09-22T10:22:00+00:00,2026-09-22 15:22:00,48.0,1005.9,88
24.3,35.7,79.8,2213.4,642.6,100.0,12.5,6.4,1.6,448.0,319.0,10.0,8.3,129.0,34.8,22.21,False,4095,0.0,1.7,558.4,EXT-OPEN-METEO-KHI,KARACHI,OPENSOURCE_API_GRID,624,,,,0.95,True,True,TIER2_OPENSOURCE_PURE;CONTINUOUS_MINUTE_STREAM;VERIFIED_MODEL_GRID,5ab0a05203133a02aeb1c0dc623e612813ed217fb67a4f8b487fb787ea8a1d09,2026-09-22T10:23:00+00:00,2026-09-22 15:23:00,48.1,1005.9,88
24.3,35.8,80.1,2219.6,644.4,100.2,12.5,6.4,1.6,448.0,320.3,10.0,8.3,128.4,34.8,22.24,False,4095,0.0,1.7,554.9,EXT-OPEN-METEO-KHI,KARACHI,OPENSOURCE_API_GRID,625,,,,0.95,True,True,TIER2_OPENSOURCE_PURE;CONTINUOUS_MINUTE_STREAM;VERIFIED_MODEL_GRID,1fe0bfaeed57034a4c66bc544d83a34a815b12dcdb21e8e916a8e3e55617a879,2026-09-22T10:24:00+00:00,2026-09-22 15:24:00,48.2,1005.9,88
24.4,35.9,80.4,2225.8,646.2,100.5,12.6,6.4,1.6,448.0,321.6,10.1,8.3,127.7,34.8,22.24,False,4095,0.0,1.6,551.4,EXT-OPEN-METEO-KHI,KARACHI,OPENSOURCE_API_GRID,626,,,,0.95,True,True,TIER2_OPENSOURCE_PURE;CONTINUOUS_MINUTE_STREAM;VERIFIED_MODEL_GRID,afe9ec0f045b12752b68326296d83ab1b8c1c91a5ae8a0f312922c113a42e20d,2026-09-22T10:25:00+00:00,2026-09-22 15:25:00,48.2,1005.9,88
24.5,36.0,80.6,2232.0,648.0,100.8,12.6,6.4,1.6,448.0,323.0,10.2,8.3,127.1,34.8,22.28,False,4095,0.0,1.6,547.8,EXT-OPEN-METEO-KHI,KARACHI,OPENSOURCE_API_GRID,627,,,,0.95,True,True,TIER2_OPENSOURCE_PURE;CONTINUOUS_MINUTE_STREAM;VERIFIED_MODEL_GRID,f3f0ec5257f37396125b68415eafbad4a79b1429c9c75e6df4398e7f3d27fe69,2026-09-22T10:26:00+00:00,2026-09-22 15:26:00,48.3,1005.9,88
24.5,36.0,80.9,2232.0,648.0,100.8,12.6,6.5,1.6,448.0,324.4,10.3,8.3,126.5,34.8,22.28,False,4095,0.0,1.6,544.1,EXT-OPEN-METEO-KHI,KARACHI,OPENSOURCE_API_GRID,628,,,,0.95,True,True,TIER2_OPENSOURCE_PURE;CONTINUOUS_MINUTE_STREAM;VERIFIED_MODEL_GRID,e56f8bcee4b06911540f73445ee07584b75a2006da31c25130f1104c40263d76,2026-09-22T10:27:00+00:00,2026-09-22 15:27:00,48.3,1005.8,88
24.5,36.1,81.1,2238.2,649.8,101.1,12.6,6.5,1.6,448.0,325.7,10.4,8.3,125.8,34.7,22.22,False,4095,0.0,1.6,540.4,EXT-OPEN-METEO-KHI,KARACHI,OPENSOURCE_API_GRID,629,,,,0.95,True,True,TIER2_OPENSOURCE_PURE;CONTINUOUS_MINUTE_STREAM;VERIFIED_MODEL_GRID,8aae0fd49ad590c8cdfd5c10fc88eb5abcaaf1f3c75f599d3d056987892f846a,2026-09-22T10:28:00+00:00,2026-09-22 15:28:00,48.4,1005.8,88
24.5,36.1,81.3,2238.2,649.8,101.1,12.6,6.5,1.6,448.0,327.1,10.5,8.3,125.2,34.7,22.22,False,4095,0.0,1.5,536.8,EXT-OPEN-METEO-KHI,KARACHI,OPENSOURCE_API_GRID,630,,,,0.95,True,True,TIER2_OPENSOURCE_PURE;CONTINUOUS_MINUTE_STREAM;VERIFIED_MODEL_GRID,067655d5e63b7f3dd13e2f74acb760a51550a6e2a961e42fafd911dd147d2ad7,2026-09-22T10:29:00+00:00,2026-09-22 15:29:00,48.4,1005.8,88
24.6,36.2,81.5,2244.4,651.6,101.4,12.7,6.5,1.6,448.0,328.5,10.5,8.3,124.5,34.7,22.25,False,4095,0.0,1.5,533.0,EXT-OPEN-METEO-KHI,KARACHI,OPENSOURCE_API_GRID,631,,,,0.95,True,True,TIER2_OPENSOURCE_PURE;CONTINUOUS_MINUTE_STREAM;VERIFIED_MODEL_GRID,d009bc9a908e517fecac904ee8d99d311b24524fa1484bd63690b077561fff93,2026-09-22T10:30:00+00:00,2026-09-22 15:30:00,48.5,1005.8,88
24.6,36.2,81.7,2244.4,651.6,101.4,12.7,6.5,1.6,448.0,329.9,10.6,8.3,123.8,34.7,22.25,False,4095,0.0,1.5,529.3,EXT-OPEN-METEO-KHI,KARACHI,OPENSOURCE_API_GRID,632,,,,0.95,True,True,TIER2_OPENSOURCE_PURE;CONTINUOUS_MINUTE_STREAM;VERIFIED_MODEL_GRID,b1d10e84b3c17bc0deb9290166c340aa898cba5e6db9e3335229b2b9b21fbed4,2026-09-22T10:31:00+00:00,2026-09-22 15:31:00,48.5,1005.8,88
24.6,36.2,81.9,2244.4,651.6,101.4,12.7,6.6,1.6,448.0,331.3,10.7,8.3,123.2,34.6,22.2,False,4095,0.0,1.4,525.7,EXT-OPEN-METEO-KHI,KARACHI,OPENSOURCE_API_GRID,633,,,,0.95,True,True,TIER2_OPENSOURCE_PURE;CONTINUOUS_MINUTE_STREAM;VERIFIED_MODEL_GRID,5fc79d87d497cc6fb4db200a0a2fe11e98f4c20d50a71249470a908f4da8d0df,2026-09-22T10:32:00+00:00,2026-09-22 15:32:00,48.6,1005.8,88
24.6,36.2,82.0,2244.4,651.6,101.4,12.7,6.6,1.6,448.0,332.6,10.8,8.3,122.5,34.6,22.23,False,4095,0.0,1.4,522.0,EXT-OPEN-METEO-KHI,KARACHI,OPENSOURCE_API_GRID,634,,,,0.95,True,True,TIER2_OPENSOURCE_PURE;CONTINUOUS_MINUTE_STREAM;VERIFIED_MODEL_GRID,b00a08173da479465849fc0b8a60b4eb81e3a4578950f5d1298c1f6c241a6be2,2026-09-22T10:33:00+00:00,2026-09-22 15:33:00,48.7,1005.8,88
24.6,36.2,82.2,2244.4,651.6,101.4,12.7,6.6,1.6,448.0,334.0,10.9,8.3,121.9,34.6,22.23,False,4095,0.0,1.4,518.3,EXT-OPEN-METEO-KHI,KARACHI,OPENSOURCE_API_GRID,635,,,,0.95,True,True,TIER2_OPENSOURCE_PURE;CONTINUOUS_MINUTE_STREAM;VERIFIED_MODEL_GRID,3e632cd28468af0990f48382a0acf8beb359d19217c1f2bae21e5ddaeaa0a1ba,2026-09-22T10:34:00+00:00,2026-09-22 15:34:00,48.7,1005.8,88
24.6,36.2,82.3,2244.4,651.6,101.4,12.7,6.6,1.6,448.0,335.4,11.0,8.3,121.3,34.6,22.26,False,4095,0.0,1.4,514.7,EXT-OPEN-METEO-KHI,KARACHI,OPENSOURCE_API_GRID,636,,,,0.95,True,True,TIER2_OPENSOURCE_PURE;CONTINUOUS_MINUTE_STREAM;VERIFIED_MODEL_GRID,5e09555645569dfb420b822deb63581ea01eb4bad1db3648dcc0241bbdb69eda,2026-09-22T10:35:00+00:00,2026-09-22 15:35:00,48.8,1005.8,88
24.7,36.3,82.5,2250.6,653.4,101.6,12.7,6.6,1.7,448.0,336.7,11.1,8.3,120.6,34.5,22.17,False,4095,0.0,1.3,511.2,EXT-OPEN-METEO-KHI,KARACHI,OPENSOURCE_API_GRID,637,,,,0.95,True,True,TIER2_OPENSOURCE_PURE;CONTINUOUS_MINUTE_STREAM;VERIFIED_MODEL_GRID,90eb16a046d53f004c76c4dba0e8f02e62680bde634a95199c87d60ece018199,2026-09-22T10:36:00+00:00,2026-09-22 15:36:00,48.8,1005.8,88
24.7,36.3,82.7,2250.6,653.4,101.6,12.7,6.6,1.7,448.0,338.0,11.1,8.3,120.0,34.5,22.21,False,4095,0.0,1.3,507.7,EXT-OPEN-METEO-KHI,KARACHI,OPENSOURCE_API_GRID,638,,,,0.95,True,True,TIER2_OPENSOURCE_PURE;CONTINUOUS_MINUTE_STREAM;VERIFIED_MODEL_GRID,82bb19620e99e19fbc992035c537760ec93485e589a998ae58a0862dab3007e9,2026-09-22T10:37:00+00:00,2026-09-22 15:37:00,48.9,1005.7,88
24.7,36.3,82.8,2250.6,653.4,101.6,12.7,6.6,1.7,448.0,339.3,11.2,8.3,119.4,34.5,22.24,False,4095,0.0,1.3,504.3,EXT-OPEN-METEO-KHI,KARACHI,OPENSOURCE_API_GRID,639,,,,0.95,True,True,TIER2_OPENSOURCE_PURE;CONTINUOUS_MINUTE_STREAM;VERIFIED_MODEL_GRID,c9351655468a6852ad25b4545a1428624d55fa4796bd36641e35db745131a39b,2026-09-22T10:38:00+00:00,2026-09-22 15:38:00,49.0,1005.7,88
24.7,36.3,83.0,2250.6,653.4,101.6,12.7,6.6,1.7,448.0,340.5,11.3,8.3,118.8,34.5,22.24,False,4095,0.0,1.3,500.9,EXT-OPEN-METEO-KHI,KARACHI,OPENSOURCE_API_GRID,640,,,,0.95,True,True,TIER2_OPENSOURCE_PURE;CONTINUOUS_MINUTE_STREAM;VERIFIED_MODEL_GRID,ca6b10944a3ea5eb111d193cc009359f4feb855dfd61684569ec64e96ed6d0aa,2026-09-22T10:39:00+00:00,2026-09-22 15:39:00,49.0,1005.7,88
24.8,36.4,83.2,2256.8,655.2,101.9,12.7,6.7,1.7,448.0,341.8,11.4,8.2,118.2,34.4,22.18,False,4095,0.0,1.2,497.7,EXT-OPEN-METEO-KHI,KARACHI,OPENSOURCE_API_GRID,641,,,,0.95,True,True,TIER2_OPENSOURCE_PURE;CONTINUOUS_MINUTE_STREAM;VERIFIED_MODEL_GRID,20ae1b028cd076cf1b845aab4673da7fde66266774f75c99fbcea2f9279aefff,2026-09-22T10:40:00+00:00,2026-09-22 15:40:00,49.1,1005.7,88
24.8,36.4,83.4,2256.8,655.2,101.9,12.7,6.7,1.7,448.0,342.9,11.4,8.2,117.7,34.4,22.21,False,4095,0.0,1.2,494.5,EXT-OPEN-METEO-KHI,KARACHI,OPENSOURCE_API_GRID,642,,,,0.95,True,True,TIER2_OPENSOURCE_PURE;CONTINUOUS_MINUTE_STREAM;VERIFIED_MODEL_GRID,7a1166480e51ad0ed2be2bfc29a30d3ba3515f05b88e2d42d43bcb6bd51bd6e7,2026-09-22T10:41:00+00:00,2026-09-22 15:41:00,49.2,1005.7,88
24.8,36.4,83.6,2256.8,655.2,101.9,12.7,6.7,1.7,448.0,344.1,11.5,8.2,117.2,34.4,22.25,False,4095,0.0,1.2,491.5,EXT-OPEN-METEO-KHI,KARACHI,OPENSOURCE_API_GRID,643,,,,0.95,True,True,TIER2_OPENSOURCE_PURE;CONTINUOUS_MINUTE_STREAM;VERIFIED_MODEL_GRID,183f2e7c9934642696305da714725a5cfde7cfef1c708ca683bee69de5609bef,2026-09-22T10:42:00+00:00,2026-09-22 15:42:00,49.3,1005.7,88
24.8,36.5,83.8,2263.0,657.0,102.2,12.8,6.7,1.7,448.0,345.2,11.6,8.2,116.6,34.4,22.25,False,4095,0.0,1.2,488.5,EXT-OPEN-METEO-KHI,KARACHI,OPENSOURCE_API_GRID,644,,,,0.95,True,True,TIER2_OPENSOURCE_PURE;CONTINUOUS_MINUTE_STREAM;VERIFIED_MODEL_GRID,2c93bba7ae9253f255a8d81598ca134a66580817cac727b31598dbd04cfd9c03,2026-09-22T10:43:00+00:00,2026-09-22 15:43:00,49.3,1005.7,88
24.9,36.6,84.0,2269.2,658.8,102.5,12.8,6.7,1.7,448.0,346.2,11.7,8.2,116.1,34.4,22.28,False,4095,0.0,1.2,485.7,EXT-OPEN-METEO-KHI,KARACHI,OPENSOURCE_API_GRID,645,,,,0.95,True,True,TIER2_OPENSOURCE_PURE;CONTINUOUS_MINUTE_STREAM;VERIFIED_MODEL_GRID,c90287c9ded814f049c535d54a3331ac8be32d59dcf3e0a888a36e2b20bdc27a,2026-09-22T10:44:00+00:00,2026-09-22 15:44:00,49.4,1005.7,88
24.9,36.6,84.2,2269.2,658.8,102.5,12.8,6.7,1.7,448.0,347.2,11.7,8.2,115.7,34.4,22.31,False,4095,0.0,1.1,483.0,EXT-OPEN-METEO-KHI,KARACHI,OPENSOURCE_API_GRID,646,,,,0.95,True,True,TIER2_OPENSOURCE_PURE;CONTINUOUS_MINUTE_STREAM;VERIFIED_MODEL_GRID,ade5b5901406c09bd7e3d3280e4e7b585c821b7cd4c515095ad719768dfa53d4,2026-09-22T10:45:00+00:00,2026-09-22 15:45:00,49.5,1005.7,88
25.0,36.7,84.4,2275.4,660.6,102.8,12.8,6.8,1.7,448.0,348.2,11.8,8.2,115.2,34.3,22.26,False,4095,0.0,1.1,480.5,EXT-OPEN-METEO-KHI,KARACHI,OPENSOURCE_API_GRID,647,,,,0.95,True,True,TIER2_OPENSOURCE_PURE;CONTINUOUS_MINUTE_STREAM;VERIFIED_MODEL_GRID,4107b9b04a0565cc9235a033424d3c1747fc44934c0cd3ad46356524525fd137,2026-09-22T10:46:00+00:00,2026-09-22 15:46:00,49.6,1005.6,88
25.0,36.8,84.6,2281.6,662.4,103.0,12.9,6.8,1.7,448.0,349.1,11.8,8.2,114.8,34.3,22.26,False,4095,0.0,1.1,478.1,EXT-OPEN-METEO-KHI,KARACHI,OPENSOURCE_API_GRID,648,,,,0.95,True,True,TIER2_OPENSOURCE_PURE;CONTINUOUS_MINUTE_STREAM;VERIFIED_MODEL_GRID,09ac8ce946eb938f3e2850f6690c153e8fb9772bd9f5fe99a3307f691fd44348,2026-09-22T10:47:00+00:00,2026-09-22 15:47:00,49.6,1005.6,88
25.1,36.9,84.8,2287.8,664.2,103.3,12.9,6.8,1.7,448.0,349.9,11.9,8.2,114.4,34.3,22.29,False,4095,0.0,1.1,475.8,EXT-OPEN-METEO-KHI,KARACHI,OPENSOURCE_API_GRID,649,,,,0.95,True,True,TIER2_OPENSOURCE_PURE;CONTINUOUS_MINUTE_STREAM;VERIFIED_MODEL_GRID,c54ef354a807d8eb963628eccf9409c9c89ff14609fc336f5d0fc5a5bd75a0cc,2026-09-22T10:48:00+00:00,2026-09-22 15:48:00,49.7,1005.6,88
25.2,37.0,85.0,2294.0,666.0,103.6,12.9,6.8,1.7,448.0,350.7,11.9,8.2,114.0,34.3,22.32,False,4095,0.0,1.1,473.7,EXT-OPEN-METEO-KHI,KARACHI,OPENSOURCE_API_GRID,650,,,,0.95,True,True,TIER2_OPENSOURCE_PURE;CONTINUOUS_MINUTE_STREAM;VERIFIED_MODEL_GRID,b1a6b0a33be0a28977a84010071e024459f6dd8fef68b89c362ea2e1bdc0b299,2026-09-22T10:49:00+00:00,2026-09-22 15:49:00,49.8,1005.6,88
25.2,37.0,85.2,2294.0,666.0,103.6,12.9,6.8,1.7,448.0,351.4,12.0,8.2,113.7,34.3,22.32,False,4095,0.0,1.1,471.8,EXT-OPEN-METEO-KHI,KARACHI,OPENSOURCE_API_GRID,651,,,,0.95,True,True,TIER2_OPENSOURCE_PURE;CONTINUOUS_MINUTE_STREAM;VERIFIED_MODEL_GRID,f4e20a77c4861d548886b1000cce678111af80051f91cf20fe0da24bd5e31317,2026-09-22T10:50:00+00:00,2026-09-22 15:50:00,49.8,1005.6,88
25.2,37.0,85.2,2294.0,666.0,103.6,12.9,6.8,1.7,448.0,352.1,12.0,8.2,113.4,34.3,22.39,False,4095,0.0,1.1,470.0,EXT-OPEN-METEO-KHI,KARACHI,OPENSOURCE_API_GRID,652,,,,0.95,True,True,TIER2_OPENSOURCE_PURE;CONTINUOUS_MINUTE_STREAM;VERIFIED_MODEL_GRID,90b6f0b2275c39afbdad9042fd1a459cef50a6513e51ece6bfc1d9aec1eb3793,2026-09-22T10:51:00+00:00,2026-09-22 15:51:00,50.0,1005.6,88
25.2,37.0,85.4,2294.0,666.0,103.6,12.9,6.8,1.7,448.0,352.7,12.1,8.2,113.1,34.3,22.39,False,4095,0.0,1.0,468.4,EXT-OPEN-METEO-KHI,KARACHI,OPENSOURCE_API_GRID,653,,,,0.95,True,True,TIER2_OPENSOURCE_PURE;CONTINUOUS_MINUTE_STREAM;VERIFIED_MODEL_GRID,f8bf6d113b5378bbe7e88fb0dee62e5ec15f3a47522975f3f8a291edac9d7139,2026-09-22T10:52:00+00:00,2026-09-22 15:52:00,50.0,1005.6,88
25.2,37.1,85.5,2300.2,667.8,103.9,13.0,6.8,1.7,448.0,353.2,12.1,8.2,112.8,34.3,22.39,False,4095,0.0,1.0,467.0,EXT-OPEN-METEO-KHI,KARACHI,OPENSOURCE_API_GRID,654,,,,0.95,True,True,TIER2_OPENSOURCE_PURE;CONTINUOUS_MINUTE_STREAM;VERIFIED_MODEL_GRID,a657b2c59eae84fd0e5e0d782c17a0dd0a5524eb7420ad92de1a79cab691f4c2,2026-09-22T10:53:00+00:00,2026-09-22 15:53:00,50.0,1005.6,88
25.3,37.2,85.7,2306.4,669.6,104.2,13.0,6.9,1.7,448.0,353.7,12.1,8.2,112.6,34.3,22.42,False,4095,0.0,1.0,465.8,EXT-OPEN-METEO-KHI,KARACHI,OPENSOURCE_API_GRID,655,,,,0.95,True,True,TIER2_OPENSOURCE_PURE;CONTINUOUS_MINUTE_STREAM;VERIFIED_MODEL_GRID,748013734fca6ea56f5342770373d989efbb4d55c11a59696815913546ea0d64,2026-09-22T10:54:00+00:00,2026-09-22 15:54:00,50.1,1005.6,88
25.3,37.2,85.8,2306.4,669.6,104.2,13.0,6.9,1.7,448.0,354.1,12.1,8.2,112.4,34.3,22.42,False,4095,0.0,1.0,464.7,EXT-OPEN-METEO-KHI,KARACHI,OPENSOURCE_API_GRID,656,,,,0.95,True,True,TIER2_OPENSOURCE_PURE;CONTINUOUS_MINUTE_STREAM;VERIFIED_MODEL_GRID,d0fa7982bc219d60747f0989cb45decddaa15e31fb879f42dd02684cfdedc6b4,2026-09-22T10:55:00+00:00,2026-09-22 15:55:00,50.1,1005.6,88
25.4,37.3,85.9,2312.6,671.4,104.4,13.1,6.9,1.7,448.0,354.4,12.2,8.2,112.3,34.3,22.42,False,4095,0.0,1.0,463.8,EXT-OPEN-METEO-KHI,KARACHI,OPENSOURCE_API_GRID,657,,,,0.95,True,True,TIER2_OPENSOURCE_PURE;CONTINUOUS_MINUTE_STREAM;VERIFIED_MODEL_GRID,47ecc921d146bd4f883ae92062f0d604b7334a599d4c5aada2d9535c6d3af69f,2026-09-22T10:56:00+00:00,2026-09-22 15:56:00,50.1,1005.6,88
25.4,37.3,85.9,2312.6,671.4,104.4,13.1,6.9,1.7,448.0,354.7,12.2,8.2,112.2,34.4,22.51,False,4095,0.0,1.0,463.2,EXT-OPEN-METEO-KHI,KARACHI,OPENSOURCE_API_GRID,658,,,,0.95,True,True,TIER2_OPENSOURCE_PURE;CONTINUOUS_MINUTE_STREAM;VERIFIED_MODEL_GRID,d67ae953f3fd953376da39ef54121f795bd437c0741cae4590ed621472bbb517,2026-09-22T10:57:00+00:00,2026-09-22 15:57:00,50.1,1005.6,88
25.4,37.3,86.0,2312.6,671.4,104.4,13.1,6.9,1.7,448.0,354.9,12.2,8.2,112.1,34.4,22.51,False,4095,0.0,1.0,462.7,EXT-OPEN-METEO-KHI,KARACHI,OPENSOURCE_API_GRID,659,,,,0.95,True,True,TIER2_OPENSOURCE_PURE;CONTINUOUS_MINUTE_STREAM;VERIFIED_MODEL_GRID,ec5a7b1751a9f5acfaccbbdc94b14738a3d430acb293e54be65d70d0a4c6d4be,2026-09-22T10:58:00+00:00,2026-09-22 15:58:00,50.1,1005.6,88
25.4,37.3,86.0,2312.6,671.4,104.4,13.1,6.9,1.7,448.0,355.0,12.2,8.2,112.0,34.4,22.48,False,4095,0.0,1.0,462.4,EXT-OPEN-METEO-KHI,KARACHI,OPENSOURCE_API_GRID,660,,,,0.95,True,True,TIER2_OPENSOURCE_PURE;CONTINUOUS_MINUTE_STREAM;VERIFIED_MODEL_GRID,6c00b4b08994a7dea2750263057c4d124e52cfdd4150bfb2981c48d46c367755,2026-09-22T10:59:00+00:00,2026-09-22 15:59:00,50.0,1005.6,88
25.4,37.3,86.0,2312.6,671.4,104.4,13.1,6.9,1.7,448.0,355.0,12.2,8.2,112.0,34.3,22.39,False,4095,0.0,1.0,462.3,EXT-OPEN-METEO-KHI,KARACHI,OPENSOURCE_API_GRID,661,,,,0.95,True,False,TIER2_OPENSOURCE_PURE;HOURLY_NODE;VERIFIED_MODEL_GRID,9fb68db9bed531f624a2a50286bc02808e99ba708e5eb65172c127c2cf14d96d,2026-09-22T11:00:00+00:00,2026-09-22 16:00:00,50.0,1005.6,88
25.4,37.3,85.9,2312.6,671.4,104.4,13.1,6.9,1.7,448.0,355.0,12.2,8.2,112.0,34.3,22.39,False,4095,0.0,1.0,462.2,EXT-OPEN-METEO-KHI,KARACHI,OPENSOURCE_API_GRID,662,,,,0.95,True,True,TIER2_OPENSOURCE_PURE;CONTINUOUS_MINUTE_STREAM;VERIFIED_MODEL_GRID,6bfbce90d0a6a11e252ad9c8ccc167f145f54c835f704d55827643c82e0c7ba2,2026-09-22T11:01:00+00:00,2026-09-22 16:01:00,50.0,1005.6,88
25.3,37.2,85.9,2306.4,669.6,104.2,13.0,6.9,1.7,448.0,355.1,12.2,8.2,111.9,34.3,22.39,False,4095,0.0,1.0,461.7,EXT-OPEN-METEO-KHI,KARACHI,OPENSOURCE_API_GRID,663,,,,0.95,True,True,TIER2_OPENSOURCE_PURE;CONTINUOUS_MINUTE_STREAM;VERIFIED_MODEL_GRID,7ab80f6da66b51c2d90b234c57f17521b14ca13bdf89475f7ea4fdffc401acf8,2026-09-22T11:02:00+00:00,2026-09-22 16:02:00,50.0,1005.6,88
25.3,37.2,85.9,2306.4,669.6,104.2,13.0,6.9,1.7,448.0,355.2,12.2,8.2,111.8,34.3,22.39,False,4095,0.0,1.0,461.0,EXT-OPEN-METEO-KHI,KARACHI,OPENSOURCE_API_GRID,664,,,,0.95,True,True,TIER2_OPENSOURCE_PURE;CONTINUOUS_MINUTE_STREAM;VERIFIED_MODEL_GRID,9c2b138a376464f688f6bde12e30c7782eb45a1043b66b5ec87dbab2e38bcf91,2026-09-22T11:03:00+00:00,2026-09-22 16:03:00,50.0,1005.6,88
25.3,37.2,85.8,2306.4,669.6,104.2,13.0,6.9,1.7,448.0,355.4,12.3,8.2,111.7,34.3,22.39,False,4095,0.0,1.0,460.0,EXT-OPEN-METEO-KHI,KARACHI,OPENSOURCE_API_GRID,665,,,,0.95,True,True,TIER2_OPENSOURCE_PURE;CONTINUOUS_MINUTE_STREAM;VERIFIED_MODEL_GRID,34d7ddf1abac6b6c1eb2dd7f253b1a8c0190cf4ef640e2a57c447438b73a43e1,2026-09-22T11:04:00+00:00,2026-09-22 16:04:00,50.0,1005.6,88
25.2,37.1,85.8,2300.2,667.8,103.9,13.0,6.9,1.7,448.0,355.6,12.3,8.2,111.6,34.3,22.39,False,4095,0.0,1.0,458.7,EXT-OPEN-METEO-KHI,KARACHI,OPENSOURCE_API_GRID,666,,,,0.95,True,True,TIER2_OPENSOURCE_PURE;CONTINUOUS_MINUTE_STREAM;VERIFIED_MODEL_GRID,373ad2e039c0d529c3487a8a9d527df2ed8e2b1bc1ee35f45483aa3c766beff6,2026-09-22T11:05:00+00:00,2026-09-22 16:05:00,50.0,1005.6,88
25.2,37.1,85.8,2300.2,667.8,103.9,13.0,6.9,1.7,448.0,355.9,12.3,8.2,111.4,34.3,22.42,False,4095,0.0,1.0,457.2,EXT-OPEN-METEO-KHI,KARACHI,OPENSOURCE_API_GRID,667,,,,0.95,True,True,TIER2_OPENSOURCE_PURE;CONTINUOUS_MINUTE_STREAM;VERIFIED_MODEL_GRID,aaad9fa07aa3633cf1d0905a34d3f9f716cb8cb3553ee7d1ebf3d597359d23df,2026-09-22T11:06:00+00:00,2026-09-22 16:06:00,50.1,1005.6,88
25.2,37.1,85.7,2300.2,667.8,103.9,13.0,6.9,1.7,448.0,356.3,12.4,8.2,111.2,34.3,22.42,False,4095,0.0,1.0,455.4,EXT-OPEN-METEO-KHI,KARACHI,OPENSOURCE_API_GRID,668,,,,0.95,True,True,TIER2_OPENSOURCE_PURE;CONTINUOUS_MINUTE_STREAM;VERIFIED_MODEL_GRID,ff25f68b6770587ad9aaeafc4ae88ea737699e42fc80b4dd51c8f31ae44c4d72,2026-09-22T11:07:00+00:00,2026-09-22 16:07:00,50.1,1005.6,88
25.2,37.1,85.7,2300.2,667.8,103.9,13.0,6.9,1.7,448.0,356.6,12.4,8.2,110.9,34.2,22.36,False,4095,0.0,1.0,453.3,EXT-OPEN-METEO-KHI,KARACHI,OPENSOURCE_API_GRID,669,,,,0.95,True,True,TIER2_OPENSOURCE_PURE;CONTINUOUS_MINUTE_STREAM;VERIFIED_MODEL_GRID,bffd26764aa991723606a4e1e0a3ba563032827c6c86a96f2aebe5d06718a5a7,2026-09-22T11:08:00+00:00,2026-09-22 16:08:00,50.2,1005.6,88
25.2,37.0,85.8,2294.0,666.0,103.6,12.9,6.9,1.7,448.1,357.1,12.5,8.2,110.6,34.2,22.39,False,4095,0.0,1.1,450.9,EXT-OPEN-METEO-KHI,KARACHI,OPENSOURCE_API_GRID,670,,,,0.95,True,True,TIER2_OPENSOURCE_PURE;CONTINUOUS_MINUTE_STREAM;VERIFIED_MODEL_GRID,701f9ecb7a688981c89c992532509142fb88e333e27d251657bb14dc9b5b8d21,2026-09-22T11:09:00+00:00,2026-09-22 16:09:00,50.3,1005.6,88
25.2,37.0,85.8,2294.0,666.0,103.6,12.9,6.9,1.7,448.1,357.5,12.5,8.2,110.3,34.2,22.43,False,4095,0.0,1.1,448.3,EXT-OPEN-METEO-KHI,KARACHI,OPENSOURCE_API_GRID,671,,,,0.95,True,True,TIER2_OPENSOURCE_PURE;CONTINUOUS_MINUTE_STREAM;VERIFIED_MODEL_GRID,b9fb1c4eebbc15494248e9bc26a596ad4e72e2ce972f70461a1da122c2ae7501,2026-09-22T11:10:00+00:00,2026-09-22 16:10:00,50.4,1005.6,88
25.2,37.0,85.8,2294.0,666.0,103.6,12.9,6.9,1.7,448.1,358.1,12.6,8.2,110.0,34.1,22.37,False,4095,0.0,1.1,445.4,EXT-OPEN-METEO-KHI,KARACHI,OPENSOURCE_API_GRID,672,,,,0.95,True,True,TIER2_OPENSOURCE_PURE;CONTINUOUS_MINUTE_STREAM;VERIFIED_MODEL_GRID,93ad3191b04beabdd9ace154f5fd6286e3ad0949f9e0c84da6578cda8ea6ca75,2026-09-22T11:11:00+00:00,2026-09-22 16:11:00,50.5,1005.6,88
25.2,37.1,85.9,2300.2,667.8,103.9,13.0,6.9,1.7,448.1,358.6,12.7,8.2,109.6,34.1,22.4,False,4095,0.0,1.1,442.3,EXT-OPEN-METEO-KHI,KARACHI,OPENSOURCE_API_GRID,673,,,,0.95,True,True,TIER2_OPENSOURCE_PURE;CONTINUOUS_MINUTE_STREAM;VERIFIED_MODEL_GRID,95fb100e8b85767cd635345ef48b2a14ab426270b82ba56f73581dc0524b5839,2026-09-22T11:12:00+00:00,2026-09-22 16:12:00,50.6,1005.6,88
25.2,37.1,86.0,2300.2,667.8,103.9,13.0,6.9,1.7,448.1,359.2,12.8,8.2,109.2,34.1,22.47,False,4095,0.0,1.1,439.0,EXT-OPEN-METEO-KHI,KARACHI,OPENSOURCE_API_GRID,674,,,,0.95,True,True,TIER2_OPENSOURCE_PURE;CONTINUOUS_MINUTE_STREAM;VERIFIED_MODEL_GRID,f4af2d6334999bded96e963c13164867da7a067fc575e50e06c0c4caa6b1986b,2026-09-22T11:13:00+00:00,2026-09-22 16:13:00,50.8,1005.6,88
25.2,37.1,86.1,2300.2,667.8,103.9,13.0,6.9,1.7,448.1,359.9,12.9,8.2,108.8,34.1,22.5,False,4095,0.0,1.1,435.5,EXT-OPEN-METEO-KHI,KARACHI,OPENSOURCE_API_GRID,675,,,,0.95,True,True,TIER2_OPENSOURCE_PURE;CONTINUOUS_MINUTE_STREAM;VERIFIED_MODEL_GRID,c28affa679a93e203def3c145d80c11ffa2dffc06eb533c07eb07d5f2d7a5d37,2026-09-22T11:14:00+00:00,2026-09-22 16:14:00,50.9,1005.6,88
25.3,37.2,86.2,2306.4,669.6,104.2,13.0,6.9,1.7,448.1,360.6,12.9,8.2,108.3,34.0,22.47,False,4095,0.0,1.1,431.7,EXT-OPEN-METEO-KHI,KARACHI,OPENSOURCE_API_GRID,676,,,,0.95,True,True,TIER2_OPENSOURCE_PURE;CONTINUOUS_MINUTE_STREAM;VERIFIED_MODEL_GRID,e7f052e136e5bdd6a4666d4aa2051ce05c626b9c0a7ea342884e553b8de9cd27,2026-09-22T11:15:00+00:00,2026-09-22 16:15:00,51.1,1005.6,88
25.3,37.2,86.3,2306.4,669.6,104.2,13.0,6.9,1.7,448.2,361.3,13.0,8.2,107.9,34.0,22.5,False,4095,0.0,1.2,427.7,EXT-OPEN-METEO-KHI,KARACHI,OPENSOURCE_API_GRID,677,,,,0.95,True,True,TIER2_OPENSOURCE_PURE;CONTINUOUS_MINUTE_STREAM;VERIFIED_MODEL_GRID,6cccc6d3201a1c82317ebba09d35cc8b81fc90ae206e7032e263305f3789309b,2026-09-22T11:16:00+00:00,2026-09-22 16:16:00,51.2,1005.6,88
25.4,37.3,86.5,2312.6,671.4,104.4,13.1,6.9,1.7,448.2,362.0,13.1,8.2,107.4,34.0,22.57,False,4095,0.0,1.2,423.6,EXT-OPEN-METEO-KHI,KARACHI,OPENSOURCE_API_GRID,678,,,,0.95,True,True,TIER2_OPENSOURCE_PURE;CONTINUOUS_MINUTE_STREAM;VERIFIED_MODEL_GRID,6869974b796bc3e3ea0ee700cc35fd5c583b56ddbb745c646ffb8cfa8a9f5992,2026-09-22T11:17:00+00:00,2026-09-22 16:17:00,51.4,1005.7,88
25.4,37.4,86.7,2318.8,673.2,104.7,13.1,6.9,1.7,448.2,362.8,13.3,8.2,106.8,34.0,22.63,False,4095,0.0,1.2,419.2,EXT-OPEN-METEO-KHI,KARACHI,OPENSOURCE_API_GRID,679,,,,0.95,True,True,TIER2_OPENSOURCE_PURE;CONTINUOUS_MINUTE_STREAM;VERIFIED_MODEL_GRID,156dbacb0e930a5fa86bcac5f55da0adf77021cd5f395be2907d2a6f9350e09d,2026-09-22T11:18:00+00:00,2026-09-22 16:18:00,51.6,1005.7,88
25.5,37.5,86.8,2325.0,675.0,105.0,13.1,6.9,1.7,448.2,363.7,13.4,8.2,106.3,33.9,22.6,False,4095,0.0,1.2,414.7,EXT-OPEN-METEO-KHI,KARACHI,OPENSOURCE_API_GRID,680,,,,0.95,True,True,TIER2_OPENSOURCE_PURE;CONTINUOUS_MINUTE_STREAM;VERIFIED_MODEL_GRID,efabc379e200e1d30a3294c959bf2f860153ed324d424595e085e99a58037243,2026-09-22T11:19:00+00:00,2026-09-22 16:19:00,51.8,1005.7,88
25.6,37.6,87.0,2331.2,676.8,105.3,13.2,7.0,1.7,448.2,364.5,13.5,8.2,105.8,33.9,22.67,False,4095,0.0,1.2,410.1,EXT-OPEN-METEO-KHI,KARACHI,OPENSOURCE_API_GRID,681,,,,0.95,True,True,TIER2_OPENSOURCE_PURE;CONTINUOUS_MINUTE_STREAM;VERIFIED_MODEL_GRID,24cede7adfe71d38676e2764e7567341f9eeae9687c34a34ec40f3ed43f53070,2026-09-22T11:20:00+00:00,2026-09-22 16:20:00,52.0,1005.7,88
25.6,37.6,87.2,2331.2,676.8,105.3,13.2,7.0,1.7,448.3,365.4,13.6,8.2,105.2,33.9,22.73,False,4095,0.0,1.3,405.2,EXT-OPEN-METEO-KHI,KARACHI,OPENSOURCE_API_GRID,682,,,,0.95,True,True,TIER2_OPENSOURCE_PURE;CONTINUOUS_MINUTE_STREAM;VERIFIED_MODEL_GRID,04f920be6ae54144327078c3767c04c093eea267d647bee66087c2d78f191966,2026-09-22T11:21:00+00:00,2026-09-22 16:21:00,52.2,1005.7,88
25.6,37.6,87.2,2331.2,676.8,105.3,13.2,7.0,1.7,448.3,366.3,13.7,8.2,104.6,33.9,22.82,False,4095,0.0,1.3,400.3,EXT-OPEN-METEO-KHI,KARACHI,OPENSOURCE_API_GRID,683,,,,0.95,True,True,TIER2_OPENSOURCE_PURE;CONTINUOUS_MINUTE_STREAM;VERIFIED_MODEL_GRID,6bf2eab1c5d705bbe2ce77a2d408327b9d658c1f363cb6bd43152a2978b49ca3,2026-09-22T11:22:00+00:00,2026-09-22 16:22:00,52.5,1005.7,88
25.6,37.7,87.4,2337.4,678.6,105.6,13.2,7.0,1.7,448.3,367.2,13.8,8.2,104.0,33.9,22.89,False,4095,0.0,1.3,395.2,EXT-OPEN-METEO-KHI,KARACHI,OPENSOURCE_API_GRID,684,,,,0.95,True,True,TIER2_OPENSOURCE_PURE;CONTINUOUS_MINUTE_STREAM;VERIFIED_MODEL_GRID,7a78bbae3745d0725f6039be1a9d6ba0003645ec43b4dee76633de33a49709f5,2026-09-22T11:23:00+00:00,2026-09-22 16:23:00,52.7,1005.7,88
25.7,37.8,87.6,2343.6,680.4,105.8,13.2,7.0,1.8,448.3,368.1,14.0,8.2,103.4,33.8,22.86,False,4095,0.0,1.3,390.1,EXT-OPEN-METEO-KHI,KARACHI,OPENSOURCE_API_GRID,685,,,,0.95,True,True,TIER2_OPENSOURCE_PURE;CONTINUOUS_MINUTE_STREAM;VERIFIED_MODEL_GRID,458d330a0a65dfdbc48a821fe6509b078a949733a5448520af32484e17cec73f,2026-09-22T11:24:00+00:00,2026-09-22 16:24:00,52.9,1005.7,88
25.8,37.9,87.8,2349.8,682.2,106.1,13.3,7.0,1.8,448.4,369.1,14.1,8.2,102.7,33.8,22.92,False,4095,0.0,1.4,384.8,EXT-OPEN-METEO-KHI,KARACHI,OPENSOURCE_API_GRID,686,,,,0.95,True,True,TIER2_OPENSOURCE_PURE;CONTINUOUS_MINUTE_STREAM;VERIFIED_MODEL_GRID,ae055f6a616cbc6482f0c82fe595bf866a55dbc455abdce561f5611d3870e5b4,2026-09-22T11:25:00+00:00,2026-09-22 16:25:00,53.1,1005.7,88
25.8,37.9,88.0,2349.8,682.2,106.1,13.3,7.0,1.8,448.4,370.0,14.2,8.2,102.1,33.8,22.98,False,4095,0.0,1.4,379.5,EXT-OPEN-METEO-KHI,KARACHI,OPENSOURCE_API_GRID,687,,,,0.95,True,True,TIER2_OPENSOURCE_PURE;CONTINUOUS_MINUTE_STREAM;VERIFIED_MODEL_GRID,00b401007cbd7c0b3ffaf216b8ac03389dfff4ec7183e8fd220f78b450caddf7,2026-09-22T11:26:00+00:00,2026-09-22 16:26:00,53.3,1005.7,88
25.8,38.0,88.1,2356.0,684.0,106.4,13.3,7.0,1.8,448.4,371.0,14.4,8.2,101.5,33.8,23.04,False,4095,0.0,1.4,374.1,EXT-OPEN-METEO-KHI,KARACHI,OPENSOURCE_API_GRID,688,,,,0.95,True,True,TIER2_OPENSOURCE_PURE;CONTINUOUS_MINUTE_STREAM;VERIFIED_MODEL_GRID,e84bd218438957275a206823bf3ed2e66ff8ad03b079cc07b2f93cb149bf6c61,2026-09-22T11:27:00+00:00,2026-09-22 16:27:00,53.5,1005.7,88
25.9,38.1,88.3,2362.2,685.8,106.7,13.3,7.1,1.8,448.4,372.0,14.5,8.2,100.8,33.7,23.01,False,4095,0.0,1.4,368.7,EXT-OPEN-METEO-KHI,KARACHI,OPENSOURCE_API_GRID,689,,,,0.95,True,True,TIER2_OPENSOURCE_PURE;CONTINUOUS_MINUTE_STREAM;VERIFIED_MODEL_GRID,9b5f7dc0da934d351141ffb2df040e7743902060c56331424fa689cb59faf586,2026-09-22T11:28:00+00:00,2026-09-22 16:28:00,53.7,1005.7,88
25.9,38.1,88.4,2362.2,685.8,106.7,13.3,7.1,1.8,448.5,373.0,14.6,8.2,100.2,33.7,23.04,False,4095,0.0,1.5,363.3,EXT-OPEN-METEO-KHI,KARACHI,OPENSOURCE_API_GRID,690,,,,0.95,True,True,TIER2_OPENSOURCE_PURE;CONTINUOUS_MINUTE_STREAM;VERIFIED_MODEL_GRID,0df904ed2a9c5874ca17cff0f09cda264e9708789b7245a8a9bd0be34fb0a49d,2026-09-22T11:29:00+00:00,2026-09-22 16:29:00,53.8,1005.8,88
25.9,38.1,88.5,2362.2,685.8,106.7,13.3,7.1,1.8,448.5,374.0,14.7,8.2,99.5,33.6,23.01,False,4095,0.0,1.5,357.8,EXT-OPEN-METEO-KHI,KARACHI,OPENSOURCE_API_GRID,691,,,,0.95,True,True,TIER2_OPENSOURCE_PURE;CONTINUOUS_MINUTE_STREAM;VERIFIED_MODEL_GRID,ef1808f6eae2ce9dab34822c7a16b3676c143d05a78e446600402a7e7883d8eb,2026-09-22T11:30:00+00:00,2026-09-22 16:30:00,54.0,1005.8,88
26.0,38.2,88.7,2368.4,687.6,107.0,13.4,7.1,1.8,448.5,375.0,14.9,8.2,98.8,33.6,23.07,False,4095,0.0,1.5,352.3,EXT-OPEN-METEO-KHI,KARACHI,OPENSOURCE_API_GRID,692,,,,0.95,True,True,TIER2_OPENSOURCE_PURE;CONTINUOUS_MINUTE_STREAM;VERIFIED_MODEL_GRID,3e2024e3a7690f0a539c03fb03fc1d53193fc14e28e84a8d7356357a1a6ac867,2026-09-22T11:31:00+00:00,2026-09-22 16:31:00,54.2,1005.8,88
26.0,38.2,88.8,2368.4,687.6,107.0,13.4,7.1,1.8,448.6,376.0,15.0,8.2,98.2,33.6,23.13,False,4095,0.0,1.6,346.9,EXT-OPEN-METEO-KHI,KARACHI,OPENSOURCE_API_GRID,693,,,,0.95,True,True,TIER2_OPENSOURCE_PURE;CONTINUOUS_MINUTE_STREAM;VERIFIED_MODEL_GRID,ae6e2febbcce205096cbe61c5581ec00bbf78ce7522726ca7d3201cd0712f714,2026-09-22T11:32:00+00:00,2026-09-22 16:32:00,54.4,1005.8,88
26.0,38.2,88.8,2368.4,687.6,107.0,13.4,7.1,1.8,448.6,377.0,15.1,8.2,97.5,33.5,23.1,False,4095,0.0,1.6,341.5,EXT-OPEN-METEO-KHI,KARACHI,OPENSOURCE_API_GRID,694,,,,0.95,True,True,TIER2_OPENSOURCE_PURE;CONTINUOUS_MINUTE_STREAM;VERIFIED_MODEL_GRID,7d29a63d576bd5ce40355142b3ccf66fd5d28be35a0000dfd9d8017ede44ca36,2026-09-22T11:33:00+00:00,2026-09-22 16:33:00,54.6,1005.8,88
26.0,38.2,88.9,2368.4,687.6,107.0,13.4,7.1,1.8,448.6,378.0,15.3,8.2,96.9,33.5,23.16,False,4095,0.0,1.6,336.1,EXT-OPEN-METEO-KHI,KARACHI,OPENSOURCE_API_GRID,695,,,,0.95,True,True,TIER2_OPENSOURCE_PURE;CONTINUOUS_MINUTE_STREAM;VERIFIED_MODEL_GRID,a7407022b427c3e6b946faf2c7bb07ad1dfda9552665c2f14a391d067a4b7682,2026-09-22T11:34:00+00:00,2026-09-22 16:34:00,54.8,1005.8,88
26.0,38.2,89.0,2368.4,687.6,107.0,13.4,7.1,1.8,448.6,378.9,15.4,8.2,96.3,33.4,23.13,False,4095,0.0,1.6,330.8,EXT-OPEN-METEO-KHI,KARACHI,OPENSOURCE_API_GRID,696,,,,0.95,True,True,TIER2_OPENSOURCE_PURE;CONTINUOUS_MINUTE_STREAM;VERIFIED_MODEL_GRID,97bba3d6d6566a722d625f96cf78429c27af8ad8433f7a3226fc0e8c49fc01d5,2026-09-22T11:35:00+00:00,2026-09-22 16:35:00,55.0,1005.8,88
26.0,38.2,89.0,2368.4,687.6,107.0,13.4,7.1,1.8,448.7,379.9,15.5,8.2,95.6,33.4,23.16,False,4095,0.0,1.7,325.5,EXT-OPEN-METEO-KHI,KARACHI,OPENSOURCE_API_GRID,697,,,,0.95,True,True,TIER2_OPENSOURCE_PURE;CONTINUOUS_MINUTE_STREAM;VERIFIED_MODEL_GRID,9db5f4c10b72a08e40d9b3b325687d56874b8b48247ba74bfb009e6c6589a21f,2026-09-22T11:36:00+00:00,2026-09-22 16:36:00,55.1,1005.8,88
26.0,38.2,89.1,2368.4,687.6,107.0,13.4,7.1,1.8,448.7,380.8,15.7,8.2,95.0,33.4,23.22,False,4095,0.0,1.7,320.4,EXT-OPEN-METEO-KHI,KARACHI,OPENSOURCE_API_GRID,698,,,,0.95,True,True,TIER2_OPENSOURCE_PURE;CONTINUOUS_MINUTE_STREAM;VERIFIED_MODEL_GRID,fd7eef8ffe1cb7ad381529b58ea5b7a61f4bcfb52207c7b3cc2b1ebb5258a851,2026-09-22T11:37:00+00:00,2026-09-22 16:37:00,55.3,1005.8,88
26.0,38.2,89.2,2368.4,687.6,107.0,13.4,7.1,1.8,448.7,381.7,15.8,8.2,94.4,33.3,23.19,False,4095,0.0,1.7,315.3,EXT-OPEN-METEO-KHI,KARACHI,OPENSOURCE_API_GRID,699,,,,0.95,True,True,TIER2_OPENSOURCE_PURE;CONTINUOUS_MINUTE_STREAM;VERIFIED_MODEL_GRID,aa090e2ef8486fb2df9bfa5ce3469355420b8bece95747508dcc676b6dc63685,2026-09-22T11:38:00+00:00,2026-09-22 16:38:00,55.5,1005.8,88
26.0,38.2,89.2,2368.4,687.6,107.0,13.4,7.1,1.8,448.7,382.6,15.9,8.2,93.8,33.3,23.25,False,4095,0.0,1.7,310.4,EXT-OPEN-METEO-KHI,KARACHI,OPENSOURCE_API_GRID,700,,,,0.95,True,True,TIER2_OPENSOURCE_PURE;CONTINUOUS_MINUTE_STREAM;VERIFIED_MODEL_GRID,1abd2a4394716f03fdb6cda67e1d755d686e695bcdb81e632639dcae39db0f48,2026-09-22T11:39:00+00:00,2026-09-22 16:39:00,55.7,1005.8,88
26.0,38.2,89.3,2368.4,687.6,107.0,13.4,7.1,1.8,448.8,383.5,16.0,8.2,93.2,33.2,23.21,False,4095,0.0,1.8,305.6,EXT-OPEN-METEO-KHI,KARACHI,OPENSOURCE_API_GRID,701,,,,0.95,True,True,TIER2_OPENSOURCE_PURE;CONTINUOUS_MINUTE_STREAM;VERIFIED_MODEL_GRID,2a035137e802628f64b2bd53ff9745489852ddaac41701b28d55f60b97f23716,2026-09-22T11:40:00+00:00,2026-09-22 16:40:00,55.9,1005.8,88
26.0,38.2,89.4,2368.4,687.6,107.0,13.4,7.2,1.8,448.8,384.3,16.1,8.2,92.7,33.2,23.24,False,4095,0.0,1.8,300.9,EXT-OPEN-METEO-KHI,KARACHI,OPENSOURCE_API_GRID,702,,,,0.95,True,True,TIER2_OPENSOURCE_PURE;CONTINUOUS_MINUTE_STREAM;VERIFIED_MODEL_GRID,5c1b22f38c62505293e3ebb1294c19e235094a52c38fd690ef0cd3e3ae4b2385,2026-09-22T11:41:00+00:00,2026-09-22 16:41:00,56.0,1005.8,88
26.0,38.3,89.5,2374.6,689.4,107.2,13.4,7.2,1.8,448.8,385.2,16.2,8.2,92.2,33.2,23.3,False,4095,0.0,1.8,296.4,EXT-OPEN-METEO-KHI,KARACHI,OPENSOURCE_API_GRID,703,,,,0.95,True,True,TIER2_OPENSOURCE_PURE;CONTINUOUS_MINUTE_STREAM;VERIFIED_MODEL_GRID,fab4fe019ce1c5de56a01c5c5ce3d28b6ced1bd64e6d53253a41cd38d72987dc,2026-09-22T11:42:00+00:00,2026-09-22 16:42:00,56.2,1005.9,88
26.0,38.3,89.6,2374.6,689.4,107.2,13.4,7.2,1.8,448.8,386.0,16.4,8.2,91.6,33.1,23.27,False,4095,0.0,1.8,292.0,EXT-OPEN-METEO-KHI,KARACHI,OPENSOURCE_API_GRID,704,,,,0.95,True,True,TIER2_OPENSOURCE_PURE;CONTINUOUS_MINUTE_STREAM;VERIFIED_MODEL_GRID,9a11b179bb120d5bb3cf8b34d240d33d92adcf40b2bf79aaa5adbe0641724128,2026-09-22T11:43:00+00:00,2026-09-22 16:43:00,56.4,1005.9,88
26.0,38.3,89.7,2374.6,689.4,107.2,13.4,7.2,1.8,448.8,386.7,16.5,8.2,91.1,33.1,23.3,False,4095,0.0,1.8,287.9,EXT-OPEN-METEO-KHI,KARACHI,OPENSOURCE_API_GRID,705,,,,0.95,True,True,TIER2_OPENSOURCE_PURE;CONTINUOUS_MINUTE_STREAM;VERIFIED_MODEL_GRID,5e0c522199af89e65527403679eb12e2aaf16fe0e24c3736c98fa53dfeff2326,2026-09-22T11:44:00+00:00,2026-09-22 16:44:00,56.5,1005.9,88
26.1,38.4,89.8,2380.8,691.2,107.5,13.4,7.2,1.8,448.9,387.4,16.6,8.2,90.7,33.1,23.36,False,4095,0.0,1.9,283.9,EXT-OPEN-METEO-KHI,KARACHI,OPENSOURCE_API_GRID,706,,,,0.95,True,True,TIER2_OPENSOURCE_PURE;CONTINUOUS_MINUTE_STREAM;VERIFIED_MODEL_GRID,ba645a00f90246e95a9cc9c41a8f99bb65b1b92f2e7f0606f1506068a07aa548,2026-09-22T11:45:00+00:00,2026-09-22 16:45:00,56.7,1005.9,88
26.1,38.4,89.9,2380.8,691.2,107.5,13.4,7.2,1.8,448.9,388.1,16.6,8.2,90.2,33.0,23.32,False,4095,0.0,1.9,280.1,EXT-OPEN-METEO-KHI,KARACHI,OPENSOURCE_API_GRID,707,,,,0.95,True,True,TIER2_OPENSOURCE_PURE;CONTINUOUS_MINUTE_STREAM;VERIFIED_MODEL_GRID,fdd20002e8bb3fda8a5ccc99ee7132ae46177b8ced2979fa58c9743e8d87633b,2026-09-22T11:46:00+00:00,2026-09-22 16:46:00,56.9,1005.9,88
26.2,38.5,90.0,2387.0,693.0,107.8,13.5,7.2,1.8,448.9,388.8,16.7,8.2,89.8,33.0,23.35,False,4095,0.0,1.9,276.6,EXT-OPEN-METEO-KHI,KARACHI,OPENSOURCE_API_GRID,708,,,,0.95,True,True,TIER2_OPENSOURCE_PURE;CONTINUOUS_MINUTE_STREAM;VERIFIED_MODEL_GRID,094b3133cf4cbe9dd9d774e5d15d3604e0fe0ccba2a4961b30c9f1a1641507e7,2026-09-22T11:47:00+00:00,2026-09-22 16:47:00,57.0,1005.9,88
26.2,38.5,90.2,2387.0,693.0,107.8,13.5,7.2,1.8,448.9,389.4,16.8,8.2,89.4,33.0,23.41,False,4095,0.0,1.9,273.3,EXT-OPEN-METEO-KHI,KARACHI,OPENSOURCE_API_GRID,709,,,,0.95,True,True,TIER2_OPENSOURCE_PURE;CONTINUOUS_MINUTE_STREAM;VERIFIED_MODEL_GRID,5adbeea8e6a6e12744ce6e953bf1f4733be33e1d38f4bbaa7e92baaa45abb5e6,2026-09-22T11:48:00+00:00,2026-09-22 16:48:00,57.2,1005.9,88
26.2,38.6,90.3,2393.2,694.8,108.1,13.5,7.2,1.8,448.9,389.9,16.9,8.2,89.0,33.0,23.44,False,4095,0.0,1.9,270.2,EXT-OPEN-METEO-KHI,KARACHI,OPENSOURCE_API_GRID,710,,,,0.95,True,True,TIER2_OPENSOURCE_PURE;CONTINUOUS_MINUTE_STREAM;VERIFIED_MODEL_GRID,2ed7863fd6ff5c96211f0351143362b681b0bb47d4fb714091d135d1b6b2d7ba,2026-09-22T11:49:00+00:00,2026-09-22 16:49:00,57.3,1005.9,88
26.3,38.7,90.4,2399.4,696.6,108.4,13.5,7.2,1.8,448.9,390.5,17.0,8.2,88.7,33.0,23.5,False,4095,0.0,1.9,267.3,EXT-OPEN-METEO-KHI,KARACHI,OPENSOURCE_API_GRID,711,,,,0.95,True,True,TIER2_OPENSOURCE_PURE;CONTINUOUS_MINUTE_STREAM;VERIFIED_MODEL_GRID,3318f8f6fe14d5805137d6c9c40831c8c74eeb4f18e3abad6886e65539cde5f9,2026-09-22T11:50:00+00:00,2026-09-22 16:50:00,57.5,1005.9,88
26.3,38.7,90.6,2399.4,696.6,108.4,13.5,7.2,1.8,448.9,390.9,17.0,8.2,88.4,33.0,23.52,False,4095,0.0,1.9,264.7,EXT-OPEN-METEO-KHI,KARACHI,OPENSOURCE_API_GRID,712,,,,0.95,True,True,TIER2_OPENSOURCE_PURE;CONTINUOUS_MINUTE_STREAM;VERIFIED_MODEL_GRID,5cf9857e9cd7f18c00bdd032bf14ec2252e6fa14487fa6687c59c7d89c643560,2026-09-22T11:51:00+00:00,2026-09-22 16:51:00,57.6,1005.9,88
26.4,38.8,90.7,2405.6,698.4,108.6,13.6,7.3,1.8,449.0,391.4,17.1,8.2,88.1,32.9,23.46,False,4095,0.0,2.0,262.3,EXT-OPEN-METEO-KHI,KARACHI,OPENSOURCE_API_GRID,713,,,,0.95,True,True,TIER2_OPENSOURCE_PURE;CONTINUOUS_MINUTE_STREAM;VERIFIED_MODEL_GRID,dfbe1a67e418eb8b358480cbd4bc23bf5c9c27aee5f2284e8b654de099f5b913,2026-09-22T11:52:00+00:00,2026-09-22 16:52:00,57.7,1005.9,88
26.3,38.7,90.6,2399.4,696.6,108.4,13.5,7.2,1.8,449.0,391.7,17.1,8.2,87.8,32.9,23.52,False,4095,0.0,2.0,260.2,EXT-OPEN-METEO-KHI,KARACHI,OPENSOURCE_API_GRID,714,,,,0.95,True,True,TIER2_OPENSOURCE_PURE;CONTINUOUS_MINUTE_STREAM;VERIFIED_MODEL_GRID,68fde7ddd7b40ec438f0941ad9205aac5e34cfc6b304340c28e0f15f692b95db,2026-09-22T11:53:00+00:00,2026-09-22 16:53:00,57.9,1005.9,88
26.4,38.8,90.7,2405.6,698.4,108.6,13.6,7.3,1.8,449.0,392.1,17.2,8.2,87.6,32.9,23.55,False,4095,0.0,2.0,258.4,EXT-OPEN-METEO-KHI,KARACHI,OPENSOURCE_API_GRID,715,,,,0.95,True,True,TIER2_OPENSOURCE_PURE;CONTINUOUS_MINUTE_STREAM;VERIFIED_MODEL_GRID,d000a3aa4a23707f46477faa0f2c758a387c723936431864915e720f48ab99fe,2026-09-22T11:54:00+00:00,2026-09-22 16:54:00,58.0,1005.9,88
26.5,38.9,90.8,2411.8,700.2,108.9,13.6,7.3,1.8,449.0,392.4,17.2,8.2,87.4,32.9,23.55,False,4095,0.0,2.0,256.9,EXT-OPEN-METEO-KHI,KARACHI,OPENSOURCE_API_GRID,716,,,,0.95,True,True,TIER2_OPENSOURCE_PURE;CONTINUOUS_MINUTE_STREAM;VERIFIED_MODEL_GRID,4e015ed57cbe0a39e16888b4c9ea4cdf698c3bc6ef02d75a8f2450309eea6af9,2026-09-22T11:55:00+00:00,2026-09-22 16:55:00,58.0,1005.9,88
26.5,38.9,90.9,2411.8,700.2,108.9,13.6,7.3,1.8,449.0,392.6,17.2,8.2,87.3,32.9,23.55,False,4095,0.0,2.0,255.6,EXT-OPEN-METEO-KHI,KARACHI,OPENSOURCE_API_GRID,717,,,,0.95,True,True,TIER2_OPENSOURCE_PURE;CONTINUOUS_MINUTE_STREAM;VERIFIED_MODEL_GRID,df3d2d5a6be23123e066b1462a13b93306a682e85445fa0574c65c152c161481,2026-09-22T11:56:00+00:00,2026-09-22 16:56:00,58.0,1005.9,88
26.5,38.9,91.0,2411.8,700.2,108.9,13.6,7.3,1.8,449.0,392.8,17.3,8.2,87.2,32.9,23.57,False,4095,0.0,2.0,254.6,EXT-OPEN-METEO-KHI,KARACHI,OPENSOURCE_API_GRID,718,,,,0.95,True,True,TIER2_OPENSOURCE_PURE;CONTINUOUS_MINUTE_STREAM;VERIFIED_MODEL_GRID,39091d823bea45dc095ac414fc1f5322cd888af24916995fd8b89c1b706e432d,2026-09-22T11:57:00+00:00,2026-09-22 16:57:00,58.1,1005.9,88
26.5,39.0,91.1,2418.0,702.0,109.2,13.6,7.3,1.8,449.0,392.9,17.3,8.2,87.1,32.9,23.57,False,4095,0.0,2.0,253.9,EXT-OPEN-METEO-KHI,KARACHI,OPENSOURCE_API_GRID,719,,,,0.95,True,True,TIER2_OPENSOURCE_PURE;CONTINUOUS_MINUTE_STREAM;VERIFIED_MODEL_GRID,aca9cc3ed707acea17093fb064a2e2534c906ae9e7a73f73001e09ef6706149c,2026-09-22T11:58:00+00:00,2026-09-22 16:58:00,58.1,1005.9,88
26.5,39.0,91.1,2418.0,702.0,109.2,13.6,7.3,1.8,449.0,393.0,17.3,8.2,87.0,32.9,23.57,False,4095,0.0,2.0,253.4,EXT-OPEN-METEO-KHI,KARACHI,OPENSOURCE_API_GRID,720,,,,0.95,True,True,TIER2_OPENSOURCE_PURE;CONTINUOUS_MINUTE_STREAM;VERIFIED_MODEL_GRID,dca62ff62031a93b006d251fc00e59da296baed3e6c4613f07d3f872981d2bd0,2026-09-22T11:59:00+00:00,2026-09-22 16:59:00,58.1,1005.9,88
26.5,39.0,91.1,2418.0,702.0,109.2,13.6,7.3,1.8,449.0,393.0,17.3,8.2,87.0,32.9,23.57,False,4095,0.0,2.0,253.3,EXT-OPEN-METEO-KHI,KARACHI,OPENSOURCE_API_GRID,721,,,,0.95,True,False,TIER2_OPENSOURCE_PURE;HOURLY_NODE;VERIFIED_MODEL_GRID,518e40a1a9c4264a4fbbb473d50a20973a19df059d162d29efb44e037837f2c0,2026-09-22T12:00:00+00:00,2026-09-22 17:00:00,58.1,1005.9,89
26.5,39.0,91.1,2418.0,702.0,109.2,13.6,7.3,1.8,449.0,393.0,17.3,8.2,87.0,32.9,23.55,False,4095,0.0,2.0,253.2,EXT-OPEN-METEO-KHI,KARACHI,OPENSOURCE_API_GRID,722,,,,0.95,True,True,TIER2_OPENSOURCE_PURE;CONTINUOUS_MINUTE_STREAM;VERIFIED_MODEL_GRID,0c5a9153fe7147ea9e8f7293e01896d7c5ad1806d4edb4fe7ad65478923de02a,2026-09-22T12:01:00+00:00,2026-09-22 17:01:00,58.0,1005.9,89
26.5,39.0,91.1,2418.0,702.0,109.2,13.6,7.3,1.8,449.0,393.0,17.3,8.2,86.9,32.9,23.55,False,4095,0.0,2.0,252.8,EXT-OPEN-METEO-KHI,KARACHI,OPENSOURCE_API_GRID,723,,,,0.95,True,True,TIER2_OPENSOURCE_PURE;CONTINUOUS_MINUTE_STREAM;VERIFIED_MODEL_GRID,5400f6ad37685dfca3e0015f5c3633c4a35ed75d7cb512c55076d03ada953afb,2026-09-22T12:02:00+00:00,2026-09-22 17:02:00,58.0,1005.9,89
26.5,39.0,91.0,2418.0,702.0,109.2,13.6,7.3,1.8,449.0,393.1,17.4,8.2,86.8,32.9,23.55,False,4095,0.0,2.0,252.1,EXT-OPEN-METEO-KHI,KARACHI,OPENSOURCE_API_GRID,724,,,,0.95,True,True,TIER2_OPENSOURCE_PURE;CONTINUOUS_MINUTE_STREAM;VERIFIED_MODEL_GRID,d912f1aacc0a8c879f92e1f23dddbaa4e75e555425426fbc4049a1c29d5e7921,2026-09-22T12:03:00+00:00,2026-09-22 17:03:00,58.0,1005.9,89
26.5,38.9,91.0,2411.8,700.2,108.9,13.6,7.3,1.8,449.0,393.1,17.4,8.2,86.7,32.9,23.57,False,4095,0.0,2.1,251.2,EXT-OPEN-METEO-KHI,KARACHI,OPENSOURCE_API_GRID,725,,,,0.95,True,True,TIER2_OPENSOURCE_PURE;CONTINUOUS_MINUTE_STREAM;VERIFIED_MODEL_GRID,f417081df6e9eabebb0089a060786b54963249cc8f94f36fa6afd14a046fa68b,2026-09-22T12:04:00+00:00,2026-09-22 17:04:00,58.1,1005.9,89
26.5,38.9,90.9,2411.8,700.2,108.9,13.6,7.3,1.8,449.0,393.2,17.5,8.2,86.6,32.9,23.57,False,4095,0.0,2.1,250.0,EXT-OPEN-METEO-KHI,KARACHI,OPENSOURCE_API_GRID,726,,,,0.95,True,True,TIER2_OPENSOURCE_PURE;CONTINUOUS_MINUTE_STREAM;VERIFIED_MODEL_GRID,28e07002353d88a27e45f59436b91b0f143646344d638ab9750e6fb9e82d3456,2026-09-22T12:05:00+00:00,2026-09-22 17:05:00,58.1,1005.9,89
26.5,38.9,90.9,2411.8,700.2,108.9,13.6,7.3,1.8,449.0,393.3,17.5,8.2,86.4,32.9,23.57,False,4095,0.0,2.2,248.5,EXT-OPEN-METEO-KHI,KARACHI,OPENSOURCE_API_GRID,727,,,,0.95,True,True,TIER2_OPENSOURCE_PURE;CONTINUOUS_MINUTE_STREAM;VERIFIED_MODEL_GRID,12013f6b3e34b5fda5fa4edec7734455fbc4be72b8a539f3f86aefd4bf057e40,2026-09-22T12:06:00+00:00,2026-09-22 17:06:00,58.1,1005.9,89
26.4,38.8,90.8,2405.6,698.4,108.6,13.6,7.3,1.8,449.0,393.4,17.6,8.2,86.2,32.9,23.6,False,4095,0.0,2.3,246.8,EXT-OPEN-METEO-KHI,KARACHI,OPENSOURCE_API_GRID,728,,,,0.95,True,True,TIER2_OPENSOURCE_PURE;CONTINUOUS_MINUTE_STREAM;VERIFIED_MODEL_GRID,05dece7f5b33f2148b5a503bd1edf0d99bf2aeca164c6285a0212592deb36754,2026-09-22T12:07:00+00:00,2026-09-22 17:07:00,58.2,1005.9,89
26.4,38.8,90.8,2405.6,698.4,108.6,13.6,7.3,1.8,449.0,393.5,17.7,8.2,85.9,32.8,23.54,False,4095,0.0,2.3,244.9,EXT-OPEN-METEO-KHI,KARACHI,OPENSOURCE_API_GRID,729,,,,0.95,True,True,TIER2_OPENSOURCE_PURE;CONTINUOUS_MINUTE_STREAM;VERIFIED_MODEL_GRID,51f1c899d314fd5f3168211e5fcd53748ac3673148179e77881082949415f52a,2026-09-22T12:08:00+00:00,2026-09-22 17:08:00,58.3,1005.9,89
26.4,38.8,90.7,2405.6,698.4,108.6,13.6,7.3,1.8,449.1,393.6,17.8,8.2,85.6,32.8,23.57,False,4095,0.0,2.4,242.7,EXT-OPEN-METEO-KHI,KARACHI,OPENSOURCE_API_GRID,730,,,,0.95,True,True,TIER2_OPENSOURCE_PURE;CONTINUOUS_MINUTE_STREAM;VERIFIED_MODEL_GRID,2f3386b0a6ca9d38ca684ed1235539824e493691c0b8f3d9c2aba82a4a765138,2026-09-22T12:09:00+00:00,2026-09-22 17:09:00,58.4,1005.9,89
26.3,38.7,90.6,2399.4,696.6,108.4,13.5,7.2,1.8,449.1,393.7,17.9,8.2,85.3,32.8,23.59,False,4095,0.0,2.5,240.3,EXT-OPEN-METEO-KHI,KARACHI,OPENSOURCE_API_GRID,731,,,,0.95,True,True,TIER2_OPENSOURCE_PURE;CONTINUOUS_MINUTE_STREAM;VERIFIED_MODEL_GRID,602a16ec0ec5cac4e4e61f9f5374f99cb52d3a79005945190887da54a6b57166,2026-09-22T12:10:00+00:00,2026-09-22 17:10:00,58.5,1005.9,89
26.3,38.7,90.6,2399.4,696.6,108.4,13.5,7.2,1.8,449.1,393.9,18.0,8.2,85.0,32.7,23.53,False,4095,0.0,2.6,237.6,EXT-OPEN-METEO-KHI,KARACHI,OPENSOURCE_API_GRID,732,,,,0.95,True,True,TIER2_OPENSOURCE_PURE;CONTINUOUS_MINUTE_STREAM;VERIFIED_MODEL_GRID,8055a1db870b832626f858b5dc0f34b749b9072ac5ac77d4093ac3235c6231b7,2026-09-22T12:11:00+00:00,2026-09-22 17:11:00,58.6,1005.9,89
26.3,38.7,90.6,2399.4,696.6,108.4,13.5,7.2,1.8,449.1,394.1,18.2,8.2,84.6,32.7,23.56,False,4095,0.0,2.8,234.7,EXT-OPEN-METEO-KHI,KARACHI,OPENSOURCE_API_GRID,733,,,,0.95,True,True,TIER2_OPENSOURCE_PURE;CONTINUOUS_MINUTE_STREAM;VERIFIED_MODEL_GRID,aba2de8eb0082077bd7567dc2415e47f8b64766b91e1a1672033caebfff0af12,2026-09-22T12:12:00+00:00,2026-09-22 17:12:00,58.7,1005.9,89
26.3,38.7,90.5,2399.4,696.6,108.4,13.5,7.2,1.8,449.1,394.2,18.3,8.2,84.2,32.7,23.61,False,4095,0.0,2.9,231.6,EXT-OPEN-METEO-KHI,KARACHI,OPENSOURCE_API_GRID,734,,,,0.95,True,True,TIER2_OPENSOURCE_PURE;CONTINUOUS_MINUTE_STREAM;VERIFIED_MODEL_GRID,2514a0db9b7d82ea8ee31f5715013eade5e85aba0dbbf1665891f39b01a2037f,2026-09-22T12:13:00+00:00,2026-09-22 17:13:00,58.9,1005.9,89
26.3,38.7,90.5,2399.4,696.6,108.4,13.5,7.2,1.8,449.1,394.4,18.5,8.2,83.8,32.6,23.55,False,4095,0.0,3.0,228.3,EXT-OPEN-METEO-KHI,KARACHI,OPENSOURCE_API_GRID,735,,,,0.95,True,True,TIER2_OPENSOURCE_PURE;CONTINUOUS_MINUTE_STREAM;VERIFIED_MODEL_GRID,707cd90c4a0c81f4daad68f96876724f8393281e592f9c3b39ea86e82023474f,2026-09-22T12:14:00+00:00,2026-09-22 17:14:00,59.0,1005.9,89
26.3,38.7,90.5,2399.4,696.6,108.4,13.5,7.2,1.8,449.1,394.6,18.6,8.2,83.3,32.6,23.6,False,4095,0.0,3.2,224.8,EXT-OPEN-METEO-KHI,KARACHI,OPENSOURCE_API_GRID,736,,,,0.95,True,True,TIER2_OPENSOURCE_PURE;CONTINUOUS_MINUTE_STREAM;VERIFIED_MODEL_GRID,2b0903a4745b7b56b77c44a983a6f83f30ae9751d3ce2c36510ed2dcfe06a8f2,2026-09-22T12:15:00+00:00,2026-09-22 17:15:00,59.2,1005.9,89
26.4,38.8,90.6,2405.6,698.4,108.6,13.6,7.2,1.8,449.2,394.8,18.8,8.2,82.9,32.6,23.66,False,4095,0.0,3.3,221.2,EXT-OPEN-METEO-KHI,KARACHI,OPENSOURCE_API_GRID,737,,,,0.95,True,True,TIER2_OPENSOURCE_PURE;CONTINUOUS_MINUTE_STREAM;VERIFIED_MODEL_GRID,a638fefd039252fb2115ecbe5d07bda9c9abf2ab54c6b16ebed2f1f1c8f33bda,2026-09-22T12:16:00+00:00,2026-09-22 17:16:00,59.4,1005.9,89
26.4,38.8,90.6,2405.6,698.4,108.6,13.6,7.2,1.8,449.2,395.0,19.0,8.2,82.4,32.5,23.62,False,4095,0.0,3.5,217.3,EXT-OPEN-METEO-KHI,KARACHI,OPENSOURCE_API_GRID,738,,,,0.95,True,True,TIER2_OPENSOURCE_PURE;CONTINUOUS_MINUTE_STREAM;VERIFIED_MODEL_GRID,8cdcd0ee82e34eba18e3399d6c4afef064d4e67099cbaf7138df3866523e155b,2026-09-22T12:17:00+00:00,2026-09-22 17:17:00,59.6,1005.9,89
26.5,38.9,90.6,2411.8,700.2,108.9,13.6,7.2,1.8,449.2,395.3,19.2,8.2,81.8,32.5,23.68,False,4095,0.0,3.6,213.3,EXT-OPEN-METEO-KHI,KARACHI,OPENSOURCE_API_GRID,739,,,,0.95,True,True,TIER2_OPENSOURCE_PURE;CONTINUOUS_MINUTE_STREAM;VERIFIED_MODEL_GRID,55feb4effee3e3c272265d43024cdab80514ee9df2b7d14958fa6465ad28e5ad,2026-09-22T12:18:00+00:00,2026-09-22 17:18:00,59.8,1005.9,89
26.5,38.9,90.7,2411.8,700.2,108.9,13.6,7.3,1.8,449.2,395.5,19.4,8.2,81.3,32.4,23.64,False,4095,0.0,3.8,209.1,EXT-OPEN-METEO-KHI,KARACHI,OPENSOURCE_API_GRID,740,,,,0.95,True,True,TIER2_OPENSOURCE_PURE;CONTINUOUS_MINUTE_STREAM;VERIFIED_MODEL_GRID,07f6e4a13a150e285a68110b898b85209afaaac5f31b425820a76cb4d3ce0eb7,2026-09-22T12:19:00+00:00,2026-09-22 17:19:00,60.0,1005.9,89
26.5,39.0,90.8,2418.0,702.0,109.2,13.6,7.3,1.8,449.2,395.8,19.6,8.2,80.8,32.4,23.7,False,4095,0.0,4.0,204.7,EXT-OPEN-METEO-KHI,KARACHI,OPENSOURCE_API_GRID,741,,,,0.95,True,True,TIER2_OPENSOURCE_PURE;CONTINUOUS_MINUTE_STREAM;VERIFIED_MODEL_GRID,b6bdd3721be949d9a79948606fd914e05c97d200255c4f9a9c65738f6c50baa1,2026-09-22T12:20:00+00:00,2026-09-22 17:20:00,60.2,1005.9,89
26.5,39.0,90.8,2418.0,702.0,109.2,13.6,7.3,1.8,449.3,396.0,19.8,8.2,80.2,32.4,23.78,False,4095,0.0,4.2,200.3,EXT-OPEN-METEO-KHI,KARACHI,OPENSOURCE_API_GRID,742,,,,0.95,True,True,TIER2_OPENSOURCE_PURE;CONTINUOUS_MINUTE_STREAM;VERIFIED_MODEL_GRID,c986bb3dc81f39a97cbfdc61e7f0fb309f8aaf233b6d89e1591ae5c93e80d760,2026-09-22T12:21:00+00:00,2026-09-22 17:21:00,60.5,1005.9,89
26.6,39.1,90.9,2424.2,703.8,109.5,13.7,7.3,1.8,449.3,396.3,20.0,8.2,79.6,32.3,23.74,False,4095,0.0,4.4,195.7,EXT-OPEN-METEO-KHI,KARACHI,OPENSOURCE_API_GRID,743,,,,0.95,True,True,TIER2_OPENSOURCE_PURE;CONTINUOUS_MINUTE_STREAM;VERIFIED_MODEL_GRID,3b16b0ca9adc454f1a2e3ed6e9aedb0002d4dfd16a5c74a87b6f3dc56a26f4b0,2026-09-22T12:22:00+00:00,2026-09-22 17:22:00,60.7,1006.0,89
26.7,39.2,91.0,2430.4,705.6,109.8,13.7,7.3,1.8,449.3,396.5,20.3,8.2,79.0,32.3,23.79,False,4095,0.0,4.6,191.0,EXT-OPEN-METEO-KHI,KARACHI,OPENSOURCE_API_GRID,744,,,,0.95,True,True,TIER2_OPENSOURCE_PURE;CONTINUOUS_MINUTE_STREAM;VERIFIED_MODEL_GRID,63c968f71b915cd4f464525945ec67c86ccc7f0dacdcc229603e9d7b1332b4bd,2026-09-22T12:23:00+00:00,2026-09-22 17:23:00,60.9,1006.0,89
26.6,39.1,90.9,2424.2,703.8,109.5,13.7,7.3,1.8,449.3,396.8,20.5,8.2,78.4,32.3,23.9,False,4095,0.0,4.8,186.2,EXT-OPEN-METEO-KHI,KARACHI,OPENSOURCE_API_GRID,745,,,,0.95,True,True,TIER2_OPENSOURCE_PURE;CONTINUOUS_MINUTE_STREAM;VERIFIED_MODEL_GRID,86d04bf548a1885f20b2b8301370253594e3306736550de912222c5e1ab1500b,2026-09-22T12:24:00+00:00,2026-09-22 17:24:00,61.3,1006.0,89
26.7,39.2,90.9,2430.4,705.6,109.8,13.7,7.3,1.8,449.4,397.1,20.7,8.2,77.7,32.2,23.86,False,4095,0.0,5.0,181.3,EXT-OPEN-METEO-KHI,KARACHI,OPENSOURCE_API_GRID,746,,,,0.95,True,True,TIER2_OPENSOURCE_PURE;CONTINUOUS_MINUTE_STREAM;VERIFIED_MODEL_GRID,e9c5ac88314804d162b98f91deb177a74607f2b00b8fbc926053ebaf72feec4b,2026-09-22T12:25:00+00:00,2026-09-22 17:25:00,61.5,1006.0,89
26.7,39.2,91.0,2430.4,705.6,109.8,13.7,7.3,1.8,449.4,397.4,20.9,8.2,77.1,32.2,23.92,False,4095,0.0,5.2,176.3,EXT-OPEN-METEO-KHI,KARACHI,OPENSOURCE_API_GRID,747,,,,0.95,True,True,TIER2_OPENSOURCE_PURE;CONTINUOUS_MINUTE_STREAM;VERIFIED_MODEL_GRID,210ac7bc56130794f949fdea3137cd676b81a418b8f7f8d1c9012e636369e136,2026-09-22T12:26:00+00:00,2026-09-22 17:26:00,61.7,1006.0,89
26.7,39.3,91.1,2436.6,707.4,110.0,13.8,7.3,1.8,449.4,397.6,21.2,8.2,76.5,32.2,23.97,False,4095,0.0,5.4,171.3,EXT-OPEN-METEO-KHI,KARACHI,OPENSOURCE_API_GRID,748,,,,0.95,True,True,TIER2_OPENSOURCE_PURE;CONTINUOUS_MINUTE_STREAM;VERIFIED_MODEL_GRID,629733aefd6f737823eca346f28102ccf4842cfe4fe150e82458d1bb3796deb7,2026-09-22T12:27:00+00:00,2026-09-22 17:27:00,61.9,1006.0,89
26.8,39.4,91.1,2442.8,709.2,110.3,13.8,7.3,1.8,449.4,397.9,21.4,8.2,75.8,32.1,23.93,False,4095,0.0,5.6,166.3,EXT-OPEN-METEO-KHI,KARACHI,OPENSOURCE_API_GRID,749,,,,0.95,True,True,TIER2_OPENSOURCE_PURE;CONTINUOUS_MINUTE_STREAM;VERIFIED_MODEL_GRID,083243d2b582728f8e8ac274ff1ec079010b302e9977a1ee1e32bed10c3d9fd8,2026-09-22T12:28:00+00:00,2026-09-22 17:28:00,62.1,1006.0,89
26.8,39.4,91.2,2442.8,709.2,110.3,13.8,7.3,1.8,449.5,398.2,21.7,8.2,75.2,32.1,24.01,False,4095,0.0,5.8,161.2,EXT-OPEN-METEO-KHI,KARACHI,OPENSOURCE_API_GRID,750,,,,0.95,True,True,TIER2_OPENSOURCE_PURE;CONTINUOUS_MINUTE_STREAM;VERIFIED_MODEL_GRID,674a9bb26d33a0a639418cec1ad0eb887fbc366d50a46e6f563039e1b756369b,2026-09-22T12:29:00+00:00,2026-09-22 17:29:00,62.4,1006.0,89
26.8,39.4,91.2,2442.8,709.2,110.3,13.8,7.3,1.8,449.5,398.5,21.9,8.2,74.5,32.0,23.97,False,4095,0.0,6.0,156.2,EXT-OPEN-METEO-KHI,KARACHI,OPENSOURCE_API_GRID,751,,,,0.95,True,True,TIER2_OPENSOURCE_PURE;CONTINUOUS_MINUTE_STREAM;VERIFIED_MODEL_GRID,86121b84993a5d7613b185abbbab86167f27c2a70a896a65a8a279020838ef2f,2026-09-22T12:30:00+00:00,2026-09-22 17:30:00,62.6,1006.0,89
26.9,39.5,91.2,2449.0,711.0,110.6,13.8,7.3,1.8,449.5,398.8,22.1,8.3,73.8,32.0,24.02,False,4095,0.0,6.2,151.1,EXT-OPEN-METEO-KHI,KARACHI,OPENSOURCE_API_GRID,752,,,,0.95,True,True,TIER2_OPENSOURCE_PURE;CONTINUOUS_MINUTE_STREAM;VERIFIED_MODEL_GRID,fe32dcd1d2408cd4799963baea2fcd10d02f0d42e78e1cf274f586534c76c3ee,2026-09-22T12:31:00+00:00,2026-09-22 17:31:00,62.8,1006.0,89
26.9,39.5,91.2,2449.0,711.0,110.6,13.8,7.3,1.8,449.6,399.1,22.4,8.3,73.2,32.0,24.08,False,4095,0.0,6.4,146.0,EXT-OPEN-METEO-KHI,KARACHI,OPENSOURCE_API_GRID,753,,,,0.95,True,True,TIER2_OPENSOURCE_PURE;CONTINUOUS_MINUTE_STREAM;VERIFIED_MODEL_GRID,2fc5ec3d8516b229e5ce32f1e801a7f646e1b2090c3345355342a9f9c1b83a74,2026-09-22T12:32:00+00:00,2026-09-22 17:32:00,63.0,1006.0,89
26.9,39.5,91.2,2449.0,711.0,110.6,13.8,7.3,1.8,449.6,399.4,22.6,8.3,72.5,31.9,24.03,False,4095,0.0,6.6,141.0,EXT-OPEN-METEO-KHI,KARACHI,OPENSOURCE_API_GRID,754,,,,0.95,True,True,TIER2_OPENSOURCE_PURE;CONTINUOUS_MINUTE_STREAM;VERIFIED_MODEL_GRID,92f24e50215920d794d623b4b7c15daa162f4e6e5900802f5fc4ab771df7891d,2026-09-22T12:33:00+00:00,2026-09-22 17:33:00,63.2,1006.0,89
26.9,39.5,91.2,2449.0,711.0,110.6,13.8,7.3,1.8,449.6,399.6,22.9,8.3,71.9,31.9,24.09,False,4095,0.0,6.8,136.0,EXT-OPEN-METEO-KHI,KARACHI,OPENSOURCE_API_GRID,755,,,,0.95,True,True,TIER2_OPENSOURCE_PURE;CONTINUOUS_MINUTE_STREAM;VERIFIED_MODEL_GRID,ecff5291a8f28fd756b331ee7be58774733ce791199904c04c39f184e3780df5,2026-09-22T12:34:00+00:00,2026-09-22 17:34:00,63.4,1006.0,89
26.9,39.5,91.1,2449.0,711.0,110.6,13.8,7.3,1.8,449.6,399.9,23.1,8.3,71.3,31.8,24.04,False,4095,0.0,7.0,131.0,EXT-OPEN-METEO-KHI,KARACHI,OPENSOURCE_API_GRID,756,,,,0.95,True,True,TIER2_OPENSOURCE_PURE;CONTINUOUS_MINUTE_STREAM;VERIFIED_MODEL_GRID,6f0e252bfe21ddc9b6fbb974eb2c37f359a775dc0fe0d13b9ae17b40e2ebac75,2026-09-22T12:35:00+00:00,2026-09-22 17:35:00,63.6,1006.0,89
26.9,39.5,91.1,2449.0,711.0,110.6,13.8,7.3,1.8,449.7,400.2,23.3,8.3,70.6,31.8,24.1,False,4095,0.0,7.2,126.1,EXT-OPEN-METEO-KHI,KARACHI,OPENSOURCE_API_GRID,757,,,,0.95,True,True,TIER2_OPENSOURCE_PURE;CONTINUOUS_MINUTE_STREAM;VERIFIED_MODEL_GRID,cc7f8ea80070cfaf4e9e66574a64bc42ccee85b00e1de3ad7d17c4355668f0a7,2026-09-22T12:36:00+00:00,2026-09-22 17:36:00,63.8,1006.1,89
26.9,39.5,91.0,2449.0,711.0,110.6,13.8,7.3,1.8,449.7,400.5,23.5,8.3,70.0,31.7,24.05,False,4095,0.0,7.4,121.3,EXT-OPEN-METEO-KHI,KARACHI,OPENSOURCE_API_GRID,758,,,,0.95,True,True,TIER2_OPENSOURCE_PURE;CONTINUOUS_MINUTE_STREAM;VERIFIED_MODEL_GRID,7e5c6ee57e0f668bb6feb40bb913725c17cd1d73c307bf7414cae905e8d76502,2026-09-22T12:37:00+00:00,2026-09-22 17:37:00,64.0,1006.1,89
26.8,39.4,90.9,2442.8,709.2,110.3,13.8,7.3,1.8,449.7,400.7,23.8,8.3,69.4,31.7,24.11,False,4095,0.0,7.6,116.6,EXT-OPEN-METEO-KHI,KARACHI,OPENSOURCE_API_GRID,759,,,,0.95,True,True,TIER2_OPENSOURCE_PURE;CONTINUOUS_MINUTE_STREAM;VERIFIED_MODEL_GRID,cfd538cfdd9a2a08293380782ae5e984370e14bda87e37e915a25b949c6a4be8,2026-09-22T12:38:00+00:00,2026-09-22 17:38:00,64.2,1006.1,89
26.8,39.4,90.9,2442.8,709.2,110.3,13.8,7.3,1.8,449.7,401.0,24.0,8.3,68.8,31.6,24.06,False,4095,0.0,7.8,112.0,EXT-OPEN-METEO-KHI,KARACHI,OPENSOURCE_API_GRID,760,,,,0.95,True,True,TIER2_OPENSOURCE_PURE;CONTINUOUS_MINUTE_STREAM;VERIFIED_MODEL_GRID,84ada8a9c9ce41315af6579e802c928c29f1fb8cdf73833dc4774d7697011b2b,2026-09-22T12:39:00+00:00,2026-09-22 17:39:00,64.4,1006.1,89
26.8,39.4,90.8,2442.8,709.2,110.3,13.8,7.3,1.8,449.8,401.2,24.2,8.3,68.2,31.5,24.02,False,4095,0.0,8.0,107.6,EXT-OPEN-METEO-KHI,KARACHI,OPENSOURCE_API_GRID,761,,,,0.95,True,True,TIER2_OPENSOURCE_PURE;CONTINUOUS_MINUTE_STREAM;VERIFIED_MODEL_GRID,8551296580b1b78d5b32a62fbdc7ba036324c9bd634b7cbf05015cf17c521f8d,2026-09-22T12:40:00+00:00,2026-09-22 17:40:00,64.6,1006.1,89
26.8,39.4,90.8,2442.8,709.2,110.3,13.8,7.3,1.8,449.8,401.5,24.4,8.3,67.7,31.5,24.07,False,4095,0.0,8.2,103.2,EXT-OPEN-METEO-KHI,KARACHI,OPENSOURCE_API_GRID,762,,,,0.95,True,True,TIER2_OPENSOURCE_PURE;CONTINUOUS_MINUTE_STREAM;VERIFIED_MODEL_GRID,dd54bede74ca040b9eb4bc3a8f42163d51eeff53b1899588fdb1e3022bca0335,2026-09-22T12:41:00+00:00,2026-09-22 17:41:00,64.8,1006.1,89
26.8,39.4,90.7,2442.8,709.2,110.3,13.8,7.3,1.8,449.8,401.7,24.6,8.3,67.2,31.4,24.03,False,4095,0.0,8.4,99.0,EXT-OPEN-METEO-KHI,KARACHI,OPENSOURCE_API_GRID,763,,,,0.95,True,True,TIER2_OPENSOURCE_PURE;CONTINUOUS_MINUTE_STREAM;VERIFIED_MODEL_GRID,63e7703ea097d6a8cda58c12c584f243a66f9944da4e5a74c1ef74c7ef94d0af,2026-09-22T12:42:00+00:00,2026-09-22 17:42:00,65.0,1006.1,89
26.8,39.4,90.7,2442.8,709.2,110.3,13.8,7.3,1.8,449.8,402.0,24.8,8.3,66.6,31.4,24.08,False,4095,0.0,8.5,95.0,EXT-OPEN-METEO-KHI,KARACHI,OPENSOURCE_API_GRID,764,,,,0.95,True,True,TIER2_OPENSOURCE_PURE;CONTINUOUS_MINUTE_STREAM;VERIFIED_MODEL_GRID,e89d72a31a11df8d437702aabf1a6fd49225097736650484a20ec3cb52f99a60,2026-09-22T12:43:00+00:00,2026-09-22 17:43:00,65.2,1006.1,89
26.8,39.4,90.7,2442.8,709.2,110.3,13.8,7.3,1.8,449.8,402.2,25.0,8.3,66.1,31.4,24.13,False,4095,0.0,8.7,91.1,EXT-OPEN-METEO-KHI,KARACHI,OPENSOURCE_API_GRID,765,,,,0.95,True,True,TIER2_OPENSOURCE_PURE;CONTINUOUS_MINUTE_STREAM;VERIFIED_MODEL_GRID,c85833b4f4f47dbb5fb93bd8ead68e81b9034065b96a0d797057f1ac3a29822d,2026-09-22T12:44:00+00:00,2026-09-22 17:44:00,65.4,1006.1,89
26.8,39.4,90.7,2442.8,709.2,110.3,13.8,7.3,1.8,449.9,402.4,25.2,8.3,65.7,31.3,24.06,False,4095,0.0,8.8,87.5,EXT-OPEN-METEO-KHI,KARACHI,OPENSOURCE_API_GRID,766,,,,0.95,True,True,TIER2_OPENSOURCE_PURE;CONTINUOUS_MINUTE_STREAM;VERIFIED_MODEL_GRID,a7c9c4e4c6029a8bd629dbb14ffdd85a5c29ce3938ea2f16eaf279a605ae1b9a,2026-09-22T12:45:00+00:00,2026-09-22 17:45:00,65.5,1006.1,89
26.8,39.4,90.7,2442.8,709.2,110.3,13.8,7.3,1.8,449.9,402.6,25.3,8.3,65.2,31.3,24.11,False,4095,0.0,9.0,84.0,EXT-OPEN-METEO-KHI,KARACHI,OPENSOURCE_API_GRID,767,,,,0.95,True,True,TIER2_OPENSOURCE_PURE;CONTINUOUS_MINUTE_STREAM;VERIFIED_MODEL_GRID,f8fae7728989198237dac02662b2f3a0b4cb239b23ec5372a3be71122ea35aaa,2026-09-22T12:46:00+00:00,2026-09-22 17:46:00,65.7,1006.1,89
26.8,39.4,90.7,2442.8,709.2,110.3,13.8,7.3,1.8,449.9,402.8,25.5,8.3,64.8,31.3,24.16,False,4095,0.0,9.1,80.7,EXT-OPEN-METEO-KHI,KARACHI,OPENSOURCE_API_GRID,768,,,,0.95,True,True,TIER2_OPENSOURCE_PURE;CONTINUOUS_MINUTE_STREAM;VERIFIED_MODEL_GRID,5db8dc7b3629f04197dafb6b3999c55e1cab87bbd0b1ead07099bd2d2c63e6a1,2026-09-22T12:47:00+00:00,2026-09-22 17:47:00,65.9,1006.1,89
26.9,39.5,90.7,2449.0,711.0,110.6,13.8,7.3,1.8,449.9,402.9,25.6,8.3,64.4,31.2,24.09,False,4095,0.0,9.2,77.6,EXT-OPEN-METEO-KHI,KARACHI,OPENSOURCE_API_GRID,769,,,,0.95,True,True,TIER2_OPENSOURCE_PURE;CONTINUOUS_MINUTE_STREAM;VERIFIED_MODEL_GRID,ed65962a5cf1321157677ffd9a9a7696ab9f2f9679923f7939a9e4ea6c98e63d,2026-09-22T12:48:00+00:00,2026-09-22 17:48:00,66.0,1006.1,89
26.9,39.5,90.8,2449.0,711.0,110.6,13.8,7.3,1.8,449.9,403.1,25.8,8.3,64.0,31.2,24.14,False,4095,0.0,9.4,74.7,EXT-OPEN-METEO-KHI,KARACHI,OPENSOURCE_API_GRID,770,,,,0.95,True,True,TIER2_OPENSOURCE_PURE;CONTINUOUS_MINUTE_STREAM;VERIFIED_MODEL_GRID,25a134e8f612c9104390173c0316d1c3d8127a19cc4f13d42d3a61f4b8e71f93,2026-09-22T12:49:00+00:00,2026-09-22 17:49:00,66.2,1006.1,89
26.9,39.5,90.8,2449.0,711.0,110.6,13.8,7.3,1.8,449.9,403.3,25.9,8.3,63.7,31.2,24.17,False,4095,0.0,9.5,72.0,EXT-OPEN-METEO-KHI,KARACHI,OPENSOURCE_API_GRID,771,,,,0.95,True,True,TIER2_OPENSOURCE_PURE;CONTINUOUS_MINUTE_STREAM;VERIFIED_MODEL_GRID,b74d8fa2def25d9e971fe6bd49fe34adc5fa25a2beffa84767ab10b6ac675953,2026-09-22T12:50:00+00:00,2026-09-22 17:50:00,66.3,1006.1,89
26.9,39.6,90.9,2455.2,712.8,110.9,13.9,7.3,1.8,449.9,403.4,26.0,8.3,63.4,31.2,24.22,False,4095,0.0,9.6,69.6,EXT-OPEN-METEO-KHI,KARACHI,OPENSOURCE_API_GRID,772,,,,0.95,True,True,TIER2_OPENSOURCE_PURE;CONTINUOUS_MINUTE_STREAM;VERIFIED_MODEL_GRID,3907e7f8902306984e6a6ad9060f4a5ec1e2b7abf6da184203401b98f0fcdb54,2026-09-22T12:51:00+00:00,2026-09-22 17:51:00,66.5,1006.1,89
26.9,39.6,91.0,2455.2,712.8,110.9,13.9,7.3,1.8,450.0,403.5,26.1,8.3,63.1,31.1,24.15,False,4095,0.0,9.7,67.4,EXT-OPEN-METEO-KHI,KARACHI,OPENSOURCE_API_GRID,773,,,,0.95,True,True,TIER2_OPENSOURCE_PURE;CONTINUOUS_MINUTE_STREAM;VERIFIED_MODEL_GRID,6ae3e14abda4e2caba8c76edd4ccb2babe0eef4346e7641c2594fb646f791989,2026-09-22T12:52:00+00:00,2026-09-22 17:52:00,66.6,1006.1,89
27.0,39.7,91.0,2461.4,714.6,111.2,13.9,7.3,1.8,450.0,403.6,26.2,8.3,62.8,31.1,24.17,False,4095,0.0,9.7,65.5,EXT-OPEN-METEO-KHI,KARACHI,OPENSOURCE_API_GRID,774,,,,0.95,True,True,TIER2_OPENSOURCE_PURE;CONTINUOUS_MINUTE_STREAM;VERIFIED_MODEL_GRID,deccc9fbea173cf4285c69c7580fcc52c1ea5ea47e807c6d12692ecf3b48401b,2026-09-22T12:53:00+00:00,2026-09-22 17:53:00,66.7,1006.1,89
27.1,39.8,91.1,2467.6,716.4,111.4,13.9,7.3,1.8,450.0,403.7,26.3,8.3,62.6,31.1,24.2,False,4095,0.0,9.8,63.8,EXT-OPEN-METEO-KHI,KARACHI,OPENSOURCE_API_GRID,775,,,,0.95,True,True,TIER2_OPENSOURCE_PURE;CONTINUOUS_MINUTE_STREAM;VERIFIED_MODEL_GRID,97d63a97c62f4f37994c04a2f5a667bdf275bfc53c944f557cd3d1517333a320,2026-09-22T12:54:00+00:00,2026-09-22 17:54:00,66.8,1006.1,89
27.0,39.7,91.0,2461.4,714.6,111.2,13.9,7.3,1.8,450.0,403.8,26.3,8.3,62.4,31.1,24.25,False,4095,0.0,9.9,62.3,EXT-OPEN-METEO-KHI,KARACHI,OPENSOURCE_API_GRID,776,,,,0.95,True,True,TIER2_OPENSOURCE_PURE;CONTINUOUS_MINUTE_STREAM;VERIFIED_MODEL_GRID,92d49cedbba1330db819336e0a8c641e6b16c9ba20cc8d95b9837161b2c4bbe5,2026-09-22T12:55:00+00:00,2026-09-22 17:55:00,67.0,1006.1,89
27.0,39.7,91.1,2461.4,714.6,111.2,13.9,7.3,1.8,450.0,403.9,26.4,8.3,62.3,31.1,24.25,False,4095,0.0,9.9,61.1,EXT-OPEN-METEO-KHI,KARACHI,OPENSOURCE_API_GRID,777,,,,0.95,True,True,TIER2_OPENSOURCE_PURE;CONTINUOUS_MINUTE_STREAM;VERIFIED_MODEL_GRID,a5af552fcc4d942652310f9372d6e4d9fa77e84e8c112801fa97db8899d0955c,2026-09-22T12:56:00+00:00,2026-09-22 17:56:00,67.0,1006.1,89
27.1,39.8,91.1,2467.6,716.4,111.4,13.9,7.3,1.8,450.0,403.9,26.4,8.3,62.2,31.1,24.27,False,4095,0.0,10.0,60.2,EXT-OPEN-METEO-KHI,KARACHI,OPENSOURCE_API_GRID,778,,,,0.95,True,True,TIER2_OPENSOURCE_PURE;CONTINUOUS_MINUTE_STREAM;VERIFIED_MODEL_GRID,a69ea89f4a07cea3c0a64e8e986d405aeac7202876ebdfcc190a55f7db343970,2026-09-22T12:57:00+00:00,2026-09-22 17:57:00,67.1,1006.1,89
27.1,39.8,91.2,2467.6,716.4,111.4,13.9,7.3,1.8,450.0,404.0,26.5,8.3,62.1,31.1,24.27,False,4095,0.0,10.0,59.5,EXT-OPEN-METEO-KHI,KARACHI,OPENSOURCE_API_GRID,779,,,,0.95,True,True,TIER2_OPENSOURCE_PURE;CONTINUOUS_MINUTE_STREAM;VERIFIED_MODEL_GRID,486a926bdfc246bdf9d85dd3ba10a258e4ac4c560bbab56c140072aced87eb39,2026-09-22T12:58:00+00:00,2026-09-22 17:58:00,67.1,1006.1,89
27.1,39.9,91.2,2473.8,718.2,111.7,14.0,7.3,1.8,450.0,404.0,26.5,8.3,62.0,31.1,24.27,False,4095,0.0,10.0,59.1,EXT-OPEN-METEO-KHI,KARACHI,OPENSOURCE_API_GRID,780,,,,0.95,True,True,TIER2_OPENSOURCE_PURE;CONTINUOUS_MINUTE_STREAM;VERIFIED_MODEL_GRID,73e24e9758d7bd36945761163c469be80c3fcdf945c1ad4c5a76f60bd5544444,2026-09-22T12:59:00+00:00,2026-09-22 17:59:00,67.1,1006.1,89
27.1,39.9,91.3,2473.8,718.2,111.7,14.0,7.3,1.8,450.0,404.0,26.5,8.3,62.0,31.1,24.27,False,4095,0.0,10.0,59.0,EXT-OPEN-METEO-KHI,KARACHI,OPENSOURCE_API_GRID,781,,,,0.95,True,False,TIER2_OPENSOURCE_PURE;HOURLY_NODE;VERIFIED_MODEL_GRID,aef1f6f7220ec27eed5e29a9c2a63ef807f998ee6e0fa7dc86c3915dc50b9db4,2026-09-22T13:00:00+00:00,2026-09-22 18:00:00,67.1,1006.1,90
27.1,39.9,91.3,2473.8,718.2,111.7,14.0,7.3,1.8,450.0,404.0,26.5,8.3,62.0,31.1,24.27,False,4095,0.0,10.0,59.0,EXT-OPEN-METEO-KHI,KARACHI,OPENSOURCE_API_GRID,782,,,,0.95,True,True,TIER2_OPENSOURCE_PURE;CONTINUOUS_MINUTE_STREAM;VERIFIED_MODEL_GRID,7f55b6525e15e89ed7b9e20bae6bc9975280036c4d390eadbb844c1aa5ab520b,2026-09-22T13:01:00+00:00,2026-09-22 18:01:00,67.1,1006.1,90
27.1,39.9,91.3,2473.8,718.2,111.7,14.0,7.3,1.8,450.0,404.0,26.5,8.3,61.9,31.1,24.27,False,4095,0.0,10.0,58.8,EXT-OPEN-METEO-KHI,KARACHI,OPENSOURCE_API_GRID,783,,,,0.95,True,True,TIER2_OPENSOURCE_PURE;CONTINUOUS_MINUTE_STREAM;VERIFIED_MODEL_GRID,bbfdf12c86318c7bfedd500d2a19e93ccedaf377668a39390ad513b4c5386b91,2026-09-22T13:02:00+00:00,2026-09-22 18:02:00,67.1,1006.1,90
27.1,39.9,91.3,2473.8,718.2,111.7,14.0,7.3,1.8,450.0,404.0,26.6,8.3,61.8,31.1,24.27,False,4095,0.0,10.0,58.6,EXT-OPEN-METEO-KHI,KARACHI,OPENSOURCE_API_GRID,784,,,,0.95,True,True,TIER2_OPENSOURCE_PURE;CONTINUOUS_MINUTE_STREAM;VERIFIED_MODEL_GRID,829075360b94b5e75b38a3153b2bf6061db8ee6f7f677fce8d801a9645f53a19,2026-09-22T13:03:00+00:00,2026-09-22 18:03:00,67.1,1006.1,90
27.1,39.9,91.2,2473.8,718.2,111.7,14.0,7.3,1.8,450.0,404.0,26.6,8.3,61.7,31.1,24.27,False,4095,0.0,10.0,58.4,EXT-OPEN-METEO-KHI,KARACHI,OPENSOURCE_API_GRID,785,,,,0.95,True,True,TIER2_OPENSOURCE_PURE;CONTINUOUS_MINUTE_STREAM;VERIFIED_MODEL_GRID,b6480b6ad033d44f70b652020dbc8de36585d13a3492f84a865e6b0241f551bd,2026-09-22T13:04:00+00:00,2026-09-22 18:04:00,67.1,1006.1,90
27.1,39.9,91.1,2473.8,718.2,111.7,14.0,7.3,1.8,450.0,403.9,26.7,8.3,61.6,31.1,24.3,False,4095,0.0,10.0,58.0,EXT-OPEN-METEO-KHI,KARACHI,OPENSOURCE_API_GRID,786,,,,0.95,True,True,TIER2_OPENSOURCE_PURE;CONTINUOUS_MINUTE_STREAM;VERIFIED_MODEL_GRID,aa7558e6fbaa89740b62bd7c1feaca0a42dc9da36a38edd4c550d69fd841c256,2026-09-22T13:05:00+00:00,2026-09-22 18:05:00,67.2,1006.1,90
27.1,39.8,91.1,2467.6,716.4,111.4,13.9,7.3,1.8,450.0,403.9,26.8,8.3,61.4,31.1,24.3,False,4095,0.0,10.0,57.6,EXT-OPEN-METEO-KHI,KARACHI,OPENSOURCE_API_GRID,787,,,,0.95,True,True,TIER2_OPENSOURCE_PURE;CONTINUOUS_MINUTE_STREAM;VERIFIED_MODEL_GRID,c288335284bbc6f7be162f7c1cf07f94e457fdb35c6942705c330c48b63674be,2026-09-22T13:06:00+00:00,2026-09-22 18:06:00,67.2,1006.1,90
27.1,39.8,91.0,2467.6,716.4,111.4,13.9,7.3,1.8,450.0,403.9,26.9,8.3,61.1,31.1,24.32,False,4095,0.0,10.0,57.0,EXT-OPEN-METEO-KHI,KARACHI,OPENSOURCE_API_GRID,788,,,,0.95,True,True,TIER2_OPENSOURCE_PURE;CONTINUOUS_MINUTE_STREAM;VERIFIED_MODEL_GRID,f35523170d977e5e0ea733befd60e73293ac0da2c32723fcac5b27a6df0d860d,2026-09-22T13:07:00+00:00,2026-09-22 18:07:00,67.3,1006.1,90
27.0,39.7,90.8,2461.4,714.6,111.2,13.9,7.3,1.8,450.0,403.9,27.0,8.3,60.9,31.1,24.35,False,4095,0.0,10.0,56.4,EXT-OPEN-METEO-KHI,KARACHI,OPENSOURCE_API_GRID,789,,,,0.95,True,True,TIER2_OPENSOURCE_PURE;CONTINUOUS_MINUTE_STREAM;VERIFIED_MODEL_GRID,cb5aca4288b42a6394a1531bdae67a4ecbcd30620ce0f4f6144deeee9507a9ac,2026-09-22T13:08:00+00:00,2026-09-22 18:08:00,67.4,1006.1,90
27.0,39.7,90.7,2461.4,714.6,111.2,13.9,7.3,1.8,450.1,403.8,27.1,8.3,60.6,31.0,24.28,False,4095,0.0,10.0,55.8,EXT-OPEN-METEO-KHI,KARACHI,OPENSOURCE_API_GRID,790,,,,0.95,True,True,TIER2_OPENSOURCE_PURE;CONTINUOUS_MINUTE_STREAM;VERIFIED_MODEL_GRID,4e81ce9c3ff02673bc010a2b6873f4926b769dcb0e1ef30c6cf129b877397a68,2026-09-22T13:09:00+00:00,2026-09-22 18:09:00,67.5,1006.1,90
26.9,39.6,90.6,2455.2,712.8,110.9,13.9,7.2,1.8,450.1,403.8,27.2,8.3,60.3,31.0,24.3,False,4095,0.0,10.0,55.0,EXT-OPEN-METEO-KHI,KARACHI,OPENSOURCE_API_GRID,791,,,,0.95,True,True,TIER2_OPENSOURCE_PURE;CONTINUOUS_MINUTE_STREAM;VERIFIED_MODEL_GRID,bc39fd7324940144b322a754f6825ad355fb8c6c5974340d6b47c0f1003ca33e,2026-09-22T13:10:00+00:00,2026-09-22 18:10:00,67.6,1006.1,90
26.9,39.6,90.4,2455.2,712.8,110.9,13.9,7.2,1.8,450.1,403.8,27.4,8.3,59.9,31.0,24.35,False,4095,0.0,10.0,54.2,EXT-OPEN-METEO-KHI,KARACHI,OPENSOURCE_API_GRID,792,,,,0.95,True,True,TIER2_OPENSOURCE_PURE;CONTINUOUS_MINUTE_STREAM;VERIFIED_MODEL_GRID,b89126ad6f8c526e9c4bc3feceb89ff8bc9500e80ab229812ed1afaddf629880,2026-09-22T13:11:00+00:00,2026-09-22 18:11:00,67.8,1006.2,90
26.9,39.5,90.3,2449.0,711.0,110.6,13.8,7.2,1.8,450.1,403.7,27.6,8.3,59.5,31.0,24.38,False,4095,0.0,10.0,53.4,EXT-OPEN-METEO-KHI,KARACHI,OPENSOURCE_API_GRID,793,,,,0.95,True,True,TIER2_OPENSOURCE_PURE;CONTINUOUS_MINUTE_STREAM;VERIFIED_MODEL_GRID,beb561ec691a7e85bd3b4524b7de2ca3d633bb4a437e70a47343fbddbdcfe5ab,2026-09-22T13:12:00+00:00,2026-09-22 18:12:00,67.9,1006.2,90
26.9,39.5,90.1,2449.0,711.0,110.6,13.8,7.2,1.8,450.1,403.7,27.7,8.3,59.1,30.9,24.33,False,4095,0.0,10.0,52.4,EXT-OPEN-METEO-KHI,KARACHI,OPENSOURCE_API_GRID,794,,,,0.95,True,True,TIER2_OPENSOURCE_PURE;CONTINUOUS_MINUTE_STREAM;VERIFIED_MODEL_GRID,f21ff20a6683b9c67a4c5756df3259eed60a98fb41f4d96129fa1aca973ebb92,2026-09-22T13:13:00+00:00,2026-09-22 18:13:00,68.1,1006.2,90
26.9,39.5,90.0,2449.0,711.0,110.6,13.8,7.2,1.8,450.1,403.6,27.9,8.3,58.7,30.9,24.38,False,4095,0.0,10.0,51.4,EXT-OPEN-METEO-KHI,KARACHI,OPENSOURCE_API_GRID,795,,,,0.95,True,True,TIER2_OPENSOURCE_PURE;CONTINUOUS_MINUTE_STREAM;VERIFIED_MODEL_GRID,5aabaa4557cc9e796d024c6db345a2a438d51353ad685c2e19f4a52ba51f98d4,2026-09-22T13:14:00+00:00,2026-09-22 18:14:00,68.3,1006.2,90
26.8,39.4,89.9,2442.8,709.2,110.3,13.8,7.2,1.8,450.1,403.6,28.1,8.3,58.2,30.9,24.43,False,4095,0.0,10.0,50.4,EXT-OPEN-METEO-KHI,KARACHI,OPENSOURCE_API_GRID,796,,,,0.95,True,True,TIER2_OPENSOURCE_PURE;CONTINUOUS_MINUTE_STREAM;VERIFIED_MODEL_GRID,900f00377d113d17ed48672e98bf94c8b5cd1990d873b7ed9f225879454d6c7a,2026-09-22T13:15:00+00:00,2026-09-22 18:15:00,68.5,1006.2,90
26.8,39.4,89.8,2442.8,709.2,110.3,13.8,7.2,1.8,450.2,403.5,28.3,8.3,57.7,30.8,24.38,False,4095,0.0,10.0,49.2,EXT-OPEN-METEO-KHI,KARACHI,OPENSOURCE_API_GRID,797,,,,0.95,True,True,TIER2_OPENSOURCE_PURE;CONTINUOUS_MINUTE_STREAM;VERIFIED_MODEL_GRID,78119b75c6c91c0261533de4483dd6ae087ec0700b37b12b6a9caca3bc167011,2026-09-22T13:16:00+00:00,2026-09-22 18:16:00,68.7,1006.2,90
26.8,39.4,89.7,2442.8,709.2,110.3,13.8,7.2,1.8,450.2,403.4,28.6,8.3,57.2,30.8,24.43,False,4095,0.0,10.0,48.1,EXT-OPEN-METEO-KHI,KARACHI,OPENSOURCE_API_GRID,798,,,,0.95,True,True,TIER2_OPENSOURCE_PURE;CONTINUOUS_MINUTE_STREAM;VERIFIED_MODEL_GRID,0c557015d45600760ef0866c8aa4eaf8a41904d3fac5a45a1a6983fd47bccb63,2026-09-22T13:17:00+00:00,2026-09-22 18:17:00,68.9,1006.2,90
26.8,39.4,89.6,2442.8,709.2,110.3,13.8,7.2,1.8,450.2,403.4,28.8,8.3,56.6,30.8,24.5,False,4095,0.0,10.0,46.8,EXT-OPEN-METEO-KHI,KARACHI,OPENSOURCE_API_GRID,799,,,,0.95,True,True,TIER2_OPENSOURCE_PURE;CONTINUOUS_MINUTE_STREAM;VERIFIED_MODEL_GRID,e7916692fccc0e9d337b7026ca353ee21073320f477045dbef634a8cdfd90faa,2026-09-22T13:18:00+00:00,2026-09-22 18:18:00,69.2,1006.2,90
26.8,39.4,89.5,2442.8,709.2,110.3,13.8,7.2,1.8,450.2,403.3,29.0,8.3,56.1,30.7,24.46,False,4095,0.0,10.0,45.6,EXT-OPEN-METEO-KHI,KARACHI,OPENSOURCE_API_GRID,800,,,,0.95,True,True,TIER2_OPENSOURCE_PURE;CONTINUOUS_MINUTE_STREAM;VERIFIED_MODEL_GRID,99621c3cda8dc3d5e03189cee24f04bf79a2a7b9639615ea642a02e3278f371f,2026-09-22T13:19:00+00:00,2026-09-22 18:19:00,69.4,1006.2,90
26.8,39.4,89.4,2442.8,709.2,110.3,13.8,7.2,1.8,450.2,403.2,29.3,8.3,55.5,30.7,24.53,False,4095,0.0,10.0,44.2,EXT-OPEN-METEO-KHI,KARACHI,OPENSOURCE_API_GRID,801,,,,0.95,True,True,TIER2_OPENSOURCE_PURE;CONTINUOUS_MINUTE_STREAM;VERIFIED_MODEL_GRID,b534fb28e9364a04d1f05a0ca2b3ccd3e2556d56bc70b8fbe450f2b1dc05846b,2026-09-22T13:20:00+00:00,2026-09-22 18:20:00,69.7,1006.2,90
26.9,39.5,89.3,2449.0,711.0,110.6,13.8,7.1,1.8,450.3,403.2,29.5,8.4,54.9,30.7,24.58,False,4095,0.0,10.0,42.9,EXT-OPEN-METEO-KHI,KARACHI,OPENSOURCE_API_GRID,802,,,,0.95,True,True,TIER2_OPENSOURCE_PURE;CONTINUOUS_MINUTE_STREAM;VERIFIED_MODEL_GRID,fe816a4aafdf9603e210f772eed577f46219e34fc8ce9a8a47781693fb8c03ec,2026-09-22T13:21:00+00:00,2026-09-22 18:21:00,69.9,1006.2,90
26.9,39.5,89.3,2449.0,711.0,110.6,13.8,7.1,1.8,450.3,403.1,29.8,8.4,54.3,30.6,24.55,False,4095,0.0,10.0,41.5,EXT-OPEN-METEO-KHI,KARACHI,OPENSOURCE_API_GRID,803,,,,0.95,True,True,TIER2_OPENSOURCE_PURE;CONTINUOUS_MINUTE_STREAM;VERIFIED_MODEL_GRID,2262a69f5847c7e8ec21ab0fb7ad1e0a0825819943b517a6f61e493a9fd3db3b,2026-09-22T13:22:00+00:00,2026-09-22 18:22:00,70.2,1006.2,90
26.9,39.5,89.2,2449.0,711.0,110.6,13.8,7.1,1.8,450.3,403.0,30.1,8.4,53.7,30.6,24.62,False,4095,0.0,10.0,40.1,EXT-OPEN-METEO-KHI,KARACHI,OPENSOURCE_API_GRID,804,,,,0.95,True,True,TIER2_OPENSOURCE_PURE;CONTINUOUS_MINUTE_STREAM;VERIFIED_MODEL_GRID,e7729d31264a7520c323b27f20ced5ce102f6bf90640ae7ede35650c0a2dba35,2026-09-22T13:23:00+00:00,2026-09-22 18:23:00,70.5,1006.2,90
26.9,39.6,89.1,2455.2,712.8,110.9,13.9,7.1,1.8,450.3,403.0,30.3,8.4,53.0,30.6,24.69,False,4095,0.0,10.0,38.6,EXT-OPEN-METEO-KHI,KARACHI,OPENSOURCE_API_GRID,805,,,,0.95,True,True,TIER2_OPENSOURCE_PURE;CONTINUOUS_MINUTE_STREAM;VERIFIED_MODEL_GRID,411e3603525297a35647b59676d0d950cb1fabfcfa5275e862888f986a7d5f7f,2026-09-22T13:24:00+00:00,2026-09-22 18:24:00,70.8,1006.2,90
26.9,39.6,89.0,2455.2,712.8,110.9,13.9,7.1,1.8,450.4,402.9,30.6,8.4,52.4,30.6,24.76,False,4095,0.0,10.0,37.1,EXT-OPEN-METEO-KHI,KARACHI,OPENSOURCE_API_GRID,806,,,,0.95,True,True,TIER2_OPENSOURCE_PURE;CONTINUOUS_MINUTE_STREAM;VERIFIED_MODEL_GRID,28c1be695fbe1cdad8ec89686640fcaa6c8a43387a801f344f70b64b0748dc3f,2026-09-22T13:25:00+00:00,2026-09-22 18:25:00,71.1,1006.2,90
26.9,39.5,88.8,2449.0,711.0,110.6,13.8,7.1,1.8,450.4,402.8,30.9,8.4,51.7,30.5,24.76,False,4095,0.0,10.0,35.6,EXT-OPEN-METEO-KHI,KARACHI,OPENSOURCE_API_GRID,807,,,,0.95,True,True,TIER2_OPENSOURCE_PURE;CONTINUOUS_MINUTE_STREAM;VERIFIED_MODEL_GRID,5953c554e9d2d19e9e26328da58ade6c2bfd06b61770d6614fc35b690d8fdebb,2026-09-22T13:26:00+00:00,2026-09-22 18:26:00,71.5,1006.3,90
26.9,39.5,88.7,2449.0,711.0,110.6,13.8,7.1,1.8,450.4,402.7,31.2,8.4,51.0,30.5,24.83,False,4095,0.0,10.0,34.1,EXT-OPEN-METEO-KHI,KARACHI,OPENSOURCE_API_GRID,808,,,,0.95,True,True,TIER2_OPENSOURCE_PURE;CONTINUOUS_MINUTE_STREAM;VERIFIED_MODEL_GRID,f03ea6f55bb32f42403309f86fc08c340ee4c21097058baa0b68a713937011a8,2026-09-22T13:27:00+00:00,2026-09-22 18:27:00,71.8,1006.3,90
26.9,39.6,88.6,2455.2,712.8,110.9,13.9,7.1,1.8,450.4,402.7,31.5,8.4,50.4,30.5,24.9,False,4095,0.0,10.0,32.6,EXT-OPEN-METEO-KHI,KARACHI,OPENSOURCE_API_GRID,809,,,,0.95,True,True,TIER2_OPENSOURCE_PURE;CONTINUOUS_MINUTE_STREAM;VERIFIED_MODEL_GRID,1778feece3b0fd3ba0d9e5f0b0fee009d9383dd9c6165629bc6bcf64ad1bf999,2026-09-22T13:28:00+00:00,2026-09-22 18:28:00,72.1,1006.3,90
26.9,39.6,88.5,2455.2,712.8,110.9,13.9,7.1,1.8,450.5,402.6,31.8,8.4,49.7,30.5,24.95,False,4095,0.0,10.0,31.0,EXT-OPEN-METEO-KHI,KARACHI,OPENSOURCE_API_GRID,810,,,,0.95,True,True,TIER2_OPENSOURCE_PURE;CONTINUOUS_MINUTE_STREAM;VERIFIED_MODEL_GRID,3861379719e137de190f46f2ccea0a83b4b71c835c9f835b0bd285649afa407d,2026-09-22T13:29:00+00:00,2026-09-22 18:29:00,72.3,1006.3,90
26.9,39.6,88.4,2455.2,712.8,110.9,13.9,7.1,1.8,450.5,402.5,32.0,8.4,49.0,30.4,24.92,False,4095,0.0,10.0,29.5,EXT-OPEN-METEO-KHI,KARACHI,OPENSOURCE_API_GRID,811,,,,0.95,True,True,TIER2_OPENSOURCE_PURE;CONTINUOUS_MINUTE_STREAM;VERIFIED_MODEL_GRID,7dfe5277346627e31be75df51433eaf72f443e531a531c7f9ffd76586a310409,2026-09-22T13:30:00+00:00,2026-09-22 18:30:00,72.6,1006.3,90
26.9,39.6,88.3,2455.2,712.8,110.9,13.9,7.1,1.8,450.5,402.4,32.3,8.4,48.3,30.4,24.99,False,4095,0.0,10.0,28.0,EXT-OPEN-METEO-KHI,KARACHI,OPENSOURCE_API_GRID,812,,,,0.95,True,True,TIER2_OPENSOURCE_PURE;CONTINUOUS_MINUTE_STREAM;VERIFIED_MODEL_GRID,ab6bd32ed94e739d87763deecb2b47a338575c60f69dda425c1cb29ec7bcd805,2026-09-22T13:31:00+00:00,2026-09-22 18:31:00,72.9,1006.3,90
26.9,39.6,88.2,2455.2,712.8,110.9,13.9,7.1,1.8,450.6,402.3,32.6,8.4,47.6,30.4,25.06,False,4095,0.0,10.0,26.4,EXT-OPEN-METEO-KHI,KARACHI,OPENSOURCE_API_GRID,813,,,,0.95,True,True,TIER2_OPENSOURCE_PURE;CONTINUOUS_MINUTE_STREAM;VERIFIED_MODEL_GRID,7265afe8b3040c6a8a45900a141f9fe237d16b8b04d43a8a1e72534c1518996f,2026-09-22T13:32:00+00:00,2026-09-22 18:32:00,73.2,1006.3,90
26.9,39.6,88.1,2455.2,712.8,110.9,13.9,7.0,1.8,450.6,402.3,32.9,8.4,47.0,30.3,25.01,False,4095,0.0,10.0,24.9,EXT-OPEN-METEO-KHI,KARACHI,OPENSOURCE_API_GRID,814,,,,0.95,True,True,TIER2_OPENSOURCE_PURE;CONTINUOUS_MINUTE_STREAM;VERIFIED_MODEL_GRID,9f9710ad2e2528f257ee1df2f8ba7dc443b9317824f2c50918de0fb8054fce25,2026-09-22T13:33:00+00:00,2026-09-22 18:33:00,73.4,1006.3,90
26.9,39.6,87.9,2455.2,712.8,110.9,13.9,7.0,1.8,450.6,402.2,33.2,8.4,46.3,30.3,25.08,False,4095,0.0,10.0,23.4,EXT-OPEN-METEO-KHI,KARACHI,OPENSOURCE_API_GRID,815,,,,0.95,True,True,TIER2_OPENSOURCE_PURE;CONTINUOUS_MINUTE_STREAM;VERIFIED_MODEL_GRID,eb7b897545daacb7352e02916b212e4212eebb25d15467f6b335b988d7667bfc,2026-09-22T13:34:00+00:00,2026-09-22 18:34:00,73.7,1006.4,90
26.9,39.6,87.7,2455.2,712.8,110.9,13.9,7.0,1.8,450.6,402.1,33.5,8.4,45.6,30.3,25.12,False,4095,0.0,10.0,21.9,EXT-OPEN-METEO-KHI,KARACHI,OPENSOURCE_API_GRID,816,,,,0.95,True,True,TIER2_OPENSOURCE_PURE;CONTINUOUS_MINUTE_STREAM;VERIFIED_MODEL_GRID,ec7125057f73695bc1e8bef15885c60ffb447e542a47e54ade199b284c94e3b8,2026-09-22T13:35:00+00:00,2026-09-22 18:35:00,73.9,1006.4,90
26.9,39.5,87.6,2449.0,711.0,110.6,13.8,7.0,1.8,450.7,402.0,33.8,8.4,45.0,30.2,25.1,False,4095,0.0,10.0,20.4,EXT-OPEN-METEO-KHI,KARACHI,OPENSOURCE_API_GRID,817,,,,0.95,True,True,TIER2_OPENSOURCE_PURE;CONTINUOUS_MINUTE_STREAM;VERIFIED_MODEL_GRID,7b005a22af63349a6157a1f4515352b0679c3630e04ec3eebdc779420d2f0554,2026-09-22T13:36:00+00:00,2026-09-22 18:36:00,74.2,1006.4,90
26.9,39.5,87.4,2449.0,711.0,110.6,13.8,7.0,1.7,450.7,402.0,34.0,8.4,44.3,30.2,25.14,False,4095,0.0,10.0,18.9,EXT-OPEN-METEO-KHI,KARACHI,OPENSOURCE_API_GRID,818,,,,0.95,True,True,TIER2_OPENSOURCE_PURE;CONTINUOUS_MINUTE_STREAM;VERIFIED_MODEL_GRID,d9d9f25106aecaa5422005e2fb33cb405dcd9b52c3295c66fa17981841fdc92a,2026-09-22T13:37:00+00:00,2026-09-22 18:37:00,74.4,1006.4,90
26.8,39.4,87.2,2442.8,709.2,110.3,13.8,7.0,1.7,450.7,401.9,34.3,8.4,43.7,30.1,25.11,False,4095,0.0,10.0,17.5,EXT-OPEN-METEO-KHI,KARACHI,OPENSOURCE_API_GRID,819,,,,0.95,True,True,TIER2_OPENSOURCE_PURE;CONTINUOUS_MINUTE_STREAM;VERIFIED_MODEL_GRID,5744eaf57eb1eb7f1b357f6de7a770f372f803749e5fea8ea0359bbc5e9f99db,2026-09-22T13:38:00+00:00,2026-09-22 18:38:00,74.7,1006.4,90
26.8,39.4,87.0,2442.8,709.2,110.3,13.8,7.0,1.7,450.7,401.8,34.6,8.4,43.1,30.1,25.16,False,4095,0.0,10.0,16.1,EXT-OPEN-METEO-KHI,KARACHI,OPENSOURCE_API_GRID,820,,,,0.95,True,True,TIER2_OPENSOURCE_PURE;CONTINUOUS_MINUTE_STREAM;VERIFIED_MODEL_GRID,7b7b6ddc61f806530cd1237896428ea042cdef3a5dc6b0c8c8b77ecf21ca1f52,2026-09-22T13:39:00+00:00,2026-09-22 18:39:00,74.9,1006.4,90
26.7,39.3,86.8,2436.6,707.4,110.0,13.8,6.9,1.7,450.8,401.8,34.8,8.4,42.5,30.1,25.2,False,4095,0.0,10.0,14.8,EXT-OPEN-METEO-KHI,KARACHI,OPENSOURCE_API_GRID,821,,,,0.95,True,True,TIER2_OPENSOURCE_PURE;CONTINUOUS_MINUTE_STREAM;VERIFIED_MODEL_GRID,cf6d799dd757255ab3aeeaf31c74da0efbf2dee173fd8611b650e672b7eb5b09,2026-09-22T13:40:00+00:00,2026-09-22 18:40:00,75.1,1006.4,90
26.7,39.3,86.6,2436.6,707.4,110.0,13.8,6.9,1.7,450.8,401.7,35.1,8.5,41.9,30.0,25.17,False,4095,0.0,10.0,13.4,EXT-OPEN-METEO-KHI,KARACHI,OPENSOURCE_API_GRID,822,,,,0.95,True,True,TIER2_OPENSOURCE_PURE;CONTINUOUS_MINUTE_STREAM;VERIFIED_MODEL_GRID,b5e7cd7858c1ba6d2bf754957838b3f51264828a2a5a3242d3b9049e4c15d56c,2026-09-22T13:41:00+00:00,2026-09-22 18:41:00,75.4,1006.4,90
26.7,39.2,86.4,2430.4,705.6,109.8,13.7,6.9,1.7,450.8,401.6,35.3,8.5,41.4,30.0,25.22,False,4095,0.0,10.0,12.2,EXT-OPEN-METEO-KHI,KARACHI,OPENSOURCE_API_GRID,823,,,,0.95,True,True,TIER2_OPENSOURCE_PURE;CONTINUOUS_MINUTE_STREAM;VERIFIED_MODEL_GRID,78ca50201cade4606657c1d1d5caa0bd0d4c466ba924e4a68a156064ba815ef0,2026-09-22T13:42:00+00:00,2026-09-22 18:42:00,75.6,1006.4,90
26.7,39.2,86.3,2430.4,705.6,109.8,13.7,6.9,1.7,450.8,401.6,35.5,8.5,40.8,29.9,25.17,False,4095,0.0,10.0,10.9,EXT-OPEN-METEO-KHI,KARACHI,OPENSOURCE_API_GRID,824,,,,0.95,True,True,TIER2_OPENSOURCE_PURE;CONTINUOUS_MINUTE_STREAM;VERIFIED_MODEL_GRID,5f99ea48db2851c27a196b889bf6e6d3035f1eca764c21b4270eb780bf955f14,2026-09-22T13:43:00+00:00,2026-09-22 18:43:00,75.8,1006.4,90
26.6,39.1,86.1,2424.2,703.8,109.5,13.7,6.9,1.7,450.8,401.5,35.8,8.5,40.3,29.9,25.21,False,4095,0.0,10.0,9.8,EXT-OPEN-METEO-KHI,KARACHI,OPENSOURCE_API_GRID,825,,,,0.95,True,True,TIER2_OPENSOURCE_PURE;CONTINUOUS_MINUTE_STREAM;VERIFIED_MODEL_GRID,5756d134759184c2c1b5dd3d4f1db2e5b74ebbb3b494ed7d3c7522c33b45be23,2026-09-22T13:44:00+00:00,2026-09-22 18:44:00,76.0,1006.4,90
26.6,39.1,86.0,2424.2,703.8,109.5,13.7,6.9,1.7,450.9,401.4,36.0,8.5,39.8,29.9,25.25,False,4095,0.0,10.0,8.6,EXT-OPEN-METEO-KHI,KARACHI,OPENSOURCE_API_GRID,826,,,,0.95,True,True,TIER2_OPENSOURCE_PURE;CONTINUOUS_MINUTE_STREAM;VERIFIED_MODEL_GRID,eabf0be12e581479f4d91c007e6b77b0305fd920cb4a4d40084dcfcc1f4e5b4e,2026-09-22T13:45:00+00:00,2026-09-22 18:45:00,76.2,1006.5,90
26.6,39.1,85.8,2424.2,703.8,109.5,13.7,6.9,1.7,450.9,401.4,36.2,8.5,39.3,29.8,25.2,False,4095,0.0,10.0,7.6,EXT-OPEN-METEO-KHI,KARACHI,OPENSOURCE_API_GRID,827,,,,0.95,True,True,TIER2_OPENSOURCE_PURE;CONTINUOUS_MINUTE_STREAM;VERIFIED_MODEL_GRID,2b4c986a0d78c09edfd907bdbdae3391acf8926426343eb04b9663c238dda170,2026-09-22T13:46:00+00:00,2026-09-22 18:46:00,76.4,1006.5,90
26.6,39.1,85.7,2424.2,703.8,109.5,13.7,6.9,1.7,450.9,401.3,36.4,8.5,38.9,29.8,25.24,False,4095,0.0,10.0,6.6,EXT-OPEN-METEO-KHI,KARACHI,OPENSOURCE_API_GRID,828,,,,0.95,True,True,TIER2_OPENSOURCE_PURE;CONTINUOUS_MINUTE_STREAM;VERIFIED_MODEL_GRID,cb07af1994cdc40706b4e7f4f04b6ecdf97809f340528c934fda46bee18ddfbb,2026-09-22T13:47:00+00:00,2026-09-22 18:47:00,76.6,1006.5,90
26.6,39.1,85.6,2424.2,703.8,109.5,13.7,6.8,1.7,450.9,401.3,36.5,8.5,38.5,29.8,25.29,False,4095,0.0,10.0,5.6,EXT-OPEN-METEO-KHI,KARACHI,OPENSOURCE_API_GRID,829,,,,0.95,True,True,TIER2_OPENSOURCE_PURE;CONTINUOUS_MINUTE_STREAM;VERIFIED_MODEL_GRID,da93555daa0efa0f02201b9958dd71cffae2f027faf310e0c2e9df407bc99827,2026-09-22T13:48:00+00:00,2026-09-22 18:48:00,76.8,1006.5,90
26.6,39.1,85.6,2424.2,703.8,109.5,13.7,6.8,1.7,450.9,401.2,36.7,8.5,38.1,29.8,25.33,False,4095,0.0,10.0,4.8,EXT-OPEN-METEO-KHI,KARACHI,OPENSOURCE_API_GRID,830,,,,0.95,True,True,TIER2_OPENSOURCE_PURE;CONTINUOUS_MINUTE_STREAM;VERIFIED_MODEL_GRID,8602e0dbc0c174e883575b01247abc495ed383a771e4d167f0faaf0753c990cb,2026-09-22T13:49:00+00:00,2026-09-22 18:49:00,77.0,1006.5,90
26.6,39.1,85.5,2424.2,703.8,109.5,13.7,6.8,1.7,450.9,401.2,36.9,8.5,37.7,29.7,25.28,False,4095,0.0,10.0,4.0,EXT-OPEN-METEO-KHI,KARACHI,OPENSOURCE_API_GRID,831,,,,0.95,True,True,TIER2_OPENSOURCE_PURE;CONTINUOUS_MINUTE_STREAM;VERIFIED_MODEL_GRID,e837b4f3720cdf373f937ac0aa0d8e68334a742616b03becf04ae0b284131fc3,2026-09-22T13:50:00+00:00,2026-09-22 18:50:00,77.2,1006.5,90
26.6,39.1,85.5,2424.2,703.8,109.5,13.7,6.8,1.7,450.9,401.2,37.0,8.5,37.4,29.7,25.3,False,4095,0.0,10.0,3.2,EXT-OPEN-METEO-KHI,KARACHI,OPENSOURCE_API_GRID,832,,,,0.95,True,True,TIER2_OPENSOURCE_PURE;CONTINUOUS_MINUTE_STREAM;VERIFIED_MODEL_GRID,6687e17ab9f728c6c4e21e8e4038c6b892f5249e6fe56dfe3b529fa866289b86,2026-09-22T13:51:00+00:00,2026-09-22 18:51:00,77.3,1006.5,90
26.6,39.1,85.5,2424.2,703.8,109.5,13.7,6.8,1.7,451.0,401.1,37.1,8.5,37.1,29.7,25.34,False,4095,0.0,10.0,2.6,EXT-OPEN-METEO-KHI,KARACHI,OPENSOURCE_API_GRID,833,,,,0.95,True,True,TIER2_OPENSOURCE_PURE;CONTINUOUS_MINUTE_STREAM;VERIFIED_MODEL_GRID,64733d3d4c0dccfcf80f2c4b22495451f6d42b1c93aae05886c3bf3df35e2549,2026-09-22T13:52:00+00:00,2026-09-22 18:52:00,77.5,1006.5,90
26.7,39.2,85.5,2430.4,705.6,109.8,13.7,6.8,1.7,451.0,401.1,37.2,8.5,36.9,29.7,25.37,False,4095,0.0,10.0,2.0,EXT-OPEN-METEO-KHI,KARACHI,OPENSOURCE_API_GRID,834,,,,0.95,True,True,TIER2_OPENSOURCE_PURE;CONTINUOUS_MINUTE_STREAM;VERIFIED_MODEL_GRID,ec95f0c2f3ef619a962b9b15852824114e4ee4bd52f79f7a5501cad65062a070,2026-09-22T13:53:00+00:00,2026-09-22 18:53:00,77.6,1006.5,90
26.7,39.2,85.5,2430.4,705.6,109.8,13.7,6.8,1.7,451.0,401.1,37.3,8.5,36.6,29.7,25.39,False,4095,0.0,10.0,1.4,EXT-OPEN-METEO-KHI,KARACHI,OPENSOURCE_API_GRID,835,,,,0.95,True,True,TIER2_OPENSOURCE_PURE;CONTINUOUS_MINUTE_STREAM;VERIFIED_MODEL_GRID,38cf00f642fc6d26a7e5abf123336e3acc8996b5b47a01ab249424feaeed64a7,2026-09-22T13:54:00+00:00,2026-09-22 18:54:00,77.7,1006.5,90
26.7,39.2,85.5,2430.4,705.6,109.8,13.7,6.8,1.7,451.0,401.1,37.4,8.5,36.4,29.7,25.41,False,4095,0.0,10.0,1.0,EXT-OPEN-METEO-KHI,KARACHI,OPENSOURCE_API_GRID,836,,,,0.95,True,True,TIER2_OPENSOURCE_PURE;CONTINUOUS_MINUTE_STREAM;VERIFIED_MODEL_GRID,760602949b26f9043e0880a28bc6525933385ec91e65f7727882d2c9c3af0b03,2026-09-22T13:55:00+00:00,2026-09-22 18:55:00,77.8,1006.5,90
26.7,39.3,85.6,2436.6,707.4,110.0,13.8,6.8,1.7,451.0,401.0,37.5,8.5,36.3,29.7,25.43,False,4095,0.0,10.0,0.6,EXT-OPEN-METEO-KHI,KARACHI,OPENSOURCE_API_GRID,837,,,,0.95,True,True,TIER2_OPENSOURCE_PURE;CONTINUOUS_MINUTE_STREAM;VERIFIED_MODEL_GRID,6a9ec73beb9b9504ed592e3c0897595a01caf429bec7d144b0e108d46e2b241f,2026-09-22T13:56:00+00:00,2026-09-22 18:56:00,77.9,1006.5,90
26.7,39.2,85.4,2430.4,705.6,109.8,13.7,6.8,1.7,451.0,401.0,37.5,8.5,36.2,29.7,25.47,False,4095,0.0,10.0,0.4,EXT-OPEN-METEO-KHI,KARACHI,OPENSOURCE_API_GRID,838,,,,0.95,True,True,TIER2_OPENSOURCE_PURE;CONTINUOUS_MINUTE_STREAM;VERIFIED_MODEL_GRID,d9c65d4636bad9c2f58599fedd212f12fd8a723c55c7ed81be626634d36f643c,2026-09-22T13:57:00+00:00,2026-09-22 18:57:00,78.1,1006.5,90
26.7,39.2,85.5,2430.4,705.6,109.8,13.7,6.8,1.7,451.0,401.0,37.6,8.5,36.1,29.7,25.47,False,4095,0.0,10.0,0.2,EXT-OPEN-METEO-KHI,KARACHI,OPENSOURCE_API_GRID,839,,,,0.95,True,True,TIER2_OPENSOURCE_PURE;CONTINUOUS_MINUTE_STREAM;VERIFIED_MODEL_GRID,ecde0c88c3985fb8a7559b201a77b80da5fd1b6eaf46c145f993239944073cab,2026-09-22T13:58:00+00:00,2026-09-22 18:58:00,78.1,1006.5,90
26.7,39.3,85.5,2436.6,707.4,110.0,13.8,6.8,1.7,451.0,401.0,37.6,8.5,36.0,29.7,25.47,False,4095,0.0,10.0,0.0,EXT-OPEN-METEO-KHI,KARACHI,OPENSOURCE_API_GRID,840,,,,0.95,True,True,TIER2_OPENSOURCE_PURE;CONTINUOUS_MINUTE_STREAM;VERIFIED_MODEL_GRID,962ede2701346835665fee5af27ccf446247ab44e3c6602e87eae26cc8f7929d,2026-09-22T13:59:00+00:00,2026-09-22 18:59:00,78.1,1006.5,90
26.7,39.3,85.6,2436.6,707.4,110.0,13.8,6.8,1.7,451.0,401.0,37.6,8.5,36.0,29.7,25.47,False,4095,0.0,10.0,0.0,EXT-OPEN-METEO-KHI,KARACHI,OPENSOURCE_API_GRID,841,,,,0.95,True,False,TIER2_OPENSOURCE_PURE;HOURLY_NODE;VERIFIED_MODEL_GRID,c86b98e8105b6a1f0be31f7e2cf929a1122e0ea5467c06ea2eb05244bbdc2201,2026-09-22T14:00:00+00:00,2026-09-22 19:00:00,78.1,1006.5,90
26.8,39.4,85.6,2442.8,709.2,110.3,13.8,6.8,1.7,451.0,401.0,37.6,8.5,36.0,29.7,25.47,False,4095,0.0,10.0,0.0,EXT-OPEN-METEO-KHI,KARACHI,OPENSOURCE_API_GRID,842,,,,0.95,True,True,TIER2_OPENSOURCE_PURE;CONTINUOUS_MINUTE_STREAM;VERIFIED_MODEL_GRID,f8a3bea61a670792d6732d384c12dd621f19bf323049b8b3da3e49e69e422697,2026-09-22T14:01:00+00:00,2026-09-22 19:01:00,78.1,1006.5,90
26.8,39.4,85.6,2442.8,709.2,110.3,13.8,6.8,1.7,451.0,401.0,37.6,8.5,36.0,29.7,25.47,False,4095,0.0,10.0,0.0,EXT-OPEN-METEO-KHI,KARACHI,OPENSOURCE_API_GRID,843,,,,0.95,True,True,TIER2_OPENSOURCE_PURE;CONTINUOUS_MINUTE_STREAM;VERIFIED_MODEL_GRID,1d8014aa916c5612a3a5ec3e293ace84a569d690edd01b31a7c6312b343c5348,2026-09-22T14:02:00+00:00,2026-09-22 19:02:00,78.1,1006.5,90
26.8,39.4,85.6,2442.8,709.2,110.3,13.8,6.8,1.7,451.0,400.9,37.6,8.5,35.9,29.7,25.47,False,4095,0.0,10.0,0.0,EXT-OPEN-METEO-KHI,KARACHI,OPENSOURCE_API_GRID,844,,,,0.95,True,True,TIER2_OPENSOURCE_PURE;CONTINUOUS_MINUTE_STREAM;VERIFIED_MODEL_GRID,bd81b67176622966a8077895156556e3e7bc7e3de0fbcff8c622339c60db8cef,2026-09-22T14:03:00+00:00,2026-09-22 19:03:00,78.1,1006.5,90
26.8,39.4,85.6,2442.8,709.2,110.3,13.8,6.8,1.7,451.0,400.9,37.7,8.5,35.8,29.7,25.47,False,4095,0.0,9.9,0.0,EXT-OPEN-METEO-KHI,KARACHI,OPENSOURCE_API_GRID,845,,,,0.95,True,True,TIER2_OPENSOURCE_PURE;CONTINUOUS_MINUTE_STREAM;VERIFIED_MODEL_GRID,4a11e311aebd52daa05612df5e93b4d4dd33a0383b2d77747cb940670c8e70ba,2026-09-22T14:04:00+00:00,2026-09-22 19:04:00,78.1,1006.5,90
26.8,39.4,85.5,2442.8,709.2,110.3,13.8,6.8,1.7,451.0,400.8,37.7,8.5,35.7,29.7,25.47,False,4095,0.0,9.9,0.0,EXT-OPEN-METEO-KHI,KARACHI,OPENSOURCE_API_GRID,846,,,,0.95,True,True,TIER2_OPENSOURCE_PURE;CONTINUOUS_MINUTE_STREAM;VERIFIED_MODEL_GRID,d18da63308b5d992570cfb4626bbdb5d0522f67472b6507ca9779a5874542632,2026-09-22T14:05:00+00:00,2026-09-22 19:05:00,78.1,1006.5,90
26.7,39.3,85.4,2436.6,707.4,110.0,13.8,6.8,1.7,451.0,400.7,37.8,8.5,35.6,29.7,25.47,False,4095,0.0,9.8,0.0,EXT-OPEN-METEO-KHI,KARACHI,OPENSOURCE_API_GRID,847,,,,0.95,True,True,TIER2_OPENSOURCE_PURE;CONTINUOUS_MINUTE_STREAM;VERIFIED_MODEL_GRID,ae18e4912cc9dd4dc37c8940d49220d47f1c454f3ee46d34b36f1cf0525d2ef5,2026-09-22T14:06:00+00:00,2026-09-22 19:06:00,78.1,1006.5,90
26.7,39.3,85.3,2436.6,707.4,110.0,13.8,6.8,1.7,451.0,400.6,37.8,8.5,35.4,29.7,25.47,False,4095,0.0,9.7,0.0,EXT-OPEN-METEO-KHI,KARACHI,OPENSOURCE_API_GRID,848,,,,0.95,True,True,TIER2_OPENSOURCE_PURE;CONTINUOUS_MINUTE_STREAM;VERIFIED_MODEL_GRID,443fa8de7c5fd685ad07f61b30afc54dd95bd44c8a515d8f6e3d5032f60db1b1,2026-09-22T14:07:00+00:00,2026-09-22 19:07:00,78.1,1006.5,90
26.7,39.2,85.2,2430.4,705.6,109.8,13.7,6.8,1.7,451.0,400.4,37.9,8.5,35.3,29.7,25.47,False,4095,0.0,9.7,0.0,EXT-OPEN-METEO-KHI,KARACHI,OPENSOURCE_API_GRID,849,,,,0.95,True,True,TIER2_OPENSOURCE_PURE;CONTINUOUS_MINUTE_STREAM;VERIFIED_MODEL_GRID,c724b90461dd0dc13066484b3bdda57326ee75858c69e15b6c3fd8beccb1e8b8,2026-09-22T14:08:00+00:00,2026-09-22 19:08:00,78.1,1006.5,90
26.7,39.2,85.0,2430.4,705.6,109.8,13.7,6.8,1.7,451.0,400.3,37.9,8.5,35.1,29.7,25.5,False,4095,0.0,9.6,0.0,EXT-OPEN-METEO-KHI,KARACHI,OPENSOURCE_API_GRID,850,,,,0.95,True,True,TIER2_OPENSOURCE_PURE;CONTINUOUS_MINUTE_STREAM;VERIFIED_MODEL_GRID,3738bf65f0b6ee482a9973182b4991b4073767f0bda3781724ae2f76c7123b38,2026-09-22T14:09:00+00:00,2026-09-22 19:09:00,78.2,1006.5,90
26.6,39.1,84.8,2424.2,703.8,109.5,13.7,6.8,1.7,451.0,400.1,38.0,8.5,34.9,29.7,25.5,False,4095,0.0,9.5,0.0,EXT-OPEN-METEO-KHI,KARACHI,OPENSOURCE_API_GRID,851,,,,0.95,True,True,TIER2_OPENSOURCE_PURE;CONTINUOUS_MINUTE_STREAM;VERIFIED_MODEL_GRID,a8292b457c8d72af8f7370a84d70e8eb6b6b891fa261e5d20711641d65995c77,2026-09-22T14:10:00+00:00,2026-09-22 19:10:00,78.2,1006.6,90
26.6,39.1,84.6,2424.2,703.8,109.5,13.7,6.8,1.7,451.0,400.0,38.1,8.5,34.6,29.7,25.5,False,4095,0.0,9.4,0.0,EXT-OPEN-METEO-KHI,KARACHI,OPENSOURCE_API_GRID,852,,,,0.95,True,True,TIER2_OPENSOURCE_PURE;CONTINUOUS_MINUTE_STREAM;VERIFIED_MODEL_GRID,e8c879307850d403af5d2b3ea97e2763d895bc9a0e172031e9ca0e4a0de4cdd2,2026-09-22T14:11:00+00:00,2026-09-22 19:11:00,78.2,1006.6,90
26.5,39.0,84.4,2418.0,702.0,109.2,13.6,6.8,1.7,451.0,399.8,38.2,8.5,34.4,29.6,25.42,False,4095,0.0,9.2,0.0,EXT-OPEN-METEO-KHI,KARACHI,OPENSOURCE_API_GRID,853,,,,0.95,True,True,TIER2_OPENSOURCE_PURE;CONTINUOUS_MINUTE_STREAM;VERIFIED_MODEL_GRID,f163a070ebe5886fe53a13e6dcdfc38f5dcda069b02591cdb3deb91f42909411,2026-09-22T14:12:00+00:00,2026-09-22 19:12:00,78.3,1006.6,90
26.5,38.9,84.2,2411.8,700.2,108.9,13.6,6.7,1.7,451.0,399.6,38.3,8.5,34.1,29.6,25.42,False,4095,0.0,9.1,0.0,EXT-OPEN-METEO-KHI,KARACHI,OPENSOURCE_API_GRID,854,,,,0.95,True,True,TIER2_OPENSOURCE_PURE;CONTINUOUS_MINUTE_STREAM;VERIFIED_MODEL_GRID,eabfd393520c474e2ed039f1be176c438d0c4827a73a1764765d528300cd1fb4,2026-09-22T14:13:00+00:00,2026-09-22 19:13:00,78.3,1006.6,90
26.4,38.8,84.0,2405.6,698.4,108.6,13.6,6.7,1.7,451.0,399.3,38.4,8.5,33.8,29.6,25.44,False,4095,0.0,9.0,0.0,EXT-OPEN-METEO-KHI,KARACHI,OPENSOURCE_API_GRID,855,,,,0.95,True,True,TIER2_OPENSOURCE_PURE;CONTINUOUS_MINUTE_STREAM;VERIFIED_MODEL_GRID,d48fd0f40da7e7927a9007a4cf87e723f7d0f97d4ef45193b19ecf718785f3dc,2026-09-22T14:14:00+00:00,2026-09-22 19:14:00,78.4,1006.6,90
26.4,38.8,83.8,2405.6,698.4,108.6,13.6,6.7,1.7,451.0,399.1,38.5,8.5,33.5,29.6,25.44,False,4095,0.0,8.8,0.0,EXT-OPEN-METEO-KHI,KARACHI,OPENSOURCE_API_GRID,856,,,,0.95,True,True,TIER2_OPENSOURCE_PURE;CONTINUOUS_MINUTE_STREAM;VERIFIED_MODEL_GRID,a71c5a1c62269ef433a5b030141798644d1c774b819a4b826907602718c3bda7,2026-09-22T14:15:00+00:00,2026-09-22 19:15:00,78.4,1006.6,90
26.3,38.7,83.5,2399.4,696.6,108.4,13.5,6.7,1.7,451.0,398.8,38.7,8.5,33.2,29.6,25.46,False,4095,0.0,8.7,0.0,EXT-OPEN-METEO-KHI,KARACHI,OPENSOURCE_API_GRID,857,,,,0.95,True,True,TIER2_OPENSOURCE_PURE;CONTINUOUS_MINUTE_STREAM;VERIFIED_MODEL_GRID,762eaa9f23653cd814a131ddab6b744ae5676bebcc1f7d5fa23ff78b871d2d96,2026-09-22T14:16:00+00:00,2026-09-22 19:16:00,78.5,1006.6,90
26.3,38.7,83.3,2399.4,696.6,108.4,13.5,6.7,1.7,451.0,398.6,38.8,8.5,32.8,29.5,25.39,False,4095,0.0,8.5,0.0,EXT-OPEN-METEO-KHI,KARACHI,OPENSOURCE_API_GRID,858,,,,0.95,True,True,TIER2_OPENSOURCE_PURE;CONTINUOUS_MINUTE_STREAM;VERIFIED_MODEL_GRID,a27cf3a6d25f00fefe10917ce24900a4632f6fc0413b5d26514b76788b0b4bab,2026-09-22T14:17:00+00:00,2026-09-22 19:17:00,78.6,1006.6,90
26.2,38.6,83.1,2393.2,694.8,108.1,13.5,6.6,1.7,451.0,398.3,38.9,8.5,32.5,29.5,25.41,False,4095,0.0,8.4,0.0,EXT-OPEN-METEO-KHI,KARACHI,OPENSOURCE_API_GRID,859,,,,0.95,True,True,TIER2_OPENSOURCE_PURE;CONTINUOUS_MINUTE_STREAM;VERIFIED_MODEL_GRID,57c99369ec30cd0fd362144cd95721ecdab24b5d557fbfe6b1791301eb567f91,2026-09-22T14:18:00+00:00,2026-09-22 19:18:00,78.7,1006.6,90
26.2,38.6,82.9,2393.2,694.8,108.1,13.5,6.6,1.7,451.0,398.0,39.1,8.5,32.1,29.5,25.43,False,4095,0.0,8.2,0.0,EXT-OPEN-METEO-KHI,KARACHI,OPENSOURCE_API_GRID,860,,,,0.95,True,True,TIER2_OPENSOURCE_PURE;CONTINUOUS_MINUTE_STREAM;VERIFIED_MODEL_GRID,9d4d567a4e0ff1768d54ac98a44d95407fd2fd77c95778e66f98552076a051e5,2026-09-22T14:19:00+00:00,2026-09-22 19:19:00,78.8,1006.6,90
26.2,38.5,82.7,2387.0,693.0,107.8,13.5,6.6,1.7,451.0,397.8,39.2,8.5,31.8,29.5,25.45,False,4095,0.0,8.0,0.0,EXT-OPEN-METEO-KHI,KARACHI,OPENSOURCE_API_GRID,861,,,,0.95,True,True,TIER2_OPENSOURCE_PURE;CONTINUOUS_MINUTE_STREAM;VERIFIED_MODEL_GRID,794a0bfb9bf938bd8fca8cc71b2084ea815fc2e3ed8334f1670dd115aeab062b,2026-09-22T14:20:00+00:00,2026-09-22 19:20:00,78.9,1006.6,90
26.2,38.5,82.5,2387.0,693.0,107.8,13.5,6.6,1.7,451.0,397.5,39.3,8.5,31.4,29.5,25.47,False,4095,0.0,7.8,0.0,EXT-OPEN-METEO-KHI,KARACHI,OPENSOURCE_API_GRID,862,,,,0.95,True,True,TIER2_OPENSOURCE_PURE;CONTINUOUS_MINUTE_STREAM;VERIFIED_MODEL_GRID,ad6c0e1c0a687630fc067af5a4459705fe8a85568c23dc2c210db9feb00a3b3c,2026-09-22T14:21:00+00:00,2026-09-22 19:21:00,79.0,1006.6,90
26.2,38.5,82.3,2387.0,693.0,107.8,13.5,6.6,1.6,451.0,397.1,39.5,8.5,31.0,29.4,25.4,False,4095,0.0,7.6,0.0,EXT-OPEN-METEO-KHI,KARACHI,OPENSOURCE_API_GRID,863,,,,0.95,True,True,TIER2_OPENSOURCE_PURE;CONTINUOUS_MINUTE_STREAM;VERIFIED_MODEL_GRID,b265c9b141c7bca566e4fc3e1ad8be0f6c9b54413b31c02806a637bd05b02712,2026-09-22T14:22:00+00:00,2026-09-22 19:22:00,79.1,1006.6,90
26.2,38.5,82.1,2387.0,693.0,107.8,13.5,6.6,1.6,451.0,396.8,39.7,8.5,30.5,29.4,25.42,False,4095,0.0,7.4,0.0,EXT-OPEN-METEO-KHI,KARACHI,OPENSOURCE_API_GRID,864,,,,0.95,True,True,TIER2_OPENSOURCE_PURE;CONTINUOUS_MINUTE_STREAM;VERIFIED_MODEL_GRID,6433d07dfe37de96dd149c9e83850dc9a4d7a87a8c4bde5884d655ec928c7894,2026-09-22T14:23:00+00:00,2026-09-22 19:23:00,79.2,1006.7,90
26.2,38.5,82.0,2387.0,693.0,107.8,13.5,6.6,1.6,451.0,396.5,39.8,8.5,30.1,29.4,25.46,False,4095,0.0,7.2,0.0,EXT-OPEN-METEO-KHI,KARACHI,OPENSOURCE_API_GRID,865,,,,0.95,True,True,TIER2_OPENSOURCE_PURE;CONTINUOUS_MINUTE_STREAM;VERIFIED_MODEL_GRID,ec70cf60cf56333e7e4e0d96c8ba607e555235ec2233816c378eeef24e2fe22e,2026-09-22T14:24:00+00:00,2026-09-22 19:24:00,79.4,1006.7,90
26.2,38.5,81.8,2387.0,693.0,107.8,13.5,6.5,1.6,451.0,396.2,40.0,8.5,29.7,29.4,25.48,False,4095,0.0,7.0,0.0,EXT-OPEN-METEO-KHI,KARACHI,OPENSOURCE_API_GRID,866,,,,0.95,True,True,TIER2_OPENSOURCE_PURE;CONTINUOUS_MINUTE_STREAM;VERIFIED_MODEL_GRID,660078e5f28ece2918bbd5aee9326400f6f30f1bc2c51baa1e7b02eb29634489,2026-09-22T14:25:00+00:00,2026-09-22 19:25:00,79.5,1006.7,90
26.2,38.5,81.6,2387.0,693.0,107.8,13.5,6.5,1.6,451.0,395.9,40.1,8.5,29.3,29.4,25.5,False,4095,0.0,6.8,0.0,EXT-OPEN-METEO-KHI,KARACHI,OPENSOURCE_API_GRID,867,,,,0.95,True,True,TIER2_OPENSOURCE_PURE;CONTINUOUS_MINUTE_STREAM;VERIFIED_MODEL_GRID,e3f7981b234cffa50f65bc413e8c559d072ed135bb50ab2e576eb1915389b498,2026-09-22T14:26:00+00:00,2026-09-22 19:26:00,79.6,1006.7,90
26.2,38.5,81.4,2387.0,693.0,107.8,13.5,6.5,1.6,451.0,395.5,40.3,8.5,28.8,29.4,25.52,False,4095,0.0,6.6,0.0,EXT-OPEN-METEO-KHI,KARACHI,OPENSOURCE_API_GRID,868,,,,0.95,True,True,TIER2_OPENSOURCE_PURE;CONTINUOUS_MINUTE_STREAM;VERIFIED_MODEL_GRID,9dff27993e868e27ca8fa11807d82a9427501b4754c9f7df185e22c7357b0597,2026-09-22T14:27:00+00:00,2026-09-22 19:27:00,79.7,1006.7,90
26.0,38.3,81.1,2374.6,689.4,107.2,13.4,6.5,1.6,451.0,395.2,40.5,8.5,28.4,29.4,25.57,False,4095,0.0,6.4,0.0,EXT-OPEN-METEO-KHI,KARACHI,OPENSOURCE_API_GRID,869,,,,0.95,True,True,TIER2_OPENSOURCE_PURE;CONTINUOUS_MINUTE_STREAM;VERIFIED_MODEL_GRID,239f4e803c723e1eb616af44b080a4c25aec33152bc61dc3edd420b36db2b1f7,2026-09-22T14:28:00+00:00,2026-09-22 19:28:00,79.9,1006.7,90
26.0,38.3,80.9,2374.6,689.4,107.2,13.4,6.5,1.6,451.0,394.8,40.6,8.5,27.9,29.4,25.59,False,4095,0.0,6.2,0.0,EXT-OPEN-METEO-KHI,KARACHI,OPENSOURCE_API_GRID,870,,,,0.95,True,True,TIER2_OPENSOURCE_PURE;CONTINUOUS_MINUTE_STREAM;VERIFIED_MODEL_GRID,01f8d4c1c5e85b6ba3440acf01593e93462a106f102983d043217eb5e88e3bee,2026-09-22T14:29:00+00:00,2026-09-22 19:29:00,80.0,1006.7,90
26.0,38.3,80.7,2374.6,689.4,107.2,13.4,6.5,1.6,451.0,394.5,40.8,8.5,27.5,29.4,25.61,False,4095,0.0,6.0,0.0,EXT-OPEN-METEO-KHI,KARACHI,OPENSOURCE_API_GRID,871,,,,0.95,True,True,TIER2_OPENSOURCE_PURE;CONTINUOUS_MINUTE_STREAM;VERIFIED_MODEL_GRID,c25c0a1394ff7d5c034f18482a245701fa068e4b39937e8b7f5d7120def4f008,2026-09-22T14:30:00+00:00,2026-09-22 19:30:00,80.1,1006.8,90
26.0,38.3,80.5,2374.6,689.4,107.2,13.4,6.4,1.6,451.0,394.2,41.0,8.6,27.1,29.4,25.63,False,4095,0.0,5.8,0.0,EXT-OPEN-METEO-KHI,KARACHI,OPENSOURCE_API_GRID,872,,,,0.95,True,True,TIER2_OPENSOURCE_PURE;CONTINUOUS_MINUTE_STREAM;VERIFIED_MODEL_GRID,35a45cb4afc93e32044a871351e481b6e3732691d6f4ec854d118caaac21fa42,2026-09-22T14:31:00+00:00,2026-09-22 19:31:00,80.2,1006.8,90
26.0,38.3,80.3,2374.6,689.4,107.2,13.4,6.4,1.6,451.0,393.8,41.1,8.6,26.6,29.3,25.55,False,4095,0.0,5.6,0.0,EXT-OPEN-METEO-KHI,KARACHI,OPENSOURCE_API_GRID,873,,,,0.95,True,True,TIER2_OPENSOURCE_PURE;CONTINUOUS_MINUTE_STREAM;VERIFIED_MODEL_GRID,32df3ea8a6008acd0da629918d4ee30bf122490cee0025a33f0dc51a4b9b1180,2026-09-22T14:32:00+00:00,2026-09-22 19:32:00,80.3,1006.8,90
26.0,38.3,80.1,2374.6,689.4,107.2,13.4,6.4,1.6,451.0,393.5,41.3,8.6,26.2,29.3,25.57,False,4095,0.0,5.4,0.0,EXT-OPEN-METEO-KHI,KARACHI,OPENSOURCE_API_GRID,874,,,,0.95,True,True,TIER2_OPENSOURCE_PURE;CONTINUOUS_MINUTE_STREAM;VERIFIED_MODEL_GRID,4b83cd84728a9a914657281a9e281cd49df2e42c89e60c92d15ee483286e5f1f,2026-09-22T14:33:00+00:00,2026-09-22 19:33:00,80.4,1006.8,90
26.0,38.2,79.8,2368.4,687.6,107.0,13.4,6.4,1.6,451.0,393.1,41.5,8.6,25.7,29.3,25.6,False,4095,0.0,5.2,0.0,EXT-OPEN-METEO-KHI,KARACHI,OPENSOURCE_API_GRID,875,,,,0.95,True,True,TIER2_OPENSOURCE_PURE;CONTINUOUS_MINUTE_STREAM;VERIFIED_MODEL_GRID,36a6016f6d5d1469076f9675ebcd9844ca3753eb4f6e9b61baacbaccf543a4fa,2026-09-22T14:34:00+00:00,2026-09-22 19:34:00,80.5,1006.8,90
26.0,38.2,79.6,2368.4,687.6,107.0,13.4,6.4,1.6,451.0,392.8,41.6,8.6,25.3,29.3,25.62,False,4095,0.0,5.0,0.0,EXT-OPEN-METEO-KHI,KARACHI,OPENSOURCE_API_GRID,876,,,,0.95,True,True,TIER2_OPENSOURCE_PURE;CONTINUOUS_MINUTE_STREAM;VERIFIED_MODEL_GRID,d148c888f169faa1a200eed97dbadcc03679976d1525f5dcaeeed230cdde840c,2026-09-22T14:35:00+00:00,2026-09-22 19:35:00,80.6,1006.8,90
26.0,38.2,79.3,2368.4,687.6,107.0,13.4,6.3,1.6,451.0,392.5,41.8,8.6,24.9,29.3,25.64,False,4095,0.0,4.8,0.0,EXT-OPEN-METEO-KHI,KARACHI,OPENSOURCE_API_GRID,877,,,,0.95,True,True,TIER2_OPENSOURCE_PURE;CONTINUOUS_MINUTE_STREAM;VERIFIED_MODEL_GRID,d92099ee404d7b9c5e4552b5956389a167621183c65f4a0aa9728dcdbdcaad68,2026-09-22T14:36:00+00:00,2026-09-22 19:36:00,80.7,1006.8,90
25.9,38.1,79.1,2362.2,685.8,106.7,13.3,6.3,1.6,451.0,392.2,41.9,8.6,24.5,29.3,25.64,False,4095,0.0,4.6,0.0,EXT-OPEN-METEO-KHI,KARACHI,OPENSOURCE_API_GRID,878,,,,0.95,True,True,TIER2_OPENSOURCE_PURE;CONTINUOUS_MINUTE_STREAM;VERIFIED_MODEL_GRID,449976c863c7a170d9f44203303ed164fb4efe2b4e9a687b47d73e892b85bbd3,2026-09-22T14:37:00+00:00,2026-09-22 19:37:00,80.7,1006.9,90
25.8,38.0,78.8,2356.0,684.0,106.4,13.3,6.3,1.6,451.0,391.9,42.1,8.6,24.0,29.3,25.66,False,4095,0.0,4.4,0.0,EXT-OPEN-METEO-KHI,KARACHI,OPENSOURCE_API_GRID,879,,,,0.95,True,True,TIER2_OPENSOURCE_PURE;CONTINUOUS_MINUTE_STREAM;VERIFIED_MODEL_GRID,ae39cd785ef5aaa5c17982c7dcbab68ec4e999d53c43837434b3f6826f25a09e,2026-09-22T14:38:00+00:00,2026-09-22 19:38:00,80.8,1006.9,90
25.8,37.9,78.5,2349.8,682.2,106.1,13.3,6.3,1.6,451.0,391.5,42.3,8.6,23.6,29.2,25.58,False,4095,0.0,4.2,0.0,EXT-OPEN-METEO-KHI,KARACHI,OPENSOURCE_API_GRID,880,,,,0.95,True,True,TIER2_OPENSOURCE_PURE;CONTINUOUS_MINUTE_STREAM;VERIFIED_MODEL_GRID,e777cc6009b144b1b4ff0fe1c7c320623d6973ec6defaea410f3137c94805740,2026-09-22T14:39:00+00:00,2026-09-22 19:39:00,80.9,1006.9,90
25.8,37.9,78.3,2349.8,682.2,106.1,13.3,6.3,1.6,451.0,391.2,42.4,8.6,23.2,29.2,25.58,False,4095,0.0,4.0,0.0,EXT-OPEN-METEO-KHI,KARACHI,OPENSOURCE_API_GRID,881,,,,0.95,True,True,TIER2_OPENSOURCE_PURE;CONTINUOUS_MINUTE_STREAM;VERIFIED_MODEL_GRID,fceb532221de2f8cd46b141161826dc6d82c42ef400896f9882aeb8a4ac60b5c,2026-09-22T14:40:00+00:00,2026-09-22 19:40:00,80.9,1006.9,90
25.7,37.8,78.0,2343.6,680.4,105.8,13.2,6.2,1.6,451.0,391.0,42.5,8.6,22.9,29.2,25.6,False,4095,0.0,3.8,0.0,EXT-OPEN-METEO-KHI,KARACHI,OPENSOURCE_API_GRID,882,,,,0.95,True,True,TIER2_OPENSOURCE_PURE;CONTINUOUS_MINUTE_STREAM;VERIFIED_MODEL_GRID,8f92c546c9272f2abb6d917f7f4f91c2f4205ea71dcac1bfdf32e9737a12ebab,2026-09-22T14:41:00+00:00,2026-09-22 19:41:00,81.0,1006.9,90
25.6,37.7,77.7,2337.4,678.6,105.6,13.2,6.2,1.6,451.0,390.7,42.7,8.6,22.5,29.2,25.62,False,4095,0.0,3.6,0.0,EXT-OPEN-METEO-KHI,KARACHI,OPENSOURCE_API_GRID,883,,,,0.95,True,True,TIER2_OPENSOURCE_PURE;CONTINUOUS_MINUTE_STREAM;VERIFIED_MODEL_GRID,eda38f48628ad843d5e4ba2b46561aa0e8ea38e6a5fd1fb1a0419418bec59fbf,2026-09-22T14:42:00+00:00,2026-09-22 19:42:00,81.1,1006.9,90
25.6,37.6,77.4,2331.2,676.8,105.3,13.2,6.2,1.5,451.0,390.4,42.8,8.6,22.2,29.1,25.53,False,4095,0.0,3.5,0.0,EXT-OPEN-METEO-KHI,KARACHI,OPENSOURCE_API_GRID,884,,,,0.95,True,True,TIER2_OPENSOURCE_PURE;CONTINUOUS_MINUTE_STREAM;VERIFIED_MODEL_GRID,d5a06fec2a17734ce20264950e210d09503300a283b2e4b5ed63637fc9e0a4fb,2026-09-22T14:43:00+00:00,2026-09-22 19:43:00,81.1,1006.9,90
25.5,37.5,77.2,2325.0,675.0,105.0,13.1,6.2,1.5,451.0,390.2,42.9,8.6,21.8,29.1,25.55,False,4095,0.0,3.3,0.0,EXT-OPEN-METEO-KHI,KARACHI,OPENSOURCE_API_GRID,885,,,,0.95,True,True,TIER2_OPENSOURCE_PURE;CONTINUOUS_MINUTE_STREAM;VERIFIED_MODEL_GRID,e279e2f8eb21fc6cf579dc5018f6caf76be48bf6aa611c154bc6dfb9e6ddfb9f,2026-09-22T14:44:00+00:00,2026-09-22 19:44:00,81.2,1006.9,90
25.5,37.5,76.9,2325.0,675.0,105.0,13.1,6.2,1.5,451.0,389.9,43.1,8.6,21.5,29.1,25.57,False,4095,0.0,3.2,0.0,EXT-OPEN-METEO-KHI,KARACHI,OPENSOURCE_API_GRID,886,,,,0.95,True,True,TIER2_OPENSOURCE_PURE;CONTINUOUS_MINUTE_STREAM;VERIFIED_MODEL_GRID,39a83ac531124f4fba94d1aaa3cb4ec6a943026f0ebf58dfa512555854b90107,2026-09-22T14:45:00+00:00,2026-09-22 19:45:00,81.3,1006.9,90
25.4,37.4,76.7,2318.8,673.2,104.7,13.1,6.1,1.5,451.0,389.7,43.2,8.6,21.2,29.1,25.57,False,4095,0.0,3.0,0.0,EXT-OPEN-METEO-KHI,KARACHI,OPENSOURCE_API_GRID,887,,,,0.95,True,True,TIER2_OPENSOURCE_PURE;CONTINUOUS_MINUTE_STREAM;VERIFIED_MODEL_GRID,f3bb82e906258e960e2c7483d6270e4cf3c4e735e76b68bb1a7e0e8a430f2974,2026-09-22T14:46:00+00:00,2026-09-22 19:46:00,81.3,1007.0,90
25.4,37.3,76.5,2312.6,671.4,104.4,13.1,6.1,1.5,451.0,389.4,43.3,8.6,20.9,29.0,25.49,False,4095,0.0,2.9,0.0,EXT-OPEN-METEO-KHI,KARACHI,OPENSOURCE_API_GRID,888,,,,0.95,True,True,TIER2_OPENSOURCE_PURE;CONTINUOUS_MINUTE_STREAM;VERIFIED_MODEL_GRID,06cb4ed1b6bd6515e358dcd46fa2722947fee41dae0070f6e5155f9c884275e8,2026-09-22T14:47:00+00:00,2026-09-22 19:47:00,81.4,1007.0,90
25.4,37.3,76.3,2312.6,671.4,104.4,13.1,6.1,1.5,451.0,389.2,43.4,8.6,20.6,29.0,25.51,False,4095,0.0,2.8,0.0,EXT-OPEN-METEO-KHI,KARACHI,OPENSOURCE_API_GRID,889,,,,0.95,True,True,TIER2_OPENSOURCE_PURE;CONTINUOUS_MINUTE_STREAM;VERIFIED_MODEL_GRID,e64eaf61571034a887cf9e03204cb5d34c00347ee30b8fd15d2ff90c0dfb0de5,2026-09-22T14:48:00+00:00,2026-09-22 19:48:00,81.5,1007.0,90
25.4,37.3,76.2,2312.6,671.4,104.4,13.1,6.1,1.5,451.0,389.0,43.5,8.6,20.4,29.0,25.51,False,4095,0.0,2.6,0.0,EXT-OPEN-METEO-KHI,KARACHI,OPENSOURCE_API_GRID,890,,,,0.95,True,True,TIER2_OPENSOURCE_PURE;CONTINUOUS_MINUTE_STREAM;VERIFIED_MODEL_GRID,eb6ce13305442270b2bdd6ceb113b8ae768e738a459bbd1722cdacb2815517af,2026-09-22T14:49:00+00:00,2026-09-22 19:49:00,81.5,1007.0,90
25.3,37.2,76.1,2306.4,669.6,104.2,13.0,6.1,1.5,451.0,388.9,43.6,8.6,20.1,29.0,25.53,False,4095,0.0,2.5,0.0,EXT-OPEN-METEO-KHI,KARACHI,OPENSOURCE_API_GRID,891,,,,0.95,True,True,TIER2_OPENSOURCE_PURE;CONTINUOUS_MINUTE_STREAM;VERIFIED_MODEL_GRID,d2edf1c40839d43123afea5d622b4d4bb7cc9c9bf74ab1879cc48170d28c697f,2026-09-22T14:50:00+00:00,2026-09-22 19:50:00,81.6,1007.0,90
25.3,37.2,76.0,2306.4,669.6,104.2,13.0,6.1,1.5,451.0,388.7,43.7,8.6,19.9,29.0,25.55,False,4095,0.0,2.4,0.0,EXT-OPEN-METEO-KHI,KARACHI,OPENSOURCE_API_GRID,892,,,,0.95,True,True,TIER2_OPENSOURCE_PURE;CONTINUOUS_MINUTE_STREAM;VERIFIED_MODEL_GRID,98c9eb5ece23e7ee57746c61f7346cdfedf4743374fa0d5d39c8d841c46bdff9,2026-09-22T14:51:00+00:00,2026-09-22 19:51:00,81.7,1007.0,90
25.3,37.2,75.9,2306.4,669.6,104.2,13.0,6.1,1.5,451.0,388.6,43.7,8.6,19.7,29.0,25.55,False,4095,0.0,2.3,0.0,EXT-OPEN-METEO-KHI,KARACHI,OPENSOURCE_API_GRID,893,,,,0.95,True,True,TIER2_OPENSOURCE_PURE;CONTINUOUS_MINUTE_STREAM;VERIFIED_MODEL_GRID,358131814cce9585db52190cb45e54bf42904027e5f827108cb0f988f8122579,2026-09-22T14:52:00+00:00,2026-09-22 19:52:00,81.7,1007.0,90
25.3,37.2,75.8,2306.4,669.6,104.2,13.0,6.1,1.5,451.0,388.4,43.8,8.6,19.6,29.0,25.57,False,4095,0.0,2.3,0.0,EXT-OPEN-METEO-KHI,KARACHI,OPENSOURCE_API_GRID,894,,,,0.95,True,True,TIER2_OPENSOURCE_PURE;CONTINUOUS_MINUTE_STREAM;VERIFIED_MODEL_GRID,91ed2a8b746c04a3b71903d8e31fc705c4d4fb53240aa7af795408221af84e1e,2026-09-22T14:53:00+00:00,2026-09-22 19:53:00,81.8,1007.0,90
25.3,37.2,75.8,2306.4,669.6,104.2,13.0,6.1,1.5,451.0,388.3,43.8,8.6,19.4,29.0,25.57,False,4095,0.0,2.2,0.0,EXT-OPEN-METEO-KHI,KARACHI,OPENSOURCE_API_GRID,895,,,,0.95,True,True,TIER2_OPENSOURCE_PURE;CONTINUOUS_MINUTE_STREAM;VERIFIED_MODEL_GRID,7cbe88f22df8de1f475f8fde34318bb115bab185254e25c88347a5f64a93142c,2026-09-22T14:54:00+00:00,2026-09-22 19:54:00,81.8,1007.0,90
25.4,37.3,75.8,2312.6,671.4,104.4,13.1,6.1,1.5,451.0,388.2,43.9,8.6,19.3,29.0,25.59,False,4095,0.0,2.1,0.0,EXT-OPEN-METEO-KHI,KARACHI,OPENSOURCE_API_GRID,896,,,,0.95,True,True,TIER2_OPENSOURCE_PURE;CONTINUOUS_MINUTE_STREAM;VERIFIED_MODEL_GRID,745e2bedac8241bbbfa53681c2ff50c72909a60b0b8ea3c1309a0be6cfd5ff55,2026-09-22T14:55:00+00:00,2026-09-22 19:55:00,81.9,1007.0,90
25.4,37.3,75.8,2312.6,671.4,104.4,13.1,6.1,1.5,451.0,388.1,43.9,8.6,19.2,29.0,25.59,False,4095,0.0,2.1,0.0,EXT-OPEN-METEO-KHI,KARACHI,OPENSOURCE_API_GRID,897,,,,0.95,True,True,TIER2_OPENSOURCE_PURE;CONTINUOUS_MINUTE_STREAM;VERIFIED_MODEL_GRID,4051e1fa6d98c950b1a598755cf8c817abd9a51fa91ca62c82942182767a11e8,2026-09-22T14:56:00+00:00,2026-09-22 19:56:00,81.9,1007.0,90
25.4,37.3,75.8,2312.6,671.4,104.4,13.1,6.1,1.5,451.0,388.1,44.0,8.6,19.1,29.0,25.61,False,4095,0.0,2.0,0.0,EXT-OPEN-METEO-KHI,KARACHI,OPENSOURCE_API_GRID,898,,,,0.95,True,True,TIER2_OPENSOURCE_PURE;CONTINUOUS_MINUTE_STREAM;VERIFIED_MODEL_GRID,7135bfd5555fff92de630d560ec2b53ba1dfd18a88a5b25158c2726346c261d2,2026-09-22T14:57:00+00:00,2026-09-22 19:57:00,82.0,1007.0,90
25.4,37.4,75.8,2318.8,673.2,104.7,13.1,6.1,1.5,451.0,388.0,44.0,8.6,19.0,29.0,25.61,False,4095,0.0,2.0,0.0,EXT-OPEN-METEO-KHI,KARACHI,OPENSOURCE_API_GRID,899,,,,0.95,True,True,TIER2_OPENSOURCE_PURE;CONTINUOUS_MINUTE_STREAM;VERIFIED_MODEL_GRID,5ac80ef137289cbd065ca83d048895fe7dc1e4ff5d48800138e0e032fc9a50f1,2026-09-22T14:58:00+00:00,2026-09-22 19:58:00,82.0,1007.0,90
25.4,37.3,75.7,2312.6,671.4,104.4,13.1,6.1,1.5,451.0,388.0,44.0,8.6,19.0,29.0,25.63,False,4095,0.0,2.0,0.0,EXT-OPEN-METEO-KHI,KARACHI,OPENSOURCE_API_GRID,900,,,,0.95,True,True,TIER2_OPENSOURCE_PURE;CONTINUOUS_MINUTE_STREAM;VERIFIED_MODEL_GRID,5ebeb28c13090aba1e14e9a2066847f0323fc3fd5b103ca28d0182c5df8075e0,2026-09-22T14:59:00+00:00,2026-09-22 19:59:00,82.1,1007.0,90
25.4,37.3,75.8,2312.6,671.4,104.4,13.1,6.1,1.5,451.0,388.0,44.0,8.6,19.0,29.0,25.63,False,4095,0.0,2.0,0.0,EXT-OPEN-METEO-KHI,KARACHI,OPENSOURCE_API_GRID,901,,,,0.95,True,False,TIER2_OPENSOURCE_PURE;HOURLY_NODE;VERIFIED_MODEL_GRID,a011cc3565675f179c9c5309c1974f58b71becf775104e571e42393194106f4e,2026-09-22T15:00:00+00:00,2026-09-22 20:00:00,82.1,1007.0,91
25.4,37.4,75.8,2318.8,673.2,104.7,13.1,6.1,1.5,451.0,388.0,44.0,8.6,19.0,29.0,25.63,False,4095,0.0,2.0,0.0,EXT-OPEN-METEO-KHI,KARACHI,OPENSOURCE_API_GRID,902,,,,0.95,True,True,TIER2_OPENSOURCE_PURE;CONTINUOUS_MINUTE_STREAM;VERIFIED_MODEL_GRID,7df4d3aa24e2dbcf756a4190908ccd0761a335687c39e0bb4de59d913852af38,2026-09-22T15:01:00+00:00,2026-09-22 20:01:00,82.1,1007.0,91
25.4,37.4,75.9,2318.8,673.2,104.7,13.1,6.1,1.5,451.0,387.9,44.0,8.6,19.0,29.0,25.63,False,4095,0.0,2.0,0.0,EXT-OPEN-METEO-KHI,KARACHI,OPENSOURCE_API_GRID,903,,,,0.95,True,True,TIER2_OPENSOURCE_PURE;CONTINUOUS_MINUTE_STREAM;VERIFIED_MODEL_GRID,b18d633de0a0d68171bb9c73312c0f018ac04ca2ab47baf6e584c954ebea4259,2026-09-22T15:02:00+00:00,2026-09-22 20:02:00,82.1,1007.0,91
25.4,37.4,75.9,2318.8,673.2,104.7,13.1,6.1,1.5,451.0,387.9,44.0,8.6,19.0,29.0,25.63,False,4095,0.0,2.0,0.0,EXT-OPEN-METEO-KHI,KARACHI,OPENSOURCE_API_GRID,904,,,,0.95,True,True,TIER2_OPENSOURCE_PURE;CONTINUOUS_MINUTE_STREAM;VERIFIED_MODEL_GRID,c3c90645fca87b574a29962d95c569bbaec3c54d239e7550fdae855c9665007a,2026-09-22T15:03:00+00:00,2026-09-22 20:03:00,82.1,1007.0,91
25.4,37.4,75.9,2318.8,673.2,104.7,13.1,6.1,1.5,451.0,387.7,44.0,8.6,19.0,29.0,25.63,False,4095,0.0,2.1,0.0,EXT-OPEN-METEO-KHI,KARACHI,OPENSOURCE_API_GRID,905,,,,0.95,True,True,TIER2_OPENSOURCE_PURE;CONTINUOUS_MINUTE_STREAM;VERIFIED_MODEL_GRID,33863d0d8088aa0e04f93e130a5d201bfb5bb5dc7c40bee813ec387694c7bcb4,2026-09-22T15:04:00+00:00,2026-09-22 20:04:00,82.1,1007.0,91
25.4,37.4,75.9,2318.8,673.2,104.7,13.1,6.1,1.5,451.0,387.6,44.0,8.6,19.0,29.0,25.63,False,4095,0.0,2.1,0.0,EXT-OPEN-METEO-KHI,KARACHI,OPENSOURCE_API_GRID,906,,,,0.95,True,True,TIER2_OPENSOURCE_PURE;CONTINUOUS_MINUTE_STREAM;VERIFIED_MODEL_GRID,aa7d3e4b8156985df096c2e5bd251556aadc67213317b33ab133358e4e85f085,2026-09-22T15:05:00+00:00,2026-09-22 20:05:00,82.1,1007.0,91
25.4,37.4,75.9,2318.8,673.2,104.7,13.1,6.1,1.5,451.0,387.4,44.0,8.6,19.0,29.0,25.63,False,4095,0.0,2.2,0.0,EXT-OPEN-METEO-KHI,KARACHI,OPENSOURCE_API_GRID,907,,,,0.95,True,True,TIER2_OPENSOURCE_PURE;CONTINUOUS_MINUTE_STREAM;VERIFIED_MODEL_GRID,7c07f5217984d7fd8b358dc22447a87791134b74ccd6d7a51eeb48cf94b698e7,2026-09-22T15:06:00+00:00,2026-09-22 20:06:00,82.1,1007.0,91
25.4,37.4,75.8,2318.8,673.2,104.7,13.1,6.1,1.5,451.0,387.2,43.9,8.6,18.9,29.0,25.63,False,4095,0.0,2.3,0.0,EXT-OPEN-METEO-KHI,KARACHI,OPENSOURCE_API_GRID,908,,,,0.95,True,True,TIER2_OPENSOURCE_PURE;CONTINUOUS_MINUTE_STREAM;VERIFIED_MODEL_GRID,45d00dcc3dd0a231174cdfd57d1d221f64f693d8a6841898d066251a3f7d62e9,2026-09-22T15:07:00+00:00,2026-09-22 20:07:00,82.1,1007.0,91
25.4,37.3,75.7,2312.6,671.4,104.4,13.1,6.1,1.5,451.0,387.0,43.9,8.6,18.9,29.0,25.63,False,4095,0.0,2.3,0.0,EXT-OPEN-METEO-KHI,KARACHI,OPENSOURCE_API_GRID,909,,,,0.95,True,True,TIER2_OPENSOURCE_PURE;CONTINUOUS_MINUTE_STREAM;VERIFIED_MODEL_GRID,60cea9417af05792743c32f1a6db2864e77e3ca5da532d3905bf0a9a2343974f,2026-09-22T15:08:00+00:00,2026-09-22 20:08:00,82.1,1007.0,91
25.4,37.3,75.6,2312.6,671.4,104.4,13.1,6.0,1.5,451.0,386.7,43.9,8.6,18.9,29.0,25.63,False,4095,0.0,2.4,0.0,EXT-OPEN-METEO-KHI,KARACHI,OPENSOURCE_API_GRID,910,,,,0.95,True,True,TIER2_OPENSOURCE_PURE;CONTINUOUS_MINUTE_STREAM;VERIFIED_MODEL_GRID,d1edbd82ef86a9ba90e0f09779cf700005741ec6fd02b9091e86cb46a7478544,2026-09-22T15:09:00+00:00,2026-09-22 20:09:00,82.1,1007.1,91
25.3,37.2,75.5,2306.4,669.6,104.2,13.0,6.0,1.5,451.0,386.4,43.9,8.6,18.9,29.0,25.63,False,4095,0.0,2.5,0.0,EXT-OPEN-METEO-KHI,KARACHI,OPENSOURCE_API_GRID,911,,,,0.95,True,True,TIER2_OPENSOURCE_PURE;CONTINUOUS_MINUTE_STREAM;VERIFIED_MODEL_GRID,d5b29a9de28e947c06ed4247e3dbed0a2fc7544b6739077ca86c5ead19790ef0,2026-09-22T15:10:00+00:00,2026-09-22 20:10:00,82.1,1007.1,91
25.2,37.1,75.4,2300.2,667.8,103.9,13.0,6.0,1.5,451.0,386.1,43.8,8.6,18.8,29.0,25.63,False,4095,0.0,2.6,0.0,EXT-OPEN-METEO-KHI,KARACHI,OPENSOURCE_API_GRID,912,,,,0.95,True,True,TIER2_OPENSOURCE_PURE;CONTINUOUS_MINUTE_STREAM;VERIFIED_MODEL_GRID,97a94ed7d712558a9cc475743e6412c4acca5f3fc73b625330db36360bcefb68,2026-09-22T15:11:00+00:00,2026-09-22 20:11:00,82.1,1007.1,91
25.2,37.0,75.3,2294.0,666.0,103.6,12.9,6.0,1.5,451.0,385.7,43.8,8.6,18.8,29.0,25.63,False,4095,0.0,2.8,0.0,EXT-OPEN-METEO-KHI,KARACHI,OPENSOURCE_API_GRID,913,,,,0.95,True,True,TIER2_OPENSOURCE_PURE;CONTINUOUS_MINUTE_STREAM;VERIFIED_MODEL_GRID,914b2d351a047c2a13a045cbcea0a9e97a296eae1397e084644194696b2b167e,2026-09-22T15:12:00+00:00,2026-09-22 20:12:00,82.1,1007.1,91
25.1,36.9,75.1,2287.8,664.2,103.3,12.9,6.0,1.5,451.0,385.3,43.8,8.6,18.8,29.0,25.63,False,4095,0.0,2.9,0.0,EXT-OPEN-METEO-KHI,KARACHI,OPENSOURCE_API_GRID,914,,,,0.95,True,True,TIER2_OPENSOURCE_PURE;CONTINUOUS_MINUTE_STREAM;VERIFIED_MODEL_GRID,1089a7e9267cf5f04cd133dd8ce1c1a6a21d14dba08d953f853a87fa9a18af60,2026-09-22T15:13:00+00:00,2026-09-22 20:13:00,82.1,1007.1,91
25.0,36.8,74.9,2281.6,662.4,103.0,12.9,6.0,1.5,451.0,384.9,43.7,8.6,18.7,29.0,25.63,False,4095,0.0,3.0,0.0,EXT-OPEN-METEO-KHI,KARACHI,OPENSOURCE_API_GRID,915,,,,0.95,True,True,TIER2_OPENSOURCE_PURE;CONTINUOUS_MINUTE_STREAM;VERIFIED_MODEL_GRID,6bb5cff88a2a9ac1d70b4b422c68943522fba06e0868882d9db64da521d40f5d,2026-09-22T15:14:00+00:00,2026-09-22 20:14:00,82.1,1007.1,91
25.0,36.7,74.8,2275.4,660.6,102.8,12.8,6.0,1.5,451.0,384.5,43.7,8.6,18.7,29.0,25.66,False,4095,0.0,3.2,0.0,EXT-OPEN-METEO-KHI,KARACHI,OPENSOURCE_API_GRID,916,,,,0.95,True,True,TIER2_OPENSOURCE_PURE;CONTINUOUS_MINUTE_STREAM;VERIFIED_MODEL_GRID,1574a8ed740f158b03fd27bb8c41d06cd9d4e881a7c15bd32ebe71753245db2d,2026-09-22T15:15:00+00:00,2026-09-22 20:15:00,82.2,1007.1,91
24.9,36.6,74.6,2269.2,658.8,102.5,12.8,6.0,1.5,451.0,384.0,43.7,8.6,18.7,28.9,25.56,False,4095,0.0,3.3,0.0,EXT-OPEN-METEO-KHI,KARACHI,OPENSOURCE_API_GRID,917,,,,0.95,True,True,TIER2_OPENSOURCE_PURE;CONTINUOUS_MINUTE_STREAM;VERIFIED_MODEL_GRID,e872698466727fcaa419e79aa5bc318f732e624e85485dcf80f200e1352c52cb,2026-09-22T15:16:00+00:00,2026-09-22 20:16:00,82.2,1007.1,91
24.8,36.5,74.5,2263.0,657.0,102.2,12.8,6.0,1.5,451.0,383.6,43.6,8.6,18.6,28.9,25.56,False,4095,0.0,3.5,0.0,EXT-OPEN-METEO-KHI,KARACHI,OPENSOURCE_API_GRID,918,,,,0.95,True,True,TIER2_OPENSOURCE_PURE;CONTINUOUS_MINUTE_STREAM;VERIFIED_MODEL_GRID,bf26ac9c5134440a8df2b515b93973eb7cf626f7cab46aff119908de1909dc7a,2026-09-22T15:17:00+00:00,2026-09-22 20:17:00,82.2,1007.1,91
24.8,36.4,74.3,2256.8,655.2,101.9,12.7,5.9,1.5,451.0,383.1,43.6,8.6,18.6,28.9,25.58,False,4095,0.0,3.6,0.0,EXT-OPEN-METEO-KHI,KARACHI,OPENSOURCE_API_GRID,919,,,,0.95,True,True,TIER2_OPENSOURCE_PURE;CONTINUOUS_MINUTE_STREAM;VERIFIED_MODEL_GRID,159a77aa397d54c9a0dd279cca29a487e2e49c6b9b3a4705187c04add81c8cf8,2026-09-22T15:18:00+00:00,2026-09-22 20:18:00,82.3,1007.1,91
24.7,36.3,74.2,2250.6,653.4,101.6,12.7,5.9,1.5,451.0,382.5,43.5,8.6,18.5,28.9,25.58,False,4095,0.0,3.8,0.0,EXT-OPEN-METEO-KHI,KARACHI,OPENSOURCE_API_GRID,920,,,,0.95,True,True,TIER2_OPENSOURCE_PURE;CONTINUOUS_MINUTE_STREAM;VERIFIED_MODEL_GRID,0b3e7efc1e32fb1447e3776c6f942fcbb8cc453042f92b8a409393564be265a6,2026-09-22T15:19:00+00:00,2026-09-22 20:19:00,82.3,1007.1,91
24.7,36.3,74.1,2250.6,653.4,101.6,12.7,5.9,1.5,451.0,382.0,43.5,8.6,18.5,28.9,25.6,False,4095,0.0,4.0,0.0,EXT-OPEN-METEO-KHI,KARACHI,OPENSOURCE_API_GRID,921,,,,0.95,True,True,TIER2_OPENSOURCE_PURE;CONTINUOUS_MINUTE_STREAM;VERIFIED_MODEL_GRID,a5dd9efe751c78d4e519fc43229b19a3fac57569da5d003167e832e9d64f0189,2026-09-22T15:20:00+00:00,2026-09-22 20:20:00,82.4,1007.2,91
24.6,36.2,73.9,2244.4,651.6,101.4,12.7,5.9,1.5,451.0,381.4,43.5,8.6,18.5,28.9,25.6,False,4095,0.0,4.2,0.0,EXT-OPEN-METEO-KHI,KARACHI,OPENSOURCE_API_GRID,922,,,,0.95,True,True,TIER2_OPENSOURCE_PURE;CONTINUOUS_MINUTE_STREAM;VERIFIED_MODEL_GRID,67d53f704178ac9a1345b7e6b6552ea3ca4625aa445951cbc868ef9fca225dab,2026-09-22T15:21:00+00:00,2026-09-22 20:21:00,82.4,1007.2,91
24.5,36.1,73.8,2238.2,649.8,101.1,12.6,5.9,1.5,451.0,380.9,43.4,8.6,18.4,28.9,25.62,False,4095,0.0,4.4,0.0,EXT-OPEN-METEO-KHI,KARACHI,OPENSOURCE_API_GRID,923,,,,0.95,True,True,TIER2_OPENSOURCE_PURE;CONTINUOUS_MINUTE_STREAM;VERIFIED_MODEL_GRID,be77204651627055acf9463b449c141c502109ea8d5c365e3e6a86ea61ecb6e6,2026-09-22T15:22:00+00:00,2026-09-22 20:22:00,82.5,1007.2,91
24.5,36.0,73.7,2232.0,648.0,100.8,12.6,5.9,1.5,451.0,380.3,43.4,8.6,18.4,28.9,25.62,False,4095,0.0,4.6,0.0,EXT-OPEN-METEO-KHI,KARACHI,OPENSOURCE_API_GRID,924,,,,0.95,True,True,TIER2_OPENSOURCE_PURE;CONTINUOUS_MINUTE_STREAM;VERIFIED_MODEL_GRID,9b209f40246a57f17f02867cf951d618c961ea6106eca54286ef15e7842a04db,2026-09-22T15:23:00+00:00,2026-09-22 20:23:00,82.5,1007.2,91
24.5,36.0,73.6,2232.0,648.0,100.8,12.6,5.9,1.5,451.0,379.7,43.3,8.6,18.3,28.8,25.54,False,4095,0.0,4.8,0.0,EXT-OPEN-METEO-KHI,KARACHI,OPENSOURCE_API_GRID,925,,,,0.95,True,True,TIER2_OPENSOURCE_PURE;CONTINUOUS_MINUTE_STREAM;VERIFIED_MODEL_GRID,df95079b7ad23c2462fbc32e9a59468f377d5323f816589e72343a702df06058,2026-09-22T15:24:00+00:00,2026-09-22 20:24:00,82.6,1007.2,91
24.4,35.9,73.6,2225.8,646.2,100.5,12.6,5.9,1.5,451.0,379.1,43.3,8.6,18.3,28.8,25.56,False,4095,0.0,5.0,0.0,EXT-OPEN-METEO-KHI,KARACHI,OPENSOURCE_API_GRID,926,,,,0.95,True,True,TIER2_OPENSOURCE_PURE;CONTINUOUS_MINUTE_STREAM;VERIFIED_MODEL_GRID,c63eb1c6757c215edc5ef44c5a24cee25398e9c458e4e8152d7e835a18ff2863,2026-09-22T15:25:00+00:00,2026-09-22 20:25:00,82.7,1007.2,91
24.4,35.9,73.5,2225.8,646.2,100.5,12.6,5.9,1.5,451.0,378.5,43.2,8.6,18.2,28.8,25.58,False,4095,0.0,5.2,0.0,EXT-OPEN-METEO-KHI,KARACHI,OPENSOURCE_API_GRID,927,,,,0.95,True,True,TIER2_OPENSOURCE_PURE;CONTINUOUS_MINUTE_STREAM;VERIFIED_MODEL_GRID,4379fe7781368de06917101c8d7d5b92dab44e2c11a374f0a8a7c7087c914a13,2026-09-22T15:26:00+00:00,2026-09-22 20:26:00,82.8,1007.2,91
24.4,35.9,73.4,2225.8,646.2,100.5,12.6,5.9,1.5,451.0,377.9,43.2,8.6,18.2,28.8,25.58,False,4095,0.0,5.4,0.0,EXT-OPEN-METEO-KHI,KARACHI,OPENSOURCE_API_GRID,928,,,,0.95,True,True,TIER2_OPENSOURCE_PURE;CONTINUOUS_MINUTE_STREAM;VERIFIED_MODEL_GRID,2137b561e2386701568d336641442439a284055fdfdfb9d416428739dcdcaa4b,2026-09-22T15:27:00+00:00,2026-09-22 20:27:00,82.8,1007.2,91
24.3,35.8,73.3,2219.6,644.4,100.2,12.5,5.9,1.5,451.0,377.3,43.1,8.6,18.1,28.8,25.6,False,4095,0.0,5.6,0.0,EXT-OPEN-METEO-KHI,KARACHI,OPENSOURCE_API_GRID,929,,,,0.95,True,True,TIER2_OPENSOURCE_PURE;CONTINUOUS_MINUTE_STREAM;VERIFIED_MODEL_GRID,b06b928a96b5ecf0c45d90895510ba78eaf5b88a2393c96b5379b272e72d88b7,2026-09-22T15:28:00+00:00,2026-09-22 20:28:00,82.9,1007.3,91
24.3,35.8,73.3,2219.6,644.4,100.2,12.5,5.9,1.5,451.0,376.6,43.1,8.6,18.1,28.8,25.62,False,4095,0.0,5.8,0.0,EXT-OPEN-METEO-KHI,KARACHI,OPENSOURCE_API_GRID,930,,,,0.95,True,True,TIER2_OPENSOURCE_PURE;CONTINUOUS_MINUTE_STREAM;VERIFIED_MODEL_GRID,bda1b5ce4481024bc988beb88796b5d3d03a968df33f07a7c88e6f262b7073b8,2026-09-22T15:29:00+00:00,2026-09-22 20:29:00,83.0,1007.3,91
24.2,35.6,73.0,2207.2,640.8,99.7,12.5,5.8,1.5,451.0,376.0,43.0,8.5,18.0,28.8,25.66,False,4095,0.0,6.0,0.0,EXT-OPEN-METEO-KHI,KARACHI,OPENSOURCE_API_GRID,931,,,,0.95,True,True,TIER2_OPENSOURCE_PURE;CONTINUOUS_MINUTE_STREAM;VERIFIED_MODEL_GRID,bdbc353c7594a2472d3e13bf95fb49cdd940c36415fac13823b257d2dafb1649,2026-09-22T15:30:00+00:00,2026-09-22 20:30:00,83.2,1007.3,91
24.2,35.6,72.9,2207.2,640.8,99.7,12.5,5.8,1.5,451.0,375.4,42.9,8.5,17.9,28.9,25.76,False,4095,0.0,6.2,0.0,EXT-OPEN-METEO-KHI,KARACHI,OPENSOURCE_API_GRID,932,,,,0.95,True,True,TIER2_OPENSOURCE_PURE;CONTINUOUS_MINUTE_STREAM;VERIFIED_MODEL_GRID,2be997afc33b1b8c90819b81f303432d6a6294d02f921e8860fa1e068d9aade0,2026-09-22T15:31:00+00:00,2026-09-22 20:31:00,83.2,1007.3,91
24.1,35.5,72.8,2201.0,639.0,99.4,12.4,5.8,1.5,451.0,374.7,42.9,8.5,17.9,28.9,25.76,False,4095,0.0,6.4,0.0,EXT-OPEN-METEO-KHI,KARACHI,OPENSOURCE_API_GRID,933,,,,0.95,True,True,TIER2_OPENSOURCE_PURE;CONTINUOUS_MINUTE_STREAM;VERIFIED_MODEL_GRID,47c8804f9e3de4a5d4ce6694663f5b18a8cd49dd1614a986de9ebdf6de1959cb,2026-09-22T15:32:00+00:00,2026-09-22 20:32:00,83.2,1007.3,91
24.1,35.5,72.8,2201.0,639.0,99.4,12.4,5.8,1.5,451.0,374.1,42.8,8.5,17.8,28.9,25.78,False,4095,0.0,6.6,0.0,EXT-OPEN-METEO-KHI,KARACHI,OPENSOURCE_API_GRID,934,,,,0.95,True,True,TIER2_OPENSOURCE_PURE;CONTINUOUS_MINUTE_STREAM;VERIFIED_MODEL_GRID,5d013266d5595fb0b1a2618843d0f1f525f94baedf3cb020e93530678f3f365c,2026-09-22T15:33:00+00:00,2026-09-22 20:33:00,83.3,1007.4,91
24.1,35.4,72.7,2194.8,637.2,99.1,12.4,5.8,1.5,451.0,373.5,42.8,8.5,17.8,28.9,25.78,False,4095,0.0,6.8,0.0,EXT-OPEN-METEO-KHI,KARACHI,OPENSOURCE_API_GRID,935,,,,0.95,True,True,TIER2_OPENSOURCE_PURE;CONTINUOUS_MINUTE_STREAM;VERIFIED_MODEL_GRID,421447829a93dd460a5b62f94c63a103752297ca4ae137280831630544d09a55,2026-09-22T15:34:00+00:00,2026-09-22 20:34:00,83.3,1007.4,91
24.0,35.3,72.6,2188.6,635.4,98.8,12.4,5.8,1.5,451.0,372.9,42.7,8.5,17.7,28.9,25.8,False,4095,0.0,7.0,0.0,EXT-OPEN-METEO-KHI,KARACHI,OPENSOURCE_API_GRID,936,,,,0.95,True,True,TIER2_OPENSOURCE_PURE;CONTINUOUS_MINUTE_STREAM;VERIFIED_MODEL_GRID,a43ea15ad299ee50d8c725c3542e29887cea32a0ea0daddf1b2c1ceb62ed2dd0,2026-09-22T15:35:00+00:00,2026-09-22 20:35:00,83.4,1007.4,91
24.0,35.3,72.5,2188.6,635.4,98.8,12.4,5.8,1.4,451.0,372.3,42.7,8.5,17.7,28.9,25.8,False,4095,0.0,7.2,0.0,EXT-OPEN-METEO-KHI,KARACHI,OPENSOURCE_API_GRID,937,,,,0.95,True,True,TIER2_OPENSOURCE_PURE;CONTINUOUS_MINUTE_STREAM;VERIFIED_MODEL_GRID,e83a13d8992ebdbd39a4fbb92d55acaeb3a511dfc874449dc52a24870266c629,2026-09-22T15:36:00+00:00,2026-09-22 20:36:00,83.4,1007.4,91
23.9,35.2,72.3,2182.4,633.6,98.6,12.3,5.8,1.4,451.0,371.7,42.6,8.5,17.6,28.8,25.7,False,4095,0.0,7.4,0.0,EXT-OPEN-METEO-KHI,KARACHI,OPENSOURCE_API_GRID,938,,,,0.95,True,True,TIER2_OPENSOURCE_PURE;CONTINUOUS_MINUTE_STREAM;VERIFIED_MODEL_GRID,27a74a1e13a5be6141d4f5902080724aa313ef5c56a3a3102669227cd08648ad,2026-09-22T15:37:00+00:00,2026-09-22 20:37:00,83.4,1007.4,91
23.9,35.1,72.2,2176.2,631.8,98.3,12.3,5.8,1.4,451.0,371.1,42.6,8.5,17.6,28.8,25.7,False,4095,0.0,7.6,0.0,EXT-OPEN-METEO-KHI,KARACHI,OPENSOURCE_API_GRID,939,,,,0.95,True,True,TIER2_OPENSOURCE_PURE;CONTINUOUS_MINUTE_STREAM;VERIFIED_MODEL_GRID,e80dfe1e77f15b1c23e0b042c8f2ee283cea952073a0f4673fd5b268fa4bf68c,2026-09-22T15:38:00+00:00,2026-09-22 20:38:00,83.4,1007.4,91
23.8,35.0,72.0,2170.0,630.0,98.0,12.2,5.8,1.4,451.0,370.6,42.5,8.5,17.5,28.8,25.72,False,4095,0.0,7.8,0.0,EXT-OPEN-METEO-KHI,KARACHI,OPENSOURCE_API_GRID,940,,,,0.95,True,True,TIER2_OPENSOURCE_PURE;CONTINUOUS_MINUTE_STREAM;VERIFIED_MODEL_GRID,54681f10f462d1c0f4712b6bdf21103c0ecd2a52a320bcaab92f02af18284a9b,2026-09-22T15:39:00+00:00,2026-09-22 20:39:00,83.5,1007.5,91
23.7,34.9,71.9,2163.8,628.2,97.7,12.2,5.8,1.4,451.0,370.0,42.5,8.5,17.5,28.8,25.72,False,4095,0.0,8.0,0.0,EXT-OPEN-METEO-KHI,KARACHI,OPENSOURCE_API_GRID,941,,,,0.95,True,True,TIER2_OPENSOURCE_PURE;CONTINUOUS_MINUTE_STREAM;VERIFIED_MODEL_GRID,21bddd336dea38e1202d4a7709256dfada74d103bc80b928e0c10373f2e62c9f,2026-09-22T15:40:00+00:00,2026-09-22 20:40:00,83.5,1007.5,91
23.7,34.8,71.7,2157.6,626.4,97.4,12.2,5.7,1.4,451.0,369.5,42.5,8.5,17.5,28.8,25.72,False,4095,0.0,8.2,0.0,EXT-OPEN-METEO-KHI,KARACHI,OPENSOURCE_API_GRID,942,,,,0.95,True,True,TIER2_OPENSOURCE_PURE;CONTINUOUS_MINUTE_STREAM;VERIFIED_MODEL_GRID,aee43e8c25a5461da13ad1cd0afaea197e97eca6fa343ac40da687e1c2c89070,2026-09-22T15:41:00+00:00,2026-09-22 20:41:00,83.5,1007.5,91
23.6,34.7,71.6,2151.4,624.6,97.2,12.1,5.7,1.4,451.0,368.9,42.4,8.5,17.4,28.8,25.72,False,4095,0.0,8.4,0.0,EXT-OPEN-METEO-KHI,KARACHI,OPENSOURCE_API_GRID,943,,,,0.95,True,True,TIER2_OPENSOURCE_PURE;CONTINUOUS_MINUTE_STREAM;VERIFIED_MODEL_GRID,522b6bbabcb2c9a282075b819376a141cdbedd90ff600fcc6987753c4c3a5c8e,2026-09-22T15:42:00+00:00,2026-09-22 20:42:00,83.5,1007.5,91
23.5,34.6,71.4,2145.2,622.8,96.9,12.1,5.7,1.4,451.0,368.4,42.4,8.5,17.4,28.8,25.72,False,4095,0.0,8.5,0.0,EXT-OPEN-METEO-KHI,KARACHI,OPENSOURCE_API_GRID,944,,,,0.95,True,True,TIER2_OPENSOURCE_PURE;CONTINUOUS_MINUTE_STREAM;VERIFIED_MODEL_GRID,a9267d967cfb37e9db318a76b3f58c7f9e72e46f690c7825d5a28a10f9a97679,2026-09-22T15:43:00+00:00,2026-09-22 20:43:00,83.5,1007.5,91
23.5,34.5,71.2,2139.0,621.0,96.6,12.1,5.7,1.4,451.0,368.0,42.3,8.5,17.3,28.8,25.74,False,4095,0.0,8.7,0.0,EXT-OPEN-METEO-KHI,KARACHI,OPENSOURCE_API_GRID,945,,,,0.95,True,True,TIER2_OPENSOURCE_PURE;CONTINUOUS_MINUTE_STREAM;VERIFIED_MODEL_GRID,d6887b768b7ffcf066dde21a5a53e62332e91375626058e000d14efe05930557,2026-09-22T15:44:00+00:00,2026-09-22 20:44:00,83.6,1007.5,91
23.4,34.4,71.0,2132.8,619.2,96.3,12.0,5.7,1.4,451.0,367.5,42.3,8.5,17.3,28.8,25.74,False,4095,0.0,8.8,0.0,EXT-OPEN-METEO-KHI,KARACHI,OPENSOURCE_API_GRID,946,,,,0.95,True,True,TIER2_OPENSOURCE_PURE;CONTINUOUS_MINUTE_STREAM;VERIFIED_MODEL_GRID,5e36881055e5783f196324cdef4590b188cdb8d8c037cad27f26b5b730c70555,2026-09-22T15:45:00+00:00,2026-09-22 20:45:00,83.6,1007.5,91
23.3,34.3,70.9,2126.6,617.4,96.0,12.0,5.7,1.4,451.0,367.1,42.3,8.5,17.3,28.7,25.65,False,4095,0.0,9.0,0.0,EXT-OPEN-METEO-KHI,KARACHI,OPENSOURCE_API_GRID,947,,,,0.95,True,True,TIER2_OPENSOURCE_PURE;CONTINUOUS_MINUTE_STREAM;VERIFIED_MODEL_GRID,2e607603e108891c2045e4fac715e9460d6328b56c0098b9986e0effcff506c5,2026-09-22T15:46:00+00:00,2026-09-22 20:46:00,83.6,1007.5,91
23.3,34.2,70.7,2120.4,615.6,95.8,12.0,5.7,1.4,451.0,366.7,42.2,8.5,17.2,28.7,25.65,False,4095,0.0,9.1,0.0,EXT-OPEN-METEO-KHI,KARACHI,OPENSOURCE_API_GRID,948,,,,0.95,True,True,TIER2_OPENSOURCE_PURE;CONTINUOUS_MINUTE_STREAM;VERIFIED_MODEL_GRID,f5c44d8d54ca3147058f475a11ea6bff194ef070676c3d1f1f6f0998e98a2e6a,2026-09-22T15:47:00+00:00,2026-09-22 20:47:00,83.6,1007.6,91
23.2,34.1,70.6,2114.2,613.8,95.5,11.9,5.6,1.4,451.0,366.3,42.2,8.5,17.2,28.7,25.67,False,4095,0.0,9.2,0.0,EXT-OPEN-METEO-KHI,KARACHI,OPENSOURCE_API_GRID,949,,,,0.95,True,True,TIER2_OPENSOURCE_PURE;CONTINUOUS_MINUTE_STREAM;VERIFIED_MODEL_GRID,4885dd940381d99c26afadb3f351ae0fd853c95d6fa3409b19539e4f3fd02637,2026-09-22T15:48:00+00:00,2026-09-22 20:48:00,83.7,1007.6,91
23.1,34.0,70.5,2108.0,612.0,95.2,11.9,5.6,1.4,451.0,365.9,42.2,8.5,17.2,28.7,25.67,False,4095,0.0,9.4,0.0,EXT-OPEN-METEO-KHI,KARACHI,OPENSOURCE_API_GRID,950,,,,0.95,True,True,TIER2_OPENSOURCE_PURE;CONTINUOUS_MINUTE_STREAM;VERIFIED_MODEL_GRID,4269a228d38524b17d35f089ce54ad264fd50ffa4da4801f9d120ba3c1a54aac,2026-09-22T15:49:00+00:00,2026-09-22 20:49:00,83.7,1007.6,91
23.1,33.9,70.4,2101.8,610.2,94.9,11.9,5.6,1.4,451.0,365.6,42.1,8.5,17.1,28.7,25.67,False,4095,0.0,9.5,0.0,EXT-OPEN-METEO-KHI,KARACHI,OPENSOURCE_API_GRID,951,,,,0.95,True,True,TIER2_OPENSOURCE_PURE;CONTINUOUS_MINUTE_STREAM;VERIFIED_MODEL_GRID,0b58e17e6609b34ea86a482dbcbe44bbcc2a12fde74e1272fd405e54095590c0,2026-09-22T15:50:00+00:00,2026-09-22 20:50:00,83.7,1007.6,91
23.1,33.9,70.3,2101.8,610.2,94.9,11.9,5.6,1.4,451.0,365.3,42.1,8.5,17.1,28.7,25.69,False,4095,0.0,9.6,0.0,EXT-OPEN-METEO-KHI,KARACHI,OPENSOURCE_API_GRID,952,,,,0.95,True,True,TIER2_OPENSOURCE_PURE;CONTINUOUS_MINUTE_STREAM;VERIFIED_MODEL_GRID,464a43b00c2e649055937dd6068d4da08a27d2f03bd77ca381b19d4deaaa3a17,2026-09-22T15:51:00+00:00,2026-09-22 20:51:00,83.8,1007.6,91
23.1,33.9,70.2,2101.8,610.2,94.9,11.9,5.6,1.4,451.0,365.0,42.1,8.5,17.1,28.7,25.69,False,4095,0.0,9.7,0.0,EXT-OPEN-METEO-KHI,KARACHI,OPENSOURCE_API_GRID,953,,,,0.95,True,True,TIER2_OPENSOURCE_PURE;CONTINUOUS_MINUTE_STREAM;VERIFIED_MODEL_GRID,c35fdfda985d300011bcd04ee7596645acaa6093715766fc2ee8baa47d6919c7,2026-09-22T15:52:00+00:00,2026-09-22 20:52:00,83.8,1007.6,91
23.0,33.8,70.2,2095.6,608.4,94.6,11.8,5.6,1.4,451.0,364.8,42.1,8.5,17.1,28.7,25.69,False,4095,0.0,9.7,0.0,EXT-OPEN-METEO-KHI,KARACHI,OPENSOURCE_API_GRID,954,,,,0.95,True,True,TIER2_OPENSOURCE_PURE;CONTINUOUS_MINUTE_STREAM;VERIFIED_MODEL_GRID,0af1619f1fb951ad16c2d37568043d27c2c624b46b8e5c179e9f09bc4bfb88af,2026-09-22T15:53:00+00:00,2026-09-22 20:53:00,83.8,1007.6,91
23.0,33.8,70.2,2095.6,608.4,94.6,11.8,5.6,1.4,451.0,364.6,42.0,8.5,17.0,28.7,25.71,False,4095,0.0,9.8,0.0,EXT-OPEN-METEO-KHI,KARACHI,OPENSOURCE_API_GRID,955,,,,0.95,True,True,TIER2_OPENSOURCE_PURE;CONTINUOUS_MINUTE_STREAM;VERIFIED_MODEL_GRID,b11272549a4ff25336e1bc3c357af65c3efbacf775a0ad62daf8cd02618944a8,2026-09-22T15:54:00+00:00,2026-09-22 20:54:00,83.9,1007.6,91
23.0,33.8,70.2,2095.6,608.4,94.6,11.8,5.6,1.4,451.0,364.4,42.0,8.5,17.0,28.7,25.71,False,4095,0.0,9.9,0.0,EXT-OPEN-METEO-KHI,KARACHI,OPENSOURCE_API_GRID,956,,,,0.95,True,True,TIER2_OPENSOURCE_PURE;CONTINUOUS_MINUTE_STREAM;VERIFIED_MODEL_GRID,cf2d0e59ef610516aa612196f7a2e42bb7c6b466ebc55baa5d64d7d29d4c1bb2,2026-09-22T15:55:00+00:00,2026-09-22 20:55:00,83.9,1007.6,91
23.0,33.8,70.2,2095.6,608.4,94.6,11.8,5.6,1.4,451.0,364.3,42.0,8.5,17.0,28.7,25.71,False,4095,0.0,9.9,0.0,EXT-OPEN-METEO-KHI,KARACHI,OPENSOURCE_API_GRID,957,,,,0.95,True,True,TIER2_OPENSOURCE_PURE;CONTINUOUS_MINUTE_STREAM;VERIFIED_MODEL_GRID,d768a252842a5db5d65a8f94f1115f0836c01148bfbefed78f3dcf5578de69ac,2026-09-22T15:56:00+00:00,2026-09-22 20:56:00,83.9,1007.6,91
23.1,33.9,70.2,2101.8,610.2,94.9,11.9,5.6,1.4,451.0,364.1,42.0,8.5,17.0,28.7,25.73,False,4095,0.0,10.0,0.0,EXT-OPEN-METEO-KHI,KARACHI,OPENSOURCE_API_GRID,958,,,,0.95,True,True,TIER2_OPENSOURCE_PURE;CONTINUOUS_MINUTE_STREAM;VERIFIED_MODEL_GRID,785a009b49262bc5e9e160ed98051c4879f5cc75c869ed035842e435966d88b2,2026-09-22T15:57:00+00:00,2026-09-22 20:57:00,84.0,1007.6,91
23.1,33.9,70.3,2101.8,610.2,94.9,11.9,5.6,1.4,451.0,364.1,42.0,8.5,17.0,28.7,25.73,False,4095,0.0,10.0,0.0,EXT-OPEN-METEO-KHI,KARACHI,OPENSOURCE_API_GRID,959,,,,0.95,True,True,TIER2_OPENSOURCE_PURE;CONTINUOUS_MINUTE_STREAM;VERIFIED_MODEL_GRID,7d9c8cc8e78e0b2d15888a9ba1eb2a37f5df464bd9135d86601efb5c6300fdbf,2026-09-22T15:58:00+00:00,2026-09-22 20:58:00,84.0,1007.6,91
23.1,33.9,70.4,2101.8,610.2,94.9,11.9,5.6,1.4,451.0,364.0,42.0,8.5,17.0,28.7,25.73,False,4095,0.0,10.0,0.0,EXT-OPEN-METEO-KHI,KARACHI,OPENSOURCE_API_GRID,960,,,,0.95,True,True,TIER2_OPENSOURCE_PURE;CONTINUOUS_MINUTE_STREAM;VERIFIED_MODEL_GRID,a333fbc9dda900bd5597d1276c968513606a25b0c8df1d9e36626d6fdbbd2c5d,2026-09-22T15:59:00+00:00,2026-09-22 20:59:00,84.0,1007.6,91
23.1,34.0,70.4,2108.0,612.0,95.2,11.9,5.6,1.4,451.0,364.0,42.0,8.5,17.0,28.7,25.73,False,4095,0.0,10.0,0.0,EXT-OPEN-METEO-KHI,KARACHI,OPENSOURCE_API_GRID,961,,,,0.95,True,False,TIER2_OPENSOURCE_PURE;HOURLY_NODE;VERIFIED_MODEL_GRID,24c2b67b90cb4ace2e02d7d9cc753100f109730c3bc7fb54701837b1c53e63ee,2026-09-22T16:00:00+00:00,2026-09-22 21:00:00,84.0,1007.6,92
23.1,33.9,70.3,2101.8,610.2,94.9,11.9,5.6,1.4,451.0,364.0,42.0,8.5,17.0,28.7,25.77,False,4095,0.0,10.0,0.0,EXT-OPEN-METEO-KHI,KARACHI,OPENSOURCE_API_GRID,962,,,,0.95,True,True,TIER2_OPENSOURCE_PURE;CONTINUOUS_MINUTE_STREAM;VERIFIED_MODEL_GRID,d44b286d2cb9200b948451fe9da1f5eee40ec7a404328b118dfb391f4b286837,2026-09-22T16:01:00+00:00,2026-09-22 21:01:00,84.2,1007.6,92
23.1,33.9,70.3,2101.8,610.2,94.9,11.9,5.6,1.4,451.0,363.9,42.0,8.5,17.0,28.7,25.77,False,4095,0.0,10.0,0.0,EXT-OPEN-METEO-KHI,KARACHI,OPENSOURCE_API_GRID,963,,,,0.95,True,True,TIER2_OPENSOURCE_PURE;CONTINUOUS_MINUTE_STREAM;VERIFIED_MODEL_GRID,310b8826b0c9bc02bad17f10c5b7e0e665e5d04add9acd9374805ac19410b107,2026-09-22T16:02:00+00:00,2026-09-22 21:02:00,84.2,1007.6,92
23.1,34.0,70.4,2108.0,612.0,95.2,11.9,5.6,1.4,451.0,363.8,42.0,8.5,17.0,28.7,25.75,False,4095,0.0,10.0,0.0,EXT-OPEN-METEO-KHI,KARACHI,OPENSOURCE_API_GRID,964,,,,0.95,True,True,TIER2_OPENSOURCE_PURE;CONTINUOUS_MINUTE_STREAM;VERIFIED_MODEL_GRID,52e3ac1bc87ac22e6c5eb81b2cab36ae0600c9c8d3a6bf4db3912c2b58741da2,2026-09-22T16:03:00+00:00,2026-09-22 21:03:00,84.1,1007.6,92
23.1,34.0,70.4,2108.0,612.0,95.2,11.9,5.6,1.4,451.0,363.6,41.9,8.5,17.1,28.7,25.75,False,4095,0.0,10.0,0.0,EXT-OPEN-METEO-KHI,KARACHI,OPENSOURCE_API_GRID,965,,,,0.95,True,True,TIER2_OPENSOURCE_PURE;CONTINUOUS_MINUTE_STREAM;VERIFIED_MODEL_GRID,21bbb03e94db9911e594b9fd57726f595005f76d17b26a3b7f2755202c5c834d,2026-09-22T16:04:00+00:00,2026-09-22 21:04:00,84.1,1007.6,92
23.1,34.0,70.4,2108.0,612.0,95.2,11.9,5.6,1.4,451.0,363.4,41.9,8.5,17.1,28.7,25.75,False,4095,0.0,10.0,0.0,EXT-OPEN-METEO-KHI,KARACHI,OPENSOURCE_API_GRID,966,,,,0.95,True,True,TIER2_OPENSOURCE_PURE;CONTINUOUS_MINUTE_STREAM;VERIFIED_MODEL_GRID,31663a3fa2c48310f04b3391cb716d522f4f2599fe25b68d5e477d464576b7b1,2026-09-22T16:05:00+00:00,2026-09-22 21:05:00,84.1,1007.6,92
23.1,34.0,70.4,2108.0,612.0,95.2,11.9,5.6,1.4,451.0,363.2,41.8,8.5,17.2,28.7,25.75,False,4095,0.0,10.0,0.0,EXT-OPEN-METEO-KHI,KARACHI,OPENSOURCE_API_GRID,967,,,,0.95,True,True,TIER2_OPENSOURCE_PURE;CONTINUOUS_MINUTE_STREAM;VERIFIED_MODEL_GRID,78fabce546d3aea38b4df721c5fe0fae76ef3da53b0e8b5d41a7b6118c7524be,2026-09-22T16:06:00+00:00,2026-09-22 21:06:00,84.1,1007.6,92
23.1,34.0,70.3,2108.0,612.0,95.2,11.9,5.6,1.4,451.0,362.9,41.8,8.5,17.2,28.7,25.75,False,4095,0.0,10.0,0.0,EXT-OPEN-METEO-KHI,KARACHI,OPENSOURCE_API_GRID,968,,,,0.95,True,True,TIER2_OPENSOURCE_PURE;CONTINUOUS_MINUTE_STREAM;VERIFIED_MODEL_GRID,d7723526e40988f2a4806773c6313e1f23f9bf9e174294bff99c5011f9eea536,2026-09-22T16:07:00+00:00,2026-09-22 21:07:00,84.1,1007.6,92
23.1,33.9,70.3,2101.8,610.2,94.9,11.9,5.6,1.4,451.0,362.5,41.7,8.5,17.3,28.7,25.75,False,4095,0.0,10.0,0.0,EXT-OPEN-METEO-KHI,KARACHI,OPENSOURCE_API_GRID,969,,,,0.95,True,True,TIER2_OPENSOURCE_PURE;CONTINUOUS_MINUTE_STREAM;VERIFIED_MODEL_GRID,8bfbd333ac68c1029c04b2472cb2041bbcb9012f880ef49362a4d9a9f8bf7abf,2026-09-22T16:08:00+00:00,2026-09-22 21:08:00,84.1,1007.6,92
23.1,33.9,70.2,2101.8,610.2,94.9,11.9,5.6,1.4,451.0,362.1,41.6,8.5,17.4,28.7,25.75,False,4095,0.0,10.0,0.0,EXT-OPEN-METEO-KHI,KARACHI,OPENSOURCE_API_GRID,970,,,,0.95,True,True,TIER2_OPENSOURCE_PURE;CONTINUOUS_MINUTE_STREAM;VERIFIED_MODEL_GRID,5d34c06cc96f8e404d8dbed13e1eeec9c895d063717e2f7ae8953b550ab5ba4e,2026-09-22T16:09:00+00:00,2026-09-22 21:09:00,84.1,1007.6,92
23.0,33.8,70.1,2095.6,608.4,94.6,11.8,5.6,1.4,451.0,361.7,41.6,8.5,17.5,28.7,25.75,False,4095,0.0,10.0,0.0,EXT-OPEN-METEO-KHI,KARACHI,OPENSOURCE_API_GRID,971,,,,0.95,True,True,TIER2_OPENSOURCE_PURE;CONTINUOUS_MINUTE_STREAM;VERIFIED_MODEL_GRID,d6bc759c3cd6d9cbe65fb96365d1fa8fb25f4d14ce4c8f9166be144d02551400,2026-09-22T16:10:00+00:00,2026-09-22 21:10:00,84.1,1007.7,92
23.0,33.8,69.9,2095.6,608.4,94.6,11.8,5.6,1.4,451.0,361.3,41.5,8.5,17.6,28.7,25.75,False,4095,0.0,10.0,0.0,EXT-OPEN-METEO-KHI,KARACHI,OPENSOURCE_API_GRID,972,,,,0.95,True,True,TIER2_OPENSOURCE_PURE;CONTINUOUS_MINUTE_STREAM;VERIFIED_MODEL_GRID,df80ad3abd967c0da3c736b4f999837cf9461cba128368f491552c92f8016846,2026-09-22T16:11:00+00:00,2026-09-22 21:11:00,84.1,1007.7,92
22.9,33.7,69.8,2089.4,606.6,94.4,11.8,5.6,1.4,451.0,360.8,41.4,8.5,17.7,28.7,25.75,False,4095,0.0,10.0,0.0,EXT-OPEN-METEO-KHI,KARACHI,OPENSOURCE_API_GRID,973,,,,0.95,True,True,TIER2_OPENSOURCE_PURE;CONTINUOUS_MINUTE_STREAM;VERIFIED_MODEL_GRID,49cbdab01816f9b37f0302a656ee553b465464a93ec0dcd903f8150ae6e97226,2026-09-22T16:12:00+00:00,2026-09-22 21:12:00,84.1,1007.7,92
22.8,33.6,69.6,2083.2,604.8,94.1,11.8,5.6,1.4,451.0,360.2,41.3,8.5,17.8,28.7,25.73,False,4095,0.0,10.0,0.0,EXT-OPEN-METEO-KHI,KARACHI,OPENSOURCE_API_GRID,974,,,,0.95,True,True,TIER2_OPENSOURCE_PURE;CONTINUOUS_MINUTE_STREAM;VERIFIED_MODEL_GRID,4a5cd6d341c4e4fc241d6fd8b7155f2c80e89855ca4d01c8f11dbb0496b5ad0a,2026-09-22T16:13:00+00:00,2026-09-22 21:13:00,84.0,1007.7,92
22.8,33.5,69.4,2077.0,603.0,93.8,11.7,5.6,1.4,451.0,359.6,41.2,8.5,17.9,28.7,25.73,False,4095,0.0,10.0,0.0,EXT-OPEN-METEO-KHI,KARACHI,OPENSOURCE_API_GRID,975,,,,0.95,True,True,TIER2_OPENSOURCE_PURE;CONTINUOUS_MINUTE_STREAM;VERIFIED_MODEL_GRID,d2f41d1a5a50c21ac488bb927a80721ac762c58e53f6d99341a7f0b99df7f106,2026-09-22T16:14:00+00:00,2026-09-22 21:14:00,84.0,1007.7,92
22.7,33.4,69.2,2070.8,601.2,93.5,11.7,5.5,1.4,451.0,359.0,41.0,8.5,18.0,28.7,25.73,False,4095,0.0,10.0,0.0,EXT-OPEN-METEO-KHI,KARACHI,OPENSOURCE_API_GRID,976,,,,0.95,True,True,TIER2_OPENSOURCE_PURE;CONTINUOUS_MINUTE_STREAM;VERIFIED_MODEL_GRID,e5d13327af6c0eb558866f91804648a8a6a00318a807b24e96ef5af94db4e51e,2026-09-22T16:15:00+00:00,2026-09-22 21:15:00,84.0,1007.7,92
22.6,33.3,69.0,2064.6,599.4,93.2,11.7,5.5,1.4,451.0,358.4,40.9,8.5,18.2,28.7,25.73,False,4095,0.0,10.0,0.0,EXT-OPEN-METEO-KHI,KARACHI,OPENSOURCE_API_GRID,977,,,,0.95,True,True,TIER2_OPENSOURCE_PURE;CONTINUOUS_MINUTE_STREAM;VERIFIED_MODEL_GRID,ea774bed259969f2738d682e261e6297a35710c51688cf5ca553c6187010f09f,2026-09-22T16:16:00+00:00,2026-09-22 21:16:00,84.0,1007.7,92
22.6,33.2,68.8,2058.4,597.6,93.0,11.6,5.5,1.4,451.0,357.7,40.8,8.5,18.3,28.6,25.65,False,4095,0.0,10.0,0.0,EXT-OPEN-METEO-KHI,KARACHI,OPENSOURCE_API_GRID,978,,,,0.95,True,True,TIER2_OPENSOURCE_PURE;CONTINUOUS_MINUTE_STREAM;VERIFIED_MODEL_GRID,8d0d1272135a708cf53cdcd097ad9a209a4f2235a3258bad746bd25968e34f00,2026-09-22T16:17:00+00:00,2026-09-22 21:17:00,84.1,1007.7,92
22.4,33.0,68.6,2046.0,594.0,92.4,11.5,5.5,1.4,451.0,357.0,40.6,8.5,18.4,28.6,25.65,False,4095,0.0,10.0,0.0,EXT-OPEN-METEO-KHI,KARACHI,OPENSOURCE_API_GRID,979,,,,0.95,True,True,TIER2_OPENSOURCE_PURE;CONTINUOUS_MINUTE_STREAM;VERIFIED_MODEL_GRID,d3760fbbf59dfa7a943bcb6ba64dd1ce4c06e7a4909d51a19351525411ff86b0,2026-09-22T16:18:00+00:00,2026-09-22 21:18:00,84.1,1007.7,92
22.4,32.9,68.4,2039.8,592.2,92.1,11.5,5.5,1.4,451.0,356.3,40.5,8.5,18.6,28.6,25.65,False,4095,0.0,10.0,0.0,EXT-OPEN-METEO-KHI,KARACHI,OPENSOURCE_API_GRID,980,,,,0.95,True,True,TIER2_OPENSOURCE_PURE;CONTINUOUS_MINUTE_STREAM;VERIFIED_MODEL_GRID,af4a34e9e37b14c8174efb8a3335d8e4c8ababb15ede0e2dd645e358ccf2974b,2026-09-22T16:19:00+00:00,2026-09-22 21:19:00,84.1,1007.7,92
22.3,32.8,68.2,2033.6,590.4,91.8,11.5,5.5,1.4,451.0,355.5,40.3,8.4,18.8,28.6,25.65,False,4095,0.0,10.0,0.0,EXT-OPEN-METEO-KHI,KARACHI,OPENSOURCE_API_GRID,981,,,,0.95,True,True,TIER2_OPENSOURCE_PURE;CONTINUOUS_MINUTE_STREAM;VERIFIED_MODEL_GRID,e352d8e3343c62e64d8bc17a61d8cbc0927982eb8da2d8fc04327648df510d23,2026-09-22T16:20:00+00:00,2026-09-22 21:20:00,84.1,1007.7,92
22.2,32.7,68.0,2027.4,588.6,91.6,11.4,5.4,1.4,451.0,354.7,40.2,8.4,18.9,28.6,25.65,False,4095,0.0,10.0,0.0,EXT-OPEN-METEO-KHI,KARACHI,OPENSOURCE_API_GRID,982,,,,0.95,True,True,TIER2_OPENSOURCE_PURE;CONTINUOUS_MINUTE_STREAM;VERIFIED_MODEL_GRID,b4f5d9bb00113543423ee1fd83c9df0c2d634c4b9e7c75d3266d090435127a22,2026-09-22T16:21:00+00:00,2026-09-22 21:21:00,84.1,1007.7,92
22.2,32.6,67.8,2021.2,586.8,91.3,11.4,5.4,1.4,451.0,353.9,40.0,8.4,19.1,28.6,25.67,False,4095,0.0,10.0,0.0,EXT-OPEN-METEO-KHI,KARACHI,OPENSOURCE_API_GRID,983,,,,0.95,True,True,TIER2_OPENSOURCE_PURE;CONTINUOUS_MINUTE_STREAM;VERIFIED_MODEL_GRID,e929318ad99131e45c0ddfafa5b68917738334e63e44ba91c49aa88eb3ce3e90,2026-09-22T16:22:00+00:00,2026-09-22 21:22:00,84.2,1007.8,92
22.1,32.5,67.6,2015.0,585.0,91.0,11.4,5.4,1.4,451.0,353.1,39.9,8.4,19.2,28.6,25.67,False,4095,0.0,10.0,0.0,EXT-OPEN-METEO-KHI,KARACHI,OPENSOURCE_API_GRID,984,,,,0.95,True,True,TIER2_OPENSOURCE_PURE;CONTINUOUS_MINUTE_STREAM;VERIFIED_MODEL_GRID,ed9166f3797810ded148955061a57671fb77e7b3e05bb890d01a9019087fced4,2026-09-22T16:23:00+00:00,2026-09-22 21:23:00,84.2,1007.8,92
22.1,32.5,67.5,2015.0,585.0,91.0,11.4,5.4,1.4,451.0,352.3,39.7,8.4,19.4,28.5,25.57,False,4095,0.0,10.0,0.0,EXT-OPEN-METEO-KHI,KARACHI,OPENSOURCE_API_GRID,985,,,,0.95,True,True,TIER2_OPENSOURCE_PURE;CONTINUOUS_MINUTE_STREAM;VERIFIED_MODEL_GRID,61e891d6ec2da88aa85a53a50448ba87cc4b85a9d41825b353528fbab0f4f712,2026-09-22T16:24:00+00:00,2026-09-22 21:24:00,84.2,1007.8,92
22.0,32.4,67.3,2008.8,583.2,90.7,11.3,5.4,1.3,451.0,351.4,39.6,8.4,19.6,28.5,25.59,False,4095,0.0,10.0,0.0,EXT-OPEN-METEO-KHI,KARACHI,OPENSOURCE_API_GRID,986,,,,0.95,True,True,TIER2_OPENSOURCE_PURE;CONTINUOUS_MINUTE_STREAM;VERIFIED_MODEL_GRID,ef3371108ae87259ad69f46b38bc26e4d58c9235482f82fb7b7c40c368e4be97,2026-09-22T16:25:00+00:00,2026-09-22 21:25:00,84.3,1007.8,92
22.0,32.3,67.2,2002.6,581.4,90.4,11.3,5.4,1.3,451.0,350.5,39.4,8.4,19.8,28.5,25.59,False,4095,0.0,10.0,0.0,EXT-OPEN-METEO-KHI,KARACHI,OPENSOURCE_API_GRID,987,,,,0.95,True,True,TIER2_OPENSOURCE_PURE;CONTINUOUS_MINUTE_STREAM;VERIFIED_MODEL_GRID,ed6b8fd06ca9059c8800cb0c8b0b53b954c64dbeb1aac3b3856e072f453c9fde,2026-09-22T16:26:00+00:00,2026-09-22 21:26:00,84.3,1007.8,92
22.0,32.3,67.0,2002.6,581.4,90.4,11.3,5.4,1.3,451.0,349.7,39.2,8.4,20.0,28.5,25.61,False,4095,0.0,10.0,0.0,EXT-OPEN-METEO-KHI,KARACHI,OPENSOURCE_API_GRID,988,,,,0.95,True,True,TIER2_OPENSOURCE_PURE;CONTINUOUS_MINUTE_STREAM;VERIFIED_MODEL_GRID,4d26b14859cc1647cb497ec28ded50dc50342c44d386aaaf81a690b6fde8b28f,2026-09-22T16:27:00+00:00,2026-09-22 21:27:00,84.4,1007.8,92
21.9,32.2,66.9,1996.4,579.6,90.2,11.3,5.4,1.3,451.0,348.8,39.0,8.4,20.1,28.5,25.61,False,4095,0.0,10.0,0.0,EXT-OPEN-METEO-KHI,KARACHI,OPENSOURCE_API_GRID,989,,,,0.95,True,True,TIER2_OPENSOURCE_PURE;CONTINUOUS_MINUTE_STREAM;VERIFIED_MODEL_GRID,e8d9ad370b8704cf91325d704e88cdac9855401d878c7d7054711a1204b627dc,2026-09-22T16:28:00+00:00,2026-09-22 21:28:00,84.4,1007.8,92
21.9,32.2,66.8,1996.4,579.6,90.2,11.3,5.3,1.3,451.0,347.9,38.9,8.4,20.3,28.5,25.63,False,4095,0.0,10.0,0.0,EXT-OPEN-METEO-KHI,KARACHI,OPENSOURCE_API_GRID,990,,,,0.95,True,True,TIER2_OPENSOURCE_PURE;CONTINUOUS_MINUTE_STREAM;VERIFIED_MODEL_GRID,1e1fa260c840384226717e53d2f6f6e20570b4339720faea76ec2cc09039908a,2026-09-22T16:29:00+00:00,2026-09-22 21:29:00,84.5,1007.8,92
21.8,32.1,66.6,1990.2,577.8,89.9,11.2,5.3,1.3,451.0,347.0,38.7,8.4,20.5,28.5,25.63,False,4095,0.0,10.0,0.0,EXT-OPEN-METEO-KHI,KARACHI,OPENSOURCE_API_GRID,991,,,,0.95,True,True,TIER2_OPENSOURCE_PURE;CONTINUOUS_MINUTE_STREAM;VERIFIED_MODEL_GRID,3a3641ca039ac5c6cf01aa9218ac35f9f0ec743eec911a5efb88499bd02b5325,2026-09-22T16:30:00+00:00,2026-09-22 21:30:00,84.5,1007.8,92
21.8,32.1,66.5,1990.2,577.8,89.9,11.2,5.3,1.3,451.0,346.1,38.5,8.4,20.7,28.5,25.65,False,4095,0.0,10.0,0.0,EXT-OPEN-METEO-KHI,KARACHI,OPENSOURCE_API_GRID,992,,,,0.95,True,True,TIER2_OPENSOURCE_PURE;CONTINUOUS_MINUTE_STREAM;VERIFIED_MODEL_GRID,b010442f38ef2c5daa3f4914225403b2034395fe1392c2328ae83742b2131e48,2026-09-22T16:31:00+00:00,2026-09-22 21:31:00,84.6,1007.9,92
21.7,31.9,66.2,1977.8,574.2,89.3,11.2,5.3,1.3,451.0,345.2,38.4,8.4,20.9,28.5,25.67,False,4095,0.0,10.0,0.0,EXT-OPEN-METEO-KHI,KARACHI,OPENSOURCE_API_GRID,993,,,,0.95,True,True,TIER2_OPENSOURCE_PURE;CONTINUOUS_MINUTE_STREAM;VERIFIED_MODEL_GRID,c128ae8fa00e931cb2b09399c06fb3d1651d8b3c194846d6dbbaaa8e89a7457d,2026-09-22T16:32:00+00:00,2026-09-22 21:32:00,84.7,1007.9,92
21.7,31.9,66.1,1977.8,574.2,89.3,11.2,5.3,1.3,451.0,344.3,38.2,8.4,21.0,28.5,25.67,False,4095,0.0,10.0,0.0,EXT-OPEN-METEO-KHI,KARACHI,OPENSOURCE_API_GRID,994,,,,0.95,True,True,TIER2_OPENSOURCE_PURE;CONTINUOUS_MINUTE_STREAM;VERIFIED_MODEL_GRID,8246453785608819556d9d5f5f7162ab79969ef024a235b76f7c331bb765e789,2026-09-22T16:33:00+00:00,2026-09-22 21:33:00,84.7,1007.9,92
21.6,31.8,66.0,1971.6,572.4,89.0,11.1,5.3,1.3,451.0,343.5,38.0,8.4,21.2,28.5,25.67,False,4095,0.0,10.0,0.0,EXT-OPEN-METEO-KHI,KARACHI,OPENSOURCE_API_GRID,995,,,,0.95,True,True,TIER2_OPENSOURCE_PURE;CONTINUOUS_MINUTE_STREAM;VERIFIED_MODEL_GRID,2885ee80644f0bd53856f0f4cd4497e75eb7bd7d9565a644e5b0258c11e2d0f5,2026-09-22T16:34:00+00:00,2026-09-22 21:34:00,84.7,1007.9,92
21.6,31.8,65.8,1971.6,572.4,89.0,11.1,5.3,1.3,451.0,342.6,37.8,8.4,21.4,28.5,25.69,False,4095,0.0,10.0,0.0,EXT-OPEN-METEO-KHI,KARACHI,OPENSOURCE_API_GRID,996,,,,0.95,True,True,TIER2_OPENSOURCE_PURE;CONTINUOUS_MINUTE_STREAM;VERIFIED_MODEL_GRID,45a10219c7bc35f5067e9558293fa8e93a840797dac3caf4e9147041cbead9ed,2026-09-22T16:35:00+00:00,2026-09-22 21:35:00,84.8,1007.9,92
21.6,31.7,65.7,1965.4,570.6,88.8,11.1,5.3,1.3,451.0,341.7,37.7,8.4,21.6,28.5,25.69,False,4095,0.0,10.0,0.0,EXT-OPEN-METEO-KHI,KARACHI,OPENSOURCE_API_GRID,997,,,,0.95,True,True,TIER2_OPENSOURCE_PURE;CONTINUOUS_MINUTE_STREAM;VERIFIED_MODEL_GRID,08d70e0ade8aa267e52d4d590131e3ed979bb66ac8e01999bc60336fc6aa646f,2026-09-22T16:36:00+00:00,2026-09-22 21:36:00,84.8,1007.9,92
21.5,31.6,65.5,1959.2,568.8,88.5,11.1,5.2,1.3,451.0,340.9,37.5,8.4,21.8,28.5,25.69,False,4095,0.0,10.0,0.0,EXT-OPEN-METEO-KHI,KARACHI,OPENSOURCE_API_GRID,998,,,,0.95,True,True,TIER2_OPENSOURCE_PURE;CONTINUOUS_MINUTE_STREAM;VERIFIED_MODEL_GRID,cc7522111ed713ee061c57b37c79599f877b2eb8d7a3917cd2c7bf86c805eee4,2026-09-22T16:37:00+00:00,2026-09-22 21:37:00,84.8,1008.0,92
21.5,31.6,65.4,1959.2,568.8,88.5,11.1,5.2,1.3,451.0,340.1,37.4,8.4,21.9,28.5,25.69,False,4095,0.0,10.0,0.0,EXT-OPEN-METEO-KHI,KARACHI,OPENSOURCE_API_GRID,999,,,,0.95,True,True,TIER2_OPENSOURCE_PURE;CONTINUOUS_MINUTE_STREAM;VERIFIED_MODEL_GRID,2effb5b82fbaaa2e15a1426f9190fe2598c390f04067efffbae05d807a14e30c,2026-09-22T16:38:00+00:00,2026-09-22 21:38:00,84.8,1008.0,92
21.4,31.5,65.2,1953.0,567.0,88.2,11.0,5.2,1.3,451.0,339.3,37.2,8.4,22.1,28.5,25.69,False,4095,0.0,10.0,0.0,EXT-OPEN-METEO-KHI,KARACHI,OPENSOURCE_API_GRID,1000,,,,0.95,True,True,TIER2_OPENSOURCE_PURE;CONTINUOUS_MINUTE_STREAM;VERIFIED_MODEL_GRID,073eb24c3418bd1c9f085d23ce2b14223ae818f936fd4617dde31bd8856a90b9,2026-09-22T16:39:00+00:00,2026-09-22 21:39:00,84.8,1008.0,92
21.4,31.4,65.0,1946.8,565.2,87.9,11.0,5.2,1.3,451.0,338.5,37.0,8.4,22.2,28.5,25.69,False,4095,0.0,10.0,0.0,EXT-OPEN-METEO-KHI,KARACHI,OPENSOURCE_API_GRID,1001,,,,0.95,True,True,TIER2_OPENSOURCE_PURE;CONTINUOUS_MINUTE_STREAM;VERIFIED_MODEL_GRID,0e0bbc1b272599a297dbca8bdb3064d83a254e111b656b3817079110a4b497b7,2026-09-22T16:40:00+00:00,2026-09-22 21:40:00,84.8,1008.0,92
21.3,31.3,64.9,1940.6,563.4,87.6,11.0,5.2,1.3,451.0,337.7,36.9,8.3,22.4,28.5,25.69,False,4095,0.0,10.0,0.0,EXT-OPEN-METEO-KHI,KARACHI,OPENSOURCE_API_GRID,1002,,,,0.95,True,True,TIER2_OPENSOURCE_PURE;CONTINUOUS_MINUTE_STREAM;VERIFIED_MODEL_GRID,b658251447885ffd8d8ce1c758178dff8e655b101a246778eb48984b83a9b4e3,2026-09-22T16:41:00+00:00,2026-09-22 21:41:00,84.8,1008.0,92
21.2,31.2,64.7,1934.4,561.6,87.4,10.9,5.2,1.3,451.0,337.0,36.8,8.3,22.6,28.5,25.69,False,4095,0.0,10.0,0.0,EXT-OPEN-METEO-KHI,KARACHI,OPENSOURCE_API_GRID,1003,,,,0.95,True,True,TIER2_OPENSOURCE_PURE;CONTINUOUS_MINUTE_STREAM;VERIFIED_MODEL_GRID,8f49fde93f85f4e55e8102551311c4643ed52c2b70d4538fd0d5e9f61a2d5381,2026-09-22T16:42:00+00:00,2026-09-22 21:42:00,84.8,1008.0,92
21.1,31.1,64.5,1928.2,559.8,87.1,10.9,5.2,1.3,451.0,336.3,36.6,8.3,22.7,28.5,25.69,False,4095,0.0,10.0,0.0,EXT-OPEN-METEO-KHI,KARACHI,OPENSOURCE_API_GRID,1004,,,,0.95,True,True,TIER2_OPENSOURCE_PURE;CONTINUOUS_MINUTE_STREAM;VERIFIED_MODEL_GRID,f4e980c571150e9b55d7bcd957b990465ba5a524f0d2b518cacb3d6937553730,2026-09-22T16:43:00+00:00,2026-09-22 21:43:00,84.8,1008.0,92
21.1,31.0,64.3,1922.0,558.0,86.8,10.8,5.1,1.3,451.0,335.6,36.5,8.3,22.8,28.5,25.69,False,4095,0.0,10.0,0.0,EXT-OPEN-METEO-KHI,KARACHI,OPENSOURCE_API_GRID,1005,,,,0.95,True,True,TIER2_OPENSOURCE_PURE;CONTINUOUS_MINUTE_STREAM;VERIFIED_MODEL_GRID,1715b599be693e2a18451fd6de8cc2b3da02435ee4a641932d7b0e0e01b7ae42,2026-09-22T16:44:00+00:00,2026-09-22 21:44:00,84.8,1008.0,92
21.0,30.9,64.1,1915.8,556.2,86.5,10.8,5.1,1.3,451.0,335.0,36.4,8.3,23.0,28.5,25.69,False,4095,0.0,10.0,0.0,EXT-OPEN-METEO-KHI,KARACHI,OPENSOURCE_API_GRID,1006,,,,0.95,True,True,TIER2_OPENSOURCE_PURE;CONTINUOUS_MINUTE_STREAM;VERIFIED_MODEL_GRID,68ff5b8e77beaf8c715952015d6e9d4fbdaa508221e1f564099a11e328e15576,2026-09-22T16:45:00+00:00,2026-09-22 21:45:00,84.8,1008.0,92
20.9,30.8,63.9,1909.6,554.4,86.2,10.8,5.1,1.3,451.0,334.4,36.2,8.3,23.1,28.5,25.69,False,4095,0.0,10.0,0.0,EXT-OPEN-METEO-KHI,KARACHI,OPENSOURCE_API_GRID,1007,,,,0.95,True,True,TIER2_OPENSOURCE_PURE;CONTINUOUS_MINUTE_STREAM;VERIFIED_MODEL_GRID,3279cad60f35b84a20849d6637e67edd11e00a79ed02914b9ba2438da05e3c62,2026-09-22T16:46:00+00:00,2026-09-22 21:46:00,84.8,1008.1,92
20.9,30.7,63.7,1903.4,552.6,86.0,10.7,5.1,1.3,451.0,333.8,36.1,8.3,23.2,28.4,25.59,False,4095,0.0,10.0,0.0,EXT-OPEN-METEO-KHI,KARACHI,OPENSOURCE_API_GRID,1008,,,,0.95,True,True,TIER2_OPENSOURCE_PURE;CONTINUOUS_MINUTE_STREAM;VERIFIED_MODEL_GRID,3116e5e32e8df5fec75fa2514b622db7d5c0714228e4e553da1440ce1aef1640,2026-09-22T16:47:00+00:00,2026-09-22 21:47:00,84.8,1008.1,92
20.8,30.6,63.5,1897.2,550.8,85.7,10.7,5.1,1.3,451.0,333.2,36.0,8.3,23.3,28.4,25.59,False,4095,0.0,10.0,0.0,EXT-OPEN-METEO-KHI,KARACHI,OPENSOURCE_API_GRID,1009,,,,0.95,True,True,TIER2_OPENSOURCE_PURE;CONTINUOUS_MINUTE_STREAM;VERIFIED_MODEL_GRID,0f62611a18d407c3ce568120b65b84e2c83a995e3a9149ef825d545fbed12049,2026-09-22T16:48:00+00:00,2026-09-22 21:48:00,84.8,1008.1,92
20.7,30.5,63.3,1891.0,549.0,85.4,10.7,5.1,1.3,451.0,332.7,35.9,8.3,23.4,28.4,25.59,False,4095,0.0,10.0,0.0,EXT-OPEN-METEO-KHI,KARACHI,OPENSOURCE_API_GRID,1010,,,,0.95,True,True,TIER2_OPENSOURCE_PURE;CONTINUOUS_MINUTE_STREAM;VERIFIED_MODEL_GRID,c2171107dcfea984ef317f837d5d222ace651e6e505b1d4a9e907ede60452c47,2026-09-22T16:49:00+00:00,2026-09-22 21:49:00,84.8,1008.1,92
20.7,30.4,63.2,1884.8,547.2,85.1,10.6,5.1,1.3,451.0,332.3,35.8,8.3,23.5,28.4,25.59,False,4095,0.0,10.0,0.0,EXT-OPEN-METEO-KHI,KARACHI,OPENSOURCE_API_GRID,1011,,,,0.95,True,True,TIER2_OPENSOURCE_PURE;CONTINUOUS_MINUTE_STREAM;VERIFIED_MODEL_GRID,7126ad252520d0ee17d3cd3583513f8c14601eb0ac902e22dff05eff3553d691,2026-09-22T16:50:00+00:00,2026-09-22 21:50:00,84.8,1008.1,92
20.6,30.3,63.0,1878.6,545.4,84.8,10.6,5.0,1.3,451.0,331.9,35.8,8.3,23.6,28.4,25.59,False,4095,0.0,10.0,0.0,EXT-OPEN-METEO-KHI,KARACHI,OPENSOURCE_API_GRID,1012,,,,0.95,True,True,TIER2_OPENSOURCE_PURE;CONTINUOUS_MINUTE_STREAM;VERIFIED_MODEL_GRID,a32c3f3df02d8f1e9e9fbe8755a9d95f9341d3ac300eea9b8a154dd8c67a5ded,2026-09-22T16:51:00+00:00,2026-09-22 21:51:00,84.8,1008.1,92
20.6,30.3,62.9,1878.6,545.4,84.8,10.6,5.0,1.3,451.0,331.5,35.7,8.3,23.7,28.4,25.59,False,4095,0.0,10.0,0.0,EXT-OPEN-METEO-KHI,KARACHI,OPENSOURCE_API_GRID,1013,,,,0.95,True,True,TIER2_OPENSOURCE_PURE;CONTINUOUS_MINUTE_STREAM;VERIFIED_MODEL_GRID,60b487a73bc19b1979894df401943e85719da7eee76fbe41293150a7ea7d2e7b,2026-09-22T16:52:00+00:00,2026-09-22 21:52:00,84.8,1008.1,92
20.5,30.2,62.8,1872.4,543.6,84.6,10.6,5.0,1.3,451.0,331.1,35.6,8.3,23.8,28.4,25.59,False,4095,0.0,10.0,0.0,EXT-OPEN-METEO-KHI,KARACHI,OPENSOURCE_API_GRID,1014,,,,0.95,True,True,TIER2_OPENSOURCE_PURE;CONTINUOUS_MINUTE_STREAM;VERIFIED_MODEL_GRID,e1a26a0f44d02be8890293d3720cbef070306754fde7a230013eb99ab8d8c822,2026-09-22T16:53:00+00:00,2026-09-22 21:53:00,84.8,1008.1,92
20.5,30.2,62.8,1872.4,543.6,84.6,10.6,5.0,1.3,451.0,330.8,35.6,8.3,23.8,28.4,25.59,False,4095,0.0,10.0,0.0,EXT-OPEN-METEO-KHI,KARACHI,OPENSOURCE_API_GRID,1015,,,,0.95,True,True,TIER2_OPENSOURCE_PURE;CONTINUOUS_MINUTE_STREAM;VERIFIED_MODEL_GRID,14ff9f5f17024124b7344349389b2cbad89ac96d0c87914429bfcf35367deb14,2026-09-22T16:54:00+00:00,2026-09-22 21:54:00,84.8,1008.1,92
20.5,30.2,62.7,1872.4,543.6,84.6,10.6,5.0,1.3,451.0,330.6,35.5,8.3,23.9,28.4,25.61,False,4095,0.0,10.0,0.0,EXT-OPEN-METEO-KHI,KARACHI,OPENSOURCE_API_GRID,1016,,,,0.95,True,True,TIER2_OPENSOURCE_PURE;CONTINUOUS_MINUTE_STREAM;VERIFIED_MODEL_GRID,df65590ff51cc952880cbdfe786b44e7d9d46cb7631240ae72a62dbbfc3162a6,2026-09-22T16:55:00+00:00,2026-09-22 21:55:00,84.9,1008.1,92
20.5,30.2,62.7,1872.4,543.6,84.6,10.6,5.0,1.3,451.0,330.4,35.5,8.3,23.9,28.4,25.61,False,4095,0.0,10.0,0.0,EXT-OPEN-METEO-KHI,KARACHI,OPENSOURCE_API_GRID,1017,,,,0.95,True,True,TIER2_OPENSOURCE_PURE;CONTINUOUS_MINUTE_STREAM;VERIFIED_MODEL_GRID,3be4550d00129d8ffd33a40363de01479a1b0053a2f71afa7f8a30d1adbe8be9,2026-09-22T16:56:00+00:00,2026-09-22 21:56:00,84.9,1008.1,92
20.5,30.2,62.7,1872.4,543.6,84.6,10.6,5.0,1.3,451.0,330.2,35.4,8.3,24.0,28.4,25.61,False,4095,0.0,10.0,0.0,EXT-OPEN-METEO-KHI,KARACHI,OPENSOURCE_API_GRID,1018,,,,0.95,True,True,TIER2_OPENSOURCE_PURE;CONTINUOUS_MINUTE_STREAM;VERIFIED_MODEL_GRID,05ae79df2a74a215451782092f11174bfa693567b775196524bd8bf39967b02d,2026-09-22T16:57:00+00:00,2026-09-22 21:57:00,84.9,1008.1,92
20.5,30.2,62.8,1872.4,543.6,84.6,10.6,5.0,1.3,451.0,330.1,35.4,8.3,24.0,28.4,25.61,False,4095,0.0,10.0,0.0,EXT-OPEN-METEO-KHI,KARACHI,OPENSOURCE_API_GRID,1019,,,,0.95,True,True,TIER2_OPENSOURCE_PURE;CONTINUOUS_MINUTE_STREAM;VERIFIED_MODEL_GRID,e9dc37c1d509e49ecc86cf755b7b4e5d548330784edbd71d2e399ff38ff03287,2026-09-22T16:58:00+00:00,2026-09-22 21:58:00,84.9,1008.1,92
20.5,30.2,62.8,1872.4,543.6,84.6,10.6,5.0,1.3,451.0,330.0,35.4,8.3,24.0,28.4,25.63,False,4095,0.0,10.0,0.0,EXT-OPEN-METEO-KHI,KARACHI,OPENSOURCE_API_GRID,1020,,,,0.95,True,True,TIER2_OPENSOURCE_PURE;CONTINUOUS_MINUTE_STREAM;VERIFIED_MODEL_GRID,7e7d2aa4c44efaf5c7673254a44bac686f7fdf0829685b3e4a6fdd9eec5637f6,2026-09-22T16:59:00+00:00,2026-09-22 21:59:00,85.0,1008.1,92
20.6,30.3,62.9,1878.6,545.4,84.8,10.6,5.0,1.3,451.0,330.0,35.4,8.3,24.0,28.4,25.63,False,4095,0.0,10.0,0.0,EXT-OPEN-METEO-KHI,KARACHI,OPENSOURCE_API_GRID,1021,,,,0.95,True,False,TIER2_OPENSOURCE_PURE;HOURLY_NODE;VERIFIED_MODEL_GRID,0f87949ee834fef020b3e9849dcc4755291bd7fdd09d71dc57a3be5bbda43bd0,2026-09-22T17:00:00+00:00,2026-09-22 22:00:00,85.0,1008.1,92
20.6,30.3,62.9,1878.6,545.4,84.8,10.6,5.0,1.3,451.0,330.0,35.4,8.3,24.0,28.4,25.63,False,4095,0.0,10.0,0.0,EXT-OPEN-METEO-KHI,KARACHI,OPENSOURCE_API_GRID,1022,,,,0.95,True,True,TIER2_OPENSOURCE_PURE;CONTINUOUS_MINUTE_STREAM;VERIFIED_MODEL_GRID,bbbb227587075b098eca7ae4593ed0d70b568d6141b0ee0f52daad753d800a09,2026-09-22T17:01:00+00:00,2026-09-22 22:01:00,85.0,1008.1,92
20.7,30.4,63.0,1884.8,547.2,85.1,10.6,5.0,1.3,451.0,329.9,35.4,8.3,24.0,28.4,25.63,False,4095,0.0,10.0,0.0,EXT-OPEN-METEO-KHI,KARACHI,OPENSOURCE_API_GRID,1023,,,,0.95,True,True,TIER2_OPENSOURCE_PURE;CONTINUOUS_MINUTE_STREAM;VERIFIED_MODEL_GRID,d049c99e7fc23c9836968b852f82112f751d8d1a023793b8f63a5b81b0f2dc25,2026-09-22T17:02:00+00:00,2026-09-22 22:02:00,85.0,1008.1,92
20.6,30.3,62.9,1878.6,545.4,84.8,10.6,5.0,1.3,451.0,329.8,35.4,8.3,24.0,28.4,25.67,False,4095,0.0,10.0,0.0,EXT-OPEN-METEO-KHI,KARACHI,OPENSOURCE_API_GRID,1024,,,,0.95,True,True,TIER2_OPENSOURCE_PURE;CONTINUOUS_MINUTE_STREAM;VERIFIED_MODEL_GRID,6d3b614914a0465f3c24b388ceab32d0e499a3f28840ebc16d3a523c4520d1f9,2026-09-22T17:03:00+00:00,2026-09-22 22:03:00,85.2,1008.1,92
20.6,30.3,62.9,1878.6,545.4,84.8,10.6,5.0,1.3,451.0,329.6,35.3,8.3,24.1,28.4,25.67,False,4095,0.0,10.0,0.0,EXT-OPEN-METEO-KHI,KARACHI,OPENSOURCE_API_GRID,1025,,,,0.95,True,True,TIER2_OPENSOURCE_PURE;CONTINUOUS_MINUTE_STREAM;VERIFIED_MODEL_GRID,b4b0244e4d4338445287bf203869a4db3497707d74d1039b64689bd45867445e,2026-09-22T17:04:00+00:00,2026-09-22 22:04:00,85.2,1008.1,92
20.6,30.3,62.9,1878.6,545.4,84.8,10.6,5.0,1.3,451.0,329.4,35.3,8.3,24.1,28.4,25.67,False,4095,0.0,10.0,0.0,EXT-OPEN-METEO-KHI,KARACHI,OPENSOURCE_API_GRID,1026,,,,0.95,True,True,TIER2_OPENSOURCE_PURE;CONTINUOUS_MINUTE_STREAM;VERIFIED_MODEL_GRID,6cb47da9205cb619e9184e53f01f0426fcc4b13ab2cc112ffe732ad637032f49,2026-09-22T17:05:00+00:00,2026-09-22 22:05:00,85.2,1008.1,92
20.7,30.4,62.9,1884.8,547.2,85.1,10.6,5.0,1.3,451.0,329.1,35.2,8.3,24.2,28.4,25.67,False,4095,0.0,10.0,0.0,EXT-OPEN-METEO-KHI,KARACHI,OPENSOURCE_API_GRID,1027,,,,0.95,True,True,TIER2_OPENSOURCE_PURE;CONTINUOUS_MINUTE_STREAM;VERIFIED_MODEL_GRID,8b8dda0668a796ecc807bb91db36963020dde442513cb2f7413051d2f2982331,2026-09-22T17:06:00+00:00,2026-09-22 22:06:00,85.2,1008.1,92
20.7,30.4,62.9,1884.8,547.2,85.1,10.6,5.0,1.3,451.0,328.7,35.2,8.3,24.2,28.4,25.67,False,4095,0.0,10.0,0.0,EXT-OPEN-METEO-KHI,KARACHI,OPENSOURCE_API_GRID,1028,,,,0.95,True,True,TIER2_OPENSOURCE_PURE;CONTINUOUS_MINUTE_STREAM;VERIFIED_MODEL_GRID,d5619102f10b3fb0756f69aed6f29bb05b7663d32e3f2c2c4d19de9712e2c9ea,2026-09-22T17:07:00+00:00,2026-09-22 22:07:00,85.2,1008.1,92
20.7,30.4,62.9,1884.8,547.2,85.1,10.6,5.0,1.3,451.0,328.4,35.1,8.3,24.3,28.4,25.65,False,4095,0.0,10.0,0.0,EXT-OPEN-METEO-KHI,KARACHI,OPENSOURCE_API_GRID,1029,,,,0.95,True,True,TIER2_OPENSOURCE_PURE;CONTINUOUS_MINUTE_STREAM;VERIFIED_MODEL_GRID,2a3ca6cce7c2a49b997d8d9d8c6b86def214b493940d86cea37c31777f3241fc,2026-09-22T17:08:00+00:00,2026-09-22 22:08:00,85.1,1008.1,92
20.6,30.3,62.8,1878.6,545.4,84.8,10.6,5.0,1.3,450.9,327.9,35.0,8.3,24.4,28.4,25.65,False,4095,0.0,10.0,0.0,EXT-OPEN-METEO-KHI,KARACHI,OPENSOURCE_API_GRID,1030,,,,0.95,True,True,TIER2_OPENSOURCE_PURE;CONTINUOUS_MINUTE_STREAM;VERIFIED_MODEL_GRID,cde17695401a829aa85d153000625c55c91813f06bfaf8a1eebc0a06d8763979,2026-09-22T17:09:00+00:00,2026-09-22 22:09:00,85.1,1008.1,92
20.6,30.3,62.7,1878.6,545.4,84.8,10.6,5.0,1.3,450.9,327.5,34.9,8.3,24.5,28.4,25.65,False,4095,0.0,10.0,0.0,EXT-OPEN-METEO-KHI,KARACHI,OPENSOURCE_API_GRID,1031,,,,0.95,True,True,TIER2_OPENSOURCE_PURE;CONTINUOUS_MINUTE_STREAM;VERIFIED_MODEL_GRID,3b71086c42afe59b414e6d20d274f422bd780a25e88bbfb9c28616dca0a3f508,2026-09-22T17:10:00+00:00,2026-09-22 22:10:00,85.1,1008.1,92
20.6,30.3,62.6,1878.6,545.4,84.8,10.6,5.0,1.3,450.9,326.9,34.8,8.3,24.6,28.4,25.65,False,4095,0.0,10.0,0.0,EXT-OPEN-METEO-KHI,KARACHI,OPENSOURCE_API_GRID,1032,,,,0.95,True,True,TIER2_OPENSOURCE_PURE;CONTINUOUS_MINUTE_STREAM;VERIFIED_MODEL_GRID,41fe5a443751cafacef085ef18cf617e049a29507388e299d35042ce155c87d9,2026-09-22T17:11:00+00:00,2026-09-22 22:11:00,85.1,1008.1,92
20.5,30.2,62.5,1872.4,543.6,84.6,10.6,5.0,1.2,450.9,326.4,34.7,8.3,24.7,28.4,25.65,False,4095,0.0,10.0,0.0,EXT-OPEN-METEO-KHI,KARACHI,OPENSOURCE_API_GRID,1033,,,,0.95,True,True,TIER2_OPENSOURCE_PURE;CONTINUOUS_MINUTE_STREAM;VERIFIED_MODEL_GRID,1bf230b4f9d71fa3b0bed10047670d9512ea7d214c4f9c253a36a75b5193298a,2026-09-22T17:12:00+00:00,2026-09-22 22:12:00,85.1,1008.1,92
20.5,30.1,62.4,1866.2,541.8,84.3,10.5,5.0,1.2,450.9,325.8,34.6,8.3,24.8,28.4,25.65,False,4095,0.0,10.0,0.0,EXT-OPEN-METEO-KHI,KARACHI,OPENSOURCE_API_GRID,1034,,,,0.95,True,True,TIER2_OPENSOURCE_PURE;CONTINUOUS_MINUTE_STREAM;VERIFIED_MODEL_GRID,8b853beaa8fc12cb29c9f555dd6ac1139ac655475155aa0c5a721efe88a33df8,2026-09-22T17:13:00+00:00,2026-09-22 22:13:00,85.1,1008.1,92
20.5,30.1,62.2,1866.2,541.8,84.3,10.5,5.0,1.2,450.9,325.1,34.5,8.2,24.9,28.4,25.65,False,4095,0.0,10.0,0.0,EXT-OPEN-METEO-KHI,KARACHI,OPENSOURCE_API_GRID,1035,,,,0.95,True,True,TIER2_OPENSOURCE_PURE;CONTINUOUS_MINUTE_STREAM;VERIFIED_MODEL_GRID,c400d5c4177c70861dba382e62fd52a7e5a1065f7802dd3622cc9df01bb34938,2026-09-22T17:14:00+00:00,2026-09-22 22:14:00,85.1,1008.1,92
20.4,30.0,62.0,1860.0,540.0,84.0,10.5,5.0,1.2,450.9,324.4,34.4,8.2,25.0,28.4,25.65,False,4095,0.0,10.0,0.0,EXT-OPEN-METEO-KHI,KARACHI,OPENSOURCE_API_GRID,1036,,,,0.95,True,True,TIER2_OPENSOURCE_PURE;CONTINUOUS_MINUTE_STREAM;VERIFIED_MODEL_GRID,558990f9f2fabcb5719ace3a4f51eadd38f8bd26e118a88ae92fa4b86cb92234,2026-09-22T17:15:00+00:00,2026-09-22 22:15:00,85.1,1008.1,92
20.3,29.9,61.9,1853.8,538.2,83.7,10.5,5.0,1.2,450.8,323.7,34.3,8.2,25.2,28.4,25.65,False,4095,0.0,10.0,0.0,EXT-OPEN-METEO-KHI,KARACHI,OPENSOURCE_API_GRID,1037,,,,0.95,True,True,TIER2_OPENSOURCE_PURE;CONTINUOUS_MINUTE_STREAM;VERIFIED_MODEL_GRID,20f42934d60fccea76d8d6397c4f6a22b4e2d19b245ff4dd2bfcdadae3727d45,2026-09-22T17:16:00+00:00,2026-09-22 22:16:00,85.1,1008.1,92
20.3,29.8,61.6,1847.6,536.4,83.4,10.4,4.9,1.2,450.8,323.0,34.1,8.2,25.3,28.4,25.65,False,4095,0.0,10.0,0.0,EXT-OPEN-METEO-KHI,KARACHI,OPENSOURCE_API_GRID,1038,,,,0.95,True,True,TIER2_OPENSOURCE_PURE;CONTINUOUS_MINUTE_STREAM;VERIFIED_MODEL_GRID,aa81b4776eac36a8a53ba6a3a1907c7b77b6f3fffd309bd4c0575ae8500e6e1c,2026-09-22T17:17:00+00:00,2026-09-22 22:17:00,85.1,1008.1,92
20.2,29.7,61.4,1841.4,534.6,83.2,10.4,4.9,1.2,450.8,322.2,34.0,8.2,25.4,28.3,25.55,False,4095,0.0,10.0,0.0,EXT-OPEN-METEO-KHI,KARACHI,OPENSOURCE_API_GRID,1039,,,,0.95,True,True,TIER2_OPENSOURCE_PURE;CONTINUOUS_MINUTE_STREAM;VERIFIED_MODEL_GRID,a6aa8395c246d2ed453c2211169704e03b7a2bd70043d0663b0fb921e23bc198,2026-09-22T17:18:00+00:00,2026-09-22 22:18:00,85.1,1008.1,92
20.1,29.6,61.2,1835.2,532.8,82.9,10.4,4.9,1.2,450.8,321.3,33.8,8.2,25.6,28.3,25.55,False,4095,0.0,10.0,0.0,EXT-OPEN-METEO-KHI,KARACHI,OPENSOURCE_API_GRID,1040,,,,0.95,True,True,TIER2_OPENSOURCE_PURE;CONTINUOUS_MINUTE_STREAM;VERIFIED_MODEL_GRID,ab9b62502f3c5be20c11039bb6d854903f1519d870798bd7731feff999e95061,2026-09-22T17:19:00+00:00,2026-09-22 22:19:00,85.1,1008.1,92
20.1,29.5,61.0,1829.0,531.0,82.6,10.3,4.9,1.2,450.8,320.5,33.7,8.2,25.8,28.3,25.55,False,4095,0.0,10.0,0.0,EXT-OPEN-METEO-KHI,KARACHI,OPENSOURCE_API_GRID,1041,,,,0.95,True,True,TIER2_OPENSOURCE_PURE;CONTINUOUS_MINUTE_STREAM;VERIFIED_MODEL_GRID,d2b874b691c590069bbdf9df0d60800e5fcc84493ebcd2dfc7cebce1aafd8aee,2026-09-22T17:20:00+00:00,2026-09-22 22:20:00,85.1,1008.1,92
20.0,29.4,60.8,1822.8,529.2,82.3,10.3,4.9,1.2,450.7,319.6,33.5,8.2,25.9,28.3,25.55,False,4095,0.0,10.0,0.0,EXT-OPEN-METEO-KHI,KARACHI,OPENSOURCE_API_GRID,1042,,,,0.95,True,True,TIER2_OPENSOURCE_PURE;CONTINUOUS_MINUTE_STREAM;VERIFIED_MODEL_GRID,b56f659ce75949bacf131db90377c9ff5c953a8658cd9f171507dce2444f08ea,2026-09-22T17:21:00+00:00,2026-09-22 22:21:00,85.1,1008.1,92
19.9,29.3,60.6,1816.6,527.4,82.0,10.3,4.8,1.2,450.7,318.7,33.4,8.2,26.1,28.3,25.55,False,4095,0.0,10.0,0.0,EXT-OPEN-METEO-KHI,KARACHI,OPENSOURCE_API_GRID,1043,,,,0.95,True,True,TIER2_OPENSOURCE_PURE;CONTINUOUS_MINUTE_STREAM;VERIFIED_MODEL_GRID,df753aec49aaa4847bde7c41439585ccaf6526d005fd2dec02c2554979f71304,2026-09-22T17:22:00+00:00,2026-09-22 22:22:00,85.1,1008.1,92
19.9,29.2,60.4,1810.4,525.6,81.8,10.2,4.8,1.2,450.7,317.8,33.2,8.2,26.2,28.3,25.57,False,4095,0.0,10.0,0.0,EXT-OPEN-METEO-KHI,KARACHI,OPENSOURCE_API_GRID,1044,,,,0.95,True,True,TIER2_OPENSOURCE_PURE;CONTINUOUS_MINUTE_STREAM;VERIFIED_MODEL_GRID,b7056c15e615649d3630b5385855ac16bf7d58d0c04c173393014c230e9ca25d,2026-09-22T17:23:00+00:00,2026-09-22 22:23:00,85.2,1008.1,92
19.8,29.1,60.3,1804.2,523.8,81.5,10.2,4.8,1.2,450.7,316.9,33.0,8.2,26.4,28.3,25.57,False,4095,0.0,10.0,0.0,EXT-OPEN-METEO-KHI,KARACHI,OPENSOURCE_API_GRID,1045,,,,0.95,True,True,TIER2_OPENSOURCE_PURE;CONTINUOUS_MINUTE_STREAM;VERIFIED_MODEL_GRID,3422eebd3c2a11edb1cf63fde406e5edd40a3655e18a82d0b51fa1efa1639eb9,2026-09-22T17:24:00+00:00,2026-09-22 22:24:00,85.2,1008.1,92
19.7,29.0,60.1,1798.0,522.0,81.2,10.1,4.8,1.2,450.6,315.9,32.8,8.2,26.6,28.2,25.48,False,4095,0.0,10.0,0.0,EXT-OPEN-METEO-KHI,KARACHI,OPENSOURCE_API_GRID,1046,,,,0.95,True,True,TIER2_OPENSOURCE_PURE;CONTINUOUS_MINUTE_STREAM;VERIFIED_MODEL_GRID,a9a5f03d21963fa30c2c8ba696b45ef16e38944ae9679ed713a10a0c669d0f51,2026-09-22T17:25:00+00:00,2026-09-22 22:25:00,85.2,1008.1,92
19.7,29.0,59.9,1798.0,522.0,81.2,10.1,4.8,1.2,450.6,315.0,32.7,8.1,26.8,28.2,25.5,False,4095,0.0,10.0,0.0,EXT-OPEN-METEO-KHI,KARACHI,OPENSOURCE_API_GRID,1047,,,,0.95,True,True,TIER2_OPENSOURCE_PURE;CONTINUOUS_MINUTE_STREAM;VERIFIED_MODEL_GRID,d972a28de55ba4909a355c75bb6a2498eabc8800cbb3d8f0680a07406d28d3b7,2026-09-22T17:26:00+00:00,2026-09-22 22:26:00,85.3,1008.1,92
19.7,28.9,59.8,1791.8,520.2,80.9,10.1,4.8,1.2,450.6,314.0,32.5,8.1,27.0,28.2,25.5,False,4095,0.0,10.0,0.0,EXT-OPEN-METEO-KHI,KARACHI,OPENSOURCE_API_GRID,1048,,,,0.95,True,True,TIER2_OPENSOURCE_PURE;CONTINUOUS_MINUTE_STREAM;VERIFIED_MODEL_GRID,bd0d5170d793e64e051240d20f1fdc30e77e4ca462d469a9d307ed8dbe5fa256,2026-09-22T17:27:00+00:00,2026-09-22 22:27:00,85.3,1008.1,92
19.7,28.9,59.7,1791.8,520.2,80.9,10.1,4.8,1.2,450.6,313.0,32.3,8.1,27.1,28.2,25.52,False,4095,0.0,10.0,0.0,EXT-OPEN-METEO-KHI,KARACHI,OPENSOURCE_API_GRID,1049,,,,0.95,True,True,TIER2_OPENSOURCE_PURE;CONTINUOUS_MINUTE_STREAM;VERIFIED_MODEL_GRID,e87da15456171af9886edb6f1421dece2bf3a0ae70d7da9d3980c8bb98e33b89,2026-09-22T17:28:00+00:00,2026-09-22 22:28:00,85.4,1008.1,92
19.6,28.8,59.5,1785.6,518.4,80.6,10.1,4.8,1.2,450.5,312.0,32.1,8.1,27.3,28.2,25.52,False,4095,0.0,10.0,0.0,EXT-OPEN-METEO-KHI,KARACHI,OPENSOURCE_API_GRID,1050,,,,0.95,True,True,TIER2_OPENSOURCE_PURE;CONTINUOUS_MINUTE_STREAM;VERIFIED_MODEL_GRID,45ad04bbdfd9ca5c467b140d927bdba4c8167f31a473a848154c9acbe52525b4,2026-09-22T17:29:00+00:00,2026-09-22 22:29:00,85.4,1008.1,92
19.6,28.8,59.4,1785.6,518.4,80.6,10.1,4.8,1.2,450.5,311.0,31.9,8.1,27.5,28.2,25.54,False,4095,0.0,10.0,0.0,EXT-OPEN-METEO-KHI,KARACHI,OPENSOURCE_API_GRID,1051,,,,0.95,True,True,TIER2_OPENSOURCE_PURE;CONTINUOUS_MINUTE_STREAM;VERIFIED_MODEL_GRID,1755f5ed1b536e79a648d02fab6d804b5b08448dcdc18ca210e38c5f47af85fe,2026-09-22T17:30:00+00:00,2026-09-22 22:30:00,85.5,1008.1,92
19.6,28.8,59.3,1785.6,518.4,80.6,10.1,4.7,1.2,450.5,310.0,31.8,8.1,27.7,28.2,25.54,False,4095,0.0,10.0,0.0,EXT-OPEN-METEO-KHI,KARACHI,OPENSOURCE_API_GRID,1052,,,,0.95,True,True,TIER2_OPENSOURCE_PURE;CONTINUOUS_MINUTE_STREAM;VERIFIED_MODEL_GRID,220e61fc9d66e378bed9613787d6c13a536c4a74f4c414d739690d7e978f23f7,2026-09-22T17:31:00+00:00,2026-09-22 22:31:00,85.5,1008.1,92
19.5,28.7,59.2,1779.4,516.6,80.4,10.0,4.7,1.2,450.4,309.0,31.6,8.1,27.9,28.2,25.56,False,4095,0.0,10.0,0.0,EXT-OPEN-METEO-KHI,KARACHI,OPENSOURCE_API_GRID,1053,,,,0.95,True,True,TIER2_OPENSOURCE_PURE;CONTINUOUS_MINUTE_STREAM;VERIFIED_MODEL_GRID,b46358d3701b489165d5fc2804bddc9bd257ea9268fa51be014f2c2dd7e4a5b0,2026-09-22T17:32:00+00:00,2026-09-22 22:32:00,85.6,1008.1,92
19.5,28.7,59.1,1779.4,516.6,80.4,10.0,4.7,1.2,450.4,308.0,31.4,8.1,28.0,28.2,25.56,False,4095,0.0,10.0,0.0,EXT-OPEN-METEO-KHI,KARACHI,OPENSOURCE_API_GRID,1054,,,,0.95,True,True,TIER2_OPENSOURCE_PURE;CONTINUOUS_MINUTE_STREAM;VERIFIED_MODEL_GRID,47f141db798b3ae22c1a05ec07603d9ffe16beccfb09a397ef1d5c9ac661468b,2026-09-22T17:33:00+00:00,2026-09-22 22:33:00,85.6,1008.1,92
19.4,28.5,58.8,1767.0,513.0,79.8,10.0,4.7,1.2,450.4,307.0,31.2,8.1,28.2,28.2,25.59,False,4095,0.0,10.0,0.0,EXT-OPEN-METEO-KHI,KARACHI,OPENSOURCE_API_GRID,1055,,,,0.95,True,True,TIER2_OPENSOURCE_PURE;CONTINUOUS_MINUTE_STREAM;VERIFIED_MODEL_GRID,3adab7c5a9443f13439200835ea83f70f3fd1faf95fc6bab93e401a44106bdb9,2026-09-22T17:34:00+00:00,2026-09-22 22:34:00,85.8,1008.2,92
19.4,28.5,58.7,1767.0,513.0,79.8,10.0,4.7,1.2,450.4,306.1,31.1,8.0,28.4,28.2,25.59,False,4095,0.0,10.0,0.0,EXT-OPEN-METEO-KHI,KARACHI,OPENSOURCE_API_GRID,1056,,,,0.95,True,True,TIER2_OPENSOURCE_PURE;CONTINUOUS_MINUTE_STREAM;VERIFIED_MODEL_GRID,21e5078d6bb51b59d1d4866c3f522bc11aa85bcbd3c8f315fdfb5c9fa9de59d4,2026-09-22T17:35:00+00:00,2026-09-22 22:35:00,85.8,1008.2,92
19.4,28.5,58.6,1767.0,513.0,79.8,10.0,4.7,1.2,450.3,305.1,30.9,8.0,28.6,28.2,25.59,False,4095,0.0,10.0,0.0,EXT-OPEN-METEO-KHI,KARACHI,OPENSOURCE_API_GRID,1057,,,,0.95,True,True,TIER2_OPENSOURCE_PURE;CONTINUOUS_MINUTE_STREAM;VERIFIED_MODEL_GRID,4a97328cbddb8d6d00b02c40a2db50ff9380ff08a2e7cec5e68ec8d5a67d1c00,2026-09-22T17:36:00+00:00,2026-09-22 22:36:00,85.8,1008.2,92
19.4,28.5,58.5,1767.0,513.0,79.8,10.0,4.7,1.2,450.3,304.2,30.7,8.0,28.8,28.2,25.59,False,4095,0.0,10.0,0.0,EXT-OPEN-METEO-KHI,KARACHI,OPENSOURCE_API_GRID,1058,,,,0.95,True,True,TIER2_OPENSOURCE_PURE;CONTINUOUS_MINUTE_STREAM;VERIFIED_MODEL_GRID,90f6e1cfcc6ce0873464c730e5c44754b68f5f58ea94830abea0516db3e7f2da,2026-09-22T17:37:00+00:00,2026-09-22 22:37:00,85.8,1008.2,92
19.3,28.4,58.4,1760.8,511.2,79.5,9.9,4.7,1.2,450.3,303.3,30.5,8.0,28.9,28.2,25.59,False,4095,0.0,10.0,0.0,EXT-OPEN-METEO-KHI,KARACHI,OPENSOURCE_API_GRID,1059,,,,0.95,True,True,TIER2_OPENSOURCE_PURE;CONTINUOUS_MINUTE_STREAM;VERIFIED_MODEL_GRID,57f54b862a83c9647d75d7a0900caae8bb0ee4b25aaacd918e5ba5fcb3127c0c,2026-09-22T17:38:00+00:00,2026-09-22 22:38:00,85.8,1008.2,92
19.3,28.4,58.2,1760.8,511.2,79.5,9.9,4.7,1.2,450.3,302.4,30.4,8.0,29.1,28.2,25.59,False,4095,0.0,10.0,0.0,EXT-OPEN-METEO-KHI,KARACHI,OPENSOURCE_API_GRID,1060,,,,0.95,True,True,TIER2_OPENSOURCE_PURE;CONTINUOUS_MINUTE_STREAM;VERIFIED_MODEL_GRID,6fe5f954b450db2a6207faa360fb95bfb18495e81668fd81c175a31c6afe07dd,2026-09-22T17:39:00+00:00,2026-09-22 22:39:00,85.8,1008.2,92
19.2,28.3,58.1,1754.6,509.4,79.2,9.9,4.6,1.2,450.2,301.5,30.2,8.0,29.2,28.2,25.59,False,4095,0.0,10.0,0.0,EXT-OPEN-METEO-KHI,KARACHI,OPENSOURCE_API_GRID,1061,,,,0.95,True,True,TIER2_OPENSOURCE_PURE;CONTINUOUS_MINUTE_STREAM;VERIFIED_MODEL_GRID,6211e3e6e7a23afa20bb4886feae7f88ffac0faacab62f557299909665ce42a4,2026-09-22T17:40:00+00:00,2026-09-22 22:40:00,85.8,1008.2,92
19.2,28.3,57.9,1754.6,509.4,79.2,9.9,4.6,1.2,450.2,300.7,30.1,8.0,29.4,28.2,25.59,False,4095,0.0,10.0,0.0,EXT-OPEN-METEO-KHI,KARACHI,OPENSOURCE_API_GRID,1062,,,,0.95,True,True,TIER2_OPENSOURCE_PURE;CONTINUOUS_MINUTE_STREAM;VERIFIED_MODEL_GRID,769cb416f30a6a25ab09993fa6658bbcd0da51e08d808df366a9bbd42c03704c,2026-09-22T17:41:00+00:00,2026-09-22 22:41:00,85.8,1008.2,92
19.2,28.2,57.8,1748.4,507.6,79.0,9.9,4.6,1.2,450.2,299.8,29.9,8.0,29.6,28.2,25.59,False,4095,0.0,10.0,0.0,EXT-OPEN-METEO-KHI,KARACHI,OPENSOURCE_API_GRID,1063,,,,0.95,True,True,TIER2_OPENSOURCE_PURE;CONTINUOUS_MINUTE_STREAM;VERIFIED_MODEL_GRID,8bc8254d1722aa298ebf6a17b3a443fcf153f9240b52c3e8f2880a2d9273f319,2026-09-22T17:42:00+00:00,2026-09-22 22:42:00,85.8,1008.2,92
19.1,28.1,57.6,1742.2,505.8,78.7,9.8,4.6,1.2,450.2,299.0,29.8,8.0,29.7,28.2,25.59,False,4095,0.0,10.0,0.0,EXT-OPEN-METEO-KHI,KARACHI,OPENSOURCE_API_GRID,1064,,,,0.95,True,True,TIER2_OPENSOURCE_PURE;CONTINUOUS_MINUTE_STREAM;VERIFIED_MODEL_GRID,4c94ab21b2182a69507fcf4efe19c8cb83f2f41a21ba4f7f83fe268251b4f464,2026-09-22T17:43:00+00:00,2026-09-22 22:43:00,85.8,1008.2,92
19.0,28.0,57.5,1736.0,504.0,78.4,9.8,4.6,1.2,450.2,298.3,29.6,8.0,29.8,28.2,25.59,False,4095,0.0,10.0,0.0,EXT-OPEN-METEO-KHI,KARACHI,OPENSOURCE_API_GRID,1065,,,,0.95,True,True,TIER2_OPENSOURCE_PURE;CONTINUOUS_MINUTE_STREAM;VERIFIED_MODEL_GRID,357a8330217fef647e3316c225babaaef09e3930f6d8cf38118fbc4194f6237a,2026-09-22T17:44:00+00:00,2026-09-22 22:44:00,85.8,1008.2,92
19.0,28.0,57.3,1736.0,504.0,78.4,9.8,4.6,1.1,450.1,297.6,29.5,8.0,30.0,28.2,25.59,False,4095,0.0,10.0,0.0,EXT-OPEN-METEO-KHI,KARACHI,OPENSOURCE_API_GRID,1066,,,,0.95,True,True,TIER2_OPENSOURCE_PURE;CONTINUOUS_MINUTE_STREAM;VERIFIED_MODEL_GRID,d63567619b28699387073c44d6ef51708cae85f4ee0c311a5c3302c9132a54f7,2026-09-22T17:45:00+00:00,2026-09-22 22:45:00,85.8,1008.2,92
19.0,27.9,57.1,1729.8,502.2,78.1,9.8,4.6,1.1,450.1,296.9,29.4,8.0,30.1,28.2,25.59,False,4095,0.0,10.0,0.0,EXT-OPEN-METEO-KHI,KARACHI,OPENSOURCE_API_GRID,1067,,,,0.95,True,True,TIER2_OPENSOURCE_PURE;CONTINUOUS_MINUTE_STREAM;VERIFIED_MODEL_GRID,60f1c25cba28ea888b9af9873d32428fb8e64ca1d3df0ae2032c1bf9d40626af,2026-09-22T17:46:00+00:00,2026-09-22 22:46:00,85.8,1008.2,92
18.9,27.8,56.9,1723.6,500.4,77.8,9.7,4.6,1.1,450.1,296.2,29.3,7.9,30.2,28.2,25.59,False,4095,0.0,10.0,0.0,EXT-OPEN-METEO-KHI,KARACHI,OPENSOURCE_API_GRID,1068,,,,0.95,True,True,TIER2_OPENSOURCE_PURE;CONTINUOUS_MINUTE_STREAM;VERIFIED_MODEL_GRID,d454b20d1b9b2aef769d6110b9117e917ce34ab93b04d2197daec54290c00abc,2026-09-22T17:47:00+00:00,2026-09-22 22:47:00,85.8,1008.2,92
18.8,27.7,56.8,1717.4,498.6,77.6,9.7,4.5,1.1,450.1,295.6,29.2,7.9,30.3,28.1,25.5,False,4095,0.0,10.0,0.0,EXT-OPEN-METEO-KHI,KARACHI,OPENSOURCE_API_GRID,1069,,,,0.95,True,True,TIER2_OPENSOURCE_PURE;CONTINUOUS_MINUTE_STREAM;VERIFIED_MODEL_GRID,751cf80b1bb236546f63b83d0b67098d21ecf1f111b1433005636f19a6622d55,2026-09-22T17:48:00+00:00,2026-09-22 22:48:00,85.8,1008.2,92
18.8,27.6,56.6,1711.2,496.8,77.3,9.7,4.5,1.1,450.1,295.1,29.1,7.9,30.4,28.1,25.5,False,4095,0.0,10.0,0.0,EXT-OPEN-METEO-KHI,KARACHI,OPENSOURCE_API_GRID,1070,,,,0.95,True,True,TIER2_OPENSOURCE_PURE;CONTINUOUS_MINUTE_STREAM;VERIFIED_MODEL_GRID,9ef048adaf58b6beabcd1a6bb3a7e3b7f85351e95488022550de27841d27e460,2026-09-22T17:49:00+00:00,2026-09-22 22:49:00,85.8,1008.2,92
18.7,27.5,56.4,1705.0,495.0,77.0,9.6,4.5,1.1,450.1,294.5,29.0,7.9,30.5,28.1,25.5,False,4095,0.0,10.0,0.0,EXT-OPEN-METEO-KHI,KARACHI,OPENSOURCE_API_GRID,1071,,,,0.95,True,True,TIER2_OPENSOURCE_PURE;CONTINUOUS_MINUTE_STREAM;VERIFIED_MODEL_GRID,f39bd35c3b26972210123ea9c6ae9dd74d0dc1af77f62bb8f71dbab3d9a5b497,2026-09-22T17:50:00+00:00,2026-09-22 22:50:00,85.8,1008.2,92
18.6,27.4,56.3,1698.8,493.2,76.7,9.6,4.5,1.1,450.1,294.1,28.9,7.9,30.6,28.1,25.5,False,4095,0.0,10.0,0.0,EXT-OPEN-METEO-KHI,KARACHI,OPENSOURCE_API_GRID,1072,,,,0.95,True,True,TIER2_OPENSOURCE_PURE;CONTINUOUS_MINUTE_STREAM;VERIFIED_MODEL_GRID,820ee84abdc40332a9a21647ef7c3e99f37775b88fb7264972bdd1d3eb780600,2026-09-22T17:51:00+00:00,2026-09-22 22:51:00,85.8,1008.2,92
18.6,27.4,56.2,1698.8,493.2,76.7,9.6,4.5,1.1,450.0,293.6,28.8,7.9,30.7,28.1,25.5,False,4095,0.0,10.0,0.0,EXT-OPEN-METEO-KHI,KARACHI,OPENSOURCE_API_GRID,1073,,,,0.95,True,True,TIER2_OPENSOURCE_PURE;CONTINUOUS_MINUTE_STREAM;VERIFIED_MODEL_GRID,bb18200fed6c3633f306ac32244c72d8b9aee5339a75614d5f277fb9fd04476b,2026-09-22T17:52:00+00:00,2026-09-22 22:52:00,85.8,1008.2,92
18.6,27.3,56.1,1692.6,491.4,76.4,9.6,4.5,1.1,450.0,293.3,28.7,7.9,30.8,28.1,25.5,False,4095,0.0,10.0,0.0,EXT-OPEN-METEO-KHI,KARACHI,OPENSOURCE_API_GRID,1074,,,,0.95,True,True,TIER2_OPENSOURCE_PURE;CONTINUOUS_MINUTE_STREAM;VERIFIED_MODEL_GRID,52d9e7b6df7b7f6a20e86fd77358e611d0cc0c377a9a496f660a4f6d96b078a1,2026-09-22T17:53:00+00:00,2026-09-22 22:53:00,85.8,1008.2,92
18.6,27.3,56.0,1692.6,491.4,76.4,9.6,4.5,1.1,450.0,292.9,28.7,7.9,30.8,28.1,25.5,False,4095,0.0,10.0,0.0,EXT-OPEN-METEO-KHI,KARACHI,OPENSOURCE_API_GRID,1075,,,,0.95,True,True,TIER2_OPENSOURCE_PURE;CONTINUOUS_MINUTE_STREAM;VERIFIED_MODEL_GRID,0b55d4f35a4438bd884ac1dc5b3269008556f941831ffa9e79cdbe896913ef56,2026-09-22T17:54:00+00:00,2026-09-22 22:54:00,85.8,1008.2,92
18.5,27.2,55.9,1686.4,489.6,76.2,9.5,4.5,1.1,450.0,292.6,28.6,7.9,30.9,28.1,25.5,False,4095,0.0,10.0,0.0,EXT-OPEN-METEO-KHI,KARACHI,OPENSOURCE_API_GRID,1076,,,,0.95,True,True,TIER2_OPENSOURCE_PURE;CONTINUOUS_MINUTE_STREAM;VERIFIED_MODEL_GRID,b2576a0960559cf29d3411772c665d1ea60151c7eb65d8e848122162e7c8cd4d,2026-09-22T17:55:00+00:00,2026-09-22 22:55:00,85.8,1008.2,92
18.5,27.2,55.9,1686.4,489.6,76.2,9.5,4.5,1.1,450.0,292.4,28.6,7.9,30.9,28.1,25.52,False,4095,0.0,10.0,0.0,EXT-OPEN-METEO-KHI,KARACHI,OPENSOURCE_API_GRID,1077,,,,0.95,True,True,TIER2_OPENSOURCE_PURE;CONTINUOUS_MINUTE_STREAM;VERIFIED_MODEL_GRID,c5615977eea3c5e0d1bc24745a531c8cb91e7c8129c36ab4748cc19c8b036407,2026-09-22T17:56:00+00:00,2026-09-22 22:56:00,85.9,1008.2,92
18.5,27.2,55.9,1686.4,489.6,76.2,9.5,4.5,1.1,450.0,292.2,28.5,7.9,31.0,28.1,25.52,False,4095,0.0,10.0,0.0,EXT-OPEN-METEO-KHI,KARACHI,OPENSOURCE_API_GRID,1078,,,,0.95,True,True,TIER2_OPENSOURCE_PURE;CONTINUOUS_MINUTE_STREAM;VERIFIED_MODEL_GRID,ae6b470eaaebb12877a83231818eb31299974d2989f145bd64b783a4b21b4fe5,2026-09-22T17:57:00+00:00,2026-09-22 22:57:00,85.9,1008.2,92
18.5,27.2,55.9,1686.4,489.6,76.2,9.5,4.5,1.1,450.0,292.1,28.5,7.9,31.0,28.1,25.52,False,4095,0.0,10.0,0.0,EXT-OPEN-METEO-KHI,KARACHI,OPENSOURCE_API_GRID,1079,,,,0.95,True,True,TIER2_OPENSOURCE_PURE;CONTINUOUS_MINUTE_STREAM;VERIFIED_MODEL_GRID,744a1f8be0913abdc8ea7cf12321b75ea05d25e7af38379bcaa94900f129b684,2026-09-22T17:58:00+00:00,2026-09-22 22:58:00,85.9,1008.2,92
18.6,27.3,55.9,1692.6,491.4,76.4,9.6,4.5,1.1,450.0,292.0,28.5,7.9,31.0,28.1,25.52,False,4095,0.0,10.0,0.0,EXT-OPEN-METEO-KHI,KARACHI,OPENSOURCE_API_GRID,1080,,,,0.95,True,True,TIER2_OPENSOURCE_PURE;CONTINUOUS_MINUTE_STREAM;VERIFIED_MODEL_GRID,219c35a0712483f43385631a1fb39e32d6eb315d60467ac85508deec5ca1727c,2026-09-22T17:59:00+00:00,2026-09-22 22:59:00,85.9,1008.2,92
18.6,27.3,56.0,1692.6,491.4,76.4,9.6,4.5,1.1,450.0,292.0,28.5,7.9,31.0,28.1,25.52,False,4095,0.0,10.0,0.0,EXT-OPEN-METEO-KHI,KARACHI,OPENSOURCE_API_GRID,1081,,,,0.95,True,False,TIER2_OPENSOURCE_PURE;HOURLY_NODE;VERIFIED_MODEL_GRID,5c2cd324c9983f1f88f96f50cc9f5e551af4074cec3e90c83a9dc29a5485e454,2026-09-22T18:00:00+00:00,2026-09-22 23:00:00,85.9,1008.2,92
18.6,27.3,56.0,1692.6,491.4,76.4,9.6,4.5,1.1,450.0,292.0,28.5,7.9,31.0,28.1,25.54,False,4095,0.0,10.0,0.0,EXT-OPEN-METEO-KHI,KARACHI,OPENSOURCE_API_GRID,1082,,,,0.95,True,True,TIER2_OPENSOURCE_PURE;CONTINUOUS_MINUTE_STREAM;VERIFIED_MODEL_GRID,2c864e9d1778a88e9c63c84fbeb0f3db2bf479bfc16e562ea45e69e68966e643,2026-09-22T18:01:00+00:00,2026-09-22 23:01:00,86.0,1008.2,92
18.6,27.4,56.1,1698.8,493.2,76.7,9.6,4.5,1.1,450.0,291.9,28.5,7.9,31.0,28.1,25.54,False,4095,0.0,10.0,0.0,EXT-OPEN-METEO-KHI,KARACHI,OPENSOURCE_API_GRID,1083,,,,0.95,True,True,TIER2_OPENSOURCE_PURE;CONTINUOUS_MINUTE_STREAM;VERIFIED_MODEL_GRID,8a086430c6e117bca07c62adfa6a3344bfaa4af3c9cd105aaec0edc697127ef6,2026-09-22T18:02:00+00:00,2026-09-22 23:02:00,86.0,1008.2,92
18.6,27.4,56.1,1698.8,493.2,76.7,9.6,4.5,1.1,450.0,291.7,28.5,7.9,31.0,28.1,25.54,False,4095,0.0,10.0,0.0,EXT-OPEN-METEO-KHI,KARACHI,OPENSOURCE_API_GRID,1084,,,,0.95,True,True,TIER2_OPENSOURCE_PURE;CONTINUOUS_MINUTE_STREAM;VERIFIED_MODEL_GRID,126d3a15c29efa8a8674182da57b12da8f778e71867ac6796d0ed34ad34c7723,2026-09-22T18:03:00+00:00,2026-09-22 23:03:00,86.0,1008.2,92
18.6,27.4,56.1,1698.8,493.2,76.7,9.6,4.5,1.1,450.0,291.5,28.4,7.9,31.1,28.1,25.56,False,4095,0.0,10.0,0.0,EXT-OPEN-METEO-KHI,KARACHI,OPENSOURCE_API_GRID,1085,,,,0.95,True,True,TIER2_OPENSOURCE_PURE;CONTINUOUS_MINUTE_STREAM;VERIFIED_MODEL_GRID,2e78b55e8be2df5e1a89410f5bb65d8557fdc2ca4984c0eacf8630c04d9536f4,2026-09-22T18:04:00+00:00,2026-09-22 23:04:00,86.1,1008.2,92
18.6,27.4,56.0,1698.8,493.2,76.7,9.6,4.5,1.1,450.0,291.3,28.4,7.9,31.1,28.1,25.58,False,4095,0.0,10.0,0.0,EXT-OPEN-METEO-KHI,KARACHI,OPENSOURCE_API_GRID,1086,,,,0.95,True,True,TIER2_OPENSOURCE_PURE;CONTINUOUS_MINUTE_STREAM;VERIFIED_MODEL_GRID,4a01b86c0995c6ee1f82b2f4f2ccbe15ddab456633539b984762e5a6ee2b60b2,2026-09-22T18:05:00+00:00,2026-09-22 23:05:00,86.2,1008.2,92
18.6,27.4,56.0,1698.8,493.2,76.7,9.6,4.5,1.1,450.0,290.9,28.4,7.9,31.1,28.1,25.58,False,4095,0.0,10.0,0.0,EXT-OPEN-METEO-KHI,KARACHI,OPENSOURCE_API_GRID,1087,,,,0.95,True,True,TIER2_OPENSOURCE_PURE;CONTINUOUS_MINUTE_STREAM;VERIFIED_MODEL_GRID,255d54318591e80425c826c4d57fafb597550b8ad837de69ac28135bb56e1fa1,2026-09-22T18:06:00+00:00,2026-09-22 23:06:00,86.2,1008.2,92
18.6,27.4,56.0,1698.8,493.2,76.7,9.6,4.5,1.1,450.0,290.5,28.3,7.9,31.2,28.1,25.58,False,4095,0.0,10.0,0.0,EXT-OPEN-METEO-KHI,KARACHI,OPENSOURCE_API_GRID,1088,,,,0.95,True,True,TIER2_OPENSOURCE_PURE;CONTINUOUS_MINUTE_STREAM;VERIFIED_MODEL_GRID,cda201f6303de8edfa472d9c932621a24db54d17529c65bcd61d7b8bc267eea2,2026-09-22T18:07:00+00:00,2026-09-22 23:07:00,86.2,1008.2,92
18.6,27.4,56.0,1698.8,493.2,76.7,9.6,4.5,1.1,450.0,290.1,28.2,7.9,31.2,28.1,25.58,False,4095,0.0,10.0,0.0,EXT-OPEN-METEO-KHI,KARACHI,OPENSOURCE_API_GRID,1089,,,,0.95,True,True,TIER2_OPENSOURCE_PURE;CONTINUOUS_MINUTE_STREAM;VERIFIED_MODEL_GRID,906d34ea5db9ee2a584d306857458ebe99d635b0b0b31ea79e3c9052429fc840,2026-09-22T18:08:00+00:00,2026-09-22 23:08:00,86.2,1008.2,92
18.6,27.4,56.0,1698.8,493.2,76.7,9.6,4.5,1.1,449.9,289.6,28.2,7.9,31.3,28.1,25.58,False,4095,0.0,10.0,0.0,EXT-OPEN-METEO-KHI,KARACHI,OPENSOURCE_API_GRID,1090,,,,0.95,True,True,TIER2_OPENSOURCE_PURE;CONTINUOUS_MINUTE_STREAM;VERIFIED_MODEL_GRID,2786770be329c93b449bc59a16088d820b05a0b3cd927df06c71a8db5ade8e04,2026-09-22T18:09:00+00:00,2026-09-22 23:09:00,86.2,1008.2,92
18.6,27.4,55.9,1698.8,493.2,76.7,9.6,4.5,1.1,449.9,289.1,28.1,7.9,31.3,28.1,25.58,False,4095,0.0,10.0,0.0,EXT-OPEN-METEO-KHI,KARACHI,OPENSOURCE_API_GRID,1091,,,,0.95,True,True,TIER2_OPENSOURCE_PURE;CONTINUOUS_MINUTE_STREAM;VERIFIED_MODEL_GRID,43819b8a56bf2a8cba5fe2d73722b96b6cc4c5b52f7e9f5005536714342bad9b,2026-09-22T18:10:00+00:00,2026-09-22 23:10:00,86.2,1008.2,92
18.6,27.4,55.9,1698.8,493.2,76.7,9.6,4.5,1.1,449.9,288.5,28.0,7.8,31.4,28.1,25.58,False,4095,0.0,10.0,0.0,EXT-OPEN-METEO-KHI,KARACHI,OPENSOURCE_API_GRID,1092,,,,0.95,True,True,TIER2_OPENSOURCE_PURE;CONTINUOUS_MINUTE_STREAM;VERIFIED_MODEL_GRID,f2e6a19351f9876c51216220039cf05125e15be357aa4bec399e3b904e66d369,2026-09-22T18:11:00+00:00,2026-09-22 23:11:00,86.2,1008.2,92
18.6,27.3,55.8,1692.6,491.4,76.4,9.6,4.5,1.1,449.9,287.8,27.9,7.8,31.5,28.1,25.58,False,4095,0.0,10.0,0.0,EXT-OPEN-METEO-KHI,KARACHI,OPENSOURCE_API_GRID,1093,,,,0.95,True,True,TIER2_OPENSOURCE_PURE;CONTINUOUS_MINUTE_STREAM;VERIFIED_MODEL_GRID,a2b0a6cbdcb2b9d7c3b2c24cdcf6ad756d773c0f48093202d8b7ae9322d16506,2026-09-22T18:12:00+00:00,2026-09-22 23:12:00,86.2,1008.2,92
18.6,27.3,55.7,1692.6,491.4,76.4,9.6,4.5,1.1,449.9,287.1,27.8,7.8,31.6,28.1,25.59,False,4095,0.0,10.0,0.0,EXT-OPEN-METEO-KHI,KARACHI,OPENSOURCE_API_GRID,1094,,,,0.95,True,True,TIER2_OPENSOURCE_PURE;CONTINUOUS_MINUTE_STREAM;VERIFIED_MODEL_GRID,21ffc7ee790c7203c7db6484987671ef1eea18f33f6fe2abc588203019e1d977,2026-09-22T18:13:00+00:00,2026-09-22 23:13:00,86.3,1008.2,92
18.5,27.2,55.5,1686.4,489.6,76.2,9.5,4.4,1.1,449.9,286.3,27.7,7.8,31.6,28.1,25.59,False,4095,0.0,10.0,0.0,EXT-OPEN-METEO-KHI,KARACHI,OPENSOURCE_API_GRID,1095,,,,0.95,True,True,TIER2_OPENSOURCE_PURE;CONTINUOUS_MINUTE_STREAM;VERIFIED_MODEL_GRID,b5ed583247d9c8c1ebf826b18abceb5ab43f5c358baa3f33eab5be0373d2baab,2026-09-22T18:14:00+00:00,2026-09-22 23:14:00,86.3,1008.2,92
18.4,27.1,55.4,1680.2,487.8,75.9,9.5,4.4,1.1,449.9,285.6,27.6,7.8,31.7,28.1,25.59,False,4095,0.0,10.0,0.0,EXT-OPEN-METEO-KHI,KARACHI,OPENSOURCE_API_GRID,1096,,,,0.95,True,True,TIER2_OPENSOURCE_PURE;CONTINUOUS_MINUTE_STREAM;VERIFIED_MODEL_GRID,fd9394ad1a116d6c8ef67ade29744fdb0d70e006898c16a90db8037fa261b20a,2026-09-22T18:15:00+00:00,2026-09-22 23:15:00,86.3,1008.2,92
18.4,27.1,55.2,1680.2,487.8,75.9,9.5,4.4,1.1,449.8,284.7,27.5,7.8,31.8,28.1,25.59,False,4095,0.0,10.0,0.0,EXT-OPEN-METEO-KHI,KARACHI,OPENSOURCE_API_GRID,1097,,,,0.95,True,True,TIER2_OPENSOURCE_PURE;CONTINUOUS_MINUTE_STREAM;VERIFIED_MODEL_GRID,31b9ddf97a1606ad95fd1399e40e7eba29a029a1e759d418e8ce2232805d7974,2026-09-22T18:16:00+00:00,2026-09-22 23:16:00,86.3,1008.2,92
18.4,27.0,55.0,1674.0,486.0,75.6,9.4,4.4,1.1,449.8,283.8,27.4,7.8,31.9,28.1,25.59,False,4095,0.0,10.0,0.0,EXT-OPEN-METEO-KHI,KARACHI,OPENSOURCE_API_GRID,1098,,,,0.95,True,True,TIER2_OPENSOURCE_PURE;CONTINUOUS_MINUTE_STREAM;VERIFIED_MODEL_GRID,3107fda520a4ede45fabce4a90db62190d3f01e9de4d038f2534e821cd083bc5,2026-09-22T18:17:00+00:00,2026-09-22 23:17:00,86.3,1008.2,92
18.3,26.9,54.8,1667.8,484.2,75.3,9.4,4.4,1.1,449.8,282.9,27.2,7.8,32.0,28.0,25.5,False,4095,0.0,10.0,0.0,EXT-OPEN-METEO-KHI,KARACHI,OPENSOURCE_API_GRID,1099,,,,0.95,True,True,TIER2_OPENSOURCE_PURE;CONTINUOUS_MINUTE_STREAM;VERIFIED_MODEL_GRID,f37975a7f87b0d35408aa3c1ad03306a60260b2249066bf9b8002e8a18d8d9a7,2026-09-22T18:18:00+00:00,2026-09-22 23:18:00,86.3,1008.2,92
18.2,26.8,54.6,1661.6,482.4,75.0,9.4,4.4,1.1,449.8,282.0,27.1,7.7,32.1,28.0,25.52,False,4095,0.0,10.0,0.0,EXT-OPEN-METEO-KHI,KARACHI,OPENSOURCE_API_GRID,1100,,,,0.95,True,True,TIER2_OPENSOURCE_PURE;CONTINUOUS_MINUTE_STREAM;VERIFIED_MODEL_GRID,4d3a364d42f0eea072f641d1e2d6257499aa8a836a65c808e7c294a136a3a5c3,2026-09-22T18:19:00+00:00,2026-09-22 23:19:00,86.4,1008.2,92
18.2,26.7,54.4,1655.4,480.6,74.8,9.3,4.4,1.1,449.8,281.0,27.0,7.7,32.2,28.0,25.52,False,4095,0.0,10.0,0.0,EXT-OPEN-METEO-KHI,KARACHI,OPENSOURCE_API_GRID,1101,,,,0.95,True,True,TIER2_OPENSOURCE_PURE;CONTINUOUS_MINUTE_STREAM;VERIFIED_MODEL_GRID,077819d0dcfb04a9fe9161326d9ecb01f54a56e7121f720c5d1dcdf336090605,2026-09-22T18:20:00+00:00,2026-09-22 23:20:00,86.4,1008.1,92
18.1,26.6,54.2,1649.2,478.8,74.5,9.3,4.3,1.1,449.7,280.0,26.8,7.7,32.4,28.0,25.52,False,4095,0.0,10.0,0.0,EXT-OPEN-METEO-KHI,KARACHI,OPENSOURCE_API_GRID,1102,,,,0.95,True,True,TIER2_OPENSOURCE_PURE;CONTINUOUS_MINUTE_STREAM;VERIFIED_MODEL_GRID,4e1202e20c59a7cf06b2c26c05449f5493a3eba0bb089e858d977bd0f63acb06,2026-09-22T18:21:00+00:00,2026-09-22 23:21:00,86.4,1008.1,92
18.0,26.5,54.0,1643.0,477.0,74.2,9.3,4.3,1.1,449.7,278.9,26.7,7.7,32.5,28.0,25.54,False,4095,0.0,10.0,0.0,EXT-OPEN-METEO-KHI,KARACHI,OPENSOURCE_API_GRID,1103,,,,0.95,True,True,TIER2_OPENSOURCE_PURE;CONTINUOUS_MINUTE_STREAM;VERIFIED_MODEL_GRID,171da36bd76a13005779fb587554b89b5c57a85b7a917a02f60dd72876ea7c89,2026-09-22T18:22:00+00:00,2026-09-22 23:22:00,86.5,1008.1,92
18.0,26.4,53.8,1636.8,475.2,73.9,9.2,4.3,1.1,449.7,277.9,26.5,7.7,32.6,27.9,25.44,False,4095,0.0,10.0,0.0,EXT-OPEN-METEO-KHI,KARACHI,OPENSOURCE_API_GRID,1104,,,,0.95,True,True,TIER2_OPENSOURCE_PURE;CONTINUOUS_MINUTE_STREAM;VERIFIED_MODEL_GRID,808e42fd50567748c617f6bd48bac285e347c639a4f47db7194b4c5aab796b3a,2026-09-22T18:23:00+00:00,2026-09-22 23:23:00,86.5,1008.1,92
17.9,26.3,53.6,1630.6,473.4,73.6,9.2,4.3,1.1,449.7,276.8,26.4,7.7,32.7,27.9,25.44,False,4095,0.0,10.0,0.0,EXT-OPEN-METEO-KHI,KARACHI,OPENSOURCE_API_GRID,1105,,,,0.95,True,True,TIER2_OPENSOURCE_PURE;CONTINUOUS_MINUTE_STREAM;VERIFIED_MODEL_GRID,c87c9fec5f157d1be0ec55e1652d0670d334fbfb607f0fce2186e36586d280ba,2026-09-22T18:24:00+00:00,2026-09-22 23:24:00,86.5,1008.1,92
17.8,26.2,53.4,1624.4,471.6,73.4,9.2,4.3,1.1,449.6,275.7,26.2,7.6,32.9,27.9,25.46,False,4095,0.0,10.0,0.0,EXT-OPEN-METEO-KHI,KARACHI,OPENSOURCE_API_GRID,1106,,,,0.95,True,True,TIER2_OPENSOURCE_PURE;CONTINUOUS_MINUTE_STREAM;VERIFIED_MODEL_GRID,ab6e01fff1fa6180e803d00fc49c105caeb915090bb2efb1cdff5c62fd740147,2026-09-22T18:25:00+00:00,2026-09-22 23:25:00,86.6,1008.1,92
17.7,26.1,53.2,1618.2,469.8,73.1,9.1,4.3,1.1,449.6,274.6,26.1,7.6,33.0,27.9,25.48,False,4095,0.0,10.0,0.0,EXT-OPEN-METEO-KHI,KARACHI,OPENSOURCE_API_GRID,1107,,,,0.95,True,True,TIER2_OPENSOURCE_PURE;CONTINUOUS_MINUTE_STREAM;VERIFIED_MODEL_GRID,c9209ce621c34e6e588046837b42eac00f9474057ef56a01f35667f4e8fd835a,2026-09-22T18:26:00+00:00,2026-09-22 23:26:00,86.7,1008.1,92
17.7,26.0,53.1,1612.0,468.0,72.8,9.1,4.2,1.1,449.6,273.4,25.9,7.6,33.1,27.9,25.48,False,4095,0.0,10.0,0.0,EXT-OPEN-METEO-KHI,KARACHI,OPENSOURCE_API_GRID,1108,,,,0.95,True,True,TIER2_OPENSOURCE_PURE;CONTINUOUS_MINUTE_STREAM;VERIFIED_MODEL_GRID,d5c21614d37ddc823bd5085a3439ff2c4f30494ec29e3fdbf22db18e5cea6403,2026-09-22T18:27:00+00:00,2026-09-22 23:27:00,86.7,1008.1,92
17.7,26.0,52.9,1612.0,468.0,72.8,9.1,4.2,1.1,449.6,272.3,25.8,7.6,33.2,27.9,25.5,False,4095,0.0,10.0,0.0,EXT-OPEN-METEO-KHI,KARACHI,OPENSOURCE_API_GRID,1109,,,,0.95,True,True,TIER2_OPENSOURCE_PURE;CONTINUOUS_MINUTE_STREAM;VERIFIED_MODEL_GRID,541ee631449058615c635aea3ca936e7801f6723137b67043d6ccb84d36cd19e,2026-09-22T18:28:00+00:00,2026-09-22 23:28:00,86.8,1008.1,92
17.6,25.9,52.8,1605.8,466.2,72.5,9.1,4.2,1.1,449.5,271.2,25.6,7.6,33.4,27.9,25.5,False,4095,0.0,10.0,0.0,EXT-OPEN-METEO-KHI,KARACHI,OPENSOURCE_API_GRID,1110,,,,0.95,True,True,TIER2_OPENSOURCE_PURE;CONTINUOUS_MINUTE_STREAM;VERIFIED_MODEL_GRID,5fae0a19f60a141f60a1e14052dd0fe458406e67c3fefed981d111ab79b0e52c,2026-09-22T18:29:00+00:00,2026-09-22 23:29:00,86.8,1008.1,92
17.6,25.9,52.7,1605.8,466.2,72.5,9.1,4.2,1.1,449.5,270.0,25.4,7.5,33.5,27.9,25.51,False,4095,0.0,10.0,0.0,EXT-OPEN-METEO-KHI,KARACHI,OPENSOURCE_API_GRID,1111,,,,0.95,True,True,TIER2_OPENSOURCE_PURE;CONTINUOUS_MINUTE_STREAM;VERIFIED_MODEL_GRID,6430aaca1c082e294bf0a0cdd63d2ed4fba85fca5f21c1baecec0daa84dbf6e6,2026-09-22T18:30:00+00:00,2026-09-22 23:30:00,86.9,1008.1,92
17.5,25.8,52.5,1599.6,464.4,72.2,9.0,4.2,1.1,449.5,268.8,25.3,7.5,33.6,27.8,25.44,False,4095,0.0,10.0,0.0,EXT-OPEN-METEO-KHI,KARACHI,OPENSOURCE_API_GRID,1112,,,,0.95,True,True,TIER2_OPENSOURCE_PURE;CONTINUOUS_MINUTE_STREAM;VERIFIED_MODEL_GRID,146fcf2f4be2e7f9466a3fd0da7b1db3639e610175157ce75daac47b6eba8847,2026-09-22T18:31:00+00:00,2026-09-22 23:31:00,87.0,1008.0,92
17.5,25.8,52.4,1599.6,464.4,72.2,9.0,4.2,1.0,449.4,267.7,25.1,7.5,33.8,27.8,25.46,False,4095,0.0,10.0,0.0,EXT-OPEN-METEO-KHI,KARACHI,OPENSOURCE_API_GRID,1113,,,,0.95,True,True,TIER2_OPENSOURCE_PURE;CONTINUOUS_MINUTE_STREAM;VERIFIED_MODEL_GRID,ea22a802d80993289d906f24df879a8266611748921c9618646f702130ab5113,2026-09-22T18:32:00+00:00,2026-09-22 23:32:00,87.1,1008.0,92
17.5,25.8,52.3,1599.6,464.4,72.2,9.0,4.2,1.0,449.4,266.6,25.0,7.5,33.9,27.8,25.46,False,4095,0.0,10.0,0.0,EXT-OPEN-METEO-KHI,KARACHI,OPENSOURCE_API_GRID,1114,,,,0.95,True,True,TIER2_OPENSOURCE_PURE;CONTINUOUS_MINUTE_STREAM;VERIFIED_MODEL_GRID,d62b5eba123f5189d7bd4955ee174e424a429e27d67049172d800f97b094c312,2026-09-22T18:33:00+00:00,2026-09-22 23:33:00,87.1,1008.0,92
17.5,25.7,52.2,1593.4,462.6,72.0,9.0,4.2,1.0,449.4,265.4,24.8,7.5,34.0,27.8,25.47,False,4095,0.0,10.0,0.0,EXT-OPEN-METEO-KHI,KARACHI,OPENSOURCE_API_GRID,1115,,,,0.95,True,True,TIER2_OPENSOURCE_PURE;CONTINUOUS_MINUTE_STREAM;VERIFIED_MODEL_GRID,affd0eb1f32abfa002691a5cf5f76bd064e1ada32af489254047f310f86c61a7,2026-09-22T18:34:00+00:00,2026-09-22 23:34:00,87.2,1008.0,92
17.5,25.7,52.1,1593.4,462.6,72.0,9.0,4.2,1.0,449.4,264.3,24.7,7.5,34.1,27.8,25.49,False,4095,0.0,10.0,0.0,EXT-OPEN-METEO-KHI,KARACHI,OPENSOURCE_API_GRID,1116,,,,0.95,True,True,TIER2_OPENSOURCE_PURE;CONTINUOUS_MINUTE_STREAM;VERIFIED_MODEL_GRID,ab90660dacae734775c49257627f535e23b5b87f87b455b951cd9d102032b3cd,2026-09-22T18:35:00+00:00,2026-09-22 23:35:00,87.3,1008.0,92
17.4,25.6,51.8,1587.2,460.8,71.7,9.0,4.1,1.0,449.3,263.2,24.5,7.4,34.3,27.8,25.53,False,4095,0.0,10.0,0.0,EXT-OPEN-METEO-KHI,KARACHI,OPENSOURCE_API_GRID,1117,,,,0.95,True,True,TIER2_OPENSOURCE_PURE;CONTINUOUS_MINUTE_STREAM;VERIFIED_MODEL_GRID,16f1e2cd6bb908f71ec3d51fe92495e8520c8d6539fe2f5dbb26e1f4bebf11eb,2026-09-22T18:36:00+00:00,2026-09-22 23:36:00,87.5,1008.0,92
17.3,25.5,51.8,1581.0,459.0,71.4,8.9,4.1,1.0,449.3,262.1,24.4,7.4,34.4,27.8,25.53,False,4095,0.0,10.0,0.0,EXT-OPEN-METEO-KHI,KARACHI,OPENSOURCE_API_GRID,1118,,,,0.95,True,True,TIER2_OPENSOURCE_PURE;CONTINUOUS_MINUTE_STREAM;VERIFIED_MODEL_GRID,a8910f249d9c85212771289ebbf3a9f82d8a2a8ce0de173bf8598a5f39376710,2026-09-22T18:37:00+00:00,2026-09-22 23:37:00,87.5,1008.0,92
17.3,25.5,51.7,1581.0,459.0,71.4,8.9,4.1,1.0,449.3,261.1,24.2,7.4,34.5,27.8,25.53,False,4095,0.0,10.0,0.0,EXT-OPEN-METEO-KHI,KARACHI,OPENSOURCE_API_GRID,1119,,,,0.95,True,True,TIER2_OPENSOURCE_PURE;CONTINUOUS_MINUTE_STREAM;VERIFIED_MODEL_GRID,3073e84c87f80da5ba5342cfbe4dd9e4e44c57b80c0f17b0a4732a1ff30847ba,2026-09-22T18:38:00+00:00,2026-09-22 23:38:00,87.5,1008.0,92
17.3,25.5,51.6,1581.0,459.0,71.4,8.9,4.1,1.0,449.3,260.0,24.1,7.4,34.6,27.8,25.55,False,4095,0.0,10.0,0.0,EXT-OPEN-METEO-KHI,KARACHI,OPENSOURCE_API_GRID,1120,,,,0.95,True,True,TIER2_OPENSOURCE_PURE;CONTINUOUS_MINUTE_STREAM;VERIFIED_MODEL_GRID,06db1d035a676028afe28ba0bd5a3008dcd4249b531924eb0934674de1e91d00,2026-09-22T18:39:00+00:00,2026-09-22 23:39:00,87.6,1008.0,92
17.3,25.5,51.5,1581.0,459.0,71.4,8.9,4.1,1.0,449.2,259.0,23.9,7.4,34.8,27.8,25.55,False,4095,0.0,10.0,0.0,EXT-OPEN-METEO-KHI,KARACHI,OPENSOURCE_API_GRID,1121,,,,0.95,True,True,TIER2_OPENSOURCE_PURE;CONTINUOUS_MINUTE_STREAM;VERIFIED_MODEL_GRID,b99ff764eb4b588b3d4cbc4c111ca02bc9675c5cd28c3865605b0a7240daac42,2026-09-22T18:40:00+00:00,2026-09-22 23:40:00,87.6,1008.0,92
17.3,25.4,51.3,1574.8,457.2,71.1,8.9,4.1,1.0,449.2,258.0,23.8,7.4,34.9,27.8,25.55,False,4095,0.0,10.0,0.0,EXT-OPEN-METEO-KHI,KARACHI,OPENSOURCE_API_GRID,1122,,,,0.95,True,True,TIER2_OPENSOURCE_PURE;CONTINUOUS_MINUTE_STREAM;VERIFIED_MODEL_GRID,dadea75717eb07220bb15fc6b399c23515bacc4dff7372574040153d0813ca03,2026-09-22T18:41:00+00:00,2026-09-22 23:41:00,87.6,1008.0,92
17.3,25.4,51.2,1574.8,457.2,71.1,8.9,4.1,1.0,449.2,257.1,23.7,7.3,35.0,27.8,25.57,False,4095,0.0,10.0,0.0,EXT-OPEN-METEO-KHI,KARACHI,OPENSOURCE_API_GRID,1123,,,,0.95,True,True,TIER2_OPENSOURCE_PURE;CONTINUOUS_MINUTE_STREAM;VERIFIED_MODEL_GRID,45ec822f2c388e996931100e28ebaae272e19b5a96cc4edf114e4f81a6759011,2026-09-22T18:42:00+00:00,2026-09-22 23:42:00,87.7,1008.0,92
17.2,25.3,51.1,1568.6,455.4,70.8,8.9,4.1,1.0,449.2,256.2,23.5,7.3,35.1,27.8,25.57,False,4095,0.0,10.0,0.0,EXT-OPEN-METEO-KHI,KARACHI,OPENSOURCE_API_GRID,1124,,,,0.95,True,True,TIER2_OPENSOURCE_PURE;CONTINUOUS_MINUTE_STREAM;VERIFIED_MODEL_GRID,c2355a2b0f25a4167df6be291d6ca20117d0ebbabeb257664d9f5dd2de9acf90,2026-09-22T18:43:00+00:00,2026-09-22 23:43:00,87.7,1008.0,92
17.2,25.3,51.0,1568.6,455.4,70.8,8.9,4.1,1.0,449.2,255.3,23.4,7.3,35.2,27.8,25.57,False,4095,0.0,10.0,0.0,EXT-OPEN-METEO-KHI,KARACHI,OPENSOURCE_API_GRID,1125,,,,0.95,True,True,TIER2_OPENSOURCE_PURE;CONTINUOUS_MINUTE_STREAM;VERIFIED_MODEL_GRID,3e090c791e93ccce040ea8982591ca8bf54a8ca820aa59f5d34552e787f998bc,2026-09-22T18:44:00+00:00,2026-09-22 23:44:00,87.7,1008.0,92
17.1,25.2,50.8,1562.4,453.6,70.6,8.8,4.1,1.0,449.1,254.4,23.3,7.3,35.3,27.8,25.57,False,4095,0.0,10.0,0.0,EXT-OPEN-METEO-KHI,KARACHI,OPENSOURCE_API_GRID,1126,,,,0.95,True,True,TIER2_OPENSOURCE_PURE;CONTINUOUS_MINUTE_STREAM;VERIFIED_MODEL_GRID,21aabddd4c9f77a11c316f996e4baf8fce0a4ed89b9662deef68a5a3be281fe4,2026-09-22T18:45:00+00:00,2026-09-22 23:45:00,87.7,1008.0,92
17.1,25.1,50.7,1556.2,451.8,70.3,8.8,4.1,1.0,449.1,253.7,23.2,7.3,35.4,27.8,25.57,False,4095,0.0,10.0,0.0,EXT-OPEN-METEO-KHI,KARACHI,OPENSOURCE_API_GRID,1127,,,,0.95,True,True,TIER2_OPENSOURCE_PURE;CONTINUOUS_MINUTE_STREAM;VERIFIED_MODEL_GRID,b8b35e35a2fb4e8e02e4251dbba9a6913418b9a14fc6607264165786182278ea,2026-09-22T18:46:00+00:00,2026-09-22 23:46:00,87.7,1008.0,92
17.0,25.0,50.5,1550.0,450.0,70.0,8.8,4.0,1.0,449.1,252.9,23.1,7.3,35.4,27.8,25.57,False,4095,0.0,10.0,0.0,EXT-OPEN-METEO-KHI,KARACHI,OPENSOURCE_API_GRID,1128,,,,0.95,True,True,TIER2_OPENSOURCE_PURE;CONTINUOUS_MINUTE_STREAM;VERIFIED_MODEL_GRID,81d03db8964b25ee3e8884da4069bdc0babaac0314e0376eec9cb23e595d2dda,2026-09-22T18:47:00+00:00,2026-09-22 23:47:00,87.7,1008.0,92
17.0,25.0,50.4,1550.0,450.0,70.0,8.8,4.0,1.0,449.1,252.2,23.0,7.3,35.5,27.8,25.57,False,4095,0.0,10.0,0.0,EXT-OPEN-METEO-KHI,KARACHI,OPENSOURCE_API_GRID,1129,,,,0.95,True,True,TIER2_OPENSOURCE_PURE;CONTINUOUS_MINUTE_STREAM;VERIFIED_MODEL_GRID,6c3d7624b0b70809e636f67879be34d8c32cc5ceb6dfcf7941170f141c71611e,2026-09-22T18:48:00+00:00,2026-09-22 23:48:00,87.7,1007.9,92
16.9,24.9,50.2,1543.8,448.2,69.7,8.7,4.0,1.0,449.1,251.5,22.9,7.3,35.6,27.8,25.59,False,4095,0.0,10.0,0.0,EXT-OPEN-METEO-KHI,KARACHI,OPENSOURCE_API_GRID,1130,,,,0.95,True,True,TIER2_OPENSOURCE_PURE;CONTINUOUS_MINUTE_STREAM;VERIFIED_MODEL_GRID,bd75df6c61f0c80dc7f72a8c5142746b30f62008d5832b847273778853963813,2026-09-22T18:49:00+00:00,2026-09-22 23:49:00,87.8,1007.9,92
16.9,24.8,50.0,1537.6,446.4,69.4,8.7,4.0,1.0,449.1,250.9,22.8,7.2,35.7,27.7,25.49,False,4095,0.0,10.0,0.0,EXT-OPEN-METEO-KHI,KARACHI,OPENSOURCE_API_GRID,1131,,,,0.95,True,True,TIER2_OPENSOURCE_PURE;CONTINUOUS_MINUTE_STREAM;VERIFIED_MODEL_GRID,3768648cbcf7f19739ba6bc306b9feb3ae273b371c26f32039fc646842b35625,2026-09-22T18:50:00+00:00,2026-09-22 23:50:00,87.8,1007.9,92
16.8,24.7,49.9,1531.4,444.6,69.2,8.6,4.0,1.0,449.1,250.4,22.7,7.2,35.7,27.7,25.49,False,4095,0.0,10.0,0.0,EXT-OPEN-METEO-KHI,KARACHI,OPENSOURCE_API_GRID,1132,,,,0.95,True,True,TIER2_OPENSOURCE_PURE;CONTINUOUS_MINUTE_STREAM;VERIFIED_MODEL_GRID,9c980316425879ef10f01b70dff138599834aa51c81fb0faec013950e1f91340,2026-09-22T18:51:00+00:00,2026-09-22 23:51:00,87.8,1007.9,92
16.7,24.6,49.8,1525.2,442.8,68.9,8.6,4.0,1.0,449.0,249.9,22.7,7.2,35.8,27.7,25.49,False,4095,0.0,10.0,0.0,EXT-OPEN-METEO-KHI,KARACHI,OPENSOURCE_API_GRID,1133,,,,0.95,True,True,TIER2_OPENSOURCE_PURE;CONTINUOUS_MINUTE_STREAM;VERIFIED_MODEL_GRID,10fc5421947dd11041fe5a892a6acc0b15c96904766cda574acc7e9234b58623,2026-09-22T18:52:00+00:00,2026-09-22 23:52:00,87.8,1007.9,92
16.7,24.6,49.6,1525.2,442.8,68.9,8.6,4.0,1.0,449.0,249.5,22.6,7.2,35.8,27.7,25.49,False,4095,0.0,10.0,0.0,EXT-OPEN-METEO-KHI,KARACHI,OPENSOURCE_API_GRID,1134,,,,0.95,True,True,TIER2_OPENSOURCE_PURE;CONTINUOUS_MINUTE_STREAM;VERIFIED_MODEL_GRID,f63a1e6b86827afb62f20121d76c7921bb1526973db5880056e260814c483fce,2026-09-22T18:53:00+00:00,2026-09-22 23:53:00,87.8,1007.9,92
16.7,24.5,49.5,1519.0,441.0,68.6,8.6,4.0,1.0,449.0,249.1,22.5,7.2,35.9,27.7,25.49,False,4095,0.0,10.0,0.0,EXT-OPEN-METEO-KHI,KARACHI,OPENSOURCE_API_GRID,1135,,,,0.95,True,True,TIER2_OPENSOURCE_PURE;CONTINUOUS_MINUTE_STREAM;VERIFIED_MODEL_GRID,3d2405063bff82858d5b8c77facc2a113ac47c90b2bab361d68f005dcc68026c,2026-09-22T18:54:00+00:00,2026-09-22 23:54:00,87.8,1007.9,92
16.7,24.5,49.4,1519.0,441.0,68.6,8.6,4.0,1.0,449.0,248.7,22.5,7.2,35.9,27.7,25.49,False,4095,0.0,10.0,0.0,EXT-OPEN-METEO-KHI,KARACHI,OPENSOURCE_API_GRID,1136,,,,0.95,True,True,TIER2_OPENSOURCE_PURE;CONTINUOUS_MINUTE_STREAM;VERIFIED_MODEL_GRID,0458f1e9be875bf44a6688e2ed5207b5da242d68eba985283667265c0f3471d5,2026-09-22T18:55:00+00:00,2026-09-22 23:55:00,87.8,1007.9,92
16.6,24.4,49.4,1512.8,439.2,68.3,8.5,4.0,1.0,449.0,248.5,22.5,7.2,35.9,27.7,25.49,False,4095,0.0,10.0,0.0,EXT-OPEN-METEO-KHI,KARACHI,OPENSOURCE_API_GRID,1137,,,,0.95,True,True,TIER2_OPENSOURCE_PURE;CONTINUOUS_MINUTE_STREAM;VERIFIED_MODEL_GRID,4f7830a7488b83f56ce698a002304a2cae273ef35d1bbe93c6a67ad32b23c15b,2026-09-22T18:56:00+00:00,2026-09-22 23:56:00,87.8,1007.9,92
16.6,24.4,49.3,1512.8,439.2,68.3,8.5,3.9,1.0,449.0,248.3,22.4,7.2,36.0,27.7,25.49,False,4095,0.0,10.0,0.0,EXT-OPEN-METEO-KHI,KARACHI,OPENSOURCE_API_GRID,1138,,,,0.95,True,True,TIER2_OPENSOURCE_PURE;CONTINUOUS_MINUTE_STREAM;VERIFIED_MODEL_GRID,c8509b5cd45de2300f4a30c897deeccbbec8b991ac04f966d5d048284b135453,2026-09-22T18:57:00+00:00,2026-09-22 23:57:00,87.8,1007.9,92
16.6,24.4,49.3,1512.8,439.2,68.3,8.5,3.9,1.0,449.0,248.1,22.4,7.2,36.0,27.7,25.51,False,4095,0.0,10.0,0.0,EXT-OPEN-METEO-KHI,KARACHI,OPENSOURCE_API_GRID,1139,,,,0.95,True,True,TIER2_OPENSOURCE_PURE;CONTINUOUS_MINUTE_STREAM;VERIFIED_MODEL_GRID,a65048c774a927ab58ef872eff8fa1a18d339ef51690057fa0da3b24295f8abe,2026-09-22T18:58:00+00:00,2026-09-22 23:58:00,87.9,1007.9,92
16.6,24.4,49.3,1512.8,439.2,68.3,8.5,3.9,1.0,449.0,248.0,22.4,7.2,36.0,27.7,25.51,False,4095,0.0,10.0,0.0,EXT-OPEN-METEO-KHI,KARACHI,OPENSOURCE_API_GRID,1140,,,,0.95,True,True,TIER2_OPENSOURCE_PURE;CONTINUOUS_MINUTE_STREAM;VERIFIED_MODEL_GRID,4a69ca4ea7d689d74f3c91f3783ec227776536592a1743087a89f9251726132f,2026-09-22T18:59:00+00:00,2026-09-22 23:59:00,87.9,1007.9,92
16.6,24.4,49.4,1512.8,439.2,68.3,8.5,4.0,1.0,449.0,248.0,22.4,7.2,36.0,27.7,25.51,False,4095,0.0,10.0,0.0,EXT-OPEN-METEO-KHI,KARACHI,OPENSOURCE_API_GRID,1141,,,,0.95,True,False,TIER2_OPENSOURCE_PURE;HOURLY_NODE;VERIFIED_MODEL_GRID,706f6cd0386428a90b6fd5074da9a043ff10215ec799e037a7670b64db2cde12,2026-09-22T19:00:00+00:00,2026-09-23 00:00:00,87.9,1007.9,92
16.7,24.5,49.4,1519.0,441.0,68.6,8.6,4.0,1.0,449.0,248.0,22.4,7.2,36.0,27.7,25.51,False,4095,0.0,10.0,0.0,EXT-OPEN-METEO-KHI,KARACHI,OPENSOURCE_API_GRID,1142,,,,0.95,True,True,TIER2_OPENSOURCE_PURE;CONTINUOUS_MINUTE_STREAM;VERIFIED_MODEL_GRID,a5ac613a95e86c98acc7514f260abda55f2c7329bfa80ffe669a65c7822d71e4,2026-09-22T19:01:00+00:00,2026-09-23 00:01:00,87.9,1007.9,92
16.7,24.5,49.4,1519.0,441.0,68.6,8.6,4.0,1.0,449.0,247.9,22.4,7.2,36.0,27.7,25.51,False,4095,0.0,10.0,0.0,EXT-OPEN-METEO-KHI,KARACHI,OPENSOURCE_API_GRID,1143,,,,0.95,True,True,TIER2_OPENSOURCE_PURE;CONTINUOUS_MINUTE_STREAM;VERIFIED_MODEL_GRID,245b77bfd757d8a25947b2b9b85b65e0dc8e5bff6277ead5d5ee95caf916ea0a,2026-09-22T19:02:00+00:00,2026-09-23 00:02:00,87.9,1007.9,92
16.7,24.5,49.5,1519.0,441.0,68.6,8.6,4.0,1.0,449.0,247.7,22.4,7.2,36.0,27.7,25.53,False,4095,0.0,10.0,0.0,EXT-OPEN-METEO-KHI,KARACHI,OPENSOURCE_API_GRID,1144,,,,0.95,True,True,TIER2_OPENSOURCE_PURE;CONTINUOUS_MINUTE_STREAM;VERIFIED_MODEL_GRID,06d5395c72ca43be538b21a20173731b3039c8792ab5de908f094ab55405875a,2026-09-22T19:03:00+00:00,2026-09-23 00:03:00,88.0,1007.9,92
16.7,24.6,49.5,1525.2,442.8,68.9,8.6,4.0,1.0,449.0,247.5,22.3,7.2,36.1,27.7,25.53,False,4095,0.0,10.0,0.0,EXT-OPEN-METEO-KHI,KARACHI,OPENSOURCE_API_GRID,1145,,,,0.95,True,True,TIER2_OPENSOURCE_PURE;CONTINUOUS_MINUTE_STREAM;VERIFIED_MODEL_GRID,ca6a63d92831f2dac2809f9a73b98fc4914d98fe9f2b52a64e32e2d868534951,2026-09-22T19:04:00+00:00,2026-09-23 00:04:00,88.0,1007.9,92
16.7,24.6,49.5,1525.2,442.8,68.9,8.6,4.0,1.0,449.0,247.2,22.3,7.2,36.1,27.7,25.53,False,4095,0.0,10.0,0.0,EXT-OPEN-METEO-KHI,KARACHI,OPENSOURCE_API_GRID,1146,,,,0.95,True,True,TIER2_OPENSOURCE_PURE;CONTINUOUS_MINUTE_STREAM;VERIFIED_MODEL_GRID,8488c056356507cc3d9fb2679f6a5a73cd0a72847e446e746927518ebfec8a5f,2026-09-22T19:05:00+00:00,2026-09-23 00:05:00,88.0,1007.9,92
16.7,24.6,49.6,1525.2,442.8,68.9,8.6,4.0,1.0,449.0,246.8,22.2,7.2,36.1,27.7,25.55,False,4095,0.0,10.0,0.0,EXT-OPEN-METEO-KHI,KARACHI,OPENSOURCE_API_GRID,1147,,,,0.95,True,True,TIER2_OPENSOURCE_PURE;CONTINUOUS_MINUTE_STREAM;VERIFIED_MODEL_GRID,8ba02e7dbc5dafe989e3cbb683f290574ed19c1ea5559b3650ab96fa938d04f3,2026-09-22T19:06:00+00:00,2026-09-23 00:06:00,88.1,1007.9,92
16.7,24.5,49.4,1519.0,441.0,68.6,8.6,4.0,1.0,449.0,246.4,22.2,7.2,36.2,27.7,25.57,False,4095,0.0,10.0,0.0,EXT-OPEN-METEO-KHI,KARACHI,OPENSOURCE_API_GRID,1148,,,,0.95,True,True,TIER2_OPENSOURCE_PURE;CONTINUOUS_MINUTE_STREAM;VERIFIED_MODEL_GRID,25ea76ff1d3877df7084248d78c743470e0e73191ee8326a20a382d9e41220ca,2026-09-22T19:07:00+00:00,2026-09-23 00:07:00,88.2,1007.9,92
16.7,24.5,49.4,1519.0,441.0,68.6,8.6,4.0,1.0,449.0,246.0,22.1,7.2,36.3,27.7,25.57,False,4095,0.0,10.0,0.0,EXT-OPEN-METEO-KHI,KARACHI,OPENSOURCE_API_GRID,1149,,,,0.95,True,True,TIER2_OPENSOURCE_PURE;CONTINUOUS_MINUTE_STREAM;VERIFIED_MODEL_GRID,0a4e825d825ad5a611bef095e3b84735e6e2152d71ccd8b5739bfc37eb22ee06,2026-09-22T19:08:00+00:00,2026-09-23 00:08:00,88.2,1007.9,92
16.7,24.5,49.4,1519.0,441.0,68.6,8.6,4.0,1.0,449.0,245.4,22.1,7.2,36.3,27.7,25.57,False,4095,0.0,10.0,0.0,EXT-OPEN-METEO-KHI,KARACHI,OPENSOURCE_API_GRID,1150,,,,0.95,True,True,TIER2_OPENSOURCE_PURE;CONTINUOUS_MINUTE_STREAM;VERIFIED_MODEL_GRID,849436a8b85cb335bcc24199590dfc7c5fc4498600f58ce3b9a4a409ca035e75,2026-09-22T19:09:00+00:00,2026-09-23 00:09:00,88.2,1007.9,92
16.7,24.5,49.4,1519.0,441.0,68.6,8.6,4.0,1.0,449.0,244.9,22.0,7.1,36.4,27.7,25.57,False,4095,0.0,10.0,0.0,EXT-OPEN-METEO-KHI,KARACHI,OPENSOURCE_API_GRID,1151,,,,0.95,True,True,TIER2_OPENSOURCE_PURE;CONTINUOUS_MINUTE_STREAM;VERIFIED_MODEL_GRID,0794a20251921431efc7c1b911c39607203c7cd55ab80ed5fcd68783972d6e88,2026-09-22T19:10:00+00:00,2026-09-23 00:10:00,88.2,1007.9,92
16.7,24.5,49.3,1519.0,441.0,68.6,8.6,3.9,1.0,449.0,244.2,21.9,7.1,36.5,27.7,25.57,False,4095,0.0,10.0,0.0,EXT-OPEN-METEO-KHI,KARACHI,OPENSOURCE_API_GRID,1152,,,,0.95,True,True,TIER2_OPENSOURCE_PURE;CONTINUOUS_MINUTE_STREAM;VERIFIED_MODEL_GRID,5aecffee7d00deb1362f52847a9c66f353e654943bdbe31c900329d296b401a0,2026-09-22T19:11:00+00:00,2026-09-23 00:11:00,88.2,1007.9,92
16.7,24.5,49.3,1519.0,441.0,68.6,8.6,3.9,1.0,449.0,243.5,21.8,7.1,36.6,27.7,25.57,False,4095,0.0,10.0,0.0,EXT-OPEN-METEO-KHI,KARACHI,OPENSOURCE_API_GRID,1153,,,,0.95,True,True,TIER2_OPENSOURCE_PURE;CONTINUOUS_MINUTE_STREAM;VERIFIED_MODEL_GRID,84ede42ab226b5ecfa0773d266f491af0de8fbce1a3c6dc24837b734f537dff8,2026-09-22T19:12:00+00:00,2026-09-23 00:12:00,88.2,1007.9,92
16.7,24.5,49.2,1519.0,441.0,68.6,8.6,3.9,1.0,449.0,242.8,21.7,7.1,36.7,27.7,25.57,False,4095,0.0,10.0,0.0,EXT-OPEN-METEO-KHI,KARACHI,OPENSOURCE_API_GRID,1154,,,,0.95,True,True,TIER2_OPENSOURCE_PURE;CONTINUOUS_MINUTE_STREAM;VERIFIED_MODEL_GRID,4605357f85fa7f18f721358b8440221930a27b54d30d115188402728f39b0361,2026-09-22T19:13:00+00:00,2026-09-23 00:13:00,88.2,1007.9,92
16.7,24.5,49.1,1519.0,441.0,68.6,8.6,3.9,1.0,449.0,242.0,21.6,7.1,36.8,27.7,25.57,False,4095,0.0,10.0,0.0,EXT-OPEN-METEO-KHI,KARACHI,OPENSOURCE_API_GRID,1155,,,,0.95,True,True,TIER2_OPENSOURCE_PURE;CONTINUOUS_MINUTE_STREAM;VERIFIED_MODEL_GRID,186ad86c29de3e1b407022b9176e59586caef304585e56890d81d93acc347647,2026-09-22T19:14:00+00:00,2026-09-23 00:14:00,88.2,1007.9,92
16.6,24.4,49.0,1512.8,439.2,68.3,8.5,3.9,1.0,449.0,241.1,21.5,7.1,36.9,27.7,25.57,False,4095,0.0,10.0,0.0,EXT-OPEN-METEO-KHI,KARACHI,OPENSOURCE_API_GRID,1156,,,,0.95,True,True,TIER2_OPENSOURCE_PURE;CONTINUOUS_MINUTE_STREAM;VERIFIED_MODEL_GRID,b905358f1d6e6159253e238cdc86f3d7108dd1cc25d283cd61c569614543ee01,2026-09-22T19:15:00+00:00,2026-09-23 00:15:00,88.2,1007.9,92
16.6,24.4,48.8,1512.8,439.2,68.3,8.5,3.9,1.0,449.0,240.2,21.3,7.1,37.0,27.7,25.57,False,4095,0.0,10.0,0.0,EXT-OPEN-METEO-KHI,KARACHI,OPENSOURCE_API_GRID,1157,,,,0.95,True,True,TIER2_OPENSOURCE_PURE;CONTINUOUS_MINUTE_STREAM;VERIFIED_MODEL_GRID,0f824fb02c73dd978e932185762d0ec56cf4411913a39e42d242474e2e925997,2026-09-22T19:16:00+00:00,2026-09-23 00:16:00,88.2,1007.9,92
16.5,24.3,48.7,1506.6,437.4,68.0,8.5,3.9,1.0,449.0,239.3,21.2,7.0,37.1,27.7,25.57,False,4095,0.0,10.0,0.0,EXT-OPEN-METEO-KHI,KARACHI,OPENSOURCE_API_GRID,1158,,,,0.95,True,True,TIER2_OPENSOURCE_PURE;CONTINUOUS_MINUTE_STREAM;VERIFIED_MODEL_GRID,b6d96ea808c2eafbe5ae47df1213afd42b96e7470b464451cd4a013713be029a,2026-09-22T19:17:00+00:00,2026-09-23 00:17:00,88.2,1007.9,92
16.5,24.2,48.5,1500.4,435.6,67.8,8.5,3.9,1.0,449.0,238.3,21.1,7.0,37.2,27.7,25.57,False,4095,0.0,10.0,0.0,EXT-OPEN-METEO-KHI,KARACHI,OPENSOURCE_API_GRID,1159,,,,0.95,True,True,TIER2_OPENSOURCE_PURE;CONTINUOUS_MINUTE_STREAM;VERIFIED_MODEL_GRID,4e4c82cb45c3cf275391ebdc93672fef411a2c64eacd2dd12b718d72f4931497,2026-09-22T19:18:00+00:00,2026-09-23 00:18:00,88.2,1007.9,92
16.4,24.1,48.3,1494.2,433.8,67.5,8.4,3.9,1.0,449.0,237.3,20.9,7.0,37.4,27.7,25.57,False,4095,0.0,10.0,0.0,EXT-OPEN-METEO-KHI,KARACHI,OPENSOURCE_API_GRID,1160,,,,0.95,True,True,TIER2_OPENSOURCE_PURE;CONTINUOUS_MINUTE_STREAM;VERIFIED_MODEL_GRID,a566f707982fb0f723a86726cd7c541b65b1a7f274548d74b91165b87dac7958,2026-09-22T19:19:00+00:00,2026-09-23 00:19:00,88.2,1007.9,92
16.3,24.0,48.1,1488.0,432.0,67.2,8.4,3.8,1.0,449.0,236.2,20.8,7.0,37.5,27.7,25.57,False,4095,0.0,10.0,0.0,EXT-OPEN-METEO-KHI,KARACHI,OPENSOURCE_API_GRID,1161,,,,0.95,True,True,TIER2_OPENSOURCE_PURE;CONTINUOUS_MINUTE_STREAM;VERIFIED_MODEL_GRID,c2a1855d1f1bc817cab8ae2f2a166a62397cccac0c21ee16344286416707318b,2026-09-22T19:20:00+00:00,2026-09-23 00:20:00,88.2,1007.9,92
16.3,23.9,47.9,1481.8,430.2,66.9,8.4,3.8,1.0,449.0,235.2,20.7,7.0,37.6,27.7,25.57,False,4095,0.0,10.0,0.0,EXT-OPEN-METEO-KHI,KARACHI,OPENSOURCE_API_GRID,1162,,,,0.95,True,True,TIER2_OPENSOURCE_PURE;CONTINUOUS_MINUTE_STREAM;VERIFIED_MODEL_GRID,f07bec6c1b3435276c917bcfdfd3ac7e429c258e0b45db307aee4e83cf7f4952,2026-09-22T19:21:00+00:00,2026-09-23 00:21:00,88.2,1007.9,92
16.2,23.8,47.7,1475.6,428.4,66.6,8.3,3.8,1.0,449.0,234.1,20.5,6.9,37.8,27.6,25.47,False,4095,0.0,10.0,0.0,EXT-OPEN-METEO-KHI,KARACHI,OPENSOURCE_API_GRID,1163,,,,0.95,True,True,TIER2_OPENSOURCE_PURE;CONTINUOUS_MINUTE_STREAM;VERIFIED_MODEL_GRID,54525c654534274b115a597d6644fa5d64ec26b50fbee43c5e3f930c5a72409b,2026-09-22T19:22:00+00:00,2026-09-23 00:22:00,88.2,1007.9,92
16.1,23.7,47.5,1469.4,426.6,66.4,8.3,3.8,1.0,449.0,232.9,20.3,6.9,37.9,27.6,25.47,False,4095,0.0,10.0,0.0,EXT-OPEN-METEO-KHI,KARACHI,OPENSOURCE_API_GRID,1164,,,,0.95,True,True,TIER2_OPENSOURCE_PURE;CONTINUOUS_MINUTE_STREAM;VERIFIED_MODEL_GRID,ed6065c34e1bb46f90c9c52166e5e6cd8f725d307e5d1e02e112c33d51db8853,2026-09-22T19:23:00+00:00,2026-09-23 00:23:00,88.2,1007.9,92
16.0,23.6,47.3,1463.2,424.8,66.1,8.3,3.8,0.9,449.0,231.8,20.2,6.9,38.1,27.6,25.47,False,4095,0.0,10.0,0.0,EXT-OPEN-METEO-KHI,KARACHI,OPENSOURCE_API_GRID,1165,,,,0.95,True,True,TIER2_OPENSOURCE_PURE;CONTINUOUS_MINUTE_STREAM;VERIFIED_MODEL_GRID,d106ef91c7b783842087ad8707e0f24034560c0f4adc820003dcd78a666bceb4,2026-09-22T19:24:00+00:00,2026-09-23 00:24:00,88.2,1007.9,92
16.0,23.5,47.1,1457.0,423.0,65.8,8.2,3.8,0.9,449.0,230.6,20.0,6.9,38.2,27.6,25.47,False,4095,0.0,10.0,0.0,EXT-OPEN-METEO-KHI,KARACHI,OPENSOURCE_API_GRID,1166,,,,0.95,True,True,TIER2_OPENSOURCE_PURE;CONTINUOUS_MINUTE_STREAM;VERIFIED_MODEL_GRID,d869b0e29f9004e06d04204eb53513ba0999a757fbfd179a79828747a511560a,2026-09-22T19:25:00+00:00,2026-09-23 00:25:00,88.2,1007.9,92
15.9,23.4,46.9,1450.8,421.2,65.5,8.2,3.8,0.9,449.0,229.4,19.9,6.8,38.4,27.6,25.47,False,4095,0.0,10.0,0.0,EXT-OPEN-METEO-KHI,KARACHI,OPENSOURCE_API_GRID,1167,,,,0.95,True,True,TIER2_OPENSOURCE_PURE;CONTINUOUS_MINUTE_STREAM;VERIFIED_MODEL_GRID,b9e7590f56445fabff83df37995550c589f37a69a556cc361305e49f05a6f185,2026-09-22T19:26:00+00:00,2026-09-23 00:26:00,88.2,1007.9,92
15.8,23.3,46.7,1444.6,419.4,65.2,8.2,3.7,0.9,449.0,228.2,19.7,6.8,38.5,27.6,25.49,False,4095,0.0,10.0,0.0,EXT-OPEN-METEO-KHI,KARACHI,OPENSOURCE_API_GRID,1168,,,,0.95,True,True,TIER2_OPENSOURCE_PURE;CONTINUOUS_MINUTE_STREAM;VERIFIED_MODEL_GRID,55999e03eb3b47008dfd352f4caf597b990a4ccfa5cf6c10e452dca03aaf7007,2026-09-22T19:27:00+00:00,2026-09-23 00:27:00,88.3,1007.9,92
15.8,23.2,46.5,1438.4,417.6,65.0,8.1,3.7,0.9,449.0,227.0,19.5,6.8,38.7,27.6,25.49,False,4095,0.0,10.0,0.0,EXT-OPEN-METEO-KHI,KARACHI,OPENSOURCE_API_GRID,1169,,,,0.95,True,True,TIER2_OPENSOURCE_PURE;CONTINUOUS_MINUTE_STREAM;VERIFIED_MODEL_GRID,2246a733b73faa4a7c80be1749b900f3c3d8c39e186d35dafe4cdef2fba128f3,2026-09-22T19:28:00+00:00,2026-09-23 00:28:00,88.3,1007.9,92
15.8,23.2,46.4,1438.4,417.6,65.0,8.1,3.7,0.9,449.0,225.7,19.4,6.8,38.8,27.6,25.49,False,4095,0.0,10.0,0.0,EXT-OPEN-METEO-KHI,KARACHI,OPENSOURCE_API_GRID,1170,,,,0.95,True,True,TIER2_OPENSOURCE_PURE;CONTINUOUS_MINUTE_STREAM;VERIFIED_MODEL_GRID,3c29c80ef589cd192e9a4f32de7c6b30ab24baf5e7f79d936851000a72a738fc,2026-09-22T19:29:00+00:00,2026-09-23 00:29:00,88.3,1007.9,92
15.7,23.1,46.2,1432.2,415.8,64.7,8.1,3.7,0.9,449.0,224.5,19.2,6.8,39.0,27.6,25.51,False,4095,0.0,10.0,0.0,EXT-OPEN-METEO-KHI,KARACHI,OPENSOURCE_API_GRID,1171,,,,0.95,True,True,TIER2_OPENSOURCE_PURE;CONTINUOUS_MINUTE_STREAM;VERIFIED_MODEL_GRID,62d6d4d9d112c9188d726dfd055d62f63aa34dfe4c6e81849d9e04c4f433bf64,2026-09-22T19:30:00+00:00,2026-09-23 00:30:00,88.4,1007.9,92
15.7,23.1,46.1,1432.2,415.8,64.7,8.1,3.7,0.9,449.0,223.3,19.0,6.7,39.2,27.5,25.41,False,4095,0.0,10.0,0.0,EXT-OPEN-METEO-KHI,KARACHI,OPENSOURCE_API_GRID,1172,,,,0.95,True,True,TIER2_OPENSOURCE_PURE;CONTINUOUS_MINUTE_STREAM;VERIFIED_MODEL_GRID,ecea22e8f56a9e271a451724b23370009641dfd18efec86e3917d0cbdbee40e7,2026-09-22T19:31:00+00:00,2026-09-23 00:31:00,88.4,1007.9,92
15.6,23.0,46.0,1426.0,414.0,64.4,8.0,3.7,0.9,449.0,222.0,18.9,6.7,39.3,27.5,25.43,False,4095,0.0,10.0,0.0,EXT-OPEN-METEO-KHI,KARACHI,OPENSOURCE_API_GRID,1173,,,,0.95,True,True,TIER2_OPENSOURCE_PURE;CONTINUOUS_MINUTE_STREAM;VERIFIED_MODEL_GRID,b8bfdf9db69aa895013eacae58b3868cb46b286bb5603fc75ee8556c18d89e1d,2026-09-22T19:32:00+00:00,2026-09-23 00:32:00,88.5,1007.9,92
15.6,23.0,45.9,1426.0,414.0,64.4,8.0,3.7,0.9,449.0,220.8,18.7,6.7,39.5,27.5,25.43,False,4095,0.0,10.0,0.0,EXT-OPEN-METEO-KHI,KARACHI,OPENSOURCE_API_GRID,1174,,,,0.95,True,True,TIER2_OPENSOURCE_PURE;CONTINUOUS_MINUTE_STREAM;VERIFIED_MODEL_GRID,6ea3f9015b07ed9f089c6719df190a345553eed0e903c14306fcf08ff78d1b5e,2026-09-22T19:33:00+00:00,2026-09-23 00:33:00,88.5,1007.9,92
15.6,23.0,45.8,1426.0,414.0,64.4,8.0,3.7,0.9,449.0,219.6,18.5,6.7,39.6,27.5,25.45,False,4095,0.0,10.0,0.0,EXT-OPEN-METEO-KHI,KARACHI,OPENSOURCE_API_GRID,1175,,,,0.95,True,True,TIER2_OPENSOURCE_PURE;CONTINUOUS_MINUTE_STREAM;VERIFIED_MODEL_GRID,e15bde54794b5ff26145a53f29d58d3f9101edf2ad9fe1c089a6896366b28eca,2026-09-22T19:34:00+00:00,2026-09-23 00:34:00,88.6,1007.9,92
15.6,23.0,45.7,1426.0,414.0,64.4,8.0,3.7,0.9,449.0,218.4,18.4,6.6,39.8,27.5,25.45,False,4095,0.0,10.0,0.0,EXT-OPEN-METEO-KHI,KARACHI,OPENSOURCE_API_GRID,1176,,,,0.95,True,True,TIER2_OPENSOURCE_PURE;CONTINUOUS_MINUTE_STREAM;VERIFIED_MODEL_GRID,7aeb90dd222319a56dedf8534c8b4af6c269c1a0b52788d3a758b31cecb4a94c,2026-09-22T19:35:00+00:00,2026-09-23 00:35:00,88.6,1007.9,92
15.6,22.9,45.6,1419.8,412.2,64.1,8.0,3.6,0.9,449.0,217.2,18.2,6.6,39.9,27.5,25.47,False,4095,0.0,10.0,0.0,EXT-OPEN-METEO-KHI,KARACHI,OPENSOURCE_API_GRID,1177,,,,0.95,True,True,TIER2_OPENSOURCE_PURE;CONTINUOUS_MINUTE_STREAM;VERIFIED_MODEL_GRID,9deb6ab778099efdbe34a9f7c0bacacfc98d2eb9df91dbaea27947ca20606ad5,2026-09-22T19:36:00+00:00,2026-09-23 00:36:00,88.7,1007.9,92
15.6,22.9,45.5,1419.8,412.2,64.1,8.0,3.6,0.9,449.0,216.1,18.1,6.6,40.1,27.6,25.57,False,4095,0.0,10.0,0.0,EXT-OPEN-METEO-KHI,KARACHI,OPENSOURCE_API_GRID,1178,,,,0.95,True,True,TIER2_OPENSOURCE_PURE;CONTINUOUS_MINUTE_STREAM;VERIFIED_MODEL_GRID,c422bf8539d4305ed91ea92d3ab4ad6da3cebeab85802c3b3d86a61908d7ad07,2026-09-22T19:37:00+00:00,2026-09-23 00:37:00,88.7,1007.9,92
15.5,22.8,45.2,1413.6,410.4,63.8,8.0,3.6,0.9,449.0,214.9,17.9,6.6,40.2,27.6,25.6,False,4095,0.0,10.0,0.0,EXT-OPEN-METEO-KHI,KARACHI,OPENSOURCE_API_GRID,1179,,,,0.95,True,True,TIER2_OPENSOURCE_PURE;CONTINUOUS_MINUTE_STREAM;VERIFIED_MODEL_GRID,3884c7e326d6299d1cc396a2794eb7b9e79cc3ed0646191c94997112c1c22ac2,2026-09-22T19:38:00+00:00,2026-09-23 00:38:00,88.9,1007.9,92
15.5,22.8,45.2,1413.6,410.4,63.8,8.0,3.6,0.9,449.0,213.8,17.7,6.5,40.4,27.6,25.6,False,4095,0.0,10.0,0.0,EXT-OPEN-METEO-KHI,KARACHI,OPENSOURCE_API_GRID,1180,,,,0.95,True,True,TIER2_OPENSOURCE_PURE;CONTINUOUS_MINUTE_STREAM;VERIFIED_MODEL_GRID,8a42faa5d27834c1e87f7c2bc561b4d42d0607d28c787c045ffdb0c1ace31521,2026-09-22T19:39:00+00:00,2026-09-23 00:39:00,88.9,1007.9,92
15.4,22.7,45.1,1407.4,408.6,63.6,7.9,3.6,0.9,449.0,212.8,17.6,6.5,40.5,27.6,25.6,False,4095,0.0,10.0,0.0,EXT-OPEN-METEO-KHI,KARACHI,OPENSOURCE_API_GRID,1181,,,,0.95,True,True,TIER2_OPENSOURCE_PURE;CONTINUOUS_MINUTE_STREAM;VERIFIED_MODEL_GRID,eeccd1a134651b3466e6a3ef7ec9f0c5b0b49ae2c58a4cfa33eb3e2337bbb782,2026-09-22T19:40:00+00:00,2026-09-23 00:40:00,88.9,1007.9,92
15.4,22.7,45.0,1407.4,408.6,63.6,7.9,3.6,0.9,449.0,211.7,17.5,6.5,40.6,27.6,25.6,False,4095,0.0,10.0,0.0,EXT-OPEN-METEO-KHI,KARACHI,OPENSOURCE_API_GRID,1182,,,,0.95,True,True,TIER2_OPENSOURCE_PURE;CONTINUOUS_MINUTE_STREAM;VERIFIED_MODEL_GRID,921c52ac741559f4d5f61ff0419d006726dbdbd17c3c71d7de371617f90a5de3,2026-09-22T19:41:00+00:00,2026-09-23 00:41:00,88.9,1007.9,92
15.4,22.7,44.9,1407.4,408.6,63.6,7.9,3.6,0.9,449.0,210.7,17.3,6.5,40.8,27.6,25.6,False,4095,0.0,10.0,0.0,EXT-OPEN-METEO-KHI,KARACHI,OPENSOURCE_API_GRID,1183,,,,0.95,True,True,TIER2_OPENSOURCE_PURE;CONTINUOUS_MINUTE_STREAM;VERIFIED_MODEL_GRID,144103c33049c30215c35bd86d07d20cd09cee4e86ee87bf5b9d2455a0f521b2,2026-09-22T19:42:00+00:00,2026-09-23 00:42:00,88.9,1007.9,92
15.4,22.7,44.8,1407.4,408.6,63.6,7.9,3.6,0.9,449.0,209.7,17.2,6.5,40.9,27.6,25.6,False,4095,0.0,10.0,0.0,EXT-OPEN-METEO-KHI,KARACHI,OPENSOURCE_API_GRID,1184,,,,0.95,True,True,TIER2_OPENSOURCE_PURE;CONTINUOUS_MINUTE_STREAM;VERIFIED_MODEL_GRID,38388f0dc8d4948048f66e04f83e9bb21cdd01c769a1082a955f3a24c35c20cc,2026-09-22T19:43:00+00:00,2026-09-23 00:43:00,88.9,1007.9,92
15.4,22.6,44.7,1401.2,406.8,63.3,7.9,3.6,0.9,449.0,208.8,17.1,6.4,41.0,27.6,25.6,False,4095,0.0,10.0,0.0,EXT-OPEN-METEO-KHI,KARACHI,OPENSOURCE_API_GRID,1185,,,,0.95,True,True,TIER2_OPENSOURCE_PURE;CONTINUOUS_MINUTE_STREAM;VERIFIED_MODEL_GRID,3881581c42c83af9d79755c8e4e311ab7bfee1c464496af705dc574f7bea5b25,2026-09-22T19:44:00+00:00,2026-09-23 00:44:00,88.9,1007.9,92
15.4,22.6,44.6,1401.2,406.8,63.3,7.9,3.6,0.9,449.0,207.9,16.9,6.4,41.1,27.6,25.6,False,4095,0.0,10.0,0.0,EXT-OPEN-METEO-KHI,KARACHI,OPENSOURCE_API_GRID,1186,,,,0.95,True,True,TIER2_OPENSOURCE_PURE;CONTINUOUS_MINUTE_STREAM;VERIFIED_MODEL_GRID,a8e24fc463e189a374c11365bc3d1ba811d321e2ba4cdb70661194cdf9057e8d,2026-09-22T19:45:00+00:00,2026-09-23 00:45:00,88.9,1007.9,92
15.3,22.5,44.5,1395.0,405.0,63.0,7.9,3.6,0.9,449.0,207.0,16.8,6.4,41.2,27.6,25.6,False,4095,0.0,10.0,0.0,EXT-OPEN-METEO-KHI,KARACHI,OPENSOURCE_API_GRID,1187,,,,0.95,True,True,TIER2_OPENSOURCE_PURE;CONTINUOUS_MINUTE_STREAM;VERIFIED_MODEL_GRID,55a9b3219c749ed1436e87178e651bd449ce093c547bca9f70c3bac1ada05d19,2026-09-22T19:46:00+00:00,2026-09-23 00:46:00,88.9,1007.9,92
15.3,22.5,44.4,1395.0,405.0,63.0,7.9,3.6,0.9,449.0,206.2,16.7,6.4,41.3,27.6,25.6,False,4095,0.0,10.0,0.0,EXT-OPEN-METEO-KHI,KARACHI,OPENSOURCE_API_GRID,1188,,,,0.95,True,True,TIER2_OPENSOURCE_PURE;CONTINUOUS_MINUTE_STREAM;VERIFIED_MODEL_GRID,8c08abc4a1006c8857da4d599e41a7a8747df70205bc0f80e3841d65a7f4059e,2026-09-22T19:47:00+00:00,2026-09-23 00:47:00,88.9,1007.9,92
15.2,22.4,44.2,1388.8,403.2,62.7,7.8,3.5,0.9,449.0,205.5,16.6,6.4,41.4,27.6,25.6,False,4095,0.0,10.0,0.0,EXT-OPEN-METEO-KHI,KARACHI,OPENSOURCE_API_GRID,1189,,,,0.95,True,True,TIER2_OPENSOURCE_PURE;CONTINUOUS_MINUTE_STREAM;VERIFIED_MODEL_GRID,656acaae3876a92a905ed65f37ad106193ad03d0022228a60f63208b0ef60a8a,2026-09-22T19:48:00+00:00,2026-09-23 00:48:00,88.9,1007.9,92
15.2,22.3,44.1,1382.6,401.4,62.4,7.8,3.5,0.9,449.0,204.8,16.5,6.4,41.5,27.6,25.6,False,4095,0.0,10.0,0.0,EXT-OPEN-METEO-KHI,KARACHI,OPENSOURCE_API_GRID,1190,,,,0.95,True,True,TIER2_OPENSOURCE_PURE;CONTINUOUS_MINUTE_STREAM;VERIFIED_MODEL_GRID,58522e719805cf56e2b71ccff06780da5cadea5675e3012b312c747f9f2fc6dd,2026-09-22T19:49:00+00:00,2026-09-23 00:49:00,88.9,1007.9,92
15.2,22.3,44.0,1382.6,401.4,62.4,7.8,3.5,0.9,449.0,204.1,16.4,6.4,41.6,27.5,25.5,False,4095,0.0,10.0,0.0,EXT-OPEN-METEO-KHI,KARACHI,OPENSOURCE_API_GRID,1191,,,,0.95,True,True,TIER2_OPENSOURCE_PURE;CONTINUOUS_MINUTE_STREAM;VERIFIED_MODEL_GRID,bbdf417d155de1acb8204fd99babb38f658decad5b0532c807dd5ce2e40823f0,2026-09-22T19:50:00+00:00,2026-09-23 00:50:00,88.9,1007.9,92
15.1,22.2,43.8,1376.4,399.6,62.2,7.8,3.5,0.9,449.0,203.6,16.3,6.3,41.7,27.5,25.5,False,4095,0.0,10.0,0.0,EXT-OPEN-METEO-KHI,KARACHI,OPENSOURCE_API_GRID,1192,,,,0.95,True,True,TIER2_OPENSOURCE_PURE;CONTINUOUS_MINUTE_STREAM;VERIFIED_MODEL_GRID,7bb6dbba471bb75e0f495730fe28ed8e39f1aee902620a7bf44952811d9ad45f,2026-09-22T19:51:00+00:00,2026-09-23 00:51:00,88.9,1007.9,92
15.0,22.1,43.7,1370.2,397.8,61.9,7.7,3.5,0.9,449.0,203.0,16.3,6.3,41.7,27.5,25.5,False,4095,0.0,10.0,0.0,EXT-OPEN-METEO-KHI,KARACHI,OPENSOURCE_API_GRID,1193,,,,0.95,True,True,TIER2_OPENSOURCE_PURE;CONTINUOUS_MINUTE_STREAM;VERIFIED_MODEL_GRID,3986cd8ac3fdd89f4ab5984bab9b0d12922287544d79556b96df551d11a4de91,2026-09-22T19:52:00+00:00,2026-09-23 00:52:00,88.9,1007.9,92
15.0,22.0,43.5,1364.0,396.0,61.6,7.7,3.5,0.9,449.0,202.6,16.2,6.3,41.8,27.5,25.49,False,4095,0.0,10.0,0.0,EXT-OPEN-METEO-KHI,KARACHI,OPENSOURCE_API_GRID,1194,,,,0.95,True,True,TIER2_OPENSOURCE_PURE;CONTINUOUS_MINUTE_STREAM;VERIFIED_MODEL_GRID,406fd86052a9e8ab32e4184e245ff4af3d2a7e48b045de8b99b0a56be91ea3cb,2026-09-22T19:53:00+00:00,2026-09-23 00:53:00,88.8,1007.9,92
15.0,22.0,43.4,1364.0,396.0,61.6,7.7,3.5,0.9,449.0,202.2,16.2,6.3,41.9,27.5,25.49,False,4095,0.0,10.0,0.0,EXT-OPEN-METEO-KHI,KARACHI,OPENSOURCE_API_GRID,1195,,,,0.95,True,True,TIER2_OPENSOURCE_PURE;CONTINUOUS_MINUTE_STREAM;VERIFIED_MODEL_GRID,7d5b14a99195b39f8675358c5849b7200749d816718fec3a524fdfd7a9497f50,2026-09-22T19:54:00+00:00,2026-09-23 00:54:00,88.8,1007.9,92
14.9,21.9,43.3,1357.8,394.2,61.3,7.7,3.5,0.9,449.0,201.8,16.1,6.3,41.9,27.5,25.49,False,4095,0.0,10.0,0.0,EXT-OPEN-METEO-KHI,KARACHI,OPENSOURCE_API_GRID,1196,,,,0.95,True,True,TIER2_OPENSOURCE_PURE;CONTINUOUS_MINUTE_STREAM;VERIFIED_MODEL_GRID,42e37a75f95bba054dad7e8cb77fd43e79c6f546f3cd903562b34b4b36696930,2026-09-22T19:55:00+00:00,2026-09-23 00:55:00,88.8,1007.9,92
14.9,21.9,43.2,1357.8,394.2,61.3,7.7,3.5,0.9,449.0,201.5,16.1,6.3,41.9,27.5,25.49,False,4095,0.0,10.0,0.0,EXT-OPEN-METEO-KHI,KARACHI,OPENSOURCE_API_GRID,1197,,,,0.95,True,True,TIER2_OPENSOURCE_PURE;CONTINUOUS_MINUTE_STREAM;VERIFIED_MODEL_GRID,9de75554434bdbb6aee6bb154cb22aec8d9f2ee3231d7c3118060d83988fb4b1,2026-09-22T19:56:00+00:00,2026-09-23 00:56:00,88.8,1007.9,92
14.8,21.8,43.2,1351.6,392.4,61.0,7.6,3.5,0.9,449.0,201.3,16.0,6.3,42.0,27.5,25.49,False,4095,0.0,10.0,0.0,EXT-OPEN-METEO-KHI,KARACHI,OPENSOURCE_API_GRID,1198,,,,0.95,True,True,TIER2_OPENSOURCE_PURE;CONTINUOUS_MINUTE_STREAM;VERIFIED_MODEL_GRID,d469488e414b2e4346ed3c3c14406b9733c8962ce6906be04f5e6170b8503e54,2026-09-22T19:57:00+00:00,2026-09-23 00:57:00,88.8,1007.9,92
14.8,21.8,43.1,1351.6,392.4,61.0,7.6,3.4,0.9,449.0,201.1,16.0,6.3,42.0,27.5,25.5,False,4095,0.0,10.0,0.0,EXT-OPEN-METEO-KHI,KARACHI,OPENSOURCE_API_GRID,1199,,,,0.95,True,True,TIER2_OPENSOURCE_PURE;CONTINUOUS_MINUTE_STREAM;VERIFIED_MODEL_GRID,25f8a38ec6711814dc8bc372cc7c1e83c6c33c5414dfed9ffddcb585ecade2a6,2026-09-22T19:58:00+00:00,2026-09-23 00:58:00,88.9,1007.9,92
14.8,21.8,43.1,1351.6,392.4,61.0,7.6,3.4,0.9,449.0,201.0,16.0,6.3,42.0,27.5,25.5,False,4095,0.0,10.0,0.0,EXT-OPEN-METEO-KHI,KARACHI,OPENSOURCE_API_GRID,1200,,,,0.95,True,True,TIER2_OPENSOURCE_PURE;CONTINUOUS_MINUTE_STREAM;VERIFIED_MODEL_GRID,c070d249fe1158581e025e9077b3d8208b830661248c8e9767c8b764e51a7c01,2026-09-22T19:59:00+00:00,2026-09-23 00:59:00,88.9,1007.9,92
14.8,21.8,43.1,1351.6,392.4,61.0,7.6,3.4,0.9,449.0,201.0,16.0,6.3,42.0,27.5,25.5,False,4095,0.0,10.0,0.0,EXT-OPEN-METEO-KHI,KARACHI,OPENSOURCE_API_GRID,1201,,,,0.95,True,False,TIER2_OPENSOURCE_PURE;HOURLY_NODE;VERIFIED_MODEL_GRID,36c2517db5e0ac4f6d090977583c1e95dac0cd56130d9aa56305032779a56677,2026-09-22T20:00:00+00:00,2026-09-23 01:00:00,88.9,1007.9,91
14.8,21.8,43.1,1351.6,392.4,61.0,7.6,3.4,0.9,449.0,201.0,16.0,6.3,42.0,27.5,25.5,False,4095,0.0,10.0,0.0,EXT-OPEN-METEO-KHI,KARACHI,OPENSOURCE_API_GRID,1202,,,,0.95,True,True,TIER2_OPENSOURCE_PURE;CONTINUOUS_MINUTE_STREAM;VERIFIED_MODEL_GRID,eb462ccceb112b8c8deac3c18f7f9c3ce141bd483b3745cc51ba38133254a802,2026-09-22T20:01:00+00:00,2026-09-23 01:01:00,88.9,1007.9,91
14.8,21.8,43.1,1351.6,392.4,61.0,7.6,3.4,0.9,449.0,200.9,16.0,6.3,42.0,27.4,25.41,False,4095,0.0,10.0,0.0,EXT-OPEN-METEO-KHI,KARACHI,OPENSOURCE_API_GRID,1203,,,,0.95,True,True,TIER2_OPENSOURCE_PURE;CONTINUOUS_MINUTE_STREAM;VERIFIED_MODEL_GRID,ccf2448dab64b7492e0f05bc1cf094c89537eb628eda07706f54109434507418,2026-09-22T20:02:00+00:00,2026-09-23 01:02:00,88.9,1007.9,91
14.9,21.9,43.2,1357.8,394.2,61.3,7.7,3.5,0.9,449.0,200.8,16.0,6.3,42.0,27.5,25.5,False,4095,0.0,10.0,0.0,EXT-OPEN-METEO-KHI,KARACHI,OPENSOURCE_API_GRID,1204,,,,0.95,True,True,TIER2_OPENSOURCE_PURE;CONTINUOUS_MINUTE_STREAM;VERIFIED_MODEL_GRID,0d3bef86d9dcc3886dddc570741cbf7bc2a1ddee7016e949a7cc0d363a6d70f2,2026-09-22T20:03:00+00:00,2026-09-23 01:03:00,88.9,1007.9,91
14.9,21.9,43.2,1357.8,394.2,61.3,7.7,3.5,0.9,449.0,200.6,15.9,6.3,42.0,27.5,25.5,False,4095,0.0,10.0,0.0,EXT-OPEN-METEO-KHI,KARACHI,OPENSOURCE_API_GRID,1205,,,,0.95,True,True,TIER2_OPENSOURCE_PURE;CONTINUOUS_MINUTE_STREAM;VERIFIED_MODEL_GRID,18cc4cc99f807ae0a5c63ee502c506b2e676379078ce74c0def5caebd127da5e,2026-09-22T20:04:00+00:00,2026-09-23 01:04:00,88.9,1007.9,91
14.9,21.9,43.2,1357.8,394.2,61.3,7.7,3.5,0.9,449.0,200.4,15.9,6.3,42.1,27.5,25.52,False,4095,0.0,10.0,0.0,EXT-OPEN-METEO-KHI,KARACHI,OPENSOURCE_API_GRID,1206,,,,0.95,True,True,TIER2_OPENSOURCE_PURE;CONTINUOUS_MINUTE_STREAM;VERIFIED_MODEL_GRID,1a94db0e1f1191fbd703842d99f42f0c2649e72ebbd629a0574f34218997870c,2026-09-22T20:05:00+00:00,2026-09-23 01:05:00,89.0,1007.9,91
14.9,21.9,43.2,1357.8,394.2,61.3,7.7,3.5,0.9,449.0,200.1,15.9,6.3,42.1,27.5,25.52,False,4095,0.0,10.0,0.0,EXT-OPEN-METEO-KHI,KARACHI,OPENSOURCE_API_GRID,1207,,,,0.95,True,True,TIER2_OPENSOURCE_PURE;CONTINUOUS_MINUTE_STREAM;VERIFIED_MODEL_GRID,8a389dd6f4b8eb9620670400fbc7808024891d3b0d841b20d71df0da32921fa6,2026-09-22T20:06:00+00:00,2026-09-23 01:06:00,89.0,1007.9,91
15.0,22.0,43.2,1364.0,396.0,61.6,7.7,3.5,0.9,449.0,199.8,15.8,6.3,42.1,27.5,25.52,False,4095,0.0,10.0,0.0,EXT-OPEN-METEO-KHI,KARACHI,OPENSOURCE_API_GRID,1208,,,,0.95,True,True,TIER2_OPENSOURCE_PURE;CONTINUOUS_MINUTE_STREAM;VERIFIED_MODEL_GRID,7ef29e18f421842305f121e79da697e0a7455fef8bb1f55a03dde845049099d7,2026-09-22T20:07:00+00:00,2026-09-23 01:07:00,89.0,1007.9,91
15.0,22.0,43.2,1364.0,396.0,61.6,7.7,3.5,0.9,449.0,199.5,15.8,6.3,42.2,27.5,25.52,False,4095,0.0,10.0,0.0,EXT-OPEN-METEO-KHI,KARACHI,OPENSOURCE_API_GRID,1209,,,,0.95,True,True,TIER2_OPENSOURCE_PURE;CONTINUOUS_MINUTE_STREAM;VERIFIED_MODEL_GRID,8e24ac6bea9c5cfb23447c33f789045f428396035dbc8290ce187dd3a701d058,2026-09-22T20:08:00+00:00,2026-09-23 01:08:00,89.0,1007.9,91
14.9,21.9,43.1,1357.8,394.2,61.3,7.7,3.4,0.9,448.9,199.1,15.7,6.3,42.2,27.5,25.56,False,4095,0.0,10.0,0.0,EXT-OPEN-METEO-KHI,KARACHI,OPENSOURCE_API_GRID,1210,,,,0.95,True,True,TIER2_OPENSOURCE_PURE;CONTINUOUS_MINUTE_STREAM;VERIFIED_MODEL_GRID,cba63420d4d2c12260672b28c7506e005d1b5cbc613dc1971438f572a8655e01,2026-09-22T20:09:00+00:00,2026-09-23 01:09:00,89.2,1007.9,91
14.9,21.9,43.0,1357.8,394.2,61.3,7.7,3.4,0.9,448.9,198.7,15.7,6.3,42.3,27.5,25.54,False,4095,0.0,10.0,0.0,EXT-OPEN-METEO-KHI,KARACHI,OPENSOURCE_API_GRID,1211,,,,0.95,True,True,TIER2_OPENSOURCE_PURE;CONTINUOUS_MINUTE_STREAM;VERIFIED_MODEL_GRID,f3a6a3fcc56245fbab85ae612d0329fa016ca2d6f73ba3d017531e8211d0b743,2026-09-22T20:10:00+00:00,2026-09-23 01:10:00,89.1,1007.9,91
14.9,21.9,43.0,1357.8,394.2,61.3,7.7,3.4,0.9,448.9,198.2,15.6,6.2,42.3,27.5,25.54,False,4095,0.0,10.0,0.0,EXT-OPEN-METEO-KHI,KARACHI,OPENSOURCE_API_GRID,1212,,,,0.95,True,True,TIER2_OPENSOURCE_PURE;CONTINUOUS_MINUTE_STREAM;VERIFIED_MODEL_GRID,133c2ad1d1a33e781dd9e7b653ec08f02887b00d2ae19b30247ea667ec44791d,2026-09-22T20:11:00+00:00,2026-09-23 01:11:00,89.1,1007.9,91
14.9,21.9,43.0,1357.8,394.2,61.3,7.7,3.4,0.9,448.9,197.7,15.5,6.2,42.4,27.5,25.54,False,4095,0.0,10.0,0.0,EXT-OPEN-METEO-KHI,KARACHI,OPENSOURCE_API_GRID,1213,,,,0.95,True,True,TIER2_OPENSOURCE_PURE;CONTINUOUS_MINUTE_STREAM;VERIFIED_MODEL_GRID,1bcfff0acb52bd448e4926b0442e328788b9f8faab223f2c1147d8ccc1b3d28d,2026-09-22T20:12:00+00:00,2026-09-23 01:12:00,89.1,1007.9,91
14.9,21.9,42.9,1357.8,394.2,61.3,7.7,3.4,0.9,448.9,197.1,15.5,6.2,42.4,27.5,25.54,False,4095,0.0,10.0,0.0,EXT-OPEN-METEO-KHI,KARACHI,OPENSOURCE_API_GRID,1214,,,,0.95,True,True,TIER2_OPENSOURCE_PURE;CONTINUOUS_MINUTE_STREAM;VERIFIED_MODEL_GRID,5f762fc8c6855b596af788640b3a0e525dd0237338dcc5ece8f6e763715e9ba1,2026-09-22T20:13:00+00:00,2026-09-23 01:13:00,89.1,1007.9,91
14.9,21.9,42.8,1357.8,394.2,61.3,7.7,3.4,0.9,448.9,196.5,15.4,6.2,42.5,27.5,25.54,False,4095,0.0,10.0,0.0,EXT-OPEN-METEO-KHI,KARACHI,OPENSOURCE_API_GRID,1215,,,,0.95,True,True,TIER2_OPENSOURCE_PURE;CONTINUOUS_MINUTE_STREAM;VERIFIED_MODEL_GRID,0b8646ff32a7be8859a39b9fae016d91bcf3857d2f5d573cf86d4612d5bc75cb,2026-09-22T20:14:00+00:00,2026-09-23 01:14:00,89.1,1007.9,91
14.8,21.8,42.8,1351.6,392.4,61.0,7.6,3.4,0.9,448.9,195.9,15.3,6.2,42.6,27.5,25.54,False,4095,0.0,10.0,0.0,EXT-OPEN-METEO-KHI,KARACHI,OPENSOURCE_API_GRID,1216,,,,0.95,True,True,TIER2_OPENSOURCE_PURE;CONTINUOUS_MINUTE_STREAM;VERIFIED_MODEL_GRID,1aef03517f878976d5b4c6fe2f7764edd430d8613e4a5f433529d60ea86bc35e,2026-09-22T20:15:00+00:00,2026-09-23 01:15:00,89.1,1007.9,91
14.8,21.8,42.6,1351.6,392.4,61.0,7.6,3.4,0.9,448.8,195.2,15.2,6.2,42.7,27.5,25.54,False,4095,0.0,10.0,0.0,EXT-OPEN-METEO-KHI,KARACHI,OPENSOURCE_API_GRID,1217,,,,0.95,True,True,TIER2_OPENSOURCE_PURE;CONTINUOUS_MINUTE_STREAM;VERIFIED_MODEL_GRID,b8fdcb00b6fcbb3e087bcb02d1e9b9e51dfe38d58aa436b83c75af41e49a5c0b,2026-09-22T20:16:00+00:00,2026-09-23 01:16:00,89.1,1007.9,91
14.8,21.8,42.5,1351.6,392.4,61.0,7.6,3.4,0.8,448.8,194.5,15.1,6.2,42.7,27.5,25.52,False,4095,0.0,10.0,0.0,EXT-OPEN-METEO-KHI,KARACHI,OPENSOURCE_API_GRID,1218,,,,0.95,True,True,TIER2_OPENSOURCE_PURE;CONTINUOUS_MINUTE_STREAM;VERIFIED_MODEL_GRID,85eacef8128d3eb0a725c4939f29fa92369dac4dc9d969f926da8dfe9f247fc3,2026-09-22T20:17:00+00:00,2026-09-23 01:17:00,89.0,1007.9,91
14.8,21.7,42.4,1345.4,390.6,60.8,7.6,3.4,0.8,448.8,193.8,15.0,6.2,42.8,27.5,25.52,False,4095,0.0,10.0,0.0,EXT-OPEN-METEO-KHI,KARACHI,OPENSOURCE_API_GRID,1219,,,,0.95,True,True,TIER2_OPENSOURCE_PURE;CONTINUOUS_MINUTE_STREAM;VERIFIED_MODEL_GRID,6589aa6ea062a6083bdd6553e77e9da1a5003a03f9e78e7b5edf066a0f5a14ca,2026-09-22T20:18:00+00:00,2026-09-23 01:18:00,89.0,1007.9,91
14.7,21.6,42.2,1339.2,388.8,60.5,7.6,3.4,0.8,448.8,193.0,14.9,6.1,42.9,27.5,25.52,False,4095,0.0,10.0,0.0,EXT-OPEN-METEO-KHI,KARACHI,OPENSOURCE_API_GRID,1220,,,,0.95,True,True,TIER2_OPENSOURCE_PURE;CONTINUOUS_MINUTE_STREAM;VERIFIED_MODEL_GRID,7138722d5aa60672887cfadfee5b1b7c6ee75851953ff2f1d919fdbf342301d5,2026-09-22T20:19:00+00:00,2026-09-23 01:19:00,89.0,1007.9,91
14.6,21.5,42.0,1333.0,387.0,60.2,7.5,3.4,0.8,448.8,192.2,14.8,6.1,43.0,27.5,25.52,False,4095,0.0,10.0,0.0,EXT-OPEN-METEO-KHI,KARACHI,OPENSOURCE_API_GRID,1221,,,,0.95,True,True,TIER2_OPENSOURCE_PURE;CONTINUOUS_MINUTE_STREAM;VERIFIED_MODEL_GRID,ed3611c4cf79cdc97c8831345be45352077781e5d4837b766d10e09c67219a94,2026-09-22T20:20:00+00:00,2026-09-23 01:20:00,89.0,1007.9,91
14.6,21.4,41.8,1326.8,385.2,59.9,7.5,3.3,0.8,448.7,191.4,14.7,6.1,43.1,27.5,25.5,False,4095,0.0,10.0,0.0,EXT-OPEN-METEO-KHI,KARACHI,OPENSOURCE_API_GRID,1222,,,,0.95,True,True,TIER2_OPENSOURCE_PURE;CONTINUOUS_MINUTE_STREAM;VERIFIED_MODEL_GRID,62b6d0d4ca9eb4d560adf18d76242f29e345e299361b076277931b0333e5bb36,2026-09-22T20:21:00+00:00,2026-09-23 01:21:00,88.9,1007.9,91
14.5,21.3,41.6,1320.6,383.4,59.6,7.5,3.3,0.8,448.7,190.6,14.6,6.1,43.2,27.5,25.5,False,4095,0.0,10.0,0.0,EXT-OPEN-METEO-KHI,KARACHI,OPENSOURCE_API_GRID,1223,,,,0.95,True,True,TIER2_OPENSOURCE_PURE;CONTINUOUS_MINUTE_STREAM;VERIFIED_MODEL_GRID,8e10e12b135082a93bac090016a3ad7fdf95559d0d96c5f12b9318029840e3b4,2026-09-22T20:22:00+00:00,2026-09-23 01:22:00,88.9,1007.9,91
14.4,21.2,41.4,1314.4,381.6,59.4,7.4,3.3,0.8,448.7,189.8,14.5,6.1,43.3,27.5,25.5,False,4095,0.0,10.0,0.0,EXT-OPEN-METEO-KHI,KARACHI,OPENSOURCE_API_GRID,1224,,,,0.95,True,True,TIER2_OPENSOURCE_PURE;CONTINUOUS_MINUTE_STREAM;VERIFIED_MODEL_GRID,f6015c362b9b890d1fcbf03ca2a08e53d92d747f303339b1d5e42cfc90812d4c,2026-09-22T20:23:00+00:00,2026-09-23 01:23:00,88.9,1007.9,91
14.3,21.1,41.1,1308.2,379.8,59.1,7.4,3.3,0.8,448.7,188.9,14.3,6.1,43.4,27.4,25.41,False,4095,0.0,10.0,0.0,EXT-OPEN-METEO-KHI,KARACHI,OPENSOURCE_API_GRID,1225,,,,0.95,True,True,TIER2_OPENSOURCE_PURE;CONTINUOUS_MINUTE_STREAM;VERIFIED_MODEL_GRID,287bb5eb196e83298aaf541cd50a0c245d0275824e893e5593d4b6cb4dcea7bd,2026-09-22T20:24:00+00:00,2026-09-23 01:24:00,88.9,1007.8,91
14.3,21.0,40.9,1302.0,378.0,58.8,7.3,3.3,0.8,448.6,188.0,14.2,6.0,43.5,27.4,25.41,False,4095,0.0,10.0,0.0,EXT-OPEN-METEO-KHI,KARACHI,OPENSOURCE_API_GRID,1226,,,,0.95,True,True,TIER2_OPENSOURCE_PURE;CONTINUOUS_MINUTE_STREAM;VERIFIED_MODEL_GRID,c7579db3d602130b43a40b45df3451935836e901ab2a984058cd269135380c7b,2026-09-22T20:25:00+00:00,2026-09-23 01:25:00,88.9,1007.8,91
14.2,20.9,40.7,1295.8,376.2,58.5,7.3,3.3,0.8,448.6,187.1,14.1,6.0,43.6,27.4,25.41,False,4095,0.0,10.0,0.0,EXT-OPEN-METEO-KHI,KARACHI,OPENSOURCE_API_GRID,1227,,,,0.95,True,True,TIER2_OPENSOURCE_PURE;CONTINUOUS_MINUTE_STREAM;VERIFIED_MODEL_GRID,5416e6a79ebab81a22f27adc6956b6b6d3e404f6db59b936cfc8d19d2d762ea8,2026-09-22T20:26:00+00:00,2026-09-23 01:26:00,88.9,1007.8,91
14.1,20.8,40.5,1289.6,374.4,58.2,7.3,3.2,0.8,448.6,186.2,14.0,6.0,43.7,27.4,25.41,False,4095,0.0,10.0,0.0,EXT-OPEN-METEO-KHI,KARACHI,OPENSOURCE_API_GRID,1228,,,,0.95,True,True,TIER2_OPENSOURCE_PURE;CONTINUOUS_MINUTE_STREAM;VERIFIED_MODEL_GRID,214e0db9888c7895dadb360375971bdbfc5823019016f35e45258cf1059e7b67,2026-09-22T20:27:00+00:00,2026-09-23 01:27:00,88.9,1007.8,91
14.1,20.7,40.3,1283.4,372.6,58.0,7.2,3.2,0.8,448.6,185.3,13.9,6.0,43.8,27.4,25.41,False,4095,0.0,10.0,0.0,EXT-OPEN-METEO-KHI,KARACHI,OPENSOURCE_API_GRID,1229,,,,0.95,True,True,TIER2_OPENSOURCE_PURE;CONTINUOUS_MINUTE_STREAM;VERIFIED_MODEL_GRID,b48993ce4adbc5ef22a27e259d2addf6a906dcca6c5b64f7a9744c62974ccc04,2026-09-22T20:28:00+00:00,2026-09-23 01:28:00,88.9,1007.8,91
14.1,20.7,40.1,1283.4,372.6,58.0,7.2,3.2,0.8,448.5,184.4,13.7,6.0,43.9,27.4,25.41,False,4095,0.0,10.0,0.0,EXT-OPEN-METEO-KHI,KARACHI,OPENSOURCE_API_GRID,1230,,,,0.95,True,True,TIER2_OPENSOURCE_PURE;CONTINUOUS_MINUTE_STREAM;VERIFIED_MODEL_GRID,5b76709064577e8d68bb12fe809003e40dc470778ce79e2665372be1fa3397bb,2026-09-22T20:29:00+00:00,2026-09-23 01:29:00,88.9,1007.8,91
14.0,20.6,39.9,1277.2,370.8,57.7,7.2,3.2,0.8,448.5,183.5,13.6,5.9,44.0,27.4,25.41,False,4095,0.0,10.0,0.0,EXT-OPEN-METEO-KHI,KARACHI,OPENSOURCE_API_GRID,1231,,,,0.95,True,True,TIER2_OPENSOURCE_PURE;CONTINUOUS_MINUTE_STREAM;VERIFIED_MODEL_GRID,bf4e3beca7ccb1c20853ebd6f0e33f6e63c2b5ca0eb41e6c74a0c57002a6edd6,2026-09-22T20:30:00+00:00,2026-09-23 01:30:00,88.9,1007.8,91
13.9,20.5,39.7,1271.0,369.0,57.4,7.2,3.2,0.8,448.5,182.6,13.5,5.9,44.1,27.3,25.31,False,4095,0.0,10.0,0.0,EXT-OPEN-METEO-KHI,KARACHI,OPENSOURCE_API_GRID,1232,,,,0.95,True,True,TIER2_OPENSOURCE_PURE;CONTINUOUS_MINUTE_STREAM;VERIFIED_MODEL_GRID,78964aac07a969eed8d6b633668da32e3e14715c8ddcaa24ad746f53e5250c60,2026-09-22T20:31:00+00:00,2026-09-23 01:31:00,88.9,1007.8,91
13.9,20.5,39.6,1271.0,369.0,57.4,7.2,3.2,0.8,448.4,181.7,13.3,5.9,44.2,27.3,25.31,False,4095,0.0,10.0,0.0,EXT-OPEN-METEO-KHI,KARACHI,OPENSOURCE_API_GRID,1233,,,,0.95,True,True,TIER2_OPENSOURCE_PURE;CONTINUOUS_MINUTE_STREAM;VERIFIED_MODEL_GRID,1e2af389bf2a10b258de74aae0c278ffcb0c66ab83b2a7bba74d16665d7a152c,2026-09-22T20:32:00+00:00,2026-09-23 01:32:00,88.9,1007.8,91
13.9,20.4,39.5,1264.8,367.2,57.1,7.1,3.2,0.8,448.4,180.8,13.2,5.9,44.3,27.3,25.31,False,4095,0.0,10.0,0.0,EXT-OPEN-METEO-KHI,KARACHI,OPENSOURCE_API_GRID,1234,,,,0.95,True,True,TIER2_OPENSOURCE_PURE;CONTINUOUS_MINUTE_STREAM;VERIFIED_MODEL_GRID,e6b7b51a01689da8f0a8edd0d62dd0c6e0134d3d18f66aaee2c2839703b82389,2026-09-22T20:33:00+00:00,2026-09-23 01:33:00,88.9,1007.8,91
13.9,20.4,39.3,1264.8,367.2,57.1,7.1,3.1,0.8,448.4,179.9,13.1,5.9,44.4,27.3,25.31,False,4095,0.0,10.0,0.0,EXT-OPEN-METEO-KHI,KARACHI,OPENSOURCE_API_GRID,1235,,,,0.95,True,True,TIER2_OPENSOURCE_PURE;CONTINUOUS_MINUTE_STREAM;VERIFIED_MODEL_GRID,656dbc0d4a49beec8aa7fd6b5c692793a3d6821a94bfc4a8dffe2c4bbfe9a0ca,2026-09-22T20:34:00+00:00,2026-09-23 01:34:00,88.9,1007.8,91
13.9,20.4,39.2,1264.8,367.2,57.1,7.1,3.1,0.8,448.4,179.0,13.0,5.9,44.5,27.3,25.31,False,4095,0.0,10.0,0.0,EXT-OPEN-METEO-KHI,KARACHI,OPENSOURCE_API_GRID,1236,,,,0.95,True,True,TIER2_OPENSOURCE_PURE;CONTINUOUS_MINUTE_STREAM;VERIFIED_MODEL_GRID,15c2906519adf1a044bc30506deaf9ca426aad9c8ccb0c82b1a7211ff49b177e,2026-09-22T20:35:00+00:00,2026-09-23 01:35:00,88.9,1007.8,91
13.9,20.4,39.1,1264.8,367.2,57.1,7.1,3.1,0.8,448.3,178.1,12.9,5.8,44.6,27.3,25.33,False,4095,0.0,10.0,0.0,EXT-OPEN-METEO-KHI,KARACHI,OPENSOURCE_API_GRID,1237,,,,0.95,True,True,TIER2_OPENSOURCE_PURE;CONTINUOUS_MINUTE_STREAM;VERIFIED_MODEL_GRID,ecf42748d05a1eb7ca13d16b82f2769c50acf7bf45451eebaf1a3f6bdfb84b37,2026-09-22T20:36:00+00:00,2026-09-23 01:36:00,89.0,1007.8,91
13.9,20.4,39.0,1264.8,367.2,57.1,7.1,3.1,0.8,448.3,177.2,12.7,5.8,44.7,27.3,25.33,False,4095,0.0,10.0,0.0,EXT-OPEN-METEO-KHI,KARACHI,OPENSOURCE_API_GRID,1238,,,,0.95,True,True,TIER2_OPENSOURCE_PURE;CONTINUOUS_MINUTE_STREAM;VERIFIED_MODEL_GRID,e5be45a9dff46fe8b8b30bdda652e31fdba2fdd68dc273fb8842940a7051e79c,2026-09-22T20:37:00+00:00,2026-09-23 01:37:00,89.0,1007.8,91
13.8,20.3,38.9,1258.6,365.4,56.8,7.1,3.1,0.8,448.3,176.4,12.6,5.8,44.8,27.3,25.33,False,4095,0.0,10.0,0.0,EXT-OPEN-METEO-KHI,KARACHI,OPENSOURCE_API_GRID,1239,,,,0.95,True,True,TIER2_OPENSOURCE_PURE;CONTINUOUS_MINUTE_STREAM;VERIFIED_MODEL_GRID,53f048ad30b8e0b84472f76ad0e2ac0a28be3efc34caaeb4f9700a1a9f4500ae,2026-09-22T20:38:00+00:00,2026-09-23 01:38:00,89.0,1007.8,91
13.8,20.3,38.9,1258.6,365.4,56.8,7.1,3.1,0.8,448.3,175.6,12.5,5.8,44.9,27.3,25.33,False,4095,0.0,10.0,0.0,EXT-OPEN-METEO-KHI,KARACHI,OPENSOURCE_API_GRID,1240,,,,0.95,True,True,TIER2_OPENSOURCE_PURE;CONTINUOUS_MINUTE_STREAM;VERIFIED_MODEL_GRID,4fb70a9b60a472305c1731936a44d9b5083419cee1684802782443857cd1ff69,2026-09-22T20:39:00+00:00,2026-09-23 01:39:00,89.0,1007.7,91
13.7,20.2,38.6,1252.4,363.6,56.6,7.1,3.1,0.8,448.2,174.8,12.4,5.8,45.0,27.4,25.46,False,4095,0.0,10.0,0.0,EXT-OPEN-METEO-KHI,KARACHI,OPENSOURCE_API_GRID,1241,,,,0.95,True,True,TIER2_OPENSOURCE_PURE;CONTINUOUS_MINUTE_STREAM;VERIFIED_MODEL_GRID,4911d1dac53516a24e35a7a4b8ba4543e5e0ee058ac683509924b7f79485bfeb,2026-09-22T20:40:00+00:00,2026-09-23 01:40:00,89.2,1007.8,91
13.7,20.2,38.5,1252.4,363.6,56.6,7.1,3.1,0.8,448.2,174.0,12.3,5.8,45.1,27.4,25.44,False,4095,0.0,10.0,0.0,EXT-OPEN-METEO-KHI,KARACHI,OPENSOURCE_API_GRID,1242,,,,0.95,True,True,TIER2_OPENSOURCE_PURE;CONTINUOUS_MINUTE_STREAM;VERIFIED_MODEL_GRID,d4defc9c0edf486d0298aeed344001b6fcca99f061eaf1fa304f326ccff00b8f,2026-09-22T20:41:00+00:00,2026-09-23 01:41:00,89.1,1007.7,91
13.7,20.2,38.4,1252.4,363.6,56.6,7.1,3.1,0.8,448.2,173.2,12.2,5.7,45.2,27.4,25.44,False,4095,0.0,10.0,0.0,EXT-OPEN-METEO-KHI,KARACHI,OPENSOURCE_API_GRID,1243,,,,0.95,True,True,TIER2_OPENSOURCE_PURE;CONTINUOUS_MINUTE_STREAM;VERIFIED_MODEL_GRID,3ad661ca273ef18be18bcdb443dfb6b61f60f7c29a6413baff9fd6cfcf089e8f,2026-09-22T20:42:00+00:00,2026-09-23 01:42:00,89.1,1007.7,91
13.7,20.2,38.4,1252.4,363.6,56.6,7.1,3.1,0.8,448.2,172.5,12.1,5.7,45.3,27.4,25.44,False,4095,0.0,10.0,0.0,EXT-OPEN-METEO-KHI,KARACHI,OPENSOURCE_API_GRID,1244,,,,0.95,True,True,TIER2_OPENSOURCE_PURE;CONTINUOUS_MINUTE_STREAM;VERIFIED_MODEL_GRID,75920609bb32274f7d25f00fa5eb8eb207c9962242aa103edb0668748504644c,2026-09-22T20:43:00+00:00,2026-09-23 01:43:00,89.1,1007.7,91
13.7,20.2,38.3,1252.4,363.6,56.6,7.1,3.1,0.8,448.2,171.8,12.0,5.7,45.3,27.4,25.44,False,4095,0.0,10.0,0.0,EXT-OPEN-METEO-KHI,KARACHI,OPENSOURCE_API_GRID,1245,,,,0.95,True,True,TIER2_OPENSOURCE_PURE;CONTINUOUS_MINUTE_STREAM;VERIFIED_MODEL_GRID,5b76ebfb4a8f1223263e7d4285f93e44984912297b324f3770519d26cd1dd32e,2026-09-22T20:44:00+00:00,2026-09-23 01:44:00,89.1,1007.7,91
13.7,20.1,38.2,1246.2,361.8,56.3,7.0,3.1,0.8,448.1,171.1,11.9,5.7,45.4,27.4,25.44,False,4095,0.0,10.0,0.0,EXT-OPEN-METEO-KHI,KARACHI,OPENSOURCE_API_GRID,1246,,,,0.95,True,True,TIER2_OPENSOURCE_PURE;CONTINUOUS_MINUTE_STREAM;VERIFIED_MODEL_GRID,16e204247733f382b5362d3e7affebb0ae789bf079a2a51524bb7fb881d73d88,2026-09-22T20:45:00+00:00,2026-09-23 01:45:00,89.1,1007.7,91
13.7,20.1,38.1,1246.2,361.8,56.3,7.0,3.0,0.8,448.1,170.5,11.8,5.7,45.5,27.4,25.44,False,4095,0.0,10.0,0.0,EXT-OPEN-METEO-KHI,KARACHI,OPENSOURCE_API_GRID,1247,,,,0.95,True,True,TIER2_OPENSOURCE_PURE;CONTINUOUS_MINUTE_STREAM;VERIFIED_MODEL_GRID,cb9dbd25971be1cfe148d5b2ec130b09906bcfd91e4e958507f37bc75dec6d6d,2026-09-22T20:46:00+00:00,2026-09-23 01:46:00,89.1,1007.7,91
13.7,20.1,38.0,1246.2,361.8,56.3,7.0,3.0,0.8,448.1,169.9,11.7,5.7,45.6,27.4,25.44,False,4095,0.0,10.0,0.0,EXT-OPEN-METEO-KHI,KARACHI,OPENSOURCE_API_GRID,1248,,,,0.95,True,True,TIER2_OPENSOURCE_PURE;CONTINUOUS_MINUTE_STREAM;VERIFIED_MODEL_GRID,aef97a9aa09dfac3446c2ea9f5a8460fd5f8450afb4610ae34b1e654f3453f67,2026-09-22T20:47:00+00:00,2026-09-23 01:47:00,89.1,1007.7,91
13.6,20.0,37.9,1240.0,360.0,56.0,7.0,3.0,0.8,448.1,169.3,11.7,5.7,45.6,27.4,25.42,False,4095,0.0,10.0,0.0,EXT-OPEN-METEO-KHI,KARACHI,OPENSOURCE_API_GRID,1249,,,,0.95,True,True,TIER2_OPENSOURCE_PURE;CONTINUOUS_MINUTE_STREAM;VERIFIED_MODEL_GRID,90853b5949aaa3579111d41d15917fe87df3e6507fad95a011f2fd87b7c35899,2026-09-22T20:48:00+00:00,2026-09-23 01:48:00,89.0,1007.7,91
13.6,20.0,37.8,1240.0,360.0,56.0,7.0,3.0,0.8,448.1,168.8,11.6,5.7,45.7,27.4,25.42,False,4095,0.0,10.0,0.0,EXT-OPEN-METEO-KHI,KARACHI,OPENSOURCE_API_GRID,1250,,,,0.95,True,True,TIER2_OPENSOURCE_PURE;CONTINUOUS_MINUTE_STREAM;VERIFIED_MODEL_GRID,4b31078dd94e617fb9d99aa4fd62e52cc2107f44e61f47fa7758555135d87542,2026-09-22T20:49:00+00:00,2026-09-23 01:49:00,89.0,1007.7,91
13.5,19.9,37.7,1233.8,358.2,55.7,7.0,3.0,0.8,448.1,168.3,11.5,5.6,45.7,27.4,25.42,False,4095,0.0,10.0,0.0,EXT-OPEN-METEO-KHI,KARACHI,OPENSOURCE_API_GRID,1251,,,,0.95,True,True,TIER2_OPENSOURCE_PURE;CONTINUOUS_MINUTE_STREAM;VERIFIED_MODEL_GRID,0c2c203e1786edd466c01e18fd1ed8feb5db1b56aef25ec57e51fbebbacda0a8,2026-09-22T20:50:00+00:00,2026-09-23 01:50:00,89.0,1007.7,91
13.5,19.9,37.5,1233.8,358.2,55.7,7.0,3.0,0.8,448.1,167.9,11.5,5.6,45.8,27.4,25.42,False,4095,0.0,10.0,0.0,EXT-OPEN-METEO-KHI,KARACHI,OPENSOURCE_API_GRID,1252,,,,0.95,True,True,TIER2_OPENSOURCE_PURE;CONTINUOUS_MINUTE_STREAM;VERIFIED_MODEL_GRID,3f8699002ebd535f9566d3902c1daa0c7283fe72f942a454ac9839634e38b879,2026-09-22T20:51:00+00:00,2026-09-23 01:51:00,89.0,1007.7,91
13.5,19.8,37.4,1227.6,356.4,55.4,6.9,3.0,0.7,448.0,167.5,11.4,5.6,45.8,27.3,25.31,False,4095,0.0,10.0,0.0,EXT-OPEN-METEO-KHI,KARACHI,OPENSOURCE_API_GRID,1253,,,,0.95,True,True,TIER2_OPENSOURCE_PURE;CONTINUOUS_MINUTE_STREAM;VERIFIED_MODEL_GRID,01cbde718d5706165a4df2d7385f43502e725391f71d66a21bec563646ddf183,2026-09-22T20:52:00+00:00,2026-09-23 01:52:00,88.9,1007.7,91
13.4,19.7,37.3,1221.4,354.6,55.2,6.9,3.0,0.7,448.0,167.2,11.4,5.6,45.9,27.3,25.31,False,4095,0.0,10.0,0.0,EXT-OPEN-METEO-KHI,KARACHI,OPENSOURCE_API_GRID,1254,,,,0.95,True,True,TIER2_OPENSOURCE_PURE;CONTINUOUS_MINUTE_STREAM;VERIFIED_MODEL_GRID,777d06546ce82a808f3c9a18f037b7c1cbcab7707995e52493ec1d924ee250aa,2026-09-22T20:53:00+00:00,2026-09-23 01:53:00,88.9,1007.7,91
13.4,19.7,37.2,1221.4,354.6,55.2,6.9,3.0,0.7,448.0,166.9,11.3,5.6,45.9,27.3,25.31,False,4095,0.0,10.0,0.0,EXT-OPEN-METEO-KHI,KARACHI,OPENSOURCE_API_GRID,1255,,,,0.95,True,True,TIER2_OPENSOURCE_PURE;CONTINUOUS_MINUTE_STREAM;VERIFIED_MODEL_GRID,14bfc55d896cdacb7fff00c49081efe821bcce53571171b6967a5ff77305cfb6,2026-09-22T20:54:00+00:00,2026-09-23 01:54:00,88.9,1007.7,91
13.3,19.6,37.1,1215.2,352.8,54.9,6.9,3.0,0.7,448.0,166.6,11.3,5.6,45.9,27.3,25.31,False,4095,0.0,10.0,0.0,EXT-OPEN-METEO-KHI,KARACHI,OPENSOURCE_API_GRID,1256,,,,0.95,True,True,TIER2_OPENSOURCE_PURE;CONTINUOUS_MINUTE_STREAM;VERIFIED_MODEL_GRID,d827fc6fa96f5b51dc1b178986f711700f4044ec6c5f2c35340350043950f99a,2026-09-22T20:55:00+00:00,2026-09-23 01:55:00,88.9,1007.7,91
13.3,19.5,36.9,1209.0,351.0,54.6,6.8,3.0,0.7,448.0,166.4,11.3,5.6,46.0,27.3,25.31,False,4095,0.0,10.0,0.0,EXT-OPEN-METEO-KHI,KARACHI,OPENSOURCE_API_GRID,1257,,,,0.95,True,True,TIER2_OPENSOURCE_PURE;CONTINUOUS_MINUTE_STREAM;VERIFIED_MODEL_GRID,2690e5094b765226301d336006c8d8855268a95d6fa1bf6629aae1cd49b838c3,2026-09-22T20:56:00+00:00,2026-09-23 01:56:00,88.9,1007.7,91
13.3,19.5,36.9,1209.0,351.0,54.6,6.8,3.0,0.7,448.0,166.2,11.2,5.6,46.0,27.3,25.31,False,4095,0.0,10.0,0.0,EXT-OPEN-METEO-KHI,KARACHI,OPENSOURCE_API_GRID,1258,,,,0.95,True,True,TIER2_OPENSOURCE_PURE;CONTINUOUS_MINUTE_STREAM;VERIFIED_MODEL_GRID,1ec33a0d36014370d641d31781a460edbda861e01c463fff3227a8d69cb6ca41,2026-09-22T20:57:00+00:00,2026-09-23 01:57:00,88.9,1007.7,91
13.3,19.5,36.8,1209.0,351.0,54.6,6.8,2.9,0.7,448.0,166.1,11.2,5.6,46.0,27.3,25.31,False,4095,0.0,10.0,0.0,EXT-OPEN-METEO-KHI,KARACHI,OPENSOURCE_API_GRID,1259,,,,0.95,True,True,TIER2_OPENSOURCE_PURE;CONTINUOUS_MINUTE_STREAM;VERIFIED_MODEL_GRID,2f7bc74df2ea1111d89e8bdc4ce6e6faab0b3d9e7664826ff9fee57cffd6c439,2026-09-22T20:58:00+00:00,2026-09-23 01:58:00,88.9,1007.7,91
13.2,19.4,36.7,1202.8,349.2,54.3,6.8,2.9,0.7,448.0,166.0,11.2,5.6,46.0,27.3,25.31,False,4095,0.0,10.0,0.0,EXT-OPEN-METEO-KHI,KARACHI,OPENSOURCE_API_GRID,1260,,,,0.95,True,True,TIER2_OPENSOURCE_PURE;CONTINUOUS_MINUTE_STREAM;VERIFIED_MODEL_GRID,a69c614a34674cdf370dc56097c18e28ef0bdca7a7e44babcc855e9afa3c8f48,2026-09-22T20:59:00+00:00,2026-09-23 01:59:00,88.9,1007.7,91
13.2,19.4,36.7,1202.8,349.2,54.3,6.8,2.9,0.7,448.0,166.0,11.2,5.6,46.0,27.3,25.31,False,4095,0.0,10.0,0.0,EXT-OPEN-METEO-KHI,KARACHI,OPENSOURCE_API_GRID,1261,,,,0.95,True,False,TIER2_OPENSOURCE_PURE;HOURLY_NODE;VERIFIED_MODEL_GRID,c442e006e7b0ba39f58bb053f27e5907a43dd3c074bf9a74cd405a3198ed2714,2026-09-22T21:00:00+00:00,2026-09-23 02:00:00,88.9,1007.7,91
13.2,19.4,36.7,1202.8,349.2,54.3,6.8,2.9,0.7,448.0,166.0,11.2,5.6,46.0,27.3,25.31,False,4095,0.0,10.0,0.0,EXT-OPEN-METEO-KHI,KARACHI,OPENSOURCE_API_GRID,1262,,,,0.95,True,True,TIER2_OPENSOURCE_PURE;CONTINUOUS_MINUTE_STREAM;VERIFIED_MODEL_GRID,c860e65e15996760f1d36cf2e3e2795f2b10f7ce03e6d0563ba4b8587dec93ea,2026-09-22T21:01:00+00:00,2026-09-23 02:01:00,88.9,1007.7,91
13.2,19.4,36.7,1202.8,349.2,54.3,6.8,2.9,0.7,448.0,165.9,11.2,5.6,46.0,27.3,25.31,False,4095,0.0,10.0,0.0,EXT-OPEN-METEO-KHI,KARACHI,OPENSOURCE_API_GRID,1263,,,,0.95,True,True,TIER2_OPENSOURCE_PURE;CONTINUOUS_MINUTE_STREAM;VERIFIED_MODEL_GRID,7a73cec1765425d4e9a39df7da7e5f8d6835213e4066bd7b2e779542334fa2ca,2026-09-22T21:02:00+00:00,2026-09-23 02:02:00,88.9,1007.7,91
13.2,19.4,36.7,1202.8,349.2,54.3,6.8,2.9,0.7,448.0,165.8,11.2,5.6,46.0,27.2,25.21,False,4095,0.0,10.0,0.0,EXT-OPEN-METEO-KHI,KARACHI,OPENSOURCE_API_GRID,1264,,,,0.95,True,True,TIER2_OPENSOURCE_PURE;CONTINUOUS_MINUTE_STREAM;VERIFIED_MODEL_GRID,7c0a4b467faf4e918e6cdb6c87759a0975c252ed572cd75410bcea4301b55919,2026-09-22T21:03:00+00:00,2026-09-23 02:03:00,88.9,1007.7,91
13.2,19.4,36.7,1202.8,349.2,54.3,6.8,2.9,0.7,448.0,165.7,11.2,5.6,46.0,27.2,25.21,False,4095,0.0,10.0,0.0,EXT-OPEN-METEO-KHI,KARACHI,OPENSOURCE_API_GRID,1265,,,,0.95,True,True,TIER2_OPENSOURCE_PURE;CONTINUOUS_MINUTE_STREAM;VERIFIED_MODEL_GRID,be7c5e8b73e528c7a41a37f712e15d70f77703b3d99feda8f0bb06fec337973c,2026-09-22T21:04:00+00:00,2026-09-23 02:04:00,88.9,1007.7,91
13.2,19.4,36.7,1202.8,349.2,54.3,6.8,2.9,0.7,448.0,165.6,11.2,5.6,46.0,27.2,25.21,False,4095,0.0,10.0,0.0,EXT-OPEN-METEO-KHI,KARACHI,OPENSOURCE_API_GRID,1266,,,,0.95,True,True,TIER2_OPENSOURCE_PURE;CONTINUOUS_MINUTE_STREAM;VERIFIED_MODEL_GRID,aa3d69735015c5e53db13830d0623a3d94da58fdb06f239b0825efe3cd92c534,2026-09-22T21:05:00+00:00,2026-09-23 02:05:00,88.9,1007.7,91
13.3,19.5,36.7,1209.0,351.0,54.6,6.8,2.9,0.7,448.0,165.4,11.1,5.6,46.0,27.3,25.31,False,4095,0.0,10.0,0.0,EXT-OPEN-METEO-KHI,KARACHI,OPENSOURCE_API_GRID,1267,,,,0.95,True,True,TIER2_OPENSOURCE_PURE;CONTINUOUS_MINUTE_STREAM;VERIFIED_MODEL_GRID,5416d73560dc4fce7e22d374a31dc6572e2dd8c1cf72015b935654417bb947ee,2026-09-22T21:06:00+00:00,2026-09-23 02:06:00,88.9,1007.7,91
13.3,19.5,36.7,1209.0,351.0,54.6,6.8,2.9,0.7,448.0,165.2,11.1,5.6,46.1,27.3,25.33,False,4095,0.0,10.0,0.0,EXT-OPEN-METEO-KHI,KARACHI,OPENSOURCE_API_GRID,1268,,,,0.95,True,True,TIER2_OPENSOURCE_PURE;CONTINUOUS_MINUTE_STREAM;VERIFIED_MODEL_GRID,c42e4fcde464b62dca2db3a37c85c0bb98329db267936346276e005133644bb4,2026-09-22T21:07:00+00:00,2026-09-23 02:07:00,89.0,1007.7,91
13.3,19.5,36.7,1209.0,351.0,54.6,6.8,2.9,0.7,448.0,164.9,11.1,5.6,46.1,27.3,25.33,False,4095,0.0,10.0,0.0,EXT-OPEN-METEO-KHI,KARACHI,OPENSOURCE_API_GRID,1269,,,,0.95,True,True,TIER2_OPENSOURCE_PURE;CONTINUOUS_MINUTE_STREAM;VERIFIED_MODEL_GRID,42cc2ce74fb8814181c1f3df438f7a536a7afd0753c7521c501edef3848339b0,2026-09-22T21:08:00+00:00,2026-09-23 02:08:00,89.0,1007.7,91
13.3,19.5,36.7,1209.0,351.0,54.6,6.8,2.9,0.7,447.9,164.6,11.1,5.6,46.1,27.3,25.33,False,4095,0.0,10.0,0.0,EXT-OPEN-METEO-KHI,KARACHI,OPENSOURCE_API_GRID,1270,,,,0.95,True,True,TIER2_OPENSOURCE_PURE;CONTINUOUS_MINUTE_STREAM;VERIFIED_MODEL_GRID,e49ef7df9ee8ef55e643abcebaa07527b8aa84690c4b93e37d26c1972bac44ca,2026-09-22T21:09:00+00:00,2026-09-23 02:09:00,89.0,1007.7,91
13.3,19.5,36.7,1209.0,351.0,54.6,6.8,2.9,0.7,447.9,164.3,11.0,5.6,46.1,27.3,25.33,False,4095,0.0,10.0,0.0,EXT-OPEN-METEO-KHI,KARACHI,OPENSOURCE_API_GRID,1271,,,,0.95,True,True,TIER2_OPENSOURCE_PURE;CONTINUOUS_MINUTE_STREAM;VERIFIED_MODEL_GRID,17131e468376300cddcb2686fc8e370726580cdbfdf2025165e9c147aadfaad0,2026-09-22T21:10:00+00:00,2026-09-23 02:10:00,89.0,1007.7,91
13.2,19.4,36.5,1202.8,349.2,54.3,6.8,2.9,0.7,447.9,164.0,11.0,5.6,46.2,27.3,25.36,False,4095,0.0,10.0,0.0,EXT-OPEN-METEO-KHI,KARACHI,OPENSOURCE_API_GRID,1272,,,,0.95,True,True,TIER2_OPENSOURCE_PURE;CONTINUOUS_MINUTE_STREAM;VERIFIED_MODEL_GRID,a677a47be2e987effbd77e7398e3076a22ae622f7177a9cb87a778474641c556,2026-09-22T21:11:00+00:00,2026-09-23 02:11:00,89.2,1007.7,91
13.3,19.5,36.5,1209.0,351.0,54.6,6.8,2.9,0.7,447.9,163.6,10.9,5.6,46.2,27.3,25.35,False,4095,0.0,10.0,0.0,EXT-OPEN-METEO-KHI,KARACHI,OPENSOURCE_API_GRID,1273,,,,0.95,True,True,TIER2_OPENSOURCE_PURE;CONTINUOUS_MINUTE_STREAM;VERIFIED_MODEL_GRID,046caf10055f757e87b26d3a63f4eb8034f0a93dd433057775e5c509ec1e307f,2026-09-22T21:12:00+00:00,2026-09-23 02:12:00,89.1,1007.7,91
13.3,19.5,36.5,1209.0,351.0,54.6,6.8,2.9,0.7,447.9,163.2,10.9,5.6,46.2,27.3,25.35,False,4095,0.0,10.0,0.0,EXT-OPEN-METEO-KHI,KARACHI,OPENSOURCE_API_GRID,1274,,,,0.95,True,True,TIER2_OPENSOURCE_PURE;CONTINUOUS_MINUTE_STREAM;VERIFIED_MODEL_GRID,33be2c7bfe3dd149dff4629a4610ba1f9e0a386ab117ff4fb57a3af846b9be7c,2026-09-22T21:13:00+00:00,2026-09-23 02:13:00,89.1,1007.7,91
13.3,19.5,36.5,1209.0,351.0,54.6,6.8,2.9,0.7,447.9,162.8,10.9,5.6,46.3,27.3,25.35,False,4095,0.0,10.0,0.0,EXT-OPEN-METEO-KHI,KARACHI,OPENSOURCE_API_GRID,1275,,,,0.95,True,True,TIER2_OPENSOURCE_PURE;CONTINUOUS_MINUTE_STREAM;VERIFIED_MODEL_GRID,66578edd8505064fc24ad51519461f52d2e5c40205ace0eebeb461ca9d62d799,2026-09-22T21:14:00+00:00,2026-09-23 02:14:00,89.1,1007.7,91
13.3,19.5,36.4,1209.0,351.0,54.6,6.8,2.9,0.7,447.9,162.3,10.8,5.6,46.3,27.3,25.35,False,4095,0.0,10.0,0.0,EXT-OPEN-METEO-KHI,KARACHI,OPENSOURCE_API_GRID,1276,,,,0.95,True,True,TIER2_OPENSOURCE_PURE;CONTINUOUS_MINUTE_STREAM;VERIFIED_MODEL_GRID,c396f9c9347ea3c0e5b24560876e89d3c2774e5a885495774886f23cb6bfbfcd,2026-09-22T21:15:00+00:00,2026-09-23 02:15:00,89.1,1007.7,91
13.2,19.4,36.3,1202.8,349.2,54.3,6.8,2.9,0.7,447.8,161.9,10.8,5.6,46.3,27.3,25.35,False,4095,0.0,10.0,0.0,EXT-OPEN-METEO-KHI,KARACHI,OPENSOURCE_API_GRID,1277,,,,0.95,True,True,TIER2_OPENSOURCE_PURE;CONTINUOUS_MINUTE_STREAM;VERIFIED_MODEL_GRID,1750c08c14f2b8e95350efbfca616e34fe05cec43b1f018f1b19638cee1e8aaf,2026-09-22T21:16:00+00:00,2026-09-23 02:16:00,89.1,1007.6,91
13.2,19.4,36.2,1202.8,349.2,54.3,6.8,2.9,0.7,447.8,161.4,10.7,5.5,46.4,27.3,25.35,False,4095,0.0,10.0,0.0,EXT-OPEN-METEO-KHI,KARACHI,OPENSOURCE_API_GRID,1278,,,,0.95,True,True,TIER2_OPENSOURCE_PURE;CONTINUOUS_MINUTE_STREAM;VERIFIED_MODEL_GRID,ac07fdd86c5fe3496df06b1dc90d71c52633aa6e0d504265a04fe9264f6b0aed,2026-09-22T21:17:00+00:00,2026-09-23 02:17:00,89.1,1007.6,91
13.2,19.4,36.1,1202.8,349.2,54.3,6.8,2.9,0.7,447.8,160.8,10.6,5.5,46.4,27.3,25.35,False,4095,0.0,10.0,0.0,EXT-OPEN-METEO-KHI,KARACHI,OPENSOURCE_API_GRID,1279,,,,0.95,True,True,TIER2_OPENSOURCE_PURE;CONTINUOUS_MINUTE_STREAM;VERIFIED_MODEL_GRID,44f8d6b5f19eeed5133601d1085f6b4927ef16e45efcfaea7bc2c6be5304bdc1,2026-09-22T21:18:00+00:00,2026-09-23 02:18:00,89.1,1007.6,91
13.1,19.3,36.0,1196.6,347.4,54.0,6.8,2.9,0.7,447.8,160.3,10.6,5.5,46.5,27.3,25.33,False,4095,0.0,10.0,0.0,EXT-OPEN-METEO-KHI,KARACHI,OPENSOURCE_API_GRID,1280,,,,0.95,True,True,TIER2_OPENSOURCE_PURE;CONTINUOUS_MINUTE_STREAM;VERIFIED_MODEL_GRID,a870d599eddbe438e3cd90de67c04bd6bcc58721f013971cebb0bc73a7445fef,2026-09-22T21:19:00+00:00,2026-09-23 02:19:00,89.0,1007.6,91
13.1,19.3,35.8,1196.6,347.4,54.0,6.8,2.9,0.7,447.8,159.8,10.5,5.5,46.5,27.3,25.33,False,4095,0.0,10.0,0.0,EXT-OPEN-METEO-KHI,KARACHI,OPENSOURCE_API_GRID,1281,,,,0.95,True,True,TIER2_OPENSOURCE_PURE;CONTINUOUS_MINUTE_STREAM;VERIFIED_MODEL_GRID,721ac8c25c57a38b7bfbe22c5d9c919f206e15e4abdd855dcbaad7bc9e1b1648,2026-09-22T21:20:00+00:00,2026-09-23 02:20:00,89.0,1007.6,91
13.1,19.2,35.7,1190.4,345.6,53.8,6.7,2.9,0.7,447.7,159.2,10.5,5.5,46.5,27.3,25.33,False,4095,0.0,10.0,0.0,EXT-OPEN-METEO-KHI,KARACHI,OPENSOURCE_API_GRID,1282,,,,0.95,True,True,TIER2_OPENSOURCE_PURE;CONTINUOUS_MINUTE_STREAM;VERIFIED_MODEL_GRID,35dc2f1ecd8295ad610abeb243daa7835d1d1056772b937a279e223773b4374c,2026-09-22T21:21:00+00:00,2026-09-23 02:21:00,89.0,1007.6,91
13.0,19.1,35.5,1184.2,343.8,53.5,6.7,2.8,0.7,447.7,158.6,10.4,5.5,46.6,27.3,25.33,False,4095,0.0,10.0,0.0,EXT-OPEN-METEO-KHI,KARACHI,OPENSOURCE_API_GRID,1283,,,,0.95,True,True,TIER2_OPENSOURCE_PURE;CONTINUOUS_MINUTE_STREAM;VERIFIED_MODEL_GRID,2b7db61a27d36d2cd57053d8019bc84ef58f794c881bf1ba233a8d0abda5d6a1,2026-09-22T21:22:00+00:00,2026-09-23 02:22:00,89.0,1007.6,91
12.9,19.0,35.3,1178.0,342.0,53.2,6.6,2.8,0.7,447.7,158.0,10.3,5.5,46.6,27.3,25.31,False,4095,0.0,10.0,0.0,EXT-OPEN-METEO-KHI,KARACHI,OPENSOURCE_API_GRID,1284,,,,0.95,True,True,TIER2_OPENSOURCE_PURE;CONTINUOUS_MINUTE_STREAM;VERIFIED_MODEL_GRID,7c8494e248aa09d9c0ecac04658588ed850324a9fd9decf62fa27dd47c0e3f60,2026-09-22T21:23:00+00:00,2026-09-23 02:23:00,88.9,1007.6,91
12.9,19.0,35.1,1178.0,342.0,53.2,6.6,2.8,0.7,447.7,157.4,10.3,5.5,46.7,27.3,25.31,False,4095,0.0,10.0,0.0,EXT-OPEN-METEO-KHI,KARACHI,OPENSOURCE_API_GRID,1285,,,,0.95,True,True,TIER2_OPENSOURCE_PURE;CONTINUOUS_MINUTE_STREAM;VERIFIED_MODEL_GRID,483a9c98f56a0d37f3084548286d2bcb17e95f27d9e5e1616fd65626f5504cd1,2026-09-22T21:24:00+00:00,2026-09-23 02:24:00,88.9,1007.6,91
12.9,18.9,34.9,1171.8,340.2,52.9,6.6,2.8,0.7,447.6,156.7,10.2,5.5,46.7,27.2,25.21,False,4095,0.0,10.0,0.0,EXT-OPEN-METEO-KHI,KARACHI,OPENSOURCE_API_GRID,1286,,,,0.95,True,True,TIER2_OPENSOURCE_PURE;CONTINUOUS_MINUTE_STREAM;VERIFIED_MODEL_GRID,b6d5068ef1dc6fd6a12757f68e1f5ee3f582824f84cd28c6231d37a2a462e408,2026-09-22T21:25:00+00:00,2026-09-23 02:25:00,88.9,1007.6,91
12.8,18.8,34.7,1165.6,338.4,52.6,6.6,2.8,0.7,447.6,156.1,10.1,5.5,46.8,27.2,25.21,False,4095,0.0,10.0,0.0,EXT-OPEN-METEO-KHI,KARACHI,OPENSOURCE_API_GRID,1287,,,,0.95,True,True,TIER2_OPENSOURCE_PURE;CONTINUOUS_MINUTE_STREAM;VERIFIED_MODEL_GRID,579073c0b7f8c224be9f6d58fb09a9dfe86932586281cec039a1f15fef84dfa7,2026-09-22T21:26:00+00:00,2026-09-23 02:26:00,88.9,1007.6,91
12.7,18.7,34.5,1159.4,336.6,52.4,6.5,2.8,0.7,447.6,155.5,10.1,5.5,46.8,27.2,25.21,False,4095,0.0,10.0,0.0,EXT-OPEN-METEO-KHI,KARACHI,OPENSOURCE_API_GRID,1288,,,,0.95,True,True,TIER2_OPENSOURCE_PURE;CONTINUOUS_MINUTE_STREAM;VERIFIED_MODEL_GRID,146a373a9a27698079354aeb8bb2d9237b999097ea01dfe08bc4858fed28ae65,2026-09-22T21:27:00+00:00,2026-09-23 02:27:00,88.9,1007.5,91
12.6,18.6,34.3,1153.2,334.8,52.1,6.5,2.7,0.7,447.6,154.8,10.0,5.5,46.9,27.2,25.21,False,4095,0.0,10.0,0.0,EXT-OPEN-METEO-KHI,KARACHI,OPENSOURCE_API_GRID,1289,,,,0.95,True,True,TIER2_OPENSOURCE_PURE;CONTINUOUS_MINUTE_STREAM;VERIFIED_MODEL_GRID,af80828c1a88fff5baa78c5753b1c8ac9f487b16792d3f9abd5148770aa4f4ef,2026-09-22T21:28:00+00:00,2026-09-23 02:28:00,88.9,1007.5,91
12.6,18.5,34.1,1147.0,333.0,51.8,6.5,2.7,0.7,447.5,154.2,9.9,5.5,46.9,27.2,25.21,False,4095,0.0,10.0,0.0,EXT-OPEN-METEO-KHI,KARACHI,OPENSOURCE_API_GRID,1290,,,,0.95,True,True,TIER2_OPENSOURCE_PURE;CONTINUOUS_MINUTE_STREAM;VERIFIED_MODEL_GRID,71e9933eed9cc292f7ef12331aaf79a5957ee2f5c77bc1dfc7f609db7bca71a2,2026-09-22T21:29:00+00:00,2026-09-23 02:29:00,88.9,1007.5,91
12.5,18.4,33.9,1140.8,331.2,51.5,6.4,2.7,0.7,447.5,153.5,9.8,5.4,47.0,27.2,25.21,False,4095,0.0,10.0,0.0,EXT-OPEN-METEO-KHI,KARACHI,OPENSOURCE_API_GRID,1291,,,,0.95,True,True,TIER2_OPENSOURCE_PURE;CONTINUOUS_MINUTE_STREAM;VERIFIED_MODEL_GRID,cd84c7ef712aedbdbd9a14399fb5291319aaaef84fe7d4fa9fab7eafd7c4deec,2026-09-22T21:30:00+00:00,2026-09-23 02:30:00,88.9,1007.5,91
12.5,18.4,33.7,1140.8,331.2,51.5,6.4,2.7,0.7,447.5,152.8,9.8,5.4,47.1,27.2,25.21,False,4095,0.0,10.0,0.0,EXT-OPEN-METEO-KHI,KARACHI,OPENSOURCE_API_GRID,1292,,,,0.95,True,True,TIER2_OPENSOURCE_PURE;CONTINUOUS_MINUTE_STREAM;VERIFIED_MODEL_GRID,a64259daacf06b06d3143476eef5f0531b40f033361831166e1e967fc0ff37c6,2026-09-22T21:31:00+00:00,2026-09-23 02:31:00,88.9,1007.5,91
12.4,18.3,33.6,1134.6,329.4,51.2,6.4,2.7,0.7,447.4,152.2,9.7,5.4,47.1,27.1,25.11,False,4095,0.0,10.0,0.0,EXT-OPEN-METEO-KHI,KARACHI,OPENSOURCE_API_GRID,1293,,,,0.95,True,True,TIER2_OPENSOURCE_PURE;CONTINUOUS_MINUTE_STREAM;VERIFIED_MODEL_GRID,b7803ff32ef0e417a7996cdae424da51ccb0fe4d23fd7d5770e0c7da9605a85e,2026-09-22T21:32:00+00:00,2026-09-23 02:32:00,88.9,1007.5,91
12.4,18.2,33.4,1128.4,327.6,51.0,6.4,2.7,0.7,447.4,151.5,9.6,5.4,47.2,27.1,25.11,False,4095,0.0,10.0,0.0,EXT-OPEN-METEO-KHI,KARACHI,OPENSOURCE_API_GRID,1294,,,,0.95,True,True,TIER2_OPENSOURCE_PURE;CONTINUOUS_MINUTE_STREAM;VERIFIED_MODEL_GRID,03a02fd60ba1a06764d924debff478c65d8d163a5f10e3341329ade6ffc5ae8c,2026-09-22T21:33:00+00:00,2026-09-23 02:33:00,88.9,1007.5,91
12.4,18.2,33.3,1128.4,327.6,51.0,6.4,2.7,0.7,447.4,150.9,9.6,5.4,47.2,27.1,25.11,False,4095,0.0,10.0,0.0,EXT-OPEN-METEO-KHI,KARACHI,OPENSOURCE_API_GRID,1295,,,,0.95,True,True,TIER2_OPENSOURCE_PURE;CONTINUOUS_MINUTE_STREAM;VERIFIED_MODEL_GRID,7954441e4677614d327eafce6b5889e510116023540a1447f8be0d2cdbe1e346,2026-09-22T21:34:00+00:00,2026-09-23 02:34:00,88.9,1007.5,91
12.4,18.2,33.2,1128.4,327.6,51.0,6.4,2.7,0.7,447.4,150.3,9.5,5.4,47.3,27.1,25.11,False,4095,0.0,10.0,0.0,EXT-OPEN-METEO-KHI,KARACHI,OPENSOURCE_API_GRID,1296,,,,0.95,True,True,TIER2_OPENSOURCE_PURE;CONTINUOUS_MINUTE_STREAM;VERIFIED_MODEL_GRID,223bbcbd233fb278c6ad62052fba4fa7cf7bf943c76f50493ee3f61dfaa29c29,2026-09-22T21:35:00+00:00,2026-09-23 02:35:00,88.9,1007.5,91
12.4,18.2,33.1,1128.4,327.6,51.0,6.4,2.6,0.7,447.3,149.6,9.4,5.4,47.3,27.1,25.11,False,4095,0.0,10.0,0.0,EXT-OPEN-METEO-KHI,KARACHI,OPENSOURCE_API_GRID,1297,,,,0.95,True,True,TIER2_OPENSOURCE_PURE;CONTINUOUS_MINUTE_STREAM;VERIFIED_MODEL_GRID,8a0fd3a18aa879d9d5fd59735639879d720c2c0ad193281d3602aeefadba6483,2026-09-22T21:36:00+00:00,2026-09-23 02:36:00,88.9,1007.4,91
12.3,18.1,33.0,1122.2,325.8,50.7,6.3,2.6,0.7,447.3,149.0,9.4,5.4,47.4,27.1,25.11,False,4095,0.0,10.0,0.0,EXT-OPEN-METEO-KHI,KARACHI,OPENSOURCE_API_GRID,1298,,,,0.95,True,True,TIER2_OPENSOURCE_PURE;CONTINUOUS_MINUTE_STREAM;VERIFIED_MODEL_GRID,88834b098199765d4f1e583cd4a2fc1227ac5fe7615753bfa34352a31e97fd29,2026-09-22T21:37:00+00:00,2026-09-23 02:37:00,88.9,1007.4,91
12.3,18.1,32.9,1122.2,325.8,50.7,6.3,2.6,0.7,447.3,148.4,9.3,5.4,47.4,27.1,25.13,False,4095,0.0,10.0,0.0,EXT-OPEN-METEO-KHI,KARACHI,OPENSOURCE_API_GRID,1299,,,,0.95,True,True,TIER2_OPENSOURCE_PURE;CONTINUOUS_MINUTE_STREAM;VERIFIED_MODEL_GRID,354cbed25dab318e2e916243d7e8c96abff69b0bb2654ceedef439c57f216280,2026-09-22T21:38:00+00:00,2026-09-23 02:38:00,89.0,1007.4,91
12.3,18.1,32.8,1122.2,325.8,50.7,6.3,2.6,0.7,447.3,147.8,9.2,5.4,47.5,27.1,25.13,False,4095,0.0,10.0,0.0,EXT-OPEN-METEO-KHI,KARACHI,OPENSOURCE_API_GRID,1300,,,,0.95,True,True,TIER2_OPENSOURCE_PURE;CONTINUOUS_MINUTE_STREAM;VERIFIED_MODEL_GRID,3c57445410d3214355711bf2613d3d15f95d5728e444f158136eee703cdae92f,2026-09-22T21:39:00+00:00,2026-09-23 02:39:00,89.0,1007.4,91
12.3,18.1,32.8,1122.2,325.8,50.7,6.3,2.6,0.7,447.2,147.2,9.2,5.4,47.5,27.1,25.13,False,4095,0.0,10.0,0.0,EXT-OPEN-METEO-KHI,KARACHI,OPENSOURCE_API_GRID,1301,,,,0.95,True,True,TIER2_OPENSOURCE_PURE;CONTINUOUS_MINUTE_STREAM;VERIFIED_MODEL_GRID,56308c141db3800933a67955382f1008fbf5898979eaa77686b4f43b7d402b9b,2026-09-22T21:40:00+00:00,2026-09-23 02:40:00,89.0,1007.4,91
12.3,18.1,32.7,1122.2,325.8,50.7,6.3,2.6,0.7,447.2,146.7,9.1,5.4,47.5,27.1,25.13,False,4095,0.0,10.0,0.0,EXT-OPEN-METEO-KHI,KARACHI,OPENSOURCE_API_GRID,1302,,,,0.95,True,True,TIER2_OPENSOURCE_PURE;CONTINUOUS_MINUTE_STREAM;VERIFIED_MODEL_GRID,3e36b98c34efab97a5d5ad76a83b50e1f1f4362152e9f6e76e8466d06cbe2b39,2026-09-22T21:41:00+00:00,2026-09-23 02:41:00,89.0,1007.4,91
12.2,18.0,32.5,1116.0,324.0,50.4,6.3,2.6,0.7,447.2,146.2,9.1,5.4,47.6,27.1,25.17,False,4095,0.0,10.0,0.0,EXT-OPEN-METEO-KHI,KARACHI,OPENSOURCE_API_GRID,1303,,,,0.95,True,True,TIER2_OPENSOURCE_PURE;CONTINUOUS_MINUTE_STREAM;VERIFIED_MODEL_GRID,25e1011f692d730b6618a319dacbbfb206ebee64a7096c3e62c24ede5ac2b59e,2026-09-22T21:42:00+00:00,2026-09-23 02:42:00,89.2,1007.4,91
12.2,18.0,32.4,1116.0,324.0,50.4,6.3,2.6,0.6,447.2,145.6,9.0,5.4,47.6,27.1,25.15,False,4095,0.0,10.0,0.0,EXT-OPEN-METEO-KHI,KARACHI,OPENSOURCE_API_GRID,1304,,,,0.95,True,True,TIER2_OPENSOURCE_PURE;CONTINUOUS_MINUTE_STREAM;VERIFIED_MODEL_GRID,e671ea6c5872c4b75fe52c25c57f4d18a45e1daf016072954f26a4cbe9ee346b,2026-09-22T21:43:00+00:00,2026-09-23 02:43:00,89.1,1007.4,91
12.2,18.0,32.4,1116.0,324.0,50.4,6.3,2.6,0.6,447.2,145.1,8.9,5.3,47.7,27.2,25.25,False,4095,0.0,10.0,0.0,EXT-OPEN-METEO-KHI,KARACHI,OPENSOURCE_API_GRID,1305,,,,0.95,True,True,TIER2_OPENSOURCE_PURE;CONTINUOUS_MINUTE_STREAM;VERIFIED_MODEL_GRID,68b82a1c9e4a99ede401553e94db8589bacdba2e50c2613ef3f013c9b729b73a,2026-09-22T21:44:00+00:00,2026-09-23 02:44:00,89.1,1007.4,91
12.2,18.0,32.3,1116.0,324.0,50.4,6.3,2.6,0.6,447.1,144.7,8.9,5.3,47.7,27.2,25.25,False,4095,0.0,10.0,0.0,EXT-OPEN-METEO-KHI,KARACHI,OPENSOURCE_API_GRID,1306,,,,0.95,True,True,TIER2_OPENSOURCE_PURE;CONTINUOUS_MINUTE_STREAM;VERIFIED_MODEL_GRID,0e21c08b58dec37b393d2a1dd1ae1298a50f71f471097c33b0093d040b518bb4,2026-09-22T21:45:00+00:00,2026-09-23 02:45:00,89.1,1007.4,91
12.2,18.0,32.3,1116.0,324.0,50.4,6.3,2.6,0.6,447.1,144.2,8.8,5.3,47.7,27.2,25.25,False,4095,0.0,10.0,0.0,EXT-OPEN-METEO-KHI,KARACHI,OPENSOURCE_API_GRID,1307,,,,0.95,True,True,TIER2_OPENSOURCE_PURE;CONTINUOUS_MINUTE_STREAM;VERIFIED_MODEL_GRID,ce370aaefef57b8a20fb3a87b9c9dbf33a1261b34d9b20fb63542647578352a2,2026-09-22T21:46:00+00:00,2026-09-23 02:46:00,89.1,1007.4,91
12.2,18.0,32.2,1116.0,324.0,50.4,6.3,2.6,0.6,447.1,143.8,8.8,5.3,47.8,27.2,25.25,False,4095,0.0,10.0,0.0,EXT-OPEN-METEO-KHI,KARACHI,OPENSOURCE_API_GRID,1308,,,,0.95,True,True,TIER2_OPENSOURCE_PURE;CONTINUOUS_MINUTE_STREAM;VERIFIED_MODEL_GRID,e59c41854e2492e44fbcfc2dae35d7ea8cbe4bf65ff433e5d8ecba73ede791bb,2026-09-22T21:47:00+00:00,2026-09-23 02:47:00,89.1,1007.4,91
12.2,18.0,32.1,1116.0,324.0,50.4,6.3,2.6,0.6,447.1,143.4,8.8,5.3,47.8,27.2,25.25,False,4095,0.0,10.0,0.0,EXT-OPEN-METEO-KHI,KARACHI,OPENSOURCE_API_GRID,1309,,,,0.95,True,True,TIER2_OPENSOURCE_PURE;CONTINUOUS_MINUTE_STREAM;VERIFIED_MODEL_GRID,07ee83f4541b8a877910a94ff99038f99ca91458640465ab50d68726d4cc8dd5,2026-09-22T21:48:00+00:00,2026-09-23 02:48:00,89.1,1007.4,91
12.2,18.0,32.1,1116.0,324.0,50.4,6.3,2.6,0.6,447.1,143.0,8.7,5.3,47.8,27.2,25.25,False,4095,0.0,10.0,0.0,EXT-OPEN-METEO-KHI,KARACHI,OPENSOURCE_API_GRID,1310,,,,0.95,True,True,TIER2_OPENSOURCE_PURE;CONTINUOUS_MINUTE_STREAM;VERIFIED_MODEL_GRID,ea735daf8fe9f6c8c83f6ce313eb47f872fa6456630d8852f62f6bf24dee85a2,2026-09-22T21:49:00+00:00,2026-09-23 02:49:00,89.1,1007.3,91
12.2,17.9,32.0,1109.8,322.2,50.1,6.3,2.6,0.6,447.1,142.7,8.7,5.3,47.9,27.2,25.23,False,4095,0.0,10.0,0.0,EXT-OPEN-METEO-KHI,KARACHI,OPENSOURCE_API_GRID,1311,,,,0.95,True,True,TIER2_OPENSOURCE_PURE;CONTINUOUS_MINUTE_STREAM;VERIFIED_MODEL_GRID,2101f4f7bc1c65502b740e01d60b4bf917cb70193f3fd64328e5543d41881ac0,2026-09-22T21:50:00+00:00,2026-09-23 02:50:00,89.0,1007.3,91
12.2,17.9,31.9,1109.8,322.2,50.1,6.3,2.6,0.6,447.1,142.4,8.6,5.3,47.9,27.2,25.23,False,4095,0.0,10.0,0.0,EXT-OPEN-METEO-KHI,KARACHI,OPENSOURCE_API_GRID,1312,,,,0.95,True,True,TIER2_OPENSOURCE_PURE;CONTINUOUS_MINUTE_STREAM;VERIFIED_MODEL_GRID,52b2df95b945731897e226f2a34fbab9d1c8619871c244ebd2d31ece1ffe4558,2026-09-22T21:51:00+00:00,2026-09-23 02:51:00,89.0,1007.3,91
12.1,17.8,31.8,1103.6,320.4,49.8,6.2,2.5,0.6,447.0,142.1,8.6,5.3,47.9,27.2,25.23,False,4095,0.0,10.0,0.0,EXT-OPEN-METEO-KHI,KARACHI,OPENSOURCE_API_GRID,1313,,,,0.95,True,True,TIER2_OPENSOURCE_PURE;CONTINUOUS_MINUTE_STREAM;VERIFIED_MODEL_GRID,c4619b4e768a36e3fe3ae62d7c93afbe1d9233fca2d70ffdaf3706ef085559ef,2026-09-22T21:52:00+00:00,2026-09-23 02:52:00,89.0,1007.3,91
12.1,17.8,31.7,1103.6,320.4,49.8,6.2,2.5,0.6,447.0,141.8,8.6,5.3,47.9,27.1,25.13,False,4095,0.0,10.0,0.0,EXT-OPEN-METEO-KHI,KARACHI,OPENSOURCE_API_GRID,1314,,,,0.95,True,True,TIER2_OPENSOURCE_PURE;CONTINUOUS_MINUTE_STREAM;VERIFIED_MODEL_GRID,cad17ee24353c11d8a780fa4f5039ab2f5226a197b190171683645ff0d8f2202,2026-09-22T21:53:00+00:00,2026-09-23 02:53:00,89.0,1007.3,91
12.0,17.7,31.6,1097.4,318.6,49.6,6.2,2.5,0.6,447.0,141.6,8.6,5.3,48.0,27.1,25.11,False,4095,0.0,10.0,0.0,EXT-OPEN-METEO-KHI,KARACHI,OPENSOURCE_API_GRID,1315,,,,0.95,True,True,TIER2_OPENSOURCE_PURE;CONTINUOUS_MINUTE_STREAM;VERIFIED_MODEL_GRID,adcea249443a401fea6b08351733d67396816d9ccce4aba829f552516138d478,2026-09-22T21:54:00+00:00,2026-09-23 02:54:00,88.9,1007.3,91
12.0,17.7,31.5,1097.4,318.6,49.6,6.2,2.5,0.6,447.0,141.4,8.5,5.3,48.0,27.1,25.11,False,4095,0.0,10.0,0.0,EXT-OPEN-METEO-KHI,KARACHI,OPENSOURCE_API_GRID,1316,,,,0.95,True,True,TIER2_OPENSOURCE_PURE;CONTINUOUS_MINUTE_STREAM;VERIFIED_MODEL_GRID,7169ec7174bb5571ee08a7771511d5db9e1fed02eeb634b2288e5339d60e329a,2026-09-22T21:55:00+00:00,2026-09-23 02:55:00,88.9,1007.3,91
12.0,17.6,31.4,1091.2,316.8,49.3,6.2,2.5,0.6,447.0,141.3,8.5,5.3,48.0,27.1,25.11,False,4095,0.0,10.0,0.0,EXT-OPEN-METEO-KHI,KARACHI,OPENSOURCE_API_GRID,1317,,,,0.95,True,True,TIER2_OPENSOURCE_PURE;CONTINUOUS_MINUTE_STREAM;VERIFIED_MODEL_GRID,2b820b5699e6fb600dcc70c7243a57c2e89628cb421b3b82d34ecdcec97133d2,2026-09-22T21:56:00+00:00,2026-09-23 02:56:00,88.9,1007.3,91
12.0,17.6,31.3,1091.2,316.8,49.3,6.2,2.5,0.6,447.0,141.2,8.5,5.3,48.0,27.1,25.11,False,4095,0.0,10.0,0.0,EXT-OPEN-METEO-KHI,KARACHI,OPENSOURCE_API_GRID,1318,,,,0.95,True,True,TIER2_OPENSOURCE_PURE;CONTINUOUS_MINUTE_STREAM;VERIFIED_MODEL_GRID,f0a49d38f64d364b82206106efa2432c4c2ea41290800112d9d808083fdc649c,2026-09-22T21:57:00+00:00,2026-09-23 02:57:00,88.9,1007.3,91
11.9,17.5,31.2,1085.0,315.0,49.0,6.1,2.5,0.6,447.0,141.1,8.5,5.3,48.0,27.1,25.11,False,4095,0.0,10.0,0.0,EXT-OPEN-METEO-KHI,KARACHI,OPENSOURCE_API_GRID,1319,,,,0.95,True,True,TIER2_OPENSOURCE_PURE;CONTINUOUS_MINUTE_STREAM;VERIFIED_MODEL_GRID,8b9517b0fbf16cf805e399eb3b621b473a7b5823b751026d7262686990b6202e,2026-09-22T21:58:00+00:00,2026-09-23 02:58:00,88.9,1007.3,91
11.9,17.5,31.1,1085.0,315.0,49.0,6.1,2.5,0.6,447.0,141.0,8.5,5.3,48.0,27.1,25.11,False,4095,0.0,10.0,0.0,EXT-OPEN-METEO-KHI,KARACHI,OPENSOURCE_API_GRID,1320,,,,0.95,True,True,TIER2_OPENSOURCE_PURE;CONTINUOUS_MINUTE_STREAM;VERIFIED_MODEL_GRID,c29b263552b7589bd4e71fdfedfda26ea175b2cae56f85b1d129dc94e68a3283,2026-09-22T21:59:00+00:00,2026-09-23 02:59:00,88.9,1007.3,91
11.8,17.4,31.1,1078.8,313.2,48.7,6.1,2.5,0.6,447.0,141.0,8.5,5.3,48.0,27.1,25.11,False,4095,0.0,10.0,0.0,EXT-OPEN-METEO-KHI,KARACHI,OPENSOURCE_API_GRID,1321,,,,0.95,True,False,TIER2_OPENSOURCE_PURE;HOURLY_NODE;VERIFIED_MODEL_GRID,8b368ce1276faf59d1f8783199a43bd24cebb906902c86f4e73685c332ac5072,2026-09-22T22:00:00+00:00,2026-09-23 03:00:00,88.9,1007.3,90
11.8,17.4,31.0,1078.8,313.2,48.7,6.1,2.5,0.6,447.0,141.0,8.5,5.3,48.0,27.1,25.09,False,4095,0.0,10.0,0.0,EXT-OPEN-METEO-KHI,KARACHI,OPENSOURCE_API_GRID,1322,,,,0.95,True,True,TIER2_OPENSOURCE_PURE;CONTINUOUS_MINUTE_STREAM;VERIFIED_MODEL_GRID,15e4214dc17c0a5a9515189add21bd137e6c2c4d03cddf5dc845f5b0332978bf,2026-09-22T22:01:00+00:00,2026-09-23 03:01:00,88.8,1007.3,90
11.8,17.4,31.0,1078.8,313.2,48.7,6.1,2.5,0.6,447.0,141.0,8.5,5.3,48.0,27.1,25.11,False,4095,0.0,10.0,0.0,EXT-OPEN-METEO-KHI,KARACHI,OPENSOURCE_API_GRID,1323,,,,0.95,True,True,TIER2_OPENSOURCE_PURE;CONTINUOUS_MINUTE_STREAM;VERIFIED_MODEL_GRID,84db24cdb08d87c5a5c5c1d7f2f26d3cc59af81da0c5bb3fea5258e183a65756,2026-09-22T22:02:00+00:00,2026-09-23 03:02:00,88.9,1007.3,90
11.8,17.4,31.0,1078.8,313.2,48.7,6.1,2.5,0.6,447.0,140.9,8.5,5.3,48.0,27.1,25.11,False,4095,0.0,10.0,0.0,EXT-OPEN-METEO-KHI,KARACHI,OPENSOURCE_API_GRID,1324,,,,0.95,True,True,TIER2_OPENSOURCE_PURE;CONTINUOUS_MINUTE_STREAM;VERIFIED_MODEL_GRID,c7b6ec645aa51d66f0a2a0d6641eab15f7c9a37d16817f02be311e05ad5c141c,2026-09-22T22:03:00+00:00,2026-09-23 03:03:00,88.9,1007.3,90
11.8,17.4,31.0,1078.8,313.2,48.7,6.1,2.5,0.6,447.0,140.9,8.5,5.3,48.0,27.1,25.11,False,4095,0.0,10.0,0.0,EXT-OPEN-METEO-KHI,KARACHI,OPENSOURCE_API_GRID,1325,,,,0.95,True,True,TIER2_OPENSOURCE_PURE;CONTINUOUS_MINUTE_STREAM;VERIFIED_MODEL_GRID,33d4d7525c2d55efc9d49cdaabe6fdd1327ec182f0176b75bb82c53b177dd28e,2026-09-22T22:04:00+00:00,2026-09-23 03:04:00,88.9,1007.3,90
11.8,17.4,31.0,1078.8,313.2,48.7,6.1,2.5,0.6,447.0,140.8,8.5,5.3,48.0,27.1,25.11,False,4095,0.0,10.0,0.0,EXT-OPEN-METEO-KHI,KARACHI,OPENSOURCE_API_GRID,1326,,,,0.95,True,True,TIER2_OPENSOURCE_PURE;CONTINUOUS_MINUTE_STREAM;VERIFIED_MODEL_GRID,6df24260e08c36a5c9d4fa7046599fa70f5eb4e5bee012b9cfd664a504c5faea,2026-09-22T22:05:00+00:00,2026-09-23 03:05:00,88.9,1007.3,90
11.8,17.4,31.0,1078.8,313.2,48.7,6.1,2.5,0.6,447.0,140.7,8.5,5.3,48.0,27.1,25.11,False,4095,0.0,10.0,0.0,EXT-OPEN-METEO-KHI,KARACHI,OPENSOURCE_API_GRID,1327,,,,0.95,True,True,TIER2_OPENSOURCE_PURE;CONTINUOUS_MINUTE_STREAM;VERIFIED_MODEL_GRID,0db1f88a1fb0dfde565e4e349977ad05b32b200fbb7f3df549afe412c932402c,2026-09-22T22:06:00+00:00,2026-09-23 03:06:00,88.9,1007.3,90
11.8,17.4,31.0,1078.8,313.2,48.7,6.1,2.5,0.6,447.0,140.6,8.5,5.3,48.0,27.1,25.11,False,4095,0.0,10.0,0.0,EXT-OPEN-METEO-KHI,KARACHI,OPENSOURCE_API_GRID,1328,,,,0.95,True,True,TIER2_OPENSOURCE_PURE;CONTINUOUS_MINUTE_STREAM;VERIFIED_MODEL_GRID,b32c317c65617923988aacb2a633c6d6befec6ddb0464b21bb465508a9db45b7,2026-09-22T22:07:00+00:00,2026-09-23 03:07:00,88.9,1007.3,90
11.8,17.4,31.0,1078.8,313.2,48.7,6.1,2.5,0.6,447.0,140.4,8.5,5.3,48.0,27.1,25.11,False,4095,0.0,10.0,0.0,EXT-OPEN-METEO-KHI,KARACHI,OPENSOURCE_API_GRID,1329,,,,0.95,True,True,TIER2_OPENSOURCE_PURE;CONTINUOUS_MINUTE_STREAM;VERIFIED_MODEL_GRID,fc82de44a6523abc93bc4ce34ff513b7188622b4453d45b2f74de6a5614642e1,2026-09-22T22:08:00+00:00,2026-09-23 03:08:00,88.9,1007.3,90
11.9,17.5,31.0,1085.0,315.0,49.0,6.1,2.5,0.6,447.0,140.3,8.4,5.3,48.1,27.1,25.11,False,4095,0.0,10.0,0.0,EXT-OPEN-METEO-KHI,KARACHI,OPENSOURCE_API_GRID,1330,,,,0.95,True,True,TIER2_OPENSOURCE_PURE;CONTINUOUS_MINUTE_STREAM;VERIFIED_MODEL_GRID,2b91d213ec200869d642af65daec2c6d10d73cb74a1d9bc6c2f08b8db5272231,2026-09-22T22:09:00+00:00,2026-09-23 03:09:00,88.9,1007.3,90
11.9,17.5,31.0,1085.0,315.0,49.0,6.1,2.5,0.6,447.0,140.1,8.4,5.3,48.1,27.1,25.11,False,4095,0.0,10.0,0.0,EXT-OPEN-METEO-KHI,KARACHI,OPENSOURCE_API_GRID,1331,,,,0.95,True,True,TIER2_OPENSOURCE_PURE;CONTINUOUS_MINUTE_STREAM;VERIFIED_MODEL_GRID,7b234bf88468cc157d7e9c5289709fe59c3a59c5ee6fd41cb06c0356d3a741fb,2026-09-22T22:10:00+00:00,2026-09-23 03:10:00,88.9,1007.3,90
11.9,17.5,31.0,1085.0,315.0,49.0,6.1,2.5,0.6,447.0,140.0,8.4,5.3,48.1,27.1,25.11,False,4095,0.0,10.0,0.0,EXT-OPEN-METEO-KHI,KARACHI,OPENSOURCE_API_GRID,1332,,,,0.95,True,True,TIER2_OPENSOURCE_PURE;CONTINUOUS_MINUTE_STREAM;VERIFIED_MODEL_GRID,b9c9c22c08ba417280c7136c0356a256c59b594bd4b533a898f69a5c2e003310,2026-09-22T22:11:00+00:00,2026-09-23 03:11:00,88.9,1007.3,90
12.0,17.6,31.0,1091.2,316.8,49.3,6.2,2.5,0.6,447.0,139.8,8.4,5.3,48.1,27.1,25.11,False,4095,0.0,10.0,0.0,EXT-OPEN-METEO-KHI,KARACHI,OPENSOURCE_API_GRID,1333,,,,0.95,True,True,TIER2_OPENSOURCE_PURE;CONTINUOUS_MINUTE_STREAM;VERIFIED_MODEL_GRID,a1cc8004f2afbbee0429164715ecafb68a56a1c13a27bc793c77edf4decca5b5,2026-09-22T22:12:00+00:00,2026-09-23 03:12:00,88.9,1007.3,90
11.9,17.5,30.8,1085.0,315.0,49.0,6.1,2.5,0.6,447.0,139.6,8.4,5.3,48.1,27.1,25.13,False,4095,0.0,10.0,0.0,EXT-OPEN-METEO-KHI,KARACHI,OPENSOURCE_API_GRID,1334,,,,0.95,True,True,TIER2_OPENSOURCE_PURE;CONTINUOUS_MINUTE_STREAM;VERIFIED_MODEL_GRID,66167d28ea91b22eef8081d0b3732f122b5c0279ef89616c170761b05e13fa10,2026-09-22T22:13:00+00:00,2026-09-23 03:13:00,89.0,1007.3,90
11.9,17.5,30.8,1085.0,315.0,49.0,6.1,2.5,0.6,447.0,139.3,8.4,5.3,48.1,27.1,25.13,False,4095,0.0,10.0,0.0,EXT-OPEN-METEO-KHI,KARACHI,OPENSOURCE_API_GRID,1335,,,,0.95,True,True,TIER2_OPENSOURCE_PURE;CONTINUOUS_MINUTE_STREAM;VERIFIED_MODEL_GRID,f0033ca8f3d82ee7ad471b59efb761ff3e8640dfcc80be0bd80ce5f7a11bde90,2026-09-22T22:14:00+00:00,2026-09-23 03:14:00,89.0,1007.3,90
11.9,17.5,30.8,1085.0,315.0,49.0,6.1,2.5,0.6,447.0,139.1,8.3,5.3,48.1,27.1,25.13,False,4095,0.0,10.0,0.0,EXT-OPEN-METEO-KHI,KARACHI,OPENSOURCE_API_GRID,1336,,,,0.95,True,True,TIER2_OPENSOURCE_PURE;CONTINUOUS_MINUTE_STREAM;VERIFIED_MODEL_GRID,e22655eea4568f1a317ebe37e3b5b22141aee2caf434610ba65a25ca6abb299f,2026-09-22T22:15:00+00:00,2026-09-23 03:15:00,89.0,1007.3,90
11.9,17.5,30.8,1085.0,315.0,49.0,6.1,2.5,0.6,447.0,138.8,8.3,5.3,48.2,27.1,25.13,False,4095,0.0,10.0,0.0,EXT-OPEN-METEO-KHI,KARACHI,OPENSOURCE_API_GRID,1337,,,,0.95,True,True,TIER2_OPENSOURCE_PURE;CONTINUOUS_MINUTE_STREAM;VERIFIED_MODEL_GRID,c66a5ba1b2ddf47ff4fc070f950999233e369a7cf5956acc4c9c83267c21ecf7,2026-09-22T22:16:00+00:00,2026-09-23 03:16:00,89.0,1007.3,90
11.9,17.5,30.8,1085.0,315.0,49.0,6.1,2.5,0.6,447.0,138.6,8.3,5.3,48.2,27.1,25.11,False,4095,0.0,10.0,0.0,EXT-OPEN-METEO-KHI,KARACHI,OPENSOURCE_API_GRID,1338,,,,0.95,True,True,TIER2_OPENSOURCE_PURE;CONTINUOUS_MINUTE_STREAM;VERIFIED_MODEL_GRID,2116fc43760cba1a4a24ee1711133b623820816b2a88130c3edef88a504b521c,2026-09-22T22:17:00+00:00,2026-09-23 03:17:00,88.9,1007.3,90
11.9,17.5,30.7,1085.0,315.0,49.0,6.1,2.5,0.6,447.0,138.3,8.3,5.3,48.2,27.1,25.11,False,4095,0.0,10.0,0.0,EXT-OPEN-METEO-KHI,KARACHI,OPENSOURCE_API_GRID,1339,,,,0.95,True,True,TIER2_OPENSOURCE_PURE;CONTINUOUS_MINUTE_STREAM;VERIFIED_MODEL_GRID,399222de2acf8459d3088b436c03bdb2084bbead1bb11b7170ec94c7dd031121,2026-09-22T22:18:00+00:00,2026-09-23 03:18:00,88.9,1007.3,90
11.9,17.5,30.6,1085.0,315.0,49.0,6.1,2.4,0.6,447.0,138.0,8.2,5.3,48.2,27.1,25.11,False,4095,0.0,10.0,0.0,EXT-OPEN-METEO-KHI,KARACHI,OPENSOURCE_API_GRID,1340,,,,0.95,True,True,TIER2_OPENSOURCE_PURE;CONTINUOUS_MINUTE_STREAM;VERIFIED_MODEL_GRID,1945bf57e80b1ace189ba49b4e53f01763c3a054571475ce7f6ac298714d8306,2026-09-22T22:19:00+00:00,2026-09-23 03:19:00,88.9,1007.3,90
11.9,17.5,30.5,1085.0,315.0,49.0,6.1,2.4,0.6,447.0,137.8,8.2,5.3,48.2,27.1,25.09,False,4095,0.0,10.0,0.0,EXT-OPEN-METEO-KHI,KARACHI,OPENSOURCE_API_GRID,1341,,,,0.95,True,True,TIER2_OPENSOURCE_PURE;CONTINUOUS_MINUTE_STREAM;VERIFIED_MODEL_GRID,ce638194f27fbf825eadccbce39489ba6db251e80a35589063b77a5489538e60,2026-09-22T22:20:00+00:00,2026-09-23 03:20:00,88.8,1007.3,90
11.8,17.4,30.4,1078.8,313.2,48.7,6.1,2.4,0.6,447.0,137.5,8.2,5.3,48.3,27.1,25.09,False,4095,0.0,10.0,0.0,EXT-OPEN-METEO-KHI,KARACHI,OPENSOURCE_API_GRID,1342,,,,0.95,True,True,TIER2_OPENSOURCE_PURE;CONTINUOUS_MINUTE_STREAM;VERIFIED_MODEL_GRID,6a24ff0542e4563f54bc94905eeca8b191833acf890d9124816b6f902997a2aa,2026-09-22T22:21:00+00:00,2026-09-23 03:21:00,88.8,1007.3,90
11.8,17.4,30.3,1078.8,313.2,48.7,6.1,2.4,0.6,447.0,137.1,8.2,5.3,48.3,27.1,25.07,False,4095,0.0,10.0,0.0,EXT-OPEN-METEO-KHI,KARACHI,OPENSOURCE_API_GRID,1343,,,,0.95,True,True,TIER2_OPENSOURCE_PURE;CONTINUOUS_MINUTE_STREAM;VERIFIED_MODEL_GRID,16742a8851e518999a522ca4c783c1ebf3d88b3dd5f953a494c2a11a870cb99f,2026-09-22T22:22:00+00:00,2026-09-23 03:22:00,88.7,1007.3,90
11.8,17.3,30.2,1072.6,311.4,48.4,6.1,2.4,0.6,447.0,136.8,8.1,5.3,48.3,27.1,25.07,False,4095,0.0,10.0,0.0,EXT-OPEN-METEO-KHI,KARACHI,OPENSOURCE_API_GRID,1344,,,,0.95,True,True,TIER2_OPENSOURCE_PURE;CONTINUOUS_MINUTE_STREAM;VERIFIED_MODEL_GRID,0063f81fc949f5b36eab4e2a4277a55e9e83e4a4626f920b1b841db0ea1a2061,2026-09-22T22:23:00+00:00,2026-09-23 03:23:00,88.7,1007.3,90
11.8,17.3,30.0,1072.6,311.4,48.4,6.1,2.4,0.6,447.0,136.5,8.1,5.3,48.3,27.1,25.05,False,4095,0.0,10.0,0.0,EXT-OPEN-METEO-KHI,KARACHI,OPENSOURCE_API_GRID,1345,,,,0.95,True,True,TIER2_OPENSOURCE_PURE;CONTINUOUS_MINUTE_STREAM;VERIFIED_MODEL_GRID,35ce5338cf9969dc2e3fc8d613db8ff6d4d77c36e18038193201539ee78cb45d,2026-09-22T22:24:00+00:00,2026-09-23 03:24:00,88.6,1007.3,90
11.7,17.2,29.9,1066.4,309.6,48.2,6.0,2.4,0.6,447.0,136.2,8.1,5.3,48.4,27.1,25.05,False,4095,0.0,10.0,0.0,EXT-OPEN-METEO-KHI,KARACHI,OPENSOURCE_API_GRID,1346,,,,0.95,True,True,TIER2_OPENSOURCE_PURE;CONTINUOUS_MINUTE_STREAM;VERIFIED_MODEL_GRID,f4f95ac0a63d78db7c62c8e921bd86fccc26538d1a32cf800440208dfc984381,2026-09-22T22:25:00+00:00,2026-09-23 03:25:00,88.6,1007.2,90
11.6,17.1,29.7,1060.2,307.8,47.9,6.0,2.4,0.6,447.0,135.9,8.1,5.3,48.4,27.1,25.03,False,4095,0.0,10.0,0.0,EXT-OPEN-METEO-KHI,KARACHI,OPENSOURCE_API_GRID,1347,,,,0.95,True,True,TIER2_OPENSOURCE_PURE;CONTINUOUS_MINUTE_STREAM;VERIFIED_MODEL_GRID,53bf80ef0a6731d2090ae694e10768cea53ccdb7b554600b0865bfaa6b519b7b,2026-09-22T22:26:00+00:00,2026-09-23 03:26:00,88.5,1007.2,90
11.6,17.1,29.5,1060.2,307.8,47.9,6.0,2.4,0.6,447.0,135.5,8.0,5.3,48.4,27.1,25.03,False,4095,0.0,10.0,0.0,EXT-OPEN-METEO-KHI,KARACHI,OPENSOURCE_API_GRID,1348,,,,0.95,True,True,TIER2_OPENSOURCE_PURE;CONTINUOUS_MINUTE_STREAM;VERIFIED_MODEL_GRID,ea5642524f66d3fea17af7628dfb7ebd6354867101a2866a9cda015017ce27a4,2026-09-22T22:27:00+00:00,2026-09-23 03:27:00,88.5,1007.2,90
11.6,17.0,29.4,1054.0,306.0,47.6,5.9,2.4,0.6,447.0,135.2,8.0,5.3,48.4,27.1,25.02,False,4095,0.0,10.0,0.0,EXT-OPEN-METEO-KHI,KARACHI,OPENSOURCE_API_GRID,1349,,,,0.95,True,True,TIER2_OPENSOURCE_PURE;CONTINUOUS_MINUTE_STREAM;VERIFIED_MODEL_GRID,4f067dda0dd68f49d56a1903a2b0687edf6785c759a9a039d28e89e31ab6ea0f,2026-09-22T22:28:00+00:00,2026-09-23 03:28:00,88.4,1007.2,90
11.5,16.9,29.2,1047.8,304.2,47.3,5.9,2.3,0.6,447.0,134.8,8.0,5.3,48.5,27.1,25.02,False,4095,0.0,10.0,0.0,EXT-OPEN-METEO-KHI,KARACHI,OPENSOURCE_API_GRID,1350,,,,0.95,True,True,TIER2_OPENSOURCE_PURE;CONTINUOUS_MINUTE_STREAM;VERIFIED_MODEL_GRID,057bb29b4f5b5576df6e8177af1289b75ffb83fe28e1a63abbb5cfcdea54cca2,2026-09-22T22:29:00+00:00,2026-09-23 03:29:00,88.4,1007.2,90
11.4,16.8,29.0,1041.6,302.4,47.0,5.9,2.3,0.6,447.0,134.5,7.9,5.3,48.5,27.1,25.02,False,4095,0.0,10.0,0.0,EXT-OPEN-METEO-KHI,KARACHI,OPENSOURCE_API_GRID,1351,,,,0.95,True,True,TIER2_OPENSOURCE_PURE;CONTINUOUS_MINUTE_STREAM;VERIFIED_MODEL_GRID,079c3fdfb477d58738ff5eeb9a2d852b575848f6d8c6e196a425a4b4b27468f1,2026-09-22T22:30:00+00:00,2026-09-23 03:30:00,88.4,1007.2,90
11.4,16.8,28.9,1041.6,302.4,47.0,5.9,2.3,0.6,447.0,134.2,7.9,5.3,48.5,27.1,25.0,False,4095,0.0,10.0,0.0,EXT-OPEN-METEO-KHI,KARACHI,OPENSOURCE_API_GRID,1352,,,,0.95,True,True,TIER2_OPENSOURCE_PURE;CONTINUOUS_MINUTE_STREAM;VERIFIED_MODEL_GRID,0feb967a68d1686a5c558dd611d527441c3c3c6824cdde19b88d404fe9075eba,2026-09-22T22:31:00+00:00,2026-09-23 03:31:00,88.3,1007.2,90
11.4,16.7,28.7,1035.4,300.6,46.8,5.8,2.3,0.6,447.0,133.8,7.9,5.3,48.6,27.1,25.0,False,4095,0.0,10.0,0.0,EXT-OPEN-METEO-KHI,KARACHI,OPENSOURCE_API_GRID,1353,,,,0.95,True,True,TIER2_OPENSOURCE_PURE;CONTINUOUS_MINUTE_STREAM;VERIFIED_MODEL_GRID,4723511f6fb5287b8a528f5d6d05f1b9cd1c28475a5bdf8c420b019bf286da19,2026-09-22T22:32:00+00:00,2026-09-23 03:32:00,88.3,1007.2,90
11.4,16.7,28.6,1035.4,300.6,46.8,5.8,2.3,0.6,447.0,133.5,7.9,5.3,48.6,27.1,25.0,False,4095,0.0,10.0,0.0,EXT-OPEN-METEO-KHI,KARACHI,OPENSOURCE_API_GRID,1354,,,,0.95,True,True,TIER2_OPENSOURCE_PURE;CONTINUOUS_MINUTE_STREAM;VERIFIED_MODEL_GRID,edc2f1fbbacb557379aee7906056f90ca790c1356b38e57dfa2de3baa4088c0e,2026-09-22T22:33:00+00:00,2026-09-23 03:33:00,88.3,1007.2,90
11.3,16.6,28.5,1029.2,298.8,46.5,5.8,2.3,0.6,447.0,133.1,7.8,5.3,48.6,27.1,25.0,False,4095,0.0,10.0,0.0,EXT-OPEN-METEO-KHI,KARACHI,OPENSOURCE_API_GRID,1355,,,,0.95,True,True,TIER2_OPENSOURCE_PURE;CONTINUOUS_MINUTE_STREAM;VERIFIED_MODEL_GRID,73a6747c3112bb79ddf41d2f3edfea2007eab19a999de6ead66453f6285e1820,2026-09-22T22:34:00+00:00,2026-09-23 03:34:00,88.3,1007.2,90
11.3,16.6,28.4,1029.2,298.8,46.5,5.8,2.3,0.6,447.0,132.8,7.8,5.3,48.6,27.1,24.98,False,4095,0.0,10.0,0.0,EXT-OPEN-METEO-KHI,KARACHI,OPENSOURCE_API_GRID,1356,,,,0.95,True,True,TIER2_OPENSOURCE_PURE;CONTINUOUS_MINUTE_STREAM;VERIFIED_MODEL_GRID,60a17d121620988c0de37dfa6078ee65e0ff39ce9a42a45f4c14e0000a925e42,2026-09-22T22:35:00+00:00,2026-09-23 03:35:00,88.2,1007.2,90
11.3,16.6,28.3,1029.2,298.8,46.5,5.8,2.3,0.6,447.0,132.5,7.8,5.3,48.7,27.1,24.98,False,4095,0.0,10.0,0.0,EXT-OPEN-METEO-KHI,KARACHI,OPENSOURCE_API_GRID,1357,,,,0.95,True,True,TIER2_OPENSOURCE_PURE;CONTINUOUS_MINUTE_STREAM;VERIFIED_MODEL_GRID,46c0c7e20672c80b48965cc2a75f8b3d947517092247b03aa1c6a92b6b708d4c,2026-09-22T22:36:00+00:00,2026-09-23 03:36:00,88.2,1007.2,90
11.3,16.6,28.2,1029.2,298.8,46.5,5.8,2.3,0.6,447.0,132.2,7.8,5.3,48.7,27.1,24.98,False,4095,0.0,10.0,0.0,EXT-OPEN-METEO-KHI,KARACHI,OPENSOURCE_API_GRID,1358,,,,0.95,True,True,TIER2_OPENSOURCE_PURE;CONTINUOUS_MINUTE_STREAM;VERIFIED_MODEL_GRID,6d67f61ad0b1247be82d3a1af2eb04147a335a431ae4cf1d860aef9c406a154d,2026-09-22T22:37:00+00:00,2026-09-23 03:37:00,88.2,1007.2,90
11.3,16.6,28.1,1029.2,298.8,46.5,5.8,2.2,0.6,447.0,131.9,7.7,5.3,48.7,27.1,24.98,False,4095,0.0,10.0,0.0,EXT-OPEN-METEO-KHI,KARACHI,OPENSOURCE_API_GRID,1359,,,,0.95,True,True,TIER2_OPENSOURCE_PURE;CONTINUOUS_MINUTE_STREAM;VERIFIED_MODEL_GRID,744c4a8ff05cc94b7fbbf7f03faed0896678d1ec17476d9785ce5f30732e571f,2026-09-22T22:38:00+00:00,2026-09-23 03:38:00,88.2,1007.2,90
11.3,16.6,28.1,1029.2,298.8,46.5,5.8,2.2,0.6,447.0,131.5,7.7,5.3,48.7,27.1,24.98,False,4095,0.0,10.0,0.0,EXT-OPEN-METEO-KHI,KARACHI,OPENSOURCE_API_GRID,1360,,,,0.95,True,True,TIER2_OPENSOURCE_PURE;CONTINUOUS_MINUTE_STREAM;VERIFIED_MODEL_GRID,d87d65f69afc413dceafca9b5da77efc64468bca09e0a3a56e6bb76973350593,2026-09-22T22:39:00+00:00,2026-09-23 03:39:00,88.2,1007.2,90
11.3,16.6,28.1,1029.2,298.8,46.5,5.8,2.2,0.6,447.0,131.2,7.7,5.3,48.8,27.1,24.98,False,4095,0.0,10.0,0.0,EXT-OPEN-METEO-KHI,KARACHI,OPENSOURCE_API_GRID,1361,,,,0.95,True,True,TIER2_OPENSOURCE_PURE;CONTINUOUS_MINUTE_STREAM;VERIFIED_MODEL_GRID,fa65eb0a0e7e13dcc9d513980fa065223d946ffdfa0c0a44da8f8b3da90de1f5,2026-09-22T22:40:00+00:00,2026-09-23 03:40:00,88.2,1007.1,90
11.3,16.6,28.0,1029.2,298.8,46.5,5.8,2.2,0.6,447.0,131.0,7.7,5.3,48.8,27.1,24.98,False,4095,0.0,10.0,0.0,EXT-OPEN-METEO-KHI,KARACHI,OPENSOURCE_API_GRID,1362,,,,0.95,True,True,TIER2_OPENSOURCE_PURE;CONTINUOUS_MINUTE_STREAM;VERIFIED_MODEL_GRID,79c8f9c92d06747ecd60b15f480e1d3e1f464626c8007b424fde9682f8e1e453,2026-09-22T22:41:00+00:00,2026-09-23 03:41:00,88.2,1007.1,90
11.3,16.6,28.0,1029.2,298.8,46.5,5.8,2.2,0.6,447.0,130.7,7.6,5.3,48.8,27.1,24.98,False,4095,0.0,10.0,0.0,EXT-OPEN-METEO-KHI,KARACHI,OPENSOURCE_API_GRID,1363,,,,0.95,True,True,TIER2_OPENSOURCE_PURE;CONTINUOUS_MINUTE_STREAM;VERIFIED_MODEL_GRID,6fd9035b3b388ccbb58ce99258820c128b66832017e783e5ecd29f8f8510d4ba,2026-09-22T22:42:00+00:00,2026-09-23 03:42:00,88.2,1007.1,90
11.3,16.6,28.0,1029.2,298.8,46.5,5.8,2.2,0.6,447.0,130.4,7.6,5.3,48.8,27.1,24.98,False,4095,0.0,10.0,0.0,EXT-OPEN-METEO-KHI,KARACHI,OPENSOURCE_API_GRID,1364,,,,0.95,True,True,TIER2_OPENSOURCE_PURE;CONTINUOUS_MINUTE_STREAM;VERIFIED_MODEL_GRID,22682685aa33bed362278d5681fadec4ae17244e45af0a03a935b47b765c3402,2026-09-22T22:43:00+00:00,2026-09-23 03:43:00,88.2,1007.1,90
11.2,16.5,27.8,1023.0,297.0,46.2,5.8,2.2,0.6,447.0,130.2,7.6,5.3,48.8,27.1,25.0,False,4095,0.0,10.0,0.0,EXT-OPEN-METEO-KHI,KARACHI,OPENSOURCE_API_GRID,1365,,,,0.95,True,True,TIER2_OPENSOURCE_PURE;CONTINUOUS_MINUTE_STREAM;VERIFIED_MODEL_GRID,4717a341cd031978bf79ca6fdf553c153b08752040bf904f30c8d5146d31d3a5,2026-09-22T22:44:00+00:00,2026-09-23 03:44:00,88.3,1007.1,90
11.2,16.5,27.8,1023.0,297.0,46.2,5.8,2.2,0.6,447.0,129.9,7.6,5.3,48.9,27.1,25.0,False,4095,0.0,10.0,0.0,EXT-OPEN-METEO-KHI,KARACHI,OPENSOURCE_API_GRID,1366,,,,0.95,True,True,TIER2_OPENSOURCE_PURE;CONTINUOUS_MINUTE_STREAM;VERIFIED_MODEL_GRID,6267225a4e8e5eeb08a0a70f229948ad8c85fa9ac2092efcf8c56d12b5cec3d3,2026-09-22T22:45:00+00:00,2026-09-23 03:45:00,88.3,1007.1,90
11.3,16.6,27.8,1029.2,298.8,46.5,5.8,2.2,0.6,447.0,129.7,7.5,5.3,48.9,27.1,25.0,False,4095,0.0,10.0,0.0,EXT-OPEN-METEO-KHI,KARACHI,OPENSOURCE_API_GRID,1367,,,,0.95,True,True,TIER2_OPENSOURCE_PURE;CONTINUOUS_MINUTE_STREAM;VERIFIED_MODEL_GRID,38bfb4ac55eefe2b2930c0dd30a6084f502e7def01e43d7c40318cbf3e732f85,2026-09-22T22:46:00+00:00,2026-09-23 03:46:00,88.3,1007.1,90
11.3,16.6,27.8,1029.2,298.8,46.5,5.8,2.2,0.6,447.0,129.4,7.5,5.3,48.9,27.1,24.98,False,4095,0.0,10.0,0.0,EXT-OPEN-METEO-KHI,KARACHI,OPENSOURCE_API_GRID,1368,,,,0.95,True,True,TIER2_OPENSOURCE_PURE;CONTINUOUS_MINUTE_STREAM;VERIFIED_MODEL_GRID,f4160d5793cd695f2a74773b27b26af47f46fc683f8ea7747d2bf48a49880c1f,2026-09-22T22:47:00+00:00,2026-09-23 03:47:00,88.2,1007.1,90
11.3,16.6,27.7,1029.2,298.8,46.5,5.8,2.2,0.6,447.0,129.2,7.5,5.3,48.9,27.1,24.98,False,4095,0.0,10.0,0.0,EXT-OPEN-METEO-KHI,KARACHI,OPENSOURCE_API_GRID,1369,,,,0.95,True,True,TIER2_OPENSOURCE_PURE;CONTINUOUS_MINUTE_STREAM;VERIFIED_MODEL_GRID,79ba8f836732e49f2f7ebf057f4be828da7e848d9a8e7699b4cf0ea0ba599073,2026-09-22T22:48:00+00:00,2026-09-23 03:48:00,88.2,1007.1,90
11.3,16.6,27.7,1029.2,298.8,46.5,5.8,2.2,0.6,447.0,129.0,7.5,5.3,48.9,27.1,24.98,False,4095,0.0,10.0,0.0,EXT-OPEN-METEO-KHI,KARACHI,OPENSOURCE_API_GRID,1370,,,,0.95,True,True,TIER2_OPENSOURCE_PURE;CONTINUOUS_MINUTE_STREAM;VERIFIED_MODEL_GRID,01a1791c8902c84cc47f2e43b45ed9850a5125e4af2faa653cebab95a2d3f0f7,2026-09-22T22:49:00+00:00,2026-09-23 03:49:00,88.2,1007.1,90
11.3,16.6,27.7,1029.2,298.8,46.5,5.8,2.2,0.6,447.0,128.9,7.5,5.3,48.9,27.1,24.96,False,4095,0.0,10.0,0.0,EXT-OPEN-METEO-KHI,KARACHI,OPENSOURCE_API_GRID,1371,,,,0.95,True,True,TIER2_OPENSOURCE_PURE;CONTINUOUS_MINUTE_STREAM;VERIFIED_MODEL_GRID,e98f696cb3e5a5cf7c2fdf031c760060a84e9da649d20fdb8ede9f1cd304ea25,2026-09-22T22:50:00+00:00,2026-09-23 03:50:00,88.1,1007.1,90
11.3,16.6,27.6,1029.2,298.8,46.5,5.8,2.2,0.6,447.0,128.7,7.5,5.3,48.9,27.1,24.96,False,4095,0.0,10.0,0.0,EXT-OPEN-METEO-KHI,KARACHI,OPENSOURCE_API_GRID,1372,,,,0.95,True,True,TIER2_OPENSOURCE_PURE;CONTINUOUS_MINUTE_STREAM;VERIFIED_MODEL_GRID,af303e3917d39af18e2289e3a29f7efd9dda208f52c7cb70137eb6aed351f66f,2026-09-22T22:51:00+00:00,2026-09-23 03:51:00,88.1,1007.1,90
11.3,16.6,27.6,1029.2,298.8,46.5,5.8,2.2,0.6,447.0,128.6,7.4,5.3,49.0,27.1,24.96,False,4095,0.0,10.0,0.0,EXT-OPEN-METEO-KHI,KARACHI,OPENSOURCE_API_GRID,1373,,,,0.95,True,True,TIER2_OPENSOURCE_PURE;CONTINUOUS_MINUTE_STREAM;VERIFIED_MODEL_GRID,412e230eb020624a0453de903751e69e0aaa694b70d50a93c0a89bbbc3e0a05b,2026-09-22T22:52:00+00:00,2026-09-23 03:52:00,88.1,1007.1,90
11.2,16.5,27.5,1023.0,297.0,46.2,5.8,2.2,0.6,447.0,128.4,7.4,5.3,49.0,27.1,24.94,False,4095,0.0,10.0,0.0,EXT-OPEN-METEO-KHI,KARACHI,OPENSOURCE_API_GRID,1374,,,,0.95,True,True,TIER2_OPENSOURCE_PURE;CONTINUOUS_MINUTE_STREAM;VERIFIED_MODEL_GRID,e1ac93776e7082163353eac1dcf1dec9079b8cd8231923e49210c5510a14897a,2026-09-22T22:53:00+00:00,2026-09-23 03:53:00,88.0,1007.1,90
11.2,16.5,27.4,1023.0,297.0,46.2,5.8,2.2,0.5,447.0,128.3,7.4,5.3,49.0,27.1,24.94,False,4095,0.0,10.0,0.0,EXT-OPEN-METEO-KHI,KARACHI,OPENSOURCE_API_GRID,1375,,,,0.95,True,True,TIER2_OPENSOURCE_PURE;CONTINUOUS_MINUTE_STREAM;VERIFIED_MODEL_GRID,46d5386314852e4a772e6e875ca947150d1c1047828318d0b46d4c25eaf746b4,2026-09-22T22:54:00+00:00,2026-09-23 03:54:00,88.0,1007.1,90
11.2,16.5,27.4,1023.0,297.0,46.2,5.8,2.2,0.5,447.0,128.2,7.4,5.3,49.0,27.1,24.94,False,4095,0.0,10.0,0.0,EXT-OPEN-METEO-KHI,KARACHI,OPENSOURCE_API_GRID,1376,,,,0.95,True,True,TIER2_OPENSOURCE_PURE;CONTINUOUS_MINUTE_STREAM;VERIFIED_MODEL_GRID,8610287578cbd4178b2ff24f7652e5a526ad26a9e829bca72ca32b0f6813b4c5,2026-09-22T22:55:00+00:00,2026-09-23 03:55:00,88.0,1007.1,90
11.2,16.4,27.3,1016.8,295.2,45.9,5.7,2.2,0.5,447.0,128.1,7.4,5.3,49.0,27.1,24.92,False,4095,0.0,10.0,0.0,EXT-OPEN-METEO-KHI,KARACHI,OPENSOURCE_API_GRID,1377,,,,0.95,True,True,TIER2_OPENSOURCE_PURE;CONTINUOUS_MINUTE_STREAM;VERIFIED_MODEL_GRID,15493d7d1cec564e91bb81f00480329be40f3731f532919a65869e0a4f09b57d,2026-09-22T22:56:00+00:00,2026-09-23 03:56:00,87.9,1007.1,90
11.2,16.4,27.2,1016.8,295.2,45.9,5.7,2.2,0.5,447.0,128.1,7.4,5.3,49.0,27.1,24.92,False,4095,0.0,10.0,0.0,EXT-OPEN-METEO-KHI,KARACHI,OPENSOURCE_API_GRID,1378,,,,0.95,True,True,TIER2_OPENSOURCE_PURE;CONTINUOUS_MINUTE_STREAM;VERIFIED_MODEL_GRID,368834368cb2560890290d8da37db00072d1909770e0c8596644e4c1adb2d9af,2026-09-22T22:57:00+00:00,2026-09-23 03:57:00,87.9,1007.1,90
11.1,16.3,27.1,1010.6,293.4,45.6,5.7,2.2,0.5,447.0,128.0,7.4,5.3,49.0,27.1,24.92,False,4095,0.0,10.0,0.0,EXT-OPEN-METEO-KHI,KARACHI,OPENSOURCE_API_GRID,1379,,,,0.95,True,True,TIER2_OPENSOURCE_PURE;CONTINUOUS_MINUTE_STREAM;VERIFIED_MODEL_GRID,a0db081a9a4a447795baaa66999e6280bb03ecebc98a48de8eecb14adc6fc858,2026-09-22T22:58:00+00:00,2026-09-23 03:58:00,87.9,1007.1,90
11.1,16.3,27.0,1010.6,293.4,45.6,5.7,2.2,0.5,447.0,128.0,7.4,5.3,49.0,27.1,24.92,False,4095,0.0,10.0,0.0,EXT-OPEN-METEO-KHI,KARACHI,OPENSOURCE_API_GRID,1380,,,,0.95,True,True,TIER2_OPENSOURCE_PURE;CONTINUOUS_MINUTE_STREAM;VERIFIED_MODEL_GRID,8f1a0917918ffd76546f6d43abf7d94d34ef67cc4b74548ecbdd5286487a2c9d,2026-09-22T22:59:00+00:00,2026-09-23 03:59:00,87.9,1007.1,90
11.0,16.2,27.0,1004.4,291.6,45.4,5.7,2.2,0.5,447.0,128.0,7.4,5.3,49.0,27.1,24.92,False,4095,0.0,10.0,0.0,EXT-OPEN-METEO-KHI,KARACHI,OPENSOURCE_API_GRID,1381,,,,0.95,True,False,TIER2_OPENSOURCE_PURE;HOURLY_NODE;VERIFIED_MODEL_GRID,985fe37e91c01ff5e055cc23f12612ff9b229351d7f37661d7ca356b9c093f5f,2026-09-22T23:00:00+00:00,2026-09-23 04:00:00,87.9,1007.1,90
11.0,16.2,26.9,1004.4,291.6,45.4,5.7,2.2,0.5,447.0,128.0,7.4,5.3,49.0,27.1,24.9,False,4095,0.0,10.0,0.0,EXT-OPEN-METEO-KHI,KARACHI,OPENSOURCE_API_GRID,1382,,,,0.95,True,True,TIER2_OPENSOURCE_PURE;CONTINUOUS_MINUTE_STREAM;VERIFIED_MODEL_GRID,800d0a6998216b8264383c2f02d38be772bd798831d7713bab454556b8796b13,2026-09-22T23:01:00+00:00,2026-09-23 04:01:00,87.8,1007.1,90
11.0,16.2,26.9,1004.4,291.6,45.4,5.7,2.2,0.5,447.0,128.1,7.4,5.3,49.0,27.1,24.9,False,4095,0.0,10.0,0.0,EXT-OPEN-METEO-KHI,KARACHI,OPENSOURCE_API_GRID,1383,,,,0.95,True,True,TIER2_OPENSOURCE_PURE;CONTINUOUS_MINUTE_STREAM;VERIFIED_MODEL_GRID,5d7bbbf531d667272d8c60361537372c47c8f068b56ae2c8da008946341d6247,2026-09-22T23:02:00+00:00,2026-09-23 04:02:00,87.8,1007.1,90
11.0,16.2,26.9,1004.4,291.6,45.4,5.7,2.2,0.5,447.0,128.2,7.4,5.3,49.0,27.1,24.9,False,4095,0.0,10.0,0.0,EXT-OPEN-METEO-KHI,KARACHI,OPENSOURCE_API_GRID,1384,,,,0.95,True,True,TIER2_OPENSOURCE_PURE;CONTINUOUS_MINUTE_STREAM;VERIFIED_MODEL_GRID,833e38c762cb3f6a69363d8eebaa7afe79ca6fb593b06e9a54d52c67d09f88c4,2026-09-22T23:03:00+00:00,2026-09-23 04:03:00,87.8,1007.1,90
11.0,16.2,26.9,1004.4,291.6,45.4,5.7,2.2,0.5,447.0,128.3,7.4,5.3,49.0,27.1,24.88,False,4095,0.0,10.0,0.0,EXT-OPEN-METEO-KHI,KARACHI,OPENSOURCE_API_GRID,1385,,,,0.95,True,True,TIER2_OPENSOURCE_PURE;CONTINUOUS_MINUTE_STREAM;VERIFIED_MODEL_GRID,b1004e346cde489de062d2c22e754f00ca6edf4877af20f8c3f8bba2ebaac632,2026-09-22T23:04:00+00:00,2026-09-23 04:04:00,87.7,1007.1,90
11.0,16.2,27.0,1004.4,291.6,45.4,5.7,2.2,0.5,447.1,128.4,7.4,5.3,49.0,27.1,24.86,False,4095,0.0,10.0,0.0,EXT-OPEN-METEO-KHI,KARACHI,OPENSOURCE_API_GRID,1386,,,,0.95,True,True,TIER2_OPENSOURCE_PURE;CONTINUOUS_MINUTE_STREAM;VERIFIED_MODEL_GRID,7703c82cfeab6335d7d180ef70258c8454ca310ff8f6eaabecc9569a6c78e409,2026-09-22T23:05:00+00:00,2026-09-23 04:05:00,87.6,1007.1,90
11.1,16.3,27.1,1010.6,293.4,45.6,5.7,2.2,0.5,447.1,128.6,7.5,5.3,49.0,27.1,24.84,False,4095,0.0,10.0,0.0,EXT-OPEN-METEO-KHI,KARACHI,OPENSOURCE_API_GRID,1387,,,,0.95,True,True,TIER2_OPENSOURCE_PURE;CONTINUOUS_MINUTE_STREAM;VERIFIED_MODEL_GRID,d5ffc560e176c16fdaedfd5b75a61c23697f57159ff3985e5de4e84665a105e6,2026-09-22T23:06:00+00:00,2026-09-23 04:06:00,87.5,1007.1,90
11.1,16.3,27.2,1010.6,293.4,45.6,5.7,2.2,0.5,447.1,128.9,7.5,5.3,48.9,27.1,24.82,False,4095,0.0,10.0,0.0,EXT-OPEN-METEO-KHI,KARACHI,OPENSOURCE_API_GRID,1388,,,,0.95,True,True,TIER2_OPENSOURCE_PURE;CONTINUOUS_MINUTE_STREAM;VERIFIED_MODEL_GRID,ce4594e10f4d2eccd49b09679b2989de9aaab67fbc97f3d4b229362cef90dcc2,2026-09-22T23:07:00+00:00,2026-09-23 04:07:00,87.4,1007.1,90
11.2,16.4,27.3,1016.8,295.2,45.9,5.7,2.2,0.5,447.1,129.1,7.5,5.4,48.9,27.1,24.81,False,4095,0.0,10.0,0.0,EXT-OPEN-METEO-KHI,KARACHI,OPENSOURCE_API_GRID,1389,,,,0.95,True,True,TIER2_OPENSOURCE_PURE;CONTINUOUS_MINUTE_STREAM;VERIFIED_MODEL_GRID,45d0fbb8f2560b1e4d2b4a6015ebfb908a814551a2075260f7e55d55103dbb06,2026-09-22T23:08:00+00:00,2026-09-23 04:08:00,87.3,1007.1,90
11.2,16.5,27.5,1023.0,297.0,46.2,5.8,2.2,0.6,447.2,129.4,7.5,5.4,48.9,27.1,24.79,False,4095,0.0,10.0,0.0,EXT-OPEN-METEO-KHI,KARACHI,OPENSOURCE_API_GRID,1390,,,,0.95,True,True,TIER2_OPENSOURCE_PURE;CONTINUOUS_MINUTE_STREAM;VERIFIED_MODEL_GRID,13788c0b260b4ab7392f59b8bd678cdfe7bd94a7c4b38fb540159b3e0bfc6c8e,2026-09-22T23:09:00+00:00,2026-09-23 04:09:00,87.2,1007.1,90
11.4,16.7,27.6,1035.4,300.6,46.8,5.8,2.2,0.6,447.2,129.7,7.6,5.4,48.9,27.1,24.75,False,4095,0.0,10.0,0.0,EXT-OPEN-METEO-KHI,KARACHI,OPENSOURCE_API_GRID,1391,,,,0.95,True,True,TIER2_OPENSOURCE_PURE;CONTINUOUS_MINUTE_STREAM;VERIFIED_MODEL_GRID,c28228115b3d765c75212399fabb2c2d7e518ce474f465cebf97fbc7809ecc1d,2026-09-22T23:10:00+00:00,2026-09-23 04:10:00,87.0,1007.1,90
11.4,16.8,27.8,1041.6,302.4,47.0,5.9,2.2,0.6,447.2,130.1,7.6,5.4,48.8,27.2,24.81,False,4095,0.0,10.0,0.0,EXT-OPEN-METEO-KHI,KARACHI,OPENSOURCE_API_GRID,1392,,,,0.95,True,True,TIER2_OPENSOURCE_PURE;CONTINUOUS_MINUTE_STREAM;VERIFIED_MODEL_GRID,4a63256adbb054b6229fcd01fd747b1fdb8080b4fee1822e074e1dc4eff2ef6e,2026-09-22T23:11:00+00:00,2026-09-23 04:11:00,86.8,1007.1,90
11.5,16.9,28.1,1047.8,304.2,47.3,5.9,2.2,0.6,447.3,130.5,7.6,5.4,48.8,27.2,24.79,False,4095,0.0,10.0,0.0,EXT-OPEN-METEO-KHI,KARACHI,OPENSOURCE_API_GRID,1393,,,,0.95,True,True,TIER2_OPENSOURCE_PURE;CONTINUOUS_MINUTE_STREAM;VERIFIED_MODEL_GRID,38a1f64b66578e256da18b6047e2129696f84cddf5281f72d090dd4c8b8ab1b5,2026-09-22T23:12:00+00:00,2026-09-23 04:12:00,86.7,1007.1,90
11.6,17.1,28.3,1060.2,307.8,47.9,6.0,2.3,0.6,447.3,130.9,7.7,5.4,48.8,27.2,24.75,False,4095,0.0,10.0,0.0,EXT-OPEN-METEO-KHI,KARACHI,OPENSOURCE_API_GRID,1394,,,,0.95,True,True,TIER2_OPENSOURCE_PURE;CONTINUOUS_MINUTE_STREAM;VERIFIED_MODEL_GRID,2e2d4efa72220072701298f5e457b1a3b738e84b4ba89ff2b64ccf91dc41c642,2026-09-22T23:13:00+00:00,2026-09-23 04:13:00,86.5,1007.1,90
11.7,17.2,28.5,1066.4,309.6,48.2,6.0,2.3,0.6,447.4,131.3,7.7,5.5,48.7,27.2,24.69,False,4095,0.0,10.0,0.0,EXT-OPEN-METEO-KHI,KARACHI,OPENSOURCE_API_GRID,1395,,,,0.95,True,True,TIER2_OPENSOURCE_PURE;CONTINUOUS_MINUTE_STREAM;VERIFIED_MODEL_GRID,a8a9f681c1d84afd34dfd6c72a1d32ab8483998da5188edfe2dc4fa392b98810,2026-09-22T23:14:00+00:00,2026-09-23 04:14:00,86.2,1007.1,90
11.8,17.3,28.6,1072.6,311.4,48.4,6.1,2.3,0.6,447.4,131.8,7.8,5.5,48.7,27.3,24.77,False,4095,0.0,10.0,0.0,EXT-OPEN-METEO-KHI,KARACHI,OPENSOURCE_API_GRID,1396,,,,0.95,True,True,TIER2_OPENSOURCE_PURE;CONTINUOUS_MINUTE_STREAM;VERIFIED_MODEL_GRID,d0280036be71f172eb242a1adfed63a08118a6cabf67d9c10716a4e7cb434c76,2026-09-22T23:15:00+00:00,2026-09-23 04:15:00,86.1,1007.1,90
11.9,17.5,28.9,1085.0,315.0,49.0,6.1,2.3,0.6,447.5,132.3,7.8,5.5,48.7,27.3,24.71,False,4095,0.0,10.0,0.0,EXT-OPEN-METEO-KHI,KARACHI,OPENSOURCE_API_GRID,1397,,,,0.95,True,True,TIER2_OPENSOURCE_PURE;CONTINUOUS_MINUTE_STREAM;VERIFIED_MODEL_GRID,3c5428c11791cd1a6ee0873598fa209b3bbde8986a18ad87d81ab8d198f7af5f,2026-09-22T23:16:00+00:00,2026-09-23 04:16:00,85.8,1007.1,90
12.0,17.6,29.1,1091.2,316.8,49.3,6.2,2.3,0.6,447.6,132.8,7.9,5.5,48.6,27.3,24.65,False,4095,0.0,10.0,0.0,EXT-OPEN-METEO-KHI,KARACHI,OPENSOURCE_API_GRID,1398,,,,0.95,True,True,TIER2_OPENSOURCE_PURE;CONTINUOUS_MINUTE_STREAM;VERIFIED_MODEL_GRID,3110cad6c79129adcb797ea28960c563fcbb189c13df9ad3951ee47f458e635e,2026-09-22T23:17:00+00:00,2026-09-23 04:17:00,85.5,1007.1,90
12.1,17.8,29.4,1103.6,320.4,49.8,6.2,2.4,0.6,447.6,133.4,7.9,5.5,48.6,27.4,24.69,False,4095,0.0,10.0,0.0,EXT-OPEN-METEO-KHI,KARACHI,OPENSOURCE_API_GRID,1399,,,,0.95,True,True,TIER2_OPENSOURCE_PURE;CONTINUOUS_MINUTE_STREAM;VERIFIED_MODEL_GRID,2f01dc863b09385ff45d406ebdd4dbd1609e7e6942284ea1692396dfbb747d54,2026-09-22T23:18:00+00:00,2026-09-23 04:18:00,85.2,1007.1,90
12.2,18.0,29.7,1116.0,324.0,50.4,6.3,2.4,0.6,447.7,133.9,8.0,5.6,48.5,27.4,24.63,False,4095,0.0,10.0,0.0,EXT-OPEN-METEO-KHI,KARACHI,OPENSOURCE_API_GRID,1400,,,,0.95,True,True,TIER2_OPENSOURCE_PURE;CONTINUOUS_MINUTE_STREAM;VERIFIED_MODEL_GRID,fc2672825af813d50108fca66de83bb6c1a04247a1818d56021a3cac4dc3c727,2026-09-22T23:19:00+00:00,2026-09-23 04:19:00,84.9,1007.2,90
12.4,18.2,29.9,1128.4,327.6,51.0,6.4,2.4,0.6,447.8,134.5,8.1,5.6,48.5,27.4,24.57,False,4095,0.0,10.0,0.0,EXT-OPEN-METEO-KHI,KARACHI,OPENSOURCE_API_GRID,1401,,,,0.95,True,True,TIER2_OPENSOURCE_PURE;CONTINUOUS_MINUTE_STREAM;VERIFIED_MODEL_GRID,b8a248de844e2f4ac047f08aa2df503d296fd221ebe11091bbb35baccc6f03d0,2026-09-22T23:20:00+00:00,2026-09-23 04:20:00,84.6,1007.2,90
12.5,18.4,30.2,1140.8,331.2,51.5,6.4,2.4,0.6,447.8,135.1,8.1,5.6,48.5,27.4,24.52,False,4095,0.0,10.0,0.0,EXT-OPEN-METEO-KHI,KARACHI,OPENSOURCE_API_GRID,1402,,,,0.95,True,True,TIER2_OPENSOURCE_PURE;CONTINUOUS_MINUTE_STREAM;VERIFIED_MODEL_GRID,83061b10566940b6c4b5f77dcbc7e996c6e461285fc01ec1132bb67f8be3867e,2026-09-22T23:21:00+00:00,2026-09-23 04:21:00,84.3,1007.2,90
12.6,18.5,30.5,1147.0,333.0,51.8,6.5,2.4,0.6,447.9,135.7,8.2,5.7,48.4,27.5,24.53,False,4095,0.0,10.0,0.0,EXT-OPEN-METEO-KHI,KARACHI,OPENSOURCE_API_GRID,1403,,,,0.95,True,True,TIER2_OPENSOURCE_PURE;CONTINUOUS_MINUTE_STREAM;VERIFIED_MODEL_GRID,b0638b0ded4667242d7af6cf28afb63c0d42a424cbf2fbc7ef3daf865ce543e5,2026-09-22T23:22:00+00:00,2026-09-23 04:22:00,83.9,1007.2,90
12.7,18.7,30.7,1159.4,336.6,52.4,6.5,2.5,0.6,448.0,136.3,8.2,5.7,48.4,27.5,24.45,False,4095,0.0,10.0,0.0,EXT-OPEN-METEO-KHI,KARACHI,OPENSOURCE_API_GRID,1404,,,,0.95,True,True,TIER2_OPENSOURCE_PURE;CONTINUOUS_MINUTE_STREAM;VERIFIED_MODEL_GRID,28997614635d89dbc505f58a73510bb260071bc15266cbfa846cd3af1ad66d88,2026-09-22T23:23:00+00:00,2026-09-23 04:23:00,83.5,1007.2,90
12.8,18.8,30.9,1165.6,338.4,52.6,6.6,2.5,0.6,448.0,137.0,8.3,5.7,48.3,27.5,24.39,False,4095,0.0,10.0,0.0,EXT-OPEN-METEO-KHI,KARACHI,OPENSOURCE_API_GRID,1405,,,,0.95,True,True,TIER2_OPENSOURCE_PURE;CONTINUOUS_MINUTE_STREAM;VERIFIED_MODEL_GRID,a7671e71849c924ee8de63001dbeb3b5c295e21eea44fbbd5e82b6d229026773,2026-09-22T23:24:00+00:00,2026-09-23 04:24:00,83.2,1007.2,90
12.9,19.0,31.2,1178.0,342.0,53.2,6.6,2.5,0.6,448.1,137.6,8.4,5.7,48.3,27.6,24.41,False,4095,0.0,10.0,0.0,EXT-OPEN-METEO-KHI,KARACHI,OPENSOURCE_API_GRID,1406,,,,0.95,True,True,TIER2_OPENSOURCE_PURE;CONTINUOUS_MINUTE_STREAM;VERIFIED_MODEL_GRID,0f25c5255d5bc226d29b21dde3df792c8bd641884d6d06d1e00d9f06294a77d6,2026-09-22T23:25:00+00:00,2026-09-23 04:25:00,82.8,1007.2,90
13.0,19.1,31.4,1184.2,343.8,53.5,6.7,2.5,0.6,448.2,138.3,8.4,5.8,48.2,27.6,24.33,False,4095,0.0,10.0,0.0,EXT-OPEN-METEO-KHI,KARACHI,OPENSOURCE_API_GRID,1407,,,,0.95,True,True,TIER2_OPENSOURCE_PURE;CONTINUOUS_MINUTE_STREAM;VERIFIED_MODEL_GRID,49b0ba5bdf8fdf31b668a73534073202f4ce4aa7f07ee426c371d218ca787bc9,2026-09-22T23:26:00+00:00,2026-09-23 04:26:00,82.4,1007.2,90
13.1,19.3,31.6,1196.6,347.4,54.0,6.8,2.5,0.6,448.3,139.0,8.5,5.8,48.2,27.6,24.25,False,4095,0.0,10.0,0.0,EXT-OPEN-METEO-KHI,KARACHI,OPENSOURCE_API_GRID,1408,,,,0.95,True,True,TIER2_OPENSOURCE_PURE;CONTINUOUS_MINUTE_STREAM;VERIFIED_MODEL_GRID,b3486d3108e9784f6438a0d0f7e16fbb179f2e81d7ab1a6b39969d6f319edb50,2026-09-22T23:27:00+00:00,2026-09-23 04:27:00,82.0,1007.2,90
13.2,19.4,31.8,1202.8,349.2,54.3,6.8,2.5,0.6,448.3,139.6,8.6,5.8,48.1,27.6,24.17,False,4095,0.0,10.0,0.0,EXT-OPEN-METEO-KHI,KARACHI,OPENSOURCE_API_GRID,1409,,,,0.95,True,True,TIER2_OPENSOURCE_PURE;CONTINUOUS_MINUTE_STREAM;VERIFIED_MODEL_GRID,5570f24d60cc8c93d5729a129a5d58225887f58e7aa55d944349fcb1ada55977,2026-09-22T23:28:00+00:00,2026-09-23 04:28:00,81.6,1007.2,90
13.3,19.5,32.0,1209.0,351.0,54.6,6.8,2.6,0.6,448.4,140.3,8.6,5.9,48.1,27.6,24.11,False,4095,0.0,10.0,0.0,EXT-OPEN-METEO-KHI,KARACHI,OPENSOURCE_API_GRID,1410,,,,0.95,True,True,TIER2_OPENSOURCE_PURE;CONTINUOUS_MINUTE_STREAM;VERIFIED_MODEL_GRID,5c1242c19ec73dcb47ca80ab72501342023cc9804495b926a824fd976c6f44d3,2026-09-22T23:29:00+00:00,2026-09-23 04:29:00,81.3,1007.2,90
13.4,19.7,32.2,1221.4,354.6,55.2,6.9,2.6,0.6,448.5,141.0,8.7,5.9,48.0,27.7,24.12,False,4095,0.0,10.0,0.0,EXT-OPEN-METEO-KHI,KARACHI,OPENSOURCE_API_GRID,1411,,,,0.95,True,True,TIER2_OPENSOURCE_PURE;CONTINUOUS_MINUTE_STREAM;VERIFIED_MODEL_GRID,3884bb85680ca5d36ebd7e1816cbb836c7c77301375b64f8bba730bd547f1141,2026-09-22T23:30:00+00:00,2026-09-23 04:30:00,80.9,1007.2,90
13.5,19.8,32.4,1227.6,356.4,55.4,6.9,2.6,0.6,448.6,141.7,8.8,5.9,47.9,27.7,24.04,False,4095,0.0,10.0,0.0,EXT-OPEN-METEO-KHI,KARACHI,OPENSOURCE_API_GRID,1412,,,,0.95,True,True,TIER2_OPENSOURCE_PURE;CONTINUOUS_MINUTE_STREAM;VERIFIED_MODEL_GRID,49a62e9021a2d3030ad47fd427bafb44335e136151fe6fb5ec26e1998695483b,2026-09-22T23:31:00+00:00,2026-09-23 04:31:00,80.5,1007.2,90
13.5,19.9,32.6,1233.8,358.2,55.7,7.0,2.6,0.7,448.7,142.4,8.8,6.0,47.9,27.7,23.96,False,4095,0.0,10.0,0.0,EXT-OPEN-METEO-KHI,KARACHI,OPENSOURCE_API_GRID,1413,,,,0.95,True,True,TIER2_OPENSOURCE_PURE;CONTINUOUS_MINUTE_STREAM;VERIFIED_MODEL_GRID,9f5a88e032940650814deda566f991dded082072486e8eaa4c83c86dc02ab1b8,2026-09-22T23:32:00+00:00,2026-09-23 04:32:00,80.1,1007.2,90
13.7,20.1,32.8,1246.2,361.8,56.3,7.0,2.6,0.7,448.7,143.0,8.9,6.0,47.8,27.7,23.89,False,4095,0.0,10.0,0.0,EXT-OPEN-METEO-KHI,KARACHI,OPENSOURCE_API_GRID,1414,,,,0.95,True,True,TIER2_OPENSOURCE_PURE;CONTINUOUS_MINUTE_STREAM;VERIFIED_MODEL_GRID,345c4055f91dc9872e4288f0ea433966cc1fbda408479a851c63fa66e93e2f5c,2026-09-22T23:33:00+00:00,2026-09-23 04:33:00,79.8,1007.2,90
13.7,20.2,33.1,1252.4,363.6,56.6,7.1,2.6,0.7,448.8,143.7,9.0,6.0,47.8,27.7,23.81,False,4095,0.0,10.0,0.0,EXT-OPEN-METEO-KHI,KARACHI,OPENSOURCE_API_GRID,1415,,,,0.95,True,True,TIER2_OPENSOURCE_PURE;CONTINUOUS_MINUTE_STREAM;VERIFIED_MODEL_GRID,586e994c90ab56bbb4ca27813765d704e4792dd30d6d2bd60a05bac9fe42939c,2026-09-22T23:34:00+00:00,2026-09-23 04:34:00,79.4,1007.2,90
13.9,20.4,33.3,1264.8,367.2,57.1,7.1,2.7,0.7,448.9,144.4,9.0,6.1,47.7,27.8,23.82,False,4095,0.0,10.0,0.0,EXT-OPEN-METEO-KHI,KARACHI,OPENSOURCE_API_GRID,1416,,,,0.95,True,True,TIER2_OPENSOURCE_PURE;CONTINUOUS_MINUTE_STREAM;VERIFIED_MODEL_GRID,89570bb3e398f7177dbd3fa4c7de6bd15a661916e22f2b1b820864f9ecfe9f30,2026-09-22T23:35:00+00:00,2026-09-23 04:35:00,79.0,1007.2,90
14.0,20.6,33.5,1277.2,370.8,57.7,7.2,2.7,0.7,449.0,145.0,9.1,6.1,47.7,27.8,23.76,False,4095,0.0,10.0,0.0,EXT-OPEN-METEO-KHI,KARACHI,OPENSOURCE_API_GRID,1417,,,,0.95,True,True,TIER2_OPENSOURCE_PURE;CONTINUOUS_MINUTE_STREAM;VERIFIED_MODEL_GRID,29bd4d8bdc8bdd41a2e770d38457b33564cfbd175c9635cba2d28fa5cf3284b4,2026-09-22T23:36:00+00:00,2026-09-23 04:36:00,78.7,1007.2,90
14.1,20.7,33.8,1283.4,372.6,58.0,7.2,2.7,0.7,449.0,145.7,9.2,6.1,47.6,27.8,23.7,False,4095,0.0,10.0,0.0,EXT-OPEN-METEO-KHI,KARACHI,OPENSOURCE_API_GRID,1418,,,,0.95,True,True,TIER2_OPENSOURCE_PURE;CONTINUOUS_MINUTE_STREAM;VERIFIED_MODEL_GRID,7a9477f221f1ca795c21e90d9c28e73c622da210a54b5005aba267bbd2a0d4ff,2026-09-22T23:37:00+00:00,2026-09-23 04:37:00,78.4,1007.2,90
14.2,20.9,34.1,1295.8,376.2,58.5,7.3,2.7,0.7,449.1,146.3,9.2,6.1,47.6,27.8,23.61,False,4095,0.0,10.0,0.0,EXT-OPEN-METEO-KHI,KARACHI,OPENSOURCE_API_GRID,1419,,,,0.95,True,True,TIER2_OPENSOURCE_PURE;CONTINUOUS_MINUTE_STREAM;VERIFIED_MODEL_GRID,1eefbd2ff92d4eef2a1dbdf8456402170f22a37e755c1ba491b7dcdae5fcba1c,2026-09-22T23:38:00+00:00,2026-09-23 04:38:00,78.0,1007.2,90
14.3,21.1,34.3,1308.2,379.8,59.1,7.4,2.7,0.7,449.2,146.9,9.3,6.2,47.5,27.8,23.55,False,4095,0.0,10.0,0.0,EXT-OPEN-METEO-KHI,KARACHI,OPENSOURCE_API_GRID,1420,,,,0.95,True,True,TIER2_OPENSOURCE_PURE;CONTINUOUS_MINUTE_STREAM;VERIFIED_MODEL_GRID,53d55de3df0c03171b2ca9370d3f9adb289921158453cc041ab6a3b59df29760,2026-09-22T23:39:00+00:00,2026-09-23 04:39:00,77.7,1007.2,90
14.5,21.3,34.6,1320.6,383.4,59.6,7.5,2.8,0.7,449.2,147.5,9.3,6.2,47.5,27.9,23.58,False,4095,0.0,10.0,0.0,EXT-OPEN-METEO-KHI,KARACHI,OPENSOURCE_API_GRID,1421,,,,0.95,True,True,TIER2_OPENSOURCE_PURE;CONTINUOUS_MINUTE_STREAM;VERIFIED_MODEL_GRID,28db7802bc6e8b483583b275af6d8515dc85ddd2e4e47fd1ae723ea62af45073,2026-09-22T23:40:00+00:00,2026-09-23 04:40:00,77.4,1007.3,90
14.6,21.5,34.9,1333.0,387.0,60.2,7.5,2.8,0.7,449.3,148.1,9.4,6.2,47.5,27.9,23.52,False,4095,0.0,10.0,0.0,EXT-OPEN-METEO-KHI,KARACHI,OPENSOURCE_API_GRID,1422,,,,0.95,True,True,TIER2_OPENSOURCE_PURE;CONTINUOUS_MINUTE_STREAM;VERIFIED_MODEL_GRID,35308393fa1c86af4b6a9ef40933c48155535acf5b4c4dd45fea1653aed912df,2026-09-22T23:41:00+00:00,2026-09-23 04:41:00,77.1,1007.3,90
14.7,21.6,35.2,1339.2,388.8,60.5,7.6,2.8,0.7,449.4,148.6,9.5,6.3,47.4,27.9,23.47,False,4095,0.0,10.0,0.0,EXT-OPEN-METEO-KHI,KARACHI,OPENSOURCE_API_GRID,1423,,,,0.95,True,True,TIER2_OPENSOURCE_PURE;CONTINUOUS_MINUTE_STREAM;VERIFIED_MODEL_GRID,05a249b2542435b05efcd1970e11fcd44a99c16be8505d38abe926d1a52aed55,2026-09-22T23:42:00+00:00,2026-09-23 04:42:00,76.9,1007.3,90
14.8,21.8,35.5,1351.6,392.4,61.0,7.6,2.8,0.7,449.4,149.2,9.5,6.3,47.4,28.0,23.5,False,4095,0.0,10.0,0.0,EXT-OPEN-METEO-KHI,KARACHI,OPENSOURCE_API_GRID,1424,,,,0.95,True,True,TIER2_OPENSOURCE_PURE;CONTINUOUS_MINUTE_STREAM;VERIFIED_MODEL_GRID,1981153e783cada89230005f7414e8d98131b9264ca93bdffe853fdb38578205,2026-09-22T23:43:00+00:00,2026-09-23 04:43:00,76.6,1007.3,90
15.0,22.0,35.7,1364.0,396.0,61.6,7.7,2.9,0.7,449.5,149.7,9.6,6.3,47.3,28.0,23.44,False,4095,0.0,10.0,0.0,EXT-OPEN-METEO-KHI,KARACHI,OPENSOURCE_API_GRID,1425,,,,0.95,True,True,TIER2_OPENSOURCE_PURE;CONTINUOUS_MINUTE_STREAM;VERIFIED_MODEL_GRID,0a7dd62cc97b6f88b810947ba556de5dbb8016879f6fa05b94fd66fc652270a5,2026-09-22T23:44:00+00:00,2026-09-23 04:44:00,76.3,1007.3,90
15.1,22.2,36.0,1376.4,399.6,62.2,7.8,2.9,0.7,449.6,150.2,9.6,6.3,47.3,28.0,23.4,False,4095,0.0,10.0,0.0,EXT-OPEN-METEO-KHI,KARACHI,OPENSOURCE_API_GRID,1426,,,,0.95,True,True,TIER2_OPENSOURCE_PURE;CONTINUOUS_MINUTE_STREAM;VERIFIED_MODEL_GRID,d9567ea941d65ff4f58c0933878b7ae1cca2119cdf4c30de97f34df24431c786,2026-09-22T23:45:00+00:00,2026-09-23 04:45:00,76.1,1007.3,90
15.1,22.2,36.1,1376.4,399.6,62.2,7.8,2.9,0.7,449.6,150.7,9.7,6.3,47.3,28.1,23.45,False,4095,0.0,10.0,0.0,EXT-OPEN-METEO-KHI,KARACHI,OPENSOURCE_API_GRID,1427,,,,0.95,True,True,TIER2_OPENSOURCE_PURE;CONTINUOUS_MINUTE_STREAM;VERIFIED_MODEL_GRID,82175130a7e79042164089effa31ef323e40a68fb065eecf5d8bb83be048d00a,2026-09-22T23:46:00+00:00,2026-09-23 04:46:00,75.9,1007.3,90
15.2,22.4,36.3,1388.8,403.2,62.7,7.8,2.9,0.7,449.7,151.1,9.7,6.4,47.2,28.1,23.4,False,4095,0.0,10.0,0.0,EXT-OPEN-METEO-KHI,KARACHI,OPENSOURCE_API_GRID,1428,,,,0.95,True,True,TIER2_OPENSOURCE_PURE;CONTINUOUS_MINUTE_STREAM;VERIFIED_MODEL_GRID,c2f1d24a2f915abfa76512f3829edfbc5d77ed2035a3cb13fad79dd23de00fb4,2026-09-22T23:47:00+00:00,2026-09-23 04:47:00,75.7,1007.3,90
15.3,22.5,36.5,1395.0,405.0,63.0,7.9,2.9,0.7,449.7,151.5,9.8,6.4,47.2,28.1,23.36,False,4095,0.0,10.0,0.0,EXT-OPEN-METEO-KHI,KARACHI,OPENSOURCE_API_GRID,1429,,,,0.95,True,True,TIER2_OPENSOURCE_PURE;CONTINUOUS_MINUTE_STREAM;VERIFIED_MODEL_GRID,c14043ba35a0609f684b1a54806a09219f46caef137d6a79239fbe1f893e7203,2026-09-22T23:48:00+00:00,2026-09-23 04:48:00,75.5,1007.3,90
15.4,22.7,36.8,1407.4,408.6,63.6,7.9,2.9,0.7,449.8,151.9,9.8,6.4,47.2,28.1,23.32,False,4095,0.0,10.0,0.0,EXT-OPEN-METEO-KHI,KARACHI,OPENSOURCE_API_GRID,1430,,,,0.95,True,True,TIER2_OPENSOURCE_PURE;CONTINUOUS_MINUTE_STREAM;VERIFIED_MODEL_GRID,7218f3f01b20ef43a8e2724ab9d23266902d7ce1c20b3e536a3455e88934446c,2026-09-22T23:49:00+00:00,2026-09-23 04:49:00,75.3,1007.3,90
15.5,22.8,36.9,1413.6,410.4,63.8,8.0,3.0,0.7,449.8,152.3,9.8,6.4,47.1,28.2,23.37,False,4095,0.0,10.0,0.0,EXT-OPEN-METEO-KHI,KARACHI,OPENSOURCE_API_GRID,1431,,,,0.95,True,True,TIER2_OPENSOURCE_PURE;CONTINUOUS_MINUTE_STREAM;VERIFIED_MODEL_GRID,1d5e87c5b1e7bcb3657c8014ba92daa597ec59683ef99b92a0cb05eaaa32ae97,2026-09-22T23:50:00+00:00,2026-09-23 04:50:00,75.1,1007.3,90
15.6,22.9,37.1,1419.8,412.2,64.1,8.0,3.0,0.7,449.8,152.6,9.9,6.4,47.1,28.2,23.33,False,4095,0.0,10.0,0.0,EXT-OPEN-METEO-KHI,KARACHI,OPENSOURCE_API_GRID,1432,,,,0.95,True,True,TIER2_OPENSOURCE_PURE;CONTINUOUS_MINUTE_STREAM;VERIFIED_MODEL_GRID,4665d7037c37eebb29b8567292a6702989f26f15f4629424d11e8b8a1b77ecbb,2026-09-22T23:51:00+00:00,2026-09-23 04:51:00,74.9,1007.3,90
15.6,23.0,37.2,1426.0,414.0,64.4,8.0,3.0,0.7,449.9,152.9,9.9,6.4,47.1,28.2,23.28,False,4095,0.0,10.0,0.0,EXT-OPEN-METEO-KHI,KARACHI,OPENSOURCE_API_GRID,1433,,,,0.95,True,True,TIER2_OPENSOURCE_PURE;CONTINUOUS_MINUTE_STREAM;VERIFIED_MODEL_GRID,fefb7aabd115e901c1fe5bd2b7d8a5e9e5cc5286936913fc74948eaea4f8f0a4,2026-09-22T23:52:00+00:00,2026-09-23 04:52:00,74.7,1007.3,90
15.7,23.1,37.4,1432.2,415.8,64.7,8.1,3.0,0.7,449.9,153.1,9.9,6.5,47.1,28.2,23.24,False,4095,0.0,10.0,0.0,EXT-OPEN-METEO-KHI,KARACHI,OPENSOURCE_API_GRID,1434,,,,0.95,True,True,TIER2_OPENSOURCE_PURE;CONTINUOUS_MINUTE_STREAM;VERIFIED_MODEL_GRID,d4b61009dff1f32ea272446d83e397f908c12c7b70f0a0bfe8f079e33966b7c4,2026-09-22T23:53:00+00:00,2026-09-23 04:53:00,74.5,1007.3,90
15.7,23.1,37.4,1432.2,415.8,64.7,8.1,3.0,0.7,449.9,153.4,9.9,6.5,47.0,28.2,23.21,False,4095,0.0,10.0,0.0,EXT-OPEN-METEO-KHI,KARACHI,OPENSOURCE_API_GRID,1435,,,,0.95,True,True,TIER2_OPENSOURCE_PURE;CONTINUOUS_MINUTE_STREAM;VERIFIED_MODEL_GRID,8a2541ea3d8120a2821f3548a3aeb5319eea1246344c0cfc6cd6320537562442,2026-09-22T23:54:00+00:00,2026-09-23 04:54:00,74.4,1007.3,90
15.8,23.2,37.5,1438.4,417.6,65.0,8.1,3.0,0.8,449.9,153.6,10.0,6.5,47.0,28.2,23.17,False,4095,0.0,10.0,0.0,EXT-OPEN-METEO-KHI,KARACHI,OPENSOURCE_API_GRID,1436,,,,0.95,True,True,TIER2_OPENSOURCE_PURE;CONTINUOUS_MINUTE_STREAM;VERIFIED_MODEL_GRID,e3c40959affc8fdfdead94f231f073fb313eb1df2bd4f9f36a2b4bfb9a42225d,2026-09-22T23:55:00+00:00,2026-09-23 04:55:00,74.2,1007.3,90
15.8,23.2,37.5,1438.4,417.6,65.0,8.1,3.0,0.8,450.0,153.7,10.0,6.5,47.0,28.2,23.15,False,4095,0.0,10.0,0.0,EXT-OPEN-METEO-KHI,KARACHI,OPENSOURCE_API_GRID,1437,,,,0.95,True,True,TIER2_OPENSOURCE_PURE;CONTINUOUS_MINUTE_STREAM;VERIFIED_MODEL_GRID,666920405d0a27c20a18de7835e5a5456300aa2165144b2957c70f29fb68d798,2026-09-22T23:56:00+00:00,2026-09-23 04:56:00,74.1,1007.3,90
15.8,23.2,37.5,1438.4,417.6,65.0,8.1,3.0,0.8,450.0,153.8,10.0,6.5,47.0,28.2,23.13,False,4095,0.0,10.0,0.0,EXT-OPEN-METEO-KHI,KARACHI,OPENSOURCE_API_GRID,1438,,,,0.95,True,True,TIER2_OPENSOURCE_PURE;CONTINUOUS_MINUTE_STREAM;VERIFIED_MODEL_GRID,c376590bf25cdd5e835c536485f387e3adf2abfd355d87037d3b3644506141b2,2026-09-22T23:57:00+00:00,2026-09-23 04:57:00,74.0,1007.3,90
15.8,23.2,37.5,1438.4,417.6,65.0,8.1,3.0,0.8,450.0,153.9,10.0,6.5,47.0,28.2,23.13,False,4095,0.0,10.0,0.0,EXT-OPEN-METEO-KHI,KARACHI,OPENSOURCE_API_GRID,1439,,,,0.95,True,True,TIER2_OPENSOURCE_PURE;CONTINUOUS_MINUTE_STREAM;VERIFIED_MODEL_GRID,0d4cd4bed6e2443ae606de66ca9933b1be6083d93500eeff81e5e91b61c80558,2026-09-22T23:58:00+00:00,2026-09-23 04:58:00,74.0,1007.3,90
15.7,23.1,37.5,1432.2,415.8,64.7,8.1,3.0,0.8,450.0,154.0,10.0,6.5,47.0,28.2,23.1,False,4095,0.0,10.0,0.0,EXT-OPEN-METEO-KHI,KARACHI,OPENSOURCE_API_GRID,1440,,,,0.95,True,True,TIER2_OPENSOURCE_PURE;CONTINUOUS_MINUTE_STREAM;VERIFIED_MODEL_GRID,b021e3c08394125f9000b0a3c9212897b1f605f1bdeeda742516abcfc22a6386,2026-09-22T23:59:00+00:00,2026-09-23 04:59:00,73.9,1007.3,90
