pm1_raw,pm2_5_raw,pm10_raw,particle_bin_0_3um,particle_bin_0_5um,particle_bin_1_0um,particle_bin_2_5um,particle_bin_5_0um,particle_bin_10_0um,co2_ppm,co_ug_m3,no2_ug_m3,so2_ug_m3,o3_ug_m3,temperature_c,dew_point_c,rain_flag,precipitation_analog_val,precipitation_mm,cloud_cover_pct,solar_radiation_w_m2,station_id,campus_id,device_uid,sequence_number,battery_voltage_v,wifi_rssi_dbm,free_heap_bytes,quality_score,is_valid,is_interpolated,qc_flags,content_hash,observed_at_utc,observed_at_pk,humidity_pct,pressure_hpa,aqi
11.3,16.6,37.1,1029.2,298.8,46.5,5.8,3.0,0.7,452.0,203.0,13.4,6.7,30.0,26.3,24.56,False,4095,0.0,1.0,0.0,EXT-OPEN-METEO-KHI,KARACHI,OPENSOURCE_API_GRID,1,,,,0.95,True,False,TIER2_OPENSOURCE_PURE;HOURLY_NODE;VERIFIED_MODEL_GRID,75b30fee34a2ea7ff2fbcb3648f3575246c96a350a280d9e7806ffd57344169f,2026-09-20T00:00:00+00:00,2026-09-20 05:00:00,90.2,1010.3,77
11.3,16.6,37.2,1029.2,298.8,46.5,5.8,3.0,0.7,452.0,203.1,13.4,6.7,30.0,26.3,24.55,False,4095,0.0,1.0,0.0,EXT-OPEN-METEO-KHI,KARACHI,OPENSOURCE_API_GRID,2,,,,0.95,True,True,TIER2_OPENSOURCE_PURE;CONTINUOUS_MINUTE_STREAM;VERIFIED_MODEL_GRID,cf5ff8383d91819b25e9a57c78f81777b15d5272e8962a18e147e11154d96edb,2026-09-20T00:01:00+00:00,2026-09-20 05:01:00,90.1,1010.3,77
11.4,16.7,37.2,1035.4,300.6,46.8,5.8,3.0,0.7,452.0,203.2,13.4,6.7,30.0,26.3,24.55,False,4095,0.0,1.0,0.0,EXT-OPEN-METEO-KHI,KARACHI,OPENSOURCE_API_GRID,3,,,,0.95,True,True,TIER2_OPENSOURCE_PURE;CONTINUOUS_MINUTE_STREAM;VERIFIED_MODEL_GRID,c3e450e93efb881e7cac41ca06b0896ad93523dd6999bd89ec03205038b4f252,2026-09-20T00:02:00+00:00,2026-09-20 05:02:00,90.1,1010.3,77
11.4,16.7,37.3,1035.4,300.6,46.8,5.8,3.0,0.7,452.0,203.5,13.4,6.7,30.0,26.3,24.55,False,4095,0.0,1.1,0.0,EXT-OPEN-METEO-KHI,KARACHI,OPENSOURCE_API_GRID,4,,,,0.95,True,True,TIER2_OPENSOURCE_PURE;CONTINUOUS_MINUTE_STREAM;VERIFIED_MODEL_GRID,627aaf7cf5b15fd0435eae464a145213572ed9e109ad483315b0915669e43d7a,2026-09-20T00:03:00+00:00,2026-09-20 05:03:00,90.1,1010.3,77
11.4,16.8,37.3,1041.6,302.4,47.0,5.9,3.0,0.7,452.0,204.0,13.4,6.7,30.0,26.3,24.55,False,4095,0.0,1.1,0.0,EXT-OPEN-METEO-KHI,KARACHI,OPENSOURCE_API_GRID,5,,,,0.95,True,True,TIER2_OPENSOURCE_PURE;CONTINUOUS_MINUTE_STREAM;VERIFIED_MODEL_GRID,cf77cb2e3de7e73d198ffe07031691dec6d8e8d6e5ee37b97e24179adeb5ac4f,2026-09-20T00:04:00+00:00,2026-09-20 05:04:00,90.1,1010.3,77
11.4,16.8,37.4,1041.6,302.4,47.0,5.9,3.0,0.7,452.0,204.5,13.4,6.7,30.0,26.3,24.55,False,4095,0.0,1.2,0.0,EXT-OPEN-METEO-KHI,KARACHI,OPENSOURCE_API_GRID,6,,,,0.95,True,True,TIER2_OPENSOURCE_PURE;CONTINUOUS_MINUTE_STREAM;VERIFIED_MODEL_GRID,c9720ea10d701507d124edcd30560c3e490972f0f9246d5e015232277ca19446,2026-09-20T00:05:00+00:00,2026-09-20 05:05:00,90.1,1010.3,77
11.4,16.8,37.4,1041.6,302.4,47.0,5.9,3.0,0.7,452.0,205.2,13.4,6.7,30.0,26.3,24.55,False,4095,0.0,1.2,0.0,EXT-OPEN-METEO-KHI,KARACHI,OPENSOURCE_API_GRID,7,,,,0.95,True,True,TIER2_OPENSOURCE_PURE;CONTINUOUS_MINUTE_STREAM;VERIFIED_MODEL_GRID,2b197b6c14fdf916cf33dcfcb3e553f04992090efd6ffd5f9a5670482b48906b,2026-09-20T00:06:00+00:00,2026-09-20 05:06:00,90.1,1010.3,77
11.4,16.8,37.4,1041.6,302.4,47.0,5.9,3.0,0.7,452.0,205.9,13.4,6.7,30.0,26.3,24.55,False,4095,0.0,1.3,0.0,EXT-OPEN-METEO-KHI,KARACHI,OPENSOURCE_API_GRID,8,,,,0.95,True,True,TIER2_OPENSOURCE_PURE;CONTINUOUS_MINUTE_STREAM;VERIFIED_MODEL_GRID,ff9072fadec8baefed69ba28ae42a09b01234d1cc0dd52c314f7f6a059f282f7,2026-09-20T00:07:00+00:00,2026-09-20 05:07:00,90.1,1010.3,77
11.4,16.8,37.4,1041.6,302.4,47.0,5.9,3.0,0.7,452.0,206.8,13.5,6.7,30.0,26.3,24.55,False,4095,0.0,1.4,0.0,EXT-OPEN-METEO-KHI,KARACHI,OPENSOURCE_API_GRID,9,,,,0.95,True,True,TIER2_OPENSOURCE_PURE;CONTINUOUS_MINUTE_STREAM;VERIFIED_MODEL_GRID,f196d22886211ea11a713675c19cfd08e689c4eacb4f90ce7b82c9faa5da3b60,2026-09-20T00:08:00+00:00,2026-09-20 05:08:00,90.1,1010.3,77
11.4,16.8,37.4,1041.6,302.4,47.0,5.9,3.0,0.7,452.1,207.8,13.5,6.7,29.9,26.3,24.55,False,4095,0.0,1.5,0.0,EXT-OPEN-METEO-KHI,KARACHI,OPENSOURCE_API_GRID,10,,,,0.95,True,True,TIER2_OPENSOURCE_PURE;CONTINUOUS_MINUTE_STREAM;VERIFIED_MODEL_GRID,8b688bc28075a3f75254d721382876d68e81a1e8b02659182ef033a8e38a329a,2026-09-20T00:09:00+00:00,2026-09-20 05:09:00,90.1,1010.4,77
11.4,16.8,37.4,1041.6,302.4,47.0,5.9,3.0,0.7,452.1,208.9,13.5,6.8,29.9,26.3,24.55,False,4095,0.0,1.6,0.0,EXT-OPEN-METEO-KHI,KARACHI,OPENSOURCE_API_GRID,11,,,,0.95,True,True,TIER2_OPENSOURCE_PURE;CONTINUOUS_MINUTE_STREAM;VERIFIED_MODEL_GRID,907a2bf3ebd17a6c74c086c29973d7d8680b9d03df65812834901d84ac684124,2026-09-20T00:10:00+00:00,2026-09-20 05:10:00,90.1,1010.4,77
11.4,16.8,37.4,1041.6,302.4,47.0,5.9,3.0,0.7,452.1,210.1,13.5,6.8,29.9,26.3,24.55,False,4095,0.0,1.7,0.0,EXT-OPEN-METEO-KHI,KARACHI,OPENSOURCE_API_GRID,12,,,,0.95,True,True,TIER2_OPENSOURCE_PURE;CONTINUOUS_MINUTE_STREAM;VERIFIED_MODEL_GRID,2bccd3dabd41fb88eb484f80a52d2d2ff55eeb90d13e8d4286ca48608dc21915,2026-09-20T00:11:00+00:00,2026-09-20 05:11:00,90.1,1010.4,77
11.4,16.7,37.3,1035.4,300.6,46.8,5.8,3.0,0.7,452.1,211.4,13.5,6.8,29.9,26.3,24.55,False,4095,0.0,1.9,0.0,EXT-OPEN-METEO-KHI,KARACHI,OPENSOURCE_API_GRID,13,,,,0.95,True,True,TIER2_OPENSOURCE_PURE;CONTINUOUS_MINUTE_STREAM;VERIFIED_MODEL_GRID,4016441a4a00b8a7fdcc13ca8c0ede540caebf603095fc2aa12e4956c664ce18,2026-09-20T00:12:00+00:00,2026-09-20 05:12:00,90.1,1010.4,77
11.4,16.7,37.3,1035.4,300.6,46.8,5.8,3.0,0.7,452.1,212.8,13.5,6.8,29.9,26.3,24.55,False,4095,0.0,2.0,0.0,EXT-OPEN-METEO-KHI,KARACHI,OPENSOURCE_API_GRID,14,,,,0.95,True,True,TIER2_OPENSOURCE_PURE;CONTINUOUS_MINUTE_STREAM;VERIFIED_MODEL_GRID,a4b42d6d85e0b861e7d3dd7391d011bcf6e310039023e6c111ee237095f51ef8,2026-09-20T00:13:00+00:00,2026-09-20 05:13:00,90.1,1010.4,77
11.4,16.7,37.2,1035.4,300.6,46.8,5.8,3.0,0.7,452.1,214.3,13.6,6.8,29.9,26.3,24.56,False,4095,0.0,2.2,0.0,EXT-OPEN-METEO-KHI,KARACHI,OPENSOURCE_API_GRID,15,,,,0.95,True,True,TIER2_OPENSOURCE_PURE;CONTINUOUS_MINUTE_STREAM;VERIFIED_MODEL_GRID,edf6ed4214cd9d21b9748672b8168e4aa44bc72b5f6fb03131f8f73cb68f1b19,2026-09-20T00:14:00+00:00,2026-09-20 05:14:00,90.2,1010.4,77
11.3,16.6,37.2,1029.2,298.8,46.5,5.8,3.0,0.7,452.1,215.9,13.6,6.8,29.9,26.3,24.56,False,4095,0.0,2.3,0.0,EXT-OPEN-METEO-KHI,KARACHI,OPENSOURCE_API_GRID,16,,,,0.95,True,True,TIER2_OPENSOURCE_PURE;CONTINUOUS_MINUTE_STREAM;VERIFIED_MODEL_GRID,eec619d3f531c58a56b3e7f53a0a5757af17d6cdbc6a27abd1134352498952bc,2026-09-20T00:15:00+00:00,2026-09-20 05:15:00,90.2,1010.4,77
11.3,16.6,37.1,1029.2,298.8,46.5,5.8,3.0,0.7,452.2,217.6,13.6,6.8,29.8,26.2,24.47,False,4095,0.0,2.5,0.0,EXT-OPEN-METEO-KHI,KARACHI,OPENSOURCE_API_GRID,17,,,,0.95,True,True,TIER2_OPENSOURCE_PURE;CONTINUOUS_MINUTE_STREAM;VERIFIED_MODEL_GRID,a9d61f0862ac71ebe6ba21cc014aa0032ca9bd2fea935a931bba0fad19f9b74f,2026-09-20T00:16:00+00:00,2026-09-20 05:16:00,90.2,1010.4,77
11.3,16.6,37.1,1029.2,298.8,46.5,5.8,3.0,0.7,452.2,219.3,13.6,6.8,29.8,26.2,24.47,False,4095,0.0,2.7,0.0,EXT-OPEN-METEO-KHI,KARACHI,OPENSOURCE_API_GRID,18,,,,0.95,True,True,TIER2_OPENSOURCE_PURE;CONTINUOUS_MINUTE_STREAM;VERIFIED_MODEL_GRID,d6a7637a22ab4bebe603b22fd1edbd871a017d9c0d9aac1c73dc0173e75311c1,2026-09-20T00:17:00+00:00,2026-09-20 05:17:00,90.2,1010.4,77
11.3,16.6,37.1,1029.2,298.8,46.5,5.8,3.0,0.7,452.2,221.1,13.7,6.9,29.8,26.2,24.48,False,4095,0.0,2.9,0.0,EXT-OPEN-METEO-KHI,KARACHI,OPENSOURCE_API_GRID,19,,,,0.95,True,True,TIER2_OPENSOURCE_PURE;CONTINUOUS_MINUTE_STREAM;VERIFIED_MODEL_GRID,7a082bd0ada3cbba3ec15fe227ebcf3bb91eca709f597860d297dd17c68de5e5,2026-09-20T00:18:00+00:00,2026-09-20 05:18:00,90.3,1010.4,77
11.2,16.5,37.1,1023.0,297.0,46.2,5.8,3.0,0.7,452.2,223.0,13.7,6.9,29.8,26.2,24.48,False,4095,0.0,3.0,0.0,EXT-OPEN-METEO-KHI,KARACHI,OPENSOURCE_API_GRID,20,,,,0.95,True,True,TIER2_OPENSOURCE_PURE;CONTINUOUS_MINUTE_STREAM;VERIFIED_MODEL_GRID,6aae4b2f80e7280453ed08168eca8d0fcd1443e80c7d81738322d2b7383df8a0,2026-09-20T00:19:00+00:00,2026-09-20 05:19:00,90.3,1010.5,77
11.2,16.5,37.1,1023.0,297.0,46.2,5.8,3.0,0.7,452.2,225.0,13.7,6.9,29.8,26.2,24.5,False,4095,0.0,3.2,0.0,EXT-OPEN-METEO-KHI,KARACHI,OPENSOURCE_API_GRID,21,,,,0.95,True,True,TIER2_OPENSOURCE_PURE;CONTINUOUS_MINUTE_STREAM;VERIFIED_MODEL_GRID,5cf7b8976cbe8cf56ee2e1246fe2261dceafdf203fb822ca6b75cd72623c7d29,2026-09-20T00:20:00+00:00,2026-09-20 05:20:00,90.4,1010.5,77
11.2,16.5,37.1,1023.0,297.0,46.2,5.8,3.0,0.7,452.3,227.0,13.8,6.9,29.7,26.2,24.5,False,4095,0.0,3.5,0.0,EXT-OPEN-METEO-KHI,KARACHI,OPENSOURCE_API_GRID,22,,,,0.95,True,True,TIER2_OPENSOURCE_PURE;CONTINUOUS_MINUTE_STREAM;VERIFIED_MODEL_GRID,3ea6175ac089734a90d64cd892bfaea5d05e82aae7d7b06959d8c271fce0a2b8,2026-09-20T00:21:00+00:00,2026-09-20 05:21:00,90.4,1010.5,77
11.3,16.6,37.1,1029.2,298.8,46.5,5.8,3.0,0.7,452.3,229.1,13.8,6.9,29.7,26.2,24.52,False,4095,0.0,3.7,0.0,EXT-OPEN-METEO-KHI,KARACHI,OPENSOURCE_API_GRID,23,,,,0.95,True,True,TIER2_OPENSOURCE_PURE;CONTINUOUS_MINUTE_STREAM;VERIFIED_MODEL_GRID,d3ff75f17a77b4e70bbdbd382e5517ae91f7992551e8cb0fe78c1ec0ebf49c7d,2026-09-20T00:22:00+00:00,2026-09-20 05:22:00,90.5,1010.5,77
11.3,16.6,37.1,1029.2,298.8,46.5,5.8,3.0,0.7,452.3,231.2,13.8,7.0,29.7,26.2,24.52,False,4095,0.0,3.9,0.0,EXT-OPEN-METEO-KHI,KARACHI,OPENSOURCE_API_GRID,24,,,,0.95,True,True,TIER2_OPENSOURCE_PURE;CONTINUOUS_MINUTE_STREAM;VERIFIED_MODEL_GRID,1da08d75912c1b6cd0ba7aab1166e75fe6f18f582e9c3a2599c915fbccab2e2c,2026-09-20T00:23:00+00:00,2026-09-20 05:23:00,90.5,1010.5,77
11.3,16.6,37.2,1029.2,298.8,46.5,5.8,3.0,0.7,452.3,233.4,13.8,7.0,29.7,26.1,24.44,False,4095,0.0,4.1,0.0,EXT-OPEN-METEO-KHI,KARACHI,OPENSOURCE_API_GRID,25,,,,0.95,True,True,TIER2_OPENSOURCE_PURE;CONTINUOUS_MINUTE_STREAM;VERIFIED_MODEL_GRID,2d9c83fbe7e613c8ab8560be3422f03f6d893ee988c76e67d5be32663e3ce5a0,2026-09-20T00:24:00+00:00,2026-09-20 05:24:00,90.6,1010.5,77
11.4,16.7,37.3,1035.4,300.6,46.8,5.8,3.0,0.7,452.4,235.6,13.9,7.0,29.6,26.1,24.46,False,4095,0.0,4.3,0.0,EXT-OPEN-METEO-KHI,KARACHI,OPENSOURCE_API_GRID,26,,,,0.95,True,True,TIER2_OPENSOURCE_PURE;CONTINUOUS_MINUTE_STREAM;VERIFIED_MODEL_GRID,067aea6e318435c35c3047e9cb6091a88ced03a189d7f7e325cd7c1cebf3635e,2026-09-20T00:25:00+00:00,2026-09-20 05:25:00,90.7,1010.5,77
11.4,16.7,37.4,1035.4,300.6,46.8,5.8,3.0,0.7,452.4,237.9,13.9,7.0,29.6,26.1,24.46,False,4095,0.0,4.6,0.0,EXT-OPEN-METEO-KHI,KARACHI,OPENSOURCE_API_GRID,27,,,,0.95,True,True,TIER2_OPENSOURCE_PURE;CONTINUOUS_MINUTE_STREAM;VERIFIED_MODEL_GRID,0c154e99a7a6bb195a93f11e1cffe9ac95134da53d960454bfa59b900ed9316b,2026-09-20T00:26:00+00:00,2026-09-20 05:26:00,90.7,1010.5,77
11.4,16.8,37.4,1041.6,302.4,47.0,5.9,3.0,0.7,452.4,240.1,13.9,7.0,29.6,26.1,24.48,False,4095,0.0,4.8,0.0,EXT-OPEN-METEO-KHI,KARACHI,OPENSOURCE_API_GRID,28,,,,0.95,True,True,TIER2_OPENSOURCE_PURE;CONTINUOUS_MINUTE_STREAM;VERIFIED_MODEL_GRID,bd102a77ad15427206ca7fa497205e63dc3126214840e0f88eb44be63d3c5586,2026-09-20T00:27:00+00:00,2026-09-20 05:27:00,90.8,1010.5,77
11.4,16.8,37.5,1041.6,302.4,47.0,5.9,3.0,0.8,452.4,242.4,14.0,7.1,29.6,26.1,24.5,False,4095,0.0,5.0,0.0,EXT-OPEN-METEO-KHI,KARACHI,OPENSOURCE_API_GRID,29,,,,0.95,True,True,TIER2_OPENSOURCE_PURE;CONTINUOUS_MINUTE_STREAM;VERIFIED_MODEL_GRID,1d8432361a474e45f1eca44164d88e96bd2bc8847c56ba48c2cced25cc12b562,2026-09-20T00:28:00+00:00,2026-09-20 05:28:00,90.9,1010.6,77
11.5,16.9,37.6,1047.8,304.2,47.3,5.9,3.0,0.8,452.5,244.7,14.0,7.1,29.5,26.1,24.51,False,4095,0.0,5.3,0.0,EXT-OPEN-METEO-KHI,KARACHI,OPENSOURCE_API_GRID,30,,,,0.95,True,True,TIER2_OPENSOURCE_PURE;CONTINUOUS_MINUTE_STREAM;VERIFIED_MODEL_GRID,f4dfb0d22a22164ddc6a717a88bef86651dfc58ee69247ab583e52003e287c92,2026-09-20T00:29:00+00:00,2026-09-20 05:29:00,91.0,1010.6,77
11.5,16.9,37.7,1047.8,304.2,47.3,5.9,3.0,0.8,452.5,247.0,14.0,7.1,29.5,26.1,24.51,False,4095,0.0,5.5,0.0,EXT-OPEN-METEO-KHI,KARACHI,OPENSOURCE_API_GRID,31,,,,0.95,True,True,TIER2_OPENSOURCE_PURE;CONTINUOUS_MINUTE_STREAM;VERIFIED_MODEL_GRID,5aa76603c9b0dd93a90e7c9085ebfd9767c9049389fae29dfa1f8cd5e8636a2a,2026-09-20T00:30:00+00:00,2026-09-20 05:30:00,91.0,1010.6,77
11.5,16.9,37.6,1047.8,304.2,47.3,5.9,3.0,0.8,452.5,249.3,14.1,7.1,29.5,26.1,24.55,False,4095,0.0,5.7,0.0,EXT-OPEN-METEO-KHI,KARACHI,OPENSOURCE_API_GRID,32,,,,0.95,True,True,TIER2_OPENSOURCE_PURE;CONTINUOUS_MINUTE_STREAM;VERIFIED_MODEL_GRID,5f3f3795c153a788b8d5667de9b35c35d41b5ba907ced28bd7324033edd900c5,2026-09-20T00:31:00+00:00,2026-09-20 05:31:00,91.2,1010.6,77
11.5,16.9,37.7,1047.8,304.2,47.3,5.9,3.0,0.8,452.6,251.6,14.1,7.1,29.4,26.1,24.57,False,4095,0.0,6.0,0.0,EXT-OPEN-METEO-KHI,KARACHI,OPENSOURCE_API_GRID,33,,,,0.95,True,True,TIER2_OPENSOURCE_PURE;CONTINUOUS_MINUTE_STREAM;VERIFIED_MODEL_GRID,91a270ef6d735b243c764f26cd8b3b664376092b094b8e0feb99b45a6988142b,2026-09-20T00:32:00+00:00,2026-09-20 05:32:00,91.3,1010.6,77
11.6,17.0,37.8,1054.0,306.0,47.6,5.9,3.0,0.8,452.6,253.9,14.2,7.2,29.4,26.1,24.57,False,4095,0.0,6.2,0.0,EXT-OPEN-METEO-KHI,KARACHI,OPENSOURCE_API_GRID,34,,,,0.95,True,True,TIER2_OPENSOURCE_PURE;CONTINUOUS_MINUTE_STREAM;VERIFIED_MODEL_GRID,1df17fbe2c357053746608ce05af5097605f326c10057fa55dc2b00b725fe663,2026-09-20T00:33:00+00:00,2026-09-20 05:33:00,91.3,1010.7,77
11.6,17.0,37.9,1054.0,306.0,47.6,5.9,3.0,0.8,452.6,256.1,14.2,7.2,29.4,26.1,24.57,False,4095,0.0,6.4,0.0,EXT-OPEN-METEO-KHI,KARACHI,OPENSOURCE_API_GRID,35,,,,0.95,True,True,TIER2_OPENSOURCE_PURE;CONTINUOUS_MINUTE_STREAM;VERIFIED_MODEL_GRID,04215cdecd431757cfa171e20090c857e22087c07809935ca64967e838ca9950,2026-09-20T00:34:00+00:00,2026-09-20 05:34:00,91.3,1010.7,77
11.6,17.1,38.0,1060.2,307.8,47.9,6.0,3.0,0.8,452.6,258.4,14.2,7.2,29.4,26.1,24.59,False,4095,0.0,6.7,0.0,EXT-OPEN-METEO-KHI,KARACHI,OPENSOURCE_API_GRID,36,,,,0.95,True,True,TIER2_OPENSOURCE_PURE;CONTINUOUS_MINUTE_STREAM;VERIFIED_MODEL_GRID,f6a82fe5ab2c2d0d54aa0237335527127a9285a51ab835e927908379121b3c5f,2026-09-20T00:35:00+00:00,2026-09-20 05:35:00,91.4,1010.7,77
11.6,17.1,38.0,1060.2,307.8,47.9,6.0,3.0,0.8,452.7,260.6,14.3,7.2,29.3,26.1,24.59,False,4095,0.0,6.9,0.0,EXT-OPEN-METEO-KHI,KARACHI,OPENSOURCE_API_GRID,37,,,,0.95,True,True,TIER2_OPENSOURCE_PURE;CONTINUOUS_MINUTE_STREAM;VERIFIED_MODEL_GRID,55cd54bec3888207b8064458e88173451cc2dd803fee63b853f5324aec64ef25,2026-09-20T00:36:00+00:00,2026-09-20 05:36:00,91.4,1010.7,77
11.6,17.1,38.1,1060.2,307.8,47.9,6.0,3.0,0.8,452.7,262.8,14.3,7.2,29.3,26.1,24.59,False,4095,0.0,7.1,0.0,EXT-OPEN-METEO-KHI,KARACHI,OPENSOURCE_API_GRID,38,,,,0.95,True,True,TIER2_OPENSOURCE_PURE;CONTINUOUS_MINUTE_STREAM;VERIFIED_MODEL_GRID,0f4f54e6ab0ba608d0203e4386173d630d65db0a15c621bf5c30cbb568de1277,2026-09-20T00:37:00+00:00,2026-09-20 05:37:00,91.4,1010.7,77
11.7,17.2,38.1,1066.4,309.6,48.2,6.0,3.0,0.8,452.7,264.9,14.3,7.3,29.3,26.1,24.61,False,4095,0.0,7.3,0.0,EXT-OPEN-METEO-KHI,KARACHI,OPENSOURCE_API_GRID,39,,,,0.95,True,True,TIER2_OPENSOURCE_PURE;CONTINUOUS_MINUTE_STREAM;VERIFIED_MODEL_GRID,77f3cf83345a3a7310db69fa2bd545730fd893b3e8b4217514cdecb798bc9343,2026-09-20T00:38:00+00:00,2026-09-20 05:38:00,91.5,1010.7,77
11.7,17.2,38.1,1066.4,309.6,48.2,6.0,3.0,0.8,452.7,267.0,14.3,7.3,29.3,26.1,24.61,False,4095,0.0,7.5,0.0,EXT-OPEN-METEO-KHI,KARACHI,OPENSOURCE_API_GRID,40,,,,0.95,True,True,TIER2_OPENSOURCE_PURE;CONTINUOUS_MINUTE_STREAM;VERIFIED_MODEL_GRID,7b205d2aebc25abf244e1a8f01da293af53bc01039b8b641ad19da0afdc54256,2026-09-20T00:39:00+00:00,2026-09-20 05:39:00,91.5,1010.8,77
11.7,17.2,38.1,1066.4,309.6,48.2,6.0,3.0,0.8,452.8,269.0,14.4,7.3,29.2,26.1,24.61,False,4095,0.0,7.7,0.0,EXT-OPEN-METEO-KHI,KARACHI,OPENSOURCE_API_GRID,41,,,,0.95,True,True,TIER2_OPENSOURCE_PURE;CONTINUOUS_MINUTE_STREAM;VERIFIED_MODEL_GRID,b5bf488fa7cd165c5222f9e438ef86cd887b96fec17f1945aa7f18c7fd373dce,2026-09-20T00:40:00+00:00,2026-09-20 05:40:00,91.5,1010.8,77
11.6,17.1,38.1,1060.2,307.8,47.9,6.0,3.0,0.8,452.8,271.0,14.4,7.3,29.2,26.1,24.61,False,4095,0.0,8.0,0.0,EXT-OPEN-METEO-KHI,KARACHI,OPENSOURCE_API_GRID,42,,,,0.95,True,True,TIER2_OPENSOURCE_PURE;CONTINUOUS_MINUTE_STREAM;VERIFIED_MODEL_GRID,9b704f3630d3f38f9312c3b08c9eb01155af4e7dbf95b2b728460376b067be52,2026-09-20T00:41:00+00:00,2026-09-20 05:41:00,91.5,1010.8,77
11.6,17.1,38.1,1060.2,307.8,47.9,6.0,3.0,0.8,452.8,272.9,14.4,7.3,29.2,26.1,24.61,False,4095,0.0,8.1,0.0,EXT-OPEN-METEO-KHI,KARACHI,OPENSOURCE_API_GRID,43,,,,0.95,True,True,TIER2_OPENSOURCE_PURE;CONTINUOUS_MINUTE_STREAM;VERIFIED_MODEL_GRID,ac539a2a5bf1f54aac62abc9f1e45d8a4cf1e5bd33027c5321ebdb145aa087e4,2026-09-20T00:42:00+00:00,2026-09-20 05:42:00,91.5,1010.8,77
11.6,17.1,38.1,1060.2,307.8,47.9,6.0,3.0,0.8,452.8,274.7,14.5,7.4,29.2,26.1,24.62,False,4095,0.0,8.3,0.0,EXT-OPEN-METEO-KHI,KARACHI,OPENSOURCE_API_GRID,44,,,,0.95,True,True,TIER2_OPENSOURCE_PURE;CONTINUOUS_MINUTE_STREAM;VERIFIED_MODEL_GRID,4850e23cccdb5bcbae5dbd0e2189466d51a95c3f49168bbc269f3351e266c6b1,2026-09-20T00:43:00+00:00,2026-09-20 05:43:00,91.6,1010.8,77
11.6,17.1,38.0,1060.2,307.8,47.9,6.0,3.0,0.8,452.8,276.4,14.5,7.4,29.2,26.1,24.62,False,4095,0.0,8.5,0.0,EXT-OPEN-METEO-KHI,KARACHI,OPENSOURCE_API_GRID,45,,,,0.95,True,True,TIER2_OPENSOURCE_PURE;CONTINUOUS_MINUTE_STREAM;VERIFIED_MODEL_GRID,4fd2e5af5fc2f8c3881932f68021bb1ab2eb2f068e2d7f83adb3d97faaac5fb5,2026-09-20T00:44:00+00:00,2026-09-20 05:44:00,91.6,1010.8,77
11.6,17.0,38.0,1054.0,306.0,47.6,5.9,3.0,0.8,452.9,278.1,14.5,7.4,29.1,26.1,24.62,False,4095,0.0,8.7,0.0,EXT-OPEN-METEO-KHI,KARACHI,OPENSOURCE_API_GRID,46,,,,0.95,True,True,TIER2_OPENSOURCE_PURE;CONTINUOUS_MINUTE_STREAM;VERIFIED_MODEL_GRID,54131c847f193ece18fe7453d6d4042ae6a29e918dfd39f5b74548bcb7f60bc6,2026-09-20T00:45:00+00:00,2026-09-20 05:45:00,91.6,1010.8,77
11.6,17.0,37.9,1054.0,306.0,47.6,5.9,3.0,0.8,452.9,279.7,14.5,7.4,29.1,26.0,24.53,False,4095,0.0,8.8,0.0,EXT-OPEN-METEO-KHI,KARACHI,OPENSOURCE_API_GRID,47,,,,0.95,True,True,TIER2_OPENSOURCE_PURE;CONTINUOUS_MINUTE_STREAM;VERIFIED_MODEL_GRID,6436f440200f1033a02b888c552c73efe6283a2e6e6fbb3319b255f6e5bbdfb5,2026-09-20T00:46:00+00:00,2026-09-20 05:46:00,91.6,1010.8,77
11.6,17.0,37.9,1054.0,306.0,47.6,5.9,3.0,0.8,452.9,281.2,14.6,7.4,29.1,26.0,24.53,False,4095,0.0,9.0,0.0,EXT-OPEN-METEO-KHI,KARACHI,OPENSOURCE_API_GRID,48,,,,0.95,True,True,TIER2_OPENSOURCE_PURE;CONTINUOUS_MINUTE_STREAM;VERIFIED_MODEL_GRID,70efb1e1c5247c46bffcceb358c46e81deeb397e35885084824d15aaff5ba05a,2026-09-20T00:47:00+00:00,2026-09-20 05:47:00,91.6,1010.9,77
11.5,16.9,37.8,1047.8,304.2,47.3,5.9,3.0,0.8,452.9,282.6,14.6,7.4,29.1,26.0,24.54,False,4095,0.0,9.1,0.0,EXT-OPEN-METEO-KHI,KARACHI,OPENSOURCE_API_GRID,49,,,,0.95,True,True,TIER2_OPENSOURCE_PURE;CONTINUOUS_MINUTE_STREAM;VERIFIED_MODEL_GRID,1ad1c0e1bef110021370f7d2df76e6a60830c794cb53b79af3ad76b3a489f0b4,2026-09-20T00:48:00+00:00,2026-09-20 05:48:00,91.7,1010.9,77
11.5,16.9,37.8,1047.8,304.2,47.3,5.9,3.0,0.8,452.9,283.9,14.6,7.4,29.1,26.0,24.54,False,4095,0.0,9.3,0.0,EXT-OPEN-METEO-KHI,KARACHI,OPENSOURCE_API_GRID,50,,,,0.95,True,True,TIER2_OPENSOURCE_PURE;CONTINUOUS_MINUTE_STREAM;VERIFIED_MODEL_GRID,5a1c0f9dd8fbf11894816ee12bee648bc8a22d89104a2ec52f06f23662686265,2026-09-20T00:49:00+00:00,2026-09-20 05:49:00,91.7,1010.9,77
11.5,16.9,37.8,1047.8,304.2,47.3,5.9,3.0,0.8,452.9,285.1,14.6,7.4,29.1,26.0,24.54,False,4095,0.0,9.4,0.0,EXT-OPEN-METEO-KHI,KARACHI,OPENSOURCE_API_GRID,51,,,,0.95,True,True,TIER2_OPENSOURCE_PURE;CONTINUOUS_MINUTE_STREAM;VERIFIED_MODEL_GRID,97bea1cc5a35e30e6f32e70944ef02889b6b2b00f62ef21900da9845c95fa68b,2026-09-20T00:50:00+00:00,2026-09-20 05:50:00,91.7,1010.9,77
11.5,16.9,37.8,1047.8,304.2,47.3,5.9,3.0,0.8,452.9,286.2,14.6,7.5,29.1,26.0,24.54,False,4095,0.0,9.5,0.0,EXT-OPEN-METEO-KHI,KARACHI,OPENSOURCE_API_GRID,52,,,,0.95,True,True,TIER2_OPENSOURCE_PURE;CONTINUOUS_MINUTE_STREAM;VERIFIED_MODEL_GRID,9de7d32ae449c3d655c3179a6fbd15ec0e953a744683061cfb2aea736e52827d,2026-09-20T00:51:00+00:00,2026-09-20 05:51:00,91.7,1010.9,77
11.5,16.9,37.8,1047.8,304.2,47.3,5.9,3.0,0.8,453.0,287.2,14.6,7.5,29.0,26.0,24.56,False,4095,0.0,9.6,0.0,EXT-OPEN-METEO-KHI,KARACHI,OPENSOURCE_API_GRID,53,,,,0.95,True,True,TIER2_OPENSOURCE_PURE;CONTINUOUS_MINUTE_STREAM;VERIFIED_MODEL_GRID,b55fd84a415121dd4ca3dda1782793e6199d6612c1ac2757b43234ee9b2a9aa0,2026-09-20T00:52:00+00:00,2026-09-20 05:52:00,91.8,1010.9,77
11.5,16.9,37.8,1047.8,304.2,47.3,5.9,3.0,0.8,453.0,288.1,14.7,7.5,29.0,26.0,24.56,False,4095,0.0,9.7,0.0,EXT-OPEN-METEO-KHI,KARACHI,OPENSOURCE_API_GRID,54,,,,0.95,True,True,TIER2_OPENSOURCE_PURE;CONTINUOUS_MINUTE_STREAM;VERIFIED_MODEL_GRID,6d07c6c4685cdceb409d45f4bd9429642c1d26e2a7c161b156e022df206bf5ff,2026-09-20T00:53:00+00:00,2026-09-20 05:53:00,91.8,1010.9,77
11.5,16.9,37.8,1047.8,304.2,47.3,5.9,3.0,0.8,453.0,288.8,14.7,7.5,29.0,26.0,24.56,False,4095,0.0,9.8,0.0,EXT-OPEN-METEO-KHI,KARACHI,OPENSOURCE_API_GRID,55,,,,0.95,True,True,TIER2_OPENSOURCE_PURE;CONTINUOUS_MINUTE_STREAM;VERIFIED_MODEL_GRID,bd8880a6f85e13e2e6687bedfa328fd5483ad387e20cc82633bc4da699dd3e17,2026-09-20T00:54:00+00:00,2026-09-20 05:54:00,91.8,1010.9,77
11.5,16.9,37.8,1047.8,304.2,47.3,5.9,3.0,0.8,453.0,289.5,14.7,7.5,29.0,26.0,24.58,False,4095,0.0,9.8,0.0,EXT-OPEN-METEO-KHI,KARACHI,OPENSOURCE_API_GRID,56,,,,0.95,True,True,TIER2_OPENSOURCE_PURE;CONTINUOUS_MINUTE_STREAM;VERIFIED_MODEL_GRID,5fab7df7b948d34372a4109aa846c325de23c09611b5191af385251e34f71b2b,2026-09-20T00:55:00+00:00,2026-09-20 05:55:00,91.9,1010.9,77
11.6,17.0,37.9,1054.0,306.0,47.6,5.9,3.0,0.8,453.0,290.0,14.7,7.5,29.0,26.0,24.58,False,4095,0.0,9.9,0.0,EXT-OPEN-METEO-KHI,KARACHI,OPENSOURCE_API_GRID,57,,,,0.95,True,True,TIER2_OPENSOURCE_PURE;CONTINUOUS_MINUTE_STREAM;VERIFIED_MODEL_GRID,ef63be732c02f73d881e52227cb4185951615838f24bbf8ba2f1e35cca1f6c30,2026-09-20T00:56:00+00:00,2026-09-20 05:56:00,91.9,1010.9,77
11.6,17.0,37.9,1054.0,306.0,47.6,5.9,3.0,0.8,453.0,290.5,14.7,7.5,29.0,26.0,24.58,False,4095,0.0,9.9,0.0,EXT-OPEN-METEO-KHI,KARACHI,OPENSOURCE_API_GRID,58,,,,0.95,True,True,TIER2_OPENSOURCE_PURE;CONTINUOUS_MINUTE_STREAM;VERIFIED_MODEL_GRID,63e1a442d3f45e600af1612bfc607bcbbd2834e5582d90dfe22018fda313a849,2026-09-20T00:57:00+00:00,2026-09-20 05:57:00,91.9,1010.9,77
11.6,17.0,38.0,1054.0,306.0,47.6,5.9,3.0,0.8,453.0,290.8,14.7,7.5,29.0,26.0,24.6,False,4095,0.0,10.0,0.0,EXT-OPEN-METEO-KHI,KARACHI,OPENSOURCE_API_GRID,59,,,,0.95,True,True,TIER2_OPENSOURCE_PURE;CONTINUOUS_MINUTE_STREAM;VERIFIED_MODEL_GRID,07a4e8ae729928d30f78b9b6f1cf47738ea621452cff363cd0fe56feeedc463d,2026-09-20T00:58:00+00:00,2026-09-20 05:58:00,92.0,1010.9,77
11.6,17.1,38.1,1060.2,307.8,47.9,6.0,3.0,0.8,453.0,290.9,14.7,7.5,29.0,26.0,24.6,False,4095,0.0,10.0,0.0,EXT-OPEN-METEO-KHI,KARACHI,OPENSOURCE_API_GRID,60,,,,0.95,True,True,TIER2_OPENSOURCE_PURE;CONTINUOUS_MINUTE_STREAM;VERIFIED_MODEL_GRID,d6eae50934d4e7eb2bc77ed6530e2f737c40b8ca53a2ca5f69f9894f475be40f,2026-09-20T00:59:00+00:00,2026-09-20 05:59:00,92.0,1010.9,77
11.6,17.1,38.1,1060.2,307.8,47.9,6.0,3.0,0.8,453.0,291.0,14.7,7.5,29.0,26.0,24.6,False,4095,0.0,10.0,0.0,EXT-OPEN-METEO-KHI,KARACHI,OPENSOURCE_API_GRID,61,,,,0.95,True,False,TIER2_OPENSOURCE_PURE;HOURLY_NODE;VERIFIED_MODEL_GRID,544105e9e3afd0fbf3dd7de866bf9d8f17b59965833509693fbeddd9c1dd9756,2026-09-20T01:00:00+00:00,2026-09-20 06:00:00,92.0,1010.9,77
11.7,17.2,38.2,1066.4,309.6,48.2,6.0,3.1,0.8,453.0,291.1,14.7,7.5,29.0,26.0,24.6,False,4095,0.0,10.0,0.0,EXT-OPEN-METEO-KHI,KARACHI,OPENSOURCE_API_GRID,62,,,,0.95,True,True,TIER2_OPENSOURCE_PURE;CONTINUOUS_MINUTE_STREAM;VERIFIED_MODEL_GRID,8d6e9c935f9ce5d3bf05abd01820967cb7c9e9c15dcbc36a977d5a653858ef95,2026-09-20T01:01:00+00:00,2026-09-20 06:01:00,92.0,1010.9,77
11.6,17.1,38.1,1060.2,307.8,47.9,6.0,3.0,0.8,453.0,291.3,14.7,7.5,29.0,26.0,24.62,False,4095,0.0,10.0,0.2,EXT-OPEN-METEO-KHI,KARACHI,OPENSOURCE_API_GRID,63,,,,0.95,True,True,TIER2_OPENSOURCE_PURE;CONTINUOUS_MINUTE_STREAM;VERIFIED_MODEL_GRID,eb04002f82b050ce45567d3c36a8697d7bd9bdf6980c827df6ba7eafcc1f01a5,2026-09-20T01:02:00+00:00,2026-09-20 06:02:00,92.1,1010.9,77
11.7,17.2,38.2,1066.4,309.6,48.2,6.0,3.1,0.8,453.0,291.7,14.7,7.5,29.0,26.0,24.62,False,4095,0.0,10.0,0.4,EXT-OPEN-METEO-KHI,KARACHI,OPENSOURCE_API_GRID,64,,,,0.95,True,True,TIER2_OPENSOURCE_PURE;CONTINUOUS_MINUTE_STREAM;VERIFIED_MODEL_GRID,ada08e77a0f7e9b5aefb8d2824226a984a7acc8796564438c6b83dbc37518295,2026-09-20T01:03:00+00:00,2026-09-20 06:03:00,92.1,1010.9,77
11.7,17.2,38.3,1066.4,309.6,48.2,6.0,3.1,0.8,453.0,292.2,14.7,7.5,29.0,26.0,24.62,False,4095,0.0,10.0,0.6,EXT-OPEN-METEO-KHI,KARACHI,OPENSOURCE_API_GRID,65,,,,0.95,True,True,TIER2_OPENSOURCE_PURE;CONTINUOUS_MINUTE_STREAM;VERIFIED_MODEL_GRID,ffa9600a62f9b76556f4fdc943094d3e68023db71440ac414849d20b178d960d,2026-09-20T01:04:00+00:00,2026-09-20 06:04:00,92.1,1010.9,77
11.8,17.3,38.3,1072.6,311.4,48.4,6.1,3.1,0.8,453.0,292.9,14.7,7.5,29.0,26.0,24.62,False,4095,0.0,10.0,1.0,EXT-OPEN-METEO-KHI,KARACHI,OPENSOURCE_API_GRID,66,,,,0.95,True,True,TIER2_OPENSOURCE_PURE;CONTINUOUS_MINUTE_STREAM;VERIFIED_MODEL_GRID,9188e28aaeef8ec0471101cd7837d1201e3a00af6c516f0ad6eccd345992e9ba,2026-09-20T01:05:00+00:00,2026-09-20 06:05:00,92.1,1010.9,77
11.8,17.3,38.4,1072.6,311.4,48.4,6.1,3.1,0.8,453.0,293.8,14.7,7.5,29.0,26.0,24.62,False,4095,0.0,10.0,1.4,EXT-OPEN-METEO-KHI,KARACHI,OPENSOURCE_API_GRID,67,,,,0.95,True,True,TIER2_OPENSOURCE_PURE;CONTINUOUS_MINUTE_STREAM;VERIFIED_MODEL_GRID,8cacc2917a693bebefe7fc19ca8e78bba5b084d4ea01cea1603f80c41ea35128,2026-09-20T01:06:00+00:00,2026-09-20 06:06:00,92.1,1010.9,77
11.8,17.4,38.5,1078.8,313.2,48.7,6.1,3.1,0.8,453.0,294.8,14.8,7.5,29.0,26.0,24.62,False,4095,0.0,10.0,2.0,EXT-OPEN-METEO-KHI,KARACHI,OPENSOURCE_API_GRID,68,,,,0.95,True,True,TIER2_OPENSOURCE_PURE;CONTINUOUS_MINUTE_STREAM;VERIFIED_MODEL_GRID,41264a532f4272c8f002683c4c61119cc7439a31ad50f492b0223ca5b2b1210b,2026-09-20T01:07:00+00:00,2026-09-20 06:07:00,92.1,1010.9,77
11.8,17.4,38.5,1078.8,313.2,48.7,6.1,3.1,0.8,453.0,295.9,14.8,7.6,29.0,26.1,24.7,False,4095,0.0,10.0,2.6,EXT-OPEN-METEO-KHI,KARACHI,OPENSOURCE_API_GRID,69,,,,0.95,True,True,TIER2_OPENSOURCE_PURE;CONTINUOUS_MINUTE_STREAM;VERIFIED_MODEL_GRID,32618b0ef4a4be8f7f380a64c5b56c19101e6a3f35fad7f17e8618c16e51dd22,2026-09-20T01:08:00+00:00,2026-09-20 06:08:00,92.0,1010.9,77
11.9,17.5,38.6,1085.0,315.0,49.0,6.1,3.1,0.8,453.1,297.2,14.8,7.6,28.9,26.1,24.7,False,4095,0.0,10.0,3.2,EXT-OPEN-METEO-KHI,KARACHI,OPENSOURCE_API_GRID,70,,,,0.95,True,True,TIER2_OPENSOURCE_PURE;CONTINUOUS_MINUTE_STREAM;VERIFIED_MODEL_GRID,48dbd1f7ac97a4cfcf8f287f909b9b98a6cb48d8c82bb9cc3252b7adaa64cfa7,2026-09-20T01:09:00+00:00,2026-09-20 06:09:00,92.0,1011.0,77
11.9,17.5,38.6,1085.0,315.0,49.0,6.1,3.1,0.8,453.1,298.6,14.8,7.6,28.9,26.1,24.7,False,4095,0.0,10.0,4.0,EXT-OPEN-METEO-KHI,KARACHI,OPENSOURCE_API_GRID,71,,,,0.95,True,True,TIER2_OPENSOURCE_PURE;CONTINUOUS_MINUTE_STREAM;VERIFIED_MODEL_GRID,04f3b760857517cab26f71ab8d220726b36b2a5ca963fd75aaceb6e5225d3950,2026-09-20T01:10:00+00:00,2026-09-20 06:10:00,92.0,1011.0,77
12.0,17.6,38.6,1091.2,316.8,49.3,6.2,3.1,0.8,453.1,300.2,14.8,7.6,28.9,26.1,24.68,False,4095,0.0,10.0,4.8,EXT-OPEN-METEO-KHI,KARACHI,OPENSOURCE_API_GRID,72,,,,0.95,True,True,TIER2_OPENSOURCE_PURE;CONTINUOUS_MINUTE_STREAM;VERIFIED_MODEL_GRID,05bd6bb03f7cded368c78c30ca7b9079d57debe15e1f74b7d659a0e147de7773,2026-09-20T01:11:00+00:00,2026-09-20 06:11:00,91.9,1011.0,77
12.0,17.6,38.6,1091.2,316.8,49.3,6.2,3.1,0.8,453.1,301.9,14.9,7.6,28.9,26.1,24.68,False,4095,0.0,10.0,5.6,EXT-OPEN-METEO-KHI,KARACHI,OPENSOURCE_API_GRID,73,,,,0.95,True,True,TIER2_OPENSOURCE_PURE;CONTINUOUS_MINUTE_STREAM;VERIFIED_MODEL_GRID,47dc85076aa10a1ad681845a23329a8b0d13b98156ee0c454afaa6f32f46b775,2026-09-20T01:12:00+00:00,2026-09-20 06:12:00,91.9,1011.0,77
12.0,17.6,38.6,1091.2,316.8,49.3,6.2,3.1,0.8,453.1,303.7,14.9,7.6,28.9,26.1,24.66,False,4095,0.0,10.0,6.6,EXT-OPEN-METEO-KHI,KARACHI,OPENSOURCE_API_GRID,74,,,,0.95,True,True,TIER2_OPENSOURCE_PURE;CONTINUOUS_MINUTE_STREAM;VERIFIED_MODEL_GRID,4e82f1b3c13a4368bd653e5ee58e743e4f3ebfbc92cef030683bc7dad8ce65e2,2026-09-20T01:13:00+00:00,2026-09-20 06:13:00,91.8,1011.0,77
12.0,17.6,38.6,1091.2,316.8,49.3,6.2,3.1,0.8,453.1,305.6,14.9,7.7,28.9,26.1,24.66,False,4095,0.0,10.0,7.6,EXT-OPEN-METEO-KHI,KARACHI,OPENSOURCE_API_GRID,75,,,,0.95,True,True,TIER2_OPENSOURCE_PURE;CONTINUOUS_MINUTE_STREAM;VERIFIED_MODEL_GRID,238a51255a704825dc7774294f69f8994e241e5e4b61c0d34f581e48a874db68,2026-09-20T01:14:00+00:00,2026-09-20 06:14:00,91.8,1011.0,77
12.0,17.6,38.6,1091.2,316.8,49.3,6.2,3.1,0.8,453.1,307.7,14.9,7.7,28.9,26.1,24.66,False,4095,0.0,10.0,8.7,EXT-OPEN-METEO-KHI,KARACHI,OPENSOURCE_API_GRID,76,,,,0.95,True,True,TIER2_OPENSOURCE_PURE;CONTINUOUS_MINUTE_STREAM;VERIFIED_MODEL_GRID,cf32178445c91acd0744b52253150d3ac3ff392cbea5475a7f8038fb962ce915,2026-09-20T01:15:00+00:00,2026-09-20 06:15:00,91.8,1011.0,77
12.0,17.7,38.6,1097.4,318.6,49.6,6.2,3.1,0.8,453.2,309.9,15.0,7.7,28.8,26.0,24.54,False,4095,0.0,10.0,9.8,EXT-OPEN-METEO-KHI,KARACHI,OPENSOURCE_API_GRID,77,,,,0.95,True,True,TIER2_OPENSOURCE_PURE;CONTINUOUS_MINUTE_STREAM;VERIFIED_MODEL_GRID,27de5df82057bce0e298747492c08dc09d4696e0bdebce6c95a4337eac7dd041,2026-09-20T01:16:00+00:00,2026-09-20 06:16:00,91.7,1011.0,77
12.0,17.7,38.6,1097.4,318.6,49.6,6.2,3.1,0.8,453.2,312.1,15.0,7.7,28.8,26.0,24.54,False,4095,0.0,10.0,11.0,EXT-OPEN-METEO-KHI,KARACHI,OPENSOURCE_API_GRID,78,,,,0.95,True,True,TIER2_OPENSOURCE_PURE;CONTINUOUS_MINUTE_STREAM;VERIFIED_MODEL_GRID,fac5579b299f6a62648c72419164c85a893c3b52d965efa2d7a5ac12ef17de9b,2026-09-20T01:17:00+00:00,2026-09-20 06:17:00,91.7,1011.0,77
12.0,17.7,38.6,1097.4,318.6,49.6,6.2,3.1,0.8,453.2,314.5,15.0,7.7,28.8,26.0,24.54,False,4095,0.0,10.0,12.2,EXT-OPEN-METEO-KHI,KARACHI,OPENSOURCE_API_GRID,79,,,,0.95,True,True,TIER2_OPENSOURCE_PURE;CONTINUOUS_MINUTE_STREAM;VERIFIED_MODEL_GRID,5d082cd9f114eb014b6adc4be11dc0630f8587df0ac5e371346f2e9a44eef5c5,2026-09-20T01:18:00+00:00,2026-09-20 06:18:00,91.7,1011.1,77
12.1,17.8,38.7,1103.6,320.4,49.8,6.2,3.1,0.8,453.2,317.0,15.1,7.8,28.8,26.0,24.53,False,4095,0.0,10.0,13.5,EXT-OPEN-METEO-KHI,KARACHI,OPENSOURCE_API_GRID,80,,,,0.95,True,True,TIER2_OPENSOURCE_PURE;CONTINUOUS_MINUTE_STREAM;VERIFIED_MODEL_GRID,67a5c39d9b689495205982f3f38089ea1a744b76b328eba566a5be83e552ba27,2026-09-20T01:19:00+00:00,2026-09-20 06:19:00,91.6,1011.1,77
12.1,17.8,38.7,1103.6,320.4,49.8,6.2,3.1,0.8,453.2,319.5,15.1,7.8,28.8,26.0,24.53,False,4095,0.0,10.0,14.8,EXT-OPEN-METEO-KHI,KARACHI,OPENSOURCE_API_GRID,81,,,,0.95,True,True,TIER2_OPENSOURCE_PURE;CONTINUOUS_MINUTE_STREAM;VERIFIED_MODEL_GRID,0e7fc284f6eac2a733c73baa60b9573c703f6fbb13ceb57decf5124d5bb5802f,2026-09-20T01:20:00+00:00,2026-09-20 06:20:00,91.6,1011.1,77
12.2,17.9,38.7,1109.8,322.2,50.1,6.3,3.1,0.8,453.3,322.1,15.1,7.8,28.7,26.0,24.53,False,4095,0.0,10.0,16.1,EXT-OPEN-METEO-KHI,KARACHI,OPENSOURCE_API_GRID,82,,,,0.95,True,True,TIER2_OPENSOURCE_PURE;CONTINUOUS_MINUTE_STREAM;VERIFIED_MODEL_GRID,e6d0d8927361b3d446f39baf4aa61d623e1ead1e7f2f919d0ef3548669555b15,2026-09-20T01:21:00+00:00,2026-09-20 06:21:00,91.6,1011.1,77
12.2,17.9,38.8,1109.8,322.2,50.1,6.3,3.1,0.8,453.3,324.8,15.2,7.9,28.7,26.0,24.53,False,4095,0.0,10.0,17.5,EXT-OPEN-METEO-KHI,KARACHI,OPENSOURCE_API_GRID,83,,,,0.95,True,True,TIER2_OPENSOURCE_PURE;CONTINUOUS_MINUTE_STREAM;VERIFIED_MODEL_GRID,153f103ab72084f5ea9aeffc3fcb9a68a83eb9f82da2b4eaa28082a019878c33,2026-09-20T01:22:00+00:00,2026-09-20 06:22:00,91.6,1011.1,77
12.2,18.0,38.8,1116.0,324.0,50.4,6.3,3.1,0.8,453.3,327.6,15.2,7.9,28.7,26.0,24.51,False,4095,0.0,10.0,19.0,EXT-OPEN-METEO-KHI,KARACHI,OPENSOURCE_API_GRID,84,,,,0.95,True,True,TIER2_OPENSOURCE_PURE;CONTINUOUS_MINUTE_STREAM;VERIFIED_MODEL_GRID,b5c3064b3a8e02fec4c03a15dfecebc58a0c2cf89dc72fb6674d48a04fd629b1,2026-09-20T01:23:00+00:00,2026-09-20 06:23:00,91.5,1011.1,77
12.3,18.1,38.9,1122.2,325.8,50.7,6.3,3.1,0.8,453.3,330.4,15.3,7.9,28.7,26.0,24.51,False,4095,0.0,10.0,20.4,EXT-OPEN-METEO-KHI,KARACHI,OPENSOURCE_API_GRID,85,,,,0.95,True,True,TIER2_OPENSOURCE_PURE;CONTINUOUS_MINUTE_STREAM;VERIFIED_MODEL_GRID,2feacb97d43fb989965e42fa0df1593c448da59b595c1091a3e75be3968eeee8,2026-09-20T01:24:00+00:00,2026-09-20 06:24:00,91.5,1011.1,77
12.4,18.2,39.0,1128.4,327.6,51.0,6.4,3.1,0.8,453.4,333.2,15.3,7.9,28.6,26.0,24.51,False,4095,0.0,10.0,21.9,EXT-OPEN-METEO-KHI,KARACHI,OPENSOURCE_API_GRID,86,,,,0.95,True,True,TIER2_OPENSOURCE_PURE;CONTINUOUS_MINUTE_STREAM;VERIFIED_MODEL_GRID,33eb6bd46ce99196bfc8fe329e2adbff5e1302eca44fb83d649f53d89f69ee1c,2026-09-20T01:25:00+00:00,2026-09-20 06:25:00,91.5,1011.2,77
12.4,18.3,39.1,1134.6,329.4,51.2,6.4,3.1,0.8,453.4,336.1,15.3,8.0,28.6,26.0,24.51,False,4095,0.0,10.0,23.4,EXT-OPEN-METEO-KHI,KARACHI,OPENSOURCE_API_GRID,87,,,,0.95,True,True,TIER2_OPENSOURCE_PURE;CONTINUOUS_MINUTE_STREAM;VERIFIED_MODEL_GRID,4c912f4ef298d1e3f5098d58c9599fe55c436879fec055c7f8f71e5f39df85dc,2026-09-20T01:26:00+00:00,2026-09-20 06:26:00,91.5,1011.2,77
12.5,18.4,39.3,1140.8,331.2,51.5,6.4,3.1,0.8,453.4,339.1,15.4,8.0,28.6,26.0,24.51,False,4095,0.0,10.0,24.9,EXT-OPEN-METEO-KHI,KARACHI,OPENSOURCE_API_GRID,88,,,,0.95,True,True,TIER2_OPENSOURCE_PURE;CONTINUOUS_MINUTE_STREAM;VERIFIED_MODEL_GRID,51891f68f1fb37a7fc9bb730179e5269b2c9f8fc3f167d808456af6d534304a9,2026-09-20T01:27:00+00:00,2026-09-20 06:27:00,91.5,1011.2,77
12.6,18.5,39.4,1147.0,333.0,51.8,6.5,3.2,0.8,453.4,342.0,15.4,8.0,28.6,26.0,24.51,False,4095,0.0,10.0,26.5,EXT-OPEN-METEO-KHI,KARACHI,OPENSOURCE_API_GRID,89,,,,0.95,True,True,TIER2_OPENSOURCE_PURE;CONTINUOUS_MINUTE_STREAM;VERIFIED_MODEL_GRID,222bfed102e7cb992037f7208b65f3e6d14a6a6780e8cdbe4eff86ad0083acff,2026-09-20T01:28:00+00:00,2026-09-20 06:28:00,91.5,1011.2,77
12.7,18.7,39.5,1159.4,336.6,52.4,6.5,3.2,0.8,453.5,345.0,15.5,8.1,28.5,26.1,24.61,False,4095,0.0,10.0,28.0,EXT-OPEN-METEO-KHI,KARACHI,OPENSOURCE_API_GRID,90,,,,0.95,True,True,TIER2_OPENSOURCE_PURE;CONTINUOUS_MINUTE_STREAM;VERIFIED_MODEL_GRID,50e3252e8a1f828b9c41901b5015bc4fa707660f5320d77235e65bed013ddc12,2026-09-20T01:29:00+00:00,2026-09-20 06:29:00,91.5,1011.2,77
12.8,18.8,39.7,1165.6,338.4,52.6,6.6,3.2,0.8,453.5,348.0,15.5,8.1,28.5,26.1,24.61,False,4095,0.0,10.0,29.5,EXT-OPEN-METEO-KHI,KARACHI,OPENSOURCE_API_GRID,91,,,,0.95,True,True,TIER2_OPENSOURCE_PURE;CONTINUOUS_MINUTE_STREAM;VERIFIED_MODEL_GRID,609e3f0a6ded1689c3a19707aa4e8b64c26c170c44cc04d70de4aaf6a043a336,2026-09-20T01:30:00+00:00,2026-09-20 06:30:00,91.5,1011.2,77
12.9,18.9,39.8,1171.8,340.2,52.9,6.6,3.2,0.8,453.5,351.0,15.5,8.1,28.5,26.1,24.61,False,4095,0.0,10.0,31.1,EXT-OPEN-METEO-KHI,KARACHI,OPENSOURCE_API_GRID,92,,,,0.95,True,True,TIER2_OPENSOURCE_PURE;CONTINUOUS_MINUTE_STREAM;VERIFIED_MODEL_GRID,c3ddf9c818c4ff8a44c50d71a1fced0c04205a0a39e3e3f27b18e30ce0acf9e1,2026-09-20T01:31:00+00:00,2026-09-20 06:31:00,91.5,1011.3,77
13.0,19.1,40.0,1184.2,343.8,53.5,6.7,3.2,0.8,453.6,354.0,15.6,8.2,28.4,26.1,24.61,False,4095,0.0,10.0,32.6,EXT-OPEN-METEO-KHI,KARACHI,OPENSOURCE_API_GRID,93,,,,0.95,True,True,TIER2_OPENSOURCE_PURE;CONTINUOUS_MINUTE_STREAM;VERIFIED_MODEL_GRID,c57bbc592ad265cbdf8c39ee4c3562faa0fcf31879836991ac9eea2f179c9c70,2026-09-20T01:32:00+00:00,2026-09-20 06:32:00,91.5,1011.3,77
13.0,19.1,40.0,1184.2,343.8,53.5,6.7,3.2,0.8,453.6,356.9,15.6,8.2,28.4,26.1,24.62,False,4095,0.0,10.0,34.2,EXT-OPEN-METEO-KHI,KARACHI,OPENSOURCE_API_GRID,94,,,,0.95,True,True,TIER2_OPENSOURCE_PURE;CONTINUOUS_MINUTE_STREAM;VERIFIED_MODEL_GRID,f9c99ae983555e87d1ce5b0e451b6106cfeb663fb8f82770b0e1c27a4b07cb94,2026-09-20T01:33:00+00:00,2026-09-20 06:33:00,91.6,1011.3,77
13.1,19.2,40.1,1190.4,345.6,53.8,6.7,3.2,0.8,453.6,359.9,15.7,8.2,28.4,26.1,24.61,False,4095,0.0,10.0,35.7,EXT-OPEN-METEO-KHI,KARACHI,OPENSOURCE_API_GRID,95,,,,0.95,True,True,TIER2_OPENSOURCE_PURE;CONTINUOUS_MINUTE_STREAM;VERIFIED_MODEL_GRID,80afd0896a607c128bedb4e33213f63cdac7cbe653c7c712ab8513170c1831c7,2026-09-20T01:34:00+00:00,2026-09-20 06:34:00,91.5,1011.3,77
13.1,19.3,40.2,1196.6,347.4,54.0,6.8,3.2,0.8,453.6,362.8,15.7,8.3,28.4,26.1,24.61,False,4095,0.0,10.0,37.2,EXT-OPEN-METEO-KHI,KARACHI,OPENSOURCE_API_GRID,96,,,,0.95,True,True,TIER2_OPENSOURCE_PURE;CONTINUOUS_MINUTE_STREAM;VERIFIED_MODEL_GRID,2e9ca4596e98d9bbc7ba4926b176d34a14c9cad0593843719e2f73e5481bf007,2026-09-20T01:35:00+00:00,2026-09-20 06:35:00,91.5,1011.3,77
13.2,19.4,40.4,1202.8,349.2,54.3,6.8,3.2,0.8,453.7,365.6,15.7,8.3,28.3,26.2,24.71,False,4095,0.0,10.0,38.7,EXT-OPEN-METEO-KHI,KARACHI,OPENSOURCE_API_GRID,97,,,,0.95,True,True,TIER2_OPENSOURCE_PURE;CONTINUOUS_MINUTE_STREAM;VERIFIED_MODEL_GRID,05258b59a3647d3cea02ac6f811493eac514a516ee4ffbef3473eb8f4cbe7636,2026-09-20T01:36:00+00:00,2026-09-20 06:36:00,91.5,1011.4,77
13.3,19.6,40.5,1215.2,352.8,54.9,6.9,3.2,0.8,453.7,368.4,15.8,8.3,28.3,26.2,24.69,False,4095,0.0,10.0,40.1,EXT-OPEN-METEO-KHI,KARACHI,OPENSOURCE_API_GRID,98,,,,0.95,True,True,TIER2_OPENSOURCE_PURE;CONTINUOUS_MINUTE_STREAM;VERIFIED_MODEL_GRID,25ce9e47c7a7106030eec4d62735afd347ab73f9dd196b782fcf6cf42cb8f21f,2026-09-20T01:37:00+00:00,2026-09-20 06:37:00,91.4,1011.4,77
13.4,19.7,40.6,1221.4,354.6,55.2,6.9,3.2,0.8,453.7,371.2,15.8,8.3,28.3,26.2,24.69,False,4095,0.0,10.0,41.6,EXT-OPEN-METEO-KHI,KARACHI,OPENSOURCE_API_GRID,99,,,,0.95,True,True,TIER2_OPENSOURCE_PURE;CONTINUOUS_MINUTE_STREAM;VERIFIED_MODEL_GRID,c1451428a3a26935a3f1ef1b32904a849fd623115bf72042f878f0e60c0feb4d,2026-09-20T01:38:00+00:00,2026-09-20 06:38:00,91.4,1011.4,77
13.5,19.8,40.7,1227.6,356.4,55.4,6.9,3.3,0.8,453.7,373.9,15.9,8.4,28.3,26.2,24.69,False,4095,0.0,10.0,43.0,EXT-OPEN-METEO-KHI,KARACHI,OPENSOURCE_API_GRID,100,,,,0.95,True,True,TIER2_OPENSOURCE_PURE;CONTINUOUS_MINUTE_STREAM;VERIFIED_MODEL_GRID,fb77c59d84f29d15e15039e2b98ed7e6c47febceaa3dbf8f83a33bc34f9f72a8,2026-09-20T01:39:00+00:00,2026-09-20 06:39:00,91.4,1011.4,77
13.5,19.8,40.8,1227.6,356.4,55.4,6.9,3.3,0.8,453.8,376.5,15.9,8.4,28.2,26.2,24.67,False,4095,0.0,10.0,44.3,EXT-OPEN-METEO-KHI,KARACHI,OPENSOURCE_API_GRID,101,,,,0.95,True,True,TIER2_OPENSOURCE_PURE;CONTINUOUS_MINUTE_STREAM;VERIFIED_MODEL_GRID,661b174f7c184c0258374585bf678b615eb17de6db3d9648fe2a258972403340,2026-09-20T01:40:00+00:00,2026-09-20 06:40:00,91.3,1011.4,77
13.5,19.9,40.9,1233.8,358.2,55.7,7.0,3.3,0.8,453.8,379.0,15.9,8.4,28.2,26.2,24.67,False,4095,0.0,10.0,45.6,EXT-OPEN-METEO-KHI,KARACHI,OPENSOURCE_API_GRID,102,,,,0.95,True,True,TIER2_OPENSOURCE_PURE;CONTINUOUS_MINUTE_STREAM;VERIFIED_MODEL_GRID,77e9c0d8c23401e69b7c08a67c8d18b00fef17847d4577ff7aa82ec86ca23e5d,2026-09-20T01:41:00+00:00,2026-09-20 06:41:00,91.3,1011.5,77
13.6,20.0,40.9,1240.0,360.0,56.0,7.0,3.3,0.8,453.8,381.5,16.0,8.5,28.2,26.2,24.65,False,4095,0.0,10.0,46.9,EXT-OPEN-METEO-KHI,KARACHI,OPENSOURCE_API_GRID,103,,,,0.95,True,True,TIER2_OPENSOURCE_PURE;CONTINUOUS_MINUTE_STREAM;VERIFIED_MODEL_GRID,eedc4201e9c79f7e49f9d9a2f06ffe48ca0443e162e58d1d04024742cfbd876c,2026-09-20T01:42:00+00:00,2026-09-20 06:42:00,91.2,1011.5,77
13.6,20.0,40.9,1240.0,360.0,56.0,7.0,3.3,0.8,453.8,383.9,16.0,8.5,28.2,26.2,24.65,False,4095,0.0,10.0,48.1,EXT-OPEN-METEO-KHI,KARACHI,OPENSOURCE_API_GRID,104,,,,0.95,True,True,TIER2_OPENSOURCE_PURE;CONTINUOUS_MINUTE_STREAM;VERIFIED_MODEL_GRID,192b78606aaf425e06403b5e2234745eb7debd1cec17b4cd54a74b9d5e427bdb,2026-09-20T01:43:00+00:00,2026-09-20 06:43:00,91.2,1011.5,77
13.7,20.1,41.0,1246.2,361.8,56.3,7.0,3.3,0.8,453.8,386.1,16.0,8.5,28.2,26.2,24.63,False,4095,0.0,10.0,49.3,EXT-OPEN-METEO-KHI,KARACHI,OPENSOURCE_API_GRID,105,,,,0.95,True,True,TIER2_OPENSOURCE_PURE;CONTINUOUS_MINUTE_STREAM;VERIFIED_MODEL_GRID,7429b164c6a6e6f3a67be1627ed85e01b60a285842d00fe98e3020c7c79f9202,2026-09-20T01:44:00+00:00,2026-09-20 06:44:00,91.1,1011.5,77
13.7,20.1,41.0,1246.2,361.8,56.3,7.0,3.3,0.8,453.9,388.3,16.1,8.5,28.1,26.2,24.63,False,4095,0.0,10.0,50.4,EXT-OPEN-METEO-KHI,KARACHI,OPENSOURCE_API_GRID,106,,,,0.95,True,True,TIER2_OPENSOURCE_PURE;CONTINUOUS_MINUTE_STREAM;VERIFIED_MODEL_GRID,55ba4e175e98af1970b44eb9837271dee8b2ae8286b44aeeb8e512d437721c48,2026-09-20T01:45:00+00:00,2026-09-20 06:45:00,91.1,1011.5,77
13.7,20.1,41.0,1246.2,361.8,56.3,7.0,3.3,0.8,453.9,390.4,16.1,8.5,28.1,26.2,24.61,False,4095,0.0,10.0,51.5,EXT-OPEN-METEO-KHI,KARACHI,OPENSOURCE_API_GRID,107,,,,0.95,True,True,TIER2_OPENSOURCE_PURE;CONTINUOUS_MINUTE_STREAM;VERIFIED_MODEL_GRID,c9f8657997a442a89da75c0ed59df912c8732383a69441dee4396a5faf6de4f1,2026-09-20T01:46:00+00:00,2026-09-20 06:46:00,91.0,1011.5,77
13.7,20.1,41.0,1246.2,361.8,56.3,7.0,3.3,0.8,453.9,392.3,16.1,8.6,28.1,26.2,24.61,False,4095,0.0,10.0,52.5,EXT-OPEN-METEO-KHI,KARACHI,OPENSOURCE_API_GRID,108,,,,0.95,True,True,TIER2_OPENSOURCE_PURE;CONTINUOUS_MINUTE_STREAM;VERIFIED_MODEL_GRID,500ebb00ab656f96d47e35d59b48ebbac240306e6e4ff062c004e060fa9dd1d7,2026-09-20T01:47:00+00:00,2026-09-20 06:47:00,91.0,1011.5,77
13.7,20.1,40.9,1246.2,361.8,56.3,7.0,3.3,0.8,453.9,394.1,16.1,8.6,28.1,26.2,24.61,False,4095,0.0,10.0,53.5,EXT-OPEN-METEO-KHI,KARACHI,OPENSOURCE_API_GRID,109,,,,0.95,True,True,TIER2_OPENSOURCE_PURE;CONTINUOUS_MINUTE_STREAM;VERIFIED_MODEL_GRID,893ba92e35d58eb8a6af943826d4b90070deec55074ff2c751fcf6597a4f5e84,2026-09-20T01:48:00+00:00,2026-09-20 06:48:00,91.0,1011.6,77
13.7,20.1,40.9,1246.2,361.8,56.3,7.0,3.3,0.8,453.9,395.8,16.2,8.6,28.1,26.2,24.6,False,4095,0.0,10.0,54.3,EXT-OPEN-METEO-KHI,KARACHI,OPENSOURCE_API_GRID,110,,,,0.95,True,True,TIER2_OPENSOURCE_PURE;CONTINUOUS_MINUTE_STREAM;VERIFIED_MODEL_GRID,410ec0a13955758fbb5a3f92d73ea6b386ac947007505f9e305a35ee56eca5bf,2026-09-20T01:49:00+00:00,2026-09-20 06:49:00,90.9,1011.6,77
13.7,20.2,40.9,1252.4,363.6,56.6,7.1,3.3,0.8,453.9,397.4,16.2,8.6,28.1,26.2,24.6,False,4095,0.0,10.0,55.1,EXT-OPEN-METEO-KHI,KARACHI,OPENSOURCE_API_GRID,111,,,,0.95,True,True,TIER2_OPENSOURCE_PURE;CONTINUOUS_MINUTE_STREAM;VERIFIED_MODEL_GRID,c18713175331e0242538c6f61d3ee1f6d4402a6a4a46e6ef40ac34b0fb90e876,2026-09-20T01:50:00+00:00,2026-09-20 06:50:00,90.9,1011.6,77
13.7,20.2,40.9,1252.4,363.6,56.6,7.1,3.3,0.8,453.9,398.8,16.2,8.6,28.1,26.2,24.6,False,4095,0.0,10.0,55.9,EXT-OPEN-METEO-KHI,KARACHI,OPENSOURCE_API_GRID,112,,,,0.95,True,True,TIER2_OPENSOURCE_PURE;CONTINUOUS_MINUTE_STREAM;VERIFIED_MODEL_GRID,56a9bba8e6f30e9b0277a747288eb3c01b708c668e8dd4abcc9d53696258c579,2026-09-20T01:51:00+00:00,2026-09-20 06:51:00,90.9,1011.6,77
13.7,20.2,40.9,1252.4,363.6,56.6,7.1,3.3,0.8,454.0,400.1,16.2,8.6,28.0,26.2,24.6,False,4095,0.0,10.0,56.5,EXT-OPEN-METEO-KHI,KARACHI,OPENSOURCE_API_GRID,113,,,,0.95,True,True,TIER2_OPENSOURCE_PURE;CONTINUOUS_MINUTE_STREAM;VERIFIED_MODEL_GRID,c60f8eb1028a7459e0e0007f8e19f0255ae6e3bec85e55bc137c2f3e1bef00f8,2026-09-20T01:52:00+00:00,2026-09-20 06:52:00,90.9,1011.6,77
13.7,20.2,40.9,1252.4,363.6,56.6,7.1,3.3,0.8,454.0,401.2,16.2,8.7,28.0,26.2,24.6,False,4095,0.0,10.0,57.1,EXT-OPEN-METEO-KHI,KARACHI,OPENSOURCE_API_GRID,114,,,,0.95,True,True,TIER2_OPENSOURCE_PURE;CONTINUOUS_MINUTE_STREAM;VERIFIED_MODEL_GRID,3aec3952275399aa55f33453e8d7e9c7cf40893052623a7084d397da806f9f89,2026-09-20T01:53:00+00:00,2026-09-20 06:53:00,90.9,1011.6,77
13.7,20.2,40.9,1252.4,363.6,56.6,7.1,3.3,0.8,454.0,402.2,16.3,8.7,28.0,26.2,24.6,False,4095,0.0,10.0,57.7,EXT-OPEN-METEO-KHI,KARACHI,OPENSOURCE_API_GRID,115,,,,0.95,True,True,TIER2_OPENSOURCE_PURE;CONTINUOUS_MINUTE_STREAM;VERIFIED_MODEL_GRID,809c5299594db08d001f228725391642916201f350f105ac0ec32ee4887ff6a1,2026-09-20T01:54:00+00:00,2026-09-20 06:54:00,90.9,1011.6,77
13.7,20.2,41.0,1252.4,363.6,56.6,7.1,3.3,0.8,454.0,403.1,16.3,8.7,28.0,26.1,24.5,False,4095,0.0,10.0,58.1,EXT-OPEN-METEO-KHI,KARACHI,OPENSOURCE_API_GRID,116,,,,0.95,True,True,TIER2_OPENSOURCE_PURE;CONTINUOUS_MINUTE_STREAM;VERIFIED_MODEL_GRID,c3ccb77d867ccedb053a644bf78849aeaff61126dea9416a17c32004bdeef1c7,2026-09-20T01:55:00+00:00,2026-09-20 06:55:00,90.9,1011.6,77
13.8,20.3,41.0,1258.6,365.4,56.8,7.1,3.3,0.8,454.0,403.8,16.3,8.7,28.0,26.1,24.5,False,4095,0.0,10.0,58.5,EXT-OPEN-METEO-KHI,KARACHI,OPENSOURCE_API_GRID,117,,,,0.95,True,True,TIER2_OPENSOURCE_PURE;CONTINUOUS_MINUTE_STREAM;VERIFIED_MODEL_GRID,51d0e17213e1d9c2a1f48d2cc9c1b098acfff7954a390586bab6ae3402468abf,2026-09-20T01:56:00+00:00,2026-09-20 06:56:00,90.9,1011.6,77
13.8,20.3,41.0,1258.6,365.4,56.8,7.1,3.3,0.8,454.0,404.3,16.3,8.7,28.0,26.1,24.5,False,4095,0.0,10.0,58.7,EXT-OPEN-METEO-KHI,KARACHI,OPENSOURCE_API_GRID,118,,,,0.95,True,True,TIER2_OPENSOURCE_PURE;CONTINUOUS_MINUTE_STREAM;VERIFIED_MODEL_GRID,861ae41e52cb936cd4ea7187eac68d19ec4c620ea608e31ac722d30a8ad44f7d,2026-09-20T01:57:00+00:00,2026-09-20 06:57:00,90.9,1011.6,77
13.9,20.4,41.1,1264.8,367.2,57.1,7.1,3.3,0.8,454.0,404.7,16.3,8.7,28.0,26.2,24.6,False,4095,0.0,10.0,58.9,EXT-OPEN-METEO-KHI,KARACHI,OPENSOURCE_API_GRID,119,,,,0.95,True,True,TIER2_OPENSOURCE_PURE;CONTINUOUS_MINUTE_STREAM;VERIFIED_MODEL_GRID,0983a2b1163a84dbac7eedddca725396f50a64c237e46a9d1991b9e2f3957bf2,2026-09-20T01:58:00+00:00,2026-09-20 06:58:00,90.9,1011.6,77
13.9,20.4,41.2,1264.8,367.2,57.1,7.1,3.3,0.8,454.0,404.9,16.3,8.7,28.0,26.2,24.6,False,4095,0.0,10.0,59.1,EXT-OPEN-METEO-KHI,KARACHI,OPENSOURCE_API_GRID,120,,,,0.95,True,True,TIER2_OPENSOURCE_PURE;CONTINUOUS_MINUTE_STREAM;VERIFIED_MODEL_GRID,a3a7ffdabf512abc50e360a25d63faa8f359f76b2b4a4c9f58f3a85d91ba2f1a,2026-09-20T01:59:00+00:00,2026-09-20 06:59:00,90.9,1011.6,77
13.9,20.4,41.2,1264.8,367.2,57.1,7.1,3.3,0.8,454.0,405.0,16.3,8.7,28.0,26.2,24.61,False,4095,0.0,10.0,59.1,EXT-OPEN-METEO-KHI,KARACHI,OPENSOURCE_API_GRID,121,,,,0.95,True,False,TIER2_OPENSOURCE_PURE;HOURLY_NODE;VERIFIED_MODEL_GRID,651edf9cef1b2aeb92ef6f7fab60a74a65b779082eefcb9f4e35732c3f4a909a,2026-09-20T02:00:00+00:00,2026-09-20 07:00:00,91.0,1011.6,77
13.9,20.5,41.3,1271.0,369.0,57.4,7.2,3.3,0.8,454.0,405.1,16.3,8.7,28.0,26.2,24.61,False,4095,0.0,10.0,59.2,EXT-OPEN-METEO-KHI,KARACHI,OPENSOURCE_API_GRID,122,,,,0.95,True,True,TIER2_OPENSOURCE_PURE;CONTINUOUS_MINUTE_STREAM;VERIFIED_MODEL_GRID,2fd1acb7cddaff16b12d321a586793b0c9727e215e2d2062bdb7a259cb377531,2026-09-20T02:01:00+00:00,2026-09-20 07:01:00,91.0,1011.6,77
13.9,20.5,41.4,1271.0,369.0,57.4,7.2,3.3,0.8,454.0,405.2,16.3,8.7,28.0,26.2,24.61,False,4095,0.0,10.0,59.6,EXT-OPEN-METEO-KHI,KARACHI,OPENSOURCE_API_GRID,123,,,,0.95,True,True,TIER2_OPENSOURCE_PURE;CONTINUOUS_MINUTE_STREAM;VERIFIED_MODEL_GRID,9e24345c24a3f7c7c0ce9ac3ad9b452dcc041c77a9cb7abc80cffafc10761422,2026-09-20T02:02:00+00:00,2026-09-20 07:02:00,91.0,1011.6,77
14.0,20.6,41.5,1277.2,370.8,57.7,7.2,3.3,0.8,454.0,405.5,16.3,8.7,28.1,26.2,24.61,False,4095,0.0,9.9,60.1,EXT-OPEN-METEO-KHI,KARACHI,OPENSOURCE_API_GRID,124,,,,0.95,True,True,TIER2_OPENSOURCE_PURE;CONTINUOUS_MINUTE_STREAM;VERIFIED_MODEL_GRID,d95ac78b7a287386ec5a7f9225922885b521304dbf68359cfdc8a28c9034af87,2026-09-20T02:03:00+00:00,2026-09-20 07:03:00,91.0,1011.6,77
13.9,20.5,41.5,1271.0,369.0,57.4,7.2,3.3,0.8,454.0,405.9,16.3,8.7,28.1,26.2,24.63,False,4095,0.0,9.9,60.9,EXT-OPEN-METEO-KHI,KARACHI,OPENSOURCE_API_GRID,125,,,,0.95,True,True,TIER2_OPENSOURCE_PURE;CONTINUOUS_MINUTE_STREAM;VERIFIED_MODEL_GRID,f8853b0a9ab5fba032f1c29c896161b204e64d00e1c97dbcb37a6ee0649bec8b,2026-09-20T02:04:00+00:00,2026-09-20 07:04:00,91.1,1011.6,77
14.0,20.6,41.7,1277.2,370.8,57.7,7.2,3.3,0.8,454.0,406.3,16.3,8.7,28.2,26.2,24.61,False,4095,0.0,9.8,62.0,EXT-OPEN-METEO-KHI,KARACHI,OPENSOURCE_API_GRID,126,,,,0.95,True,True,TIER2_OPENSOURCE_PURE;CONTINUOUS_MINUTE_STREAM;VERIFIED_MODEL_GRID,36871ea08c452f3575693eae1e6d9f3f67dc57de632f2c46715cf8e296bc8608,2026-09-20T02:05:00+00:00,2026-09-20 07:05:00,91.0,1011.6,77
14.0,20.6,41.9,1277.2,370.8,57.7,7.2,3.4,0.8,454.0,406.9,16.3,8.7,28.2,26.3,24.69,False,4095,0.0,9.8,63.2,EXT-OPEN-METEO-KHI,KARACHI,OPENSOURCE_API_GRID,127,,,,0.95,True,True,TIER2_OPENSOURCE_PURE;CONTINUOUS_MINUTE_STREAM;VERIFIED_MODEL_GRID,b4b7a4d1b0c581b36d635296a6c53fea0c3a92d7fe1b65da5c99dab822a944a8,2026-09-20T02:06:00+00:00,2026-09-20 07:06:00,90.9,1011.6,77
14.1,20.7,42.1,1283.4,372.6,58.0,7.2,3.4,0.8,454.0,407.6,16.3,8.8,28.3,26.3,24.68,False,4095,0.0,9.7,64.7,EXT-OPEN-METEO-KHI,KARACHI,OPENSOURCE_API_GRID,128,,,,0.95,True,True,TIER2_OPENSOURCE_PURE;CONTINUOUS_MINUTE_STREAM;VERIFIED_MODEL_GRID,7fc50f63d268e16e572f95b39779aa6e3735eefc802645f7187114ed47c73995,2026-09-20T02:07:00+00:00,2026-09-20 07:07:00,90.8,1011.6,77
14.1,20.8,42.3,1289.6,374.4,58.2,7.3,3.4,0.8,454.0,408.4,16.3,8.8,28.4,26.3,24.66,False,4095,0.0,9.6,66.4,EXT-OPEN-METEO-KHI,KARACHI,OPENSOURCE_API_GRID,129,,,,0.95,True,True,TIER2_OPENSOURCE_PURE;CONTINUOUS_MINUTE_STREAM;VERIFIED_MODEL_GRID,3dd2838d6f5a77c8d537ec9849c83dfa56fdef81c1916468d440c44ec6ec96b1,2026-09-20T02:08:00+00:00,2026-09-20 07:08:00,90.7,1011.6,77
14.1,20.8,42.5,1289.6,374.4,58.2,7.3,3.4,0.8,454.1,409.3,16.3,8.8,28.5,26.3,24.64,False,4095,0.0,9.5,68.3,EXT-OPEN-METEO-KHI,KARACHI,OPENSOURCE_API_GRID,130,,,,0.95,True,True,TIER2_OPENSOURCE_PURE;CONTINUOUS_MINUTE_STREAM;VERIFIED_MODEL_GRID,64be94b567c6a9e265b4aab3d478c614ded227b4f60905a8f45de627b5b39b7c,2026-09-20T02:09:00+00:00,2026-09-20 07:09:00,90.6,1011.6,77
14.2,20.9,42.8,1295.8,376.2,58.5,7.3,3.4,0.9,454.1,410.3,16.3,8.8,28.7,26.3,24.62,False,4095,0.0,9.4,70.4,EXT-OPEN-METEO-KHI,KARACHI,OPENSOURCE_API_GRID,131,,,,0.95,True,True,TIER2_OPENSOURCE_PURE;CONTINUOUS_MINUTE_STREAM;VERIFIED_MODEL_GRID,bd2551ea6ca851116cbeb05e9118104976e0224809802b41f2b679a00d510ea8,2026-09-20T02:10:00+00:00,2026-09-20 07:10:00,90.5,1011.6,77
14.2,20.9,43.0,1295.8,376.2,58.5,7.3,3.4,0.9,454.1,411.4,16.3,8.8,28.8,26.4,24.68,False,4095,0.0,9.3,72.7,EXT-OPEN-METEO-KHI,KARACHI,OPENSOURCE_API_GRID,132,,,,0.95,True,True,TIER2_OPENSOURCE_PURE;CONTINUOUS_MINUTE_STREAM;VERIFIED_MODEL_GRID,134f9da1aee167fe42f4b32afddb40fdadb96296c5dc60e7f9f0838a04a1fef6,2026-09-20T02:11:00+00:00,2026-09-20 07:11:00,90.3,1011.6,77
14.2,20.9,43.3,1295.8,376.2,58.5,7.3,3.5,0.9,454.1,412.5,16.3,8.9,29.0,26.4,24.66,False,4095,0.0,9.1,75.2,EXT-OPEN-METEO-KHI,KARACHI,OPENSOURCE_API_GRID,133,,,,0.95,True,True,TIER2_OPENSOURCE_PURE;CONTINUOUS_MINUTE_STREAM;VERIFIED_MODEL_GRID,e190e890ff8d3afd0f35c72087710b09c202b6452a9e328abad1e6f850fcd42a,2026-09-20T02:12:00+00:00,2026-09-20 07:12:00,90.2,1011.6,77
14.2,20.9,43.5,1295.8,376.2,58.5,7.3,3.5,0.9,454.1,413.8,16.3,8.9,29.1,26.4,24.63,False,4095,0.0,9.0,77.9,EXT-OPEN-METEO-KHI,KARACHI,OPENSOURCE_API_GRID,134,,,,0.95,True,True,TIER2_OPENSOURCE_PURE;CONTINUOUS_MINUTE_STREAM;VERIFIED_MODEL_GRID,ee46f3fcc16b7d6b2c5e2ff80cf9f908adc9372736feee7ee350b02b69a8d946,2026-09-20T02:13:00+00:00,2026-09-20 07:13:00,90.0,1011.7,77
14.3,21.0,43.8,1302.0,378.0,58.8,7.3,3.5,0.9,454.1,415.1,16.3,8.9,29.3,26.4,24.59,False,4095,0.0,8.8,80.8,EXT-OPEN-METEO-KHI,KARACHI,OPENSOURCE_API_GRID,135,,,,0.95,True,True,TIER2_OPENSOURCE_PURE;CONTINUOUS_MINUTE_STREAM;VERIFIED_MODEL_GRID,b9a19aaa894ad42e10ee7c8a1fed43579531067f5ec09a695c806b24db17c7a9,2026-09-20T02:14:00+00:00,2026-09-20 07:14:00,89.8,1011.7,77
14.3,21.0,44.1,1302.0,378.0,58.8,7.3,3.5,0.9,454.1,416.6,16.3,9.0,29.5,26.4,24.55,False,4095,0.0,8.7,83.8,EXT-OPEN-METEO-KHI,KARACHI,OPENSOURCE_API_GRID,136,,,,0.95,True,True,TIER2_OPENSOURCE_PURE;CONTINUOUS_MINUTE_STREAM;VERIFIED_MODEL_GRID,24603e711e091e0ea3e8f55269d3646811669ac458d51b1633bc2131cd573aa4,2026-09-20T02:15:00+00:00,2026-09-20 07:15:00,89.6,1011.7,77
14.3,21.0,44.4,1302.0,378.0,58.8,7.3,3.6,0.9,454.2,418.1,16.3,9.0,29.7,26.5,24.61,False,4095,0.0,8.5,87.0,EXT-OPEN-METEO-KHI,KARACHI,OPENSOURCE_API_GRID,137,,,,0.95,True,True,TIER2_OPENSOURCE_PURE;CONTINUOUS_MINUTE_STREAM;VERIFIED_MODEL_GRID,1e0108729fc739dd761070d5afdef325176cea8cd1bc4fa8f2ba33b6b16c2cf8,2026-09-20T02:16:00+00:00,2026-09-20 07:16:00,89.4,1011.7,77
14.3,21.0,44.7,1302.0,378.0,58.8,7.3,3.6,0.9,454.2,419.6,16.3,9.0,29.9,26.5,24.58,False,4095,0.0,8.3,90.4,EXT-OPEN-METEO-KHI,KARACHI,OPENSOURCE_API_GRID,138,,,,0.95,True,True,TIER2_OPENSOURCE_PURE;CONTINUOUS_MINUTE_STREAM;VERIFIED_MODEL_GRID,95bb2a67884b302c75d94d09a36d7fe8f7fe484d0e1361a0a17b1bc8dc646830,2026-09-20T02:17:00+00:00,2026-09-20 07:17:00,89.2,1011.7,77
14.3,21.0,45.0,1302.0,378.0,58.8,7.3,3.6,0.9,454.2,421.3,16.3,9.1,30.1,26.5,24.54,False,4095,0.0,8.1,93.9,EXT-OPEN-METEO-KHI,KARACHI,OPENSOURCE_API_GRID,139,,,,0.95,True,True,TIER2_OPENSOURCE_PURE;CONTINUOUS_MINUTE_STREAM;VERIFIED_MODEL_GRID,a0c9d1c99874e719414668c1b39f010c73a41d3441ea21cd3710b99edeb85851,2026-09-20T02:18:00+00:00,2026-09-20 07:18:00,89.0,1011.7,77
14.3,21.0,45.3,1302.0,378.0,58.8,7.3,3.6,0.9,454.2,423.0,16.3,9.1,30.3,26.5,24.5,False,4095,0.0,8.0,97.6,EXT-OPEN-METEO-KHI,KARACHI,OPENSOURCE_API_GRID,140,,,,0.95,True,True,TIER2_OPENSOURCE_PURE;CONTINUOUS_MINUTE_STREAM;VERIFIED_MODEL_GRID,c99b0dc5a81397da1e94f7380456932ec9e0734e3eab98eace45f8dfb4139c85,2026-09-20T02:19:00+00:00,2026-09-20 07:19:00,88.8,1011.7,77
14.3,21.0,45.6,1302.0,378.0,58.8,7.3,3.6,0.9,454.2,424.8,16.3,9.1,30.5,26.5,24.46,False,4095,0.0,7.8,101.3,EXT-OPEN-METEO-KHI,KARACHI,OPENSOURCE_API_GRID,141,,,,0.95,True,True,TIER2_OPENSOURCE_PURE;CONTINUOUS_MINUTE_STREAM;VERIFIED_MODEL_GRID,98ac97556206bcde7a02094c65136f57ea35106e8c455fbd626bf1b1fe3c54a9,2026-09-20T02:20:00+00:00,2026-09-20 07:20:00,88.6,1011.7,77
14.3,21.0,46.0,1302.0,378.0,58.8,7.3,3.7,0.9,454.3,426.6,16.3,9.2,30.7,26.6,24.52,False,4095,0.0,7.5,105.2,EXT-OPEN-METEO-KHI,KARACHI,OPENSOURCE_API_GRID,142,,,,0.95,True,True,TIER2_OPENSOURCE_PURE;CONTINUOUS_MINUTE_STREAM;VERIFIED_MODEL_GRID,42ad537ebc238745126ca1ed4af22393dc91976cc985228445a2fba6f30868fd,2026-09-20T02:21:00+00:00,2026-09-20 07:21:00,88.4,1011.7,77
14.3,21.1,46.3,1308.2,379.8,59.1,7.4,3.7,0.9,454.3,428.4,16.3,9.2,31.0,26.6,24.49,False,4095,0.0,7.3,109.2,EXT-OPEN-METEO-KHI,KARACHI,OPENSOURCE_API_GRID,143,,,,0.95,True,True,TIER2_OPENSOURCE_PURE;CONTINUOUS_MINUTE_STREAM;VERIFIED_MODEL_GRID,fbaaeee71ac87a645813fb4578a67007e1258ac998488d732c5a32080ca0e231,2026-09-20T02:22:00+00:00,2026-09-20 07:22:00,88.2,1011.7,77
14.3,21.1,46.7,1308.2,379.8,59.1,7.4,3.7,0.9,454.3,430.3,16.3,9.3,31.2,26.6,24.45,False,4095,0.0,7.1,113.3,EXT-OPEN-METEO-KHI,KARACHI,OPENSOURCE_API_GRID,144,,,,0.95,True,True,TIER2_OPENSOURCE_PURE;CONTINUOUS_MINUTE_STREAM;VERIFIED_MODEL_GRID,cbce8d4d7574f566726f966a324bb796a545405cae7c0572f266d54c709521e1,2026-09-20T02:23:00+00:00,2026-09-20 07:23:00,88.0,1011.7,77
14.3,21.1,47.1,1308.2,379.8,59.1,7.4,3.8,0.9,454.3,432.3,16.3,9.3,31.5,26.6,24.39,False,4095,0.0,6.9,117.5,EXT-OPEN-METEO-KHI,KARACHI,OPENSOURCE_API_GRID,145,,,,0.95,True,True,TIER2_OPENSOURCE_PURE;CONTINUOUS_MINUTE_STREAM;VERIFIED_MODEL_GRID,11e7ed68d66197cab989fc89ef392059d7a529ebc90346213719b21527857b84,2026-09-20T02:24:00+00:00,2026-09-20 07:24:00,87.7,1011.7,77
14.4,21.2,47.6,1314.4,381.6,59.4,7.4,3.8,1.0,454.4,434.3,16.3,9.4,31.7,26.7,24.45,False,4095,0.0,6.7,121.7,EXT-OPEN-METEO-KHI,KARACHI,OPENSOURCE_API_GRID,146,,,,0.95,True,True,TIER2_OPENSOURCE_PURE;CONTINUOUS_MINUTE_STREAM;VERIFIED_MODEL_GRID,98c7ac853902a87f887ee2835cb85ceb832650c6d0295c69e52688d15d0a9016,2026-09-20T02:25:00+00:00,2026-09-20 07:25:00,87.5,1011.7,77
14.5,21.3,48.0,1320.6,383.4,59.6,7.5,3.8,1.0,454.4,436.3,16.3,9.4,32.0,26.7,24.41,False,4095,0.0,6.4,126.0,EXT-OPEN-METEO-KHI,KARACHI,OPENSOURCE_API_GRID,147,,,,0.95,True,True,TIER2_OPENSOURCE_PURE;CONTINUOUS_MINUTE_STREAM;VERIFIED_MODEL_GRID,b0cc1da4ba457c3e12ba015d0f21364a1ef872cdce0c0b753fc3e1211aa014e8,2026-09-20T02:26:00+00:00,2026-09-20 07:26:00,87.3,1011.7,77
14.5,21.3,48.5,1320.6,383.4,59.6,7.5,3.9,1.0,454.4,438.3,16.3,9.5,32.2,26.7,24.37,False,4095,0.0,6.2,130.3,EXT-OPEN-METEO-KHI,KARACHI,OPENSOURCE_API_GRID,148,,,,0.95,True,True,TIER2_OPENSOURCE_PURE;CONTINUOUS_MINUTE_STREAM;VERIFIED_MODEL_GRID,a72651d75fd2f253edb08b3029ac17d718826483f713bf6d5e1c8c79f73e2f99,2026-09-20T02:27:00+00:00,2026-09-20 07:27:00,87.1,1011.7,77
14.6,21.4,49.0,1326.8,385.2,59.9,7.5,3.9,1.0,454.4,440.4,16.3,9.5,32.5,26.8,24.43,False,4095,0.0,6.0,134.7,EXT-OPEN-METEO-KHI,KARACHI,OPENSOURCE_API_GRID,149,,,,0.95,True,True,TIER2_OPENSOURCE_PURE;CONTINUOUS_MINUTE_STREAM;VERIFIED_MODEL_GRID,22eb066468cec191e3c85ba214c20844a2a536e82ba1caf06622cb5fda5b5212,2026-09-20T02:28:00+00:00,2026-09-20 07:28:00,86.9,1011.7,77
14.6,21.5,49.5,1333.0,387.0,60.2,7.5,4.0,1.0,454.5,442.4,16.3,9.6,32.7,26.8,24.4,False,4095,0.0,5.7,139.1,EXT-OPEN-METEO-KHI,KARACHI,OPENSOURCE_API_GRID,150,,,,0.95,True,True,TIER2_OPENSOURCE_PURE;CONTINUOUS_MINUTE_STREAM;VERIFIED_MODEL_GRID,9f7c8a7103c3e943627caa8e0ab14a42b2ffa7c0e0661ed393c85fef77717282,2026-09-20T02:29:00+00:00,2026-09-20 07:29:00,86.7,1011.7,77
14.7,21.6,50.0,1339.2,388.8,60.5,7.6,4.0,1.0,454.5,444.5,16.3,9.6,33.0,26.9,24.44,False,4095,0.0,5.5,143.5,EXT-OPEN-METEO-KHI,KARACHI,OPENSOURCE_API_GRID,151,,,,0.95,True,True,TIER2_OPENSOURCE_PURE;CONTINUOUS_MINUTE_STREAM;VERIFIED_MODEL_GRID,0256b6ec934719b7405505ea37a050eab26c2000bf37f8dc21aec83f84c4e5f9,2026-09-20T02:30:00+00:00,2026-09-20 07:30:00,86.4,1011.7,77
14.8,21.7,50.5,1345.4,390.6,60.8,7.6,4.0,1.0,454.5,446.6,16.4,9.6,33.3,26.9,24.4,False,4095,0.0,5.3,148.0,EXT-OPEN-METEO-KHI,KARACHI,OPENSOURCE_API_GRID,152,,,,0.95,True,True,TIER2_OPENSOURCE_PURE;CONTINUOUS_MINUTE_STREAM;VERIFIED_MODEL_GRID,4a63547be1c25197e87880b2bfd74c05690e6f121aea19e5449c3168c9315b66,2026-09-20T02:31:00+00:00,2026-09-20 07:31:00,86.2,1011.8,77
14.8,21.8,51.1,1351.6,392.4,61.0,7.6,4.1,1.0,454.6,448.6,16.4,9.7,33.5,26.9,24.36,False,4095,0.0,5.0,152.4,EXT-OPEN-METEO-KHI,KARACHI,OPENSOURCE_API_GRID,153,,,,0.95,True,True,TIER2_OPENSOURCE_PURE;CONTINUOUS_MINUTE_STREAM;VERIFIED_MODEL_GRID,72acb40cd4d8aba7bde5f8cb3dfb3ad669708b7936c167c1073400f9518097b2,2026-09-20T02:32:00+00:00,2026-09-20 07:32:00,86.0,1011.8,77
14.9,21.9,51.6,1357.8,394.2,61.3,7.7,4.1,1.0,454.6,450.7,16.4,9.7,33.8,27.0,24.42,False,4095,0.0,4.8,156.8,EXT-OPEN-METEO-KHI,KARACHI,OPENSOURCE_API_GRID,154,,,,0.95,True,True,TIER2_OPENSOURCE_PURE;CONTINUOUS_MINUTE_STREAM;VERIFIED_MODEL_GRID,8f93fb39be99766c33da5cb1d4b8405457fbf64b727f24af5263980bcf1536c8,2026-09-20T02:33:00+00:00,2026-09-20 07:33:00,85.8,1011.8,77
15.0,22.0,52.1,1364.0,396.0,61.6,7.7,4.2,1.0,454.6,452.7,16.4,9.8,34.0,27.0,24.38,False,4095,0.0,4.6,161.1,EXT-OPEN-METEO-KHI,KARACHI,OPENSOURCE_API_GRID,155,,,,0.95,True,True,TIER2_OPENSOURCE_PURE;CONTINUOUS_MINUTE_STREAM;VERIFIED_MODEL_GRID,99a3fe68b7717bfbe12d1db438201124249f9387324498c5a101ec270eb47bc8,2026-09-20T02:34:00+00:00,2026-09-20 07:34:00,85.6,1011.8,77
15.0,22.0,52.4,1364.0,396.0,61.6,7.7,4.2,1.0,454.6,454.7,16.4,9.8,34.3,27.1,24.46,False,4095,0.0,4.3,165.4,EXT-OPEN-METEO-KHI,KARACHI,OPENSOURCE_API_GRID,156,,,,0.95,True,True,TIER2_OPENSOURCE_PURE;CONTINUOUS_MINUTE_STREAM;VERIFIED_MODEL_GRID,a18f044a28dc5c869cceaf086c2e1d984257b6766532ee92c2aeb1aadabb3dbc,2026-09-20T02:35:00+00:00,2026-09-20 07:35:00,85.5,1011.8,77
15.0,22.1,53.0,1370.2,397.8,61.9,7.7,4.2,1.1,454.7,456.7,16.4,9.9,34.5,27.1,24.42,False,4095,0.0,4.1,169.6,EXT-OPEN-METEO-KHI,KARACHI,OPENSOURCE_API_GRID,157,,,,0.95,True,True,TIER2_OPENSOURCE_PURE;CONTINUOUS_MINUTE_STREAM;VERIFIED_MODEL_GRID,c057f99326be62543c576422e1eecfe13b4959ca7c9cc4b242a3be74da287682,2026-09-20T02:36:00+00:00,2026-09-20 07:36:00,85.3,1011.8,77
15.1,22.2,53.5,1376.4,399.6,62.2,7.8,4.3,1.1,454.7,458.7,16.4,9.9,34.8,27.2,24.46,False,4095,0.0,3.9,173.8,EXT-OPEN-METEO-KHI,KARACHI,OPENSOURCE_API_GRID,158,,,,0.95,True,True,TIER2_OPENSOURCE_PURE;CONTINUOUS_MINUTE_STREAM;VERIFIED_MODEL_GRID,b36b83928b199de800d4b875dad8cb36e3d8d6b0b0486df6c0a9f34ec2ca46c6,2026-09-20T02:37:00+00:00,2026-09-20 07:37:00,85.0,1011.8,77
15.2,22.3,53.9,1382.6,401.4,62.4,7.8,4.3,1.1,454.7,460.6,16.4,10.0,35.0,27.2,24.42,False,4095,0.0,3.7,177.9,EXT-OPEN-METEO-KHI,KARACHI,OPENSOURCE_API_GRID,159,,,,0.95,True,True,TIER2_OPENSOURCE_PURE;CONTINUOUS_MINUTE_STREAM;VERIFIED_MODEL_GRID,52a9ad0bfdf2a38274352676f0b3ebf277f8f9b91eea8ebbf9ec287ae0e03713,2026-09-20T02:38:00+00:00,2026-09-20 07:38:00,84.8,1011.8,77
15.2,22.4,54.4,1388.8,403.2,62.7,7.8,4.4,1.1,454.7,462.4,16.4,10.0,35.3,27.3,24.48,False,4095,0.0,3.5,181.9,EXT-OPEN-METEO-KHI,KARACHI,OPENSOURCE_API_GRID,160,,,,0.95,True,True,TIER2_OPENSOURCE_PURE;CONTINUOUS_MINUTE_STREAM;VERIFIED_MODEL_GRID,a3ed68ae91ca28cf183628ad26c54409f861a516e30a422b15cc96bfb4e3bbbf,2026-09-20T02:39:00+00:00,2026-09-20 07:39:00,84.6,1011.8,77
15.3,22.5,54.8,1395.0,405.0,63.0,7.9,4.4,1.1,454.8,464.2,16.4,10.1,35.5,27.3,24.44,False,4095,0.0,3.3,185.8,EXT-OPEN-METEO-KHI,KARACHI,OPENSOURCE_API_GRID,161,,,,0.95,True,True,TIER2_OPENSOURCE_PURE;CONTINUOUS_MINUTE_STREAM;VERIFIED_MODEL_GRID,bd0db582b1adfedcab40760a80e1a2f9f8a41538d7146e547c1487ba901f3ebf,2026-09-20T02:40:00+00:00,2026-09-20 07:40:00,84.4,1011.8,77
15.3,22.5,55.3,1395.0,405.0,63.0,7.9,4.4,1.1,454.8,466.0,16.4,10.1,35.7,27.3,24.38,False,4095,0.0,3.0,189.5,EXT-OPEN-METEO-KHI,KARACHI,OPENSOURCE_API_GRID,162,,,,0.95,True,True,TIER2_OPENSOURCE_PURE;CONTINUOUS_MINUTE_STREAM;VERIFIED_MODEL_GRID,9aa3d7ebb9e6ee7dd0d8494b3dfae116edb65460e0f3629b3ce2dd596c448a46,2026-09-20T02:41:00+00:00,2026-09-20 07:41:00,84.1,1011.8,77
15.4,22.6,55.7,1401.2,406.8,63.3,7.9,4.5,1.1,454.8,467.7,16.4,10.1,35.9,27.4,24.44,False,4095,0.0,2.9,193.2,EXT-OPEN-METEO-KHI,KARACHI,OPENSOURCE_API_GRID,163,,,,0.95,True,True,TIER2_OPENSOURCE_PURE;CONTINUOUS_MINUTE_STREAM;VERIFIED_MODEL_GRID,0ec6710973c8fd3d72296e9f6d8c99d6dc0f237dca0a8d621e1c42e8d255f382,2026-09-20T02:42:00+00:00,2026-09-20 07:42:00,83.9,1011.9,77
15.4,22.7,56.0,1407.4,408.6,63.6,7.9,4.5,1.1,454.8,469.4,16.4,10.2,36.1,27.4,24.4,False,4095,0.0,2.7,196.7,EXT-OPEN-METEO-KHI,KARACHI,OPENSOURCE_API_GRID,164,,,,0.95,True,True,TIER2_OPENSOURCE_PURE;CONTINUOUS_MINUTE_STREAM;VERIFIED_MODEL_GRID,dc59e06a2fc618f9cba52423f1a7ed1711b827b391f20bd0f8e917a9a2cc9ebf,2026-09-20T02:43:00+00:00,2026-09-20 07:43:00,83.7,1011.9,77
15.4,22.7,56.3,1407.4,408.6,63.6,7.9,4.5,1.1,454.8,470.9,16.4,10.2,36.3,27.4,24.36,False,4095,0.0,2.5,200.1,EXT-OPEN-METEO-KHI,KARACHI,OPENSOURCE_API_GRID,165,,,,0.95,True,True,TIER2_OPENSOURCE_PURE;CONTINUOUS_MINUTE_STREAM;VERIFIED_MODEL_GRID,4d25271bb4f9aa3aa6e2465415dbcc2ac05ea7026bfde9b85b87c60019164c19,2026-09-20T02:44:00+00:00,2026-09-20 07:44:00,83.5,1011.9,77
15.4,22.7,56.6,1407.4,408.6,63.6,7.9,4.5,1.1,454.9,472.4,16.4,10.2,36.5,27.4,24.32,False,4095,0.0,2.3,203.3,EXT-OPEN-METEO-KHI,KARACHI,OPENSOURCE_API_GRID,166,,,,0.95,True,True,TIER2_OPENSOURCE_PURE;CONTINUOUS_MINUTE_STREAM;VERIFIED_MODEL_GRID,4c0b1409b7eee8ecc2e280ca897d5a1715ef4eb040f89c0fb293811038181743,2026-09-20T02:45:00+00:00,2026-09-20 07:45:00,83.3,1011.9,77
15.4,22.7,56.9,1407.4,408.6,63.6,7.9,4.6,1.1,454.9,473.9,16.4,10.3,36.7,27.5,24.37,False,4095,0.0,2.2,206.3,EXT-OPEN-METEO-KHI,KARACHI,OPENSOURCE_API_GRID,167,,,,0.95,True,True,TIER2_OPENSOURCE_PURE;CONTINUOUS_MINUTE_STREAM;VERIFIED_MODEL_GRID,875ad87b55c5f9478ea8f969b9ae173d608a44325a4eb50f6bd6d373081e7973,2026-09-20T02:46:00+00:00,2026-09-20 07:46:00,83.1,1011.9,77
15.4,22.7,57.2,1407.4,408.6,63.6,7.9,4.6,1.1,454.9,475.2,16.4,10.3,36.9,27.5,24.33,False,4095,0.0,2.0,209.2,EXT-OPEN-METEO-KHI,KARACHI,OPENSOURCE_API_GRID,168,,,,0.95,True,True,TIER2_OPENSOURCE_PURE;CONTINUOUS_MINUTE_STREAM;VERIFIED_MODEL_GRID,0da47b8e35c87246743974e39594cb7e8009d8d746c2d38389a924f46d43756f,2026-09-20T02:47:00+00:00,2026-09-20 07:47:00,82.9,1011.9,77
15.4,22.7,57.4,1407.4,408.6,63.6,7.9,4.6,1.1,454.9,476.5,16.4,10.3,37.0,27.5,24.31,False,4095,0.0,1.9,211.9,EXT-OPEN-METEO-KHI,KARACHI,OPENSOURCE_API_GRID,169,,,,0.95,True,True,TIER2_OPENSOURCE_PURE;CONTINUOUS_MINUTE_STREAM;VERIFIED_MODEL_GRID,bc67b9f2c614463337a7b85d8696dce5d7b13b4f582966a27e2e23d6ad146040,2026-09-20T02:48:00+00:00,2026-09-20 07:48:00,82.8,1011.9,77
15.4,22.7,57.6,1407.4,408.6,63.6,7.9,4.6,1.2,454.9,477.6,16.4,10.4,37.2,27.5,24.27,False,4095,0.0,1.7,214.4,EXT-OPEN-METEO-KHI,KARACHI,OPENSOURCE_API_GRID,170,,,,0.95,True,True,TIER2_OPENSOURCE_PURE;CONTINUOUS_MINUTE_STREAM;VERIFIED_MODEL_GRID,777eca269958c058df085eb449523d5bc1e8fc1aac19a2ff820e6cf22ae9b4d8,2026-09-20T02:49:00+00:00,2026-09-20 07:49:00,82.6,1011.9,77
15.4,22.7,57.8,1407.4,408.6,63.6,7.9,4.6,1.2,454.9,478.7,16.4,10.4,37.3,27.5,24.25,False,4095,0.0,1.6,216.7,EXT-OPEN-METEO-KHI,KARACHI,OPENSOURCE_API_GRID,171,,,,0.95,True,True,TIER2_OPENSOURCE_PURE;CONTINUOUS_MINUTE_STREAM;VERIFIED_MODEL_GRID,d5d1cb7a633dcdfdfafe18ec61faa129796f7e5657203aec2848b97f8ed45db9,2026-09-20T02:50:00+00:00,2026-09-20 07:50:00,82.5,1011.9,77
15.4,22.7,57.9,1407.4,408.6,63.6,7.9,4.6,1.2,454.9,479.7,16.4,10.4,37.5,27.5,24.23,False,4095,0.0,1.5,218.8,EXT-OPEN-METEO-KHI,KARACHI,OPENSOURCE_API_GRID,172,,,,0.95,True,True,TIER2_OPENSOURCE_PURE;CONTINUOUS_MINUTE_STREAM;VERIFIED_MODEL_GRID,bcca0d9501087ab1ee67a0c2f5ff38c55ebf14d02c72ad8806dfd3b48bfd9601,2026-09-20T02:51:00+00:00,2026-09-20 07:51:00,82.4,1011.9,77
15.4,22.7,58.1,1407.4,408.6,63.6,7.9,4.6,1.2,455.0,480.6,16.4,10.4,37.6,27.5,24.19,False,4095,0.0,1.4,220.7,EXT-OPEN-METEO-KHI,KARACHI,OPENSOURCE_API_GRID,173,,,,0.95,True,True,TIER2_OPENSOURCE_PURE;CONTINUOUS_MINUTE_STREAM;VERIFIED_MODEL_GRID,dd932b9e1f90c5f048b6ceb32148fa3f6ea7c693c1b154198c83ff8879a76d9e,2026-09-20T02:52:00+00:00,2026-09-20 07:52:00,82.2,1011.9,77
15.4,22.7,58.2,1407.4,408.6,63.6,7.9,4.7,1.2,455.0,481.4,16.4,10.4,37.7,27.5,24.19,False,4095,0.0,1.3,222.4,EXT-OPEN-METEO-KHI,KARACHI,OPENSOURCE_API_GRID,174,,,,0.95,True,True,TIER2_OPENSOURCE_PURE;CONTINUOUS_MINUTE_STREAM;VERIFIED_MODEL_GRID,50a831d49c411eb3bd6399ac50b5d8be72a395732899db7d2019e9a925d48de9,2026-09-20T02:53:00+00:00,2026-09-20 07:53:00,82.2,1011.9,77
15.4,22.7,58.3,1407.4,408.6,63.6,7.9,4.7,1.2,455.0,482.1,16.4,10.5,37.8,27.5,24.17,False,4095,0.0,1.2,223.9,EXT-OPEN-METEO-KHI,KARACHI,OPENSOURCE_API_GRID,175,,,,0.95,True,True,TIER2_OPENSOURCE_PURE;CONTINUOUS_MINUTE_STREAM;VERIFIED_MODEL_GRID,2a4e2d23e96afd46ef4dd3f406927797dc63a38f56839b3b1bf57226866858a0,2026-09-20T02:54:00+00:00,2026-09-20 07:54:00,82.1,1011.9,77
15.4,22.7,58.4,1407.4,408.6,63.6,7.9,4.7,1.2,455.0,482.7,16.4,10.5,37.8,27.5,24.15,False,4095,0.0,1.2,225.1,EXT-OPEN-METEO-KHI,KARACHI,OPENSOURCE_API_GRID,176,,,,0.95,True,True,TIER2_OPENSOURCE_PURE;CONTINUOUS_MINUTE_STREAM;VERIFIED_MODEL_GRID,cf436e567e09859e1fa87dd3bdf0e8e61a5ff360d6df8dc9576a3d75eca7a57c,2026-09-20T02:55:00+00:00,2026-09-20 07:55:00,82.0,1011.9,77
15.4,22.7,58.5,1407.4,408.6,63.6,7.9,4.7,1.2,455.0,483.1,16.4,10.5,37.9,27.5,24.15,False,4095,0.0,1.1,226.2,EXT-OPEN-METEO-KHI,KARACHI,OPENSOURCE_API_GRID,177,,,,0.95,True,True,TIER2_OPENSOURCE_PURE;CONTINUOUS_MINUTE_STREAM;VERIFIED_MODEL_GRID,04913a44df2d013dc063df469ad36ec38aff7796f51aaefc8f777c2d58985046,2026-09-20T02:56:00+00:00,2026-09-20 07:56:00,82.0,1011.9,77
15.4,22.7,58.6,1407.4,408.6,63.6,7.9,4.7,1.2,455.0,483.5,16.4,10.5,37.9,27.5,24.13,False,4095,0.0,1.1,227.0,EXT-OPEN-METEO-KHI,KARACHI,OPENSOURCE_API_GRID,178,,,,0.95,True,True,TIER2_OPENSOURCE_PURE;CONTINUOUS_MINUTE_STREAM;VERIFIED_MODEL_GRID,ce2b3da64a34c5b4b4fcbbb9123eeebcee2917444b714f9956a96c214de94ba6,2026-09-20T02:57:00+00:00,2026-09-20 07:57:00,81.9,1011.9,77
15.4,22.7,58.7,1407.4,408.6,63.6,7.9,4.7,1.2,455.0,483.8,16.4,10.5,38.0,27.5,24.13,False,4095,0.0,1.0,227.5,EXT-OPEN-METEO-KHI,KARACHI,OPENSOURCE_API_GRID,179,,,,0.95,True,True,TIER2_OPENSOURCE_PURE;CONTINUOUS_MINUTE_STREAM;VERIFIED_MODEL_GRID,a83c0054dc64326a832c783cb19bc1163fefc9dc6d108838e98e14ca32b470ca,2026-09-20T02:58:00+00:00,2026-09-20 07:58:00,81.9,1011.9,77
15.4,22.7,58.7,1407.4,408.6,63.6,7.9,4.7,1.2,455.0,483.9,16.4,10.5,38.0,27.5,24.13,False,4095,0.0,1.0,227.9,EXT-OPEN-METEO-KHI,KARACHI,OPENSOURCE_API_GRID,180,,,,0.95,True,True,TIER2_OPENSOURCE_PURE;CONTINUOUS_MINUTE_STREAM;VERIFIED_MODEL_GRID,e4da6d66c7bfc341e41a99cff2ddb25a7aa97d146703935ef24e0949ceb76826,2026-09-20T02:59:00+00:00,2026-09-20 07:59:00,81.9,1011.9,77
15.5,22.8,58.8,1413.6,410.4,63.8,8.0,4.7,1.2,455.0,484.0,16.4,10.5,38.0,27.6,24.23,False,4095,0.0,1.0,228.0,EXT-OPEN-METEO-KHI,KARACHI,OPENSOURCE_API_GRID,181,,,,0.95,True,False,TIER2_OPENSOURCE_PURE;HOURLY_NODE;VERIFIED_MODEL_GRID,703817dd806a5365270069cd8b0c6c984ab52c1630be8263a921ea651bc20404,2026-09-20T03:00:00+00:00,2026-09-20 08:00:00,81.9,1011.9,77
15.5,22.8,58.9,1413.6,410.4,63.8,8.0,4.7,1.2,455.0,484.0,16.4,10.5,38.0,27.6,24.23,False,4095,0.0,1.0,228.1,EXT-OPEN-METEO-KHI,KARACHI,OPENSOURCE_API_GRID,182,,,,0.95,True,True,TIER2_OPENSOURCE_PURE;CONTINUOUS_MINUTE_STREAM;VERIFIED_MODEL_GRID,003e6d26fb632c227402edd638e0e5b33815bbf1e8fe235b373f5db163fb6517,2026-09-20T03:01:00+00:00,2026-09-20 08:01:00,81.9,1011.9,77
15.6,22.9,59.0,1419.8,412.2,64.1,8.0,4.7,1.2,455.0,484.0,16.4,10.5,38.1,27.6,24.23,False,4095,0.0,1.0,228.6,EXT-OPEN-METEO-KHI,KARACHI,OPENSOURCE_API_GRID,183,,,,0.95,True,True,TIER2_OPENSOURCE_PURE;CONTINUOUS_MINUTE_STREAM;VERIFIED_MODEL_GRID,c1a8ffc546e680c92c96eb106b2a00604572f5f34e62da2df7c62fe32877d6bb,2026-09-20T03:02:00+00:00,2026-09-20 08:02:00,81.9,1011.9,77
15.6,22.9,59.1,1419.8,412.2,64.1,8.0,4.7,1.2,455.0,484.1,16.4,10.5,38.2,27.6,24.23,False,4095,0.0,1.1,229.3,EXT-OPEN-METEO-KHI,KARACHI,OPENSOURCE_API_GRID,184,,,,0.95,True,True,TIER2_OPENSOURCE_PURE;CONTINUOUS_MINUTE_STREAM;VERIFIED_MODEL_GRID,ade27562ee7bcc133ec9a7ddb2b903a00e93155f6f44aca0bcead4184fcae417,2026-09-20T03:03:00+00:00,2026-09-20 08:03:00,81.9,1011.9,77
15.6,23.0,59.3,1426.0,414.0,64.4,8.0,4.7,1.2,455.0,484.2,16.4,10.5,38.3,27.6,24.23,False,4095,0.0,1.1,230.4,EXT-OPEN-METEO-KHI,KARACHI,OPENSOURCE_API_GRID,185,,,,0.95,True,True,TIER2_OPENSOURCE_PURE;CONTINUOUS_MINUTE_STREAM;VERIFIED_MODEL_GRID,ba3c8f7a81b7890b0d5b32517245d52975963b8f9ccabc80a5d328a939346841,2026-09-20T03:04:00+00:00,2026-09-20 08:04:00,81.9,1011.9,77
15.7,23.1,59.5,1432.2,415.8,64.7,8.1,4.8,1.2,455.0,484.3,16.4,10.6,38.5,27.6,24.21,False,4095,0.0,1.2,231.7,EXT-OPEN-METEO-KHI,KARACHI,OPENSOURCE_API_GRID,186,,,,0.95,True,True,TIER2_OPENSOURCE_PURE;CONTINUOUS_MINUTE_STREAM;VERIFIED_MODEL_GRID,27b0919676da22a87f5b0e498471500d2a2f9a559bf5ff61cc0fa1f6af92a6d7,2026-09-20T03:05:00+00:00,2026-09-20 08:05:00,81.8,1011.9,77
15.7,23.1,59.6,1432.2,415.8,64.7,8.1,4.8,1.2,455.0,484.4,16.3,10.6,38.7,27.7,24.31,False,4095,0.0,1.2,233.3,EXT-OPEN-METEO-KHI,KARACHI,OPENSOURCE_API_GRID,187,,,,0.95,True,True,TIER2_OPENSOURCE_PURE;CONTINUOUS_MINUTE_STREAM;VERIFIED_MODEL_GRID,e250e5f4c32fee639c7bc77463f4136d586d7f69d98b66dfa8f12e759914ec80,2026-09-20T03:06:00+00:00,2026-09-20 08:06:00,81.8,1011.9,77
15.8,23.2,59.8,1438.4,417.6,65.0,8.1,4.8,1.2,455.0,484.6,16.3,10.6,38.9,27.7,24.29,False,4095,0.0,1.3,235.1,EXT-OPEN-METEO-KHI,KARACHI,OPENSOURCE_API_GRID,188,,,,0.95,True,True,TIER2_OPENSOURCE_PURE;CONTINUOUS_MINUTE_STREAM;VERIFIED_MODEL_GRID,2a4e30d95c85a936b2fa03707944182bdc53aa9c1f826cc253847f1c881bf990,2026-09-20T03:07:00+00:00,2026-09-20 08:07:00,81.7,1011.9,77
15.8,23.3,60.1,1444.6,419.4,65.2,8.2,4.8,1.2,455.0,484.8,16.3,10.6,39.2,27.7,24.24,False,4095,0.0,1.4,237.3,EXT-OPEN-METEO-KHI,KARACHI,OPENSOURCE_API_GRID,189,,,,0.95,True,True,TIER2_OPENSOURCE_PURE;CONTINUOUS_MINUTE_STREAM;VERIFIED_MODEL_GRID,5360d6d742e9821319449022c393ed02daaf9a6afa5e913ca94f609ef9338c28,2026-09-20T03:08:00+00:00,2026-09-20 08:08:00,81.5,1011.9,77
15.9,23.4,60.4,1450.8,421.2,65.5,8.2,4.8,1.2,455.0,485.0,16.2,10.7,39.5,27.7,24.22,False,4095,0.0,1.5,239.7,EXT-OPEN-METEO-KHI,KARACHI,OPENSOURCE_API_GRID,190,,,,0.95,True,True,TIER2_OPENSOURCE_PURE;CONTINUOUS_MINUTE_STREAM;VERIFIED_MODEL_GRID,2c6986c4c8242705bb049a79016cd9b63979e620217316a5b7f736e0e5cf66c8,2026-09-20T03:09:00+00:00,2026-09-20 08:09:00,81.4,1011.9,77
16.0,23.5,60.8,1457.0,423.0,65.8,8.2,4.9,1.2,455.0,485.2,16.2,10.7,39.9,27.8,24.28,False,4095,0.0,1.6,242.4,EXT-OPEN-METEO-KHI,KARACHI,OPENSOURCE_API_GRID,191,,,,0.95,True,True,TIER2_OPENSOURCE_PURE;CONTINUOUS_MINUTE_STREAM;VERIFIED_MODEL_GRID,170aae5bb469bd80ae43e7f894d301c5ba69b33a2bfcc7fbe0675cf45210fafe,2026-09-20T03:10:00+00:00,2026-09-20 08:10:00,81.2,1012.0,77
16.0,23.6,61.1,1463.2,424.8,66.1,8.3,4.9,1.2,455.0,485.5,16.2,10.8,40.3,27.8,24.24,False,4095,0.0,1.7,245.4,EXT-OPEN-METEO-KHI,KARACHI,OPENSOURCE_API_GRID,192,,,,0.95,True,True,TIER2_OPENSOURCE_PURE;CONTINUOUS_MINUTE_STREAM;VERIFIED_MODEL_GRID,5cc9171dfb46fc14488283a893fc12bf4847bff9d87c4db044308d5ec141df7f,2026-09-20T03:11:00+00:00,2026-09-20 08:11:00,81.0,1012.0,77
16.1,23.7,61.5,1469.4,426.6,66.4,8.3,4.9,1.2,455.0,485.7,16.1,10.8,40.7,27.8,24.18,False,4095,0.0,1.9,248.5,EXT-OPEN-METEO-KHI,KARACHI,OPENSOURCE_API_GRID,193,,,,0.95,True,True,TIER2_OPENSOURCE_PURE;CONTINUOUS_MINUTE_STREAM;VERIFIED_MODEL_GRID,7c5bcee700fd7e4f152b03ad781874af619efd4c667268143ff85e8ce39cab38,2026-09-20T03:12:00+00:00,2026-09-20 08:12:00,80.7,1012.0,77
16.2,23.8,61.9,1475.6,428.4,66.6,8.3,5.0,1.2,455.0,486.0,16.1,10.9,41.1,27.9,24.23,False,4095,0.0,2.0,252.0,EXT-OPEN-METEO-KHI,KARACHI,OPENSOURCE_API_GRID,194,,,,0.95,True,True,TIER2_OPENSOURCE_PURE;CONTINUOUS_MINUTE_STREAM;VERIFIED_MODEL_GRID,cf7dc4ef70e1a0586304206193ca786444c64e25ef10aba6880cfdfa5f0e3fb6,2026-09-20T03:13:00+00:00,2026-09-20 08:13:00,80.5,1012.0,77
16.3,23.9,62.2,1481.8,430.2,66.9,8.4,5.0,1.2,455.0,486.3,16.0,10.9,41.6,27.9,24.17,False,4095,0.0,2.2,255.6,EXT-OPEN-METEO-KHI,KARACHI,OPENSOURCE_API_GRID,195,,,,0.95,True,True,TIER2_OPENSOURCE_PURE;CONTINUOUS_MINUTE_STREAM;VERIFIED_MODEL_GRID,a3ee03b9b4a0b690e07acc5dcf17c7ddc8e3f126145d9829b0add5325413ddff,2026-09-20T03:14:00+00:00,2026-09-20 08:14:00,80.2,1012.0,77
16.3,24.0,62.6,1488.0,432.0,67.2,8.4,5.0,1.3,455.0,486.6,16.0,11.0,42.1,28.0,24.23,False,4095,0.0,2.3,259.5,EXT-OPEN-METEO-KHI,KARACHI,OPENSOURCE_API_GRID,196,,,,0.95,True,True,TIER2_OPENSOURCE_PURE;CONTINUOUS_MINUTE_STREAM;VERIFIED_MODEL_GRID,f82206b36903d43685271d803307aea0fa1ede34c4114c01d1e2cf601e613484,2026-09-20T03:15:00+00:00,2026-09-20 08:15:00,80.0,1012.0,77
16.4,24.1,63.0,1494.2,433.8,67.5,8.4,5.0,1.3,455.0,487.0,15.9,11.0,42.6,28.0,24.16,False,4095,0.0,2.5,263.6,EXT-OPEN-METEO-KHI,KARACHI,OPENSOURCE_API_GRID,197,,,,0.95,True,True,TIER2_OPENSOURCE_PURE;CONTINUOUS_MINUTE_STREAM;VERIFIED_MODEL_GRID,a7f16798c92ed5c31bd9c7f53975cb398fed16ef6143eca32e8e40a9ed9dd2c9,2026-09-20T03:16:00+00:00,2026-09-20 08:16:00,79.7,1012.0,77
16.5,24.2,63.5,1500.4,435.6,67.8,8.5,5.1,1.3,455.0,487.3,15.9,11.1,43.2,28.0,24.1,False,4095,0.0,2.7,267.9,EXT-OPEN-METEO-KHI,KARACHI,OPENSOURCE_API_GRID,198,,,,0.95,True,True,TIER2_OPENSOURCE_PURE;CONTINUOUS_MINUTE_STREAM;VERIFIED_MODEL_GRID,9aec4c88f7e1aa6ceb86d1d4c3d3744e1a930bc9172bbd01b5801b4d85819b1e,2026-09-20T03:17:00+00:00,2026-09-20 08:17:00,79.4,1012.0,77
16.5,24.3,63.9,1506.6,437.4,68.0,8.5,5.1,1.3,455.0,487.7,15.8,11.2,43.8,28.1,24.13,False,4095,0.0,2.9,272.4,EXT-OPEN-METEO-KHI,KARACHI,OPENSOURCE_API_GRID,199,,,,0.95,True,True,TIER2_OPENSOURCE_PURE;CONTINUOUS_MINUTE_STREAM;VERIFIED_MODEL_GRID,5f08d2670f3a6f3c80a9ed3bca74c7441762b41962dba62993a6f95a027b5da3,2026-09-20T03:18:00+00:00,2026-09-20 08:18:00,79.1,1012.1,77
16.6,24.4,64.3,1512.8,439.2,68.3,8.5,5.1,1.3,455.0,488.1,15.7,11.2,44.4,28.1,24.05,False,4095,0.0,3.0,277.0,EXT-OPEN-METEO-KHI,KARACHI,OPENSOURCE_API_GRID,200,,,,0.95,True,True,TIER2_OPENSOURCE_PURE;CONTINUOUS_MINUTE_STREAM;VERIFIED_MODEL_GRID,78b8242dd7d014734942260cf7e972612b4caa7df552aa8e35c64ee108d9f4e3,2026-09-20T03:19:00+00:00,2026-09-20 08:19:00,78.7,1012.1,77
16.7,24.5,64.8,1519.0,441.0,68.6,8.6,5.2,1.3,455.0,488.5,15.7,11.3,45.0,28.1,23.99,False,4095,0.0,3.2,281.8,EXT-OPEN-METEO-KHI,KARACHI,OPENSOURCE_API_GRID,201,,,,0.95,True,True,TIER2_OPENSOURCE_PURE;CONTINUOUS_MINUTE_STREAM;VERIFIED_MODEL_GRID,2cd3c1161bbf969a1cb12a87e7bf9f4ebe7cb3261948d78e43120e297a81a0a0,2026-09-20T03:20:00+00:00,2026-09-20 08:20:00,78.4,1012.1,77
16.7,24.6,65.2,1525.2,442.8,68.9,8.6,5.2,1.3,455.0,488.9,15.6,11.4,45.6,28.2,24.02,False,4095,0.0,3.5,286.8,EXT-OPEN-METEO-KHI,KARACHI,OPENSOURCE_API_GRID,202,,,,0.95,True,True,TIER2_OPENSOURCE_PURE;CONTINUOUS_MINUTE_STREAM;VERIFIED_MODEL_GRID,388ee45202237c624ea9f9e59641b11afb17ed4e34204b3bbad884b8253a7554,2026-09-20T03:21:00+00:00,2026-09-20 08:21:00,78.1,1012.1,77
16.8,24.7,65.7,1531.4,444.6,69.2,8.6,5.3,1.3,455.0,489.3,15.5,11.4,46.3,28.2,23.93,False,4095,0.0,3.7,291.8,EXT-OPEN-METEO-KHI,KARACHI,OPENSOURCE_API_GRID,203,,,,0.95,True,True,TIER2_OPENSOURCE_PURE;CONTINUOUS_MINUTE_STREAM;VERIFIED_MODEL_GRID,629ea8db3cb98a60532f41ed0d4f40738fa37ce45acc0215a3512f285afb579c,2026-09-20T03:22:00+00:00,2026-09-20 08:22:00,77.7,1012.1,77
16.9,24.9,66.2,1543.8,448.2,69.7,8.7,5.3,1.3,455.0,489.8,15.5,11.5,47.0,28.3,23.97,False,4095,0.0,3.9,297.0,EXT-OPEN-METEO-KHI,KARACHI,OPENSOURCE_API_GRID,204,,,,0.95,True,True,TIER2_OPENSOURCE_PURE;CONTINUOUS_MINUTE_STREAM;VERIFIED_MODEL_GRID,df2887c602498a96234647a067b8a9c77725689b5709e830e06fd68b5a3a6955,2026-09-20T03:23:00+00:00,2026-09-20 08:23:00,77.4,1012.1,77
17.0,25.0,66.7,1550.0,450.0,70.0,8.8,5.3,1.3,455.0,490.2,15.4,11.6,47.7,28.3,23.88,False,4095,0.0,4.1,302.3,EXT-OPEN-METEO-KHI,KARACHI,OPENSOURCE_API_GRID,205,,,,0.95,True,True,TIER2_OPENSOURCE_PURE;CONTINUOUS_MINUTE_STREAM;VERIFIED_MODEL_GRID,a63e1d6e05e727500175972880cb98e9d214e7ed20143a050f978cd6e8ddd60f,2026-09-20T03:24:00+00:00,2026-09-20 08:24:00,77.0,1012.2,77
17.1,25.1,67.3,1556.2,451.8,70.3,8.8,5.4,1.3,455.0,490.7,15.3,11.7,48.4,28.3,23.82,False,4095,0.0,4.3,307.8,EXT-OPEN-METEO-KHI,KARACHI,OPENSOURCE_API_GRID,206,,,,0.95,True,True,TIER2_OPENSOURCE_PURE;CONTINUOUS_MINUTE_STREAM;VERIFIED_MODEL_GRID,fa0c2a56093ad6a5c314468433f29d05e5f6879a4a8825ff6f780614169a823f,2026-09-20T03:25:00+00:00,2026-09-20 08:25:00,76.7,1012.2,77
17.2,25.3,67.8,1568.6,455.4,70.8,8.9,5.4,1.4,455.0,491.1,15.3,11.8,49.1,28.4,23.83,False,4095,0.0,4.6,313.2,EXT-OPEN-METEO-KHI,KARACHI,OPENSOURCE_API_GRID,207,,,,0.95,True,True,TIER2_OPENSOURCE_PURE;CONTINUOUS_MINUTE_STREAM;VERIFIED_MODEL_GRID,7e17ddb574351dc5957b404cfac123fa675db5425b69dd397761d33e12f71193,2026-09-20T03:26:00+00:00,2026-09-20 08:26:00,76.3,1012.2,77
17.3,25.4,68.4,1574.8,457.2,71.1,8.9,5.5,1.4,455.0,491.6,15.2,11.8,49.8,28.4,23.76,False,4095,0.0,4.8,318.8,EXT-OPEN-METEO-KHI,KARACHI,OPENSOURCE_API_GRID,208,,,,0.95,True,True,TIER2_OPENSOURCE_PURE;CONTINUOUS_MINUTE_STREAM;VERIFIED_MODEL_GRID,355980f105855f5e17b723e8111cca4ddc35722b9e518b8fd7989a5b7ca0ecbd,2026-09-20T03:27:00+00:00,2026-09-20 08:27:00,76.0,1012.2,77
17.4,25.6,69.0,1587.2,460.8,71.7,9.0,5.5,1.4,455.0,492.1,15.1,11.9,50.5,28.5,23.77,False,4095,0.0,5.0,324.4,EXT-OPEN-METEO-KHI,KARACHI,OPENSOURCE_API_GRID,209,,,,0.95,True,True,TIER2_OPENSOURCE_PURE;CONTINUOUS_MINUTE_STREAM;VERIFIED_MODEL_GRID,9e893005db871832aaff9313fff7d2c0f5adbf7b2c842846b04e66b444ada952,2026-09-20T03:28:00+00:00,2026-09-20 08:28:00,75.6,1012.2,77
17.5,25.8,69.6,1599.6,464.4,72.2,9.0,5.6,1.4,455.0,492.5,15.0,12.0,51.3,28.5,23.7,False,4095,0.0,5.3,330.0,EXT-OPEN-METEO-KHI,KARACHI,OPENSOURCE_API_GRID,210,,,,0.95,True,True,TIER2_OPENSOURCE_PURE;CONTINUOUS_MINUTE_STREAM;VERIFIED_MODEL_GRID,f215dda4ab9f4b0044fb08e8c1780e5fbd529c81c5a7857ab290a1e1942d62b8,2026-09-20T03:29:00+00:00,2026-09-20 08:29:00,75.3,1012.2,77
17.7,26.0,70.3,1612.0,468.0,72.8,9.1,5.6,1.4,455.0,493.0,14.9,12.1,52.0,28.6,23.71,False,4095,0.0,5.5,335.6,EXT-OPEN-METEO-KHI,KARACHI,OPENSOURCE_API_GRID,211,,,,0.95,True,True,TIER2_OPENSOURCE_PURE;CONTINUOUS_MINUTE_STREAM;VERIFIED_MODEL_GRID,86ab103a1f0fa31e625f07630104e875560d68c97164998e531ee919add7b059,2026-09-20T03:30:00+00:00,2026-09-20 08:30:00,74.9,1012.3,77
17.8,26.2,70.9,1624.4,471.6,73.4,9.2,5.7,1.4,455.0,493.5,14.9,12.2,52.7,28.7,23.74,False,4095,0.0,5.7,341.2,EXT-OPEN-METEO-KHI,KARACHI,OPENSOURCE_API_GRID,212,,,,0.95,True,True,TIER2_OPENSOURCE_PURE;CONTINUOUS_MINUTE_STREAM;VERIFIED_MODEL_GRID,74aa3ca33df1cc3026d650489ed233dec0c4d412603cbc7bfcc22d32080934ed,2026-09-20T03:31:00+00:00,2026-09-20 08:31:00,74.6,1012.3,77
18.0,26.4,71.6,1636.8,475.2,73.9,9.2,5.7,1.4,455.0,493.9,14.8,12.3,53.5,28.7,23.65,False,4095,0.0,6.0,346.8,EXT-OPEN-METEO-KHI,KARACHI,OPENSOURCE_API_GRID,213,,,,0.95,True,True,TIER2_OPENSOURCE_PURE;CONTINUOUS_MINUTE_STREAM;VERIFIED_MODEL_GRID,eebfb4d80347c78b28c6be92f651ce0ab95af5ad2e63bbf5bad4aadf747cc47f,2026-09-20T03:32:00+00:00,2026-09-20 08:32:00,74.2,1012.3,77
18.1,26.6,72.2,1649.2,478.8,74.5,9.3,5.8,1.4,455.0,494.4,14.7,12.4,54.2,28.8,23.68,False,4095,0.0,6.2,352.4,EXT-OPEN-METEO-KHI,KARACHI,OPENSOURCE_API_GRID,214,,,,0.95,True,True,TIER2_OPENSOURCE_PURE;CONTINUOUS_MINUTE_STREAM;VERIFIED_MODEL_GRID,110de0bd0bc7c1094ddc05952d533d39e87a3f9e7a2d2f965ec795f28ff0d1cb,2026-09-20T03:33:00+00:00,2026-09-20 08:33:00,73.9,1012.3,77
18.2,26.8,72.9,1661.6,482.4,75.0,9.4,5.8,1.5,455.0,494.9,14.6,12.4,54.9,28.8,23.59,False,4095,0.0,6.4,358.0,EXT-OPEN-METEO-KHI,KARACHI,OPENSOURCE_API_GRID,215,,,,0.95,True,True,TIER2_OPENSOURCE_PURE;CONTINUOUS_MINUTE_STREAM;VERIFIED_MODEL_GRID,72194f53b832b4826a69984c3ea56e5128c67e3d58f98c20c4d46889ae9f562f,2026-09-20T03:34:00+00:00,2026-09-20 08:34:00,73.5,1012.3,77
18.4,27.0,73.5,1674.0,486.0,75.6,9.4,5.9,1.5,455.0,495.3,14.6,12.5,55.6,28.9,23.62,False,4095,0.0,6.7,363.4,EXT-OPEN-METEO-KHI,KARACHI,OPENSOURCE_API_GRID,216,,,,0.95,True,True,TIER2_OPENSOURCE_PURE;CONTINUOUS_MINUTE_STREAM;VERIFIED_MODEL_GRID,4432f3ccd45e8a7ddb7f5634dfd9fb053188fbb624e9d22266c73a82c7f7591e,2026-09-20T03:35:00+00:00,2026-09-20 08:35:00,73.2,1012.3,77
18.5,27.2,74.2,1686.4,489.6,76.2,9.5,5.9,1.5,455.0,495.8,14.5,12.6,56.3,29.0,23.65,False,4095,0.0,6.9,368.9,EXT-OPEN-METEO-KHI,KARACHI,OPENSOURCE_API_GRID,217,,,,0.95,True,True,TIER2_OPENSOURCE_PURE;CONTINUOUS_MINUTE_STREAM;VERIFIED_MODEL_GRID,b05e3a8feb8a17468ca22831ec3fac928452d8be68b2c1f73cc70f86b8ab5529,2026-09-20T03:36:00+00:00,2026-09-20 08:36:00,72.9,1012.3,77
18.6,27.3,74.6,1692.6,491.4,76.4,9.6,6.0,1.5,455.0,496.2,14.4,12.7,57.0,29.0,23.58,False,4095,0.0,7.1,374.2,EXT-OPEN-METEO-KHI,KARACHI,OPENSOURCE_API_GRID,218,,,,0.95,True,True,TIER2_OPENSOURCE_PURE;CONTINUOUS_MINUTE_STREAM;VERIFIED_MODEL_GRID,6c07d2e23e4ad8fcf8544769eba5b70f29bd5b86c2db97e9be4c3413b0289e00,2026-09-20T03:37:00+00:00,2026-09-20 08:37:00,72.6,1012.4,77
18.7,27.5,75.2,1705.0,495.0,77.0,9.6,6.0,1.5,455.0,496.7,14.4,12.8,57.7,29.1,23.61,False,4095,0.0,7.3,379.4,EXT-OPEN-METEO-KHI,KARACHI,OPENSOURCE_API_GRID,219,,,,0.95,True,True,TIER2_OPENSOURCE_PURE;CONTINUOUS_MINUTE_STREAM;VERIFIED_MODEL_GRID,ff9bd9a5c4391b37fb200a7ce615a7fc61325cdc09074b79b44ec5413b2885aa,2026-09-20T03:38:00+00:00,2026-09-20 08:38:00,72.3,1012.4,77
18.8,27.7,75.8,1717.4,498.6,77.6,9.7,6.1,1.5,455.0,497.1,14.3,12.8,58.4,29.1,23.54,False,4095,0.0,7.5,384.4,EXT-OPEN-METEO-KHI,KARACHI,OPENSOURCE_API_GRID,220,,,,0.95,True,True,TIER2_OPENSOURCE_PURE;CONTINUOUS_MINUTE_STREAM;VERIFIED_MODEL_GRID,8f09143ee1ab0da9e84a94075e767fdaa45b58ba40aab17df3d41cbb9bd4f81f,2026-09-20T03:39:00+00:00,2026-09-20 08:39:00,72.0,1012.4,77
19.0,27.9,76.4,1729.8,502.2,78.1,9.8,6.1,1.5,455.0,497.5,14.2,12.9,59.0,29.2,23.54,False,4095,0.0,7.7,389.4,EXT-OPEN-METEO-KHI,KARACHI,OPENSOURCE_API_GRID,221,,,,0.95,True,True,TIER2_OPENSOURCE_PURE;CONTINUOUS_MINUTE_STREAM;VERIFIED_MODEL_GRID,9caecc4edabee8c9aaa9841664ab0ba4ae860b3db552f395071d544884bc59b1,2026-09-20T03:40:00+00:00,2026-09-20 08:40:00,71.6,1012.4,77
19.1,28.1,77.0,1742.2,505.8,78.7,9.8,6.2,1.5,455.0,497.9,14.2,13.0,59.6,29.3,23.57,False,4095,0.0,8.0,394.2,EXT-OPEN-METEO-KHI,KARACHI,OPENSOURCE_API_GRID,222,,,,0.95,True,True,TIER2_OPENSOURCE_PURE;CONTINUOUS_MINUTE_STREAM;VERIFIED_MODEL_GRID,282472333c6e21fa29898afd734d9ecab0521da5a32cd35bb344ae9c578b9d84,2026-09-20T03:41:00+00:00,2026-09-20 08:41:00,71.3,1012.5,77
19.2,28.2,77.5,1748.4,507.6,79.0,9.9,6.2,1.6,455.0,498.3,14.1,13.0,60.2,29.3,23.5,False,4095,0.0,8.1,398.8,EXT-OPEN-METEO-KHI,KARACHI,OPENSOURCE_API_GRID,223,,,,0.95,True,True,TIER2_OPENSOURCE_PURE;CONTINUOUS_MINUTE_STREAM;VERIFIED_MODEL_GRID,e11af3492605b1302148800f1a8613fb551b3f006f9ac950f1c74a45e4354b7d,2026-09-20T03:42:00+00:00,2026-09-20 08:42:00,71.0,1012.5,77
19.3,28.4,78.0,1760.8,511.2,79.5,9.9,6.2,1.6,455.0,498.7,14.0,13.1,60.8,29.4,23.52,False,4095,0.0,8.3,403.3,EXT-OPEN-METEO-KHI,KARACHI,OPENSOURCE_API_GRID,224,,,,0.95,True,True,TIER2_OPENSOURCE_PURE;CONTINUOUS_MINUTE_STREAM;VERIFIED_MODEL_GRID,307392798f8126cd9b0530ffe8f72615454cf7b3d2fca330e489f42a9731c34a,2026-09-20T03:43:00+00:00,2026-09-20 08:43:00,70.7,1012.5,77
19.4,28.5,78.5,1767.0,513.0,79.8,10.0,6.3,1.6,455.0,499.0,14.0,13.2,61.4,29.4,23.45,False,4095,0.0,8.5,407.6,EXT-OPEN-METEO-KHI,KARACHI,OPENSOURCE_API_GRID,225,,,,0.95,True,True,TIER2_OPENSOURCE_PURE;CONTINUOUS_MINUTE_STREAM;VERIFIED_MODEL_GRID,592b1d8df50348ce47f1d3d3646a4ad77c4c757cfa7fb065e892e9a36bc4d95a,2026-09-20T03:44:00+00:00,2026-09-20 08:44:00,70.4,1012.5,77
19.4,28.6,78.9,1773.2,514.8,80.1,10.0,6.3,1.6,455.0,499.4,13.9,13.2,61.9,29.4,23.38,False,4095,0.0,8.7,411.7,EXT-OPEN-METEO-KHI,KARACHI,OPENSOURCE_API_GRID,226,,,,0.95,True,True,TIER2_OPENSOURCE_PURE;CONTINUOUS_MINUTE_STREAM;VERIFIED_MODEL_GRID,d018e844e1934859cbbacb40643a1723919cb5ac32f16d16d57c9f35d0e121db,2026-09-20T03:45:00+00:00,2026-09-20 08:45:00,70.1,1012.5,77
19.5,28.7,79.3,1779.4,516.6,80.4,10.0,6.3,1.6,455.0,499.7,13.9,13.3,62.4,29.5,23.41,False,4095,0.0,8.8,415.6,EXT-OPEN-METEO-KHI,KARACHI,OPENSOURCE_API_GRID,227,,,,0.95,True,True,TIER2_OPENSOURCE_PURE;CONTINUOUS_MINUTE_STREAM;VERIFIED_MODEL_GRID,6777f875e9ecf60667737ef4223753bed082aadd393fee7ec578972f83f8331d,2026-09-20T03:46:00+00:00,2026-09-20 08:46:00,69.8,1012.5,77
19.6,28.8,79.7,1785.6,518.4,80.6,10.1,6.4,1.6,455.0,500.0,13.8,13.3,62.9,29.5,23.33,False,4095,0.0,9.0,419.2,EXT-OPEN-METEO-KHI,KARACHI,OPENSOURCE_API_GRID,228,,,,0.95,True,True,TIER2_OPENSOURCE_PURE;CONTINUOUS_MINUTE_STREAM;VERIFIED_MODEL_GRID,c06ff63e01a9bd4dd694655a5a14fc3fb5ddc2289248b41220e410d6a3635849,2026-09-20T03:47:00+00:00,2026-09-20 08:47:00,69.5,1012.5,77
19.7,28.9,80.0,1791.8,520.2,80.9,10.1,6.4,1.6,455.0,500.3,13.8,13.4,63.3,29.5,23.29,False,4095,0.0,9.1,422.7,EXT-OPEN-METEO-KHI,KARACHI,OPENSOURCE_API_GRID,229,,,,0.95,True,True,TIER2_OPENSOURCE_PURE;CONTINUOUS_MINUTE_STREAM;VERIFIED_MODEL_GRID,0433b9cb506da8d9ee0611847352fb66f8ad9f47a548989920b436e1dd8d4fb7,2026-09-20T03:48:00+00:00,2026-09-20 08:48:00,69.3,1012.6,77
19.7,29.0,80.3,1798.0,522.0,81.2,10.1,6.4,1.6,455.0,500.5,13.7,13.4,63.7,29.6,23.33,False,4095,0.0,9.3,425.8,EXT-OPEN-METEO-KHI,KARACHI,OPENSOURCE_API_GRID,230,,,,0.95,True,True,TIER2_OPENSOURCE_PURE;CONTINUOUS_MINUTE_STREAM;VERIFIED_MODEL_GRID,b54411e9c818ec42bccbbd9d5f2142e33441beb1fa4bccd08814d6d0e2ff7e46,2026-09-20T03:49:00+00:00,2026-09-20 08:49:00,69.1,1012.6,77
19.7,29.0,80.5,1798.0,522.0,81.2,10.1,6.4,1.6,455.0,500.8,13.7,13.5,64.1,29.6,23.29,False,4095,0.0,9.4,428.8,EXT-OPEN-METEO-KHI,KARACHI,OPENSOURCE_API_GRID,231,,,,0.95,True,True,TIER2_OPENSOURCE_PURE;CONTINUOUS_MINUTE_STREAM;VERIFIED_MODEL_GRID,3e2f7d0cb8d929efb69bc5a71e5177a7fdabbf3b95d6657ea4f2c4769f5414d8,2026-09-20T03:50:00+00:00,2026-09-20 08:50:00,68.9,1012.6,77
19.8,29.1,80.8,1804.2,523.8,81.5,10.2,6.5,1.6,455.0,501.0,13.7,13.5,64.5,29.6,23.24,False,4095,0.0,9.5,431.5,EXT-OPEN-METEO-KHI,KARACHI,OPENSOURCE_API_GRID,232,,,,0.95,True,True,TIER2_OPENSOURCE_PURE;CONTINUOUS_MINUTE_STREAM;VERIFIED_MODEL_GRID,bf90f8f8c95bc291864be52c4dba5c8f6a90f7b1c7bff77d86d218839eed8426,2026-09-20T03:51:00+00:00,2026-09-20 08:51:00,68.7,1012.6,77
19.8,29.1,80.9,1804.2,523.8,81.5,10.2,6.5,1.6,455.0,501.2,13.6,13.6,64.8,29.6,23.19,False,4095,0.0,9.6,433.9,EXT-OPEN-METEO-KHI,KARACHI,OPENSOURCE_API_GRID,233,,,,0.95,True,True,TIER2_OPENSOURCE_PURE;CONTINUOUS_MINUTE_STREAM;VERIFIED_MODEL_GRID,9fefb39ea0f53fd6f098cb31318bae6c288599b2e62ecf10403db0c37a4a971a,2026-09-20T03:52:00+00:00,2026-09-20 08:52:00,68.5,1012.6,77
19.8,29.1,81.1,1804.2,523.8,81.5,10.2,6.5,1.6,455.0,501.4,13.6,13.6,65.1,29.6,23.14,False,4095,0.0,9.7,436.1,EXT-OPEN-METEO-KHI,KARACHI,OPENSOURCE_API_GRID,234,,,,0.95,True,True,TIER2_OPENSOURCE_PURE;CONTINUOUS_MINUTE_STREAM;VERIFIED_MODEL_GRID,9e59478d0482cfcf3c8023bc643bc6abf27780120b076939a8eaefdcd491d84b,2026-09-20T03:53:00+00:00,2026-09-20 08:53:00,68.3,1012.6,77
19.8,29.1,81.3,1804.2,523.8,81.5,10.2,6.5,1.6,455.0,501.6,13.6,13.6,65.3,29.6,23.12,False,4095,0.0,9.8,437.9,EXT-OPEN-METEO-KHI,KARACHI,OPENSOURCE_API_GRID,235,,,,0.95,True,True,TIER2_OPENSOURCE_PURE;CONTINUOUS_MINUTE_STREAM;VERIFIED_MODEL_GRID,3a111b596512f1cc5ee199f997ccd979e849d67c337215d1fed1585653ed6fde,2026-09-20T03:54:00+00:00,2026-09-20 08:54:00,68.2,1012.6,77
19.8,29.1,81.4,1804.2,523.8,81.5,10.2,6.5,1.6,455.0,501.7,13.5,13.6,65.5,29.6,23.09,False,4095,0.0,9.8,439.5,EXT-OPEN-METEO-KHI,KARACHI,OPENSOURCE_API_GRID,236,,,,0.95,True,True,TIER2_OPENSOURCE_PURE;CONTINUOUS_MINUTE_STREAM;VERIFIED_MODEL_GRID,72948450648d96fdf950da423f2a18593739af8534428c86711991daff1435c4,2026-09-20T03:55:00+00:00,2026-09-20 08:55:00,68.1,1012.6,77
19.9,29.2,81.5,1810.4,525.6,81.8,10.2,6.5,1.6,455.0,501.8,13.5,13.7,65.7,29.6,23.07,False,4095,0.0,9.9,440.8,EXT-OPEN-METEO-KHI,KARACHI,OPENSOURCE_API_GRID,237,,,,0.95,True,True,TIER2_OPENSOURCE_PURE;CONTINUOUS_MINUTE_STREAM;VERIFIED_MODEL_GRID,3ec006e218ae6ca25b81f8117f83edb9dfac5ecf0b227d9baa52361b65d9d368,2026-09-20T03:56:00+00:00,2026-09-20 08:56:00,68.0,1012.6,77
19.9,29.2,81.6,1810.4,525.6,81.8,10.2,6.5,1.6,455.0,501.9,13.5,13.7,65.8,29.6,23.04,False,4095,0.0,9.9,441.9,EXT-OPEN-METEO-KHI,KARACHI,OPENSOURCE_API_GRID,238,,,,0.95,True,True,TIER2_OPENSOURCE_PURE;CONTINUOUS_MINUTE_STREAM;VERIFIED_MODEL_GRID,8092b57b92908ef0a93e6991011f2c83c591750fbdd9b41b509313fb2a1e2c2a,2026-09-20T03:57:00+00:00,2026-09-20 08:57:00,67.9,1012.6,77
19.9,29.2,81.6,1810.4,525.6,81.8,10.2,6.5,1.6,455.0,502.0,13.5,13.7,65.9,29.7,23.14,False,4095,0.0,10.0,442.6,EXT-OPEN-METEO-KHI,KARACHI,OPENSOURCE_API_GRID,239,,,,0.95,True,True,TIER2_OPENSOURCE_PURE;CONTINUOUS_MINUTE_STREAM;VERIFIED_MODEL_GRID,f2fd526157eb5920ccded65f08981d785cdf9bd0bea60517dcbe17a89b8d65c0,2026-09-20T03:58:00+00:00,2026-09-20 08:58:00,67.9,1012.6,77
19.9,29.2,81.7,1810.4,525.6,81.8,10.2,6.5,1.6,455.0,502.0,13.5,13.7,66.0,29.7,23.14,False,4095,0.0,10.0,443.1,EXT-OPEN-METEO-KHI,KARACHI,OPENSOURCE_API_GRID,240,,,,0.95,True,True,TIER2_OPENSOURCE_PURE;CONTINUOUS_MINUTE_STREAM;VERIFIED_MODEL_GRID,f006f11cca2d563ebc44327f113baa48d4879d5dd9425abb34ba60a8019d17db,2026-09-20T03:59:00+00:00,2026-09-20 08:59:00,67.9,1012.6,77
19.9,29.2,81.7,1810.4,525.6,81.8,10.2,6.5,1.6,455.0,502.0,13.5,13.7,66.0,29.7,23.14,False,4095,0.0,10.0,443.2,EXT-OPEN-METEO-KHI,KARACHI,OPENSOURCE_API_GRID,241,,,,0.95,True,False,TIER2_OPENSOURCE_PURE;HOURLY_NODE;VERIFIED_MODEL_GRID,c8c2be9da3e190f65a2d6fa828b2e100aac93df1ba8288f7f5261fbf0c694128,2026-09-20T04:00:00+00:00,2026-09-20 09:00:00,67.9,1012.6,78
19.9,29.2,81.8,1810.4,525.6,81.8,10.2,6.5,1.6,455.0,502.0,13.5,13.7,66.0,29.7,23.14,False,4095,0.0,10.0,443.3,EXT-OPEN-METEO-KHI,KARACHI,OPENSOURCE_API_GRID,242,,,,0.95,True,True,TIER2_OPENSOURCE_PURE;CONTINUOUS_MINUTE_STREAM;VERIFIED_MODEL_GRID,ccb2cca9f787b80fb58c76b273cd71aeb6c173d5e9ccd801b2b91af68065fc84,2026-09-20T04:01:00+00:00,2026-09-20 09:01:00,67.9,1012.6,78
19.9,29.3,81.8,1816.6,527.4,82.0,10.3,6.5,1.6,455.0,502.0,13.5,13.7,66.1,29.7,23.14,False,4095,0.0,10.0,443.7,EXT-OPEN-METEO-KHI,KARACHI,OPENSOURCE_API_GRID,243,,,,0.95,True,True,TIER2_OPENSOURCE_PURE;CONTINUOUS_MINUTE_STREAM;VERIFIED_MODEL_GRID,e6f99ccf0eacc704cbcd87b24653416b248f52212184497c376f46bb2f8782d2,2026-09-20T04:02:00+00:00,2026-09-20 09:02:00,67.9,1012.6,78
19.9,29.3,81.9,1816.6,527.4,82.0,10.3,6.6,1.6,455.0,501.9,13.5,13.7,66.2,29.7,23.14,False,4095,0.0,10.0,444.4,EXT-OPEN-METEO-KHI,KARACHI,OPENSOURCE_API_GRID,244,,,,0.95,True,True,TIER2_OPENSOURCE_PURE;CONTINUOUS_MINUTE_STREAM;VERIFIED_MODEL_GRID,f1627f14f1fc5f6f101979b7bcf56eecfca27f9398800759c0a13e2dfc53c74a,2026-09-20T04:03:00+00:00,2026-09-20 09:03:00,67.9,1012.6,78
20.0,29.4,82.0,1822.8,529.2,82.3,10.3,6.6,1.6,455.0,501.8,13.5,13.7,66.4,29.7,23.14,False,4095,0.0,10.0,445.3,EXT-OPEN-METEO-KHI,KARACHI,OPENSOURCE_API_GRID,245,,,,0.95,True,True,TIER2_OPENSOURCE_PURE;CONTINUOUS_MINUTE_STREAM;VERIFIED_MODEL_GRID,42fc4468a47f54fb136e47374dc67275bd33cd46028d85a1d6598c28926e7ebf,2026-09-20T04:04:00+00:00,2026-09-20 09:04:00,67.9,1012.6,78
20.1,29.5,82.1,1829.0,531.0,82.6,10.3,6.6,1.6,455.0,501.7,13.4,13.8,66.7,29.7,23.11,False,4095,0.0,10.0,446.5,EXT-OPEN-METEO-KHI,KARACHI,OPENSOURCE_API_GRID,246,,,,0.95,True,True,TIER2_OPENSOURCE_PURE;CONTINUOUS_MINUTE_STREAM;VERIFIED_MODEL_GRID,ae7d3e6aeddecd84835538df18a68fff7a763fe784bab78a75b0f993ae5e71a3,2026-09-20T04:05:00+00:00,2026-09-20 09:05:00,67.8,1012.6,78
20.1,29.5,82.2,1829.0,531.0,82.6,10.3,6.6,1.6,455.0,501.6,13.4,13.8,67.0,29.7,23.11,False,4095,0.0,10.0,447.9,EXT-OPEN-METEO-KHI,KARACHI,OPENSOURCE_API_GRID,247,,,,0.95,True,True,TIER2_OPENSOURCE_PURE;CONTINUOUS_MINUTE_STREAM;VERIFIED_MODEL_GRID,46255c3be0fa5bb602b17fd7799c3e616d75167cdbb9b47b30f547b4aaae05a5,2026-09-20T04:06:00+00:00,2026-09-20 09:06:00,67.8,1012.6,78
20.1,29.6,82.4,1835.2,532.8,82.9,10.4,6.6,1.6,455.0,501.4,13.4,13.8,67.3,29.8,23.19,False,4095,0.0,10.0,449.6,EXT-OPEN-METEO-KHI,KARACHI,OPENSOURCE_API_GRID,248,,,,0.95,True,True,TIER2_OPENSOURCE_PURE;CONTINUOUS_MINUTE_STREAM;VERIFIED_MODEL_GRID,d6c276505fb7710a1f4d09298b6258f984038b4534d1666d0d77ba0b0dbe5e0f,2026-09-20T04:07:00+00:00,2026-09-20 09:07:00,67.7,1012.6,78
20.1,29.6,82.3,1835.2,532.8,82.9,10.4,6.6,1.6,455.0,501.3,13.3,13.9,67.7,29.8,23.19,False,4095,0.0,10.0,451.6,EXT-OPEN-METEO-KHI,KARACHI,OPENSOURCE_API_GRID,249,,,,0.95,True,True,TIER2_OPENSOURCE_PURE;CONTINUOUS_MINUTE_STREAM;VERIFIED_MODEL_GRID,38ba2ee8e3420f952428957d58f1f8a24fd2c68570fd6abcbb3fe5f810bc171f,2026-09-20T04:08:00+00:00,2026-09-20 09:08:00,67.7,1012.6,78
20.2,29.7,82.5,1841.4,534.6,83.2,10.4,6.6,1.7,454.9,501.1,13.3,13.9,68.1,29.8,23.16,False,4095,0.0,10.0,453.7,EXT-OPEN-METEO-KHI,KARACHI,OPENSOURCE_API_GRID,250,,,,0.95,True,True,TIER2_OPENSOURCE_PURE;CONTINUOUS_MINUTE_STREAM;VERIFIED_MODEL_GRID,b07f465795caed7cacb31c1d7e400be4e7619063f1cce6d8304e57ffcfcf0f72,2026-09-20T04:09:00+00:00,2026-09-20 09:09:00,67.6,1012.6,78
20.3,29.8,82.7,1847.6,536.4,83.4,10.4,6.6,1.7,454.9,500.9,13.2,14.0,68.6,29.9,23.23,False,4095,0.0,10.0,456.2,EXT-OPEN-METEO-KHI,KARACHI,OPENSOURCE_API_GRID,251,,,,0.95,True,True,TIER2_OPENSOURCE_PURE;CONTINUOUS_MINUTE_STREAM;VERIFIED_MODEL_GRID,67936412d83098e50e2c38d6291fd585ab880ec886a589940489d9b880262587,2026-09-20T04:10:00+00:00,2026-09-20 09:10:00,67.5,1012.6,78
20.3,29.9,82.8,1853.8,538.2,83.7,10.5,6.6,1.7,454.9,500.6,13.1,14.0,69.1,29.9,23.18,False,4095,0.0,10.0,458.8,EXT-OPEN-METEO-KHI,KARACHI,OPENSOURCE_API_GRID,252,,,,0.95,True,True,TIER2_OPENSOURCE_PURE;CONTINUOUS_MINUTE_STREAM;VERIFIED_MODEL_GRID,6d0794686670332e28bc2c41c76ff72d7947516f21335a1753a8e6ba1c5cb637,2026-09-20T04:11:00+00:00,2026-09-20 09:11:00,67.3,1012.6,78
20.4,30.0,83.0,1860.0,540.0,84.0,10.5,6.6,1.7,454.9,500.4,13.1,14.1,69.7,29.9,23.16,False,4095,0.0,10.0,461.7,EXT-OPEN-METEO-KHI,KARACHI,OPENSOURCE_API_GRID,253,,,,0.95,True,True,TIER2_OPENSOURCE_PURE;CONTINUOUS_MINUTE_STREAM;VERIFIED_MODEL_GRID,81469457da059ac59f498011a6b95f6bea5890931524b71c92f7b2721b8b8671,2026-09-20T04:12:00+00:00,2026-09-20 09:12:00,67.2,1012.6,78
20.5,30.1,83.1,1866.2,541.8,84.3,10.5,6.6,1.7,454.9,500.1,13.0,14.1,70.3,30.0,23.2,False,4095,0.0,10.0,464.7,EXT-OPEN-METEO-KHI,KARACHI,OPENSOURCE_API_GRID,254,,,,0.95,True,True,TIER2_OPENSOURCE_PURE;CONTINUOUS_MINUTE_STREAM;VERIFIED_MODEL_GRID,9c0d763c6340e179181e92415dea1494ef37057eaaeea0244697e65168a33341,2026-09-20T04:13:00+00:00,2026-09-20 09:13:00,67.0,1012.6,78
20.5,30.2,83.3,1872.4,543.6,84.6,10.6,6.7,1.7,454.9,499.8,12.9,14.2,71.0,30.0,23.15,False,4095,0.0,10.0,468.0,EXT-OPEN-METEO-KHI,KARACHI,OPENSOURCE_API_GRID,255,,,,0.95,True,True,TIER2_OPENSOURCE_PURE;CONTINUOUS_MINUTE_STREAM;VERIFIED_MODEL_GRID,0c6cdee5dc2d61c336a58f07d7e60497b58ef2b840f95fc43d7c10c1a606c52c,2026-09-20T04:14:00+00:00,2026-09-20 09:14:00,66.8,1012.6,78
20.5,30.2,83.5,1872.4,543.6,84.6,10.6,6.7,1.7,454.9,499.5,12.9,14.3,71.7,30.0,23.1,False,4095,0.0,10.0,471.5,EXT-OPEN-METEO-KHI,KARACHI,OPENSOURCE_API_GRID,256,,,,0.95,True,True,TIER2_OPENSOURCE_PURE;CONTINUOUS_MINUTE_STREAM;VERIFIED_MODEL_GRID,1828703c0e8badb21c727b2ff3075f33c4c08cd7b6ed8df731c03f02be309b94,2026-09-20T04:15:00+00:00,2026-09-20 09:15:00,66.6,1012.6,78
20.6,30.3,83.6,1878.6,545.4,84.8,10.6,6.7,1.7,454.8,499.2,12.8,14.3,72.5,30.1,23.15,False,4095,0.0,10.0,475.2,EXT-OPEN-METEO-KHI,KARACHI,OPENSOURCE_API_GRID,257,,,,0.95,True,True,TIER2_OPENSOURCE_PURE;CONTINUOUS_MINUTE_STREAM;VERIFIED_MODEL_GRID,79c8e6696e647413ee66a1294bd15f198fba91df293b42feedf75b2c3239fe7d,2026-09-20T04:16:00+00:00,2026-09-20 09:16:00,66.4,1012.6,78
20.7,30.4,83.7,1884.8,547.2,85.1,10.6,6.7,1.7,454.8,498.8,12.7,14.4,73.2,30.1,23.1,False,4095,0.0,10.0,479.0,EXT-OPEN-METEO-KHI,KARACHI,OPENSOURCE_API_GRID,258,,,,0.95,True,True,TIER2_OPENSOURCE_PURE;CONTINUOUS_MINUTE_STREAM;VERIFIED_MODEL_GRID,894f466613c7583635f30b1c7b447aaccd6d92f9a55e8718e20de74092b5595e,2026-09-20T04:17:00+00:00,2026-09-20 09:17:00,66.2,1012.6,78
20.7,30.5,83.9,1891.0,549.0,85.4,10.7,6.7,1.7,454.8,498.5,12.6,14.5,74.0,30.2,23.12,False,4095,0.0,10.0,483.1,EXT-OPEN-METEO-KHI,KARACHI,OPENSOURCE_API_GRID,259,,,,0.95,True,True,TIER2_OPENSOURCE_PURE;CONTINUOUS_MINUTE_STREAM;VERIFIED_MODEL_GRID,9c5dd0e7c073370f7393ae71d42841e27ff94e29618337ec72e595fb4c9a4e92,2026-09-20T04:18:00+00:00,2026-09-20 09:18:00,65.9,1012.6,78
20.7,30.5,84.0,1891.0,549.0,85.4,10.7,6.7,1.7,454.8,498.1,12.5,14.6,74.9,30.2,23.07,False,4095,0.0,10.0,487.2,EXT-OPEN-METEO-KHI,KARACHI,OPENSOURCE_API_GRID,260,,,,0.95,True,True,TIER2_OPENSOURCE_PURE;CONTINUOUS_MINUTE_STREAM;VERIFIED_MODEL_GRID,af59609c121675c2bb42e21f2054c0d8eed8dbb352ab4b632a11f6d2c4e40ec2,2026-09-20T04:19:00+00:00,2026-09-20 09:19:00,65.7,1012.6,78
20.8,30.6,84.1,1897.2,550.8,85.7,10.7,6.7,1.7,454.8,497.8,12.4,14.6,75.8,30.2,22.99,False,4095,0.0,10.0,491.5,EXT-OPEN-METEO-KHI,KARACHI,OPENSOURCE_API_GRID,261,,,,0.95,True,True,TIER2_OPENSOURCE_PURE;CONTINUOUS_MINUTE_STREAM;VERIFIED_MODEL_GRID,b52fbc915d933cb0752482f4e2447fc03e4b7c20b443077e4225e9685b56b728,2026-09-20T04:20:00+00:00,2026-09-20 09:20:00,65.4,1012.6,78
20.9,30.7,84.2,1903.4,552.6,86.0,10.7,6.7,1.7,454.7,497.4,12.3,14.7,76.6,30.3,23.04,False,4095,0.0,10.0,496.0,EXT-OPEN-METEO-KHI,KARACHI,OPENSOURCE_API_GRID,262,,,,0.95,True,True,TIER2_OPENSOURCE_PURE;CONTINUOUS_MINUTE_STREAM;VERIFIED_MODEL_GRID,888793e19b694e7dcd96d2d8036128f7d12ab690e5e6b32c18a0017ea7fcb4d8,2026-09-20T04:21:00+00:00,2026-09-20 09:21:00,65.2,1012.6,78
20.9,30.7,84.4,1903.4,552.6,86.0,10.7,6.8,1.7,454.7,497.0,12.2,14.8,77.6,30.3,22.96,False,4095,0.0,10.0,500.6,EXT-OPEN-METEO-KHI,KARACHI,OPENSOURCE_API_GRID,263,,,,0.95,True,True,TIER2_OPENSOURCE_PURE;CONTINUOUS_MINUTE_STREAM;VERIFIED_MODEL_GRID,e951bc279baf977011f5ec5220899ca64481fc0c535549ad5da295a569e3047f,2026-09-20T04:22:00+00:00,2026-09-20 09:22:00,64.9,1012.6,78
20.9,30.8,84.5,1909.6,554.4,86.2,10.8,6.8,1.7,454.7,496.5,12.1,14.9,78.5,30.3,22.91,False,4095,0.0,10.0,505.2,EXT-OPEN-METEO-KHI,KARACHI,OPENSOURCE_API_GRID,264,,,,0.95,True,True,TIER2_OPENSOURCE_PURE;CONTINUOUS_MINUTE_STREAM;VERIFIED_MODEL_GRID,df902bb2febe134f8987919d0e01358b9a42aacbee7b638598248f61249f2d04,2026-09-20T04:23:00+00:00,2026-09-20 09:23:00,64.7,1012.6,78
20.9,30.8,84.6,1909.6,554.4,86.2,10.8,6.8,1.7,454.7,496.1,12.0,15.0,79.5,30.4,22.93,False,4095,0.0,10.0,510.0,EXT-OPEN-METEO-KHI,KARACHI,OPENSOURCE_API_GRID,265,,,,0.95,True,True,TIER2_OPENSOURCE_PURE;CONTINUOUS_MINUTE_STREAM;VERIFIED_MODEL_GRID,0c5111bc4aebdb609721a12398e81bd586ef6b73020ab9da21f003d7ef0d61bf,2026-09-20T04:24:00+00:00,2026-09-20 09:24:00,64.4,1012.6,78
21.0,30.9,84.7,1915.8,556.2,86.5,10.8,6.8,1.7,454.6,495.7,11.9,15.1,80.5,30.4,22.88,False,4095,0.0,10.0,514.9,EXT-OPEN-METEO-KHI,KARACHI,OPENSOURCE_API_GRID,266,,,,0.95,True,True,TIER2_OPENSOURCE_PURE;CONTINUOUS_MINUTE_STREAM;VERIFIED_MODEL_GRID,8c5fe0186ad425ada44fd981951fe6bc57a0445d3149ed5170f856eaa5f2ef33,2026-09-20T04:25:00+00:00,2026-09-20 09:25:00,64.2,1012.6,78
21.1,31.0,84.9,1922.0,558.0,86.8,10.8,6.8,1.7,454.6,495.3,11.8,15.2,81.4,30.5,22.89,False,4095,0.0,10.0,519.8,EXT-OPEN-METEO-KHI,KARACHI,OPENSOURCE_API_GRID,267,,,,0.95,True,True,TIER2_OPENSOURCE_PURE;CONTINUOUS_MINUTE_STREAM;VERIFIED_MODEL_GRID,8dce8678f3b1e925a6cab30956f5810698c4f46cf3b68fec4a7552d067b019a6,2026-09-20T04:26:00+00:00,2026-09-20 09:26:00,63.9,1012.6,78
21.1,31.1,85.1,1928.2,559.8,87.1,10.9,6.8,1.7,454.6,494.8,11.6,15.3,82.4,30.5,22.82,False,4095,0.0,10.0,524.8,EXT-OPEN-METEO-KHI,KARACHI,OPENSOURCE_API_GRID,268,,,,0.95,True,True,TIER2_OPENSOURCE_PURE;CONTINUOUS_MINUTE_STREAM;VERIFIED_MODEL_GRID,7e52c8dc29327692fffc473319cb6c33ba08c1edd24e445ca231f8e40f92b075,2026-09-20T04:27:00+00:00,2026-09-20 09:27:00,63.6,1012.6,78
21.2,31.2,85.2,1934.4,561.6,87.4,10.9,6.8,1.7,454.6,494.4,11.5,15.4,83.5,30.6,22.86,False,4095,0.0,10.0,529.8,EXT-OPEN-METEO-KHI,KARACHI,OPENSOURCE_API_GRID,269,,,,0.95,True,True,TIER2_OPENSOURCE_PURE;CONTINUOUS_MINUTE_STREAM;VERIFIED_MODEL_GRID,6d66f5257ed15a27f383e2b2c9f9a880219b9105ed64d9c7b1b53c045b45bb8f,2026-09-20T04:28:00+00:00,2026-09-20 09:28:00,63.4,1012.6,78
21.3,31.3,85.4,1940.6,563.4,87.6,11.0,6.8,1.7,454.5,493.9,11.4,15.5,84.5,30.6,22.78,False,4095,0.0,10.0,534.8,EXT-OPEN-METEO-KHI,KARACHI,OPENSOURCE_API_GRID,270,,,,0.95,True,True,TIER2_OPENSOURCE_PURE;CONTINUOUS_MINUTE_STREAM;VERIFIED_MODEL_GRID,dee40702c431ae2be85dc955d08eb06d3d608598319ba8bb72b8cd46dadafa26,2026-09-20T04:29:00+00:00,2026-09-20 09:29:00,63.1,1012.6,78
21.4,31.4,85.7,1946.8,565.2,87.9,11.0,6.9,1.7,454.5,493.5,11.3,15.6,85.5,30.7,22.82,False,4095,0.0,10.0,539.9,EXT-OPEN-METEO-KHI,KARACHI,OPENSOURCE_API_GRID,271,,,,0.95,True,True,TIER2_OPENSOURCE_PURE;CONTINUOUS_MINUTE_STREAM;VERIFIED_MODEL_GRID,fa183dd5e44aaec11b5d8a374e378cae2bb23e0bd5c8adb3033486a82572753b,2026-09-20T04:30:00+00:00,2026-09-20 09:30:00,62.9,1012.6,78
21.4,31.5,85.9,1953.0,567.0,88.2,11.0,6.9,1.7,454.5,493.1,11.2,15.7,86.5,30.7,22.74,False,4095,0.0,10.0,545.0,EXT-OPEN-METEO-KHI,KARACHI,OPENSOURCE_API_GRID,272,,,,0.95,True,True,TIER2_OPENSOURCE_PURE;CONTINUOUS_MINUTE_STREAM;VERIFIED_MODEL_GRID,16baf1b754ac4319753e8182373748c3489b4c249f6ddcb0e87612f7bbabb495,2026-09-20T04:31:00+00:00,2026-09-20 09:31:00,62.6,1012.6,78
21.6,31.7,86.1,1965.4,570.6,88.8,11.1,6.9,1.7,454.4,492.6,11.1,15.8,87.5,30.8,22.79,False,4095,0.0,10.0,550.0,EXT-OPEN-METEO-KHI,KARACHI,OPENSOURCE_API_GRID,273,,,,0.95,True,True,TIER2_OPENSOURCE_PURE;CONTINUOUS_MINUTE_STREAM;VERIFIED_MODEL_GRID,f75308b333a844cdbfb6ed126c76eb3e7e9ab3acf4e911188fafa3ab9dfb4f57,2026-09-20T04:32:00+00:00,2026-09-20 09:32:00,62.4,1012.6,78
21.6,31.8,86.4,1971.6,572.4,89.0,11.1,6.9,1.7,454.4,492.2,11.0,15.9,88.6,30.8,22.71,False,4095,0.0,10.0,555.0,EXT-OPEN-METEO-KHI,KARACHI,OPENSOURCE_API_GRID,274,,,,0.95,True,True,TIER2_OPENSOURCE_PURE;CONTINUOUS_MINUTE_STREAM;VERIFIED_MODEL_GRID,79a692818cd5a85473f7dc062837915982366a4eef62e7e4aa5d9058711d1fcb,2026-09-20T04:33:00+00:00,2026-09-20 09:33:00,62.1,1012.6,78
21.8,32.0,86.6,1984.0,576.0,89.6,11.2,6.9,1.7,454.4,491.7,10.8,16.0,89.6,30.9,22.75,False,4095,0.0,10.0,560.0,EXT-OPEN-METEO-KHI,KARACHI,OPENSOURCE_API_GRID,275,,,,0.95,True,True,TIER2_OPENSOURCE_PURE;CONTINUOUS_MINUTE_STREAM;VERIFIED_MODEL_GRID,90495866cc7fc5fc636bb00969fad1d88a11f5034ec4726ff9d2e3e80e2ebe29,2026-09-20T04:34:00+00:00,2026-09-20 09:34:00,61.9,1012.6,78
21.8,32.1,86.9,1990.2,577.8,89.9,11.2,7.0,1.7,454.4,491.3,10.7,16.1,90.5,30.9,22.69,False,4095,0.0,10.0,564.9,EXT-OPEN-METEO-KHI,KARACHI,OPENSOURCE_API_GRID,276,,,,0.95,True,True,TIER2_OPENSOURCE_PURE;CONTINUOUS_MINUTE_STREAM;VERIFIED_MODEL_GRID,308d3e776f6c677f28054a2074ffb6e23c686aea05b6a1ed6d3a85ff978b3f56,2026-09-20T04:35:00+00:00,2026-09-20 09:35:00,61.7,1012.6,78
22.0,32.3,87.2,2002.6,581.4,90.4,11.3,7.0,1.7,454.3,490.9,10.6,16.2,91.5,31.0,22.71,False,4095,0.0,10.0,569.8,EXT-OPEN-METEO-KHI,KARACHI,OPENSOURCE_API_GRID,277,,,,0.95,True,True,TIER2_OPENSOURCE_PURE;CONTINUOUS_MINUTE_STREAM;VERIFIED_MODEL_GRID,1ab3b093b736b6363d63f5fcac0d9727ab016dbafe6c313221394c2374b3d216,2026-09-20T04:36:00+00:00,2026-09-20 09:36:00,61.4,1012.6,78
22.0,32.4,87.4,2008.8,583.2,90.7,11.3,7.0,1.7,454.3,490.5,10.5,16.3,92.5,31.0,22.65,False,4095,0.0,10.0,574.6,EXT-OPEN-METEO-KHI,KARACHI,OPENSOURCE_API_GRID,278,,,,0.95,True,True,TIER2_OPENSOURCE_PURE;CONTINUOUS_MINUTE_STREAM;VERIFIED_MODEL_GRID,17da49ce8a0ac00011a80550bc97f1ca3862fdc886b994ac48851fd31833d857,2026-09-20T04:37:00+00:00,2026-09-20 09:37:00,61.2,1012.6,78
22.2,32.6,87.7,2021.2,586.8,91.3,11.4,7.0,1.8,454.3,490.0,10.4,16.4,93.4,31.1,22.69,False,4095,0.0,10.0,579.2,EXT-OPEN-METEO-KHI,KARACHI,OPENSOURCE_API_GRID,279,,,,0.95,True,True,TIER2_OPENSOURCE_PURE;CONTINUOUS_MINUTE_STREAM;VERIFIED_MODEL_GRID,df145f93ddf081634f33f4e9ef8918f82c8bdec13e941078ba4b318b79bde924,2026-09-20T04:38:00+00:00,2026-09-20 09:38:00,61.0,1012.6,78
22.2,32.6,87.7,2021.2,586.8,91.3,11.4,7.0,1.8,454.3,489.6,10.3,16.5,94.4,31.2,22.76,False,4095,0.0,10.0,583.8,EXT-OPEN-METEO-KHI,KARACHI,OPENSOURCE_API_GRID,280,,,,0.95,True,True,TIER2_OPENSOURCE_PURE;CONTINUOUS_MINUTE_STREAM;VERIFIED_MODEL_GRID,e799d77f53f6a1d49ddbb046a7a055c7c929cc7805e38c9e7686d50ae32baef0,2026-09-20T04:39:00+00:00,2026-09-20 09:39:00,60.9,1012.6,78
22.2,32.7,88.0,2027.4,588.6,91.6,11.4,7.0,1.8,454.2,489.2,10.2,16.6,95.2,31.2,22.68,False,4095,0.0,10.0,588.2,EXT-OPEN-METEO-KHI,KARACHI,OPENSOURCE_API_GRID,281,,,,0.95,True,True,TIER2_OPENSOURCE_PURE;CONTINUOUS_MINUTE_STREAM;VERIFIED_MODEL_GRID,e75c8fda937db3e62cf984bcb7939a9182f5edb0f443ac3b1935e8a80215cc94,2026-09-20T04:40:00+00:00,2026-09-20 09:40:00,60.6,1012.6,78
22.4,32.9,88.2,2039.8,592.2,92.1,11.5,7.1,1.8,454.2,488.9,10.1,16.6,96.1,31.3,22.72,False,4095,0.0,10.0,592.6,EXT-OPEN-METEO-KHI,KARACHI,OPENSOURCE_API_GRID,282,,,,0.95,True,True,TIER2_OPENSOURCE_PURE;CONTINUOUS_MINUTE_STREAM;VERIFIED_MODEL_GRID,2248bcbd953ccab9dd2fe5c5e7a374f1cf58be040003a0a97fb752f8901e26d0,2026-09-20T04:41:00+00:00,2026-09-20 09:41:00,60.4,1012.6,78
22.4,33.0,88.5,2046.0,594.0,92.4,11.5,7.1,1.8,454.2,488.5,10.0,16.7,97.0,31.3,22.66,False,4095,0.0,10.0,596.7,EXT-OPEN-METEO-KHI,KARACHI,OPENSOURCE_API_GRID,283,,,,0.95,True,True,TIER2_OPENSOURCE_PURE;CONTINUOUS_MINUTE_STREAM;VERIFIED_MODEL_GRID,d0471aae8f1c8f7dfe3feaa858159132f254921ca4c805218ae758f9e7408407,2026-09-20T04:42:00+00:00,2026-09-20 09:42:00,60.2,1012.6,78
22.5,33.1,88.7,2052.2,595.8,92.7,11.6,7.1,1.8,454.2,488.2,9.9,16.8,97.8,31.4,22.7,False,4095,0.0,10.0,600.8,EXT-OPEN-METEO-KHI,KARACHI,OPENSOURCE_API_GRID,284,,,,0.95,True,True,TIER2_OPENSOURCE_PURE;CONTINUOUS_MINUTE_STREAM;VERIFIED_MODEL_GRID,7be2ca746d775aada103cdf172a9f9b6951d3dc0d835c42f1a9e75b78fcc92e5,2026-09-20T04:43:00+00:00,2026-09-20 09:43:00,60.0,1012.6,78
22.6,33.3,88.9,2064.6,599.4,93.2,11.7,7.1,1.8,454.2,487.8,9.8,16.9,98.5,31.4,22.65,False,4095,0.0,10.0,604.6,EXT-OPEN-METEO-KHI,KARACHI,OPENSOURCE_API_GRID,285,,,,0.95,True,True,TIER2_OPENSOURCE_PURE;CONTINUOUS_MINUTE_STREAM;VERIFIED_MODEL_GRID,5925e60940522db35bc316bb91c5ac386603a3698d5fbd50e2c6dd35f4567a49,2026-09-20T04:44:00+00:00,2026-09-20 09:44:00,59.8,1012.6,78
22.7,33.4,89.0,2070.8,601.2,93.5,11.7,7.1,1.8,454.1,487.5,9.7,16.9,99.3,31.5,22.66,False,4095,0.0,10.0,608.3,EXT-OPEN-METEO-KHI,KARACHI,OPENSOURCE_API_GRID,286,,,,0.95,True,True,TIER2_OPENSOURCE_PURE;CONTINUOUS_MINUTE_STREAM;VERIFIED_MODEL_GRID,309cfb9ec0ecf19af6f0d95fb747b13459fe688512cdb5cca1a2e3ce57292386,2026-09-20T04:45:00+00:00,2026-09-20 09:45:00,59.5,1012.6,78
22.7,33.4,89.2,2070.8,601.2,93.5,11.7,7.1,1.8,454.1,487.2,9.7,17.0,100.0,31.5,22.6,False,4095,0.0,10.0,611.8,EXT-OPEN-METEO-KHI,KARACHI,OPENSOURCE_API_GRID,287,,,,0.95,True,True,TIER2_OPENSOURCE_PURE;CONTINUOUS_MINUTE_STREAM;VERIFIED_MODEL_GRID,77f4e43af31550d9a85fa5b01fa0b4343c9d4a7f4b29aeb36679a0875be22ebd,2026-09-20T04:46:00+00:00,2026-09-20 09:46:00,59.3,1012.6,78
22.8,33.5,89.3,2077.0,603.0,93.8,11.7,7.1,1.8,454.1,486.9,9.6,17.1,100.7,31.5,22.55,False,4095,0.0,10.0,615.1,EXT-OPEN-METEO-KHI,KARACHI,OPENSOURCE_API_GRID,288,,,,0.95,True,True,TIER2_OPENSOURCE_PURE;CONTINUOUS_MINUTE_STREAM;VERIFIED_MODEL_GRID,c80ec18b25980a31acae77fda28e0974ef3f44795973d9cdd9bdfc85576576eb,2026-09-20T04:47:00+00:00,2026-09-20 09:47:00,59.1,1012.6,78
22.8,33.6,89.4,2083.2,604.8,94.1,11.8,7.2,1.8,454.1,486.6,9.5,17.1,101.3,31.6,22.61,False,4095,0.0,10.0,618.1,EXT-OPEN-METEO-KHI,KARACHI,OPENSOURCE_API_GRID,289,,,,0.95,True,True,TIER2_OPENSOURCE_PURE;CONTINUOUS_MINUTE_STREAM;VERIFIED_MODEL_GRID,734fae99cef25c312567b93b211ee08a588cf9df0e06c2abc28d118f63aceaf2,2026-09-20T04:48:00+00:00,2026-09-20 09:48:00,59.0,1012.6,78
22.8,33.6,89.5,2083.2,604.8,94.1,11.8,7.2,1.8,454.1,486.4,9.5,17.2,101.9,31.6,22.56,False,4095,0.0,10.0,621.0,EXT-OPEN-METEO-KHI,KARACHI,OPENSOURCE_API_GRID,290,,,,0.95,True,True,TIER2_OPENSOURCE_PURE;CONTINUOUS_MINUTE_STREAM;VERIFIED_MODEL_GRID,35c94d993d454d00efeb9c11c1278c1b2d135150df1ef8d9b6f59a0dce23f09a,2026-09-20T04:49:00+00:00,2026-09-20 09:49:00,58.8,1012.6,78
22.8,33.6,89.6,2083.2,604.8,94.1,11.8,7.2,1.8,454.1,486.1,9.4,17.2,102.4,31.6,22.5,False,4095,0.0,10.0,623.6,EXT-OPEN-METEO-KHI,KARACHI,OPENSOURCE_API_GRID,291,,,,0.95,True,True,TIER2_OPENSOURCE_PURE;CONTINUOUS_MINUTE_STREAM;VERIFIED_MODEL_GRID,56288b8d8b46268624dd8dc0e9f50e6f6882f8d6b8158b0472ff8fd6e72043d6,2026-09-20T04:50:00+00:00,2026-09-20 09:50:00,58.6,1012.6,78
22.9,33.7,89.6,2089.4,606.6,94.4,11.8,7.2,1.8,454.1,485.9,9.3,17.3,102.9,31.6,22.47,False,4095,0.0,10.0,626.1,EXT-OPEN-METEO-KHI,KARACHI,OPENSOURCE_API_GRID,292,,,,0.95,True,True,TIER2_OPENSOURCE_PURE;CONTINUOUS_MINUTE_STREAM;VERIFIED_MODEL_GRID,bbd0feab6e2d09ac106694f4d40ab1de1ed6defb76b3bc11614cf1d987cb2c9f,2026-09-20T04:51:00+00:00,2026-09-20 09:51:00,58.5,1012.6,78
22.9,33.7,89.6,2089.4,606.6,94.4,11.8,7.2,1.8,454.0,485.7,9.3,17.3,103.3,31.6,22.42,False,4095,0.0,10.0,628.2,EXT-OPEN-METEO-KHI,KARACHI,OPENSOURCE_API_GRID,293,,,,0.95,True,True,TIER2_OPENSOURCE_PURE;CONTINUOUS_MINUTE_STREAM;VERIFIED_MODEL_GRID,2155e6f3143eabb1699d3114f7f1efe585e6ea7a24b80641e8407798e70a121d,2026-09-20T04:52:00+00:00,2026-09-20 09:52:00,58.3,1012.6,78
22.9,33.7,89.6,2089.4,606.6,94.4,11.8,7.2,1.8,454.0,485.6,9.2,17.4,103.7,31.7,22.48,False,4095,0.0,10.0,630.2,EXT-OPEN-METEO-KHI,KARACHI,OPENSOURCE_API_GRID,294,,,,0.95,True,True,TIER2_OPENSOURCE_PURE;CONTINUOUS_MINUTE_STREAM;VERIFIED_MODEL_GRID,d88c52b9564180712e2ce55ce33d6afebdf73395620d311adbf28cf57e4fbb0d,2026-09-20T04:53:00+00:00,2026-09-20 09:53:00,58.2,1012.6,78
22.9,33.7,89.6,2089.4,606.6,94.4,11.8,7.2,1.8,454.0,485.4,9.2,17.4,104.0,31.7,22.45,False,4095,0.0,10.0,631.9,EXT-OPEN-METEO-KHI,KARACHI,OPENSOURCE_API_GRID,295,,,,0.95,True,True,TIER2_OPENSOURCE_PURE;CONTINUOUS_MINUTE_STREAM;VERIFIED_MODEL_GRID,dc673db504acdd134f63d01a0357bbdef7c444f4963d8219811e1508e5e69699,2026-09-20T04:54:00+00:00,2026-09-20 09:54:00,58.1,1012.6,78
22.8,33.6,89.6,2083.2,604.8,94.1,11.8,7.2,1.8,454.0,485.3,9.2,17.4,104.3,31.7,22.43,False,4095,0.0,10.0,633.3,EXT-OPEN-METEO-KHI,KARACHI,OPENSOURCE_API_GRID,296,,,,0.95,True,True,TIER2_OPENSOURCE_PURE;CONTINUOUS_MINUTE_STREAM;VERIFIED_MODEL_GRID,5d21c05202836df3c799f5e0dc0e5345c079fd06da4ce655cb131077f03d741d,2026-09-20T04:55:00+00:00,2026-09-20 09:55:00,58.0,1012.6,78
22.8,33.6,89.6,2083.2,604.8,94.1,11.8,7.2,1.8,454.0,485.2,9.1,17.5,104.6,31.7,22.43,False,4095,0.0,10.0,634.5,EXT-OPEN-METEO-KHI,KARACHI,OPENSOURCE_API_GRID,297,,,,0.95,True,True,TIER2_OPENSOURCE_PURE;CONTINUOUS_MINUTE_STREAM;VERIFIED_MODEL_GRID,6828ccb96a80ac1b121a437e54c2a4b5d6c9fe5ffe8bf833b2ed91dc84268fb0,2026-09-20T04:56:00+00:00,2026-09-20 09:56:00,58.0,1012.6,78
22.8,33.6,89.6,2083.2,604.8,94.1,11.8,7.2,1.8,454.0,485.1,9.1,17.5,104.8,31.7,22.4,False,4095,0.0,10.0,635.4,EXT-OPEN-METEO-KHI,KARACHI,OPENSOURCE_API_GRID,298,,,,0.95,True,True,TIER2_OPENSOURCE_PURE;CONTINUOUS_MINUTE_STREAM;VERIFIED_MODEL_GRID,c3ee7f05c7ba09fdd2fe898c994a33e88cb4e6f766f67705d70a4a5bf83cc724,2026-09-20T04:57:00+00:00,2026-09-20 09:57:00,57.9,1012.6,78
22.8,33.6,89.6,2083.2,604.8,94.1,11.8,7.2,1.8,454.0,485.0,9.1,17.5,104.9,31.7,22.4,False,4095,0.0,10.0,636.1,EXT-OPEN-METEO-KHI,KARACHI,OPENSOURCE_API_GRID,299,,,,0.95,True,True,TIER2_OPENSOURCE_PURE;CONTINUOUS_MINUTE_STREAM;VERIFIED_MODEL_GRID,43b1a143b8a1273f68087db04c77ed48bbf2cac45d52913a7c00907829dafcca,2026-09-20T04:58:00+00:00,2026-09-20 09:58:00,57.9,1012.6,78
22.8,33.6,89.6,2083.2,604.8,94.1,11.8,7.2,1.8,454.0,485.0,9.1,17.5,105.0,31.7,22.4,False,4095,0.0,10.0,636.5,EXT-OPEN-METEO-KHI,KARACHI,OPENSOURCE_API_GRID,300,,,,0.95,True,True,TIER2_OPENSOURCE_PURE;CONTINUOUS_MINUTE_STREAM;VERIFIED_MODEL_GRID,4b322e53e0bcaf7631afa909f764c01a37ba1e9d807daa3c57db48e5bdac38cf,2026-09-20T04:59:00+00:00,2026-09-20 09:59:00,57.9,1012.6,78
22.8,33.6,89.6,2083.2,604.8,94.1,11.8,7.2,1.8,454.0,485.0,9.1,17.5,105.0,31.7,22.4,False,4095,0.0,10.0,636.6,EXT-OPEN-METEO-KHI,KARACHI,OPENSOURCE_API_GRID,301,,,,0.95,True,False,TIER2_OPENSOURCE_PURE;HOURLY_NODE;VERIFIED_MODEL_GRID,df099d94278f25eba33f15684fb4264cf517815fe0b5e9c202be116f1cb82419,2026-09-20T05:00:00+00:00,2026-09-20 10:00:00,57.9,1012.6,78
22.8,33.6,89.6,2083.2,604.8,94.1,11.8,7.2,1.8,454.0,485.0,9.1,17.5,105.0,31.7,22.4,False,4095,0.0,10.0,636.7,EXT-OPEN-METEO-KHI,KARACHI,OPENSOURCE_API_GRID,302,,,,0.95,True,True,TIER2_OPENSOURCE_PURE;CONTINUOUS_MINUTE_STREAM;VERIFIED_MODEL_GRID,02673a40b1e610bb34dcae34c6b294b549f5b2de72273f30c03731273ad9604e,2026-09-20T05:01:00+00:00,2026-09-20 10:01:00,57.9,1012.6,78
22.8,33.6,89.6,2083.2,604.8,94.1,11.8,7.2,1.8,454.0,484.9,9.1,17.5,105.1,31.7,22.4,False,4095,0.0,10.0,637.0,EXT-OPEN-METEO-KHI,KARACHI,OPENSOURCE_API_GRID,303,,,,0.95,True,True,TIER2_OPENSOURCE_PURE;CONTINUOUS_MINUTE_STREAM;VERIFIED_MODEL_GRID,dac2818a3eed5c36aa91c244b27f4a6288dc17c9c0ea190d2c5743290df442e8,2026-09-20T05:02:00+00:00,2026-09-20 10:02:00,57.9,1012.6,78
22.8,33.6,89.6,2083.2,604.8,94.1,11.8,7.2,1.8,454.0,484.8,9.1,17.5,105.2,31.7,22.4,False,4095,0.0,10.0,637.5,EXT-OPEN-METEO-KHI,KARACHI,OPENSOURCE_API_GRID,304,,,,0.95,True,True,TIER2_OPENSOURCE_PURE;CONTINUOUS_MINUTE_STREAM;VERIFIED_MODEL_GRID,72eb4b328ef2bbd0e3354187105f4f178b92dec60f12c9468a945f2ebed9fa15,2026-09-20T05:03:00+00:00,2026-09-20 10:03:00,57.9,1012.6,78
22.9,33.7,89.6,2089.4,606.6,94.4,11.8,7.2,1.8,454.0,484.6,9.1,17.5,105.3,31.7,22.4,False,4095,0.0,10.0,638.1,EXT-OPEN-METEO-KHI,KARACHI,OPENSOURCE_API_GRID,305,,,,0.95,True,True,TIER2_OPENSOURCE_PURE;CONTINUOUS_MINUTE_STREAM;VERIFIED_MODEL_GRID,7ad573f7c5ada6e866697eb48f78a198f817e622f88aed1aa7e5e10feef9e246,2026-09-20T05:04:00+00:00,2026-09-20 10:04:00,57.9,1012.6,78
22.9,33.7,89.7,2089.4,606.6,94.4,11.8,7.2,1.8,454.0,484.4,9.0,17.5,105.5,31.7,22.4,False,4095,0.0,10.0,639.0,EXT-OPEN-METEO-KHI,KARACHI,OPENSOURCE_API_GRID,306,,,,0.95,True,True,TIER2_OPENSOURCE_PURE;CONTINUOUS_MINUTE_STREAM;VERIFIED_MODEL_GRID,0dab00ed4eaaf214283827a3cbfbff12937443696ce5b665f91393c735032ae3,2026-09-20T05:05:00+00:00,2026-09-20 10:05:00,57.9,1012.6,78
23.0,33.8,89.7,2095.6,608.4,94.6,11.8,7.2,1.8,454.0,484.1,9.0,17.6,105.8,31.7,22.37,False,4095,0.0,10.0,640.0,EXT-OPEN-METEO-KHI,KARACHI,OPENSOURCE_API_GRID,307,,,,0.95,True,True,TIER2_OPENSOURCE_PURE;CONTINUOUS_MINUTE_STREAM;VERIFIED_MODEL_GRID,759d9947acdcb99d6b5301bbbdc335beed00d54b7f8c6e7955019ded91acf849,2026-09-20T05:06:00+00:00,2026-09-20 10:06:00,57.8,1012.6,78
23.0,33.8,89.7,2095.6,608.4,94.6,11.8,7.2,1.8,454.0,483.8,9.0,17.6,106.0,31.7,22.37,False,4095,0.0,10.0,641.3,EXT-OPEN-METEO-KHI,KARACHI,OPENSOURCE_API_GRID,308,,,,0.95,True,True,TIER2_OPENSOURCE_PURE;CONTINUOUS_MINUTE_STREAM;VERIFIED_MODEL_GRID,6ff3b50914483cb18079fddd7e31ef64418be9c7ab149f3666e7015cc50d7a58,2026-09-20T05:07:00+00:00,2026-09-20 10:07:00,57.8,1012.6,78
23.1,33.9,89.7,2101.8,610.2,94.9,11.9,7.2,1.8,454.0,483.4,9.0,17.6,106.3,31.7,22.37,False,4095,0.0,10.0,642.7,EXT-OPEN-METEO-KHI,KARACHI,OPENSOURCE_API_GRID,309,,,,0.95,True,True,TIER2_OPENSOURCE_PURE;CONTINUOUS_MINUTE_STREAM;VERIFIED_MODEL_GRID,e67f3cc352f06dd995e064d4549e1504287b1702be8a276db08a18700afabc3b,2026-09-20T05:08:00+00:00,2026-09-20 10:08:00,57.8,1012.6,78
23.1,33.9,89.8,2101.8,610.2,94.9,11.9,7.2,1.8,453.9,483.0,8.9,17.6,106.7,31.8,22.46,False,4095,0.0,10.0,644.3,EXT-OPEN-METEO-KHI,KARACHI,OPENSOURCE_API_GRID,310,,,,0.95,True,True,TIER2_OPENSOURCE_PURE;CONTINUOUS_MINUTE_STREAM;VERIFIED_MODEL_GRID,11f4062b1ed013dd4d5359829196eae5140d70dbd43588a186c1e9ba301e3bea,2026-09-20T05:09:00+00:00,2026-09-20 10:09:00,57.8,1012.6,78
23.1,33.9,89.6,2101.8,610.2,94.9,11.9,7.2,1.8,453.9,482.5,8.9,17.6,107.1,31.8,22.46,False,4095,0.0,10.0,646.0,EXT-OPEN-METEO-KHI,KARACHI,OPENSOURCE_API_GRID,311,,,,0.95,True,True,TIER2_OPENSOURCE_PURE;CONTINUOUS_MINUTE_STREAM;VERIFIED_MODEL_GRID,0ac7ee4e95b3afd8e1fbf500ecc5afcc4d633998f1905cb3220ef6f7552b9606,2026-09-20T05:10:00+00:00,2026-09-20 10:10:00,57.8,1012.6,78
23.1,33.9,89.6,2101.8,610.2,94.9,11.9,7.2,1.8,453.9,482.0,8.8,17.7,107.5,31.8,22.43,False,4095,0.0,10.0,647.9,EXT-OPEN-METEO-KHI,KARACHI,OPENSOURCE_API_GRID,312,,,,0.95,True,True,TIER2_OPENSOURCE_PURE;CONTINUOUS_MINUTE_STREAM;VERIFIED_MODEL_GRID,f54dbe8073df6f8d8b7cc83300e25d52362cd450681709e74bfde879d4ab2efa,2026-09-20T05:11:00+00:00,2026-09-20 10:11:00,57.7,1012.6,78
23.1,34.0,89.6,2108.0,612.0,95.2,11.9,7.2,1.8,453.9,481.5,8.8,17.7,108.0,31.8,22.43,False,4095,0.0,10.0,650.0,EXT-OPEN-METEO-KHI,KARACHI,OPENSOURCE_API_GRID,313,,,,0.95,True,True,TIER2_OPENSOURCE_PURE;CONTINUOUS_MINUTE_STREAM;VERIFIED_MODEL_GRID,25cf52d840ef4e0926af46e382dc118b269b78a99011112043c3e011fb844cf4,2026-09-20T05:12:00+00:00,2026-09-20 10:12:00,57.7,1012.6,78
23.1,34.0,89.6,2108.0,612.0,95.2,11.9,7.2,1.8,453.9,480.9,8.7,17.7,108.5,31.9,22.5,False,4095,0.0,10.0,652.2,EXT-OPEN-METEO-KHI,KARACHI,OPENSOURCE_API_GRID,314,,,,0.95,True,True,TIER2_OPENSOURCE_PURE;CONTINUOUS_MINUTE_STREAM;VERIFIED_MODEL_GRID,41ee82a793553df8740abad4a194ec6bd72d36caa431197d9a4ee410abde00a9,2026-09-20T05:13:00+00:00,2026-09-20 10:13:00,57.6,1012.6,78
23.2,34.1,89.5,2114.2,613.8,95.5,11.9,7.2,1.8,453.9,480.2,8.7,17.8,109.0,31.9,22.47,False,4095,0.0,10.0,654.6,EXT-OPEN-METEO-KHI,KARACHI,OPENSOURCE_API_GRID,315,,,,0.95,True,True,TIER2_OPENSOURCE_PURE;CONTINUOUS_MINUTE_STREAM;VERIFIED_MODEL_GRID,1d87704e26736306cc6895e8058ea9f800cacacccafdc9dbf89d04e5681fba9f,2026-09-20T05:14:00+00:00,2026-09-20 10:14:00,57.5,1012.6,78
23.2,34.1,89.5,2114.2,613.8,95.5,11.9,7.2,1.8,453.9,479.6,8.6,17.8,109.5,31.9,22.44,False,4095,0.0,10.0,657.2,EXT-OPEN-METEO-KHI,KARACHI,OPENSOURCE_API_GRID,316,,,,0.95,True,True,TIER2_OPENSOURCE_PURE;CONTINUOUS_MINUTE_STREAM;VERIFIED_MODEL_GRID,a4bbc2f9a54d5e624d6a157c99e4f00648e719add1c6bba7f3040494ba5997eb,2026-09-20T05:15:00+00:00,2026-09-20 10:15:00,57.4,1012.6,78
23.3,34.2,89.4,2120.4,615.6,95.8,12.0,7.2,1.8,453.8,478.9,8.5,17.9,110.1,31.9,22.41,False,4095,0.0,10.0,659.8,EXT-OPEN-METEO-KHI,KARACHI,OPENSOURCE_API_GRID,317,,,,0.95,True,True,TIER2_OPENSOURCE_PURE;CONTINUOUS_MINUTE_STREAM;VERIFIED_MODEL_GRID,aa6a96c59614c048e5451863bd57140fcb09525a903b6a3d0fab0582ebc9349c,2026-09-20T05:16:00+00:00,2026-09-20 10:16:00,57.3,1012.6,78
23.3,34.2,89.3,2120.4,615.6,95.8,12.0,7.1,1.8,453.8,478.1,8.5,17.9,110.7,32.0,22.45,False,4095,0.0,10.0,662.6,EXT-OPEN-METEO-KHI,KARACHI,OPENSOURCE_API_GRID,318,,,,0.95,True,True,TIER2_OPENSOURCE_PURE;CONTINUOUS_MINUTE_STREAM;VERIFIED_MODEL_GRID,43e051d1dfb64e4f3d5a228b93113e64249988f5264a77c611c6a7d0a61a5c14,2026-09-20T05:17:00+00:00,2026-09-20 10:17:00,57.1,1012.7,78
23.3,34.2,89.2,2120.4,615.6,95.8,12.0,7.1,1.8,453.8,477.4,8.4,18.0,111.4,32.0,22.42,False,4095,0.0,10.0,665.5,EXT-OPEN-METEO-KHI,KARACHI,OPENSOURCE_API_GRID,319,,,,0.95,True,True,TIER2_OPENSOURCE_PURE;CONTINUOUS_MINUTE_STREAM;VERIFIED_MODEL_GRID,3949408fa712c88e1c5b061d73715ec47d29d74698d4e734c7448d491e2f4e4b,2026-09-20T05:18:00+00:00,2026-09-20 10:18:00,57.0,1012.7,78
23.3,34.2,89.1,2120.4,615.6,95.8,12.0,7.1,1.8,453.8,476.6,8.3,18.0,112.1,32.0,22.39,False,4095,0.0,10.0,668.6,EXT-OPEN-METEO-KHI,KARACHI,OPENSOURCE_API_GRID,320,,,,0.95,True,True,TIER2_OPENSOURCE_PURE;CONTINUOUS_MINUTE_STREAM;VERIFIED_MODEL_GRID,b626143952f24530a09a5575b0a8280db4357354b855220e7a32504c66f95d9e,2026-09-20T05:19:00+00:00,2026-09-20 10:19:00,56.9,1012.7,78
23.3,34.2,89.0,2120.4,615.6,95.8,12.0,7.1,1.8,453.8,475.8,8.2,18.0,112.8,32.0,22.33,False,4095,0.0,10.0,671.7,EXT-OPEN-METEO-KHI,KARACHI,OPENSOURCE_API_GRID,321,,,,0.95,True,True,TIER2_OPENSOURCE_PURE;CONTINUOUS_MINUTE_STREAM;VERIFIED_MODEL_GRID,42dad070f3b516be044770b3ce7e8cd5aaa6e295d8ea91e520ae192ba4fd38f6,2026-09-20T05:20:00+00:00,2026-09-20 10:20:00,56.7,1012.7,78
23.3,34.2,88.8,2120.4,615.6,95.8,12.0,7.1,1.8,453.7,474.9,8.2,18.1,113.5,32.1,22.4,False,4095,0.0,10.0,674.9,EXT-OPEN-METEO-KHI,KARACHI,OPENSOURCE_API_GRID,322,,,,0.95,True,True,TIER2_OPENSOURCE_PURE;CONTINUOUS_MINUTE_STREAM;VERIFIED_MODEL_GRID,ca987ff67582ec203c36ca0b502be67050379dbdf24138f9b44ad15cf38fa7b3,2026-09-20T05:21:00+00:00,2026-09-20 10:21:00,56.6,1012.7,78
23.3,34.2,88.6,2120.4,615.6,95.8,12.0,7.1,1.8,453.7,474.0,8.1,18.2,114.2,32.1,22.37,False,4095,0.0,10.0,678.2,EXT-OPEN-METEO-KHI,KARACHI,OPENSOURCE_API_GRID,323,,,,0.95,True,True,TIER2_OPENSOURCE_PURE;CONTINUOUS_MINUTE_STREAM;VERIFIED_MODEL_GRID,16ed0b766daf693db7995151d08b87aca35b6272c3d8f30549567f91ca447731,2026-09-20T05:22:00+00:00,2026-09-20 10:22:00,56.5,1012.7,78
23.3,34.2,88.5,2120.4,615.6,95.8,12.0,7.1,1.8,453.7,473.1,8.0,18.2,114.9,32.1,22.31,False,4095,0.0,10.0,681.6,EXT-OPEN-METEO-KHI,KARACHI,OPENSOURCE_API_GRID,324,,,,0.95,True,True,TIER2_OPENSOURCE_PURE;CONTINUOUS_MINUTE_STREAM;VERIFIED_MODEL_GRID,5e41c54d08128b2abff3530dc56e8c73b0e73822ecac5fd110473ba9f524c463,2026-09-20T05:23:00+00:00,2026-09-20 10:23:00,56.3,1012.7,78
23.3,34.2,88.3,2120.4,615.6,95.8,12.0,7.1,1.8,453.7,472.2,7.9,18.3,115.7,32.1,22.28,False,4095,0.0,10.0,685.1,EXT-OPEN-METEO-KHI,KARACHI,OPENSOURCE_API_GRID,325,,,,0.95,True,True,TIER2_OPENSOURCE_PURE;CONTINUOUS_MINUTE_STREAM;VERIFIED_MODEL_GRID,817f0b5ae955b14429ab343832dbc5cab43311a811b849ce5c1ee6857db6aaa9,2026-09-20T05:24:00+00:00,2026-09-20 10:24:00,56.2,1012.7,78
23.3,34.2,88.1,2120.4,615.6,95.8,12.0,7.0,1.8,453.6,471.3,7.8,18.3,116.5,32.2,22.31,False,4095,0.0,10.0,688.6,EXT-OPEN-METEO-KHI,KARACHI,OPENSOURCE_API_GRID,326,,,,0.95,True,True,TIER2_OPENSOURCE_PURE;CONTINUOUS_MINUTE_STREAM;VERIFIED_MODEL_GRID,14dd05023e3fe7ae64b5a00e02ba29468707d9e14f4b90f86973dc1e6e1a004c,2026-09-20T05:25:00+00:00,2026-09-20 10:25:00,56.0,1012.7,78
23.3,34.2,87.9,2120.4,615.6,95.8,12.0,7.0,1.8,453.6,470.3,7.8,18.4,117.3,32.2,22.28,False,4095,0.0,10.0,692.2,EXT-OPEN-METEO-KHI,KARACHI,OPENSOURCE_API_GRID,327,,,,0.95,True,True,TIER2_OPENSOURCE_PURE;CONTINUOUS_MINUTE_STREAM;VERIFIED_MODEL_GRID,9a9d41bd7eca930d263684f6f76c87284926c5336308de5849c674a8b9616faa,2026-09-20T05:26:00+00:00,2026-09-20 10:26:00,55.9,1012.7,78
23.2,34.1,87.7,2114.2,613.8,95.5,11.9,7.0,1.8,453.6,469.4,7.7,18.4,118.1,32.2,22.23,False,4095,0.0,10.0,695.8,EXT-OPEN-METEO-KHI,KARACHI,OPENSOURCE_API_GRID,328,,,,0.95,True,True,TIER2_OPENSOURCE_PURE;CONTINUOUS_MINUTE_STREAM;VERIFIED_MODEL_GRID,e7cc2b7fe86982888ba3f20ab00fa6fe7e8c3dda1b9013441e770684122107ce,2026-09-20T05:27:00+00:00,2026-09-20 10:27:00,55.7,1012.7,78
23.2,34.1,87.6,2114.2,613.8,95.5,11.9,7.0,1.8,453.6,468.4,7.6,18.5,118.9,32.2,22.2,False,4095,0.0,10.0,699.5,EXT-OPEN-METEO-KHI,KARACHI,OPENSOURCE_API_GRID,329,,,,0.95,True,True,TIER2_OPENSOURCE_PURE;CONTINUOUS_MINUTE_STREAM;VERIFIED_MODEL_GRID,a398e8fcb6a775835ee3a7a8c72c0e0b732d2d02cbcadd857d8e75ccc45a1ff7,2026-09-20T05:28:00+00:00,2026-09-20 10:28:00,55.6,1012.7,78
23.2,34.1,87.4,2114.2,613.8,95.5,11.9,7.0,1.7,453.5,467.5,7.5,18.5,119.7,32.2,22.17,False,4095,0.0,10.0,703.1,EXT-OPEN-METEO-KHI,KARACHI,OPENSOURCE_API_GRID,330,,,,0.95,True,True,TIER2_OPENSOURCE_PURE;CONTINUOUS_MINUTE_STREAM;VERIFIED_MODEL_GRID,13c65b89fb6dc1b36efd724fe564f2bb88bf3acccf90532f2f56e0d51dd7ccd0,2026-09-20T05:29:00+00:00,2026-09-20 10:29:00,55.5,1012.7,78
23.3,34.2,87.3,2120.4,615.6,95.8,12.0,7.0,1.7,453.5,466.5,7.4,18.6,120.5,32.3,22.23,False,4095,0.0,10.0,706.8,EXT-OPEN-METEO-KHI,KARACHI,OPENSOURCE_API_GRID,331,,,,0.95,True,True,TIER2_OPENSOURCE_PURE;CONTINUOUS_MINUTE_STREAM;VERIFIED_MODEL_GRID,9ce8668bb2256bd49355c1b106810ceb22d5f3438504da66227ccb4b207049d7,2026-09-20T05:30:00+00:00,2026-09-20 10:30:00,55.4,1012.7,78
23.3,34.2,87.1,2120.4,615.6,95.8,12.0,7.0,1.7,453.5,465.5,7.3,18.7,121.3,32.3,22.17,False,4095,0.0,10.0,710.5,EXT-OPEN-METEO-KHI,KARACHI,OPENSOURCE_API_GRID,332,,,,0.95,True,True,TIER2_OPENSOURCE_PURE;CONTINUOUS_MINUTE_STREAM;VERIFIED_MODEL_GRID,6536d55105da702cf1860b0e69571d12dd64c71faffbaeae566da6de55177a0c,2026-09-20T05:31:00+00:00,2026-09-20 10:31:00,55.2,1012.7,78
23.3,34.2,87.0,2120.4,615.6,95.8,12.0,7.0,1.7,453.4,464.6,7.2,18.7,122.1,32.3,22.14,False,4095,0.0,10.0,714.1,EXT-OPEN-METEO-KHI,KARACHI,OPENSOURCE_API_GRID,333,,,,0.95,True,True,TIER2_OPENSOURCE_PURE;CONTINUOUS_MINUTE_STREAM;VERIFIED_MODEL_GRID,919b9e3c572a2c514b4addd0f1886506a3cd79e8064e785d486cd2b5ff82c5a2,2026-09-20T05:32:00+00:00,2026-09-20 10:32:00,55.1,1012.7,78
23.3,34.3,86.9,2126.6,617.4,96.0,12.0,7.0,1.7,453.4,463.6,7.1,18.8,122.9,32.3,22.11,False,4095,0.0,10.0,717.8,EXT-OPEN-METEO-KHI,KARACHI,OPENSOURCE_API_GRID,334,,,,0.95,True,True,TIER2_OPENSOURCE_PURE;CONTINUOUS_MINUTE_STREAM;VERIFIED_MODEL_GRID,4a63b99d1348d8519637f8cfd62a9e362a5f45cca53750f2d18baa25784c56f6,2026-09-20T05:33:00+00:00,2026-09-20 10:33:00,55.0,1012.7,78
23.3,34.3,86.8,2126.6,617.4,96.0,12.0,6.9,1.7,453.4,462.7,7.0,18.8,123.7,32.4,22.17,False,4095,0.0,10.0,721.4,EXT-OPEN-METEO-KHI,KARACHI,OPENSOURCE_API_GRID,335,,,,0.95,True,True,TIER2_OPENSOURCE_PURE;CONTINUOUS_MINUTE_STREAM;VERIFIED_MODEL_GRID,8dfa6c58b3f0048802f9dab695ece8ec31e723bc4e302e2cf89da73fd2f38ed7,2026-09-20T05:34:00+00:00,2026-09-20 10:34:00,54.9,1012.7,78
23.4,34.4,86.7,2132.8,619.2,96.3,12.0,6.9,1.7,453.4,461.7,7.0,18.9,124.5,32.4,22.14,False,4095,0.0,10.0,725.0,EXT-OPEN-METEO-KHI,KARACHI,OPENSOURCE_API_GRID,336,,,,0.95,True,True,TIER2_OPENSOURCE_PURE;CONTINUOUS_MINUTE_STREAM;VERIFIED_MODEL_GRID,dfb31d6cd164beba5aa69d0fde41976dc05bcc80fcfa598f075e347f10c5755f,2026-09-20T05:35:00+00:00,2026-09-20 10:35:00,54.8,1012.7,78
23.4,34.4,86.7,2132.8,619.2,96.3,12.0,6.9,1.7,453.3,460.8,6.9,18.9,125.3,32.4,22.11,False,4095,0.0,10.0,728.5,EXT-OPEN-METEO-KHI,KARACHI,OPENSOURCE_API_GRID,337,,,,0.95,True,True,TIER2_OPENSOURCE_PURE;CONTINUOUS_MINUTE_STREAM;VERIFIED_MODEL_GRID,b684e1ec776d6d0214f5c0f8e57287c3d588de4f2140963e11f69bf2e3d42601,2026-09-20T05:36:00+00:00,2026-09-20 10:36:00,54.7,1012.7,78
23.5,34.5,86.6,2139.0,621.0,96.6,12.1,6.9,1.7,453.3,459.9,6.8,19.0,126.1,32.5,22.18,False,4095,0.0,10.0,732.0,EXT-OPEN-METEO-KHI,KARACHI,OPENSOURCE_API_GRID,338,,,,0.95,True,True,TIER2_OPENSOURCE_PURE;CONTINUOUS_MINUTE_STREAM;VERIFIED_MODEL_GRID,b190d2ab3d2a031be08af7862e29f923b2c7f2839f01c52dadaa0979fc423f62,2026-09-20T05:37:00+00:00,2026-09-20 10:37:00,54.6,1012.7,78
23.5,34.6,86.6,2145.2,622.8,96.9,12.1,6.9,1.7,453.3,459.0,6.7,19.0,126.8,32.5,22.15,False,4095,0.0,10.0,735.4,EXT-OPEN-METEO-KHI,KARACHI,OPENSOURCE_API_GRID,339,,,,0.95,True,True,TIER2_OPENSOURCE_PURE;CONTINUOUS_MINUTE_STREAM;VERIFIED_MODEL_GRID,8adfeb064e325d25c01fe54c8ea75330e398117c70d1aa25e95353f53ff772fc,2026-09-20T05:38:00+00:00,2026-09-20 10:38:00,54.5,1012.7,78
23.5,34.6,86.5,2145.2,622.8,96.9,12.1,6.9,1.7,453.3,458.1,6.6,19.1,127.5,32.5,22.12,False,4095,0.0,10.0,738.7,EXT-OPEN-METEO-KHI,KARACHI,OPENSOURCE_API_GRID,340,,,,0.95,True,True,TIER2_OPENSOURCE_PURE;CONTINUOUS_MINUTE_STREAM;VERIFIED_MODEL_GRID,42e98039dcb604704a49e064d6c85439df0f3de92ad1b37ca9c780adae5f30b2,2026-09-20T05:39:00+00:00,2026-09-20 10:39:00,54.4,1012.7,78
23.6,34.7,86.5,2151.4,624.6,97.2,12.1,6.9,1.7,453.2,457.2,6.6,19.1,128.2,32.6,22.18,False,4095,0.0,10.0,741.9,EXT-OPEN-METEO-KHI,KARACHI,OPENSOURCE_API_GRID,341,,,,0.95,True,True,TIER2_OPENSOURCE_PURE;CONTINUOUS_MINUTE_STREAM;VERIFIED_MODEL_GRID,40f95f2f391e17062035b31d3b464507851e728bc157793840ea9e4217a0623a,2026-09-20T05:40:00+00:00,2026-09-20 10:40:00,54.3,1012.7,78
23.5,34.6,86.3,2145.2,622.8,96.9,12.1,6.9,1.7,453.2,456.4,6.5,19.2,128.9,32.6,22.18,False,4095,0.0,10.0,745.0,EXT-OPEN-METEO-KHI,KARACHI,OPENSOURCE_API_GRID,342,,,,0.95,True,True,TIER2_OPENSOURCE_PURE;CONTINUOUS_MINUTE_STREAM;VERIFIED_MODEL_GRID,8f93e1300974452d2efc5ee5080f2d49be6b1c07d8806a6d6558a555dbf2ca26,2026-09-20T05:41:00+00:00,2026-09-20 10:41:00,54.3,1012.8,78
23.6,34.7,86.2,2151.4,624.6,97.2,12.1,6.9,1.7,453.2,455.6,6.4,19.2,129.6,32.7,22.24,False,4095,0.0,10.0,748.1,EXT-OPEN-METEO-KHI,KARACHI,OPENSOURCE_API_GRID,343,,,,0.95,True,True,TIER2_OPENSOURCE_PURE;CONTINUOUS_MINUTE_STREAM;VERIFIED_MODEL_GRID,ada65ad35703488871370b96bb61cf024bd8fb618dd301213718387ee476ec8a,2026-09-20T05:42:00+00:00,2026-09-20 10:42:00,54.2,1012.8,78
23.7,34.8,86.2,2157.6,626.4,97.4,12.2,6.9,1.7,453.2,454.9,6.3,19.3,130.3,32.7,22.21,False,4095,0.0,10.0,751.0,EXT-OPEN-METEO-KHI,KARACHI,OPENSOURCE_API_GRID,344,,,,0.95,True,True,TIER2_OPENSOURCE_PURE;CONTINUOUS_MINUTE_STREAM;VERIFIED_MODEL_GRID,92ad1b33028fb112d578925b5b5eec8664a0e33da802988ded1feac2f02adca4,2026-09-20T05:43:00+00:00,2026-09-20 10:43:00,54.1,1012.8,78
23.7,34.8,86.2,2157.6,626.4,97.4,12.2,6.9,1.7,453.2,454.1,6.3,19.3,130.9,32.7,22.18,False,4095,0.0,10.0,753.8,EXT-OPEN-METEO-KHI,KARACHI,OPENSOURCE_API_GRID,345,,,,0.95,True,True,TIER2_OPENSOURCE_PURE;CONTINUOUS_MINUTE_STREAM;VERIFIED_MODEL_GRID,fb918eb4a6b0d3f245ea544dda6526c7a9de8dc0fbe9b92b105062a7117e2acd,2026-09-20T05:44:00+00:00,2026-09-20 10:44:00,54.0,1012.8,78
23.7,34.9,86.1,2163.8,628.2,97.7,12.2,6.9,1.7,453.1,453.4,6.2,19.4,131.5,32.8,22.24,False,4095,0.0,10.0,756.4,EXT-OPEN-METEO-KHI,KARACHI,OPENSOURCE_API_GRID,346,,,,0.95,True,True,TIER2_OPENSOURCE_PURE;CONTINUOUS_MINUTE_STREAM;VERIFIED_MODEL_GRID,c56d130c003ec05c7285fc5ea1b38191bf15ec5eeadb2977f92e9de8ab1da39b,2026-09-20T05:45:00+00:00,2026-09-20 10:45:00,53.9,1012.8,78
23.7,34.9,86.1,2163.8,628.2,97.7,12.2,6.9,1.7,453.1,452.8,6.1,19.4,132.0,32.8,22.18,False,4095,0.0,10.0,759.0,EXT-OPEN-METEO-KHI,KARACHI,OPENSOURCE_API_GRID,347,,,,0.95,True,True,TIER2_OPENSOURCE_PURE;CONTINUOUS_MINUTE_STREAM;VERIFIED_MODEL_GRID,3e093cc9b62055282ef46ea68085fcdcdd75e80fdcb2a19bc5a07ad3a99f8be0,2026-09-20T05:46:00+00:00,2026-09-20 10:46:00,53.7,1012.8,78
23.8,35.0,86.0,2170.0,630.0,98.0,12.2,6.9,1.7,453.1,452.1,6.1,19.5,132.5,32.8,22.15,False,4095,0.0,10.0,761.4,EXT-OPEN-METEO-KHI,KARACHI,OPENSOURCE_API_GRID,348,,,,0.95,True,True,TIER2_OPENSOURCE_PURE;CONTINUOUS_MINUTE_STREAM;VERIFIED_MODEL_GRID,a972c44ca559dd3f5ae63bd43ccaf5a6e4d5f8206cad7b2ae116a6fb84b31802,2026-09-20T05:47:00+00:00,2026-09-20 10:47:00,53.6,1012.8,78
23.8,35.0,85.9,2170.0,630.0,98.0,12.2,6.9,1.7,453.1,451.5,6.0,19.5,133.0,32.8,22.12,False,4095,0.0,10.0,763.6,EXT-OPEN-METEO-KHI,KARACHI,OPENSOURCE_API_GRID,349,,,,0.95,True,True,TIER2_OPENSOURCE_PURE;CONTINUOUS_MINUTE_STREAM;VERIFIED_MODEL_GRID,ef57197db24a20a22f20622d83c2af72999aa2f4b610f7b4fbe18bfea165a3f9,2026-09-20T05:48:00+00:00,2026-09-20 10:48:00,53.5,1012.8,78
23.8,35.0,85.9,2170.0,630.0,98.0,12.2,6.9,1.7,453.1,451.0,6.0,19.5,133.5,32.9,22.18,False,4095,0.0,10.0,765.7,EXT-OPEN-METEO-KHI,KARACHI,OPENSOURCE_API_GRID,350,,,,0.95,True,True,TIER2_OPENSOURCE_PURE;CONTINUOUS_MINUTE_STREAM;VERIFIED_MODEL_GRID,7bc3a0986bdad65369f8d440d877b72cd56959ac7983a95470b845356a483fa6,2026-09-20T05:49:00+00:00,2026-09-20 10:49:00,53.4,1012.8,78
23.8,35.0,85.8,2170.0,630.0,98.0,12.2,6.9,1.7,453.1,450.5,5.9,19.6,133.9,32.9,22.15,False,4095,0.0,10.0,767.6,EXT-OPEN-METEO-KHI,KARACHI,OPENSOURCE_API_GRID,351,,,,0.95,True,True,TIER2_OPENSOURCE_PURE;CONTINUOUS_MINUTE_STREAM;VERIFIED_MODEL_GRID,c84c22e0e1a115b66d536d01a1419500f3711d6481b84598b8c3818c86325f02,2026-09-20T05:50:00+00:00,2026-09-20 10:50:00,53.3,1012.8,78
23.8,35.0,85.7,2170.0,630.0,98.0,12.2,6.9,1.7,453.1,450.0,5.9,19.6,134.3,32.9,22.15,False,4095,0.0,10.0,769.3,EXT-OPEN-METEO-KHI,KARACHI,OPENSOURCE_API_GRID,352,,,,0.95,True,True,TIER2_OPENSOURCE_PURE;CONTINUOUS_MINUTE_STREAM;VERIFIED_MODEL_GRID,cb31999797823be92ab4c55cec909d03bd560efbf849abeb7fab312e149d7598,2026-09-20T05:51:00+00:00,2026-09-20 10:51:00,53.3,1012.8,78
23.8,35.0,85.6,2170.0,630.0,98.0,12.2,6.8,1.7,453.0,449.6,5.8,19.6,134.7,32.9,22.12,False,4095,0.0,10.0,770.9,EXT-OPEN-METEO-KHI,KARACHI,OPENSOURCE_API_GRID,353,,,,0.95,True,True,TIER2_OPENSOURCE_PURE;CONTINUOUS_MINUTE_STREAM;VERIFIED_MODEL_GRID,79da515254a569c35963008fb3858c054901516cd181acd31660a9eec7de7ff7,2026-09-20T05:52:00+00:00,2026-09-20 10:52:00,53.2,1012.8,78
23.8,35.0,85.5,2170.0,630.0,98.0,12.2,6.8,1.7,453.0,449.2,5.8,19.6,135.0,32.9,22.09,False,4095,0.0,10.0,772.3,EXT-OPEN-METEO-KHI,KARACHI,OPENSOURCE_API_GRID,354,,,,0.95,True,True,TIER2_OPENSOURCE_PURE;CONTINUOUS_MINUTE_STREAM;VERIFIED_MODEL_GRID,6e08a8196a57c7955c3a126e3bea94b50855084cc8a54b82c5ff8f05078ebf1a,2026-09-20T05:53:00+00:00,2026-09-20 10:53:00,53.1,1012.8,78
23.7,34.9,85.4,2163.8,628.2,97.7,12.2,6.8,1.7,453.0,448.9,5.8,19.6,135.2,32.9,22.06,False,4095,0.0,10.0,773.6,EXT-OPEN-METEO-KHI,KARACHI,OPENSOURCE_API_GRID,355,,,,0.95,True,True,TIER2_OPENSOURCE_PURE;CONTINUOUS_MINUTE_STREAM;VERIFIED_MODEL_GRID,f297c847df3ef97932c6d09c9a9bbcef0a690c71e099cbf1881620b30d15a040,2026-09-20T05:54:00+00:00,2026-09-20 10:54:00,53.0,1012.8,78
23.7,34.9,85.3,2163.8,628.2,97.7,12.2,6.8,1.7,453.0,448.6,5.8,19.7,135.5,32.9,22.06,False,4095,0.0,10.0,774.6,EXT-OPEN-METEO-KHI,KARACHI,OPENSOURCE_API_GRID,356,,,,0.95,True,True,TIER2_OPENSOURCE_PURE;CONTINUOUS_MINUTE_STREAM;VERIFIED_MODEL_GRID,65878a0cabc1a4f834448f3e1e43aec553233b5427eaae559374084d19609fe5,2026-09-20T05:55:00+00:00,2026-09-20 10:55:00,53.0,1012.8,78
23.7,34.8,85.2,2157.6,626.4,97.4,12.2,6.8,1.7,453.0,448.4,5.7,19.7,135.7,32.9,22.03,False,4095,0.0,10.0,775.5,EXT-OPEN-METEO-KHI,KARACHI,OPENSOURCE_API_GRID,357,,,,0.95,True,True,TIER2_OPENSOURCE_PURE;CONTINUOUS_MINUTE_STREAM;VERIFIED_MODEL_GRID,d0e30ba205b226e47dda3f8788a9b65b02cdfbf84a716202bacc1fbddcc8ac8b,2026-09-20T05:56:00+00:00,2026-09-20 10:56:00,52.9,1012.8,78
23.7,34.8,85.1,2157.6,626.4,97.4,12.2,6.8,1.7,453.0,448.2,5.7,19.7,135.8,32.9,22.03,False,4095,0.0,10.0,776.1,EXT-OPEN-METEO-KHI,KARACHI,OPENSOURCE_API_GRID,358,,,,0.95,True,True,TIER2_OPENSOURCE_PURE;CONTINUOUS_MINUTE_STREAM;VERIFIED_MODEL_GRID,357fee82b85629c8e8848c631a7b959b2110618a1bdb90f087788aa1d9ed26f9,2026-09-20T05:57:00+00:00,2026-09-20 10:57:00,52.9,1012.8,78
23.7,34.8,85.0,2157.6,626.4,97.4,12.2,6.8,1.7,453.0,448.1,5.7,19.7,135.9,32.9,22.03,False,4095,0.0,10.0,776.6,EXT-OPEN-METEO-KHI,KARACHI,OPENSOURCE_API_GRID,359,,,,0.95,True,True,TIER2_OPENSOURCE_PURE;CONTINUOUS_MINUTE_STREAM;VERIFIED_MODEL_GRID,a24766892b89b28ec8b1f243957d5926533253c76b675488e1a287d455b4e351,2026-09-20T05:58:00+00:00,2026-09-20 10:58:00,52.9,1012.8,78
23.6,34.7,85.0,2151.4,624.6,97.2,12.1,6.8,1.7,453.0,448.0,5.7,19.7,136.0,32.9,22.03,False,4095,0.0,10.0,776.9,EXT-OPEN-METEO-KHI,KARACHI,OPENSOURCE_API_GRID,360,,,,0.95,True,True,TIER2_OPENSOURCE_PURE;CONTINUOUS_MINUTE_STREAM;VERIFIED_MODEL_GRID,36120bfb90e0de17a312aca847d284cc3eac467bef2c2a56f8c6a6b3417a8dae,2026-09-20T05:59:00+00:00,2026-09-20 10:59:00,52.9,1012.8,78
23.6,34.7,84.9,2151.4,624.6,97.2,12.1,6.8,1.7,453.0,448.0,5.7,19.7,136.0,32.9,22.03,False,4095,0.0,10.0,777.0,EXT-OPEN-METEO-KHI,KARACHI,OPENSOURCE_API_GRID,361,,,,0.95,True,False,TIER2_OPENSOURCE_PURE;HOURLY_NODE;VERIFIED_MODEL_GRID,f5f07615b4c63f280e91683779d426dba6ecb84acd08e85f874bd30b07d3c63d,2026-09-20T06:00:00+00:00,2026-09-20 11:00:00,52.9,1012.8,79
23.6,34.7,84.9,2151.4,624.6,97.2,12.1,6.8,1.7,453.0,448.0,5.7,19.7,136.0,32.9,22.03,False,4095,0.0,10.0,777.1,EXT-OPEN-METEO-KHI,KARACHI,OPENSOURCE_API_GRID,362,,,,0.95,True,True,TIER2_OPENSOURCE_PURE;CONTINUOUS_MINUTE_STREAM;VERIFIED_MODEL_GRID,4ea4c2fee3ad61eccbc042f253d9fd5cf9967d291324fbfe15172d512950dbb7,2026-09-20T06:01:00+00:00,2026-09-20 11:01:00,52.9,1012.8,79
23.6,34.7,84.9,2151.4,624.6,97.2,12.1,6.8,1.7,453.0,447.8,5.7,19.7,136.1,32.9,22.03,False,4095,0.0,10.0,777.2,EXT-OPEN-METEO-KHI,KARACHI,OPENSOURCE_API_GRID,363,,,,0.95,True,True,TIER2_OPENSOURCE_PURE;CONTINUOUS_MINUTE_STREAM;VERIFIED_MODEL_GRID,f1c26077b75d3dd20363dff6f4fb268b955bae28f3077b89c578f91cc8c9a79e,2026-09-20T06:02:00+00:00,2026-09-20 11:02:00,52.9,1012.8,79
23.6,34.7,84.9,2151.4,624.6,97.2,12.1,6.8,1.7,453.0,447.6,5.7,19.7,136.1,32.9,22.03,False,4095,0.0,10.0,777.5,EXT-OPEN-METEO-KHI,KARACHI,OPENSOURCE_API_GRID,364,,,,0.95,True,True,TIER2_OPENSOURCE_PURE;CONTINUOUS_MINUTE_STREAM;VERIFIED_MODEL_GRID,d6f9790a27e00394c80727d25c5b382320759d43821bcc46ba76986ee95f8ab4,2026-09-20T06:03:00+00:00,2026-09-20 11:03:00,52.9,1012.8,79
23.6,34.7,84.9,2151.4,624.6,97.2,12.1,6.8,1.7,453.0,447.2,5.7,19.7,136.2,32.9,22.03,False,4095,0.0,10.0,777.8,EXT-OPEN-METEO-KHI,KARACHI,OPENSOURCE_API_GRID,365,,,,0.95,True,True,TIER2_OPENSOURCE_PURE;CONTINUOUS_MINUTE_STREAM;VERIFIED_MODEL_GRID,bf4d2a006889d746e37c34cff0fb173c6337c767e21035f1cb4c9c08bb607fc9,2026-09-20T06:04:00+00:00,2026-09-20 11:04:00,52.9,1012.8,79
23.6,34.7,84.9,2151.4,624.6,97.2,12.1,6.8,1.7,453.0,446.8,5.7,19.7,136.3,32.9,22.03,False,4095,0.0,10.0,778.3,EXT-OPEN-METEO-KHI,KARACHI,OPENSOURCE_API_GRID,366,,,,0.95,True,True,TIER2_OPENSOURCE_PURE;CONTINUOUS_MINUTE_STREAM;VERIFIED_MODEL_GRID,d13b2a390d3d588057e6da9223b1a0da207f36dff4e767ee8f39b58cdc32481c,2026-09-20T06:05:00+00:00,2026-09-20 11:05:00,52.9,1012.8,79
23.7,34.8,84.9,2157.6,626.4,97.4,12.2,6.8,1.7,453.0,446.3,5.7,19.7,136.5,32.9,22.03,False,4095,0.0,10.0,778.8,EXT-OPEN-METEO-KHI,KARACHI,OPENSOURCE_API_GRID,367,,,,0.95,True,True,TIER2_OPENSOURCE_PURE;CONTINUOUS_MINUTE_STREAM;VERIFIED_MODEL_GRID,414d1f9cc3b0f2354168d3a1bca4a314bd9e4e48ceaabbcd51edd6e2140e2a84,2026-09-20T06:06:00+00:00,2026-09-20 11:06:00,52.9,1012.8,79
23.7,34.8,84.9,2157.6,626.4,97.4,12.2,6.8,1.7,452.9,445.7,5.7,19.7,136.6,32.9,22.06,False,4095,0.0,10.0,779.5,EXT-OPEN-METEO-KHI,KARACHI,OPENSOURCE_API_GRID,368,,,,0.95,True,True,TIER2_OPENSOURCE_PURE;CONTINUOUS_MINUTE_STREAM;VERIFIED_MODEL_GRID,d8775c26737fd81beefe26cd604ec63d357389bcc8ffac410880997f257c6f7a,2026-09-20T06:07:00+00:00,2026-09-20 11:07:00,53.0,1012.8,79
23.7,34.8,84.9,2157.6,626.4,97.4,12.2,6.8,1.7,452.9,445.0,5.6,19.7,136.8,32.9,22.06,False,4095,0.0,10.0,780.2,EXT-OPEN-METEO-KHI,KARACHI,OPENSOURCE_API_GRID,369,,,,0.95,True,True,TIER2_OPENSOURCE_PURE;CONTINUOUS_MINUTE_STREAM;VERIFIED_MODEL_GRID,8333cb77bad907b268d99f5d95b59001570d1e47261311801e5245b82885fcac,2026-09-20T06:08:00+00:00,2026-09-20 11:08:00,53.0,1012.8,79
23.7,34.9,84.9,2163.8,628.2,97.7,12.2,6.8,1.7,452.9,444.2,5.6,19.7,137.0,32.9,22.06,False,4095,0.0,10.0,781.0,EXT-OPEN-METEO-KHI,KARACHI,OPENSOURCE_API_GRID,370,,,,0.95,True,True,TIER2_OPENSOURCE_PURE;CONTINUOUS_MINUTE_STREAM;VERIFIED_MODEL_GRID,b64fbfa8cf52c387d79225f4e81e4863ef26cfcb463334fd18137b673d01dd45,2026-09-20T06:09:00+00:00,2026-09-20 11:09:00,53.0,1012.8,79
23.7,34.9,84.9,2163.8,628.2,97.7,12.2,6.8,1.7,452.9,443.4,5.6,19.7,137.3,32.9,22.09,False,4095,0.0,10.0,782.0,EXT-OPEN-METEO-KHI,KARACHI,OPENSOURCE_API_GRID,371,,,,0.95,True,True,TIER2_OPENSOURCE_PURE;CONTINUOUS_MINUTE_STREAM;VERIFIED_MODEL_GRID,27f0b2875b0abd99acbd1c6eecca6293383280858b91ee0c746a7c632a79159a,2026-09-20T06:10:00+00:00,2026-09-20 11:10:00,53.1,1012.8,79
23.8,35.0,84.9,2170.0,630.0,98.0,12.2,6.8,1.7,452.8,442.4,5.6,19.7,137.5,32.9,22.09,False,4095,0.0,10.0,783.0,EXT-OPEN-METEO-KHI,KARACHI,OPENSOURCE_API_GRID,372,,,,0.95,True,True,TIER2_OPENSOURCE_PURE;CONTINUOUS_MINUTE_STREAM;VERIFIED_MODEL_GRID,41ea924234425f10944ac95f63d5c79a234cd7b4ff38a6e17b44490860a1e440,2026-09-20T06:11:00+00:00,2026-09-20 11:11:00,53.1,1012.7,79
23.7,34.9,84.7,2163.8,628.2,97.7,12.2,6.8,1.7,452.8,441.4,5.6,19.6,137.8,32.9,22.12,False,4095,0.0,10.0,784.1,EXT-OPEN-METEO-KHI,KARACHI,OPENSOURCE_API_GRID,373,,,,0.95,True,True,TIER2_OPENSOURCE_PURE;CONTINUOUS_MINUTE_STREAM;VERIFIED_MODEL_GRID,b06e5ebf58e7c850dde1342cdc63f649bf3e00a58dcc1d6c20bb1f390dce7095,2026-09-20T06:12:00+00:00,2026-09-20 11:12:00,53.2,1012.7,79
23.7,34.9,84.7,2163.8,628.2,97.7,12.2,6.8,1.7,452.8,440.3,5.5,19.6,138.1,33.0,22.24,False,4095,0.0,10.0,785.2,EXT-OPEN-METEO-KHI,KARACHI,OPENSOURCE_API_GRID,374,,,,0.95,True,True,TIER2_OPENSOURCE_PURE;CONTINUOUS_MINUTE_STREAM;VERIFIED_MODEL_GRID,91a3844f0d9a15c177f7da2b11c62257ad6dd2feab4e4e385573464bfd645e15,2026-09-20T06:13:00+00:00,2026-09-20 11:13:00,53.3,1012.7,79
23.8,35.0,84.6,2170.0,630.0,98.0,12.2,6.8,1.7,452.7,439.1,5.5,19.6,138.4,33.0,22.24,False,4095,0.0,10.0,786.5,EXT-OPEN-METEO-KHI,KARACHI,OPENSOURCE_API_GRID,375,,,,0.95,True,True,TIER2_OPENSOURCE_PURE;CONTINUOUS_MINUTE_STREAM;VERIFIED_MODEL_GRID,22846481eedb5bd1c672ebb47b004038c886ec460defd1e8f33df9ce988ec6fa,2026-09-20T06:14:00+00:00,2026-09-20 11:14:00,53.3,1012.7,79
23.8,35.0,84.6,2170.0,630.0,98.0,12.2,6.8,1.7,452.7,437.9,5.5,19.6,138.8,33.0,22.24,False,4095,0.0,10.0,787.8,EXT-OPEN-METEO-KHI,KARACHI,OPENSOURCE_API_GRID,376,,,,0.95,True,True,TIER2_OPENSOURCE_PURE;CONTINUOUS_MINUTE_STREAM;VERIFIED_MODEL_GRID,5ec538c9c994c9a69d5d13d41ca650d0e1a89139a58feb1622598263586a617b,2026-09-20T06:15:00+00:00,2026-09-20 11:15:00,53.3,1012.7,79
23.9,35.1,84.6,2176.2,631.8,98.3,12.3,6.8,1.7,452.7,436.6,5.5,19.6,139.1,33.0,22.24,False,4095,0.0,10.0,789.2,EXT-OPEN-METEO-KHI,KARACHI,OPENSOURCE_API_GRID,377,,,,0.95,True,True,TIER2_OPENSOURCE_PURE;CONTINUOUS_MINUTE_STREAM;VERIFIED_MODEL_GRID,c5d078a7a2ea855e4f3e54a54006ffb5204d314e674fc0a5439d42ad8e88c140,2026-09-20T06:16:00+00:00,2026-09-20 11:16:00,53.3,1012.7,79
23.9,35.1,84.5,2176.2,631.8,98.3,12.3,6.8,1.7,452.6,435.2,5.4,19.6,139.5,33.0,22.24,False,4095,0.0,10.0,790.7,EXT-OPEN-METEO-KHI,KARACHI,OPENSOURCE_API_GRID,378,,,,0.95,True,True,TIER2_OPENSOURCE_PURE;CONTINUOUS_MINUTE_STREAM;VERIFIED_MODEL_GRID,bf8c9ed0d000cec0c7a291db96c6d3ba7b5a74e12c1ecfebf69eadbc5e9e3166,2026-09-20T06:17:00+00:00,2026-09-20 11:17:00,53.3,1012.7,79
23.9,35.1,84.4,2176.2,631.8,98.3,12.3,6.8,1.7,452.6,433.8,5.4,19.6,139.9,33.0,22.24,False,4095,0.0,10.0,792.2,EXT-OPEN-METEO-KHI,KARACHI,OPENSOURCE_API_GRID,379,,,,0.95,True,True,TIER2_OPENSOURCE_PURE;CONTINUOUS_MINUTE_STREAM;VERIFIED_MODEL_GRID,e190bc34fe661f3d8b4adeba5644de040ff8f7f101e6a4b5ddb310ba0ddb2089,2026-09-20T06:18:00+00:00,2026-09-20 11:18:00,53.3,1012.7,79
23.9,35.1,84.3,2176.2,631.8,98.3,12.3,6.7,1.7,452.5,432.3,5.4,19.6,140.3,33.1,22.34,False,4095,0.0,10.0,793.8,EXT-OPEN-METEO-KHI,KARACHI,OPENSOURCE_API_GRID,380,,,,0.95,True,True,TIER2_OPENSOURCE_PURE;CONTINUOUS_MINUTE_STREAM;VERIFIED_MODEL_GRID,85da7ff3aeccb5c7c46f1d7387a3710048b5d550a995b4b597750d40906624e9,2026-09-20T06:19:00+00:00,2026-09-20 11:19:00,53.3,1012.7,79
23.9,35.1,84.2,2176.2,631.8,98.3,12.3,6.7,1.7,452.5,430.8,5.3,19.5,140.8,33.1,22.34,False,4095,0.0,10.0,795.5,EXT-OPEN-METEO-KHI,KARACHI,OPENSOURCE_API_GRID,381,,,,0.95,True,True,TIER2_OPENSOURCE_PURE;CONTINUOUS_MINUTE_STREAM;VERIFIED_MODEL_GRID,0d2306707a79f22622c6b44ad80736c4ddd47620390e85059b6399fb6f6fd52e,2026-09-20T06:20:00+00:00,2026-09-20 11:20:00,53.3,1012.7,79
23.9,35.1,84.0,2176.2,631.8,98.3,12.3,6.7,1.7,452.5,429.2,5.3,19.5,141.2,33.1,22.34,False,4095,0.0,10.0,797.2,EXT-OPEN-METEO-KHI,KARACHI,OPENSOURCE_API_GRID,382,,,,0.95,True,True,TIER2_OPENSOURCE_PURE;CONTINUOUS_MINUTE_STREAM;VERIFIED_MODEL_GRID,d178562df0fde80daea80a8611959daa96427908b1b905e4344a96d700dda123,2026-09-20T06:21:00+00:00,2026-09-20 11:21:00,53.3,1012.7,79
23.9,35.1,83.9,2176.2,631.8,98.3,12.3,6.7,1.7,452.4,427.5,5.3,19.5,141.6,33.1,22.34,False,4095,0.0,10.0,798.9,EXT-OPEN-METEO-KHI,KARACHI,OPENSOURCE_API_GRID,383,,,,0.95,True,True,TIER2_OPENSOURCE_PURE;CONTINUOUS_MINUTE_STREAM;VERIFIED_MODEL_GRID,296f9f3bebbebcda20adf28e6f056d9c804161cc73dd364ca277e5e3dba2841a,2026-09-20T06:22:00+00:00,2026-09-20 11:22:00,53.3,1012.6,79
23.8,35.0,83.7,2170.0,630.0,98.0,12.2,6.7,1.7,452.4,425.9,5.2,19.5,142.1,33.1,22.34,False,4095,0.0,10.0,800.7,EXT-OPEN-METEO-KHI,KARACHI,OPENSOURCE_API_GRID,384,,,,0.95,True,True,TIER2_OPENSOURCE_PURE;CONTINUOUS_MINUTE_STREAM;VERIFIED_MODEL_GRID,688a4ddd4f00efdd8552250df155c37bbeff331f058d25248ddb875ba9381180,2026-09-20T06:23:00+00:00,2026-09-20 11:23:00,53.3,1012.6,79
23.8,35.0,83.5,2170.0,630.0,98.0,12.2,6.7,1.7,452.3,424.2,5.2,19.5,142.6,33.1,22.34,False,4095,0.0,10.0,802.5,EXT-OPEN-METEO-KHI,KARACHI,OPENSOURCE_API_GRID,385,,,,0.95,True,True,TIER2_OPENSOURCE_PURE;CONTINUOUS_MINUTE_STREAM;VERIFIED_MODEL_GRID,70932fb05b08ed6cd6ca51a55ef4ca8a592d4a0dd6fff62b3ab2b12e20697b90,2026-09-20T06:24:00+00:00,2026-09-20 11:24:00,53.3,1012.6,79
23.8,35.0,83.3,2170.0,630.0,98.0,12.2,6.7,1.7,452.3,422.4,5.1,19.5,143.0,33.1,22.34,False,4095,0.0,10.0,804.4,EXT-OPEN-METEO-KHI,KARACHI,OPENSOURCE_API_GRID,386,,,,0.95,True,True,TIER2_OPENSOURCE_PURE;CONTINUOUS_MINUTE_STREAM;VERIFIED_MODEL_GRID,07771393ba926f0368e32a452444fda013d2223ffdbf14b5b10725f9bb25b673,2026-09-20T06:25:00+00:00,2026-09-20 11:25:00,53.3,1012.6,79
23.7,34.9,83.1,2163.8,628.2,97.7,12.2,6.6,1.7,452.2,420.7,5.1,19.5,143.5,33.1,22.34,False,4095,0.0,10.0,806.3,EXT-OPEN-METEO-KHI,KARACHI,OPENSOURCE_API_GRID,387,,,,0.95,True,True,TIER2_OPENSOURCE_PURE;CONTINUOUS_MINUTE_STREAM;VERIFIED_MODEL_GRID,54c525acde5473d09961e5ad2cccab4e1660ad45b9e3f7a5268fde1a94b9575b,2026-09-20T06:26:00+00:00,2026-09-20 11:26:00,53.3,1012.6,79
23.7,34.9,82.9,2163.8,628.2,97.7,12.2,6.6,1.7,452.2,418.9,5.1,19.4,144.0,33.1,22.34,False,4095,0.0,10.0,808.2,EXT-OPEN-METEO-KHI,KARACHI,OPENSOURCE_API_GRID,388,,,,0.95,True,True,TIER2_OPENSOURCE_PURE;CONTINUOUS_MINUTE_STREAM;VERIFIED_MODEL_GRID,7db447119fc459abbdbb3c9ebd7e9ef36123f1abb9314d2ffe38946332630484,2026-09-20T06:27:00+00:00,2026-09-20 11:27:00,53.3,1012.6,79
23.7,34.8,82.7,2157.6,626.4,97.4,12.2,6.6,1.7,452.1,417.1,5.0,19.4,144.5,33.1,22.34,False,4095,0.0,10.0,810.1,EXT-OPEN-METEO-KHI,KARACHI,OPENSOURCE_API_GRID,389,,,,0.95,True,True,TIER2_OPENSOURCE_PURE;CONTINUOUS_MINUTE_STREAM;VERIFIED_MODEL_GRID,96b375446b0f413b7b768cd6519ef37f3fdb8f3309436cdc27b7875a2253dc38,2026-09-20T06:28:00+00:00,2026-09-20 11:28:00,53.3,1012.5,79
23.7,34.8,82.5,2157.6,626.4,97.4,12.2,6.6,1.7,452.1,415.3,5.0,19.4,145.0,33.1,22.34,False,4095,0.0,10.0,812.0,EXT-OPEN-METEO-KHI,KARACHI,OPENSOURCE_API_GRID,390,,,,0.95,True,True,TIER2_OPENSOURCE_PURE;CONTINUOUS_MINUTE_STREAM;VERIFIED_MODEL_GRID,521270a2e68ecb0ee759b75af219773a7e6c04f885f1f6b9b9cd2e0fe89e702b,2026-09-20T06:29:00+00:00,2026-09-20 11:29:00,53.3,1012.5,79
23.6,34.7,82.3,2151.4,624.6,97.2,12.1,6.6,1.6,452.0,413.5,4.9,19.4,145.5,33.1,22.37,False,4095,0.0,10.0,813.9,EXT-OPEN-METEO-KHI,KARACHI,OPENSOURCE_API_GRID,391,,,,0.95,True,True,TIER2_OPENSOURCE_PURE;CONTINUOUS_MINUTE_STREAM;VERIFIED_MODEL_GRID,335a7a4e9c9ac58ac526f809136ed734e840d58fe14785e171187f117f24631a,2026-09-20T06:30:00+00:00,2026-09-20 11:30:00,53.4,1012.5,79
23.6,34.7,82.1,2151.4,624.6,97.2,12.1,6.6,1.6,451.9,411.7,4.9,19.4,146.0,33.1,22.37,False,4095,0.0,10.0,815.9,EXT-OPEN-METEO-KHI,KARACHI,OPENSOURCE_API_GRID,392,,,,0.95,True,True,TIER2_OPENSOURCE_PURE;CONTINUOUS_MINUTE_STREAM;VERIFIED_MODEL_GRID,bad1b710638a16294ee504a4b77c5d4feefc1b0ed04a801e14983aaccb05ccd1,2026-09-20T06:31:00+00:00,2026-09-20 11:31:00,53.4,1012.5,79
23.6,34.7,82.0,2151.4,624.6,97.2,12.1,6.6,1.6,451.9,409.9,4.9,19.4,146.5,33.1,22.37,False,4095,0.0,10.0,817.8,EXT-OPEN-METEO-KHI,KARACHI,OPENSOURCE_API_GRID,393,,,,0.95,True,True,TIER2_OPENSOURCE_PURE;CONTINUOUS_MINUTE_STREAM;VERIFIED_MODEL_GRID,14b5e1293e545699a001ee4b681c4b0fbe1df9c55c12eb1890dd4fbecb51529c,2026-09-20T06:32:00+00:00,2026-09-20 11:32:00,53.4,1012.5,79
23.6,34.7,81.8,2151.4,624.6,97.2,12.1,6.5,1.6,451.8,408.1,4.8,19.4,147.0,33.1,22.37,False,4095,0.0,10.0,819.7,EXT-OPEN-METEO-KHI,KARACHI,OPENSOURCE_API_GRID,394,,,,0.95,True,True,TIER2_OPENSOURCE_PURE;CONTINUOUS_MINUTE_STREAM;VERIFIED_MODEL_GRID,5c1d40b30bee254dbb05707e851ab6867ef2e95141a18bb1201e536828dae33a,2026-09-20T06:33:00+00:00,2026-09-20 11:33:00,53.4,1012.5,79
23.6,34.7,81.7,2151.4,624.6,97.2,12.1,6.5,1.6,451.8,406.3,4.8,19.3,147.5,33.2,22.49,False,4095,0.0,10.0,821.6,EXT-OPEN-METEO-KHI,KARACHI,OPENSOURCE_API_GRID,395,,,,0.95,True,True,TIER2_OPENSOURCE_PURE;CONTINUOUS_MINUTE_STREAM;VERIFIED_MODEL_GRID,ee6292fb45b9ab950e0fc53bda88efef7cf666a434938d68808c970720915456,2026-09-20T06:34:00+00:00,2026-09-20 11:34:00,53.5,1012.4,79
23.6,34.7,81.6,2151.4,624.6,97.2,12.1,6.5,1.6,451.7,404.6,4.8,19.3,148.0,33.2,22.49,False,4095,0.0,10.0,823.5,EXT-OPEN-METEO-KHI,KARACHI,OPENSOURCE_API_GRID,396,,,,0.95,True,True,TIER2_OPENSOURCE_PURE;CONTINUOUS_MINUTE_STREAM;VERIFIED_MODEL_GRID,685ea3cc4273400465242ec26a9494a8cd97d5f3ac5caedabdd6ed60f8da973f,2026-09-20T06:35:00+00:00,2026-09-20 11:35:00,53.5,1012.4,79
23.6,34.7,81.5,2151.4,624.6,97.2,12.1,6.5,1.6,451.7,402.8,4.7,19.3,148.4,33.2,22.52,False,4095,0.0,10.0,825.4,EXT-OPEN-METEO-KHI,KARACHI,OPENSOURCE_API_GRID,397,,,,0.95,True,True,TIER2_OPENSOURCE_PURE;CONTINUOUS_MINUTE_STREAM;VERIFIED_MODEL_GRID,dc9f5312284dcd5e0bac9a344e184a73b05fafda80ef04382b20783e549a50df,2026-09-20T06:36:00+00:00,2026-09-20 11:36:00,53.6,1012.4,79
23.7,34.8,81.4,2157.6,626.4,97.4,12.2,6.5,1.6,451.6,401.1,4.7,19.3,148.9,33.2,22.52,False,4095,0.0,10.0,827.2,EXT-OPEN-METEO-KHI,KARACHI,OPENSOURCE_API_GRID,398,,,,0.95,True,True,TIER2_OPENSOURCE_PURE;CONTINUOUS_MINUTE_STREAM;VERIFIED_MODEL_GRID,e1ffb36a3f201e0624fdd2cdaec89d5fafda0457e1bdbf91cf5765dd79f7bcc0,2026-09-20T06:37:00+00:00,2026-09-20 11:37:00,53.6,1012.4,79
23.7,34.8,81.3,2157.6,626.4,97.4,12.2,6.5,1.6,451.6,399.5,4.6,19.3,149.4,33.2,22.52,False,4095,0.0,10.0,829.0,EXT-OPEN-METEO-KHI,KARACHI,OPENSOURCE_API_GRID,399,,,,0.95,True,True,TIER2_OPENSOURCE_PURE;CONTINUOUS_MINUTE_STREAM;VERIFIED_MODEL_GRID,76ca7f2c549406a65c518d5845f8a023759714074ce6f282e4ba3a859a399e54,2026-09-20T06:38:00+00:00,2026-09-20 11:38:00,53.6,1012.4,79
23.7,34.8,81.3,2157.6,626.4,97.4,12.2,6.5,1.6,451.5,397.8,4.6,19.3,149.8,33.2,22.55,False,4095,0.0,10.0,830.7,EXT-OPEN-METEO-KHI,KARACHI,OPENSOURCE_API_GRID,400,,,,0.95,True,True,TIER2_OPENSOURCE_PURE;CONTINUOUS_MINUTE_STREAM;VERIFIED_MODEL_GRID,c0747d3d15d9fb182d09f10f44d87a73be728fcb3dafa6c0b06be3a57b0fdd3c,2026-09-20T06:39:00+00:00,2026-09-20 11:39:00,53.7,1012.4,79
23.7,34.9,81.2,2163.8,628.2,97.7,12.2,6.5,1.6,451.5,396.2,4.6,19.2,150.2,33.2,22.55,False,4095,0.0,10.0,832.4,EXT-OPEN-METEO-KHI,KARACHI,OPENSOURCE_API_GRID,401,,,,0.95,True,True,TIER2_OPENSOURCE_PURE;CONTINUOUS_MINUTE_STREAM;VERIFIED_MODEL_GRID,c542543190970df0a31de9757e509f8c4ee40fce51a4ab0f7de4a30ae5be8de6,2026-09-20T06:40:00+00:00,2026-09-20 11:40:00,53.7,1012.3,79
23.7,34.9,81.2,2163.8,628.2,97.7,12.2,6.5,1.6,451.5,394.7,4.5,19.2,150.7,33.3,22.67,False,4095,0.0,10.0,834.1,EXT-OPEN-METEO-KHI,KARACHI,OPENSOURCE_API_GRID,402,,,,0.95,True,True,TIER2_OPENSOURCE_PURE;CONTINUOUS_MINUTE_STREAM;VERIFIED_MODEL_GRID,89ae8f7b7bc77ebc8a917c85c59d1eda36a4ef5ec17eedd59be7aea3015b4d49,2026-09-20T06:41:00+00:00,2026-09-20 11:41:00,53.8,1012.3,79
23.8,35.0,81.1,2170.0,630.0,98.0,12.2,6.5,1.6,451.4,393.2,4.5,19.2,151.1,33.3,22.67,False,4095,0.0,10.0,835.7,EXT-OPEN-METEO-KHI,KARACHI,OPENSOURCE_API_GRID,403,,,,0.95,True,True,TIER2_OPENSOURCE_PURE;CONTINUOUS_MINUTE_STREAM;VERIFIED_MODEL_GRID,421538552ff72df6947118a31b6240c191b602305071627091d442b3b2ede2b4,2026-09-20T06:42:00+00:00,2026-09-20 11:42:00,53.8,1012.3,79
23.7,34.9,80.9,2163.8,628.2,97.7,12.2,6.5,1.6,451.4,391.8,4.5,19.2,151.5,33.3,22.74,False,4095,0.0,10.0,837.2,EXT-OPEN-METEO-KHI,KARACHI,OPENSOURCE_API_GRID,404,,,,0.95,True,True,TIER2_OPENSOURCE_PURE;CONTINUOUS_MINUTE_STREAM;VERIFIED_MODEL_GRID,848f222ef7b47b3de58ad5c44d46d64d8a13749bf39799903fd1fb0903122f01,2026-09-20T06:43:00+00:00,2026-09-20 11:43:00,54.0,1012.3,79
23.7,34.9,80.8,2163.8,628.2,97.7,12.2,6.5,1.6,451.3,390.4,4.4,19.2,151.9,33.3,22.74,False,4095,0.0,10.0,838.7,EXT-OPEN-METEO-KHI,KARACHI,OPENSOURCE_API_GRID,405,,,,0.95,True,True,TIER2_OPENSOURCE_PURE;CONTINUOUS_MINUTE_STREAM;VERIFIED_MODEL_GRID,695a2be51008e595355c3c8554dce9f06d521bcadfc7cd21f08acd6b849ec3b7,2026-09-20T06:44:00+00:00,2026-09-20 11:44:00,54.0,1012.3,79
23.8,35.0,80.8,2170.0,630.0,98.0,12.2,6.5,1.6,451.3,389.1,4.4,19.2,152.2,33.3,22.74,False,4095,0.0,10.0,840.1,EXT-OPEN-METEO-KHI,KARACHI,OPENSOURCE_API_GRID,406,,,,0.95,True,True,TIER2_OPENSOURCE_PURE;CONTINUOUS_MINUTE_STREAM;VERIFIED_MODEL_GRID,b70dba00602659b1c2c95d996c8fdcbacafe5c463d57fd1c8aefb08875ceb744,2026-09-20T06:45:00+00:00,2026-09-20 11:45:00,54.0,1012.3,79
23.8,35.0,80.8,2170.0,630.0,98.0,12.2,6.5,1.6,451.3,387.9,4.4,19.2,152.6,33.4,22.83,False,4095,0.0,10.0,841.4,EXT-OPEN-METEO-KHI,KARACHI,OPENSOURCE_API_GRID,407,,,,0.95,True,True,TIER2_OPENSOURCE_PURE;CONTINUOUS_MINUTE_STREAM;VERIFIED_MODEL_GRID,1101ca658dc75c217d1d0ebdbe84f82947854379b0070ba487bd1ce39fa08251,2026-09-20T06:46:00+00:00,2026-09-20 11:46:00,54.0,1012.3,79
23.9,35.1,80.7,2176.2,631.8,98.3,12.3,6.5,1.6,451.2,386.7,4.4,19.2,152.9,33.4,22.83,False,4095,0.0,10.0,842.7,EXT-OPEN-METEO-KHI,KARACHI,OPENSOURCE_API_GRID,408,,,,0.95,True,True,TIER2_OPENSOURCE_PURE;CONTINUOUS_MINUTE_STREAM;VERIFIED_MODEL_GRID,4eb4c66d408aa30a1f6351f46d28c92860cf62532b9828fb6733436277618587,2026-09-20T06:47:00+00:00,2026-09-20 11:47:00,54.0,1012.3,79
23.9,35.1,80.7,2176.2,631.8,98.3,12.3,6.5,1.6,451.2,385.6,4.3,19.2,153.2,33.4,22.83,False,4095,0.0,10.0,843.8,EXT-OPEN-METEO-KHI,KARACHI,OPENSOURCE_API_GRID,409,,,,0.95,True,True,TIER2_OPENSOURCE_PURE;CONTINUOUS_MINUTE_STREAM;VERIFIED_MODEL_GRID,2bb6bad1e92c9d94c27c9f0f1a73a9c9195fd75fd3746eee81af39b677f7771f,2026-09-20T06:48:00+00:00,2026-09-20 11:48:00,54.0,1012.3,79
23.9,35.1,80.6,2176.2,631.8,98.3,12.3,6.4,1.6,451.2,384.6,4.3,19.1,153.5,33.4,22.83,False,4095,0.0,10.0,844.9,EXT-OPEN-METEO-KHI,KARACHI,OPENSOURCE_API_GRID,410,,,,0.95,True,True,TIER2_OPENSOURCE_PURE;CONTINUOUS_MINUTE_STREAM;VERIFIED_MODEL_GRID,2c233e692e59369e13ddc85c30066944448c38d2b59371268174978c7be3c1b5,2026-09-20T06:49:00+00:00,2026-09-20 11:49:00,54.0,1012.3,79
23.9,35.1,80.6,2176.2,631.8,98.3,12.3,6.4,1.6,451.1,383.6,4.3,19.1,153.7,33.4,22.83,False,4095,0.0,10.0,845.9,EXT-OPEN-METEO-KHI,KARACHI,OPENSOURCE_API_GRID,411,,,,0.95,True,True,TIER2_OPENSOURCE_PURE;CONTINUOUS_MINUTE_STREAM;VERIFIED_MODEL_GRID,c3f892c50a87558d70b8d9cba6607ad89fc7f799a2077826c3a2777b7d8d7394,2026-09-20T06:50:00+00:00,2026-09-20 11:50:00,54.0,1012.3,79
23.9,35.1,80.5,2176.2,631.8,98.3,12.3,6.4,1.6,451.1,382.8,4.3,19.1,154.0,33.4,22.83,False,4095,0.0,10.0,846.9,EXT-OPEN-METEO-KHI,KARACHI,OPENSOURCE_API_GRID,412,,,,0.95,True,True,TIER2_OPENSOURCE_PURE;CONTINUOUS_MINUTE_STREAM;VERIFIED_MODEL_GRID,02b71f0b9c9f42a5021bf00d473c67ea410ecb658c48de95c756a4b098dc274a,2026-09-20T06:51:00+00:00,2026-09-20 11:51:00,54.0,1012.2,79
23.9,35.1,80.4,2176.2,631.8,98.3,12.3,6.4,1.6,451.1,382.0,4.3,19.1,154.2,33.4,22.83,False,4095,0.0,10.0,847.7,EXT-OPEN-METEO-KHI,KARACHI,OPENSOURCE_API_GRID,413,,,,0.95,True,True,TIER2_OPENSOURCE_PURE;CONTINUOUS_MINUTE_STREAM;VERIFIED_MODEL_GRID,0aaf6baac0554524aa8864f0ec30cb53e5702adeecd76b1986e09d2ceaa54fe5,2026-09-20T06:52:00+00:00,2026-09-20 11:52:00,54.0,1012.2,79
23.9,35.1,80.3,2176.2,631.8,98.3,12.3,6.4,1.6,451.1,381.3,4.2,19.1,154.4,33.4,22.83,False,4095,0.0,10.0,848.4,EXT-OPEN-METEO-KHI,KARACHI,OPENSOURCE_API_GRID,414,,,,0.95,True,True,TIER2_OPENSOURCE_PURE;CONTINUOUS_MINUTE_STREAM;VERIFIED_MODEL_GRID,733604847c98e4085df82992ffd984557ff2b1eb010140be63d1c8dfa8bb6939,2026-09-20T06:53:00+00:00,2026-09-20 11:53:00,54.0,1012.2,79
23.8,35.0,80.2,2170.0,630.0,98.0,12.2,6.4,1.6,451.0,380.7,4.2,19.1,154.5,33.4,22.8,False,4095,0.0,10.0,849.1,EXT-OPEN-METEO-KHI,KARACHI,OPENSOURCE_API_GRID,415,,,,0.95,True,True,TIER2_OPENSOURCE_PURE;CONTINUOUS_MINUTE_STREAM;VERIFIED_MODEL_GRID,6e4a6ded50da79fa8c493e6ef74204d7dd996275b1ce342b95da7b4bba9ab3a1,2026-09-20T06:54:00+00:00,2026-09-20 11:54:00,53.9,1012.2,79
23.8,35.0,80.1,2170.0,630.0,98.0,12.2,6.4,1.6,451.0,380.2,4.2,19.1,154.7,33.4,22.8,False,4095,0.0,10.0,849.6,EXT-OPEN-METEO-KHI,KARACHI,OPENSOURCE_API_GRID,416,,,,0.95,True,True,TIER2_OPENSOURCE_PURE;CONTINUOUS_MINUTE_STREAM;VERIFIED_MODEL_GRID,8b6fc28eb3f41706bf2e5759022aa248cebdd594d0d500ecedede9585c597cfc,2026-09-20T06:55:00+00:00,2026-09-20 11:55:00,53.9,1012.2,79
23.8,35.0,80.0,2170.0,630.0,98.0,12.2,6.4,1.6,451.0,379.8,4.2,19.1,154.8,33.4,22.8,False,4095,0.0,10.0,850.1,EXT-OPEN-METEO-KHI,KARACHI,OPENSOURCE_API_GRID,417,,,,0.95,True,True,TIER2_OPENSOURCE_PURE;CONTINUOUS_MINUTE_STREAM;VERIFIED_MODEL_GRID,dd3814da56ec6fdcc1fcbafbdbb10e7e8aaf0b96e9537ea232042a5eaca5d5ce,2026-09-20T06:56:00+00:00,2026-09-20 11:56:00,53.9,1012.2,79
23.7,34.9,79.9,2163.8,628.2,97.7,12.2,6.4,1.6,451.0,379.4,4.2,19.1,154.9,33.4,22.8,False,4095,0.0,10.0,850.4,EXT-OPEN-METEO-KHI,KARACHI,OPENSOURCE_API_GRID,418,,,,0.95,True,True,TIER2_OPENSOURCE_PURE;CONTINUOUS_MINUTE_STREAM;VERIFIED_MODEL_GRID,2b3e23b6b72b15e3974a19079cbc150bd695b90cf0af7a11e96c3c23ccc6a12f,2026-09-20T06:57:00+00:00,2026-09-20 11:57:00,53.9,1012.2,79
23.7,34.9,79.9,2163.8,628.2,97.7,12.2,6.4,1.6,451.0,379.2,4.2,19.1,154.9,33.4,22.8,False,4095,0.0,10.0,850.7,EXT-OPEN-METEO-KHI,KARACHI,OPENSOURCE_API_GRID,419,,,,0.95,True,True,TIER2_OPENSOURCE_PURE;CONTINUOUS_MINUTE_STREAM;VERIFIED_MODEL_GRID,e9f0dabd9665777b314ad12b5bc859cbcc6e60b5f4f3d189d96bf6538b962604,2026-09-20T06:58:00+00:00,2026-09-20 11:58:00,53.9,1012.2,79
23.7,34.8,79.8,2157.6,626.4,97.4,12.2,6.4,1.6,451.0,379.0,4.2,19.1,155.0,33.4,22.8,False,4095,0.0,10.0,850.8,EXT-OPEN-METEO-KHI,KARACHI,OPENSOURCE_API_GRID,420,,,,0.95,True,True,TIER2_OPENSOURCE_PURE;CONTINUOUS_MINUTE_STREAM;VERIFIED_MODEL_GRID,60986d97b52947baabbe3e90c8e39c925c2c6bcc5379a8bc9d25a2abff79a5c6,2026-09-20T06:59:00+00:00,2026-09-20 11:59:00,53.9,1012.2,79
23.7,34.8,79.7,2157.6,626.4,97.4,12.2,6.4,1.6,451.0,379.0,4.2,19.1,155.0,33.4,22.8,False,4095,0.0,10.0,850.9,EXT-OPEN-METEO-KHI,KARACHI,OPENSOURCE_API_GRID,421,,,,0.95,True,False,TIER2_OPENSOURCE_PURE;HOURLY_NODE;VERIFIED_MODEL_GRID,3fe5770ab24362ef4e7e0648ab2c17807338d471feb6cece0f803d72b69cd9f9,2026-09-20T07:00:00+00:00,2026-09-20 12:00:00,53.9,1012.2,80
23.6,34.7,79.7,2151.4,624.6,97.2,12.1,6.4,1.6,451.0,378.9,4.2,19.1,155.0,33.4,22.8,False,4095,0.0,10.0,850.9,EXT-OPEN-METEO-KHI,KARACHI,OPENSOURCE_API_GRID,422,,,,0.95,True,True,TIER2_OPENSOURCE_PURE;CONTINUOUS_MINUTE_STREAM;VERIFIED_MODEL_GRID,da687cbd01aeaaf0150973c1fe467e04f72004927a4f06cee8ce24c1dd0404eb,2026-09-20T07:01:00+00:00,2026-09-20 12:01:00,53.9,1012.2,80
23.6,34.7,79.6,2151.4,624.6,97.2,12.1,6.4,1.6,451.0,378.8,4.2,19.1,155.0,33.4,22.8,False,4095,0.0,10.0,850.9,EXT-OPEN-METEO-KHI,KARACHI,OPENSOURCE_API_GRID,423,,,,0.95,True,True,TIER2_OPENSOURCE_PURE;CONTINUOUS_MINUTE_STREAM;VERIFIED_MODEL_GRID,2d019b5c3d1834d1203df9282b5b24f2e162b115fa0f2123c77d0764b97d8b3a,2026-09-20T07:02:00+00:00,2026-09-20 12:02:00,53.9,1012.2,80
23.6,34.7,79.6,2151.4,624.6,97.2,12.1,6.4,1.6,451.0,378.4,4.2,19.1,155.1,33.4,22.8,False,4095,0.0,10.0,850.9,EXT-OPEN-METEO-KHI,KARACHI,OPENSOURCE_API_GRID,424,,,,0.95,True,True,TIER2_OPENSOURCE_PURE;CONTINUOUS_MINUTE_STREAM;VERIFIED_MODEL_GRID,225aba1d5d25f465ec94ab1f5e083b3d312913cbde49bd1e258ac2853afe9b0f,2026-09-20T07:03:00+00:00,2026-09-20 12:03:00,53.9,1012.2,80
23.6,34.7,79.5,2151.4,624.6,97.2,12.1,6.4,1.6,451.0,378.0,4.2,19.1,155.1,33.4,22.8,False,4095,0.0,10.0,850.9,EXT-OPEN-METEO-KHI,KARACHI,OPENSOURCE_API_GRID,425,,,,0.95,True,True,TIER2_OPENSOURCE_PURE;CONTINUOUS_MINUTE_STREAM;VERIFIED_MODEL_GRID,ef5ca5d044f005c61a26b912cab4358f20ae45444265461127b32a9b46498e8c,2026-09-20T07:04:00+00:00,2026-09-20 12:04:00,53.9,1012.2,80
23.6,34.7,79.5,2151.4,624.6,97.2,12.1,6.4,1.6,450.9,377.5,4.2,19.1,155.2,33.4,22.8,False,4095,0.0,10.0,850.9,EXT-OPEN-METEO-KHI,KARACHI,OPENSOURCE_API_GRID,426,,,,0.95,True,True,TIER2_OPENSOURCE_PURE;CONTINUOUS_MINUTE_STREAM;VERIFIED_MODEL_GRID,667228b3153b47dbee8239e5b836b987752f885a7a2affce28c85a079ae1bae2,2026-09-20T07:05:00+00:00,2026-09-20 12:05:00,53.9,1012.2,80
23.6,34.7,79.5,2151.4,624.6,97.2,12.1,6.4,1.6,450.9,376.8,4.2,19.0,155.3,33.4,22.8,False,4095,0.0,10.0,850.9,EXT-OPEN-METEO-KHI,KARACHI,OPENSOURCE_API_GRID,427,,,,0.95,True,True,TIER2_OPENSOURCE_PURE;CONTINUOUS_MINUTE_STREAM;VERIFIED_MODEL_GRID,8c525861dd2dfa1835553aea2b0ac40268d28d60e1b4d89943be4a57dea3c8de,2026-09-20T07:06:00+00:00,2026-09-20 12:06:00,53.9,1012.2,80
23.6,34.7,79.4,2151.4,624.6,97.2,12.1,6.4,1.6,450.9,376.0,4.2,19.0,155.4,33.4,22.83,False,4095,0.0,9.9,850.9,EXT-OPEN-METEO-KHI,KARACHI,OPENSOURCE_API_GRID,428,,,,0.95,True,True,TIER2_OPENSOURCE_PURE;CONTINUOUS_MINUTE_STREAM;VERIFIED_MODEL_GRID,9fe8fffc972cf136ff52930f04b179fe5edf773276f11a12127b6abaed597f88,2026-09-20T07:07:00+00:00,2026-09-20 12:07:00,54.0,1012.2,80
23.6,34.7,79.4,2151.4,624.6,97.2,12.1,6.4,1.6,450.9,375.1,4.2,19.0,155.6,33.4,22.83,False,4095,0.0,9.9,850.9,EXT-OPEN-METEO-KHI,KARACHI,OPENSOURCE_API_GRID,429,,,,0.95,True,True,TIER2_OPENSOURCE_PURE;CONTINUOUS_MINUTE_STREAM;VERIFIED_MODEL_GRID,ff0f2da0193bfd1e764eecfad1902574ae06da90557b3d74fabb66468b077f44,2026-09-20T07:08:00+00:00,2026-09-20 12:08:00,54.0,1012.2,80
23.6,34.7,79.4,2151.4,624.6,97.2,12.1,6.4,1.6,450.8,374.1,4.2,19.0,155.7,33.4,22.86,False,4095,0.0,9.9,851.0,EXT-OPEN-METEO-KHI,KARACHI,OPENSOURCE_API_GRID,430,,,,0.95,True,True,TIER2_OPENSOURCE_PURE;CONTINUOUS_MINUTE_STREAM;VERIFIED_MODEL_GRID,3bacc765a73b8fd9d91f83d4805c96a63b1c96269bfdbbae8702fa6a1de9cdd8,2026-09-20T07:09:00+00:00,2026-09-20 12:09:00,54.1,1012.2,80
23.6,34.7,79.4,2151.4,624.6,97.2,12.1,6.4,1.6,450.8,373.0,4.2,19.0,155.9,33.4,22.86,False,4095,0.0,9.9,851.0,EXT-OPEN-METEO-KHI,KARACHI,OPENSOURCE_API_GRID,431,,,,0.95,True,True,TIER2_OPENSOURCE_PURE;CONTINUOUS_MINUTE_STREAM;VERIFIED_MODEL_GRID,93bb43490f39d2b4b5a4ef8497342fda6dda39218895c7b3b865b38da3ebd0ed,2026-09-20T07:10:00+00:00,2026-09-20 12:10:00,54.1,1012.2,80
23.7,34.8,79.3,2157.6,626.4,97.4,12.2,6.3,1.6,450.8,371.7,4.2,18.9,156.0,33.4,22.89,False,4095,0.0,9.8,851.0,EXT-OPEN-METEO-KHI,KARACHI,OPENSOURCE_API_GRID,432,,,,0.95,True,True,TIER2_OPENSOURCE_PURE;CONTINUOUS_MINUTE_STREAM;VERIFIED_MODEL_GRID,c990f2de163b572bf7271d897bba044fcabf3214a09a9d5931d05212ac316e80,2026-09-20T07:11:00+00:00,2026-09-20 12:11:00,54.2,1012.1,80
23.7,34.8,79.3,2157.6,626.4,97.4,12.2,6.3,1.6,450.7,370.4,4.2,18.9,156.2,33.4,22.89,False,4095,0.0,9.8,851.0,EXT-OPEN-METEO-KHI,KARACHI,OPENSOURCE_API_GRID,433,,,,0.95,True,True,TIER2_OPENSOURCE_PURE;CONTINUOUS_MINUTE_STREAM;VERIFIED_MODEL_GRID,318d8cbd4b7c00b723d62eb2d72c2d7a0dddb0a4f0de2116a961b424e91cb736,2026-09-20T07:12:00+00:00,2026-09-20 12:12:00,54.2,1012.1,80
23.7,34.8,79.3,2157.6,626.4,97.4,12.2,6.3,1.6,450.7,369.0,4.1,18.9,156.4,33.4,22.92,False,4095,0.0,9.8,851.0,EXT-OPEN-METEO-KHI,KARACHI,OPENSOURCE_API_GRID,434,,,,0.95,True,True,TIER2_OPENSOURCE_PURE;CONTINUOUS_MINUTE_STREAM;VERIFIED_MODEL_GRID,e9bf801c99ba148a6dd867eb8e2ba105704d06c94f783acaf5d22014be4a392d,2026-09-20T07:13:00+00:00,2026-09-20 12:13:00,54.3,1012.1,80
23.6,34.7,79.1,2151.4,624.6,97.2,12.1,6.3,1.6,450.6,367.4,4.1,18.8,156.7,33.4,22.95,False,4095,0.0,9.7,851.0,EXT-OPEN-METEO-KHI,KARACHI,OPENSOURCE_API_GRID,435,,,,0.95,True,True,TIER2_OPENSOURCE_PURE;CONTINUOUS_MINUTE_STREAM;VERIFIED_MODEL_GRID,9ad1bb05a646f51e640eeac24370798ccb98b2e15cb9dcb39b77bf44fa95093b,2026-09-20T07:14:00+00:00,2026-09-20 12:14:00,54.4,1012.1,80
23.6,34.7,79.0,2151.4,624.6,97.2,12.1,6.3,1.6,450.6,365.8,4.1,18.8,156.9,33.4,22.95,False,4095,0.0,9.7,851.1,EXT-OPEN-METEO-KHI,KARACHI,OPENSOURCE_API_GRID,436,,,,0.95,True,True,TIER2_OPENSOURCE_PURE;CONTINUOUS_MINUTE_STREAM;VERIFIED_MODEL_GRID,053b2726b5c40fe08b5a40638e91df6077451bfcc79f8a3fdcd3444ba6310807,2026-09-20T07:15:00+00:00,2026-09-20 12:15:00,54.4,1012.1,80
23.6,34.7,78.9,2151.4,624.6,97.2,12.1,6.3,1.6,450.5,364.1,4.1,18.8,157.2,33.4,22.98,False,4095,0.0,9.7,851.1,EXT-OPEN-METEO-KHI,KARACHI,OPENSOURCE_API_GRID,437,,,,0.95,True,True,TIER2_OPENSOURCE_PURE;CONTINUOUS_MINUTE_STREAM;VERIFIED_MODEL_GRID,2e7a14bbd6669af9b9616099a6ee81c1228597c6f10409a428aa12dfb7340162,2026-09-20T07:16:00+00:00,2026-09-20 12:16:00,54.5,1012.1,80
23.6,34.7,78.9,2151.4,624.6,97.2,12.1,6.3,1.6,450.4,362.3,4.1,18.7,157.4,33.4,22.98,False,4095,0.0,9.6,851.1,EXT-OPEN-METEO-KHI,KARACHI,OPENSOURCE_API_GRID,438,,,,0.95,True,True,TIER2_OPENSOURCE_PURE;CONTINUOUS_MINUTE_STREAM;VERIFIED_MODEL_GRID,ec04d85584af62bf05484ba2d96d861c59ae5b322e309a8404ea54ee9f3cdd19,2026-09-20T07:17:00+00:00,2026-09-20 12:17:00,54.5,1012.1,80
23.6,34.7,78.8,2151.4,624.6,97.2,12.1,6.3,1.6,450.4,360.5,4.1,18.7,157.7,33.4,22.98,False,4095,0.0,9.6,851.1,EXT-OPEN-METEO-KHI,KARACHI,OPENSOURCE_API_GRID,439,,,,0.95,True,True,TIER2_OPENSOURCE_PURE;CONTINUOUS_MINUTE_STREAM;VERIFIED_MODEL_GRID,d4d7a020b2a81981c912b4841f49af1dadf1877fd82284e932a097893791597e,2026-09-20T07:18:00+00:00,2026-09-20 12:18:00,54.5,1012.1,80
23.6,34.7,78.7,2151.4,624.6,97.2,12.1,6.3,1.6,450.3,358.5,4.1,18.6,158.0,33.4,23.01,False,4095,0.0,9.5,851.2,EXT-OPEN-METEO-KHI,KARACHI,OPENSOURCE_API_GRID,440,,,,0.95,True,True,TIER2_OPENSOURCE_PURE;CONTINUOUS_MINUTE_STREAM;VERIFIED_MODEL_GRID,407281d70bc75626569003b8a461b094d718eb8cde4d75385a73b7f15e89e0c0,2026-09-20T07:19:00+00:00,2026-09-20 12:19:00,54.6,1012.1,80
23.6,34.7,78.5,2151.4,624.6,97.2,12.1,6.3,1.6,450.2,356.5,4.1,18.6,158.2,33.4,23.01,False,4095,0.0,9.5,851.2,EXT-OPEN-METEO-KHI,KARACHI,OPENSOURCE_API_GRID,441,,,,0.95,True,True,TIER2_OPENSOURCE_PURE;CONTINUOUS_MINUTE_STREAM;VERIFIED_MODEL_GRID,33c695d0c4f77131b8b7685a64da3b430ec72482e67ae84f4fbc57b985c72b39,2026-09-20T07:20:00+00:00,2026-09-20 12:20:00,54.6,1012.1,80
23.6,34.7,78.4,2151.4,624.6,97.2,12.1,6.3,1.6,450.2,354.4,4.1,18.5,158.5,33.4,23.01,False,4095,0.0,9.5,851.2,EXT-OPEN-METEO-KHI,KARACHI,OPENSOURCE_API_GRID,442,,,,0.95,True,True,TIER2_OPENSOURCE_PURE;CONTINUOUS_MINUTE_STREAM;VERIFIED_MODEL_GRID,79c05dd54d389d1046fe3d52aa9dbcdce0986163e1a96afc5dfcd2df80811f12,2026-09-20T07:21:00+00:00,2026-09-20 12:21:00,54.6,1012.1,80
23.6,34.7,78.2,2151.4,624.6,97.2,12.1,6.3,1.6,450.1,352.3,4.1,18.5,158.9,33.4,23.01,False,4095,0.0,9.4,851.2,EXT-OPEN-METEO-KHI,KARACHI,OPENSOURCE_API_GRID,443,,,,0.95,True,True,TIER2_OPENSOURCE_PURE;CONTINUOUS_MINUTE_STREAM;VERIFIED_MODEL_GRID,fe97abb01592460b7879547041a7d8f2d0f302a4252899304dd568cf814b8ba1,2026-09-20T07:22:00+00:00,2026-09-20 12:22:00,54.6,1012.0,80
23.5,34.6,78.1,2145.2,622.8,96.9,12.1,6.2,1.6,450.0,350.1,4.0,18.4,159.2,33.4,23.04,False,4095,0.0,9.4,851.3,EXT-OPEN-METEO-KHI,KARACHI,OPENSOURCE_API_GRID,444,,,,0.95,True,True,TIER2_OPENSOURCE_PURE;CONTINUOUS_MINUTE_STREAM;VERIFIED_MODEL_GRID,fcc2608be2c995fef722ff1b855a0ae5b37adb7cf72f8122ac9234c4f106a620,2026-09-20T07:23:00+00:00,2026-09-20 12:23:00,54.7,1012.0,80
23.5,34.5,77.9,2139.0,621.0,96.6,12.1,6.2,1.6,450.0,347.9,4.0,18.4,159.5,33.4,23.04,False,4095,0.0,9.3,851.3,EXT-OPEN-METEO-KHI,KARACHI,OPENSOURCE_API_GRID,445,,,,0.95,True,True,TIER2_OPENSOURCE_PURE;CONTINUOUS_MINUTE_STREAM;VERIFIED_MODEL_GRID,c96fe2aa334132d937378bbfb786925925dea99554ab9f44fdb001db9a6758dd,2026-09-20T07:24:00+00:00,2026-09-20 12:24:00,54.7,1012.0,80
23.5,34.5,77.6,2139.0,621.0,96.6,12.1,6.2,1.6,449.9,345.6,4.0,18.3,159.8,33.4,23.04,False,4095,0.0,9.3,851.3,EXT-OPEN-METEO-KHI,KARACHI,OPENSOURCE_API_GRID,446,,,,0.95,True,True,TIER2_OPENSOURCE_PURE;CONTINUOUS_MINUTE_STREAM;VERIFIED_MODEL_GRID,913c4975a74ef0ba2bb41bd0f42f239f2931e2fbe58896b51ea841eba0b59ebe,2026-09-20T07:25:00+00:00,2026-09-20 12:25:00,54.7,1012.0,80
23.4,34.4,77.4,2132.8,619.2,96.3,12.0,6.2,1.5,449.8,343.4,4.0,18.3,160.1,33.4,23.04,False,4095,0.0,9.2,851.3,EXT-OPEN-METEO-KHI,KARACHI,OPENSOURCE_API_GRID,447,,,,0.95,True,True,TIER2_OPENSOURCE_PURE;CONTINUOUS_MINUTE_STREAM;VERIFIED_MODEL_GRID,fc35fd7e2d3059b0996048b7c8f722375bb2f8cbb1bdebc0ffcba0455a93a2c2,2026-09-20T07:26:00+00:00,2026-09-20 12:26:00,54.7,1012.0,80
23.3,34.3,77.2,2126.6,617.4,96.0,12.0,6.2,1.5,449.7,341.0,4.0,18.2,160.5,33.4,23.07,False,4095,0.0,9.2,851.4,EXT-OPEN-METEO-KHI,KARACHI,OPENSOURCE_API_GRID,448,,,,0.95,True,True,TIER2_OPENSOURCE_PURE;CONTINUOUS_MINUTE_STREAM;VERIFIED_MODEL_GRID,a06b736a4abaada80218206f60ea4eb3a050d45896593ec982863830ada89673,2026-09-20T07:27:00+00:00,2026-09-20 12:27:00,54.8,1012.0,80
23.3,34.2,77.0,2120.4,615.6,95.8,12.0,6.2,1.5,449.7,338.7,4.0,18.2,160.8,33.4,23.07,False,4095,0.0,9.1,851.4,EXT-OPEN-METEO-KHI,KARACHI,OPENSOURCE_API_GRID,449,,,,0.95,True,True,TIER2_OPENSOURCE_PURE;CONTINUOUS_MINUTE_STREAM;VERIFIED_MODEL_GRID,123b4681cd1ccc0964109ef4aac08c96da863951e6e2a47477142690b8be10d3,2026-09-20T07:28:00+00:00,2026-09-20 12:28:00,54.8,1012.0,80
23.3,34.2,76.7,2120.4,615.6,95.8,12.0,6.1,1.5,449.6,336.4,4.0,18.1,161.2,33.4,23.07,False,4095,0.0,9.1,851.4,EXT-OPEN-METEO-KHI,KARACHI,OPENSOURCE_API_GRID,450,,,,0.95,True,True,TIER2_OPENSOURCE_PURE;CONTINUOUS_MINUTE_STREAM;VERIFIED_MODEL_GRID,fca0976960be9f29a514819b80ca8a10e81e2fa6100546b166f54f926a0083cd,2026-09-20T07:29:00+00:00,2026-09-20 12:29:00,54.8,1011.9,80
23.2,34.1,76.5,2114.2,613.8,95.5,11.9,6.1,1.5,449.5,334.0,4.0,18.0,161.5,33.4,23.1,False,4095,0.0,9.0,851.4,EXT-OPEN-METEO-KHI,KARACHI,OPENSOURCE_API_GRID,451,,,,0.95,True,True,TIER2_OPENSOURCE_PURE;CONTINUOUS_MINUTE_STREAM;VERIFIED_MODEL_GRID,7cb6e996aea06480f383e130b4b31d8cfd57971f7dce4c48cc92460d9151e461,2026-09-20T07:30:00+00:00,2026-09-20 12:30:00,54.9,1011.9,80
23.1,34.0,76.2,2108.0,612.0,95.2,11.9,6.1,1.5,449.4,331.6,3.9,18.0,161.8,33.4,23.1,False,4095,0.0,8.9,851.5,EXT-OPEN-METEO-KHI,KARACHI,OPENSOURCE_API_GRID,452,,,,0.95,True,True,TIER2_OPENSOURCE_PURE;CONTINUOUS_MINUTE_STREAM;VERIFIED_MODEL_GRID,b00776e8fa1699069c9c76f78f9b4d87e20aeb8e375e6424a4e9d3fc04466b58,2026-09-20T07:31:00+00:00,2026-09-20 12:31:00,54.9,1011.9,80
23.1,33.9,76.0,2101.8,610.2,94.9,11.9,6.1,1.5,449.3,329.3,3.9,17.9,162.2,33.4,23.13,False,4095,0.0,8.9,851.5,EXT-OPEN-METEO-KHI,KARACHI,OPENSOURCE_API_GRID,453,,,,0.95,True,True,TIER2_OPENSOURCE_PURE;CONTINUOUS_MINUTE_STREAM;VERIFIED_MODEL_GRID,649126499a93186fa8c8f362c1ec9c35b61cc55c39719428c3819e2fde924c74,2026-09-20T07:32:00+00:00,2026-09-20 12:32:00,55.0,1011.9,80
23.1,33.9,75.8,2101.8,610.2,94.9,11.9,6.1,1.5,449.3,327.0,3.9,17.9,162.5,33.4,23.13,False,4095,0.0,8.8,851.5,EXT-OPEN-METEO-KHI,KARACHI,OPENSOURCE_API_GRID,454,,,,0.95,True,True,TIER2_OPENSOURCE_PURE;CONTINUOUS_MINUTE_STREAM;VERIFIED_MODEL_GRID,04353ab1442935318b1dcb67a6c57c3ddf61ac132654f52a7e61cfb125f45fa3,2026-09-20T07:33:00+00:00,2026-09-20 12:33:00,55.0,1011.9,80
23.0,33.8,75.6,2095.6,608.4,94.6,11.8,6.0,1.5,449.2,324.6,3.9,17.8,162.9,33.4,23.16,False,4095,0.0,8.8,851.6,EXT-OPEN-METEO-KHI,KARACHI,OPENSOURCE_API_GRID,455,,,,0.95,True,True,TIER2_OPENSOURCE_PURE;CONTINUOUS_MINUTE_STREAM;VERIFIED_MODEL_GRID,b19a11a8afc06808895688d67dd478c910571b512be1fc6d97319c14a23db257,2026-09-20T07:34:00+00:00,2026-09-20 12:34:00,55.1,1011.8,80
23.0,33.8,75.4,2095.6,608.4,94.6,11.8,6.0,1.5,449.1,322.4,3.9,17.8,163.2,33.4,23.16,False,4095,0.0,8.7,851.6,EXT-OPEN-METEO-KHI,KARACHI,OPENSOURCE_API_GRID,456,,,,0.95,True,True,TIER2_OPENSOURCE_PURE;CONTINUOUS_MINUTE_STREAM;VERIFIED_MODEL_GRID,1d5fb93bef187bb5fa4e1b8464f1b39c316c693d16568ace1249d345fc61d91d,2026-09-20T07:35:00+00:00,2026-09-20 12:35:00,55.1,1011.8,80
22.9,33.7,75.3,2089.4,606.6,94.4,11.8,6.0,1.5,449.0,320.1,3.9,17.7,163.5,33.4,23.19,False,4095,0.0,8.7,851.6,EXT-OPEN-METEO-KHI,KARACHI,OPENSOURCE_API_GRID,457,,,,0.95,True,True,TIER2_OPENSOURCE_PURE;CONTINUOUS_MINUTE_STREAM;VERIFIED_MODEL_GRID,e20475fccd4b6b65869caa79cb0f9696aa4a694c9369bdb5d4885f091f132422,2026-09-20T07:36:00+00:00,2026-09-20 12:36:00,55.2,1011.8,80
22.9,33.7,75.1,2089.4,606.6,94.4,11.8,6.0,1.5,449.0,317.9,3.9,17.7,163.8,33.4,23.19,False,4095,0.0,8.6,851.6,EXT-OPEN-METEO-KHI,KARACHI,OPENSOURCE_API_GRID,458,,,,0.95,True,True,TIER2_OPENSOURCE_PURE;CONTINUOUS_MINUTE_STREAM;VERIFIED_MODEL_GRID,8a7e7eb25d18dc04346e6b92e384046b975ef22d39391f59686be6d0fbe14cfa,2026-09-20T07:37:00+00:00,2026-09-20 12:37:00,55.2,1011.8,80
22.9,33.7,75.0,2089.4,606.6,94.4,11.8,6.0,1.5,448.9,315.7,3.8,17.6,164.1,33.4,23.22,False,4095,0.0,8.6,851.7,EXT-OPEN-METEO-KHI,KARACHI,OPENSOURCE_API_GRID,459,,,,0.95,True,True,TIER2_OPENSOURCE_PURE;CONTINUOUS_MINUTE_STREAM;VERIFIED_MODEL_GRID,4782b80c182ac1d5fa2cdedd4c8a8530efbb25414eadfbc7fd088f9f59107c19,2026-09-20T07:38:00+00:00,2026-09-20 12:38:00,55.3,1011.8,80
22.9,33.7,74.9,2089.4,606.6,94.4,11.8,6.0,1.5,448.8,313.6,3.8,17.6,164.5,33.4,23.25,False,4095,0.0,8.5,851.7,EXT-OPEN-METEO-KHI,KARACHI,OPENSOURCE_API_GRID,460,,,,0.95,True,True,TIER2_OPENSOURCE_PURE;CONTINUOUS_MINUTE_STREAM;VERIFIED_MODEL_GRID,85d894290a58a7f48cd86bb71a7d99071534382dd6f8cf36872a1dbd4800a51d,2026-09-20T07:39:00+00:00,2026-09-20 12:39:00,55.4,1011.8,80
22.9,33.7,74.8,2089.4,606.6,94.4,11.8,6.0,1.5,448.8,311.5,3.8,17.5,164.8,33.4,23.25,False,4095,0.0,8.5,851.7,EXT-OPEN-METEO-KHI,KARACHI,OPENSOURCE_API_GRID,461,,,,0.95,True,True,TIER2_OPENSOURCE_PURE;CONTINUOUS_MINUTE_STREAM;VERIFIED_MODEL_GRID,f652774805a79b273c89fc86aad99341b36c93e03c2a95f359c08bea37f9a8e1,2026-09-20T07:40:00+00:00,2026-09-20 12:40:00,55.4,1011.7,80
22.9,33.7,74.7,2089.4,606.6,94.4,11.8,6.0,1.5,448.7,309.5,3.8,17.5,165.0,33.4,23.28,False,4095,0.0,8.5,851.7,EXT-OPEN-METEO-KHI,KARACHI,OPENSOURCE_API_GRID,462,,,,0.95,True,True,TIER2_OPENSOURCE_PURE;CONTINUOUS_MINUTE_STREAM;VERIFIED_MODEL_GRID,20d3e789ee817fb91c5ebfa3c1c28a786cadd396069e14a87ef4ad2384ca0a09,2026-09-20T07:41:00+00:00,2026-09-20 12:41:00,55.5,1011.7,80
22.9,33.7,74.6,2089.4,606.6,94.4,11.8,6.0,1.5,448.6,307.5,3.8,17.4,165.3,33.4,23.31,False,4095,0.0,8.4,851.8,EXT-OPEN-METEO-KHI,KARACHI,OPENSOURCE_API_GRID,463,,,,0.95,True,True,TIER2_OPENSOURCE_PURE;CONTINUOUS_MINUTE_STREAM;VERIFIED_MODEL_GRID,c6a35c55630cc17eceedcf799f37cc46321308ac983583cf258d0e9966d5dd99,2026-09-20T07:42:00+00:00,2026-09-20 12:42:00,55.6,1011.7,80
22.9,33.7,74.6,2089.4,606.6,94.4,11.8,6.0,1.5,448.6,305.7,3.8,17.4,165.6,33.4,23.31,False,4095,0.0,8.4,851.8,EXT-OPEN-METEO-KHI,KARACHI,OPENSOURCE_API_GRID,464,,,,0.95,True,True,TIER2_OPENSOURCE_PURE;CONTINUOUS_MINUTE_STREAM;VERIFIED_MODEL_GRID,eb9083fd5f8a0f54bcce3058d92b63e7d601fcf40678d292720f4f455c013047,2026-09-20T07:43:00+00:00,2026-09-20 12:43:00,55.6,1011.7,80
22.9,33.7,74.5,2089.4,606.6,94.4,11.8,6.0,1.5,448.5,303.9,3.8,17.3,165.8,33.4,23.34,False,4095,0.0,8.3,851.8,EXT-OPEN-METEO-KHI,KARACHI,OPENSOURCE_API_GRID,465,,,,0.95,True,True,TIER2_OPENSOURCE_PURE;CONTINUOUS_MINUTE_STREAM;VERIFIED_MODEL_GRID,66badaabb7e55218052063e0602014899e4b0d2e64818794737c8734ff806139,2026-09-20T07:44:00+00:00,2026-09-20 12:44:00,55.7,1011.7,80
22.8,33.6,74.3,2083.2,604.8,94.1,11.8,5.9,1.5,448.4,302.2,3.8,17.3,166.1,33.4,23.4,False,4095,0.0,8.3,851.8,EXT-OPEN-METEO-KHI,KARACHI,OPENSOURCE_API_GRID,466,,,,0.95,True,True,TIER2_OPENSOURCE_PURE;CONTINUOUS_MINUTE_STREAM;VERIFIED_MODEL_GRID,ff3c7c4c7a9dd3a25dbd9cef514064bb157cab5f0be11ce4d4aa49cccb0d3766,2026-09-20T07:45:00+00:00,2026-09-20 12:45:00,55.9,1011.7,80
22.8,33.6,74.2,2083.2,604.8,94.1,11.8,5.9,1.5,448.4,300.6,3.8,17.3,166.3,33.4,23.4,False,4095,0.0,8.3,851.9,EXT-OPEN-METEO-KHI,KARACHI,OPENSOURCE_API_GRID,467,,,,0.95,True,True,TIER2_OPENSOURCE_PURE;CONTINUOUS_MINUTE_STREAM;VERIFIED_MODEL_GRID,5a6c5da4c5b8e89d79d3aed82a1c70fd29b2640c379364dd7162735d2ca2abe0,2026-09-20T07:46:00+00:00,2026-09-20 12:46:00,55.9,1011.7,80
22.9,33.7,74.2,2089.4,606.6,94.4,11.8,5.9,1.5,448.3,299.0,3.8,17.2,166.6,33.4,23.4,False,4095,0.0,8.2,851.9,EXT-OPEN-METEO-KHI,KARACHI,OPENSOURCE_API_GRID,468,,,,0.95,True,True,TIER2_OPENSOURCE_PURE;CONTINUOUS_MINUTE_STREAM;VERIFIED_MODEL_GRID,3dca34b8c25833b5cf776ccf46bc6097664f83a79b7b846adab4b39e51753d4a,2026-09-20T07:47:00+00:00,2026-09-20 12:47:00,55.9,1011.7,80
22.9,33.7,74.1,2089.4,606.6,94.4,11.8,5.9,1.5,448.3,297.6,3.7,17.2,166.8,33.4,23.4,False,4095,0.0,8.2,851.9,EXT-OPEN-METEO-KHI,KARACHI,OPENSOURCE_API_GRID,469,,,,0.95,True,True,TIER2_OPENSOURCE_PURE;CONTINUOUS_MINUTE_STREAM;VERIFIED_MODEL_GRID,9b00c94f2dc3afa976ad5447c554c2b70942bdfcf5a6e143c5fec3f69f10ca61,2026-09-20T07:48:00+00:00,2026-09-20 12:48:00,55.9,1011.7,80
22.9,33.7,74.1,2089.4,606.6,94.4,11.8,5.9,1.5,448.2,296.3,3.7,17.2,167.0,33.4,23.43,False,4095,0.0,8.2,851.9,EXT-OPEN-METEO-KHI,KARACHI,OPENSOURCE_API_GRID,470,,,,0.95,True,True,TIER2_OPENSOURCE_PURE;CONTINUOUS_MINUTE_STREAM;VERIFIED_MODEL_GRID,07d5c869bf68988bb4f48ec5a0c41f99c76671750e9ac420bc64007225ab4313,2026-09-20T07:49:00+00:00,2026-09-20 12:49:00,56.0,1011.7,80
22.9,33.7,74.0,2089.4,606.6,94.4,11.8,5.9,1.5,448.2,295.0,3.7,17.1,167.1,33.4,23.43,False,4095,0.0,8.1,851.9,EXT-OPEN-METEO-KHI,KARACHI,OPENSOURCE_API_GRID,471,,,,0.95,True,True,TIER2_OPENSOURCE_PURE;CONTINUOUS_MINUTE_STREAM;VERIFIED_MODEL_GRID,ce9fecf71714ef9798c355298e448ca39546d73af8335dfdd0e4e4163fcf5b70,2026-09-20T07:50:00+00:00,2026-09-20 12:50:00,56.0,1011.7,80
22.9,33.7,74.0,2089.4,606.6,94.4,11.8,5.9,1.5,448.2,293.9,3.7,17.1,167.3,33.4,23.43,False,4095,0.0,8.1,851.9,EXT-OPEN-METEO-KHI,KARACHI,OPENSOURCE_API_GRID,472,,,,0.95,True,True,TIER2_OPENSOURCE_PURE;CONTINUOUS_MINUTE_STREAM;VERIFIED_MODEL_GRID,935462cb6eec0bf29da91ba1681ad456b7820d1ba08e850c053f0da9358bd544,2026-09-20T07:51:00+00:00,2026-09-20 12:51:00,56.0,1011.6,80
22.9,33.7,73.9,2089.4,606.6,94.4,11.8,5.9,1.5,448.1,292.9,3.7,17.1,167.4,33.4,23.43,False,4095,0.0,8.1,852.0,EXT-OPEN-METEO-KHI,KARACHI,OPENSOURCE_API_GRID,473,,,,0.95,True,True,TIER2_OPENSOURCE_PURE;CONTINUOUS_MINUTE_STREAM;VERIFIED_MODEL_GRID,d4fe289a3264fb4e879afa176d3d68adb123c79bb41b225a2e1e86f4cc01ea4f,2026-09-20T07:52:00+00:00,2026-09-20 12:52:00,56.0,1011.6,80
22.8,33.6,73.8,2083.2,604.8,94.1,11.8,5.9,1.5,448.1,292.0,3.7,17.1,167.6,33.4,23.43,False,4095,0.0,8.1,852.0,EXT-OPEN-METEO-KHI,KARACHI,OPENSOURCE_API_GRID,474,,,,0.95,True,True,TIER2_OPENSOURCE_PURE;CONTINUOUS_MINUTE_STREAM;VERIFIED_MODEL_GRID,eff210cfca7b62674da547c278ffb4394df06b94423878e88d3747e82ceab108,2026-09-20T07:53:00+00:00,2026-09-20 12:53:00,56.0,1011.6,80
22.8,33.6,73.7,2083.2,604.8,94.1,11.8,5.9,1.5,448.1,291.2,3.7,17.1,167.7,33.4,23.43,False,4095,0.0,8.0,852.0,EXT-OPEN-METEO-KHI,KARACHI,OPENSOURCE_API_GRID,475,,,,0.95,True,True,TIER2_OPENSOURCE_PURE;CONTINUOUS_MINUTE_STREAM;VERIFIED_MODEL_GRID,b2b908812a719b23f2a6dbb0c72e59e2bd11db0be75b285488b7cfa06621b0e9,2026-09-20T07:54:00+00:00,2026-09-20 12:54:00,56.0,1011.6,80
22.8,33.6,73.7,2083.2,604.8,94.1,11.8,5.9,1.5,448.1,290.5,3.7,17.0,167.8,33.4,23.43,False,4095,0.0,8.0,852.0,EXT-OPEN-METEO-KHI,KARACHI,OPENSOURCE_API_GRID,476,,,,0.95,True,True,TIER2_OPENSOURCE_PURE;CONTINUOUS_MINUTE_STREAM;VERIFIED_MODEL_GRID,c1cfcfe776e4aa5a3f9b0c140e80758eefa33fc59b161cd20561cd1aba899a3b,2026-09-20T07:55:00+00:00,2026-09-20 12:55:00,56.0,1011.6,80
22.8,33.5,73.6,2077.0,603.0,93.8,11.7,5.9,1.5,448.0,290.0,3.7,17.0,167.9,33.4,23.4,False,4095,0.0,8.0,852.0,EXT-OPEN-METEO-KHI,KARACHI,OPENSOURCE_API_GRID,477,,,,0.95,True,True,TIER2_OPENSOURCE_PURE;CONTINUOUS_MINUTE_STREAM;VERIFIED_MODEL_GRID,87876dd41dfaf2537eaa505dd23788b15a274601bea997110265bdfa69bfaf93,2026-09-20T07:56:00+00:00,2026-09-20 12:56:00,55.9,1011.6,80
22.8,33.5,73.5,2077.0,603.0,93.8,11.7,5.9,1.5,448.0,289.6,3.7,17.0,167.9,33.4,23.4,False,4095,0.0,8.0,852.0,EXT-OPEN-METEO-KHI,KARACHI,OPENSOURCE_API_GRID,478,,,,0.95,True,True,TIER2_OPENSOURCE_PURE;CONTINUOUS_MINUTE_STREAM;VERIFIED_MODEL_GRID,609d747acadc74604fa29b46349f66f2222d32f1ab932ab67c5d7a1e76114f43,2026-09-20T07:57:00+00:00,2026-09-20 12:57:00,55.9,1011.6,80
22.8,33.5,73.4,2077.0,603.0,93.8,11.7,5.9,1.5,448.0,289.2,3.7,17.0,168.0,33.4,23.4,False,4095,0.0,8.0,852.0,EXT-OPEN-METEO-KHI,KARACHI,OPENSOURCE_API_GRID,479,,,,0.95,True,True,TIER2_OPENSOURCE_PURE;CONTINUOUS_MINUTE_STREAM;VERIFIED_MODEL_GRID,fccb881928bf071b3f9687ae0df0cc7ddb27db64bd2c26abf1442012ab4c3629,2026-09-20T07:58:00+00:00,2026-09-20 12:58:00,55.9,1011.6,80
22.7,33.4,73.3,2070.8,601.2,93.5,11.7,5.9,1.5,448.0,289.1,3.7,17.0,168.0,33.4,23.4,False,4095,0.0,8.0,852.0,EXT-OPEN-METEO-KHI,KARACHI,OPENSOURCE_API_GRID,480,,,,0.95,True,True,TIER2_OPENSOURCE_PURE;CONTINUOUS_MINUTE_STREAM;VERIFIED_MODEL_GRID,54f2ef35d6724c37f4b49520957d940a0694043c52408e5b39366694d94143f3,2026-09-20T07:59:00+00:00,2026-09-20 12:59:00,55.9,1011.6,80
22.7,33.4,73.2,2070.8,601.2,93.5,11.7,5.9,1.5,448.0,289.0,3.7,17.0,168.0,33.4,23.4,False,4095,0.0,8.0,852.0,EXT-OPEN-METEO-KHI,KARACHI,OPENSOURCE_API_GRID,481,,,,0.95,True,False,TIER2_OPENSOURCE_PURE;HOURLY_NODE;VERIFIED_MODEL_GRID,c19cc860d9c6d74d9b63ad83c3d2f5d0497185b54b96825a03e8f735ed63a9c8,2026-09-20T08:00:00+00:00,2026-09-20 13:00:00,55.9,1011.6,80
22.6,33.3,73.2,2064.6,599.4,93.2,11.7,5.9,1.5,448.0,289.0,3.7,17.0,168.0,33.4,23.4,False,4095,0.0,8.0,851.9,EXT-OPEN-METEO-KHI,KARACHI,OPENSOURCE_API_GRID,482,,,,0.95,True,True,TIER2_OPENSOURCE_PURE;CONTINUOUS_MINUTE_STREAM;VERIFIED_MODEL_GRID,9bd476eaeded109a172c04d18d58490fbb4d383f53412018c4cfb017ce336e40,2026-09-20T08:01:00+00:00,2026-09-20 13:01:00,55.9,1011.6,80
22.6,33.3,73.1,2064.6,599.4,93.2,11.7,5.8,1.5,448.0,288.8,3.7,17.0,168.0,33.4,23.4,False,4095,0.0,8.0,851.7,EXT-OPEN-METEO-KHI,KARACHI,OPENSOURCE_API_GRID,483,,,,0.95,True,True,TIER2_OPENSOURCE_PURE;CONTINUOUS_MINUTE_STREAM;VERIFIED_MODEL_GRID,bf2e2b6a0e955d1427ec7d096c8df0d8fcc3340cab91b51c4967708e0bc269c8,2026-09-20T08:02:00+00:00,2026-09-20 13:02:00,55.9,1011.6,80
22.6,33.2,73.0,2058.4,597.6,93.0,11.6,5.8,1.5,448.0,288.6,3.7,17.0,168.0,33.4,23.37,False,4095,0.0,8.0,851.3,EXT-OPEN-METEO-KHI,KARACHI,OPENSOURCE_API_GRID,484,,,,0.95,True,True,TIER2_OPENSOURCE_PURE;CONTINUOUS_MINUTE_STREAM;VERIFIED_MODEL_GRID,2e12b386b365a12c16b0b89eef146e770f65f084d34e50a35ade8fb8fdc09ab0,2026-09-20T08:03:00+00:00,2026-09-20 13:03:00,55.8,1011.6,80
22.6,33.2,73.0,2058.4,597.6,93.0,11.6,5.8,1.5,448.0,288.3,3.7,17.0,168.0,33.4,23.37,False,4095,0.0,8.0,850.8,EXT-OPEN-METEO-KHI,KARACHI,OPENSOURCE_API_GRID,485,,,,0.95,True,True,TIER2_OPENSOURCE_PURE;CONTINUOUS_MINUTE_STREAM;VERIFIED_MODEL_GRID,a9f3d80668af38f975d5dedad0cd2e980e571c0fd4de5e24dac721d906b048bd,2026-09-20T08:04:00+00:00,2026-09-20 13:04:00,55.8,1011.6,80
22.6,33.2,72.9,2058.4,597.6,93.0,11.6,5.8,1.5,448.0,288.0,3.7,17.0,168.0,33.4,23.37,False,4095,0.0,8.0,850.2,EXT-OPEN-METEO-KHI,KARACHI,OPENSOURCE_API_GRID,486,,,,0.95,True,True,TIER2_OPENSOURCE_PURE;CONTINUOUS_MINUTE_STREAM;VERIFIED_MODEL_GRID,4e72dd08ffe2a5c6a8cdb803ca032ae879d0f55f5de89d283a8c05bb9a53da07,2026-09-20T08:05:00+00:00,2026-09-20 13:05:00,55.8,1011.6,80
22.6,33.2,72.9,2058.4,597.6,93.0,11.6,5.8,1.5,448.0,287.5,3.7,16.9,168.0,33.4,23.37,False,4095,0.0,8.0,849.4,EXT-OPEN-METEO-KHI,KARACHI,OPENSOURCE_API_GRID,487,,,,0.95,True,True,TIER2_OPENSOURCE_PURE;CONTINUOUS_MINUTE_STREAM;VERIFIED_MODEL_GRID,e92b11774d824cb5c39d759bcd421390d7eeca18378ba45abd327ad66f65da8d,2026-09-20T08:06:00+00:00,2026-09-20 13:06:00,55.8,1011.6,80
22.6,33.2,72.9,2058.4,597.6,93.0,11.6,5.8,1.5,447.9,287.0,3.7,16.9,168.1,33.4,23.37,False,4095,0.0,8.0,848.5,EXT-OPEN-METEO-KHI,KARACHI,OPENSOURCE_API_GRID,488,,,,0.95,True,True,TIER2_OPENSOURCE_PURE;CONTINUOUS_MINUTE_STREAM;VERIFIED_MODEL_GRID,ad08ad333c824cd96bd04e271ac858a5e38138fb3eb2a10581c0c588241e25d5,2026-09-20T08:07:00+00:00,2026-09-20 13:07:00,55.8,1011.6,80
22.6,33.2,72.9,2058.4,597.6,93.0,11.6,5.8,1.5,447.9,286.4,3.7,16.9,168.1,33.4,23.37,False,4095,0.0,8.0,847.4,EXT-OPEN-METEO-KHI,KARACHI,OPENSOURCE_API_GRID,489,,,,0.95,True,True,TIER2_OPENSOURCE_PURE;CONTINUOUS_MINUTE_STREAM;VERIFIED_MODEL_GRID,5aca1ea35b0320b55cfecc9a1962c342ea352722c24e720f44f5b6c4c17db762,2026-09-20T08:08:00+00:00,2026-09-20 13:08:00,55.8,1011.6,80
22.6,33.2,72.8,2058.4,597.6,93.0,11.6,5.8,1.5,447.9,285.7,3.7,16.9,168.1,33.4,23.37,False,4095,0.0,8.1,846.2,EXT-OPEN-METEO-KHI,KARACHI,OPENSOURCE_API_GRID,490,,,,0.95,True,True,TIER2_OPENSOURCE_PURE;CONTINUOUS_MINUTE_STREAM;VERIFIED_MODEL_GRID,858e8b42307f9e5f50f88066b1edc119de141bf217180f8fda15901bf29c7324,2026-09-20T08:09:00+00:00,2026-09-20 13:09:00,55.8,1011.6,80
22.6,33.2,72.8,2058.4,597.6,93.0,11.6,5.8,1.5,447.9,284.9,3.7,16.9,168.1,33.4,23.37,False,4095,0.0,8.1,844.9,EXT-OPEN-METEO-KHI,KARACHI,OPENSOURCE_API_GRID,491,,,,0.95,True,True,TIER2_OPENSOURCE_PURE;CONTINUOUS_MINUTE_STREAM;VERIFIED_MODEL_GRID,032d4678c70304b84b7a4bdd343e86570e4443d2eafef3a10b0e07c7dc0bc1e3,2026-09-20T08:10:00+00:00,2026-09-20 13:10:00,55.8,1011.5,80
22.6,33.2,72.8,2058.4,597.6,93.0,11.6,5.8,1.5,447.8,284.1,3.7,16.8,168.2,33.4,23.37,False,4095,0.0,8.1,843.5,EXT-OPEN-METEO-KHI,KARACHI,OPENSOURCE_API_GRID,492,,,,0.95,True,True,TIER2_OPENSOURCE_PURE;CONTINUOUS_MINUTE_STREAM;VERIFIED_MODEL_GRID,726bc4daaa27ec84cd386e0dc5f3ba41424ffe52d9ffdd3dbcb67bc37c9c4880,2026-09-20T08:11:00+00:00,2026-09-20 13:11:00,55.8,1011.5,80
22.6,33.2,72.8,2058.4,597.6,93.0,11.6,5.8,1.5,447.8,283.2,3.7,16.8,168.2,33.4,23.37,False,4095,0.0,8.1,841.9,EXT-OPEN-METEO-KHI,KARACHI,OPENSOURCE_API_GRID,493,,,,0.95,True,True,TIER2_OPENSOURCE_PURE;CONTINUOUS_MINUTE_STREAM;VERIFIED_MODEL_GRID,0eb5bbc00454ceb92babd73546d87b2c366c78b8c965aed1fac061a83897e70a,2026-09-20T08:12:00+00:00,2026-09-20 13:12:00,55.8,1011.5,80
22.6,33.3,72.8,2064.6,599.4,93.2,11.7,5.8,1.5,447.8,282.2,3.7,16.8,168.2,33.4,23.37,False,4095,0.0,8.1,840.2,EXT-OPEN-METEO-KHI,KARACHI,OPENSOURCE_API_GRID,494,,,,0.95,True,True,TIER2_OPENSOURCE_PURE;CONTINUOUS_MINUTE_STREAM;VERIFIED_MODEL_GRID,bf4372ff775d436ef4f1c142cabf9bb9a00989d038c2e09f1f41001fae06c39c,2026-09-20T08:13:00+00:00,2026-09-20 13:13:00,55.8,1011.5,80
22.6,33.3,72.8,2064.6,599.4,93.2,11.7,5.8,1.5,447.7,281.2,3.7,16.7,168.3,33.4,23.37,False,4095,0.0,8.1,838.4,EXT-OPEN-METEO-KHI,KARACHI,OPENSOURCE_API_GRID,495,,,,0.95,True,True,TIER2_OPENSOURCE_PURE;CONTINUOUS_MINUTE_STREAM;VERIFIED_MODEL_GRID,72db242577a22ece84dd17253b47c235cd0d559edd16cc4b7ff27bd7a83e3156,2026-09-20T08:14:00+00:00,2026-09-20 13:14:00,55.8,1011.5,80
22.6,33.3,72.8,2064.6,599.4,93.2,11.7,5.8,1.5,447.7,280.1,3.7,16.7,168.3,33.4,23.34,False,4095,0.0,8.1,836.5,EXT-OPEN-METEO-KHI,KARACHI,OPENSOURCE_API_GRID,496,,,,0.95,True,True,TIER2_OPENSOURCE_PURE;CONTINUOUS_MINUTE_STREAM;VERIFIED_MODEL_GRID,a591d75151f1f1b81a7e4ff4a98e5a9520559cb072394fe32efc637337e70495,2026-09-20T08:15:00+00:00,2026-09-20 13:15:00,55.7,1011.5,80
22.6,33.2,72.7,2058.4,597.6,93.0,11.6,5.8,1.5,447.7,278.9,3.7,16.7,168.3,33.4,23.37,False,4095,0.0,8.2,834.5,EXT-OPEN-METEO-KHI,KARACHI,OPENSOURCE_API_GRID,497,,,,0.95,True,True,TIER2_OPENSOURCE_PURE;CONTINUOUS_MINUTE_STREAM;VERIFIED_MODEL_GRID,20d8f561da47dff6ca312a9ab436d38ea970eee460f20886b7f668348b353176,2026-09-20T08:16:00+00:00,2026-09-20 13:16:00,55.8,1011.5,80
22.6,33.2,72.6,2058.4,597.6,93.0,11.6,5.8,1.5,447.6,277.7,3.8,16.6,168.4,33.4,23.37,False,4095,0.0,8.2,832.4,EXT-OPEN-METEO-KHI,KARACHI,OPENSOURCE_API_GRID,498,,,,0.95,True,True,TIER2_OPENSOURCE_PURE;CONTINUOUS_MINUTE_STREAM;VERIFIED_MODEL_GRID,100f289efd9fefce252d5dd9c1b66b24d74536a3d3ca590327cd9fc5e5eea058,2026-09-20T08:17:00+00:00,2026-09-20 13:17:00,55.8,1011.4,80
22.6,33.2,72.6,2058.4,597.6,93.0,11.6,5.8,1.5,447.6,276.4,3.8,16.6,168.4,33.4,23.34,False,4095,0.0,8.2,830.2,EXT-OPEN-METEO-KHI,KARACHI,OPENSOURCE_API_GRID,499,,,,0.95,True,True,TIER2_OPENSOURCE_PURE;CONTINUOUS_MINUTE_STREAM;VERIFIED_MODEL_GRID,48a33edd383ca27d9f7d0fc84c1a9dc27175402466de03f839d273468b03b654,2026-09-20T08:18:00+00:00,2026-09-20 13:18:00,55.7,1011.4,80
22.6,33.3,72.6,2064.6,599.4,93.2,11.7,5.8,1.5,447.5,275.1,3.8,16.5,168.5,33.5,23.43,False,4095,0.0,8.2,827.9,EXT-OPEN-METEO-KHI,KARACHI,OPENSOURCE_API_GRID,500,,,,0.95,True,True,TIER2_OPENSOURCE_PURE;CONTINUOUS_MINUTE_STREAM;VERIFIED_MODEL_GRID,f4ece288360345c73a83af0e1394114a52b845ebe3a78d0ff38d9d648a6aa882,2026-09-20T08:19:00+00:00,2026-09-20 13:19:00,55.7,1011.4,80
22.6,33.3,72.6,2064.6,599.4,93.2,11.7,5.8,1.5,447.5,273.8,3.8,16.5,168.5,33.5,23.4,False,4095,0.0,8.2,825.6,EXT-OPEN-METEO-KHI,KARACHI,OPENSOURCE_API_GRID,501,,,,0.95,True,True,TIER2_OPENSOURCE_PURE;CONTINUOUS_MINUTE_STREAM;VERIFIED_MODEL_GRID,6be9fbfbe0c5e5e58741e37b13354712d6064a6589baf646ccf889797bde530d,2026-09-20T08:20:00+00:00,2026-09-20 13:20:00,55.6,1011.4,80
22.6,33.3,72.5,2064.6,599.4,93.2,11.7,5.8,1.4,447.5,272.3,3.8,16.4,168.5,33.5,23.4,False,4095,0.0,8.3,823.1,EXT-OPEN-METEO-KHI,KARACHI,OPENSOURCE_API_GRID,502,,,,0.95,True,True,TIER2_OPENSOURCE_PURE;CONTINUOUS_MINUTE_STREAM;VERIFIED_MODEL_GRID,8d9f76dcbe4de0c9ab4841bf7a5c0ecde074831ee48e5a6260220d08bb6aa6a2,2026-09-20T08:21:00+00:00,2026-09-20 13:21:00,55.6,1011.4,80
22.6,33.2,72.4,2058.4,597.6,93.0,11.6,5.8,1.4,447.4,270.9,3.8,16.4,168.6,33.5,23.37,False,4095,0.0,8.3,820.6,EXT-OPEN-METEO-KHI,KARACHI,OPENSOURCE_API_GRID,503,,,,0.95,True,True,TIER2_OPENSOURCE_PURE;CONTINUOUS_MINUTE_STREAM;VERIFIED_MODEL_GRID,6d61956301a5f909b6537d9f7f8d42a9492f66ed0cb65a3953990a7cddf6bc36,2026-09-20T08:22:00+00:00,2026-09-20 13:22:00,55.5,1011.3,80
22.6,33.2,72.3,2058.4,597.6,93.0,11.6,5.8,1.4,447.4,269.4,3.8,16.3,168.6,33.5,23.34,False,4095,0.0,8.3,818.1,EXT-OPEN-METEO-KHI,KARACHI,OPENSOURCE_API_GRID,504,,,,0.95,True,True,TIER2_OPENSOURCE_PURE;CONTINUOUS_MINUTE_STREAM;VERIFIED_MODEL_GRID,90d13d904b2b55f5c8c88577a10b41ad46148a7e1b4e924aeb37b30fe9fdfebf,2026-09-20T08:23:00+00:00,2026-09-20 13:23:00,55.4,1011.3,80
22.6,33.2,72.2,2058.4,597.6,93.0,11.6,5.8,1.4,447.3,267.9,3.8,16.3,168.7,33.5,23.31,False,4095,0.0,8.3,815.5,EXT-OPEN-METEO-KHI,KARACHI,OPENSOURCE_API_GRID,505,,,,0.95,True,True,TIER2_OPENSOURCE_PURE;CONTINUOUS_MINUTE_STREAM;VERIFIED_MODEL_GRID,c2bb8e00dcd9c2111730ebfdcdc3d9698ee88c2b51a7c496375439d0f0e56345,2026-09-20T08:24:00+00:00,2026-09-20 13:24:00,55.3,1011.3,80
22.5,33.1,72.1,2052.2,595.8,92.7,11.6,5.8,1.4,447.3,266.4,3.8,16.2,168.7,33.5,23.31,False,4095,0.0,8.4,812.8,EXT-OPEN-METEO-KHI,KARACHI,OPENSOURCE_API_GRID,506,,,,0.95,True,True,TIER2_OPENSOURCE_PURE;CONTINUOUS_MINUTE_STREAM;VERIFIED_MODEL_GRID,d4667081243eba2f1a557220ffbe662ca77f94126b826dc7c860e48d2e072dc9,2026-09-20T08:25:00+00:00,2026-09-20 13:25:00,55.3,1011.3,80
22.5,33.1,72.0,2052.2,595.8,92.7,11.6,5.8,1.4,447.2,264.8,3.8,16.2,168.8,33.5,23.28,False,4095,0.0,8.4,810.1,EXT-OPEN-METEO-KHI,KARACHI,OPENSOURCE_API_GRID,507,,,,0.95,True,True,TIER2_OPENSOURCE_PURE;CONTINUOUS_MINUTE_STREAM;VERIFIED_MODEL_GRID,7912e887f216db4f70ca46ef9745bdd5d4acc79be01861e46895cc62a7803a58,2026-09-20T08:26:00+00:00,2026-09-20 13:26:00,55.2,1011.3,80
22.4,33.0,71.8,2046.0,594.0,92.4,11.5,5.7,1.4,447.2,263.3,3.8,16.1,168.8,33.5,23.25,False,4095,0.0,8.4,807.4,EXT-OPEN-METEO-KHI,KARACHI,OPENSOURCE_API_GRID,508,,,,0.95,True,True,TIER2_OPENSOURCE_PURE;CONTINUOUS_MINUTE_STREAM;VERIFIED_MODEL_GRID,397654b9f1cf610e0422f7603117afd6cbfdab676968d0a392c46dd30163fb70,2026-09-20T08:27:00+00:00,2026-09-20 13:27:00,55.1,1011.2,80
22.4,33.0,71.7,2046.0,594.0,92.4,11.5,5.7,1.4,447.1,261.7,3.8,16.1,168.9,33.5,23.22,False,4095,0.0,8.4,804.7,EXT-OPEN-METEO-KHI,KARACHI,OPENSOURCE_API_GRID,509,,,,0.95,True,True,TIER2_OPENSOURCE_PURE;CONTINUOUS_MINUTE_STREAM;VERIFIED_MODEL_GRID,5d939086f3f10e6a08c860c952bcd014d08f0ba65c65b0dbb264aeceb401ef74,2026-09-20T08:28:00+00:00,2026-09-20 13:28:00,55.0,1011.2,80
22.4,32.9,71.5,2039.8,592.2,92.1,11.5,5.7,1.4,447.1,260.1,3.8,16.0,168.9,33.5,23.22,False,4095,0.0,8.5,801.9,EXT-OPEN-METEO-KHI,KARACHI,OPENSOURCE_API_GRID,510,,,,0.95,True,True,TIER2_OPENSOURCE_PURE;CONTINUOUS_MINUTE_STREAM;VERIFIED_MODEL_GRID,29a0ac7953fd7355deca01a7d5df98e6a5b653ab31cfd3151a38dc985aae4dac,2026-09-20T08:29:00+00:00,2026-09-20 13:29:00,55.0,1011.2,80
22.3,32.8,71.4,2033.6,590.4,91.8,11.5,5.7,1.4,447.0,258.5,3.8,15.9,169.0,33.5,23.19,False,4095,0.0,8.5,799.1,EXT-OPEN-METEO-KHI,KARACHI,OPENSOURCE_API_GRID,511,,,,0.95,True,True,TIER2_OPENSOURCE_PURE;CONTINUOUS_MINUTE_STREAM;VERIFIED_MODEL_GRID,a71f8c7afa271cbda175dcc4a3ff60b0714eafe7ea72e7cfe77bfe8225043cf1,2026-09-20T08:30:00+00:00,2026-09-20 13:30:00,54.9,1011.2,80
22.2,32.7,71.2,2027.4,588.6,91.6,11.4,5.7,1.4,446.9,256.9,3.9,15.9,169.1,33.5,23.16,False,4095,0.0,8.5,796.4,EXT-OPEN-METEO-KHI,KARACHI,OPENSOURCE_API_GRID,512,,,,0.95,True,True,TIER2_OPENSOURCE_PURE;CONTINUOUS_MINUTE_STREAM;VERIFIED_MODEL_GRID,47f8e44df0e9a14b18e1339e27eb8a263f4971f0b9e2b5f1db37099a3cd8c3c2,2026-09-20T08:31:00+00:00,2026-09-20 13:31:00,54.8,1011.1,80
22.2,32.7,71.0,2027.4,588.6,91.6,11.4,5.7,1.4,446.9,255.3,3.9,15.8,169.1,33.5,23.16,False,4095,0.0,8.6,793.6,EXT-OPEN-METEO-KHI,KARACHI,OPENSOURCE_API_GRID,513,,,,0.95,True,True,TIER2_OPENSOURCE_PURE;CONTINUOUS_MINUTE_STREAM;VERIFIED_MODEL_GRID,ccc43c7ac7f852da5624aef68b357cb2f6e2892763c3215e182791ba4939968b,2026-09-20T08:32:00+00:00,2026-09-20 13:32:00,54.8,1011.1,80
22.2,32.6,70.9,2021.2,586.8,91.3,11.4,5.7,1.4,446.8,253.7,3.9,15.8,169.2,33.4,23.04,False,4095,0.0,8.6,790.9,EXT-OPEN-METEO-KHI,KARACHI,OPENSOURCE_API_GRID,514,,,,0.95,True,True,TIER2_OPENSOURCE_PURE;CONTINUOUS_MINUTE_STREAM;VERIFIED_MODEL_GRID,5e559a8d29094ff2ca2690395559174420e3cf46012b0615718acf833e8b2655,2026-09-20T08:33:00+00:00,2026-09-20 13:33:00,54.7,1011.1,80
22.1,32.5,70.7,2015.0,585.0,91.0,11.4,5.7,1.4,446.8,252.2,3.9,15.7,169.2,33.4,23.01,False,4095,0.0,8.6,788.2,EXT-OPEN-METEO-KHI,KARACHI,OPENSOURCE_API_GRID,515,,,,0.95,True,True,TIER2_OPENSOURCE_PURE;CONTINUOUS_MINUTE_STREAM;VERIFIED_MODEL_GRID,2234654c3d019c337bb2fdb2737cefe15b1e8803543bfb3a1dba20913cb5019f,2026-09-20T08:34:00+00:00,2026-09-20 13:34:00,54.6,1011.1,80
22.1,32.5,70.6,2015.0,585.0,91.0,11.4,5.6,1.4,446.7,250.6,3.9,15.7,169.3,33.4,23.01,False,4095,0.0,8.6,785.5,EXT-OPEN-METEO-KHI,KARACHI,OPENSOURCE_API_GRID,516,,,,0.95,True,True,TIER2_OPENSOURCE_PURE;CONTINUOUS_MINUTE_STREAM;VERIFIED_MODEL_GRID,2d96171ff04ca836351f3ee98737b6fe3ab4a0cbc59fac10db8358732e815d84,2026-09-20T08:35:00+00:00,2026-09-20 13:35:00,54.6,1011.0,80
22.0,32.4,70.5,2008.8,583.2,90.7,11.3,5.6,1.4,446.7,249.1,3.9,15.6,169.3,33.4,22.98,False,4095,0.0,8.7,782.8,EXT-OPEN-METEO-KHI,KARACHI,OPENSOURCE_API_GRID,517,,,,0.95,True,True,TIER2_OPENSOURCE_PURE;CONTINUOUS_MINUTE_STREAM;VERIFIED_MODEL_GRID,5775342ef2c1d87a67929f467ee199dbbf1e7d3fa92a64f01a6bac0d04e25c1a,2026-09-20T08:36:00+00:00,2026-09-20 13:36:00,54.5,1011.0,80
22.0,32.4,70.4,2008.8,583.2,90.7,11.3,5.6,1.4,446.6,247.6,3.9,15.6,169.4,33.4,22.98,False,4095,0.0,8.7,780.2,EXT-OPEN-METEO-KHI,KARACHI,OPENSOURCE_API_GRID,518,,,,0.95,True,True,TIER2_OPENSOURCE_PURE;CONTINUOUS_MINUTE_STREAM;VERIFIED_MODEL_GRID,08c0a06120bfee93452d461f0d0a2509dd81a1e52f59d47ed499816db7e6fa15,2026-09-20T08:37:00+00:00,2026-09-20 13:37:00,54.5,1011.0,80
22.0,32.4,70.3,2008.8,583.2,90.7,11.3,5.6,1.4,446.6,246.1,3.9,15.5,169.4,33.4,22.98,False,4095,0.0,8.7,777.7,EXT-OPEN-METEO-KHI,KARACHI,OPENSOURCE_API_GRID,519,,,,0.95,True,True,TIER2_OPENSOURCE_PURE;CONTINUOUS_MINUTE_STREAM;VERIFIED_MODEL_GRID,7afdeebc1123f63f1baac91b51c776e4e53d96ae31ea0a3bf43c89d61af25055,2026-09-20T08:38:00+00:00,2026-09-20 13:38:00,54.5,1011.0,80
22.0,32.3,70.2,2002.6,581.4,90.4,11.3,5.6,1.4,446.5,244.7,3.9,15.5,169.5,33.4,22.95,False,4095,0.0,8.7,775.2,EXT-OPEN-METEO-KHI,KARACHI,OPENSOURCE_API_GRID,520,,,,0.95,True,True,TIER2_OPENSOURCE_PURE;CONTINUOUS_MINUTE_STREAM;VERIFIED_MODEL_GRID,3713d2e83689444510b5315ca2958129e53dcaf2e6af14988bc37c94912ef8c0,2026-09-20T08:39:00+00:00,2026-09-20 13:39:00,54.4,1011.0,80
22.0,32.3,70.1,2002.6,581.4,90.4,11.3,5.6,1.4,446.5,243.2,3.9,15.4,169.5,33.4,22.95,False,4095,0.0,8.8,772.7,EXT-OPEN-METEO-KHI,KARACHI,OPENSOURCE_API_GRID,521,,,,0.95,True,True,TIER2_OPENSOURCE_PURE;CONTINUOUS_MINUTE_STREAM;VERIFIED_MODEL_GRID,9b9b9393b93c931d4b69c4b19e1cbad152b1514b24d921d4ed38460ce10be0d2,2026-09-20T08:40:00+00:00,2026-09-20 13:40:00,54.4,1010.9,80
22.0,32.3,70.1,2002.6,581.4,90.4,11.3,5.6,1.4,446.5,241.9,3.9,15.4,169.5,33.4,22.95,False,4095,0.0,8.8,770.4,EXT-OPEN-METEO-KHI,KARACHI,OPENSOURCE_API_GRID,522,,,,0.95,True,True,TIER2_OPENSOURCE_PURE;CONTINUOUS_MINUTE_STREAM;VERIFIED_MODEL_GRID,9655d67f286e739c50bc40d74ae70c22bfccc94c867dd70c6796b2489207ac0d,2026-09-20T08:41:00+00:00,2026-09-20 13:41:00,54.4,1010.9,80
22.0,32.4,70.1,2008.8,583.2,90.7,11.3,5.6,1.4,446.4,240.6,3.9,15.3,169.6,33.4,22.95,False,4095,0.0,8.8,768.1,EXT-OPEN-METEO-KHI,KARACHI,OPENSOURCE_API_GRID,523,,,,0.95,True,True,TIER2_OPENSOURCE_PURE;CONTINUOUS_MINUTE_STREAM;VERIFIED_MODEL_GRID,229749c144586776dedb2a854969b12c14d2255edb803c0e0508eb1d0b05280d,2026-09-20T08:42:00+00:00,2026-09-20 13:42:00,54.4,1010.9,80
22.0,32.4,70.0,2008.8,583.2,90.7,11.3,5.6,1.4,446.4,239.3,3.9,15.3,169.6,33.4,22.92,False,4095,0.0,8.8,765.9,EXT-OPEN-METEO-KHI,KARACHI,OPENSOURCE_API_GRID,524,,,,0.95,True,True,TIER2_OPENSOURCE_PURE;CONTINUOUS_MINUTE_STREAM;VERIFIED_MODEL_GRID,9aff289bac071a1565e930ad7472a0eafaae283db2ec18e2e1dc26dd5541601d,2026-09-20T08:43:00+00:00,2026-09-20 13:43:00,54.3,1010.9,80
22.0,32.4,70.0,2008.8,583.2,90.7,11.3,5.6,1.4,446.3,238.1,4.0,15.2,169.7,33.5,23.01,False,4095,0.0,8.8,763.8,EXT-OPEN-METEO-KHI,KARACHI,OPENSOURCE_API_GRID,525,,,,0.95,True,True,TIER2_OPENSOURCE_PURE;CONTINUOUS_MINUTE_STREAM;VERIFIED_MODEL_GRID,a5255fa8ea8880111e121be206b764ab09de82f7f9da8d4eab818c2159fc89a1,2026-09-20T08:44:00+00:00,2026-09-20 13:44:00,54.3,1010.8,80
22.0,32.4,70.0,2008.8,583.2,90.7,11.3,5.6,1.4,446.3,236.9,4.0,15.2,169.7,33.5,23.01,False,4095,0.0,8.9,761.8,EXT-OPEN-METEO-KHI,KARACHI,OPENSOURCE_API_GRID,526,,,,0.95,True,True,TIER2_OPENSOURCE_PURE;CONTINUOUS_MINUTE_STREAM;VERIFIED_MODEL_GRID,aa32e9315360f478637baaf090b8da4f49bf1975cc013c9718a9ea24b0ba827e,2026-09-20T08:45:00+00:00,2026-09-20 13:45:00,54.3,1010.8,80
22.0,32.4,70.0,2008.8,583.2,90.7,11.3,5.6,1.4,446.3,235.8,4.0,15.2,169.7,33.5,23.01,False,4095,0.0,8.9,759.9,EXT-OPEN-METEO-KHI,KARACHI,OPENSOURCE_API_GRID,527,,,,0.95,True,True,TIER2_OPENSOURCE_PURE;CONTINUOUS_MINUTE_STREAM;VERIFIED_MODEL_GRID,487e93864f7e8735cb1e9057f480e04efb98969b966a6c9316ab1728e55dae33,2026-09-20T08:46:00+00:00,2026-09-20 13:46:00,54.3,1010.8,80
22.0,32.3,69.8,2002.6,581.4,90.4,11.3,5.6,1.4,446.2,234.8,4.0,15.1,169.8,33.5,23.04,False,4095,0.0,8.9,758.1,EXT-OPEN-METEO-KHI,KARACHI,OPENSOURCE_API_GRID,528,,,,0.95,True,True,TIER2_OPENSOURCE_PURE;CONTINUOUS_MINUTE_STREAM;VERIFIED_MODEL_GRID,8c6e13807ef1fd791bce0978e8f6d5e5a2248968ac4fe86751cb16f0ff0c743d,2026-09-20T08:47:00+00:00,2026-09-20 13:47:00,54.4,1010.8,80
22.0,32.4,69.8,2008.8,583.2,90.7,11.3,5.6,1.4,446.2,233.8,4.0,15.1,169.8,33.5,23.01,False,4095,0.0,8.9,756.4,EXT-OPEN-METEO-KHI,KARACHI,OPENSOURCE_API_GRID,529,,,,0.95,True,True,TIER2_OPENSOURCE_PURE;CONTINUOUS_MINUTE_STREAM;VERIFIED_MODEL_GRID,839258f16cf0b79d546b9adc3a7dde0aba55e866ec6810bc660f04c852a12cfe,2026-09-20T08:48:00+00:00,2026-09-20 13:48:00,54.3,1010.8,80
22.0,32.4,69.8,2008.8,583.2,90.7,11.3,5.6,1.4,446.2,232.9,4.0,15.1,169.8,33.5,23.01,False,4095,0.0,8.9,754.8,EXT-OPEN-METEO-KHI,KARACHI,OPENSOURCE_API_GRID,530,,,,0.95,True,True,TIER2_OPENSOURCE_PURE;CONTINUOUS_MINUTE_STREAM;VERIFIED_MODEL_GRID,bd0000db0ae5341baec5120c19205dbb1c18e25dd9a83a2f5c31f29d385b1fc0,2026-09-20T08:49:00+00:00,2026-09-20 13:49:00,54.3,1010.8,80
22.0,32.4,69.8,2008.8,583.2,90.7,11.3,5.6,1.4,446.1,232.1,4.0,15.0,169.9,33.5,23.01,False,4095,0.0,8.9,753.4,EXT-OPEN-METEO-KHI,KARACHI,OPENSOURCE_API_GRID,531,,,,0.95,True,True,TIER2_OPENSOURCE_PURE;CONTINUOUS_MINUTE_STREAM;VERIFIED_MODEL_GRID,e0db994c140dc8067e6be543fda744834c24b6aeb03e05c467c444c9124abd6e,2026-09-20T08:50:00+00:00,2026-09-20 13:50:00,54.3,1010.8,80
22.0,32.4,69.8,2008.8,583.2,90.7,11.3,5.6,1.4,446.1,231.3,4.0,15.0,169.9,33.5,22.98,False,4095,0.0,8.9,752.1,EXT-OPEN-METEO-KHI,KARACHI,OPENSOURCE_API_GRID,532,,,,0.95,True,True,TIER2_OPENSOURCE_PURE;CONTINUOUS_MINUTE_STREAM;VERIFIED_MODEL_GRID,f5c387c7b7321a894a11de627dcc01697350942aba953e15937e3b694d5726ac,2026-09-20T08:51:00+00:00,2026-09-20 13:51:00,54.2,1010.8,80
22.0,32.4,69.8,2008.8,583.2,90.7,11.3,5.6,1.4,446.1,230.6,4.0,15.0,169.9,33.5,22.98,False,4095,0.0,9.0,750.9,EXT-OPEN-METEO-KHI,KARACHI,OPENSOURCE_API_GRID,533,,,,0.95,True,True,TIER2_OPENSOURCE_PURE;CONTINUOUS_MINUTE_STREAM;VERIFIED_MODEL_GRID,b350b5f2f2b2cf1fffeec4ec8d0f5bd424fb5e84852a74c8556c5b59271902ff,2026-09-20T08:52:00+00:00,2026-09-20 13:52:00,54.2,1010.8,80
22.0,32.4,69.8,2008.8,583.2,90.7,11.3,5.6,1.4,446.1,230.0,4.0,15.0,169.9,33.5,22.95,False,4095,0.0,9.0,749.8,EXT-OPEN-METEO-KHI,KARACHI,OPENSOURCE_API_GRID,534,,,,0.95,True,True,TIER2_OPENSOURCE_PURE;CONTINUOUS_MINUTE_STREAM;VERIFIED_MODEL_GRID,31077e499c95232ece73b674267ce994906d0e7ed28f3a74f2f1c4e543290e0a,2026-09-20T08:53:00+00:00,2026-09-20 13:53:00,54.1,1010.7,80
22.0,32.4,69.8,2008.8,583.2,90.7,11.3,5.6,1.4,446.0,229.5,4.0,15.0,170.0,33.5,22.95,False,4095,0.0,9.0,748.9,EXT-OPEN-METEO-KHI,KARACHI,OPENSOURCE_API_GRID,535,,,,0.95,True,True,TIER2_OPENSOURCE_PURE;CONTINUOUS_MINUTE_STREAM;VERIFIED_MODEL_GRID,f0b6940dbabe2c1859a3cee384b4590a6581ae44bf467c38696316aed1587863,2026-09-20T08:54:00+00:00,2026-09-20 13:54:00,54.1,1010.7,80
22.0,32.4,69.8,2008.8,583.2,90.7,11.3,5.6,1.4,446.0,229.0,4.0,14.9,170.0,33.5,22.95,False,4095,0.0,9.0,748.1,EXT-OPEN-METEO-KHI,KARACHI,OPENSOURCE_API_GRID,536,,,,0.95,True,True,TIER2_OPENSOURCE_PURE;CONTINUOUS_MINUTE_STREAM;VERIFIED_MODEL_GRID,17d77a0bd39635d143f1b82063f2e9f3e900c605d1c1a8dbb811140ecd3e7d0c,2026-09-20T08:55:00+00:00,2026-09-20 13:55:00,54.1,1010.7,80
22.0,32.4,69.7,2008.8,583.2,90.7,11.3,5.6,1.4,446.0,228.7,4.0,14.9,170.0,33.5,22.92,False,4095,0.0,9.0,747.5,EXT-OPEN-METEO-KHI,KARACHI,OPENSOURCE_API_GRID,537,,,,0.95,True,True,TIER2_OPENSOURCE_PURE;CONTINUOUS_MINUTE_STREAM;VERIFIED_MODEL_GRID,5004e8df38760c4826336d10eb0c7211798c5fb1493c6912d2fd0bba38136eb3,2026-09-20T08:56:00+00:00,2026-09-20 13:56:00,54.0,1010.7,80
22.0,32.4,69.7,2008.8,583.2,90.7,11.3,5.6,1.4,446.0,228.4,4.0,14.9,170.0,33.5,22.92,False,4095,0.0,9.0,747.0,EXT-OPEN-METEO-KHI,KARACHI,OPENSOURCE_API_GRID,538,,,,0.95,True,True,TIER2_OPENSOURCE_PURE;CONTINUOUS_MINUTE_STREAM;VERIFIED_MODEL_GRID,1599ac3357f06771029a2d1cfb57651c9e5bc3f3f361b36d8515c45cdfe045ff,2026-09-20T08:57:00+00:00,2026-09-20 13:57:00,54.0,1010.7,80
22.0,32.3,69.6,2002.6,581.4,90.4,11.3,5.6,1.4,446.0,228.2,4.0,14.9,170.0,33.5,22.92,False,4095,0.0,9.0,746.6,EXT-OPEN-METEO-KHI,KARACHI,OPENSOURCE_API_GRID,539,,,,0.95,True,True,TIER2_OPENSOURCE_PURE;CONTINUOUS_MINUTE_STREAM;VERIFIED_MODEL_GRID,d50831649ffb966da6deb6df8daffa97dc887b08e3644604cd07a389d97413e6,2026-09-20T08:58:00+00:00,2026-09-20 13:58:00,54.0,1010.7,80
22.0,32.3,69.5,2002.6,581.4,90.4,11.3,5.6,1.4,446.0,228.0,4.0,14.9,170.0,33.5,22.89,False,4095,0.0,9.0,746.4,EXT-OPEN-METEO-KHI,KARACHI,OPENSOURCE_API_GRID,540,,,,0.95,True,True,TIER2_OPENSOURCE_PURE;CONTINUOUS_MINUTE_STREAM;VERIFIED_MODEL_GRID,41b5ea931f858f5015bde95e98e1d518b7075b7326bbb627743de0332a37f48a,2026-09-20T08:59:00+00:00,2026-09-20 13:59:00,53.9,1010.7,80
22.0,32.3,69.5,2002.6,581.4,90.4,11.3,5.6,1.4,446.0,228.0,4.0,14.9,170.0,33.5,22.89,False,4095,0.0,9.0,746.3,EXT-OPEN-METEO-KHI,KARACHI,OPENSOURCE_API_GRID,541,,,,0.95,True,False,TIER2_OPENSOURCE_PURE;HOURLY_NODE;VERIFIED_MODEL_GRID,6d7b9fbe1dc33a70a6b21cf12a35b39df39b3639477a8b0467c227f9fd53573f,2026-09-20T09:00:00+00:00,2026-09-20 14:00:00,53.9,1010.7,80
21.9,32.2,69.4,1996.4,579.6,90.2,11.3,5.6,1.4,446.0,228.0,4.0,14.9,170.0,33.5,22.89,False,4095,0.0,9.0,746.2,EXT-OPEN-METEO-KHI,KARACHI,OPENSOURCE_API_GRID,542,,,,0.95,True,True,TIER2_OPENSOURCE_PURE;CONTINUOUS_MINUTE_STREAM;VERIFIED_MODEL_GRID,c8e48939f86cb9a74caeab62f51f4b810d8a55fce7cf3b60742ef8900b05afd2,2026-09-20T09:01:00+00:00,2026-09-20 14:01:00,53.9,1010.7,80
21.9,32.2,69.3,1996.4,579.6,90.2,11.3,5.5,1.4,446.0,228.0,4.0,14.9,170.0,33.5,22.89,False,4095,0.0,9.0,745.9,EXT-OPEN-METEO-KHI,KARACHI,OPENSOURCE_API_GRID,543,,,,0.95,True,True,TIER2_OPENSOURCE_PURE;CONTINUOUS_MINUTE_STREAM;VERIFIED_MODEL_GRID,636cafff638753c705afeba6e0562f2ffef433f17799ff342e099fab1a3d46aa,2026-09-20T09:02:00+00:00,2026-09-20 14:02:00,53.9,1010.7,80
21.8,32.1,69.3,1990.2,577.8,89.9,11.2,5.5,1.4,446.0,228.0,4.0,14.9,169.9,33.5,22.89,False,4095,0.0,9.0,745.5,EXT-OPEN-METEO-KHI,KARACHI,OPENSOURCE_API_GRID,544,,,,0.95,True,True,TIER2_OPENSOURCE_PURE;CONTINUOUS_MINUTE_STREAM;VERIFIED_MODEL_GRID,1ea88ab631dd315e8278305a51fb5854ba3ba3868c39e82703e7ca0d5ecada30,2026-09-20T09:03:00+00:00,2026-09-20 14:03:00,53.9,1010.7,80
21.8,32.1,69.2,1990.2,577.8,89.9,11.2,5.5,1.4,446.0,228.0,4.0,14.9,169.9,33.5,22.86,False,4095,0.0,9.1,744.8,EXT-OPEN-METEO-KHI,KARACHI,OPENSOURCE_API_GRID,545,,,,0.95,True,True,TIER2_OPENSOURCE_PURE;CONTINUOUS_MINUTE_STREAM;VERIFIED_MODEL_GRID,a7d90de0d548bb4158d32cb39ea8937a7b241113c77febda99d7a6c37734a21e,2026-09-20T09:04:00+00:00,2026-09-20 14:04:00,53.8,1010.7,80
21.8,32.0,69.1,1984.0,576.0,89.6,11.2,5.5,1.4,446.0,227.9,4.0,14.9,169.8,33.5,22.86,False,4095,0.0,9.1,743.9,EXT-OPEN-METEO-KHI,KARACHI,OPENSOURCE_API_GRID,546,,,,0.95,True,True,TIER2_OPENSOURCE_PURE;CONTINUOUS_MINUTE_STREAM;VERIFIED_MODEL_GRID,396423db033cd211c29b5e614e2850fe466251da7268efa53bd296374c607c74,2026-09-20T09:05:00+00:00,2026-09-20 14:05:00,53.8,1010.7,80
21.8,32.0,69.1,1984.0,576.0,89.6,11.2,5.5,1.4,446.0,227.9,4.0,14.9,169.7,33.5,22.86,False,4095,0.0,9.1,742.9,EXT-OPEN-METEO-KHI,KARACHI,OPENSOURCE_API_GRID,547,,,,0.95,True,True,TIER2_OPENSOURCE_PURE;CONTINUOUS_MINUTE_STREAM;VERIFIED_MODEL_GRID,bcc648c966ce9779741f01856227d0e3fbcfbc08e8ac5ae97d8cd4d4b88c3513,2026-09-20T09:06:00+00:00,2026-09-20 14:06:00,53.8,1010.7,80
21.8,32.0,69.0,1984.0,576.0,89.6,11.2,5.5,1.4,446.0,227.9,4.0,14.8,169.6,33.5,22.86,False,4095,0.0,9.2,741.7,EXT-OPEN-METEO-KHI,KARACHI,OPENSOURCE_API_GRID,548,,,,0.95,True,True,TIER2_OPENSOURCE_PURE;CONTINUOUS_MINUTE_STREAM;VERIFIED_MODEL_GRID,121045bae2887b2b41e9bc6996fcadc871b5919cdaec61f00ab52e65d4a7c938,2026-09-20T09:07:00+00:00,2026-09-20 14:07:00,53.8,1010.7,80
21.8,32.0,69.0,1984.0,576.0,89.6,11.2,5.5,1.4,446.0,227.9,4.0,14.8,169.5,33.5,22.86,False,4095,0.0,9.2,740.3,EXT-OPEN-METEO-KHI,KARACHI,OPENSOURCE_API_GRID,549,,,,0.95,True,True,TIER2_OPENSOURCE_PURE;CONTINUOUS_MINUTE_STREAM;VERIFIED_MODEL_GRID,412013aee1cf1f69fe65bc02db5b2580bc3c9671ac1fef3537ccb6ed8fb9da8c,2026-09-20T09:08:00+00:00,2026-09-20 14:08:00,53.8,1010.7,80
21.7,31.9,69.0,1977.8,574.2,89.3,11.2,5.5,1.4,446.0,227.8,4.1,14.8,169.3,33.4,22.77,False,4095,0.0,9.3,738.8,EXT-OPEN-METEO-KHI,KARACHI,OPENSOURCE_API_GRID,550,,,,0.95,True,True,TIER2_OPENSOURCE_PURE;CONTINUOUS_MINUTE_STREAM;VERIFIED_MODEL_GRID,232c312f7a74bf7895eb1a89ef443c5969d2e00fb710edeb197a4e77b0740a3f,2026-09-20T09:09:00+00:00,2026-09-20 14:09:00,53.8,1010.7,80
21.7,31.9,68.9,1977.8,574.2,89.3,11.2,5.5,1.4,446.0,227.8,4.1,14.8,169.2,33.4,22.77,False,4095,0.0,9.3,737.1,EXT-OPEN-METEO-KHI,KARACHI,OPENSOURCE_API_GRID,551,,,,0.95,True,True,TIER2_OPENSOURCE_PURE;CONTINUOUS_MINUTE_STREAM;VERIFIED_MODEL_GRID,4d07b7a3062935c0ae1ff44f787d996e808d1be2ba6d129460a30802d6762961,2026-09-20T09:10:00+00:00,2026-09-20 14:10:00,53.8,1010.7,80
21.7,31.9,68.9,1977.8,574.2,89.3,11.2,5.5,1.4,446.0,227.8,4.1,14.8,169.0,33.4,22.74,False,4095,0.0,9.4,735.2,EXT-OPEN-METEO-KHI,KARACHI,OPENSOURCE_API_GRID,552,,,,0.95,True,True,TIER2_OPENSOURCE_PURE;CONTINUOUS_MINUTE_STREAM;VERIFIED_MODEL_GRID,12f42899a2677dc464386e02c377c81a5fd64eb031ee9ab9f483d128a9c50cbb,2026-09-20T09:11:00+00:00,2026-09-20 14:11:00,53.7,1010.7,80
21.8,32.0,68.9,1984.0,576.0,89.6,11.2,5.5,1.4,446.0,227.7,4.1,14.7,168.9,33.4,22.74,False,4095,0.0,9.5,733.1,EXT-OPEN-METEO-KHI,KARACHI,OPENSOURCE_API_GRID,553,,,,0.95,True,True,TIER2_OPENSOURCE_PURE;CONTINUOUS_MINUTE_STREAM;VERIFIED_MODEL_GRID,5a43b8b047f848d3905c4fc524c5fb0e225bd81f776b931f7f426832a3fc4b61,2026-09-20T09:12:00+00:00,2026-09-20 14:12:00,53.7,1010.6,80
21.8,32.0,68.9,1984.0,576.0,89.6,11.2,5.5,1.4,446.0,227.7,4.1,14.7,168.7,33.4,22.74,False,4095,0.0,9.6,730.9,EXT-OPEN-METEO-KHI,KARACHI,OPENSOURCE_API_GRID,554,,,,0.95,True,True,TIER2_OPENSOURCE_PURE;CONTINUOUS_MINUTE_STREAM;VERIFIED_MODEL_GRID,60dd61ca7815750c254899975fcfa5c4e9f69b1be206ac302c1601db3912311f,2026-09-20T09:13:00+00:00,2026-09-20 14:13:00,53.7,1010.6,80
21.8,32.0,69.0,1984.0,576.0,89.6,11.2,5.5,1.4,446.0,227.6,4.1,14.7,168.5,33.4,22.74,False,4095,0.0,9.6,728.6,EXT-OPEN-METEO-KHI,KARACHI,OPENSOURCE_API_GRID,555,,,,0.95,True,True,TIER2_OPENSOURCE_PURE;CONTINUOUS_MINUTE_STREAM;VERIFIED_MODEL_GRID,9d7cdf65769e0ca240406501cd4721f6d620182139d42e5eccd43b28b9fb0a90,2026-09-20T09:14:00+00:00,2026-09-20 14:14:00,53.7,1010.6,80
21.8,32.0,69.0,1984.0,576.0,89.6,11.2,5.5,1.4,446.0,227.6,4.2,14.7,168.2,33.5,22.83,False,4095,0.0,9.7,726.1,EXT-OPEN-METEO-KHI,KARACHI,OPENSOURCE_API_GRID,556,,,,0.95,True,True,TIER2_OPENSOURCE_PURE;CONTINUOUS_MINUTE_STREAM;VERIFIED_MODEL_GRID,c14a906905537a3f1ddfeaee5ad877f48e908e35f2f77e433c95aa531f9d4e27,2026-09-20T09:15:00+00:00,2026-09-20 14:15:00,53.7,1010.6,80
21.8,32.1,69.0,1990.2,577.8,89.9,11.2,5.5,1.4,446.0,227.5,4.2,14.6,168.0,33.5,22.83,False,4095,0.0,9.8,723.5,EXT-OPEN-METEO-KHI,KARACHI,OPENSOURCE_API_GRID,557,,,,0.95,True,True,TIER2_OPENSOURCE_PURE;CONTINUOUS_MINUTE_STREAM;VERIFIED_MODEL_GRID,9f6f05f2b89d4d750870117bbe7a2a617ec853cc343ff5e253d687fe17005f25,2026-09-20T09:16:00+00:00,2026-09-20 14:16:00,53.7,1010.6,80
21.8,32.1,69.0,1990.2,577.8,89.9,11.2,5.5,1.4,446.0,227.4,4.2,14.6,167.8,33.5,22.83,False,4095,0.0,9.9,720.7,EXT-OPEN-METEO-KHI,KARACHI,OPENSOURCE_API_GRID,558,,,,0.95,True,True,TIER2_OPENSOURCE_PURE;CONTINUOUS_MINUTE_STREAM;VERIFIED_MODEL_GRID,a7f177209ea0726d8c41b588a90d3b899e67a7ee1e73bca130a4573462e0f5b5,2026-09-20T09:17:00+00:00,2026-09-20 14:17:00,53.7,1010.6,80
21.8,32.0,68.8,1984.0,576.0,89.6,11.2,5.5,1.4,446.0,227.4,4.2,14.6,167.5,33.5,22.83,False,4095,0.0,10.0,717.9,EXT-OPEN-METEO-KHI,KARACHI,OPENSOURCE_API_GRID,559,,,,0.95,True,True,TIER2_OPENSOURCE_PURE;CONTINUOUS_MINUTE_STREAM;VERIFIED_MODEL_GRID,d284fa39af9e03c267af1b6c43172aea6e2fa9bdd310bc1cb4e27486f9e47780,2026-09-20T09:18:00+00:00,2026-09-20 14:18:00,53.7,1010.6,80
21.8,32.0,68.8,1984.0,576.0,89.6,11.2,5.5,1.4,446.0,227.3,4.3,14.5,167.3,33.5,22.83,False,4095,0.0,10.1,714.9,EXT-OPEN-METEO-KHI,KARACHI,OPENSOURCE_API_GRID,560,,,,0.95,True,True,TIER2_OPENSOURCE_PURE;CONTINUOUS_MINUTE_STREAM;VERIFIED_MODEL_GRID,d1c7b8a7a6c5383796ef7b31e7f49a3aaba1541fc0af907ad3ac44b17cc42651,2026-09-20T09:19:00+00:00,2026-09-20 14:19:00,53.7,1010.6,80
21.8,32.0,68.8,1984.0,576.0,89.6,11.2,5.5,1.4,446.0,227.2,4.3,14.5,167.0,33.5,22.8,False,4095,0.0,10.2,711.8,EXT-OPEN-METEO-KHI,KARACHI,OPENSOURCE_API_GRID,561,,,,0.95,True,True,TIER2_OPENSOURCE_PURE;CONTINUOUS_MINUTE_STREAM;VERIFIED_MODEL_GRID,1df8ff1047d2aa29ef8619a0139e6ab38ee27d0e821792071788eb91a58df3d3,2026-09-20T09:20:00+00:00,2026-09-20 14:20:00,53.6,1010.6,80
21.8,32.0,68.8,1984.0,576.0,89.6,11.2,5.5,1.4,446.0,227.2,4.3,14.5,166.7,33.5,22.8,False,4095,0.0,10.4,708.6,EXT-OPEN-METEO-KHI,KARACHI,OPENSOURCE_API_GRID,562,,,,0.95,True,True,TIER2_OPENSOURCE_PURE;CONTINUOUS_MINUTE_STREAM;VERIFIED_MODEL_GRID,366735680db81c29ed1480d545bdce8fdc4bb75593e4dcdf35791967e8ce9323,2026-09-20T09:21:00+00:00,2026-09-20 14:21:00,53.6,1010.5,80
21.8,32.0,68.8,1984.0,576.0,89.6,11.2,5.5,1.4,446.0,227.1,4.3,14.4,166.4,33.5,22.77,False,4095,0.0,10.5,705.4,EXT-OPEN-METEO-KHI,KARACHI,OPENSOURCE_API_GRID,563,,,,0.95,True,True,TIER2_OPENSOURCE_PURE;CONTINUOUS_MINUTE_STREAM;VERIFIED_MODEL_GRID,e2b80d583667d1a4d9e3fa93cf98737b69c0e0777b9e40ca021d89ee77092d24,2026-09-20T09:22:00+00:00,2026-09-20 14:22:00,53.5,1010.5,80
21.8,32.0,68.8,1984.0,576.0,89.6,11.2,5.5,1.4,446.0,227.0,4.4,14.4,166.2,33.5,22.77,False,4095,0.0,10.6,702.0,EXT-OPEN-METEO-KHI,KARACHI,OPENSOURCE_API_GRID,564,,,,0.95,True,True,TIER2_OPENSOURCE_PURE;CONTINUOUS_MINUTE_STREAM;VERIFIED_MODEL_GRID,62c6ec570029e41e47ea474f60b044058360acd78afc532109a1ea76aa664332,2026-09-20T09:23:00+00:00,2026-09-20 14:23:00,53.5,1010.5,80
21.8,32.0,68.7,1984.0,576.0,89.6,11.2,5.5,1.4,446.0,227.0,4.4,14.3,165.9,33.5,22.74,False,4095,0.0,10.7,698.6,EXT-OPEN-METEO-KHI,KARACHI,OPENSOURCE_API_GRID,565,,,,0.95,True,True,TIER2_OPENSOURCE_PURE;CONTINUOUS_MINUTE_STREAM;VERIFIED_MODEL_GRID,27bba76aed393ba8c88a39cf275da93a3a7441decfd205329d4598a269ce45d0,2026-09-20T09:24:00+00:00,2026-09-20 14:24:00,53.4,1010.5,80
21.8,32.0,68.7,1984.0,576.0,89.6,11.2,5.5,1.4,446.0,226.9,4.4,14.3,165.6,33.5,22.7,False,4095,0.0,10.9,695.2,EXT-OPEN-METEO-KHI,KARACHI,OPENSOURCE_API_GRID,566,,,,0.95,True,True,TIER2_OPENSOURCE_PURE;CONTINUOUS_MINUTE_STREAM;VERIFIED_MODEL_GRID,3b0ce6bc477dd96c5ef6c1eac8bf060b5d426b32eda897be6fd79205801bb15a,2026-09-20T09:25:00+00:00,2026-09-20 14:25:00,53.3,1010.5,80
21.8,32.0,68.6,1984.0,576.0,89.6,11.2,5.5,1.4,446.0,226.8,4.4,14.3,165.2,33.5,22.67,False,4095,0.0,11.0,691.6,EXT-OPEN-METEO-KHI,KARACHI,OPENSOURCE_API_GRID,567,,,,0.95,True,True,TIER2_OPENSOURCE_PURE;CONTINUOUS_MINUTE_STREAM;VERIFIED_MODEL_GRID,3aadb877915326e94f3ad6098d09da44533a806800e2ddfff662206a10cf317d,2026-09-20T09:26:00+00:00,2026-09-20 14:26:00,53.2,1010.5,80
21.7,31.9,68.5,1977.8,574.2,89.3,11.2,5.5,1.4,446.0,226.7,4.5,14.2,164.9,33.5,22.67,False,4095,0.0,11.1,688.1,EXT-OPEN-METEO-KHI,KARACHI,OPENSOURCE_API_GRID,568,,,,0.95,True,True,TIER2_OPENSOURCE_PURE;CONTINUOUS_MINUTE_STREAM;VERIFIED_MODEL_GRID,01122451f16e1adf284c464cd50c8aebe9dcbc120c09428a71369f37ee94238a,2026-09-20T09:27:00+00:00,2026-09-20 14:27:00,53.2,1010.5,80
21.7,31.9,68.4,1977.8,574.2,89.3,11.2,5.5,1.4,446.0,226.7,4.5,14.2,164.6,33.5,22.64,False,4095,0.0,11.2,684.5,EXT-OPEN-METEO-KHI,KARACHI,OPENSOURCE_API_GRID,569,,,,0.95,True,True,TIER2_OPENSOURCE_PURE;CONTINUOUS_MINUTE_STREAM;VERIFIED_MODEL_GRID,0e6ad0ca2342db08074f7a733da45d5c742f63aedb11592ca6a01fd03e8ba66f,2026-09-20T09:28:00+00:00,2026-09-20 14:28:00,53.1,1010.5,80
21.6,31.8,68.3,1971.6,572.4,89.0,11.1,5.5,1.4,446.0,226.6,4.5,14.1,164.3,33.5,22.61,False,4095,0.0,11.4,680.9,EXT-OPEN-METEO-KHI,KARACHI,OPENSOURCE_API_GRID,570,,,,0.95,True,True,TIER2_OPENSOURCE_PURE;CONTINUOUS_MINUTE_STREAM;VERIFIED_MODEL_GRID,84215725e05d7c2fdefe7384f345718b0008ea07d140de7d025507cd839d1eb0,2026-09-20T09:29:00+00:00,2026-09-20 14:29:00,53.0,1010.4,80
21.6,31.7,68.1,1965.4,570.6,88.8,11.1,5.4,1.4,446.0,226.5,4.5,14.1,164.0,33.5,22.58,False,4095,0.0,11.5,677.3,EXT-OPEN-METEO-KHI,KARACHI,OPENSOURCE_API_GRID,571,,,,0.95,True,True,TIER2_OPENSOURCE_PURE;CONTINUOUS_MINUTE_STREAM;VERIFIED_MODEL_GRID,b76054f7d6ca8b2c4f17755092d43b03048a0e4ab88d7e9f460a79e9671612ee,2026-09-20T09:30:00+00:00,2026-09-20 14:30:00,52.9,1010.4,80
21.6,31.7,68.0,1965.4,570.6,88.8,11.1,5.4,1.4,446.0,226.4,4.6,14.1,163.7,33.5,22.58,False,4095,0.0,11.6,673.7,EXT-OPEN-METEO-KHI,KARACHI,OPENSOURCE_API_GRID,572,,,,0.95,True,True,TIER2_OPENSOURCE_PURE;CONTINUOUS_MINUTE_STREAM;VERIFIED_MODEL_GRID,cae9929a2b977444116117676f666a7cb05af7fe8f29ea39ba0c03837ce47aa4,2026-09-20T09:31:00+00:00,2026-09-20 14:31:00,52.9,1010.4,80
21.5,31.6,67.9,1959.2,568.8,88.5,11.1,5.4,1.4,446.0,226.3,4.6,14.0,163.4,33.5,22.55,False,4095,0.0,11.8,670.1,EXT-OPEN-METEO-KHI,KARACHI,OPENSOURCE_API_GRID,573,,,,0.95,True,True,TIER2_OPENSOURCE_PURE;CONTINUOUS_MINUTE_STREAM;VERIFIED_MODEL_GRID,0b6062e307827a5cc5beb808cf2767bb4dbff72b4cb1627c69695d5016f8b366,2026-09-20T09:32:00+00:00,2026-09-20 14:32:00,52.8,1010.4,80
21.4,31.5,67.7,1953.0,567.0,88.2,11.0,5.4,1.4,446.0,226.3,4.6,14.0,163.1,33.4,22.43,False,4095,0.0,11.9,666.5,EXT-OPEN-METEO-KHI,KARACHI,OPENSOURCE_API_GRID,574,,,,0.95,True,True,TIER2_OPENSOURCE_PURE;CONTINUOUS_MINUTE_STREAM;VERIFIED_MODEL_GRID,44b30dc7c6a55889aa73364db93e81b35bd10a0b12166ba18d4667cdf359abe8,2026-09-20T09:33:00+00:00,2026-09-20 14:33:00,52.7,1010.4,80
21.4,31.5,67.6,1953.0,567.0,88.2,11.0,5.4,1.4,446.0,226.2,4.7,13.9,162.8,33.4,22.43,False,4095,0.0,12.0,663.0,EXT-OPEN-METEO-KHI,KARACHI,OPENSOURCE_API_GRID,575,,,,0.95,True,True,TIER2_OPENSOURCE_PURE;CONTINUOUS_MINUTE_STREAM;VERIFIED_MODEL_GRID,4d12a96cf8c2f07b3f3f083e4147181da27630eddb142ad0acbec2d33cf2529e,2026-09-20T09:34:00+00:00,2026-09-20 14:34:00,52.7,1010.4,80
21.4,31.4,67.5,1946.8,565.2,87.9,11.0,5.4,1.4,446.0,226.1,4.7,13.9,162.4,33.4,22.39,False,4095,0.0,12.1,659.4,EXT-OPEN-METEO-KHI,KARACHI,OPENSOURCE_API_GRID,576,,,,0.95,True,True,TIER2_OPENSOURCE_PURE;CONTINUOUS_MINUTE_STREAM;VERIFIED_MODEL_GRID,f5cd6a133ea91de7b89f66705791d28487745e0b9bd488c57f50ab9f760a416b,2026-09-20T09:35:00+00:00,2026-09-20 14:35:00,52.6,1010.3,80
21.3,31.3,67.3,1940.6,563.4,87.6,11.0,5.4,1.3,446.0,226.0,4.7,13.9,162.1,33.4,22.36,False,4095,0.0,12.3,656.0,EXT-OPEN-METEO-KHI,KARACHI,OPENSOURCE_API_GRID,577,,,,0.95,True,True,TIER2_OPENSOURCE_PURE;CONTINUOUS_MINUTE_STREAM;VERIFIED_MODEL_GRID,ba57d089ad29b5f0df3396dda0b65f8c1be0ce7dda8e16b766ca332371786046,2026-09-20T09:36:00+00:00,2026-09-20 14:36:00,52.5,1010.3,80
21.3,31.3,67.2,1940.6,563.4,87.6,11.0,5.4,1.3,446.0,226.0,4.7,13.8,161.8,33.4,22.36,False,4095,0.0,12.4,652.6,EXT-OPEN-METEO-KHI,KARACHI,OPENSOURCE_API_GRID,578,,,,0.95,True,True,TIER2_OPENSOURCE_PURE;CONTINUOUS_MINUTE_STREAM;VERIFIED_MODEL_GRID,5c9c8744df8e696f1978195ae733cfb81f3d2c135bb0fd74ce3dae14a2cf6540,2026-09-20T09:37:00+00:00,2026-09-20 14:37:00,52.5,1010.3,80
21.2,31.2,67.1,1934.4,561.6,87.4,10.9,5.4,1.3,446.0,225.9,4.8,13.8,161.6,33.4,22.33,False,4095,0.0,12.5,649.2,EXT-OPEN-METEO-KHI,KARACHI,OPENSOURCE_API_GRID,579,,,,0.95,True,True,TIER2_OPENSOURCE_PURE;CONTINUOUS_MINUTE_STREAM;VERIFIED_MODEL_GRID,c11f32001e29e7b2d6a9be7b5835fb287754d1bf3ce80684e9c394bffeb61c7d,2026-09-20T09:38:00+00:00,2026-09-20 14:38:00,52.4,1010.3,80
21.2,31.2,67.1,1934.4,561.6,87.4,10.9,5.4,1.3,446.0,225.8,4.8,13.7,161.3,33.4,22.33,False,4095,0.0,12.6,646.0,EXT-OPEN-METEO-KHI,KARACHI,OPENSOURCE_API_GRID,580,,,,0.95,True,True,TIER2_OPENSOURCE_PURE;CONTINUOUS_MINUTE_STREAM;VERIFIED_MODEL_GRID,d8db505a6324b5be6e42f353a5a943b4003af24064271808880dd8325ea89f6b,2026-09-20T09:39:00+00:00,2026-09-20 14:39:00,52.4,1010.3,80
21.2,31.2,67.0,1934.4,561.6,87.4,10.9,5.4,1.3,446.0,225.8,4.8,13.7,161.0,33.4,22.33,False,4095,0.0,12.8,642.8,EXT-OPEN-METEO-KHI,KARACHI,OPENSOURCE_API_GRID,581,,,,0.95,True,True,TIER2_OPENSOURCE_PURE;CONTINUOUS_MINUTE_STREAM;VERIFIED_MODEL_GRID,d78dd6a965588013a8f22c81efdf4ef937a5f68f5d7383b2d9f576e8ede2334d,2026-09-20T09:40:00+00:00,2026-09-20 14:40:00,52.4,1010.3,80
21.2,31.2,67.0,1934.4,561.6,87.4,10.9,5.4,1.3,446.0,225.7,4.8,13.7,160.7,33.4,22.3,False,4095,0.0,12.9,639.7,EXT-OPEN-METEO-KHI,KARACHI,OPENSOURCE_API_GRID,582,,,,0.95,True,True,TIER2_OPENSOURCE_PURE;CONTINUOUS_MINUTE_STREAM;VERIFIED_MODEL_GRID,9d429ad26aee01ee8383cdcdd9a2a3f2c18b70b2267e44fe90cf56416310cb4d,2026-09-20T09:41:00+00:00,2026-09-20 14:41:00,52.3,1010.2,80
21.2,31.2,66.9,1934.4,561.6,87.4,10.9,5.4,1.3,446.0,225.6,4.9,13.6,160.5,33.4,22.3,False,4095,0.0,13.0,636.7,EXT-OPEN-METEO-KHI,KARACHI,OPENSOURCE_API_GRID,583,,,,0.95,True,True,TIER2_OPENSOURCE_PURE;CONTINUOUS_MINUTE_STREAM;VERIFIED_MODEL_GRID,0cf130208df5da2aa1d49e8cffd076259c65cce868da0d02b59ef25dd0ddbe14,2026-09-20T09:42:00+00:00,2026-09-20 14:42:00,52.3,1010.2,80
21.2,31.2,66.9,1934.4,561.6,87.4,10.9,5.4,1.3,446.0,225.6,4.9,13.6,160.2,33.4,22.3,False,4095,0.0,13.1,633.9,EXT-OPEN-METEO-KHI,KARACHI,OPENSOURCE_API_GRID,584,,,,0.95,True,True,TIER2_OPENSOURCE_PURE;CONTINUOUS_MINUTE_STREAM;VERIFIED_MODEL_GRID,cc99199550cafc89f7d1258a8d25f6809e2e8d00c88be24c8ba10a06ba92c595,2026-09-20T09:43:00+00:00,2026-09-20 14:43:00,52.3,1010.2,80
21.2,31.2,66.9,1934.4,561.6,87.4,10.9,5.4,1.3,446.0,225.5,4.9,13.6,160.0,33.4,22.3,False,4095,0.0,13.2,631.1,EXT-OPEN-METEO-KHI,KARACHI,OPENSOURCE_API_GRID,585,,,,0.95,True,True,TIER2_OPENSOURCE_PURE;CONTINUOUS_MINUTE_STREAM;VERIFIED_MODEL_GRID,b253dfcdf083aa8c3b18a5ddb639fa72fd895adc7d408e137781be95bbecd691,2026-09-20T09:44:00+00:00,2026-09-20 14:44:00,52.3,1010.2,80
21.2,31.2,66.9,1934.4,561.6,87.4,10.9,5.4,1.3,446.0,225.4,4.9,13.5,159.8,33.4,22.3,False,4095,0.0,13.3,628.5,EXT-OPEN-METEO-KHI,KARACHI,OPENSOURCE_API_GRID,586,,,,0.95,True,True,TIER2_OPENSOURCE_PURE;CONTINUOUS_MINUTE_STREAM;VERIFIED_MODEL_GRID,a568dd4ed87bd5cf498fe14c3de5006aef3a953463cfe7cc8454fd298cef8eaf,2026-09-20T09:45:00+00:00,2026-09-20 14:45:00,52.3,1010.2,80
21.2,31.2,66.9,1934.4,561.6,87.4,10.9,5.4,1.3,446.0,225.4,5.0,13.5,159.5,33.4,22.27,False,4095,0.0,13.4,626.0,EXT-OPEN-METEO-KHI,KARACHI,OPENSOURCE_API_GRID,587,,,,0.95,True,True,TIER2_OPENSOURCE_PURE;CONTINUOUS_MINUTE_STREAM;VERIFIED_MODEL_GRID,6ec203f1a5c13125422afd3da2477dffafea17eacf64a31e7ca976ec3b4741be,2026-09-20T09:46:00+00:00,2026-09-20 14:46:00,52.2,1010.2,80
21.3,31.3,67.0,1940.6,563.4,87.6,11.0,5.4,1.3,446.0,225.3,5.0,13.5,159.3,33.4,22.27,False,4095,0.0,13.4,623.7,EXT-OPEN-METEO-KHI,KARACHI,OPENSOURCE_API_GRID,588,,,,0.95,True,True,TIER2_OPENSOURCE_PURE;CONTINUOUS_MINUTE_STREAM;VERIFIED_MODEL_GRID,83830c5aeb20096e4590ea8b19d2f59e2b821ca42ae2cfc0c63a830c506163c7,2026-09-20T09:47:00+00:00,2026-09-20 14:47:00,52.2,1010.2,80
21.3,31.3,67.0,1940.6,563.4,87.6,11.0,5.4,1.3,446.0,225.3,5.0,13.5,159.1,33.4,22.27,False,4095,0.0,13.5,621.5,EXT-OPEN-METEO-KHI,KARACHI,OPENSOURCE_API_GRID,589,,,,0.95,True,True,TIER2_OPENSOURCE_PURE;CONTINUOUS_MINUTE_STREAM;VERIFIED_MODEL_GRID,38b7f8b6033eb03636528a4ee261fd8764709569198d73ca60c78c2446e12da8,2026-09-20T09:48:00+00:00,2026-09-20 14:48:00,52.2,1010.1,80
21.2,31.2,66.8,1934.4,561.6,87.4,10.9,5.3,1.3,446.0,225.2,5.0,13.4,159.0,33.4,22.3,False,4095,0.0,13.6,619.4,EXT-OPEN-METEO-KHI,KARACHI,OPENSOURCE_API_GRID,590,,,,0.95,True,True,TIER2_OPENSOURCE_PURE;CONTINUOUS_MINUTE_STREAM;VERIFIED_MODEL_GRID,2fb913e34619ef947df33078d5e0d4f4b51771dc0a6c4d08775518cb020bc45c,2026-09-20T09:49:00+00:00,2026-09-20 14:49:00,52.3,1010.1,80
21.2,31.2,66.9,1934.4,561.6,87.4,10.9,5.4,1.3,446.0,225.2,5.0,13.4,158.8,33.4,22.3,False,4095,0.0,13.7,617.5,EXT-OPEN-METEO-KHI,KARACHI,OPENSOURCE_API_GRID,591,,,,0.95,True,True,TIER2_OPENSOURCE_PURE;CONTINUOUS_MINUTE_STREAM;VERIFIED_MODEL_GRID,67f9f41bb97a08bbfac9131ad08e90dff14636287ec8a33919bec103b4cf292b,2026-09-20T09:50:00+00:00,2026-09-20 14:50:00,52.3,1010.1,80
21.2,31.2,66.9,1934.4,561.6,87.4,10.9,5.4,1.3,446.0,225.2,5.0,13.4,158.7,33.4,22.3,False,4095,0.0,13.7,615.8,EXT-OPEN-METEO-KHI,KARACHI,OPENSOURCE_API_GRID,592,,,,0.95,True,True,TIER2_OPENSOURCE_PURE;CONTINUOUS_MINUTE_STREAM;VERIFIED_MODEL_GRID,226269ea23d6b8fe4a2c6da5356c078ad74dd388a1298c7c56a07daac7b4ee64,2026-09-20T09:51:00+00:00,2026-09-20 14:51:00,52.3,1010.1,80
21.3,31.3,66.9,1940.6,563.4,87.6,11.0,5.4,1.3,446.0,225.1,5.1,13.4,158.5,33.4,22.27,False,4095,0.0,13.8,614.3,EXT-OPEN-METEO-KHI,KARACHI,OPENSOURCE_API_GRID,593,,,,0.95,True,True,TIER2_OPENSOURCE_PURE;CONTINUOUS_MINUTE_STREAM;VERIFIED_MODEL_GRID,9311047954d24af3864c92b2d07369ac8fbe011c780fdf304a1ff1f3d410367e,2026-09-20T09:52:00+00:00,2026-09-20 14:52:00,52.2,1010.1,80
21.3,31.3,66.9,1940.6,563.4,87.6,11.0,5.4,1.3,446.0,225.1,5.1,13.4,158.4,33.4,22.27,False,4095,0.0,13.8,612.9,EXT-OPEN-METEO-KHI,KARACHI,OPENSOURCE_API_GRID,594,,,,0.95,True,True,TIER2_OPENSOURCE_PURE;CONTINUOUS_MINUTE_STREAM;VERIFIED_MODEL_GRID,aee34d39f46db5e91c1ac3be3a6b5e3510cbaee21dcafadd0a320c0c5d4b197d,2026-09-20T09:53:00+00:00,2026-09-20 14:53:00,52.2,1010.1,80
21.3,31.3,66.9,1940.6,563.4,87.6,11.0,5.4,1.3,446.0,225.1,5.1,13.3,158.3,33.4,22.24,False,4095,0.0,13.9,611.7,EXT-OPEN-METEO-KHI,KARACHI,OPENSOURCE_API_GRID,595,,,,0.95,True,True,TIER2_OPENSOURCE_PURE;CONTINUOUS_MINUTE_STREAM;VERIFIED_MODEL_GRID,9a1d7b5049c7925060e0aea80c5d391b9525c1ab94934ce3861c7b3dbd591a76,2026-09-20T09:54:00+00:00,2026-09-20 14:54:00,52.1,1010.1,80
21.3,31.3,66.9,1940.6,563.4,87.6,11.0,5.4,1.3,446.0,225.1,5.1,13.3,158.2,33.4,22.24,False,4095,0.0,13.9,610.7,EXT-OPEN-METEO-KHI,KARACHI,OPENSOURCE_API_GRID,596,,,,0.95,True,True,TIER2_OPENSOURCE_PURE;CONTINUOUS_MINUTE_STREAM;VERIFIED_MODEL_GRID,7c2c102fb6f022341d5c4f2fe8f258b14649599ba4f5030c8f565c73047e3542,2026-09-20T09:55:00+00:00,2026-09-20 14:55:00,52.1,1010.1,80
21.3,31.3,66.9,1940.6,563.4,87.6,11.0,5.4,1.3,446.0,225.0,5.1,13.3,158.1,33.5,22.33,False,4095,0.0,13.9,609.8,EXT-OPEN-METEO-KHI,KARACHI,OPENSOURCE_API_GRID,597,,,,0.95,True,True,TIER2_OPENSOURCE_PURE;CONTINUOUS_MINUTE_STREAM;VERIFIED_MODEL_GRID,6cf64fb17b70b799979220765de9faf6b3be892f9ccd282000ff79a86c4d4f94,2026-09-20T09:56:00+00:00,2026-09-20 14:56:00,52.1,1010.1,80
21.3,31.3,66.9,1940.6,563.4,87.6,11.0,5.4,1.3,446.0,225.0,5.1,13.3,158.1,33.5,22.3,False,4095,0.0,14.0,609.1,EXT-OPEN-METEO-KHI,KARACHI,OPENSOURCE_API_GRID,598,,,,0.95,True,True,TIER2_OPENSOURCE_PURE;CONTINUOUS_MINUTE_STREAM;VERIFIED_MODEL_GRID,2175224153da31af92c657fe26e328a46f4a5c1d23643fd579e06bb5c08db5a9,2026-09-20T09:57:00+00:00,2026-09-20 14:57:00,52.0,1010.1,80
21.3,31.3,66.9,1940.6,563.4,87.6,11.0,5.4,1.3,446.0,225.0,5.1,13.3,158.0,33.4,22.21,False,4095,0.0,14.0,608.7,EXT-OPEN-METEO-KHI,KARACHI,OPENSOURCE_API_GRID,599,,,,0.95,True,True,TIER2_OPENSOURCE_PURE;CONTINUOUS_MINUTE_STREAM;VERIFIED_MODEL_GRID,2b004b228787ecbb4145662dc992cf6e127f735b302151d26d40d2f158e00f06,2026-09-20T09:58:00+00:00,2026-09-20 14:58:00,52.0,1010.1,80
21.3,31.3,66.8,1940.6,563.4,87.6,11.0,5.3,1.3,446.0,225.0,5.1,13.3,158.0,33.4,22.21,False,4095,0.0,14.0,608.4,EXT-OPEN-METEO-KHI,KARACHI,OPENSOURCE_API_GRID,600,,,,0.95,True,True,TIER2_OPENSOURCE_PURE;CONTINUOUS_MINUTE_STREAM;VERIFIED_MODEL_GRID,d616b737fc269c160283424fb486b7ccfdb8ec5a91af334b7d787b09c40ebdf6,2026-09-20T09:59:00+00:00,2026-09-20 14:59:00,52.0,1010.1,80
21.2,31.2,66.8,1934.4,561.6,87.4,10.9,5.3,1.3,446.0,225.0,5.1,13.3,158.0,33.4,22.21,False,4095,0.0,14.0,608.3,EXT-OPEN-METEO-KHI,KARACHI,OPENSOURCE_API_GRID,601,,,,0.95,True,False,TIER2_OPENSOURCE_PURE;HOURLY_NODE;VERIFIED_MODEL_GRID,802b09b686ec2a6348a084b2486bc8a2bc76ac9aee013e42547aef2bfa084e3d,2026-09-20T10:00:00+00:00,2026-09-20 15:00:00,52.0,1010.1,80
21.2,31.2,66.7,1934.4,561.6,87.4,10.9,5.3,1.3,446.0,225.0,5.1,13.3,158.0,33.4,22.17,False,4095,0.0,14.0,608.2,EXT-OPEN-METEO-KHI,KARACHI,OPENSOURCE_API_GRID,602,,,,0.95,True,True,TIER2_OPENSOURCE_PURE;CONTINUOUS_MINUTE_STREAM;VERIFIED_MODEL_GRID,7ea427cfdfcabb5cfd9b84ca9d0433340ea20ef4839932b09f2a49476dfc6e04,2026-09-20T10:01:00+00:00,2026-09-20 15:01:00,51.9,1010.1,80
21.1,31.1,66.7,1928.2,559.8,87.1,10.9,5.3,1.3,446.0,225.1,5.1,13.3,157.9,33.4,22.17,False,4095,0.0,14.0,607.8,EXT-OPEN-METEO-KHI,KARACHI,OPENSOURCE_API_GRID,603,,,,0.95,True,True,TIER2_OPENSOURCE_PURE;CONTINUOUS_MINUTE_STREAM;VERIFIED_MODEL_GRID,423f4d19b0825f6d17cca7b584fc466c71d43bfc880422c0dadc69406e998fd0,2026-09-20T10:02:00+00:00,2026-09-20 15:02:00,51.9,1010.1,80
21.1,31.1,66.6,1928.2,559.8,87.1,10.9,5.3,1.3,446.0,225.2,5.1,13.3,157.9,33.4,22.17,False,4095,0.0,14.0,607.2,EXT-OPEN-METEO-KHI,KARACHI,OPENSOURCE_API_GRID,604,,,,0.95,True,True,TIER2_OPENSOURCE_PURE;CONTINUOUS_MINUTE_STREAM;VERIFIED_MODEL_GRID,48acd8aaf4bba17c5df8d463911ce78110496a17560460a16efc5255c40a5c33,2026-09-20T10:03:00+00:00,2026-09-20 15:03:00,51.9,1010.1,80
21.1,31.0,66.5,1922.0,558.0,86.8,10.8,5.3,1.3,446.0,225.3,5.1,13.3,157.8,33.4,22.17,False,4095,0.0,14.0,606.4,EXT-OPEN-METEO-KHI,KARACHI,OPENSOURCE_API_GRID,605,,,,0.95,True,True,TIER2_OPENSOURCE_PURE;CONTINUOUS_MINUTE_STREAM;VERIFIED_MODEL_GRID,d37bc546f4bef35d4d7ebb26bcddc6db2b1eaa05141066d671d2ca6893d9ce63,2026-09-20T10:04:00+00:00,2026-09-20 15:04:00,51.9,1010.1,80
21.1,31.0,66.4,1922.0,558.0,86.8,10.8,5.3,1.3,446.0,225.4,5.1,13.3,157.6,33.4,22.17,False,4095,0.0,14.1,605.3,EXT-OPEN-METEO-KHI,KARACHI,OPENSOURCE_API_GRID,606,,,,0.95,True,True,TIER2_OPENSOURCE_PURE;CONTINUOUS_MINUTE_STREAM;VERIFIED_MODEL_GRID,ea198991bb2b54c5d7d0e248acfb6317e094ed051f597efb3580f281b702d901,2026-09-20T10:05:00+00:00,2026-09-20 15:05:00,51.9,1010.1,80
21.0,30.9,66.3,1915.8,556.2,86.5,10.8,5.3,1.3,446.0,225.6,5.1,13.3,157.5,33.4,22.17,False,4095,0.0,14.1,604.0,EXT-OPEN-METEO-KHI,KARACHI,OPENSOURCE_API_GRID,607,,,,0.95,True,True,TIER2_OPENSOURCE_PURE;CONTINUOUS_MINUTE_STREAM;VERIFIED_MODEL_GRID,0e014b4c09e473da0b051ad7b5a00ae66ba3e8a1237c231cc4ce9cf845da996a,2026-09-20T10:06:00+00:00,2026-09-20 15:06:00,51.9,1010.1,80
21.0,30.9,66.2,1915.8,556.2,86.5,10.8,5.3,1.3,446.0,225.9,5.2,13.3,157.3,33.4,22.21,False,4095,0.0,14.1,602.5,EXT-OPEN-METEO-KHI,KARACHI,OPENSOURCE_API_GRID,608,,,,0.95,True,True,TIER2_OPENSOURCE_PURE;CONTINUOUS_MINUTE_STREAM;VERIFIED_MODEL_GRID,e2be29ea06b0af1a08b9a703843ee559e2a9fad87d351beb5b779f928923dc82,2026-09-20T10:07:00+00:00,2026-09-20 15:07:00,52.0,1010.1,80
20.9,30.8,66.2,1909.6,554.4,86.2,10.8,5.3,1.3,446.0,226.1,5.2,13.2,157.0,33.3,22.11,False,4095,0.0,14.2,600.8,EXT-OPEN-METEO-KHI,KARACHI,OPENSOURCE_API_GRID,609,,,,0.95,True,True,TIER2_OPENSOURCE_PURE;CONTINUOUS_MINUTE_STREAM;VERIFIED_MODEL_GRID,29106f95897282bf0337c05e9d7cadbee58baf0e2233d192653be25b25e8e572,2026-09-20T10:08:00+00:00,2026-09-20 15:08:00,52.0,1010.1,80
20.9,30.8,66.1,1909.6,554.4,86.2,10.8,5.3,1.3,446.0,226.4,5.2,13.2,156.8,33.3,22.11,False,4095,0.0,14.2,598.8,EXT-OPEN-METEO-KHI,KARACHI,OPENSOURCE_API_GRID,610,,,,0.95,True,True,TIER2_OPENSOURCE_PURE;CONTINUOUS_MINUTE_STREAM;VERIFIED_MODEL_GRID,3843883233651ba93076e0c52be2c2ad423565ba2f8954deada10fb004d7502c,2026-09-20T10:09:00+00:00,2026-09-20 15:09:00,52.0,1010.1,80
20.9,30.8,66.0,1909.6,554.4,86.2,10.8,5.3,1.3,446.0,226.7,5.2,13.2,156.5,33.3,22.15,False,4095,0.0,14.3,596.6,EXT-OPEN-METEO-KHI,KARACHI,OPENSOURCE_API_GRID,611,,,,0.95,True,True,TIER2_OPENSOURCE_PURE;CONTINUOUS_MINUTE_STREAM;VERIFIED_MODEL_GRID,7ed260e560b5dbdeccf232f2c2595149cbd2175bc3918d04e3deb0bf8b3178da,2026-09-20T10:10:00+00:00,2026-09-20 15:10:00,52.1,1010.1,80
20.9,30.8,66.0,1909.6,554.4,86.2,10.8,5.3,1.3,446.0,227.1,5.3,13.2,156.2,33.3,22.15,False,4095,0.0,14.3,594.3,EXT-OPEN-METEO-KHI,KARACHI,OPENSOURCE_API_GRID,612,,,,0.95,True,True,TIER2_OPENSOURCE_PURE;CONTINUOUS_MINUTE_STREAM;VERIFIED_MODEL_GRID,5fd0eff09f79e016d121a37b3810d2303542d4a7df43fec66d7ca01d5b7da565,2026-09-20T10:11:00+00:00,2026-09-20 15:11:00,52.1,1010.1,80
20.9,30.7,65.9,1903.4,552.6,86.0,10.7,5.3,1.3,446.0,227.5,5.3,13.2,155.9,33.3,22.18,False,4095,0.0,14.4,591.7,EXT-OPEN-METEO-KHI,KARACHI,OPENSOURCE_API_GRID,613,,,,0.95,True,True,TIER2_OPENSOURCE_PURE;CONTINUOUS_MINUTE_STREAM;VERIFIED_MODEL_GRID,5adff251335dfd2cac632db4ca7ad5dc2c44e6078b8c65313166772f9dadf19a,2026-09-20T10:12:00+00:00,2026-09-20 15:12:00,52.2,1010.1,80
20.9,30.7,65.9,1903.4,552.6,86.0,10.7,5.3,1.3,446.0,227.9,5.3,13.1,155.5,33.3,22.18,False,4095,0.0,14.4,588.9,EXT-OPEN-METEO-KHI,KARACHI,OPENSOURCE_API_GRID,614,,,,0.95,True,True,TIER2_OPENSOURCE_PURE;CONTINUOUS_MINUTE_STREAM;VERIFIED_MODEL_GRID,a7bbef13f1afd8cf0a3f6e2f186b88ba809cb16c6a55bedd0478bbd59c160bf4,2026-09-20T10:13:00+00:00,2026-09-20 15:13:00,52.2,1010.0,80
20.9,30.7,65.9,1903.4,552.6,86.0,10.7,5.3,1.3,446.0,228.3,5.3,13.1,155.2,33.3,22.21,False,4095,0.0,14.5,585.9,EXT-OPEN-METEO-KHI,KARACHI,OPENSOURCE_API_GRID,615,,,,0.95,True,True,TIER2_OPENSOURCE_PURE;CONTINUOUS_MINUTE_STREAM;VERIFIED_MODEL_GRID,c4ec51b77569d115e732834cec3d4b5ced7d0fb70d0fa2049b5f9b35884a42d3,2026-09-20T10:14:00+00:00,2026-09-20 15:14:00,52.3,1010.0,80
20.9,30.7,65.8,1903.4,552.6,86.0,10.7,5.3,1.3,446.0,228.8,5.4,13.1,154.8,33.3,22.24,False,4095,0.0,14.6,582.8,EXT-OPEN-METEO-KHI,KARACHI,OPENSOURCE_API_GRID,616,,,,0.95,True,True,TIER2_OPENSOURCE_PURE;CONTINUOUS_MINUTE_STREAM;VERIFIED_MODEL_GRID,f30bd3075990048defe2e89c2bbbe7059c7fd6168e94727dbf3047ba879302b5,2026-09-20T10:15:00+00:00,2026-09-20 15:15:00,52.4,1010.0,80
20.9,30.7,65.8,1903.4,552.6,86.0,10.7,5.3,1.3,446.0,229.3,5.4,13.1,154.4,33.2,22.18,False,4095,0.0,14.7,579.5,EXT-OPEN-METEO-KHI,KARACHI,OPENSOURCE_API_GRID,617,,,,0.95,True,True,TIER2_OPENSOURCE_PURE;CONTINUOUS_MINUTE_STREAM;VERIFIED_MODEL_GRID,753f5acc961efbaa57978336f1947e3c80ae1b35296a1a667f4baa0c30c000c9,2026-09-20T10:16:00+00:00,2026-09-20 15:16:00,52.5,1010.0,80
20.9,30.8,65.8,1909.6,554.4,86.2,10.8,5.3,1.3,446.0,229.8,5.5,13.0,153.9,33.2,22.18,False,4095,0.0,14.7,576.0,EXT-OPEN-METEO-KHI,KARACHI,OPENSOURCE_API_GRID,618,,,,0.95,True,True,TIER2_OPENSOURCE_PURE;CONTINUOUS_MINUTE_STREAM;VERIFIED_MODEL_GRID,88ae783be93a0a018604c312e21d736f972e925bc9d506a77fd3cc63688e89aa,2026-09-20T10:17:00+00:00,2026-09-20 15:17:00,52.5,1010.0,80
20.9,30.8,65.8,1909.6,554.4,86.2,10.8,5.3,1.3,446.0,230.4,5.5,13.0,153.5,33.2,22.21,False,4095,0.0,14.8,572.4,EXT-OPEN-METEO-KHI,KARACHI,OPENSOURCE_API_GRID,619,,,,0.95,True,True,TIER2_OPENSOURCE_PURE;CONTINUOUS_MINUTE_STREAM;VERIFIED_MODEL_GRID,9f72c3a563514dff9a0f7c8c958771b0a2a91f69f0a2bcd6be873a81fab6232c,2026-09-20T10:18:00+00:00,2026-09-20 15:18:00,52.6,1010.0,80
20.9,30.8,65.8,1909.6,554.4,86.2,10.8,5.3,1.3,446.0,230.9,5.5,13.0,153.0,33.2,22.24,False,4095,0.0,14.9,568.7,EXT-OPEN-METEO-KHI,KARACHI,OPENSOURCE_API_GRID,620,,,,0.95,True,True,TIER2_OPENSOURCE_PURE;CONTINUOUS_MINUTE_STREAM;VERIFIED_MODEL_GRID,7af2edb28c23b3ae4229816c5ccba327c7340bb3f535e478e130b982826ca179,2026-09-20T10:19:00+00:00,2026-09-20 15:19:00,52.7,1010.0,80
20.9,30.7,65.5,1903.4,552.6,86.0,10.7,5.2,1.3,446.0,231.5,5.6,12.9,152.5,33.2,22.3,False,4095,0.0,15.0,564.8,EXT-OPEN-METEO-KHI,KARACHI,OPENSOURCE_API_GRID,621,,,,0.95,True,True,TIER2_OPENSOURCE_PURE;CONTINUOUS_MINUTE_STREAM;VERIFIED_MODEL_GRID,912f39ef6d739323c2dfccf59f0cee39acb144bbb423ca4c1096672e7de340c7,2026-09-20T10:20:00+00:00,2026-09-20 15:20:00,52.9,1010.0,80
20.9,30.7,65.5,1903.4,552.6,86.0,10.7,5.2,1.3,446.0,232.1,5.6,12.9,152.0,33.2,22.33,False,4095,0.0,15.1,560.8,EXT-OPEN-METEO-KHI,KARACHI,OPENSOURCE_API_GRID,622,,,,0.95,True,True,TIER2_OPENSOURCE_PURE;CONTINUOUS_MINUTE_STREAM;VERIFIED_MODEL_GRID,9755a9d97ab9a2c289df477fb59045ffab6124ca218258e850289d1fe856c633,2026-09-20T10:21:00+00:00,2026-09-20 15:21:00,53.0,1010.0,80
20.9,30.7,65.5,1903.4,552.6,86.0,10.7,5.2,1.3,446.0,232.7,5.7,12.9,151.5,33.2,22.33,False,4095,0.0,15.2,556.7,EXT-OPEN-METEO-KHI,KARACHI,OPENSOURCE_API_GRID,623,,,,0.95,True,True,TIER2_OPENSOURCE_PURE;CONTINUOUS_MINUTE_STREAM;VERIFIED_MODEL_GRID,aa81f20c40fcf250337aa557279816ccd0aff1b41c456f3a16f01b03a3adec3f,2026-09-20T10:22:00+00:00,2026-09-20 15:22:00,53.0,1010.0,80
20.8,30.6,65.4,1897.2,550.8,85.7,10.7,5.2,1.3,446.0,233.3,5.7,12.8,150.9,33.2,22.37,False,4095,0.0,15.3,552.4,EXT-OPEN-METEO-KHI,KARACHI,OPENSOURCE_API_GRID,624,,,,0.95,True,True,TIER2_OPENSOURCE_PURE;CONTINUOUS_MINUTE_STREAM;VERIFIED_MODEL_GRID,0d30aefc1c241b01ff19eb35bf8ba0e61e553dc1f834538c9ada3625b4085ad9,2026-09-20T10:23:00+00:00,2026-09-20 15:23:00,53.1,1009.9,80
20.8,30.6,65.4,1897.2,550.8,85.7,10.7,5.2,1.3,446.0,234.0,5.8,12.8,150.4,33.2,22.4,False,4095,0.0,15.4,548.1,EXT-OPEN-METEO-KHI,KARACHI,OPENSOURCE_API_GRID,625,,,,0.95,True,True,TIER2_OPENSOURCE_PURE;CONTINUOUS_MINUTE_STREAM;VERIFIED_MODEL_GRID,2450f62c7bfff5bf920b312e89373edd4a3f93f7a68c22636df13f5d4fefe8c6,2026-09-20T10:24:00+00:00,2026-09-20 15:24:00,53.2,1009.9,80
20.8,30.6,65.3,1897.2,550.8,85.7,10.7,5.2,1.3,446.0,234.6,5.8,12.7,149.8,33.2,22.4,False,4095,0.0,15.5,543.8,EXT-OPEN-METEO-KHI,KARACHI,OPENSOURCE_API_GRID,626,,,,0.95,True,True,TIER2_OPENSOURCE_PURE;CONTINUOUS_MINUTE_STREAM;VERIFIED_MODEL_GRID,2f1867d6bdd87a1ccb15c244a666e434dbb9d2b020c701faf05ae71ec8be4140,2026-09-20T10:25:00+00:00,2026-09-20 15:25:00,53.2,1009.9,80
20.8,30.6,65.2,1897.2,550.8,85.7,10.7,5.2,1.3,446.0,235.3,5.9,12.7,149.3,33.2,22.43,False,4095,0.0,15.6,539.3,EXT-OPEN-METEO-KHI,KARACHI,OPENSOURCE_API_GRID,627,,,,0.95,True,True,TIER2_OPENSOURCE_PURE;CONTINUOUS_MINUTE_STREAM;VERIFIED_MODEL_GRID,7c3a9d644ad3192585dc3cdb0db1b5a40fed9508260a85de1e332d3512070385,2026-09-20T10:26:00+00:00,2026-09-20 15:26:00,53.3,1009.9,80
20.7,30.5,65.1,1891.0,549.0,85.4,10.7,5.2,1.3,446.0,236.0,5.9,12.7,148.7,33.2,22.43,False,4095,0.0,15.7,534.9,EXT-OPEN-METEO-KHI,KARACHI,OPENSOURCE_API_GRID,628,,,,0.95,True,True,TIER2_OPENSOURCE_PURE;CONTINUOUS_MINUTE_STREAM;VERIFIED_MODEL_GRID,ba9a5c36f20a83caaf1e64e8972d71a234f4326cf4d04d771f9396461c3d8af5,2026-09-20T10:27:00+00:00,2026-09-20 15:27:00,53.3,1009.9,80
20.7,30.5,65.0,1891.0,549.0,85.4,10.7,5.2,1.3,446.0,236.6,6.0,12.6,148.1,33.1,22.37,False,4095,0.0,15.8,530.3,EXT-OPEN-METEO-KHI,KARACHI,OPENSOURCE_API_GRID,629,,,,0.95,True,True,TIER2_OPENSOURCE_PURE;CONTINUOUS_MINUTE_STREAM;VERIFIED_MODEL_GRID,839badd1e7ba176edc716a78dc61bf4c19231214069c953269e19942af227c88,2026-09-20T10:28:00+00:00,2026-09-20 15:28:00,53.4,1009.9,80
20.7,30.4,64.9,1884.8,547.2,85.1,10.6,5.2,1.3,446.0,237.3,6.0,12.6,147.6,33.1,22.37,False,4095,0.0,15.9,525.8,EXT-OPEN-METEO-KHI,KARACHI,OPENSOURCE_API_GRID,630,,,,0.95,True,True,TIER2_OPENSOURCE_PURE;CONTINUOUS_MINUTE_STREAM;VERIFIED_MODEL_GRID,95b805278e63b598926cb3134145e941ad0c375fce8604b97e1b69d89dce38ca,2026-09-20T10:29:00+00:00,2026-09-20 15:29:00,53.4,1009.9,80
20.7,30.4,64.7,1884.8,547.2,85.1,10.6,5.2,1.3,446.0,238.0,6.0,12.6,147.0,33.1,22.4,False,4095,0.0,16.0,521.2,EXT-OPEN-METEO-KHI,KARACHI,OPENSOURCE_API_GRID,631,,,,0.95,True,True,TIER2_OPENSOURCE_PURE;CONTINUOUS_MINUTE_STREAM;VERIFIED_MODEL_GRID,60071f05ef1e4ca5b11cbec423779ee56b0c19651d14e8215c5938ad962babee,2026-09-20T10:30:00+00:00,2026-09-20 15:30:00,53.5,1009.9,80
20.6,30.3,64.6,1878.6,545.4,84.8,10.6,5.2,1.3,446.0,238.7,6.1,12.5,146.4,33.1,22.4,False,4095,0.0,16.1,516.7,EXT-OPEN-METEO-KHI,KARACHI,OPENSOURCE_API_GRID,632,,,,0.95,True,True,TIER2_OPENSOURCE_PURE;CONTINUOUS_MINUTE_STREAM;VERIFIED_MODEL_GRID,7770db740ace5ff1fa241a59db0dc31493744f9fecfebc8bacd64545d7a58aac,2026-09-20T10:31:00+00:00,2026-09-20 15:31:00,53.5,1009.9,80
20.5,30.2,64.4,1872.4,543.6,84.6,10.6,5.2,1.3,446.0,239.4,6.1,12.5,145.9,33.0,22.34,False,4095,0.0,16.2,512.2,EXT-OPEN-METEO-KHI,KARACHI,OPENSOURCE_API_GRID,633,,,,0.95,True,True,TIER2_OPENSOURCE_PURE;CONTINUOUS_MINUTE_STREAM;VERIFIED_MODEL_GRID,40de50fe8ccb11e080f25691b884673a2e986fe7cec0c1c3d744f89bcecee466,2026-09-20T10:32:00+00:00,2026-09-20 15:32:00,53.6,1009.8,80
20.5,30.1,64.2,1866.2,541.8,84.3,10.5,5.1,1.3,446.0,240.0,6.2,12.4,145.3,33.0,22.37,False,4095,0.0,16.3,507.6,EXT-OPEN-METEO-KHI,KARACHI,OPENSOURCE_API_GRID,634,,,,0.95,True,True,TIER2_OPENSOURCE_PURE;CONTINUOUS_MINUTE_STREAM;VERIFIED_MODEL_GRID,82d7228f0ccb2f59d82e11ca226e16ed7db01a9b69b4d0b75dcc3b774eae8571,2026-09-20T10:33:00+00:00,2026-09-20 15:33:00,53.7,1009.8,80
20.4,30.0,64.1,1860.0,540.0,84.0,10.5,5.1,1.3,446.0,240.7,6.2,12.4,144.7,33.0,22.37,False,4095,0.0,16.4,503.2,EXT-OPEN-METEO-KHI,KARACHI,OPENSOURCE_API_GRID,635,,,,0.95,True,True,TIER2_OPENSOURCE_PURE;CONTINUOUS_MINUTE_STREAM;VERIFIED_MODEL_GRID,55dc14f15553a5cd2e8ade1a55fcd8dbaf9190f2b5ae29684f2e71291a57fded,2026-09-20T10:34:00+00:00,2026-09-20 15:34:00,53.7,1009.8,80
20.3,29.9,63.9,1853.8,538.2,83.7,10.5,5.1,1.3,446.0,241.4,6.3,12.4,144.2,33.0,22.4,False,4095,0.0,16.5,498.7,EXT-OPEN-METEO-KHI,KARACHI,OPENSOURCE_API_GRID,636,,,,0.95,True,True,TIER2_OPENSOURCE_PURE;CONTINUOUS_MINUTE_STREAM;VERIFIED_MODEL_GRID,2f3eba6b05dac0b859722f4caefe2bcbf4f0d08e6558e262ae1d77fa17b5e2d6,2026-09-20T10:35:00+00:00,2026-09-20 15:35:00,53.8,1009.8,80
20.3,29.8,63.7,1847.6,536.4,83.4,10.4,5.1,1.3,446.0,242.0,6.3,12.3,143.6,32.9,22.3,False,4095,0.0,16.6,494.4,EXT-OPEN-METEO-KHI,KARACHI,OPENSOURCE_API_GRID,637,,,,0.95,True,True,TIER2_OPENSOURCE_PURE;CONTINUOUS_MINUTE_STREAM;VERIFIED_MODEL_GRID,2d01021aad587a533e7eafd42ad1695c900488d2dfd606b0cd24ca5caccfaa74,2026-09-20T10:36:00+00:00,2026-09-20 15:36:00,53.8,1009.8,80
20.3,29.8,63.6,1847.6,536.4,83.4,10.4,5.1,1.3,446.0,242.7,6.4,12.3,143.1,32.9,22.33,False,4095,0.0,16.7,490.1,EXT-OPEN-METEO-KHI,KARACHI,OPENSOURCE_API_GRID,638,,,,0.95,True,True,TIER2_OPENSOURCE_PURE;CONTINUOUS_MINUTE_STREAM;VERIFIED_MODEL_GRID,f27ab32c8c30d65cfd7ac6b40056cce42fc8e38d46842a4a001491f17d85a4b3,2026-09-20T10:37:00+00:00,2026-09-20 15:37:00,53.9,1009.8,80
20.2,29.7,63.4,1841.4,534.6,83.2,10.4,5.1,1.3,446.0,243.3,6.4,12.2,142.5,32.9,22.37,False,4095,0.0,16.8,485.8,EXT-OPEN-METEO-KHI,KARACHI,OPENSOURCE_API_GRID,639,,,,0.95,True,True,TIER2_OPENSOURCE_PURE;CONTINUOUS_MINUTE_STREAM;VERIFIED_MODEL_GRID,b43712d39c609b16b4595b930c3bd10ba9c3019c01879354959c725026e9fd0a,2026-09-20T10:38:00+00:00,2026-09-20 15:38:00,54.0,1009.8,80
20.1,29.6,63.3,1835.2,532.8,82.9,10.4,5.1,1.3,446.0,243.9,6.5,12.2,142.0,32.9,22.37,False,4095,0.0,16.9,481.7,EXT-OPEN-METEO-KHI,KARACHI,OPENSOURCE_API_GRID,640,,,,0.95,True,True,TIER2_OPENSOURCE_PURE;CONTINUOUS_MINUTE_STREAM;VERIFIED_MODEL_GRID,b5869d96498935b54432cab1a61089898163354ee271ae28c402d4beb657d37a,2026-09-20T10:39:00+00:00,2026-09-20 15:39:00,54.0,1009.8,80
20.1,29.6,63.2,1835.2,532.8,82.9,10.4,5.1,1.3,446.0,244.5,6.5,12.2,141.5,32.8,22.3,False,4095,0.0,17.0,477.7,EXT-OPEN-METEO-KHI,KARACHI,OPENSOURCE_API_GRID,641,,,,0.95,True,True,TIER2_OPENSOURCE_PURE;CONTINUOUS_MINUTE_STREAM;VERIFIED_MODEL_GRID,4acc29105002961f20cc309489d7041d7dd353d1d62a289f8447486930c19a7e,2026-09-20T10:40:00+00:00,2026-09-20 15:40:00,54.1,1009.7,80
20.1,29.5,63.1,1829.0,531.0,82.6,10.3,5.0,1.3,446.0,245.1,6.6,12.1,141.0,32.8,22.33,False,4095,0.0,17.1,473.8,EXT-OPEN-METEO-KHI,KARACHI,OPENSOURCE_API_GRID,642,,,,0.95,True,True,TIER2_OPENSOURCE_PURE;CONTINUOUS_MINUTE_STREAM;VERIFIED_MODEL_GRID,f94c3bc95d17722464351e5783639f34663401ecc45e8872752b5d0457d95a5a,2026-09-20T10:41:00+00:00,2026-09-20 15:41:00,54.2,1009.7,80
20.1,29.5,63.0,1829.0,531.0,82.6,10.3,5.0,1.3,446.0,245.6,6.6,12.1,140.5,32.8,22.36,False,4095,0.0,17.2,470.1,EXT-OPEN-METEO-KHI,KARACHI,OPENSOURCE_API_GRID,643,,,,0.95,True,True,TIER2_OPENSOURCE_PURE;CONTINUOUS_MINUTE_STREAM;VERIFIED_MODEL_GRID,b1230ae8b554c3e61d5cf1631425b240d48bb2dcc160d4a762fc318350b3bb01,2026-09-20T10:42:00+00:00,2026-09-20 15:42:00,54.3,1009.7,80
20.0,29.4,62.9,1822.8,529.2,82.3,10.3,5.0,1.3,446.0,246.2,6.6,12.1,140.1,32.8,22.36,False,4095,0.0,17.3,466.5,EXT-OPEN-METEO-KHI,KARACHI,OPENSOURCE_API_GRID,644,,,,0.95,True,True,TIER2_OPENSOURCE_PURE;CONTINUOUS_MINUTE_STREAM;VERIFIED_MODEL_GRID,21c39f414d01230623dbc52db67c3de1eb2694497ac9758aa7654d360e791e77,2026-09-20T10:43:00+00:00,2026-09-20 15:43:00,54.3,1009.7,80
20.0,29.4,62.9,1822.8,529.2,82.3,10.3,5.0,1.3,446.0,246.7,6.7,12.0,139.6,32.8,22.39,False,4095,0.0,17.3,463.0,EXT-OPEN-METEO-KHI,KARACHI,OPENSOURCE_API_GRID,645,,,,0.95,True,True,TIER2_OPENSOURCE_PURE;CONTINUOUS_MINUTE_STREAM;VERIFIED_MODEL_GRID,fe16e64a259df6162d4a3d6dcf3efe331b0444edd008f047414308a90f66106e,2026-09-20T10:44:00+00:00,2026-09-20 15:44:00,54.4,1009.7,80
20.0,29.4,62.8,1822.8,529.2,82.3,10.3,5.0,1.3,446.0,247.2,6.7,12.0,139.2,32.8,22.42,False,4095,0.0,17.4,459.7,EXT-OPEN-METEO-KHI,KARACHI,OPENSOURCE_API_GRID,646,,,,0.95,True,True,TIER2_OPENSOURCE_PURE;CONTINUOUS_MINUTE_STREAM;VERIFIED_MODEL_GRID,87ed26ad13199e15397da69a28b4ed7fe4b1ccff8b7b9cca96efa2b1426c188d,2026-09-20T10:45:00+00:00,2026-09-20 15:45:00,54.5,1009.7,80
20.0,29.4,62.8,1822.8,529.2,82.3,10.3,5.0,1.3,446.0,247.7,6.8,12.0,138.8,32.7,22.36,False,4095,0.0,17.5,456.6,EXT-OPEN-METEO-KHI,KARACHI,OPENSOURCE_API_GRID,647,,,,0.95,True,True,TIER2_OPENSOURCE_PURE;CONTINUOUS_MINUTE_STREAM;VERIFIED_MODEL_GRID,ba098d20510fd78fa3f2f0ea7768eae19771290438d3e80e2477f268c33ff7e7,2026-09-20T10:46:00+00:00,2026-09-20 15:46:00,54.6,1009.7,80
20.0,29.4,62.8,1822.8,529.2,82.3,10.3,5.0,1.3,446.0,248.1,6.8,12.0,138.5,32.7,22.36,False,4095,0.0,17.6,453.6,EXT-OPEN-METEO-KHI,KARACHI,OPENSOURCE_API_GRID,648,,,,0.95,True,True,TIER2_OPENSOURCE_PURE;CONTINUOUS_MINUTE_STREAM;VERIFIED_MODEL_GRID,9ad60fb300a5785a80d520ebcd6078c89ac75e09c8f89f89f17b656875f045f1,2026-09-20T10:47:00+00:00,2026-09-20 15:47:00,54.6,1009.7,80
20.1,29.5,62.8,1829.0,531.0,82.6,10.3,5.0,1.3,446.0,248.5,6.8,11.9,138.1,32.7,22.39,False,4095,0.0,17.6,450.8,EXT-OPEN-METEO-KHI,KARACHI,OPENSOURCE_API_GRID,649,,,,0.95,True,True,TIER2_OPENSOURCE_PURE;CONTINUOUS_MINUTE_STREAM;VERIFIED_MODEL_GRID,578009f522499f35f2f53078622b0471ebad2293642fb9b1ab2144b924402ed5,2026-09-20T10:48:00+00:00,2026-09-20 15:48:00,54.7,1009.6,80
20.1,29.5,62.8,1829.0,531.0,82.6,10.3,5.0,1.3,446.0,248.9,6.8,11.9,137.8,32.7,22.42,False,4095,0.0,17.7,448.2,EXT-OPEN-METEO-KHI,KARACHI,OPENSOURCE_API_GRID,650,,,,0.95,True,True,TIER2_OPENSOURCE_PURE;CONTINUOUS_MINUTE_STREAM;VERIFIED_MODEL_GRID,be41acfb712868cfa5489bd04404a95e9c63b9cacee3efdccc52e2b11f0688ad,2026-09-20T10:49:00+00:00,2026-09-20 15:49:00,54.8,1009.6,80
20.1,29.5,62.8,1829.0,531.0,82.6,10.3,5.0,1.3,446.0,249.3,6.9,11.9,137.5,32.7,22.42,False,4095,0.0,17.7,445.9,EXT-OPEN-METEO-KHI,KARACHI,OPENSOURCE_API_GRID,651,,,,0.95,True,True,TIER2_OPENSOURCE_PURE;CONTINUOUS_MINUTE_STREAM;VERIFIED_MODEL_GRID,c18f0926a3c3177326a70dc77feeb77a1995e18f895e00c4ddba290a998408d0,2026-09-20T10:50:00+00:00,2026-09-20 15:50:00,54.8,1009.6,80
20.0,29.4,62.6,1822.8,529.2,82.3,10.3,5.0,1.3,446.0,249.6,6.9,11.9,137.2,32.7,22.48,False,4095,0.0,17.8,443.7,EXT-OPEN-METEO-KHI,KARACHI,OPENSOURCE_API_GRID,652,,,,0.95,True,True,TIER2_OPENSOURCE_PURE;CONTINUOUS_MINUTE_STREAM;VERIFIED_MODEL_GRID,4f6583df6c8020abf2df58d9d0bb498912273e942dc64dffd97e40831be5a4f6,2026-09-20T10:51:00+00:00,2026-09-20 15:51:00,55.0,1009.6,80
20.0,29.4,62.6,1822.8,529.2,82.3,10.3,5.0,1.3,446.0,249.9,6.9,11.9,137.0,32.7,22.48,False,4095,0.0,17.8,441.7,EXT-OPEN-METEO-KHI,KARACHI,OPENSOURCE_API_GRID,653,,,,0.95,True,True,TIER2_OPENSOURCE_PURE;CONTINUOUS_MINUTE_STREAM;VERIFIED_MODEL_GRID,c3737a687a3a640826503d46c61f303b6f9eebae51ca1c065e23c75d6e641fd3,2026-09-20T10:52:00+00:00,2026-09-20 15:52:00,55.0,1009.6,80
20.0,29.4,62.7,1822.8,529.2,82.3,10.3,5.0,1.3,446.0,250.1,6.9,11.8,136.7,32.7,22.48,False,4095,0.0,17.9,440.0,EXT-OPEN-METEO-KHI,KARACHI,OPENSOURCE_API_GRID,654,,,,0.95,True,True,TIER2_OPENSOURCE_PURE;CONTINUOUS_MINUTE_STREAM;VERIFIED_MODEL_GRID,550f6511262535aabdad0bff0ca1f26317dfc822cc5261569da200c745d65f9c,2026-09-20T10:53:00+00:00,2026-09-20 15:53:00,55.0,1009.6,80
20.1,29.5,62.7,1829.0,531.0,82.6,10.3,5.0,1.3,446.0,250.4,7.0,11.8,136.5,32.7,22.51,False,4095,0.0,17.9,438.5,EXT-OPEN-METEO-KHI,KARACHI,OPENSOURCE_API_GRID,655,,,,0.95,True,True,TIER2_OPENSOURCE_PURE;CONTINUOUS_MINUTE_STREAM;VERIFIED_MODEL_GRID,584dd99317a7e52e7e316c0e31942538a06cbcfcba8670a13a1a003637286a45,2026-09-20T10:54:00+00:00,2026-09-20 15:54:00,55.1,1009.6,80
20.1,29.5,62.7,1829.0,531.0,82.6,10.3,5.0,1.3,446.0,250.6,7.0,11.8,136.4,32.7,22.51,False,4095,0.0,17.9,437.2,EXT-OPEN-METEO-KHI,KARACHI,OPENSOURCE_API_GRID,656,,,,0.95,True,True,TIER2_OPENSOURCE_PURE;CONTINUOUS_MINUTE_STREAM;VERIFIED_MODEL_GRID,67f07eed4b14de0b0387deb2374f465b5a2d3e762731ea9396128aa079631749,2026-09-20T10:55:00+00:00,2026-09-20 15:55:00,55.1,1009.6,80
20.1,29.5,62.7,1829.0,531.0,82.6,10.3,5.0,1.3,446.0,250.7,7.0,11.8,136.2,32.7,22.51,False,4095,0.0,18.0,436.1,EXT-OPEN-METEO-KHI,KARACHI,OPENSOURCE_API_GRID,657,,,,0.95,True,True,TIER2_OPENSOURCE_PURE;CONTINUOUS_MINUTE_STREAM;VERIFIED_MODEL_GRID,fe346e9cca28208d48ee6e19fd04074b4335863a0ac5afc79e989e2aa2fddd4b,2026-09-20T10:56:00+00:00,2026-09-20 15:56:00,55.1,1009.6,80
20.1,29.5,62.7,1829.0,531.0,82.6,10.3,5.0,1.3,446.0,250.8,7.0,11.8,136.1,32.8,22.6,False,4095,0.0,18.0,435.3,EXT-OPEN-METEO-KHI,KARACHI,OPENSOURCE_API_GRID,658,,,,0.95,True,True,TIER2_OPENSOURCE_PURE;CONTINUOUS_MINUTE_STREAM;VERIFIED_MODEL_GRID,b4ccde1c9479b4d998e86b2fd5698836dc0da7906a2c129b3cf7a5633ac9f31d,2026-09-20T10:57:00+00:00,2026-09-20 15:57:00,55.1,1009.6,80
20.1,29.5,62.7,1829.0,531.0,82.6,10.3,5.0,1.3,446.0,250.9,7.0,11.8,136.1,32.8,22.6,False,4095,0.0,18.0,434.7,EXT-OPEN-METEO-KHI,KARACHI,OPENSOURCE_API_GRID,659,,,,0.95,True,True,TIER2_OPENSOURCE_PURE;CONTINUOUS_MINUTE_STREAM;VERIFIED_MODEL_GRID,e68d688c23dc1ae92e88a7d6c8a1b505e5b8fbbc2d1e665fbb36dcd2920ee452,2026-09-20T10:58:00+00:00,2026-09-20 15:58:00,55.1,1009.6,80
20.1,29.5,62.7,1829.0,531.0,82.6,10.3,5.0,1.3,446.0,251.0,7.0,11.8,136.0,32.8,22.57,False,4095,0.0,18.0,434.3,EXT-OPEN-METEO-KHI,KARACHI,OPENSOURCE_API_GRID,660,,,,0.95,True,True,TIER2_OPENSOURCE_PURE;CONTINUOUS_MINUTE_STREAM;VERIFIED_MODEL_GRID,53cbfa2836ebc6897f5c1ccadd11639edb3db3e28ee2fb6b901fbaf2a16805dd,2026-09-20T10:59:00+00:00,2026-09-20 15:59:00,55.0,1009.6,80
20.1,29.5,62.7,1829.0,531.0,82.6,10.3,5.0,1.3,446.0,251.0,7.0,11.8,136.0,32.7,22.48,False,4095,0.0,18.0,434.2,EXT-OPEN-METEO-KHI,KARACHI,OPENSOURCE_API_GRID,661,,,,0.95,True,False,TIER2_OPENSOURCE_PURE;HOURLY_NODE;VERIFIED_MODEL_GRID,bb7171bdd9242cb418487a1b524a712137478bd91c27c06842aa43a4adb2390b,2026-09-20T11:00:00+00:00,2026-09-20 16:00:00,55.0,1009.6,81
20.1,29.5,62.6,1829.0,531.0,82.6,10.3,5.0,1.3,446.0,251.0,7.0,11.8,136.0,32.7,22.48,False,4095,0.0,18.0,434.1,EXT-OPEN-METEO-KHI,KARACHI,OPENSOURCE_API_GRID,662,,,,0.95,True,True,TIER2_OPENSOURCE_PURE;CONTINUOUS_MINUTE_STREAM;VERIFIED_MODEL_GRID,a1ff77e09088bc7bedaf2f4b36799998d0251557c37ee91e00c96dec24ee76f0,2026-09-20T11:01:00+00:00,2026-09-20 16:01:00,55.0,1009.6,81
20.0,29.4,62.6,1822.8,529.2,82.3,10.3,5.0,1.3,446.0,251.1,7.0,11.8,135.9,32.7,22.48,False,4095,0.0,18.0,433.7,EXT-OPEN-METEO-KHI,KARACHI,OPENSOURCE_API_GRID,663,,,,0.95,True,True,TIER2_OPENSOURCE_PURE;CONTINUOUS_MINUTE_STREAM;VERIFIED_MODEL_GRID,6b4252c7880493bc3277f231236d710f60c9488213a85cf52a75b75ed001d3bf,2026-09-20T11:02:00+00:00,2026-09-20 16:02:00,55.0,1009.6,81
20.0,29.4,62.5,1822.8,529.2,82.3,10.3,5.0,1.2,446.0,251.1,7.0,11.8,135.9,32.7,22.45,False,4095,0.0,18.0,433.0,EXT-OPEN-METEO-KHI,KARACHI,OPENSOURCE_API_GRID,664,,,,0.95,True,True,TIER2_OPENSOURCE_PURE;CONTINUOUS_MINUTE_STREAM;VERIFIED_MODEL_GRID,dd7fa29c9b6da7473a7d1e53867776d6677d2790211eb9e5e3949130d16e888a,2026-09-20T11:03:00+00:00,2026-09-20 16:03:00,54.9,1009.6,81
19.9,29.3,62.4,1816.6,527.4,82.0,10.3,5.0,1.2,446.0,251.2,7.0,11.8,135.7,32.7,22.45,False,4095,0.0,17.9,432.0,EXT-OPEN-METEO-KHI,KARACHI,OPENSOURCE_API_GRID,665,,,,0.95,True,True,TIER2_OPENSOURCE_PURE;CONTINUOUS_MINUTE_STREAM;VERIFIED_MODEL_GRID,5c9defbb8ba20a190c4d048a9853fe0c03efa604170ccb6844989089b9240662,2026-09-20T11:04:00+00:00,2026-09-20 16:04:00,54.9,1009.6,81
19.9,29.3,62.3,1816.6,527.4,82.0,10.3,5.0,1.2,446.0,251.3,7.0,11.8,135.6,32.7,22.45,False,4095,0.0,17.9,430.8,EXT-OPEN-METEO-KHI,KARACHI,OPENSOURCE_API_GRID,666,,,,0.95,True,True,TIER2_OPENSOURCE_PURE;CONTINUOUS_MINUTE_STREAM;VERIFIED_MODEL_GRID,f0a4ce291f52f0b4cdebe585cda099455616d08b134aa82e59a7612bc868415f,2026-09-20T11:05:00+00:00,2026-09-20 16:05:00,54.9,1009.6,81
19.9,29.2,62.2,1810.4,525.6,81.8,10.2,5.0,1.2,446.0,251.5,7.1,11.8,135.4,32.7,22.45,False,4095,0.0,17.8,429.3,EXT-OPEN-METEO-KHI,KARACHI,OPENSOURCE_API_GRID,667,,,,0.95,True,True,TIER2_OPENSOURCE_PURE;CONTINUOUS_MINUTE_STREAM;VERIFIED_MODEL_GRID,58f38b191551245ad4512056be9d583b7c0a5f13f2f786766eb16b5c17642ff2,2026-09-20T11:06:00+00:00,2026-09-20 16:06:00,54.9,1009.6,81
19.8,29.1,62.1,1804.2,523.8,81.5,10.2,5.0,1.2,446.0,251.6,7.1,11.8,135.2,32.7,22.45,False,4095,0.0,17.8,427.6,EXT-OPEN-METEO-KHI,KARACHI,OPENSOURCE_API_GRID,668,,,,0.95,True,True,TIER2_OPENSOURCE_PURE;CONTINUOUS_MINUTE_STREAM;VERIFIED_MODEL_GRID,9c41cad365ac8e8feb6336ab386f598bd93d2d8402f23a3656cabe7923da290e,2026-09-20T11:07:00+00:00,2026-09-20 16:07:00,54.9,1009.6,81
19.8,29.1,62.0,1804.2,523.8,81.5,10.2,5.0,1.2,446.0,251.8,7.1,11.7,135.0,32.7,22.45,False,4095,0.0,17.7,425.6,EXT-OPEN-METEO-KHI,KARACHI,OPENSOURCE_API_GRID,669,,,,0.95,True,True,TIER2_OPENSOURCE_PURE;CONTINUOUS_MINUTE_STREAM;VERIFIED_MODEL_GRID,eafd3acf897cd80e281e262de373b4a1719b373a678fd96b590e54bda36453e0,2026-09-20T11:08:00+00:00,2026-09-20 16:08:00,54.9,1009.6,81
19.7,29.0,61.9,1798.0,522.0,81.2,10.1,5.0,1.2,446.1,252.0,7.1,11.7,134.7,32.7,22.45,False,4095,0.0,17.6,423.4,EXT-OPEN-METEO-KHI,KARACHI,OPENSOURCE_API_GRID,670,,,,0.95,True,True,TIER2_OPENSOURCE_PURE;CONTINUOUS_MINUTE_STREAM;VERIFIED_MODEL_GRID,2d04cb30735b6060b5e34d138a274b698f2a8375bfb18a77d3c07806dde9f443,2026-09-20T11:09:00+00:00,2026-09-20 16:09:00,54.9,1009.6,81
19.7,29.0,61.8,1798.0,522.0,81.2,10.1,4.9,1.2,446.1,252.3,7.2,11.7,134.4,32.6,22.36,False,4095,0.0,17.5,420.9,EXT-OPEN-METEO-KHI,KARACHI,OPENSOURCE_API_GRID,671,,,,0.95,True,True,TIER2_OPENSOURCE_PURE;CONTINUOUS_MINUTE_STREAM;VERIFIED_MODEL_GRID,c6aff03e268c6bec35e3277da5c93b16e9978fff2d2570ef9bb80acda76df9b6,2026-09-20T11:10:00+00:00,2026-09-20 16:10:00,54.9,1009.6,81
19.7,28.9,61.7,1791.8,520.2,80.9,10.1,4.9,1.2,446.1,252.5,7.2,11.7,134.1,32.6,22.36,False,4095,0.0,17.4,418.2,EXT-OPEN-METEO-KHI,KARACHI,OPENSOURCE_API_GRID,672,,,,0.95,True,True,TIER2_OPENSOURCE_PURE;CONTINUOUS_MINUTE_STREAM;VERIFIED_MODEL_GRID,0e674f9a7296161683ce08a9fb413ca90389ccf0a20fd7773b83ed18c7088f41,2026-09-20T11:11:00+00:00,2026-09-20 16:11:00,54.9,1009.6,81
19.7,28.9,61.6,1791.8,520.2,80.9,10.1,4.9,1.2,446.1,252.8,7.2,11.7,133.7,32.6,22.39,False,4095,0.0,17.3,415.3,EXT-OPEN-METEO-KHI,KARACHI,OPENSOURCE_API_GRID,673,,,,0.95,True,True,TIER2_OPENSOURCE_PURE;CONTINUOUS_MINUTE_STREAM;VERIFIED_MODEL_GRID,da0f7d66dfd6418d0c1aba2bc620162e06c0e75a019e627a00335bee2ce5faa5,2026-09-20T11:12:00+00:00,2026-09-20 16:12:00,55.0,1009.6,81
19.6,28.8,61.5,1785.6,518.4,80.6,10.1,4.9,1.2,446.1,253.1,7.3,11.6,133.3,32.6,22.39,False,4095,0.0,17.2,412.1,EXT-OPEN-METEO-KHI,KARACHI,OPENSOURCE_API_GRID,674,,,,0.95,True,True,TIER2_OPENSOURCE_PURE;CONTINUOUS_MINUTE_STREAM;VERIFIED_MODEL_GRID,2339641f45d7e9086c2b3d22478ace902110d6acd110846ba43bcaa8e9ebca1a,2026-09-20T11:13:00+00:00,2026-09-20 16:13:00,55.0,1009.6,81
19.6,28.8,61.5,1785.6,518.4,80.6,10.1,4.9,1.2,446.1,253.4,7.3,11.6,132.9,32.6,22.39,False,4095,0.0,17.1,408.7,EXT-OPEN-METEO-KHI,KARACHI,OPENSOURCE_API_GRID,675,,,,0.95,True,True,TIER2_OPENSOURCE_PURE;CONTINUOUS_MINUTE_STREAM;VERIFIED_MODEL_GRID,39dfab2ffc490941a131cfa6d20369ed9d3dd715b1f8d33981a8b117461f031f,2026-09-20T11:14:00+00:00,2026-09-20 16:14:00,55.0,1009.6,81
19.6,28.8,61.4,1785.6,518.4,80.6,10.1,4.9,1.2,446.1,253.8,7.4,11.6,132.5,32.6,22.39,False,4095,0.0,17.0,405.2,EXT-OPEN-METEO-KHI,KARACHI,OPENSOURCE_API_GRID,676,,,,0.95,True,True,TIER2_OPENSOURCE_PURE;CONTINUOUS_MINUTE_STREAM;VERIFIED_MODEL_GRID,f22de030101c0774c15b49e9fc0aac152b2eeb97a8d2c6fc25ac5c70a2fac56a,2026-09-20T11:15:00+00:00,2026-09-20 16:15:00,55.0,1009.6,81
19.6,28.8,61.3,1785.6,518.4,80.6,10.1,4.9,1.2,446.2,254.1,7.4,11.6,132.0,32.6,22.42,False,4095,0.0,16.8,401.4,EXT-OPEN-METEO-KHI,KARACHI,OPENSOURCE_API_GRID,677,,,,0.95,True,True,TIER2_OPENSOURCE_PURE;CONTINUOUS_MINUTE_STREAM;VERIFIED_MODEL_GRID,0a654c38bfd4bedad5cd1e62517c6ab79d2b4b37e87acf4d9194cd13fa441e6a,2026-09-20T11:16:00+00:00,2026-09-20 16:16:00,55.1,1009.6,81
19.6,28.8,61.3,1785.6,518.4,80.6,10.1,4.9,1.2,446.2,254.5,7.5,11.5,131.6,32.6,22.42,False,4095,0.0,16.7,397.4,EXT-OPEN-METEO-KHI,KARACHI,OPENSOURCE_API_GRID,678,,,,0.95,True,True,TIER2_OPENSOURCE_PURE;CONTINUOUS_MINUTE_STREAM;VERIFIED_MODEL_GRID,2f604c2a592e8b1aef8f3d205b853bfd8e9804a0ad50dc8dbca2d4aa3963b171,2026-09-20T11:17:00+00:00,2026-09-20 16:17:00,55.1,1009.6,81
19.5,28.7,61.2,1779.4,516.6,80.4,10.0,4.9,1.2,446.2,254.9,7.5,11.5,131.1,32.6,22.45,False,4095,0.0,16.6,393.3,EXT-OPEN-METEO-KHI,KARACHI,OPENSOURCE_API_GRID,679,,,,0.95,True,True,TIER2_OPENSOURCE_PURE;CONTINUOUS_MINUTE_STREAM;VERIFIED_MODEL_GRID,1c7d6697d51775bde4c17e9a8943a673a2210fd8ba9165f375b4da3baa88be02,2026-09-20T11:18:00+00:00,2026-09-20 16:18:00,55.2,1009.6,81
19.5,28.7,61.2,1779.4,516.6,80.4,10.0,4.9,1.2,446.2,255.3,7.6,11.5,130.5,32.6,22.45,False,4095,0.0,16.4,389.1,EXT-OPEN-METEO-KHI,KARACHI,OPENSOURCE_API_GRID,680,,,,0.95,True,True,TIER2_OPENSOURCE_PURE;CONTINUOUS_MINUTE_STREAM;VERIFIED_MODEL_GRID,9f940807234059fd1f45989993ba464ee418725cfab4864379119d555ce7c86c,2026-09-20T11:19:00+00:00,2026-09-20 16:19:00,55.2,1009.6,81
19.5,28.7,61.1,1779.4,516.6,80.4,10.0,4.9,1.2,446.2,255.8,7.6,11.4,130.0,32.6,22.48,False,4095,0.0,16.2,384.6,EXT-OPEN-METEO-KHI,KARACHI,OPENSOURCE_API_GRID,681,,,,0.95,True,True,TIER2_OPENSOURCE_PURE;CONTINUOUS_MINUTE_STREAM;VERIFIED_MODEL_GRID,46805005f5b245e57a7c8969b829c452f5dc31985ba23cbd2383407adb4da6d8,2026-09-20T11:20:00+00:00,2026-09-20 16:20:00,55.3,1009.6,81
19.5,28.7,61.1,1779.4,516.6,80.4,10.0,4.9,1.2,446.3,256.2,7.7,11.4,129.4,32.6,22.48,False,4095,0.0,16.1,380.1,EXT-OPEN-METEO-KHI,KARACHI,OPENSOURCE_API_GRID,682,,,,0.95,True,True,TIER2_OPENSOURCE_PURE;CONTINUOUS_MINUTE_STREAM;VERIFIED_MODEL_GRID,c45c1d5c6bd86f7f4341d8d8a96dd7bccdcbaac0ae73082507acf69b10fbb26d,2026-09-20T11:21:00+00:00,2026-09-20 16:21:00,55.3,1009.6,81
19.4,28.6,60.9,1773.2,514.8,80.1,10.0,4.9,1.2,446.3,256.6,7.7,11.4,128.9,32.6,22.51,False,4095,0.0,15.9,375.4,EXT-OPEN-METEO-KHI,KARACHI,OPENSOURCE_API_GRID,683,,,,0.95,True,True,TIER2_OPENSOURCE_PURE;CONTINUOUS_MINUTE_STREAM;VERIFIED_MODEL_GRID,867226dbd4763e443ba3cda6445cc9b9534cb003de9ee712619867140ab911ad,2026-09-20T11:22:00+00:00,2026-09-20 16:22:00,55.4,1009.6,81
19.4,28.6,60.8,1773.2,514.8,80.1,10.0,4.9,1.2,446.3,257.1,7.8,11.3,128.3,32.6,22.54,False,4095,0.0,15.8,370.6,EXT-OPEN-METEO-KHI,KARACHI,OPENSOURCE_API_GRID,684,,,,0.95,True,True,TIER2_OPENSOURCE_PURE;CONTINUOUS_MINUTE_STREAM;VERIFIED_MODEL_GRID,4bf5ae98e112e62bb50b3a3632dbe9b45b480ca98ddcdff8e792b2d820c872c6,2026-09-20T11:23:00+00:00,2026-09-20 16:23:00,55.5,1009.6,81
19.4,28.6,60.7,1773.2,514.8,80.1,10.0,4.9,1.2,446.3,257.6,7.9,11.3,127.7,32.6,22.54,False,4095,0.0,15.6,365.7,EXT-OPEN-METEO-KHI,KARACHI,OPENSOURCE_API_GRID,685,,,,0.95,True,True,TIER2_OPENSOURCE_PURE;CONTINUOUS_MINUTE_STREAM;VERIFIED_MODEL_GRID,4e633b5367c0d21e7b5a787b95414d6c7a7ca450b7cac2287fc94ecb330ccf4c,2026-09-20T11:24:00+00:00,2026-09-20 16:24:00,55.5,1009.6,81
19.4,28.5,60.7,1767.0,513.0,79.8,10.0,4.9,1.2,446.4,258.0,7.9,11.2,127.1,32.6,22.54,False,4095,0.0,15.4,360.7,EXT-OPEN-METEO-KHI,KARACHI,OPENSOURCE_API_GRID,686,,,,0.95,True,True,TIER2_OPENSOURCE_PURE;CONTINUOUS_MINUTE_STREAM;VERIFIED_MODEL_GRID,7e4dcfd0a65a73d167e98cf265b1902088c8c142269982862b6d8c63906952da,2026-09-20T11:25:00+00:00,2026-09-20 16:25:00,55.5,1009.6,81
19.4,28.5,60.6,1767.0,513.0,79.8,10.0,4.8,1.2,446.4,258.5,8.0,11.2,126.5,32.6,22.54,False,4095,0.0,15.2,355.7,EXT-OPEN-METEO-KHI,KARACHI,OPENSOURCE_API_GRID,687,,,,0.95,True,True,TIER2_OPENSOURCE_PURE;CONTINUOUS_MINUTE_STREAM;VERIFIED_MODEL_GRID,cdb046d0e620411729d1330b25cdb654b3f7132b036fd23ee96af985365bdb2a,2026-09-20T11:26:00+00:00,2026-09-20 16:26:00,55.5,1009.6,81
19.4,28.5,60.5,1767.0,513.0,79.8,10.0,4.8,1.2,446.4,259.0,8.1,11.2,125.9,32.6,22.54,False,4095,0.0,15.0,350.6,EXT-OPEN-METEO-KHI,KARACHI,OPENSOURCE_API_GRID,688,,,,0.95,True,True,TIER2_OPENSOURCE_PURE;CONTINUOUS_MINUTE_STREAM;VERIFIED_MODEL_GRID,f553146407a183f9674cf21acaed60ed9937a46e1b3efb8e51ad0241608240ea,2026-09-20T11:27:00+00:00,2026-09-20 16:27:00,55.5,1009.6,81
19.3,28.4,60.4,1760.8,511.2,79.5,9.9,4.8,1.2,446.4,259.5,8.1,11.1,125.3,32.6,22.54,False,4095,0.0,14.9,345.4,EXT-OPEN-METEO-KHI,KARACHI,OPENSOURCE_API_GRID,689,,,,0.95,True,True,TIER2_OPENSOURCE_PURE;CONTINUOUS_MINUTE_STREAM;VERIFIED_MODEL_GRID,3a8d9feb09129df78524a197403c4af6e6a443416508d7dda52b94b3c8ae0ce9,2026-09-20T11:28:00+00:00,2026-09-20 16:28:00,55.5,1009.6,81
19.3,28.4,60.2,1760.8,511.2,79.5,9.9,4.8,1.2,446.5,260.0,8.2,11.1,124.6,32.6,22.54,False,4095,0.0,14.7,340.2,EXT-OPEN-METEO-KHI,KARACHI,OPENSOURCE_API_GRID,690,,,,0.95,True,True,TIER2_OPENSOURCE_PURE;CONTINUOUS_MINUTE_STREAM;VERIFIED_MODEL_GRID,26f8c80787e12f9b02c219b651dd75f9bfbd130966583d1e0c12d5ade533afd5,2026-09-20T11:29:00+00:00,2026-09-20 16:29:00,55.5,1009.6,81
19.2,28.3,60.1,1754.6,509.4,79.2,9.9,4.8,1.2,446.5,260.5,8.2,11.1,124.0,32.6,22.54,False,4095,0.0,14.5,335.0,EXT-OPEN-METEO-KHI,KARACHI,OPENSOURCE_API_GRID,691,,,,0.95,True,True,TIER2_OPENSOURCE_PURE;CONTINUOUS_MINUTE_STREAM;VERIFIED_MODEL_GRID,80efb4f71d76b91815dbdfcdb66571241916aef71e1024549eecc78fafb273ce,2026-09-20T11:30:00+00:00,2026-09-20 16:30:00,55.5,1009.6,81
19.2,28.2,59.9,1748.4,507.6,79.0,9.9,4.8,1.2,446.5,261.0,8.3,11.0,123.4,32.6,22.54,False,4095,0.0,14.3,329.9,EXT-OPEN-METEO-KHI,KARACHI,OPENSOURCE_API_GRID,692,,,,0.95,True,True,TIER2_OPENSOURCE_PURE;CONTINUOUS_MINUTE_STREAM;VERIFIED_MODEL_GRID,d50281822ab31d1ccc143f9bcd3945626a70dd0c0d13b4df49a81290a9b7d255,2026-09-20T11:31:00+00:00,2026-09-20 16:31:00,55.5,1009.6,81
19.1,28.1,59.8,1742.2,505.8,78.7,9.8,4.8,1.2,446.6,261.5,8.4,11.0,122.7,32.6,22.54,False,4095,0.0,14.1,324.7,EXT-OPEN-METEO-KHI,KARACHI,OPENSOURCE_API_GRID,693,,,,0.95,True,True,TIER2_OPENSOURCE_PURE;CONTINUOUS_MINUTE_STREAM;VERIFIED_MODEL_GRID,0345c6774a3b7a10aab61091ad8cfdbb890a56d78954adaa5a75dc340f523162,2026-09-20T11:32:00+00:00,2026-09-20 16:32:00,55.5,1009.6,81
19.0,28.0,59.6,1736.0,504.0,78.4,9.8,4.8,1.2,446.6,262.0,8.4,10.9,122.1,32.6,22.54,False,4095,0.0,14.0,319.5,EXT-OPEN-METEO-KHI,KARACHI,OPENSOURCE_API_GRID,694,,,,0.95,True,True,TIER2_OPENSOURCE_PURE;CONTINUOUS_MINUTE_STREAM;VERIFIED_MODEL_GRID,bf55a1880adcd2989cef8740c837d207c75ba41d205cd12f87a5310d7c3f249a,2026-09-20T11:33:00+00:00,2026-09-20 16:33:00,55.5,1009.6,81
19.0,27.9,59.4,1729.8,502.2,78.1,9.8,4.8,1.2,446.6,262.5,8.5,10.9,121.5,32.6,22.54,False,4095,0.0,13.8,314.4,EXT-OPEN-METEO-KHI,KARACHI,OPENSOURCE_API_GRID,695,,,,0.95,True,True,TIER2_OPENSOURCE_PURE;CONTINUOUS_MINUTE_STREAM;VERIFIED_MODEL_GRID,18663cea54c34ab7f5f553418efcf3505a488e25429049fc5be8401f6f3b0a33,2026-09-20T11:34:00+00:00,2026-09-20 16:34:00,55.5,1009.6,81
18.9,27.8,59.2,1723.6,500.4,77.8,9.7,4.7,1.2,446.6,263.0,8.6,10.9,120.9,32.5,22.45,False,4095,0.0,13.6,309.4,EXT-OPEN-METEO-KHI,KARACHI,OPENSOURCE_API_GRID,696,,,,0.95,True,True,TIER2_OPENSOURCE_PURE;CONTINUOUS_MINUTE_STREAM;VERIFIED_MODEL_GRID,74e542286db8571f49bb28ab551ca358ba578c49119e14fbfdf8dc3451dfe63a,2026-09-20T11:35:00+00:00,2026-09-20 16:35:00,55.5,1009.6,81
18.8,27.7,59.0,1717.4,498.6,77.6,9.7,4.7,1.2,446.7,263.4,8.6,10.8,120.3,32.5,22.47,False,4095,0.0,13.4,304.4,EXT-OPEN-METEO-KHI,KARACHI,OPENSOURCE_API_GRID,697,,,,0.95,True,True,TIER2_OPENSOURCE_PURE;CONTINUOUS_MINUTE_STREAM;VERIFIED_MODEL_GRID,3fff9517814b7d372b86420e84026034f6e79400569ecaaa09f9459c679147ee,2026-09-20T11:36:00+00:00,2026-09-20 16:36:00,55.6,1009.6,81
18.8,27.6,58.8,1711.2,496.8,77.3,9.7,4.7,1.2,446.7,263.9,8.7,10.8,119.7,32.5,22.47,False,4095,0.0,13.2,299.5,EXT-OPEN-METEO-KHI,KARACHI,OPENSOURCE_API_GRID,698,,,,0.95,True,True,TIER2_OPENSOURCE_PURE;CONTINUOUS_MINUTE_STREAM;VERIFIED_MODEL_GRID,fd2c0c772b0f030d8a473ba8a297ce83a06655b310bdc33da8f50394ef84e022,2026-09-20T11:37:00+00:00,2026-09-20 16:37:00,55.6,1009.6,81
18.7,27.5,58.6,1705.0,495.0,77.0,9.6,4.7,1.2,446.7,264.4,8.8,10.7,119.1,32.5,22.47,False,4095,0.0,13.1,294.7,EXT-OPEN-METEO-KHI,KARACHI,OPENSOURCE_API_GRID,699,,,,0.95,True,True,TIER2_OPENSOURCE_PURE;CONTINUOUS_MINUTE_STREAM;VERIFIED_MODEL_GRID,b05e3b39721a9afe508e9f90bfd4b542cda285cad10d616f381bc5a15acfb565,2026-09-20T11:38:00+00:00,2026-09-20 16:38:00,55.6,1009.5,81
18.6,27.4,58.4,1698.8,493.2,76.7,9.6,4.7,1.2,446.7,264.8,8.8,10.7,118.6,32.5,22.47,False,4095,0.0,12.9,290.0,EXT-OPEN-METEO-KHI,KARACHI,OPENSOURCE_API_GRID,700,,,,0.95,True,True,TIER2_OPENSOURCE_PURE;CONTINUOUS_MINUTE_STREAM;VERIFIED_MODEL_GRID,8763516f734a5d4e6e1dda4d760ec7f64a0001496fdfb3df7d0c68b7adf6138c,2026-09-20T11:39:00+00:00,2026-09-20 16:39:00,55.6,1009.5,81
18.6,27.3,58.3,1692.6,491.4,76.4,9.6,4.7,1.2,446.8,265.2,8.9,10.7,118.0,32.5,22.47,False,4095,0.0,12.8,285.5,EXT-OPEN-METEO-KHI,KARACHI,OPENSOURCE_API_GRID,701,,,,0.95,True,True,TIER2_OPENSOURCE_PURE;CONTINUOUS_MINUTE_STREAM;VERIFIED_MODEL_GRID,eab742e57aa137ead7e5f43e2d765d4b8b5a3ed0499d044ac5791c1a59031c51,2026-09-20T11:40:00+00:00,2026-09-20 16:40:00,55.6,1009.5,81
18.6,27.3,58.1,1692.6,491.4,76.4,9.6,4.6,1.2,446.8,265.7,8.9,10.6,117.5,32.4,22.38,False,4095,0.0,12.6,281.0,EXT-OPEN-METEO-KHI,KARACHI,OPENSOURCE_API_GRID,702,,,,0.95,True,True,TIER2_OPENSOURCE_PURE;CONTINUOUS_MINUTE_STREAM;VERIFIED_MODEL_GRID,402f3142722d810b701ea27c2201b5f184f445369af76b40ffbcb51ff14249c3,2026-09-20T11:41:00+00:00,2026-09-20 16:41:00,55.6,1009.5,81
18.5,27.2,58.0,1686.4,489.6,76.2,9.5,4.6,1.2,446.8,266.1,9.0,10.6,116.9,32.4,22.38,False,4095,0.0,12.4,276.8,EXT-OPEN-METEO-KHI,KARACHI,OPENSOURCE_API_GRID,703,,,,0.95,True,True,TIER2_OPENSOURCE_PURE;CONTINUOUS_MINUTE_STREAM;VERIFIED_MODEL_GRID,6acd7036fe5294d6c38b6c6a35230b224ca98a0c9a36d5d9db72b5aef5ae0e16,2026-09-20T11:42:00+00:00,2026-09-20 16:42:00,55.6,1009.5,81
18.4,27.1,57.9,1680.2,487.8,75.9,9.5,4.6,1.2,446.8,266.5,9.0,10.6,116.4,32.4,22.41,False,4095,0.0,12.3,272.7,EXT-OPEN-METEO-KHI,KARACHI,OPENSOURCE_API_GRID,704,,,,0.95,True,True,TIER2_OPENSOURCE_PURE;CONTINUOUS_MINUTE_STREAM;VERIFIED_MODEL_GRID,274db558b66b0a14aba260f93e436b769f12dd3694ccc69ced4de94889186f97,2026-09-20T11:43:00+00:00,2026-09-20 16:43:00,55.7,1009.5,81
18.4,27.1,57.8,1680.2,487.8,75.9,9.5,4.6,1.2,446.8,266.9,9.1,10.5,116.0,32.4,22.41,False,4095,0.0,12.2,268.7,EXT-OPEN-METEO-KHI,KARACHI,OPENSOURCE_API_GRID,705,,,,0.95,True,True,TIER2_OPENSOURCE_PURE;CONTINUOUS_MINUTE_STREAM;VERIFIED_MODEL_GRID,029df583b438ab5140f538100af8f95ec1bf7e3fd32a9ef3ebd591276a7e59a6,2026-09-20T11:44:00+00:00,2026-09-20 16:44:00,55.7,1009.5,81
18.4,27.1,57.7,1680.2,487.8,75.9,9.5,4.6,1.2,446.9,267.2,9.1,10.5,115.5,32.4,22.41,False,4095,0.0,12.0,264.9,EXT-OPEN-METEO-KHI,KARACHI,OPENSOURCE_API_GRID,706,,,,0.95,True,True,TIER2_OPENSOURCE_PURE;CONTINUOUS_MINUTE_STREAM;VERIFIED_MODEL_GRID,33ffb0c758313d2e247ff3d4868b5b054e25dfe9430c3241732eab36850ff988,2026-09-20T11:45:00+00:00,2026-09-20 16:45:00,55.7,1009.5,81
18.4,27.0,57.6,1674.0,486.0,75.6,9.4,4.6,1.2,446.9,267.6,9.2,10.5,115.1,32.4,22.44,False,4095,0.0,11.9,261.4,EXT-OPEN-METEO-KHI,KARACHI,OPENSOURCE_API_GRID,707,,,,0.95,True,True,TIER2_OPENSOURCE_PURE;CONTINUOUS_MINUTE_STREAM;VERIFIED_MODEL_GRID,96697c4a516abddb1e434312530dac15a025b0f9a237d0e8adfeb533c34abf64,2026-09-20T11:46:00+00:00,2026-09-20 16:46:00,55.8,1009.5,81
18.4,27.0,57.6,1674.0,486.0,75.6,9.4,4.6,1.2,446.9,267.9,9.2,10.5,114.7,32.4,22.44,False,4095,0.0,11.8,258.0,EXT-OPEN-METEO-KHI,KARACHI,OPENSOURCE_API_GRID,708,,,,0.95,True,True,TIER2_OPENSOURCE_PURE;CONTINUOUS_MINUTE_STREAM;VERIFIED_MODEL_GRID,d8b026dbac17fa7edb878cd5c040a5b48d4d334c6fe86db64376c85a0cf0f3ef,2026-09-20T11:47:00+00:00,2026-09-20 16:47:00,55.8,1009.5,81
18.4,27.0,57.6,1674.0,486.0,75.6,9.4,4.6,1.2,446.9,268.2,9.3,10.4,114.3,32.4,22.44,False,4095,0.0,11.7,254.8,EXT-OPEN-METEO-KHI,KARACHI,OPENSOURCE_API_GRID,709,,,,0.95,True,True,TIER2_OPENSOURCE_PURE;CONTINUOUS_MINUTE_STREAM;VERIFIED_MODEL_GRID,bc4b520b5fad59abb2039a6d267bb0701293919172721a2150eabe2627d74f8b,2026-09-20T11:48:00+00:00,2026-09-20 16:48:00,55.8,1009.5,81
18.4,27.0,57.5,1674.0,486.0,75.6,9.4,4.6,1.2,446.9,268.5,9.3,10.4,113.9,32.4,22.47,False,4095,0.0,11.6,251.9,EXT-OPEN-METEO-KHI,KARACHI,OPENSOURCE_API_GRID,710,,,,0.95,True,True,TIER2_OPENSOURCE_PURE;CONTINUOUS_MINUTE_STREAM;VERIFIED_MODEL_GRID,1194562ce4d246d1eb1c82b7ecb127cbe24dffe9095348ba989aacec71a70c35,2026-09-20T11:49:00+00:00,2026-09-20 16:49:00,55.9,1009.5,81
18.4,27.0,57.5,1674.0,486.0,75.6,9.4,4.6,1.2,446.9,268.7,9.3,10.4,113.6,32.4,22.47,False,4095,0.0,11.5,249.2,EXT-OPEN-METEO-KHI,KARACHI,OPENSOURCE_API_GRID,711,,,,0.95,True,True,TIER2_OPENSOURCE_PURE;CONTINUOUS_MINUTE_STREAM;VERIFIED_MODEL_GRID,26ea2ebb67a87c4c1ed5e4b8e93b7c5ffc336ea9ae3578aad6840f2604b3fe0c,2026-09-20T11:50:00+00:00,2026-09-20 16:50:00,55.9,1009.5,81
18.4,27.1,57.5,1680.2,487.8,75.9,9.5,4.6,1.2,446.9,269.0,9.4,10.4,113.3,32.4,22.5,False,4095,0.0,11.4,246.7,EXT-OPEN-METEO-KHI,KARACHI,OPENSOURCE_API_GRID,712,,,,0.95,True,True,TIER2_OPENSOURCE_PURE;CONTINUOUS_MINUTE_STREAM;VERIFIED_MODEL_GRID,76ed08e6681d567cd1ec3ff4561a76b2543dc072d73240304154b84858d1da7d,2026-09-20T11:51:00+00:00,2026-09-20 16:51:00,56.0,1009.5,81
18.4,27.1,57.5,1680.2,487.8,75.9,9.5,4.6,1.2,447.0,269.2,9.4,10.4,113.0,32.4,22.5,False,4095,0.0,11.3,244.5,EXT-OPEN-METEO-KHI,KARACHI,OPENSOURCE_API_GRID,713,,,,0.95,True,True,TIER2_OPENSOURCE_PURE;CONTINUOUS_MINUTE_STREAM;VERIFIED_MODEL_GRID,f3c749899e232aef34b9616dcb8ddd8828623eca6d25ab485bca56c8d9ed4a79,2026-09-20T11:52:00+00:00,2026-09-20 16:52:00,56.0,1009.5,81
18.4,27.0,57.4,1674.0,486.0,75.6,9.4,4.6,1.1,447.0,269.4,9.4,10.3,112.8,32.4,22.53,False,4095,0.0,11.2,242.5,EXT-OPEN-METEO-KHI,KARACHI,OPENSOURCE_API_GRID,714,,,,0.95,True,True,TIER2_OPENSOURCE_PURE;CONTINUOUS_MINUTE_STREAM;VERIFIED_MODEL_GRID,7bbd13a0dae3a90ee8399650a579db33ae951e5fce5eca41ca4d01fba0ea862c,2026-09-20T11:53:00+00:00,2026-09-20 16:53:00,56.1,1009.5,81
18.4,27.0,57.4,1674.0,486.0,75.6,9.4,4.6,1.1,447.0,269.5,9.4,10.3,112.6,32.4,22.53,False,4095,0.0,11.2,240.8,EXT-OPEN-METEO-KHI,KARACHI,OPENSOURCE_API_GRID,715,,,,0.95,True,True,TIER2_OPENSOURCE_PURE;CONTINUOUS_MINUTE_STREAM;VERIFIED_MODEL_GRID,2bbcb87b805db8dbf8fcbb03d2d04716c9a285aa6542a63312d25725b3bd5c61,2026-09-20T11:54:00+00:00,2026-09-20 16:54:00,56.1,1009.5,81
18.4,27.0,57.4,1674.0,486.0,75.6,9.4,4.6,1.1,447.0,269.7,9.5,10.3,112.4,32.4,22.53,False,4095,0.0,11.1,239.3,EXT-OPEN-METEO-KHI,KARACHI,OPENSOURCE_API_GRID,716,,,,0.95,True,True,TIER2_OPENSOURCE_PURE;CONTINUOUS_MINUTE_STREAM;VERIFIED_MODEL_GRID,57cd38afa456c6b4e07dd94b59db17be6c24a53e34251987b4db9f40b0dd34ad,2026-09-20T11:55:00+00:00,2026-09-20 16:55:00,56.1,1009.5,81
18.4,27.0,57.4,1674.0,486.0,75.6,9.4,4.6,1.1,447.0,269.8,9.5,10.3,112.3,32.4,22.53,False,4095,0.0,11.1,238.1,EXT-OPEN-METEO-KHI,KARACHI,OPENSOURCE_API_GRID,717,,,,0.95,True,True,TIER2_OPENSOURCE_PURE;CONTINUOUS_MINUTE_STREAM;VERIFIED_MODEL_GRID,e9dea83b6a5a722a35c599ef0176ab077c4920e9d87b28ad30eadde44f897e14,2026-09-20T11:56:00+00:00,2026-09-20 16:56:00,56.1,1009.5,81
18.4,27.1,57.5,1680.2,487.8,75.9,9.5,4.6,1.2,447.0,269.9,9.5,10.3,112.1,32.4,22.53,False,4095,0.0,11.0,237.1,EXT-OPEN-METEO-KHI,KARACHI,OPENSOURCE_API_GRID,718,,,,0.95,True,True,TIER2_OPENSOURCE_PURE;CONTINUOUS_MINUTE_STREAM;VERIFIED_MODEL_GRID,4ef1f5d3f34c8e5c54c63310e622953aa9a039e9a57fc1efe3623987f024d043,2026-09-20T11:57:00+00:00,2026-09-20 16:57:00,56.1,1009.5,81
18.4,27.1,57.5,1680.2,487.8,75.9,9.5,4.6,1.2,447.0,269.9,9.5,10.3,112.1,32.4,22.53,False,4095,0.0,11.0,236.4,EXT-OPEN-METEO-KHI,KARACHI,OPENSOURCE_API_GRID,719,,,,0.95,True,True,TIER2_OPENSOURCE_PURE;CONTINUOUS_MINUTE_STREAM;VERIFIED_MODEL_GRID,fc2232a4d3f591facf7e9a7c31b32a26c41d94be3391c5808c8a62c32f3bf087,2026-09-20T11:58:00+00:00,2026-09-20 16:58:00,56.1,1009.5,81
18.4,27.1,57.5,1680.2,487.8,75.9,9.5,4.6,1.2,447.0,270.0,9.5,10.3,112.0,32.4,22.53,False,4095,0.0,11.0,236.0,EXT-OPEN-METEO-KHI,KARACHI,OPENSOURCE_API_GRID,720,,,,0.95,True,True,TIER2_OPENSOURCE_PURE;CONTINUOUS_MINUTE_STREAM;VERIFIED_MODEL_GRID,a95e1b841e848a69d20626b523507844d30ca256bb994d1a9a990ded7902da1b,2026-09-20T11:59:00+00:00,2026-09-20 16:59:00,56.1,1009.5,81
18.4,27.1,57.5,1680.2,487.8,75.9,9.5,4.6,1.2,447.0,270.0,9.5,10.3,112.0,32.4,22.53,False,4095,0.0,11.0,235.9,EXT-OPEN-METEO-KHI,KARACHI,OPENSOURCE_API_GRID,721,,,,0.95,True,False,TIER2_OPENSOURCE_PURE;HOURLY_NODE;VERIFIED_MODEL_GRID,2318bee2bff3e8d0d4e59eaa1cabf603f45157e0dc81aa109304fe53522e485d,2026-09-20T12:00:00+00:00,2026-09-20 17:00:00,56.1,1009.5,99
18.4,27.1,57.5,1680.2,487.8,75.9,9.5,4.6,1.2,447.0,270.0,9.5,10.3,112.0,32.4,22.5,False,4095,0.0,11.0,235.8,EXT-OPEN-METEO-KHI,KARACHI,OPENSOURCE_API_GRID,722,,,,0.95,True,True,TIER2_OPENSOURCE_PURE;CONTINUOUS_MINUTE_STREAM;VERIFIED_MODEL_GRID,d99592251d2c8d29fe233d1d493edcee8829652fd9b0623c2cbe1e0e9e60d433,2026-09-20T12:01:00+00:00,2026-09-20 17:01:00,56.0,1009.5,99
18.4,27.1,57.5,1680.2,487.8,75.9,9.5,4.6,1.2,447.0,270.0,9.5,10.3,111.9,32.4,22.5,False,4095,0.0,11.0,235.4,EXT-OPEN-METEO-KHI,KARACHI,OPENSOURCE_API_GRID,723,,,,0.95,True,True,TIER2_OPENSOURCE_PURE;CONTINUOUS_MINUTE_STREAM;VERIFIED_MODEL_GRID,eba2a4907aaaa3c04a1fef009fd57e1189a7a8b80225b28263bcec4eaebb5995,2026-09-20T12:02:00+00:00,2026-09-20 17:02:00,56.0,1009.5,99
18.4,27.0,57.4,1674.0,486.0,75.6,9.4,4.6,1.1,447.0,270.0,9.5,10.3,111.8,32.4,22.5,False,4095,0.0,11.0,234.8,EXT-OPEN-METEO-KHI,KARACHI,OPENSOURCE_API_GRID,724,,,,0.95,True,True,TIER2_OPENSOURCE_PURE;CONTINUOUS_MINUTE_STREAM;VERIFIED_MODEL_GRID,a76d6e36d16b5cfe349f669f88477d956551d2d9b366aedd112b57e852827947,2026-09-20T12:03:00+00:00,2026-09-20 17:03:00,56.0,1009.5,99
18.4,27.0,57.3,1674.0,486.0,75.6,9.4,4.6,1.1,447.0,270.0,9.5,10.3,111.7,32.4,22.5,False,4095,0.0,10.9,234.0,EXT-OPEN-METEO-KHI,KARACHI,OPENSOURCE_API_GRID,725,,,,0.95,True,True,TIER2_OPENSOURCE_PURE;CONTINUOUS_MINUTE_STREAM;VERIFIED_MODEL_GRID,7827eaa0800e5e0aaf78ee1baa887e001b09c47b571fbae6de99622995b7ed74,2026-09-20T12:04:00+00:00,2026-09-20 17:04:00,56.0,1009.5,99
18.4,27.0,57.3,1674.0,486.0,75.6,9.4,4.6,1.1,447.0,269.9,9.6,10.3,111.6,32.4,22.5,False,4095,0.0,10.9,232.9,EXT-OPEN-METEO-KHI,KARACHI,OPENSOURCE_API_GRID,726,,,,0.95,True,True,TIER2_OPENSOURCE_PURE;CONTINUOUS_MINUTE_STREAM;VERIFIED_MODEL_GRID,ad490bea0775b015218805a8f29f773579995201607fadd568f3ba86a4c6b3d6,2026-09-20T12:05:00+00:00,2026-09-20 17:05:00,56.0,1009.5,99
18.3,26.9,57.2,1667.8,484.2,75.3,9.4,4.6,1.1,447.0,269.9,9.6,10.3,111.4,32.4,22.53,False,4095,0.0,10.8,231.6,EXT-OPEN-METEO-KHI,KARACHI,OPENSOURCE_API_GRID,727,,,,0.95,True,True,TIER2_OPENSOURCE_PURE;CONTINUOUS_MINUTE_STREAM;VERIFIED_MODEL_GRID,f999659878dff3e84c6b32cf848dd677e43230ff07fb41bb20c820abaef897d7,2026-09-20T12:06:00+00:00,2026-09-20 17:06:00,56.1,1009.5,99
18.2,26.8,57.1,1661.6,482.4,75.0,9.4,4.6,1.1,447.0,269.9,9.6,10.2,111.1,32.4,22.53,False,4095,0.0,10.7,230.0,EXT-OPEN-METEO-KHI,KARACHI,OPENSOURCE_API_GRID,728,,,,0.95,True,True,TIER2_OPENSOURCE_PURE;CONTINUOUS_MINUTE_STREAM;VERIFIED_MODEL_GRID,bc2b61e7556ccb9b84e6b9845f08224eecb40ba9ee15093576fd11867cf113e2,2026-09-20T12:07:00+00:00,2026-09-20 17:07:00,56.1,1009.5,99
18.2,26.8,56.9,1661.6,482.4,75.0,9.4,4.6,1.1,447.0,269.8,9.7,10.2,110.9,32.3,22.44,False,4095,0.0,10.7,228.3,EXT-OPEN-METEO-KHI,KARACHI,OPENSOURCE_API_GRID,729,,,,0.95,True,True,TIER2_OPENSOURCE_PURE;CONTINUOUS_MINUTE_STREAM;VERIFIED_MODEL_GRID,93c57731076b501cf3755cc6847e6355501bdbd834f46a170aa9b0fb1a8aa4c8,2026-09-20T12:08:00+00:00,2026-09-20 17:08:00,56.1,1009.5,99
18.2,26.7,56.8,1655.4,480.6,74.8,9.3,4.5,1.1,447.0,269.8,9.7,10.2,110.6,32.3,22.47,False,4095,0.0,10.6,226.3,EXT-OPEN-METEO-KHI,KARACHI,OPENSOURCE_API_GRID,730,,,,0.95,True,True,TIER2_OPENSOURCE_PURE;CONTINUOUS_MINUTE_STREAM;VERIFIED_MODEL_GRID,6237569f2aefe6634225f627ba4894b2ef702d35d8d4a189b9831f5cfb757062,2026-09-20T12:09:00+00:00,2026-09-20 17:09:00,56.2,1009.5,99
18.2,26.7,56.7,1655.4,480.6,74.8,9.3,4.5,1.1,447.0,269.7,9.7,10.2,110.3,32.3,22.49,False,4095,0.0,10.5,224.1,EXT-OPEN-METEO-KHI,KARACHI,OPENSOURCE_API_GRID,731,,,,0.95,True,True,TIER2_OPENSOURCE_PURE;CONTINUOUS_MINUTE_STREAM;VERIFIED_MODEL_GRID,d831d754d549938c6315bb77641a0164fc065288b3a54f4e760521d215ddd57f,2026-09-20T12:10:00+00:00,2026-09-20 17:10:00,56.3,1009.5,99
18.1,26.6,56.6,1649.2,478.8,74.5,9.3,4.5,1.1,447.0,269.7,9.8,10.2,109.9,32.2,22.4,False,4095,0.0,10.4,221.7,EXT-OPEN-METEO-KHI,KARACHI,OPENSOURCE_API_GRID,732,,,,0.95,True,True,TIER2_OPENSOURCE_PURE;CONTINUOUS_MINUTE_STREAM;VERIFIED_MODEL_GRID,8b60cfc7f0a74e6b857ccf4e820a48ff75ffb991a9f2b509f71465db4124144b,2026-09-20T12:11:00+00:00,2026-09-20 17:11:00,56.3,1009.5,99
18.1,26.6,56.5,1649.2,478.8,74.5,9.3,4.5,1.1,447.0,269.6,9.9,10.1,109.5,32.2,22.43,False,4095,0.0,10.2,219.1,EXT-OPEN-METEO-KHI,KARACHI,OPENSOURCE_API_GRID,733,,,,0.95,True,True,TIER2_OPENSOURCE_PURE;CONTINUOUS_MINUTE_STREAM;VERIFIED_MODEL_GRID,900e3b42088ff648589a64e9b9b2c3c2695a75f3e90c71116881b327537a7c18,2026-09-20T12:12:00+00:00,2026-09-20 17:12:00,56.4,1009.5,99
18.0,26.5,56.4,1643.0,477.0,74.2,9.3,4.5,1.1,447.0,269.6,9.9,10.1,109.1,32.2,22.46,False,4095,0.0,10.1,216.3,EXT-OPEN-METEO-KHI,KARACHI,OPENSOURCE_API_GRID,734,,,,0.95,True,True,TIER2_OPENSOURCE_PURE;CONTINUOUS_MINUTE_STREAM;VERIFIED_MODEL_GRID,ace23eb481920064f1eb8cdd7e9ed585dcf69208e8e3e1f1dde19db5e659609f,2026-09-20T12:13:00+00:00,2026-09-20 17:13:00,56.5,1009.5,99
18.0,26.5,56.3,1643.0,477.0,74.2,9.3,4.5,1.1,447.0,269.5,10.0,10.1,108.7,32.1,22.4,False,4095,0.0,10.0,213.3,EXT-OPEN-METEO-KHI,KARACHI,OPENSOURCE_API_GRID,735,,,,0.95,True,True,TIER2_OPENSOURCE_PURE;CONTINUOUS_MINUTE_STREAM;VERIFIED_MODEL_GRID,37cf8d0c0c5bf8193a756bd4b2630841b345e33c8f1b6a4b3625a8f532278b17,2026-09-20T12:14:00+00:00,2026-09-20 17:14:00,56.6,1009.5,99
18.0,26.4,56.2,1636.8,475.2,73.9,9.2,4.5,1.1,447.0,269.4,10.0,10.1,108.2,32.1,22.43,False,4095,0.0,9.8,210.1,EXT-OPEN-METEO-KHI,KARACHI,OPENSOURCE_API_GRID,736,,,,0.95,True,True,TIER2_OPENSOURCE_PURE;CONTINUOUS_MINUTE_STREAM;VERIFIED_MODEL_GRID,2d13409358db8ec118b41c0c036a9ec456df75106e522577aac79b6f57efa6df,2026-09-20T12:15:00+00:00,2026-09-20 17:15:00,56.7,1009.6,99
18.0,26.4,56.1,1636.8,475.2,73.9,9.2,4.5,1.1,447.0,269.3,10.1,10.0,107.7,32.0,22.39,False,4095,0.0,9.7,206.7,EXT-OPEN-METEO-KHI,KARACHI,OPENSOURCE_API_GRID,737,,,,0.95,True,True,TIER2_OPENSOURCE_PURE;CONTINUOUS_MINUTE_STREAM;VERIFIED_MODEL_GRID,3d9adb65cfa5aadefbf2c6af1c59df0e50ec655fd0bea70a8158f4c3d479f457,2026-09-20T12:16:00+00:00,2026-09-20 17:16:00,56.9,1009.6,99
18.0,26.4,56.1,1636.8,475.2,73.9,9.2,4.5,1.1,447.0,269.3,10.2,10.0,107.2,32.0,22.42,False,4095,0.0,9.5,203.2,EXT-OPEN-METEO-KHI,KARACHI,OPENSOURCE_API_GRID,738,,,,0.95,True,True,TIER2_OPENSOURCE_PURE;CONTINUOUS_MINUTE_STREAM;VERIFIED_MODEL_GRID,ff4d41c60089b5eeea22b7debe967fadb16d6e7b7d80b9a08bbb751deff37b09,2026-09-20T12:17:00+00:00,2026-09-20 17:17:00,57.0,1009.6,99
18.0,26.4,56.0,1636.8,475.2,73.9,9.2,4.5,1.1,447.0,269.2,10.3,10.0,106.6,32.0,22.48,False,4095,0.0,9.4,199.6,EXT-OPEN-METEO-KHI,KARACHI,OPENSOURCE_API_GRID,739,,,,0.95,True,True,TIER2_OPENSOURCE_PURE;CONTINUOUS_MINUTE_STREAM;VERIFIED_MODEL_GRID,a145a41deaab7e4b7c4ebf68b72477289e5e078e4c973dd09da66208835c7fdf,2026-09-20T12:18:00+00:00,2026-09-20 17:18:00,57.2,1009.6,99
18.0,26.4,56.0,1636.8,475.2,73.9,9.2,4.5,1.1,447.0,269.1,10.3,9.9,106.1,31.9,22.41,False,4095,0.0,9.2,195.8,EXT-OPEN-METEO-KHI,KARACHI,OPENSOURCE_API_GRID,740,,,,0.95,True,True,TIER2_OPENSOURCE_PURE;CONTINUOUS_MINUTE_STREAM;VERIFIED_MODEL_GRID,d5956dc1ad5e63db482058d03cef8c848f3c077747e82d68b693a6dd5f0517bb,2026-09-20T12:19:00+00:00,2026-09-20 17:19:00,57.3,1009.6,99
18.0,26.4,55.9,1636.8,475.2,73.9,9.2,4.5,1.1,447.0,269.0,10.4,9.9,105.5,31.9,22.47,False,4095,0.0,9.0,191.8,EXT-OPEN-METEO-KHI,KARACHI,OPENSOURCE_API_GRID,741,,,,0.95,True,True,TIER2_OPENSOURCE_PURE;CONTINUOUS_MINUTE_STREAM;VERIFIED_MODEL_GRID,c1dd72032838963a93119eb7f13246b6ff3155175540ebf341feea6755e81b86,2026-09-20T12:20:00+00:00,2026-09-20 17:20:00,57.5,1009.6,99
18.0,26.4,55.9,1636.8,475.2,73.9,9.2,4.5,1.1,447.0,268.9,10.5,9.9,104.9,31.8,22.4,False,4095,0.0,8.8,187.8,EXT-OPEN-METEO-KHI,KARACHI,OPENSOURCE_API_GRID,742,,,,0.95,True,True,TIER2_OPENSOURCE_PURE;CONTINUOUS_MINUTE_STREAM;VERIFIED_MODEL_GRID,5d22d2b8415965e4f4b5d1ef1f6ff1b1371eea6cc60e713f933391ff486e8940,2026-09-20T12:21:00+00:00,2026-09-20 17:21:00,57.6,1009.6,99
18.0,26.4,55.9,1636.8,475.2,73.9,9.2,4.5,1.1,447.0,268.8,10.6,9.8,104.3,31.8,22.46,False,4095,0.0,8.6,183.6,EXT-OPEN-METEO-KHI,KARACHI,OPENSOURCE_API_GRID,743,,,,0.95,True,True,TIER2_OPENSOURCE_PURE;CONTINUOUS_MINUTE_STREAM;VERIFIED_MODEL_GRID,77f0379f14c40863830927ce6fb439312a8be472aa0af392142ca6a022a9be16,2026-09-20T12:22:00+00:00,2026-09-20 17:22:00,57.8,1009.6,99
18.0,26.4,55.8,1636.8,475.2,73.9,9.2,4.5,1.1,447.0,268.7,10.7,9.8,103.7,31.8,22.52,False,4095,0.0,8.4,179.3,EXT-OPEN-METEO-KHI,KARACHI,OPENSOURCE_API_GRID,744,,,,0.95,True,True,TIER2_OPENSOURCE_PURE;CONTINUOUS_MINUTE_STREAM;VERIFIED_MODEL_GRID,88fcc51f93013942b544fd1ba7077e43303d662ffff21bb1e78b54f3b38683f4,2026-09-20T12:23:00+00:00,2026-09-20 17:23:00,58.0,1009.6,99
17.9,26.3,55.6,1630.6,473.4,73.6,9.2,4.4,1.1,447.0,268.6,10.8,9.7,103.0,31.7,22.48,False,4095,0.0,8.2,175.0,EXT-OPEN-METEO-KHI,KARACHI,OPENSOURCE_API_GRID,745,,,,0.95,True,True,TIER2_OPENSOURCE_PURE;CONTINUOUS_MINUTE_STREAM;VERIFIED_MODEL_GRID,2649a814bb0fd5d7cac0279d4ddef7044ff411e392c750aa9903cf470cdb382f,2026-09-20T12:24:00+00:00,2026-09-20 17:24:00,58.2,1009.6,99
17.9,26.3,55.5,1630.6,473.4,73.6,9.2,4.4,1.1,447.0,268.5,10.9,9.7,102.4,31.7,22.54,False,4095,0.0,8.0,170.6,EXT-OPEN-METEO-KHI,KARACHI,OPENSOURCE_API_GRID,746,,,,0.95,True,True,TIER2_OPENSOURCE_PURE;CONTINUOUS_MINUTE_STREAM;VERIFIED_MODEL_GRID,945d5bb84055b53eac2ea7bfb73318d8cfd09dcf912ac55d26416a497a29ca13,2026-09-20T12:25:00+00:00,2026-09-20 17:25:00,58.4,1009.6,99
17.9,26.3,55.5,1630.6,473.4,73.6,9.2,4.4,1.1,447.0,268.4,11.0,9.7,101.7,31.7,22.57,False,4095,0.0,7.8,166.1,EXT-OPEN-METEO-KHI,KARACHI,OPENSOURCE_API_GRID,747,,,,0.95,True,True,TIER2_OPENSOURCE_PURE;CONTINUOUS_MINUTE_STREAM;VERIFIED_MODEL_GRID,8de9e2f38999937415e82ebbdb3f63445c17908f05d79fbe8f6306f52f3afb5b,2026-09-20T12:26:00+00:00,2026-09-20 17:26:00,58.5,1009.6,99
17.9,26.3,55.4,1630.6,473.4,73.6,9.2,4.4,1.1,447.0,268.3,11.1,9.6,101.0,31.6,22.53,False,4095,0.0,7.6,161.5,EXT-OPEN-METEO-KHI,KARACHI,OPENSOURCE_API_GRID,748,,,,0.95,True,True,TIER2_OPENSOURCE_PURE;CONTINUOUS_MINUTE_STREAM;VERIFIED_MODEL_GRID,39a69e49937be6e695b0ff09b1bff75f1d8ce13d66284fb58865593eed643961,2026-09-20T12:27:00+00:00,2026-09-20 17:27:00,58.7,1009.6,99
17.8,26.2,55.3,1624.4,471.6,73.4,9.2,4.4,1.1,447.0,268.2,11.2,9.6,100.4,31.6,22.56,False,4095,0.0,7.4,157.0,EXT-OPEN-METEO-KHI,KARACHI,OPENSOURCE_API_GRID,749,,,,0.95,True,True,TIER2_OPENSOURCE_PURE;CONTINUOUS_MINUTE_STREAM;VERIFIED_MODEL_GRID,a92b71fe39eed5eb4580e36d4d5349cbdec4e94ddae16f8b112dc302ebf7ff72,2026-09-20T12:28:00+00:00,2026-09-20 17:28:00,58.8,1009.6,99
17.8,26.2,55.2,1624.4,471.6,73.4,9.2,4.4,1.1,447.0,268.1,11.3,9.5,99.7,31.5,22.49,False,4095,0.0,7.2,152.4,EXT-OPEN-METEO-KHI,KARACHI,OPENSOURCE_API_GRID,750,,,,0.95,True,True,TIER2_OPENSOURCE_PURE;CONTINUOUS_MINUTE_STREAM;VERIFIED_MODEL_GRID,fbe9f3a3b9aa8d06bd7ddb453a84dcc26358d8a5bc069308225ddd7b2b04385f,2026-09-20T12:29:00+00:00,2026-09-20 17:29:00,58.9,1009.7,99
17.8,26.2,55.1,1624.4,471.6,73.4,9.2,4.4,1.1,447.0,268.0,11.3,9.5,99.0,31.5,22.55,False,4095,0.0,7.0,147.8,EXT-OPEN-METEO-KHI,KARACHI,OPENSOURCE_API_GRID,751,,,,0.95,True,True,TIER2_OPENSOURCE_PURE;CONTINUOUS_MINUTE_STREAM;VERIFIED_MODEL_GRID,290875d69360e78ae871617b4e7a8439fffac915e2c8755f15325ae4ef4ac1eb,2026-09-20T12:30:00+00:00,2026-09-20 17:30:00,59.1,1009.7,99
17.8,26.2,55.0,1624.4,471.6,73.4,9.2,4.4,1.1,447.0,267.9,11.4,9.5,98.3,31.4,22.48,False,4095,0.0,6.8,143.1,EXT-OPEN-METEO-KHI,KARACHI,OPENSOURCE_API_GRID,752,,,,0.95,True,True,TIER2_OPENSOURCE_PURE;CONTINUOUS_MINUTE_STREAM;VERIFIED_MODEL_GRID,73c089c183a7a1632de26f35203e451d1f45f7270f7318d81691002a8fa3e514,2026-09-20T12:31:00+00:00,2026-09-20 17:31:00,59.2,1009.7,99
17.7,26.1,54.9,1618.2,469.8,73.1,9.1,4.4,1.1,447.0,267.8,11.5,9.4,97.6,31.4,22.51,False,4095,0.0,6.6,138.5,EXT-OPEN-METEO-KHI,KARACHI,OPENSOURCE_API_GRID,753,,,,0.95,True,True,TIER2_OPENSOURCE_PURE;CONTINUOUS_MINUTE_STREAM;VERIFIED_MODEL_GRID,04cac3954a98445fca4d4b4769f120306808b7e87b14a18059e0521e51161565,2026-09-20T12:32:00+00:00,2026-09-20 17:32:00,59.3,1009.7,99
17.7,26.0,54.8,1612.0,468.0,72.8,9.1,4.4,1.1,447.0,267.7,11.6,9.4,97.0,31.4,22.57,False,4095,0.0,6.4,134.0,EXT-OPEN-METEO-KHI,KARACHI,OPENSOURCE_API_GRID,754,,,,0.95,True,True,TIER2_OPENSOURCE_PURE;CONTINUOUS_MINUTE_STREAM;VERIFIED_MODEL_GRID,915df9bc5501a5cafcd21100966a296c727ce2d2d61697433823abcc31e0cae9,2026-09-20T12:33:00+00:00,2026-09-20 17:33:00,59.5,1009.7,99
17.7,26.0,54.6,1612.0,468.0,72.8,9.1,4.4,1.1,447.0,267.6,11.7,9.3,96.3,31.3,22.5,False,4095,0.0,6.2,129.4,EXT-OPEN-METEO-KHI,KARACHI,OPENSOURCE_API_GRID,755,,,,0.95,True,True,TIER2_OPENSOURCE_PURE;CONTINUOUS_MINUTE_STREAM;VERIFIED_MODEL_GRID,4c10f6ad7a3b0facf9fd90c4d0461a4f0d2b86a939ec1cd6046927edf2b03c92,2026-09-20T12:34:00+00:00,2026-09-20 17:34:00,59.6,1009.7,99
17.6,25.9,54.4,1605.8,466.2,72.5,9.1,4.4,1.1,447.0,267.5,11.8,9.3,95.6,31.2,22.43,False,4095,0.0,6.0,124.9,EXT-OPEN-METEO-KHI,KARACHI,OPENSOURCE_API_GRID,756,,,,0.95,True,True,TIER2_OPENSOURCE_PURE;CONTINUOUS_MINUTE_STREAM;VERIFIED_MODEL_GRID,fa105cd10b2e7161253e55ac5d13004c477677a606af571126842a17a0d0c171,2026-09-20T12:35:00+00:00,2026-09-20 17:35:00,59.7,1009.7,99
17.5,25.8,54.3,1599.6,464.4,72.2,9.0,4.3,1.1,447.0,267.4,11.9,9.3,95.0,31.2,22.49,False,4095,0.0,5.8,120.5,EXT-OPEN-METEO-KHI,KARACHI,OPENSOURCE_API_GRID,757,,,,0.95,True,True,TIER2_OPENSOURCE_PURE;CONTINUOUS_MINUTE_STREAM;VERIFIED_MODEL_GRID,d50c75e4adcf3033504d0445cd5ef1b1f93f6922e58e200d5405e7d46c80cdef,2026-09-20T12:36:00+00:00,2026-09-20 17:36:00,59.9,1009.7,99
17.5,25.7,54.1,1593.4,462.6,72.0,9.0,4.3,1.1,447.0,267.3,12.0,9.2,94.3,31.1,22.42,False,4095,0.0,5.6,116.2,EXT-OPEN-METEO-KHI,KARACHI,OPENSOURCE_API_GRID,758,,,,0.95,True,True,TIER2_OPENSOURCE_PURE;CONTINUOUS_MINUTE_STREAM;VERIFIED_MODEL_GRID,efb18e16d53adeda420f22e6bce3546b3b988e152716159d78b3dbcc022ff09d,2026-09-20T12:37:00+00:00,2026-09-20 17:37:00,60.0,1009.7,99
17.4,25.6,53.9,1587.2,460.8,71.7,9.0,4.3,1.1,447.0,267.2,12.1,9.2,93.7,31.1,22.45,False,4095,0.0,5.4,111.9,EXT-OPEN-METEO-KHI,KARACHI,OPENSOURCE_API_GRID,759,,,,0.95,True,True,TIER2_OPENSOURCE_PURE;CONTINUOUS_MINUTE_STREAM;VERIFIED_MODEL_GRID,cf91065856486a6720946d1b47956373d1bbbeabfff47612630494073abd4c25,2026-09-20T12:38:00+00:00,2026-09-20 17:38:00,60.1,1009.7,99
17.4,25.6,53.7,1587.2,460.8,71.7,9.0,4.3,1.1,447.0,267.1,12.2,9.1,93.1,31.0,22.38,False,4095,0.0,5.2,107.7,EXT-OPEN-METEO-KHI,KARACHI,OPENSOURCE_API_GRID,760,,,,0.95,True,True,TIER2_OPENSOURCE_PURE;CONTINUOUS_MINUTE_STREAM;VERIFIED_MODEL_GRID,ffd790fd24a475b7c6429f094ba8fd6e3bbf082699ea112904e6785b13c4bd0b,2026-09-20T12:39:00+00:00,2026-09-20 17:39:00,60.2,1009.7,99
17.3,25.5,53.6,1581.0,459.0,71.4,8.9,4.3,1.1,447.0,267.0,12.3,9.1,92.5,31.0,22.44,False,4095,0.0,5.0,103.7,EXT-OPEN-METEO-KHI,KARACHI,OPENSOURCE_API_GRID,761,,,,0.95,True,True,TIER2_OPENSOURCE_PURE;CONTINUOUS_MINUTE_STREAM;VERIFIED_MODEL_GRID,37ee2abcfe9057615ed73ab758ff6aa220de77b34937450e424acfd846e45ac6,2026-09-20T12:40:00+00:00,2026-09-20 17:40:00,60.4,1009.7,99
17.3,25.4,53.4,1574.8,457.2,71.1,8.9,4.3,1.1,447.0,266.9,12.4,9.1,91.9,30.9,22.37,False,4095,0.0,4.8,99.7,EXT-OPEN-METEO-KHI,KARACHI,OPENSOURCE_API_GRID,762,,,,0.95,True,True,TIER2_OPENSOURCE_PURE;CONTINUOUS_MINUTE_STREAM;VERIFIED_MODEL_GRID,c88133b8e261d4cf79764eb42ebce290ba2b874d0d7ee65b45e52cce888736f7,2026-09-20T12:41:00+00:00,2026-09-20 17:41:00,60.5,1009.7,99
17.2,25.3,53.2,1568.6,455.4,70.8,8.9,4.3,1.1,447.0,266.8,12.4,9.0,91.4,30.9,22.4,False,4095,0.0,4.6,95.9,EXT-OPEN-METEO-KHI,KARACHI,OPENSOURCE_API_GRID,763,,,,0.95,True,True,TIER2_OPENSOURCE_PURE;CONTINUOUS_MINUTE_STREAM;VERIFIED_MODEL_GRID,76890bc915730c752e29afeb52a5a6a76456c403193f06d1c91cd08f483e1b15,2026-09-20T12:42:00+00:00,2026-09-20 17:42:00,60.6,1009.8,99
17.2,25.3,53.1,1568.6,455.4,70.8,8.9,4.2,1.1,447.0,266.7,12.5,9.0,90.8,30.8,22.33,False,4095,0.0,4.5,92.3,EXT-OPEN-METEO-KHI,KARACHI,OPENSOURCE_API_GRID,764,,,,0.95,True,True,TIER2_OPENSOURCE_PURE;CONTINUOUS_MINUTE_STREAM;VERIFIED_MODEL_GRID,c5537e07fbb53e40f99eab8cf40d162304a512b8497c9586b782d71e7f4301f3,2026-09-20T12:43:00+00:00,2026-09-20 17:43:00,60.7,1009.8,99
17.1,25.2,53.0,1562.4,453.6,70.6,8.8,4.2,1.1,447.0,266.7,12.6,9.0,90.3,30.8,22.38,False,4095,0.0,4.3,88.8,EXT-OPEN-METEO-KHI,KARACHI,OPENSOURCE_API_GRID,765,,,,0.95,True,True,TIER2_OPENSOURCE_PURE;CONTINUOUS_MINUTE_STREAM;VERIFIED_MODEL_GRID,f560479343cc39c3be0b41096e9088ec46ef1fd7c373855907197a7d26bd9642,2026-09-20T12:44:00+00:00,2026-09-20 17:44:00,60.9,1009.8,99
17.1,25.2,52.9,1562.4,453.6,70.6,8.8,4.2,1.1,447.0,266.6,12.7,8.9,89.8,30.7,22.32,False,4095,0.0,4.2,85.4,EXT-OPEN-METEO-KHI,KARACHI,OPENSOURCE_API_GRID,766,,,,0.95,True,True,TIER2_OPENSOURCE_PURE;CONTINUOUS_MINUTE_STREAM;VERIFIED_MODEL_GRID,2f99d877e18b8a3c6c48a85de8c1ffa9b55863dcf893704166290b861ae7c896,2026-09-20T12:45:00+00:00,2026-09-20 17:45:00,61.0,1009.8,99
17.1,25.1,52.8,1556.2,451.8,70.3,8.8,4.2,1.1,447.0,266.5,12.7,8.9,89.3,30.7,22.34,False,4095,0.0,4.0,82.2,EXT-OPEN-METEO-KHI,KARACHI,OPENSOURCE_API_GRID,767,,,,0.95,True,True,TIER2_OPENSOURCE_PURE;CONTINUOUS_MINUTE_STREAM;VERIFIED_MODEL_GRID,85029b53513950d91d27396c4d15be4a4962c9cb3137fcfadb01dce7be754d43,2026-09-20T12:46:00+00:00,2026-09-20 17:46:00,61.1,1009.8,99
17.1,25.1,52.7,1556.2,451.8,70.3,8.8,4.2,1.1,447.0,266.4,12.8,8.9,88.9,30.7,22.37,False,4095,0.0,3.9,79.2,EXT-OPEN-METEO-KHI,KARACHI,OPENSOURCE_API_GRID,768,,,,0.95,True,True,TIER2_OPENSOURCE_PURE;CONTINUOUS_MINUTE_STREAM;VERIFIED_MODEL_GRID,45b14d3bb35a8a0752f77cd254871b433ad25821b947b9a7203d9fdb65c88a99,2026-09-20T12:47:00+00:00,2026-09-20 17:47:00,61.2,1009.8,99
17.1,25.1,52.7,1556.2,451.8,70.3,8.8,4.2,1.1,447.0,266.4,12.8,8.9,88.5,30.6,22.3,False,4095,0.0,3.8,76.4,EXT-OPEN-METEO-KHI,KARACHI,OPENSOURCE_API_GRID,769,,,,0.95,True,True,TIER2_OPENSOURCE_PURE;CONTINUOUS_MINUTE_STREAM;VERIFIED_MODEL_GRID,6f91c1b1f76b7160ccf823b2ca14b388b034e30e0c0063b03e95f0168a44a060,2026-09-20T12:48:00+00:00,2026-09-20 17:48:00,61.3,1009.8,99
17.1,25.1,52.7,1556.2,451.8,70.3,8.8,4.2,1.1,447.0,266.3,12.9,8.8,88.1,30.6,22.33,False,4095,0.0,3.6,73.8,EXT-OPEN-METEO-KHI,KARACHI,OPENSOURCE_API_GRID,770,,,,0.95,True,True,TIER2_OPENSOURCE_PURE;CONTINUOUS_MINUTE_STREAM;VERIFIED_MODEL_GRID,a0f860256299b695aa7b372683a9ceec442f0a0e5f4bbb02bb0ae8030a5a73d0,2026-09-20T12:49:00+00:00,2026-09-20 17:49:00,61.4,1009.8,99
17.1,25.1,52.7,1556.2,451.8,70.3,8.8,4.2,1.1,447.0,266.3,13.0,8.8,87.7,30.6,22.36,False,4095,0.0,3.5,71.4,EXT-OPEN-METEO-KHI,KARACHI,OPENSOURCE_API_GRID,771,,,,0.95,True,True,TIER2_OPENSOURCE_PURE;CONTINUOUS_MINUTE_STREAM;VERIFIED_MODEL_GRID,246d1f0693b597a27e41377f15ec87b895bd7ac0a51336c9994e6bb27f41e154,2026-09-20T12:50:00+00:00,2026-09-20 17:50:00,61.5,1009.8,99
17.1,25.1,52.7,1556.2,451.8,70.3,8.8,4.2,1.1,447.0,266.2,13.0,8.8,87.4,30.6,22.38,False,4095,0.0,3.4,69.2,EXT-OPEN-METEO-KHI,KARACHI,OPENSOURCE_API_GRID,772,,,,0.95,True,True,TIER2_OPENSOURCE_PURE;CONTINUOUS_MINUTE_STREAM;VERIFIED_MODEL_GRID,e9ffa7a84223b62c75380a0d2408473006dd9854bd492c9a54b4d3bfe30640ef,2026-09-20T12:51:00+00:00,2026-09-20 17:51:00,61.6,1009.8,99
17.1,25.2,52.7,1562.4,453.6,70.6,8.8,4.2,1.1,447.0,266.2,13.0,8.8,87.1,30.6,22.41,False,4095,0.0,3.3,67.2,EXT-OPEN-METEO-KHI,KARACHI,OPENSOURCE_API_GRID,773,,,,0.95,True,True,TIER2_OPENSOURCE_PURE;CONTINUOUS_MINUTE_STREAM;VERIFIED_MODEL_GRID,76b3395f940e6fe595ff6c0364292d62f594e70b33ac5af8e4bfd6c2069d1cdc,2026-09-20T12:52:00+00:00,2026-09-20 17:52:00,61.7,1009.8,99
17.1,25.2,52.7,1562.4,453.6,70.6,8.8,4.2,1.1,447.0,266.1,13.1,8.8,86.9,30.5,22.34,False,4095,0.0,3.3,65.5,EXT-OPEN-METEO-KHI,KARACHI,OPENSOURCE_API_GRID,774,,,,0.95,True,True,TIER2_OPENSOURCE_PURE;CONTINUOUS_MINUTE_STREAM;VERIFIED_MODEL_GRID,8f57533882e8c53fb1708bc771849e8776c0f7420c2151a211c3672ad74cac45,2026-09-20T12:53:00+00:00,2026-09-20 17:53:00,61.8,1009.8,99
17.1,25.2,52.7,1562.4,453.6,70.6,8.8,4.2,1.1,447.0,266.1,13.1,8.7,86.6,30.5,22.37,False,4095,0.0,3.2,63.9,EXT-OPEN-METEO-KHI,KARACHI,OPENSOURCE_API_GRID,775,,,,0.95,True,True,TIER2_OPENSOURCE_PURE;CONTINUOUS_MINUTE_STREAM;VERIFIED_MODEL_GRID,655578fb067d2d7fe989f394f1d81bed09f14c9ba1f0073f9611beca948fe5b8,2026-09-20T12:54:00+00:00,2026-09-20 17:54:00,61.9,1009.8,99
17.1,25.1,52.6,1556.2,451.8,70.3,8.8,4.2,1.1,447.0,266.1,13.1,8.7,86.4,30.5,22.4,False,4095,0.0,3.1,62.6,EXT-OPEN-METEO-KHI,KARACHI,OPENSOURCE_API_GRID,776,,,,0.95,True,True,TIER2_OPENSOURCE_PURE;CONTINUOUS_MINUTE_STREAM;VERIFIED_MODEL_GRID,4c8160cc47a060ca20daa80de0d8239115a2682ce9da2db077b7eacd32dd0f9e,2026-09-20T12:55:00+00:00,2026-09-20 17:55:00,62.0,1009.8,99
17.1,25.2,52.6,1562.4,453.6,70.6,8.8,4.2,1.1,447.0,266.0,13.2,8.7,86.3,30.5,22.42,False,4095,0.0,3.1,61.5,EXT-OPEN-METEO-KHI,KARACHI,OPENSOURCE_API_GRID,777,,,,0.95,True,True,TIER2_OPENSOURCE_PURE;CONTINUOUS_MINUTE_STREAM;VERIFIED_MODEL_GRID,9da079d0a88931be95e687e2f6cbac842a0029294955aefd5dc8e03c86d36fbc,2026-09-20T12:56:00+00:00,2026-09-20 17:56:00,62.1,1009.8,99
17.1,25.2,52.7,1562.4,453.6,70.6,8.8,4.2,1.1,447.0,266.0,13.2,8.7,86.2,30.5,22.42,False,4095,0.0,3.0,60.7,EXT-OPEN-METEO-KHI,KARACHI,OPENSOURCE_API_GRID,778,,,,0.95,True,True,TIER2_OPENSOURCE_PURE;CONTINUOUS_MINUTE_STREAM;VERIFIED_MODEL_GRID,88fe9ded6d15d96d9745e6b5f2fd30cf41f474f0fe1d9a253d7afd000bf46365,2026-09-20T12:57:00+00:00,2026-09-20 17:57:00,62.1,1009.8,99
17.1,25.2,52.7,1562.4,453.6,70.6,8.8,4.2,1.1,447.0,266.0,13.2,8.7,86.1,30.5,22.42,False,4095,0.0,3.0,60.1,EXT-OPEN-METEO-KHI,KARACHI,OPENSOURCE_API_GRID,779,,,,0.95,True,True,TIER2_OPENSOURCE_PURE;CONTINUOUS_MINUTE_STREAM;VERIFIED_MODEL_GRID,89aa57dba3f8153650788427125e88281581988071a979df2858ffe77e492d95,2026-09-20T12:58:00+00:00,2026-09-20 17:58:00,62.1,1009.8,99
17.2,25.3,52.7,1568.6,455.4,70.8,8.9,4.2,1.1,447.0,266.0,13.2,8.7,86.0,30.5,22.42,False,4095,0.0,3.0,59.7,EXT-OPEN-METEO-KHI,KARACHI,OPENSOURCE_API_GRID,780,,,,0.95,True,True,TIER2_OPENSOURCE_PURE;CONTINUOUS_MINUTE_STREAM;VERIFIED_MODEL_GRID,e721e3a0fc5f18a7b0566e14c18db4c1f56cd003ec5970c9a162b3b7f1f0b3e3,2026-09-20T12:59:00+00:00,2026-09-20 17:59:00,62.1,1009.8,99
17.2,25.3,52.8,1568.6,455.4,70.8,8.9,4.2,1.1,447.0,266.0,13.2,8.7,86.0,30.5,22.42,False,4095,0.0,3.0,59.6,EXT-OPEN-METEO-KHI,KARACHI,OPENSOURCE_API_GRID,781,,,,0.95,True,False,TIER2_OPENSOURCE_PURE;HOURLY_NODE;VERIFIED_MODEL_GRID,00a44779ba448d59ad44735a97b0800efc332288943948bc5599052143e92591,2026-09-20T13:00:00+00:00,2026-09-20 18:00:00,62.1,1009.8,109
17.2,25.3,52.8,1568.6,455.4,70.8,8.9,4.2,1.1,447.0,266.0,13.2,8.7,86.0,30.5,22.42,False,4095,0.0,3.0,59.6,EXT-OPEN-METEO-KHI,KARACHI,OPENSOURCE_API_GRID,782,,,,0.95,True,True,TIER2_OPENSOURCE_PURE;CONTINUOUS_MINUTE_STREAM;VERIFIED_MODEL_GRID,9984fb13c70e05e3426affc629a545b06c62845f15159829f075cbaf50c19420,2026-09-20T13:01:00+00:00,2026-09-20 18:01:00,62.1,1009.8,109
17.2,25.3,52.8,1568.6,455.4,70.8,8.9,4.2,1.1,447.0,266.0,13.2,8.7,85.9,30.5,22.42,False,4095,0.0,3.0,59.4,EXT-OPEN-METEO-KHI,KARACHI,OPENSOURCE_API_GRID,783,,,,0.95,True,True,TIER2_OPENSOURCE_PURE;CONTINUOUS_MINUTE_STREAM;VERIFIED_MODEL_GRID,a247b867a50e91f48da1894f15c96c895ee5fc66580a77e16d595188a852dc7d,2026-09-20T13:02:00+00:00,2026-09-20 18:02:00,62.1,1009.8,109
17.2,25.3,52.8,1568.6,455.4,70.8,8.9,4.2,1.1,447.0,265.9,13.2,8.7,85.8,30.5,22.42,False,4095,0.0,3.0,59.2,EXT-OPEN-METEO-KHI,KARACHI,OPENSOURCE_API_GRID,784,,,,0.95,True,True,TIER2_OPENSOURCE_PURE;CONTINUOUS_MINUTE_STREAM;VERIFIED_MODEL_GRID,ae6a63d946ac7006bfb934df87d21c0e3405922f5745230112774b61613983f4,2026-09-20T13:03:00+00:00,2026-09-20 18:03:00,62.1,1009.8,109
17.2,25.3,52.7,1568.6,455.4,70.8,8.9,4.2,1.1,447.0,265.9,13.2,8.7,85.7,30.5,22.42,False,4095,0.0,3.0,58.9,EXT-OPEN-METEO-KHI,KARACHI,OPENSOURCE_API_GRID,785,,,,0.95,True,True,TIER2_OPENSOURCE_PURE;CONTINUOUS_MINUTE_STREAM;VERIFIED_MODEL_GRID,ef230c2a661d363578439ada13bc4bbcc1e0a8a0f3da92952c1c12c525d521f4,2026-09-20T13:04:00+00:00,2026-09-20 18:04:00,62.1,1009.8,109
17.1,25.2,52.6,1562.4,453.6,70.6,8.8,4.2,1.1,447.0,265.8,13.3,8.7,85.5,30.5,22.45,False,4095,0.0,3.0,58.6,EXT-OPEN-METEO-KHI,KARACHI,OPENSOURCE_API_GRID,786,,,,0.95,True,True,TIER2_OPENSOURCE_PURE;CONTINUOUS_MINUTE_STREAM;VERIFIED_MODEL_GRID,804dba4e03e8b1ded0303cba691a412577736ec75127e94eedbcfec6362023d8,2026-09-20T13:05:00+00:00,2026-09-20 18:05:00,62.2,1009.8,109
17.1,25.2,52.6,1562.4,453.6,70.6,8.8,4.2,1.1,447.0,265.7,13.3,8.7,85.3,30.5,22.45,False,4095,0.0,3.0,58.1,EXT-OPEN-METEO-KHI,KARACHI,OPENSOURCE_API_GRID,787,,,,0.95,True,True,TIER2_OPENSOURCE_PURE;CONTINUOUS_MINUTE_STREAM;VERIFIED_MODEL_GRID,b8d5844640951e9e00b0fc681798999e6341250424fc386c6563919d509929ad,2026-09-20T13:06:00+00:00,2026-09-20 18:06:00,62.2,1009.8,109
17.1,25.1,52.4,1556.2,451.8,70.3,8.8,4.2,1.0,447.0,265.6,13.3,8.7,85.1,30.5,22.48,False,4095,0.0,3.0,57.6,EXT-OPEN-METEO-KHI,KARACHI,OPENSOURCE_API_GRID,788,,,,0.95,True,True,TIER2_OPENSOURCE_PURE;CONTINUOUS_MINUTE_STREAM;VERIFIED_MODEL_GRID,e6dcd3b6345c8892fbfbffb18f1ca0a6cc53d057bafdbd4da404e5b15b7363fc,2026-09-20T13:07:00+00:00,2026-09-20 18:07:00,62.3,1009.8,109
17.1,25.1,52.3,1556.2,451.8,70.3,8.8,4.2,1.0,447.0,265.5,13.4,8.6,84.8,30.5,22.5,False,4095,0.0,3.0,57.0,EXT-OPEN-METEO-KHI,KARACHI,OPENSOURCE_API_GRID,789,,,,0.95,True,True,TIER2_OPENSOURCE_PURE;CONTINUOUS_MINUTE_STREAM;VERIFIED_MODEL_GRID,c78d51a3223e8d4ceebeb1333a30647b3e65af7313d0068882639fd81cf8742f,2026-09-20T13:08:00+00:00,2026-09-20 18:08:00,62.4,1009.8,109
17.0,25.0,52.2,1550.0,450.0,70.0,8.8,4.2,1.0,447.1,265.4,13.4,8.6,84.5,30.4,22.44,False,4095,0.0,2.9,56.4,EXT-OPEN-METEO-KHI,KARACHI,OPENSOURCE_API_GRID,790,,,,0.95,True,True,TIER2_OPENSOURCE_PURE;CONTINUOUS_MINUTE_STREAM;VERIFIED_MODEL_GRID,beb51c4627186a4fcd95f95ddc9031200224451e49ca9669597155aef245e23c,2026-09-20T13:09:00+00:00,2026-09-20 18:09:00,62.5,1009.8,109
17.0,25.0,52.1,1550.0,450.0,70.0,8.8,4.2,1.0,447.1,265.3,13.5,8.6,84.1,30.4,22.46,False,4095,0.0,2.9,55.6,EXT-OPEN-METEO-KHI,KARACHI,OPENSOURCE_API_GRID,791,,,,0.95,True,True,TIER2_OPENSOURCE_PURE;CONTINUOUS_MINUTE_STREAM;VERIFIED_MODEL_GRID,c359ec5ebcc161f49f3862ee42e00645c5d2df01886d691dcec7b8ab7c14c932,2026-09-20T13:10:00+00:00,2026-09-20 18:10:00,62.6,1009.8,109
16.9,24.9,51.9,1543.8,448.2,69.7,8.7,4.2,1.0,447.1,265.1,13.6,8.6,83.7,30.4,22.51,False,4095,0.0,2.9,54.8,EXT-OPEN-METEO-KHI,KARACHI,OPENSOURCE_API_GRID,792,,,,0.95,True,True,TIER2_OPENSOURCE_PURE;CONTINUOUS_MINUTE_STREAM;VERIFIED_MODEL_GRID,5ecb90adb51791653f6dba20a51eaa3c042cba57beb4875015bcfea565189bf1,2026-09-20T13:11:00+00:00,2026-09-20 18:11:00,62.8,1009.8,109
16.9,24.8,51.8,1537.6,446.4,69.4,8.7,4.1,1.0,447.1,264.9,13.6,8.6,83.3,30.3,22.45,False,4095,0.0,2.9,53.9,EXT-OPEN-METEO-KHI,KARACHI,OPENSOURCE_API_GRID,793,,,,0.95,True,True,TIER2_OPENSOURCE_PURE;CONTINUOUS_MINUTE_STREAM;VERIFIED_MODEL_GRID,62d5869a3cb6bc60e7d01ad439bc8f9ecd23b7573d01478922768f3776abd82f,2026-09-20T13:12:00+00:00,2026-09-20 18:12:00,62.9,1009.8,109
16.9,24.8,51.6,1537.6,446.4,69.4,8.7,4.1,1.0,447.1,264.8,13.7,8.5,82.9,30.3,22.5,False,4095,0.0,2.9,53.0,EXT-OPEN-METEO-KHI,KARACHI,OPENSOURCE_API_GRID,794,,,,0.95,True,True,TIER2_OPENSOURCE_PURE;CONTINUOUS_MINUTE_STREAM;VERIFIED_MODEL_GRID,4695bde5e22c523350d3a049296f56fc67d7e38c740bb234c5b1865628ed41bb,2026-09-20T13:13:00+00:00,2026-09-20 18:13:00,63.1,1009.8,109
16.8,24.7,51.5,1531.4,444.6,69.2,8.6,4.1,1.0,447.1,264.6,13.8,8.5,82.4,30.3,22.55,False,4095,0.0,2.9,51.9,EXT-OPEN-METEO-KHI,KARACHI,OPENSOURCE_API_GRID,795,,,,0.95,True,True,TIER2_OPENSOURCE_PURE;CONTINUOUS_MINUTE_STREAM;VERIFIED_MODEL_GRID,86bcf0c2af7de4205683198634243621a935126935a9c6ca34bea06d4800676f,2026-09-20T13:14:00+00:00,2026-09-20 18:14:00,63.3,1009.9,109
16.8,24.7,51.4,1531.4,444.6,69.2,8.6,4.1,1.0,447.1,264.4,13.8,8.5,81.9,30.2,22.51,False,4095,0.0,2.9,50.9,EXT-OPEN-METEO-KHI,KARACHI,OPENSOURCE_API_GRID,796,,,,0.95,True,True,TIER2_OPENSOURCE_PURE;CONTINUOUS_MINUTE_STREAM;VERIFIED_MODEL_GRID,5f77b8d849b85f73ef0be2f55690c3b866d880c9322b7d2038858f11824fbe6f,2026-09-20T13:15:00+00:00,2026-09-20 18:15:00,63.5,1009.9,109
16.8,24.7,51.2,1531.4,444.6,69.2,8.6,4.1,1.0,447.2,264.2,13.9,8.5,81.4,30.2,22.56,False,4095,0.0,2.8,49.7,EXT-OPEN-METEO-KHI,KARACHI,OPENSOURCE_API_GRID,797,,,,0.95,True,True,TIER2_OPENSOURCE_PURE;CONTINUOUS_MINUTE_STREAM;VERIFIED_MODEL_GRID,1162ff85a5d82ad0b54c2950fb21fa3943479df40db2b8407b093cad5036229b,2026-09-20T13:16:00+00:00,2026-09-20 18:16:00,63.7,1009.9,109
16.7,24.6,51.1,1525.2,442.8,68.9,8.6,4.1,1.0,447.2,264.0,14.0,8.4,80.8,30.1,22.52,False,4095,0.0,2.8,48.6,EXT-OPEN-METEO-KHI,KARACHI,OPENSOURCE_API_GRID,798,,,,0.95,True,True,TIER2_OPENSOURCE_PURE;CONTINUOUS_MINUTE_STREAM;VERIFIED_MODEL_GRID,cf659bc52e8b3d0dd284be290a437b40c992eb6048587e1221a860e51aede540,2026-09-20T13:17:00+00:00,2026-09-20 18:17:00,63.9,1009.9,109
16.7,24.6,51.0,1525.2,442.8,68.9,8.6,4.1,1.0,447.2,263.7,14.1,8.4,80.2,30.1,22.59,False,4095,0.0,2.8,47.3,EXT-OPEN-METEO-KHI,KARACHI,OPENSOURCE_API_GRID,799,,,,0.95,True,True,TIER2_OPENSOURCE_PURE;CONTINUOUS_MINUTE_STREAM;VERIFIED_MODEL_GRID,8655ec7eb244df54cbb35edce92bbb8cf11d2d674e46b6eb6d9e80228f7d0495,2026-09-20T13:18:00+00:00,2026-09-20 18:18:00,64.2,1009.9,109
16.7,24.6,50.9,1525.2,442.8,68.9,8.6,4.1,1.0,447.2,263.5,14.2,8.4,79.6,30.1,22.64,False,4095,0.0,2.8,46.0,EXT-OPEN-METEO-KHI,KARACHI,OPENSOURCE_API_GRID,800,,,,0.95,True,True,TIER2_OPENSOURCE_PURE;CONTINUOUS_MINUTE_STREAM;VERIFIED_MODEL_GRID,4dff98f76550872c1934b6952a7d89b5b22e1f0560578b092d67b76d882737e2,2026-09-20T13:19:00+00:00,2026-09-20 18:19:00,64.4,1009.9,109
16.7,24.6,50.9,1525.2,442.8,68.9,8.6,4.1,1.0,447.2,263.2,14.3,8.3,79.0,30.0,22.63,False,4095,0.0,2.8,44.7,EXT-OPEN-METEO-KHI,KARACHI,OPENSOURCE_API_GRID,801,,,,0.95,True,True,TIER2_OPENSOURCE_PURE;CONTINUOUS_MINUTE_STREAM;VERIFIED_MODEL_GRID,4e6397cf0e34dd7072a3eb3a4c8190811caf3c2c4e5daac5ae4425a6264580a7,2026-09-20T13:20:00+00:00,2026-09-20 18:20:00,64.7,1009.9,109
16.7,24.6,50.8,1525.2,442.8,68.9,8.6,4.1,1.0,447.3,263.0,14.4,8.3,78.4,30.0,22.68,False,4095,0.0,2.7,43.3,EXT-OPEN-METEO-KHI,KARACHI,OPENSOURCE_API_GRID,802,,,,0.95,True,True,TIER2_OPENSOURCE_PURE;CONTINUOUS_MINUTE_STREAM;VERIFIED_MODEL_GRID,f649bb398e9f6a793227d1b967c13c7f23fdb9e407a7a35772ee0814ca3d78a4,2026-09-20T13:21:00+00:00,2026-09-20 18:21:00,64.9,1009.9,109
16.7,24.6,50.7,1525.2,442.8,68.9,8.6,4.1,1.0,447.3,262.7,14.5,8.3,77.7,30.0,22.75,False,4095,0.0,2.7,41.9,EXT-OPEN-METEO-KHI,KARACHI,OPENSOURCE_API_GRID,803,,,,0.95,True,True,TIER2_OPENSOURCE_PURE;CONTINUOUS_MINUTE_STREAM;VERIFIED_MODEL_GRID,4845b2160e73dc49be38743967602b04c98f35ea59b3a92fe4ea6d0ea8d2c5c6,2026-09-20T13:22:00+00:00,2026-09-20 18:22:00,65.2,1009.9,109
16.7,24.6,50.6,1525.2,442.8,68.9,8.6,4.0,1.0,447.3,262.5,14.6,8.2,77.0,29.9,22.73,False,4095,0.0,2.7,40.5,EXT-OPEN-METEO-KHI,KARACHI,OPENSOURCE_API_GRID,804,,,,0.95,True,True,TIER2_OPENSOURCE_PURE;CONTINUOUS_MINUTE_STREAM;VERIFIED_MODEL_GRID,db1879c36beedbbe2441a42a79994cc20bb18c47ff32b418eced0244999cd2e3,2026-09-20T13:23:00+00:00,2026-09-20 18:23:00,65.5,1009.9,109
16.7,24.6,50.5,1525.2,442.8,68.9,8.6,4.0,1.0,447.3,262.2,14.7,8.2,76.3,29.9,22.81,False,4095,0.0,2.7,39.0,EXT-OPEN-METEO-KHI,KARACHI,OPENSOURCE_API_GRID,805,,,,0.95,True,True,TIER2_OPENSOURCE_PURE;CONTINUOUS_MINUTE_STREAM;VERIFIED_MODEL_GRID,a01213a2a6665cb6c10e7406fa4677e2b49422db92f13579b3873dd21518c16c,2026-09-20T13:24:00+00:00,2026-09-20 18:24:00,65.8,1009.9,109
16.8,24.7,50.5,1531.4,444.6,69.2,8.6,4.0,1.0,447.4,261.9,14.8,8.1,75.6,29.9,22.89,False,4095,0.0,2.6,37.5,EXT-OPEN-METEO-KHI,KARACHI,OPENSOURCE_API_GRID,806,,,,0.95,True,True,TIER2_OPENSOURCE_PURE;CONTINUOUS_MINUTE_STREAM;VERIFIED_MODEL_GRID,60f122902fcd0f58d326840ac65e5f0f96eda37ce6ee513370e23d5fe0017caa,2026-09-20T13:25:00+00:00,2026-09-20 18:25:00,66.1,1009.9,109
16.7,24.5,50.2,1519.0,441.0,68.6,8.6,4.0,1.0,447.4,261.6,14.9,8.1,74.9,29.8,22.89,False,4095,0.0,2.6,36.0,EXT-OPEN-METEO-KHI,KARACHI,OPENSOURCE_API_GRID,807,,,,0.95,True,True,TIER2_OPENSOURCE_PURE;CONTINUOUS_MINUTE_STREAM;VERIFIED_MODEL_GRID,980dc8bcc3b53ce4515003ec5bcb446fd030fbcc19401053b0e7200246498b57,2026-09-20T13:26:00+00:00,2026-09-20 18:26:00,66.5,1009.9,109
16.7,24.6,50.1,1525.2,442.8,68.9,8.6,4.0,1.0,447.4,261.4,15.1,8.1,74.2,29.8,22.96,False,4095,0.0,2.6,34.5,EXT-OPEN-METEO-KHI,KARACHI,OPENSOURCE_API_GRID,808,,,,0.95,True,True,TIER2_OPENSOURCE_PURE;CONTINUOUS_MINUTE_STREAM;VERIFIED_MODEL_GRID,2ddf2b1f8f7cd717299581d351a64579492b8303760ff732298dddc77b25083f,2026-09-20T13:27:00+00:00,2026-09-20 18:27:00,66.8,1009.9,109
16.7,24.6,50.0,1525.2,442.8,68.9,8.6,4.0,1.0,447.4,261.1,15.2,8.0,73.5,29.8,23.04,False,4095,0.0,2.6,32.9,EXT-OPEN-METEO-KHI,KARACHI,OPENSOURCE_API_GRID,809,,,,0.95,True,True,TIER2_OPENSOURCE_PURE;CONTINUOUS_MINUTE_STREAM;VERIFIED_MODEL_GRID,6291f69197e0ed43df2512f74bbb65a253f88b7e26c6e95cda90f04c25c4c511,2026-09-20T13:28:00+00:00,2026-09-20 18:28:00,67.1,1009.9,109
16.7,24.6,49.9,1525.2,442.8,68.9,8.6,4.0,1.0,447.5,260.8,15.3,8.0,72.7,29.7,22.99,False,4095,0.0,2.5,31.4,EXT-OPEN-METEO-KHI,KARACHI,OPENSOURCE_API_GRID,810,,,,0.95,True,True,TIER2_OPENSOURCE_PURE;CONTINUOUS_MINUTE_STREAM;VERIFIED_MODEL_GRID,c49a02e9c857508a528ccb1ff4b4217a5f669badf86fdd10c293dc0b53732469,2026-09-20T13:29:00+00:00,2026-09-20 18:29:00,67.3,1009.9,109
16.7,24.6,49.8,1525.2,442.8,68.9,8.6,4.0,1.0,447.5,260.5,15.4,7.9,72.0,29.7,23.07,False,4095,0.0,2.5,29.8,EXT-OPEN-METEO-KHI,KARACHI,OPENSOURCE_API_GRID,811,,,,0.95,True,True,TIER2_OPENSOURCE_PURE;CONTINUOUS_MINUTE_STREAM;VERIFIED_MODEL_GRID,f67ea8be8a6ea338f18b2d039654c6e05c21b456991680b98394247e25a69ff0,2026-09-20T13:30:00+00:00,2026-09-20 18:30:00,67.6,1010.0,109
16.7,24.5,49.7,1519.0,441.0,68.6,8.6,4.0,1.0,447.5,260.2,15.5,7.9,71.3,29.6,23.04,False,4095,0.0,2.5,28.2,EXT-OPEN-METEO-KHI,KARACHI,OPENSOURCE_API_GRID,812,,,,0.95,True,True,TIER2_OPENSOURCE_PURE;CONTINUOUS_MINUTE_STREAM;VERIFIED_MODEL_GRID,661f206ec73d76739cc1441f694544bd931a320d94305243b017ace349c69bbc,2026-09-20T13:31:00+00:00,2026-09-20 18:31:00,67.9,1010.0,109
16.7,24.5,49.6,1519.0,441.0,68.6,8.6,4.0,1.0,447.6,259.9,15.6,7.9,70.5,29.6,23.12,False,4095,0.0,2.4,26.7,EXT-OPEN-METEO-KHI,KARACHI,OPENSOURCE_API_GRID,813,,,,0.95,True,True,TIER2_OPENSOURCE_PURE;CONTINUOUS_MINUTE_STREAM;VERIFIED_MODEL_GRID,99b1fe8444c21f949867b7d3bd18dc622768ec77a9f45381e10fd884ce98711e,2026-09-20T13:32:00+00:00,2026-09-20 18:32:00,68.2,1010.0,109
16.7,24.5,49.4,1519.0,441.0,68.6,8.6,4.0,1.0,447.6,259.6,15.7,7.8,69.8,29.6,23.16,False,4095,0.0,2.4,25.1,EXT-OPEN-METEO-KHI,KARACHI,OPENSOURCE_API_GRID,814,,,,0.95,True,True,TIER2_OPENSOURCE_PURE;CONTINUOUS_MINUTE_STREAM;VERIFIED_MODEL_GRID,1c5354ab9cfc3de6e374bddefd8b2dcc09767ff907b23073edf3625297c07293,2026-09-20T13:33:00+00:00,2026-09-20 18:33:00,68.4,1010.0,109
16.7,24.5,49.3,1519.0,441.0,68.6,8.6,3.9,1.0,447.6,259.4,15.9,7.8,69.1,29.5,23.14,False,4095,0.0,2.4,23.6,EXT-OPEN-METEO-KHI,KARACHI,OPENSOURCE_API_GRID,815,,,,0.95,True,True,TIER2_OPENSOURCE_PURE;CONTINUOUS_MINUTE_STREAM;VERIFIED_MODEL_GRID,770d6fdf143e2a3203f4be452f726e0b48c41258e59000b47372c88c799822fe,2026-09-20T13:34:00+00:00,2026-09-20 18:34:00,68.7,1010.0,109
16.6,24.4,49.1,1512.8,439.2,68.3,8.5,3.9,1.0,447.6,259.1,16.0,7.8,68.4,29.5,23.19,False,4095,0.0,2.4,22.1,EXT-OPEN-METEO-KHI,KARACHI,OPENSOURCE_API_GRID,816,,,,0.95,True,True,TIER2_OPENSOURCE_PURE;CONTINUOUS_MINUTE_STREAM;VERIFIED_MODEL_GRID,b923c46347cd8c1ca0a8ab55d7d2b7696de790369c83ae1caf7cb474a2c93eb5,2026-09-20T13:35:00+00:00,2026-09-20 18:35:00,68.9,1010.0,109
16.5,24.3,48.9,1506.6,437.4,68.0,8.5,3.9,1.0,447.7,258.8,16.1,7.7,67.7,29.4,23.17,False,4095,0.0,2.3,20.6,EXT-OPEN-METEO-KHI,KARACHI,OPENSOURCE_API_GRID,817,,,,0.95,True,True,TIER2_OPENSOURCE_PURE;CONTINUOUS_MINUTE_STREAM;VERIFIED_MODEL_GRID,ff54da386fc62b53d2420f4d68460d19e848bd9bc42b5417fa460ba0c2f6a0ef,2026-09-20T13:36:00+00:00,2026-09-20 18:36:00,69.2,1010.0,109
16.5,24.3,48.8,1506.6,437.4,68.0,8.5,3.9,1.0,447.7,258.5,16.2,7.7,67.0,29.4,23.21,False,4095,0.0,2.3,19.1,EXT-OPEN-METEO-KHI,KARACHI,OPENSOURCE_API_GRID,818,,,,0.95,True,True,TIER2_OPENSOURCE_PURE;CONTINUOUS_MINUTE_STREAM;VERIFIED_MODEL_GRID,a6bffbbf532ed8a40a136c097bac519a9daf23f745ccc7cdd43d30b7a2fafe83,2026-09-20T13:37:00+00:00,2026-09-20 18:37:00,69.4,1010.0,109
16.5,24.2,48.6,1500.4,435.6,67.8,8.5,3.9,1.0,447.7,258.3,16.3,7.6,66.3,29.3,23.19,False,4095,0.0,2.3,17.7,EXT-OPEN-METEO-KHI,KARACHI,OPENSOURCE_API_GRID,819,,,,0.95,True,True,TIER2_OPENSOURCE_PURE;CONTINUOUS_MINUTE_STREAM;VERIFIED_MODEL_GRID,1b734561ea3d760009eb29f2718052fd2ae8f98c6692ed4167a9b82bb6c461de,2026-09-20T13:38:00+00:00,2026-09-20 18:38:00,69.7,1010.0,109
16.4,24.1,48.4,1494.2,433.8,67.5,8.4,3.9,1.0,447.7,258.0,16.4,7.6,65.6,29.3,23.24,False,4095,0.0,2.3,16.3,EXT-OPEN-METEO-KHI,KARACHI,OPENSOURCE_API_GRID,820,,,,0.95,True,True,TIER2_OPENSOURCE_PURE;CONTINUOUS_MINUTE_STREAM;VERIFIED_MODEL_GRID,87d585a71278ddbfa986e057f82221a66cb9726822200a03bbb91adbfd3b6faa,2026-09-20T13:39:00+00:00,2026-09-20 18:39:00,69.9,1010.0,109
16.4,24.1,48.2,1494.2,433.8,67.5,8.4,3.9,1.0,447.8,257.8,16.5,7.6,65.0,29.2,23.19,False,4095,0.0,2.2,14.9,EXT-OPEN-METEO-KHI,KARACHI,OPENSOURCE_API_GRID,821,,,,0.95,True,True,TIER2_OPENSOURCE_PURE;CONTINUOUS_MINUTE_STREAM;VERIFIED_MODEL_GRID,b435a57cc10d6fa703b9bdca3f81801fc76c9b2e7537f9d079cc76cef62794ef,2026-09-20T13:40:00+00:00,2026-09-20 18:40:00,70.1,1010.0,109
16.3,24.0,48.0,1488.0,432.0,67.2,8.4,3.8,1.0,447.8,257.5,16.6,7.5,64.4,29.2,23.26,False,4095,0.0,2.2,13.6,EXT-OPEN-METEO-KHI,KARACHI,OPENSOURCE_API_GRID,822,,,,0.95,True,True,TIER2_OPENSOURCE_PURE;CONTINUOUS_MINUTE_STREAM;VERIFIED_MODEL_GRID,a0617917e92a2d5f7e2da7356792cc5fc80d791a7a48a56953b5a3483bf09fa6,2026-09-20T13:41:00+00:00,2026-09-20 18:41:00,70.4,1010.1,109
16.3,23.9,47.8,1481.8,430.2,66.9,8.4,3.8,1.0,447.8,257.3,16.7,7.5,63.8,29.1,23.21,False,4095,0.0,2.2,12.3,EXT-OPEN-METEO-KHI,KARACHI,OPENSOURCE_API_GRID,823,,,,0.95,True,True,TIER2_OPENSOURCE_PURE;CONTINUOUS_MINUTE_STREAM;VERIFIED_MODEL_GRID,3ea13b7f340948cda44563bfb717ee938ac60d097fe74734fb42240476a50fb7,2026-09-20T13:42:00+00:00,2026-09-20 18:42:00,70.6,1010.1,109
16.2,23.8,47.6,1475.6,428.4,66.6,8.3,3.8,1.0,447.8,257.0,16.8,7.5,63.2,29.1,23.26,False,4095,0.0,2.2,11.0,EXT-OPEN-METEO-KHI,KARACHI,OPENSOURCE_API_GRID,824,,,,0.95,True,True,TIER2_OPENSOURCE_PURE;CONTINUOUS_MINUTE_STREAM;VERIFIED_MODEL_GRID,2c0efe7b5c3fd7f04c02bd617b3fc8f2c391b2997b0b97b9fa503dda8024f6ed,2026-09-20T13:43:00+00:00,2026-09-20 18:43:00,70.8,1010.1,109
16.2,23.8,47.4,1475.6,428.4,66.6,8.3,3.8,0.9,447.8,256.8,16.9,7.4,62.6,29.1,23.3,False,4095,0.0,2.2,9.9,EXT-OPEN-METEO-KHI,KARACHI,OPENSOURCE_API_GRID,825,,,,0.95,True,True,TIER2_OPENSOURCE_PURE;CONTINUOUS_MINUTE_STREAM;VERIFIED_MODEL_GRID,b15c9e937c1e8393695cd5e26b8d7f8aa2aebf460afc09a9e025635776773795,2026-09-20T13:44:00+00:00,2026-09-20 18:44:00,71.0,1010.1,109
16.1,23.7,47.3,1469.4,426.6,66.4,8.3,3.8,0.9,447.9,256.6,17.0,7.4,62.1,29.0,23.26,False,4095,0.0,2.1,8.7,EXT-OPEN-METEO-KHI,KARACHI,OPENSOURCE_API_GRID,826,,,,0.95,True,True,TIER2_OPENSOURCE_PURE;CONTINUOUS_MINUTE_STREAM;VERIFIED_MODEL_GRID,1bd45c1ec3265828a343b8e159243b8043b8a57a1115a8807f120197cb532bf7,2026-09-20T13:45:00+00:00,2026-09-20 18:45:00,71.2,1010.1,109
16.1,23.7,47.2,1469.4,426.6,66.4,8.3,3.8,0.9,447.9,256.4,17.0,7.4,61.6,29.0,23.3,False,4095,0.0,2.1,7.7,EXT-OPEN-METEO-KHI,KARACHI,OPENSOURCE_API_GRID,827,,,,0.95,True,True,TIER2_OPENSOURCE_PURE;CONTINUOUS_MINUTE_STREAM;VERIFIED_MODEL_GRID,33a13af1ca4753a9dd7c3e562e35c0b69a7f018e46d91ec1f2d7e535ecf39f07,2026-09-20T13:46:00+00:00,2026-09-20 18:46:00,71.4,1010.1,109
16.1,23.7,47.0,1469.4,426.6,66.4,8.3,3.8,0.9,447.9,256.2,17.1,7.4,61.1,28.9,23.25,False,4095,0.0,2.1,6.6,EXT-OPEN-METEO-KHI,KARACHI,OPENSOURCE_API_GRID,828,,,,0.95,True,True,TIER2_OPENSOURCE_PURE;CONTINUOUS_MINUTE_STREAM;VERIFIED_MODEL_GRID,a027ba349bdaf80219e69f0721e35760c2d4801a01277d2bbbe2d6bad62906dc,2026-09-20T13:47:00+00:00,2026-09-20 18:47:00,71.6,1010.1,109
16.0,23.6,47.0,1463.2,424.8,66.1,8.3,3.8,0.9,447.9,256.1,17.2,7.3,60.7,28.9,23.3,False,4095,0.0,2.1,5.7,EXT-OPEN-METEO-KHI,KARACHI,OPENSOURCE_API_GRID,829,,,,0.95,True,True,TIER2_OPENSOURCE_PURE;CONTINUOUS_MINUTE_STREAM;VERIFIED_MODEL_GRID,b81eb50b51d302ada88fdf1f663263bd8d2a12805cb23024ce429decc5023339,2026-09-20T13:48:00+00:00,2026-09-20 18:48:00,71.8,1010.1,109
16.0,23.6,46.9,1463.2,424.8,66.1,8.3,3.8,0.9,447.9,255.9,17.2,7.3,60.3,28.9,23.34,False,4095,0.0,2.1,4.8,EXT-OPEN-METEO-KHI,KARACHI,OPENSOURCE_API_GRID,830,,,,0.95,True,True,TIER2_OPENSOURCE_PURE;CONTINUOUS_MINUTE_STREAM;VERIFIED_MODEL_GRID,3c6dd77541261570f0602914329d09248bb056738c71f5c46dd99faf65366c0c,2026-09-20T13:49:00+00:00,2026-09-20 18:49:00,72.0,1010.1,109
16.0,23.6,46.8,1463.2,424.8,66.1,8.3,3.7,0.9,447.9,255.7,17.3,7.3,59.9,28.9,23.39,False,4095,0.0,2.1,4.0,EXT-OPEN-METEO-KHI,KARACHI,OPENSOURCE_API_GRID,831,,,,0.95,True,True,TIER2_OPENSOURCE_PURE;CONTINUOUS_MINUTE_STREAM;VERIFIED_MODEL_GRID,74863ed82d2c75c7ad2333ac77a422ea93a92b37f43dc402204a88fdfbf7c27c,2026-09-20T13:50:00+00:00,2026-09-20 18:50:00,72.2,1010.1,109
16.0,23.6,46.8,1463.2,424.8,66.1,8.3,3.7,0.9,447.9,255.6,17.4,7.3,59.5,28.8,23.32,False,4095,0.0,2.1,3.2,EXT-OPEN-METEO-KHI,KARACHI,OPENSOURCE_API_GRID,832,,,,0.95,True,True,TIER2_OPENSOURCE_PURE;CONTINUOUS_MINUTE_STREAM;VERIFIED_MODEL_GRID,89f043752f1e4db08b15ea8c91f6c0f98d7af411beba6901660d573d60ba22da,2026-09-20T13:51:00+00:00,2026-09-20 18:51:00,72.3,1010.1,109
16.1,23.7,46.8,1469.4,426.6,66.4,8.3,3.7,0.9,448.0,255.5,17.4,7.3,59.2,28.8,23.36,False,4095,0.0,2.0,2.6,EXT-OPEN-METEO-KHI,KARACHI,OPENSOURCE_API_GRID,833,,,,0.95,True,True,TIER2_OPENSOURCE_PURE;CONTINUOUS_MINUTE_STREAM;VERIFIED_MODEL_GRID,b0032ed4b4e8f6807b2ea3c06020300a9ee1732535660187196fd2592a3dddf0,2026-09-20T13:52:00+00:00,2026-09-20 18:52:00,72.5,1010.1,109
16.1,23.7,46.8,1469.4,426.6,66.4,8.3,3.7,0.9,448.0,255.4,17.5,7.2,58.9,28.8,23.39,False,4095,0.0,2.0,2.0,EXT-OPEN-METEO-KHI,KARACHI,OPENSOURCE_API_GRID,834,,,,0.95,True,True,TIER2_OPENSOURCE_PURE;CONTINUOUS_MINUTE_STREAM;VERIFIED_MODEL_GRID,42f5d9dc4c79a730b3d1f4666f785ed6146f6d9b2e6ed010a7de857ba346e091,2026-09-20T13:53:00+00:00,2026-09-20 18:53:00,72.6,1010.1,109
16.1,23.7,46.8,1469.4,426.6,66.4,8.3,3.7,0.9,448.0,255.3,17.5,7.2,58.7,28.8,23.41,False,4095,0.0,2.0,1.5,EXT-OPEN-METEO-KHI,KARACHI,OPENSOURCE_API_GRID,835,,,,0.95,True,True,TIER2_OPENSOURCE_PURE;CONTINUOUS_MINUTE_STREAM;VERIFIED_MODEL_GRID,6ce9a4e4dfa3ba976e68ae2dfcb57b7d7c48b26112891d6baf2504b8743669e0,2026-09-20T13:54:00+00:00,2026-09-20 18:54:00,72.7,1010.1,109
16.2,23.8,46.8,1475.6,428.4,66.6,8.3,3.7,0.9,448.0,255.2,17.5,7.2,58.5,28.8,23.43,False,4095,0.0,2.0,1.0,EXT-OPEN-METEO-KHI,KARACHI,OPENSOURCE_API_GRID,836,,,,0.95,True,True,TIER2_OPENSOURCE_PURE;CONTINUOUS_MINUTE_STREAM;VERIFIED_MODEL_GRID,5dacb461946753369d029ee0bad3a368990facff1a92ebc4d960b7c81e752422,2026-09-20T13:55:00+00:00,2026-09-20 18:55:00,72.8,1010.1,109
16.2,23.8,46.9,1475.6,428.4,66.6,8.3,3.8,0.9,448.0,255.1,17.6,7.2,58.3,28.8,23.45,False,4095,0.0,2.0,0.7,EXT-OPEN-METEO-KHI,KARACHI,OPENSOURCE_API_GRID,837,,,,0.95,True,True,TIER2_OPENSOURCE_PURE;CONTINUOUS_MINUTE_STREAM;VERIFIED_MODEL_GRID,23dcaf3bcde988233db5627e69fea416f8822b48d63ba68bfdf74b7d110e37aa,2026-09-20T13:56:00+00:00,2026-09-20 18:56:00,72.9,1010.1,109
16.1,23.7,46.7,1469.4,426.6,66.4,8.3,3.7,0.9,448.0,255.1,17.6,7.2,58.2,28.8,23.5,False,4095,0.0,2.0,0.4,EXT-OPEN-METEO-KHI,KARACHI,OPENSOURCE_API_GRID,838,,,,0.95,True,True,TIER2_OPENSOURCE_PURE;CONTINUOUS_MINUTE_STREAM;VERIFIED_MODEL_GRID,42c5a56a73ac888274b0d1166970c1650ada31c29e978c91890249bc0904bdfc,2026-09-20T13:57:00+00:00,2026-09-20 18:57:00,73.1,1010.1,109
16.1,23.7,46.8,1469.4,426.6,66.4,8.3,3.7,0.9,448.0,255.0,17.6,7.2,58.1,28.8,23.5,False,4095,0.0,2.0,0.2,EXT-OPEN-METEO-KHI,KARACHI,OPENSOURCE_API_GRID,839,,,,0.95,True,True,TIER2_OPENSOURCE_PURE;CONTINUOUS_MINUTE_STREAM;VERIFIED_MODEL_GRID,c0015aec4d1b8d923b8c399c7ac7d640f14a1bd9447ddd57cfb51acdcf28d39a,2026-09-20T13:58:00+00:00,2026-09-20 18:58:00,73.1,1010.1,109
16.2,23.8,46.8,1475.6,428.4,66.6,8.3,3.7,0.9,448.0,255.0,17.6,7.2,58.0,28.8,23.5,False,4095,0.0,2.0,0.0,EXT-OPEN-METEO-KHI,KARACHI,OPENSOURCE_API_GRID,840,,,,0.95,True,True,TIER2_OPENSOURCE_PURE;CONTINUOUS_MINUTE_STREAM;VERIFIED_MODEL_GRID,f4286e0143562d7eda11ad835e5dc5fc7dc81d8d33c3a9763f13dfafb27e7810,2026-09-20T13:59:00+00:00,2026-09-20 18:59:00,73.1,1010.1,109
16.2,23.8,46.9,1475.6,428.4,66.6,8.3,3.8,0.9,448.0,255.0,17.6,7.2,58.0,28.8,23.5,False,4095,0.0,2.0,0.0,EXT-OPEN-METEO-KHI,KARACHI,OPENSOURCE_API_GRID,841,,,,0.95,True,False,TIER2_OPENSOURCE_PURE;HOURLY_NODE;VERIFIED_MODEL_GRID,79245efd01c194f2c72e6f03ce59a8c0350c9e6a67c1f7ed41dda33e4b1f2ebf,2026-09-20T14:00:00+00:00,2026-09-20 19:00:00,73.1,1010.1,105
16.3,23.9,46.9,1481.8,430.2,66.9,8.4,3.8,0.9,448.0,255.0,17.6,7.2,58.0,28.8,23.5,False,4095,0.0,2.0,0.0,EXT-OPEN-METEO-KHI,KARACHI,OPENSOURCE_API_GRID,842,,,,0.95,True,True,TIER2_OPENSOURCE_PURE;CONTINUOUS_MINUTE_STREAM;VERIFIED_MODEL_GRID,6f621f6244798e96ac0f443d18617001fa28f752fe3d76330b6e7dfdd9a82108,2026-09-20T14:01:00+00:00,2026-09-20 19:01:00,73.1,1010.1,105
16.3,23.9,47.0,1481.8,430.2,66.9,8.4,3.8,0.9,448.0,255.0,17.6,7.2,57.9,28.8,23.5,False,4095,0.0,2.0,0.0,EXT-OPEN-METEO-KHI,KARACHI,OPENSOURCE_API_GRID,843,,,,0.95,True,True,TIER2_OPENSOURCE_PURE;CONTINUOUS_MINUTE_STREAM;VERIFIED_MODEL_GRID,c08280da1bc0a525966d44de496e58669da5e2d283ec0d8c4c9a1ef39ad208b9,2026-09-20T14:02:00+00:00,2026-09-20 19:02:00,73.1,1010.1,105
16.3,23.9,47.0,1481.8,430.2,66.9,8.4,3.8,0.9,448.0,254.9,17.6,7.2,57.9,28.8,23.5,False,4095,0.0,2.0,0.0,EXT-OPEN-METEO-KHI,KARACHI,OPENSOURCE_API_GRID,844,,,,0.95,True,True,TIER2_OPENSOURCE_PURE;CONTINUOUS_MINUTE_STREAM;VERIFIED_MODEL_GRID,4f5717ad58e63c94a82164fcf810357e0ef54c6d56169b9e2594fc8f8e1ea6a4,2026-09-20T14:03:00+00:00,2026-09-20 19:03:00,73.1,1010.1,105
16.3,23.9,47.0,1481.8,430.2,66.9,8.4,3.8,0.9,448.0,254.9,17.6,7.2,57.8,28.8,23.52,False,4095,0.0,2.0,0.0,EXT-OPEN-METEO-KHI,KARACHI,OPENSOURCE_API_GRID,845,,,,0.95,True,True,TIER2_OPENSOURCE_PURE;CONTINUOUS_MINUTE_STREAM;VERIFIED_MODEL_GRID,99e36778ac21cb822d1d6f5162ea88d5b57934f3515e7aca8674d13f3607cbad,2026-09-20T14:04:00+00:00,2026-09-20 19:04:00,73.2,1010.1,105
16.3,23.9,46.9,1481.8,430.2,66.9,8.4,3.8,0.9,448.0,254.8,17.6,7.2,57.7,28.8,23.52,False,4095,0.0,2.0,0.0,EXT-OPEN-METEO-KHI,KARACHI,OPENSOURCE_API_GRID,846,,,,0.95,True,True,TIER2_OPENSOURCE_PURE;CONTINUOUS_MINUTE_STREAM;VERIFIED_MODEL_GRID,20f46eb4b60263cddc3166b5f8f8d0def38660c7567f68cafccc20b1538683be,2026-09-20T14:05:00+00:00,2026-09-20 19:05:00,73.2,1010.1,105
16.2,23.8,46.9,1475.6,428.4,66.6,8.3,3.8,0.9,448.0,254.7,17.7,7.2,57.5,28.8,23.55,False,4095,0.0,2.0,0.0,EXT-OPEN-METEO-KHI,KARACHI,OPENSOURCE_API_GRID,847,,,,0.95,True,True,TIER2_OPENSOURCE_PURE;CONTINUOUS_MINUTE_STREAM;VERIFIED_MODEL_GRID,3e6d99938a8980b77f095769521fb6b30392959f9ee3f835077a0a0776afc7b2,2026-09-20T14:06:00+00:00,2026-09-20 19:06:00,73.3,1010.1,105
16.2,23.8,46.8,1475.6,428.4,66.6,8.3,3.7,0.9,448.0,254.6,17.7,7.2,57.3,28.8,23.55,False,4095,0.0,2.0,0.0,EXT-OPEN-METEO-KHI,KARACHI,OPENSOURCE_API_GRID,848,,,,0.95,True,True,TIER2_OPENSOURCE_PURE;CONTINUOUS_MINUTE_STREAM;VERIFIED_MODEL_GRID,c311cdbdec4c1dfe09d145454b99dc692a7d456c038785480ff039d7e9c209dc,2026-09-20T14:07:00+00:00,2026-09-20 19:07:00,73.3,1010.1,105
16.2,23.8,46.7,1475.6,428.4,66.6,8.3,3.7,0.9,448.0,254.5,17.7,7.2,57.1,28.8,23.57,False,4095,0.0,2.0,0.0,EXT-OPEN-METEO-KHI,KARACHI,OPENSOURCE_API_GRID,849,,,,0.95,True,True,TIER2_OPENSOURCE_PURE;CONTINUOUS_MINUTE_STREAM;VERIFIED_MODEL_GRID,02144296a82d001222311f20c1842081866d15caf354507dcb0a78138c794cc6,2026-09-20T14:08:00+00:00,2026-09-20 19:08:00,73.4,1010.1,105
16.1,23.7,46.6,1469.4,426.6,66.4,8.3,3.7,0.9,448.0,254.3,17.8,7.1,56.9,28.8,23.59,False,4095,0.0,1.9,0.0,EXT-OPEN-METEO-KHI,KARACHI,OPENSOURCE_API_GRID,850,,,,0.95,True,True,TIER2_OPENSOURCE_PURE;CONTINUOUS_MINUTE_STREAM;VERIFIED_MODEL_GRID,e3f7e783b28c0799cd98e141b86c271164c81f5871cd2f50781ba280ad8dfad7,2026-09-20T14:09:00+00:00,2026-09-20 19:09:00,73.5,1010.1,105
16.0,23.6,46.5,1463.2,424.8,66.1,8.3,3.7,0.9,448.0,254.2,17.8,7.1,56.7,28.8,23.61,False,4095,0.0,1.9,0.0,EXT-OPEN-METEO-KHI,KARACHI,OPENSOURCE_API_GRID,851,,,,0.95,True,True,TIER2_OPENSOURCE_PURE;CONTINUOUS_MINUTE_STREAM;VERIFIED_MODEL_GRID,4f57747703bc57b3d55fb607e5dba6a2e0446064196297158559739072c0ead2,2026-09-20T14:10:00+00:00,2026-09-20 19:10:00,73.6,1010.1,105
16.0,23.6,46.4,1463.2,424.8,66.1,8.3,3.7,0.9,448.0,254.0,17.8,7.1,56.4,28.8,23.64,False,4095,0.0,1.9,0.0,EXT-OPEN-METEO-KHI,KARACHI,OPENSOURCE_API_GRID,852,,,,0.95,True,True,TIER2_OPENSOURCE_PURE;CONTINUOUS_MINUTE_STREAM;VERIFIED_MODEL_GRID,ec2df5a79718215751ae6250832afee724cb76c20eca6aa642e6e24b9c2283e0,2026-09-20T14:11:00+00:00,2026-09-20 19:11:00,73.7,1010.1,105
16.0,23.5,46.3,1457.0,423.0,65.8,8.2,3.7,0.9,448.0,253.9,17.9,7.1,56.1,28.7,23.56,False,4095,0.0,1.9,0.0,EXT-OPEN-METEO-KHI,KARACHI,OPENSOURCE_API_GRID,853,,,,0.95,True,True,TIER2_OPENSOURCE_PURE;CONTINUOUS_MINUTE_STREAM;VERIFIED_MODEL_GRID,d7684780bc8813f8b5ed92a91e7f2cbd2b07c6a0c442d153b68c94122525221a,2026-09-20T14:12:00+00:00,2026-09-20 19:12:00,73.8,1010.1,105
15.9,23.4,46.2,1450.8,421.2,65.5,8.2,3.7,0.9,448.0,253.7,17.9,7.1,55.8,28.7,23.61,False,4095,0.0,1.9,0.0,EXT-OPEN-METEO-KHI,KARACHI,OPENSOURCE_API_GRID,854,,,,0.95,True,True,TIER2_OPENSOURCE_PURE;CONTINUOUS_MINUTE_STREAM;VERIFIED_MODEL_GRID,5af5a5f827651fa54d3a95bdbfc934dd2d77e700db7df0d7e3aad4b7775e2f96,2026-09-20T14:13:00+00:00,2026-09-20 19:13:00,74.0,1010.2,105
15.9,23.4,46.1,1450.8,421.2,65.5,8.2,3.7,0.9,448.0,253.5,18.0,7.1,55.4,28.7,23.63,False,4095,0.0,1.9,0.0,EXT-OPEN-METEO-KHI,KARACHI,OPENSOURCE_API_GRID,855,,,,0.95,True,True,TIER2_OPENSOURCE_PURE;CONTINUOUS_MINUTE_STREAM;VERIFIED_MODEL_GRID,338bdb7f05ac30236fdbb14a84c1d41a96a3aac00995b8747b0d4f900898711b,2026-09-20T14:14:00+00:00,2026-09-20 19:14:00,74.1,1010.2,105
15.8,23.3,46.0,1444.6,419.4,65.2,8.2,3.7,0.9,448.0,253.2,18.0,7.1,55.1,28.7,23.67,False,4095,0.0,1.9,0.0,EXT-OPEN-METEO-KHI,KARACHI,OPENSOURCE_API_GRID,856,,,,0.95,True,True,TIER2_OPENSOURCE_PURE;CONTINUOUS_MINUTE_STREAM;VERIFIED_MODEL_GRID,2102985c4b74e733687755924f392dfdc3ee9cc3143284a8850d8055e09332cc,2026-09-20T14:15:00+00:00,2026-09-20 19:15:00,74.3,1010.2,105
15.8,23.3,45.9,1444.6,419.4,65.2,8.2,3.7,0.9,448.0,253.0,18.1,7.0,54.7,28.7,23.72,False,4095,0.0,1.8,0.0,EXT-OPEN-METEO-KHI,KARACHI,OPENSOURCE_API_GRID,857,,,,0.95,True,True,TIER2_OPENSOURCE_PURE;CONTINUOUS_MINUTE_STREAM;VERIFIED_MODEL_GRID,3543d22e2167fdda373bfddc04026f1fe0bb309301a0a4f2110a33fd6ec22873,2026-09-20T14:16:00+00:00,2026-09-20 19:16:00,74.5,1010.2,105
15.8,23.2,45.8,1438.4,417.6,65.0,8.1,3.7,0.9,448.0,252.8,18.1,7.0,54.3,28.6,23.67,False,4095,0.0,1.8,0.0,EXT-OPEN-METEO-KHI,KARACHI,OPENSOURCE_API_GRID,858,,,,0.95,True,True,TIER2_OPENSOURCE_PURE;CONTINUOUS_MINUTE_STREAM;VERIFIED_MODEL_GRID,423312efd248e146a31d0da65373d57c210b0844993df3b4fbf884410e9a34e5,2026-09-20T14:17:00+00:00,2026-09-20 19:17:00,74.7,1010.2,105
15.8,23.2,45.7,1438.4,417.6,65.0,8.1,3.7,0.9,448.0,252.5,18.2,7.0,53.9,28.6,23.71,False,4095,0.0,1.8,0.0,EXT-OPEN-METEO-KHI,KARACHI,OPENSOURCE_API_GRID,859,,,,0.95,True,True,TIER2_OPENSOURCE_PURE;CONTINUOUS_MINUTE_STREAM;VERIFIED_MODEL_GRID,2d2fc354e9e468f4eaf941fc01089cf4030d4b9f62cbeb65ff96bf2005df6c11,2026-09-20T14:18:00+00:00,2026-09-20 19:18:00,74.9,1010.2,105
15.7,23.1,45.6,1432.2,415.8,64.7,8.1,3.6,0.9,448.0,252.3,18.2,7.0,53.4,28.6,23.76,False,4095,0.0,1.8,0.0,EXT-OPEN-METEO-KHI,KARACHI,OPENSOURCE_API_GRID,860,,,,0.95,True,True,TIER2_OPENSOURCE_PURE;CONTINUOUS_MINUTE_STREAM;VERIFIED_MODEL_GRID,d907d01cc3885bf06021478fa5bcf455f15973102f998eb42762c931b50a767c,2026-09-20T14:19:00+00:00,2026-09-20 19:19:00,75.1,1010.2,105
15.7,23.1,45.5,1432.2,415.8,64.7,8.1,3.6,0.9,448.0,252.0,18.3,7.0,53.0,28.6,23.82,False,4095,0.0,1.8,0.0,EXT-OPEN-METEO-KHI,KARACHI,OPENSOURCE_API_GRID,861,,,,0.95,True,True,TIER2_OPENSOURCE_PURE;CONTINUOUS_MINUTE_STREAM;VERIFIED_MODEL_GRID,483acc63f3e8ada341bb5a1e644adf862d0b52c2ebf4ae704acb44a81db410f2,2026-09-20T14:20:00+00:00,2026-09-20 19:20:00,75.4,1010.2,105
15.7,23.1,45.5,1432.2,415.8,64.7,8.1,3.6,0.9,448.0,251.7,18.4,6.9,52.5,28.6,23.87,False,4095,0.0,1.7,0.0,EXT-OPEN-METEO-KHI,KARACHI,OPENSOURCE_API_GRID,862,,,,0.95,True,True,TIER2_OPENSOURCE_PURE;CONTINUOUS_MINUTE_STREAM;VERIFIED_MODEL_GRID,0e08562900ddba97dba3c2b0763736f384072c2fa8e2f3dcf9ac5f8d92bf48e9,2026-09-20T14:21:00+00:00,2026-09-20 19:21:00,75.6,1010.2,105
15.7,23.1,45.5,1432.2,415.8,64.7,8.1,3.6,0.9,448.0,251.4,18.4,6.9,52.1,28.5,23.83,False,4095,0.0,1.7,0.0,EXT-OPEN-METEO-KHI,KARACHI,OPENSOURCE_API_GRID,863,,,,0.95,True,True,TIER2_OPENSOURCE_PURE;CONTINUOUS_MINUTE_STREAM;VERIFIED_MODEL_GRID,f50e8daa7073d1aaf5256bb0c860d4ac03895658346248a8f1dd6b65a1671d5f,2026-09-20T14:22:00+00:00,2026-09-20 19:22:00,75.9,1010.2,105
15.7,23.1,45.4,1432.2,415.8,64.7,8.1,3.6,0.9,448.0,251.2,18.5,6.9,51.6,28.5,23.9,False,4095,0.0,1.7,0.0,EXT-OPEN-METEO-KHI,KARACHI,OPENSOURCE_API_GRID,864,,,,0.95,True,True,TIER2_OPENSOURCE_PURE;CONTINUOUS_MINUTE_STREAM;VERIFIED_MODEL_GRID,3864c942a7b233497ebb26c8c7f5981bb8bbb9d89725fa07dd65d43217f3069f,2026-09-20T14:23:00+00:00,2026-09-20 19:23:00,76.2,1010.2,105
15.7,23.1,45.4,1432.2,415.8,64.7,8.1,3.6,0.9,448.0,250.9,18.6,6.9,51.1,28.5,23.94,False,4095,0.0,1.7,0.0,EXT-OPEN-METEO-KHI,KARACHI,OPENSOURCE_API_GRID,865,,,,0.95,True,True,TIER2_OPENSOURCE_PURE;CONTINUOUS_MINUTE_STREAM;VERIFIED_MODEL_GRID,83bda800e3a80d18975a91616f6d39b67bdde8f73f8bf1aaa0d55323957f4156,2026-09-20T14:24:00+00:00,2026-09-20 19:24:00,76.4,1010.2,105
15.7,23.1,45.4,1432.2,415.8,64.7,8.1,3.6,0.9,448.0,250.6,18.6,6.8,50.6,28.5,24.01,False,4095,0.0,1.6,0.0,EXT-OPEN-METEO-KHI,KARACHI,OPENSOURCE_API_GRID,866,,,,0.95,True,True,TIER2_OPENSOURCE_PURE;CONTINUOUS_MINUTE_STREAM;VERIFIED_MODEL_GRID,da1da60c43281439103afaa101b295326892bfa752cb0f5dafeca7b39cb37bc3,2026-09-20T14:25:00+00:00,2026-09-20 19:25:00,76.7,1010.2,105
15.7,23.1,45.4,1432.2,415.8,64.7,8.1,3.6,0.9,448.0,250.2,18.7,6.8,50.1,28.5,24.07,False,4095,0.0,1.6,0.0,EXT-OPEN-METEO-KHI,KARACHI,OPENSOURCE_API_GRID,867,,,,0.95,True,True,TIER2_OPENSOURCE_PURE;CONTINUOUS_MINUTE_STREAM;VERIFIED_MODEL_GRID,f9a40930fc8352735070691b3a9b2604568a0ba01abf7b9053513f07b42afea4,2026-09-20T14:26:00+00:00,2026-09-20 19:26:00,77.0,1010.2,105
15.7,23.1,45.3,1432.2,415.8,64.7,8.1,3.6,0.9,448.0,249.9,18.8,6.8,49.6,28.5,24.14,False,4095,0.0,1.6,0.0,EXT-OPEN-METEO-KHI,KARACHI,OPENSOURCE_API_GRID,868,,,,0.95,True,True,TIER2_OPENSOURCE_PURE;CONTINUOUS_MINUTE_STREAM;VERIFIED_MODEL_GRID,0343ae132b793f62fe997e1884d83c209eb5694ea5c37157cbba51a602e86ab7,2026-09-20T14:27:00+00:00,2026-09-20 19:27:00,77.3,1010.2,105
15.6,23.0,45.1,1426.0,414.0,64.4,8.0,3.6,0.9,448.0,249.6,18.9,6.8,49.0,28.5,24.2,False,4095,0.0,1.6,0.0,EXT-OPEN-METEO-KHI,KARACHI,OPENSOURCE_API_GRID,869,,,,0.95,True,True,TIER2_OPENSOURCE_PURE;CONTINUOUS_MINUTE_STREAM;VERIFIED_MODEL_GRID,fcb8909d76141be42bd43a6687689997241cc02ca7d054dba75a755fa9a24d05,2026-09-20T14:28:00+00:00,2026-09-20 19:28:00,77.6,1010.2,105
15.6,23.0,45.1,1426.0,414.0,64.4,8.0,3.6,0.9,448.0,249.3,18.9,6.7,48.5,28.5,24.27,False,4095,0.0,1.5,0.0,EXT-OPEN-METEO-KHI,KARACHI,OPENSOURCE_API_GRID,870,,,,0.95,True,True,TIER2_OPENSOURCE_PURE;CONTINUOUS_MINUTE_STREAM;VERIFIED_MODEL_GRID,b1e5825f1c2ef2586541c977a761716913a4b4145d98f0111b7b3b361fa91785,2026-09-20T14:29:00+00:00,2026-09-20 19:29:00,77.9,1010.2,105
15.6,23.0,45.1,1426.0,414.0,64.4,8.0,3.6,0.9,448.0,249.0,19.0,6.7,48.0,28.5,24.31,False,4095,0.0,1.5,0.0,EXT-OPEN-METEO-KHI,KARACHI,OPENSOURCE_API_GRID,871,,,,0.95,True,True,TIER2_OPENSOURCE_PURE;CONTINUOUS_MINUTE_STREAM;VERIFIED_MODEL_GRID,ce38b6d9458c99bc4f2898f72bd5923caf2c1feec1f573bffcdb5ca9d4f5fd6f,2026-09-20T14:30:00+00:00,2026-09-20 19:30:00,78.1,1010.3,105
15.6,23.0,45.0,1426.0,414.0,64.4,8.0,3.6,0.9,448.0,248.7,19.1,6.7,47.5,28.5,24.37,False,4095,0.0,1.5,0.0,EXT-OPEN-METEO-KHI,KARACHI,OPENSOURCE_API_GRID,872,,,,0.95,True,True,TIER2_OPENSOURCE_PURE;CONTINUOUS_MINUTE_STREAM;VERIFIED_MODEL_GRID,06929a9dbe2099aafa4f08c710c29a8d54553ca420c3dd757b7d7108dbffd143,2026-09-20T14:31:00+00:00,2026-09-20 19:31:00,78.4,1010.3,105
15.6,23.0,45.0,1426.0,414.0,64.4,8.0,3.6,0.9,448.0,248.4,19.1,6.6,47.0,28.4,24.32,False,4095,0.0,1.4,0.0,EXT-OPEN-METEO-KHI,KARACHI,OPENSOURCE_API_GRID,873,,,,0.95,True,True,TIER2_OPENSOURCE_PURE;CONTINUOUS_MINUTE_STREAM;VERIFIED_MODEL_GRID,45cd33edfb54ed9b6ec71f8d99c74c49ce2b264c2b650f884303d68211d71ef1,2026-09-20T14:32:00+00:00,2026-09-20 19:32:00,78.6,1010.3,105
15.6,23.0,44.9,1426.0,414.0,64.4,8.0,3.6,0.9,448.0,248.1,19.2,6.6,46.4,28.4,24.38,False,4095,0.0,1.4,0.0,EXT-OPEN-METEO-KHI,KARACHI,OPENSOURCE_API_GRID,874,,,,0.95,True,True,TIER2_OPENSOURCE_PURE;CONTINUOUS_MINUTE_STREAM;VERIFIED_MODEL_GRID,dac30c9421c8c10447449c1bb92eeb905fc93f970d3d4afe6eabd41ee4c7e57c,2026-09-20T14:33:00+00:00,2026-09-20 19:33:00,78.9,1010.3,105
15.6,22.9,44.9,1419.8,412.2,64.1,8.0,3.6,0.9,448.0,247.8,19.3,6.6,45.9,28.4,24.43,False,4095,0.0,1.4,0.0,EXT-OPEN-METEO-KHI,KARACHI,OPENSOURCE_API_GRID,875,,,,0.95,True,True,TIER2_OPENSOURCE_PURE;CONTINUOUS_MINUTE_STREAM;VERIFIED_MODEL_GRID,070b861c28f6b9e2f421bbf81a3b6b3f1a413ea1e27d99864324be60ab1d0e52,2026-09-20T14:34:00+00:00,2026-09-20 19:34:00,79.1,1010.3,105
15.6,22.9,44.8,1419.8,412.2,64.1,8.0,3.6,0.9,448.0,247.4,19.4,6.6,45.4,28.4,24.49,False,4095,0.0,1.4,0.0,EXT-OPEN-METEO-KHI,KARACHI,OPENSOURCE_API_GRID,876,,,,0.95,True,True,TIER2_OPENSOURCE_PURE;CONTINUOUS_MINUTE_STREAM;VERIFIED_MODEL_GRID,421ca6a05094890259e64e329ec90c990bf97f4d5762cb961a06f22d390b6110,2026-09-20T14:35:00+00:00,2026-09-20 19:35:00,79.4,1010.3,105
15.5,22.8,44.7,1413.6,410.4,63.8,8.0,3.6,0.9,448.0,247.1,19.4,6.5,44.9,28.4,24.53,False,4095,0.0,1.3,0.0,EXT-OPEN-METEO-KHI,KARACHI,OPENSOURCE_API_GRID,877,,,,0.95,True,True,TIER2_OPENSOURCE_PURE;CONTINUOUS_MINUTE_STREAM;VERIFIED_MODEL_GRID,6184389af0246499b742c8d586bb243c21cd659861cc536d883ff3e44abb0f81,2026-09-20T14:36:00+00:00,2026-09-20 19:36:00,79.6,1010.3,105
15.5,22.8,44.6,1413.6,410.4,63.8,8.0,3.6,0.9,448.0,246.8,19.5,6.5,44.4,28.4,24.57,False,4095,0.0,1.3,0.0,EXT-OPEN-METEO-KHI,KARACHI,OPENSOURCE_API_GRID,878,,,,0.95,True,True,TIER2_OPENSOURCE_PURE;CONTINUOUS_MINUTE_STREAM;VERIFIED_MODEL_GRID,043849129267f925f26e0c692cd1d1baeb9c51765fb90717d43ee5464ef4e68e,2026-09-20T14:37:00+00:00,2026-09-20 19:37:00,79.8,1010.3,105
15.4,22.7,44.5,1407.4,408.6,63.6,7.9,3.6,0.9,448.0,246.6,19.6,6.5,43.9,28.4,24.62,False,4095,0.0,1.3,0.0,EXT-OPEN-METEO-KHI,KARACHI,OPENSOURCE_API_GRID,879,,,,0.95,True,True,TIER2_OPENSOURCE_PURE;CONTINUOUS_MINUTE_STREAM;VERIFIED_MODEL_GRID,d3efd63a480cefe0d6e02653f1416b19b5f045054244cd46261d60312f28a04b,2026-09-20T14:38:00+00:00,2026-09-20 19:38:00,80.0,1010.3,105
15.4,22.7,44.3,1407.4,408.6,63.6,7.9,3.5,0.9,448.0,246.3,19.6,6.5,43.5,28.3,24.56,False,4095,0.0,1.3,0.0,EXT-OPEN-METEO-KHI,KARACHI,OPENSOURCE_API_GRID,880,,,,0.95,True,True,TIER2_OPENSOURCE_PURE;CONTINUOUS_MINUTE_STREAM;VERIFIED_MODEL_GRID,860bef1877e0dd462de199f49da88216286817aa5a74f953c7928e767e41a1e3,2026-09-20T14:39:00+00:00,2026-09-20 19:39:00,80.2,1010.3,105
15.4,22.6,44.2,1401.2,406.8,63.3,7.9,3.5,0.9,448.0,246.0,19.7,6.5,43.0,28.3,24.6,False,4095,0.0,1.2,0.0,EXT-OPEN-METEO-KHI,KARACHI,OPENSOURCE_API_GRID,881,,,,0.95,True,True,TIER2_OPENSOURCE_PURE;CONTINUOUS_MINUTE_STREAM;VERIFIED_MODEL_GRID,893f4001c63008a367eae57b43a41679a505a412f891b21588c1ad851ab6f8da,2026-09-20T14:40:00+00:00,2026-09-20 19:40:00,80.4,1010.3,105
15.3,22.5,44.1,1395.0,405.0,63.0,7.9,3.5,0.9,448.0,245.7,19.8,6.4,42.6,28.3,24.64,False,4095,0.0,1.2,0.0,EXT-OPEN-METEO-KHI,KARACHI,OPENSOURCE_API_GRID,882,,,,0.95,True,True,TIER2_OPENSOURCE_PURE;CONTINUOUS_MINUTE_STREAM;VERIFIED_MODEL_GRID,2fcb3efed9a1cb69d30d09856900ba4d444371abf70895758fe68bb7b8a8b109,2026-09-20T14:41:00+00:00,2026-09-20 19:41:00,80.6,1010.4,105
15.2,22.4,43.9,1388.8,403.2,62.7,7.8,3.5,0.9,448.0,245.5,19.8,6.4,42.1,28.3,24.68,False,4095,0.0,1.2,0.0,EXT-OPEN-METEO-KHI,KARACHI,OPENSOURCE_API_GRID,883,,,,0.95,True,True,TIER2_OPENSOURCE_PURE;CONTINUOUS_MINUTE_STREAM;VERIFIED_MODEL_GRID,2fe84ed4d32427c2ca880cc956cabb76b5a1228c9d8570a8851a5e1f13494007,2026-09-20T14:42:00+00:00,2026-09-20 19:42:00,80.8,1010.4,105
15.2,22.4,43.8,1388.8,403.2,62.7,7.8,3.5,0.9,448.0,245.2,19.9,6.4,41.7,28.2,24.63,False,4095,0.0,1.2,0.0,EXT-OPEN-METEO-KHI,KARACHI,OPENSOURCE_API_GRID,884,,,,0.95,True,True,TIER2_OPENSOURCE_PURE;CONTINUOUS_MINUTE_STREAM;VERIFIED_MODEL_GRID,e1f4be555a3bb8fb62f9b778bd16658c1b4a14a3e47b53b3cfe927a137b7e1ef,2026-09-20T14:43:00+00:00,2026-09-20 19:43:00,81.0,1010.4,105
15.2,22.3,43.7,1382.6,401.4,62.4,7.8,3.5,0.9,448.0,245.0,19.9,6.4,41.3,28.2,24.67,False,4095,0.0,1.2,0.0,EXT-OPEN-METEO-KHI,KARACHI,OPENSOURCE_API_GRID,885,,,,0.95,True,True,TIER2_OPENSOURCE_PURE;CONTINUOUS_MINUTE_STREAM;VERIFIED_MODEL_GRID,7d003b7b00ebedb0ffa81e49fa3c8be6218c757b086d195a7b00205e01a775da,2026-09-20T14:44:00+00:00,2026-09-20 19:44:00,81.2,1010.4,105
15.1,22.2,43.5,1376.4,399.6,62.2,7.8,3.5,0.9,448.0,244.8,20.0,6.3,40.9,28.2,24.71,False,4095,0.0,1.1,0.0,EXT-OPEN-METEO-KHI,KARACHI,OPENSOURCE_API_GRID,886,,,,0.95,True,True,TIER2_OPENSOURCE_PURE;CONTINUOUS_MINUTE_STREAM;VERIFIED_MODEL_GRID,3e7a6d1c481554e8db06e8212de11d78e83ddc4ca0fac02a899c3e1daa0e6471,2026-09-20T14:45:00+00:00,2026-09-20 19:45:00,81.4,1010.4,105
15.1,22.2,43.4,1376.4,399.6,62.2,7.8,3.5,0.9,448.0,244.5,20.0,6.3,40.6,28.2,24.75,False,4095,0.0,1.1,0.0,EXT-OPEN-METEO-KHI,KARACHI,OPENSOURCE_API_GRID,887,,,,0.95,True,True,TIER2_OPENSOURCE_PURE;CONTINUOUS_MINUTE_STREAM;VERIFIED_MODEL_GRID,f32471ed5fa0323880de50d9dbc59f7c5e79985ceafd573f05caa167d900ce41,2026-09-20T14:46:00+00:00,2026-09-20 19:46:00,81.6,1010.4,105
15.0,22.1,43.3,1370.2,397.8,61.9,7.7,3.5,0.9,448.0,244.3,20.1,6.3,40.2,28.1,24.68,False,4095,0.0,1.1,0.0,EXT-OPEN-METEO-KHI,KARACHI,OPENSOURCE_API_GRID,888,,,,0.95,True,True,TIER2_OPENSOURCE_PURE;CONTINUOUS_MINUTE_STREAM;VERIFIED_MODEL_GRID,0bf74474704fdabbed0d8153060c119b2133b914093e0c4d46b371c77ccb8524,2026-09-20T14:47:00+00:00,2026-09-20 19:47:00,81.7,1010.4,105
15.0,22.1,43.2,1370.2,397.8,61.9,7.7,3.5,0.9,448.0,244.1,20.1,6.3,39.9,28.1,24.72,False,4095,0.0,1.1,0.0,EXT-OPEN-METEO-KHI,KARACHI,OPENSOURCE_API_GRID,889,,,,0.95,True,True,TIER2_OPENSOURCE_PURE;CONTINUOUS_MINUTE_STREAM;VERIFIED_MODEL_GRID,493ba7d76d177ba8418141412dac16c561b5aa424325860536953032c8d7b024,2026-09-20T14:48:00+00:00,2026-09-20 19:48:00,81.9,1010.4,105
15.0,22.0,43.2,1364.0,396.0,61.6,7.7,3.5,0.9,448.0,244.0,20.2,6.3,39.6,28.1,24.76,False,4095,0.0,1.1,0.0,EXT-OPEN-METEO-KHI,KARACHI,OPENSOURCE_API_GRID,890,,,,0.95,True,True,TIER2_OPENSOURCE_PURE;CONTINUOUS_MINUTE_STREAM;VERIFIED_MODEL_GRID,35a0ece2e355a3283d19259b120d86d59ac3972d1568bd39846615c6b1176977,2026-09-20T14:49:00+00:00,2026-09-20 19:49:00,82.1,1010.4,105
15.0,22.0,43.1,1364.0,396.0,61.6,7.7,3.4,0.9,448.0,243.8,20.2,6.3,39.3,28.1,24.78,False,4095,0.0,1.1,0.0,EXT-OPEN-METEO-KHI,KARACHI,OPENSOURCE_API_GRID,891,,,,0.95,True,True,TIER2_OPENSOURCE_PURE;CONTINUOUS_MINUTE_STREAM;VERIFIED_MODEL_GRID,b848af8d111fe8a9d83fcb339557bdff79c85e61e47a1613ad3d38a4f7089e5f,2026-09-20T14:50:00+00:00,2026-09-20 19:50:00,82.2,1010.4,105
15.0,22.0,43.1,1364.0,396.0,61.6,7.7,3.4,0.9,448.0,243.7,20.2,6.3,39.1,28.1,24.8,False,4095,0.0,1.1,0.0,EXT-OPEN-METEO-KHI,KARACHI,OPENSOURCE_API_GRID,892,,,,0.95,True,True,TIER2_OPENSOURCE_PURE;CONTINUOUS_MINUTE_STREAM;VERIFIED_MODEL_GRID,d74e75e0fe6661e38de9cd664956948b7ebd5266f4c5954030fb5632dff98c91,2026-09-20T14:51:00+00:00,2026-09-20 19:51:00,82.3,1010.4,105
15.0,22.0,43.1,1364.0,396.0,61.6,7.7,3.4,0.9,448.0,243.5,20.3,6.2,38.9,28.1,24.84,False,4095,0.0,1.0,0.0,EXT-OPEN-METEO-KHI,KARACHI,OPENSOURCE_API_GRID,893,,,,0.95,True,True,TIER2_OPENSOURCE_PURE;CONTINUOUS_MINUTE_STREAM;VERIFIED_MODEL_GRID,c8530dbaf80950417eebf22cf4baa84f91d4a2ec4b2ed61aad2d6141b81ff3b6,2026-09-20T14:52:00+00:00,2026-09-20 19:52:00,82.5,1010.4,105
15.0,22.0,43.1,1364.0,396.0,61.6,7.7,3.4,0.9,448.0,243.4,20.3,6.2,38.7,28.1,24.86,False,4095,0.0,1.0,0.0,EXT-OPEN-METEO-KHI,KARACHI,OPENSOURCE_API_GRID,894,,,,0.95,True,True,TIER2_OPENSOURCE_PURE;CONTINUOUS_MINUTE_STREAM;VERIFIED_MODEL_GRID,9738e0e0fbf5466749fb443098d0a8edc3baeb728e0e1d3e8abd3e73cfe00e45,2026-09-20T14:53:00+00:00,2026-09-20 19:53:00,82.6,1010.4,105
15.0,22.0,43.1,1364.0,396.0,61.6,7.7,3.4,0.9,448.0,243.3,20.3,6.2,38.5,28.1,24.88,False,4095,0.0,1.0,0.0,EXT-OPEN-METEO-KHI,KARACHI,OPENSOURCE_API_GRID,895,,,,0.95,True,True,TIER2_OPENSOURCE_PURE;CONTINUOUS_MINUTE_STREAM;VERIFIED_MODEL_GRID,d1ed5b29bdea2f903214822b354c2dd8f21f21fe50c591ea7837270bea30785b,2026-09-20T14:54:00+00:00,2026-09-20 19:54:00,82.7,1010.4,105
15.0,22.1,43.2,1370.2,397.8,61.9,7.7,3.5,0.9,448.0,243.2,20.4,6.2,38.3,28.1,24.9,False,4095,0.0,1.0,0.0,EXT-OPEN-METEO-KHI,KARACHI,OPENSOURCE_API_GRID,896,,,,0.95,True,True,TIER2_OPENSOURCE_PURE;CONTINUOUS_MINUTE_STREAM;VERIFIED_MODEL_GRID,58b004c575ad8696518aa93e9c157900d8fd337086fb8c3d170543ef51f25c1d,2026-09-20T14:55:00+00:00,2026-09-20 19:55:00,82.8,1010.4,105
15.0,22.1,43.2,1370.2,397.8,61.9,7.7,3.5,0.9,448.0,243.1,20.4,6.2,38.2,28.1,24.92,False,4095,0.0,1.0,0.0,EXT-OPEN-METEO-KHI,KARACHI,OPENSOURCE_API_GRID,897,,,,0.95,True,True,TIER2_OPENSOURCE_PURE;CONTINUOUS_MINUTE_STREAM;VERIFIED_MODEL_GRID,d10bd938f2a64b42b5fe02a291fbfdef882029dc0bdf6b11001e9c37a6d2e229,2026-09-20T14:56:00+00:00,2026-09-20 19:56:00,82.9,1010.4,105
15.0,22.1,43.3,1370.2,397.8,61.9,7.7,3.5,0.9,448.0,243.1,20.4,6.2,38.1,28.1,24.94,False,4095,0.0,1.0,0.0,EXT-OPEN-METEO-KHI,KARACHI,OPENSOURCE_API_GRID,898,,,,0.95,True,True,TIER2_OPENSOURCE_PURE;CONTINUOUS_MINUTE_STREAM;VERIFIED_MODEL_GRID,ab54ce643bfdae79789663919d48b5c71075eb0d6eec110e96a7a681f994baa8,2026-09-20T14:57:00+00:00,2026-09-20 19:57:00,83.0,1010.4,105
15.1,22.2,43.3,1376.4,399.6,62.2,7.8,3.5,0.9,448.0,243.0,20.4,6.2,38.1,28.1,24.94,False,4095,0.0,1.0,0.0,EXT-OPEN-METEO-KHI,KARACHI,OPENSOURCE_API_GRID,899,,,,0.95,True,True,TIER2_OPENSOURCE_PURE;CONTINUOUS_MINUTE_STREAM;VERIFIED_MODEL_GRID,30ff22787660a339a0caa226025c70f4ee35dafc20a5361641750d60940b320c,2026-09-20T14:58:00+00:00,2026-09-20 19:58:00,83.0,1010.4,105
15.0,22.1,43.2,1370.2,397.8,61.9,7.7,3.5,0.9,448.0,243.0,20.4,6.2,38.0,28.1,24.96,False,4095,0.0,1.0,0.0,EXT-OPEN-METEO-KHI,KARACHI,OPENSOURCE_API_GRID,900,,,,0.95,True,True,TIER2_OPENSOURCE_PURE;CONTINUOUS_MINUTE_STREAM;VERIFIED_MODEL_GRID,5605541b507e08d640c829dacba192a2c449c69fcbf14abc0e464f8197effdb4,2026-09-20T14:59:00+00:00,2026-09-20 19:59:00,83.1,1010.4,105
15.0,22.1,43.3,1370.2,397.8,61.9,7.7,3.5,0.9,448.0,243.0,20.4,6.2,38.0,28.1,24.96,False,4095,0.0,1.0,0.0,EXT-OPEN-METEO-KHI,KARACHI,OPENSOURCE_API_GRID,901,,,,0.95,True,False,TIER2_OPENSOURCE_PURE;HOURLY_NODE;VERIFIED_MODEL_GRID,dc0a5a2d71b6100b1f057b4fc4fdc883acce0bbfecbb2bf4c36aed260c9ea1df,2026-09-20T15:00:00+00:00,2026-09-20 20:00:00,83.1,1010.4,88
15.1,22.2,43.3,1376.4,399.6,62.2,7.8,3.5,0.9,448.0,243.0,20.4,6.2,38.0,28.1,24.96,False,4095,0.0,1.0,0.0,EXT-OPEN-METEO-KHI,KARACHI,OPENSOURCE_API_GRID,902,,,,0.95,True,True,TIER2_OPENSOURCE_PURE;CONTINUOUS_MINUTE_STREAM;VERIFIED_MODEL_GRID,be8444f3a652d4fb6ceedaa2ffc48b7a2c47f49d80898ae50ff862b3ccf72116,2026-09-20T15:01:00+00:00,2026-09-20 20:01:00,83.1,1010.4,88
15.1,22.2,43.4,1376.4,399.6,62.2,7.8,3.5,0.9,448.0,243.0,20.4,6.2,38.0,28.1,24.96,False,4095,0.0,1.0,0.0,EXT-OPEN-METEO-KHI,KARACHI,OPENSOURCE_API_GRID,903,,,,0.95,True,True,TIER2_OPENSOURCE_PURE;CONTINUOUS_MINUTE_STREAM;VERIFIED_MODEL_GRID,2ee0384381071b7b121be9a3870a371ee1d8415c8faa7e3f434534ee4fb00c19,2026-09-20T15:02:00+00:00,2026-09-20 20:02:00,83.1,1010.4,88
15.1,22.2,43.4,1376.4,399.6,62.2,7.8,3.5,0.9,448.0,242.9,20.4,6.2,38.0,28.1,24.96,False,4095,0.0,1.1,0.0,EXT-OPEN-METEO-KHI,KARACHI,OPENSOURCE_API_GRID,904,,,,0.95,True,True,TIER2_OPENSOURCE_PURE;CONTINUOUS_MINUTE_STREAM;VERIFIED_MODEL_GRID,9f47d48c2e6bca572423aae1de698cc8311b291e1efa5336742334f2b036918b,2026-09-20T15:03:00+00:00,2026-09-20 20:03:00,83.1,1010.4,88
15.2,22.3,43.4,1382.6,401.4,62.4,7.8,3.5,0.9,448.0,242.9,20.4,6.2,37.9,28.1,24.96,False,4095,0.0,1.1,0.0,EXT-OPEN-METEO-KHI,KARACHI,OPENSOURCE_API_GRID,905,,,,0.95,True,True,TIER2_OPENSOURCE_PURE;CONTINUOUS_MINUTE_STREAM;VERIFIED_MODEL_GRID,5051afa8fed2f471998cde1582051194b66cf6c721a3dd73d4742167d63c37ac,2026-09-20T15:04:00+00:00,2026-09-20 20:04:00,83.1,1010.4,88
15.2,22.3,43.4,1382.6,401.4,62.4,7.8,3.5,0.9,448.0,242.8,20.4,6.2,37.9,28.1,24.96,False,4095,0.0,1.2,0.0,EXT-OPEN-METEO-KHI,KARACHI,OPENSOURCE_API_GRID,906,,,,0.95,True,True,TIER2_OPENSOURCE_PURE;CONTINUOUS_MINUTE_STREAM;VERIFIED_MODEL_GRID,076c0edc49fd2455b03c891b84ac9126ce29238824120c5074a3b22385b3c03f,2026-09-20T15:05:00+00:00,2026-09-20 20:05:00,83.1,1010.4,88
15.2,22.3,43.4,1382.6,401.4,62.4,7.8,3.5,0.9,448.0,242.8,20.4,6.2,37.8,28.1,24.96,False,4095,0.0,1.2,0.0,EXT-OPEN-METEO-KHI,KARACHI,OPENSOURCE_API_GRID,907,,,,0.95,True,True,TIER2_OPENSOURCE_PURE;CONTINUOUS_MINUTE_STREAM;VERIFIED_MODEL_GRID,8cbaaab3e703e77603ba6b7ffb996796a9b8bd8af7f3fbf51a01248c6ecd1371,2026-09-20T15:06:00+00:00,2026-09-20 20:06:00,83.1,1010.4,88
15.1,22.2,43.4,1376.4,399.6,62.2,7.8,3.5,0.9,448.0,242.7,20.4,6.2,37.8,28.1,24.96,False,4095,0.0,1.3,0.0,EXT-OPEN-METEO-KHI,KARACHI,OPENSOURCE_API_GRID,908,,,,0.95,True,True,TIER2_OPENSOURCE_PURE;CONTINUOUS_MINUTE_STREAM;VERIFIED_MODEL_GRID,4e31276ab7f09d87ed505aac3e1102ff2537427ac157c2f68513e86f9ee74626,2026-09-20T15:07:00+00:00,2026-09-20 20:07:00,83.1,1010.4,88
15.1,22.2,43.3,1376.4,399.6,62.2,7.8,3.5,0.9,448.0,242.6,20.4,6.2,37.7,28.1,24.96,False,4095,0.0,1.4,0.0,EXT-OPEN-METEO-KHI,KARACHI,OPENSOURCE_API_GRID,909,,,,0.95,True,True,TIER2_OPENSOURCE_PURE;CONTINUOUS_MINUTE_STREAM;VERIFIED_MODEL_GRID,1f907e306484a155efaad599127a0cbb2f09beaa9e0ce46905eb1dae48bfa497,2026-09-20T15:08:00+00:00,2026-09-20 20:08:00,83.1,1010.5,88
15.1,22.2,43.3,1376.4,399.6,62.2,7.8,3.5,0.9,448.0,242.5,20.4,6.2,37.6,28.1,24.96,False,4095,0.0,1.5,0.0,EXT-OPEN-METEO-KHI,KARACHI,OPENSOURCE_API_GRID,910,,,,0.95,True,True,TIER2_OPENSOURCE_PURE;CONTINUOUS_MINUTE_STREAM;VERIFIED_MODEL_GRID,e3e3736b084910de0274fd50608705db28f219bce7a177a80a446e4f16156bdb,2026-09-20T15:09:00+00:00,2026-09-20 20:09:00,83.1,1010.5,88
15.0,22.1,43.2,1370.2,397.8,61.9,7.7,3.5,0.9,448.0,242.3,20.4,6.2,37.5,28.1,24.96,False,4095,0.0,1.6,0.0,EXT-OPEN-METEO-KHI,KARACHI,OPENSOURCE_API_GRID,911,,,,0.95,True,True,TIER2_OPENSOURCE_PURE;CONTINUOUS_MINUTE_STREAM;VERIFIED_MODEL_GRID,a0aceee3af36546fb4b6f623e4816f73537bca1427d6e97ea21eb0399f49635f,2026-09-20T15:10:00+00:00,2026-09-20 20:10:00,83.1,1010.5,88
15.0,22.1,43.1,1370.2,397.8,61.9,7.7,3.4,0.9,448.0,242.2,20.4,6.2,37.4,28.1,24.96,False,4095,0.0,1.7,0.0,EXT-OPEN-METEO-KHI,KARACHI,OPENSOURCE_API_GRID,912,,,,0.95,True,True,TIER2_OPENSOURCE_PURE;CONTINUOUS_MINUTE_STREAM;VERIFIED_MODEL_GRID,d3233243710402641d497bb8f34a3f66f7ff95258ded243e74652599577660ad,2026-09-20T15:11:00+00:00,2026-09-20 20:11:00,83.1,1010.5,88
15.0,22.0,43.0,1364.0,396.0,61.6,7.7,3.4,0.9,448.0,242.0,20.4,6.2,37.3,28.1,24.96,False,4095,0.0,1.9,0.0,EXT-OPEN-METEO-KHI,KARACHI,OPENSOURCE_API_GRID,913,,,,0.95,True,True,TIER2_OPENSOURCE_PURE;CONTINUOUS_MINUTE_STREAM;VERIFIED_MODEL_GRID,d5e76c7c2485206da932a3d36b32e48e483bdd9d96f933c388b8fe4d458772ee,2026-09-20T15:12:00+00:00,2026-09-20 20:12:00,83.1,1010.5,88
14.9,21.9,42.8,1357.8,394.2,61.3,7.7,3.4,0.9,448.0,241.9,20.4,6.2,37.2,28.1,24.96,False,4095,0.0,2.0,0.0,EXT-OPEN-METEO-KHI,KARACHI,OPENSOURCE_API_GRID,914,,,,0.95,True,True,TIER2_OPENSOURCE_PURE;CONTINUOUS_MINUTE_STREAM;VERIFIED_MODEL_GRID,02478236497dd97b55954eb6d7ecc3c5056838e4828f7cb6d8641a60d98897cb,2026-09-20T15:13:00+00:00,2026-09-20 20:13:00,83.1,1010.5,88
14.8,21.8,42.7,1351.6,392.4,61.0,7.6,3.4,0.9,448.0,241.7,20.4,6.2,37.1,28.1,24.96,False,4095,0.0,2.2,0.0,EXT-OPEN-METEO-KHI,KARACHI,OPENSOURCE_API_GRID,915,,,,0.95,True,True,TIER2_OPENSOURCE_PURE;CONTINUOUS_MINUTE_STREAM;VERIFIED_MODEL_GRID,635128b16f725e6644719aba6d38a336751bc81ebfcb65d152b27bad7c7ff8e0,2026-09-20T15:14:00+00:00,2026-09-20 20:14:00,83.1,1010.5,88
14.8,21.8,42.6,1351.6,392.4,61.0,7.6,3.4,0.9,448.0,241.5,20.4,6.2,37.0,28.1,24.98,False,4095,0.0,2.3,0.0,EXT-OPEN-METEO-KHI,KARACHI,OPENSOURCE_API_GRID,916,,,,0.95,True,True,TIER2_OPENSOURCE_PURE;CONTINUOUS_MINUTE_STREAM;VERIFIED_MODEL_GRID,da424736eb49d1dd02c8b6da455c04b09c274da3cf0762f41b4328441b09e0c7,2026-09-20T15:15:00+00:00,2026-09-20 20:15:00,83.2,1010.5,88
14.8,21.7,42.5,1345.4,390.6,60.8,7.6,3.4,0.8,448.0,241.3,20.4,6.2,36.8,28.1,24.98,False,4095,0.0,2.5,0.0,EXT-OPEN-METEO-KHI,KARACHI,OPENSOURCE_API_GRID,917,,,,0.95,True,True,TIER2_OPENSOURCE_PURE;CONTINUOUS_MINUTE_STREAM;VERIFIED_MODEL_GRID,580166f049e7becf76eb24eae1a8383f905af65a87ebd5739d295f0fc6d298df,2026-09-20T15:16:00+00:00,2026-09-20 20:16:00,83.2,1010.5,88
14.7,21.6,42.4,1339.2,388.8,60.5,7.6,3.4,0.8,448.0,241.1,20.4,6.2,36.7,28.0,24.88,False,4095,0.0,2.7,0.0,EXT-OPEN-METEO-KHI,KARACHI,OPENSOURCE_API_GRID,918,,,,0.95,True,True,TIER2_OPENSOURCE_PURE;CONTINUOUS_MINUTE_STREAM;VERIFIED_MODEL_GRID,b3b4527b60f48e09bd257c20886cd38a5027bfaf3edde315d2b2cc271ea92e46,2026-09-20T15:17:00+00:00,2026-09-20 20:17:00,83.2,1010.6,88
14.7,21.6,42.3,1339.2,388.8,60.5,7.6,3.4,0.8,448.0,240.9,20.4,6.2,36.6,28.0,24.9,False,4095,0.0,2.9,0.0,EXT-OPEN-METEO-KHI,KARACHI,OPENSOURCE_API_GRID,919,,,,0.95,True,True,TIER2_OPENSOURCE_PURE;CONTINUOUS_MINUTE_STREAM;VERIFIED_MODEL_GRID,d39f617251d9efd854815f470f872d4e0655de1b6b2edb1acb2018b3dc523037,2026-09-20T15:18:00+00:00,2026-09-20 20:18:00,83.3,1010.6,88
14.6,21.5,42.2,1333.0,387.0,60.2,7.5,3.4,0.8,448.0,240.7,20.4,6.2,36.4,28.0,24.9,False,4095,0.0,3.0,0.0,EXT-OPEN-METEO-KHI,KARACHI,OPENSOURCE_API_GRID,920,,,,0.95,True,True,TIER2_OPENSOURCE_PURE;CONTINUOUS_MINUTE_STREAM;VERIFIED_MODEL_GRID,339664751f590f763cd916466a2d7453f0f6ef3a105db7c424e213cd58c42933,2026-09-20T15:19:00+00:00,2026-09-20 20:19:00,83.3,1010.6,88
14.6,21.5,42.1,1333.0,387.0,60.2,7.5,3.4,0.8,448.0,240.5,20.4,6.2,36.2,28.0,24.92,False,4095,0.0,3.2,0.0,EXT-OPEN-METEO-KHI,KARACHI,OPENSOURCE_API_GRID,921,,,,0.95,True,True,TIER2_OPENSOURCE_PURE;CONTINUOUS_MINUTE_STREAM;VERIFIED_MODEL_GRID,32c7a6d56a85bcf153f63f0fdd7c23a189fec0297d3c4102b5df505183a004ca,2026-09-20T15:20:00+00:00,2026-09-20 20:20:00,83.4,1010.6,88
14.6,21.4,42.0,1326.8,385.2,59.9,7.5,3.4,0.8,448.0,240.3,20.4,6.1,36.1,28.0,24.92,False,4095,0.0,3.5,0.0,EXT-OPEN-METEO-KHI,KARACHI,OPENSOURCE_API_GRID,922,,,,0.95,True,True,TIER2_OPENSOURCE_PURE;CONTINUOUS_MINUTE_STREAM;VERIFIED_MODEL_GRID,d0bdbf5b2737a2fde762b9b6454e640292e41120ecd3aa39393f8160e33adecd,2026-09-20T15:21:00+00:00,2026-09-20 20:21:00,83.4,1010.6,88
14.6,21.4,41.9,1326.8,385.2,59.9,7.5,3.4,0.8,448.0,240.0,20.4,6.1,35.9,28.0,24.94,False,4095,0.0,3.7,0.0,EXT-OPEN-METEO-KHI,KARACHI,OPENSOURCE_API_GRID,923,,,,0.95,True,True,TIER2_OPENSOURCE_PURE;CONTINUOUS_MINUTE_STREAM;VERIFIED_MODEL_GRID,cbfe1925644f529617a9011e2958f70834d32276e51080bfaff63dbc19db3a49,2026-09-20T15:22:00+00:00,2026-09-20 20:22:00,83.5,1010.6,88
14.6,21.4,41.9,1326.8,385.2,59.9,7.5,3.4,0.8,448.0,239.8,20.4,6.1,35.8,28.0,24.94,False,4095,0.0,3.9,0.0,EXT-OPEN-METEO-KHI,KARACHI,OPENSOURCE_API_GRID,924,,,,0.95,True,True,TIER2_OPENSOURCE_PURE;CONTINUOUS_MINUTE_STREAM;VERIFIED_MODEL_GRID,1ef386ae67b5364e6ec94baa4b4fa2e0ffb9331f9cf79c65dd490a8b6a0d4ef2,2026-09-20T15:23:00+00:00,2026-09-20 20:23:00,83.5,1010.7,88
14.6,21.4,41.9,1326.8,385.2,59.9,7.5,3.4,0.8,448.0,239.5,20.4,6.1,35.6,28.0,24.96,False,4095,0.0,4.1,0.0,EXT-OPEN-METEO-KHI,KARACHI,OPENSOURCE_API_GRID,925,,,,0.95,True,True,TIER2_OPENSOURCE_PURE;CONTINUOUS_MINUTE_STREAM;VERIFIED_MODEL_GRID,65ee001d9afbed93e56f8f3840646bf4df0a435ab7b01fb91f30307d9724da85,2026-09-20T15:24:00+00:00,2026-09-20 20:24:00,83.6,1010.7,88
14.6,21.4,41.8,1326.8,385.2,59.9,7.5,3.3,0.8,448.0,239.3,20.4,6.1,35.4,28.0,24.98,False,4095,0.0,4.3,0.0,EXT-OPEN-METEO-KHI,KARACHI,OPENSOURCE_API_GRID,926,,,,0.95,True,True,TIER2_OPENSOURCE_PURE;CONTINUOUS_MINUTE_STREAM;VERIFIED_MODEL_GRID,64d958c235352403bd5a2e87743d716ba70e801ca0f073a05e51180dd25af5a7,2026-09-20T15:25:00+00:00,2026-09-20 20:25:00,83.7,1010.7,88
14.6,21.4,41.8,1326.8,385.2,59.9,7.5,3.3,0.8,448.0,239.0,20.4,6.1,35.2,28.0,25.0,False,4095,0.0,4.6,0.0,EXT-OPEN-METEO-KHI,KARACHI,OPENSOURCE_API_GRID,927,,,,0.95,True,True,TIER2_OPENSOURCE_PURE;CONTINUOUS_MINUTE_STREAM;VERIFIED_MODEL_GRID,07b64fd49281626a994c038c24490825facf6e783aec0851c1c2d8a7c979efde,2026-09-20T15:26:00+00:00,2026-09-20 20:26:00,83.8,1010.7,88
14.6,21.4,41.8,1326.8,385.2,59.9,7.5,3.3,0.8,448.0,238.8,20.4,6.1,35.0,28.0,25.0,False,4095,0.0,4.8,0.0,EXT-OPEN-METEO-KHI,KARACHI,OPENSOURCE_API_GRID,928,,,,0.95,True,True,TIER2_OPENSOURCE_PURE;CONTINUOUS_MINUTE_STREAM;VERIFIED_MODEL_GRID,b50c0e736db61da4b6d3f479eabd5d84ae45d76eb2d960bee20ddfc3699a6017,2026-09-20T15:27:00+00:00,2026-09-20 20:27:00,83.8,1010.7,88
14.6,21.4,41.8,1326.8,385.2,59.9,7.5,3.3,0.8,448.0,238.5,20.4,6.1,34.9,28.0,25.02,False,4095,0.0,5.0,0.0,EXT-OPEN-METEO-KHI,KARACHI,OPENSOURCE_API_GRID,929,,,,0.95,True,True,TIER2_OPENSOURCE_PURE;CONTINUOUS_MINUTE_STREAM;VERIFIED_MODEL_GRID,49f27785bdd2bb8b688f3ede8ce6bba7cf6d4d9a1f821b792402c124efa0b175,2026-09-20T15:28:00+00:00,2026-09-20 20:28:00,83.9,1010.7,88
14.6,21.4,41.7,1326.8,385.2,59.9,7.5,3.3,0.8,448.0,238.3,20.4,6.1,34.7,28.0,25.04,False,4095,0.0,5.3,0.0,EXT-OPEN-METEO-KHI,KARACHI,OPENSOURCE_API_GRID,930,,,,0.95,True,True,TIER2_OPENSOURCE_PURE;CONTINUOUS_MINUTE_STREAM;VERIFIED_MODEL_GRID,3a8bfefd722df036e93c6d9d30df7bd61a7b85c8db0e4c10c47538a538e09730,2026-09-20T15:29:00+00:00,2026-09-20 20:29:00,84.0,1010.8,88
14.4,21.2,41.5,1314.4,381.6,59.4,7.4,3.3,0.8,448.0,238.0,20.4,6.1,34.5,28.0,25.08,False,4095,0.0,5.5,0.0,EXT-OPEN-METEO-KHI,KARACHI,OPENSOURCE_API_GRID,931,,,,0.95,True,True,TIER2_OPENSOURCE_PURE;CONTINUOUS_MINUTE_STREAM;VERIFIED_MODEL_GRID,ec99bb5f8a2ff6c03b61ee7332116ef6343de62fa0b1f64711883c06bd97e212,2026-09-20T15:30:00+00:00,2026-09-20 20:30:00,84.2,1010.8,88
14.4,21.2,41.5,1314.4,381.6,59.4,7.4,3.3,0.8,448.0,237.7,20.5,6.1,34.3,28.0,25.08,False,4095,0.0,5.7,0.0,EXT-OPEN-METEO-KHI,KARACHI,OPENSOURCE_API_GRID,932,,,,0.95,True,True,TIER2_OPENSOURCE_PURE;CONTINUOUS_MINUTE_STREAM;VERIFIED_MODEL_GRID,8371ab13f605dbdc2e9080776c38f3956221222c48efbfb616dc904c365aebe6,2026-09-20T15:31:00+00:00,2026-09-20 20:31:00,84.2,1010.8,88
14.4,21.2,41.5,1314.4,381.6,59.4,7.4,3.3,0.8,448.0,237.5,20.5,6.1,34.1,28.0,25.08,False,4095,0.0,6.0,0.0,EXT-OPEN-METEO-KHI,KARACHI,OPENSOURCE_API_GRID,933,,,,0.95,True,True,TIER2_OPENSOURCE_PURE;CONTINUOUS_MINUTE_STREAM;VERIFIED_MODEL_GRID,ae8f55ef78db840c0394a594192767a72bedbcbf5f010936570ad96e5ce595ba,2026-09-20T15:32:00+00:00,2026-09-20 20:32:00,84.2,1010.8,88
14.4,21.2,41.5,1314.4,381.6,59.4,7.4,3.3,0.8,448.0,237.2,20.5,6.1,34.0,28.0,25.1,False,4095,0.0,6.2,0.0,EXT-OPEN-METEO-KHI,KARACHI,OPENSOURCE_API_GRID,934,,,,0.95,True,True,TIER2_OPENSOURCE_PURE;CONTINUOUS_MINUTE_STREAM;VERIFIED_MODEL_GRID,721deacdfc552cb4405773b429445fd894f6ce64dd04802694b570b21f7f868c,2026-09-20T15:33:00+00:00,2026-09-20 20:33:00,84.3,1010.9,88
14.4,21.2,41.4,1314.4,381.6,59.4,7.4,3.3,0.8,448.0,237.0,20.5,6.1,33.8,28.0,25.1,False,4095,0.0,6.4,0.0,EXT-OPEN-METEO-KHI,KARACHI,OPENSOURCE_API_GRID,935,,,,0.95,True,True,TIER2_OPENSOURCE_PURE;CONTINUOUS_MINUTE_STREAM;VERIFIED_MODEL_GRID,57b163f0f3b677c576425dc24a5ec18ee4d8ae474d2113dd0880608222dd3c60,2026-09-20T15:34:00+00:00,2026-09-20 20:34:00,84.3,1010.9,88
14.4,21.2,41.4,1314.4,381.6,59.4,7.4,3.3,0.8,448.0,236.7,20.5,6.1,33.6,28.0,25.12,False,4095,0.0,6.7,0.0,EXT-OPEN-METEO-KHI,KARACHI,OPENSOURCE_API_GRID,936,,,,0.95,True,True,TIER2_OPENSOURCE_PURE;CONTINUOUS_MINUTE_STREAM;VERIFIED_MODEL_GRID,1004c081403e480392b9bbf92cc53dcae8d2f45db968ea8e404e119814b0d8c7,2026-09-20T15:35:00+00:00,2026-09-20 20:35:00,84.4,1010.9,88
14.4,21.2,41.3,1314.4,381.6,59.4,7.4,3.3,0.8,448.0,236.5,20.5,6.1,33.4,28.0,25.12,False,4095,0.0,6.9,0.0,EXT-OPEN-METEO-KHI,KARACHI,OPENSOURCE_API_GRID,937,,,,0.95,True,True,TIER2_OPENSOURCE_PURE;CONTINUOUS_MINUTE_STREAM;VERIFIED_MODEL_GRID,5ee451a4ae99d86529ada569cb03a0c790600a2f1479ea628df2580aa1803fc5,2026-09-20T15:36:00+00:00,2026-09-20 20:36:00,84.4,1010.9,88
14.3,21.1,41.3,1308.2,379.8,59.1,7.4,3.3,0.8,448.0,236.2,20.5,6.1,33.2,28.0,25.12,False,4095,0.0,7.1,0.0,EXT-OPEN-METEO-KHI,KARACHI,OPENSOURCE_API_GRID,938,,,,0.95,True,True,TIER2_OPENSOURCE_PURE;CONTINUOUS_MINUTE_STREAM;VERIFIED_MODEL_GRID,387624097852405d5294dfaf54092d5ea063feb60aec2a2bd2093bf7f4bbddf9,2026-09-20T15:37:00+00:00,2026-09-20 20:37:00,84.4,1011.0,88
14.3,21.1,41.2,1308.2,379.8,59.1,7.4,3.3,0.8,448.0,236.0,20.5,6.1,33.1,28.0,25.12,False,4095,0.0,7.3,0.0,EXT-OPEN-METEO-KHI,KARACHI,OPENSOURCE_API_GRID,939,,,,0.95,True,True,TIER2_OPENSOURCE_PURE;CONTINUOUS_MINUTE_STREAM;VERIFIED_MODEL_GRID,68f7a267318beee820789a22b3b56365c19c62f2007fe75c24ce1ab4558fef0b,2026-09-20T15:38:00+00:00,2026-09-20 20:38:00,84.4,1011.0,88
14.3,21.0,41.1,1302.0,378.0,58.8,7.3,3.3,0.8,448.0,235.7,20.5,6.1,32.9,28.0,25.14,False,4095,0.0,7.5,0.0,EXT-OPEN-METEO-KHI,KARACHI,OPENSOURCE_API_GRID,940,,,,0.95,True,True,TIER2_OPENSOURCE_PURE;CONTINUOUS_MINUTE_STREAM;VERIFIED_MODEL_GRID,8a08c6a8677c11352f2e87367a483b93f37992e1df3ee86f2999955a13ab89db,2026-09-20T15:39:00+00:00,2026-09-20 20:39:00,84.5,1011.0,88
14.3,21.0,41.0,1302.0,378.0,58.8,7.3,3.3,0.8,448.0,235.5,20.5,6.0,32.8,28.0,25.14,False,4095,0.0,7.7,0.0,EXT-OPEN-METEO-KHI,KARACHI,OPENSOURCE_API_GRID,941,,,,0.95,True,True,TIER2_OPENSOURCE_PURE;CONTINUOUS_MINUTE_STREAM;VERIFIED_MODEL_GRID,8ac3c3ea68b5cb1855fefb74a5f025cb6ed20390423ddb2a10fb70e35233fff9,2026-09-20T15:40:00+00:00,2026-09-20 20:40:00,84.5,1011.0,88
14.2,20.9,40.8,1295.8,376.2,58.5,7.3,3.3,0.8,448.0,235.3,20.5,6.0,32.6,28.0,25.14,False,4095,0.0,8.0,0.0,EXT-OPEN-METEO-KHI,KARACHI,OPENSOURCE_API_GRID,942,,,,0.95,True,True,TIER2_OPENSOURCE_PURE;CONTINUOUS_MINUTE_STREAM;VERIFIED_MODEL_GRID,61aa7e9d3e9587fc5379fe3298efd18dda700cdbc3e9ada7b74c032f50dac95c,2026-09-20T15:41:00+00:00,2026-09-20 20:41:00,84.5,1011.0,88
14.1,20.8,40.7,1289.6,374.4,58.2,7.3,3.3,0.8,448.0,235.1,20.5,6.0,32.4,28.0,25.14,False,4095,0.0,8.1,0.0,EXT-OPEN-METEO-KHI,KARACHI,OPENSOURCE_API_GRID,943,,,,0.95,True,True,TIER2_OPENSOURCE_PURE;CONTINUOUS_MINUTE_STREAM;VERIFIED_MODEL_GRID,7a03a7d7d4746605bd98b59761a2f919cac87d92da657b2de0b865bf552f70df,2026-09-20T15:42:00+00:00,2026-09-20 20:42:00,84.5,1011.1,88
14.1,20.8,40.6,1289.6,374.4,58.2,7.3,3.2,0.8,448.0,234.9,20.5,6.0,32.3,28.0,25.14,False,4095,0.0,8.3,0.0,EXT-OPEN-METEO-KHI,KARACHI,OPENSOURCE_API_GRID,944,,,,0.95,True,True,TIER2_OPENSOURCE_PURE;CONTINUOUS_MINUTE_STREAM;VERIFIED_MODEL_GRID,0b0a0126f7cfa190d925caff75ed4c6dcef2c2a80ff8b19f7f46f76b4a6eb481,2026-09-20T15:43:00+00:00,2026-09-20 20:43:00,84.5,1011.1,88
14.1,20.7,40.5,1283.4,372.6,58.0,7.2,3.2,0.8,448.0,234.7,20.5,6.0,32.2,27.9,25.06,False,4095,0.0,8.5,0.0,EXT-OPEN-METEO-KHI,KARACHI,OPENSOURCE_API_GRID,945,,,,0.95,True,True,TIER2_OPENSOURCE_PURE;CONTINUOUS_MINUTE_STREAM;VERIFIED_MODEL_GRID,b2315a93e3ff346d15a57f091047fe6ff3c897a687f5984a2699c03ad2620511,2026-09-20T15:44:00+00:00,2026-09-20 20:44:00,84.6,1011.1,88
14.0,20.6,40.3,1277.2,370.8,57.7,7.2,3.2,0.8,448.0,234.5,20.5,6.0,32.0,27.9,25.06,False,4095,0.0,8.7,0.0,EXT-OPEN-METEO-KHI,KARACHI,OPENSOURCE_API_GRID,946,,,,0.95,True,True,TIER2_OPENSOURCE_PURE;CONTINUOUS_MINUTE_STREAM;VERIFIED_MODEL_GRID,3a0971bf2e96bcf212a66968afa84de1909e35dd310c7d184c5097001fd5287a,2026-09-20T15:45:00+00:00,2026-09-20 20:45:00,84.6,1011.1,88
13.9,20.5,40.2,1271.0,369.0,57.4,7.2,3.2,0.8,448.0,234.3,20.5,6.0,31.9,27.9,25.06,False,4095,0.0,8.8,0.0,EXT-OPEN-METEO-KHI,KARACHI,OPENSOURCE_API_GRID,947,,,,0.95,True,True,TIER2_OPENSOURCE_PURE;CONTINUOUS_MINUTE_STREAM;VERIFIED_MODEL_GRID,cc5ecc0e7885fb726359d3e04e2cb675efd6f7365fce1cae41b848400614ef3a,2026-09-20T15:46:00+00:00,2026-09-20 20:46:00,84.6,1011.1,88
13.9,20.5,40.1,1271.0,369.0,57.4,7.2,3.2,0.8,448.0,234.1,20.5,6.0,31.8,27.9,25.06,False,4095,0.0,9.0,0.0,EXT-OPEN-METEO-KHI,KARACHI,OPENSOURCE_API_GRID,948,,,,0.95,True,True,TIER2_OPENSOURCE_PURE;CONTINUOUS_MINUTE_STREAM;VERIFIED_MODEL_GRID,cb79777ccf097c4a6c3bb9153781dd5a6ee392141e1b4ee1d0776525478c3577,2026-09-20T15:47:00+00:00,2026-09-20 20:47:00,84.6,1011.1,88
13.9,20.4,40.0,1264.8,367.2,57.1,7.1,3.2,0.8,448.0,234.0,20.5,6.0,31.7,27.9,25.08,False,4095,0.0,9.1,0.0,EXT-OPEN-METEO-KHI,KARACHI,OPENSOURCE_API_GRID,949,,,,0.95,True,True,TIER2_OPENSOURCE_PURE;CONTINUOUS_MINUTE_STREAM;VERIFIED_MODEL_GRID,aa1ae46995884b5e139a22580edb924576274f4f0a3bbc176e3014f38dfa99a8,2026-09-20T15:48:00+00:00,2026-09-20 20:48:00,84.7,1011.1,88
13.9,20.4,39.9,1264.8,367.2,57.1,7.1,3.2,0.8,448.0,233.8,20.5,6.0,31.6,27.9,25.08,False,4095,0.0,9.3,0.0,EXT-OPEN-METEO-KHI,KARACHI,OPENSOURCE_API_GRID,950,,,,0.95,True,True,TIER2_OPENSOURCE_PURE;CONTINUOUS_MINUTE_STREAM;VERIFIED_MODEL_GRID,dcaf6db5c5401309dec59834092054b64ec5db63a79fcb372660c5277556f345,2026-09-20T15:49:00+00:00,2026-09-20 20:49:00,84.7,1011.1,88
13.8,20.3,39.8,1258.6,365.4,56.8,7.1,3.2,0.8,448.0,233.7,20.5,6.0,31.5,27.9,25.08,False,4095,0.0,9.4,0.0,EXT-OPEN-METEO-KHI,KARACHI,OPENSOURCE_API_GRID,951,,,,0.95,True,True,TIER2_OPENSOURCE_PURE;CONTINUOUS_MINUTE_STREAM;VERIFIED_MODEL_GRID,ee85217617b8595431e5f2006da0cc84585da1e27b7439ffa85c42c3abbd9307,2026-09-20T15:50:00+00:00,2026-09-20 20:50:00,84.7,1011.2,88
13.8,20.3,39.8,1258.6,365.4,56.8,7.1,3.2,0.8,448.0,233.5,20.5,6.0,31.4,27.9,25.1,False,4095,0.0,9.5,0.0,EXT-OPEN-METEO-KHI,KARACHI,OPENSOURCE_API_GRID,952,,,,0.95,True,True,TIER2_OPENSOURCE_PURE;CONTINUOUS_MINUTE_STREAM;VERIFIED_MODEL_GRID,44b26a0e2771b3132a04b2541b3a37ff03fea4800c6e3de6bd5d5e1359b2e1b4,2026-09-20T15:51:00+00:00,2026-09-20 20:51:00,84.8,1011.2,88
13.8,20.3,39.7,1258.6,365.4,56.8,7.1,3.2,0.8,448.0,233.4,20.5,6.0,31.3,27.9,25.1,False,4095,0.0,9.6,0.0,EXT-OPEN-METEO-KHI,KARACHI,OPENSOURCE_API_GRID,953,,,,0.95,True,True,TIER2_OPENSOURCE_PURE;CONTINUOUS_MINUTE_STREAM;VERIFIED_MODEL_GRID,deea239fe46d3ac9bed4b2508fed9452d918e81469d3a63d1c122b667c893741,2026-09-20T15:52:00+00:00,2026-09-20 20:52:00,84.8,1011.2,88
13.8,20.3,39.7,1258.6,365.4,56.8,7.1,3.2,0.8,448.0,233.3,20.5,6.0,31.2,27.9,25.1,False,4095,0.0,9.7,0.0,EXT-OPEN-METEO-KHI,KARACHI,OPENSOURCE_API_GRID,954,,,,0.95,True,True,TIER2_OPENSOURCE_PURE;CONTINUOUS_MINUTE_STREAM;VERIFIED_MODEL_GRID,a3c0028dd55817ccc09d3889c4e544a9257389b76cc69ed9a0a15362e77be457,2026-09-20T15:53:00+00:00,2026-09-20 20:53:00,84.8,1011.2,88
13.8,20.3,39.7,1258.6,365.4,56.8,7.1,3.2,0.8,448.0,233.2,20.5,6.0,31.2,27.9,25.12,False,4095,0.0,9.8,0.0,EXT-OPEN-METEO-KHI,KARACHI,OPENSOURCE_API_GRID,955,,,,0.95,True,True,TIER2_OPENSOURCE_PURE;CONTINUOUS_MINUTE_STREAM;VERIFIED_MODEL_GRID,98385b8c0e61d8c4ea977ce6ccf566019284caf44faae42683bd652d3bf98ee8,2026-09-20T15:54:00+00:00,2026-09-20 20:54:00,84.9,1011.2,88
13.8,20.3,39.8,1258.6,365.4,56.8,7.1,3.2,0.8,448.0,233.2,20.5,6.0,31.1,27.9,25.12,False,4095,0.0,9.8,0.0,EXT-OPEN-METEO-KHI,KARACHI,OPENSOURCE_API_GRID,956,,,,0.95,True,True,TIER2_OPENSOURCE_PURE;CONTINUOUS_MINUTE_STREAM;VERIFIED_MODEL_GRID,c9ff8f0b0e7b422e682520cf463170e236cb8b0a6fc51adb1c5c5d50c6d84ecc,2026-09-20T15:55:00+00:00,2026-09-20 20:55:00,84.9,1011.2,88
13.8,20.3,39.8,1258.6,365.4,56.8,7.1,3.2,0.8,448.0,233.1,20.5,6.0,31.1,27.9,25.12,False,4095,0.0,9.9,0.0,EXT-OPEN-METEO-KHI,KARACHI,OPENSOURCE_API_GRID,957,,,,0.95,True,True,TIER2_OPENSOURCE_PURE;CONTINUOUS_MINUTE_STREAM;VERIFIED_MODEL_GRID,7a4a474363b2d16fae856c4d94a69b3fdf8969156048a1a31ba9b979d247ac06,2026-09-20T15:56:00+00:00,2026-09-20 20:56:00,84.9,1011.2,88
13.9,20.4,39.8,1264.8,367.2,57.1,7.1,3.2,0.8,448.0,233.1,20.5,6.0,31.0,27.9,25.14,False,4095,0.0,9.9,0.0,EXT-OPEN-METEO-KHI,KARACHI,OPENSOURCE_API_GRID,958,,,,0.95,True,True,TIER2_OPENSOURCE_PURE;CONTINUOUS_MINUTE_STREAM;VERIFIED_MODEL_GRID,555fa128e43a587f59d1f58b26f4e7778005fcda6b3cb59083b7cbe90dfff46b,2026-09-20T15:57:00+00:00,2026-09-20 20:57:00,85.0,1011.2,88
13.9,20.4,39.9,1264.8,367.2,57.1,7.1,3.2,0.8,448.0,233.0,20.5,6.0,31.0,27.9,25.14,False,4095,0.0,10.0,0.0,EXT-OPEN-METEO-KHI,KARACHI,OPENSOURCE_API_GRID,959,,,,0.95,True,True,TIER2_OPENSOURCE_PURE;CONTINUOUS_MINUTE_STREAM;VERIFIED_MODEL_GRID,7e6d2cf15ffa731ad236f7051b26b3c8c2d9022d8c82044dfb077744a968c176,2026-09-20T15:58:00+00:00,2026-09-20 20:58:00,85.0,1011.2,88
13.9,20.4,40.0,1264.8,367.2,57.1,7.1,3.2,0.8,448.0,233.0,20.5,6.0,31.0,27.9,25.14,False,4095,0.0,10.0,0.0,EXT-OPEN-METEO-KHI,KARACHI,OPENSOURCE_API_GRID,960,,,,0.95,True,True,TIER2_OPENSOURCE_PURE;CONTINUOUS_MINUTE_STREAM;VERIFIED_MODEL_GRID,a77dc454d13516885da9072321ac2383daaff1a7afb00306180e4d9dd37fbbc5,2026-09-20T15:59:00+00:00,2026-09-20 20:59:00,85.0,1011.2,88
13.9,20.5,40.0,1271.0,369.0,57.4,7.2,3.2,0.8,448.0,233.0,20.5,6.0,31.0,27.9,25.14,False,4095,0.0,10.0,0.0,EXT-OPEN-METEO-KHI,KARACHI,OPENSOURCE_API_GRID,961,,,,0.95,True,False,TIER2_OPENSOURCE_PURE;HOURLY_NODE;VERIFIED_MODEL_GRID,e0ac30dcfbc6d6609ea88b24a51a2cb0df8c7eafadca2da56000f6c7cb7fe09c,2026-09-20T16:00:00+00:00,2026-09-20 21:00:00,85.0,1011.2,80
13.9,20.4,39.9,1264.8,367.2,57.1,7.1,3.2,0.8,448.0,233.0,20.5,6.0,31.0,27.9,25.18,False,4095,0.0,10.0,0.0,EXT-OPEN-METEO-KHI,KARACHI,OPENSOURCE_API_GRID,962,,,,0.95,True,True,TIER2_OPENSOURCE_PURE;CONTINUOUS_MINUTE_STREAM;VERIFIED_MODEL_GRID,50fdaf787930add117152d5338641de91b0fefe7c272c30235d66f2d89dd19c9,2026-09-20T16:01:00+00:00,2026-09-20 21:01:00,85.2,1011.2,80
13.9,20.4,40.0,1264.8,367.2,57.1,7.1,3.2,0.8,448.0,233.0,20.5,6.0,31.0,27.9,25.18,False,4095,0.0,10.0,0.0,EXT-OPEN-METEO-KHI,KARACHI,OPENSOURCE_API_GRID,963,,,,0.95,True,True,TIER2_OPENSOURCE_PURE;CONTINUOUS_MINUTE_STREAM;VERIFIED_MODEL_GRID,3df77dfca8628344d22bb387c1641f78b1eadf61cc0aa5cd1995f39b7bbf4658,2026-09-20T16:02:00+00:00,2026-09-20 21:02:00,85.2,1011.2,80
13.9,20.5,40.0,1271.0,369.0,57.4,7.2,3.2,0.8,448.0,232.9,20.5,6.0,31.0,27.9,25.16,False,4095,0.0,10.0,0.0,EXT-OPEN-METEO-KHI,KARACHI,OPENSOURCE_API_GRID,964,,,,0.95,True,True,TIER2_OPENSOURCE_PURE;CONTINUOUS_MINUTE_STREAM;VERIFIED_MODEL_GRID,969ff99996fbc53ea94a7b56f7677977a7283971fd2f914af7e8f6d31dc69fa5,2026-09-20T16:03:00+00:00,2026-09-20 21:03:00,85.1,1011.2,80
13.9,20.5,40.1,1271.0,369.0,57.4,7.2,3.2,0.8,448.0,232.9,20.5,6.0,31.0,27.9,25.16,False,4095,0.0,10.0,0.0,EXT-OPEN-METEO-KHI,KARACHI,OPENSOURCE_API_GRID,965,,,,0.95,True,True,TIER2_OPENSOURCE_PURE;CONTINUOUS_MINUTE_STREAM;VERIFIED_MODEL_GRID,4b8067c817aeac26ef8122c3c1616c5a21852c2b6be8c759146ca4bc7d0af58c,2026-09-20T16:04:00+00:00,2026-09-20 21:04:00,85.1,1011.2,80
13.9,20.5,40.1,1271.0,369.0,57.4,7.2,3.2,0.8,448.0,232.8,20.5,6.0,31.0,27.9,25.16,False,4095,0.0,10.0,0.0,EXT-OPEN-METEO-KHI,KARACHI,OPENSOURCE_API_GRID,966,,,,0.95,True,True,TIER2_OPENSOURCE_PURE;CONTINUOUS_MINUTE_STREAM;VERIFIED_MODEL_GRID,aa22565d06aa128c27cd27a20dbb5450d03e18624c30815ef67cf7a64f8b6779,2026-09-20T16:05:00+00:00,2026-09-20 21:05:00,85.1,1011.2,80
13.9,20.5,40.1,1271.0,369.0,57.4,7.2,3.2,0.8,448.0,232.7,20.5,6.0,31.0,27.9,25.16,False,4095,0.0,10.0,0.0,EXT-OPEN-METEO-KHI,KARACHI,OPENSOURCE_API_GRID,967,,,,0.95,True,True,TIER2_OPENSOURCE_PURE;CONTINUOUS_MINUTE_STREAM;VERIFIED_MODEL_GRID,c8881a3ec190d9c5abce3984b51283719f9fb2cc4f3a84a9ae45c3f19a0947e1,2026-09-20T16:06:00+00:00,2026-09-20 21:06:00,85.1,1011.2,80
14.0,20.6,40.1,1277.2,370.8,57.7,7.2,3.2,0.8,448.0,232.6,20.5,6.0,31.0,27.9,25.16,False,4095,0.0,10.0,0.0,EXT-OPEN-METEO-KHI,KARACHI,OPENSOURCE_API_GRID,968,,,,0.95,True,True,TIER2_OPENSOURCE_PURE;CONTINUOUS_MINUTE_STREAM;VERIFIED_MODEL_GRID,6062e869791b2defeee886f753956803c7f354b8089c3f3a5a90f7e213d903cf,2026-09-20T16:07:00+00:00,2026-09-20 21:07:00,85.1,1011.2,80
13.9,20.5,40.1,1271.0,369.0,57.4,7.2,3.2,0.8,448.0,232.5,20.4,6.0,31.0,27.9,25.16,False,4095,0.0,10.0,0.0,EXT-OPEN-METEO-KHI,KARACHI,OPENSOURCE_API_GRID,969,,,,0.95,True,True,TIER2_OPENSOURCE_PURE;CONTINUOUS_MINUTE_STREAM;VERIFIED_MODEL_GRID,49950beb5930059dadbfcce66707d21d38dd0ec3d9b9560ed1ca9f8c4eb9e8f3,2026-09-20T16:08:00+00:00,2026-09-20 21:08:00,85.1,1011.2,80
13.9,20.5,40.1,1271.0,369.0,57.4,7.2,3.2,0.8,448.0,232.4,20.4,6.0,31.1,27.9,25.16,False,4095,0.0,10.0,0.0,EXT-OPEN-METEO-KHI,KARACHI,OPENSOURCE_API_GRID,970,,,,0.95,True,True,TIER2_OPENSOURCE_PURE;CONTINUOUS_MINUTE_STREAM;VERIFIED_MODEL_GRID,0f0d0a2e9bc554790fb98d0c6bba041853b6f062a6a31de6857fd23f318628ea,2026-09-20T16:09:00+00:00,2026-09-20 21:09:00,85.1,1011.2,80
13.9,20.5,40.1,1271.0,369.0,57.4,7.2,3.2,0.8,448.0,232.3,20.4,6.0,31.1,27.9,25.16,False,4095,0.0,10.0,0.0,EXT-OPEN-METEO-KHI,KARACHI,OPENSOURCE_API_GRID,971,,,,0.95,True,True,TIER2_OPENSOURCE_PURE;CONTINUOUS_MINUTE_STREAM;VERIFIED_MODEL_GRID,c9ee2591a26e76355c3ac5f602063f75647e79b8574e17ca536034f2bbebae98,2026-09-20T16:10:00+00:00,2026-09-20 21:10:00,85.1,1011.2,80
13.9,20.5,40.0,1271.0,369.0,57.4,7.2,3.2,0.8,448.0,232.1,20.4,6.0,31.1,27.9,25.16,False,4095,0.0,10.0,0.0,EXT-OPEN-METEO-KHI,KARACHI,OPENSOURCE_API_GRID,972,,,,0.95,True,True,TIER2_OPENSOURCE_PURE;CONTINUOUS_MINUTE_STREAM;VERIFIED_MODEL_GRID,6e88fbaa194000cb34d8959851288d2a65a251e7f270d3bee3cf8f886bc6b8b9,2026-09-20T16:11:00+00:00,2026-09-20 21:11:00,85.1,1011.3,80
13.9,20.4,39.9,1264.8,367.2,57.1,7.1,3.2,0.8,448.0,231.9,20.4,6.0,31.1,27.9,25.16,False,4095,0.0,10.0,0.0,EXT-OPEN-METEO-KHI,KARACHI,OPENSOURCE_API_GRID,973,,,,0.95,True,True,TIER2_OPENSOURCE_PURE;CONTINUOUS_MINUTE_STREAM;VERIFIED_MODEL_GRID,27fc29a309f06dce18713761844341b9b341d8bc6866e389ea45477c5a9724b0,2026-09-20T16:12:00+00:00,2026-09-20 21:12:00,85.1,1011.3,80
13.8,20.3,39.9,1258.6,365.4,56.8,7.1,3.2,0.8,448.0,231.8,20.3,6.0,31.1,27.9,25.14,False,4095,0.0,10.0,0.0,EXT-OPEN-METEO-KHI,KARACHI,OPENSOURCE_API_GRID,974,,,,0.95,True,True,TIER2_OPENSOURCE_PURE;CONTINUOUS_MINUTE_STREAM;VERIFIED_MODEL_GRID,d9b51f8ebb1d8ce875b4bfdd53de12ab5e6e1582f7ed59e03575bf46ccf02724,2026-09-20T16:13:00+00:00,2026-09-20 21:13:00,85.0,1011.3,80
13.8,20.3,39.8,1258.6,365.4,56.8,7.1,3.2,0.8,448.0,231.6,20.3,6.0,31.1,27.9,25.14,False,4095,0.0,10.0,0.0,EXT-OPEN-METEO-KHI,KARACHI,OPENSOURCE_API_GRID,975,,,,0.95,True,True,TIER2_OPENSOURCE_PURE;CONTINUOUS_MINUTE_STREAM;VERIFIED_MODEL_GRID,4660cf34bf0f6e7050854ed63232c428ea4ab37d4e421674762cf20e7dde7a04,2026-09-20T16:14:00+00:00,2026-09-20 21:14:00,85.0,1011.3,80
13.7,20.2,39.7,1252.4,363.6,56.6,7.1,3.2,0.8,448.0,231.4,20.3,6.0,31.1,27.9,25.14,False,4095,0.0,10.0,0.0,EXT-OPEN-METEO-KHI,KARACHI,OPENSOURCE_API_GRID,976,,,,0.95,True,True,TIER2_OPENSOURCE_PURE;CONTINUOUS_MINUTE_STREAM;VERIFIED_MODEL_GRID,ed36b0c3f8d3fee08e51bdbfc201a1327d7f650d8f7b7d31846bbf6211aa7886,2026-09-20T16:15:00+00:00,2026-09-20 21:15:00,85.0,1011.3,80
13.7,20.1,39.6,1246.2,361.8,56.3,7.0,3.2,0.8,448.0,231.2,20.3,6.0,31.2,27.9,25.14,False,4095,0.0,10.0,0.0,EXT-OPEN-METEO-KHI,KARACHI,OPENSOURCE_API_GRID,977,,,,0.95,True,True,TIER2_OPENSOURCE_PURE;CONTINUOUS_MINUTE_STREAM;VERIFIED_MODEL_GRID,04a2a58f0268f314fc1fa5fd57717b0205172efd5271ccf1cbac14b22698cfb8,2026-09-20T16:16:00+00:00,2026-09-20 21:16:00,85.0,1011.3,80
13.7,20.1,39.5,1246.2,361.8,56.3,7.0,3.2,0.8,448.0,231.0,20.2,6.1,31.2,27.9,25.16,False,4095,0.0,10.0,0.0,EXT-OPEN-METEO-KHI,KARACHI,OPENSOURCE_API_GRID,978,,,,0.95,True,True,TIER2_OPENSOURCE_PURE;CONTINUOUS_MINUTE_STREAM;VERIFIED_MODEL_GRID,2a2b0590b97cd822c0dfea80d6c23129c2702fe89e3616c3ad7c8d1299d09882,2026-09-20T16:17:00+00:00,2026-09-20 21:17:00,85.1,1011.3,80
13.6,20.0,39.4,1240.0,360.0,56.0,7.0,3.2,0.8,448.0,230.7,20.2,6.1,31.2,27.8,25.06,False,4095,0.0,10.0,0.0,EXT-OPEN-METEO-KHI,KARACHI,OPENSOURCE_API_GRID,979,,,,0.95,True,True,TIER2_OPENSOURCE_PURE;CONTINUOUS_MINUTE_STREAM;VERIFIED_MODEL_GRID,d8f7d8360d0210665177140b50d4c8bde3fe060536126b8a6c6b76b1519a0a03,2026-09-20T16:18:00+00:00,2026-09-20 21:18:00,85.1,1011.3,80
13.6,20.0,39.3,1240.0,360.0,56.0,7.0,3.1,0.8,448.0,230.5,20.2,6.1,31.2,27.8,25.06,False,4095,0.0,10.0,0.0,EXT-OPEN-METEO-KHI,KARACHI,OPENSOURCE_API_GRID,980,,,,0.95,True,True,TIER2_OPENSOURCE_PURE;CONTINUOUS_MINUTE_STREAM;VERIFIED_MODEL_GRID,e9d4ca6e01d0959a173e2771220b00ed6282da47f6477abbd22f3580c90df65b,2026-09-20T16:19:00+00:00,2026-09-20 21:19:00,85.1,1011.3,80
13.5,19.9,39.2,1233.8,358.2,55.7,7.0,3.1,0.8,448.0,230.2,20.1,6.1,31.2,27.8,25.06,False,4095,0.0,10.0,0.0,EXT-OPEN-METEO-KHI,KARACHI,OPENSOURCE_API_GRID,981,,,,0.95,True,True,TIER2_OPENSOURCE_PURE;CONTINUOUS_MINUTE_STREAM;VERIFIED_MODEL_GRID,cc135718d2415ca6acf7674f1bfa2430065938011557adf861bd56d118406f93,2026-09-20T16:20:00+00:00,2026-09-20 21:20:00,85.1,1011.3,80
13.5,19.9,39.2,1233.8,358.2,55.7,7.0,3.1,0.8,448.0,230.0,20.1,6.1,31.3,27.8,25.06,False,4095,0.0,10.0,0.0,EXT-OPEN-METEO-KHI,KARACHI,OPENSOURCE_API_GRID,982,,,,0.95,True,True,TIER2_OPENSOURCE_PURE;CONTINUOUS_MINUTE_STREAM;VERIFIED_MODEL_GRID,b965bfa5aca5c9c2af71bd09e342f42ef57adb63d1e68b637dd4114db4d5d2cd,2026-09-20T16:21:00+00:00,2026-09-20 21:21:00,85.1,1011.3,80
13.5,19.8,39.1,1227.6,356.4,55.4,6.9,3.1,0.8,448.0,229.7,20.1,6.1,31.3,27.8,25.08,False,4095,0.0,10.0,0.0,EXT-OPEN-METEO-KHI,KARACHI,OPENSOURCE_API_GRID,983,,,,0.95,True,True,TIER2_OPENSOURCE_PURE;CONTINUOUS_MINUTE_STREAM;VERIFIED_MODEL_GRID,f32a1432b84136efab54eee615895b91d5829513e204c2f42794a49fc97f2621,2026-09-20T16:22:00+00:00,2026-09-20 21:22:00,85.2,1011.3,80
13.5,19.8,39.1,1227.6,356.4,55.4,6.9,3.1,0.8,448.0,229.5,20.0,6.1,31.3,27.8,25.08,False,4095,0.0,10.0,0.0,EXT-OPEN-METEO-KHI,KARACHI,OPENSOURCE_API_GRID,984,,,,0.95,True,True,TIER2_OPENSOURCE_PURE;CONTINUOUS_MINUTE_STREAM;VERIFIED_MODEL_GRID,f10f4e8cf1d74dc55a9b7f023d123c8bf829fbaa323fd880abeed28594d54cdc,2026-09-20T16:23:00+00:00,2026-09-20 21:23:00,85.2,1011.3,80
13.5,19.8,39.1,1227.6,356.4,55.4,6.9,3.1,0.8,448.0,229.2,20.0,6.1,31.3,27.8,25.08,False,4095,0.0,10.0,0.0,EXT-OPEN-METEO-KHI,KARACHI,OPENSOURCE_API_GRID,985,,,,0.95,True,True,TIER2_OPENSOURCE_PURE;CONTINUOUS_MINUTE_STREAM;VERIFIED_MODEL_GRID,a7858968995e55e93e92c4813a4fa851c2029c3349f5e2d5312f6dac2a648386,2026-09-20T16:24:00+00:00,2026-09-20 21:24:00,85.2,1011.3,80
13.5,19.8,39.1,1227.6,356.4,55.4,6.9,3.1,0.8,448.0,228.9,19.9,6.1,31.4,27.8,25.1,False,4095,0.0,10.0,0.0,EXT-OPEN-METEO-KHI,KARACHI,OPENSOURCE_API_GRID,986,,,,0.95,True,True,TIER2_OPENSOURCE_PURE;CONTINUOUS_MINUTE_STREAM;VERIFIED_MODEL_GRID,b97d26d21a86f89300308abd7c9f10969564a22620b6b81dd5b9b72110052c24,2026-09-20T16:25:00+00:00,2026-09-20 21:25:00,85.3,1011.4,80
13.5,19.8,39.1,1227.6,356.4,55.4,6.9,3.1,0.8,448.0,228.6,19.9,6.1,31.4,27.8,25.1,False,4095,0.0,10.0,0.0,EXT-OPEN-METEO-KHI,KARACHI,OPENSOURCE_API_GRID,987,,,,0.95,True,True,TIER2_OPENSOURCE_PURE;CONTINUOUS_MINUTE_STREAM;VERIFIED_MODEL_GRID,60e8bd8832a5c753f61d0a684e7570feb6233e7617ab897feb75df64a2b47c9c,2026-09-20T16:26:00+00:00,2026-09-20 21:26:00,85.3,1011.4,80
13.5,19.8,39.1,1227.6,356.4,55.4,6.9,3.1,0.8,448.0,228.4,19.9,6.1,31.4,27.8,25.12,False,4095,0.0,10.0,0.0,EXT-OPEN-METEO-KHI,KARACHI,OPENSOURCE_API_GRID,988,,,,0.95,True,True,TIER2_OPENSOURCE_PURE;CONTINUOUS_MINUTE_STREAM;VERIFIED_MODEL_GRID,a08a178b681a616b680839ea1ce048acb40c9f9ee27f7ddd1f3691627fb58014,2026-09-20T16:27:00+00:00,2026-09-20 21:27:00,85.4,1011.4,80
13.5,19.8,39.1,1227.6,356.4,55.4,6.9,3.1,0.8,448.0,228.1,19.8,6.1,31.4,27.8,25.12,False,4095,0.0,10.0,0.0,EXT-OPEN-METEO-KHI,KARACHI,OPENSOURCE_API_GRID,989,,,,0.95,True,True,TIER2_OPENSOURCE_PURE;CONTINUOUS_MINUTE_STREAM;VERIFIED_MODEL_GRID,c28974e8e425a4b15f9bf0539dc6545fbc68beb7801f7ab36b527aa7db2b7e7c,2026-09-20T16:28:00+00:00,2026-09-20 21:28:00,85.4,1011.4,80
13.5,19.8,39.1,1227.6,356.4,55.4,6.9,3.1,0.8,448.0,227.8,19.8,6.1,31.5,27.8,25.14,False,4095,0.0,10.0,0.0,EXT-OPEN-METEO-KHI,KARACHI,OPENSOURCE_API_GRID,990,,,,0.95,True,True,TIER2_OPENSOURCE_PURE;CONTINUOUS_MINUTE_STREAM;VERIFIED_MODEL_GRID,2e3fc9e2922c5a04e287ccb1dee40bb24ef2efae3e2fda642d3251d1fe4db6f4,2026-09-20T16:29:00+00:00,2026-09-20 21:29:00,85.5,1011.4,80
13.5,19.8,39.1,1227.6,356.4,55.4,6.9,3.1,0.8,448.0,227.5,19.8,6.1,31.5,27.8,25.14,False,4095,0.0,10.0,0.0,EXT-OPEN-METEO-KHI,KARACHI,OPENSOURCE_API_GRID,991,,,,0.95,True,True,TIER2_OPENSOURCE_PURE;CONTINUOUS_MINUTE_STREAM;VERIFIED_MODEL_GRID,3440868669248fb892392dee4cc3c21e5d91ed4dfb89a63e2e7e18d5dc765e3f,2026-09-20T16:30:00+00:00,2026-09-20 21:30:00,85.5,1011.4,80
13.5,19.8,39.2,1227.6,356.4,55.4,6.9,3.1,0.8,448.0,227.2,19.7,6.2,31.5,27.8,25.16,False,4095,0.0,10.0,0.0,EXT-OPEN-METEO-KHI,KARACHI,OPENSOURCE_API_GRID,992,,,,0.95,True,True,TIER2_OPENSOURCE_PURE;CONTINUOUS_MINUTE_STREAM;VERIFIED_MODEL_GRID,f866cddad8212871e17a363898c8259fe5b0dae53aedc02f68d20abf98c943d5,2026-09-20T16:31:00+00:00,2026-09-20 21:31:00,85.6,1011.4,80
13.4,19.7,39.0,1221.4,354.6,55.2,6.9,3.1,0.8,448.0,226.9,19.7,6.2,31.6,27.8,25.18,False,4095,0.0,10.0,0.0,EXT-OPEN-METEO-KHI,KARACHI,OPENSOURCE_API_GRID,993,,,,0.95,True,True,TIER2_OPENSOURCE_PURE;CONTINUOUS_MINUTE_STREAM;VERIFIED_MODEL_GRID,189cae905f68384dcd06fad60130f602a2c947122d2e7b2ff5f8e98703fc9362,2026-09-20T16:32:00+00:00,2026-09-20 21:32:00,85.7,1011.4,80
13.4,19.7,39.0,1221.4,354.6,55.2,6.9,3.1,0.8,448.0,226.6,19.6,6.2,31.6,27.8,25.18,False,4095,0.0,10.0,0.0,EXT-OPEN-METEO-KHI,KARACHI,OPENSOURCE_API_GRID,994,,,,0.95,True,True,TIER2_OPENSOURCE_PURE;CONTINUOUS_MINUTE_STREAM;VERIFIED_MODEL_GRID,78409443d6e5beb1189c03a3f120bc0a81b8d1db895ca61d58deae42361a772e,2026-09-20T16:33:00+00:00,2026-09-20 21:33:00,85.7,1011.4,80
13.4,19.7,39.1,1221.4,354.6,55.2,6.9,3.1,0.8,448.0,226.4,19.6,6.2,31.6,27.8,25.18,False,4095,0.0,10.0,0.0,EXT-OPEN-METEO-KHI,KARACHI,OPENSOURCE_API_GRID,995,,,,0.95,True,True,TIER2_OPENSOURCE_PURE;CONTINUOUS_MINUTE_STREAM;VERIFIED_MODEL_GRID,8ce3c695c1304da157d3a89e45d0bf53c248999890cfeaebd0e57c745799ddb6,2026-09-20T16:34:00+00:00,2026-09-20 21:34:00,85.7,1011.4,80
13.4,19.7,39.1,1221.4,354.6,55.2,6.9,3.1,0.8,448.0,226.1,19.6,6.2,31.6,27.8,25.2,False,4095,0.0,10.0,0.0,EXT-OPEN-METEO-KHI,KARACHI,OPENSOURCE_API_GRID,996,,,,0.95,True,True,TIER2_OPENSOURCE_PURE;CONTINUOUS_MINUTE_STREAM;VERIFIED_MODEL_GRID,acfc3e1378b3f22b2dac38c7f66b5e0352c0d79b813aafb8fae3bc56439ca27f,2026-09-20T16:35:00+00:00,2026-09-20 21:35:00,85.8,1011.5,80
13.4,19.7,39.1,1221.4,354.6,55.2,6.9,3.1,0.8,448.0,225.8,19.5,6.2,31.7,27.8,25.2,False,4095,0.0,10.0,0.0,EXT-OPEN-METEO-KHI,KARACHI,OPENSOURCE_API_GRID,997,,,,0.95,True,True,TIER2_OPENSOURCE_PURE;CONTINUOUS_MINUTE_STREAM;VERIFIED_MODEL_GRID,2c10f05ec7414d4a9dd0bb9227d897615fed1a454bed2ba10ac45d06157d8639,2026-09-20T16:36:00+00:00,2026-09-20 21:36:00,85.8,1011.5,80
13.4,19.7,39.1,1221.4,354.6,55.2,6.9,3.1,0.8,448.0,225.5,19.5,6.2,31.7,27.8,25.2,False,4095,0.0,10.0,0.0,EXT-OPEN-METEO-KHI,KARACHI,OPENSOURCE_API_GRID,998,,,,0.95,True,True,TIER2_OPENSOURCE_PURE;CONTINUOUS_MINUTE_STREAM;VERIFIED_MODEL_GRID,7614f7af40b6d3db44ea5c95f08a968a1f23f79aa481576144885e17550199e2,2026-09-20T16:37:00+00:00,2026-09-20 21:37:00,85.8,1011.5,80
13.4,19.7,39.1,1221.4,354.6,55.2,6.9,3.1,0.8,448.0,225.3,19.4,6.2,31.7,27.8,25.2,False,4095,0.0,10.0,0.0,EXT-OPEN-METEO-KHI,KARACHI,OPENSOURCE_API_GRID,999,,,,0.95,True,True,TIER2_OPENSOURCE_PURE;CONTINUOUS_MINUTE_STREAM;VERIFIED_MODEL_GRID,85ebcb89c2649e20cb8ff3f6f91c81ec48adc8fd552421836a46b9b3757137b3,2026-09-20T16:38:00+00:00,2026-09-20 21:38:00,85.8,1011.5,80
13.4,19.7,39.0,1221.4,354.6,55.2,6.9,3.1,0.8,448.0,225.0,19.4,6.2,31.7,27.8,25.2,False,4095,0.0,10.0,0.0,EXT-OPEN-METEO-KHI,KARACHI,OPENSOURCE_API_GRID,1000,,,,0.95,True,True,TIER2_OPENSOURCE_PURE;CONTINUOUS_MINUTE_STREAM;VERIFIED_MODEL_GRID,a5a2dfc56d7dd74513d329671d2b6e05247884ab7f8d01e7902caa53810b73e9,2026-09-20T16:39:00+00:00,2026-09-20 21:39:00,85.8,1011.5,80
13.3,19.6,39.0,1215.2,352.8,54.9,6.9,3.1,0.8,448.0,224.8,19.4,6.2,31.8,27.8,25.2,False,4095,0.0,10.0,0.0,EXT-OPEN-METEO-KHI,KARACHI,OPENSOURCE_API_GRID,1001,,,,0.95,True,True,TIER2_OPENSOURCE_PURE;CONTINUOUS_MINUTE_STREAM;VERIFIED_MODEL_GRID,b5549f2a15f4058949a87ff5cc14c35fe70f004d8976720ca6dd44f3390a2dc7,2026-09-20T16:40:00+00:00,2026-09-20 21:40:00,85.8,1011.5,80
13.3,19.6,38.9,1215.2,352.8,54.9,6.9,3.1,0.8,448.0,224.5,19.3,6.2,31.8,27.8,25.2,False,4095,0.0,10.0,0.0,EXT-OPEN-METEO-KHI,KARACHI,OPENSOURCE_API_GRID,1002,,,,0.95,True,True,TIER2_OPENSOURCE_PURE;CONTINUOUS_MINUTE_STREAM;VERIFIED_MODEL_GRID,cffd2cf06468ac9791f10bf06d31a67c5164cf3a88c4215b67586756521557ba,2026-09-20T16:41:00+00:00,2026-09-20 21:41:00,85.8,1011.5,80
13.3,19.5,38.9,1209.0,351.0,54.6,6.8,3.1,0.8,448.0,224.3,19.3,6.2,31.8,27.8,25.2,False,4095,0.0,10.0,0.0,EXT-OPEN-METEO-KHI,KARACHI,OPENSOURCE_API_GRID,1003,,,,0.95,True,True,TIER2_OPENSOURCE_PURE;CONTINUOUS_MINUTE_STREAM;VERIFIED_MODEL_GRID,6e500f255b599aece862b564a7c5e843b8987438e6d8f77ad74b4ec8356f1ee5,2026-09-20T16:42:00+00:00,2026-09-20 21:42:00,85.8,1011.5,80
13.3,19.5,38.8,1209.0,351.0,54.6,6.8,3.1,0.8,448.0,224.0,19.3,6.2,31.8,27.8,25.2,False,4095,0.0,10.0,0.0,EXT-OPEN-METEO-KHI,KARACHI,OPENSOURCE_API_GRID,1004,,,,0.95,True,True,TIER2_OPENSOURCE_PURE;CONTINUOUS_MINUTE_STREAM;VERIFIED_MODEL_GRID,24023135e0c309389b3ed8ea7411ad1985fc95d767f0656c871ae4dddb27bf09,2026-09-20T16:43:00+00:00,2026-09-20 21:43:00,85.8,1011.5,80
13.2,19.4,38.7,1202.8,349.2,54.3,6.8,3.1,0.8,448.0,223.8,19.2,6.3,31.8,27.8,25.2,False,4095,0.0,10.0,0.0,EXT-OPEN-METEO-KHI,KARACHI,OPENSOURCE_API_GRID,1005,,,,0.95,True,True,TIER2_OPENSOURCE_PURE;CONTINUOUS_MINUTE_STREAM;VERIFIED_MODEL_GRID,5ec0ac87f7f828cdf22657217eaacbf683ab9f0a7027ec1edfa9d704617b4732,2026-09-20T16:44:00+00:00,2026-09-20 21:44:00,85.8,1011.6,80
13.1,19.3,38.6,1196.6,347.4,54.0,6.8,3.1,0.8,448.0,223.6,19.2,6.3,31.9,27.8,25.2,False,4095,0.0,10.0,0.0,EXT-OPEN-METEO-KHI,KARACHI,OPENSOURCE_API_GRID,1006,,,,0.95,True,True,TIER2_OPENSOURCE_PURE;CONTINUOUS_MINUTE_STREAM;VERIFIED_MODEL_GRID,0b465c64547c34574dbcde42ddec40aad55c25b543dec491e9e70c1bf0f19482,2026-09-20T16:45:00+00:00,2026-09-20 21:45:00,85.8,1011.6,80
13.1,19.3,38.5,1196.6,347.4,54.0,6.8,3.1,0.8,448.0,223.4,19.2,6.3,31.9,27.7,25.1,False,4095,0.0,10.0,0.0,EXT-OPEN-METEO-KHI,KARACHI,OPENSOURCE_API_GRID,1007,,,,0.95,True,True,TIER2_OPENSOURCE_PURE;CONTINUOUS_MINUTE_STREAM;VERIFIED_MODEL_GRID,bc6c9009d2b7fcd36e64ca7600ee2e4f0a5065968d30e76627309c35349c5ba8,2026-09-20T16:46:00+00:00,2026-09-20 21:46:00,85.8,1011.6,80
13.1,19.2,38.4,1190.4,345.6,53.8,6.7,3.1,0.8,448.0,223.2,19.2,6.3,31.9,27.7,25.1,False,4095,0.0,10.0,0.0,EXT-OPEN-METEO-KHI,KARACHI,OPENSOURCE_API_GRID,1008,,,,0.95,True,True,TIER2_OPENSOURCE_PURE;CONTINUOUS_MINUTE_STREAM;VERIFIED_MODEL_GRID,eefde3724821afde895613eb88001491415347a3bc342c1e7112de7565a91e61,2026-09-20T16:47:00+00:00,2026-09-20 21:47:00,85.8,1011.6,80
13.0,19.1,38.3,1184.2,343.8,53.5,6.7,3.1,0.8,448.0,223.1,19.1,6.3,31.9,27.7,25.1,False,4095,0.0,10.0,0.0,EXT-OPEN-METEO-KHI,KARACHI,OPENSOURCE_API_GRID,1009,,,,0.95,True,True,TIER2_OPENSOURCE_PURE;CONTINUOUS_MINUTE_STREAM;VERIFIED_MODEL_GRID,2d115e2166d3a52fe051ad71cbbf766aeaa03964efdbaacbcfb7973d1cf14d87,2026-09-20T16:48:00+00:00,2026-09-20 21:48:00,85.8,1011.6,80
13.0,19.1,38.3,1184.2,343.8,53.5,6.7,3.1,0.8,448.0,222.9,19.1,6.3,31.9,27.7,25.1,False,4095,0.0,10.0,0.0,EXT-OPEN-METEO-KHI,KARACHI,OPENSOURCE_API_GRID,1010,,,,0.95,True,True,TIER2_OPENSOURCE_PURE;CONTINUOUS_MINUTE_STREAM;VERIFIED_MODEL_GRID,4ae6b370f92038cdf927edaa471c00ebecd21f563fbc8ccb08f60d1fa888bdd5,2026-09-20T16:49:00+00:00,2026-09-20 21:49:00,85.8,1011.6,80
12.9,19.0,38.2,1178.0,342.0,53.2,6.6,3.1,0.8,448.0,222.7,19.1,6.3,31.9,27.7,25.1,False,4095,0.0,10.0,0.0,EXT-OPEN-METEO-KHI,KARACHI,OPENSOURCE_API_GRID,1011,,,,0.95,True,True,TIER2_OPENSOURCE_PURE;CONTINUOUS_MINUTE_STREAM;VERIFIED_MODEL_GRID,4d2e804f3bf70a7a9b46c5c9916f380fad06b3c603748775266bbc61c9f174f0,2026-09-20T16:50:00+00:00,2026-09-20 21:50:00,85.8,1011.6,80
12.9,19.0,38.1,1178.0,342.0,53.2,6.6,3.0,0.8,448.0,222.6,19.1,6.3,31.9,27.7,25.1,False,4095,0.0,10.0,0.0,EXT-OPEN-METEO-KHI,KARACHI,OPENSOURCE_API_GRID,1012,,,,0.95,True,True,TIER2_OPENSOURCE_PURE;CONTINUOUS_MINUTE_STREAM;VERIFIED_MODEL_GRID,e77dcaefe261441150242dfd3ba711ba96b9d56e8f906cecf7b2788ab96ef028,2026-09-20T16:51:00+00:00,2026-09-20 21:51:00,85.8,1011.6,80
12.9,19.0,38.1,1178.0,342.0,53.2,6.6,3.0,0.8,448.0,222.5,19.1,6.3,32.0,27.7,25.1,False,4095,0.0,10.0,0.0,EXT-OPEN-METEO-KHI,KARACHI,OPENSOURCE_API_GRID,1013,,,,0.95,True,True,TIER2_OPENSOURCE_PURE;CONTINUOUS_MINUTE_STREAM;VERIFIED_MODEL_GRID,e4d8ec4c91807a037fb076eded5c50c09dd722ca221a46e50f1b5074d4eab4e8,2026-09-20T16:52:00+00:00,2026-09-20 21:52:00,85.8,1011.6,80
12.9,18.9,38.1,1171.8,340.2,52.9,6.6,3.0,0.8,448.0,222.4,19.0,6.3,32.0,27.7,25.1,False,4095,0.0,10.0,0.0,EXT-OPEN-METEO-KHI,KARACHI,OPENSOURCE_API_GRID,1014,,,,0.95,True,True,TIER2_OPENSOURCE_PURE;CONTINUOUS_MINUTE_STREAM;VERIFIED_MODEL_GRID,3a1cf5da988adcfecee7764277070da160e143cf18ccc007da66de537c7e2a69,2026-09-20T16:53:00+00:00,2026-09-20 21:53:00,85.8,1011.6,80
12.9,18.9,38.0,1171.8,340.2,52.9,6.6,3.0,0.8,448.0,222.3,19.0,6.3,32.0,27.7,25.1,False,4095,0.0,10.0,0.0,EXT-OPEN-METEO-KHI,KARACHI,OPENSOURCE_API_GRID,1015,,,,0.95,True,True,TIER2_OPENSOURCE_PURE;CONTINUOUS_MINUTE_STREAM;VERIFIED_MODEL_GRID,6de6e3558752aa960dada2806ab3bb6d8c0aaecd7e6f468a0ad3060d36bfaf01,2026-09-20T16:54:00+00:00,2026-09-20 21:54:00,85.8,1011.6,80
12.9,18.9,38.1,1171.8,340.2,52.9,6.6,3.0,0.8,448.0,222.2,19.0,6.3,32.0,27.7,25.12,False,4095,0.0,10.0,0.0,EXT-OPEN-METEO-KHI,KARACHI,OPENSOURCE_API_GRID,1016,,,,0.95,True,True,TIER2_OPENSOURCE_PURE;CONTINUOUS_MINUTE_STREAM;VERIFIED_MODEL_GRID,9b93f3d10b4cef73215ae65bba76f8d3a6acfb91d5f850b9b41415560f791778,2026-09-20T16:55:00+00:00,2026-09-20 21:55:00,85.9,1011.6,80
12.9,19.0,38.1,1178.0,342.0,53.2,6.6,3.0,0.8,448.0,222.1,19.0,6.3,32.0,27.7,25.12,False,4095,0.0,10.0,0.0,EXT-OPEN-METEO-KHI,KARACHI,OPENSOURCE_API_GRID,1017,,,,0.95,True,True,TIER2_OPENSOURCE_PURE;CONTINUOUS_MINUTE_STREAM;VERIFIED_MODEL_GRID,799cd5826de543416409e9144bf07f5e5810777a7dd431cccc75fd357db6b3ce,2026-09-20T16:56:00+00:00,2026-09-20 21:56:00,85.9,1011.6,80
12.9,19.0,38.1,1178.0,342.0,53.2,6.6,3.0,0.8,448.0,222.1,19.0,6.3,32.0,27.7,25.12,False,4095,0.0,10.0,0.0,EXT-OPEN-METEO-KHI,KARACHI,OPENSOURCE_API_GRID,1018,,,,0.95,True,True,TIER2_OPENSOURCE_PURE;CONTINUOUS_MINUTE_STREAM;VERIFIED_MODEL_GRID,d50f5a3f0e95ba6d20df0a840c48ca16d531ca91e3b438543478a215e009cdd7,2026-09-20T16:57:00+00:00,2026-09-20 21:57:00,85.9,1011.6,80
12.9,19.0,38.2,1178.0,342.0,53.2,6.6,3.1,0.8,448.0,222.0,19.0,6.3,32.0,27.7,25.12,False,4095,0.0,10.0,0.0,EXT-OPEN-METEO-KHI,KARACHI,OPENSOURCE_API_GRID,1019,,,,0.95,True,True,TIER2_OPENSOURCE_PURE;CONTINUOUS_MINUTE_STREAM;VERIFIED_MODEL_GRID,b316db605af524a1cd73576ede3f43e16599a6029336efc3db2dd8eff5ea1941,2026-09-20T16:58:00+00:00,2026-09-20 21:58:00,85.9,1011.6,80
12.9,19.0,38.2,1178.0,342.0,53.2,6.6,3.1,0.8,448.0,222.0,19.0,6.3,32.0,27.7,25.14,False,4095,0.0,10.0,0.0,EXT-OPEN-METEO-KHI,KARACHI,OPENSOURCE_API_GRID,1020,,,,0.95,True,True,TIER2_OPENSOURCE_PURE;CONTINUOUS_MINUTE_STREAM;VERIFIED_MODEL_GRID,5dc4c277b8485a3705c8c2511ca2b7a6944d6fb3322811385020706b7513963b,2026-09-20T16:59:00+00:00,2026-09-20 21:59:00,86.0,1011.6,80
13.0,19.1,38.3,1184.2,343.8,53.5,6.7,3.1,0.8,448.0,222.0,19.0,6.3,32.0,27.7,25.14,False,4095,0.0,10.0,0.0,EXT-OPEN-METEO-KHI,KARACHI,OPENSOURCE_API_GRID,1021,,,,0.95,True,False,TIER2_OPENSOURCE_PURE;HOURLY_NODE;VERIFIED_MODEL_GRID,68712df81a18772b0837b009a556d4080dc5fc8f8c5ba68c00eecb53d7a1d120,2026-09-20T17:00:00+00:00,2026-09-20 22:00:00,86.0,1011.6,80
13.0,19.1,38.3,1184.2,343.8,53.5,6.7,3.1,0.8,448.0,222.0,19.0,6.3,32.0,27.7,25.14,False,4095,0.0,10.0,0.0,EXT-OPEN-METEO-KHI,KARACHI,OPENSOURCE_API_GRID,1022,,,,0.95,True,True,TIER2_OPENSOURCE_PURE;CONTINUOUS_MINUTE_STREAM;VERIFIED_MODEL_GRID,fd8032372ff7e1b525022703a80481b9fc01160c52995d80381bb5e00a7529db,2026-09-20T17:01:00+00:00,2026-09-20 22:01:00,86.0,1011.6,80
13.1,19.2,38.4,1190.4,345.6,53.8,6.7,3.1,0.8,448.0,222.0,19.0,6.3,32.0,27.7,25.14,False,4095,0.0,10.0,0.0,EXT-OPEN-METEO-KHI,KARACHI,OPENSOURCE_API_GRID,1023,,,,0.95,True,True,TIER2_OPENSOURCE_PURE;CONTINUOUS_MINUTE_STREAM;VERIFIED_MODEL_GRID,e9d2faeceebaa86c71cb692033d34767142108a04c06e01292a8f397ac776fd4,2026-09-20T17:02:00+00:00,2026-09-20 22:02:00,86.0,1011.6,80
13.0,19.1,38.3,1184.2,343.8,53.5,6.7,3.1,0.8,448.0,221.9,19.0,6.3,32.0,27.7,25.18,False,4095,0.0,10.0,0.0,EXT-OPEN-METEO-KHI,KARACHI,OPENSOURCE_API_GRID,1024,,,,0.95,True,True,TIER2_OPENSOURCE_PURE;CONTINUOUS_MINUTE_STREAM;VERIFIED_MODEL_GRID,6ac468de348fcf61d758b36f2ec1d5bbc6646121489b74ba87796c059dbd5ca4,2026-09-20T17:03:00+00:00,2026-09-20 22:03:00,86.2,1011.6,80
13.0,19.1,38.3,1184.2,343.8,53.5,6.7,3.1,0.8,448.0,221.8,19.0,6.3,32.0,27.7,25.18,False,4095,0.0,10.0,0.0,EXT-OPEN-METEO-KHI,KARACHI,OPENSOURCE_API_GRID,1025,,,,0.95,True,True,TIER2_OPENSOURCE_PURE;CONTINUOUS_MINUTE_STREAM;VERIFIED_MODEL_GRID,dec1b89bb56b58a2f2430e09b894c381d48b9e1f600e192f3d3daaf140efe472,2026-09-20T17:04:00+00:00,2026-09-20 22:04:00,86.2,1011.6,80
13.1,19.2,38.4,1190.4,345.6,53.8,6.7,3.1,0.8,448.0,221.7,19.0,6.3,32.0,27.7,25.18,False,4095,0.0,10.0,0.0,EXT-OPEN-METEO-KHI,KARACHI,OPENSOURCE_API_GRID,1026,,,,0.95,True,True,TIER2_OPENSOURCE_PURE;CONTINUOUS_MINUTE_STREAM;VERIFIED_MODEL_GRID,4d42aabd6835804b4c0285d67d1ee2988f0268381d236f7b9e5910565c5a2424,2026-09-20T17:05:00+00:00,2026-09-20 22:05:00,86.2,1011.6,80
13.1,19.2,38.4,1190.4,345.6,53.8,6.7,3.1,0.8,448.0,221.6,19.0,6.3,32.0,27.7,25.18,False,4095,0.0,10.0,0.0,EXT-OPEN-METEO-KHI,KARACHI,OPENSOURCE_API_GRID,1027,,,,0.95,True,True,TIER2_OPENSOURCE_PURE;CONTINUOUS_MINUTE_STREAM;VERIFIED_MODEL_GRID,0734318e45fb877bcb4fff51257c8b1df76750076083c184c5089d265d406447,2026-09-20T17:06:00+00:00,2026-09-20 22:06:00,86.2,1011.6,80
13.1,19.2,38.5,1190.4,345.6,53.8,6.7,3.1,0.8,448.0,221.5,18.9,6.3,32.1,27.7,25.18,False,4095,0.0,10.0,0.0,EXT-OPEN-METEO-KHI,KARACHI,OPENSOURCE_API_GRID,1028,,,,0.95,True,True,TIER2_OPENSOURCE_PURE;CONTINUOUS_MINUTE_STREAM;VERIFIED_MODEL_GRID,7e8df3320a80a3b821e3a35b5656d566992a01561b182fb7de1c963fc50a1584,2026-09-20T17:07:00+00:00,2026-09-20 22:07:00,86.2,1011.6,80
13.1,19.3,38.5,1196.6,347.4,54.0,6.8,3.1,0.8,448.0,221.4,18.9,6.3,32.1,27.7,25.18,False,4095,0.0,10.0,0.0,EXT-OPEN-METEO-KHI,KARACHI,OPENSOURCE_API_GRID,1029,,,,0.95,True,True,TIER2_OPENSOURCE_PURE;CONTINUOUS_MINUTE_STREAM;VERIFIED_MODEL_GRID,3bb37f6c6e306da4ff8d4eebaeb3bd92ac58af7f2c0875f06b07bacf31fda0cf,2026-09-20T17:08:00+00:00,2026-09-20 22:08:00,86.2,1011.6,80
13.1,19.3,38.5,1196.6,347.4,54.0,6.8,3.1,0.8,448.0,221.2,18.9,6.3,32.1,27.7,25.18,False,4095,0.0,10.0,0.0,EXT-OPEN-METEO-KHI,KARACHI,OPENSOURCE_API_GRID,1030,,,,0.95,True,True,TIER2_OPENSOURCE_PURE;CONTINUOUS_MINUTE_STREAM;VERIFIED_MODEL_GRID,d0bddf58b6371ded2a38820c8986e80b6010a1005258c3171246cff20a73380e,2026-09-20T17:09:00+00:00,2026-09-20 22:09:00,86.2,1011.6,80
13.1,19.3,38.5,1196.6,347.4,54.0,6.8,3.1,0.8,448.0,221.0,18.9,6.3,32.1,27.7,25.18,False,4095,0.0,10.0,0.0,EXT-OPEN-METEO-KHI,KARACHI,OPENSOURCE_API_GRID,1031,,,,0.95,True,True,TIER2_OPENSOURCE_PURE;CONTINUOUS_MINUTE_STREAM;VERIFIED_MODEL_GRID,7522f65d3ce44611b378c8cd32c06de0f2062c217f8e23de641c04d756f25a2d,2026-09-20T17:10:00+00:00,2026-09-20 22:10:00,86.2,1011.6,80
13.1,19.2,38.4,1190.4,345.6,53.8,6.7,3.1,0.8,448.0,220.8,18.9,6.3,32.2,27.7,25.18,False,4095,0.0,10.0,0.0,EXT-OPEN-METEO-KHI,KARACHI,OPENSOURCE_API_GRID,1032,,,,0.95,True,True,TIER2_OPENSOURCE_PURE;CONTINUOUS_MINUTE_STREAM;VERIFIED_MODEL_GRID,d7329f76143e087988b32afa8d25f3bf3783697cf8ba8cb5f5e37063f05bf098,2026-09-20T17:11:00+00:00,2026-09-20 22:11:00,86.2,1011.6,80
13.1,19.2,38.4,1190.4,345.6,53.8,6.7,3.1,0.8,448.0,220.6,18.8,6.3,32.2,27.7,25.18,False,4095,0.0,10.0,0.0,EXT-OPEN-METEO-KHI,KARACHI,OPENSOURCE_API_GRID,1033,,,,0.95,True,True,TIER2_OPENSOURCE_PURE;CONTINUOUS_MINUTE_STREAM;VERIFIED_MODEL_GRID,7cdff5250f156f0d05e42f7036ceca8a15133f286ea87900af2694b4a405ee3c,2026-09-20T17:12:00+00:00,2026-09-20 22:12:00,86.2,1011.6,80
13.1,19.2,38.3,1190.4,345.6,53.8,6.7,3.1,0.8,448.0,220.3,18.8,6.3,32.2,27.7,25.18,False,4095,0.0,10.0,0.0,EXT-OPEN-METEO-KHI,KARACHI,OPENSOURCE_API_GRID,1034,,,,0.95,True,True,TIER2_OPENSOURCE_PURE;CONTINUOUS_MINUTE_STREAM;VERIFIED_MODEL_GRID,07ea65612ee73b2d41b9774134d4d5ff0e2aafa0daf5cb3c137cf7d806f2c5e6,2026-09-20T17:13:00+00:00,2026-09-20 22:13:00,86.2,1011.6,80
13.1,19.2,38.2,1190.4,345.6,53.8,6.7,3.1,0.8,448.0,220.1,18.8,6.3,32.3,27.7,25.18,False,4095,0.0,10.0,0.0,EXT-OPEN-METEO-KHI,KARACHI,OPENSOURCE_API_GRID,1035,,,,0.95,True,True,TIER2_OPENSOURCE_PURE;CONTINUOUS_MINUTE_STREAM;VERIFIED_MODEL_GRID,2c172ddbc6dee18472cc1f3f9d45d63587d80543390a23f03f53a157ff8775c9,2026-09-20T17:14:00+00:00,2026-09-20 22:14:00,86.2,1011.6,80
13.0,19.1,38.1,1184.2,343.8,53.5,6.7,3.0,0.8,448.0,219.8,18.8,6.3,32.3,27.7,25.18,False,4095,0.0,10.0,0.0,EXT-OPEN-METEO-KHI,KARACHI,OPENSOURCE_API_GRID,1036,,,,0.95,True,True,TIER2_OPENSOURCE_PURE;CONTINUOUS_MINUTE_STREAM;VERIFIED_MODEL_GRID,5ef2f1c6d113358b7edc66a94bb7def718f6279fa476e7931786bc8de776ea80,2026-09-20T17:15:00+00:00,2026-09-20 22:15:00,86.2,1011.6,80
13.0,19.1,38.0,1184.2,343.8,53.5,6.7,3.0,0.8,448.0,219.5,18.7,6.3,32.3,27.7,25.18,False,4095,0.0,10.0,0.0,EXT-OPEN-METEO-KHI,KARACHI,OPENSOURCE_API_GRID,1037,,,,0.95,True,True,TIER2_OPENSOURCE_PURE;CONTINUOUS_MINUTE_STREAM;VERIFIED_MODEL_GRID,95c68748a2ee8b8ab6b55bad0a2359d13c08b4ebfefb3dfc85d128885150b3c5,2026-09-20T17:16:00+00:00,2026-09-20 22:16:00,86.2,1011.6,80
12.9,19.0,37.9,1178.0,342.0,53.2,6.6,3.0,0.8,448.0,219.2,18.7,6.3,32.4,27.7,25.2,False,4095,0.0,10.0,0.0,EXT-OPEN-METEO-KHI,KARACHI,OPENSOURCE_API_GRID,1038,,,,0.95,True,True,TIER2_OPENSOURCE_PURE;CONTINUOUS_MINUTE_STREAM;VERIFIED_MODEL_GRID,8aee3b13334a71751538ffd56570eafcc7915bab7865f320a629689f762b6152,2026-09-20T17:17:00+00:00,2026-09-20 22:17:00,86.3,1011.6,80
12.9,18.9,37.8,1171.8,340.2,52.9,6.6,3.0,0.8,448.0,218.9,18.7,6.3,32.4,27.6,25.1,False,4095,0.0,10.0,0.0,EXT-OPEN-METEO-KHI,KARACHI,OPENSOURCE_API_GRID,1039,,,,0.95,True,True,TIER2_OPENSOURCE_PURE;CONTINUOUS_MINUTE_STREAM;VERIFIED_MODEL_GRID,b7edf1932d7286516d0c70fb649caeca7a858c8e0563e3e26acc18181d509072,2026-09-20T17:18:00+00:00,2026-09-20 22:18:00,86.3,1011.6,80
12.9,18.9,37.7,1171.8,340.2,52.9,6.6,3.0,0.8,448.0,218.6,18.6,6.3,32.5,27.6,25.1,False,4095,0.0,10.0,0.0,EXT-OPEN-METEO-KHI,KARACHI,OPENSOURCE_API_GRID,1040,,,,0.95,True,True,TIER2_OPENSOURCE_PURE;CONTINUOUS_MINUTE_STREAM;VERIFIED_MODEL_GRID,493e64f741c72ffcfe1e5c4f63d4c1386c61edee9132dc7c6f36f98098117bd2,2026-09-20T17:19:00+00:00,2026-09-20 22:19:00,86.3,1011.6,80
12.8,18.8,37.6,1165.6,338.4,52.6,6.6,3.0,0.8,448.0,218.2,18.6,6.3,32.5,27.6,25.12,False,4095,0.0,10.0,0.0,EXT-OPEN-METEO-KHI,KARACHI,OPENSOURCE_API_GRID,1041,,,,0.95,True,True,TIER2_OPENSOURCE_PURE;CONTINUOUS_MINUTE_STREAM;VERIFIED_MODEL_GRID,79f56952e8284baddca4f02eb5291e5b0ce7a7ec563a8c7575bf0883647d64f8,2026-09-20T17:20:00+00:00,2026-09-20 22:20:00,86.4,1011.6,80
12.8,18.8,37.5,1165.6,338.4,52.6,6.6,3.0,0.8,448.0,217.9,18.6,6.4,32.5,27.6,25.12,False,4095,0.0,10.0,0.0,EXT-OPEN-METEO-KHI,KARACHI,OPENSOURCE_API_GRID,1042,,,,0.95,True,True,TIER2_OPENSOURCE_PURE;CONTINUOUS_MINUTE_STREAM;VERIFIED_MODEL_GRID,b838c1c9c4c61267b225ddbc50f9ec1ee20b125361ea99ce4695e59d30b24068,2026-09-20T17:21:00+00:00,2026-09-20 22:21:00,86.4,1011.6,80
12.7,18.7,37.4,1159.4,336.6,52.4,6.5,3.0,0.7,448.0,217.6,18.5,6.4,32.6,27.6,25.12,False,4095,0.0,10.0,0.0,EXT-OPEN-METEO-KHI,KARACHI,OPENSOURCE_API_GRID,1043,,,,0.95,True,True,TIER2_OPENSOURCE_PURE;CONTINUOUS_MINUTE_STREAM;VERIFIED_MODEL_GRID,adca25941223cdea6b4adfff9fef775dd9e5f28da4caff4ffeb28620c2b7919d,2026-09-20T17:22:00+00:00,2026-09-20 22:22:00,86.4,1011.6,80
12.7,18.7,37.3,1159.4,336.6,52.4,6.5,3.0,0.7,448.0,217.2,18.5,6.4,32.6,27.6,25.14,False,4095,0.0,10.0,0.0,EXT-OPEN-METEO-KHI,KARACHI,OPENSOURCE_API_GRID,1044,,,,0.95,True,True,TIER2_OPENSOURCE_PURE;CONTINUOUS_MINUTE_STREAM;VERIFIED_MODEL_GRID,626760feb3b20d5b4ed0b26a0a8b9da92d08fe06e4cb022e989e4464f431026e,2026-09-20T17:23:00+00:00,2026-09-20 22:23:00,86.5,1011.5,80
12.7,18.7,37.3,1159.4,336.6,52.4,6.5,3.0,0.7,448.0,216.8,18.4,6.4,32.7,27.6,25.16,False,4095,0.0,10.0,0.0,EXT-OPEN-METEO-KHI,KARACHI,OPENSOURCE_API_GRID,1045,,,,0.95,True,True,TIER2_OPENSOURCE_PURE;CONTINUOUS_MINUTE_STREAM;VERIFIED_MODEL_GRID,1f57c0fc1c1fbe0d59c4e4be0983a77603e7e764be2a2792957da7ad27bae013,2026-09-20T17:24:00+00:00,2026-09-20 22:24:00,86.6,1011.5,80
12.7,18.7,37.2,1159.4,336.6,52.4,6.5,3.0,0.7,448.0,216.4,18.4,6.4,32.7,27.5,25.06,False,4095,0.0,10.0,0.0,EXT-OPEN-METEO-KHI,KARACHI,OPENSOURCE_API_GRID,1046,,,,0.95,True,True,TIER2_OPENSOURCE_PURE;CONTINUOUS_MINUTE_STREAM;VERIFIED_MODEL_GRID,a5d6abcc3e1070bcaeda512c0fdf3faad83dd42ee60cd8bfd133b858cd39f5db,2026-09-20T17:25:00+00:00,2026-09-20 22:25:00,86.6,1011.5,80
12.7,18.7,37.2,1159.4,336.6,52.4,6.5,3.0,0.7,448.0,216.1,18.4,6.4,32.8,27.5,25.08,False,4095,0.0,10.0,0.0,EXT-OPEN-METEO-KHI,KARACHI,OPENSOURCE_API_GRID,1047,,,,0.95,True,True,TIER2_OPENSOURCE_PURE;CONTINUOUS_MINUTE_STREAM;VERIFIED_MODEL_GRID,8abe4eaa262aa13556a25dccbb0c9b84f2e89ab80e11db3166e0856c0f765441,2026-09-20T17:26:00+00:00,2026-09-20 22:26:00,86.7,1011.5,80
12.7,18.7,37.2,1159.4,336.6,52.4,6.5,3.0,0.7,448.0,215.7,18.3,6.4,32.8,27.5,25.08,False,4095,0.0,10.0,0.0,EXT-OPEN-METEO-KHI,KARACHI,OPENSOURCE_API_GRID,1048,,,,0.95,True,True,TIER2_OPENSOURCE_PURE;CONTINUOUS_MINUTE_STREAM;VERIFIED_MODEL_GRID,7d2cdbd36511979cd89cf24fc574b5f73b24225655e5fa0d5c789717f5f8f7c0,2026-09-20T17:27:00+00:00,2026-09-20 22:27:00,86.7,1011.5,80
12.7,18.7,37.2,1159.4,336.6,52.4,6.5,3.0,0.7,448.0,215.3,18.3,6.4,32.9,27.5,25.1,False,4095,0.0,10.0,0.0,EXT-OPEN-METEO-KHI,KARACHI,OPENSOURCE_API_GRID,1049,,,,0.95,True,True,TIER2_OPENSOURCE_PURE;CONTINUOUS_MINUTE_STREAM;VERIFIED_MODEL_GRID,eaaa76ce036eb9339b07e99971ea09f96fcdb862c30a70ffdde672dcc3b9fb13,2026-09-20T17:28:00+00:00,2026-09-20 22:28:00,86.8,1011.5,80
12.7,18.7,37.2,1159.4,336.6,52.4,6.5,3.0,0.7,448.0,214.9,18.2,6.4,32.9,27.5,25.12,False,4095,0.0,10.0,0.0,EXT-OPEN-METEO-KHI,KARACHI,OPENSOURCE_API_GRID,1050,,,,0.95,True,True,TIER2_OPENSOURCE_PURE;CONTINUOUS_MINUTE_STREAM;VERIFIED_MODEL_GRID,6fdaeb6e3c15ee8635a952b27346c8335b8c8376d80c688a39653cf6ae5912f4,2026-09-20T17:29:00+00:00,2026-09-20 22:29:00,86.9,1011.5,80
12.7,18.7,37.2,1159.4,336.6,52.4,6.5,3.0,0.7,448.0,214.5,18.2,6.4,33.0,27.5,25.14,False,4095,0.0,10.0,0.0,EXT-OPEN-METEO-KHI,KARACHI,OPENSOURCE_API_GRID,1051,,,,0.95,True,True,TIER2_OPENSOURCE_PURE;CONTINUOUS_MINUTE_STREAM;VERIFIED_MODEL_GRID,4ebb42a441def072750f7c64930717b4dbe6203febe9470d3e20474afd67bd39,2026-09-20T17:30:00+00:00,2026-09-20 22:30:00,87.0,1011.5,80
12.8,18.8,37.2,1165.6,338.4,52.6,6.6,3.0,0.7,448.0,214.1,18.2,6.4,33.1,27.5,25.14,False,4095,0.0,10.0,0.0,EXT-OPEN-METEO-KHI,KARACHI,OPENSOURCE_API_GRID,1052,,,,0.95,True,True,TIER2_OPENSOURCE_PURE;CONTINUOUS_MINUTE_STREAM;VERIFIED_MODEL_GRID,3d74e1602eee4c6db5d6b42189a385b0c0ee8697f960b8ba3d74cc15f9eb3907,2026-09-20T17:31:00+00:00,2026-09-20 22:31:00,87.0,1011.5,80
12.8,18.8,37.2,1165.6,338.4,52.6,6.6,3.0,0.7,448.0,213.7,18.1,6.4,33.1,27.5,25.16,False,4095,0.0,10.0,0.0,EXT-OPEN-METEO-KHI,KARACHI,OPENSOURCE_API_GRID,1053,,,,0.95,True,True,TIER2_OPENSOURCE_PURE;CONTINUOUS_MINUTE_STREAM;VERIFIED_MODEL_GRID,37190ebbc372023c91cf0aa6bbab90d88411af42b5e4e6b1981948e5c59ad65e,2026-09-20T17:32:00+00:00,2026-09-20 22:32:00,87.1,1011.5,80
12.8,18.8,37.2,1165.6,338.4,52.6,6.6,3.0,0.7,448.0,213.3,18.1,6.4,33.2,27.5,25.18,False,4095,0.0,10.0,0.0,EXT-OPEN-METEO-KHI,KARACHI,OPENSOURCE_API_GRID,1054,,,,0.95,True,True,TIER2_OPENSOURCE_PURE;CONTINUOUS_MINUTE_STREAM;VERIFIED_MODEL_GRID,b0fd90b24d19d6cc31e961a3104b90671da02bb4b38f57bf60d509952f49783f,2026-09-20T17:33:00+00:00,2026-09-20 22:33:00,87.2,1011.5,80
12.7,18.7,37.0,1159.4,336.6,52.4,6.5,3.0,0.7,448.0,212.9,18.0,6.4,33.2,27.5,25.22,False,4095,0.0,10.0,0.0,EXT-OPEN-METEO-KHI,KARACHI,OPENSOURCE_API_GRID,1055,,,,0.95,True,True,TIER2_OPENSOURCE_PURE;CONTINUOUS_MINUTE_STREAM;VERIFIED_MODEL_GRID,f23f4dd231d2a67249db396d8d028ab7960a095a683fb53372d66818306908fd,2026-09-20T17:34:00+00:00,2026-09-20 22:34:00,87.4,1011.5,80
12.8,18.8,37.0,1165.6,338.4,52.6,6.6,3.0,0.7,448.0,212.6,18.0,6.4,33.3,27.5,25.22,False,4095,0.0,10.0,0.0,EXT-OPEN-METEO-KHI,KARACHI,OPENSOURCE_API_GRID,1056,,,,0.95,True,True,TIER2_OPENSOURCE_PURE;CONTINUOUS_MINUTE_STREAM;VERIFIED_MODEL_GRID,089094d540e90cbfff4108ed35c7aa1419429ab82abbea47565fae9e83a8a416,2026-09-20T17:35:00+00:00,2026-09-20 22:35:00,87.4,1011.5,80
12.8,18.8,37.1,1165.6,338.4,52.6,6.6,3.0,0.7,448.0,212.2,18.0,6.4,33.3,27.5,25.24,False,4095,0.0,10.0,0.0,EXT-OPEN-METEO-KHI,KARACHI,OPENSOURCE_API_GRID,1057,,,,0.95,True,True,TIER2_OPENSOURCE_PURE;CONTINUOUS_MINUTE_STREAM;VERIFIED_MODEL_GRID,d19b57d9e9de9340a78e14666932a810a4c725462d61779f8a384b2f50b8f695,2026-09-20T17:36:00+00:00,2026-09-20 22:36:00,87.5,1011.5,80
12.8,18.8,37.1,1165.6,338.4,52.6,6.6,3.0,0.7,448.0,211.8,17.9,6.4,33.4,27.5,25.24,False,4095,0.0,10.0,0.0,EXT-OPEN-METEO-KHI,KARACHI,OPENSOURCE_API_GRID,1058,,,,0.95,True,True,TIER2_OPENSOURCE_PURE;CONTINUOUS_MINUTE_STREAM;VERIFIED_MODEL_GRID,82a15c6795bd07592a68a83970c5bb0603b8bdf8feb744dbe9f898bf495e8065,2026-09-20T17:37:00+00:00,2026-09-20 22:37:00,87.5,1011.5,80
12.8,18.8,37.1,1165.6,338.4,52.6,6.6,3.0,0.7,448.0,211.4,17.9,6.4,33.4,27.5,25.24,False,4095,0.0,10.0,0.0,EXT-OPEN-METEO-KHI,KARACHI,OPENSOURCE_API_GRID,1059,,,,0.95,True,True,TIER2_OPENSOURCE_PURE;CONTINUOUS_MINUTE_STREAM;VERIFIED_MODEL_GRID,68341a6cc5c3b1df46c791b11d2dfb96fbaf21fbe46e3c37155c7e3a20b618a1,2026-09-20T17:38:00+00:00,2026-09-20 22:38:00,87.5,1011.5,80
12.8,18.8,37.0,1165.6,338.4,52.6,6.6,3.0,0.7,448.0,211.1,17.8,6.4,33.5,27.5,25.26,False,4095,0.0,10.0,0.0,EXT-OPEN-METEO-KHI,KARACHI,OPENSOURCE_API_GRID,1060,,,,0.95,True,True,TIER2_OPENSOURCE_PURE;CONTINUOUS_MINUTE_STREAM;VERIFIED_MODEL_GRID,464286546ae4ec0a8373ac78db6dec21769dbab2e3ea7ab5a19d14fcc3873515,2026-09-20T17:39:00+00:00,2026-09-20 22:39:00,87.6,1011.5,80
12.8,18.8,37.0,1165.6,338.4,52.6,6.6,3.0,0.7,448.0,210.8,17.8,6.4,33.5,27.5,25.26,False,4095,0.0,10.0,0.0,EXT-OPEN-METEO-KHI,KARACHI,OPENSOURCE_API_GRID,1061,,,,0.95,True,True,TIER2_OPENSOURCE_PURE;CONTINUOUS_MINUTE_STREAM;VERIFIED_MODEL_GRID,b22fba5eaec4803e79f76d779d8d8861d95c87dfbfc1e217d242b7a13dc3c9e1,2026-09-20T17:40:00+00:00,2026-09-20 22:40:00,87.6,1011.5,80
12.8,18.8,37.0,1165.6,338.4,52.6,6.6,3.0,0.7,448.0,210.4,17.8,6.5,33.5,27.5,25.26,False,4095,0.0,10.0,0.0,EXT-OPEN-METEO-KHI,KARACHI,OPENSOURCE_API_GRID,1062,,,,0.95,True,True,TIER2_OPENSOURCE_PURE;CONTINUOUS_MINUTE_STREAM;VERIFIED_MODEL_GRID,e461dc82fb88b9686d8fa8bea170298aa08b74c0c2c61da535c52a23ffe2833b,2026-09-20T17:41:00+00:00,2026-09-20 22:41:00,87.6,1011.5,80
12.8,18.8,36.9,1165.6,338.4,52.6,6.6,3.0,0.7,448.0,210.1,17.7,6.5,33.6,27.5,25.26,False,4095,0.0,10.0,0.0,EXT-OPEN-METEO-KHI,KARACHI,OPENSOURCE_API_GRID,1063,,,,0.95,True,True,TIER2_OPENSOURCE_PURE;CONTINUOUS_MINUTE_STREAM;VERIFIED_MODEL_GRID,b2fa68f50291d153ceda180a7f071076edcec4924d6e3f24b184b940caf143a1,2026-09-20T17:42:00+00:00,2026-09-20 22:42:00,87.6,1011.5,80
12.8,18.8,36.9,1165.6,338.4,52.6,6.6,3.0,0.7,448.0,209.8,17.7,6.5,33.6,27.5,25.26,False,4095,0.0,10.0,0.0,EXT-OPEN-METEO-KHI,KARACHI,OPENSOURCE_API_GRID,1064,,,,0.95,True,True,TIER2_OPENSOURCE_PURE;CONTINUOUS_MINUTE_STREAM;VERIFIED_MODEL_GRID,0ef6dd91583c7720098000f2c5c3c82eaf73ad195e3dff7688b89a98610d1c77,2026-09-20T17:43:00+00:00,2026-09-20 22:43:00,87.6,1011.5,80
12.8,18.8,36.8,1165.6,338.4,52.6,6.6,2.9,0.7,448.0,209.5,17.7,6.5,33.7,27.5,25.28,False,4095,0.0,10.0,0.0,EXT-OPEN-METEO-KHI,KARACHI,OPENSOURCE_API_GRID,1065,,,,0.95,True,True,TIER2_OPENSOURCE_PURE;CONTINUOUS_MINUTE_STREAM;VERIFIED_MODEL_GRID,965edfc04290bedf4627cd1ef5bc3fd7d1d5da8b22fa014c43de3ed998b132dc,2026-09-20T17:44:00+00:00,2026-09-20 22:44:00,87.7,1011.5,80
12.7,18.7,36.7,1159.4,336.6,52.4,6.5,2.9,0.7,448.0,209.2,17.6,6.5,33.7,27.5,25.28,False,4095,0.0,10.0,0.0,EXT-OPEN-METEO-KHI,KARACHI,OPENSOURCE_API_GRID,1066,,,,0.95,True,True,TIER2_OPENSOURCE_PURE;CONTINUOUS_MINUTE_STREAM;VERIFIED_MODEL_GRID,cd10c95d2d56ce0fc8c55207ce1d75b8bea99feb8d41ab2cd7fe22c870ec4c76,2026-09-20T17:45:00+00:00,2026-09-20 22:45:00,87.7,1011.4,80
12.7,18.7,36.6,1159.4,336.6,52.4,6.5,2.9,0.7,448.0,208.9,17.6,6.5,33.7,27.5,25.28,False,4095,0.0,10.0,0.0,EXT-OPEN-METEO-KHI,KARACHI,OPENSOURCE_API_GRID,1067,,,,0.95,True,True,TIER2_OPENSOURCE_PURE;CONTINUOUS_MINUTE_STREAM;VERIFIED_MODEL_GRID,8196b55bf9796372e6ad50ef823aa7f53081f6d71d08a169529c845497d406c0,2026-09-20T17:46:00+00:00,2026-09-20 22:46:00,87.7,1011.4,80
12.6,18.6,36.5,1153.2,334.8,52.1,6.5,2.9,0.7,448.0,208.7,17.6,6.5,33.8,27.5,25.28,False,4095,0.0,10.0,0.0,EXT-OPEN-METEO-KHI,KARACHI,OPENSOURCE_API_GRID,1068,,,,0.95,True,True,TIER2_OPENSOURCE_PURE;CONTINUOUS_MINUTE_STREAM;VERIFIED_MODEL_GRID,f0840231970160b928239a2623689baf43e4f75e942f8e284b00257b295cb2c6,2026-09-20T17:47:00+00:00,2026-09-20 22:47:00,87.7,1011.4,80
12.6,18.6,36.4,1153.2,334.8,52.1,6.5,2.9,0.7,448.0,208.4,17.6,6.5,33.8,27.4,25.18,False,4095,0.0,10.0,0.0,EXT-OPEN-METEO-KHI,KARACHI,OPENSOURCE_API_GRID,1069,,,,0.95,True,True,TIER2_OPENSOURCE_PURE;CONTINUOUS_MINUTE_STREAM;VERIFIED_MODEL_GRID,ad52c9725033c7cbd6125afc5e8fad3517825537f6cc0d492486598e0c6ace2a,2026-09-20T17:48:00+00:00,2026-09-20 22:48:00,87.7,1011.4,80
12.6,18.5,36.3,1147.0,333.0,51.8,6.5,2.9,0.7,448.0,208.2,17.5,6.5,33.8,27.4,25.18,False,4095,0.0,10.0,0.0,EXT-OPEN-METEO-KHI,KARACHI,OPENSOURCE_API_GRID,1070,,,,0.95,True,True,TIER2_OPENSOURCE_PURE;CONTINUOUS_MINUTE_STREAM;VERIFIED_MODEL_GRID,2ae9e5d735c29d51672a2a750ae33c928627ff2d5670e97998850506d9946275,2026-09-20T17:49:00+00:00,2026-09-20 22:49:00,87.7,1011.4,80
12.6,18.5,36.2,1147.0,333.0,51.8,6.5,2.9,0.7,448.0,208.0,17.5,6.5,33.9,27.4,25.18,False,4095,0.0,10.0,0.0,EXT-OPEN-METEO-KHI,KARACHI,OPENSOURCE_API_GRID,1071,,,,0.95,True,True,TIER2_OPENSOURCE_PURE;CONTINUOUS_MINUTE_STREAM;VERIFIED_MODEL_GRID,98e93ec1fcb920cdba5db493a1e4240f4581b9e8e07ade09bdba6cb2f148d71c,2026-09-20T17:50:00+00:00,2026-09-20 22:50:00,87.7,1011.4,80
12.5,18.4,36.1,1140.8,331.2,51.5,6.4,2.9,0.7,448.0,207.8,17.5,6.5,33.9,27.4,25.18,False,4095,0.0,10.0,0.0,EXT-OPEN-METEO-KHI,KARACHI,OPENSOURCE_API_GRID,1072,,,,0.95,True,True,TIER2_OPENSOURCE_PURE;CONTINUOUS_MINUTE_STREAM;VERIFIED_MODEL_GRID,1b7eb04128bd4161cd61bdf1f95009004b1e62698ff59995e494f06450965e3b,2026-09-20T17:51:00+00:00,2026-09-20 22:51:00,87.7,1011.4,80
12.5,18.4,36.1,1140.8,331.2,51.5,6.4,2.9,0.7,448.0,207.6,17.5,6.5,33.9,27.4,25.2,False,4095,0.0,10.0,0.0,EXT-OPEN-METEO-KHI,KARACHI,OPENSOURCE_API_GRID,1073,,,,0.95,True,True,TIER2_OPENSOURCE_PURE;CONTINUOUS_MINUTE_STREAM;VERIFIED_MODEL_GRID,614df7c8db29e7f0f9f597e94135e37fe6a46964cbc423f37f444b66c6e1fdbc,2026-09-20T17:52:00+00:00,2026-09-20 22:52:00,87.8,1011.4,80
12.4,18.3,36.0,1134.6,329.4,51.2,6.4,2.9,0.7,448.0,207.5,17.5,6.5,33.9,27.4,25.2,False,4095,0.0,10.0,0.0,EXT-OPEN-METEO-KHI,KARACHI,OPENSOURCE_API_GRID,1074,,,,0.95,True,True,TIER2_OPENSOURCE_PURE;CONTINUOUS_MINUTE_STREAM;VERIFIED_MODEL_GRID,8649713178a83644dab16f3e69493b774765873595c9c660058c825729a3ce2a,2026-09-20T17:53:00+00:00,2026-09-20 22:53:00,87.8,1011.4,80
12.4,18.3,36.0,1134.6,329.4,51.2,6.4,2.9,0.7,448.0,207.4,17.4,6.5,34.0,27.4,25.2,False,4095,0.0,10.0,0.0,EXT-OPEN-METEO-KHI,KARACHI,OPENSOURCE_API_GRID,1075,,,,0.95,True,True,TIER2_OPENSOURCE_PURE;CONTINUOUS_MINUTE_STREAM;VERIFIED_MODEL_GRID,a85ba17441cd2246d71eccffaf59b1f57d7a20abbe4fd802bd7b196f3603246c,2026-09-20T17:54:00+00:00,2026-09-20 22:54:00,87.8,1011.4,80
12.4,18.3,35.9,1134.6,329.4,51.2,6.4,2.9,0.7,448.0,207.3,17.4,6.5,34.0,27.4,25.2,False,4095,0.0,10.0,0.0,EXT-OPEN-METEO-KHI,KARACHI,OPENSOURCE_API_GRID,1076,,,,0.95,True,True,TIER2_OPENSOURCE_PURE;CONTINUOUS_MINUTE_STREAM;VERIFIED_MODEL_GRID,42fd8824858b89deb053a4f74b1aabe5f6a5bc67a891076d3a9e5cfa44fae816,2026-09-20T17:55:00+00:00,2026-09-20 22:55:00,87.8,1011.4,80
12.4,18.3,35.9,1134.6,329.4,51.2,6.4,2.9,0.7,448.0,207.2,17.4,6.5,34.0,27.4,25.2,False,4095,0.0,10.0,0.0,EXT-OPEN-METEO-KHI,KARACHI,OPENSOURCE_API_GRID,1077,,,,0.95,True,True,TIER2_OPENSOURCE_PURE;CONTINUOUS_MINUTE_STREAM;VERIFIED_MODEL_GRID,a7f663f67b38fe8eb008e9e5a3d7227b36387ac9b0d5d120d9ea245ac54d9e24,2026-09-20T17:56:00+00:00,2026-09-20 22:56:00,87.8,1011.4,80
12.4,18.3,35.9,1134.6,329.4,51.2,6.4,2.9,0.7,448.0,207.1,17.4,6.5,34.0,27.4,25.22,False,4095,0.0,10.0,0.0,EXT-OPEN-METEO-KHI,KARACHI,OPENSOURCE_API_GRID,1078,,,,0.95,True,True,TIER2_OPENSOURCE_PURE;CONTINUOUS_MINUTE_STREAM;VERIFIED_MODEL_GRID,1fac97a63f9b4ec2774944c221acee1de225c24eec0dbc8b55612804fd876d52,2026-09-20T17:57:00+00:00,2026-09-20 22:57:00,87.9,1011.4,80
12.4,18.3,36.0,1134.6,329.4,51.2,6.4,2.9,0.7,448.0,207.0,17.4,6.5,34.0,27.4,25.22,False,4095,0.0,10.0,0.0,EXT-OPEN-METEO-KHI,KARACHI,OPENSOURCE_API_GRID,1079,,,,0.95,True,True,TIER2_OPENSOURCE_PURE;CONTINUOUS_MINUTE_STREAM;VERIFIED_MODEL_GRID,b0e195dabe7e2d71b25e26d44e6c1a1d6f19f9216bbe15be1981199c44445bc7,2026-09-20T17:58:00+00:00,2026-09-20 22:58:00,87.9,1011.4,80
12.5,18.4,36.0,1140.8,331.2,51.5,6.4,2.9,0.7,448.0,207.0,17.4,6.5,34.0,27.4,25.22,False,4095,0.0,10.0,0.0,EXT-OPEN-METEO-KHI,KARACHI,OPENSOURCE_API_GRID,1080,,,,0.95,True,True,TIER2_OPENSOURCE_PURE;CONTINUOUS_MINUTE_STREAM;VERIFIED_MODEL_GRID,b2bf2cf2c785bc73aaa9daf171fdb08f36619a916aeec80b59e8acf1283734de,2026-09-20T17:59:00+00:00,2026-09-20 22:59:00,87.9,1011.4,80
12.5,18.4,36.1,1140.8,331.2,51.5,6.4,2.9,0.7,448.0,207.0,17.4,6.5,34.0,27.4,25.22,False,4095,0.0,10.0,0.0,EXT-OPEN-METEO-KHI,KARACHI,OPENSOURCE_API_GRID,1081,,,,0.95,True,False,TIER2_OPENSOURCE_PURE;HOURLY_NODE;VERIFIED_MODEL_GRID,f7afcec614c781f5e178a78b01cb4c67a6982e2818814685f7cc15ba753a07d5,2026-09-20T18:00:00+00:00,2026-09-20 23:00:00,87.9,1011.4,80
12.5,18.4,36.1,1140.8,331.2,51.5,6.4,2.9,0.7,448.0,207.0,17.4,6.5,34.0,27.4,25.23,False,4095,0.0,10.0,0.0,EXT-OPEN-METEO-KHI,KARACHI,OPENSOURCE_API_GRID,1082,,,,0.95,True,True,TIER2_OPENSOURCE_PURE;CONTINUOUS_MINUTE_STREAM;VERIFIED_MODEL_GRID,bb6943fcdcde544ac4e94865c9fb1d8d8cb73e3f837df1e4064421b063a4806f,2026-09-20T18:01:00+00:00,2026-09-20 23:01:00,88.0,1011.4,80
12.6,18.5,36.2,1147.0,333.0,51.8,6.5,2.9,0.7,448.0,206.9,17.4,6.5,34.0,27.4,25.23,False,4095,0.0,10.0,0.0,EXT-OPEN-METEO-KHI,KARACHI,OPENSOURCE_API_GRID,1083,,,,0.95,True,True,TIER2_OPENSOURCE_PURE;CONTINUOUS_MINUTE_STREAM;VERIFIED_MODEL_GRID,d7c934b05b8efd7c89514619fc5d7a00abfce316d718e5530821c007a62aed97,2026-09-20T18:02:00+00:00,2026-09-20 23:02:00,88.0,1011.4,80
12.6,18.5,36.2,1147.0,333.0,51.8,6.5,2.9,0.7,448.0,206.9,17.4,6.5,34.0,27.4,25.23,False,4095,0.0,10.0,0.0,EXT-OPEN-METEO-KHI,KARACHI,OPENSOURCE_API_GRID,1084,,,,0.95,True,True,TIER2_OPENSOURCE_PURE;CONTINUOUS_MINUTE_STREAM;VERIFIED_MODEL_GRID,96f1d884acf63a96aa10cb51045aedaaf06f6d6fcc7e5d27334b02534172781d,2026-09-20T18:03:00+00:00,2026-09-20 23:03:00,88.0,1011.4,80
12.6,18.6,36.3,1153.2,334.8,52.1,6.5,2.9,0.7,448.0,206.7,17.4,6.5,34.0,27.4,25.25,False,4095,0.0,9.9,0.0,EXT-OPEN-METEO-KHI,KARACHI,OPENSOURCE_API_GRID,1085,,,,0.95,True,True,TIER2_OPENSOURCE_PURE;CONTINUOUS_MINUTE_STREAM;VERIFIED_MODEL_GRID,1892db607ea11f07c03bb33e107321af178f953f056218ee515bfa542d0b4e8a,2026-09-20T18:04:00+00:00,2026-09-20 23:04:00,88.1,1011.4,80
12.6,18.5,36.2,1147.0,333.0,51.8,6.5,2.9,0.7,448.0,206.6,17.4,6.5,34.0,27.4,25.27,False,4095,0.0,9.9,0.0,EXT-OPEN-METEO-KHI,KARACHI,OPENSOURCE_API_GRID,1086,,,,0.95,True,True,TIER2_OPENSOURCE_PURE;CONTINUOUS_MINUTE_STREAM;VERIFIED_MODEL_GRID,136bfb4023f77c384ea66d50abb2d7ab857e954358b44f1852f66bae52634b99,2026-09-20T18:05:00+00:00,2026-09-20 23:05:00,88.2,1011.4,80
12.6,18.5,36.2,1147.0,333.0,51.8,6.5,2.9,0.7,448.0,206.4,17.4,6.5,34.0,27.4,25.27,False,4095,0.0,9.8,0.0,EXT-OPEN-METEO-KHI,KARACHI,OPENSOURCE_API_GRID,1087,,,,0.95,True,True,TIER2_OPENSOURCE_PURE;CONTINUOUS_MINUTE_STREAM;VERIFIED_MODEL_GRID,1a6e8e339a3fc3dbf1ae184599b483f8807083707013f0e8641213c195804d0a,2026-09-20T18:06:00+00:00,2026-09-20 23:06:00,88.2,1011.4,80
12.6,18.6,36.3,1153.2,334.8,52.1,6.5,2.9,0.7,448.0,206.2,17.4,6.5,34.0,27.4,25.27,False,4095,0.0,9.7,0.0,EXT-OPEN-METEO-KHI,KARACHI,OPENSOURCE_API_GRID,1088,,,,0.95,True,True,TIER2_OPENSOURCE_PURE;CONTINUOUS_MINUTE_STREAM;VERIFIED_MODEL_GRID,0e585b30b3c03f104fb5572e03e93ce39eb57230a7514fb1f7846e7ee56dea80,2026-09-20T18:07:00+00:00,2026-09-20 23:07:00,88.2,1011.4,80
12.6,18.6,36.3,1153.2,334.8,52.1,6.5,2.9,0.7,448.0,206.0,17.3,6.5,34.0,27.4,25.27,False,4095,0.0,9.7,0.0,EXT-OPEN-METEO-KHI,KARACHI,OPENSOURCE_API_GRID,1089,,,,0.95,True,True,TIER2_OPENSOURCE_PURE;CONTINUOUS_MINUTE_STREAM;VERIFIED_MODEL_GRID,e946d67ab25a5e8c10902dce1d59d6d6009adcc1d7cea541e53785793e2d07b2,2026-09-20T18:08:00+00:00,2026-09-20 23:08:00,88.2,1011.4,80
12.6,18.6,36.4,1153.2,334.8,52.1,6.5,2.9,0.7,448.0,205.7,17.3,6.5,34.0,27.4,25.27,False,4095,0.0,9.6,0.0,EXT-OPEN-METEO-KHI,KARACHI,OPENSOURCE_API_GRID,1090,,,,0.95,True,True,TIER2_OPENSOURCE_PURE;CONTINUOUS_MINUTE_STREAM;VERIFIED_MODEL_GRID,2dc777b61f50071f45ab14bab1fb566a38c6608cbb9ca850c7cf970689f4a45e,2026-09-20T18:09:00+00:00,2026-09-20 23:09:00,88.2,1011.4,80
12.7,18.7,36.4,1159.4,336.6,52.4,6.5,2.9,0.7,448.0,205.5,17.3,6.5,34.0,27.4,25.27,False,4095,0.0,9.5,0.0,EXT-OPEN-METEO-KHI,KARACHI,OPENSOURCE_API_GRID,1091,,,,0.95,True,True,TIER2_OPENSOURCE_PURE;CONTINUOUS_MINUTE_STREAM;VERIFIED_MODEL_GRID,4610669c53ac381c05545868879770c5018a01f7afa94a060ef667483a71691e,2026-09-20T18:10:00+00:00,2026-09-20 23:10:00,88.2,1011.4,80
12.7,18.7,36.4,1159.4,336.6,52.4,6.5,2.9,0.7,448.0,205.1,17.3,6.5,34.0,27.4,25.27,False,4095,0.0,9.4,0.0,EXT-OPEN-METEO-KHI,KARACHI,OPENSOURCE_API_GRID,1092,,,,0.95,True,True,TIER2_OPENSOURCE_PURE;CONTINUOUS_MINUTE_STREAM;VERIFIED_MODEL_GRID,c7e93ef5879434a4e4e46a78508b9b4b92f4d3513d99b59584375982b5ed7cde,2026-09-20T18:11:00+00:00,2026-09-20 23:11:00,88.2,1011.4,80
12.7,18.7,36.4,1159.4,336.6,52.4,6.5,2.9,0.7,448.0,204.8,17.3,6.5,34.0,27.4,25.27,False,4095,0.0,9.2,0.0,EXT-OPEN-METEO-KHI,KARACHI,OPENSOURCE_API_GRID,1093,,,,0.95,True,True,TIER2_OPENSOURCE_PURE;CONTINUOUS_MINUTE_STREAM;VERIFIED_MODEL_GRID,c547f1a0523d4dead50f0725b9ed560fc0481134cf662be6964e093752b75f77,2026-09-20T18:12:00+00:00,2026-09-20 23:12:00,88.2,1011.4,80
12.7,18.7,36.3,1159.4,336.6,52.4,6.5,2.9,0.7,448.0,204.4,17.2,6.5,34.0,27.4,25.25,False,4095,0.0,9.1,0.0,EXT-OPEN-METEO-KHI,KARACHI,OPENSOURCE_API_GRID,1094,,,,0.95,True,True,TIER2_OPENSOURCE_PURE;CONTINUOUS_MINUTE_STREAM;VERIFIED_MODEL_GRID,525f7830e576eeff0aa82d58f6d0ad2092b67af61395a4122d60de5cb23a776a,2026-09-20T18:13:00+00:00,2026-09-20 23:13:00,88.1,1011.4,80
12.6,18.6,36.3,1153.2,334.8,52.1,6.5,2.9,0.7,448.0,204.0,17.2,6.5,34.0,27.4,25.25,False,4095,0.0,9.0,0.0,EXT-OPEN-METEO-KHI,KARACHI,OPENSOURCE_API_GRID,1095,,,,0.95,True,True,TIER2_OPENSOURCE_PURE;CONTINUOUS_MINUTE_STREAM;VERIFIED_MODEL_GRID,cebdfd8a423a01aea743c03f403dec7b3ecd6af608389bb052336bef283b2984,2026-09-20T18:14:00+00:00,2026-09-20 23:14:00,88.1,1011.4,80
12.6,18.6,36.2,1153.2,334.8,52.1,6.5,2.9,0.7,448.0,203.6,17.2,6.5,34.0,27.4,25.25,False,4095,0.0,8.8,0.0,EXT-OPEN-METEO-KHI,KARACHI,OPENSOURCE_API_GRID,1096,,,,0.95,True,True,TIER2_OPENSOURCE_PURE;CONTINUOUS_MINUTE_STREAM;VERIFIED_MODEL_GRID,5b816107c548db49e391b6dbe35932a95a6447e798769020100322f1cd9915c7,2026-09-20T18:15:00+00:00,2026-09-20 23:15:00,88.1,1011.4,80
12.6,18.6,36.2,1153.2,334.8,52.1,6.5,2.9,0.7,448.0,203.2,17.2,6.5,34.0,27.4,25.25,False,4095,0.0,8.7,0.0,EXT-OPEN-METEO-KHI,KARACHI,OPENSOURCE_API_GRID,1097,,,,0.95,True,True,TIER2_OPENSOURCE_PURE;CONTINUOUS_MINUTE_STREAM;VERIFIED_MODEL_GRID,26c1fb622e338135182284acd339c19fcd666e4354739895b3d58fa6952713b4,2026-09-20T18:16:00+00:00,2026-09-20 23:16:00,88.1,1011.4,80
12.6,18.5,36.1,1147.0,333.0,51.8,6.5,2.9,0.7,448.0,202.7,17.1,6.5,34.0,27.4,25.25,False,4095,0.0,8.5,0.0,EXT-OPEN-METEO-KHI,KARACHI,OPENSOURCE_API_GRID,1098,,,,0.95,True,True,TIER2_OPENSOURCE_PURE;CONTINUOUS_MINUTE_STREAM;VERIFIED_MODEL_GRID,2c8679d5e2c423fa803dd906b798eb1adf06cc093a82f05ba88ad1cf4566b231,2026-09-20T18:17:00+00:00,2026-09-20 23:17:00,88.1,1011.3,80
12.6,18.5,36.0,1147.0,333.0,51.8,6.5,2.9,0.7,448.0,202.3,17.1,6.5,34.0,27.4,25.25,False,4095,0.0,8.4,0.0,EXT-OPEN-METEO-KHI,KARACHI,OPENSOURCE_API_GRID,1099,,,,0.95,True,True,TIER2_OPENSOURCE_PURE;CONTINUOUS_MINUTE_STREAM;VERIFIED_MODEL_GRID,5b764a9ccc2fea33cf4e1e2309bc28ec6c7755fec436a57c311e1d78b67499fd,2026-09-20T18:18:00+00:00,2026-09-20 23:18:00,88.1,1011.3,80
12.5,18.4,35.9,1140.8,331.2,51.5,6.4,2.9,0.7,448.0,201.8,17.1,6.5,34.0,27.3,25.16,False,4095,0.0,8.2,0.0,EXT-OPEN-METEO-KHI,KARACHI,OPENSOURCE_API_GRID,1100,,,,0.95,True,True,TIER2_OPENSOURCE_PURE;CONTINUOUS_MINUTE_STREAM;VERIFIED_MODEL_GRID,c342c139e491041ce24e7dfbc0268ca03806703126fe757fbd4e582fd19c4d23,2026-09-20T18:19:00+00:00,2026-09-20 23:19:00,88.1,1011.3,80
12.5,18.4,35.8,1140.8,331.2,51.5,6.4,2.9,0.7,448.0,201.2,17.0,6.5,34.0,27.3,25.16,False,4095,0.0,8.0,0.0,EXT-OPEN-METEO-KHI,KARACHI,OPENSOURCE_API_GRID,1101,,,,0.95,True,True,TIER2_OPENSOURCE_PURE;CONTINUOUS_MINUTE_STREAM;VERIFIED_MODEL_GRID,50dac72eda71e04dac716a883f915fefb62ccec50959fc910d09c86aae945935,2026-09-20T18:20:00+00:00,2026-09-20 23:20:00,88.1,1011.3,80
12.4,18.3,35.7,1134.6,329.4,51.2,6.4,2.9,0.7,448.0,200.7,17.0,6.5,34.0,27.3,25.16,False,4095,0.0,7.8,0.0,EXT-OPEN-METEO-KHI,KARACHI,OPENSOURCE_API_GRID,1102,,,,0.95,True,True,TIER2_OPENSOURCE_PURE;CONTINUOUS_MINUTE_STREAM;VERIFIED_MODEL_GRID,71304dda7750ef9c6a3e7f9467ebdc0ef56a989ee618082458125d50d2857253,2026-09-20T18:21:00+00:00,2026-09-20 23:21:00,88.1,1011.3,80
12.4,18.3,35.6,1134.6,329.4,51.2,6.4,2.8,0.7,448.0,200.2,17.0,6.5,34.0,27.3,25.17,False,4095,0.0,7.6,0.0,EXT-OPEN-METEO-KHI,KARACHI,OPENSOURCE_API_GRID,1103,,,,0.95,True,True,TIER2_OPENSOURCE_PURE;CONTINUOUS_MINUTE_STREAM;VERIFIED_MODEL_GRID,3b72326c79d02566f383b7c415cf546bd1583acca8b65671fda1d1de7f197744,2026-09-20T18:22:00+00:00,2026-09-20 23:22:00,88.2,1011.3,80
12.4,18.2,35.5,1128.4,327.6,51.0,6.4,2.8,0.7,448.0,199.6,16.9,6.5,34.0,27.3,25.17,False,4095,0.0,7.4,0.0,EXT-OPEN-METEO-KHI,KARACHI,OPENSOURCE_API_GRID,1104,,,,0.95,True,True,TIER2_OPENSOURCE_PURE;CONTINUOUS_MINUTE_STREAM;VERIFIED_MODEL_GRID,05dbe2c4a73048d6b1e9f8ed24139df73e694c03c6869ed2baa0d80da4283051,2026-09-20T18:23:00+00:00,2026-09-20 23:23:00,88.2,1011.3,80
12.4,18.2,35.5,1128.4,327.6,51.0,6.4,2.8,0.7,448.0,199.1,16.9,6.5,34.0,27.3,25.17,False,4095,0.0,7.2,0.0,EXT-OPEN-METEO-KHI,KARACHI,OPENSOURCE_API_GRID,1105,,,,0.95,True,True,TIER2_OPENSOURCE_PURE;CONTINUOUS_MINUTE_STREAM;VERIFIED_MODEL_GRID,a59fbb1fb120c751e248fd7c07f132c222b8313fb33d991e5a17fa34cca74216,2026-09-20T18:24:00+00:00,2026-09-20 23:24:00,88.2,1011.3,80
12.4,18.2,35.4,1128.4,327.6,51.0,6.4,2.8,0.7,448.0,198.5,16.8,6.5,34.0,27.3,25.17,False,4095,0.0,7.0,0.0,EXT-OPEN-METEO-KHI,KARACHI,OPENSOURCE_API_GRID,1106,,,,0.95,True,True,TIER2_OPENSOURCE_PURE;CONTINUOUS_MINUTE_STREAM;VERIFIED_MODEL_GRID,cf7c386fbfe665c2a6a8444bdd2619b22bb72d3964bc73866476f3e5919b4ab8,2026-09-20T18:25:00+00:00,2026-09-20 23:25:00,88.2,1011.3,80
12.3,18.1,35.3,1122.2,325.8,50.7,6.3,2.8,0.7,448.0,197.9,16.8,6.5,34.0,27.2,25.1,False,4095,0.0,6.8,0.0,EXT-OPEN-METEO-KHI,KARACHI,OPENSOURCE_API_GRID,1107,,,,0.95,True,True,TIER2_OPENSOURCE_PURE;CONTINUOUS_MINUTE_STREAM;VERIFIED_MODEL_GRID,0c8a5aae1aafe5ec6d708e8dfb332c9f12ece64b54a5598df47ad9e50183526b,2026-09-20T18:26:00+00:00,2026-09-20 23:26:00,88.3,1011.3,80
12.3,18.1,35.3,1122.2,325.8,50.7,6.3,2.8,0.7,448.0,197.3,16.8,6.5,34.0,27.2,25.1,False,4095,0.0,6.6,0.0,EXT-OPEN-METEO-KHI,KARACHI,OPENSOURCE_API_GRID,1108,,,,0.95,True,True,TIER2_OPENSOURCE_PURE;CONTINUOUS_MINUTE_STREAM;VERIFIED_MODEL_GRID,67b8448912b03ceebf95657a181ead1f07d9b660d2215912ff0f618d903d38d5,2026-09-20T18:27:00+00:00,2026-09-20 23:27:00,88.3,1011.2,80
12.3,18.1,35.3,1122.2,325.8,50.7,6.3,2.8,0.7,448.0,196.7,16.7,6.5,34.0,27.2,25.1,False,4095,0.0,6.4,0.0,EXT-OPEN-METEO-KHI,KARACHI,OPENSOURCE_API_GRID,1109,,,,0.95,True,True,TIER2_OPENSOURCE_PURE;CONTINUOUS_MINUTE_STREAM;VERIFIED_MODEL_GRID,b54fd25493ab0cad8ac9c61f0be0fdce20c5501f0c6c59fc38a5f97f168be69a,2026-09-20T18:28:00+00:00,2026-09-20 23:28:00,88.3,1011.2,80
12.3,18.1,35.3,1122.2,325.8,50.7,6.3,2.8,0.7,448.0,196.1,16.7,6.5,34.0,27.2,25.11,False,4095,0.0,6.2,0.0,EXT-OPEN-METEO-KHI,KARACHI,OPENSOURCE_API_GRID,1110,,,,0.95,True,True,TIER2_OPENSOURCE_PURE;CONTINUOUS_MINUTE_STREAM;VERIFIED_MODEL_GRID,5f26f520dce2c62ae01fbd71f73d7a3e8676185ea3364780bab566f86c28a431,2026-09-20T18:29:00+00:00,2026-09-20 23:29:00,88.4,1011.2,80
12.4,18.2,35.3,1128.4,327.6,51.0,6.4,2.8,0.7,448.0,195.5,16.6,6.5,34.0,27.2,25.11,False,4095,0.0,6.0,0.0,EXT-OPEN-METEO-KHI,KARACHI,OPENSOURCE_API_GRID,1111,,,,0.95,True,True,TIER2_OPENSOURCE_PURE;CONTINUOUS_MINUTE_STREAM;VERIFIED_MODEL_GRID,791851d71a58bf0e786cfda406e72528c3c8eb31af1befd40a4d3a6ff41a9d16,2026-09-20T18:30:00+00:00,2026-09-20 23:30:00,88.4,1011.2,80
12.4,18.2,35.3,1128.4,327.6,51.0,6.4,2.8,0.7,448.0,194.9,16.6,6.5,34.0,27.2,25.13,False,4095,0.0,5.8,0.0,EXT-OPEN-METEO-KHI,KARACHI,OPENSOURCE_API_GRID,1112,,,,0.95,True,True,TIER2_OPENSOURCE_PURE;CONTINUOUS_MINUTE_STREAM;VERIFIED_MODEL_GRID,74dd918a9c2729d8a0f42de9384b5bed6ef4b88e06b19264a69254e9cf93203c,2026-09-20T18:31:00+00:00,2026-09-20 23:31:00,88.5,1011.2,80
12.4,18.2,35.3,1128.4,327.6,51.0,6.4,2.8,0.7,448.0,194.3,16.6,6.5,34.0,27.2,25.13,False,4095,0.0,5.6,0.0,EXT-OPEN-METEO-KHI,KARACHI,OPENSOURCE_API_GRID,1113,,,,0.95,True,True,TIER2_OPENSOURCE_PURE;CONTINUOUS_MINUTE_STREAM;VERIFIED_MODEL_GRID,35cd062aef97b3f51386e188579a3e071ab89bb6b3122fe6999eaed139c3a179,2026-09-20T18:32:00+00:00,2026-09-20 23:32:00,88.5,1011.2,80
12.4,18.3,35.4,1134.6,329.4,51.2,6.4,2.8,0.7,448.0,193.7,16.5,6.5,34.0,27.2,25.15,False,4095,0.0,5.4,0.0,EXT-OPEN-METEO-KHI,KARACHI,OPENSOURCE_API_GRID,1114,,,,0.95,True,True,TIER2_OPENSOURCE_PURE;CONTINUOUS_MINUTE_STREAM;VERIFIED_MODEL_GRID,3f9ae80fe3d078573a24a4187c8551f2ee2c3e877d0bfa1210527afce7dc46df,2026-09-20T18:33:00+00:00,2026-09-20 23:33:00,88.6,1011.2,80
12.4,18.3,35.4,1134.6,329.4,51.2,6.4,2.8,0.7,448.0,193.1,16.5,6.5,34.0,27.2,25.15,False,4095,0.0,5.2,0.0,EXT-OPEN-METEO-KHI,KARACHI,OPENSOURCE_API_GRID,1115,,,,0.95,True,True,TIER2_OPENSOURCE_PURE;CONTINUOUS_MINUTE_STREAM;VERIFIED_MODEL_GRID,e9ef766a68d30ae3f238aa125d7ddfae8970eae3f854f7b52ea14b7028af6108,2026-09-20T18:34:00+00:00,2026-09-20 23:34:00,88.6,1011.1,80
12.4,18.3,35.4,1134.6,329.4,51.2,6.4,2.8,0.7,448.0,192.5,16.5,6.5,34.0,27.2,25.17,False,4095,0.0,5.0,0.0,EXT-OPEN-METEO-KHI,KARACHI,OPENSOURCE_API_GRID,1116,,,,0.95,True,True,TIER2_OPENSOURCE_PURE;CONTINUOUS_MINUTE_STREAM;VERIFIED_MODEL_GRID,ad1112fbf815802c7a24e13e726308b4a6368aba8683a47ab903eaa99ea959ce,2026-09-20T18:35:00+00:00,2026-09-20 23:35:00,88.7,1011.1,80
12.4,18.2,35.3,1128.4,327.6,51.0,6.4,2.8,0.7,448.0,191.9,16.4,6.5,34.0,27.2,25.19,False,4095,0.0,4.8,0.0,EXT-OPEN-METEO-KHI,KARACHI,OPENSOURCE_API_GRID,1117,,,,0.95,True,True,TIER2_OPENSOURCE_PURE;CONTINUOUS_MINUTE_STREAM;VERIFIED_MODEL_GRID,824b6f6d57e632691a00ab00c8917418d2fca34bba5c22de12b8ad2dd6b6d2b8,2026-09-20T18:36:00+00:00,2026-09-20 23:36:00,88.8,1011.1,80
12.4,18.3,35.3,1134.6,329.4,51.2,6.4,2.8,0.7,448.0,191.4,16.4,6.5,34.0,27.2,25.19,False,4095,0.0,4.6,0.0,EXT-OPEN-METEO-KHI,KARACHI,OPENSOURCE_API_GRID,1118,,,,0.95,True,True,TIER2_OPENSOURCE_PURE;CONTINUOUS_MINUTE_STREAM;VERIFIED_MODEL_GRID,449cea5135f4ef3dff6cd926919bb818af6c582a127e4f21c94a8074a98a9679,2026-09-20T18:37:00+00:00,2026-09-20 23:37:00,88.8,1011.1,80
12.4,18.3,35.3,1134.6,329.4,51.2,6.4,2.8,0.7,448.0,190.8,16.3,6.5,34.0,27.2,25.19,False,4095,0.0,4.4,0.0,EXT-OPEN-METEO-KHI,KARACHI,OPENSOURCE_API_GRID,1119,,,,0.95,True,True,TIER2_OPENSOURCE_PURE;CONTINUOUS_MINUTE_STREAM;VERIFIED_MODEL_GRID,7a55a030ca8128ef76af9207568c418ae5a934d25b5249cfffddaadffe870f38,2026-09-20T18:38:00+00:00,2026-09-20 23:38:00,88.8,1011.1,80
12.4,18.3,35.4,1134.6,329.4,51.2,6.4,2.8,0.7,448.0,190.3,16.3,6.5,34.0,27.2,25.21,False,4095,0.0,4.2,0.0,EXT-OPEN-METEO-KHI,KARACHI,OPENSOURCE_API_GRID,1120,,,,0.95,True,True,TIER2_OPENSOURCE_PURE;CONTINUOUS_MINUTE_STREAM;VERIFIED_MODEL_GRID,0d1d07c83ccbb5e0e9bd76ca975c71e34e1bb7c29c70e54e7a2f98d039a545e8,2026-09-20T18:39:00+00:00,2026-09-20 23:39:00,88.9,1011.1,80
12.5,18.4,35.4,1140.8,331.2,51.5,6.4,2.8,0.7,448.0,189.8,16.3,6.5,34.0,27.2,25.21,False,4095,0.0,4.0,0.0,EXT-OPEN-METEO-KHI,KARACHI,OPENSOURCE_API_GRID,1121,,,,0.95,True,True,TIER2_OPENSOURCE_PURE;CONTINUOUS_MINUTE_STREAM;VERIFIED_MODEL_GRID,b3f31c4fffb1a34402dea802e9b413d8470ff77820aac6f5c6957f66983de487,2026-09-20T18:40:00+00:00,2026-09-20 23:40:00,88.9,1011.1,80
12.5,18.4,35.4,1140.8,331.2,51.5,6.4,2.8,0.7,448.0,189.2,16.2,6.5,34.0,27.2,25.21,False,4095,0.0,3.8,0.0,EXT-OPEN-METEO-KHI,KARACHI,OPENSOURCE_API_GRID,1122,,,,0.95,True,True,TIER2_OPENSOURCE_PURE;CONTINUOUS_MINUTE_STREAM;VERIFIED_MODEL_GRID,88781b9a90eab0eea56ea634b916264863dfb11727d56b07c4bba9b598c484e5,2026-09-20T18:41:00+00:00,2026-09-20 23:41:00,88.9,1011.1,80
12.5,18.4,35.4,1140.8,331.2,51.5,6.4,2.8,0.7,448.0,188.7,16.2,6.5,34.0,27.2,25.21,False,4095,0.0,3.6,0.0,EXT-OPEN-METEO-KHI,KARACHI,OPENSOURCE_API_GRID,1123,,,,0.95,True,True,TIER2_OPENSOURCE_PURE;CONTINUOUS_MINUTE_STREAM;VERIFIED_MODEL_GRID,5345a12177229855e8ee3b5de89eace078ed80b9261ccd0a3f742e8d2123525a,2026-09-20T18:42:00+00:00,2026-09-20 23:42:00,88.9,1011.1,80
12.5,18.4,35.4,1140.8,331.2,51.5,6.4,2.8,0.7,448.0,188.3,16.2,6.5,34.0,27.2,25.21,False,4095,0.0,3.5,0.0,EXT-OPEN-METEO-KHI,KARACHI,OPENSOURCE_API_GRID,1124,,,,0.95,True,True,TIER2_OPENSOURCE_PURE;CONTINUOUS_MINUTE_STREAM;VERIFIED_MODEL_GRID,946ae561718159c4610438ee1069a5b86aa7865f9649573b011382275577597b,2026-09-20T18:43:00+00:00,2026-09-20 23:43:00,88.9,1011.1,80
12.5,18.4,35.3,1140.8,331.2,51.5,6.4,2.8,0.7,448.0,187.8,16.1,6.5,34.0,27.2,25.21,False,4095,0.0,3.3,0.0,EXT-OPEN-METEO-KHI,KARACHI,OPENSOURCE_API_GRID,1125,,,,0.95,True,True,TIER2_OPENSOURCE_PURE;CONTINUOUS_MINUTE_STREAM;VERIFIED_MODEL_GRID,663c12e760f86fbd594cce04b49d753b80b294a093e7a4fa50dee60067de3668,2026-09-20T18:44:00+00:00,2026-09-20 23:44:00,88.9,1011.1,80
12.4,18.3,35.3,1134.6,329.4,51.2,6.4,2.8,0.7,448.0,187.4,16.1,6.5,34.0,27.2,25.21,False,4095,0.0,3.2,0.0,EXT-OPEN-METEO-KHI,KARACHI,OPENSOURCE_API_GRID,1126,,,,0.95,True,True,TIER2_OPENSOURCE_PURE;CONTINUOUS_MINUTE_STREAM;VERIFIED_MODEL_GRID,08c78183ca1a3ec0dfb85e006c3810de953ceb73896c6b8130db8646bd74e0df,2026-09-20T18:45:00+00:00,2026-09-20 23:45:00,88.9,1011.1,80
12.4,18.3,35.2,1134.6,329.4,51.2,6.4,2.8,0.7,448.0,187.0,16.1,6.5,34.0,27.2,25.21,False,4095,0.0,3.0,0.0,EXT-OPEN-METEO-KHI,KARACHI,OPENSOURCE_API_GRID,1127,,,,0.95,True,True,TIER2_OPENSOURCE_PURE;CONTINUOUS_MINUTE_STREAM;VERIFIED_MODEL_GRID,0f481741986a8eea84c784ee1b4ba51ae04ffed50df8f3f3f49a2e44ac0b7706,2026-09-20T18:46:00+00:00,2026-09-20 23:46:00,88.9,1011.1,80
12.4,18.3,35.1,1134.6,329.4,51.2,6.4,2.8,0.7,448.0,186.6,16.1,6.5,34.0,27.2,25.19,False,4095,0.0,2.9,0.0,EXT-OPEN-METEO-KHI,KARACHI,OPENSOURCE_API_GRID,1128,,,,0.95,True,True,TIER2_OPENSOURCE_PURE;CONTINUOUS_MINUTE_STREAM;VERIFIED_MODEL_GRID,9a802a7249b0b1ebd3389ec9c85b69f48824d89223b21a6e88bc2a72d7b3f9bf,2026-09-20T18:47:00+00:00,2026-09-20 23:47:00,88.8,1011.1,80
12.4,18.2,35.1,1128.4,327.6,51.0,6.4,2.8,0.7,448.0,186.2,16.0,6.5,34.0,27.2,25.19,False,4095,0.0,2.8,0.0,EXT-OPEN-METEO-KHI,KARACHI,OPENSOURCE_API_GRID,1129,,,,0.95,True,True,TIER2_OPENSOURCE_PURE;CONTINUOUS_MINUTE_STREAM;VERIFIED_MODEL_GRID,afed56339a43cd392d4deb964518027d4b36e740d7a933afb629e708f5fb8b1d,2026-09-20T18:48:00+00:00,2026-09-20 23:48:00,88.8,1011.1,80
12.4,18.2,35.0,1128.4,327.6,51.0,6.4,2.8,0.7,448.0,185.9,16.0,6.5,34.0,27.1,25.09,False,4095,0.0,2.6,0.0,EXT-OPEN-METEO-KHI,KARACHI,OPENSOURCE_API_GRID,1130,,,,0.95,True,True,TIER2_OPENSOURCE_PURE;CONTINUOUS_MINUTE_STREAM;VERIFIED_MODEL_GRID,ab662ceafa05907b7be46431ad2148a65b76e14b7b9741470492fe8d76656160,2026-09-20T18:49:00+00:00,2026-09-20 23:49:00,88.8,1011.1,80
12.3,18.1,34.9,1122.2,325.8,50.7,6.3,2.8,0.7,448.0,185.5,16.0,6.5,34.0,27.1,25.09,False,4095,0.0,2.5,0.0,EXT-OPEN-METEO-KHI,KARACHI,OPENSOURCE_API_GRID,1131,,,,0.95,True,True,TIER2_OPENSOURCE_PURE;CONTINUOUS_MINUTE_STREAM;VERIFIED_MODEL_GRID,71610d4b586d7b3499576a7fc3f026eee8da6bbf1ba3d01040484c6e207f46d8,2026-09-20T18:50:00+00:00,2026-09-20 23:50:00,88.8,1011.0,80
12.3,18.1,34.8,1122.2,325.8,50.7,6.3,2.8,0.7,448.0,185.3,16.0,6.5,34.0,27.1,25.09,False,4095,0.0,2.4,0.0,EXT-OPEN-METEO-KHI,KARACHI,OPENSOURCE_API_GRID,1132,,,,0.95,True,True,TIER2_OPENSOURCE_PURE;CONTINUOUS_MINUTE_STREAM;VERIFIED_MODEL_GRID,fe9f3ce7078ae18400394ca5e496e6bc499ddf5cbaddcf37b3292936c83f9b76,2026-09-20T18:51:00+00:00,2026-09-20 23:51:00,88.8,1011.0,80
12.2,18.0,34.7,1116.0,324.0,50.4,6.3,2.8,0.7,448.0,185.0,16.0,6.5,34.0,27.1,25.09,False,4095,0.0,2.3,0.0,EXT-OPEN-METEO-KHI,KARACHI,OPENSOURCE_API_GRID,1133,,,,0.95,True,True,TIER2_OPENSOURCE_PURE;CONTINUOUS_MINUTE_STREAM;VERIFIED_MODEL_GRID,12cea3110217363d8886b44d8d335c531f245f810bcf2c854b1e81150c244bf0,2026-09-20T18:52:00+00:00,2026-09-20 23:52:00,88.8,1011.0,80
12.2,18.0,34.7,1116.0,324.0,50.4,6.3,2.8,0.7,448.0,184.8,15.9,6.5,34.0,27.1,25.09,False,4095,0.0,2.3,0.0,EXT-OPEN-METEO-KHI,KARACHI,OPENSOURCE_API_GRID,1134,,,,0.95,True,True,TIER2_OPENSOURCE_PURE;CONTINUOUS_MINUTE_STREAM;VERIFIED_MODEL_GRID,56c2312e5c062de418e63b3fcf96c0e9d987e2a8f9b1eaa548ed4ecd58cae2df,2026-09-20T18:53:00+00:00,2026-09-20 23:53:00,88.8,1011.0,80
12.2,18.0,34.6,1116.0,324.0,50.4,6.3,2.8,0.7,448.0,184.6,15.9,6.5,34.0,27.1,25.09,False,4095,0.0,2.2,0.0,EXT-OPEN-METEO-KHI,KARACHI,OPENSOURCE_API_GRID,1135,,,,0.95,True,True,TIER2_OPENSOURCE_PURE;CONTINUOUS_MINUTE_STREAM;VERIFIED_MODEL_GRID,998eaa0ccebf867fd936c18a0ec4d3261d1cd4f5f8324c2195eb162680c32df6,2026-09-20T18:54:00+00:00,2026-09-20 23:54:00,88.8,1011.0,80
12.2,17.9,34.6,1109.8,322.2,50.1,6.3,2.8,0.7,448.0,184.4,15.9,6.5,34.0,27.1,25.09,False,4095,0.0,2.1,0.0,EXT-OPEN-METEO-KHI,KARACHI,OPENSOURCE_API_GRID,1136,,,,0.95,True,True,TIER2_OPENSOURCE_PURE;CONTINUOUS_MINUTE_STREAM;VERIFIED_MODEL_GRID,3bf0372a3cf0c7b4f8db07349d1be814c81da0ee03f4f844c4c2350bbabcfa79,2026-09-20T18:55:00+00:00,2026-09-20 23:55:00,88.8,1011.0,80
12.2,17.9,34.5,1109.8,322.2,50.1,6.3,2.8,0.7,448.0,184.3,15.9,6.5,34.0,27.1,25.09,False,4095,0.0,2.1,0.0,EXT-OPEN-METEO-KHI,KARACHI,OPENSOURCE_API_GRID,1137,,,,0.95,True,True,TIER2_OPENSOURCE_PURE;CONTINUOUS_MINUTE_STREAM;VERIFIED_MODEL_GRID,ba3948f849e325d6ebef034dd069f56e98a7ac88328c9c1fa90b99adf842ca37,2026-09-20T18:56:00+00:00,2026-09-20 23:56:00,88.8,1011.0,80
12.2,17.9,34.5,1109.8,322.2,50.1,6.3,2.8,0.7,448.0,184.1,15.9,6.5,34.0,27.1,25.11,False,4095,0.0,2.0,0.0,EXT-OPEN-METEO-KHI,KARACHI,OPENSOURCE_API_GRID,1138,,,,0.95,True,True,TIER2_OPENSOURCE_PURE;CONTINUOUS_MINUTE_STREAM;VERIFIED_MODEL_GRID,20cb102e2f9b6f7c90c1102dc96ac2f08c9f98a85379ce8945d3ab95c7241ae2,2026-09-20T18:57:00+00:00,2026-09-20 23:57:00,88.9,1011.0,80
12.2,17.9,34.5,1109.8,322.2,50.1,6.3,2.8,0.7,448.0,184.1,15.9,6.5,34.0,27.1,25.11,False,4095,0.0,2.0,0.0,EXT-OPEN-METEO-KHI,KARACHI,OPENSOURCE_API_GRID,1139,,,,0.95,True,True,TIER2_OPENSOURCE_PURE;CONTINUOUS_MINUTE_STREAM;VERIFIED_MODEL_GRID,72893c76d4e230df1cef8aa4d6e10d10187830c78baa19b241e0d33269ef69e0,2026-09-20T18:58:00+00:00,2026-09-20 23:58:00,88.9,1011.0,80
12.2,17.9,34.5,1109.8,322.2,50.1,6.3,2.8,0.7,448.0,184.0,15.9,6.5,34.0,27.1,25.11,False,4095,0.0,2.0,0.0,EXT-OPEN-METEO-KHI,KARACHI,OPENSOURCE_API_GRID,1140,,,,0.95,True,True,TIER2_OPENSOURCE_PURE;CONTINUOUS_MINUTE_STREAM;VERIFIED_MODEL_GRID,0bcc53e2bada8c584bb77e3b87653dcbc9c0e14e8725ac4d72496d613d0e8632,2026-09-20T18:59:00+00:00,2026-09-20 23:59:00,88.9,1011.0,80
12.2,17.9,34.6,1109.8,322.2,50.1,6.3,2.8,0.7,448.0,184.0,15.9,6.5,34.0,27.1,25.11,False,4095,0.0,2.0,0.0,EXT-OPEN-METEO-KHI,KARACHI,OPENSOURCE_API_GRID,1141,,,,0.95,True,False,TIER2_OPENSOURCE_PURE;HOURLY_NODE;VERIFIED_MODEL_GRID,0cbf97964380dd310524e8279db6b1ae7269e6ff06421df3919d3d6828cc4c04,2026-09-20T19:00:00+00:00,2026-09-21 00:00:00,88.9,1011.0,80
12.2,18.0,34.6,1116.0,324.0,50.4,6.3,2.8,0.7,448.0,184.0,15.9,6.5,34.0,27.1,25.11,False,4095,0.0,2.0,0.0,EXT-OPEN-METEO-KHI,KARACHI,OPENSOURCE_API_GRID,1142,,,,0.95,True,True,TIER2_OPENSOURCE_PURE;CONTINUOUS_MINUTE_STREAM;VERIFIED_MODEL_GRID,af33847e8edeb14cbc47d90b6893008caba2ffdb544e22a7e23709f721aef354,2026-09-20T19:01:00+00:00,2026-09-21 00:01:00,88.9,1011.0,80
12.2,18.0,34.7,1116.0,324.0,50.4,6.3,2.8,0.7,448.0,183.9,15.9,6.5,34.0,27.1,25.11,False,4095,0.0,2.0,0.0,EXT-OPEN-METEO-KHI,KARACHI,OPENSOURCE_API_GRID,1143,,,,0.95,True,True,TIER2_OPENSOURCE_PURE;CONTINUOUS_MINUTE_STREAM;VERIFIED_MODEL_GRID,e5444957f134fb53d6f1c6cc6b3d1b8b74cbad818d735e888e61803b3c021fc9,2026-09-20T19:02:00+00:00,2026-09-21 00:02:00,88.9,1011.0,80
12.2,18.0,34.7,1116.0,324.0,50.4,6.3,2.8,0.7,448.0,183.8,15.9,6.5,34.0,27.1,25.13,False,4095,0.0,2.0,0.0,EXT-OPEN-METEO-KHI,KARACHI,OPENSOURCE_API_GRID,1144,,,,0.95,True,True,TIER2_OPENSOURCE_PURE;CONTINUOUS_MINUTE_STREAM;VERIFIED_MODEL_GRID,baa9e0edd039b6501e3c52acf360b3ac5b6001c9fe99ac03c8a9dc010121d45d,2026-09-20T19:03:00+00:00,2026-09-21 00:03:00,89.0,1011.0,80
12.3,18.1,34.8,1122.2,325.8,50.7,6.3,2.8,0.7,448.0,183.7,15.9,6.5,34.0,27.1,25.13,False,4095,0.0,2.0,0.0,EXT-OPEN-METEO-KHI,KARACHI,OPENSOURCE_API_GRID,1145,,,,0.95,True,True,TIER2_OPENSOURCE_PURE;CONTINUOUS_MINUTE_STREAM;VERIFIED_MODEL_GRID,5a7399d2eeedc01c73b92a9f78f7c62dea556ab302e71d1ae29fef999e6ab060,2026-09-20T19:04:00+00:00,2026-09-21 00:04:00,89.0,1011.0,80
12.3,18.1,34.8,1122.2,325.8,50.7,6.3,2.8,0.7,448.0,183.6,15.9,6.5,34.0,27.1,25.15,False,4095,0.0,2.1,0.0,EXT-OPEN-METEO-KHI,KARACHI,OPENSOURCE_API_GRID,1146,,,,0.95,True,True,TIER2_OPENSOURCE_PURE;CONTINUOUS_MINUTE_STREAM;VERIFIED_MODEL_GRID,e369bb201413dee0fc38b6ca881adc39aed0f8266fa7158ac67f83a42d054b73,2026-09-20T19:05:00+00:00,2026-09-21 00:05:00,89.1,1011.0,80
12.4,18.2,34.9,1128.4,327.6,51.0,6.4,2.8,0.7,448.0,183.4,15.9,6.5,34.0,27.1,25.15,False,4095,0.0,2.1,0.0,EXT-OPEN-METEO-KHI,KARACHI,OPENSOURCE_API_GRID,1147,,,,0.95,True,True,TIER2_OPENSOURCE_PURE;CONTINUOUS_MINUTE_STREAM;VERIFIED_MODEL_GRID,9f9cfc50d9e66faa8f9f801e7a7b4751cff213802f8975616f22618efdc296b5,2026-09-20T19:06:00+00:00,2026-09-21 00:06:00,89.1,1011.0,80
12.3,18.1,34.8,1122.2,325.8,50.7,6.3,2.8,0.7,448.0,183.1,15.8,6.5,34.0,27.1,25.17,False,4095,0.0,2.1,0.0,EXT-OPEN-METEO-KHI,KARACHI,OPENSOURCE_API_GRID,1148,,,,0.95,True,True,TIER2_OPENSOURCE_PURE;CONTINUOUS_MINUTE_STREAM;VERIFIED_MODEL_GRID,63e03ef6a3f9531008274d12c5526708bdf31af71c03373854367b236174e420,2026-09-20T19:07:00+00:00,2026-09-21 00:07:00,89.2,1011.0,80
12.3,18.1,34.8,1122.2,325.8,50.7,6.3,2.8,0.7,448.0,182.9,15.8,6.5,34.0,27.1,25.17,False,4095,0.0,2.1,0.0,EXT-OPEN-METEO-KHI,KARACHI,OPENSOURCE_API_GRID,1149,,,,0.95,True,True,TIER2_OPENSOURCE_PURE;CONTINUOUS_MINUTE_STREAM;VERIFIED_MODEL_GRID,13283741f40615c5328fd55399068bfa1d72d5b8d24d45c9b85314a1d121e11a,2026-09-20T19:08:00+00:00,2026-09-21 00:08:00,89.2,1011.0,80
12.4,18.2,34.9,1128.4,327.6,51.0,6.4,2.8,0.7,447.9,182.6,15.8,6.5,34.0,27.1,25.19,False,4095,0.0,2.2,0.0,EXT-OPEN-METEO-KHI,KARACHI,OPENSOURCE_API_GRID,1150,,,,0.95,True,True,TIER2_OPENSOURCE_PURE;CONTINUOUS_MINUTE_STREAM;VERIFIED_MODEL_GRID,620ec5d6a086e4c519d3812e6b00afddd5b839aa0c4bef45360b3bc5285e8c67,2026-09-20T19:09:00+00:00,2026-09-21 00:09:00,89.3,1011.0,80
12.4,18.2,34.9,1128.4,327.6,51.0,6.4,2.8,0.7,447.9,182.3,15.8,6.5,34.0,27.1,25.19,False,4095,0.0,2.2,0.0,EXT-OPEN-METEO-KHI,KARACHI,OPENSOURCE_API_GRID,1151,,,,0.95,True,True,TIER2_OPENSOURCE_PURE;CONTINUOUS_MINUTE_STREAM;VERIFIED_MODEL_GRID,51933f2fd73a169393bcdd873e97ee98b79184950ac07fc9cdf3d8112ebea239,2026-09-20T19:10:00+00:00,2026-09-21 00:10:00,89.3,1011.0,80
12.4,18.2,35.0,1128.4,327.6,51.0,6.4,2.8,0.7,447.9,181.9,15.8,6.5,34.0,27.1,25.19,False,4095,0.0,2.2,0.0,EXT-OPEN-METEO-KHI,KARACHI,OPENSOURCE_API_GRID,1152,,,,0.95,True,True,TIER2_OPENSOURCE_PURE;CONTINUOUS_MINUTE_STREAM;VERIFIED_MODEL_GRID,0938681ab603ce4f091dde9220b055b3b238bef55c30039b602c2b380a528ef9,2026-09-20T19:11:00+00:00,2026-09-21 00:11:00,89.3,1011.0,80
12.4,18.2,35.0,1128.4,327.6,51.0,6.4,2.8,0.7,447.9,181.5,15.7,6.5,34.0,27.1,25.19,False,4095,0.0,2.3,0.0,EXT-OPEN-METEO-KHI,KARACHI,OPENSOURCE_API_GRID,1153,,,,0.95,True,True,TIER2_OPENSOURCE_PURE;CONTINUOUS_MINUTE_STREAM;VERIFIED_MODEL_GRID,144b7a985365ecc5012af3e9e0ebabbe343d739d587b020687a1d0c54dffa7a1,2026-09-20T19:12:00+00:00,2026-09-21 00:12:00,89.3,1011.0,80
12.4,18.2,35.0,1128.4,327.6,51.0,6.4,2.8,0.7,447.9,181.1,15.7,6.5,34.0,27.1,25.19,False,4095,0.0,2.3,0.0,EXT-OPEN-METEO-KHI,KARACHI,OPENSOURCE_API_GRID,1154,,,,0.95,True,True,TIER2_OPENSOURCE_PURE;CONTINUOUS_MINUTE_STREAM;VERIFIED_MODEL_GRID,6f8db8648a05d26b402fbf814cc0573e847149b267d1e75b691e8d4848da401a,2026-09-20T19:13:00+00:00,2026-09-21 00:13:00,89.3,1011.0,80
12.4,18.2,35.0,1128.4,327.6,51.0,6.4,2.8,0.7,447.9,180.7,15.7,6.5,34.0,27.1,25.19,False,4095,0.0,2.4,0.0,EXT-OPEN-METEO-KHI,KARACHI,OPENSOURCE_API_GRID,1155,,,,0.95,True,True,TIER2_OPENSOURCE_PURE;CONTINUOUS_MINUTE_STREAM;VERIFIED_MODEL_GRID,71aceb45565ecaa9ccf084f28ae5bcb5ff62b429a13dbf7d7559eb0f012fb6bc,2026-09-20T19:14:00+00:00,2026-09-21 00:14:00,89.3,1011.0,80
12.4,18.2,35.0,1128.4,327.6,51.0,6.4,2.8,0.7,447.9,180.2,15.7,6.5,34.0,27.1,25.19,False,4095,0.0,2.4,0.0,EXT-OPEN-METEO-KHI,KARACHI,OPENSOURCE_API_GRID,1156,,,,0.95,True,True,TIER2_OPENSOURCE_PURE;CONTINUOUS_MINUTE_STREAM;VERIFIED_MODEL_GRID,9b6f1893727bebc847c3502186790d4edffe893c92669804ad9f6a2f704c4d5a,2026-09-20T19:15:00+00:00,2026-09-21 00:15:00,89.3,1011.0,80
12.4,18.2,34.9,1128.4,327.6,51.0,6.4,2.8,0.7,447.8,179.7,15.6,6.5,34.0,27.1,25.19,False,4095,0.0,2.5,0.0,EXT-OPEN-METEO-KHI,KARACHI,OPENSOURCE_API_GRID,1157,,,,0.95,True,True,TIER2_OPENSOURCE_PURE;CONTINUOUS_MINUTE_STREAM;VERIFIED_MODEL_GRID,b4e602c870aa8a1d2174fb7448dc3e4c08480706bdf4d9729d58dfa6ee883661,2026-09-20T19:16:00+00:00,2026-09-21 00:16:00,89.3,1011.0,80
12.4,18.2,34.9,1128.4,327.6,51.0,6.4,2.8,0.7,447.8,179.2,15.6,6.5,34.0,27.1,25.2,False,4095,0.0,2.6,0.0,EXT-OPEN-METEO-KHI,KARACHI,OPENSOURCE_API_GRID,1158,,,,0.95,True,True,TIER2_OPENSOURCE_PURE;CONTINUOUS_MINUTE_STREAM;VERIFIED_MODEL_GRID,f3e66df12dfbc1023723ec680eb092e859122f296242e8d8029c6c8fdbfc747d,2026-09-20T19:17:00+00:00,2026-09-21 00:17:00,89.4,1011.0,80
12.3,18.1,34.8,1122.2,325.8,50.7,6.3,2.8,0.7,447.8,178.6,15.6,6.5,34.0,27.1,25.2,False,4095,0.0,2.6,0.0,EXT-OPEN-METEO-KHI,KARACHI,OPENSOURCE_API_GRID,1159,,,,0.95,True,True,TIER2_OPENSOURCE_PURE;CONTINUOUS_MINUTE_STREAM;VERIFIED_MODEL_GRID,aed03c7fc040c3f98b2ce806e02c284d03021a4e7c651b37ffc83dfcda970e2a,2026-09-20T19:18:00+00:00,2026-09-21 00:18:00,89.4,1011.0,80
12.3,18.1,34.7,1122.2,325.8,50.7,6.3,2.8,0.7,447.8,178.1,15.5,6.5,34.0,27.1,25.2,False,4095,0.0,2.7,0.0,EXT-OPEN-METEO-KHI,KARACHI,OPENSOURCE_API_GRID,1160,,,,0.95,True,True,TIER2_OPENSOURCE_PURE;CONTINUOUS_MINUTE_STREAM;VERIFIED_MODEL_GRID,9ab6d8fbf036f6f07a9d5d5435dc4c395bc1ec1bdd69f01c295d049c25a19aa7,2026-09-20T19:19:00+00:00,2026-09-21 00:19:00,89.4,1011.0,80
12.2,18.0,34.7,1116.0,324.0,50.4,6.3,2.8,0.7,447.8,177.5,15.5,6.4,34.0,27.1,25.2,False,4095,0.0,2.8,0.0,EXT-OPEN-METEO-KHI,KARACHI,OPENSOURCE_API_GRID,1161,,,,0.95,True,True,TIER2_OPENSOURCE_PURE;CONTINUOUS_MINUTE_STREAM;VERIFIED_MODEL_GRID,30c106356273a7c60897dcd311b87d434371202dea0324dcf197add80d0a13a7,2026-09-20T19:20:00+00:00,2026-09-21 00:20:00,89.4,1011.0,80
12.2,18.0,34.6,1116.0,324.0,50.4,6.3,2.8,0.7,447.7,176.9,15.5,6.4,34.0,27.0,25.11,False,4095,0.0,2.8,0.0,EXT-OPEN-METEO-KHI,KARACHI,OPENSOURCE_API_GRID,1162,,,,0.95,True,True,TIER2_OPENSOURCE_PURE;CONTINUOUS_MINUTE_STREAM;VERIFIED_MODEL_GRID,785cd41cb66318bceb1bfd2ea7f254ea88e9759155945a3a8eda1d3f32040121,2026-09-20T19:21:00+00:00,2026-09-21 00:21:00,89.4,1011.0,80
12.2,17.9,34.5,1109.8,322.2,50.1,6.3,2.8,0.7,447.7,176.3,15.4,6.4,34.0,27.0,25.12,False,4095,0.0,2.9,0.0,EXT-OPEN-METEO-KHI,KARACHI,OPENSOURCE_API_GRID,1163,,,,0.95,True,True,TIER2_OPENSOURCE_PURE;CONTINUOUS_MINUTE_STREAM;VERIFIED_MODEL_GRID,4b7a49cb7b286394194ac048b73ab7ca78085e7b1d103decf6b0768110dc4aec,2026-09-20T19:22:00+00:00,2026-09-21 00:22:00,89.5,1011.0,80
12.2,17.9,34.4,1109.8,322.2,50.1,6.3,2.8,0.7,447.7,175.7,15.4,6.4,34.0,27.0,25.12,False,4095,0.0,3.0,0.0,EXT-OPEN-METEO-KHI,KARACHI,OPENSOURCE_API_GRID,1164,,,,0.95,True,True,TIER2_OPENSOURCE_PURE;CONTINUOUS_MINUTE_STREAM;VERIFIED_MODEL_GRID,11c2f5a90c8331c53d2ec492124335bb4d2ae1fe5c52fb238e09f8c59d094df2,2026-09-20T19:23:00+00:00,2026-09-21 00:23:00,89.5,1011.0,80
12.1,17.8,34.3,1103.6,320.4,49.8,6.2,2.7,0.7,447.7,175.0,15.3,6.4,34.0,27.0,25.12,False,4095,0.0,3.0,0.0,EXT-OPEN-METEO-KHI,KARACHI,OPENSOURCE_API_GRID,1165,,,,0.95,True,True,TIER2_OPENSOURCE_PURE;CONTINUOUS_MINUTE_STREAM;VERIFIED_MODEL_GRID,6067d07e821301802fb3ec19c409b7ee70dc14a206cbe38bc698eb725e28137e,2026-09-20T19:24:00+00:00,2026-09-21 00:24:00,89.5,1010.9,80
12.1,17.8,34.2,1103.6,320.4,49.8,6.2,2.7,0.7,447.6,174.4,15.3,6.4,34.0,27.0,25.14,False,4095,0.0,3.1,0.0,EXT-OPEN-METEO-KHI,KARACHI,OPENSOURCE_API_GRID,1166,,,,0.95,True,True,TIER2_OPENSOURCE_PURE;CONTINUOUS_MINUTE_STREAM;VERIFIED_MODEL_GRID,a6195d21e024ea8b9e643addcab1b31b0abf6b910cd96b9668190fdd1ba522f6,2026-09-20T19:25:00+00:00,2026-09-21 00:25:00,89.6,1010.9,80
12.0,17.7,34.2,1097.4,318.6,49.6,6.2,2.7,0.7,447.6,173.7,15.3,6.4,34.0,27.0,25.14,False,4095,0.0,3.2,0.0,EXT-OPEN-METEO-KHI,KARACHI,OPENSOURCE_API_GRID,1167,,,,0.95,True,True,TIER2_OPENSOURCE_PURE;CONTINUOUS_MINUTE_STREAM;VERIFIED_MODEL_GRID,c3e88465e54b60caff5e1751f664a126d2b8908bf0c7852df5a53c8ff8af09d5,2026-09-20T19:26:00+00:00,2026-09-21 00:26:00,89.6,1010.9,80
12.0,17.7,34.1,1097.4,318.6,49.6,6.2,2.7,0.7,447.6,173.0,15.2,6.4,34.0,26.9,25.06,False,4095,0.0,3.3,0.0,EXT-OPEN-METEO-KHI,KARACHI,OPENSOURCE_API_GRID,1168,,,,0.95,True,True,TIER2_OPENSOURCE_PURE;CONTINUOUS_MINUTE_STREAM;VERIFIED_MODEL_GRID,3b118b14883d97d96c57f2034fb04a0dd60abaf0eddee01eb91ce2f19c4822ba,2026-09-20T19:27:00+00:00,2026-09-21 00:27:00,89.7,1010.9,80
12.0,17.7,34.1,1097.4,318.6,49.6,6.2,2.7,0.7,447.6,172.4,15.2,6.4,34.0,26.9,25.08,False,4095,0.0,3.3,0.0,EXT-OPEN-METEO-KHI,KARACHI,OPENSOURCE_API_GRID,1169,,,,0.95,True,True,TIER2_OPENSOURCE_PURE;CONTINUOUS_MINUTE_STREAM;VERIFIED_MODEL_GRID,1effb61f71a5eb83bcdd85681da4c61d057bf76d156eb6d23f8aacaa7db7df0e,2026-09-20T19:28:00+00:00,2026-09-21 00:28:00,89.8,1010.9,80
12.0,17.7,34.1,1097.4,318.6,49.6,6.2,2.7,0.7,447.5,171.7,15.1,6.4,34.0,26.9,25.08,False,4095,0.0,3.4,0.0,EXT-OPEN-METEO-KHI,KARACHI,OPENSOURCE_API_GRID,1170,,,,0.95,True,True,TIER2_OPENSOURCE_PURE;CONTINUOUS_MINUTE_STREAM;VERIFIED_MODEL_GRID,e2030c4ed4c4e5113de8ef30a37231a7674f5ea26957a4ecafaab0b2a01d7bf5,2026-09-20T19:29:00+00:00,2026-09-21 00:29:00,89.8,1010.9,80
12.0,17.7,34.1,1097.4,318.6,49.6,6.2,2.7,0.7,447.5,171.0,15.1,6.4,34.0,26.9,25.1,False,4095,0.0,3.5,0.0,EXT-OPEN-METEO-KHI,KARACHI,OPENSOURCE_API_GRID,1171,,,,0.95,True,True,TIER2_OPENSOURCE_PURE;CONTINUOUS_MINUTE_STREAM;VERIFIED_MODEL_GRID,9035796d8681e84cf3c21185ae447b8bb97327d47565fb9aa7f67508ba3e7c1a,2026-09-20T19:30:00+00:00,2026-09-21 00:30:00,89.9,1010.9,80
12.0,17.7,34.1,1097.4,318.6,49.6,6.2,2.7,0.7,447.5,170.3,15.1,6.4,34.0,26.9,25.12,False,4095,0.0,3.6,0.0,EXT-OPEN-METEO-KHI,KARACHI,OPENSOURCE_API_GRID,1172,,,,0.95,True,True,TIER2_OPENSOURCE_PURE;CONTINUOUS_MINUTE_STREAM;VERIFIED_MODEL_GRID,56e0b289dfd74df0eaea9d5572aa6d7ecb41f6abf7e4dcde1c6658de73ac2a5e,2026-09-20T19:31:00+00:00,2026-09-21 00:31:00,90.0,1010.9,80
12.0,17.7,34.1,1097.4,318.6,49.6,6.2,2.7,0.7,447.4,169.6,15.0,6.4,34.0,26.9,25.12,False,4095,0.0,3.7,0.0,EXT-OPEN-METEO-KHI,KARACHI,OPENSOURCE_API_GRID,1173,,,,0.95,True,True,TIER2_OPENSOURCE_PURE;CONTINUOUS_MINUTE_STREAM;VERIFIED_MODEL_GRID,8fa36995d98e3ed686b60712e8cfc1f1bbb0effa332ffd653ead80b02997f8ee,2026-09-20T19:32:00+00:00,2026-09-21 00:32:00,90.0,1010.9,80
12.0,17.7,34.1,1097.4,318.6,49.6,6.2,2.7,0.7,447.4,169.0,15.0,6.4,34.0,26.9,25.14,False,4095,0.0,3.7,0.0,EXT-OPEN-METEO-KHI,KARACHI,OPENSOURCE_API_GRID,1174,,,,0.95,True,True,TIER2_OPENSOURCE_PURE;CONTINUOUS_MINUTE_STREAM;VERIFIED_MODEL_GRID,3debd7e04ddb06ea336b0a4c322d20514e4ece6ccefc3381d927a2dce9c42ba6,2026-09-20T19:33:00+00:00,2026-09-21 00:33:00,90.1,1010.9,80
12.0,17.7,34.2,1097.4,318.6,49.6,6.2,2.7,0.7,447.4,168.3,14.9,6.4,34.0,26.9,25.16,False,4095,0.0,3.8,0.0,EXT-OPEN-METEO-KHI,KARACHI,OPENSOURCE_API_GRID,1175,,,,0.95,True,True,TIER2_OPENSOURCE_PURE;CONTINUOUS_MINUTE_STREAM;VERIFIED_MODEL_GRID,25cf28c25bb7b499ca20952741c7e582d1608e44cdb9588747b01bcecf87e22b,2026-09-20T19:34:00+00:00,2026-09-21 00:34:00,90.2,1010.9,80
12.1,17.8,34.2,1103.6,320.4,49.8,6.2,2.7,0.7,447.4,167.6,14.9,6.4,34.0,26.9,25.18,False,4095,0.0,3.9,0.0,EXT-OPEN-METEO-KHI,KARACHI,OPENSOURCE_API_GRID,1176,,,,0.95,True,True,TIER2_OPENSOURCE_PURE;CONTINUOUS_MINUTE_STREAM;VERIFIED_MODEL_GRID,d80973a54791b352ad0f2849d6b9cb98158e4efffb6cbc303dfb1f3c72f6ce53,2026-09-20T19:35:00+00:00,2026-09-21 00:35:00,90.3,1010.9,80
12.1,17.8,34.3,1103.6,320.4,49.8,6.2,2.7,0.7,447.3,167.0,14.9,6.4,34.0,26.9,25.18,False,4095,0.0,4.0,0.0,EXT-OPEN-METEO-KHI,KARACHI,OPENSOURCE_API_GRID,1177,,,,0.95,True,True,TIER2_OPENSOURCE_PURE;CONTINUOUS_MINUTE_STREAM;VERIFIED_MODEL_GRID,a3e084b00ed097eea50b3366ae263f1962e2892293d53f1db66308612e9778de,2026-09-20T19:36:00+00:00,2026-09-21 00:36:00,90.3,1010.9,80
12.1,17.8,34.3,1103.6,320.4,49.8,6.2,2.7,0.7,447.3,166.3,14.8,6.4,34.0,26.9,25.19,False,4095,0.0,4.0,0.0,EXT-OPEN-METEO-KHI,KARACHI,OPENSOURCE_API_GRID,1178,,,,0.95,True,True,TIER2_OPENSOURCE_PURE;CONTINUOUS_MINUTE_STREAM;VERIFIED_MODEL_GRID,e30615dc3f42cc8da40dbf62fc904298f797202b82314ed107a7f995a4063354,2026-09-20T19:37:00+00:00,2026-09-21 00:37:00,90.4,1010.9,80
12.0,17.7,34.2,1097.4,318.6,49.6,6.2,2.7,0.7,447.3,165.7,14.8,6.4,34.0,26.9,25.23,False,4095,0.0,4.1,0.0,EXT-OPEN-METEO-KHI,KARACHI,OPENSOURCE_API_GRID,1179,,,,0.95,True,True,TIER2_OPENSOURCE_PURE;CONTINUOUS_MINUTE_STREAM;VERIFIED_MODEL_GRID,96f8c04665f3f53b77e72072959e2acec250368b2f69d62a5ae84e7322789168,2026-09-20T19:38:00+00:00,2026-09-21 00:38:00,90.6,1010.9,80
12.1,17.8,34.2,1103.6,320.4,49.8,6.2,2.7,0.7,447.3,165.1,14.7,6.4,34.0,26.9,25.23,False,4095,0.0,4.2,0.0,EXT-OPEN-METEO-KHI,KARACHI,OPENSOURCE_API_GRID,1180,,,,0.95,True,True,TIER2_OPENSOURCE_PURE;CONTINUOUS_MINUTE_STREAM;VERIFIED_MODEL_GRID,6047974be3fd32382d984569c9fe4db258e7fed2a7a540ad1c9fcfabf72fedd4,2026-09-20T19:39:00+00:00,2026-09-21 00:39:00,90.6,1010.9,80
12.1,17.8,34.3,1103.6,320.4,49.8,6.2,2.7,0.7,447.2,164.5,14.7,6.3,34.0,26.9,25.23,False,4095,0.0,4.2,0.0,EXT-OPEN-METEO-KHI,KARACHI,OPENSOURCE_API_GRID,1181,,,,0.95,True,True,TIER2_OPENSOURCE_PURE;CONTINUOUS_MINUTE_STREAM;VERIFIED_MODEL_GRID,2d8790fcfacc6153e12bcd75220ef658c242851fdaccf8f73a4440243ed288a4,2026-09-20T19:40:00+00:00,2026-09-21 00:40:00,90.6,1010.9,80
12.1,17.8,34.3,1103.6,320.4,49.8,6.2,2.7,0.7,447.2,163.9,14.7,6.3,34.0,26.9,25.25,False,4095,0.0,4.3,0.0,EXT-OPEN-METEO-KHI,KARACHI,OPENSOURCE_API_GRID,1182,,,,0.95,True,True,TIER2_OPENSOURCE_PURE;CONTINUOUS_MINUTE_STREAM;VERIFIED_MODEL_GRID,bef9c2e8ff91e73df9599e49cc977ae720abae436a93e15941b64137ddc75cdd,2026-09-20T19:41:00+00:00,2026-09-21 00:41:00,90.7,1010.9,80
12.2,17.9,34.3,1109.8,322.2,50.1,6.3,2.7,0.7,447.2,163.4,14.6,6.3,34.0,26.9,25.25,False,4095,0.0,4.4,0.0,EXT-OPEN-METEO-KHI,KARACHI,OPENSOURCE_API_GRID,1183,,,,0.95,True,True,TIER2_OPENSOURCE_PURE;CONTINUOUS_MINUTE_STREAM;VERIFIED_MODEL_GRID,20f08c65de2a1e268d3fb3abf6abf1d460c0f85b21d40019315184739a976b89,2026-09-20T19:42:00+00:00,2026-09-21 00:42:00,90.7,1010.9,80
12.2,17.9,34.3,1109.8,322.2,50.1,6.3,2.7,0.7,447.2,162.8,14.6,6.3,34.0,26.9,25.25,False,4095,0.0,4.4,0.0,EXT-OPEN-METEO-KHI,KARACHI,OPENSOURCE_API_GRID,1184,,,,0.95,True,True,TIER2_OPENSOURCE_PURE;CONTINUOUS_MINUTE_STREAM;VERIFIED_MODEL_GRID,a80ff4b093ec1efbefcba28e8e861f7fa4f41be609eaa6b892f3d7d65dba9581,2026-09-20T19:43:00+00:00,2026-09-21 00:43:00,90.7,1010.8,80
12.2,17.9,34.3,1109.8,322.2,50.1,6.3,2.7,0.7,447.2,162.3,14.6,6.3,34.0,26.9,25.27,False,4095,0.0,4.5,0.0,EXT-OPEN-METEO-KHI,KARACHI,OPENSOURCE_API_GRID,1185,,,,0.95,True,True,TIER2_OPENSOURCE_PURE;CONTINUOUS_MINUTE_STREAM;VERIFIED_MODEL_GRID,f88ad7e3fecd794b4e369dd392abf19be00982a9e31559a4efcce475ac197156,2026-09-20T19:44:00+00:00,2026-09-21 00:44:00,90.8,1010.8,80
12.2,17.9,34.3,1109.8,322.2,50.1,6.3,2.7,0.7,447.1,161.8,14.5,6.3,34.0,26.9,25.27,False,4095,0.0,4.6,0.0,EXT-OPEN-METEO-KHI,KARACHI,OPENSOURCE_API_GRID,1186,,,,0.95,True,True,TIER2_OPENSOURCE_PURE;CONTINUOUS_MINUTE_STREAM;VERIFIED_MODEL_GRID,3fd8a74b5bf13895a3ab2ef574a1ad909b8527a837f9752583916fc428f4f24b,2026-09-20T19:45:00+00:00,2026-09-21 00:45:00,90.8,1010.8,80
12.2,17.9,34.3,1109.8,322.2,50.1,6.3,2.7,0.7,447.1,161.3,14.5,6.3,34.0,26.9,25.27,False,4095,0.0,4.6,0.0,EXT-OPEN-METEO-KHI,KARACHI,OPENSOURCE_API_GRID,1187,,,,0.95,True,True,TIER2_OPENSOURCE_PURE;CONTINUOUS_MINUTE_STREAM;VERIFIED_MODEL_GRID,127159807a4d9171732a1d2d690a47179addb320dc19795061196b07953ed614,2026-09-20T19:46:00+00:00,2026-09-21 00:46:00,90.8,1010.8,80
12.1,17.8,34.3,1103.6,320.4,49.8,6.2,2.7,0.7,447.1,160.9,14.5,6.3,34.0,26.9,25.27,False,4095,0.0,4.7,0.0,EXT-OPEN-METEO-KHI,KARACHI,OPENSOURCE_API_GRID,1188,,,,0.95,True,True,TIER2_OPENSOURCE_PURE;CONTINUOUS_MINUTE_STREAM;VERIFIED_MODEL_GRID,8142646aeb5812ae593d4c39001f610983e2709410bc8325aff26329850562a1,2026-09-20T19:47:00+00:00,2026-09-21 00:47:00,90.8,1010.8,80
12.1,17.8,34.2,1103.6,320.4,49.8,6.2,2.7,0.7,447.1,160.5,14.5,6.3,34.0,26.9,25.27,False,4095,0.0,4.7,0.0,EXT-OPEN-METEO-KHI,KARACHI,OPENSOURCE_API_GRID,1189,,,,0.95,True,True,TIER2_OPENSOURCE_PURE;CONTINUOUS_MINUTE_STREAM;VERIFIED_MODEL_GRID,f0925b243e36eb21ec93e45d6faa96024f2a5ba8351cca76762225d3e2b4050b,2026-09-20T19:48:00+00:00,2026-09-21 00:48:00,90.8,1010.8,80
12.1,17.8,34.2,1103.6,320.4,49.8,6.2,2.7,0.7,447.1,160.1,14.4,6.3,34.0,26.9,25.27,False,4095,0.0,4.8,0.0,EXT-OPEN-METEO-KHI,KARACHI,OPENSOURCE_API_GRID,1190,,,,0.95,True,True,TIER2_OPENSOURCE_PURE;CONTINUOUS_MINUTE_STREAM;VERIFIED_MODEL_GRID,a9041681f06cb1b86bdc0c058918674d9468674967cd8f7d1f6ec06a44033bd0,2026-09-20T19:49:00+00:00,2026-09-21 00:49:00,90.8,1010.8,80
12.0,17.7,34.1,1097.4,318.6,49.6,6.2,2.7,0.7,447.1,159.7,14.4,6.3,34.0,26.9,25.27,False,4095,0.0,4.8,0.0,EXT-OPEN-METEO-KHI,KARACHI,OPENSOURCE_API_GRID,1191,,,,0.95,True,True,TIER2_OPENSOURCE_PURE;CONTINUOUS_MINUTE_STREAM;VERIFIED_MODEL_GRID,a9fb84a8a5c749f5d07cd2e17f4ff02199baa595366d584d93a183f45edd89b6,2026-09-20T19:50:00+00:00,2026-09-21 00:50:00,90.8,1010.8,80
12.0,17.7,34.0,1097.4,318.6,49.6,6.2,2.7,0.7,447.1,159.4,14.4,6.3,34.0,26.8,25.17,False,4095,0.0,4.8,0.0,EXT-OPEN-METEO-KHI,KARACHI,OPENSOURCE_API_GRID,1192,,,,0.95,True,True,TIER2_OPENSOURCE_PURE;CONTINUOUS_MINUTE_STREAM;VERIFIED_MODEL_GRID,db8053d77b2eaff245c9ded84d2c7e241302e63914b4059806ccdac146b73efa,2026-09-20T19:51:00+00:00,2026-09-21 00:51:00,90.8,1010.8,80
12.0,17.6,33.9,1091.2,316.8,49.3,6.2,2.7,0.7,447.0,159.1,14.4,6.3,34.0,26.8,25.17,False,4095,0.0,4.9,0.0,EXT-OPEN-METEO-KHI,KARACHI,OPENSOURCE_API_GRID,1193,,,,0.95,True,True,TIER2_OPENSOURCE_PURE;CONTINUOUS_MINUTE_STREAM;VERIFIED_MODEL_GRID,4977c02577adf17a2bb0033b2fecd8e0b5149aa7e0a9d582bc3b0d319b94c264,2026-09-20T19:52:00+00:00,2026-09-21 00:52:00,90.8,1010.8,80
12.0,17.6,33.9,1091.2,316.8,49.3,6.2,2.7,0.7,447.0,158.9,14.4,6.3,34.0,26.8,25.17,False,4095,0.0,4.9,0.0,EXT-OPEN-METEO-KHI,KARACHI,OPENSOURCE_API_GRID,1194,,,,0.95,True,True,TIER2_OPENSOURCE_PURE;CONTINUOUS_MINUTE_STREAM;VERIFIED_MODEL_GRID,9fce59ebbbe1eede45c1251042c97be677930d776b67d42d5c0d534feca3d85f,2026-09-20T19:53:00+00:00,2026-09-21 00:53:00,90.8,1010.8,80
11.9,17.5,33.8,1085.0,315.0,49.0,6.1,2.7,0.7,447.0,158.6,14.3,6.3,34.0,26.8,25.17,False,4095,0.0,4.9,0.0,EXT-OPEN-METEO-KHI,KARACHI,OPENSOURCE_API_GRID,1195,,,,0.95,True,True,TIER2_OPENSOURCE_PURE;CONTINUOUS_MINUTE_STREAM;VERIFIED_MODEL_GRID,b8cd14698fca3d0f9d8176d346d877aaea9069ad5387e720c1cef9801e2f555f,2026-09-20T19:54:00+00:00,2026-09-21 00:54:00,90.8,1010.8,80
11.9,17.5,33.7,1085.0,315.0,49.0,6.1,2.7,0.7,447.0,158.4,14.3,6.3,34.0,26.8,25.17,False,4095,0.0,4.9,0.0,EXT-OPEN-METEO-KHI,KARACHI,OPENSOURCE_API_GRID,1196,,,,0.95,True,True,TIER2_OPENSOURCE_PURE;CONTINUOUS_MINUTE_STREAM;VERIFIED_MODEL_GRID,96b6abb7a58215b665cadf8864d43833c7a4a4a75b3313bbd78be4ffa660fdcb,2026-09-20T19:55:00+00:00,2026-09-21 00:55:00,90.8,1010.8,80
11.9,17.5,33.7,1085.0,315.0,49.0,6.1,2.7,0.7,447.0,158.3,14.3,6.3,34.0,26.8,25.17,False,4095,0.0,5.0,0.0,EXT-OPEN-METEO-KHI,KARACHI,OPENSOURCE_API_GRID,1197,,,,0.95,True,True,TIER2_OPENSOURCE_PURE;CONTINUOUS_MINUTE_STREAM;VERIFIED_MODEL_GRID,6056ebcf70c189fa355a11b60c75165e921fbed0c8a1eef3f41936032324bd28,2026-09-20T19:56:00+00:00,2026-09-21 00:56:00,90.8,1010.8,80
11.8,17.4,33.6,1078.8,313.2,48.7,6.1,2.7,0.7,447.0,158.2,14.3,6.3,34.0,26.8,25.17,False,4095,0.0,5.0,0.0,EXT-OPEN-METEO-KHI,KARACHI,OPENSOURCE_API_GRID,1198,,,,0.95,True,True,TIER2_OPENSOURCE_PURE;CONTINUOUS_MINUTE_STREAM;VERIFIED_MODEL_GRID,ab9d53de1c31d629b4019f09113134268ea798ac4cfd58f4daad865325fb5696,2026-09-20T19:57:00+00:00,2026-09-21 00:57:00,90.8,1010.8,80
11.8,17.4,33.6,1078.8,313.2,48.7,6.1,2.7,0.7,447.0,158.1,14.3,6.3,34.0,26.8,25.17,False,4095,0.0,5.0,0.0,EXT-OPEN-METEO-KHI,KARACHI,OPENSOURCE_API_GRID,1199,,,,0.95,True,True,TIER2_OPENSOURCE_PURE;CONTINUOUS_MINUTE_STREAM;VERIFIED_MODEL_GRID,69285709ef6a7eb4490040c5cab1cf38c5ad4b49e708c77bf3e2d3f83611d911,2026-09-20T19:58:00+00:00,2026-09-21 00:58:00,90.8,1010.8,80
11.8,17.4,33.6,1078.8,313.2,48.7,6.1,2.7,0.7,447.0,158.0,14.3,6.3,34.0,26.8,25.19,False,4095,0.0,5.0,0.0,EXT-OPEN-METEO-KHI,KARACHI,OPENSOURCE_API_GRID,1200,,,,0.95,True,True,TIER2_OPENSOURCE_PURE;CONTINUOUS_MINUTE_STREAM;VERIFIED_MODEL_GRID,6ad16bfe1fb70a388d516d7383f3bf605408b32b4091f6cac0d8c350fecc8506,2026-09-20T19:59:00+00:00,2026-09-21 00:59:00,90.9,1010.8,80
11.8,17.4,33.6,1078.8,313.2,48.7,6.1,2.7,0.7,447.0,158.0,14.3,6.3,34.0,26.8,25.19,False,4095,0.0,5.0,0.0,EXT-OPEN-METEO-KHI,KARACHI,OPENSOURCE_API_GRID,1201,,,,0.95,True,False,TIER2_OPENSOURCE_PURE;HOURLY_NODE;VERIFIED_MODEL_GRID,380b9581d333c88838c3cb9c4202e198548e921c726b3c92a820f7d48d2dd0f1,2026-09-20T20:00:00+00:00,2026-09-21 01:00:00,90.9,1010.8,79
11.8,17.4,33.6,1078.8,313.2,48.7,6.1,2.7,0.7,447.0,158.0,14.3,6.3,34.0,26.8,25.19,False,4095,0.0,5.0,0.0,EXT-OPEN-METEO-KHI,KARACHI,OPENSOURCE_API_GRID,1202,,,,0.95,True,True,TIER2_OPENSOURCE_PURE;CONTINUOUS_MINUTE_STREAM;VERIFIED_MODEL_GRID,7b60e0f362a1bab4134111f11d40710bad702a7ca74e4909bed5fbc6b3eaa5cd,2026-09-20T20:01:00+00:00,2026-09-21 01:01:00,90.9,1010.8,79
11.8,17.4,33.7,1078.8,313.2,48.7,6.1,2.7,0.7,447.0,158.0,14.3,6.3,34.0,26.7,25.09,False,4095,0.0,5.0,0.0,EXT-OPEN-METEO-KHI,KARACHI,OPENSOURCE_API_GRID,1203,,,,0.95,True,True,TIER2_OPENSOURCE_PURE;CONTINUOUS_MINUTE_STREAM;VERIFIED_MODEL_GRID,2c326bdb1c36a86cf67def5c5a13a8ca95c458ecb31b747177503d28c883c9ed,2026-09-20T20:02:00+00:00,2026-09-21 01:02:00,90.9,1010.8,79
11.9,17.5,33.7,1085.0,315.0,49.0,6.1,2.7,0.7,447.0,157.9,14.3,6.3,34.0,26.8,25.19,False,4095,0.0,5.0,0.0,EXT-OPEN-METEO-KHI,KARACHI,OPENSOURCE_API_GRID,1204,,,,0.95,True,True,TIER2_OPENSOURCE_PURE;CONTINUOUS_MINUTE_STREAM;VERIFIED_MODEL_GRID,74895cecbbbff48a2bab39307dea8cb9d35614c8981d7fc56e7fcb940ff38372,2026-09-20T20:03:00+00:00,2026-09-21 01:03:00,90.9,1010.8,79
11.9,17.5,33.7,1085.0,315.0,49.0,6.1,2.7,0.7,447.0,157.8,14.3,6.3,34.0,26.8,25.19,False,4095,0.0,5.0,0.0,EXT-OPEN-METEO-KHI,KARACHI,OPENSOURCE_API_GRID,1205,,,,0.95,True,True,TIER2_OPENSOURCE_PURE;CONTINUOUS_MINUTE_STREAM;VERIFIED_MODEL_GRID,b5680773ca708e467a265a0c8a61a30e91590babd75ae4e4ab1da5386b4e24e8,2026-09-20T20:04:00+00:00,2026-09-21 01:04:00,90.9,1010.8,79
11.9,17.5,33.8,1085.0,315.0,49.0,6.1,2.7,0.7,447.0,157.7,14.3,6.3,34.0,26.8,25.21,False,4095,0.0,5.0,0.0,EXT-OPEN-METEO-KHI,KARACHI,OPENSOURCE_API_GRID,1206,,,,0.95,True,True,TIER2_OPENSOURCE_PURE;CONTINUOUS_MINUTE_STREAM;VERIFIED_MODEL_GRID,e6210e381f58198a79d184ccb8c37a838d18aa571896db82697d1b04d3e524ed,2026-09-20T20:05:00+00:00,2026-09-21 01:05:00,91.0,1010.8,79
12.0,17.6,33.9,1091.2,316.8,49.3,6.2,2.7,0.7,447.0,157.6,14.3,6.3,34.0,26.8,25.21,False,4095,0.0,5.0,0.0,EXT-OPEN-METEO-KHI,KARACHI,OPENSOURCE_API_GRID,1207,,,,0.95,True,True,TIER2_OPENSOURCE_PURE;CONTINUOUS_MINUTE_STREAM;VERIFIED_MODEL_GRID,5380c69c4093932001f4109c1b0d343ca49bea8cb9ae3d2ff35771d861c631a2,2026-09-20T20:06:00+00:00,2026-09-21 01:06:00,91.0,1010.8,79
12.0,17.6,33.9,1091.2,316.8,49.3,6.2,2.7,0.7,447.0,157.4,14.2,6.3,34.0,26.8,25.21,False,4095,0.0,5.0,0.0,EXT-OPEN-METEO-KHI,KARACHI,OPENSOURCE_API_GRID,1208,,,,0.95,True,True,TIER2_OPENSOURCE_PURE;CONTINUOUS_MINUTE_STREAM;VERIFIED_MODEL_GRID,fd354ff6ad0b884d26fd299010883d8cee88e8c05614d6072c257e4fc1864cd7,2026-09-20T20:07:00+00:00,2026-09-21 01:07:00,91.0,1010.8,79
12.0,17.6,34.0,1091.2,316.8,49.3,6.2,2.7,0.7,447.0,157.2,14.2,6.3,34.0,26.8,25.21,False,4095,0.0,5.0,0.0,EXT-OPEN-METEO-KHI,KARACHI,OPENSOURCE_API_GRID,1209,,,,0.95,True,True,TIER2_OPENSOURCE_PURE;CONTINUOUS_MINUTE_STREAM;VERIFIED_MODEL_GRID,c4e2770a7b4b41c47aecd547e5e1051c7f6cd58a0150b5a2c7b9722d596c0b93,2026-09-20T20:08:00+00:00,2026-09-21 01:08:00,91.0,1010.8,79
12.0,17.6,33.8,1091.2,316.8,49.3,6.2,2.7,0.7,447.0,157.0,14.2,6.3,34.1,26.8,25.22,False,4095,0.0,5.0,0.0,EXT-OPEN-METEO-KHI,KARACHI,OPENSOURCE_API_GRID,1210,,,,0.95,True,True,TIER2_OPENSOURCE_PURE;CONTINUOUS_MINUTE_STREAM;VERIFIED_MODEL_GRID,6b74c949c2c83c3832a7845cf7b5685c0adff31b7587cbeced36d14a2401c6cc,2026-09-20T20:09:00+00:00,2026-09-21 01:09:00,91.1,1010.8,79
12.0,17.6,33.9,1091.2,316.8,49.3,6.2,2.7,0.7,447.0,156.8,14.2,6.3,34.1,26.8,25.22,False,4095,0.0,5.0,0.0,EXT-OPEN-METEO-KHI,KARACHI,OPENSOURCE_API_GRID,1211,,,,0.95,True,True,TIER2_OPENSOURCE_PURE;CONTINUOUS_MINUTE_STREAM;VERIFIED_MODEL_GRID,e94780973b910330464c65cedbe4f4346abe2e2fd565af0224ca9094f42bb36a,2026-09-20T20:10:00+00:00,2026-09-21 01:10:00,91.1,1010.8,79
12.0,17.6,33.9,1091.2,316.8,49.3,6.2,2.7,0.7,447.0,156.5,14.2,6.3,34.1,26.8,25.22,False,4095,0.0,5.0,0.0,EXT-OPEN-METEO-KHI,KARACHI,OPENSOURCE_API_GRID,1212,,,,0.95,True,True,TIER2_OPENSOURCE_PURE;CONTINUOUS_MINUTE_STREAM;VERIFIED_MODEL_GRID,ce4c7bf8a000ae6d7f8f65410b7f99bc928f59c83c8c3247eac120383f37b9fa,2026-09-20T20:11:00+00:00,2026-09-21 01:11:00,91.1,1010.8,79
12.0,17.6,34.0,1091.2,316.8,49.3,6.2,2.7,0.7,447.0,156.3,14.1,6.3,34.1,26.8,25.22,False,4095,0.0,5.0,0.0,EXT-OPEN-METEO-KHI,KARACHI,OPENSOURCE_API_GRID,1213,,,,0.95,True,True,TIER2_OPENSOURCE_PURE;CONTINUOUS_MINUTE_STREAM;VERIFIED_MODEL_GRID,28bb86ee10537c275b04a048dc05770e4dd758be490f94c7fabf131dbbea9255,2026-09-20T20:12:00+00:00,2026-09-21 01:12:00,91.1,1010.8,79
12.0,17.7,34.0,1097.4,318.6,49.6,6.2,2.7,0.7,447.0,156.0,14.1,6.3,34.1,26.8,25.22,False,4095,0.0,5.0,0.0,EXT-OPEN-METEO-KHI,KARACHI,OPENSOURCE_API_GRID,1214,,,,0.95,True,True,TIER2_OPENSOURCE_PURE;CONTINUOUS_MINUTE_STREAM;VERIFIED_MODEL_GRID,0c50dc2f4d3b80fc59360e7e261a0a1905643d87f9d2c06fe5aad990a740c66d,2026-09-20T20:13:00+00:00,2026-09-21 01:13:00,91.1,1010.8,79
12.0,17.7,34.0,1097.4,318.6,49.6,6.2,2.7,0.7,447.0,155.7,14.1,6.3,34.1,26.8,25.22,False,4095,0.0,5.0,0.0,EXT-OPEN-METEO-KHI,KARACHI,OPENSOURCE_API_GRID,1215,,,,0.95,True,True,TIER2_OPENSOURCE_PURE;CONTINUOUS_MINUTE_STREAM;VERIFIED_MODEL_GRID,7b443c15dd24b33f2061d78c6a88b12bef3222aea320d43421c53aeb8a2026ec,2026-09-20T20:14:00+00:00,2026-09-21 01:14:00,91.1,1010.8,79
12.0,17.7,34.0,1097.4,318.6,49.6,6.2,2.7,0.7,447.0,155.4,14.1,6.3,34.1,26.8,25.22,False,4095,0.0,5.0,0.0,EXT-OPEN-METEO-KHI,KARACHI,OPENSOURCE_API_GRID,1216,,,,0.95,True,True,TIER2_OPENSOURCE_PURE;CONTINUOUS_MINUTE_STREAM;VERIFIED_MODEL_GRID,6ac693c27273f6bad689d83e82527d44fac0a8a94a8fcb6e1425f84a5ccbab96,2026-09-20T20:15:00+00:00,2026-09-21 01:15:00,91.1,1010.8,79
12.0,17.7,34.0,1097.4,318.6,49.6,6.2,2.7,0.7,447.0,155.0,14.0,6.3,34.2,26.8,25.22,False,4095,0.0,5.0,0.0,EXT-OPEN-METEO-KHI,KARACHI,OPENSOURCE_API_GRID,1217,,,,0.95,True,True,TIER2_OPENSOURCE_PURE;CONTINUOUS_MINUTE_STREAM;VERIFIED_MODEL_GRID,1744d21e1f58328ad1eb16cb590ed832e75d3aafac068dda6e9a802582fff8d1,2026-09-20T20:16:00+00:00,2026-09-21 01:16:00,91.1,1010.8,79
12.0,17.6,34.0,1091.2,316.8,49.3,6.2,2.7,0.7,447.0,154.7,14.0,6.3,34.2,26.8,25.21,False,4095,0.0,5.0,0.0,EXT-OPEN-METEO-KHI,KARACHI,OPENSOURCE_API_GRID,1218,,,,0.95,True,True,TIER2_OPENSOURCE_PURE;CONTINUOUS_MINUTE_STREAM;VERIFIED_MODEL_GRID,abdccd31b7f77028e6d0775da3b6a84b8fc8a22c5f303dffc069d7841c10564a,2026-09-20T20:17:00+00:00,2026-09-21 01:17:00,91.0,1010.8,79
12.0,17.6,33.9,1091.2,316.8,49.3,6.2,2.7,0.7,447.0,154.3,13.9,6.3,34.2,26.8,25.21,False,4095,0.0,5.0,0.0,EXT-OPEN-METEO-KHI,KARACHI,OPENSOURCE_API_GRID,1219,,,,0.95,True,True,TIER2_OPENSOURCE_PURE;CONTINUOUS_MINUTE_STREAM;VERIFIED_MODEL_GRID,887b7152e18813715af42685476c61e0d1585b7d87a03b93744baaea0ae2e1fb,2026-09-20T20:18:00+00:00,2026-09-21 01:18:00,91.0,1010.8,79
12.0,17.6,33.9,1091.2,316.8,49.3,6.2,2.7,0.7,447.0,153.9,13.9,6.3,34.2,26.8,25.21,False,4095,0.0,5.0,0.0,EXT-OPEN-METEO-KHI,KARACHI,OPENSOURCE_API_GRID,1220,,,,0.95,True,True,TIER2_OPENSOURCE_PURE;CONTINUOUS_MINUTE_STREAM;VERIFIED_MODEL_GRID,19a10f5b85f771708fad52f75f550023a68febc5fca82fb285288eae3bb8f94f,2026-09-20T20:19:00+00:00,2026-09-21 01:19:00,91.0,1010.8,79
11.9,17.5,33.8,1085.0,315.0,49.0,6.1,2.7,0.7,447.0,153.5,13.9,6.3,34.2,26.8,25.21,False,4095,0.0,5.0,0.0,EXT-OPEN-METEO-KHI,KARACHI,OPENSOURCE_API_GRID,1221,,,,0.95,True,True,TIER2_OPENSOURCE_PURE;CONTINUOUS_MINUTE_STREAM;VERIFIED_MODEL_GRID,293bcaeb3fdfee2214dd401cedeb179bf68bc09ccdb25fa0f7f5263af144ae56,2026-09-20T20:20:00+00:00,2026-09-21 01:20:00,91.0,1010.7,79
11.9,17.5,33.7,1085.0,315.0,49.0,6.1,2.7,0.7,447.0,153.1,13.8,6.3,34.3,26.8,25.19,False,4095,0.0,5.0,0.0,EXT-OPEN-METEO-KHI,KARACHI,OPENSOURCE_API_GRID,1222,,,,0.95,True,True,TIER2_OPENSOURCE_PURE;CONTINUOUS_MINUTE_STREAM;VERIFIED_MODEL_GRID,29b669e727a9b1e6a9ae6320f0b7b451c20d85caf7e15fa1eb4c8381ed796123,2026-09-20T20:21:00+00:00,2026-09-21 01:21:00,90.9,1010.7,79
11.8,17.4,33.6,1078.8,313.2,48.7,6.1,2.7,0.7,447.0,152.7,13.8,6.3,34.3,26.8,25.19,False,4095,0.0,5.0,0.0,EXT-OPEN-METEO-KHI,KARACHI,OPENSOURCE_API_GRID,1223,,,,0.95,True,True,TIER2_OPENSOURCE_PURE;CONTINUOUS_MINUTE_STREAM;VERIFIED_MODEL_GRID,a602208ebc264141560f861859b3724bd3532b5b123467e6043f781e593525be,2026-09-20T20:22:00+00:00,2026-09-21 01:22:00,90.9,1010.7,79
11.8,17.3,33.5,1072.6,311.4,48.4,6.1,2.7,0.7,447.0,152.2,13.8,6.3,34.3,26.8,25.19,False,4095,0.0,5.0,0.0,EXT-OPEN-METEO-KHI,KARACHI,OPENSOURCE_API_GRID,1224,,,,0.95,True,True,TIER2_OPENSOURCE_PURE;CONTINUOUS_MINUTE_STREAM;VERIFIED_MODEL_GRID,f6e86372cdc636d9d2ae06e1ddcd32e778ae4e646e5039744ed69a5fc95e1b79,2026-09-20T20:23:00+00:00,2026-09-21 01:23:00,90.9,1010.7,79
11.8,17.3,33.4,1072.6,311.4,48.4,6.1,2.7,0.7,447.0,151.8,13.7,6.3,34.3,26.7,25.09,False,4095,0.0,5.0,0.0,EXT-OPEN-METEO-KHI,KARACHI,OPENSOURCE_API_GRID,1225,,,,0.95,True,True,TIER2_OPENSOURCE_PURE;CONTINUOUS_MINUTE_STREAM;VERIFIED_MODEL_GRID,d136b252cf1a00a722f54127457aba3cfdb22c657adb78c38e56d54bf1a3eacd,2026-09-20T20:24:00+00:00,2026-09-21 01:24:00,90.9,1010.7,79
11.7,17.2,33.3,1066.4,309.6,48.2,6.0,2.7,0.7,447.0,151.3,13.7,6.3,34.4,26.7,25.09,False,4095,0.0,5.0,0.0,EXT-OPEN-METEO-KHI,KARACHI,OPENSOURCE_API_GRID,1226,,,,0.95,True,True,TIER2_OPENSOURCE_PURE;CONTINUOUS_MINUTE_STREAM;VERIFIED_MODEL_GRID,abcdcb5724f420a0b701b14c417525cc93b891aacf05a42c59b7ea0cf32bef96,2026-09-20T20:25:00+00:00,2026-09-21 01:25:00,90.9,1010.7,79
11.7,17.2,33.2,1066.4,309.6,48.2,6.0,2.7,0.7,447.0,150.9,13.6,6.3,34.4,26.7,25.09,False,4095,0.0,5.0,0.0,EXT-OPEN-METEO-KHI,KARACHI,OPENSOURCE_API_GRID,1227,,,,0.95,True,True,TIER2_OPENSOURCE_PURE;CONTINUOUS_MINUTE_STREAM;VERIFIED_MODEL_GRID,1e0fdccc5bd8a622bfa9e8b46413d81b84df1377ea9d74b902af33ea4ceec556,2026-09-20T20:26:00+00:00,2026-09-21 01:26:00,90.9,1010.7,79
11.6,17.1,33.2,1060.2,307.8,47.9,6.0,2.7,0.7,447.0,150.4,13.6,6.3,34.4,26.7,25.09,False,4095,0.0,5.0,0.0,EXT-OPEN-METEO-KHI,KARACHI,OPENSOURCE_API_GRID,1228,,,,0.95,True,True,TIER2_OPENSOURCE_PURE;CONTINUOUS_MINUTE_STREAM;VERIFIED_MODEL_GRID,92b3af895de62c35421f472c099ce54a3e28ea97a7db179df7547945a3b2409a,2026-09-20T20:27:00+00:00,2026-09-21 01:27:00,90.9,1010.7,79
11.6,17.1,33.1,1060.2,307.8,47.9,6.0,2.6,0.7,447.0,149.9,13.5,6.3,34.4,26.7,25.09,False,4095,0.0,5.0,0.0,EXT-OPEN-METEO-KHI,KARACHI,OPENSOURCE_API_GRID,1229,,,,0.95,True,True,TIER2_OPENSOURCE_PURE;CONTINUOUS_MINUTE_STREAM;VERIFIED_MODEL_GRID,acc148e7a334fcd9c313588d801d723d7c55c33a161b8084b7aa257965251ddf,2026-09-20T20:28:00+00:00,2026-09-21 01:28:00,90.9,1010.7,79
11.6,17.0,33.0,1054.0,306.0,47.6,5.9,2.6,0.7,447.0,149.5,13.5,6.3,34.5,26.7,25.09,False,4095,0.0,5.0,0.0,EXT-OPEN-METEO-KHI,KARACHI,OPENSOURCE_API_GRID,1230,,,,0.95,True,True,TIER2_OPENSOURCE_PURE;CONTINUOUS_MINUTE_STREAM;VERIFIED_MODEL_GRID,0256fcf01777183f5abd9de25b858f050c6bf3a67a290d8cb332469a8c532a7b,2026-09-20T20:29:00+00:00,2026-09-21 01:29:00,90.9,1010.7,79
11.6,17.0,33.0,1054.0,306.0,47.6,5.9,2.6,0.7,447.0,149.0,13.4,6.2,34.5,26.7,25.09,False,4095,0.0,5.0,0.0,EXT-OPEN-METEO-KHI,KARACHI,OPENSOURCE_API_GRID,1231,,,,0.95,True,True,TIER2_OPENSOURCE_PURE;CONTINUOUS_MINUTE_STREAM;VERIFIED_MODEL_GRID,60e7c32959fc001f335908f232bc386d08dba30adeced9e373cdfdf2ce371844,2026-09-20T20:30:00+00:00,2026-09-21 01:30:00,90.9,1010.7,79
11.6,17.0,33.0,1054.0,306.0,47.6,5.9,2.6,0.7,447.0,148.5,13.4,6.2,34.5,26.6,24.99,False,4095,0.0,5.0,0.0,EXT-OPEN-METEO-KHI,KARACHI,OPENSOURCE_API_GRID,1232,,,,0.95,True,True,TIER2_OPENSOURCE_PURE;CONTINUOUS_MINUTE_STREAM;VERIFIED_MODEL_GRID,c198fb83c7920d38b4547c7aebc7d4c46e11394087456a6ca27bd269dc2085c7,2026-09-20T20:31:00+00:00,2026-09-21 01:31:00,90.9,1010.6,79
11.6,17.0,33.0,1054.0,306.0,47.6,5.9,2.6,0.7,447.0,148.1,13.4,6.2,34.6,26.6,24.99,False,4095,0.0,5.0,0.0,EXT-OPEN-METEO-KHI,KARACHI,OPENSOURCE_API_GRID,1233,,,,0.95,True,True,TIER2_OPENSOURCE_PURE;CONTINUOUS_MINUTE_STREAM;VERIFIED_MODEL_GRID,bdaa2172b7ba3bb66eb594705b0f8760b40646a5fdbaccb1f411a917f645ea57,2026-09-20T20:32:00+00:00,2026-09-21 01:32:00,90.9,1010.6,79
11.6,17.0,33.0,1054.0,306.0,47.6,5.9,2.6,0.7,447.0,147.6,13.3,6.2,34.6,26.6,24.99,False,4095,0.0,5.0,0.0,EXT-OPEN-METEO-KHI,KARACHI,OPENSOURCE_API_GRID,1234,,,,0.95,True,True,TIER2_OPENSOURCE_PURE;CONTINUOUS_MINUTE_STREAM;VERIFIED_MODEL_GRID,5fba40130978f78f5b0b4b693ae100433c0eb245aefcb07fe204a342088ab1fb,2026-09-20T20:33:00+00:00,2026-09-21 01:33:00,90.9,1010.6,79
11.6,17.0,33.0,1054.0,306.0,47.6,5.9,2.6,0.7,447.0,147.1,13.3,6.2,34.6,26.6,24.99,False,4095,0.0,5.0,0.0,EXT-OPEN-METEO-KHI,KARACHI,OPENSOURCE_API_GRID,1235,,,,0.95,True,True,TIER2_OPENSOURCE_PURE;CONTINUOUS_MINUTE_STREAM;VERIFIED_MODEL_GRID,d46866bb78c6b842d140cef2725b30dad2f5163602c996646ac0298b2ec7f92c,2026-09-20T20:34:00+00:00,2026-09-21 01:34:00,90.9,1010.6,79
11.6,17.0,33.0,1054.0,306.0,47.6,5.9,2.6,0.7,447.0,146.7,13.2,6.2,34.6,26.6,24.99,False,4095,0.0,5.0,0.0,EXT-OPEN-METEO-KHI,KARACHI,OPENSOURCE_API_GRID,1236,,,,0.95,True,True,TIER2_OPENSOURCE_PURE;CONTINUOUS_MINUTE_STREAM;VERIFIED_MODEL_GRID,580e82a02a525929d3e5200984c85baef16721f149bdc312a527c813db148b4c,2026-09-20T20:35:00+00:00,2026-09-21 01:35:00,90.9,1010.6,79
11.6,17.0,33.0,1054.0,306.0,47.6,5.9,2.6,0.7,447.0,146.2,13.2,6.2,34.7,26.6,25.01,False,4095,0.0,5.0,0.0,EXT-OPEN-METEO-KHI,KARACHI,OPENSOURCE_API_GRID,1237,,,,0.95,True,True,TIER2_OPENSOURCE_PURE;CONTINUOUS_MINUTE_STREAM;VERIFIED_MODEL_GRID,b84f86f8ee1fde5dcb791caab8e9bdaaf2f61ad0a48cf697c790656685bb9c6b,2026-09-20T20:36:00+00:00,2026-09-21 01:36:00,91.0,1010.6,79
11.6,17.0,33.1,1054.0,306.0,47.6,5.9,2.6,0.7,447.0,145.8,13.1,6.2,34.7,26.6,25.01,False,4095,0.0,5.0,0.0,EXT-OPEN-METEO-KHI,KARACHI,OPENSOURCE_API_GRID,1238,,,,0.95,True,True,TIER2_OPENSOURCE_PURE;CONTINUOUS_MINUTE_STREAM;VERIFIED_MODEL_GRID,c02e35f8073464be09b3be0fdddf734b848e218e0e3bb6654bc29dbcfffc52a8,2026-09-20T20:37:00+00:00,2026-09-21 01:37:00,91.0,1010.6,79
11.6,17.1,33.1,1060.2,307.8,47.9,6.0,2.6,0.7,447.0,145.3,13.1,6.2,34.7,26.6,25.01,False,4095,0.0,5.0,0.0,EXT-OPEN-METEO-KHI,KARACHI,OPENSOURCE_API_GRID,1239,,,,0.95,True,True,TIER2_OPENSOURCE_PURE;CONTINUOUS_MINUTE_STREAM;VERIFIED_MODEL_GRID,0497d059122e5a52986fe80d48c07dc5f8f530a059a0407da9a8a50a4a32a141,2026-09-20T20:38:00+00:00,2026-09-21 01:38:00,91.0,1010.6,79
11.6,17.1,33.1,1060.2,307.8,47.9,6.0,2.6,0.7,447.0,144.9,13.1,6.2,34.7,26.6,25.01,False,4095,0.0,5.0,0.0,EXT-OPEN-METEO-KHI,KARACHI,OPENSOURCE_API_GRID,1240,,,,0.95,True,True,TIER2_OPENSOURCE_PURE;CONTINUOUS_MINUTE_STREAM;VERIFIED_MODEL_GRID,19849a8c9f1e4dcbb741d9b1f5a64bcf981cf6402903e7fd34c31dd3209a9d02,2026-09-20T20:39:00+00:00,2026-09-21 01:39:00,91.0,1010.6,79
11.6,17.0,33.0,1054.0,306.0,47.6,5.9,2.6,0.7,447.0,144.5,13.0,6.2,34.8,26.7,25.14,False,4095,0.0,5.0,0.0,EXT-OPEN-METEO-KHI,KARACHI,OPENSOURCE_API_GRID,1241,,,,0.95,True,True,TIER2_OPENSOURCE_PURE;CONTINUOUS_MINUTE_STREAM;VERIFIED_MODEL_GRID,cefdc6037e699425dfbeb58c0f92da4832ae0f23a8ae7b94c671c02eb5222c7c,2026-09-20T20:40:00+00:00,2026-09-21 01:40:00,91.2,1010.6,79
11.6,17.0,33.0,1054.0,306.0,47.6,5.9,2.6,0.7,447.0,144.1,13.0,6.2,34.8,26.7,25.13,False,4095,0.0,5.0,0.0,EXT-OPEN-METEO-KHI,KARACHI,OPENSOURCE_API_GRID,1242,,,,0.95,True,True,TIER2_OPENSOURCE_PURE;CONTINUOUS_MINUTE_STREAM;VERIFIED_MODEL_GRID,a9c4df505a0a3cd999cd983a1f98eb77ee0af575265bf1c7c6bee38bdb389688,2026-09-20T20:41:00+00:00,2026-09-21 01:41:00,91.1,1010.6,79
11.6,17.1,33.1,1060.2,307.8,47.9,6.0,2.6,0.7,447.0,143.7,13.0,6.2,34.8,26.7,25.13,False,4095,0.0,5.0,0.0,EXT-OPEN-METEO-KHI,KARACHI,OPENSOURCE_API_GRID,1243,,,,0.95,True,True,TIER2_OPENSOURCE_PURE;CONTINUOUS_MINUTE_STREAM;VERIFIED_MODEL_GRID,dc17f72d499657c48a86c4e013de368f335b9a435c813fc02018f2704a18804d,2026-09-20T20:42:00+00:00,2026-09-21 01:42:00,91.1,1010.6,79
11.6,17.1,33.1,1060.2,307.8,47.9,6.0,2.6,0.7,447.0,143.3,12.9,6.2,34.8,26.7,25.13,False,4095,0.0,5.0,0.0,EXT-OPEN-METEO-KHI,KARACHI,OPENSOURCE_API_GRID,1244,,,,0.95,True,True,TIER2_OPENSOURCE_PURE;CONTINUOUS_MINUTE_STREAM;VERIFIED_MODEL_GRID,4486db43758425ead6a6668c318d8e24add75124efb2ff337160893497b27f55,2026-09-20T20:43:00+00:00,2026-09-21 01:43:00,91.1,1010.6,79
11.6,17.1,33.1,1060.2,307.8,47.9,6.0,2.6,0.7,447.0,143.0,12.9,6.2,34.8,26.7,25.13,False,4095,0.0,5.0,0.0,EXT-OPEN-METEO-KHI,KARACHI,OPENSOURCE_API_GRID,1245,,,,0.95,True,True,TIER2_OPENSOURCE_PURE;CONTINUOUS_MINUTE_STREAM;VERIFIED_MODEL_GRID,aaed969bb39a034984363d3e55a737b0a1e68fb9f7d15b882361687fb6805656,2026-09-20T20:44:00+00:00,2026-09-21 01:44:00,91.1,1010.6,79
11.6,17.1,33.1,1060.2,307.8,47.9,6.0,2.6,0.7,447.0,142.6,12.8,6.2,34.9,26.7,25.13,False,4095,0.0,5.0,0.0,EXT-OPEN-METEO-KHI,KARACHI,OPENSOURCE_API_GRID,1246,,,,0.95,True,True,TIER2_OPENSOURCE_PURE;CONTINUOUS_MINUTE_STREAM;VERIFIED_MODEL_GRID,898acb779297f0e15e3aa3d55ee683f71967d43ef6b886c429ea81e6d5a056e6,2026-09-20T20:45:00+00:00,2026-09-21 01:45:00,91.1,1010.6,79
11.6,17.1,33.1,1060.2,307.8,47.9,6.0,2.6,0.7,447.0,142.3,12.8,6.2,34.9,26.7,25.13,False,4095,0.0,5.0,0.0,EXT-OPEN-METEO-KHI,KARACHI,OPENSOURCE_API_GRID,1247,,,,0.95,True,True,TIER2_OPENSOURCE_PURE;CONTINUOUS_MINUTE_STREAM;VERIFIED_MODEL_GRID,5a84ba01d3e14dc4b270d322dd8a184da10f724324d5cc183d5dcdcad5195813,2026-09-20T20:46:00+00:00,2026-09-21 01:46:00,91.1,1010.6,79
11.6,17.1,33.1,1060.2,307.8,47.9,6.0,2.6,0.7,447.0,142.0,12.8,6.2,34.9,26.7,25.13,False,4095,0.0,5.0,0.0,EXT-OPEN-METEO-KHI,KARACHI,OPENSOURCE_API_GRID,1248,,,,0.95,True,True,TIER2_OPENSOURCE_PURE;CONTINUOUS_MINUTE_STREAM;VERIFIED_MODEL_GRID,49f13cba63023bbfee946c35c5d2ec26eab7b9068c06dcc0c0aa1212615e56a1,2026-09-20T20:47:00+00:00,2026-09-21 01:47:00,91.1,1010.5,79
11.6,17.1,33.1,1060.2,307.8,47.9,6.0,2.6,0.7,447.0,141.7,12.8,6.2,34.9,26.7,25.11,False,4095,0.0,5.0,0.0,EXT-OPEN-METEO-KHI,KARACHI,OPENSOURCE_API_GRID,1249,,,,0.95,True,True,TIER2_OPENSOURCE_PURE;CONTINUOUS_MINUTE_STREAM;VERIFIED_MODEL_GRID,4a53cd44cc1aa898d107e9da7565e2f91e2395de9440fa303dc8e986d9e623f3,2026-09-20T20:48:00+00:00,2026-09-21 01:48:00,91.0,1010.5,79
11.6,17.0,33.1,1054.0,306.0,47.6,5.9,2.6,0.7,447.0,141.5,12.7,6.2,34.9,26.7,25.11,False,4095,0.0,5.0,0.0,EXT-OPEN-METEO-KHI,KARACHI,OPENSOURCE_API_GRID,1250,,,,0.95,True,True,TIER2_OPENSOURCE_PURE;CONTINUOUS_MINUTE_STREAM;VERIFIED_MODEL_GRID,305db62b31a294ff3b96d6457ea3a39398b6e3df7cb352023cd49b211ff70cf4,2026-09-20T20:49:00+00:00,2026-09-21 01:49:00,91.0,1010.5,79
11.6,17.0,33.0,1054.0,306.0,47.6,5.9,2.6,0.7,447.0,141.2,12.7,6.2,34.9,26.7,25.11,False,4095,0.0,5.0,0.0,EXT-OPEN-METEO-KHI,KARACHI,OPENSOURCE_API_GRID,1251,,,,0.95,True,True,TIER2_OPENSOURCE_PURE;CONTINUOUS_MINUTE_STREAM;VERIFIED_MODEL_GRID,1d78398bc4ad347d37adf7a90e0119c7ac55dca46de8e2b33c311e01069d4eb7,2026-09-20T20:50:00+00:00,2026-09-21 01:50:00,91.0,1010.5,79
11.6,17.0,33.0,1054.0,306.0,47.6,5.9,2.6,0.7,447.0,141.0,12.7,6.2,34.9,26.7,25.11,False,4095,0.0,5.0,0.0,EXT-OPEN-METEO-KHI,KARACHI,OPENSOURCE_API_GRID,1252,,,,0.95,True,True,TIER2_OPENSOURCE_PURE;CONTINUOUS_MINUTE_STREAM;VERIFIED_MODEL_GRID,a4b3b625ddcb017462533de60083f55a12b7c1697da214a077439086f14f2b38,2026-09-20T20:51:00+00:00,2026-09-21 01:51:00,91.0,1010.5,79
11.5,16.9,32.9,1047.8,304.2,47.3,5.9,2.6,0.7,447.0,140.8,12.7,6.2,35.0,26.6,24.99,False,4095,0.0,5.0,0.0,EXT-OPEN-METEO-KHI,KARACHI,OPENSOURCE_API_GRID,1253,,,,0.95,True,True,TIER2_OPENSOURCE_PURE;CONTINUOUS_MINUTE_STREAM;VERIFIED_MODEL_GRID,822b18ee732f981e9c0c07a24b88772d2a0e452a36a07131b450bf88b0aea4e2,2026-09-20T20:52:00+00:00,2026-09-21 01:52:00,90.9,1010.5,79
11.5,16.9,32.8,1047.8,304.2,47.3,5.9,2.6,0.7,447.0,140.6,12.7,6.2,35.0,26.6,24.99,False,4095,0.0,5.0,0.0,EXT-OPEN-METEO-KHI,KARACHI,OPENSOURCE_API_GRID,1254,,,,0.95,True,True,TIER2_OPENSOURCE_PURE;CONTINUOUS_MINUTE_STREAM;VERIFIED_MODEL_GRID,3e66953e0388cc756a0b57aa9ba88b74a51fc2ea839cb5a421d5cf5c0b23a226,2026-09-20T20:53:00+00:00,2026-09-21 01:53:00,90.9,1010.5,79
11.4,16.8,32.7,1041.6,302.4,47.0,5.9,2.6,0.7,447.0,140.4,12.6,6.2,35.0,26.6,24.99,False,4095,0.0,5.0,0.0,EXT-OPEN-METEO-KHI,KARACHI,OPENSOURCE_API_GRID,1255,,,,0.95,True,True,TIER2_OPENSOURCE_PURE;CONTINUOUS_MINUTE_STREAM;VERIFIED_MODEL_GRID,e1751a1ab49ca465e157bd6ec76acbdf403f91c10f2cab59fe82c13a7efc7465,2026-09-20T20:54:00+00:00,2026-09-21 01:54:00,90.9,1010.5,79
11.4,16.8,32.7,1041.6,302.4,47.0,5.9,2.6,0.7,447.0,140.3,12.6,6.2,35.0,26.6,24.99,False,4095,0.0,5.0,0.0,EXT-OPEN-METEO-KHI,KARACHI,OPENSOURCE_API_GRID,1256,,,,0.95,True,True,TIER2_OPENSOURCE_PURE;CONTINUOUS_MINUTE_STREAM;VERIFIED_MODEL_GRID,cb5ad86ffa7ef994bd785a3ffdf23629ec443aa412d16da6827cc5ce136b2ab6,2026-09-20T20:55:00+00:00,2026-09-21 01:55:00,90.9,1010.5,79
11.4,16.7,32.6,1035.4,300.6,46.8,5.8,2.6,0.7,447.0,140.2,12.6,6.2,35.0,26.6,24.99,False,4095,0.0,5.0,0.0,EXT-OPEN-METEO-KHI,KARACHI,OPENSOURCE_API_GRID,1257,,,,0.95,True,True,TIER2_OPENSOURCE_PURE;CONTINUOUS_MINUTE_STREAM;VERIFIED_MODEL_GRID,db5739f265d9cbc18d8478c5d50ae3d31195dbde50a8aa8150f445509f694ce4,2026-09-20T20:56:00+00:00,2026-09-21 01:56:00,90.9,1010.5,79
11.4,16.7,32.5,1035.4,300.6,46.8,5.8,2.6,0.7,447.0,140.1,12.6,6.2,35.0,26.6,24.99,False,4095,0.0,5.0,0.0,EXT-OPEN-METEO-KHI,KARACHI,OPENSOURCE_API_GRID,1258,,,,0.95,True,True,TIER2_OPENSOURCE_PURE;CONTINUOUS_MINUTE_STREAM;VERIFIED_MODEL_GRID,7d023d160703e7cdeb8d25a8ee114481c09045a513df9585b434d579b213c81b,2026-09-20T20:57:00+00:00,2026-09-21 01:57:00,90.9,1010.5,79
11.4,16.7,32.5,1035.4,300.6,46.8,5.8,2.6,0.7,447.0,140.0,12.6,6.2,35.0,26.6,24.99,False,4095,0.0,5.0,0.0,EXT-OPEN-METEO-KHI,KARACHI,OPENSOURCE_API_GRID,1259,,,,0.95,True,True,TIER2_OPENSOURCE_PURE;CONTINUOUS_MINUTE_STREAM;VERIFIED_MODEL_GRID,5c121156b5bfae6eb95fa8302cfe6ad0d63e2a1d914e7cb685200dc5da518f64,2026-09-20T20:58:00+00:00,2026-09-21 01:58:00,90.9,1010.5,79
11.3,16.6,32.4,1029.2,298.8,46.5,5.8,2.6,0.6,447.0,140.0,12.6,6.2,35.0,26.6,24.99,False,4095,0.0,5.0,0.0,EXT-OPEN-METEO-KHI,KARACHI,OPENSOURCE_API_GRID,1260,,,,0.95,True,True,TIER2_OPENSOURCE_PURE;CONTINUOUS_MINUTE_STREAM;VERIFIED_MODEL_GRID,29890a6f6298bfa733c39ec0b63188ffff614286c51651754e02dd4659f457d4,2026-09-20T20:59:00+00:00,2026-09-21 01:59:00,90.9,1010.5,79
11.3,16.6,32.4,1029.2,298.8,46.5,5.8,2.6,0.6,447.0,140.0,12.6,6.2,35.0,26.6,24.99,False,4095,0.0,5.0,0.0,EXT-OPEN-METEO-KHI,KARACHI,OPENSOURCE_API_GRID,1261,,,,0.95,True,False,TIER2_OPENSOURCE_PURE;HOURLY_NODE;VERIFIED_MODEL_GRID,7d6aea89d1b7ed87c799b33e8a04ad62cb7a6689dbfd26e0b411c639866bf31a,2026-09-20T21:00:00+00:00,2026-09-21 02:00:00,90.9,1010.5,79
11.3,16.6,32.4,1029.2,298.8,46.5,5.8,2.6,0.6,447.0,140.0,12.6,6.2,35.0,26.6,24.99,False,4095,0.0,5.0,0.0,EXT-OPEN-METEO-KHI,KARACHI,OPENSOURCE_API_GRID,1262,,,,0.95,True,True,TIER2_OPENSOURCE_PURE;CONTINUOUS_MINUTE_STREAM;VERIFIED_MODEL_GRID,5e38188f4747cc07363e358d54b5e782ba7c39aef1cab065fd6b3f1df3119b68,2026-09-20T21:01:00+00:00,2026-09-21 02:01:00,90.9,1010.5,79
11.3,16.6,32.4,1029.2,298.8,46.5,5.8,2.6,0.6,447.0,140.0,12.6,6.2,35.0,26.6,24.99,False,4095,0.0,5.0,0.0,EXT-OPEN-METEO-KHI,KARACHI,OPENSOURCE_API_GRID,1263,,,,0.95,True,True,TIER2_OPENSOURCE_PURE;CONTINUOUS_MINUTE_STREAM;VERIFIED_MODEL_GRID,a865c8466efc144634412fceab364ef0a235eab325afa66fefe943e5a2045f5d,2026-09-20T21:02:00+00:00,2026-09-21 02:02:00,90.9,1010.5,79
11.3,16.6,32.4,1029.2,298.8,46.5,5.8,2.6,0.6,447.0,139.9,12.6,6.2,35.0,26.5,24.89,False,4095,0.0,5.0,0.0,EXT-OPEN-METEO-KHI,KARACHI,OPENSOURCE_API_GRID,1264,,,,0.95,True,True,TIER2_OPENSOURCE_PURE;CONTINUOUS_MINUTE_STREAM;VERIFIED_MODEL_GRID,62394a12475ee8037e4e8053bba7275370e131fca270fe490faaeed9ab4ee4c2,2026-09-20T21:03:00+00:00,2026-09-21 02:03:00,90.9,1010.5,79
11.3,16.6,32.4,1029.2,298.8,46.5,5.8,2.6,0.6,447.0,139.8,12.6,6.2,35.0,26.5,24.89,False,4095,0.0,5.0,0.0,EXT-OPEN-METEO-KHI,KARACHI,OPENSOURCE_API_GRID,1265,,,,0.95,True,True,TIER2_OPENSOURCE_PURE;CONTINUOUS_MINUTE_STREAM;VERIFIED_MODEL_GRID,d3983ebb89f40c0402dc9767057b855579826e8f38b607ab94bd21be8d4132a5,2026-09-20T21:04:00+00:00,2026-09-21 02:04:00,90.9,1010.5,79
11.4,16.7,32.5,1035.4,300.6,46.8,5.8,2.6,0.7,447.0,139.7,12.6,6.2,35.0,26.6,24.99,False,4095,0.0,4.9,0.0,EXT-OPEN-METEO-KHI,KARACHI,OPENSOURCE_API_GRID,1266,,,,0.95,True,True,TIER2_OPENSOURCE_PURE;CONTINUOUS_MINUTE_STREAM;VERIFIED_MODEL_GRID,2f493c14563339d540ab58efddf7a4b6d47435948980285ca5f44525136c3c77,2026-09-20T21:05:00+00:00,2026-09-21 02:05:00,90.9,1010.5,79
11.4,16.7,32.5,1035.4,300.6,46.8,5.8,2.6,0.7,447.0,139.6,12.5,6.2,35.0,26.6,24.99,False,4095,0.0,4.9,0.0,EXT-OPEN-METEO-KHI,KARACHI,OPENSOURCE_API_GRID,1267,,,,0.95,True,True,TIER2_OPENSOURCE_PURE;CONTINUOUS_MINUTE_STREAM;VERIFIED_MODEL_GRID,1abcdf69325fb10fb2e998a90d57e0881e8e2ff84a177020c2cf7546a9ff09f1,2026-09-20T21:06:00+00:00,2026-09-21 02:06:00,90.9,1010.5,79
11.4,16.7,32.6,1035.4,300.6,46.8,5.8,2.6,0.7,447.0,139.5,12.5,6.2,35.0,26.6,24.99,False,4095,0.0,4.9,0.0,EXT-OPEN-METEO-KHI,KARACHI,OPENSOURCE_API_GRID,1268,,,,0.95,True,True,TIER2_OPENSOURCE_PURE;CONTINUOUS_MINUTE_STREAM;VERIFIED_MODEL_GRID,6e03e7226f4be95670af4db8c9848af026fe282b20389c272882cdf43efdad46,2026-09-20T21:07:00+00:00,2026-09-21 02:07:00,90.9,1010.5,79
11.4,16.8,32.6,1041.6,302.4,47.0,5.9,2.6,0.7,447.0,139.3,12.5,6.2,35.0,26.6,24.99,False,4095,0.0,4.8,0.0,EXT-OPEN-METEO-KHI,KARACHI,OPENSOURCE_API_GRID,1269,,,,0.95,True,True,TIER2_OPENSOURCE_PURE;CONTINUOUS_MINUTE_STREAM;VERIFIED_MODEL_GRID,af96901d37717c1889e347db0efd39a8d391a764ebb46723e2295992e8bdd39a,2026-09-20T21:08:00+00:00,2026-09-21 02:08:00,90.9,1010.5,79
11.4,16.8,32.7,1041.6,302.4,47.0,5.9,2.6,0.7,447.0,139.1,12.5,6.2,35.1,26.6,25.01,False,4095,0.0,4.8,0.0,EXT-OPEN-METEO-KHI,KARACHI,OPENSOURCE_API_GRID,1270,,,,0.95,True,True,TIER2_OPENSOURCE_PURE;CONTINUOUS_MINUTE_STREAM;VERIFIED_MODEL_GRID,9e1640d4fd8bcc7f6de612397dbb82632c20a67214668b966fa3256994e2d135,2026-09-20T21:09:00+00:00,2026-09-21 02:09:00,91.0,1010.5,79
11.4,16.8,32.8,1041.6,302.4,47.0,5.9,2.6,0.7,447.0,138.9,12.5,6.2,35.1,26.6,25.01,False,4095,0.0,4.7,0.0,EXT-OPEN-METEO-KHI,KARACHI,OPENSOURCE_API_GRID,1271,,,,0.95,True,True,TIER2_OPENSOURCE_PURE;CONTINUOUS_MINUTE_STREAM;VERIFIED_MODEL_GRID,7e249214deb45499a262776154ad41584ac2a8eababe48b42263735e9d42fe80,2026-09-20T21:10:00+00:00,2026-09-21 02:10:00,91.0,1010.5,79
11.4,16.7,32.6,1035.4,300.6,46.8,5.8,2.6,0.7,447.0,138.7,12.4,6.2,35.1,26.6,25.03,False,4095,0.0,4.7,0.0,EXT-OPEN-METEO-KHI,KARACHI,OPENSOURCE_API_GRID,1272,,,,0.95,True,True,TIER2_OPENSOURCE_PURE;CONTINUOUS_MINUTE_STREAM;VERIFIED_MODEL_GRID,1164e06d4e4e77e3a92c4cc6785e34e383cf0c35f515686bd25be4fdded354b0,2026-09-20T21:11:00+00:00,2026-09-21 02:11:00,91.1,1010.5,79
11.4,16.8,32.7,1041.6,302.4,47.0,5.9,2.6,0.7,447.0,138.5,12.4,6.2,35.1,26.6,25.03,False,4095,0.0,4.6,0.0,EXT-OPEN-METEO-KHI,KARACHI,OPENSOURCE_API_GRID,1273,,,,0.95,True,True,TIER2_OPENSOURCE_PURE;CONTINUOUS_MINUTE_STREAM;VERIFIED_MODEL_GRID,c103f3f659662a6dcc6b4ef3da63792db65fca4802b20166c13b1d3e587e1333,2026-09-20T21:12:00+00:00,2026-09-21 02:12:00,91.1,1010.5,79
11.4,16.8,32.7,1041.6,302.4,47.0,5.9,2.6,0.7,447.0,138.2,12.4,6.2,35.1,26.6,25.01,False,4095,0.0,4.6,0.0,EXT-OPEN-METEO-KHI,KARACHI,OPENSOURCE_API_GRID,1274,,,,0.95,True,True,TIER2_OPENSOURCE_PURE;CONTINUOUS_MINUTE_STREAM;VERIFIED_MODEL_GRID,aa7c94f854c4122960ce976386db5a06b76a4c268ce8af0f43380dd5c850eb92,2026-09-20T21:13:00+00:00,2026-09-21 02:13:00,91.0,1010.5,79
11.4,16.8,32.8,1041.6,302.4,47.0,5.9,2.6,0.7,447.0,137.9,12.3,6.2,35.1,26.6,25.01,False,4095,0.0,4.5,0.0,EXT-OPEN-METEO-KHI,KARACHI,OPENSOURCE_API_GRID,1275,,,,0.95,True,True,TIER2_OPENSOURCE_PURE;CONTINUOUS_MINUTE_STREAM;VERIFIED_MODEL_GRID,a790b92b00dcbadec3301435ada79aa5755a0bb0f48088a371c556ba2bd86cf4,2026-09-20T21:14:00+00:00,2026-09-21 02:14:00,91.0,1010.5,79
11.4,16.8,32.8,1041.6,302.4,47.0,5.9,2.6,0.7,447.0,137.7,12.3,6.2,35.1,26.6,25.01,False,4095,0.0,4.4,0.0,EXT-OPEN-METEO-KHI,KARACHI,OPENSOURCE_API_GRID,1276,,,,0.95,True,True,TIER2_OPENSOURCE_PURE;CONTINUOUS_MINUTE_STREAM;VERIFIED_MODEL_GRID,80e23eaf5d5477918b2c2869a4d8b655d999c3936b765feba06fdba46273fef8,2026-09-20T21:15:00+00:00,2026-09-21 02:15:00,91.0,1010.5,79
11.4,16.8,32.8,1041.6,302.4,47.0,5.9,2.6,0.7,447.0,137.4,12.3,6.2,35.2,26.6,24.99,False,4095,0.0,4.3,0.0,EXT-OPEN-METEO-KHI,KARACHI,OPENSOURCE_API_GRID,1277,,,,0.95,True,True,TIER2_OPENSOURCE_PURE;CONTINUOUS_MINUTE_STREAM;VERIFIED_MODEL_GRID,d2975e48178085797677fe7016ead38129583502796c2924b3ae34b82803f670,2026-09-20T21:16:00+00:00,2026-09-21 02:16:00,90.9,1010.5,79
11.4,16.8,32.8,1041.6,302.4,47.0,5.9,2.6,0.7,447.0,137.0,12.2,6.1,35.2,26.6,24.99,False,4095,0.0,4.3,0.0,EXT-OPEN-METEO-KHI,KARACHI,OPENSOURCE_API_GRID,1278,,,,0.95,True,True,TIER2_OPENSOURCE_PURE;CONTINUOUS_MINUTE_STREAM;VERIFIED_MODEL_GRID,ec8dbb625d023cd040beecf57029d23f2821b80145ad57be9affe9a7c856963c,2026-09-20T21:17:00+00:00,2026-09-21 02:17:00,90.9,1010.5,79
11.4,16.8,32.8,1041.6,302.4,47.0,5.9,2.6,0.7,447.0,136.7,12.2,6.1,35.2,26.6,24.99,False,4095,0.0,4.2,0.0,EXT-OPEN-METEO-KHI,KARACHI,OPENSOURCE_API_GRID,1279,,,,0.95,True,True,TIER2_OPENSOURCE_PURE;CONTINUOUS_MINUTE_STREAM;VERIFIED_MODEL_GRID,d58ab1bc54793d4ca3585ad62539824575dafecea3a5d7df7c03d6bba6f075ba,2026-09-20T21:18:00+00:00,2026-09-21 02:18:00,90.9,1010.5,79
11.4,16.8,32.8,1041.6,302.4,47.0,5.9,2.6,0.7,447.0,136.4,12.1,6.1,35.2,26.6,24.97,False,4095,0.0,4.1,0.0,EXT-OPEN-METEO-KHI,KARACHI,OPENSOURCE_API_GRID,1280,,,,0.95,True,True,TIER2_OPENSOURCE_PURE;CONTINUOUS_MINUTE_STREAM;VERIFIED_MODEL_GRID,a98b935dbaeb4b9ec6a05e6ee98cb1b6cd2c84e2d7bd013ffcfadd0cf8a3fb37,2026-09-20T21:19:00+00:00,2026-09-21 02:19:00,90.8,1010.4,79
11.4,16.8,32.7,1041.6,302.4,47.0,5.9,2.6,0.7,447.0,136.0,12.1,6.1,35.2,26.6,24.97,False,4095,0.0,4.0,0.0,EXT-OPEN-METEO-KHI,KARACHI,OPENSOURCE_API_GRID,1281,,,,0.95,True,True,TIER2_OPENSOURCE_PURE;CONTINUOUS_MINUTE_STREAM;VERIFIED_MODEL_GRID,4a050e8587495d20b91c75bd0c056069f9bc920ca2ea68e68b318e4ade970a21,2026-09-20T21:20:00+00:00,2026-09-21 02:20:00,90.8,1010.4,79
11.4,16.7,32.7,1035.4,300.6,46.8,5.8,2.6,0.7,447.0,135.6,12.0,6.1,35.3,26.6,24.95,False,4095,0.0,3.9,0.0,EXT-OPEN-METEO-KHI,KARACHI,OPENSOURCE_API_GRID,1282,,,,0.95,True,True,TIER2_OPENSOURCE_PURE;CONTINUOUS_MINUTE_STREAM;VERIFIED_MODEL_GRID,68f7d30f357a0c100d59fee63f02da5cf50ef7fca1fba5fbc3eb5fa533354bd0,2026-09-20T21:21:00+00:00,2026-09-21 02:21:00,90.7,1010.4,79
11.4,16.7,32.6,1035.4,300.6,46.8,5.8,2.6,0.7,447.0,135.3,12.0,6.1,35.3,26.6,24.95,False,4095,0.0,3.8,0.0,EXT-OPEN-METEO-KHI,KARACHI,OPENSOURCE_API_GRID,1283,,,,0.95,True,True,TIER2_OPENSOURCE_PURE;CONTINUOUS_MINUTE_STREAM;VERIFIED_MODEL_GRID,85765c620891a808ad0e66a6d6f72b10d0c9ccc480e274d076b220a47cea0821,2026-09-20T21:22:00+00:00,2026-09-21 02:22:00,90.7,1010.4,79
11.3,16.6,32.5,1029.2,298.8,46.5,5.8,2.6,0.7,447.0,134.9,11.9,6.1,35.3,26.6,24.93,False,4095,0.0,3.7,0.0,EXT-OPEN-METEO-KHI,KARACHI,OPENSOURCE_API_GRID,1284,,,,0.95,True,True,TIER2_OPENSOURCE_PURE;CONTINUOUS_MINUTE_STREAM;VERIFIED_MODEL_GRID,fe930877110ad5a529c1d75501397897e2c2d309ae8d7d03c01ff75f8936cf58,2026-09-20T21:23:00+00:00,2026-09-21 02:23:00,90.6,1010.4,79
11.3,16.6,32.5,1029.2,298.8,46.5,5.8,2.6,0.7,447.0,134.5,11.9,6.1,35.3,26.6,24.93,False,4095,0.0,3.6,0.0,EXT-OPEN-METEO-KHI,KARACHI,OPENSOURCE_API_GRID,1285,,,,0.95,True,True,TIER2_OPENSOURCE_PURE;CONTINUOUS_MINUTE_STREAM;VERIFIED_MODEL_GRID,250c49f72478fa1334dec8de26a2c0621118d475eed7ab32db522008d7c681ba,2026-09-20T21:24:00+00:00,2026-09-21 02:24:00,90.6,1010.4,79
11.2,16.5,32.4,1023.0,297.0,46.2,5.8,2.6,0.6,447.0,134.1,11.8,6.1,35.4,26.6,24.92,False,4095,0.0,3.5,0.0,EXT-OPEN-METEO-KHI,KARACHI,OPENSOURCE_API_GRID,1286,,,,0.95,True,True,TIER2_OPENSOURCE_PURE;CONTINUOUS_MINUTE_STREAM;VERIFIED_MODEL_GRID,fec1915307fa90c1ddb870f33c3b4ab3313bd71fbd69539e12ec01152c9bac77,2026-09-20T21:25:00+00:00,2026-09-21 02:25:00,90.5,1010.4,79
11.2,16.4,32.3,1016.8,295.2,45.9,5.7,2.6,0.6,447.0,133.7,11.8,6.1,35.4,26.6,24.92,False,4095,0.0,3.4,0.0,EXT-OPEN-METEO-KHI,KARACHI,OPENSOURCE_API_GRID,1287,,,,0.95,True,True,TIER2_OPENSOURCE_PURE;CONTINUOUS_MINUTE_STREAM;VERIFIED_MODEL_GRID,6e9771cc2c7825fea4be6f3cdce7f055f4c4b87fcea0caf160bc08a1170100cd,2026-09-20T21:26:00+00:00,2026-09-21 02:26:00,90.5,1010.4,79
11.2,16.4,32.2,1016.8,295.2,45.9,5.7,2.6,0.6,447.0,133.3,11.7,6.1,35.4,26.6,24.9,False,4095,0.0,3.3,0.0,EXT-OPEN-METEO-KHI,KARACHI,OPENSOURCE_API_GRID,1288,,,,0.95,True,True,TIER2_OPENSOURCE_PURE;CONTINUOUS_MINUTE_STREAM;VERIFIED_MODEL_GRID,22e3f783ff4e8c579c1702e026c39c42dc8dc974851e84b886aa5c5d590ccfa3,2026-09-20T21:27:00+00:00,2026-09-21 02:27:00,90.4,1010.4,79
11.1,16.3,32.1,1010.6,293.4,45.6,5.7,2.6,0.6,447.0,132.8,11.7,6.1,35.4,26.5,24.8,False,4095,0.0,3.2,0.0,EXT-OPEN-METEO-KHI,KARACHI,OPENSOURCE_API_GRID,1289,,,,0.95,True,True,TIER2_OPENSOURCE_PURE;CONTINUOUS_MINUTE_STREAM;VERIFIED_MODEL_GRID,79b60985b9f31eb5d29f773c276ea3163c3d409e0cd222a1ddd3a34b0944d9a7,2026-09-20T21:28:00+00:00,2026-09-21 02:28:00,90.4,1010.4,79
11.1,16.3,32.0,1010.6,293.4,45.6,5.7,2.6,0.6,447.0,132.4,11.6,6.1,35.5,26.5,24.8,False,4095,0.0,3.1,0.0,EXT-OPEN-METEO-KHI,KARACHI,OPENSOURCE_API_GRID,1290,,,,0.95,True,True,TIER2_OPENSOURCE_PURE;CONTINUOUS_MINUTE_STREAM;VERIFIED_MODEL_GRID,df0cc651e0cf387aebb9b421948391824715f883bca4489aa7a6d1915872475c,2026-09-20T21:29:00+00:00,2026-09-21 02:29:00,90.4,1010.4,79
11.0,16.2,32.0,1004.4,291.6,45.4,5.7,2.6,0.6,447.0,132.0,11.5,6.0,35.5,26.5,24.8,False,4095,0.0,3.0,0.0,EXT-OPEN-METEO-KHI,KARACHI,OPENSOURCE_API_GRID,1291,,,,0.95,True,True,TIER2_OPENSOURCE_PURE;CONTINUOUS_MINUTE_STREAM;VERIFIED_MODEL_GRID,8bc4b4b0548f3927e5b8aeabae6b17e9fdf24c39cf5b24c809521093afcc41e5,2026-09-20T21:30:00+00:00,2026-09-21 02:30:00,90.4,1010.4,79
11.0,16.2,31.9,1004.4,291.6,45.4,5.7,2.6,0.6,447.0,131.6,11.5,6.0,35.5,26.5,24.78,False,4095,0.0,2.9,0.0,EXT-OPEN-METEO-KHI,KARACHI,OPENSOURCE_API_GRID,1292,,,,0.95,True,True,TIER2_OPENSOURCE_PURE;CONTINUOUS_MINUTE_STREAM;VERIFIED_MODEL_GRID,d911dc16faa7525cd29b150d21178069378d5f4d913af45deed4eaeb3f97d2fd,2026-09-20T21:31:00+00:00,2026-09-21 02:31:00,90.3,1010.4,79
11.0,16.2,31.9,1004.4,291.6,45.4,5.7,2.6,0.6,447.0,131.2,11.4,6.0,35.6,26.5,24.78,False,4095,0.0,2.8,0.0,EXT-OPEN-METEO-KHI,KARACHI,OPENSOURCE_API_GRID,1293,,,,0.95,True,True,TIER2_OPENSOURCE_PURE;CONTINUOUS_MINUTE_STREAM;VERIFIED_MODEL_GRID,5490c9ccbc502cb9fdece5661fc7df37ed98641ea346bda8e89dd3890f2e0945,2026-09-20T21:32:00+00:00,2026-09-21 02:32:00,90.3,1010.3,79
10.9,16.1,31.9,998.2,289.8,45.1,5.6,2.6,0.6,447.0,130.7,11.4,6.0,35.6,26.5,24.78,False,4095,0.0,2.7,0.0,EXT-OPEN-METEO-KHI,KARACHI,OPENSOURCE_API_GRID,1294,,,,0.95,True,True,TIER2_OPENSOURCE_PURE;CONTINUOUS_MINUTE_STREAM;VERIFIED_MODEL_GRID,e672c65130ae09bc4c24e0b351a7c47f75fdd292b79662169c146c86d758cc19,2026-09-20T21:33:00+00:00,2026-09-21 02:33:00,90.3,1010.3,79
10.9,16.1,31.9,998.2,289.8,45.1,5.6,2.6,0.6,447.0,130.3,11.3,6.0,35.6,26.5,24.78,False,4095,0.0,2.6,0.0,EXT-OPEN-METEO-KHI,KARACHI,OPENSOURCE_API_GRID,1295,,,,0.95,True,True,TIER2_OPENSOURCE_PURE;CONTINUOUS_MINUTE_STREAM;VERIFIED_MODEL_GRID,5e7c5c18646e3ffde140cc363e1d518b324c124d3715f191c85d579fada4b01f,2026-09-20T21:34:00+00:00,2026-09-21 02:34:00,90.3,1010.3,79
10.9,16.1,31.9,998.2,289.8,45.1,5.6,2.6,0.6,447.0,129.9,11.3,6.0,35.6,26.5,24.78,False,4095,0.0,2.5,0.0,EXT-OPEN-METEO-KHI,KARACHI,OPENSOURCE_API_GRID,1296,,,,0.95,True,True,TIER2_OPENSOURCE_PURE;CONTINUOUS_MINUTE_STREAM;VERIFIED_MODEL_GRID,7f85a94d9de8acb827720a55c304e14903732b6ec571176edc8764b933021c61,2026-09-20T21:35:00+00:00,2026-09-21 02:35:00,90.3,1010.3,79
10.9,16.1,31.9,998.2,289.8,45.1,5.6,2.6,0.6,447.0,129.5,11.2,6.0,35.7,26.5,24.78,False,4095,0.0,2.4,0.0,EXT-OPEN-METEO-KHI,KARACHI,OPENSOURCE_API_GRID,1297,,,,0.95,True,True,TIER2_OPENSOURCE_PURE;CONTINUOUS_MINUTE_STREAM;VERIFIED_MODEL_GRID,336bde8092493416d11d5c24dd3fa03288045c77d1833f0d936958ed0b26bdaf,2026-09-20T21:36:00+00:00,2026-09-21 02:36:00,90.3,1010.3,79
11.0,16.2,31.9,1004.4,291.6,45.4,5.7,2.6,0.6,447.0,129.1,11.2,6.0,35.7,26.5,24.78,False,4095,0.0,2.3,0.0,EXT-OPEN-METEO-KHI,KARACHI,OPENSOURCE_API_GRID,1298,,,,0.95,True,True,TIER2_OPENSOURCE_PURE;CONTINUOUS_MINUTE_STREAM;VERIFIED_MODEL_GRID,c48cb64003fc64715f4ecae2a71238992dd0df516cceab9f74eacdc4e545e013,2026-09-20T21:37:00+00:00,2026-09-21 02:37:00,90.3,1010.3,79
11.0,16.2,32.0,1004.4,291.6,45.4,5.7,2.6,0.6,447.0,128.7,11.1,6.0,35.7,26.5,24.78,False,4095,0.0,2.2,0.0,EXT-OPEN-METEO-KHI,KARACHI,OPENSOURCE_API_GRID,1299,,,,0.95,True,True,TIER2_OPENSOURCE_PURE;CONTINUOUS_MINUTE_STREAM;VERIFIED_MODEL_GRID,3789f6441dea1740f3aa212f80315bf279dd90837e77c27b5b1a28fd214f5102,2026-09-20T21:38:00+00:00,2026-09-21 02:38:00,90.3,1010.3,79
11.0,16.2,32.0,1004.4,291.6,45.4,5.7,2.6,0.6,447.0,128.4,11.1,6.0,35.7,26.5,24.78,False,4095,0.0,2.1,0.0,EXT-OPEN-METEO-KHI,KARACHI,OPENSOURCE_API_GRID,1300,,,,0.95,True,True,TIER2_OPENSOURCE_PURE;CONTINUOUS_MINUTE_STREAM;VERIFIED_MODEL_GRID,12d0c14253593faf24d9445750aac4e89806cacf4ede408619898f54d19590a1,2026-09-20T21:39:00+00:00,2026-09-21 02:39:00,90.3,1010.3,79
11.0,16.2,32.1,1004.4,291.6,45.4,5.7,2.6,0.6,447.0,128.0,11.0,6.0,35.8,26.5,24.78,False,4095,0.0,2.0,0.0,EXT-OPEN-METEO-KHI,KARACHI,OPENSOURCE_API_GRID,1301,,,,0.95,True,True,TIER2_OPENSOURCE_PURE;CONTINUOUS_MINUTE_STREAM;VERIFIED_MODEL_GRID,9c19e8a7098f4327068b2028f116bf273635529d0839e90f6ca3ea2b96ae832f,2026-09-20T21:40:00+00:00,2026-09-21 02:40:00,90.3,1010.3,79
11.1,16.3,32.1,1010.6,293.4,45.6,5.7,2.6,0.6,447.0,127.6,11.0,6.0,35.8,26.5,24.78,False,4095,0.0,1.9,0.0,EXT-OPEN-METEO-KHI,KARACHI,OPENSOURCE_API_GRID,1302,,,,0.95,True,True,TIER2_OPENSOURCE_PURE;CONTINUOUS_MINUTE_STREAM;VERIFIED_MODEL_GRID,adbb40508948d7fe2d6f4dddbe04e95c5a0ce691ff2072b59d6a4f70a0e3dd97,2026-09-20T21:41:00+00:00,2026-09-21 02:41:00,90.3,1010.3,79
11.0,16.2,32.0,1004.4,291.6,45.4,5.7,2.6,0.6,447.0,127.3,10.9,6.0,35.8,26.5,24.8,False,4095,0.0,1.8,0.0,EXT-OPEN-METEO-KHI,KARACHI,OPENSOURCE_API_GRID,1303,,,,0.95,True,True,TIER2_OPENSOURCE_PURE;CONTINUOUS_MINUTE_STREAM;VERIFIED_MODEL_GRID,3781ca46b50b317abe0943645d2e5495d738ed3430c844cefaf022a9edaa8c0f,2026-09-20T21:42:00+00:00,2026-09-21 02:42:00,90.4,1010.3,79
11.0,16.2,32.0,1004.4,291.6,45.4,5.7,2.6,0.6,447.0,127.0,10.9,6.0,35.8,26.5,24.78,False,4095,0.0,1.7,0.0,EXT-OPEN-METEO-KHI,KARACHI,OPENSOURCE_API_GRID,1304,,,,0.95,True,True,TIER2_OPENSOURCE_PURE;CONTINUOUS_MINUTE_STREAM;VERIFIED_MODEL_GRID,1be891e84981a29b80f90b126a7ab6c284037ca9457131010e885a27dd97899a,2026-09-20T21:43:00+00:00,2026-09-21 02:43:00,90.3,1010.3,79
11.0,16.2,32.1,1004.4,291.6,45.4,5.7,2.6,0.6,447.0,126.6,10.8,5.9,35.8,26.5,24.78,False,4095,0.0,1.7,0.0,EXT-OPEN-METEO-KHI,KARACHI,OPENSOURCE_API_GRID,1305,,,,0.95,True,True,TIER2_OPENSOURCE_PURE;CONTINUOUS_MINUTE_STREAM;VERIFIED_MODEL_GRID,f209f23bcc9a1a4c9d1bf9b54748db1e1ca09e6cb06cd54d84e2f44453ef2fc9,2026-09-20T21:44:00+00:00,2026-09-21 02:44:00,90.3,1010.3,79
11.0,16.2,32.1,1004.4,291.6,45.4,5.7,2.6,0.6,447.0,126.3,10.8,5.9,35.9,26.5,24.78,False,4095,0.0,1.6,0.0,EXT-OPEN-METEO-KHI,KARACHI,OPENSOURCE_API_GRID,1306,,,,0.95,True,True,TIER2_OPENSOURCE_PURE;CONTINUOUS_MINUTE_STREAM;VERIFIED_MODEL_GRID,3413b5208d508ec74be7c213f26138c5b9f7c4d1e6dbbf0e246498429c0e92ca,2026-09-20T21:45:00+00:00,2026-09-21 02:45:00,90.3,1010.3,79
11.1,16.3,32.1,1010.6,293.4,45.6,5.7,2.6,0.6,447.0,126.1,10.8,5.9,35.9,26.5,24.76,False,4095,0.0,1.5,0.0,EXT-OPEN-METEO-KHI,KARACHI,OPENSOURCE_API_GRID,1307,,,,0.95,True,True,TIER2_OPENSOURCE_PURE;CONTINUOUS_MINUTE_STREAM;VERIFIED_MODEL_GRID,bba8694d7b12217f8b3a461c4f8a497a8a5ea7920dd1e8b679a5f2d9ece810be,2026-09-20T21:46:00+00:00,2026-09-21 02:46:00,90.2,1010.2,79
11.1,16.3,32.2,1010.6,293.4,45.6,5.7,2.6,0.6,447.0,125.8,10.7,5.9,35.9,26.6,24.86,False,4095,0.0,1.4,0.0,EXT-OPEN-METEO-KHI,KARACHI,OPENSOURCE_API_GRID,1308,,,,0.95,True,True,TIER2_OPENSOURCE_PURE;CONTINUOUS_MINUTE_STREAM;VERIFIED_MODEL_GRID,3d508abbb1cdf9b65b59d2d514bb3b18387cd036a96c643b90bb781081b5cd80,2026-09-20T21:47:00+00:00,2026-09-21 02:47:00,90.2,1010.2,79
11.1,16.3,32.2,1010.6,293.4,45.6,5.7,2.6,0.6,447.0,125.5,10.7,5.9,35.9,26.6,24.86,False,4095,0.0,1.4,0.0,EXT-OPEN-METEO-KHI,KARACHI,OPENSOURCE_API_GRID,1309,,,,0.95,True,True,TIER2_OPENSOURCE_PURE;CONTINUOUS_MINUTE_STREAM;VERIFIED_MODEL_GRID,d38a0a97cbe047fa1032fe321b1b2853ce6daea30d46b6e44221a40363b8a648,2026-09-20T21:48:00+00:00,2026-09-21 02:48:00,90.2,1010.2,79
11.1,16.3,32.2,1010.6,293.4,45.6,5.7,2.6,0.6,447.0,125.3,10.7,5.9,35.9,26.6,24.84,False,4095,0.0,1.3,0.0,EXT-OPEN-METEO-KHI,KARACHI,OPENSOURCE_API_GRID,1310,,,,0.95,True,True,TIER2_OPENSOURCE_PURE;CONTINUOUS_MINUTE_STREAM;VERIFIED_MODEL_GRID,10a4955a804dcb7b0f43e3ec681e03d707bb85f25eae77d2a8e153177e8b3cfa,2026-09-20T21:49:00+00:00,2026-09-21 02:49:00,90.1,1010.2,79
11.0,16.2,32.2,1004.4,291.6,45.4,5.7,2.6,0.6,447.0,125.1,10.6,5.9,35.9,26.6,24.84,False,4095,0.0,1.3,0.0,EXT-OPEN-METEO-KHI,KARACHI,OPENSOURCE_API_GRID,1311,,,,0.95,True,True,TIER2_OPENSOURCE_PURE;CONTINUOUS_MINUTE_STREAM;VERIFIED_MODEL_GRID,b4d85787450efa769964c1f6062ca009803e54b1f9f0f2870d87968b3436530b,2026-09-20T21:50:00+00:00,2026-09-21 02:50:00,90.1,1010.2,79
11.0,16.2,32.1,1004.4,291.6,45.4,5.7,2.6,0.6,447.0,124.9,10.6,5.9,35.9,26.6,24.84,False,4095,0.0,1.2,0.0,EXT-OPEN-METEO-KHI,KARACHI,OPENSOURCE_API_GRID,1312,,,,0.95,True,True,TIER2_OPENSOURCE_PURE;CONTINUOUS_MINUTE_STREAM;VERIFIED_MODEL_GRID,65d76daac427ef67aec2f40acb91632a842bfac16bad90c5301bb74c343ec5be,2026-09-20T21:51:00+00:00,2026-09-21 02:51:00,90.1,1010.2,79
11.0,16.2,32.1,1004.4,291.6,45.4,5.7,2.6,0.6,447.0,124.7,10.6,5.9,36.0,26.5,24.72,False,4095,0.0,1.2,0.0,EXT-OPEN-METEO-KHI,KARACHI,OPENSOURCE_API_GRID,1313,,,,0.95,True,True,TIER2_OPENSOURCE_PURE;CONTINUOUS_MINUTE_STREAM;VERIFIED_MODEL_GRID,568cd40a4e3a35b10ce04d4d5e9b3ab11a64495e209a9393c83163b43e2241d0,2026-09-20T21:52:00+00:00,2026-09-21 02:52:00,90.0,1010.2,79
11.0,16.2,32.0,1004.4,291.6,45.4,5.7,2.6,0.6,447.0,124.5,10.6,5.9,36.0,26.5,24.72,False,4095,0.0,1.1,0.0,EXT-OPEN-METEO-KHI,KARACHI,OPENSOURCE_API_GRID,1314,,,,0.95,True,True,TIER2_OPENSOURCE_PURE;CONTINUOUS_MINUTE_STREAM;VERIFIED_MODEL_GRID,e06d0750ba08fe4805352b3f6b54ea3d440ae16c2345c319a5a39f7a991158cb,2026-09-20T21:53:00+00:00,2026-09-21 02:53:00,90.0,1010.2,79
10.9,16.1,32.0,998.2,289.8,45.1,5.6,2.6,0.6,447.0,124.4,10.6,5.9,36.0,26.5,24.72,False,4095,0.0,1.1,0.0,EXT-OPEN-METEO-KHI,KARACHI,OPENSOURCE_API_GRID,1315,,,,0.95,True,True,TIER2_OPENSOURCE_PURE;CONTINUOUS_MINUTE_STREAM;VERIFIED_MODEL_GRID,e38eabcbb83a159ab4499c703f5dc9f3143117cc226afc9a6b1b80b45d7d6c1d,2026-09-20T21:54:00+00:00,2026-09-21 02:54:00,90.0,1010.2,79
10.9,16.1,31.9,998.2,289.8,45.1,5.6,2.6,0.6,447.0,124.3,10.5,5.9,36.0,26.5,24.71,False,4095,0.0,1.1,0.0,EXT-OPEN-METEO-KHI,KARACHI,OPENSOURCE_API_GRID,1316,,,,0.95,True,True,TIER2_OPENSOURCE_PURE;CONTINUOUS_MINUTE_STREAM;VERIFIED_MODEL_GRID,c2999a8d5221d87ac0e1fa178bc415e45fb4f8e9048cf80c4a0cd4702553d3c8,2026-09-20T21:55:00+00:00,2026-09-21 02:55:00,89.9,1010.2,79
10.9,16.0,31.8,992.0,288.0,44.8,5.6,2.5,0.6,447.0,124.2,10.5,5.9,36.0,26.5,24.71,False,4095,0.0,1.0,0.0,EXT-OPEN-METEO-KHI,KARACHI,OPENSOURCE_API_GRID,1317,,,,0.95,True,True,TIER2_OPENSOURCE_PURE;CONTINUOUS_MINUTE_STREAM;VERIFIED_MODEL_GRID,78ca898f232f0dbf06e3fc78240438ebe5106f53e6805d649f64b9df42f32f2a,2026-09-20T21:56:00+00:00,2026-09-21 02:56:00,89.9,1010.2,79
10.9,16.0,31.7,992.0,288.0,44.8,5.6,2.5,0.6,447.0,124.1,10.5,5.9,36.0,26.5,24.71,False,4095,0.0,1.0,0.0,EXT-OPEN-METEO-KHI,KARACHI,OPENSOURCE_API_GRID,1318,,,,0.95,True,True,TIER2_OPENSOURCE_PURE;CONTINUOUS_MINUTE_STREAM;VERIFIED_MODEL_GRID,31eef2a9fcd6cccfc2d2e027d38f34cb4cfd04313f3f7e3e8bbc9ea3cff1cb88,2026-09-20T21:57:00+00:00,2026-09-21 02:57:00,89.9,1010.2,79
10.8,15.9,31.7,985.8,286.2,44.5,5.6,2.5,0.6,447.0,124.0,10.5,5.9,36.0,26.5,24.71,False,4095,0.0,1.0,0.0,EXT-OPEN-METEO-KHI,KARACHI,OPENSOURCE_API_GRID,1319,,,,0.95,True,True,TIER2_OPENSOURCE_PURE;CONTINUOUS_MINUTE_STREAM;VERIFIED_MODEL_GRID,8257b3d061437f532902a8216ba07eedae9dff1e92eb71b0f62e0ac7a1185c83,2026-09-20T21:58:00+00:00,2026-09-21 02:58:00,89.9,1010.2,79
10.8,15.9,31.6,985.8,286.2,44.5,5.6,2.5,0.6,447.0,124.0,10.5,5.9,36.0,26.5,24.71,False,4095,0.0,1.0,0.0,EXT-OPEN-METEO-KHI,KARACHI,OPENSOURCE_API_GRID,1320,,,,0.95,True,True,TIER2_OPENSOURCE_PURE;CONTINUOUS_MINUTE_STREAM;VERIFIED_MODEL_GRID,8d6db50d8c6dd1ea0312cc2f9684163ec70d9304344770efce0fe8c8a9d06e71,2026-09-20T21:59:00+00:00,2026-09-21 02:59:00,89.9,1010.2,79
10.7,15.8,31.6,979.6,284.4,44.2,5.5,2.5,0.6,447.0,124.0,10.5,5.9,36.0,26.5,24.71,False,4095,0.0,1.0,0.0,EXT-OPEN-METEO-KHI,KARACHI,OPENSOURCE_API_GRID,1321,,,,0.95,True,False,TIER2_OPENSOURCE_PURE;HOURLY_NODE;VERIFIED_MODEL_GRID,e9991c9d64cb97466a5b93d91b0c5c445307360e003fb3eec648376c630dc9fe,2026-09-20T22:00:00+00:00,2026-09-21 03:00:00,89.9,1010.2,79
10.7,15.8,31.5,979.6,284.4,44.2,5.5,2.5,0.6,447.0,124.0,10.5,5.9,36.0,26.5,24.71,False,4095,0.0,1.0,0.0,EXT-OPEN-METEO-KHI,KARACHI,OPENSOURCE_API_GRID,1322,,,,0.95,True,True,TIER2_OPENSOURCE_PURE;CONTINUOUS_MINUTE_STREAM;VERIFIED_MODEL_GRID,70b82f713791538c1398031fcb430cd1ae8cdf533d64a8b60acce75a8eddfafa,2026-09-20T22:01:00+00:00,2026-09-21 03:01:00,89.9,1010.2,79
10.7,15.8,31.5,979.6,284.4,44.2,5.5,2.5,0.6,447.0,124.0,10.5,5.9,36.0,26.5,24.71,False,4095,0.0,1.0,0.0,EXT-OPEN-METEO-KHI,KARACHI,OPENSOURCE_API_GRID,1323,,,,0.95,True,True,TIER2_OPENSOURCE_PURE;CONTINUOUS_MINUTE_STREAM;VERIFIED_MODEL_GRID,78705fad0b4922edc375bb7ed04807f322478a92cb95cd99126c0fb28cf8c217,2026-09-20T22:02:00+00:00,2026-09-21 03:02:00,89.9,1010.2,79
10.7,15.8,31.5,979.6,284.4,44.2,5.5,2.5,0.6,447.0,123.9,10.5,5.9,36.0,26.5,24.71,False,4095,0.0,1.1,0.0,EXT-OPEN-METEO-KHI,KARACHI,OPENSOURCE_API_GRID,1324,,,,0.95,True,True,TIER2_OPENSOURCE_PURE;CONTINUOUS_MINUTE_STREAM;VERIFIED_MODEL_GRID,c9147362d660df6df751fb1fc2236bab7046f1c9ab335a9a1d66f8b1365f41b5,2026-09-20T22:03:00+00:00,2026-09-21 03:03:00,89.9,1010.2,79
10.7,15.8,31.5,979.6,284.4,44.2,5.5,2.5,0.6,447.0,123.9,10.5,5.9,36.0,26.5,24.71,False,4095,0.0,1.1,0.0,EXT-OPEN-METEO-KHI,KARACHI,OPENSOURCE_API_GRID,1325,,,,0.95,True,True,TIER2_OPENSOURCE_PURE;CONTINUOUS_MINUTE_STREAM;VERIFIED_MODEL_GRID,6a06b8df8540ccff042951408f3e74514009bd2ade4d3d62a72df3b857fd12dd,2026-09-20T22:04:00+00:00,2026-09-21 03:04:00,89.9,1010.2,79
10.7,15.8,31.5,979.6,284.4,44.2,5.5,2.5,0.6,447.0,123.8,10.5,5.9,36.0,26.4,24.61,False,4095,0.0,1.2,0.0,EXT-OPEN-METEO-KHI,KARACHI,OPENSOURCE_API_GRID,1326,,,,0.95,True,True,TIER2_OPENSOURCE_PURE;CONTINUOUS_MINUTE_STREAM;VERIFIED_MODEL_GRID,28b110ee9c3f7d22dc7e7b4d5764cd1f62bf1e10ca722f4f440409225b5b0380,2026-09-20T22:05:00+00:00,2026-09-21 03:05:00,89.9,1010.2,79
10.7,15.8,31.5,979.6,284.4,44.2,5.5,2.5,0.6,447.0,123.8,10.4,5.9,36.0,26.4,24.63,False,4095,0.0,1.2,0.0,EXT-OPEN-METEO-KHI,KARACHI,OPENSOURCE_API_GRID,1327,,,,0.95,True,True,TIER2_OPENSOURCE_PURE;CONTINUOUS_MINUTE_STREAM;VERIFIED_MODEL_GRID,ef5f1c9f53037b0ac3092d634c23952aa74c48f539cf95313c0acca681da69ea,2026-09-20T22:06:00+00:00,2026-09-21 03:06:00,90.0,1010.2,79
10.7,15.8,31.6,979.6,284.4,44.2,5.5,2.5,0.6,447.0,123.7,10.4,5.9,36.1,26.4,24.63,False,4095,0.0,1.3,0.0,EXT-OPEN-METEO-KHI,KARACHI,OPENSOURCE_API_GRID,1328,,,,0.95,True,True,TIER2_OPENSOURCE_PURE;CONTINUOUS_MINUTE_STREAM;VERIFIED_MODEL_GRID,2099112146be2bee09204654403eeb6469a86b7667fda37028c9e103817dab07,2026-09-20T22:07:00+00:00,2026-09-21 03:07:00,90.0,1010.2,79
10.8,15.9,31.6,985.8,286.2,44.5,5.6,2.5,0.6,447.0,123.6,10.4,5.9,36.1,26.4,24.63,False,4095,0.0,1.4,0.0,EXT-OPEN-METEO-KHI,KARACHI,OPENSOURCE_API_GRID,1329,,,,0.95,True,True,TIER2_OPENSOURCE_PURE;CONTINUOUS_MINUTE_STREAM;VERIFIED_MODEL_GRID,d58b6d1cfbeb1dc56264f86fee2d316e02578baaed5907ecf638e7906bc51b55,2026-09-20T22:08:00+00:00,2026-09-21 03:08:00,90.0,1010.2,79
10.8,15.9,31.7,985.8,286.2,44.5,5.6,2.5,0.6,447.0,123.5,10.4,5.9,36.1,26.5,24.74,False,4095,0.0,1.5,0.0,EXT-OPEN-METEO-KHI,KARACHI,OPENSOURCE_API_GRID,1330,,,,0.95,True,True,TIER2_OPENSOURCE_PURE;CONTINUOUS_MINUTE_STREAM;VERIFIED_MODEL_GRID,fd5d20a96bd2bd816e1467698b622e463c49f944e37ce7ca9775de7bcb090581,2026-09-20T22:09:00+00:00,2026-09-21 03:09:00,90.1,1010.2,79
10.8,15.9,31.7,985.8,286.2,44.5,5.6,2.5,0.6,447.0,123.4,10.4,5.9,36.1,26.5,24.74,False,4095,0.0,1.6,0.0,EXT-OPEN-METEO-KHI,KARACHI,OPENSOURCE_API_GRID,1331,,,,0.95,True,True,TIER2_OPENSOURCE_PURE;CONTINUOUS_MINUTE_STREAM;VERIFIED_MODEL_GRID,296cf217fe233b46152bf9333cb081717206ae9191f939e4516e9dbf827340ce,2026-09-20T22:10:00+00:00,2026-09-21 03:10:00,90.1,1010.2,79
10.9,16.0,31.8,992.0,288.0,44.8,5.6,2.5,0.6,447.0,123.3,10.3,5.9,36.2,26.5,24.76,False,4095,0.0,1.7,0.0,EXT-OPEN-METEO-KHI,KARACHI,OPENSOURCE_API_GRID,1332,,,,0.95,True,True,TIER2_OPENSOURCE_PURE;CONTINUOUS_MINUTE_STREAM;VERIFIED_MODEL_GRID,1126b5770d058634c3027c38831454d6624e2948030d3ad51cc4c58ab165499c,2026-09-20T22:11:00+00:00,2026-09-21 03:11:00,90.2,1010.2,79
10.9,16.0,31.8,992.0,288.0,44.8,5.6,2.5,0.6,447.0,123.1,10.3,5.9,36.2,26.5,24.76,False,4095,0.0,1.9,0.0,EXT-OPEN-METEO-KHI,KARACHI,OPENSOURCE_API_GRID,1333,,,,0.95,True,True,TIER2_OPENSOURCE_PURE;CONTINUOUS_MINUTE_STREAM;VERIFIED_MODEL_GRID,5cb893235cb641f80675777752069355d44d913fe09d77fab10854a8642b5b2c,2026-09-20T22:12:00+00:00,2026-09-21 03:12:00,90.2,1010.2,79
10.8,15.9,31.7,985.8,286.2,44.5,5.6,2.5,0.6,447.0,123.0,10.3,5.9,36.2,26.5,24.8,False,4095,0.0,2.0,0.0,EXT-OPEN-METEO-KHI,KARACHI,OPENSOURCE_API_GRID,1334,,,,0.95,True,True,TIER2_OPENSOURCE_PURE;CONTINUOUS_MINUTE_STREAM;VERIFIED_MODEL_GRID,a15cd93920e0a7d3c8190f5334af9d712e27bb05047276e520b158f366d625e6,2026-09-20T22:13:00+00:00,2026-09-21 03:13:00,90.4,1010.2,79
10.9,16.0,31.7,992.0,288.0,44.8,5.6,2.5,0.6,447.0,122.8,10.2,5.9,36.3,26.5,24.8,False,4095,0.0,2.2,0.0,EXT-OPEN-METEO-KHI,KARACHI,OPENSOURCE_API_GRID,1335,,,,0.95,True,True,TIER2_OPENSOURCE_PURE;CONTINUOUS_MINUTE_STREAM;VERIFIED_MODEL_GRID,18deac30ec1ed6cb4ea4aa6d2b3d6817f0313b8485f126422b72e9d6c7d335cd,2026-09-20T22:14:00+00:00,2026-09-21 03:14:00,90.4,1010.2,79
10.9,16.0,31.8,992.0,288.0,44.8,5.6,2.5,0.6,447.0,122.7,10.2,5.9,36.3,26.5,24.8,False,4095,0.0,2.3,0.0,EXT-OPEN-METEO-KHI,KARACHI,OPENSOURCE_API_GRID,1336,,,,0.95,True,True,TIER2_OPENSOURCE_PURE;CONTINUOUS_MINUTE_STREAM;VERIFIED_MODEL_GRID,d786751778010ab449d3c7033084880274dea590f1a1527d7e4a7204da983488,2026-09-20T22:15:00+00:00,2026-09-21 03:15:00,90.4,1010.2,79
10.9,16.0,31.8,992.0,288.0,44.8,5.6,2.5,0.6,447.0,122.5,10.2,5.9,36.3,26.5,24.82,False,4095,0.0,2.5,0.0,EXT-OPEN-METEO-KHI,KARACHI,OPENSOURCE_API_GRID,1337,,,,0.95,True,True,TIER2_OPENSOURCE_PURE;CONTINUOUS_MINUTE_STREAM;VERIFIED_MODEL_GRID,34610233f292dcfe38563eeb44f70e1363758b46c5fbdde1d298cdd4ebb58f40,2026-09-20T22:16:00+00:00,2026-09-21 03:16:00,90.5,1010.2,79
10.9,16.0,31.8,992.0,288.0,44.8,5.6,2.5,0.6,447.0,122.3,10.1,5.8,36.4,26.5,24.82,False,4095,0.0,2.7,0.0,EXT-OPEN-METEO-KHI,KARACHI,OPENSOURCE_API_GRID,1338,,,,0.95,True,True,TIER2_OPENSOURCE_PURE;CONTINUOUS_MINUTE_STREAM;VERIFIED_MODEL_GRID,edfe3ca0c2feade1cc847c0249778218a455a7160ab1f3b099eacbdcf8be251b,2026-09-20T22:17:00+00:00,2026-09-21 03:17:00,90.5,1010.2,79
10.9,16.0,31.8,992.0,288.0,44.8,5.6,2.5,0.6,447.0,122.1,10.1,5.8,36.4,26.5,24.82,False,4095,0.0,2.9,0.0,EXT-OPEN-METEO-KHI,KARACHI,OPENSOURCE_API_GRID,1339,,,,0.95,True,True,TIER2_OPENSOURCE_PURE;CONTINUOUS_MINUTE_STREAM;VERIFIED_MODEL_GRID,b960cd07c15cf04c90eff68cf959d8dff70ed0478ab9d2994524719cef75de23,2026-09-20T22:18:00+00:00,2026-09-21 03:18:00,90.5,1010.2,79
10.9,16.0,31.8,992.0,288.0,44.8,5.6,2.5,0.6,447.0,122.0,10.0,5.8,36.5,26.5,24.82,False,4095,0.0,3.0,0.0,EXT-OPEN-METEO-KHI,KARACHI,OPENSOURCE_API_GRID,1340,,,,0.95,True,True,TIER2_OPENSOURCE_PURE;CONTINUOUS_MINUTE_STREAM;VERIFIED_MODEL_GRID,6a149461b46181dabb4e08ef8e3db0ec0019e05d0da059ed0245f7122563bf6f,2026-09-20T22:19:00+00:00,2026-09-21 03:19:00,90.5,1010.2,79
10.9,16.0,31.8,992.0,288.0,44.8,5.6,2.5,0.6,447.0,121.8,10.0,5.8,36.5,26.5,24.84,False,4095,0.0,3.2,0.0,EXT-OPEN-METEO-KHI,KARACHI,OPENSOURCE_API_GRID,1341,,,,0.95,True,True,TIER2_OPENSOURCE_PURE;CONTINUOUS_MINUTE_STREAM;VERIFIED_MODEL_GRID,90cbfb8a9824bf932ae72497dda385d65fd6eebed936eb45aafce4054675fa0b,2026-09-20T22:20:00+00:00,2026-09-21 03:20:00,90.6,1010.2,79
10.9,16.0,31.8,992.0,288.0,44.8,5.6,2.5,0.6,447.0,121.5,9.9,5.8,36.5,26.5,24.84,False,4095,0.0,3.5,0.0,EXT-OPEN-METEO-KHI,KARACHI,OPENSOURCE_API_GRID,1342,,,,0.95,True,True,TIER2_OPENSOURCE_PURE;CONTINUOUS_MINUTE_STREAM;VERIFIED_MODEL_GRID,8e68ec0a010ed5457dc1c65cefeb0c5e45c9b8e6295b57f77fad0421c1025ab6,2026-09-20T22:21:00+00:00,2026-09-21 03:21:00,90.6,1010.2,79
10.9,16.0,31.7,992.0,288.0,44.8,5.6,2.5,0.6,447.0,121.3,9.9,5.8,36.6,26.5,24.84,False,4095,0.0,3.7,0.0,EXT-OPEN-METEO-KHI,KARACHI,OPENSOURCE_API_GRID,1343,,,,0.95,True,True,TIER2_OPENSOURCE_PURE;CONTINUOUS_MINUTE_STREAM;VERIFIED_MODEL_GRID,b96657c4475fd755abfaa11c88c0a2f8876b133fc50dcf17841b4b507d67b533,2026-09-20T22:22:00+00:00,2026-09-21 03:22:00,90.6,1010.2,79
10.8,15.9,31.7,985.8,286.2,44.5,5.6,2.5,0.6,447.0,121.1,9.8,5.8,36.6,26.5,24.84,False,4095,0.0,3.9,0.0,EXT-OPEN-METEO-KHI,KARACHI,OPENSOURCE_API_GRID,1344,,,,0.95,True,True,TIER2_OPENSOURCE_PURE;CONTINUOUS_MINUTE_STREAM;VERIFIED_MODEL_GRID,e9b89966f63b6f200f97ccb3738f3a9c6c717e3ca903c48d2094812dcc199b20,2026-09-20T22:23:00+00:00,2026-09-21 03:23:00,90.6,1010.2,79
10.8,15.9,31.6,985.8,286.2,44.5,5.6,2.5,0.6,447.0,120.9,9.8,5.8,36.7,26.5,24.85,False,4095,0.0,4.1,0.0,EXT-OPEN-METEO-KHI,KARACHI,OPENSOURCE_API_GRID,1345,,,,0.95,True,True,TIER2_OPENSOURCE_PURE;CONTINUOUS_MINUTE_STREAM;VERIFIED_MODEL_GRID,ef0dcc7372db1539ace74a4881b91ee7dc237063e7ab6b7e7e3b5ba9f11a5a83,2026-09-20T22:24:00+00:00,2026-09-21 03:24:00,90.7,1010.2,79
10.7,15.8,31.5,979.6,284.4,44.2,5.5,2.5,0.6,447.0,120.7,9.7,5.8,36.7,26.5,24.85,False,4095,0.0,4.3,0.0,EXT-OPEN-METEO-KHI,KARACHI,OPENSOURCE_API_GRID,1346,,,,0.95,True,True,TIER2_OPENSOURCE_PURE;CONTINUOUS_MINUTE_STREAM;VERIFIED_MODEL_GRID,603362e82ef00fc1515e3712fc02ccd2dc590fed2b9ac9f79ec42d2aa8c61865,2026-09-20T22:25:00+00:00,2026-09-21 03:25:00,90.7,1010.1,79
10.7,15.8,31.4,979.6,284.4,44.2,5.5,2.5,0.6,447.0,120.4,9.7,5.8,36.8,26.4,24.76,False,4095,0.0,4.6,0.0,EXT-OPEN-METEO-KHI,KARACHI,OPENSOURCE_API_GRID,1347,,,,0.95,True,True,TIER2_OPENSOURCE_PURE;CONTINUOUS_MINUTE_STREAM;VERIFIED_MODEL_GRID,7c9821caf7baa60663da49fadae8176338ab802b4907a2ca3314b5b017d6308f,2026-09-20T22:26:00+00:00,2026-09-21 03:26:00,90.7,1010.1,79
10.7,15.7,31.3,973.4,282.6,44.0,5.5,2.5,0.6,447.0,120.2,9.6,5.8,36.8,26.4,24.76,False,4095,0.0,4.8,0.0,EXT-OPEN-METEO-KHI,KARACHI,OPENSOURCE_API_GRID,1348,,,,0.95,True,True,TIER2_OPENSOURCE_PURE;CONTINUOUS_MINUTE_STREAM;VERIFIED_MODEL_GRID,dc58b29ce8b0c134b652c1199611c0ad290b14780d7007176421cae675de66c4,2026-09-20T22:27:00+00:00,2026-09-21 03:27:00,90.7,1010.1,79
10.6,15.6,31.3,967.2,280.8,43.7,5.5,2.5,0.6,447.0,120.0,9.6,5.8,36.9,26.4,24.77,False,4095,0.0,5.0,0.0,EXT-OPEN-METEO-KHI,KARACHI,OPENSOURCE_API_GRID,1349,,,,0.95,True,True,TIER2_OPENSOURCE_PURE;CONTINUOUS_MINUTE_STREAM;VERIFIED_MODEL_GRID,c90881aac8e5cde8225c6ce751f1f1cbb1885a95ed565022b2dc3474670b0780,2026-09-20T22:28:00+00:00,2026-09-21 03:28:00,90.8,1010.1,79
10.6,15.6,31.2,967.2,280.8,43.7,5.5,2.5,0.6,447.0,119.7,9.5,5.8,36.9,26.4,24.77,False,4095,0.0,5.3,0.0,EXT-OPEN-METEO-KHI,KARACHI,OPENSOURCE_API_GRID,1350,,,,0.95,True,True,TIER2_OPENSOURCE_PURE;CONTINUOUS_MINUTE_STREAM;VERIFIED_MODEL_GRID,12441676db8096b89d1f65308da41adf381d86fcd8500ae648aa922fd05e07ba,2026-09-20T22:29:00+00:00,2026-09-21 03:29:00,90.8,1010.1,79
10.5,15.5,31.1,961.0,279.0,43.4,5.4,2.5,0.6,447.0,119.5,9.4,5.8,37.0,26.4,24.79,False,4095,0.0,5.5,0.0,EXT-OPEN-METEO-KHI,KARACHI,OPENSOURCE_API_GRID,1351,,,,0.95,True,True,TIER2_OPENSOURCE_PURE;CONTINUOUS_MINUTE_STREAM;VERIFIED_MODEL_GRID,30c3cd28bec1cd6eb22656d4ab222ba684f693c06ad97792cc47b9f23e2b900f,2026-09-20T22:30:00+00:00,2026-09-21 03:30:00,90.9,1010.1,79
10.5,15.5,31.0,961.0,279.0,43.4,5.4,2.5,0.6,447.0,119.3,9.4,5.7,37.1,26.4,24.79,False,4095,0.0,5.7,0.0,EXT-OPEN-METEO-KHI,KARACHI,OPENSOURCE_API_GRID,1352,,,,0.95,True,True,TIER2_OPENSOURCE_PURE;CONTINUOUS_MINUTE_STREAM;VERIFIED_MODEL_GRID,df177797a5855973476cf0e722243377b453b1171e3ba6a0c7d42832a1f9eb62,2026-09-20T22:31:00+00:00,2026-09-21 03:31:00,90.9,1010.1,79
10.5,15.4,30.9,954.8,277.2,43.1,5.4,2.5,0.6,447.0,119.0,9.3,5.7,37.1,26.4,24.81,False,4095,0.0,6.0,0.0,EXT-OPEN-METEO-KHI,KARACHI,OPENSOURCE_API_GRID,1353,,,,0.95,True,True,TIER2_OPENSOURCE_PURE;CONTINUOUS_MINUTE_STREAM;VERIFIED_MODEL_GRID,a10de425f78385556f94808c77157650b760ae2b902d3cdcd59fa9d402deee97,2026-09-20T22:32:00+00:00,2026-09-21 03:32:00,91.0,1010.1,79
10.5,15.4,30.9,954.8,277.2,43.1,5.4,2.5,0.6,447.0,118.8,9.3,5.7,37.2,26.3,24.71,False,4095,0.0,6.2,0.0,EXT-OPEN-METEO-KHI,KARACHI,OPENSOURCE_API_GRID,1354,,,,0.95,True,True,TIER2_OPENSOURCE_PURE;CONTINUOUS_MINUTE_STREAM;VERIFIED_MODEL_GRID,cd9bd5cc3700c1a88a63c7eda7cc1e2690920973430c3b297a348e3ccabb81fe,2026-09-20T22:33:00+00:00,2026-09-21 03:33:00,91.0,1010.1,79
10.5,15.4,30.8,954.8,277.2,43.1,5.4,2.5,0.6,447.0,118.6,9.2,5.7,37.2,26.3,24.73,False,4095,0.0,6.4,0.0,EXT-OPEN-METEO-KHI,KARACHI,OPENSOURCE_API_GRID,1355,,,,0.95,True,True,TIER2_OPENSOURCE_PURE;CONTINUOUS_MINUTE_STREAM;VERIFIED_MODEL_GRID,05a9b433a80d80128cb7ebd3f14428065476ebe76c966b920a4c83f53cc06bb3,2026-09-20T22:34:00+00:00,2026-09-21 03:34:00,91.1,1010.1,79
10.5,15.4,30.8,954.8,277.2,43.1,5.4,2.5,0.6,447.0,118.3,9.2,5.7,37.3,26.3,24.73,False,4095,0.0,6.7,0.0,EXT-OPEN-METEO-KHI,KARACHI,OPENSOURCE_API_GRID,1356,,,,0.95,True,True,TIER2_OPENSOURCE_PURE;CONTINUOUS_MINUTE_STREAM;VERIFIED_MODEL_GRID,db281fcee53c303259b4bfda2c95aecc44462abb5dc9558a1e4f71acfb4727e6,2026-09-20T22:35:00+00:00,2026-09-21 03:35:00,91.1,1010.1,79
10.5,15.4,30.8,954.8,277.2,43.1,5.4,2.5,0.6,447.0,118.1,9.1,5.7,37.3,26.3,24.75,False,4095,0.0,6.9,0.0,EXT-OPEN-METEO-KHI,KARACHI,OPENSOURCE_API_GRID,1357,,,,0.95,True,True,TIER2_OPENSOURCE_PURE;CONTINUOUS_MINUTE_STREAM;VERIFIED_MODEL_GRID,6dba688ec22ed4b17ad426461863e6b6adc44291d543f37d4d2c0501a3034634,2026-09-20T22:36:00+00:00,2026-09-21 03:36:00,91.2,1010.1,79
10.5,15.4,30.8,954.8,277.2,43.1,5.4,2.5,0.6,447.0,117.9,9.1,5.7,37.4,26.3,24.77,False,4095,0.0,7.1,0.0,EXT-OPEN-METEO-KHI,KARACHI,OPENSOURCE_API_GRID,1358,,,,0.95,True,True,TIER2_OPENSOURCE_PURE;CONTINUOUS_MINUTE_STREAM;VERIFIED_MODEL_GRID,5c2a593f219dc53794062f5432bfe6c6cfec7c772325d1286c21408e0719a788,2026-09-20T22:37:00+00:00,2026-09-21 03:37:00,91.3,1010.1,79
10.5,15.4,30.8,954.8,277.2,43.1,5.4,2.5,0.6,447.0,117.7,9.0,5.7,37.4,26.3,24.77,False,4095,0.0,7.3,0.0,EXT-OPEN-METEO-KHI,KARACHI,OPENSOURCE_API_GRID,1359,,,,0.95,True,True,TIER2_OPENSOURCE_PURE;CONTINUOUS_MINUTE_STREAM;VERIFIED_MODEL_GRID,52600194d2d2dd7fdeca29908875ae99b35071dbf7b985e4f7183c9400275c6f,2026-09-20T22:38:00+00:00,2026-09-21 03:38:00,91.3,1010.1,79
10.5,15.4,30.9,954.8,277.2,43.1,5.4,2.5,0.6,447.0,117.5,9.0,5.7,37.5,26.3,24.79,False,4095,0.0,7.5,0.0,EXT-OPEN-METEO-KHI,KARACHI,OPENSOURCE_API_GRID,1360,,,,0.95,True,True,TIER2_OPENSOURCE_PURE;CONTINUOUS_MINUTE_STREAM;VERIFIED_MODEL_GRID,e9e64d86189797b775443623e78fb32af787b6162b2bf26878d53f68f045744a,2026-09-20T22:39:00+00:00,2026-09-21 03:39:00,91.4,1010.1,79
10.5,15.4,30.9,954.8,277.2,43.1,5.4,2.5,0.6,447.0,117.2,8.9,5.7,37.5,26.3,24.8,False,4095,0.0,7.7,0.0,EXT-OPEN-METEO-KHI,KARACHI,OPENSOURCE_API_GRID,1361,,,,0.95,True,True,TIER2_OPENSOURCE_PURE;CONTINUOUS_MINUTE_STREAM;VERIFIED_MODEL_GRID,32fdc28c544bef3df622c5d805531d989b9292b4c6f23baae18219196ee25a8a,2026-09-20T22:40:00+00:00,2026-09-21 03:40:00,91.5,1010.0,79
10.5,15.4,30.9,954.8,277.2,43.1,5.4,2.5,0.6,447.0,117.0,8.9,5.7,37.5,26.3,24.8,False,4095,0.0,8.0,0.0,EXT-OPEN-METEO-KHI,KARACHI,OPENSOURCE_API_GRID,1362,,,,0.95,True,True,TIER2_OPENSOURCE_PURE;CONTINUOUS_MINUTE_STREAM;VERIFIED_MODEL_GRID,221e950a404bbee3afb49a1c17ece7518b75c51e40a44d6662725a50094c0968,2026-09-20T22:41:00+00:00,2026-09-21 03:41:00,91.5,1010.0,79
10.5,15.5,31.0,961.0,279.0,43.4,5.4,2.5,0.6,447.0,116.9,8.8,5.7,37.6,26.3,24.82,False,4095,0.0,8.1,0.0,EXT-OPEN-METEO-KHI,KARACHI,OPENSOURCE_API_GRID,1363,,,,0.95,True,True,TIER2_OPENSOURCE_PURE;CONTINUOUS_MINUTE_STREAM;VERIFIED_MODEL_GRID,e05e909d6cf17503fa7fe4f8d3674450587bd3ec073ee771e7eb8aae11180688,2026-09-20T22:42:00+00:00,2026-09-21 03:42:00,91.6,1010.0,79
10.5,15.5,31.0,961.0,279.0,43.4,5.4,2.5,0.6,447.0,116.7,8.8,5.7,37.6,26.3,24.84,False,4095,0.0,8.3,0.0,EXT-OPEN-METEO-KHI,KARACHI,OPENSOURCE_API_GRID,1364,,,,0.95,True,True,TIER2_OPENSOURCE_PURE;CONTINUOUS_MINUTE_STREAM;VERIFIED_MODEL_GRID,d6481e49965f676a9ef520b578d4e5624119a4062c4ea2a71771475306f80c51,2026-09-20T22:43:00+00:00,2026-09-21 03:43:00,91.7,1010.0,79
10.5,15.4,30.9,954.8,277.2,43.1,5.4,2.5,0.6,447.0,116.5,8.7,5.6,37.7,26.3,24.86,False,4095,0.0,8.5,0.0,EXT-OPEN-METEO-KHI,KARACHI,OPENSOURCE_API_GRID,1365,,,,0.95,True,True,TIER2_OPENSOURCE_PURE;CONTINUOUS_MINUTE_STREAM;VERIFIED_MODEL_GRID,6ee003ddd6305864d02331fc7d0ae8f7553ce4dadbf22f002c5b0e4eb8ab4408,2026-09-20T22:44:00+00:00,2026-09-21 03:44:00,91.8,1010.0,79
10.5,15.4,30.9,954.8,277.2,43.1,5.4,2.5,0.6,447.0,116.3,8.7,5.6,37.7,26.3,24.88,False,4095,0.0,8.7,0.0,EXT-OPEN-METEO-KHI,KARACHI,OPENSOURCE_API_GRID,1366,,,,0.95,True,True,TIER2_OPENSOURCE_PURE;CONTINUOUS_MINUTE_STREAM;VERIFIED_MODEL_GRID,15ae9a03dead7115717de6e07b1be5500430df328f916cd6b5dbe432fff14cef,2026-09-20T22:45:00+00:00,2026-09-21 03:45:00,91.9,1010.0,79
10.5,15.5,31.0,961.0,279.0,43.4,5.4,2.5,0.6,447.0,116.2,8.7,5.6,37.7,26.3,24.88,False,4095,0.0,8.8,0.0,EXT-OPEN-METEO-KHI,KARACHI,OPENSOURCE_API_GRID,1367,,,,0.95,True,True,TIER2_OPENSOURCE_PURE;CONTINUOUS_MINUTE_STREAM;VERIFIED_MODEL_GRID,8e311658d5172381186db41cddba990f535198469b940c84aa115c3c51854648,2026-09-20T22:46:00+00:00,2026-09-21 03:46:00,91.9,1010.0,79
10.5,15.5,31.0,961.0,279.0,43.4,5.4,2.5,0.6,447.0,116.0,8.6,5.6,37.8,26.4,24.98,False,4095,0.0,9.0,0.0,EXT-OPEN-METEO-KHI,KARACHI,OPENSOURCE_API_GRID,1368,,,,0.95,True,True,TIER2_OPENSOURCE_PURE;CONTINUOUS_MINUTE_STREAM;VERIFIED_MODEL_GRID,db7844d4043b17fe6c3e8791c9925fa8c2cc9380579adf4bded70733871d67af,2026-09-20T22:47:00+00:00,2026-09-21 03:47:00,91.9,1010.0,79
10.5,15.5,31.0,961.0,279.0,43.4,5.4,2.5,0.6,447.0,115.9,8.6,5.6,37.8,26.4,24.98,False,4095,0.0,9.1,0.0,EXT-OPEN-METEO-KHI,KARACHI,OPENSOURCE_API_GRID,1369,,,,0.95,True,True,TIER2_OPENSOURCE_PURE;CONTINUOUS_MINUTE_STREAM;VERIFIED_MODEL_GRID,c4fc3d666081aa3be80e3fd782d3eb7fe87676b7ec30098caff100624570dc44,2026-09-20T22:48:00+00:00,2026-09-21 03:48:00,91.9,1010.0,79
10.5,15.5,31.1,961.0,279.0,43.4,5.4,2.5,0.6,447.0,115.7,8.6,5.6,37.8,26.4,24.98,False,4095,0.0,9.3,0.0,EXT-OPEN-METEO-KHI,KARACHI,OPENSOURCE_API_GRID,1370,,,,0.95,True,True,TIER2_OPENSOURCE_PURE;CONTINUOUS_MINUTE_STREAM;VERIFIED_MODEL_GRID,6d8377ebac8f07a3371ba83dfd8c303d446f7e188d16817dd2d2120b1513e360,2026-09-20T22:49:00+00:00,2026-09-21 03:49:00,91.9,1010.0,79
10.5,15.5,31.1,961.0,279.0,43.4,5.4,2.5,0.6,447.0,115.6,8.5,5.6,37.9,26.4,24.98,False,4095,0.0,9.4,0.0,EXT-OPEN-METEO-KHI,KARACHI,OPENSOURCE_API_GRID,1371,,,,0.95,True,True,TIER2_OPENSOURCE_PURE;CONTINUOUS_MINUTE_STREAM;VERIFIED_MODEL_GRID,43845b9a7ae2015618825767f7fd1f61fe187df77b40eb88a5e2a7864d0fa2c9,2026-09-20T22:50:00+00:00,2026-09-21 03:50:00,91.9,1010.0,79
10.5,15.5,31.1,961.0,279.0,43.4,5.4,2.5,0.6,447.0,115.5,8.5,5.6,37.9,26.4,24.98,False,4095,0.0,9.5,0.0,EXT-OPEN-METEO-KHI,KARACHI,OPENSOURCE_API_GRID,1372,,,,0.95,True,True,TIER2_OPENSOURCE_PURE;CONTINUOUS_MINUTE_STREAM;VERIFIED_MODEL_GRID,7650d02bbcdf61e6b7c9a6a39aa57402890d336aa6a79f37d992244933e3095f,2026-09-20T22:51:00+00:00,2026-09-21 03:51:00,91.9,1010.0,79
10.5,15.5,31.0,961.0,279.0,43.4,5.4,2.5,0.6,447.0,115.4,8.5,5.6,37.9,26.4,24.98,False,4095,0.0,9.6,0.0,EXT-OPEN-METEO-KHI,KARACHI,OPENSOURCE_API_GRID,1373,,,,0.95,True,True,TIER2_OPENSOURCE_PURE;CONTINUOUS_MINUTE_STREAM;VERIFIED_MODEL_GRID,f5182ae446d7d5c6a5a696126820ef681d952ba7c14870b80e931688ee2f414b,2026-09-20T22:52:00+00:00,2026-09-21 03:52:00,91.9,1010.0,79
10.5,15.5,31.0,961.0,279.0,43.4,5.4,2.5,0.6,447.0,115.3,8.5,5.6,37.9,26.4,24.98,False,4095,0.0,9.7,0.0,EXT-OPEN-METEO-KHI,KARACHI,OPENSOURCE_API_GRID,1374,,,,0.95,True,True,TIER2_OPENSOURCE_PURE;CONTINUOUS_MINUTE_STREAM;VERIFIED_MODEL_GRID,2f0b84918b63ed16dac40e01321a3e09ff218886d3869ca47346a6beba35a96e,2026-09-20T22:53:00+00:00,2026-09-21 03:53:00,91.9,1010.0,79
10.5,15.5,31.0,961.0,279.0,43.4,5.4,2.5,0.6,447.0,115.2,8.5,5.6,38.0,26.4,24.98,False,4095,0.0,9.8,0.0,EXT-OPEN-METEO-KHI,KARACHI,OPENSOURCE_API_GRID,1375,,,,0.95,True,True,TIER2_OPENSOURCE_PURE;CONTINUOUS_MINUTE_STREAM;VERIFIED_MODEL_GRID,545c496ec6b6de5d8b3e367225feb915038bf86c134d512c91d11c9b4d1638c1,2026-09-20T22:54:00+00:00,2026-09-21 03:54:00,91.9,1010.0,79
10.5,15.4,30.9,954.8,277.2,43.1,5.4,2.5,0.6,447.0,115.2,8.4,5.6,38.0,26.3,24.88,False,4095,0.0,9.8,0.0,EXT-OPEN-METEO-KHI,KARACHI,OPENSOURCE_API_GRID,1376,,,,0.95,True,True,TIER2_OPENSOURCE_PURE;CONTINUOUS_MINUTE_STREAM;VERIFIED_MODEL_GRID,da000107e2b94b19178079bf72e8a4bcbb4a913418e514d52817b0c99972d32f,2026-09-20T22:55:00+00:00,2026-09-21 03:55:00,91.9,1010.0,79
10.5,15.4,30.8,954.8,277.2,43.1,5.4,2.5,0.6,447.0,115.1,8.4,5.6,38.0,26.3,24.88,False,4095,0.0,9.9,0.0,EXT-OPEN-METEO-KHI,KARACHI,OPENSOURCE_API_GRID,1377,,,,0.95,True,True,TIER2_OPENSOURCE_PURE;CONTINUOUS_MINUTE_STREAM;VERIFIED_MODEL_GRID,094133444401dcd2906ea0684cce39f546c5edbfa39dd426370a229482f84a1a,2026-09-20T22:56:00+00:00,2026-09-21 03:56:00,91.9,1010.0,79
10.5,15.4,30.8,954.8,277.2,43.1,5.4,2.5,0.6,447.0,115.1,8.4,5.6,38.0,26.3,24.88,False,4095,0.0,9.9,0.0,EXT-OPEN-METEO-KHI,KARACHI,OPENSOURCE_API_GRID,1378,,,,0.95,True,True,TIER2_OPENSOURCE_PURE;CONTINUOUS_MINUTE_STREAM;VERIFIED_MODEL_GRID,171fc3beffbf4c2073b63da43e21dc4db7b19b65a0469042bf755033d96da1a1,2026-09-20T22:57:00+00:00,2026-09-21 03:57:00,91.9,1010.0,79
10.4,15.3,30.7,948.6,275.4,42.8,5.4,2.5,0.6,447.0,115.0,8.4,5.6,38.0,26.3,24.88,False,4095,0.0,10.0,0.0,EXT-OPEN-METEO-KHI,KARACHI,OPENSOURCE_API_GRID,1379,,,,0.95,True,True,TIER2_OPENSOURCE_PURE;CONTINUOUS_MINUTE_STREAM;VERIFIED_MODEL_GRID,e367c0a209526482af7f904a2d122bf29e15f427a752a5c8a02ef28f9aa1c60a,2026-09-20T22:58:00+00:00,2026-09-21 03:58:00,91.9,1010.0,79
10.4,15.3,30.6,948.6,275.4,42.8,5.4,2.4,0.6,447.0,115.0,8.4,5.6,38.0,26.3,24.88,False,4095,0.0,10.0,0.0,EXT-OPEN-METEO-KHI,KARACHI,OPENSOURCE_API_GRID,1380,,,,0.95,True,True,TIER2_OPENSOURCE_PURE;CONTINUOUS_MINUTE_STREAM;VERIFIED_MODEL_GRID,1c4351ecea8d3290a78b57471e9cf9c36dcbcd45208814a6eb8dff0738554c56,2026-09-20T22:59:00+00:00,2026-09-21 03:59:00,91.9,1010.0,79
10.3,15.2,30.6,942.4,273.6,42.6,5.3,2.4,0.6,447.0,115.0,8.4,5.6,38.0,26.3,24.88,False,4095,0.0,10.0,0.0,EXT-OPEN-METEO-KHI,KARACHI,OPENSOURCE_API_GRID,1381,,,,0.95,True,False,TIER2_OPENSOURCE_PURE;HOURLY_NODE;VERIFIED_MODEL_GRID,e101ce778ed2dd06a6566dc712eff12d7700612f73809f2bd523bc9293c13f5b,2026-09-20T23:00:00+00:00,2026-09-21 04:00:00,91.9,1010.0,78
10.3,15.2,30.5,942.4,273.6,42.6,5.3,2.4,0.6,447.0,115.1,8.4,5.6,38.0,26.3,24.88,False,4095,0.0,10.0,0.0,EXT-OPEN-METEO-KHI,KARACHI,OPENSOURCE_API_GRID,1382,,,,0.95,True,True,TIER2_OPENSOURCE_PURE;CONTINUOUS_MINUTE_STREAM;VERIFIED_MODEL_GRID,1aa9f9757fc5711223f101e2e40e6e167ea2d64e896376ce6ae75e808f45ec67,2026-09-20T23:01:00+00:00,2026-09-21 04:01:00,91.9,1010.0,78
10.3,15.2,30.5,942.4,273.6,42.6,5.3,2.4,0.6,447.0,115.2,8.4,5.6,38.0,26.3,24.86,False,4095,0.0,10.0,0.0,EXT-OPEN-METEO-KHI,KARACHI,OPENSOURCE_API_GRID,1383,,,,0.95,True,True,TIER2_OPENSOURCE_PURE;CONTINUOUS_MINUTE_STREAM;VERIFIED_MODEL_GRID,10dad79d9a45e04236e44e7c7fc79cdaf123c1f0c4e47c285f5a0eda48e4d367,2026-09-20T23:02:00+00:00,2026-09-21 04:02:00,91.8,1010.0,78
10.3,15.1,30.5,936.2,271.8,42.3,5.3,2.4,0.6,447.0,115.5,8.4,5.6,38.0,26.3,24.86,False,4095,0.0,9.9,0.0,EXT-OPEN-METEO-KHI,KARACHI,OPENSOURCE_API_GRID,1384,,,,0.95,True,True,TIER2_OPENSOURCE_PURE;CONTINUOUS_MINUTE_STREAM;VERIFIED_MODEL_GRID,e55dd89fdcc19afa0ca4878422703c6a5966edf4c1613fb94b96efa3575f5f26,2026-09-20T23:03:00+00:00,2026-09-21 04:03:00,91.8,1010.0,78
10.3,15.1,30.5,936.2,271.8,42.3,5.3,2.4,0.6,447.1,116.0,8.5,5.6,37.9,26.3,24.86,False,4095,0.0,9.9,0.0,EXT-OPEN-METEO-KHI,KARACHI,OPENSOURCE_API_GRID,1385,,,,0.95,True,True,TIER2_OPENSOURCE_PURE;CONTINUOUS_MINUTE_STREAM;VERIFIED_MODEL_GRID,dac586b210507116c29df02f63519e8525e096d730be2a0c629ab016aa1c78f9,2026-09-20T23:04:00+00:00,2026-09-21 04:04:00,91.8,1010.0,78
10.3,15.1,30.5,936.2,271.8,42.3,5.3,2.4,0.6,447.1,116.5,8.5,5.6,37.9,26.3,24.86,False,4095,0.0,9.8,0.0,EXT-OPEN-METEO-KHI,KARACHI,OPENSOURCE_API_GRID,1386,,,,0.95,True,True,TIER2_OPENSOURCE_PURE;CONTINUOUS_MINUTE_STREAM;VERIFIED_MODEL_GRID,82b18760db30dfbdfe862c60517b024d9343f3cfa5460396ffe64b3ea750aba7,2026-09-20T23:05:00+00:00,2026-09-21 04:05:00,91.8,1010.0,78
10.3,15.1,30.6,936.2,271.8,42.3,5.3,2.4,0.6,447.1,117.2,8.5,5.6,37.8,26.3,24.86,False,4095,0.0,9.8,0.0,EXT-OPEN-METEO-KHI,KARACHI,OPENSOURCE_API_GRID,1387,,,,0.95,True,True,TIER2_OPENSOURCE_PURE;CONTINUOUS_MINUTE_STREAM;VERIFIED_MODEL_GRID,5362d7d324c7766542feeace0601da28f4988a0676d13d74d3632313bc62797a,2026-09-20T23:06:00+00:00,2026-09-21 04:06:00,91.8,1010.0,78
10.3,15.2,30.6,942.4,273.6,42.6,5.3,2.4,0.6,447.2,117.9,8.6,5.6,37.7,26.3,24.86,False,4095,0.0,9.7,0.0,EXT-OPEN-METEO-KHI,KARACHI,OPENSOURCE_API_GRID,1388,,,,0.95,True,True,TIER2_OPENSOURCE_PURE;CONTINUOUS_MINUTE_STREAM;VERIFIED_MODEL_GRID,bc4a5f59688413376b8ad0f7746a96c0c0ea53abf7a2d84783d066680e7acd2d,2026-09-20T23:07:00+00:00,2026-09-21 04:07:00,91.8,1010.0,78
10.3,15.2,30.7,942.4,273.6,42.6,5.3,2.5,0.6,447.2,118.8,8.6,5.6,37.7,26.3,24.86,False,4095,0.0,9.6,0.0,EXT-OPEN-METEO-KHI,KARACHI,OPENSOURCE_API_GRID,1389,,,,0.95,True,True,TIER2_OPENSOURCE_PURE;CONTINUOUS_MINUTE_STREAM;VERIFIED_MODEL_GRID,92f133c32b7df4f90ee1432a3d9c1d5c308bd5eee31c8b2bb725158a3840c240,2026-09-20T23:08:00+00:00,2026-09-21 04:08:00,91.8,1010.0,78
10.3,15.2,30.8,942.4,273.6,42.6,5.3,2.5,0.6,447.3,119.8,8.7,5.7,37.6,26.3,24.86,False,4095,0.0,9.5,0.0,EXT-OPEN-METEO-KHI,KARACHI,OPENSOURCE_API_GRID,1390,,,,0.95,True,True,TIER2_OPENSOURCE_PURE;CONTINUOUS_MINUTE_STREAM;VERIFIED_MODEL_GRID,8f9c5ba9230a3c93ecb94d6f7afa1a1ff3ebed52fca2f4db2d522a1276087e07,2026-09-20T23:09:00+00:00,2026-09-21 04:09:00,91.8,1010.0,78
10.4,15.3,31.0,948.6,275.4,42.8,5.4,2.5,0.6,447.3,120.9,8.7,5.7,37.5,26.3,24.86,False,4095,0.0,9.4,0.0,EXT-OPEN-METEO-KHI,KARACHI,OPENSOURCE_API_GRID,1391,,,,0.95,True,True,TIER2_OPENSOURCE_PURE;CONTINUOUS_MINUTE_STREAM;VERIFIED_MODEL_GRID,562d13c09cf87066e506229429748c2a03a6351879df85e2562be6be02a62efb,2026-09-20T23:10:00+00:00,2026-09-21 04:10:00,91.8,1010.0,78
10.4,15.3,31.1,948.6,275.4,42.8,5.4,2.5,0.6,447.4,122.1,8.8,5.7,37.4,26.3,24.86,False,4095,0.0,9.3,0.0,EXT-OPEN-METEO-KHI,KARACHI,OPENSOURCE_API_GRID,1392,,,,0.95,True,True,TIER2_OPENSOURCE_PURE;CONTINUOUS_MINUTE_STREAM;VERIFIED_MODEL_GRID,f267943f3a5e7fa9866fc150661df869fdb61dc21c4fd8e1ce96bcf5752708f2,2026-09-20T23:11:00+00:00,2026-09-21 04:11:00,91.8,1010.0,78
10.5,15.4,31.3,954.8,277.2,43.1,5.4,2.5,0.6,447.5,123.4,8.9,5.7,37.2,26.3,24.86,False,4095,0.0,9.1,0.0,EXT-OPEN-METEO-KHI,KARACHI,OPENSOURCE_API_GRID,1393,,,,0.95,True,True,TIER2_OPENSOURCE_PURE;CONTINUOUS_MINUTE_STREAM;VERIFIED_MODEL_GRID,b15d5a7309f7345b07c9bfcc25c2b70f0474e25f29612efd3274bcfad8021366,2026-09-20T23:12:00+00:00,2026-09-21 04:12:00,91.8,1010.0,78
10.5,15.5,31.5,961.0,279.0,43.4,5.4,2.5,0.6,447.6,124.8,9.0,5.7,37.1,26.3,24.86,False,4095,0.0,9.0,0.0,EXT-OPEN-METEO-KHI,KARACHI,OPENSOURCE_API_GRID,1394,,,,0.95,True,True,TIER2_OPENSOURCE_PURE;CONTINUOUS_MINUTE_STREAM;VERIFIED_MODEL_GRID,a7b8afe4c8d65dd003d254d2b734234eeebd552f169fed4eb0a9db3f41acaa2f,2026-09-20T23:13:00+00:00,2026-09-21 04:13:00,91.8,1010.0,78
10.5,15.5,31.6,961.0,279.0,43.4,5.4,2.5,0.6,447.6,126.3,9.0,5.7,37.0,26.3,24.86,False,4095,0.0,8.8,0.0,EXT-OPEN-METEO-KHI,KARACHI,OPENSOURCE_API_GRID,1395,,,,0.95,True,True,TIER2_OPENSOURCE_PURE;CONTINUOUS_MINUTE_STREAM;VERIFIED_MODEL_GRID,cee8e3b629650e59293b3c6e95acfa7d55dbee5e8e2b02114c7f73cb3281e958,2026-09-20T23:14:00+00:00,2026-09-21 04:14:00,91.8,1010.0,78
10.5,15.5,31.6,961.0,279.0,43.4,5.4,2.5,0.6,447.7,127.9,9.1,5.8,36.8,26.3,24.88,False,4095,0.0,8.7,0.0,EXT-OPEN-METEO-KHI,KARACHI,OPENSOURCE_API_GRID,1396,,,,0.95,True,True,TIER2_OPENSOURCE_PURE;CONTINUOUS_MINUTE_STREAM;VERIFIED_MODEL_GRID,5e7d8a985ac25a815169c3d3991df3f00080a0a4ebd80204dd0998708515bd5c,2026-09-20T23:15:00+00:00,2026-09-21 04:15:00,91.9,1010.0,78
10.6,15.6,31.8,967.2,280.8,43.7,5.5,2.5,0.6,447.8,129.6,9.2,5.8,36.7,26.3,24.86,False,4095,0.0,8.5,0.0,EXT-OPEN-METEO-KHI,KARACHI,OPENSOURCE_API_GRID,1397,,,,0.95,True,True,TIER2_OPENSOURCE_PURE;CONTINUOUS_MINUTE_STREAM;VERIFIED_MODEL_GRID,d231153d21c2bb94aaec2fbc005a0a36b86b4a2b54e4c091c3abb149d4b922ef,2026-09-20T23:16:00+00:00,2026-09-21 04:16:00,91.8,1010.1,78
10.6,15.6,32.0,967.2,280.8,43.7,5.5,2.6,0.6,447.9,131.3,9.3,5.8,36.5,26.3,24.86,False,4095,0.0,8.3,0.0,EXT-OPEN-METEO-KHI,KARACHI,OPENSOURCE_API_GRID,1398,,,,0.95,True,True,TIER2_OPENSOURCE_PURE;CONTINUOUS_MINUTE_STREAM;VERIFIED_MODEL_GRID,ee73456a2d0c18cf8a8df70d9b790dab0d63518d4faf83e7d90509726af9afaa,2026-09-20T23:17:00+00:00,2026-09-21 04:17:00,91.8,1010.1,78
10.7,15.7,32.2,973.4,282.6,44.0,5.5,2.6,0.6,448.0,133.1,9.4,5.8,36.4,26.3,24.84,False,4095,0.0,8.1,0.0,EXT-OPEN-METEO-KHI,KARACHI,OPENSOURCE_API_GRID,1399,,,,0.95,True,True,TIER2_OPENSOURCE_PURE;CONTINUOUS_MINUTE_STREAM;VERIFIED_MODEL_GRID,eec22dc38428762f3334accb01eca9872bc0a2a25e2e77f3be4c0d17be9484e0,2026-09-20T23:18:00+00:00,2026-09-21 04:18:00,91.7,1010.1,78
10.7,15.8,32.4,979.6,284.4,44.2,5.5,2.6,0.6,448.1,135.0,9.5,5.9,36.2,26.3,24.84,False,4095,0.0,8.0,0.0,EXT-OPEN-METEO-KHI,KARACHI,OPENSOURCE_API_GRID,1400,,,,0.95,True,True,TIER2_OPENSOURCE_PURE;CONTINUOUS_MINUTE_STREAM;VERIFIED_MODEL_GRID,307cde7b4aa270b8e7d22ff26017af03a0a5d02c49f7412cdb621ae8851e3f14,2026-09-20T23:19:00+00:00,2026-09-21 04:19:00,91.7,1010.1,78
10.7,15.8,32.6,979.6,284.4,44.2,5.5,2.6,0.7,448.2,137.0,9.7,5.9,36.0,26.3,24.82,False,4095,0.0,7.8,0.0,EXT-OPEN-METEO-KHI,KARACHI,OPENSOURCE_API_GRID,1401,,,,0.95,True,True,TIER2_OPENSOURCE_PURE;CONTINUOUS_MINUTE_STREAM;VERIFIED_MODEL_GRID,80b7a3849b552196c4aabcc748e6619894412c00e986d92ceeaa70c904e30c08,2026-09-20T23:20:00+00:00,2026-09-21 04:20:00,91.6,1010.1,78
10.7,15.8,32.7,979.6,284.4,44.2,5.5,2.6,0.7,448.4,139.0,9.8,5.9,35.8,26.3,24.8,False,4095,0.0,7.5,0.0,EXT-OPEN-METEO-KHI,KARACHI,OPENSOURCE_API_GRID,1402,,,,0.95,True,True,TIER2_OPENSOURCE_PURE;CONTINUOUS_MINUTE_STREAM;VERIFIED_MODEL_GRID,804662a1b2015f08b1824ee5f301a2b730c3927300b046c51ed590318663162c,2026-09-20T23:21:00+00:00,2026-09-21 04:21:00,91.5,1010.1,78
10.8,15.9,32.9,985.8,286.2,44.5,5.6,2.6,0.7,448.5,141.1,9.9,5.9,35.6,26.3,24.8,False,4095,0.0,7.3,0.0,EXT-OPEN-METEO-KHI,KARACHI,OPENSOURCE_API_GRID,1403,,,,0.95,True,True,TIER2_OPENSOURCE_PURE;CONTINUOUS_MINUTE_STREAM;VERIFIED_MODEL_GRID,ce116cd6a9b907f23ed2cc2b397cb0261975fb0de9595efc3e775c870f67d63a,2026-09-20T23:22:00+00:00,2026-09-21 04:22:00,91.5,1010.1,78
10.8,15.9,33.0,985.8,286.2,44.5,5.6,2.6,0.7,448.6,143.2,10.0,6.0,35.4,26.3,24.79,False,4095,0.0,7.1,0.0,EXT-OPEN-METEO-KHI,KARACHI,OPENSOURCE_API_GRID,1404,,,,0.95,True,True,TIER2_OPENSOURCE_PURE;CONTINUOUS_MINUTE_STREAM;VERIFIED_MODEL_GRID,27d264e1a434c9932662a32a8b5158a4cc2efc3edd5940c69bcd7ac19bca2099,2026-09-20T23:23:00+00:00,2026-09-21 04:23:00,91.4,1010.1,78
10.8,15.9,33.2,985.8,286.2,44.5,5.6,2.7,0.7,448.7,145.4,10.1,6.0,35.2,26.3,24.77,False,4095,0.0,6.9,0.0,EXT-OPEN-METEO-KHI,KARACHI,OPENSOURCE_API_GRID,1405,,,,0.95,True,True,TIER2_OPENSOURCE_PURE;CONTINUOUS_MINUTE_STREAM;VERIFIED_MODEL_GRID,da73b9e647fa2de5d1aac1705aca69e6b6d14b248844689fba173baa314fa806,2026-09-20T23:24:00+00:00,2026-09-21 04:24:00,91.3,1010.1,78
10.8,15.9,33.3,985.8,286.2,44.5,5.6,2.7,0.7,448.9,147.6,10.3,6.0,35.0,26.3,24.75,False,4095,0.0,6.7,0.0,EXT-OPEN-METEO-KHI,KARACHI,OPENSOURCE_API_GRID,1406,,,,0.95,True,True,TIER2_OPENSOURCE_PURE;CONTINUOUS_MINUTE_STREAM;VERIFIED_MODEL_GRID,fa571f99b899972cf8713b85b3d8546f778c05083321237b9abd999ac733653e,2026-09-20T23:25:00+00:00,2026-09-21 04:25:00,91.2,1010.1,78
10.8,15.9,33.4,985.8,286.2,44.5,5.6,2.7,0.7,449.0,149.9,10.4,6.0,34.8,26.3,24.75,False,4095,0.0,6.4,0.0,EXT-OPEN-METEO-KHI,KARACHI,OPENSOURCE_API_GRID,1407,,,,0.95,True,True,TIER2_OPENSOURCE_PURE;CONTINUOUS_MINUTE_STREAM;VERIFIED_MODEL_GRID,d9cfe7f382a9e85db33b381fe52eb93d95e7777b86035888a0df0337bf6bffbc,2026-09-20T23:26:00+00:00,2026-09-21 04:26:00,91.2,1010.1,78
10.8,15.9,33.5,985.8,286.2,44.5,5.6,2.7,0.7,449.1,152.1,10.5,6.1,34.6,26.3,24.73,False,4095,0.0,6.2,0.0,EXT-OPEN-METEO-KHI,KARACHI,OPENSOURCE_API_GRID,1408,,,,0.95,True,True,TIER2_OPENSOURCE_PURE;CONTINUOUS_MINUTE_STREAM;VERIFIED_MODEL_GRID,081dddbda558079431126bb7089c5d8092fb078d380e134c6403ad9484c68162,2026-09-20T23:27:00+00:00,2026-09-21 04:27:00,91.1,1010.1,78
10.8,15.9,33.6,985.8,286.2,44.5,5.6,2.7,0.7,449.2,154.4,10.6,6.1,34.4,26.3,24.71,False,4095,0.0,6.0,0.0,EXT-OPEN-METEO-KHI,KARACHI,OPENSOURCE_API_GRID,1409,,,,0.95,True,True,TIER2_OPENSOURCE_PURE;CONTINUOUS_MINUTE_STREAM;VERIFIED_MODEL_GRID,d66438f9d50213ba87fb08b2116e991b2f6e5fadaf6c185b399abe7d57efdd31,2026-09-20T23:28:00+00:00,2026-09-21 04:28:00,91.0,1010.2,78
10.8,15.9,33.7,985.8,286.2,44.5,5.6,2.7,0.7,449.4,156.7,10.8,6.1,34.2,26.3,24.69,False,4095,0.0,5.7,0.0,EXT-OPEN-METEO-KHI,KARACHI,OPENSOURCE_API_GRID,1410,,,,0.95,True,True,TIER2_OPENSOURCE_PURE;CONTINUOUS_MINUTE_STREAM;VERIFIED_MODEL_GRID,403ff86283beed3f83ed72aa41fad631152f6a3de8887f25bc50248f70c40769,2026-09-20T23:29:00+00:00,2026-09-21 04:29:00,90.9,1010.2,78
10.8,15.9,33.8,985.8,286.2,44.5,5.6,2.7,0.7,449.5,159.0,10.9,6.1,34.0,26.3,24.69,False,4095,0.0,5.5,0.0,EXT-OPEN-METEO-KHI,KARACHI,OPENSOURCE_API_GRID,1411,,,,0.95,True,True,TIER2_OPENSOURCE_PURE;CONTINUOUS_MINUTE_STREAM;VERIFIED_MODEL_GRID,605790a8ea81a2af8793061267401cf7e1456fe41eebfe55b65c61c1cbdb0d27,2026-09-20T23:30:00+00:00,2026-09-21 04:30:00,90.9,1010.2,78
10.8,15.9,33.9,985.8,286.2,44.5,5.6,2.7,0.7,449.6,161.3,11.0,6.2,33.8,26.3,24.68,False,4095,0.0,5.3,0.0,EXT-OPEN-METEO-KHI,KARACHI,OPENSOURCE_API_GRID,1412,,,,0.95,True,True,TIER2_OPENSOURCE_PURE;CONTINUOUS_MINUTE_STREAM;VERIFIED_MODEL_GRID,4330bd58ddb8b249b4ea9e7a496856af860afcec0643bd1a7772d9979eb70975,2026-09-20T23:31:00+00:00,2026-09-21 04:31:00,90.8,1010.2,78
10.8,15.9,34.1,985.8,286.2,44.5,5.6,2.7,0.7,449.8,163.6,11.2,6.2,33.6,26.3,24.68,False,4095,0.0,5.0,0.0,EXT-OPEN-METEO-KHI,KARACHI,OPENSOURCE_API_GRID,1413,,,,0.95,True,True,TIER2_OPENSOURCE_PURE;CONTINUOUS_MINUTE_STREAM;VERIFIED_MODEL_GRID,b6a31d7679dc5c96d0a0afbd03d41f9d44a894a132c2014d0e6953abb5f11101,2026-09-20T23:32:00+00:00,2026-09-21 04:32:00,90.8,1010.2,78
10.8,15.9,34.2,985.8,286.2,44.5,5.6,2.7,0.7,449.9,165.9,11.3,6.2,33.4,26.3,24.66,False,4095,0.0,4.8,0.0,EXT-OPEN-METEO-KHI,KARACHI,OPENSOURCE_API_GRID,1414,,,,0.95,True,True,TIER2_OPENSOURCE_PURE;CONTINUOUS_MINUTE_STREAM;VERIFIED_MODEL_GRID,2c91f9d8b51728398a39e86beb998db6055f15f00fb3d115614e64ab843bb43b,2026-09-20T23:33:00+00:00,2026-09-21 04:33:00,90.7,1010.2,78
10.8,15.9,34.3,985.8,286.2,44.5,5.6,2.7,0.7,450.0,168.1,11.4,6.3,33.2,26.3,24.64,False,4095,0.0,4.6,0.0,EXT-OPEN-METEO-KHI,KARACHI,OPENSOURCE_API_GRID,1415,,,,0.95,True,True,TIER2_OPENSOURCE_PURE;CONTINUOUS_MINUTE_STREAM;VERIFIED_MODEL_GRID,181e8534f5daf9e530fa71b1eedd3e4043f83977efce6d12a17c1e7bba0859ee,2026-09-20T23:34:00+00:00,2026-09-21 04:34:00,90.6,1010.2,78
10.8,15.9,34.4,985.8,286.2,44.5,5.6,2.8,0.7,450.1,170.4,11.5,6.3,33.0,26.3,24.64,False,4095,0.0,4.3,0.0,EXT-OPEN-METEO-KHI,KARACHI,OPENSOURCE_API_GRID,1416,,,,0.95,True,True,TIER2_OPENSOURCE_PURE;CONTINUOUS_MINUTE_STREAM;VERIFIED_MODEL_GRID,fd7774c65f1c029f66575e5d2340724e8ca189d8f677767e01c6dbc1fc3724fa,2026-09-20T23:35:00+00:00,2026-09-21 04:35:00,90.6,1010.2,78
10.9,16.0,34.6,992.0,288.0,44.8,5.6,2.8,0.7,450.3,172.6,11.7,6.3,32.8,26.3,24.64,False,4095,0.0,4.1,0.0,EXT-OPEN-METEO-KHI,KARACHI,OPENSOURCE_API_GRID,1417,,,,0.95,True,True,TIER2_OPENSOURCE_PURE;CONTINUOUS_MINUTE_STREAM;VERIFIED_MODEL_GRID,99ec96ac09a2a8d6efa71619252866c01bf478187ee3787fe722c737fa38e2bf,2026-09-20T23:36:00+00:00,2026-09-21 04:36:00,90.6,1010.2,78
10.9,16.0,34.8,992.0,288.0,44.8,5.6,2.8,0.7,450.4,174.8,11.8,6.3,32.6,26.3,24.62,False,4095,0.0,3.9,0.0,EXT-OPEN-METEO-KHI,KARACHI,OPENSOURCE_API_GRID,1418,,,,0.95,True,True,TIER2_OPENSOURCE_PURE;CONTINUOUS_MINUTE_STREAM;VERIFIED_MODEL_GRID,ae4b54f70b4388eee5aa805c14bd085c2976b31642b2a32bf7189e92edcbee42,2026-09-20T23:37:00+00:00,2026-09-21 04:37:00,90.5,1010.2,78
10.9,16.0,34.9,992.0,288.0,44.8,5.6,2.8,0.7,450.5,176.9,11.9,6.4,32.4,26.3,24.62,False,4095,0.0,3.7,0.0,EXT-OPEN-METEO-KHI,KARACHI,OPENSOURCE_API_GRID,1419,,,,0.95,True,True,TIER2_OPENSOURCE_PURE;CONTINUOUS_MINUTE_STREAM;VERIFIED_MODEL_GRID,1d2c00849836e86988f3dc35c1f8972b9097fc2bee6b6d1c5e24a49123f2a645,2026-09-20T23:38:00+00:00,2026-09-21 04:38:00,90.5,1010.2,78
10.9,16.1,35.1,998.2,289.8,45.1,5.6,2.8,0.7,450.6,179.0,12.0,6.4,32.2,26.3,24.6,False,4095,0.0,3.5,0.0,EXT-OPEN-METEO-KHI,KARACHI,OPENSOURCE_API_GRID,1420,,,,0.95,True,True,TIER2_OPENSOURCE_PURE;CONTINUOUS_MINUTE_STREAM;VERIFIED_MODEL_GRID,3bdc9d6409608880409937b0296a26936892f466d1a984efa15302deadf25621,2026-09-20T23:39:00+00:00,2026-09-21 04:39:00,90.4,1010.2,78
10.9,16.1,35.3,998.2,289.8,45.1,5.6,2.8,0.7,450.8,181.0,12.2,6.4,32.0,26.3,24.6,False,4095,0.0,3.3,0.0,EXT-OPEN-METEO-KHI,KARACHI,OPENSOURCE_API_GRID,1421,,,,0.95,True,True,TIER2_OPENSOURCE_PURE;CONTINUOUS_MINUTE_STREAM;VERIFIED_MODEL_GRID,6e9199cab98cdda2059b211a3344ae55ed40be4e925ca28b587b035fc7e0d76d,2026-09-20T23:40:00+00:00,2026-09-21 04:40:00,90.4,1010.2,78
11.0,16.2,35.5,1004.4,291.6,45.4,5.7,2.8,0.7,450.9,183.0,12.3,6.4,31.8,26.3,24.6,False,4095,0.0,3.0,0.0,EXT-OPEN-METEO-KHI,KARACHI,OPENSOURCE_API_GRID,1422,,,,0.95,True,True,TIER2_OPENSOURCE_PURE;CONTINUOUS_MINUTE_STREAM;VERIFIED_MODEL_GRID,fb3d90d9021bbc8b013e78d62135702895b1f980a65f909a077132c3d2d02125,2026-09-20T23:41:00+00:00,2026-09-21 04:41:00,90.4,1010.2,78
11.1,16.3,35.7,1010.6,293.4,45.6,5.7,2.9,0.7,451.0,184.9,12.4,6.5,31.6,26.3,24.6,False,4095,0.0,2.9,0.0,EXT-OPEN-METEO-KHI,KARACHI,OPENSOURCE_API_GRID,1423,,,,0.95,True,True,TIER2_OPENSOURCE_PURE;CONTINUOUS_MINUTE_STREAM;VERIFIED_MODEL_GRID,d195f5b5906fb4157c3d0ed2598f78d95ff58e04322e4eeecb37ae818b3f573e,2026-09-20T23:42:00+00:00,2026-09-21 04:42:00,90.4,1010.2,78
11.1,16.3,35.9,1010.6,293.4,45.6,5.7,2.9,0.7,451.1,186.7,12.5,6.5,31.5,26.3,24.6,False,4095,0.0,2.7,0.0,EXT-OPEN-METEO-KHI,KARACHI,OPENSOURCE_API_GRID,1424,,,,0.95,True,True,TIER2_OPENSOURCE_PURE;CONTINUOUS_MINUTE_STREAM;VERIFIED_MODEL_GRID,180401cc2f5700e4e581fda94249d109798dc547130ce546b9ec706598772029,2026-09-20T23:43:00+00:00,2026-09-21 04:43:00,90.4,1010.2,78
11.2,16.4,36.1,1016.8,295.2,45.9,5.7,2.9,0.7,451.2,188.4,12.6,6.5,31.3,26.3,24.58,False,4095,0.0,2.5,0.0,EXT-OPEN-METEO-KHI,KARACHI,OPENSOURCE_API_GRID,1425,,,,0.95,True,True,TIER2_OPENSOURCE_PURE;CONTINUOUS_MINUTE_STREAM;VERIFIED_MODEL_GRID,903a39c48ed9f8ac91461fade328b86fbf6d9ebf0ffcf74df7b099e41f5e3eab,2026-09-20T23:44:00+00:00,2026-09-21 04:44:00,90.3,1010.2,78
11.2,16.5,36.3,1023.0,297.0,46.2,5.8,2.9,0.7,451.3,190.1,12.7,6.5,31.2,26.3,24.58,False,4095,0.0,2.3,0.0,EXT-OPEN-METEO-KHI,KARACHI,OPENSOURCE_API_GRID,1426,,,,0.95,True,True,TIER2_OPENSOURCE_PURE;CONTINUOUS_MINUTE_STREAM;VERIFIED_MODEL_GRID,a04574f09261a0de2a7b1662dd1bcbdbd356f8561865acea3ae947fb4354c86c,2026-09-20T23:45:00+00:00,2026-09-21 04:45:00,90.3,1010.2,78
11.2,16.4,36.3,1016.8,295.2,45.9,5.7,2.9,0.7,451.4,191.7,12.8,6.6,31.0,26.3,24.6,False,4095,0.0,2.2,0.0,EXT-OPEN-METEO-KHI,KARACHI,OPENSOURCE_API_GRID,1427,,,,0.95,True,True,TIER2_OPENSOURCE_PURE;CONTINUOUS_MINUTE_STREAM;VERIFIED_MODEL_GRID,43887d4c8ca67e126cf8b40f9730b61eb99f75ea8c5443ab14e5ac02e84f7dcf,2026-09-20T23:46:00+00:00,2026-09-21 04:46:00,90.4,1010.3,78
11.2,16.5,36.5,1023.0,297.0,46.2,5.8,2.9,0.7,451.4,193.2,12.8,6.6,30.9,26.3,24.6,False,4095,0.0,2.0,0.0,EXT-OPEN-METEO-KHI,KARACHI,OPENSOURCE_API_GRID,1428,,,,0.95,True,True,TIER2_OPENSOURCE_PURE;CONTINUOUS_MINUTE_STREAM;VERIFIED_MODEL_GRID,f2a43cfd367546be2527c840266629b4e0d86c4717e27207ac23d055f22ce845,2026-09-20T23:47:00+00:00,2026-09-21 04:47:00,90.4,1010.3,78
11.3,16.6,36.6,1029.2,298.8,46.5,5.8,2.9,0.7,451.5,194.6,12.9,6.6,30.8,26.3,24.58,False,4095,0.0,1.9,0.0,EXT-OPEN-METEO-KHI,KARACHI,OPENSOURCE_API_GRID,1429,,,,0.95,True,True,TIER2_OPENSOURCE_PURE;CONTINUOUS_MINUTE_STREAM;VERIFIED_MODEL_GRID,19a7abbc037e27b8b27ffe1d245637b5ea1da01b20e776c196ea9e3441d46b94,2026-09-20T23:48:00+00:00,2026-09-21 04:48:00,90.3,1010.3,78
11.3,16.6,36.8,1029.2,298.8,46.5,5.8,2.9,0.7,451.6,195.9,13.0,6.6,30.6,26.3,24.58,False,4095,0.0,1.7,0.0,EXT-OPEN-METEO-KHI,KARACHI,OPENSOURCE_API_GRID,1430,,,,0.95,True,True,TIER2_OPENSOURCE_PURE;CONTINUOUS_MINUTE_STREAM;VERIFIED_MODEL_GRID,6fbd40313a42de9e704fe403f96cf910d25629da765d0de3ee40dc94f019bb9b,2026-09-20T23:49:00+00:00,2026-09-21 04:49:00,90.3,1010.3,78
11.4,16.7,36.9,1035.4,300.6,46.8,5.8,3.0,0.7,451.7,197.1,13.1,6.6,30.5,26.3,24.58,False,4095,0.0,1.6,0.0,EXT-OPEN-METEO-KHI,KARACHI,OPENSOURCE_API_GRID,1431,,,,0.95,True,True,TIER2_OPENSOURCE_PURE;CONTINUOUS_MINUTE_STREAM;VERIFIED_MODEL_GRID,78273c28e3bc4ea399bd73b0797d20b5592a93e8487d82eca5fd1b883ae58ebc,2026-09-20T23:50:00+00:00,2026-09-21 04:50:00,90.3,1010.3,78
11.4,16.7,37.0,1035.4,300.6,46.8,5.8,3.0,0.7,451.7,198.2,13.1,6.6,30.4,26.3,24.56,False,4095,0.0,1.5,0.0,EXT-OPEN-METEO-KHI,KARACHI,OPENSOURCE_API_GRID,1432,,,,0.95,True,True,TIER2_OPENSOURCE_PURE;CONTINUOUS_MINUTE_STREAM;VERIFIED_MODEL_GRID,1c30851365d4e7a387377e958b33a9303346a65716af93b338d0a30c602b38be,2026-09-20T23:51:00+00:00,2026-09-21 04:51:00,90.2,1010.3,78
11.4,16.7,37.1,1035.4,300.6,46.8,5.8,3.0,0.7,451.8,199.2,13.2,6.7,30.3,26.3,24.56,False,4095,0.0,1.4,0.0,EXT-OPEN-METEO-KHI,KARACHI,OPENSOURCE_API_GRID,1433,,,,0.95,True,True,TIER2_OPENSOURCE_PURE;CONTINUOUS_MINUTE_STREAM;VERIFIED_MODEL_GRID,00089b25bfc2e2cc510a3aeb108bdb99a7143a6495664f5a16a1bbb535407e01,2026-09-20T23:52:00+00:00,2026-09-21 04:52:00,90.2,1010.3,78
11.4,16.8,37.2,1041.6,302.4,47.0,5.9,3.0,0.7,451.8,200.1,13.2,6.7,30.3,26.3,24.55,False,4095,0.0,1.3,0.0,EXT-OPEN-METEO-KHI,KARACHI,OPENSOURCE_API_GRID,1434,,,,0.95,True,True,TIER2_OPENSOURCE_PURE;CONTINUOUS_MINUTE_STREAM;VERIFIED_MODEL_GRID,2786971b995b483f24e25f484d74cce4f76d095d70b9ac6a492fe7578710ae16,2026-09-20T23:53:00+00:00,2026-09-21 04:53:00,90.1,1010.3,78
11.4,16.8,37.2,1041.6,302.4,47.0,5.9,3.0,0.7,451.9,200.8,13.3,6.7,30.2,26.3,24.55,False,4095,0.0,1.2,0.0,EXT-OPEN-METEO-KHI,KARACHI,OPENSOURCE_API_GRID,1435,,,,0.95,True,True,TIER2_OPENSOURCE_PURE;CONTINUOUS_MINUTE_STREAM;VERIFIED_MODEL_GRID,9d6bd2acff012094c58809c368e9a2d8cee92adefe41d91dda3cfdc48bf8eef9,2026-09-20T23:54:00+00:00,2026-09-21 04:54:00,90.1,1010.3,78
11.4,16.8,37.3,1041.6,302.4,47.0,5.9,3.0,0.7,451.9,201.5,13.3,6.7,30.1,26.3,24.53,False,4095,0.0,1.2,0.0,EXT-OPEN-METEO-KHI,KARACHI,OPENSOURCE_API_GRID,1436,,,,0.95,True,True,TIER2_OPENSOURCE_PURE;CONTINUOUS_MINUTE_STREAM;VERIFIED_MODEL_GRID,f8299b3d35037c2e6eed2666febbbb0c72bfe5e2aa7c84165fc02ab76020ccb3,2026-09-20T23:55:00+00:00,2026-09-21 04:55:00,90.0,1010.3,78
11.4,16.7,37.3,1035.4,300.6,46.8,5.8,3.0,0.7,451.9,202.0,13.3,6.7,30.1,26.3,24.53,False,4095,0.0,1.1,0.0,EXT-OPEN-METEO-KHI,KARACHI,OPENSOURCE_API_GRID,1437,,,,0.95,True,True,TIER2_OPENSOURCE_PURE;CONTINUOUS_MINUTE_STREAM;VERIFIED_MODEL_GRID,df6a55a26fef3c34d69ca053a18ddecddc41a8996824bb408ded3add761e1e93,2026-09-20T23:56:00+00:00,2026-09-21 04:56:00,90.0,1010.3,78
11.4,16.7,37.3,1035.4,300.6,46.8,5.8,3.0,0.7,452.0,202.5,13.4,6.7,30.0,26.3,24.53,False,4095,0.0,1.1,0.0,EXT-OPEN-METEO-KHI,KARACHI,OPENSOURCE_API_GRID,1438,,,,0.95,True,True,TIER2_OPENSOURCE_PURE;CONTINUOUS_MINUTE_STREAM;VERIFIED_MODEL_GRID,b9f8f10344fd3dfe8dd8d95103ef44fbffc5c0dd55c5c5ecc070b767d764ec04,2026-09-20T23:57:00+00:00,2026-09-21 04:57:00,90.0,1010.3,78
11.4,16.7,37.2,1035.4,300.6,46.8,5.8,3.0,0.7,452.0,202.8,13.4,6.7,30.0,26.3,24.51,False,4095,0.0,1.0,0.0,EXT-OPEN-METEO-KHI,KARACHI,OPENSOURCE_API_GRID,1439,,,,0.95,True,True,TIER2_OPENSOURCE_PURE;CONTINUOUS_MINUTE_STREAM;VERIFIED_MODEL_GRID,a82f3d058ba4327ab2808b3721cab5e9e0815b420d7d815e1c87911f2ebab192,2026-09-20T23:58:00+00:00,2026-09-21 04:58:00,89.9,1010.3,78
11.3,16.6,37.2,1029.2,298.8,46.5,5.8,3.0,0.7,452.0,202.9,13.4,6.7,30.0,26.3,24.51,False,4095,0.0,1.0,0.0,EXT-OPEN-METEO-KHI,KARACHI,OPENSOURCE_API_GRID,1440,,,,0.95,True,True,TIER2_OPENSOURCE_PURE;CONTINUOUS_MINUTE_STREAM;VERIFIED_MODEL_GRID,29ba31aa0929adca63657758b8393757a8766cf93cb288ff6bb3ab8fa5ffa3a3,2026-09-20T23:59:00+00:00,2026-09-21 04:59:00,89.9,1010.3,78
