pm1_raw,pm2_5_raw,pm10_raw,particle_bin_0_3um,particle_bin_0_5um,particle_bin_1_0um,particle_bin_2_5um,particle_bin_5_0um,particle_bin_10_0um,co2_ppm,co_ug_m3,no2_ug_m3,so2_ug_m3,o3_ug_m3,temperature_c,dew_point_c,rain_flag,precipitation_analog_val,precipitation_mm,cloud_cover_pct,solar_radiation_w_m2,station_id,campus_id,device_uid,sequence_number,battery_voltage_v,wifi_rssi_dbm,free_heap_bytes,quality_score,is_valid,is_interpolated,qc_flags,content_hash,observed_at_utc,observed_at_pk,humidity_pct,pressure_hpa,aqi
20.3,29.8,99.4,1847.6,536.4,83.4,10.4,8.0,2.0,460.0,257.0,14.0,7.2,39.0,25.3,22.63,False,4095,0.0,22.0,0.0,EXT-OPEN-METEO-KHI,KARACHI,OPENSOURCE_API_GRID,1,,,,0.95,True,False,TIER2_OPENSOURCE_PURE;HOURLY_NODE;VERIFIED_MODEL_GRID,d1a4ccd2499a26528411334ff2750a5ccc52aee2373afa4d787fec7cbfeb39af,2026-09-30T00:00:00+00:00,2026-09-30 05:00:00,85.2,1011.8,103
20.3,29.8,99.5,1847.6,536.4,83.4,10.4,8.0,2.0,460.0,257.1,14.0,7.2,39.0,25.3,22.61,False,4095,0.0,22.0,0.0,EXT-OPEN-METEO-KHI,KARACHI,OPENSOURCE_API_GRID,2,,,,0.95,True,True,TIER2_OPENSOURCE_PURE;CONTINUOUS_MINUTE_STREAM;VERIFIED_MODEL_GRID,5b122b29f65818f84af9c5baaa714ee516ed4ffe26ac3d750872c6ee26ccd188,2026-09-30T00:01:00+00:00,2026-09-30 05:01:00,85.1,1011.8,103
20.3,29.9,99.5,1853.8,538.2,83.7,10.5,8.0,2.0,460.0,257.3,14.0,7.2,39.0,25.3,22.61,False,4095,0.0,21.9,0.0,EXT-OPEN-METEO-KHI,KARACHI,OPENSOURCE_API_GRID,3,,,,0.95,True,True,TIER2_OPENSOURCE_PURE;CONTINUOUS_MINUTE_STREAM;VERIFIED_MODEL_GRID,42603909a0b7ec8229baafa06909154cc925313238d066ebc73bcb221e5050d0,2026-09-30T00:02:00+00:00,2026-09-30 05:02:00,85.1,1011.8,103
20.3,29.9,99.6,1853.8,538.2,83.7,10.5,8.0,2.0,460.0,257.6,14.0,7.2,39.0,25.3,22.61,False,4095,0.0,21.9,0.0,EXT-OPEN-METEO-KHI,KARACHI,OPENSOURCE_API_GRID,4,,,,0.95,True,True,TIER2_OPENSOURCE_PURE;CONTINUOUS_MINUTE_STREAM;VERIFIED_MODEL_GRID,4828fc94e7543522b9ea050cbd8c41453acdf8a38af59d7092e693dd62aaa475,2026-09-30T00:03:00+00:00,2026-09-30 05:03:00,85.1,1011.8,103
20.4,30.0,99.7,1860.0,540.0,84.0,10.5,8.0,2.0,460.0,258.0,14.0,7.2,39.0,25.3,22.61,False,4095,0.0,21.8,0.0,EXT-OPEN-METEO-KHI,KARACHI,OPENSOURCE_API_GRID,5,,,,0.95,True,True,TIER2_OPENSOURCE_PURE;CONTINUOUS_MINUTE_STREAM;VERIFIED_MODEL_GRID,be25a622d4ea993947dc783d9d1e1209fc8d0780bf8985957766226cd4f7eb9f,2026-09-30T00:04:00+00:00,2026-09-30 05:04:00,85.1,1011.8,103
20.4,30.0,99.7,1860.0,540.0,84.0,10.5,8.0,2.0,460.0,258.6,14.0,7.2,39.0,25.3,22.61,False,4095,0.0,21.7,0.0,EXT-OPEN-METEO-KHI,KARACHI,OPENSOURCE_API_GRID,6,,,,0.95,True,True,TIER2_OPENSOURCE_PURE;CONTINUOUS_MINUTE_STREAM;VERIFIED_MODEL_GRID,9804a4ab6eb10cdb3dd7d6dc7205a3570bee7507b6de90761c9afe3c8a2d56e7,2026-09-30T00:05:00+00:00,2026-09-30 05:05:00,85.1,1011.8,103
20.4,30.0,99.8,1860.0,540.0,84.0,10.5,8.0,2.0,460.0,259.3,14.1,7.2,39.0,25.3,22.61,False,4095,0.0,21.5,0.0,EXT-OPEN-METEO-KHI,KARACHI,OPENSOURCE_API_GRID,7,,,,0.95,True,True,TIER2_OPENSOURCE_PURE;CONTINUOUS_MINUTE_STREAM;VERIFIED_MODEL_GRID,9b45033c682c56733d9511e099994e6dd741753470654fb3ba7cc74103b78962,2026-09-30T00:06:00+00:00,2026-09-30 05:06:00,85.1,1011.8,103
20.5,30.1,99.8,1866.2,541.8,84.3,10.5,8.0,2.0,460.0,260.1,14.1,7.2,39.0,25.3,22.61,False,4095,0.0,21.3,0.0,EXT-OPEN-METEO-KHI,KARACHI,OPENSOURCE_API_GRID,8,,,,0.95,True,True,TIER2_OPENSOURCE_PURE;CONTINUOUS_MINUTE_STREAM;VERIFIED_MODEL_GRID,d6b8c80608a796540abdb9528c040ff3c377cf7315b189c1c9a6adca524209f6,2026-09-30T00:07:00+00:00,2026-09-30 05:07:00,85.1,1011.8,103
20.5,30.1,99.8,1866.2,541.8,84.3,10.5,8.0,2.0,460.0,261.0,14.1,7.2,39.0,25.3,22.61,False,4095,0.0,21.1,0.0,EXT-OPEN-METEO-KHI,KARACHI,OPENSOURCE_API_GRID,9,,,,0.95,True,True,TIER2_OPENSOURCE_PURE;CONTINUOUS_MINUTE_STREAM;VERIFIED_MODEL_GRID,167891b2dde5f0e1151b5791feaf8ff1772b5c7b766152028fe8bec445bf3bc7,2026-09-30T00:08:00+00:00,2026-09-30 05:08:00,85.1,1011.8,103
20.5,30.1,99.9,1866.2,541.8,84.3,10.5,8.0,2.0,459.9,262.0,14.1,7.3,39.0,25.3,22.61,False,4095,0.0,20.9,0.0,EXT-OPEN-METEO-KHI,KARACHI,OPENSOURCE_API_GRID,10,,,,0.95,True,True,TIER2_OPENSOURCE_PURE;CONTINUOUS_MINUTE_STREAM;VERIFIED_MODEL_GRID,edb041ec5b2f8e233b5d95c56fb968a21d4a762de7fbfdda6b91ebdcd25355a0,2026-09-30T00:09:00+00:00,2026-09-30 05:09:00,85.1,1011.8,103
20.5,30.1,99.9,1866.2,541.8,84.3,10.5,8.0,2.0,459.9,263.2,14.2,7.3,39.0,25.3,22.61,False,4095,0.0,20.7,0.0,EXT-OPEN-METEO-KHI,KARACHI,OPENSOURCE_API_GRID,11,,,,0.95,True,True,TIER2_OPENSOURCE_PURE;CONTINUOUS_MINUTE_STREAM;VERIFIED_MODEL_GRID,375f7cd1dc369a16a69cdc9247a459750d1ecfa1fed44edd75216304b422d4ca,2026-09-30T00:10:00+00:00,2026-09-30 05:10:00,85.1,1011.8,103
20.5,30.1,99.9,1866.2,541.8,84.3,10.5,8.0,2.0,459.9,264.4,14.2,7.3,39.0,25.3,22.6,False,4095,0.0,20.4,0.0,EXT-OPEN-METEO-KHI,KARACHI,OPENSOURCE_API_GRID,12,,,,0.95,True,True,TIER2_OPENSOURCE_PURE;CONTINUOUS_MINUTE_STREAM;VERIFIED_MODEL_GRID,95f831e1157b5b6445e3f551644b88ad2e33a349fed47f89b7b3add99146923d,2026-09-30T00:11:00+00:00,2026-09-30 05:11:00,85.0,1011.8,103
20.5,30.1,99.9,1866.2,541.8,84.3,10.5,8.0,2.0,459.9,265.8,14.2,7.3,39.0,25.3,22.6,False,4095,0.0,20.1,0.0,EXT-OPEN-METEO-KHI,KARACHI,OPENSOURCE_API_GRID,13,,,,0.95,True,True,TIER2_OPENSOURCE_PURE;CONTINUOUS_MINUTE_STREAM;VERIFIED_MODEL_GRID,4c3c5002e67669192eb1b5b54e5ab3bff338bc140c6128563baa866cef340027,2026-09-30T00:12:00+00:00,2026-09-30 05:12:00,85.0,1011.8,103
20.5,30.1,99.8,1866.2,541.8,84.3,10.5,8.0,2.0,459.9,267.3,14.3,7.3,39.0,25.3,22.6,False,4095,0.0,19.8,0.0,EXT-OPEN-METEO-KHI,KARACHI,OPENSOURCE_API_GRID,14,,,,0.95,True,True,TIER2_OPENSOURCE_PURE;CONTINUOUS_MINUTE_STREAM;VERIFIED_MODEL_GRID,d188e7dddd78f1864b39122a0e9323504f9ce32b26bb32ab5772fee0844474b4,2026-09-30T00:13:00+00:00,2026-09-30 05:13:00,85.0,1011.9,103
20.5,30.1,99.8,1866.2,541.8,84.3,10.5,8.0,2.0,459.9,268.8,14.3,7.3,39.0,25.3,22.6,False,4095,0.0,19.4,0.0,EXT-OPEN-METEO-KHI,KARACHI,OPENSOURCE_API_GRID,15,,,,0.95,True,True,TIER2_OPENSOURCE_PURE;CONTINUOUS_MINUTE_STREAM;VERIFIED_MODEL_GRID,cef542de5a0ffb008b259ff18d8ffe571c7ce3888e6caf6b42a664b55975418c,2026-09-30T00:14:00+00:00,2026-09-30 05:14:00,85.0,1011.9,103
20.4,30.0,99.8,1860.0,540.0,84.0,10.5,8.0,2.0,459.9,270.5,14.4,7.3,39.0,25.3,22.6,False,4095,0.0,19.1,0.0,EXT-OPEN-METEO-KHI,KARACHI,OPENSOURCE_API_GRID,16,,,,0.95,True,True,TIER2_OPENSOURCE_PURE;CONTINUOUS_MINUTE_STREAM;VERIFIED_MODEL_GRID,1bf72c136f477876b3f9c699805c0cdfb0a9be2b8d9a0b3b09ed4f2c4845aadc,2026-09-30T00:15:00+00:00,2026-09-30 05:15:00,85.0,1011.9,103
20.4,30.0,99.8,1860.0,540.0,84.0,10.5,8.0,2.0,459.8,272.2,14.4,7.4,39.0,25.2,22.5,False,4095,0.0,18.7,0.0,EXT-OPEN-METEO-KHI,KARACHI,OPENSOURCE_API_GRID,17,,,,0.95,True,True,TIER2_OPENSOURCE_PURE;CONTINUOUS_MINUTE_STREAM;VERIFIED_MODEL_GRID,f8f6fda0b27e6d4c8c91947df66a38de48a230182c7e56420492e014f91d2ea0,2026-09-30T00:16:00+00:00,2026-09-30 05:16:00,85.0,1011.9,103
20.4,30.0,99.8,1860.0,540.0,84.0,10.5,8.0,2.0,459.8,274.1,14.5,7.4,39.0,25.2,22.5,False,4095,0.0,18.3,0.0,EXT-OPEN-METEO-KHI,KARACHI,OPENSOURCE_API_GRID,18,,,,0.95,True,True,TIER2_OPENSOURCE_PURE;CONTINUOUS_MINUTE_STREAM;VERIFIED_MODEL_GRID,66fbdcf3499f732074c399771d06608317b1652ea2b3dac4f7721ad26c3e2bf5,2026-09-30T00:17:00+00:00,2026-09-30 05:17:00,85.0,1011.9,103
20.4,30.0,99.9,1860.0,540.0,84.0,10.5,8.0,2.0,459.8,276.0,14.5,7.4,39.0,25.2,22.52,False,4095,0.0,17.9,0.0,EXT-OPEN-METEO-KHI,KARACHI,OPENSOURCE_API_GRID,19,,,,0.95,True,True,TIER2_OPENSOURCE_PURE;CONTINUOUS_MINUTE_STREAM;VERIFIED_MODEL_GRID,1e1f665d80dad7ada40c80eff46615aec71b9f6c8fa4fde16e41f2eb19866d98,2026-09-30T00:18:00+00:00,2026-09-30 05:18:00,85.1,1011.9,103
20.5,30.1,99.9,1866.2,541.8,84.3,10.5,8.0,2.0,459.8,277.9,14.6,7.4,39.0,25.2,22.52,False,4095,0.0,17.4,0.0,EXT-OPEN-METEO-KHI,KARACHI,OPENSOURCE_API_GRID,20,,,,0.95,True,True,TIER2_OPENSOURCE_PURE;CONTINUOUS_MINUTE_STREAM;VERIFIED_MODEL_GRID,b390e94566567127f9151ef92ed5d11492cbfe0ae86e9630d0e3bfb8cab159a5,2026-09-30T00:19:00+00:00,2026-09-30 05:19:00,85.1,1011.9,103
20.5,30.1,99.9,1866.2,541.8,84.3,10.5,8.0,2.0,459.8,280.0,14.6,7.4,39.0,25.2,22.52,False,4095,0.0,17.0,0.0,EXT-OPEN-METEO-KHI,KARACHI,OPENSOURCE_API_GRID,21,,,,0.95,True,True,TIER2_OPENSOURCE_PURE;CONTINUOUS_MINUTE_STREAM;VERIFIED_MODEL_GRID,9a2b9714a316dec3fbaaa863f6aa5f8582b65b3d5ea08c38d4fadbc133cc7035,2026-09-30T00:20:00+00:00,2026-09-30 05:20:00,85.1,1011.9,103
20.5,30.1,100.0,1866.2,541.8,84.3,10.5,8.0,2.0,459.7,282.1,14.7,7.5,39.0,25.2,22.52,False,4095,0.0,16.5,0.0,EXT-OPEN-METEO-KHI,KARACHI,OPENSOURCE_API_GRID,22,,,,0.95,True,True,TIER2_OPENSOURCE_PURE;CONTINUOUS_MINUTE_STREAM;VERIFIED_MODEL_GRID,bd75bd38bbe07052fa5826ca0c9129a3028ee91bc65cfaa38b1b463f58c0ac0d,2026-09-30T00:21:00+00:00,2026-09-30 05:21:00,85.1,1011.9,103
20.5,30.2,100.1,1872.4,543.6,84.6,10.6,8.0,2.0,459.7,284.3,14.7,7.5,39.0,25.2,22.54,False,4095,0.0,16.1,0.0,EXT-OPEN-METEO-KHI,KARACHI,OPENSOURCE_API_GRID,23,,,,0.95,True,True,TIER2_OPENSOURCE_PURE;CONTINUOUS_MINUTE_STREAM;VERIFIED_MODEL_GRID,f15c0b95bf5b348c04c620dec132cd1956fdc4b4803493cc52224ac67758ec1f,2026-09-30T00:22:00+00:00,2026-09-30 05:22:00,85.2,1011.9,103
20.5,30.2,100.2,1872.4,543.6,84.6,10.6,8.0,2.0,459.7,286.5,14.8,7.5,39.0,25.2,22.54,False,4095,0.0,15.6,0.0,EXT-OPEN-METEO-KHI,KARACHI,OPENSOURCE_API_GRID,24,,,,0.95,True,True,TIER2_OPENSOURCE_PURE;CONTINUOUS_MINUTE_STREAM;VERIFIED_MODEL_GRID,bf7e8441e490da69d121251798c44e0d33c5be5ef663a002cf08e698d403195f,2026-09-30T00:23:00+00:00,2026-09-30 05:23:00,85.2,1011.9,103
20.6,30.3,100.3,1878.6,545.4,84.8,10.6,8.0,2.0,459.7,288.8,14.9,7.5,39.0,25.1,22.44,False,4095,0.0,15.1,0.0,EXT-OPEN-METEO-KHI,KARACHI,OPENSOURCE_API_GRID,25,,,,0.95,True,True,TIER2_OPENSOURCE_PURE;CONTINUOUS_MINUTE_STREAM;VERIFIED_MODEL_GRID,5efa4484e7a38fd71481310fbc3969f5410ddcd49d13d936e991d8f6b3e35a4b,2026-09-30T00:24:00+00:00,2026-09-30 05:24:00,85.2,1011.9,103
20.7,30.4,100.4,1884.8,547.2,85.1,10.6,8.0,2.0,459.6,291.1,14.9,7.6,39.0,25.1,22.46,False,4095,0.0,14.6,0.0,EXT-OPEN-METEO-KHI,KARACHI,OPENSOURCE_API_GRID,26,,,,0.95,True,True,TIER2_OPENSOURCE_PURE;CONTINUOUS_MINUTE_STREAM;VERIFIED_MODEL_GRID,b3b1dc3a489f4ab3f9dfd753f24d6ada16202383f227924b6fe672d33278a605,2026-09-30T00:25:00+00:00,2026-09-30 05:25:00,85.3,1011.9,103
20.7,30.5,100.6,1891.0,549.0,85.4,10.7,8.0,2.0,459.6,293.4,15.0,7.6,39.0,25.1,22.46,False,4095,0.0,14.1,0.0,EXT-OPEN-METEO-KHI,KARACHI,OPENSOURCE_API_GRID,27,,,,0.95,True,True,TIER2_OPENSOURCE_PURE;CONTINUOUS_MINUTE_STREAM;VERIFIED_MODEL_GRID,4954ba038330f2403c93028b94c3197c5f13fa1326c685879a1ee88a5e31fcf7,2026-09-30T00:26:00+00:00,2026-09-30 05:26:00,85.3,1011.9,103
20.7,30.5,100.7,1891.0,549.0,85.4,10.7,8.1,2.0,459.6,295.8,15.1,7.6,39.0,25.1,22.48,False,4095,0.0,13.6,0.0,EXT-OPEN-METEO-KHI,KARACHI,OPENSOURCE_API_GRID,28,,,,0.95,True,True,TIER2_OPENSOURCE_PURE;CONTINUOUS_MINUTE_STREAM;VERIFIED_MODEL_GRID,0891e386543be953058b3cd3ec3fc9e89648190dbbb51df78b43f6b96e360547,2026-09-30T00:27:00+00:00,2026-09-30 05:27:00,85.4,1011.9,103
20.8,30.6,100.9,1897.2,550.8,85.7,10.7,8.1,2.0,459.6,298.2,15.1,7.6,39.0,25.1,22.48,False,4095,0.0,13.0,0.0,EXT-OPEN-METEO-KHI,KARACHI,OPENSOURCE_API_GRID,29,,,,0.95,True,True,TIER2_OPENSOURCE_PURE;CONTINUOUS_MINUTE_STREAM;VERIFIED_MODEL_GRID,2e96f8a37ddb58c0d9d021bbabdf538bff31964e13c52cb3a9449fa0a1dd9112,2026-09-30T00:28:00+00:00,2026-09-30 05:28:00,85.4,1011.9,103
20.9,30.7,101.0,1903.4,552.6,86.0,10.7,8.1,2.0,459.5,300.6,15.2,7.7,39.0,25.1,22.5,False,4095,0.0,12.5,0.0,EXT-OPEN-METEO-KHI,KARACHI,OPENSOURCE_API_GRID,30,,,,0.95,True,True,TIER2_OPENSOURCE_PURE;CONTINUOUS_MINUTE_STREAM;VERIFIED_MODEL_GRID,45b19c5ec59fddce46ad2aa79544e1c29f9b0931a0136a2daebafb254974d9a7,2026-09-30T00:29:00+00:00,2026-09-30 05:29:00,85.5,1011.9,103
20.9,30.8,101.2,1909.6,554.4,86.2,10.8,8.1,2.0,459.5,303.0,15.2,7.7,39.0,25.1,22.5,False,4095,0.0,12.0,0.0,EXT-OPEN-METEO-KHI,KARACHI,OPENSOURCE_API_GRID,31,,,,0.95,True,True,TIER2_OPENSOURCE_PURE;CONTINUOUS_MINUTE_STREAM;VERIFIED_MODEL_GRID,5f1d34050fe701467fc1a076953bfe60d1b731ba68b4b266b513d945c9ea6f23,2026-09-30T00:30:00+00:00,2026-09-30 05:30:00,85.5,1011.9,103
20.9,30.8,101.1,1909.6,554.4,86.2,10.8,8.1,2.0,459.5,305.4,15.3,7.7,39.0,25.1,22.53,False,4095,0.0,11.5,0.0,EXT-OPEN-METEO-KHI,KARACHI,OPENSOURCE_API_GRID,32,,,,0.95,True,True,TIER2_OPENSOURCE_PURE;CONTINUOUS_MINUTE_STREAM;VERIFIED_MODEL_GRID,46275bc1a78e09206311716081d0c04b1d3ce0a7777aadf6c884582ab38b0c14,2026-09-30T00:31:00+00:00,2026-09-30 05:31:00,85.7,1012.0,103
21.0,30.9,101.3,1915.8,556.2,86.5,10.8,8.1,2.0,459.4,307.8,15.4,7.8,39.0,25.1,22.53,False,4095,0.0,11.0,0.0,EXT-OPEN-METEO-KHI,KARACHI,OPENSOURCE_API_GRID,33,,,,0.95,True,True,TIER2_OPENSOURCE_PURE;CONTINUOUS_MINUTE_STREAM;VERIFIED_MODEL_GRID,3f5748283ae6fb122fa0a8024f30e7f0f82c54300f6acd49c47ca812ae3dab4b,2026-09-30T00:32:00+00:00,2026-09-30 05:32:00,85.7,1012.0,103
21.1,31.0,101.4,1922.0,558.0,86.8,10.8,8.1,2.0,459.4,310.2,15.4,7.8,39.0,25.1,22.53,False,4095,0.0,10.4,0.0,EXT-OPEN-METEO-KHI,KARACHI,OPENSOURCE_API_GRID,34,,,,0.95,True,True,TIER2_OPENSOURCE_PURE;CONTINUOUS_MINUTE_STREAM;VERIFIED_MODEL_GRID,fffaeee4d6a7d97089ae9cb17e0dcb5b122394f5aa9dde89032373468fb29dcf,2026-09-30T00:33:00+00:00,2026-09-30 05:33:00,85.7,1012.0,103
21.1,31.1,101.6,1928.2,559.8,87.1,10.9,8.1,2.0,459.4,312.6,15.5,7.8,39.0,25.1,22.53,False,4095,0.0,9.9,0.0,EXT-OPEN-METEO-KHI,KARACHI,OPENSOURCE_API_GRID,35,,,,0.95,True,True,TIER2_OPENSOURCE_PURE;CONTINUOUS_MINUTE_STREAM;VERIFIED_MODEL_GRID,e6f6c64e06111d791412f9dddd12853abed5b785d10863e1ecf1b0bfdf3b1550,2026-09-30T00:34:00+00:00,2026-09-30 05:34:00,85.7,1012.0,103
21.2,31.2,101.7,1934.4,561.6,87.4,10.9,8.1,2.0,459.4,314.9,15.6,7.8,39.0,25.1,22.53,False,4095,0.0,9.4,0.0,EXT-OPEN-METEO-KHI,KARACHI,OPENSOURCE_API_GRID,36,,,,0.95,True,True,TIER2_OPENSOURCE_PURE;CONTINUOUS_MINUTE_STREAM;VERIFIED_MODEL_GRID,e2ebcd96c2aee329eea1e950ef79b5a7732208435712c1148d9f577b3d2ddb3a,2026-09-30T00:35:00+00:00,2026-09-30 05:35:00,85.7,1012.0,103
21.2,31.2,101.8,1934.4,561.6,87.4,10.9,8.1,2.0,459.3,317.2,15.6,7.9,39.0,25.1,22.55,False,4095,0.0,8.9,0.0,EXT-OPEN-METEO-KHI,KARACHI,OPENSOURCE_API_GRID,37,,,,0.95,True,True,TIER2_OPENSOURCE_PURE;CONTINUOUS_MINUTE_STREAM;VERIFIED_MODEL_GRID,a81a2c826fd48339930666b3de63402831a34f637e6e743cad6d8ac88a2f13e2,2026-09-30T00:36:00+00:00,2026-09-30 05:36:00,85.8,1012.0,103
21.3,31.3,101.9,1940.6,563.4,87.6,11.0,8.2,2.0,459.3,319.5,15.7,7.9,39.0,25.1,22.55,False,4095,0.0,8.4,0.0,EXT-OPEN-METEO-KHI,KARACHI,OPENSOURCE_API_GRID,38,,,,0.95,True,True,TIER2_OPENSOURCE_PURE;CONTINUOUS_MINUTE_STREAM;VERIFIED_MODEL_GRID,64244935d9ba75591336aa69baabe8e6e07cde655949d2c437ea802f87b90c00,2026-09-30T00:37:00+00:00,2026-09-30 05:37:00,85.8,1012.0,103
21.3,31.3,102.0,1940.6,563.4,87.6,11.0,8.2,2.0,459.3,321.7,15.8,7.9,39.0,25.1,22.55,False,4095,0.0,7.9,0.0,EXT-OPEN-METEO-KHI,KARACHI,OPENSOURCE_API_GRID,39,,,,0.95,True,True,TIER2_OPENSOURCE_PURE;CONTINUOUS_MINUTE_STREAM;VERIFIED_MODEL_GRID,93bc4b926257c299c7c474cf84ef63416a095088b47e46b2e2b19884859551be,2026-09-30T00:38:00+00:00,2026-09-30 05:38:00,85.8,1012.0,103
21.4,31.4,102.1,1946.8,565.2,87.9,11.0,8.2,2.0,459.3,323.9,15.8,7.9,39.0,25.1,22.55,False,4095,0.0,7.5,0.0,EXT-OPEN-METEO-KHI,KARACHI,OPENSOURCE_API_GRID,40,,,,0.95,True,True,TIER2_OPENSOURCE_PURE;CONTINUOUS_MINUTE_STREAM;VERIFIED_MODEL_GRID,5b767dc3440f96130b607edbf4424346b2af8ac264677729dadd0a16245eec18,2026-09-30T00:39:00+00:00,2026-09-30 05:39:00,85.8,1012.0,103
21.4,31.4,102.1,1946.8,565.2,87.9,11.0,8.2,2.0,459.2,326.0,15.9,7.9,39.0,25.1,22.55,False,4095,0.0,7.0,0.0,EXT-OPEN-METEO-KHI,KARACHI,OPENSOURCE_API_GRID,41,,,,0.95,True,True,TIER2_OPENSOURCE_PURE;CONTINUOUS_MINUTE_STREAM;VERIFIED_MODEL_GRID,ae84b98928cfd67c29e28ffadc31a4dfbe955ee18ba87e5cae98f57e3bab4665,2026-09-30T00:40:00+00:00,2026-09-30 05:40:00,85.8,1012.0,103
21.4,31.4,102.2,1946.8,565.2,87.9,11.0,8.2,2.0,459.2,328.1,15.9,8.0,39.0,25.1,22.55,False,4095,0.0,6.6,0.0,EXT-OPEN-METEO-KHI,KARACHI,OPENSOURCE_API_GRID,42,,,,0.95,True,True,TIER2_OPENSOURCE_PURE;CONTINUOUS_MINUTE_STREAM;VERIFIED_MODEL_GRID,48817e4ce3739f1c6ab8895e659a76d7f1948965e157e1938a14bfb7d1d30377,2026-09-30T00:41:00+00:00,2026-09-30 05:41:00,85.8,1012.1,103
21.4,31.4,102.2,1946.8,565.2,87.9,11.0,8.2,2.0,459.2,330.0,16.0,8.0,39.0,25.1,22.55,False,4095,0.0,6.1,0.0,EXT-OPEN-METEO-KHI,KARACHI,OPENSOURCE_API_GRID,43,,,,0.95,True,True,TIER2_OPENSOURCE_PURE;CONTINUOUS_MINUTE_STREAM;VERIFIED_MODEL_GRID,bbfbae1a4a0af8d27d7c1d85d81fb1c8dc0ef0b92f8c38893c5123cf1533e3b2,2026-09-30T00:42:00+00:00,2026-09-30 05:42:00,85.8,1012.1,103
21.4,31.4,102.2,1946.8,565.2,87.9,11.0,8.2,2.0,459.2,331.9,16.0,8.0,39.0,25.1,22.55,False,4095,0.0,5.7,0.0,EXT-OPEN-METEO-KHI,KARACHI,OPENSOURCE_API_GRID,44,,,,0.95,True,True,TIER2_OPENSOURCE_PURE;CONTINUOUS_MINUTE_STREAM;VERIFIED_MODEL_GRID,45d64d14e5b65fae2a38b84be36cf51b871f4a137c693990ee81ed3d1ec6c22b,2026-09-30T00:43:00+00:00,2026-09-30 05:43:00,85.8,1012.1,103
21.4,31.4,102.2,1946.8,565.2,87.9,11.0,8.2,2.0,459.2,333.8,16.1,8.0,39.0,25.1,22.55,False,4095,0.0,5.3,0.0,EXT-OPEN-METEO-KHI,KARACHI,OPENSOURCE_API_GRID,45,,,,0.95,True,True,TIER2_OPENSOURCE_PURE;CONTINUOUS_MINUTE_STREAM;VERIFIED_MODEL_GRID,ff1d29cdee0518c45a8a917ae82bec20fc409d5e9071ebe8bbbea558966c64e3,2026-09-30T00:44:00+00:00,2026-09-30 05:44:00,85.8,1012.1,103
21.4,31.4,102.2,1946.8,565.2,87.9,11.0,8.2,2.0,459.1,335.5,16.1,8.1,39.0,25.1,22.53,False,4095,0.0,4.9,0.0,EXT-OPEN-METEO-KHI,KARACHI,OPENSOURCE_API_GRID,46,,,,0.95,True,True,TIER2_OPENSOURCE_PURE;CONTINUOUS_MINUTE_STREAM;VERIFIED_MODEL_GRID,2f977e71234c90c9096b3ee9b5b0b1d64013957d189aa2d26f992627828db775,2026-09-30T00:45:00+00:00,2026-09-30 05:45:00,85.7,1012.1,103
21.4,31.4,102.2,1946.8,565.2,87.9,11.0,8.2,2.0,459.1,337.2,16.2,8.1,39.0,25.0,22.46,False,4095,0.0,4.6,0.0,EXT-OPEN-METEO-KHI,KARACHI,OPENSOURCE_API_GRID,47,,,,0.95,True,True,TIER2_OPENSOURCE_PURE;CONTINUOUS_MINUTE_STREAM;VERIFIED_MODEL_GRID,0fac3cae79267fe7be1140f13254d7bdbf07171328138628925d7ae10a79e897,2026-09-30T00:46:00+00:00,2026-09-30 05:46:00,85.8,1012.1,103
21.4,31.4,102.2,1946.8,565.2,87.9,11.0,8.2,2.0,459.1,338.7,16.2,8.1,39.0,25.0,22.46,False,4095,0.0,4.2,0.0,EXT-OPEN-METEO-KHI,KARACHI,OPENSOURCE_API_GRID,48,,,,0.95,True,True,TIER2_OPENSOURCE_PURE;CONTINUOUS_MINUTE_STREAM;VERIFIED_MODEL_GRID,f19e411b39b46f6792c57b75d3a93a9793870ac2233144e93db5ab819117cfd6,2026-09-30T00:47:00+00:00,2026-09-30 05:47:00,85.8,1012.1,103
21.4,31.4,102.2,1946.8,565.2,87.9,11.0,8.2,2.0,459.1,340.2,16.3,8.1,39.0,25.0,22.46,False,4095,0.0,3.9,0.0,EXT-OPEN-METEO-KHI,KARACHI,OPENSOURCE_API_GRID,49,,,,0.95,True,True,TIER2_OPENSOURCE_PURE;CONTINUOUS_MINUTE_STREAM;VERIFIED_MODEL_GRID,e42032739878ef16c8a2c76a527bb380b1bb6de84cd5902ff4063daf34bb5911,2026-09-30T00:48:00+00:00,2026-09-30 05:48:00,85.8,1012.1,103
21.4,31.4,102.2,1946.8,565.2,87.9,11.0,8.2,2.0,459.1,341.6,16.3,8.1,39.0,25.0,22.46,False,4095,0.0,3.6,0.0,EXT-OPEN-METEO-KHI,KARACHI,OPENSOURCE_API_GRID,50,,,,0.95,True,True,TIER2_OPENSOURCE_PURE;CONTINUOUS_MINUTE_STREAM;VERIFIED_MODEL_GRID,196aee07fbf012a4c5283bc19b03c6576135b6418989b0e489d92cf6fafdf5e5,2026-09-30T00:49:00+00:00,2026-09-30 05:49:00,85.8,1012.1,103
21.4,31.4,102.2,1946.8,565.2,87.9,11.0,8.2,2.0,459.1,342.8,16.3,8.1,39.0,25.0,22.46,False,4095,0.0,3.3,0.0,EXT-OPEN-METEO-KHI,KARACHI,OPENSOURCE_API_GRID,51,,,,0.95,True,True,TIER2_OPENSOURCE_PURE;CONTINUOUS_MINUTE_STREAM;VERIFIED_MODEL_GRID,db3fba6735481fefdfb40b9ed74280616df73eb15b504c6dd88652606ef77e80,2026-09-30T00:50:00+00:00,2026-09-30 05:50:00,85.8,1012.1,103
21.4,31.4,102.2,1946.8,565.2,87.9,11.0,8.2,2.0,459.1,344.0,16.4,8.1,39.0,25.0,22.46,False,4095,0.0,3.1,0.0,EXT-OPEN-METEO-KHI,KARACHI,OPENSOURCE_API_GRID,52,,,,0.95,True,True,TIER2_OPENSOURCE_PURE;CONTINUOUS_MINUTE_STREAM;VERIFIED_MODEL_GRID,35378dd4fc297fbed01e5f3705693794c2d8944c7c61f2bcc3bd930455e64ccf,2026-09-30T00:51:00+00:00,2026-09-30 05:51:00,85.8,1012.1,103
21.4,31.4,102.3,1946.8,565.2,87.9,11.0,8.2,2.0,459.0,345.0,16.4,8.2,39.0,25.0,22.46,False,4095,0.0,2.9,0.0,EXT-OPEN-METEO-KHI,KARACHI,OPENSOURCE_API_GRID,53,,,,0.95,True,True,TIER2_OPENSOURCE_PURE;CONTINUOUS_MINUTE_STREAM;VERIFIED_MODEL_GRID,e784f2df82e4686e940dffb2a98ec24b28c259ee8fb2298149aff2283c87a543,2026-09-30T00:52:00+00:00,2026-09-30 05:52:00,85.8,1012.1,103
21.4,31.4,102.3,1946.8,565.2,87.9,11.0,8.2,2.0,459.0,345.9,16.4,8.2,39.0,25.0,22.46,False,4095,0.0,2.7,0.0,EXT-OPEN-METEO-KHI,KARACHI,OPENSOURCE_API_GRID,54,,,,0.95,True,True,TIER2_OPENSOURCE_PURE;CONTINUOUS_MINUTE_STREAM;VERIFIED_MODEL_GRID,664aa05ae672a01bb11bf22f702f821327484dbba92f5c8d6ce62402426212f8,2026-09-30T00:53:00+00:00,2026-09-30 05:53:00,85.8,1012.1,103
21.4,31.5,102.3,1953.0,567.0,88.2,11.0,8.2,2.0,459.0,346.7,16.4,8.2,39.0,25.0,22.47,False,4095,0.0,2.5,0.0,EXT-OPEN-METEO-KHI,KARACHI,OPENSOURCE_API_GRID,55,,,,0.95,True,True,TIER2_OPENSOURCE_PURE;CONTINUOUS_MINUTE_STREAM;VERIFIED_MODEL_GRID,112f0886db5ba5a37c34dffb13d91923068139de5e846eac4f36b25263f103e9,2026-09-30T00:54:00+00:00,2026-09-30 05:54:00,85.9,1012.1,103
21.4,31.5,102.4,1953.0,567.0,88.2,11.0,8.2,2.0,459.0,347.4,16.5,8.2,39.0,25.0,22.47,False,4095,0.0,2.3,0.0,EXT-OPEN-METEO-KHI,KARACHI,OPENSOURCE_API_GRID,56,,,,0.95,True,True,TIER2_OPENSOURCE_PURE;CONTINUOUS_MINUTE_STREAM;VERIFIED_MODEL_GRID,f87766f180b9d83ec52d0189c07ad61d59c9579e8412dac0063db0056af9812c,2026-09-30T00:55:00+00:00,2026-09-30 05:55:00,85.9,1012.1,103
21.4,31.5,102.5,1953.0,567.0,88.2,11.0,8.2,2.0,459.0,348.0,16.5,8.2,39.0,25.0,22.47,False,4095,0.0,2.2,0.0,EXT-OPEN-METEO-KHI,KARACHI,OPENSOURCE_API_GRID,57,,,,0.95,True,True,TIER2_OPENSOURCE_PURE;CONTINUOUS_MINUTE_STREAM;VERIFIED_MODEL_GRID,c675e1386424825226eac44be975e62e797d25a7310825a498f732c15fa42314,2026-09-30T00:56:00+00:00,2026-09-30 05:56:00,85.9,1012.1,103
21.5,31.6,102.5,1959.2,568.8,88.5,11.1,8.2,2.0,459.0,348.4,16.5,8.2,39.0,25.0,22.47,False,4095,0.0,2.1,0.0,EXT-OPEN-METEO-KHI,KARACHI,OPENSOURCE_API_GRID,58,,,,0.95,True,True,TIER2_OPENSOURCE_PURE;CONTINUOUS_MINUTE_STREAM;VERIFIED_MODEL_GRID,aff3bf9e1abaf6e5a09eb41ee64e7803b2f34115765c0cc753302a95ec19744d,2026-09-30T00:57:00+00:00,2026-09-30 05:57:00,85.9,1012.1,103
21.5,31.6,102.6,1959.2,568.8,88.5,11.1,8.2,2.1,459.0,348.7,16.5,8.2,39.0,25.0,22.49,False,4095,0.0,2.1,0.0,EXT-OPEN-METEO-KHI,KARACHI,OPENSOURCE_API_GRID,59,,,,0.95,True,True,TIER2_OPENSOURCE_PURE;CONTINUOUS_MINUTE_STREAM;VERIFIED_MODEL_GRID,f9c3651c015242207aa059a9a03acf7819cc0b686f3ba713641a634749ff1795,2026-09-30T00:58:00+00:00,2026-09-30 05:58:00,86.0,1012.1,103
21.6,31.7,102.7,1965.4,570.6,88.8,11.1,8.2,2.1,459.0,348.9,16.5,8.2,39.0,25.0,22.49,False,4095,0.0,2.0,0.0,EXT-OPEN-METEO-KHI,KARACHI,OPENSOURCE_API_GRID,60,,,,0.95,True,True,TIER2_OPENSOURCE_PURE;CONTINUOUS_MINUTE_STREAM;VERIFIED_MODEL_GRID,735cda3c43e6a78b7cdded5511ff78a622f4ff9d03714da481102f6e727d9653,2026-09-30T00:59:00+00:00,2026-09-30 05:59:00,86.0,1012.1,103
21.6,31.7,102.7,1965.4,570.6,88.8,11.1,8.2,2.1,459.0,349.0,16.5,8.2,39.0,25.0,22.49,False,4095,0.0,2.0,0.0,EXT-OPEN-METEO-KHI,KARACHI,OPENSOURCE_API_GRID,61,,,,0.95,True,False,TIER2_OPENSOURCE_PURE;HOURLY_NODE;VERIFIED_MODEL_GRID,ef3054b8481b1295d8ca889d4d6dde9ee024e405171af101851e3ec01988de4d,2026-09-30T01:00:00+00:00,2026-09-30 06:00:00,86.0,1012.1,103
21.6,31.8,102.8,1971.6,572.4,89.0,11.1,8.2,2.1,459.0,349.1,16.5,8.2,39.0,25.0,22.49,False,4095,0.0,2.0,0.0,EXT-OPEN-METEO-KHI,KARACHI,OPENSOURCE_API_GRID,62,,,,0.95,True,True,TIER2_OPENSOURCE_PURE;CONTINUOUS_MINUTE_STREAM;VERIFIED_MODEL_GRID,5f2006034c72ab1029e6c42a8e7b6615e79a00894f848b226aa42629aef7f8a4,2026-09-30T01:01:00+00:00,2026-09-30 06:01:00,86.0,1012.1,103
21.6,31.7,102.7,1965.4,570.6,88.8,11.1,8.2,2.1,459.0,349.4,16.5,8.2,39.0,25.0,22.53,False,4095,0.0,2.0,0.1,EXT-OPEN-METEO-KHI,KARACHI,OPENSOURCE_API_GRID,63,,,,0.95,True,True,TIER2_OPENSOURCE_PURE;CONTINUOUS_MINUTE_STREAM;VERIFIED_MODEL_GRID,bacc8d643d831f3b2575c03d6f6ce8a173a956bc5b4c7f21df732b12c714992e,2026-09-30T01:02:00+00:00,2026-09-30 06:02:00,86.2,1012.1,103
21.6,31.8,102.8,1971.6,572.4,89.0,11.1,8.2,2.1,459.0,349.8,16.5,8.2,39.0,25.0,22.51,False,4095,0.0,2.0,0.3,EXT-OPEN-METEO-KHI,KARACHI,OPENSOURCE_API_GRID,64,,,,0.95,True,True,TIER2_OPENSOURCE_PURE;CONTINUOUS_MINUTE_STREAM;VERIFIED_MODEL_GRID,cf4c46a6ca7c611e2d94cae760192b00980631dcf52594062a81b12c0b758d07,2026-09-30T01:03:00+00:00,2026-09-30 06:03:00,86.1,1012.1,103
21.6,31.8,102.9,1971.6,572.4,89.0,11.1,8.2,2.1,459.0,350.4,16.5,8.2,39.0,25.0,22.51,False,4095,0.0,2.0,0.6,EXT-OPEN-METEO-KHI,KARACHI,OPENSOURCE_API_GRID,65,,,,0.95,True,True,TIER2_OPENSOURCE_PURE;CONTINUOUS_MINUTE_STREAM;VERIFIED_MODEL_GRID,50a89d8ba34a1077ac4db29fd352b77168e7e142d45856d956d650c170e4e97c,2026-09-30T01:04:00+00:00,2026-09-30 06:04:00,86.1,1012.1,103
21.7,31.9,103.0,1977.8,574.2,89.3,11.2,8.2,2.1,458.9,351.2,16.6,8.2,39.0,25.0,22.51,False,4095,0.0,2.0,0.9,EXT-OPEN-METEO-KHI,KARACHI,OPENSOURCE_API_GRID,66,,,,0.95,True,True,TIER2_OPENSOURCE_PURE;CONTINUOUS_MINUTE_STREAM;VERIFIED_MODEL_GRID,6ceb5e35adba152cfbf6cda42df973b63fe271d9cf6f8d22a86736cb2320b0da,2026-09-30T01:05:00+00:00,2026-09-30 06:05:00,86.1,1012.1,103
21.8,32.0,103.0,1984.0,576.0,89.6,11.2,8.2,2.1,458.9,352.2,16.6,8.2,39.0,25.0,22.51,False,4095,0.0,2.0,1.3,EXT-OPEN-METEO-KHI,KARACHI,OPENSOURCE_API_GRID,67,,,,0.95,True,True,TIER2_OPENSOURCE_PURE;CONTINUOUS_MINUTE_STREAM;VERIFIED_MODEL_GRID,a4d86342554307d992a89fa03ed0b7199f541f7c215dec15b0f596a036188dcb,2026-09-30T01:06:00+00:00,2026-09-30 06:06:00,86.1,1012.1,103
21.8,32.1,103.1,1990.2,577.8,89.9,11.2,8.2,2.1,458.9,353.3,16.6,8.2,39.0,25.0,22.51,False,4095,0.0,2.0,1.7,EXT-OPEN-METEO-KHI,KARACHI,OPENSOURCE_API_GRID,68,,,,0.95,True,True,TIER2_OPENSOURCE_PURE;CONTINUOUS_MINUTE_STREAM;VERIFIED_MODEL_GRID,c103f1645124d8794f6222c1d4d8e082b80a3117f617184660b7b82fb9fdc68e,2026-09-30T01:07:00+00:00,2026-09-30 06:07:00,86.1,1012.1,103
21.8,32.1,103.2,1990.2,577.8,89.9,11.2,8.3,2.1,458.9,354.6,16.6,8.3,39.0,25.1,22.61,False,4095,0.0,2.0,2.2,EXT-OPEN-METEO-KHI,KARACHI,OPENSOURCE_API_GRID,69,,,,0.95,True,True,TIER2_OPENSOURCE_PURE;CONTINUOUS_MINUTE_STREAM;VERIFIED_MODEL_GRID,85ad6584a60ca9316dbdb62dd358b68ade2f839207ed8aae04a474ff18747a4f,2026-09-30T01:08:00+00:00,2026-09-30 06:08:00,86.1,1012.1,103
21.9,32.2,103.2,1996.4,579.6,90.2,11.3,8.3,2.1,458.8,356.0,16.7,8.3,39.0,25.1,22.61,False,4095,0.0,2.1,2.8,EXT-OPEN-METEO-KHI,KARACHI,OPENSOURCE_API_GRID,70,,,,0.95,True,True,TIER2_OPENSOURCE_PURE;CONTINUOUS_MINUTE_STREAM;VERIFIED_MODEL_GRID,927ca72a6236d01eb5826ca2bebfb54e2d4b243c4f78a60c643aa5aaff0b3a80,2026-09-30T01:09:00+00:00,2026-09-30 06:09:00,86.1,1012.1,103
22.0,32.3,103.3,2002.6,581.4,90.4,11.3,8.3,2.1,458.8,357.6,16.7,8.3,39.0,25.1,22.59,False,4095,0.0,2.1,3.4,EXT-OPEN-METEO-KHI,KARACHI,OPENSOURCE_API_GRID,71,,,,0.95,True,True,TIER2_OPENSOURCE_PURE;CONTINUOUS_MINUTE_STREAM;VERIFIED_MODEL_GRID,48fa56031992cef3a92f932d3311c1c3e64265f86122c0ac021dbcecde192e6d,2026-09-30T01:10:00+00:00,2026-09-30 06:10:00,86.0,1012.1,103
22.0,32.3,103.3,2002.6,581.4,90.4,11.3,8.3,2.1,458.8,359.4,16.8,8.3,39.0,25.1,22.59,False,4095,0.0,2.1,4.1,EXT-OPEN-METEO-KHI,KARACHI,OPENSOURCE_API_GRID,72,,,,0.95,True,True,TIER2_OPENSOURCE_PURE;CONTINUOUS_MINUTE_STREAM;VERIFIED_MODEL_GRID,4ddf5780bb5f835bc38cff1ff5c5d74d061c02766d3f67c6e18f0be23c19c868,2026-09-30T01:11:00+00:00,2026-09-30 06:11:00,86.0,1012.1,103
22.0,32.4,103.4,2008.8,583.2,90.7,11.3,8.3,2.1,458.7,361.3,16.8,8.3,39.0,25.1,22.59,False,4095,0.0,2.1,4.9,EXT-OPEN-METEO-KHI,KARACHI,OPENSOURCE_API_GRID,73,,,,0.95,True,True,TIER2_OPENSOURCE_PURE;CONTINUOUS_MINUTE_STREAM;VERIFIED_MODEL_GRID,c878081abe4658bec593d792f28f640e2def1aaa9d4f7ac5a31a1a47dcba952c,2026-09-30T01:12:00+00:00,2026-09-30 06:12:00,86.0,1012.1,103
22.0,32.4,103.4,2008.8,583.2,90.7,11.3,8.3,2.1,458.7,363.4,16.9,8.4,39.0,25.1,22.59,False,4095,0.0,2.1,5.7,EXT-OPEN-METEO-KHI,KARACHI,OPENSOURCE_API_GRID,74,,,,0.95,True,True,TIER2_OPENSOURCE_PURE;CONTINUOUS_MINUTE_STREAM;VERIFIED_MODEL_GRID,b208ab6a97db2edd464fb3e228d47285e67f699eeb1a2be7aea797ec3b3f2c36,2026-09-30T01:13:00+00:00,2026-09-30 06:13:00,86.0,1012.2,103
22.1,32.5,103.4,2015.0,585.0,91.0,11.4,8.3,2.1,458.6,365.6,16.9,8.4,39.0,25.0,22.47,False,4095,0.0,2.1,6.6,EXT-OPEN-METEO-KHI,KARACHI,OPENSOURCE_API_GRID,75,,,,0.95,True,True,TIER2_OPENSOURCE_PURE;CONTINUOUS_MINUTE_STREAM;VERIFIED_MODEL_GRID,2541d6b3759b767783d04cb69953e8fceb29b2db47e5cc404a45c403d1413205,2026-09-30T01:14:00+00:00,2026-09-30 06:14:00,85.9,1012.2,103
22.1,32.5,103.4,2015.0,585.0,91.0,11.4,8.3,2.1,458.6,367.9,17.0,8.4,39.0,25.0,22.47,False,4095,0.0,2.1,7.5,EXT-OPEN-METEO-KHI,KARACHI,OPENSOURCE_API_GRID,76,,,,0.95,True,True,TIER2_OPENSOURCE_PURE;CONTINUOUS_MINUTE_STREAM;VERIFIED_MODEL_GRID,80d4a122b4f8da007af9f97ace519c716613cbb29fd4151b199405e52be78766,2026-09-30T01:15:00+00:00,2026-09-30 06:15:00,85.9,1012.2,103
22.2,32.6,103.4,2021.2,586.8,91.3,11.4,8.3,2.1,458.5,370.3,17.1,8.4,39.0,25.0,22.47,False,4095,0.0,2.2,8.5,EXT-OPEN-METEO-KHI,KARACHI,OPENSOURCE_API_GRID,77,,,,0.95,True,True,TIER2_OPENSOURCE_PURE;CONTINUOUS_MINUTE_STREAM;VERIFIED_MODEL_GRID,558b3666e8052c4dd5974fdd536c40838f85582cbdb44958f31e39e4a0d433e7,2026-09-30T01:16:00+00:00,2026-09-30 06:16:00,85.9,1012.2,103
22.2,32.6,103.5,2021.2,586.8,91.3,11.4,8.3,2.1,458.4,372.9,17.1,8.5,39.0,25.0,22.47,False,4095,0.0,2.2,9.5,EXT-OPEN-METEO-KHI,KARACHI,OPENSOURCE_API_GRID,78,,,,0.95,True,True,TIER2_OPENSOURCE_PURE;CONTINUOUS_MINUTE_STREAM;VERIFIED_MODEL_GRID,3506fabb4269556ecb212a28fa99aadf285d56d5349730b06c95db0c74800fef,2026-09-30T01:17:00+00:00,2026-09-30 06:17:00,85.9,1012.2,103
22.2,32.7,103.5,2027.4,588.6,91.6,11.4,8.3,2.1,458.4,375.6,17.2,8.5,39.0,25.0,22.47,False,4095,0.0,2.2,10.6,EXT-OPEN-METEO-KHI,KARACHI,OPENSOURCE_API_GRID,79,,,,0.95,True,True,TIER2_OPENSOURCE_PURE;CONTINUOUS_MINUTE_STREAM;VERIFIED_MODEL_GRID,459cdac3e0d381a568fa7cbb3943ddb357f7896e88e82b28f10817696a9a8ebc,2026-09-30T01:18:00+00:00,2026-09-30 06:18:00,85.9,1012.2,103
22.3,32.8,103.5,2033.6,590.4,91.8,11.5,8.3,2.1,458.3,378.4,17.3,8.5,39.0,25.0,22.47,False,4095,0.0,2.2,11.7,EXT-OPEN-METEO-KHI,KARACHI,OPENSOURCE_API_GRID,80,,,,0.95,True,True,TIER2_OPENSOURCE_PURE;CONTINUOUS_MINUTE_STREAM;VERIFIED_MODEL_GRID,ee014279847693468f6cbf4b9b2ccb1cdbac4a3df24275edd1a810e0b9d8cd5a,2026-09-30T01:19:00+00:00,2026-09-30 06:19:00,85.9,1012.2,103
22.4,32.9,103.6,2039.8,592.2,92.1,11.5,8.3,2.1,458.2,381.2,17.3,8.5,39.0,25.0,22.47,False,4095,0.0,2.2,12.8,EXT-OPEN-METEO-KHI,KARACHI,OPENSOURCE_API_GRID,81,,,,0.95,True,True,TIER2_OPENSOURCE_PURE;CONTINUOUS_MINUTE_STREAM;VERIFIED_MODEL_GRID,6a32334e62d912366e2bd28e53ae473c0c78d1b56bc7fe315989c415d14a8b09,2026-09-30T01:20:00+00:00,2026-09-30 06:20:00,85.9,1012.2,103
22.4,33.0,103.6,2046.0,594.0,92.4,11.5,8.3,2.1,458.2,384.2,17.4,8.6,39.0,25.0,22.47,False,4095,0.0,2.3,14.0,EXT-OPEN-METEO-KHI,KARACHI,OPENSOURCE_API_GRID,82,,,,0.95,True,True,TIER2_OPENSOURCE_PURE;CONTINUOUS_MINUTE_STREAM;VERIFIED_MODEL_GRID,225fd8b36f7987bca3ef18fc6324efa15b4b986a9770e5c98f5a106641620e25,2026-09-30T01:21:00+00:00,2026-09-30 06:21:00,85.9,1012.2,103
22.5,33.1,103.7,2052.2,595.8,92.7,11.6,8.3,2.1,458.1,387.3,17.5,8.6,39.0,25.0,22.47,False,4095,0.0,2.3,15.2,EXT-OPEN-METEO-KHI,KARACHI,OPENSOURCE_API_GRID,83,,,,0.95,True,True,TIER2_OPENSOURCE_PURE;CONTINUOUS_MINUTE_STREAM;VERIFIED_MODEL_GRID,2c4043bb71046cbe26fc8fade33e2f925ff24f25e1b6da0b7ecea6278a7a103e,2026-09-30T01:22:00+00:00,2026-09-30 06:22:00,85.9,1012.2,103
22.6,33.2,103.8,2058.4,597.6,93.0,11.6,8.3,2.1,458.0,390.4,17.6,8.6,39.0,25.0,22.47,False,4095,0.0,2.3,16.4,EXT-OPEN-METEO-KHI,KARACHI,OPENSOURCE_API_GRID,84,,,,0.95,True,True,TIER2_OPENSOURCE_PURE;CONTINUOUS_MINUTE_STREAM;VERIFIED_MODEL_GRID,a9ce0d16f1a1201b1917b351657595714ed6314e6b4fb130be78bdbcfe625b0d,2026-09-30T01:23:00+00:00,2026-09-30 06:23:00,85.9,1012.2,103
22.6,33.3,103.9,2064.6,599.4,93.2,11.7,8.3,2.1,458.0,393.6,17.7,8.7,39.0,25.0,22.47,False,4095,0.0,2.3,17.7,EXT-OPEN-METEO-KHI,KARACHI,OPENSOURCE_API_GRID,85,,,,0.95,True,True,TIER2_OPENSOURCE_PURE;CONTINUOUS_MINUTE_STREAM;VERIFIED_MODEL_GRID,d9dec96068d1adeb518039f34e906a305e423bbcd0b31c6e74b820e808fd4b23,2026-09-30T01:24:00+00:00,2026-09-30 06:24:00,85.9,1012.2,103
22.8,33.5,104.1,2077.0,603.0,93.8,11.7,8.3,2.1,457.9,396.8,17.8,8.7,39.0,25.0,22.47,False,4095,0.0,2.4,19.0,EXT-OPEN-METEO-KHI,KARACHI,OPENSOURCE_API_GRID,86,,,,0.95,True,True,TIER2_OPENSOURCE_PURE;CONTINUOUS_MINUTE_STREAM;VERIFIED_MODEL_GRID,c1e0f139308664771ded94d1b9eea544383c2f3d76078095e1da249c163f2389,2026-09-30T01:25:00+00:00,2026-09-30 06:25:00,85.9,1012.2,103
22.8,33.6,104.2,2083.2,604.8,94.1,11.8,8.3,2.1,457.8,400.1,17.8,8.8,39.0,25.0,22.47,False,4095,0.0,2.4,20.3,EXT-OPEN-METEO-KHI,KARACHI,OPENSOURCE_API_GRID,87,,,,0.95,True,True,TIER2_OPENSOURCE_PURE;CONTINUOUS_MINUTE_STREAM;VERIFIED_MODEL_GRID,b1f38423b2f169ba8af1702808cc7c1ffaf6f3e88fb734c300bdaa2e696c577c,2026-09-30T01:26:00+00:00,2026-09-30 06:26:00,85.9,1012.2,103
23.0,33.8,104.4,2095.6,608.4,94.6,11.8,8.4,2.1,457.7,403.4,17.9,8.8,39.0,25.0,22.47,False,4095,0.0,2.4,21.6,EXT-OPEN-METEO-KHI,KARACHI,OPENSOURCE_API_GRID,88,,,,0.95,True,True,TIER2_OPENSOURCE_PURE;CONTINUOUS_MINUTE_STREAM;VERIFIED_MODEL_GRID,9d17d4155dffd7f56e33d2962a50c26821330afbbd38cf988dc10ab04ea8ffd9,2026-09-30T01:27:00+00:00,2026-09-30 06:27:00,85.9,1012.2,103
23.1,34.0,104.5,2108.0,612.0,95.2,11.9,8.4,2.1,457.7,406.8,18.0,8.8,39.0,25.0,22.47,False,4095,0.0,2.4,22.9,EXT-OPEN-METEO-KHI,KARACHI,OPENSOURCE_API_GRID,89,,,,0.95,True,True,TIER2_OPENSOURCE_PURE;CONTINUOUS_MINUTE_STREAM;VERIFIED_MODEL_GRID,d82d02a713b0b26733209656a78bbdb2a25dca7f95b826a8d6814d4262f81b97,2026-09-30T01:28:00+00:00,2026-09-30 06:28:00,85.9,1012.2,103
23.3,34.2,104.7,2120.4,615.6,95.8,12.0,8.4,2.1,457.6,410.1,18.1,8.9,39.0,25.0,22.49,False,4095,0.0,2.5,24.3,EXT-OPEN-METEO-KHI,KARACHI,OPENSOURCE_API_GRID,90,,,,0.95,True,True,TIER2_OPENSOURCE_PURE;CONTINUOUS_MINUTE_STREAM;VERIFIED_MODEL_GRID,2b0dbbae1b4f9bcc08408c45d7433e48ac370a98b3fdd8142226e7083ee3e6e7,2026-09-30T01:29:00+00:00,2026-09-30 06:29:00,86.0,1012.2,103
23.3,34.3,104.9,2126.6,617.4,96.0,12.0,8.4,2.1,457.5,413.5,18.2,8.9,39.0,25.0,22.49,False,4095,0.0,2.5,25.6,EXT-OPEN-METEO-KHI,KARACHI,OPENSOURCE_API_GRID,91,,,,0.95,True,True,TIER2_OPENSOURCE_PURE;CONTINUOUS_MINUTE_STREAM;VERIFIED_MODEL_GRID,dfbf4ef971be74a16986fd01a1be9f56e5537c8d1ba371a64577034757ec0b34,2026-09-30T01:30:00+00:00,2026-09-30 06:30:00,86.0,1012.2,103
23.5,34.5,105.1,2139.0,621.0,96.6,12.1,8.4,2.1,457.4,416.9,18.3,8.9,39.0,25.0,22.49,False,4095,0.0,2.5,26.9,EXT-OPEN-METEO-KHI,KARACHI,OPENSOURCE_API_GRID,92,,,,0.95,True,True,TIER2_OPENSOURCE_PURE;CONTINUOUS_MINUTE_STREAM;VERIFIED_MODEL_GRID,bc2f1d66b3a75a181db11694bb56af9dd6e26dddb73450ec24f7e65053332533,2026-09-30T01:31:00+00:00,2026-09-30 06:31:00,86.0,1012.2,103
23.6,34.7,105.2,2151.4,624.6,97.2,12.1,8.4,2.1,457.3,420.2,18.4,9.0,39.0,25.0,22.49,False,4095,0.0,2.6,28.3,EXT-OPEN-METEO-KHI,KARACHI,OPENSOURCE_API_GRID,93,,,,0.95,True,True,TIER2_OPENSOURCE_PURE;CONTINUOUS_MINUTE_STREAM;VERIFIED_MODEL_GRID,a8e1993e5c47bac841315f825cd57b39b19b849e9f7bf1c436cef689936944c1,2026-09-30T01:32:00+00:00,2026-09-30 06:32:00,86.0,1012.3,103
23.7,34.8,105.2,2157.6,626.4,97.4,12.2,8.4,2.1,457.3,423.6,18.5,9.0,39.0,25.1,22.63,False,4095,0.0,2.6,29.6,EXT-OPEN-METEO-KHI,KARACHI,OPENSOURCE_API_GRID,94,,,,0.95,True,True,TIER2_OPENSOURCE_PURE;CONTINUOUS_MINUTE_STREAM;VERIFIED_MODEL_GRID,1009503458c92e3be3e31863f5113b9ab08547b6146bdbf8cb2406d075796718,2026-09-30T01:33:00+00:00,2026-09-30 06:33:00,86.2,1012.3,103
23.7,34.9,105.4,2163.8,628.2,97.7,12.2,8.4,2.1,457.2,426.9,18.6,9.0,39.0,25.1,22.61,False,4095,0.0,2.6,30.9,EXT-OPEN-METEO-KHI,KARACHI,OPENSOURCE_API_GRID,95,,,,0.95,True,True,TIER2_OPENSOURCE_PURE;CONTINUOUS_MINUTE_STREAM;VERIFIED_MODEL_GRID,c6cd9c9bccec6596f789b754f363a5e663e3d4a66ab57dac4daa3566d0e413bc,2026-09-30T01:34:00+00:00,2026-09-30 06:34:00,86.1,1012.3,103
23.9,35.1,105.6,2176.2,631.8,98.3,12.3,8.4,2.1,457.1,430.2,18.6,9.1,39.0,25.1,22.61,False,4095,0.0,2.6,32.2,EXT-OPEN-METEO-KHI,KARACHI,OPENSOURCE_API_GRID,96,,,,0.95,True,True,TIER2_OPENSOURCE_PURE;CONTINUOUS_MINUTE_STREAM;VERIFIED_MODEL_GRID,12ba98da1c35095f69bcbfaac3685bf83a4448c9c7d6142471a880ac44916770,2026-09-30T01:35:00+00:00,2026-09-30 06:35:00,86.1,1012.3,103
24.0,35.3,105.8,2188.6,635.4,98.8,12.4,8.5,2.1,457.0,433.4,18.7,9.1,39.0,25.1,22.61,False,4095,0.0,2.7,33.5,EXT-OPEN-METEO-KHI,KARACHI,OPENSOURCE_API_GRID,97,,,,0.95,True,True,TIER2_OPENSOURCE_PURE;CONTINUOUS_MINUTE_STREAM;VERIFIED_MODEL_GRID,0148860a5dcd5ca3cf08d53db7133ded7d4b0002989fa7ed2a8c33748d4a78b4,2026-09-30T01:36:00+00:00,2026-09-30 06:36:00,86.1,1012.3,103
24.1,35.5,105.9,2201.0,639.0,99.4,12.4,8.5,2.1,457.0,436.6,18.8,9.2,39.0,25.1,22.61,False,4095,0.0,2.7,34.8,EXT-OPEN-METEO-KHI,KARACHI,OPENSOURCE_API_GRID,98,,,,0.95,True,True,TIER2_OPENSOURCE_PURE;CONTINUOUS_MINUTE_STREAM;VERIFIED_MODEL_GRID,1b142d7aa44a88bee455b8fe9df14e430200f3ed7868c26d6ed1f73d91555476,2026-09-30T01:37:00+00:00,2026-09-30 06:37:00,86.1,1012.3,103
24.2,35.6,106.1,2207.2,640.8,99.7,12.5,8.5,2.1,456.9,439.7,18.9,9.2,39.0,25.1,22.61,False,4095,0.0,2.7,36.0,EXT-OPEN-METEO-KHI,KARACHI,OPENSOURCE_API_GRID,99,,,,0.95,True,True,TIER2_OPENSOURCE_PURE;CONTINUOUS_MINUTE_STREAM;VERIFIED_MODEL_GRID,e65faeab43179321429deb4d9c913ee820978a9251c44cfa2512ad7274293f27,2026-09-30T01:38:00+00:00,2026-09-30 06:38:00,86.1,1012.3,103
24.3,35.7,106.2,2213.4,642.6,100.0,12.5,8.5,2.1,456.8,442.8,19.0,9.2,39.0,25.1,22.61,False,4095,0.0,2.7,37.2,EXT-OPEN-METEO-KHI,KARACHI,OPENSOURCE_API_GRID,100,,,,0.95,True,True,TIER2_OPENSOURCE_PURE;CONTINUOUS_MINUTE_STREAM;VERIFIED_MODEL_GRID,a3e22049e46faf468dcbeefc4aa9c25cc26f027216e085ee36293bbae761d4a0,2026-09-30T01:39:00+00:00,2026-09-30 06:39:00,86.1,1012.3,103
24.4,35.9,106.3,2225.8,646.2,100.5,12.6,8.5,2.1,456.8,445.8,19.0,9.2,39.0,25.1,22.61,False,4095,0.0,2.8,38.4,EXT-OPEN-METEO-KHI,KARACHI,OPENSOURCE_API_GRID,101,,,,0.95,True,True,TIER2_OPENSOURCE_PURE;CONTINUOUS_MINUTE_STREAM;VERIFIED_MODEL_GRID,d9d1e489d74a1d93de3830606d4ba8545a6aaeff8ec50733db4ddb13052f4c55,2026-09-30T01:40:00+00:00,2026-09-30 06:40:00,86.1,1012.3,103
24.5,36.0,106.4,2232.0,648.0,100.8,12.6,8.5,2.1,456.7,448.6,19.1,9.3,39.0,25.1,22.59,False,4095,0.0,2.8,39.5,EXT-OPEN-METEO-KHI,KARACHI,OPENSOURCE_API_GRID,102,,,,0.95,True,True,TIER2_OPENSOURCE_PURE;CONTINUOUS_MINUTE_STREAM;VERIFIED_MODEL_GRID,5c4165c42959d87eaedc605352e5e39505fd3f76d1283a10b2ad6c40fb852c50,2026-09-30T01:41:00+00:00,2026-09-30 06:41:00,86.0,1012.3,103
24.5,36.1,106.5,2238.2,649.8,101.1,12.6,8.5,2.1,456.6,451.4,19.2,9.3,39.0,25.1,22.59,False,4095,0.0,2.8,40.6,EXT-OPEN-METEO-KHI,KARACHI,OPENSOURCE_API_GRID,103,,,,0.95,True,True,TIER2_OPENSOURCE_PURE;CONTINUOUS_MINUTE_STREAM;VERIFIED_MODEL_GRID,c0faaaa6592a71d4b25792952130a12d4d8b423539fbeeba60e5a95a44f19364,2026-09-30T01:42:00+00:00,2026-09-30 06:42:00,86.0,1012.4,103
24.6,36.2,106.5,2244.4,651.6,101.4,12.7,8.5,2.1,456.6,454.1,19.3,9.3,39.0,25.1,22.59,False,4095,0.0,2.8,41.7,EXT-OPEN-METEO-KHI,KARACHI,OPENSOURCE_API_GRID,104,,,,0.95,True,True,TIER2_OPENSOURCE_PURE;CONTINUOUS_MINUTE_STREAM;VERIFIED_MODEL_GRID,78311f5dd4d139f84385da6b146f0cef588a52fa84c1d24e7507d2c4fd5da21c,2026-09-30T01:43:00+00:00,2026-09-30 06:43:00,86.0,1012.4,103
24.7,36.3,106.6,2250.6,653.4,101.6,12.7,8.5,2.1,456.5,456.7,19.3,9.4,39.0,25.1,22.59,False,4095,0.0,2.8,42.7,EXT-OPEN-METEO-KHI,KARACHI,OPENSOURCE_API_GRID,105,,,,0.95,True,True,TIER2_OPENSOURCE_PURE;CONTINUOUS_MINUTE_STREAM;VERIFIED_MODEL_GRID,a58b7676989fae7ee6ca4935e7b907b7a35728f3afd81e068bbdfeca799b9f83,2026-09-30T01:44:00+00:00,2026-09-30 06:44:00,86.0,1012.4,103
24.7,36.3,106.6,2250.6,653.4,101.6,12.7,8.5,2.1,456.4,459.1,19.4,9.4,39.0,25.1,22.57,False,4095,0.0,2.9,43.7,EXT-OPEN-METEO-KHI,KARACHI,OPENSOURCE_API_GRID,106,,,,0.95,True,True,TIER2_OPENSOURCE_PURE;CONTINUOUS_MINUTE_STREAM;VERIFIED_MODEL_GRID,584eccbe216733df9a9b762d770204c96ba206ae32123c8897bd0fa461966bc4,2026-09-30T01:45:00+00:00,2026-09-30 06:45:00,85.9,1012.4,103
24.8,36.4,106.6,2256.8,655.2,101.9,12.7,8.5,2.1,456.4,461.4,19.5,9.4,39.0,25.1,22.57,False,4095,0.0,2.9,44.6,EXT-OPEN-METEO-KHI,KARACHI,OPENSOURCE_API_GRID,107,,,,0.95,True,True,TIER2_OPENSOURCE_PURE;CONTINUOUS_MINUTE_STREAM;VERIFIED_MODEL_GRID,5b7e1da033f4e89bc66b95170e417431fef4794335ba6274ebc5c4734bae35c4,2026-09-30T01:46:00+00:00,2026-09-30 06:46:00,85.9,1012.4,103
24.8,36.4,106.6,2256.8,655.2,101.9,12.7,8.5,2.1,456.3,463.6,19.5,9.4,39.0,25.1,22.57,False,4095,0.0,2.9,45.5,EXT-OPEN-METEO-KHI,KARACHI,OPENSOURCE_API_GRID,108,,,,0.95,True,True,TIER2_OPENSOURCE_PURE;CONTINUOUS_MINUTE_STREAM;VERIFIED_MODEL_GRID,83d8ffd8a83dc6ff2d0aa06ccc31174b84c36dae3abb4715aef37d4ab80cc1d2,2026-09-30T01:47:00+00:00,2026-09-30 06:47:00,85.9,1012.4,103
24.8,36.5,106.6,2263.0,657.0,102.2,12.8,8.5,2.1,456.3,465.7,19.6,9.5,39.0,25.1,22.57,False,4095,0.0,2.9,46.3,EXT-OPEN-METEO-KHI,KARACHI,OPENSOURCE_API_GRID,109,,,,0.95,True,True,TIER2_OPENSOURCE_PURE;CONTINUOUS_MINUTE_STREAM;VERIFIED_MODEL_GRID,66e9616b9d7128c39eaf8dbe6042b4adbb148b94787de2b9410a9f3e6e995493,2026-09-30T01:48:00+00:00,2026-09-30 06:48:00,85.9,1012.4,103
24.8,36.5,106.6,2263.0,657.0,102.2,12.8,8.5,2.1,456.2,467.6,19.6,9.5,39.0,25.1,22.57,False,4095,0.0,2.9,47.1,EXT-OPEN-METEO-KHI,KARACHI,OPENSOURCE_API_GRID,110,,,,0.95,True,True,TIER2_OPENSOURCE_PURE;CONTINUOUS_MINUTE_STREAM;VERIFIED_MODEL_GRID,34671a6a6e4f1140bb7a0589790577494f94f2880fc9664c38fbbca8d12e92a8,2026-09-30T01:49:00+00:00,2026-09-30 06:49:00,85.9,1012.4,103
24.8,36.5,106.6,2263.0,657.0,102.2,12.8,8.5,2.1,456.2,469.4,19.7,9.5,39.0,25.1,22.57,False,4095,0.0,2.9,47.8,EXT-OPEN-METEO-KHI,KARACHI,OPENSOURCE_API_GRID,111,,,,0.95,True,True,TIER2_OPENSOURCE_PURE;CONTINUOUS_MINUTE_STREAM;VERIFIED_MODEL_GRID,424de36dde4e344c7a474729ad7f3e6ed9fd643f6eecd597e06f56e5e9c6be52,2026-09-30T01:50:00+00:00,2026-09-30 06:50:00,85.9,1012.4,103
24.9,36.6,106.6,2269.2,658.8,102.5,12.8,8.5,2.1,456.2,471.0,19.7,9.5,39.0,25.1,22.57,False,4095,0.0,2.9,48.4,EXT-OPEN-METEO-KHI,KARACHI,OPENSOURCE_API_GRID,112,,,,0.95,True,True,TIER2_OPENSOURCE_PURE;CONTINUOUS_MINUTE_STREAM;VERIFIED_MODEL_GRID,b71151f3cf50a5ab84ab11b92e31787cc2cbd12578f319692e98e203ef9f15de,2026-09-30T01:51:00+00:00,2026-09-30 06:51:00,85.9,1012.4,103
24.9,36.6,106.6,2269.2,658.8,102.5,12.8,8.5,2.1,456.1,472.4,19.8,9.5,39.0,25.1,22.57,False,4095,0.0,3.0,49.0,EXT-OPEN-METEO-KHI,KARACHI,OPENSOURCE_API_GRID,113,,,,0.95,True,True,TIER2_OPENSOURCE_PURE;CONTINUOUS_MINUTE_STREAM;VERIFIED_MODEL_GRID,bf144fcdd399a562ec5bb8fdefbce0570f5b24657117e3bb825cdaa172927401,2026-09-30T01:52:00+00:00,2026-09-30 06:52:00,85.9,1012.4,103
24.9,36.6,106.7,2269.2,658.8,102.5,12.8,8.5,2.1,456.1,473.7,19.8,9.6,39.0,25.1,22.57,False,4095,0.0,3.0,49.5,EXT-OPEN-METEO-KHI,KARACHI,OPENSOURCE_API_GRID,114,,,,0.95,True,True,TIER2_OPENSOURCE_PURE;CONTINUOUS_MINUTE_STREAM;VERIFIED_MODEL_GRID,172fccc92fc4f6dae395c3659cb94fe2327085d2dfa07e6bc5c7a54dffcb459e,2026-09-30T01:53:00+00:00,2026-09-30 06:53:00,85.9,1012.4,103
25.0,36.7,106.7,2275.4,660.6,102.8,12.8,8.5,2.1,456.1,474.8,19.8,9.6,39.0,25.1,22.57,False,4095,0.0,3.0,49.9,EXT-OPEN-METEO-KHI,KARACHI,OPENSOURCE_API_GRID,115,,,,0.95,True,True,TIER2_OPENSOURCE_PURE;CONTINUOUS_MINUTE_STREAM;VERIFIED_MODEL_GRID,9664de46b513b3f191e336f726eec7abd35e0952f632701fc7fd314a62897429,2026-09-30T01:54:00+00:00,2026-09-30 06:54:00,85.9,1012.4,103
25.0,36.7,106.7,2275.4,660.6,102.8,12.8,8.5,2.1,456.1,475.8,19.8,9.6,39.0,25.1,22.57,False,4095,0.0,3.0,50.3,EXT-OPEN-METEO-KHI,KARACHI,OPENSOURCE_API_GRID,116,,,,0.95,True,True,TIER2_OPENSOURCE_PURE;CONTINUOUS_MINUTE_STREAM;VERIFIED_MODEL_GRID,7bf0e0dc54b42afd2547b3b938631ac387a519c3ca97f0f1be4da26ea0111ea1,2026-09-30T01:55:00+00:00,2026-09-30 06:55:00,85.9,1012.4,103
25.0,36.8,106.8,2281.6,662.4,103.0,12.9,8.5,2.1,456.0,476.6,19.9,9.6,39.0,25.0,22.47,False,4095,0.0,3.0,50.6,EXT-OPEN-METEO-KHI,KARACHI,OPENSOURCE_API_GRID,117,,,,0.95,True,True,TIER2_OPENSOURCE_PURE;CONTINUOUS_MINUTE_STREAM;VERIFIED_MODEL_GRID,8c91893a2407f33b819bc68301ba8214acd3d6ada15a63ca2a79426723da6df8,2026-09-30T01:56:00+00:00,2026-09-30 06:56:00,85.9,1012.4,103
25.0,36.8,106.8,2281.6,662.4,103.0,12.9,8.5,2.1,456.0,477.2,19.9,9.6,39.0,25.0,22.47,False,4095,0.0,3.0,50.9,EXT-OPEN-METEO-KHI,KARACHI,OPENSOURCE_API_GRID,118,,,,0.95,True,True,TIER2_OPENSOURCE_PURE;CONTINUOUS_MINUTE_STREAM;VERIFIED_MODEL_GRID,e2bfeef28eec4cba9f10a7df1a0fe33ada576ebdd33811ff87fe32a956a99abe,2026-09-30T01:57:00+00:00,2026-09-30 06:57:00,85.9,1012.4,103
25.1,36.9,106.9,2287.8,664.2,103.3,12.9,8.6,2.1,456.0,477.6,19.9,9.6,39.0,25.1,22.57,False,4095,0.0,3.0,51.1,EXT-OPEN-METEO-KHI,KARACHI,OPENSOURCE_API_GRID,119,,,,0.95,True,True,TIER2_OPENSOURCE_PURE;CONTINUOUS_MINUTE_STREAM;VERIFIED_MODEL_GRID,00338f1e7e2f9f787ec7a8e1c718f0b42552b541cce09d8c1e3af0f7e8b2fa79,2026-09-30T01:58:00+00:00,2026-09-30 06:58:00,85.9,1012.4,103
25.1,36.9,107.0,2287.8,664.2,103.3,12.9,8.6,2.1,456.0,477.9,19.9,9.6,39.0,25.1,22.57,False,4095,0.0,3.0,51.2,EXT-OPEN-METEO-KHI,KARACHI,OPENSOURCE_API_GRID,120,,,,0.95,True,True,TIER2_OPENSOURCE_PURE;CONTINUOUS_MINUTE_STREAM;VERIFIED_MODEL_GRID,992ddae8a6d5eb89dc7157c234723011b2350657efce3debf8e44353ef21ab84,2026-09-30T01:59:00+00:00,2026-09-30 06:59:00,85.9,1012.4,103
25.1,36.9,107.0,2287.8,664.2,103.3,12.9,8.6,2.1,456.0,478.0,19.9,9.6,39.0,25.1,22.59,False,4095,0.0,3.0,51.2,EXT-OPEN-METEO-KHI,KARACHI,OPENSOURCE_API_GRID,121,,,,0.95,True,False,TIER2_OPENSOURCE_PURE;HOURLY_NODE;VERIFIED_MODEL_GRID,2a07260323832537ae01fd22d98264c9278a7200a5e5f8698b0d2d4a5ed2a700,2026-09-30T02:00:00+00:00,2026-09-30 07:00:00,86.0,1012.4,103
25.2,37.0,107.1,2294.0,666.0,103.6,12.9,8.6,2.1,456.0,478.0,19.9,9.6,39.0,25.1,22.59,False,4095,0.0,3.0,51.3,EXT-OPEN-METEO-KHI,KARACHI,OPENSOURCE_API_GRID,122,,,,0.95,True,True,TIER2_OPENSOURCE_PURE;CONTINUOUS_MINUTE_STREAM;VERIFIED_MODEL_GRID,cf6e0c6f3c1f15529bfdefee3709120685e86b28b9dcce1b16c748043d02ab00,2026-09-30T02:01:00+00:00,2026-09-30 07:01:00,86.0,1012.4,103
25.2,37.0,107.3,2294.0,666.0,103.6,12.9,8.6,2.1,456.0,478.2,19.9,9.6,39.0,25.1,22.59,False,4095,0.0,3.0,51.7,EXT-OPEN-METEO-KHI,KARACHI,OPENSOURCE_API_GRID,123,,,,0.95,True,True,TIER2_OPENSOURCE_PURE;CONTINUOUS_MINUTE_STREAM;VERIFIED_MODEL_GRID,62e62b35d4c6a0a19414d73eab93741dc95546fb86d671cea38c58037f0bb180,2026-09-30T02:02:00+00:00,2026-09-30 07:02:00,86.0,1012.4,103
25.2,37.1,107.5,2300.2,667.8,103.9,13.0,8.6,2.1,456.0,478.4,19.9,9.6,39.0,25.1,22.59,False,4095,0.0,3.0,52.2,EXT-OPEN-METEO-KHI,KARACHI,OPENSOURCE_API_GRID,124,,,,0.95,True,True,TIER2_OPENSOURCE_PURE;CONTINUOUS_MINUTE_STREAM;VERIFIED_MODEL_GRID,8cdcc7b0235775835e6b5ef298a2f47a1bac3ef24d75fa784e472388c093eab1,2026-09-30T02:03:00+00:00,2026-09-30 07:03:00,86.0,1012.4,103
25.2,37.0,107.6,2294.0,666.0,103.6,12.9,8.6,2.2,456.0,478.7,19.9,9.6,39.1,25.1,22.61,False,4095,0.0,3.0,53.0,EXT-OPEN-METEO-KHI,KARACHI,OPENSOURCE_API_GRID,125,,,,0.95,True,True,TIER2_OPENSOURCE_PURE;CONTINUOUS_MINUTE_STREAM;VERIFIED_MODEL_GRID,1238acfde034d5440f27e6e061bd121d302dcdd470d5a404307dd3a34ee2c85e,2026-09-30T02:04:00+00:00,2026-09-30 07:04:00,86.1,1012.4,103
25.2,37.1,108.0,2300.2,667.8,103.9,13.0,8.6,2.2,455.9,479.1,19.9,9.6,39.1,25.1,22.59,False,4095,0.0,3.0,54.0,EXT-OPEN-METEO-KHI,KARACHI,OPENSOURCE_API_GRID,126,,,,0.95,True,True,TIER2_OPENSOURCE_PURE;CONTINUOUS_MINUTE_STREAM;VERIFIED_MODEL_GRID,fce0e6413df0ad830dcc28b9358027487397dc9d1d02e9ec1cb59f3bf352df3c,2026-09-30T02:05:00+00:00,2026-09-30 07:05:00,86.0,1012.4,103
25.3,37.2,108.4,2306.4,669.6,104.2,13.0,8.7,2.2,455.9,479.5,19.9,9.6,39.1,25.2,22.67,False,4095,0.0,3.0,55.3,EXT-OPEN-METEO-KHI,KARACHI,OPENSOURCE_API_GRID,127,,,,0.95,True,True,TIER2_OPENSOURCE_PURE;CONTINUOUS_MINUTE_STREAM;VERIFIED_MODEL_GRID,6f86a2aa589c1eafc64e953b8eb77342de22e6e0d0e3b8c69ae51333fa083a67,2026-09-30T02:06:00+00:00,2026-09-30 07:06:00,85.9,1012.4,103
25.3,37.2,108.9,2306.4,669.6,104.2,13.0,8.7,2.2,455.9,480.1,19.9,9.6,39.2,25.2,22.65,False,4095,0.0,3.0,56.7,EXT-OPEN-METEO-KHI,KARACHI,OPENSOURCE_API_GRID,128,,,,0.95,True,True,TIER2_OPENSOURCE_PURE;CONTINUOUS_MINUTE_STREAM;VERIFIED_MODEL_GRID,b519429c4ae53ea6b2bbc3cde0d3326e83a7d364fa01fdded0d21a92fb126e11,2026-09-30T02:07:00+00:00,2026-09-30 07:07:00,85.8,1012.4,103
25.4,37.3,109.4,2312.6,671.4,104.4,13.1,8.8,2.2,455.9,480.7,19.9,9.6,39.2,25.2,22.63,False,4095,0.0,3.0,58.4,EXT-OPEN-METEO-KHI,KARACHI,OPENSOURCE_API_GRID,129,,,,0.95,True,True,TIER2_OPENSOURCE_PURE;CONTINUOUS_MINUTE_STREAM;VERIFIED_MODEL_GRID,3e0533b9c538b214460dc21955936ac3c4d77df1db1231f06704049f760641e5,2026-09-30T02:08:00+00:00,2026-09-30 07:08:00,85.7,1012.4,103
25.4,37.4,110.0,2318.8,673.2,104.7,13.1,8.8,2.2,455.8,481.4,19.9,9.6,39.3,25.2,22.61,False,4095,0.0,3.1,60.3,EXT-OPEN-METEO-KHI,KARACHI,OPENSOURCE_API_GRID,130,,,,0.95,True,True,TIER2_OPENSOURCE_PURE;CONTINUOUS_MINUTE_STREAM;VERIFIED_MODEL_GRID,a9d44e867e33bdc8528c0a358cc6734c03c0fbcee8899fb81ae047c28f58bc3f,2026-09-30T02:09:00+00:00,2026-09-30 07:09:00,85.6,1012.4,103
25.4,37.4,110.7,2318.8,673.2,104.7,13.1,8.9,2.2,455.8,482.2,20.0,9.7,39.3,25.2,22.59,False,4095,0.0,3.1,62.3,EXT-OPEN-METEO-KHI,KARACHI,OPENSOURCE_API_GRID,131,,,,0.95,True,True,TIER2_OPENSOURCE_PURE;CONTINUOUS_MINUTE_STREAM;VERIFIED_MODEL_GRID,6320aad1dc66fbcba55287ca63b5db498e7390b192921a2331439c89244fe6b6,2026-09-30T02:10:00+00:00,2026-09-30 07:10:00,85.5,1012.5,103
25.5,37.5,111.3,2325.0,675.0,105.0,13.1,8.9,2.2,455.8,483.0,20.0,9.7,39.4,25.3,22.65,False,4095,0.0,3.1,64.6,EXT-OPEN-METEO-KHI,KARACHI,OPENSOURCE_API_GRID,132,,,,0.95,True,True,TIER2_OPENSOURCE_PURE;CONTINUOUS_MINUTE_STREAM;VERIFIED_MODEL_GRID,3c4625b0a4de99e2ec81f7d3d8d6cfe9a4ccd0e881f668f5361dae4b46fdb92b,2026-09-30T02:11:00+00:00,2026-09-30 07:11:00,85.3,1012.5,103
25.5,37.5,112.1,2325.0,675.0,105.0,13.1,9.0,2.2,455.7,483.9,20.0,9.7,39.5,25.3,22.63,False,4095,0.0,3.1,67.1,EXT-OPEN-METEO-KHI,KARACHI,OPENSOURCE_API_GRID,133,,,,0.95,True,True,TIER2_OPENSOURCE_PURE;CONTINUOUS_MINUTE_STREAM;VERIFIED_MODEL_GRID,e3c6c79b5f06ace150c78b5b1714dd1115c97e473148ad08a67c4b5ce57c04ad,2026-09-30T02:12:00+00:00,2026-09-30 07:12:00,85.2,1012.5,103
25.6,37.6,112.8,2331.2,676.8,105.3,13.2,9.0,2.3,455.7,484.9,20.0,9.7,39.6,25.3,22.6,False,4095,0.0,3.1,69.7,EXT-OPEN-METEO-KHI,KARACHI,OPENSOURCE_API_GRID,134,,,,0.95,True,True,TIER2_OPENSOURCE_PURE;CONTINUOUS_MINUTE_STREAM;VERIFIED_MODEL_GRID,a08b86d186c3fac8a0a0cb33b31272c00f58c95f05eb7422e9b01dc1e340b263,2026-09-30T02:13:00+00:00,2026-09-30 07:13:00,85.0,1012.5,103
25.6,37.6,113.6,2331.2,676.8,105.3,13.2,9.1,2.3,455.6,486.0,20.0,9.7,39.6,25.3,22.56,False,4095,0.0,3.1,72.5,EXT-OPEN-METEO-KHI,KARACHI,OPENSOURCE_API_GRID,135,,,,0.95,True,True,TIER2_OPENSOURCE_PURE;CONTINUOUS_MINUTE_STREAM;VERIFIED_MODEL_GRID,1a1aabaaacfaaae5057270d2cb4299f9f3f4acd15f075276f35aadc22fef20a9,2026-09-30T02:14:00+00:00,2026-09-30 07:14:00,84.8,1012.5,103
25.6,37.7,114.5,2337.4,678.6,105.6,13.2,9.2,2.3,455.6,487.1,20.0,9.7,39.7,25.4,22.62,False,4095,0.0,3.1,75.5,EXT-OPEN-METEO-KHI,KARACHI,OPENSOURCE_API_GRID,136,,,,0.95,True,True,TIER2_OPENSOURCE_PURE;CONTINUOUS_MINUTE_STREAM;VERIFIED_MODEL_GRID,2a12e7469575083ad2c6c7e9f3c5ae49436bdf9e0e9be4b91e43234e12e14645,2026-09-30T02:15:00+00:00,2026-09-30 07:15:00,84.6,1012.5,103
25.6,37.7,115.3,2337.4,678.6,105.6,13.2,9.2,2.3,455.5,488.3,20.0,9.7,39.8,25.4,22.58,False,4095,0.0,3.2,78.7,EXT-OPEN-METEO-KHI,KARACHI,OPENSOURCE_API_GRID,137,,,,0.95,True,True,TIER2_OPENSOURCE_PURE;CONTINUOUS_MINUTE_STREAM;VERIFIED_MODEL_GRID,5c376fde3405587bf71c02e201d4161a043e2ea3ce0369d6e49e1e65dffe3067,2026-09-30T02:16:00+00:00,2026-09-30 07:16:00,84.4,1012.5,103
25.6,37.7,116.2,2337.4,678.6,105.6,13.2,9.3,2.3,455.4,489.5,20.1,9.7,39.9,25.4,22.54,False,4095,0.0,3.2,82.0,EXT-OPEN-METEO-KHI,KARACHI,OPENSOURCE_API_GRID,138,,,,0.95,True,True,TIER2_OPENSOURCE_PURE;CONTINUOUS_MINUTE_STREAM;VERIFIED_MODEL_GRID,d0d12a0265a08d16f974bed2954bc4778a4513671a54c3cbeaef2a7d5ca8ee67,2026-09-30T02:17:00+00:00,2026-09-30 07:17:00,84.2,1012.5,103
25.6,37.7,117.2,2337.4,678.6,105.6,13.2,9.4,2.3,455.4,490.8,20.1,9.8,40.0,25.4,22.5,False,4095,0.0,3.2,85.4,EXT-OPEN-METEO-KHI,KARACHI,OPENSOURCE_API_GRID,139,,,,0.95,True,True,TIER2_OPENSOURCE_PURE;CONTINUOUS_MINUTE_STREAM;VERIFIED_MODEL_GRID,3b4c42b82eabbeb86bc8f167776bc3b78709c8359132c35998da83a880c48bdd,2026-09-30T02:18:00+00:00,2026-09-30 07:18:00,84.0,1012.6,103
25.7,37.8,118.2,2343.6,680.4,105.8,13.2,9.5,2.4,455.3,492.1,20.1,9.8,40.1,25.4,22.46,False,4095,0.0,3.2,89.0,EXT-OPEN-METEO-KHI,KARACHI,OPENSOURCE_API_GRID,140,,,,0.95,True,True,TIER2_OPENSOURCE_PURE;CONTINUOUS_MINUTE_STREAM;VERIFIED_MODEL_GRID,feff358c51088f16af9f27f05a0497a3af3e8f9190a5881c6fd4afa6989661b3,2026-09-30T02:19:00+00:00,2026-09-30 07:19:00,83.8,1012.6,103
25.7,37.8,119.2,2343.6,680.4,105.8,13.2,9.5,2.4,455.2,493.5,20.1,9.8,40.2,25.5,22.52,False,4095,0.0,3.2,92.7,EXT-OPEN-METEO-KHI,KARACHI,OPENSOURCE_API_GRID,141,,,,0.95,True,True,TIER2_OPENSOURCE_PURE;CONTINUOUS_MINUTE_STREAM;VERIFIED_MODEL_GRID,3387d1d2c462393c925a75e8df34f1e46485dfde55203a547b3f58435a41b32a,2026-09-30T02:20:00+00:00,2026-09-30 07:20:00,83.6,1012.6,103
25.8,37.9,120.3,2349.8,682.2,106.1,13.3,9.6,2.4,455.2,494.9,20.1,9.8,40.4,25.5,22.48,False,4095,0.0,3.3,96.5,EXT-OPEN-METEO-KHI,KARACHI,OPENSOURCE_API_GRID,142,,,,0.95,True,True,TIER2_OPENSOURCE_PURE;CONTINUOUS_MINUTE_STREAM;VERIFIED_MODEL_GRID,e3633449f98b5f238a461e8629a2fb25f93b7b93d8365fb29898b30ac8190672,2026-09-30T02:21:00+00:00,2026-09-30 07:21:00,83.4,1012.6,103
25.8,37.9,121.4,2349.8,682.2,106.1,13.3,9.7,2.4,455.1,496.4,20.2,9.8,40.5,25.5,22.44,False,4095,0.0,3.3,100.5,EXT-OPEN-METEO-KHI,KARACHI,OPENSOURCE_API_GRID,143,,,,0.95,True,True,TIER2_OPENSOURCE_PURE;CONTINUOUS_MINUTE_STREAM;VERIFIED_MODEL_GRID,81259af9fee31ebc6f73b97f445a647db5e54eb0029af5ee8c9815fc7e2329ad,2026-09-30T02:22:00+00:00,2026-09-30 07:22:00,83.2,1012.6,103
25.8,38.0,122.5,2356.0,684.0,106.4,13.3,9.8,2.5,455.0,497.9,20.2,9.9,40.6,25.6,22.5,False,4095,0.0,3.3,104.5,EXT-OPEN-METEO-KHI,KARACHI,OPENSOURCE_API_GRID,144,,,,0.95,True,True,TIER2_OPENSOURCE_PURE;CONTINUOUS_MINUTE_STREAM;VERIFIED_MODEL_GRID,fffd61570612a0eb6e0f3ea2a3888bdb978a4a7f64ce9f652d4fb9b7d21b1e00,2026-09-30T02:23:00+00:00,2026-09-30 07:23:00,83.0,1012.6,103
25.9,38.1,123.7,2362.2,685.8,106.7,13.3,9.9,2.5,455.0,499.4,20.2,9.9,40.7,25.6,22.44,False,4095,0.0,3.3,108.6,EXT-OPEN-METEO-KHI,KARACHI,OPENSOURCE_API_GRID,145,,,,0.95,True,True,TIER2_OPENSOURCE_PURE;CONTINUOUS_MINUTE_STREAM;VERIFIED_MODEL_GRID,ea114efeaec4e38d6e41db69a17cf29bfc6955c642de6691c71d270edb503752,2026-09-30T02:24:00+00:00,2026-09-30 07:24:00,82.7,1012.7,103
25.9,38.1,124.9,2362.2,685.8,106.7,13.3,10.0,2.5,454.9,501.0,20.2,9.9,40.9,25.6,22.4,False,4095,0.0,3.4,112.8,EXT-OPEN-METEO-KHI,KARACHI,OPENSOURCE_API_GRID,146,,,,0.95,True,True,TIER2_OPENSOURCE_PURE;CONTINUOUS_MINUTE_STREAM;VERIFIED_MODEL_GRID,d3d31d6188436d571d3f8339e44bfffd1d311c3ca776a0fb1971fb1e5e314bfb,2026-09-30T02:25:00+00:00,2026-09-30 07:25:00,82.5,1012.7,103
26.0,38.2,126.2,2368.4,687.6,107.0,13.4,10.1,2.5,454.8,502.6,20.3,9.9,41.0,25.6,22.36,False,4095,0.0,3.4,117.0,EXT-OPEN-METEO-KHI,KARACHI,OPENSOURCE_API_GRID,147,,,,0.95,True,True,TIER2_OPENSOURCE_PURE;CONTINUOUS_MINUTE_STREAM;VERIFIED_MODEL_GRID,0baac11a3a738562406e32968c89a198254d77b428824a291175b0fceef1ff2f,2026-09-30T02:26:00+00:00,2026-09-30 07:26:00,82.3,1012.7,103
26.0,38.3,127.4,2374.6,689.4,107.2,13.4,10.2,2.5,454.7,504.2,20.3,9.9,41.1,25.7,22.42,False,4095,0.0,3.4,121.3,EXT-OPEN-METEO-KHI,KARACHI,OPENSOURCE_API_GRID,148,,,,0.95,True,True,TIER2_OPENSOURCE_PURE;CONTINUOUS_MINUTE_STREAM;VERIFIED_MODEL_GRID,622656bd54a90b1cfe7efadaea9165a8abab85152cef375b6e697edbf73fe6e1,2026-09-30T02:27:00+00:00,2026-09-30 07:27:00,82.1,1012.7,103
26.1,38.4,128.8,2380.8,691.2,107.5,13.4,10.3,2.6,454.7,505.8,20.3,10.0,41.2,25.7,22.38,False,4095,0.0,3.4,125.6,EXT-OPEN-METEO-KHI,KARACHI,OPENSOURCE_API_GRID,149,,,,0.95,True,True,TIER2_OPENSOURCE_PURE;CONTINUOUS_MINUTE_STREAM;VERIFIED_MODEL_GRID,841e080ff19dc81c6ff2add52ec2e7dd8b566ad05771c1711d9e9fb3748acce8,2026-09-30T02:28:00+00:00,2026-09-30 07:28:00,81.9,1012.7,103
26.2,38.6,130.1,2393.2,694.8,108.1,13.5,10.4,2.6,454.6,507.4,20.3,10.0,41.4,25.8,22.43,False,4095,0.0,3.5,129.9,EXT-OPEN-METEO-KHI,KARACHI,OPENSOURCE_API_GRID,150,,,,0.95,True,True,TIER2_OPENSOURCE_PURE;CONTINUOUS_MINUTE_STREAM;VERIFIED_MODEL_GRID,1e39d61bffe5974e3d0708da2ecda45a5d15271d035e3a396afb8883315e74dc,2026-09-30T02:29:00+00:00,2026-09-30 07:29:00,81.7,1012.7,103
26.3,38.7,131.4,2399.4,696.6,108.4,13.5,10.5,2.6,454.5,509.0,20.3,10.0,41.5,25.8,22.37,False,4095,0.0,3.5,134.2,EXT-OPEN-METEO-KHI,KARACHI,OPENSOURCE_API_GRID,151,,,,0.95,True,True,TIER2_OPENSOURCE_PURE;CONTINUOUS_MINUTE_STREAM;VERIFIED_MODEL_GRID,7f827fc0353a3a915ac4658b00ca6fb4661acd42e04a23b386c184a5c111f435,2026-09-30T02:30:00+00:00,2026-09-30 07:30:00,81.4,1012.7,103
26.4,38.8,132.7,2405.6,698.4,108.6,13.6,10.6,2.7,454.4,510.6,20.4,10.0,41.6,25.9,22.43,False,4095,0.0,3.5,138.6,EXT-OPEN-METEO-KHI,KARACHI,OPENSOURCE_API_GRID,152,,,,0.95,True,True,TIER2_OPENSOURCE_PURE;CONTINUOUS_MINUTE_STREAM;VERIFIED_MODEL_GRID,a5dc5753d30889ac9e029168d04958a73d0f90aa410355edc23ce60ce764c7cd,2026-09-30T02:31:00+00:00,2026-09-30 07:31:00,81.2,1012.8,103
26.5,39.0,134.1,2418.0,702.0,109.2,13.6,10.7,2.7,454.3,512.2,20.4,10.0,41.8,25.9,22.39,False,4095,0.0,3.6,142.9,EXT-OPEN-METEO-KHI,KARACHI,OPENSOURCE_API_GRID,153,,,,0.95,True,True,TIER2_OPENSOURCE_PURE;CONTINUOUS_MINUTE_STREAM;VERIFIED_MODEL_GRID,fee6299b37f390818e2512465e02b2b59ca01377fdb68c2b5c4d2e1fcdbd601b,2026-09-30T02:32:00+00:00,2026-09-30 07:32:00,81.0,1012.8,103
26.6,39.1,135.4,2424.2,703.8,109.5,13.7,10.8,2.7,454.3,513.8,20.4,10.1,41.9,25.9,22.35,False,4095,0.0,3.6,147.2,EXT-OPEN-METEO-KHI,KARACHI,OPENSOURCE_API_GRID,154,,,,0.95,True,True,TIER2_OPENSOURCE_PURE;CONTINUOUS_MINUTE_STREAM;VERIFIED_MODEL_GRID,76a5da7cc9283051d792ee78bf1384ac3b6933a49daf8eaaad6ef4b141debfdf,2026-09-30T02:33:00+00:00,2026-09-30 07:33:00,80.8,1012.8,103
26.7,39.2,136.7,2430.4,705.6,109.8,13.7,10.9,2.7,454.2,515.4,20.4,10.1,42.0,26.0,22.4,False,4095,0.0,3.6,151.5,EXT-OPEN-METEO-KHI,KARACHI,OPENSOURCE_API_GRID,155,,,,0.95,True,True,TIER2_OPENSOURCE_PURE;CONTINUOUS_MINUTE_STREAM;VERIFIED_MODEL_GRID,2b9aa76f57932ac796d2e449140aa6d7d91e8826a53f58bf758f6d17af10c377,2026-09-30T02:34:00+00:00,2026-09-30 07:34:00,80.6,1012.8,103
26.7,39.3,137.9,2436.6,707.4,110.0,13.8,11.0,2.8,454.1,517.0,20.5,10.1,42.1,26.0,22.38,False,4095,0.0,3.6,155.7,EXT-OPEN-METEO-KHI,KARACHI,OPENSOURCE_API_GRID,156,,,,0.95,True,True,TIER2_OPENSOURCE_PURE;CONTINUOUS_MINUTE_STREAM;VERIFIED_MODEL_GRID,705ead2939a903b02640d26ac95fc8b8c2ce281de27f4f8e423890acd4461e0f,2026-09-30T02:35:00+00:00,2026-09-30 07:35:00,80.5,1012.8,103
26.8,39.4,139.2,2442.8,709.2,110.3,13.8,11.1,2.8,454.0,518.6,20.5,10.1,42.3,26.1,22.44,False,4095,0.0,3.7,159.9,EXT-OPEN-METEO-KHI,KARACHI,OPENSOURCE_API_GRID,157,,,,0.95,True,True,TIER2_OPENSOURCE_PURE;CONTINUOUS_MINUTE_STREAM;VERIFIED_MODEL_GRID,d6b3b6626d6e3f6744ec1b902500a587c688b2a794aa4613f008d47391ccdd20,2026-09-30T02:36:00+00:00,2026-09-30 07:36:00,80.3,1012.9,103
26.9,39.5,140.4,2449.0,711.0,110.6,13.8,11.2,2.8,454.0,520.1,20.5,10.1,42.4,26.1,22.38,False,4095,0.0,3.7,164.0,EXT-OPEN-METEO-KHI,KARACHI,OPENSOURCE_API_GRID,158,,,,0.95,True,True,TIER2_OPENSOURCE_PURE;CONTINUOUS_MINUTE_STREAM;VERIFIED_MODEL_GRID,0cadd13c3eb6baf4cb3f34b0ba10369d64ae700a4a5a191bcaabbdcbbc41f48d,2026-09-30T02:37:00+00:00,2026-09-30 07:37:00,80.0,1012.9,103
27.0,39.7,141.7,2461.4,714.6,111.2,13.9,11.3,2.8,453.9,521.6,20.5,10.2,42.5,26.2,22.43,False,4095,0.0,3.7,168.0,EXT-OPEN-METEO-KHI,KARACHI,OPENSOURCE_API_GRID,159,,,,0.95,True,True,TIER2_OPENSOURCE_PURE;CONTINUOUS_MINUTE_STREAM;VERIFIED_MODEL_GRID,d4de88b9cd5db70fb1155ab024e36627ce08e9d75b2e65cad2abb0c8a338e655,2026-09-30T02:38:00+00:00,2026-09-30 07:38:00,79.8,1012.9,103
27.1,39.8,142.9,2467.6,716.4,111.4,13.9,11.4,2.9,453.8,523.1,20.6,10.2,42.6,26.2,22.39,False,4095,0.0,3.7,172.0,EXT-OPEN-METEO-KHI,KARACHI,OPENSOURCE_API_GRID,160,,,,0.95,True,True,TIER2_OPENSOURCE_PURE;CONTINUOUS_MINUTE_STREAM;VERIFIED_MODEL_GRID,2f48bb257dbd0b34484d113d4eaed061ab7c8f6954c545d9aa3f7c7d1fac827b,2026-09-30T02:39:00+00:00,2026-09-30 07:39:00,79.6,1012.9,103
27.1,39.9,144.0,2473.8,718.2,111.7,14.0,11.5,2.9,453.8,524.5,20.6,10.2,42.8,26.3,22.45,False,4095,0.0,3.8,175.8,EXT-OPEN-METEO-KHI,KARACHI,OPENSOURCE_API_GRID,161,,,,0.95,True,True,TIER2_OPENSOURCE_PURE;CONTINUOUS_MINUTE_STREAM;VERIFIED_MODEL_GRID,e01ced076d2f3e20c9ed24f6e6c46ecf9b1d60815bbd943055a38530af117bfc,2026-09-30T02:40:00+00:00,2026-09-30 07:40:00,79.4,1012.9,103
27.2,40.0,145.2,2480.0,720.0,112.0,14.0,11.6,2.9,453.7,525.9,20.6,10.2,42.9,26.3,22.39,False,4095,0.0,3.8,179.5,EXT-OPEN-METEO-KHI,KARACHI,OPENSOURCE_API_GRID,162,,,,0.95,True,True,TIER2_OPENSOURCE_PURE;CONTINUOUS_MINUTE_STREAM;VERIFIED_MODEL_GRID,c61ecc57d7707aa21b7b7163fdaf3f75ae5e7745078c2039e641b5c9591ccfb0,2026-09-30T02:41:00+00:00,2026-09-30 07:41:00,79.1,1013.0,103
27.3,40.1,146.2,2486.2,721.8,112.3,14.0,11.7,2.9,453.6,527.2,20.6,10.2,43.0,26.3,22.35,False,4095,0.0,3.8,183.1,EXT-OPEN-METEO-KHI,KARACHI,OPENSOURCE_API_GRID,163,,,,0.95,True,True,TIER2_OPENSOURCE_PURE;CONTINUOUS_MINUTE_STREAM;VERIFIED_MODEL_GRID,44b661f6c557fedcde551a229721cbe1a4962f39a1c26877d8efd8e21abdafde,2026-09-30T02:42:00+00:00,2026-09-30 07:42:00,78.9,1013.0,103
27.3,40.1,147.2,2486.2,721.8,112.3,14.0,11.8,2.9,453.6,528.5,20.6,10.3,43.1,26.4,22.4,False,4095,0.0,3.8,186.5,EXT-OPEN-METEO-KHI,KARACHI,OPENSOURCE_API_GRID,164,,,,0.95,True,True,TIER2_OPENSOURCE_PURE;CONTINUOUS_MINUTE_STREAM;VERIFIED_MODEL_GRID,2cb9c079693e9815987bf47e92b5de53155740e9547ff747068754c72bfc90d7,2026-09-30T02:43:00+00:00,2026-09-30 07:43:00,78.7,1013.0,103
27.3,40.2,148.2,2492.4,723.6,112.6,14.1,11.9,3.0,453.5,529.7,20.7,10.3,43.2,26.4,22.36,False,4095,0.0,3.8,189.8,EXT-OPEN-METEO-KHI,KARACHI,OPENSOURCE_API_GRID,165,,,,0.95,True,True,TIER2_OPENSOURCE_PURE;CONTINUOUS_MINUTE_STREAM;VERIFIED_MODEL_GRID,49bbfd5dc8f4c4d2cd43e3cfd0d69c718473392bf1684f02e48947b997167dcb,2026-09-30T02:44:00+00:00,2026-09-30 07:44:00,78.5,1013.0,103
27.3,40.2,149.1,2492.4,723.6,112.6,14.1,11.9,3.0,453.4,530.9,20.7,10.3,43.3,26.4,22.32,False,4095,0.0,3.9,193.0,EXT-OPEN-METEO-KHI,KARACHI,OPENSOURCE_API_GRID,166,,,,0.95,True,True,TIER2_OPENSOURCE_PURE;CONTINUOUS_MINUTE_STREAM;VERIFIED_MODEL_GRID,0e0ca28e8aabdd4d9905aa9ce53af32cd8d5823a0553ba7fe4e44830767ac73e,2026-09-30T02:45:00+00:00,2026-09-30 07:45:00,78.3,1013.0,103
27.4,40.3,149.9,2498.6,725.4,112.8,14.1,12.0,3.0,453.4,532.0,20.7,10.3,43.4,26.4,22.27,False,4095,0.0,3.9,196.0,EXT-OPEN-METEO-KHI,KARACHI,OPENSOURCE_API_GRID,167,,,,0.95,True,True,TIER2_OPENSOURCE_PURE;CONTINUOUS_MINUTE_STREAM;VERIFIED_MODEL_GRID,17f49508fe2acd779842473e89bab1d6ec09e0d64bfd565ee1fd47454757dccc,2026-09-30T02:46:00+00:00,2026-09-30 07:46:00,78.1,1013.0,103
27.4,40.3,150.7,2498.6,725.4,112.8,14.1,12.1,3.0,453.3,533.1,20.7,10.3,43.4,26.5,22.33,False,4095,0.0,3.9,198.8,EXT-OPEN-METEO-KHI,KARACHI,OPENSOURCE_API_GRID,168,,,,0.95,True,True,TIER2_OPENSOURCE_PURE;CONTINUOUS_MINUTE_STREAM;VERIFIED_MODEL_GRID,b44767efe2d12baf4db9b38d4b5a48acba0b6aa78ac51f16229e0f8d0ce44ab2,2026-09-30T02:47:00+00:00,2026-09-30 07:47:00,77.9,1013.0,103
27.4,40.3,151.4,2498.6,725.4,112.8,14.1,12.1,3.0,453.3,534.1,20.7,10.3,43.5,26.5,22.31,False,4095,0.0,3.9,201.4,EXT-OPEN-METEO-KHI,KARACHI,OPENSOURCE_API_GRID,169,,,,0.95,True,True,TIER2_OPENSOURCE_PURE;CONTINUOUS_MINUTE_STREAM;VERIFIED_MODEL_GRID,b8318e75644c47e13b46751ad0e63f16bec96fe80f911dc409a1ae00994a4981,2026-09-30T02:48:00+00:00,2026-09-30 07:48:00,77.8,1013.1,103
27.4,40.3,152.1,2498.6,725.4,112.8,14.1,12.2,3.0,453.2,535.0,20.7,10.3,43.6,26.5,22.27,False,4095,0.0,3.9,203.9,EXT-OPEN-METEO-KHI,KARACHI,OPENSOURCE_API_GRID,170,,,,0.95,True,True,TIER2_OPENSOURCE_PURE;CONTINUOUS_MINUTE_STREAM;VERIFIED_MODEL_GRID,286bd6c138a1fbeefb830a72774e6f74a21e931c58dc1143b97becc84083ccaa,2026-09-30T02:49:00+00:00,2026-09-30 07:49:00,77.6,1013.1,103
27.4,40.3,152.7,2498.6,725.4,112.8,14.1,12.2,3.1,453.2,535.8,20.7,10.3,43.7,26.5,22.25,False,4095,0.0,3.9,206.2,EXT-OPEN-METEO-KHI,KARACHI,OPENSOURCE_API_GRID,171,,,,0.95,True,True,TIER2_OPENSOURCE_PURE;CONTINUOUS_MINUTE_STREAM;VERIFIED_MODEL_GRID,0794ad2ea7e46af0793215829f379bb2f614b9310f4af87bf610015529190c2d,2026-09-30T02:50:00+00:00,2026-09-30 07:50:00,77.5,1013.1,103
27.4,40.3,153.2,2498.6,725.4,112.8,14.1,12.3,3.1,453.2,536.6,20.8,10.4,43.7,26.5,22.22,False,4095,0.0,3.9,208.2,EXT-OPEN-METEO-KHI,KARACHI,OPENSOURCE_API_GRID,172,,,,0.95,True,True,TIER2_OPENSOURCE_PURE;CONTINUOUS_MINUTE_STREAM;VERIFIED_MODEL_GRID,426c762e451511cbccac224c7aaa258627b4d5dbae39c957ae97754fd3e0b2a5,2026-09-30T02:51:00+00:00,2026-09-30 07:51:00,77.4,1013.1,103
27.4,40.3,153.7,2498.6,725.4,112.8,14.1,12.3,3.1,453.1,537.3,20.8,10.4,43.8,26.5,22.18,False,4095,0.0,4.0,210.1,EXT-OPEN-METEO-KHI,KARACHI,OPENSOURCE_API_GRID,173,,,,0.95,True,True,TIER2_OPENSOURCE_PURE;CONTINUOUS_MINUTE_STREAM;VERIFIED_MODEL_GRID,caa3c89e45dc461076c48fc1a62501b3a4c08540aae3e66a175ec70e38bf5fad,2026-09-30T02:52:00+00:00,2026-09-30 07:52:00,77.2,1013.1,103
27.4,40.3,154.1,2498.6,725.4,112.8,14.1,12.3,3.1,453.1,537.9,20.8,10.4,43.8,26.5,22.18,False,4095,0.0,4.0,211.8,EXT-OPEN-METEO-KHI,KARACHI,OPENSOURCE_API_GRID,174,,,,0.95,True,True,TIER2_OPENSOURCE_PURE;CONTINUOUS_MINUTE_STREAM;VERIFIED_MODEL_GRID,2c966548bea168defa83dc02c24fa1c7607775761fb36a09e3ca93fb3aba6257,2026-09-30T02:53:00+00:00,2026-09-30 07:53:00,77.2,1013.1,103
27.4,40.3,154.5,2498.6,725.4,112.8,14.1,12.4,3.1,453.1,538.5,20.8,10.4,43.9,26.5,22.16,False,4095,0.0,4.0,213.2,EXT-OPEN-METEO-KHI,KARACHI,OPENSOURCE_API_GRID,175,,,,0.95,True,True,TIER2_OPENSOURCE_PURE;CONTINUOUS_MINUTE_STREAM;VERIFIED_MODEL_GRID,3757555219bae809a9cf54f004aae6fe0eb3fa2b828df4f15a8e9f13e59c8607,2026-09-30T02:54:00+00:00,2026-09-30 07:54:00,77.1,1013.1,103
27.4,40.3,154.9,2498.6,725.4,112.8,14.1,12.4,3.1,453.1,538.9,20.8,10.4,43.9,26.5,22.14,False,4095,0.0,4.0,214.5,EXT-OPEN-METEO-KHI,KARACHI,OPENSOURCE_API_GRID,176,,,,0.95,True,True,TIER2_OPENSOURCE_PURE;CONTINUOUS_MINUTE_STREAM;VERIFIED_MODEL_GRID,0a56a3b7d5e8e780d4ac2779f44ba8090da64440af1727b7a1c5ea1013ec65fb,2026-09-30T02:55:00+00:00,2026-09-30 07:55:00,77.0,1013.1,103
27.5,40.4,155.2,2504.8,727.2,113.1,14.1,12.4,3.1,453.0,539.3,20.8,10.4,43.9,26.5,22.14,False,4095,0.0,4.0,215.5,EXT-OPEN-METEO-KHI,KARACHI,OPENSOURCE_API_GRID,177,,,,0.95,True,True,TIER2_OPENSOURCE_PURE;CONTINUOUS_MINUTE_STREAM;VERIFIED_MODEL_GRID,181c094060f4207e391e45dbf37ed78e9782bdc62613441331de8cb44839fc0a,2026-09-30T02:56:00+00:00,2026-09-30 07:56:00,77.0,1013.1,103
27.5,40.4,155.4,2504.8,727.2,113.1,14.1,12.4,3.1,453.0,539.6,20.8,10.4,44.0,26.5,22.12,False,4095,0.0,4.0,216.3,EXT-OPEN-METEO-KHI,KARACHI,OPENSOURCE_API_GRID,178,,,,0.95,True,True,TIER2_OPENSOURCE_PURE;CONTINUOUS_MINUTE_STREAM;VERIFIED_MODEL_GRID,1fabcc98adb3f08739292befc7a45273c4c16c83b0d14f4a37943e932fc639f3,2026-09-30T02:57:00+00:00,2026-09-30 07:57:00,76.9,1013.1,103
27.5,40.4,155.6,2504.8,727.2,113.1,14.1,12.4,3.1,453.0,539.8,20.8,10.4,44.0,26.5,22.12,False,4095,0.0,4.0,216.8,EXT-OPEN-METEO-KHI,KARACHI,OPENSOURCE_API_GRID,179,,,,0.95,True,True,TIER2_OPENSOURCE_PURE;CONTINUOUS_MINUTE_STREAM;VERIFIED_MODEL_GRID,e469391b4c86419f838e56bf000690a3d5b5a863733b89345cc600e64b9a4575,2026-09-30T02:58:00+00:00,2026-09-30 07:58:00,76.9,1013.1,103
27.5,40.4,155.7,2504.8,727.2,113.1,14.1,12.5,3.1,453.0,540.0,20.8,10.4,44.0,26.5,22.12,False,4095,0.0,4.0,217.2,EXT-OPEN-METEO-KHI,KARACHI,OPENSOURCE_API_GRID,180,,,,0.95,True,True,TIER2_OPENSOURCE_PURE;CONTINUOUS_MINUTE_STREAM;VERIFIED_MODEL_GRID,0ba32b0ef3bf24d55b6ad82b4a5547768f98a54e409d42a833760d6f33bb9169,2026-09-30T02:59:00+00:00,2026-09-30 07:59:00,76.9,1013.1,103
27.5,40.5,155.8,2511.0,729.0,113.4,14.2,12.5,3.1,453.0,540.0,20.8,10.4,44.0,26.6,22.21,False,4095,0.0,4.0,217.3,EXT-OPEN-METEO-KHI,KARACHI,OPENSOURCE_API_GRID,181,,,,0.95,True,False,TIER2_OPENSOURCE_PURE;HOURLY_NODE;VERIFIED_MODEL_GRID,65cc9d52044dfb3ac3cb6a8f9301839be26c7a10828d2274d3c3b714ffb9c748,2026-09-30T03:00:00+00:00,2026-09-30 08:00:00,76.9,1013.1,102
27.5,40.5,155.9,2511.0,729.0,113.4,14.2,12.5,3.1,453.0,540.0,20.8,10.4,44.0,26.6,22.21,False,4095,0.0,4.0,217.4,EXT-OPEN-METEO-KHI,KARACHI,OPENSOURCE_API_GRID,182,,,,0.95,True,True,TIER2_OPENSOURCE_PURE;CONTINUOUS_MINUTE_STREAM;VERIFIED_MODEL_GRID,ded264dfc6dd9e783dc82caaff03bf242d9084262c47acba6d93d1af5b6ec94b,2026-09-30T03:01:00+00:00,2026-09-30 08:01:00,76.9,1013.1,102
27.5,40.5,156.0,2511.0,729.0,113.4,14.2,12.5,3.1,453.0,539.8,20.8,10.4,44.0,26.6,22.21,False,4095,0.0,4.0,217.9,EXT-OPEN-METEO-KHI,KARACHI,OPENSOURCE_API_GRID,183,,,,0.95,True,True,TIER2_OPENSOURCE_PURE;CONTINUOUS_MINUTE_STREAM;VERIFIED_MODEL_GRID,5595e48e2bee229a4793b46925fc510ce52fafa4bb4b76fb8159071715678f9c,2026-09-30T03:02:00+00:00,2026-09-30 08:02:00,76.9,1013.1,102
27.6,40.6,156.1,2517.2,730.8,113.7,14.2,12.5,3.1,453.0,539.6,20.8,10.4,44.1,26.6,22.21,False,4095,0.0,4.0,218.6,EXT-OPEN-METEO-KHI,KARACHI,OPENSOURCE_API_GRID,184,,,,0.95,True,True,TIER2_OPENSOURCE_PURE;CONTINUOUS_MINUTE_STREAM;VERIFIED_MODEL_GRID,5685b4b8d99b592610a78bbfb32ee782cf1a53ffafd26739519752fdb6c5e3aa,2026-09-30T03:03:00+00:00,2026-09-30 08:03:00,76.9,1013.1,102
27.6,40.6,156.3,2517.2,730.8,113.7,14.2,12.5,3.1,453.0,539.2,20.8,10.4,44.2,26.6,22.21,False,4095,0.0,4.1,219.6,EXT-OPEN-METEO-KHI,KARACHI,OPENSOURCE_API_GRID,185,,,,0.95,True,True,TIER2_OPENSOURCE_PURE;CONTINUOUS_MINUTE_STREAM;VERIFIED_MODEL_GRID,543af45749f17f14800d58620a581d2c370147fed5d5c1c0b56ad3af375a0659,2026-09-30T03:04:00+00:00,2026-09-30 08:04:00,76.9,1013.1,102
27.7,40.7,156.4,2523.4,732.6,114.0,14.2,12.5,3.1,452.9,538.8,20.7,10.4,44.2,26.6,22.21,False,4095,0.0,4.1,220.9,EXT-OPEN-METEO-KHI,KARACHI,OPENSOURCE_API_GRID,186,,,,0.95,True,True,TIER2_OPENSOURCE_PURE;CONTINUOUS_MINUTE_STREAM;VERIFIED_MODEL_GRID,fbbb560c4513abefce0e7cd5b146b61c14221c86eba19ac9e4ec2f32d773902d,2026-09-30T03:05:00+00:00,2026-09-30 08:05:00,76.9,1013.1,102
27.6,40.6,156.5,2517.2,730.8,113.7,14.2,12.5,3.1,452.9,538.2,20.7,10.4,44.3,26.6,22.21,False,4095,0.0,4.1,222.5,EXT-OPEN-METEO-KHI,KARACHI,OPENSOURCE_API_GRID,187,,,,0.95,True,True,TIER2_OPENSOURCE_PURE;CONTINUOUS_MINUTE_STREAM;VERIFIED_MODEL_GRID,8e632a41d94cf95fbe2e1aa806224b9e5b6c601167236757efb8c96bc9516599,2026-09-30T03:06:00+00:00,2026-09-30 08:06:00,76.9,1013.1,102
27.7,40.7,156.7,2523.4,732.6,114.0,14.2,12.5,3.1,452.9,537.6,20.7,10.4,44.5,26.7,22.29,False,4095,0.0,4.2,224.3,EXT-OPEN-METEO-KHI,KARACHI,OPENSOURCE_API_GRID,188,,,,0.95,True,True,TIER2_OPENSOURCE_PURE;CONTINUOUS_MINUTE_STREAM;VERIFIED_MODEL_GRID,c637eed20a0daef4382f5433786f5a1b6791ef02604bf5adc3499afc2b586eae,2026-09-30T03:07:00+00:00,2026-09-30 08:07:00,76.8,1013.1,102
27.7,40.7,156.9,2523.4,732.6,114.0,14.2,12.6,3.1,452.9,536.9,20.6,10.4,44.6,26.7,22.29,False,4095,0.0,4.2,226.4,EXT-OPEN-METEO-KHI,KARACHI,OPENSOURCE_API_GRID,189,,,,0.95,True,True,TIER2_OPENSOURCE_PURE;CONTINUOUS_MINUTE_STREAM;VERIFIED_MODEL_GRID,3bc8a7cca7138541cd53bb320331d064808022df2a56e4c308a07b25f7dc4cf9,2026-09-30T03:08:00+00:00,2026-09-30 08:08:00,76.8,1013.1,102
27.7,40.8,157.2,2529.6,734.4,114.2,14.3,12.6,3.1,452.8,536.1,20.6,10.4,44.8,26.7,22.25,False,4095,0.0,4.3,228.8,EXT-OPEN-METEO-KHI,KARACHI,OPENSOURCE_API_GRID,190,,,,0.95,True,True,TIER2_OPENSOURCE_PURE;CONTINUOUS_MINUTE_STREAM;VERIFIED_MODEL_GRID,e8e8c2c3db9592b69c869cd8b093394896acf348c9b906f4d78c6c921577ece5,2026-09-30T03:09:00+00:00,2026-09-30 08:09:00,76.6,1013.1,102
27.7,40.8,157.5,2529.6,734.4,114.2,14.3,12.6,3.1,452.8,535.2,20.6,10.4,44.9,26.7,22.23,False,4095,0.0,4.3,231.4,EXT-OPEN-METEO-KHI,KARACHI,OPENSOURCE_API_GRID,191,,,,0.95,True,True,TIER2_OPENSOURCE_PURE;CONTINUOUS_MINUTE_STREAM;VERIFIED_MODEL_GRID,bfffbc279b411d83ebab012e1707a06c230205bbc5ce24009d8bda3b191e32e4,2026-09-30T03:10:00+00:00,2026-09-30 08:10:00,76.5,1013.1,102
27.8,40.9,157.8,2535.8,736.2,114.5,14.3,12.6,3.2,452.8,534.2,20.5,10.4,45.1,26.8,22.3,False,4095,0.0,4.4,234.3,EXT-OPEN-METEO-KHI,KARACHI,OPENSOURCE_API_GRID,192,,,,0.95,True,True,TIER2_OPENSOURCE_PURE;CONTINUOUS_MINUTE_STREAM;VERIFIED_MODEL_GRID,8877e406458a72aad6c5c73cc3fb14d7d3a43bb64b5b1620e0d5af61633db3ad,2026-09-30T03:11:00+00:00,2026-09-30 08:11:00,76.4,1013.1,102
27.8,40.9,158.1,2535.8,736.2,114.5,14.3,12.6,3.2,452.7,533.1,20.4,10.4,45.3,26.8,22.26,False,4095,0.0,4.5,237.4,EXT-OPEN-METEO-KHI,KARACHI,OPENSOURCE_API_GRID,193,,,,0.95,True,True,TIER2_OPENSOURCE_PURE;CONTINUOUS_MINUTE_STREAM;VERIFIED_MODEL_GRID,ecdb94b3bd83c376d707fb9b7a1c07f19110d18a31d6017fbbdcde5ca0ae373d,2026-09-30T03:12:00+00:00,2026-09-30 08:12:00,76.2,1013.2,102
27.8,40.9,158.4,2535.8,736.2,114.5,14.3,12.7,3.2,452.7,532.0,20.4,10.4,45.6,26.8,22.24,False,4095,0.0,4.6,240.8,EXT-OPEN-METEO-KHI,KARACHI,OPENSOURCE_API_GRID,194,,,,0.95,True,True,TIER2_OPENSOURCE_PURE;CONTINUOUS_MINUTE_STREAM;VERIFIED_MODEL_GRID,cc9761d67a7b44bbbaec9c8a587716f77cc0ea918b63e1928e93c67449f1e92f,2026-09-30T03:13:00+00:00,2026-09-30 08:13:00,76.1,1013.2,102
27.8,40.9,158.7,2535.8,736.2,114.5,14.3,12.7,3.2,452.6,530.8,20.3,10.4,45.8,26.8,22.19,False,4095,0.0,4.6,244.4,EXT-OPEN-METEO-KHI,KARACHI,OPENSOURCE_API_GRID,195,,,,0.95,True,True,TIER2_OPENSOURCE_PURE;CONTINUOUS_MINUTE_STREAM;VERIFIED_MODEL_GRID,3cbdee905659aa4b32479cf0a164b4ac2d914f0101740090e6b24efb0580802c,2026-09-30T03:14:00+00:00,2026-09-30 08:14:00,75.9,1013.2,102
27.8,40.9,159.0,2535.8,736.2,114.5,14.3,12.7,3.2,452.6,529.5,20.3,10.4,46.1,26.9,22.25,False,4095,0.0,4.7,248.2,EXT-OPEN-METEO-KHI,KARACHI,OPENSOURCE_API_GRID,196,,,,0.95,True,True,TIER2_OPENSOURCE_PURE;CONTINUOUS_MINUTE_STREAM;VERIFIED_MODEL_GRID,38fbe1c9f9ef97350c87f792af2af82f0bb74b632967c029e9e3b4ca7dcde11b,2026-09-30T03:15:00+00:00,2026-09-30 08:15:00,75.7,1013.2,102
27.8,40.9,159.3,2535.8,736.2,114.5,14.3,12.7,3.2,452.5,528.1,20.2,10.4,46.3,26.9,22.2,False,4095,0.0,4.8,252.2,EXT-OPEN-METEO-KHI,KARACHI,OPENSOURCE_API_GRID,197,,,,0.95,True,True,TIER2_OPENSOURCE_PURE;CONTINUOUS_MINUTE_STREAM;VERIFIED_MODEL_GRID,ca8305e23ed95b052b1e68e6ce61baba508b49561975eb4f23ea1403bdac4026,2026-09-30T03:16:00+00:00,2026-09-30 08:16:00,75.5,1013.2,102
27.8,40.9,159.6,2535.8,736.2,114.5,14.3,12.8,3.2,452.4,526.7,20.1,10.3,46.6,26.9,22.16,False,4095,0.0,4.9,256.4,EXT-OPEN-METEO-KHI,KARACHI,OPENSOURCE_API_GRID,198,,,,0.95,True,True,TIER2_OPENSOURCE_PURE;CONTINUOUS_MINUTE_STREAM;VERIFIED_MODEL_GRID,a617f9ecf038f4bf166ec8a6164c810f9621567427bbbb79a24ce2f33271446a,2026-09-30T03:17:00+00:00,2026-09-30 08:17:00,75.3,1013.2,102
27.8,40.9,160.0,2535.8,736.2,114.5,14.3,12.8,3.2,452.4,525.2,20.0,10.3,46.9,26.9,22.12,False,4095,0.0,5.0,260.8,EXT-OPEN-METEO-KHI,KARACHI,OPENSOURCE_API_GRID,199,,,,0.95,True,True,TIER2_OPENSOURCE_PURE;CONTINUOUS_MINUTE_STREAM;VERIFIED_MODEL_GRID,e047647c3699c6d7b618f14027a67bcef69a844b1cb2984b8e75153221205120,2026-09-30T03:18:00+00:00,2026-09-30 08:18:00,75.1,1013.2,102
27.8,40.9,160.3,2535.8,736.2,114.5,14.3,12.8,3.2,452.3,523.6,20.0,10.3,47.2,27.0,22.17,False,4095,0.0,5.1,265.3,EXT-OPEN-METEO-KHI,KARACHI,OPENSOURCE_API_GRID,200,,,,0.95,True,True,TIER2_OPENSOURCE_PURE;CONTINUOUS_MINUTE_STREAM;VERIFIED_MODEL_GRID,e9772a962829797e3094fc7fb3f42c8eb1c5f986712319558e6442b9ef0b4ecd,2026-09-30T03:19:00+00:00,2026-09-30 08:19:00,74.9,1013.2,102
27.8,40.9,160.7,2535.8,736.2,114.5,14.3,12.9,3.2,452.2,522.0,19.9,10.3,47.5,27.0,22.1,False,4095,0.0,5.2,270.0,EXT-OPEN-METEO-KHI,KARACHI,OPENSOURCE_API_GRID,201,,,,0.95,True,True,TIER2_OPENSOURCE_PURE;CONTINUOUS_MINUTE_STREAM;VERIFIED_MODEL_GRID,35658d4db92397b05c032b0a56ad375f42f0e4b31fae0a6ac8c6ae24bee49497,2026-09-30T03:20:00+00:00,2026-09-30 08:20:00,74.6,1013.2,102
27.8,40.9,161.0,2535.8,736.2,114.5,14.3,12.9,3.2,452.2,520.3,19.8,10.3,47.8,27.0,22.06,False,4095,0.0,5.4,274.9,EXT-OPEN-METEO-KHI,KARACHI,OPENSOURCE_API_GRID,202,,,,0.95,True,True,TIER2_OPENSOURCE_PURE;CONTINUOUS_MINUTE_STREAM;VERIFIED_MODEL_GRID,7e0d84b2ac3fe0e1946f6d59e6b3265eb6d41ed35efa0d844e740757eef291b3,2026-09-30T03:21:00+00:00,2026-09-30 08:21:00,74.4,1013.2,102
27.7,40.8,161.4,2529.6,734.4,114.2,14.3,12.9,3.2,452.1,518.6,19.7,10.3,48.2,27.0,22.01,False,4095,0.0,5.5,279.9,EXT-OPEN-METEO-KHI,KARACHI,OPENSOURCE_API_GRID,203,,,,0.95,True,True,TIER2_OPENSOURCE_PURE;CONTINUOUS_MINUTE_STREAM;VERIFIED_MODEL_GRID,fcffdb6f622b879a630895bf3c7e1e8502841410f27b2d08935cc422604d1f5c,2026-09-30T03:22:00+00:00,2026-09-30 08:22:00,74.2,1013.2,102
27.7,40.8,161.8,2529.6,734.4,114.2,14.3,12.9,3.2,452.0,516.9,19.6,10.3,48.5,27.1,22.07,False,4095,0.0,5.6,285.0,EXT-OPEN-METEO-KHI,KARACHI,OPENSOURCE_API_GRID,204,,,,0.95,True,True,TIER2_OPENSOURCE_PURE;CONTINUOUS_MINUTE_STREAM;VERIFIED_MODEL_GRID,7601ef3271836e635ce325b2c94485952082acc430475c4aad1a9bd8ea3ca88e,2026-09-30T03:23:00+00:00,2026-09-30 08:23:00,74.0,1013.2,102
27.7,40.8,162.2,2529.6,734.4,114.2,14.3,13.0,3.2,452.0,515.1,19.5,10.3,48.8,27.1,22.0,False,4095,0.0,5.7,290.2,EXT-OPEN-METEO-KHI,KARACHI,OPENSOURCE_API_GRID,205,,,,0.95,True,True,TIER2_OPENSOURCE_PURE;CONTINUOUS_MINUTE_STREAM;VERIFIED_MODEL_GRID,1e6dcfefe7998f7231f2742906eb91d143a57a1cf24f43873ce86c664773b1e7,2026-09-30T03:24:00+00:00,2026-09-30 08:24:00,73.7,1013.3,102
27.7,40.8,162.6,2529.6,734.4,114.2,14.3,13.0,3.3,451.9,513.3,19.4,10.3,49.2,27.1,21.95,False,4095,0.0,5.9,295.5,EXT-OPEN-METEO-KHI,KARACHI,OPENSOURCE_API_GRID,206,,,,0.95,True,True,TIER2_OPENSOURCE_PURE;CONTINUOUS_MINUTE_STREAM;VERIFIED_MODEL_GRID,4939d3377b1f521803109eb79d03945a6400650f9322b2f63142227aba3dab57,2026-09-30T03:25:00+00:00,2026-09-30 08:25:00,73.5,1013.3,102
27.7,40.8,163.1,2529.6,734.4,114.2,14.3,13.0,3.3,451.8,511.5,19.3,10.3,49.5,27.2,22.01,False,4095,0.0,6.0,300.8,EXT-OPEN-METEO-KHI,KARACHI,OPENSOURCE_API_GRID,207,,,,0.95,True,True,TIER2_OPENSOURCE_PURE;CONTINUOUS_MINUTE_STREAM;VERIFIED_MODEL_GRID,5edca8b0051b63534d544d09b506a82a9959b2af283ed5bf2c3431e67b04f801,2026-09-30T03:26:00+00:00,2026-09-30 08:26:00,73.3,1013.3,102
27.8,40.9,163.5,2535.8,736.2,114.5,14.3,13.1,3.3,451.7,509.6,19.2,10.3,49.9,27.2,21.96,False,4095,0.0,6.1,306.3,EXT-OPEN-METEO-KHI,KARACHI,OPENSOURCE_API_GRID,208,,,,0.95,True,True,TIER2_OPENSOURCE_PURE;CONTINUOUS_MINUTE_STREAM;VERIFIED_MODEL_GRID,a09916fe99098e13357636d25eba4d2c5b02a0cf0abc8bff224b522814b7f09a,2026-09-30T03:27:00+00:00,2026-09-30 08:27:00,73.1,1013.3,102
27.8,40.9,164.0,2535.8,736.2,114.5,14.3,13.1,3.3,451.7,507.8,19.1,10.3,50.3,27.2,21.89,False,4095,0.0,6.2,311.7,EXT-OPEN-METEO-KHI,KARACHI,OPENSOURCE_API_GRID,209,,,,0.95,True,True,TIER2_OPENSOURCE_PURE;CONTINUOUS_MINUTE_STREAM;VERIFIED_MODEL_GRID,32f7c7d8215b95d7d7ce08975caeb422a88f272a7862ad06d5ee265980cacb06,2026-09-30T03:28:00+00:00,2026-09-30 08:28:00,72.8,1013.3,102
27.8,40.9,164.5,2535.8,736.2,114.5,14.3,13.2,3.3,451.6,505.9,19.0,10.3,50.6,27.3,21.95,False,4095,0.0,6.4,317.2,EXT-OPEN-METEO-KHI,KARACHI,OPENSOURCE_API_GRID,210,,,,0.95,True,True,TIER2_OPENSOURCE_PURE;CONTINUOUS_MINUTE_STREAM;VERIFIED_MODEL_GRID,5d46471025a88af8206b7c36a98cbee3eaef19755cadcca15b090b5a77ec0b93,2026-09-30T03:29:00+00:00,2026-09-30 08:29:00,72.6,1013.3,102
27.9,41.0,165.1,2542.0,738.0,114.8,14.3,13.2,3.3,451.5,504.0,18.9,10.2,51.0,27.3,21.9,False,4095,0.0,6.5,322.8,EXT-OPEN-METEO-KHI,KARACHI,OPENSOURCE_API_GRID,211,,,,0.95,True,True,TIER2_OPENSOURCE_PURE;CONTINUOUS_MINUTE_STREAM;VERIFIED_MODEL_GRID,37345ac5c3603b7cff4f9a9677e22bdb6ff1868b095ebef0541d8eb594f056ce,2026-09-30T03:30:00+00:00,2026-09-30 08:30:00,72.4,1013.3,102
27.9,41.0,165.6,2542.0,738.0,114.8,14.3,13.2,3.3,451.4,502.1,18.9,10.2,51.4,27.3,21.85,False,4095,0.0,6.6,328.3,EXT-OPEN-METEO-KHI,KARACHI,OPENSOURCE_API_GRID,212,,,,0.95,True,True,TIER2_OPENSOURCE_PURE;CONTINUOUS_MINUTE_STREAM;VERIFIED_MODEL_GRID,b2ce1e5ec80df6e4f68890ff69037a7719af736fe300bcd2f5c47408c2b85edb,2026-09-30T03:31:00+00:00,2026-09-30 08:31:00,72.2,1013.3,102
27.9,41.1,166.1,2548.2,739.8,115.1,14.4,13.3,3.3,451.3,500.2,18.8,10.2,51.7,27.4,21.91,False,4095,0.0,6.8,333.8,EXT-OPEN-METEO-KHI,KARACHI,OPENSOURCE_API_GRID,213,,,,0.95,True,True,TIER2_OPENSOURCE_PURE;CONTINUOUS_MINUTE_STREAM;VERIFIED_MODEL_GRID,fa16ff000c241e9c59f05fbbb22db7e305806e023573b316753f8745a85e3990,2026-09-30T03:32:00+00:00,2026-09-30 08:32:00,72.0,1013.3,102
28.0,41.2,166.7,2554.4,741.6,115.4,14.4,13.3,3.3,451.3,498.4,18.7,10.2,52.1,27.4,21.86,False,4095,0.0,6.9,339.2,EXT-OPEN-METEO-KHI,KARACHI,OPENSOURCE_API_GRID,214,,,,0.95,True,True,TIER2_OPENSOURCE_PURE;CONTINUOUS_MINUTE_STREAM;VERIFIED_MODEL_GRID,311faa2294e5cfdfc6a87b1e00b2af4ab6f388f6cbc8fdf3ec711c8f4ad463b9,2026-09-30T03:33:00+00:00,2026-09-30 08:33:00,71.8,1013.3,102
28.1,41.3,167.2,2560.6,743.4,115.6,14.5,13.4,3.3,451.2,496.5,18.6,10.2,52.5,27.5,21.91,False,4095,0.0,7.0,344.7,EXT-OPEN-METEO-KHI,KARACHI,OPENSOURCE_API_GRID,215,,,,0.95,True,True,TIER2_OPENSOURCE_PURE;CONTINUOUS_MINUTE_STREAM;VERIFIED_MODEL_GRID,7f7140ff74243ead16a6971187b7d51d14985a0d1f8dc533d578b4e64f94af16,2026-09-30T03:34:00+00:00,2026-09-30 08:34:00,71.6,1013.3,102
28.1,41.3,167.8,2560.6,743.4,115.6,14.5,13.4,3.4,451.1,494.7,18.5,10.2,52.8,27.5,21.86,False,4095,0.0,7.1,350.0,EXT-OPEN-METEO-KHI,KARACHI,OPENSOURCE_API_GRID,216,,,,0.95,True,True,TIER2_OPENSOURCE_PURE;CONTINUOUS_MINUTE_STREAM;VERIFIED_MODEL_GRID,adc56e3e84f41f59775b2b09609926b846657a317c54fa7caf5fee8dbc0b8f3b,2026-09-30T03:35:00+00:00,2026-09-30 08:35:00,71.4,1013.3,102
28.2,41.4,168.3,2566.8,745.2,115.9,14.5,13.5,3.4,451.0,492.9,18.4,10.2,53.2,27.6,21.91,False,4095,0.0,7.3,355.3,EXT-OPEN-METEO-KHI,KARACHI,OPENSOURCE_API_GRID,217,,,,0.95,True,True,TIER2_OPENSOURCE_PURE;CONTINUOUS_MINUTE_STREAM;VERIFIED_MODEL_GRID,c78017bcf20e4076bc79415dcae3f4abc362c31636e816bf7aa93397731c0ad0,2026-09-30T03:36:00+00:00,2026-09-30 08:36:00,71.2,1013.4,102
28.1,41.3,168.6,2560.6,743.4,115.6,14.5,13.5,3.4,451.0,491.1,18.3,10.2,53.5,27.6,21.87,False,4095,0.0,7.4,360.5,EXT-OPEN-METEO-KHI,KARACHI,OPENSOURCE_API_GRID,218,,,,0.95,True,True,TIER2_OPENSOURCE_PURE;CONTINUOUS_MINUTE_STREAM;VERIFIED_MODEL_GRID,45ad82896a026120f3c22383534ed19b3faf5839ed45bfd9ef8e1d4f0dc5a725,2026-09-30T03:37:00+00:00,2026-09-30 08:37:00,71.0,1013.4,102
28.2,41.4,169.1,2566.8,745.2,115.9,14.5,13.5,3.4,450.9,489.4,18.2,10.2,53.8,27.7,21.92,False,4095,0.0,7.5,365.6,EXT-OPEN-METEO-KHI,KARACHI,OPENSOURCE_API_GRID,219,,,,0.95,True,True,TIER2_OPENSOURCE_PURE;CONTINUOUS_MINUTE_STREAM;VERIFIED_MODEL_GRID,0bbf74d9d53ebc534a94ed8b739c1801c626384e4b0bf6cfbf99562e6ba0cd57,2026-09-30T03:38:00+00:00,2026-09-30 08:38:00,70.8,1013.4,102
28.2,41.5,169.7,2573.0,747.0,116.2,14.5,13.6,3.4,450.8,487.7,18.1,10.2,54.2,27.7,21.87,False,4095,0.0,7.6,370.6,EXT-OPEN-METEO-KHI,KARACHI,OPENSOURCE_API_GRID,220,,,,0.95,True,True,TIER2_OPENSOURCE_PURE;CONTINUOUS_MINUTE_STREAM;VERIFIED_MODEL_GRID,3a36c5bf6cf49d540e0154734f0579d8ebbaa18373ded845d11f972b70df5c79,2026-09-30T03:39:00+00:00,2026-09-30 08:39:00,70.6,1013.4,102
28.2,41.5,170.1,2573.0,747.0,116.2,14.5,13.6,3.4,450.8,486.0,18.0,10.2,54.5,27.8,21.92,False,4095,0.0,7.8,375.5,EXT-OPEN-METEO-KHI,KARACHI,OPENSOURCE_API_GRID,221,,,,0.95,True,True,TIER2_OPENSOURCE_PURE;CONTINUOUS_MINUTE_STREAM;VERIFIED_MODEL_GRID,420bc1dda80e3238257116d92defe65e76d705324102d940c4e812bcb6cc1aac,2026-09-30T03:40:00+00:00,2026-09-30 08:40:00,70.4,1013.4,102
28.3,41.6,170.6,2579.2,748.8,116.5,14.6,13.6,3.4,450.7,484.4,17.9,10.2,54.8,27.8,21.87,False,4095,0.0,7.9,380.2,EXT-OPEN-METEO-KHI,KARACHI,OPENSOURCE_API_GRID,222,,,,0.95,True,True,TIER2_OPENSOURCE_PURE;CONTINUOUS_MINUTE_STREAM;VERIFIED_MODEL_GRID,3f14c41cd2b225072b5b63cd6f8375405baa20db016ba6e867d39715dc8fd229,2026-09-30T03:41:00+00:00,2026-09-30 08:41:00,70.2,1013.4,102
28.4,41.7,171.0,2585.4,750.6,116.8,14.6,13.7,3.4,450.6,482.8,17.9,10.2,55.1,27.8,21.83,False,4095,0.0,8.0,384.7,EXT-OPEN-METEO-KHI,KARACHI,OPENSOURCE_API_GRID,223,,,,0.95,True,True,TIER2_OPENSOURCE_PURE;CONTINUOUS_MINUTE_STREAM;VERIFIED_MODEL_GRID,f034e9f09023f1926ba26d2e6ba1444c6920dc9d6e308c88859ad80ee6136e21,2026-09-30T03:42:00+00:00,2026-09-30 08:42:00,70.0,1013.4,102
28.4,41.7,171.4,2585.4,750.6,116.8,14.6,13.7,3.4,450.6,481.3,17.8,10.2,55.4,27.9,21.85,False,4095,0.0,8.1,389.1,EXT-OPEN-METEO-KHI,KARACHI,OPENSOURCE_API_GRID,224,,,,0.95,True,True,TIER2_OPENSOURCE_PURE;CONTINUOUS_MINUTE_STREAM;VERIFIED_MODEL_GRID,64b7f9cc01dc105fff3aef2996afc22bc63337cac341d8d548cc80f1c444acdc,2026-09-30T03:43:00+00:00,2026-09-30 08:43:00,69.7,1013.4,102
28.4,41.7,171.8,2585.4,750.6,116.8,14.6,13.7,3.4,450.5,479.9,17.7,10.1,55.7,27.9,21.81,False,4095,0.0,8.2,393.3,EXT-OPEN-METEO-KHI,KARACHI,OPENSOURCE_API_GRID,225,,,,0.95,True,True,TIER2_OPENSOURCE_PURE;CONTINUOUS_MINUTE_STREAM;VERIFIED_MODEL_GRID,f2f1f18d85720b5d44cc82e55fd17a4be7125c433fb565d9a2233fb6b898a5bf,2026-09-30T03:44:00+00:00,2026-09-30 08:44:00,69.5,1013.4,102
28.4,41.7,172.2,2585.4,750.6,116.8,14.6,13.8,3.4,450.4,478.5,17.6,10.1,55.9,27.9,21.78,False,4095,0.0,8.3,397.3,EXT-OPEN-METEO-KHI,KARACHI,OPENSOURCE_API_GRID,226,,,,0.95,True,True,TIER2_OPENSOURCE_PURE;CONTINUOUS_MINUTE_STREAM;VERIFIED_MODEL_GRID,11a05683cfbcc8877a6ad0d2c2405addc7eb7400d776430b1e046ba600d27fe2,2026-09-30T03:45:00+00:00,2026-09-30 08:45:00,69.4,1013.5,102
28.4,41.7,172.5,2585.4,750.6,116.8,14.6,13.8,3.5,450.4,477.2,17.6,10.1,56.2,28.0,21.83,False,4095,0.0,8.4,401.1,EXT-OPEN-METEO-KHI,KARACHI,OPENSOURCE_API_GRID,227,,,,0.95,True,True,TIER2_OPENSOURCE_PURE;CONTINUOUS_MINUTE_STREAM;VERIFIED_MODEL_GRID,881cf09294bed2d9c98d6867a8b7bd90f0414d1a8d12b399e04f1dc0bf43ed7c,2026-09-30T03:46:00+00:00,2026-09-30 08:46:00,69.2,1013.5,102
28.4,41.7,172.8,2585.4,750.6,116.8,14.6,13.8,3.5,450.3,476.0,17.5,10.1,56.4,28.0,21.78,False,4095,0.0,8.4,404.7,EXT-OPEN-METEO-KHI,KARACHI,OPENSOURCE_API_GRID,228,,,,0.95,True,True,TIER2_OPENSOURCE_PURE;CONTINUOUS_MINUTE_STREAM;VERIFIED_MODEL_GRID,c8200fb2ac1a93ad405f6be8f8843593abacb341776e7e6a9098ef47ad4e343c,2026-09-30T03:47:00+00:00,2026-09-30 08:47:00,69.0,1013.5,102
28.4,41.7,173.0,2585.4,750.6,116.8,14.6,13.8,3.5,450.3,474.9,17.5,10.1,56.7,28.0,21.73,False,4095,0.0,8.5,408.1,EXT-OPEN-METEO-KHI,KARACHI,OPENSOURCE_API_GRID,229,,,,0.95,True,True,TIER2_OPENSOURCE_PURE;CONTINUOUS_MINUTE_STREAM;VERIFIED_MODEL_GRID,d406777f1e9d7ccfbef85a83479a2d076da61f95573db3766f876d9790066b45,2026-09-30T03:48:00+00:00,2026-09-30 08:48:00,68.8,1013.5,102
28.4,41.7,173.2,2585.4,750.6,116.8,14.6,13.9,3.5,450.2,473.8,17.4,10.1,56.9,28.0,21.71,False,4095,0.0,8.6,411.2,EXT-OPEN-METEO-KHI,KARACHI,OPENSOURCE_API_GRID,230,,,,0.95,True,True,TIER2_OPENSOURCE_PURE;CONTINUOUS_MINUTE_STREAM;VERIFIED_MODEL_GRID,8fd0206c74b94642ba85d1591092fbf53f4601bb60f4723a35550091df1dca64,2026-09-30T03:49:00+00:00,2026-09-30 08:49:00,68.7,1013.5,102
28.4,41.7,173.4,2585.4,750.6,116.8,14.6,13.9,3.5,450.2,472.8,17.3,10.1,57.1,28.0,21.66,False,4095,0.0,8.7,414.1,EXT-OPEN-METEO-KHI,KARACHI,OPENSOURCE_API_GRID,231,,,,0.95,True,True,TIER2_OPENSOURCE_PURE;CONTINUOUS_MINUTE_STREAM;VERIFIED_MODEL_GRID,cad8221155827560bf823154d9a663d3de771fb226257e5d0edc1da20e041732,2026-09-30T03:50:00+00:00,2026-09-30 08:50:00,68.5,1013.5,102
28.3,41.6,173.6,2579.2,748.8,116.5,14.6,13.9,3.5,450.2,471.9,17.3,10.1,57.2,28.0,21.64,False,4095,0.0,8.7,416.7,EXT-OPEN-METEO-KHI,KARACHI,OPENSOURCE_API_GRID,232,,,,0.95,True,True,TIER2_OPENSOURCE_PURE;CONTINUOUS_MINUTE_STREAM;VERIFIED_MODEL_GRID,ddc81ee8d7b9371ed80aa566e0d0833373c31616d872f36bc49c7c6f4dd95d28,2026-09-30T03:51:00+00:00,2026-09-30 08:51:00,68.4,1013.5,102
28.3,41.6,173.7,2579.2,748.8,116.5,14.6,13.9,3.5,450.1,471.1,17.3,10.1,57.4,28.0,21.62,False,4095,0.0,8.8,419.1,EXT-OPEN-METEO-KHI,KARACHI,OPENSOURCE_API_GRID,233,,,,0.95,True,True,TIER2_OPENSOURCE_PURE;CONTINUOUS_MINUTE_STREAM;VERIFIED_MODEL_GRID,c57e12b79b518e45d5cfbec4eb39bdfe7fc6908f69efa84660dfe1207f047bda,2026-09-30T03:52:00+00:00,2026-09-30 08:52:00,68.3,1013.5,102
28.3,41.6,173.9,2579.2,748.8,116.5,14.6,13.9,3.5,450.1,470.4,17.2,10.1,57.5,28.0,21.59,False,4095,0.0,8.8,421.2,EXT-OPEN-METEO-KHI,KARACHI,OPENSOURCE_API_GRID,234,,,,0.95,True,True,TIER2_OPENSOURCE_PURE;CONTINUOUS_MINUTE_STREAM;VERIFIED_MODEL_GRID,e8ff8986522677bae4f86182883823d9fe97415d7bc940d6d9fa1eedef748287,2026-09-30T03:53:00+00:00,2026-09-30 08:53:00,68.2,1013.5,102
28.3,41.6,174.0,2579.2,748.8,116.5,14.6,13.9,3.5,450.1,469.8,17.2,10.1,57.7,28.1,21.66,False,4095,0.0,8.9,423.0,EXT-OPEN-METEO-KHI,KARACHI,OPENSOURCE_API_GRID,235,,,,0.95,True,True,TIER2_OPENSOURCE_PURE;CONTINUOUS_MINUTE_STREAM;VERIFIED_MODEL_GRID,99543e015c9805999bdca47f732eb266589328968132faee4dbbe2504da8a8b9,2026-09-30T03:54:00+00:00,2026-09-30 08:54:00,68.1,1013.5,102
28.2,41.5,174.1,2573.0,747.0,116.2,14.5,13.9,3.5,450.1,469.2,17.2,10.1,57.8,28.1,21.64,False,4095,0.0,8.9,424.6,EXT-OPEN-METEO-KHI,KARACHI,OPENSOURCE_API_GRID,236,,,,0.95,True,True,TIER2_OPENSOURCE_PURE;CONTINUOUS_MINUTE_STREAM;VERIFIED_MODEL_GRID,3eeda5cf34ea8afcba55bae6cf1a2a466bbc1d727554ec4c3400df446ebac662,2026-09-30T03:55:00+00:00,2026-09-30 08:55:00,68.0,1013.5,102
28.2,41.5,174.1,2573.0,747.0,116.2,14.5,13.9,3.5,450.0,468.8,17.1,10.1,57.8,28.1,21.61,False,4095,0.0,8.9,425.9,EXT-OPEN-METEO-KHI,KARACHI,OPENSOURCE_API_GRID,237,,,,0.95,True,True,TIER2_OPENSOURCE_PURE;CONTINUOUS_MINUTE_STREAM;VERIFIED_MODEL_GRID,018f8fedbf561be8b740c60e85c0246b116493985d50fde54a1967d1a4a942f1,2026-09-30T03:56:00+00:00,2026-09-30 08:56:00,67.9,1013.5,102
28.2,41.5,174.2,2573.0,747.0,116.2,14.5,13.9,3.5,450.0,468.4,17.1,10.1,57.9,28.1,21.61,False,4095,0.0,9.0,426.9,EXT-OPEN-METEO-KHI,KARACHI,OPENSOURCE_API_GRID,238,,,,0.95,True,True,TIER2_OPENSOURCE_PURE;CONTINUOUS_MINUTE_STREAM;VERIFIED_MODEL_GRID,d4d26dc1548e98636630df9a35b9180c7fb1f8bd3063e3b541653120dcc4e37b,2026-09-30T03:57:00+00:00,2026-09-30 08:57:00,67.9,1013.5,102
28.2,41.5,174.2,2573.0,747.0,116.2,14.5,13.9,3.5,450.0,468.2,17.1,10.1,58.0,28.1,21.61,False,4095,0.0,9.0,427.6,EXT-OPEN-METEO-KHI,KARACHI,OPENSOURCE_API_GRID,239,,,,0.95,True,True,TIER2_OPENSOURCE_PURE;CONTINUOUS_MINUTE_STREAM;VERIFIED_MODEL_GRID,f20002fdf4b28a2bd073b4817224b0a2d38597120ef133faa34fe89e644abb65,2026-09-30T03:58:00+00:00,2026-09-30 08:58:00,67.9,1013.5,102
28.2,41.5,174.3,2573.0,747.0,116.2,14.5,13.9,3.5,450.0,468.0,17.1,10.1,58.0,28.1,21.61,False,4095,0.0,9.0,428.1,EXT-OPEN-METEO-KHI,KARACHI,OPENSOURCE_API_GRID,240,,,,0.95,True,True,TIER2_OPENSOURCE_PURE;CONTINUOUS_MINUTE_STREAM;VERIFIED_MODEL_GRID,ef8d3a0fef4d8b3d0a2583990ea0055b0eb065cbadc64b60ef03b5772f05a4a2,2026-09-30T03:59:00+00:00,2026-09-30 08:59:00,67.9,1013.5,102
28.2,41.5,174.3,2573.0,747.0,116.2,14.5,13.9,3.5,450.0,468.0,17.1,10.1,58.0,28.1,21.61,False,4095,0.0,9.0,428.2,EXT-OPEN-METEO-KHI,KARACHI,OPENSOURCE_API_GRID,241,,,,0.95,True,False,TIER2_OPENSOURCE_PURE;HOURLY_NODE;VERIFIED_MODEL_GRID,0247091bf366b4cde89715342116a1a35121e560e5a5047938a31bb425b2f2f2,2026-09-30T04:00:00+00:00,2026-09-30 09:00:00,67.9,1013.5,103
28.2,41.5,174.4,2573.0,747.0,116.2,14.5,14.0,3.5,450.0,467.9,17.1,10.1,58.0,28.1,21.61,False,4095,0.0,9.0,428.3,EXT-OPEN-METEO-KHI,KARACHI,OPENSOURCE_API_GRID,242,,,,0.95,True,True,TIER2_OPENSOURCE_PURE;CONTINUOUS_MINUTE_STREAM;VERIFIED_MODEL_GRID,d6ec0f0e5ccb516545481611fe8457ae405775baf4d805f4a09884b4de0a17a4,2026-09-30T04:01:00+00:00,2026-09-30 09:01:00,67.9,1013.5,103
28.3,41.6,174.4,2579.2,748.8,116.5,14.6,14.0,3.5,450.0,467.6,17.1,10.1,58.0,28.1,21.61,False,4095,0.0,9.1,428.7,EXT-OPEN-METEO-KHI,KARACHI,OPENSOURCE_API_GRID,243,,,,0.95,True,True,TIER2_OPENSOURCE_PURE;CONTINUOUS_MINUTE_STREAM;VERIFIED_MODEL_GRID,a74cb206b8cbe7c20b57989aab5a75bceee9de6083d01e707443d728055a3b33,2026-09-30T04:02:00+00:00,2026-09-30 09:02:00,67.9,1013.5,103
28.3,41.6,174.5,2579.2,748.8,116.5,14.6,14.0,3.5,450.0,467.2,17.1,10.1,58.1,28.1,21.61,False,4095,0.0,9.1,429.3,EXT-OPEN-METEO-KHI,KARACHI,OPENSOURCE_API_GRID,244,,,,0.95,True,True,TIER2_OPENSOURCE_PURE;CONTINUOUS_MINUTE_STREAM;VERIFIED_MODEL_GRID,2f3ae81335bf65c1261538775659cbffe10fecab0afc764b897f439f62b29f67,2026-09-30T04:03:00+00:00,2026-09-30 09:03:00,67.9,1013.5,103
28.4,41.7,174.6,2585.4,750.6,116.8,14.6,14.0,3.5,450.0,466.5,17.0,10.1,58.2,28.1,21.61,False,4095,0.0,9.2,430.1,EXT-OPEN-METEO-KHI,KARACHI,OPENSOURCE_API_GRID,245,,,,0.95,True,True,TIER2_OPENSOURCE_PURE;CONTINUOUS_MINUTE_STREAM;VERIFIED_MODEL_GRID,d7cf78685078b929509deea9b0bf6f6d1280be9c3565cb2518f78ff019622041,2026-09-30T04:04:00+00:00,2026-09-30 09:04:00,67.9,1013.5,103
28.4,41.7,174.8,2585.4,750.6,116.8,14.6,14.0,3.5,449.9,465.6,17.0,10.1,58.3,28.1,21.61,False,4095,0.0,9.4,431.2,EXT-OPEN-METEO-KHI,KARACHI,OPENSOURCE_API_GRID,246,,,,0.95,True,True,TIER2_OPENSOURCE_PURE;CONTINUOUS_MINUTE_STREAM;VERIFIED_MODEL_GRID,0818aca36018f5ad47fcba517a068a36b2273fdd5c317dcc24302d05b7f7226e,2026-09-30T04:05:00+00:00,2026-09-30 09:05:00,67.9,1013.5,103
28.4,41.8,174.9,2591.6,752.4,117.0,14.6,14.0,3.5,449.9,464.6,17.0,10.1,58.4,28.1,21.59,False,4095,0.0,9.5,432.5,EXT-OPEN-METEO-KHI,KARACHI,OPENSOURCE_API_GRID,247,,,,0.95,True,True,TIER2_OPENSOURCE_PURE;CONTINUOUS_MINUTE_STREAM;VERIFIED_MODEL_GRID,cab32b96400cbf4623d6d027f3a505490048154becb57fe9d3a825a1d2699a54,2026-09-30T04:06:00+00:00,2026-09-30 09:06:00,67.8,1013.5,103
28.5,41.9,175.1,2597.8,754.2,117.3,14.7,14.0,3.5,449.9,463.4,16.9,10.1,58.6,28.1,21.59,False,4095,0.0,9.7,434.1,EXT-OPEN-METEO-KHI,KARACHI,OPENSOURCE_API_GRID,248,,,,0.95,True,True,TIER2_OPENSOURCE_PURE;CONTINUOUS_MINUTE_STREAM;VERIFIED_MODEL_GRID,fbedbc509569201f8bf444d07e864685c38565c46806f7a4af374781158312fd,2026-09-30T04:07:00+00:00,2026-09-30 09:07:00,67.8,1013.5,103
28.4,41.8,175.1,2591.6,752.4,117.0,14.6,14.0,3.5,449.8,462.0,16.8,10.1,58.8,28.2,21.69,False,4095,0.0,10.0,435.8,EXT-OPEN-METEO-KHI,KARACHI,OPENSOURCE_API_GRID,249,,,,0.95,True,True,TIER2_OPENSOURCE_PURE;CONTINUOUS_MINUTE_STREAM;VERIFIED_MODEL_GRID,b7d0670f3fdb055989da54ea8346eea1de392f3f704cb0ecdacaf901bee44a95,2026-09-30T04:08:00+00:00,2026-09-30 09:08:00,67.8,1013.5,103
28.5,41.9,175.3,2597.8,754.2,117.3,14.7,14.0,3.5,449.8,460.5,16.8,10.1,59.0,28.2,21.69,False,4095,0.0,10.2,437.8,EXT-OPEN-METEO-KHI,KARACHI,OPENSOURCE_API_GRID,250,,,,0.95,True,True,TIER2_OPENSOURCE_PURE;CONTINUOUS_MINUTE_STREAM;VERIFIED_MODEL_GRID,98f881f9adff6d6693e1ccdaca351c211f414b6c10ce74fd638c6c53ccfdf2c4,2026-09-30T04:09:00+00:00,2026-09-30 09:09:00,67.8,1013.5,103
28.6,42.0,175.5,2604.0,756.0,117.6,14.7,14.0,3.5,449.7,458.8,16.7,10.0,59.2,28.2,21.66,False,4095,0.0,10.5,440.0,EXT-OPEN-METEO-KHI,KARACHI,OPENSOURCE_API_GRID,251,,,,0.95,True,True,TIER2_OPENSOURCE_PURE;CONTINUOUS_MINUTE_STREAM;VERIFIED_MODEL_GRID,d1d48bed5ae59cf8b33aae781dc62ed1dca644ef94e5d2c7c4a3798d3c50ffee,2026-09-30T04:10:00+00:00,2026-09-30 09:10:00,67.7,1013.5,103
28.6,42.1,175.8,2610.2,757.8,117.9,14.7,14.1,3.5,449.7,456.9,16.6,10.0,59.5,28.2,21.64,False,4095,0.0,10.8,442.5,EXT-OPEN-METEO-KHI,KARACHI,OPENSOURCE_API_GRID,252,,,,0.95,True,True,TIER2_OPENSOURCE_PURE;CONTINUOUS_MINUTE_STREAM;VERIFIED_MODEL_GRID,bd27877dfe55df2e140fc088b1044fd5aebece1aa0bb879d52e2a2a2c47b0f98,2026-09-30T04:11:00+00:00,2026-09-30 09:11:00,67.6,1013.5,103
28.7,42.2,176.0,2616.4,759.6,118.2,14.8,14.1,3.5,449.6,454.8,16.5,10.0,59.7,28.3,21.68,False,4095,0.0,11.1,445.1,EXT-OPEN-METEO-KHI,KARACHI,OPENSOURCE_API_GRID,253,,,,0.95,True,True,TIER2_OPENSOURCE_PURE;CONTINUOUS_MINUTE_STREAM;VERIFIED_MODEL_GRID,7be1d3ddf897229cd544e4837c0949dc6682778c104b2aa1d656c6f36f2d1507,2026-09-30T04:12:00+00:00,2026-09-30 09:12:00,67.4,1013.5,103
28.8,42.3,176.2,2622.6,761.4,118.4,14.8,14.1,3.5,449.6,452.6,16.4,10.0,60.0,28.3,21.66,False,4095,0.0,11.5,447.9,EXT-OPEN-METEO-KHI,KARACHI,OPENSOURCE_API_GRID,254,,,,0.95,True,True,TIER2_OPENSOURCE_PURE;CONTINUOUS_MINUTE_STREAM;VERIFIED_MODEL_GRID,3d89a86f914753ce5404c18a8cbf8696582feb11461e771c68d164040863afff,2026-09-30T04:13:00+00:00,2026-09-30 09:13:00,67.3,1013.5,103
28.8,42.3,176.4,2622.6,761.4,118.4,14.8,14.1,3.5,449.5,450.3,16.3,10.0,60.3,28.3,21.64,False,4095,0.0,11.8,450.9,EXT-OPEN-METEO-KHI,KARACHI,OPENSOURCE_API_GRID,255,,,,0.95,True,True,TIER2_OPENSOURCE_PURE;CONTINUOUS_MINUTE_STREAM;VERIFIED_MODEL_GRID,8f5ac5ded39b52e420c1b39e42e8d4aa94275a292b8955efaa96a78f5fad9858,2026-09-30T04:14:00+00:00,2026-09-30 09:14:00,67.2,1013.5,103
28.8,42.4,176.7,2628.8,763.2,118.7,14.8,14.1,3.5,449.4,447.8,16.2,10.0,60.6,28.3,21.59,False,4095,0.0,12.2,454.1,EXT-OPEN-METEO-KHI,KARACHI,OPENSOURCE_API_GRID,256,,,,0.95,True,True,TIER2_OPENSOURCE_PURE;CONTINUOUS_MINUTE_STREAM;VERIFIED_MODEL_GRID,0107020d6b7c5cb3fb9f07aba8334b784ef5c663078a334b09fab6b2f6421e78,2026-09-30T04:15:00+00:00,2026-09-30 09:15:00,67.0,1013.5,103
28.9,42.5,176.9,2635.0,765.0,119.0,14.9,14.2,3.5,449.3,445.2,16.1,10.0,61.0,28.3,21.56,False,4095,0.0,12.6,457.4,EXT-OPEN-METEO-KHI,KARACHI,OPENSOURCE_API_GRID,257,,,,0.95,True,True,TIER2_OPENSOURCE_PURE;CONTINUOUS_MINUTE_STREAM;VERIFIED_MODEL_GRID,3619ccf9b5bdae072c2cc9bfd4af1fd9949b0ce971c7d7e53aa398d0ca9404eb,2026-09-30T04:16:00+00:00,2026-09-30 09:16:00,66.9,1013.5,103
28.9,42.5,177.1,2635.0,765.0,119.0,14.9,14.2,3.5,449.3,442.4,16.0,10.0,61.3,28.4,21.61,False,4095,0.0,13.1,460.9,EXT-OPEN-METEO-KHI,KARACHI,OPENSOURCE_API_GRID,258,,,,0.95,True,True,TIER2_OPENSOURCE_PURE;CONTINUOUS_MINUTE_STREAM;VERIFIED_MODEL_GRID,0becc537a446ccd3a2c5d973adc5bc70f740d9a00fb756e1f21bfa1b3b6006f7,2026-09-30T04:17:00+00:00,2026-09-30 09:17:00,66.7,1013.5,103
29.0,42.6,177.3,2641.2,766.8,119.3,14.9,14.2,3.5,449.2,439.6,15.9,9.9,61.7,28.4,21.56,False,4095,0.0,13.5,464.6,EXT-OPEN-METEO-KHI,KARACHI,OPENSOURCE_API_GRID,259,,,,0.95,True,True,TIER2_OPENSOURCE_PURE;CONTINUOUS_MINUTE_STREAM;VERIFIED_MODEL_GRID,8a06d6345d858cc8d3c39ae39589d12e3c9d1365495ae1002db4b271dd49da27,2026-09-30T04:18:00+00:00,2026-09-30 09:18:00,66.5,1013.5,103
29.0,42.6,177.5,2641.2,766.8,119.3,14.9,14.2,3.6,449.1,436.6,15.7,9.9,62.1,28.4,21.53,False,4095,0.0,14.0,468.4,EXT-OPEN-METEO-KHI,KARACHI,OPENSOURCE_API_GRID,260,,,,0.95,True,True,TIER2_OPENSOURCE_PURE;CONTINUOUS_MINUTE_STREAM;VERIFIED_MODEL_GRID,d3679972d12a17eaefc96f67351d411c7ce4168ff51ca60105df71741d8fb1ca,2026-09-30T04:19:00+00:00,2026-09-30 09:19:00,66.4,1013.5,103
29.0,42.6,177.8,2641.2,766.8,119.3,14.9,14.2,3.6,449.0,433.5,15.6,9.9,62.5,28.4,21.49,False,4095,0.0,14.5,472.4,EXT-OPEN-METEO-KHI,KARACHI,OPENSOURCE_API_GRID,261,,,,0.95,True,True,TIER2_OPENSOURCE_PURE;CONTINUOUS_MINUTE_STREAM;VERIFIED_MODEL_GRID,ad9160b7eb91c0906d7b793716248c015071042945bca1bae75930d99420ab64,2026-09-30T04:20:00+00:00,2026-09-30 09:20:00,66.2,1013.5,103
29.0,42.7,178.0,2647.4,768.6,119.6,14.9,14.2,3.6,448.9,430.3,15.5,9.9,62.9,28.5,21.53,False,4095,0.0,15.0,476.4,EXT-OPEN-METEO-KHI,KARACHI,OPENSOURCE_API_GRID,262,,,,0.95,True,True,TIER2_OPENSOURCE_PURE;CONTINUOUS_MINUTE_STREAM;VERIFIED_MODEL_GRID,99da8c4e760d76fa37b8d02384884f5a575178bce960eede91e2ed0c7d246345,2026-09-30T04:21:00+00:00,2026-09-30 09:21:00,66.0,1013.5,103
29.0,42.7,178.2,2647.4,768.6,119.6,14.9,14.3,3.6,448.8,427.1,15.3,9.9,63.3,28.5,21.48,False,4095,0.0,15.5,480.6,EXT-OPEN-METEO-KHI,KARACHI,OPENSOURCE_API_GRID,263,,,,0.95,True,True,TIER2_OPENSOURCE_PURE;CONTINUOUS_MINUTE_STREAM;VERIFIED_MODEL_GRID,bde26125bee8caddd3330456ec18a4f9c86e323d2081ee71200c0273ca719026,2026-09-30T04:22:00+00:00,2026-09-30 09:22:00,65.8,1013.5,103
29.1,42.8,178.4,2653.6,770.4,119.8,15.0,14.3,3.6,448.7,423.7,15.2,9.8,63.8,28.5,21.43,False,4095,0.0,16.1,484.9,EXT-OPEN-METEO-KHI,KARACHI,OPENSOURCE_API_GRID,264,,,,0.95,True,True,TIER2_OPENSOURCE_PURE;CONTINUOUS_MINUTE_STREAM;VERIFIED_MODEL_GRID,6f372796e02ecba6e49e2ab84452ecc92ad607713325d7f2b1c9a3f2832629f8,2026-09-30T04:23:00+00:00,2026-09-30 09:23:00,65.6,1013.6,103
29.1,42.8,178.7,2653.6,770.4,119.8,15.0,14.3,3.6,448.6,420.3,15.0,9.8,64.2,28.5,21.38,False,4095,0.0,16.6,489.2,EXT-OPEN-METEO-KHI,KARACHI,OPENSOURCE_API_GRID,265,,,,0.95,True,True,TIER2_OPENSOURCE_PURE;CONTINUOUS_MINUTE_STREAM;VERIFIED_MODEL_GRID,0313b2257ff6d11dd77eab682991a04a8d08d2b0c58738c3656f9160618255e7,2026-09-30T04:24:00+00:00,2026-09-30 09:24:00,65.4,1013.6,103
29.1,42.8,178.9,2653.6,770.4,119.8,15.0,14.3,3.6,448.5,416.9,14.9,9.8,64.7,28.5,21.36,False,4095,0.0,17.2,493.7,EXT-OPEN-METEO-KHI,KARACHI,OPENSOURCE_API_GRID,266,,,,0.95,True,True,TIER2_OPENSOURCE_PURE;CONTINUOUS_MINUTE_STREAM;VERIFIED_MODEL_GRID,d8b0be3e4d92b3e49e3a1d88def2bf92e9ea8de18de5803e638a283eb39fff2e,2026-09-30T04:25:00+00:00,2026-09-30 09:25:00,65.3,1013.6,103
29.2,42.9,179.2,2659.8,772.2,120.1,15.0,14.3,3.6,448.4,413.3,14.7,9.8,65.1,28.6,21.4,False,4095,0.0,17.7,498.2,EXT-OPEN-METEO-KHI,KARACHI,OPENSOURCE_API_GRID,267,,,,0.95,True,True,TIER2_OPENSOURCE_PURE;CONTINUOUS_MINUTE_STREAM;VERIFIED_MODEL_GRID,0de7b921359db303de31753158584ae0388e926398e1a9323a666523ca5ec172,2026-09-30T04:26:00+00:00,2026-09-30 09:26:00,65.1,1013.6,103
29.2,43.0,179.4,2666.0,774.0,120.4,15.0,14.4,3.6,448.3,409.8,14.6,9.8,65.6,28.6,21.35,False,4095,0.0,18.3,502.7,EXT-OPEN-METEO-KHI,KARACHI,OPENSOURCE_API_GRID,268,,,,0.95,True,True,TIER2_OPENSOURCE_PURE;CONTINUOUS_MINUTE_STREAM;VERIFIED_MODEL_GRID,b83737da2b10da6432168cb6ec236e9dc48c42cbd56f64b71c9eeec76c774a4a,2026-09-30T04:27:00+00:00,2026-09-30 09:27:00,64.9,1013.6,103
29.2,43.0,179.7,2666.0,774.0,120.4,15.0,14.4,3.6,448.2,406.2,14.4,9.7,66.1,28.6,21.3,False,4095,0.0,18.9,507.3,EXT-OPEN-METEO-KHI,KARACHI,OPENSOURCE_API_GRID,269,,,,0.95,True,True,TIER2_OPENSOURCE_PURE;CONTINUOUS_MINUTE_STREAM;VERIFIED_MODEL_GRID,debaecfd30830ddae03061c03cf3c47f998ce6e0f33990e0e2681c4f3b33cc27,2026-09-30T04:28:00+00:00,2026-09-30 09:28:00,64.7,1013.6,103
29.3,43.1,180.0,2672.2,775.8,120.7,15.1,14.4,3.6,448.1,402.6,14.3,9.7,66.5,28.6,21.25,False,4095,0.0,19.4,511.9,EXT-OPEN-METEO-KHI,KARACHI,OPENSOURCE_API_GRID,270,,,,0.95,True,True,TIER2_OPENSOURCE_PURE;CONTINUOUS_MINUTE_STREAM;VERIFIED_MODEL_GRID,1ff251a39b87be3b1c21871ef2aff0e27dc62512ce8032c959d98fcf12fb6b8c,2026-09-30T04:29:00+00:00,2026-09-30 09:29:00,64.5,1013.6,103
29.4,43.2,180.4,2678.4,777.6,121.0,15.1,14.4,3.6,448.0,399.0,14.1,9.7,67.0,28.7,21.32,False,4095,0.0,20.0,516.5,EXT-OPEN-METEO-KHI,KARACHI,OPENSOURCE_API_GRID,271,,,,0.95,True,True,TIER2_OPENSOURCE_PURE;CONTINUOUS_MINUTE_STREAM;VERIFIED_MODEL_GRID,4022c8517c21e5935095c5d8fcb268275dbabe02bf5b712ab527256ff51b6989,2026-09-30T04:30:00+00:00,2026-09-30 09:30:00,64.4,1013.6,103
29.4,43.3,180.7,2684.6,779.4,121.2,15.2,14.5,3.6,447.9,395.4,13.9,9.7,67.5,28.7,21.27,False,4095,0.0,20.6,521.2,EXT-OPEN-METEO-KHI,KARACHI,OPENSOURCE_API_GRID,272,,,,0.95,True,True,TIER2_OPENSOURCE_PURE;CONTINUOUS_MINUTE_STREAM;VERIFIED_MODEL_GRID,d5c05b70bd8eeaf996e58109a206347dd155a44b1282f67f6760d160ece5d52f,2026-09-30T04:31:00+00:00,2026-09-30 09:31:00,64.2,1013.6,103
29.5,43.4,181.0,2690.8,781.2,121.5,15.2,14.5,3.6,447.8,391.8,13.8,9.7,67.9,28.7,21.22,False,4095,0.0,21.1,525.8,EXT-OPEN-METEO-KHI,KARACHI,OPENSOURCE_API_GRID,273,,,,0.95,True,True,TIER2_OPENSOURCE_PURE;CONTINUOUS_MINUTE_STREAM;VERIFIED_MODEL_GRID,750caf03edfb8ed9af0ed82efc149e91ab9666dcd5e6f14ab8b7667c95572c48,2026-09-30T04:32:00+00:00,2026-09-30 09:32:00,64.0,1013.6,103
29.6,43.5,181.4,2697.0,783.0,121.8,15.2,14.5,3.6,447.7,388.2,13.6,9.6,68.4,28.7,21.19,False,4095,0.0,21.7,530.4,EXT-OPEN-METEO-KHI,KARACHI,OPENSOURCE_API_GRID,274,,,,0.95,True,True,TIER2_OPENSOURCE_PURE;CONTINUOUS_MINUTE_STREAM;VERIFIED_MODEL_GRID,101efb1b5b85b859a1f842dc9b3e411f0f8c572465447d4e87f4f7e612129f29,2026-09-30T04:33:00+00:00,2026-09-30 09:33:00,63.9,1013.6,103
29.7,43.7,181.8,2709.4,786.6,122.4,15.3,14.5,3.6,447.6,384.7,13.5,9.6,68.9,28.8,21.24,False,4095,0.0,22.3,534.9,EXT-OPEN-METEO-KHI,KARACHI,OPENSOURCE_API_GRID,275,,,,0.95,True,True,TIER2_OPENSOURCE_PURE;CONTINUOUS_MINUTE_STREAM;VERIFIED_MODEL_GRID,db43be6a1072f7f956ff1fb2cb91e023865ced8bb827de23744227846a32078f,2026-09-30T04:34:00+00:00,2026-09-30 09:34:00,63.7,1013.6,103
29.8,43.8,182.1,2715.6,788.4,122.6,15.3,14.6,3.6,447.5,381.1,13.3,9.6,69.3,28.8,21.21,False,4095,0.0,22.8,539.4,EXT-OPEN-METEO-KHI,KARACHI,OPENSOURCE_API_GRID,276,,,,0.95,True,True,TIER2_OPENSOURCE_PURE;CONTINUOUS_MINUTE_STREAM;VERIFIED_MODEL_GRID,3ac5769233b6abd406ee0b077eeb19d3eb4133dc9b54860c61d8141bfddc1f95,2026-09-30T04:35:00+00:00,2026-09-30 09:35:00,63.6,1013.6,103
29.9,43.9,182.5,2721.8,790.2,122.9,15.4,14.6,3.6,447.4,377.7,13.2,9.6,69.8,28.9,21.25,False,4095,0.0,23.4,543.9,EXT-OPEN-METEO-KHI,KARACHI,OPENSOURCE_API_GRID,277,,,,0.95,True,True,TIER2_OPENSOURCE_PURE;CONTINUOUS_MINUTE_STREAM;VERIFIED_MODEL_GRID,669e34cc3f583eb90f081ebeb147d3611bfc92a4721271ab2c1034e5577eb350,2026-09-30T04:36:00+00:00,2026-09-30 09:36:00,63.4,1013.6,103
29.9,44.0,182.9,2728.0,792.0,123.2,15.4,14.6,3.7,447.3,374.3,13.0,9.6,70.2,28.9,21.23,False,4095,0.0,23.9,548.2,EXT-OPEN-METEO-KHI,KARACHI,OPENSOURCE_API_GRID,278,,,,0.95,True,True,TIER2_OPENSOURCE_PURE;CONTINUOUS_MINUTE_STREAM;VERIFIED_MODEL_GRID,73c9304de7ea9c50c71124cc18f6cb3b38d5f9411226a1e013cb923b21ac77aa,2026-09-30T04:37:00+00:00,2026-09-30 09:37:00,63.3,1013.6,103
30.1,44.2,183.2,2740.4,795.6,123.8,15.5,14.7,3.7,447.2,370.9,12.9,9.5,70.7,28.9,21.18,False,4095,0.0,24.5,552.5,EXT-OPEN-METEO-KHI,KARACHI,OPENSOURCE_API_GRID,279,,,,0.95,True,True,TIER2_OPENSOURCE_PURE;CONTINUOUS_MINUTE_STREAM;VERIFIED_MODEL_GRID,8f83b11e4b2af572f5e623bcd27f56d61dd8dfb4949c4aec69d08b8511da2139,2026-09-30T04:38:00+00:00,2026-09-30 09:38:00,63.1,1013.6,103
30.1,44.2,183.4,2740.4,795.6,123.8,15.5,14.7,3.7,447.1,367.7,12.7,9.5,71.1,29.0,21.27,False,4095,0.0,25.0,556.7,EXT-OPEN-METEO-KHI,KARACHI,OPENSOURCE_API_GRID,280,,,,0.95,True,True,TIER2_OPENSOURCE_PURE;CONTINUOUS_MINUTE_STREAM;VERIFIED_MODEL_GRID,e24fb1042d325443338b2feb7381374bcd36957c5f3d776ccdf612ecd84207f0,2026-09-30T04:39:00+00:00,2026-09-30 09:39:00,63.1,1013.6,103
30.1,44.3,183.7,2746.6,797.4,124.0,15.5,14.7,3.7,447.0,364.5,12.6,9.5,71.5,29.0,21.22,False,4095,0.0,25.5,560.7,EXT-OPEN-METEO-KHI,KARACHI,OPENSOURCE_API_GRID,281,,,,0.95,True,True,TIER2_OPENSOURCE_PURE;CONTINUOUS_MINUTE_STREAM;VERIFIED_MODEL_GRID,736c9102c2b75fc2b94fda0e31b51bf0792511aac52985688af48e537e10e1fd,2026-09-30T04:40:00+00:00,2026-09-30 09:40:00,62.9,1013.6,103
30.2,44.4,184.1,2752.8,799.2,124.3,15.5,14.7,3.7,446.9,361.4,12.5,9.5,71.9,29.0,21.17,False,4095,0.0,26.0,564.7,EXT-OPEN-METEO-KHI,KARACHI,OPENSOURCE_API_GRID,282,,,,0.95,True,True,TIER2_OPENSOURCE_PURE;CONTINUOUS_MINUTE_STREAM;VERIFIED_MODEL_GRID,b9b9f9f1cb6e764e5f9bfd4a01f16ae0916f8fccca7cd22298eff613f4cc2905,2026-09-30T04:41:00+00:00,2026-09-30 09:41:00,62.7,1013.6,103
30.3,44.5,184.4,2759.0,801.0,124.6,15.6,14.8,3.7,446.8,358.4,12.3,9.5,72.3,29.1,21.24,False,4095,0.0,26.5,568.5,EXT-OPEN-METEO-KHI,KARACHI,OPENSOURCE_API_GRID,283,,,,0.95,True,True,TIER2_OPENSOURCE_PURE;CONTINUOUS_MINUTE_STREAM;VERIFIED_MODEL_GRID,9c10b57850c498e538d7929f8e5b4bb60cf3451ac960a9464403e0bbc2efd11a,2026-09-30T04:42:00+00:00,2026-09-30 09:42:00,62.6,1013.6,103
30.3,44.6,184.7,2765.2,802.8,124.9,15.6,14.8,3.7,446.7,355.6,12.2,9.4,72.7,29.1,21.18,False,4095,0.0,26.9,572.2,EXT-OPEN-METEO-KHI,KARACHI,OPENSOURCE_API_GRID,284,,,,0.95,True,True,TIER2_OPENSOURCE_PURE;CONTINUOUS_MINUTE_STREAM;VERIFIED_MODEL_GRID,af3c5ccaec207284a5796a20eed6968b236cd5b8661e6a0efc28b53206d267f7,2026-09-30T04:43:00+00:00,2026-09-30 09:43:00,62.4,1013.6,103
30.4,44.7,185.0,2771.4,804.6,125.2,15.6,14.8,3.7,446.7,352.8,12.1,9.4,73.0,29.1,21.16,False,4095,0.0,27.4,575.7,EXT-OPEN-METEO-KHI,KARACHI,OPENSOURCE_API_GRID,285,,,,0.95,True,True,TIER2_OPENSOURCE_PURE;CONTINUOUS_MINUTE_STREAM;VERIFIED_MODEL_GRID,b872a21d141b10f0fff248b42c377a69743460599dacd017311adf0666702e69,2026-09-30T04:44:00+00:00,2026-09-30 09:44:00,62.3,1013.6,103
30.5,44.8,185.2,2777.6,806.4,125.4,15.7,14.8,3.7,446.6,350.2,12.0,9.4,73.4,29.2,21.2,False,4095,0.0,27.8,579.0,EXT-OPEN-METEO-KHI,KARACHI,OPENSOURCE_API_GRID,286,,,,0.95,True,True,TIER2_OPENSOURCE_PURE;CONTINUOUS_MINUTE_STREAM;VERIFIED_MODEL_GRID,6c65acc25d02b368f6a8cea3715414a23d586caf7b647e77e76593066a32bd24,2026-09-30T04:45:00+00:00,2026-09-30 09:45:00,62.1,1013.6,103
30.5,44.9,185.4,2783.8,808.2,125.7,15.7,14.8,3.7,446.5,347.7,11.9,9.4,73.7,29.2,21.17,False,4095,0.0,28.2,582.2,EXT-OPEN-METEO-KHI,KARACHI,OPENSOURCE_API_GRID,287,,,,0.95,True,True,TIER2_OPENSOURCE_PURE;CONTINUOUS_MINUTE_STREAM;VERIFIED_MODEL_GRID,1c1548e7d2c90c4bbc694e53f1a7fa13aa349282609b15b6571fc985a904a607,2026-09-30T04:46:00+00:00,2026-09-30 09:46:00,62.0,1013.6,103
30.5,44.9,185.6,2783.8,808.2,125.7,15.7,14.8,3.7,446.4,345.4,11.8,9.4,74.0,29.2,21.12,False,4095,0.0,28.5,585.2,EXT-OPEN-METEO-KHI,KARACHI,OPENSOURCE_API_GRID,288,,,,0.95,True,True,TIER2_OPENSOURCE_PURE;CONTINUOUS_MINUTE_STREAM;VERIFIED_MODEL_GRID,ee1f5c6036d2647ec499ef189dde199b164b2381ccc4ba58f3048f2eb098cc7b,2026-09-30T04:47:00+00:00,2026-09-30 09:47:00,61.8,1013.6,103
30.6,45.0,185.8,2790.0,810.0,126.0,15.7,14.9,3.7,446.4,343.2,11.7,9.4,74.3,29.2,21.09,False,4095,0.0,28.9,588.0,EXT-OPEN-METEO-KHI,KARACHI,OPENSOURCE_API_GRID,289,,,,0.95,True,True,TIER2_OPENSOURCE_PURE;CONTINUOUS_MINUTE_STREAM;VERIFIED_MODEL_GRID,b20f732192bf015e2e1ce3a08395ae8567ade0cfef355e938ba2dc5988ae0684,2026-09-30T04:48:00+00:00,2026-09-30 09:48:00,61.7,1013.6,103
30.6,45.0,186.0,2790.0,810.0,126.0,15.7,14.9,3.7,446.3,341.1,11.6,9.4,74.5,29.2,21.07,False,4095,0.0,29.2,590.6,EXT-OPEN-METEO-KHI,KARACHI,OPENSOURCE_API_GRID,290,,,,0.95,True,True,TIER2_OPENSOURCE_PURE;CONTINUOUS_MINUTE_STREAM;VERIFIED_MODEL_GRID,cf05209bf9056e9b2eb72f371a4c40ab49a0a14e8319ba3d0be8dd0bd5f188be,2026-09-30T04:49:00+00:00,2026-09-30 09:49:00,61.6,1013.6,103
30.6,45.0,186.1,2790.0,810.0,126.0,15.7,14.9,3.7,446.3,339.2,11.5,9.4,74.8,29.3,21.11,False,4095,0.0,29.5,593.1,EXT-OPEN-METEO-KHI,KARACHI,OPENSOURCE_API_GRID,291,,,,0.95,True,True,TIER2_OPENSOURCE_PURE;CONTINUOUS_MINUTE_STREAM;VERIFIED_MODEL_GRID,4065ed5d0ee65fd3d830046b3e5bbdc65e08cff63454b887a539e7b25c820f59,2026-09-30T04:50:00+00:00,2026-09-30 09:50:00,61.4,1013.6,103
30.6,45.0,186.2,2790.0,810.0,126.0,15.7,14.9,3.7,446.2,337.5,11.4,9.3,75.0,29.3,21.08,False,4095,0.0,29.8,595.3,EXT-OPEN-METEO-KHI,KARACHI,OPENSOURCE_API_GRID,292,,,,0.95,True,True,TIER2_OPENSOURCE_PURE;CONTINUOUS_MINUTE_STREAM;VERIFIED_MODEL_GRID,aecce8b22e626ada957b716582982d95a648bcaf1fd44eacc648285b361fe1fd,2026-09-30T04:51:00+00:00,2026-09-30 09:51:00,61.3,1013.6,103
30.6,45.0,186.3,2790.0,810.0,126.0,15.7,14.9,3.7,446.2,336.0,11.4,9.3,75.2,29.3,21.06,False,4095,0.0,30.0,597.3,EXT-OPEN-METEO-KHI,KARACHI,OPENSOURCE_API_GRID,293,,,,0.95,True,True,TIER2_OPENSOURCE_PURE;CONTINUOUS_MINUTE_STREAM;VERIFIED_MODEL_GRID,2472d052837d642946444603ba23504dc0f07aa36d495c6f1e521c9977d16f12,2026-09-30T04:52:00+00:00,2026-09-30 09:52:00,61.2,1013.6,103
30.6,45.0,186.3,2790.0,810.0,126.0,15.7,14.9,3.7,446.1,334.6,11.3,9.3,75.4,29.3,21.03,False,4095,0.0,30.3,599.0,EXT-OPEN-METEO-KHI,KARACHI,OPENSOURCE_API_GRID,294,,,,0.95,True,True,TIER2_OPENSOURCE_PURE;CONTINUOUS_MINUTE_STREAM;VERIFIED_MODEL_GRID,8c35e2136a189c2b60b9b6f6a067e380ccdfe1c7bd1c326ed5406d97c02f8388,2026-09-30T04:53:00+00:00,2026-09-30 09:53:00,61.1,1013.6,103
30.6,45.0,186.3,2790.0,810.0,126.0,15.7,14.9,3.7,446.1,333.4,11.2,9.3,75.6,29.3,21.03,False,4095,0.0,30.5,600.6,EXT-OPEN-METEO-KHI,KARACHI,OPENSOURCE_API_GRID,295,,,,0.95,True,True,TIER2_OPENSOURCE_PURE;CONTINUOUS_MINUTE_STREAM;VERIFIED_MODEL_GRID,030c676508f25f457594091f09b4e35ec5d2cb03610be2d09021d1a51b70f901,2026-09-30T04:54:00+00:00,2026-09-30 09:54:00,61.1,1013.6,103
30.6,45.0,186.4,2790.0,810.0,126.0,15.7,14.9,3.7,446.1,332.4,11.2,9.3,75.7,29.3,21.0,False,4095,0.0,30.6,601.9,EXT-OPEN-METEO-KHI,KARACHI,OPENSOURCE_API_GRID,296,,,,0.95,True,True,TIER2_OPENSOURCE_PURE;CONTINUOUS_MINUTE_STREAM;VERIFIED_MODEL_GRID,716000e6fdab99cf82061dde5ef89638565bfea1d816b19a188ba91fccfee86d,2026-09-30T04:55:00+00:00,2026-09-30 09:55:00,61.0,1013.6,103
30.5,44.9,186.4,2783.8,808.2,125.7,15.7,14.9,3.7,446.0,331.5,11.2,9.3,75.8,29.3,20.98,False,4095,0.0,30.8,603.0,EXT-OPEN-METEO-KHI,KARACHI,OPENSOURCE_API_GRID,297,,,,0.95,True,True,TIER2_OPENSOURCE_PURE;CONTINUOUS_MINUTE_STREAM;VERIFIED_MODEL_GRID,8b0f36a82376c547a570be9a02c63332bb38005fe9aabd02b8a91df37ba80674,2026-09-30T04:56:00+00:00,2026-09-30 09:56:00,60.9,1013.6,103
30.5,44.9,186.4,2783.8,808.2,125.7,15.7,14.9,3.7,446.0,330.8,11.1,9.3,75.9,29.3,20.98,False,4095,0.0,30.9,603.8,EXT-OPEN-METEO-KHI,KARACHI,OPENSOURCE_API_GRID,298,,,,0.95,True,True,TIER2_OPENSOURCE_PURE;CONTINUOUS_MINUTE_STREAM;VERIFIED_MODEL_GRID,fc6743bb29ec788f6b93f019359fa44f41fa86e76d4fe2c9ee57b9aecd8e8c45,2026-09-30T04:57:00+00:00,2026-09-30 09:57:00,60.9,1013.6,103
30.5,44.9,186.4,2783.8,808.2,125.7,15.7,14.9,3.7,446.0,330.4,11.1,9.3,76.0,29.3,20.98,False,4095,0.0,30.9,604.4,EXT-OPEN-METEO-KHI,KARACHI,OPENSOURCE_API_GRID,299,,,,0.95,True,True,TIER2_OPENSOURCE_PURE;CONTINUOUS_MINUTE_STREAM;VERIFIED_MODEL_GRID,6ded9de0bc7306732b6d7a215f71b9574d209022be96f1371d0818f17b76695c,2026-09-30T04:58:00+00:00,2026-09-30 09:58:00,60.9,1013.6,103
30.5,44.9,186.4,2783.8,808.2,125.7,15.7,14.9,3.7,446.0,330.1,11.1,9.3,76.0,29.3,20.98,False,4095,0.0,31.0,604.8,EXT-OPEN-METEO-KHI,KARACHI,OPENSOURCE_API_GRID,300,,,,0.95,True,True,TIER2_OPENSOURCE_PURE;CONTINUOUS_MINUTE_STREAM;VERIFIED_MODEL_GRID,03ef97e18bb1aef75e57c112f2e2cf0587cac979ae13a6c54231806c3f6023d7,2026-09-30T04:59:00+00:00,2026-09-30 09:59:00,60.9,1013.6,103
30.5,44.9,186.4,2783.8,808.2,125.7,15.7,14.9,3.7,446.0,330.0,11.1,9.3,76.0,29.3,20.98,False,4095,0.0,31.0,604.9,EXT-OPEN-METEO-KHI,KARACHI,OPENSOURCE_API_GRID,301,,,,0.95,True,False,TIER2_OPENSOURCE_PURE;HOURLY_NODE;VERIFIED_MODEL_GRID,509322fff39e9ed688e3b093e5ea1df23cfab94295cf416bf65dc70a319bb869,2026-09-30T05:00:00+00:00,2026-09-30 10:00:00,60.9,1013.6,103
30.5,44.9,186.4,2783.8,808.2,125.7,15.7,14.9,3.7,446.0,329.9,11.1,9.3,76.0,29.3,20.98,False,4095,0.0,31.0,605.0,EXT-OPEN-METEO-KHI,KARACHI,OPENSOURCE_API_GRID,302,,,,0.95,True,True,TIER2_OPENSOURCE_PURE;CONTINUOUS_MINUTE_STREAM;VERIFIED_MODEL_GRID,a65333c638c1298e14f1caf979ad010e38431df83d8dfe11b1312427e34d20c2,2026-09-30T05:01:00+00:00,2026-09-30 10:01:00,60.9,1013.6,103
30.5,44.9,186.4,2783.8,808.2,125.7,15.7,14.9,3.7,446.0,329.7,11.1,9.3,76.0,29.3,20.98,False,4095,0.0,31.1,605.2,EXT-OPEN-METEO-KHI,KARACHI,OPENSOURCE_API_GRID,303,,,,0.95,True,True,TIER2_OPENSOURCE_PURE;CONTINUOUS_MINUTE_STREAM;VERIFIED_MODEL_GRID,0e6346b9db16d9394bbfa813eda03cbfc44553e7821c364ea2302064ff8b5e27,2026-09-30T05:02:00+00:00,2026-09-30 10:02:00,60.9,1013.6,103
30.5,44.9,186.4,2783.8,808.2,125.7,15.7,14.9,3.7,446.0,329.4,11.1,9.3,76.1,29.3,20.98,False,4095,0.0,31.2,605.6,EXT-OPEN-METEO-KHI,KARACHI,OPENSOURCE_API_GRID,304,,,,0.95,True,True,TIER2_OPENSOURCE_PURE;CONTINUOUS_MINUTE_STREAM;VERIFIED_MODEL_GRID,711df7edfc57b2ca4eabdf9d9a507fbcf04390525b8fa3aa923f75f7897c446d,2026-09-30T05:03:00+00:00,2026-09-30 10:03:00,60.9,1013.6,103
30.6,45.0,186.4,2790.0,810.0,126.0,15.7,14.9,3.7,446.0,328.9,11.0,9.3,76.2,29.3,20.98,False,4095,0.0,31.4,606.1,EXT-OPEN-METEO-KHI,KARACHI,OPENSOURCE_API_GRID,305,,,,0.95,True,True,TIER2_OPENSOURCE_PURE;CONTINUOUS_MINUTE_STREAM;VERIFIED_MODEL_GRID,b0d5555e8eaeabdf4a031bc72014953345fcf9d5cb02425cbc1544e5d480f07f,2026-09-30T05:04:00+00:00,2026-09-30 10:04:00,60.9,1013.6,103
30.6,45.0,186.4,2790.0,810.0,126.0,15.7,14.9,3.7,446.0,328.2,11.0,9.3,76.2,29.3,20.98,False,4095,0.0,31.6,606.7,EXT-OPEN-METEO-KHI,KARACHI,OPENSOURCE_API_GRID,306,,,,0.95,True,True,TIER2_OPENSOURCE_PURE;CONTINUOUS_MINUTE_STREAM;VERIFIED_MODEL_GRID,0c40d6917c27abd252dd2a731683da05b5d564271bbb141698f12aabd32f3850,2026-09-30T05:05:00+00:00,2026-09-30 10:05:00,60.9,1013.6,103
30.6,45.0,186.4,2790.0,810.0,126.0,15.7,14.9,3.7,446.0,327.5,11.0,9.3,76.3,29.3,20.98,False,4095,0.0,31.9,607.5,EXT-OPEN-METEO-KHI,KARACHI,OPENSOURCE_API_GRID,307,,,,0.95,True,True,TIER2_OPENSOURCE_PURE;CONTINUOUS_MINUTE_STREAM;VERIFIED_MODEL_GRID,cc79c4db4528725457c125602819ad0a9f3942bdb50b78570842d80b2997df69,2026-09-30T05:06:00+00:00,2026-09-30 10:06:00,60.9,1013.6,103
30.7,45.1,186.4,2796.2,811.8,126.3,15.8,14.9,3.7,445.9,326.6,10.9,9.3,76.5,29.3,20.98,False,4095,0.0,32.2,608.5,EXT-OPEN-METEO-KHI,KARACHI,OPENSOURCE_API_GRID,308,,,,0.95,True,True,TIER2_OPENSOURCE_PURE;CONTINUOUS_MINUTE_STREAM;VERIFIED_MODEL_GRID,6bba5e0a70e4b4fa33e486e3f93d9b3a68960fd92f529cab6b1f1c6c73d6b32a,2026-09-30T05:07:00+00:00,2026-09-30 10:07:00,60.9,1013.6,103
30.7,45.1,186.3,2796.2,811.8,126.3,15.8,14.9,3.7,445.9,325.5,10.9,9.3,76.6,29.3,20.98,False,4095,0.0,32.5,609.5,EXT-OPEN-METEO-KHI,KARACHI,OPENSOURCE_API_GRID,309,,,,0.95,True,True,TIER2_OPENSOURCE_PURE;CONTINUOUS_MINUTE_STREAM;VERIFIED_MODEL_GRID,d4fc8833777d32cebad17cfc1f775c2b0b3dc76dea6b0d5f110acb6d5e88cbb0,2026-09-30T05:08:00+00:00,2026-09-30 10:08:00,60.9,1013.6,103
30.7,45.2,186.3,2802.4,813.6,126.6,15.8,14.9,3.7,445.9,324.4,10.8,9.3,76.8,29.3,20.98,False,4095,0.0,32.9,610.7,EXT-OPEN-METEO-KHI,KARACHI,OPENSOURCE_API_GRID,310,,,,0.95,True,True,TIER2_OPENSOURCE_PURE;CONTINUOUS_MINUTE_STREAM;VERIFIED_MODEL_GRID,59c72a0bdf1eb807b522c74a8be530e0af1cbac9a4cfe14e5789b7136738c5dd,2026-09-30T05:09:00+00:00,2026-09-30 10:09:00,60.9,1013.6,103
30.7,45.1,186.1,2796.2,811.8,126.3,15.8,14.9,3.7,445.9,323.1,10.8,9.2,76.9,29.4,21.07,False,4095,0.0,33.3,612.1,EXT-OPEN-METEO-KHI,KARACHI,OPENSOURCE_API_GRID,311,,,,0.95,True,True,TIER2_OPENSOURCE_PURE;CONTINUOUS_MINUTE_STREAM;VERIFIED_MODEL_GRID,cdbb0d64153c7c809b5a2952f06b203965d0aae911deb87b773f894192eacc91,2026-09-30T05:10:00+00:00,2026-09-30 10:10:00,60.9,1013.6,103
30.7,45.1,186.0,2796.2,811.8,126.3,15.8,14.9,3.7,445.8,321.7,10.7,9.2,77.1,29.4,21.07,False,4095,0.0,33.8,613.5,EXT-OPEN-METEO-KHI,KARACHI,OPENSOURCE_API_GRID,312,,,,0.95,True,True,TIER2_OPENSOURCE_PURE;CONTINUOUS_MINUTE_STREAM;VERIFIED_MODEL_GRID,c26e920f28bdba40a098b00ccf31c6100b8a613ade3d38e8258922f6cd48613f,2026-09-30T05:11:00+00:00,2026-09-30 10:11:00,60.9,1013.6,103
30.7,45.1,185.9,2796.2,811.8,126.3,15.8,14.9,3.7,445.8,320.2,10.7,9.2,77.3,29.4,21.07,False,4095,0.0,34.3,615.1,EXT-OPEN-METEO-KHI,KARACHI,OPENSOURCE_API_GRID,313,,,,0.95,True,True,TIER2_OPENSOURCE_PURE;CONTINUOUS_MINUTE_STREAM;VERIFIED_MODEL_GRID,d249faa6ed4024e87478277f6a7bb45b029af9635df2431d5ecec0d23786afd4,2026-09-30T05:12:00+00:00,2026-09-30 10:12:00,60.9,1013.6,103
30.7,45.2,185.8,2802.4,813.6,126.6,15.8,14.9,3.7,445.8,318.5,10.6,9.2,77.6,29.4,21.04,False,4095,0.0,34.9,616.8,EXT-OPEN-METEO-KHI,KARACHI,OPENSOURCE_API_GRID,314,,,,0.95,True,True,TIER2_OPENSOURCE_PURE;CONTINUOUS_MINUTE_STREAM;VERIFIED_MODEL_GRID,e5e2aeca6c55d46a333661f1ca13a3bd3f9550099df14fddeea8cefb0989991c,2026-09-30T05:13:00+00:00,2026-09-30 10:13:00,60.8,1013.6,103
30.7,45.2,185.7,2802.4,813.6,126.6,15.8,14.9,3.7,445.7,316.8,10.5,9.2,77.8,29.4,21.02,False,4095,0.0,35.5,618.6,EXT-OPEN-METEO-KHI,KARACHI,OPENSOURCE_API_GRID,315,,,,0.95,True,True,TIER2_OPENSOURCE_PURE;CONTINUOUS_MINUTE_STREAM;VERIFIED_MODEL_GRID,d31d4456b810288736a47a59bf49c67665c999584e4ca2073c8612cc0115f12f,2026-09-30T05:14:00+00:00,2026-09-30 10:14:00,60.7,1013.6,103
30.7,45.2,185.6,2802.4,813.6,126.6,15.8,14.8,3.7,445.7,314.9,10.4,9.2,78.1,29.5,21.11,False,4095,0.0,36.1,620.6,EXT-OPEN-METEO-KHI,KARACHI,OPENSOURCE_API_GRID,316,,,,0.95,True,True,TIER2_OPENSOURCE_PURE;CONTINUOUS_MINUTE_STREAM;VERIFIED_MODEL_GRID,a83a9e083538d382b8f60cc90131ce5c77660521526a8f85ba6f1067ea8e6ee4,2026-09-30T05:15:00+00:00,2026-09-30 10:15:00,60.7,1013.6,103
30.7,45.2,185.5,2802.4,813.6,126.6,15.8,14.8,3.7,445.7,313.0,10.3,9.2,78.3,29.5,21.08,False,4095,0.0,36.8,622.6,EXT-OPEN-METEO-KHI,KARACHI,OPENSOURCE_API_GRID,317,,,,0.95,True,True,TIER2_OPENSOURCE_PURE;CONTINUOUS_MINUTE_STREAM;VERIFIED_MODEL_GRID,50b1671d43b21c0e937bbd2b87103546273f99d89aa17dc68624e1cdf79ba3e3,2026-09-30T05:16:00+00:00,2026-09-30 10:16:00,60.6,1013.6,103
30.7,45.2,185.3,2802.4,813.6,126.6,15.8,14.8,3.7,445.6,310.9,10.2,9.1,78.6,29.5,21.06,False,4095,0.0,37.5,624.7,EXT-OPEN-METEO-KHI,KARACHI,OPENSOURCE_API_GRID,318,,,,0.95,True,True,TIER2_OPENSOURCE_PURE;CONTINUOUS_MINUTE_STREAM;VERIFIED_MODEL_GRID,33fc6eca99372a37f6b5dcf39848d1838f78addf9ed4f950a7f46903539029c7,2026-09-30T05:17:00+00:00,2026-09-30 10:17:00,60.5,1013.6,103
30.7,45.2,185.1,2802.4,813.6,126.6,15.8,14.8,3.7,445.6,308.8,10.1,9.1,78.9,29.5,21.03,False,4095,0.0,38.2,627.0,EXT-OPEN-METEO-KHI,KARACHI,OPENSOURCE_API_GRID,319,,,,0.95,True,True,TIER2_OPENSOURCE_PURE;CONTINUOUS_MINUTE_STREAM;VERIFIED_MODEL_GRID,150f26c1581192e5bc4f32b792f9d73d2194f10e4244077560eae82645285bfa,2026-09-30T05:18:00+00:00,2026-09-30 10:18:00,60.4,1013.6,103
30.7,45.2,184.9,2802.4,813.6,126.6,15.8,14.8,3.7,445.5,306.5,10.0,9.1,79.2,29.5,21.0,False,4095,0.0,39.0,629.3,EXT-OPEN-METEO-KHI,KARACHI,OPENSOURCE_API_GRID,320,,,,0.95,True,True,TIER2_OPENSOURCE_PURE;CONTINUOUS_MINUTE_STREAM;VERIFIED_MODEL_GRID,8ce7da5b44925b898d36d6304d9d8d672a0763309d0ef868f8df6213c5c5f877,2026-09-30T05:19:00+00:00,2026-09-30 10:19:00,60.3,1013.6,103
30.7,45.2,184.6,2802.4,813.6,126.6,15.8,14.8,3.7,445.5,304.2,9.9,9.1,79.5,29.5,20.98,False,4095,0.0,39.8,631.6,EXT-OPEN-METEO-KHI,KARACHI,OPENSOURCE_API_GRID,321,,,,0.95,True,True,TIER2_OPENSOURCE_PURE;CONTINUOUS_MINUTE_STREAM;VERIFIED_MODEL_GRID,125fa8e58ba6a943072486e2f8992157a3dd75a17282d9f33f3469bada1d054c,2026-09-30T05:20:00+00:00,2026-09-30 10:20:00,60.2,1013.6,103
30.7,45.1,184.4,2796.2,811.8,126.3,15.8,14.8,3.7,445.5,301.9,9.8,9.1,79.8,29.6,21.04,False,4095,0.0,40.6,634.1,EXT-OPEN-METEO-KHI,KARACHI,OPENSOURCE_API_GRID,322,,,,0.95,True,True,TIER2_OPENSOURCE_PURE;CONTINUOUS_MINUTE_STREAM;VERIFIED_MODEL_GRID,f65ffb2a5bbd2a8a144a5761d34826850e25582efb3b2bae8d71d0171f606ac4,2026-09-30T05:21:00+00:00,2026-09-30 10:21:00,60.1,1013.6,103
30.7,45.1,184.1,2796.2,811.8,126.3,15.8,14.7,3.7,445.4,299.4,9.7,9.0,80.2,29.6,21.01,False,4095,0.0,41.4,636.6,EXT-OPEN-METEO-KHI,KARACHI,OPENSOURCE_API_GRID,323,,,,0.95,True,True,TIER2_OPENSOURCE_PURE;CONTINUOUS_MINUTE_STREAM;VERIFIED_MODEL_GRID,462de9d8c2e4b788fda0922d6e2b9d89744fe71af4ef6c5a8cdb9552a540ab6d,2026-09-30T05:22:00+00:00,2026-09-30 10:22:00,60.0,1013.6,103
30.6,45.0,183.8,2790.0,810.0,126.0,15.7,14.7,3.7,445.4,297.0,9.6,9.0,80.5,29.6,21.01,False,4095,0.0,42.2,639.2,EXT-OPEN-METEO-KHI,KARACHI,OPENSOURCE_API_GRID,324,,,,0.95,True,True,TIER2_OPENSOURCE_PURE;CONTINUOUS_MINUTE_STREAM;VERIFIED_MODEL_GRID,5fa687d644b06c5e54cdd23e76576396b6f86e8b1cfd34355e7826b19ce0c52a,2026-09-30T05:23:00+00:00,2026-09-30 10:23:00,60.0,1013.7,103
30.6,45.0,183.5,2790.0,810.0,126.0,15.7,14.7,3.7,445.3,294.4,9.5,9.0,80.8,29.6,20.99,False,4095,0.0,43.1,641.9,EXT-OPEN-METEO-KHI,KARACHI,OPENSOURCE_API_GRID,325,,,,0.95,True,True,TIER2_OPENSOURCE_PURE;CONTINUOUS_MINUTE_STREAM;VERIFIED_MODEL_GRID,4498b52575008ccce60d3b5777b954ba72a5063c5f064bf42ac311bc66196d94,2026-09-30T05:24:00+00:00,2026-09-30 10:24:00,59.9,1013.7,103
30.5,44.9,183.2,2783.8,808.2,125.7,15.7,14.7,3.7,445.3,291.8,9.4,9.0,81.2,29.6,20.96,False,4095,0.0,44.0,644.6,EXT-OPEN-METEO-KHI,KARACHI,OPENSOURCE_API_GRID,326,,,,0.95,True,True,TIER2_OPENSOURCE_PURE;CONTINUOUS_MINUTE_STREAM;VERIFIED_MODEL_GRID,5db7b0d1643dfe637e7c65dc9caea2ef760720a9ab570ce4ccccfa4a7c75ca44,2026-09-30T05:25:00+00:00,2026-09-30 10:25:00,59.8,1013.7,103
30.5,44.9,182.9,2783.8,808.2,125.7,15.7,14.6,3.7,445.2,289.2,9.2,8.9,81.5,29.6,20.93,False,4095,0.0,44.9,647.3,EXT-OPEN-METEO-KHI,KARACHI,OPENSOURCE_API_GRID,327,,,,0.95,True,True,TIER2_OPENSOURCE_PURE;CONTINUOUS_MINUTE_STREAM;VERIFIED_MODEL_GRID,37ba1f2e83d5e5f25316cf053109814dc197c492accee9dc7ec11510859751ea,2026-09-30T05:26:00+00:00,2026-09-30 10:26:00,59.7,1013.7,103
30.5,44.8,182.6,2777.6,806.4,125.4,15.7,14.6,3.7,445.2,286.6,9.1,8.9,81.9,29.6,20.91,False,4095,0.0,45.8,650.0,EXT-OPEN-METEO-KHI,KARACHI,OPENSOURCE_API_GRID,328,,,,0.95,True,True,TIER2_OPENSOURCE_PURE;CONTINUOUS_MINUTE_STREAM;VERIFIED_MODEL_GRID,6f8ccafa2b8315593b723958d383baa9347f7debb344bde479ad60dd2f8310ed,2026-09-30T05:27:00+00:00,2026-09-30 10:27:00,59.6,1013.7,103
30.5,44.8,182.3,2777.6,806.4,125.4,15.7,14.6,3.6,445.1,283.9,9.0,8.9,82.3,29.6,20.88,False,4095,0.0,46.7,652.8,EXT-OPEN-METEO-KHI,KARACHI,OPENSOURCE_API_GRID,329,,,,0.95,True,True,TIER2_OPENSOURCE_PURE;CONTINUOUS_MINUTE_STREAM;VERIFIED_MODEL_GRID,0701ed8b4d8f5cf21aa5d687b9f2d0a95fa25192725c7b4b8ae6c2ca6ba494ad,2026-09-30T05:28:00+00:00,2026-09-30 10:28:00,59.5,1013.7,103
30.4,44.7,182.0,2771.4,804.6,125.2,15.6,14.6,3.6,445.1,281.2,8.9,8.9,82.6,29.6,20.85,False,4095,0.0,47.6,655.6,EXT-OPEN-METEO-KHI,KARACHI,OPENSOURCE_API_GRID,330,,,,0.95,True,True,TIER2_OPENSOURCE_PURE;CONTINUOUS_MINUTE_STREAM;VERIFIED_MODEL_GRID,7b16e9b677a9510029c50a4658ce0410eb711b5842e5f28eacd042d3a739d79c,2026-09-30T05:29:00+00:00,2026-09-30 10:29:00,59.4,1013.7,103
30.4,44.7,181.8,2771.4,804.6,125.2,15.6,14.5,3.6,445.0,278.5,8.8,8.8,83.0,29.7,20.95,False,4095,0.0,48.5,658.4,EXT-OPEN-METEO-KHI,KARACHI,OPENSOURCE_API_GRID,331,,,,0.95,True,True,TIER2_OPENSOURCE_PURE;CONTINUOUS_MINUTE_STREAM;VERIFIED_MODEL_GRID,53346a4f0fd15ad5b338af55bbca493c2b5de17f040a5e94d4e8040f7f32f942,2026-09-30T05:30:00+00:00,2026-09-30 10:30:00,59.4,1013.7,103
30.4,44.7,181.5,2771.4,804.6,125.2,15.6,14.5,3.6,444.9,275.8,8.6,8.8,83.4,29.7,20.92,False,4095,0.0,49.4,661.2,EXT-OPEN-METEO-KHI,KARACHI,OPENSOURCE_API_GRID,332,,,,0.95,True,True,TIER2_OPENSOURCE_PURE;CONTINUOUS_MINUTE_STREAM;VERIFIED_MODEL_GRID,95e32d5c17199f0e5116159dd41e67f0d8180673ccc3346fed83f1f858a63350,2026-09-30T05:31:00+00:00,2026-09-30 10:31:00,59.3,1013.7,103
30.4,44.7,181.3,2771.4,804.6,125.2,15.6,14.5,3.6,444.9,273.1,8.5,8.8,83.7,29.7,20.89,False,4095,0.0,50.3,664.0,EXT-OPEN-METEO-KHI,KARACHI,OPENSOURCE_API_GRID,333,,,,0.95,True,True,TIER2_OPENSOURCE_PURE;CONTINUOUS_MINUTE_STREAM;VERIFIED_MODEL_GRID,138ffe107d8b7bf82abeadc798854c63b5ab5e4e97aad6e6c4d09e6115961d6d,2026-09-30T05:32:00+00:00,2026-09-30 10:32:00,59.2,1013.7,103
30.4,44.7,181.0,2771.4,804.6,125.2,15.6,14.5,3.6,444.8,270.4,8.4,8.8,84.1,29.7,20.86,False,4095,0.0,51.2,666.8,EXT-OPEN-METEO-KHI,KARACHI,OPENSOURCE_API_GRID,334,,,,0.95,True,True,TIER2_OPENSOURCE_PURE;CONTINUOUS_MINUTE_STREAM;VERIFIED_MODEL_GRID,67394003618f67bc77145292a80a116fd1ab081d8d82c070df5d1e076f5982b7,2026-09-30T05:33:00+00:00,2026-09-30 10:33:00,59.1,1013.7,103
30.4,44.7,180.8,2771.4,804.6,125.2,15.6,14.5,3.6,444.8,267.8,8.3,8.8,84.5,29.7,20.86,False,4095,0.0,52.1,669.5,EXT-OPEN-METEO-KHI,KARACHI,OPENSOURCE_API_GRID,335,,,,0.95,True,True,TIER2_OPENSOURCE_PURE;CONTINUOUS_MINUTE_STREAM;VERIFIED_MODEL_GRID,63f2f9a3847bbae534f260c9e9ca26ec70a612050ba14ddd2da11fe5c81e10e0,2026-09-30T05:34:00+00:00,2026-09-30 10:34:00,59.1,1013.7,103
30.4,44.7,180.6,2771.4,804.6,125.2,15.6,14.4,3.6,444.7,265.2,8.1,8.7,84.8,29.8,20.93,False,4095,0.0,53.0,672.2,EXT-OPEN-METEO-KHI,KARACHI,OPENSOURCE_API_GRID,336,,,,0.95,True,True,TIER2_OPENSOURCE_PURE;CONTINUOUS_MINUTE_STREAM;VERIFIED_MODEL_GRID,513260da74960c4f00a16417d8e7c577c8bd902e16c60d0aad3f42e5f8450692,2026-09-30T05:35:00+00:00,2026-09-30 10:35:00,59.0,1013.7,103
30.4,44.7,180.5,2771.4,804.6,125.2,15.6,14.4,3.6,444.7,262.6,8.0,8.7,85.2,29.8,20.93,False,4095,0.0,53.9,674.9,EXT-OPEN-METEO-KHI,KARACHI,OPENSOURCE_API_GRID,337,,,,0.95,True,True,TIER2_OPENSOURCE_PURE;CONTINUOUS_MINUTE_STREAM;VERIFIED_MODEL_GRID,e15e0a9552e2a86b3bef46a6483aba13488f04bc16e26c1711031a85c6e445d6,2026-09-30T05:36:00+00:00,2026-09-30 10:36:00,59.0,1013.7,103
30.5,44.8,180.3,2777.6,806.4,125.4,15.7,14.4,3.6,444.6,260.0,7.9,8.7,85.5,29.8,20.9,False,4095,0.0,54.8,677.6,EXT-OPEN-METEO-KHI,KARACHI,OPENSOURCE_API_GRID,338,,,,0.95,True,True,TIER2_OPENSOURCE_PURE;CONTINUOUS_MINUTE_STREAM;VERIFIED_MODEL_GRID,3ebf0328d22e5b72c7de08fc24b6ce498a62b084f5514142edab1ddaab43ac37,2026-09-30T05:37:00+00:00,2026-09-30 10:37:00,58.9,1013.7,103
30.5,44.8,180.1,2777.6,806.4,125.4,15.7,14.4,3.6,444.6,257.6,7.8,8.7,85.8,29.8,20.9,False,4095,0.0,55.6,680.2,EXT-OPEN-METEO-KHI,KARACHI,OPENSOURCE_API_GRID,339,,,,0.95,True,True,TIER2_OPENSOURCE_PURE;CONTINUOUS_MINUTE_STREAM;VERIFIED_MODEL_GRID,c2172817d86eb87b211856e1f7163ba3f63277679661f30b4b251507b93fbe48,2026-09-30T05:38:00+00:00,2026-09-30 10:38:00,58.9,1013.7,103
30.5,44.8,180.0,2777.6,806.4,125.4,15.7,14.4,3.6,444.5,255.1,7.7,8.6,86.2,29.9,20.97,False,4095,0.0,56.4,682.7,EXT-OPEN-METEO-KHI,KARACHI,OPENSOURCE_API_GRID,340,,,,0.95,True,True,TIER2_OPENSOURCE_PURE;CONTINUOUS_MINUTE_STREAM;VERIFIED_MODEL_GRID,995f303d545ed3c3ce4a1a2c2fb077b1ae19061e43f9b6465ee40f1ca93461b7,2026-09-30T05:39:00+00:00,2026-09-30 10:39:00,58.8,1013.7,103
30.5,44.9,179.8,2783.8,808.2,125.7,15.7,14.4,3.6,444.5,252.8,7.6,8.6,86.5,29.9,20.97,False,4095,0.0,57.2,685.1,EXT-OPEN-METEO-KHI,KARACHI,OPENSOURCE_API_GRID,341,,,,0.95,True,True,TIER2_OPENSOURCE_PURE;CONTINUOUS_MINUTE_STREAM;VERIFIED_MODEL_GRID,0bb82279e1dbc49be4849754ee3c4396ef2856bbfb8deca80e213b551491146a,2026-09-30T05:40:00+00:00,2026-09-30 10:40:00,58.8,1013.7,103
30.5,44.8,179.5,2777.6,806.4,125.4,15.7,14.4,3.6,444.5,250.5,7.5,8.6,86.8,29.9,20.97,False,4095,0.0,58.0,687.5,EXT-OPEN-METEO-KHI,KARACHI,OPENSOURCE_API_GRID,342,,,,0.95,True,True,TIER2_OPENSOURCE_PURE;CONTINUOUS_MINUTE_STREAM;VERIFIED_MODEL_GRID,d3f36ee75e126ce4f642bbcf4ef4a6d149a2cf9e6bd5f4e7bbadd11dead4c131,2026-09-30T05:41:00+00:00,2026-09-30 10:41:00,58.8,1013.7,103
30.5,44.8,179.4,2777.6,806.4,125.4,15.7,14.4,3.6,444.4,248.2,7.4,8.6,87.1,29.9,20.97,False,4095,0.0,58.8,689.8,EXT-OPEN-METEO-KHI,KARACHI,OPENSOURCE_API_GRID,343,,,,0.95,True,True,TIER2_OPENSOURCE_PURE;CONTINUOUS_MINUTE_STREAM;VERIFIED_MODEL_GRID,b4b62e92380b454d5182c0b9701ed666e54a5e04fa052c85fc89b21ba299b2a0,2026-09-30T05:42:00+00:00,2026-09-30 10:42:00,58.8,1013.7,103
30.5,44.9,179.3,2783.8,808.2,125.7,15.7,14.3,3.6,444.4,246.1,7.3,8.6,87.4,30.0,21.03,False,4095,0.0,59.5,692.1,EXT-OPEN-METEO-KHI,KARACHI,OPENSOURCE_API_GRID,344,,,,0.95,True,True,TIER2_OPENSOURCE_PURE;CONTINUOUS_MINUTE_STREAM;VERIFIED_MODEL_GRID,fe673f599615cb45848e2273fbd98880db768beb07a057acf5c3ca830094a67c,2026-09-30T05:43:00+00:00,2026-09-30 10:43:00,58.7,1013.7,103
30.5,44.9,179.1,2783.8,808.2,125.7,15.7,14.3,3.6,444.3,244.0,7.2,8.5,87.7,30.0,21.01,False,4095,0.0,60.2,694.2,EXT-OPEN-METEO-KHI,KARACHI,OPENSOURCE_API_GRID,345,,,,0.95,True,True,TIER2_OPENSOURCE_PURE;CONTINUOUS_MINUTE_STREAM;VERIFIED_MODEL_GRID,e94826847a470d612fcd526b77415f3f9aaa93f097f01f38e8b547046ce5d40a,2026-09-30T05:44:00+00:00,2026-09-30 10:44:00,58.6,1013.7,103
30.5,44.9,179.0,2783.8,808.2,125.7,15.7,14.3,3.6,444.3,242.1,7.1,8.5,87.9,30.0,21.01,False,4095,0.0,60.9,696.2,EXT-OPEN-METEO-KHI,KARACHI,OPENSOURCE_API_GRID,346,,,,0.95,True,True,TIER2_OPENSOURCE_PURE;CONTINUOUS_MINUTE_STREAM;VERIFIED_MODEL_GRID,797028d51769fa0acc10a365cfa1666d6041834a95a97da8e8034c76c0cdffeb,2026-09-30T05:45:00+00:00,2026-09-30 10:45:00,58.6,1013.7,103
30.5,44.9,178.9,2783.8,808.2,125.7,15.7,14.3,3.6,444.3,240.2,7.0,8.5,88.2,30.0,20.98,False,4095,0.0,61.5,698.2,EXT-OPEN-METEO-KHI,KARACHI,OPENSOURCE_API_GRID,347,,,,0.95,True,True,TIER2_OPENSOURCE_PURE;CONTINUOUS_MINUTE_STREAM;VERIFIED_MODEL_GRID,53a79c854da3994f3bd8c8873bdae89eadc7c6c38e5a0cd3715f00d19f8cc318,2026-09-30T05:46:00+00:00,2026-09-30 10:46:00,58.5,1013.7,103
30.5,44.9,178.7,2783.8,808.2,125.7,15.7,14.3,3.6,444.2,238.5,6.9,8.5,88.4,30.1,21.04,False,4095,0.0,62.1,700.0,EXT-OPEN-METEO-KHI,KARACHI,OPENSOURCE_API_GRID,348,,,,0.95,True,True,TIER2_OPENSOURCE_PURE;CONTINUOUS_MINUTE_STREAM;VERIFIED_MODEL_GRID,ef2fdf6259e14268e511c492104eb99760bfdb59e1c777a60d69ab7ad0029ac3,2026-09-30T05:47:00+00:00,2026-09-30 10:47:00,58.4,1013.7,103
30.5,44.9,178.6,2783.8,808.2,125.7,15.7,14.3,3.6,444.2,236.8,6.8,8.5,88.7,30.1,21.02,False,4095,0.0,62.7,701.7,EXT-OPEN-METEO-KHI,KARACHI,OPENSOURCE_API_GRID,349,,,,0.95,True,True,TIER2_OPENSOURCE_PURE;CONTINUOUS_MINUTE_STREAM;VERIFIED_MODEL_GRID,55165ac121086bb83c7565bf19f66f3a70c3b570fc88f1b1c9d58af6775aa3e9,2026-09-30T05:48:00+00:00,2026-09-30 10:48:00,58.3,1013.7,103
30.5,44.9,178.4,2783.8,808.2,125.7,15.7,14.3,3.6,444.2,235.3,6.8,8.5,88.9,30.1,21.02,False,4095,0.0,63.2,703.3,EXT-OPEN-METEO-KHI,KARACHI,OPENSOURCE_API_GRID,350,,,,0.95,True,True,TIER2_OPENSOURCE_PURE;CONTINUOUS_MINUTE_STREAM;VERIFIED_MODEL_GRID,9c3f7a292cf5b01b69b11cbf8d5353f5241c1dab63bd4fbc4cc48b1685d1640b,2026-09-30T05:49:00+00:00,2026-09-30 10:49:00,58.3,1013.7,103
30.5,44.9,178.3,2783.8,808.2,125.7,15.7,14.3,3.6,444.1,233.9,6.7,8.5,89.1,30.1,20.99,False,4095,0.0,63.7,704.7,EXT-OPEN-METEO-KHI,KARACHI,OPENSOURCE_API_GRID,351,,,,0.95,True,True,TIER2_OPENSOURCE_PURE;CONTINUOUS_MINUTE_STREAM;VERIFIED_MODEL_GRID,1351bf0e085a2b10d5cbc11142ce84356251e17633ca91abeec8ba0262869a1b,2026-09-30T05:50:00+00:00,2026-09-30 10:50:00,58.2,1013.7,103
30.5,44.9,178.1,2783.8,808.2,125.7,15.7,14.2,3.6,444.1,232.6,6.7,8.4,89.2,30.1,20.96,False,4095,0.0,64.1,706.1,EXT-OPEN-METEO-KHI,KARACHI,OPENSOURCE_API_GRID,352,,,,0.95,True,True,TIER2_OPENSOURCE_PURE;CONTINUOUS_MINUTE_STREAM;VERIFIED_MODEL_GRID,aca793633f994a37b7dc83c30b7ba0e37fc56a72386a7c32e4341d195b77926c,2026-09-30T05:51:00+00:00,2026-09-30 10:51:00,58.1,1013.7,103
30.5,44.8,178.0,2777.6,806.4,125.4,15.7,14.2,3.6,444.1,231.5,6.6,8.4,89.4,30.1,20.96,False,4095,0.0,64.5,707.3,EXT-OPEN-METEO-KHI,KARACHI,OPENSOURCE_API_GRID,353,,,,0.95,True,True,TIER2_OPENSOURCE_PURE;CONTINUOUS_MINUTE_STREAM;VERIFIED_MODEL_GRID,fcb39113bfa46d425f580243003b0300ef1a117dbd314de9b37bdbe3cc6d6ad7,2026-09-30T05:52:00+00:00,2026-09-30 10:52:00,58.1,1013.7,103
30.5,44.8,177.8,2777.6,806.4,125.4,15.7,14.2,3.6,444.1,230.4,6.6,8.4,89.5,30.1,20.93,False,4095,0.0,64.8,708.3,EXT-OPEN-METEO-KHI,KARACHI,OPENSOURCE_API_GRID,354,,,,0.95,True,True,TIER2_OPENSOURCE_PURE;CONTINUOUS_MINUTE_STREAM;VERIFIED_MODEL_GRID,d18e3fc56d143fd3f3a339a84d1c0989eb0fa166b734f4e103c8a073e1d4ecb9,2026-09-30T05:53:00+00:00,2026-09-30 10:53:00,58.0,1013.7,103
30.5,44.8,177.7,2777.6,806.4,125.4,15.7,14.2,3.6,444.0,229.5,6.5,8.4,89.7,30.1,20.93,False,4095,0.0,65.1,709.3,EXT-OPEN-METEO-KHI,KARACHI,OPENSOURCE_API_GRID,355,,,,0.95,True,True,TIER2_OPENSOURCE_PURE;CONTINUOUS_MINUTE_STREAM;VERIFIED_MODEL_GRID,9409f5c49d8c18e2e7bdb5fcb2a1ff9f5ed11a65a1ca697befa24a5c576045b6,2026-09-30T05:54:00+00:00,2026-09-30 10:54:00,58.0,1013.7,103
30.4,44.7,177.6,2771.4,804.6,125.2,15.6,14.2,3.6,444.0,228.8,6.5,8.4,89.8,30.1,20.9,False,4095,0.0,65.4,710.1,EXT-OPEN-METEO-KHI,KARACHI,OPENSOURCE_API_GRID,356,,,,0.95,True,True,TIER2_OPENSOURCE_PURE;CONTINUOUS_MINUTE_STREAM;VERIFIED_MODEL_GRID,33c3e606da593fee9e4fe2b058a316bd453b10d4f13ddae0b87479d7c711bb5a,2026-09-30T05:55:00+00:00,2026-09-30 10:55:00,57.9,1013.7,103
30.4,44.7,177.4,2771.4,804.6,125.2,15.6,14.2,3.5,444.0,228.1,6.5,8.4,89.8,30.1,20.9,False,4095,0.0,65.6,710.7,EXT-OPEN-METEO-KHI,KARACHI,OPENSOURCE_API_GRID,357,,,,0.95,True,True,TIER2_OPENSOURCE_PURE;CONTINUOUS_MINUTE_STREAM;VERIFIED_MODEL_GRID,ba5cd907e4151df704c21a731139c7b9dc5e502417af47cd021ebe2c09c77d31,2026-09-30T05:56:00+00:00,2026-09-30 10:56:00,57.9,1013.7,103
30.3,44.6,177.3,2765.2,802.8,124.9,15.6,14.2,3.5,444.0,227.6,6.4,8.4,89.9,30.1,20.9,False,4095,0.0,65.8,711.2,EXT-OPEN-METEO-KHI,KARACHI,OPENSOURCE_API_GRID,358,,,,0.95,True,True,TIER2_OPENSOURCE_PURE;CONTINUOUS_MINUTE_STREAM;VERIFIED_MODEL_GRID,c854e1ee69ecd904db6e7f347edd6830c9e149c853b8eb50a82fb5473892e916,2026-09-30T05:57:00+00:00,2026-09-30 10:57:00,57.9,1013.7,103
30.3,44.6,177.2,2765.2,802.8,124.9,15.6,14.2,3.5,444.0,227.3,6.4,8.4,90.0,30.1,20.9,False,4095,0.0,65.9,711.6,EXT-OPEN-METEO-KHI,KARACHI,OPENSOURCE_API_GRID,359,,,,0.95,True,True,TIER2_OPENSOURCE_PURE;CONTINUOUS_MINUTE_STREAM;VERIFIED_MODEL_GRID,1dd56c1e6b6d663f406b646cd565b5b8af23788294e5500a3078d26bc671858e,2026-09-30T05:58:00+00:00,2026-09-30 10:58:00,57.9,1013.7,103
30.3,44.5,177.2,2759.0,801.0,124.6,15.6,14.2,3.5,444.0,227.1,6.4,8.4,90.0,30.1,20.9,False,4095,0.0,66.0,711.8,EXT-OPEN-METEO-KHI,KARACHI,OPENSOURCE_API_GRID,360,,,,0.95,True,True,TIER2_OPENSOURCE_PURE;CONTINUOUS_MINUTE_STREAM;VERIFIED_MODEL_GRID,ed0508f2253b6c73656d5df4cccf472853b1f92725ffdcc4bd15eefd0f78d1c7,2026-09-30T05:59:00+00:00,2026-09-30 10:59:00,57.9,1013.7,103
30.3,44.5,177.1,2759.0,801.0,124.6,15.6,14.2,3.5,444.0,227.0,6.4,8.4,90.0,30.1,20.9,False,4095,0.0,66.0,711.9,EXT-OPEN-METEO-KHI,KARACHI,OPENSOURCE_API_GRID,361,,,,0.95,True,False,TIER2_OPENSOURCE_PURE;HOURLY_NODE;VERIFIED_MODEL_GRID,ee80096faa71adb79ce31395b76e3ac13ad6d8577ac5c5a8e96d5d49e63046e7,2026-09-30T06:00:00+00:00,2026-09-30 11:00:00,57.9,1013.7,103
30.3,44.5,177.1,2759.0,801.0,124.6,15.6,14.2,3.5,444.0,227.0,6.4,8.4,90.0,30.1,20.9,False,4095,0.0,66.0,711.9,EXT-OPEN-METEO-KHI,KARACHI,OPENSOURCE_API_GRID,362,,,,0.95,True,True,TIER2_OPENSOURCE_PURE;CONTINUOUS_MINUTE_STREAM;VERIFIED_MODEL_GRID,6a77502e5a75bb19df32199b7297b2954b5dcb1dac4b884ffacb727f976f0889,2026-09-30T06:01:00+00:00,2026-09-30 11:01:00,57.9,1013.7,103
30.3,44.5,177.1,2759.0,801.0,124.6,15.6,14.2,3.5,444.0,226.9,6.4,8.4,90.0,30.1,20.9,False,4095,0.0,66.0,712.1,EXT-OPEN-METEO-KHI,KARACHI,OPENSOURCE_API_GRID,363,,,,0.95,True,True,TIER2_OPENSOURCE_PURE;CONTINUOUS_MINUTE_STREAM;VERIFIED_MODEL_GRID,90add437fced45a52ab8564d88a7d6a1857148d159fb336eca411b1d98a0a9dd,2026-09-30T06:02:00+00:00,2026-09-30 11:02:00,57.9,1013.7,103
30.3,44.5,177.0,2759.0,801.0,124.6,15.6,14.2,3.5,444.0,226.8,6.4,8.4,90.0,30.1,20.9,False,4095,0.0,66.0,712.3,EXT-OPEN-METEO-KHI,KARACHI,OPENSOURCE_API_GRID,364,,,,0.95,True,True,TIER2_OPENSOURCE_PURE;CONTINUOUS_MINUTE_STREAM;VERIFIED_MODEL_GRID,a9e18be264852b3ca25c0872910752c5d00c1aa68735cb56a844b5b592288c63,2026-09-30T06:03:00+00:00,2026-09-30 11:03:00,57.9,1013.7,103
30.3,44.5,177.0,2759.0,801.0,124.6,15.6,14.2,3.5,444.0,226.7,6.4,8.4,90.1,30.1,20.9,False,4095,0.0,66.0,712.6,EXT-OPEN-METEO-KHI,KARACHI,OPENSOURCE_API_GRID,365,,,,0.95,True,True,TIER2_OPENSOURCE_PURE;CONTINUOUS_MINUTE_STREAM;VERIFIED_MODEL_GRID,ba38700488c0ecfb551f15082accde13a7c686cd7f13ef2086fc62dc5a58e98c,2026-09-30T06:04:00+00:00,2026-09-30 11:04:00,57.9,1013.7,103
30.3,44.5,176.9,2759.0,801.0,124.6,15.6,14.2,3.5,444.0,226.6,6.4,8.4,90.1,30.1,20.9,False,4095,0.0,66.1,713.0,EXT-OPEN-METEO-KHI,KARACHI,OPENSOURCE_API_GRID,366,,,,0.95,True,True,TIER2_OPENSOURCE_PURE;CONTINUOUS_MINUTE_STREAM;VERIFIED_MODEL_GRID,f220c84d1279dff2f0ccaf83561645fde3c7c71b0ac03a7cd5d57b4923c4a9cf,2026-09-30T06:05:00+00:00,2026-09-30 11:05:00,57.9,1013.7,103
30.3,44.5,176.9,2759.0,801.0,124.6,15.6,14.2,3.5,444.0,226.4,6.4,8.4,90.2,30.1,20.9,False,4095,0.0,66.1,713.5,EXT-OPEN-METEO-KHI,KARACHI,OPENSOURCE_API_GRID,367,,,,0.95,True,True,TIER2_OPENSOURCE_PURE;CONTINUOUS_MINUTE_STREAM;VERIFIED_MODEL_GRID,f6165d724fb439d983a5cfdcda376a90e2833d46781c5f78e9f39360a4c07d5f,2026-09-30T06:06:00+00:00,2026-09-30 11:06:00,57.9,1013.7,103
30.3,44.5,176.8,2759.0,801.0,124.6,15.6,14.1,3.5,444.0,226.1,6.3,8.4,90.2,30.1,20.9,False,4095,0.0,66.1,714.1,EXT-OPEN-METEO-KHI,KARACHI,OPENSOURCE_API_GRID,368,,,,0.95,True,True,TIER2_OPENSOURCE_PURE;CONTINUOUS_MINUTE_STREAM;VERIFIED_MODEL_GRID,fd7166ef084557d62e3f7a8661db438541109f5b2e50d51d462c1b1174162f05,2026-09-30T06:07:00+00:00,2026-09-30 11:07:00,57.9,1013.7,103
30.3,44.6,176.7,2765.2,802.8,124.9,15.6,14.1,3.5,444.0,225.9,6.3,8.4,90.3,30.1,20.9,False,4095,0.0,66.1,714.7,EXT-OPEN-METEO-KHI,KARACHI,OPENSOURCE_API_GRID,369,,,,0.95,True,True,TIER2_OPENSOURCE_PURE;CONTINUOUS_MINUTE_STREAM;VERIFIED_MODEL_GRID,22e278fef386a6f21c9c456dbb618011bf1cffb56b366719853a3eb302e6743a,2026-09-30T06:08:00+00:00,2026-09-30 11:08:00,57.9,1013.7,103
30.3,44.6,176.6,2765.2,802.8,124.9,15.6,14.1,3.5,443.9,225.6,6.3,8.4,90.4,30.1,20.9,False,4095,0.0,66.2,715.5,EXT-OPEN-METEO-KHI,KARACHI,OPENSOURCE_API_GRID,370,,,,0.95,True,True,TIER2_OPENSOURCE_PURE;CONTINUOUS_MINUTE_STREAM;VERIFIED_MODEL_GRID,16698236ea5220c2875de054923ca28f1a684fc53d26ceae7233f28b4959700b,2026-09-30T06:09:00+00:00,2026-09-30 11:09:00,57.9,1013.7,103
30.3,44.6,176.5,2765.2,802.8,124.9,15.6,14.1,3.5,443.9,225.3,6.3,8.4,90.5,30.1,20.93,False,4095,0.0,66.2,716.3,EXT-OPEN-METEO-KHI,KARACHI,OPENSOURCE_API_GRID,371,,,,0.95,True,True,TIER2_OPENSOURCE_PURE;CONTINUOUS_MINUTE_STREAM;VERIFIED_MODEL_GRID,3cf198fd369b03540d10dafe0f10e12ca3520f8f2e6bf62183e0b1b380aa03aa,2026-09-30T06:10:00+00:00,2026-09-30 11:10:00,58.0,1013.7,103
30.3,44.6,176.4,2765.2,802.8,124.9,15.6,14.1,3.5,443.9,224.9,6.3,8.3,90.6,30.1,20.93,False,4095,0.0,66.2,717.2,EXT-OPEN-METEO-KHI,KARACHI,OPENSOURCE_API_GRID,372,,,,0.95,True,True,TIER2_OPENSOURCE_PURE;CONTINUOUS_MINUTE_STREAM;VERIFIED_MODEL_GRID,dafb368e92bbb62516616e8b4e7ac4c1785a48ba89d39258630d541eab98856d,2026-09-30T06:11:00+00:00,2026-09-30 11:11:00,58.0,1013.6,103
30.3,44.5,176.1,2759.0,801.0,124.6,15.6,14.1,3.5,443.9,224.5,6.2,8.3,90.7,30.1,20.96,False,4095,0.0,66.3,718.1,EXT-OPEN-METEO-KHI,KARACHI,OPENSOURCE_API_GRID,373,,,,0.95,True,True,TIER2_OPENSOURCE_PURE;CONTINUOUS_MINUTE_STREAM;VERIFIED_MODEL_GRID,5388f9983a377e21fddbb92d3f471066e01d0cf56d00f003e5e554dd22d5c209,2026-09-30T06:12:00+00:00,2026-09-30 11:12:00,58.1,1013.6,103
30.3,44.5,175.9,2759.0,801.0,124.6,15.6,14.1,3.5,443.9,224.1,6.2,8.3,90.8,30.1,20.93,False,4095,0.0,66.3,719.2,EXT-OPEN-METEO-KHI,KARACHI,OPENSOURCE_API_GRID,374,,,,0.95,True,True,TIER2_OPENSOURCE_PURE;CONTINUOUS_MINUTE_STREAM;VERIFIED_MODEL_GRID,7876ec5120021a400c9c89857ea3921a3e1e37e4b84f80f4cafb13306c4657c1,2026-09-30T06:13:00+00:00,2026-09-30 11:13:00,58.0,1013.6,103
30.3,44.5,175.7,2759.0,801.0,124.6,15.6,14.1,3.5,443.9,223.7,6.2,8.3,90.9,30.1,20.93,False,4095,0.0,66.4,720.3,EXT-OPEN-METEO-KHI,KARACHI,OPENSOURCE_API_GRID,375,,,,0.95,True,True,TIER2_OPENSOURCE_PURE;CONTINUOUS_MINUTE_STREAM;VERIFIED_MODEL_GRID,d752664114949a3b4c1617aae205faf9b6dcf6bd386a5da78030dbd51a8ded04,2026-09-30T06:14:00+00:00,2026-09-30 11:14:00,58.0,1013.6,103
30.3,44.5,175.5,2759.0,801.0,124.6,15.6,14.0,3.5,443.9,223.2,6.1,8.3,91.0,30.2,21.02,False,4095,0.0,66.4,721.4,EXT-OPEN-METEO-KHI,KARACHI,OPENSOURCE_API_GRID,376,,,,0.95,True,True,TIER2_OPENSOURCE_PURE;CONTINUOUS_MINUTE_STREAM;VERIFIED_MODEL_GRID,55e275a6f27c514034e92a0e624f03c086e6490256b5f4262fc0a1069bd4ab7a,2026-09-30T06:15:00+00:00,2026-09-30 11:15:00,58.0,1013.6,103
30.3,44.5,175.3,2759.0,801.0,124.6,15.6,14.0,3.5,443.8,222.7,6.1,8.3,91.2,30.2,21.02,False,4095,0.0,66.5,722.7,EXT-OPEN-METEO-KHI,KARACHI,OPENSOURCE_API_GRID,377,,,,0.95,True,True,TIER2_OPENSOURCE_PURE;CONTINUOUS_MINUTE_STREAM;VERIFIED_MODEL_GRID,d734c754a2059dbd2a52391955969c534d5a26b130075e0fdaac9f60389e5757,2026-09-30T06:16:00+00:00,2026-09-30 11:16:00,58.0,1013.6,103
30.3,44.5,175.1,2759.0,801.0,124.6,15.6,14.0,3.5,443.8,222.2,6.1,8.3,91.3,30.2,21.0,False,4095,0.0,66.6,724.0,EXT-OPEN-METEO-KHI,KARACHI,OPENSOURCE_API_GRID,378,,,,0.95,True,True,TIER2_OPENSOURCE_PURE;CONTINUOUS_MINUTE_STREAM;VERIFIED_MODEL_GRID,0ced8809cccd147adf453e4c4d80ca99d71515c2f36ca4b3e863b8a914406b64,2026-09-30T06:17:00+00:00,2026-09-30 11:17:00,57.9,1013.6,103
30.3,44.5,174.8,2759.0,801.0,124.6,15.6,14.0,3.5,443.8,221.6,6.0,8.3,91.4,30.2,21.0,False,4095,0.0,66.6,725.3,EXT-OPEN-METEO-KHI,KARACHI,OPENSOURCE_API_GRID,379,,,,0.95,True,True,TIER2_OPENSOURCE_PURE;CONTINUOUS_MINUTE_STREAM;VERIFIED_MODEL_GRID,1d7e7124eea0de8000217e1851d5eddde20853f2bf85e32bcee0a244d925ed31,2026-09-30T06:18:00+00:00,2026-09-30 11:18:00,57.9,1013.6,103
30.3,44.5,174.5,2759.0,801.0,124.6,15.6,14.0,3.5,443.8,221.1,6.0,8.2,91.6,30.2,20.97,False,4095,0.0,66.7,726.7,EXT-OPEN-METEO-KHI,KARACHI,OPENSOURCE_API_GRID,380,,,,0.95,True,True,TIER2_OPENSOURCE_PURE;CONTINUOUS_MINUTE_STREAM;VERIFIED_MODEL_GRID,b0bbca8d6c12b19fcd823191b034601e0195273cbece0f062cb1d8b629ec6f91,2026-09-30T06:19:00+00:00,2026-09-30 11:19:00,57.8,1013.6,103
30.2,44.4,174.2,2752.8,799.2,124.3,15.5,13.9,3.5,443.8,220.5,6.0,8.2,91.8,30.2,20.97,False,4095,0.0,66.8,728.2,EXT-OPEN-METEO-KHI,KARACHI,OPENSOURCE_API_GRID,381,,,,0.95,True,True,TIER2_OPENSOURCE_PURE;CONTINUOUS_MINUTE_STREAM;VERIFIED_MODEL_GRID,f311322df282d663e074278ae8897a400bbdfa74c8836e79073c903f88f08e43,2026-09-30T06:20:00+00:00,2026-09-30 11:20:00,57.8,1013.6,103
30.2,44.4,173.9,2752.8,799.2,124.3,15.5,13.9,3.5,443.7,219.9,5.9,8.2,91.9,30.2,20.94,False,4095,0.0,66.8,729.7,EXT-OPEN-METEO-KHI,KARACHI,OPENSOURCE_API_GRID,382,,,,0.95,True,True,TIER2_OPENSOURCE_PURE;CONTINUOUS_MINUTE_STREAM;VERIFIED_MODEL_GRID,d85799d027844175ca616fc6c079bf909089881dc072f4827345da87e2c71f5a,2026-09-30T06:21:00+00:00,2026-09-30 11:21:00,57.7,1013.6,103
30.1,44.3,173.5,2746.6,797.4,124.0,15.5,13.9,3.5,443.7,219.3,5.9,8.2,92.1,30.2,20.94,False,4095,0.0,66.9,731.2,EXT-OPEN-METEO-KHI,KARACHI,OPENSOURCE_API_GRID,383,,,,0.95,True,True,TIER2_OPENSOURCE_PURE;CONTINUOUS_MINUTE_STREAM;VERIFIED_MODEL_GRID,55f43291518a410d1617d8d72c3b6b270ca1ad7d46be65ff8e1c8df17b371c88,2026-09-30T06:22:00+00:00,2026-09-30 11:22:00,57.7,1013.5,103
30.1,44.2,173.1,2740.4,795.6,123.8,15.5,13.8,3.5,443.7,218.7,5.8,8.2,92.2,30.2,20.91,False,4095,0.0,67.0,732.8,EXT-OPEN-METEO-KHI,KARACHI,OPENSOURCE_API_GRID,384,,,,0.95,True,True,TIER2_OPENSOURCE_PURE;CONTINUOUS_MINUTE_STREAM;VERIFIED_MODEL_GRID,41cbb374b2020000a9046b04de46ac98e403fd8dd0d9c15439c4f04a23699a18,2026-09-30T06:23:00+00:00,2026-09-30 11:23:00,57.6,1013.5,103
30.0,44.1,172.7,2734.2,793.8,123.5,15.4,13.8,3.5,443.7,218.0,5.8,8.2,92.4,30.2,20.91,False,4095,0.0,67.0,734.4,EXT-OPEN-METEO-KHI,KARACHI,OPENSOURCE_API_GRID,385,,,,0.95,True,True,TIER2_OPENSOURCE_PURE;CONTINUOUS_MINUTE_STREAM;VERIFIED_MODEL_GRID,3ad82225a171ce0fb644af97fa1bd958dfccb6f1d20f7ce7c88eb99fed80f700,2026-09-30T06:24:00+00:00,2026-09-30 11:24:00,57.6,1013.5,103
29.9,44.0,172.3,2728.0,792.0,123.2,15.4,13.8,3.4,443.6,217.4,5.7,8.1,92.6,30.2,20.88,False,4095,0.0,67.1,736.1,EXT-OPEN-METEO-KHI,KARACHI,OPENSOURCE_API_GRID,386,,,,0.95,True,True,TIER2_OPENSOURCE_PURE;CONTINUOUS_MINUTE_STREAM;VERIFIED_MODEL_GRID,ffc979f2c6217a7296adfafbf4518b3952fb939cbb71f27784a22761ce16e64e,2026-09-30T06:25:00+00:00,2026-09-30 11:25:00,57.5,1013.5,103
29.9,44.0,171.9,2728.0,792.0,123.2,15.4,13.8,3.4,443.6,216.7,5.7,8.1,92.8,30.2,20.88,False,4095,0.0,67.2,737.7,EXT-OPEN-METEO-KHI,KARACHI,OPENSOURCE_API_GRID,387,,,,0.95,True,True,TIER2_OPENSOURCE_PURE;CONTINUOUS_MINUTE_STREAM;VERIFIED_MODEL_GRID,6f5a166940096d1bd3e8393947bec7d66939b723703f82cee90c1658faa1d1cf,2026-09-30T06:26:00+00:00,2026-09-30 11:26:00,57.5,1013.5,103
29.9,43.9,171.4,2721.8,790.2,122.9,15.4,13.7,3.4,443.6,216.0,5.6,8.1,93.0,30.2,20.88,False,4095,0.0,67.3,739.4,EXT-OPEN-METEO-KHI,KARACHI,OPENSOURCE_API_GRID,388,,,,0.95,True,True,TIER2_OPENSOURCE_PURE;CONTINUOUS_MINUTE_STREAM;VERIFIED_MODEL_GRID,81576868a49d4d0a5fa4794014bef19ed383f3f7fdaf0610ee3c2c095b6b8a51,2026-09-30T06:27:00+00:00,2026-09-30 11:27:00,57.5,1013.5,103
29.8,43.8,171.0,2715.6,788.4,122.6,15.3,13.7,3.4,443.6,215.4,5.6,8.1,93.1,30.2,20.86,False,4095,0.0,67.3,741.1,EXT-OPEN-METEO-KHI,KARACHI,OPENSOURCE_API_GRID,389,,,,0.95,True,True,TIER2_OPENSOURCE_PURE;CONTINUOUS_MINUTE_STREAM;VERIFIED_MODEL_GRID,a9106a58da1bd770e82c4ca030dac235a32163363bcf083251ca5754dfc768c1,2026-09-30T06:28:00+00:00,2026-09-30 11:28:00,57.4,1013.4,103
29.7,43.7,170.6,2709.4,786.6,122.4,15.3,13.6,3.4,443.5,214.7,5.5,8.1,93.3,30.2,20.86,False,4095,0.0,67.4,742.8,EXT-OPEN-METEO-KHI,KARACHI,OPENSOURCE_API_GRID,390,,,,0.95,True,True,TIER2_OPENSOURCE_PURE;CONTINUOUS_MINUTE_STREAM;VERIFIED_MODEL_GRID,f50377a713b042e188020b8874e18f64dcdadf1a832a3259db17be67eaa6608e,2026-09-30T06:29:00+00:00,2026-09-30 11:29:00,57.4,1013.4,103
29.6,43.6,170.2,2703.2,784.8,122.1,15.3,13.6,3.4,443.5,214.0,5.5,8.1,93.5,30.2,20.86,False,4095,0.0,67.5,744.5,EXT-OPEN-METEO-KHI,KARACHI,OPENSOURCE_API_GRID,391,,,,0.95,True,True,TIER2_OPENSOURCE_PURE;CONTINUOUS_MINUTE_STREAM;VERIFIED_MODEL_GRID,521cb59d4aa4fdb55c099448835a539cc6f864827c424118fea22f393d7c3c10,2026-09-30T06:30:00+00:00,2026-09-30 11:30:00,57.4,1013.4,103
29.6,43.5,169.8,2697.0,783.0,121.8,15.2,13.6,3.4,443.5,213.3,5.5,8.0,93.7,30.2,20.83,False,4095,0.0,67.6,746.2,EXT-OPEN-METEO-KHI,KARACHI,OPENSOURCE_API_GRID,392,,,,0.95,True,True,TIER2_OPENSOURCE_PURE;CONTINUOUS_MINUTE_STREAM;VERIFIED_MODEL_GRID,de9829e74dc5d8de527e34d7a7c2bcd66b62565e3e832f788aae4a67c9b47b75,2026-09-30T06:31:00+00:00,2026-09-30 11:31:00,57.3,1013.4,103
29.6,43.5,169.4,2697.0,783.0,121.8,15.2,13.6,3.4,443.4,212.6,5.4,8.0,93.9,30.2,20.83,False,4095,0.0,67.7,747.9,EXT-OPEN-METEO-KHI,KARACHI,OPENSOURCE_API_GRID,393,,,,0.95,True,True,TIER2_OPENSOURCE_PURE;CONTINUOUS_MINUTE_STREAM;VERIFIED_MODEL_GRID,a94d63c38ecb040a216819923b2f3d0396759bdb8b741ff0470b062397895903,2026-09-30T06:32:00+00:00,2026-09-30 11:32:00,57.3,1013.4,103
29.5,43.4,169.0,2690.8,781.2,121.5,15.2,13.5,3.4,443.4,212.0,5.4,8.0,94.0,30.2,20.83,False,4095,0.0,67.7,749.6,EXT-OPEN-METEO-KHI,KARACHI,OPENSOURCE_API_GRID,394,,,,0.95,True,True,TIER2_OPENSOURCE_PURE;CONTINUOUS_MINUTE_STREAM;VERIFIED_MODEL_GRID,ab67c1492b0531ab4c407ce05802771e74cb67240d188534874d485e2dbaec71,2026-09-30T06:33:00+00:00,2026-09-30 11:33:00,57.3,1013.4,103
29.5,43.4,168.6,2690.8,781.2,121.5,15.2,13.5,3.4,443.4,211.3,5.3,8.0,94.2,30.2,20.83,False,4095,0.0,67.8,751.3,EXT-OPEN-METEO-KHI,KARACHI,OPENSOURCE_API_GRID,395,,,,0.95,True,True,TIER2_OPENSOURCE_PURE;CONTINUOUS_MINUTE_STREAM;VERIFIED_MODEL_GRID,7cb6720ea7fc3dff8719a3355b384f20a33e8b536ae883d96669e5db4a71261e,2026-09-30T06:34:00+00:00,2026-09-30 11:34:00,57.3,1013.3,103
29.4,43.3,168.3,2684.6,779.4,121.2,15.2,13.5,3.4,443.4,210.6,5.3,8.0,94.4,30.2,20.83,False,4095,0.0,67.9,752.9,EXT-OPEN-METEO-KHI,KARACHI,OPENSOURCE_API_GRID,396,,,,0.95,True,True,TIER2_OPENSOURCE_PURE;CONTINUOUS_MINUTE_STREAM;VERIFIED_MODEL_GRID,ee3e40ce767727c320751a8247866a3f8046b67bcbc490049d1806821530abb6,2026-09-30T06:35:00+00:00,2026-09-30 11:35:00,57.3,1013.3,103
29.4,43.3,168.0,2684.6,779.4,121.2,15.2,13.4,3.4,443.3,210.0,5.2,7.9,94.6,30.2,20.8,False,4095,0.0,68.0,754.6,EXT-OPEN-METEO-KHI,KARACHI,OPENSOURCE_API_GRID,397,,,,0.95,True,True,TIER2_OPENSOURCE_PURE;CONTINUOUS_MINUTE_STREAM;VERIFIED_MODEL_GRID,2a698ae50c922c009357225bbe204996b7cfcffed6648d320987154d32a6f5ca,2026-09-30T06:36:00+00:00,2026-09-30 11:36:00,57.2,1013.3,103
29.4,43.3,167.7,2684.6,779.4,121.2,15.2,13.4,3.4,443.3,209.3,5.2,7.9,94.8,30.2,20.8,False,4095,0.0,68.0,756.2,EXT-OPEN-METEO-KHI,KARACHI,OPENSOURCE_API_GRID,398,,,,0.95,True,True,TIER2_OPENSOURCE_PURE;CONTINUOUS_MINUTE_STREAM;VERIFIED_MODEL_GRID,481a8f900e9b88e1cc7946ef1a271e10714907199bad7d0eb4bdb7283e176fe8,2026-09-30T06:37:00+00:00,2026-09-30 11:37:00,57.2,1013.3,103
29.4,43.3,167.4,2684.6,779.4,121.2,15.2,13.4,3.3,443.3,208.7,5.1,7.9,94.9,30.2,20.8,False,4095,0.0,68.1,757.8,EXT-OPEN-METEO-KHI,KARACHI,OPENSOURCE_API_GRID,399,,,,0.95,True,True,TIER2_OPENSOURCE_PURE;CONTINUOUS_MINUTE_STREAM;VERIFIED_MODEL_GRID,46470bf0bc2a30e7cfcbe9183d0b345973b6d3e89131c1d95393d69cce766cf5,2026-09-30T06:38:00+00:00,2026-09-30 11:38:00,57.2,1013.3,103
29.4,43.3,167.1,2684.6,779.4,121.2,15.2,13.4,3.3,443.3,208.1,5.1,7.9,95.1,30.2,20.8,False,4095,0.0,68.2,759.3,EXT-OPEN-METEO-KHI,KARACHI,OPENSOURCE_API_GRID,400,,,,0.95,True,True,TIER2_OPENSOURCE_PURE;CONTINUOUS_MINUTE_STREAM;VERIFIED_MODEL_GRID,d6646066fe58cafb958364ad69a13da31f599c6d46abcc70cea54bf009dd5434,2026-09-30T06:39:00+00:00,2026-09-30 11:39:00,57.2,1013.3,103
29.4,43.3,166.9,2684.6,779.4,121.2,15.2,13.4,3.3,443.2,207.5,5.0,7.9,95.2,30.2,20.8,False,4095,0.0,68.2,760.8,EXT-OPEN-METEO-KHI,KARACHI,OPENSOURCE_API_GRID,401,,,,0.95,True,True,TIER2_OPENSOURCE_PURE;CONTINUOUS_MINUTE_STREAM;VERIFIED_MODEL_GRID,d082f549bc32fb13072d09eb097f9b8c076dc2b85be61164db43d902117be897,2026-09-30T06:40:00+00:00,2026-09-30 11:40:00,57.2,1013.2,103
29.4,43.3,166.6,2684.6,779.4,121.2,15.2,13.3,3.3,443.2,206.9,5.0,7.9,95.4,30.2,20.8,False,4095,0.0,68.3,762.3,EXT-OPEN-METEO-KHI,KARACHI,OPENSOURCE_API_GRID,402,,,,0.95,True,True,TIER2_OPENSOURCE_PURE;CONTINUOUS_MINUTE_STREAM;VERIFIED_MODEL_GRID,948e752b4d2e438757131744f6a45649f7b3ecd3849e2947066fa2f1755f695f,2026-09-30T06:41:00+00:00,2026-09-30 11:41:00,57.2,1013.2,103
29.4,43.3,166.4,2684.6,779.4,121.2,15.2,13.3,3.3,443.2,206.4,5.0,7.8,95.6,30.2,20.8,False,4095,0.0,68.4,763.7,EXT-OPEN-METEO-KHI,KARACHI,OPENSOURCE_API_GRID,403,,,,0.95,True,True,TIER2_OPENSOURCE_PURE;CONTINUOUS_MINUTE_STREAM;VERIFIED_MODEL_GRID,28128b622f7282a3be450651840297fc70df0f7c3387dba9d2d802aaa9a0cf39,2026-09-30T06:42:00+00:00,2026-09-30 11:42:00,57.2,1013.2,103
29.4,43.2,166.0,2678.4,777.6,121.0,15.1,13.3,3.3,443.2,205.8,4.9,7.8,95.7,30.3,20.92,False,4095,0.0,68.4,765.0,EXT-OPEN-METEO-KHI,KARACHI,OPENSOURCE_API_GRID,404,,,,0.95,True,True,TIER2_OPENSOURCE_PURE;CONTINUOUS_MINUTE_STREAM;VERIFIED_MODEL_GRID,b1fe46e157861a4acf5f75f41191e803930549a63a3e3299732e902fe99f78e0,2026-09-30T06:43:00+00:00,2026-09-30 11:43:00,57.3,1013.2,103
29.4,43.2,165.8,2678.4,777.6,121.0,15.1,13.3,3.3,443.2,205.3,4.9,7.8,95.8,30.3,20.92,False,4095,0.0,68.5,766.3,EXT-OPEN-METEO-KHI,KARACHI,OPENSOURCE_API_GRID,405,,,,0.95,True,True,TIER2_OPENSOURCE_PURE;CONTINUOUS_MINUTE_STREAM;VERIFIED_MODEL_GRID,91b2c4c4827ee1366aee81e6ee20349519c1ecda5c8635613abc00781abcdcd0,2026-09-30T06:44:00+00:00,2026-09-30 11:44:00,57.3,1013.2,103
29.4,43.2,165.6,2678.4,777.6,121.0,15.1,13.2,3.3,443.1,204.8,4.9,7.8,96.0,30.3,20.92,False,4095,0.0,68.6,767.6,EXT-OPEN-METEO-KHI,KARACHI,OPENSOURCE_API_GRID,406,,,,0.95,True,True,TIER2_OPENSOURCE_PURE;CONTINUOUS_MINUTE_STREAM;VERIFIED_MODEL_GRID,52602f256ef90ef739ea365607b7c5b9a51cd062cfa96c86f5f41e57d8b71478,2026-09-30T06:45:00+00:00,2026-09-30 11:45:00,57.3,1013.2,103
29.4,43.2,165.4,2678.4,777.6,121.0,15.1,13.2,3.3,443.1,204.3,4.8,7.8,96.1,30.3,20.92,False,4095,0.0,68.6,768.7,EXT-OPEN-METEO-KHI,KARACHI,OPENSOURCE_API_GRID,407,,,,0.95,True,True,TIER2_OPENSOURCE_PURE;CONTINUOUS_MINUTE_STREAM;VERIFIED_MODEL_GRID,527cf86cb1b66f842cf1ff47b33803a88634fd5297da29cc54df5015ba249532,2026-09-30T06:46:00+00:00,2026-09-30 11:46:00,57.3,1013.2,103
29.4,43.2,165.2,2678.4,777.6,121.0,15.1,13.2,3.3,443.1,203.9,4.8,7.8,96.2,30.3,20.89,False,4095,0.0,68.7,769.8,EXT-OPEN-METEO-KHI,KARACHI,OPENSOURCE_API_GRID,408,,,,0.95,True,True,TIER2_OPENSOURCE_PURE;CONTINUOUS_MINUTE_STREAM;VERIFIED_MODEL_GRID,a35704a867025cce1f9d90bdf1c46726dc5f6cb5be0e8d95e0c49a03d2b945c3,2026-09-30T06:47:00+00:00,2026-09-30 11:47:00,57.2,1013.2,103
29.4,43.2,165.0,2678.4,777.6,121.0,15.1,13.2,3.3,443.1,203.5,4.8,7.8,96.3,30.3,20.89,False,4095,0.0,68.7,770.9,EXT-OPEN-METEO-KHI,KARACHI,OPENSOURCE_API_GRID,409,,,,0.95,True,True,TIER2_OPENSOURCE_PURE;CONTINUOUS_MINUTE_STREAM;VERIFIED_MODEL_GRID,46098aa2e2a64122738a68b06fdf74cc4a6feb6bfb1c00e316e9260e0cc84057,2026-09-30T06:48:00+00:00,2026-09-30 11:48:00,57.2,1013.2,103
29.3,43.1,164.8,2672.2,775.8,120.7,15.1,13.2,3.3,443.1,203.1,4.7,7.8,96.4,30.3,20.89,False,4095,0.0,68.8,771.8,EXT-OPEN-METEO-KHI,KARACHI,OPENSOURCE_API_GRID,410,,,,0.95,True,True,TIER2_OPENSOURCE_PURE;CONTINUOUS_MINUTE_STREAM;VERIFIED_MODEL_GRID,d6985cdbeb72e05c5ec23b620858b0939cf8ef086b3020b9a30ee898019d6394,2026-09-30T06:49:00+00:00,2026-09-30 11:49:00,57.2,1013.2,103
29.3,43.1,164.6,2672.2,775.8,120.7,15.1,13.2,3.3,443.1,202.7,4.7,7.7,96.5,30.3,20.86,False,4095,0.0,68.8,772.7,EXT-OPEN-METEO-KHI,KARACHI,OPENSOURCE_API_GRID,411,,,,0.95,True,True,TIER2_OPENSOURCE_PURE;CONTINUOUS_MINUTE_STREAM;VERIFIED_MODEL_GRID,2ecbbd03ec29b3934a8e51223070994692a4c97839cddbf1f82eed6cd0e26b11,2026-09-30T06:50:00+00:00,2026-09-30 11:50:00,57.1,1013.2,103
29.3,43.1,164.5,2672.2,775.8,120.7,15.1,13.2,3.3,443.1,202.4,4.7,7.7,96.6,30.3,20.86,False,4095,0.0,68.8,773.5,EXT-OPEN-METEO-KHI,KARACHI,OPENSOURCE_API_GRID,412,,,,0.95,True,True,TIER2_OPENSOURCE_PURE;CONTINUOUS_MINUTE_STREAM;VERIFIED_MODEL_GRID,12d6a934bfaed7a1730df6e3b56fe60d1446b6ae2609e9e103559653578365f8,2026-09-30T06:51:00+00:00,2026-09-30 11:51:00,57.1,1013.1,103
29.3,43.1,164.3,2672.2,775.8,120.7,15.1,13.1,3.3,443.0,202.1,4.7,7.7,96.7,30.3,20.86,False,4095,0.0,68.9,774.3,EXT-OPEN-METEO-KHI,KARACHI,OPENSOURCE_API_GRID,413,,,,0.95,True,True,TIER2_OPENSOURCE_PURE;CONTINUOUS_MINUTE_STREAM;VERIFIED_MODEL_GRID,299017ddc70254504fa89f9844bdd45debff1197ef5effbabac7684f4f40e678,2026-09-30T06:52:00+00:00,2026-09-30 11:52:00,57.1,1013.1,103
29.2,43.0,164.1,2666.0,774.0,120.4,15.0,13.1,3.3,443.0,201.9,4.7,7.7,96.8,30.3,20.83,False,4095,0.0,68.9,774.9,EXT-OPEN-METEO-KHI,KARACHI,OPENSOURCE_API_GRID,414,,,,0.95,True,True,TIER2_OPENSOURCE_PURE;CONTINUOUS_MINUTE_STREAM;VERIFIED_MODEL_GRID,aaddbecd01fee9870c92295fb75aa1332dcf4fcd73bc861a9368d99d87d7bea4,2026-09-30T06:53:00+00:00,2026-09-30 11:53:00,57.0,1013.1,103
29.2,43.0,163.9,2666.0,774.0,120.4,15.0,13.1,3.3,443.0,201.6,4.6,7.7,96.8,30.3,20.83,False,4095,0.0,68.9,775.5,EXT-OPEN-METEO-KHI,KARACHI,OPENSOURCE_API_GRID,415,,,,0.95,True,True,TIER2_OPENSOURCE_PURE;CONTINUOUS_MINUTE_STREAM;VERIFIED_MODEL_GRID,29eb329870394765678a8aabc8fce8294c0dac998d43acd8587127e5a24118c2,2026-09-30T06:54:00+00:00,2026-09-30 11:54:00,57.0,1013.1,103
29.2,42.9,163.8,2659.8,772.2,120.1,15.0,13.1,3.3,443.0,201.4,4.6,7.7,96.9,30.3,20.83,False,4095,0.0,68.9,776.0,EXT-OPEN-METEO-KHI,KARACHI,OPENSOURCE_API_GRID,416,,,,0.95,True,True,TIER2_OPENSOURCE_PURE;CONTINUOUS_MINUTE_STREAM;VERIFIED_MODEL_GRID,e24164cf537a3b90b91e81037cf508627b263bb518aaca2d34dd3e5933e13f4c,2026-09-30T06:55:00+00:00,2026-09-30 11:55:00,57.0,1013.1,103
29.2,42.9,163.6,2659.8,772.2,120.1,15.0,13.1,3.3,443.0,201.3,4.6,7.7,96.9,30.3,20.81,False,4095,0.0,69.0,776.4,EXT-OPEN-METEO-KHI,KARACHI,OPENSOURCE_API_GRID,417,,,,0.95,True,True,TIER2_OPENSOURCE_PURE;CONTINUOUS_MINUTE_STREAM;VERIFIED_MODEL_GRID,644d1ea5071afe3b74a9453546fbe9b4ceff070cee211cefc0c7077122eb0c62,2026-09-30T06:56:00+00:00,2026-09-30 11:56:00,56.9,1013.1,103
29.1,42.8,163.5,2653.6,770.4,119.8,15.0,13.1,3.3,443.0,201.2,4.6,7.7,97.0,30.3,20.81,False,4095,0.0,69.0,776.7,EXT-OPEN-METEO-KHI,KARACHI,OPENSOURCE_API_GRID,418,,,,0.95,True,True,TIER2_OPENSOURCE_PURE;CONTINUOUS_MINUTE_STREAM;VERIFIED_MODEL_GRID,326ec7b6a1080a7311891654f6a82443c2f3a75594f238004e5a6403790be9be,2026-09-30T06:57:00+00:00,2026-09-30 11:57:00,56.9,1013.1,103
29.1,42.8,163.4,2653.6,770.4,119.8,15.0,13.1,3.3,443.0,201.1,4.6,7.7,97.0,30.3,20.81,False,4095,0.0,69.0,776.9,EXT-OPEN-METEO-KHI,KARACHI,OPENSOURCE_API_GRID,419,,,,0.95,True,True,TIER2_OPENSOURCE_PURE;CONTINUOUS_MINUTE_STREAM;VERIFIED_MODEL_GRID,d067a4c020b5679180a6cfb316768deacc6a8a23d9bfff0bf3bb323d486bd7f4,2026-09-30T06:58:00+00:00,2026-09-30 11:58:00,56.9,1013.1,103
29.0,42.7,163.3,2647.4,768.6,119.6,14.9,13.1,3.3,443.0,201.0,4.6,7.7,97.0,30.3,20.81,False,4095,0.0,69.0,777.1,EXT-OPEN-METEO-KHI,KARACHI,OPENSOURCE_API_GRID,420,,,,0.95,True,True,TIER2_OPENSOURCE_PURE;CONTINUOUS_MINUTE_STREAM;VERIFIED_MODEL_GRID,3de013e47402cf4ca8daf1bd92947db2971f1fb50f356af3ea6fc2fdb179a593,2026-09-30T06:59:00+00:00,2026-09-30 11:59:00,56.9,1013.1,103
29.0,42.7,163.2,2647.4,768.6,119.6,14.9,13.1,3.3,443.0,201.0,4.6,7.7,97.0,30.3,20.81,False,4095,0.0,69.0,777.1,EXT-OPEN-METEO-KHI,KARACHI,OPENSOURCE_API_GRID,421,,,,0.95,True,False,TIER2_OPENSOURCE_PURE;HOURLY_NODE;VERIFIED_MODEL_GRID,a62d8d8bb2ac66b5a30dd12ae2721a23e744519f37bc736529b94bdff308ebef,2026-09-30T07:00:00+00:00,2026-09-30 12:00:00,56.9,1013.1,103
29.0,42.6,163.2,2641.2,766.8,119.3,14.9,13.1,3.3,443.0,201.0,4.6,7.7,97.0,30.3,20.81,False,4095,0.0,69.0,777.1,EXT-OPEN-METEO-KHI,KARACHI,OPENSOURCE_API_GRID,422,,,,0.95,True,True,TIER2_OPENSOURCE_PURE;CONTINUOUS_MINUTE_STREAM;VERIFIED_MODEL_GRID,0b42e35ac22db427d1a758d67e4a7e46b8f98a1dbf9e7b37428fcce1b2ffb783,2026-09-30T07:01:00+00:00,2026-09-30 12:01:00,56.9,1013.1,103
29.0,42.6,163.1,2641.2,766.8,119.3,14.9,13.0,3.3,443.0,201.0,4.6,7.7,97.0,30.3,20.81,False,4095,0.0,68.8,777.1,EXT-OPEN-METEO-KHI,KARACHI,OPENSOURCE_API_GRID,423,,,,0.95,True,True,TIER2_OPENSOURCE_PURE;CONTINUOUS_MINUTE_STREAM;VERIFIED_MODEL_GRID,56063f915c499f12dca3aec72b7212bfd9448fdeee53470021972a7cda9d62b2,2026-09-30T07:02:00+00:00,2026-09-30 12:02:00,56.9,1013.1,103
29.0,42.6,163.0,2641.2,766.8,119.3,14.9,13.0,3.3,443.0,201.1,4.6,7.7,97.0,30.3,20.81,False,4095,0.0,68.6,777.1,EXT-OPEN-METEO-KHI,KARACHI,OPENSOURCE_API_GRID,424,,,,0.95,True,True,TIER2_OPENSOURCE_PURE;CONTINUOUS_MINUTE_STREAM;VERIFIED_MODEL_GRID,9b40ffd1d3e579c629f2dbd8e8d46f9e376d578c3cf3ffe4fb2c44a41eea9230,2026-09-30T07:03:00+00:00,2026-09-30 12:03:00,56.9,1013.1,103
29.0,42.6,163.0,2641.2,766.8,119.3,14.9,13.0,3.3,443.0,201.1,4.6,7.7,97.0,30.3,20.81,False,4095,0.0,68.3,777.0,EXT-OPEN-METEO-KHI,KARACHI,OPENSOURCE_API_GRID,425,,,,0.95,True,True,TIER2_OPENSOURCE_PURE;CONTINUOUS_MINUTE_STREAM;VERIFIED_MODEL_GRID,ee32edbfda0fd3efd26fd15181bd8dccbabc802788b2eb22ddf05496952c0aa3,2026-09-30T07:04:00+00:00,2026-09-30 12:04:00,56.9,1013.1,103
29.0,42.6,162.9,2641.2,766.8,119.3,14.9,13.0,3.3,443.0,201.2,4.6,7.7,97.1,30.2,20.71,False,4095,0.0,68.0,777.0,EXT-OPEN-METEO-KHI,KARACHI,OPENSOURCE_API_GRID,426,,,,0.95,True,True,TIER2_OPENSOURCE_PURE;CONTINUOUS_MINUTE_STREAM;VERIFIED_MODEL_GRID,fae3c464ea7acbedd75c4322ef865376afa9063b4eb72d101f459b32679da236,2026-09-30T07:05:00+00:00,2026-09-30 12:05:00,56.9,1013.1,103
29.0,42.6,162.8,2641.2,766.8,119.3,14.9,13.0,3.3,443.0,201.2,4.6,7.7,97.1,30.2,20.71,False,4095,0.0,67.5,777.0,EXT-OPEN-METEO-KHI,KARACHI,OPENSOURCE_API_GRID,427,,,,0.95,True,True,TIER2_OPENSOURCE_PURE;CONTINUOUS_MINUTE_STREAM;VERIFIED_MODEL_GRID,f05d3ccece4d0a226314bbc57bed6e8c9578c4a0eb7af8bd2561825a99b89a9a,2026-09-30T07:06:00+00:00,2026-09-30 12:06:00,56.9,1013.1,103
29.0,42.6,162.7,2641.2,766.8,119.3,14.9,13.0,3.3,443.0,201.3,4.6,7.7,97.1,30.2,20.71,False,4095,0.0,67.0,776.9,EXT-OPEN-METEO-KHI,KARACHI,OPENSOURCE_API_GRID,428,,,,0.95,True,True,TIER2_OPENSOURCE_PURE;CONTINUOUS_MINUTE_STREAM;VERIFIED_MODEL_GRID,6e4f6a07d0d82801d28f1f007a439b71eba5f0fe44a1f0cc3ffc43aef7e3826e,2026-09-30T07:07:00+00:00,2026-09-30 12:07:00,56.9,1013.1,103
29.0,42.6,162.6,2641.2,766.8,119.3,14.9,13.0,3.3,443.0,201.4,4.6,7.7,97.1,30.2,20.74,False,4095,0.0,66.4,776.9,EXT-OPEN-METEO-KHI,KARACHI,OPENSOURCE_API_GRID,429,,,,0.95,True,True,TIER2_OPENSOURCE_PURE;CONTINUOUS_MINUTE_STREAM;VERIFIED_MODEL_GRID,10bf531fa966aac9a0ec8d16b154f5af1d262a0d1d6217fa60be0ce88135d323,2026-09-30T07:08:00+00:00,2026-09-30 12:08:00,57.0,1013.1,103
29.0,42.6,162.5,2641.2,766.8,119.3,14.9,13.0,3.2,443.1,201.5,4.6,7.7,97.2,30.2,20.74,False,4095,0.0,65.7,776.8,EXT-OPEN-METEO-KHI,KARACHI,OPENSOURCE_API_GRID,430,,,,0.95,True,True,TIER2_OPENSOURCE_PURE;CONTINUOUS_MINUTE_STREAM;VERIFIED_MODEL_GRID,1fe35188c9b3414425e26af72e3926e8f22e752b4ec593603d80dd7e27b3b848,2026-09-30T07:09:00+00:00,2026-09-30 12:09:00,57.0,1013.1,103
29.0,42.6,162.4,2641.2,766.8,119.3,14.9,13.0,3.2,443.1,201.6,4.6,7.6,97.2,30.2,20.74,False,4095,0.0,65.0,776.7,EXT-OPEN-METEO-KHI,KARACHI,OPENSOURCE_API_GRID,431,,,,0.95,True,True,TIER2_OPENSOURCE_PURE;CONTINUOUS_MINUTE_STREAM;VERIFIED_MODEL_GRID,c0e0fb926b6b04cb29da0062c7188703febc176ed3cd5e87260e3cbb852e6852,2026-09-30T07:10:00+00:00,2026-09-30 12:10:00,57.0,1013.1,103
29.0,42.6,162.3,2641.2,766.8,119.3,14.9,13.0,3.2,443.1,201.7,4.6,7.6,97.2,30.3,20.86,False,4095,0.0,64.2,776.7,EXT-OPEN-METEO-KHI,KARACHI,OPENSOURCE_API_GRID,432,,,,0.95,True,True,TIER2_OPENSOURCE_PURE;CONTINUOUS_MINUTE_STREAM;VERIFIED_MODEL_GRID,bf7317c82de43c2afd7faf883fff682399052ea5ef9851cb5bdb085c8a840d79,2026-09-30T07:11:00+00:00,2026-09-30 12:11:00,57.1,1013.1,103
29.0,42.6,162.2,2641.2,766.8,119.3,14.9,13.0,3.2,443.1,201.9,4.6,7.6,97.3,30.3,20.86,False,4095,0.0,63.3,776.6,EXT-OPEN-METEO-KHI,KARACHI,OPENSOURCE_API_GRID,433,,,,0.95,True,True,TIER2_OPENSOURCE_PURE;CONTINUOUS_MINUTE_STREAM;VERIFIED_MODEL_GRID,926158cd435ee5761d596e272dded3a6f5e7b8b865fbf6b65e872603483cf731,2026-09-30T07:12:00+00:00,2026-09-30 12:12:00,57.1,1013.0,103
29.0,42.6,162.1,2641.2,766.8,119.3,14.9,13.0,3.2,443.1,202.0,4.6,7.6,97.3,30.3,20.89,False,4095,0.0,62.3,776.5,EXT-OPEN-METEO-KHI,KARACHI,OPENSOURCE_API_GRID,434,,,,0.95,True,True,TIER2_OPENSOURCE_PURE;CONTINUOUS_MINUTE_STREAM;VERIFIED_MODEL_GRID,93e3066d747345387f048b62efc0d8733b26f87a348a1ea948c433f18bf99fa1,2026-09-30T07:13:00+00:00,2026-09-30 12:13:00,57.2,1013.0,103
28.9,42.5,161.7,2635.0,765.0,119.0,14.9,12.9,3.2,443.1,202.2,4.5,7.6,97.4,30.3,20.92,False,4095,0.0,61.3,776.4,EXT-OPEN-METEO-KHI,KARACHI,OPENSOURCE_API_GRID,435,,,,0.95,True,True,TIER2_OPENSOURCE_PURE;CONTINUOUS_MINUTE_STREAM;VERIFIED_MODEL_GRID,f618f62d32d5fd3448925576ef4fb4a1c4bd2ea9c29912f9c867ed4234643ef8,2026-09-30T07:14:00+00:00,2026-09-30 12:14:00,57.3,1013.0,103
28.9,42.5,161.6,2635.0,765.0,119.0,14.9,12.9,3.2,443.1,202.3,4.5,7.6,97.4,30.3,20.92,False,4095,0.0,60.2,776.3,EXT-OPEN-METEO-KHI,KARACHI,OPENSOURCE_API_GRID,436,,,,0.95,True,True,TIER2_OPENSOURCE_PURE;CONTINUOUS_MINUTE_STREAM;VERIFIED_MODEL_GRID,ddcf759b6482fe85708f7872ab774eb1789aca9605906bb2f65471242e7b5b28,2026-09-30T07:15:00+00:00,2026-09-30 12:15:00,57.3,1013.0,103
28.9,42.5,161.4,2635.0,765.0,119.0,14.9,12.9,3.2,443.2,202.5,4.5,7.6,97.5,30.3,20.92,False,4095,0.0,59.1,776.2,EXT-OPEN-METEO-KHI,KARACHI,OPENSOURCE_API_GRID,437,,,,0.95,True,True,TIER2_OPENSOURCE_PURE;CONTINUOUS_MINUTE_STREAM;VERIFIED_MODEL_GRID,c41cfb7cda05aa112dba72d7850b0050ea789d544475c6e798d3b7dfd458f3fe,2026-09-30T07:16:00+00:00,2026-09-30 12:16:00,57.3,1013.0,103
28.8,42.4,161.2,2628.8,763.2,118.7,14.8,12.9,3.2,443.2,202.7,4.5,7.6,97.6,30.3,20.92,False,4095,0.0,57.9,776.1,EXT-OPEN-METEO-KHI,KARACHI,OPENSOURCE_API_GRID,438,,,,0.95,True,True,TIER2_OPENSOURCE_PURE;CONTINUOUS_MINUTE_STREAM;VERIFIED_MODEL_GRID,b71b3ce57f251f3b48219a85218b0f00c4ed03b2e22ab232f3b21d7bca09fcee,2026-09-30T07:17:00+00:00,2026-09-30 12:17:00,57.3,1013.0,103
28.8,42.4,161.0,2628.8,763.2,118.7,14.8,12.9,3.2,443.2,202.9,4.5,7.5,97.6,30.3,20.92,False,4095,0.0,56.6,776.0,EXT-OPEN-METEO-KHI,KARACHI,OPENSOURCE_API_GRID,439,,,,0.95,True,True,TIER2_OPENSOURCE_PURE;CONTINUOUS_MINUTE_STREAM;VERIFIED_MODEL_GRID,daeee4ab058e1a832f9b670b05909a7c2dbe68a61649565eb3da55136d1c9a31,2026-09-30T07:18:00+00:00,2026-09-30 12:18:00,57.3,1013.0,103
28.8,42.4,160.7,2628.8,763.2,118.7,14.8,12.9,3.2,443.2,203.0,4.5,7.5,97.7,30.3,20.92,False,4095,0.0,55.3,775.9,EXT-OPEN-METEO-KHI,KARACHI,OPENSOURCE_API_GRID,440,,,,0.95,True,True,TIER2_OPENSOURCE_PURE;CONTINUOUS_MINUTE_STREAM;VERIFIED_MODEL_GRID,ab6714315d15e51af6e28187634c0b4d993f50c0813e987c6ec7954cdfbf2a06,2026-09-30T07:19:00+00:00,2026-09-30 12:19:00,57.3,1013.0,103
28.8,42.3,160.4,2622.6,761.4,118.4,14.8,12.8,3.2,443.2,203.2,4.5,7.5,97.8,30.3,20.92,False,4095,0.0,54.0,775.8,EXT-OPEN-METEO-KHI,KARACHI,OPENSOURCE_API_GRID,441,,,,0.95,True,True,TIER2_OPENSOURCE_PURE;CONTINUOUS_MINUTE_STREAM;VERIFIED_MODEL_GRID,e582ba8e3e6a6cee753856b568dbac01c1b21a00e57f64e371a92880da359cfc,2026-09-30T07:20:00+00:00,2026-09-30 12:20:00,57.3,1013.0,103
28.8,42.3,160.2,2622.6,761.4,118.4,14.8,12.8,3.2,443.3,203.5,4.5,7.5,97.8,30.3,20.92,False,4095,0.0,52.6,775.7,EXT-OPEN-METEO-KHI,KARACHI,OPENSOURCE_API_GRID,442,,,,0.95,True,True,TIER2_OPENSOURCE_PURE;CONTINUOUS_MINUTE_STREAM;VERIFIED_MODEL_GRID,f697404047a0026ef934c4c77ea3fd9737313bbbf1df18c6114d201819d51c97,2026-09-30T07:21:00+00:00,2026-09-30 12:21:00,57.3,1013.0,103
28.7,42.2,159.8,2616.4,759.6,118.2,14.8,12.8,3.2,443.3,203.7,4.5,7.5,97.9,30.3,20.92,False,4095,0.0,51.2,775.5,EXT-OPEN-METEO-KHI,KARACHI,OPENSOURCE_API_GRID,443,,,,0.95,True,True,TIER2_OPENSOURCE_PURE;CONTINUOUS_MINUTE_STREAM;VERIFIED_MODEL_GRID,9cfcc341ed3ec7b9a44b3b82eff7caf984db9c3a4ac9689e0b05b849c78a5db0,2026-09-30T07:22:00+00:00,2026-09-30 12:22:00,57.3,1013.0,103
28.6,42.1,159.5,2610.2,757.8,117.9,14.7,12.8,3.2,443.3,203.9,4.5,7.4,98.0,30.3,20.92,False,4095,0.0,49.8,775.4,EXT-OPEN-METEO-KHI,KARACHI,OPENSOURCE_API_GRID,444,,,,0.95,True,True,TIER2_OPENSOURCE_PURE;CONTINUOUS_MINUTE_STREAM;VERIFIED_MODEL_GRID,358ec730c42669087a90cea79b93febfda0addcd684643cd55759ea69b5fa27d,2026-09-30T07:23:00+00:00,2026-09-30 12:23:00,57.3,1013.0,103
28.6,42.1,159.1,2610.2,757.8,117.9,14.7,12.7,3.2,443.3,204.1,4.5,7.4,98.0,30.3,20.92,False,4095,0.0,48.3,775.3,EXT-OPEN-METEO-KHI,KARACHI,OPENSOURCE_API_GRID,445,,,,0.95,True,True,TIER2_OPENSOURCE_PURE;CONTINUOUS_MINUTE_STREAM;VERIFIED_MODEL_GRID,898fbe940c5ed8c50a79538c4d1ee05dcac4663a31c6f36c77ff6234204717e0,2026-09-30T07:24:00+00:00,2026-09-30 12:24:00,57.3,1012.9,103
28.6,42.0,158.8,2604.0,756.0,117.6,14.7,12.7,3.2,443.4,204.3,4.5,7.4,98.1,30.3,20.92,False,4095,0.0,46.8,775.1,EXT-OPEN-METEO-KHI,KARACHI,OPENSOURCE_API_GRID,446,,,,0.95,True,True,TIER2_OPENSOURCE_PURE;CONTINUOUS_MINUTE_STREAM;VERIFIED_MODEL_GRID,3954ee4d672b9154a41cfd3851a75da9d1e099cfd551b2468e4f1a3a0cd00779,2026-09-30T07:25:00+00:00,2026-09-30 12:25:00,57.3,1012.9,103
28.5,41.9,158.4,2597.8,754.2,117.3,14.7,12.7,3.2,443.4,204.6,4.4,7.4,98.2,30.3,20.92,False,4095,0.0,45.2,775.0,EXT-OPEN-METEO-KHI,KARACHI,OPENSOURCE_API_GRID,447,,,,0.95,True,True,TIER2_OPENSOURCE_PURE;CONTINUOUS_MINUTE_STREAM;VERIFIED_MODEL_GRID,c0106d976692a203732bcba3ccf69502989a14c8c368a90ce14b30141819e279,2026-09-30T07:26:00+00:00,2026-09-30 12:26:00,57.3,1012.9,103
28.4,41.8,158.0,2591.6,752.4,117.0,14.6,12.6,3.2,443.4,204.8,4.4,7.4,98.3,30.2,20.83,False,4095,0.0,43.7,774.9,EXT-OPEN-METEO-KHI,KARACHI,OPENSOURCE_API_GRID,448,,,,0.95,True,True,TIER2_OPENSOURCE_PURE;CONTINUOUS_MINUTE_STREAM;VERIFIED_MODEL_GRID,e747d75e4a86e530263e4635a166f576e79cf12e71af9f127d0f864b42cad4e0,2026-09-30T07:27:00+00:00,2026-09-30 12:27:00,57.3,1012.9,103
28.3,41.6,157.6,2579.2,748.8,116.5,14.6,12.6,3.2,443.4,205.0,4.4,7.3,98.3,30.2,20.83,False,4095,0.0,42.1,774.7,EXT-OPEN-METEO-KHI,KARACHI,OPENSOURCE_API_GRID,449,,,,0.95,True,True,TIER2_OPENSOURCE_PURE;CONTINUOUS_MINUTE_STREAM;VERIFIED_MODEL_GRID,2e2cfc818750db95600fda385eb8bbb5eed0c808df7d42c0ce79a317b91cfca2,2026-09-30T07:28:00+00:00,2026-09-30 12:28:00,57.3,1012.9,103
28.2,41.5,157.2,2573.0,747.0,116.2,14.5,12.6,3.1,443.5,205.3,4.4,7.3,98.4,30.2,20.86,False,4095,0.0,40.6,774.6,EXT-OPEN-METEO-KHI,KARACHI,OPENSOURCE_API_GRID,450,,,,0.95,True,True,TIER2_OPENSOURCE_PURE;CONTINUOUS_MINUTE_STREAM;VERIFIED_MODEL_GRID,98be153b6d9aca590a3c156cda8bf11f2e2215f71006e23c196a63e2441ce5fd,2026-09-30T07:29:00+00:00,2026-09-30 12:29:00,57.4,1012.9,103
28.2,41.4,156.8,2566.8,745.2,115.9,14.5,12.5,3.1,443.5,205.5,4.4,7.3,98.5,30.2,20.86,False,4095,0.0,39.0,774.4,EXT-OPEN-METEO-KHI,KARACHI,OPENSOURCE_API_GRID,451,,,,0.95,True,True,TIER2_OPENSOURCE_PURE;CONTINUOUS_MINUTE_STREAM;VERIFIED_MODEL_GRID,8cc237c22ea7f63439be22a27783c95e3d5b5e635bab0b8b94fcbbb0cc1c6ce1,2026-09-30T07:30:00+00:00,2026-09-30 12:30:00,57.4,1012.9,103
28.1,41.3,156.4,2560.6,743.4,115.6,14.5,12.5,3.1,443.5,205.7,4.4,7.3,98.6,30.2,20.86,False,4095,0.0,37.4,774.3,EXT-OPEN-METEO-KHI,KARACHI,OPENSOURCE_API_GRID,452,,,,0.95,True,True,TIER2_OPENSOURCE_PURE;CONTINUOUS_MINUTE_STREAM;VERIFIED_MODEL_GRID,751734a1ab8f0bff8dc0ba1760fd91b9b7170982b454f31cca31290a91bcf944,2026-09-30T07:31:00+00:00,2026-09-30 12:31:00,57.4,1012.9,103
28.0,41.2,156.0,2554.4,741.6,115.4,14.4,12.5,3.1,443.6,206.0,4.4,7.3,98.7,30.2,20.86,False,4095,0.0,35.9,774.2,EXT-OPEN-METEO-KHI,KARACHI,OPENSOURCE_API_GRID,453,,,,0.95,True,True,TIER2_OPENSOURCE_PURE;CONTINUOUS_MINUTE_STREAM;VERIFIED_MODEL_GRID,3e92a5ea20b89e3bdcf685a6ec064ac7febae84b3c7776185d60c25dcaba67dc,2026-09-30T07:32:00+00:00,2026-09-30 12:32:00,57.4,1012.8,103
27.9,41.1,155.6,2548.2,739.8,115.1,14.4,12.4,3.1,443.6,206.2,4.4,7.2,98.7,30.2,20.86,False,4095,0.0,34.3,774.0,EXT-OPEN-METEO-KHI,KARACHI,OPENSOURCE_API_GRID,454,,,,0.95,True,True,TIER2_OPENSOURCE_PURE;CONTINUOUS_MINUTE_STREAM;VERIFIED_MODEL_GRID,0234de36e7f414363a0ac511002e25c118e77ec7863aac760990650eb54878fc,2026-09-30T07:33:00+00:00,2026-09-30 12:33:00,57.4,1012.8,103
27.9,41.0,155.3,2542.0,738.0,114.8,14.3,12.4,3.1,443.6,206.4,4.4,7.2,98.8,30.1,20.79,False,4095,0.0,32.8,773.9,EXT-OPEN-METEO-KHI,KARACHI,OPENSOURCE_API_GRID,455,,,,0.95,True,True,TIER2_OPENSOURCE_PURE;CONTINUOUS_MINUTE_STREAM;VERIFIED_MODEL_GRID,177a7b77b16f821ca6c4024d892f693a09d58e74663cac15fda1886099ce2756,2026-09-30T07:34:00+00:00,2026-09-30 12:34:00,57.5,1012.8,103
27.9,41.0,154.9,2542.0,738.0,114.8,14.3,12.4,3.1,443.6,206.7,4.3,7.2,98.9,30.1,20.79,False,4095,0.0,31.2,773.8,EXT-OPEN-METEO-KHI,KARACHI,OPENSOURCE_API_GRID,456,,,,0.95,True,True,TIER2_OPENSOURCE_PURE;CONTINUOUS_MINUTE_STREAM;VERIFIED_MODEL_GRID,1ca7533094b9104d76603f8a0831eacdeeef462b30c5ed93b6f75171276723a1,2026-09-30T07:35:00+00:00,2026-09-30 12:35:00,57.5,1012.8,103
27.8,40.9,154.6,2535.8,736.2,114.5,14.3,12.4,3.1,443.7,206.9,4.3,7.2,99.0,30.1,20.79,False,4095,0.0,29.7,773.6,EXT-OPEN-METEO-KHI,KARACHI,OPENSOURCE_API_GRID,457,,,,0.95,True,True,TIER2_OPENSOURCE_PURE;CONTINUOUS_MINUTE_STREAM;VERIFIED_MODEL_GRID,09ac59e2c7bb5d63e090041b1c0a73fa705875776b756e14e67add0cea21d836,2026-09-30T07:36:00+00:00,2026-09-30 12:36:00,57.5,1012.8,103
27.7,40.8,154.3,2529.6,734.4,114.2,14.3,12.3,3.1,443.7,207.1,4.3,7.2,99.0,30.1,20.82,False,4095,0.0,28.2,773.5,EXT-OPEN-METEO-KHI,KARACHI,OPENSOURCE_API_GRID,458,,,,0.95,True,True,TIER2_OPENSOURCE_PURE;CONTINUOUS_MINUTE_STREAM;VERIFIED_MODEL_GRID,5b9bfbf42d4fb1cc03972aafb0a699021abf3a95ab340d5cfd9a36a1099ca802,2026-09-30T07:37:00+00:00,2026-09-30 12:37:00,57.6,1012.8,103
27.7,40.8,154.0,2529.6,734.4,114.2,14.3,12.3,3.1,443.7,207.3,4.3,7.1,99.1,30.1,20.82,False,4095,0.0,26.8,773.4,EXT-OPEN-METEO-KHI,KARACHI,OPENSOURCE_API_GRID,459,,,,0.95,True,True,TIER2_OPENSOURCE_PURE;CONTINUOUS_MINUTE_STREAM;VERIFIED_MODEL_GRID,1f2d29077bcfe4c21f968bea3e1259f0b59bf18cee572d6d456505213fdcf21f,2026-09-30T07:38:00+00:00,2026-09-30 12:38:00,57.6,1012.8,103
27.7,40.8,153.7,2529.6,734.4,114.2,14.3,12.3,3.1,443.7,207.5,4.3,7.1,99.2,30.1,20.82,False,4095,0.0,25.4,773.2,EXT-OPEN-METEO-KHI,KARACHI,OPENSOURCE_API_GRID,460,,,,0.95,True,True,TIER2_OPENSOURCE_PURE;CONTINUOUS_MINUTE_STREAM;VERIFIED_MODEL_GRID,20d51d8bf769a993a624e332fe8444fa7966881cf67a9e099ababe5feb00bec0,2026-09-30T07:39:00+00:00,2026-09-30 12:39:00,57.6,1012.7,103
27.7,40.8,153.5,2529.6,734.4,114.2,14.3,12.3,3.1,443.8,207.8,4.3,7.1,99.2,30.1,20.85,False,4095,0.0,24.0,773.1,EXT-OPEN-METEO-KHI,KARACHI,OPENSOURCE_API_GRID,461,,,,0.95,True,True,TIER2_OPENSOURCE_PURE;CONTINUOUS_MINUTE_STREAM;VERIFIED_MODEL_GRID,efb393f71cd523a7b95b800d33aa8d329044d86c723fdf456f1914202d78bdcb,2026-09-30T07:40:00+00:00,2026-09-30 12:40:00,57.7,1012.7,103
27.7,40.7,153.3,2523.4,732.6,114.0,14.2,12.3,3.1,443.8,208.0,4.3,7.1,99.3,30.1,20.85,False,4095,0.0,22.7,773.0,EXT-OPEN-METEO-KHI,KARACHI,OPENSOURCE_API_GRID,462,,,,0.95,True,True,TIER2_OPENSOURCE_PURE;CONTINUOUS_MINUTE_STREAM;VERIFIED_MODEL_GRID,52f3f771df035edd4dc5b047c4c50d6c64064cb60837b9b16142ac6c63d58f3c,2026-09-30T07:41:00+00:00,2026-09-30 12:41:00,57.7,1012.7,103
27.7,40.7,153.1,2523.4,732.6,114.0,14.2,12.2,3.1,443.8,208.1,4.3,7.1,99.4,30.1,20.87,False,4095,0.0,21.4,772.9,EXT-OPEN-METEO-KHI,KARACHI,OPENSOURCE_API_GRID,463,,,,0.95,True,True,TIER2_OPENSOURCE_PURE;CONTINUOUS_MINUTE_STREAM;VERIFIED_MODEL_GRID,f30cb374d6943d65f25156959c66c29302a4e3c6b37a4436741c3d0013ac65a2,2026-09-30T07:42:00+00:00,2026-09-30 12:42:00,57.8,1012.7,103
27.7,40.7,152.9,2523.4,732.6,114.0,14.2,12.2,3.1,443.8,208.3,4.3,7.0,99.4,30.1,20.87,False,4095,0.0,20.1,772.8,EXT-OPEN-METEO-KHI,KARACHI,OPENSOURCE_API_GRID,464,,,,0.95,True,True,TIER2_OPENSOURCE_PURE;CONTINUOUS_MINUTE_STREAM;VERIFIED_MODEL_GRID,e8513276886635705600e4fe721384f408ec4615900ad8ff36bb3ab3733087ee,2026-09-30T07:43:00+00:00,2026-09-30 12:43:00,57.8,1012.7,103
27.7,40.7,152.7,2523.4,732.6,114.0,14.2,12.2,3.1,443.8,208.5,4.3,7.0,99.5,30.1,20.9,False,4095,0.0,18.9,772.7,EXT-OPEN-METEO-KHI,KARACHI,OPENSOURCE_API_GRID,465,,,,0.95,True,True,TIER2_OPENSOURCE_PURE;CONTINUOUS_MINUTE_STREAM;VERIFIED_MODEL_GRID,cdccb2629d7bc244d006713f333171b4fb7e762563e1c9a68e8c608d0124fb3c,2026-09-30T07:44:00+00:00,2026-09-30 12:44:00,57.9,1012.7,103
27.6,40.6,152.3,2517.2,730.8,113.7,14.2,12.2,3.0,443.9,208.7,4.3,7.0,99.6,30.1,20.93,False,4095,0.0,17.8,772.6,EXT-OPEN-METEO-KHI,KARACHI,OPENSOURCE_API_GRID,466,,,,0.95,True,True,TIER2_OPENSOURCE_PURE;CONTINUOUS_MINUTE_STREAM;VERIFIED_MODEL_GRID,09ef6e8c7e452a342d00189ac455f34984da0bc27d4ddea00625b8ddf463a516,2026-09-30T07:45:00+00:00,2026-09-30 12:45:00,58.0,1012.7,103
27.6,40.6,152.1,2517.2,730.8,113.7,14.2,12.2,3.0,443.9,208.8,4.3,7.0,99.6,30.1,20.93,False,4095,0.0,16.7,772.5,EXT-OPEN-METEO-KHI,KARACHI,OPENSOURCE_API_GRID,467,,,,0.95,True,True,TIER2_OPENSOURCE_PURE;CONTINUOUS_MINUTE_STREAM;VERIFIED_MODEL_GRID,3c1788df6cc7c40f6c0bb4d07244ba9eddd06f9889cd60bec59a2c0d85b54180,2026-09-30T07:46:00+00:00,2026-09-30 12:46:00,58.0,1012.7,103
27.6,40.6,152.0,2517.2,730.8,113.7,14.2,12.2,3.0,443.9,209.0,4.2,7.0,99.7,30.1,20.93,False,4095,0.0,15.7,772.4,EXT-OPEN-METEO-KHI,KARACHI,OPENSOURCE_API_GRID,468,,,,0.95,True,True,TIER2_OPENSOURCE_PURE;CONTINUOUS_MINUTE_STREAM;VERIFIED_MODEL_GRID,713fc6e195c0b7833d3c2f494c417625f34b751d71cf8cb88537b8878b2b65c0,2026-09-30T07:47:00+00:00,2026-09-30 12:47:00,58.0,1012.7,103
27.6,40.6,151.8,2517.2,730.8,113.7,14.2,12.1,3.0,443.9,209.1,4.2,7.0,99.7,30.1,20.93,False,4095,0.0,14.7,772.3,EXT-OPEN-METEO-KHI,KARACHI,OPENSOURCE_API_GRID,469,,,,0.95,True,True,TIER2_OPENSOURCE_PURE;CONTINUOUS_MINUTE_STREAM;VERIFIED_MODEL_GRID,9807d17f4d3603f1ff8aea96100c9d229d13f6291b953a83fa172fe492899e5a,2026-09-30T07:48:00+00:00,2026-09-30 12:48:00,58.0,1012.7,103
27.6,40.6,151.7,2517.2,730.8,113.7,14.2,12.1,3.0,443.9,209.3,4.2,7.0,99.8,30.2,21.02,False,4095,0.0,13.8,772.2,EXT-OPEN-METEO-KHI,KARACHI,OPENSOURCE_API_GRID,470,,,,0.95,True,True,TIER2_OPENSOURCE_PURE;CONTINUOUS_MINUTE_STREAM;VERIFIED_MODEL_GRID,5820c2ed9b801378fcf154a09d3616609cc7f06d9f75f3453d850d17813f7301,2026-09-30T07:49:00+00:00,2026-09-30 12:49:00,58.0,1012.6,103
27.6,40.6,151.5,2517.2,730.8,113.7,14.2,12.1,3.0,443.9,209.4,4.2,7.0,99.8,30.2,21.02,False,4095,0.0,13.0,772.2,EXT-OPEN-METEO-KHI,KARACHI,OPENSOURCE_API_GRID,471,,,,0.95,True,True,TIER2_OPENSOURCE_PURE;CONTINUOUS_MINUTE_STREAM;VERIFIED_MODEL_GRID,93b54b6c9592d8e80933de636bea66dfa00c5486d00e5261d78b7cc0dd59c700,2026-09-30T07:50:00+00:00,2026-09-30 12:50:00,58.0,1012.6,103
27.5,40.5,151.4,2511.0,729.0,113.4,14.2,12.1,3.0,443.9,209.5,4.2,6.9,99.8,30.2,21.02,False,4095,0.0,12.3,772.1,EXT-OPEN-METEO-KHI,KARACHI,OPENSOURCE_API_GRID,472,,,,0.95,True,True,TIER2_OPENSOURCE_PURE;CONTINUOUS_MINUTE_STREAM;VERIFIED_MODEL_GRID,fd2f26adb666ce63fccf64b90bba4f0c4cb8053b47405cd0ca4d88ea8931b083,2026-09-30T07:51:00+00:00,2026-09-30 12:51:00,58.0,1012.6,103
27.5,40.5,151.3,2511.0,729.0,113.4,14.2,12.1,3.0,444.0,209.6,4.2,6.9,99.9,30.2,21.02,False,4095,0.0,11.6,772.0,EXT-OPEN-METEO-KHI,KARACHI,OPENSOURCE_API_GRID,473,,,,0.95,True,True,TIER2_OPENSOURCE_PURE;CONTINUOUS_MINUTE_STREAM;VERIFIED_MODEL_GRID,4f1b14a8f41cf0e4728fb83e59845c8ed2359346cd336678e0ffcfc5ee8b69c8,2026-09-30T07:52:00+00:00,2026-09-30 12:52:00,58.0,1012.6,103
27.5,40.5,151.1,2511.0,729.0,113.4,14.2,12.1,3.0,444.0,209.7,4.2,6.9,99.9,30.2,21.02,False,4095,0.0,11.0,772.0,EXT-OPEN-METEO-KHI,KARACHI,OPENSOURCE_API_GRID,474,,,,0.95,True,True,TIER2_OPENSOURCE_PURE;CONTINUOUS_MINUTE_STREAM;VERIFIED_MODEL_GRID,867271c072da746ca5c520636469ffc9650a00ed58608a638a1d8feffa8e7746,2026-09-30T07:53:00+00:00,2026-09-30 12:53:00,58.0,1012.6,103
27.5,40.4,151.0,2504.8,727.2,113.1,14.1,12.1,3.0,444.0,209.8,4.2,6.9,99.9,30.2,21.02,False,4095,0.0,10.5,771.9,EXT-OPEN-METEO-KHI,KARACHI,OPENSOURCE_API_GRID,475,,,,0.95,True,True,TIER2_OPENSOURCE_PURE;CONTINUOUS_MINUTE_STREAM;VERIFIED_MODEL_GRID,53d41259b404e4aa99bbc461d8603ffa555f38964e033300e0d7d34e0b93a27d,2026-09-30T07:54:00+00:00,2026-09-30 12:54:00,58.0,1012.6,103
27.5,40.4,150.9,2504.8,727.2,113.1,14.1,12.1,3.0,444.0,209.8,4.2,6.9,99.9,30.1,20.93,False,4095,0.0,10.0,771.9,EXT-OPEN-METEO-KHI,KARACHI,OPENSOURCE_API_GRID,476,,,,0.95,True,True,TIER2_OPENSOURCE_PURE;CONTINUOUS_MINUTE_STREAM;VERIFIED_MODEL_GRID,777aac5a9eea44bc82adeb8b5587369cfdc67c9627876734e0f06479da5beab9,2026-09-30T07:55:00+00:00,2026-09-30 12:55:00,58.0,1012.6,103
27.5,40.4,150.7,2504.8,727.2,113.1,14.1,12.1,3.0,444.0,209.9,4.2,6.9,100.0,30.1,20.93,False,4095,0.0,9.7,771.9,EXT-OPEN-METEO-KHI,KARACHI,OPENSOURCE_API_GRID,477,,,,0.95,True,True,TIER2_OPENSOURCE_PURE;CONTINUOUS_MINUTE_STREAM;VERIFIED_MODEL_GRID,ad93182c52d7255829e8978a2b6a1a7e503cfb7c919c0edd8c05cfb5268d3aa4,2026-09-30T07:56:00+00:00,2026-09-30 12:56:00,58.0,1012.6,103
27.4,40.3,150.6,2498.6,725.4,112.8,14.1,12.0,3.0,444.0,209.9,4.2,6.9,100.0,30.1,20.9,False,4095,0.0,9.4,771.8,EXT-OPEN-METEO-KHI,KARACHI,OPENSOURCE_API_GRID,478,,,,0.95,True,True,TIER2_OPENSOURCE_PURE;CONTINUOUS_MINUTE_STREAM;VERIFIED_MODEL_GRID,82a662e0e43ed7b3752d6c558dd3aef68709c4b3ad21cf9992f58e26bf3cb1e0,2026-09-30T07:57:00+00:00,2026-09-30 12:57:00,57.9,1012.6,103
27.4,40.3,150.5,2498.6,725.4,112.8,14.1,12.0,3.0,444.0,210.0,4.2,6.9,100.0,30.1,20.9,False,4095,0.0,9.2,771.8,EXT-OPEN-METEO-KHI,KARACHI,OPENSOURCE_API_GRID,479,,,,0.95,True,True,TIER2_OPENSOURCE_PURE;CONTINUOUS_MINUTE_STREAM;VERIFIED_MODEL_GRID,2defd521e6fc5632e2910f6001734f89a43638dde532946c130d00c072ee07c7,2026-09-30T07:58:00+00:00,2026-09-30 12:58:00,57.9,1012.6,103
27.3,40.2,150.4,2492.4,723.6,112.6,14.1,12.0,3.0,444.0,210.0,4.2,6.9,100.0,30.1,20.9,False,4095,0.0,9.0,771.8,EXT-OPEN-METEO-KHI,KARACHI,OPENSOURCE_API_GRID,480,,,,0.95,True,True,TIER2_OPENSOURCE_PURE;CONTINUOUS_MINUTE_STREAM;VERIFIED_MODEL_GRID,5c2463444c870ca7b6a690768e6fdf8118afa74a8345a9cade2591b2b22621ed,2026-09-30T07:59:00+00:00,2026-09-30 12:59:00,57.9,1012.6,103
27.3,40.2,150.3,2492.4,723.6,112.6,14.1,12.0,3.0,444.0,210.0,4.2,6.9,100.0,30.1,20.9,False,4095,0.0,9.0,771.8,EXT-OPEN-METEO-KHI,KARACHI,OPENSOURCE_API_GRID,481,,,,0.95,True,False,TIER2_OPENSOURCE_PURE;HOURLY_NODE;VERIFIED_MODEL_GRID,1c2a5c2a925d0d2f87d3c3859105bf8f2e5c65da4781cb6990d224e3bd05122c,2026-09-30T08:00:00+00:00,2026-09-30 13:00:00,57.9,1012.6,103
27.3,40.1,150.3,2486.2,721.8,112.3,14.0,12.0,3.0,444.0,210.0,4.2,6.9,100.0,30.1,20.9,False,4095,0.0,9.0,771.8,EXT-OPEN-METEO-KHI,KARACHI,OPENSOURCE_API_GRID,482,,,,0.95,True,True,TIER2_OPENSOURCE_PURE;CONTINUOUS_MINUTE_STREAM;VERIFIED_MODEL_GRID,dd58e341a23f61988befd3fad9a174b5b19357ea05539b6ce6f95e354af7a4e9,2026-09-30T08:01:00+00:00,2026-09-30 13:01:00,57.9,1012.6,103
27.3,40.1,150.2,2486.2,721.8,112.3,14.0,12.0,3.0,444.0,210.0,4.2,6.9,100.0,30.1,20.9,False,4095,0.0,9.0,771.7,EXT-OPEN-METEO-KHI,KARACHI,OPENSOURCE_API_GRID,483,,,,0.95,True,True,TIER2_OPENSOURCE_PURE;CONTINUOUS_MINUTE_STREAM;VERIFIED_MODEL_GRID,48c87d4674710a4f62ab5913337cdbb5593eb655bee7f0c40b314b339be21e64,2026-09-30T08:02:00+00:00,2026-09-30 13:02:00,57.9,1012.6,103
27.2,40.0,150.1,2480.0,720.0,112.0,14.0,12.0,3.0,444.0,210.1,4.2,6.9,100.0,30.1,20.87,False,4095,0.0,9.0,771.6,EXT-OPEN-METEO-KHI,KARACHI,OPENSOURCE_API_GRID,484,,,,0.95,True,True,TIER2_OPENSOURCE_PURE;CONTINUOUS_MINUTE_STREAM;VERIFIED_MODEL_GRID,9d29b4b1d2507390312f47ede5f8153822c3b5fa3feceb9f1f144bb8c804c267,2026-09-30T08:03:00+00:00,2026-09-30 13:03:00,57.8,1012.6,103
27.2,40.0,150.0,2480.0,720.0,112.0,14.0,12.0,3.0,444.0,210.2,4.2,6.9,100.0,30.1,20.87,False,4095,0.0,8.9,771.4,EXT-OPEN-METEO-KHI,KARACHI,OPENSOURCE_API_GRID,485,,,,0.95,True,True,TIER2_OPENSOURCE_PURE;CONTINUOUS_MINUTE_STREAM;VERIFIED_MODEL_GRID,f742552e4abd39ac1ff8da317dbe7cd2d00fe4627a9dc385015be75356c2fd80,2026-09-30T08:04:00+00:00,2026-09-30 13:04:00,57.8,1012.6,103
27.2,40.0,149.9,2480.0,720.0,112.0,14.0,12.0,3.0,444.0,210.3,4.2,6.9,100.0,30.1,20.87,False,4095,0.0,8.9,771.2,EXT-OPEN-METEO-KHI,KARACHI,OPENSOURCE_API_GRID,486,,,,0.95,True,True,TIER2_OPENSOURCE_PURE;CONTINUOUS_MINUTE_STREAM;VERIFIED_MODEL_GRID,5a2877c92c2e721280dbc4490731357c6b4cf1e5cdba32e3c5fff8883add4370,2026-09-30T08:05:00+00:00,2026-09-30 13:05:00,57.8,1012.6,103
27.1,39.9,149.8,2473.8,718.2,111.7,14.0,12.0,3.0,444.0,210.4,4.2,6.9,100.0,30.1,20.87,False,4095,0.0,8.9,770.9,EXT-OPEN-METEO-KHI,KARACHI,OPENSOURCE_API_GRID,487,,,,0.95,True,True,TIER2_OPENSOURCE_PURE;CONTINUOUS_MINUTE_STREAM;VERIFIED_MODEL_GRID,079b2871906f9e3e760a13387472c7d720768cd96bec7e5df8259dac79f878f0,2026-09-30T08:06:00+00:00,2026-09-30 13:06:00,57.8,1012.6,103
27.1,39.9,149.7,2473.8,718.2,111.7,14.0,12.0,3.0,444.0,210.5,4.2,6.9,99.9,30.0,20.78,False,4095,0.0,8.8,770.6,EXT-OPEN-METEO-KHI,KARACHI,OPENSOURCE_API_GRID,488,,,,0.95,True,True,TIER2_OPENSOURCE_PURE;CONTINUOUS_MINUTE_STREAM;VERIFIED_MODEL_GRID,aaf2849baddbf8c49a5eebd27b78f8e14a54cec7a9cdee3c0f2831a1f492d073,2026-09-30T08:07:00+00:00,2026-09-30 13:07:00,57.8,1012.6,103
27.1,39.9,149.7,2473.8,718.2,111.7,14.0,12.0,3.0,444.0,210.6,4.2,6.9,99.9,30.0,20.78,False,4095,0.0,8.7,770.3,EXT-OPEN-METEO-KHI,KARACHI,OPENSOURCE_API_GRID,489,,,,0.95,True,True,TIER2_OPENSOURCE_PURE;CONTINUOUS_MINUTE_STREAM;VERIFIED_MODEL_GRID,73ba95ad4db64440d3c9c49e3e356ac424101b24c94cf4e18e564f645f178fc4,2026-09-30T08:08:00+00:00,2026-09-30 13:08:00,57.8,1012.6,103
27.1,39.9,149.6,2473.8,718.2,111.7,14.0,12.0,3.0,444.0,210.8,4.2,6.9,99.9,30.0,20.78,False,4095,0.0,8.7,769.9,EXT-OPEN-METEO-KHI,KARACHI,OPENSOURCE_API_GRID,490,,,,0.95,True,True,TIER2_OPENSOURCE_PURE;CONTINUOUS_MINUTE_STREAM;VERIFIED_MODEL_GRID,07a5790b75e5fc640344517aca84e5cc4250d5d5ea8cc6c73a1f2e295f0def08,2026-09-30T08:09:00+00:00,2026-09-30 13:09:00,57.8,1012.6,103
27.1,39.9,149.5,2473.8,718.2,111.7,14.0,12.0,3.0,444.0,211.0,4.2,6.9,99.9,30.0,20.78,False,4095,0.0,8.6,769.5,EXT-OPEN-METEO-KHI,KARACHI,OPENSOURCE_API_GRID,491,,,,0.95,True,True,TIER2_OPENSOURCE_PURE;CONTINUOUS_MINUTE_STREAM;VERIFIED_MODEL_GRID,3182a00569978162cb16486ac3d2c81b7d46a17e46dc40df99a8a3c1cd506416,2026-09-30T08:10:00+00:00,2026-09-30 13:10:00,57.8,1012.6,103
27.1,39.9,149.4,2473.8,718.2,111.7,14.0,12.0,3.0,444.0,211.2,4.2,6.9,99.8,30.0,20.78,False,4095,0.0,8.5,769.0,EXT-OPEN-METEO-KHI,KARACHI,OPENSOURCE_API_GRID,492,,,,0.95,True,True,TIER2_OPENSOURCE_PURE;CONTINUOUS_MINUTE_STREAM;VERIFIED_MODEL_GRID,8e67530661e5a48d8b322a76e2eb4a52a13be77260b04f2d1a09b498386e2b91,2026-09-30T08:11:00+00:00,2026-09-30 13:11:00,57.8,1012.5,103
27.1,39.9,149.3,2473.8,718.2,111.7,14.0,11.9,3.0,444.0,211.4,4.2,6.8,99.8,30.1,20.87,False,4095,0.0,8.4,768.5,EXT-OPEN-METEO-KHI,KARACHI,OPENSOURCE_API_GRID,493,,,,0.95,True,True,TIER2_OPENSOURCE_PURE;CONTINUOUS_MINUTE_STREAM;VERIFIED_MODEL_GRID,3364738bb586b178a92230ba472da14ef29c2b7a5cb622097d142a10155ff442,2026-09-30T08:12:00+00:00,2026-09-30 13:12:00,57.8,1012.5,103
27.1,39.9,149.2,2473.8,718.2,111.7,14.0,11.9,3.0,444.0,211.7,4.2,6.8,99.8,30.1,20.87,False,4095,0.0,8.3,767.9,EXT-OPEN-METEO-KHI,KARACHI,OPENSOURCE_API_GRID,494,,,,0.95,True,True,TIER2_OPENSOURCE_PURE;CONTINUOUS_MINUTE_STREAM;VERIFIED_MODEL_GRID,8b12f3ce5e56cb8d82b683329bddbdf89bf8b26a59ecce7479328699d34c1c07,2026-09-30T08:13:00+00:00,2026-09-30 13:13:00,57.8,1012.5,103
27.1,39.9,149.1,2473.8,718.2,111.7,14.0,11.9,3.0,444.0,211.9,4.2,6.8,99.7,30.1,20.87,False,4095,0.0,8.2,767.3,EXT-OPEN-METEO-KHI,KARACHI,OPENSOURCE_API_GRID,495,,,,0.95,True,True,TIER2_OPENSOURCE_PURE;CONTINUOUS_MINUTE_STREAM;VERIFIED_MODEL_GRID,a82f2d95c90d7c5d2eed3aab477d6aaf26d97e8571950dd23766221ac7dceadf,2026-09-30T08:14:00+00:00,2026-09-30 13:14:00,57.8,1012.5,103
27.1,39.9,148.9,2473.8,718.2,111.7,14.0,11.9,3.0,444.0,212.2,4.2,6.8,99.7,30.1,20.85,False,4095,0.0,8.1,766.7,EXT-OPEN-METEO-KHI,KARACHI,OPENSOURCE_API_GRID,496,,,,0.95,True,True,TIER2_OPENSOURCE_PURE;CONTINUOUS_MINUTE_STREAM;VERIFIED_MODEL_GRID,1f89846aa86584561148bf94f4edb05297aa1f1e6198a3e7738e8766981bee4e,2026-09-30T08:15:00+00:00,2026-09-30 13:15:00,57.7,1012.5,103
27.1,39.8,148.6,2467.6,716.4,111.4,13.9,11.9,3.0,444.0,212.5,4.2,6.8,99.7,30.1,20.87,False,4095,0.0,8.0,766.0,EXT-OPEN-METEO-KHI,KARACHI,OPENSOURCE_API_GRID,497,,,,0.95,True,True,TIER2_OPENSOURCE_PURE;CONTINUOUS_MINUTE_STREAM;VERIFIED_MODEL_GRID,01de661b87f6775dfb9797203137d40e700d5b2bb79372ba450c411b473899ba,2026-09-30T08:16:00+00:00,2026-09-30 13:16:00,57.8,1012.5,103
27.1,39.8,148.5,2467.6,716.4,111.4,13.9,11.9,3.0,444.0,212.8,4.3,6.8,99.6,30.1,20.87,False,4095,0.0,7.9,765.3,EXT-OPEN-METEO-KHI,KARACHI,OPENSOURCE_API_GRID,498,,,,0.95,True,True,TIER2_OPENSOURCE_PURE;CONTINUOUS_MINUTE_STREAM;VERIFIED_MODEL_GRID,272ed8a11ff112f0da283b8c0ca66a03d2673fc76d970da937ee3eb9c5c26e6b,2026-09-30T08:17:00+00:00,2026-09-30 13:17:00,57.8,1012.5,103
27.1,39.8,148.3,2467.6,716.4,111.4,13.9,11.9,3.0,444.0,213.1,4.3,6.8,99.6,30.1,20.85,False,4095,0.0,7.8,764.6,EXT-OPEN-METEO-KHI,KARACHI,OPENSOURCE_API_GRID,499,,,,0.95,True,True,TIER2_OPENSOURCE_PURE;CONTINUOUS_MINUTE_STREAM;VERIFIED_MODEL_GRID,e64487d718aa059fc27cfb0f9f451d421b80eda74d28c329d1a29c3a2c5e7ef2,2026-09-30T08:18:00+00:00,2026-09-30 13:18:00,57.7,1012.5,103
27.0,39.7,148.1,2461.4,714.6,111.2,13.9,11.8,3.0,444.0,213.4,4.3,6.8,99.5,30.1,20.85,False,4095,0.0,7.6,763.8,EXT-OPEN-METEO-KHI,KARACHI,OPENSOURCE_API_GRID,500,,,,0.95,True,True,TIER2_OPENSOURCE_PURE;CONTINUOUS_MINUTE_STREAM;VERIFIED_MODEL_GRID,f01619ec300e861bde72e393e42b12566306d877ad1bc7e3b80547a0b91a6b4c,2026-09-30T08:19:00+00:00,2026-09-30 13:19:00,57.7,1012.4,103
27.0,39.7,148.0,2461.4,714.6,111.2,13.9,11.8,3.0,444.0,213.8,4.3,6.8,99.5,30.1,20.82,False,4095,0.0,7.5,763.0,EXT-OPEN-METEO-KHI,KARACHI,OPENSOURCE_API_GRID,501,,,,0.95,True,True,TIER2_OPENSOURCE_PURE;CONTINUOUS_MINUTE_STREAM;VERIFIED_MODEL_GRID,b66c30dc4713d349c8dab83f89cb4f0005c5e3e471fbc018c6aa3d4a005d031f,2026-09-30T08:20:00+00:00,2026-09-30 13:20:00,57.6,1012.4,103
27.0,39.7,147.7,2461.4,714.6,111.2,13.9,11.8,3.0,444.0,214.1,4.3,6.7,99.5,30.1,20.82,False,4095,0.0,7.4,762.2,EXT-OPEN-METEO-KHI,KARACHI,OPENSOURCE_API_GRID,502,,,,0.95,True,True,TIER2_OPENSOURCE_PURE;CONTINUOUS_MINUTE_STREAM;VERIFIED_MODEL_GRID,4de5e9a57eeeb186e7f2a1fe9081ffb066fe78296d4f3775748b012c06cfeb55,2026-09-30T08:21:00+00:00,2026-09-30 13:21:00,57.6,1012.4,103
26.9,39.6,147.5,2455.2,712.8,110.9,13.9,11.8,3.0,444.0,214.4,4.3,6.7,99.4,30.1,20.79,False,4095,0.0,7.2,761.4,EXT-OPEN-METEO-KHI,KARACHI,OPENSOURCE_API_GRID,503,,,,0.95,True,True,TIER2_OPENSOURCE_PURE;CONTINUOUS_MINUTE_STREAM;VERIFIED_MODEL_GRID,8d440f81113eb31b2a5c7f3efe48152b829b75510d1e869a981d57b943c4b2ef,2026-09-30T08:22:00+00:00,2026-09-30 13:22:00,57.5,1012.4,103
26.9,39.6,147.3,2455.2,712.8,110.9,13.9,11.8,2.9,444.0,214.8,4.3,6.7,99.4,30.1,20.76,False,4095,0.0,7.1,760.6,EXT-OPEN-METEO-KHI,KARACHI,OPENSOURCE_API_GRID,504,,,,0.95,True,True,TIER2_OPENSOURCE_PURE;CONTINUOUS_MINUTE_STREAM;VERIFIED_MODEL_GRID,009ca769bc9d90dd322bfd46938ff05b9f08ddc4ec417750ddbbbe636647ed30,2026-09-30T08:23:00+00:00,2026-09-30 13:23:00,57.4,1012.4,103
26.9,39.5,147.0,2449.0,711.0,110.6,13.8,11.8,2.9,444.0,215.2,4.3,6.7,99.3,30.1,20.73,False,4095,0.0,6.9,759.7,EXT-OPEN-METEO-KHI,KARACHI,OPENSOURCE_API_GRID,505,,,,0.95,True,True,TIER2_OPENSOURCE_PURE;CONTINUOUS_MINUTE_STREAM;VERIFIED_MODEL_GRID,ab0e48f0091099bc7ba45169f247411a9133b6032de33cb01b67e0f5ef42964c,2026-09-30T08:24:00+00:00,2026-09-30 13:24:00,57.3,1012.4,103
26.8,39.4,146.7,2442.8,709.2,110.3,13.8,11.7,2.9,444.0,215.6,4.3,6.7,99.3,30.1,20.73,False,4095,0.0,6.8,758.8,EXT-OPEN-METEO-KHI,KARACHI,OPENSOURCE_API_GRID,506,,,,0.95,True,True,TIER2_OPENSOURCE_PURE;CONTINUOUS_MINUTE_STREAM;VERIFIED_MODEL_GRID,5a8716ce7dc641a1ccc3ee593317c750f526572e8ae8774f53790833d7181918,2026-09-30T08:25:00+00:00,2026-09-30 13:25:00,57.3,1012.4,103
26.7,39.3,146.4,2436.6,707.4,110.0,13.8,11.7,2.9,444.0,215.9,4.3,6.7,99.2,30.1,20.71,False,4095,0.0,6.6,757.9,EXT-OPEN-METEO-KHI,KARACHI,OPENSOURCE_API_GRID,507,,,,0.95,True,True,TIER2_OPENSOURCE_PURE;CONTINUOUS_MINUTE_STREAM;VERIFIED_MODEL_GRID,9dcc3c8467c03a21726b8cd239cfe7ad45cea20e932ab6546834b990e079b0bd,2026-09-30T08:26:00+00:00,2026-09-30 13:26:00,57.2,1012.3,103
26.7,39.2,146.1,2430.4,705.6,109.8,13.7,11.7,2.9,444.0,216.3,4.3,6.6,99.2,30.1,20.68,False,4095,0.0,6.5,757.0,EXT-OPEN-METEO-KHI,KARACHI,OPENSOURCE_API_GRID,508,,,,0.95,True,True,TIER2_OPENSOURCE_PURE;CONTINUOUS_MINUTE_STREAM;VERIFIED_MODEL_GRID,4e1b37d8d06ddf5c03b3e634276f3e8279c421a293b6f58dbfdca852ad6a2aa2,2026-09-30T08:27:00+00:00,2026-09-30 13:27:00,57.1,1012.3,103
26.6,39.1,145.7,2424.2,703.8,109.5,13.7,11.7,2.9,444.0,216.7,4.3,6.6,99.1,30.1,20.65,False,4095,0.0,6.3,756.1,EXT-OPEN-METEO-KHI,KARACHI,OPENSOURCE_API_GRID,509,,,,0.95,True,True,TIER2_OPENSOURCE_PURE;CONTINUOUS_MINUTE_STREAM;VERIFIED_MODEL_GRID,31f8a3571309584ca37d87e2694609f3c9bc32f3c3d29055cf43a0ed27bcf323,2026-09-30T08:28:00+00:00,2026-09-30 13:28:00,57.0,1012.3,103
26.5,39.0,145.4,2418.0,702.0,109.2,13.6,11.6,2.9,444.0,217.1,4.3,6.6,99.1,30.1,20.65,False,4095,0.0,6.2,755.2,EXT-OPEN-METEO-KHI,KARACHI,OPENSOURCE_API_GRID,510,,,,0.95,True,True,TIER2_OPENSOURCE_PURE;CONTINUOUS_MINUTE_STREAM;VERIFIED_MODEL_GRID,64ca9670df50fae70dd027b87a5156149548fc6c925701bf05580b32f35eb3a5,2026-09-30T08:29:00+00:00,2026-09-30 13:29:00,57.0,1012.3,103
26.5,38.9,145.1,2411.8,700.2,108.9,13.6,11.6,2.9,444.0,217.5,4.3,6.6,99.0,30.1,20.62,False,4095,0.0,6.0,754.3,EXT-OPEN-METEO-KHI,KARACHI,OPENSOURCE_API_GRID,511,,,,0.95,True,True,TIER2_OPENSOURCE_PURE;CONTINUOUS_MINUTE_STREAM;VERIFIED_MODEL_GRID,37677b725962f0818a86cf9db3637ffa149f673897c572f4c75d75bf0575f04e,2026-09-30T08:30:00+00:00,2026-09-30 13:30:00,56.9,1012.3,103
26.4,38.8,144.7,2405.6,698.4,108.6,13.6,11.6,2.9,444.0,217.9,4.4,6.6,98.9,30.1,20.59,False,4095,0.0,5.8,753.4,EXT-OPEN-METEO-KHI,KARACHI,OPENSOURCE_API_GRID,512,,,,0.95,True,True,TIER2_OPENSOURCE_PURE;CONTINUOUS_MINUTE_STREAM;VERIFIED_MODEL_GRID,196d1193854533cda79d9358ce039881a06f83725df030a3e61c0a70a7d290d9,2026-09-30T08:31:00+00:00,2026-09-30 13:31:00,56.8,1012.3,103
26.3,38.7,144.4,2399.4,696.6,108.4,13.5,11.6,2.9,444.0,218.3,4.4,6.6,98.9,30.0,20.5,False,4095,0.0,5.7,752.5,EXT-OPEN-METEO-KHI,KARACHI,OPENSOURCE_API_GRID,513,,,,0.95,True,True,TIER2_OPENSOURCE_PURE;CONTINUOUS_MINUTE_STREAM;VERIFIED_MODEL_GRID,9de4968e194e9752b1e46a4188dd24b510d22f0269515a21bfd0a83f1624c3d8,2026-09-30T08:32:00+00:00,2026-09-30 13:32:00,56.8,1012.2,103
26.2,38.6,144.0,2393.2,694.8,108.1,13.5,11.5,2.9,444.0,218.7,4.4,6.6,98.8,30.0,20.47,False,4095,0.0,5.5,751.6,EXT-OPEN-METEO-KHI,KARACHI,OPENSOURCE_API_GRID,514,,,,0.95,True,True,TIER2_OPENSOURCE_PURE;CONTINUOUS_MINUTE_STREAM;VERIFIED_MODEL_GRID,c7b25c4ef9928e614f9340f1fa76229cbdb97e97a12a0addf7336ae50d10fa0b,2026-09-30T08:33:00+00:00,2026-09-30 13:33:00,56.7,1012.2,103
26.2,38.5,143.7,2387.0,693.0,107.8,13.5,11.5,2.9,444.0,219.1,4.4,6.5,98.8,30.0,20.44,False,4095,0.0,5.4,750.7,EXT-OPEN-METEO-KHI,KARACHI,OPENSOURCE_API_GRID,515,,,,0.95,True,True,TIER2_OPENSOURCE_PURE;CONTINUOUS_MINUTE_STREAM;VERIFIED_MODEL_GRID,939d2868947e82b324642a670fecb62a4fe55698e58d956d7a34b9adebeb48b3,2026-09-30T08:34:00+00:00,2026-09-30 13:34:00,56.6,1012.2,103
26.1,38.4,143.4,2380.8,691.2,107.5,13.4,11.5,2.9,444.0,219.4,4.4,6.5,98.7,30.0,20.44,False,4095,0.0,5.2,749.8,EXT-OPEN-METEO-KHI,KARACHI,OPENSOURCE_API_GRID,516,,,,0.95,True,True,TIER2_OPENSOURCE_PURE;CONTINUOUS_MINUTE_STREAM;VERIFIED_MODEL_GRID,8b01a92152c46e45be0292438f57034bb4f6cf73a7c30b99b42865fd798d1cc5,2026-09-30T08:35:00+00:00,2026-09-30 13:35:00,56.6,1012.2,103
26.0,38.3,143.1,2374.6,689.4,107.2,13.4,11.4,2.9,444.0,219.8,4.4,6.5,98.7,30.0,20.41,False,4095,0.0,5.1,748.9,EXT-OPEN-METEO-KHI,KARACHI,OPENSOURCE_API_GRID,517,,,,0.95,True,True,TIER2_OPENSOURCE_PURE;CONTINUOUS_MINUTE_STREAM;VERIFIED_MODEL_GRID,e337cdc31d4b69381a6c3f60309291dcc474bed5d8d0f2032c31c989daa5ce00,2026-09-30T08:36:00+00:00,2026-09-30 13:36:00,56.5,1012.2,103
26.0,38.2,142.8,2368.4,687.6,107.0,13.4,11.4,2.9,444.0,220.2,4.4,6.5,98.6,30.0,20.41,False,4095,0.0,4.9,748.0,EXT-OPEN-METEO-KHI,KARACHI,OPENSOURCE_API_GRID,518,,,,0.95,True,True,TIER2_OPENSOURCE_PURE;CONTINUOUS_MINUTE_STREAM;VERIFIED_MODEL_GRID,26064095bd35e5b156f8bbb9feca4cf3981434f315df953d57458c480fbdb691,2026-09-30T08:37:00+00:00,2026-09-30 13:37:00,56.5,1012.1,103
26.0,38.2,142.6,2368.4,687.6,107.0,13.4,11.4,2.9,444.0,220.6,4.4,6.5,98.6,30.0,20.41,False,4095,0.0,4.8,747.2,EXT-OPEN-METEO-KHI,KARACHI,OPENSOURCE_API_GRID,519,,,,0.95,True,True,TIER2_OPENSOURCE_PURE;CONTINUOUS_MINUTE_STREAM;VERIFIED_MODEL_GRID,157a5dbd373196227480046764dca14e8009a8874504c38ffb7407c5f4814566,2026-09-30T08:38:00+00:00,2026-09-30 13:38:00,56.5,1012.1,103
25.9,38.1,142.3,2362.2,685.8,106.7,13.3,11.4,2.8,444.0,220.9,4.4,6.5,98.5,30.0,20.38,False,4095,0.0,4.6,746.4,EXT-OPEN-METEO-KHI,KARACHI,OPENSOURCE_API_GRID,520,,,,0.95,True,True,TIER2_OPENSOURCE_PURE;CONTINUOUS_MINUTE_STREAM;VERIFIED_MODEL_GRID,2861a121e1ec2c346478c4c123d29c5ee379d46e0a613199e5630f7f6f1ec2a8,2026-09-30T08:39:00+00:00,2026-09-30 13:39:00,56.4,1012.1,103
25.9,38.1,142.1,2362.2,685.8,106.7,13.3,11.4,2.8,444.0,221.2,4.4,6.4,98.5,30.0,20.38,False,4095,0.0,4.5,745.5,EXT-OPEN-METEO-KHI,KARACHI,OPENSOURCE_API_GRID,521,,,,0.95,True,True,TIER2_OPENSOURCE_PURE;CONTINUOUS_MINUTE_STREAM;VERIFIED_MODEL_GRID,3e0f5d34cd1f5e0d2c6fb220e739d159b8b703e195c1c2b836e7b825c040f628,2026-09-30T08:40:00+00:00,2026-09-30 13:40:00,56.4,1012.1,103
25.9,38.1,141.9,2362.2,685.8,106.7,13.3,11.4,2.8,444.0,221.6,4.4,6.4,98.5,30.0,20.38,False,4095,0.0,4.4,744.8,EXT-OPEN-METEO-KHI,KARACHI,OPENSOURCE_API_GRID,522,,,,0.95,True,True,TIER2_OPENSOURCE_PURE;CONTINUOUS_MINUTE_STREAM;VERIFIED_MODEL_GRID,e38392be40056545b86504846386775cb7bfec62404effef348e9870b7998f16,2026-09-30T08:41:00+00:00,2026-09-30 13:41:00,56.4,1012.1,103
25.8,38.0,141.8,2356.0,684.0,106.4,13.3,11.3,2.8,444.0,221.9,4.4,6.4,98.4,30.0,20.38,False,4095,0.0,4.2,744.0,EXT-OPEN-METEO-KHI,KARACHI,OPENSOURCE_API_GRID,523,,,,0.95,True,True,TIER2_OPENSOURCE_PURE;CONTINUOUS_MINUTE_STREAM;VERIFIED_MODEL_GRID,542da2c69fb3efdf6c2d472b99882c6b06b2709c6db8f877017d68f56660b9ac,2026-09-30T08:42:00+00:00,2026-09-30 13:42:00,56.4,1012.0,103
25.8,38.0,141.6,2356.0,684.0,106.4,13.3,11.3,2.8,444.0,222.2,4.4,6.4,98.4,30.0,20.36,False,4095,0.0,4.1,743.3,EXT-OPEN-METEO-KHI,KARACHI,OPENSOURCE_API_GRID,524,,,,0.95,True,True,TIER2_OPENSOURCE_PURE;CONTINUOUS_MINUTE_STREAM;VERIFIED_MODEL_GRID,4fe02077605582f869acb258337c26a983c14fa85a5004a1b6d3c526f2d53803,2026-09-30T08:43:00+00:00,2026-09-30 13:43:00,56.3,1012.0,103
25.8,38.0,141.5,2356.0,684.0,106.4,13.3,11.3,2.8,444.0,222.5,4.5,6.4,98.3,30.0,20.36,False,4095,0.0,4.0,742.6,EXT-OPEN-METEO-KHI,KARACHI,OPENSOURCE_API_GRID,525,,,,0.95,True,True,TIER2_OPENSOURCE_PURE;CONTINUOUS_MINUTE_STREAM;VERIFIED_MODEL_GRID,dd965d94e9ab46669b09eef9d7d0dbe1346395bd5c344f32e07344e4e04b65c7,2026-09-30T08:44:00+00:00,2026-09-30 13:44:00,56.3,1012.0,103
25.8,38.0,141.3,2356.0,684.0,106.4,13.3,11.3,2.8,444.0,222.8,4.5,6.4,98.3,30.0,20.36,False,4095,0.0,3.9,741.9,EXT-OPEN-METEO-KHI,KARACHI,OPENSOURCE_API_GRID,526,,,,0.95,True,True,TIER2_OPENSOURCE_PURE;CONTINUOUS_MINUTE_STREAM;VERIFIED_MODEL_GRID,96e56f27a3caf0d10f0c2d599b9ba2ce86f435efda10ecec6ca24245a8c38cd8,2026-09-30T08:45:00+00:00,2026-09-30 13:45:00,56.3,1012.0,103
25.8,38.0,141.2,2356.0,684.0,106.4,13.3,11.3,2.8,444.0,223.1,4.5,6.4,98.3,30.0,20.36,False,4095,0.0,3.8,741.3,EXT-OPEN-METEO-KHI,KARACHI,OPENSOURCE_API_GRID,527,,,,0.95,True,True,TIER2_OPENSOURCE_PURE;CONTINUOUS_MINUTE_STREAM;VERIFIED_MODEL_GRID,31fa2bd9b40dbfb4cdaa40305af1ad11084aea9be42f90c56476489eb10901b8,2026-09-30T08:46:00+00:00,2026-09-30 13:46:00,56.3,1012.0,103
25.8,37.9,140.9,2349.8,682.2,106.1,13.3,11.3,2.8,444.0,223.3,4.5,6.4,98.2,30.0,20.38,False,4095,0.0,3.7,740.7,EXT-OPEN-METEO-KHI,KARACHI,OPENSOURCE_API_GRID,528,,,,0.95,True,True,TIER2_OPENSOURCE_PURE;CONTINUOUS_MINUTE_STREAM;VERIFIED_MODEL_GRID,4246712dfa7a77881c3acc61b1290e4f5afeeadd91dbd8eb35f8ba9d4b4bdd90,2026-09-30T08:47:00+00:00,2026-09-30 13:47:00,56.4,1012.0,103
25.8,37.9,140.8,2349.8,682.2,106.1,13.3,11.3,2.8,444.0,223.6,4.5,6.4,98.2,30.0,20.36,False,4095,0.0,3.6,740.1,EXT-OPEN-METEO-KHI,KARACHI,OPENSOURCE_API_GRID,529,,,,0.95,True,True,TIER2_OPENSOURCE_PURE;CONTINUOUS_MINUTE_STREAM;VERIFIED_MODEL_GRID,a4947a88173af7bd346d7d054e3a96b86258df4139355f65e6d09bc1beae718d,2026-09-30T08:48:00+00:00,2026-09-30 13:48:00,56.3,1012.0,103
25.8,37.9,140.7,2349.8,682.2,106.1,13.3,11.3,2.8,444.0,223.8,4.5,6.3,98.2,30.0,20.36,False,4095,0.0,3.5,739.6,EXT-OPEN-METEO-KHI,KARACHI,OPENSOURCE_API_GRID,530,,,,0.95,True,True,TIER2_OPENSOURCE_PURE;CONTINUOUS_MINUTE_STREAM;VERIFIED_MODEL_GRID,1d3c5520d0b8d0df4051237f6dc998672449dc25a68fb7a661f2e0383c98e64e,2026-09-30T08:49:00+00:00,2026-09-30 13:49:00,56.3,1012.0,103
25.8,37.9,140.6,2349.8,682.2,106.1,13.3,11.2,2.8,444.0,224.0,4.5,6.3,98.1,30.0,20.36,False,4095,0.0,3.4,739.1,EXT-OPEN-METEO-KHI,KARACHI,OPENSOURCE_API_GRID,531,,,,0.95,True,True,TIER2_OPENSOURCE_PURE;CONTINUOUS_MINUTE_STREAM;VERIFIED_MODEL_GRID,bef44772c2c04200ae54779f04eaaa09693e70a6bf6e10651a51e0b6cedd2671,2026-09-30T08:50:00+00:00,2026-09-30 13:50:00,56.3,1012.0,103
25.8,37.9,140.5,2349.8,682.2,106.1,13.3,11.2,2.8,444.0,224.2,4.5,6.3,98.1,30.0,20.33,False,4095,0.0,3.3,738.7,EXT-OPEN-METEO-KHI,KARACHI,OPENSOURCE_API_GRID,532,,,,0.95,True,True,TIER2_OPENSOURCE_PURE;CONTINUOUS_MINUTE_STREAM;VERIFIED_MODEL_GRID,d2da22cf09c93aada02d5537bf4a005c953ce430b665967a10070d093802e9c4,2026-09-30T08:51:00+00:00,2026-09-30 13:51:00,56.2,1011.9,103
25.8,37.9,140.4,2349.8,682.2,106.1,13.3,11.2,2.8,444.0,224.4,4.5,6.3,98.1,30.0,20.33,False,4095,0.0,3.3,738.3,EXT-OPEN-METEO-KHI,KARACHI,OPENSOURCE_API_GRID,533,,,,0.95,True,True,TIER2_OPENSOURCE_PURE;CONTINUOUS_MINUTE_STREAM;VERIFIED_MODEL_GRID,4397d59086ecac33142e031a8990c0b39def44c6cda1a925062e0f844cc70fdb,2026-09-30T08:52:00+00:00,2026-09-30 13:52:00,56.2,1011.9,103
25.8,37.9,140.3,2349.8,682.2,106.1,13.3,11.2,2.8,444.0,224.5,4.5,6.3,98.1,30.0,20.3,False,4095,0.0,3.2,738.0,EXT-OPEN-METEO-KHI,KARACHI,OPENSOURCE_API_GRID,534,,,,0.95,True,True,TIER2_OPENSOURCE_PURE;CONTINUOUS_MINUTE_STREAM;VERIFIED_MODEL_GRID,f8dc556e106648c4acf93251dd61a5ee1627f0e8adf4a033351c0e6e2fb0eba0,2026-09-30T08:53:00+00:00,2026-09-30 13:53:00,56.1,1011.9,103
25.8,37.9,140.3,2349.8,682.2,106.1,13.3,11.2,2.8,444.0,224.6,4.5,6.3,98.0,30.1,20.39,False,4095,0.0,3.1,737.7,EXT-OPEN-METEO-KHI,KARACHI,OPENSOURCE_API_GRID,535,,,,0.95,True,True,TIER2_OPENSOURCE_PURE;CONTINUOUS_MINUTE_STREAM;VERIFIED_MODEL_GRID,9978cd4a35db6cc6a6f088c911510212f43ae352c235cb04544fd1f790ce5452,2026-09-30T08:54:00+00:00,2026-09-30 13:54:00,56.1,1011.9,103
25.7,37.8,140.2,2343.6,680.4,105.8,13.2,11.2,2.8,444.0,224.7,4.5,6.3,98.0,30.1,20.39,False,4095,0.0,3.1,737.4,EXT-OPEN-METEO-KHI,KARACHI,OPENSOURCE_API_GRID,536,,,,0.95,True,True,TIER2_OPENSOURCE_PURE;CONTINUOUS_MINUTE_STREAM;VERIFIED_MODEL_GRID,f651ce59e09a4b940b62a780695afc09a30c9363ec7adf11045dcb6c790a43e7,2026-09-30T08:55:00+00:00,2026-09-30 13:55:00,56.1,1011.9,103
25.7,37.8,140.1,2343.6,680.4,105.8,13.2,11.2,2.8,444.0,224.8,4.5,6.3,98.0,30.0,20.27,False,4095,0.0,3.1,737.2,EXT-OPEN-METEO-KHI,KARACHI,OPENSOURCE_API_GRID,537,,,,0.95,True,True,TIER2_OPENSOURCE_PURE;CONTINUOUS_MINUTE_STREAM;VERIFIED_MODEL_GRID,cf6d3ebad9f93c4c94ffd51d594ba92cd26b88086ff94c5cc296b087b9fbe7da,2026-09-30T08:56:00+00:00,2026-09-30 13:56:00,56.0,1011.9,103
25.7,37.8,140.0,2343.6,680.4,105.8,13.2,11.2,2.8,444.0,224.9,4.5,6.3,98.0,30.0,20.27,False,4095,0.0,3.0,737.0,EXT-OPEN-METEO-KHI,KARACHI,OPENSOURCE_API_GRID,538,,,,0.95,True,True,TIER2_OPENSOURCE_PURE;CONTINUOUS_MINUTE_STREAM;VERIFIED_MODEL_GRID,39f1d46f5af5277d5d3d42a82630e005154c29d403d59f79a76054004523b0df,2026-09-30T08:57:00+00:00,2026-09-30 13:57:00,56.0,1011.9,103
25.6,37.7,139.9,2337.4,678.6,105.6,13.2,11.2,2.8,444.0,225.0,4.5,6.3,98.0,30.0,20.27,False,4095,0.0,3.0,736.9,EXT-OPEN-METEO-KHI,KARACHI,OPENSOURCE_API_GRID,539,,,,0.95,True,True,TIER2_OPENSOURCE_PURE;CONTINUOUS_MINUTE_STREAM;VERIFIED_MODEL_GRID,b6ee125c58dadff86d8d19a170d47b0627a7b7d898426ca8399e48f2cf8f36e2,2026-09-30T08:58:00+00:00,2026-09-30 13:58:00,56.0,1011.9,103
25.6,37.7,139.8,2337.4,678.6,105.6,13.2,11.2,2.8,444.0,225.0,4.5,6.3,98.0,30.0,20.24,False,4095,0.0,3.0,736.8,EXT-OPEN-METEO-KHI,KARACHI,OPENSOURCE_API_GRID,540,,,,0.95,True,True,TIER2_OPENSOURCE_PURE;CONTINUOUS_MINUTE_STREAM;VERIFIED_MODEL_GRID,5418ec27b33cbbe4889111ed97dca90b9aae4dc17bb9acb73e32b9936d09c593,2026-09-30T08:59:00+00:00,2026-09-30 13:59:00,55.9,1011.9,103
25.6,37.7,139.8,2337.4,678.6,105.6,13.2,11.2,2.8,444.0,225.0,4.5,6.3,98.0,30.0,20.24,False,4095,0.0,3.0,736.8,EXT-OPEN-METEO-KHI,KARACHI,OPENSOURCE_API_GRID,541,,,,0.95,True,False,TIER2_OPENSOURCE_PURE;HOURLY_NODE;VERIFIED_MODEL_GRID,450366adf09d442b28a2315285d30ee01dd9a2b7772361e9d73411c531c6f8e1,2026-09-30T09:00:00+00:00,2026-09-30 14:00:00,55.9,1011.9,102
25.6,37.6,139.7,2331.2,676.8,105.3,13.2,11.2,2.8,444.0,225.0,4.5,6.3,98.0,30.0,20.24,False,4095,0.0,3.0,736.7,EXT-OPEN-METEO-KHI,KARACHI,OPENSOURCE_API_GRID,542,,,,0.95,True,True,TIER2_OPENSOURCE_PURE;CONTINUOUS_MINUTE_STREAM;VERIFIED_MODEL_GRID,8268c9b5d49a23d09ee4a9d04620f294f0c11b484fd224ed22a97e7fd766f750,2026-09-30T09:01:00+00:00,2026-09-30 14:01:00,55.9,1011.9,102
25.6,37.6,139.6,2331.2,676.8,105.3,13.2,11.2,2.8,444.0,225.0,4.5,6.3,98.0,30.0,20.24,False,4095,0.0,3.0,736.5,EXT-OPEN-METEO-KHI,KARACHI,OPENSOURCE_API_GRID,543,,,,0.95,True,True,TIER2_OPENSOURCE_PURE;CONTINUOUS_MINUTE_STREAM;VERIFIED_MODEL_GRID,30fdd62f68a01b24e0c77b6a6e628a5cb6df0f90a922c05f9c733fa75124a9f2,2026-09-30T09:02:00+00:00,2026-09-30 14:02:00,55.9,1011.9,102
25.5,37.5,139.5,2325.0,675.0,105.0,13.1,11.2,2.8,444.0,225.1,4.5,6.3,98.0,30.0,20.24,False,4095,0.0,3.0,736.1,EXT-OPEN-METEO-KHI,KARACHI,OPENSOURCE_API_GRID,544,,,,0.95,True,True,TIER2_OPENSOURCE_PURE;CONTINUOUS_MINUTE_STREAM;VERIFIED_MODEL_GRID,75ceaf739a7217b1efc62cbb407e9d820030107fc6a1a7a6b40644505cb1828a,2026-09-30T09:03:00+00:00,2026-09-30 14:03:00,55.9,1011.9,102
25.5,37.5,139.5,2325.0,675.0,105.0,13.1,11.2,2.8,444.0,225.2,4.5,6.3,97.9,30.0,20.24,False,4095,0.0,3.1,735.5,EXT-OPEN-METEO-KHI,KARACHI,OPENSOURCE_API_GRID,545,,,,0.95,True,True,TIER2_OPENSOURCE_PURE;CONTINUOUS_MINUTE_STREAM;VERIFIED_MODEL_GRID,d22a600afb8e806ecc0c8125b726be9c7e943a5e2002a5a1f7512fc2f1e3b1a2,2026-09-30T09:04:00+00:00,2026-09-30 14:04:00,55.9,1011.9,102
25.4,37.4,139.4,2318.8,673.2,104.7,13.1,11.2,2.8,444.0,225.3,4.5,6.3,97.9,30.0,20.24,False,4095,0.0,3.1,734.8,EXT-OPEN-METEO-KHI,KARACHI,OPENSOURCE_API_GRID,546,,,,0.95,True,True,TIER2_OPENSOURCE_PURE;CONTINUOUS_MINUTE_STREAM;VERIFIED_MODEL_GRID,6125298f54e839233e5935a130bfb9bb6f9c44c6a1c72bce178d3cc556a51d76,2026-09-30T09:05:00+00:00,2026-09-30 14:05:00,55.9,1011.9,102
25.4,37.4,139.3,2318.8,673.2,104.7,13.1,11.1,2.8,444.0,225.4,4.5,6.3,97.8,30.0,20.24,False,4095,0.0,3.2,733.9,EXT-OPEN-METEO-KHI,KARACHI,OPENSOURCE_API_GRID,547,,,,0.95,True,True,TIER2_OPENSOURCE_PURE;CONTINUOUS_MINUTE_STREAM;VERIFIED_MODEL_GRID,f372431906faa9341853c581002ff632de2c86c3c370189a0db24f9ac4aa77b1,2026-09-30T09:06:00+00:00,2026-09-30 14:06:00,55.9,1011.9,102
25.4,37.4,139.2,2318.8,673.2,104.7,13.1,11.1,2.8,444.0,225.6,4.5,6.3,97.7,30.0,20.24,False,4095,0.0,3.2,732.8,EXT-OPEN-METEO-KHI,KARACHI,OPENSOURCE_API_GRID,548,,,,0.95,True,True,TIER2_OPENSOURCE_PURE;CONTINUOUS_MINUTE_STREAM;VERIFIED_MODEL_GRID,ddde628d3640e8db6e95a4aba27f42aafbd763a8ebe8259ea2e8ffdc87b171b5,2026-09-30T09:07:00+00:00,2026-09-30 14:07:00,55.9,1011.9,102
25.4,37.3,139.2,2312.6,671.4,104.4,13.1,11.1,2.8,444.0,225.7,4.5,6.3,97.7,29.9,20.15,False,4095,0.0,3.3,731.6,EXT-OPEN-METEO-KHI,KARACHI,OPENSOURCE_API_GRID,549,,,,0.95,True,True,TIER2_OPENSOURCE_PURE;CONTINUOUS_MINUTE_STREAM;VERIFIED_MODEL_GRID,3c54a3cbd378c0a2ccd0df33d374c54e8e0afa0d413e9be1bc91928668f7ba39,2026-09-30T09:08:00+00:00,2026-09-30 14:08:00,55.9,1011.9,102
25.4,37.3,139.1,2312.6,671.4,104.4,13.1,11.1,2.8,444.0,225.9,4.6,6.3,97.6,29.9,20.18,False,4095,0.0,3.4,730.3,EXT-OPEN-METEO-KHI,KARACHI,OPENSOURCE_API_GRID,550,,,,0.95,True,True,TIER2_OPENSOURCE_PURE;CONTINUOUS_MINUTE_STREAM;VERIFIED_MODEL_GRID,c656fe972cdad9d3c766d25ad58f368b6b8bfeca3914b70bb422e3f974b7a981,2026-09-30T09:09:00+00:00,2026-09-30 14:09:00,56.0,1011.9,102
25.4,37.3,139.0,2312.6,671.4,104.4,13.1,11.1,2.8,444.0,226.1,4.6,6.3,97.5,29.9,20.18,False,4095,0.0,3.5,728.8,EXT-OPEN-METEO-KHI,KARACHI,OPENSOURCE_API_GRID,551,,,,0.95,True,True,TIER2_OPENSOURCE_PURE;CONTINUOUS_MINUTE_STREAM;VERIFIED_MODEL_GRID,24a2719def95820fa90db0ce6fdec5049d8704ad5e29e7a5b2e41f45753efbe0,2026-09-30T09:10:00+00:00,2026-09-30 14:10:00,56.0,1011.9,102
25.4,37.3,139.0,2312.6,671.4,104.4,13.1,11.1,2.8,444.0,226.4,4.6,6.3,97.4,29.9,20.2,False,4095,0.0,3.6,727.1,EXT-OPEN-METEO-KHI,KARACHI,OPENSOURCE_API_GRID,552,,,,0.95,True,True,TIER2_OPENSOURCE_PURE;CONTINUOUS_MINUTE_STREAM;VERIFIED_MODEL_GRID,54807fac3f7366203278f5ab165ade0b0f308747b2643ac75a23c9bd9a230b20,2026-09-30T09:11:00+00:00,2026-09-30 14:11:00,56.1,1011.8,102
25.4,37.3,139.0,2312.6,671.4,104.4,13.1,11.1,2.8,444.0,226.6,4.6,6.3,97.2,29.9,20.2,False,4095,0.0,3.7,725.4,EXT-OPEN-METEO-KHI,KARACHI,OPENSOURCE_API_GRID,553,,,,0.95,True,True,TIER2_OPENSOURCE_PURE;CONTINUOUS_MINUTE_STREAM;VERIFIED_MODEL_GRID,1986d1634d796deb200015cd466ca768c6f4d10fd2f759aff09e9e2ecdf83c27,2026-09-30T09:12:00+00:00,2026-09-30 14:12:00,56.1,1011.8,102
25.4,37.3,138.9,2312.6,671.4,104.4,13.1,11.1,2.8,444.0,226.9,4.6,6.3,97.1,29.9,20.23,False,4095,0.0,3.8,723.5,EXT-OPEN-METEO-KHI,KARACHI,OPENSOURCE_API_GRID,554,,,,0.95,True,True,TIER2_OPENSOURCE_PURE;CONTINUOUS_MINUTE_STREAM;VERIFIED_MODEL_GRID,fcb0098262f3c7f2d915e8ea4fa72b9a7647fe2ef83062e81eb9c701a008eb6a,2026-09-30T09:13:00+00:00,2026-09-30 14:13:00,56.2,1011.8,102
25.4,37.3,138.9,2312.6,671.4,104.4,13.1,11.1,2.8,444.0,227.2,4.6,6.3,97.0,29.9,20.23,False,4095,0.0,3.9,721.4,EXT-OPEN-METEO-KHI,KARACHI,OPENSOURCE_API_GRID,555,,,,0.95,True,True,TIER2_OPENSOURCE_PURE;CONTINUOUS_MINUTE_STREAM;VERIFIED_MODEL_GRID,d7784609b48b83c6514e1ea27ff7945d21cb2ffa657ae4843624d165c92b1a3d,2026-09-30T09:14:00+00:00,2026-09-30 14:14:00,56.2,1011.8,102
25.4,37.3,138.9,2312.6,671.4,104.4,13.1,11.1,2.8,444.0,227.5,4.6,6.3,96.8,29.9,20.26,False,4095,0.0,4.0,719.3,EXT-OPEN-METEO-KHI,KARACHI,OPENSOURCE_API_GRID,556,,,,0.95,True,True,TIER2_OPENSOURCE_PURE;CONTINUOUS_MINUTE_STREAM;VERIFIED_MODEL_GRID,385598206dbad8c75df3b56d7ec6a62fa20fd949b9b7cca5bf0e57898199c77a,2026-09-30T09:15:00+00:00,2026-09-30 14:15:00,56.3,1011.8,102
25.4,37.4,138.8,2318.8,673.2,104.7,13.1,11.1,2.8,444.0,227.8,4.7,6.3,96.7,29.9,20.26,False,4095,0.0,4.2,717.0,EXT-OPEN-METEO-KHI,KARACHI,OPENSOURCE_API_GRID,557,,,,0.95,True,True,TIER2_OPENSOURCE_PURE;CONTINUOUS_MINUTE_STREAM;VERIFIED_MODEL_GRID,c430c74bc35935fc746adacfe4172927ab870259dffa887bddd910ef2ad8de4e,2026-09-30T09:16:00+00:00,2026-09-30 14:16:00,56.3,1011.8,102
25.4,37.4,138.8,2318.8,673.2,104.7,13.1,11.1,2.8,444.0,228.2,4.7,6.2,96.5,29.9,20.29,False,4095,0.0,4.3,714.6,EXT-OPEN-METEO-KHI,KARACHI,OPENSOURCE_API_GRID,558,,,,0.95,True,True,TIER2_OPENSOURCE_PURE;CONTINUOUS_MINUTE_STREAM;VERIFIED_MODEL_GRID,0d059321cfabf405a1c4255ba80a4db59a9b9b9507ea4168ef95624712486e19,2026-09-30T09:17:00+00:00,2026-09-30 14:17:00,56.4,1011.8,102
25.3,37.2,138.5,2306.4,669.6,104.2,13.0,11.1,2.8,444.0,228.5,4.7,6.2,96.4,29.9,20.35,False,4095,0.0,4.4,712.1,EXT-OPEN-METEO-KHI,KARACHI,OPENSOURCE_API_GRID,559,,,,0.95,True,True,TIER2_OPENSOURCE_PURE;CONTINUOUS_MINUTE_STREAM;VERIFIED_MODEL_GRID,81584d896de617e79552743e3c764bcdd76c3f44ef9baa5bd8629bbaa2f8c4ca,2026-09-30T09:18:00+00:00,2026-09-30 14:18:00,56.6,1011.8,102
25.4,37.3,138.5,2312.6,671.4,104.4,13.1,11.1,2.8,444.0,228.9,4.7,6.2,96.2,29.9,20.35,False,4095,0.0,4.6,709.5,EXT-OPEN-METEO-KHI,KARACHI,OPENSOURCE_API_GRID,560,,,,0.95,True,True,TIER2_OPENSOURCE_PURE;CONTINUOUS_MINUTE_STREAM;VERIFIED_MODEL_GRID,a650b6da5bb8507bd9cb8b8ee26b76338eb013f35679fd06448ed82ef6b0c109,2026-09-30T09:19:00+00:00,2026-09-30 14:19:00,56.6,1011.7,102
25.4,37.3,138.4,2312.6,671.4,104.4,13.1,11.1,2.8,444.0,229.2,4.8,6.2,96.0,29.9,20.35,False,4095,0.0,4.8,706.8,EXT-OPEN-METEO-KHI,KARACHI,OPENSOURCE_API_GRID,561,,,,0.95,True,True,TIER2_OPENSOURCE_PURE;CONTINUOUS_MINUTE_STREAM;VERIFIED_MODEL_GRID,0367c5f42eea237f93d71f7111b350a1ad15e39df8651cbcd646ba56b93c3b3e,2026-09-30T09:20:00+00:00,2026-09-30 14:20:00,56.6,1011.7,102
25.4,37.3,138.4,2312.6,671.4,104.4,13.1,11.1,2.8,444.0,229.6,4.8,6.2,95.8,29.9,20.38,False,4095,0.0,4.9,704.1,EXT-OPEN-METEO-KHI,KARACHI,OPENSOURCE_API_GRID,562,,,,0.95,True,True,TIER2_OPENSOURCE_PURE;CONTINUOUS_MINUTE_STREAM;VERIFIED_MODEL_GRID,6e3678b6d44186d79d746bdebf60bee35483e9d28fbcf1627ca786d5fd55738a,2026-09-30T09:21:00+00:00,2026-09-30 14:21:00,56.7,1011.7,102
25.4,37.3,138.3,2312.6,671.4,104.4,13.1,11.1,2.8,444.0,230.0,4.8,6.2,95.6,29.9,20.38,False,4095,0.0,5.1,701.3,EXT-OPEN-METEO-KHI,KARACHI,OPENSOURCE_API_GRID,563,,,,0.95,True,True,TIER2_OPENSOURCE_PURE;CONTINUOUS_MINUTE_STREAM;VERIFIED_MODEL_GRID,870bf35692d6a4c27a321b2aade2a178c7b4153b912a364b5e9280338d3b0027,2026-09-30T09:22:00+00:00,2026-09-30 14:22:00,56.7,1011.7,102
25.3,37.2,138.2,2306.4,669.6,104.2,13.0,11.1,2.8,444.0,230.5,4.8,6.2,95.4,29.9,20.38,False,4095,0.0,5.2,698.4,EXT-OPEN-METEO-KHI,KARACHI,OPENSOURCE_API_GRID,564,,,,0.95,True,True,TIER2_OPENSOURCE_PURE;CONTINUOUS_MINUTE_STREAM;VERIFIED_MODEL_GRID,86a3f0e4777ff30f1666eb59716351a7c047444df8a485cbb3585b79bf0a9fde,2026-09-30T09:23:00+00:00,2026-09-30 14:23:00,56.7,1011.7,102
25.3,37.2,138.1,2306.4,669.6,104.2,13.0,11.0,2.8,444.0,230.9,4.8,6.2,95.2,29.9,20.41,False,4095,0.0,5.4,695.4,EXT-OPEN-METEO-KHI,KARACHI,OPENSOURCE_API_GRID,565,,,,0.95,True,True,TIER2_OPENSOURCE_PURE;CONTINUOUS_MINUTE_STREAM;VERIFIED_MODEL_GRID,74d101a76d95950a0a6c5d37e2f9c6b1fc3277fcd1400aee6f714135b3cbda73,2026-09-30T09:24:00+00:00,2026-09-30 14:24:00,56.8,1011.7,102
25.3,37.2,137.9,2306.4,669.6,104.2,13.0,11.0,2.8,444.0,231.3,4.9,6.2,95.0,29.9,20.41,False,4095,0.0,5.6,692.4,EXT-OPEN-METEO-KHI,KARACHI,OPENSOURCE_API_GRID,566,,,,0.95,True,True,TIER2_OPENSOURCE_PURE;CONTINUOUS_MINUTE_STREAM;VERIFIED_MODEL_GRID,b34b13863cb38d12ffc31e010c4a434b23123b33a25d3bdf638be29d703f0225,2026-09-30T09:25:00+00:00,2026-09-30 14:25:00,56.8,1011.7,102
25.2,37.1,137.8,2300.2,667.8,103.9,13.0,11.0,2.8,444.0,231.7,4.9,6.2,94.8,29.9,20.41,False,4095,0.0,5.8,689.4,EXT-OPEN-METEO-KHI,KARACHI,OPENSOURCE_API_GRID,567,,,,0.95,True,True,TIER2_OPENSOURCE_PURE;CONTINUOUS_MINUTE_STREAM;VERIFIED_MODEL_GRID,897f1186b00037393437bf1db9d9b1a4d6889712e07fe143ba5b603e3de31c19,2026-09-30T09:26:00+00:00,2026-09-30 14:26:00,56.8,1011.6,102
25.2,37.1,137.6,2300.2,667.8,103.9,13.0,11.0,2.8,444.0,232.2,4.9,6.2,94.6,29.9,20.43,False,4095,0.0,6.0,686.3,EXT-OPEN-METEO-KHI,KARACHI,OPENSOURCE_API_GRID,568,,,,0.95,True,True,TIER2_OPENSOURCE_PURE;CONTINUOUS_MINUTE_STREAM;VERIFIED_MODEL_GRID,a4011748ebd07f3305eabe081bbc2e7cb246a9bdc49e1d06f3d9b9eff0936c3f,2026-09-30T09:27:00+00:00,2026-09-30 14:27:00,56.9,1011.6,102
25.2,37.0,137.4,2294.0,666.0,103.6,12.9,11.0,2.7,444.0,232.6,4.9,6.2,94.4,29.9,20.43,False,4095,0.0,6.1,683.2,EXT-OPEN-METEO-KHI,KARACHI,OPENSOURCE_API_GRID,569,,,,0.95,True,True,TIER2_OPENSOURCE_PURE;CONTINUOUS_MINUTE_STREAM;VERIFIED_MODEL_GRID,900a82c3b622f89110de35e6b2b24e521154ee937cacd7fb7b95f8a773f8566f,2026-09-30T09:28:00+00:00,2026-09-30 14:28:00,56.9,1011.6,102
25.1,36.9,137.2,2287.8,664.2,103.3,12.9,11.0,2.7,444.0,233.1,5.0,6.2,94.2,29.9,20.43,False,4095,0.0,6.3,680.0,EXT-OPEN-METEO-KHI,KARACHI,OPENSOURCE_API_GRID,570,,,,0.95,True,True,TIER2_OPENSOURCE_PURE;CONTINUOUS_MINUTE_STREAM;VERIFIED_MODEL_GRID,aaa6b52fdd9053e44ff817de7307111eba4ecbb8e02631261c463447e38b0d62,2026-09-30T09:29:00+00:00,2026-09-30 14:29:00,56.9,1011.6,102
25.0,36.8,137.0,2281.6,662.4,103.0,12.9,11.0,2.7,444.0,233.5,5.0,6.1,94.0,29.9,20.43,False,4095,0.0,6.5,676.9,EXT-OPEN-METEO-KHI,KARACHI,OPENSOURCE_API_GRID,571,,,,0.95,True,True,TIER2_OPENSOURCE_PURE;CONTINUOUS_MINUTE_STREAM;VERIFIED_MODEL_GRID,a5e3a1569f59422bc1b37b3d6bcf4b64bd5d03ad66bded3f641573a64c859132,2026-09-30T09:30:00+00:00,2026-09-30 14:30:00,56.9,1011.6,102
25.0,36.8,136.8,2281.6,662.4,103.0,12.9,10.9,2.7,444.0,233.9,5.0,6.1,93.8,29.9,20.46,False,4095,0.0,6.7,673.8,EXT-OPEN-METEO-KHI,KARACHI,OPENSOURCE_API_GRID,572,,,,0.95,True,True,TIER2_OPENSOURCE_PURE;CONTINUOUS_MINUTE_STREAM;VERIFIED_MODEL_GRID,834c5551bd1f16ebc50293c6f69f3197391a8177e3eda559f4ac424dc7cb43f8,2026-09-30T09:31:00+00:00,2026-09-30 14:31:00,57.0,1011.6,102
25.0,36.7,136.6,2275.4,660.6,102.8,12.8,10.9,2.7,444.0,234.4,5.1,6.1,93.6,29.9,20.46,False,4095,0.0,6.9,670.6,EXT-OPEN-METEO-KHI,KARACHI,OPENSOURCE_API_GRID,573,,,,0.95,True,True,TIER2_OPENSOURCE_PURE;CONTINUOUS_MINUTE_STREAM;VERIFIED_MODEL_GRID,86dc5d5254a4b99f0632e435f2bbb0cd5ac7fe8653e13a66e284bda2d690d508,2026-09-30T09:32:00+00:00,2026-09-30 14:32:00,57.0,1011.5,102
24.9,36.6,136.4,2269.2,658.8,102.5,12.8,10.9,2.7,444.0,234.8,5.1,6.1,93.4,29.8,20.37,False,4095,0.0,7.0,667.5,EXT-OPEN-METEO-KHI,KARACHI,OPENSOURCE_API_GRID,574,,,,0.95,True,True,TIER2_OPENSOURCE_PURE;CONTINUOUS_MINUTE_STREAM;VERIFIED_MODEL_GRID,8ba230b0b90bb1acc71eac231a6777853081cceba21e82f90cb05e07c3d5cc81,2026-09-30T09:33:00+00:00,2026-09-30 14:33:00,57.0,1011.5,102
24.8,36.5,136.2,2263.0,657.0,102.2,12.8,10.9,2.7,444.0,235.3,5.1,6.1,93.2,29.8,20.4,False,4095,0.0,7.2,664.4,EXT-OPEN-METEO-KHI,KARACHI,OPENSOURCE_API_GRID,575,,,,0.95,True,True,TIER2_OPENSOURCE_PURE;CONTINUOUS_MINUTE_STREAM;VERIFIED_MODEL_GRID,2e7444f04a8035a4f2d788a6ce0678956feb809dff83fe5693dfd37199ca36d2,2026-09-30T09:34:00+00:00,2026-09-30 14:34:00,57.1,1011.5,102
24.8,36.4,136.0,2256.8,655.2,101.9,12.7,10.9,2.7,444.0,235.7,5.1,6.1,93.0,29.8,20.4,False,4095,0.0,7.4,661.4,EXT-OPEN-METEO-KHI,KARACHI,OPENSOURCE_API_GRID,576,,,,0.95,True,True,TIER2_OPENSOURCE_PURE;CONTINUOUS_MINUTE_STREAM;VERIFIED_MODEL_GRID,967f9d7cb5e1f71cf780edfe410a99e252ce27358d2bdf6826ad2620909deaca,2026-09-30T09:35:00+00:00,2026-09-30 14:35:00,57.1,1011.5,102
24.7,36.3,135.8,2250.6,653.4,101.6,12.7,10.9,2.7,444.0,236.1,5.2,6.1,92.8,29.8,20.43,False,4095,0.0,7.6,658.4,EXT-OPEN-METEO-KHI,KARACHI,OPENSOURCE_API_GRID,577,,,,0.95,True,True,TIER2_OPENSOURCE_PURE;CONTINUOUS_MINUTE_STREAM;VERIFIED_MODEL_GRID,8fb960e7b769a1e94a161fa9cc188c46eb4d35c329b9ab35939dbb1e0cf072bc,2026-09-30T09:36:00+00:00,2026-09-30 14:36:00,57.2,1011.5,102
24.7,36.3,135.6,2250.6,653.4,101.6,12.7,10.8,2.7,444.0,236.5,5.2,6.1,92.6,29.8,20.43,False,4095,0.0,7.8,655.4,EXT-OPEN-METEO-KHI,KARACHI,OPENSOURCE_API_GRID,578,,,,0.95,True,True,TIER2_OPENSOURCE_PURE;CONTINUOUS_MINUTE_STREAM;VERIFIED_MODEL_GRID,95e3eba1dbc5099375c46c1ba13f184749298bbce31c9b361f3824c37e1f7be5,2026-09-30T09:37:00+00:00,2026-09-30 14:37:00,57.2,1011.4,102
24.6,36.2,135.5,2244.4,651.6,101.4,12.7,10.8,2.7,444.0,237.0,5.2,6.1,92.4,29.8,20.45,False,4095,0.0,7.9,652.5,EXT-OPEN-METEO-KHI,KARACHI,OPENSOURCE_API_GRID,579,,,,0.95,True,True,TIER2_OPENSOURCE_PURE;CONTINUOUS_MINUTE_STREAM;VERIFIED_MODEL_GRID,579b1a548ae882b7dc8b4394de7f9f88b87f8ecf8b0c1208a960786a01b01691,2026-09-30T09:38:00+00:00,2026-09-30 14:38:00,57.3,1011.4,102
24.6,36.2,135.3,2244.4,651.6,101.4,12.7,10.8,2.7,444.0,237.4,5.2,6.1,92.2,29.7,20.36,False,4095,0.0,8.1,649.7,EXT-OPEN-METEO-KHI,KARACHI,OPENSOURCE_API_GRID,580,,,,0.95,True,True,TIER2_OPENSOURCE_PURE;CONTINUOUS_MINUTE_STREAM;VERIFIED_MODEL_GRID,b6b3538b6f7c989b8907bf1db0475eacc37536294f0017747cdb0e75107cae6f,2026-09-30T09:39:00+00:00,2026-09-30 14:39:00,57.3,1011.4,102
24.5,36.1,135.2,2238.2,649.8,101.1,12.6,10.8,2.7,444.0,237.8,5.2,6.1,92.0,29.7,20.39,False,4095,0.0,8.2,647.0,EXT-OPEN-METEO-KHI,KARACHI,OPENSOURCE_API_GRID,581,,,,0.95,True,True,TIER2_OPENSOURCE_PURE;CONTINUOUS_MINUTE_STREAM;VERIFIED_MODEL_GRID,fe5c8ef3f77d58b0bd9e63975b69e1ca72c1d627a4b6b58f3d572662a6d7f6cb,2026-09-30T09:40:00+00:00,2026-09-30 14:40:00,57.4,1011.4,102
24.5,36.1,135.1,2238.2,649.8,101.1,12.6,10.8,2.7,444.0,238.1,5.3,6.1,91.8,29.7,20.39,False,4095,0.0,8.4,644.3,EXT-OPEN-METEO-KHI,KARACHI,OPENSOURCE_API_GRID,582,,,,0.95,True,True,TIER2_OPENSOURCE_PURE;CONTINUOUS_MINUTE_STREAM;VERIFIED_MODEL_GRID,a25b413ecb58a68d60ad179951b1f9a5cd1d19b0e5be066dfbbed2dea818379c,2026-09-30T09:41:00+00:00,2026-09-30 14:41:00,57.4,1011.4,102
24.5,36.1,135.0,2238.2,649.8,101.1,12.6,10.8,2.7,444.0,238.5,5.3,6.1,91.6,29.7,20.42,False,4095,0.0,8.6,641.7,EXT-OPEN-METEO-KHI,KARACHI,OPENSOURCE_API_GRID,583,,,,0.95,True,True,TIER2_OPENSOURCE_PURE;CONTINUOUS_MINUTE_STREAM;VERIFIED_MODEL_GRID,859d81ff6a115f6b548bb0418b6c3f69d25b8629efa324c47a21587361176ce9,2026-09-30T09:42:00+00:00,2026-09-30 14:42:00,57.5,1011.3,102
24.5,36.1,134.9,2238.2,649.8,101.1,12.6,10.8,2.7,444.0,238.8,5.3,6.1,91.5,29.7,20.45,False,4095,0.0,8.7,639.2,EXT-OPEN-METEO-KHI,KARACHI,OPENSOURCE_API_GRID,584,,,,0.95,True,True,TIER2_OPENSOURCE_PURE;CONTINUOUS_MINUTE_STREAM;VERIFIED_MODEL_GRID,bd9240974d05de8f50be400561f6a7b9aeb197e34d89173d3d2f12fe332da481,2026-09-30T09:43:00+00:00,2026-09-30 14:43:00,57.6,1011.3,102
24.5,36.1,134.9,2238.2,649.8,101.1,12.6,10.8,2.7,444.0,239.2,5.3,6.0,91.3,29.7,20.45,False,4095,0.0,8.8,636.8,EXT-OPEN-METEO-KHI,KARACHI,OPENSOURCE_API_GRID,585,,,,0.95,True,True,TIER2_OPENSOURCE_PURE;CONTINUOUS_MINUTE_STREAM;VERIFIED_MODEL_GRID,9aaff5f3fa168ddab35417d4c570938849df34de133c3e73a47ef2ceb7628762,2026-09-30T09:44:00+00:00,2026-09-30 14:44:00,57.6,1011.3,102
24.5,36.1,134.8,2238.2,649.8,101.1,12.6,10.8,2.7,444.0,239.5,5.4,6.0,91.2,29.7,20.47,False,4095,0.0,9.0,634.5,EXT-OPEN-METEO-KHI,KARACHI,OPENSOURCE_API_GRID,586,,,,0.95,True,True,TIER2_OPENSOURCE_PURE;CONTINUOUS_MINUTE_STREAM;VERIFIED_MODEL_GRID,acef83289f53100aef7d44d583f8f5bfd02f9bb378316fdda35ce62a36f7b489,2026-09-30T09:45:00+00:00,2026-09-30 14:45:00,57.7,1011.3,102
24.5,36.1,134.8,2238.2,649.8,101.1,12.6,10.8,2.7,444.0,239.8,5.4,6.0,91.0,29.7,20.47,False,4095,0.0,9.1,632.4,EXT-OPEN-METEO-KHI,KARACHI,OPENSOURCE_API_GRID,587,,,,0.95,True,True,TIER2_OPENSOURCE_PURE;CONTINUOUS_MINUTE_STREAM;VERIFIED_MODEL_GRID,fe3177bb29ebe7c1aba33ba69efa2d1b5a7a27dbf9b4937de0d06fdd6b2b59f5,2026-09-30T09:46:00+00:00,2026-09-30 14:46:00,57.7,1011.3,102
24.5,36.1,134.8,2238.2,649.8,101.1,12.6,10.8,2.7,444.0,240.1,5.4,6.0,90.9,29.7,20.5,False,4095,0.0,9.2,630.3,EXT-OPEN-METEO-KHI,KARACHI,OPENSOURCE_API_GRID,588,,,,0.95,True,True,TIER2_OPENSOURCE_PURE;CONTINUOUS_MINUTE_STREAM;VERIFIED_MODEL_GRID,70f7de2c7bcf86e03e955ec955aa82f186d06834c05ec9173278631d2d31d691,2026-09-30T09:47:00+00:00,2026-09-30 14:47:00,57.8,1011.3,102
24.5,36.1,134.7,2238.2,649.8,101.1,12.6,10.8,2.7,444.0,240.4,5.4,6.0,90.8,29.7,20.53,False,4095,0.0,9.3,628.4,EXT-OPEN-METEO-KHI,KARACHI,OPENSOURCE_API_GRID,589,,,,0.95,True,True,TIER2_OPENSOURCE_PURE;CONTINUOUS_MINUTE_STREAM;VERIFIED_MODEL_GRID,5118a3cd99285982b5bdb06b6f59640dcef27fae07c1cfaa4fca60735dfb8622,2026-09-30T09:48:00+00:00,2026-09-30 14:48:00,57.9,1011.3,102
24.5,36.0,134.6,2232.0,648.0,100.8,12.6,10.8,2.7,444.0,240.6,5.4,6.0,90.6,29.7,20.56,False,4095,0.0,9.4,626.7,EXT-OPEN-METEO-KHI,KARACHI,OPENSOURCE_API_GRID,590,,,,0.95,True,True,TIER2_OPENSOURCE_PURE;CONTINUOUS_MINUTE_STREAM;VERIFIED_MODEL_GRID,1f46146806ff4bd71d9bc60f21a771ce1af642d4e5e9d6466debe8c31d28b522,2026-09-30T09:49:00+00:00,2026-09-30 14:49:00,58.0,1011.3,102
24.5,36.1,134.5,2238.2,649.8,101.1,12.6,10.8,2.7,444.0,240.9,5.4,6.0,90.5,29.7,20.56,False,4095,0.0,9.5,625.0,EXT-OPEN-METEO-KHI,KARACHI,OPENSOURCE_API_GRID,591,,,,0.95,True,True,TIER2_OPENSOURCE_PURE;CONTINUOUS_MINUTE_STREAM;VERIFIED_MODEL_GRID,aa40fb402c91406b51595881f51071dc979e8d678656968cd56080577162f08f,2026-09-30T09:50:00+00:00,2026-09-30 14:50:00,58.0,1011.2,102
24.5,36.1,134.5,2238.2,649.8,101.1,12.6,10.8,2.7,444.0,241.1,5.4,6.0,90.4,29.7,20.56,False,4095,0.0,9.6,623.5,EXT-OPEN-METEO-KHI,KARACHI,OPENSOURCE_API_GRID,592,,,,0.95,True,True,TIER2_OPENSOURCE_PURE;CONTINUOUS_MINUTE_STREAM;VERIFIED_MODEL_GRID,27d4a618dc82b9502a8ef4c7467f39811a555d43152f6e3c49b89ca094115b41,2026-09-30T09:51:00+00:00,2026-09-30 14:51:00,58.0,1011.2,102
24.5,36.1,134.5,2238.2,649.8,101.1,12.6,10.8,2.7,444.0,241.3,5.5,6.0,90.3,29.7,20.56,False,4095,0.0,9.7,622.2,EXT-OPEN-METEO-KHI,KARACHI,OPENSOURCE_API_GRID,593,,,,0.95,True,True,TIER2_OPENSOURCE_PURE;CONTINUOUS_MINUTE_STREAM;VERIFIED_MODEL_GRID,bf8de0a69f8a642290bddddf5ae3912cb23d6533ebd9ca19885116af9402f9ea,2026-09-30T09:52:00+00:00,2026-09-30 14:52:00,58.0,1011.2,102
24.5,36.1,134.5,2238.2,649.8,101.1,12.6,10.8,2.7,444.0,241.4,5.5,6.0,90.3,29.7,20.59,False,4095,0.0,9.8,621.0,EXT-OPEN-METEO-KHI,KARACHI,OPENSOURCE_API_GRID,594,,,,0.95,True,True,TIER2_OPENSOURCE_PURE;CONTINUOUS_MINUTE_STREAM;VERIFIED_MODEL_GRID,702c77633b2b82da6af8c198bd310a89089e37a0e0819eb6008a03d68de4a75e,2026-09-30T09:53:00+00:00,2026-09-30 14:53:00,58.1,1011.2,102
24.5,36.1,134.5,2238.2,649.8,101.1,12.6,10.8,2.7,444.0,241.6,5.5,6.0,90.2,29.7,20.59,False,4095,0.0,9.8,619.9,EXT-OPEN-METEO-KHI,KARACHI,OPENSOURCE_API_GRID,595,,,,0.95,True,True,TIER2_OPENSOURCE_PURE;CONTINUOUS_MINUTE_STREAM;VERIFIED_MODEL_GRID,5669ace36dea1211aa33da88bb4ef08c181bbd2c0b40b32ad2365e69d5c39c73,2026-09-30T09:54:00+00:00,2026-09-30 14:54:00,58.1,1011.2,102
24.5,36.1,134.5,2238.2,649.8,101.1,12.6,10.8,2.7,444.0,241.7,5.5,6.0,90.1,29.8,20.65,False,4095,0.0,9.9,619.0,EXT-OPEN-METEO-KHI,KARACHI,OPENSOURCE_API_GRID,596,,,,0.95,True,True,TIER2_OPENSOURCE_PURE;CONTINUOUS_MINUTE_STREAM;VERIFIED_MODEL_GRID,c42e63ccbb4da0be3f27488fd67839ac4be875dde4701db7acaa56b3145fc34f,2026-09-30T09:55:00+00:00,2026-09-30 14:55:00,58.0,1011.2,102
24.5,36.1,134.5,2238.2,649.8,101.1,12.6,10.8,2.7,444.0,241.8,5.5,6.0,90.1,29.8,20.65,False,4095,0.0,9.9,618.3,EXT-OPEN-METEO-KHI,KARACHI,OPENSOURCE_API_GRID,597,,,,0.95,True,True,TIER2_OPENSOURCE_PURE;CONTINUOUS_MINUTE_STREAM;VERIFIED_MODEL_GRID,12a43a0b79a4686fe18ddb32b082ccd5cc0cee010d2c0479e2fefd16f3e75ae1,2026-09-30T09:56:00+00:00,2026-09-30 14:56:00,58.0,1011.2,102
24.5,36.1,134.4,2238.2,649.8,101.1,12.6,10.8,2.7,444.0,241.9,5.5,6.0,90.0,29.8,20.65,False,4095,0.0,10.0,617.7,EXT-OPEN-METEO-KHI,KARACHI,OPENSOURCE_API_GRID,598,,,,0.95,True,True,TIER2_OPENSOURCE_PURE;CONTINUOUS_MINUTE_STREAM;VERIFIED_MODEL_GRID,baa583aa9486a4b69628fdec99810619405097da577d9cc2581bf8b98353b7ce,2026-09-30T09:57:00+00:00,2026-09-30 14:57:00,58.0,1011.2,102
24.5,36.1,134.4,2238.2,649.8,101.1,12.6,10.8,2.7,444.0,242.0,5.5,6.0,90.0,29.7,20.56,False,4095,0.0,10.0,617.3,EXT-OPEN-METEO-KHI,KARACHI,OPENSOURCE_API_GRID,599,,,,0.95,True,True,TIER2_OPENSOURCE_PURE;CONTINUOUS_MINUTE_STREAM;VERIFIED_MODEL_GRID,1c5c1b1b4b3a2b2cedf5bd5ee9dacb820982b6687160bfbe9cd9d10edc9c30e6,2026-09-30T09:58:00+00:00,2026-09-30 14:58:00,58.0,1011.2,102
24.5,36.1,134.3,2238.2,649.8,101.1,12.6,10.7,2.7,444.0,242.0,5.5,6.0,90.0,29.7,20.56,False,4095,0.0,10.0,617.1,EXT-OPEN-METEO-KHI,KARACHI,OPENSOURCE_API_GRID,600,,,,0.95,True,True,TIER2_OPENSOURCE_PURE;CONTINUOUS_MINUTE_STREAM;VERIFIED_MODEL_GRID,0aca3ea037d00b970f6e8e26e6cf185694e4666c6658b43196e17dd7525e75a0,2026-09-30T09:59:00+00:00,2026-09-30 14:59:00,58.0,1011.2,102
24.5,36.0,134.3,2232.0,648.0,100.8,12.6,10.7,2.7,444.0,242.0,5.5,6.0,90.0,29.7,20.56,False,4095,0.0,10.0,617.0,EXT-OPEN-METEO-KHI,KARACHI,OPENSOURCE_API_GRID,601,,,,0.95,True,False,TIER2_OPENSOURCE_PURE;HOURLY_NODE;VERIFIED_MODEL_GRID,c0d42679bebff5df7ed871408c005d2d43c53ed6c06ae48cc6a69043dab7a637,2026-09-30T10:00:00+00:00,2026-09-30 15:00:00,58.0,1011.2,102
24.5,36.0,134.2,2232.0,648.0,100.8,12.6,10.7,2.7,444.0,242.0,5.5,6.0,90.0,29.7,20.53,False,4095,0.0,10.0,616.9,EXT-OPEN-METEO-KHI,KARACHI,OPENSOURCE_API_GRID,602,,,,0.95,True,True,TIER2_OPENSOURCE_PURE;CONTINUOUS_MINUTE_STREAM;VERIFIED_MODEL_GRID,e4f6a78cb0c89f2550d48b6a74748f6728f3d42df14c87b95c66a856332477b0,2026-09-30T10:01:00+00:00,2026-09-30 15:01:00,57.9,1011.2,102
24.4,35.9,134.2,2225.8,646.2,100.5,12.6,10.7,2.7,444.0,242.1,5.5,6.0,90.0,29.7,20.53,False,4095,0.0,10.0,616.5,EXT-OPEN-METEO-KHI,KARACHI,OPENSOURCE_API_GRID,603,,,,0.95,True,True,TIER2_OPENSOURCE_PURE;CONTINUOUS_MINUTE_STREAM;VERIFIED_MODEL_GRID,254898e19b60c865158fde40baa331d7a2fe56b6b675f1552079e0f4c8d1803b,2026-09-30T10:02:00+00:00,2026-09-30 15:02:00,57.9,1011.2,102
24.4,35.9,134.1,2225.8,646.2,100.5,12.6,10.7,2.7,444.0,242.1,5.5,6.0,89.9,29.7,20.53,False,4095,0.0,10.0,615.9,EXT-OPEN-METEO-KHI,KARACHI,OPENSOURCE_API_GRID,604,,,,0.95,True,True,TIER2_OPENSOURCE_PURE;CONTINUOUS_MINUTE_STREAM;VERIFIED_MODEL_GRID,7bb9b8de0443dee8265dbcf707d48f5b344ffe82a741645451960d1fc8025ab6,2026-09-30T10:03:00+00:00,2026-09-30 15:03:00,57.9,1011.2,102
24.3,35.8,134.0,2219.6,644.4,100.2,12.5,10.7,2.7,444.0,242.3,5.5,6.0,89.9,29.7,20.53,False,4095,0.0,10.0,615.0,EXT-OPEN-METEO-KHI,KARACHI,OPENSOURCE_API_GRID,605,,,,0.95,True,True,TIER2_OPENSOURCE_PURE;CONTINUOUS_MINUTE_STREAM;VERIFIED_MODEL_GRID,77523fe621712dba76014add37b1d58ae5689045845a3eb5e6aee3212e69bc2e,2026-09-30T10:04:00+00:00,2026-09-30 15:04:00,57.9,1011.2,102
24.3,35.8,133.9,2219.6,644.4,100.2,12.5,10.7,2.7,444.0,242.4,5.5,6.0,89.8,29.7,20.53,False,4095,0.0,10.0,613.9,EXT-OPEN-METEO-KHI,KARACHI,OPENSOURCE_API_GRID,606,,,,0.95,True,True,TIER2_OPENSOURCE_PURE;CONTINUOUS_MINUTE_STREAM;VERIFIED_MODEL_GRID,63a1bd40c25058ea42835a25ceb890edd809fe19b99f74c718af6de6657191fb,2026-09-30T10:05:00+00:00,2026-09-30 15:05:00,57.9,1011.2,102
24.3,35.7,133.8,2213.4,642.6,100.0,12.5,10.7,2.7,444.0,242.6,5.5,6.0,89.7,29.7,20.53,False,4095,0.0,10.0,612.5,EXT-OPEN-METEO-KHI,KARACHI,OPENSOURCE_API_GRID,607,,,,0.95,True,True,TIER2_OPENSOURCE_PURE;CONTINUOUS_MINUTE_STREAM;VERIFIED_MODEL_GRID,8362415ae15fa8cee387b71a300878b9c92ac822bf7783a4492978ab18e2d9f5,2026-09-30T10:06:00+00:00,2026-09-30 15:06:00,57.9,1011.2,102
24.3,35.7,133.7,2213.4,642.6,100.0,12.5,10.7,2.7,444.0,242.8,5.6,6.0,89.6,29.7,20.53,False,4095,0.0,10.0,610.9,EXT-OPEN-METEO-KHI,KARACHI,OPENSOURCE_API_GRID,608,,,,0.95,True,True,TIER2_OPENSOURCE_PURE;CONTINUOUS_MINUTE_STREAM;VERIFIED_MODEL_GRID,15d3f489f16d6a8a5efa62bb0bda2b777334fd09695fcf542eb3674d8d6de3d5,2026-09-30T10:07:00+00:00,2026-09-30 15:07:00,57.9,1011.2,102
24.3,35.7,133.6,2213.4,642.6,100.0,12.5,10.7,2.7,444.0,243.0,5.6,6.0,89.4,29.6,20.44,False,4095,0.0,10.0,609.0,EXT-OPEN-METEO-KHI,KARACHI,OPENSOURCE_API_GRID,609,,,,0.95,True,True,TIER2_OPENSOURCE_PURE;CONTINUOUS_MINUTE_STREAM;VERIFIED_MODEL_GRID,97b548081cbf42339b91673bd3b220b16534f8a4c2a1ad90996f03d5fa536d76,2026-09-30T10:08:00+00:00,2026-09-30 15:08:00,57.9,1011.2,102
24.2,35.6,133.6,2207.2,640.8,99.7,12.5,10.7,2.7,444.1,243.3,5.6,6.0,89.3,29.6,20.46,False,4095,0.0,10.0,607.0,EXT-OPEN-METEO-KHI,KARACHI,OPENSOURCE_API_GRID,610,,,,0.95,True,True,TIER2_OPENSOURCE_PURE;CONTINUOUS_MINUTE_STREAM;VERIFIED_MODEL_GRID,03531e1f8780045d582a3f3352bb2cec7cc7dabbc6d6b3c396d57f52a01bd99e,2026-09-30T10:09:00+00:00,2026-09-30 15:09:00,58.0,1011.2,102
24.2,35.6,133.5,2207.2,640.8,99.7,12.5,10.7,2.7,444.1,243.6,5.6,6.0,89.1,29.6,20.46,False,4095,0.0,10.0,604.7,EXT-OPEN-METEO-KHI,KARACHI,OPENSOURCE_API_GRID,611,,,,0.95,True,True,TIER2_OPENSOURCE_PURE;CONTINUOUS_MINUTE_STREAM;VERIFIED_MODEL_GRID,6eeba43a77a5a2c38350f4bca0ae827b6da1b3eec13ed4d53773f37c8279ae2e,2026-09-30T10:10:00+00:00,2026-09-30 15:10:00,58.0,1011.2,102
24.2,35.6,133.4,2207.2,640.8,99.7,12.5,10.7,2.7,444.1,243.9,5.6,6.0,89.0,29.6,20.46,False,4095,0.0,10.0,602.1,EXT-OPEN-METEO-KHI,KARACHI,OPENSOURCE_API_GRID,612,,,,0.95,True,True,TIER2_OPENSOURCE_PURE;CONTINUOUS_MINUTE_STREAM;VERIFIED_MODEL_GRID,2e83d81d1349f684896a36a7c6a87753cb5902c6388ac9e224f7d0865c6f6ee2,2026-09-30T10:11:00+00:00,2026-09-30 15:11:00,58.0,1011.2,102
24.2,35.6,133.4,2207.2,640.8,99.7,12.5,10.7,2.7,444.1,244.3,5.7,6.0,88.8,29.6,20.49,False,4095,0.0,10.0,599.4,EXT-OPEN-METEO-KHI,KARACHI,OPENSOURCE_API_GRID,613,,,,0.95,True,True,TIER2_OPENSOURCE_PURE;CONTINUOUS_MINUTE_STREAM;VERIFIED_MODEL_GRID,ef09759fd8f708161a73895aa5a1d7018f31ca60de4b564042ec7b9d4a14b109,2026-09-30T10:12:00+00:00,2026-09-30 15:12:00,58.1,1011.2,102
24.2,35.6,133.3,2207.2,640.8,99.7,12.5,10.7,2.7,444.1,244.7,5.7,6.0,88.6,29.6,20.49,False,4095,0.0,10.0,596.5,EXT-OPEN-METEO-KHI,KARACHI,OPENSOURCE_API_GRID,614,,,,0.95,True,True,TIER2_OPENSOURCE_PURE;CONTINUOUS_MINUTE_STREAM;VERIFIED_MODEL_GRID,2e8a96713debd56114075d5200e36ba14af0fa7d11d3a8d9db020cdc07260a77,2026-09-30T10:13:00+00:00,2026-09-30 15:13:00,58.1,1011.2,102
24.2,35.6,133.3,2207.2,640.8,99.7,12.5,10.7,2.7,444.1,245.1,5.7,6.0,88.3,29.6,20.52,False,4095,0.0,10.0,593.3,EXT-OPEN-METEO-KHI,KARACHI,OPENSOURCE_API_GRID,615,,,,0.95,True,True,TIER2_OPENSOURCE_PURE;CONTINUOUS_MINUTE_STREAM;VERIFIED_MODEL_GRID,e926e9d601ea55ec06fb881017a78fd12ad128fc6e4c9d8670a296e03fa90f49,2026-09-30T10:14:00+00:00,2026-09-30 15:14:00,58.2,1011.1,102
24.2,35.6,133.3,2207.2,640.8,99.7,12.5,10.7,2.7,444.1,245.5,5.8,6.0,88.1,29.6,20.52,False,4095,0.0,10.0,590.0,EXT-OPEN-METEO-KHI,KARACHI,OPENSOURCE_API_GRID,616,,,,0.95,True,True,TIER2_OPENSOURCE_PURE;CONTINUOUS_MINUTE_STREAM;VERIFIED_MODEL_GRID,678a6fb363953981ce8d8c11ab4e2776bd98b6d4e65978d29cd904f7a3f867db,2026-09-30T10:15:00+00:00,2026-09-30 15:15:00,58.2,1011.1,102
24.2,35.6,133.3,2207.2,640.8,99.7,12.5,10.7,2.7,444.2,246.0,5.8,6.0,87.8,29.6,20.55,False,4095,0.0,10.0,586.5,EXT-OPEN-METEO-KHI,KARACHI,OPENSOURCE_API_GRID,617,,,,0.95,True,True,TIER2_OPENSOURCE_PURE;CONTINUOUS_MINUTE_STREAM;VERIFIED_MODEL_GRID,34baa6c37890cb975a6fab4787d8249b5520f5cb566122083b64e3cb3ff1ac71,2026-09-30T10:16:00+00:00,2026-09-30 15:16:00,58.3,1011.1,102
24.2,35.6,133.2,2207.2,640.8,99.7,12.5,10.7,2.7,444.2,246.4,5.8,6.0,87.6,29.6,20.58,False,4095,0.0,10.0,582.9,EXT-OPEN-METEO-KHI,KARACHI,OPENSOURCE_API_GRID,618,,,,0.95,True,True,TIER2_OPENSOURCE_PURE;CONTINUOUS_MINUTE_STREAM;VERIFIED_MODEL_GRID,e2987fda98f45dcde17197d8c196dc1031df7f307d0e0a3b5c452db56337b73f,2026-09-30T10:17:00+00:00,2026-09-30 15:17:00,58.4,1011.1,102
24.3,35.7,133.2,2213.4,642.6,100.0,12.5,10.7,2.7,444.2,246.9,5.9,6.0,87.3,29.6,20.58,False,4095,0.0,10.0,579.0,EXT-OPEN-METEO-KHI,KARACHI,OPENSOURCE_API_GRID,619,,,,0.95,True,True,TIER2_OPENSOURCE_PURE;CONTINUOUS_MINUTE_STREAM;VERIFIED_MODEL_GRID,18b149582f7b3910a332e480cab1e0f249c38f21c8956ba20c1afed90a86b156,2026-09-30T10:18:00+00:00,2026-09-30 15:18:00,58.4,1011.1,102
24.3,35.7,133.2,2213.4,642.6,100.0,12.5,10.7,2.7,444.2,247.5,5.9,6.0,87.0,29.6,20.6,False,4095,0.0,10.0,575.1,EXT-OPEN-METEO-KHI,KARACHI,OPENSOURCE_API_GRID,620,,,,0.95,True,True,TIER2_OPENSOURCE_PURE;CONTINUOUS_MINUTE_STREAM;VERIFIED_MODEL_GRID,5eec396988044059e851b044dde1004d2788c19d3ff7cd61faf00e90c21e8890,2026-09-30T10:19:00+00:00,2026-09-30 15:19:00,58.5,1011.1,102
24.2,35.6,132.9,2207.2,640.8,99.7,12.5,10.6,2.7,444.2,248.0,5.9,5.9,86.8,29.6,20.63,False,4095,0.0,10.0,570.9,EXT-OPEN-METEO-KHI,KARACHI,OPENSOURCE_API_GRID,621,,,,0.95,True,True,TIER2_OPENSOURCE_PURE;CONTINUOUS_MINUTE_STREAM;VERIFIED_MODEL_GRID,aba105cee8cf2e3f7b92df0a712d8a8833db096f2a17328e223eafa82b508f1e,2026-09-30T10:20:00+00:00,2026-09-30 15:20:00,58.6,1011.1,102
24.2,35.6,132.9,2207.2,640.8,99.7,12.5,10.6,2.7,444.3,248.6,6.0,5.9,86.5,29.6,20.66,False,4095,0.0,10.0,566.7,EXT-OPEN-METEO-KHI,KARACHI,OPENSOURCE_API_GRID,622,,,,0.95,True,True,TIER2_OPENSOURCE_PURE;CONTINUOUS_MINUTE_STREAM;VERIFIED_MODEL_GRID,49a650554a03b555538b4f8fce4f23a3a719db8f71d8e5ebdd23e50f484998cd,2026-09-30T10:21:00+00:00,2026-09-30 15:21:00,58.7,1011.1,102
24.2,35.6,132.9,2207.2,640.8,99.7,12.5,10.6,2.7,444.3,249.1,6.0,5.9,86.1,29.6,20.66,False,4095,0.0,10.0,562.4,EXT-OPEN-METEO-KHI,KARACHI,OPENSOURCE_API_GRID,623,,,,0.95,True,True,TIER2_OPENSOURCE_PURE;CONTINUOUS_MINUTE_STREAM;VERIFIED_MODEL_GRID,15b570ffcbab6916dfb8a4b6859e8968d5433a9418db1614c8b22ebe1208bce3,2026-09-30T10:22:00+00:00,2026-09-30 15:22:00,58.7,1011.1,102
24.2,35.6,132.8,2207.2,640.8,99.7,12.5,10.6,2.7,444.3,249.7,6.1,5.9,85.8,29.6,20.69,False,4095,0.0,10.0,557.9,EXT-OPEN-METEO-KHI,KARACHI,OPENSOURCE_API_GRID,624,,,,0.95,True,True,TIER2_OPENSOURCE_PURE;CONTINUOUS_MINUTE_STREAM;VERIFIED_MODEL_GRID,215d42ef1303696a708ae8dfb4a8ac2cf9423959660367cc10da18eea02602cf,2026-09-30T10:23:00+00:00,2026-09-30 15:23:00,58.8,1011.1,102
24.2,35.6,132.7,2207.2,640.8,99.7,12.5,10.6,2.7,444.3,250.3,6.1,5.9,85.5,29.6,20.69,False,4095,0.0,10.0,553.4,EXT-OPEN-METEO-KHI,KARACHI,OPENSOURCE_API_GRID,625,,,,0.95,True,True,TIER2_OPENSOURCE_PURE;CONTINUOUS_MINUTE_STREAM;VERIFIED_MODEL_GRID,bd16dd40aab6879724379ca76a153c84c53082edfd4d345625782e1a05cc64b1,2026-09-30T10:24:00+00:00,2026-09-30 15:24:00,58.8,1011.1,102
24.2,35.6,132.7,2207.2,640.8,99.7,12.5,10.6,2.7,444.4,250.9,6.2,5.9,85.2,29.6,20.69,False,4095,0.0,10.0,548.7,EXT-OPEN-METEO-KHI,KARACHI,OPENSOURCE_API_GRID,626,,,,0.95,True,True,TIER2_OPENSOURCE_PURE;CONTINUOUS_MINUTE_STREAM;VERIFIED_MODEL_GRID,b36ebbd0c4df3bd6bb5687b6398959cf7b146951417a11fd3464587df32987e1,2026-09-30T10:25:00+00:00,2026-09-30 15:25:00,58.8,1011.1,102
24.2,35.6,132.6,2207.2,640.8,99.7,12.5,10.6,2.7,444.4,251.5,6.2,5.9,84.9,29.5,20.62,False,4095,0.0,10.0,544.0,EXT-OPEN-METEO-KHI,KARACHI,OPENSOURCE_API_GRID,627,,,,0.95,True,True,TIER2_OPENSOURCE_PURE;CONTINUOUS_MINUTE_STREAM;VERIFIED_MODEL_GRID,9311f257cbf12e2f40f2c7ca139c724142b823ee7098273fa96d2a5ac1176718,2026-09-30T10:26:00+00:00,2026-09-30 15:26:00,58.9,1011.1,102
24.2,35.6,132.5,2207.2,640.8,99.7,12.5,10.6,2.6,444.4,252.1,6.3,5.9,84.5,29.5,20.62,False,4095,0.0,10.0,539.3,EXT-OPEN-METEO-KHI,KARACHI,OPENSOURCE_API_GRID,628,,,,0.95,True,True,TIER2_OPENSOURCE_PURE;CONTINUOUS_MINUTE_STREAM;VERIFIED_MODEL_GRID,6436b70d080069e1e6bdd3474646ce10575b75d6ac12dc0966ac34cffa7a01c1,2026-09-30T10:27:00+00:00,2026-09-30 15:27:00,58.9,1011.0,102
24.1,35.5,132.3,2201.0,639.0,99.4,12.4,10.6,2.6,444.4,252.7,6.3,5.9,84.2,29.5,20.62,False,4095,0.0,10.0,534.5,EXT-OPEN-METEO-KHI,KARACHI,OPENSOURCE_API_GRID,629,,,,0.95,True,True,TIER2_OPENSOURCE_PURE;CONTINUOUS_MINUTE_STREAM;VERIFIED_MODEL_GRID,bf9831957a5d82e7d5cbec8a4dc38df6c7bc068a63f3e9941ec0783660425c2d,2026-09-30T10:28:00+00:00,2026-09-30 15:28:00,58.9,1011.0,102
24.1,35.5,132.2,2201.0,639.0,99.4,12.4,10.6,2.6,444.5,253.4,6.4,5.9,83.8,29.5,20.65,False,4095,0.0,10.0,529.7,EXT-OPEN-METEO-KHI,KARACHI,OPENSOURCE_API_GRID,630,,,,0.95,True,True,TIER2_OPENSOURCE_PURE;CONTINUOUS_MINUTE_STREAM;VERIFIED_MODEL_GRID,8ba3cb06421cb4fb5c78fa7f631df5764704cb0ed4fdc0f8527c6f56e74f9f89,2026-09-30T10:29:00+00:00,2026-09-30 15:29:00,59.0,1011.0,102
24.1,35.4,132.0,2194.8,637.2,99.1,12.4,10.6,2.6,444.5,254.0,6.4,5.9,83.5,29.5,20.65,False,4095,0.0,10.0,524.9,EXT-OPEN-METEO-KHI,KARACHI,OPENSOURCE_API_GRID,631,,,,0.95,True,True,TIER2_OPENSOURCE_PURE;CONTINUOUS_MINUTE_STREAM;VERIFIED_MODEL_GRID,1af34289c67d49f0323d430d25fa70683d11210ae9fb2dfab866e3b8f2e219fb,2026-09-30T10:30:00+00:00,2026-09-30 15:30:00,59.0,1011.0,102
24.0,35.3,131.9,2188.6,635.4,98.8,12.4,10.6,2.6,444.5,254.6,6.4,5.9,83.2,29.5,20.65,False,4095,0.0,10.0,520.1,EXT-OPEN-METEO-KHI,KARACHI,OPENSOURCE_API_GRID,632,,,,0.95,True,True,TIER2_OPENSOURCE_PURE;CONTINUOUS_MINUTE_STREAM;VERIFIED_MODEL_GRID,e05332296dd6b9d5493593e95802691f6b7d76388e8c9d9db241a2578a492836,2026-09-30T10:31:00+00:00,2026-09-30 15:31:00,59.0,1011.0,102
24.0,35.3,131.7,2188.6,635.4,98.8,12.4,10.5,2.6,444.6,255.3,6.5,5.9,82.8,29.5,20.65,False,4095,0.0,10.0,515.3,EXT-OPEN-METEO-KHI,KARACHI,OPENSOURCE_API_GRID,633,,,,0.95,True,True,TIER2_OPENSOURCE_PURE;CONTINUOUS_MINUTE_STREAM;VERIFIED_MODEL_GRID,b3b12afd78199e8b247235412289aeb6493315d22c25b6e5311d86b077a77855,2026-09-30T10:32:00+00:00,2026-09-30 15:32:00,59.0,1011.0,102
23.9,35.2,131.5,2182.4,633.6,98.6,12.3,10.5,2.6,444.6,255.9,6.5,5.9,82.5,29.4,20.58,False,4095,0.0,10.0,510.5,EXT-OPEN-METEO-KHI,KARACHI,OPENSOURCE_API_GRID,634,,,,0.95,True,True,TIER2_OPENSOURCE_PURE;CONTINUOUS_MINUTE_STREAM;VERIFIED_MODEL_GRID,33f758bd5e62a204985083c84013cd227c9566220000569e69cf19e5c9732558,2026-09-30T10:33:00+00:00,2026-09-30 15:33:00,59.1,1011.0,102
23.9,35.1,131.3,2176.2,631.8,98.3,12.3,10.5,2.6,444.6,256.5,6.6,5.9,82.1,29.4,20.58,False,4095,0.0,10.0,505.8,EXT-OPEN-METEO-KHI,KARACHI,OPENSOURCE_API_GRID,635,,,,0.95,True,True,TIER2_OPENSOURCE_PURE;CONTINUOUS_MINUTE_STREAM;VERIFIED_MODEL_GRID,7f8c23dae28cbd02994aa76072f1ec4402049aed747c58cf462a6a4268bc30d2,2026-09-30T10:34:00+00:00,2026-09-30 15:34:00,59.1,1011.0,102
23.8,35.0,131.1,2170.0,630.0,98.0,12.2,10.5,2.6,444.6,257.1,6.6,5.9,81.8,29.4,20.58,False,4095,0.0,10.0,501.1,EXT-OPEN-METEO-KHI,KARACHI,OPENSOURCE_API_GRID,636,,,,0.95,True,True,TIER2_OPENSOURCE_PURE;CONTINUOUS_MINUTE_STREAM;VERIFIED_MODEL_GRID,f148068719ebbed2267f820a8c037fe6ca2d5fc2acd5099cc0c53e5b0b38bc53,2026-09-30T10:35:00+00:00,2026-09-30 15:35:00,59.1,1011.0,102
23.8,35.0,131.0,2170.0,630.0,98.0,12.2,10.5,2.6,444.7,257.7,6.7,5.9,81.5,29.4,20.61,False,4095,0.0,10.0,496.4,EXT-OPEN-METEO-KHI,KARACHI,OPENSOURCE_API_GRID,637,,,,0.95,True,True,TIER2_OPENSOURCE_PURE;CONTINUOUS_MINUTE_STREAM;VERIFIED_MODEL_GRID,112b7667b862da0ba1ce08dc87323ff8b6efc3786a046f2e5374673b14c3a737,2026-09-30T10:36:00+00:00,2026-09-30 15:36:00,59.2,1011.0,102
23.7,34.9,130.8,2163.8,628.2,97.7,12.2,10.5,2.6,444.7,258.3,6.7,5.9,81.2,29.3,20.52,False,4095,0.0,10.0,491.9,EXT-OPEN-METEO-KHI,KARACHI,OPENSOURCE_API_GRID,638,,,,0.95,True,True,TIER2_OPENSOURCE_PURE;CONTINUOUS_MINUTE_STREAM;VERIFIED_MODEL_GRID,4be5506e1674a056b2fd8d37ebdf60ab7c85da41d41b0830d4bb4fd9248f5556,2026-09-30T10:37:00+00:00,2026-09-30 15:37:00,59.2,1010.9,102
23.7,34.8,130.6,2157.6,626.4,97.4,12.2,10.4,2.6,444.7,258.9,6.8,5.9,80.9,29.3,20.54,False,4095,0.0,10.0,487.4,EXT-OPEN-METEO-KHI,KARACHI,OPENSOURCE_API_GRID,639,,,,0.95,True,True,TIER2_OPENSOURCE_PURE;CONTINUOUS_MINUTE_STREAM;VERIFIED_MODEL_GRID,91277199f0dd3fa379ee5aa41946914b395a5a8a25a39ecd9f50a38879146338,2026-09-30T10:38:00+00:00,2026-09-30 15:38:00,59.3,1010.9,102
23.7,34.8,130.5,2157.6,626.4,97.4,12.2,10.4,2.6,444.7,259.4,6.8,5.9,80.5,29.3,20.54,False,4095,0.0,10.0,483.1,EXT-OPEN-METEO-KHI,KARACHI,OPENSOURCE_API_GRID,640,,,,0.95,True,True,TIER2_OPENSOURCE_PURE;CONTINUOUS_MINUTE_STREAM;VERIFIED_MODEL_GRID,08c1f68da019dc520e0cfb39b53ae30b0801fd8193c332cfc29262b3264fd1be,2026-09-30T10:39:00+00:00,2026-09-30 15:39:00,59.3,1010.9,102
23.6,34.7,130.4,2151.4,624.6,97.2,12.1,10.4,2.6,444.8,260.0,6.8,5.9,80.2,29.3,20.57,False,4095,0.0,10.0,478.9,EXT-OPEN-METEO-KHI,KARACHI,OPENSOURCE_API_GRID,641,,,,0.95,True,True,TIER2_OPENSOURCE_PURE;CONTINUOUS_MINUTE_STREAM;VERIFIED_MODEL_GRID,2e8a46dc23c4942cb40ae15b6f65432a43e0ed6fea0bbb72604fc28e771b8c52,2026-09-30T10:40:00+00:00,2026-09-30 15:40:00,59.4,1010.9,102
23.6,34.7,130.2,2151.4,624.6,97.2,12.1,10.4,2.6,444.8,260.5,6.9,5.8,80.0,29.3,20.57,False,4095,0.0,10.0,474.7,EXT-OPEN-METEO-KHI,KARACHI,OPENSOURCE_API_GRID,642,,,,0.95,True,True,TIER2_OPENSOURCE_PURE;CONTINUOUS_MINUTE_STREAM;VERIFIED_MODEL_GRID,cd8110462b6bf1fae579c199f64f2799b6acb9a1f2810a38b5b83189715618c5,2026-09-30T10:41:00+00:00,2026-09-30 15:41:00,59.4,1010.9,102
23.6,34.7,130.2,2151.4,624.6,97.2,12.1,10.4,2.6,444.8,261.1,6.9,5.8,79.7,29.3,20.6,False,4095,0.0,10.0,470.8,EXT-OPEN-METEO-KHI,KARACHI,OPENSOURCE_API_GRID,643,,,,0.95,True,True,TIER2_OPENSOURCE_PURE;CONTINUOUS_MINUTE_STREAM;VERIFIED_MODEL_GRID,8ba89825b7b9096fda57440c2f66173c7bbc6ddfebb2f87e2d5d7ca3bb09f920,2026-09-30T10:42:00+00:00,2026-09-30 15:42:00,59.5,1010.9,102
23.6,34.7,130.1,2151.4,624.6,97.2,12.1,10.4,2.6,444.8,261.6,7.0,5.8,79.4,29.2,20.5,False,4095,0.0,10.0,466.9,EXT-OPEN-METEO-KHI,KARACHI,OPENSOURCE_API_GRID,644,,,,0.95,True,True,TIER2_OPENSOURCE_PURE;CONTINUOUS_MINUTE_STREAM;VERIFIED_MODEL_GRID,e918631aba6cdf4a20df2e82513c2f5458c3cc80874235fa8bfa13f2b77dca01,2026-09-30T10:43:00+00:00,2026-09-30 15:43:00,59.5,1010.9,102
23.6,34.7,130.0,2151.4,624.6,97.2,12.1,10.4,2.6,444.8,262.0,7.0,5.8,79.2,29.2,20.53,False,4095,0.0,10.0,463.3,EXT-OPEN-METEO-KHI,KARACHI,OPENSOURCE_API_GRID,645,,,,0.95,True,True,TIER2_OPENSOURCE_PURE;CONTINUOUS_MINUTE_STREAM;VERIFIED_MODEL_GRID,e8b32f8cb4b4fd0ddc4bbcf95d535b88095d9344f34d63718c363c5ea0f5debf,2026-09-30T10:44:00+00:00,2026-09-30 15:44:00,59.6,1010.9,102
23.6,34.7,130.0,2151.4,624.6,97.2,12.1,10.4,2.6,444.9,262.5,7.0,5.8,78.9,29.2,20.53,False,4095,0.0,10.0,459.8,EXT-OPEN-METEO-KHI,KARACHI,OPENSOURCE_API_GRID,646,,,,0.95,True,True,TIER2_OPENSOURCE_PURE;CONTINUOUS_MINUTE_STREAM;VERIFIED_MODEL_GRID,dcd930ba189b0b369c174f3f20bb9ab3350d6d1a32bdf3b2e40cd11a34822ea4,2026-09-30T10:45:00+00:00,2026-09-30 15:45:00,59.6,1010.9,102
23.6,34.7,129.9,2151.4,624.6,97.2,12.1,10.4,2.6,444.9,262.9,7.1,5.8,78.7,29.2,20.56,False,4095,0.0,10.0,456.5,EXT-OPEN-METEO-KHI,KARACHI,OPENSOURCE_API_GRID,647,,,,0.95,True,True,TIER2_OPENSOURCE_PURE;CONTINUOUS_MINUTE_STREAM;VERIFIED_MODEL_GRID,54ca548d849fa2bd00bf9f25a678e03114aba5f9ff433635d8bf4a8a1da363c7,2026-09-30T10:46:00+00:00,2026-09-30 15:46:00,59.7,1010.8,102
23.6,34.7,129.9,2151.4,624.6,97.2,12.1,10.4,2.6,444.9,263.3,7.1,5.8,78.4,29.2,20.56,False,4095,0.0,10.0,453.3,EXT-OPEN-METEO-KHI,KARACHI,OPENSOURCE_API_GRID,648,,,,0.95,True,True,TIER2_OPENSOURCE_PURE;CONTINUOUS_MINUTE_STREAM;VERIFIED_MODEL_GRID,7e112d860abe347de3ee5c9660a876ca80e54610ed8722824d7e0d1e89efdbf6,2026-09-30T10:47:00+00:00,2026-09-30 15:47:00,59.7,1010.8,102
23.6,34.7,129.9,2151.4,624.6,97.2,12.1,10.4,2.6,444.9,263.7,7.1,5.8,78.2,29.2,20.59,False,4095,0.0,10.0,450.4,EXT-OPEN-METEO-KHI,KARACHI,OPENSOURCE_API_GRID,649,,,,0.95,True,True,TIER2_OPENSOURCE_PURE;CONTINUOUS_MINUTE_STREAM;VERIFIED_MODEL_GRID,7b7bd1dba43bae5ef90b6a34b1997dc2303f63fb20270013b0777336973f5417,2026-09-30T10:48:00+00:00,2026-09-30 15:48:00,59.8,1010.8,102
23.6,34.7,129.9,2151.4,624.6,97.2,12.1,10.4,2.6,444.9,264.1,7.2,5.8,78.0,29.2,20.61,False,4095,0.0,10.0,447.7,EXT-OPEN-METEO-KHI,KARACHI,OPENSOURCE_API_GRID,650,,,,0.95,True,True,TIER2_OPENSOURCE_PURE;CONTINUOUS_MINUTE_STREAM;VERIFIED_MODEL_GRID,97e77c98fc7cd67b2c42d09c7a4a93de015501b6ffb9b2ff3ba71cb71ad32eb2,2026-09-30T10:49:00+00:00,2026-09-30 15:49:00,59.9,1010.8,102
23.7,34.8,129.9,2157.6,626.4,97.4,12.2,10.4,2.6,444.9,264.4,7.2,5.8,77.9,29.2,20.61,False,4095,0.0,10.0,445.1,EXT-OPEN-METEO-KHI,KARACHI,OPENSOURCE_API_GRID,651,,,,0.95,True,True,TIER2_OPENSOURCE_PURE;CONTINUOUS_MINUTE_STREAM;VERIFIED_MODEL_GRID,bad385d63dc8b60f05c95fb98018d7fa2aad7266f87b15864c5e8831224fb75a,2026-09-30T10:50:00+00:00,2026-09-30 15:50:00,59.9,1010.8,102
23.6,34.7,129.8,2151.4,624.6,97.2,12.1,10.4,2.6,444.9,264.7,7.2,5.8,77.7,29.2,20.64,False,4095,0.0,10.0,442.8,EXT-OPEN-METEO-KHI,KARACHI,OPENSOURCE_API_GRID,652,,,,0.95,True,True,TIER2_OPENSOURCE_PURE;CONTINUOUS_MINUTE_STREAM;VERIFIED_MODEL_GRID,7e1b900921757151de920fd6517409ee7b544ba4f70ebdf870feb7193505dd63,2026-09-30T10:51:00+00:00,2026-09-30 15:51:00,60.0,1010.8,102
23.6,34.7,129.8,2151.4,624.6,97.2,12.1,10.4,2.6,445.0,265.0,7.2,5.8,77.6,29.2,20.67,False,4095,0.0,10.0,440.8,EXT-OPEN-METEO-KHI,KARACHI,OPENSOURCE_API_GRID,653,,,,0.95,True,True,TIER2_OPENSOURCE_PURE;CONTINUOUS_MINUTE_STREAM;VERIFIED_MODEL_GRID,2b7c2826cde29bcb4ea65315e510b5582414b58e0de2995c71b7e7c4e46eaf71,2026-09-30T10:52:00+00:00,2026-09-30 15:52:00,60.1,1010.8,102
23.6,34.7,129.8,2151.4,624.6,97.2,12.1,10.4,2.6,445.0,265.2,7.2,5.8,77.4,29.2,20.67,False,4095,0.0,10.0,438.9,EXT-OPEN-METEO-KHI,KARACHI,OPENSOURCE_API_GRID,654,,,,0.95,True,True,TIER2_OPENSOURCE_PURE;CONTINUOUS_MINUTE_STREAM;VERIFIED_MODEL_GRID,ea85d2f0561711f91d746f488d6bea963cb75da7d7f38598f60e570051193495,2026-09-30T10:53:00+00:00,2026-09-30 15:53:00,60.1,1010.8,102
23.7,34.8,129.8,2157.6,626.4,97.4,12.2,10.4,2.6,445.0,265.4,7.3,5.8,77.3,29.2,20.67,False,4095,0.0,10.0,437.3,EXT-OPEN-METEO-KHI,KARACHI,OPENSOURCE_API_GRID,655,,,,0.95,True,True,TIER2_OPENSOURCE_PURE;CONTINUOUS_MINUTE_STREAM;VERIFIED_MODEL_GRID,ad55a16663ddc49e2eac9685369d2d2d7afc7aeaa3217b521cfaf002a6aee821,2026-09-30T10:54:00+00:00,2026-09-30 15:54:00,60.1,1010.8,102
23.7,34.8,129.8,2157.6,626.4,97.4,12.2,10.4,2.6,445.0,265.6,7.3,5.8,77.2,29.2,20.67,False,4095,0.0,10.0,435.9,EXT-OPEN-METEO-KHI,KARACHI,OPENSOURCE_API_GRID,656,,,,0.95,True,True,TIER2_OPENSOURCE_PURE;CONTINUOUS_MINUTE_STREAM;VERIFIED_MODEL_GRID,ae32c815def86ae24504d7e2a54d6a74672e3b1e2689fef04e04450c1e7dc0ca,2026-09-30T10:55:00+00:00,2026-09-30 15:55:00,60.1,1010.8,102
23.7,34.8,129.8,2157.6,626.4,97.4,12.2,10.4,2.6,445.0,265.7,7.3,5.8,77.1,29.2,20.67,False,4095,0.0,10.0,434.8,EXT-OPEN-METEO-KHI,KARACHI,OPENSOURCE_API_GRID,657,,,,0.95,True,True,TIER2_OPENSOURCE_PURE;CONTINUOUS_MINUTE_STREAM;VERIFIED_MODEL_GRID,54cb9240aeb94a3ecf5160ca9421e7cb72d1d99e7f8fce24c88946ba5b934f59,2026-09-30T10:56:00+00:00,2026-09-30 15:56:00,60.1,1010.8,102
23.7,34.8,129.8,2157.6,626.4,97.4,12.2,10.4,2.6,445.0,265.9,7.3,5.8,77.1,29.2,20.67,False,4095,0.0,10.0,433.9,EXT-OPEN-METEO-KHI,KARACHI,OPENSOURCE_API_GRID,658,,,,0.95,True,True,TIER2_OPENSOURCE_PURE;CONTINUOUS_MINUTE_STREAM;VERIFIED_MODEL_GRID,53810b1763dfd6519acfded56bf99f7c5bcefd713a42adc40b3bec3096ed46d6,2026-09-30T10:57:00+00:00,2026-09-30 15:57:00,60.1,1010.8,102
23.7,34.8,129.8,2157.6,626.4,97.4,12.2,10.4,2.6,445.0,265.9,7.3,5.8,77.0,29.3,20.76,False,4095,0.0,10.0,433.3,EXT-OPEN-METEO-KHI,KARACHI,OPENSOURCE_API_GRID,659,,,,0.95,True,True,TIER2_OPENSOURCE_PURE;CONTINUOUS_MINUTE_STREAM;VERIFIED_MODEL_GRID,fd8a1f7b46b788979074ea019145ee515c575899469bc1cf8aa9890785c8b484,2026-09-30T10:58:00+00:00,2026-09-30 15:58:00,60.1,1010.8,102
23.7,34.8,129.8,2157.6,626.4,97.4,12.2,10.4,2.6,445.0,266.0,7.3,5.8,77.0,29.3,20.73,False,4095,0.0,10.0,432.9,EXT-OPEN-METEO-KHI,KARACHI,OPENSOURCE_API_GRID,660,,,,0.95,True,True,TIER2_OPENSOURCE_PURE;CONTINUOUS_MINUTE_STREAM;VERIFIED_MODEL_GRID,7c87dc6d7a11cb19f36ab735e7c3d89c43e0ffeb4e6741d13639358feac93476,2026-09-30T10:59:00+00:00,2026-09-30 15:59:00,60.0,1010.8,102
23.7,34.8,129.8,2157.6,626.4,97.4,12.2,10.4,2.6,445.0,266.0,7.3,5.8,77.0,29.2,20.64,False,4095,0.0,10.0,432.8,EXT-OPEN-METEO-KHI,KARACHI,OPENSOURCE_API_GRID,661,,,,0.95,True,False,TIER2_OPENSOURCE_PURE;HOURLY_NODE;VERIFIED_MODEL_GRID,2bf8432c52610629ca631eaf458fb7ac3a180cd68df6e7827469951a6305ff1b,2026-09-30T11:00:00+00:00,2026-09-30 16:00:00,60.0,1010.8,101
23.7,34.8,129.7,2157.6,626.4,97.4,12.2,10.4,2.6,445.0,266.0,7.3,5.8,77.0,29.2,20.64,False,4095,0.0,10.0,432.7,EXT-OPEN-METEO-KHI,KARACHI,OPENSOURCE_API_GRID,662,,,,0.95,True,True,TIER2_OPENSOURCE_PURE;CONTINUOUS_MINUTE_STREAM;VERIFIED_MODEL_GRID,69d35a317d8122988826a5c8d926ce3f8defa83803da65482295e7c9cef7d0d8,2026-09-30T11:01:00+00:00,2026-09-30 16:01:00,60.0,1010.8,101
23.6,34.7,129.7,2151.4,624.6,97.2,12.1,10.4,2.6,445.0,266.0,7.3,5.8,77.0,29.2,20.64,False,4095,0.0,10.0,432.2,EXT-OPEN-METEO-KHI,KARACHI,OPENSOURCE_API_GRID,663,,,,0.95,True,True,TIER2_OPENSOURCE_PURE;CONTINUOUS_MINUTE_STREAM;VERIFIED_MODEL_GRID,e9e644ee5dc2d71665de68f8638dd4e6d5445ceecc93125269be9b3013499305,2026-09-30T11:02:00+00:00,2026-09-30 16:02:00,60.0,1010.8,101
23.6,34.7,129.6,2151.4,624.6,97.2,12.1,10.4,2.6,445.0,266.1,7.3,5.8,76.9,29.2,20.61,False,4095,0.0,9.9,431.5,EXT-OPEN-METEO-KHI,KARACHI,OPENSOURCE_API_GRID,664,,,,0.95,True,True,TIER2_OPENSOURCE_PURE;CONTINUOUS_MINUTE_STREAM;VERIFIED_MODEL_GRID,8002c36611b1efb8fa6280a59ae4a750fe17ee33047c83faed4fe9c60b1f75d6,2026-09-30T11:03:00+00:00,2026-09-30 16:03:00,59.9,1010.8,101
23.5,34.6,129.5,2145.2,622.8,96.9,12.1,10.4,2.6,445.0,266.2,7.3,5.8,76.9,29.2,20.61,False,4095,0.0,9.9,430.5,EXT-OPEN-METEO-KHI,KARACHI,OPENSOURCE_API_GRID,665,,,,0.95,True,True,TIER2_OPENSOURCE_PURE;CONTINUOUS_MINUTE_STREAM;VERIFIED_MODEL_GRID,f43cf25e217a160db7f66c77bf21491bd3a2c6dbf7968cd3ed3536d7c3562941,2026-09-30T11:04:00+00:00,2026-09-30 16:04:00,59.9,1010.8,101
23.5,34.6,129.3,2145.2,622.8,96.9,12.1,10.3,2.6,445.0,266.3,7.3,5.8,76.8,29.2,20.61,False,4095,0.0,9.8,429.2,EXT-OPEN-METEO-KHI,KARACHI,OPENSOURCE_API_GRID,666,,,,0.95,True,True,TIER2_OPENSOURCE_PURE;CONTINUOUS_MINUTE_STREAM;VERIFIED_MODEL_GRID,1504729fcd13d366b7f8aee3994c9471ef7ac448774d1b663eb0de23d6fc9eec,2026-09-30T11:05:00+00:00,2026-09-30 16:05:00,59.9,1010.8,101
23.5,34.5,129.2,2139.0,621.0,96.6,12.1,10.3,2.6,445.0,266.4,7.4,5.8,76.7,29.2,20.61,False,4095,0.0,9.8,427.7,EXT-OPEN-METEO-KHI,KARACHI,OPENSOURCE_API_GRID,667,,,,0.95,True,True,TIER2_OPENSOURCE_PURE;CONTINUOUS_MINUTE_STREAM;VERIFIED_MODEL_GRID,c749ade9c7c07941d1b1adfb6746f4cd2e56bc72ae58b382850e7ac889822127,2026-09-30T11:06:00+00:00,2026-09-30 16:06:00,59.9,1010.8,101
23.5,34.5,129.1,2139.0,621.0,96.6,12.1,10.3,2.6,445.0,266.5,7.4,5.8,76.6,29.2,20.61,False,4095,0.0,9.7,425.8,EXT-OPEN-METEO-KHI,KARACHI,OPENSOURCE_API_GRID,668,,,,0.95,True,True,TIER2_OPENSOURCE_PURE;CONTINUOUS_MINUTE_STREAM;VERIFIED_MODEL_GRID,3fbd8ee6096d9d2162a2b2935cb8a80255c7784be5386eae5932118d75d0874a,2026-09-30T11:07:00+00:00,2026-09-30 16:07:00,59.9,1010.8,101
23.4,34.4,128.9,2132.8,619.2,96.3,12.0,10.3,2.6,445.0,266.7,7.4,5.8,76.5,29.2,20.61,False,4095,0.0,9.6,423.7,EXT-OPEN-METEO-KHI,KARACHI,OPENSOURCE_API_GRID,669,,,,0.95,True,True,TIER2_OPENSOURCE_PURE;CONTINUOUS_MINUTE_STREAM;VERIFIED_MODEL_GRID,7c897bfd896edb44477037422c563b64d8429d7d2be3faf57d2760797d4373e5,2026-09-30T11:08:00+00:00,2026-09-30 16:08:00,59.9,1010.8,101
23.4,34.4,128.8,2132.8,619.2,96.3,12.0,10.3,2.6,445.0,266.9,7.4,5.8,76.4,29.2,20.61,False,4095,0.0,9.5,421.4,EXT-OPEN-METEO-KHI,KARACHI,OPENSOURCE_API_GRID,670,,,,0.95,True,True,TIER2_OPENSOURCE_PURE;CONTINUOUS_MINUTE_STREAM;VERIFIED_MODEL_GRID,6e6d78f67f6e64d10a803935e4b7501d5a5d917870afeaad34c20ae534a2368f,2026-09-30T11:09:00+00:00,2026-09-30 16:09:00,59.9,1010.8,101
23.3,34.3,128.6,2126.6,617.4,96.0,12.0,10.3,2.6,445.0,267.1,7.4,5.8,76.3,29.1,20.52,False,4095,0.0,9.4,418.8,EXT-OPEN-METEO-KHI,KARACHI,OPENSOURCE_API_GRID,671,,,,0.95,True,True,TIER2_OPENSOURCE_PURE;CONTINUOUS_MINUTE_STREAM;VERIFIED_MODEL_GRID,14e576abe9272b4bda94244c9fc3066806641fce23956ef6ba8cab5792d9a6e1,2026-09-30T11:10:00+00:00,2026-09-30 16:10:00,59.9,1010.8,101
23.3,34.3,128.5,2126.6,617.4,96.0,12.0,10.3,2.6,445.0,267.3,7.5,5.8,76.1,29.1,20.52,False,4095,0.0,9.3,415.9,EXT-OPEN-METEO-KHI,KARACHI,OPENSOURCE_API_GRID,672,,,,0.95,True,True,TIER2_OPENSOURCE_PURE;CONTINUOUS_MINUTE_STREAM;VERIFIED_MODEL_GRID,0626f0fbc4bba4ca7542be54ab63b3c8b003527c4563adf6ea6fd832eada8649,2026-09-30T11:11:00+00:00,2026-09-30 16:11:00,59.9,1010.8,101
23.3,34.2,128.3,2120.4,615.6,95.8,12.0,10.3,2.6,445.0,267.5,7.5,5.8,75.9,29.1,20.55,False,4095,0.0,9.1,412.8,EXT-OPEN-METEO-KHI,KARACHI,OPENSOURCE_API_GRID,673,,,,0.95,True,True,TIER2_OPENSOURCE_PURE;CONTINUOUS_MINUTE_STREAM;VERIFIED_MODEL_GRID,767fb541c366aa8756245d5cd1417d0ac960a7f8e083b518de5e9e1b9aec1bf0,2026-09-30T11:12:00+00:00,2026-09-30 16:12:00,60.0,1010.8,101
23.3,34.2,128.2,2120.4,615.6,95.8,12.0,10.3,2.6,445.0,267.8,7.5,5.8,75.8,29.1,20.55,False,4095,0.0,9.0,409.5,EXT-OPEN-METEO-KHI,KARACHI,OPENSOURCE_API_GRID,674,,,,0.95,True,True,TIER2_OPENSOURCE_PURE;CONTINUOUS_MINUTE_STREAM;VERIFIED_MODEL_GRID,1ab3f19e1d63b5b1d04693d8679757473bbc995667079d33e5f3c3b2ef7f4b4a,2026-09-30T11:13:00+00:00,2026-09-30 16:13:00,60.0,1010.8,101
23.3,34.2,128.0,2120.4,615.6,95.8,12.0,10.2,2.6,445.0,268.1,7.6,5.8,75.6,29.1,20.55,False,4095,0.0,8.8,405.9,EXT-OPEN-METEO-KHI,KARACHI,OPENSOURCE_API_GRID,675,,,,0.95,True,True,TIER2_OPENSOURCE_PURE;CONTINUOUS_MINUTE_STREAM;VERIFIED_MODEL_GRID,3a3ef005cf26d0a5af07cc9023dc9325fd0c6f26d7459cfae63ea7659acbc2ae,2026-09-30T11:14:00+00:00,2026-09-30 16:14:00,60.0,1010.8,101
23.3,34.2,127.9,2120.4,615.6,95.8,12.0,10.2,2.6,445.0,268.3,7.6,5.8,75.4,29.1,20.55,False,4095,0.0,8.7,402.1,EXT-OPEN-METEO-KHI,KARACHI,OPENSOURCE_API_GRID,676,,,,0.95,True,True,TIER2_OPENSOURCE_PURE;CONTINUOUS_MINUTE_STREAM;VERIFIED_MODEL_GRID,7017376f2cb62a6ef725c4b58882412f7946b8aa965c4f3ff5aa6382e5f1f31b,2026-09-30T11:15:00+00:00,2026-09-30 16:15:00,60.0,1010.8,101
23.3,34.2,127.7,2120.4,615.6,95.8,12.0,10.2,2.6,445.0,268.6,7.6,5.8,75.2,29.1,20.57,False,4095,0.0,8.5,398.1,EXT-OPEN-METEO-KHI,KARACHI,OPENSOURCE_API_GRID,677,,,,0.95,True,True,TIER2_OPENSOURCE_PURE;CONTINUOUS_MINUTE_STREAM;VERIFIED_MODEL_GRID,1e2960163faefe0dcd20f44441a7b168818851827dc83f1f4d8c817415ba1025,2026-09-30T11:16:00+00:00,2026-09-30 16:16:00,60.1,1010.8,101
23.3,34.2,127.6,2120.4,615.6,95.8,12.0,10.2,2.6,445.0,269.0,7.7,5.8,75.0,29.1,20.57,False,4095,0.0,8.3,394.0,EXT-OPEN-METEO-KHI,KARACHI,OPENSOURCE_API_GRID,678,,,,0.95,True,True,TIER2_OPENSOURCE_PURE;CONTINUOUS_MINUTE_STREAM;VERIFIED_MODEL_GRID,11dd206f4be58c94003386904e37858157e8aca4ce162aeca9eaa2f60c29d2b3,2026-09-30T11:17:00+00:00,2026-09-30 16:17:00,60.1,1010.9,101
23.3,34.2,127.5,2120.4,615.6,95.8,12.0,10.2,2.6,445.0,269.3,7.7,5.8,74.7,29.1,20.6,False,4095,0.0,8.1,389.6,EXT-OPEN-METEO-KHI,KARACHI,OPENSOURCE_API_GRID,679,,,,0.95,True,True,TIER2_OPENSOURCE_PURE;CONTINUOUS_MINUTE_STREAM;VERIFIED_MODEL_GRID,a6af3b5a108a189af744a46c013fc98b1245ac52befaacd607a234272fd9e832,2026-09-30T11:18:00+00:00,2026-09-30 16:18:00,60.2,1010.9,101
23.3,34.2,127.3,2120.4,615.6,95.8,12.0,10.2,2.5,445.0,269.6,7.8,5.8,74.5,29.1,20.6,False,4095,0.0,8.0,385.1,EXT-OPEN-METEO-KHI,KARACHI,OPENSOURCE_API_GRID,680,,,,0.95,True,True,TIER2_OPENSOURCE_PURE;CONTINUOUS_MINUTE_STREAM;VERIFIED_MODEL_GRID,d56d50ab48826279ec1f6ebad21e5a74321664d58a4fafa30ad19813c9b98def,2026-09-30T11:19:00+00:00,2026-09-30 16:19:00,60.2,1010.9,101
23.3,34.2,127.2,2120.4,615.6,95.8,12.0,10.2,2.5,445.0,270.0,7.8,5.8,74.2,29.1,20.63,False,4095,0.0,7.8,380.4,EXT-OPEN-METEO-KHI,KARACHI,OPENSOURCE_API_GRID,681,,,,0.95,True,True,TIER2_OPENSOURCE_PURE;CONTINUOUS_MINUTE_STREAM;VERIFIED_MODEL_GRID,4e2dd788000b3c3924466085b63753df88bdace4570dc8b189780c1120f97b1d,2026-09-30T11:20:00+00:00,2026-09-30 16:20:00,60.3,1010.9,101
23.3,34.2,127.0,2120.4,615.6,95.8,12.0,10.2,2.5,445.0,270.4,7.9,5.8,74.0,29.1,20.63,False,4095,0.0,7.5,375.6,EXT-OPEN-METEO-KHI,KARACHI,OPENSOURCE_API_GRID,682,,,,0.95,True,True,TIER2_OPENSOURCE_PURE;CONTINUOUS_MINUTE_STREAM;VERIFIED_MODEL_GRID,5967b1985cc841506825f89d5cd9a24a58eb943b9974606062e1d0a8d4fb2abb,2026-09-30T11:21:00+00:00,2026-09-30 16:21:00,60.3,1010.9,101
23.2,34.1,126.7,2114.2,613.8,95.5,11.9,10.1,2.5,445.0,270.7,7.9,5.8,73.7,29.1,20.65,False,4095,0.0,7.3,370.7,EXT-OPEN-METEO-KHI,KARACHI,OPENSOURCE_API_GRID,683,,,,0.95,True,True,TIER2_OPENSOURCE_PURE;CONTINUOUS_MINUTE_STREAM;VERIFIED_MODEL_GRID,65d1596490b1d4d2d927d15e2cf9347ffde93091bb0fb790f1b00ae7a3a3b730,2026-09-30T11:22:00+00:00,2026-09-30 16:22:00,60.4,1010.9,101
23.2,34.1,126.6,2114.2,613.8,95.5,11.9,10.1,2.5,445.0,271.1,8.0,5.8,73.5,29.1,20.68,False,4095,0.0,7.1,365.6,EXT-OPEN-METEO-KHI,KARACHI,OPENSOURCE_API_GRID,684,,,,0.95,True,True,TIER2_OPENSOURCE_PURE;CONTINUOUS_MINUTE_STREAM;VERIFIED_MODEL_GRID,a94a06a541219c0ddc3c5ff46a9b9f1bf7d0b0c0cfb3bd3f02b6451f36185681,2026-09-30T11:23:00+00:00,2026-09-30 16:23:00,60.5,1010.9,101
23.2,34.1,126.4,2114.2,613.8,95.5,11.9,10.1,2.5,445.0,271.5,8.0,5.8,73.2,29.1,20.68,False,4095,0.0,6.9,360.4,EXT-OPEN-METEO-KHI,KARACHI,OPENSOURCE_API_GRID,685,,,,0.95,True,True,TIER2_OPENSOURCE_PURE;CONTINUOUS_MINUTE_STREAM;VERIFIED_MODEL_GRID,6b99d458f1b7f3ec96ea22fe76fe176cd1e221c2bb2a26f3c23978844a614995,2026-09-30T11:24:00+00:00,2026-09-30 16:24:00,60.5,1010.9,101
23.2,34.1,126.2,2114.2,613.8,95.5,11.9,10.1,2.5,445.0,271.9,8.1,5.8,72.9,29.1,20.68,False,4095,0.0,6.7,355.2,EXT-OPEN-METEO-KHI,KARACHI,OPENSOURCE_API_GRID,686,,,,0.95,True,True,TIER2_OPENSOURCE_PURE;CONTINUOUS_MINUTE_STREAM;VERIFIED_MODEL_GRID,291e7e52298fd70bae5f9596c7fe22aca00406f421c2abaaeb60acece5f24867,2026-09-30T11:25:00+00:00,2026-09-30 16:25:00,60.5,1010.9,101
23.1,34.0,126.0,2108.0,612.0,95.2,11.9,10.1,2.5,445.0,272.3,8.1,5.8,72.6,29.1,20.68,False,4095,0.0,6.4,349.8,EXT-OPEN-METEO-KHI,KARACHI,OPENSOURCE_API_GRID,687,,,,0.95,True,True,TIER2_OPENSOURCE_PURE;CONTINUOUS_MINUTE_STREAM;VERIFIED_MODEL_GRID,05b975471977819a9b47fe998a1e91c209ccfba3f3f19b27a2c9852c546c6908,2026-09-30T11:26:00+00:00,2026-09-30 16:26:00,60.5,1010.9,101
23.1,34.0,125.8,2108.0,612.0,95.2,11.9,10.1,2.5,445.0,272.7,8.2,5.8,72.4,29.1,20.68,False,4095,0.0,6.2,344.4,EXT-OPEN-METEO-KHI,KARACHI,OPENSOURCE_API_GRID,688,,,,0.95,True,True,TIER2_OPENSOURCE_PURE;CONTINUOUS_MINUTE_STREAM;VERIFIED_MODEL_GRID,3065067dfe1fb0d821f9b72b8480cd5730383a77c3010356e4500726609056eb,2026-09-30T11:27:00+00:00,2026-09-30 16:27:00,60.5,1010.9,101
23.1,34.0,125.6,2108.0,612.0,95.2,11.9,10.0,2.5,445.0,273.2,8.2,5.8,72.1,29.1,20.68,False,4095,0.0,6.0,339.0,EXT-OPEN-METEO-KHI,KARACHI,OPENSOURCE_API_GRID,689,,,,0.95,True,True,TIER2_OPENSOURCE_PURE;CONTINUOUS_MINUTE_STREAM;VERIFIED_MODEL_GRID,f4b0d8ba97ddda4f7755a91427306798b0c6b72958fd235d3424fc2e8e39c364,2026-09-30T11:28:00+00:00,2026-09-30 16:28:00,60.5,1010.9,101
23.1,33.9,125.3,2101.8,610.2,94.9,11.9,10.0,2.5,445.0,273.6,8.3,5.8,71.8,29.1,20.68,False,4095,0.0,5.7,333.5,EXT-OPEN-METEO-KHI,KARACHI,OPENSOURCE_API_GRID,690,,,,0.95,True,True,TIER2_OPENSOURCE_PURE;CONTINUOUS_MINUTE_STREAM;VERIFIED_MODEL_GRID,5eb595f0be4efff5169d8833680aed530a5dcda30fd9b139ab555218afbfb68d,2026-09-30T11:29:00+00:00,2026-09-30 16:29:00,60.5,1011.0,101
23.1,33.9,125.1,2101.8,610.2,94.9,11.9,10.0,2.5,445.0,274.0,8.3,5.8,71.5,29.1,20.68,False,4095,0.0,5.5,328.1,EXT-OPEN-METEO-KHI,KARACHI,OPENSOURCE_API_GRID,691,,,,0.95,True,True,TIER2_OPENSOURCE_PURE;CONTINUOUS_MINUTE_STREAM;VERIFIED_MODEL_GRID,77cb31ff4917b0167212ed8f193310384731eeeb8511ed8197f62f3d429affcf,2026-09-30T11:30:00+00:00,2026-09-30 16:30:00,60.5,1011.0,101
23.0,33.8,124.8,2095.6,608.4,94.6,11.8,10.0,2.5,445.0,274.4,8.4,5.7,71.2,29.1,20.68,False,4095,0.0,5.3,322.6,EXT-OPEN-METEO-KHI,KARACHI,OPENSOURCE_API_GRID,692,,,,0.95,True,True,TIER2_OPENSOURCE_PURE;CONTINUOUS_MINUTE_STREAM;VERIFIED_MODEL_GRID,e3ac74e9970fedb85a4a8aeb0471838af5c67f054c9fa6bc497d85b6cdc13b58,2026-09-30T11:31:00+00:00,2026-09-30 16:31:00,60.5,1011.0,101
23.0,33.8,124.5,2095.6,608.4,94.6,11.8,10.0,2.5,445.0,274.8,8.5,5.7,70.9,29.1,20.68,False,4095,0.0,5.0,317.1,EXT-OPEN-METEO-KHI,KARACHI,OPENSOURCE_API_GRID,693,,,,0.95,True,True,TIER2_OPENSOURCE_PURE;CONTINUOUS_MINUTE_STREAM;VERIFIED_MODEL_GRID,2068638ea4267f43659a03dead61d602dc57fd3d3977581bb3361ecd2ec40e81,2026-09-30T11:32:00+00:00,2026-09-30 16:32:00,60.5,1011.0,101
22.9,33.7,124.3,2089.4,606.6,94.4,11.8,9.9,2.5,445.0,275.3,8.5,5.7,70.6,29.1,20.68,False,4095,0.0,4.8,311.7,EXT-OPEN-METEO-KHI,KARACHI,OPENSOURCE_API_GRID,694,,,,0.95,True,True,TIER2_OPENSOURCE_PURE;CONTINUOUS_MINUTE_STREAM;VERIFIED_MODEL_GRID,d9923c7b790828a351f13187f74ecd9d815c5aab3c6efb1d4638edc6363d104f,2026-09-30T11:33:00+00:00,2026-09-30 16:33:00,60.5,1011.0,101
22.8,33.6,124.0,2083.2,604.8,94.1,11.8,9.9,2.5,445.0,275.7,8.6,5.7,70.4,29.1,20.68,False,4095,0.0,4.6,306.3,EXT-OPEN-METEO-KHI,KARACHI,OPENSOURCE_API_GRID,695,,,,0.95,True,True,TIER2_OPENSOURCE_PURE;CONTINUOUS_MINUTE_STREAM;VERIFIED_MODEL_GRID,ee6154d9b9352f7f9be681404eb3922a8b13a3fdd01d3677324fee862fdb983a,2026-09-30T11:34:00+00:00,2026-09-30 16:34:00,60.5,1011.0,101
22.8,33.5,123.7,2077.0,603.0,93.8,11.7,9.9,2.5,445.0,276.1,8.6,5.7,70.1,29.0,20.59,False,4095,0.0,4.3,300.9,EXT-OPEN-METEO-KHI,KARACHI,OPENSOURCE_API_GRID,696,,,,0.95,True,True,TIER2_OPENSOURCE_PURE;CONTINUOUS_MINUTE_STREAM;VERIFIED_MODEL_GRID,7b93926c62f9a46f1de5c8bf5e5152fb799cad0d13fd715e896866977a64f274,2026-09-30T11:35:00+00:00,2026-09-30 16:35:00,60.5,1011.0,101
22.7,33.4,123.4,2070.8,601.2,93.5,11.7,9.9,2.5,445.0,276.5,8.7,5.7,69.8,29.0,20.61,False,4095,0.0,4.1,295.7,EXT-OPEN-METEO-KHI,KARACHI,OPENSOURCE_API_GRID,697,,,,0.95,True,True,TIER2_OPENSOURCE_PURE;CONTINUOUS_MINUTE_STREAM;VERIFIED_MODEL_GRID,c6bb1516edf45da7179a8ac0a5d6ad2a40d95ba926927056ecbf05f2940afce9,2026-09-30T11:36:00+00:00,2026-09-30 16:36:00,60.6,1011.0,101
22.6,33.3,123.1,2064.6,599.4,93.2,11.7,9.8,2.5,445.0,276.9,8.7,5.7,69.5,29.0,20.61,False,4095,0.0,3.9,290.5,EXT-OPEN-METEO-KHI,KARACHI,OPENSOURCE_API_GRID,698,,,,0.95,True,True,TIER2_OPENSOURCE_PURE;CONTINUOUS_MINUTE_STREAM;VERIFIED_MODEL_GRID,9ce726aa46cf8d5e00c7d7daa7bc7c234569baa3fdfc4b3791b86d7114d6d638,2026-09-30T11:37:00+00:00,2026-09-30 16:37:00,60.6,1011.0,101
22.6,33.3,122.8,2064.6,599.4,93.2,11.7,9.8,2.5,445.0,277.3,8.8,5.7,69.3,29.0,20.61,False,4095,0.0,3.7,285.4,EXT-OPEN-METEO-KHI,KARACHI,OPENSOURCE_API_GRID,699,,,,0.95,True,True,TIER2_OPENSOURCE_PURE;CONTINUOUS_MINUTE_STREAM;VERIFIED_MODEL_GRID,e0157c4b4fadf36c5b68bb33a3eddd2daec34ae6e085ce488c2b04d12b29b297,2026-09-30T11:38:00+00:00,2026-09-30 16:38:00,60.6,1011.0,101
22.6,33.2,122.5,2058.4,597.6,93.0,11.6,9.8,2.5,445.0,277.6,8.8,5.7,69.0,29.0,20.61,False,4095,0.0,3.5,280.5,EXT-OPEN-METEO-KHI,KARACHI,OPENSOURCE_API_GRID,700,,,,0.95,True,True,TIER2_OPENSOURCE_PURE;CONTINUOUS_MINUTE_STREAM;VERIFIED_MODEL_GRID,5ef5bd348366d4dd1a399ed5d74a352711fe56650e574b994efa344525b4bd23,2026-09-30T11:39:00+00:00,2026-09-30 16:39:00,60.6,1011.0,101
22.5,33.1,122.2,2052.2,595.8,92.7,11.6,9.8,2.4,445.0,278.0,8.9,5.7,68.8,29.0,20.61,False,4095,0.0,3.3,275.7,EXT-OPEN-METEO-KHI,KARACHI,OPENSOURCE_API_GRID,701,,,,0.95,True,True,TIER2_OPENSOURCE_PURE;CONTINUOUS_MINUTE_STREAM;VERIFIED_MODEL_GRID,196180b5149a2ea2d94e6f95cb7d411935015246a055f0045efcebc9e4d5486b,2026-09-30T11:40:00+00:00,2026-09-30 16:40:00,60.6,1011.0,101
22.4,33.0,122.0,2046.0,594.0,92.4,11.5,9.8,2.4,445.0,278.4,8.9,5.7,68.5,28.9,20.52,False,4095,0.0,3.0,271.0,EXT-OPEN-METEO-KHI,KARACHI,OPENSOURCE_API_GRID,702,,,,0.95,True,True,TIER2_OPENSOURCE_PURE;CONTINUOUS_MINUTE_STREAM;VERIFIED_MODEL_GRID,a3adbff16c613f4a5ae96ec42726dcdf63c0f5f53e431a68501b0c20f73b154d,2026-09-30T11:41:00+00:00,2026-09-30 16:41:00,60.6,1011.0,101
22.4,33.0,121.7,2046.0,594.0,92.4,11.5,9.7,2.4,445.0,278.7,9.0,5.7,68.3,28.9,20.52,False,4095,0.0,2.9,266.5,EXT-OPEN-METEO-KHI,KARACHI,OPENSOURCE_API_GRID,703,,,,0.95,True,True,TIER2_OPENSOURCE_PURE;CONTINUOUS_MINUTE_STREAM;VERIFIED_MODEL_GRID,754d54938c3888214693b092c11d6f0ccbe2ac13660e7874caf0f09647ecbe0f,2026-09-30T11:42:00+00:00,2026-09-30 16:42:00,60.6,1011.1,101
22.4,32.9,121.5,2039.8,592.2,92.1,11.5,9.7,2.4,445.0,279.0,9.0,5.7,68.0,28.9,20.55,False,4095,0.0,2.7,262.1,EXT-OPEN-METEO-KHI,KARACHI,OPENSOURCE_API_GRID,704,,,,0.95,True,True,TIER2_OPENSOURCE_PURE;CONTINUOUS_MINUTE_STREAM;VERIFIED_MODEL_GRID,84b03206a5527eb29c142ea99940e8d96cca2400ce05f095040435d4abede9ef,2026-09-30T11:43:00+00:00,2026-09-30 16:43:00,60.7,1011.1,101
22.4,32.9,121.4,2039.8,592.2,92.1,11.5,9.7,2.4,445.0,279.4,9.1,5.7,67.8,28.9,20.55,False,4095,0.0,2.5,258.0,EXT-OPEN-METEO-KHI,KARACHI,OPENSOURCE_API_GRID,705,,,,0.95,True,True,TIER2_OPENSOURCE_PURE;CONTINUOUS_MINUTE_STREAM;VERIFIED_MODEL_GRID,4544776b5a154486a668a74f1059f21c9862bcd2f3711d26c07eb50f05432b2f,2026-09-30T11:44:00+00:00,2026-09-30 16:44:00,60.7,1011.1,101
22.4,32.9,121.2,2039.8,592.2,92.1,11.5,9.7,2.4,445.0,279.7,9.1,5.7,67.6,28.9,20.55,False,4095,0.0,2.3,254.0,EXT-OPEN-METEO-KHI,KARACHI,OPENSOURCE_API_GRID,706,,,,0.95,True,True,TIER2_OPENSOURCE_PURE;CONTINUOUS_MINUTE_STREAM;VERIFIED_MODEL_GRID,09f2fa090d48a734bce3539d834d1e3ddc6e95b0022cdcfa3c724af70c7afb3b,2026-09-30T11:45:00+00:00,2026-09-30 16:45:00,60.7,1011.1,101
22.4,32.9,121.1,2039.8,592.2,92.1,11.5,9.7,2.4,445.0,279.9,9.1,5.7,67.4,28.9,20.57,False,4095,0.0,2.2,250.2,EXT-OPEN-METEO-KHI,KARACHI,OPENSOURCE_API_GRID,707,,,,0.95,True,True,TIER2_OPENSOURCE_PURE;CONTINUOUS_MINUTE_STREAM;VERIFIED_MODEL_GRID,d0598200e8f7fb265fdedf17c8b4da30e684cd59f1977f61bffe574a229f6e18,2026-09-30T11:46:00+00:00,2026-09-30 16:46:00,60.8,1011.1,101
22.4,32.9,120.9,2039.8,592.2,92.1,11.5,9.7,2.4,445.0,280.2,9.2,5.7,67.2,28.9,20.57,False,4095,0.0,2.0,246.6,EXT-OPEN-METEO-KHI,KARACHI,OPENSOURCE_API_GRID,708,,,,0.95,True,True,TIER2_OPENSOURCE_PURE;CONTINUOUS_MINUTE_STREAM;VERIFIED_MODEL_GRID,309551c3aa0171503bf8ca0ae7e35953aa455ef3e98334cd606a3db135035273,2026-09-30T11:47:00+00:00,2026-09-30 16:47:00,60.8,1011.1,101
22.4,32.9,120.9,2039.8,592.2,92.1,11.5,9.7,2.4,445.0,280.5,9.2,5.7,67.1,28.9,20.57,False,4095,0.0,1.9,243.3,EXT-OPEN-METEO-KHI,KARACHI,OPENSOURCE_API_GRID,709,,,,0.95,True,True,TIER2_OPENSOURCE_PURE;CONTINUOUS_MINUTE_STREAM;VERIFIED_MODEL_GRID,65a5d07880cde5f3961f28007e6ee04d8edbab2bcb7c2aa2e15a3067ec9f2c2b,2026-09-30T11:48:00+00:00,2026-09-30 16:48:00,60.8,1011.1,101
22.4,32.9,120.8,2039.8,592.2,92.1,11.5,9.7,2.4,445.0,280.7,9.2,5.7,66.9,28.9,20.6,False,4095,0.0,1.7,240.2,EXT-OPEN-METEO-KHI,KARACHI,OPENSOURCE_API_GRID,710,,,,0.95,True,True,TIER2_OPENSOURCE_PURE;CONTINUOUS_MINUTE_STREAM;VERIFIED_MODEL_GRID,1141f42fe48f18550b21fa15bea2c41bd427ae843273a8c68d5bc9dcff5cbc68,2026-09-30T11:49:00+00:00,2026-09-30 16:49:00,60.9,1011.1,101
22.4,32.9,120.7,2039.8,592.2,92.1,11.5,9.7,2.4,445.0,280.9,9.3,5.7,66.7,28.9,20.6,False,4095,0.0,1.6,237.3,EXT-OPEN-METEO-KHI,KARACHI,OPENSOURCE_API_GRID,711,,,,0.95,True,True,TIER2_OPENSOURCE_PURE;CONTINUOUS_MINUTE_STREAM;VERIFIED_MODEL_GRID,b8957f38a078a079131149343c50bb25c4094c30ac589958d02fae9a3b548371,2026-09-30T11:50:00+00:00,2026-09-30 16:50:00,60.9,1011.1,101
22.4,32.9,120.7,2039.8,592.2,92.1,11.5,9.7,2.4,445.0,281.1,9.3,5.7,66.6,28.9,20.63,False,4095,0.0,1.5,234.7,EXT-OPEN-METEO-KHI,KARACHI,OPENSOURCE_API_GRID,712,,,,0.95,True,True,TIER2_OPENSOURCE_PURE;CONTINUOUS_MINUTE_STREAM;VERIFIED_MODEL_GRID,738fdb189391739cd3b0487509a5b81f31131fad8bd633dfdb2cc4831608d7a5,2026-09-30T11:51:00+00:00,2026-09-30 16:51:00,61.0,1011.1,101
22.4,33.0,120.6,2046.0,594.0,92.4,11.5,9.6,2.4,445.0,281.3,9.3,5.7,66.5,28.9,20.63,False,4095,0.0,1.4,232.4,EXT-OPEN-METEO-KHI,KARACHI,OPENSOURCE_API_GRID,713,,,,0.95,True,True,TIER2_OPENSOURCE_PURE;CONTINUOUS_MINUTE_STREAM;VERIFIED_MODEL_GRID,64b5fce1f19766eb3995cfc8c424fdb7c1f37d96c30e9468dae7e020491683c8,2026-09-30T11:52:00+00:00,2026-09-30 16:52:00,61.0,1011.1,101
22.4,32.9,120.4,2039.8,592.2,92.1,11.5,9.6,2.4,445.0,281.5,9.3,5.7,66.4,28.9,20.65,False,4095,0.0,1.3,230.3,EXT-OPEN-METEO-KHI,KARACHI,OPENSOURCE_API_GRID,714,,,,0.95,True,True,TIER2_OPENSOURCE_PURE;CONTINUOUS_MINUTE_STREAM;VERIFIED_MODEL_GRID,c518511d3b2b83cca026899681f88d951db0207c37281f497c880d9f96952d3c,2026-09-30T11:53:00+00:00,2026-09-30 16:53:00,61.1,1011.1,101
22.4,32.9,120.4,2039.8,592.2,92.1,11.5,9.6,2.4,445.0,281.6,9.3,5.7,66.3,28.9,20.65,False,4095,0.0,1.2,228.4,EXT-OPEN-METEO-KHI,KARACHI,OPENSOURCE_API_GRID,715,,,,0.95,True,True,TIER2_OPENSOURCE_PURE;CONTINUOUS_MINUTE_STREAM;VERIFIED_MODEL_GRID,e40d54f61a6e5b6c6e586727aaadefd8bd1ba1d3c4b97978ec17ceb4cd6f5e5f,2026-09-30T11:54:00+00:00,2026-09-30 16:54:00,61.1,1011.1,101
22.4,32.9,120.4,2039.8,592.2,92.1,11.5,9.6,2.4,445.0,281.7,9.4,5.7,66.2,28.9,20.65,False,4095,0.0,1.2,226.9,EXT-OPEN-METEO-KHI,KARACHI,OPENSOURCE_API_GRID,716,,,,0.95,True,True,TIER2_OPENSOURCE_PURE;CONTINUOUS_MINUTE_STREAM;VERIFIED_MODEL_GRID,403cc7f58e613cba820e37a5a9dd0f230002e45a3290095a69a20cc46e7edc19,2026-09-30T11:55:00+00:00,2026-09-30 16:55:00,61.1,1011.1,101
22.4,32.9,120.4,2039.8,592.2,92.1,11.5,9.6,2.4,445.0,281.8,9.4,5.7,66.1,28.9,20.65,False,4095,0.0,1.1,225.6,EXT-OPEN-METEO-KHI,KARACHI,OPENSOURCE_API_GRID,717,,,,0.95,True,True,TIER2_OPENSOURCE_PURE;CONTINUOUS_MINUTE_STREAM;VERIFIED_MODEL_GRID,4e73afccb04553226659ffb803f58e321166f9feb9895e15a33cf5ab82427ac3,2026-09-30T11:56:00+00:00,2026-09-30 16:56:00,61.1,1011.1,101
22.4,33.0,120.4,2046.0,594.0,92.4,11.5,9.6,2.4,445.0,281.9,9.4,5.7,66.1,28.9,20.65,False,4095,0.0,1.1,224.6,EXT-OPEN-METEO-KHI,KARACHI,OPENSOURCE_API_GRID,718,,,,0.95,True,True,TIER2_OPENSOURCE_PURE;CONTINUOUS_MINUTE_STREAM;VERIFIED_MODEL_GRID,e2ec1b1e0491f96854a4142adc7a4030a4f0e4ad7ded0022535eca5de0aa3747,2026-09-30T11:57:00+00:00,2026-09-30 16:57:00,61.1,1011.1,101
22.4,33.0,120.4,2046.0,594.0,92.4,11.5,9.6,2.4,445.0,282.0,9.4,5.7,66.0,28.9,20.65,False,4095,0.0,1.0,223.9,EXT-OPEN-METEO-KHI,KARACHI,OPENSOURCE_API_GRID,719,,,,0.95,True,True,TIER2_OPENSOURCE_PURE;CONTINUOUS_MINUTE_STREAM;VERIFIED_MODEL_GRID,aad9c166173777a51974bb1b6e888f2ba81c42aa5c0a6885665d43f0f84e5b53,2026-09-30T11:58:00+00:00,2026-09-30 16:58:00,61.1,1011.1,101
22.4,33.0,120.4,2046.0,594.0,92.4,11.5,9.6,2.4,445.0,282.0,9.4,5.7,66.0,28.9,20.65,False,4095,0.0,1.0,223.4,EXT-OPEN-METEO-KHI,KARACHI,OPENSOURCE_API_GRID,720,,,,0.95,True,True,TIER2_OPENSOURCE_PURE;CONTINUOUS_MINUTE_STREAM;VERIFIED_MODEL_GRID,6499c8955443f2c32bac828d60176ced9a12355f6a8e1ba116109d3709d4e96b,2026-09-30T11:59:00+00:00,2026-09-30 16:59:00,61.1,1011.1,101
22.4,33.0,120.4,2046.0,594.0,92.4,11.5,9.6,2.4,445.0,282.0,9.4,5.7,66.0,28.9,20.65,False,4095,0.0,1.0,223.3,EXT-OPEN-METEO-KHI,KARACHI,OPENSOURCE_API_GRID,721,,,,0.95,True,False,TIER2_OPENSOURCE_PURE;HOURLY_NODE;VERIFIED_MODEL_GRID,efd9f3cb9cfb1c71cb42a8d850b4b200e41dc36e7b0a13047a24b927ba925365,2026-09-30T12:00:00+00:00,2026-09-30 17:00:00,61.1,1011.1,102
22.4,33.0,120.4,2046.0,594.0,92.4,11.5,9.6,2.4,445.0,282.0,9.4,5.7,66.0,28.9,20.63,False,4095,0.0,1.0,223.2,EXT-OPEN-METEO-KHI,KARACHI,OPENSOURCE_API_GRID,722,,,,0.95,True,True,TIER2_OPENSOURCE_PURE;CONTINUOUS_MINUTE_STREAM;VERIFIED_MODEL_GRID,0c88dab75df93c7a539191af933ae290952dfefe8dcc0727afb0a8fb2e73e906,2026-09-30T12:01:00+00:00,2026-09-30 17:01:00,61.0,1011.1,102
22.4,33.0,120.3,2046.0,594.0,92.4,11.5,9.6,2.4,445.0,282.0,9.4,5.7,66.0,28.9,20.63,False,4095,0.0,1.0,222.8,EXT-OPEN-METEO-KHI,KARACHI,OPENSOURCE_API_GRID,723,,,,0.95,True,True,TIER2_OPENSOURCE_PURE;CONTINUOUS_MINUTE_STREAM;VERIFIED_MODEL_GRID,a9a0faaebf36ae80ada994fddf6517973aa5e8e564bedfbc983c33ade71f72e4,2026-09-30T12:02:00+00:00,2026-09-30 17:02:00,61.0,1011.1,102
22.4,32.9,120.3,2039.8,592.2,92.1,11.5,9.6,2.4,445.0,282.0,9.4,5.7,66.0,28.9,20.63,False,4095,0.0,1.0,222.2,EXT-OPEN-METEO-KHI,KARACHI,OPENSOURCE_API_GRID,724,,,,0.95,True,True,TIER2_OPENSOURCE_PURE;CONTINUOUS_MINUTE_STREAM;VERIFIED_MODEL_GRID,ec9c5c181dbd3439af28eeb0132a54610d6c005a05c6dddd1c48d82c9d183f89,2026-09-30T12:03:00+00:00,2026-09-30 17:03:00,61.0,1011.1,102
22.4,32.9,120.2,2039.8,592.2,92.1,11.5,9.6,2.4,445.0,282.0,9.4,5.7,65.9,28.9,20.63,False,4095,0.0,1.0,221.3,EXT-OPEN-METEO-KHI,KARACHI,OPENSOURCE_API_GRID,725,,,,0.95,True,True,TIER2_OPENSOURCE_PURE;CONTINUOUS_MINUTE_STREAM;VERIFIED_MODEL_GRID,fc687d2704d19571343d488ad28a9706a96862e567d2d2b8ee4007c8c3087a58,2026-09-30T12:04:00+00:00,2026-09-30 17:04:00,61.0,1011.1,102
22.4,32.9,120.0,2039.8,592.2,92.1,11.5,9.6,2.4,445.0,282.0,9.4,5.7,65.9,28.9,20.63,False,4095,0.0,1.0,220.1,EXT-OPEN-METEO-KHI,KARACHI,OPENSOURCE_API_GRID,726,,,,0.95,True,True,TIER2_OPENSOURCE_PURE;CONTINUOUS_MINUTE_STREAM;VERIFIED_MODEL_GRID,4b54d5cd66b6867ce8596a2fc048f2b2652a26d109c8962c6a7ac1451c7621c8,2026-09-30T12:05:00+00:00,2026-09-30 17:05:00,61.0,1011.1,102
22.3,32.8,119.9,2033.6,590.4,91.8,11.5,9.6,2.4,445.0,282.0,9.5,5.7,65.8,28.9,20.63,False,4095,0.0,1.0,218.7,EXT-OPEN-METEO-KHI,KARACHI,OPENSOURCE_API_GRID,727,,,,0.95,True,True,TIER2_OPENSOURCE_PURE;CONTINUOUS_MINUTE_STREAM;VERIFIED_MODEL_GRID,e5df2a5602b70f456b8a02adfbc06efb01e99c13cf33d688153db23a6eaad63d,2026-09-30T12:06:00+00:00,2026-09-30 17:06:00,61.0,1011.1,102
22.2,32.7,119.7,2027.4,588.6,91.6,11.4,9.6,2.4,445.0,282.0,9.5,5.7,65.7,28.9,20.65,False,4095,0.0,1.0,217.1,EXT-OPEN-METEO-KHI,KARACHI,OPENSOURCE_API_GRID,728,,,,0.95,True,True,TIER2_OPENSOURCE_PURE;CONTINUOUS_MINUTE_STREAM;VERIFIED_MODEL_GRID,46fb38856ee4f219a713292a7114dc7aedd63b819aa9d7a546d29e2a6b21450b,2026-09-30T12:07:00+00:00,2026-09-30 17:07:00,61.1,1011.1,102
22.2,32.7,119.5,2027.4,588.6,91.6,11.4,9.6,2.4,445.0,282.0,9.5,5.7,65.7,28.9,20.65,False,4095,0.0,1.0,215.2,EXT-OPEN-METEO-KHI,KARACHI,OPENSOURCE_API_GRID,729,,,,0.95,True,True,TIER2_OPENSOURCE_PURE;CONTINUOUS_MINUTE_STREAM;VERIFIED_MODEL_GRID,e71179cf4a3a7d00773625d8153365a6395ebe9f34c2b0cf7772adeb40a97126,2026-09-30T12:08:00+00:00,2026-09-30 17:08:00,61.1,1011.1,102
22.2,32.6,119.3,2021.2,586.8,91.3,11.4,9.5,2.4,445.0,281.9,9.5,5.7,65.6,28.8,20.56,False,4095,0.0,1.1,213.1,EXT-OPEN-METEO-KHI,KARACHI,OPENSOURCE_API_GRID,730,,,,0.95,True,True,TIER2_OPENSOURCE_PURE;CONTINUOUS_MINUTE_STREAM;VERIFIED_MODEL_GRID,19a17c633f3c7f3c3fc4fd3561a671d5ec654781f643bbefea20858b2cb146b1,2026-09-30T12:09:00+00:00,2026-09-30 17:09:00,61.1,1011.1,102
22.1,32.5,119.1,2015.0,585.0,91.0,11.4,9.5,2.4,445.0,281.9,9.6,5.7,65.5,28.8,20.59,False,4095,0.0,1.1,210.8,EXT-OPEN-METEO-KHI,KARACHI,OPENSOURCE_API_GRID,731,,,,0.95,True,True,TIER2_OPENSOURCE_PURE;CONTINUOUS_MINUTE_STREAM;VERIFIED_MODEL_GRID,99d0eb0fcff0c4907b975a9bf61d5565d335c3bb1cebe030e86fcf2cf8914886,2026-09-30T12:10:00+00:00,2026-09-30 17:10:00,61.2,1011.1,102
22.1,32.5,118.9,2015.0,585.0,91.0,11.4,9.5,2.4,445.0,281.9,9.6,5.7,65.4,28.8,20.61,False,4095,0.0,1.1,208.3,EXT-OPEN-METEO-KHI,KARACHI,OPENSOURCE_API_GRID,732,,,,0.95,True,True,TIER2_OPENSOURCE_PURE;CONTINUOUS_MINUTE_STREAM;VERIFIED_MODEL_GRID,f6d4fbf93af71f6f6437e5d46beb6a2da1bcd780f30dae6dae3e0b845f28ce3a,2026-09-30T12:11:00+00:00,2026-09-30 17:11:00,61.3,1011.1,102
22.0,32.4,118.6,2008.8,583.2,90.7,11.3,9.5,2.4,445.0,281.9,9.6,5.7,65.2,28.8,20.61,False,4095,0.0,1.1,205.5,EXT-OPEN-METEO-KHI,KARACHI,OPENSOURCE_API_GRID,733,,,,0.95,True,True,TIER2_OPENSOURCE_PURE;CONTINUOUS_MINUTE_STREAM;VERIFIED_MODEL_GRID,511354a3d40003a290592722b408bb0d633d3d3b2678e4e4424b844179b56597,2026-09-30T12:12:00+00:00,2026-09-30 17:12:00,61.3,1011.1,102
22.0,32.4,118.4,2008.8,583.2,90.7,11.3,9.5,2.4,445.0,281.9,9.7,5.7,65.1,28.7,20.54,False,4095,0.0,1.1,202.5,EXT-OPEN-METEO-KHI,KARACHI,OPENSOURCE_API_GRID,734,,,,0.95,True,True,TIER2_OPENSOURCE_PURE;CONTINUOUS_MINUTE_STREAM;VERIFIED_MODEL_GRID,c779e9f308e064e0cc8ee522a018050b68c528fe18ee3335c8ecfcf3d6440e31,2026-09-30T12:13:00+00:00,2026-09-30 17:13:00,61.4,1011.1,102
22.0,32.3,118.2,2002.6,581.4,90.4,11.3,9.5,2.4,445.0,281.9,9.7,5.7,65.0,28.7,20.57,False,4095,0.0,1.1,199.4,EXT-OPEN-METEO-KHI,KARACHI,OPENSOURCE_API_GRID,735,,,,0.95,True,True,TIER2_OPENSOURCE_PURE;CONTINUOUS_MINUTE_STREAM;VERIFIED_MODEL_GRID,6186b145fbe637e9a218cd908c80bd069c1c61d7bb4a7f536f410f1a355b96b9,2026-09-30T12:14:00+00:00,2026-09-30 17:14:00,61.5,1011.1,102
22.0,32.3,118.0,2002.6,581.4,90.4,11.3,9.4,2.4,445.0,281.9,9.7,5.7,64.8,28.7,20.6,False,4095,0.0,1.1,196.0,EXT-OPEN-METEO-KHI,KARACHI,OPENSOURCE_API_GRID,736,,,,0.95,True,True,TIER2_OPENSOURCE_PURE;CONTINUOUS_MINUTE_STREAM;VERIFIED_MODEL_GRID,1e6713fa46fb4f24ccffc983babbbacbc1424b698a49ed69dfece96c9976fa69,2026-09-30T12:15:00+00:00,2026-09-30 17:15:00,61.6,1011.1,102
22.0,32.3,117.8,2002.6,581.4,90.4,11.3,9.4,2.4,445.0,281.8,9.8,5.7,64.7,28.7,20.62,False,4095,0.0,1.2,192.5,EXT-OPEN-METEO-KHI,KARACHI,OPENSOURCE_API_GRID,737,,,,0.95,True,True,TIER2_OPENSOURCE_PURE;CONTINUOUS_MINUTE_STREAM;VERIFIED_MODEL_GRID,73de9b64ac83f5e830dacc585226680e767e62562b5d75cba00dd58fe59a6c84,2026-09-30T12:16:00+00:00,2026-09-30 17:16:00,61.7,1011.1,102
21.9,32.2,117.5,1996.4,579.6,90.2,11.3,9.4,2.4,445.0,281.8,9.8,5.7,64.5,28.6,20.56,False,4095,0.0,1.2,188.8,EXT-OPEN-METEO-KHI,KARACHI,OPENSOURCE_API_GRID,738,,,,0.95,True,True,TIER2_OPENSOURCE_PURE;CONTINUOUS_MINUTE_STREAM;VERIFIED_MODEL_GRID,44b8c360ec354bf72aa5db20b3fd4bb081564722635894f8af7a4da9e85c087a,2026-09-30T12:17:00+00:00,2026-09-30 17:17:00,61.8,1011.1,102
21.9,32.2,117.3,1996.4,579.6,90.2,11.3,9.4,2.3,445.0,281.8,9.9,5.7,64.4,28.6,20.61,False,4095,0.0,1.2,184.9,EXT-OPEN-METEO-KHI,KARACHI,OPENSOURCE_API_GRID,739,,,,0.95,True,True,TIER2_OPENSOURCE_PURE;CONTINUOUS_MINUTE_STREAM;VERIFIED_MODEL_GRID,3c0404102b9c800a24ca750b6048c25960582d0c871a9fd3d5bbde08776f651f,2026-09-30T12:18:00+00:00,2026-09-30 17:18:00,62.0,1011.1,102
21.9,32.2,117.1,1996.4,579.6,90.2,11.3,9.4,2.3,445.0,281.8,9.9,5.7,64.2,28.6,20.63,False,4095,0.0,1.2,180.9,EXT-OPEN-METEO-KHI,KARACHI,OPENSOURCE_API_GRID,740,,,,0.95,True,True,TIER2_OPENSOURCE_PURE;CONTINUOUS_MINUTE_STREAM;VERIFIED_MODEL_GRID,d2383fa2b23e784443391d350aef78c14f72835a4b8064f2ce0d9a906de2b93c,2026-09-30T12:19:00+00:00,2026-09-30 17:19:00,62.1,1011.1,102
21.9,32.2,116.9,1996.4,579.6,90.2,11.3,9.4,2.3,445.0,281.8,10.0,5.7,64.0,28.6,20.66,False,4095,0.0,1.2,176.7,EXT-OPEN-METEO-KHI,KARACHI,OPENSOURCE_API_GRID,741,,,,0.95,True,True,TIER2_OPENSOURCE_PURE;CONTINUOUS_MINUTE_STREAM;VERIFIED_MODEL_GRID,4922e0e739681491e66b3aa91fdc78af2e5ae1401b67d8777bcd314b25be100c,2026-09-30T12:20:00+00:00,2026-09-30 17:20:00,62.2,1011.1,102
21.9,32.2,116.7,1996.4,579.6,90.2,11.3,9.3,2.3,445.0,281.7,10.0,5.7,63.8,28.6,20.71,False,4095,0.0,1.3,172.4,EXT-OPEN-METEO-KHI,KARACHI,OPENSOURCE_API_GRID,742,,,,0.95,True,True,TIER2_OPENSOURCE_PURE;CONTINUOUS_MINUTE_STREAM;VERIFIED_MODEL_GRID,31ae8056cdb9499163973d6fff88934bc76adf59d938a548c1422cb399976494,2026-09-30T12:21:00+00:00,2026-09-30 17:21:00,62.4,1011.1,102
21.9,32.2,116.4,1996.4,579.6,90.2,11.3,9.3,2.3,445.0,281.7,10.1,5.7,63.6,28.6,20.74,False,4095,0.0,1.3,168.0,EXT-OPEN-METEO-KHI,KARACHI,OPENSOURCE_API_GRID,743,,,,0.95,True,True,TIER2_OPENSOURCE_PURE;CONTINUOUS_MINUTE_STREAM;VERIFIED_MODEL_GRID,10545077fc7941f440bfd0b16941fea0b5d169db71745b822ec4d67a2c8bdae0,2026-09-30T12:22:00+00:00,2026-09-30 17:22:00,62.5,1011.1,102
21.9,32.2,116.2,1996.4,579.6,90.2,11.3,9.3,2.3,445.0,281.7,10.1,5.7,63.4,28.5,20.67,False,4095,0.0,1.3,163.5,EXT-OPEN-METEO-KHI,KARACHI,OPENSOURCE_API_GRID,744,,,,0.95,True,True,TIER2_OPENSOURCE_PURE;CONTINUOUS_MINUTE_STREAM;VERIFIED_MODEL_GRID,064937d6f787441612b70dc805a9d45abc176d9a02afe4b5600e1dd3c43217fc,2026-09-30T12:23:00+00:00,2026-09-30 17:23:00,62.6,1011.1,102
21.8,32.0,115.8,1984.0,576.0,89.6,11.2,9.3,2.3,445.0,281.7,10.2,5.7,63.2,28.5,20.75,False,4095,0.0,1.3,158.9,EXT-OPEN-METEO-KHI,KARACHI,OPENSOURCE_API_GRID,745,,,,0.95,True,True,TIER2_OPENSOURCE_PURE;CONTINUOUS_MINUTE_STREAM;VERIFIED_MODEL_GRID,7b6c192923d3db526f35d82d409867ae108c6e78d40a1eb74655a1981213fe44,2026-09-30T12:24:00+00:00,2026-09-30 17:24:00,62.9,1011.1,102
21.8,32.0,115.5,1984.0,576.0,89.6,11.2,9.2,2.3,445.0,281.6,10.3,5.7,63.0,28.5,20.77,False,4095,0.0,1.4,154.3,EXT-OPEN-METEO-KHI,KARACHI,OPENSOURCE_API_GRID,746,,,,0.95,True,True,TIER2_OPENSOURCE_PURE;CONTINUOUS_MINUTE_STREAM;VERIFIED_MODEL_GRID,7f95d3afea48cf642c0b00c4b68835c817ceb194d13ac4fd48a8b23860315dcc,2026-09-30T12:25:00+00:00,2026-09-30 17:25:00,63.0,1011.1,102
21.8,32.0,115.3,1984.0,576.0,89.6,11.2,9.2,2.3,445.0,281.6,10.3,5.7,62.8,28.5,20.8,False,4095,0.0,1.4,149.5,EXT-OPEN-METEO-KHI,KARACHI,OPENSOURCE_API_GRID,747,,,,0.95,True,True,TIER2_OPENSOURCE_PURE;CONTINUOUS_MINUTE_STREAM;VERIFIED_MODEL_GRID,2796d19d746eeb86fb26e68143e3e66fea9a0aee8e959e45f39880fadddc85d0,2026-09-30T12:26:00+00:00,2026-09-30 17:26:00,63.1,1011.1,102
21.8,32.0,115.0,1984.0,576.0,89.6,11.2,9.2,2.3,445.0,281.6,10.4,5.7,62.6,28.5,20.82,False,4095,0.0,1.4,144.7,EXT-OPEN-METEO-KHI,KARACHI,OPENSOURCE_API_GRID,748,,,,0.95,True,True,TIER2_OPENSOURCE_PURE;CONTINUOUS_MINUTE_STREAM;VERIFIED_MODEL_GRID,eb9df4f33cfdf255212e94d367b53d2b957825dad73b3f63bf0176a8d3049474,2026-09-30T12:27:00+00:00,2026-09-30 17:27:00,63.2,1011.1,102
21.8,32.0,114.7,1984.0,576.0,89.6,11.2,9.2,2.3,445.0,281.6,10.4,5.7,62.4,28.4,20.78,False,4095,0.0,1.4,139.9,EXT-OPEN-METEO-KHI,KARACHI,OPENSOURCE_API_GRID,749,,,,0.95,True,True,TIER2_OPENSOURCE_PURE;CONTINUOUS_MINUTE_STREAM;VERIFIED_MODEL_GRID,26f490412ac66f2489842930cd09245462a92f9a9ef1ea07d135048934cf9afc,2026-09-30T12:28:00+00:00,2026-09-30 17:28:00,63.4,1011.1,102
21.7,31.9,114.4,1977.8,574.2,89.3,11.2,9.2,2.3,445.0,281.5,10.5,5.7,62.2,28.4,20.81,False,4095,0.0,1.5,135.0,EXT-OPEN-METEO-KHI,KARACHI,OPENSOURCE_API_GRID,750,,,,0.95,True,True,TIER2_OPENSOURCE_PURE;CONTINUOUS_MINUTE_STREAM;VERIFIED_MODEL_GRID,ac8a3e00d587c9bd15069f2d315eceaa976693e503b13db13aedc13117f4daf2,2026-09-30T12:29:00+00:00,2026-09-30 17:29:00,63.5,1011.1,102
21.7,31.9,114.1,1977.8,574.2,89.3,11.2,9.1,2.3,445.0,281.5,10.5,5.7,62.0,28.4,20.83,False,4095,0.0,1.5,130.2,EXT-OPEN-METEO-KHI,KARACHI,OPENSOURCE_API_GRID,751,,,,0.95,True,True,TIER2_OPENSOURCE_PURE;CONTINUOUS_MINUTE_STREAM;VERIFIED_MODEL_GRID,96ecf83b95958a11a182bea6911154a8d95e37144fc84e7564f53e473baa7e21,2026-09-30T12:30:00+00:00,2026-09-30 17:30:00,63.6,1011.1,102
21.6,31.8,113.8,1971.6,572.4,89.0,11.1,9.1,2.3,445.0,281.5,10.6,5.7,61.8,28.4,20.86,False,4095,0.0,1.5,125.3,EXT-OPEN-METEO-KHI,KARACHI,OPENSOURCE_API_GRID,752,,,,0.95,True,True,TIER2_OPENSOURCE_PURE;CONTINUOUS_MINUTE_STREAM;VERIFIED_MODEL_GRID,1ed0bf4b8d21371cb323cd73b2bd4937636acf4def476640f1114bf3e6186e39,2026-09-30T12:31:00+00:00,2026-09-30 17:31:00,63.7,1011.1,102
21.6,31.8,113.5,1971.6,572.4,89.0,11.1,9.1,2.3,445.0,281.4,10.7,5.7,61.6,28.3,20.79,False,4095,0.0,1.6,120.4,EXT-OPEN-METEO-KHI,KARACHI,OPENSOURCE_API_GRID,753,,,,0.95,True,True,TIER2_OPENSOURCE_PURE;CONTINUOUS_MINUTE_STREAM;VERIFIED_MODEL_GRID,9ccde4aeb7f74a4da72e9395d67470ced975096c1ddd629c4d62cbef0af00a2b,2026-09-30T12:32:00+00:00,2026-09-30 17:32:00,63.8,1011.1,102
21.6,31.7,113.1,1965.4,570.6,88.8,11.1,9.0,2.3,445.0,281.4,10.7,5.7,61.4,28.3,20.81,False,4095,0.0,1.6,115.6,EXT-OPEN-METEO-KHI,KARACHI,OPENSOURCE_API_GRID,754,,,,0.95,True,True,TIER2_OPENSOURCE_PURE;CONTINUOUS_MINUTE_STREAM;VERIFIED_MODEL_GRID,abc67e433a2fcd60e1e59e9ed04abfcdaecf8a3f36d4f06abc125a398f291664,2026-09-30T12:33:00+00:00,2026-09-30 17:33:00,63.9,1011.1,102
21.5,31.6,112.8,1959.2,568.8,88.5,11.1,9.0,2.3,445.0,281.4,10.8,5.7,61.2,28.3,20.84,False,4095,0.0,1.6,110.8,EXT-OPEN-METEO-KHI,KARACHI,OPENSOURCE_API_GRID,755,,,,0.95,True,True,TIER2_OPENSOURCE_PURE;CONTINUOUS_MINUTE_STREAM;VERIFIED_MODEL_GRID,a7a03d66941121c11113e9285c54f7246348b6f9c6f68cb0d0d2e404f92cdb5e,2026-09-30T12:34:00+00:00,2026-09-30 17:34:00,64.0,1011.1,102
21.4,31.5,112.4,1953.0,567.0,88.2,11.0,9.0,2.2,445.0,281.4,10.8,5.7,61.0,28.2,20.77,False,4095,0.0,1.6,106.0,EXT-OPEN-METEO-KHI,KARACHI,OPENSOURCE_API_GRID,756,,,,0.95,True,True,TIER2_OPENSOURCE_PURE;CONTINUOUS_MINUTE_STREAM;VERIFIED_MODEL_GRID,0ce960a64c1150c50d5325d4da14e89a3b1e0515f26787ed1f930d9dfa9d1f45,2026-09-30T12:35:00+00:00,2026-09-30 17:35:00,64.1,1011.1,102
21.4,31.5,112.1,1953.0,567.0,88.2,11.0,9.0,2.2,445.0,281.3,10.9,5.7,60.8,28.2,20.8,False,4095,0.0,1.7,101.4,EXT-OPEN-METEO-KHI,KARACHI,OPENSOURCE_API_GRID,757,,,,0.95,True,True,TIER2_OPENSOURCE_PURE;CONTINUOUS_MINUTE_STREAM;VERIFIED_MODEL_GRID,5c5e2bd786792940d19072ff69668748e188e7f93eec6f34e8e6ac4250746d20,2026-09-30T12:36:00+00:00,2026-09-30 17:36:00,64.2,1011.1,102
21.4,31.4,111.7,1946.8,565.2,87.9,11.0,8.9,2.2,445.0,281.3,11.0,5.7,60.6,28.2,20.82,False,4095,0.0,1.7,96.8,EXT-OPEN-METEO-KHI,KARACHI,OPENSOURCE_API_GRID,758,,,,0.95,True,True,TIER2_OPENSOURCE_PURE;CONTINUOUS_MINUTE_STREAM;VERIFIED_MODEL_GRID,4871102501ac0d3df030c089fe939cfa6ac2aeef207598c4d8d374a3ffdfbbfd,2026-09-30T12:37:00+00:00,2026-09-30 17:37:00,64.3,1011.1,102
21.3,31.3,111.3,1940.6,563.4,87.6,11.0,8.9,2.2,445.0,281.3,11.0,5.7,60.4,28.1,20.75,False,4095,0.0,1.7,92.3,EXT-OPEN-METEO-KHI,KARACHI,OPENSOURCE_API_GRID,759,,,,0.95,True,True,TIER2_OPENSOURCE_PURE;CONTINUOUS_MINUTE_STREAM;VERIFIED_MODEL_GRID,6b82f07bec4686d41eff2001af92e0f4cdbffc55e332cc18838009b15405a8b5,2026-09-30T12:38:00+00:00,2026-09-30 17:38:00,64.4,1011.1,102
21.2,31.2,111.0,1934.4,561.6,87.4,10.9,8.9,2.2,445.0,281.3,11.1,5.7,60.2,28.1,20.78,False,4095,0.0,1.7,87.9,EXT-OPEN-METEO-KHI,KARACHI,OPENSOURCE_API_GRID,760,,,,0.95,True,True,TIER2_OPENSOURCE_PURE;CONTINUOUS_MINUTE_STREAM;VERIFIED_MODEL_GRID,c43e4a3b4adf603bfbf3ad824e296037fca4a6ff3a553ccf53c8d1609aabcda9,2026-09-30T12:39:00+00:00,2026-09-30 17:39:00,64.5,1011.1,102
21.1,31.1,110.6,1928.2,559.8,87.1,10.9,8.8,2.2,445.0,281.2,11.1,5.7,60.0,28.1,20.8,False,4095,0.0,1.8,83.6,EXT-OPEN-METEO-KHI,KARACHI,OPENSOURCE_API_GRID,761,,,,0.95,True,True,TIER2_OPENSOURCE_PURE;CONTINUOUS_MINUTE_STREAM;VERIFIED_MODEL_GRID,8c75a354ffc5d6393d2d8ca85e8cc2d83f15f6631eb941d7bc0a84ff86b53cc0,2026-09-30T12:40:00+00:00,2026-09-30 17:40:00,64.6,1011.1,102
21.1,31.0,110.3,1922.0,558.0,86.8,10.8,8.8,2.2,445.0,281.2,11.2,5.7,59.8,28.0,20.73,False,4095,0.0,1.8,79.4,EXT-OPEN-METEO-KHI,KARACHI,OPENSOURCE_API_GRID,762,,,,0.95,True,True,TIER2_OPENSOURCE_PURE;CONTINUOUS_MINUTE_STREAM;VERIFIED_MODEL_GRID,4621ed8dfff4b6258cb0cbaf9594515be067ed8bd50a2e40d1105a3f97a164b2,2026-09-30T12:41:00+00:00,2026-09-30 17:41:00,64.7,1011.1,102
21.0,30.9,109.9,1915.8,556.2,86.5,10.8,8.8,2.2,445.0,281.2,11.2,5.7,59.6,28.0,20.76,False,4095,0.0,1.8,75.4,EXT-OPEN-METEO-KHI,KARACHI,OPENSOURCE_API_GRID,763,,,,0.95,True,True,TIER2_OPENSOURCE_PURE;CONTINUOUS_MINUTE_STREAM;VERIFIED_MODEL_GRID,4411ff089a33edfb20485efc66792de9c48748d6768927c27599ad0360e284ea,2026-09-30T12:42:00+00:00,2026-09-30 17:42:00,64.8,1011.1,102
20.9,30.8,109.7,1909.6,554.4,86.2,10.8,8.8,2.2,445.0,281.2,11.3,5.7,59.5,28.0,20.78,False,4095,0.0,1.8,71.5,EXT-OPEN-METEO-KHI,KARACHI,OPENSOURCE_API_GRID,764,,,,0.95,True,True,TIER2_OPENSOURCE_PURE;CONTINUOUS_MINUTE_STREAM;VERIFIED_MODEL_GRID,5936bb7942ab3aa3a2583f7baba409de4330a7614af525255822a4792905faa3,2026-09-30T12:43:00+00:00,2026-09-30 17:43:00,64.9,1011.1,102
20.9,30.8,109.4,1909.6,554.4,86.2,10.8,8.8,2.2,445.0,281.2,11.3,5.7,59.3,27.9,20.71,False,4095,0.0,1.8,67.8,EXT-OPEN-METEO-KHI,KARACHI,OPENSOURCE_API_GRID,765,,,,0.95,True,True,TIER2_OPENSOURCE_PURE;CONTINUOUS_MINUTE_STREAM;VERIFIED_MODEL_GRID,6473d2fc9f00500f76a02293b899dd7489a76b4e975d4493f3eb402701dcd67d,2026-09-30T12:44:00+00:00,2026-09-30 17:44:00,65.0,1011.1,102
20.9,30.7,109.1,1903.4,552.6,86.0,10.7,8.7,2.2,445.0,281.1,11.4,5.7,59.2,27.9,20.74,False,4095,0.0,1.9,64.3,EXT-OPEN-METEO-KHI,KARACHI,OPENSOURCE_API_GRID,766,,,,0.95,True,True,TIER2_OPENSOURCE_PURE;CONTINUOUS_MINUTE_STREAM;VERIFIED_MODEL_GRID,f559e9694f666f81b8255e6a69f71268d8aa19bae7a85637f727423e558ca2ab,2026-09-30T12:45:00+00:00,2026-09-30 17:45:00,65.1,1011.1,102
20.9,30.7,108.9,1903.4,552.6,86.0,10.7,8.7,2.2,445.0,281.1,11.4,5.7,59.0,27.9,20.76,False,4095,0.0,1.9,60.9,EXT-OPEN-METEO-KHI,KARACHI,OPENSOURCE_API_GRID,767,,,,0.95,True,True,TIER2_OPENSOURCE_PURE;CONTINUOUS_MINUTE_STREAM;VERIFIED_MODEL_GRID,e51f219579265fc05fbae572eac04227f5b7b686346dcf0852ce623ad6bc07ed,2026-09-30T12:46:00+00:00,2026-09-30 17:46:00,65.2,1011.1,102
20.9,30.7,108.7,1903.4,552.6,86.0,10.7,8.7,2.2,445.0,281.1,11.4,5.7,58.9,27.9,20.79,False,4095,0.0,1.9,57.8,EXT-OPEN-METEO-KHI,KARACHI,OPENSOURCE_API_GRID,768,,,,0.95,True,True,TIER2_OPENSOURCE_PURE;CONTINUOUS_MINUTE_STREAM;VERIFIED_MODEL_GRID,bb8205ec722860e140249903652944a60fe5dcaa160a9cf001b04ba2296c9b24,2026-09-30T12:47:00+00:00,2026-09-30 17:47:00,65.3,1011.1,102
20.8,30.6,108.5,1897.2,550.8,85.7,10.7,8.7,2.2,445.0,281.1,11.5,5.7,58.8,27.9,20.81,False,4095,0.0,1.9,54.8,EXT-OPEN-METEO-KHI,KARACHI,OPENSOURCE_API_GRID,769,,,,0.95,True,True,TIER2_OPENSOURCE_PURE;CONTINUOUS_MINUTE_STREAM;VERIFIED_MODEL_GRID,57ea3c06db48a130e952ccd47c66855239e46bdba01d100760985175dde2a335,2026-09-30T12:48:00+00:00,2026-09-30 17:48:00,65.4,1011.1,102
20.8,30.6,108.4,1897.2,550.8,85.7,10.7,8.7,2.2,445.0,281.1,11.5,5.7,58.6,27.8,20.74,False,4095,0.0,1.9,52.0,EXT-OPEN-METEO-KHI,KARACHI,OPENSOURCE_API_GRID,770,,,,0.95,True,True,TIER2_OPENSOURCE_PURE;CONTINUOUS_MINUTE_STREAM;VERIFIED_MODEL_GRID,33f43775ed8842c52c43f321cd1673529f0e9390c82b5e6a96c11880c5a8d84f,2026-09-30T12:49:00+00:00,2026-09-30 17:49:00,65.5,1011.1,102
20.9,30.7,108.3,1903.4,552.6,86.0,10.7,8.7,2.2,445.0,281.1,11.5,5.7,58.5,27.8,20.77,False,4095,0.0,1.9,49.5,EXT-OPEN-METEO-KHI,KARACHI,OPENSOURCE_API_GRID,771,,,,0.95,True,True,TIER2_OPENSOURCE_PURE;CONTINUOUS_MINUTE_STREAM;VERIFIED_MODEL_GRID,6963b0fa35124b571feea1a230a494a0642e450369dd2b8c48b1d8e7eb276c10,2026-09-30T12:50:00+00:00,2026-09-30 17:50:00,65.6,1011.1,102
20.9,30.7,108.2,1903.4,552.6,86.0,10.7,8.7,2.2,445.0,281.1,11.6,5.7,58.4,27.8,20.79,False,4095,0.0,1.9,47.2,EXT-OPEN-METEO-KHI,KARACHI,OPENSOURCE_API_GRID,772,,,,0.95,True,True,TIER2_OPENSOURCE_PURE;CONTINUOUS_MINUTE_STREAM;VERIFIED_MODEL_GRID,20f958dc9d51544283f6af216ac082b6651a1bd64d5a709a5ae055642130417f,2026-09-30T12:51:00+00:00,2026-09-30 17:51:00,65.7,1011.1,102
20.9,30.7,108.1,1903.4,552.6,86.0,10.7,8.6,2.2,445.0,281.0,11.6,5.7,58.3,27.8,20.82,False,4095,0.0,2.0,45.1,EXT-OPEN-METEO-KHI,KARACHI,OPENSOURCE_API_GRID,773,,,,0.95,True,True,TIER2_OPENSOURCE_PURE;CONTINUOUS_MINUTE_STREAM;VERIFIED_MODEL_GRID,dceceb111b862f2c8d1fcd592d4a1cfda2644e08dda2bf000d6f36acec0eca4d,2026-09-30T12:52:00+00:00,2026-09-30 17:52:00,65.8,1011.1,102
20.9,30.7,108.1,1903.4,552.6,86.0,10.7,8.6,2.2,445.0,281.0,11.6,5.7,58.3,27.8,20.84,False,4095,0.0,2.0,43.2,EXT-OPEN-METEO-KHI,KARACHI,OPENSOURCE_API_GRID,774,,,,0.95,True,True,TIER2_OPENSOURCE_PURE;CONTINUOUS_MINUTE_STREAM;VERIFIED_MODEL_GRID,b6438855aa8cdb1435bf865947f12d1039ff6f89c3446f3464d204c1be70f82b,2026-09-30T12:53:00+00:00,2026-09-30 17:53:00,65.9,1011.1,102
20.9,30.7,108.0,1903.4,552.6,86.0,10.7,8.6,2.2,445.0,281.0,11.6,5.7,58.2,27.8,20.84,False,4095,0.0,2.0,41.6,EXT-OPEN-METEO-KHI,KARACHI,OPENSOURCE_API_GRID,775,,,,0.95,True,True,TIER2_OPENSOURCE_PURE;CONTINUOUS_MINUTE_STREAM;VERIFIED_MODEL_GRID,7e3658909658f3a24e3bf74769cd35a030e7c23f9554788b0b1236ae820986be,2026-09-30T12:54:00+00:00,2026-09-30 17:54:00,65.9,1011.1,102
20.8,30.6,107.8,1897.2,550.8,85.7,10.7,8.6,2.2,445.0,281.0,11.7,5.7,58.1,27.8,20.89,False,4095,0.0,2.0,40.2,EXT-OPEN-METEO-KHI,KARACHI,OPENSOURCE_API_GRID,776,,,,0.95,True,True,TIER2_OPENSOURCE_PURE;CONTINUOUS_MINUTE_STREAM;VERIFIED_MODEL_GRID,7617494a169d5e851f4978d4e3e7d1de05cb9d202177936b7518e48f1d986d18,2026-09-30T12:55:00+00:00,2026-09-30 17:55:00,66.1,1011.1,102
20.9,30.7,107.8,1903.4,552.6,86.0,10.7,8.6,2.2,445.0,281.0,11.7,5.7,58.1,27.8,20.89,False,4095,0.0,2.0,39.0,EXT-OPEN-METEO-KHI,KARACHI,OPENSOURCE_API_GRID,777,,,,0.95,True,True,TIER2_OPENSOURCE_PURE;CONTINUOUS_MINUTE_STREAM;VERIFIED_MODEL_GRID,3a739901b02afc3558f88be2d8e753ee12e72883ec8e62e3a18eb005e27952cd,2026-09-30T12:56:00+00:00,2026-09-30 17:56:00,66.1,1011.1,102
20.9,30.7,107.8,1903.4,552.6,86.0,10.7,8.6,2.2,445.0,281.0,11.7,5.7,58.0,27.8,20.89,False,4095,0.0,2.0,38.1,EXT-OPEN-METEO-KHI,KARACHI,OPENSOURCE_API_GRID,778,,,,0.95,True,True,TIER2_OPENSOURCE_PURE;CONTINUOUS_MINUTE_STREAM;VERIFIED_MODEL_GRID,84b1519ab3738da18125578a0aa8ba3754b7734865ed8e2f232d7f183b6aea48,2026-09-30T12:57:00+00:00,2026-09-30 17:57:00,66.1,1011.1,102
20.9,30.7,107.8,1903.4,552.6,86.0,10.7,8.6,2.2,445.0,281.0,11.7,5.7,58.0,27.8,20.89,False,4095,0.0,2.0,37.5,EXT-OPEN-METEO-KHI,KARACHI,OPENSOURCE_API_GRID,779,,,,0.95,True,True,TIER2_OPENSOURCE_PURE;CONTINUOUS_MINUTE_STREAM;VERIFIED_MODEL_GRID,53f05beca7b0ecfd39c827da7c7e021776eea646ae63505138848b2fef173706,2026-09-30T12:58:00+00:00,2026-09-30 17:58:00,66.1,1011.1,102
20.9,30.8,107.8,1909.6,554.4,86.2,10.8,8.6,2.2,445.0,281.0,11.7,5.7,58.0,27.8,20.89,False,4095,0.0,2.0,37.1,EXT-OPEN-METEO-KHI,KARACHI,OPENSOURCE_API_GRID,780,,,,0.95,True,True,TIER2_OPENSOURCE_PURE;CONTINUOUS_MINUTE_STREAM;VERIFIED_MODEL_GRID,fd5b34808f69d2bf69de808a60778cb2619e745aaed00e0c776d59ce0ab1446f,2026-09-30T12:59:00+00:00,2026-09-30 17:59:00,66.1,1011.1,102
20.9,30.8,107.9,1909.6,554.4,86.2,10.8,8.6,2.2,445.0,281.0,11.7,5.7,58.0,27.8,20.89,False,4095,0.0,2.0,37.0,EXT-OPEN-METEO-KHI,KARACHI,OPENSOURCE_API_GRID,781,,,,0.95,True,False,TIER2_OPENSOURCE_PURE;HOURLY_NODE;VERIFIED_MODEL_GRID,8e9e7657aa71cd326708f7bfb95ac527af2a43d087af313c0b8eda01dfb2cb1c,2026-09-30T13:00:00+00:00,2026-09-30 18:00:00,66.1,1011.1,101
20.9,30.8,107.9,1909.6,554.4,86.2,10.8,8.6,2.2,445.0,281.0,11.7,5.7,58.0,27.8,20.89,False,4095,0.0,2.0,37.0,EXT-OPEN-METEO-KHI,KARACHI,OPENSOURCE_API_GRID,782,,,,0.95,True,True,TIER2_OPENSOURCE_PURE;CONTINUOUS_MINUTE_STREAM;VERIFIED_MODEL_GRID,1f45785bc632a2829f35c441538e732d9e24ad21ee07081e480d1d557989ecc9,2026-09-30T13:01:00+00:00,2026-09-30 18:01:00,66.1,1011.1,101
20.9,30.8,107.9,1909.6,554.4,86.2,10.8,8.6,2.2,445.0,281.0,11.7,5.7,58.0,27.8,20.89,False,4095,0.0,2.0,36.9,EXT-OPEN-METEO-KHI,KARACHI,OPENSOURCE_API_GRID,783,,,,0.95,True,True,TIER2_OPENSOURCE_PURE;CONTINUOUS_MINUTE_STREAM;VERIFIED_MODEL_GRID,0faf9c58c77d9edcda27721b15d8b9ef0216b5c290dce627f8d41fc63b4937e3,2026-09-30T13:02:00+00:00,2026-09-30 18:02:00,66.1,1011.1,101
20.9,30.8,107.8,1909.6,554.4,86.2,10.8,8.6,2.2,445.0,280.9,11.7,5.7,58.0,27.8,20.89,False,4095,0.0,2.0,36.8,EXT-OPEN-METEO-KHI,KARACHI,OPENSOURCE_API_GRID,784,,,,0.95,True,True,TIER2_OPENSOURCE_PURE;CONTINUOUS_MINUTE_STREAM;VERIFIED_MODEL_GRID,051a2c7e33d523c5ab2729717fca824430f9dbccd149194e67a5f3481bf476a5,2026-09-30T13:03:00+00:00,2026-09-30 18:03:00,66.1,1011.1,101
20.9,30.8,107.8,1909.6,554.4,86.2,10.8,8.6,2.2,445.0,280.9,11.7,5.7,57.9,27.8,20.87,False,4095,0.0,2.0,36.6,EXT-OPEN-METEO-KHI,KARACHI,OPENSOURCE_API_GRID,785,,,,0.95,True,True,TIER2_OPENSOURCE_PURE;CONTINUOUS_MINUTE_STREAM;VERIFIED_MODEL_GRID,2194554497867af9394291b7a18e643f1cbcab135c825d018c39e7650c8bc716,2026-09-30T13:04:00+00:00,2026-09-30 18:04:00,66.0,1011.1,101
20.9,30.7,107.7,1903.4,552.6,86.0,10.7,8.6,2.2,445.0,280.8,11.7,5.7,57.9,27.8,20.87,False,4095,0.0,2.0,36.4,EXT-OPEN-METEO-KHI,KARACHI,OPENSOURCE_API_GRID,786,,,,0.95,True,True,TIER2_OPENSOURCE_PURE;CONTINUOUS_MINUTE_STREAM;VERIFIED_MODEL_GRID,212f314bdf8cc32c7b7311f849e4dae51fe2bcc5fc11944ed9d05393639df52a,2026-09-30T13:05:00+00:00,2026-09-30 18:05:00,66.0,1011.1,101
20.9,30.7,107.6,1903.4,552.6,86.0,10.7,8.6,2.2,445.0,280.8,11.8,5.7,57.8,27.8,20.87,False,4095,0.0,2.0,36.1,EXT-OPEN-METEO-KHI,KARACHI,OPENSOURCE_API_GRID,787,,,,0.95,True,True,TIER2_OPENSOURCE_PURE;CONTINUOUS_MINUTE_STREAM;VERIFIED_MODEL_GRID,2bfb6b1e3731a77c76bb4b191e07b680a07bc6d9a558ffdd2c455d08bfb3fa57,2026-09-30T13:06:00+00:00,2026-09-30 18:06:00,66.0,1011.1,101
20.8,30.6,107.5,1897.2,550.8,85.7,10.7,8.6,2.1,445.0,280.7,11.8,5.7,57.8,27.8,20.87,False,4095,0.0,2.0,35.8,EXT-OPEN-METEO-KHI,KARACHI,OPENSOURCE_API_GRID,788,,,,0.95,True,True,TIER2_OPENSOURCE_PURE;CONTINUOUS_MINUTE_STREAM;VERIFIED_MODEL_GRID,1c4d40f3d847d071f3c0c043b48178d1eaf83408eb3b496fe4ce81288a2b435e,2026-09-30T13:07:00+00:00,2026-09-30 18:07:00,66.0,1011.1,101
20.8,30.6,107.3,1897.2,550.8,85.7,10.7,8.6,2.1,445.0,280.6,11.8,5.7,57.7,27.8,20.87,False,4095,0.0,2.0,35.4,EXT-OPEN-METEO-KHI,KARACHI,OPENSOURCE_API_GRID,789,,,,0.95,True,True,TIER2_OPENSOURCE_PURE;CONTINUOUS_MINUTE_STREAM;VERIFIED_MODEL_GRID,14983c946660bf1733c2dfac0afc5b5c4f6991463c70e55180ed324d6854a805,2026-09-30T13:08:00+00:00,2026-09-30 18:08:00,66.0,1011.1,101
20.7,30.5,107.2,1891.0,549.0,85.4,10.7,8.6,2.1,445.1,280.5,11.8,5.7,57.6,27.8,20.89,False,4095,0.0,1.9,35.0,EXT-OPEN-METEO-KHI,KARACHI,OPENSOURCE_API_GRID,790,,,,0.95,True,True,TIER2_OPENSOURCE_PURE;CONTINUOUS_MINUTE_STREAM;VERIFIED_MODEL_GRID,4329fc52d7060b1120f28644629db155630554daf68b536815cfca088ba9465a,2026-09-30T13:09:00+00:00,2026-09-30 18:09:00,66.1,1011.1,101
20.7,30.5,107.0,1891.0,549.0,85.4,10.7,8.6,2.1,445.1,280.3,11.9,5.7,57.5,27.8,20.89,False,4095,0.0,1.9,34.5,EXT-OPEN-METEO-KHI,KARACHI,OPENSOURCE_API_GRID,791,,,,0.95,True,True,TIER2_OPENSOURCE_PURE;CONTINUOUS_MINUTE_STREAM;VERIFIED_MODEL_GRID,929b0c5ada5577a005805abfa4ef0ba56524639003ce79179ed68bc6e824d1cf,2026-09-30T13:10:00+00:00,2026-09-30 18:10:00,66.1,1011.1,101
20.7,30.4,106.9,1884.8,547.2,85.1,10.6,8.6,2.1,445.1,280.2,11.9,5.7,57.4,27.8,20.89,False,4095,0.0,1.9,34.0,EXT-OPEN-METEO-KHI,KARACHI,OPENSOURCE_API_GRID,792,,,,0.95,True,True,TIER2_OPENSOURCE_PURE;CONTINUOUS_MINUTE_STREAM;VERIFIED_MODEL_GRID,527b576eeab8c92ed38c67335bd7a7714c7bcc36eb43d72edd97006a22333e68,2026-09-30T13:11:00+00:00,2026-09-30 18:11:00,66.1,1011.2,101
20.6,30.3,106.7,1878.6,545.4,84.8,10.6,8.5,2.1,445.1,280.0,11.9,5.7,57.3,27.7,20.8,False,4095,0.0,1.9,33.5,EXT-OPEN-METEO-KHI,KARACHI,OPENSOURCE_API_GRID,793,,,,0.95,True,True,TIER2_OPENSOURCE_PURE;CONTINUOUS_MINUTE_STREAM;VERIFIED_MODEL_GRID,4161eda8182cc2bf8255c486a895be5360e57cc39f137f6821e21b93d34d1998,2026-09-30T13:12:00+00:00,2026-09-30 18:12:00,66.1,1011.2,101
20.6,30.3,106.5,1878.6,545.4,84.8,10.6,8.5,2.1,445.1,279.9,12.0,5.7,57.2,27.7,20.82,False,4095,0.0,1.9,32.9,EXT-OPEN-METEO-KHI,KARACHI,OPENSOURCE_API_GRID,794,,,,0.95,True,True,TIER2_OPENSOURCE_PURE;CONTINUOUS_MINUTE_STREAM;VERIFIED_MODEL_GRID,c723c26c9de6b50680fe0a990a6fe72bf38682524fb39004ea7671db563f426b,2026-09-30T13:13:00+00:00,2026-09-30 18:13:00,66.2,1011.2,101
20.5,30.2,106.3,1872.4,543.6,84.6,10.6,8.5,2.1,445.1,279.7,12.0,5.7,57.1,27.7,20.82,False,4095,0.0,1.9,32.2,EXT-OPEN-METEO-KHI,KARACHI,OPENSOURCE_API_GRID,795,,,,0.95,True,True,TIER2_OPENSOURCE_PURE;CONTINUOUS_MINUTE_STREAM;VERIFIED_MODEL_GRID,9289bc3f6888beade24ee91a7ce4fc56a44feebef4621bd58fa3c73a851b973c,2026-09-30T13:14:00+00:00,2026-09-30 18:14:00,66.2,1011.2,101
20.5,30.2,106.2,1872.4,543.6,84.6,10.6,8.5,2.1,445.1,279.5,12.1,5.7,57.0,27.7,20.85,False,4095,0.0,1.9,31.6,EXT-OPEN-METEO-KHI,KARACHI,OPENSOURCE_API_GRID,796,,,,0.95,True,True,TIER2_OPENSOURCE_PURE;CONTINUOUS_MINUTE_STREAM;VERIFIED_MODEL_GRID,c4b426114b16f1de200bf02fe5a02c08f41a9836bf34099a3420cb245c405b92,2026-09-30T13:15:00+00:00,2026-09-30 18:15:00,66.3,1011.2,101
20.5,30.2,106.0,1872.4,543.6,84.6,10.6,8.5,2.1,445.2,279.3,12.1,5.7,56.8,27.7,20.87,False,4095,0.0,1.8,30.9,EXT-OPEN-METEO-KHI,KARACHI,OPENSOURCE_API_GRID,797,,,,0.95,True,True,TIER2_OPENSOURCE_PURE;CONTINUOUS_MINUTE_STREAM;VERIFIED_MODEL_GRID,6b0c1f02858dbf0b9cfe80981fde2d5d3262388a7160d979b886c13b578b2ee4,2026-09-30T13:16:00+00:00,2026-09-30 18:16:00,66.4,1011.2,101
20.5,30.1,105.9,1866.2,541.8,84.3,10.5,8.5,2.1,445.2,279.1,12.2,5.7,56.7,27.7,20.87,False,4095,0.0,1.8,30.1,EXT-OPEN-METEO-KHI,KARACHI,OPENSOURCE_API_GRID,798,,,,0.95,True,True,TIER2_OPENSOURCE_PURE;CONTINUOUS_MINUTE_STREAM;VERIFIED_MODEL_GRID,df7fed998f4199a075a43381b2e13aee23b5bc437f91fb120e6e956d76de2a31,2026-09-30T13:17:00+00:00,2026-09-30 18:17:00,66.4,1011.2,101
20.5,30.1,105.7,1866.2,541.8,84.3,10.5,8.5,2.1,445.2,278.9,12.2,5.7,56.6,27.6,20.8,False,4095,0.0,1.8,29.4,EXT-OPEN-METEO-KHI,KARACHI,OPENSOURCE_API_GRID,799,,,,0.95,True,True,TIER2_OPENSOURCE_PURE;CONTINUOUS_MINUTE_STREAM;VERIFIED_MODEL_GRID,47d8caf01ca877115f584c1ad0d867e941ef86cc2fac1335684d8c4a816700f6,2026-09-30T13:18:00+00:00,2026-09-30 18:18:00,66.5,1011.2,101
20.5,30.1,105.6,1866.2,541.8,84.3,10.5,8.4,2.1,445.2,278.7,12.3,5.7,56.4,27.6,20.82,False,4095,0.0,1.8,28.6,EXT-OPEN-METEO-KHI,KARACHI,OPENSOURCE_API_GRID,800,,,,0.95,True,True,TIER2_OPENSOURCE_PURE;CONTINUOUS_MINUTE_STREAM;VERIFIED_MODEL_GRID,5f3415e72f273893b27fa8c69ff394025432d60fe489311697761cf912be8b95,2026-09-30T13:19:00+00:00,2026-09-30 18:19:00,66.6,1011.2,101
20.5,30.1,105.5,1866.2,541.8,84.3,10.5,8.4,2.1,445.2,278.5,12.3,5.7,56.2,27.6,20.85,False,4095,0.0,1.8,27.8,EXT-OPEN-METEO-KHI,KARACHI,OPENSOURCE_API_GRID,801,,,,0.95,True,True,TIER2_OPENSOURCE_PURE;CONTINUOUS_MINUTE_STREAM;VERIFIED_MODEL_GRID,8a833988a0e9b85368f1ac4590cde22f50aa09d8514f5e52ba4402e440e91653,2026-09-30T13:20:00+00:00,2026-09-30 18:20:00,66.7,1011.2,101
20.5,30.1,105.4,1866.2,541.8,84.3,10.5,8.4,2.1,445.3,278.3,12.4,5.7,56.1,27.6,20.87,False,4095,0.0,1.7,26.9,EXT-OPEN-METEO-KHI,KARACHI,OPENSOURCE_API_GRID,802,,,,0.95,True,True,TIER2_OPENSOURCE_PURE;CONTINUOUS_MINUTE_STREAM;VERIFIED_MODEL_GRID,37cd9f34c435af54d98bb154acb32ee3bdb8b4fc5aadab9af01acf6987085ea8,2026-09-30T13:21:00+00:00,2026-09-30 18:21:00,66.8,1011.2,101
20.5,30.1,105.2,1866.2,541.8,84.3,10.5,8.4,2.1,445.3,278.0,12.4,5.7,55.9,27.6,20.9,False,4095,0.0,1.7,26.0,EXT-OPEN-METEO-KHI,KARACHI,OPENSOURCE_API_GRID,803,,,,0.95,True,True,TIER2_OPENSOURCE_PURE;CONTINUOUS_MINUTE_STREAM;VERIFIED_MODEL_GRID,033522d3c8fb9b5d37a3672e1c1745ae090f4a8df51425e91e82ae260b90a911,2026-09-30T13:22:00+00:00,2026-09-30 18:22:00,66.9,1011.2,101
20.5,30.1,105.1,1866.2,541.8,84.3,10.5,8.4,2.1,445.3,277.8,12.5,5.7,55.8,27.6,20.92,False,4095,0.0,1.7,25.1,EXT-OPEN-METEO-KHI,KARACHI,OPENSOURCE_API_GRID,804,,,,0.95,True,True,TIER2_OPENSOURCE_PURE;CONTINUOUS_MINUTE_STREAM;VERIFIED_MODEL_GRID,29a11ccdd5036bb03b96e266de437cbc30c4ed8282cfb4a620f434ad864f0694,2026-09-30T13:23:00+00:00,2026-09-30 18:23:00,67.0,1011.2,101
20.5,30.1,105.0,1866.2,541.8,84.3,10.5,8.4,2.1,445.3,277.5,12.6,5.7,55.6,27.6,20.95,False,4095,0.0,1.7,24.2,EXT-OPEN-METEO-KHI,KARACHI,OPENSOURCE_API_GRID,805,,,,0.95,True,True,TIER2_OPENSOURCE_PURE;CONTINUOUS_MINUTE_STREAM;VERIFIED_MODEL_GRID,139af910bc32c5ace81b5cc7b86a5f1f93b786c318967691b1d2baabde52b389,2026-09-30T13:24:00+00:00,2026-09-30 18:24:00,67.1,1011.2,101
20.5,30.2,104.9,1872.4,543.6,84.6,10.6,8.4,2.1,445.4,277.3,12.6,5.7,55.4,27.6,20.97,False,4095,0.0,1.6,23.3,EXT-OPEN-METEO-KHI,KARACHI,OPENSOURCE_API_GRID,806,,,,0.95,True,True,TIER2_OPENSOURCE_PURE;CONTINUOUS_MINUTE_STREAM;VERIFIED_MODEL_GRID,6fb4b5516a1da5a0528c86a70155b61d6de8fb2a0f2ad724d7ed0df0c182698a,2026-09-30T13:25:00+00:00,2026-09-30 18:25:00,67.2,1011.2,101
20.4,30.0,104.6,1860.0,540.0,84.0,10.5,8.4,2.1,445.4,277.0,12.7,5.7,55.2,27.6,20.99,False,4095,0.0,1.6,22.3,EXT-OPEN-METEO-KHI,KARACHI,OPENSOURCE_API_GRID,807,,,,0.95,True,True,TIER2_OPENSOURCE_PURE;CONTINUOUS_MINUTE_STREAM;VERIFIED_MODEL_GRID,77c35235db9ef14b453bff39b3e40ae89ba98ca8c1dd676bf866330e34ca04a6,2026-09-30T13:26:00+00:00,2026-09-30 18:26:00,67.3,1011.3,101
20.5,30.1,104.4,1866.2,541.8,84.3,10.5,8.4,2.1,445.4,276.8,12.8,5.7,55.0,27.6,21.02,False,4095,0.0,1.6,21.4,EXT-OPEN-METEO-KHI,KARACHI,OPENSOURCE_API_GRID,808,,,,0.95,True,True,TIER2_OPENSOURCE_PURE;CONTINUOUS_MINUTE_STREAM;VERIFIED_MODEL_GRID,f466985160c64e371320258071bfa1c2cc12e64605f8ee053fc47fccfdaff5df,2026-09-30T13:27:00+00:00,2026-09-30 18:27:00,67.4,1011.3,101
20.5,30.1,104.3,1866.2,541.8,84.3,10.5,8.3,2.1,445.4,276.5,12.8,5.7,54.9,27.6,21.04,False,4095,0.0,1.6,20.4,EXT-OPEN-METEO-KHI,KARACHI,OPENSOURCE_API_GRID,809,,,,0.95,True,True,TIER2_OPENSOURCE_PURE;CONTINUOUS_MINUTE_STREAM;VERIFIED_MODEL_GRID,00d3549ea9c339ff89ca190f06424429bfedd97ac783709b6e1b68509bd0be4e,2026-09-30T13:28:00+00:00,2026-09-30 18:28:00,67.5,1011.3,101
20.5,30.1,104.1,1866.2,541.8,84.3,10.5,8.3,2.1,445.5,276.3,12.9,5.7,54.7,27.6,21.07,False,4095,0.0,1.5,19.5,EXT-OPEN-METEO-KHI,KARACHI,OPENSOURCE_API_GRID,810,,,,0.95,True,True,TIER2_OPENSOURCE_PURE;CONTINUOUS_MINUTE_STREAM;VERIFIED_MODEL_GRID,9ff0b5f615b27af62fc116488b11e61b2580255dc4ead0dc5400f686ecc82a05,2026-09-30T13:29:00+00:00,2026-09-30 18:29:00,67.6,1011.3,101
20.5,30.1,104.0,1866.2,541.8,84.3,10.5,8.3,2.1,445.5,276.0,12.9,5.7,54.5,27.6,21.07,False,4095,0.0,1.5,18.5,EXT-OPEN-METEO-KHI,KARACHI,OPENSOURCE_API_GRID,811,,,,0.95,True,True,TIER2_OPENSOURCE_PURE;CONTINUOUS_MINUTE_STREAM;VERIFIED_MODEL_GRID,ff19a5b8cf81eb0bbe54d0e1ea22260c282f367a497154903418496743b55eb8,2026-09-30T13:30:00+00:00,2026-09-30 18:30:00,67.6,1011.3,101
20.4,30.0,103.8,1860.0,540.0,84.0,10.5,8.3,2.1,445.5,275.7,13.0,5.7,54.3,27.6,21.09,False,4095,0.0,1.5,17.5,EXT-OPEN-METEO-KHI,KARACHI,OPENSOURCE_API_GRID,812,,,,0.95,True,True,TIER2_OPENSOURCE_PURE;CONTINUOUS_MINUTE_STREAM;VERIFIED_MODEL_GRID,4f201b363fb5dfb705729e4c01ee2ca43622f79c98a23b8e5a91a1b09265b01a,2026-09-30T13:31:00+00:00,2026-09-30 18:31:00,67.7,1011.3,101
20.4,30.0,103.6,1860.0,540.0,84.0,10.5,8.3,2.1,445.6,275.5,13.1,5.7,54.1,27.6,21.09,False,4095,0.0,1.4,16.6,EXT-OPEN-METEO-KHI,KARACHI,OPENSOURCE_API_GRID,813,,,,0.95,True,True,TIER2_OPENSOURCE_PURE;CONTINUOUS_MINUTE_STREAM;VERIFIED_MODEL_GRID,3d250e4c8d4df126d19d7b8df1cde12d80ed117cf77cdeaf1b59f7d245be9bfe,2026-09-30T13:32:00+00:00,2026-09-30 18:32:00,67.7,1011.3,101
20.4,30.0,103.4,1860.0,540.0,84.0,10.5,8.3,2.1,445.6,275.2,13.1,5.7,54.0,27.6,21.11,False,4095,0.0,1.4,15.6,EXT-OPEN-METEO-KHI,KARACHI,OPENSOURCE_API_GRID,814,,,,0.95,True,True,TIER2_OPENSOURCE_PURE;CONTINUOUS_MINUTE_STREAM;VERIFIED_MODEL_GRID,95d6c238fbf93265047f734fc27669624f4cf99e20e403a566c553ffc9c60467,2026-09-30T13:33:00+00:00,2026-09-30 18:33:00,67.8,1011.3,101
20.4,30.0,103.2,1860.0,540.0,84.0,10.5,8.3,2.1,445.6,275.0,13.2,5.7,53.8,27.5,21.02,False,4095,0.0,1.4,14.7,EXT-OPEN-METEO-KHI,KARACHI,OPENSOURCE_API_GRID,815,,,,0.95,True,True,TIER2_OPENSOURCE_PURE;CONTINUOUS_MINUTE_STREAM;VERIFIED_MODEL_GRID,3843c70f3df333e78ee8b9ddf00ff343032e3db1e0cb956c69aa93f10ce7382d,2026-09-30T13:34:00+00:00,2026-09-30 18:34:00,67.8,1011.4,101
20.3,29.9,103.0,1853.8,538.2,83.7,10.5,8.2,2.1,445.6,274.7,13.3,5.7,53.6,27.5,21.04,False,4095,0.0,1.4,13.7,EXT-OPEN-METEO-KHI,KARACHI,OPENSOURCE_API_GRID,816,,,,0.95,True,True,TIER2_OPENSOURCE_PURE;CONTINUOUS_MINUTE_STREAM;VERIFIED_MODEL_GRID,48fa7fe6c989c9634770d8d7e45a60f7ae07c99e206dbfd950cd42658c227b3a,2026-09-30T13:35:00+00:00,2026-09-30 18:35:00,67.9,1011.4,101
20.3,29.8,102.8,1847.6,536.4,83.4,10.4,8.2,2.1,445.7,274.5,13.3,5.7,53.4,27.5,21.04,False,4095,0.0,1.3,12.8,EXT-OPEN-METEO-KHI,KARACHI,OPENSOURCE_API_GRID,817,,,,0.95,True,True,TIER2_OPENSOURCE_PURE;CONTINUOUS_MINUTE_STREAM;VERIFIED_MODEL_GRID,2c7fc9711224f2db90a5240d16cdc31a3e45632a7290db2aac5e13c5d1662cb2,2026-09-30T13:36:00+00:00,2026-09-30 18:36:00,67.9,1011.4,101
20.3,29.8,102.6,1847.6,536.4,83.4,10.4,8.2,2.1,445.7,274.2,13.4,5.7,53.2,27.5,21.07,False,4095,0.0,1.3,11.9,EXT-OPEN-METEO-KHI,KARACHI,OPENSOURCE_API_GRID,818,,,,0.95,True,True,TIER2_OPENSOURCE_PURE;CONTINUOUS_MINUTE_STREAM;VERIFIED_MODEL_GRID,1ff8638496f174ae39e9ea80f7a5776537b095f0a052f9fd182bf0775febd1b6,2026-09-30T13:37:00+00:00,2026-09-30 18:37:00,68.0,1011.4,101
20.2,29.7,102.3,1841.4,534.6,83.2,10.4,8.2,2.0,445.7,274.0,13.5,5.7,53.1,27.5,21.07,False,4095,0.0,1.3,11.0,EXT-OPEN-METEO-KHI,KARACHI,OPENSOURCE_API_GRID,819,,,,0.95,True,True,TIER2_OPENSOURCE_PURE;CONTINUOUS_MINUTE_STREAM;VERIFIED_MODEL_GRID,7e9ccc07cb2862796f101261da329dc9dfd086259178e5ab993a8318e9cf3ee0,2026-09-30T13:38:00+00:00,2026-09-30 18:38:00,68.0,1011.4,101
20.1,29.6,102.1,1835.2,532.8,82.9,10.4,8.2,2.0,445.7,273.7,13.5,5.7,52.9,27.5,21.09,False,4095,0.0,1.3,10.1,EXT-OPEN-METEO-KHI,KARACHI,OPENSOURCE_API_GRID,820,,,,0.95,True,True,TIER2_OPENSOURCE_PURE;CONTINUOUS_MINUTE_STREAM;VERIFIED_MODEL_GRID,a4b4de6b3797b4a29f7f9d5d430cc06e9b222c404757c6222aa442202ac65d3e,2026-09-30T13:39:00+00:00,2026-09-30 18:39:00,68.1,1011.4,101
20.1,29.6,101.8,1835.2,532.8,82.9,10.4,8.1,2.0,445.8,273.5,13.6,5.7,52.8,27.4,21.0,False,4095,0.0,1.2,9.3,EXT-OPEN-METEO-KHI,KARACHI,OPENSOURCE_API_GRID,821,,,,0.95,True,True,TIER2_OPENSOURCE_PURE;CONTINUOUS_MINUTE_STREAM;VERIFIED_MODEL_GRID,9a402ce2ea5701207ecce10289d733b674218661f23b09021527dd97e589fce5,2026-09-30T13:40:00+00:00,2026-09-30 18:40:00,68.1,1011.4,101
20.1,29.5,101.6,1829.0,531.0,82.6,10.3,8.1,2.0,445.8,273.3,13.6,5.7,52.6,27.4,21.02,False,4095,0.0,1.2,8.4,EXT-OPEN-METEO-KHI,KARACHI,OPENSOURCE_API_GRID,822,,,,0.95,True,True,TIER2_OPENSOURCE_PURE;CONTINUOUS_MINUTE_STREAM;VERIFIED_MODEL_GRID,9e89fdb1d14459f8580d337ff89410da912c0a79b11ea989a1dfc74bc0dd9ba6,2026-09-30T13:41:00+00:00,2026-09-30 18:41:00,68.2,1011.4,101
20.0,29.4,101.4,1822.8,529.2,82.3,10.3,8.1,2.0,445.8,273.1,13.7,5.7,52.4,27.4,21.02,False,4095,0.0,1.2,7.6,EXT-OPEN-METEO-KHI,KARACHI,OPENSOURCE_API_GRID,823,,,,0.95,True,True,TIER2_OPENSOURCE_PURE;CONTINUOUS_MINUTE_STREAM;VERIFIED_MODEL_GRID,cb52c87cbaaa18171617ad5ac7b455eed3947d14030b2f4af430d0c6be0a1040,2026-09-30T13:42:00+00:00,2026-09-30 18:42:00,68.2,1011.4,101
19.9,29.3,101.1,1816.6,527.4,82.0,10.3,8.1,2.0,445.8,272.9,13.7,5.7,52.3,27.4,21.04,False,4095,0.0,1.2,6.9,EXT-OPEN-METEO-KHI,KARACHI,OPENSOURCE_API_GRID,824,,,,0.95,True,True,TIER2_OPENSOURCE_PURE;CONTINUOUS_MINUTE_STREAM;VERIFIED_MODEL_GRID,b650ae9bfb21637ec41cb92b17102f4ff6ee62ae2c9aea005b111b5742409970,2026-09-30T13:43:00+00:00,2026-09-30 18:43:00,68.3,1011.4,101
19.9,29.3,100.9,1816.6,527.4,82.0,10.3,8.1,2.0,445.8,272.7,13.8,5.7,52.2,27.4,21.07,False,4095,0.0,1.2,6.1,EXT-OPEN-METEO-KHI,KARACHI,OPENSOURCE_API_GRID,825,,,,0.95,True,True,TIER2_OPENSOURCE_PURE;CONTINUOUS_MINUTE_STREAM;VERIFIED_MODEL_GRID,444eb74bfac7645c5fce5daeebc8a64c3ebd560c533c5b4378d68504d2418a97,2026-09-30T13:44:00+00:00,2026-09-30 18:44:00,68.4,1011.4,101
19.9,29.2,100.8,1810.4,525.6,81.8,10.2,8.1,2.0,445.9,272.5,13.8,5.7,52.0,27.3,20.97,False,4095,0.0,1.1,5.4,EXT-OPEN-METEO-KHI,KARACHI,OPENSOURCE_API_GRID,826,,,,0.95,True,True,TIER2_OPENSOURCE_PURE;CONTINUOUS_MINUTE_STREAM;VERIFIED_MODEL_GRID,b2a13b10081745b09b5adb102a06a630b9e1409720b1b8690ccbb302af477fe6,2026-09-30T13:45:00+00:00,2026-09-30 18:45:00,68.4,1011.5,101
19.9,29.2,100.6,1810.4,525.6,81.8,10.2,8.0,2.0,445.9,272.3,13.9,5.7,51.9,27.3,21.0,False,4095,0.0,1.1,4.8,EXT-OPEN-METEO-KHI,KARACHI,OPENSOURCE_API_GRID,827,,,,0.95,True,True,TIER2_OPENSOURCE_PURE;CONTINUOUS_MINUTE_STREAM;VERIFIED_MODEL_GRID,c8edff1c734f5de11f7f4f2ef4b344508f702255b9a8a37b942a8d8475a0e1b8,2026-09-30T13:46:00+00:00,2026-09-30 18:46:00,68.5,1011.5,101
19.9,29.2,100.5,1810.4,525.6,81.8,10.2,8.0,2.0,445.9,272.1,13.9,5.7,51.8,27.3,21.0,False,4095,0.0,1.1,4.1,EXT-OPEN-METEO-KHI,KARACHI,OPENSOURCE_API_GRID,828,,,,0.95,True,True,TIER2_OPENSOURCE_PURE;CONTINUOUS_MINUTE_STREAM;VERIFIED_MODEL_GRID,73456f307984e87c38d9df114ece17a87a25338a49538379e6653602b2125b3d,2026-09-30T13:47:00+00:00,2026-09-30 18:47:00,68.5,1011.5,101
19.8,29.1,100.3,1804.2,523.8,81.5,10.2,8.0,2.0,445.9,272.0,14.0,5.7,51.7,27.3,21.02,False,4095,0.0,1.1,3.5,EXT-OPEN-METEO-KHI,KARACHI,OPENSOURCE_API_GRID,829,,,,0.95,True,True,TIER2_OPENSOURCE_PURE;CONTINUOUS_MINUTE_STREAM;VERIFIED_MODEL_GRID,7244555c31326ba8a999846334676de03dfca83da3cfbf3b4f3196d0f19ceae1,2026-09-30T13:48:00+00:00,2026-09-30 18:48:00,68.6,1011.5,101
19.8,29.1,100.2,1804.2,523.8,81.5,10.2,8.0,2.0,445.9,271.8,14.0,5.7,51.6,27.3,21.02,False,4095,0.0,1.1,3.0,EXT-OPEN-METEO-KHI,KARACHI,OPENSOURCE_API_GRID,830,,,,0.95,True,True,TIER2_OPENSOURCE_PURE;CONTINUOUS_MINUTE_STREAM;VERIFIED_MODEL_GRID,e1027c396cfe4aed051f90268968bb14b250d4cdf7e9980c0570ce4637200b5a,2026-09-30T13:49:00+00:00,2026-09-30 18:49:00,68.6,1011.5,101
19.8,29.1,100.2,1804.2,523.8,81.5,10.2,8.0,2.0,445.9,271.7,14.0,5.7,51.5,27.3,21.04,False,4095,0.0,1.1,2.5,EXT-OPEN-METEO-KHI,KARACHI,OPENSOURCE_API_GRID,831,,,,0.95,True,True,TIER2_OPENSOURCE_PURE;CONTINUOUS_MINUTE_STREAM;VERIFIED_MODEL_GRID,7bc4a2b311f42339adfe20a1b0f315440b8332ad999311d46edff5edd79b3304,2026-09-30T13:50:00+00:00,2026-09-30 18:50:00,68.7,1011.5,101
19.8,29.1,100.1,1804.2,523.8,81.5,10.2,8.0,2.0,445.9,271.5,14.1,5.7,51.4,27.3,21.07,False,4095,0.0,1.1,2.0,EXT-OPEN-METEO-KHI,KARACHI,OPENSOURCE_API_GRID,832,,,,0.95,True,True,TIER2_OPENSOURCE_PURE;CONTINUOUS_MINUTE_STREAM;VERIFIED_MODEL_GRID,c26cc44668e3225f0a3e9188a67105e11c81b3fbbff6609d10a53820066de331,2026-09-30T13:51:00+00:00,2026-09-30 18:51:00,68.8,1011.5,101
19.9,29.2,100.1,1810.4,525.6,81.8,10.2,8.0,2.0,446.0,271.4,14.1,5.7,51.3,27.3,21.07,False,4095,0.0,1.0,1.6,EXT-OPEN-METEO-KHI,KARACHI,OPENSOURCE_API_GRID,833,,,,0.95,True,True,TIER2_OPENSOURCE_PURE;CONTINUOUS_MINUTE_STREAM;VERIFIED_MODEL_GRID,1c28c5883fb54c1b4670d7ffc5ae2a56bd18513412bed33da78b55768830da73,2026-09-30T13:52:00+00:00,2026-09-30 18:52:00,68.8,1011.5,101
19.9,29.2,100.1,1810.4,525.6,81.8,10.2,8.0,2.0,446.0,271.3,14.1,5.7,51.2,27.3,21.09,False,4095,0.0,1.0,1.2,EXT-OPEN-METEO-KHI,KARACHI,OPENSOURCE_API_GRID,834,,,,0.95,True,True,TIER2_OPENSOURCE_PURE;CONTINUOUS_MINUTE_STREAM;VERIFIED_MODEL_GRID,e0cf649a613677336b2490243926e47b054972acf44496cea3dd62989a447c7c,2026-09-30T13:53:00+00:00,2026-09-30 18:53:00,68.9,1011.5,101
19.9,29.2,100.1,1810.4,525.6,81.8,10.2,8.0,2.0,446.0,271.2,14.1,5.7,51.2,27.3,21.09,False,4095,0.0,1.0,0.9,EXT-OPEN-METEO-KHI,KARACHI,OPENSOURCE_API_GRID,835,,,,0.95,True,True,TIER2_OPENSOURCE_PURE;CONTINUOUS_MINUTE_STREAM;VERIFIED_MODEL_GRID,6c6708bfb11134c7e8a61477f2029f5a41e6c0abfcf1122bd6406d594aeee31c,2026-09-30T13:54:00+00:00,2026-09-30 18:54:00,68.9,1011.5,101
19.9,29.3,100.1,1816.6,527.4,82.0,10.3,8.0,2.0,446.0,271.2,14.2,5.7,51.1,27.3,21.11,False,4095,0.0,1.0,0.6,EXT-OPEN-METEO-KHI,KARACHI,OPENSOURCE_API_GRID,836,,,,0.95,True,True,TIER2_OPENSOURCE_PURE;CONTINUOUS_MINUTE_STREAM;VERIFIED_MODEL_GRID,9d15dbf8710e00cda82e692b5de1becf72e8400479c450b29d2e1427a2bd9344,2026-09-30T13:55:00+00:00,2026-09-30 18:55:00,69.0,1011.5,101
19.9,29.3,100.1,1816.6,527.4,82.0,10.3,8.0,2.0,446.0,271.1,14.2,5.7,51.1,27.3,21.11,False,4095,0.0,1.0,0.4,EXT-OPEN-METEO-KHI,KARACHI,OPENSOURCE_API_GRID,837,,,,0.95,True,True,TIER2_OPENSOURCE_PURE;CONTINUOUS_MINUTE_STREAM;VERIFIED_MODEL_GRID,a0a0baaec4405ba81c6d7dfec7abcf82bd4be2e254910c6e9706fb8393685e3d,2026-09-30T13:56:00+00:00,2026-09-30 18:56:00,69.0,1011.5,101
19.9,29.2,99.9,1810.4,525.6,81.8,10.2,8.0,2.0,446.0,271.1,14.2,5.7,51.0,27.3,21.14,False,4095,0.0,1.0,0.2,EXT-OPEN-METEO-KHI,KARACHI,OPENSOURCE_API_GRID,838,,,,0.95,True,True,TIER2_OPENSOURCE_PURE;CONTINUOUS_MINUTE_STREAM;VERIFIED_MODEL_GRID,63e45f1b1459a5389ca570492eb68973cb3162167fbffc07de10ebba3432d2b5,2026-09-30T13:57:00+00:00,2026-09-30 18:57:00,69.1,1011.5,101
19.9,29.2,100.0,1810.4,525.6,81.8,10.2,8.0,2.0,446.0,271.0,14.2,5.7,51.0,27.3,21.14,False,4095,0.0,1.0,0.1,EXT-OPEN-METEO-KHI,KARACHI,OPENSOURCE_API_GRID,839,,,,0.95,True,True,TIER2_OPENSOURCE_PURE;CONTINUOUS_MINUTE_STREAM;VERIFIED_MODEL_GRID,1006306be38a6d08c3b45376f3da1f22d5088f2c24b70421871b4ab1dbe47b84,2026-09-30T13:58:00+00:00,2026-09-30 18:58:00,69.1,1011.5,101
19.9,29.3,100.0,1816.6,527.4,82.0,10.3,8.0,2.0,446.0,271.0,14.2,5.7,51.0,27.3,21.14,False,4095,0.0,1.0,0.0,EXT-OPEN-METEO-KHI,KARACHI,OPENSOURCE_API_GRID,840,,,,0.95,True,True,TIER2_OPENSOURCE_PURE;CONTINUOUS_MINUTE_STREAM;VERIFIED_MODEL_GRID,34567538711c0255bdfef3616303a35525d7aacd47cabc86dae8974e6ccc4cdd,2026-09-30T13:59:00+00:00,2026-09-30 18:59:00,69.1,1011.5,101
19.9,29.3,100.1,1816.6,527.4,82.0,10.3,8.0,2.0,446.0,271.0,14.2,5.7,51.0,27.3,21.14,False,4095,0.0,1.0,0.0,EXT-OPEN-METEO-KHI,KARACHI,OPENSOURCE_API_GRID,841,,,,0.95,True,False,TIER2_OPENSOURCE_PURE;HOURLY_NODE;VERIFIED_MODEL_GRID,e374ae781c53e3fdc1f2254779fe3b566f038f3d8edc88b5f01f35cc9916a7c6,2026-09-30T14:00:00+00:00,2026-09-30 19:00:00,69.1,1011.5,100
20.0,29.4,100.1,1822.8,529.2,82.3,10.3,8.0,2.0,446.0,271.0,14.2,5.7,51.0,27.3,21.14,False,4095,0.0,1.0,0.0,EXT-OPEN-METEO-KHI,KARACHI,OPENSOURCE_API_GRID,842,,,,0.95,True,True,TIER2_OPENSOURCE_PURE;CONTINUOUS_MINUTE_STREAM;VERIFIED_MODEL_GRID,28a51258238d9e41143a2fb2f507b2312a7f6c9ac22f67ee715701d87e43bb83,2026-09-30T14:01:00+00:00,2026-09-30 19:01:00,69.1,1011.5,100
20.0,29.4,100.1,1822.8,529.2,82.3,10.3,8.0,2.0,446.0,271.0,14.2,5.7,51.0,27.3,21.14,False,4095,0.0,1.0,0.0,EXT-OPEN-METEO-KHI,KARACHI,OPENSOURCE_API_GRID,843,,,,0.95,True,True,TIER2_OPENSOURCE_PURE;CONTINUOUS_MINUTE_STREAM;VERIFIED_MODEL_GRID,16aaeafc72aaa8afc489c3c4de14a804954cb1604aa4c9d8737eaedb5eb1b58e,2026-09-30T14:02:00+00:00,2026-09-30 19:02:00,69.1,1011.5,100
20.0,29.4,100.1,1822.8,529.2,82.3,10.3,8.0,2.0,446.0,271.0,14.2,5.7,51.0,27.3,21.14,False,4095,0.0,1.0,0.0,EXT-OPEN-METEO-KHI,KARACHI,OPENSOURCE_API_GRID,844,,,,0.95,True,True,TIER2_OPENSOURCE_PURE;CONTINUOUS_MINUTE_STREAM;VERIFIED_MODEL_GRID,5168a665223a9a4e1e749766b80c0f495036a8d126969870db144f99c4863675,2026-09-30T14:03:00+00:00,2026-09-30 19:03:00,69.1,1011.5,100
20.0,29.4,100.1,1822.8,529.2,82.3,10.3,8.0,2.0,446.0,270.9,14.2,5.7,50.9,27.3,21.14,False,4095,0.0,1.0,0.0,EXT-OPEN-METEO-KHI,KARACHI,OPENSOURCE_API_GRID,845,,,,0.95,True,True,TIER2_OPENSOURCE_PURE;CONTINUOUS_MINUTE_STREAM;VERIFIED_MODEL_GRID,a6b9ff591acf94c7a4d198c0920928ed21bcceb95c896f1fce0b6b5754977d19,2026-09-30T14:04:00+00:00,2026-09-30 19:04:00,69.1,1011.5,100
20.0,29.4,100.0,1822.8,529.2,82.3,10.3,8.0,2.0,446.0,270.9,14.2,5.7,50.9,27.3,21.14,False,4095,0.0,1.1,0.0,EXT-OPEN-METEO-KHI,KARACHI,OPENSOURCE_API_GRID,846,,,,0.95,True,True,TIER2_OPENSOURCE_PURE;CONTINUOUS_MINUTE_STREAM;VERIFIED_MODEL_GRID,7b46aac7cd714a20911290c65e237234d6e4465a707ad9cfeb0a3e325840cd6a,2026-09-30T14:05:00+00:00,2026-09-30 19:05:00,69.1,1011.5,100
20.0,29.4,99.9,1822.8,529.2,82.3,10.3,8.0,2.0,446.0,270.8,14.3,5.7,50.9,27.3,21.11,False,4095,0.0,1.1,0.0,EXT-OPEN-METEO-KHI,KARACHI,OPENSOURCE_API_GRID,847,,,,0.95,True,True,TIER2_OPENSOURCE_PURE;CONTINUOUS_MINUTE_STREAM;VERIFIED_MODEL_GRID,14ea2f6b63db6cf5f41bd930f70d20d6f766f77f966d27b67f24c3a733911ef9,2026-09-30T14:06:00+00:00,2026-09-30 19:06:00,69.0,1011.5,100
19.9,29.3,99.8,1816.6,527.4,82.0,10.3,8.0,2.0,446.0,270.7,14.3,5.7,50.8,27.3,21.11,False,4095,0.0,1.1,0.0,EXT-OPEN-METEO-KHI,KARACHI,OPENSOURCE_API_GRID,848,,,,0.95,True,True,TIER2_OPENSOURCE_PURE;CONTINUOUS_MINUTE_STREAM;VERIFIED_MODEL_GRID,4663d428396930cf6f85815ef4b755a2f7b2d99740f551b7815e3f69875e0c1e,2026-09-30T14:07:00+00:00,2026-09-30 19:07:00,69.0,1011.5,100
19.9,29.3,99.7,1816.6,527.4,82.0,10.3,8.0,2.0,446.0,270.7,14.3,5.7,50.8,27.3,21.11,False,4095,0.0,1.2,0.0,EXT-OPEN-METEO-KHI,KARACHI,OPENSOURCE_API_GRID,849,,,,0.95,True,True,TIER2_OPENSOURCE_PURE;CONTINUOUS_MINUTE_STREAM;VERIFIED_MODEL_GRID,d2cc9b44ca4e2ef7f4c9bf2e89287b9c68e061a5cbe1dbd6c4375ddd94a8a1ec,2026-09-30T14:08:00+00:00,2026-09-30 19:08:00,69.0,1011.5,100
19.9,29.3,99.5,1816.6,527.4,82.0,10.3,8.0,2.0,446.0,270.6,14.3,5.7,50.7,27.3,21.11,False,4095,0.0,1.2,0.0,EXT-OPEN-METEO-KHI,KARACHI,OPENSOURCE_API_GRID,850,,,,0.95,True,True,TIER2_OPENSOURCE_PURE;CONTINUOUS_MINUTE_STREAM;VERIFIED_MODEL_GRID,4d23641412c86a5e1eb856a6f47c5660ef085d00c5e920fd4cf7d3bd22b2f64d,2026-09-30T14:09:00+00:00,2026-09-30 19:09:00,69.0,1011.5,100
19.9,29.2,99.3,1810.4,525.6,81.8,10.2,7.9,2.0,446.0,270.5,14.4,5.7,50.7,27.3,21.11,False,4095,0.0,1.3,0.0,EXT-OPEN-METEO-KHI,KARACHI,OPENSOURCE_API_GRID,851,,,,0.95,True,True,TIER2_OPENSOURCE_PURE;CONTINUOUS_MINUTE_STREAM;VERIFIED_MODEL_GRID,fa566cd80b4a3728f83807b623ebc5b6da2ad04d745da5c07fd390e24136751d,2026-09-30T14:10:00+00:00,2026-09-30 19:10:00,69.0,1011.6,100
19.9,29.2,99.1,1810.4,525.6,81.8,10.2,7.9,2.0,446.0,270.4,14.4,5.7,50.6,27.3,21.11,False,4095,0.0,1.3,0.0,EXT-OPEN-METEO-KHI,KARACHI,OPENSOURCE_API_GRID,852,,,,0.95,True,True,TIER2_OPENSOURCE_PURE;CONTINUOUS_MINUTE_STREAM;VERIFIED_MODEL_GRID,2013bec177a6805d592347efe0a9dad8c8b87b1d51fcbe22338c8d135c2a85d9,2026-09-30T14:11:00+00:00,2026-09-30 19:11:00,69.0,1011.6,100
19.8,29.1,98.9,1804.2,523.8,81.5,10.2,7.9,2.0,446.0,270.2,14.4,5.7,50.5,27.3,21.11,False,4095,0.0,1.4,0.0,EXT-OPEN-METEO-KHI,KARACHI,OPENSOURCE_API_GRID,853,,,,0.95,True,True,TIER2_OPENSOURCE_PURE;CONTINUOUS_MINUTE_STREAM;VERIFIED_MODEL_GRID,214df29fcb2155651a224467b429f33a0f22c2c65dacc1a37a0967260275debb,2026-09-30T14:12:00+00:00,2026-09-30 19:12:00,69.0,1011.6,100
19.8,29.1,98.7,1804.2,523.8,81.5,10.2,7.9,2.0,446.0,270.1,14.5,5.7,50.4,27.3,21.11,False,4095,0.0,1.4,0.0,EXT-OPEN-METEO-KHI,KARACHI,OPENSOURCE_API_GRID,854,,,,0.95,True,True,TIER2_OPENSOURCE_PURE;CONTINUOUS_MINUTE_STREAM;VERIFIED_MODEL_GRID,363b6f0eab1b2dfb911f15ce997a3cc91ccb704f0585ab0c4bb31b5e161f52e3,2026-09-30T14:13:00+00:00,2026-09-30 19:13:00,69.0,1011.6,100
19.7,29.0,98.5,1798.0,522.0,81.2,10.1,7.9,2.0,446.0,270.0,14.5,5.7,50.4,27.3,21.11,False,4095,0.0,1.5,0.0,EXT-OPEN-METEO-KHI,KARACHI,OPENSOURCE_API_GRID,855,,,,0.95,True,True,TIER2_OPENSOURCE_PURE;CONTINUOUS_MINUTE_STREAM;VERIFIED_MODEL_GRID,989433d1a43e845c1cf488cfbe44dafff4bf592084c4a6bd538e7a8367682d61,2026-09-30T14:14:00+00:00,2026-09-30 19:14:00,69.0,1011.6,100
19.7,29.0,98.2,1798.0,522.0,81.2,10.1,7.9,2.0,446.0,269.8,14.6,5.7,50.3,27.2,21.02,False,4095,0.0,1.6,0.0,EXT-OPEN-METEO-KHI,KARACHI,OPENSOURCE_API_GRID,856,,,,0.95,True,True,TIER2_OPENSOURCE_PURE;CONTINUOUS_MINUTE_STREAM;VERIFIED_MODEL_GRID,3c140e2ca9c936c496a614e63d1302e2b3afdd8952651e870587401bc886b39d,2026-09-30T14:15:00+00:00,2026-09-30 19:15:00,69.0,1011.6,100
19.7,28.9,98.0,1791.8,520.2,80.9,10.1,7.8,2.0,446.0,269.7,14.6,5.7,50.2,27.2,21.02,False,4095,0.0,1.7,0.0,EXT-OPEN-METEO-KHI,KARACHI,OPENSOURCE_API_GRID,857,,,,0.95,True,True,TIER2_OPENSOURCE_PURE;CONTINUOUS_MINUTE_STREAM;VERIFIED_MODEL_GRID,ec805969527ff5a81db2cf82b3869f7767b61924ed47e5b504aa5113d2dc1200,2026-09-30T14:16:00+00:00,2026-09-30 19:16:00,69.0,1011.6,100
19.7,28.9,97.8,1791.8,520.2,80.9,10.1,7.8,2.0,446.0,269.5,14.6,5.7,50.1,27.2,21.02,False,4095,0.0,1.7,0.0,EXT-OPEN-METEO-KHI,KARACHI,OPENSOURCE_API_GRID,858,,,,0.95,True,True,TIER2_OPENSOURCE_PURE;CONTINUOUS_MINUTE_STREAM;VERIFIED_MODEL_GRID,32c2408d5ef5c273218d59eb4a8bdf71583fd8032fe75e080ada7a5b7eb73447,2026-09-30T14:17:00+00:00,2026-09-30 19:17:00,69.0,1011.6,100
19.7,28.9,97.6,1791.8,520.2,80.9,10.1,7.8,2.0,446.0,269.4,14.7,5.7,50.0,27.2,21.04,False,4095,0.0,1.8,0.0,EXT-OPEN-METEO-KHI,KARACHI,OPENSOURCE_API_GRID,859,,,,0.95,True,True,TIER2_OPENSOURCE_PURE;CONTINUOUS_MINUTE_STREAM;VERIFIED_MODEL_GRID,39678128e03c8675124af1ed2ebbf3ae2c79565c6941e1105e4763425fc6ac78,2026-09-30T14:18:00+00:00,2026-09-30 19:18:00,69.1,1011.6,100
19.7,28.9,97.4,1791.8,520.2,80.9,10.1,7.8,1.9,446.0,269.2,14.7,5.7,49.9,27.2,21.04,False,4095,0.0,1.9,0.0,EXT-OPEN-METEO-KHI,KARACHI,OPENSOURCE_API_GRID,860,,,,0.95,True,True,TIER2_OPENSOURCE_PURE;CONTINUOUS_MINUTE_STREAM;VERIFIED_MODEL_GRID,b410924db4bf3bdfa591cd6ce9cfa9d71d806b7451c50116b92f475ab2540984,2026-09-30T14:19:00+00:00,2026-09-30 19:19:00,69.1,1011.6,100
19.7,28.9,97.2,1791.8,520.2,80.9,10.1,7.8,1.9,446.0,269.0,14.8,5.8,49.8,27.2,21.04,False,4095,0.0,2.0,0.0,EXT-OPEN-METEO-KHI,KARACHI,OPENSOURCE_API_GRID,861,,,,0.95,True,True,TIER2_OPENSOURCE_PURE;CONTINUOUS_MINUTE_STREAM;VERIFIED_MODEL_GRID,e205a9e754852777fe78702635e8bb8a0f49aadf84a5ef8e19c0cfa48ed1e515,2026-09-30T14:20:00+00:00,2026-09-30 19:20:00,69.1,1011.6,100
19.7,28.9,97.0,1791.8,520.2,80.9,10.1,7.8,1.9,446.0,268.8,14.9,5.8,49.6,27.2,21.07,False,4095,0.0,2.1,0.0,EXT-OPEN-METEO-KHI,KARACHI,OPENSOURCE_API_GRID,862,,,,0.95,True,True,TIER2_OPENSOURCE_PURE;CONTINUOUS_MINUTE_STREAM;VERIFIED_MODEL_GRID,e4e47eff920b2fb9caf7717f5264581c0096ec0f682643d206b86720bf86c0da,2026-09-30T14:21:00+00:00,2026-09-30 19:21:00,69.2,1011.6,100
19.7,28.9,96.8,1791.8,520.2,80.9,10.1,7.7,1.9,446.0,268.6,14.9,5.8,49.5,27.2,21.07,False,4095,0.0,2.2,0.0,EXT-OPEN-METEO-KHI,KARACHI,OPENSOURCE_API_GRID,863,,,,0.95,True,True,TIER2_OPENSOURCE_PURE;CONTINUOUS_MINUTE_STREAM;VERIFIED_MODEL_GRID,8237d520f3e7bdf2b4d4d0afd73a8bb132fda35333dded126030b07d52b65cd9,2026-09-30T14:22:00+00:00,2026-09-30 19:22:00,69.2,1011.6,100
19.7,28.9,96.6,1791.8,520.2,80.9,10.1,7.7,1.9,446.0,268.4,15.0,5.8,49.4,27.2,21.09,False,4095,0.0,2.3,0.0,EXT-OPEN-METEO-KHI,KARACHI,OPENSOURCE_API_GRID,864,,,,0.95,True,True,TIER2_OPENSOURCE_PURE;CONTINUOUS_MINUTE_STREAM;VERIFIED_MODEL_GRID,f824d14b6e5a7e17bdf9d54dca833ad782d9e557d8868350b773ead97cbbd905,2026-09-30T14:23:00+00:00,2026-09-30 19:23:00,69.3,1011.7,100
19.7,28.9,96.4,1791.8,520.2,80.9,10.1,7.7,1.9,446.0,268.2,15.0,5.8,49.3,27.2,21.09,False,4095,0.0,2.4,0.0,EXT-OPEN-METEO-KHI,KARACHI,OPENSOURCE_API_GRID,865,,,,0.95,True,True,TIER2_OPENSOURCE_PURE;CONTINUOUS_MINUTE_STREAM;VERIFIED_MODEL_GRID,0c7fad2800ee56864e85162f1d44def8d1bf7a9321133d7e4b988efb8ba1d86b,2026-09-30T14:24:00+00:00,2026-09-30 19:24:00,69.3,1011.7,100
19.7,29.0,96.2,1798.0,522.0,81.2,10.1,7.7,1.9,446.0,268.0,15.1,5.8,49.1,27.2,21.11,False,4095,0.0,2.5,0.0,EXT-OPEN-METEO-KHI,KARACHI,OPENSOURCE_API_GRID,866,,,,0.95,True,True,TIER2_OPENSOURCE_PURE;CONTINUOUS_MINUTE_STREAM;VERIFIED_MODEL_GRID,37e4e170fd597e9a55382bafd8922b85f596f81b3c88c509d5345a1084080ed4,2026-09-30T14:25:00+00:00,2026-09-30 19:25:00,69.4,1011.7,100
19.7,29.0,96.1,1798.0,522.0,81.2,10.1,7.7,1.9,446.0,267.8,15.2,5.8,49.0,27.2,21.11,False,4095,0.0,2.6,0.0,EXT-OPEN-METEO-KHI,KARACHI,OPENSOURCE_API_GRID,867,,,,0.95,True,True,TIER2_OPENSOURCE_PURE;CONTINUOUS_MINUTE_STREAM;VERIFIED_MODEL_GRID,db006cad25b254633059ee9b7d9acc254ece97074826dbc0b61ce56b7ec578bd,2026-09-30T14:26:00+00:00,2026-09-30 19:26:00,69.4,1011.7,100
19.7,29.0,95.9,1798.0,522.0,81.2,10.1,7.7,1.9,446.0,267.6,15.2,5.8,48.9,27.2,21.14,False,4095,0.0,2.7,0.0,EXT-OPEN-METEO-KHI,KARACHI,OPENSOURCE_API_GRID,868,,,,0.95,True,True,TIER2_OPENSOURCE_PURE;CONTINUOUS_MINUTE_STREAM;VERIFIED_MODEL_GRID,544f91fad28d90c60c126ee036fa4e23fe09c21a1e71b89c1cddef4afe163394,2026-09-30T14:27:00+00:00,2026-09-30 19:27:00,69.5,1011.7,100
19.7,28.9,95.5,1791.8,520.2,80.9,10.1,7.6,1.9,446.0,267.4,15.3,5.8,48.8,27.2,21.16,False,4095,0.0,2.8,0.0,EXT-OPEN-METEO-KHI,KARACHI,OPENSOURCE_API_GRID,869,,,,0.95,True,True,TIER2_OPENSOURCE_PURE;CONTINUOUS_MINUTE_STREAM;VERIFIED_MODEL_GRID,b48bea9f121f777da1cde364c6016a10f28700a63955b83dcf42d9786e0df0c3,2026-09-30T14:28:00+00:00,2026-09-30 19:28:00,69.6,1011.7,100
19.7,29.0,95.3,1798.0,522.0,81.2,10.1,7.6,1.9,446.0,267.2,15.3,5.8,48.6,27.2,21.16,False,4095,0.0,2.9,0.0,EXT-OPEN-METEO-KHI,KARACHI,OPENSOURCE_API_GRID,870,,,,0.95,True,True,TIER2_OPENSOURCE_PURE;CONTINUOUS_MINUTE_STREAM;VERIFIED_MODEL_GRID,c09e8d56211141671463934df2a2a96bb597f8ee57c606bfb1e63d02262b633c,2026-09-30T14:29:00+00:00,2026-09-30 19:29:00,69.6,1011.7,100
19.7,29.0,95.1,1798.0,522.0,81.2,10.1,7.6,1.9,446.0,267.0,15.4,5.8,48.5,27.2,21.16,False,4095,0.0,3.0,0.0,EXT-OPEN-METEO-KHI,KARACHI,OPENSOURCE_API_GRID,871,,,,0.95,True,True,TIER2_OPENSOURCE_PURE;CONTINUOUS_MINUTE_STREAM;VERIFIED_MODEL_GRID,090102a5f33aa19b9de51f5aa63796863fd6464ccd31d8064e40436d0e4646e7,2026-09-30T14:30:00+00:00,2026-09-30 19:30:00,69.6,1011.8,100
19.7,29.0,94.9,1798.0,522.0,81.2,10.1,7.6,1.9,446.0,266.8,15.5,5.8,48.4,27.2,21.18,False,4095,0.0,3.1,0.0,EXT-OPEN-METEO-KHI,KARACHI,OPENSOURCE_API_GRID,872,,,,0.95,True,True,TIER2_OPENSOURCE_PURE;CONTINUOUS_MINUTE_STREAM;VERIFIED_MODEL_GRID,acf757d6567d5da49d4f1ea09aa3ac40db161eaad247f120e787d99aa2a09467,2026-09-30T14:31:00+00:00,2026-09-30 19:31:00,69.7,1011.8,100
19.7,29.0,94.7,1798.0,522.0,81.2,10.1,7.6,1.9,446.0,266.6,15.5,5.8,48.2,27.2,21.18,False,4095,0.0,3.2,0.0,EXT-OPEN-METEO-KHI,KARACHI,OPENSOURCE_API_GRID,873,,,,0.95,True,True,TIER2_OPENSOURCE_PURE;CONTINUOUS_MINUTE_STREAM;VERIFIED_MODEL_GRID,def1ef5ef6dcf1e3d5678c283943ede137b037aa4bcf6aa38aab7fd13d11e0d0,2026-09-30T14:32:00+00:00,2026-09-30 19:32:00,69.7,1011.8,100
19.7,29.0,94.5,1798.0,522.0,81.2,10.1,7.6,1.9,446.0,266.4,15.6,5.8,48.1,27.2,21.18,False,4095,0.0,3.3,0.0,EXT-OPEN-METEO-KHI,KARACHI,OPENSOURCE_API_GRID,874,,,,0.95,True,True,TIER2_OPENSOURCE_PURE;CONTINUOUS_MINUTE_STREAM;VERIFIED_MODEL_GRID,538cc7c773c3cfa5aeef0dcc6f0d4768f01579235e78576f7044d10efa391220,2026-09-30T14:33:00+00:00,2026-09-30 19:33:00,69.7,1011.8,100
19.7,29.0,94.3,1798.0,522.0,81.2,10.1,7.5,1.9,446.0,266.2,15.6,5.8,48.0,27.2,21.18,False,4095,0.0,3.4,0.0,EXT-OPEN-METEO-KHI,KARACHI,OPENSOURCE_API_GRID,875,,,,0.95,True,True,TIER2_OPENSOURCE_PURE;CONTINUOUS_MINUTE_STREAM;VERIFIED_MODEL_GRID,6c4b52b2fc803590da95f27e3b49d06e0cd6732407156089fb1d124756d9f878,2026-09-30T14:34:00+00:00,2026-09-30 19:34:00,69.7,1011.8,100
19.7,29.0,94.0,1798.0,522.0,81.2,10.1,7.5,1.9,446.0,266.0,15.7,5.8,47.9,27.2,21.18,False,4095,0.0,3.5,0.0,EXT-OPEN-METEO-KHI,KARACHI,OPENSOURCE_API_GRID,876,,,,0.95,True,True,TIER2_OPENSOURCE_PURE;CONTINUOUS_MINUTE_STREAM;VERIFIED_MODEL_GRID,cdae1def45ecf593862e8d9ff6d2afdcb5810a43c2094a62006d8346bda1df89,2026-09-30T14:35:00+00:00,2026-09-30 19:35:00,69.7,1011.8,100
19.7,29.0,93.8,1798.0,522.0,81.2,10.1,7.5,1.9,446.0,265.8,15.8,5.8,47.7,27.2,21.18,False,4095,0.0,3.6,0.0,EXT-OPEN-METEO-KHI,KARACHI,OPENSOURCE_API_GRID,877,,,,0.95,True,True,TIER2_OPENSOURCE_PURE;CONTINUOUS_MINUTE_STREAM;VERIFIED_MODEL_GRID,fe5e96faed01ed678b6d69e846b8565ed32cd611eca34c1b070fdff94c637800,2026-09-30T14:36:00+00:00,2026-09-30 19:36:00,69.7,1011.8,100
19.7,29.0,93.5,1798.0,522.0,81.2,10.1,7.5,1.9,446.0,265.6,15.8,5.8,47.6,27.2,21.18,False,4095,0.0,3.7,0.0,EXT-OPEN-METEO-KHI,KARACHI,OPENSOURCE_API_GRID,878,,,,0.95,True,True,TIER2_OPENSOURCE_PURE;CONTINUOUS_MINUTE_STREAM;VERIFIED_MODEL_GRID,6ffbf79648af0eac62755bdf692fd7db4c729abe88f36b5cce9543c7cfcc4711,2026-09-30T14:37:00+00:00,2026-09-30 19:37:00,69.7,1011.9,100
19.7,28.9,93.2,1791.8,520.2,80.9,10.1,7.5,1.9,446.0,265.4,15.9,5.8,47.5,27.2,21.18,False,4095,0.0,3.8,0.0,EXT-OPEN-METEO-KHI,KARACHI,OPENSOURCE_API_GRID,879,,,,0.95,True,True,TIER2_OPENSOURCE_PURE;CONTINUOUS_MINUTE_STREAM;VERIFIED_MODEL_GRID,6e0bb6d7540e0812d528b0b5a814e157f92b951256788449a9838d962536712f,2026-09-30T14:38:00+00:00,2026-09-30 19:38:00,69.7,1011.9,100
19.7,28.9,93.0,1791.8,520.2,80.9,10.1,7.4,1.9,446.0,265.2,15.9,5.8,47.4,27.2,21.18,False,4095,0.0,3.9,0.0,EXT-OPEN-METEO-KHI,KARACHI,OPENSOURCE_API_GRID,880,,,,0.95,True,True,TIER2_OPENSOURCE_PURE;CONTINUOUS_MINUTE_STREAM;VERIFIED_MODEL_GRID,33c2321226d871bc11e2ebecccb213c42bf181630ecf118a0a58bd412bd008d0,2026-09-30T14:39:00+00:00,2026-09-30 19:39:00,69.7,1011.9,100
19.6,28.8,92.7,1785.6,518.4,80.6,10.1,7.4,1.9,446.0,265.0,16.0,5.9,47.2,27.2,21.18,False,4095,0.0,4.0,0.0,EXT-OPEN-METEO-KHI,KARACHI,OPENSOURCE_API_GRID,881,,,,0.95,True,True,TIER2_OPENSOURCE_PURE;CONTINUOUS_MINUTE_STREAM;VERIFIED_MODEL_GRID,5652134c951762f9f81aadcca20b1e899aae35441d5909d74e286c69e52fc85b,2026-09-30T14:40:00+00:00,2026-09-30 19:40:00,69.7,1011.9,100
19.6,28.8,92.4,1785.6,518.4,80.6,10.1,7.4,1.8,446.0,264.8,16.1,5.9,47.1,27.2,21.18,False,4095,0.0,4.1,0.0,EXT-OPEN-METEO-KHI,KARACHI,OPENSOURCE_API_GRID,882,,,,0.95,True,True,TIER2_OPENSOURCE_PURE;CONTINUOUS_MINUTE_STREAM;VERIFIED_MODEL_GRID,71a81a4033a0b09b185b4a181593025a07bc67d5d38071f77e28e247957b356c,2026-09-30T14:41:00+00:00,2026-09-30 19:41:00,69.7,1011.9,100
19.5,28.7,92.1,1779.4,516.6,80.4,10.0,7.4,1.8,446.0,264.6,16.1,5.9,47.0,27.2,21.18,False,4095,0.0,4.2,0.0,EXT-OPEN-METEO-KHI,KARACHI,OPENSOURCE_API_GRID,883,,,,0.95,True,True,TIER2_OPENSOURCE_PURE;CONTINUOUS_MINUTE_STREAM;VERIFIED_MODEL_GRID,768e99bf5ece1731cac51c9b1d7c037335f868dd97c1720240d8f7dbd4039a38,2026-09-30T14:42:00+00:00,2026-09-30 19:42:00,69.7,1011.9,100
19.5,28.7,91.9,1779.4,516.6,80.4,10.0,7.4,1.8,446.0,264.5,16.2,5.9,46.9,27.1,21.09,False,4095,0.0,4.3,0.0,EXT-OPEN-METEO-KHI,KARACHI,OPENSOURCE_API_GRID,884,,,,0.95,True,True,TIER2_OPENSOURCE_PURE;CONTINUOUS_MINUTE_STREAM;VERIFIED_MODEL_GRID,5dc9f6e3fa92127c19452e08a1eb950a859cc19fd11141c3643c4a34685709c8,2026-09-30T14:43:00+00:00,2026-09-30 19:43:00,69.7,1011.9,100
19.4,28.6,91.6,1773.2,514.8,80.1,10.0,7.3,1.8,446.0,264.3,16.2,5.9,46.8,27.1,21.09,False,4095,0.0,4.3,0.0,EXT-OPEN-METEO-KHI,KARACHI,OPENSOURCE_API_GRID,885,,,,0.95,True,True,TIER2_OPENSOURCE_PURE;CONTINUOUS_MINUTE_STREAM;VERIFIED_MODEL_GRID,bbfb9fd605080cbc14028f4d0bbf118c531b9a861f76f8c7ffa8db3a2834975f,2026-09-30T14:44:00+00:00,2026-09-30 19:44:00,69.7,1011.9,100
19.4,28.6,91.4,1773.2,514.8,80.1,10.0,7.3,1.8,446.0,264.2,16.2,5.9,46.7,27.1,21.09,False,4095,0.0,4.4,0.0,EXT-OPEN-METEO-KHI,KARACHI,OPENSOURCE_API_GRID,886,,,,0.95,True,True,TIER2_OPENSOURCE_PURE;CONTINUOUS_MINUTE_STREAM;VERIFIED_MODEL_GRID,a5f1664e29b68e4a72629e90c6fe574552e2b3fbf509e5fcb410c965ab086e26,2026-09-30T14:45:00+00:00,2026-09-30 19:45:00,69.7,1011.9,100
19.4,28.5,91.1,1767.0,513.0,79.8,10.0,7.3,1.8,446.0,264.0,16.3,5.9,46.6,27.1,21.09,False,4095,0.0,4.5,0.0,EXT-OPEN-METEO-KHI,KARACHI,OPENSOURCE_API_GRID,887,,,,0.95,True,True,TIER2_OPENSOURCE_PURE;CONTINUOUS_MINUTE_STREAM;VERIFIED_MODEL_GRID,263dec99650bef178428d03c7b75124acbc9108bd63891cbc2fe64f36d3b4fba,2026-09-30T14:46:00+00:00,2026-09-30 19:46:00,69.7,1012.0,100
19.4,28.5,90.9,1767.0,513.0,79.8,10.0,7.3,1.8,446.0,263.9,16.3,5.9,46.6,27.1,21.09,False,4095,0.0,4.6,0.0,EXT-OPEN-METEO-KHI,KARACHI,OPENSOURCE_API_GRID,888,,,,0.95,True,True,TIER2_OPENSOURCE_PURE;CONTINUOUS_MINUTE_STREAM;VERIFIED_MODEL_GRID,53fe54487c74ca96df69863ff7d24ca732f6c1aa28bcef9c3aed61528bf4c135,2026-09-30T14:47:00+00:00,2026-09-30 19:47:00,69.7,1012.0,100
19.4,28.5,90.7,1767.0,513.0,79.8,10.0,7.3,1.8,446.0,263.8,16.4,5.9,46.5,27.1,21.11,False,4095,0.0,4.6,0.0,EXT-OPEN-METEO-KHI,KARACHI,OPENSOURCE_API_GRID,889,,,,0.95,True,True,TIER2_OPENSOURCE_PURE;CONTINUOUS_MINUTE_STREAM;VERIFIED_MODEL_GRID,cb5f784ff08904174e6b738d13dee6b3bc71343e7959a2d223cb4de12976b41d,2026-09-30T14:48:00+00:00,2026-09-30 19:48:00,69.8,1012.0,100
19.3,28.4,90.6,1760.8,511.2,79.5,9.9,7.2,1.8,446.0,263.6,16.4,5.9,46.4,27.1,21.11,False,4095,0.0,4.7,0.0,EXT-OPEN-METEO-KHI,KARACHI,OPENSOURCE_API_GRID,890,,,,0.95,True,True,TIER2_OPENSOURCE_PURE;CONTINUOUS_MINUTE_STREAM;VERIFIED_MODEL_GRID,384b53e3e982af5aa7e5453de8ef94a9979e64f7208dbbba8eeeac6472b18132,2026-09-30T14:49:00+00:00,2026-09-30 19:49:00,69.8,1012.0,100
19.3,28.4,90.5,1760.8,511.2,79.5,9.9,7.2,1.8,446.0,263.5,16.4,5.9,46.3,27.1,21.11,False,4095,0.0,4.7,0.0,EXT-OPEN-METEO-KHI,KARACHI,OPENSOURCE_API_GRID,891,,,,0.95,True,True,TIER2_OPENSOURCE_PURE;CONTINUOUS_MINUTE_STREAM;VERIFIED_MODEL_GRID,5df68e3c8eab5283cb9213bd9403abd42379aceecc7d1614b457ab6bdb5cec67,2026-09-30T14:50:00+00:00,2026-09-30 19:50:00,69.8,1012.0,100
19.3,28.4,90.4,1760.8,511.2,79.5,9.9,7.2,1.8,446.0,263.4,16.5,5.9,46.3,27.1,21.11,False,4095,0.0,4.8,0.0,EXT-OPEN-METEO-KHI,KARACHI,OPENSOURCE_API_GRID,892,,,,0.95,True,True,TIER2_OPENSOURCE_PURE;CONTINUOUS_MINUTE_STREAM;VERIFIED_MODEL_GRID,59a1b667ae3638eaa80fa68194c917b96dd4e2ac9eed25f273336852848bac0b,2026-09-30T14:51:00+00:00,2026-09-30 19:51:00,69.8,1012.0,100
19.4,28.5,90.3,1767.0,513.0,79.8,10.0,7.2,1.8,446.0,263.3,16.5,5.9,46.2,27.1,21.13,False,4095,0.0,4.8,0.0,EXT-OPEN-METEO-KHI,KARACHI,OPENSOURCE_API_GRID,893,,,,0.95,True,True,TIER2_OPENSOURCE_PURE;CONTINUOUS_MINUTE_STREAM;VERIFIED_MODEL_GRID,ffee20f77f9b00fafb093d47db8c700624183be38b641302721d7b72fda05f99,2026-09-30T14:52:00+00:00,2026-09-30 19:52:00,69.9,1012.0,100
19.4,28.5,90.2,1767.0,513.0,79.8,10.0,7.2,1.8,446.0,263.3,16.5,5.9,46.2,27.1,21.13,False,4095,0.0,4.9,0.0,EXT-OPEN-METEO-KHI,KARACHI,OPENSOURCE_API_GRID,894,,,,0.95,True,True,TIER2_OPENSOURCE_PURE;CONTINUOUS_MINUTE_STREAM;VERIFIED_MODEL_GRID,a3ffed4e744e0ca75b5e6d2afa55bd275b924a67ef676cc93c3e3a57aa71a77c,2026-09-30T14:53:00+00:00,2026-09-30 19:53:00,69.9,1012.0,100
19.4,28.5,90.2,1767.0,513.0,79.8,10.0,7.2,1.8,446.0,263.2,16.5,5.9,46.1,27.1,21.13,False,4095,0.0,4.9,0.0,EXT-OPEN-METEO-KHI,KARACHI,OPENSOURCE_API_GRID,895,,,,0.95,True,True,TIER2_OPENSOURCE_PURE;CONTINUOUS_MINUTE_STREAM;VERIFIED_MODEL_GRID,caeda51559d2adc3f582cc912f0e432c24b520e97469bb2c1bc3cb85373c3fd3,2026-09-30T14:54:00+00:00,2026-09-30 19:54:00,69.9,1012.0,100
19.4,28.6,90.2,1773.2,514.8,80.1,10.0,7.2,1.8,446.0,263.1,16.6,5.9,46.1,27.1,21.16,False,4095,0.0,4.9,0.0,EXT-OPEN-METEO-KHI,KARACHI,OPENSOURCE_API_GRID,896,,,,0.95,True,True,TIER2_OPENSOURCE_PURE;CONTINUOUS_MINUTE_STREAM;VERIFIED_MODEL_GRID,b3459ba1cb0c480d4f394d36fc606046f82ba8ff60525f551422c3fa88e09ddc,2026-09-30T14:55:00+00:00,2026-09-30 19:55:00,70.0,1012.0,100
19.4,28.6,90.2,1773.2,514.8,80.1,10.0,7.2,1.8,446.0,263.1,16.6,5.9,46.1,27.1,21.16,False,4095,0.0,5.0,0.0,EXT-OPEN-METEO-KHI,KARACHI,OPENSOURCE_API_GRID,897,,,,0.95,True,True,TIER2_OPENSOURCE_PURE;CONTINUOUS_MINUTE_STREAM;VERIFIED_MODEL_GRID,22d17947a52a3b010bbc5e60bd3416025ac1945da3bdafa9176b7c42a0ba4e1c,2026-09-30T14:56:00+00:00,2026-09-30 19:56:00,70.0,1012.0,100
19.4,28.6,90.2,1773.2,514.8,80.1,10.0,7.2,1.8,446.0,263.0,16.6,5.9,46.0,27.1,21.16,False,4095,0.0,5.0,0.0,EXT-OPEN-METEO-KHI,KARACHI,OPENSOURCE_API_GRID,898,,,,0.95,True,True,TIER2_OPENSOURCE_PURE;CONTINUOUS_MINUTE_STREAM;VERIFIED_MODEL_GRID,3baf824c7fb57886a2751ad3dc59523232198670db6e6eed881656b0e4b2a2ae,2026-09-30T14:57:00+00:00,2026-09-30 19:57:00,70.0,1012.0,100
19.5,28.7,90.2,1779.4,516.6,80.4,10.0,7.2,1.8,446.0,263.0,16.6,5.9,46.0,27.1,21.16,False,4095,0.0,5.0,0.0,EXT-OPEN-METEO-KHI,KARACHI,OPENSOURCE_API_GRID,899,,,,0.95,True,True,TIER2_OPENSOURCE_PURE;CONTINUOUS_MINUTE_STREAM;VERIFIED_MODEL_GRID,d9c4fd47b88a40ffe671c5c2531752c14be835e0160fc222bb3658368aa05319,2026-09-30T14:58:00+00:00,2026-09-30 19:58:00,70.0,1012.0,100
19.4,28.6,90.1,1773.2,514.8,80.1,10.0,7.2,1.8,446.0,263.0,16.6,5.9,46.0,27.1,21.18,False,4095,0.0,5.0,0.0,EXT-OPEN-METEO-KHI,KARACHI,OPENSOURCE_API_GRID,900,,,,0.95,True,True,TIER2_OPENSOURCE_PURE;CONTINUOUS_MINUTE_STREAM;VERIFIED_MODEL_GRID,542d7986beed0ade9c68dafb141970b42a056669c542438d3cdbe86e2b8882dd,2026-09-30T14:59:00+00:00,2026-09-30 19:59:00,70.1,1012.0,100
19.4,28.6,90.2,1773.2,514.8,80.1,10.0,7.2,1.8,446.0,263.0,16.6,5.9,46.0,27.1,21.18,False,4095,0.0,5.0,0.0,EXT-OPEN-METEO-KHI,KARACHI,OPENSOURCE_API_GRID,901,,,,0.95,True,False,TIER2_OPENSOURCE_PURE;HOURLY_NODE;VERIFIED_MODEL_GRID,5676dbfbc34eea1510f40917b02cb5920003dc3e799afcfacb49353979f20c52,2026-09-30T15:00:00+00:00,2026-09-30 20:00:00,70.1,1012.0,99
19.5,28.7,90.2,1779.4,516.6,80.4,10.0,7.2,1.8,446.0,263.0,16.6,5.9,46.0,27.1,21.18,False,4095,0.0,5.0,0.0,EXT-OPEN-METEO-KHI,KARACHI,OPENSOURCE_API_GRID,902,,,,0.95,True,True,TIER2_OPENSOURCE_PURE;CONTINUOUS_MINUTE_STREAM;VERIFIED_MODEL_GRID,a1a0bd07a8f9b3977e6cf9ad18c4f68635faf148f0c5e7b1af1efb0d93fd8be3,2026-09-30T15:01:00+00:00,2026-09-30 20:01:00,70.1,1012.0,99
19.5,28.7,90.3,1779.4,516.6,80.4,10.0,7.2,1.8,446.0,263.0,16.6,5.9,46.0,27.1,21.18,False,4095,0.0,5.0,0.0,EXT-OPEN-METEO-KHI,KARACHI,OPENSOURCE_API_GRID,903,,,,0.95,True,True,TIER2_OPENSOURCE_PURE;CONTINUOUS_MINUTE_STREAM;VERIFIED_MODEL_GRID,e184384b7b94abad9d9f3e9f7b295ef6a102f1926c36d79f1d578d08b124b99f,2026-09-30T15:02:00+00:00,2026-09-30 20:02:00,70.1,1012.0,99
19.6,28.8,90.3,1785.6,518.4,80.6,10.1,7.2,1.8,446.0,263.0,16.6,5.9,46.0,27.1,21.18,False,4095,0.0,5.0,0.0,EXT-OPEN-METEO-KHI,KARACHI,OPENSOURCE_API_GRID,904,,,,0.95,True,True,TIER2_OPENSOURCE_PURE;CONTINUOUS_MINUTE_STREAM;VERIFIED_MODEL_GRID,a3b6199ba34ddac8aa3a711dc26c09f9f6bfaa6b078d669110ced08c5822756a,2026-09-30T15:03:00+00:00,2026-09-30 20:03:00,70.1,1012.0,99
19.6,28.8,90.3,1785.6,518.4,80.6,10.1,7.2,1.8,446.0,263.0,16.6,5.9,45.9,27.1,21.18,False,4095,0.0,5.0,0.0,EXT-OPEN-METEO-KHI,KARACHI,OPENSOURCE_API_GRID,905,,,,0.95,True,True,TIER2_OPENSOURCE_PURE;CONTINUOUS_MINUTE_STREAM;VERIFIED_MODEL_GRID,14fe15eb7e6966190e0760250ee10675e0b89022730c8a23fe680f13d539c9e0,2026-09-30T15:04:00+00:00,2026-09-30 20:04:00,70.1,1012.0,99
19.6,28.8,90.3,1785.6,518.4,80.6,10.1,7.2,1.8,446.0,263.0,16.6,5.9,45.9,27.1,21.18,False,4095,0.0,4.9,0.0,EXT-OPEN-METEO-KHI,KARACHI,OPENSOURCE_API_GRID,906,,,,0.95,True,True,TIER2_OPENSOURCE_PURE;CONTINUOUS_MINUTE_STREAM;VERIFIED_MODEL_GRID,8c19c5e203ae9753592ab5dcadbebc5075bd894874fa0b4c8b6aba06123af3cd,2026-09-30T15:05:00+00:00,2026-09-30 20:05:00,70.1,1012.0,99
19.6,28.8,90.2,1785.6,518.4,80.6,10.1,7.2,1.8,446.0,263.0,16.7,5.9,45.9,27.1,21.18,False,4095,0.0,4.9,0.0,EXT-OPEN-METEO-KHI,KARACHI,OPENSOURCE_API_GRID,907,,,,0.95,True,True,TIER2_OPENSOURCE_PURE;CONTINUOUS_MINUTE_STREAM;VERIFIED_MODEL_GRID,d2e32c0fc9b3b6944adfdd213ad588e1d9a9f0e3a1fbf8a503c03130caf58481,2026-09-30T15:06:00+00:00,2026-09-30 20:06:00,70.1,1012.0,99
19.6,28.8,90.2,1785.6,518.4,80.6,10.1,7.2,1.8,446.0,263.0,16.7,5.9,45.8,27.1,21.18,False,4095,0.0,4.9,0.0,EXT-OPEN-METEO-KHI,KARACHI,OPENSOURCE_API_GRID,908,,,,0.95,True,True,TIER2_OPENSOURCE_PURE;CONTINUOUS_MINUTE_STREAM;VERIFIED_MODEL_GRID,8d3b0996ab604778c406d37beadf0c36a77722800b90519fa0e70ee19ba8a827,2026-09-30T15:07:00+00:00,2026-09-30 20:07:00,70.1,1012.0,99
19.6,28.8,90.1,1785.6,518.4,80.6,10.1,7.2,1.8,446.0,263.0,16.7,5.9,45.8,27.1,21.18,False,4095,0.0,4.8,0.0,EXT-OPEN-METEO-KHI,KARACHI,OPENSOURCE_API_GRID,909,,,,0.95,True,True,TIER2_OPENSOURCE_PURE;CONTINUOUS_MINUTE_STREAM;VERIFIED_MODEL_GRID,7d75be7bdc1378e015de17f6695b159d7ff70409aa0c1f552ec0235c3da6a019,2026-09-30T15:08:00+00:00,2026-09-30 20:08:00,70.1,1012.0,99
19.5,28.7,89.9,1779.4,516.6,80.4,10.0,7.2,1.8,446.0,263.1,16.7,5.9,45.7,27.1,21.18,False,4095,0.0,4.8,0.0,EXT-OPEN-METEO-KHI,KARACHI,OPENSOURCE_API_GRID,910,,,,0.95,True,True,TIER2_OPENSOURCE_PURE;CONTINUOUS_MINUTE_STREAM;VERIFIED_MODEL_GRID,c2afa270ae6ecc7cc1fd5bb7adcd90197a418ce89a7c64d1ee62e049402053c0,2026-09-30T15:09:00+00:00,2026-09-30 20:09:00,70.1,1012.0,99
19.5,28.7,89.8,1779.4,516.6,80.4,10.0,7.2,1.8,446.0,263.1,16.8,5.9,45.7,27.1,21.18,False,4095,0.0,4.7,0.0,EXT-OPEN-METEO-KHI,KARACHI,OPENSOURCE_API_GRID,911,,,,0.95,True,True,TIER2_OPENSOURCE_PURE;CONTINUOUS_MINUTE_STREAM;VERIFIED_MODEL_GRID,dee4b773acaa3deb61227026ceb7ead21c3a722d6ba0f50d04f0f33289fb9bc3,2026-09-30T15:10:00+00:00,2026-09-30 20:10:00,70.1,1012.0,99
19.5,28.7,89.7,1779.4,516.6,80.4,10.0,7.2,1.8,446.0,263.1,16.8,5.9,45.6,27.1,21.18,False,4095,0.0,4.7,0.0,EXT-OPEN-METEO-KHI,KARACHI,OPENSOURCE_API_GRID,912,,,,0.95,True,True,TIER2_OPENSOURCE_PURE;CONTINUOUS_MINUTE_STREAM;VERIFIED_MODEL_GRID,f906594e676505ba2880ebc962a2bb532864ce98685cc55ab39ccd76e798f750,2026-09-30T15:11:00+00:00,2026-09-30 20:11:00,70.1,1012.1,99
19.4,28.6,89.5,1773.2,514.8,80.1,10.0,7.2,1.8,446.0,263.1,16.9,5.9,45.5,27.1,21.18,False,4095,0.0,4.6,0.0,EXT-OPEN-METEO-KHI,KARACHI,OPENSOURCE_API_GRID,913,,,,0.95,True,True,TIER2_OPENSOURCE_PURE;CONTINUOUS_MINUTE_STREAM;VERIFIED_MODEL_GRID,16888498699530f760673270fbebdb101445d25d30f7a3bef199162f3849c23a,2026-09-30T15:12:00+00:00,2026-09-30 20:12:00,70.1,1012.1,99
19.4,28.6,89.3,1773.2,514.8,80.1,10.0,7.1,1.8,446.0,263.1,16.9,5.9,45.4,27.1,21.18,False,4095,0.0,4.6,0.0,EXT-OPEN-METEO-KHI,KARACHI,OPENSOURCE_API_GRID,914,,,,0.95,True,True,TIER2_OPENSOURCE_PURE;CONTINUOUS_MINUTE_STREAM;VERIFIED_MODEL_GRID,a27d518aa7bc565e9d96ffaa6d16173a73f9f4bf01c701bdce25c573ffe95611,2026-09-30T15:13:00+00:00,2026-09-30 20:13:00,70.1,1012.1,99
19.4,28.5,89.1,1767.0,513.0,79.8,10.0,7.1,1.8,446.0,263.1,16.9,6.0,45.4,27.1,21.18,False,4095,0.0,4.5,0.0,EXT-OPEN-METEO-KHI,KARACHI,OPENSOURCE_API_GRID,915,,,,0.95,True,True,TIER2_OPENSOURCE_PURE;CONTINUOUS_MINUTE_STREAM;VERIFIED_MODEL_GRID,b58508e4852ab5f7d42b29c889e99104cf08675c7236f1d632bdb1dac140b6e6,2026-09-30T15:14:00+00:00,2026-09-30 20:14:00,70.1,1012.1,99
19.4,28.5,88.9,1767.0,513.0,79.8,10.0,7.1,1.8,446.0,263.1,17.0,6.0,45.3,27.1,21.2,False,4095,0.0,4.4,0.0,EXT-OPEN-METEO-KHI,KARACHI,OPENSOURCE_API_GRID,916,,,,0.95,True,True,TIER2_OPENSOURCE_PURE;CONTINUOUS_MINUTE_STREAM;VERIFIED_MODEL_GRID,db1270191f148801f98666c36bd841daa34d6936491ae1951c6741a19eb31747,2026-09-30T15:15:00+00:00,2026-09-30 20:15:00,70.2,1012.1,99
19.3,28.4,88.7,1760.8,511.2,79.5,9.9,7.1,1.8,446.0,263.2,17.0,6.0,45.2,27.0,21.11,False,4095,0.0,4.3,0.0,EXT-OPEN-METEO-KHI,KARACHI,OPENSOURCE_API_GRID,917,,,,0.95,True,True,TIER2_OPENSOURCE_PURE;CONTINUOUS_MINUTE_STREAM;VERIFIED_MODEL_GRID,b60068680ec745bb3cc29e4247ade6ad6a7b8bc0ab1011393bf3880da269aee6,2026-09-30T15:16:00+00:00,2026-09-30 20:16:00,70.2,1012.1,99
19.3,28.4,88.5,1760.8,511.2,79.5,9.9,7.1,1.8,446.0,263.2,17.1,6.0,45.1,27.0,21.11,False,4095,0.0,4.3,0.0,EXT-OPEN-METEO-KHI,KARACHI,OPENSOURCE_API_GRID,918,,,,0.95,True,True,TIER2_OPENSOURCE_PURE;CONTINUOUS_MINUTE_STREAM;VERIFIED_MODEL_GRID,76129708b5a72ac6ba5553774d4e9cefa3d45ea0955c9b644dd783e88ce5f14b,2026-09-30T15:17:00+00:00,2026-09-30 20:17:00,70.2,1012.1,99
19.3,28.4,88.4,1760.8,511.2,79.5,9.9,7.1,1.8,446.0,263.2,17.2,6.0,45.0,27.0,21.13,False,4095,0.0,4.2,0.0,EXT-OPEN-METEO-KHI,KARACHI,OPENSOURCE_API_GRID,919,,,,0.95,True,True,TIER2_OPENSOURCE_PURE;CONTINUOUS_MINUTE_STREAM;VERIFIED_MODEL_GRID,2b22eb75209eadd9306aff65bf03bfa80e9413ca788d14407899ae7dac5527e6,2026-09-30T15:18:00+00:00,2026-09-30 20:18:00,70.3,1012.1,99
19.3,28.4,88.2,1760.8,511.2,79.5,9.9,7.1,1.8,446.0,263.2,17.2,6.0,44.9,27.0,21.13,False,4095,0.0,4.1,0.0,EXT-OPEN-METEO-KHI,KARACHI,OPENSOURCE_API_GRID,920,,,,0.95,True,True,TIER2_OPENSOURCE_PURE;CONTINUOUS_MINUTE_STREAM;VERIFIED_MODEL_GRID,c8f303bfd7a9ebf160665b1053ed4c39f0563d7d40d8ef657c7baf3112114b53,2026-09-30T15:19:00+00:00,2026-09-30 20:19:00,70.3,1012.1,99
19.3,28.4,88.0,1760.8,511.2,79.5,9.9,7.0,1.8,446.0,263.2,17.3,6.0,44.8,27.0,21.15,False,4095,0.0,4.0,0.0,EXT-OPEN-METEO-KHI,KARACHI,OPENSOURCE_API_GRID,921,,,,0.95,True,True,TIER2_OPENSOURCE_PURE;CONTINUOUS_MINUTE_STREAM;VERIFIED_MODEL_GRID,af6d59058a87559cbadbbb85cb82a886580c3928416940b7ede30072d9a50da6,2026-09-30T15:20:00+00:00,2026-09-30 20:20:00,70.4,1012.1,99
19.2,28.3,87.8,1754.6,509.4,79.2,9.9,7.0,1.8,446.0,263.3,17.3,6.0,44.6,27.0,21.15,False,4095,0.0,3.9,0.0,EXT-OPEN-METEO-KHI,KARACHI,OPENSOURCE_API_GRID,922,,,,0.95,True,True,TIER2_OPENSOURCE_PURE;CONTINUOUS_MINUTE_STREAM;VERIFIED_MODEL_GRID,bcba8bc146fafa08f37e14aa545183432486735d6111ebce788ddf285312402b,2026-09-30T15:21:00+00:00,2026-09-30 20:21:00,70.4,1012.1,99
19.3,28.4,87.7,1760.8,511.2,79.5,9.9,7.0,1.8,446.0,263.3,17.4,6.0,44.5,27.0,21.18,False,4095,0.0,3.8,0.0,EXT-OPEN-METEO-KHI,KARACHI,OPENSOURCE_API_GRID,923,,,,0.95,True,True,TIER2_OPENSOURCE_PURE;CONTINUOUS_MINUTE_STREAM;VERIFIED_MODEL_GRID,6bb348164e8d1a6c90fbf9f9dfe8e5e222b191d6b40df0b7bfa23e09edd212ec,2026-09-30T15:22:00+00:00,2026-09-30 20:22:00,70.5,1012.1,99
19.3,28.4,87.5,1760.8,511.2,79.5,9.9,7.0,1.8,446.0,263.3,17.5,6.0,44.4,27.0,21.18,False,4095,0.0,3.7,0.0,EXT-OPEN-METEO-KHI,KARACHI,OPENSOURCE_API_GRID,924,,,,0.95,True,True,TIER2_OPENSOURCE_PURE;CONTINUOUS_MINUTE_STREAM;VERIFIED_MODEL_GRID,45aa01653a3179e3077526b3b6b2a627c592ae4e3f5a856877af39a8a96ccfbe,2026-09-30T15:23:00+00:00,2026-09-30 20:23:00,70.5,1012.1,99
19.3,28.4,87.4,1760.8,511.2,79.5,9.9,7.0,1.7,446.0,263.3,17.5,6.0,44.3,26.9,21.1,False,4095,0.0,3.6,0.0,EXT-OPEN-METEO-KHI,KARACHI,OPENSOURCE_API_GRID,925,,,,0.95,True,True,TIER2_OPENSOURCE_PURE;CONTINUOUS_MINUTE_STREAM;VERIFIED_MODEL_GRID,2a130d0f412eda9c320a81bf88f812ddda10a36e0a7edf9bc35aaeb2dd318edc,2026-09-30T15:24:00+00:00,2026-09-30 20:24:00,70.6,1012.1,99
19.3,28.4,87.3,1760.8,511.2,79.5,9.9,7.0,1.7,446.0,263.4,17.6,6.0,44.1,26.9,21.13,False,4095,0.0,3.5,0.0,EXT-OPEN-METEO-KHI,KARACHI,OPENSOURCE_API_GRID,926,,,,0.95,True,True,TIER2_OPENSOURCE_PURE;CONTINUOUS_MINUTE_STREAM;VERIFIED_MODEL_GRID,d1262f86c7162f3ebc4750ad51289aff93012cccd9214ae79c941b047b787799,2026-09-30T15:25:00+00:00,2026-09-30 20:25:00,70.7,1012.1,99
19.4,28.5,87.2,1767.0,513.0,79.8,10.0,7.0,1.7,446.0,263.4,17.7,6.1,44.0,26.9,21.15,False,4095,0.0,3.4,0.0,EXT-OPEN-METEO-KHI,KARACHI,OPENSOURCE_API_GRID,927,,,,0.95,True,True,TIER2_OPENSOURCE_PURE;CONTINUOUS_MINUTE_STREAM;VERIFIED_MODEL_GRID,10c433b4783c2ce1ebd0beb145a4fb5cdafb3be964db4eaa6ce47312db625782,2026-09-30T15:26:00+00:00,2026-09-30 20:26:00,70.8,1012.2,99
19.4,28.5,87.0,1767.0,513.0,79.8,10.0,7.0,1.7,446.0,263.4,17.7,6.1,43.9,26.9,21.15,False,4095,0.0,3.3,0.0,EXT-OPEN-METEO-KHI,KARACHI,OPENSOURCE_API_GRID,928,,,,0.95,True,True,TIER2_OPENSOURCE_PURE;CONTINUOUS_MINUTE_STREAM;VERIFIED_MODEL_GRID,7e7f9cef078c9b9aa540fe46d7923558004bb1a08c50d2c0a766ee9b5ca2e377,2026-09-30T15:27:00+00:00,2026-09-30 20:27:00,70.8,1012.2,99
19.4,28.5,86.9,1767.0,513.0,79.8,10.0,7.0,1.7,446.0,263.4,17.8,6.1,43.8,26.9,21.17,False,4095,0.0,3.2,0.0,EXT-OPEN-METEO-KHI,KARACHI,OPENSOURCE_API_GRID,929,,,,0.95,True,True,TIER2_OPENSOURCE_PURE;CONTINUOUS_MINUTE_STREAM;VERIFIED_MODEL_GRID,e15c687bf98c0277c9167d7136cb0c98aa4e1000338a7ade235d7a0239263976,2026-09-30T15:28:00+00:00,2026-09-30 20:28:00,70.9,1012.2,99
19.4,28.6,86.8,1773.2,514.8,80.1,10.0,6.9,1.7,446.0,263.5,17.9,6.1,43.6,26.9,21.2,False,4095,0.0,3.1,0.0,EXT-OPEN-METEO-KHI,KARACHI,OPENSOURCE_API_GRID,930,,,,0.95,True,True,TIER2_OPENSOURCE_PURE;CONTINUOUS_MINUTE_STREAM;VERIFIED_MODEL_GRID,107b1fb2e261c156ea508dc11a490ef2835f420ec295fb5984bd705acc4cf57b,2026-09-30T15:29:00+00:00,2026-09-30 20:29:00,71.0,1012.2,99
19.4,28.5,86.5,1767.0,513.0,79.8,10.0,6.9,1.7,446.0,263.5,17.9,6.1,43.5,26.9,21.24,False,4095,0.0,3.0,0.0,EXT-OPEN-METEO-KHI,KARACHI,OPENSOURCE_API_GRID,931,,,,0.95,True,True,TIER2_OPENSOURCE_PURE;CONTINUOUS_MINUTE_STREAM;VERIFIED_MODEL_GRID,586e8abc91be6e67b94dfe3011a6408d039ada5fa33ce014c5469d7f37b44b29,2026-09-30T15:30:00+00:00,2026-09-30 20:30:00,71.2,1012.2,99
19.4,28.5,86.4,1767.0,513.0,79.8,10.0,6.9,1.7,446.0,263.5,18.0,6.1,43.4,27.0,21.34,False,4095,0.0,2.9,0.0,EXT-OPEN-METEO-KHI,KARACHI,OPENSOURCE_API_GRID,932,,,,0.95,True,True,TIER2_OPENSOURCE_PURE;CONTINUOUS_MINUTE_STREAM;VERIFIED_MODEL_GRID,30ebac2f782037cbf8eaa00c310ec4eb8b60976154d26db4fe57276271a572e9,2026-09-30T15:31:00+00:00,2026-09-30 20:31:00,71.2,1012.2,99
19.4,28.6,86.3,1773.2,514.8,80.1,10.0,6.9,1.7,446.0,263.6,18.1,6.1,43.2,27.0,21.34,False,4095,0.0,2.8,0.0,EXT-OPEN-METEO-KHI,KARACHI,OPENSOURCE_API_GRID,933,,,,0.95,True,True,TIER2_OPENSOURCE_PURE;CONTINUOUS_MINUTE_STREAM;VERIFIED_MODEL_GRID,b4397c6d96fa8f7f45b6421c75d76b7c210cd51fa445afc44ba0143052f1b789,2026-09-30T15:32:00+00:00,2026-09-30 20:32:00,71.2,1012.2,99
19.4,28.6,86.1,1773.2,514.8,80.1,10.0,6.9,1.7,446.0,263.6,18.2,6.1,43.1,27.0,21.36,False,4095,0.0,2.7,0.0,EXT-OPEN-METEO-KHI,KARACHI,OPENSOURCE_API_GRID,934,,,,0.95,True,True,TIER2_OPENSOURCE_PURE;CONTINUOUS_MINUTE_STREAM;VERIFIED_MODEL_GRID,3b9ff450d556c3dac84d615a5ecae5fa0d9dd8036fbbbc1954ba9abd81cea3bd,2026-09-30T15:33:00+00:00,2026-09-30 20:33:00,71.3,1012.2,99
19.4,28.6,86.0,1773.2,514.8,80.1,10.0,6.9,1.7,446.0,263.6,18.2,6.1,43.0,27.0,21.36,False,4095,0.0,2.6,0.0,EXT-OPEN-METEO-KHI,KARACHI,OPENSOURCE_API_GRID,935,,,,0.95,True,True,TIER2_OPENSOURCE_PURE;CONTINUOUS_MINUTE_STREAM;VERIFIED_MODEL_GRID,0e9697245aa2795fe97bafa54b1b892356c5febd57219e7b55c7739a277fec1c,2026-09-30T15:34:00+00:00,2026-09-30 20:34:00,71.3,1012.3,99
19.5,28.7,85.8,1779.4,516.6,80.4,10.0,6.9,1.7,446.0,263.6,18.3,6.2,42.9,27.0,21.38,False,4095,0.0,2.5,0.0,EXT-OPEN-METEO-KHI,KARACHI,OPENSOURCE_API_GRID,936,,,,0.95,True,True,TIER2_OPENSOURCE_PURE;CONTINUOUS_MINUTE_STREAM;VERIFIED_MODEL_GRID,726857d68ee16f003a8872c31b419ee6fac7b5a1f9bcc87a335be80236c70eaa,2026-09-30T15:35:00+00:00,2026-09-30 20:35:00,71.4,1012.3,99
19.5,28.7,85.7,1779.4,516.6,80.4,10.0,6.9,1.7,446.0,263.7,18.4,6.2,42.7,27.0,21.38,False,4095,0.0,2.4,0.0,EXT-OPEN-METEO-KHI,KARACHI,OPENSOURCE_API_GRID,937,,,,0.95,True,True,TIER2_OPENSOURCE_PURE;CONTINUOUS_MINUTE_STREAM;VERIFIED_MODEL_GRID,7639a2cdb580ae5247982766e5873104fd3c48b203768624919e2cc1184eb08e,2026-09-30T15:36:00+00:00,2026-09-30 20:36:00,71.4,1012.3,99
19.5,28.7,85.5,1779.4,516.6,80.4,10.0,6.8,1.7,446.0,263.7,18.4,6.2,42.6,26.9,21.29,False,4095,0.0,2.3,0.0,EXT-OPEN-METEO-KHI,KARACHI,OPENSOURCE_API_GRID,938,,,,0.95,True,True,TIER2_OPENSOURCE_PURE;CONTINUOUS_MINUTE_STREAM;VERIFIED_MODEL_GRID,bcce3b6cfaa7a9e4d9cfa052fd6f7f466a3627e9fe2f5b645294ab194fb8820f,2026-09-30T15:37:00+00:00,2026-09-30 20:37:00,71.4,1012.3,99
19.5,28.7,85.3,1779.4,516.6,80.4,10.0,6.8,1.7,446.0,263.7,18.5,6.2,42.5,26.9,21.29,False,4095,0.0,2.2,0.0,EXT-OPEN-METEO-KHI,KARACHI,OPENSOURCE_API_GRID,939,,,,0.95,True,True,TIER2_OPENSOURCE_PURE;CONTINUOUS_MINUTE_STREAM;VERIFIED_MODEL_GRID,be05012445954d73e7ca7661f6a19038f7fd7f5f17ae9240ceeb918cccc1cda1,2026-09-30T15:38:00+00:00,2026-09-30 20:38:00,71.4,1012.3,99
19.4,28.6,85.1,1773.2,514.8,80.1,10.0,6.8,1.7,446.0,263.7,18.6,6.2,42.4,26.9,21.31,False,4095,0.0,2.1,0.0,EXT-OPEN-METEO-KHI,KARACHI,OPENSOURCE_API_GRID,940,,,,0.95,True,True,TIER2_OPENSOURCE_PURE;CONTINUOUS_MINUTE_STREAM;VERIFIED_MODEL_GRID,bdf0fb31d3ae856918687d8780d298a6d0631039e366ba2c3ed6a3cbd9525d0f,2026-09-30T15:39:00+00:00,2026-09-30 20:39:00,71.5,1012.3,99
19.4,28.6,84.9,1773.2,514.8,80.1,10.0,6.8,1.7,446.0,263.8,18.6,6.2,42.2,26.9,21.31,False,4095,0.0,2.0,0.0,EXT-OPEN-METEO-KHI,KARACHI,OPENSOURCE_API_GRID,941,,,,0.95,True,True,TIER2_OPENSOURCE_PURE;CONTINUOUS_MINUTE_STREAM;VERIFIED_MODEL_GRID,2eec0270326b814adbf7021a59b1c1b4794e24a93325a3fc5c9df90bed5b9a15,2026-09-30T15:40:00+00:00,2026-09-30 20:40:00,71.5,1012.3,99
19.4,28.6,84.7,1773.2,514.8,80.1,10.0,6.8,1.7,446.0,263.8,18.7,6.2,42.1,26.9,21.31,False,4095,0.0,1.9,0.0,EXT-OPEN-METEO-KHI,KARACHI,OPENSOURCE_API_GRID,942,,,,0.95,True,True,TIER2_OPENSOURCE_PURE;CONTINUOUS_MINUTE_STREAM;VERIFIED_MODEL_GRID,5890d2b6c22ea7ae9a817666196d208808a0fa68711f62a78236815b08c9dc9b,2026-09-30T15:41:00+00:00,2026-09-30 20:41:00,71.5,1012.3,99
19.4,28.5,84.5,1767.0,513.0,79.8,10.0,6.8,1.7,446.0,263.8,18.7,6.2,42.0,26.9,21.31,False,4095,0.0,1.8,0.0,EXT-OPEN-METEO-KHI,KARACHI,OPENSOURCE_API_GRID,943,,,,0.95,True,True,TIER2_OPENSOURCE_PURE;CONTINUOUS_MINUTE_STREAM;VERIFIED_MODEL_GRID,c440915f710afe869ed7f11c7e6943e954ff1407d5c50059b27e40f96404c0ff,2026-09-30T15:42:00+00:00,2026-09-30 20:42:00,71.5,1012.3,99
19.4,28.5,84.3,1767.0,513.0,79.8,10.0,6.7,1.7,446.0,263.8,18.8,6.2,41.9,26.9,21.31,False,4095,0.0,1.7,0.0,EXT-OPEN-METEO-KHI,KARACHI,OPENSOURCE_API_GRID,944,,,,0.95,True,True,TIER2_OPENSOURCE_PURE;CONTINUOUS_MINUTE_STREAM;VERIFIED_MODEL_GRID,41fbdc46bb0db3ab6290f6329e373870acde94c96f115c7c324e3186227a2cf7,2026-09-30T15:43:00+00:00,2026-09-30 20:43:00,71.5,1012.3,99
19.3,28.4,84.1,1760.8,511.2,79.5,9.9,6.7,1.7,446.0,263.8,18.9,6.2,41.8,26.9,21.33,False,4095,0.0,1.7,0.0,EXT-OPEN-METEO-KHI,KARACHI,OPENSOURCE_API_GRID,945,,,,0.95,True,True,TIER2_OPENSOURCE_PURE;CONTINUOUS_MINUTE_STREAM;VERIFIED_MODEL_GRID,86cc942f0af5c6d6ac1b62815ad88782967ab2ae79a43ea4fddd9ea4ed21aab7,2026-09-30T15:44:00+00:00,2026-09-30 20:44:00,71.6,1012.4,99
19.3,28.4,83.9,1760.8,511.2,79.5,9.9,6.7,1.7,446.0,263.9,18.9,6.2,41.7,26.9,21.33,False,4095,0.0,1.6,0.0,EXT-OPEN-METEO-KHI,KARACHI,OPENSOURCE_API_GRID,946,,,,0.95,True,True,TIER2_OPENSOURCE_PURE;CONTINUOUS_MINUTE_STREAM;VERIFIED_MODEL_GRID,4577a2a5da268dea44f40de23cc524b476b0d099247475cc3788d1a1e40ce058,2026-09-30T15:45:00+00:00,2026-09-30 20:45:00,71.6,1012.4,99
19.2,28.3,83.7,1754.6,509.4,79.2,9.9,6.7,1.7,446.0,263.9,19.0,6.2,41.6,26.8,21.24,False,4095,0.0,1.5,0.0,EXT-OPEN-METEO-KHI,KARACHI,OPENSOURCE_API_GRID,947,,,,0.95,True,True,TIER2_OPENSOURCE_PURE;CONTINUOUS_MINUTE_STREAM;VERIFIED_MODEL_GRID,333749ac923feaecb145dc0161899de167b9392b719922fdfc8e10b51c43a332,2026-09-30T15:46:00+00:00,2026-09-30 20:46:00,71.6,1012.4,99
19.2,28.3,83.5,1754.6,509.4,79.2,9.9,6.7,1.7,446.0,263.9,19.0,6.3,41.6,26.8,21.24,False,4095,0.0,1.4,0.0,EXT-OPEN-METEO-KHI,KARACHI,OPENSOURCE_API_GRID,948,,,,0.95,True,True,TIER2_OPENSOURCE_PURE;CONTINUOUS_MINUTE_STREAM;VERIFIED_MODEL_GRID,d0368b6cb89e0442cb5ee0411ab3c26cb38cb4c005b4d4115adc81ad9a2c3d26,2026-09-30T15:47:00+00:00,2026-09-30 20:47:00,71.6,1012.4,99
19.2,28.3,83.4,1754.6,509.4,79.2,9.9,6.7,1.7,446.0,263.9,19.0,6.3,41.5,26.8,21.26,False,4095,0.0,1.4,0.0,EXT-OPEN-METEO-KHI,KARACHI,OPENSOURCE_API_GRID,949,,,,0.95,True,True,TIER2_OPENSOURCE_PURE;CONTINUOUS_MINUTE_STREAM;VERIFIED_MODEL_GRID,68cbe38b4ed5f30dc764664c723c759643039805d78a5d5f185b13018be6b4a5,2026-09-30T15:48:00+00:00,2026-09-30 20:48:00,71.7,1012.4,99
19.2,28.2,83.2,1748.4,507.6,79.0,9.9,6.7,1.7,446.0,263.9,19.1,6.3,41.4,26.8,21.26,False,4095,0.0,1.3,0.0,EXT-OPEN-METEO-KHI,KARACHI,OPENSOURCE_API_GRID,950,,,,0.95,True,True,TIER2_OPENSOURCE_PURE;CONTINUOUS_MINUTE_STREAM;VERIFIED_MODEL_GRID,641c9a3a35ea40c554a2584737476b5370e50bb0bf0a320acac8e8fb846f0ef8,2026-09-30T15:49:00+00:00,2026-09-30 20:49:00,71.7,1012.4,99
19.2,28.2,83.1,1748.4,507.6,79.0,9.9,6.6,1.7,446.0,263.9,19.1,6.3,41.3,26.8,21.26,False,4095,0.0,1.3,0.0,EXT-OPEN-METEO-KHI,KARACHI,OPENSOURCE_API_GRID,951,,,,0.95,True,True,TIER2_OPENSOURCE_PURE;CONTINUOUS_MINUTE_STREAM;VERIFIED_MODEL_GRID,0ee2b27d6473c6fc9f5172a746234b4c76a443f20a6189fed3cf98cb98d99d26,2026-09-30T15:50:00+00:00,2026-09-30 20:50:00,71.7,1012.4,99
19.2,28.2,83.0,1748.4,507.6,79.0,9.9,6.6,1.7,446.0,263.9,19.2,6.3,41.3,26.8,21.28,False,4095,0.0,1.2,0.0,EXT-OPEN-METEO-KHI,KARACHI,OPENSOURCE_API_GRID,952,,,,0.95,True,True,TIER2_OPENSOURCE_PURE;CONTINUOUS_MINUTE_STREAM;VERIFIED_MODEL_GRID,8e3cde6504678f80c58b7fbcba9d5643e30457363cf4fb395fcaee113ac16140,2026-09-30T15:51:00+00:00,2026-09-30 20:51:00,71.8,1012.4,99
19.2,28.2,82.9,1748.4,507.6,79.0,9.9,6.6,1.7,446.0,264.0,19.2,6.3,41.2,26.8,21.28,False,4095,0.0,1.2,0.0,EXT-OPEN-METEO-KHI,KARACHI,OPENSOURCE_API_GRID,953,,,,0.95,True,True,TIER2_OPENSOURCE_PURE;CONTINUOUS_MINUTE_STREAM;VERIFIED_MODEL_GRID,dbecdbd2029a96eecf5877ac7e471c30ce119c7ea6a5a1369d418dba24a70afd,2026-09-30T15:52:00+00:00,2026-09-30 20:52:00,71.8,1012.4,99
19.2,28.2,82.9,1748.4,507.6,79.0,9.9,6.6,1.7,446.0,264.0,19.2,6.3,41.2,26.8,21.28,False,4095,0.0,1.1,0.0,EXT-OPEN-METEO-KHI,KARACHI,OPENSOURCE_API_GRID,954,,,,0.95,True,True,TIER2_OPENSOURCE_PURE;CONTINUOUS_MINUTE_STREAM;VERIFIED_MODEL_GRID,2a32ee963b0dd5754435344eb6f65861676116c72714dbe3183d3e97922d0aec,2026-09-30T15:53:00+00:00,2026-09-30 20:53:00,71.8,1012.4,99
19.2,28.2,82.8,1748.4,507.6,79.0,9.9,6.6,1.7,446.0,264.0,19.2,6.3,41.1,26.8,21.31,False,4095,0.0,1.1,0.0,EXT-OPEN-METEO-KHI,KARACHI,OPENSOURCE_API_GRID,955,,,,0.95,True,True,TIER2_OPENSOURCE_PURE;CONTINUOUS_MINUTE_STREAM;VERIFIED_MODEL_GRID,213bc5f55ca1651004cb388b34fb3690146a190f37f14dfbded79faccd9f9616,2026-09-30T15:54:00+00:00,2026-09-30 20:54:00,71.9,1012.4,99
19.2,28.3,82.8,1754.6,509.4,79.2,9.9,6.6,1.7,446.0,264.0,19.3,6.3,41.1,26.8,21.31,False,4095,0.0,1.1,0.0,EXT-OPEN-METEO-KHI,KARACHI,OPENSOURCE_API_GRID,956,,,,0.95,True,True,TIER2_OPENSOURCE_PURE;CONTINUOUS_MINUTE_STREAM;VERIFIED_MODEL_GRID,544d7e9c1697edb1abcd3598848c5d550f19af3d83a89c3bff123382e2faa321,2026-09-30T15:55:00+00:00,2026-09-30 20:55:00,71.9,1012.4,99
19.2,28.3,82.8,1754.6,509.4,79.2,9.9,6.6,1.7,446.0,264.0,19.3,6.3,41.1,26.8,21.31,False,4095,0.0,1.0,0.0,EXT-OPEN-METEO-KHI,KARACHI,OPENSOURCE_API_GRID,957,,,,0.95,True,True,TIER2_OPENSOURCE_PURE;CONTINUOUS_MINUTE_STREAM;VERIFIED_MODEL_GRID,d957dd74ea53c2a7b1f8d679fc75a9c042a9279738ed33aff21bc549129e119e,2026-09-30T15:56:00+00:00,2026-09-30 20:56:00,71.9,1012.4,99
19.2,28.3,82.9,1754.6,509.4,79.2,9.9,6.6,1.7,446.0,264.0,19.3,6.3,41.0,26.8,21.33,False,4095,0.0,1.0,0.0,EXT-OPEN-METEO-KHI,KARACHI,OPENSOURCE_API_GRID,958,,,,0.95,True,True,TIER2_OPENSOURCE_PURE;CONTINUOUS_MINUTE_STREAM;VERIFIED_MODEL_GRID,dcb04f4ebeb5bb7622f1aea946b8ca1c72922de2e814a937dc90b6268c8ee576,2026-09-30T15:57:00+00:00,2026-09-30 20:57:00,72.0,1012.4,99
19.3,28.4,82.9,1760.8,511.2,79.5,9.9,6.6,1.7,446.0,264.0,19.3,6.3,41.0,26.8,21.33,False,4095,0.0,1.0,0.0,EXT-OPEN-METEO-KHI,KARACHI,OPENSOURCE_API_GRID,959,,,,0.95,True,True,TIER2_OPENSOURCE_PURE;CONTINUOUS_MINUTE_STREAM;VERIFIED_MODEL_GRID,5a6901844c7d31bb39c5643682a3173a5f68214cedbc6cb7c598c4ab9e27493d,2026-09-30T15:58:00+00:00,2026-09-30 20:58:00,72.0,1012.4,99
19.3,28.4,83.0,1760.8,511.2,79.5,9.9,6.6,1.7,446.0,264.0,19.3,6.3,41.0,26.8,21.33,False,4095,0.0,1.0,0.0,EXT-OPEN-METEO-KHI,KARACHI,OPENSOURCE_API_GRID,960,,,,0.95,True,True,TIER2_OPENSOURCE_PURE;CONTINUOUS_MINUTE_STREAM;VERIFIED_MODEL_GRID,645c53e3bb775efedcfbb8d9d294b1fb6a084d3a8b702be104cf5fbbaa1d2726,2026-09-30T15:59:00+00:00,2026-09-30 20:59:00,72.0,1012.4,99
19.4,28.5,83.0,1767.0,513.0,79.8,10.0,6.6,1.7,446.0,264.0,19.3,6.3,41.0,26.8,21.33,False,4095,0.0,1.0,0.0,EXT-OPEN-METEO-KHI,KARACHI,OPENSOURCE_API_GRID,961,,,,0.95,True,False,TIER2_OPENSOURCE_PURE;HOURLY_NODE;VERIFIED_MODEL_GRID,20ecd9f1caf6f199c5d4b20638bef6bf95bef5e32e398ca51cdafe66d0eb220c,2026-09-30T16:00:00+00:00,2026-09-30 21:00:00,72.0,1012.4,99
19.3,28.4,82.9,1760.8,511.2,79.5,9.9,6.6,1.7,446.0,264.0,19.3,6.3,41.0,26.8,21.37,False,4095,0.0,1.0,0.0,EXT-OPEN-METEO-KHI,KARACHI,OPENSOURCE_API_GRID,962,,,,0.95,True,True,TIER2_OPENSOURCE_PURE;CONTINUOUS_MINUTE_STREAM;VERIFIED_MODEL_GRID,0a2aa7d2494012b5154bcdf158527607e14d2dd1599172319e807ae376658a11,2026-09-30T16:01:00+00:00,2026-09-30 21:01:00,72.2,1012.4,99
19.3,28.4,83.0,1760.8,511.2,79.5,9.9,6.6,1.7,446.0,264.0,19.3,6.3,41.0,26.8,21.37,False,4095,0.0,1.0,0.0,EXT-OPEN-METEO-KHI,KARACHI,OPENSOURCE_API_GRID,963,,,,0.95,True,True,TIER2_OPENSOURCE_PURE;CONTINUOUS_MINUTE_STREAM;VERIFIED_MODEL_GRID,31ecd2c5a276340460697c2acf7902c26a5a9f3c184dcf7363921eec2d6cee94,2026-09-30T16:02:00+00:00,2026-09-30 21:02:00,72.2,1012.4,99
19.4,28.5,83.0,1767.0,513.0,79.8,10.0,6.6,1.7,446.0,264.0,19.3,6.3,41.0,26.8,21.37,False,4095,0.0,1.0,0.0,EXT-OPEN-METEO-KHI,KARACHI,OPENSOURCE_API_GRID,964,,,,0.95,True,True,TIER2_OPENSOURCE_PURE;CONTINUOUS_MINUTE_STREAM;VERIFIED_MODEL_GRID,fbe506ba535095a9f349c4ee298f82c55e21cb7b4e901a23cb59c19b42987153,2026-09-30T16:03:00+00:00,2026-09-30 21:03:00,72.2,1012.4,99
19.4,28.5,83.0,1767.0,513.0,79.8,10.0,6.6,1.7,446.0,264.0,19.3,6.3,41.0,26.8,21.37,False,4095,0.0,1.0,0.0,EXT-OPEN-METEO-KHI,KARACHI,OPENSOURCE_API_GRID,965,,,,0.95,True,True,TIER2_OPENSOURCE_PURE;CONTINUOUS_MINUTE_STREAM;VERIFIED_MODEL_GRID,ac345dd1fe374d64848ed885cc6e09932d5abc0dc840a4bb6a31c41e5913321f,2026-09-30T16:04:00+00:00,2026-09-30 21:04:00,72.2,1012.4,99
19.4,28.6,83.1,1773.2,514.8,80.1,10.0,6.6,1.7,446.0,264.0,19.3,6.3,40.9,26.8,21.37,False,4095,0.0,1.0,0.0,EXT-OPEN-METEO-KHI,KARACHI,OPENSOURCE_API_GRID,966,,,,0.95,True,True,TIER2_OPENSOURCE_PURE;CONTINUOUS_MINUTE_STREAM;VERIFIED_MODEL_GRID,a1999fad2d6224e7280e1c1271b6e1dcc16c2606b65f2bd68e26514f8349fb16,2026-09-30T16:05:00+00:00,2026-09-30 21:05:00,72.2,1012.4,99
19.4,28.6,83.1,1773.2,514.8,80.1,10.0,6.6,1.7,446.0,264.0,19.4,6.3,40.9,26.8,21.35,False,4095,0.0,1.0,0.0,EXT-OPEN-METEO-KHI,KARACHI,OPENSOURCE_API_GRID,967,,,,0.95,True,True,TIER2_OPENSOURCE_PURE;CONTINUOUS_MINUTE_STREAM;VERIFIED_MODEL_GRID,54e177ed8bc1b5b04b661b84efed00d23e4c3c7a184b4f5394f9e2d56027ded6,2026-09-30T16:06:00+00:00,2026-09-30 21:06:00,72.1,1012.4,99
19.4,28.6,83.1,1773.2,514.8,80.1,10.0,6.6,1.7,446.0,264.1,19.4,6.3,40.9,26.8,21.35,False,4095,0.0,1.1,0.0,EXT-OPEN-METEO-KHI,KARACHI,OPENSOURCE_API_GRID,968,,,,0.95,True,True,TIER2_OPENSOURCE_PURE;CONTINUOUS_MINUTE_STREAM;VERIFIED_MODEL_GRID,3831006e40fb6712aaffbf34703bfb3e2530fcdc97333ec4319fe645376dffda,2026-09-30T16:07:00+00:00,2026-09-30 21:07:00,72.1,1012.4,99
19.4,28.6,83.0,1773.2,514.8,80.1,10.0,6.6,1.7,446.0,264.1,19.4,6.3,40.9,26.8,21.35,False,4095,0.0,1.1,0.0,EXT-OPEN-METEO-KHI,KARACHI,OPENSOURCE_API_GRID,969,,,,0.95,True,True,TIER2_OPENSOURCE_PURE;CONTINUOUS_MINUTE_STREAM;VERIFIED_MODEL_GRID,b59dfb44db4c2df7e678effaa32ea6fe76f10a2ff406535f4de4f118178fd322,2026-09-30T16:08:00+00:00,2026-09-30 21:08:00,72.1,1012.4,99
19.4,28.6,83.0,1773.2,514.8,80.1,10.0,6.6,1.7,446.1,264.1,19.4,6.3,40.8,26.8,21.35,False,4095,0.0,1.1,0.0,EXT-OPEN-METEO-KHI,KARACHI,OPENSOURCE_API_GRID,970,,,,0.95,True,True,TIER2_OPENSOURCE_PURE;CONTINUOUS_MINUTE_STREAM;VERIFIED_MODEL_GRID,b50ad6cce26e55c09dff84f8ee88acc54ff44b997f3cecc73701c85128acb9cb,2026-09-30T16:09:00+00:00,2026-09-30 21:09:00,72.1,1012.4,99
19.4,28.6,82.9,1773.2,514.8,80.1,10.0,6.6,1.7,446.1,264.1,19.5,6.3,40.8,26.8,21.35,False,4095,0.0,1.1,0.0,EXT-OPEN-METEO-KHI,KARACHI,OPENSOURCE_API_GRID,971,,,,0.95,True,True,TIER2_OPENSOURCE_PURE;CONTINUOUS_MINUTE_STREAM;VERIFIED_MODEL_GRID,424dcd84d1dd7828dcd34d0798172a7c0251d244b2b4fecba0dc4f1b2553e520,2026-09-30T16:10:00+00:00,2026-09-30 21:10:00,72.1,1012.4,99
19.4,28.6,82.9,1773.2,514.8,80.1,10.0,6.6,1.7,446.1,264.2,19.5,6.3,40.8,26.8,21.35,False,4095,0.0,1.2,0.0,EXT-OPEN-METEO-KHI,KARACHI,OPENSOURCE_API_GRID,972,,,,0.95,True,True,TIER2_OPENSOURCE_PURE;CONTINUOUS_MINUTE_STREAM;VERIFIED_MODEL_GRID,f73b9cec90e94a1a93a0ef2961cef920ffc23fd43ba737a703e5f013b6b88354,2026-09-30T16:11:00+00:00,2026-09-30 21:11:00,72.1,1012.4,99
19.4,28.6,82.8,1773.2,514.8,80.1,10.0,6.6,1.7,446.1,264.2,19.5,6.3,40.7,26.8,21.37,False,4095,0.0,1.2,0.0,EXT-OPEN-METEO-KHI,KARACHI,OPENSOURCE_API_GRID,973,,,,0.95,True,True,TIER2_OPENSOURCE_PURE;CONTINUOUS_MINUTE_STREAM;VERIFIED_MODEL_GRID,e4f9df22985ae4eea3f5969ab266acaaed852a8390423d1e5a5c324233bb3a14,2026-09-30T16:12:00+00:00,2026-09-30 21:12:00,72.2,1012.4,99
19.4,28.5,82.6,1767.0,513.0,79.8,10.0,6.6,1.7,446.1,264.2,19.6,6.4,40.7,26.8,21.37,False,4095,0.0,1.2,0.0,EXT-OPEN-METEO-KHI,KARACHI,OPENSOURCE_API_GRID,974,,,,0.95,True,True,TIER2_OPENSOURCE_PURE;CONTINUOUS_MINUTE_STREAM;VERIFIED_MODEL_GRID,7fc327aba99c5ab29bc0217b3d28df0635265bea0d53a13a8b929f7f6498c065,2026-09-30T16:13:00+00:00,2026-09-30 21:13:00,72.2,1012.4,99
19.4,28.5,82.5,1767.0,513.0,79.8,10.0,6.6,1.7,446.1,264.3,19.6,6.4,40.6,26.8,21.37,False,4095,0.0,1.3,0.0,EXT-OPEN-METEO-KHI,KARACHI,OPENSOURCE_API_GRID,975,,,,0.95,True,True,TIER2_OPENSOURCE_PURE;CONTINUOUS_MINUTE_STREAM;VERIFIED_MODEL_GRID,6852255d9ba1ebf66cfc57d1172865d7abeb879fb5ce4cc2391d0c2c85162f3e,2026-09-30T16:14:00+00:00,2026-09-30 21:14:00,72.2,1012.4,99
19.4,28.5,82.4,1767.0,513.0,79.8,10.0,6.6,1.6,446.1,264.3,19.7,6.4,40.6,26.8,21.37,False,4095,0.0,1.3,0.0,EXT-OPEN-METEO-KHI,KARACHI,OPENSOURCE_API_GRID,976,,,,0.95,True,True,TIER2_OPENSOURCE_PURE;CONTINUOUS_MINUTE_STREAM;VERIFIED_MODEL_GRID,a0e9f13b3d9cae95343bb3729ede13aba12b07bab0f708b172d142a30e99c20e,2026-09-30T16:15:00+00:00,2026-09-30 21:15:00,72.2,1012.4,99
19.3,28.4,82.3,1760.8,511.2,79.5,9.9,6.6,1.6,446.2,264.3,19.7,6.4,40.5,26.8,21.37,False,4095,0.0,1.3,0.0,EXT-OPEN-METEO-KHI,KARACHI,OPENSOURCE_API_GRID,977,,,,0.95,True,True,TIER2_OPENSOURCE_PURE;CONTINUOUS_MINUTE_STREAM;VERIFIED_MODEL_GRID,bd5fe1770a7be773d921b6f00a3c908b72542d1dc6837c6edd9fb142edfdeac7,2026-09-30T16:16:00+00:00,2026-09-30 21:16:00,72.2,1012.5,99
19.3,28.4,82.1,1760.8,511.2,79.5,9.9,6.6,1.6,446.2,264.4,19.8,6.4,40.4,26.8,21.37,False,4095,0.0,1.4,0.0,EXT-OPEN-METEO-KHI,KARACHI,OPENSOURCE_API_GRID,978,,,,0.95,True,True,TIER2_OPENSOURCE_PURE;CONTINUOUS_MINUTE_STREAM;VERIFIED_MODEL_GRID,06dfde5c2fc4a18655bd457937926e71ee45841c8c8455b36af6380b7aba5373,2026-09-30T16:17:00+00:00,2026-09-30 21:17:00,72.2,1012.5,99
19.3,28.4,82.0,1760.8,511.2,79.5,9.9,6.6,1.6,446.2,264.4,19.8,6.4,40.4,26.7,21.3,False,4095,0.0,1.4,0.0,EXT-OPEN-METEO-KHI,KARACHI,OPENSOURCE_API_GRID,979,,,,0.95,True,True,TIER2_OPENSOURCE_PURE;CONTINUOUS_MINUTE_STREAM;VERIFIED_MODEL_GRID,c16c7795a3c602116ecd8148d319d989e99ebabeefb3cae3924bf966848966e5,2026-09-30T16:18:00+00:00,2026-09-30 21:18:00,72.3,1012.5,99
19.2,28.3,81.9,1754.6,509.4,79.2,9.9,6.6,1.6,446.2,264.5,19.9,6.4,40.3,26.7,21.3,False,4095,0.0,1.5,0.0,EXT-OPEN-METEO-KHI,KARACHI,OPENSOURCE_API_GRID,980,,,,0.95,True,True,TIER2_OPENSOURCE_PURE;CONTINUOUS_MINUTE_STREAM;VERIFIED_MODEL_GRID,f50554a05394ebe8fba7b98a7ef9d44ca876ec1a9d287333da1c8e2c024c9e0d,2026-09-30T16:19:00+00:00,2026-09-30 21:19:00,72.3,1012.5,99
19.2,28.3,81.8,1754.6,509.4,79.2,9.9,6.5,1.6,446.2,264.5,19.9,6.4,40.2,26.7,21.32,False,4095,0.0,1.5,0.0,EXT-OPEN-METEO-KHI,KARACHI,OPENSOURCE_API_GRID,981,,,,0.95,True,True,TIER2_OPENSOURCE_PURE;CONTINUOUS_MINUTE_STREAM;VERIFIED_MODEL_GRID,811b544a70e7d073b61cdd056f66475598ed0561ec66042f8a3f2c0cd51b0335,2026-09-30T16:20:00+00:00,2026-09-30 21:20:00,72.4,1012.5,99
19.2,28.3,81.7,1754.6,509.4,79.2,9.9,6.5,1.6,446.3,264.5,20.0,6.4,40.2,26.7,21.32,False,4095,0.0,1.5,0.0,EXT-OPEN-METEO-KHI,KARACHI,OPENSOURCE_API_GRID,982,,,,0.95,True,True,TIER2_OPENSOURCE_PURE;CONTINUOUS_MINUTE_STREAM;VERIFIED_MODEL_GRID,3d03911b49809a21289462c51a19d73eec2ee7495f0bc05296cc439547b85457,2026-09-30T16:21:00+00:00,2026-09-30 21:21:00,72.4,1012.5,99
19.2,28.3,81.6,1754.6,509.4,79.2,9.9,6.5,1.6,446.3,264.6,20.0,6.4,40.1,26.7,21.35,False,4095,0.0,1.6,0.0,EXT-OPEN-METEO-KHI,KARACHI,OPENSOURCE_API_GRID,983,,,,0.95,True,True,TIER2_OPENSOURCE_PURE;CONTINUOUS_MINUTE_STREAM;VERIFIED_MODEL_GRID,4d66d94641c6152197ca2247515f12542411b347791877a97b4b59a525aaa6d7,2026-09-30T16:22:00+00:00,2026-09-30 21:22:00,72.5,1012.5,99
19.2,28.3,81.5,1754.6,509.4,79.2,9.9,6.5,1.6,446.3,264.6,20.1,6.5,40.0,26.7,21.35,False,4095,0.0,1.6,0.0,EXT-OPEN-METEO-KHI,KARACHI,OPENSOURCE_API_GRID,984,,,,0.95,True,True,TIER2_OPENSOURCE_PURE;CONTINUOUS_MINUTE_STREAM;VERIFIED_MODEL_GRID,b23bfa8a704512b679106f5b1ce239177f1a4585b8b2c66971702ad3901a5c44,2026-09-30T16:23:00+00:00,2026-09-30 21:23:00,72.5,1012.5,99
19.3,28.4,81.4,1760.8,511.2,79.5,9.9,6.5,1.6,446.3,264.7,20.2,6.5,40.0,26.7,21.37,False,4095,0.0,1.7,0.0,EXT-OPEN-METEO-KHI,KARACHI,OPENSOURCE_API_GRID,985,,,,0.95,True,True,TIER2_OPENSOURCE_PURE;CONTINUOUS_MINUTE_STREAM;VERIFIED_MODEL_GRID,af8a713aaf354c333755bcd963540c2e126589fd08a4e4103280e8c4b06e5e7c,2026-09-30T16:24:00+00:00,2026-09-30 21:24:00,72.6,1012.5,99
19.3,28.4,81.4,1760.8,511.2,79.5,9.9,6.5,1.6,446.4,264.7,20.2,6.5,39.9,26.7,21.37,False,4095,0.0,1.7,0.0,EXT-OPEN-METEO-KHI,KARACHI,OPENSOURCE_API_GRID,986,,,,0.95,True,True,TIER2_OPENSOURCE_PURE;CONTINUOUS_MINUTE_STREAM;VERIFIED_MODEL_GRID,bad2476b93822fdc192a7e5a8140f100a08d2c9b8d5d6c9452bb75f5d5cb0c01,2026-09-30T16:25:00+00:00,2026-09-30 21:25:00,72.6,1012.5,99
19.3,28.4,81.3,1760.8,511.2,79.5,9.9,6.5,1.6,446.4,264.8,20.3,6.5,39.8,26.7,21.39,False,4095,0.0,1.8,0.0,EXT-OPEN-METEO-KHI,KARACHI,OPENSOURCE_API_GRID,987,,,,0.95,True,True,TIER2_OPENSOURCE_PURE;CONTINUOUS_MINUTE_STREAM;VERIFIED_MODEL_GRID,2258596c5da3d64572180316e4d0825d0b164fcf763e11cf9bc8f18f38de422f,2026-09-30T16:26:00+00:00,2026-09-30 21:26:00,72.7,1012.5,99
19.4,28.5,81.3,1767.0,513.0,79.8,10.0,6.5,1.6,446.4,264.8,20.4,6.5,39.7,26.7,21.41,False,4095,0.0,1.8,0.0,EXT-OPEN-METEO-KHI,KARACHI,OPENSOURCE_API_GRID,988,,,,0.95,True,True,TIER2_OPENSOURCE_PURE;CONTINUOUS_MINUTE_STREAM;VERIFIED_MODEL_GRID,948089ef0513fa44b181d939330b4e8ae58f31816a4affe8ba63b13d87bdd290,2026-09-30T16:27:00+00:00,2026-09-30 21:27:00,72.8,1012.5,99
19.4,28.5,81.2,1767.0,513.0,79.8,10.0,6.5,1.6,446.4,264.9,20.4,6.5,39.7,26.7,21.44,False,4095,0.0,1.9,0.0,EXT-OPEN-METEO-KHI,KARACHI,OPENSOURCE_API_GRID,989,,,,0.95,True,True,TIER2_OPENSOURCE_PURE;CONTINUOUS_MINUTE_STREAM;VERIFIED_MODEL_GRID,27c0fd870ec52e2fd368626a89cd974b1718bca5c0361737df9fc3c08e2dbbb0,2026-09-30T16:28:00+00:00,2026-09-30 21:28:00,72.9,1012.5,99
19.4,28.6,81.2,1773.2,514.8,80.1,10.0,6.5,1.6,446.5,264.9,20.5,6.5,39.6,26.7,21.44,False,4095,0.0,1.9,0.0,EXT-OPEN-METEO-KHI,KARACHI,OPENSOURCE_API_GRID,990,,,,0.95,True,True,TIER2_OPENSOURCE_PURE;CONTINUOUS_MINUTE_STREAM;VERIFIED_MODEL_GRID,f2edf1d54b8be093ed9cf1675c09be22117c945e0a551e6929b42b515cce1a91,2026-09-30T16:29:00+00:00,2026-09-30 21:29:00,72.9,1012.5,99
19.4,28.6,81.2,1773.2,514.8,80.1,10.0,6.5,1.6,446.5,265.0,20.5,6.5,39.5,26.7,21.46,False,4095,0.0,2.0,0.0,EXT-OPEN-METEO-KHI,KARACHI,OPENSOURCE_API_GRID,991,,,,0.95,True,True,TIER2_OPENSOURCE_PURE;CONTINUOUS_MINUTE_STREAM;VERIFIED_MODEL_GRID,0b88352337ebd02017d5541674a315c20ca091fbaed97cf89fcd01adfa2b062d,2026-09-30T16:30:00+00:00,2026-09-30 21:30:00,73.0,1012.5,99
19.5,28.7,81.2,1779.4,516.6,80.4,10.0,6.5,1.6,446.5,265.1,20.6,6.6,39.4,26.7,21.48,False,4095,0.0,2.1,0.0,EXT-OPEN-METEO-KHI,KARACHI,OPENSOURCE_API_GRID,992,,,,0.95,True,True,TIER2_OPENSOURCE_PURE;CONTINUOUS_MINUTE_STREAM;VERIFIED_MODEL_GRID,c04a043370048bf63bfaca7f13f7b5d51a9c7b7f94ada88cca70f27a4a4cb3f4,2026-09-30T16:31:00+00:00,2026-09-30 21:31:00,73.1,1012.5,99
19.4,28.6,81.0,1773.2,514.8,80.1,10.0,6.5,1.6,446.6,265.1,20.7,6.6,39.3,26.7,21.53,False,4095,0.0,2.1,0.0,EXT-OPEN-METEO-KHI,KARACHI,OPENSOURCE_API_GRID,993,,,,0.95,True,True,TIER2_OPENSOURCE_PURE;CONTINUOUS_MINUTE_STREAM;VERIFIED_MODEL_GRID,9789a5a6a2a59e99dc5244952cc5fe215260e61e49c568bf99b4a028efe73d90,2026-09-30T16:32:00+00:00,2026-09-30 21:32:00,73.3,1012.5,99
19.5,28.7,80.9,1779.4,516.6,80.4,10.0,6.5,1.6,446.6,265.2,20.7,6.6,39.3,26.7,21.53,False,4095,0.0,2.2,0.0,EXT-OPEN-METEO-KHI,KARACHI,OPENSOURCE_API_GRID,994,,,,0.95,True,True,TIER2_OPENSOURCE_PURE;CONTINUOUS_MINUTE_STREAM;VERIFIED_MODEL_GRID,84c948bbf712477afbd31c301cdcd270a39d1d50e1374fbd6384c58336a5dae6,2026-09-30T16:33:00+00:00,2026-09-30 21:33:00,73.3,1012.5,99
19.5,28.7,80.9,1779.4,516.6,80.4,10.0,6.5,1.6,446.6,265.2,20.8,6.6,39.2,26.7,21.53,False,4095,0.0,2.2,0.0,EXT-OPEN-METEO-KHI,KARACHI,OPENSOURCE_API_GRID,995,,,,0.95,True,True,TIER2_OPENSOURCE_PURE;CONTINUOUS_MINUTE_STREAM;VERIFIED_MODEL_GRID,acdf799ae09279172c7944422af06d9e3707e9bf3ebd8c7382807b75f6165970,2026-09-30T16:34:00+00:00,2026-09-30 21:34:00,73.3,1012.5,99
19.6,28.8,80.9,1785.6,518.4,80.6,10.1,6.5,1.6,446.6,265.3,20.9,6.6,39.1,26.7,21.55,False,4095,0.0,2.3,0.0,EXT-OPEN-METEO-KHI,KARACHI,OPENSOURCE_API_GRID,996,,,,0.95,True,True,TIER2_OPENSOURCE_PURE;CONTINUOUS_MINUTE_STREAM;VERIFIED_MODEL_GRID,20bc6c9c69dd27f7fdd4c80842e6164175c380d1baa06f0c6bc50b94b8186fd8,2026-09-30T16:35:00+00:00,2026-09-30 21:35:00,73.4,1012.5,99
19.6,28.8,80.8,1785.6,518.4,80.6,10.1,6.5,1.6,446.7,265.3,20.9,6.6,39.0,26.7,21.55,False,4095,0.0,2.3,0.0,EXT-OPEN-METEO-KHI,KARACHI,OPENSOURCE_API_GRID,997,,,,0.95,True,True,TIER2_OPENSOURCE_PURE;CONTINUOUS_MINUTE_STREAM;VERIFIED_MODEL_GRID,ed4308bb965f05bc1dcc374b9410722062d09e732390dda07a5dd7107e9a9a78,2026-09-30T16:36:00+00:00,2026-09-30 21:36:00,73.4,1012.5,99
19.7,28.9,80.8,1791.8,520.2,80.9,10.1,6.5,1.6,446.7,265.4,21.0,6.6,39.0,26.7,21.57,False,4095,0.0,2.4,0.0,EXT-OPEN-METEO-KHI,KARACHI,OPENSOURCE_API_GRID,998,,,,0.95,True,True,TIER2_OPENSOURCE_PURE;CONTINUOUS_MINUTE_STREAM;VERIFIED_MODEL_GRID,81b51fedec066de0d5ca0915045f8e41fe3ca23da021674bc61693dd90da7686,2026-09-30T16:37:00+00:00,2026-09-30 21:37:00,73.5,1012.5,99
19.7,28.9,80.7,1791.8,520.2,80.9,10.1,6.5,1.6,446.7,265.4,21.1,6.7,38.9,26.7,21.57,False,4095,0.0,2.4,0.0,EXT-OPEN-METEO-KHI,KARACHI,OPENSOURCE_API_GRID,999,,,,0.95,True,True,TIER2_OPENSOURCE_PURE;CONTINUOUS_MINUTE_STREAM;VERIFIED_MODEL_GRID,7defb6de5f51d8d9c6a8b23cbd306d0e8873f782d75b00ebcd17b9a0ffbdadc0,2026-09-30T16:38:00+00:00,2026-09-30 21:38:00,73.5,1012.6,99
19.7,28.9,80.7,1791.8,520.2,80.9,10.1,6.5,1.6,446.7,265.5,21.1,6.7,38.8,26.7,21.57,False,4095,0.0,2.5,0.0,EXT-OPEN-METEO-KHI,KARACHI,OPENSOURCE_API_GRID,1000,,,,0.95,True,True,TIER2_OPENSOURCE_PURE;CONTINUOUS_MINUTE_STREAM;VERIFIED_MODEL_GRID,5820b8431d766e2b7df2c7dcdfbecf5bec9b934f5a8ca36c0629a161d07a103d,2026-09-30T16:39:00+00:00,2026-09-30 21:39:00,73.5,1012.6,99
19.7,28.9,80.6,1791.8,520.2,80.9,10.1,6.4,1.6,446.8,265.5,21.2,6.7,38.8,26.7,21.57,False,4095,0.0,2.5,0.0,EXT-OPEN-METEO-KHI,KARACHI,OPENSOURCE_API_GRID,1001,,,,0.95,True,True,TIER2_OPENSOURCE_PURE;CONTINUOUS_MINUTE_STREAM;VERIFIED_MODEL_GRID,683aeb6e9ecf3f1ad3da496c9bf0d122f83c67cf28d817705118b2e3c7d87d4b,2026-09-30T16:40:00+00:00,2026-09-30 21:40:00,73.5,1012.6,99
19.7,28.9,80.5,1791.8,520.2,80.9,10.1,6.4,1.6,446.8,265.5,21.2,6.7,38.7,26.7,21.59,False,4095,0.0,2.5,0.0,EXT-OPEN-METEO-KHI,KARACHI,OPENSOURCE_API_GRID,1002,,,,0.95,True,True,TIER2_OPENSOURCE_PURE;CONTINUOUS_MINUTE_STREAM;VERIFIED_MODEL_GRID,6acc9f647708d504440bbafaf7f6b53fbf5540428776baee65495aaaf64c0817,2026-09-30T16:41:00+00:00,2026-09-30 21:41:00,73.6,1012.6,99
19.7,28.9,80.4,1791.8,520.2,80.9,10.1,6.4,1.6,446.8,265.6,21.3,6.7,38.6,26.7,21.59,False,4095,0.0,2.6,0.0,EXT-OPEN-METEO-KHI,KARACHI,OPENSOURCE_API_GRID,1003,,,,0.95,True,True,TIER2_OPENSOURCE_PURE;CONTINUOUS_MINUTE_STREAM;VERIFIED_MODEL_GRID,78d47154a3cde98a3535cd7b4d70b4905b656409bcd3e59d38ffe2909e42bd96,2026-09-30T16:42:00+00:00,2026-09-30 21:42:00,73.6,1012.6,99
19.7,28.9,80.2,1791.8,520.2,80.9,10.1,6.4,1.6,446.8,265.6,21.3,6.7,38.6,26.7,21.59,False,4095,0.0,2.6,0.0,EXT-OPEN-METEO-KHI,KARACHI,OPENSOURCE_API_GRID,1004,,,,0.95,True,True,TIER2_OPENSOURCE_PURE;CONTINUOUS_MINUTE_STREAM;VERIFIED_MODEL_GRID,c75688bc6abde55cbd7dd2f98a76ee2393da89693f69b5204068a9acc8d6ac40,2026-09-30T16:43:00+00:00,2026-09-30 21:43:00,73.6,1012.6,99
19.6,28.8,80.1,1785.6,518.4,80.6,10.1,6.4,1.6,446.8,265.7,21.4,6.7,38.5,26.7,21.59,False,4095,0.0,2.7,0.0,EXT-OPEN-METEO-KHI,KARACHI,OPENSOURCE_API_GRID,1005,,,,0.95,True,True,TIER2_OPENSOURCE_PURE;CONTINUOUS_MINUTE_STREAM;VERIFIED_MODEL_GRID,8848796a7f1797dbc6c48cc3465d93f8997b26b79b75925d4d12479e92d39b79,2026-09-30T16:44:00+00:00,2026-09-30 21:44:00,73.6,1012.6,99
19.6,28.8,80.0,1785.6,518.4,80.6,10.1,6.4,1.6,446.9,265.7,21.4,6.7,38.4,26.7,21.59,False,4095,0.0,2.7,0.0,EXT-OPEN-METEO-KHI,KARACHI,OPENSOURCE_API_GRID,1006,,,,0.95,True,True,TIER2_OPENSOURCE_PURE;CONTINUOUS_MINUTE_STREAM;VERIFIED_MODEL_GRID,cbdb8785cb36650462e7f9aed667788c9f84de4b0c70ac65395958139ddec453,2026-09-30T16:45:00+00:00,2026-09-30 21:45:00,73.6,1012.6,99
19.6,28.8,79.9,1785.6,518.4,80.6,10.1,6.4,1.6,446.9,265.7,21.5,6.7,38.4,26.6,21.5,False,4095,0.0,2.7,0.0,EXT-OPEN-METEO-KHI,KARACHI,OPENSOURCE_API_GRID,1007,,,,0.95,True,True,TIER2_OPENSOURCE_PURE;CONTINUOUS_MINUTE_STREAM;VERIFIED_MODEL_GRID,f39401550a0120861f26b23250aa59f7142d508c135c6551f87b6773d82f3c54,2026-09-30T16:46:00+00:00,2026-09-30 21:46:00,73.6,1012.6,99
19.5,28.7,79.7,1779.4,516.6,80.4,10.0,6.4,1.6,446.9,265.8,21.5,6.7,38.3,26.6,21.52,False,4095,0.0,2.8,0.0,EXT-OPEN-METEO-KHI,KARACHI,OPENSOURCE_API_GRID,1008,,,,0.95,True,True,TIER2_OPENSOURCE_PURE;CONTINUOUS_MINUTE_STREAM;VERIFIED_MODEL_GRID,b1416e7f84877a4f030f35a23ed8273abf04e3637373e68798bfacdeb94d97fe,2026-09-30T16:47:00+00:00,2026-09-30 21:47:00,73.7,1012.6,99
19.5,28.7,79.6,1779.4,516.6,80.4,10.0,6.4,1.6,446.9,265.8,21.6,6.8,38.3,26.6,21.52,False,4095,0.0,2.8,0.0,EXT-OPEN-METEO-KHI,KARACHI,OPENSOURCE_API_GRID,1009,,,,0.95,True,True,TIER2_OPENSOURCE_PURE;CONTINUOUS_MINUTE_STREAM;VERIFIED_MODEL_GRID,7200af8bd9b2087200788dcc0ad781d0bdc00ee90fd8eea16b6ed3ec5f6c8da4,2026-09-30T16:48:00+00:00,2026-09-30 21:48:00,73.7,1012.6,99
19.4,28.6,79.5,1773.2,514.8,80.1,10.0,6.4,1.6,446.9,265.8,21.6,6.8,38.2,26.6,21.52,False,4095,0.0,2.8,0.0,EXT-OPEN-METEO-KHI,KARACHI,OPENSOURCE_API_GRID,1010,,,,0.95,True,True,TIER2_OPENSOURCE_PURE;CONTINUOUS_MINUTE_STREAM;VERIFIED_MODEL_GRID,7b10983e92fdc992c1473a43cbd94749543ca867fba282c3414ce21979227ee1,2026-09-30T16:49:00+00:00,2026-09-30 21:49:00,73.7,1012.6,99
19.4,28.6,79.4,1773.2,514.8,80.1,10.0,6.4,1.6,446.9,265.9,21.6,6.8,38.2,26.6,21.52,False,4095,0.0,2.9,0.0,EXT-OPEN-METEO-KHI,KARACHI,OPENSOURCE_API_GRID,1011,,,,0.95,True,True,TIER2_OPENSOURCE_PURE;CONTINUOUS_MINUTE_STREAM;VERIFIED_MODEL_GRID,b7f7e05518859728693a03e0b1494b6d795877cb8740f26cbe83f5f551eb489e,2026-09-30T16:50:00+00:00,2026-09-30 21:50:00,73.7,1012.6,99
19.4,28.6,79.3,1773.2,514.8,80.1,10.0,6.3,1.6,446.9,265.9,21.7,6.8,38.2,26.6,21.52,False,4095,0.0,2.9,0.0,EXT-OPEN-METEO-KHI,KARACHI,OPENSOURCE_API_GRID,1012,,,,0.95,True,True,TIER2_OPENSOURCE_PURE;CONTINUOUS_MINUTE_STREAM;VERIFIED_MODEL_GRID,c8a9e67d7989c1ddf506c15dec699bb5f223e35298edeee9c1ca254942506911,2026-09-30T16:51:00+00:00,2026-09-30 21:51:00,73.7,1012.6,99
19.4,28.6,79.3,1773.2,514.8,80.1,10.0,6.3,1.6,447.0,265.9,21.7,6.8,38.1,26.6,21.54,False,4095,0.0,2.9,0.0,EXT-OPEN-METEO-KHI,KARACHI,OPENSOURCE_API_GRID,1013,,,,0.95,True,True,TIER2_OPENSOURCE_PURE;CONTINUOUS_MINUTE_STREAM;VERIFIED_MODEL_GRID,f118387df157ded2472b3f4acfcd2dede0986e89b573f2fa8ec88ab2b111df30,2026-09-30T16:52:00+00:00,2026-09-30 21:52:00,73.8,1012.6,99
19.4,28.6,79.2,1773.2,514.8,80.1,10.0,6.3,1.6,447.0,265.9,21.7,6.8,38.1,26.6,21.54,False,4095,0.0,2.9,0.0,EXT-OPEN-METEO-KHI,KARACHI,OPENSOURCE_API_GRID,1014,,,,0.95,True,True,TIER2_OPENSOURCE_PURE;CONTINUOUS_MINUTE_STREAM;VERIFIED_MODEL_GRID,fafd34aa255f2d773b5abb4413c30fab0cd609dcd6a08fe92a01c90eb454732b,2026-09-30T16:53:00+00:00,2026-09-30 21:53:00,73.8,1012.6,99
19.4,28.6,79.2,1773.2,514.8,80.1,10.0,6.3,1.6,447.0,266.0,21.7,6.8,38.1,26.6,21.54,False,4095,0.0,3.0,0.0,EXT-OPEN-METEO-KHI,KARACHI,OPENSOURCE_API_GRID,1015,,,,0.95,True,True,TIER2_OPENSOURCE_PURE;CONTINUOUS_MINUTE_STREAM;VERIFIED_MODEL_GRID,aae1a06c551c55058bf516dd1df57d002f4850b8c3502df742d120ab23bf1f65,2026-09-30T16:54:00+00:00,2026-09-30 21:54:00,73.8,1012.6,99
19.4,28.6,79.2,1773.2,514.8,80.1,10.0,6.3,1.6,447.0,266.0,21.8,6.8,38.1,26.6,21.56,False,4095,0.0,3.0,0.0,EXT-OPEN-METEO-KHI,KARACHI,OPENSOURCE_API_GRID,1016,,,,0.95,True,True,TIER2_OPENSOURCE_PURE;CONTINUOUS_MINUTE_STREAM;VERIFIED_MODEL_GRID,e8f7e7015bbdc9cbe03c459f24be4aa8acfcf3d176c15b17cb196c124f81d705,2026-09-30T16:55:00+00:00,2026-09-30 21:55:00,73.9,1012.6,99
19.4,28.6,79.2,1773.2,514.8,80.1,10.0,6.3,1.6,447.0,266.0,21.8,6.8,38.0,26.6,21.56,False,4095,0.0,3.0,0.0,EXT-OPEN-METEO-KHI,KARACHI,OPENSOURCE_API_GRID,1017,,,,0.95,True,True,TIER2_OPENSOURCE_PURE;CONTINUOUS_MINUTE_STREAM;VERIFIED_MODEL_GRID,c142cccf2c63289935561b70c0f4542a5e61c9eb08a3b1dd50822b05e1f792fe,2026-09-30T16:56:00+00:00,2026-09-30 21:56:00,73.9,1012.6,99
19.5,28.7,79.2,1779.4,516.6,80.4,10.0,6.3,1.6,447.0,266.0,21.8,6.8,38.0,26.6,21.56,False,4095,0.0,3.0,0.0,EXT-OPEN-METEO-KHI,KARACHI,OPENSOURCE_API_GRID,1018,,,,0.95,True,True,TIER2_OPENSOURCE_PURE;CONTINUOUS_MINUTE_STREAM;VERIFIED_MODEL_GRID,916f44b89e313cea84abdc59777c6980fbd5f2b3d5f2c1054821d1fb22bc6068,2026-09-30T16:57:00+00:00,2026-09-30 21:57:00,73.9,1012.6,99
19.5,28.7,79.3,1779.4,516.6,80.4,10.0,6.3,1.6,447.0,266.0,21.8,6.8,38.0,26.6,21.56,False,4095,0.0,3.0,0.0,EXT-OPEN-METEO-KHI,KARACHI,OPENSOURCE_API_GRID,1019,,,,0.95,True,True,TIER2_OPENSOURCE_PURE;CONTINUOUS_MINUTE_STREAM;VERIFIED_MODEL_GRID,8bdd05ba89e1f53ddd39a16fab8fbcafa8ee36502d88ef157b14c4d6c3212601,2026-09-30T16:58:00+00:00,2026-09-30 21:58:00,73.9,1012.6,99
19.5,28.7,79.3,1779.4,516.6,80.4,10.0,6.3,1.6,447.0,266.0,21.8,6.8,38.0,26.6,21.58,False,4095,0.0,3.0,0.0,EXT-OPEN-METEO-KHI,KARACHI,OPENSOURCE_API_GRID,1020,,,,0.95,True,True,TIER2_OPENSOURCE_PURE;CONTINUOUS_MINUTE_STREAM;VERIFIED_MODEL_GRID,252a3e6628be703b97e85272cf14985f6b6f6cf7a7a9efcdf354c9a424ae8424,2026-09-30T16:59:00+00:00,2026-09-30 21:59:00,74.0,1012.6,99
19.6,28.8,79.4,1785.6,518.4,80.6,10.1,6.4,1.6,447.0,266.0,21.8,6.8,38.0,26.6,21.58,False,4095,0.0,3.0,0.0,EXT-OPEN-METEO-KHI,KARACHI,OPENSOURCE_API_GRID,1021,,,,0.95,True,False,TIER2_OPENSOURCE_PURE;HOURLY_NODE;VERIFIED_MODEL_GRID,1e631b0307df183fa6d0ca679c92f5b7da0553eebe24cceef9a53d44175e0531,2026-09-30T17:00:00+00:00,2026-09-30 22:00:00,74.0,1012.6,98
19.6,28.8,79.4,1785.6,518.4,80.6,10.1,6.4,1.6,447.0,266.0,21.8,6.8,38.0,26.6,21.58,False,4095,0.0,3.0,0.0,EXT-OPEN-METEO-KHI,KARACHI,OPENSOURCE_API_GRID,1022,,,,0.95,True,True,TIER2_OPENSOURCE_PURE;CONTINUOUS_MINUTE_STREAM;VERIFIED_MODEL_GRID,2caad78289c4cdd181a56e2df780828f8b1337f942be66e70380a7140299482c,2026-09-30T17:01:00+00:00,2026-09-30 22:01:00,74.0,1012.6,98
19.7,28.9,79.5,1791.8,520.2,80.9,10.1,6.4,1.6,447.0,266.0,21.8,6.8,38.0,26.6,21.58,False,4095,0.0,3.0,0.0,EXT-OPEN-METEO-KHI,KARACHI,OPENSOURCE_API_GRID,1023,,,,0.95,True,True,TIER2_OPENSOURCE_PURE;CONTINUOUS_MINUTE_STREAM;VERIFIED_MODEL_GRID,f44bf7117720ff24ac8659a61296bbd77a75aeef66e26b17af7e61f215f32a1d,2026-09-30T17:02:00+00:00,2026-09-30 22:02:00,74.0,1012.6,98
19.6,28.8,79.4,1785.6,518.4,80.6,10.1,6.4,1.6,447.0,265.9,21.8,6.8,38.0,26.6,21.63,False,4095,0.0,3.0,0.0,EXT-OPEN-METEO-KHI,KARACHI,OPENSOURCE_API_GRID,1024,,,,0.95,True,True,TIER2_OPENSOURCE_PURE;CONTINUOUS_MINUTE_STREAM;VERIFIED_MODEL_GRID,52657e860cf48152f8095ad0f38a222105681817b9247434b15aff42b26f75d2,2026-09-30T17:03:00+00:00,2026-09-30 22:03:00,74.2,1012.6,98
19.6,28.8,79.4,1785.6,518.4,80.6,10.1,6.4,1.6,447.0,265.9,21.8,6.8,38.0,26.6,21.63,False,4095,0.0,3.0,0.0,EXT-OPEN-METEO-KHI,KARACHI,OPENSOURCE_API_GRID,1025,,,,0.95,True,True,TIER2_OPENSOURCE_PURE;CONTINUOUS_MINUTE_STREAM;VERIFIED_MODEL_GRID,ad68370c1b026fca4a77f2f8a2ba7298e0b0f8ab092fe21b1bdbfaa5cce08415,2026-09-30T17:04:00+00:00,2026-09-30 22:04:00,74.2,1012.6,98
19.7,28.9,79.5,1791.8,520.2,80.9,10.1,6.4,1.6,447.0,265.8,21.8,6.8,38.0,26.6,21.63,False,4095,0.0,3.0,0.0,EXT-OPEN-METEO-KHI,KARACHI,OPENSOURCE_API_GRID,1026,,,,0.95,True,True,TIER2_OPENSOURCE_PURE;CONTINUOUS_MINUTE_STREAM;VERIFIED_MODEL_GRID,b7274cb39a439037cdb5d804052c3d76946d0fd52729a88fc900d60b13c51843,2026-09-30T17:05:00+00:00,2026-09-30 22:05:00,74.2,1012.6,98
19.7,28.9,79.5,1791.8,520.2,80.9,10.1,6.4,1.6,447.0,265.8,21.8,6.8,38.0,26.6,21.63,False,4095,0.0,3.0,0.0,EXT-OPEN-METEO-KHI,KARACHI,OPENSOURCE_API_GRID,1027,,,,0.95,True,True,TIER2_OPENSOURCE_PURE;CONTINUOUS_MINUTE_STREAM;VERIFIED_MODEL_GRID,2fe293164c958e34c4427039198eab7ca08b915a2373cd7c4a23b6dd498d54e3,2026-09-30T17:06:00+00:00,2026-09-30 22:06:00,74.2,1012.6,98
19.7,29.0,79.6,1798.0,522.0,81.2,10.1,6.4,1.6,447.0,265.7,21.8,6.8,38.0,26.6,21.63,False,4095,0.0,3.1,0.0,EXT-OPEN-METEO-KHI,KARACHI,OPENSOURCE_API_GRID,1028,,,,0.95,True,True,TIER2_OPENSOURCE_PURE;CONTINUOUS_MINUTE_STREAM;VERIFIED_MODEL_GRID,70182bf481e072e3aad0e247cfa451710bdd064bfa3c1964f67782f97645494c,2026-09-30T17:07:00+00:00,2026-09-30 22:07:00,74.2,1012.6,98
19.7,29.0,79.6,1798.0,522.0,81.2,10.1,6.4,1.6,447.0,265.6,21.8,6.8,38.0,26.6,21.63,False,4095,0.0,3.1,0.0,EXT-OPEN-METEO-KHI,KARACHI,OPENSOURCE_API_GRID,1029,,,,0.95,True,True,TIER2_OPENSOURCE_PURE;CONTINUOUS_MINUTE_STREAM;VERIFIED_MODEL_GRID,b8efd074141dad636d807efac0342117fd13b0b71cb4fd1d37a5f95d3df0da60,2026-09-30T17:08:00+00:00,2026-09-30 22:08:00,74.2,1012.6,98
19.7,29.0,79.6,1798.0,522.0,81.2,10.1,6.4,1.6,447.0,265.5,21.8,6.8,37.9,26.6,21.63,False,4095,0.0,3.1,0.0,EXT-OPEN-METEO-KHI,KARACHI,OPENSOURCE_API_GRID,1030,,,,0.95,True,True,TIER2_OPENSOURCE_PURE;CONTINUOUS_MINUTE_STREAM;VERIFIED_MODEL_GRID,868f5c6131a122f788d0b770878f4f81640e73b8168d16caef46ae1659ad0879,2026-09-30T17:09:00+00:00,2026-09-30 22:09:00,74.2,1012.6,98
19.7,29.0,79.6,1798.0,522.0,81.2,10.1,6.4,1.6,447.0,265.4,21.8,6.8,37.9,26.6,21.63,False,4095,0.0,3.1,0.0,EXT-OPEN-METEO-KHI,KARACHI,OPENSOURCE_API_GRID,1031,,,,0.95,True,True,TIER2_OPENSOURCE_PURE;CONTINUOUS_MINUTE_STREAM;VERIFIED_MODEL_GRID,00b7edd120b55f375e5a2dda1a258e4ca7186233308c229cb046cc0d5dc04531,2026-09-30T17:10:00+00:00,2026-09-30 22:10:00,74.2,1012.6,98
19.7,29.0,79.6,1798.0,522.0,81.2,10.1,6.4,1.6,447.0,265.3,21.9,6.8,37.9,26.6,21.63,False,4095,0.0,3.2,0.0,EXT-OPEN-METEO-KHI,KARACHI,OPENSOURCE_API_GRID,1032,,,,0.95,True,True,TIER2_OPENSOURCE_PURE;CONTINUOUS_MINUTE_STREAM;VERIFIED_MODEL_GRID,827bd66e5b61dbc9e51bb3c69e2a9f8827b424f14bb236e78b87f3bc6b4ce383,2026-09-30T17:11:00+00:00,2026-09-30 22:11:00,74.2,1012.6,98
19.7,29.0,79.5,1798.0,522.0,81.2,10.1,6.4,1.6,447.0,265.1,21.9,6.8,37.9,26.6,21.63,False,4095,0.0,3.2,0.0,EXT-OPEN-METEO-KHI,KARACHI,OPENSOURCE_API_GRID,1033,,,,0.95,True,True,TIER2_OPENSOURCE_PURE;CONTINUOUS_MINUTE_STREAM;VERIFIED_MODEL_GRID,c1288695d6305a8045cd565e60eab1b2f69454afcf34b3c7a992347cf09d549c,2026-09-30T17:12:00+00:00,2026-09-30 22:12:00,74.2,1012.6,98
19.7,29.0,79.5,1798.0,522.0,81.2,10.1,6.4,1.6,447.0,265.0,21.9,6.8,37.9,26.6,21.63,False,4095,0.0,3.2,0.0,EXT-OPEN-METEO-KHI,KARACHI,OPENSOURCE_API_GRID,1034,,,,0.95,True,True,TIER2_OPENSOURCE_PURE;CONTINUOUS_MINUTE_STREAM;VERIFIED_MODEL_GRID,2129abc017a7393b915392f766f828356475519e979fc8db14f9e360b5cd4c0c,2026-09-30T17:13:00+00:00,2026-09-30 22:13:00,74.2,1012.6,98
19.7,28.9,79.4,1791.8,520.2,80.9,10.1,6.4,1.6,447.0,264.8,21.9,6.8,37.9,26.6,21.63,False,4095,0.0,3.3,0.0,EXT-OPEN-METEO-KHI,KARACHI,OPENSOURCE_API_GRID,1035,,,,0.95,True,True,TIER2_OPENSOURCE_PURE;CONTINUOUS_MINUTE_STREAM;VERIFIED_MODEL_GRID,129f522d2a8b7d75bc8210c57cb22628f0204a0b8def57e38e61d87dea30b775,2026-09-30T17:14:00+00:00,2026-09-30 22:14:00,74.2,1012.6,98
19.7,28.9,79.3,1791.8,520.2,80.9,10.1,6.3,1.6,447.0,264.7,21.9,6.8,37.9,26.6,21.63,False,4095,0.0,3.3,0.0,EXT-OPEN-METEO-KHI,KARACHI,OPENSOURCE_API_GRID,1036,,,,0.95,True,True,TIER2_OPENSOURCE_PURE;CONTINUOUS_MINUTE_STREAM;VERIFIED_MODEL_GRID,48933f6060a4fff780e1f6bd0dbb05931c58956a9bb8353cf4a7e57752e9f572,2026-09-30T17:15:00+00:00,2026-09-30 22:15:00,74.2,1012.6,98
19.7,28.9,79.2,1791.8,520.2,80.9,10.1,6.3,1.6,447.0,264.5,21.9,6.8,37.8,26.6,21.63,False,4095,0.0,3.3,0.0,EXT-OPEN-METEO-KHI,KARACHI,OPENSOURCE_API_GRID,1037,,,,0.95,True,True,TIER2_OPENSOURCE_PURE;CONTINUOUS_MINUTE_STREAM;VERIFIED_MODEL_GRID,bb799ff530624ef7f63adef815dadd4d7699a578aa36023fce9d9f7f8449d40d,2026-09-30T17:16:00+00:00,2026-09-30 22:16:00,74.2,1012.6,98
19.6,28.8,79.1,1785.6,518.4,80.6,10.1,6.3,1.6,447.0,264.3,21.9,6.8,37.8,26.6,21.65,False,4095,0.0,3.4,0.0,EXT-OPEN-METEO-KHI,KARACHI,OPENSOURCE_API_GRID,1038,,,,0.95,True,True,TIER2_OPENSOURCE_PURE;CONTINUOUS_MINUTE_STREAM;VERIFIED_MODEL_GRID,9e285054afd4bc6005f1d07fc4cf8940bee196f8d368c0132cdf9db3aabe328d,2026-09-30T17:17:00+00:00,2026-09-30 22:17:00,74.3,1012.6,98
19.6,28.8,79.0,1785.6,518.4,80.6,10.1,6.3,1.6,447.0,264.1,21.9,6.8,37.8,26.5,21.55,False,4095,0.0,3.4,0.0,EXT-OPEN-METEO-KHI,KARACHI,OPENSOURCE_API_GRID,1039,,,,0.95,True,True,TIER2_OPENSOURCE_PURE;CONTINUOUS_MINUTE_STREAM;VERIFIED_MODEL_GRID,56efd41d18c8d50f704b52e95c9c8b06ccb2e2bdcf904729435ccc4c2cf8c960,2026-09-30T17:18:00+00:00,2026-09-30 22:18:00,74.3,1012.6,98
19.5,28.7,78.9,1779.4,516.6,80.4,10.0,6.3,1.6,447.0,264.0,22.0,6.8,37.8,26.5,21.55,False,4095,0.0,3.5,0.0,EXT-OPEN-METEO-KHI,KARACHI,OPENSOURCE_API_GRID,1040,,,,0.95,True,True,TIER2_OPENSOURCE_PURE;CONTINUOUS_MINUTE_STREAM;VERIFIED_MODEL_GRID,57654e690659e2626b4d57ceeea34942382d3a1bafe09cb9cdecaf3a7ccc1515,2026-09-30T17:19:00+00:00,2026-09-30 22:19:00,74.3,1012.5,98
19.5,28.7,78.8,1779.4,516.6,80.4,10.0,6.3,1.6,447.0,263.8,22.0,6.8,37.8,26.5,21.58,False,4095,0.0,3.5,0.0,EXT-OPEN-METEO-KHI,KARACHI,OPENSOURCE_API_GRID,1041,,,,0.95,True,True,TIER2_OPENSOURCE_PURE;CONTINUOUS_MINUTE_STREAM;VERIFIED_MODEL_GRID,befa6c98faed39bd5bdc31483332f4dda8438122152ffab68d3961ec22c93a94,2026-09-30T17:20:00+00:00,2026-09-30 22:20:00,74.4,1012.5,98
19.5,28.7,78.7,1779.4,516.6,80.4,10.0,6.3,1.6,447.0,263.5,22.0,6.9,37.7,26.5,21.58,False,4095,0.0,3.5,0.0,EXT-OPEN-METEO-KHI,KARACHI,OPENSOURCE_API_GRID,1042,,,,0.95,True,True,TIER2_OPENSOURCE_PURE;CONTINUOUS_MINUTE_STREAM;VERIFIED_MODEL_GRID,bf8b8ddd9d50895f956adabc050ac31d8509965d4e4348c9baf9fbd26c727578,2026-09-30T17:21:00+00:00,2026-09-30 22:21:00,74.4,1012.5,98
19.5,28.7,78.7,1779.4,516.6,80.4,10.0,6.3,1.6,447.0,263.3,22.0,6.9,37.7,26.5,21.58,False,4095,0.0,3.6,0.0,EXT-OPEN-METEO-KHI,KARACHI,OPENSOURCE_API_GRID,1043,,,,0.95,True,True,TIER2_OPENSOURCE_PURE;CONTINUOUS_MINUTE_STREAM;VERIFIED_MODEL_GRID,f26464bc487307a58af35913efe254944fe5fb42fc6d6a085e3414e29c0bb159,2026-09-30T17:22:00+00:00,2026-09-30 22:22:00,74.4,1012.5,98
19.4,28.6,78.6,1773.2,514.8,80.1,10.0,6.3,1.6,447.0,263.1,22.0,6.9,37.7,26.5,21.6,False,4095,0.0,3.6,0.0,EXT-OPEN-METEO-KHI,KARACHI,OPENSOURCE_API_GRID,1044,,,,0.95,True,True,TIER2_OPENSOURCE_PURE;CONTINUOUS_MINUTE_STREAM;VERIFIED_MODEL_GRID,13f24c1a50da82d6220753b5e48cbddd713a30d82c5ea87ffc9cad91c451d916,2026-09-30T17:23:00+00:00,2026-09-30 22:23:00,74.5,1012.5,98
19.4,28.6,78.5,1773.2,514.8,80.1,10.0,6.3,1.6,447.0,262.9,22.0,6.9,37.7,26.5,21.62,False,4095,0.0,3.7,0.0,EXT-OPEN-METEO-KHI,KARACHI,OPENSOURCE_API_GRID,1045,,,,0.95,True,True,TIER2_OPENSOURCE_PURE;CONTINUOUS_MINUTE_STREAM;VERIFIED_MODEL_GRID,6f5960cd4c065bf6231cce5cba368fecaec25c02c6fc4dcbc008c613e4e741bb,2026-09-30T17:24:00+00:00,2026-09-30 22:24:00,74.6,1012.5,98
19.4,28.6,78.5,1773.2,514.8,80.1,10.0,6.3,1.6,447.0,262.7,22.1,6.9,37.6,26.4,21.52,False,4095,0.0,3.7,0.0,EXT-OPEN-METEO-KHI,KARACHI,OPENSOURCE_API_GRID,1046,,,,0.95,True,True,TIER2_OPENSOURCE_PURE;CONTINUOUS_MINUTE_STREAM;VERIFIED_MODEL_GRID,f4f862f4fb5f9d487e790b977a718f0137872566d621c1b78e6f5ee63cfe5fff,2026-09-30T17:25:00+00:00,2026-09-30 22:25:00,74.6,1012.5,98
19.5,28.7,78.5,1779.4,516.6,80.4,10.0,6.3,1.6,447.0,262.4,22.1,6.9,37.6,26.4,21.55,False,4095,0.0,3.8,0.0,EXT-OPEN-METEO-KHI,KARACHI,OPENSOURCE_API_GRID,1047,,,,0.95,True,True,TIER2_OPENSOURCE_PURE;CONTINUOUS_MINUTE_STREAM;VERIFIED_MODEL_GRID,969c8c78da56a17ac863e0f7ba406763fdb84944f8a5d496295af9505bf2c985,2026-09-30T17:26:00+00:00,2026-09-30 22:26:00,74.7,1012.5,98
19.5,28.7,78.5,1779.4,516.6,80.4,10.0,6.3,1.6,447.0,262.2,22.1,6.9,37.6,26.4,21.55,False,4095,0.0,3.8,0.0,EXT-OPEN-METEO-KHI,KARACHI,OPENSOURCE_API_GRID,1048,,,,0.95,True,True,TIER2_OPENSOURCE_PURE;CONTINUOUS_MINUTE_STREAM;VERIFIED_MODEL_GRID,606a797ebbd8e693d5b4a243c7662f9305014759c9dedadc24b893fbc496a36f,2026-09-30T17:27:00+00:00,2026-09-30 22:27:00,74.7,1012.5,98
19.5,28.7,78.5,1779.4,516.6,80.4,10.0,6.3,1.6,447.0,262.0,22.1,6.9,37.6,26.4,21.57,False,4095,0.0,3.9,0.0,EXT-OPEN-METEO-KHI,KARACHI,OPENSOURCE_API_GRID,1049,,,,0.95,True,True,TIER2_OPENSOURCE_PURE;CONTINUOUS_MINUTE_STREAM;VERIFIED_MODEL_GRID,137b23a9ce4cdff5966644cde424305371da3503d76aff17354a13559909efd1,2026-09-30T17:28:00+00:00,2026-09-30 22:28:00,74.8,1012.5,98
19.6,28.8,78.5,1785.6,518.4,80.6,10.1,6.3,1.6,447.0,261.7,22.1,6.9,37.5,26.4,21.59,False,4095,0.0,3.9,0.0,EXT-OPEN-METEO-KHI,KARACHI,OPENSOURCE_API_GRID,1050,,,,0.95,True,True,TIER2_OPENSOURCE_PURE;CONTINUOUS_MINUTE_STREAM;VERIFIED_MODEL_GRID,36d71644ad8358df70445e59986e792b58dc7cd254c056dbd290525cf6f618a3,2026-09-30T17:29:00+00:00,2026-09-30 22:29:00,74.9,1012.5,98
19.6,28.8,78.5,1785.6,518.4,80.6,10.1,6.3,1.6,447.0,261.5,22.1,6.9,37.5,26.4,21.61,False,4095,0.0,4.0,0.0,EXT-OPEN-METEO-KHI,KARACHI,OPENSOURCE_API_GRID,1051,,,,0.95,True,True,TIER2_OPENSOURCE_PURE;CONTINUOUS_MINUTE_STREAM;VERIFIED_MODEL_GRID,5bb9ed306481fae7fb73d9c421e64a481c4307cb9197cdec7cd5a794c736e5af,2026-09-30T17:30:00+00:00,2026-09-30 22:30:00,75.0,1012.4,98
19.6,28.8,78.5,1785.6,518.4,80.6,10.1,6.3,1.6,447.0,261.3,22.2,6.9,37.5,26.4,21.61,False,4095,0.0,4.1,0.0,EXT-OPEN-METEO-KHI,KARACHI,OPENSOURCE_API_GRID,1052,,,,0.95,True,True,TIER2_OPENSOURCE_PURE;CONTINUOUS_MINUTE_STREAM;VERIFIED_MODEL_GRID,26cbff6e22544438c846f60a56e3099976015368b3d8f18468e142c8b35c479c,2026-09-30T17:31:00+00:00,2026-09-30 22:31:00,75.0,1012.4,98
19.7,28.9,78.6,1791.8,520.2,80.9,10.1,6.3,1.6,447.0,261.0,22.2,6.9,37.4,26.4,21.63,False,4095,0.0,4.1,0.0,EXT-OPEN-METEO-KHI,KARACHI,OPENSOURCE_API_GRID,1053,,,,0.95,True,True,TIER2_OPENSOURCE_PURE;CONTINUOUS_MINUTE_STREAM;VERIFIED_MODEL_GRID,8bb9f53462b2d90f52a09f73f3a3e6bfb9db13cfd1c75377a538afb3adbde0fb,2026-09-30T17:32:00+00:00,2026-09-30 22:32:00,75.1,1012.4,98
19.7,28.9,78.6,1791.8,520.2,80.9,10.1,6.3,1.6,447.0,260.8,22.2,6.9,37.4,26.4,21.65,False,4095,0.0,4.2,0.0,EXT-OPEN-METEO-KHI,KARACHI,OPENSOURCE_API_GRID,1054,,,,0.95,True,True,TIER2_OPENSOURCE_PURE;CONTINUOUS_MINUTE_STREAM;VERIFIED_MODEL_GRID,4e080a57b0f4af34f35a76aff64238e571f2f4cf1260cd91fb4ce9bd0a779285,2026-09-30T17:33:00+00:00,2026-09-30 22:33:00,75.2,1012.4,98
19.7,28.9,78.4,1791.8,520.2,80.9,10.1,6.3,1.6,447.0,260.6,22.2,6.9,37.4,26.4,21.7,False,4095,0.0,4.2,0.0,EXT-OPEN-METEO-KHI,KARACHI,OPENSOURCE_API_GRID,1055,,,,0.95,True,True,TIER2_OPENSOURCE_PURE;CONTINUOUS_MINUTE_STREAM;VERIFIED_MODEL_GRID,70ff0cd257c3f65835237789358ba4cecb6437df3c61ecadce3cb7a6f6080b5b,2026-09-30T17:34:00+00:00,2026-09-30 22:34:00,75.4,1012.4,98
19.7,28.9,78.5,1791.8,520.2,80.9,10.1,6.3,1.6,447.0,260.3,22.2,6.9,37.4,26.4,21.7,False,4095,0.0,4.3,0.0,EXT-OPEN-METEO-KHI,KARACHI,OPENSOURCE_API_GRID,1056,,,,0.95,True,True,TIER2_OPENSOURCE_PURE;CONTINUOUS_MINUTE_STREAM;VERIFIED_MODEL_GRID,0a7e4d8f9b57c62be8052c8a7ae043abe74a2390938e09e423cd2e940006af9e,2026-09-30T17:35:00+00:00,2026-09-30 22:35:00,75.4,1012.4,98
19.7,29.0,78.5,1798.0,522.0,81.2,10.1,6.3,1.6,447.0,260.1,22.3,6.9,37.3,26.4,21.72,False,4095,0.0,4.3,0.0,EXT-OPEN-METEO-KHI,KARACHI,OPENSOURCE_API_GRID,1057,,,,0.95,True,True,TIER2_OPENSOURCE_PURE;CONTINUOUS_MINUTE_STREAM;VERIFIED_MODEL_GRID,8b7e8c9e519a7b2ddd943748b5dd337ba82c70cb85ef55c3dd5bf608156d308d,2026-09-30T17:36:00+00:00,2026-09-30 22:36:00,75.5,1012.4,98
19.7,29.0,78.5,1798.0,522.0,81.2,10.1,6.3,1.6,447.0,259.9,22.3,6.9,37.3,26.4,21.72,False,4095,0.0,4.4,0.0,EXT-OPEN-METEO-KHI,KARACHI,OPENSOURCE_API_GRID,1058,,,,0.95,True,True,TIER2_OPENSOURCE_PURE;CONTINUOUS_MINUTE_STREAM;VERIFIED_MODEL_GRID,44164a359735e0a9295e8143c9503b99c8bbfb47a7d42f61c44546db00f64cf3,2026-09-30T17:37:00+00:00,2026-09-30 22:37:00,75.5,1012.4,98
19.7,29.0,78.5,1798.0,522.0,81.2,10.1,6.3,1.6,447.0,259.7,22.3,6.9,37.3,26.4,21.72,False,4095,0.0,4.4,0.0,EXT-OPEN-METEO-KHI,KARACHI,OPENSOURCE_API_GRID,1059,,,,0.95,True,True,TIER2_OPENSOURCE_PURE;CONTINUOUS_MINUTE_STREAM;VERIFIED_MODEL_GRID,acdf70608e5f351fb14119ce4b83320a75ab1cf8f93dbbf11668a2615925fd71,2026-09-30T17:38:00+00:00,2026-09-30 22:38:00,75.5,1012.4,98
19.8,29.1,78.5,1804.2,523.8,81.5,10.2,6.3,1.6,447.0,259.5,22.3,6.9,37.3,26.4,21.74,False,4095,0.0,4.5,0.0,EXT-OPEN-METEO-KHI,KARACHI,OPENSOURCE_API_GRID,1060,,,,0.95,True,True,TIER2_OPENSOURCE_PURE;CONTINUOUS_MINUTE_STREAM;VERIFIED_MODEL_GRID,3a9db2c8d0ac9286c61ecabd0d02e0a4801b4bb6d515fb021173e908f4e495c2,2026-09-30T17:39:00+00:00,2026-09-30 22:39:00,75.6,1012.4,98
19.8,29.1,78.5,1804.2,523.8,81.5,10.2,6.3,1.6,447.0,259.2,22.3,6.9,37.2,26.4,21.74,False,4095,0.0,4.5,0.0,EXT-OPEN-METEO-KHI,KARACHI,OPENSOURCE_API_GRID,1061,,,,0.95,True,True,TIER2_OPENSOURCE_PURE;CONTINUOUS_MINUTE_STREAM;VERIFIED_MODEL_GRID,0ff5a05f373d6fe3b98d918b8618435446b0d9eef896510db1a2f468cc716ae8,2026-09-30T17:40:00+00:00,2026-09-30 22:40:00,75.6,1012.4,98
19.8,29.1,78.5,1804.2,523.8,81.5,10.2,6.3,1.6,447.0,259.0,22.3,7.0,37.2,26.4,21.74,False,4095,0.0,4.5,0.0,EXT-OPEN-METEO-KHI,KARACHI,OPENSOURCE_API_GRID,1062,,,,0.95,True,True,TIER2_OPENSOURCE_PURE;CONTINUOUS_MINUTE_STREAM;VERIFIED_MODEL_GRID,7275ad071baf407d9317845154762d86539fb9f1c89349eacd2990c4457bb3ac,2026-09-30T17:41:00+00:00,2026-09-30 22:41:00,75.6,1012.4,98
19.8,29.1,78.4,1804.2,523.8,81.5,10.2,6.3,1.6,447.0,258.9,22.4,7.0,37.2,26.4,21.74,False,4095,0.0,4.6,0.0,EXT-OPEN-METEO-KHI,KARACHI,OPENSOURCE_API_GRID,1063,,,,0.95,True,True,TIER2_OPENSOURCE_PURE;CONTINUOUS_MINUTE_STREAM;VERIFIED_MODEL_GRID,59f0148da5a0e7597317fa48893b4f617a5042434572af66da639085bf199ae3,2026-09-30T17:42:00+00:00,2026-09-30 22:42:00,75.6,1012.4,98
19.8,29.1,78.4,1804.2,523.8,81.5,10.2,6.3,1.6,447.0,258.7,22.4,7.0,37.2,26.4,21.74,False,4095,0.0,4.6,0.0,EXT-OPEN-METEO-KHI,KARACHI,OPENSOURCE_API_GRID,1064,,,,0.95,True,True,TIER2_OPENSOURCE_PURE;CONTINUOUS_MINUTE_STREAM;VERIFIED_MODEL_GRID,17baa91b07dae0388b7b125a57639e927aaa7af53686905e1a143e1414439f0e,2026-09-30T17:43:00+00:00,2026-09-30 22:43:00,75.6,1012.4,98
19.7,29.0,78.3,1798.0,522.0,81.2,10.1,6.3,1.6,447.0,258.5,22.4,7.0,37.2,26.4,21.76,False,4095,0.0,4.7,0.0,EXT-OPEN-METEO-KHI,KARACHI,OPENSOURCE_API_GRID,1065,,,,0.95,True,True,TIER2_OPENSOURCE_PURE;CONTINUOUS_MINUTE_STREAM;VERIFIED_MODEL_GRID,1e8e450a4585e377e8bc779064d67f278bbf426fdbe7d6de4bfa0dd9562a7b9a,2026-09-30T17:44:00+00:00,2026-09-30 22:44:00,75.7,1012.4,98
19.7,29.0,78.2,1798.0,522.0,81.2,10.1,6.3,1.6,447.0,258.3,22.4,7.0,37.1,26.4,21.76,False,4095,0.0,4.7,0.0,EXT-OPEN-METEO-KHI,KARACHI,OPENSOURCE_API_GRID,1066,,,,0.95,True,True,TIER2_OPENSOURCE_PURE;CONTINUOUS_MINUTE_STREAM;VERIFIED_MODEL_GRID,43baa18cd28053a628f45cdd8839f7c676bd9bdd2e82c15f230fc79a62d1fa73,2026-09-30T17:45:00+00:00,2026-09-30 22:45:00,75.7,1012.4,98
19.7,29.0,78.1,1798.0,522.0,81.2,10.1,6.2,1.6,447.0,258.2,22.4,7.0,37.1,26.4,21.76,False,4095,0.0,4.7,0.0,EXT-OPEN-METEO-KHI,KARACHI,OPENSOURCE_API_GRID,1067,,,,0.95,True,True,TIER2_OPENSOURCE_PURE;CONTINUOUS_MINUTE_STREAM;VERIFIED_MODEL_GRID,769165543c8f224a754809aec4241add4b27f6f68c5214c3f5c16e24ac18dc7b,2026-09-30T17:46:00+00:00,2026-09-30 22:46:00,75.7,1012.4,98
19.7,28.9,78.1,1791.8,520.2,80.9,10.1,6.2,1.6,447.0,258.0,22.4,7.0,37.1,26.4,21.76,False,4095,0.0,4.8,0.0,EXT-OPEN-METEO-KHI,KARACHI,OPENSOURCE_API_GRID,1068,,,,0.95,True,True,TIER2_OPENSOURCE_PURE;CONTINUOUS_MINUTE_STREAM;VERIFIED_MODEL_GRID,4a06005c8fc9359ea1a33011e58f82a997cde1e1dc52240435eb4a68e97101bc,2026-09-30T17:47:00+00:00,2026-09-30 22:47:00,75.7,1012.4,98
19.7,28.9,78.0,1791.8,520.2,80.9,10.1,6.2,1.6,447.0,257.9,22.4,7.0,37.1,26.3,21.67,False,4095,0.0,4.8,0.0,EXT-OPEN-METEO-KHI,KARACHI,OPENSOURCE_API_GRID,1069,,,,0.95,True,True,TIER2_OPENSOURCE_PURE;CONTINUOUS_MINUTE_STREAM;VERIFIED_MODEL_GRID,ac7e1ff251a066f3910a82e3f9706f2a38b2b97112003bc7ac387db453db29ab,2026-09-30T17:48:00+00:00,2026-09-30 22:48:00,75.7,1012.3,98
19.7,28.9,77.9,1791.8,520.2,80.9,10.1,6.2,1.6,447.0,257.7,22.4,7.0,37.1,26.3,21.67,False,4095,0.0,4.8,0.0,EXT-OPEN-METEO-KHI,KARACHI,OPENSOURCE_API_GRID,1070,,,,0.95,True,True,TIER2_OPENSOURCE_PURE;CONTINUOUS_MINUTE_STREAM;VERIFIED_MODEL_GRID,2f93d10a8c44bcdce75bb4dbf2b8920db7c4d0b783314398a1f24ea3fb0ea041,2026-09-30T17:49:00+00:00,2026-09-30 22:49:00,75.7,1012.3,98
19.6,28.8,77.8,1785.6,518.4,80.6,10.1,6.2,1.6,447.0,257.6,22.5,7.0,37.1,26.3,21.67,False,4095,0.0,4.9,0.0,EXT-OPEN-METEO-KHI,KARACHI,OPENSOURCE_API_GRID,1071,,,,0.95,True,True,TIER2_OPENSOURCE_PURE;CONTINUOUS_MINUTE_STREAM;VERIFIED_MODEL_GRID,954b78a260ba0011ee0a8e98dce43cf1e6ab9ebf6862ba6bd79937cc66d0d38f,2026-09-30T17:50:00+00:00,2026-09-30 22:50:00,75.7,1012.3,98
19.6,28.8,77.7,1785.6,518.4,80.6,10.1,6.2,1.6,447.0,257.5,22.5,7.0,37.1,26.3,21.67,False,4095,0.0,4.9,0.0,EXT-OPEN-METEO-KHI,KARACHI,OPENSOURCE_API_GRID,1072,,,,0.95,True,True,TIER2_OPENSOURCE_PURE;CONTINUOUS_MINUTE_STREAM;VERIFIED_MODEL_GRID,977c339deee412ddd0a1552393a68ae327f8384baddf315ae08ba6663bbda1fe,2026-09-30T17:51:00+00:00,2026-09-30 22:51:00,75.7,1012.3,98
19.5,28.7,77.6,1779.4,516.6,80.4,10.0,6.2,1.6,447.0,257.4,22.5,7.0,37.0,26.3,21.69,False,4095,0.0,4.9,0.0,EXT-OPEN-METEO-KHI,KARACHI,OPENSOURCE_API_GRID,1073,,,,0.95,True,True,TIER2_OPENSOURCE_PURE;CONTINUOUS_MINUTE_STREAM;VERIFIED_MODEL_GRID,6be0b4d63697d8ff67140f705246eca09dfd11f31d9b7276e1a23bcf0ebb5b1d,2026-09-30T17:52:00+00:00,2026-09-30 22:52:00,75.8,1012.3,98
19.5,28.7,77.6,1779.4,516.6,80.4,10.0,6.2,1.6,447.0,257.3,22.5,7.0,37.0,26.3,21.69,False,4095,0.0,4.9,0.0,EXT-OPEN-METEO-KHI,KARACHI,OPENSOURCE_API_GRID,1074,,,,0.95,True,True,TIER2_OPENSOURCE_PURE;CONTINUOUS_MINUTE_STREAM;VERIFIED_MODEL_GRID,e68822d2f456e8c6ad411e749faf0fb40ce2725359bee0e5310b17d9de92c5de,2026-09-30T17:53:00+00:00,2026-09-30 22:53:00,75.8,1012.3,98
19.5,28.7,77.5,1779.4,516.6,80.4,10.0,6.2,1.6,447.0,257.2,22.5,7.0,37.0,26.3,21.69,False,4095,0.0,5.0,0.0,EXT-OPEN-METEO-KHI,KARACHI,OPENSOURCE_API_GRID,1075,,,,0.95,True,True,TIER2_OPENSOURCE_PURE;CONTINUOUS_MINUTE_STREAM;VERIFIED_MODEL_GRID,102a08f229f78b0a20f8073b3faf7263e7d612abc6812c8edb4f36934183c69d,2026-09-30T17:54:00+00:00,2026-09-30 22:54:00,75.8,1012.3,98
19.5,28.7,77.5,1779.4,516.6,80.4,10.0,6.2,1.6,447.0,257.2,22.5,7.0,37.0,26.3,21.69,False,4095,0.0,5.0,0.0,EXT-OPEN-METEO-KHI,KARACHI,OPENSOURCE_API_GRID,1076,,,,0.95,True,True,TIER2_OPENSOURCE_PURE;CONTINUOUS_MINUTE_STREAM;VERIFIED_MODEL_GRID,56e05b59a20d7f7f0a4972a4fc26c74cfc069f6e5f318f6ea601d07ed9551325,2026-09-30T17:55:00+00:00,2026-09-30 22:55:00,75.8,1012.3,98
19.5,28.7,77.5,1779.4,516.6,80.4,10.0,6.2,1.6,447.0,257.1,22.5,7.0,37.0,26.3,21.69,False,4095,0.0,5.0,0.0,EXT-OPEN-METEO-KHI,KARACHI,OPENSOURCE_API_GRID,1077,,,,0.95,True,True,TIER2_OPENSOURCE_PURE;CONTINUOUS_MINUTE_STREAM;VERIFIED_MODEL_GRID,356dbd8129841d9fd34b71ef4e7f6ddac43ad010ffc5d67a729508e3b3c1fad7,2026-09-30T17:56:00+00:00,2026-09-30 22:56:00,75.8,1012.3,98
19.5,28.7,77.5,1779.4,516.6,80.4,10.0,6.2,1.6,447.0,257.1,22.5,7.0,37.0,26.3,21.71,False,4095,0.0,5.0,0.0,EXT-OPEN-METEO-KHI,KARACHI,OPENSOURCE_API_GRID,1078,,,,0.95,True,True,TIER2_OPENSOURCE_PURE;CONTINUOUS_MINUTE_STREAM;VERIFIED_MODEL_GRID,2086b9eb0d0fb3c70575ace34f4113372c9c6e6ec701d0cd86ce4371452ee7f5,2026-09-30T17:57:00+00:00,2026-09-30 22:57:00,75.9,1012.3,98
19.5,28.7,77.6,1779.4,516.6,80.4,10.0,6.2,1.6,447.0,257.0,22.5,7.0,37.0,26.3,21.71,False,4095,0.0,5.0,0.0,EXT-OPEN-METEO-KHI,KARACHI,OPENSOURCE_API_GRID,1079,,,,0.95,True,True,TIER2_OPENSOURCE_PURE;CONTINUOUS_MINUTE_STREAM;VERIFIED_MODEL_GRID,70594ab167a5a0b6e2ca37ab777bd9c5cdf2a895d29ea90ded3a1e1ab68e8beb,2026-09-30T17:58:00+00:00,2026-09-30 22:58:00,75.9,1012.3,98
19.6,28.8,77.6,1785.6,518.4,80.6,10.1,6.2,1.6,447.0,257.0,22.5,7.0,37.0,26.3,21.71,False,4095,0.0,5.0,0.0,EXT-OPEN-METEO-KHI,KARACHI,OPENSOURCE_API_GRID,1080,,,,0.95,True,True,TIER2_OPENSOURCE_PURE;CONTINUOUS_MINUTE_STREAM;VERIFIED_MODEL_GRID,340346c5d0391fc55c1f75f21df8e6f106f4b3dbf38de2449b11d7eec44079df,2026-09-30T17:59:00+00:00,2026-09-30 22:59:00,75.9,1012.3,98
19.6,28.8,77.7,1785.6,518.4,80.6,10.1,6.2,1.6,447.0,257.0,22.5,7.0,37.0,26.3,21.71,False,4095,0.0,5.0,0.0,EXT-OPEN-METEO-KHI,KARACHI,OPENSOURCE_API_GRID,1081,,,,0.95,True,False,TIER2_OPENSOURCE_PURE;HOURLY_NODE;VERIFIED_MODEL_GRID,db9071086defe6dbab4c79e7ac18f5b908ea24d94f0e7d2f29f420f1207c8e70,2026-09-30T18:00:00+00:00,2026-09-30 23:00:00,75.9,1012.3,98
19.6,28.8,77.7,1785.6,518.4,80.6,10.1,6.2,1.6,447.0,257.0,22.5,7.0,37.0,26.3,21.73,False,4095,0.0,5.0,0.0,EXT-OPEN-METEO-KHI,KARACHI,OPENSOURCE_API_GRID,1082,,,,0.95,True,True,TIER2_OPENSOURCE_PURE;CONTINUOUS_MINUTE_STREAM;VERIFIED_MODEL_GRID,5487336b93c527fa9ddda35e2844679e064f1f2657afc0297c11bf2dd6b7dcdf,2026-09-30T18:01:00+00:00,2026-09-30 23:01:00,76.0,1012.3,98
19.7,28.9,77.8,1791.8,520.2,80.9,10.1,6.2,1.6,447.0,256.9,22.5,7.0,37.0,26.3,21.73,False,4095,0.0,5.0,0.0,EXT-OPEN-METEO-KHI,KARACHI,OPENSOURCE_API_GRID,1083,,,,0.95,True,True,TIER2_OPENSOURCE_PURE;CONTINUOUS_MINUTE_STREAM;VERIFIED_MODEL_GRID,1ea042cf076fecffb0996a672d7029acc7dcc3131b1a5f22a769b05cc4227894,2026-09-30T18:02:00+00:00,2026-09-30 23:02:00,76.0,1012.3,98
19.7,28.9,77.8,1791.8,520.2,80.9,10.1,6.2,1.6,447.0,256.8,22.5,7.0,37.0,26.3,21.73,False,4095,0.0,5.1,0.0,EXT-OPEN-METEO-KHI,KARACHI,OPENSOURCE_API_GRID,1084,,,,0.95,True,True,TIER2_OPENSOURCE_PURE;CONTINUOUS_MINUTE_STREAM;VERIFIED_MODEL_GRID,a1240cfe60ec2a5a56d912ea9b7174ee64d228a79c4ed8471933ab7f1c976d76,2026-09-30T18:03:00+00:00,2026-09-30 23:03:00,76.0,1012.3,98
19.7,29.0,77.9,1798.0,522.0,81.2,10.1,6.2,1.6,447.0,256.7,22.5,7.0,37.0,26.3,21.75,False,4095,0.0,5.2,0.0,EXT-OPEN-METEO-KHI,KARACHI,OPENSOURCE_API_GRID,1085,,,,0.95,True,True,TIER2_OPENSOURCE_PURE;CONTINUOUS_MINUTE_STREAM;VERIFIED_MODEL_GRID,44d1b49b7dce8c79c34c77622e6c1f6d2a708371ff8d8686403d1463b287eea0,2026-09-30T18:04:00+00:00,2026-09-30 23:04:00,76.1,1012.3,98
19.7,28.9,77.7,1791.8,520.2,80.9,10.1,6.2,1.6,447.0,256.5,22.5,7.0,37.0,26.3,21.77,False,4095,0.0,5.2,0.0,EXT-OPEN-METEO-KHI,KARACHI,OPENSOURCE_API_GRID,1086,,,,0.95,True,True,TIER2_OPENSOURCE_PURE;CONTINUOUS_MINUTE_STREAM;VERIFIED_MODEL_GRID,536aae5fcdebf80c7ce68a8bddf14611df2c55e10d20de4322d38f4c875c2bc8,2026-09-30T18:05:00+00:00,2026-09-30 23:05:00,76.2,1012.3,98
19.7,28.9,77.8,1791.8,520.2,80.9,10.1,6.2,1.6,447.0,256.3,22.4,7.0,37.0,26.3,21.77,False,4095,0.0,5.3,0.0,EXT-OPEN-METEO-KHI,KARACHI,OPENSOURCE_API_GRID,1087,,,,0.95,True,True,TIER2_OPENSOURCE_PURE;CONTINUOUS_MINUTE_STREAM;VERIFIED_MODEL_GRID,7c278fb4cb25cd2987b5c8939a1a87f048f6d4144fe8a82e27111438bcac98d6,2026-09-30T18:06:00+00:00,2026-09-30 23:06:00,76.2,1012.3,98
19.7,28.9,77.8,1791.8,520.2,80.9,10.1,6.2,1.6,447.0,256.0,22.4,7.0,37.1,26.3,21.77,False,4095,0.0,5.5,0.0,EXT-OPEN-METEO-KHI,KARACHI,OPENSOURCE_API_GRID,1088,,,,0.95,True,True,TIER2_OPENSOURCE_PURE;CONTINUOUS_MINUTE_STREAM;VERIFIED_MODEL_GRID,a4033e154e72eca798b7adb34c9c0a5348d597729bbf3f233946244b67a0fd6b,2026-09-30T18:07:00+00:00,2026-09-30 23:07:00,76.2,1012.3,98
19.7,29.0,77.8,1798.0,522.0,81.2,10.1,6.2,1.6,447.0,255.7,22.4,7.0,37.1,26.3,21.77,False,4095,0.0,5.6,0.0,EXT-OPEN-METEO-KHI,KARACHI,OPENSOURCE_API_GRID,1089,,,,0.95,True,True,TIER2_OPENSOURCE_PURE;CONTINUOUS_MINUTE_STREAM;VERIFIED_MODEL_GRID,ef4bf25ad0b406b179cce62bf82842c458f8da4fec8db1ae984f71ee6e4ba807,2026-09-30T18:08:00+00:00,2026-09-30 23:08:00,76.2,1012.3,98
19.7,29.0,77.8,1798.0,522.0,81.2,10.1,6.2,1.6,447.0,255.4,22.4,7.0,37.1,26.3,21.77,False,4095,0.0,5.8,0.0,EXT-OPEN-METEO-KHI,KARACHI,OPENSOURCE_API_GRID,1090,,,,0.95,True,True,TIER2_OPENSOURCE_PURE;CONTINUOUS_MINUTE_STREAM;VERIFIED_MODEL_GRID,681bf0a070f156d71bedf4cb345bfb6d63b3fb63bace7c25833021981d1ace59,2026-09-30T18:09:00+00:00,2026-09-30 23:09:00,76.2,1012.3,98
19.7,29.0,77.8,1798.0,522.0,81.2,10.1,6.2,1.6,447.0,255.0,22.3,7.0,37.1,26.3,21.77,False,4095,0.0,5.9,0.0,EXT-OPEN-METEO-KHI,KARACHI,OPENSOURCE_API_GRID,1091,,,,0.95,True,True,TIER2_OPENSOURCE_PURE;CONTINUOUS_MINUTE_STREAM;VERIFIED_MODEL_GRID,6e7769eb183077fb7d798a3d1689e77512bc75325f44c36d041f4dbc685d9376,2026-09-30T18:10:00+00:00,2026-09-30 23:10:00,76.2,1012.3,98
19.7,29.0,77.8,1798.0,522.0,81.2,10.1,6.2,1.6,447.0,254.6,22.3,7.0,37.2,26.3,21.77,False,4095,0.0,6.1,0.0,EXT-OPEN-METEO-KHI,KARACHI,OPENSOURCE_API_GRID,1092,,,,0.95,True,True,TIER2_OPENSOURCE_PURE;CONTINUOUS_MINUTE_STREAM;VERIFIED_MODEL_GRID,fcddae0bc100a5826e475309b410c08f326ad75ea20d4a71740959af712cfae6,2026-09-30T18:11:00+00:00,2026-09-30 23:11:00,76.2,1012.3,98
19.7,28.9,77.8,1791.8,520.2,80.9,10.1,6.2,1.6,447.0,254.1,22.2,7.0,37.2,26.3,21.77,False,4095,0.0,6.3,0.0,EXT-OPEN-METEO-KHI,KARACHI,OPENSOURCE_API_GRID,1093,,,,0.95,True,True,TIER2_OPENSOURCE_PURE;CONTINUOUS_MINUTE_STREAM;VERIFIED_MODEL_GRID,a68ee00492679b5ea95f41ce92586e88b7df9f8425300e0e5d307d2bfdce0aca,2026-09-30T18:12:00+00:00,2026-09-30 23:12:00,76.2,1012.3,98
19.7,28.9,77.7,1791.8,520.2,80.9,10.1,6.2,1.6,447.0,253.7,22.2,7.0,37.2,26.3,21.8,False,4095,0.0,6.6,0.0,EXT-OPEN-METEO-KHI,KARACHI,OPENSOURCE_API_GRID,1094,,,,0.95,True,True,TIER2_OPENSOURCE_PURE;CONTINUOUS_MINUTE_STREAM;VERIFIED_MODEL_GRID,232b2b8cde7377a42f509cf1cf49637b035a63b9d659acb43e907268f7db924c,2026-09-30T18:13:00+00:00,2026-09-30 23:13:00,76.3,1012.3,98
19.7,28.9,77.6,1791.8,520.2,80.9,10.1,6.2,1.6,447.0,253.1,22.2,6.9,37.3,26.3,21.8,False,4095,0.0,6.8,0.0,EXT-OPEN-METEO-KHI,KARACHI,OPENSOURCE_API_GRID,1095,,,,0.95,True,True,TIER2_OPENSOURCE_PURE;CONTINUOUS_MINUTE_STREAM;VERIFIED_MODEL_GRID,3712b29e9e186b657cd4491b185e402ce6bf5f42a3e1720a83c03e29825acfbe,2026-09-30T18:14:00+00:00,2026-09-30 23:14:00,76.3,1012.3,98
19.6,28.8,77.5,1785.6,518.4,80.6,10.1,6.2,1.6,447.0,252.6,22.1,6.9,37.3,26.3,21.8,False,4095,0.0,7.1,0.0,EXT-OPEN-METEO-KHI,KARACHI,OPENSOURCE_API_GRID,1096,,,,0.95,True,True,TIER2_OPENSOURCE_PURE;CONTINUOUS_MINUTE_STREAM;VERIFIED_MODEL_GRID,f343a23a12387f5d860519e346923cc70503634f02cfd9df79d612102fde46bc,2026-09-30T18:15:00+00:00,2026-09-30 23:15:00,76.3,1012.3,98
19.5,28.7,77.4,1779.4,516.6,80.4,10.0,6.2,1.5,447.0,252.0,22.1,6.9,37.3,26.3,21.8,False,4095,0.0,7.3,0.0,EXT-OPEN-METEO-KHI,KARACHI,OPENSOURCE_API_GRID,1097,,,,0.95,True,True,TIER2_OPENSOURCE_PURE;CONTINUOUS_MINUTE_STREAM;VERIFIED_MODEL_GRID,9b6aca9b348ed56ce3b4a8d2cc1effb5845dd5eb0864a00080f0b8c7536f1327,2026-09-30T18:16:00+00:00,2026-09-30 23:16:00,76.3,1012.3,98
19.5,28.7,77.3,1779.4,516.6,80.4,10.0,6.2,1.5,447.0,251.4,22.0,6.9,37.4,26.3,21.8,False,4095,0.0,7.6,0.0,EXT-OPEN-METEO-KHI,KARACHI,OPENSOURCE_API_GRID,1098,,,,0.95,True,True,TIER2_OPENSOURCE_PURE;CONTINUOUS_MINUTE_STREAM;VERIFIED_MODEL_GRID,90b5facb7ef4d87ec364245fd03e8f8f44c0665f19cd45e77fa2a5dac6a6d966,2026-09-30T18:17:00+00:00,2026-09-30 23:17:00,76.3,1012.3,98
19.4,28.6,77.2,1773.2,514.8,80.1,10.0,6.2,1.5,447.0,250.8,21.9,6.9,37.4,26.3,21.8,False,4095,0.0,7.9,0.0,EXT-OPEN-METEO-KHI,KARACHI,OPENSOURCE_API_GRID,1099,,,,0.95,True,True,TIER2_OPENSOURCE_PURE;CONTINUOUS_MINUTE_STREAM;VERIFIED_MODEL_GRID,c79d8b20d70cbf6c0605b2e545055b7ed4fe024e8e15670dfc7fa85896e4fcf5,2026-09-30T18:18:00+00:00,2026-09-30 23:18:00,76.3,1012.3,98
19.4,28.5,77.0,1767.0,513.0,79.8,10.0,6.2,1.5,447.0,250.2,21.9,6.9,37.5,26.2,21.72,False,4095,0.0,8.2,0.0,EXT-OPEN-METEO-KHI,KARACHI,OPENSOURCE_API_GRID,1100,,,,0.95,True,True,TIER2_OPENSOURCE_PURE;CONTINUOUS_MINUTE_STREAM;VERIFIED_MODEL_GRID,63af84eadbd827c06c847054f02eafc4e855b3a49ec70640b8f6aa1c5ea6737b,2026-09-30T18:19:00+00:00,2026-09-30 23:19:00,76.4,1012.3,98
19.3,28.4,76.9,1760.8,511.2,79.5,9.9,6.2,1.5,447.0,249.5,21.8,6.9,37.5,26.2,21.72,False,4095,0.0,8.5,0.0,EXT-OPEN-METEO-KHI,KARACHI,OPENSOURCE_API_GRID,1101,,,,0.95,True,True,TIER2_OPENSOURCE_PURE;CONTINUOUS_MINUTE_STREAM;VERIFIED_MODEL_GRID,ef26cf8e8fa2486aa327de88e27ba0f59a3fd45b15c82faf8b4c3c7eb0070eb3,2026-09-30T18:20:00+00:00,2026-09-30 23:20:00,76.4,1012.3,98
19.3,28.4,76.7,1760.8,511.2,79.5,9.9,6.1,1.5,447.0,248.8,21.8,6.9,37.5,26.2,21.72,False,4095,0.0,8.8,0.0,EXT-OPEN-METEO-KHI,KARACHI,OPENSOURCE_API_GRID,1102,,,,0.95,True,True,TIER2_OPENSOURCE_PURE;CONTINUOUS_MINUTE_STREAM;VERIFIED_MODEL_GRID,798b16c901672aa05231935ca05ddbb5855c6c99abc8f765633ccdf323d454c0,2026-09-30T18:21:00+00:00,2026-09-30 23:21:00,76.4,1012.3,98
19.2,28.3,76.6,1754.6,509.4,79.2,9.9,6.1,1.5,447.0,248.1,21.7,6.9,37.6,26.2,21.74,False,4095,0.0,9.2,0.0,EXT-OPEN-METEO-KHI,KARACHI,OPENSOURCE_API_GRID,1103,,,,0.95,True,True,TIER2_OPENSOURCE_PURE;CONTINUOUS_MINUTE_STREAM;VERIFIED_MODEL_GRID,a0fb2f70bfb5c2ff7bf73e299991bce0581aeb7b26abc9813d763d20b466bc03,2026-09-30T18:22:00+00:00,2026-09-30 23:22:00,76.5,1012.3,98
19.2,28.2,76.5,1748.4,507.6,79.0,9.9,6.1,1.5,447.0,247.4,21.6,6.9,37.6,26.2,21.74,False,4095,0.0,9.5,0.0,EXT-OPEN-METEO-KHI,KARACHI,OPENSOURCE_API_GRID,1104,,,,0.95,True,True,TIER2_OPENSOURCE_PURE;CONTINUOUS_MINUTE_STREAM;VERIFIED_MODEL_GRID,8232ada16b3c3a8384ebbef0cf689a0d2701c23ebf97db8c7b07d30c52d8b46f,2026-09-30T18:23:00+00:00,2026-09-30 23:23:00,76.5,1012.3,98
19.1,28.1,76.3,1742.2,505.8,78.7,9.8,6.1,1.5,447.0,246.6,21.6,6.9,37.7,26.2,21.74,False,4095,0.0,9.8,0.0,EXT-OPEN-METEO-KHI,KARACHI,OPENSOURCE_API_GRID,1105,,,,0.95,True,True,TIER2_OPENSOURCE_PURE;CONTINUOUS_MINUTE_STREAM;VERIFIED_MODEL_GRID,f93048a41774cbfd375e830eb9eeed6823f3185d4f0009133b17f0aaf3b3b2e4,2026-09-30T18:24:00+00:00,2026-09-30 23:24:00,76.5,1012.2,98
19.1,28.1,76.2,1742.2,505.8,78.7,9.8,6.1,1.5,447.0,245.9,21.5,6.9,37.7,26.2,21.76,False,4095,0.0,10.2,0.0,EXT-OPEN-METEO-KHI,KARACHI,OPENSOURCE_API_GRID,1106,,,,0.95,True,True,TIER2_OPENSOURCE_PURE;CONTINUOUS_MINUTE_STREAM;VERIFIED_MODEL_GRID,9b1cd9a5b358ab5b9b8f7678a19ba74ec4f3eaca8b2e04e3c0289f42f7d99ad9,2026-09-30T18:25:00+00:00,2026-09-30 23:25:00,76.6,1012.2,98
19.0,28.0,76.1,1736.0,504.0,78.4,9.8,6.1,1.5,447.0,245.1,21.4,6.8,37.8,26.1,21.69,False,4095,0.0,10.5,0.0,EXT-OPEN-METEO-KHI,KARACHI,OPENSOURCE_API_GRID,1107,,,,0.95,True,True,TIER2_OPENSOURCE_PURE;CONTINUOUS_MINUTE_STREAM;VERIFIED_MODEL_GRID,01bf6642e46078411cd17865c8786bb4bada81c784a33019f2ad2dbfc375cd86,2026-09-30T18:26:00+00:00,2026-09-30 23:26:00,76.7,1012.2,98
19.0,28.0,76.0,1736.0,504.0,78.4,9.8,6.1,1.5,447.0,244.3,21.4,6.8,37.8,26.1,21.69,False,4095,0.0,10.9,0.0,EXT-OPEN-METEO-KHI,KARACHI,OPENSOURCE_API_GRID,1108,,,,0.95,True,True,TIER2_OPENSOURCE_PURE;CONTINUOUS_MINUTE_STREAM;VERIFIED_MODEL_GRID,ca1cf33850ccfd83689509bbab90f491c4da31abeea0618f0fdb17fed172f7c1,2026-09-30T18:27:00+00:00,2026-09-30 23:27:00,76.7,1012.2,98
19.0,28.0,76.0,1736.0,504.0,78.4,9.8,6.1,1.5,447.0,243.6,21.3,6.8,37.9,26.1,21.71,False,4095,0.0,11.3,0.0,EXT-OPEN-METEO-KHI,KARACHI,OPENSOURCE_API_GRID,1109,,,,0.95,True,True,TIER2_OPENSOURCE_PURE;CONTINUOUS_MINUTE_STREAM;VERIFIED_MODEL_GRID,bc84c0a0d4c4b052b74f9f92ed72cdcd486203aa1d6fd255080aaf1da7364f13,2026-09-30T18:28:00+00:00,2026-09-30 23:28:00,76.8,1012.2,98
19.0,27.9,75.9,1729.8,502.2,78.1,9.8,6.1,1.5,447.0,242.8,21.2,6.8,37.9,26.1,21.71,False,4095,0.0,11.6,0.0,EXT-OPEN-METEO-KHI,KARACHI,OPENSOURCE_API_GRID,1110,,,,0.95,True,True,TIER2_OPENSOURCE_PURE;CONTINUOUS_MINUTE_STREAM;VERIFIED_MODEL_GRID,a9fbe420f7626b6af6821612fe76c3e9507692c751a002cb4a0c991e516ccc0b,2026-09-30T18:29:00+00:00,2026-09-30 23:29:00,76.8,1012.2,98
19.0,27.9,75.9,1729.8,502.2,78.1,9.8,6.1,1.5,447.0,242.0,21.1,6.8,38.0,26.1,21.73,False,4095,0.0,12.0,0.0,EXT-OPEN-METEO-KHI,KARACHI,OPENSOURCE_API_GRID,1111,,,,0.95,True,True,TIER2_OPENSOURCE_PURE;CONTINUOUS_MINUTE_STREAM;VERIFIED_MODEL_GRID,fc26bdf1a4f6219090d43abc8bb262e1118acb5034da6a142f12e9c5850d7b46,2026-09-30T18:30:00+00:00,2026-09-30 23:30:00,76.9,1012.2,98
19.0,27.9,75.8,1729.8,502.2,78.1,9.8,6.1,1.5,447.0,241.2,21.1,6.8,38.1,26.1,21.75,False,4095,0.0,12.4,0.0,EXT-OPEN-METEO-KHI,KARACHI,OPENSOURCE_API_GRID,1112,,,,0.95,True,True,TIER2_OPENSOURCE_PURE;CONTINUOUS_MINUTE_STREAM;VERIFIED_MODEL_GRID,31a150ddf8679866bec5c15b1a61577ca9b8abee714c2e7ec89854160680e0e2,2026-09-30T18:31:00+00:00,2026-09-30 23:31:00,77.0,1012.2,98
19.0,27.9,75.8,1729.8,502.2,78.1,9.8,6.1,1.5,447.0,240.4,21.0,6.8,38.1,26.1,21.77,False,4095,0.0,12.7,0.0,EXT-OPEN-METEO-KHI,KARACHI,OPENSOURCE_API_GRID,1113,,,,0.95,True,True,TIER2_OPENSOURCE_PURE;CONTINUOUS_MINUTE_STREAM;VERIFIED_MODEL_GRID,4d230a3a6ea0d84833b14aca29c715d1edfa1e8b43abfa801b8f8798e0b135fc,2026-09-30T18:32:00+00:00,2026-09-30 23:32:00,77.1,1012.2,98
19.0,27.9,75.8,1729.8,502.2,78.1,9.8,6.1,1.5,447.0,239.7,20.9,6.8,38.2,26.1,21.77,False,4095,0.0,13.1,0.0,EXT-OPEN-METEO-KHI,KARACHI,OPENSOURCE_API_GRID,1114,,,,0.95,True,True,TIER2_OPENSOURCE_PURE;CONTINUOUS_MINUTE_STREAM;VERIFIED_MODEL_GRID,0ced7e02988f2349dcde88d7e2878ecf71660fa065e21e0dc08ac5fffcfcdc56,2026-09-30T18:33:00+00:00,2026-09-30 23:33:00,77.1,1012.2,98
19.0,27.9,75.7,1729.8,502.2,78.1,9.8,6.1,1.5,447.0,238.9,20.9,6.8,38.2,26.1,21.79,False,4095,0.0,13.5,0.0,EXT-OPEN-METEO-KHI,KARACHI,OPENSOURCE_API_GRID,1115,,,,0.95,True,True,TIER2_OPENSOURCE_PURE;CONTINUOUS_MINUTE_STREAM;VERIFIED_MODEL_GRID,964068adb976c53e430ddd705fcae6407d697c48eaa80047ade7f4b9fe5b830d,2026-09-30T18:34:00+00:00,2026-09-30 23:34:00,77.2,1012.2,98
19.0,27.9,75.7,1729.8,502.2,78.1,9.8,6.1,1.5,447.0,238.1,20.8,6.7,38.3,26.1,21.82,False,4095,0.0,13.8,0.0,EXT-OPEN-METEO-KHI,KARACHI,OPENSOURCE_API_GRID,1116,,,,0.95,True,True,TIER2_OPENSOURCE_PURE;CONTINUOUS_MINUTE_STREAM;VERIFIED_MODEL_GRID,e031c8256b06134388c480adee8beba70c0df974a28342dcbb9d7ad6ea39f9f1,2026-09-30T18:35:00+00:00,2026-09-30 23:35:00,77.3,1012.2,98
18.9,27.8,75.5,1723.6,500.4,77.8,9.7,6.0,1.5,447.0,237.4,20.7,6.7,38.3,26.1,21.86,False,4095,0.0,14.2,0.0,EXT-OPEN-METEO-KHI,KARACHI,OPENSOURCE_API_GRID,1117,,,,0.95,True,True,TIER2_OPENSOURCE_PURE;CONTINUOUS_MINUTE_STREAM;VERIFIED_MODEL_GRID,3e13108b21f307ebba3b816234b5dbe40e665bf2b90828b3fdac2f3d99ca4069,2026-09-30T18:36:00+00:00,2026-09-30 23:36:00,77.5,1012.2,98
18.9,27.8,75.5,1723.6,500.4,77.8,9.7,6.0,1.5,447.0,236.6,20.7,6.7,38.4,26.1,21.86,False,4095,0.0,14.5,0.0,EXT-OPEN-METEO-KHI,KARACHI,OPENSOURCE_API_GRID,1118,,,,0.95,True,True,TIER2_OPENSOURCE_PURE;CONTINUOUS_MINUTE_STREAM;VERIFIED_MODEL_GRID,5abf9721d8b51cb453a434bb345382436660324997dc89d49da5720e826c942e,2026-09-30T18:37:00+00:00,2026-09-30 23:37:00,77.5,1012.2,98
18.9,27.8,75.5,1723.6,500.4,77.8,9.7,6.0,1.5,447.0,235.9,20.6,6.7,38.4,26.1,21.86,False,4095,0.0,14.8,0.0,EXT-OPEN-METEO-KHI,KARACHI,OPENSOURCE_API_GRID,1119,,,,0.95,True,True,TIER2_OPENSOURCE_PURE;CONTINUOUS_MINUTE_STREAM;VERIFIED_MODEL_GRID,2f53c16294f1c80bdbb1d35de50d58cf0388747c4d93f19102ce3a587187f8a9,2026-09-30T18:38:00+00:00,2026-09-30 23:38:00,77.5,1012.2,98
18.9,27.8,75.4,1723.6,500.4,77.8,9.7,6.0,1.5,447.0,235.2,20.5,6.7,38.5,26.1,21.88,False,4095,0.0,15.2,0.0,EXT-OPEN-METEO-KHI,KARACHI,OPENSOURCE_API_GRID,1120,,,,0.95,True,True,TIER2_OPENSOURCE_PURE;CONTINUOUS_MINUTE_STREAM;VERIFIED_MODEL_GRID,4b87b4eadd7af51e1e77506e68944f49a0ea365736eadbb7f182edd4aad05aaf,2026-09-30T18:39:00+00:00,2026-09-30 23:39:00,77.6,1012.2,98
18.9,27.8,75.4,1723.6,500.4,77.8,9.7,6.0,1.5,447.0,234.5,20.5,6.7,38.5,26.1,21.88,False,4095,0.0,15.5,0.0,EXT-OPEN-METEO-KHI,KARACHI,OPENSOURCE_API_GRID,1121,,,,0.95,True,True,TIER2_OPENSOURCE_PURE;CONTINUOUS_MINUTE_STREAM;VERIFIED_MODEL_GRID,f4c557ce26ab189e593c5b3efa6946356ae6af1283d77f163ebf8c5d16a38fac,2026-09-30T18:40:00+00:00,2026-09-30 23:40:00,77.6,1012.2,98
18.9,27.8,75.4,1723.6,500.4,77.8,9.7,6.0,1.5,447.0,233.8,20.4,6.7,38.5,26.1,21.88,False,4095,0.0,15.8,0.0,EXT-OPEN-METEO-KHI,KARACHI,OPENSOURCE_API_GRID,1122,,,,0.95,True,True,TIER2_OPENSOURCE_PURE;CONTINUOUS_MINUTE_STREAM;VERIFIED_MODEL_GRID,ed21699d0aa2e69facfa89097458849bf4f91927608f146474e6ac9c31a4c1aa,2026-09-30T18:41:00+00:00,2026-09-30 23:41:00,77.6,1012.2,98
18.8,27.7,75.3,1717.4,498.6,77.6,9.7,6.0,1.5,447.0,233.2,20.4,6.7,38.6,26.1,21.9,False,4095,0.0,16.1,0.0,EXT-OPEN-METEO-KHI,KARACHI,OPENSOURCE_API_GRID,1123,,,,0.95,True,True,TIER2_OPENSOURCE_PURE;CONTINUOUS_MINUTE_STREAM;VERIFIED_MODEL_GRID,165dbb82960a3e9c4b40109196b266ce2aa290d57439177fd062b20ff487d70f,2026-09-30T18:42:00+00:00,2026-09-30 23:42:00,77.7,1012.2,98
18.8,27.7,75.2,1717.4,498.6,77.6,9.7,6.0,1.5,447.0,232.6,20.3,6.7,38.6,26.1,21.9,False,4095,0.0,16.4,0.0,EXT-OPEN-METEO-KHI,KARACHI,OPENSOURCE_API_GRID,1124,,,,0.95,True,True,TIER2_OPENSOURCE_PURE;CONTINUOUS_MINUTE_STREAM;VERIFIED_MODEL_GRID,0ceed2d2d249e70951abffda777853964eda4fd65cfb612a39dc92bc12737679,2026-09-30T18:43:00+00:00,2026-09-30 23:43:00,77.7,1012.2,98
18.8,27.7,75.2,1717.4,498.6,77.6,9.7,6.0,1.5,447.0,232.0,20.2,6.7,38.7,26.1,21.9,False,4095,0.0,16.7,0.0,EXT-OPEN-METEO-KHI,KARACHI,OPENSOURCE_API_GRID,1125,,,,0.95,True,True,TIER2_OPENSOURCE_PURE;CONTINUOUS_MINUTE_STREAM;VERIFIED_MODEL_GRID,005728c5cd23580724abf7bd1f83285bb20e9c5deb808380d9f073f250d18655,2026-09-30T18:44:00+00:00,2026-09-30 23:44:00,77.7,1012.1,98
18.8,27.6,75.1,1711.2,496.8,77.3,9.7,6.0,1.5,447.0,231.4,20.2,6.7,38.7,26.1,21.9,False,4095,0.0,16.9,0.0,EXT-OPEN-METEO-KHI,KARACHI,OPENSOURCE_API_GRID,1126,,,,0.95,True,True,TIER2_OPENSOURCE_PURE;CONTINUOUS_MINUTE_STREAM;VERIFIED_MODEL_GRID,83459d0211601322624ad9de242cc804606a840649ccbe66b2bc3afa5cd64945,2026-09-30T18:45:00+00:00,2026-09-30 23:45:00,77.7,1012.1,98
18.8,27.6,75.0,1711.2,496.8,77.3,9.7,6.0,1.5,447.0,230.9,20.1,6.7,38.7,26.1,21.9,False,4095,0.0,17.2,0.0,EXT-OPEN-METEO-KHI,KARACHI,OPENSOURCE_API_GRID,1127,,,,0.95,True,True,TIER2_OPENSOURCE_PURE;CONTINUOUS_MINUTE_STREAM;VERIFIED_MODEL_GRID,0b13e9a9f48417a46f908823fcae34bfc835a107dd89a72e95ffa6d53723c9eb,2026-09-30T18:46:00+00:00,2026-09-30 23:46:00,77.7,1012.1,98
18.7,27.5,74.9,1705.0,495.0,77.0,9.6,6.0,1.5,447.0,230.3,20.1,6.6,38.8,26.1,21.9,False,4095,0.0,17.4,0.0,EXT-OPEN-METEO-KHI,KARACHI,OPENSOURCE_API_GRID,1128,,,,0.95,True,True,TIER2_OPENSOURCE_PURE;CONTINUOUS_MINUTE_STREAM;VERIFIED_MODEL_GRID,2e462faa66bf804d24c1e3d3547305ff0a0a43a6b61277a141bc10cd4da29d7c,2026-09-30T18:47:00+00:00,2026-09-30 23:47:00,77.7,1012.1,98
18.7,27.5,74.8,1705.0,495.0,77.0,9.6,6.0,1.5,447.0,229.9,20.1,6.6,38.8,26.1,21.9,False,4095,0.0,17.7,0.0,EXT-OPEN-METEO-KHI,KARACHI,OPENSOURCE_API_GRID,1129,,,,0.95,True,True,TIER2_OPENSOURCE_PURE;CONTINUOUS_MINUTE_STREAM;VERIFIED_MODEL_GRID,481732f941bbe247628a717031a36a369b827f4f464043b3297fa3e61f8d4f52,2026-09-30T18:48:00+00:00,2026-09-30 23:48:00,77.7,1012.1,98
18.6,27.4,74.7,1698.8,493.2,76.7,9.6,6.0,1.5,447.0,229.4,20.0,6.6,38.8,26.0,21.82,False,4095,0.0,17.9,0.0,EXT-OPEN-METEO-KHI,KARACHI,OPENSOURCE_API_GRID,1130,,,,0.95,True,True,TIER2_OPENSOURCE_PURE;CONTINUOUS_MINUTE_STREAM;VERIFIED_MODEL_GRID,c118f2f1b2ce112c0e429602227bd83c532ef9ef101102c439946637c433669f,2026-09-30T18:49:00+00:00,2026-09-30 23:49:00,77.8,1012.1,98
18.6,27.3,74.5,1692.6,491.4,76.4,9.6,6.0,1.5,447.0,229.0,20.0,6.6,38.9,26.0,21.82,False,4095,0.0,18.1,0.0,EXT-OPEN-METEO-KHI,KARACHI,OPENSOURCE_API_GRID,1131,,,,0.95,True,True,TIER2_OPENSOURCE_PURE;CONTINUOUS_MINUTE_STREAM;VERIFIED_MODEL_GRID,71e31cebce745305aacd53933d23cfef033a7056c9a86fabea0e841a7e06fd5f,2026-09-30T18:50:00+00:00,2026-09-30 23:50:00,77.8,1012.1,98
18.6,27.3,74.4,1692.6,491.4,76.4,9.6,6.0,1.5,447.0,228.6,19.9,6.6,38.9,26.0,21.82,False,4095,0.0,18.2,0.0,EXT-OPEN-METEO-KHI,KARACHI,OPENSOURCE_API_GRID,1132,,,,0.95,True,True,TIER2_OPENSOURCE_PURE;CONTINUOUS_MINUTE_STREAM;VERIFIED_MODEL_GRID,69a0af68800a51244b4eec2147baf6eb24649b3d9b3ecc03db7a2f7e5bbcef4d,2026-09-30T18:51:00+00:00,2026-09-30 23:51:00,77.8,1012.1,98
18.5,27.2,74.3,1686.4,489.6,76.2,9.5,5.9,1.5,447.0,228.3,19.9,6.6,38.9,26.0,21.82,False,4095,0.0,18.4,0.0,EXT-OPEN-METEO-KHI,KARACHI,OPENSOURCE_API_GRID,1133,,,,0.95,True,True,TIER2_OPENSOURCE_PURE;CONTINUOUS_MINUTE_STREAM;VERIFIED_MODEL_GRID,a64aa08310ac392338eac8703f818520ced678347414faacc39625de747d2941,2026-09-30T18:52:00+00:00,2026-09-30 23:52:00,77.8,1012.1,98
18.4,27.1,74.2,1680.2,487.8,75.9,9.5,5.9,1.5,447.0,228.0,19.9,6.6,38.9,26.0,21.82,False,4095,0.0,18.5,0.0,EXT-OPEN-METEO-KHI,KARACHI,OPENSOURCE_API_GRID,1134,,,,0.95,True,True,TIER2_OPENSOURCE_PURE;CONTINUOUS_MINUTE_STREAM;VERIFIED_MODEL_GRID,03fb54608352f22f554dcb8df8322e21e1208e21ef05bb695ff3a35c79742352,2026-09-30T18:53:00+00:00,2026-09-30 23:53:00,77.8,1012.1,98
18.4,27.1,74.2,1680.2,487.8,75.9,9.5,5.9,1.5,447.0,227.7,19.9,6.6,39.0,26.0,21.82,False,4095,0.0,18.7,0.0,EXT-OPEN-METEO-KHI,KARACHI,OPENSOURCE_API_GRID,1135,,,,0.95,True,True,TIER2_OPENSOURCE_PURE;CONTINUOUS_MINUTE_STREAM;VERIFIED_MODEL_GRID,bf1c57c0d20f8c11ebd755297a2bef06bded22f9536882c45d48659468202868,2026-09-30T18:54:00+00:00,2026-09-30 23:54:00,77.8,1012.1,98
18.4,27.1,74.1,1680.2,487.8,75.9,9.5,5.9,1.5,447.0,227.5,19.8,6.6,39.0,26.0,21.82,False,4095,0.0,18.8,0.0,EXT-OPEN-METEO-KHI,KARACHI,OPENSOURCE_API_GRID,1136,,,,0.95,True,True,TIER2_OPENSOURCE_PURE;CONTINUOUS_MINUTE_STREAM;VERIFIED_MODEL_GRID,f62436cbb75185771b8d3eb5f017726bb35b2417b59b528626d80533191529b0,2026-09-30T18:55:00+00:00,2026-09-30 23:55:00,77.8,1012.1,98
18.4,27.0,74.0,1674.0,486.0,75.6,9.4,5.9,1.5,447.0,227.3,19.8,6.6,39.0,26.0,21.82,False,4095,0.0,18.8,0.0,EXT-OPEN-METEO-KHI,KARACHI,OPENSOURCE_API_GRID,1137,,,,0.95,True,True,TIER2_OPENSOURCE_PURE;CONTINUOUS_MINUTE_STREAM;VERIFIED_MODEL_GRID,bbbda7682b25d07aed59e2d337537b31ffff8e6cbee6d4ed3544809aded8ec69,2026-09-30T18:56:00+00:00,2026-09-30 23:56:00,77.8,1012.1,98
18.4,27.0,74.0,1674.0,486.0,75.6,9.4,5.9,1.5,447.0,227.2,19.8,6.6,39.0,26.0,21.82,False,4095,0.0,18.9,0.0,EXT-OPEN-METEO-KHI,KARACHI,OPENSOURCE_API_GRID,1138,,,,0.95,True,True,TIER2_OPENSOURCE_PURE;CONTINUOUS_MINUTE_STREAM;VERIFIED_MODEL_GRID,dbc6e492eb0d9310b874d9a9237005eca7eff5bf4f3b422eac45bb3bca82de21,2026-09-30T18:57:00+00:00,2026-09-30 23:57:00,77.8,1012.1,98
18.4,27.0,74.0,1674.0,486.0,75.6,9.4,5.9,1.5,447.0,227.1,19.8,6.6,39.0,26.0,21.85,False,4095,0.0,19.0,0.0,EXT-OPEN-METEO-KHI,KARACHI,OPENSOURCE_API_GRID,1139,,,,0.95,True,True,TIER2_OPENSOURCE_PURE;CONTINUOUS_MINUTE_STREAM;VERIFIED_MODEL_GRID,fe07fc26ef6c25e0321757b1d57a5e54502bbc69dceda3dac8ced02a6825ebc7,2026-09-30T18:58:00+00:00,2026-09-30 23:58:00,77.9,1012.1,98
18.4,27.0,74.0,1674.0,486.0,75.6,9.4,5.9,1.5,447.0,227.0,19.8,6.6,39.0,26.0,21.85,False,4095,0.0,19.0,0.0,EXT-OPEN-METEO-KHI,KARACHI,OPENSOURCE_API_GRID,1140,,,,0.95,True,True,TIER2_OPENSOURCE_PURE;CONTINUOUS_MINUTE_STREAM;VERIFIED_MODEL_GRID,0b364ab161639218b1e21761a91ed1fe4a103be659a8c8d7b068ab3a580a0f56,2026-09-30T18:59:00+00:00,2026-09-30 23:59:00,77.9,1012.1,98
18.4,27.0,74.1,1674.0,486.0,75.6,9.4,5.9,1.5,447.0,227.0,19.8,6.6,39.0,26.0,21.85,False,4095,0.0,19.0,0.0,EXT-OPEN-METEO-KHI,KARACHI,OPENSOURCE_API_GRID,1141,,,,0.95,True,False,TIER2_OPENSOURCE_PURE;HOURLY_NODE;VERIFIED_MODEL_GRID,e470e7eb7a5b79450a8ed314e62bb8a3026e206bb7ea4004ce628685ae85c4c6,2026-09-30T19:00:00+00:00,2026-10-01 00:00:00,77.9,1012.1,98
18.4,27.1,74.1,1680.2,487.8,75.9,9.5,5.9,1.5,447.0,227.0,19.8,6.6,39.0,26.0,21.85,False,4095,0.0,19.0,0.0,EXT-OPEN-METEO-KHI,KARACHI,OPENSOURCE_API_GRID,1142,,,,0.95,True,True,TIER2_OPENSOURCE_PURE;CONTINUOUS_MINUTE_STREAM;VERIFIED_MODEL_GRID,97a0a11eb862035b89567421fdb096068d31ace6b046c7b8ccefce711e767df8,2026-09-30T19:01:00+00:00,2026-10-01 00:01:00,77.9,1012.1,98
18.4,27.1,74.1,1680.2,487.8,75.9,9.5,5.9,1.5,447.0,226.9,19.8,6.6,39.0,26.0,21.85,False,4095,0.0,19.0,0.0,EXT-OPEN-METEO-KHI,KARACHI,OPENSOURCE_API_GRID,1143,,,,0.95,True,True,TIER2_OPENSOURCE_PURE;CONTINUOUS_MINUTE_STREAM;VERIFIED_MODEL_GRID,0cc7bf70248a007dd7623bceecd08d9388b10c703426f02684732c33aa069011,2026-09-30T19:02:00+00:00,2026-10-01 00:02:00,77.9,1012.1,98
18.4,27.1,74.2,1680.2,487.8,75.9,9.5,5.9,1.5,447.0,226.7,19.8,6.6,39.0,26.0,21.87,False,4095,0.0,19.1,0.0,EXT-OPEN-METEO-KHI,KARACHI,OPENSOURCE_API_GRID,1144,,,,0.95,True,True,TIER2_OPENSOURCE_PURE;CONTINUOUS_MINUTE_STREAM;VERIFIED_MODEL_GRID,e5430ec4f30201de2c37cf7e98e3d9e3837c1006fe16c1e4c8e3ccde3adbfdb0,2026-09-30T19:03:00+00:00,2026-10-01 00:03:00,78.0,1012.1,98
18.5,27.2,74.2,1686.4,489.6,76.2,9.5,5.9,1.5,447.0,226.6,19.8,6.6,39.1,26.0,21.87,False,4095,0.0,19.1,0.0,EXT-OPEN-METEO-KHI,KARACHI,OPENSOURCE_API_GRID,1145,,,,0.95,True,True,TIER2_OPENSOURCE_PURE;CONTINUOUS_MINUTE_STREAM;VERIFIED_MODEL_GRID,efdfb9e0d0c1461d7c2ec8080c0127a19e7402469c55285025b31e1ebd7b088b,2026-09-30T19:04:00+00:00,2026-10-01 00:04:00,78.0,1012.1,98
18.5,27.2,74.3,1686.4,489.6,76.2,9.5,5.9,1.5,447.0,226.3,19.7,6.6,39.1,26.0,21.89,False,4095,0.0,19.2,0.0,EXT-OPEN-METEO-KHI,KARACHI,OPENSOURCE_API_GRID,1146,,,,0.95,True,True,TIER2_OPENSOURCE_PURE;CONTINUOUS_MINUTE_STREAM;VERIFIED_MODEL_GRID,5bddb37ce7f3336e37a4993081766166de1248bf7d5e4cb91a4dd94e639b0aaf,2026-09-30T19:05:00+00:00,2026-10-01 00:05:00,78.1,1012.1,98
18.5,27.2,74.3,1686.4,489.6,76.2,9.5,5.9,1.5,447.0,226.0,19.7,6.6,39.1,26.0,21.89,False,4095,0.0,19.2,0.0,EXT-OPEN-METEO-KHI,KARACHI,OPENSOURCE_API_GRID,1147,,,,0.95,True,True,TIER2_OPENSOURCE_PURE;CONTINUOUS_MINUTE_STREAM;VERIFIED_MODEL_GRID,05580e7b1321228b23475ba935f2a17076e50b6b40db3be1717cbb3e16b82ff6,2026-09-30T19:06:00+00:00,2026-10-01 00:06:00,78.1,1012.1,98
18.4,27.1,74.1,1680.2,487.8,75.9,9.5,5.9,1.5,447.0,225.6,19.7,6.6,39.2,26.0,21.91,False,4095,0.0,19.3,0.0,EXT-OPEN-METEO-KHI,KARACHI,OPENSOURCE_API_GRID,1148,,,,0.95,True,True,TIER2_OPENSOURCE_PURE;CONTINUOUS_MINUTE_STREAM;VERIFIED_MODEL_GRID,663062d1652b8bd003577c12ea65656bad9cbaa8e7c5ccd83c64dd417bf99430,2026-09-30T19:07:00+00:00,2026-10-01 00:07:00,78.2,1012.1,98
18.5,27.2,74.2,1686.4,489.6,76.2,9.5,5.9,1.5,447.0,225.2,19.6,6.6,39.2,26.0,21.91,False,4095,0.0,19.4,0.0,EXT-OPEN-METEO-KHI,KARACHI,OPENSOURCE_API_GRID,1149,,,,0.95,True,True,TIER2_OPENSOURCE_PURE;CONTINUOUS_MINUTE_STREAM;VERIFIED_MODEL_GRID,eade5255ac536919250ceca9b2d1c805dffaacd23df645947ec3186e750723a7,2026-09-30T19:08:00+00:00,2026-10-01 00:08:00,78.2,1012.1,98
18.5,27.2,74.2,1686.4,489.6,76.2,9.5,5.9,1.5,446.9,224.8,19.6,6.6,39.3,26.0,21.93,False,4095,0.0,19.5,0.0,EXT-OPEN-METEO-KHI,KARACHI,OPENSOURCE_API_GRID,1150,,,,0.95,True,True,TIER2_OPENSOURCE_PURE;CONTINUOUS_MINUTE_STREAM;VERIFIED_MODEL_GRID,2cb473b21a592f1053d9a769a79773d78c407cfba5362620c460d990f1e4fb04,2026-09-30T19:09:00+00:00,2026-10-01 00:09:00,78.3,1012.1,98
18.5,27.2,74.2,1686.4,489.6,76.2,9.5,5.9,1.5,446.9,224.3,19.5,6.5,39.3,26.0,21.93,False,4095,0.0,19.6,0.0,EXT-OPEN-METEO-KHI,KARACHI,OPENSOURCE_API_GRID,1151,,,,0.95,True,True,TIER2_OPENSOURCE_PURE;CONTINUOUS_MINUTE_STREAM;VERIFIED_MODEL_GRID,2183aaff183e525637acc79ebecc4560a2639a1b8da699af3d167c7b99d7ae4a,2026-09-30T19:10:00+00:00,2026-10-01 00:10:00,78.3,1012.1,98
18.5,27.2,74.2,1686.4,489.6,76.2,9.5,5.9,1.5,446.9,223.7,19.4,6.5,39.4,26.0,21.93,False,4095,0.0,19.7,0.0,EXT-OPEN-METEO-KHI,KARACHI,OPENSOURCE_API_GRID,1152,,,,0.95,True,True,TIER2_OPENSOURCE_PURE;CONTINUOUS_MINUTE_STREAM;VERIFIED_MODEL_GRID,64003738487b7dc10e8b7d3c8714daf8437ce2d231e330d4aa2826cd8194ebd5,2026-09-30T19:11:00+00:00,2026-10-01 00:11:00,78.3,1012.1,98
18.5,27.2,74.1,1686.4,489.6,76.2,9.5,5.9,1.5,446.9,223.1,19.4,6.5,39.5,26.0,21.93,False,4095,0.0,19.9,0.0,EXT-OPEN-METEO-KHI,KARACHI,OPENSOURCE_API_GRID,1153,,,,0.95,True,True,TIER2_OPENSOURCE_PURE;CONTINUOUS_MINUTE_STREAM;VERIFIED_MODEL_GRID,17782d9e0f64a2cf0ebc93ce6c436697bd0d0fb0fb4b28ad038d3cd6e312f92a,2026-09-30T19:12:00+00:00,2026-10-01 00:12:00,78.3,1012.1,98
18.5,27.2,74.1,1686.4,489.6,76.2,9.5,5.9,1.5,446.9,222.4,19.3,6.5,39.6,26.0,21.93,False,4095,0.0,20.0,0.0,EXT-OPEN-METEO-KHI,KARACHI,OPENSOURCE_API_GRID,1154,,,,0.95,True,True,TIER2_OPENSOURCE_PURE;CONTINUOUS_MINUTE_STREAM;VERIFIED_MODEL_GRID,4e16d88f3b3f557b07f1d364ff9f8ece00f3f3c23587c0728a21ff707aa7fb1f,2026-09-30T19:13:00+00:00,2026-10-01 00:13:00,78.3,1012.1,98
18.4,27.1,74.0,1680.2,487.8,75.9,9.5,5.9,1.5,446.9,221.7,19.2,6.5,39.6,26.0,21.93,False,4095,0.0,20.2,0.0,EXT-OPEN-METEO-KHI,KARACHI,OPENSOURCE_API_GRID,1155,,,,0.95,True,True,TIER2_OPENSOURCE_PURE;CONTINUOUS_MINUTE_STREAM;VERIFIED_MODEL_GRID,5c964a8ac1b2614a0e04120e34835d3ce471c5ccccfa15b0c8ac7955e75eb000,2026-09-30T19:14:00+00:00,2026-10-01 00:14:00,78.3,1012.1,98
18.4,27.1,73.9,1680.2,487.8,75.9,9.5,5.9,1.5,446.9,221.0,19.1,6.5,39.7,26.0,21.93,False,4095,0.0,20.3,0.0,EXT-OPEN-METEO-KHI,KARACHI,OPENSOURCE_API_GRID,1156,,,,0.95,True,True,TIER2_OPENSOURCE_PURE;CONTINUOUS_MINUTE_STREAM;VERIFIED_MODEL_GRID,42cbbe2b3ddbf5e884b8255bb5c7db76328da24f8641f392de806761ead98c09,2026-09-30T19:15:00+00:00,2026-10-01 00:15:00,78.3,1012.1,98
18.4,27.0,73.8,1674.0,486.0,75.6,9.4,5.9,1.5,446.8,220.2,19.1,6.5,39.8,26.0,21.93,False,4095,0.0,20.5,0.0,EXT-OPEN-METEO-KHI,KARACHI,OPENSOURCE_API_GRID,1157,,,,0.95,True,True,TIER2_OPENSOURCE_PURE;CONTINUOUS_MINUTE_STREAM;VERIFIED_MODEL_GRID,2ada2feb1a3221a0272d4bd80f5cd1bfec62b6d3e3ccc2189543d77177d19822,2026-09-30T19:16:00+00:00,2026-10-01 00:16:00,78.3,1012.1,98
18.4,27.0,73.7,1674.0,486.0,75.6,9.4,5.9,1.5,446.8,219.4,19.0,6.5,39.9,26.0,21.95,False,4095,0.0,20.7,0.0,EXT-OPEN-METEO-KHI,KARACHI,OPENSOURCE_API_GRID,1158,,,,0.95,True,True,TIER2_OPENSOURCE_PURE;CONTINUOUS_MINUTE_STREAM;VERIFIED_MODEL_GRID,6b8d914fd850becb5e87ef8d29e0cbcafabb208d119bba8de8f0fbde64d20cfe,2026-09-30T19:17:00+00:00,2026-10-01 00:17:00,78.4,1012.1,98
18.3,26.9,73.5,1667.8,484.2,75.3,9.4,5.9,1.5,446.8,218.5,18.9,6.4,40.0,26.0,21.95,False,4095,0.0,20.9,0.0,EXT-OPEN-METEO-KHI,KARACHI,OPENSOURCE_API_GRID,1159,,,,0.95,True,True,TIER2_OPENSOURCE_PURE;CONTINUOUS_MINUTE_STREAM;VERIFIED_MODEL_GRID,fda9412f23130ba1ed360b1428ce40fcbd50747915692d2f348d54fe467bce5e,2026-09-30T19:18:00+00:00,2026-10-01 00:18:00,78.4,1012.1,98
18.2,26.8,73.4,1661.6,482.4,75.0,9.4,5.9,1.5,446.8,217.7,18.8,6.4,40.1,26.0,21.95,False,4095,0.0,21.0,0.0,EXT-OPEN-METEO-KHI,KARACHI,OPENSOURCE_API_GRID,1160,,,,0.95,True,True,TIER2_OPENSOURCE_PURE;CONTINUOUS_MINUTE_STREAM;VERIFIED_MODEL_GRID,0ab8c91f805e1df101f7e4d3c3dab1f53c820339c195ebe2fc5a03192857bf57,2026-09-30T19:19:00+00:00,2026-10-01 00:19:00,78.4,1012.1,98
18.2,26.7,73.2,1655.4,480.6,74.8,9.3,5.9,1.5,446.8,216.8,18.7,6.4,40.2,26.0,21.95,False,4095,0.0,21.2,0.0,EXT-OPEN-METEO-KHI,KARACHI,OPENSOURCE_API_GRID,1161,,,,0.95,True,True,TIER2_OPENSOURCE_PURE;CONTINUOUS_MINUTE_STREAM;VERIFIED_MODEL_GRID,cee139400368644d83142e3968e4afb9cfd13f526f422f22ed2286a4211b6f22,2026-09-30T19:20:00+00:00,2026-10-01 00:20:00,78.4,1012.1,98
18.1,26.6,73.0,1649.2,478.8,74.5,9.3,5.8,1.5,446.7,215.8,18.6,6.4,40.4,26.0,21.95,False,4095,0.0,21.5,0.0,EXT-OPEN-METEO-KHI,KARACHI,OPENSOURCE_API_GRID,1162,,,,0.95,True,True,TIER2_OPENSOURCE_PURE;CONTINUOUS_MINUTE_STREAM;VERIFIED_MODEL_GRID,919729e2bca6f6181704b104d83b7f57e1e096666ab88da525888b35d2059694,2026-09-30T19:21:00+00:00,2026-10-01 00:21:00,78.4,1012.1,98
18.0,26.5,72.8,1643.0,477.0,74.2,9.3,5.8,1.5,446.7,214.8,18.5,6.4,40.5,25.9,21.87,False,4095,0.0,21.7,0.0,EXT-OPEN-METEO-KHI,KARACHI,OPENSOURCE_API_GRID,1163,,,,0.95,True,True,TIER2_OPENSOURCE_PURE;CONTINUOUS_MINUTE_STREAM;VERIFIED_MODEL_GRID,6ed799b42dd05b6269a7ef6b2d5a08422c27e0afcfb38bd66fafb49ad40f25d3,2026-09-30T19:22:00+00:00,2026-10-01 00:22:00,78.5,1012.1,98
18.0,26.4,72.7,1636.8,475.2,73.9,9.2,5.8,1.5,446.7,213.8,18.4,6.3,40.6,25.9,21.87,False,4095,0.0,21.9,0.0,EXT-OPEN-METEO-KHI,KARACHI,OPENSOURCE_API_GRID,1164,,,,0.95,True,True,TIER2_OPENSOURCE_PURE;CONTINUOUS_MINUTE_STREAM;VERIFIED_MODEL_GRID,d8d7e4f9342ff33a2ff815c779690722f58c0ee7a2b6d5a6cc9c6a8e6016088a,2026-09-30T19:23:00+00:00,2026-10-01 00:23:00,78.5,1012.1,98
18.0,26.4,72.5,1636.8,475.2,73.9,9.2,5.8,1.4,446.7,212.8,18.2,6.3,40.7,25.9,21.87,False,4095,0.0,22.1,0.0,EXT-OPEN-METEO-KHI,KARACHI,OPENSOURCE_API_GRID,1165,,,,0.95,True,True,TIER2_OPENSOURCE_PURE;CONTINUOUS_MINUTE_STREAM;VERIFIED_MODEL_GRID,990a38a4843935d16106fb403ddc6ab48facb15d8c946832230e4a70c7f8a927,2026-09-30T19:24:00+00:00,2026-10-01 00:24:00,78.5,1012.1,98
17.9,26.3,72.3,1630.6,473.4,73.6,9.2,5.8,1.4,446.6,211.8,18.1,6.3,40.9,25.9,21.89,False,4095,0.0,22.3,0.0,EXT-OPEN-METEO-KHI,KARACHI,OPENSOURCE_API_GRID,1166,,,,0.95,True,True,TIER2_OPENSOURCE_PURE;CONTINUOUS_MINUTE_STREAM;VERIFIED_MODEL_GRID,6c13a05003575756526d6a0491866b1bcdf9d08825d67043ac09297512618275,2026-09-30T19:25:00+00:00,2026-10-01 00:25:00,78.6,1012.1,98
17.8,26.2,72.2,1624.4,471.6,73.4,9.2,5.8,1.4,446.6,210.8,18.0,6.3,41.0,25.9,21.89,False,4095,0.0,22.6,0.0,EXT-OPEN-METEO-KHI,KARACHI,OPENSOURCE_API_GRID,1167,,,,0.95,True,True,TIER2_OPENSOURCE_PURE;CONTINUOUS_MINUTE_STREAM;VERIFIED_MODEL_GRID,447998b2d95d677c9a7de81a6f2d78b98f4ff453cad4269551faaac55b53bbff,2026-09-30T19:26:00+00:00,2026-10-01 00:26:00,78.6,1012.1,98
17.7,26.1,72.0,1618.2,469.8,73.1,9.1,5.8,1.4,446.6,209.7,17.9,6.3,41.1,25.9,21.92,False,4095,0.0,22.8,0.0,EXT-OPEN-METEO-KHI,KARACHI,OPENSOURCE_API_GRID,1168,,,,0.95,True,True,TIER2_OPENSOURCE_PURE;CONTINUOUS_MINUTE_STREAM;VERIFIED_MODEL_GRID,4998666601385c67045f7acfe60564084890e9d42b42d16990b7681a2ed2200f,2026-09-30T19:27:00+00:00,2026-10-01 00:27:00,78.7,1012.1,98
17.7,26.1,71.9,1618.2,469.8,73.1,9.1,5.8,1.4,446.6,208.6,17.8,6.2,41.2,25.9,21.94,False,4095,0.0,23.0,0.0,EXT-OPEN-METEO-KHI,KARACHI,OPENSOURCE_API_GRID,1169,,,,0.95,True,True,TIER2_OPENSOURCE_PURE;CONTINUOUS_MINUTE_STREAM;VERIFIED_MODEL_GRID,f835ff107f0f6fe8a257b7751e460fe93ffd82e6ecdda10f153b1a5476508519,2026-09-30T19:28:00+00:00,2026-10-01 00:28:00,78.8,1012.1,98
17.7,26.0,71.8,1612.0,468.0,72.8,9.1,5.7,1.4,446.5,207.6,17.7,6.2,41.4,25.9,21.94,False,4095,0.0,23.3,0.0,EXT-OPEN-METEO-KHI,KARACHI,OPENSOURCE_API_GRID,1170,,,,0.95,True,True,TIER2_OPENSOURCE_PURE;CONTINUOUS_MINUTE_STREAM;VERIFIED_MODEL_GRID,df94944d1b06cfc7a4f4c349e273da1be749ca1bacb6687630d3b106938df5ad,2026-09-30T19:29:00+00:00,2026-10-01 00:29:00,78.8,1012.1,98
17.7,26.0,71.7,1612.0,468.0,72.8,9.1,5.7,1.4,446.5,206.5,17.6,6.2,41.5,25.9,21.96,False,4095,0.0,23.5,0.0,EXT-OPEN-METEO-KHI,KARACHI,OPENSOURCE_API_GRID,1171,,,,0.95,True,True,TIER2_OPENSOURCE_PURE;CONTINUOUS_MINUTE_STREAM;VERIFIED_MODEL_GRID,5eb532832d6412028512071bdb735b3682d5d634fefa2ed2cea60d39284eae3b,2026-09-30T19:30:00+00:00,2026-10-01 00:30:00,78.9,1012.1,98
17.6,25.9,71.6,1605.8,466.2,72.5,9.1,5.7,1.4,446.5,205.4,17.4,6.2,41.6,25.8,21.88,False,4095,0.0,23.7,0.0,EXT-OPEN-METEO-KHI,KARACHI,OPENSOURCE_API_GRID,1172,,,,0.95,True,True,TIER2_OPENSOURCE_PURE;CONTINUOUS_MINUTE_STREAM;VERIFIED_MODEL_GRID,9bcb94af12b8b6e03954bfd637af0e128bea79b712d80659ad37710fa59d3569,2026-09-30T19:31:00+00:00,2026-10-01 00:31:00,79.0,1012.1,98
17.6,25.9,71.5,1605.8,466.2,72.5,9.1,5.7,1.4,446.4,204.4,17.3,6.2,41.8,25.8,21.88,False,4095,0.0,24.0,0.0,EXT-OPEN-METEO-KHI,KARACHI,OPENSOURCE_API_GRID,1173,,,,0.95,True,True,TIER2_OPENSOURCE_PURE;CONTINUOUS_MINUTE_STREAM;VERIFIED_MODEL_GRID,f45d30451511c8e79880b425e2217c234ea02a0bcce3471f5a16a82adf715cc0,2026-09-30T19:32:00+00:00,2026-10-01 00:32:00,79.0,1012.1,98
17.6,25.9,71.4,1605.8,466.2,72.5,9.1,5.7,1.4,446.4,203.3,17.2,6.1,41.9,25.8,21.9,False,4095,0.0,24.2,0.0,EXT-OPEN-METEO-KHI,KARACHI,OPENSOURCE_API_GRID,1174,,,,0.95,True,True,TIER2_OPENSOURCE_PURE;CONTINUOUS_MINUTE_STREAM;VERIFIED_MODEL_GRID,d6191ea8bd2560f19dfdbd37ad2121a2c2011a9e812d6df1abad20d1704cb7cc,2026-09-30T19:33:00+00:00,2026-10-01 00:33:00,79.1,1012.1,98
17.6,25.9,71.4,1605.8,466.2,72.5,9.1,5.7,1.4,446.4,202.2,17.1,6.1,42.0,25.8,21.92,False,4095,0.0,24.4,0.0,EXT-OPEN-METEO-KHI,KARACHI,OPENSOURCE_API_GRID,1175,,,,0.95,True,True,TIER2_OPENSOURCE_PURE;CONTINUOUS_MINUTE_STREAM;VERIFIED_MODEL_GRID,9f4354515b5fba722c8f619586bd125542c3c8143187faa25bc4de51dcec1f8e,2026-09-30T19:34:00+00:00,2026-10-01 00:34:00,79.2,1012.1,98
17.6,25.9,71.3,1605.8,466.2,72.5,9.1,5.7,1.4,446.4,201.2,17.0,6.1,42.1,25.8,21.94,False,4095,0.0,24.7,0.0,EXT-OPEN-METEO-KHI,KARACHI,OPENSOURCE_API_GRID,1176,,,,0.95,True,True,TIER2_OPENSOURCE_PURE;CONTINUOUS_MINUTE_STREAM;VERIFIED_MODEL_GRID,1e53034ff11a6d50349f261bd84fbc638c481d1864431332ccbacb30d3304f65,2026-09-30T19:35:00+00:00,2026-10-01 00:35:00,79.3,1012.1,98
17.6,25.9,71.3,1605.8,466.2,72.5,9.1,5.7,1.4,446.3,200.2,16.9,6.1,42.3,25.8,21.94,False,4095,0.0,24.9,0.0,EXT-OPEN-METEO-KHI,KARACHI,OPENSOURCE_API_GRID,1177,,,,0.95,True,True,TIER2_OPENSOURCE_PURE;CONTINUOUS_MINUTE_STREAM;VERIFIED_MODEL_GRID,c808596b4c2277066166c38b7151901c9c1ebb90b7814af4abb3a16d3d9a4cca,2026-09-30T19:36:00+00:00,2026-10-01 00:36:00,79.3,1012.1,98
17.5,25.8,71.2,1599.6,464.4,72.2,9.0,5.7,1.4,446.3,199.2,16.7,6.1,42.4,25.9,22.06,False,4095,0.0,25.1,0.0,EXT-OPEN-METEO-KHI,KARACHI,OPENSOURCE_API_GRID,1178,,,,0.95,True,True,TIER2_OPENSOURCE_PURE;CONTINUOUS_MINUTE_STREAM;VERIFIED_MODEL_GRID,ad24973ab1de0423a670a62b966413625e4fd11bb4acf5ef976bb167827eac4b,2026-09-30T19:37:00+00:00,2026-10-01 00:37:00,79.4,1012.1,98
17.5,25.7,71.0,1593.4,462.6,72.0,9.0,5.7,1.4,446.3,198.2,16.6,6.0,42.5,25.9,22.1,False,4095,0.0,25.3,0.0,EXT-OPEN-METEO-KHI,KARACHI,OPENSOURCE_API_GRID,1179,,,,0.95,True,True,TIER2_OPENSOURCE_PURE;CONTINUOUS_MINUTE_STREAM;VERIFIED_MODEL_GRID,c4a6a65d13ef09867c4e7543f28a7667b15a170fe7e2a5e0f6e3d6d6104c5dba,2026-09-30T19:38:00+00:00,2026-10-01 00:38:00,79.6,1012.1,98
17.5,25.7,70.9,1593.4,462.6,72.0,9.0,5.7,1.4,446.3,197.2,16.5,6.0,42.6,25.9,22.1,False,4095,0.0,25.5,0.0,EXT-OPEN-METEO-KHI,KARACHI,OPENSOURCE_API_GRID,1180,,,,0.95,True,True,TIER2_OPENSOURCE_PURE;CONTINUOUS_MINUTE_STREAM;VERIFIED_MODEL_GRID,ef58638c6e290dae6f4aa8b7e4ad8e275a434fcf40260ed13fc6283b49788e48,2026-09-30T19:39:00+00:00,2026-10-01 00:39:00,79.6,1012.1,98
17.5,25.7,70.9,1593.4,462.6,72.0,9.0,5.7,1.4,446.2,196.2,16.4,6.0,42.8,25.9,22.1,False,4095,0.0,25.8,0.0,EXT-OPEN-METEO-KHI,KARACHI,OPENSOURCE_API_GRID,1181,,,,0.95,True,True,TIER2_OPENSOURCE_PURE;CONTINUOUS_MINUTE_STREAM;VERIFIED_MODEL_GRID,df3d1dccd428c50dc5cb5fecf927771d12771ee83b0a34decde54e1e870fd79b,2026-09-30T19:40:00+00:00,2026-10-01 00:40:00,79.6,1012.1,98
17.5,25.7,70.9,1593.4,462.6,72.0,9.0,5.7,1.4,446.2,195.3,16.3,6.0,42.9,25.9,22.12,False,4095,0.0,26.0,0.0,EXT-OPEN-METEO-KHI,KARACHI,OPENSOURCE_API_GRID,1182,,,,0.95,True,True,TIER2_OPENSOURCE_PURE;CONTINUOUS_MINUTE_STREAM;VERIFIED_MODEL_GRID,8c3a084f07daa688eff30802e8fac3f3dee7239dea703aeaa764458f26d8ba6b,2026-09-30T19:41:00+00:00,2026-10-01 00:41:00,79.7,1012.1,98
17.5,25.7,70.8,1593.4,462.6,72.0,9.0,5.7,1.4,446.2,194.5,16.2,6.0,43.0,25.9,22.12,False,4095,0.0,26.1,0.0,EXT-OPEN-METEO-KHI,KARACHI,OPENSOURCE_API_GRID,1183,,,,0.95,True,True,TIER2_OPENSOURCE_PURE;CONTINUOUS_MINUTE_STREAM;VERIFIED_MODEL_GRID,9e647db22bde83d353af6829c11700ba0f59897b9da947d82d035b515de578ca,2026-09-30T19:42:00+00:00,2026-10-01 00:42:00,79.7,1012.1,98
17.5,25.7,70.7,1593.4,462.6,72.0,9.0,5.7,1.4,446.2,193.6,16.1,5.9,43.1,25.9,22.12,False,4095,0.0,26.3,0.0,EXT-OPEN-METEO-KHI,KARACHI,OPENSOURCE_API_GRID,1184,,,,0.95,True,True,TIER2_OPENSOURCE_PURE;CONTINUOUS_MINUTE_STREAM;VERIFIED_MODEL_GRID,f73be9409152032fae8660b12b9f5e76fa1a398cf42439c877863289f2c77a8d,2026-09-30T19:43:00+00:00,2026-10-01 00:43:00,79.7,1012.1,98
17.4,25.6,70.7,1587.2,460.8,71.7,9.0,5.7,1.4,446.2,192.8,16.0,5.9,43.2,25.9,22.14,False,4095,0.0,26.5,0.0,EXT-OPEN-METEO-KHI,KARACHI,OPENSOURCE_API_GRID,1185,,,,0.95,True,True,TIER2_OPENSOURCE_PURE;CONTINUOUS_MINUTE_STREAM;VERIFIED_MODEL_GRID,f3cce311248aa6fa7d8706838d2e02498eb98dd70bafd2b2bc96a036a7376dd2,2026-09-30T19:44:00+00:00,2026-10-01 00:44:00,79.8,1012.1,98
17.4,25.6,70.6,1587.2,460.8,71.7,9.0,5.6,1.4,446.1,192.0,16.0,5.9,43.3,25.9,22.14,False,4095,0.0,26.7,0.0,EXT-OPEN-METEO-KHI,KARACHI,OPENSOURCE_API_GRID,1186,,,,0.95,True,True,TIER2_OPENSOURCE_PURE;CONTINUOUS_MINUTE_STREAM;VERIFIED_MODEL_GRID,48a918f2797d5c5fc9637f7daf4a4e1f283975adc11020770e009be8395c19d1,2026-09-30T19:45:00+00:00,2026-10-01 00:45:00,79.8,1012.1,98
17.4,25.6,70.5,1587.2,460.8,71.7,9.0,5.6,1.4,446.1,191.3,15.9,5.9,43.4,25.9,22.14,False,4095,0.0,26.8,0.0,EXT-OPEN-METEO-KHI,KARACHI,OPENSOURCE_API_GRID,1187,,,,0.95,True,True,TIER2_OPENSOURCE_PURE;CONTINUOUS_MINUTE_STREAM;VERIFIED_MODEL_GRID,4922434d78e1724cada4963d3087bf4e7b5593d5606ac521fbcf67032ac23809,2026-09-30T19:46:00+00:00,2026-10-01 00:46:00,79.8,1012.1,98
17.3,25.5,70.4,1581.0,459.0,71.4,8.9,5.6,1.4,446.1,190.6,15.8,5.9,43.4,25.9,22.14,False,4095,0.0,27.0,0.0,EXT-OPEN-METEO-KHI,KARACHI,OPENSOURCE_API_GRID,1188,,,,0.95,True,True,TIER2_OPENSOURCE_PURE;CONTINUOUS_MINUTE_STREAM;VERIFIED_MODEL_GRID,20d2015b3ce112f8b089054045b0d7af12a12809e740c624b64874f0f3d24998,2026-09-30T19:47:00+00:00,2026-10-01 00:47:00,79.8,1012.1,98
17.3,25.5,70.3,1581.0,459.0,71.4,8.9,5.6,1.4,446.1,189.9,15.7,5.9,43.5,25.9,22.14,False,4095,0.0,27.1,0.0,EXT-OPEN-METEO-KHI,KARACHI,OPENSOURCE_API_GRID,1189,,,,0.95,True,True,TIER2_OPENSOURCE_PURE;CONTINUOUS_MINUTE_STREAM;VERIFIED_MODEL_GRID,a4521b89d0ce6241417b348dca7b3e9796aedd27ccb6ed74c63ff2a078b926b9,2026-09-30T19:48:00+00:00,2026-10-01 00:48:00,79.8,1012.1,98
17.3,25.4,70.2,1574.8,457.2,71.1,8.9,5.6,1.4,446.1,189.3,15.7,5.9,43.6,25.9,22.14,False,4095,0.0,27.3,0.0,EXT-OPEN-METEO-KHI,KARACHI,OPENSOURCE_API_GRID,1190,,,,0.95,True,True,TIER2_OPENSOURCE_PURE;CONTINUOUS_MINUTE_STREAM;VERIFIED_MODEL_GRID,2ba75f9c1468820acd544aafa455b68630c18c5f7e84a6a95214dcdb46e661d7,2026-09-30T19:49:00+00:00,2026-10-01 00:49:00,79.8,1012.1,98
17.2,25.3,70.1,1568.6,455.4,70.8,8.9,5.6,1.4,446.1,188.7,15.6,5.9,43.7,25.8,22.05,False,4095,0.0,27.4,0.0,EXT-OPEN-METEO-KHI,KARACHI,OPENSOURCE_API_GRID,1191,,,,0.95,True,True,TIER2_OPENSOURCE_PURE;CONTINUOUS_MINUTE_STREAM;VERIFIED_MODEL_GRID,2140cda34503876a632de65ffb077497d1680759cc069b39fb415ecfd7c8bd6f,2026-09-30T19:50:00+00:00,2026-10-01 00:50:00,79.8,1012.1,98
17.2,25.3,69.9,1568.6,455.4,70.8,8.9,5.6,1.4,446.1,188.2,15.5,5.8,43.7,25.8,22.05,False,4095,0.0,27.5,0.0,EXT-OPEN-METEO-KHI,KARACHI,OPENSOURCE_API_GRID,1192,,,,0.95,True,True,TIER2_OPENSOURCE_PURE;CONTINUOUS_MINUTE_STREAM;VERIFIED_MODEL_GRID,8eef632753c3b698b8f4d7fd6727c78756130eb089fce6c60cc6da4a1cfe660e,2026-09-30T19:51:00+00:00,2026-10-01 00:51:00,79.8,1012.1,98
17.1,25.2,69.8,1562.4,453.6,70.6,8.8,5.6,1.4,446.0,187.8,15.5,5.8,43.8,25.8,22.05,False,4095,0.0,27.6,0.0,EXT-OPEN-METEO-KHI,KARACHI,OPENSOURCE_API_GRID,1193,,,,0.95,True,True,TIER2_OPENSOURCE_PURE;CONTINUOUS_MINUTE_STREAM;VERIFIED_MODEL_GRID,50c03cdc96fbf4da4be223829504ade846ea99284bda78c31c195ccd1c48eeda,2026-09-30T19:52:00+00:00,2026-10-01 00:52:00,79.8,1012.1,98
17.1,25.1,69.7,1556.2,451.8,70.3,8.8,5.6,1.4,446.0,187.4,15.4,5.8,43.8,25.8,22.05,False,4095,0.0,27.7,0.0,EXT-OPEN-METEO-KHI,KARACHI,OPENSOURCE_API_GRID,1194,,,,0.95,True,True,TIER2_OPENSOURCE_PURE;CONTINUOUS_MINUTE_STREAM;VERIFIED_MODEL_GRID,33bb2bac16eb9338b3ab94c8bf8af169ca91be17b38e0a9d3bc2c3dec1aac43d,2026-09-30T19:53:00+00:00,2026-10-01 00:53:00,79.8,1012.1,98
17.1,25.1,69.6,1556.2,451.8,70.3,8.8,5.6,1.4,446.0,187.0,15.4,5.8,43.9,25.8,22.05,False,4095,0.0,27.8,0.0,EXT-OPEN-METEO-KHI,KARACHI,OPENSOURCE_API_GRID,1195,,,,0.95,True,True,TIER2_OPENSOURCE_PURE;CONTINUOUS_MINUTE_STREAM;VERIFIED_MODEL_GRID,b3b904e8ce14f54f3806030cde296c589e2a1081469ba130afe70895d01c78e2,2026-09-30T19:54:00+00:00,2026-10-01 00:54:00,79.8,1012.1,98
17.0,25.0,69.5,1550.0,450.0,70.0,8.8,5.6,1.4,446.0,186.7,15.4,5.8,43.9,25.8,22.05,False,4095,0.0,27.8,0.0,EXT-OPEN-METEO-KHI,KARACHI,OPENSOURCE_API_GRID,1196,,,,0.95,True,True,TIER2_OPENSOURCE_PURE;CONTINUOUS_MINUTE_STREAM;VERIFIED_MODEL_GRID,43e2f52aa6eb491bf135ddf9855a490163a6a0a67deea537bf3daf0f11121bc9,2026-09-30T19:55:00+00:00,2026-10-01 00:55:00,79.8,1012.1,98
17.0,25.0,69.4,1550.0,450.0,70.0,8.8,5.6,1.4,446.0,186.4,15.3,5.8,43.9,25.8,22.05,False,4095,0.0,27.9,0.0,EXT-OPEN-METEO-KHI,KARACHI,OPENSOURCE_API_GRID,1197,,,,0.95,True,True,TIER2_OPENSOURCE_PURE;CONTINUOUS_MINUTE_STREAM;VERIFIED_MODEL_GRID,5f6b1bfa78cae088cc200f7124842ee447c0dd92ce5bcdfb47c233d6e68b207f,2026-09-30T19:56:00+00:00,2026-10-01 00:56:00,79.8,1012.1,98
16.9,24.9,69.4,1543.8,448.2,69.7,8.7,5.6,1.4,446.0,186.3,15.3,5.8,44.0,25.8,22.05,False,4095,0.0,27.9,0.0,EXT-OPEN-METEO-KHI,KARACHI,OPENSOURCE_API_GRID,1198,,,,0.95,True,True,TIER2_OPENSOURCE_PURE;CONTINUOUS_MINUTE_STREAM;VERIFIED_MODEL_GRID,73ebba726e4012d3dce9f59ab355cc88c041e5b67d06fe1d7864e90a3c2481b0,2026-09-30T19:57:00+00:00,2026-10-01 00:57:00,79.8,1012.1,98
16.9,24.9,69.3,1543.8,448.2,69.7,8.7,5.5,1.4,446.0,186.1,15.3,5.8,44.0,25.8,22.05,False,4095,0.0,28.0,0.0,EXT-OPEN-METEO-KHI,KARACHI,OPENSOURCE_API_GRID,1199,,,,0.95,True,True,TIER2_OPENSOURCE_PURE;CONTINUOUS_MINUTE_STREAM;VERIFIED_MODEL_GRID,5b8b676b70360092aa42f14f22d89daa4a9f5aaad54a88f56d7282516ee150d9,2026-09-30T19:58:00+00:00,2026-10-01 00:58:00,79.8,1012.1,98
16.9,24.9,69.3,1543.8,448.2,69.7,8.7,5.5,1.4,446.0,186.0,15.3,5.8,44.0,25.8,22.07,False,4095,0.0,28.0,0.0,EXT-OPEN-METEO-KHI,KARACHI,OPENSOURCE_API_GRID,1200,,,,0.95,True,True,TIER2_OPENSOURCE_PURE;CONTINUOUS_MINUTE_STREAM;VERIFIED_MODEL_GRID,00537fa3c34c9b61d8ee048028c066c4389195999620c44711b0b1b0d01675d1,2026-09-30T19:59:00+00:00,2026-10-01 00:59:00,79.9,1012.1,98
16.9,24.9,69.3,1543.8,448.2,69.7,8.7,5.5,1.4,446.0,186.0,15.3,5.8,44.0,25.8,22.07,False,4095,0.0,28.0,0.0,EXT-OPEN-METEO-KHI,KARACHI,OPENSOURCE_API_GRID,1201,,,,0.95,True,False,TIER2_OPENSOURCE_PURE;HOURLY_NODE;VERIFIED_MODEL_GRID,0d14554f903982e078b1ecc7c5653619b5a9dc975e70a99854a6244da995e631,2026-09-30T20:00:00+00:00,2026-10-01 01:00:00,79.9,1012.1,97
16.9,24.9,69.3,1543.8,448.2,69.7,8.7,5.5,1.4,446.0,186.0,15.3,5.8,44.0,25.8,22.07,False,4095,0.0,28.0,0.0,EXT-OPEN-METEO-KHI,KARACHI,OPENSOURCE_API_GRID,1202,,,,0.95,True,True,TIER2_OPENSOURCE_PURE;CONTINUOUS_MINUTE_STREAM;VERIFIED_MODEL_GRID,53e45646c00aea312ca12708f39615937f4993589c4ef947b57d7a22e8e7a707,2026-09-30T20:01:00+00:00,2026-10-01 01:01:00,79.9,1012.1,97
16.9,24.9,69.4,1543.8,448.2,69.7,8.7,5.6,1.4,446.0,185.9,15.3,5.8,44.0,25.8,22.07,False,4095,0.0,28.0,0.0,EXT-OPEN-METEO-KHI,KARACHI,OPENSOURCE_API_GRID,1203,,,,0.95,True,True,TIER2_OPENSOURCE_PURE;CONTINUOUS_MINUTE_STREAM;VERIFIED_MODEL_GRID,d450314ad660e8adeaf31e5020a4733f02ffbb2cfec06298b8ae16d22407e1ee,2026-09-30T20:02:00+00:00,2026-10-01 01:02:00,79.9,1012.1,97
17.0,25.0,69.4,1550.0,450.0,70.0,8.8,5.6,1.4,446.0,185.8,15.3,5.8,44.0,25.8,22.07,False,4095,0.0,28.1,0.0,EXT-OPEN-METEO-KHI,KARACHI,OPENSOURCE_API_GRID,1204,,,,0.95,True,True,TIER2_OPENSOURCE_PURE;CONTINUOUS_MINUTE_STREAM;VERIFIED_MODEL_GRID,145ba6837a87e04e6eb07209623e8c2fdcc2225189ca9a5b0a7f2a7f7737b1fe,2026-09-30T20:03:00+00:00,2026-10-01 01:03:00,79.9,1012.1,97
17.0,25.0,69.4,1550.0,450.0,70.0,8.8,5.6,1.4,446.0,185.7,15.3,5.8,44.0,25.8,22.07,False,4095,0.0,28.1,0.0,EXT-OPEN-METEO-KHI,KARACHI,OPENSOURCE_API_GRID,1205,,,,0.95,True,True,TIER2_OPENSOURCE_PURE;CONTINUOUS_MINUTE_STREAM;VERIFIED_MODEL_GRID,0476c210ca3e5485478e813ef960a9993509edc0874b173453a2f6303176bd01,2026-09-30T20:04:00+00:00,2026-10-01 01:04:00,79.9,1012.1,97
17.0,25.0,69.5,1550.0,450.0,70.0,8.8,5.6,1.4,446.0,185.5,15.2,5.8,44.1,25.8,22.09,False,4095,0.0,28.2,0.0,EXT-OPEN-METEO-KHI,KARACHI,OPENSOURCE_API_GRID,1206,,,,0.95,True,True,TIER2_OPENSOURCE_PURE;CONTINUOUS_MINUTE_STREAM;VERIFIED_MODEL_GRID,6bed516143da0b9c9d88ffc5a725fbde753d0585c1b9f9083dd6f2f595646cac,2026-09-30T20:05:00+00:00,2026-10-01 01:05:00,80.0,1012.1,97
17.1,25.1,69.5,1556.2,451.8,70.3,8.8,5.6,1.4,446.0,185.3,15.2,5.8,44.1,25.8,22.09,False,4095,0.0,28.2,0.0,EXT-OPEN-METEO-KHI,KARACHI,OPENSOURCE_API_GRID,1207,,,,0.95,True,True,TIER2_OPENSOURCE_PURE;CONTINUOUS_MINUTE_STREAM;VERIFIED_MODEL_GRID,78370a06fdcbd453146108215ed04533f05f3e97fae0ac5421fe5492efda7e5d,2026-09-30T20:06:00+00:00,2026-10-01 01:06:00,80.0,1012.1,97
17.1,25.1,69.6,1556.2,451.8,70.3,8.8,5.6,1.4,446.0,185.0,15.2,5.8,44.1,25.8,22.09,False,4095,0.0,28.3,0.0,EXT-OPEN-METEO-KHI,KARACHI,OPENSOURCE_API_GRID,1208,,,,0.95,True,True,TIER2_OPENSOURCE_PURE;CONTINUOUS_MINUTE_STREAM;VERIFIED_MODEL_GRID,9a138d4cfd22c06917daeb12b32fb0ad6b3fa39e11e4f9a05148ec68512dcbe3,2026-09-30T20:07:00+00:00,2026-10-01 01:07:00,80.0,1012.1,97
17.1,25.1,69.7,1556.2,451.8,70.3,8.8,5.6,1.4,446.0,184.7,15.1,5.8,44.1,25.8,22.09,False,4095,0.0,28.4,0.0,EXT-OPEN-METEO-KHI,KARACHI,OPENSOURCE_API_GRID,1209,,,,0.95,True,True,TIER2_OPENSOURCE_PURE;CONTINUOUS_MINUTE_STREAM;VERIFIED_MODEL_GRID,b897ea635ede86bbf667fc3012f62fef874574e7532048fb281a779977c5d7a5,2026-09-30T20:08:00+00:00,2026-10-01 01:08:00,80.0,1012.1,97
17.1,25.1,69.5,1556.2,451.8,70.3,8.8,5.6,1.4,446.0,184.4,15.1,5.8,44.2,25.8,22.13,False,4095,0.0,28.5,0.0,EXT-OPEN-METEO-KHI,KARACHI,OPENSOURCE_API_GRID,1210,,,,0.95,True,True,TIER2_OPENSOURCE_PURE;CONTINUOUS_MINUTE_STREAM;VERIFIED_MODEL_GRID,5388e215fa49043f422076656e667516006730675b1c11c3eea76106b66f3907,2026-09-30T20:09:00+00:00,2026-10-01 01:09:00,80.2,1012.1,97
17.1,25.1,69.6,1556.2,451.8,70.3,8.8,5.6,1.4,446.0,184.0,15.1,5.8,44.2,25.8,22.11,False,4095,0.0,28.7,0.0,EXT-OPEN-METEO-KHI,KARACHI,OPENSOURCE_API_GRID,1211,,,,0.95,True,True,TIER2_OPENSOURCE_PURE;CONTINUOUS_MINUTE_STREAM;VERIFIED_MODEL_GRID,8819197a9cb7236b96a78353a8144cac2a425841f42f02d8006ce968b9f6db45,2026-09-30T20:10:00+00:00,2026-10-01 01:10:00,80.1,1012.1,97
17.1,25.1,69.6,1556.2,451.8,70.3,8.8,5.6,1.4,446.0,183.6,15.0,5.8,44.2,25.8,22.11,False,4095,0.0,28.8,0.0,EXT-OPEN-METEO-KHI,KARACHI,OPENSOURCE_API_GRID,1212,,,,0.95,True,True,TIER2_OPENSOURCE_PURE;CONTINUOUS_MINUTE_STREAM;VERIFIED_MODEL_GRID,68a778a1cbcf71ca924f7915a0de41cf7487eac72b4837d9de4813e835495fcf,2026-09-30T20:11:00+00:00,2026-10-01 01:11:00,80.1,1012.1,97
17.1,25.2,69.7,1562.4,453.6,70.6,8.8,5.6,1.4,446.0,183.1,14.9,5.8,44.3,25.8,22.11,False,4095,0.0,29.0,0.0,EXT-OPEN-METEO-KHI,KARACHI,OPENSOURCE_API_GRID,1213,,,,0.95,True,True,TIER2_OPENSOURCE_PURE;CONTINUOUS_MINUTE_STREAM;VERIFIED_MODEL_GRID,d738eb02df903d6b5d6cf1482c92c9f86c6c472ada407ced867d1ec26d7aaf3d,2026-09-30T20:12:00+00:00,2026-10-01 01:12:00,80.1,1012.1,97
17.1,25.2,69.7,1562.4,453.6,70.6,8.8,5.6,1.4,446.0,182.7,14.9,5.7,44.3,25.8,22.11,False,4095,0.0,29.1,0.0,EXT-OPEN-METEO-KHI,KARACHI,OPENSOURCE_API_GRID,1214,,,,0.95,True,True,TIER2_OPENSOURCE_PURE;CONTINUOUS_MINUTE_STREAM;VERIFIED_MODEL_GRID,f3185aaffa5c7d2bccfbdd8ec4c2b770d7415b554f15eb508e2000f2dd9b9baa,2026-09-30T20:13:00+00:00,2026-10-01 01:13:00,80.1,1012.1,97
17.1,25.2,69.7,1562.4,453.6,70.6,8.8,5.6,1.4,446.0,182.1,14.8,5.7,44.4,25.8,22.11,False,4095,0.0,29.3,0.0,EXT-OPEN-METEO-KHI,KARACHI,OPENSOURCE_API_GRID,1215,,,,0.95,True,True,TIER2_OPENSOURCE_PURE;CONTINUOUS_MINUTE_STREAM;VERIFIED_MODEL_GRID,a3ade8a0d255283f5523e3fa7168b3aa4d2b356ac766ebdfb18ba7d8a16f0285,2026-09-30T20:14:00+00:00,2026-10-01 01:14:00,80.1,1012.1,97
17.1,25.2,69.7,1562.4,453.6,70.6,8.8,5.6,1.4,446.0,181.6,14.8,5.7,44.4,25.8,22.11,False,4095,0.0,29.5,0.0,EXT-OPEN-METEO-KHI,KARACHI,OPENSOURCE_API_GRID,1216,,,,0.95,True,True,TIER2_OPENSOURCE_PURE;CONTINUOUS_MINUTE_STREAM;VERIFIED_MODEL_GRID,ed4acab6bdef41efb93accb96426f1d355eec4bdbf8094997801b52854ce3c4d,2026-09-30T20:15:00+00:00,2026-10-01 01:15:00,80.1,1012.1,97
17.1,25.2,69.7,1562.4,453.6,70.6,8.8,5.6,1.4,446.0,181.0,14.7,5.7,44.5,25.8,22.11,False,4095,0.0,29.7,0.0,EXT-OPEN-METEO-KHI,KARACHI,OPENSOURCE_API_GRID,1217,,,,0.95,True,True,TIER2_OPENSOURCE_PURE;CONTINUOUS_MINUTE_STREAM;VERIFIED_MODEL_GRID,772d2d0e24e0563cf663b8f845e864234d962d986a403f169714123ee19e81d3,2026-09-30T20:16:00+00:00,2026-10-01 01:16:00,80.1,1012.1,97
17.1,25.2,69.6,1562.4,453.6,70.6,8.8,5.6,1.4,446.0,180.4,14.6,5.7,44.6,25.8,22.09,False,4095,0.0,29.9,0.0,EXT-OPEN-METEO-KHI,KARACHI,OPENSOURCE_API_GRID,1218,,,,0.95,True,True,TIER2_OPENSOURCE_PURE;CONTINUOUS_MINUTE_STREAM;VERIFIED_MODEL_GRID,16797919b67c2be33c417ed06e551ce9cc4c8249215fe4eda3dedfe50378d5b4,2026-09-30T20:17:00+00:00,2026-10-01 01:17:00,80.0,1012.1,97
17.1,25.1,69.6,1556.2,451.8,70.3,8.8,5.6,1.4,446.0,179.8,14.5,5.7,44.6,25.8,22.09,False,4095,0.0,30.1,0.0,EXT-OPEN-METEO-KHI,KARACHI,OPENSOURCE_API_GRID,1219,,,,0.95,True,True,TIER2_OPENSOURCE_PURE;CONTINUOUS_MINUTE_STREAM;VERIFIED_MODEL_GRID,d44aee1d7a5c5e1dceb506076183b7477b5a990f2b65a9e2e59bcb26038da5f2,2026-09-30T20:18:00+00:00,2026-10-01 01:18:00,80.0,1012.1,97
17.1,25.1,69.5,1556.2,451.8,70.3,8.8,5.6,1.4,446.0,179.2,14.5,5.7,44.7,25.8,22.09,False,4095,0.0,30.3,0.0,EXT-OPEN-METEO-KHI,KARACHI,OPENSOURCE_API_GRID,1220,,,,0.95,True,True,TIER2_OPENSOURCE_PURE;CONTINUOUS_MINUTE_STREAM;VERIFIED_MODEL_GRID,e3176af803fd03b6bb8c80d09adffa6f96ec86ef2fc1f6d848eb251004a29047,2026-09-30T20:19:00+00:00,2026-10-01 01:19:00,80.0,1012.1,97
17.1,25.1,69.4,1556.2,451.8,70.3,8.8,5.6,1.4,446.0,178.5,14.4,5.7,44.8,25.8,22.09,False,4095,0.0,30.5,0.0,EXT-OPEN-METEO-KHI,KARACHI,OPENSOURCE_API_GRID,1221,,,,0.95,True,True,TIER2_OPENSOURCE_PURE;CONTINUOUS_MINUTE_STREAM;VERIFIED_MODEL_GRID,c71c9abcd9ad598c608627b8de2f9056b21e4c0d570cc380302618fdd7059ae1,2026-09-30T20:20:00+00:00,2026-10-01 01:20:00,80.0,1012.1,97
17.0,25.0,69.4,1550.0,450.0,70.0,8.8,5.6,1.4,446.0,177.8,14.3,5.7,44.8,25.8,22.07,False,4095,0.0,30.7,0.0,EXT-OPEN-METEO-KHI,KARACHI,OPENSOURCE_API_GRID,1222,,,,0.95,True,True,TIER2_OPENSOURCE_PURE;CONTINUOUS_MINUTE_STREAM;VERIFIED_MODEL_GRID,c0478c6f5c23d0dc9e3f2f3cbd19bbef1fb2c5ab779b0f851bece4a392f844b5,2026-09-30T20:21:00+00:00,2026-10-01 01:21:00,79.9,1012.1,97
16.9,24.9,69.3,1543.8,448.2,69.7,8.7,5.5,1.4,446.0,177.1,14.2,5.7,44.9,25.8,22.07,False,4095,0.0,31.0,0.0,EXT-OPEN-METEO-KHI,KARACHI,OPENSOURCE_API_GRID,1223,,,,0.95,True,True,TIER2_OPENSOURCE_PURE;CONTINUOUS_MINUTE_STREAM;VERIFIED_MODEL_GRID,1a41bb8d1a38843ac0fc3fab483ab24423fd2e48d5b4b9468064d0166a241cdc,2026-09-30T20:22:00+00:00,2026-10-01 01:22:00,79.9,1012.1,97
16.9,24.9,69.2,1543.8,448.2,69.7,8.7,5.5,1.4,446.0,176.4,14.1,5.6,45.0,25.8,22.07,False,4095,0.0,31.2,0.0,EXT-OPEN-METEO-KHI,KARACHI,OPENSOURCE_API_GRID,1224,,,,0.95,True,True,TIER2_OPENSOURCE_PURE;CONTINUOUS_MINUTE_STREAM;VERIFIED_MODEL_GRID,1d467c43bb18e7ad86151c7f02a546dc9e00259f5c6961ae02c08cce58cb6c41,2026-09-30T20:23:00+00:00,2026-10-01 01:23:00,79.9,1012.1,97
16.9,24.8,69.1,1537.6,446.4,69.4,8.7,5.5,1.4,446.0,175.6,14.0,5.6,45.0,25.8,22.07,False,4095,0.0,31.5,0.0,EXT-OPEN-METEO-KHI,KARACHI,OPENSOURCE_API_GRID,1225,,,,0.95,True,True,TIER2_OPENSOURCE_PURE;CONTINUOUS_MINUTE_STREAM;VERIFIED_MODEL_GRID,e4f10f2adaeb538baaf05fca5a2c2f78bc1df30ae86acebdc042af503a1372d8,2026-09-30T20:24:00+00:00,2026-10-01 01:24:00,79.9,1012.0,97
16.9,24.8,69.0,1537.6,446.4,69.4,8.7,5.5,1.4,446.0,174.9,13.9,5.6,45.1,25.8,22.07,False,4095,0.0,31.7,0.0,EXT-OPEN-METEO-KHI,KARACHI,OPENSOURCE_API_GRID,1226,,,,0.95,True,True,TIER2_OPENSOURCE_PURE;CONTINUOUS_MINUTE_STREAM;VERIFIED_MODEL_GRID,21b57e87c4c3e3e1db2b537991c06ffa78b8d4312b70ef443156d1e4a8c1594c,2026-09-30T20:25:00+00:00,2026-10-01 01:25:00,79.9,1012.0,97
16.8,24.7,68.9,1531.4,444.6,69.2,8.6,5.5,1.4,446.0,174.1,13.8,5.6,45.2,25.8,22.07,False,4095,0.0,32.0,0.0,EXT-OPEN-METEO-KHI,KARACHI,OPENSOURCE_API_GRID,1227,,,,0.95,True,True,TIER2_OPENSOURCE_PURE;CONTINUOUS_MINUTE_STREAM;VERIFIED_MODEL_GRID,d57beb20722ddc0707bef10c9a8684f9d5ec6ecc0e9ea0fe3b2e0138e4ae305e,2026-09-30T20:26:00+00:00,2026-10-01 01:26:00,79.9,1012.0,97
16.8,24.7,68.8,1531.4,444.6,69.2,8.6,5.5,1.4,446.0,173.3,13.7,5.6,45.3,25.8,22.07,False,4095,0.0,32.2,0.0,EXT-OPEN-METEO-KHI,KARACHI,OPENSOURCE_API_GRID,1228,,,,0.95,True,True,TIER2_OPENSOURCE_PURE;CONTINUOUS_MINUTE_STREAM;VERIFIED_MODEL_GRID,427a5e53ae41e2df7696b796ce3412f8b4c63c9de0ad23b21d9888a117dbdf5f,2026-09-30T20:27:00+00:00,2026-10-01 01:27:00,79.9,1012.0,97
16.7,24.6,68.7,1525.2,442.8,68.9,8.6,5.5,1.4,446.0,172.6,13.6,5.6,45.3,25.8,22.07,False,4095,0.0,32.5,0.0,EXT-OPEN-METEO-KHI,KARACHI,OPENSOURCE_API_GRID,1229,,,,0.95,True,True,TIER2_OPENSOURCE_PURE;CONTINUOUS_MINUTE_STREAM;VERIFIED_MODEL_GRID,83090566c655dd4cdadf34674e7688d365456698395dfac23f7ed298288d59ee,2026-09-30T20:28:00+00:00,2026-10-01 01:28:00,79.9,1012.0,97
16.7,24.6,68.6,1525.2,442.8,68.9,8.6,5.5,1.4,446.0,171.8,13.5,5.6,45.4,25.8,22.07,False,4095,0.0,32.7,0.0,EXT-OPEN-METEO-KHI,KARACHI,OPENSOURCE_API_GRID,1230,,,,0.95,True,True,TIER2_OPENSOURCE_PURE;CONTINUOUS_MINUTE_STREAM;VERIFIED_MODEL_GRID,4bc803ed1fab747b82b7242199d9b53c416c156d034951902e0fe0d4e8894054,2026-09-30T20:29:00+00:00,2026-10-01 01:29:00,79.9,1012.0,97
16.7,24.6,68.6,1525.2,442.8,68.9,8.6,5.5,1.4,446.0,171.0,13.4,5.5,45.5,25.8,22.07,False,4095,0.0,33.0,0.0,EXT-OPEN-METEO-KHI,KARACHI,OPENSOURCE_API_GRID,1231,,,,0.95,True,True,TIER2_OPENSOURCE_PURE;CONTINUOUS_MINUTE_STREAM;VERIFIED_MODEL_GRID,54fcdd339893c89eb9530fa6d20fb89f8d93ad4f71c329e954a69b2c079972cc,2026-09-30T20:30:00+00:00,2026-10-01 01:30:00,79.9,1012.0,97
16.7,24.5,68.6,1519.0,441.0,68.6,8.6,5.5,1.4,446.0,170.2,13.4,5.5,45.6,25.8,22.07,False,4095,0.0,33.3,0.0,EXT-OPEN-METEO-KHI,KARACHI,OPENSOURCE_API_GRID,1232,,,,0.95,True,True,TIER2_OPENSOURCE_PURE;CONTINUOUS_MINUTE_STREAM;VERIFIED_MODEL_GRID,4d188fe61b016cb1db8716ba22fff6bc591bff2649a137671b75c04fd25abfbc,2026-09-30T20:31:00+00:00,2026-10-01 01:31:00,79.9,1012.0,97
16.7,24.5,68.6,1519.0,441.0,68.6,8.6,5.5,1.4,446.0,169.4,13.3,5.5,45.7,25.8,22.07,False,4095,0.0,33.5,0.0,EXT-OPEN-METEO-KHI,KARACHI,OPENSOURCE_API_GRID,1233,,,,0.95,True,True,TIER2_OPENSOURCE_PURE;CONTINUOUS_MINUTE_STREAM;VERIFIED_MODEL_GRID,91df630433d7f90040e7a69db4d2c1b26989d9e786f451a695ee77f98582ec43,2026-09-30T20:32:00+00:00,2026-10-01 01:32:00,79.9,1012.0,97
16.7,24.5,68.5,1519.0,441.0,68.6,8.6,5.5,1.4,446.0,168.7,13.2,5.5,45.7,25.8,22.07,False,4095,0.0,33.8,0.0,EXT-OPEN-METEO-KHI,KARACHI,OPENSOURCE_API_GRID,1234,,,,0.95,True,True,TIER2_OPENSOURCE_PURE;CONTINUOUS_MINUTE_STREAM;VERIFIED_MODEL_GRID,0b4df772ed973f368daa5c5450bdb6629769e48461ce0f366d1fd61158676f53,2026-09-30T20:33:00+00:00,2026-10-01 01:33:00,79.9,1012.0,97
16.7,24.5,68.6,1519.0,441.0,68.6,8.6,5.5,1.4,446.0,167.9,13.1,5.5,45.8,25.8,22.07,False,4095,0.0,34.0,0.0,EXT-OPEN-METEO-KHI,KARACHI,OPENSOURCE_API_GRID,1235,,,,0.95,True,True,TIER2_OPENSOURCE_PURE;CONTINUOUS_MINUTE_STREAM;VERIFIED_MODEL_GRID,8c117bcea6eabed68cd6a3a141c664c1f0b9a52fcea1409c28c8263e64af5cc0,2026-09-30T20:34:00+00:00,2026-10-01 01:34:00,79.9,1012.0,97
16.7,24.6,68.6,1525.2,442.8,68.9,8.6,5.5,1.4,446.0,167.1,13.0,5.5,45.9,25.8,22.07,False,4095,0.0,34.3,0.0,EXT-OPEN-METEO-KHI,KARACHI,OPENSOURCE_API_GRID,1236,,,,0.95,True,True,TIER2_OPENSOURCE_PURE;CONTINUOUS_MINUTE_STREAM;VERIFIED_MODEL_GRID,86bbdc085b93205e4376371864fac5eb1160aab86c68e967cad8b225ab426db5,2026-09-30T20:35:00+00:00,2026-10-01 01:35:00,79.9,1012.0,97
16.7,24.6,68.6,1525.2,442.8,68.9,8.6,5.5,1.4,446.0,166.4,12.9,5.5,46.0,25.8,22.09,False,4095,0.0,34.5,0.0,EXT-OPEN-METEO-KHI,KARACHI,OPENSOURCE_API_GRID,1237,,,,0.95,True,True,TIER2_OPENSOURCE_PURE;CONTINUOUS_MINUTE_STREAM;VERIFIED_MODEL_GRID,1d4afc692f57d67f73d3b8c9fc6097b9d6df5ce351ca2c50ca00e4d36a530f95,2026-09-30T20:36:00+00:00,2026-10-01 01:36:00,80.0,1012.0,97
16.7,24.6,68.6,1525.2,442.8,68.9,8.6,5.5,1.4,446.0,165.6,12.8,5.5,46.0,25.8,22.09,False,4095,0.0,34.8,0.0,EXT-OPEN-METEO-KHI,KARACHI,OPENSOURCE_API_GRID,1238,,,,0.95,True,True,TIER2_OPENSOURCE_PURE;CONTINUOUS_MINUTE_STREAM;VERIFIED_MODEL_GRID,870c484b911c69ae511f1be9e1e20c89aaea82d2974d19cc318d84772f433c19,2026-09-30T20:37:00+00:00,2026-10-01 01:37:00,80.0,1012.0,97
16.7,24.6,68.7,1525.2,442.8,68.9,8.6,5.5,1.4,446.0,164.9,12.7,5.4,46.1,25.8,22.09,False,4095,0.0,35.0,0.0,EXT-OPEN-METEO-KHI,KARACHI,OPENSOURCE_API_GRID,1239,,,,0.95,True,True,TIER2_OPENSOURCE_PURE;CONTINUOUS_MINUTE_STREAM;VERIFIED_MODEL_GRID,6383767e17dec77c2a09e6cb0b9999d75c55e42ed39b7720db141b3321bb3358,2026-09-30T20:38:00+00:00,2026-10-01 01:38:00,80.0,1012.0,97
16.8,24.7,68.7,1531.4,444.6,69.2,8.6,5.5,1.4,446.0,164.2,12.6,5.4,46.2,25.8,22.09,False,4095,0.0,35.3,0.0,EXT-OPEN-METEO-KHI,KARACHI,OPENSOURCE_API_GRID,1240,,,,0.95,True,True,TIER2_OPENSOURCE_PURE;CONTINUOUS_MINUTE_STREAM;VERIFIED_MODEL_GRID,e59a173010a4ea11438e698bfd7d2e88c78b5be3db910aa14e64654ac83ff6a2,2026-09-30T20:39:00+00:00,2026-10-01 01:39:00,80.0,1011.9,97
16.7,24.6,68.5,1525.2,442.8,68.9,8.6,5.5,1.4,446.0,163.5,12.5,5.4,46.2,25.8,22.13,False,4095,0.0,35.5,0.0,EXT-OPEN-METEO-KHI,KARACHI,OPENSOURCE_API_GRID,1241,,,,0.95,True,True,TIER2_OPENSOURCE_PURE;CONTINUOUS_MINUTE_STREAM;VERIFIED_MODEL_GRID,290903e469cda97d2843a386b4db1007c16719558011f5258269717fdc82d1b3,2026-09-30T20:40:00+00:00,2026-10-01 01:40:00,80.2,1011.9,97
16.7,24.6,68.6,1525.2,442.8,68.9,8.6,5.5,1.4,446.0,162.8,12.4,5.4,46.3,25.8,22.11,False,4095,0.0,35.7,0.0,EXT-OPEN-METEO-KHI,KARACHI,OPENSOURCE_API_GRID,1242,,,,0.95,True,True,TIER2_OPENSOURCE_PURE;CONTINUOUS_MINUTE_STREAM;VERIFIED_MODEL_GRID,16d236ef34c04c6544803166ff79edaa42202ef75e5d9dca5c1c0e4c6e90a9e9,2026-09-30T20:41:00+00:00,2026-10-01 01:41:00,80.1,1011.9,97
16.7,24.6,68.6,1525.2,442.8,68.9,8.6,5.5,1.4,446.0,162.2,12.4,5.4,46.4,25.8,22.11,False,4095,0.0,35.9,0.0,EXT-OPEN-METEO-KHI,KARACHI,OPENSOURCE_API_GRID,1243,,,,0.95,True,True,TIER2_OPENSOURCE_PURE;CONTINUOUS_MINUTE_STREAM;VERIFIED_MODEL_GRID,fbd96e925bae159c5099d0310d7c3d2f1f7fb0fa58c768e20c340becb8c177ef,2026-09-30T20:42:00+00:00,2026-10-01 01:42:00,80.1,1011.9,97
16.8,24.7,68.6,1531.4,444.6,69.2,8.6,5.5,1.4,446.0,161.6,12.3,5.4,46.4,25.8,22.11,False,4095,0.0,36.1,0.0,EXT-OPEN-METEO-KHI,KARACHI,OPENSOURCE_API_GRID,1244,,,,0.95,True,True,TIER2_OPENSOURCE_PURE;CONTINUOUS_MINUTE_STREAM;VERIFIED_MODEL_GRID,468a3c41ed55064ec0df63c8e729c2397ca9681d0d122a7c1c5fedaffe98b5d0,2026-09-30T20:43:00+00:00,2026-10-01 01:43:00,80.1,1011.9,97
16.8,24.7,68.7,1531.4,444.6,69.2,8.6,5.5,1.4,446.0,161.0,12.2,5.4,46.5,25.8,22.11,False,4095,0.0,36.3,0.0,EXT-OPEN-METEO-KHI,KARACHI,OPENSOURCE_API_GRID,1245,,,,0.95,True,True,TIER2_OPENSOURCE_PURE;CONTINUOUS_MINUTE_STREAM;VERIFIED_MODEL_GRID,afad94bfb8e03858d01f5e2ed64d8029b2d3035b8d2f5f6aaafa3cde5a987c2e,2026-09-30T20:44:00+00:00,2026-10-01 01:44:00,80.1,1011.9,97
16.8,24.7,68.7,1531.4,444.6,69.2,8.6,5.5,1.4,446.0,160.4,12.1,5.4,46.6,25.8,22.11,False,4095,0.0,36.5,0.0,EXT-OPEN-METEO-KHI,KARACHI,OPENSOURCE_API_GRID,1246,,,,0.95,True,True,TIER2_OPENSOURCE_PURE;CONTINUOUS_MINUTE_STREAM;VERIFIED_MODEL_GRID,d0087598f3494ada3c843a22561139a0733059e4b5f3e3cffef054f2e2c28828,2026-09-30T20:45:00+00:00,2026-10-01 01:45:00,80.1,1011.9,97
16.8,24.7,68.7,1531.4,444.6,69.2,8.6,5.5,1.4,446.0,159.9,12.1,5.4,46.6,25.8,22.11,False,4095,0.0,36.7,0.0,EXT-OPEN-METEO-KHI,KARACHI,OPENSOURCE_API_GRID,1247,,,,0.95,True,True,TIER2_OPENSOURCE_PURE;CONTINUOUS_MINUTE_STREAM;VERIFIED_MODEL_GRID,9ca994255c79e2b271f6e232ee508bb5191f9d0a89dbe8c318558449cd6389f4,2026-09-30T20:46:00+00:00,2026-10-01 01:46:00,80.1,1011.9,97
16.8,24.7,68.7,1531.4,444.6,69.2,8.6,5.5,1.4,446.0,159.3,12.0,5.4,46.7,25.8,22.11,False,4095,0.0,36.9,0.0,EXT-OPEN-METEO-KHI,KARACHI,OPENSOURCE_API_GRID,1248,,,,0.95,True,True,TIER2_OPENSOURCE_PURE;CONTINUOUS_MINUTE_STREAM;VERIFIED_MODEL_GRID,ba33a6e6db1b5206e4da3d3ca4c7e128ddf581338e4beb4ccd166274844866c2,2026-09-30T20:47:00+00:00,2026-10-01 01:47:00,80.1,1011.9,97
16.8,24.7,68.6,1531.4,444.6,69.2,8.6,5.5,1.4,446.0,158.9,12.0,5.3,46.7,25.8,22.09,False,4095,0.0,37.0,0.0,EXT-OPEN-METEO-KHI,KARACHI,OPENSOURCE_API_GRID,1249,,,,0.95,True,True,TIER2_OPENSOURCE_PURE;CONTINUOUS_MINUTE_STREAM;VERIFIED_MODEL_GRID,c95507004e3304004e03ec12193e638e58eee350b85fdebf9da05a24597d8dd8,2026-09-30T20:48:00+00:00,2026-10-01 01:48:00,80.0,1011.9,97
16.7,24.6,68.6,1525.2,442.8,68.9,8.6,5.5,1.4,446.0,158.4,11.9,5.3,46.8,25.8,22.09,False,4095,0.0,37.2,0.0,EXT-OPEN-METEO-KHI,KARACHI,OPENSOURCE_API_GRID,1250,,,,0.95,True,True,TIER2_OPENSOURCE_PURE;CONTINUOUS_MINUTE_STREAM;VERIFIED_MODEL_GRID,59dfd1cff4ec974524d7d41cd66ead7edf06c051a1b582a4536955c8168221b9,2026-09-30T20:49:00+00:00,2026-10-01 01:49:00,80.0,1011.9,97
16.7,24.6,68.5,1525.2,442.8,68.9,8.6,5.5,1.4,446.0,158.0,11.8,5.3,46.8,25.8,22.09,False,4095,0.0,37.3,0.0,EXT-OPEN-METEO-KHI,KARACHI,OPENSOURCE_API_GRID,1251,,,,0.95,True,True,TIER2_OPENSOURCE_PURE;CONTINUOUS_MINUTE_STREAM;VERIFIED_MODEL_GRID,90c0c1151577d950503e08072843cdb70ea9dac624fe5899e9055ed81f66dbe5,2026-09-30T20:50:00+00:00,2026-10-01 01:50:00,80.0,1011.9,97
16.7,24.6,68.5,1525.2,442.8,68.9,8.6,5.5,1.4,446.0,157.6,11.8,5.3,46.8,25.8,22.09,False,4095,0.0,37.5,0.0,EXT-OPEN-METEO-KHI,KARACHI,OPENSOURCE_API_GRID,1252,,,,0.95,True,True,TIER2_OPENSOURCE_PURE;CONTINUOUS_MINUTE_STREAM;VERIFIED_MODEL_GRID,3d19bb1e4b0708619f9093f182bd5260e9150c26e92728abb33e51d4fad3fdaf,2026-09-30T20:51:00+00:00,2026-10-01 01:51:00,80.0,1011.9,97
16.7,24.5,68.4,1519.0,441.0,68.6,8.6,5.5,1.4,446.0,157.3,11.8,5.3,46.9,25.8,22.07,False,4095,0.0,37.6,0.0,EXT-OPEN-METEO-KHI,KARACHI,OPENSOURCE_API_GRID,1253,,,,0.95,True,True,TIER2_OPENSOURCE_PURE;CONTINUOUS_MINUTE_STREAM;VERIFIED_MODEL_GRID,38307bcc908390829272b58f803404ddd76d569392a5513af83e51aec21243cd,2026-09-30T20:52:00+00:00,2026-10-01 01:52:00,79.9,1011.9,97
16.7,24.5,68.3,1519.0,441.0,68.6,8.6,5.5,1.4,446.0,157.0,11.7,5.3,46.9,25.8,22.07,False,4095,0.0,37.7,0.0,EXT-OPEN-METEO-KHI,KARACHI,OPENSOURCE_API_GRID,1254,,,,0.95,True,True,TIER2_OPENSOURCE_PURE;CONTINUOUS_MINUTE_STREAM;VERIFIED_MODEL_GRID,ddb3a22e6bb787b743f2f48e9f92101d174ef94263c4b15b2109c4fa71e3a4a3,2026-09-30T20:53:00+00:00,2026-10-01 01:53:00,79.9,1011.9,97
16.6,24.4,68.2,1512.8,439.2,68.3,8.5,5.5,1.4,446.0,156.7,11.7,5.3,46.9,25.8,22.07,False,4095,0.0,37.8,0.0,EXT-OPEN-METEO-KHI,KARACHI,OPENSOURCE_API_GRID,1255,,,,0.95,True,True,TIER2_OPENSOURCE_PURE;CONTINUOUS_MINUTE_STREAM;VERIFIED_MODEL_GRID,d6ba40595e3343512f10e2680ff42bf437f7129cfe3430d102f930500c67a8e2,2026-09-30T20:54:00+00:00,2026-10-01 01:54:00,79.9,1011.9,97
16.6,24.4,68.2,1512.8,439.2,68.3,8.5,5.5,1.4,446.0,156.5,11.7,5.3,46.9,25.8,22.07,False,4095,0.0,37.8,0.0,EXT-OPEN-METEO-KHI,KARACHI,OPENSOURCE_API_GRID,1256,,,,0.95,True,True,TIER2_OPENSOURCE_PURE;CONTINUOUS_MINUTE_STREAM;VERIFIED_MODEL_GRID,4654b8d6afc1622e901c6e685ff0948bf020ba27b07c5de8433b6a9683b65365,2026-09-30T20:55:00+00:00,2026-10-01 01:55:00,79.9,1011.9,97
16.5,24.3,68.1,1506.6,437.4,68.0,8.5,5.4,1.4,446.0,156.3,11.6,5.3,47.0,25.8,22.07,False,4095,0.0,37.9,0.0,EXT-OPEN-METEO-KHI,KARACHI,OPENSOURCE_API_GRID,1257,,,,0.95,True,True,TIER2_OPENSOURCE_PURE;CONTINUOUS_MINUTE_STREAM;VERIFIED_MODEL_GRID,b8f6e9787d432b7e002c7806b6be898ac82336540641b45b9e2eda5e0d990f9d,2026-09-30T20:56:00+00:00,2026-10-01 01:56:00,79.9,1011.9,97
16.5,24.3,68.0,1506.6,437.4,68.0,8.5,5.4,1.4,446.0,156.2,11.6,5.3,47.0,25.8,22.07,False,4095,0.0,37.9,0.0,EXT-OPEN-METEO-KHI,KARACHI,OPENSOURCE_API_GRID,1258,,,,0.95,True,True,TIER2_OPENSOURCE_PURE;CONTINUOUS_MINUTE_STREAM;VERIFIED_MODEL_GRID,4c82a9ebbee8c8664c4e00a48021e583f1f61cc4970954a132d7300eae1d4411,2026-09-30T20:57:00+00:00,2026-10-01 01:57:00,79.9,1011.9,97
16.5,24.3,68.0,1506.6,437.4,68.0,8.5,5.4,1.4,446.0,156.1,11.6,5.3,47.0,25.8,22.07,False,4095,0.0,38.0,0.0,EXT-OPEN-METEO-KHI,KARACHI,OPENSOURCE_API_GRID,1259,,,,0.95,True,True,TIER2_OPENSOURCE_PURE;CONTINUOUS_MINUTE_STREAM;VERIFIED_MODEL_GRID,ee731d743eccdc363d495cb4c03c995257b661dd8ee47bf3f05ff0f6ebc11810,2026-09-30T20:58:00+00:00,2026-10-01 01:58:00,79.9,1011.9,97
16.5,24.2,67.9,1500.4,435.6,67.8,8.5,5.4,1.4,446.0,156.0,11.6,5.3,47.0,25.8,22.07,False,4095,0.0,38.0,0.0,EXT-OPEN-METEO-KHI,KARACHI,OPENSOURCE_API_GRID,1260,,,,0.95,True,True,TIER2_OPENSOURCE_PURE;CONTINUOUS_MINUTE_STREAM;VERIFIED_MODEL_GRID,6d9150eb7cd36cab49d2463e84eaec23f80f26bb6d5a261a29080bc485d5dcf6,2026-09-30T20:59:00+00:00,2026-10-01 01:59:00,79.9,1011.9,97
16.5,24.2,67.9,1500.4,435.6,67.8,8.5,5.4,1.4,446.0,156.0,11.6,5.3,47.0,25.8,22.07,False,4095,0.0,38.0,0.0,EXT-OPEN-METEO-KHI,KARACHI,OPENSOURCE_API_GRID,1261,,,,0.95,True,False,TIER2_OPENSOURCE_PURE;HOURLY_NODE;VERIFIED_MODEL_GRID,491aa69d3cbde40f280619ac7a71d9d2eba362bcbe1aee7bce7ba1c31f82e014,2026-09-30T21:00:00+00:00,2026-10-01 02:00:00,79.9,1011.9,97
16.5,24.2,67.9,1500.4,435.6,67.8,8.5,5.4,1.4,446.0,156.0,11.6,5.3,47.0,25.8,22.07,False,4095,0.0,38.0,0.0,EXT-OPEN-METEO-KHI,KARACHI,OPENSOURCE_API_GRID,1262,,,,0.95,True,True,TIER2_OPENSOURCE_PURE;CONTINUOUS_MINUTE_STREAM;VERIFIED_MODEL_GRID,f91d32e6b831a123add50f9e5dd6f8c4234895aa029619e2361038f0625d66e4,2026-09-30T21:01:00+00:00,2026-10-01 02:01:00,79.9,1011.9,97
16.5,24.2,67.9,1500.4,435.6,67.8,8.5,5.4,1.4,446.0,156.0,11.6,5.3,47.0,25.8,22.07,False,4095,0.0,38.0,0.0,EXT-OPEN-METEO-KHI,KARACHI,OPENSOURCE_API_GRID,1263,,,,0.95,True,True,TIER2_OPENSOURCE_PURE;CONTINUOUS_MINUTE_STREAM;VERIFIED_MODEL_GRID,42cf64beff6df31920a332a6bdd9f4165c0ed8edede164d5dddf6b2fea30a300,2026-09-30T21:02:00+00:00,2026-10-01 02:02:00,79.9,1011.9,97
16.5,24.2,67.9,1500.4,435.6,67.8,8.5,5.4,1.4,446.0,155.9,11.6,5.3,47.0,25.8,22.07,False,4095,0.0,38.0,0.0,EXT-OPEN-METEO-KHI,KARACHI,OPENSOURCE_API_GRID,1264,,,,0.95,True,True,TIER2_OPENSOURCE_PURE;CONTINUOUS_MINUTE_STREAM;VERIFIED_MODEL_GRID,ee0116f66b40fda2adb2e7a58e6692af1c7e0e4b2103162fa22d969e18c43f1c,2026-09-30T21:03:00+00:00,2026-10-01 02:03:00,79.9,1011.9,97
16.5,24.2,67.9,1500.4,435.6,67.8,8.5,5.4,1.4,446.0,155.8,11.6,5.3,47.0,25.8,22.07,False,4095,0.0,38.0,0.0,EXT-OPEN-METEO-KHI,KARACHI,OPENSOURCE_API_GRID,1265,,,,0.95,True,True,TIER2_OPENSOURCE_PURE;CONTINUOUS_MINUTE_STREAM;VERIFIED_MODEL_GRID,85670d15ad6b881050d7371f669dd39dff365fa8f2b6b744267f72b589413244,2026-09-30T21:04:00+00:00,2026-10-01 02:04:00,79.9,1011.9,97
16.5,24.2,67.9,1500.4,435.6,67.8,8.5,5.4,1.4,446.0,155.7,11.6,5.3,47.0,25.8,22.07,False,4095,0.0,37.9,0.0,EXT-OPEN-METEO-KHI,KARACHI,OPENSOURCE_API_GRID,1266,,,,0.95,True,True,TIER2_OPENSOURCE_PURE;CONTINUOUS_MINUTE_STREAM;VERIFIED_MODEL_GRID,e1dcb4d4665b930edecb40d284ef5eed2f931ce641078ffd89bbb36eda01883b,2026-09-30T21:05:00+00:00,2026-10-01 02:05:00,79.9,1011.9,97
16.5,24.3,68.0,1506.6,437.4,68.0,8.5,5.4,1.4,446.0,155.6,11.6,5.3,47.0,25.8,22.07,False,4095,0.0,37.9,0.0,EXT-OPEN-METEO-KHI,KARACHI,OPENSOURCE_API_GRID,1267,,,,0.95,True,True,TIER2_OPENSOURCE_PURE;CONTINUOUS_MINUTE_STREAM;VERIFIED_MODEL_GRID,71935031986fc2cfe26785c2479a87066f0b0850713a196f53bf57592e72d3d6,2026-09-30T21:06:00+00:00,2026-10-01 02:06:00,79.9,1011.9,97
16.5,24.3,68.0,1506.6,437.4,68.0,8.5,5.4,1.4,446.0,155.5,11.5,5.3,47.0,25.8,22.09,False,4095,0.0,37.9,0.0,EXT-OPEN-METEO-KHI,KARACHI,OPENSOURCE_API_GRID,1268,,,,0.95,True,True,TIER2_OPENSOURCE_PURE;CONTINUOUS_MINUTE_STREAM;VERIFIED_MODEL_GRID,536bd54e0d1d58e87ce927d5c961db4c19e7072db413c47a508e7bb0b7b3d8ef,2026-09-30T21:07:00+00:00,2026-10-01 02:07:00,80.0,1011.9,97
16.5,24.3,68.1,1506.6,437.4,68.0,8.5,5.4,1.4,446.0,155.4,11.5,5.3,47.0,25.8,22.09,False,4095,0.0,37.8,0.0,EXT-OPEN-METEO-KHI,KARACHI,OPENSOURCE_API_GRID,1269,,,,0.95,True,True,TIER2_OPENSOURCE_PURE;CONTINUOUS_MINUTE_STREAM;VERIFIED_MODEL_GRID,086c4eca577b24ef259a0a4fc16c9813cd18e9a369f5761875428549c044f0e4,2026-09-30T21:08:00+00:00,2026-10-01 02:08:00,80.0,1011.9,97
16.6,24.4,68.1,1512.8,439.2,68.3,8.5,5.4,1.4,446.0,155.2,11.5,5.3,47.1,25.8,22.09,False,4095,0.0,37.8,0.0,EXT-OPEN-METEO-KHI,KARACHI,OPENSOURCE_API_GRID,1270,,,,0.95,True,True,TIER2_OPENSOURCE_PURE;CONTINUOUS_MINUTE_STREAM;VERIFIED_MODEL_GRID,b82b4d7fc06dad96df1f3305fcc9f23e02d74858d23527dbddfa957f7e4f2c76,2026-09-30T21:09:00+00:00,2026-10-01 02:09:00,80.0,1011.9,97
16.6,24.4,68.1,1512.8,439.2,68.3,8.5,5.4,1.4,446.0,155.0,11.5,5.3,47.1,25.8,22.09,False,4095,0.0,37.7,0.0,EXT-OPEN-METEO-KHI,KARACHI,OPENSOURCE_API_GRID,1271,,,,0.95,True,True,TIER2_OPENSOURCE_PURE;CONTINUOUS_MINUTE_STREAM;VERIFIED_MODEL_GRID,7d2a0a626f253a83fa5ffb3880556a2c55724e30e0504f0bff5520cdbe148bd0,2026-09-30T21:10:00+00:00,2026-10-01 02:10:00,80.0,1011.9,97
16.5,24.3,68.0,1506.6,437.4,68.0,8.5,5.4,1.4,446.0,154.8,11.5,5.3,47.1,25.8,22.13,False,4095,0.0,37.7,0.0,EXT-OPEN-METEO-KHI,KARACHI,OPENSOURCE_API_GRID,1272,,,,0.95,True,True,TIER2_OPENSOURCE_PURE;CONTINUOUS_MINUTE_STREAM;VERIFIED_MODEL_GRID,78edee52a2289372bb52ffc0815c929ea39c8318bf67fa584e71d25e834df790,2026-09-30T21:11:00+00:00,2026-10-01 02:11:00,80.2,1011.9,97
16.5,24.3,68.0,1506.6,437.4,68.0,8.5,5.4,1.4,446.0,154.6,11.4,5.3,47.1,25.8,22.11,False,4095,0.0,37.6,0.0,EXT-OPEN-METEO-KHI,KARACHI,OPENSOURCE_API_GRID,1273,,,,0.95,True,True,TIER2_OPENSOURCE_PURE;CONTINUOUS_MINUTE_STREAM;VERIFIED_MODEL_GRID,2cd0ee1a4f05d097457503b1158e40b121a8557381953e11776fadc6d689db18,2026-09-30T21:12:00+00:00,2026-10-01 02:12:00,80.1,1011.9,97
16.6,24.4,68.0,1512.8,439.2,68.3,8.5,5.4,1.4,446.0,154.3,11.4,5.3,47.1,25.8,22.11,False,4095,0.0,37.6,0.0,EXT-OPEN-METEO-KHI,KARACHI,OPENSOURCE_API_GRID,1274,,,,0.95,True,True,TIER2_OPENSOURCE_PURE;CONTINUOUS_MINUTE_STREAM;VERIFIED_MODEL_GRID,b84ccb59c4c3a1f5bc6657dc491dcc7ea6232313863971a8889117332917823b,2026-09-30T21:13:00+00:00,2026-10-01 02:13:00,80.1,1011.9,97
16.6,24.4,68.0,1512.8,439.2,68.3,8.5,5.4,1.4,446.0,154.1,11.4,5.3,47.1,25.8,22.11,False,4095,0.0,37.5,0.0,EXT-OPEN-METEO-KHI,KARACHI,OPENSOURCE_API_GRID,1275,,,,0.95,True,True,TIER2_OPENSOURCE_PURE;CONTINUOUS_MINUTE_STREAM;VERIFIED_MODEL_GRID,be1ab2f1e92801645dcf6f65f1c1383b8d84fe2ec797398eeef59719ff58411a,2026-09-30T21:14:00+00:00,2026-10-01 02:14:00,80.1,1011.9,97
16.6,24.4,68.0,1512.8,439.2,68.3,8.5,5.4,1.4,446.0,153.8,11.3,5.3,47.1,25.8,22.11,False,4095,0.0,37.4,0.0,EXT-OPEN-METEO-KHI,KARACHI,OPENSOURCE_API_GRID,1276,,,,0.95,True,True,TIER2_OPENSOURCE_PURE;CONTINUOUS_MINUTE_STREAM;VERIFIED_MODEL_GRID,e089d7d6879476e9e23b0d6135050dc25e89ed42a2a08a6b2cf9dc336352fdfd,2026-09-30T21:15:00+00:00,2026-10-01 02:15:00,80.1,1011.9,97
16.6,24.4,68.0,1512.8,439.2,68.3,8.5,5.4,1.4,446.0,153.5,11.3,5.3,47.2,25.8,22.11,False,4095,0.0,37.3,0.0,EXT-OPEN-METEO-KHI,KARACHI,OPENSOURCE_API_GRID,1277,,,,0.95,True,True,TIER2_OPENSOURCE_PURE;CONTINUOUS_MINUTE_STREAM;VERIFIED_MODEL_GRID,890583e6f327f4d2afc8eb7da0076be0867e1116e07bc0b74c269dc40386e015,2026-09-30T21:16:00+00:00,2026-10-01 02:16:00,80.1,1011.9,97
16.6,24.4,67.9,1512.8,439.2,68.3,8.5,5.4,1.4,446.0,153.2,11.3,5.3,47.2,25.8,22.11,False,4095,0.0,37.3,0.0,EXT-OPEN-METEO-KHI,KARACHI,OPENSOURCE_API_GRID,1278,,,,0.95,True,True,TIER2_OPENSOURCE_PURE;CONTINUOUS_MINUTE_STREAM;VERIFIED_MODEL_GRID,1d772b937e7f29e341037e4c6348bde178b72ba4f703ee43098a3333c3d7af71,2026-09-30T21:17:00+00:00,2026-10-01 02:17:00,80.1,1011.9,97
16.6,24.4,67.9,1512.8,439.2,68.3,8.5,5.4,1.4,446.0,152.9,11.2,5.3,47.2,25.8,22.11,False,4095,0.0,37.2,0.0,EXT-OPEN-METEO-KHI,KARACHI,OPENSOURCE_API_GRID,1279,,,,0.95,True,True,TIER2_OPENSOURCE_PURE;CONTINUOUS_MINUTE_STREAM;VERIFIED_MODEL_GRID,d695aea9f23d204f1867ee77bf28e5f632ef41a35bfdf87c1de7e42ac542674b,2026-09-30T21:18:00+00:00,2026-10-01 02:18:00,80.1,1011.9,97
16.5,24.3,67.8,1506.6,437.4,68.0,8.5,5.4,1.4,446.0,152.6,11.2,5.3,47.2,25.8,22.09,False,4095,0.0,37.1,0.0,EXT-OPEN-METEO-KHI,KARACHI,OPENSOURCE_API_GRID,1280,,,,0.95,True,True,TIER2_OPENSOURCE_PURE;CONTINUOUS_MINUTE_STREAM;VERIFIED_MODEL_GRID,a8c761690a28f63dcad17a26272d922f062bf08ceb8e060beeeadb5d56250656,2026-09-30T21:19:00+00:00,2026-10-01 02:19:00,80.0,1011.9,97
16.5,24.3,67.7,1506.6,437.4,68.0,8.5,5.4,1.4,446.0,152.2,11.1,5.3,47.2,25.8,22.09,False,4095,0.0,37.0,0.0,EXT-OPEN-METEO-KHI,KARACHI,OPENSOURCE_API_GRID,1281,,,,0.95,True,True,TIER2_OPENSOURCE_PURE;CONTINUOUS_MINUTE_STREAM;VERIFIED_MODEL_GRID,958bf7fcac0ce315a14fca19eebd5d8539b24ef1bb1721547f806acacfe2860b,2026-09-30T21:20:00+00:00,2026-10-01 02:20:00,80.0,1011.9,97
16.5,24.3,67.6,1506.6,437.4,68.0,8.5,5.4,1.4,446.0,151.9,11.1,5.3,47.3,25.8,22.09,False,4095,0.0,36.9,0.0,EXT-OPEN-METEO-KHI,KARACHI,OPENSOURCE_API_GRID,1282,,,,0.95,True,True,TIER2_OPENSOURCE_PURE;CONTINUOUS_MINUTE_STREAM;VERIFIED_MODEL_GRID,230bf683d33de828156783544c28f53c81a1b359a81772c51c341a8749d67905,2026-09-30T21:21:00+00:00,2026-10-01 02:21:00,80.0,1011.9,97
16.5,24.2,67.5,1500.4,435.6,67.8,8.5,5.4,1.4,446.0,151.6,11.1,5.3,47.3,25.8,22.09,False,4095,0.0,36.8,0.0,EXT-OPEN-METEO-KHI,KARACHI,OPENSOURCE_API_GRID,1283,,,,0.95,True,True,TIER2_OPENSOURCE_PURE;CONTINUOUS_MINUTE_STREAM;VERIFIED_MODEL_GRID,66e1dbe7125be44a05a064bdf4885fd377d0761c8cdfe022b4feeffc3f29a9e6,2026-09-30T21:22:00+00:00,2026-10-01 02:22:00,80.0,1011.9,97
16.4,24.1,67.4,1494.2,433.8,67.5,8.4,5.4,1.3,446.0,151.2,11.0,5.3,47.3,25.8,22.07,False,4095,0.0,36.7,0.0,EXT-OPEN-METEO-KHI,KARACHI,OPENSOURCE_API_GRID,1284,,,,0.95,True,True,TIER2_OPENSOURCE_PURE;CONTINUOUS_MINUTE_STREAM;VERIFIED_MODEL_GRID,86b2d9816bddc6ecd19f31b98c8b079358b701c18c748aedb99e6439bb5265f1,2026-09-30T21:23:00+00:00,2026-10-01 02:23:00,79.9,1011.9,97
16.4,24.1,67.2,1494.2,433.8,67.5,8.4,5.4,1.3,446.0,150.8,11.0,5.3,47.3,25.8,22.07,False,4095,0.0,36.6,0.0,EXT-OPEN-METEO-KHI,KARACHI,OPENSOURCE_API_GRID,1285,,,,0.95,True,True,TIER2_OPENSOURCE_PURE;CONTINUOUS_MINUTE_STREAM;VERIFIED_MODEL_GRID,901784b7d17e54474d82e32f12ed8ad584374477963092c3d8726dfac2844b20,2026-09-30T21:24:00+00:00,2026-10-01 02:24:00,79.9,1011.9,97
16.3,24.0,67.1,1488.0,432.0,67.2,8.4,5.4,1.3,446.0,150.4,10.9,5.3,47.4,25.8,22.07,False,4095,0.0,36.5,0.0,EXT-OPEN-METEO-KHI,KARACHI,OPENSOURCE_API_GRID,1286,,,,0.95,True,True,TIER2_OPENSOURCE_PURE;CONTINUOUS_MINUTE_STREAM;VERIFIED_MODEL_GRID,84c9418b17b38d762b8867f013cd10953d6f68ccf8fb4a1a3c06bf8d5bc7bd15,2026-09-30T21:25:00+00:00,2026-10-01 02:25:00,79.9,1011.9,97
16.3,23.9,67.0,1481.8,430.2,66.9,8.4,5.4,1.3,446.0,150.1,10.9,5.3,47.4,25.8,22.07,False,4095,0.0,36.4,0.0,EXT-OPEN-METEO-KHI,KARACHI,OPENSOURCE_API_GRID,1287,,,,0.95,True,True,TIER2_OPENSOURCE_PURE;CONTINUOUS_MINUTE_STREAM;VERIFIED_MODEL_GRID,05e213e76d085d775f9ae3e523108e65f229f59944a2a4f0c8dbad37249210cf,2026-09-30T21:26:00+00:00,2026-10-01 02:26:00,79.9,1011.9,97
16.3,23.9,66.8,1481.8,430.2,66.9,8.4,5.3,1.3,446.0,149.7,10.8,5.3,47.4,25.8,22.07,False,4095,0.0,36.3,0.0,EXT-OPEN-METEO-KHI,KARACHI,OPENSOURCE_API_GRID,1288,,,,0.95,True,True,TIER2_OPENSOURCE_PURE;CONTINUOUS_MINUTE_STREAM;VERIFIED_MODEL_GRID,a3f97665303ba0737ae374b8f5acbb7e0514db8df2d7f4473913af5873b8c62f,2026-09-30T21:27:00+00:00,2026-10-01 02:27:00,79.9,1011.9,97
16.2,23.8,66.7,1475.6,428.4,66.6,8.3,5.3,1.3,446.0,149.3,10.8,5.3,47.4,25.8,22.07,False,4095,0.0,36.2,0.0,EXT-OPEN-METEO-KHI,KARACHI,OPENSOURCE_API_GRID,1289,,,,0.95,True,True,TIER2_OPENSOURCE_PURE;CONTINUOUS_MINUTE_STREAM;VERIFIED_MODEL_GRID,0342413e5ec9ccc5d0dcbe671b13900cb1d6731d10eef32b06eb33c91bb4d1ab,2026-09-30T21:28:00+00:00,2026-10-01 02:28:00,79.9,1011.9,97
16.1,23.7,66.6,1469.4,426.6,66.4,8.3,5.3,1.3,446.0,148.9,10.7,5.3,47.5,25.8,22.07,False,4095,0.0,36.1,0.0,EXT-OPEN-METEO-KHI,KARACHI,OPENSOURCE_API_GRID,1290,,,,0.95,True,True,TIER2_OPENSOURCE_PURE;CONTINUOUS_MINUTE_STREAM;VERIFIED_MODEL_GRID,81d0a09711aac53f4f707a46cd33ff3691b17aec69a5c0deaade4a9f07486f46,2026-09-30T21:29:00+00:00,2026-10-01 02:29:00,79.9,1011.9,97
16.1,23.7,66.4,1469.4,426.6,66.4,8.3,5.3,1.3,446.0,148.5,10.7,5.3,47.5,25.8,22.07,False,4095,0.0,36.0,0.0,EXT-OPEN-METEO-KHI,KARACHI,OPENSOURCE_API_GRID,1291,,,,0.95,True,True,TIER2_OPENSOURCE_PURE;CONTINUOUS_MINUTE_STREAM;VERIFIED_MODEL_GRID,f365c4708409fd445ff03f1efc79d92277b116c477232465ad154a61e4ff0d78,2026-09-30T21:30:00+00:00,2026-10-01 02:30:00,79.9,1011.9,97
16.0,23.6,66.3,1463.2,424.8,66.1,8.3,5.3,1.3,446.0,148.1,10.7,5.3,47.5,25.8,22.07,False,4095,0.0,35.9,0.0,EXT-OPEN-METEO-KHI,KARACHI,OPENSOURCE_API_GRID,1292,,,,0.95,True,True,TIER2_OPENSOURCE_PURE;CONTINUOUS_MINUTE_STREAM;VERIFIED_MODEL_GRID,c0b28cc176433c2935599b07963c2b612844a2d620de126f4c6ffcedec8f7e6c,2026-09-30T21:31:00+00:00,2026-10-01 02:31:00,79.9,1011.9,97
16.0,23.6,66.2,1463.2,424.8,66.1,8.3,5.3,1.3,446.0,147.7,10.6,5.3,47.6,25.8,22.07,False,4095,0.0,35.8,0.0,EXT-OPEN-METEO-KHI,KARACHI,OPENSOURCE_API_GRID,1293,,,,0.95,True,True,TIER2_OPENSOURCE_PURE;CONTINUOUS_MINUTE_STREAM;VERIFIED_MODEL_GRID,c32f8981a5be6aecc03a6213c54be1c9b427bf7e397fa974a483cc4515098b80,2026-09-30T21:32:00+00:00,2026-10-01 02:32:00,79.9,1011.9,97
16.0,23.6,66.2,1463.2,424.8,66.1,8.3,5.3,1.3,446.0,147.3,10.6,5.3,47.6,25.8,22.07,False,4095,0.0,35.7,0.0,EXT-OPEN-METEO-KHI,KARACHI,OPENSOURCE_API_GRID,1294,,,,0.95,True,True,TIER2_OPENSOURCE_PURE;CONTINUOUS_MINUTE_STREAM;VERIFIED_MODEL_GRID,69beb304d55544eaf726fa8c59af15599baa9dfcce032f8b91ce43cfa5163da2,2026-09-30T21:33:00+00:00,2026-10-01 02:33:00,79.9,1011.8,97
16.0,23.6,66.1,1463.2,424.8,66.1,8.3,5.3,1.3,446.0,146.9,10.5,5.3,47.6,25.8,22.07,False,4095,0.0,35.6,0.0,EXT-OPEN-METEO-KHI,KARACHI,OPENSOURCE_API_GRID,1295,,,,0.95,True,True,TIER2_OPENSOURCE_PURE;CONTINUOUS_MINUTE_STREAM;VERIFIED_MODEL_GRID,36bce6ff21f8b92233b456f6a380afa1ed3d0a86b044d97d5d5dd54f654441ea,2026-09-30T21:34:00+00:00,2026-10-01 02:34:00,79.9,1011.8,97
16.0,23.5,66.1,1457.0,423.0,65.8,8.2,5.3,1.3,446.0,146.6,10.5,5.3,47.6,25.8,22.07,False,4095,0.0,35.5,0.0,EXT-OPEN-METEO-KHI,KARACHI,OPENSOURCE_API_GRID,1296,,,,0.95,True,True,TIER2_OPENSOURCE_PURE;CONTINUOUS_MINUTE_STREAM;VERIFIED_MODEL_GRID,3e338180b79a4a9fd4b67fa9e846970ca359223fc5788f92da11fb712db5d39f,2026-09-30T21:35:00+00:00,2026-10-01 02:35:00,79.9,1011.8,97
16.0,23.5,66.0,1457.0,423.0,65.8,8.2,5.3,1.3,446.0,146.2,10.4,5.3,47.7,25.8,22.07,False,4095,0.0,35.4,0.0,EXT-OPEN-METEO-KHI,KARACHI,OPENSOURCE_API_GRID,1297,,,,0.95,True,True,TIER2_OPENSOURCE_PURE;CONTINUOUS_MINUTE_STREAM;VERIFIED_MODEL_GRID,014d1d6dfe8b2cffe173226bc8a16586fc5103842f7c09f2afb62a4a0c021cd8,2026-09-30T21:36:00+00:00,2026-10-01 02:36:00,79.9,1011.8,97
16.0,23.6,66.0,1463.2,424.8,66.1,8.3,5.3,1.3,446.0,145.8,10.4,5.3,47.7,25.8,22.07,False,4095,0.0,35.3,0.0,EXT-OPEN-METEO-KHI,KARACHI,OPENSOURCE_API_GRID,1298,,,,0.95,True,True,TIER2_OPENSOURCE_PURE;CONTINUOUS_MINUTE_STREAM;VERIFIED_MODEL_GRID,fddf579db6ecd91b73267b1b51af9eb74e0a9de6940aa139ed1b7b2abc956f0c,2026-09-30T21:37:00+00:00,2026-10-01 02:37:00,79.9,1011.8,97
16.0,23.6,66.0,1463.2,424.8,66.1,8.3,5.3,1.3,446.0,145.4,10.3,5.3,47.7,25.8,22.09,False,4095,0.0,35.2,0.0,EXT-OPEN-METEO-KHI,KARACHI,OPENSOURCE_API_GRID,1299,,,,0.95,True,True,TIER2_OPENSOURCE_PURE;CONTINUOUS_MINUTE_STREAM;VERIFIED_MODEL_GRID,6cb28b5a86f6df7211ef55f1bf82499a04450278d2d060e78e5b85c7d16f355c,2026-09-30T21:38:00+00:00,2026-10-01 02:38:00,80.0,1011.8,97
16.0,23.6,66.0,1463.2,424.8,66.1,8.3,5.3,1.3,446.0,145.1,10.3,5.3,47.7,25.8,22.09,False,4095,0.0,35.1,0.0,EXT-OPEN-METEO-KHI,KARACHI,OPENSOURCE_API_GRID,1300,,,,0.95,True,True,TIER2_OPENSOURCE_PURE;CONTINUOUS_MINUTE_STREAM;VERIFIED_MODEL_GRID,3b2e41ec9fcfa60b7f5debf35d66aa4ce714f3c472a7713850a16c816760ecd3,2026-09-30T21:39:00+00:00,2026-10-01 02:39:00,80.0,1011.8,97
16.0,23.6,66.0,1463.2,424.8,66.1,8.3,5.3,1.3,446.0,144.8,10.2,5.3,47.8,25.8,22.09,False,4095,0.0,35.0,0.0,EXT-OPEN-METEO-KHI,KARACHI,OPENSOURCE_API_GRID,1301,,,,0.95,True,True,TIER2_OPENSOURCE_PURE;CONTINUOUS_MINUTE_STREAM;VERIFIED_MODEL_GRID,f2b9b8d3888d4a85f9541b5f944e62918da914bad9f4ea00297b033d942eed22,2026-09-30T21:40:00+00:00,2026-10-01 02:40:00,80.0,1011.8,97
16.0,23.6,66.0,1463.2,424.8,66.1,8.3,5.3,1.3,446.0,144.4,10.2,5.3,47.8,25.8,22.09,False,4095,0.0,34.9,0.0,EXT-OPEN-METEO-KHI,KARACHI,OPENSOURCE_API_GRID,1302,,,,0.95,True,True,TIER2_OPENSOURCE_PURE;CONTINUOUS_MINUTE_STREAM;VERIFIED_MODEL_GRID,94aec45132e1e718ce16710672d7bb2d5cdee5da724b0a28580adfbd872526c6,2026-09-30T21:41:00+00:00,2026-10-01 02:41:00,80.0,1011.8,97
16.0,23.5,65.8,1457.0,423.0,65.8,8.2,5.3,1.3,446.0,144.1,10.2,5.3,47.8,25.8,22.13,False,4095,0.0,34.8,0.0,EXT-OPEN-METEO-KHI,KARACHI,OPENSOURCE_API_GRID,1303,,,,0.95,True,True,TIER2_OPENSOURCE_PURE;CONTINUOUS_MINUTE_STREAM;VERIFIED_MODEL_GRID,424d57161b91f387c79268a461502506d122f48f002e4abf50908869f46ea750,2026-09-30T21:42:00+00:00,2026-10-01 02:42:00,80.2,1011.8,97
16.0,23.5,65.8,1457.0,423.0,65.8,8.2,5.3,1.3,446.0,143.8,10.1,5.3,47.8,25.8,22.11,False,4095,0.0,34.7,0.0,EXT-OPEN-METEO-KHI,KARACHI,OPENSOURCE_API_GRID,1304,,,,0.95,True,True,TIER2_OPENSOURCE_PURE;CONTINUOUS_MINUTE_STREAM;VERIFIED_MODEL_GRID,95ba651213af9bc36cca2a1907c81d7de332e11635c9c14623047b1db00b71de,2026-09-30T21:43:00+00:00,2026-10-01 02:43:00,80.1,1011.8,97
16.0,23.6,65.8,1463.2,424.8,66.1,8.3,5.3,1.3,446.0,143.5,10.1,5.3,47.8,25.8,22.11,False,4095,0.0,34.7,0.0,EXT-OPEN-METEO-KHI,KARACHI,OPENSOURCE_API_GRID,1305,,,,0.95,True,True,TIER2_OPENSOURCE_PURE;CONTINUOUS_MINUTE_STREAM;VERIFIED_MODEL_GRID,5f0c705cd2f4ae9ead5505639f81df0770f74c72977b72e909faeba06e08a0c6,2026-09-30T21:44:00+00:00,2026-10-01 02:44:00,80.1,1011.8,97
16.0,23.6,65.8,1463.2,424.8,66.1,8.3,5.3,1.3,446.0,143.2,10.1,5.3,47.9,25.8,22.11,False,4095,0.0,34.6,0.0,EXT-OPEN-METEO-KHI,KARACHI,OPENSOURCE_API_GRID,1306,,,,0.95,True,True,TIER2_OPENSOURCE_PURE;CONTINUOUS_MINUTE_STREAM;VERIFIED_MODEL_GRID,bac3a086388cb0225be95617e2fa40c3c5024441de0214cbc18fc993806b8e51,2026-09-30T21:45:00+00:00,2026-10-01 02:45:00,80.1,1011.8,97
16.0,23.6,65.8,1463.2,424.8,66.1,8.3,5.3,1.3,446.0,142.9,10.0,5.3,47.9,25.8,22.11,False,4095,0.0,34.5,0.0,EXT-OPEN-METEO-KHI,KARACHI,OPENSOURCE_API_GRID,1307,,,,0.95,True,True,TIER2_OPENSOURCE_PURE;CONTINUOUS_MINUTE_STREAM;VERIFIED_MODEL_GRID,0d4ee304f681daad640eaf5d8627142e807b1bb02cad1f624fccabc15ccc6b95,2026-09-30T21:46:00+00:00,2026-10-01 02:46:00,80.1,1011.8,97
16.0,23.6,65.8,1463.2,424.8,66.1,8.3,5.3,1.3,446.0,142.7,10.0,5.3,47.9,25.8,22.11,False,4095,0.0,34.4,0.0,EXT-OPEN-METEO-KHI,KARACHI,OPENSOURCE_API_GRID,1308,,,,0.95,True,True,TIER2_OPENSOURCE_PURE;CONTINUOUS_MINUTE_STREAM;VERIFIED_MODEL_GRID,0170419306bb95dc8beaa2c516fc0e2bdeb3e0743cc360779ae1939725f94dbe,2026-09-30T21:47:00+00:00,2026-10-01 02:47:00,80.1,1011.8,97
16.0,23.6,65.8,1463.2,424.8,66.1,8.3,5.3,1.3,446.0,142.4,10.0,5.3,47.9,25.8,22.11,False,4095,0.0,34.4,0.0,EXT-OPEN-METEO-KHI,KARACHI,OPENSOURCE_API_GRID,1309,,,,0.95,True,True,TIER2_OPENSOURCE_PURE;CONTINUOUS_MINUTE_STREAM;VERIFIED_MODEL_GRID,6867dc93d5f5be537f01f3dcb7dbf1e17462a50ca43c79acc8eda0ffe2e74f1e,2026-09-30T21:48:00+00:00,2026-10-01 02:48:00,80.1,1011.8,97
16.0,23.6,65.7,1463.2,424.8,66.1,8.3,5.3,1.3,446.0,142.2,9.9,5.3,47.9,25.8,22.11,False,4095,0.0,34.3,0.0,EXT-OPEN-METEO-KHI,KARACHI,OPENSOURCE_API_GRID,1310,,,,0.95,True,True,TIER2_OPENSOURCE_PURE;CONTINUOUS_MINUTE_STREAM;VERIFIED_MODEL_GRID,3bb36a0bfba0fd22a8a1289f279a999c3fe9df0d7b04a3ef29b766b721164702,2026-09-30T21:49:00+00:00,2026-10-01 02:49:00,80.1,1011.8,97
16.0,23.6,65.7,1463.2,424.8,66.1,8.3,5.3,1.3,446.0,142.0,9.9,5.3,47.9,25.8,22.09,False,4095,0.0,34.3,0.0,EXT-OPEN-METEO-KHI,KARACHI,OPENSOURCE_API_GRID,1311,,,,0.95,True,True,TIER2_OPENSOURCE_PURE;CONTINUOUS_MINUTE_STREAM;VERIFIED_MODEL_GRID,d8ec599d91d5ed2bdeba9954ce664be4498c5ef4dccdaeec81139f198c3ac71a,2026-09-30T21:50:00+00:00,2026-10-01 02:50:00,80.0,1011.8,97
16.0,23.5,65.6,1457.0,423.0,65.8,8.2,5.2,1.3,446.0,141.8,9.9,5.3,47.9,25.8,22.09,False,4095,0.0,34.2,0.0,EXT-OPEN-METEO-KHI,KARACHI,OPENSOURCE_API_GRID,1312,,,,0.95,True,True,TIER2_OPENSOURCE_PURE;CONTINUOUS_MINUTE_STREAM;VERIFIED_MODEL_GRID,d99c41f2fa9aaa41eb74ebb3920a136af34c08708ca8a41b2c91a320c0b14ad5,2026-09-30T21:51:00+00:00,2026-10-01 02:51:00,80.0,1011.8,97
16.0,23.5,65.6,1457.0,423.0,65.8,8.2,5.2,1.3,446.0,141.6,9.9,5.3,48.0,25.8,22.09,False,4095,0.0,34.2,0.0,EXT-OPEN-METEO-KHI,KARACHI,OPENSOURCE_API_GRID,1313,,,,0.95,True,True,TIER2_OPENSOURCE_PURE;CONTINUOUS_MINUTE_STREAM;VERIFIED_MODEL_GRID,8d1ad4a3d563bffeb9492849863fbfb192fb38659e289cdff90e352601dd0b9a,2026-09-30T21:52:00+00:00,2026-10-01 02:52:00,80.0,1011.8,97
16.0,23.5,65.5,1457.0,423.0,65.8,8.2,5.2,1.3,446.0,141.5,9.9,5.3,48.0,25.8,22.09,False,4095,0.0,34.1,0.0,EXT-OPEN-METEO-KHI,KARACHI,OPENSOURCE_API_GRID,1314,,,,0.95,True,True,TIER2_OPENSOURCE_PURE;CONTINUOUS_MINUTE_STREAM;VERIFIED_MODEL_GRID,146a176ccecf266312b1a340dc553e89884d156c573961cc4c821074e32275a9,2026-09-30T21:53:00+00:00,2026-10-01 02:53:00,80.0,1011.8,97
15.9,23.4,65.4,1450.8,421.2,65.5,8.2,5.2,1.3,446.0,141.4,9.8,5.3,48.0,25.8,22.07,False,4095,0.0,34.1,0.0,EXT-OPEN-METEO-KHI,KARACHI,OPENSOURCE_API_GRID,1315,,,,0.95,True,True,TIER2_OPENSOURCE_PURE;CONTINUOUS_MINUTE_STREAM;VERIFIED_MODEL_GRID,5bc353d8a813477a2b7b15241dfb51d238a035b272d574e0f19bc97d555555ff,2026-09-30T21:54:00+00:00,2026-10-01 02:54:00,79.9,1011.8,97
15.9,23.4,65.3,1450.8,421.2,65.5,8.2,5.2,1.3,446.0,141.3,9.8,5.3,48.0,25.8,22.07,False,4095,0.0,34.1,0.0,EXT-OPEN-METEO-KHI,KARACHI,OPENSOURCE_API_GRID,1316,,,,0.95,True,True,TIER2_OPENSOURCE_PURE;CONTINUOUS_MINUTE_STREAM;VERIFIED_MODEL_GRID,ceeb87532c48e61ee836ea342508cf602c7fdb0ac7b95f1e04a4f52a33c7a492,2026-09-30T21:55:00+00:00,2026-10-01 02:55:00,79.9,1011.8,97
15.8,23.3,65.2,1444.6,419.4,65.2,8.2,5.2,1.3,446.0,141.2,9.8,5.3,48.0,25.8,22.07,False,4095,0.0,34.0,0.0,EXT-OPEN-METEO-KHI,KARACHI,OPENSOURCE_API_GRID,1317,,,,0.95,True,True,TIER2_OPENSOURCE_PURE;CONTINUOUS_MINUTE_STREAM;VERIFIED_MODEL_GRID,e0bd30870512e762dc8f1cd80467d8eb60c8bfdfba8b3c77b7f158f16ae8ce17,2026-09-30T21:56:00+00:00,2026-10-01 02:56:00,79.9,1011.8,97
15.8,23.3,65.2,1444.6,419.4,65.2,8.2,5.2,1.3,446.0,141.1,9.8,5.3,48.0,25.8,22.07,False,4095,0.0,34.0,0.0,EXT-OPEN-METEO-KHI,KARACHI,OPENSOURCE_API_GRID,1318,,,,0.95,True,True,TIER2_OPENSOURCE_PURE;CONTINUOUS_MINUTE_STREAM;VERIFIED_MODEL_GRID,7d1b1f7b40eff92c6dfd834f1e0f4a5851cf0c9f9b8cfe1d27595e327470bd57,2026-09-30T21:57:00+00:00,2026-10-01 02:57:00,79.9,1011.8,97
15.8,23.2,65.1,1438.4,417.6,65.0,8.1,5.2,1.3,446.0,141.0,9.8,5.3,48.0,25.8,22.07,False,4095,0.0,34.0,0.0,EXT-OPEN-METEO-KHI,KARACHI,OPENSOURCE_API_GRID,1319,,,,0.95,True,True,TIER2_OPENSOURCE_PURE;CONTINUOUS_MINUTE_STREAM;VERIFIED_MODEL_GRID,a77889804e078e2598b3ef4e6b662ac85d6e0c8480f8e7366173005706c70c43,2026-09-30T21:58:00+00:00,2026-10-01 02:58:00,79.9,1011.8,97
15.8,23.2,65.0,1438.4,417.6,65.0,8.1,5.2,1.3,446.0,141.0,9.8,5.3,48.0,25.8,22.07,False,4095,0.0,34.0,0.0,EXT-OPEN-METEO-KHI,KARACHI,OPENSOURCE_API_GRID,1320,,,,0.95,True,True,TIER2_OPENSOURCE_PURE;CONTINUOUS_MINUTE_STREAM;VERIFIED_MODEL_GRID,3ff1b25a8231259740b5cf571ae3f21d6237bfb7c4f65e139bd4607613e6847c,2026-09-30T21:59:00+00:00,2026-10-01 02:59:00,79.9,1011.8,97
15.7,23.1,65.0,1432.2,415.8,64.7,8.1,5.2,1.3,446.0,141.0,9.8,5.3,48.0,25.8,22.07,False,4095,0.0,34.0,0.0,EXT-OPEN-METEO-KHI,KARACHI,OPENSOURCE_API_GRID,1321,,,,0.95,True,False,TIER2_OPENSOURCE_PURE;HOURLY_NODE;VERIFIED_MODEL_GRID,1561f6684b291d1a173b808023bb2b89d9f402848822312907e2d57271232fff,2026-09-30T22:00:00+00:00,2026-10-01 03:00:00,79.9,1011.8,96
15.7,23.1,64.9,1432.2,415.8,64.7,8.1,5.2,1.3,446.0,141.0,9.8,5.3,48.0,25.8,22.07,False,4095,0.0,34.0,0.0,EXT-OPEN-METEO-KHI,KARACHI,OPENSOURCE_API_GRID,1322,,,,0.95,True,True,TIER2_OPENSOURCE_PURE;CONTINUOUS_MINUTE_STREAM;VERIFIED_MODEL_GRID,7c5734ee876ad0c5d0bb8908f758ef197a370dfceabfe934d32bac43ff312f0f,2026-09-30T22:01:00+00:00,2026-10-01 03:01:00,79.9,1011.8,96
15.7,23.1,64.9,1432.2,415.8,64.7,8.1,5.2,1.3,446.0,141.0,9.8,5.3,48.0,25.8,22.07,False,4095,0.0,34.0,0.0,EXT-OPEN-METEO-KHI,KARACHI,OPENSOURCE_API_GRID,1323,,,,0.95,True,True,TIER2_OPENSOURCE_PURE;CONTINUOUS_MINUTE_STREAM;VERIFIED_MODEL_GRID,21d3568e8b8381461afe0e7853872db8c879cac21d2f3b728bc2b3914333fdfd,2026-09-30T22:02:00+00:00,2026-10-01 03:02:00,79.9,1011.8,96
15.7,23.1,64.9,1432.2,415.8,64.7,8.1,5.2,1.3,446.0,141.0,9.8,5.3,48.0,25.8,22.07,False,4095,0.0,34.0,0.0,EXT-OPEN-METEO-KHI,KARACHI,OPENSOURCE_API_GRID,1324,,,,0.95,True,True,TIER2_OPENSOURCE_PURE;CONTINUOUS_MINUTE_STREAM;VERIFIED_MODEL_GRID,3b3cf4f48d106653a838c96fc9f16593aba617edf1085a1dd782ffc6e8016d9c,2026-09-30T22:03:00+00:00,2026-10-01 03:03:00,79.9,1011.8,96
15.7,23.1,64.9,1432.2,415.8,64.7,8.1,5.2,1.3,446.0,141.0,9.8,5.3,48.0,25.8,22.07,False,4095,0.0,34.0,0.0,EXT-OPEN-METEO-KHI,KARACHI,OPENSOURCE_API_GRID,1325,,,,0.95,True,True,TIER2_OPENSOURCE_PURE;CONTINUOUS_MINUTE_STREAM;VERIFIED_MODEL_GRID,b5986bf48bee7291187fd1362836a95b0e31140c63246f8d49de13dc9f0751ee,2026-09-30T22:04:00+00:00,2026-10-01 03:04:00,79.9,1011.8,96
15.7,23.1,64.9,1432.2,415.8,64.7,8.1,5.2,1.3,446.0,140.9,9.8,5.3,48.0,25.7,21.97,False,4095,0.0,34.1,0.0,EXT-OPEN-METEO-KHI,KARACHI,OPENSOURCE_API_GRID,1326,,,,0.95,True,True,TIER2_OPENSOURCE_PURE;CONTINUOUS_MINUTE_STREAM;VERIFIED_MODEL_GRID,5c1f40dd32e656d7eda59e6e10ad6bbfd175a55eb204234efd6511efb1e70479,2026-09-30T22:05:00+00:00,2026-10-01 03:05:00,79.9,1011.8,96
15.7,23.1,64.9,1432.2,415.8,64.7,8.1,5.2,1.3,446.0,140.9,9.8,5.3,48.0,25.7,21.97,False,4095,0.0,34.1,0.0,EXT-OPEN-METEO-KHI,KARACHI,OPENSOURCE_API_GRID,1327,,,,0.95,True,True,TIER2_OPENSOURCE_PURE;CONTINUOUS_MINUTE_STREAM;VERIFIED_MODEL_GRID,8a41adf5ed9ed8fb4467eb71079a8f7d627c5392851677e675398963e0a8415b,2026-09-30T22:06:00+00:00,2026-10-01 03:06:00,79.9,1011.8,96
15.7,23.1,64.9,1432.2,415.8,64.7,8.1,5.2,1.3,446.0,140.9,9.8,5.3,48.0,25.7,21.99,False,4095,0.0,34.1,0.0,EXT-OPEN-METEO-KHI,KARACHI,OPENSOURCE_API_GRID,1328,,,,0.95,True,True,TIER2_OPENSOURCE_PURE;CONTINUOUS_MINUTE_STREAM;VERIFIED_MODEL_GRID,ec0a2ec9a6e421c582eac9d017cda7c8033b0ceeccd84b6977421231b0bf4dff,2026-09-30T22:07:00+00:00,2026-10-01 03:07:00,80.0,1011.8,96
15.8,23.2,65.0,1438.4,417.6,65.0,8.1,5.2,1.3,446.0,140.8,9.8,5.3,48.0,25.7,21.99,False,4095,0.0,34.2,0.0,EXT-OPEN-METEO-KHI,KARACHI,OPENSOURCE_API_GRID,1329,,,,0.95,True,True,TIER2_OPENSOURCE_PURE;CONTINUOUS_MINUTE_STREAM;VERIFIED_MODEL_GRID,da503869c781be8156967e9094b0a34b04084ba100a9c5f161e0747d39921906,2026-09-30T22:08:00+00:00,2026-10-01 03:08:00,80.0,1011.8,96
15.8,23.2,65.0,1438.4,417.6,65.0,8.1,5.2,1.3,446.0,140.8,9.8,5.3,48.0,25.8,22.09,False,4095,0.0,34.2,0.0,EXT-OPEN-METEO-KHI,KARACHI,OPENSOURCE_API_GRID,1330,,,,0.95,True,True,TIER2_OPENSOURCE_PURE;CONTINUOUS_MINUTE_STREAM;VERIFIED_MODEL_GRID,fee766d826f1dd8311b5ce129b2ea3af7b4d2d0f80674bff190f8cf8af8a78a9,2026-09-30T22:09:00+00:00,2026-10-01 03:09:00,80.0,1011.8,96
15.8,23.2,65.1,1438.4,417.6,65.0,8.1,5.2,1.3,446.0,140.7,9.7,5.3,48.0,25.8,22.11,False,4095,0.0,34.3,0.0,EXT-OPEN-METEO-KHI,KARACHI,OPENSOURCE_API_GRID,1331,,,,0.95,True,True,TIER2_OPENSOURCE_PURE;CONTINUOUS_MINUTE_STREAM;VERIFIED_MODEL_GRID,996f47a40e59a0236db1317c42d28261be37626e1520e1e2170e881cd2ba3921,2026-09-30T22:10:00+00:00,2026-10-01 03:10:00,80.1,1011.8,96
15.8,23.3,65.1,1444.6,419.4,65.2,8.2,5.2,1.3,446.0,140.7,9.7,5.3,48.0,25.8,22.11,False,4095,0.0,34.3,0.0,EXT-OPEN-METEO-KHI,KARACHI,OPENSOURCE_API_GRID,1332,,,,0.95,True,True,TIER2_OPENSOURCE_PURE;CONTINUOUS_MINUTE_STREAM;VERIFIED_MODEL_GRID,9fb377997eb275c1b0a2f26acc1b346f20878f2df29e61186c03c59e698769b1,2026-09-30T22:11:00+00:00,2026-10-01 03:11:00,80.1,1011.8,96
15.8,23.3,65.2,1444.6,419.4,65.2,8.2,5.2,1.3,446.0,140.6,9.7,5.3,48.0,25.8,22.11,False,4095,0.0,34.4,0.0,EXT-OPEN-METEO-KHI,KARACHI,OPENSOURCE_API_GRID,1333,,,,0.95,True,True,TIER2_OPENSOURCE_PURE;CONTINUOUS_MINUTE_STREAM;VERIFIED_MODEL_GRID,aa4b43157dbc2ae381ecbf13d530d84b80b2337ebfa203e9363537d805e6a728,2026-09-30T22:12:00+00:00,2026-10-01 03:12:00,80.1,1011.8,96
15.8,23.2,65.0,1438.4,417.6,65.0,8.1,5.2,1.3,446.0,140.6,9.7,5.3,48.0,25.8,22.15,False,4095,0.0,34.4,0.0,EXT-OPEN-METEO-KHI,KARACHI,OPENSOURCE_API_GRID,1334,,,,0.95,True,True,TIER2_OPENSOURCE_PURE;CONTINUOUS_MINUTE_STREAM;VERIFIED_MODEL_GRID,362e8397e16168656f8a6af117cf1701c8bea42109adcfbda21bfed889aeaade,2026-09-30T22:13:00+00:00,2026-10-01 03:13:00,80.3,1011.8,96
15.8,23.3,65.1,1444.6,419.4,65.2,8.2,5.2,1.3,446.0,140.5,9.7,5.3,48.0,25.8,22.15,False,4095,0.0,34.5,0.0,EXT-OPEN-METEO-KHI,KARACHI,OPENSOURCE_API_GRID,1335,,,,0.95,True,True,TIER2_OPENSOURCE_PURE;CONTINUOUS_MINUTE_STREAM;VERIFIED_MODEL_GRID,4ae937ca3481a90d453f584f91dbaa5598ab6b387b571c52c0fa381acd78f58b,2026-09-30T22:14:00+00:00,2026-10-01 03:14:00,80.3,1011.8,96
15.8,23.3,65.1,1444.6,419.4,65.2,8.2,5.2,1.3,446.0,140.4,9.7,5.3,48.0,25.8,22.15,False,4095,0.0,34.6,0.0,EXT-OPEN-METEO-KHI,KARACHI,OPENSOURCE_API_GRID,1336,,,,0.95,True,True,TIER2_OPENSOURCE_PURE;CONTINUOUS_MINUTE_STREAM;VERIFIED_MODEL_GRID,61e69402883bf1196ba2dddf92bdc8811ceebb7e89f652a357bc0a701141bc9d,2026-09-30T22:15:00+00:00,2026-10-01 03:15:00,80.3,1011.8,96
15.8,23.3,65.1,1444.6,419.4,65.2,8.2,5.2,1.3,446.0,140.3,9.7,5.3,48.0,25.8,22.15,False,4095,0.0,34.7,0.0,EXT-OPEN-METEO-KHI,KARACHI,OPENSOURCE_API_GRID,1337,,,,0.95,True,True,TIER2_OPENSOURCE_PURE;CONTINUOUS_MINUTE_STREAM;VERIFIED_MODEL_GRID,38c95a2d16fd631bd9938c3d0e47d04ca17ba17091c35542314b8c2d356191cd,2026-09-30T22:16:00+00:00,2026-10-01 03:16:00,80.3,1011.8,96
15.8,23.3,65.1,1444.6,419.4,65.2,8.2,5.2,1.3,446.0,140.3,9.6,5.3,48.0,25.8,22.15,False,4095,0.0,34.7,0.0,EXT-OPEN-METEO-KHI,KARACHI,OPENSOURCE_API_GRID,1338,,,,0.95,True,True,TIER2_OPENSOURCE_PURE;CONTINUOUS_MINUTE_STREAM;VERIFIED_MODEL_GRID,aa725edc82c445d31e8af1a4be5ff9dda86f79e1fbbce53828de6e5169a7b4f3,2026-09-30T22:17:00+00:00,2026-10-01 03:17:00,80.3,1011.8,96
15.9,23.4,65.1,1450.8,421.2,65.5,8.2,5.2,1.3,446.0,140.2,9.6,5.3,48.0,25.8,22.15,False,4095,0.0,34.8,0.0,EXT-OPEN-METEO-KHI,KARACHI,OPENSOURCE_API_GRID,1339,,,,0.95,True,True,TIER2_OPENSOURCE_PURE;CONTINUOUS_MINUTE_STREAM;VERIFIED_MODEL_GRID,2e12d70a13b43b89c3596285ce9ccad7fe5c6aadda1b0dec90252a809406def6,2026-09-30T22:18:00+00:00,2026-10-01 03:18:00,80.3,1011.9,96
15.9,23.4,65.1,1450.8,421.2,65.5,8.2,5.2,1.3,446.0,140.1,9.6,5.3,48.0,25.8,22.15,False,4095,0.0,34.9,0.0,EXT-OPEN-METEO-KHI,KARACHI,OPENSOURCE_API_GRID,1340,,,,0.95,True,True,TIER2_OPENSOURCE_PURE;CONTINUOUS_MINUTE_STREAM;VERIFIED_MODEL_GRID,5a19156d8bc2c7508509db839f2548afc94d7b2837537277f7ed324068421809,2026-09-30T22:19:00+00:00,2026-10-01 03:19:00,80.3,1011.9,96
15.8,23.3,65.1,1444.6,419.4,65.2,8.2,5.2,1.3,446.0,140.0,9.6,5.3,48.0,25.8,22.15,False,4095,0.0,35.0,0.0,EXT-OPEN-METEO-KHI,KARACHI,OPENSOURCE_API_GRID,1341,,,,0.95,True,True,TIER2_OPENSOURCE_PURE;CONTINUOUS_MINUTE_STREAM;VERIFIED_MODEL_GRID,ac20cee694afabeed7aa0ba8ba2e2dc500836bc9f9edc989ede29a07e578c1d0,2026-09-30T22:20:00+00:00,2026-10-01 03:20:00,80.3,1011.9,96
15.8,23.3,65.1,1444.6,419.4,65.2,8.2,5.2,1.3,446.0,139.9,9.6,5.4,48.0,25.8,22.15,False,4095,0.0,35.1,0.0,EXT-OPEN-METEO-KHI,KARACHI,OPENSOURCE_API_GRID,1342,,,,0.95,True,True,TIER2_OPENSOURCE_PURE;CONTINUOUS_MINUTE_STREAM;VERIFIED_MODEL_GRID,4ebfe58049b32964fa2e3d9bf3b14f5f2fef7e10f4583aa8ca16f2c2549b2978,2026-09-30T22:21:00+00:00,2026-10-01 03:21:00,80.3,1011.9,96
15.8,23.3,65.0,1444.6,419.4,65.2,8.2,5.2,1.3,446.0,139.8,9.5,5.4,48.0,25.8,22.15,False,4095,0.0,35.2,0.0,EXT-OPEN-METEO-KHI,KARACHI,OPENSOURCE_API_GRID,1343,,,,0.95,True,True,TIER2_OPENSOURCE_PURE;CONTINUOUS_MINUTE_STREAM;VERIFIED_MODEL_GRID,0cf4ada1ccecc761548d07ca8d15bfc6aa40fe24238d44090f4f76b925dc88bf,2026-09-30T22:22:00+00:00,2026-10-01 03:22:00,80.3,1011.9,96
15.8,23.3,64.9,1444.6,419.4,65.2,8.2,5.2,1.3,446.0,139.7,9.5,5.4,48.0,25.8,22.15,False,4095,0.0,35.3,0.0,EXT-OPEN-METEO-KHI,KARACHI,OPENSOURCE_API_GRID,1344,,,,0.95,True,True,TIER2_OPENSOURCE_PURE;CONTINUOUS_MINUTE_STREAM;VERIFIED_MODEL_GRID,321846fde4565653a4545640a2f6ef1d2c682bc6bc0417199aabfa8456aae731,2026-09-30T22:23:00+00:00,2026-10-01 03:23:00,80.3,1011.9,96
15.8,23.2,64.8,1438.4,417.6,65.0,8.1,5.2,1.3,446.0,139.6,9.5,5.4,48.0,25.8,22.15,False,4095,0.0,35.4,0.0,EXT-OPEN-METEO-KHI,KARACHI,OPENSOURCE_API_GRID,1345,,,,0.95,True,True,TIER2_OPENSOURCE_PURE;CONTINUOUS_MINUTE_STREAM;VERIFIED_MODEL_GRID,f3186be74b8bc7e9417876fd6eca5de5d301b36852fab0954a499b43cebfc01b,2026-09-30T22:24:00+00:00,2026-10-01 03:24:00,80.3,1011.9,96
15.8,23.2,64.7,1438.4,417.6,65.0,8.1,5.2,1.3,446.0,139.5,9.5,5.4,48.0,25.8,22.15,False,4095,0.0,35.5,0.0,EXT-OPEN-METEO-KHI,KARACHI,OPENSOURCE_API_GRID,1346,,,,0.95,True,True,TIER2_OPENSOURCE_PURE;CONTINUOUS_MINUTE_STREAM;VERIFIED_MODEL_GRID,68b0986da0567e1eeb2f6ed70f54f3c8bef23f36ac0153db6b3f829abba8a389,2026-09-30T22:25:00+00:00,2026-10-01 03:25:00,80.3,1011.9,96
15.7,23.1,64.6,1432.2,415.8,64.7,8.1,5.2,1.3,446.0,139.4,9.4,5.4,48.0,25.7,22.05,False,4095,0.0,35.6,0.0,EXT-OPEN-METEO-KHI,KARACHI,OPENSOURCE_API_GRID,1347,,,,0.95,True,True,TIER2_OPENSOURCE_PURE;CONTINUOUS_MINUTE_STREAM;VERIFIED_MODEL_GRID,8443f123d81f55e8a508e055d09164a7350ddcc39d28fed23be1bd29ea26e9c5,2026-09-30T22:26:00+00:00,2026-10-01 03:26:00,80.3,1011.9,96
15.7,23.1,64.5,1432.2,415.8,64.7,8.1,5.2,1.3,446.0,139.3,9.4,5.4,48.0,25.7,22.05,False,4095,0.0,35.7,0.0,EXT-OPEN-METEO-KHI,KARACHI,OPENSOURCE_API_GRID,1348,,,,0.95,True,True,TIER2_OPENSOURCE_PURE;CONTINUOUS_MINUTE_STREAM;VERIFIED_MODEL_GRID,d81cecbdd0cde22f2b3335b359dd49b96732e6935abc94fc8a0626baf31e4763,2026-09-30T22:27:00+00:00,2026-10-01 03:27:00,80.3,1011.9,96
15.6,23.0,64.4,1426.0,414.0,64.4,8.0,5.2,1.3,446.0,139.2,9.4,5.4,48.0,25.7,22.05,False,4095,0.0,35.8,0.0,EXT-OPEN-METEO-KHI,KARACHI,OPENSOURCE_API_GRID,1349,,,,0.95,True,True,TIER2_OPENSOURCE_PURE;CONTINUOUS_MINUTE_STREAM;VERIFIED_MODEL_GRID,1e2824a0c0e56269c931cc1523b7f7d9d246f8e9ecba91d253216d37a387dc32,2026-09-30T22:28:00+00:00,2026-10-01 03:28:00,80.3,1011.9,96
15.6,22.9,64.3,1419.8,412.2,64.1,8.0,5.1,1.3,446.0,139.1,9.4,5.4,48.0,25.7,22.05,False,4095,0.0,35.9,0.0,EXT-OPEN-METEO-KHI,KARACHI,OPENSOURCE_API_GRID,1350,,,,0.95,True,True,TIER2_OPENSOURCE_PURE;CONTINUOUS_MINUTE_STREAM;VERIFIED_MODEL_GRID,a35fa78f02f2bdc66278514d79dd4d3c31b227292611f9043aad8ad64f33b9db,2026-09-30T22:29:00+00:00,2026-10-01 03:29:00,80.3,1011.9,96
15.6,22.9,64.2,1419.8,412.2,64.1,8.0,5.1,1.3,446.0,139.0,9.3,5.4,48.0,25.7,22.07,False,4095,0.0,36.0,0.0,EXT-OPEN-METEO-KHI,KARACHI,OPENSOURCE_API_GRID,1351,,,,0.95,True,True,TIER2_OPENSOURCE_PURE;CONTINUOUS_MINUTE_STREAM;VERIFIED_MODEL_GRID,bc347a6416861ada8926024e600e21c71312dc429eb500afb2107e2eca76945b,2026-09-30T22:30:00+00:00,2026-10-01 03:30:00,80.4,1011.9,96
15.5,22.8,64.1,1413.6,410.4,63.8,8.0,5.1,1.3,446.0,138.9,9.3,5.4,48.0,25.7,22.07,False,4095,0.0,36.1,0.0,EXT-OPEN-METEO-KHI,KARACHI,OPENSOURCE_API_GRID,1352,,,,0.95,True,True,TIER2_OPENSOURCE_PURE;CONTINUOUS_MINUTE_STREAM;VERIFIED_MODEL_GRID,a6979dc7674b83cbc5ad42e07ac50a1e8cb5d05ce7d6e312ad9bf4eb1afa1d8b,2026-09-30T22:31:00+00:00,2026-10-01 03:31:00,80.4,1011.9,96
15.5,22.8,64.1,1413.6,410.4,63.8,8.0,5.1,1.3,446.0,138.8,9.3,5.4,48.0,25.7,22.07,False,4095,0.0,36.2,0.0,EXT-OPEN-METEO-KHI,KARACHI,OPENSOURCE_API_GRID,1353,,,,0.95,True,True,TIER2_OPENSOURCE_PURE;CONTINUOUS_MINUTE_STREAM;VERIFIED_MODEL_GRID,84535225b8ab55df1dacc183d723f08de60a36a37496c638df025207c294d572,2026-09-30T22:32:00+00:00,2026-10-01 03:32:00,80.4,1011.9,96
15.5,22.8,64.0,1413.6,410.4,63.8,8.0,5.1,1.3,446.0,138.7,9.3,5.4,48.0,25.6,21.97,False,4095,0.0,36.3,0.0,EXT-OPEN-METEO-KHI,KARACHI,OPENSOURCE_API_GRID,1354,,,,0.95,True,True,TIER2_OPENSOURCE_PURE;CONTINUOUS_MINUTE_STREAM;VERIFIED_MODEL_GRID,5b3609f2ad695683ed25358160ea5319cea613b7f52b035ddd93e15edb325bba,2026-09-30T22:33:00+00:00,2026-10-01 03:33:00,80.4,1011.9,96
15.4,22.7,63.9,1407.4,408.6,63.6,7.9,5.1,1.3,446.0,138.6,9.3,5.4,48.0,25.6,21.99,False,4095,0.0,36.4,0.0,EXT-OPEN-METEO-KHI,KARACHI,OPENSOURCE_API_GRID,1355,,,,0.95,True,True,TIER2_OPENSOURCE_PURE;CONTINUOUS_MINUTE_STREAM;VERIFIED_MODEL_GRID,3a4e681ce98c911863af1324a6d9269f8cf2d03f2beb7dcc7302d7bb65010963,2026-09-30T22:34:00+00:00,2026-10-01 03:34:00,80.5,1011.9,96
15.4,22.7,63.9,1407.4,408.6,63.6,7.9,5.1,1.3,446.0,138.5,9.2,5.4,48.0,25.6,21.99,False,4095,0.0,36.5,0.0,EXT-OPEN-METEO-KHI,KARACHI,OPENSOURCE_API_GRID,1356,,,,0.95,True,True,TIER2_OPENSOURCE_PURE;CONTINUOUS_MINUTE_STREAM;VERIFIED_MODEL_GRID,bf91e659f51c92590fbb2f559387473f5e0a3afa7e423b7a2d9e43579725a97e,2026-09-30T22:35:00+00:00,2026-10-01 03:35:00,80.5,1011.9,96
15.4,22.7,63.9,1407.4,408.6,63.6,7.9,5.1,1.3,446.0,138.4,9.2,5.4,48.0,25.6,21.99,False,4095,0.0,36.6,0.0,EXT-OPEN-METEO-KHI,KARACHI,OPENSOURCE_API_GRID,1357,,,,0.95,True,True,TIER2_OPENSOURCE_PURE;CONTINUOUS_MINUTE_STREAM;VERIFIED_MODEL_GRID,86517196c81d239bc6350c887345c6383a09078c6531eb455c4d36e2a8caad15,2026-09-30T22:36:00+00:00,2026-10-01 03:36:00,80.5,1011.9,96
15.4,22.7,63.9,1407.4,408.6,63.6,7.9,5.1,1.3,446.0,138.3,9.2,5.4,48.0,25.6,22.01,False,4095,0.0,36.7,0.0,EXT-OPEN-METEO-KHI,KARACHI,OPENSOURCE_API_GRID,1358,,,,0.95,True,True,TIER2_OPENSOURCE_PURE;CONTINUOUS_MINUTE_STREAM;VERIFIED_MODEL_GRID,244c000b255ecb9f0dac25496d87eee29c6e4334a7a8079d04c2e85fbcb6fa48,2026-09-30T22:37:00+00:00,2026-10-01 03:37:00,80.6,1011.9,96
15.4,22.7,63.9,1407.4,408.6,63.6,7.9,5.1,1.3,446.0,138.2,9.2,5.4,48.0,25.6,22.01,False,4095,0.0,36.8,0.0,EXT-OPEN-METEO-KHI,KARACHI,OPENSOURCE_API_GRID,1359,,,,0.95,True,True,TIER2_OPENSOURCE_PURE;CONTINUOUS_MINUTE_STREAM;VERIFIED_MODEL_GRID,59bcdc45d1aa76b05061fd612aa074223b4f060cefe86b5c6a353cf977cd5ae2,2026-09-30T22:38:00+00:00,2026-10-01 03:38:00,80.6,1011.9,96
15.5,22.8,63.9,1413.6,410.4,63.8,8.0,5.1,1.3,446.0,138.1,9.1,5.4,48.0,25.6,22.04,False,4095,0.0,36.9,0.0,EXT-OPEN-METEO-KHI,KARACHI,OPENSOURCE_API_GRID,1360,,,,0.95,True,True,TIER2_OPENSOURCE_PURE;CONTINUOUS_MINUTE_STREAM;VERIFIED_MODEL_GRID,5e8c883cea886c54121b64c9053ace5fa4821b7b537b058345cc4ac21ab9f5d8,2026-09-30T22:39:00+00:00,2026-10-01 03:39:00,80.7,1011.9,96
15.5,22.8,63.9,1413.6,410.4,63.8,8.0,5.1,1.3,446.0,138.0,9.1,5.4,48.0,25.6,22.04,False,4095,0.0,37.0,0.0,EXT-OPEN-METEO-KHI,KARACHI,OPENSOURCE_API_GRID,1361,,,,0.95,True,True,TIER2_OPENSOURCE_PURE;CONTINUOUS_MINUTE_STREAM;VERIFIED_MODEL_GRID,8fc30b66982a4d7e5b2d76bf41e30a9eb931f90fdb95903845f3dab7639ecdac,2026-09-30T22:40:00+00:00,2026-10-01 03:40:00,80.7,1011.9,96
15.5,22.8,63.9,1413.6,410.4,63.8,8.0,5.1,1.3,446.0,137.9,9.1,5.5,48.0,25.6,22.06,False,4095,0.0,37.1,0.0,EXT-OPEN-METEO-KHI,KARACHI,OPENSOURCE_API_GRID,1362,,,,0.95,True,True,TIER2_OPENSOURCE_PURE;CONTINUOUS_MINUTE_STREAM;VERIFIED_MODEL_GRID,13679a9a20fc552bb122ccb9efe633fb6d506edd4ec26190944a23a2c09b451d,2026-09-30T22:41:00+00:00,2026-10-01 03:41:00,80.8,1011.9,96
15.6,22.9,64.0,1419.8,412.2,64.1,8.0,5.1,1.3,446.0,137.8,9.1,5.5,48.0,25.6,22.06,False,4095,0.0,37.2,0.0,EXT-OPEN-METEO-KHI,KARACHI,OPENSOURCE_API_GRID,1363,,,,0.95,True,True,TIER2_OPENSOURCE_PURE;CONTINUOUS_MINUTE_STREAM;VERIFIED_MODEL_GRID,da27000b31fe51eec5dab5f04c0971be9237ce925b7db4b9dfcb46e2a89a2739,2026-09-30T22:42:00+00:00,2026-10-01 03:42:00,80.8,1011.9,96
15.6,22.9,64.0,1419.8,412.2,64.1,8.0,5.1,1.3,446.0,137.7,9.1,5.5,48.0,25.6,22.08,False,4095,0.0,37.3,0.0,EXT-OPEN-METEO-KHI,KARACHI,OPENSOURCE_API_GRID,1364,,,,0.95,True,True,TIER2_OPENSOURCE_PURE;CONTINUOUS_MINUTE_STREAM;VERIFIED_MODEL_GRID,2156a406bef541472b652bdf39925628e56ff9d5f93d751a138391ec072d7ccf,2026-09-30T22:43:00+00:00,2026-10-01 03:43:00,80.9,1012.0,96
15.5,22.8,63.9,1413.6,410.4,63.8,8.0,5.1,1.3,446.0,137.7,9.0,5.5,48.0,25.6,22.1,False,4095,0.0,37.3,0.0,EXT-OPEN-METEO-KHI,KARACHI,OPENSOURCE_API_GRID,1365,,,,0.95,True,True,TIER2_OPENSOURCE_PURE;CONTINUOUS_MINUTE_STREAM;VERIFIED_MODEL_GRID,da7bafb6b9b3eba3ca8bf418c24cfb26dfdc47efcf75d1adf9e875ac4ebea6f2,2026-09-30T22:44:00+00:00,2026-10-01 03:44:00,81.0,1012.0,96
15.5,22.8,63.9,1413.6,410.4,63.8,8.0,5.1,1.3,446.0,137.6,9.0,5.5,48.0,25.6,22.1,False,4095,0.0,37.4,0.0,EXT-OPEN-METEO-KHI,KARACHI,OPENSOURCE_API_GRID,1366,,,,0.95,True,True,TIER2_OPENSOURCE_PURE;CONTINUOUS_MINUTE_STREAM;VERIFIED_MODEL_GRID,be6d93ad1fc53cef1d825a63a55969687dbbd88d65adb79eb227da9e4ed1080a,2026-09-30T22:45:00+00:00,2026-10-01 03:45:00,81.0,1012.0,96
15.6,22.9,63.9,1419.8,412.2,64.1,8.0,5.1,1.3,446.0,137.5,9.0,5.5,48.0,25.6,22.1,False,4095,0.0,37.5,0.0,EXT-OPEN-METEO-KHI,KARACHI,OPENSOURCE_API_GRID,1367,,,,0.95,True,True,TIER2_OPENSOURCE_PURE;CONTINUOUS_MINUTE_STREAM;VERIFIED_MODEL_GRID,14c154e022891ee8a090443de75922bd9b1d46ae4da1003334e61daa37b1f13b,2026-09-30T22:46:00+00:00,2026-10-01 03:46:00,81.0,1012.0,96
15.6,22.9,64.0,1419.8,412.2,64.1,8.0,5.1,1.3,446.0,137.4,9.0,5.5,48.0,25.7,22.19,False,4095,0.0,37.6,0.0,EXT-OPEN-METEO-KHI,KARACHI,OPENSOURCE_API_GRID,1368,,,,0.95,True,True,TIER2_OPENSOURCE_PURE;CONTINUOUS_MINUTE_STREAM;VERIFIED_MODEL_GRID,0ba77404fd40c3ec8744b74188f0b7a3f8ade8b13f0f45a8b37478725194f0cb,2026-09-30T22:47:00+00:00,2026-10-01 03:47:00,81.0,1012.0,96
15.6,22.9,64.0,1419.8,412.2,64.1,8.0,5.1,1.3,446.0,137.4,9.0,5.5,48.0,25.7,22.19,False,4095,0.0,37.6,0.0,EXT-OPEN-METEO-KHI,KARACHI,OPENSOURCE_API_GRID,1369,,,,0.95,True,True,TIER2_OPENSOURCE_PURE;CONTINUOUS_MINUTE_STREAM;VERIFIED_MODEL_GRID,32b1a205e617a6e0396073e101f56862ad1120969184f5c27560db9ca5f6e185,2026-09-30T22:48:00+00:00,2026-10-01 03:48:00,81.0,1012.0,96
15.6,22.9,64.0,1419.8,412.2,64.1,8.0,5.1,1.3,446.0,137.3,9.0,5.5,48.0,25.7,22.19,False,4095,0.0,37.7,0.0,EXT-OPEN-METEO-KHI,KARACHI,OPENSOURCE_API_GRID,1370,,,,0.95,True,True,TIER2_OPENSOURCE_PURE;CONTINUOUS_MINUTE_STREAM;VERIFIED_MODEL_GRID,405071078d3867993f0fb308b3453a9f2a47ed9b5e33f1b00e6278a47dc63776,2026-09-30T22:49:00+00:00,2026-10-01 03:49:00,81.0,1012.0,96
15.6,22.9,64.0,1419.8,412.2,64.1,8.0,5.1,1.3,446.0,137.3,9.0,5.5,48.0,25.7,22.19,False,4095,0.0,37.7,0.0,EXT-OPEN-METEO-KHI,KARACHI,OPENSOURCE_API_GRID,1371,,,,0.95,True,True,TIER2_OPENSOURCE_PURE;CONTINUOUS_MINUTE_STREAM;VERIFIED_MODEL_GRID,81a5e91429e30cb82171b858d07e962c918f0a64cb461377f978d52854de5b5a,2026-09-30T22:50:00+00:00,2026-10-01 03:50:00,81.0,1012.0,96
15.6,22.9,64.0,1419.8,412.2,64.1,8.0,5.1,1.3,446.0,137.2,8.9,5.5,48.0,25.7,22.19,False,4095,0.0,37.8,0.0,EXT-OPEN-METEO-KHI,KARACHI,OPENSOURCE_API_GRID,1372,,,,0.95,True,True,TIER2_OPENSOURCE_PURE;CONTINUOUS_MINUTE_STREAM;VERIFIED_MODEL_GRID,cc96de68d02b9f567774efc368095e2c9ec239db905f95ec86531b42320addd4,2026-09-30T22:51:00+00:00,2026-10-01 03:51:00,81.0,1012.0,96
15.6,22.9,64.0,1419.8,412.2,64.1,8.0,5.1,1.3,446.0,137.2,8.9,5.5,48.0,25.7,22.19,False,4095,0.0,37.8,0.0,EXT-OPEN-METEO-KHI,KARACHI,OPENSOURCE_API_GRID,1373,,,,0.95,True,True,TIER2_OPENSOURCE_PURE;CONTINUOUS_MINUTE_STREAM;VERIFIED_MODEL_GRID,c7449e3a0b83f5c71ce06730b3b73f988b8e265357b2fe9ab285ebd3d64d1c0b,2026-09-30T22:52:00+00:00,2026-10-01 03:52:00,81.0,1012.0,96
15.6,22.9,63.9,1419.8,412.2,64.1,8.0,5.1,1.3,446.0,137.1,8.9,5.5,48.0,25.7,22.19,False,4095,0.0,37.9,0.0,EXT-OPEN-METEO-KHI,KARACHI,OPENSOURCE_API_GRID,1374,,,,0.95,True,True,TIER2_OPENSOURCE_PURE;CONTINUOUS_MINUTE_STREAM;VERIFIED_MODEL_GRID,8245a529bf0d4be29fca51046ff2f54691aa241ed838e7dcdceabc031ac44e4a,2026-09-30T22:53:00+00:00,2026-10-01 03:53:00,81.0,1012.0,96
15.6,22.9,63.9,1419.8,412.2,64.1,8.0,5.1,1.3,446.0,137.1,8.9,5.5,48.0,25.7,22.19,False,4095,0.0,37.9,0.0,EXT-OPEN-METEO-KHI,KARACHI,OPENSOURCE_API_GRID,1375,,,,0.95,True,True,TIER2_OPENSOURCE_PURE;CONTINUOUS_MINUTE_STREAM;VERIFIED_MODEL_GRID,581eef982c8d7967b7adb2b55b519b0f2bfb01b6902394a4c8f11e213863d6a6,2026-09-30T22:54:00+00:00,2026-10-01 03:54:00,81.0,1012.0,96
15.5,22.8,63.8,1413.6,410.4,63.8,8.0,5.1,1.3,446.0,137.1,8.9,5.5,48.0,25.6,22.08,False,4095,0.0,37.9,0.0,EXT-OPEN-METEO-KHI,KARACHI,OPENSOURCE_API_GRID,1376,,,,0.95,True,True,TIER2_OPENSOURCE_PURE;CONTINUOUS_MINUTE_STREAM;VERIFIED_MODEL_GRID,abad144911d238bd47eb271c46c37c87edba6ba1746186c8b63525bb93d7faa9,2026-09-30T22:55:00+00:00,2026-10-01 03:55:00,80.9,1012.0,96
15.5,22.8,63.8,1413.6,410.4,63.8,8.0,5.1,1.3,446.0,137.0,8.9,5.5,48.0,25.6,22.08,False,4095,0.0,38.0,0.0,EXT-OPEN-METEO-KHI,KARACHI,OPENSOURCE_API_GRID,1377,,,,0.95,True,True,TIER2_OPENSOURCE_PURE;CONTINUOUS_MINUTE_STREAM;VERIFIED_MODEL_GRID,c522c5b09aac5e99da317a32827c67726d684e96c0f80f2cf7f340daa0edf08e,2026-09-30T22:56:00+00:00,2026-10-01 03:56:00,80.9,1012.0,96
15.5,22.8,63.7,1413.6,410.4,63.8,8.0,5.1,1.3,446.0,137.0,8.9,5.5,48.0,25.6,22.08,False,4095,0.0,38.0,0.0,EXT-OPEN-METEO-KHI,KARACHI,OPENSOURCE_API_GRID,1378,,,,0.95,True,True,TIER2_OPENSOURCE_PURE;CONTINUOUS_MINUTE_STREAM;VERIFIED_MODEL_GRID,b047d5487ab1eafa18be83bd5f2ac6fd5070dd703b23e3d192ff77d8cd294627,2026-09-30T22:57:00+00:00,2026-10-01 03:57:00,80.9,1012.0,96
15.4,22.7,63.6,1407.4,408.6,63.6,7.9,5.1,1.3,446.0,137.0,8.9,5.5,48.0,25.6,22.08,False,4095,0.0,38.0,0.0,EXT-OPEN-METEO-KHI,KARACHI,OPENSOURCE_API_GRID,1379,,,,0.95,True,True,TIER2_OPENSOURCE_PURE;CONTINUOUS_MINUTE_STREAM;VERIFIED_MODEL_GRID,1bf3f7ad81f2b5ce66d060542a7c1187600669f9587d4c6d042417adc73c65c1,2026-09-30T22:58:00+00:00,2026-10-01 03:58:00,80.9,1012.0,96
15.4,22.7,63.5,1407.4,408.6,63.6,7.9,5.1,1.3,446.0,137.0,8.9,5.5,48.0,25.6,22.08,False,4095,0.0,38.0,0.0,EXT-OPEN-METEO-KHI,KARACHI,OPENSOURCE_API_GRID,1380,,,,0.95,True,True,TIER2_OPENSOURCE_PURE;CONTINUOUS_MINUTE_STREAM;VERIFIED_MODEL_GRID,31a0002a6e57c1ea540c135a9c59cfc94a23673603e1ae18d7f9b0defcb5e70e,2026-09-30T22:59:00+00:00,2026-10-01 03:59:00,80.9,1012.0,96
15.4,22.6,63.5,1401.2,406.8,63.3,7.9,5.1,1.3,446.0,137.0,8.9,5.5,48.0,25.6,22.08,False,4095,0.0,38.0,0.0,EXT-OPEN-METEO-KHI,KARACHI,OPENSOURCE_API_GRID,1381,,,,0.95,True,False,TIER2_OPENSOURCE_PURE;HOURLY_NODE;VERIFIED_MODEL_GRID,7d7ba25132de1babca4456ea9dc4b58c26178de75aa4c40b4b9aa23a217c5177,2026-09-30T23:00:00+00:00,2026-10-01 04:00:00,80.9,1012.0,96
15.4,22.6,63.4,1401.2,406.8,63.3,7.9,5.1,1.3,446.0,137.1,8.9,5.5,48.0,25.6,22.08,False,4095,0.0,38.0,0.0,EXT-OPEN-METEO-KHI,KARACHI,OPENSOURCE_API_GRID,1382,,,,0.95,True,True,TIER2_OPENSOURCE_PURE;CONTINUOUS_MINUTE_STREAM;VERIFIED_MODEL_GRID,aa6398a90b92b7216dd4529ea55234bd4b7bc62fc4155c5cbebe2e679b268fcc,2026-09-30T23:01:00+00:00,2026-10-01 04:01:00,80.9,1012.0,96
15.4,22.6,63.5,1401.2,406.8,63.3,7.9,5.1,1.3,446.0,137.3,8.9,5.5,48.0,25.6,22.08,False,4095,0.0,38.0,0.0,EXT-OPEN-METEO-KHI,KARACHI,OPENSOURCE_API_GRID,1383,,,,0.95,True,True,TIER2_OPENSOURCE_PURE;CONTINUOUS_MINUTE_STREAM;VERIFIED_MODEL_GRID,57b6cc7abfc7ef49ed188984b98c98ff87e39c9efc93ce9da7f7be310189e289,2026-09-30T23:02:00+00:00,2026-10-01 04:02:00,80.9,1012.0,96
15.4,22.6,63.6,1401.2,406.8,63.3,7.9,5.1,1.3,446.1,137.7,8.9,5.5,47.9,25.6,22.08,False,4095,0.0,37.9,0.0,EXT-OPEN-METEO-KHI,KARACHI,OPENSOURCE_API_GRID,1384,,,,0.95,True,True,TIER2_OPENSOURCE_PURE;CONTINUOUS_MINUTE_STREAM;VERIFIED_MODEL_GRID,22ea2559dede671a1e98b03be5b27097d659678b7d284acbf01438de14810452,2026-09-30T23:03:00+00:00,2026-10-01 04:03:00,80.9,1012.0,96
15.4,22.6,63.7,1401.2,406.8,63.3,7.9,5.1,1.3,446.2,138.3,9.0,5.5,47.9,25.6,22.08,False,4095,0.0,37.8,0.0,EXT-OPEN-METEO-KHI,KARACHI,OPENSOURCE_API_GRID,1385,,,,0.95,True,True,TIER2_OPENSOURCE_PURE;CONTINUOUS_MINUTE_STREAM;VERIFIED_MODEL_GRID,198b3e83580c5a462ab8c711bb226354a39e0db3fbbe8af08a38697aeb259f5e,2026-09-30T23:04:00+00:00,2026-10-01 04:04:00,80.9,1012.0,96
15.4,22.6,63.9,1401.2,406.8,63.3,7.9,5.1,1.3,446.2,139.0,9.0,5.5,47.8,25.6,22.08,False,4095,0.0,37.7,0.0,EXT-OPEN-METEO-KHI,KARACHI,OPENSOURCE_API_GRID,1386,,,,0.95,True,True,TIER2_OPENSOURCE_PURE;CONTINUOUS_MINUTE_STREAM;VERIFIED_MODEL_GRID,08c56f6d005730f2ebe661004313e58dc4a5790538df86a6968e4c6f6782872e,2026-09-30T23:05:00+00:00,2026-10-01 04:05:00,80.9,1012.0,96
15.4,22.7,64.2,1407.4,408.6,63.6,7.9,5.1,1.3,446.3,139.9,9.0,5.5,47.8,25.5,22.0,False,4095,0.0,37.6,0.0,EXT-OPEN-METEO-KHI,KARACHI,OPENSOURCE_API_GRID,1387,,,,0.95,True,True,TIER2_OPENSOURCE_PURE;CONTINUOUS_MINUTE_STREAM;VERIFIED_MODEL_GRID,90a0b6947373e78737de6b869703fe4bc67a3e989934b7301b9641a7d3b7f753,2026-09-30T23:06:00+00:00,2026-10-01 04:06:00,81.0,1012.0,96
15.5,22.8,64.5,1413.6,410.4,63.8,8.0,5.2,1.3,446.5,141.0,9.1,5.6,47.7,25.5,22.0,False,4095,0.0,37.5,0.0,EXT-OPEN-METEO-KHI,KARACHI,OPENSOURCE_API_GRID,1388,,,,0.95,True,True,TIER2_OPENSOURCE_PURE;CONTINUOUS_MINUTE_STREAM;VERIFIED_MODEL_GRID,0b80636fd3ce71df931f9593e3481f2538e85e8095aaf13fb54a1ee2c158f479,2026-09-30T23:07:00+00:00,2026-10-01 04:07:00,81.0,1012.0,96
15.5,22.8,64.9,1413.6,410.4,63.8,8.0,5.2,1.3,446.6,142.2,9.1,5.6,47.6,25.5,22.02,False,4095,0.0,37.3,0.0,EXT-OPEN-METEO-KHI,KARACHI,OPENSOURCE_API_GRID,1389,,,,0.95,True,True,TIER2_OPENSOURCE_PURE;CONTINUOUS_MINUTE_STREAM;VERIFIED_MODEL_GRID,104d003c00900f203a6793088cb4bedb1246276513d550c4eed1a2d574352199,2026-09-30T23:08:00+00:00,2026-10-01 04:08:00,81.1,1012.0,96
15.6,23.0,65.4,1426.0,414.0,64.4,8.0,5.2,1.3,446.8,143.5,9.2,5.6,47.5,25.5,22.02,False,4095,0.0,37.1,0.0,EXT-OPEN-METEO-KHI,KARACHI,OPENSOURCE_API_GRID,1390,,,,0.95,True,True,TIER2_OPENSOURCE_PURE;CONTINUOUS_MINUTE_STREAM;VERIFIED_MODEL_GRID,46e658ec35a0a4e757a81b38845d0b73cb1dc7c58fdd8a18e747f45523793ba9,2026-09-30T23:09:00+00:00,2026-10-01 04:09:00,81.1,1012.0,96
15.7,23.1,65.9,1432.2,415.8,64.7,8.1,5.3,1.3,446.9,145.0,9.2,5.6,47.4,25.5,22.04,False,4095,0.0,36.9,0.0,EXT-OPEN-METEO-KHI,KARACHI,OPENSOURCE_API_GRID,1391,,,,0.95,True,True,TIER2_OPENSOURCE_PURE;CONTINUOUS_MINUTE_STREAM;VERIFIED_MODEL_GRID,3ff471282e09aae6a995e671a20290ace354ab5057255712588f3f7dbd6686d1,2026-09-30T23:10:00+00:00,2026-10-01 04:10:00,81.2,1012.0,96
15.8,23.2,66.4,1438.4,417.6,65.0,8.1,5.3,1.3,447.1,146.7,9.3,5.6,47.3,25.5,22.06,False,4095,0.0,36.7,0.0,EXT-OPEN-METEO-KHI,KARACHI,OPENSOURCE_API_GRID,1392,,,,0.95,True,True,TIER2_OPENSOURCE_PURE;CONTINUOUS_MINUTE_STREAM;VERIFIED_MODEL_GRID,165388a9aed2a95a7126ddff7ee5a2b06993aff8cc8f3251b71333f42b4d0364,2026-09-30T23:11:00+00:00,2026-10-01 04:11:00,81.3,1012.0,96
15.9,23.4,67.0,1450.8,421.2,65.5,8.2,5.4,1.3,447.3,148.5,9.4,5.7,47.1,25.5,22.08,False,4095,0.0,36.5,0.0,EXT-OPEN-METEO-KHI,KARACHI,OPENSOURCE_API_GRID,1393,,,,0.95,True,True,TIER2_OPENSOURCE_PURE;CONTINUOUS_MINUTE_STREAM;VERIFIED_MODEL_GRID,70e6b36926d798e892a8db9f354bf1ba5b7a5abb7129ac809752c81abc8afd44,2026-09-30T23:12:00+00:00,2026-10-01 04:12:00,81.4,1012.0,96
16.0,23.5,67.6,1457.0,423.0,65.8,8.2,5.4,1.4,447.6,150.4,9.5,5.7,47.0,25.5,22.1,False,4095,0.0,36.2,0.0,EXT-OPEN-METEO-KHI,KARACHI,OPENSOURCE_API_GRID,1394,,,,0.95,True,True,TIER2_OPENSOURCE_PURE;CONTINUOUS_MINUTE_STREAM;VERIFIED_MODEL_GRID,c4738325a2a345ebcc35a36b3ed6c4c4448b947b6495fc931b630f66c831da01,2026-09-30T23:13:00+00:00,2026-10-01 04:13:00,81.5,1012.0,96
16.1,23.7,68.3,1469.4,426.6,66.4,8.3,5.5,1.4,447.8,152.4,9.6,5.7,46.8,25.5,22.12,False,4095,0.0,35.9,0.0,EXT-OPEN-METEO-KHI,KARACHI,OPENSOURCE_API_GRID,1395,,,,0.95,True,True,TIER2_OPENSOURCE_PURE;CONTINUOUS_MINUTE_STREAM;VERIFIED_MODEL_GRID,3ae665fc3a98b7a171d6bad9c515dfa79f03ef6795382200c1f57b32a49df220,2026-09-30T23:14:00+00:00,2026-10-01 04:14:00,81.6,1012.0,96
16.1,23.7,68.8,1469.4,426.6,66.4,8.3,5.5,1.4,448.1,154.6,9.6,5.7,46.7,25.6,22.24,False,4095,0.0,35.7,0.0,EXT-OPEN-METEO-KHI,KARACHI,OPENSOURCE_API_GRID,1396,,,,0.95,True,True,TIER2_OPENSOURCE_PURE;CONTINUOUS_MINUTE_STREAM;VERIFIED_MODEL_GRID,9244804f04260b4e73ffd663a87247f069bdf0c52be53ba2b9b914ac578dcf38,2026-09-30T23:15:00+00:00,2026-10-01 04:15:00,81.7,1012.0,96
16.3,23.9,69.6,1481.8,430.2,66.9,8.4,5.6,1.4,448.3,156.9,9.7,5.8,46.5,25.6,22.26,False,4095,0.0,35.4,0.0,EXT-OPEN-METEO-KHI,KARACHI,OPENSOURCE_API_GRID,1397,,,,0.95,True,True,TIER2_OPENSOURCE_PURE;CONTINUOUS_MINUTE_STREAM;VERIFIED_MODEL_GRID,db0e56be0300601c77118fd691b8177a6c84808c0eefc91ea0d5d01fe112dddd,2026-09-30T23:16:00+00:00,2026-10-01 04:16:00,81.8,1012.0,96
16.4,24.1,70.4,1494.2,433.8,67.5,8.4,5.6,1.4,448.6,159.2,9.8,5.8,46.3,25.6,22.28,False,4095,0.0,35.0,0.0,EXT-OPEN-METEO-KHI,KARACHI,OPENSOURCE_API_GRID,1398,,,,0.95,True,True,TIER2_OPENSOURCE_PURE;CONTINUOUS_MINUTE_STREAM;VERIFIED_MODEL_GRID,ff13c675ab1c7a278361421c2ed577ff0ad4de2240ff9146835cbdd8bdbccf27,2026-09-30T23:17:00+00:00,2026-10-01 04:17:00,81.9,1012.0,96
16.5,24.3,71.2,1506.6,437.4,68.0,8.5,5.7,1.4,448.9,161.7,10.0,5.9,46.1,25.6,22.3,False,4095,0.0,34.7,0.0,EXT-OPEN-METEO-KHI,KARACHI,OPENSOURCE_API_GRID,1399,,,,0.95,True,True,TIER2_OPENSOURCE_PURE;CONTINUOUS_MINUTE_STREAM;VERIFIED_MODEL_GRID,762469e973e59b26e4c3e195ee39b46bbcd649aed3fff4a44e86f51ffa26005f,2026-09-30T23:18:00+00:00,2026-10-01 04:18:00,82.0,1012.0,96
16.7,24.5,72.0,1519.0,441.0,68.6,8.6,5.8,1.4,449.2,164.3,10.1,5.9,46.0,25.6,22.3,False,4095,0.0,34.4,0.0,EXT-OPEN-METEO-KHI,KARACHI,OPENSOURCE_API_GRID,1400,,,,0.95,True,True,TIER2_OPENSOURCE_PURE;CONTINUOUS_MINUTE_STREAM;VERIFIED_MODEL_GRID,0fd0700bf92eecf4c928c739819c45334350705046d2a63992948ea050298a50,2026-09-30T23:19:00+00:00,2026-10-01 04:19:00,82.0,1012.0,96
16.8,24.7,72.8,1531.4,444.6,69.2,8.6,5.8,1.5,449.5,167.0,10.2,5.9,45.8,25.6,22.32,False,4095,0.0,34.0,0.0,EXT-OPEN-METEO-KHI,KARACHI,OPENSOURCE_API_GRID,1401,,,,0.95,True,True,TIER2_OPENSOURCE_PURE;CONTINUOUS_MINUTE_STREAM;VERIFIED_MODEL_GRID,4b6843f07187ffa323d4ea0dfb22351b3c06d4696f7981b71cf09d422f641fd7,2026-09-30T23:20:00+00:00,2026-10-01 04:20:00,82.1,1012.0,96
16.9,24.8,73.7,1537.6,446.4,69.4,8.7,5.9,1.5,449.8,169.8,10.3,6.0,45.5,25.6,22.34,False,4095,0.0,33.6,0.0,EXT-OPEN-METEO-KHI,KARACHI,OPENSOURCE_API_GRID,1402,,,,0.95,True,True,TIER2_OPENSOURCE_PURE;CONTINUOUS_MINUTE_STREAM;VERIFIED_MODEL_GRID,11c25a111b390eeea444413307a02ccd5d7402e7b53b437b21a1506fbba7d375,2026-09-30T23:21:00+00:00,2026-10-01 04:21:00,82.2,1012.0,96
17.0,25.0,74.5,1550.0,450.0,70.0,8.8,6.0,1.5,450.2,172.6,10.4,6.0,45.3,25.6,22.34,False,4095,0.0,33.3,0.0,EXT-OPEN-METEO-KHI,KARACHI,OPENSOURCE_API_GRID,1403,,,,0.95,True,True,TIER2_OPENSOURCE_PURE;CONTINUOUS_MINUTE_STREAM;VERIFIED_MODEL_GRID,9819b2e7d316998797f742839218390ada598a374191cf37bf2c6c20dffda889,2026-09-30T23:22:00+00:00,2026-10-01 04:22:00,82.2,1012.0,96
17.1,25.2,75.4,1562.4,453.6,70.6,8.8,6.0,1.5,450.5,175.5,10.5,6.0,45.1,25.6,22.36,False,4095,0.0,32.9,0.0,EXT-OPEN-METEO-KHI,KARACHI,OPENSOURCE_API_GRID,1404,,,,0.95,True,True,TIER2_OPENSOURCE_PURE;CONTINUOUS_MINUTE_STREAM;VERIFIED_MODEL_GRID,27c65bf348c780af8a79ffc03f2a5f1d5953bf6087cec2f2c5da7eae723d1730,2026-09-30T23:23:00+00:00,2026-10-01 04:23:00,82.3,1012.0,96
17.2,25.3,76.2,1568.6,455.4,70.8,8.9,6.1,1.5,450.8,178.5,10.7,6.1,44.9,25.5,22.28,False,4095,0.0,32.5,0.0,EXT-OPEN-METEO-KHI,KARACHI,OPENSOURCE_API_GRID,1405,,,,0.95,True,True,TIER2_OPENSOURCE_PURE;CONTINUOUS_MINUTE_STREAM;VERIFIED_MODEL_GRID,38749519b3a10e6d5b98a2d7baab3f0c2cbd6a5ecc75b880fe943b9eb6927d36,2026-09-30T23:24:00+00:00,2026-10-01 04:24:00,82.4,1011.9,96
17.3,25.5,77.1,1581.0,459.0,71.4,8.9,6.2,1.5,451.2,181.5,10.8,6.1,44.7,25.5,22.3,False,4095,0.0,32.1,0.0,EXT-OPEN-METEO-KHI,KARACHI,OPENSOURCE_API_GRID,1406,,,,0.95,True,True,TIER2_OPENSOURCE_PURE;CONTINUOUS_MINUTE_STREAM;VERIFIED_MODEL_GRID,50abc8b67e5703702d10b65dc167813823e9c5e890c790e66e948fccc622800b,2026-09-30T23:25:00+00:00,2026-10-01 04:25:00,82.5,1011.9,96
17.4,25.6,78.0,1587.2,460.8,71.7,9.0,6.2,1.6,451.5,184.5,10.9,6.2,44.4,25.5,22.3,False,4095,0.0,31.7,0.0,EXT-OPEN-METEO-KHI,KARACHI,OPENSOURCE_API_GRID,1407,,,,0.95,True,True,TIER2_OPENSOURCE_PURE;CONTINUOUS_MINUTE_STREAM;VERIFIED_MODEL_GRID,f0d67457c652222f004b56bc9fa4a211dc5fd5d1136af8dd293a6b36c6f4ca51,2026-09-30T23:26:00+00:00,2026-10-01 04:26:00,82.5,1011.9,96
17.5,25.8,78.8,1599.6,464.4,72.2,9.0,6.3,1.6,451.9,187.6,11.1,6.2,44.2,25.5,22.32,False,4095,0.0,31.3,0.0,EXT-OPEN-METEO-KHI,KARACHI,OPENSOURCE_API_GRID,1408,,,,0.95,True,True,TIER2_OPENSOURCE_PURE;CONTINUOUS_MINUTE_STREAM;VERIFIED_MODEL_GRID,e42a945c2e7fd13a9867f191c4414375f4c37fc9a4b8d02d1d626e656f03a0a7,2026-09-30T23:27:00+00:00,2026-10-01 04:27:00,82.6,1011.9,96
17.6,25.9,79.7,1605.8,466.2,72.5,9.1,6.4,1.6,452.3,190.7,11.2,6.3,44.0,25.5,22.34,False,4095,0.0,30.8,0.0,EXT-OPEN-METEO-KHI,KARACHI,OPENSOURCE_API_GRID,1409,,,,0.95,True,True,TIER2_OPENSOURCE_PURE;CONTINUOUS_MINUTE_STREAM;VERIFIED_MODEL_GRID,69ee6614591858fcb160f6d5fe12415f78b254281348026e9a4109171de09a2b,2026-09-30T23:28:00+00:00,2026-10-01 04:28:00,82.7,1011.9,96
17.7,26.1,80.6,1618.2,469.8,73.1,9.1,6.4,1.6,452.6,193.9,11.3,6.3,43.7,25.5,22.36,False,4095,0.0,30.4,0.0,EXT-OPEN-METEO-KHI,KARACHI,OPENSOURCE_API_GRID,1410,,,,0.95,True,True,TIER2_OPENSOURCE_PURE;CONTINUOUS_MINUTE_STREAM;VERIFIED_MODEL_GRID,43987e96900e4171bfe6c5cb40725c4fb16c162f18223148a9fcf714bf1ff3fb,2026-09-30T23:29:00+00:00,2026-10-01 04:29:00,82.8,1011.9,96
17.8,26.2,81.4,1624.4,471.6,73.4,9.2,6.5,1.6,453.0,197.0,11.4,6.3,43.5,25.5,22.38,False,4095,0.0,30.0,0.0,EXT-OPEN-METEO-KHI,KARACHI,OPENSOURCE_API_GRID,1411,,,,0.95,True,True,TIER2_OPENSOURCE_PURE;CONTINUOUS_MINUTE_STREAM;VERIFIED_MODEL_GRID,f0e9b5a1f25daf8f948a548449380f67d2ca040de5cebbd9d2f1990a3a0996f4,2026-09-30T23:30:00+00:00,2026-10-01 04:30:00,82.9,1011.9,96
18.0,26.4,82.3,1636.8,475.2,73.9,9.2,6.6,1.6,453.4,200.1,11.6,6.4,43.3,25.4,22.3,False,4095,0.0,29.6,0.0,EXT-OPEN-METEO-KHI,KARACHI,OPENSOURCE_API_GRID,1412,,,,0.95,True,True,TIER2_OPENSOURCE_PURE;CONTINUOUS_MINUTE_STREAM;VERIFIED_MODEL_GRID,0b3e67590f4113bdb48ced7bf3285d103ca396523bb379dc914f2b0c607ba285,2026-09-30T23:31:00+00:00,2026-10-01 04:31:00,83.0,1011.9,96
18.0,26.5,83.2,1643.0,477.0,74.2,9.3,6.7,1.7,453.7,203.3,11.7,6.4,43.0,25.4,22.32,False,4095,0.0,29.2,0.0,EXT-OPEN-METEO-KHI,KARACHI,OPENSOURCE_API_GRID,1413,,,,0.95,True,True,TIER2_OPENSOURCE_PURE;CONTINUOUS_MINUTE_STREAM;VERIFIED_MODEL_GRID,abf31c83a093f5b0587bcdbfb89ef8cccb65348995d3ed33ae93980620b799a4,2026-09-30T23:32:00+00:00,2026-10-01 04:32:00,83.1,1011.9,96
18.2,26.7,84.1,1655.4,480.6,74.8,9.3,6.7,1.7,454.1,206.4,11.8,6.5,42.8,25.4,22.34,False,4095,0.0,28.7,0.0,EXT-OPEN-METEO-KHI,KARACHI,OPENSOURCE_API_GRID,1414,,,,0.95,True,True,TIER2_OPENSOURCE_PURE;CONTINUOUS_MINUTE_STREAM;VERIFIED_MODEL_GRID,cda76c2d9ad47a515bb96a90dc160b9b929764d32b17f9ce7f9e533cc1cf2202,2026-09-30T23:33:00+00:00,2026-10-01 04:33:00,83.2,1011.9,96
18.2,26.8,85.0,1661.6,482.4,75.0,9.4,6.8,1.7,454.5,209.5,12.0,6.5,42.6,25.4,22.36,False,4095,0.0,28.3,0.0,EXT-OPEN-METEO-KHI,KARACHI,OPENSOURCE_API_GRID,1415,,,,0.95,True,True,TIER2_OPENSOURCE_PURE;CONTINUOUS_MINUTE_STREAM;VERIFIED_MODEL_GRID,432a3f09db35d80e752d0ce5de781b7f0710cf1d98ce0bc759eeaf7391daea9a,2026-09-30T23:34:00+00:00,2026-10-01 04:34:00,83.3,1011.9,96
18.4,27.0,85.8,1674.0,486.0,75.6,9.4,6.9,1.7,454.8,212.5,12.1,6.6,42.3,25.4,22.38,False,4095,0.0,27.9,0.0,EXT-OPEN-METEO-KHI,KARACHI,OPENSOURCE_API_GRID,1416,,,,0.95,True,True,TIER2_OPENSOURCE_PURE;CONTINUOUS_MINUTE_STREAM;VERIFIED_MODEL_GRID,9bf3b6195832d7e5819b1e43bd30936498674ec91bb13c04f3ed5d45e6f8206e,2026-09-30T23:35:00+00:00,2026-10-01 04:35:00,83.4,1011.9,96
18.4,27.1,86.7,1680.2,487.8,75.9,9.5,6.9,1.7,455.2,215.5,12.2,6.6,42.1,25.4,22.4,False,4095,0.0,27.5,0.0,EXT-OPEN-METEO-KHI,KARACHI,OPENSOURCE_API_GRID,1417,,,,0.95,True,True,TIER2_OPENSOURCE_PURE;CONTINUOUS_MINUTE_STREAM;VERIFIED_MODEL_GRID,3ecf409d54dff0540befe4006eddfaa70f84eea0800f43291c107f218f0d3dad,2026-09-30T23:36:00+00:00,2026-10-01 04:36:00,83.5,1011.9,96
18.6,27.3,87.6,1692.6,491.4,76.4,9.6,7.0,1.8,455.5,218.5,12.4,6.7,41.9,25.3,22.32,False,4095,0.0,27.1,0.0,EXT-OPEN-METEO-KHI,KARACHI,OPENSOURCE_API_GRID,1418,,,,0.95,True,True,TIER2_OPENSOURCE_PURE;CONTINUOUS_MINUTE_STREAM;VERIFIED_MODEL_GRID,ad59a287bd72d5d85d081edecd82ec9dd440f522ccd2beb58412a1c3680dd490,2026-09-30T23:37:00+00:00,2026-10-01 04:37:00,83.6,1011.9,96
18.7,27.5,88.5,1705.0,495.0,77.0,9.6,7.1,1.8,455.8,221.4,12.5,6.7,41.7,25.3,22.34,False,4095,0.0,26.7,0.0,EXT-OPEN-METEO-KHI,KARACHI,OPENSOURCE_API_GRID,1419,,,,0.95,True,True,TIER2_OPENSOURCE_PURE;CONTINUOUS_MINUTE_STREAM;VERIFIED_MODEL_GRID,9b4a0e54eb18b87bb15749eec051bbd8823be1d5d558d5cb640111a6aa60dace,2026-09-30T23:38:00+00:00,2026-10-01 04:38:00,83.7,1011.9,96
18.8,27.7,89.4,1717.4,498.6,77.6,9.7,7.2,1.8,456.2,224.2,12.6,6.7,41.5,25.3,22.36,False,4095,0.0,26.4,0.0,EXT-OPEN-METEO-KHI,KARACHI,OPENSOURCE_API_GRID,1420,,,,0.95,True,True,TIER2_OPENSOURCE_PURE;CONTINUOUS_MINUTE_STREAM;VERIFIED_MODEL_GRID,b6bc9e9a1dab88a0a7221e275db5a982ed1f839850d1a6759255b9948fbe2e18,2026-09-30T23:39:00+00:00,2026-10-01 04:39:00,83.8,1011.9,96
19.0,27.9,90.3,1729.8,502.2,78.1,9.8,7.2,1.8,456.5,227.0,12.7,6.8,41.2,25.3,22.38,False,4095,0.0,26.0,0.0,EXT-OPEN-METEO-KHI,KARACHI,OPENSOURCE_API_GRID,1421,,,,0.95,True,True,TIER2_OPENSOURCE_PURE;CONTINUOUS_MINUTE_STREAM;VERIFIED_MODEL_GRID,8eee0c57c3b43536893fdaddb5cb6c491008fee87b3f021a765c06f748b91fdd,2026-09-30T23:40:00+00:00,2026-10-01 04:40:00,83.9,1011.9,96
19.1,28.1,91.1,1742.2,505.8,78.7,9.8,7.3,1.8,456.8,229.7,12.8,6.8,41.0,25.3,22.4,False,4095,0.0,25.6,0.0,EXT-OPEN-METEO-KHI,KARACHI,OPENSOURCE_API_GRID,1422,,,,0.95,True,True,TIER2_OPENSOURCE_PURE;CONTINUOUS_MINUTE_STREAM;VERIFIED_MODEL_GRID,a9635122ca29958636a71caadaf694e9700ee3ff6016c195f6c960143149c5db,2026-09-30T23:41:00+00:00,2026-10-01 04:41:00,84.0,1011.8,96
19.2,28.3,91.9,1754.6,509.4,79.2,9.9,7.4,1.8,457.1,232.3,12.9,6.8,40.9,25.3,22.42,False,4095,0.0,25.3,0.0,EXT-OPEN-METEO-KHI,KARACHI,OPENSOURCE_API_GRID,1423,,,,0.95,True,True,TIER2_OPENSOURCE_PURE;CONTINUOUS_MINUTE_STREAM;VERIFIED_MODEL_GRID,36c5152cb31d938ea91c10de98a4e17b5fe30dcb8b93eed3fa8f7e0553830e4f,2026-09-30T23:42:00+00:00,2026-10-01 04:42:00,84.1,1011.8,96
19.4,28.5,92.7,1767.0,513.0,79.8,10.0,7.4,1.9,457.4,234.8,13.1,6.9,40.7,25.3,22.46,False,4095,0.0,25.0,0.0,EXT-OPEN-METEO-KHI,KARACHI,OPENSOURCE_API_GRID,1424,,,,0.95,True,True,TIER2_OPENSOURCE_PURE;CONTINUOUS_MINUTE_STREAM;VERIFIED_MODEL_GRID,b900d647e920db436a641ffb4d04ee8ab0bb37a4f6e5cccecf092c9d4966e893,2026-09-30T23:43:00+00:00,2026-10-01 04:43:00,84.3,1011.8,96
19.5,28.7,93.5,1779.4,516.6,80.4,10.0,7.5,1.9,457.7,237.1,13.2,6.9,40.5,25.3,22.48,False,4095,0.0,24.6,0.0,EXT-OPEN-METEO-KHI,KARACHI,OPENSOURCE_API_GRID,1425,,,,0.95,True,True,TIER2_OPENSOURCE_PURE;CONTINUOUS_MINUTE_STREAM;VERIFIED_MODEL_GRID,6fc2bbb96a2e811db74191b5ff72151d0a7499b86c169ccded3af84576ce5fe6,2026-09-30T23:44:00+00:00,2026-10-01 04:44:00,84.4,1011.8,96
19.6,28.8,94.3,1785.6,518.4,80.6,10.1,7.5,1.9,457.9,239.4,13.3,7.0,40.3,25.3,22.5,False,4095,0.0,24.3,0.0,EXT-OPEN-METEO-KHI,KARACHI,OPENSOURCE_API_GRID,1426,,,,0.95,True,True,TIER2_OPENSOURCE_PURE;CONTINUOUS_MINUTE_STREAM;VERIFIED_MODEL_GRID,a1dc51bb42bd8dcf613230984a9673b43e37f96b1725d9ed3e0bb717de9dc9d1,2026-09-30T23:45:00+00:00,2026-10-01 04:45:00,84.5,1011.8,96
19.7,28.9,94.8,1791.8,520.2,80.9,10.1,7.6,1.9,458.2,241.6,13.3,7.0,40.2,25.3,22.52,False,4095,0.0,24.1,0.0,EXT-OPEN-METEO-KHI,KARACHI,OPENSOURCE_API_GRID,1427,,,,0.95,True,True,TIER2_OPENSOURCE_PURE;CONTINUOUS_MINUTE_STREAM;VERIFIED_MODEL_GRID,8aa730fb5ded2cdb0dac299cc5fa8d36292ade5df459ccb7ff2ea8a99446b287,2026-09-30T23:46:00+00:00,2026-10-01 04:46:00,84.6,1011.8,96
19.8,29.1,95.5,1804.2,523.8,81.5,10.2,7.6,1.9,458.4,243.6,13.4,7.0,40.0,25.3,22.54,False,4095,0.0,23.8,0.0,EXT-OPEN-METEO-KHI,KARACHI,OPENSOURCE_API_GRID,1428,,,,0.95,True,True,TIER2_OPENSOURCE_PURE;CONTINUOUS_MINUTE_STREAM;VERIFIED_MODEL_GRID,1cee43ba89937040385acfba578c71e003799226395f54a57d8cac3f036838e2,2026-09-30T23:47:00+00:00,2026-10-01 04:47:00,84.7,1011.8,96
19.9,29.2,96.1,1810.4,525.6,81.8,10.2,7.7,1.9,458.7,245.5,13.5,7.0,39.9,25.3,22.56,False,4095,0.0,23.5,0.0,EXT-OPEN-METEO-KHI,KARACHI,OPENSOURCE_API_GRID,1429,,,,0.95,True,True,TIER2_OPENSOURCE_PURE;CONTINUOUS_MINUTE_STREAM;VERIFIED_MODEL_GRID,a191a77c7b02fd18b496951db1b45113764290b2df0a2ebe5f53fdbbef0a139b,2026-09-30T23:48:00+00:00,2026-10-01 04:48:00,84.8,1011.8,96
20.0,29.4,96.7,1822.8,529.2,82.3,10.3,7.7,1.9,458.9,247.3,13.6,7.1,39.7,25.4,22.65,False,4095,0.0,23.3,0.0,EXT-OPEN-METEO-KHI,KARACHI,OPENSOURCE_API_GRID,1430,,,,0.95,True,True,TIER2_OPENSOURCE_PURE;CONTINUOUS_MINUTE_STREAM;VERIFIED_MODEL_GRID,c4f9ce6e20aae4963f555801f692017d492fcb85bf0597e81dbb5fe46dfd9f88,2026-09-30T23:49:00+00:00,2026-10-01 04:49:00,84.8,1011.8,96
20.1,29.5,97.2,1829.0,531.0,82.6,10.3,7.8,1.9,459.1,249.0,13.7,7.1,39.6,25.4,22.65,False,4095,0.0,23.1,0.0,EXT-OPEN-METEO-KHI,KARACHI,OPENSOURCE_API_GRID,1431,,,,0.95,True,True,TIER2_OPENSOURCE_PURE;CONTINUOUS_MINUTE_STREAM;VERIFIED_MODEL_GRID,8f2836845ce7d8e193e5d36ad7c0a854de3827cc434faaf16ff468f45018c25b,2026-09-30T23:50:00+00:00,2026-10-01 04:50:00,84.8,1011.8,96
20.1,29.6,97.7,1835.2,532.8,82.9,10.4,7.8,2.0,459.2,250.5,13.7,7.1,39.5,25.4,22.67,False,4095,0.0,22.9,0.0,EXT-OPEN-METEO-KHI,KARACHI,OPENSOURCE_API_GRID,1432,,,,0.95,True,True,TIER2_OPENSOURCE_PURE;CONTINUOUS_MINUTE_STREAM;VERIFIED_MODEL_GRID,f2c5e329c8407ed3a71d16fb5fc2f183720452266c2a965cf83faee533f0326b,2026-09-30T23:51:00+00:00,2026-10-01 04:51:00,84.9,1011.8,96
20.2,29.7,98.1,1841.4,534.6,83.2,10.4,7.8,2.0,459.4,251.8,13.8,7.1,39.4,25.4,22.67,False,4095,0.0,22.7,0.0,EXT-OPEN-METEO-KHI,KARACHI,OPENSOURCE_API_GRID,1433,,,,0.95,True,True,TIER2_OPENSOURCE_PURE;CONTINUOUS_MINUTE_STREAM;VERIFIED_MODEL_GRID,029e4309257a9bdc5b93bab60dde5730adfa28704aa961ed31325241583e22c1,2026-09-30T23:52:00+00:00,2026-10-01 04:52:00,84.9,1011.8,96
20.3,29.8,98.5,1847.6,536.4,83.4,10.4,7.9,2.0,459.5,253.0,13.8,7.1,39.3,25.4,22.67,False,4095,0.0,22.5,0.0,EXT-OPEN-METEO-KHI,KARACHI,OPENSOURCE_API_GRID,1434,,,,0.95,True,True,TIER2_OPENSOURCE_PURE;CONTINUOUS_MINUTE_STREAM;VERIFIED_MODEL_GRID,a8fd00bbe4298e957eec99d25933ae35500db5f5f2f24e8940e9f790705c9cc0,2026-09-30T23:53:00+00:00,2026-10-01 04:53:00,84.9,1011.8,96
20.3,29.8,98.8,1847.6,536.4,83.4,10.4,7.9,2.0,459.7,254.1,13.9,7.2,39.2,25.4,22.67,False,4095,0.0,22.4,0.0,EXT-OPEN-METEO-KHI,KARACHI,OPENSOURCE_API_GRID,1435,,,,0.95,True,True,TIER2_OPENSOURCE_PURE;CONTINUOUS_MINUTE_STREAM;VERIFIED_MODEL_GRID,dc288845bc3b52ba47404c90a83bc53b89241072785cd4e2b69ce25f423b0d78,2026-09-30T23:54:00+00:00,2026-10-01 04:54:00,84.9,1011.8,96
20.3,29.9,99.1,1853.8,538.2,83.7,10.5,7.9,2.0,459.8,255.0,13.9,7.2,39.2,25.4,22.67,False,4095,0.0,22.3,0.0,EXT-OPEN-METEO-KHI,KARACHI,OPENSOURCE_API_GRID,1436,,,,0.95,True,True,TIER2_OPENSOURCE_PURE;CONTINUOUS_MINUTE_STREAM;VERIFIED_MODEL_GRID,263cde32712acf8d695c58aef45bbc5562cde06ca70f6a51f50452a60652b71f,2026-09-30T23:55:00+00:00,2026-10-01 04:55:00,84.9,1011.8,96
20.3,29.9,99.2,1853.8,538.2,83.7,10.5,7.9,2.0,459.8,255.7,13.9,7.2,39.1,25.3,22.58,False,4095,0.0,22.2,0.0,EXT-OPEN-METEO-KHI,KARACHI,OPENSOURCE_API_GRID,1437,,,,0.95,True,True,TIER2_OPENSOURCE_PURE;CONTINUOUS_MINUTE_STREAM;VERIFIED_MODEL_GRID,6ebbcc5aff6302a0033692c55072a8c31c14afbdb5adbf7dda8ce5691ba29b93,2026-09-30T23:56:00+00:00,2026-10-01 04:56:00,84.9,1011.8,96
20.3,29.9,99.4,1853.8,538.2,83.7,10.5,8.0,2.0,459.9,256.3,14.0,7.2,39.1,25.3,22.58,False,4095,0.0,22.1,0.0,EXT-OPEN-METEO-KHI,KARACHI,OPENSOURCE_API_GRID,1438,,,,0.95,True,True,TIER2_OPENSOURCE_PURE;CONTINUOUS_MINUTE_STREAM;VERIFIED_MODEL_GRID,670cd5d2558097d2439aa69ad831817772d5ce6532de59e0fd7dca9751c1fb0a,2026-09-30T23:57:00+00:00,2026-10-01 04:57:00,84.9,1011.8,96
20.3,29.9,99.4,1853.8,538.2,83.7,10.5,8.0,2.0,460.0,256.7,14.0,7.2,39.0,25.3,22.58,False,4095,0.0,22.0,0.0,EXT-OPEN-METEO-KHI,KARACHI,OPENSOURCE_API_GRID,1439,,,,0.95,True,True,TIER2_OPENSOURCE_PURE;CONTINUOUS_MINUTE_STREAM;VERIFIED_MODEL_GRID,fd64adcb5a306206c79d640b3e492e027c3412e30fa84984ac13af3f45c1556a,2026-09-30T23:58:00+00:00,2026-10-01 04:58:00,84.9,1011.8,96
20.3,29.8,99.5,1847.6,536.4,83.4,10.4,8.0,2.0,460.0,256.9,14.0,7.2,39.0,25.3,22.58,False,4095,0.0,22.0,0.0,EXT-OPEN-METEO-KHI,KARACHI,OPENSOURCE_API_GRID,1440,,,,0.95,True,True,TIER2_OPENSOURCE_PURE;CONTINUOUS_MINUTE_STREAM;VERIFIED_MODEL_GRID,8592b15fb92325fe76d6222571c2743a50daa9c429159a5826656d6dc0bbd828,2026-09-30T23:59:00+00:00,2026-10-01 04:59:00,84.9,1011.8,96
