pm1_raw,pm2_5_raw,pm10_raw,particle_bin_0_3um,particle_bin_0_5um,particle_bin_1_0um,particle_bin_2_5um,particle_bin_5_0um,particle_bin_10_0um,co2_ppm,co_ug_m3,no2_ug_m3,so2_ug_m3,o3_ug_m3,temperature_c,dew_point_c,rain_flag,precipitation_analog_val,precipitation_mm,cloud_cover_pct,solar_radiation_w_m2,station_id,campus_id,device_uid,sequence_number,battery_voltage_v,wifi_rssi_dbm,free_heap_bytes,quality_score,is_valid,is_interpolated,qc_flags,content_hash,observed_at_utc,observed_at_pk,humidity_pct,pressure_hpa,aqi
7.5,11.0,22.9,682.0,198.0,30.8,3.8,1.8,0.5,446.0,135.0,4.1,3.5,60.0,26.9,24.97,False,4095,0.0,23.0,0.0,EXT-OPEN-METEO-KHI,KARACHI,OPENSOURCE_API_GRID,1,,,,0.95,True,False,TIER2_OPENSOURCE_PURE;HOURLY_NODE;VERIFIED_MODEL_GRID,c8a611d1547c7680feff6936a71945a9f618344a947045546eb76e658176eb59,2026-09-27T00:00:00+00:00,2026-09-27 05:00:00,89.2,1004.0,67
7.5,11.0,23.0,682.0,198.0,30.8,3.8,1.8,0.5,446.0,135.0,4.1,3.5,60.0,26.9,24.95,False,4095,0.0,23.0,0.0,EXT-OPEN-METEO-KHI,KARACHI,OPENSOURCE_API_GRID,2,,,,0.95,True,True,TIER2_OPENSOURCE_PURE;CONTINUOUS_MINUTE_STREAM;VERIFIED_MODEL_GRID,65b68c3fb4ff4620b6f5c5a78e71e56ba6f8fff49f9e58d980fabf850df8d7d5,2026-09-27T00:01:00+00:00,2026-09-27 05:01:00,89.1,1004.0,67
7.5,11.1,23.0,688.2,199.8,31.1,3.9,1.8,0.5,446.0,135.1,4.1,3.5,60.0,26.9,24.95,False,4095,0.0,23.0,0.0,EXT-OPEN-METEO-KHI,KARACHI,OPENSOURCE_API_GRID,3,,,,0.95,True,True,TIER2_OPENSOURCE_PURE;CONTINUOUS_MINUTE_STREAM;VERIFIED_MODEL_GRID,5b8da99407c745beb323af976e3820cd1b46ca8878309aa376e4dbbe39404151,2026-09-27T00:02:00+00:00,2026-09-27 05:02:00,89.1,1004.0,67
7.5,11.1,23.1,688.2,199.8,31.1,3.9,1.8,0.5,446.0,135.1,4.1,3.5,60.0,26.9,24.95,False,4095,0.0,23.0,0.0,EXT-OPEN-METEO-KHI,KARACHI,OPENSOURCE_API_GRID,4,,,,0.95,True,True,TIER2_OPENSOURCE_PURE;CONTINUOUS_MINUTE_STREAM;VERIFIED_MODEL_GRID,18e1395b21eda164b9cf8cc588db7d6dfe72e6a3f25e968f1c73885bfbd548e1,2026-09-27T00:03:00+00:00,2026-09-27 05:03:00,89.1,1004.0,67
7.6,11.2,23.2,694.4,201.6,31.4,3.9,1.9,0.5,446.0,135.3,4.1,3.5,60.0,26.9,24.95,False,4095,0.0,23.0,0.0,EXT-OPEN-METEO-KHI,KARACHI,OPENSOURCE_API_GRID,5,,,,0.95,True,True,TIER2_OPENSOURCE_PURE;CONTINUOUS_MINUTE_STREAM;VERIFIED_MODEL_GRID,6e8d21f649c15878b2c3a785354a284d0433e291b3f316294f63b4da84e18c2b,2026-09-27T00:04:00+00:00,2026-09-27 05:04:00,89.1,1004.0,67
7.6,11.2,23.2,694.4,201.6,31.4,3.9,1.9,0.5,446.0,135.4,4.1,3.5,60.0,26.9,24.95,False,4095,0.0,22.9,0.0,EXT-OPEN-METEO-KHI,KARACHI,OPENSOURCE_API_GRID,6,,,,0.95,True,True,TIER2_OPENSOURCE_PURE;CONTINUOUS_MINUTE_STREAM;VERIFIED_MODEL_GRID,7e176a318846b62c0b8b7b66071fcfd226c4aa921d1faae8cb062e240b252e2a,2026-09-27T00:05:00+00:00,2026-09-27 05:05:00,89.1,1004.0,67
7.6,11.2,23.3,694.4,201.6,31.4,3.9,1.9,0.5,446.0,135.6,4.1,3.5,60.0,26.9,24.93,False,4095,0.0,22.9,0.0,EXT-OPEN-METEO-KHI,KARACHI,OPENSOURCE_API_GRID,7,,,,0.95,True,True,TIER2_OPENSOURCE_PURE;CONTINUOUS_MINUTE_STREAM;VERIFIED_MODEL_GRID,30caddf66129aa3d70b3dda556744e83679d56b39420891904cdb352a8dd5ab7,2026-09-27T00:06:00+00:00,2026-09-27 05:06:00,89.0,1004.0,67
7.6,11.2,23.3,694.4,201.6,31.4,3.9,1.9,0.5,446.0,135.8,4.1,3.5,60.0,26.9,24.93,False,4095,0.0,22.9,0.0,EXT-OPEN-METEO-KHI,KARACHI,OPENSOURCE_API_GRID,8,,,,0.95,True,True,TIER2_OPENSOURCE_PURE;CONTINUOUS_MINUTE_STREAM;VERIFIED_MODEL_GRID,f0709c8e88105627c115e9728b8e5fa3505a54163d27183564d5c25bcb43a3f5,2026-09-27T00:07:00+00:00,2026-09-27 05:07:00,89.0,1004.0,67
7.6,11.2,23.4,694.4,201.6,31.4,3.9,1.9,0.5,446.0,136.0,4.1,3.5,60.0,26.9,24.91,False,4095,0.0,22.9,0.0,EXT-OPEN-METEO-KHI,KARACHI,OPENSOURCE_API_GRID,9,,,,0.95,True,True,TIER2_OPENSOURCE_PURE;CONTINUOUS_MINUTE_STREAM;VERIFIED_MODEL_GRID,03dcea1197a51d711f18327f2e5c70927b8aa37708c14203f7d3851edbd62a19,2026-09-27T00:08:00+00:00,2026-09-27 05:08:00,88.9,1004.0,67
7.6,11.2,23.4,694.4,201.6,31.4,3.9,1.9,0.5,446.0,136.3,4.2,3.5,60.0,26.9,24.91,False,4095,0.0,22.8,0.0,EXT-OPEN-METEO-KHI,KARACHI,OPENSOURCE_API_GRID,10,,,,0.95,True,True,TIER2_OPENSOURCE_PURE;CONTINUOUS_MINUTE_STREAM;VERIFIED_MODEL_GRID,d19e03552d73db39a932dc50235a438ec80f9f598498a55560d24cc3c69c1c50,2026-09-27T00:09:00+00:00,2026-09-27 05:09:00,88.9,1004.0,67
7.6,11.2,23.4,694.4,201.6,31.4,3.9,1.9,0.5,446.0,136.6,4.2,3.5,60.0,26.9,24.91,False,4095,0.0,22.8,0.0,EXT-OPEN-METEO-KHI,KARACHI,OPENSOURCE_API_GRID,11,,,,0.95,True,True,TIER2_OPENSOURCE_PURE;CONTINUOUS_MINUTE_STREAM;VERIFIED_MODEL_GRID,56d3cd21fc6761e2e6d4640e51a1dbcb1b172f761f4c4267b703cebd2d47b12d,2026-09-27T00:10:00+00:00,2026-09-27 05:10:00,88.9,1004.1,67
7.6,11.2,23.4,694.4,201.6,31.4,3.9,1.9,0.5,446.0,136.9,4.2,3.5,60.0,26.9,24.89,False,4095,0.0,22.8,0.0,EXT-OPEN-METEO-KHI,KARACHI,OPENSOURCE_API_GRID,12,,,,0.95,True,True,TIER2_OPENSOURCE_PURE;CONTINUOUS_MINUTE_STREAM;VERIFIED_MODEL_GRID,e43e3557682753beaa024d81fb3bf17abf63a3b61cea41da22b62f9900750049,2026-09-27T00:11:00+00:00,2026-09-27 05:11:00,88.8,1004.1,67
7.6,11.2,23.4,694.4,201.6,31.4,3.9,1.9,0.5,446.0,137.3,4.2,3.5,60.0,26.9,24.88,False,4095,0.0,22.7,0.0,EXT-OPEN-METEO-KHI,KARACHI,OPENSOURCE_API_GRID,13,,,,0.95,True,True,TIER2_OPENSOURCE_PURE;CONTINUOUS_MINUTE_STREAM;VERIFIED_MODEL_GRID,50474103149a52490c7c1de1097658002527bfe1187ead735d5a744fc09c6ca2,2026-09-27T00:12:00+00:00,2026-09-27 05:12:00,88.7,1004.1,67
7.5,11.1,23.5,688.2,199.8,31.1,3.9,1.9,0.5,446.0,137.7,4.2,3.5,60.0,26.9,24.88,False,4095,0.0,22.7,0.0,EXT-OPEN-METEO-KHI,KARACHI,OPENSOURCE_API_GRID,14,,,,0.95,True,True,TIER2_OPENSOURCE_PURE;CONTINUOUS_MINUTE_STREAM;VERIFIED_MODEL_GRID,e629c5089adc884bb48c1bbe9f8f0f7c3f949294aaa32362909bc0889934e918,2026-09-27T00:13:00+00:00,2026-09-27 05:13:00,88.7,1004.1,67
7.5,11.1,23.5,688.2,199.8,31.1,3.9,1.9,0.5,446.0,138.1,4.2,3.5,60.0,26.9,24.86,False,4095,0.0,22.6,0.0,EXT-OPEN-METEO-KHI,KARACHI,OPENSOURCE_API_GRID,15,,,,0.95,True,True,TIER2_OPENSOURCE_PURE;CONTINUOUS_MINUTE_STREAM;VERIFIED_MODEL_GRID,60576010e88f1009eec2e9ad320adbd487ad720844e7123346cb16124b86cf81,2026-09-27T00:14:00+00:00,2026-09-27 05:14:00,88.6,1004.1,67
7.5,11.1,23.5,688.2,199.8,31.1,3.9,1.9,0.5,446.0,138.5,4.3,3.5,60.0,26.9,24.86,False,4095,0.0,22.6,0.0,EXT-OPEN-METEO-KHI,KARACHI,OPENSOURCE_API_GRID,16,,,,0.95,True,True,TIER2_OPENSOURCE_PURE;CONTINUOUS_MINUTE_STREAM;VERIFIED_MODEL_GRID,a15e820586f8cfbbb5eb0173998469ec6199a4a91c97954435673c97ee4f81d6,2026-09-27T00:15:00+00:00,2026-09-27 05:15:00,88.6,1004.1,67
7.5,11.0,23.5,682.0,198.0,30.8,3.8,1.9,0.5,446.0,139.0,4.3,3.5,60.0,26.9,24.84,False,4095,0.0,22.5,0.0,EXT-OPEN-METEO-KHI,KARACHI,OPENSOURCE_API_GRID,17,,,,0.95,True,True,TIER2_OPENSOURCE_PURE;CONTINUOUS_MINUTE_STREAM;VERIFIED_MODEL_GRID,e259684511d8a9436a4b8fb36b298a0c0053206d7dfa1f17ea6d99815581e897,2026-09-27T00:16:00+00:00,2026-09-27 05:16:00,88.5,1004.1,67
7.5,11.0,23.5,682.0,198.0,30.8,3.8,1.9,0.5,446.0,139.4,4.3,3.6,60.0,26.9,24.84,False,4095,0.0,22.4,0.0,EXT-OPEN-METEO-KHI,KARACHI,OPENSOURCE_API_GRID,18,,,,0.95,True,True,TIER2_OPENSOURCE_PURE;CONTINUOUS_MINUTE_STREAM;VERIFIED_MODEL_GRID,c4fbac0087f987256394010bbd147299febbd225a173f9460a03803925a0ec63,2026-09-27T00:17:00+00:00,2026-09-27 05:17:00,88.5,1004.1,67
7.5,11.0,23.6,682.0,198.0,30.8,3.8,1.9,0.5,446.0,139.9,4.3,3.6,60.0,26.9,24.82,False,4095,0.0,22.4,0.0,EXT-OPEN-METEO-KHI,KARACHI,OPENSOURCE_API_GRID,19,,,,0.95,True,True,TIER2_OPENSOURCE_PURE;CONTINUOUS_MINUTE_STREAM;VERIFIED_MODEL_GRID,f8701d072c2a1a28b6a85e2e80bc15ea984f4133d6bef95288731aa84adc48f9,2026-09-27T00:18:00+00:00,2026-09-27 05:18:00,88.4,1004.1,67
7.5,11.0,23.6,682.0,198.0,30.8,3.8,1.9,0.5,446.0,140.5,4.4,3.6,60.0,26.9,24.82,False,4095,0.0,22.3,0.0,EXT-OPEN-METEO-KHI,KARACHI,OPENSOURCE_API_GRID,20,,,,0.95,True,True,TIER2_OPENSOURCE_PURE;CONTINUOUS_MINUTE_STREAM;VERIFIED_MODEL_GRID,cb5f1b4bd13da7326b91892d71bad5ec0a4a5c3d936765d130be6390e0e0a7ac,2026-09-27T00:19:00+00:00,2026-09-27 05:19:00,88.4,1004.1,67
7.5,11.0,23.7,682.0,198.0,30.8,3.8,1.9,0.5,446.0,141.0,4.4,3.6,60.0,26.9,24.82,False,4095,0.0,22.2,0.0,EXT-OPEN-METEO-KHI,KARACHI,OPENSOURCE_API_GRID,21,,,,0.95,True,True,TIER2_OPENSOURCE_PURE;CONTINUOUS_MINUTE_STREAM;VERIFIED_MODEL_GRID,e802857ba94937c224ce8e3927a2b84a4ac6eaac0a3e895f3dbafc6651a64e04,2026-09-27T00:20:00+00:00,2026-09-27 05:20:00,88.4,1004.1,67
7.5,11.0,23.8,682.0,198.0,30.8,3.8,1.9,0.5,446.0,141.6,4.4,3.6,60.0,26.9,24.8,False,4095,0.0,22.2,0.0,EXT-OPEN-METEO-KHI,KARACHI,OPENSOURCE_API_GRID,22,,,,0.95,True,True,TIER2_OPENSOURCE_PURE;CONTINUOUS_MINUTE_STREAM;VERIFIED_MODEL_GRID,b55d41c56397ff41a3826b6662b5203cf8283bb8a7cca064161dbe76006e7927,2026-09-27T00:21:00+00:00,2026-09-27 05:21:00,88.3,1004.1,67
7.5,11.0,23.9,682.0,198.0,30.8,3.8,1.9,0.5,446.0,142.1,4.4,3.6,60.0,26.9,24.8,False,4095,0.0,22.1,0.0,EXT-OPEN-METEO-KHI,KARACHI,OPENSOURCE_API_GRID,23,,,,0.95,True,True,TIER2_OPENSOURCE_PURE;CONTINUOUS_MINUTE_STREAM;VERIFIED_MODEL_GRID,680a1495c2cc581b84cd52b0284bc1c5bd612a00841207aa2e98ad272dda581a,2026-09-27T00:22:00+00:00,2026-09-27 05:22:00,88.3,1004.2,67
7.5,11.0,24.0,682.0,198.0,30.8,3.8,1.9,0.5,446.0,142.7,4.5,3.6,60.0,26.9,24.78,False,4095,0.0,22.0,0.0,EXT-OPEN-METEO-KHI,KARACHI,OPENSOURCE_API_GRID,24,,,,0.95,True,True,TIER2_OPENSOURCE_PURE;CONTINUOUS_MINUTE_STREAM;VERIFIED_MODEL_GRID,6cd1ab76a44e9c5a5c688391fb2b2c38e1b8f008e79dedd067fb33731f033c99,2026-09-27T00:23:00+00:00,2026-09-27 05:23:00,88.2,1004.2,67
7.5,11.1,24.1,688.2,199.8,31.1,3.9,1.9,0.5,446.0,143.3,4.5,3.6,60.0,26.9,24.78,False,4095,0.0,22.0,0.0,EXT-OPEN-METEO-KHI,KARACHI,OPENSOURCE_API_GRID,25,,,,0.95,True,True,TIER2_OPENSOURCE_PURE;CONTINUOUS_MINUTE_STREAM;VERIFIED_MODEL_GRID,1efca9058ac0f34d66dc99ba301a906f687042868d598cd5aa319bcd40fb9559,2026-09-27T00:24:00+00:00,2026-09-27 05:24:00,88.2,1004.2,67
7.5,11.1,24.3,688.2,199.8,31.1,3.9,1.9,0.5,446.0,143.9,4.5,3.6,60.0,26.9,24.78,False,4095,0.0,21.9,0.0,EXT-OPEN-METEO-KHI,KARACHI,OPENSOURCE_API_GRID,26,,,,0.95,True,True,TIER2_OPENSOURCE_PURE;CONTINUOUS_MINUTE_STREAM;VERIFIED_MODEL_GRID,3f22f07d1d7d7f49d765e8a8c2d60f6a8d61a8efcc2592cd4ed891343c06aa85,2026-09-27T00:25:00+00:00,2026-09-27 05:25:00,88.2,1004.2,67
7.6,11.2,24.5,694.4,201.6,31.4,3.9,2.0,0.5,446.0,144.5,4.5,3.6,60.0,26.9,24.78,False,4095,0.0,21.8,0.0,EXT-OPEN-METEO-KHI,KARACHI,OPENSOURCE_API_GRID,27,,,,0.95,True,True,TIER2_OPENSOURCE_PURE;CONTINUOUS_MINUTE_STREAM;VERIFIED_MODEL_GRID,02ace090e4350ebd307ce6bbbbfdd4c8ac61617e8865f28f36a7f96ec512acde,2026-09-27T00:26:00+00:00,2026-09-27 05:26:00,88.2,1004.2,67
7.6,11.2,24.6,694.4,201.6,31.4,3.9,2.0,0.5,446.0,145.1,4.6,3.6,60.0,26.9,24.76,False,4095,0.0,21.7,0.0,EXT-OPEN-METEO-KHI,KARACHI,OPENSOURCE_API_GRID,28,,,,0.95,True,True,TIER2_OPENSOURCE_PURE;CONTINUOUS_MINUTE_STREAM;VERIFIED_MODEL_GRID,5068cda77975bcddd6dde7940cd60693242c71cf36723531db317163bfd86172,2026-09-27T00:27:00+00:00,2026-09-27 05:27:00,88.1,1004.2,67
7.7,11.3,24.8,700.6,203.4,31.6,4.0,2.0,0.5,446.0,145.7,4.6,3.6,60.0,26.9,24.76,False,4095,0.0,21.7,0.0,EXT-OPEN-METEO-KHI,KARACHI,OPENSOURCE_API_GRID,29,,,,0.95,True,True,TIER2_OPENSOURCE_PURE;CONTINUOUS_MINUTE_STREAM;VERIFIED_MODEL_GRID,89add75fd493423356bdda6c31161b8b3b16b363f89f5302a31eee0f53cab9e7,2026-09-27T00:28:00+00:00,2026-09-27 05:28:00,88.1,1004.2,67
7.8,11.4,25.0,706.8,205.2,31.9,4.0,2.0,0.5,446.0,146.4,4.6,3.6,60.0,26.9,24.76,False,4095,0.0,21.6,0.0,EXT-OPEN-METEO-KHI,KARACHI,OPENSOURCE_API_GRID,30,,,,0.95,True,True,TIER2_OPENSOURCE_PURE;CONTINUOUS_MINUTE_STREAM;VERIFIED_MODEL_GRID,73bb3595dbeb4e00456dd5cae231365c9ccbdf51251006b1805226b5fcc30bce,2026-09-27T00:29:00+00:00,2026-09-27 05:29:00,88.1,1004.2,67
7.8,11.4,25.2,706.8,205.2,31.9,4.0,2.0,0.5,446.0,147.0,4.6,3.6,60.0,26.9,24.74,False,4095,0.0,21.5,0.0,EXT-OPEN-METEO-KHI,KARACHI,OPENSOURCE_API_GRID,31,,,,0.95,True,True,TIER2_OPENSOURCE_PURE;CONTINUOUS_MINUTE_STREAM;VERIFIED_MODEL_GRID,9c95ff215142f18534696bb04bf50b68d1379d9bb73ad47404865ec512d44e75,2026-09-27T00:30:00+00:00,2026-09-27 05:30:00,88.0,1004.2,67
7.8,11.4,25.2,706.8,205.2,31.9,4.0,2.0,0.5,446.0,147.6,4.7,3.7,60.0,26.9,24.76,False,4095,0.0,21.4,0.0,EXT-OPEN-METEO-KHI,KARACHI,OPENSOURCE_API_GRID,32,,,,0.95,True,True,TIER2_OPENSOURCE_PURE;CONTINUOUS_MINUTE_STREAM;VERIFIED_MODEL_GRID,8d1cd35c9a5e476f501cf837678a24f0508fa4279000d81389263451fc33e878,2026-09-27T00:31:00+00:00,2026-09-27 05:31:00,88.1,1004.3,67
7.8,11.4,25.3,706.8,205.2,31.9,4.0,2.0,0.5,446.0,148.3,4.7,3.7,60.0,26.9,24.74,False,4095,0.0,21.3,0.0,EXT-OPEN-METEO-KHI,KARACHI,OPENSOURCE_API_GRID,33,,,,0.95,True,True,TIER2_OPENSOURCE_PURE;CONTINUOUS_MINUTE_STREAM;VERIFIED_MODEL_GRID,a35af964ef8f4955e39e2aa15a18ca7ba2b1eb5c829e097e64e6b446ca2d5a03,2026-09-27T00:32:00+00:00,2026-09-27 05:32:00,88.0,1004.3,67
7.8,11.5,25.5,713.0,207.0,32.2,4.0,2.0,0.5,446.0,148.9,4.7,3.7,60.0,26.9,24.74,False,4095,0.0,21.3,0.0,EXT-OPEN-METEO-KHI,KARACHI,OPENSOURCE_API_GRID,34,,,,0.95,True,True,TIER2_OPENSOURCE_PURE;CONTINUOUS_MINUTE_STREAM;VERIFIED_MODEL_GRID,5f5ea2ae60dbc94ac4173c2d0af4414eec6a2ddd4a65cfb53f0b561f42ac0144,2026-09-27T00:33:00+00:00,2026-09-27 05:33:00,88.0,1004.3,67
7.8,11.5,25.7,713.0,207.0,32.2,4.0,2.1,0.5,446.0,149.5,4.8,3.7,60.0,26.9,24.72,False,4095,0.0,21.2,0.0,EXT-OPEN-METEO-KHI,KARACHI,OPENSOURCE_API_GRID,35,,,,0.95,True,True,TIER2_OPENSOURCE_PURE;CONTINUOUS_MINUTE_STREAM;VERIFIED_MODEL_GRID,1f4634842f6c1892ad04a1ca36d898a861adafab63ceb67e8f2f362d2667459d,2026-09-27T00:34:00+00:00,2026-09-27 05:34:00,87.9,1004.3,67
7.9,11.6,25.8,719.2,208.8,32.5,4.1,2.1,0.5,446.0,150.1,4.8,3.7,60.0,26.9,24.72,False,4095,0.0,21.1,0.0,EXT-OPEN-METEO-KHI,KARACHI,OPENSOURCE_API_GRID,36,,,,0.95,True,True,TIER2_OPENSOURCE_PURE;CONTINUOUS_MINUTE_STREAM;VERIFIED_MODEL_GRID,80295f02a7120c73f1da696fbe79bbf8203520733ebd03d340047f47e7ba70ca,2026-09-27T00:35:00+00:00,2026-09-27 05:35:00,87.9,1004.3,67
7.9,11.6,26.0,719.2,208.8,32.5,4.1,2.1,0.5,446.0,150.7,4.8,3.7,60.0,26.9,24.7,False,4095,0.0,21.0,0.0,EXT-OPEN-METEO-KHI,KARACHI,OPENSOURCE_API_GRID,37,,,,0.95,True,True,TIER2_OPENSOURCE_PURE;CONTINUOUS_MINUTE_STREAM;VERIFIED_MODEL_GRID,4e98a671d3758055c379c7541720c1286bcd90912f1e6dfd81ae079a592cc098,2026-09-27T00:36:00+00:00,2026-09-27 05:36:00,87.8,1004.3,67
8.0,11.7,26.1,725.4,210.6,32.8,4.1,2.1,0.5,446.0,151.3,4.8,3.7,60.0,26.9,24.69,False,4095,0.0,21.0,0.0,EXT-OPEN-METEO-KHI,KARACHI,OPENSOURCE_API_GRID,38,,,,0.95,True,True,TIER2_OPENSOURCE_PURE;CONTINUOUS_MINUTE_STREAM;VERIFIED_MODEL_GRID,c01d39afe1ce86340f64b7499c5b1f844b10bcf3534ac2379a276240465a687a,2026-09-27T00:37:00+00:00,2026-09-27 05:37:00,87.7,1004.4,67
8.0,11.7,26.2,725.4,210.6,32.8,4.1,2.1,0.5,446.0,151.9,4.9,3.7,60.0,26.9,24.69,False,4095,0.0,20.9,0.0,EXT-OPEN-METEO-KHI,KARACHI,OPENSOURCE_API_GRID,39,,,,0.95,True,True,TIER2_OPENSOURCE_PURE;CONTINUOUS_MINUTE_STREAM;VERIFIED_MODEL_GRID,8d090d3e7d4b537100d73284843eec0c5e07bc1818122322f2f9a274192e5a0b,2026-09-27T00:38:00+00:00,2026-09-27 05:38:00,87.7,1004.4,67
8.0,11.7,26.3,725.4,210.6,32.8,4.1,2.1,0.5,446.0,152.4,4.9,3.7,60.0,26.9,24.67,False,4095,0.0,20.8,0.0,EXT-OPEN-METEO-KHI,KARACHI,OPENSOURCE_API_GRID,40,,,,0.95,True,True,TIER2_OPENSOURCE_PURE;CONTINUOUS_MINUTE_STREAM;VERIFIED_MODEL_GRID,aa25a42183a8fa4389a01ee59059d670ab72a210cc56d482dab5547fc312414d,2026-09-27T00:39:00+00:00,2026-09-27 05:39:00,87.6,1004.4,67
8.0,11.7,26.4,725.4,210.6,32.8,4.1,2.1,0.5,446.0,153.0,4.9,3.7,60.0,26.9,24.65,False,4095,0.0,20.8,0.0,EXT-OPEN-METEO-KHI,KARACHI,OPENSOURCE_API_GRID,41,,,,0.95,True,True,TIER2_OPENSOURCE_PURE;CONTINUOUS_MINUTE_STREAM;VERIFIED_MODEL_GRID,caa02a18d87b04d137cba15047ab7005df4a67643b7279f6cefab5ae6d9b62e9,2026-09-27T00:40:00+00:00,2026-09-27 05:40:00,87.5,1004.4,67
8.0,11.7,26.5,725.4,210.6,32.8,4.1,2.1,0.5,446.0,153.5,4.9,3.7,60.0,26.9,24.63,False,4095,0.0,20.7,0.0,EXT-OPEN-METEO-KHI,KARACHI,OPENSOURCE_API_GRID,42,,,,0.95,True,True,TIER2_OPENSOURCE_PURE;CONTINUOUS_MINUTE_STREAM;VERIFIED_MODEL_GRID,9916ddfdad1b5cfde7b5d583bc27e17b23eb6f8cddb1e36efcc1fb9980d3470e,2026-09-27T00:41:00+00:00,2026-09-27 05:41:00,87.4,1004.4,67
8.0,11.7,26.5,725.4,210.6,32.8,4.1,2.1,0.5,446.0,154.1,5.0,3.7,60.0,26.9,24.63,False,4095,0.0,20.6,0.0,EXT-OPEN-METEO-KHI,KARACHI,OPENSOURCE_API_GRID,43,,,,0.95,True,True,TIER2_OPENSOURCE_PURE;CONTINUOUS_MINUTE_STREAM;VERIFIED_MODEL_GRID,fb9daf978824975fbc62f892ea8561b9940f592c277f5ae3584958db0549450b,2026-09-27T00:42:00+00:00,2026-09-27 05:42:00,87.4,1004.4,67
8.0,11.7,26.5,725.4,210.6,32.8,4.1,2.1,0.5,446.0,154.6,5.0,3.7,60.0,26.9,24.61,False,4095,0.0,20.6,0.0,EXT-OPEN-METEO-KHI,KARACHI,OPENSOURCE_API_GRID,44,,,,0.95,True,True,TIER2_OPENSOURCE_PURE;CONTINUOUS_MINUTE_STREAM;VERIFIED_MODEL_GRID,6acd91d4125a84a1e2f430a23d09a4520e8b1a36ba666eabc374d7ff3fcd8340,2026-09-27T00:43:00+00:00,2026-09-27 05:43:00,87.3,1004.4,67
7.9,11.6,26.6,719.2,208.8,32.5,4.1,2.1,0.5,446.0,155.0,5.0,3.8,60.0,26.9,24.59,False,4095,0.0,20.5,0.0,EXT-OPEN-METEO-KHI,KARACHI,OPENSOURCE_API_GRID,45,,,,0.95,True,True,TIER2_OPENSOURCE_PURE;CONTINUOUS_MINUTE_STREAM;VERIFIED_MODEL_GRID,5815a1f652847bd4ccc8add042228bbfe2994558db7ae20ce78877fa6964761a,2026-09-27T00:44:00+00:00,2026-09-27 05:44:00,87.2,1004.4,67
7.9,11.6,26.6,719.2,208.8,32.5,4.1,2.1,0.5,446.0,155.5,5.0,3.8,60.0,26.9,24.59,False,4095,0.0,20.4,0.0,EXT-OPEN-METEO-KHI,KARACHI,OPENSOURCE_API_GRID,46,,,,0.95,True,True,TIER2_OPENSOURCE_PURE;CONTINUOUS_MINUTE_STREAM;VERIFIED_MODEL_GRID,a5d8ce285671e010bea01de5b2e3d60eca4341d9ebb71779cb99d4bc31bb03b7,2026-09-27T00:45:00+00:00,2026-09-27 05:45:00,87.2,1004.4,67
7.9,11.6,26.6,719.2,208.8,32.5,4.1,2.1,0.5,446.0,155.9,5.1,3.8,60.0,26.9,24.57,False,4095,0.0,20.4,0.0,EXT-OPEN-METEO-KHI,KARACHI,OPENSOURCE_API_GRID,47,,,,0.95,True,True,TIER2_OPENSOURCE_PURE;CONTINUOUS_MINUTE_STREAM;VERIFIED_MODEL_GRID,b618cd12819a653a48c61f82c328ad1cc6a810193fdc461ca4c01e69d57602a7,2026-09-27T00:46:00+00:00,2026-09-27 05:46:00,87.1,1004.5,67
7.8,11.5,26.6,713.0,207.0,32.2,4.0,2.1,0.5,446.0,156.3,5.1,3.8,60.0,26.9,24.57,False,4095,0.0,20.3,0.0,EXT-OPEN-METEO-KHI,KARACHI,OPENSOURCE_API_GRID,48,,,,0.95,True,True,TIER2_OPENSOURCE_PURE;CONTINUOUS_MINUTE_STREAM;VERIFIED_MODEL_GRID,21ea647c3256bf19d0a2deaaf670070d22f95c3663e0f36ecde9cb74b92f6a9d,2026-09-27T00:47:00+00:00,2026-09-27 05:47:00,87.1,1004.5,67
7.8,11.5,26.6,713.0,207.0,32.2,4.0,2.1,0.5,446.0,156.7,5.1,3.8,60.0,26.9,24.55,False,4095,0.0,20.3,0.0,EXT-OPEN-METEO-KHI,KARACHI,OPENSOURCE_API_GRID,49,,,,0.95,True,True,TIER2_OPENSOURCE_PURE;CONTINUOUS_MINUTE_STREAM;VERIFIED_MODEL_GRID,61b8bc1e7939a75a3627391347c1d21ab0ad56f7a46c153bcdae0220be7af436,2026-09-27T00:48:00+00:00,2026-09-27 05:48:00,87.0,1004.5,67
7.8,11.5,26.6,713.0,207.0,32.2,4.0,2.1,0.5,446.0,157.1,5.1,3.8,60.0,26.9,24.55,False,4095,0.0,20.2,0.0,EXT-OPEN-METEO-KHI,KARACHI,OPENSOURCE_API_GRID,50,,,,0.95,True,True,TIER2_OPENSOURCE_PURE;CONTINUOUS_MINUTE_STREAM;VERIFIED_MODEL_GRID,7709112a3bba9a038576efacf99f0147a1d9d84d9ab64b442e5c0f4b917ebdfb,2026-09-27T00:49:00+00:00,2026-09-27 05:49:00,87.0,1004.5,67
7.8,11.5,26.6,713.0,207.0,32.2,4.0,2.1,0.5,446.0,157.4,5.1,3.8,60.0,26.9,24.55,False,4095,0.0,20.2,0.0,EXT-OPEN-METEO-KHI,KARACHI,OPENSOURCE_API_GRID,51,,,,0.95,True,True,TIER2_OPENSOURCE_PURE;CONTINUOUS_MINUTE_STREAM;VERIFIED_MODEL_GRID,f736c74beb4773c3afdc0f612c240066bf3c47f329daeeb32068104b0f45e3a6,2026-09-27T00:50:00+00:00,2026-09-27 05:50:00,87.0,1004.5,67
7.8,11.5,26.7,713.0,207.0,32.2,4.0,2.1,0.5,446.0,157.7,5.1,3.8,60.0,26.9,24.55,False,4095,0.0,20.2,0.0,EXT-OPEN-METEO-KHI,KARACHI,OPENSOURCE_API_GRID,52,,,,0.95,True,True,TIER2_OPENSOURCE_PURE;CONTINUOUS_MINUTE_STREAM;VERIFIED_MODEL_GRID,9efe42f23f03f7c80dc1d741efc21556f01050a672aec716c745d02c373ad334,2026-09-27T00:51:00+00:00,2026-09-27 05:51:00,87.0,1004.5,67
7.8,11.5,26.7,713.0,207.0,32.2,4.0,2.1,0.5,446.0,158.0,5.2,3.8,60.0,26.9,24.53,False,4095,0.0,20.1,0.0,EXT-OPEN-METEO-KHI,KARACHI,OPENSOURCE_API_GRID,53,,,,0.95,True,True,TIER2_OPENSOURCE_PURE;CONTINUOUS_MINUTE_STREAM;VERIFIED_MODEL_GRID,1417d1de204bb458f7e79bea458686f9674045ee96534bcd3b4596667ed5cbb3,2026-09-27T00:52:00+00:00,2026-09-27 05:52:00,86.9,1004.5,67
7.8,11.5,26.8,713.0,207.0,32.2,4.0,2.1,0.5,446.0,158.2,5.2,3.8,60.0,26.9,24.53,False,4095,0.0,20.1,0.0,EXT-OPEN-METEO-KHI,KARACHI,OPENSOURCE_API_GRID,54,,,,0.95,True,True,TIER2_OPENSOURCE_PURE;CONTINUOUS_MINUTE_STREAM;VERIFIED_MODEL_GRID,d38dd032ddd4ebafcac2003075d27e21da3dcc27c2f24b7ff705f234da0f5f92,2026-09-27T00:53:00+00:00,2026-09-27 05:53:00,86.9,1004.5,67
7.8,11.5,26.8,713.0,207.0,32.2,4.0,2.1,0.5,446.0,158.4,5.2,3.8,60.0,26.9,24.53,False,4095,0.0,20.1,0.0,EXT-OPEN-METEO-KHI,KARACHI,OPENSOURCE_API_GRID,55,,,,0.95,True,True,TIER2_OPENSOURCE_PURE;CONTINUOUS_MINUTE_STREAM;VERIFIED_MODEL_GRID,3f1cb10ca31a6b5c303951b8ef55416d41acab898068ab61148cce47c1f1ff37,2026-09-27T00:54:00+00:00,2026-09-27 05:54:00,86.9,1004.5,67
7.8,11.5,26.9,713.0,207.0,32.2,4.0,2.2,0.5,446.0,158.6,5.2,3.8,60.0,26.9,24.53,False,4095,0.0,20.1,0.0,EXT-OPEN-METEO-KHI,KARACHI,OPENSOURCE_API_GRID,56,,,,0.95,True,True,TIER2_OPENSOURCE_PURE;CONTINUOUS_MINUTE_STREAM;VERIFIED_MODEL_GRID,ca6e13d02c30fbebff4d4b29c42c1138ab767d53459782d6e6239ce5db1b2397,2026-09-27T00:55:00+00:00,2026-09-27 05:55:00,86.9,1004.5,67
7.9,11.6,27.0,719.2,208.8,32.5,4.1,2.2,0.5,446.0,158.7,5.2,3.8,60.0,26.9,24.53,False,4095,0.0,20.0,0.0,EXT-OPEN-METEO-KHI,KARACHI,OPENSOURCE_API_GRID,57,,,,0.95,True,True,TIER2_OPENSOURCE_PURE;CONTINUOUS_MINUTE_STREAM;VERIFIED_MODEL_GRID,dad76e4703227debcd0e8c3806c6961f53c4fec2fd73e4a0fe9c16fd735aab32,2026-09-27T00:56:00+00:00,2026-09-27 05:56:00,86.9,1004.5,67
7.9,11.6,27.0,719.2,208.8,32.5,4.1,2.2,0.5,446.0,158.9,5.2,3.8,60.0,26.9,24.55,False,4095,0.0,20.0,0.0,EXT-OPEN-METEO-KHI,KARACHI,OPENSOURCE_API_GRID,58,,,,0.95,True,True,TIER2_OPENSOURCE_PURE;CONTINUOUS_MINUTE_STREAM;VERIFIED_MODEL_GRID,f99252b2502d7f4a543f44f4af301643e7d338512cce867e51772a90b3ea80c3,2026-09-27T00:57:00+00:00,2026-09-27 05:57:00,87.0,1004.5,67
7.9,11.6,27.1,719.2,208.8,32.5,4.1,2.2,0.5,446.0,158.9,5.2,3.8,60.0,26.9,24.55,False,4095,0.0,20.0,0.0,EXT-OPEN-METEO-KHI,KARACHI,OPENSOURCE_API_GRID,59,,,,0.95,True,True,TIER2_OPENSOURCE_PURE;CONTINUOUS_MINUTE_STREAM;VERIFIED_MODEL_GRID,8f59a4d0057f00f92455e4a98d5a696775ea3c0796d65df770988197be18eb16,2026-09-27T00:58:00+00:00,2026-09-27 05:58:00,87.0,1004.5,67
8.0,11.7,27.2,725.4,210.6,32.8,4.1,2.2,0.5,446.0,159.0,5.2,3.8,60.0,26.9,24.55,False,4095,0.0,20.0,0.0,EXT-OPEN-METEO-KHI,KARACHI,OPENSOURCE_API_GRID,60,,,,0.95,True,True,TIER2_OPENSOURCE_PURE;CONTINUOUS_MINUTE_STREAM;VERIFIED_MODEL_GRID,ae0673a4eec311299d9253d9514452597246d901286546891c2628b173ee511b,2026-09-27T00:59:00+00:00,2026-09-27 05:59:00,87.0,1004.5,67
8.0,11.7,27.2,725.4,210.6,32.8,4.1,2.2,0.5,446.0,159.0,5.2,3.8,60.0,26.9,24.55,False,4095,0.0,20.0,0.0,EXT-OPEN-METEO-KHI,KARACHI,OPENSOURCE_API_GRID,61,,,,0.95,True,False,TIER2_OPENSOURCE_PURE;HOURLY_NODE;VERIFIED_MODEL_GRID,f181cfd9f75757fcab0bc6ccdcf260840da7b1c3212c9065fa901f3b527a73f8,2026-09-27T01:00:00+00:00,2026-09-27 06:00:00,87.0,1004.5,67
8.0,11.8,27.3,731.6,212.4,33.0,4.1,2.2,0.5,446.0,159.0,5.2,3.8,60.0,26.9,24.55,False,4095,0.0,20.0,0.0,EXT-OPEN-METEO-KHI,KARACHI,OPENSOURCE_API_GRID,62,,,,0.95,True,True,TIER2_OPENSOURCE_PURE;CONTINUOUS_MINUTE_STREAM;VERIFIED_MODEL_GRID,dda77033267a028730af6272e9ab251a23dd5479e6f924e300000898c038cbfe,2026-09-27T01:01:00+00:00,2026-09-27 06:01:00,87.0,1004.5,67
8.0,11.7,27.2,725.4,210.6,32.8,4.1,2.2,0.5,446.0,159.1,5.2,3.8,60.0,26.9,24.57,False,4095,0.0,20.0,0.1,EXT-OPEN-METEO-KHI,KARACHI,OPENSOURCE_API_GRID,63,,,,0.95,True,True,TIER2_OPENSOURCE_PURE;CONTINUOUS_MINUTE_STREAM;VERIFIED_MODEL_GRID,4ff54eb3e9dbe7ac35b57b126e949161329c2bd2e3f39bd68af7cce52afe3ddc,2026-09-27T01:02:00+00:00,2026-09-27 06:02:00,87.1,1004.5,67
8.0,11.8,27.3,731.6,212.4,33.0,4.1,2.2,0.5,446.0,159.2,5.2,3.8,60.0,26.9,24.57,False,4095,0.0,20.0,0.3,EXT-OPEN-METEO-KHI,KARACHI,OPENSOURCE_API_GRID,64,,,,0.95,True,True,TIER2_OPENSOURCE_PURE;CONTINUOUS_MINUTE_STREAM;VERIFIED_MODEL_GRID,6ec9f800beaed2f3336cffd451804f8d52b8baa2a47043475a722446348f9381,2026-09-27T01:03:00+00:00,2026-09-27 06:03:00,87.1,1004.5,67
8.0,11.8,27.4,731.6,212.4,33.0,4.1,2.2,0.5,446.0,159.4,5.2,3.8,60.0,26.9,24.57,False,4095,0.0,20.0,0.6,EXT-OPEN-METEO-KHI,KARACHI,OPENSOURCE_API_GRID,65,,,,0.95,True,True,TIER2_OPENSOURCE_PURE;CONTINUOUS_MINUTE_STREAM;VERIFIED_MODEL_GRID,bd906773ed8be232ba93f0cd377f5f8c573ee62427c24e76f6f881d397cd83f5,2026-09-27T01:04:00+00:00,2026-09-27 06:04:00,87.1,1004.5,67
8.0,11.8,27.5,731.6,212.4,33.0,4.1,2.2,0.6,446.0,159.6,5.2,3.8,60.0,26.9,24.57,False,4095,0.0,20.0,0.9,EXT-OPEN-METEO-KHI,KARACHI,OPENSOURCE_API_GRID,66,,,,0.95,True,True,TIER2_OPENSOURCE_PURE;CONTINUOUS_MINUTE_STREAM;VERIFIED_MODEL_GRID,a3ef163c6d81c1f1510f5ab60471644f72584ebde64ea82fa9408dc2d76515ea,2026-09-27T01:05:00+00:00,2026-09-27 06:05:00,87.1,1004.5,67
8.1,11.9,27.6,737.8,214.2,33.3,4.2,2.2,0.6,446.0,159.8,5.2,3.8,60.0,26.9,24.57,False,4095,0.0,20.0,1.3,EXT-OPEN-METEO-KHI,KARACHI,OPENSOURCE_API_GRID,67,,,,0.95,True,True,TIER2_OPENSOURCE_PURE;CONTINUOUS_MINUTE_STREAM;VERIFIED_MODEL_GRID,53ee83d9840d79a0aa6549c2004ef756c2f997fae086e4b17a334552eefe69df,2026-09-27T01:06:00+00:00,2026-09-27 06:06:00,87.1,1004.5,67
8.1,11.9,27.7,737.8,214.2,33.3,4.2,2.2,0.6,446.0,160.1,5.2,3.8,60.0,27.0,24.65,False,4095,0.0,20.0,1.8,EXT-OPEN-METEO-KHI,KARACHI,OPENSOURCE_API_GRID,68,,,,0.95,True,True,TIER2_OPENSOURCE_PURE;CONTINUOUS_MINUTE_STREAM;VERIFIED_MODEL_GRID,62e8db68b04949fa76f05a04dffb4aa45d1dfe8921869c493b275a6f7ad8f41e,2026-09-27T01:07:00+00:00,2026-09-27 06:07:00,87.0,1004.5,67
8.2,12.0,27.7,744.0,216.0,33.6,4.2,2.2,0.6,446.0,160.4,5.3,3.8,60.0,27.0,24.65,False,4095,0.0,20.0,2.3,EXT-OPEN-METEO-KHI,KARACHI,OPENSOURCE_API_GRID,69,,,,0.95,True,True,TIER2_OPENSOURCE_PURE;CONTINUOUS_MINUTE_STREAM;VERIFIED_MODEL_GRID,fd1c573746fa20ee74721300340249cf7fc2fe0ddd75943d8fdb4ced87e08db3,2026-09-27T01:08:00+00:00,2026-09-27 06:08:00,87.0,1004.5,67
8.2,12.0,27.8,744.0,216.0,33.6,4.2,2.2,0.6,445.9,160.8,5.3,3.8,60.0,27.0,24.63,False,4095,0.0,20.1,2.9,EXT-OPEN-METEO-KHI,KARACHI,OPENSOURCE_API_GRID,70,,,,0.95,True,True,TIER2_OPENSOURCE_PURE;CONTINUOUS_MINUTE_STREAM;VERIFIED_MODEL_GRID,1ee1f2b338c4e4802a85688f277f7482f348bfe5700776ecfbbc23f2cd3ebf70,2026-09-27T01:09:00+00:00,2026-09-27 06:09:00,86.9,1004.5,67
8.2,12.0,27.9,744.0,216.0,33.6,4.2,2.2,0.6,445.9,161.2,5.3,3.8,60.0,27.0,24.63,False,4095,0.0,20.1,3.6,EXT-OPEN-METEO-KHI,KARACHI,OPENSOURCE_API_GRID,71,,,,0.95,True,True,TIER2_OPENSOURCE_PURE;CONTINUOUS_MINUTE_STREAM;VERIFIED_MODEL_GRID,3a45690ead6b7c8b0e65199b184706064365411f2027b176d11fcd00a158b391,2026-09-27T01:10:00+00:00,2026-09-27 06:10:00,86.9,1004.5,67
8.2,12.0,27.9,744.0,216.0,33.6,4.2,2.2,0.6,445.9,161.7,5.3,3.8,60.0,27.0,24.61,False,4095,0.0,20.1,4.3,EXT-OPEN-METEO-KHI,KARACHI,OPENSOURCE_API_GRID,72,,,,0.95,True,True,TIER2_OPENSOURCE_PURE;CONTINUOUS_MINUTE_STREAM;VERIFIED_MODEL_GRID,adb75eded91a46e6f33b6353f1a774e3419965eb05cf213a978eddbd0b29d1e7,2026-09-27T01:11:00+00:00,2026-09-27 06:11:00,86.8,1004.6,67
8.2,12.0,28.0,744.0,216.0,33.6,4.2,2.2,0.6,445.9,162.2,5.3,3.8,60.0,27.0,24.61,False,4095,0.0,20.1,5.1,EXT-OPEN-METEO-KHI,KARACHI,OPENSOURCE_API_GRID,73,,,,0.95,True,True,TIER2_OPENSOURCE_PURE;CONTINUOUS_MINUTE_STREAM;VERIFIED_MODEL_GRID,7810dad8267f0d0fe445b5acf6c434eee8f469d9a00b241a1af7b18bf57c31cc,2026-09-27T01:12:00+00:00,2026-09-27 06:12:00,86.8,1004.6,67
8.2,12.0,28.0,744.0,216.0,33.6,4.2,2.2,0.6,445.9,162.7,5.4,3.8,60.0,27.0,24.59,False,4095,0.0,20.1,5.9,EXT-OPEN-METEO-KHI,KARACHI,OPENSOURCE_API_GRID,74,,,,0.95,True,True,TIER2_OPENSOURCE_PURE;CONTINUOUS_MINUTE_STREAM;VERIFIED_MODEL_GRID,be640fbae8b76095b4757cfd541406cea47a8f8c8eed40bfa019117f35707eb2,2026-09-27T01:13:00+00:00,2026-09-27 06:13:00,86.7,1004.6,67
8.2,12.0,28.1,744.0,216.0,33.6,4.2,2.2,0.6,445.9,163.2,5.4,3.9,60.0,27.0,24.59,False,4095,0.0,20.1,6.8,EXT-OPEN-METEO-KHI,KARACHI,OPENSOURCE_API_GRID,75,,,,0.95,True,True,TIER2_OPENSOURCE_PURE;CONTINUOUS_MINUTE_STREAM;VERIFIED_MODEL_GRID,0bec1b65fd6f696155813b960d091b2981d47cae13216e5d2ed9894accfe2b5c,2026-09-27T01:14:00+00:00,2026-09-27 06:14:00,86.7,1004.6,67
8.2,12.0,28.1,744.0,216.0,33.6,4.2,2.2,0.6,445.9,163.8,5.4,3.9,60.0,27.0,24.57,False,4095,0.0,20.1,7.8,EXT-OPEN-METEO-KHI,KARACHI,OPENSOURCE_API_GRID,76,,,,0.95,True,True,TIER2_OPENSOURCE_PURE;CONTINUOUS_MINUTE_STREAM;VERIFIED_MODEL_GRID,9eb886794d99354412321fb5e8dc405004277598f6183e6965b490891db5b516,2026-09-27T01:15:00+00:00,2026-09-27 06:15:00,86.6,1004.6,67
8.2,12.0,28.1,744.0,216.0,33.6,4.2,2.2,0.6,445.8,164.5,5.4,3.9,60.0,27.0,24.57,False,4095,0.0,20.2,8.8,EXT-OPEN-METEO-KHI,KARACHI,OPENSOURCE_API_GRID,77,,,,0.95,True,True,TIER2_OPENSOURCE_PURE;CONTINUOUS_MINUTE_STREAM;VERIFIED_MODEL_GRID,c0b1755eac0036dbeb287fd57f7d49832d7b5f69ba86bb40ba58694a73fb97a6,2026-09-27T01:16:00+00:00,2026-09-27 06:16:00,86.6,1004.6,67
8.1,11.9,28.2,737.8,214.2,33.3,4.2,2.3,0.6,445.8,165.1,5.5,3.9,60.0,27.0,24.55,False,4095,0.0,20.2,9.8,EXT-OPEN-METEO-KHI,KARACHI,OPENSOURCE_API_GRID,78,,,,0.95,True,True,TIER2_OPENSOURCE_PURE;CONTINUOUS_MINUTE_STREAM;VERIFIED_MODEL_GRID,df8f107d8b3c4a8f37cbcb7b1030342c6a127da31ffd0f5b7e6904c50c76c3cb,2026-09-27T01:17:00+00:00,2026-09-27 06:17:00,86.5,1004.6,67
8.1,11.9,28.2,737.8,214.2,33.3,4.2,2.3,0.6,445.8,165.8,5.5,3.9,60.0,27.0,24.55,False,4095,0.0,20.2,10.9,EXT-OPEN-METEO-KHI,KARACHI,OPENSOURCE_API_GRID,79,,,,0.95,True,True,TIER2_OPENSOURCE_PURE;CONTINUOUS_MINUTE_STREAM;VERIFIED_MODEL_GRID,40fadbf686fe85124a9cca20ffc8e8c19c045acf68fae202339dc253015c158d,2026-09-27T01:18:00+00:00,2026-09-27 06:18:00,86.5,1004.6,67
8.1,11.9,28.3,737.8,214.2,33.3,4.2,2.3,0.6,445.8,166.5,5.5,3.9,60.0,27.0,24.53,False,4095,0.0,20.2,12.1,EXT-OPEN-METEO-KHI,KARACHI,OPENSOURCE_API_GRID,80,,,,0.95,True,True,TIER2_OPENSOURCE_PURE;CONTINUOUS_MINUTE_STREAM;VERIFIED_MODEL_GRID,2d6a1a0fb348d1142a659b759e3dd12a5cc244ce13537c6c3a9ba8baa33a696f,2026-09-27T01:19:00+00:00,2026-09-27 06:19:00,86.4,1004.6,67
8.1,11.9,28.4,737.8,214.2,33.3,4.2,2.3,0.6,445.8,167.2,5.6,3.9,60.0,27.0,24.53,False,4095,0.0,20.2,13.2,EXT-OPEN-METEO-KHI,KARACHI,OPENSOURCE_API_GRID,81,,,,0.95,True,True,TIER2_OPENSOURCE_PURE;CONTINUOUS_MINUTE_STREAM;VERIFIED_MODEL_GRID,3f78785e95f6dd0f66fb6cda23807c93d663b5af731d0540e49f3df679b92ab3,2026-09-27T01:20:00+00:00,2026-09-27 06:20:00,86.4,1004.6,67
8.1,11.9,28.5,737.8,214.2,33.3,4.2,2.3,0.6,445.7,168.0,5.6,3.9,60.0,27.0,24.51,False,4095,0.0,20.3,14.5,EXT-OPEN-METEO-KHI,KARACHI,OPENSOURCE_API_GRID,82,,,,0.95,True,True,TIER2_OPENSOURCE_PURE;CONTINUOUS_MINUTE_STREAM;VERIFIED_MODEL_GRID,2016c5c3147c248851da66787dffa5aa177fb2439efe124350f5bfe2553b7818,2026-09-27T01:21:00+00:00,2026-09-27 06:21:00,86.3,1004.6,67
8.2,12.0,28.6,744.0,216.0,33.6,4.2,2.3,0.6,445.7,168.8,5.6,3.9,60.0,27.0,24.51,False,4095,0.0,20.3,15.7,EXT-OPEN-METEO-KHI,KARACHI,OPENSOURCE_API_GRID,83,,,,0.95,True,True,TIER2_OPENSOURCE_PURE;CONTINUOUS_MINUTE_STREAM;VERIFIED_MODEL_GRID,f4a2409e8920f7d13a15649c5909520286584632ed61cf669193803746dad273,2026-09-27T01:22:00+00:00,2026-09-27 06:22:00,86.3,1004.6,67
8.2,12.0,28.7,744.0,216.0,33.6,4.2,2.3,0.6,445.7,169.6,5.7,3.9,60.0,27.0,24.5,False,4095,0.0,20.3,17.0,EXT-OPEN-METEO-KHI,KARACHI,OPENSOURCE_API_GRID,84,,,,0.95,True,True,TIER2_OPENSOURCE_PURE;CONTINUOUS_MINUTE_STREAM;VERIFIED_MODEL_GRID,7408140bd51b2d1c80220d02fce7cc513c7d8ff6230aaad8e2c0be6682589651,2026-09-27T01:23:00+00:00,2026-09-27 06:23:00,86.2,1004.6,67
8.2,12.0,28.8,744.0,216.0,33.6,4.2,2.3,0.6,445.7,170.4,5.7,3.9,60.0,27.0,24.5,False,4095,0.0,20.3,18.3,EXT-OPEN-METEO-KHI,KARACHI,OPENSOURCE_API_GRID,85,,,,0.95,True,True,TIER2_OPENSOURCE_PURE;CONTINUOUS_MINUTE_STREAM;VERIFIED_MODEL_GRID,4f73810e57740935ffeb0e245553bceb581da14ddc85edfe5f35b484751e55fc,2026-09-27T01:24:00+00:00,2026-09-27 06:24:00,86.2,1004.6,67
8.2,12.1,29.0,750.2,217.8,33.9,4.2,2.3,0.6,445.6,171.2,5.8,3.9,60.0,27.0,24.48,False,4095,0.0,20.4,19.6,EXT-OPEN-METEO-KHI,KARACHI,OPENSOURCE_API_GRID,86,,,,0.95,True,True,TIER2_OPENSOURCE_PURE;CONTINUOUS_MINUTE_STREAM;VERIFIED_MODEL_GRID,b473d90983f9e3f7e071f69e446294f8493ca0b74042254bb11ef2ed11e7c357,2026-09-27T01:25:00+00:00,2026-09-27 06:25:00,86.1,1004.7,67
8.2,12.1,29.2,750.2,217.8,33.9,4.2,2.3,0.6,445.6,172.1,5.8,4.0,60.0,27.0,24.48,False,4095,0.0,20.4,21.0,EXT-OPEN-METEO-KHI,KARACHI,OPENSOURCE_API_GRID,87,,,,0.95,True,True,TIER2_OPENSOURCE_PURE;CONTINUOUS_MINUTE_STREAM;VERIFIED_MODEL_GRID,abbe4cdd0db0eddce70e49923a6c01a58757f3ac5890afd79007841d490572c5,2026-09-27T01:26:00+00:00,2026-09-27 06:26:00,86.1,1004.7,67
8.3,12.2,29.4,756.4,219.6,34.2,4.3,2.4,0.6,445.6,172.9,5.8,4.0,60.0,27.0,24.48,False,4095,0.0,20.4,22.4,EXT-OPEN-METEO-KHI,KARACHI,OPENSOURCE_API_GRID,88,,,,0.95,True,True,TIER2_OPENSOURCE_PURE;CONTINUOUS_MINUTE_STREAM;VERIFIED_MODEL_GRID,c1ee36f9c13fe626087f37e1cbc3ab4204536b67dacd09b567ac81a084e4c3a0,2026-09-27T01:27:00+00:00,2026-09-27 06:27:00,86.1,1004.7,67
8.4,12.3,29.6,762.6,221.4,34.4,4.3,2.4,0.6,445.6,173.8,5.9,4.0,60.0,27.0,24.46,False,4095,0.0,20.4,23.7,EXT-OPEN-METEO-KHI,KARACHI,OPENSOURCE_API_GRID,89,,,,0.95,True,True,TIER2_OPENSOURCE_PURE;CONTINUOUS_MINUTE_STREAM;VERIFIED_MODEL_GRID,64ac9abc55355985f3887a1a7b600bb2ed822125fb9ed204903acb538e5f1cd9,2026-09-27T01:28:00+00:00,2026-09-27 06:28:00,86.0,1004.7,67
8.4,12.4,29.8,768.8,223.2,34.7,4.3,2.4,0.6,445.5,174.6,5.9,4.0,60.0,27.0,24.46,False,4095,0.0,20.5,25.1,EXT-OPEN-METEO-KHI,KARACHI,OPENSOURCE_API_GRID,90,,,,0.95,True,True,TIER2_OPENSOURCE_PURE;CONTINUOUS_MINUTE_STREAM;VERIFIED_MODEL_GRID,72393136e5d770b051526edf474f2df70f65e8fa6fcbe5d8e6ccc4516a2e7179,2026-09-27T01:29:00+00:00,2026-09-27 06:29:00,86.0,1004.7,67
8.4,12.4,30.0,768.8,223.2,34.7,4.3,2.4,0.6,445.5,175.5,5.9,4.0,60.0,27.0,24.46,False,4095,0.0,20.5,26.5,EXT-OPEN-METEO-KHI,KARACHI,OPENSOURCE_API_GRID,91,,,,0.95,True,True,TIER2_OPENSOURCE_PURE;CONTINUOUS_MINUTE_STREAM;VERIFIED_MODEL_GRID,c4863514bfe4e83878611fc05b1946ea2d3c8084d47bd2b4e2d4c9739ce31dea,2026-09-27T01:30:00+00:00,2026-09-27 06:30:00,86.0,1004.7,67
8.5,12.5,30.2,775.0,225.0,35.0,4.4,2.4,0.6,445.5,176.4,6.0,4.0,60.0,27.0,24.46,False,4095,0.0,20.5,27.9,EXT-OPEN-METEO-KHI,KARACHI,OPENSOURCE_API_GRID,92,,,,0.95,True,True,TIER2_OPENSOURCE_PURE;CONTINUOUS_MINUTE_STREAM;VERIFIED_MODEL_GRID,e1190cd73a2847817443b7d3e431a60b91ef30d1e43ab91d61c2a5f1dc297d08,2026-09-27T01:31:00+00:00,2026-09-27 06:31:00,86.0,1004.7,67
8.6,12.6,30.4,781.2,226.8,35.3,4.4,2.4,0.6,445.4,177.2,6.0,4.0,60.0,27.1,24.54,False,4095,0.0,20.6,29.3,EXT-OPEN-METEO-KHI,KARACHI,OPENSOURCE_API_GRID,93,,,,0.95,True,True,TIER2_OPENSOURCE_PURE;CONTINUOUS_MINUTE_STREAM;VERIFIED_MODEL_GRID,7bd616940153faf16827e6c737a563e36696467e3a1597427223624ee9476d34,2026-09-27T01:32:00+00:00,2026-09-27 06:32:00,85.9,1004.7,67
8.6,12.6,30.4,781.2,226.8,35.3,4.4,2.4,0.6,445.4,178.1,6.1,4.0,60.0,27.1,24.55,False,4095,0.0,20.6,30.6,EXT-OPEN-METEO-KHI,KARACHI,OPENSOURCE_API_GRID,94,,,,0.95,True,True,TIER2_OPENSOURCE_PURE;CONTINUOUS_MINUTE_STREAM;VERIFIED_MODEL_GRID,d41d52a60eec5149a85ba1265aa41b94f85e0e1112fe96a26f7e5f1274dcd594,2026-09-27T01:33:00+00:00,2026-09-27 06:33:00,86.0,1004.7,67
8.6,12.7,30.6,787.4,228.6,35.6,4.4,2.4,0.6,445.4,178.9,6.1,4.0,60.0,27.1,24.54,False,4095,0.0,20.6,32.0,EXT-OPEN-METEO-KHI,KARACHI,OPENSOURCE_API_GRID,95,,,,0.95,True,True,TIER2_OPENSOURCE_PURE;CONTINUOUS_MINUTE_STREAM;VERIFIED_MODEL_GRID,104f9e334aebb9426e0b1ecbd4acb0dacc05d1246f002e44b98b3c721e2bbd0c,2026-09-27T01:34:00+00:00,2026-09-27 06:34:00,85.9,1004.7,67
8.6,12.7,30.9,787.4,228.6,35.6,4.4,2.5,0.6,445.4,179.8,6.1,4.1,60.0,27.1,24.54,False,4095,0.0,20.6,33.4,EXT-OPEN-METEO-KHI,KARACHI,OPENSOURCE_API_GRID,96,,,,0.95,True,True,TIER2_OPENSOURCE_PURE;CONTINUOUS_MINUTE_STREAM;VERIFIED_MODEL_GRID,52dedcbb9fd23440be0720b6753c240ea299139403d83af0eab0b1c6744d24c8,2026-09-27T01:35:00+00:00,2026-09-27 06:35:00,85.9,1004.8,67
8.7,12.8,31.1,793.6,230.4,35.8,4.5,2.5,0.6,445.3,180.6,6.2,4.1,60.0,27.1,24.52,False,4095,0.0,20.7,34.7,EXT-OPEN-METEO-KHI,KARACHI,OPENSOURCE_API_GRID,97,,,,0.95,True,True,TIER2_OPENSOURCE_PURE;CONTINUOUS_MINUTE_STREAM;VERIFIED_MODEL_GRID,d33f8535acdeebb0f8bcffc682f94dc0e7f0b94634b4fe6a45678e39600c90c3,2026-09-27T01:36:00+00:00,2026-09-27 06:36:00,85.8,1004.8,67
8.8,12.9,31.2,799.8,232.2,36.1,4.5,2.5,0.6,445.3,181.4,6.2,4.1,60.0,27.1,24.52,False,4095,0.0,20.7,36.0,EXT-OPEN-METEO-KHI,KARACHI,OPENSOURCE_API_GRID,98,,,,0.95,True,True,TIER2_OPENSOURCE_PURE;CONTINUOUS_MINUTE_STREAM;VERIFIED_MODEL_GRID,2d303e61224691eb877a618d5f43c8befa4da30ffdeeb010a64c5582480da5f1,2026-09-27T01:37:00+00:00,2026-09-27 06:37:00,85.8,1004.8,67
8.8,12.9,31.4,799.8,232.2,36.1,4.5,2.5,0.6,445.3,182.2,6.3,4.1,60.0,27.2,24.59,False,4095,0.0,20.7,37.3,EXT-OPEN-METEO-KHI,KARACHI,OPENSOURCE_API_GRID,99,,,,0.95,True,True,TIER2_OPENSOURCE_PURE;CONTINUOUS_MINUTE_STREAM;VERIFIED_MODEL_GRID,d9348e5e16216c6f6bbf7b07b6d86a3caeb4519ccd0999bde5219553fb4b8940,2026-09-27T01:38:00+00:00,2026-09-27 06:38:00,85.7,1004.8,67
8.8,13.0,31.6,806.0,234.0,36.4,4.5,2.5,0.6,445.3,183.0,6.3,4.1,60.0,27.2,24.57,False,4095,0.0,20.7,38.5,EXT-OPEN-METEO-KHI,KARACHI,OPENSOURCE_API_GRID,100,,,,0.95,True,True,TIER2_OPENSOURCE_PURE;CONTINUOUS_MINUTE_STREAM;VERIFIED_MODEL_GRID,3e078bfde4e152ce3beb5c279710c35d653a3651db9bdf59f6692ccbff1cf3d2,2026-09-27T01:39:00+00:00,2026-09-27 06:39:00,85.6,1004.8,67
8.8,13.0,31.7,806.0,234.0,36.4,4.5,2.5,0.6,445.2,183.8,6.3,4.1,60.0,27.2,24.57,False,4095,0.0,20.8,39.7,EXT-OPEN-METEO-KHI,KARACHI,OPENSOURCE_API_GRID,101,,,,0.95,True,True,TIER2_OPENSOURCE_PURE;CONTINUOUS_MINUTE_STREAM;VERIFIED_MODEL_GRID,8bd9043573081b4637a11c836ef69648c497129c3b7553ab597f98b48169ee76,2026-09-27T01:40:00+00:00,2026-09-27 06:40:00,85.6,1004.8,67
8.9,13.1,31.8,812.2,235.8,36.7,4.6,2.5,0.6,445.2,184.5,6.4,4.1,60.0,27.2,24.56,False,4095,0.0,20.8,40.9,EXT-OPEN-METEO-KHI,KARACHI,OPENSOURCE_API_GRID,102,,,,0.95,True,True,TIER2_OPENSOURCE_PURE;CONTINUOUS_MINUTE_STREAM;VERIFIED_MODEL_GRID,18ec06e9f81cd55803c975b8013fc5dd787b4c3ddc341b8a35b8b98e4fce7091,2026-09-27T01:41:00+00:00,2026-09-27 06:41:00,85.5,1004.8,67
8.9,13.1,31.9,812.2,235.8,36.7,4.6,2.6,0.6,445.2,185.2,6.4,4.1,60.0,27.2,24.54,False,4095,0.0,20.8,42.1,EXT-OPEN-METEO-KHI,KARACHI,OPENSOURCE_API_GRID,103,,,,0.95,True,True,TIER2_OPENSOURCE_PURE;CONTINUOUS_MINUTE_STREAM;VERIFIED_MODEL_GRID,2123194e33c67bdc4caa7c39518d1775ab273e2adc2dd1104f33f124a40e049e,2026-09-27T01:42:00+00:00,2026-09-27 06:42:00,85.4,1004.8,67
8.9,13.1,32.0,812.2,235.8,36.7,4.6,2.6,0.6,445.2,185.9,6.4,4.1,60.0,27.2,24.54,False,4095,0.0,20.8,43.2,EXT-OPEN-METEO-KHI,KARACHI,OPENSOURCE_API_GRID,104,,,,0.95,True,True,TIER2_OPENSOURCE_PURE;CONTINUOUS_MINUTE_STREAM;VERIFIED_MODEL_GRID,533d1a9da653da3785fbbd13cf5d5057e88e7031b5b1e845b7e4af601a1ea74d,2026-09-27T01:43:00+00:00,2026-09-27 06:43:00,85.4,1004.8,67
8.9,13.1,32.1,812.2,235.8,36.7,4.6,2.6,0.6,445.2,186.5,6.5,4.1,60.0,27.2,24.52,False,4095,0.0,20.8,44.2,EXT-OPEN-METEO-KHI,KARACHI,OPENSOURCE_API_GRID,105,,,,0.95,True,True,TIER2_OPENSOURCE_PURE;CONTINUOUS_MINUTE_STREAM;VERIFIED_MODEL_GRID,b9e69724c84ebd3d9d5da641304d4c5b469c58b4ec03839d19ed9234eb2613dd,2026-09-27T01:44:00+00:00,2026-09-27 06:44:00,85.3,1004.9,67
8.9,13.1,32.1,812.2,235.8,36.7,4.6,2.6,0.6,445.1,187.2,6.5,4.1,60.0,27.2,24.5,False,4095,0.0,20.9,45.2,EXT-OPEN-METEO-KHI,KARACHI,OPENSOURCE_API_GRID,106,,,,0.95,True,True,TIER2_OPENSOURCE_PURE;CONTINUOUS_MINUTE_STREAM;VERIFIED_MODEL_GRID,d761245711a2bc2f2ea8be1611def45d948f7082b938d21c708b648f79d45a21,2026-09-27T01:45:00+00:00,2026-09-27 06:45:00,85.2,1004.9,67
8.9,13.1,32.2,812.2,235.8,36.7,4.6,2.6,0.6,445.1,187.8,6.5,4.1,60.0,27.2,24.5,False,4095,0.0,20.9,46.2,EXT-OPEN-METEO-KHI,KARACHI,OPENSOURCE_API_GRID,107,,,,0.95,True,True,TIER2_OPENSOURCE_PURE;CONTINUOUS_MINUTE_STREAM;VERIFIED_MODEL_GRID,6600b022b8e2c338c5bbb2e2b7a2cb28b6c39fa0507081287d247a4ab8356968,2026-09-27T01:46:00+00:00,2026-09-27 06:46:00,85.2,1004.9,67
8.8,13.0,32.2,806.0,234.0,36.4,4.5,2.6,0.6,445.1,188.3,6.5,4.2,60.0,27.2,24.48,False,4095,0.0,20.9,47.1,EXT-OPEN-METEO-KHI,KARACHI,OPENSOURCE_API_GRID,108,,,,0.95,True,True,TIER2_OPENSOURCE_PURE;CONTINUOUS_MINUTE_STREAM;VERIFIED_MODEL_GRID,d3f6f710c6901cc32796701d47365b42ad3f12dad7f10c7fe12ebb37fec7dec2,2026-09-27T01:47:00+00:00,2026-09-27 06:47:00,85.1,1004.9,67
8.8,13.0,32.2,806.0,234.0,36.4,4.5,2.6,0.6,445.1,188.8,6.6,4.2,60.0,27.2,24.48,False,4095,0.0,20.9,47.9,EXT-OPEN-METEO-KHI,KARACHI,OPENSOURCE_API_GRID,109,,,,0.95,True,True,TIER2_OPENSOURCE_PURE;CONTINUOUS_MINUTE_STREAM;VERIFIED_MODEL_GRID,5272e681f16db2b84cd0f11c1d4a6b59f2bba49428eae59fc0837328a410b311,2026-09-27T01:48:00+00:00,2026-09-27 06:48:00,85.1,1004.9,67
8.8,13.0,32.2,806.0,234.0,36.4,4.5,2.6,0.6,445.1,189.3,6.6,4.2,60.0,27.2,24.46,False,4095,0.0,20.9,48.7,EXT-OPEN-METEO-KHI,KARACHI,OPENSOURCE_API_GRID,110,,,,0.95,True,True,TIER2_OPENSOURCE_PURE;CONTINUOUS_MINUTE_STREAM;VERIFIED_MODEL_GRID,e056c1c945a4b1add0f81ca4b3b12d3354b96f5a03f8f68febd24357ad434e9a,2026-09-27T01:49:00+00:00,2026-09-27 06:49:00,85.0,1004.9,67
8.8,13.0,32.2,806.0,234.0,36.4,4.5,2.6,0.6,445.1,189.8,6.6,4.2,60.0,27.2,24.46,False,4095,0.0,20.9,49.4,EXT-OPEN-METEO-KHI,KARACHI,OPENSOURCE_API_GRID,111,,,,0.95,True,True,TIER2_OPENSOURCE_PURE;CONTINUOUS_MINUTE_STREAM;VERIFIED_MODEL_GRID,2ae27d70be3b142152828c1c066269c84181ff1d70b903b4312abdf52cecd335,2026-09-27T01:50:00+00:00,2026-09-27 06:50:00,85.0,1004.9,67
8.8,13.0,32.3,806.0,234.0,36.4,4.5,2.6,0.6,445.1,190.2,6.6,4.2,60.0,27.2,24.46,False,4095,0.0,20.9,50.1,EXT-OPEN-METEO-KHI,KARACHI,OPENSOURCE_API_GRID,112,,,,0.95,True,True,TIER2_OPENSOURCE_PURE;CONTINUOUS_MINUTE_STREAM;VERIFIED_MODEL_GRID,e9f930e00056145003659325541b3c9fc1e10b99724a39af1bbe098bce97e20f,2026-09-27T01:51:00+00:00,2026-09-27 06:51:00,85.0,1004.9,67
8.8,13.0,32.3,806.0,234.0,36.4,4.5,2.6,0.6,445.0,190.6,6.6,4.2,60.0,27.2,24.44,False,4095,0.0,21.0,50.7,EXT-OPEN-METEO-KHI,KARACHI,OPENSOURCE_API_GRID,113,,,,0.95,True,True,TIER2_OPENSOURCE_PURE;CONTINUOUS_MINUTE_STREAM;VERIFIED_MODEL_GRID,af8afdca1712989c1c7829635014e76d2c9b59adcbac945f7f4b304c17bd67de,2026-09-27T01:52:00+00:00,2026-09-27 06:52:00,84.9,1004.9,67
8.8,13.0,32.3,806.0,234.0,36.4,4.5,2.6,0.6,445.0,190.9,6.7,4.2,60.0,27.2,24.44,False,4095,0.0,21.0,51.2,EXT-OPEN-METEO-KHI,KARACHI,OPENSOURCE_API_GRID,114,,,,0.95,True,True,TIER2_OPENSOURCE_PURE;CONTINUOUS_MINUTE_STREAM;VERIFIED_MODEL_GRID,0851a35d9d49a54bef2ee78e71c17f96ce9535f62e4ce7af0e2bf4a110f0c89d,2026-09-27T01:53:00+00:00,2026-09-27 06:53:00,84.9,1004.9,67
8.8,13.0,32.4,806.0,234.0,36.4,4.5,2.6,0.6,445.0,191.2,6.7,4.2,60.0,27.1,24.34,False,4095,0.0,21.0,51.7,EXT-OPEN-METEO-KHI,KARACHI,OPENSOURCE_API_GRID,115,,,,0.95,True,True,TIER2_OPENSOURCE_PURE;CONTINUOUS_MINUTE_STREAM;VERIFIED_MODEL_GRID,42b34cf543088b970051989599d44c8b0be14788bb23a05de4bd5f1092eb4879,2026-09-27T01:54:00+00:00,2026-09-27 06:54:00,84.9,1004.9,67
8.8,13.0,32.4,806.0,234.0,36.4,4.5,2.6,0.6,445.0,191.4,6.7,4.2,60.0,27.1,24.34,False,4095,0.0,21.0,52.1,EXT-OPEN-METEO-KHI,KARACHI,OPENSOURCE_API_GRID,116,,,,0.95,True,True,TIER2_OPENSOURCE_PURE;CONTINUOUS_MINUTE_STREAM;VERIFIED_MODEL_GRID,565d4ca71f5b08e68c4eb61a3861ae1fd7c38340aaa04069ae0cf6564ce9cf26,2026-09-27T01:55:00+00:00,2026-09-27 06:55:00,84.9,1004.9,67
8.8,13.0,32.5,806.0,234.0,36.4,4.5,2.6,0.7,445.0,191.6,6.7,4.2,60.0,27.1,24.34,False,4095,0.0,21.0,52.4,EXT-OPEN-METEO-KHI,KARACHI,OPENSOURCE_API_GRID,117,,,,0.95,True,True,TIER2_OPENSOURCE_PURE;CONTINUOUS_MINUTE_STREAM;VERIFIED_MODEL_GRID,96a9042e1bc283aeb3400e3fc3d03e16666806692a19a71ceebd1fa5c5c68c91,2026-09-27T01:56:00+00:00,2026-09-27 06:56:00,84.9,1004.9,67
8.8,13.0,32.5,806.0,234.0,36.4,4.5,2.6,0.7,445.0,191.8,6.7,4.2,60.0,27.1,24.34,False,4095,0.0,21.0,52.7,EXT-OPEN-METEO-KHI,KARACHI,OPENSOURCE_API_GRID,118,,,,0.95,True,True,TIER2_OPENSOURCE_PURE;CONTINUOUS_MINUTE_STREAM;VERIFIED_MODEL_GRID,181790f9d887289703445660903da3531c06584f652a3aa0b678418b7304cf70,2026-09-27T01:57:00+00:00,2026-09-27 06:57:00,84.9,1004.9,67
8.9,13.1,32.6,812.2,235.8,36.7,4.6,2.6,0.7,445.0,191.9,6.7,4.2,60.0,27.2,24.44,False,4095,0.0,21.0,52.9,EXT-OPEN-METEO-KHI,KARACHI,OPENSOURCE_API_GRID,119,,,,0.95,True,True,TIER2_OPENSOURCE_PURE;CONTINUOUS_MINUTE_STREAM;VERIFIED_MODEL_GRID,6b641a6e53fcb8b01b91dbed05b5ca9e52830ad9925d65f4aa2b446fb0774d57,2026-09-27T01:58:00+00:00,2026-09-27 06:58:00,84.9,1004.9,67
8.9,13.1,32.7,812.2,235.8,36.7,4.6,2.6,0.7,445.0,192.0,6.7,4.2,60.0,27.2,24.44,False,4095,0.0,21.0,53.0,EXT-OPEN-METEO-KHI,KARACHI,OPENSOURCE_API_GRID,120,,,,0.95,True,True,TIER2_OPENSOURCE_PURE;CONTINUOUS_MINUTE_STREAM;VERIFIED_MODEL_GRID,a3abd9e5aa85b6a84417c0a12d959741687f72b2055fbd9694baea52447bead1,2026-09-27T01:59:00+00:00,2026-09-27 06:59:00,84.9,1004.9,67
8.9,13.1,32.7,812.2,235.8,36.7,4.6,2.6,0.7,445.0,192.0,6.7,4.2,60.0,27.2,24.46,False,4095,0.0,21.0,53.0,EXT-OPEN-METEO-KHI,KARACHI,OPENSOURCE_API_GRID,121,,,,0.95,True,False,TIER2_OPENSOURCE_PURE;HOURLY_NODE;VERIFIED_MODEL_GRID,d6648c949abe95207e20d6b7cb15cca5b86a33c76c29c886730524f4e4bd41af,2026-09-27T02:00:00+00:00,2026-09-27 07:00:00,85.0,1004.9,67
9.0,13.2,32.8,818.4,237.6,37.0,4.6,2.6,0.7,445.0,192.0,6.7,4.2,60.0,27.2,24.46,False,4095,0.0,21.0,53.1,EXT-OPEN-METEO-KHI,KARACHI,OPENSOURCE_API_GRID,122,,,,0.95,True,True,TIER2_OPENSOURCE_PURE;CONTINUOUS_MINUTE_STREAM;VERIFIED_MODEL_GRID,75de02087e409bf1326e6fb276fa87dc9909c669c3d24f24305d74ea0c20cc21,2026-09-27T02:01:00+00:00,2026-09-27 07:01:00,85.0,1004.9,67
9.0,13.2,32.9,818.4,237.6,37.0,4.6,2.6,0.7,445.0,192.0,6.7,4.2,60.0,27.2,24.46,False,4095,0.0,21.1,53.4,EXT-OPEN-METEO-KHI,KARACHI,OPENSOURCE_API_GRID,123,,,,0.95,True,True,TIER2_OPENSOURCE_PURE;CONTINUOUS_MINUTE_STREAM;VERIFIED_MODEL_GRID,aa891037a25c468b22acbbc1cfabe06c0ba19acdee28f23b05e09eb32d3133d2,2026-09-27T02:02:00+00:00,2026-09-27 07:02:00,85.0,1004.9,67
9.0,13.3,33.0,824.6,239.4,37.2,4.7,2.6,0.7,445.0,192.1,6.7,4.2,60.0,27.2,24.46,False,4095,0.0,21.1,53.9,EXT-OPEN-METEO-KHI,KARACHI,OPENSOURCE_API_GRID,124,,,,0.95,True,True,TIER2_OPENSOURCE_PURE;CONTINUOUS_MINUTE_STREAM;VERIFIED_MODEL_GRID,9c9ef905dc8107ed56868a5e8b171abcf66853a677c53c541d13eba62acc00b9,2026-09-27T02:03:00+00:00,2026-09-27 07:03:00,85.0,1004.9,67
9.0,13.2,33.0,818.4,237.6,37.0,4.6,2.6,0.7,445.0,192.2,6.7,4.2,60.0,27.2,24.48,False,4095,0.0,21.2,54.7,EXT-OPEN-METEO-KHI,KARACHI,OPENSOURCE_API_GRID,125,,,,0.95,True,True,TIER2_OPENSOURCE_PURE;CONTINUOUS_MINUTE_STREAM;VERIFIED_MODEL_GRID,8d0f18789b5d80a4373de72e0e41733c052da4053bff85df34ab990e6732b54e,2026-09-27T02:04:00+00:00,2026-09-27 07:04:00,85.1,1004.9,67
9.0,13.3,33.2,824.6,239.4,37.2,4.7,2.7,0.7,445.0,192.3,6.7,4.2,60.0,27.2,24.48,False,4095,0.0,21.3,55.6,EXT-OPEN-METEO-KHI,KARACHI,OPENSOURCE_API_GRID,126,,,,0.95,True,True,TIER2_OPENSOURCE_PURE;CONTINUOUS_MINUTE_STREAM;VERIFIED_MODEL_GRID,cf63b544822ee81851894409407530faf95d0fde40306396ce456d5204160e53,2026-09-27T02:05:00+00:00,2026-09-27 07:05:00,85.1,1004.9,67
9.1,13.4,33.4,830.8,241.2,37.5,4.7,2.7,0.7,445.0,192.4,6.7,4.2,60.0,27.2,24.46,False,4095,0.0,21.5,56.7,EXT-OPEN-METEO-KHI,KARACHI,OPENSOURCE_API_GRID,127,,,,0.95,True,True,TIER2_OPENSOURCE_PURE;CONTINUOUS_MINUTE_STREAM;VERIFIED_MODEL_GRID,bddf6d793cef07ac87a7180678adf2afe1ccd3a77d87b5028ddd640de9bf20b6,2026-09-27T02:06:00+00:00,2026-09-27 07:06:00,85.0,1004.9,67
9.1,13.4,33.7,830.8,241.2,37.5,4.7,2.7,0.7,445.0,192.6,6.7,4.2,60.1,27.3,24.56,False,4095,0.0,21.6,58.1,EXT-OPEN-METEO-KHI,KARACHI,OPENSOURCE_API_GRID,128,,,,0.95,True,True,TIER2_OPENSOURCE_PURE;CONTINUOUS_MINUTE_STREAM;VERIFIED_MODEL_GRID,2bed97c27167a9931668247237d2ea9af85a112e63e130652f6e06900c67d403,2026-09-27T02:07:00+00:00,2026-09-27 07:07:00,85.0,1004.9,67
9.2,13.5,33.9,837.0,243.0,37.8,4.7,2.7,0.7,445.0,192.8,6.7,4.2,60.1,27.3,24.54,False,4095,0.0,21.8,59.6,EXT-OPEN-METEO-KHI,KARACHI,OPENSOURCE_API_GRID,129,,,,0.95,True,True,TIER2_OPENSOURCE_PURE;CONTINUOUS_MINUTE_STREAM;VERIFIED_MODEL_GRID,eeec8195d2adee049318a628f5323f34a7fe0a32083196b124a3051117396cc0,2026-09-27T02:08:00+00:00,2026-09-27 07:08:00,84.9,1004.9,67
9.2,13.6,34.2,843.2,244.8,38.1,4.8,2.7,0.7,445.0,193.0,6.7,4.2,60.1,27.3,24.52,False,4095,0.0,22.0,61.3,EXT-OPEN-METEO-KHI,KARACHI,OPENSOURCE_API_GRID,130,,,,0.95,True,True,TIER2_OPENSOURCE_PURE;CONTINUOUS_MINUTE_STREAM;VERIFIED_MODEL_GRID,9fb37422876afb0be2161919cf708f5adaaa2c2870bc0c0a0e9aa19a2802098a,2026-09-27T02:09:00+00:00,2026-09-27 07:09:00,84.8,1004.9,67
9.2,13.6,34.5,843.2,244.8,38.1,4.8,2.8,0.7,445.0,193.2,6.7,4.2,60.1,27.3,24.5,False,4095,0.0,22.3,63.2,EXT-OPEN-METEO-KHI,KARACHI,OPENSOURCE_API_GRID,131,,,,0.95,True,True,TIER2_OPENSOURCE_PURE;CONTINUOUS_MINUTE_STREAM;VERIFIED_MODEL_GRID,3ff5eba0a5a82ccf18757aa863b96ae7b7a92efc269cbf82df57b77c7911c563,2026-09-27T02:10:00+00:00,2026-09-27 07:10:00,84.7,1005.0,67
9.3,13.7,34.7,849.4,246.6,38.4,4.8,2.8,0.7,445.0,193.5,6.7,4.2,60.2,27.3,24.5,False,4095,0.0,22.5,65.3,EXT-OPEN-METEO-KHI,KARACHI,OPENSOURCE_API_GRID,132,,,,0.95,True,True,TIER2_OPENSOURCE_PURE;CONTINUOUS_MINUTE_STREAM;VERIFIED_MODEL_GRID,b36b8d32c3187c3451aa923e68dfd9b37784b7589237e6ef9c8b15322cd95540,2026-09-27T02:11:00+00:00,2026-09-27 07:11:00,84.7,1005.0,67
9.3,13.7,35.0,849.4,246.6,38.4,4.8,2.8,0.7,445.0,193.7,6.8,4.2,60.2,27.3,24.48,False,4095,0.0,22.8,67.6,EXT-OPEN-METEO-KHI,KARACHI,OPENSOURCE_API_GRID,133,,,,0.95,True,True,TIER2_OPENSOURCE_PURE;CONTINUOUS_MINUTE_STREAM;VERIFIED_MODEL_GRID,a84b1c7b98018a7eb4ef769423a18a1b48a3d139564fbf722487228f37c3d8de,2026-09-27T02:12:00+00:00,2026-09-27 07:12:00,84.6,1005.0,67
9.4,13.8,35.3,855.6,248.4,38.6,4.8,2.8,0.7,445.0,194.0,6.8,4.2,60.2,27.3,24.46,False,4095,0.0,23.1,70.0,EXT-OPEN-METEO-KHI,KARACHI,OPENSOURCE_API_GRID,134,,,,0.95,True,True,TIER2_OPENSOURCE_PURE;CONTINUOUS_MINUTE_STREAM;VERIFIED_MODEL_GRID,8b3c942818c4c48a6fe33e90a23d66428bacccca0ca04a0f23876c51c812ab3a,2026-09-27T02:13:00+00:00,2026-09-27 07:13:00,84.5,1005.0,67
9.4,13.8,35.6,855.6,248.4,38.6,4.8,2.8,0.7,445.0,194.3,6.8,4.2,60.3,27.3,24.42,False,4095,0.0,23.4,72.6,EXT-OPEN-METEO-KHI,KARACHI,OPENSOURCE_API_GRID,135,,,,0.95,True,True,TIER2_OPENSOURCE_PURE;CONTINUOUS_MINUTE_STREAM;VERIFIED_MODEL_GRID,ee4016223221104b51817b05defc13bbe171818ccf64239908fbb51b47f9d8b8,2026-09-27T02:14:00+00:00,2026-09-27 07:14:00,84.3,1005.0,67
9.5,13.9,36.0,861.8,250.2,38.9,4.9,2.9,0.7,445.0,194.6,6.8,4.2,60.3,27.4,24.5,False,4095,0.0,23.8,75.4,EXT-OPEN-METEO-KHI,KARACHI,OPENSOURCE_API_GRID,136,,,,0.95,True,True,TIER2_OPENSOURCE_PURE;CONTINUOUS_MINUTE_STREAM;VERIFIED_MODEL_GRID,fe0de217056edb7c5888c34183e40902e00b22c4d9499c3c2d51fabf06f7e89c,2026-09-27T02:15:00+00:00,2026-09-27 07:15:00,84.2,1005.0,67
9.5,13.9,36.3,861.8,250.2,38.9,4.9,2.9,0.7,445.0,195.0,6.8,4.2,60.3,27.4,24.48,False,4095,0.0,24.1,78.3,EXT-OPEN-METEO-KHI,KARACHI,OPENSOURCE_API_GRID,137,,,,0.95,True,True,TIER2_OPENSOURCE_PURE;CONTINUOUS_MINUTE_STREAM;VERIFIED_MODEL_GRID,4f9b0c0131d1b98461462c1d825eab8ecf7ab7a4c68f090849c743771617b525,2026-09-27T02:16:00+00:00,2026-09-27 07:16:00,84.1,1005.0,67
9.5,13.9,36.6,861.8,250.2,38.9,4.9,2.9,0.7,445.0,195.3,6.8,4.3,60.4,27.4,24.46,False,4095,0.0,24.5,81.4,EXT-OPEN-METEO-KHI,KARACHI,OPENSOURCE_API_GRID,138,,,,0.95,True,True,TIER2_OPENSOURCE_PURE;CONTINUOUS_MINUTE_STREAM;VERIFIED_MODEL_GRID,caf3d72fc8de47ab8ec7d61e249d4dbcea91921a65f1700d502e904bea3aec46,2026-09-27T02:17:00+00:00,2026-09-27 07:17:00,84.0,1005.0,67
9.5,14.0,37.0,868.0,252.0,39.2,4.9,3.0,0.7,445.0,195.7,6.8,4.3,60.4,27.4,24.44,False,4095,0.0,24.9,84.5,EXT-OPEN-METEO-KHI,KARACHI,OPENSOURCE_API_GRID,139,,,,0.95,True,True,TIER2_OPENSOURCE_PURE;CONTINUOUS_MINUTE_STREAM;VERIFIED_MODEL_GRID,26e7a592fed2cc29c277c17dad24dfed25d52152c54e7644e4049413a413d5ff,2026-09-27T02:18:00+00:00,2026-09-27 07:18:00,83.9,1005.0,67
9.5,14.0,37.4,868.0,252.0,39.2,4.9,3.0,0.7,445.0,196.1,6.8,4.3,60.5,27.4,24.4,False,4095,0.0,25.3,87.8,EXT-OPEN-METEO-KHI,KARACHI,OPENSOURCE_API_GRID,140,,,,0.95,True,True,TIER2_OPENSOURCE_PURE;CONTINUOUS_MINUTE_STREAM;VERIFIED_MODEL_GRID,6c47cf2dd92c4365033f695781cd48f501f5abee937ef248d6856afaceaa8da1,2026-09-27T02:19:00+00:00,2026-09-27 07:19:00,83.7,1005.1,67
9.5,14.0,37.8,868.0,252.0,39.2,4.9,3.0,0.8,445.0,196.5,6.8,4.3,60.5,27.4,24.38,False,4095,0.0,25.8,91.2,EXT-OPEN-METEO-KHI,KARACHI,OPENSOURCE_API_GRID,141,,,,0.95,True,True,TIER2_OPENSOURCE_PURE;CONTINUOUS_MINUTE_STREAM;VERIFIED_MODEL_GRID,81ff04c3430b6031264fa264de29c1186059adf8da4137f446178dc0defd4838,2026-09-27T02:20:00+00:00,2026-09-27 07:20:00,83.6,1005.1,67
9.6,14.1,38.2,874.2,253.8,39.5,4.9,3.1,0.8,445.0,196.9,6.9,4.3,60.5,27.4,24.36,False,4095,0.0,26.2,94.8,EXT-OPEN-METEO-KHI,KARACHI,OPENSOURCE_API_GRID,142,,,,0.95,True,True,TIER2_OPENSOURCE_PURE;CONTINUOUS_MINUTE_STREAM;VERIFIED_MODEL_GRID,0dc6aa20234331a24265eed6adc59ba61808868ac5e9f7a04e45b256e6f72793,2026-09-27T02:21:00+00:00,2026-09-27 07:21:00,83.5,1005.1,67
9.6,14.1,38.6,874.2,253.8,39.5,4.9,3.1,0.8,445.0,197.3,6.9,4.3,60.6,27.4,24.34,False,4095,0.0,26.6,98.4,EXT-OPEN-METEO-KHI,KARACHI,OPENSOURCE_API_GRID,143,,,,0.95,True,True,TIER2_OPENSOURCE_PURE;CONTINUOUS_MINUTE_STREAM;VERIFIED_MODEL_GRID,890c047bcefd42a995dc0d1e7a26f6573a4034122a133d00556a76309eff6caa,2026-09-27T02:22:00+00:00,2026-09-27 07:22:00,83.4,1005.1,67
9.7,14.2,39.0,880.4,255.6,39.8,5.0,3.1,0.8,445.0,197.8,6.9,4.3,60.6,27.4,24.3,False,4095,0.0,27.1,102.1,EXT-OPEN-METEO-KHI,KARACHI,OPENSOURCE_API_GRID,144,,,,0.95,True,True,TIER2_OPENSOURCE_PURE;CONTINUOUS_MINUTE_STREAM;VERIFIED_MODEL_GRID,758526b7fa573aefccece068c3bdfa967ab64a23b1d28cb4aca302775682669c,2026-09-27T02:23:00+00:00,2026-09-27 07:23:00,83.2,1005.1,67
9.7,14.3,39.5,886.6,257.4,40.0,5.0,3.2,0.8,445.0,198.2,6.9,4.3,60.7,27.4,24.28,False,4095,0.0,27.6,105.9,EXT-OPEN-METEO-KHI,KARACHI,OPENSOURCE_API_GRID,145,,,,0.95,True,True,TIER2_OPENSOURCE_PURE;CONTINUOUS_MINUTE_STREAM;VERIFIED_MODEL_GRID,cb1e716d6365d2db5d50852f092805f89b2c2ad0996df39f3ad1e55bd607cd02,2026-09-27T02:24:00+00:00,2026-09-27 07:24:00,83.1,1005.1,67
9.8,14.4,40.0,892.8,259.2,40.3,5.0,3.2,0.8,445.0,198.7,6.9,4.3,60.7,27.5,24.35,False,4095,0.0,28.0,109.7,EXT-OPEN-METEO-KHI,KARACHI,OPENSOURCE_API_GRID,146,,,,0.95,True,True,TIER2_OPENSOURCE_PURE;CONTINUOUS_MINUTE_STREAM;VERIFIED_MODEL_GRID,8e6af75a9ab5e02ca28759c73260608c9e4e5fc162d86eefbc08a018b5420fe6,2026-09-27T02:25:00+00:00,2026-09-27 07:25:00,83.0,1005.1,67
9.9,14.5,40.5,899.0,261.0,40.6,5.1,3.2,0.8,445.0,199.1,6.9,4.3,60.8,27.5,24.33,False,4095,0.0,28.5,113.6,EXT-OPEN-METEO-KHI,KARACHI,OPENSOURCE_API_GRID,147,,,,0.95,True,True,TIER2_OPENSOURCE_PURE;CONTINUOUS_MINUTE_STREAM;VERIFIED_MODEL_GRID,2c67cd4d405344a533e77afab1ffd60c13c56489de6bf2b602f5d6795cedf9e3,2026-09-27T02:26:00+00:00,2026-09-27 07:26:00,82.9,1005.1,67
9.9,14.6,41.1,905.2,262.8,40.9,5.1,3.3,0.8,445.0,199.6,7.0,4.3,60.8,27.5,24.31,False,4095,0.0,29.0,117.5,EXT-OPEN-METEO-KHI,KARACHI,OPENSOURCE_API_GRID,148,,,,0.95,True,True,TIER2_OPENSOURCE_PURE;CONTINUOUS_MINUTE_STREAM;VERIFIED_MODEL_GRID,c0f7cc3b08fdb501350ecce7ce0f21e43de23fe470ad335326a4bea97b7526e1,2026-09-27T02:27:00+00:00,2026-09-27 07:27:00,82.8,1005.2,67
10.0,14.7,41.6,911.4,264.6,41.2,5.1,3.3,0.8,445.0,200.1,7.0,4.3,60.9,27.5,24.29,False,4095,0.0,29.5,121.5,EXT-OPEN-METEO-KHI,KARACHI,OPENSOURCE_API_GRID,149,,,,0.95,True,True,TIER2_OPENSOURCE_PURE;CONTINUOUS_MINUTE_STREAM;VERIFIED_MODEL_GRID,62aa23c57a3b40c0635c87c685081e4553469154ce783907567058408b3d54ad,2026-09-27T02:28:00+00:00,2026-09-27 07:28:00,82.7,1005.2,67
10.1,14.8,42.2,917.6,266.4,41.4,5.2,3.4,0.8,445.0,200.5,7.0,4.3,60.9,27.5,24.27,False,4095,0.0,30.0,125.5,EXT-OPEN-METEO-KHI,KARACHI,OPENSOURCE_API_GRID,150,,,,0.95,True,True,TIER2_OPENSOURCE_PURE;CONTINUOUS_MINUTE_STREAM;VERIFIED_MODEL_GRID,dd224c2bf12d6e7afe48a37e932bfcbb368e7167713df5ac8ac50c9366922165,2026-09-27T02:29:00+00:00,2026-09-27 07:29:00,82.6,1005.2,67
10.2,15.0,42.8,930.0,270.0,42.0,5.2,3.4,0.9,445.0,201.0,7.0,4.3,61.0,27.6,24.33,False,4095,0.0,30.5,129.5,EXT-OPEN-METEO-KHI,KARACHI,OPENSOURCE_API_GRID,151,,,,0.95,True,True,TIER2_OPENSOURCE_PURE;CONTINUOUS_MINUTE_STREAM;VERIFIED_MODEL_GRID,76cfc2b43d34fda2540a6ba9378d85c56ec86219c1bcac1a9e448a734674aa7d,2026-09-27T02:30:00+00:00,2026-09-27 07:30:00,82.4,1005.2,67
10.3,15.1,43.4,936.2,271.8,42.3,5.3,3.5,0.9,445.0,201.5,7.0,4.4,61.1,27.6,24.31,False,4095,0.0,31.0,133.5,EXT-OPEN-METEO-KHI,KARACHI,OPENSOURCE_API_GRID,152,,,,0.95,True,True,TIER2_OPENSOURCE_PURE;CONTINUOUS_MINUTE_STREAM;VERIFIED_MODEL_GRID,331c11fa0bddea92e9a5072103ba44a1bfa4b37621348391f3a6595468014a37,2026-09-27T02:31:00+00:00,2026-09-27 07:31:00,82.3,1005.2,67
10.3,15.2,44.0,942.4,273.6,42.6,5.3,3.5,0.9,445.0,201.9,7.0,4.4,61.1,27.6,24.29,False,4095,0.0,31.5,137.5,EXT-OPEN-METEO-KHI,KARACHI,OPENSOURCE_API_GRID,153,,,,0.95,True,True,TIER2_OPENSOURCE_PURE;CONTINUOUS_MINUTE_STREAM;VERIFIED_MODEL_GRID,ac79495f35024a45a012b64fc91b607032205086d4d866443bbb5043b613738b,2026-09-27T02:32:00+00:00,2026-09-27 07:32:00,82.2,1005.2,67
10.5,15.4,44.6,954.8,277.2,43.1,5.4,3.6,0.9,445.0,202.4,7.0,4.4,61.2,27.6,24.27,False,4095,0.0,32.0,141.5,EXT-OPEN-METEO-KHI,KARACHI,OPENSOURCE_API_GRID,154,,,,0.95,True,True,TIER2_OPENSOURCE_PURE;CONTINUOUS_MINUTE_STREAM;VERIFIED_MODEL_GRID,3745c48e75e888010a7c5c6145ff16ec74ec38773073859ee1cd7341d85a24e1,2026-09-27T02:33:00+00:00,2026-09-27 07:33:00,82.1,1005.2,67
10.5,15.5,45.2,961.0,279.0,43.4,5.4,3.6,0.9,445.0,202.9,7.1,4.4,61.2,27.7,24.35,False,4095,0.0,32.5,145.4,EXT-OPEN-METEO-KHI,KARACHI,OPENSOURCE_API_GRID,155,,,,0.95,True,True,TIER2_OPENSOURCE_PURE;CONTINUOUS_MINUTE_STREAM;VERIFIED_MODEL_GRID,93f17910855bef4e96b970910acfeca27b4d6149a6a2b01a3f70e650c504b2d5,2026-09-27T02:34:00+00:00,2026-09-27 07:34:00,82.0,1005.3,67
10.5,15.5,45.6,961.0,279.0,43.4,5.4,3.6,0.9,445.0,203.3,7.1,4.4,61.3,27.7,24.35,False,4095,0.0,33.0,149.3,EXT-OPEN-METEO-KHI,KARACHI,OPENSOURCE_API_GRID,156,,,,0.95,True,True,TIER2_OPENSOURCE_PURE;CONTINUOUS_MINUTE_STREAM;VERIFIED_MODEL_GRID,1975af912e178cf4915d3c1f8ed3c577dfa003f8f157ae5c0f9cf91bbb2dac89,2026-09-27T02:35:00+00:00,2026-09-27 07:35:00,82.0,1005.3,67
10.7,15.7,46.2,973.4,282.6,44.0,5.5,3.7,0.9,445.0,203.8,7.1,4.4,61.3,27.7,24.33,False,4095,0.0,33.4,153.1,EXT-OPEN-METEO-KHI,KARACHI,OPENSOURCE_API_GRID,157,,,,0.95,True,True,TIER2_OPENSOURCE_PURE;CONTINUOUS_MINUTE_STREAM;VERIFIED_MODEL_GRID,f2919b5ccd2f12a02426dbb34368368a51982efaa36481a982fa351c254fdb86,2026-09-27T02:36:00+00:00,2026-09-27 07:36:00,81.9,1005.3,67
10.7,15.8,46.7,979.6,284.4,44.2,5.5,3.7,0.9,445.0,204.2,7.1,4.4,61.4,27.8,24.38,False,4095,0.0,33.9,156.9,EXT-OPEN-METEO-KHI,KARACHI,OPENSOURCE_API_GRID,158,,,,0.95,True,True,TIER2_OPENSOURCE_PURE;CONTINUOUS_MINUTE_STREAM;VERIFIED_MODEL_GRID,ad52e535a597c92a6a83a4302c0a9131ead4de61b6d47c7a38edaf3b2e07d9f2,2026-09-27T02:37:00+00:00,2026-09-27 07:37:00,81.7,1005.3,67
10.8,15.9,47.3,985.8,286.2,44.5,5.6,3.8,0.9,445.0,204.7,7.1,4.4,61.4,27.8,24.36,False,4095,0.0,34.4,160.6,EXT-OPEN-METEO-KHI,KARACHI,OPENSOURCE_API_GRID,159,,,,0.95,True,True,TIER2_OPENSOURCE_PURE;CONTINUOUS_MINUTE_STREAM;VERIFIED_MODEL_GRID,a83d3ef8ee8b117953831b16ae99f8425455910761d4f3e06585694d9ee4403c,2026-09-27T02:38:00+00:00,2026-09-27 07:38:00,81.6,1005.3,67
10.9,16.0,47.8,992.0,288.0,44.8,5.6,3.8,1.0,445.0,205.1,7.1,4.4,61.5,27.8,24.34,False,4095,0.0,34.8,164.2,EXT-OPEN-METEO-KHI,KARACHI,OPENSOURCE_API_GRID,160,,,,0.95,True,True,TIER2_OPENSOURCE_PURE;CONTINUOUS_MINUTE_STREAM;VERIFIED_MODEL_GRID,3416d46ca04376f54fed76dc7e289d1ca4cba9980f4435d29724a86de8fe1f7f,2026-09-27T02:39:00+00:00,2026-09-27 07:39:00,81.5,1005.3,67
11.0,16.2,48.3,1004.4,291.6,45.4,5.7,3.9,1.0,445.0,205.5,7.1,4.4,61.5,27.8,24.32,False,4095,0.0,35.2,167.7,EXT-OPEN-METEO-KHI,KARACHI,OPENSOURCE_API_GRID,161,,,,0.95,True,True,TIER2_OPENSOURCE_PURE;CONTINUOUS_MINUTE_STREAM;VERIFIED_MODEL_GRID,394378ef13b466bb2dc2bec0a3e99ca80c4624355cad93ece0524623b958d366,2026-09-27T02:40:00+00:00,2026-09-27 07:40:00,81.4,1005.4,67
11.1,16.3,48.8,1010.6,293.4,45.6,5.7,3.9,1.0,445.0,205.9,7.2,4.4,61.5,27.9,24.38,False,4095,0.0,35.7,171.2,EXT-OPEN-METEO-KHI,KARACHI,OPENSOURCE_API_GRID,162,,,,0.95,True,True,TIER2_OPENSOURCE_PURE;CONTINUOUS_MINUTE_STREAM;VERIFIED_MODEL_GRID,da0cbb7577c247311e6e1894738740a5dc10ab0785ffd2674d0642ddfae3261e,2026-09-27T02:41:00+00:00,2026-09-27 07:41:00,81.2,1005.4,67
11.1,16.3,49.2,1010.6,293.4,45.6,5.7,3.9,1.0,445.0,206.3,7.2,4.4,61.6,27.9,24.36,False,4095,0.0,36.1,174.5,EXT-OPEN-METEO-KHI,KARACHI,OPENSOURCE_API_GRID,163,,,,0.95,True,True,TIER2_OPENSOURCE_PURE;CONTINUOUS_MINUTE_STREAM;VERIFIED_MODEL_GRID,899c01c3e01a403232f0cd377c36a9ae70b7c566cd9233f5b366942b00d08340,2026-09-27T02:42:00+00:00,2026-09-27 07:42:00,81.1,1005.4,67
11.2,16.4,49.6,1016.8,295.2,45.9,5.7,4.0,1.0,445.0,206.7,7.2,4.4,61.6,27.9,24.34,False,4095,0.0,36.5,177.6,EXT-OPEN-METEO-KHI,KARACHI,OPENSOURCE_API_GRID,164,,,,0.95,True,True,TIER2_OPENSOURCE_PURE;CONTINUOUS_MINUTE_STREAM;VERIFIED_MODEL_GRID,ce771a5ebda07ab86352fc3313853de09af14f1b65508071e9b3f79c529fd1f3,2026-09-27T02:43:00+00:00,2026-09-27 07:43:00,81.0,1005.4,67
11.2,16.5,50.0,1023.0,297.0,46.2,5.8,4.0,1.0,445.0,207.0,7.2,4.5,61.7,27.9,24.3,False,4095,0.0,36.9,180.7,EXT-OPEN-METEO-KHI,KARACHI,OPENSOURCE_API_GRID,165,,,,0.95,True,True,TIER2_OPENSOURCE_PURE;CONTINUOUS_MINUTE_STREAM;VERIFIED_MODEL_GRID,64b85a2fa4e60cf3ec89a9912e65779c50cf347da45ed7553dde7735467c38ca,2026-09-27T02:44:00+00:00,2026-09-27 07:44:00,80.8,1005.4,67
11.2,16.5,50.4,1023.0,297.0,46.2,5.8,4.0,1.0,445.0,207.4,7.2,4.5,61.7,27.9,24.27,False,4095,0.0,37.2,183.6,EXT-OPEN-METEO-KHI,KARACHI,OPENSOURCE_API_GRID,166,,,,0.95,True,True,TIER2_OPENSOURCE_PURE;CONTINUOUS_MINUTE_STREAM;VERIFIED_MODEL_GRID,39e88a552f77e57b2e94b683d0e5227fad61513883533623abad5831c97b3662,2026-09-27T02:45:00+00:00,2026-09-27 07:45:00,80.7,1005.4,67
11.3,16.6,50.7,1029.2,298.8,46.5,5.8,4.1,1.0,445.0,207.7,7.2,4.5,61.7,27.9,24.25,False,4095,0.0,37.6,186.4,EXT-OPEN-METEO-KHI,KARACHI,OPENSOURCE_API_GRID,167,,,,0.95,True,True,TIER2_OPENSOURCE_PURE;CONTINUOUS_MINUTE_STREAM;VERIFIED_MODEL_GRID,497975c52cc903de180c44c435d4eebec7b1b6a762bca9137f1f76ad6ee598de,2026-09-27T02:46:00+00:00,2026-09-27 07:46:00,80.6,1005.4,67
11.3,16.6,51.0,1029.2,298.8,46.5,5.8,4.1,1.0,445.0,208.0,7.2,4.5,61.8,27.9,24.23,False,4095,0.0,37.9,189.0,EXT-OPEN-METEO-KHI,KARACHI,OPENSOURCE_API_GRID,168,,,,0.95,True,True,TIER2_OPENSOURCE_PURE;CONTINUOUS_MINUTE_STREAM;VERIFIED_MODEL_GRID,40dc2c92de754887ee43df0e013de5ac43a87d7bad39331ef3031d039f102414,2026-09-27T02:47:00+00:00,2026-09-27 07:47:00,80.5,1005.5,67
11.3,16.6,51.2,1029.2,298.8,46.5,5.8,4.1,1.0,445.0,208.3,7.2,4.5,61.8,27.9,24.21,False,4095,0.0,38.2,191.4,EXT-OPEN-METEO-KHI,KARACHI,OPENSOURCE_API_GRID,169,,,,0.95,True,True,TIER2_OPENSOURCE_PURE;CONTINUOUS_MINUTE_STREAM;VERIFIED_MODEL_GRID,1c6186d8c36b3977705df34351fa89a1c774aa23e8c6747e9adfdaba6dbf4bd3,2026-09-27T02:48:00+00:00,2026-09-27 07:48:00,80.4,1005.5,67
11.3,16.6,51.5,1029.2,298.8,46.5,5.8,4.1,1.0,445.0,208.5,7.3,4.5,61.8,28.0,24.29,False,4095,0.0,38.5,193.7,EXT-OPEN-METEO-KHI,KARACHI,OPENSOURCE_API_GRID,170,,,,0.95,True,True,TIER2_OPENSOURCE_PURE;CONTINUOUS_MINUTE_STREAM;VERIFIED_MODEL_GRID,164ec02c1d2ca59a4c691fe6a4befdeac8cfb7258ef4bf914207ee9fa9b984c4,2026-09-27T02:49:00+00:00,2026-09-27 07:49:00,80.3,1005.5,67
11.3,16.6,51.7,1029.2,298.8,46.5,5.8,4.1,1.0,445.0,208.8,7.3,4.5,61.9,28.0,24.27,False,4095,0.0,38.7,195.8,EXT-OPEN-METEO-KHI,KARACHI,OPENSOURCE_API_GRID,171,,,,0.95,True,True,TIER2_OPENSOURCE_PURE;CONTINUOUS_MINUTE_STREAM;VERIFIED_MODEL_GRID,85b3b0dc38b86044531e71d634ff2209c7767f3d547202974f65df45ddf0a008,2026-09-27T02:50:00+00:00,2026-09-27 07:50:00,80.2,1005.5,67
11.3,16.6,51.9,1029.2,298.8,46.5,5.8,4.2,1.0,445.0,209.0,7.3,4.5,61.9,28.0,24.25,False,4095,0.0,39.0,197.7,EXT-OPEN-METEO-KHI,KARACHI,OPENSOURCE_API_GRID,172,,,,0.95,True,True,TIER2_OPENSOURCE_PURE;CONTINUOUS_MINUTE_STREAM;VERIFIED_MODEL_GRID,230f292998c20f14dc60ade40e0029b7f6aca22278fbff5789a81a2a5b831308,2026-09-27T02:51:00+00:00,2026-09-27 07:51:00,80.1,1005.5,67
11.3,16.6,52.0,1029.2,298.8,46.5,5.8,4.2,1.0,445.0,209.2,7.3,4.5,61.9,28.0,24.25,False,4095,0.0,39.2,199.4,EXT-OPEN-METEO-KHI,KARACHI,OPENSOURCE_API_GRID,173,,,,0.95,True,True,TIER2_OPENSOURCE_PURE;CONTINUOUS_MINUTE_STREAM;VERIFIED_MODEL_GRID,b4b4c9f993ce075e68e953caaf93ad11a9206e3602c2058116283e0b2827d454,2026-09-27T02:52:00+00:00,2026-09-27 07:52:00,80.1,1005.5,67
11.3,16.6,52.2,1029.2,298.8,46.5,5.8,4.2,1.0,445.0,209.4,7.3,4.5,61.9,28.0,24.23,False,4095,0.0,39.4,200.9,EXT-OPEN-METEO-KHI,KARACHI,OPENSOURCE_API_GRID,174,,,,0.95,True,True,TIER2_OPENSOURCE_PURE;CONTINUOUS_MINUTE_STREAM;VERIFIED_MODEL_GRID,8b5fa74ff1da27a1db8844590679bd01a40a2c3021aebae137e05d97fb8162bc,2026-09-27T02:53:00+00:00,2026-09-27 07:53:00,80.0,1005.5,67
11.3,16.6,52.3,1029.2,298.8,46.5,5.8,4.2,1.0,445.0,209.6,7.3,4.5,62.0,27.9,24.13,False,4095,0.0,39.5,202.3,EXT-OPEN-METEO-KHI,KARACHI,OPENSOURCE_API_GRID,175,,,,0.95,True,True,TIER2_OPENSOURCE_PURE;CONTINUOUS_MINUTE_STREAM;VERIFIED_MODEL_GRID,cd1774aa3db8f8123bb6d7b6cc70f6e664b364067dec821bdc20aa58eb591147,2026-09-27T02:54:00+00:00,2026-09-27 07:54:00,80.0,1005.5,67
11.3,16.6,52.5,1029.2,298.8,46.5,5.8,4.2,1.1,445.0,209.7,7.3,4.5,62.0,27.9,24.11,False,4095,0.0,39.7,203.4,EXT-OPEN-METEO-KHI,KARACHI,OPENSOURCE_API_GRID,176,,,,0.95,True,True,TIER2_OPENSOURCE_PURE;CONTINUOUS_MINUTE_STREAM;VERIFIED_MODEL_GRID,c7a9ab4ba14a06bbb910c29ff5c1caec09da2647653ba86c4a67f23ca683b3d3,2026-09-27T02:55:00+00:00,2026-09-27 07:55:00,79.9,1005.5,67
11.4,16.7,52.6,1035.4,300.6,46.8,5.8,4.2,1.1,445.0,209.8,7.3,4.5,62.0,27.9,24.11,False,4095,0.0,39.8,204.3,EXT-OPEN-METEO-KHI,KARACHI,OPENSOURCE_API_GRID,177,,,,0.95,True,True,TIER2_OPENSOURCE_PURE;CONTINUOUS_MINUTE_STREAM;VERIFIED_MODEL_GRID,7aae7a677df10d5ece91d9fdda771501cbc08cae8f5be29007fc3c0c400f07e6,2026-09-27T02:56:00+00:00,2026-09-27 07:56:00,79.9,1005.5,67
11.4,16.7,52.7,1035.4,300.6,46.8,5.8,4.2,1.1,445.0,209.9,7.3,4.5,62.0,27.9,24.11,False,4095,0.0,39.9,205.1,EXT-OPEN-METEO-KHI,KARACHI,OPENSOURCE_API_GRID,178,,,,0.95,True,True,TIER2_OPENSOURCE_PURE;CONTINUOUS_MINUTE_STREAM;VERIFIED_MODEL_GRID,fe6d26a105f78b9f269ee8fd1eacbea5df29b9caf91cfc362d08d0ae19c92ccd,2026-09-27T02:57:00+00:00,2026-09-27 07:57:00,79.9,1005.5,67
11.4,16.7,52.8,1035.4,300.6,46.8,5.8,4.2,1.1,445.0,210.0,7.3,4.5,62.0,27.9,24.11,False,4095,0.0,39.9,205.6,EXT-OPEN-METEO-KHI,KARACHI,OPENSOURCE_API_GRID,179,,,,0.95,True,True,TIER2_OPENSOURCE_PURE;CONTINUOUS_MINUTE_STREAM;VERIFIED_MODEL_GRID,4fb24d88fb0a0905230536a4334912f2abd66640724bd7de7d1d9eabba04e88f,2026-09-27T02:58:00+00:00,2026-09-27 07:58:00,79.9,1005.5,67
11.4,16.7,52.8,1035.4,300.6,46.8,5.8,4.2,1.1,445.0,210.0,7.3,4.5,62.0,27.9,24.11,False,4095,0.0,40.0,205.9,EXT-OPEN-METEO-KHI,KARACHI,OPENSOURCE_API_GRID,180,,,,0.95,True,True,TIER2_OPENSOURCE_PURE;CONTINUOUS_MINUTE_STREAM;VERIFIED_MODEL_GRID,412930ba00a1b6beffe1b418514df3e93e411cd70152141b52e0422db1feb7f5,2026-09-27T02:59:00+00:00,2026-09-27 07:59:00,79.9,1005.5,67
11.4,16.8,52.9,1041.6,302.4,47.0,5.9,4.2,1.1,445.0,210.0,7.3,4.5,62.0,28.0,24.21,False,4095,0.0,40.0,206.0,EXT-OPEN-METEO-KHI,KARACHI,OPENSOURCE_API_GRID,181,,,,0.95,True,False,TIER2_OPENSOURCE_PURE;HOURLY_NODE;VERIFIED_MODEL_GRID,7cd47f2cc155f0ac7c76262306a101be20db0c16c7aef8f01429edb83f965317,2026-09-27T03:00:00+00:00,2026-09-27 08:00:00,79.9,1005.5,67
11.4,16.8,53.0,1041.6,302.4,47.0,5.9,4.2,1.1,445.0,210.0,7.3,4.5,62.0,28.0,24.21,False,4095,0.0,40.0,206.1,EXT-OPEN-METEO-KHI,KARACHI,OPENSOURCE_API_GRID,182,,,,0.95,True,True,TIER2_OPENSOURCE_PURE;CONTINUOUS_MINUTE_STREAM;VERIFIED_MODEL_GRID,38fbc8efaf4545b717da01c31943e19b7cb3c5a475ad759fea0515ae4466e4d2,2026-09-27T03:01:00+00:00,2026-09-27 08:01:00,79.9,1005.5,67
11.5,16.9,53.1,1047.8,304.2,47.3,5.9,4.2,1.1,445.0,210.0,7.3,4.5,62.0,28.0,24.21,False,4095,0.0,40.1,206.5,EXT-OPEN-METEO-KHI,KARACHI,OPENSOURCE_API_GRID,183,,,,0.95,True,True,TIER2_OPENSOURCE_PURE;CONTINUOUS_MINUTE_STREAM;VERIFIED_MODEL_GRID,fa727d16f4f2d5df395b80a259d7ddba10817b51146935467e2dd3ad1ce2ca16,2026-09-27T03:02:00+00:00,2026-09-27 08:02:00,79.9,1005.5,67
11.5,16.9,53.4,1047.8,304.2,47.3,5.9,4.3,1.1,445.0,209.9,7.3,4.5,62.0,28.0,24.23,False,4095,0.0,40.3,207.1,EXT-OPEN-METEO-KHI,KARACHI,OPENSOURCE_API_GRID,184,,,,0.95,True,True,TIER2_OPENSOURCE_PURE;CONTINUOUS_MINUTE_STREAM;VERIFIED_MODEL_GRID,1ecf42ec35c89ef09c35665c888c64907dbc1cf7d50374675e3925653db86036,2026-09-27T03:03:00+00:00,2026-09-27 08:03:00,80.0,1005.5,67
11.6,17.0,53.7,1054.0,306.0,47.6,5.9,4.3,1.1,445.0,209.9,7.3,4.5,62.1,28.0,24.21,False,4095,0.0,40.6,208.0,EXT-OPEN-METEO-KHI,KARACHI,OPENSOURCE_API_GRID,185,,,,0.95,True,True,TIER2_OPENSOURCE_PURE;CONTINUOUS_MINUTE_STREAM;VERIFIED_MODEL_GRID,ec91702e852bb6493e6c9a0c38df5a4d4a24aa57296c9858bca99fdfc4153ba0,2026-09-27T03:04:00+00:00,2026-09-27 08:04:00,79.9,1005.5,67
11.6,17.1,54.0,1060.2,307.8,47.9,6.0,4.3,1.1,445.0,209.8,7.3,4.5,62.1,28.0,24.21,False,4095,0.0,40.9,209.1,EXT-OPEN-METEO-KHI,KARACHI,OPENSOURCE_API_GRID,186,,,,0.95,True,True,TIER2_OPENSOURCE_PURE;CONTINUOUS_MINUTE_STREAM;VERIFIED_MODEL_GRID,3876d64b43e139d6544f871a82f0d9233455fd877bf797e30a5c82283f1c0ce3,2026-09-27T03:05:00+00:00,2026-09-27 08:05:00,79.9,1005.5,67
11.6,17.1,54.3,1060.2,307.8,47.9,6.0,4.3,1.1,445.0,209.8,7.3,4.5,62.2,28.0,24.23,False,4095,0.0,41.3,210.4,EXT-OPEN-METEO-KHI,KARACHI,OPENSOURCE_API_GRID,187,,,,0.95,True,True,TIER2_OPENSOURCE_PURE;CONTINUOUS_MINUTE_STREAM;VERIFIED_MODEL_GRID,00b13dec2d8711fae169ff6c141f60b261e0f85a2a2de8dcb54bfa5301683218,2026-09-27T03:06:00+00:00,2026-09-27 08:06:00,80.0,1005.5,67
11.8,17.3,54.7,1072.6,311.4,48.4,6.1,4.4,1.1,445.0,209.7,7.3,4.5,62.2,28.0,24.21,False,4095,0.0,41.7,212.0,EXT-OPEN-METEO-KHI,KARACHI,OPENSOURCE_API_GRID,188,,,,0.95,True,True,TIER2_OPENSOURCE_PURE;CONTINUOUS_MINUTE_STREAM;VERIFIED_MODEL_GRID,14370048b9fb10e309ec40b4b12a27bb7f7be45b4ec67cb41699d82e3ac671dc,2026-09-27T03:07:00+00:00,2026-09-27 08:07:00,79.9,1005.5,67
11.8,17.4,55.3,1078.8,313.2,48.7,6.1,4.4,1.1,445.0,209.6,7.3,4.5,62.3,28.1,24.28,False,4095,0.0,42.2,213.7,EXT-OPEN-METEO-KHI,KARACHI,OPENSOURCE_API_GRID,189,,,,0.95,True,True,TIER2_OPENSOURCE_PURE;CONTINUOUS_MINUTE_STREAM;VERIFIED_MODEL_GRID,1dcd85f63f757e3049c3e6a9e4e815a5c164335c3855ae55f007ce500a1f59b9,2026-09-27T03:08:00+00:00,2026-09-27 08:08:00,79.8,1005.5,67
11.9,17.5,55.8,1085.0,315.0,49.0,6.1,4.5,1.1,445.0,209.5,7.2,4.5,62.4,28.1,24.28,False,4095,0.0,42.8,215.8,EXT-OPEN-METEO-KHI,KARACHI,OPENSOURCE_API_GRID,190,,,,0.95,True,True,TIER2_OPENSOURCE_PURE;CONTINUOUS_MINUTE_STREAM;VERIFIED_MODEL_GRID,e4240a0cb0a175a2f2b77a4b34d735aa0bb4257b72532d056ca68a7f9e7cf35b,2026-09-27T03:09:00+00:00,2026-09-27 08:09:00,79.8,1005.5,67
12.0,17.7,56.5,1097.4,318.6,49.6,6.2,4.5,1.1,445.0,209.3,7.2,4.5,62.5,28.1,24.24,False,4095,0.0,43.5,218.0,EXT-OPEN-METEO-KHI,KARACHI,OPENSOURCE_API_GRID,191,,,,0.95,True,True,TIER2_OPENSOURCE_PURE;CONTINUOUS_MINUTE_STREAM;VERIFIED_MODEL_GRID,5462936692098d4744c5aa287845ecab20ef543d75a2ee778ba3836d7859c6c0,2026-09-27T03:10:00+00:00,2026-09-27 08:10:00,79.6,1005.5,67
12.2,17.9,57.2,1109.8,322.2,50.1,6.3,4.6,1.1,445.0,209.2,7.2,4.5,62.6,28.1,24.22,False,4095,0.0,44.2,220.5,EXT-OPEN-METEO-KHI,KARACHI,OPENSOURCE_API_GRID,192,,,,0.95,True,True,TIER2_OPENSOURCE_PURE;CONTINUOUS_MINUTE_STREAM;VERIFIED_MODEL_GRID,4b16551b96e65a304a3db579c4478b98d25576f1655ff87944a36dd7dee9e30c,2026-09-27T03:11:00+00:00,2026-09-27 08:11:00,79.5,1005.5,67
12.2,18.0,57.9,1116.0,324.0,50.4,6.3,4.6,1.2,445.0,209.0,7.2,4.5,62.7,28.1,24.2,False,4095,0.0,45.0,223.1,EXT-OPEN-METEO-KHI,KARACHI,OPENSOURCE_API_GRID,193,,,,0.95,True,True,TIER2_OPENSOURCE_PURE;CONTINUOUS_MINUTE_STREAM;VERIFIED_MODEL_GRID,1f0d2dd50e205a1184816f8e0537e9c921bb7f3b7697c08e385daacc04aa8df8,2026-09-27T03:12:00+00:00,2026-09-27 08:12:00,79.4,1005.6,67
12.4,18.2,58.6,1128.4,327.6,51.0,6.4,4.7,1.2,445.0,208.9,7.2,4.5,62.8,28.1,24.18,False,4095,0.0,45.8,226.0,EXT-OPEN-METEO-KHI,KARACHI,OPENSOURCE_API_GRID,194,,,,0.95,True,True,TIER2_OPENSOURCE_PURE;CONTINUOUS_MINUTE_STREAM;VERIFIED_MODEL_GRID,6ba50a614a4338d3da46efc63f8f6da1623263a62cc1bdf0831ede466056fd2e,2026-09-27T03:13:00+00:00,2026-09-27 08:13:00,79.3,1005.6,67
12.4,18.3,59.4,1134.6,329.4,51.2,6.4,4.8,1.2,445.0,208.7,7.2,4.5,62.9,28.2,24.23,False,4095,0.0,46.7,229.0,EXT-OPEN-METEO-KHI,KARACHI,OPENSOURCE_API_GRID,195,,,,0.95,True,True,TIER2_OPENSOURCE_PURE;CONTINUOUS_MINUTE_STREAM;VERIFIED_MODEL_GRID,e2242c1e5e84cc60eeffe5ff9347e6dbe913aa5820b6eb58e051e4b86d241467,2026-09-27T03:14:00+00:00,2026-09-27 08:14:00,79.1,1005.6,67
12.6,18.5,60.3,1147.0,333.0,51.8,6.5,4.8,1.2,445.0,208.5,7.2,4.5,63.0,28.2,24.21,False,4095,0.0,47.6,232.2,EXT-OPEN-METEO-KHI,KARACHI,OPENSOURCE_API_GRID,196,,,,0.95,True,True,TIER2_OPENSOURCE_PURE;CONTINUOUS_MINUTE_STREAM;VERIFIED_MODEL_GRID,915da88921c53c65db8323ea148151e621bdbeefd583173f18e243b4706cd56a,2026-09-27T03:15:00+00:00,2026-09-27 08:15:00,79.0,1005.6,67
12.6,18.6,61.1,1153.2,334.8,52.1,6.5,4.9,1.2,445.0,208.3,7.1,4.5,63.2,28.2,24.17,False,4095,0.0,48.6,235.6,EXT-OPEN-METEO-KHI,KARACHI,OPENSOURCE_API_GRID,197,,,,0.95,True,True,TIER2_OPENSOURCE_PURE;CONTINUOUS_MINUTE_STREAM;VERIFIED_MODEL_GRID,4b312dce1f11d32b2d0ea4a78a0d2db4f4cf30c1c5cdd6a1af0bddf8e940438c,2026-09-27T03:16:00+00:00,2026-09-27 08:16:00,78.8,1005.6,67
12.8,18.8,62.0,1165.6,338.4,52.6,6.6,5.0,1.2,445.0,208.1,7.1,4.5,63.3,28.2,24.15,False,4095,0.0,49.6,239.2,EXT-OPEN-METEO-KHI,KARACHI,OPENSOURCE_API_GRID,198,,,,0.95,True,True,TIER2_OPENSOURCE_PURE;CONTINUOUS_MINUTE_STREAM;VERIFIED_MODEL_GRID,05375baef6a263b6e22813399e0cad3a2e23f60f717d3673def2b1f23d058313,2026-09-27T03:17:00+00:00,2026-09-27 08:17:00,78.7,1005.6,67
12.9,19.0,62.9,1178.0,342.0,53.2,6.6,5.0,1.3,445.0,207.9,7.1,4.5,63.4,28.2,24.11,False,4095,0.0,50.7,242.9,EXT-OPEN-METEO-KHI,KARACHI,OPENSOURCE_API_GRID,199,,,,0.95,True,True,TIER2_OPENSOURCE_PURE;CONTINUOUS_MINUTE_STREAM;VERIFIED_MODEL_GRID,031e75a2d91d7079776354cf48474f6ff339e32f10180cf1710c860b49f99518,2026-09-27T03:18:00+00:00,2026-09-27 08:18:00,78.5,1005.6,67
13.0,19.1,63.9,1184.2,343.8,53.5,6.7,5.1,1.3,445.0,207.7,7.1,4.5,63.6,28.2,24.06,False,4095,0.0,51.8,246.8,EXT-OPEN-METEO-KHI,KARACHI,OPENSOURCE_API_GRID,200,,,,0.95,True,True,TIER2_OPENSOURCE_PURE;CONTINUOUS_MINUTE_STREAM;VERIFIED_MODEL_GRID,297d47c5f55bd30d4d6e0c11c3268baa871e134d005f0b866adb69c9daeb64be,2026-09-27T03:19:00+00:00,2026-09-27 08:19:00,78.3,1005.6,67
13.1,19.3,64.9,1196.6,347.4,54.0,6.8,5.2,1.3,445.0,207.5,7.0,4.5,63.8,28.2,24.02,False,4095,0.0,53.0,250.8,EXT-OPEN-METEO-KHI,KARACHI,OPENSOURCE_API_GRID,201,,,,0.95,True,True,TIER2_OPENSOURCE_PURE;CONTINUOUS_MINUTE_STREAM;VERIFIED_MODEL_GRID,28b6d0a0e0c75e3eb74b1503ccf5843c61a22b401bffc056e98cd978483e3138,2026-09-27T03:20:00+00:00,2026-09-27 08:20:00,78.1,1005.6,67
13.3,19.5,65.9,1209.0,351.0,54.6,6.8,5.3,1.3,445.0,207.3,7.0,4.5,63.9,28.3,24.1,False,4095,0.0,54.2,254.9,EXT-OPEN-METEO-KHI,KARACHI,OPENSOURCE_API_GRID,202,,,,0.95,True,True,TIER2_OPENSOURCE_PURE;CONTINUOUS_MINUTE_STREAM;VERIFIED_MODEL_GRID,fb7406917895d6ef050c8a53246581f9b9b17ae5e987a6ee81882378f7450f6a,2026-09-27T03:21:00+00:00,2026-09-27 08:21:00,78.0,1005.6,67
13.4,19.7,66.9,1221.4,354.6,55.2,6.9,5.4,1.3,445.0,207.0,7.0,4.5,64.1,28.3,24.05,False,4095,0.0,55.4,259.2,EXT-OPEN-METEO-KHI,KARACHI,OPENSOURCE_API_GRID,203,,,,0.95,True,True,TIER2_OPENSOURCE_PURE;CONTINUOUS_MINUTE_STREAM;VERIFIED_MODEL_GRID,3f59fb6a1c16cb7bd64417c656e3c12d0f3247de55dc4493c006efc2606ca1a1,2026-09-27T03:22:00+00:00,2026-09-27 08:22:00,77.8,1005.6,67
13.5,19.9,68.0,1233.8,358.2,55.7,7.0,5.4,1.4,445.0,206.8,7.0,4.5,64.2,28.3,24.01,False,4095,0.0,56.7,263.5,EXT-OPEN-METEO-KHI,KARACHI,OPENSOURCE_API_GRID,204,,,,0.95,True,True,TIER2_OPENSOURCE_PURE;CONTINUOUS_MINUTE_STREAM;VERIFIED_MODEL_GRID,c9a1f8bf224d12c0cc6938a8580c13dbbc2b8e9da7f81001c2581ba925523e26,2026-09-27T03:23:00+00:00,2026-09-27 08:23:00,77.6,1005.6,67
13.7,20.1,69.1,1246.2,361.8,56.3,7.0,5.5,1.4,445.0,206.5,7.0,4.5,64.4,28.3,23.97,False,4095,0.0,58.0,267.9,EXT-OPEN-METEO-KHI,KARACHI,OPENSOURCE_API_GRID,205,,,,0.95,True,True,TIER2_OPENSOURCE_PURE;CONTINUOUS_MINUTE_STREAM;VERIFIED_MODEL_GRID,d7d45c586395a0c488a8218699ac3e761cfe8cfb48a4fe2d67f6702ef9b8761d,2026-09-27T03:24:00+00:00,2026-09-27 08:24:00,77.4,1005.7,67
13.8,20.3,70.3,1258.6,365.4,56.8,7.1,5.6,1.4,445.0,206.3,6.9,4.5,64.6,28.3,23.95,False,4095,0.0,59.3,272.4,EXT-OPEN-METEO-KHI,KARACHI,OPENSOURCE_API_GRID,206,,,,0.95,True,True,TIER2_OPENSOURCE_PURE;CONTINUOUS_MINUTE_STREAM;VERIFIED_MODEL_GRID,da88cb96e6159722d95fb39f703b3ac9cd8f264a7b3cd2b9a3739bdabe87a398,2026-09-27T03:25:00+00:00,2026-09-27 08:25:00,77.3,1005.7,67
13.9,20.5,71.4,1271.0,369.0,57.4,7.2,5.7,1.4,445.0,206.0,6.9,4.5,64.8,28.3,23.9,False,4095,0.0,60.6,277.0,EXT-OPEN-METEO-KHI,KARACHI,OPENSOURCE_API_GRID,207,,,,0.95,True,True,TIER2_OPENSOURCE_PURE;CONTINUOUS_MINUTE_STREAM;VERIFIED_MODEL_GRID,88923d38d44cb7e5c5ef890080232fe9e43c545a6e4494bb9a31a2c9a4ba6114,2026-09-27T03:26:00+00:00,2026-09-27 08:26:00,77.1,1005.7,67
14.1,20.7,72.6,1283.4,372.6,58.0,7.2,5.8,1.5,445.0,205.8,6.9,4.5,65.0,28.3,23.86,False,4095,0.0,61.9,281.6,EXT-OPEN-METEO-KHI,KARACHI,OPENSOURCE_API_GRID,208,,,,0.95,True,True,TIER2_OPENSOURCE_PURE;CONTINUOUS_MINUTE_STREAM;VERIFIED_MODEL_GRID,4815673a14045c7aa6a1029fbaa8cec15d8735afda040b47a2b52ba75df2a57f,2026-09-27T03:27:00+00:00,2026-09-27 08:27:00,76.9,1005.7,67
14.3,21.0,73.8,1302.0,378.0,58.8,7.3,5.9,1.5,445.0,205.5,6.9,4.5,65.1,28.4,23.91,False,4095,0.0,63.3,286.2,EXT-OPEN-METEO-KHI,KARACHI,OPENSOURCE_API_GRID,209,,,,0.95,True,True,TIER2_OPENSOURCE_PURE;CONTINUOUS_MINUTE_STREAM;VERIFIED_MODEL_GRID,b81dea6e880a25207868dc905afca640bd36c5e9e8633854fd3b91104f60d054,2026-09-27T03:28:00+00:00,2026-09-27 08:28:00,76.7,1005.7,67
14.5,21.3,75.1,1320.6,383.4,59.6,7.5,6.0,1.5,445.0,205.3,6.8,4.5,65.3,28.4,23.89,False,4095,0.0,64.6,290.9,EXT-OPEN-METEO-KHI,KARACHI,OPENSOURCE_API_GRID,210,,,,0.95,True,True,TIER2_OPENSOURCE_PURE;CONTINUOUS_MINUTE_STREAM;VERIFIED_MODEL_GRID,5429d9f1ac3eaea325386d116963c74ab6c5d619b31c8bdce15d1772393741d1,2026-09-27T03:29:00+00:00,2026-09-27 08:29:00,76.6,1005.7,67
14.6,21.5,76.4,1333.0,387.0,60.2,7.5,6.1,1.5,445.0,205.0,6.8,4.5,65.5,28.4,23.85,False,4095,0.0,66.0,295.6,EXT-OPEN-METEO-KHI,KARACHI,OPENSOURCE_API_GRID,211,,,,0.95,True,True,TIER2_OPENSOURCE_PURE;CONTINUOUS_MINUTE_STREAM;VERIFIED_MODEL_GRID,056e49c0effde279d6ca5e2d5da04413d970976ed8a9255f6712256721c8f356,2026-09-27T03:30:00+00:00,2026-09-27 08:30:00,76.4,1005.7,67
14.8,21.8,77.6,1351.6,392.4,61.0,7.6,6.2,1.6,445.0,204.7,6.8,4.6,65.7,28.4,23.8,False,4095,0.0,67.4,300.3,EXT-OPEN-METEO-KHI,KARACHI,OPENSOURCE_API_GRID,212,,,,0.95,True,True,TIER2_OPENSOURCE_PURE;CONTINUOUS_MINUTE_STREAM;VERIFIED_MODEL_GRID,6084e3a5f1c87f8e81754a36f98daf693a4d7bb2566c6f044c8928b64d1c8344,2026-09-27T03:31:00+00:00,2026-09-27 08:31:00,76.2,1005.7,67
15.0,22.1,78.9,1370.2,397.8,61.9,7.7,6.3,1.6,445.0,204.5,6.7,4.6,65.9,28.5,23.88,False,4095,0.0,68.7,305.0,EXT-OPEN-METEO-KHI,KARACHI,OPENSOURCE_API_GRID,213,,,,0.95,True,True,TIER2_OPENSOURCE_PURE;CONTINUOUS_MINUTE_STREAM;VERIFIED_MODEL_GRID,d7e5a092aefcda545a99225d4af3e896f670eab2ff597bdb03868b938424533a,2026-09-27T03:32:00+00:00,2026-09-27 08:32:00,76.1,1005.7,67
15.2,22.4,80.2,1388.8,403.2,62.7,7.8,6.4,1.6,445.0,204.2,6.7,4.6,66.0,28.5,23.83,False,4095,0.0,70.1,309.6,EXT-OPEN-METEO-KHI,KARACHI,OPENSOURCE_API_GRID,214,,,,0.95,True,True,TIER2_OPENSOURCE_PURE;CONTINUOUS_MINUTE_STREAM;VERIFIED_MODEL_GRID,7fcb4c5b629d18acaf33c41f0200950fc631c4f74aff350221258da8e6a413fd,2026-09-27T03:33:00+00:00,2026-09-27 08:33:00,75.9,1005.7,67
15.4,22.7,81.5,1407.4,408.6,63.6,7.9,6.5,1.6,445.0,204.0,6.7,4.6,66.2,28.5,23.81,False,4095,0.0,71.4,314.2,EXT-OPEN-METEO-KHI,KARACHI,OPENSOURCE_API_GRID,215,,,,0.95,True,True,TIER2_OPENSOURCE_PURE;CONTINUOUS_MINUTE_STREAM;VERIFIED_MODEL_GRID,443bccf0a88f466f14cd045706716ca8acf84c9289d61ebc05dd321d744f3fe5,2026-09-27T03:34:00+00:00,2026-09-27 08:34:00,75.8,1005.7,67
15.6,23.0,82.7,1426.0,414.0,64.4,8.0,6.6,1.7,445.0,203.7,6.7,4.6,66.4,28.5,23.77,False,4095,0.0,72.7,318.8,EXT-OPEN-METEO-KHI,KARACHI,OPENSOURCE_API_GRID,216,,,,0.95,True,True,TIER2_OPENSOURCE_PURE;CONTINUOUS_MINUTE_STREAM;VERIFIED_MODEL_GRID,b7d482e16151c196265c8c73c598ca50443743ea90fbee26b8c1c78633166925,2026-09-27T03:35:00+00:00,2026-09-27 08:35:00,75.6,1005.7,67
15.8,23.3,84.0,1444.6,419.4,65.2,8.2,6.7,1.7,445.0,203.5,6.6,4.6,66.6,28.6,23.84,False,4095,0.0,74.0,323.3,EXT-OPEN-METEO-KHI,KARACHI,OPENSOURCE_API_GRID,217,,,,0.95,True,True,TIER2_OPENSOURCE_PURE;CONTINUOUS_MINUTE_STREAM;VERIFIED_MODEL_GRID,2b9ddaccb48f1b8ca657a57630d91918958dfea36ef852001471fa9d87359599,2026-09-27T03:36:00+00:00,2026-09-27 08:36:00,75.5,1005.8,67
15.9,23.4,85.0,1450.8,421.2,65.5,8.2,6.8,1.7,445.0,203.2,6.6,4.6,66.8,28.6,23.82,False,4095,0.0,75.3,327.7,EXT-OPEN-METEO-KHI,KARACHI,OPENSOURCE_API_GRID,218,,,,0.95,True,True,TIER2_OPENSOURCE_PURE;CONTINUOUS_MINUTE_STREAM;VERIFIED_MODEL_GRID,5b49ba183e5eb7c25aa132a1bf568b27174564f69f004487a665c223912da07e,2026-09-27T03:37:00+00:00,2026-09-27 08:37:00,75.4,1005.8,67
16.1,23.7,86.2,1469.4,426.6,66.4,8.3,6.9,1.7,445.0,203.0,6.6,4.6,66.9,28.6,23.78,False,4095,0.0,76.6,332.0,EXT-OPEN-METEO-KHI,KARACHI,OPENSOURCE_API_GRID,219,,,,0.95,True,True,TIER2_OPENSOURCE_PURE;CONTINUOUS_MINUTE_STREAM;VERIFIED_MODEL_GRID,cdf122b689db6322a9fd9acff1349dc3fb14e6ac10d144cb6a3fbbb10289f3ba,2026-09-27T03:38:00+00:00,2026-09-27 08:38:00,75.2,1005.8,67
16.3,24.0,87.4,1488.0,432.0,67.2,8.4,7.0,1.7,445.0,202.7,6.6,4.6,67.1,28.7,23.85,False,4095,0.0,77.8,336.3,EXT-OPEN-METEO-KHI,KARACHI,OPENSOURCE_API_GRID,220,,,,0.95,True,True,TIER2_OPENSOURCE_PURE;CONTINUOUS_MINUTE_STREAM;VERIFIED_MODEL_GRID,5d967e2bb2602a812158e1b19710c8365573fc61b6719a7d3611ee9e577900b4,2026-09-27T03:39:00+00:00,2026-09-27 08:39:00,75.1,1005.8,67
16.5,24.2,88.5,1500.4,435.6,67.8,8.5,7.1,1.8,445.0,202.5,6.5,4.6,67.2,28.7,23.81,False,4095,0.0,79.0,340.4,EXT-OPEN-METEO-KHI,KARACHI,OPENSOURCE_API_GRID,221,,,,0.95,True,True,TIER2_OPENSOURCE_PURE;CONTINUOUS_MINUTE_STREAM;VERIFIED_MODEL_GRID,7d49814bfd148cdde368c22afcd712a78102753e8217df39c2bf127cdd5f31e6,2026-09-27T03:40:00+00:00,2026-09-27 08:40:00,74.9,1005.8,67
16.7,24.5,89.6,1519.0,441.0,68.6,8.6,7.2,1.8,445.0,202.3,6.5,4.6,67.4,28.7,23.76,False,4095,0.0,80.2,344.4,EXT-OPEN-METEO-KHI,KARACHI,OPENSOURCE_API_GRID,222,,,,0.95,True,True,TIER2_OPENSOURCE_PURE;CONTINUOUS_MINUTE_STREAM;VERIFIED_MODEL_GRID,dadc9f089ddf5c720bfd461b6d4647c5045501f6b7595b04f4b0ac75700b165b,2026-09-27T03:41:00+00:00,2026-09-27 08:41:00,74.7,1005.8,67
16.8,24.7,90.7,1531.4,444.6,69.2,8.6,7.3,1.8,445.0,202.1,6.5,4.6,67.6,28.8,23.81,False,4095,0.0,81.3,348.3,EXT-OPEN-METEO-KHI,KARACHI,OPENSOURCE_API_GRID,223,,,,0.95,True,True,TIER2_OPENSOURCE_PURE;CONTINUOUS_MINUTE_STREAM;VERIFIED_MODEL_GRID,836212e7807fbfaa1ca7229fd20a7d8b8c784fa91b3f784bca890e3b4e83adc7,2026-09-27T03:42:00+00:00,2026-09-27 08:42:00,74.5,1005.8,67
16.9,24.9,91.7,1543.8,448.2,69.7,8.7,7.3,1.8,445.0,201.9,6.5,4.6,67.7,28.8,23.79,False,4095,0.0,82.4,352.0,EXT-OPEN-METEO-KHI,KARACHI,OPENSOURCE_API_GRID,224,,,,0.95,True,True,TIER2_OPENSOURCE_PURE;CONTINUOUS_MINUTE_STREAM;VERIFIED_MODEL_GRID,6ffc6cbd48e6f2794ff7abedeec788c079ab914ff96dc741eba32de157966c52,2026-09-27T03:43:00+00:00,2026-09-27 08:43:00,74.4,1005.8,67
17.1,25.1,92.6,1556.2,451.8,70.3,8.8,7.4,1.9,445.0,201.7,6.5,4.6,67.8,28.8,23.75,False,4095,0.0,83.4,355.6,EXT-OPEN-METEO-KHI,KARACHI,OPENSOURCE_API_GRID,225,,,,0.95,True,True,TIER2_OPENSOURCE_PURE;CONTINUOUS_MINUTE_STREAM;VERIFIED_MODEL_GRID,d982b58d89034e5e8f759e6f476fe47895ef9bd9f0606b9ec4e108d451a59856,2026-09-27T03:44:00+00:00,2026-09-27 08:44:00,74.2,1005.8,67
17.2,25.3,93.5,1568.6,455.4,70.8,8.9,7.5,1.9,445.0,201.5,6.4,4.6,68.0,28.8,23.73,False,4095,0.0,84.4,359.0,EXT-OPEN-METEO-KHI,KARACHI,OPENSOURCE_API_GRID,226,,,,0.95,True,True,TIER2_OPENSOURCE_PURE;CONTINUOUS_MINUTE_STREAM;VERIFIED_MODEL_GRID,d07ef88468b5fa2dd60f9b0ca297b6859a9809ef11b6b3d6722346b07a91d180,2026-09-27T03:45:00+00:00,2026-09-27 08:45:00,74.1,1005.9,67
17.3,25.4,94.3,1574.8,457.2,71.1,8.9,7.5,1.9,445.0,201.3,6.4,4.6,68.1,28.8,23.68,False,4095,0.0,85.3,362.2,EXT-OPEN-METEO-KHI,KARACHI,OPENSOURCE_API_GRID,227,,,,0.95,True,True,TIER2_OPENSOURCE_PURE;CONTINUOUS_MINUTE_STREAM;VERIFIED_MODEL_GRID,e1af87ccc2b525d4c864e52e9b8b6d8e9748040036cfcc467298c4ccd82bd9b6,2026-09-27T03:46:00+00:00,2026-09-27 08:46:00,73.9,1005.9,67
17.4,25.6,95.1,1587.2,460.8,71.7,9.0,7.6,1.9,445.0,201.1,6.4,4.6,68.2,28.8,23.66,False,4095,0.0,86.2,365.2,EXT-OPEN-METEO-KHI,KARACHI,OPENSOURCE_API_GRID,228,,,,0.95,True,True,TIER2_OPENSOURCE_PURE;CONTINUOUS_MINUTE_STREAM;VERIFIED_MODEL_GRID,a7b908a8d8937f9e0c986395ba8fc62d21975c926009b10d9294a81f1f231725,2026-09-27T03:47:00+00:00,2026-09-27 08:47:00,73.8,1005.9,67
17.5,25.7,95.8,1593.4,462.6,72.0,9.0,7.7,1.9,445.0,201.0,6.4,4.6,68.3,28.9,23.71,False,4095,0.0,87.0,368.1,EXT-OPEN-METEO-KHI,KARACHI,OPENSOURCE_API_GRID,229,,,,0.95,True,True,TIER2_OPENSOURCE_PURE;CONTINUOUS_MINUTE_STREAM;VERIFIED_MODEL_GRID,6b9b728673a75f27f40aab5bfff172cc82a02111018075867618cb4e215faaaa,2026-09-27T03:48:00+00:00,2026-09-27 08:48:00,73.6,1005.9,67
17.5,25.8,96.4,1599.6,464.4,72.2,9.0,7.7,1.9,445.0,200.8,6.4,4.6,68.4,28.9,23.69,False,4095,0.0,87.8,370.7,EXT-OPEN-METEO-KHI,KARACHI,OPENSOURCE_API_GRID,230,,,,0.95,True,True,TIER2_OPENSOURCE_PURE;CONTINUOUS_MINUTE_STREAM;VERIFIED_MODEL_GRID,472f90fa40c385696f31b5d9bb3aa1acb78ac85e721190245f49fc1c8f4ce068,2026-09-27T03:49:00+00:00,2026-09-27 08:49:00,73.5,1005.9,67
17.6,25.9,97.0,1605.8,466.2,72.5,9.1,7.8,1.9,445.0,200.7,6.4,4.6,68.5,28.9,23.66,False,4095,0.0,88.5,373.2,EXT-OPEN-METEO-KHI,KARACHI,OPENSOURCE_API_GRID,231,,,,0.95,True,True,TIER2_OPENSOURCE_PURE;CONTINUOUS_MINUTE_STREAM;VERIFIED_MODEL_GRID,9a1519901988a06b67b8ff2be7ba4895742adc17bd0c35751d8e80e1dc636e04,2026-09-27T03:50:00+00:00,2026-09-27 08:50:00,73.4,1005.9,67
17.7,26.0,97.5,1612.0,468.0,72.8,9.1,7.8,1.9,445.0,200.5,6.4,4.6,68.6,28.9,23.64,False,4095,0.0,89.2,375.4,EXT-OPEN-METEO-KHI,KARACHI,OPENSOURCE_API_GRID,232,,,,0.95,True,True,TIER2_OPENSOURCE_PURE;CONTINUOUS_MINUTE_STREAM;VERIFIED_MODEL_GRID,8041d3faf0e58bb8f7e7b3985c8730c879383fcfac8649a370229b479b54e51e,2026-09-27T03:51:00+00:00,2026-09-27 08:51:00,73.3,1005.9,67
17.7,26.0,98.0,1612.0,468.0,72.8,9.1,7.8,2.0,445.0,200.4,6.3,4.6,68.7,28.9,23.62,False,4095,0.0,89.8,377.5,EXT-OPEN-METEO-KHI,KARACHI,OPENSOURCE_API_GRID,233,,,,0.95,True,True,TIER2_OPENSOURCE_PURE;CONTINUOUS_MINUTE_STREAM;VERIFIED_MODEL_GRID,ff5ee33a4592b9beada92025afa88be88552ce4822a74e32c77bda9bcff406af,2026-09-27T03:52:00+00:00,2026-09-27 08:52:00,73.2,1005.9,67
17.7,26.1,98.4,1618.2,469.8,73.1,9.1,7.9,2.0,445.0,200.3,6.3,4.6,68.8,28.9,23.6,False,4095,0.0,90.3,379.2,EXT-OPEN-METEO-KHI,KARACHI,OPENSOURCE_API_GRID,234,,,,0.95,True,True,TIER2_OPENSOURCE_PURE;CONTINUOUS_MINUTE_STREAM;VERIFIED_MODEL_GRID,39a5e8c42ee0cb0989e968c3996dc7362650b7a3242154a816d657d6acaae38a,2026-09-27T03:53:00+00:00,2026-09-27 08:53:00,73.1,1005.9,67
17.7,26.1,98.8,1618.2,469.8,73.1,9.1,7.9,2.0,445.0,200.2,6.3,4.6,68.8,28.9,23.57,False,4095,0.0,90.7,380.8,EXT-OPEN-METEO-KHI,KARACHI,OPENSOURCE_API_GRID,235,,,,0.95,True,True,TIER2_OPENSOURCE_PURE;CONTINUOUS_MINUTE_STREAM;VERIFIED_MODEL_GRID,cf2111825dd8ea28352297e38dfefe90a0861a4a9ea51f9995e5dc01d4f95ac5,2026-09-27T03:54:00+00:00,2026-09-27 08:54:00,73.0,1005.9,67
17.8,26.2,99.1,1624.4,471.6,73.4,9.2,7.9,2.0,445.0,200.2,6.3,4.6,68.9,28.9,23.57,False,4095,0.0,91.1,382.1,EXT-OPEN-METEO-KHI,KARACHI,OPENSOURCE_API_GRID,236,,,,0.95,True,True,TIER2_OPENSOURCE_PURE;CONTINUOUS_MINUTE_STREAM;VERIFIED_MODEL_GRID,898a302fdd4903cd844b433a8e74983ebfcd1a2f500b125109c8d69b2e4c682e,2026-09-27T03:55:00+00:00,2026-09-27 08:55:00,73.0,1005.9,67
17.8,26.2,99.3,1624.4,471.6,73.4,9.2,7.9,2.0,445.0,200.1,6.3,4.6,68.9,28.9,23.55,False,4095,0.0,91.4,383.2,EXT-OPEN-METEO-KHI,KARACHI,OPENSOURCE_API_GRID,237,,,,0.95,True,True,TIER2_OPENSOURCE_PURE;CONTINUOUS_MINUTE_STREAM;VERIFIED_MODEL_GRID,b215e4b557a2e48a5e72f9be9c162e996a8efa4a54b54527e7b1583042bde67f,2026-09-27T03:56:00+00:00,2026-09-27 08:56:00,72.9,1005.9,67
17.8,26.2,99.5,1624.4,471.6,73.4,9.2,8.0,2.0,445.0,200.1,6.3,4.6,69.0,28.9,23.55,False,4095,0.0,91.7,384.1,EXT-OPEN-METEO-KHI,KARACHI,OPENSOURCE_API_GRID,238,,,,0.95,True,True,TIER2_OPENSOURCE_PURE;CONTINUOUS_MINUTE_STREAM;VERIFIED_MODEL_GRID,93f10abb817a0b362f0255ac5cdb28c61fffa24307ae39f7cff2ffd4e66752cb,2026-09-27T03:57:00+00:00,2026-09-27 08:57:00,72.9,1005.9,67
17.9,26.3,99.7,1630.6,473.4,73.6,9.2,8.0,2.0,445.0,200.0,6.3,4.6,69.0,28.9,23.55,False,4095,0.0,91.9,384.7,EXT-OPEN-METEO-KHI,KARACHI,OPENSOURCE_API_GRID,239,,,,0.95,True,True,TIER2_OPENSOURCE_PURE;CONTINUOUS_MINUTE_STREAM;VERIFIED_MODEL_GRID,c45bbd4b273b908008e5f5f9dfc409146abf8f7b28c1bbe7266261246cf2bfe3,2026-09-27T03:58:00+00:00,2026-09-27 08:58:00,72.9,1005.9,67
17.9,26.3,99.8,1630.6,473.4,73.6,9.2,8.0,2.0,445.0,200.0,6.3,4.6,69.0,28.9,23.55,False,4095,0.0,92.0,385.1,EXT-OPEN-METEO-KHI,KARACHI,OPENSOURCE_API_GRID,240,,,,0.95,True,True,TIER2_OPENSOURCE_PURE;CONTINUOUS_MINUTE_STREAM;VERIFIED_MODEL_GRID,4d31a804151e5242de3cb30ca1484b139ce1ad1e4f3d26adf2f3d41f9cabb815,2026-09-27T03:59:00+00:00,2026-09-27 08:59:00,72.9,1005.9,67
17.9,26.3,99.8,1630.6,473.4,73.6,9.2,8.0,2.0,445.0,200.0,6.3,4.6,69.0,28.9,23.55,False,4095,0.0,92.0,385.2,EXT-OPEN-METEO-KHI,KARACHI,OPENSOURCE_API_GRID,241,,,,0.95,True,False,TIER2_OPENSOURCE_PURE;HOURLY_NODE;VERIFIED_MODEL_GRID,55ab554114aaf9ff0d81870c02cb065d65234a86edc8b4585474547ccd10e615,2026-09-27T04:00:00+00:00,2026-09-27 09:00:00,72.9,1005.9,67
17.9,26.3,99.9,1630.6,473.4,73.6,9.2,8.0,2.0,445.0,200.0,6.3,4.6,69.0,28.9,23.55,False,4095,0.0,92.0,385.3,EXT-OPEN-METEO-KHI,KARACHI,OPENSOURCE_API_GRID,242,,,,0.95,True,True,TIER2_OPENSOURCE_PURE;CONTINUOUS_MINUTE_STREAM;VERIFIED_MODEL_GRID,749ff330d5247b2fa69883726977456a00b27f97acfe7d89442b0b097fbf0a7d,2026-09-27T04:01:00+00:00,2026-09-27 09:01:00,72.9,1005.9,67
18.0,26.4,100.0,1636.8,475.2,73.9,9.2,8.0,2.0,445.0,199.9,6.3,4.6,69.0,28.9,23.55,False,4095,0.0,91.9,385.5,EXT-OPEN-METEO-KHI,KARACHI,OPENSOURCE_API_GRID,243,,,,0.95,True,True,TIER2_OPENSOURCE_PURE;CONTINUOUS_MINUTE_STREAM;VERIFIED_MODEL_GRID,27354af3048cef108e7b4f305a6c8bf3ff5897bf97137f61067c5fa9f002e109,2026-09-27T04:02:00+00:00,2026-09-27 09:02:00,72.9,1005.9,67
18.0,26.4,100.2,1636.8,475.2,73.9,9.2,8.0,2.0,445.0,199.9,6.3,4.6,69.1,28.9,23.55,False,4095,0.0,91.8,385.8,EXT-OPEN-METEO-KHI,KARACHI,OPENSOURCE_API_GRID,244,,,,0.95,True,True,TIER2_OPENSOURCE_PURE;CONTINUOUS_MINUTE_STREAM;VERIFIED_MODEL_GRID,58e9fc2ab2785da72bd0efb74322cb647c7869d1239e243dbb94c5b2c5013d1a,2026-09-27T04:03:00+00:00,2026-09-27 09:03:00,72.9,1005.9,67
18.0,26.5,100.4,1643.0,477.0,74.2,9.3,8.0,2.0,445.0,199.7,6.3,4.6,69.1,28.9,23.55,False,4095,0.0,91.6,386.3,EXT-OPEN-METEO-KHI,KARACHI,OPENSOURCE_API_GRID,245,,,,0.95,True,True,TIER2_OPENSOURCE_PURE;CONTINUOUS_MINUTE_STREAM;VERIFIED_MODEL_GRID,85853e7afb907be2fd116b7b2e42dc9ae27f61d482737b9f9e4ef3f8c5d1aa76,2026-09-27T04:04:00+00:00,2026-09-27 09:04:00,72.9,1005.9,67
18.1,26.6,100.7,1649.2,478.8,74.5,9.3,8.1,2.0,445.0,199.6,6.3,4.6,69.2,28.9,23.55,False,4095,0.0,91.4,386.9,EXT-OPEN-METEO-KHI,KARACHI,OPENSOURCE_API_GRID,246,,,,0.95,True,True,TIER2_OPENSOURCE_PURE;CONTINUOUS_MINUTE_STREAM;VERIFIED_MODEL_GRID,ad66488b0f48aa198bb4042ec4fe7c6e0c8b17921fa62ce515785d45254e180e,2026-09-27T04:05:00+00:00,2026-09-27 09:05:00,72.9,1005.9,67
18.2,26.7,101.1,1655.4,480.6,74.8,9.3,8.1,2.0,445.0,199.4,6.3,4.6,69.2,28.9,23.55,False,4095,0.0,91.1,387.7,EXT-OPEN-METEO-KHI,KARACHI,OPENSOURCE_API_GRID,247,,,,0.95,True,True,TIER2_OPENSOURCE_PURE;CONTINUOUS_MINUTE_STREAM;VERIFIED_MODEL_GRID,84d0b880e2bf43307be313efdd41169fd881a63070a540c43d2bd5e12e53f248,2026-09-27T04:06:00+00:00,2026-09-27 09:06:00,72.9,1005.9,67
18.2,26.8,101.5,1661.6,482.4,75.0,9.4,8.1,2.0,445.0,199.2,6.2,4.6,69.3,28.9,23.53,False,4095,0.0,90.8,388.5,EXT-OPEN-METEO-KHI,KARACHI,OPENSOURCE_API_GRID,248,,,,0.95,True,True,TIER2_OPENSOURCE_PURE;CONTINUOUS_MINUTE_STREAM;VERIFIED_MODEL_GRID,f167ed07067d6f0920c1f1f3c8a39973cf9594983a752a1c33a26cb2248b9873,2026-09-27T04:07:00+00:00,2026-09-27 09:07:00,72.8,1005.9,67
18.2,26.8,101.8,1661.6,482.4,75.0,9.4,8.1,2.0,445.0,199.0,6.2,4.6,69.4,28.9,23.55,False,4095,0.0,90.5,389.6,EXT-OPEN-METEO-KHI,KARACHI,OPENSOURCE_API_GRID,249,,,,0.95,True,True,TIER2_OPENSOURCE_PURE;CONTINUOUS_MINUTE_STREAM;VERIFIED_MODEL_GRID,6f862a7da8d45a6cc9476715092e40c4d57039a7a4b834dd63a5559e25513076,2026-09-27T04:08:00+00:00,2026-09-27 09:08:00,72.9,1005.9,67
18.4,27.0,102.3,1674.0,486.0,75.6,9.4,8.2,2.0,444.9,198.7,6.2,4.6,69.5,29.0,23.62,False,4095,0.0,90.1,390.7,EXT-OPEN-METEO-KHI,KARACHI,OPENSOURCE_API_GRID,250,,,,0.95,True,True,TIER2_OPENSOURCE_PURE;CONTINUOUS_MINUTE_STREAM;VERIFIED_MODEL_GRID,bf4818f003e8ca95c8aeeb9b9813e692549b3e6a2799648e44124d85a32495c2,2026-09-27T04:09:00+00:00,2026-09-27 09:09:00,72.8,1005.9,67
18.4,27.1,102.8,1680.2,487.8,75.9,9.5,8.2,2.1,444.9,198.4,6.2,4.6,69.7,29.0,23.6,False,4095,0.0,89.7,392.0,EXT-OPEN-METEO-KHI,KARACHI,OPENSOURCE_API_GRID,251,,,,0.95,True,True,TIER2_OPENSOURCE_PURE;CONTINUOUS_MINUTE_STREAM;VERIFIED_MODEL_GRID,ea40cce01b8e0e4710eed838e011b6ae76aee1741648c659e77016752cefa22f,2026-09-27T04:10:00+00:00,2026-09-27 09:10:00,72.7,1005.9,67
18.5,27.2,103.4,1686.4,489.6,76.2,9.5,8.3,2.1,444.9,198.1,6.1,4.6,69.8,29.0,23.58,False,4095,0.0,89.2,393.3,EXT-OPEN-METEO-KHI,KARACHI,OPENSOURCE_API_GRID,252,,,,0.95,True,True,TIER2_OPENSOURCE_PURE;CONTINUOUS_MINUTE_STREAM;VERIFIED_MODEL_GRID,133beee4c453f698663b4a6d5d77fe4ecfb4b15f2f365ce2f9e715a50431993d,2026-09-27T04:11:00+00:00,2026-09-27 09:11:00,72.6,1005.9,67
18.6,27.4,104.1,1698.8,493.2,76.7,9.6,8.3,2.1,444.9,197.7,6.1,4.6,70.0,29.0,23.56,False,4095,0.0,88.7,394.8,EXT-OPEN-METEO-KHI,KARACHI,OPENSOURCE_API_GRID,253,,,,0.95,True,True,TIER2_OPENSOURCE_PURE;CONTINUOUS_MINUTE_STREAM;VERIFIED_MODEL_GRID,65f38ba50a08ffc297997fb40ee3ccb8a326ae503e7dbee0239ad1a6b93f95bf,2026-09-27T04:12:00+00:00,2026-09-27 09:12:00,72.5,1005.9,67
18.7,27.5,104.7,1705.0,495.0,77.0,9.6,8.4,2.1,444.9,197.3,6.1,4.6,70.1,29.1,23.63,False,4095,0.0,88.1,396.4,EXT-OPEN-METEO-KHI,KARACHI,OPENSOURCE_API_GRID,254,,,,0.95,True,True,TIER2_OPENSOURCE_PURE;CONTINUOUS_MINUTE_STREAM;VERIFIED_MODEL_GRID,58dc986d8cbab394e30602c347fef93480811b4a8a24793cdbe3cf0e917e3450,2026-09-27T04:13:00+00:00,2026-09-27 09:13:00,72.4,1005.9,67
18.8,27.7,105.4,1717.4,498.6,77.6,9.7,8.4,2.1,444.9,196.9,6.1,4.6,70.3,29.1,23.61,False,4095,0.0,87.5,398.1,EXT-OPEN-METEO-KHI,KARACHI,OPENSOURCE_API_GRID,255,,,,0.95,True,True,TIER2_OPENSOURCE_PURE;CONTINUOUS_MINUTE_STREAM;VERIFIED_MODEL_GRID,c9ed511a77b86af09227eb9679101b13a2e395ba155ff94334e52fd943a00f59,2026-09-27T04:14:00+00:00,2026-09-27 09:14:00,72.3,1005.9,67
18.9,27.8,106.1,1723.6,500.4,77.8,9.7,8.5,2.1,444.9,196.5,6.0,4.6,70.5,29.1,23.58,False,4095,0.0,86.9,400.0,EXT-OPEN-METEO-KHI,KARACHI,OPENSOURCE_API_GRID,256,,,,0.95,True,True,TIER2_OPENSOURCE_PURE;CONTINUOUS_MINUTE_STREAM;VERIFIED_MODEL_GRID,92956aabb268ca1162e351b7084acd51a320bc2557a1700b1bf55b33366a525c,2026-09-27T04:15:00+00:00,2026-09-27 09:15:00,72.2,1005.9,67
19.0,28.0,106.9,1736.0,504.0,78.4,9.8,8.6,2.1,444.8,196.0,6.0,4.6,70.7,29.1,23.54,False,4095,0.0,86.2,401.9,EXT-OPEN-METEO-KHI,KARACHI,OPENSOURCE_API_GRID,257,,,,0.95,True,True,TIER2_OPENSOURCE_PURE;CONTINUOUS_MINUTE_STREAM;VERIFIED_MODEL_GRID,d0681cd48ab0630d00f5cef93240a406430fdc07e386d7ebb254b89ef0b454a1,2026-09-27T04:16:00+00:00,2026-09-27 09:16:00,72.0,1005.9,67
19.1,28.1,107.6,1742.2,505.8,78.7,9.8,8.6,2.2,444.8,195.6,5.9,4.6,70.9,29.1,23.51,False,4095,0.0,85.5,403.9,EXT-OPEN-METEO-KHI,KARACHI,OPENSOURCE_API_GRID,258,,,,0.95,True,True,TIER2_OPENSOURCE_PURE;CONTINUOUS_MINUTE_STREAM;VERIFIED_MODEL_GRID,cb323a7239dd440df3d7f4e53e61b3e4b6b56e1f1311d1dea948fdf8e3e368f5,2026-09-27T04:17:00+00:00,2026-09-27 09:17:00,71.9,1005.9,67
19.2,28.2,108.4,1748.4,507.6,79.0,9.9,8.7,2.2,444.8,195.1,5.9,4.6,71.1,29.2,23.56,False,4095,0.0,84.8,406.0,EXT-OPEN-METEO-KHI,KARACHI,OPENSOURCE_API_GRID,259,,,,0.95,True,True,TIER2_OPENSOURCE_PURE;CONTINUOUS_MINUTE_STREAM;VERIFIED_MODEL_GRID,e63daa1e0209bb866fc04bb869232101c821371d4febb19ca3a3d92f78359789,2026-09-27T04:18:00+00:00,2026-09-27 09:18:00,71.7,1005.9,67
19.3,28.4,109.2,1760.8,511.2,79.5,9.9,8.7,2.2,444.8,194.5,5.9,4.6,71.3,29.2,23.54,False,4095,0.0,84.0,408.2,EXT-OPEN-METEO-KHI,KARACHI,OPENSOURCE_API_GRID,260,,,,0.95,True,True,TIER2_OPENSOURCE_PURE;CONTINUOUS_MINUTE_STREAM;VERIFIED_MODEL_GRID,26caa7db3a858823061151dd8bfc772fc423d3da3ec474f561fff8af314971a6,2026-09-27T04:19:00+00:00,2026-09-27 09:19:00,71.6,1005.9,67
19.4,28.5,110.0,1767.0,513.0,79.8,10.0,8.8,2.2,444.8,194.0,5.8,4.6,71.5,29.2,23.49,False,4095,0.0,83.2,410.4,EXT-OPEN-METEO-KHI,KARACHI,OPENSOURCE_API_GRID,261,,,,0.95,True,True,TIER2_OPENSOURCE_PURE;CONTINUOUS_MINUTE_STREAM;VERIFIED_MODEL_GRID,abdf70b52dc2b5c7387b271582d38924d72abd540bbf5719aa35e3f954b4fe9f,2026-09-27T04:20:00+00:00,2026-09-27 09:20:00,71.4,1005.9,67
19.4,28.6,110.8,1773.2,514.8,80.1,10.0,8.9,2.2,444.7,193.4,5.8,4.6,71.7,29.2,23.47,False,4095,0.0,82.4,412.7,EXT-OPEN-METEO-KHI,KARACHI,OPENSOURCE_API_GRID,262,,,,0.95,True,True,TIER2_OPENSOURCE_PURE;CONTINUOUS_MINUTE_STREAM;VERIFIED_MODEL_GRID,09fcbe44a5423127529e5ff64815a99d0b1d0a9fbc132c7c91e06090061063c7,2026-09-27T04:21:00+00:00,2026-09-27 09:21:00,71.3,1005.9,67
19.6,28.8,111.7,1785.6,518.4,80.6,10.1,8.9,2.2,444.7,192.9,5.7,4.6,72.0,29.2,23.42,False,4095,0.0,81.6,415.1,EXT-OPEN-METEO-KHI,KARACHI,OPENSOURCE_API_GRID,263,,,,0.95,True,True,TIER2_OPENSOURCE_PURE;CONTINUOUS_MINUTE_STREAM;VERIFIED_MODEL_GRID,43e5fc1ea8567be5dde0ae4594b4d059c24c8a252de22f2bc4a9bc4642921b7e,2026-09-27T04:22:00+00:00,2026-09-27 09:22:00,71.1,1005.9,67
19.7,28.9,112.6,1791.8,520.2,80.9,10.1,9.0,2.3,444.7,192.3,5.7,4.6,72.2,29.2,23.4,False,4095,0.0,80.8,417.5,EXT-OPEN-METEO-KHI,KARACHI,OPENSOURCE_API_GRID,264,,,,0.95,True,True,TIER2_OPENSOURCE_PURE;CONTINUOUS_MINUTE_STREAM;VERIFIED_MODEL_GRID,a0fa8dc3c61a4bb4aa33ce47512ba069dd73ab351aec4eb27c6c60d3a60c1f19,2026-09-27T04:23:00+00:00,2026-09-27 09:23:00,71.0,1006.0,67
19.7,29.0,113.5,1798.0,522.0,81.2,10.1,9.1,2.3,444.7,191.7,5.6,4.6,72.5,29.2,23.35,False,4095,0.0,79.9,420.0,EXT-OPEN-METEO-KHI,KARACHI,OPENSOURCE_API_GRID,265,,,,0.95,True,True,TIER2_OPENSOURCE_PURE;CONTINUOUS_MINUTE_STREAM;VERIFIED_MODEL_GRID,39f095183b6a2038eafafed0deea2860e51a7910382694beb69fefe684e21bc2,2026-09-27T04:24:00+00:00,2026-09-27 09:24:00,70.8,1006.0,67
19.9,29.2,114.4,1810.4,525.6,81.8,10.2,9.2,2.3,444.6,191.1,5.6,4.6,72.7,29.3,23.4,False,4095,0.0,79.0,422.6,EXT-OPEN-METEO-KHI,KARACHI,OPENSOURCE_API_GRID,266,,,,0.95,True,True,TIER2_OPENSOURCE_PURE;CONTINUOUS_MINUTE_STREAM;VERIFIED_MODEL_GRID,5f8199b3272db9ea7f449f61bd9a43a67e81d1179eb39c0e3ce2061da21f5eb2,2026-09-27T04:25:00+00:00,2026-09-27 09:25:00,70.6,1006.0,67
20.0,29.4,115.4,1822.8,529.2,82.3,10.3,9.2,2.3,444.6,190.5,5.5,4.6,73.0,29.3,23.38,False,4095,0.0,78.1,425.1,EXT-OPEN-METEO-KHI,KARACHI,OPENSOURCE_API_GRID,267,,,,0.95,True,True,TIER2_OPENSOURCE_PURE;CONTINUOUS_MINUTE_STREAM;VERIFIED_MODEL_GRID,40bcd4dfb4a0f88dd2be3eaabae9a99a728c31c8390902d676d11aa9880bf3b5,2026-09-27T04:26:00+00:00,2026-09-27 09:26:00,70.5,1006.0,67
20.1,29.5,116.3,1829.0,531.0,82.6,10.3,9.3,2.3,444.6,189.9,5.5,4.6,73.2,29.3,23.33,False,4095,0.0,77.2,427.7,EXT-OPEN-METEO-KHI,KARACHI,OPENSOURCE_API_GRID,268,,,,0.95,True,True,TIER2_OPENSOURCE_PURE;CONTINUOUS_MINUTE_STREAM;VERIFIED_MODEL_GRID,97120415dd854c327f2026dd577bc5437ea64f086dde3ea465a966e804d04ebb,2026-09-27T04:27:00+00:00,2026-09-27 09:27:00,70.3,1006.0,67
20.2,29.7,117.3,1841.4,534.6,83.2,10.4,9.4,2.3,444.6,189.3,5.4,4.6,73.5,29.3,23.31,False,4095,0.0,76.3,430.3,EXT-OPEN-METEO-KHI,KARACHI,OPENSOURCE_API_GRID,269,,,,0.95,True,True,TIER2_OPENSOURCE_PURE;CONTINUOUS_MINUTE_STREAM;VERIFIED_MODEL_GRID,c2665da3681b2672dba3997deee4b6ced2631b5d4de35fdb92796db54ceed9ca,2026-09-27T04:28:00+00:00,2026-09-27 09:28:00,70.2,1006.0,67
20.3,29.9,118.3,1853.8,538.2,83.7,10.5,9.5,2.4,444.5,188.6,5.4,4.6,73.7,29.3,23.26,False,4095,0.0,75.4,433.0,EXT-OPEN-METEO-KHI,KARACHI,OPENSOURCE_API_GRID,270,,,,0.95,True,True,TIER2_OPENSOURCE_PURE;CONTINUOUS_MINUTE_STREAM;VERIFIED_MODEL_GRID,fc4e084ab943b013ee0b164146b066e1aed9f3c30749c0666cf1bd7d0267356d,2026-09-27T04:29:00+00:00,2026-09-27 09:29:00,70.0,1006.0,67
20.5,30.1,119.4,1866.2,541.8,84.3,10.5,9.6,2.4,444.5,188.0,5.3,4.5,74.0,29.4,23.33,False,4095,0.0,74.5,435.6,EXT-OPEN-METEO-KHI,KARACHI,OPENSOURCE_API_GRID,271,,,,0.95,True,True,TIER2_OPENSOURCE_PURE;CONTINUOUS_MINUTE_STREAM;VERIFIED_MODEL_GRID,3f3aa360876f9c7a17e6400022a3d8162718f85a8cca7347cf682b873bfb4545,2026-09-27T04:30:00+00:00,2026-09-27 09:30:00,69.9,1006.0,67
20.6,30.3,120.4,1878.6,545.4,84.8,10.6,9.6,2.4,444.5,187.4,5.3,4.5,74.3,29.4,23.29,False,4095,0.0,73.6,438.2,EXT-OPEN-METEO-KHI,KARACHI,OPENSOURCE_API_GRID,272,,,,0.95,True,True,TIER2_OPENSOURCE_PURE;CONTINUOUS_MINUTE_STREAM;VERIFIED_MODEL_GRID,f382a1b9fc43163d0ef771071572ed5059ebfc1ec8c8a9b1391d6488ff230216,2026-09-27T04:31:00+00:00,2026-09-27 09:31:00,69.7,1006.0,67
20.7,30.5,121.4,1891.0,549.0,85.4,10.7,9.7,2.4,444.4,186.7,5.3,4.5,74.5,29.4,23.26,False,4095,0.0,72.7,440.9,EXT-OPEN-METEO-KHI,KARACHI,OPENSOURCE_API_GRID,273,,,,0.95,True,True,TIER2_OPENSOURCE_PURE;CONTINUOUS_MINUTE_STREAM;VERIFIED_MODEL_GRID,5a56442095909d199db43bd135d1b93f1ac8e615902fc5f9f333f1284bf238d5,2026-09-27T04:32:00+00:00,2026-09-27 09:32:00,69.6,1006.0,67
20.9,30.8,122.5,1909.6,554.4,86.2,10.8,9.8,2.5,444.4,186.1,5.2,4.5,74.8,29.4,23.24,False,4095,0.0,71.8,443.5,EXT-OPEN-METEO-KHI,KARACHI,OPENSOURCE_API_GRID,274,,,,0.95,True,True,TIER2_OPENSOURCE_PURE;CONTINUOUS_MINUTE_STREAM;VERIFIED_MODEL_GRID,95ff70e0aaa11a6c946d3c65545a431b73c9d2758472c308816f834ba94d66ef,2026-09-27T04:33:00+00:00,2026-09-27 09:33:00,69.5,1006.0,67
21.1,31.0,123.6,1922.0,558.0,86.8,10.8,9.9,2.5,444.4,185.5,5.2,4.5,75.0,29.5,23.29,False,4095,0.0,70.9,446.1,EXT-OPEN-METEO-KHI,KARACHI,OPENSOURCE_API_GRID,275,,,,0.95,True,True,TIER2_OPENSOURCE_PURE;CONTINUOUS_MINUTE_STREAM;VERIFIED_MODEL_GRID,97313fcb2036c83e2d0f8e41142c754ade6ec98cb3efdf408909b9b2f7d683a1,2026-09-27T04:34:00+00:00,2026-09-27 09:34:00,69.3,1006.0,67
21.2,31.2,124.6,1934.4,561.6,87.4,10.9,10.0,2.5,444.4,184.9,5.1,4.5,75.3,29.5,23.26,False,4095,0.0,70.0,448.6,EXT-OPEN-METEO-KHI,KARACHI,OPENSOURCE_API_GRID,276,,,,0.95,True,True,TIER2_OPENSOURCE_PURE;CONTINUOUS_MINUTE_STREAM;VERIFIED_MODEL_GRID,2766cd641c2c87aa001c7d86486d1e90cb92fe1ef9b6e20dd2e1c6bba4ddf6be,2026-09-27T04:35:00+00:00,2026-09-27 09:35:00,69.2,1006.0,67
21.4,31.5,125.7,1953.0,567.0,88.2,11.0,10.1,2.5,444.3,184.3,5.1,4.5,75.5,29.5,23.24,False,4095,0.0,69.1,451.2,EXT-OPEN-METEO-KHI,KARACHI,OPENSOURCE_API_GRID,277,,,,0.95,True,True,TIER2_OPENSOURCE_PURE;CONTINUOUS_MINUTE_STREAM;VERIFIED_MODEL_GRID,5b9754f504b63d5e933efd6b74ae299bb6f1e014ab4908717c4e5463b37b8e67,2026-09-27T04:36:00+00:00,2026-09-27 09:36:00,69.1,1006.0,67
21.6,31.7,126.7,1965.4,570.6,88.8,11.1,10.1,2.5,444.3,183.7,5.0,4.5,75.8,29.6,23.29,False,4095,0.0,68.2,453.7,EXT-OPEN-METEO-KHI,KARACHI,OPENSOURCE_API_GRID,278,,,,0.95,True,True,TIER2_OPENSOURCE_PURE;CONTINUOUS_MINUTE_STREAM;VERIFIED_MODEL_GRID,f6d7b99bdf23ffd482d0ca71b8bf7787196719ec62768e8c77ff8bbe071da69b,2026-09-27T04:37:00+00:00,2026-09-27 09:37:00,68.9,1006.0,67
21.7,31.9,127.7,1977.8,574.2,89.3,11.2,10.2,2.6,444.3,183.1,5.0,4.5,76.0,29.6,23.26,False,4095,0.0,67.4,456.1,EXT-OPEN-METEO-KHI,KARACHI,OPENSOURCE_API_GRID,279,,,,0.95,True,True,TIER2_OPENSOURCE_PURE;CONTINUOUS_MINUTE_STREAM;VERIFIED_MODEL_GRID,08d23a36019c53b5ee60821d1dfb57dca31444325e48d233ce61529d3d6c3c62,2026-09-27T04:38:00+00:00,2026-09-27 09:38:00,68.8,1006.0,67
21.8,32.0,128.5,1984.0,576.0,89.6,11.2,10.3,2.6,444.3,182.6,4.9,4.5,76.3,29.6,23.26,False,4095,0.0,66.6,458.5,EXT-OPEN-METEO-KHI,KARACHI,OPENSOURCE_API_GRID,280,,,,0.95,True,True,TIER2_OPENSOURCE_PURE;CONTINUOUS_MINUTE_STREAM;VERIFIED_MODEL_GRID,4136d9130d9d392786f9ea17ef232ff244b2e09c58fdea2a5e6f2aba235b3ba7,2026-09-27T04:39:00+00:00,2026-09-27 09:39:00,68.8,1006.0,67
21.9,32.2,129.5,1996.4,579.6,90.2,11.3,10.4,2.6,444.2,182.0,4.9,4.5,76.5,29.7,23.31,False,4095,0.0,65.8,460.8,EXT-OPEN-METEO-KHI,KARACHI,OPENSOURCE_API_GRID,281,,,,0.95,True,True,TIER2_OPENSOURCE_PURE;CONTINUOUS_MINUTE_STREAM;VERIFIED_MODEL_GRID,720ebf2d0247431b83f6c2dd9f35699727809f8071f4a482ba96059197dbf746,2026-09-27T04:40:00+00:00,2026-09-27 09:40:00,68.6,1006.0,67
22.1,32.5,130.4,2015.0,585.0,91.0,11.4,10.4,2.6,444.2,181.5,4.8,4.5,76.7,29.7,23.28,False,4095,0.0,65.0,463.0,EXT-OPEN-METEO-KHI,KARACHI,OPENSOURCE_API_GRID,282,,,,0.95,True,True,TIER2_OPENSOURCE_PURE;CONTINUOUS_MINUTE_STREAM;VERIFIED_MODEL_GRID,776d6d5526860e7acdaefb83fcfa85384084b4872bec45c51e6f5a0633de203d,2026-09-27T04:41:00+00:00,2026-09-27 09:41:00,68.5,1006.0,67
22.2,32.7,131.3,2027.4,588.6,91.6,11.4,10.5,2.6,444.2,180.9,4.8,4.5,76.9,29.7,23.26,False,4095,0.0,64.2,465.2,EXT-OPEN-METEO-KHI,KARACHI,OPENSOURCE_API_GRID,283,,,,0.95,True,True,TIER2_OPENSOURCE_PURE;CONTINUOUS_MINUTE_STREAM;VERIFIED_MODEL_GRID,0872eccd97885d8dde6f589d76873db50287049996213e355a903f8090ef8b5a,2026-09-27T04:42:00+00:00,2026-09-27 09:42:00,68.4,1006.0,67
22.3,32.8,132.2,2033.6,590.4,91.8,11.5,10.6,2.6,444.2,180.4,4.8,4.5,77.1,29.8,23.31,False,4095,0.0,63.5,467.3,EXT-OPEN-METEO-KHI,KARACHI,OPENSOURCE_API_GRID,284,,,,0.95,True,True,TIER2_OPENSOURCE_PURE;CONTINUOUS_MINUTE_STREAM;VERIFIED_MODEL_GRID,ca6590be5aa71937bfa7c170d665d6d73d044a3e38f52d27ab0e6bfa32498a3d,2026-09-27T04:43:00+00:00,2026-09-27 09:43:00,68.2,1006.0,67
22.4,33.0,133.0,2046.0,594.0,92.4,11.5,10.6,2.7,444.2,180.0,4.7,4.5,77.3,29.8,23.28,False,4095,0.0,62.8,469.3,EXT-OPEN-METEO-KHI,KARACHI,OPENSOURCE_API_GRID,285,,,,0.95,True,True,TIER2_OPENSOURCE_PURE;CONTINUOUS_MINUTE_STREAM;VERIFIED_MODEL_GRID,75d5da69f256297bacb0d8df1d389cf08f388fc269c4c471705c446360b47aaf,2026-09-27T04:44:00+00:00,2026-09-27 09:44:00,68.1,1006.0,67
22.6,33.2,133.8,2058.4,597.6,93.0,11.6,10.7,2.7,444.1,179.5,4.7,4.5,77.5,29.8,23.26,False,4095,0.0,62.1,471.2,EXT-OPEN-METEO-KHI,KARACHI,OPENSOURCE_API_GRID,286,,,,0.95,True,True,TIER2_OPENSOURCE_PURE;CONTINUOUS_MINUTE_STREAM;VERIFIED_MODEL_GRID,eaa22fc990a28ef9fb3fa14e902501177970da0332d6f874a670e780f3b46e98,2026-09-27T04:45:00+00:00,2026-09-27 09:45:00,68.0,1006.0,67
22.6,33.3,134.5,2064.6,599.4,93.2,11.7,10.8,2.7,444.1,179.1,4.6,4.5,77.7,29.8,23.21,False,4095,0.0,61.5,473.1,EXT-OPEN-METEO-KHI,KARACHI,OPENSOURCE_API_GRID,287,,,,0.95,True,True,TIER2_OPENSOURCE_PURE;CONTINUOUS_MINUTE_STREAM;VERIFIED_MODEL_GRID,0158f5f3a5d7ffc076175e41f1619353b47c5dc70ca7e6f716cab97ad7633afa,2026-09-27T04:46:00+00:00,2026-09-27 09:46:00,67.8,1006.0,67
22.7,33.4,135.1,2070.8,601.2,93.5,11.7,10.8,2.7,444.1,178.7,4.6,4.5,77.9,29.8,23.19,False,4095,0.0,60.9,474.8,EXT-OPEN-METEO-KHI,KARACHI,OPENSOURCE_API_GRID,288,,,,0.95,True,True,TIER2_OPENSOURCE_PURE;CONTINUOUS_MINUTE_STREAM;VERIFIED_MODEL_GRID,d1d416aa5337592754051267779e537a9b1cec69b1f3859ac0d0665db36815ac,2026-09-27T04:47:00+00:00,2026-09-27 09:47:00,67.7,1006.0,67
22.8,33.6,135.7,2083.2,604.8,94.1,11.8,10.9,2.7,444.1,178.3,4.6,4.5,78.0,29.9,23.26,False,4095,0.0,60.3,476.4,EXT-OPEN-METEO-KHI,KARACHI,OPENSOURCE_API_GRID,289,,,,0.95,True,True,TIER2_OPENSOURCE_PURE;CONTINUOUS_MINUTE_STREAM;VERIFIED_MODEL_GRID,656fbf582bbfaa282f9b8f87b72f23149c5eea20779627956dd67ca298ce02f9,2026-09-27T04:48:00+00:00,2026-09-27 09:48:00,67.6,1006.0,67
22.8,33.6,136.3,2083.2,604.8,94.1,11.8,10.9,2.7,444.1,177.9,4.6,4.5,78.2,29.9,23.23,False,4095,0.0,59.8,477.9,EXT-OPEN-METEO-KHI,KARACHI,OPENSOURCE_API_GRID,290,,,,0.95,True,True,TIER2_OPENSOURCE_PURE;CONTINUOUS_MINUTE_STREAM;VERIFIED_MODEL_GRID,be3dcd840824e27a25b9cc8e090fbf51352f292b11fe705f67a154ebc3bf3c9d,2026-09-27T04:49:00+00:00,2026-09-27 09:49:00,67.5,1006.0,67
22.9,33.7,136.8,2089.4,606.6,94.4,11.8,10.9,2.7,444.1,177.6,4.5,4.5,78.3,29.9,23.21,False,4095,0.0,59.3,479.2,EXT-OPEN-METEO-KHI,KARACHI,OPENSOURCE_API_GRID,291,,,,0.95,True,True,TIER2_OPENSOURCE_PURE;CONTINUOUS_MINUTE_STREAM;VERIFIED_MODEL_GRID,b2121050d1867c8a4472416e33de99de8f534a94d89a7288b7f0aac713158202,2026-09-27T04:50:00+00:00,2026-09-27 09:50:00,67.4,1006.0,67
23.0,33.8,137.2,2095.6,608.4,94.6,11.8,11.0,2.7,444.1,177.3,4.5,4.5,78.5,29.9,23.18,False,4095,0.0,58.9,480.5,EXT-OPEN-METEO-KHI,KARACHI,OPENSOURCE_API_GRID,292,,,,0.95,True,True,TIER2_OPENSOURCE_PURE;CONTINUOUS_MINUTE_STREAM;VERIFIED_MODEL_GRID,3b6ac8c679252a93d3b51bac9ffaf87a4e316ac4c04fcf520e06ec58a236ebc5,2026-09-27T04:51:00+00:00,2026-09-27 09:51:00,67.3,1006.0,67
23.0,33.8,137.6,2095.6,608.4,94.6,11.8,11.0,2.8,444.0,177.0,4.5,4.5,78.6,29.9,23.16,False,4095,0.0,58.5,481.6,EXT-OPEN-METEO-KHI,KARACHI,OPENSOURCE_API_GRID,293,,,,0.95,True,True,TIER2_OPENSOURCE_PURE;CONTINUOUS_MINUTE_STREAM;VERIFIED_MODEL_GRID,377110d52575bea1e0ce17e0487631bdd353ebca4474a93dd029f61afd78f406,2026-09-27T04:52:00+00:00,2026-09-27 09:52:00,67.2,1006.0,67
23.1,33.9,137.9,2101.8,610.2,94.9,11.9,11.0,2.8,444.0,176.8,4.5,4.5,78.7,29.9,23.13,False,4095,0.0,58.2,482.7,EXT-OPEN-METEO-KHI,KARACHI,OPENSOURCE_API_GRID,294,,,,0.95,True,True,TIER2_OPENSOURCE_PURE;CONTINUOUS_MINUTE_STREAM;VERIFIED_MODEL_GRID,1954767c1e536868ee2fca191f4083d0776c9208c0b7dbd46636e254d590dc5b,2026-09-27T04:53:00+00:00,2026-09-27 09:53:00,67.1,1006.0,67
23.1,33.9,138.2,2101.8,610.2,94.9,11.9,11.1,2.8,444.0,176.6,4.4,4.5,78.8,29.9,23.11,False,4095,0.0,57.9,483.5,EXT-OPEN-METEO-KHI,KARACHI,OPENSOURCE_API_GRID,295,,,,0.95,True,True,TIER2_OPENSOURCE_PURE;CONTINUOUS_MINUTE_STREAM;VERIFIED_MODEL_GRID,d0e0eb074aa498961ec1e7c4828a4505cbeecca93ed31223a7639c53ce91b55a,2026-09-27T04:54:00+00:00,2026-09-27 09:54:00,67.0,1006.0,67
23.1,33.9,138.4,2101.8,610.2,94.9,11.9,11.1,2.8,444.0,176.4,4.4,4.5,78.8,29.9,23.11,False,4095,0.0,57.6,484.3,EXT-OPEN-METEO-KHI,KARACHI,OPENSOURCE_API_GRID,296,,,,0.95,True,True,TIER2_OPENSOURCE_PURE;CONTINUOUS_MINUTE_STREAM;VERIFIED_MODEL_GRID,c8129b23393184ce12ecf8650c2754b88813130b5422f1422973085af993e237,2026-09-27T04:55:00+00:00,2026-09-27 09:55:00,67.0,1006.0,67
23.1,33.9,138.6,2101.8,610.2,94.9,11.9,11.1,2.8,444.0,176.3,4.4,4.5,78.9,29.9,23.08,False,4095,0.0,57.4,484.9,EXT-OPEN-METEO-KHI,KARACHI,OPENSOURCE_API_GRID,297,,,,0.95,True,True,TIER2_OPENSOURCE_PURE;CONTINUOUS_MINUTE_STREAM;VERIFIED_MODEL_GRID,f602b2a99ade0f24a6628118335efde4ba4f45053129bf535144c3e4bf1ceefc,2026-09-27T04:56:00+00:00,2026-09-27 09:56:00,66.9,1006.0,67
23.1,33.9,138.7,2101.8,610.2,94.9,11.9,11.1,2.8,444.0,176.1,4.4,4.5,78.9,29.9,23.08,False,4095,0.0,57.2,485.4,EXT-OPEN-METEO-KHI,KARACHI,OPENSOURCE_API_GRID,298,,,,0.95,True,True,TIER2_OPENSOURCE_PURE;CONTINUOUS_MINUTE_STREAM;VERIFIED_MODEL_GRID,f40218d0d9fcbea329495fb5764a976d1516290a7690d37611bc5e7b1b522a08,2026-09-27T04:57:00+00:00,2026-09-27 09:57:00,66.9,1006.0,67
23.1,33.9,138.8,2101.8,610.2,94.9,11.9,11.1,2.8,444.0,176.1,4.4,4.5,79.0,29.9,23.08,False,4095,0.0,57.1,485.7,EXT-OPEN-METEO-KHI,KARACHI,OPENSOURCE_API_GRID,299,,,,0.95,True,True,TIER2_OPENSOURCE_PURE;CONTINUOUS_MINUTE_STREAM;VERIFIED_MODEL_GRID,244887295a729a7c57143c747604d5ad4a0b4660186fa39d9325793b8279ac85,2026-09-27T04:58:00+00:00,2026-09-27 09:58:00,66.9,1006.0,67
23.1,33.9,138.9,2101.8,610.2,94.9,11.9,11.1,2.8,444.0,176.0,4.4,4.5,79.0,29.9,23.08,False,4095,0.0,57.0,485.9,EXT-OPEN-METEO-KHI,KARACHI,OPENSOURCE_API_GRID,300,,,,0.95,True,True,TIER2_OPENSOURCE_PURE;CONTINUOUS_MINUTE_STREAM;VERIFIED_MODEL_GRID,d74608d933f59f5dec73f35d165b717de55c73f9ef3bf3e315e54880c3858d89,2026-09-27T04:59:00+00:00,2026-09-27 09:59:00,66.9,1006.0,67
23.1,33.9,138.9,2101.8,610.2,94.9,11.9,11.1,2.8,444.0,176.0,4.4,4.5,79.0,29.9,23.08,False,4095,0.0,57.0,486.0,EXT-OPEN-METEO-KHI,KARACHI,OPENSOURCE_API_GRID,301,,,,0.95,True,False,TIER2_OPENSOURCE_PURE;HOURLY_NODE;VERIFIED_MODEL_GRID,7c129aca1ef7b896f8858523b783c79297f71a0ad110ae932b47c1b97b92ea68,2026-09-27T05:00:00+00:00,2026-09-27 10:00:00,66.9,1006.0,68
23.1,33.9,138.9,2101.8,610.2,94.9,11.9,11.1,2.8,444.0,176.0,4.4,4.5,79.0,29.9,23.08,False,4095,0.0,57.0,486.1,EXT-OPEN-METEO-KHI,KARACHI,OPENSOURCE_API_GRID,302,,,,0.95,True,True,TIER2_OPENSOURCE_PURE;CONTINUOUS_MINUTE_STREAM;VERIFIED_MODEL_GRID,56adf8ff39ce8d05083b3322df9d4b6be80e3a28ee1c152eab3327d1fe30d47c,2026-09-27T05:01:00+00:00,2026-09-27 10:01:00,66.9,1006.0,68
23.1,33.9,139.0,2101.8,610.2,94.9,11.9,11.1,2.8,444.0,176.0,4.4,4.5,79.0,29.9,23.08,False,4095,0.0,57.0,486.6,EXT-OPEN-METEO-KHI,KARACHI,OPENSOURCE_API_GRID,303,,,,0.95,True,True,TIER2_OPENSOURCE_PURE;CONTINUOUS_MINUTE_STREAM;VERIFIED_MODEL_GRID,67cc4784ad924086035c940aca82b7241a03d20058ce602bd9e9858d687af48e,2026-09-27T05:02:00+00:00,2026-09-27 10:02:00,66.9,1006.0,68
23.1,34.0,139.1,2108.0,612.0,95.2,11.9,11.1,2.8,444.0,175.9,4.4,4.5,79.0,29.9,23.08,False,4095,0.0,57.0,487.3,EXT-OPEN-METEO-KHI,KARACHI,OPENSOURCE_API_GRID,304,,,,0.95,True,True,TIER2_OPENSOURCE_PURE;CONTINUOUS_MINUTE_STREAM;VERIFIED_MODEL_GRID,0efeebe22e0cac12df4509dd1363e8ee154cce19ed586d203262e1b5f6153d6c,2026-09-27T05:03:00+00:00,2026-09-27 10:03:00,66.9,1006.0,68
23.1,34.0,139.3,2108.0,612.0,95.2,11.9,11.1,2.8,444.0,175.8,4.4,4.5,79.1,29.9,23.08,False,4095,0.0,56.9,488.2,EXT-OPEN-METEO-KHI,KARACHI,OPENSOURCE_API_GRID,305,,,,0.95,True,True,TIER2_OPENSOURCE_PURE;CONTINUOUS_MINUTE_STREAM;VERIFIED_MODEL_GRID,6c201fe1dad693f46e501dafc11efc59d4ccff828abf19b7c268cc80ad2658c2,2026-09-27T05:04:00+00:00,2026-09-27 10:04:00,66.9,1006.0,68
23.2,34.1,139.6,2114.2,613.8,95.5,11.9,11.2,2.8,444.0,175.7,4.4,4.5,79.1,29.9,23.08,False,4095,0.0,56.9,489.5,EXT-OPEN-METEO-KHI,KARACHI,OPENSOURCE_API_GRID,306,,,,0.95,True,True,TIER2_OPENSOURCE_PURE;CONTINUOUS_MINUTE_STREAM;VERIFIED_MODEL_GRID,1f7f4c5b964d8b26c366b3942c3569b8733ded58cfb0ee1ea6cce72925377c6f,2026-09-27T05:05:00+00:00,2026-09-27 10:05:00,66.9,1006.0,68
23.3,34.2,139.9,2120.4,615.6,95.8,12.0,11.2,2.8,444.0,175.6,4.4,4.5,79.2,29.9,23.06,False,4095,0.0,56.8,491.0,EXT-OPEN-METEO-KHI,KARACHI,OPENSOURCE_API_GRID,307,,,,0.95,True,True,TIER2_OPENSOURCE_PURE;CONTINUOUS_MINUTE_STREAM;VERIFIED_MODEL_GRID,180e4f3e8d63300eb325f611ac28a639ce049592b151c0c06b020e7ca4e72160,2026-09-27T05:06:00+00:00,2026-09-27 10:06:00,66.8,1006.0,68
23.3,34.3,140.2,2126.6,617.4,96.0,12.0,11.2,2.8,444.0,175.4,4.4,4.5,79.2,29.9,23.06,False,4095,0.0,56.8,492.8,EXT-OPEN-METEO-KHI,KARACHI,OPENSOURCE_API_GRID,308,,,,0.95,True,True,TIER2_OPENSOURCE_PURE;CONTINUOUS_MINUTE_STREAM;VERIFIED_MODEL_GRID,6f0026c97fee057229eca16aae2d5b2eea5dc35778adcfcdfb6350363dcd0997,2026-09-27T05:07:00+00:00,2026-09-27 10:07:00,66.8,1006.0,68
23.4,34.4,140.6,2132.8,619.2,96.3,12.0,11.2,2.8,444.0,175.2,4.3,4.5,79.3,29.9,23.06,False,4095,0.0,56.7,494.9,EXT-OPEN-METEO-KHI,KARACHI,OPENSOURCE_API_GRID,309,,,,0.95,True,True,TIER2_OPENSOURCE_PURE;CONTINUOUS_MINUTE_STREAM;VERIFIED_MODEL_GRID,8dd9c4672f41bc0b196e645c694d2160452ce9f64297b625dc6c2d31dadac723,2026-09-27T05:08:00+00:00,2026-09-27 10:08:00,66.8,1006.0,68
23.5,34.5,141.0,2139.0,621.0,96.6,12.1,11.3,2.8,444.0,175.0,4.3,4.5,79.4,29.9,23.06,False,4095,0.0,56.6,497.2,EXT-OPEN-METEO-KHI,KARACHI,OPENSOURCE_API_GRID,310,,,,0.95,True,True,TIER2_OPENSOURCE_PURE;CONTINUOUS_MINUTE_STREAM;VERIFIED_MODEL_GRID,ff3c70364b3dc21f8f6fdf7b20c0ba58b7e7e8cc9e1f454af589c9c21200b9d5,2026-09-27T05:09:00+00:00,2026-09-27 10:09:00,66.8,1006.0,68
23.5,34.5,141.2,2139.0,621.0,96.6,12.1,11.3,2.8,444.0,174.8,4.3,4.5,79.5,30.0,23.15,False,4095,0.0,56.5,499.8,EXT-OPEN-METEO-KHI,KARACHI,OPENSOURCE_API_GRID,311,,,,0.95,True,True,TIER2_OPENSOURCE_PURE;CONTINUOUS_MINUTE_STREAM;VERIFIED_MODEL_GRID,bdf2838b14c0bc499aff0cde03cb7dbce6a5df08103a72ec5a58dc915c9c51c0,2026-09-27T05:10:00+00:00,2026-09-27 10:10:00,66.8,1006.0,68
23.6,34.7,141.7,2151.4,624.6,97.2,12.1,11.3,2.8,444.0,174.5,4.3,4.5,79.6,30.0,23.13,False,4095,0.0,56.4,502.6,EXT-OPEN-METEO-KHI,KARACHI,OPENSOURCE_API_GRID,312,,,,0.95,True,True,TIER2_OPENSOURCE_PURE;CONTINUOUS_MINUTE_STREAM;VERIFIED_MODEL_GRID,162975e351a5a922de54f6db0880fb67da925e3b34d48de2b2b9937b9c23e7e8,2026-09-27T05:11:00+00:00,2026-09-27 10:11:00,66.7,1006.0,68
23.7,34.8,142.2,2157.6,626.4,97.4,12.2,11.4,2.8,444.0,174.3,4.3,4.5,79.7,30.0,23.13,False,4095,0.0,56.3,505.6,EXT-OPEN-METEO-KHI,KARACHI,OPENSOURCE_API_GRID,313,,,,0.95,True,True,TIER2_OPENSOURCE_PURE;CONTINUOUS_MINUTE_STREAM;VERIFIED_MODEL_GRID,4175b04bab80036da17c5a06ef6c66c4a9d9e791173ed68759f191f734891ce5,2026-09-27T05:12:00+00:00,2026-09-27 10:12:00,66.7,1006.0,68
23.7,34.9,142.8,2163.8,628.2,97.7,12.2,11.4,2.9,444.0,174.0,4.2,4.5,79.8,30.0,23.1,False,4095,0.0,56.2,508.9,EXT-OPEN-METEO-KHI,KARACHI,OPENSOURCE_API_GRID,314,,,,0.95,True,True,TIER2_OPENSOURCE_PURE;CONTINUOUS_MINUTE_STREAM;VERIFIED_MODEL_GRID,d90a1ac316d6d19d06d863183de6fb6d0d88b67d9c05f247e87923dbd5df2cf0,2026-09-27T05:13:00+00:00,2026-09-27 10:13:00,66.6,1006.0,68
23.9,35.1,143.3,2176.2,631.8,98.3,12.3,11.5,2.9,444.0,173.7,4.2,4.5,79.9,30.0,23.08,False,4095,0.0,56.1,512.4,EXT-OPEN-METEO-KHI,KARACHI,OPENSOURCE_API_GRID,315,,,,0.95,True,True,TIER2_OPENSOURCE_PURE;CONTINUOUS_MINUTE_STREAM;VERIFIED_MODEL_GRID,7d2c0ab1b56fc6e20670a45e81cf73b1bbd97298969fd29fd9f60cf749cd3f9f,2026-09-27T05:14:00+00:00,2026-09-27 10:14:00,66.5,1006.0,68
23.9,35.2,143.9,2182.4,633.6,98.6,12.3,11.5,2.9,444.0,173.4,4.2,4.5,80.0,30.1,23.15,False,4095,0.0,56.0,516.1,EXT-OPEN-METEO-KHI,KARACHI,OPENSOURCE_API_GRID,316,,,,0.95,True,True,TIER2_OPENSOURCE_PURE;CONTINUOUS_MINUTE_STREAM;VERIFIED_MODEL_GRID,e6dd0712a1a2675d51685798f20b2a80f5ee1122f2630908fae18577319f1679,2026-09-27T05:15:00+00:00,2026-09-27 10:15:00,66.4,1006.0,68
24.0,35.3,144.5,2188.6,635.4,98.8,12.4,11.6,2.9,444.0,173.0,4.2,4.5,80.2,30.1,23.12,False,4095,0.0,55.8,520.0,EXT-OPEN-METEO-KHI,KARACHI,OPENSOURCE_API_GRID,317,,,,0.95,True,True,TIER2_OPENSOURCE_PURE;CONTINUOUS_MINUTE_STREAM;VERIFIED_MODEL_GRID,a9c00b6033dc36138ea69eea7ab9d0ea33fa1a3ab37729b3d56a05ee87a72b3a,2026-09-27T05:16:00+00:00,2026-09-27 10:16:00,66.3,1006.0,68
24.1,35.5,145.1,2201.0,639.0,99.4,12.4,11.6,2.9,444.0,172.7,4.1,4.5,80.3,30.1,23.07,False,4095,0.0,55.7,524.1,EXT-OPEN-METEO-KHI,KARACHI,OPENSOURCE_API_GRID,318,,,,0.95,True,True,TIER2_OPENSOURCE_PURE;CONTINUOUS_MINUTE_STREAM;VERIFIED_MODEL_GRID,d8b079e061a47f9f93ab1f12c3ee130e142dae766771cdaeeb0d130d9770f53f,2026-09-27T05:17:00+00:00,2026-09-27 10:17:00,66.1,1006.0,68
24.2,35.6,145.7,2207.2,640.8,99.7,12.5,11.7,2.9,444.0,172.3,4.1,4.5,80.4,30.1,23.05,False,4095,0.0,55.6,528.4,EXT-OPEN-METEO-KHI,KARACHI,OPENSOURCE_API_GRID,319,,,,0.95,True,True,TIER2_OPENSOURCE_PURE;CONTINUOUS_MINUTE_STREAM;VERIFIED_MODEL_GRID,c2c5c92861328e8c95ae2b872caeaa2d05acd0f61f821392fa1aca18f5fdad0f,2026-09-27T05:18:00+00:00,2026-09-27 10:18:00,66.0,1006.0,68
24.3,35.7,146.4,2213.4,642.6,100.0,12.5,11.7,2.9,444.0,171.9,4.1,4.5,80.6,30.1,23.02,False,4095,0.0,55.4,532.8,EXT-OPEN-METEO-KHI,KARACHI,OPENSOURCE_API_GRID,320,,,,0.95,True,True,TIER2_OPENSOURCE_PURE;CONTINUOUS_MINUTE_STREAM;VERIFIED_MODEL_GRID,7f7b4c7484d0ae063292132dfcb662e64d4d500449ce6dae7054332f881a0709,2026-09-27T05:19:00+00:00,2026-09-27 10:19:00,65.9,1006.0,68
24.3,35.8,147.0,2219.6,644.4,100.2,12.5,11.8,2.9,444.0,171.5,4.0,4.5,80.8,30.1,22.97,False,4095,0.0,55.2,537.4,EXT-OPEN-METEO-KHI,KARACHI,OPENSOURCE_API_GRID,321,,,,0.95,True,True,TIER2_OPENSOURCE_PURE;CONTINUOUS_MINUTE_STREAM;VERIFIED_MODEL_GRID,63d00b60cfb64a8a588d3c1be67cd86e80d779d16ae35a0ba1cfe11f238b8d7d,2026-09-27T05:20:00+00:00,2026-09-27 10:20:00,65.7,1006.0,68
24.4,35.9,147.7,2225.8,646.2,100.5,12.6,11.8,3.0,444.0,171.1,4.0,4.5,80.9,30.2,23.04,False,4095,0.0,55.1,542.1,EXT-OPEN-METEO-KHI,KARACHI,OPENSOURCE_API_GRID,322,,,,0.95,True,True,TIER2_OPENSOURCE_PURE;CONTINUOUS_MINUTE_STREAM;VERIFIED_MODEL_GRID,30928999dd0b76a1a0d57a32e2be2d182885ab4305ebb0dfb0094011668b0e89,2026-09-27T05:21:00+00:00,2026-09-27 10:21:00,65.6,1006.0,68
24.5,36.1,148.3,2238.2,649.8,101.1,12.6,11.9,3.0,444.0,170.7,4.0,4.5,81.1,30.2,23.02,False,4095,0.0,54.9,547.0,EXT-OPEN-METEO-KHI,KARACHI,OPENSOURCE_API_GRID,323,,,,0.95,True,True,TIER2_OPENSOURCE_PURE;CONTINUOUS_MINUTE_STREAM;VERIFIED_MODEL_GRID,b05312c0f522872f657d6c8b0dc7dc9a093ea01ae103b155490634b51a8915f0,2026-09-27T05:22:00+00:00,2026-09-27 10:22:00,65.5,1006.0,68
24.6,36.2,149.0,2244.4,651.6,101.4,12.7,11.9,3.0,444.0,170.2,4.0,4.5,81.2,30.2,22.97,False,4095,0.0,54.8,552.0,EXT-OPEN-METEO-KHI,KARACHI,OPENSOURCE_API_GRID,324,,,,0.95,True,True,TIER2_OPENSOURCE_PURE;CONTINUOUS_MINUTE_STREAM;VERIFIED_MODEL_GRID,1813978183fad0eee5ebc45195e084a47b496f56abeaa805b13597897cec2b9f,2026-09-27T05:23:00+00:00,2026-09-27 10:23:00,65.3,1006.1,68
24.7,36.3,149.7,2250.6,653.4,101.6,12.7,12.0,3.0,444.0,169.8,3.9,4.5,81.4,30.2,22.94,False,4095,0.0,54.6,557.0,EXT-OPEN-METEO-KHI,KARACHI,OPENSOURCE_API_GRID,325,,,,0.95,True,True,TIER2_OPENSOURCE_PURE;CONTINUOUS_MINUTE_STREAM;VERIFIED_MODEL_GRID,26348d0f03854a955ca470e3b483b2116145b829d177d1753bd4c822725e0754,2026-09-27T05:24:00+00:00,2026-09-27 10:24:00,65.2,1006.1,68
24.8,36.4,150.4,2256.8,655.2,101.9,12.7,12.0,3.0,444.0,169.3,3.9,4.5,81.6,30.2,22.89,False,4095,0.0,54.4,562.2,EXT-OPEN-METEO-KHI,KARACHI,OPENSOURCE_API_GRID,326,,,,0.95,True,True,TIER2_OPENSOURCE_PURE;CONTINUOUS_MINUTE_STREAM;VERIFIED_MODEL_GRID,1dd7907d565090fa53c6672a2c415d51d682e0d615cb5d58c5ac8a2b07d8197f,2026-09-27T05:25:00+00:00,2026-09-27 10:25:00,65.0,1006.1,68
24.8,36.5,151.1,2263.0,657.0,102.2,12.8,12.1,3.0,444.0,168.9,3.8,4.5,81.8,30.2,22.87,False,4095,0.0,54.2,567.4,EXT-OPEN-METEO-KHI,KARACHI,OPENSOURCE_API_GRID,327,,,,0.95,True,True,TIER2_OPENSOURCE_PURE;CONTINUOUS_MINUTE_STREAM;VERIFIED_MODEL_GRID,e445eb685f6ecbc34b0d0506cb857e83f46935cff8448c516691e74d8fbe4609,2026-09-27T05:26:00+00:00,2026-09-27 10:26:00,64.9,1006.1,68
24.9,36.6,151.8,2269.2,658.8,102.5,12.8,12.1,3.0,444.0,168.4,3.8,4.5,82.0,30.2,22.82,False,4095,0.0,54.0,572.7,EXT-OPEN-METEO-KHI,KARACHI,OPENSOURCE_API_GRID,328,,,,0.95,True,True,TIER2_OPENSOURCE_PURE;CONTINUOUS_MINUTE_STREAM;VERIFIED_MODEL_GRID,ecfbb67c7495b359fbf13bea21fc8ac7209a09b77d50ed31a195a588991efa09,2026-09-27T05:27:00+00:00,2026-09-27 10:27:00,64.7,1006.1,68
25.0,36.8,152.5,2281.6,662.4,103.0,12.9,12.2,3.1,444.0,167.9,3.8,4.5,82.1,30.2,22.79,False,4095,0.0,53.9,578.1,EXT-OPEN-METEO-KHI,KARACHI,OPENSOURCE_API_GRID,329,,,,0.95,True,True,TIER2_OPENSOURCE_PURE;CONTINUOUS_MINUTE_STREAM;VERIFIED_MODEL_GRID,8086c2c74d1d171cb9b9810d6da00948fe948520a860252012b413f1fa87d041,2026-09-27T05:28:00+00:00,2026-09-27 10:28:00,64.6,1006.1,68
25.1,36.9,153.3,2287.8,664.2,103.3,12.9,12.3,3.1,444.0,167.5,3.7,4.5,82.3,30.2,22.77,False,4095,0.0,53.7,583.4,EXT-OPEN-METEO-KHI,KARACHI,OPENSOURCE_API_GRID,330,,,,0.95,True,True,TIER2_OPENSOURCE_PURE;CONTINUOUS_MINUTE_STREAM;VERIFIED_MODEL_GRID,7fd212fc3d6e1723bb0105c642c886a50ec3d679c9045e9a1c070c8804d3c4bd,2026-09-27T05:29:00+00:00,2026-09-27 10:29:00,64.5,1006.1,68
25.2,37.1,154.1,2300.2,667.8,103.9,13.0,12.3,3.1,444.0,167.0,3.7,4.4,82.5,30.3,22.83,False,4095,0.0,53.5,588.8,EXT-OPEN-METEO-KHI,KARACHI,OPENSOURCE_API_GRID,331,,,,0.95,True,True,TIER2_OPENSOURCE_PURE;CONTINUOUS_MINUTE_STREAM;VERIFIED_MODEL_GRID,34b84f5aa8caee12e2f9d690c904f7acca7505889ec3f819d3647936c9f63927,2026-09-27T05:30:00+00:00,2026-09-27 10:30:00,64.4,1006.1,68
25.3,37.2,154.8,2306.4,669.6,104.2,13.0,12.4,3.1,444.0,166.5,3.7,4.4,82.7,30.3,22.78,False,4095,0.0,53.3,594.2,EXT-OPEN-METEO-KHI,KARACHI,OPENSOURCE_API_GRID,332,,,,0.95,True,True,TIER2_OPENSOURCE_PURE;CONTINUOUS_MINUTE_STREAM;VERIFIED_MODEL_GRID,4bdce4e1f7f9ddb908429025123b37918af9c424e2776a29ff9b646a4776ba77,2026-09-27T05:31:00+00:00,2026-09-27 10:31:00,64.2,1006.1,68
25.4,37.4,155.6,2318.8,673.2,104.7,13.1,12.4,3.1,444.0,166.1,3.6,4.4,82.9,30.3,22.76,False,4095,0.0,53.1,599.5,EXT-OPEN-METEO-KHI,KARACHI,OPENSOURCE_API_GRID,333,,,,0.95,True,True,TIER2_OPENSOURCE_PURE;CONTINUOUS_MINUTE_STREAM;VERIFIED_MODEL_GRID,83c0b5e081fd1411860a486e027265292e1b90f0527e295a6be6c9ac147dc381,2026-09-27T05:32:00+00:00,2026-09-27 10:32:00,64.1,1006.1,68
25.6,37.6,156.4,2331.2,676.8,105.3,13.2,12.5,3.1,444.0,165.6,3.6,4.4,83.0,30.3,22.73,False,4095,0.0,53.0,604.9,EXT-OPEN-METEO-KHI,KARACHI,OPENSOURCE_API_GRID,334,,,,0.95,True,True,TIER2_OPENSOURCE_PURE;CONTINUOUS_MINUTE_STREAM;VERIFIED_MODEL_GRID,26a89cbe3400c63a03f6fb5695da646c664c55b15048d8029065342812bfd36d,2026-09-27T05:33:00+00:00,2026-09-27 10:33:00,64.0,1006.1,68
25.6,37.7,157.3,2337.4,678.6,105.6,13.2,12.6,3.1,444.0,165.1,3.6,4.4,83.2,30.3,22.71,False,4095,0.0,52.8,610.2,EXT-OPEN-METEO-KHI,KARACHI,OPENSOURCE_API_GRID,335,,,,0.95,True,True,TIER2_OPENSOURCE_PURE;CONTINUOUS_MINUTE_STREAM;VERIFIED_MODEL_GRID,e0520fc66af4c8525147f4c68022618d2d258e59fb4364a637a6c05efdde2e30,2026-09-27T05:34:00+00:00,2026-09-27 10:34:00,63.9,1006.1,68
25.8,37.9,158.1,2349.8,682.2,106.1,13.3,12.6,3.2,444.0,164.7,3.5,4.4,83.4,30.4,22.77,False,4095,0.0,52.6,615.4,EXT-OPEN-METEO-KHI,KARACHI,OPENSOURCE_API_GRID,336,,,,0.95,True,True,TIER2_OPENSOURCE_PURE;CONTINUOUS_MINUTE_STREAM;VERIFIED_MODEL_GRID,67faf21c456f68c5425cd0bddc3317eced57dec77de41da41ca3bbd47b0d15d2,2026-09-27T05:35:00+00:00,2026-09-27 10:35:00,63.8,1006.1,68
25.9,38.1,158.9,2362.2,685.8,106.7,13.3,12.7,3.2,444.0,164.2,3.5,4.4,83.6,30.4,22.75,False,4095,0.0,52.4,620.6,EXT-OPEN-METEO-KHI,KARACHI,OPENSOURCE_API_GRID,337,,,,0.95,True,True,TIER2_OPENSOURCE_PURE;CONTINUOUS_MINUTE_STREAM;VERIFIED_MODEL_GRID,d28d8dcd82eaee5a02453c3b63736f5e7b4a06c114155848f4e7418152df7f83,2026-09-27T05:36:00+00:00,2026-09-27 10:36:00,63.7,1006.1,68
26.0,38.3,159.7,2374.6,689.4,107.2,13.4,12.8,3.2,444.0,163.8,3.4,4.4,83.8,30.4,22.72,False,4095,0.0,52.2,625.6,EXT-OPEN-METEO-KHI,KARACHI,OPENSOURCE_API_GRID,338,,,,0.95,True,True,TIER2_OPENSOURCE_PURE;CONTINUOUS_MINUTE_STREAM;VERIFIED_MODEL_GRID,e99e81bdd2b948fa2378a419911976368abcc7503f4bababb1cb463b65101344,2026-09-27T05:37:00+00:00,2026-09-27 10:37:00,63.6,1006.1,68
26.2,38.5,160.5,2387.0,693.0,107.8,13.5,12.8,3.2,444.0,163.3,3.4,4.4,83.9,30.4,22.7,False,4095,0.0,52.1,630.6,EXT-OPEN-METEO-KHI,KARACHI,OPENSOURCE_API_GRID,339,,,,0.95,True,True,TIER2_OPENSOURCE_PURE;CONTINUOUS_MINUTE_STREAM;VERIFIED_MODEL_GRID,02357387ee900cdfdcd431677d66575be49225fa511659247fba15ba71199da4,2026-09-27T05:38:00+00:00,2026-09-27 10:38:00,63.5,1006.1,68
26.3,38.7,161.3,2399.4,696.6,108.4,13.5,12.9,3.2,444.0,162.9,3.4,4.4,84.1,30.5,22.76,False,4095,0.0,51.9,635.5,EXT-OPEN-METEO-KHI,KARACHI,OPENSOURCE_API_GRID,340,,,,0.95,True,True,TIER2_OPENSOURCE_PURE;CONTINUOUS_MINUTE_STREAM;VERIFIED_MODEL_GRID,f35ebb07ab509df6a4cd5ac6222f1b061c0da36d654090b45710a93a5e780570,2026-09-27T05:39:00+00:00,2026-09-27 10:39:00,63.4,1006.1,68
26.5,38.9,162.0,2411.8,700.2,108.9,13.6,13.0,3.2,444.0,162.5,3.4,4.4,84.2,30.5,22.74,False,4095,0.0,51.8,640.2,EXT-OPEN-METEO-KHI,KARACHI,OPENSOURCE_API_GRID,341,,,,0.95,True,True,TIER2_OPENSOURCE_PURE;CONTINUOUS_MINUTE_STREAM;VERIFIED_MODEL_GRID,c5ea474e5d9ef7103fc22bfaa97b6b4c942f58fbfe61a13bf836cbdb741fc31a,2026-09-27T05:40:00+00:00,2026-09-27 10:40:00,63.3,1006.1,68
26.5,39.0,162.6,2418.0,702.0,109.2,13.6,13.0,3.3,444.0,162.1,3.3,4.4,84.4,30.5,22.74,False,4095,0.0,51.6,644.8,EXT-OPEN-METEO-KHI,KARACHI,OPENSOURCE_API_GRID,342,,,,0.95,True,True,TIER2_OPENSOURCE_PURE;CONTINUOUS_MINUTE_STREAM;VERIFIED_MODEL_GRID,cffaeb0e80f5db8f41eaba215804bb63b877afcbf2b6a0ec7d7c8e01fb45b461,2026-09-27T05:41:00+00:00,2026-09-27 10:41:00,63.3,1006.1,68
26.6,39.1,163.3,2424.2,703.8,109.5,13.7,13.1,3.3,444.0,161.7,3.3,4.4,84.6,30.5,22.71,False,4095,0.0,51.4,649.2,EXT-OPEN-METEO-KHI,KARACHI,OPENSOURCE_API_GRID,343,,,,0.95,True,True,TIER2_OPENSOURCE_PURE;CONTINUOUS_MINUTE_STREAM;VERIFIED_MODEL_GRID,c1e25ab0654f5c7e0a29e95711fbcc1697304d77fa4cbd84a1cc6a97e3802af9,2026-09-27T05:42:00+00:00,2026-09-27 10:42:00,63.2,1006.1,68
26.7,39.3,164.0,2436.6,707.4,110.0,13.8,13.1,3.3,444.0,161.3,3.3,4.4,84.7,30.6,22.78,False,4095,0.0,51.3,653.5,EXT-OPEN-METEO-KHI,KARACHI,OPENSOURCE_API_GRID,344,,,,0.95,True,True,TIER2_OPENSOURCE_PURE;CONTINUOUS_MINUTE_STREAM;VERIFIED_MODEL_GRID,aa2ce12e04341c1f2395cfa3d6188b915eeba6a7cbf74eb177a963c40927f1bb,2026-09-27T05:43:00+00:00,2026-09-27 10:43:00,63.1,1006.1,68
26.9,39.5,164.7,2449.0,711.0,110.6,13.8,13.2,3.3,444.0,161.0,3.2,4.4,84.8,30.6,22.75,False,4095,0.0,51.2,657.6,EXT-OPEN-METEO-KHI,KARACHI,OPENSOURCE_API_GRID,345,,,,0.95,True,True,TIER2_OPENSOURCE_PURE;CONTINUOUS_MINUTE_STREAM;VERIFIED_MODEL_GRID,347697782c868f8d0612d4074bebbf960d325215b7afea9f009fa87b19e7a373,2026-09-27T05:44:00+00:00,2026-09-27 10:44:00,63.0,1006.1,68
26.9,39.6,165.3,2455.2,712.8,110.9,13.9,13.2,3.3,444.0,160.6,3.2,4.4,85.0,30.6,22.73,False,4095,0.0,51.0,661.5,EXT-OPEN-METEO-KHI,KARACHI,OPENSOURCE_API_GRID,346,,,,0.95,True,True,TIER2_OPENSOURCE_PURE;CONTINUOUS_MINUTE_STREAM;VERIFIED_MODEL_GRID,c6addf91f22eb28094d3d1eb1b9be74b81ff48128cccb3df7fb42d61c37aa4d0,2026-09-27T05:45:00+00:00,2026-09-27 10:45:00,62.9,1006.1,68
27.1,39.8,165.9,2467.6,716.4,111.4,13.9,13.3,3.3,444.0,160.3,3.2,4.4,85.1,30.6,22.68,False,4095,0.0,50.9,665.2,EXT-OPEN-METEO-KHI,KARACHI,OPENSOURCE_API_GRID,347,,,,0.95,True,True,TIER2_OPENSOURCE_PURE;CONTINUOUS_MINUTE_STREAM;VERIFIED_MODEL_GRID,a4134fe7d0745c8ec7b8f5dd5812cd3dd0fd08d6b188ae3df35fd548fc687f46,2026-09-27T05:46:00+00:00,2026-09-27 10:46:00,62.7,1006.1,68
27.1,39.9,166.4,2473.8,718.2,111.7,14.0,13.3,3.3,444.0,160.0,3.2,4.4,85.2,30.7,22.74,False,4095,0.0,50.8,668.7,EXT-OPEN-METEO-KHI,KARACHI,OPENSOURCE_API_GRID,348,,,,0.95,True,True,TIER2_OPENSOURCE_PURE;CONTINUOUS_MINUTE_STREAM;VERIFIED_MODEL_GRID,988316f0febb2181c0ebc415126d5b9afacbca0a9662435bfe2577ea97fb802e,2026-09-27T05:47:00+00:00,2026-09-27 10:47:00,62.6,1006.1,68
27.2,40.0,166.9,2480.0,720.0,112.0,14.0,13.4,3.3,444.0,159.7,3.1,4.4,85.3,30.7,22.72,False,4095,0.0,50.7,672.0,EXT-OPEN-METEO-KHI,KARACHI,OPENSOURCE_API_GRID,349,,,,0.95,True,True,TIER2_OPENSOURCE_PURE;CONTINUOUS_MINUTE_STREAM;VERIFIED_MODEL_GRID,e9b8b9794125e7bbaad20bae7a584787c8e1afd4a97858c4c50d6d8f5343b4f5,2026-09-27T05:48:00+00:00,2026-09-27 10:48:00,62.5,1006.1,68
27.3,40.1,167.3,2486.2,721.8,112.3,14.0,13.4,3.3,444.0,159.5,3.1,4.4,85.4,30.7,22.69,False,4095,0.0,50.6,675.0,EXT-OPEN-METEO-KHI,KARACHI,OPENSOURCE_API_GRID,350,,,,0.95,True,True,TIER2_OPENSOURCE_PURE;CONTINUOUS_MINUTE_STREAM;VERIFIED_MODEL_GRID,117bf51f18144bbb1fd62b2fef9c571ff9aa16636e37307788e60fee1eef1b2b,2026-09-27T05:49:00+00:00,2026-09-27 10:49:00,62.4,1006.1,68
27.3,40.2,167.7,2492.4,723.6,112.6,14.1,13.4,3.4,444.0,159.2,3.1,4.4,85.5,30.7,22.67,False,4095,0.0,50.5,677.8,EXT-OPEN-METEO-KHI,KARACHI,OPENSOURCE_API_GRID,351,,,,0.95,True,True,TIER2_OPENSOURCE_PURE;CONTINUOUS_MINUTE_STREAM;VERIFIED_MODEL_GRID,0222254a6217b9e1eda6ebbc50dd1a38bcab83c9c15034ef551ac36889b3e5b9,2026-09-27T05:50:00+00:00,2026-09-27 10:50:00,62.3,1006.1,68
27.3,40.2,168.1,2492.4,723.6,112.6,14.1,13.4,3.4,444.0,159.0,3.1,4.4,85.6,30.7,22.67,False,4095,0.0,50.4,680.4,EXT-OPEN-METEO-KHI,KARACHI,OPENSOURCE_API_GRID,352,,,,0.95,True,True,TIER2_OPENSOURCE_PURE;CONTINUOUS_MINUTE_STREAM;VERIFIED_MODEL_GRID,59a056e408bc48e54809a344f62aebf26c329c77c3b922799faad3b1053e6486,2026-09-27T05:51:00+00:00,2026-09-27 10:51:00,62.3,1006.1,68
27.4,40.3,168.4,2498.6,725.4,112.8,14.1,13.5,3.4,444.0,158.8,3.1,4.4,85.7,30.7,22.64,False,4095,0.0,50.3,682.7,EXT-OPEN-METEO-KHI,KARACHI,OPENSOURCE_API_GRID,353,,,,0.95,True,True,TIER2_OPENSOURCE_PURE;CONTINUOUS_MINUTE_STREAM;VERIFIED_MODEL_GRID,fd4746ac786fefef125785617c305d3dcae3a0d3d78482ec419ff73c12b718e8,2026-09-27T05:52:00+00:00,2026-09-27 10:52:00,62.2,1006.1,68
27.4,40.3,168.6,2498.6,725.4,112.8,14.1,13.5,3.4,444.0,158.6,3.0,4.4,85.8,30.7,22.61,False,4095,0.0,50.2,684.8,EXT-OPEN-METEO-KHI,KARACHI,OPENSOURCE_API_GRID,354,,,,0.95,True,True,TIER2_OPENSOURCE_PURE;CONTINUOUS_MINUTE_STREAM;VERIFIED_MODEL_GRID,8fe1393cdf9677124593ed022d6ec6af6262574f84f5297929ccd74e50c35936,2026-09-27T05:53:00+00:00,2026-09-27 10:53:00,62.1,1006.1,68
27.4,40.3,168.8,2498.6,725.4,112.8,14.1,13.5,3.4,444.0,158.4,3.0,4.4,85.8,30.7,22.59,False,4095,0.0,50.2,686.6,EXT-OPEN-METEO-KHI,KARACHI,OPENSOURCE_API_GRID,355,,,,0.95,True,True,TIER2_OPENSOURCE_PURE;CONTINUOUS_MINUTE_STREAM;VERIFIED_MODEL_GRID,4f2837773f704bfdf48b2db4c2da9c4ddf15958ab1e036c9610794cd12afe7c1,2026-09-27T05:54:00+00:00,2026-09-27 10:54:00,62.0,1006.1,68
27.4,40.3,169.0,2498.6,725.4,112.8,14.1,13.5,3.4,444.0,158.3,3.0,4.4,85.9,30.7,22.59,False,4095,0.0,50.1,688.1,EXT-OPEN-METEO-KHI,KARACHI,OPENSOURCE_API_GRID,356,,,,0.95,True,True,TIER2_OPENSOURCE_PURE;CONTINUOUS_MINUTE_STREAM;VERIFIED_MODEL_GRID,f5d55a461a68cc94213bf36c0a8e0d21bbaa8bf031fdefcfdd0c672262fb0642,2026-09-27T05:55:00+00:00,2026-09-27 10:55:00,62.0,1006.1,68
27.4,40.3,169.1,2498.6,725.4,112.8,14.1,13.5,3.4,444.0,158.2,3.0,4.4,85.9,30.7,22.56,False,4095,0.0,50.1,689.4,EXT-OPEN-METEO-KHI,KARACHI,OPENSOURCE_API_GRID,357,,,,0.95,True,True,TIER2_OPENSOURCE_PURE;CONTINUOUS_MINUTE_STREAM;VERIFIED_MODEL_GRID,814b5c8aa7dd874c36791c4705b98ccf3c68a0047db94c87d2dc8b29a92af74f,2026-09-27T05:56:00+00:00,2026-09-27 10:56:00,61.9,1006.1,68
27.4,40.3,169.2,2498.6,725.4,112.8,14.1,13.5,3.4,444.0,158.1,3.0,4.4,86.0,30.7,22.56,False,4095,0.0,50.0,690.3,EXT-OPEN-METEO-KHI,KARACHI,OPENSOURCE_API_GRID,358,,,,0.95,True,True,TIER2_OPENSOURCE_PURE;CONTINUOUS_MINUTE_STREAM;VERIFIED_MODEL_GRID,973f51432f5992dbeb28b9ec27de3c300c125cf248094eff1f7f9edcae1ef567,2026-09-27T05:57:00+00:00,2026-09-27 10:57:00,61.9,1006.1,68
27.4,40.3,169.2,2498.6,725.4,112.8,14.1,13.5,3.4,444.0,158.0,3.0,4.4,86.0,30.7,22.56,False,4095,0.0,50.0,691.0,EXT-OPEN-METEO-KHI,KARACHI,OPENSOURCE_API_GRID,359,,,,0.95,True,True,TIER2_OPENSOURCE_PURE;CONTINUOUS_MINUTE_STREAM;VERIFIED_MODEL_GRID,542ab7715cf8acca6225df561bae4cad5ee21834cd931b0a514eeb69ce97a158,2026-09-27T05:58:00+00:00,2026-09-27 10:58:00,61.9,1006.1,68
27.3,40.2,169.3,2492.4,723.6,112.6,14.1,13.5,3.4,444.0,158.0,3.0,4.4,86.0,30.7,22.56,False,4095,0.0,50.0,691.5,EXT-OPEN-METEO-KHI,KARACHI,OPENSOURCE_API_GRID,360,,,,0.95,True,True,TIER2_OPENSOURCE_PURE;CONTINUOUS_MINUTE_STREAM;VERIFIED_MODEL_GRID,af18304eab87c5d0cd763f93af00543184c2334bc9542dc6a617f961dcc5fd24,2026-09-27T05:59:00+00:00,2026-09-27 10:59:00,61.9,1006.1,68
27.3,40.2,169.2,2492.4,723.6,112.6,14.1,13.5,3.4,444.0,158.0,3.0,4.4,86.0,30.7,22.56,False,4095,0.0,50.0,691.6,EXT-OPEN-METEO-KHI,KARACHI,OPENSOURCE_API_GRID,361,,,,0.95,True,False,TIER2_OPENSOURCE_PURE;HOURLY_NODE;VERIFIED_MODEL_GRID,4a370a7bfb16495384b412c9049f5c05cd86dcd7239594d18cfbe15d270276e3,2026-09-27T06:00:00+00:00,2026-09-27 11:00:00,61.9,1006.1,69
27.3,40.2,169.2,2492.4,723.6,112.6,14.1,13.5,3.4,444.0,158.0,3.0,4.4,86.0,30.7,22.56,False,4095,0.0,50.0,691.7,EXT-OPEN-METEO-KHI,KARACHI,OPENSOURCE_API_GRID,362,,,,0.95,True,True,TIER2_OPENSOURCE_PURE;CONTINUOUS_MINUTE_STREAM;VERIFIED_MODEL_GRID,2b86065994516c94c128011b2d17568957f670a9e7450482f27ac08011433630,2026-09-27T06:01:00+00:00,2026-09-27 11:01:00,61.9,1006.1,69
27.3,40.2,169.3,2492.4,723.6,112.6,14.1,13.5,3.4,444.0,158.0,3.0,4.4,86.0,30.7,22.56,False,4095,0.0,49.9,691.8,EXT-OPEN-METEO-KHI,KARACHI,OPENSOURCE_API_GRID,363,,,,0.95,True,True,TIER2_OPENSOURCE_PURE;CONTINUOUS_MINUTE_STREAM;VERIFIED_MODEL_GRID,6c3f8852a1ed1015240e9d2c4f00667e893e58d513ee4246c61ab1fd413adc66,2026-09-27T06:02:00+00:00,2026-09-27 11:02:00,61.9,1006.1,69
27.3,40.2,169.4,2492.4,723.6,112.6,14.1,13.6,3.4,444.0,158.0,3.0,4.4,86.0,30.7,22.56,False,4095,0.0,49.8,692.1,EXT-OPEN-METEO-KHI,KARACHI,OPENSOURCE_API_GRID,364,,,,0.95,True,True,TIER2_OPENSOURCE_PURE;CONTINUOUS_MINUTE_STREAM;VERIFIED_MODEL_GRID,5da7165cf49faaf6ede5b8ec92a22910aa59f8cb32f0d597f4e3a5d691f935cd,2026-09-27T06:03:00+00:00,2026-09-27 11:03:00,61.9,1006.1,69
27.4,40.3,169.6,2498.6,725.4,112.8,14.1,13.6,3.4,444.0,158.0,3.0,4.4,86.0,30.7,22.56,False,4095,0.0,49.7,692.6,EXT-OPEN-METEO-KHI,KARACHI,OPENSOURCE_API_GRID,365,,,,0.95,True,True,TIER2_OPENSOURCE_PURE;CONTINUOUS_MINUTE_STREAM;VERIFIED_MODEL_GRID,9daa5ccc080844ff6289f007c13a73d72b563a89a8d81a0223fb1754691cf49f,2026-09-27T06:04:00+00:00,2026-09-27 11:04:00,61.9,1006.1,69
27.4,40.3,169.8,2498.6,725.4,112.8,14.1,13.6,3.4,444.0,157.9,3.0,4.4,86.1,30.7,22.56,False,4095,0.0,49.5,693.1,EXT-OPEN-METEO-KHI,KARACHI,OPENSOURCE_API_GRID,366,,,,0.95,True,True,TIER2_OPENSOURCE_PURE;CONTINUOUS_MINUTE_STREAM;VERIFIED_MODEL_GRID,45e55cca29201126610460473bdbf7f3225d0da1785a71dd9dab081e2adbdea0,2026-09-27T06:05:00+00:00,2026-09-27 11:05:00,61.9,1006.1,69
27.5,40.4,170.1,2504.8,727.2,113.1,14.1,13.6,3.4,444.0,157.9,3.0,4.4,86.1,30.7,22.56,False,4095,0.0,49.3,693.8,EXT-OPEN-METEO-KHI,KARACHI,OPENSOURCE_API_GRID,367,,,,0.95,True,True,TIER2_OPENSOURCE_PURE;CONTINUOUS_MINUTE_STREAM;VERIFIED_MODEL_GRID,3a48fcf32fb849c9495c9093472fd6e54aaf49e017b1457f2b7ba471b240400e,2026-09-27T06:06:00+00:00,2026-09-27 11:06:00,61.9,1006.1,69
27.5,40.5,170.5,2511.0,729.0,113.4,14.2,13.6,3.4,444.0,157.9,3.0,4.4,86.1,30.7,22.56,False,4095,0.0,49.0,694.5,EXT-OPEN-METEO-KHI,KARACHI,OPENSOURCE_API_GRID,368,,,,0.95,True,True,TIER2_OPENSOURCE_PURE;CONTINUOUS_MINUTE_STREAM;VERIFIED_MODEL_GRID,4961f2e1d651f34463347fd1c82ff5b382cc7448623054a9572df41acec1fe5a,2026-09-27T06:07:00+00:00,2026-09-27 11:07:00,61.9,1006.1,69
27.6,40.6,170.9,2517.2,730.8,113.7,14.2,13.7,3.4,444.0,157.9,3.0,4.4,86.2,30.7,22.56,False,4095,0.0,48.7,695.4,EXT-OPEN-METEO-KHI,KARACHI,OPENSOURCE_API_GRID,369,,,,0.95,True,True,TIER2_OPENSOURCE_PURE;CONTINUOUS_MINUTE_STREAM;VERIFIED_MODEL_GRID,1f7df2523eccc630c6132a5b17f54585acfa51ebf73ceecd4fd2494956824ec0,2026-09-27T06:08:00+00:00,2026-09-27 11:08:00,61.9,1006.1,69
27.7,40.7,171.3,2523.4,732.6,114.0,14.2,13.7,3.4,444.0,157.8,3.0,4.4,86.2,30.7,22.56,False,4095,0.0,48.4,696.4,EXT-OPEN-METEO-KHI,KARACHI,OPENSOURCE_API_GRID,370,,,,0.95,True,True,TIER2_OPENSOURCE_PURE;CONTINUOUS_MINUTE_STREAM;VERIFIED_MODEL_GRID,339184372648e15c02ef65df69ffdd78827a7b0f4282ba9310613ebbdd2f8733,2026-09-27T06:09:00+00:00,2026-09-27 11:09:00,61.9,1006.1,69
27.8,40.9,171.8,2535.8,736.2,114.5,14.3,13.7,3.4,444.0,157.8,3.0,4.4,86.3,30.7,22.56,False,4095,0.0,48.1,697.5,EXT-OPEN-METEO-KHI,KARACHI,OPENSOURCE_API_GRID,371,,,,0.95,True,True,TIER2_OPENSOURCE_PURE;CONTINUOUS_MINUTE_STREAM;VERIFIED_MODEL_GRID,b2a49885b8f3f5e24ee4be444dad4aad1521c3b4773ae406579ae2bb7720c80e,2026-09-27T06:10:00+00:00,2026-09-27 11:10:00,61.9,1006.1,69
27.9,41.0,172.4,2542.0,738.0,114.8,14.3,13.8,3.4,444.0,157.8,3.0,4.4,86.3,30.7,22.56,False,4095,0.0,47.7,698.8,EXT-OPEN-METEO-KHI,KARACHI,OPENSOURCE_API_GRID,372,,,,0.95,True,True,TIER2_OPENSOURCE_PURE;CONTINUOUS_MINUTE_STREAM;VERIFIED_MODEL_GRID,1db275b28a6a66205a529ac2186e430df87d20d4f217cdfeba2c34045fe96f4f,2026-09-27T06:11:00+00:00,2026-09-27 11:11:00,61.9,1006.1,69
27.9,41.0,172.7,2542.0,738.0,114.8,14.3,13.8,3.5,444.0,157.7,3.0,4.4,86.4,30.7,22.59,False,4095,0.0,47.2,700.1,EXT-OPEN-METEO-KHI,KARACHI,OPENSOURCE_API_GRID,373,,,,0.95,True,True,TIER2_OPENSOURCE_PURE;CONTINUOUS_MINUTE_STREAM;VERIFIED_MODEL_GRID,79f0bdb4c310bd670678e24264e0d1eee81c369a05837f4d4c4b884e580f7ff7,2026-09-27T06:12:00+00:00,2026-09-27 11:12:00,62.0,1006.1,69
28.0,41.2,173.4,2554.4,741.6,115.4,14.4,13.9,3.5,444.0,157.7,2.9,4.4,86.4,30.8,22.65,False,4095,0.0,46.8,701.5,EXT-OPEN-METEO-KHI,KARACHI,OPENSOURCE_API_GRID,374,,,,0.95,True,True,TIER2_OPENSOURCE_PURE;CONTINUOUS_MINUTE_STREAM;VERIFIED_MODEL_GRID,808779d6f347658ac70c51d65a0dda957b46172d38aba30add4192ec4d88fbcc,2026-09-27T06:13:00+00:00,2026-09-27 11:13:00,61.9,1006.1,69
28.1,41.3,174.0,2560.6,743.4,115.6,14.5,13.9,3.5,444.0,157.6,2.9,4.4,86.5,30.8,22.65,False,4095,0.0,46.3,703.0,EXT-OPEN-METEO-KHI,KARACHI,OPENSOURCE_API_GRID,375,,,,0.95,True,True,TIER2_OPENSOURCE_PURE;CONTINUOUS_MINUTE_STREAM;VERIFIED_MODEL_GRID,9f2e7b9911d8ae197d3130069371efe6a024166580699c3f3ef259debd1ddc71,2026-09-27T06:14:00+00:00,2026-09-27 11:14:00,61.9,1006.1,69
28.2,41.5,174.7,2573.0,747.0,116.2,14.5,14.0,3.5,444.0,157.6,2.9,4.4,86.6,30.8,22.63,False,4095,0.0,45.8,704.6,EXT-OPEN-METEO-KHI,KARACHI,OPENSOURCE_API_GRID,376,,,,0.95,True,True,TIER2_OPENSOURCE_PURE;CONTINUOUS_MINUTE_STREAM;VERIFIED_MODEL_GRID,821f09e03ea50157c79e54cdda64cfc99a526ee0a5c29f6712f8780439bdd724,2026-09-27T06:15:00+00:00,2026-09-27 11:15:00,61.8,1006.1,69
28.3,41.6,175.4,2579.2,748.8,116.5,14.6,14.0,3.5,444.0,157.5,2.9,4.4,86.7,30.8,22.63,False,4095,0.0,45.2,706.3,EXT-OPEN-METEO-KHI,KARACHI,OPENSOURCE_API_GRID,377,,,,0.95,True,True,TIER2_OPENSOURCE_PURE;CONTINUOUS_MINUTE_STREAM;VERIFIED_MODEL_GRID,8a2f9a1d43ed0473592569b98508f5ead94d0e17368c2dfa0c3b12268c8d1c20,2026-09-27T06:16:00+00:00,2026-09-27 11:16:00,61.8,1006.1,69
28.4,41.8,176.1,2591.6,752.4,117.0,14.6,14.1,3.5,444.0,157.4,2.9,4.4,86.7,30.8,22.6,False,4095,0.0,44.6,708.1,EXT-OPEN-METEO-KHI,KARACHI,OPENSOURCE_API_GRID,378,,,,0.95,True,True,TIER2_OPENSOURCE_PURE;CONTINUOUS_MINUTE_STREAM;VERIFIED_MODEL_GRID,dfa50d09bfe0a3ecd92aad18f02c53d252ce004cddc11b525c97f02be4ceae23,2026-09-27T06:17:00+00:00,2026-09-27 11:17:00,61.7,1006.1,69
28.5,41.9,176.8,2597.8,754.2,117.3,14.7,14.1,3.5,444.0,157.4,2.9,4.4,86.8,30.8,22.6,False,4095,0.0,44.0,709.9,EXT-OPEN-METEO-KHI,KARACHI,OPENSOURCE_API_GRID,379,,,,0.95,True,True,TIER2_OPENSOURCE_PURE;CONTINUOUS_MINUTE_STREAM;VERIFIED_MODEL_GRID,9d24542b68d1bd06f87402d07a7ab87190483b2dd75a6e4699b47df912cbd07c,2026-09-27T06:18:00+00:00,2026-09-27 11:18:00,61.7,1006.1,69
28.6,42.1,177.5,2610.2,757.8,117.9,14.7,14.2,3.6,444.0,157.3,2.9,4.4,86.9,30.9,22.67,False,4095,0.0,43.4,711.8,EXT-OPEN-METEO-KHI,KARACHI,OPENSOURCE_API_GRID,380,,,,0.95,True,True,TIER2_OPENSOURCE_PURE;CONTINUOUS_MINUTE_STREAM;VERIFIED_MODEL_GRID,4f6d2441d5a06411968bc3bfee08b014932ef5305efbdf604784ea2fe7e1b674,2026-09-27T06:19:00+00:00,2026-09-27 11:19:00,61.6,1006.0,69
28.7,42.2,178.3,2616.4,759.6,118.2,14.8,14.3,3.6,444.0,157.2,2.9,4.4,87.0,30.9,22.64,False,4095,0.0,42.8,713.8,EXT-OPEN-METEO-KHI,KARACHI,OPENSOURCE_API_GRID,381,,,,0.95,True,True,TIER2_OPENSOURCE_PURE;CONTINUOUS_MINUTE_STREAM;VERIFIED_MODEL_GRID,5d0a9977dca889a548d5c9d9f1e79b40736f589db7dcd5bcc01762b25e3a36c5,2026-09-27T06:20:00+00:00,2026-09-27 11:20:00,61.5,1006.0,69
28.8,42.4,179.1,2628.8,763.2,118.7,14.8,14.3,3.6,444.0,157.2,2.9,4.4,87.1,30.9,22.64,False,4095,0.0,42.1,715.8,EXT-OPEN-METEO-KHI,KARACHI,OPENSOURCE_API_GRID,382,,,,0.95,True,True,TIER2_OPENSOURCE_PURE;CONTINUOUS_MINUTE_STREAM;VERIFIED_MODEL_GRID,1ef7f639364ede3fef70394b28fbec92038fd11881ce8b08644c2efb1690ccc8,2026-09-27T06:21:00+00:00,2026-09-27 11:21:00,61.5,1006.0,69
28.9,42.5,179.8,2635.0,765.0,119.0,14.9,14.4,3.6,444.0,157.1,2.9,4.4,87.2,30.9,22.61,False,4095,0.0,41.4,717.9,EXT-OPEN-METEO-KHI,KARACHI,OPENSOURCE_API_GRID,383,,,,0.95,True,True,TIER2_OPENSOURCE_PURE;CONTINUOUS_MINUTE_STREAM;VERIFIED_MODEL_GRID,75c58bf8025ea70d5522db6951a284fa3521ff647a0eec51c2e1de2bc5e46625,2026-09-27T06:22:00+00:00,2026-09-27 11:22:00,61.4,1006.0,69
29.0,42.6,180.6,2641.2,766.8,119.3,14.9,14.4,3.6,444.0,157.0,2.8,4.4,87.3,30.9,22.59,False,4095,0.0,40.7,720.1,EXT-OPEN-METEO-KHI,KARACHI,OPENSOURCE_API_GRID,384,,,,0.95,True,True,TIER2_OPENSOURCE_PURE;CONTINUOUS_MINUTE_STREAM;VERIFIED_MODEL_GRID,47b59c12e82517c9a4857408ba111d7af2d054382fd073aee6af988813c07e7b,2026-09-27T06:23:00+00:00,2026-09-27 11:23:00,61.3,1006.0,69
29.0,42.7,181.4,2647.4,768.6,119.6,14.9,14.5,3.6,444.0,157.0,2.8,4.4,87.4,30.9,22.56,False,4095,0.0,40.0,722.3,EXT-OPEN-METEO-KHI,KARACHI,OPENSOURCE_API_GRID,385,,,,0.95,True,True,TIER2_OPENSOURCE_PURE;CONTINUOUS_MINUTE_STREAM;VERIFIED_MODEL_GRID,6e024aa101a0a0a2dc6d53c84761acfd778b10f92c8fce2568addd1aa09361b7,2026-09-27T06:24:00+00:00,2026-09-27 11:24:00,61.2,1006.0,69
29.2,42.9,182.2,2659.8,772.2,120.1,15.0,14.6,3.6,444.0,156.9,2.8,4.4,87.5,30.9,22.56,False,4095,0.0,39.3,724.5,EXT-OPEN-METEO-KHI,KARACHI,OPENSOURCE_API_GRID,386,,,,0.95,True,True,TIER2_OPENSOURCE_PURE;CONTINUOUS_MINUTE_STREAM;VERIFIED_MODEL_GRID,bc4493a3154f990e107f9729b72dd084008f42f3251006ffbe66e8f93227e02c,2026-09-27T06:25:00+00:00,2026-09-27 11:25:00,61.2,1006.0,69
29.2,43.0,183.0,2666.0,774.0,120.4,15.0,14.6,3.7,444.0,156.8,2.8,4.4,87.6,30.9,22.53,False,4095,0.0,38.5,726.8,EXT-OPEN-METEO-KHI,KARACHI,OPENSOURCE_API_GRID,387,,,,0.95,True,True,TIER2_OPENSOURCE_PURE;CONTINUOUS_MINUTE_STREAM;VERIFIED_MODEL_GRID,88eae407fc6802205b5b763ec96f5fcc2ba68432b93899d2a39ddd61b8d93063,2026-09-27T06:26:00+00:00,2026-09-27 11:26:00,61.1,1006.0,69
29.3,43.1,183.8,2672.2,775.8,120.7,15.1,14.7,3.7,444.0,156.7,2.8,4.4,87.7,30.9,22.51,False,4095,0.0,37.8,729.1,EXT-OPEN-METEO-KHI,KARACHI,OPENSOURCE_API_GRID,388,,,,0.95,True,True,TIER2_OPENSOURCE_PURE;CONTINUOUS_MINUTE_STREAM;VERIFIED_MODEL_GRID,1f8b94df4030c1563ef212f50cd098a4e3daf4fdcecbf7f932c3ac86566b02a7,2026-09-27T06:27:00+00:00,2026-09-27 11:27:00,61.0,1006.0,69
29.4,43.2,184.6,2678.4,777.6,121.0,15.1,14.8,3.7,444.0,156.7,2.8,4.4,87.8,30.9,22.51,False,4095,0.0,37.0,731.4,EXT-OPEN-METEO-KHI,KARACHI,OPENSOURCE_API_GRID,389,,,,0.95,True,True,TIER2_OPENSOURCE_PURE;CONTINUOUS_MINUTE_STREAM;VERIFIED_MODEL_GRID,c3a27a1072124e90abddc573faddf6e539580a684114368a7fe0ce616b5429a7,2026-09-27T06:28:00+00:00,2026-09-27 11:28:00,61.0,1006.0,69
29.5,43.4,185.4,2690.8,781.2,121.5,15.2,14.8,3.7,444.0,156.6,2.8,4.4,87.9,30.9,22.48,False,4095,0.0,36.3,733.7,EXT-OPEN-METEO-KHI,KARACHI,OPENSOURCE_API_GRID,390,,,,0.95,True,True,TIER2_OPENSOURCE_PURE;CONTINUOUS_MINUTE_STREAM;VERIFIED_MODEL_GRID,021da3a1710ec03a312ef655be41135ff1e85b026229140769a97b55dc236c7d,2026-09-27T06:29:00+00:00,2026-09-27 11:29:00,60.9,1006.0,69
29.6,43.5,186.3,2697.0,783.0,121.8,15.2,14.9,3.7,444.0,156.5,2.8,4.3,88.0,30.9,22.48,False,4095,0.0,35.5,736.0,EXT-OPEN-METEO-KHI,KARACHI,OPENSOURCE_API_GRID,391,,,,0.95,True,True,TIER2_OPENSOURCE_PURE;CONTINUOUS_MINUTE_STREAM;VERIFIED_MODEL_GRID,a000138787c264c807729107b7d6d020fbae5cc932a950ab87b38bfdac9bea14,2026-09-27T06:30:00+00:00,2026-09-27 11:30:00,60.9,1006.0,69
29.6,43.6,187.1,2703.2,784.8,122.1,15.3,15.0,3.7,444.0,156.4,2.7,4.3,88.1,30.9,22.45,False,4095,0.0,34.7,738.3,EXT-OPEN-METEO-KHI,KARACHI,OPENSOURCE_API_GRID,392,,,,0.95,True,True,TIER2_OPENSOURCE_PURE;CONTINUOUS_MINUTE_STREAM;VERIFIED_MODEL_GRID,9cc7f45f70d17b4e5f213c1d365dbd5c7334a68f2f03f9afe4b45dd1da1dbe40,2026-09-27T06:31:00+00:00,2026-09-27 11:31:00,60.8,1006.0,69
29.8,43.8,188.0,2715.6,788.4,122.6,15.3,15.0,3.8,444.0,156.3,2.7,4.3,88.2,30.9,22.42,False,4095,0.0,34.0,740.6,EXT-OPEN-METEO-KHI,KARACHI,OPENSOURCE_API_GRID,393,,,,0.95,True,True,TIER2_OPENSOURCE_PURE;CONTINUOUS_MINUTE_STREAM;VERIFIED_MODEL_GRID,27d962cf5fec23fdf1df6133ace6116c15d3b47812d4b3e8e17fd198e44f0ff4,2026-09-27T06:32:00+00:00,2026-09-27 11:32:00,60.7,1005.9,69
29.9,44.0,188.9,2728.0,792.0,123.2,15.4,15.1,3.8,444.0,156.3,2.7,4.3,88.3,30.9,22.42,False,4095,0.0,33.2,742.9,EXT-OPEN-METEO-KHI,KARACHI,OPENSOURCE_API_GRID,394,,,,0.95,True,True,TIER2_OPENSOURCE_PURE;CONTINUOUS_MINUTE_STREAM;VERIFIED_MODEL_GRID,2bb21aeb868f6c3c676e5f67df6961c6467aa03637e59b89cdc0b21729c0422b,2026-09-27T06:33:00+00:00,2026-09-27 11:33:00,60.7,1005.9,69
30.0,44.1,189.7,2734.2,793.8,123.5,15.4,15.2,3.8,444.0,156.2,2.7,4.3,88.4,31.0,22.52,False,4095,0.0,32.5,745.2,EXT-OPEN-METEO-KHI,KARACHI,OPENSOURCE_API_GRID,395,,,,0.95,True,True,TIER2_OPENSOURCE_PURE;CONTINUOUS_MINUTE_STREAM;VERIFIED_MODEL_GRID,d958a561c15e3a5b5578a2e5050d723d1ff0b74cdbb7a0ce71a3364473722e53,2026-09-27T06:34:00+00:00,2026-09-27 11:34:00,60.7,1005.9,69
30.1,44.3,190.6,2746.6,797.4,124.0,15.5,15.2,3.8,444.0,156.1,2.7,4.3,88.5,31.0,22.49,False,4095,0.0,31.7,747.5,EXT-OPEN-METEO-KHI,KARACHI,OPENSOURCE_API_GRID,396,,,,0.95,True,True,TIER2_OPENSOURCE_PURE;CONTINUOUS_MINUTE_STREAM;VERIFIED_MODEL_GRID,5af75e351f6142559f089143369c639aff4078ea94e62fe059bb4d81e969650d,2026-09-27T06:35:00+00:00,2026-09-27 11:35:00,60.6,1005.9,69
30.3,44.5,191.5,2759.0,801.0,124.6,15.6,15.3,3.8,444.0,156.0,2.7,4.3,88.6,31.0,22.49,False,4095,0.0,31.0,749.7,EXT-OPEN-METEO-KHI,KARACHI,OPENSOURCE_API_GRID,397,,,,0.95,True,True,TIER2_OPENSOURCE_PURE;CONTINUOUS_MINUTE_STREAM;VERIFIED_MODEL_GRID,d716c78692c9c1c35ca0d0908beeb70e647646a50d336ef58ebb0a61ca89efe6,2026-09-27T06:36:00+00:00,2026-09-27 11:36:00,60.6,1005.9,69
30.4,44.7,192.4,2771.4,804.6,125.2,15.6,15.4,3.8,444.0,156.0,2.7,4.3,88.7,31.0,22.49,False,4095,0.0,30.3,751.9,EXT-OPEN-METEO-KHI,KARACHI,OPENSOURCE_API_GRID,398,,,,0.95,True,True,TIER2_OPENSOURCE_PURE;CONTINUOUS_MINUTE_STREAM;VERIFIED_MODEL_GRID,c999acf48eef99f5f78c9dadef08fad3923bc7ad7a3eb8a26ec20d3feff84377,2026-09-27T06:37:00+00:00,2026-09-27 11:37:00,60.6,1005.9,69
30.5,44.9,193.3,2783.8,808.2,125.7,15.7,15.5,3.9,444.0,155.9,2.6,4.3,88.8,31.0,22.46,False,4095,0.0,29.6,754.1,EXT-OPEN-METEO-KHI,KARACHI,OPENSOURCE_API_GRID,399,,,,0.95,True,True,TIER2_OPENSOURCE_PURE;CONTINUOUS_MINUTE_STREAM;VERIFIED_MODEL_GRID,7749050025067f0c23caabc9e88e3957d25a72320602431ee97687eb5c594a47,2026-09-27T06:38:00+00:00,2026-09-27 11:38:00,60.5,1005.9,69
30.7,45.1,194.1,2796.2,811.8,126.3,15.8,15.5,3.9,444.0,155.8,2.6,4.3,88.9,31.0,22.46,False,4095,0.0,28.9,756.2,EXT-OPEN-METEO-KHI,KARACHI,OPENSOURCE_API_GRID,400,,,,0.95,True,True,TIER2_OPENSOURCE_PURE;CONTINUOUS_MINUTE_STREAM;VERIFIED_MODEL_GRID,1236b8e2e9e23ccbc0628383ce155305a320d936d49d45f42f5a69d19f46c2fb,2026-09-27T06:39:00+00:00,2026-09-27 11:39:00,60.5,1005.9,69
30.8,45.3,195.0,2808.6,815.4,126.8,15.9,15.6,3.9,444.0,155.8,2.6,4.3,89.0,31.0,22.46,False,4095,0.0,28.3,758.2,EXT-OPEN-METEO-KHI,KARACHI,OPENSOURCE_API_GRID,401,,,,0.95,True,True,TIER2_OPENSOURCE_PURE;CONTINUOUS_MINUTE_STREAM;VERIFIED_MODEL_GRID,338e33800d70e2edadbbdc20e6e660237ed01f4d1255f2a42535dc2153f31412,2026-09-27T06:40:00+00:00,2026-09-27 11:40:00,60.5,1005.9,69
30.9,45.5,195.8,2821.0,819.0,127.4,15.9,15.7,3.9,444.0,155.7,2.6,4.3,89.1,31.1,22.56,False,4095,0.0,27.6,760.2,EXT-OPEN-METEO-KHI,KARACHI,OPENSOURCE_API_GRID,402,,,,0.95,True,True,TIER2_OPENSOURCE_PURE;CONTINUOUS_MINUTE_STREAM;VERIFIED_MODEL_GRID,e6083c08167d84b8b6f98c8af6247c0b98227283f24b2cef15829520f05a5866,2026-09-27T06:41:00+00:00,2026-09-27 11:41:00,60.5,1005.9,69
31.0,45.6,196.6,2827.2,820.8,127.7,16.0,15.7,3.9,444.0,155.6,2.6,4.3,89.2,31.1,22.56,False,4095,0.0,27.0,762.1,EXT-OPEN-METEO-KHI,KARACHI,OPENSOURCE_API_GRID,403,,,,0.95,True,True,TIER2_OPENSOURCE_PURE;CONTINUOUS_MINUTE_STREAM;VERIFIED_MODEL_GRID,b16c6d1d70c1eb2e3a0ce82592fef9dd7e41228e01cbd07c1d8d8271bfca10d7,2026-09-27T06:42:00+00:00,2026-09-27 11:42:00,60.5,1005.9,69
31.1,45.7,197.2,2833.4,822.6,128.0,16.0,15.8,3.9,444.0,155.6,2.6,4.3,89.3,31.1,22.56,False,4095,0.0,26.4,763.9,EXT-OPEN-METEO-KHI,KARACHI,OPENSOURCE_API_GRID,404,,,,0.95,True,True,TIER2_OPENSOURCE_PURE;CONTINUOUS_MINUTE_STREAM;VERIFIED_MODEL_GRID,cec80c5bf2fddfefb83fdffa3b7e3f52def3b6834cf69fec05d961ba830da222,2026-09-27T06:43:00+00:00,2026-09-27 11:43:00,60.5,1005.9,69
31.2,45.9,197.9,2845.8,826.2,128.5,16.1,15.8,4.0,444.0,155.5,2.6,4.3,89.3,31.1,22.56,False,4095,0.0,25.8,765.7,EXT-OPEN-METEO-KHI,KARACHI,OPENSOURCE_API_GRID,405,,,,0.95,True,True,TIER2_OPENSOURCE_PURE;CONTINUOUS_MINUTE_STREAM;VERIFIED_MODEL_GRID,68f566554d49a4e7f3942fee57e213605fe21fcc6f516936005b2eaa181d09cd,2026-09-27T06:44:00+00:00,2026-09-27 11:44:00,60.5,1005.9,69
31.3,46.0,198.6,2852.0,828.0,128.8,16.1,15.9,4.0,444.0,155.4,2.6,4.3,89.4,31.1,22.53,False,4095,0.0,25.2,767.4,EXT-OPEN-METEO-KHI,KARACHI,OPENSOURCE_API_GRID,406,,,,0.95,True,True,TIER2_OPENSOURCE_PURE;CONTINUOUS_MINUTE_STREAM;VERIFIED_MODEL_GRID,2aa9c9e52fbdaccc9f8732839091ffeaf4c56dd5946f6a63a8e2726b5b0ac276,2026-09-27T06:45:00+00:00,2026-09-27 11:45:00,60.4,1005.8,69
31.4,46.2,199.3,2864.4,831.6,129.4,16.2,15.9,4.0,444.0,155.4,2.6,4.3,89.5,31.2,22.62,False,4095,0.0,24.7,769.0,EXT-OPEN-METEO-KHI,KARACHI,OPENSOURCE_API_GRID,407,,,,0.95,True,True,TIER2_OPENSOURCE_PURE;CONTINUOUS_MINUTE_STREAM;VERIFIED_MODEL_GRID,bc31c4d00af2073c06dd8e7aa280d1640e9f4bc057da2522e72d9f755a4c6f35,2026-09-27T06:46:00+00:00,2026-09-27 11:46:00,60.4,1005.8,69
31.5,46.3,199.9,2870.6,833.4,129.6,16.2,16.0,4.0,444.0,155.3,2.6,4.3,89.6,31.2,22.6,False,4095,0.0,24.2,770.5,EXT-OPEN-METEO-KHI,KARACHI,OPENSOURCE_API_GRID,408,,,,0.95,True,True,TIER2_OPENSOURCE_PURE;CONTINUOUS_MINUTE_STREAM;VERIFIED_MODEL_GRID,d7989082decabdef5cd3668371ad51e8554e2828a25fce47cc88f168745bee7f,2026-09-27T06:47:00+00:00,2026-09-27 11:47:00,60.3,1005.8,69
31.6,46.5,200.5,2883.0,837.0,130.2,16.3,16.0,4.0,444.0,155.3,2.5,4.3,89.6,31.2,22.6,False,4095,0.0,23.8,771.9,EXT-OPEN-METEO-KHI,KARACHI,OPENSOURCE_API_GRID,409,,,,0.95,True,True,TIER2_OPENSOURCE_PURE;CONTINUOUS_MINUTE_STREAM;VERIFIED_MODEL_GRID,28f8c3feafc4df9697badbda521b41b14223985961b392395e42a491348407a4,2026-09-27T06:48:00+00:00,2026-09-27 11:48:00,60.3,1005.8,69
31.7,46.6,201.0,2889.2,838.8,130.5,16.3,16.1,4.0,444.0,155.2,2.5,4.3,89.7,31.2,22.57,False,4095,0.0,23.3,773.2,EXT-OPEN-METEO-KHI,KARACHI,OPENSOURCE_API_GRID,410,,,,0.95,True,True,TIER2_OPENSOURCE_PURE;CONTINUOUS_MINUTE_STREAM;VERIFIED_MODEL_GRID,807a65265294daa840e89e43d4f00ab9b268435cc02925952c9e2e3ed62fadeb,2026-09-27T06:49:00+00:00,2026-09-27 11:49:00,60.2,1005.8,69
31.8,46.7,201.5,2895.4,840.6,130.8,16.3,16.1,4.0,444.0,155.2,2.5,4.3,89.7,31.2,22.57,False,4095,0.0,22.9,774.5,EXT-OPEN-METEO-KHI,KARACHI,OPENSOURCE_API_GRID,411,,,,0.95,True,True,TIER2_OPENSOURCE_PURE;CONTINUOUS_MINUTE_STREAM;VERIFIED_MODEL_GRID,1df92dfb86d919239c40c2c4086ad02c542ace0c38dfbffef8f3a45df9ea7cba,2026-09-27T06:50:00+00:00,2026-09-27 11:50:00,60.2,1005.8,69
31.8,46.7,201.9,2895.4,840.6,130.8,16.3,16.2,4.0,444.0,155.2,2.5,4.3,89.8,31.2,22.54,False,4095,0.0,22.6,775.6,EXT-OPEN-METEO-KHI,KARACHI,OPENSOURCE_API_GRID,412,,,,0.95,True,True,TIER2_OPENSOURCE_PURE;CONTINUOUS_MINUTE_STREAM;VERIFIED_MODEL_GRID,e2dceee23375b11761d03d03a79ebd51aa78050db119aec0a8f588c36c0d85d1,2026-09-27T06:51:00+00:00,2026-09-27 11:51:00,60.1,1005.8,69
31.8,46.8,202.3,2901.6,842.4,131.0,16.4,16.2,4.0,444.0,155.1,2.5,4.3,89.8,31.2,22.54,False,4095,0.0,22.3,776.6,EXT-OPEN-METEO-KHI,KARACHI,OPENSOURCE_API_GRID,413,,,,0.95,True,True,TIER2_OPENSOURCE_PURE;CONTINUOUS_MINUTE_STREAM;VERIFIED_MODEL_GRID,c14b0ecf67593417fb0a0ff39d574ba1f62dc50ae46835fc9f5a71ad38c23f90,2026-09-27T06:52:00+00:00,2026-09-27 11:52:00,60.1,1005.8,69
31.8,46.8,202.6,2901.6,842.4,131.0,16.4,16.2,4.1,444.0,155.1,2.5,4.3,89.9,31.2,22.54,False,4095,0.0,22.0,777.5,EXT-OPEN-METEO-KHI,KARACHI,OPENSOURCE_API_GRID,414,,,,0.95,True,True,TIER2_OPENSOURCE_PURE;CONTINUOUS_MINUTE_STREAM;VERIFIED_MODEL_GRID,2b6341291c67b0431c2fa72d95411eec71abb323b66325e531b54bc856b205a5,2026-09-27T06:53:00+00:00,2026-09-27 11:53:00,60.1,1005.8,69
31.9,46.9,202.9,2907.8,844.2,131.3,16.4,16.2,4.1,444.0,155.1,2.5,4.3,89.9,31.2,22.52,False,4095,0.0,21.7,778.2,EXT-OPEN-METEO-KHI,KARACHI,OPENSOURCE_API_GRID,415,,,,0.95,True,True,TIER2_OPENSOURCE_PURE;CONTINUOUS_MINUTE_STREAM;VERIFIED_MODEL_GRID,306dd823287879534ebf283984e12187c40fd4d2ee6592d05e89a45e0a5c6335,2026-09-27T06:54:00+00:00,2026-09-27 11:54:00,60.0,1005.8,69
31.9,46.9,203.1,2907.8,844.2,131.3,16.4,16.2,4.1,444.0,155.1,2.5,4.3,89.9,31.2,22.52,False,4095,0.0,21.5,778.9,EXT-OPEN-METEO-KHI,KARACHI,OPENSOURCE_API_GRID,416,,,,0.95,True,True,TIER2_OPENSOURCE_PURE;CONTINUOUS_MINUTE_STREAM;VERIFIED_MODEL_GRID,6dc61ced5a5e1652ca7b728306bdab4df74ff434f36f542e31ee4308fb93d636,2026-09-27T06:55:00+00:00,2026-09-27 11:55:00,60.0,1005.8,69
31.9,46.9,203.2,2907.8,844.2,131.3,16.4,16.3,4.1,444.0,155.0,2.5,4.3,90.0,31.2,22.49,False,4095,0.0,21.3,779.4,EXT-OPEN-METEO-KHI,KARACHI,OPENSOURCE_API_GRID,417,,,,0.95,True,True,TIER2_OPENSOURCE_PURE;CONTINUOUS_MINUTE_STREAM;VERIFIED_MODEL_GRID,045ae6964192653e1b7e9566074bb785c54593b122cae8f68dd5fa9d7c10910b,2026-09-27T06:56:00+00:00,2026-09-27 11:56:00,59.9,1005.8,69
31.9,46.9,203.3,2907.8,844.2,131.3,16.4,16.3,4.1,444.0,155.0,2.5,4.3,90.0,31.2,22.49,False,4095,0.0,21.2,779.9,EXT-OPEN-METEO-KHI,KARACHI,OPENSOURCE_API_GRID,418,,,,0.95,True,True,TIER2_OPENSOURCE_PURE;CONTINUOUS_MINUTE_STREAM;VERIFIED_MODEL_GRID,b8c9a11e04d7e0f0d109ba9c37f4f7a437de4c281be85d99696d007ec7db0ddf,2026-09-27T06:57:00+00:00,2026-09-27 11:57:00,59.9,1005.8,69
31.8,46.8,203.3,2901.6,842.4,131.0,16.4,16.3,4.1,444.0,155.0,2.5,4.3,90.0,31.2,22.49,False,4095,0.0,21.1,780.2,EXT-OPEN-METEO-KHI,KARACHI,OPENSOURCE_API_GRID,419,,,,0.95,True,True,TIER2_OPENSOURCE_PURE;CONTINUOUS_MINUTE_STREAM;VERIFIED_MODEL_GRID,cad4a3988abb8a5ce1359541d9b8cb99d43fd0f5ddf767dd1c4b8dad9b3da35a,2026-09-27T06:58:00+00:00,2026-09-27 11:58:00,59.9,1005.8,69
31.8,46.8,203.4,2901.6,842.4,131.0,16.4,16.3,4.1,444.0,155.0,2.5,4.3,90.0,31.2,22.49,False,4095,0.0,21.0,780.3,EXT-OPEN-METEO-KHI,KARACHI,OPENSOURCE_API_GRID,420,,,,0.95,True,True,TIER2_OPENSOURCE_PURE;CONTINUOUS_MINUTE_STREAM;VERIFIED_MODEL_GRID,e6a008c083a8d7ffa633abcb9e28fd1c4ac21adfd69dc578ac3d2260bcaff745,2026-09-27T06:59:00+00:00,2026-09-27 11:59:00,59.9,1005.8,69
31.8,46.8,203.3,2901.6,842.4,131.0,16.4,16.3,4.1,444.0,155.0,2.5,4.3,90.0,31.2,22.49,False,4095,0.0,21.0,780.4,EXT-OPEN-METEO-KHI,KARACHI,OPENSOURCE_API_GRID,421,,,,0.95,True,False,TIER2_OPENSOURCE_PURE;HOURLY_NODE;VERIFIED_MODEL_GRID,35cfc7fb7133c3f3ea973de016d409af0a515cbbcbec6dac95a5f2b481d3d6c2,2026-09-27T07:00:00+00:00,2026-09-27 12:00:00,59.9,1005.8,70
31.8,46.8,203.3,2901.6,842.4,131.0,16.4,16.3,4.1,444.0,155.0,2.5,4.3,90.0,31.2,22.49,False,4095,0.0,21.0,780.4,EXT-OPEN-METEO-KHI,KARACHI,OPENSOURCE_API_GRID,422,,,,0.95,True,True,TIER2_OPENSOURCE_PURE;CONTINUOUS_MINUTE_STREAM;VERIFIED_MODEL_GRID,3845c26d59fb05f9dc483192dfb03682ce093cafcd723b7ffa1c373219b6653f,2026-09-27T07:01:00+00:00,2026-09-27 12:01:00,59.9,1005.8,70
31.8,46.7,203.3,2895.4,840.6,130.8,16.3,16.3,4.1,444.0,155.0,2.5,4.3,90.0,31.2,22.49,False,4095,0.0,21.0,780.4,EXT-OPEN-METEO-KHI,KARACHI,OPENSOURCE_API_GRID,423,,,,0.95,True,True,TIER2_OPENSOURCE_PURE;CONTINUOUS_MINUTE_STREAM;VERIFIED_MODEL_GRID,4da54dbd5c17ed516fa1cb0c067e721d7f45b6fd5fcf8fc388e9a281bab014eb,2026-09-27T07:02:00+00:00,2026-09-27 12:02:00,59.9,1005.8,70
31.8,46.7,203.4,2895.4,840.6,130.8,16.3,16.3,4.1,444.0,155.0,2.5,4.3,90.0,31.2,22.49,False,4095,0.0,21.0,780.4,EXT-OPEN-METEO-KHI,KARACHI,OPENSOURCE_API_GRID,424,,,,0.95,True,True,TIER2_OPENSOURCE_PURE;CONTINUOUS_MINUTE_STREAM;VERIFIED_MODEL_GRID,1995817aa944561b27ca8f48872c7185d4795ab7115bc3e071166a2ac4ab4ca8,2026-09-27T07:03:00+00:00,2026-09-27 12:03:00,59.9,1005.8,70
31.8,46.8,203.5,2901.6,842.4,131.0,16.4,16.3,4.1,444.0,155.0,2.5,4.3,90.0,31.2,22.49,False,4095,0.0,21.1,780.5,EXT-OPEN-METEO-KHI,KARACHI,OPENSOURCE_API_GRID,425,,,,0.95,True,True,TIER2_OPENSOURCE_PURE;CONTINUOUS_MINUTE_STREAM;VERIFIED_MODEL_GRID,96ef5f3da378c10aa9ea41aee214aa65d6cf9bd968da947563f6ba724690fff1,2026-09-27T07:04:00+00:00,2026-09-27 12:04:00,59.9,1005.8,70
31.8,46.8,203.7,2901.6,842.4,131.0,16.4,16.3,4.1,444.0,155.1,2.5,4.3,90.0,31.2,22.49,False,4095,0.0,21.1,780.5,EXT-OPEN-METEO-KHI,KARACHI,OPENSOURCE_API_GRID,426,,,,0.95,True,True,TIER2_OPENSOURCE_PURE;CONTINUOUS_MINUTE_STREAM;VERIFIED_MODEL_GRID,aff45e9463855c0bd5f36a2bfdbe6ad853dfe3cbada64103b4893e6db0f334ea,2026-09-27T07:05:00+00:00,2026-09-27 12:05:00,59.9,1005.8,70
31.9,46.9,204.0,2907.8,844.2,131.3,16.4,16.3,4.1,444.0,155.1,2.5,4.3,90.0,31.2,22.49,False,4095,0.0,21.2,780.5,EXT-OPEN-METEO-KHI,KARACHI,OPENSOURCE_API_GRID,427,,,,0.95,True,True,TIER2_OPENSOURCE_PURE;CONTINUOUS_MINUTE_STREAM;VERIFIED_MODEL_GRID,3599b21260249acc0c9738ca8655bb8d9dd0f3cdaf78591805b33ad848de8af9,2026-09-27T07:06:00+00:00,2026-09-27 12:06:00,59.9,1005.8,70
31.9,46.9,204.3,2907.8,844.2,131.3,16.4,16.3,4.1,444.0,155.1,2.5,4.3,90.0,31.2,22.52,False,4095,0.0,21.3,780.6,EXT-OPEN-METEO-KHI,KARACHI,OPENSOURCE_API_GRID,428,,,,0.95,True,True,TIER2_OPENSOURCE_PURE;CONTINUOUS_MINUTE_STREAM;VERIFIED_MODEL_GRID,aae2ff41e7a900e5901b8fabcc5b49b0480526cd6c0f4689f63a7a4c9256cc5e,2026-09-27T07:07:00+00:00,2026-09-27 12:07:00,60.0,1005.8,70
32.0,47.0,204.6,2914.0,846.0,131.6,16.4,16.4,4.1,444.0,155.2,2.5,4.3,90.0,31.2,22.52,False,4095,0.0,21.3,780.7,EXT-OPEN-METEO-KHI,KARACHI,OPENSOURCE_API_GRID,429,,,,0.95,True,True,TIER2_OPENSOURCE_PURE;CONTINUOUS_MINUTE_STREAM;VERIFIED_MODEL_GRID,32d32cbd1c098a78e4fde8a42101dee889078f48b11ed0902a58d428dce6b371,2026-09-27T07:08:00+00:00,2026-09-27 12:08:00,60.0,1005.8,70
32.1,47.2,205.0,2926.4,849.6,132.2,16.5,16.4,4.1,444.0,155.2,2.5,4.3,90.1,31.2,22.54,False,4095,0.0,21.4,780.7,EXT-OPEN-METEO-KHI,KARACHI,OPENSOURCE_API_GRID,430,,,,0.95,True,True,TIER2_OPENSOURCE_PURE;CONTINUOUS_MINUTE_STREAM;VERIFIED_MODEL_GRID,67a4bc4eec5411f27f4c8be23b5420d53dec2879981b6203e6666b1cc641fa4c,2026-09-27T07:09:00+00:00,2026-09-27 12:09:00,60.1,1005.8,70
32.2,47.3,205.4,2932.6,851.4,132.4,16.6,16.4,4.1,444.0,155.3,2.5,4.3,90.1,31.2,22.54,False,4095,0.0,21.5,780.8,EXT-OPEN-METEO-KHI,KARACHI,OPENSOURCE_API_GRID,431,,,,0.95,True,True,TIER2_OPENSOURCE_PURE;CONTINUOUS_MINUTE_STREAM;VERIFIED_MODEL_GRID,0aa5dd555ea819e7480b8dd5021a2a33e1c1fdf6ffa3964a58bea372fe9d7963,2026-09-27T07:10:00+00:00,2026-09-27 12:10:00,60.1,1005.8,70
32.2,47.4,205.9,2938.8,853.2,132.7,16.6,16.5,4.1,444.0,155.3,2.5,4.3,90.1,31.2,22.57,False,4095,0.0,21.6,780.9,EXT-OPEN-METEO-KHI,KARACHI,OPENSOURCE_API_GRID,432,,,,0.95,True,True,TIER2_OPENSOURCE_PURE;CONTINUOUS_MINUTE_STREAM;VERIFIED_MODEL_GRID,726536b82932994057a8dc892cdfcba51d943f5334356b7974461d0bede74bf1,2026-09-27T07:11:00+00:00,2026-09-27 12:11:00,60.2,1005.8,70
32.3,47.5,206.4,2945.0,855.0,133.0,16.6,16.5,4.1,444.0,155.4,2.5,4.3,90.1,31.2,22.57,False,4095,0.0,21.8,781.0,EXT-OPEN-METEO-KHI,KARACHI,OPENSOURCE_API_GRID,433,,,,0.95,True,True,TIER2_OPENSOURCE_PURE;CONTINUOUS_MINUTE_STREAM;VERIFIED_MODEL_GRID,bb5ede8e990182a443f0844432aac4cf838f014d8a34db492cdc887288f9a71e,2026-09-27T07:12:00+00:00,2026-09-27 12:12:00,60.2,1005.7,70
32.4,47.7,207.0,2957.4,858.6,133.6,16.7,16.6,4.1,444.0,155.4,2.5,4.3,90.1,31.2,22.6,False,4095,0.0,21.9,781.0,EXT-OPEN-METEO-KHI,KARACHI,OPENSOURCE_API_GRID,434,,,,0.95,True,True,TIER2_OPENSOURCE_PURE;CONTINUOUS_MINUTE_STREAM;VERIFIED_MODEL_GRID,842b0b35e36945607532e8f3c1c15b27606e1ef063f40674f5c9f1106bfb8970,2026-09-27T07:13:00+00:00,2026-09-27 12:13:00,60.3,1005.7,70
32.4,47.7,207.4,2957.4,858.6,133.6,16.7,16.6,4.1,444.0,155.5,2.5,4.3,90.1,31.2,22.62,False,4095,0.0,22.0,781.1,EXT-OPEN-METEO-KHI,KARACHI,OPENSOURCE_API_GRID,435,,,,0.95,True,True,TIER2_OPENSOURCE_PURE;CONTINUOUS_MINUTE_STREAM;VERIFIED_MODEL_GRID,17afb4045effa68aa92b4f51f7eb6ea43d774233194b8c4cead5147ecd0cd918,2026-09-27T07:14:00+00:00,2026-09-27 12:14:00,60.4,1005.7,70
32.6,47.9,208.0,2969.8,862.2,134.1,16.8,16.6,4.2,444.0,155.6,2.5,4.3,90.1,31.2,22.62,False,4095,0.0,22.2,781.2,EXT-OPEN-METEO-KHI,KARACHI,OPENSOURCE_API_GRID,436,,,,0.95,True,True,TIER2_OPENSOURCE_PURE;CONTINUOUS_MINUTE_STREAM;VERIFIED_MODEL_GRID,f04450d48e645928aaa9e240b220ce925907bd1116f8440b8aa3f1c4e4d28eed,2026-09-27T07:15:00+00:00,2026-09-27 12:15:00,60.4,1005.7,70
32.6,48.0,208.6,2976.0,864.0,134.4,16.8,16.7,4.2,444.0,155.7,2.5,4.3,90.2,31.2,22.65,False,4095,0.0,22.3,781.4,EXT-OPEN-METEO-KHI,KARACHI,OPENSOURCE_API_GRID,437,,,,0.95,True,True,TIER2_OPENSOURCE_PURE;CONTINUOUS_MINUTE_STREAM;VERIFIED_MODEL_GRID,4b04e72c9601abad20352122267e4d9252d2571263bffc5bfdeb1ca430e30b88,2026-09-27T07:16:00+00:00,2026-09-27 12:16:00,60.5,1005.7,70
32.8,48.2,209.3,2988.4,867.6,135.0,16.9,16.7,4.2,444.0,155.7,2.5,4.3,90.2,31.2,22.65,False,4095,0.0,22.5,781.5,EXT-OPEN-METEO-KHI,KARACHI,OPENSOURCE_API_GRID,438,,,,0.95,True,True,TIER2_OPENSOURCE_PURE;CONTINUOUS_MINUTE_STREAM;VERIFIED_MODEL_GRID,5489896f3f9ed622017ca792643f6e3f958f18f2bd556a69d051b37a70d6931a,2026-09-27T07:17:00+00:00,2026-09-27 12:17:00,60.5,1005.7,70
32.9,48.4,210.0,3000.8,871.2,135.5,16.9,16.8,4.2,444.0,155.8,2.5,4.3,90.2,31.3,22.75,False,4095,0.0,22.6,781.6,EXT-OPEN-METEO-KHI,KARACHI,OPENSOURCE_API_GRID,439,,,,0.95,True,True,TIER2_OPENSOURCE_PURE;CONTINUOUS_MINUTE_STREAM;VERIFIED_MODEL_GRID,eb4468353281a9740f3daef90fcf6d969a973c50e4381d209a5694961f452d66,2026-09-27T07:18:00+00:00,2026-09-27 12:18:00,60.5,1005.7,70
33.0,48.5,210.7,3007.0,873.0,135.8,17.0,16.9,4.2,444.0,155.9,2.5,4.3,90.2,31.3,22.77,False,4095,0.0,22.8,781.7,EXT-OPEN-METEO-KHI,KARACHI,OPENSOURCE_API_GRID,440,,,,0.95,True,True,TIER2_OPENSOURCE_PURE;CONTINUOUS_MINUTE_STREAM;VERIFIED_MODEL_GRID,8a47831b51e389296938aa4b00b0fb5ca78a58cee824f7a5b7665e1004570201,2026-09-27T07:19:00+00:00,2026-09-27 12:19:00,60.6,1005.7,70
33.1,48.7,211.4,3019.4,876.6,136.4,17.0,16.9,4.2,444.0,156.0,2.5,4.2,90.2,31.3,22.77,False,4095,0.0,23.0,781.8,EXT-OPEN-METEO-KHI,KARACHI,OPENSOURCE_API_GRID,441,,,,0.95,True,True,TIER2_OPENSOURCE_PURE;CONTINUOUS_MINUTE_STREAM;VERIFIED_MODEL_GRID,82d363132e5e304fcc7d2768a858b3a4fb0e37389c1186d3bc42f59bee856e77,2026-09-27T07:20:00+00:00,2026-09-27 12:20:00,60.6,1005.7,70
33.2,48.8,212.1,3025.6,878.4,136.6,17.1,17.0,4.2,444.0,156.1,2.5,4.2,90.3,31.3,22.77,False,4095,0.0,23.2,782.0,EXT-OPEN-METEO-KHI,KARACHI,OPENSOURCE_API_GRID,442,,,,0.95,True,True,TIER2_OPENSOURCE_PURE;CONTINUOUS_MINUTE_STREAM;VERIFIED_MODEL_GRID,fedd1bc6ac606d907fe40d85634ed391abb981d77f746956ffbdc4a78a310fa2,2026-09-27T07:21:00+00:00,2026-09-27 12:21:00,60.6,1005.7,70
33.3,49.0,212.8,3038.0,882.0,137.2,17.1,17.0,4.3,444.0,156.2,2.5,4.2,90.3,31.3,22.77,False,4095,0.0,23.4,782.1,EXT-OPEN-METEO-KHI,KARACHI,OPENSOURCE_API_GRID,443,,,,0.95,True,True,TIER2_OPENSOURCE_PURE;CONTINUOUS_MINUTE_STREAM;VERIFIED_MODEL_GRID,2e085cbd9f14a14314080114f6d9a2b165d9bad1ae46a7e32dda5fc570976784,2026-09-27T07:22:00+00:00,2026-09-27 12:22:00,60.6,1005.7,70
33.4,49.1,213.5,3044.2,883.8,137.5,17.2,17.1,4.3,444.0,156.3,2.5,4.2,90.3,31.3,22.8,False,4095,0.0,23.6,782.3,EXT-OPEN-METEO-KHI,KARACHI,OPENSOURCE_API_GRID,444,,,,0.95,True,True,TIER2_OPENSOURCE_PURE;CONTINUOUS_MINUTE_STREAM;VERIFIED_MODEL_GRID,6f0ef04900d9ea9cab43f6b7c917eb3c9967de73d8dc726741d2304c61a13e38,2026-09-27T07:23:00+00:00,2026-09-27 12:23:00,60.7,1005.7,70
33.5,49.3,214.2,3056.6,887.4,138.0,17.3,17.1,4.3,444.0,156.4,2.5,4.2,90.3,31.3,22.8,False,4095,0.0,23.8,782.4,EXT-OPEN-METEO-KHI,KARACHI,OPENSOURCE_API_GRID,445,,,,0.95,True,True,TIER2_OPENSOURCE_PURE;CONTINUOUS_MINUTE_STREAM;VERIFIED_MODEL_GRID,b7e1f0cf3dec26f1f4a8893bc584777ee932713624a5a536429b9980f25dfe7c,2026-09-27T07:24:00+00:00,2026-09-27 12:24:00,60.7,1005.6,70
33.6,49.4,214.9,3062.8,889.2,138.3,17.3,17.2,4.3,444.0,156.5,2.5,4.2,90.4,31.3,22.8,False,4095,0.0,24.0,782.5,EXT-OPEN-METEO-KHI,KARACHI,OPENSOURCE_API_GRID,446,,,,0.95,True,True,TIER2_OPENSOURCE_PURE;CONTINUOUS_MINUTE_STREAM;VERIFIED_MODEL_GRID,9e20828b47d7b15da81d9aebbb4d4d2334f53dab1a9454b72a660bf96f7d94a8,2026-09-27T07:25:00+00:00,2026-09-27 12:25:00,60.7,1005.6,70
33.7,49.5,215.6,3069.0,891.0,138.6,17.3,17.2,4.3,444.0,156.6,2.5,4.2,90.4,31.3,22.8,False,4095,0.0,24.2,782.7,EXT-OPEN-METEO-KHI,KARACHI,OPENSOURCE_API_GRID,447,,,,0.95,True,True,TIER2_OPENSOURCE_PURE;CONTINUOUS_MINUTE_STREAM;VERIFIED_MODEL_GRID,0e459a872e14076e75a613c4e48484eb7e480ec344d09da615e09c0376cbf15e,2026-09-27T07:26:00+00:00,2026-09-27 12:26:00,60.7,1005.6,70
33.7,49.6,216.4,3075.2,892.8,138.9,17.4,17.3,4.3,444.0,156.7,2.5,4.2,90.4,31.3,22.83,False,4095,0.0,24.4,782.8,EXT-OPEN-METEO-KHI,KARACHI,OPENSOURCE_API_GRID,448,,,,0.95,True,True,TIER2_OPENSOURCE_PURE;CONTINUOUS_MINUTE_STREAM;VERIFIED_MODEL_GRID,aa7b9f06a5037701f77ac66ea56e1b6f8612f12b13f98ef6c1766f1560de2956,2026-09-27T07:27:00+00:00,2026-09-27 12:27:00,60.8,1005.6,70
33.9,49.8,217.1,3087.6,896.4,139.4,17.4,17.4,4.3,444.0,156.8,2.5,4.2,90.4,31.3,22.83,False,4095,0.0,24.6,783.0,EXT-OPEN-METEO-KHI,KARACHI,OPENSOURCE_API_GRID,449,,,,0.95,True,True,TIER2_OPENSOURCE_PURE;CONTINUOUS_MINUTE_STREAM;VERIFIED_MODEL_GRID,a3c38f0bf85feeae52424a0c1ae6d36d306807699f32f7b2a840c6020a5a5aa6,2026-09-27T07:28:00+00:00,2026-09-27 12:28:00,60.8,1005.6,70
33.9,49.9,217.8,3093.8,898.2,139.7,17.5,17.4,4.4,444.0,156.9,2.5,4.2,90.5,31.3,22.83,False,4095,0.0,24.8,783.1,EXT-OPEN-METEO-KHI,KARACHI,OPENSOURCE_API_GRID,450,,,,0.95,True,True,TIER2_OPENSOURCE_PURE;CONTINUOUS_MINUTE_STREAM;VERIFIED_MODEL_GRID,1e7797d554a82304e4b877c76e9682e5b6eec639e49fc11df86d4ecb8d9e6267,2026-09-27T07:29:00+00:00,2026-09-27 12:29:00,60.8,1005.6,70
34.0,50.0,218.5,3100.0,900.0,140.0,17.5,17.5,4.4,444.0,157.0,2.4,4.2,90.5,31.2,22.76,False,4095,0.0,25.0,783.3,EXT-OPEN-METEO-KHI,KARACHI,OPENSOURCE_API_GRID,451,,,,0.95,True,True,TIER2_OPENSOURCE_PURE;CONTINUOUS_MINUTE_STREAM;VERIFIED_MODEL_GRID,118ec9ebd3f046b1e84bc0c3e2ef62acba34528d235205f4ce796e4bfe4ced99,2026-09-27T07:30:00+00:00,2026-09-27 12:30:00,60.9,1005.6,70
34.1,50.1,219.3,3106.2,901.8,140.3,17.5,17.5,4.4,444.0,157.1,2.4,4.2,90.5,31.2,22.76,False,4095,0.0,25.2,783.5,EXT-OPEN-METEO-KHI,KARACHI,OPENSOURCE_API_GRID,452,,,,0.95,True,True,TIER2_OPENSOURCE_PURE;CONTINUOUS_MINUTE_STREAM;VERIFIED_MODEL_GRID,03ff911e61ec8a36e156d4ecf9c66b789b2a67d5c8bf84229d9d0a7b25d8ddb4,2026-09-27T07:31:00+00:00,2026-09-27 12:31:00,60.9,1005.6,70
34.2,50.3,220.0,3118.6,905.4,140.8,17.6,17.6,4.4,444.0,157.2,2.4,4.2,90.6,31.2,22.79,False,4095,0.0,25.4,783.6,EXT-OPEN-METEO-KHI,KARACHI,OPENSOURCE_API_GRID,453,,,,0.95,True,True,TIER2_OPENSOURCE_PURE;CONTINUOUS_MINUTE_STREAM;VERIFIED_MODEL_GRID,5fcafe67fe2a8e5b1a1dd75f6446b06b7f9893d8b805c7e92ad5f0e062700fad,2026-09-27T07:32:00+00:00,2026-09-27 12:32:00,61.0,1005.5,70
34.3,50.4,220.8,3124.8,907.2,141.1,17.6,17.7,4.4,444.0,157.3,2.4,4.2,90.6,31.2,22.79,False,4095,0.0,25.6,783.8,EXT-OPEN-METEO-KHI,KARACHI,OPENSOURCE_API_GRID,454,,,,0.95,True,True,TIER2_OPENSOURCE_PURE;CONTINUOUS_MINUTE_STREAM;VERIFIED_MODEL_GRID,9164202772a75eacc5e85d2235feed8d9b4e7a0827223a3e8074aedd795ced34,2026-09-27T07:33:00+00:00,2026-09-27 12:33:00,61.0,1005.5,70
34.4,50.6,221.5,3137.2,910.8,141.7,17.7,17.7,4.4,444.0,157.4,2.4,4.2,90.6,31.2,22.81,False,4095,0.0,25.8,783.9,EXT-OPEN-METEO-KHI,KARACHI,OPENSOURCE_API_GRID,455,,,,0.95,True,True,TIER2_OPENSOURCE_PURE;CONTINUOUS_MINUTE_STREAM;VERIFIED_MODEL_GRID,2c5408a5e4cd39cf571ca8c3307ccdf573ac5e4b0512b5fce9d5c029a818c599,2026-09-27T07:34:00+00:00,2026-09-27 12:34:00,61.1,1005.5,70
34.5,50.7,222.3,3143.4,912.6,142.0,17.7,17.8,4.4,444.0,157.5,2.4,4.2,90.6,31.2,22.81,False,4095,0.0,26.0,784.1,EXT-OPEN-METEO-KHI,KARACHI,OPENSOURCE_API_GRID,456,,,,0.95,True,True,TIER2_OPENSOURCE_PURE;CONTINUOUS_MINUTE_STREAM;VERIFIED_MODEL_GRID,c6ea9ce58bfd23d962c2f33ba997858e117b150616fb734c7bdb84e448eae41e,2026-09-27T07:35:00+00:00,2026-09-27 12:35:00,61.1,1005.5,70
34.6,50.9,223.0,3155.8,916.2,142.5,17.8,17.8,4.5,444.0,157.6,2.4,4.2,90.7,31.2,22.84,False,4095,0.0,26.2,784.2,EXT-OPEN-METEO-KHI,KARACHI,OPENSOURCE_API_GRID,457,,,,0.95,True,True,TIER2_OPENSOURCE_PURE;CONTINUOUS_MINUTE_STREAM;VERIFIED_MODEL_GRID,34050e27ea40222edb9fd0816882d86b4e5a80936655434ccb347cb4ef4845aa,2026-09-27T07:36:00+00:00,2026-09-27 12:36:00,61.2,1005.5,70
34.7,51.1,223.8,3168.2,919.8,143.1,17.9,17.9,4.5,444.0,157.7,2.4,4.2,90.7,31.2,22.84,False,4095,0.0,26.4,784.3,EXT-OPEN-METEO-KHI,KARACHI,OPENSOURCE_API_GRID,458,,,,0.95,True,True,TIER2_OPENSOURCE_PURE;CONTINUOUS_MINUTE_STREAM;VERIFIED_MODEL_GRID,97a4a6b85aa9436848ce89352a0290e66f65a7c54109ea39bfaab30b33676298,2026-09-27T07:37:00+00:00,2026-09-27 12:37:00,61.2,1005.5,70
34.8,51.2,224.6,3174.4,921.6,143.4,17.9,18.0,4.5,444.0,157.8,2.4,4.2,90.7,31.2,22.87,False,4095,0.0,26.6,784.5,EXT-OPEN-METEO-KHI,KARACHI,OPENSOURCE_API_GRID,459,,,,0.95,True,True,TIER2_OPENSOURCE_PURE;CONTINUOUS_MINUTE_STREAM;VERIFIED_MODEL_GRID,32dfc00b3991434c231d6ecab095fe24948d2b8a928e38e9da2d960ea6d03171,2026-09-27T07:38:00+00:00,2026-09-27 12:38:00,61.3,1005.5,70
35.0,51.4,225.3,3186.8,925.2,143.9,18.0,18.0,4.5,444.0,157.9,2.4,4.2,90.7,31.2,22.9,False,4095,0.0,26.8,784.6,EXT-OPEN-METEO-KHI,KARACHI,OPENSOURCE_API_GRID,460,,,,0.95,True,True,TIER2_OPENSOURCE_PURE;CONTINUOUS_MINUTE_STREAM;VERIFIED_MODEL_GRID,6298546ff07a590fe7e42d966817edabd7fd870226a94cfc34c32efac10b6762,2026-09-27T07:39:00+00:00,2026-09-27 12:39:00,61.4,1005.4,70
35.1,51.6,226.1,3199.2,928.8,144.5,18.1,18.1,4.5,444.0,158.0,2.4,4.1,90.8,31.2,22.9,False,4095,0.0,27.0,784.8,EXT-OPEN-METEO-KHI,KARACHI,OPENSOURCE_API_GRID,461,,,,0.95,True,True,TIER2_OPENSOURCE_PURE;CONTINUOUS_MINUTE_STREAM;VERIFIED_MODEL_GRID,9640c44e92757f67c8938342dd6a8ea472f1900e34332ffabf833953bcbdff7c,2026-09-27T07:40:00+00:00,2026-09-27 12:40:00,61.4,1005.4,70
35.2,51.8,226.8,3211.6,932.4,145.0,18.1,18.1,4.5,444.0,158.1,2.4,4.1,90.8,31.2,22.92,False,4095,0.0,27.2,784.9,EXT-OPEN-METEO-KHI,KARACHI,OPENSOURCE_API_GRID,462,,,,0.95,True,True,TIER2_OPENSOURCE_PURE;CONTINUOUS_MINUTE_STREAM;VERIFIED_MODEL_GRID,79f944b74e8138133217e0b8b27445ca8407b47aec6fda2035058b1ea7831bb1,2026-09-27T07:41:00+00:00,2026-09-27 12:41:00,61.5,1005.4,70
35.4,52.0,227.5,3224.0,936.0,145.6,18.2,18.2,4.5,444.0,158.2,2.4,4.1,90.8,31.2,22.95,False,4095,0.0,27.4,785.0,EXT-OPEN-METEO-KHI,KARACHI,OPENSOURCE_API_GRID,463,,,,0.95,True,True,TIER2_OPENSOURCE_PURE;CONTINUOUS_MINUTE_STREAM;VERIFIED_MODEL_GRID,31da821728b8c8fe79856bfa3b214d2fb28498572f2a661688a856ff201c76a3,2026-09-27T07:42:00+00:00,2026-09-27 12:42:00,61.6,1005.4,70
35.4,52.1,228.2,3230.2,937.8,145.9,18.2,18.3,4.6,444.0,158.3,2.4,4.1,90.8,31.3,23.04,False,4095,0.0,27.5,785.1,EXT-OPEN-METEO-KHI,KARACHI,OPENSOURCE_API_GRID,464,,,,0.95,True,True,TIER2_OPENSOURCE_PURE;CONTINUOUS_MINUTE_STREAM;VERIFIED_MODEL_GRID,9dbda0c2a128eefb12e1a9b374a091fb891062e5829b6f1cb62bb32a18ecf659,2026-09-27T07:43:00+00:00,2026-09-27 12:43:00,61.6,1005.4,70
35.6,52.3,228.9,3242.6,941.4,146.4,18.3,18.3,4.6,444.0,158.3,2.4,4.1,90.8,31.3,23.07,False,4095,0.0,27.7,785.2,EXT-OPEN-METEO-KHI,KARACHI,OPENSOURCE_API_GRID,465,,,,0.95,True,True,TIER2_OPENSOURCE_PURE;CONTINUOUS_MINUTE_STREAM;VERIFIED_MODEL_GRID,1ba6bd3252e0b393ab2bfc7858645495ade12795d49cf720a71026e44e3b8b8f,2026-09-27T07:44:00+00:00,2026-09-27 12:44:00,61.7,1005.4,70
35.6,52.4,229.4,3248.8,943.2,146.7,18.3,18.4,4.6,444.0,158.4,2.4,4.1,90.9,31.3,23.12,False,4095,0.0,27.8,785.4,EXT-OPEN-METEO-KHI,KARACHI,OPENSOURCE_API_GRID,466,,,,0.95,True,True,TIER2_OPENSOURCE_PURE;CONTINUOUS_MINUTE_STREAM;VERIFIED_MODEL_GRID,162ad51e34b2816460241a0de0b9a76682105a11a613ff0d3afab8ef0f1eee1a,2026-09-27T07:45:00+00:00,2026-09-27 12:45:00,61.9,1005.4,70
35.7,52.5,230.0,3255.0,945.0,147.0,18.4,18.4,4.6,444.0,158.5,2.4,4.1,90.9,31.3,23.12,False,4095,0.0,28.0,785.5,EXT-OPEN-METEO-KHI,KARACHI,OPENSOURCE_API_GRID,467,,,,0.95,True,True,TIER2_OPENSOURCE_PURE;CONTINUOUS_MINUTE_STREAM;VERIFIED_MODEL_GRID,c4c2219a9cc9e7293452643c37c1910fe656c7d41d280064b08098edb7d533e3,2026-09-27T07:46:00+00:00,2026-09-27 12:46:00,61.9,1005.4,70
35.8,52.7,230.6,3267.4,948.6,147.6,18.4,18.4,4.6,444.0,158.6,2.4,4.1,90.9,31.3,23.12,False,4095,0.0,28.1,785.6,EXT-OPEN-METEO-KHI,KARACHI,OPENSOURCE_API_GRID,468,,,,0.95,True,True,TIER2_OPENSOURCE_PURE;CONTINUOUS_MINUTE_STREAM;VERIFIED_MODEL_GRID,e549a84a0f6f4739be53ab16a5917906990b4cea271e788b4b6dfeee59c377e7,2026-09-27T07:47:00+00:00,2026-09-27 12:47:00,61.9,1005.4,70
35.9,52.8,231.1,3273.6,950.4,147.8,18.5,18.5,4.6,444.0,158.6,2.4,4.1,90.9,31.3,23.12,False,4095,0.0,28.2,785.6,EXT-OPEN-METEO-KHI,KARACHI,OPENSOURCE_API_GRID,469,,,,0.95,True,True,TIER2_OPENSOURCE_PURE;CONTINUOUS_MINUTE_STREAM;VERIFIED_MODEL_GRID,3a179a24e41989dfc56a6422306b1fc1db8d810928fd402fda44ffb4ad772ad0,2026-09-27T07:48:00+00:00,2026-09-27 12:48:00,61.9,1005.4,70
36.0,52.9,231.6,3279.8,952.2,148.1,18.5,18.5,4.6,444.0,158.7,2.4,4.1,90.9,31.3,23.15,False,4095,0.0,28.4,785.7,EXT-OPEN-METEO-KHI,KARACHI,OPENSOURCE_API_GRID,470,,,,0.95,True,True,TIER2_OPENSOURCE_PURE;CONTINUOUS_MINUTE_STREAM;VERIFIED_MODEL_GRID,e2fab0be850b6961b87f5b01ba7b6a1766103818050db3a4fa9877a99bfe6417,2026-09-27T07:49:00+00:00,2026-09-27 12:49:00,62.0,1005.3,70
36.1,53.1,232.0,3292.2,955.8,148.7,18.6,18.6,4.6,444.0,158.7,2.4,4.1,90.9,31.3,23.15,False,4095,0.0,28.5,785.8,EXT-OPEN-METEO-KHI,KARACHI,OPENSOURCE_API_GRID,471,,,,0.95,True,True,TIER2_OPENSOURCE_PURE;CONTINUOUS_MINUTE_STREAM;VERIFIED_MODEL_GRID,97efdad7d3ed2f6f9865eae13422f7a8afc91fc19742c6247809c55a09d605df,2026-09-27T07:50:00+00:00,2026-09-27 12:50:00,62.0,1005.3,70
36.1,53.1,232.4,3292.2,955.8,148.7,18.6,18.6,4.6,444.0,158.8,2.4,4.1,90.9,31.3,23.15,False,4095,0.0,28.6,785.9,EXT-OPEN-METEO-KHI,KARACHI,OPENSOURCE_API_GRID,472,,,,0.95,True,True,TIER2_OPENSOURCE_PURE;CONTINUOUS_MINUTE_STREAM;VERIFIED_MODEL_GRID,f85d863419e79cab045529f58bbd376f3a966ecb57b0c7beb34a5d88a96893ee,2026-09-27T07:51:00+00:00,2026-09-27 12:51:00,62.0,1005.3,70
36.2,53.2,232.8,3298.4,957.6,149.0,18.6,18.6,4.7,444.0,158.8,2.4,4.1,91.0,31.3,23.15,False,4095,0.0,28.7,785.9,EXT-OPEN-METEO-KHI,KARACHI,OPENSOURCE_API_GRID,473,,,,0.95,True,True,TIER2_OPENSOURCE_PURE;CONTINUOUS_MINUTE_STREAM;VERIFIED_MODEL_GRID,0ea23b62948a3ea7dd0b2d3c2002dbe9f2330739e13a9cdf36853eb8e34e6c02,2026-09-27T07:52:00+00:00,2026-09-27 12:52:00,62.0,1005.3,70
36.2,53.3,233.1,3304.6,959.4,149.2,18.7,18.6,4.7,444.0,158.9,2.4,4.1,91.0,31.3,23.15,False,4095,0.0,28.7,786.0,EXT-OPEN-METEO-KHI,KARACHI,OPENSOURCE_API_GRID,474,,,,0.95,True,True,TIER2_OPENSOURCE_PURE;CONTINUOUS_MINUTE_STREAM;VERIFIED_MODEL_GRID,c9100709277cbef974316d66240289c7932de7c9c5ca4950e2d2ece4d09d9acf,2026-09-27T07:53:00+00:00,2026-09-27 12:53:00,62.0,1005.3,70
36.2,53.3,233.3,3304.6,959.4,149.2,18.7,18.7,4.7,444.0,158.9,2.4,4.1,91.0,31.3,23.15,False,4095,0.0,28.8,786.1,EXT-OPEN-METEO-KHI,KARACHI,OPENSOURCE_API_GRID,475,,,,0.95,True,True,TIER2_OPENSOURCE_PURE;CONTINUOUS_MINUTE_STREAM;VERIFIED_MODEL_GRID,9576c4321123709f456b7a0d6f8bdab1691861649308dede3072b08a9c5f2c75,2026-09-27T07:54:00+00:00,2026-09-27 12:54:00,62.0,1005.3,70
36.3,53.4,233.5,3310.8,961.2,149.5,18.7,18.7,4.7,444.0,158.9,2.4,4.1,91.0,31.3,23.15,False,4095,0.0,28.9,786.1,EXT-OPEN-METEO-KHI,KARACHI,OPENSOURCE_API_GRID,476,,,,0.95,True,True,TIER2_OPENSOURCE_PURE;CONTINUOUS_MINUTE_STREAM;VERIFIED_MODEL_GRID,208d465ed66b6245e05d187575cfd03a35cc9fe53a2b146359ae5a8c6a4fe03b,2026-09-27T07:55:00+00:00,2026-09-27 12:55:00,62.0,1005.3,70
36.3,53.4,233.7,3310.8,961.2,149.5,18.7,18.7,4.7,444.0,159.0,2.4,4.1,91.0,31.3,23.12,False,4095,0.0,28.9,786.1,EXT-OPEN-METEO-KHI,KARACHI,OPENSOURCE_API_GRID,477,,,,0.95,True,True,TIER2_OPENSOURCE_PURE;CONTINUOUS_MINUTE_STREAM;VERIFIED_MODEL_GRID,51619c6f348140133976bee797c18cf0f8c7ae62b83ee68b3dab83db95886a5a,2026-09-27T07:56:00+00:00,2026-09-27 12:56:00,61.9,1005.3,70
36.3,53.4,233.8,3310.8,961.2,149.5,18.7,18.7,4.7,444.0,159.0,2.4,4.1,91.0,31.3,23.12,False,4095,0.0,29.0,786.2,EXT-OPEN-METEO-KHI,KARACHI,OPENSOURCE_API_GRID,478,,,,0.95,True,True,TIER2_OPENSOURCE_PURE;CONTINUOUS_MINUTE_STREAM;VERIFIED_MODEL_GRID,1c004761006b99b71c0525581155f453fbdb5bbc64970eee6b57d644df80c1fd,2026-09-27T07:57:00+00:00,2026-09-27 12:57:00,61.9,1005.3,70
36.2,53.3,233.8,3304.6,959.4,149.2,18.7,18.7,4.7,444.0,159.0,2.4,4.1,91.0,31.3,23.12,False,4095,0.0,29.0,786.2,EXT-OPEN-METEO-KHI,KARACHI,OPENSOURCE_API_GRID,479,,,,0.95,True,True,TIER2_OPENSOURCE_PURE;CONTINUOUS_MINUTE_STREAM;VERIFIED_MODEL_GRID,45791efb58c8b999258b9796731662202f776d3933efa6ed201dfd74c282c2db,2026-09-27T07:58:00+00:00,2026-09-27 12:58:00,61.9,1005.3,70
36.2,53.3,233.8,3304.6,959.4,149.2,18.7,18.7,4.7,444.0,159.0,2.4,4.1,91.0,31.3,23.12,False,4095,0.0,29.0,786.2,EXT-OPEN-METEO-KHI,KARACHI,OPENSOURCE_API_GRID,480,,,,0.95,True,True,TIER2_OPENSOURCE_PURE;CONTINUOUS_MINUTE_STREAM;VERIFIED_MODEL_GRID,a8d843591ee3f523a548a96fd86a2181e749113ef6e70c32988e530e422e029c,2026-09-27T07:59:00+00:00,2026-09-27 12:59:00,61.9,1005.3,70
36.2,53.3,233.7,3304.6,959.4,149.2,18.7,18.7,4.7,444.0,159.0,2.4,4.1,91.0,31.3,23.12,False,4095,0.0,29.0,786.2,EXT-OPEN-METEO-KHI,KARACHI,OPENSOURCE_API_GRID,481,,,,0.95,True,False,TIER2_OPENSOURCE_PURE;HOURLY_NODE;VERIFIED_MODEL_GRID,2d105c5dd2a0352a7522f23befb8709c14cdb77aa9b44351e788a4f8817f9fa6,2026-09-27T08:00:00+00:00,2026-09-27 13:00:00,61.9,1005.3,71
36.2,53.2,233.7,3298.4,957.6,149.0,18.6,18.7,4.7,444.0,159.0,2.4,4.1,91.0,31.3,23.12,False,4095,0.0,29.0,786.2,EXT-OPEN-METEO-KHI,KARACHI,OPENSOURCE_API_GRID,482,,,,0.95,True,True,TIER2_OPENSOURCE_PURE;CONTINUOUS_MINUTE_STREAM;VERIFIED_MODEL_GRID,07b5e42f2547766d7e4a4959c72ff10ea0f7614810105bf669df0635eca2a0a1,2026-09-27T08:01:00+00:00,2026-09-27 13:01:00,61.9,1005.3,71
36.2,53.2,233.6,3298.4,957.6,149.0,18.6,18.7,4.7,444.0,159.0,2.4,4.1,91.0,31.3,23.12,False,4095,0.0,28.9,786.0,EXT-OPEN-METEO-KHI,KARACHI,OPENSOURCE_API_GRID,483,,,,0.95,True,True,TIER2_OPENSOURCE_PURE;CONTINUOUS_MINUTE_STREAM;VERIFIED_MODEL_GRID,14cf3c4ed56c355c8a8949aeecd52fcf5b347b630db2e94b0c5db639af8fa3ff,2026-09-27T08:02:00+00:00,2026-09-27 13:02:00,61.9,1005.3,71
36.2,53.2,233.6,3298.4,957.6,149.0,18.6,18.7,4.7,444.0,159.0,2.4,4.1,91.0,31.3,23.12,False,4095,0.0,28.9,785.8,EXT-OPEN-METEO-KHI,KARACHI,OPENSOURCE_API_GRID,484,,,,0.95,True,True,TIER2_OPENSOURCE_PURE;CONTINUOUS_MINUTE_STREAM;VERIFIED_MODEL_GRID,746959844ff7ca84ff7270571a74e73bc6408dbea5d62b9c95f65e9acdc1a4a3,2026-09-27T08:03:00+00:00,2026-09-27 13:03:00,61.9,1005.3,71
36.2,53.2,233.6,3298.4,957.6,149.0,18.6,18.7,4.7,444.0,159.1,2.4,4.1,91.0,31.3,23.12,False,4095,0.0,28.7,785.5,EXT-OPEN-METEO-KHI,KARACHI,OPENSOURCE_API_GRID,485,,,,0.95,True,True,TIER2_OPENSOURCE_PURE;CONTINUOUS_MINUTE_STREAM;VERIFIED_MODEL_GRID,39e39eb812e572ccc8c7416b72f23a9f30ff18f07c868c9b138561c5bbc39e6b,2026-09-27T08:04:00+00:00,2026-09-27 13:04:00,61.9,1005.3,71
36.1,53.1,233.6,3292.2,955.8,148.7,18.6,18.7,4.7,444.0,159.1,2.4,4.1,91.0,31.3,23.12,False,4095,0.0,28.6,785.1,EXT-OPEN-METEO-KHI,KARACHI,OPENSOURCE_API_GRID,486,,,,0.95,True,True,TIER2_OPENSOURCE_PURE;CONTINUOUS_MINUTE_STREAM;VERIFIED_MODEL_GRID,3f71becffb210ba526c50d7b2c3570afb8f36f33e9dde665ce79adff58653e43,2026-09-27T08:05:00+00:00,2026-09-27 13:05:00,61.9,1005.3,71
36.2,53.2,233.7,3298.4,957.6,149.0,18.6,18.7,4.7,444.0,159.2,2.4,4.1,91.0,31.3,23.12,False,4095,0.0,28.4,784.6,EXT-OPEN-METEO-KHI,KARACHI,OPENSOURCE_API_GRID,487,,,,0.95,True,True,TIER2_OPENSOURCE_PURE;CONTINUOUS_MINUTE_STREAM;VERIFIED_MODEL_GRID,bc4243eff736a4c691caeeb1bcc4a27ee442aca7f2a4a63ba52db50989be5769,2026-09-27T08:06:00+00:00,2026-09-27 13:06:00,61.9,1005.3,71
36.2,53.2,233.8,3298.4,957.6,149.0,18.6,18.7,4.7,444.0,159.2,2.4,4.1,91.0,31.2,23.03,False,4095,0.0,28.2,784.0,EXT-OPEN-METEO-KHI,KARACHI,OPENSOURCE_API_GRID,488,,,,0.95,True,True,TIER2_OPENSOURCE_PURE;CONTINUOUS_MINUTE_STREAM;VERIFIED_MODEL_GRID,66025991d6c39aad9dc4fe8f9ae23716f0fa7c015ed72f5925e4b0754373dd80,2026-09-27T08:07:00+00:00,2026-09-27 13:07:00,61.9,1005.3,71
36.2,53.2,233.8,3298.4,957.6,149.0,18.6,18.7,4.7,444.0,159.3,2.4,4.1,91.0,31.2,23.03,False,4095,0.0,28.0,783.3,EXT-OPEN-METEO-KHI,KARACHI,OPENSOURCE_API_GRID,489,,,,0.95,True,True,TIER2_OPENSOURCE_PURE;CONTINUOUS_MINUTE_STREAM;VERIFIED_MODEL_GRID,992767fc022dd513bf6805028947d8fbc9d86b6c2049f50623ed05d1edd12d69,2026-09-27T08:08:00+00:00,2026-09-27 13:08:00,61.9,1005.3,71
36.2,53.3,234.0,3304.6,959.4,149.2,18.7,18.7,4.7,444.0,159.4,2.4,4.1,90.9,31.2,23.06,False,4095,0.0,27.7,782.6,EXT-OPEN-METEO-KHI,KARACHI,OPENSOURCE_API_GRID,490,,,,0.95,True,True,TIER2_OPENSOURCE_PURE;CONTINUOUS_MINUTE_STREAM;VERIFIED_MODEL_GRID,a8776108dc5fa5e88b922c48ad045c97d707c772e0be1c822519bcb901063389,2026-09-27T08:09:00+00:00,2026-09-27 13:09:00,62.0,1005.3,71
36.2,53.3,234.1,3304.6,959.4,149.2,18.7,18.7,4.7,444.0,159.5,2.4,4.1,90.9,31.2,23.06,False,4095,0.0,27.4,781.7,EXT-OPEN-METEO-KHI,KARACHI,OPENSOURCE_API_GRID,491,,,,0.95,True,True,TIER2_OPENSOURCE_PURE;CONTINUOUS_MINUTE_STREAM;VERIFIED_MODEL_GRID,0809f23fbd486f987282cd6cc57eee825d51262f650b9ddbcad24964c3da3d65,2026-09-27T08:10:00+00:00,2026-09-27 13:10:00,62.0,1005.3,71
36.3,53.4,234.3,3310.8,961.2,149.5,18.7,18.7,4.7,444.0,159.6,2.4,4.1,90.9,31.2,23.06,False,4095,0.0,27.1,780.8,EXT-OPEN-METEO-KHI,KARACHI,OPENSOURCE_API_GRID,492,,,,0.95,True,True,TIER2_OPENSOURCE_PURE;CONTINUOUS_MINUTE_STREAM;VERIFIED_MODEL_GRID,a93a06fcf822e04d88d58ee9c3702a8dcb949a17e89530056da8a080d491b890,2026-09-27T08:11:00+00:00,2026-09-27 13:11:00,62.0,1005.3,71
36.4,53.5,234.4,3317.0,963.0,149.8,18.7,18.8,4.7,444.0,159.7,2.4,4.1,90.9,31.3,23.18,False,4095,0.0,26.7,779.8,EXT-OPEN-METEO-KHI,KARACHI,OPENSOURCE_API_GRID,493,,,,0.95,True,True,TIER2_OPENSOURCE_PURE;CONTINUOUS_MINUTE_STREAM;VERIFIED_MODEL_GRID,9e2b93186ed006acfd2685558f9d0b87451df8e9d874440bcde5befb0b205fb0,2026-09-27T08:12:00+00:00,2026-09-27 13:12:00,62.1,1005.2,71
36.4,53.6,234.6,3323.2,964.8,150.1,18.8,18.8,4.7,444.0,159.8,2.4,4.1,90.9,31.3,23.18,False,4095,0.0,26.3,778.8,EXT-OPEN-METEO-KHI,KARACHI,OPENSOURCE_API_GRID,494,,,,0.95,True,True,TIER2_OPENSOURCE_PURE;CONTINUOUS_MINUTE_STREAM;VERIFIED_MODEL_GRID,f95c68e6ebaadeb242d1f12b7e8deb7aaac3e68be59e8772d8548c2893cd244d,2026-09-27T08:13:00+00:00,2026-09-27 13:13:00,62.1,1005.2,71
36.5,53.7,234.8,3329.4,966.6,150.4,18.8,18.8,4.7,444.0,159.9,2.4,4.1,90.9,31.3,23.18,False,4095,0.0,25.9,777.6,EXT-OPEN-METEO-KHI,KARACHI,OPENSOURCE_API_GRID,495,,,,0.95,True,True,TIER2_OPENSOURCE_PURE;CONTINUOUS_MINUTE_STREAM;VERIFIED_MODEL_GRID,d142238380d4bd15aab01016a17d9a1ce7d5268469104b80f9dde4e262c738e0,2026-09-27T08:14:00+00:00,2026-09-27 13:14:00,62.1,1005.2,71
36.5,53.7,235.0,3329.4,966.6,150.4,18.8,18.8,4.7,444.0,160.0,2.4,4.1,90.9,31.3,23.2,False,4095,0.0,25.5,776.4,EXT-OPEN-METEO-KHI,KARACHI,OPENSOURCE_API_GRID,496,,,,0.95,True,True,TIER2_OPENSOURCE_PURE;CONTINUOUS_MINUTE_STREAM;VERIFIED_MODEL_GRID,87ba3d9e6aa1f313ecbacc942715b6213fa37fb1344248336c1a7a8d530cce64,2026-09-27T08:15:00+00:00,2026-09-27 13:15:00,62.2,1005.2,71
36.5,53.7,235.0,3329.4,966.6,150.4,18.8,18.8,4.7,444.0,160.2,2.4,4.1,90.8,31.3,23.23,False,4095,0.0,25.0,775.2,EXT-OPEN-METEO-KHI,KARACHI,OPENSOURCE_API_GRID,497,,,,0.95,True,True,TIER2_OPENSOURCE_PURE;CONTINUOUS_MINUTE_STREAM;VERIFIED_MODEL_GRID,35ae2caffafb47e6c4de7641bd812c5e881d5c20e3502a4921ea56c765064166,2026-09-27T08:16:00+00:00,2026-09-27 13:16:00,62.3,1005.2,71
36.6,53.8,235.2,3335.6,968.4,150.6,18.8,18.8,4.7,444.0,160.3,2.5,4.1,90.8,31.3,23.23,False,4095,0.0,24.6,773.8,EXT-OPEN-METEO-KHI,KARACHI,OPENSOURCE_API_GRID,498,,,,0.95,True,True,TIER2_OPENSOURCE_PURE;CONTINUOUS_MINUTE_STREAM;VERIFIED_MODEL_GRID,beab40707464c761aa17caa778763e61357bd9d7fc29b04c9f518aab14c35a00,2026-09-27T08:17:00+00:00,2026-09-27 13:17:00,62.3,1005.2,71
36.7,53.9,235.5,3341.8,970.2,150.9,18.9,18.8,4.7,444.0,160.4,2.5,4.1,90.8,31.3,23.23,False,4095,0.0,24.1,772.5,EXT-OPEN-METEO-KHI,KARACHI,OPENSOURCE_API_GRID,499,,,,0.95,True,True,TIER2_OPENSOURCE_PURE;CONTINUOUS_MINUTE_STREAM;VERIFIED_MODEL_GRID,bfabc4e3832d539acaa138f6a0e4e6bad203de897364fc3d73f2f0a03c27e12f,2026-09-27T08:18:00+00:00,2026-09-27 13:18:00,62.3,1005.2,71
36.7,54.0,235.7,3348.0,972.0,151.2,18.9,18.9,4.7,444.0,160.6,2.5,4.1,90.8,31.3,23.26,False,4095,0.0,23.5,771.0,EXT-OPEN-METEO-KHI,KARACHI,OPENSOURCE_API_GRID,500,,,,0.95,True,True,TIER2_OPENSOURCE_PURE;CONTINUOUS_MINUTE_STREAM;VERIFIED_MODEL_GRID,862327d7dd5962e2103836b8c24102007930a9e86e9ec0a1e5293b218506ca98,2026-09-27T08:19:00+00:00,2026-09-27 13:19:00,62.4,1005.2,71
36.8,54.1,235.9,3354.2,973.8,151.5,18.9,18.9,4.7,444.0,160.8,2.5,4.1,90.8,31.3,23.26,False,4095,0.0,23.0,769.5,EXT-OPEN-METEO-KHI,KARACHI,OPENSOURCE_API_GRID,501,,,,0.95,True,True,TIER2_OPENSOURCE_PURE;CONTINUOUS_MINUTE_STREAM;VERIFIED_MODEL_GRID,d443e4b4d73df5914919379494c3c169476f48c117af59c0f90cd7316002201d,2026-09-27T08:20:00+00:00,2026-09-27 13:20:00,62.4,1005.2,71
36.9,54.2,236.1,3360.4,975.6,151.8,19.0,18.9,4.7,444.0,160.9,2.5,4.1,90.7,31.3,23.26,False,4095,0.0,22.4,768.0,EXT-OPEN-METEO-KHI,KARACHI,OPENSOURCE_API_GRID,502,,,,0.95,True,True,TIER2_OPENSOURCE_PURE;CONTINUOUS_MINUTE_STREAM;VERIFIED_MODEL_GRID,d0c89c59349d52b786a2f89741d00dce76eea44353084fbdd13b535c06b9d579,2026-09-27T08:21:00+00:00,2026-09-27 13:21:00,62.4,1005.2,71
36.9,54.2,236.3,3360.4,975.6,151.8,19.0,18.9,4.7,444.0,161.1,2.5,4.1,90.7,31.3,23.26,False,4095,0.0,21.9,766.4,EXT-OPEN-METEO-KHI,KARACHI,OPENSOURCE_API_GRID,503,,,,0.95,True,True,TIER2_OPENSOURCE_PURE;CONTINUOUS_MINUTE_STREAM;VERIFIED_MODEL_GRID,422aad6dd1a5774f002f9d996321a350fe13944524ad37df0d143ddaeb756279,2026-09-27T08:22:00+00:00,2026-09-27 13:22:00,62.4,1005.2,71
36.9,54.3,236.5,3366.6,977.4,152.0,19.0,18.9,4.7,444.0,161.2,2.5,4.1,90.7,31.3,23.26,False,4095,0.0,21.3,764.8,EXT-OPEN-METEO-KHI,KARACHI,OPENSOURCE_API_GRID,504,,,,0.95,True,True,TIER2_OPENSOURCE_PURE;CONTINUOUS_MINUTE_STREAM;VERIFIED_MODEL_GRID,b1687c45488fe9a44d32c8dc1d6c6bc9350be2f1669dddf0c54e99e31847ce71,2026-09-27T08:23:00+00:00,2026-09-27 13:23:00,62.4,1005.2,71
37.0,54.4,236.7,3372.8,979.2,152.3,19.0,18.9,4.7,444.0,161.4,2.5,4.1,90.7,31.3,23.26,False,4095,0.0,20.7,763.2,EXT-OPEN-METEO-KHI,KARACHI,OPENSOURCE_API_GRID,505,,,,0.95,True,True,TIER2_OPENSOURCE_PURE;CONTINUOUS_MINUTE_STREAM;VERIFIED_MODEL_GRID,8909bcf905b16862f3440f0ba756f83527781eb3b065b8e657d0936390a230fe,2026-09-27T08:24:00+00:00,2026-09-27 13:24:00,62.4,1005.1,71
37.0,54.4,236.8,3372.8,979.2,152.3,19.0,18.9,4.7,444.0,161.6,2.5,4.1,90.6,31.3,23.26,False,4095,0.0,20.1,761.5,EXT-OPEN-METEO-KHI,KARACHI,OPENSOURCE_API_GRID,506,,,,0.95,True,True,TIER2_OPENSOURCE_PURE;CONTINUOUS_MINUTE_STREAM;VERIFIED_MODEL_GRID,8a9701464b93c2e033af5038e1d2608ad0b82d9891c4b35a326a11b6d4459427,2026-09-27T08:25:00+00:00,2026-09-27 13:25:00,62.4,1005.1,71
37.0,54.4,237.0,3372.8,979.2,152.3,19.0,19.0,4.7,444.0,161.8,2.5,4.1,90.6,31.3,23.26,False,4095,0.0,19.5,759.8,EXT-OPEN-METEO-KHI,KARACHI,OPENSOURCE_API_GRID,507,,,,0.95,True,True,TIER2_OPENSOURCE_PURE;CONTINUOUS_MINUTE_STREAM;VERIFIED_MODEL_GRID,296c9e1dfd4109e2b8cca5b69c026441331dabac3145b1a9d8c7bb09b63dfe5b,2026-09-27T08:26:00+00:00,2026-09-27 13:26:00,62.4,1005.1,71
37.1,54.5,237.1,3379.0,981.0,152.6,19.1,19.0,4.7,444.0,162.0,2.5,4.1,90.6,31.3,23.26,False,4095,0.0,18.9,758.1,EXT-OPEN-METEO-KHI,KARACHI,OPENSOURCE_API_GRID,508,,,,0.95,True,True,TIER2_OPENSOURCE_PURE;CONTINUOUS_MINUTE_STREAM;VERIFIED_MODEL_GRID,74a29cf00b27ffbf5872addb4ed0d05dce9d6fb320f61f8356f454bd679cdebf,2026-09-27T08:27:00+00:00,2026-09-27 13:27:00,62.4,1005.1,71
37.1,54.5,237.3,3379.0,981.0,152.6,19.1,19.0,4.7,444.0,162.1,2.5,4.1,90.6,31.3,23.26,False,4095,0.0,18.3,756.3,EXT-OPEN-METEO-KHI,KARACHI,OPENSOURCE_API_GRID,509,,,,0.95,True,True,TIER2_OPENSOURCE_PURE;CONTINUOUS_MINUTE_STREAM;VERIFIED_MODEL_GRID,e1791e4ccef0a025fc2eff45cd2b3f691a94fb57dd59abaf6d1b2befa9c78a01,2026-09-27T08:28:00+00:00,2026-09-27 13:28:00,62.4,1005.1,71
37.1,54.5,237.4,3379.0,981.0,152.6,19.1,19.0,4.7,444.0,162.3,2.5,4.1,90.5,31.3,23.26,False,4095,0.0,17.6,754.6,EXT-OPEN-METEO-KHI,KARACHI,OPENSOURCE_API_GRID,510,,,,0.95,True,True,TIER2_OPENSOURCE_PURE;CONTINUOUS_MINUTE_STREAM;VERIFIED_MODEL_GRID,a63402bf63241fcb8b1ab35c86751b6ea7f708b5173754a6a79fd5aabe7b8431,2026-09-27T08:29:00+00:00,2026-09-27 13:29:00,62.4,1005.1,71
37.1,54.6,237.5,3385.2,982.8,152.9,19.1,19.0,4.8,444.0,162.5,2.5,4.0,90.5,31.3,23.26,False,4095,0.0,17.0,752.8,EXT-OPEN-METEO-KHI,KARACHI,OPENSOURCE_API_GRID,511,,,,0.95,True,True,TIER2_OPENSOURCE_PURE;CONTINUOUS_MINUTE_STREAM;VERIFIED_MODEL_GRID,e07f54dd847da81fb884b6f8eeeb83fbcff0109ef51382f8017b5e7acba4e5ce,2026-09-27T08:30:00+00:00,2026-09-27 13:30:00,62.4,1005.1,71
37.1,54.6,237.6,3385.2,982.8,152.9,19.1,19.0,4.8,444.0,162.7,2.6,4.0,90.5,31.3,23.26,False,4095,0.0,16.4,751.1,EXT-OPEN-METEO-KHI,KARACHI,OPENSOURCE_API_GRID,512,,,,0.95,True,True,TIER2_OPENSOURCE_PURE;CONTINUOUS_MINUTE_STREAM;VERIFIED_MODEL_GRID,dfaf344f1c93a046496cdf0756534a818e788134486013460cdd2eb840305e02,2026-09-27T08:31:00+00:00,2026-09-27 13:31:00,62.4,1005.1,71
37.1,54.6,237.8,3385.2,982.8,152.9,19.1,19.0,4.8,444.0,162.9,2.6,4.0,90.4,31.2,23.16,False,4095,0.0,15.7,749.4,EXT-OPEN-METEO-KHI,KARACHI,OPENSOURCE_API_GRID,513,,,,0.95,True,True,TIER2_OPENSOURCE_PURE;CONTINUOUS_MINUTE_STREAM;VERIFIED_MODEL_GRID,7eb52b3124bd8b06bcf8708422212fb4855ae8683fe2d00fa5fde4040a85ab3d,2026-09-27T08:32:00+00:00,2026-09-27 13:32:00,62.4,1005.0,71
37.1,54.6,237.9,3385.2,982.8,152.9,19.1,19.0,4.8,444.0,163.0,2.6,4.0,90.4,31.2,23.16,False,4095,0.0,15.1,747.6,EXT-OPEN-METEO-KHI,KARACHI,OPENSOURCE_API_GRID,514,,,,0.95,True,True,TIER2_OPENSOURCE_PURE;CONTINUOUS_MINUTE_STREAM;VERIFIED_MODEL_GRID,29a4148804a4880a8ef45dd786df35f4fbbdb81c79947e46a7bf00eaa5d0f4b8,2026-09-27T08:33:00+00:00,2026-09-27 13:33:00,62.4,1005.0,71
37.2,54.7,238.0,3391.4,984.6,153.2,19.1,19.0,4.8,444.0,163.2,2.6,4.0,90.4,31.2,23.19,False,4095,0.0,14.5,745.9,EXT-OPEN-METEO-KHI,KARACHI,OPENSOURCE_API_GRID,515,,,,0.95,True,True,TIER2_OPENSOURCE_PURE;CONTINUOUS_MINUTE_STREAM;VERIFIED_MODEL_GRID,84d621abb4c3a19c97f22777cbec2319ebc1daf9af5f8a0d7f561f1a370e124c,2026-09-27T08:34:00+00:00,2026-09-27 13:34:00,62.5,1005.0,71
37.2,54.7,238.2,3391.4,984.6,153.2,19.1,19.1,4.8,444.0,163.4,2.6,4.0,90.4,31.2,23.19,False,4095,0.0,13.9,744.2,EXT-OPEN-METEO-KHI,KARACHI,OPENSOURCE_API_GRID,516,,,,0.95,True,True,TIER2_OPENSOURCE_PURE;CONTINUOUS_MINUTE_STREAM;VERIFIED_MODEL_GRID,f178fda406c3216ede95a0f2140cd8ffdf9c584e0b9f67cb6ab64c6873453ccb,2026-09-27T08:35:00+00:00,2026-09-27 13:35:00,62.5,1005.0,71
37.2,54.7,238.4,3391.4,984.6,153.2,19.1,19.1,4.8,444.0,163.6,2.6,4.0,90.3,31.2,23.19,False,4095,0.0,13.3,742.5,EXT-OPEN-METEO-KHI,KARACHI,OPENSOURCE_API_GRID,517,,,,0.95,True,True,TIER2_OPENSOURCE_PURE;CONTINUOUS_MINUTE_STREAM;VERIFIED_MODEL_GRID,54c89eeef713c010738bb4fd7e1806fde47e25fcd7eba418af51497005d73cd0,2026-09-27T08:36:00+00:00,2026-09-27 13:36:00,62.5,1005.0,71
37.3,54.8,238.5,3397.6,986.4,153.4,19.2,19.1,4.8,444.0,163.8,2.6,4.0,90.3,31.2,23.19,False,4095,0.0,12.7,740.9,EXT-OPEN-METEO-KHI,KARACHI,OPENSOURCE_API_GRID,518,,,,0.95,True,True,TIER2_OPENSOURCE_PURE;CONTINUOUS_MINUTE_STREAM;VERIFIED_MODEL_GRID,ed1c85a27fd76a6913748319a644dd001137e08250fa3add521ae6e26a143630,2026-09-27T08:37:00+00:00,2026-09-27 13:37:00,62.5,1005.0,71
37.3,54.9,238.7,3403.8,988.2,153.7,19.2,19.1,4.8,444.0,163.9,2.6,4.0,90.3,31.2,23.22,False,4095,0.0,12.1,739.3,EXT-OPEN-METEO-KHI,KARACHI,OPENSOURCE_API_GRID,519,,,,0.95,True,True,TIER2_OPENSOURCE_PURE;CONTINUOUS_MINUTE_STREAM;VERIFIED_MODEL_GRID,18d551785bf81466f8cb6e19e8a226c7068070c38fe2340b8af066d409bd4fee,2026-09-27T08:38:00+00:00,2026-09-27 13:38:00,62.6,1005.0,71
37.3,54.9,238.9,3403.8,988.2,153.7,19.2,19.1,4.8,444.0,164.1,2.6,4.0,90.3,31.2,23.22,False,4095,0.0,11.6,737.7,EXT-OPEN-METEO-KHI,KARACHI,OPENSOURCE_API_GRID,520,,,,0.95,True,True,TIER2_OPENSOURCE_PURE;CONTINUOUS_MINUTE_STREAM;VERIFIED_MODEL_GRID,e45a1128371bf467e84b29aa1eccd6d67aff3dea9aab5fd660301fe630e50c4f,2026-09-27T08:39:00+00:00,2026-09-27 13:39:00,62.6,1004.9,71
37.4,55.0,239.1,3410.0,990.0,154.0,19.2,19.1,4.8,444.0,164.2,2.6,4.0,90.2,31.2,23.24,False,4095,0.0,11.0,736.2,EXT-OPEN-METEO-KHI,KARACHI,OPENSOURCE_API_GRID,521,,,,0.95,True,True,TIER2_OPENSOURCE_PURE;CONTINUOUS_MINUTE_STREAM;VERIFIED_MODEL_GRID,b1a84205f740784d1643709cf72475bc3df917b7497293a8f671ed43c30c27dd,2026-09-27T08:40:00+00:00,2026-09-27 13:40:00,62.7,1004.9,71
37.5,55.1,239.3,3416.2,991.8,154.3,19.3,19.1,4.8,444.0,164.4,2.6,4.0,90.2,31.2,23.24,False,4095,0.0,10.5,734.7,EXT-OPEN-METEO-KHI,KARACHI,OPENSOURCE_API_GRID,522,,,,0.95,True,True,TIER2_OPENSOURCE_PURE;CONTINUOUS_MINUTE_STREAM;VERIFIED_MODEL_GRID,d496f83b3f766d149ed225d39d039a3a683bc46231b6e295bc2a1c03cc72e083,2026-09-27T08:41:00+00:00,2026-09-27 13:41:00,62.7,1004.9,71
37.5,55.2,239.5,3422.4,993.6,154.6,19.3,19.2,4.8,444.0,164.6,2.6,4.0,90.2,31.2,23.24,False,4095,0.0,9.9,733.2,EXT-OPEN-METEO-KHI,KARACHI,OPENSOURCE_API_GRID,523,,,,0.95,True,True,TIER2_OPENSOURCE_PURE;CONTINUOUS_MINUTE_STREAM;VERIFIED_MODEL_GRID,9afeb17b43db6a55d3b642860cceae1e547e5ba8f276f93c586982270f11ab7a,2026-09-27T08:42:00+00:00,2026-09-27 13:42:00,62.7,1004.9,71
37.6,55.3,239.7,3428.6,995.4,154.8,19.4,19.2,4.8,444.0,164.7,2.6,4.0,90.2,31.2,23.27,False,4095,0.0,9.4,731.9,EXT-OPEN-METEO-KHI,KARACHI,OPENSOURCE_API_GRID,524,,,,0.95,True,True,TIER2_OPENSOURCE_PURE;CONTINUOUS_MINUTE_STREAM;VERIFIED_MODEL_GRID,b194282cb7e921c21e4e3b6ef72e06793ee241f066d93116762c75654e1593e7,2026-09-27T08:43:00+00:00,2026-09-27 13:43:00,62.8,1004.9,71
37.7,55.4,240.0,3434.8,997.2,155.1,19.4,19.2,4.8,444.0,164.8,2.7,4.0,90.2,31.2,23.27,False,4095,0.0,9.0,730.5,EXT-OPEN-METEO-KHI,KARACHI,OPENSOURCE_API_GRID,525,,,,0.95,True,True,TIER2_OPENSOURCE_PURE;CONTINUOUS_MINUTE_STREAM;VERIFIED_MODEL_GRID,ef397646a0aa69ceca4ae891c951ee9e61932ce8171b6ec5977d8886eefa54d0,2026-09-27T08:44:00+00:00,2026-09-27 13:44:00,62.8,1004.9,71
37.7,55.5,240.2,3441.0,999.0,155.4,19.4,19.2,4.8,444.0,165.0,2.7,4.0,90.1,31.2,23.29,False,4095,0.0,8.5,729.3,EXT-OPEN-METEO-KHI,KARACHI,OPENSOURCE_API_GRID,526,,,,0.95,True,True,TIER2_OPENSOURCE_PURE;CONTINUOUS_MINUTE_STREAM;VERIFIED_MODEL_GRID,b15c52272583569f832ce87b4da94e7a51e82d579ba172638be78f3fdd0f78ee,2026-09-27T08:45:00+00:00,2026-09-27 13:45:00,62.9,1004.9,71
37.8,55.6,240.4,3447.2,1000.8,155.7,19.5,19.2,4.8,444.0,165.1,2.7,4.0,90.1,31.2,23.29,False,4095,0.0,8.1,728.1,EXT-OPEN-METEO-KHI,KARACHI,OPENSOURCE_API_GRID,527,,,,0.95,True,True,TIER2_OPENSOURCE_PURE;CONTINUOUS_MINUTE_STREAM;VERIFIED_MODEL_GRID,d4cfdcba0f6f468c17080b7ea5cef8cf0f9c09f081eb5daf361299ec53a481cb,2026-09-27T08:46:00+00:00,2026-09-27 13:46:00,62.9,1004.9,71
37.7,55.5,240.4,3441.0,999.0,155.4,19.4,19.2,4.8,444.0,165.2,2.7,4.0,90.1,31.2,23.32,False,4095,0.0,7.7,726.9,EXT-OPEN-METEO-KHI,KARACHI,OPENSOURCE_API_GRID,528,,,,0.95,True,True,TIER2_OPENSOURCE_PURE;CONTINUOUS_MINUTE_STREAM;VERIFIED_MODEL_GRID,58aaee40316de737ef657dd9ae8c863b4ea61c08a75d70623132d617f733cb8e,2026-09-27T08:47:00+00:00,2026-09-27 13:47:00,63.0,1004.9,71
37.8,55.6,240.6,3447.2,1000.8,155.7,19.5,19.2,4.8,444.0,165.3,2.7,4.0,90.1,31.2,23.35,False,4095,0.0,7.3,725.9,EXT-OPEN-METEO-KHI,KARACHI,OPENSOURCE_API_GRID,529,,,,0.95,True,True,TIER2_OPENSOURCE_PURE;CONTINUOUS_MINUTE_STREAM;VERIFIED_MODEL_GRID,ff4343b5970de738a6fa711aa45afb6788624a0b48fa946b8508071ff63baf40,2026-09-27T08:48:00+00:00,2026-09-27 13:48:00,63.1,1004.9,71
37.9,55.7,240.7,3453.4,1002.6,156.0,19.5,19.3,4.8,444.0,165.4,2.7,4.0,90.1,31.2,23.35,False,4095,0.0,6.9,724.9,EXT-OPEN-METEO-KHI,KARACHI,OPENSOURCE_API_GRID,530,,,,0.95,True,True,TIER2_OPENSOURCE_PURE;CONTINUOUS_MINUTE_STREAM;VERIFIED_MODEL_GRID,6959e5f5e5959a2f4a5bd3c1656d890804875b747a7e77b4559c90170137e245,2026-09-27T08:49:00+00:00,2026-09-27 13:49:00,63.1,1004.8,71
37.9,55.8,240.9,3459.6,1004.4,156.2,19.5,19.3,4.8,444.0,165.5,2.7,4.0,90.1,31.2,23.35,False,4095,0.0,6.6,724.0,EXT-OPEN-METEO-KHI,KARACHI,OPENSOURCE_API_GRID,531,,,,0.95,True,True,TIER2_OPENSOURCE_PURE;CONTINUOUS_MINUTE_STREAM;VERIFIED_MODEL_GRID,3599819928e27613a66de052f598841be6ed27e5ee15bf4672a52f5ac4b1a75d,2026-09-27T08:50:00+00:00,2026-09-27 13:50:00,63.1,1004.8,71
37.9,55.8,241.0,3459.6,1004.4,156.2,19.5,19.3,4.8,444.0,165.6,2.7,4.0,90.1,31.2,23.35,False,4095,0.0,6.3,723.1,EXT-OPEN-METEO-KHI,KARACHI,OPENSOURCE_API_GRID,532,,,,0.95,True,True,TIER2_OPENSOURCE_PURE;CONTINUOUS_MINUTE_STREAM;VERIFIED_MODEL_GRID,9620ff481a5d27803ed560894376847f86a3fda80dd48bbe92d0ddc17d0d32d7,2026-09-27T08:51:00+00:00,2026-09-27 13:51:00,63.1,1004.8,71
38.0,55.9,241.1,3465.8,1006.2,156.5,19.6,19.3,4.8,444.0,165.7,2.7,4.0,90.0,31.2,23.35,False,4095,0.0,6.0,722.4,EXT-OPEN-METEO-KHI,KARACHI,OPENSOURCE_API_GRID,533,,,,0.95,True,True,TIER2_OPENSOURCE_PURE;CONTINUOUS_MINUTE_STREAM;VERIFIED_MODEL_GRID,f787d82638294af8c7b23ea95900fd1113208c3e83a70ef81ca2de5c2a41c87f,2026-09-27T08:52:00+00:00,2026-09-27 13:52:00,63.1,1004.8,71
38.0,55.9,241.2,3465.8,1006.2,156.5,19.6,19.3,4.8,444.0,165.8,2.7,4.0,90.0,31.2,23.32,False,4095,0.0,5.8,721.7,EXT-OPEN-METEO-KHI,KARACHI,OPENSOURCE_API_GRID,534,,,,0.95,True,True,TIER2_OPENSOURCE_PURE;CONTINUOUS_MINUTE_STREAM;VERIFIED_MODEL_GRID,6aadc9464e834953a15fda67b0c17c4da942b5aa1a026946bf9d2dbd8fccf775,2026-09-27T08:53:00+00:00,2026-09-27 13:53:00,63.0,1004.8,71
38.0,55.9,241.3,3465.8,1006.2,156.5,19.6,19.3,4.8,444.0,165.8,2.7,4.0,90.0,31.3,23.42,False,4095,0.0,5.6,721.1,EXT-OPEN-METEO-KHI,KARACHI,OPENSOURCE_API_GRID,535,,,,0.95,True,True,TIER2_OPENSOURCE_PURE;CONTINUOUS_MINUTE_STREAM;VERIFIED_MODEL_GRID,3a452e7d09ab38b7f21adfa0b3e5d3113ccca5d67e55761eb816a58a4a931358,2026-09-27T08:54:00+00:00,2026-09-27 13:54:00,63.0,1004.8,71
38.1,56.0,241.4,3472.0,1008.0,156.8,19.6,19.3,4.8,444.0,165.9,2.7,4.0,90.0,31.3,23.42,False,4095,0.0,5.4,720.6,EXT-OPEN-METEO-KHI,KARACHI,OPENSOURCE_API_GRID,536,,,,0.95,True,True,TIER2_OPENSOURCE_PURE;CONTINUOUS_MINUTE_STREAM;VERIFIED_MODEL_GRID,3a51702f7d6be83ed10217ee02c4037e9903e676d0e1561580a2bc86fce25c65,2026-09-27T08:55:00+00:00,2026-09-27 13:55:00,63.0,1004.8,71
38.1,56.0,241.4,3472.0,1008.0,156.8,19.6,19.3,4.8,444.0,165.9,2.7,4.0,90.0,31.2,23.32,False,4095,0.0,5.3,720.2,EXT-OPEN-METEO-KHI,KARACHI,OPENSOURCE_API_GRID,537,,,,0.95,True,True,TIER2_OPENSOURCE_PURE;CONTINUOUS_MINUTE_STREAM;VERIFIED_MODEL_GRID,a05732b7b0500a03c68dba09cf604c23489356c34d6f3588f0387a5765465114,2026-09-27T08:56:00+00:00,2026-09-27 13:56:00,63.0,1004.8,71
38.0,55.9,241.4,3465.8,1006.2,156.5,19.6,19.3,4.8,444.0,166.0,2.7,4.0,90.0,31.2,23.32,False,4095,0.0,5.1,719.9,EXT-OPEN-METEO-KHI,KARACHI,OPENSOURCE_API_GRID,538,,,,0.95,True,True,TIER2_OPENSOURCE_PURE;CONTINUOUS_MINUTE_STREAM;VERIFIED_MODEL_GRID,d9ea42e39652e345d45043faf67e8a5cc400bc0938a73a971db93984937e6bbf,2026-09-27T08:57:00+00:00,2026-09-27 13:57:00,63.0,1004.8,71
38.0,55.9,241.4,3465.8,1006.2,156.5,19.6,19.3,4.8,444.0,166.0,2.7,4.0,90.0,31.2,23.32,False,4095,0.0,5.1,719.7,EXT-OPEN-METEO-KHI,KARACHI,OPENSOURCE_API_GRID,539,,,,0.95,True,True,TIER2_OPENSOURCE_PURE;CONTINUOUS_MINUTE_STREAM;VERIFIED_MODEL_GRID,c1c83103f7efc5c775a2f0fc0d84ad94df0f91fd1acc27867f10ed7b1b83ef54,2026-09-27T08:58:00+00:00,2026-09-27 13:58:00,63.0,1004.8,71
38.0,55.9,241.3,3465.8,1006.2,156.5,19.6,19.3,4.8,444.0,166.0,2.7,4.0,90.0,31.2,23.29,False,4095,0.0,5.0,719.5,EXT-OPEN-METEO-KHI,KARACHI,OPENSOURCE_API_GRID,540,,,,0.95,True,True,TIER2_OPENSOURCE_PURE;CONTINUOUS_MINUTE_STREAM;VERIFIED_MODEL_GRID,e454235efc15d838e9159a6a8c58527aba96ac8ce146e00d5ee308ccc20d84cb,2026-09-27T08:59:00+00:00,2026-09-27 13:59:00,62.9,1004.8,71
38.0,55.9,241.3,3465.8,1006.2,156.5,19.6,19.3,4.8,444.0,166.0,2.7,4.0,90.0,31.2,23.29,False,4095,0.0,5.0,719.5,EXT-OPEN-METEO-KHI,KARACHI,OPENSOURCE_API_GRID,541,,,,0.95,True,False,TIER2_OPENSOURCE_PURE;HOURLY_NODE;VERIFIED_MODEL_GRID,a7b2630db32e67f0ddedf48d20c699e60b2d5c2a39143d490aa04b82cb8832f3,2026-09-27T09:00:00+00:00,2026-09-27 14:00:00,62.9,1004.8,73
37.9,55.8,241.2,3459.6,1004.4,156.2,19.5,19.3,4.8,444.0,166.0,2.7,4.0,90.0,31.2,23.29,False,4095,0.0,5.0,719.4,EXT-OPEN-METEO-KHI,KARACHI,OPENSOURCE_API_GRID,542,,,,0.95,True,True,TIER2_OPENSOURCE_PURE;CONTINUOUS_MINUTE_STREAM;VERIFIED_MODEL_GRID,2a17c9814103ad4cdafa9169046377f059044a7949d323e729d4cde1c27c9a5b,2026-09-27T09:01:00+00:00,2026-09-27 14:01:00,62.9,1004.8,73
37.9,55.8,241.1,3459.6,1004.4,156.2,19.5,19.3,4.8,444.0,166.0,2.7,4.0,90.0,31.2,23.29,False,4095,0.0,5.0,719.2,EXT-OPEN-METEO-KHI,KARACHI,OPENSOURCE_API_GRID,543,,,,0.95,True,True,TIER2_OPENSOURCE_PURE;CONTINUOUS_MINUTE_STREAM;VERIFIED_MODEL_GRID,65399c1b35b4a29d729e41aa79bc5f9bd5d33699535e352028638bd659c4e695,2026-09-27T09:02:00+00:00,2026-09-27 14:02:00,62.9,1004.8,73
37.9,55.7,241.0,3453.4,1002.6,156.0,19.5,19.3,4.8,444.0,166.1,2.7,4.0,90.0,31.2,23.29,False,4095,0.0,5.0,718.9,EXT-OPEN-METEO-KHI,KARACHI,OPENSOURCE_API_GRID,544,,,,0.95,True,True,TIER2_OPENSOURCE_PURE;CONTINUOUS_MINUTE_STREAM;VERIFIED_MODEL_GRID,6ce0e98421a705eed752986e233b95270e201da5eff47737739a9d817326b52e,2026-09-27T09:03:00+00:00,2026-09-27 14:03:00,62.9,1004.8,73
37.9,55.7,240.9,3453.4,1002.6,156.0,19.5,19.3,4.8,444.0,166.1,2.7,4.0,90.0,31.2,23.29,False,4095,0.0,5.0,718.4,EXT-OPEN-METEO-KHI,KARACHI,OPENSOURCE_API_GRID,545,,,,0.95,True,True,TIER2_OPENSOURCE_PURE;CONTINUOUS_MINUTE_STREAM;VERIFIED_MODEL_GRID,86c5e1e98c3970d73921a58917a6dbcaec493e4f0845ea8b0ebbe7d58f42a376,2026-09-27T09:04:00+00:00,2026-09-27 14:04:00,62.9,1004.8,73
37.8,55.6,240.7,3447.2,1000.8,155.7,19.5,19.3,4.8,444.0,166.2,2.7,4.0,89.9,31.2,23.29,False,4095,0.0,5.0,717.8,EXT-OPEN-METEO-KHI,KARACHI,OPENSOURCE_API_GRID,546,,,,0.95,True,True,TIER2_OPENSOURCE_PURE;CONTINUOUS_MINUTE_STREAM;VERIFIED_MODEL_GRID,d3a205f037840999a250ab6a4ecc2d5ebe86291ced5f71503a291741770cc593,2026-09-27T09:05:00+00:00,2026-09-27 14:05:00,62.9,1004.8,73
37.8,55.6,240.6,3447.2,1000.8,155.7,19.5,19.2,4.8,444.0,166.3,2.7,4.0,89.9,31.2,23.29,False,4095,0.0,5.0,717.1,EXT-OPEN-METEO-KHI,KARACHI,OPENSOURCE_API_GRID,547,,,,0.95,True,True,TIER2_OPENSOURCE_PURE;CONTINUOUS_MINUTE_STREAM;VERIFIED_MODEL_GRID,f631b246477862e727ca4bb028da21e95eaa47e79433e5e31fadfeaacea81677,2026-09-27T09:06:00+00:00,2026-09-27 14:06:00,62.9,1004.8,73
37.7,55.5,240.4,3441.0,999.0,155.4,19.4,19.2,4.8,444.0,166.4,2.7,4.0,89.9,31.1,23.23,False,4095,0.0,5.0,716.2,EXT-OPEN-METEO-KHI,KARACHI,OPENSOURCE_API_GRID,548,,,,0.95,True,True,TIER2_OPENSOURCE_PURE;CONTINUOUS_MINUTE_STREAM;VERIFIED_MODEL_GRID,fa82eef009991218cea2b9b0aa3a89dc9f842a12ea7fce3b343cb496e480c22c,2026-09-27T09:07:00+00:00,2026-09-27 14:07:00,63.0,1004.8,73
37.7,55.5,240.2,3441.0,999.0,155.4,19.4,19.2,4.8,444.0,166.5,2.7,4.0,89.8,31.1,23.23,False,4095,0.0,5.0,715.2,EXT-OPEN-METEO-KHI,KARACHI,OPENSOURCE_API_GRID,549,,,,0.95,True,True,TIER2_OPENSOURCE_PURE;CONTINUOUS_MINUTE_STREAM;VERIFIED_MODEL_GRID,f004d3e949a5258640216ecf3d607ba542223d46b46b98a531303ea99e4f81f1,2026-09-27T09:08:00+00:00,2026-09-27 14:08:00,63.0,1004.8,73
37.7,55.5,240.1,3441.0,999.0,155.4,19.4,19.2,4.8,444.0,166.6,2.7,4.0,89.8,31.1,23.25,False,4095,0.0,5.0,714.1,EXT-OPEN-METEO-KHI,KARACHI,OPENSOURCE_API_GRID,550,,,,0.95,True,True,TIER2_OPENSOURCE_PURE;CONTINUOUS_MINUTE_STREAM;VERIFIED_MODEL_GRID,ec181f7f0a041d5e0177fcc6e3659878a4019eda06cd7202a0e5ed5eb15def23,2026-09-27T09:09:00+00:00,2026-09-27 14:09:00,63.1,1004.8,73
37.7,55.5,239.9,3441.0,999.0,155.4,19.4,19.2,4.8,444.0,166.7,2.7,4.0,89.7,31.1,23.28,False,4095,0.0,5.0,712.9,EXT-OPEN-METEO-KHI,KARACHI,OPENSOURCE_API_GRID,551,,,,0.95,True,True,TIER2_OPENSOURCE_PURE;CONTINUOUS_MINUTE_STREAM;VERIFIED_MODEL_GRID,8d233d0b58da17ac41a96b9024e6bd4d7c05587d400dd247f77807f92d815cd7,2026-09-27T09:10:00+00:00,2026-09-27 14:10:00,63.2,1004.8,73
37.7,55.5,239.7,3441.0,999.0,155.4,19.4,19.2,4.8,444.0,166.9,2.7,4.0,89.7,31.1,23.28,False,4095,0.0,5.0,711.6,EXT-OPEN-METEO-KHI,KARACHI,OPENSOURCE_API_GRID,552,,,,0.95,True,True,TIER2_OPENSOURCE_PURE;CONTINUOUS_MINUTE_STREAM;VERIFIED_MODEL_GRID,9fe837ddbaddf57c794e64d53e282fe22777a22bdaa052493752b1845e283805,2026-09-27T09:11:00+00:00,2026-09-27 14:11:00,63.2,1004.7,73
37.7,55.5,239.5,3441.0,999.0,155.4,19.4,19.2,4.8,444.0,167.1,2.8,4.0,89.6,31.1,23.31,False,4095,0.0,5.0,710.1,EXT-OPEN-METEO-KHI,KARACHI,OPENSOURCE_API_GRID,553,,,,0.95,True,True,TIER2_OPENSOURCE_PURE;CONTINUOUS_MINUTE_STREAM;VERIFIED_MODEL_GRID,52c35d45906eed4e3d01bfc99ff6d6e67d72180c8a4efc0c7c6961a2e3cac654,2026-09-27T09:12:00+00:00,2026-09-27 14:12:00,63.3,1004.7,73
37.7,55.5,239.3,3441.0,999.0,155.4,19.4,19.1,4.8,444.0,167.2,2.8,4.0,89.6,31.1,23.33,False,4095,0.0,5.0,708.5,EXT-OPEN-METEO-KHI,KARACHI,OPENSOURCE_API_GRID,554,,,,0.95,True,True,TIER2_OPENSOURCE_PURE;CONTINUOUS_MINUTE_STREAM;VERIFIED_MODEL_GRID,7c1e702b3e173340423621baad1c3279e57db020d7cdf94f4898b27aabece1a6,2026-09-27T09:13:00+00:00,2026-09-27 14:13:00,63.4,1004.7,73
37.7,55.5,239.1,3441.0,999.0,155.4,19.4,19.1,4.8,444.0,167.4,2.8,4.0,89.5,31.1,23.36,False,4095,0.0,5.0,706.8,EXT-OPEN-METEO-KHI,KARACHI,OPENSOURCE_API_GRID,555,,,,0.95,True,True,TIER2_OPENSOURCE_PURE;CONTINUOUS_MINUTE_STREAM;VERIFIED_MODEL_GRID,c0f3b3a5c0d15641cbb8c77337ccbd903ad1f1cd00a60c405692347b060a708e,2026-09-27T09:14:00+00:00,2026-09-27 14:14:00,63.5,1004.7,73
37.7,55.5,238.9,3441.0,999.0,155.4,19.4,19.1,4.8,444.0,167.6,2.8,4.0,89.4,31.1,23.38,False,4095,0.0,5.0,705.1,EXT-OPEN-METEO-KHI,KARACHI,OPENSOURCE_API_GRID,556,,,,0.95,True,True,TIER2_OPENSOURCE_PURE;CONTINUOUS_MINUTE_STREAM;VERIFIED_MODEL_GRID,b6345b9b3ef6c104fe41036dca0cd930e813597b978d9e122d8424b6b481e0d6,2026-09-27T09:15:00+00:00,2026-09-27 14:15:00,63.6,1004.7,73
37.7,55.5,238.7,3441.0,999.0,155.4,19.4,19.1,4.8,444.0,167.8,2.8,4.0,89.3,31.1,23.41,False,4095,0.0,5.0,703.2,EXT-OPEN-METEO-KHI,KARACHI,OPENSOURCE_API_GRID,557,,,,0.95,True,True,TIER2_OPENSOURCE_PURE;CONTINUOUS_MINUTE_STREAM;VERIFIED_MODEL_GRID,9b28ecc767c33ab43a71dd5b898411f6d94b092ff0c4bab15719f72305515228,2026-09-27T09:16:00+00:00,2026-09-27 14:16:00,63.7,1004.7,73
37.7,55.5,238.5,3441.0,999.0,155.4,19.4,19.1,4.8,444.0,168.0,2.8,4.0,89.3,31.1,23.44,False,4095,0.0,5.0,701.2,EXT-OPEN-METEO-KHI,KARACHI,OPENSOURCE_API_GRID,558,,,,0.95,True,True,TIER2_OPENSOURCE_PURE;CONTINUOUS_MINUTE_STREAM;VERIFIED_MODEL_GRID,00729d699e23981a8def0ea43526bc533b307f0fe0fa311418d0d0c209984d0f,2026-09-27T09:17:00+00:00,2026-09-27 14:17:00,63.8,1004.7,73
37.6,55.3,238.0,3428.6,995.4,154.8,19.4,19.0,4.8,444.0,168.3,2.8,4.0,89.2,31.1,23.49,False,4095,0.0,5.0,699.2,EXT-OPEN-METEO-KHI,KARACHI,OPENSOURCE_API_GRID,559,,,,0.95,True,True,TIER2_OPENSOURCE_PURE;CONTINUOUS_MINUTE_STREAM;VERIFIED_MODEL_GRID,7c82306a071c4ecf1d75528e13ae6367437153b1c82a13effc74c9fb90c54353,2026-09-27T09:18:00+00:00,2026-09-27 14:18:00,64.0,1004.7,73
37.6,55.3,237.8,3428.6,995.4,154.8,19.4,19.0,4.8,444.0,168.5,2.8,4.0,89.1,31.1,23.51,False,4095,0.0,5.0,697.1,EXT-OPEN-METEO-KHI,KARACHI,OPENSOURCE_API_GRID,560,,,,0.95,True,True,TIER2_OPENSOURCE_PURE;CONTINUOUS_MINUTE_STREAM;VERIFIED_MODEL_GRID,34a7fcd603c9570c0e7de98a03c93331c745ea1ee26f7be8eb73c6559727c317,2026-09-27T09:19:00+00:00,2026-09-27 14:19:00,64.1,1004.6,73
37.6,55.3,237.5,3428.6,995.4,154.8,19.4,19.0,4.8,444.0,168.8,2.9,4.0,89.0,31.1,23.51,False,4095,0.0,5.0,694.9,EXT-OPEN-METEO-KHI,KARACHI,OPENSOURCE_API_GRID,561,,,,0.95,True,True,TIER2_OPENSOURCE_PURE;CONTINUOUS_MINUTE_STREAM;VERIFIED_MODEL_GRID,be72886946a1154e30e41e1dd9fa1ca193780156c2dfbf573b989d8a7bd6b9ed,2026-09-27T09:20:00+00:00,2026-09-27 14:20:00,64.1,1004.6,73
37.6,55.3,237.2,3428.6,995.4,154.8,19.4,19.0,4.7,444.0,169.0,2.9,4.0,88.9,31.1,23.54,False,4095,0.0,5.0,692.6,EXT-OPEN-METEO-KHI,KARACHI,OPENSOURCE_API_GRID,562,,,,0.95,True,True,TIER2_OPENSOURCE_PURE;CONTINUOUS_MINUTE_STREAM;VERIFIED_MODEL_GRID,a3ff06c9cbea91402871130169b573167b34f73152a69840e7ee5e1721379071,2026-09-27T09:21:00+00:00,2026-09-27 14:21:00,64.2,1004.6,73
37.6,55.3,236.9,3428.6,995.4,154.8,19.4,19.0,4.7,444.0,169.3,2.9,4.0,88.8,31.1,23.57,False,4095,0.0,5.0,690.3,EXT-OPEN-METEO-KHI,KARACHI,OPENSOURCE_API_GRID,563,,,,0.95,True,True,TIER2_OPENSOURCE_PURE;CONTINUOUS_MINUTE_STREAM;VERIFIED_MODEL_GRID,82205da1289d2a32f32ca9d4714952759abd9f7711f4a3767b654ea123aa9a31,2026-09-27T09:22:00+00:00,2026-09-27 14:22:00,64.3,1004.6,73
37.6,55.3,236.5,3428.6,995.4,154.8,19.4,18.9,4.7,444.0,169.5,2.9,4.0,88.7,31.0,23.5,False,4095,0.0,5.0,687.9,EXT-OPEN-METEO-KHI,KARACHI,OPENSOURCE_API_GRID,564,,,,0.95,True,True,TIER2_OPENSOURCE_PURE;CONTINUOUS_MINUTE_STREAM;VERIFIED_MODEL_GRID,b30129c625ccdc3added961930491e341744874438d114107d203a096e5f502d,2026-09-27T09:23:00+00:00,2026-09-27 14:23:00,64.4,1004.6,73
37.5,55.2,236.2,3422.4,993.6,154.6,19.3,18.9,4.7,444.0,169.8,2.9,4.0,88.6,31.0,23.52,False,4095,0.0,5.0,685.5,EXT-OPEN-METEO-KHI,KARACHI,OPENSOURCE_API_GRID,565,,,,0.95,True,True,TIER2_OPENSOURCE_PURE;CONTINUOUS_MINUTE_STREAM;VERIFIED_MODEL_GRID,b35c50953530c56cf1f2a160ab63ceb94b060e7ba1a530be60da05536f71f7a2,2026-09-27T09:24:00+00:00,2026-09-27 14:24:00,64.5,1004.6,73
37.5,55.2,235.8,3422.4,993.6,154.6,19.3,18.9,4.7,444.0,170.1,2.9,4.0,88.5,31.0,23.52,False,4095,0.0,5.0,683.0,EXT-OPEN-METEO-KHI,KARACHI,OPENSOURCE_API_GRID,566,,,,0.95,True,True,TIER2_OPENSOURCE_PURE;CONTINUOUS_MINUTE_STREAM;VERIFIED_MODEL_GRID,33f646d19b33c741909ddaefa86ba06814c33d169a635dfbb08be0f85d34b1c9,2026-09-27T09:25:00+00:00,2026-09-27 14:25:00,64.5,1004.6,73
37.5,55.1,235.4,3416.2,991.8,154.3,19.3,18.8,4.7,444.0,170.4,2.9,4.0,88.4,31.0,23.55,False,4095,0.0,5.0,680.5,EXT-OPEN-METEO-KHI,KARACHI,OPENSOURCE_API_GRID,567,,,,0.95,True,True,TIER2_OPENSOURCE_PURE;CONTINUOUS_MINUTE_STREAM;VERIFIED_MODEL_GRID,d8714aff4c4517ea0c11bfdf57b9f58eac4a9b7ab5412cec5afbf9ab6f7c5f02,2026-09-27T09:26:00+00:00,2026-09-27 14:26:00,64.6,1004.5,73
37.5,55.1,235.0,3416.2,991.8,154.3,19.3,18.8,4.7,444.0,170.6,3.0,4.0,88.3,31.0,23.57,False,4095,0.0,5.0,678.0,EXT-OPEN-METEO-KHI,KARACHI,OPENSOURCE_API_GRID,568,,,,0.95,True,True,TIER2_OPENSOURCE_PURE;CONTINUOUS_MINUTE_STREAM;VERIFIED_MODEL_GRID,eba60027ef1a55fa93230defd42c19aefed057bd73ad83adf9d029a5dfac3b84,2026-09-27T09:27:00+00:00,2026-09-27 14:27:00,64.7,1004.5,73
37.4,55.0,234.5,3410.0,990.0,154.0,19.2,18.8,4.7,444.0,170.9,3.0,4.0,88.2,31.0,23.6,False,4095,0.0,5.0,675.4,EXT-OPEN-METEO-KHI,KARACHI,OPENSOURCE_API_GRID,569,,,,0.95,True,True,TIER2_OPENSOURCE_PURE;CONTINUOUS_MINUTE_STREAM;VERIFIED_MODEL_GRID,3ebd9b68782fcdc1988e20350d5847b40c2ae6f1947fa4267f2fdfa7ed06cbfb,2026-09-27T09:28:00+00:00,2026-09-27 14:28:00,64.8,1004.5,73
37.3,54.9,234.1,3403.8,988.2,153.7,19.2,18.7,4.7,444.0,171.2,3.0,4.0,88.1,31.0,23.62,False,4095,0.0,5.0,672.8,EXT-OPEN-METEO-KHI,KARACHI,OPENSOURCE_API_GRID,570,,,,0.95,True,True,TIER2_OPENSOURCE_PURE;CONTINUOUS_MINUTE_STREAM;VERIFIED_MODEL_GRID,a5fd893ffcb5a0c14fb38e272e540865ef644c7474891aedc28423566e916a31,2026-09-27T09:29:00+00:00,2026-09-27 14:29:00,64.9,1004.5,73
37.3,54.8,233.6,3397.6,986.4,153.4,19.2,18.7,4.7,444.0,171.5,3.0,4.0,88.0,30.9,23.53,False,4095,0.0,5.0,670.2,EXT-OPEN-METEO-KHI,KARACHI,OPENSOURCE_API_GRID,571,,,,0.95,True,True,TIER2_OPENSOURCE_PURE;CONTINUOUS_MINUTE_STREAM;VERIFIED_MODEL_GRID,7bb16e146b68d4c30c5a84b8a69dd28172ca45821c34d42e111f779945a8db24,2026-09-27T09:30:00+00:00,2026-09-27 14:30:00,64.9,1004.5,73
37.2,54.7,233.2,3391.4,984.6,153.2,19.1,18.7,4.7,444.0,171.8,3.0,4.0,87.9,30.9,23.56,False,4095,0.0,5.0,667.7,EXT-OPEN-METEO-KHI,KARACHI,OPENSOURCE_API_GRID,572,,,,0.95,True,True,TIER2_OPENSOURCE_PURE;CONTINUOUS_MINUTE_STREAM;VERIFIED_MODEL_GRID,3726bba91216274df1245a31a12ad9201182b8262470ac6c1e9648a0f6b5e9d9,2026-09-27T09:31:00+00:00,2026-09-27 14:31:00,65.0,1004.5,73
37.1,54.6,232.7,3385.2,982.8,152.9,19.1,18.6,4.7,444.0,172.1,3.0,4.0,87.8,30.9,23.58,False,4095,0.0,5.0,665.1,EXT-OPEN-METEO-KHI,KARACHI,OPENSOURCE_API_GRID,573,,,,0.95,True,True,TIER2_OPENSOURCE_PURE;CONTINUOUS_MINUTE_STREAM;VERIFIED_MODEL_GRID,febd7f994e5d46c962d2332382b3d39b9c53e9c7f4620e1c31eed30a2de680d9,2026-09-27T09:32:00+00:00,2026-09-27 14:32:00,65.1,1004.4,73
37.1,54.5,232.2,3379.0,981.0,152.6,19.1,18.6,4.6,444.0,172.4,3.0,4.0,87.7,30.9,23.61,False,4095,0.0,5.0,662.5,EXT-OPEN-METEO-KHI,KARACHI,OPENSOURCE_API_GRID,574,,,,0.95,True,True,TIER2_OPENSOURCE_PURE;CONTINUOUS_MINUTE_STREAM;VERIFIED_MODEL_GRID,2781748fb7dc8650f171b7e90f84a05be8049d1a26d9576c3f656b249ae77dcc,2026-09-27T09:33:00+00:00,2026-09-27 14:33:00,65.2,1004.4,73
37.0,54.4,231.8,3372.8,979.2,152.3,19.0,18.5,4.6,444.0,172.6,3.1,4.0,87.6,30.8,23.54,False,4095,0.0,5.0,660.0,EXT-OPEN-METEO-KHI,KARACHI,OPENSOURCE_API_GRID,575,,,,0.95,True,True,TIER2_OPENSOURCE_PURE;CONTINUOUS_MINUTE_STREAM;VERIFIED_MODEL_GRID,5d547b7f8ca58306007c480912796b1eaaaac8f6fabeb8528ba5daf4a1ae852b,2026-09-27T09:34:00+00:00,2026-09-27 14:34:00,65.3,1004.4,73
36.9,54.3,231.3,3366.6,977.4,152.0,19.0,18.5,4.6,444.0,172.9,3.1,4.0,87.5,30.8,23.56,False,4095,0.0,5.0,657.5,EXT-OPEN-METEO-KHI,KARACHI,OPENSOURCE_API_GRID,576,,,,0.95,True,True,TIER2_OPENSOURCE_PURE;CONTINUOUS_MINUTE_STREAM;VERIFIED_MODEL_GRID,db2c4c1169c219575b1c015c43253508d6d8cb12fd385456cba5be630f7a2618,2026-09-27T09:35:00+00:00,2026-09-27 14:35:00,65.4,1004.4,73
36.9,54.2,230.9,3360.4,975.6,151.8,19.0,18.5,4.6,444.0,173.2,3.1,4.0,87.4,30.8,23.59,False,4095,0.0,5.0,655.0,EXT-OPEN-METEO-KHI,KARACHI,OPENSOURCE_API_GRID,577,,,,0.95,True,True,TIER2_OPENSOURCE_PURE;CONTINUOUS_MINUTE_STREAM;VERIFIED_MODEL_GRID,1b9e6d51fd197447eeb1c1c55c251c8c007acdbab361b7246b75c722c7f007d2,2026-09-27T09:36:00+00:00,2026-09-27 14:36:00,65.5,1004.4,73
36.8,54.1,230.5,3354.2,973.8,151.5,18.9,18.4,4.6,444.0,173.5,3.1,4.0,87.3,30.8,23.61,False,4095,0.0,5.0,652.6,EXT-OPEN-METEO-KHI,KARACHI,OPENSOURCE_API_GRID,578,,,,0.95,True,True,TIER2_OPENSOURCE_PURE;CONTINUOUS_MINUTE_STREAM;VERIFIED_MODEL_GRID,f140f2b4371b0d0ec70ea576aea20d80c718218af92ed29a9cfdf7da7f9273e1,2026-09-27T09:37:00+00:00,2026-09-27 14:37:00,65.6,1004.3,73
36.8,54.1,230.1,3354.2,973.8,151.5,18.9,18.4,4.6,444.0,173.7,3.1,4.0,87.2,30.7,23.54,False,4095,0.0,5.0,650.2,EXT-OPEN-METEO-KHI,KARACHI,OPENSOURCE_API_GRID,579,,,,0.95,True,True,TIER2_OPENSOURCE_PURE;CONTINUOUS_MINUTE_STREAM;VERIFIED_MODEL_GRID,070cde87673957c73f89c31f94d8506b7a69d3b7c5326401601f311fe773aa5b,2026-09-27T09:38:00+00:00,2026-09-27 14:38:00,65.7,1004.3,73
36.7,54.0,229.7,3348.0,972.0,151.2,18.9,18.4,4.6,444.0,174.0,3.1,4.0,87.1,30.7,23.57,False,4095,0.0,5.0,647.9,EXT-OPEN-METEO-KHI,KARACHI,OPENSOURCE_API_GRID,580,,,,0.95,True,True,TIER2_OPENSOURCE_PURE;CONTINUOUS_MINUTE_STREAM;VERIFIED_MODEL_GRID,c6be10f9c2dce6bc20b119e6fcccd2a44f1b2f0142579a21933e255a1f82b21f,2026-09-27T09:39:00+00:00,2026-09-27 14:39:00,65.8,1004.3,73
36.7,54.0,229.4,3348.0,972.0,151.2,18.9,18.4,4.6,444.0,174.2,3.1,4.0,87.0,30.7,23.59,False,4095,0.0,5.0,645.6,EXT-OPEN-METEO-KHI,KARACHI,OPENSOURCE_API_GRID,581,,,,0.95,True,True,TIER2_OPENSOURCE_PURE;CONTINUOUS_MINUTE_STREAM;VERIFIED_MODEL_GRID,843a063252a236535b7e75bc67f723c56a1963ce06503faa5ce68f1354d3eea0,2026-09-27T09:40:00+00:00,2026-09-27 14:40:00,65.9,1004.3,73
36.7,53.9,229.0,3341.8,970.2,150.9,18.9,18.3,4.6,444.0,174.5,3.2,4.0,86.9,30.7,23.62,False,4095,0.0,5.0,643.4,EXT-OPEN-METEO-KHI,KARACHI,OPENSOURCE_API_GRID,582,,,,0.95,True,True,TIER2_OPENSOURCE_PURE;CONTINUOUS_MINUTE_STREAM;VERIFIED_MODEL_GRID,b5c953757488450f3b1d5eee7fd0b9d7d85bdb0529d5ba0d5878b027fd3e5796,2026-09-27T09:41:00+00:00,2026-09-27 14:41:00,66.0,1004.3,73
36.7,53.9,228.7,3341.8,970.2,150.9,18.9,18.3,4.6,444.0,174.7,3.2,4.0,86.8,30.7,23.64,False,4095,0.0,5.0,641.3,EXT-OPEN-METEO-KHI,KARACHI,OPENSOURCE_API_GRID,583,,,,0.95,True,True,TIER2_OPENSOURCE_PURE;CONTINUOUS_MINUTE_STREAM;VERIFIED_MODEL_GRID,fc9ff0953d60c7eea47db51b5d704cc8015a269b78daa79f651bdabf70faab77,2026-09-27T09:42:00+00:00,2026-09-27 14:42:00,66.1,1004.2,73
36.7,53.9,228.5,3341.8,970.2,150.9,18.9,18.3,4.6,444.0,175.0,3.2,4.0,86.7,30.7,23.67,False,4095,0.0,5.0,639.3,EXT-OPEN-METEO-KHI,KARACHI,OPENSOURCE_API_GRID,584,,,,0.95,True,True,TIER2_OPENSOURCE_PURE;CONTINUOUS_MINUTE_STREAM;VERIFIED_MODEL_GRID,095e64e2e4b250e5750198de0006561f2e1542fc4af5856e3e3c1de615ca9db4,2026-09-27T09:43:00+00:00,2026-09-27 14:43:00,66.2,1004.2,73
36.7,53.9,228.2,3341.8,970.2,150.9,18.9,18.3,4.6,444.0,175.2,3.2,4.0,86.7,30.7,23.69,False,4095,0.0,5.0,637.3,EXT-OPEN-METEO-KHI,KARACHI,OPENSOURCE_API_GRID,585,,,,0.95,True,True,TIER2_OPENSOURCE_PURE;CONTINUOUS_MINUTE_STREAM;VERIFIED_MODEL_GRID,c6d201ff00f962d13c232e762a24a5dce9c6be3c0dc29866660a6dc084711586,2026-09-27T09:44:00+00:00,2026-09-27 14:44:00,66.3,1004.2,73
36.7,53.9,228.0,3341.8,970.2,150.9,18.9,18.2,4.6,444.0,175.4,3.2,4.0,86.6,30.6,23.62,False,4095,0.0,5.0,635.4,EXT-OPEN-METEO-KHI,KARACHI,OPENSOURCE_API_GRID,586,,,,0.95,True,True,TIER2_OPENSOURCE_PURE;CONTINUOUS_MINUTE_STREAM;VERIFIED_MODEL_GRID,b85bd9d3aea0cad5f5c4d48a047065e7b6f1f1cd416c2f8ee9c6115e885c69e5,2026-09-27T09:45:00+00:00,2026-09-27 14:45:00,66.4,1004.2,73
36.7,53.9,227.8,3341.8,970.2,150.9,18.9,18.2,4.6,444.0,175.6,3.2,4.0,86.5,30.6,23.65,False,4095,0.0,5.0,633.7,EXT-OPEN-METEO-KHI,KARACHI,OPENSOURCE_API_GRID,587,,,,0.95,True,True,TIER2_OPENSOURCE_PURE;CONTINUOUS_MINUTE_STREAM;VERIFIED_MODEL_GRID,14efb5c903f754a355081c4dc64bbb6839032b5e539260eb40e5ed3f8d8a14cd,2026-09-27T09:46:00+00:00,2026-09-27 14:46:00,66.5,1004.2,73
36.7,53.9,227.6,3341.8,970.2,150.9,18.9,18.2,4.6,444.0,175.8,3.2,4.0,86.4,30.6,23.67,False,4095,0.0,5.0,632.0,EXT-OPEN-METEO-KHI,KARACHI,OPENSOURCE_API_GRID,588,,,,0.95,True,True,TIER2_OPENSOURCE_PURE;CONTINUOUS_MINUTE_STREAM;VERIFIED_MODEL_GRID,b1b1533aea59903f0285a6ea92a39e9c142fc4743a934adcfd203abab86475e3,2026-09-27T09:47:00+00:00,2026-09-27 14:47:00,66.6,1004.2,73
36.7,53.9,227.4,3341.8,970.2,150.9,18.9,18.2,4.5,444.0,175.9,3.2,4.0,86.4,30.6,23.7,False,4095,0.0,5.0,630.4,EXT-OPEN-METEO-KHI,KARACHI,OPENSOURCE_API_GRID,589,,,,0.95,True,True,TIER2_OPENSOURCE_PURE;CONTINUOUS_MINUTE_STREAM;VERIFIED_MODEL_GRID,b8bc592069f2bca363c6746b66b98e660f363611d28abb619ed3d05f7a19f864,2026-09-27T09:48:00+00:00,2026-09-27 14:48:00,66.7,1004.2,73
36.6,53.8,227.0,3335.6,968.4,150.6,18.8,18.2,4.5,444.0,176.1,3.3,4.0,86.3,30.6,23.72,False,4095,0.0,5.0,628.9,EXT-OPEN-METEO-KHI,KARACHI,OPENSOURCE_API_GRID,590,,,,0.95,True,True,TIER2_OPENSOURCE_PURE;CONTINUOUS_MINUTE_STREAM;VERIFIED_MODEL_GRID,b504762fb1cfd91a6d4870379dd21d611c339e529e765771ea2c25d9eedc947a,2026-09-27T09:49:00+00:00,2026-09-27 14:49:00,66.8,1004.2,73
36.6,53.8,226.9,3335.6,968.4,150.6,18.8,18.2,4.5,444.0,176.3,3.3,4.0,86.3,30.7,23.84,False,4095,0.0,5.0,627.6,EXT-OPEN-METEO-KHI,KARACHI,OPENSOURCE_API_GRID,591,,,,0.95,True,True,TIER2_OPENSOURCE_PURE;CONTINUOUS_MINUTE_STREAM;VERIFIED_MODEL_GRID,c510c1dc5c007df841eda16a49910fe39d5a2037f520ab9513b3dbc26ae0e8b3,2026-09-27T09:50:00+00:00,2026-09-27 14:50:00,66.9,1004.1,73
36.6,53.8,226.8,3335.6,968.4,150.6,18.8,18.1,4.5,444.0,176.4,3.3,4.0,86.2,30.7,23.84,False,4095,0.0,5.0,626.4,EXT-OPEN-METEO-KHI,KARACHI,OPENSOURCE_API_GRID,592,,,,0.95,True,True,TIER2_OPENSOURCE_PURE;CONTINUOUS_MINUTE_STREAM;VERIFIED_MODEL_GRID,8c800f3c7730dab7302784f4261caf75c7737c81c495493af5cb18103e924e80,2026-09-27T09:51:00+00:00,2026-09-27 14:51:00,66.9,1004.1,73
36.6,53.8,226.7,3335.6,968.4,150.6,18.8,18.1,4.5,444.0,176.5,3.3,4.0,86.2,30.7,23.87,False,4095,0.0,5.0,625.3,EXT-OPEN-METEO-KHI,KARACHI,OPENSOURCE_API_GRID,593,,,,0.95,True,True,TIER2_OPENSOURCE_PURE;CONTINUOUS_MINUTE_STREAM;VERIFIED_MODEL_GRID,a604122b4e30bac9c4e0e4926dfa2b66ed48881aa72cf87c0bb3af3ba3185459,2026-09-27T09:52:00+00:00,2026-09-27 14:52:00,67.0,1004.1,73
36.6,53.8,226.5,3335.6,968.4,150.6,18.8,18.1,4.5,444.0,176.6,3.3,4.0,86.1,30.7,23.87,False,4095,0.0,5.0,624.3,EXT-OPEN-METEO-KHI,KARACHI,OPENSOURCE_API_GRID,594,,,,0.95,True,True,TIER2_OPENSOURCE_PURE;CONTINUOUS_MINUTE_STREAM;VERIFIED_MODEL_GRID,82283b550b18463fb93e4c652bdacc9e86caafebfedaab6d1eee34822f492c8d,2026-09-27T09:53:00+00:00,2026-09-27 14:53:00,67.0,1004.1,73
36.6,53.8,226.4,3335.6,968.4,150.6,18.8,18.1,4.5,444.0,176.7,3.3,4.0,86.1,30.7,23.87,False,4095,0.0,5.0,623.4,EXT-OPEN-METEO-KHI,KARACHI,OPENSOURCE_API_GRID,595,,,,0.95,True,True,TIER2_OPENSOURCE_PURE;CONTINUOUS_MINUTE_STREAM;VERIFIED_MODEL_GRID,70899f1e8beb065c62221a67f5697d9cb6275dc8bf68f085da7dc90b22fb63a1,2026-09-27T09:54:00+00:00,2026-09-27 14:54:00,67.0,1004.1,73
36.6,53.8,226.4,3335.6,968.4,150.6,18.8,18.1,4.5,444.0,176.8,3.3,4.0,86.1,30.7,23.87,False,4095,0.0,5.0,622.7,EXT-OPEN-METEO-KHI,KARACHI,OPENSOURCE_API_GRID,596,,,,0.95,True,True,TIER2_OPENSOURCE_PURE;CONTINUOUS_MINUTE_STREAM;VERIFIED_MODEL_GRID,f837320f06cc27d1be2a9aef437d8304e4c3f801aa416208b6adb640dbbf9448,2026-09-27T09:55:00+00:00,2026-09-27 14:55:00,67.0,1004.1,73
36.6,53.8,226.3,3335.6,968.4,150.6,18.8,18.1,4.5,444.0,176.9,3.3,4.0,86.0,30.7,23.87,False,4095,0.0,5.0,622.1,EXT-OPEN-METEO-KHI,KARACHI,OPENSOURCE_API_GRID,597,,,,0.95,True,True,TIER2_OPENSOURCE_PURE;CONTINUOUS_MINUTE_STREAM;VERIFIED_MODEL_GRID,dd29f9752b88f73c9b757ba85112bcf3b792bc635ae60df57247f8aebeadc5a3,2026-09-27T09:56:00+00:00,2026-09-27 14:56:00,67.0,1004.1,73
36.6,53.8,226.2,3335.6,968.4,150.6,18.8,18.1,4.5,444.0,176.9,3.3,4.0,86.0,30.7,23.87,False,4095,0.0,5.0,621.6,EXT-OPEN-METEO-KHI,KARACHI,OPENSOURCE_API_GRID,598,,,,0.95,True,True,TIER2_OPENSOURCE_PURE;CONTINUOUS_MINUTE_STREAM;VERIFIED_MODEL_GRID,0ac3cd84fd6719f8960147ec9a6726d5ebf0a7dec158172b41794a5d21c118cb,2026-09-27T09:57:00+00:00,2026-09-27 14:57:00,67.0,1004.1,73
36.6,53.8,226.1,3335.6,968.4,150.6,18.8,18.1,4.5,444.0,177.0,3.3,4.0,86.0,30.7,23.87,False,4095,0.0,5.0,621.3,EXT-OPEN-METEO-KHI,KARACHI,OPENSOURCE_API_GRID,599,,,,0.95,True,True,TIER2_OPENSOURCE_PURE;CONTINUOUS_MINUTE_STREAM;VERIFIED_MODEL_GRID,9a90525e07eca6219cb60baf55f414b419e2727f87240518ba60329f82468f16,2026-09-27T09:58:00+00:00,2026-09-27 14:58:00,67.0,1004.1,73
36.6,53.8,226.0,3335.6,968.4,150.6,18.8,18.1,4.5,444.0,177.0,3.3,4.0,86.0,30.6,23.77,False,4095,0.0,5.0,621.1,EXT-OPEN-METEO-KHI,KARACHI,OPENSOURCE_API_GRID,600,,,,0.95,True,True,TIER2_OPENSOURCE_PURE;CONTINUOUS_MINUTE_STREAM;VERIFIED_MODEL_GRID,331d7a4a12927e46ccd715298eae215aaf3ddfec2efd53e244713b233e9950c9,2026-09-27T09:59:00+00:00,2026-09-27 14:59:00,67.0,1004.1,73
36.5,53.7,226.0,3329.4,966.6,150.4,18.8,18.1,4.5,444.0,177.0,3.3,4.0,86.0,30.6,23.77,False,4095,0.0,5.0,621.0,EXT-OPEN-METEO-KHI,KARACHI,OPENSOURCE_API_GRID,601,,,,0.95,True,False,TIER2_OPENSOURCE_PURE;HOURLY_NODE;VERIFIED_MODEL_GRID,fb1e626018ff72ed0c3dff8c9e76bbc9f31fb2358813eabe132c5c3488fb9ccd,2026-09-27T10:00:00+00:00,2026-09-27 15:00:00,67.0,1004.1,76
36.5,53.7,225.9,3329.4,966.6,150.4,18.8,18.1,4.5,444.0,177.0,3.3,4.0,86.0,30.6,23.75,False,4095,0.0,5.0,620.9,EXT-OPEN-METEO-KHI,KARACHI,OPENSOURCE_API_GRID,602,,,,0.95,True,True,TIER2_OPENSOURCE_PURE;CONTINUOUS_MINUTE_STREAM;VERIFIED_MODEL_GRID,1632c415eb0bbb204f196acaf961e6c495f047f8a79c091904077144bd55cc10,2026-09-27T10:01:00+00:00,2026-09-27 15:01:00,66.9,1004.1,76
36.4,53.6,225.8,3323.2,964.8,150.1,18.8,18.1,4.5,444.0,177.0,3.3,4.0,86.0,30.6,23.75,False,4095,0.0,5.0,620.5,EXT-OPEN-METEO-KHI,KARACHI,OPENSOURCE_API_GRID,603,,,,0.95,True,True,TIER2_OPENSOURCE_PURE;CONTINUOUS_MINUTE_STREAM;VERIFIED_MODEL_GRID,8f9878b2b0f664ac43766a35f46ef9052fd6e15cc0cf8cd448cbc7214e30813c,2026-09-27T10:02:00+00:00,2026-09-27 15:02:00,66.9,1004.1,76
36.4,53.6,225.6,3323.2,964.8,150.1,18.8,18.0,4.5,444.0,177.1,3.3,4.0,86.0,30.6,23.75,False,4095,0.0,5.1,619.9,EXT-OPEN-METEO-KHI,KARACHI,OPENSOURCE_API_GRID,604,,,,0.95,True,True,TIER2_OPENSOURCE_PURE;CONTINUOUS_MINUTE_STREAM;VERIFIED_MODEL_GRID,dea4f6ccb54ec3b1b5f3011ebf3cf1048a735ecffc42bad68735ba5bdf9bbc50,2026-09-27T10:03:00+00:00,2026-09-27 15:03:00,66.9,1004.1,76
36.4,53.5,225.3,3317.0,963.0,149.8,18.7,18.0,4.5,444.0,177.2,3.3,4.0,85.9,30.6,23.75,False,4095,0.0,5.1,619.0,EXT-OPEN-METEO-KHI,KARACHI,OPENSOURCE_API_GRID,605,,,,0.95,True,True,TIER2_OPENSOURCE_PURE;CONTINUOUS_MINUTE_STREAM;VERIFIED_MODEL_GRID,60ba93254264761e5db4f5ee59a4cd83c8848592b34dfbeab08fe22e1b6deafd,2026-09-27T10:04:00+00:00,2026-09-27 15:04:00,66.9,1004.1,76
36.3,53.4,225.0,3310.8,961.2,149.5,18.7,18.0,4.5,444.0,177.2,3.3,4.0,85.9,30.6,23.77,False,4095,0.0,5.2,618.0,EXT-OPEN-METEO-KHI,KARACHI,OPENSOURCE_API_GRID,606,,,,0.95,True,True,TIER2_OPENSOURCE_PURE;CONTINUOUS_MINUTE_STREAM;VERIFIED_MODEL_GRID,896c6deea76789c389208d539665de32e2a85378b54af36b4a17af6b629d5eba,2026-09-27T10:05:00+00:00,2026-09-27 15:05:00,67.0,1004.1,76
36.2,53.3,224.7,3304.6,959.4,149.2,18.7,18.0,4.5,444.0,177.3,3.3,4.0,85.9,30.6,23.77,False,4095,0.0,5.3,616.6,EXT-OPEN-METEO-KHI,KARACHI,OPENSOURCE_API_GRID,607,,,,0.95,True,True,TIER2_OPENSOURCE_PURE;CONTINUOUS_MINUTE_STREAM;VERIFIED_MODEL_GRID,5188f8871c2ef9fb3f28443bbfaab803d0c4c74ef1820651b77dc0e11016b369,2026-09-27T10:06:00+00:00,2026-09-27 15:06:00,67.0,1004.1,76
36.2,53.2,224.3,3298.4,957.6,149.0,18.6,17.9,4.5,444.0,177.5,3.3,4.0,85.8,30.6,23.8,False,4095,0.0,5.4,615.1,EXT-OPEN-METEO-KHI,KARACHI,OPENSOURCE_API_GRID,608,,,,0.95,True,True,TIER2_OPENSOURCE_PURE;CONTINUOUS_MINUTE_STREAM;VERIFIED_MODEL_GRID,fe43adb7873674b188a1584fb805e0deae907628f620de7d6184637c59272223,2026-09-27T10:07:00+00:00,2026-09-27 15:07:00,67.1,1004.1,76
36.1,53.1,223.9,3292.2,955.8,148.7,18.6,17.9,4.5,444.0,177.6,3.3,4.0,85.8,30.5,23.7,False,4095,0.0,5.5,613.3,EXT-OPEN-METEO-KHI,KARACHI,OPENSOURCE_API_GRID,609,,,,0.95,True,True,TIER2_OPENSOURCE_PURE;CONTINUOUS_MINUTE_STREAM;VERIFIED_MODEL_GRID,c2aec69666f4fb9258c0579a3794d2d740a0236d8a7b8eb3433560680fc1bf60,2026-09-27T10:08:00+00:00,2026-09-27 15:08:00,67.1,1004.1,76
36.0,53.0,223.4,3286.0,954.0,148.4,18.5,17.9,4.5,444.0,177.8,3.3,4.0,85.7,30.5,23.73,False,4095,0.0,5.6,611.3,EXT-OPEN-METEO-KHI,KARACHI,OPENSOURCE_API_GRID,610,,,,0.95,True,True,TIER2_OPENSOURCE_PURE;CONTINUOUS_MINUTE_STREAM;VERIFIED_MODEL_GRID,ca18dc10dd71248465331b552ab87b5271113082239da5fd91fc1856ee5f99a1,2026-09-27T10:09:00+00:00,2026-09-27 15:09:00,67.2,1004.1,76
36.0,52.9,222.9,3279.8,952.2,148.1,18.5,17.8,4.5,444.0,177.9,3.4,4.0,85.7,30.5,23.75,False,4095,0.0,5.7,609.0,EXT-OPEN-METEO-KHI,KARACHI,OPENSOURCE_API_GRID,611,,,,0.95,True,True,TIER2_OPENSOURCE_PURE;CONTINUOUS_MINUTE_STREAM;VERIFIED_MODEL_GRID,2bc54917dc9180690bb55d774d9033a4e03218eec0f5ac7a3b3e64ce0c85bcb5,2026-09-27T10:10:00+00:00,2026-09-27 15:10:00,67.3,1004.1,76
36.0,52.9,222.4,3279.8,952.2,148.1,18.5,17.8,4.4,444.0,178.1,3.4,4.0,85.6,30.5,23.78,False,4095,0.0,5.9,606.6,EXT-OPEN-METEO-KHI,KARACHI,OPENSOURCE_API_GRID,612,,,,0.95,True,True,TIER2_OPENSOURCE_PURE;CONTINUOUS_MINUTE_STREAM;VERIFIED_MODEL_GRID,8cbacd73273c165cbb19c5484b7768c31f1c01bd5eafec7cec4f8e827876ea2c,2026-09-27T10:11:00+00:00,2026-09-27 15:11:00,67.4,1004.1,76
35.9,52.8,221.9,3273.6,950.4,147.8,18.5,17.8,4.4,444.0,178.3,3.4,4.0,85.5,30.5,23.8,False,4095,0.0,6.1,603.9,EXT-OPEN-METEO-KHI,KARACHI,OPENSOURCE_API_GRID,613,,,,0.95,True,True,TIER2_OPENSOURCE_PURE;CONTINUOUS_MINUTE_STREAM;VERIFIED_MODEL_GRID,936c92b696075cc63bcd4b576c531da0c3cd6da293f8406758078064bb6a3f5f,2026-09-27T10:12:00+00:00,2026-09-27 15:12:00,67.5,1004.1,76
35.8,52.7,221.3,3267.4,948.6,147.6,18.4,17.7,4.4,444.0,178.6,3.4,4.0,85.4,30.5,23.83,False,4095,0.0,6.2,601.1,EXT-OPEN-METEO-KHI,KARACHI,OPENSOURCE_API_GRID,614,,,,0.95,True,True,TIER2_OPENSOURCE_PURE;CONTINUOUS_MINUTE_STREAM;VERIFIED_MODEL_GRID,9395eabc35645fd31eb3ac30f13788a0cb920356e6e08ced693a24463bdf44de,2026-09-27T10:13:00+00:00,2026-09-27 15:13:00,67.6,1004.1,76
35.8,52.6,220.7,3261.2,946.8,147.3,18.4,17.7,4.4,444.0,178.8,3.4,4.0,85.4,30.4,23.76,False,4095,0.0,6.4,598.0,EXT-OPEN-METEO-KHI,KARACHI,OPENSOURCE_API_GRID,615,,,,0.95,True,True,TIER2_OPENSOURCE_PURE;CONTINUOUS_MINUTE_STREAM;VERIFIED_MODEL_GRID,da69f5c9eb51ab40f50976c3c9c3264f12d435307fc08a0840ef5ddc2d0e77f6,2026-09-27T10:14:00+00:00,2026-09-27 15:14:00,67.7,1004.1,76
35.7,52.5,220.1,3255.0,945.0,147.0,18.4,17.6,4.4,444.0,179.1,3.4,4.0,85.3,30.4,23.78,False,4095,0.0,6.6,594.8,EXT-OPEN-METEO-KHI,KARACHI,OPENSOURCE_API_GRID,616,,,,0.95,True,True,TIER2_OPENSOURCE_PURE;CONTINUOUS_MINUTE_STREAM;VERIFIED_MODEL_GRID,af35f7fa4d22fe008ecfc15b74e7c50c60ff507f9a669df5c28623457897d8b4,2026-09-27T10:15:00+00:00,2026-09-27 15:15:00,67.8,1004.1,76
35.6,52.4,219.4,3248.8,943.2,146.7,18.3,17.6,4.4,444.0,179.3,3.4,4.0,85.2,30.4,23.83,False,4095,0.0,6.8,591.4,EXT-OPEN-METEO-KHI,KARACHI,OPENSOURCE_API_GRID,617,,,,0.95,True,True,TIER2_OPENSOURCE_PURE;CONTINUOUS_MINUTE_STREAM;VERIFIED_MODEL_GRID,b4b21d68f4724f356c0ff0f3c668895b378204360f0454762171b2e26bdef048,2026-09-27T10:16:00+00:00,2026-09-27 15:16:00,68.0,1004.0,76
35.6,52.3,218.7,3242.6,941.4,146.4,18.3,17.5,4.4,444.0,179.6,3.5,4.0,85.1,30.4,23.85,False,4095,0.0,7.0,587.9,EXT-OPEN-METEO-KHI,KARACHI,OPENSOURCE_API_GRID,618,,,,0.95,True,True,TIER2_OPENSOURCE_PURE;CONTINUOUS_MINUTE_STREAM;VERIFIED_MODEL_GRID,19e7e57aa4af6ed1f9b01d387f109158fbe6fdff5d8ff0b0e88346f35b8c61d6,2026-09-27T10:17:00+00:00,2026-09-27 15:17:00,68.1,1004.0,76
35.5,52.2,218.0,3236.4,939.6,146.2,18.3,17.4,4.4,444.0,179.9,3.5,4.0,85.0,30.4,23.9,False,4095,0.0,7.3,584.2,EXT-OPEN-METEO-KHI,KARACHI,OPENSOURCE_API_GRID,619,,,,0.95,True,True,TIER2_OPENSOURCE_PURE;CONTINUOUS_MINUTE_STREAM;VERIFIED_MODEL_GRID,3c34dd0e55c8f38b1cd59692020f419272e8c8832b8c6b2c3f0f712bd3b839e4,2026-09-27T10:18:00+00:00,2026-09-27 15:18:00,68.3,1004.0,76
35.4,52.1,217.2,3230.2,937.8,145.9,18.2,17.4,4.3,444.0,180.2,3.5,4.0,84.9,30.4,23.93,False,4095,0.0,7.5,580.3,EXT-OPEN-METEO-KHI,KARACHI,OPENSOURCE_API_GRID,620,,,,0.95,True,True,TIER2_OPENSOURCE_PURE;CONTINUOUS_MINUTE_STREAM;VERIFIED_MODEL_GRID,70d2a87966963b41b9ab5bbe52989a637a15389b018a4c23af54f808e622df31,2026-09-27T10:19:00+00:00,2026-09-27 15:19:00,68.4,1004.0,76
35.3,51.9,216.3,3217.8,934.2,145.3,18.2,17.3,4.3,444.0,180.5,3.5,4.0,84.8,30.4,24.0,False,4095,0.0,7.7,576.3,EXT-OPEN-METEO-KHI,KARACHI,OPENSOURCE_API_GRID,621,,,,0.95,True,True,TIER2_OPENSOURCE_PURE;CONTINUOUS_MINUTE_STREAM;VERIFIED_MODEL_GRID,376b85886313b35bf35a17920625e6bf169c1fa7f2e6b6a1a49c4f61b284dbf4,2026-09-27T10:20:00+00:00,2026-09-27 15:20:00,68.7,1004.0,76
35.2,51.8,215.5,3211.6,932.4,145.0,18.1,17.2,4.3,444.0,180.8,3.5,4.0,84.6,30.4,24.02,False,4095,0.0,8.0,572.2,EXT-OPEN-METEO-KHI,KARACHI,OPENSOURCE_API_GRID,622,,,,0.95,True,True,TIER2_OPENSOURCE_PURE;CONTINUOUS_MINUTE_STREAM;VERIFIED_MODEL_GRID,25311a65a4f5294f612764cb2ba5dc869370b1482a885103519b0ab2e9c69275,2026-09-27T10:21:00+00:00,2026-09-27 15:21:00,68.8,1004.0,76
35.2,51.7,214.6,3205.4,930.6,144.8,18.1,17.2,4.3,444.0,181.2,3.6,4.0,84.5,30.4,24.05,False,4095,0.0,8.3,568.0,EXT-OPEN-METEO-KHI,KARACHI,OPENSOURCE_API_GRID,623,,,,0.95,True,True,TIER2_OPENSOURCE_PURE;CONTINUOUS_MINUTE_STREAM;VERIFIED_MODEL_GRID,e6b36d5bb441f702db11c2180b15214067c6ecc5b37299ebb97ca470b0e67147,2026-09-27T10:22:00+00:00,2026-09-27 15:22:00,68.9,1004.0,76
35.0,51.5,213.8,3193.0,927.0,144.2,18.0,17.1,4.3,444.0,181.5,3.6,4.0,84.4,30.4,24.1,False,4095,0.0,8.5,563.7,EXT-OPEN-METEO-KHI,KARACHI,OPENSOURCE_API_GRID,624,,,,0.95,True,True,TIER2_OPENSOURCE_PURE;CONTINUOUS_MINUTE_STREAM;VERIFIED_MODEL_GRID,32b8b3755ecf5ab7a0f307ec52ac03a9744638af69e0dd457517a9e11a8b26f2,2026-09-27T10:23:00+00:00,2026-09-27 15:23:00,69.1,1004.0,76
35.0,51.4,212.9,3186.8,925.2,143.9,18.0,17.0,4.3,444.0,181.8,3.6,4.0,84.3,30.4,24.12,False,4095,0.0,8.8,559.3,EXT-OPEN-METEO-KHI,KARACHI,OPENSOURCE_API_GRID,625,,,,0.95,True,True,TIER2_OPENSOURCE_PURE;CONTINUOUS_MINUTE_STREAM;VERIFIED_MODEL_GRID,e6042a74171db7d187c76cbaeea36de9a605671ad321ee1febea035de7e38240,2026-09-27T10:24:00+00:00,2026-09-27 15:24:00,69.2,1004.0,76
34.9,51.3,211.9,3180.6,923.4,143.6,18.0,17.0,4.2,444.0,182.2,3.6,4.0,84.1,30.3,24.05,False,4095,0.0,9.1,554.8,EXT-OPEN-METEO-KHI,KARACHI,OPENSOURCE_API_GRID,626,,,,0.95,True,True,TIER2_OPENSOURCE_PURE;CONTINUOUS_MINUTE_STREAM;VERIFIED_MODEL_GRID,dae37c99dcf5f9ab66fa4221ac39c9a88b300d39d8ab39deb91dd7e9c07f4623,2026-09-27T10:25:00+00:00,2026-09-27 15:25:00,69.3,1004.0,76
34.7,51.1,211.0,3168.2,919.8,143.1,17.9,16.9,4.2,444.0,182.5,3.7,4.0,84.0,30.3,24.1,False,4095,0.0,9.4,550.2,EXT-OPEN-METEO-KHI,KARACHI,OPENSOURCE_API_GRID,627,,,,0.95,True,True,TIER2_OPENSOURCE_PURE;CONTINUOUS_MINUTE_STREAM;VERIFIED_MODEL_GRID,474f0dc88f558a4274ca5e26c225e7bd1bf56d1a1e2481a5f648c6be55220bd9,2026-09-27T10:26:00+00:00,2026-09-27 15:26:00,69.5,1004.0,76
34.6,50.9,210.0,3155.8,916.2,142.5,17.8,16.8,4.2,444.0,182.9,3.7,4.0,83.9,30.3,24.12,False,4095,0.0,9.6,545.6,EXT-OPEN-METEO-KHI,KARACHI,OPENSOURCE_API_GRID,628,,,,0.95,True,True,TIER2_OPENSOURCE_PURE;CONTINUOUS_MINUTE_STREAM;VERIFIED_MODEL_GRID,7b5e54483f657af91ea76789562b71dc01ac4ec4d65150c55a902264cc6164fd,2026-09-27T10:27:00+00:00,2026-09-27 15:27:00,69.6,1004.0,76
34.5,50.8,209.0,3149.6,914.4,142.2,17.8,16.7,4.2,444.0,183.3,3.7,4.0,83.8,30.3,24.15,False,4095,0.0,9.9,541.0,EXT-OPEN-METEO-KHI,KARACHI,OPENSOURCE_API_GRID,629,,,,0.95,True,True,TIER2_OPENSOURCE_PURE;CONTINUOUS_MINUTE_STREAM;VERIFIED_MODEL_GRID,4cbe18625bdcecb497f6a548726430cde83958484ff11c201d070a702bcf9f32,2026-09-27T10:28:00+00:00,2026-09-27 15:28:00,69.7,1004.0,76
34.4,50.6,208.0,3137.2,910.8,141.7,17.7,16.6,4.2,444.0,183.6,3.7,4.0,83.6,30.3,24.19,False,4095,0.0,10.2,536.3,EXT-OPEN-METEO-KHI,KARACHI,OPENSOURCE_API_GRID,630,,,,0.95,True,True,TIER2_OPENSOURCE_PURE;CONTINUOUS_MINUTE_STREAM;VERIFIED_MODEL_GRID,519bc77e6f12837998fb47ab02c9d7ecbf9c0b67eebb6d905bd1aecd0fe8faeb,2026-09-27T10:29:00+00:00,2026-09-27 15:29:00,69.9,1004.0,76
34.3,50.4,207.0,3124.8,907.2,141.1,17.6,16.6,4.1,444.0,184.0,3.7,4.0,83.5,30.2,24.12,False,4095,0.0,10.5,531.6,EXT-OPEN-METEO-KHI,KARACHI,OPENSOURCE_API_GRID,631,,,,0.95,True,True,TIER2_OPENSOURCE_PURE;CONTINUOUS_MINUTE_STREAM;VERIFIED_MODEL_GRID,aeca717b33b6510a5bb661a236a566072bd88d8e528642ddcef90e01cf1404de,2026-09-27T10:30:00+00:00,2026-09-27 15:30:00,70.0,1004.0,76
34.1,50.2,205.9,3112.4,903.6,140.6,17.6,16.5,4.1,444.0,184.4,3.8,4.1,83.4,30.2,24.15,False,4095,0.0,10.8,527.0,EXT-OPEN-METEO-KHI,KARACHI,OPENSOURCE_API_GRID,632,,,,0.95,True,True,TIER2_OPENSOURCE_PURE;CONTINUOUS_MINUTE_STREAM;VERIFIED_MODEL_GRID,ff38c1c1a75f3061b753705ebad89067172734dd2e5311c1ebadd2bd367d7340,2026-09-27T10:31:00+00:00,2026-09-27 15:31:00,70.1,1004.0,76
33.9,49.9,204.9,3093.8,898.2,139.7,17.5,16.4,4.1,444.0,184.7,3.8,4.1,83.2,30.2,24.19,False,4095,0.0,11.1,522.3,EXT-OPEN-METEO-KHI,KARACHI,OPENSOURCE_API_GRID,633,,,,0.95,True,True,TIER2_OPENSOURCE_PURE;CONTINUOUS_MINUTE_STREAM;VERIFIED_MODEL_GRID,0219f218d15d5af3a959e7414c5cb04426aaf697bb712b29e884078ef911e119,2026-09-27T10:32:00+00:00,2026-09-27 15:32:00,70.3,1004.0,76
33.8,49.7,203.8,3081.4,894.6,139.2,17.4,16.3,4.1,444.0,185.1,3.8,4.1,83.1,30.2,24.22,False,4095,0.0,11.4,517.7,EXT-OPEN-METEO-KHI,KARACHI,OPENSOURCE_API_GRID,634,,,,0.95,True,True,TIER2_OPENSOURCE_PURE;CONTINUOUS_MINUTE_STREAM;VERIFIED_MODEL_GRID,6e6e0654a342bdb8058a41cd9679d91f0c46829a1b3e10fc33d004b3f9361425,2026-09-27T10:33:00+00:00,2026-09-27 15:33:00,70.4,1003.9,76
33.7,49.5,202.8,3069.0,891.0,138.6,17.3,16.2,4.1,444.0,185.5,3.8,4.1,83.0,30.1,24.14,False,4095,0.0,11.6,513.1,EXT-OPEN-METEO-KHI,KARACHI,OPENSOURCE_API_GRID,635,,,,0.95,True,True,TIER2_OPENSOURCE_PURE;CONTINUOUS_MINUTE_STREAM;VERIFIED_MODEL_GRID,dc98d9df47405958fe5d8220906544b4fd99303496f16e46365064369f9623ca,2026-09-27T10:34:00+00:00,2026-09-27 15:34:00,70.5,1003.9,76
33.5,49.3,201.8,3056.6,887.4,138.0,17.3,16.1,4.0,444.0,185.8,3.9,4.1,82.9,30.1,24.19,False,4095,0.0,11.9,508.5,EXT-OPEN-METEO-KHI,KARACHI,OPENSOURCE_API_GRID,636,,,,0.95,True,True,TIER2_OPENSOURCE_PURE;CONTINUOUS_MINUTE_STREAM;VERIFIED_MODEL_GRID,92ad3f371e7647e3d1604196909fa40c192455d80df5f13d7163e78bf0be31fe,2026-09-27T10:35:00+00:00,2026-09-27 15:35:00,70.7,1003.9,76
33.4,49.1,200.7,3044.2,883.8,137.5,17.2,16.1,4.0,444.0,186.2,3.9,4.1,82.7,30.1,24.22,False,4095,0.0,12.2,504.0,EXT-OPEN-METEO-KHI,KARACHI,OPENSOURCE_API_GRID,637,,,,0.95,True,True,TIER2_OPENSOURCE_PURE;CONTINUOUS_MINUTE_STREAM;VERIFIED_MODEL_GRID,02836bfcde3aa0cba907a2a46975b09cabee85253373d7f0c0046d7720a8f707,2026-09-27T10:36:00+00:00,2026-09-27 15:36:00,70.8,1003.9,76
33.3,48.9,199.7,3031.8,880.2,136.9,17.1,16.0,4.0,444.0,186.5,3.9,4.1,82.6,30.0,24.14,False,4095,0.0,12.5,499.6,EXT-OPEN-METEO-KHI,KARACHI,OPENSOURCE_API_GRID,638,,,,0.95,True,True,TIER2_OPENSOURCE_PURE;CONTINUOUS_MINUTE_STREAM;VERIFIED_MODEL_GRID,4583699a998185ee64d44634d462c2503042a3edec9e1bbf470e1ef072b2b2b3,2026-09-27T10:37:00+00:00,2026-09-27 15:37:00,70.9,1003.9,76
33.1,48.7,198.8,3019.4,876.6,136.4,17.0,15.9,4.0,444.0,186.8,3.9,4.1,82.5,30.0,24.19,False,4095,0.0,12.7,495.3,EXT-OPEN-METEO-KHI,KARACHI,OPENSOURCE_API_GRID,639,,,,0.95,True,True,TIER2_OPENSOURCE_PURE;CONTINUOUS_MINUTE_STREAM;VERIFIED_MODEL_GRID,64124f53aa6a41d762ce35ea6a21cd3cb3e2fb5b8a04a8dc14d4f4519137785c,2026-09-27T10:38:00+00:00,2026-09-27 15:38:00,71.1,1003.9,76
33.0,48.5,197.8,3007.0,873.0,135.8,17.0,15.8,4.0,444.0,187.2,4.0,4.1,82.4,30.0,24.21,False,4095,0.0,13.0,491.1,EXT-OPEN-METEO-KHI,KARACHI,OPENSOURCE_API_GRID,640,,,,0.95,True,True,TIER2_OPENSOURCE_PURE;CONTINUOUS_MINUTE_STREAM;VERIFIED_MODEL_GRID,3a07265f3e76393500ff8fed3bb1a7098948e2be3a51218929cfc58e83679906,2026-09-27T10:39:00+00:00,2026-09-27 15:39:00,71.2,1003.9,76
32.8,48.3,196.9,2994.6,869.4,135.2,16.9,15.8,3.9,444.0,187.5,4.0,4.1,82.2,30.0,24.26,False,4095,0.0,13.2,487.0,EXT-OPEN-METEO-KHI,KARACHI,OPENSOURCE_API_GRID,641,,,,0.95,True,True,TIER2_OPENSOURCE_PURE;CONTINUOUS_MINUTE_STREAM;VERIFIED_MODEL_GRID,a112ff8216d832c13e70a1ff318339e7dd0f4521a1bda6538aabef4cbf6f068f,2026-09-27T10:40:00+00:00,2026-09-27 15:40:00,71.4,1003.9,76
32.7,48.1,196.1,2982.2,865.8,134.7,16.8,15.7,3.9,444.0,187.8,4.0,4.1,82.1,29.9,24.19,False,4095,0.0,13.5,483.0,EXT-OPEN-METEO-KHI,KARACHI,OPENSOURCE_API_GRID,642,,,,0.95,True,True,TIER2_OPENSOURCE_PURE;CONTINUOUS_MINUTE_STREAM;VERIFIED_MODEL_GRID,b21de9892e53d47f9bb01276356b02e1e92d5a5d54546556ead7fdbba35200b1,2026-09-27T10:41:00+00:00,2026-09-27 15:41:00,71.5,1003.9,76
32.6,48.0,195.3,2976.0,864.0,134.4,16.8,15.6,3.9,444.0,188.1,4.0,4.1,82.0,29.9,24.21,False,4095,0.0,13.7,479.1,EXT-OPEN-METEO-KHI,KARACHI,OPENSOURCE_API_GRID,643,,,,0.95,True,True,TIER2_OPENSOURCE_PURE;CONTINUOUS_MINUTE_STREAM;VERIFIED_MODEL_GRID,da773064f84f318d0ec96addc7b490dc01fec6ec679c06cc86f122394fa08a1a,2026-09-27T10:42:00+00:00,2026-09-27 15:42:00,71.6,1003.9,76
32.6,47.9,194.5,2969.8,862.2,134.1,16.8,15.6,3.9,444.0,188.4,4.0,4.1,81.9,29.9,24.26,False,4095,0.0,14.0,475.4,EXT-OPEN-METEO-KHI,KARACHI,OPENSOURCE_API_GRID,644,,,,0.95,True,True,TIER2_OPENSOURCE_PURE;CONTINUOUS_MINUTE_STREAM;VERIFIED_MODEL_GRID,9a89cecdd6110fec5a4eff36143a1e498897af4d35349b1e06b3232c9d2a5365,2026-09-27T10:43:00+00:00,2026-09-27 15:43:00,71.8,1003.9,76
32.5,47.8,193.8,2963.6,860.4,133.8,16.7,15.5,3.9,444.0,188.7,4.1,4.1,81.8,29.9,24.28,False,4095,0.0,14.2,471.9,EXT-OPEN-METEO-KHI,KARACHI,OPENSOURCE_API_GRID,645,,,,0.95,True,True,TIER2_OPENSOURCE_PURE;CONTINUOUS_MINUTE_STREAM;VERIFIED_MODEL_GRID,7587534055fa1767898b6dfb723f66d558e8ce0a73c1b0d9b102a5321d17dabf,2026-09-27T10:44:00+00:00,2026-09-27 15:44:00,71.9,1003.9,76
32.4,47.7,193.1,2957.4,858.6,133.6,16.7,15.4,3.9,444.0,188.9,4.1,4.1,81.7,29.9,24.3,False,4095,0.0,14.4,468.5,EXT-OPEN-METEO-KHI,KARACHI,OPENSOURCE_API_GRID,646,,,,0.95,True,True,TIER2_OPENSOURCE_PURE;CONTINUOUS_MINUTE_STREAM;VERIFIED_MODEL_GRID,fc6039599136a9d28e1d5411de6c2584e81afef60b527ce29e87e150f786645e,2026-09-27T10:45:00+00:00,2026-09-27 15:45:00,72.0,1003.8,76
32.4,47.6,192.4,2951.2,856.8,133.3,16.7,15.4,3.8,444.0,189.2,4.1,4.1,81.6,29.9,24.35,False,4095,0.0,14.6,465.3,EXT-OPEN-METEO-KHI,KARACHI,OPENSOURCE_API_GRID,647,,,,0.95,True,True,TIER2_OPENSOURCE_PURE;CONTINUOUS_MINUTE_STREAM;VERIFIED_MODEL_GRID,d8eac910deb119d159b7d8427d5bc659af203ee42aa3db7ce7b51b343fd42ea8,2026-09-27T10:46:00+00:00,2026-09-27 15:46:00,72.2,1003.8,76
32.3,47.5,191.9,2945.0,855.0,133.0,16.6,15.4,3.8,444.0,189.4,4.1,4.1,81.6,29.9,24.37,False,4095,0.0,14.8,462.2,EXT-OPEN-METEO-KHI,KARACHI,OPENSOURCE_API_GRID,648,,,,0.95,True,True,TIER2_OPENSOURCE_PURE;CONTINUOUS_MINUTE_STREAM;VERIFIED_MODEL_GRID,a936074edebb4da96dc080421824df683d1801f51ddfd66789021fe97a5f325f,2026-09-27T10:47:00+00:00,2026-09-27 15:47:00,72.3,1003.8,76
32.2,47.4,191.3,2938.8,853.2,132.7,16.6,15.3,3.8,444.0,189.7,4.1,4.1,81.5,29.8,24.3,False,4095,0.0,14.9,459.4,EXT-OPEN-METEO-KHI,KARACHI,OPENSOURCE_API_GRID,649,,,,0.95,True,True,TIER2_OPENSOURCE_PURE;CONTINUOUS_MINUTE_STREAM;VERIFIED_MODEL_GRID,ac0bc35f8d8e5e82f075f13421d4f27568ddd6323542917707c96b1a371b0555,2026-09-27T10:48:00+00:00,2026-09-27 15:48:00,72.4,1003.8,76
32.2,47.4,190.8,2938.8,853.2,132.7,16.6,15.3,3.8,444.0,189.9,4.1,4.1,81.4,29.8,24.32,False,4095,0.0,15.1,456.7,EXT-OPEN-METEO-KHI,KARACHI,OPENSOURCE_API_GRID,650,,,,0.95,True,True,TIER2_OPENSOURCE_PURE;CONTINUOUS_MINUTE_STREAM;VERIFIED_MODEL_GRID,1cbf88705b334e749a0d38cfed8161b0d80cb5bf3adc37791358b10c27b30655,2026-09-27T10:49:00+00:00,2026-09-27 15:49:00,72.5,1003.8,76
32.2,47.3,190.4,2932.6,851.4,132.4,16.6,15.2,3.8,444.0,190.1,4.1,4.1,81.3,29.8,24.35,False,4095,0.0,15.3,454.3,EXT-OPEN-METEO-KHI,KARACHI,OPENSOURCE_API_GRID,651,,,,0.95,True,True,TIER2_OPENSOURCE_PURE;CONTINUOUS_MINUTE_STREAM;VERIFIED_MODEL_GRID,fc1a7acf102afad1eb701835029576266b7994cc60cb9dce8d5dbd8048e254ae,2026-09-27T10:50:00+00:00,2026-09-27 15:50:00,72.6,1003.8,76
32.1,47.2,189.8,2926.4,849.6,132.2,16.5,15.2,3.8,444.0,190.2,4.2,4.1,81.3,29.8,24.39,False,4095,0.0,15.4,452.0,EXT-OPEN-METEO-KHI,KARACHI,OPENSOURCE_API_GRID,652,,,,0.95,True,True,TIER2_OPENSOURCE_PURE;CONTINUOUS_MINUTE_STREAM;VERIFIED_MODEL_GRID,865e7e1fc9b26b7539ffd2a2df5e88141b89249742b319f7df369d2c94c42de0,2026-09-27T10:51:00+00:00,2026-09-27 15:51:00,72.8,1003.8,76
32.0,47.1,189.4,2920.2,847.8,131.9,16.5,15.2,3.8,444.0,190.4,4.2,4.1,81.2,29.8,24.42,False,4095,0.0,15.5,450.0,EXT-OPEN-METEO-KHI,KARACHI,OPENSOURCE_API_GRID,653,,,,0.95,True,True,TIER2_OPENSOURCE_PURE;CONTINUOUS_MINUTE_STREAM;VERIFIED_MODEL_GRID,f1c7631ae7e4de603483d9da8eed1eb67ede5b796e23514fbc5ef72d120a5fcb,2026-09-27T10:52:00+00:00,2026-09-27 15:52:00,72.9,1003.8,76
32.0,47.1,189.1,2920.2,847.8,131.9,16.5,15.1,3.8,444.0,190.5,4.2,4.1,81.2,29.8,24.42,False,4095,0.0,15.6,448.2,EXT-OPEN-METEO-KHI,KARACHI,OPENSOURCE_API_GRID,654,,,,0.95,True,True,TIER2_OPENSOURCE_PURE;CONTINUOUS_MINUTE_STREAM;VERIFIED_MODEL_GRID,ba97b59c7998b177252d17d30d50f8fa46956d0fc0ce96c14cc8d80bf1356900,2026-09-27T10:53:00+00:00,2026-09-27 15:53:00,72.9,1003.8,76
32.0,47.1,188.8,2920.2,847.8,131.9,16.5,15.1,3.8,444.0,190.7,4.2,4.1,81.1,29.8,24.44,False,4095,0.0,15.7,446.7,EXT-OPEN-METEO-KHI,KARACHI,OPENSOURCE_API_GRID,655,,,,0.95,True,True,TIER2_OPENSOURCE_PURE;CONTINUOUS_MINUTE_STREAM;VERIFIED_MODEL_GRID,a75d8b9972c6a51018c1b7b3dc353b3f3d3b7f66391ace7b59afaddf4cda9d4f,2026-09-27T10:54:00+00:00,2026-09-27 15:54:00,73.0,1003.8,76
32.0,47.1,188.6,2920.2,847.8,131.9,16.5,15.1,3.8,444.0,190.8,4.2,4.1,81.1,29.8,24.44,False,4095,0.0,15.8,445.3,EXT-OPEN-METEO-KHI,KARACHI,OPENSOURCE_API_GRID,656,,,,0.95,True,True,TIER2_OPENSOURCE_PURE;CONTINUOUS_MINUTE_STREAM;VERIFIED_MODEL_GRID,553577a6b7d08b5afb63ed5c7d384296e9d3c054b21fb0108936e800482ea2d6,2026-09-27T10:55:00+00:00,2026-09-27 15:55:00,73.0,1003.8,76
32.0,47.1,188.4,2920.2,847.8,131.9,16.5,15.1,3.8,444.0,190.8,4.2,4.1,81.1,29.9,24.53,False,4095,0.0,15.9,444.3,EXT-OPEN-METEO-KHI,KARACHI,OPENSOURCE_API_GRID,657,,,,0.95,True,True,TIER2_OPENSOURCE_PURE;CONTINUOUS_MINUTE_STREAM;VERIFIED_MODEL_GRID,aa6324e99ba44fefbe4084d478a20b08d0cad44e3f3057d369e4d9a63b9a67eb,2026-09-27T10:56:00+00:00,2026-09-27 15:56:00,73.0,1003.8,76
32.0,47.0,188.2,2914.0,846.0,131.6,16.4,15.1,3.8,444.0,190.9,4.2,4.1,81.0,29.9,24.53,False,4095,0.0,15.9,443.4,EXT-OPEN-METEO-KHI,KARACHI,OPENSOURCE_API_GRID,658,,,,0.95,True,True,TIER2_OPENSOURCE_PURE;CONTINUOUS_MINUTE_STREAM;VERIFIED_MODEL_GRID,98f4009f867a603d148c7432bc2c221bece29c96a710cc82ae79750133afef62,2026-09-27T10:57:00+00:00,2026-09-27 15:57:00,73.0,1003.8,76
32.0,47.0,188.1,2914.0,846.0,131.6,16.4,15.0,3.8,444.0,191.0,4.2,4.1,81.0,29.9,24.53,False,4095,0.0,16.0,442.8,EXT-OPEN-METEO-KHI,KARACHI,OPENSOURCE_API_GRID,659,,,,0.95,True,True,TIER2_OPENSOURCE_PURE;CONTINUOUS_MINUTE_STREAM;VERIFIED_MODEL_GRID,80203f379b5e742dfbb9a15748bdc17f8a5324c374d9449e6a1095a1fde99196,2026-09-27T10:58:00+00:00,2026-09-27 15:58:00,73.0,1003.8,76
32.0,47.0,188.0,2914.0,846.0,131.6,16.4,15.0,3.8,444.0,191.0,4.2,4.1,81.0,29.9,24.53,False,4095,0.0,16.0,442.4,EXT-OPEN-METEO-KHI,KARACHI,OPENSOURCE_API_GRID,660,,,,0.95,True,True,TIER2_OPENSOURCE_PURE;CONTINUOUS_MINUTE_STREAM;VERIFIED_MODEL_GRID,ac1da2deea85c9b9128b3fddfc9397e3afc0b4688d85b29072e70465583ca6cb,2026-09-27T10:59:00+00:00,2026-09-27 15:59:00,73.0,1003.8,76
32.0,47.0,188.0,2914.0,846.0,131.6,16.4,15.0,3.8,444.0,191.0,4.2,4.1,81.0,29.8,24.44,False,4095,0.0,16.0,442.3,EXT-OPEN-METEO-KHI,KARACHI,OPENSOURCE_API_GRID,661,,,,0.95,True,False,TIER2_OPENSOURCE_PURE;HOURLY_NODE;VERIFIED_MODEL_GRID,a7d63bd6363ddcd2f18a97d4445f781f19044b8a7e8d899acb8a5bbd655dd439,2026-09-27T11:00:00+00:00,2026-09-27 16:00:00,73.0,1003.8,78
32.0,47.0,187.9,2914.0,846.0,131.6,16.4,15.0,3.8,444.0,191.0,4.2,4.1,81.0,29.8,24.44,False,4095,0.0,16.0,442.1,EXT-OPEN-METEO-KHI,KARACHI,OPENSOURCE_API_GRID,662,,,,0.95,True,True,TIER2_OPENSOURCE_PURE;CONTINUOUS_MINUTE_STREAM;VERIFIED_MODEL_GRID,70bbad8d4d266442b5a6d5f7ab69dc08010403128eb0aa1b6b7f13793310ceaa,2026-09-27T11:01:00+00:00,2026-09-27 16:01:00,73.0,1003.8,78
31.9,46.9,187.8,2907.8,844.2,131.3,16.4,15.0,3.8,444.0,191.0,4.2,4.1,81.0,29.8,24.42,False,4095,0.0,16.0,441.7,EXT-OPEN-METEO-KHI,KARACHI,OPENSOURCE_API_GRID,663,,,,0.95,True,True,TIER2_OPENSOURCE_PURE;CONTINUOUS_MINUTE_STREAM;VERIFIED_MODEL_GRID,4fa9926ab93b4a11ba5958c2767f99fdb1fed1337a3664361a36eaf8454e3ddb,2026-09-27T11:02:00+00:00,2026-09-27 16:02:00,72.9,1003.8,78
31.8,46.8,187.6,2901.6,842.4,131.0,16.4,15.0,3.8,444.0,191.0,4.2,4.1,81.0,29.8,24.42,False,4095,0.0,15.9,440.9,EXT-OPEN-METEO-KHI,KARACHI,OPENSOURCE_API_GRID,664,,,,0.95,True,True,TIER2_OPENSOURCE_PURE;CONTINUOUS_MINUTE_STREAM;VERIFIED_MODEL_GRID,2335f059841922bac9be8763caffaf7ef14eb7d7953b7f6ecca8ee55332d1c46,2026-09-27T11:03:00+00:00,2026-09-27 16:03:00,72.9,1003.8,78
31.8,46.8,187.3,2901.6,842.4,131.0,16.4,15.0,3.7,444.0,191.1,4.2,4.1,80.9,29.8,24.42,False,4095,0.0,15.9,439.9,EXT-OPEN-METEO-KHI,KARACHI,OPENSOURCE_API_GRID,665,,,,0.95,True,True,TIER2_OPENSOURCE_PURE;CONTINUOUS_MINUTE_STREAM;VERIFIED_MODEL_GRID,b78415a7123b8b77ce6563a2685612d7b6e31bd3cdcc62553e905baa6a505c45,2026-09-27T11:04:00+00:00,2026-09-27 16:04:00,72.9,1003.8,78
31.8,46.7,187.0,2895.4,840.6,130.8,16.3,15.0,3.7,444.0,191.1,4.2,4.1,80.9,29.8,24.39,False,4095,0.0,15.8,438.6,EXT-OPEN-METEO-KHI,KARACHI,OPENSOURCE_API_GRID,666,,,,0.95,True,True,TIER2_OPENSOURCE_PURE;CONTINUOUS_MINUTE_STREAM;VERIFIED_MODEL_GRID,7f14124a2c72953be2f428951cc49f161b0435186b59f8b86928419e8d96db93,2026-09-27T11:05:00+00:00,2026-09-27 16:05:00,72.8,1003.8,78
31.7,46.6,186.6,2889.2,838.8,130.5,16.3,14.9,3.7,444.0,191.2,4.2,4.1,80.8,29.8,24.37,False,4095,0.0,15.7,436.9,EXT-OPEN-METEO-KHI,KARACHI,OPENSOURCE_API_GRID,667,,,,0.95,True,True,TIER2_OPENSOURCE_PURE;CONTINUOUS_MINUTE_STREAM;VERIFIED_MODEL_GRID,697124c40a6f3451867d0604d4028fe2f0358f7a48aaabe9fab6f57ada0493a0,2026-09-27T11:06:00+00:00,2026-09-27 16:06:00,72.7,1003.8,78
31.6,46.4,186.1,2876.8,835.2,129.9,16.2,14.9,3.7,444.0,191.3,4.2,4.1,80.8,29.8,24.37,False,4095,0.0,15.6,435.0,EXT-OPEN-METEO-KHI,KARACHI,OPENSOURCE_API_GRID,668,,,,0.95,True,True,TIER2_OPENSOURCE_PURE;CONTINUOUS_MINUTE_STREAM;VERIFIED_MODEL_GRID,3b03a5725d330d9fbe3936635bf3b6e2cdf4fafb1b81b436485602f29ae8c23f,2026-09-27T11:07:00+00:00,2026-09-27 16:07:00,72.7,1003.8,78
31.5,46.3,185.7,2870.6,833.4,129.6,16.2,14.9,3.7,444.0,191.3,4.3,4.1,80.7,29.8,24.35,False,4095,0.0,15.4,432.8,EXT-OPEN-METEO-KHI,KARACHI,OPENSOURCE_API_GRID,669,,,,0.95,True,True,TIER2_OPENSOURCE_PURE;CONTINUOUS_MINUTE_STREAM;VERIFIED_MODEL_GRID,f5f3f481d39623b929255a3ad120f2ab0cbec90d411574164b1840c53cd5983d,2026-09-27T11:08:00+00:00,2026-09-27 16:08:00,72.6,1003.8,78
31.4,46.2,185.1,2864.4,831.6,129.4,16.2,14.8,3.7,444.0,191.4,4.3,4.1,80.6,29.8,24.32,False,4095,0.0,15.3,430.3,EXT-OPEN-METEO-KHI,KARACHI,OPENSOURCE_API_GRID,670,,,,0.95,True,True,TIER2_OPENSOURCE_PURE;CONTINUOUS_MINUTE_STREAM;VERIFIED_MODEL_GRID,6c7e9f7a99c701cc1dd9a3322938c420e5cc6f013d8db78776347a2043f00287,2026-09-27T11:09:00+00:00,2026-09-27 16:09:00,72.5,1003.8,78
31.3,46.1,184.5,2858.2,829.8,129.1,16.1,14.8,3.7,444.0,191.5,4.3,4.1,80.5,29.7,24.2,False,4095,0.0,15.1,427.6,EXT-OPEN-METEO-KHI,KARACHI,OPENSOURCE_API_GRID,671,,,,0.95,True,True,TIER2_OPENSOURCE_PURE;CONTINUOUS_MINUTE_STREAM;VERIFIED_MODEL_GRID,8411cb434ffbd97dd674f34ca08641edbb07a30205ede3d37fb67c3bd75eece3,2026-09-27T11:10:00+00:00,2026-09-27 16:10:00,72.4,1003.8,78
31.2,45.9,183.9,2845.8,826.2,128.5,16.1,14.7,3.7,444.0,191.6,4.3,4.1,80.4,29.7,24.2,False,4095,0.0,15.0,424.6,EXT-OPEN-METEO-KHI,KARACHI,OPENSOURCE_API_GRID,672,,,,0.95,True,True,TIER2_OPENSOURCE_PURE;CONTINUOUS_MINUTE_STREAM;VERIFIED_MODEL_GRID,011c4386ce341f5818e8ee8ac50beec0539e2b7839d4579914a76d38d3382b46,2026-09-27T11:11:00+00:00,2026-09-27 16:11:00,72.4,1003.8,78
31.1,45.8,183.3,2839.6,824.4,128.2,16.0,14.7,3.7,444.0,191.8,4.3,4.1,80.3,29.7,24.18,False,4095,0.0,14.8,421.3,EXT-OPEN-METEO-KHI,KARACHI,OPENSOURCE_API_GRID,673,,,,0.95,True,True,TIER2_OPENSOURCE_PURE;CONTINUOUS_MINUTE_STREAM;VERIFIED_MODEL_GRID,13f8202f2fc843e1fc1e66fc63df6b6c307e11cc0cc0b0d4d24002af81b91597,2026-09-27T11:12:00+00:00,2026-09-27 16:12:00,72.3,1003.8,78
31.1,45.7,182.6,2833.4,822.6,128.0,16.0,14.6,3.7,444.0,191.9,4.3,4.1,80.2,29.7,24.16,False,4095,0.0,14.6,417.9,EXT-OPEN-METEO-KHI,KARACHI,OPENSOURCE_API_GRID,674,,,,0.95,True,True,TIER2_OPENSOURCE_PURE;CONTINUOUS_MINUTE_STREAM;VERIFIED_MODEL_GRID,5ad5ae45649aef3b5c87ff5922124036b018b23533ab988162701ecb6e523ad0,2026-09-27T11:13:00+00:00,2026-09-27 16:13:00,72.2,1003.9,78
30.9,45.5,181.9,2821.0,819.0,127.4,15.9,14.6,3.6,444.0,192.0,4.4,4.1,80.1,29.7,24.14,False,4095,0.0,14.3,414.1,EXT-OPEN-METEO-KHI,KARACHI,OPENSOURCE_API_GRID,675,,,,0.95,True,True,TIER2_OPENSOURCE_PURE;CONTINUOUS_MINUTE_STREAM;VERIFIED_MODEL_GRID,ba5ed97c4904bb697760afb5ae17feffe48d332b6c6e2718ee6cc64c03dd9e6b,2026-09-27T11:14:00+00:00,2026-09-27 16:14:00,72.1,1003.9,78
30.9,45.4,181.1,2814.8,817.2,127.1,15.9,14.5,3.6,444.0,192.2,4.4,4.1,80.0,29.7,24.11,False,4095,0.0,14.1,410.2,EXT-OPEN-METEO-KHI,KARACHI,OPENSOURCE_API_GRID,676,,,,0.95,True,True,TIER2_OPENSOURCE_PURE;CONTINUOUS_MINUTE_STREAM;VERIFIED_MODEL_GRID,227bf27657db4f97c49c05e022e0a2bb209b6218cb0c32c28e6014b6d0e8fd53,2026-09-27T11:15:00+00:00,2026-09-27 16:15:00,72.0,1003.9,78
30.8,45.3,180.3,2808.6,815.4,126.8,15.9,14.4,3.6,444.0,192.3,4.4,4.1,79.8,29.7,24.09,False,4095,0.0,13.8,406.0,EXT-OPEN-METEO-KHI,KARACHI,OPENSOURCE_API_GRID,677,,,,0.95,True,True,TIER2_OPENSOURCE_PURE;CONTINUOUS_MINUTE_STREAM;VERIFIED_MODEL_GRID,6775089e518f35b5575dd0a8cbfcb5a13e94171fdc379271fadc93512dd6815b,2026-09-27T11:16:00+00:00,2026-09-27 16:16:00,71.9,1003.9,78
30.7,45.1,179.5,2796.2,811.8,126.3,15.8,14.4,3.6,444.0,192.5,4.4,4.1,79.7,29.7,24.07,False,4095,0.0,13.6,401.6,EXT-OPEN-METEO-KHI,KARACHI,OPENSOURCE_API_GRID,678,,,,0.95,True,True,TIER2_OPENSOURCE_PURE;CONTINUOUS_MINUTE_STREAM;VERIFIED_MODEL_GRID,da60d709929623c51324ec60c38c30a4d0f96ce76dc2901e1b0669eb1c2f3bd3,2026-09-27T11:17:00+00:00,2026-09-27 16:17:00,71.8,1003.9,78
30.6,45.0,178.7,2790.0,810.0,126.0,15.7,14.3,3.6,444.0,192.6,4.5,4.1,79.6,29.7,24.04,False,4095,0.0,13.3,397.1,EXT-OPEN-METEO-KHI,KARACHI,OPENSOURCE_API_GRID,679,,,,0.95,True,True,TIER2_OPENSOURCE_PURE;CONTINUOUS_MINUTE_STREAM;VERIFIED_MODEL_GRID,acb7fca11e337a4955a303820d6258b6b9a37b063221c21958d212a1a0491ea5,2026-09-27T11:18:00+00:00,2026-09-27 16:18:00,71.7,1003.9,78
30.5,44.9,177.8,2783.8,808.2,125.7,15.7,14.2,3.6,444.0,192.8,4.5,4.1,79.4,29.7,24.02,False,4095,0.0,13.0,392.3,EXT-OPEN-METEO-KHI,KARACHI,OPENSOURCE_API_GRID,680,,,,0.95,True,True,TIER2_OPENSOURCE_PURE;CONTINUOUS_MINUTE_STREAM;VERIFIED_MODEL_GRID,b1fb42ade60e881028664f014d9c2266252377eb8a52cded4952b216f2fd9c4a,2026-09-27T11:19:00+00:00,2026-09-27 16:19:00,71.6,1003.9,78
30.4,44.7,176.9,2771.4,804.6,125.2,15.6,14.2,3.5,444.0,193.0,4.5,4.1,79.2,29.7,24.0,False,4095,0.0,12.8,387.4,EXT-OPEN-METEO-KHI,KARACHI,OPENSOURCE_API_GRID,681,,,,0.95,True,True,TIER2_OPENSOURCE_PURE;CONTINUOUS_MINUTE_STREAM;VERIFIED_MODEL_GRID,2fd64218be7e585dc04af0b1a2c580ecf53b2664e20dad9efdcfadb123c9c47f,2026-09-27T11:20:00+00:00,2026-09-27 16:20:00,71.5,1003.9,78
30.3,44.6,176.0,2765.2,802.8,124.9,15.6,14.1,3.5,444.0,193.2,4.6,4.2,79.1,29.7,23.97,False,4095,0.0,12.5,382.4,EXT-OPEN-METEO-KHI,KARACHI,OPENSOURCE_API_GRID,682,,,,0.95,True,True,TIER2_OPENSOURCE_PURE;CONTINUOUS_MINUTE_STREAM;VERIFIED_MODEL_GRID,47f8fa383e9487bd17e501a96c7f1692188c9f0731b0e043d2a8d95eaf1ba963,2026-09-27T11:21:00+00:00,2026-09-27 16:21:00,71.4,1003.9,78
30.1,44.3,174.9,2746.6,797.4,124.0,15.5,14.0,3.5,444.0,193.4,4.6,4.2,78.9,29.7,23.97,False,4095,0.0,12.1,377.2,EXT-OPEN-METEO-KHI,KARACHI,OPENSOURCE_API_GRID,683,,,,0.95,True,True,TIER2_OPENSOURCE_PURE;CONTINUOUS_MINUTE_STREAM;VERIFIED_MODEL_GRID,87ce5dc8a97d3dd5f368ef88038885b8128d605d01576b3a2443ac59afa65497,2026-09-27T11:22:00+00:00,2026-09-27 16:22:00,71.4,1003.9,78
30.0,44.1,173.9,2734.2,793.8,123.5,15.4,13.9,3.5,444.0,193.6,4.6,4.2,78.8,29.7,23.93,False,4095,0.0,11.8,371.9,EXT-OPEN-METEO-KHI,KARACHI,OPENSOURCE_API_GRID,684,,,,0.95,True,True,TIER2_OPENSOURCE_PURE;CONTINUOUS_MINUTE_STREAM;VERIFIED_MODEL_GRID,1a85b2723342d2235a444a4aa9b029226547b6523f3d0019322653645668199a,2026-09-27T11:23:00+00:00,2026-09-27 16:23:00,71.2,1003.9,78
29.9,43.9,172.9,2721.8,790.2,122.9,15.4,13.8,3.5,444.0,193.8,4.6,4.2,78.6,29.7,23.9,False,4095,0.0,11.5,366.5,EXT-OPEN-METEO-KHI,KARACHI,OPENSOURCE_API_GRID,685,,,,0.95,True,True,TIER2_OPENSOURCE_PURE;CONTINUOUS_MINUTE_STREAM;VERIFIED_MODEL_GRID,989ce957ae50c856dcf6cd8ee44cb4856ae31c06699c513328c625ef0a661978,2026-09-27T11:24:00+00:00,2026-09-27 16:24:00,71.1,1003.9,78
29.8,43.8,171.8,2715.6,788.4,122.6,15.3,13.7,3.4,444.0,194.0,4.7,4.2,78.4,29.7,23.86,False,4095,0.0,11.2,361.0,EXT-OPEN-METEO-KHI,KARACHI,OPENSOURCE_API_GRID,686,,,,0.95,True,True,TIER2_OPENSOURCE_PURE;CONTINUOUS_MINUTE_STREAM;VERIFIED_MODEL_GRID,0f8c17ade2e91b21409f9f828a980a6936149ab5dc3ebe8bd5076d8e32b9f664,2026-09-27T11:25:00+00:00,2026-09-27 16:25:00,70.9,1004.0,78
29.6,43.6,170.8,2703.2,784.8,122.1,15.3,13.7,3.4,444.0,194.2,4.7,4.2,78.2,29.7,23.81,False,4095,0.0,10.9,355.4,EXT-OPEN-METEO-KHI,KARACHI,OPENSOURCE_API_GRID,687,,,,0.95,True,True,TIER2_OPENSOURCE_PURE;CONTINUOUS_MINUTE_STREAM;VERIFIED_MODEL_GRID,227d93fd1e4d3233506b7a5cb12d895ea87df899915ac3ceb788a6c5eca4ebb6,2026-09-27T11:26:00+00:00,2026-09-27 16:26:00,70.7,1004.0,78
29.5,43.4,169.7,2690.8,781.2,121.5,15.2,13.6,3.4,444.0,194.4,4.7,4.2,78.0,29.7,23.79,False,4095,0.0,10.5,349.8,EXT-OPEN-METEO-KHI,KARACHI,OPENSOURCE_API_GRID,688,,,,0.95,True,True,TIER2_OPENSOURCE_PURE;CONTINUOUS_MINUTE_STREAM;VERIFIED_MODEL_GRID,c4047307155436e563453bfaa28c255e662f961bfcbd6c6bad3051dececbd7cd,2026-09-27T11:27:00+00:00,2026-09-27 16:27:00,70.6,1004.0,78
29.4,43.2,168.6,2678.4,777.6,121.0,15.1,13.5,3.4,444.0,194.6,4.8,4.2,77.9,29.7,23.74,False,4095,0.0,10.2,344.1,EXT-OPEN-METEO-KHI,KARACHI,OPENSOURCE_API_GRID,689,,,,0.95,True,True,TIER2_OPENSOURCE_PURE;CONTINUOUS_MINUTE_STREAM;VERIFIED_MODEL_GRID,956e1803454c18c3a0fc99e1b0bc4b86cde863ae67c5c174919d616821aa4e2d,2026-09-27T11:28:00+00:00,2026-09-27 16:28:00,70.4,1004.0,78
29.2,43.0,167.5,2666.0,774.0,120.4,15.0,13.4,3.4,444.0,194.8,4.8,4.2,77.7,29.7,23.69,False,4095,0.0,9.8,338.3,EXT-OPEN-METEO-KHI,KARACHI,OPENSOURCE_API_GRID,690,,,,0.95,True,True,TIER2_OPENSOURCE_PURE;CONTINUOUS_MINUTE_STREAM;VERIFIED_MODEL_GRID,505b04cbc558dab3b0b9946b85ee092aae06bd4a4724566e94161f5cffa3a433,2026-09-27T11:29:00+00:00,2026-09-27 16:29:00,70.2,1004.0,78
29.0,42.7,166.3,2647.4,768.6,119.6,14.9,13.3,3.3,444.0,195.0,4.8,4.2,77.5,29.6,23.55,False,4095,0.0,9.5,332.6,EXT-OPEN-METEO-KHI,KARACHI,OPENSOURCE_API_GRID,691,,,,0.95,True,True,TIER2_OPENSOURCE_PURE;CONTINUOUS_MINUTE_STREAM;VERIFIED_MODEL_GRID,602662ebdb6cbce5155d9dd822189316bd43b94ef90b6744091d3675f47c1d64,2026-09-27T11:30:00+00:00,2026-09-27 16:30:00,70.0,1004.0,78
28.9,42.5,165.2,2635.0,765.0,119.0,14.9,13.2,3.3,444.0,195.2,4.9,4.2,77.3,29.6,23.52,False,4095,0.0,9.2,326.9,EXT-OPEN-METEO-KHI,KARACHI,OPENSOURCE_API_GRID,692,,,,0.95,True,True,TIER2_OPENSOURCE_PURE;CONTINUOUS_MINUTE_STREAM;VERIFIED_MODEL_GRID,d1aa220577a2e387ea25e4a8e8b02b6eb09562888f9a293fe1ffdd25a464ee1b,2026-09-27T11:31:00+00:00,2026-09-27 16:31:00,69.9,1004.0,78
28.8,42.3,164.0,2622.6,761.4,118.4,14.8,13.1,3.3,444.0,195.4,4.9,4.2,77.1,29.6,23.48,False,4095,0.0,8.8,321.1,EXT-OPEN-METEO-KHI,KARACHI,OPENSOURCE_API_GRID,693,,,,0.95,True,True,TIER2_OPENSOURCE_PURE;CONTINUOUS_MINUTE_STREAM;VERIFIED_MODEL_GRID,7bdf173f7e77b180a8b272efe5eae9f914c943ca88cd6bc175832c3dbd4ad5a7,2026-09-27T11:32:00+00:00,2026-09-27 16:32:00,69.7,1004.0,78
28.6,42.0,162.9,2604.0,756.0,117.6,14.7,13.0,3.3,444.0,195.6,5.0,4.2,77.0,29.6,23.43,False,4095,0.0,8.5,315.4,EXT-OPEN-METEO-KHI,KARACHI,OPENSOURCE_API_GRID,694,,,,0.95,True,True,TIER2_OPENSOURCE_PURE;CONTINUOUS_MINUTE_STREAM;VERIFIED_MODEL_GRID,0dbf1430f1b444dae50aa43bf9f3268c87a77c4a456858382ffd21ff268758a8,2026-09-27T11:33:00+00:00,2026-09-27 16:33:00,69.5,1004.1,78
28.4,41.8,161.7,2591.6,752.4,117.0,14.6,12.9,3.2,444.0,195.8,5.0,4.2,76.8,29.6,23.38,False,4095,0.0,8.1,309.8,EXT-OPEN-METEO-KHI,KARACHI,OPENSOURCE_API_GRID,695,,,,0.95,True,True,TIER2_OPENSOURCE_PURE;CONTINUOUS_MINUTE_STREAM;VERIFIED_MODEL_GRID,51f3fdc9a42d3e762365f571ad7eb5ae4329c76b56b8016e8425cb3c54a11168,2026-09-27T11:34:00+00:00,2026-09-27 16:34:00,69.3,1004.1,78
28.2,41.5,160.5,2573.0,747.0,116.2,14.5,12.8,3.2,444.0,196.0,5.0,4.2,76.6,29.6,23.33,False,4095,0.0,7.8,304.2,EXT-OPEN-METEO-KHI,KARACHI,OPENSOURCE_API_GRID,696,,,,0.95,True,True,TIER2_OPENSOURCE_PURE;CONTINUOUS_MINUTE_STREAM;VERIFIED_MODEL_GRID,a8abca3e97cc95f860bb5df420bce3e5381d5e45fa670d12ba14da1a095a5dbb,2026-09-27T11:35:00+00:00,2026-09-27 16:35:00,69.1,1004.1,78
28.0,41.2,159.4,2554.4,741.6,115.4,14.4,12.8,3.2,444.0,196.2,5.1,4.2,76.4,29.6,23.31,False,4095,0.0,7.5,298.7,EXT-OPEN-METEO-KHI,KARACHI,OPENSOURCE_API_GRID,697,,,,0.95,True,True,TIER2_OPENSOURCE_PURE;CONTINUOUS_MINUTE_STREAM;VERIFIED_MODEL_GRID,484007fe79af38222cab20b88ad1c80a3af5341ac8e362d33feb993df936845e,2026-09-27T11:36:00+00:00,2026-09-27 16:36:00,69.0,1004.1,78
27.9,41.0,158.2,2542.0,738.0,114.8,14.3,12.7,3.2,444.0,196.4,5.1,4.2,76.2,29.5,23.17,False,4095,0.0,7.2,293.3,EXT-OPEN-METEO-KHI,KARACHI,OPENSOURCE_API_GRID,698,,,,0.95,True,True,TIER2_OPENSOURCE_PURE;CONTINUOUS_MINUTE_STREAM;VERIFIED_MODEL_GRID,ed60779b0ae57770a635d6d349cadc96f3a043502fbdfc58227feaa3fd8565af,2026-09-27T11:37:00+00:00,2026-09-27 16:37:00,68.8,1004.1,78
27.7,40.7,157.1,2523.4,732.6,114.0,14.2,12.6,3.1,444.0,196.6,5.1,4.2,76.1,29.5,23.12,False,4095,0.0,6.9,288.0,EXT-OPEN-METEO-KHI,KARACHI,OPENSOURCE_API_GRID,699,,,,0.95,True,True,TIER2_OPENSOURCE_PURE;CONTINUOUS_MINUTE_STREAM;VERIFIED_MODEL_GRID,c1915718be43349efcbbc67ba11c305cfba6f359f0fdbe536abfa41e7c8c812e,2026-09-27T11:38:00+00:00,2026-09-27 16:38:00,68.6,1004.1,78
27.5,40.5,156.0,2511.0,729.0,113.4,14.2,12.5,3.1,444.0,196.8,5.1,4.2,75.9,29.5,23.09,False,4095,0.0,6.5,282.8,EXT-OPEN-METEO-KHI,KARACHI,OPENSOURCE_API_GRID,700,,,,0.95,True,True,TIER2_OPENSOURCE_PURE;CONTINUOUS_MINUTE_STREAM;VERIFIED_MODEL_GRID,6d27cb62fd9749dae52ee97ddf47289d935f81a12614ef40d3e488fd952f685d,2026-09-27T11:39:00+00:00,2026-09-27 16:39:00,68.5,1004.1,78
27.4,40.3,155.0,2498.6,725.4,112.8,14.1,12.4,3.1,444.0,197.0,5.2,4.2,75.8,29.5,23.07,False,4095,0.0,6.3,277.8,EXT-OPEN-METEO-KHI,KARACHI,OPENSOURCE_API_GRID,701,,,,0.95,True,True,TIER2_OPENSOURCE_PURE;CONTINUOUS_MINUTE_STREAM;VERIFIED_MODEL_GRID,012e0b4f0035c380ab02dc99678f9898613d4d46b8fe57bbbff258e085eeedf9,2026-09-27T11:40:00+00:00,2026-09-27 16:40:00,68.4,1004.1,78
27.3,40.1,154.0,2486.2,721.8,112.3,14.0,12.3,3.1,444.0,197.2,5.2,4.3,75.6,29.5,23.02,False,4095,0.0,6.0,272.9,EXT-OPEN-METEO-KHI,KARACHI,OPENSOURCE_API_GRID,702,,,,0.95,True,True,TIER2_OPENSOURCE_PURE;CONTINUOUS_MINUTE_STREAM;VERIFIED_MODEL_GRID,a91d0994e5c31f7428f09424928891bd885c96dc0d972f4e33ee878fa27df4e5,2026-09-27T11:41:00+00:00,2026-09-27 16:41:00,68.2,1004.1,78
27.1,39.9,153.0,2473.8,718.2,111.7,14.0,12.2,3.1,444.0,197.4,5.2,4.3,75.4,29.4,22.9,False,4095,0.0,5.7,268.1,EXT-OPEN-METEO-KHI,KARACHI,OPENSOURCE_API_GRID,703,,,,0.95,True,True,TIER2_OPENSOURCE_PURE;CONTINUOUS_MINUTE_STREAM;VERIFIED_MODEL_GRID,775b5fbc9b79fce0687113c50bb63c8ed26db51a869a29bb9e1e1112d01081d2,2026-09-27T11:42:00+00:00,2026-09-27 16:42:00,68.1,1004.1,78
27.0,39.7,152.1,2461.4,714.6,111.2,13.9,12.2,3.0,444.0,197.5,5.3,4.3,75.3,29.4,22.88,False,4095,0.0,5.4,263.6,EXT-OPEN-METEO-KHI,KARACHI,OPENSOURCE_API_GRID,704,,,,0.95,True,True,TIER2_OPENSOURCE_PURE;CONTINUOUS_MINUTE_STREAM;VERIFIED_MODEL_GRID,02b28af654252b2e19dd864c3bd0de0f242d83b47c0d4b0e1f22f7e2d039ba81,2026-09-27T11:43:00+00:00,2026-09-27 16:43:00,68.0,1004.1,78
26.9,39.5,151.3,2449.0,711.0,110.6,13.8,12.1,3.0,444.0,197.7,5.3,4.3,75.2,29.4,22.85,False,4095,0.0,5.2,259.2,EXT-OPEN-METEO-KHI,KARACHI,OPENSOURCE_API_GRID,705,,,,0.95,True,True,TIER2_OPENSOURCE_PURE;CONTINUOUS_MINUTE_STREAM;VERIFIED_MODEL_GRID,4d84b2c01e6df35a959eca7af7a95d3412f53024ba579aee59d0998e526df812,2026-09-27T11:44:00+00:00,2026-09-27 16:44:00,67.9,1004.1,78
26.8,39.4,150.5,2442.8,709.2,110.3,13.8,12.0,3.0,444.0,197.8,5.3,4.3,75.0,29.4,22.83,False,4095,0.0,4.9,255.0,EXT-OPEN-METEO-KHI,KARACHI,OPENSOURCE_API_GRID,706,,,,0.95,True,True,TIER2_OPENSOURCE_PURE;CONTINUOUS_MINUTE_STREAM;VERIFIED_MODEL_GRID,0d1095bb2f7e38087f0c9d213a92673b42a184e8ec0be5fd222edf93085f3f3c,2026-09-27T11:45:00+00:00,2026-09-27 16:45:00,67.8,1004.1,78
26.7,39.2,149.7,2430.4,705.6,109.8,13.7,12.0,3.0,444.0,198.0,5.3,4.3,74.9,29.4,22.8,False,4095,0.0,4.7,251.1,EXT-OPEN-METEO-KHI,KARACHI,OPENSOURCE_API_GRID,707,,,,0.95,True,True,TIER2_OPENSOURCE_PURE;CONTINUOUS_MINUTE_STREAM;VERIFIED_MODEL_GRID,7fcc506ca3c98c63108c48c5f255c2048f51b62e7b7d3b2b9db15adc106373a1,2026-09-27T11:46:00+00:00,2026-09-27 16:46:00,67.7,1004.2,78
26.6,39.1,149.0,2424.2,703.8,109.5,13.7,11.9,3.0,444.0,198.1,5.4,4.3,74.8,29.4,22.78,False,4095,0.0,4.4,247.3,EXT-OPEN-METEO-KHI,KARACHI,OPENSOURCE_API_GRID,708,,,,0.95,True,True,TIER2_OPENSOURCE_PURE;CONTINUOUS_MINUTE_STREAM;VERIFIED_MODEL_GRID,0641eb951d774cf183adf2757baa2dd7bba296b5b72342e73f2562d3eb9279d5,2026-09-27T11:47:00+00:00,2026-09-27 16:47:00,67.6,1004.2,78
26.5,39.0,148.4,2418.0,702.0,109.2,13.6,11.9,3.0,444.0,198.2,5.4,4.3,74.7,29.4,22.76,False,4095,0.0,4.2,243.9,EXT-OPEN-METEO-KHI,KARACHI,OPENSOURCE_API_GRID,709,,,,0.95,True,True,TIER2_OPENSOURCE_PURE;CONTINUOUS_MINUTE_STREAM;VERIFIED_MODEL_GRID,16dfa5c2bf981096242713f437a7df06c3059c603707a59b2c6773a47033c40e,2026-09-27T11:48:00+00:00,2026-09-27 16:48:00,67.5,1004.2,78
26.5,38.9,147.8,2411.8,700.2,108.9,13.6,11.8,3.0,444.0,198.4,5.4,4.3,74.6,29.4,22.76,False,4095,0.0,4.0,240.6,EXT-OPEN-METEO-KHI,KARACHI,OPENSOURCE_API_GRID,710,,,,0.95,True,True,TIER2_OPENSOURCE_PURE;CONTINUOUS_MINUTE_STREAM;VERIFIED_MODEL_GRID,1457b2c8caa516d81b5f9734b49ba1c8b3ce5ce281753381009fa77ba1aa415a,2026-09-27T11:49:00+00:00,2026-09-27 16:49:00,67.5,1004.2,78
26.5,38.9,147.3,2411.8,700.2,108.9,13.6,11.8,2.9,444.0,198.5,5.4,4.3,74.5,29.4,22.73,False,4095,0.0,3.9,237.6,EXT-OPEN-METEO-KHI,KARACHI,OPENSOURCE_API_GRID,711,,,,0.95,True,True,TIER2_OPENSOURCE_PURE;CONTINUOUS_MINUTE_STREAM;VERIFIED_MODEL_GRID,8fa67eaca60048dc3e3cecf971666ef0f76fd30cdd42621e8260d6004320c1d3,2026-09-27T11:50:00+00:00,2026-09-27 16:50:00,67.4,1004.2,78
26.4,38.8,146.8,2405.6,698.4,108.6,13.6,11.7,2.9,444.0,198.6,5.4,4.3,74.4,29.4,22.71,False,4095,0.0,3.7,234.9,EXT-OPEN-METEO-KHI,KARACHI,OPENSOURCE_API_GRID,712,,,,0.95,True,True,TIER2_OPENSOURCE_PURE;CONTINUOUS_MINUTE_STREAM;VERIFIED_MODEL_GRID,b12b6b837e29b504eb363b331ecbb7db72667664968f9242057e43a8fbaf6a0b,2026-09-27T11:51:00+00:00,2026-09-27 16:51:00,67.3,1004.2,78
26.3,38.7,146.4,2399.4,696.6,108.4,13.5,11.7,2.9,444.0,198.7,5.4,4.3,74.3,29.4,22.71,False,4095,0.0,3.6,232.4,EXT-OPEN-METEO-KHI,KARACHI,OPENSOURCE_API_GRID,713,,,,0.95,True,True,TIER2_OPENSOURCE_PURE;CONTINUOUS_MINUTE_STREAM;VERIFIED_MODEL_GRID,b9525ebd258636e65cd21c451555329e23dba66290bdf8432184364a9c661a5a,2026-09-27T11:52:00+00:00,2026-09-27 16:52:00,67.3,1004.2,78
26.2,38.6,145.8,2393.2,694.8,108.1,13.5,11.7,2.9,444.0,198.7,5.5,4.3,74.2,29.4,22.71,False,4095,0.0,3.4,230.2,EXT-OPEN-METEO-KHI,KARACHI,OPENSOURCE_API_GRID,714,,,,0.95,True,True,TIER2_OPENSOURCE_PURE;CONTINUOUS_MINUTE_STREAM;VERIFIED_MODEL_GRID,1aa19e460afed6684890dcd93fc09bc9a38cd57d33fdf09f849fa1001128700b,2026-09-27T11:53:00+00:00,2026-09-27 16:53:00,67.3,1004.2,78
26.2,38.6,145.5,2393.2,694.8,108.1,13.5,11.6,2.9,444.0,198.8,5.5,4.3,74.2,29.4,22.71,False,4095,0.0,3.3,228.3,EXT-OPEN-METEO-KHI,KARACHI,OPENSOURCE_API_GRID,715,,,,0.95,True,True,TIER2_OPENSOURCE_PURE;CONTINUOUS_MINUTE_STREAM;VERIFIED_MODEL_GRID,622e0c35221e5d3acf8e21d5ef3815e3f8c318aa8d33a341e8aa44582812297a,2026-09-27T11:54:00+00:00,2026-09-27 16:54:00,67.3,1004.2,78
26.2,38.5,145.3,2387.0,693.0,107.8,13.5,11.6,2.9,444.0,198.9,5.5,4.3,74.1,29.4,22.68,False,4095,0.0,3.2,226.6,EXT-OPEN-METEO-KHI,KARACHI,OPENSOURCE_API_GRID,716,,,,0.95,True,True,TIER2_OPENSOURCE_PURE;CONTINUOUS_MINUTE_STREAM;VERIFIED_MODEL_GRID,c5df62a34d47e9a81e3ea36ee2ebe40b4726881a4bb552c8cd43473cba4dadd2,2026-09-27T11:55:00+00:00,2026-09-27 16:55:00,67.2,1004.2,78
26.2,38.5,145.1,2387.0,693.0,107.8,13.5,11.6,2.9,444.0,198.9,5.5,4.3,74.1,29.4,22.68,False,4095,0.0,3.1,225.3,EXT-OPEN-METEO-KHI,KARACHI,OPENSOURCE_API_GRID,717,,,,0.95,True,True,TIER2_OPENSOURCE_PURE;CONTINUOUS_MINUTE_STREAM;VERIFIED_MODEL_GRID,4d91cc954b2592e67b41abab89241e7daa53c1a2d33f8835fa5adfd837f257d0,2026-09-27T11:56:00+00:00,2026-09-27 16:56:00,67.2,1004.2,78
26.2,38.5,144.9,2387.0,693.0,107.8,13.5,11.6,2.9,444.0,199.0,5.5,4.3,74.0,29.4,22.68,False,4095,0.0,3.1,224.3,EXT-OPEN-METEO-KHI,KARACHI,OPENSOURCE_API_GRID,718,,,,0.95,True,True,TIER2_OPENSOURCE_PURE;CONTINUOUS_MINUTE_STREAM;VERIFIED_MODEL_GRID,d52f0a1e8851602e38c57fd8a4cf7ba8efc92e6c5bcd5c4d760987e01bde2373,2026-09-27T11:57:00+00:00,2026-09-27 16:57:00,67.2,1004.2,78
26.2,38.5,144.8,2387.0,693.0,107.8,13.5,11.6,2.9,444.0,199.0,5.5,4.3,74.0,29.4,22.66,False,4095,0.0,3.0,223.5,EXT-OPEN-METEO-KHI,KARACHI,OPENSOURCE_API_GRID,719,,,,0.95,True,True,TIER2_OPENSOURCE_PURE;CONTINUOUS_MINUTE_STREAM;VERIFIED_MODEL_GRID,96c262dd758e5b446138c3458be40d6d21aee139630b434a8d620d2632aa8383,2026-09-27T11:58:00+00:00,2026-09-27 16:58:00,67.1,1004.2,78
26.2,38.5,144.7,2387.0,693.0,107.8,13.5,11.6,2.9,444.0,199.0,5.5,4.3,74.0,29.4,22.66,False,4095,0.0,3.0,223.1,EXT-OPEN-METEO-KHI,KARACHI,OPENSOURCE_API_GRID,720,,,,0.95,True,True,TIER2_OPENSOURCE_PURE;CONTINUOUS_MINUTE_STREAM;VERIFIED_MODEL_GRID,39fca51095172f8fde00d96e57a681365c75363b839fdf905cc6c169362bf7d9,2026-09-27T11:59:00+00:00,2026-09-27 16:59:00,67.1,1004.2,78
26.2,38.5,144.7,2387.0,693.0,107.8,13.5,11.6,2.9,444.0,199.0,5.5,4.3,74.0,29.4,22.66,False,4095,0.0,3.0,222.9,EXT-OPEN-METEO-KHI,KARACHI,OPENSOURCE_API_GRID,721,,,,0.95,True,False,TIER2_OPENSOURCE_PURE;HOURLY_NODE;VERIFIED_MODEL_GRID,49df5c1571429cbabbc414fa844ca9b304906f9c054a5a292d9062c0eb2c9d8f,2026-09-27T12:00:00+00:00,2026-09-27 17:00:00,67.1,1004.2,79
26.2,38.5,144.7,2387.0,693.0,107.8,13.5,11.6,2.9,444.0,199.0,5.5,4.3,74.0,29.4,22.63,False,4095,0.0,3.0,222.8,EXT-OPEN-METEO-KHI,KARACHI,OPENSOURCE_API_GRID,722,,,,0.95,True,True,TIER2_OPENSOURCE_PURE;CONTINUOUS_MINUTE_STREAM;VERIFIED_MODEL_GRID,1ab04238d85b38987457831691914b6f9d52491a5a77f1969b6dcbdc4e4f437b,2026-09-27T12:01:00+00:00,2026-09-27 17:01:00,67.0,1004.2,79
26.2,38.5,144.5,2387.0,693.0,107.8,13.5,11.6,2.9,444.0,199.0,5.5,4.3,74.0,29.4,22.63,False,4095,0.0,3.0,222.4,EXT-OPEN-METEO-KHI,KARACHI,OPENSOURCE_API_GRID,723,,,,0.95,True,True,TIER2_OPENSOURCE_PURE;CONTINUOUS_MINUTE_STREAM;VERIFIED_MODEL_GRID,aadc8b49d2367108370de16117cd155479ec2fd919be15eca222504fe5ba99ce,2026-09-27T12:02:00+00:00,2026-09-27 17:02:00,67.0,1004.2,79
26.1,38.4,144.3,2380.8,691.2,107.5,13.4,11.5,2.9,444.0,199.0,5.5,4.3,74.0,29.4,22.63,False,4095,0.0,3.0,221.8,EXT-OPEN-METEO-KHI,KARACHI,OPENSOURCE_API_GRID,724,,,,0.95,True,True,TIER2_OPENSOURCE_PURE;CONTINUOUS_MINUTE_STREAM;VERIFIED_MODEL_GRID,6d43ed99b615a2650b5a3256eb0b0ec233d856e9740b2e4b71ba32d34973cbfb,2026-09-27T12:03:00+00:00,2026-09-27 17:03:00,67.0,1004.2,79
26.0,38.3,144.1,2374.6,689.4,107.2,13.4,11.5,2.9,444.0,199.0,5.5,4.3,73.9,29.4,22.63,False,4095,0.0,3.0,221.0,EXT-OPEN-METEO-KHI,KARACHI,OPENSOURCE_API_GRID,725,,,,0.95,True,True,TIER2_OPENSOURCE_PURE;CONTINUOUS_MINUTE_STREAM;VERIFIED_MODEL_GRID,dcf68400f6bfb0e44d40912cc1e44d775559a1142240d81d5117c0d1dc70e6ac,2026-09-27T12:04:00+00:00,2026-09-27 17:04:00,67.0,1004.2,79
26.0,38.2,143.7,2368.4,687.6,107.0,13.4,11.5,2.9,444.0,198.9,5.5,4.3,73.9,29.4,22.63,False,4095,0.0,3.1,219.9,EXT-OPEN-METEO-KHI,KARACHI,OPENSOURCE_API_GRID,726,,,,0.95,True,True,TIER2_OPENSOURCE_PURE;CONTINUOUS_MINUTE_STREAM;VERIFIED_MODEL_GRID,b20646dd424c939d6c3769aa32c92f8cfcc1c78a51fbd0bd7bc0ff99e6c63eed,2026-09-27T12:05:00+00:00,2026-09-27 17:05:00,67.0,1004.2,79
25.9,38.1,143.3,2362.2,685.8,106.7,13.3,11.5,2.9,444.0,198.9,5.6,4.3,73.8,29.4,22.66,False,4095,0.0,3.1,218.6,EXT-OPEN-METEO-KHI,KARACHI,OPENSOURCE_API_GRID,727,,,,0.95,True,True,TIER2_OPENSOURCE_PURE;CONTINUOUS_MINUTE_STREAM;VERIFIED_MODEL_GRID,90208e573e9611c67f57531eb95b732423d74ce0e493c9188b1415c903f97df3,2026-09-27T12:06:00+00:00,2026-09-27 17:06:00,67.1,1004.2,79
25.8,38.0,142.8,2356.0,684.0,106.4,13.3,11.4,2.9,444.0,198.9,5.6,4.3,73.7,29.4,22.66,False,4095,0.0,3.1,217.0,EXT-OPEN-METEO-KHI,KARACHI,OPENSOURCE_API_GRID,728,,,,0.95,True,True,TIER2_OPENSOURCE_PURE;CONTINUOUS_MINUTE_STREAM;VERIFIED_MODEL_GRID,7579546806080c506b07be59ca2670119e55e95681d17dcc5c0037677c94ff9b,2026-09-27T12:07:00+00:00,2026-09-27 17:07:00,67.1,1004.2,79
25.8,37.9,142.3,2349.8,682.2,106.1,13.3,11.4,2.8,444.0,198.9,5.6,4.3,73.7,29.4,22.66,False,4095,0.0,3.1,215.3,EXT-OPEN-METEO-KHI,KARACHI,OPENSOURCE_API_GRID,729,,,,0.95,True,True,TIER2_OPENSOURCE_PURE;CONTINUOUS_MINUTE_STREAM;VERIFIED_MODEL_GRID,862e420624eac7715f927d3bb29c1d5833b635146b89d753e19679a795d804d5,2026-09-27T12:08:00+00:00,2026-09-27 17:08:00,67.1,1004.2,79
25.6,37.7,141.7,2337.4,678.6,105.6,13.2,11.3,2.8,444.0,198.8,5.6,4.3,73.6,29.3,22.59,False,4095,0.0,3.2,213.3,EXT-OPEN-METEO-KHI,KARACHI,OPENSOURCE_API_GRID,730,,,,0.95,True,True,TIER2_OPENSOURCE_PURE;CONTINUOUS_MINUTE_STREAM;VERIFIED_MODEL_GRID,f4da8c13d71ea280e4c480e5f07b3363dbe392350c0e1a34821f5b8f2d09752f,2026-09-27T12:09:00+00:00,2026-09-27 17:09:00,67.2,1004.2,79
25.6,37.6,141.0,2331.2,676.8,105.3,13.2,11.3,2.8,444.0,198.8,5.6,4.3,73.5,29.3,22.61,False,4095,0.0,3.2,211.1,EXT-OPEN-METEO-KHI,KARACHI,OPENSOURCE_API_GRID,731,,,,0.95,True,True,TIER2_OPENSOURCE_PURE;CONTINUOUS_MINUTE_STREAM;VERIFIED_MODEL_GRID,d0d67cbff756a8179c0d3ebb3fe099246d9089d92621a2764a3a36913a8501aa,2026-09-27T12:10:00+00:00,2026-09-27 17:10:00,67.3,1004.2,79
25.4,37.4,140.3,2318.8,673.2,104.7,13.1,11.2,2.8,444.0,198.8,5.7,4.3,73.4,29.3,22.61,False,4095,0.0,3.2,208.7,EXT-OPEN-METEO-KHI,KARACHI,OPENSOURCE_API_GRID,732,,,,0.95,True,True,TIER2_OPENSOURCE_PURE;CONTINUOUS_MINUTE_STREAM;VERIFIED_MODEL_GRID,19e9f2b7116f34af034874fc778668380f49e01f6abbcb0047e7c4768aecd501,2026-09-27T12:11:00+00:00,2026-09-27 17:11:00,67.3,1004.2,79
25.4,37.3,139.6,2312.6,671.4,104.4,13.1,11.2,2.8,444.0,198.7,5.7,4.3,73.2,29.3,22.64,False,4095,0.0,3.3,206.1,EXT-OPEN-METEO-KHI,KARACHI,OPENSOURCE_API_GRID,733,,,,0.95,True,True,TIER2_OPENSOURCE_PURE;CONTINUOUS_MINUTE_STREAM;VERIFIED_MODEL_GRID,235dbf11057bc05f7b13fc4341a2b0ad7924920ca31b4d5d04d3659eddd72d5e,2026-09-27T12:12:00+00:00,2026-09-27 17:12:00,67.4,1004.2,79
25.2,37.1,138.8,2300.2,667.8,103.9,13.0,11.1,2.8,444.0,198.7,5.7,4.3,73.1,29.3,22.66,False,4095,0.0,3.3,203.2,EXT-OPEN-METEO-KHI,KARACHI,OPENSOURCE_API_GRID,734,,,,0.95,True,True,TIER2_OPENSOURCE_PURE;CONTINUOUS_MINUTE_STREAM;VERIFIED_MODEL_GRID,461b8ca3ee095b0b955df58841001de7d0959c918d24174003262079a7adf481,2026-09-27T12:13:00+00:00,2026-09-27 17:13:00,67.5,1004.2,79
25.2,37.0,138.0,2294.0,666.0,103.6,12.9,11.0,2.8,444.0,198.6,5.8,4.3,73.0,29.2,22.59,False,4095,0.0,3.4,200.2,EXT-OPEN-METEO-KHI,KARACHI,OPENSOURCE_API_GRID,735,,,,0.95,True,True,TIER2_OPENSOURCE_PURE;CONTINUOUS_MINUTE_STREAM;VERIFIED_MODEL_GRID,e679c385a9c2f298889d4b8bc18a48d6137b6179e9c9dea2a27875af2201292d,2026-09-27T12:14:00+00:00,2026-09-27 17:14:00,67.6,1004.2,79
25.0,36.8,137.1,2281.6,662.4,103.0,12.9,11.0,2.7,444.0,198.6,5.8,4.3,72.8,29.2,22.61,False,4095,0.0,3.4,197.1,EXT-OPEN-METEO-KHI,KARACHI,OPENSOURCE_API_GRID,736,,,,0.95,True,True,TIER2_OPENSOURCE_PURE;CONTINUOUS_MINUTE_STREAM;VERIFIED_MODEL_GRID,36f107f8dfc84e65c1772b052a248938cd18b9ab973fbb158874893bd76f139c,2026-09-27T12:15:00+00:00,2026-09-27 17:15:00,67.7,1004.2,79
25.0,36.7,136.3,2275.4,660.6,102.8,12.8,10.9,2.7,444.0,198.5,5.9,4.3,72.7,29.2,22.66,False,4095,0.0,3.5,193.7,EXT-OPEN-METEO-KHI,KARACHI,OPENSOURCE_API_GRID,737,,,,0.95,True,True,TIER2_OPENSOURCE_PURE;CONTINUOUS_MINUTE_STREAM;VERIFIED_MODEL_GRID,cd0069dbbad45fcab34f23acac711e4c84c478addde774fcff2b03c9949cb402,2026-09-27T12:16:00+00:00,2026-09-27 17:16:00,67.9,1004.2,79
24.8,36.5,135.4,2263.0,657.0,102.2,12.8,10.8,2.7,444.0,198.4,5.9,4.3,72.5,29.2,22.69,False,4095,0.0,3.6,190.2,EXT-OPEN-METEO-KHI,KARACHI,OPENSOURCE_API_GRID,738,,,,0.95,True,True,TIER2_OPENSOURCE_PURE;CONTINUOUS_MINUTE_STREAM;VERIFIED_MODEL_GRID,247750977066e089422c9a1ea8e4636744a71cc3a5a79c05cd8c410164206a63,2026-09-27T12:17:00+00:00,2026-09-27 17:17:00,68.0,1004.2,79
24.8,36.4,134.4,2256.8,655.2,101.9,12.7,10.8,2.7,444.0,198.4,6.0,4.3,72.4,29.1,22.64,False,4095,0.0,3.6,186.5,EXT-OPEN-METEO-KHI,KARACHI,OPENSOURCE_API_GRID,739,,,,0.95,True,True,TIER2_OPENSOURCE_PURE;CONTINUOUS_MINUTE_STREAM;VERIFIED_MODEL_GRID,11a1005ff16e499379c908cde102a66cfb49db611d86e1199b47c5d705238886,2026-09-27T12:18:00+00:00,2026-09-27 17:18:00,68.2,1004.2,79
24.6,36.2,133.4,2244.4,651.6,101.4,12.7,10.7,2.7,444.0,198.3,6.0,4.3,72.2,29.1,22.66,False,4095,0.0,3.7,182.7,EXT-OPEN-METEO-KHI,KARACHI,OPENSOURCE_API_GRID,740,,,,0.95,True,True,TIER2_OPENSOURCE_PURE;CONTINUOUS_MINUTE_STREAM;VERIFIED_MODEL_GRID,3e550f7a8e4f430764b7e5ea65287654ff6252b3b2cb22b280cc937ce4d5ac7f,2026-09-27T12:19:00+00:00,2026-09-27 17:19:00,68.3,1004.2,79
24.5,36.0,132.4,2232.0,648.0,100.8,12.6,10.6,2.6,444.0,198.2,6.0,4.3,72.0,29.1,22.71,False,4095,0.0,3.7,178.8,EXT-OPEN-METEO-KHI,KARACHI,OPENSOURCE_API_GRID,741,,,,0.95,True,True,TIER2_OPENSOURCE_PURE;CONTINUOUS_MINUTE_STREAM;VERIFIED_MODEL_GRID,936d4bd1832f65b317ad500612ae12344431d6127c5f4576a5faabd397bb182c,2026-09-27T12:20:00+00:00,2026-09-27 17:20:00,68.5,1004.2,79
24.4,35.9,131.4,2225.8,646.2,100.5,12.6,10.5,2.6,444.0,198.2,6.1,4.4,71.8,29.1,22.74,False,4095,0.0,3.8,174.7,EXT-OPEN-METEO-KHI,KARACHI,OPENSOURCE_API_GRID,742,,,,0.95,True,True,TIER2_OPENSOURCE_PURE;CONTINUOUS_MINUTE_STREAM;VERIFIED_MODEL_GRID,1d359e8c2de609e38374a79524e90599ac593f97247af34d4bbc7ee6ce7fd9de,2026-09-27T12:21:00+00:00,2026-09-27 17:21:00,68.6,1004.2,79
24.3,35.7,130.4,2213.4,642.6,100.0,12.5,10.4,2.6,444.0,198.1,6.2,4.4,71.6,29.1,22.78,False,4095,0.0,3.9,170.6,EXT-OPEN-METEO-KHI,KARACHI,OPENSOURCE_API_GRID,743,,,,0.95,True,True,TIER2_OPENSOURCE_PURE;CONTINUOUS_MINUTE_STREAM;VERIFIED_MODEL_GRID,93929780088f5aec3dae1e8fb99ee6825a458cd5d1a306f4eb9e37683c19c668,2026-09-27T12:22:00+00:00,2026-09-27 17:22:00,68.8,1004.3,79
24.2,35.6,129.3,2207.2,640.8,99.7,12.5,10.3,2.6,444.0,198.0,6.2,4.4,71.4,29.1,22.83,False,4095,0.0,4.0,166.3,EXT-OPEN-METEO-KHI,KARACHI,OPENSOURCE_API_GRID,744,,,,0.95,True,True,TIER2_OPENSOURCE_PURE;CONTINUOUS_MINUTE_STREAM;VERIFIED_MODEL_GRID,ae005309dc3644c7020ca06a0c292f3a3ba544c2d7e36c8cb179fdfd33088859,2026-09-27T12:23:00+00:00,2026-09-27 17:23:00,69.0,1004.3,79
24.0,35.3,128.0,2188.6,635.4,98.8,12.4,10.2,2.6,444.0,198.0,6.3,4.4,71.2,29.1,22.88,False,4095,0.0,4.0,162.0,EXT-OPEN-METEO-KHI,KARACHI,OPENSOURCE_API_GRID,745,,,,0.95,True,True,TIER2_OPENSOURCE_PURE;CONTINUOUS_MINUTE_STREAM;VERIFIED_MODEL_GRID,075d81566028c030ff5cb52962d9be43f07ea390c9a70e70c58e55e1e142f960,2026-09-27T12:24:00+00:00,2026-09-27 17:24:00,69.2,1004.3,79
23.9,35.1,126.9,2176.2,631.8,98.3,12.3,10.2,2.5,444.0,197.9,6.3,4.4,71.0,29.0,22.83,False,4095,0.0,4.1,157.5,EXT-OPEN-METEO-KHI,KARACHI,OPENSOURCE_API_GRID,746,,,,0.95,True,True,TIER2_OPENSOURCE_PURE;CONTINUOUS_MINUTE_STREAM;VERIFIED_MODEL_GRID,e99923d59e45646e8592e10139981e61ea436374b497e8443cf1ea51895056e5,2026-09-27T12:25:00+00:00,2026-09-27 17:25:00,69.4,1004.3,79
23.7,34.9,125.7,2163.8,628.2,97.7,12.2,10.1,2.5,444.0,197.8,6.4,4.4,70.8,29.0,22.86,False,4095,0.0,4.2,153.0,EXT-OPEN-METEO-KHI,KARACHI,OPENSOURCE_API_GRID,747,,,,0.95,True,True,TIER2_OPENSOURCE_PURE;CONTINUOUS_MINUTE_STREAM;VERIFIED_MODEL_GRID,c122b3b48544f63c5167b24bf992189414ebe3f18acd52b3428a5ba2507d65d6,2026-09-27T12:26:00+00:00,2026-09-27 17:26:00,69.5,1004.3,79
23.6,34.7,124.6,2151.4,624.6,97.2,12.1,10.0,2.5,444.0,197.7,6.4,4.4,70.6,29.0,22.9,False,4095,0.0,4.3,148.5,EXT-OPEN-METEO-KHI,KARACHI,OPENSOURCE_API_GRID,748,,,,0.95,True,True,TIER2_OPENSOURCE_PURE;CONTINUOUS_MINUTE_STREAM;VERIFIED_MODEL_GRID,21d2097d4956937538456c628adccd99ab4bb5199ee4d710c8ff5aef7c746330,2026-09-27T12:27:00+00:00,2026-09-27 17:27:00,69.7,1004.3,79
23.5,34.5,123.4,2139.0,621.0,96.6,12.1,9.9,2.5,444.0,197.7,6.5,4.4,70.4,29.0,22.93,False,4095,0.0,4.3,143.9,EXT-OPEN-METEO-KHI,KARACHI,OPENSOURCE_API_GRID,749,,,,0.95,True,True,TIER2_OPENSOURCE_PURE;CONTINUOUS_MINUTE_STREAM;VERIFIED_MODEL_GRID,82264a0312f8ed7b6767ab01171c936f75f6a792ca0f8a359de1c8d6c9cf1bad,2026-09-27T12:28:00+00:00,2026-09-27 17:28:00,69.8,1004.3,79
23.3,34.3,122.2,2126.6,617.4,96.0,12.0,9.8,2.4,444.0,197.6,6.5,4.4,70.2,29.0,22.95,False,4095,0.0,4.4,139.3,EXT-OPEN-METEO-KHI,KARACHI,OPENSOURCE_API_GRID,750,,,,0.95,True,True,TIER2_OPENSOURCE_PURE;CONTINUOUS_MINUTE_STREAM;VERIFIED_MODEL_GRID,e8da4f5fd2f63bbed19f78374725fdbff3e95d7519f579cc7e4ff3846c2ad6a4,2026-09-27T12:29:00+00:00,2026-09-27 17:29:00,69.9,1004.3,79
23.2,34.1,120.9,2114.2,613.8,95.5,11.9,9.7,2.4,444.0,197.5,6.6,4.4,70.0,28.9,22.9,False,4095,0.0,4.5,134.7,EXT-OPEN-METEO-KHI,KARACHI,OPENSOURCE_API_GRID,751,,,,0.95,True,True,TIER2_OPENSOURCE_PURE;CONTINUOUS_MINUTE_STREAM;VERIFIED_MODEL_GRID,99addd87b72e9f9c22f78301c1af6f4ee1ae402917226739ca9be4963d74d312,2026-09-27T12:30:00+00:00,2026-09-27 17:30:00,70.1,1004.3,79
23.1,33.9,119.7,2101.8,610.2,94.9,11.9,9.6,2.4,444.0,197.4,6.7,4.4,69.8,28.9,22.93,False,4095,0.0,4.6,130.1,EXT-OPEN-METEO-KHI,KARACHI,OPENSOURCE_API_GRID,752,,,,0.95,True,True,TIER2_OPENSOURCE_PURE;CONTINUOUS_MINUTE_STREAM;VERIFIED_MODEL_GRID,60ed9d2a8f083a8e629d72c2b172501e688b975b4f67b8e798c82f8cc508e2b1,2026-09-27T12:31:00+00:00,2026-09-27 17:31:00,70.2,1004.3,79
22.8,33.6,118.5,2083.2,604.8,94.1,11.8,9.5,2.4,444.0,197.3,6.7,4.4,69.6,28.9,22.95,False,4095,0.0,4.7,125.5,EXT-OPEN-METEO-KHI,KARACHI,OPENSOURCE_API_GRID,753,,,,0.95,True,True,TIER2_OPENSOURCE_PURE;CONTINUOUS_MINUTE_STREAM;VERIFIED_MODEL_GRID,c195066cf10e780ea3a9fd03ac66c9ee76d832c9525761b1fab67c8e516d2247,2026-09-27T12:32:00+00:00,2026-09-27 17:32:00,70.3,1004.3,79
22.7,33.4,117.2,2070.8,601.2,93.5,11.7,9.4,2.3,444.0,197.3,6.8,4.4,69.4,28.9,23.0,False,4095,0.0,4.7,120.9,EXT-OPEN-METEO-KHI,KARACHI,OPENSOURCE_API_GRID,754,,,,0.95,True,True,TIER2_OPENSOURCE_PURE;CONTINUOUS_MINUTE_STREAM;VERIFIED_MODEL_GRID,541e0295e8ea043b149d5f72e1133d865b6ecfea24cb2f1fa7c389c71cbe6896,2026-09-27T12:33:00+00:00,2026-09-27 17:33:00,70.5,1004.3,79
22.5,33.1,116.0,2052.2,595.8,92.7,11.6,9.3,2.3,444.0,197.2,6.8,4.4,69.2,28.8,22.92,False,4095,0.0,4.8,116.4,EXT-OPEN-METEO-KHI,KARACHI,OPENSOURCE_API_GRID,755,,,,0.95,True,True,TIER2_OPENSOURCE_PURE;CONTINUOUS_MINUTE_STREAM;VERIFIED_MODEL_GRID,431c3c583532e9a58797560dcac77cbd6e8ed4197808b7b82a6288aafebc2c52,2026-09-27T12:34:00+00:00,2026-09-27 17:34:00,70.6,1004.3,79
22.4,32.9,114.7,2039.8,592.2,92.1,11.5,9.2,2.3,444.0,197.1,6.9,4.4,69.0,28.8,22.95,False,4095,0.0,4.9,111.9,EXT-OPEN-METEO-KHI,KARACHI,OPENSOURCE_API_GRID,756,,,,0.95,True,True,TIER2_OPENSOURCE_PURE;CONTINUOUS_MINUTE_STREAM;VERIFIED_MODEL_GRID,4debfb2438e198c82ea181f2d4ffd036bfbbaf0a6f7c85becb0cb8f857c04f0e,2026-09-27T12:35:00+00:00,2026-09-27 17:35:00,70.7,1004.3,79
22.2,32.6,113.4,2021.2,586.8,91.3,11.4,9.1,2.3,444.0,197.0,6.9,4.4,68.8,28.8,22.99,False,4095,0.0,5.0,107.4,EXT-OPEN-METEO-KHI,KARACHI,OPENSOURCE_API_GRID,757,,,,0.95,True,True,TIER2_OPENSOURCE_PURE;CONTINUOUS_MINUTE_STREAM;VERIFIED_MODEL_GRID,3e65da185d9c32670de0096b9707c0c3a2f5a5f4cce105440b99b23731d4dbc0,2026-09-27T12:36:00+00:00,2026-09-27 17:36:00,70.9,1004.4,79
22.0,32.4,112.2,2008.8,583.2,90.7,11.3,9.0,2.2,444.0,197.0,7.0,4.4,68.6,28.7,22.92,False,4095,0.0,5.0,103.1,EXT-OPEN-METEO-KHI,KARACHI,OPENSOURCE_API_GRID,758,,,,0.95,True,True,TIER2_OPENSOURCE_PURE;CONTINUOUS_MINUTE_STREAM;VERIFIED_MODEL_GRID,cebd3ba25ebd6b7bef08ca36ad95b8f4c336115db1eb03d19d593d97afb791fe,2026-09-27T12:37:00+00:00,2026-09-27 17:37:00,71.0,1004.4,79
21.8,32.1,111.0,1990.2,577.8,89.9,11.2,8.9,2.2,444.0,196.9,7.0,4.4,68.4,28.7,22.94,False,4095,0.0,5.1,98.8,EXT-OPEN-METEO-KHI,KARACHI,OPENSOURCE_API_GRID,759,,,,0.95,True,True,TIER2_OPENSOURCE_PURE;CONTINUOUS_MINUTE_STREAM;VERIFIED_MODEL_GRID,494f41644ee6c8d078ed9e7af5a0738e13c84717d713a16f4826f37e4491ba1f,2026-09-27T12:38:00+00:00,2026-09-27 17:38:00,71.1,1004.4,79
21.7,31.9,109.8,1977.8,574.2,89.3,11.2,8.8,2.2,444.0,196.8,7.1,4.4,68.2,28.7,22.97,False,4095,0.0,5.2,94.7,EXT-OPEN-METEO-KHI,KARACHI,OPENSOURCE_API_GRID,760,,,,0.95,True,True,TIER2_OPENSOURCE_PURE;CONTINUOUS_MINUTE_STREAM;VERIFIED_MODEL_GRID,a5076470c8714f3326ce87899753263349382346b5e55afa5048ba062c0dcdc4,2026-09-27T12:39:00+00:00,2026-09-27 17:39:00,71.2,1004.4,79
21.5,31.6,108.7,1959.2,568.8,88.5,11.1,8.7,2.2,444.0,196.8,7.2,4.5,68.0,28.6,22.92,False,4095,0.0,5.2,90.6,EXT-OPEN-METEO-KHI,KARACHI,OPENSOURCE_API_GRID,761,,,,0.95,True,True,TIER2_OPENSOURCE_PURE;CONTINUOUS_MINUTE_STREAM;VERIFIED_MODEL_GRID,3e785a674eb48df9c3e0074a546826d6e56d762dc88226fe4fb8a067b1de8635,2026-09-27T12:40:00+00:00,2026-09-27 17:40:00,71.4,1004.4,79
21.4,31.4,107.5,1946.8,565.2,87.9,11.0,8.6,2.1,444.0,196.7,7.2,4.5,67.8,28.6,22.94,False,4095,0.0,5.3,86.7,EXT-OPEN-METEO-KHI,KARACHI,OPENSOURCE_API_GRID,762,,,,0.95,True,True,TIER2_OPENSOURCE_PURE;CONTINUOUS_MINUTE_STREAM;VERIFIED_MODEL_GRID,b377d20fc093f960562416b8880a469a5c2a4e78c8bf0abf1558d214477e5cc8,2026-09-27T12:41:00+00:00,2026-09-27 17:41:00,71.5,1004.4,79
21.2,31.2,106.5,1934.4,561.6,87.4,10.9,8.5,2.1,444.0,196.6,7.2,4.5,67.6,28.6,22.96,False,4095,0.0,5.4,82.9,EXT-OPEN-METEO-KHI,KARACHI,OPENSOURCE_API_GRID,763,,,,0.95,True,True,TIER2_OPENSOURCE_PURE;CONTINUOUS_MINUTE_STREAM;VERIFIED_MODEL_GRID,0787c913337b49dcde34264d5352eb2ec4040332729f8928b9523d5b10051031,2026-09-27T12:42:00+00:00,2026-09-27 17:42:00,71.6,1004.4,79
21.1,31.0,105.4,1922.0,558.0,86.8,10.8,8.4,2.1,444.0,196.6,7.3,4.5,67.5,28.6,22.99,False,4095,0.0,5.4,79.2,EXT-OPEN-METEO-KHI,KARACHI,OPENSOURCE_API_GRID,764,,,,0.95,True,True,TIER2_OPENSOURCE_PURE;CONTINUOUS_MINUTE_STREAM;VERIFIED_MODEL_GRID,b75b9dfd73cbc4b394088b4b00637c34ab4baf798de0e4d8a66671947372ddfd,2026-09-27T12:43:00+00:00,2026-09-27 17:43:00,71.7,1004.4,79
20.9,30.8,104.5,1909.6,554.4,86.2,10.8,8.4,2.1,444.0,196.5,7.3,4.5,67.3,28.5,22.94,False,4095,0.0,5.5,75.7,EXT-OPEN-METEO-KHI,KARACHI,OPENSOURCE_API_GRID,765,,,,0.95,True,True,TIER2_OPENSOURCE_PURE;CONTINUOUS_MINUTE_STREAM;VERIFIED_MODEL_GRID,ec5d6946f73b6db8f84c81e6de64cbb0e592352a00e0a1acf5080f04b4861320,2026-09-27T12:44:00+00:00,2026-09-27 17:44:00,71.9,1004.4,79
20.8,30.6,103.6,1897.2,550.8,85.7,10.7,8.3,2.1,444.0,196.4,7.4,4.5,67.2,28.5,22.96,False,4095,0.0,5.6,72.3,EXT-OPEN-METEO-KHI,KARACHI,OPENSOURCE_API_GRID,766,,,,0.95,True,True,TIER2_OPENSOURCE_PURE;CONTINUOUS_MINUTE_STREAM;VERIFIED_MODEL_GRID,6905a854e9a05c0ea06facc6fc742de86e8a8c7f3cfd74ea8037780a8003ff7b,2026-09-27T12:45:00+00:00,2026-09-27 17:45:00,72.0,1004.4,79
20.7,30.4,102.7,1884.8,547.2,85.1,10.6,8.2,2.1,444.0,196.4,7.4,4.5,67.0,28.5,22.98,False,4095,0.0,5.6,69.2,EXT-OPEN-METEO-KHI,KARACHI,OPENSOURCE_API_GRID,767,,,,0.95,True,True,TIER2_OPENSOURCE_PURE;CONTINUOUS_MINUTE_STREAM;VERIFIED_MODEL_GRID,6cb94523420818b606d96aca3f5004677cc740c6f3858596081ade5a22b95ae8,2026-09-27T12:46:00+00:00,2026-09-27 17:46:00,72.1,1004.4,79
20.6,30.3,101.9,1878.6,545.4,84.8,10.6,8.2,2.0,444.0,196.3,7.5,4.5,66.9,28.5,23.01,False,4095,0.0,5.7,66.2,EXT-OPEN-METEO-KHI,KARACHI,OPENSOURCE_API_GRID,768,,,,0.95,True,True,TIER2_OPENSOURCE_PURE;CONTINUOUS_MINUTE_STREAM;VERIFIED_MODEL_GRID,bdf7447379fa033fddff47567925beebc3ff3750b51546dcdf7ed050ce407109,2026-09-27T12:47:00+00:00,2026-09-27 17:47:00,72.2,1004.4,79
20.5,30.2,101.2,1872.4,543.6,84.6,10.6,8.1,2.0,444.0,196.3,7.5,4.5,66.8,28.4,22.93,False,4095,0.0,5.7,63.3,EXT-OPEN-METEO-KHI,KARACHI,OPENSOURCE_API_GRID,769,,,,0.95,True,True,TIER2_OPENSOURCE_PURE;CONTINUOUS_MINUTE_STREAM;VERIFIED_MODEL_GRID,10476b91d649a935d9078426058a23f0aa4089321c3064c0e896b1b496696457,2026-09-27T12:48:00+00:00,2026-09-27 17:48:00,72.3,1004.4,79
20.5,30.1,100.5,1866.2,541.8,84.3,10.5,8.0,2.0,444.0,196.2,7.5,4.5,66.6,28.4,22.96,False,4095,0.0,5.8,60.7,EXT-OPEN-METEO-KHI,KARACHI,OPENSOURCE_API_GRID,770,,,,0.95,True,True,TIER2_OPENSOURCE_PURE;CONTINUOUS_MINUTE_STREAM;VERIFIED_MODEL_GRID,694362d67a51f3cfad1684c8333ac3d519bd0eee0ce0b1e79a846fb9a1c06a6e,2026-09-27T12:49:00+00:00,2026-09-27 17:49:00,72.4,1004.4,79
20.4,30.0,99.9,1860.0,540.0,84.0,10.5,8.0,2.0,444.0,196.2,7.6,4.5,66.5,28.4,22.98,False,4095,0.0,5.8,58.3,EXT-OPEN-METEO-KHI,KARACHI,OPENSOURCE_API_GRID,771,,,,0.95,True,True,TIER2_OPENSOURCE_PURE;CONTINUOUS_MINUTE_STREAM;VERIFIED_MODEL_GRID,30fbfcc62d0819e75680b1fb279c6c75ed84e6157f0abd8e59d1ca46e8e7dfa1,2026-09-27T12:50:00+00:00,2026-09-27 17:50:00,72.5,1004.4,79
20.3,29.9,99.4,1853.8,538.2,83.7,10.5,8.0,2.0,444.0,196.2,7.6,4.5,66.4,28.4,23.0,False,4095,0.0,5.8,56.1,EXT-OPEN-METEO-KHI,KARACHI,OPENSOURCE_API_GRID,772,,,,0.95,True,True,TIER2_OPENSOURCE_PURE;CONTINUOUS_MINUTE_STREAM;VERIFIED_MODEL_GRID,67a452cd227b0d1a6ffb1ce809e94c22417bfbe438e65620ba942456cedf6818,2026-09-27T12:51:00+00:00,2026-09-27 17:51:00,72.6,1004.4,79
20.3,29.9,98.9,1853.8,538.2,83.7,10.5,7.9,2.0,444.0,196.1,7.6,4.5,66.3,28.4,23.02,False,4095,0.0,5.9,54.1,EXT-OPEN-METEO-KHI,KARACHI,OPENSOURCE_API_GRID,773,,,,0.95,True,True,TIER2_OPENSOURCE_PURE;CONTINUOUS_MINUTE_STREAM;VERIFIED_MODEL_GRID,adcf45e4e41dace653d568972bfb80ba3e60e60b960cfda13e5283253210a7d4,2026-09-27T12:52:00+00:00,2026-09-27 17:52:00,72.7,1004.4,79
20.3,29.8,98.5,1847.6,536.4,83.4,10.4,7.9,2.0,444.0,196.1,7.6,4.5,66.3,28.4,23.05,False,4095,0.0,5.9,52.4,EXT-OPEN-METEO-KHI,KARACHI,OPENSOURCE_API_GRID,774,,,,0.95,True,True,TIER2_OPENSOURCE_PURE;CONTINUOUS_MINUTE_STREAM;VERIFIED_MODEL_GRID,6e2d4c5f22cb1ae0f39ffe64c7f91c268ca9af2d41c4918db62aa48f38011693,2026-09-27T12:53:00+00:00,2026-09-27 17:53:00,72.8,1004.4,79
20.3,29.8,98.2,1847.6,536.4,83.4,10.4,7.9,2.0,444.0,196.1,7.6,4.5,66.2,28.4,23.07,False,4095,0.0,5.9,50.8,EXT-OPEN-METEO-KHI,KARACHI,OPENSOURCE_API_GRID,775,,,,0.95,True,True,TIER2_OPENSOURCE_PURE;CONTINUOUS_MINUTE_STREAM;VERIFIED_MODEL_GRID,c6384cbdd35f54e57e78e8d01a93893d4a0ab1208178ac6ed9780aa2dc022e5f,2026-09-27T12:54:00+00:00,2026-09-27 17:54:00,72.9,1004.4,79
20.1,29.6,97.7,1835.2,532.8,82.9,10.4,7.8,2.0,444.0,196.1,7.7,4.5,66.1,28.4,23.09,False,4095,0.0,5.9,49.5,EXT-OPEN-METEO-KHI,KARACHI,OPENSOURCE_API_GRID,776,,,,0.95,True,True,TIER2_OPENSOURCE_PURE;CONTINUOUS_MINUTE_STREAM;VERIFIED_MODEL_GRID,fb4e7794d4be2716444b8563bcea503ff2f05d80993faeaec7d497a9e39724d5,2026-09-27T12:55:00+00:00,2026-09-27 17:55:00,73.0,1004.4,79
20.1,29.6,97.5,1835.2,532.8,82.9,10.4,7.8,1.9,444.0,196.0,7.7,4.5,66.1,28.4,23.12,False,4095,0.0,6.0,48.4,EXT-OPEN-METEO-KHI,KARACHI,OPENSOURCE_API_GRID,777,,,,0.95,True,True,TIER2_OPENSOURCE_PURE;CONTINUOUS_MINUTE_STREAM;VERIFIED_MODEL_GRID,a8d9ea3ed9d5e938b28d60eaae36ae4d765ccb7a7f135b562eb12e6381e485be,2026-09-27T12:56:00+00:00,2026-09-27 17:56:00,73.1,1004.4,79
20.1,29.6,97.3,1835.2,532.8,82.9,10.4,7.8,1.9,444.0,196.0,7.7,4.5,66.0,28.4,23.12,False,4095,0.0,6.0,47.6,EXT-OPEN-METEO-KHI,KARACHI,OPENSOURCE_API_GRID,778,,,,0.95,True,True,TIER2_OPENSOURCE_PURE;CONTINUOUS_MINUTE_STREAM;VERIFIED_MODEL_GRID,771cc38fb68026a38fb28384a343780bf72e8a5bcc10f612bec43108945c33c1,2026-09-27T12:57:00+00:00,2026-09-27 17:57:00,73.1,1004.4,79
20.1,29.6,97.2,1835.2,532.8,82.9,10.4,7.8,1.9,444.0,196.0,7.7,4.5,66.0,28.4,23.12,False,4095,0.0,6.0,47.0,EXT-OPEN-METEO-KHI,KARACHI,OPENSOURCE_API_GRID,779,,,,0.95,True,True,TIER2_OPENSOURCE_PURE;CONTINUOUS_MINUTE_STREAM;VERIFIED_MODEL_GRID,a0b56b4ec2c2bf57977aa8f6de70d3efcce21b59fa7266f4a8798c4e1db5ebb1,2026-09-27T12:58:00+00:00,2026-09-27 17:58:00,73.1,1004.4,79
20.2,29.7,97.2,1841.4,534.6,83.2,10.4,7.8,1.9,444.0,196.0,7.7,4.5,66.0,28.4,23.12,False,4095,0.0,6.0,46.6,EXT-OPEN-METEO-KHI,KARACHI,OPENSOURCE_API_GRID,780,,,,0.95,True,True,TIER2_OPENSOURCE_PURE;CONTINUOUS_MINUTE_STREAM;VERIFIED_MODEL_GRID,1b86635a85ece69928449cc0ea4cf16a479a96b06813c748e9aeef84b4653494,2026-09-27T12:59:00+00:00,2026-09-27 17:59:00,73.1,1004.4,79
20.2,29.7,97.2,1841.4,534.6,83.2,10.4,7.8,1.9,444.0,196.0,7.7,4.5,66.0,28.4,23.12,False,4095,0.0,6.0,46.5,EXT-OPEN-METEO-KHI,KARACHI,OPENSOURCE_API_GRID,781,,,,0.95,True,False,TIER2_OPENSOURCE_PURE;HOURLY_NODE;VERIFIED_MODEL_GRID,563d1c28291282adf2a026edd7f2f04943a0c23b25592cc1f5347a72805986a1,2026-09-27T13:00:00+00:00,2026-09-27 18:00:00,73.1,1004.4,80
20.2,29.7,97.2,1841.4,534.6,83.2,10.4,7.8,1.9,444.0,196.0,7.7,4.5,66.0,28.4,23.12,False,4095,0.0,6.0,46.5,EXT-OPEN-METEO-KHI,KARACHI,OPENSOURCE_API_GRID,782,,,,0.95,True,True,TIER2_OPENSOURCE_PURE;CONTINUOUS_MINUTE_STREAM;VERIFIED_MODEL_GRID,6c1424fd89c0ce2f793fc37ccf96fc898e8d6ca9c8b83f49cb0a269fc23e1aee,2026-09-27T13:01:00+00:00,2026-09-27 18:01:00,73.1,1004.4,80
20.2,29.7,97.1,1841.4,534.6,83.2,10.4,7.8,1.9,444.0,196.0,7.7,4.5,66.0,28.4,23.12,False,4095,0.0,6.0,46.4,EXT-OPEN-METEO-KHI,KARACHI,OPENSOURCE_API_GRID,783,,,,0.95,True,True,TIER2_OPENSOURCE_PURE;CONTINUOUS_MINUTE_STREAM;VERIFIED_MODEL_GRID,87d562742165981c744c6fac39b7ba121e85a5048cbdacd01adc735b6e2c7a14,2026-09-27T13:02:00+00:00,2026-09-27 18:02:00,73.1,1004.4,80
20.1,29.6,96.9,1835.2,532.8,82.9,10.4,7.8,1.9,444.0,195.9,7.7,4.5,65.9,28.4,23.09,False,4095,0.0,6.0,46.2,EXT-OPEN-METEO-KHI,KARACHI,OPENSOURCE_API_GRID,784,,,,0.95,True,True,TIER2_OPENSOURCE_PURE;CONTINUOUS_MINUTE_STREAM;VERIFIED_MODEL_GRID,82e51c26aeeccc9273dd0e33cde45dd1a35538e28149ba9c26f416a8c1b6b309,2026-09-27T13:03:00+00:00,2026-09-27 18:03:00,73.0,1004.4,80
20.1,29.6,96.7,1835.2,532.8,82.9,10.4,7.7,1.9,444.0,195.9,7.7,4.5,65.9,28.4,23.09,False,4095,0.0,6.0,46.0,EXT-OPEN-METEO-KHI,KARACHI,OPENSOURCE_API_GRID,785,,,,0.95,True,True,TIER2_OPENSOURCE_PURE;CONTINUOUS_MINUTE_STREAM;VERIFIED_MODEL_GRID,0f511466d14d096b3970875709687e4590e46c66d658bde2d9dcaf3cb06de190,2026-09-27T13:04:00+00:00,2026-09-27 18:04:00,73.0,1004.4,80
20.1,29.5,96.4,1829.0,531.0,82.6,10.3,7.7,1.9,444.0,195.8,7.7,4.5,65.8,28.4,23.09,False,4095,0.0,6.1,45.7,EXT-OPEN-METEO-KHI,KARACHI,OPENSOURCE_API_GRID,786,,,,0.95,True,True,TIER2_OPENSOURCE_PURE;CONTINUOUS_MINUTE_STREAM;VERIFIED_MODEL_GRID,8482d284c362b7d618ca21f02cb7e72657b2b489e67e26bcb90e1aa7b35cb5c4,2026-09-27T13:05:00+00:00,2026-09-27 18:05:00,73.0,1004.4,80
20.0,29.4,96.1,1822.8,529.2,82.3,10.3,7.7,1.9,444.0,195.8,7.8,4.5,65.8,28.4,23.09,False,4095,0.0,6.1,45.4,EXT-OPEN-METEO-KHI,KARACHI,OPENSOURCE_API_GRID,787,,,,0.95,True,True,TIER2_OPENSOURCE_PURE;CONTINUOUS_MINUTE_STREAM;VERIFIED_MODEL_GRID,3e18e047a98ab780a072ed1990c191eaabec0a4cfe2343d1c13a096e0cacc4ea,2026-09-27T13:06:00+00:00,2026-09-27 18:06:00,73.0,1004.4,80
19.9,29.3,95.7,1816.6,527.4,82.0,10.3,7.7,1.9,444.0,195.7,7.8,4.5,65.7,28.4,23.09,False,4095,0.0,6.1,45.0,EXT-OPEN-METEO-KHI,KARACHI,OPENSOURCE_API_GRID,788,,,,0.95,True,True,TIER2_OPENSOURCE_PURE;CONTINUOUS_MINUTE_STREAM;VERIFIED_MODEL_GRID,3d6edd24fe40a06839b0c5e9b1da1046cb000465a6a96a2305c724675af9930a,2026-09-27T13:07:00+00:00,2026-09-27 18:07:00,73.0,1004.4,80
19.9,29.2,95.2,1810.4,525.6,81.8,10.2,7.6,1.9,444.0,195.6,7.8,4.5,65.6,28.4,23.09,False,4095,0.0,6.2,44.5,EXT-OPEN-METEO-KHI,KARACHI,OPENSOURCE_API_GRID,789,,,,0.95,True,True,TIER2_OPENSOURCE_PURE;CONTINUOUS_MINUTE_STREAM;VERIFIED_MODEL_GRID,f32934c56f8d671b345b0ad88c35a514e86ecb171342ba8e86c8b4b942c863ba,2026-09-27T13:08:00+00:00,2026-09-27 18:08:00,73.0,1004.4,80
19.8,29.1,94.7,1804.2,523.8,81.5,10.2,7.6,1.9,444.0,195.5,7.8,4.5,65.5,28.4,23.09,False,4095,0.0,6.2,44.0,EXT-OPEN-METEO-KHI,KARACHI,OPENSOURCE_API_GRID,790,,,,0.95,True,True,TIER2_OPENSOURCE_PURE;CONTINUOUS_MINUTE_STREAM;VERIFIED_MODEL_GRID,967d047efaf3d14fa82f8ab691f7101f74d65b2cd58517b0b586fb437b4862a5,2026-09-27T13:09:00+00:00,2026-09-27 18:09:00,73.0,1004.4,80
19.7,28.9,94.1,1791.8,520.2,80.9,10.1,7.5,1.9,444.0,195.3,7.9,4.5,65.4,28.4,23.07,False,4095,0.0,6.3,43.4,EXT-OPEN-METEO-KHI,KARACHI,OPENSOURCE_API_GRID,791,,,,0.95,True,True,TIER2_OPENSOURCE_PURE;CONTINUOUS_MINUTE_STREAM;VERIFIED_MODEL_GRID,1017386313fd59988ddaa58b908cd3b53b3296a9182e0f8ca1808c7205aa73fc,2026-09-27T13:10:00+00:00,2026-09-27 18:10:00,72.9,1004.4,80
19.6,28.8,93.5,1785.6,518.4,80.6,10.1,7.5,1.9,444.0,195.2,7.9,4.5,65.3,28.4,23.07,False,4095,0.0,6.3,42.7,EXT-OPEN-METEO-KHI,KARACHI,OPENSOURCE_API_GRID,792,,,,0.95,True,True,TIER2_OPENSOURCE_PURE;CONTINUOUS_MINUTE_STREAM;VERIFIED_MODEL_GRID,d313b7d4bf25eaaf82dd7a509d2df0cb1b75b399455c8e54b592f5a1c7bb0c85,2026-09-27T13:11:00+00:00,2026-09-27 18:11:00,72.9,1004.4,80
19.4,28.6,92.8,1773.2,514.8,80.1,10.0,7.4,1.9,444.0,195.0,7.9,4.5,65.1,28.3,23.0,False,4095,0.0,6.4,42.1,EXT-OPEN-METEO-KHI,KARACHI,OPENSOURCE_API_GRID,793,,,,0.95,True,True,TIER2_OPENSOURCE_PURE;CONTINUOUS_MINUTE_STREAM;VERIFIED_MODEL_GRID,ccc40aaac0646ebf71bec42b902a23262ec5ced1c41a0e3221371ffe8bbedf54,2026-09-27T13:12:00+00:00,2026-09-27 18:12:00,73.0,1004.4,80
19.3,28.4,92.1,1760.8,511.2,79.5,9.9,7.4,1.8,444.0,194.9,8.0,4.5,65.0,28.3,23.0,False,4095,0.0,6.4,41.3,EXT-OPEN-METEO-KHI,KARACHI,OPENSOURCE_API_GRID,794,,,,0.95,True,True,TIER2_OPENSOURCE_PURE;CONTINUOUS_MINUTE_STREAM;VERIFIED_MODEL_GRID,7ccf2ff6ab80ee6d9fe4d83e2c39b4a9d940e8ec294381793acf03c55e85f5e4,2026-09-27T13:13:00+00:00,2026-09-27 18:13:00,73.0,1004.4,80
19.2,28.3,91.4,1754.6,509.4,79.2,9.9,7.3,1.8,444.0,194.7,8.0,4.5,64.8,28.3,23.0,False,4095,0.0,6.5,40.5,EXT-OPEN-METEO-KHI,KARACHI,OPENSOURCE_API_GRID,795,,,,0.95,True,True,TIER2_OPENSOURCE_PURE;CONTINUOUS_MINUTE_STREAM;VERIFIED_MODEL_GRID,b0eb64467f07503fb4b805b345043762c1e82bf8a63d928ea9526610638a4af8,2026-09-27T13:14:00+00:00,2026-09-27 18:14:00,73.0,1004.5,80
19.1,28.1,90.7,1742.2,505.8,78.7,9.8,7.3,1.8,444.0,194.5,8.1,4.5,64.7,28.3,23.0,False,4095,0.0,6.6,39.7,EXT-OPEN-METEO-KHI,KARACHI,OPENSOURCE_API_GRID,796,,,,0.95,True,True,TIER2_OPENSOURCE_PURE;CONTINUOUS_MINUTE_STREAM;VERIFIED_MODEL_GRID,729ff4978f62c351827dc15f3a8ce60297d5b8f001a52d949cf656d0cd8b84bb,2026-09-27T13:15:00+00:00,2026-09-27 18:15:00,73.0,1004.5,80
19.0,27.9,89.9,1729.8,502.2,78.1,9.8,7.2,1.8,444.0,194.3,8.1,4.5,64.5,28.3,23.0,False,4095,0.0,6.7,38.8,EXT-OPEN-METEO-KHI,KARACHI,OPENSOURCE_API_GRID,797,,,,0.95,True,True,TIER2_OPENSOURCE_PURE;CONTINUOUS_MINUTE_STREAM;VERIFIED_MODEL_GRID,e10470218a7b67188bea2612bcbb09ab3d6ea7ded0b9399dd90e44e140a76307,2026-09-27T13:16:00+00:00,2026-09-27 18:16:00,73.0,1004.5,80
18.9,27.8,89.1,1723.6,500.4,77.8,9.7,7.1,1.8,444.0,194.1,8.2,4.6,64.3,28.3,23.02,False,4095,0.0,6.7,37.9,EXT-OPEN-METEO-KHI,KARACHI,OPENSOURCE_API_GRID,798,,,,0.95,True,True,TIER2_OPENSOURCE_PURE;CONTINUOUS_MINUTE_STREAM;VERIFIED_MODEL_GRID,f3340d1ad370da725e39b852025fa9eef979e81d9cee343c1707a073e581997f,2026-09-27T13:17:00+00:00,2026-09-27 18:17:00,73.1,1004.5,80
18.8,27.6,88.3,1711.2,496.8,77.3,9.7,7.1,1.8,444.0,193.9,8.2,4.6,64.1,28.3,23.02,False,4095,0.0,6.8,36.9,EXT-OPEN-METEO-KHI,KARACHI,OPENSOURCE_API_GRID,799,,,,0.95,True,True,TIER2_OPENSOURCE_PURE;CONTINUOUS_MINUTE_STREAM;VERIFIED_MODEL_GRID,058e6f1ba8f5663ea8403eb10430647524bad075e28432a441dcce68c338ad55,2026-09-27T13:18:00+00:00,2026-09-27 18:18:00,73.1,1004.5,80
18.7,27.5,87.4,1705.0,495.0,77.0,9.6,7.0,1.7,444.0,193.7,8.3,4.6,64.0,28.3,23.02,False,4095,0.0,6.9,35.9,EXT-OPEN-METEO-KHI,KARACHI,OPENSOURCE_API_GRID,800,,,,0.95,True,True,TIER2_OPENSOURCE_PURE;CONTINUOUS_MINUTE_STREAM;VERIFIED_MODEL_GRID,42cdbb3260b6c845d73c67812bb96599e03c41c4a87f07cf733f624e89bb726d,2026-09-27T13:19:00+00:00,2026-09-27 18:19:00,73.1,1004.5,80
18.6,27.3,86.6,1692.6,491.4,76.4,9.6,6.9,1.7,444.0,193.5,8.3,4.6,63.8,28.3,23.04,False,4095,0.0,7.0,34.9,EXT-OPEN-METEO-KHI,KARACHI,OPENSOURCE_API_GRID,801,,,,0.95,True,True,TIER2_OPENSOURCE_PURE;CONTINUOUS_MINUTE_STREAM;VERIFIED_MODEL_GRID,42938cc6d960f7a1925ac921393f538d86c4d6e4106b4a35820f46ad47de867d,2026-09-27T13:20:00+00:00,2026-09-27 18:20:00,73.2,1004.5,80
18.5,27.2,85.7,1686.4,489.6,76.2,9.5,6.9,1.7,444.0,193.3,8.4,4.6,63.5,28.2,22.95,False,4095,0.0,7.1,33.8,EXT-OPEN-METEO-KHI,KARACHI,OPENSOURCE_API_GRID,802,,,,0.95,True,True,TIER2_OPENSOURCE_PURE;CONTINUOUS_MINUTE_STREAM;VERIFIED_MODEL_GRID,6d5d3fefda990defc6a625a900eff2f0732c953fa57b160fc6b61eb82ad8faf8,2026-09-27T13:21:00+00:00,2026-09-27 18:21:00,73.2,1004.5,80
18.4,27.0,84.8,1674.0,486.0,75.6,9.4,6.8,1.7,444.0,193.0,8.5,4.6,63.3,28.2,22.97,False,4095,0.0,7.2,32.7,EXT-OPEN-METEO-KHI,KARACHI,OPENSOURCE_API_GRID,803,,,,0.95,True,True,TIER2_OPENSOURCE_PURE;CONTINUOUS_MINUTE_STREAM;VERIFIED_MODEL_GRID,cf1ad007c00ff8daf57d0befeb5e917d9baf388ce83e1d2356e528243b038090,2026-09-27T13:22:00+00:00,2026-09-27 18:22:00,73.3,1004.5,80
18.3,26.9,83.9,1667.8,484.2,75.3,9.4,6.7,1.7,444.0,192.8,8.5,4.6,63.1,28.2,22.97,False,4095,0.0,7.3,31.6,EXT-OPEN-METEO-KHI,KARACHI,OPENSOURCE_API_GRID,804,,,,0.95,True,True,TIER2_OPENSOURCE_PURE;CONTINUOUS_MINUTE_STREAM;VERIFIED_MODEL_GRID,b51cc866a697afc17b190009ff0e5c59fcb5cfdcc18e4ae679cc6ec9df04e4ef,2026-09-27T13:23:00+00:00,2026-09-27 18:23:00,73.3,1004.5,80
18.2,26.7,82.9,1655.4,480.6,74.8,9.3,6.6,1.7,444.0,192.5,8.6,4.6,62.9,28.2,22.99,False,4095,0.0,7.4,30.4,EXT-OPEN-METEO-KHI,KARACHI,OPENSOURCE_API_GRID,805,,,,0.95,True,True,TIER2_OPENSOURCE_PURE;CONTINUOUS_MINUTE_STREAM;VERIFIED_MODEL_GRID,f38ab52b1d2dd72cc38fa56aef0e03d5f099b127e57dbef84048248e902f0aef,2026-09-27T13:24:00+00:00,2026-09-27 18:24:00,73.4,1004.5,80
18.0,26.5,82.0,1643.0,477.0,74.2,9.3,6.6,1.6,444.0,192.3,8.7,4.6,62.7,28.2,22.99,False,4095,0.0,7.5,29.3,EXT-OPEN-METEO-KHI,KARACHI,OPENSOURCE_API_GRID,806,,,,0.95,True,True,TIER2_OPENSOURCE_PURE;CONTINUOUS_MINUTE_STREAM;VERIFIED_MODEL_GRID,55d2668268a095e961ecb144da764b5a1c1402d00708b8d43d6f304bc8d62f27,2026-09-27T13:25:00+00:00,2026-09-27 18:25:00,73.4,1004.5,80
17.9,26.3,80.8,1630.6,473.4,73.6,9.2,6.5,1.6,444.0,192.0,8.7,4.6,62.4,28.2,23.01,False,4095,0.0,7.6,28.1,EXT-OPEN-METEO-KHI,KARACHI,OPENSOURCE_API_GRID,807,,,,0.95,True,True,TIER2_OPENSOURCE_PURE;CONTINUOUS_MINUTE_STREAM;VERIFIED_MODEL_GRID,8ee898e05e73047bbdc34ffb7f4f7a1f594edf478aa0104261d8c4add247bc84,2026-09-27T13:26:00+00:00,2026-09-27 18:26:00,73.5,1004.5,80
17.7,26.1,79.8,1618.2,469.8,73.1,9.1,6.4,1.6,444.0,191.8,8.8,4.6,62.2,28.2,23.04,False,4095,0.0,7.7,26.9,EXT-OPEN-METEO-KHI,KARACHI,OPENSOURCE_API_GRID,808,,,,0.95,True,True,TIER2_OPENSOURCE_PURE;CONTINUOUS_MINUTE_STREAM;VERIFIED_MODEL_GRID,adf68179823787371999f5ad2500d0fae0147c49f96706837505ab200d751f1d,2026-09-27T13:27:00+00:00,2026-09-27 18:27:00,73.6,1004.5,80
17.6,25.9,78.9,1605.8,466.2,72.5,9.1,6.3,1.6,444.0,191.5,8.9,4.6,62.0,28.2,23.04,False,4095,0.0,7.8,25.7,EXT-OPEN-METEO-KHI,KARACHI,OPENSOURCE_API_GRID,809,,,,0.95,True,True,TIER2_OPENSOURCE_PURE;CONTINUOUS_MINUTE_STREAM;VERIFIED_MODEL_GRID,ba9713864e423bcda0f536a9bfc1ad7f7cf0bfc3ce4362217bea772a4d4a411b,2026-09-27T13:28:00+00:00,2026-09-27 18:28:00,73.6,1004.5,80
17.5,25.7,77.8,1593.4,462.6,72.0,9.0,6.2,1.6,444.0,191.3,8.9,4.6,61.7,28.2,23.04,False,4095,0.0,7.9,24.5,EXT-OPEN-METEO-KHI,KARACHI,OPENSOURCE_API_GRID,810,,,,0.95,True,True,TIER2_OPENSOURCE_PURE;CONTINUOUS_MINUTE_STREAM;VERIFIED_MODEL_GRID,e4922a4afc7982355456196789bdd174f4b0d055f4d5abef8cd2e2cd94bf8d4b,2026-09-27T13:29:00+00:00,2026-09-27 18:29:00,73.6,1004.5,80
17.4,25.6,76.8,1587.2,460.8,71.7,9.0,6.1,1.5,444.0,191.0,9.0,4.6,61.5,28.2,23.04,False,4095,0.0,8.0,23.2,EXT-OPEN-METEO-KHI,KARACHI,OPENSOURCE_API_GRID,811,,,,0.95,True,True,TIER2_OPENSOURCE_PURE;CONTINUOUS_MINUTE_STREAM;VERIFIED_MODEL_GRID,66ba161003eca699d7c9fa100bec1ac95f3bd6f0f7379f44212d411a95d652ca,2026-09-27T13:30:00+00:00,2026-09-27 18:30:00,73.6,1004.6,80
17.3,25.4,75.8,1574.8,457.2,71.1,8.9,6.1,1.5,444.0,190.7,9.1,4.7,61.3,28.2,23.04,False,4095,0.0,8.1,22.0,EXT-OPEN-METEO-KHI,KARACHI,OPENSOURCE_API_GRID,812,,,,0.95,True,True,TIER2_OPENSOURCE_PURE;CONTINUOUS_MINUTE_STREAM;VERIFIED_MODEL_GRID,1fa332a2d837638b259c87652b8b49b2039fafac3f465db7670d4c3a1fbbec7c,2026-09-27T13:31:00+00:00,2026-09-27 18:31:00,73.6,1004.6,80
17.1,25.2,74.8,1562.4,453.6,70.6,8.8,6.0,1.5,444.0,190.5,9.1,4.7,61.0,28.2,23.04,False,4095,0.0,8.2,20.8,EXT-OPEN-METEO-KHI,KARACHI,OPENSOURCE_API_GRID,813,,,,0.95,True,True,TIER2_OPENSOURCE_PURE;CONTINUOUS_MINUTE_STREAM;VERIFIED_MODEL_GRID,7c014442a21d17e3ef949dc5371ff532bf23b53dd45402c354390b0fcec0109d,2026-09-27T13:32:00+00:00,2026-09-27 18:32:00,73.6,1004.6,80
17.0,25.0,73.7,1550.0,450.0,70.0,8.8,5.9,1.5,444.0,190.2,9.2,4.7,60.8,28.2,23.04,False,4095,0.0,8.3,19.6,EXT-OPEN-METEO-KHI,KARACHI,OPENSOURCE_API_GRID,814,,,,0.95,True,True,TIER2_OPENSOURCE_PURE;CONTINUOUS_MINUTE_STREAM;VERIFIED_MODEL_GRID,8d57ad0a72444beaacf6dd87ed07fc0c47898e56831f74c40b811d5ab5562d82,2026-09-27T13:33:00+00:00,2026-09-27 18:33:00,73.6,1004.6,80
16.8,24.7,72.7,1531.4,444.6,69.2,8.6,5.8,1.5,444.0,190.0,9.3,4.7,60.6,28.2,23.04,False,4095,0.0,8.4,18.4,EXT-OPEN-METEO-KHI,KARACHI,OPENSOURCE_API_GRID,815,,,,0.95,True,True,TIER2_OPENSOURCE_PURE;CONTINUOUS_MINUTE_STREAM;VERIFIED_MODEL_GRID,a6e217a5a50b5fdd4ae094e73aa766e268a81b77aa006ee6f6e009f4229cb96f,2026-09-27T13:34:00+00:00,2026-09-27 18:34:00,73.6,1004.6,80
16.7,24.5,71.6,1519.0,441.0,68.6,8.6,5.7,1.4,444.0,189.7,9.3,4.7,60.3,28.2,23.04,False,4095,0.0,8.5,17.2,EXT-OPEN-METEO-KHI,KARACHI,OPENSOURCE_API_GRID,816,,,,0.95,True,True,TIER2_OPENSOURCE_PURE;CONTINUOUS_MINUTE_STREAM;VERIFIED_MODEL_GRID,f95b44e50d74e855ebde20dae3e41567275bbb551bb61c3c3388e478f58951cd,2026-09-27T13:35:00+00:00,2026-09-27 18:35:00,73.6,1004.6,80
16.5,24.3,70.6,1506.6,437.4,68.0,8.5,5.6,1.4,444.0,189.5,9.4,4.7,60.1,28.2,23.04,False,4095,0.0,8.6,16.1,EXT-OPEN-METEO-KHI,KARACHI,OPENSOURCE_API_GRID,817,,,,0.95,True,True,TIER2_OPENSOURCE_PURE;CONTINUOUS_MINUTE_STREAM;VERIFIED_MODEL_GRID,ed531846654bcef742cff9704a71fbee51415007002a40ef93d1265bab254a0c,2026-09-27T13:36:00+00:00,2026-09-27 18:36:00,73.6,1004.6,80
16.4,24.1,69.5,1494.2,433.8,67.5,8.4,5.6,1.4,444.0,189.2,9.5,4.7,59.9,28.2,23.04,False,4095,0.0,8.7,14.9,EXT-OPEN-METEO-KHI,KARACHI,OPENSOURCE_API_GRID,818,,,,0.95,True,True,TIER2_OPENSOURCE_PURE;CONTINUOUS_MINUTE_STREAM;VERIFIED_MODEL_GRID,142b2e5efc3aa436e19df84486cecf5d321cf377eaeda78894b9ae5ce013a154,2026-09-27T13:37:00+00:00,2026-09-27 18:37:00,73.6,1004.6,80
16.2,23.8,68.5,1475.6,428.4,66.6,8.3,5.5,1.4,444.0,189.0,9.5,4.7,59.7,28.2,23.04,False,4095,0.0,8.8,13.8,EXT-OPEN-METEO-KHI,KARACHI,OPENSOURCE_API_GRID,819,,,,0.95,True,True,TIER2_OPENSOURCE_PURE;CONTINUOUS_MINUTE_STREAM;VERIFIED_MODEL_GRID,5e4706e46bf4e8f6de50d23282b6120589cf640e62b4e02adaee59c1a77dab6a,2026-09-27T13:38:00+00:00,2026-09-27 18:38:00,73.6,1004.6,80
16.0,23.6,67.5,1463.2,424.8,66.1,8.3,5.4,1.4,444.0,188.7,9.6,4.7,59.5,28.1,22.94,False,4095,0.0,8.9,12.7,EXT-OPEN-METEO-KHI,KARACHI,OPENSOURCE_API_GRID,820,,,,0.95,True,True,TIER2_OPENSOURCE_PURE;CONTINUOUS_MINUTE_STREAM;VERIFIED_MODEL_GRID,fd8b9dbb45b59deddad97afa648a6ad41c5b1540ba64f29c2c117042a49be283,2026-09-27T13:39:00+00:00,2026-09-27 18:39:00,73.6,1004.6,80
15.9,23.4,66.5,1450.8,421.2,65.5,8.2,5.3,1.3,444.0,188.5,9.7,4.7,59.2,28.1,22.94,False,4095,0.0,9.0,11.6,EXT-OPEN-METEO-KHI,KARACHI,OPENSOURCE_API_GRID,821,,,,0.95,True,True,TIER2_OPENSOURCE_PURE;CONTINUOUS_MINUTE_STREAM;VERIFIED_MODEL_GRID,92e847684d4d7eed70f6c9e654d78404ca3c5828ef699fd1a3682edd316f69e9,2026-09-27T13:40:00+00:00,2026-09-27 18:40:00,73.6,1004.6,80
15.7,23.1,65.5,1432.2,415.8,64.7,8.1,5.2,1.3,444.0,188.3,9.7,4.7,59.0,28.1,22.96,False,4095,0.0,9.1,10.6,EXT-OPEN-METEO-KHI,KARACHI,OPENSOURCE_API_GRID,822,,,,0.95,True,True,TIER2_OPENSOURCE_PURE;CONTINUOUS_MINUTE_STREAM;VERIFIED_MODEL_GRID,5128ba88dbb92ffc4a585f2d01f5f43d308c031903f031451fac8aba2f8a7a8e,2026-09-27T13:41:00+00:00,2026-09-27 18:41:00,73.7,1004.7,80
15.6,22.9,64.5,1419.8,412.2,64.1,8.0,5.2,1.3,444.0,188.1,9.8,4.7,58.9,28.1,22.96,False,4095,0.0,9.2,9.6,EXT-OPEN-METEO-KHI,KARACHI,OPENSOURCE_API_GRID,823,,,,0.95,True,True,TIER2_OPENSOURCE_PURE;CONTINUOUS_MINUTE_STREAM;VERIFIED_MODEL_GRID,e7e25559ad19191e362b33f012b316c6ff78493494d54b430b7062c5e493d814,2026-09-27T13:42:00+00:00,2026-09-27 18:42:00,73.7,1004.7,80
15.4,22.7,63.6,1407.4,408.6,63.6,7.9,5.1,1.3,444.0,187.9,9.8,4.7,58.7,28.1,22.96,False,4095,0.0,9.3,8.6,EXT-OPEN-METEO-KHI,KARACHI,OPENSOURCE_API_GRID,824,,,,0.95,True,True,TIER2_OPENSOURCE_PURE;CONTINUOUS_MINUTE_STREAM;VERIFIED_MODEL_GRID,b7fc64d41d44035592c8da5044e56ee4e41ce3e0815ff95ba89c27eca29fc342,2026-09-27T13:43:00+00:00,2026-09-27 18:43:00,73.7,1004.7,80
15.3,22.5,62.8,1395.0,405.0,63.0,7.9,5.0,1.3,444.0,187.7,9.9,4.8,58.5,28.0,22.87,False,4095,0.0,9.3,7.7,EXT-OPEN-METEO-KHI,KARACHI,OPENSOURCE_API_GRID,825,,,,0.95,True,True,TIER2_OPENSOURCE_PURE;CONTINUOUS_MINUTE_STREAM;VERIFIED_MODEL_GRID,dccfd282793acf7c3be288d4318c58124dbea82973f110bf0994f3b645fa3c39,2026-09-27T13:44:00+00:00,2026-09-27 18:44:00,73.7,1004.7,80
15.2,22.3,62.0,1382.6,401.4,62.4,7.8,5.0,1.2,444.0,187.5,9.9,4.8,58.3,28.0,22.87,False,4095,0.0,9.4,6.8,EXT-OPEN-METEO-KHI,KARACHI,OPENSOURCE_API_GRID,826,,,,0.95,True,True,TIER2_OPENSOURCE_PURE;CONTINUOUS_MINUTE_STREAM;VERIFIED_MODEL_GRID,9833afd839dae4ee93d337d6389f78bf8acec03b8efb17877ce4090fbe432d70,2026-09-27T13:45:00+00:00,2026-09-27 18:45:00,73.7,1004.7,80
15.1,22.2,61.2,1376.4,399.6,62.2,7.8,4.9,1.2,444.0,187.3,10.0,4.8,58.2,28.0,22.87,False,4095,0.0,9.5,6.0,EXT-OPEN-METEO-KHI,KARACHI,OPENSOURCE_API_GRID,827,,,,0.95,True,True,TIER2_OPENSOURCE_PURE;CONTINUOUS_MINUTE_STREAM;VERIFIED_MODEL_GRID,474dd67f912a52c3d79186967be2976c014968c11ead7917451e0cf85548be6f,2026-09-27T13:46:00+00:00,2026-09-27 18:46:00,73.7,1004.7,80
15.0,22.0,60.5,1364.0,396.0,61.6,7.7,4.8,1.2,444.0,187.1,10.0,4.8,58.0,28.0,22.87,False,4095,0.0,9.6,5.2,EXT-OPEN-METEO-KHI,KARACHI,OPENSOURCE_API_GRID,828,,,,0.95,True,True,TIER2_OPENSOURCE_PURE;CONTINUOUS_MINUTE_STREAM;VERIFIED_MODEL_GRID,ded8b2b96e4069af8ecdec0e10901467348882b56c229915dd88e23d63e210f5,2026-09-27T13:47:00+00:00,2026-09-27 18:47:00,73.7,1004.7,80
14.9,21.9,59.9,1357.8,394.2,61.3,7.7,4.8,1.2,444.0,187.0,10.1,4.8,57.9,28.0,22.89,False,4095,0.0,9.6,4.4,EXT-OPEN-METEO-KHI,KARACHI,OPENSOURCE_API_GRID,829,,,,0.95,True,True,TIER2_OPENSOURCE_PURE;CONTINUOUS_MINUTE_STREAM;VERIFIED_MODEL_GRID,aac9155cf8ec36ed879e94b41059f124c0ec10d7347c073cc165f9b18b5756ac,2026-09-27T13:48:00+00:00,2026-09-27 18:48:00,73.8,1004.7,80
14.8,21.8,59.3,1351.6,392.4,61.0,7.6,4.7,1.2,444.0,186.8,10.1,4.8,57.7,28.0,22.89,False,4095,0.0,9.7,3.8,EXT-OPEN-METEO-KHI,KARACHI,OPENSOURCE_API_GRID,830,,,,0.95,True,True,TIER2_OPENSOURCE_PURE;CONTINUOUS_MINUTE_STREAM;VERIFIED_MODEL_GRID,fe8ed32d8789891124e01de04d039ee2d897051f03055bc8ddaf8ba1ce153239,2026-09-27T13:49:00+00:00,2026-09-27 18:49:00,73.8,1004.7,80
14.8,21.7,58.8,1345.4,390.6,60.8,7.6,4.7,1.2,444.0,186.7,10.1,4.8,57.6,28.0,22.89,False,4095,0.0,9.7,3.1,EXT-OPEN-METEO-KHI,KARACHI,OPENSOURCE_API_GRID,831,,,,0.95,True,True,TIER2_OPENSOURCE_PURE;CONTINUOUS_MINUTE_STREAM;VERIFIED_MODEL_GRID,066898e52546aac66d5dc3f6449dd4a06af699f0ae9c73ce90bf3e06ad54e178,2026-09-27T13:50:00+00:00,2026-09-27 18:50:00,73.8,1004.7,80
14.7,21.6,58.3,1339.2,388.8,60.5,7.6,4.7,1.2,444.0,186.5,10.2,4.8,57.5,28.0,22.91,False,4095,0.0,9.8,2.5,EXT-OPEN-METEO-KHI,KARACHI,OPENSOURCE_API_GRID,832,,,,0.95,True,True,TIER2_OPENSOURCE_PURE;CONTINUOUS_MINUTE_STREAM;VERIFIED_MODEL_GRID,0ec4641144e8d93b66832319237a93286d3b96d0897db988d12030a4d8c46d15,2026-09-27T13:51:00+00:00,2026-09-27 18:51:00,73.9,1004.7,80
14.7,21.6,57.9,1339.2,388.8,60.5,7.6,4.6,1.2,444.0,186.4,10.2,4.8,57.4,28.0,22.91,False,4095,0.0,9.8,2.0,EXT-OPEN-METEO-KHI,KARACHI,OPENSOURCE_API_GRID,833,,,,0.95,True,True,TIER2_OPENSOURCE_PURE;CONTINUOUS_MINUTE_STREAM;VERIFIED_MODEL_GRID,7dc03844fccf787970278e37960fd192fcc8790e42cdd852c51e58a058d80e9d,2026-09-27T13:52:00+00:00,2026-09-27 18:52:00,73.9,1004.7,80
14.6,21.5,57.6,1333.0,387.0,60.2,7.5,4.6,1.2,444.0,186.3,10.2,4.8,57.3,28.0,22.91,False,4095,0.0,9.9,1.5,EXT-OPEN-METEO-KHI,KARACHI,OPENSOURCE_API_GRID,834,,,,0.95,True,True,TIER2_OPENSOURCE_PURE;CONTINUOUS_MINUTE_STREAM;VERIFIED_MODEL_GRID,bd093f29ab86efa95b29c1a7b8895055ff1ba0cdf67688906ec82be940459efa,2026-09-27T13:53:00+00:00,2026-09-27 18:53:00,73.9,1004.7,80
14.6,21.5,57.3,1333.0,387.0,60.2,7.5,4.6,1.1,444.0,186.2,10.2,4.8,57.2,28.0,22.93,False,4095,0.0,9.9,1.1,EXT-OPEN-METEO-KHI,KARACHI,OPENSOURCE_API_GRID,835,,,,0.95,True,True,TIER2_OPENSOURCE_PURE;CONTINUOUS_MINUTE_STREAM;VERIFIED_MODEL_GRID,35dd1385bb34eec08bd0a3879e6955acb1c8833da4a768054d167469969caa2b,2026-09-27T13:54:00+00:00,2026-09-27 18:54:00,74.0,1004.7,80
14.6,21.5,57.0,1333.0,387.0,60.2,7.5,4.6,1.1,444.0,186.2,10.3,4.8,57.2,28.0,22.93,False,4095,0.0,9.9,0.8,EXT-OPEN-METEO-KHI,KARACHI,OPENSOURCE_API_GRID,836,,,,0.95,True,True,TIER2_OPENSOURCE_PURE;CONTINUOUS_MINUTE_STREAM;VERIFIED_MODEL_GRID,ca73d951c34a6b6b79ce57f6ab1d03190502912775a971279bb5b6e4e5e47914,2026-09-27T13:55:00+00:00,2026-09-27 18:55:00,74.0,1004.7,80
14.6,21.5,56.9,1333.0,387.0,60.2,7.5,4.6,1.1,444.0,186.1,10.3,4.8,57.1,28.0,22.93,False,4095,0.0,10.0,0.5,EXT-OPEN-METEO-KHI,KARACHI,OPENSOURCE_API_GRID,837,,,,0.95,True,True,TIER2_OPENSOURCE_PURE;CONTINUOUS_MINUTE_STREAM;VERIFIED_MODEL_GRID,1f9779c920f83479213edb15c5633cbcf4c3604934fa5a5970cbcb27c27e8663,2026-09-27T13:56:00+00:00,2026-09-27 18:56:00,74.0,1004.7,80
14.6,21.4,56.5,1326.8,385.2,59.9,7.5,4.5,1.1,444.0,186.1,10.3,4.8,57.1,28.0,22.95,False,4095,0.0,10.0,0.3,EXT-OPEN-METEO-KHI,KARACHI,OPENSOURCE_API_GRID,838,,,,0.95,True,True,TIER2_OPENSOURCE_PURE;CONTINUOUS_MINUTE_STREAM;VERIFIED_MODEL_GRID,2b181b5d4d929e901e3d0cfbe82d4561e0361d72cd5daaa38d1f790befaf7b17,2026-09-27T13:57:00+00:00,2026-09-27 18:57:00,74.1,1004.7,80
14.6,21.4,56.5,1326.8,385.2,59.9,7.5,4.5,1.1,444.0,186.0,10.3,4.8,57.0,28.0,22.95,False,4095,0.0,10.0,0.1,EXT-OPEN-METEO-KHI,KARACHI,OPENSOURCE_API_GRID,839,,,,0.95,True,True,TIER2_OPENSOURCE_PURE;CONTINUOUS_MINUTE_STREAM;VERIFIED_MODEL_GRID,1aa5a6d98efae6d51f8c0c05fb9eeefb9ead4609ce83908881dc67ce90bd0acd,2026-09-27T13:58:00+00:00,2026-09-27 18:58:00,74.1,1004.7,80
14.6,21.4,56.5,1326.8,385.2,59.9,7.5,4.5,1.1,444.0,186.0,10.3,4.8,57.0,28.0,22.95,False,4095,0.0,10.0,0.0,EXT-OPEN-METEO-KHI,KARACHI,OPENSOURCE_API_GRID,840,,,,0.95,True,True,TIER2_OPENSOURCE_PURE;CONTINUOUS_MINUTE_STREAM;VERIFIED_MODEL_GRID,f8c22eaf246a4088ba4258f2f7addce09ec84bb0e91c92041d7776e2d8a3214b,2026-09-27T13:59:00+00:00,2026-09-27 18:59:00,74.1,1004.7,80
14.6,21.4,56.5,1326.8,385.2,59.9,7.5,4.5,1.1,444.0,186.0,10.3,4.8,57.0,28.0,22.95,False,4095,0.0,10.0,0.0,EXT-OPEN-METEO-KHI,KARACHI,OPENSOURCE_API_GRID,841,,,,0.95,True,False,TIER2_OPENSOURCE_PURE;HOURLY_NODE;VERIFIED_MODEL_GRID,bd33624a804eb840887bf3854d57da6b7a2c96f42b3d44408633018a4773535f,2026-09-27T14:00:00+00:00,2026-09-27 19:00:00,74.1,1004.7,80
14.6,21.5,56.5,1333.0,387.0,60.2,7.5,4.5,1.1,444.0,186.0,10.3,4.8,57.0,28.0,22.95,False,4095,0.0,10.0,0.0,EXT-OPEN-METEO-KHI,KARACHI,OPENSOURCE_API_GRID,842,,,,0.95,True,True,TIER2_OPENSOURCE_PURE;CONTINUOUS_MINUTE_STREAM;VERIFIED_MODEL_GRID,27eca63705e4b53ec9f13218c5373627c9c48f76444f55d89b600fed9af55da5,2026-09-27T14:01:00+00:00,2026-09-27 19:01:00,74.1,1004.7,80
14.6,21.5,56.5,1333.0,387.0,60.2,7.5,4.5,1.1,444.0,186.0,10.3,4.8,57.0,28.0,22.95,False,4095,0.0,10.0,0.0,EXT-OPEN-METEO-KHI,KARACHI,OPENSOURCE_API_GRID,843,,,,0.95,True,True,TIER2_OPENSOURCE_PURE;CONTINUOUS_MINUTE_STREAM;VERIFIED_MODEL_GRID,a84cd13c97cfd62dfe352cb336b24c05357098cd3e5c6d75e29b5078c3fc2b71,2026-09-27T14:02:00+00:00,2026-09-27 19:02:00,74.1,1004.7,80
14.6,21.5,56.5,1333.0,387.0,60.2,7.5,4.5,1.1,444.0,186.0,10.3,4.8,57.0,28.0,22.95,False,4095,0.0,10.0,0.0,EXT-OPEN-METEO-KHI,KARACHI,OPENSOURCE_API_GRID,844,,,,0.95,True,True,TIER2_OPENSOURCE_PURE;CONTINUOUS_MINUTE_STREAM;VERIFIED_MODEL_GRID,31e0e6f6c259403b25414dc7d3b4f4f43335627594bb93b4acd7c9d87ad23c02,2026-09-27T14:03:00+00:00,2026-09-27 19:03:00,74.1,1004.7,80
14.6,21.5,56.4,1333.0,387.0,60.2,7.5,4.5,1.1,444.0,185.9,10.3,4.8,56.9,28.0,22.95,False,4095,0.0,10.0,0.0,EXT-OPEN-METEO-KHI,KARACHI,OPENSOURCE_API_GRID,845,,,,0.95,True,True,TIER2_OPENSOURCE_PURE;CONTINUOUS_MINUTE_STREAM;VERIFIED_MODEL_GRID,b86e984ba680bbe7c355ba4eceaaf6d57f0c58e56b492a39d0a33857162b201b,2026-09-27T14:04:00+00:00,2026-09-27 19:04:00,74.1,1004.7,80
14.6,21.4,56.3,1326.8,385.2,59.9,7.5,4.5,1.1,444.0,185.9,10.3,4.8,56.9,28.0,22.95,False,4095,0.0,9.9,0.0,EXT-OPEN-METEO-KHI,KARACHI,OPENSOURCE_API_GRID,846,,,,0.95,True,True,TIER2_OPENSOURCE_PURE;CONTINUOUS_MINUTE_STREAM;VERIFIED_MODEL_GRID,d90c6c755d1547a6a975a9cd47d0df0bb6f20d2c285013884967a091d65fd7ed,2026-09-27T14:05:00+00:00,2026-09-27 19:05:00,74.1,1004.7,80
14.6,21.4,56.2,1326.8,385.2,59.9,7.5,4.5,1.1,444.0,185.8,10.3,4.8,56.9,28.0,22.95,False,4095,0.0,9.9,0.0,EXT-OPEN-METEO-KHI,KARACHI,OPENSOURCE_API_GRID,847,,,,0.95,True,True,TIER2_OPENSOURCE_PURE;CONTINUOUS_MINUTE_STREAM;VERIFIED_MODEL_GRID,c1478679651a0fca88b0fb80cd2f4659b72c1a0f5ce73d17cc8e4baa23d899e4,2026-09-27T14:06:00+00:00,2026-09-27 19:06:00,74.1,1004.7,80
14.5,21.3,56.0,1320.6,383.4,59.6,7.5,4.5,1.1,444.0,185.7,10.4,4.8,56.8,28.0,22.95,False,4095,0.0,9.9,0.0,EXT-OPEN-METEO-KHI,KARACHI,OPENSOURCE_API_GRID,848,,,,0.95,True,True,TIER2_OPENSOURCE_PURE;CONTINUOUS_MINUTE_STREAM;VERIFIED_MODEL_GRID,8b39e5473f7800c047154093915bd750fa55048fa0402baf8e34603c206e458b,2026-09-27T14:07:00+00:00,2026-09-27 19:07:00,74.1,1004.7,80
14.4,21.2,55.8,1314.4,381.6,59.4,7.4,4.5,1.1,444.0,185.7,10.4,4.8,56.7,28.0,22.93,False,4095,0.0,9.8,0.0,EXT-OPEN-METEO-KHI,KARACHI,OPENSOURCE_API_GRID,849,,,,0.95,True,True,TIER2_OPENSOURCE_PURE;CONTINUOUS_MINUTE_STREAM;VERIFIED_MODEL_GRID,e8863db313279459ebd5c4bef4d5e54833a4aee5f178191ea6e792eba7e9d77b,2026-09-27T14:08:00+00:00,2026-09-27 19:08:00,74.0,1004.7,80
14.4,21.2,55.6,1314.4,381.6,59.4,7.4,4.4,1.1,444.0,185.6,10.4,4.8,56.7,28.0,22.93,False,4095,0.0,9.8,0.0,EXT-OPEN-METEO-KHI,KARACHI,OPENSOURCE_API_GRID,850,,,,0.95,True,True,TIER2_OPENSOURCE_PURE;CONTINUOUS_MINUTE_STREAM;VERIFIED_MODEL_GRID,b24670b308f6e3bd8fc82e4a91cd8e2e930f210c3504d9e923b710a97c2dce71,2026-09-27T14:09:00+00:00,2026-09-27 19:09:00,74.0,1004.8,80
14.3,21.1,55.3,1308.2,379.8,59.1,7.4,4.4,1.1,444.0,185.5,10.4,4.8,56.6,28.0,22.93,False,4095,0.0,9.7,0.0,EXT-OPEN-METEO-KHI,KARACHI,OPENSOURCE_API_GRID,851,,,,0.95,True,True,TIER2_OPENSOURCE_PURE;CONTINUOUS_MINUTE_STREAM;VERIFIED_MODEL_GRID,71b6e65a4413811864a65f3b8d3963cc2beadc64ecf21fbb597d3fe3a8f6e68e,2026-09-27T14:10:00+00:00,2026-09-27 19:10:00,74.0,1004.8,80
14.3,21.0,55.0,1302.0,378.0,58.8,7.3,4.4,1.1,444.0,185.4,10.4,4.8,56.5,28.0,22.95,False,4095,0.0,9.7,0.0,EXT-OPEN-METEO-KHI,KARACHI,OPENSOURCE_API_GRID,852,,,,0.95,True,True,TIER2_OPENSOURCE_PURE;CONTINUOUS_MINUTE_STREAM;VERIFIED_MODEL_GRID,faa2e1a6f7a0115fdcd368b747d032af8adee23154ee291f1f010ee2dec4c918,2026-09-27T14:11:00+00:00,2026-09-27 19:11:00,74.1,1004.8,80
14.2,20.9,54.7,1295.8,376.2,58.5,7.3,4.4,1.1,444.0,185.2,10.5,4.8,56.4,28.0,22.95,False,4095,0.0,9.6,0.0,EXT-OPEN-METEO-KHI,KARACHI,OPENSOURCE_API_GRID,853,,,,0.95,True,True,TIER2_OPENSOURCE_PURE;CONTINUOUS_MINUTE_STREAM;VERIFIED_MODEL_GRID,c3748c5a326785a1e8394125f3b7f6812bba47b97fa0406150f551a9bb401478,2026-09-27T14:12:00+00:00,2026-09-27 19:12:00,74.1,1004.8,80
14.1,20.7,54.4,1283.4,372.6,58.0,7.2,4.4,1.1,444.0,185.1,10.5,4.8,56.3,28.0,22.95,False,4095,0.0,9.6,0.0,EXT-OPEN-METEO-KHI,KARACHI,OPENSOURCE_API_GRID,854,,,,0.95,True,True,TIER2_OPENSOURCE_PURE;CONTINUOUS_MINUTE_STREAM;VERIFIED_MODEL_GRID,5c11111cb5206d2d6211724017df4976a5e151f701182d6b1cd8b5d266e358f0,2026-09-27T14:13:00+00:00,2026-09-27 19:13:00,74.1,1004.8,80
14.0,20.6,54.1,1277.2,370.8,57.7,7.2,4.3,1.1,444.0,185.0,10.5,4.8,56.2,28.0,22.95,False,4095,0.0,9.5,0.0,EXT-OPEN-METEO-KHI,KARACHI,OPENSOURCE_API_GRID,855,,,,0.95,True,True,TIER2_OPENSOURCE_PURE;CONTINUOUS_MINUTE_STREAM;VERIFIED_MODEL_GRID,dffeb24ba7b8260e140f37f0db7bdd896ff6153b011ba5b9d4b085cc4b25e624,2026-09-27T14:14:00+00:00,2026-09-27 19:14:00,74.1,1004.8,80
13.9,20.5,53.7,1271.0,369.0,57.4,7.2,4.3,1.1,444.0,184.8,10.5,4.8,56.1,28.0,22.95,False,4095,0.0,9.4,0.0,EXT-OPEN-METEO-KHI,KARACHI,OPENSOURCE_API_GRID,856,,,,0.95,True,True,TIER2_OPENSOURCE_PURE;CONTINUOUS_MINUTE_STREAM;VERIFIED_MODEL_GRID,b00dc9c83205cfd89916dbcfcc1ee55f4748541213717b4c8ac86284d3ca22c2,2026-09-27T14:15:00+00:00,2026-09-27 19:15:00,74.1,1004.8,80
13.9,20.4,53.4,1264.8,367.2,57.1,7.1,4.3,1.1,444.0,184.7,10.6,4.8,56.0,28.0,22.98,False,4095,0.0,9.3,0.0,EXT-OPEN-METEO-KHI,KARACHI,OPENSOURCE_API_GRID,857,,,,0.95,True,True,TIER2_OPENSOURCE_PURE;CONTINUOUS_MINUTE_STREAM;VERIFIED_MODEL_GRID,2126f0ef385cb1f6531533e4f32adcd42e2a66d93e2cddcc5077e43d62aefd93,2026-09-27T14:16:00+00:00,2026-09-27 19:16:00,74.2,1004.8,80
13.8,20.3,53.0,1258.6,365.4,56.8,7.1,4.2,1.1,444.0,184.5,10.6,4.8,55.9,28.0,22.98,False,4095,0.0,9.3,0.0,EXT-OPEN-METEO-KHI,KARACHI,OPENSOURCE_API_GRID,858,,,,0.95,True,True,TIER2_OPENSOURCE_PURE;CONTINUOUS_MINUTE_STREAM;VERIFIED_MODEL_GRID,c823c2e866c2121b91effec3d6044911a6a50ac4f46fb6be18e1fb67c68a8bcf,2026-09-27T14:17:00+00:00,2026-09-27 19:17:00,74.2,1004.8,80
13.7,20.2,52.7,1252.4,363.6,56.6,7.1,4.2,1.1,444.0,184.4,10.6,4.8,55.8,28.0,23.0,False,4095,0.0,9.2,0.0,EXT-OPEN-METEO-KHI,KARACHI,OPENSOURCE_API_GRID,859,,,,0.95,True,True,TIER2_OPENSOURCE_PURE;CONTINUOUS_MINUTE_STREAM;VERIFIED_MODEL_GRID,9200dcd48a56659710246cebb131a3f04c6509c17707d1c5cc607471c7953360,2026-09-27T14:18:00+00:00,2026-09-27 19:18:00,74.3,1004.8,80
13.7,20.1,52.3,1246.2,361.8,56.3,7.0,4.2,1.0,444.0,184.2,10.7,4.8,55.6,28.0,23.0,False,4095,0.0,9.1,0.0,EXT-OPEN-METEO-KHI,KARACHI,OPENSOURCE_API_GRID,860,,,,0.95,True,True,TIER2_OPENSOURCE_PURE;CONTINUOUS_MINUTE_STREAM;VERIFIED_MODEL_GRID,6cf53f0a29926f37ea4b9d2f3f35f68ba3d9e07c6cdb1f7c41a548a9a1de5f59,2026-09-27T14:19:00+00:00,2026-09-27 19:19:00,74.3,1004.8,80
13.6,20.0,52.0,1240.0,360.0,56.0,7.0,4.2,1.0,444.0,184.0,10.7,4.8,55.5,28.0,23.02,False,4095,0.0,9.0,0.0,EXT-OPEN-METEO-KHI,KARACHI,OPENSOURCE_API_GRID,861,,,,0.95,True,True,TIER2_OPENSOURCE_PURE;CONTINUOUS_MINUTE_STREAM;VERIFIED_MODEL_GRID,5f57ed025f74d39c8f7cc6514f5ae469c1f9deec07f499f223b2fec08d1cec2f,2026-09-27T14:20:00+00:00,2026-09-27 19:20:00,74.4,1004.9,80
13.6,20.0,51.7,1240.0,360.0,56.0,7.0,4.1,1.0,444.0,183.8,10.7,4.9,55.4,28.0,23.02,False,4095,0.0,8.9,0.0,EXT-OPEN-METEO-KHI,KARACHI,OPENSOURCE_API_GRID,862,,,,0.95,True,True,TIER2_OPENSOURCE_PURE;CONTINUOUS_MINUTE_STREAM;VERIFIED_MODEL_GRID,310e40665d784c9660bc9f2024a1ff64661f7ff53450256110134a90989bc3e8,2026-09-27T14:21:00+00:00,2026-09-27 19:21:00,74.4,1004.9,80
13.5,19.9,51.3,1233.8,358.2,55.7,7.0,4.1,1.0,444.0,183.6,10.8,4.9,55.2,28.0,23.04,False,4095,0.0,8.8,0.0,EXT-OPEN-METEO-KHI,KARACHI,OPENSOURCE_API_GRID,863,,,,0.95,True,True,TIER2_OPENSOURCE_PURE;CONTINUOUS_MINUTE_STREAM;VERIFIED_MODEL_GRID,db28a376e1a119d348797b9668cbc9fc2e4bd3e5910d7412723b3efd96d2e422,2026-09-27T14:22:00+00:00,2026-09-27 19:22:00,74.5,1004.9,80
13.5,19.8,51.0,1227.6,356.4,55.4,6.9,4.1,1.0,444.0,183.4,10.8,4.9,55.1,28.0,23.07,False,4095,0.0,8.7,0.0,EXT-OPEN-METEO-KHI,KARACHI,OPENSOURCE_API_GRID,864,,,,0.95,True,True,TIER2_OPENSOURCE_PURE;CONTINUOUS_MINUTE_STREAM;VERIFIED_MODEL_GRID,9123d15e7c512d2a9169174ef7f1af92772230544b3c86a244676618c31ff15b,2026-09-27T14:23:00+00:00,2026-09-27 19:23:00,74.6,1004.9,80
13.5,19.8,50.7,1227.6,356.4,55.4,6.9,4.1,1.0,444.0,183.2,10.9,4.9,54.9,28.0,23.09,False,4095,0.0,8.6,0.0,EXT-OPEN-METEO-KHI,KARACHI,OPENSOURCE_API_GRID,865,,,,0.95,True,True,TIER2_OPENSOURCE_PURE;CONTINUOUS_MINUTE_STREAM;VERIFIED_MODEL_GRID,0f3d12cffbe6ecaf8d4461f189727b0d70f5998f93368aa3fedf346c412a9a1e,2026-09-27T14:24:00+00:00,2026-09-27 19:24:00,74.7,1004.9,80
13.4,19.7,50.3,1221.4,354.6,55.2,6.9,4.0,1.0,444.0,183.0,10.9,4.9,54.8,28.0,23.09,False,4095,0.0,8.5,0.0,EXT-OPEN-METEO-KHI,KARACHI,OPENSOURCE_API_GRID,866,,,,0.95,True,True,TIER2_OPENSOURCE_PURE;CONTINUOUS_MINUTE_STREAM;VERIFIED_MODEL_GRID,c63cfa0f6a25b1351f7558f1cd6907d42a46adf9a9e54fc0fd82acb65da31c6c,2026-09-27T14:25:00+00:00,2026-09-27 19:25:00,74.7,1004.9,80
13.3,19.6,50.0,1215.2,352.8,54.9,6.9,4.0,1.0,444.0,182.8,10.9,4.9,54.6,28.0,23.11,False,4095,0.0,8.4,0.0,EXT-OPEN-METEO-KHI,KARACHI,OPENSOURCE_API_GRID,867,,,,0.95,True,True,TIER2_OPENSOURCE_PURE;CONTINUOUS_MINUTE_STREAM;VERIFIED_MODEL_GRID,37ffe0b20f63a59a3a046d272e6b15ebaaa5737ee2eec9c15ac07c4dbc7c72f0,2026-09-27T14:26:00+00:00,2026-09-27 19:26:00,74.8,1004.9,80
13.3,19.6,49.6,1215.2,352.8,54.9,6.9,4.0,1.0,444.0,182.6,11.0,4.9,54.5,28.0,23.13,False,4095,0.0,8.3,0.0,EXT-OPEN-METEO-KHI,KARACHI,OPENSOURCE_API_GRID,868,,,,0.95,True,True,TIER2_OPENSOURCE_PURE;CONTINUOUS_MINUTE_STREAM;VERIFIED_MODEL_GRID,826c7b9451657bcc9b757c8f51a3813573545e3a6b605a6c1829274a07cefa74,2026-09-27T14:27:00+00:00,2026-09-27 19:27:00,74.9,1004.9,80
13.2,19.4,49.1,1202.8,349.2,54.3,6.8,3.9,1.0,444.0,182.4,11.0,4.9,54.3,28.0,23.15,False,4095,0.0,8.2,0.0,EXT-OPEN-METEO-KHI,KARACHI,OPENSOURCE_API_GRID,869,,,,0.95,True,True,TIER2_OPENSOURCE_PURE;CONTINUOUS_MINUTE_STREAM;VERIFIED_MODEL_GRID,4dab2c764de36757288b7976f8a53b86ad52536b096bff83ca6505c3dd315574,2026-09-27T14:28:00+00:00,2026-09-27 19:28:00,75.0,1005.0,80
13.1,19.3,48.7,1196.6,347.4,54.0,6.8,3.9,1.0,444.0,182.2,11.1,4.9,54.2,28.0,23.18,False,4095,0.0,8.1,0.0,EXT-OPEN-METEO-KHI,KARACHI,OPENSOURCE_API_GRID,870,,,,0.95,True,True,TIER2_OPENSOURCE_PURE;CONTINUOUS_MINUTE_STREAM;VERIFIED_MODEL_GRID,3ed30eb638e9a102285eb6efed95b7f79b3435283730650b91416d3ab0bb2f6a,2026-09-27T14:29:00+00:00,2026-09-27 19:29:00,75.1,1005.0,80
13.1,19.2,48.4,1190.4,345.6,53.8,6.7,3.9,1.0,444.0,182.0,11.1,4.9,54.0,28.0,23.18,False,4095,0.0,8.0,0.0,EXT-OPEN-METEO-KHI,KARACHI,OPENSOURCE_API_GRID,871,,,,0.95,True,True,TIER2_OPENSOURCE_PURE;CONTINUOUS_MINUTE_STREAM;VERIFIED_MODEL_GRID,2ba30005e6f4ba8c0bb31c753c86c121ff7a1ac934e57be09fad657cac863905,2026-09-27T14:30:00+00:00,2026-09-27 19:30:00,75.1,1005.0,80
13.1,19.2,48.0,1190.4,345.6,53.8,6.7,3.8,1.0,444.0,181.8,11.1,4.9,53.8,28.0,23.2,False,4095,0.0,7.9,0.0,EXT-OPEN-METEO-KHI,KARACHI,OPENSOURCE_API_GRID,872,,,,0.95,True,True,TIER2_OPENSOURCE_PURE;CONTINUOUS_MINUTE_STREAM;VERIFIED_MODEL_GRID,4d46d2b008778d6921c7e6cd4241e8058f12457791555dd74a8dada66816dc3f,2026-09-27T14:31:00+00:00,2026-09-27 19:31:00,75.2,1005.0,80
13.0,19.1,47.6,1184.2,343.8,53.5,6.7,3.8,1.0,444.0,181.6,11.2,4.9,53.7,28.0,23.2,False,4095,0.0,7.8,0.0,EXT-OPEN-METEO-KHI,KARACHI,OPENSOURCE_API_GRID,873,,,,0.95,True,True,TIER2_OPENSOURCE_PURE;CONTINUOUS_MINUTE_STREAM;VERIFIED_MODEL_GRID,6325a1c3ee8fa33dfa31dc1d5f2d794b61af972241b63e8a079140e6309a3739,2026-09-27T14:32:00+00:00,2026-09-27 19:32:00,75.2,1005.0,80
12.9,19.0,47.3,1178.0,342.0,53.2,6.6,3.8,0.9,444.0,181.4,11.2,4.9,53.5,28.0,23.22,False,4095,0.0,7.7,0.0,EXT-OPEN-METEO-KHI,KARACHI,OPENSOURCE_API_GRID,874,,,,0.95,True,True,TIER2_OPENSOURCE_PURE;CONTINUOUS_MINUTE_STREAM;VERIFIED_MODEL_GRID,0ec85bc6186868ad551cf86fae6721a940b4474c714cd8260b04d4ae821dedae,2026-09-27T14:33:00+00:00,2026-09-27 19:33:00,75.3,1005.1,80
12.9,18.9,46.9,1171.8,340.2,52.9,6.6,3.8,0.9,444.0,181.2,11.3,4.9,53.4,28.0,23.22,False,4095,0.0,7.6,0.0,EXT-OPEN-METEO-KHI,KARACHI,OPENSOURCE_API_GRID,875,,,,0.95,True,True,TIER2_OPENSOURCE_PURE;CONTINUOUS_MINUTE_STREAM;VERIFIED_MODEL_GRID,b42700c84e3aeb0099bb0e0d4b5f2cebd78d34a4b776cdcc929391438c8437ca,2026-09-27T14:34:00+00:00,2026-09-27 19:34:00,75.3,1005.1,80
12.8,18.8,46.5,1165.6,338.4,52.6,6.6,3.7,0.9,444.0,181.0,11.3,4.9,53.2,28.0,23.22,False,4095,0.0,7.5,0.0,EXT-OPEN-METEO-KHI,KARACHI,OPENSOURCE_API_GRID,876,,,,0.95,True,True,TIER2_OPENSOURCE_PURE;CONTINUOUS_MINUTE_STREAM;VERIFIED_MODEL_GRID,ac711b87d890c62729d6761e4543e605acfb1184f5a89dd0584027fd753a497b,2026-09-27T14:35:00+00:00,2026-09-27 19:35:00,75.3,1005.1,80
12.7,18.7,46.1,1159.4,336.6,52.4,6.5,3.7,0.9,444.0,180.8,11.3,4.9,53.1,28.0,23.22,False,4095,0.0,7.4,0.0,EXT-OPEN-METEO-KHI,KARACHI,OPENSOURCE_API_GRID,877,,,,0.95,True,True,TIER2_OPENSOURCE_PURE;CONTINUOUS_MINUTE_STREAM;VERIFIED_MODEL_GRID,c6ba53ed4afd15981be154e1137872a36bb47d88dcbea3e85c557a98d9bf90b7,2026-09-27T14:36:00+00:00,2026-09-27 19:36:00,75.3,1005.1,80
12.6,18.6,45.6,1153.2,334.8,52.1,6.5,3.6,0.9,444.0,180.6,11.4,4.9,52.9,28.0,23.24,False,4095,0.0,7.3,0.0,EXT-OPEN-METEO-KHI,KARACHI,OPENSOURCE_API_GRID,878,,,,0.95,True,True,TIER2_OPENSOURCE_PURE;CONTINUOUS_MINUTE_STREAM;VERIFIED_MODEL_GRID,b2cf3215b0f04fbacec2b104698ab23c912b45d8e4fd7d524856be693d237a4e,2026-09-27T14:37:00+00:00,2026-09-27 19:37:00,75.4,1005.1,80
12.5,18.4,45.2,1140.8,331.2,51.5,6.4,3.6,0.9,444.0,180.4,11.4,4.9,52.8,28.0,23.24,False,4095,0.0,7.2,0.0,EXT-OPEN-METEO-KHI,KARACHI,OPENSOURCE_API_GRID,879,,,,0.95,True,True,TIER2_OPENSOURCE_PURE;CONTINUOUS_MINUTE_STREAM;VERIFIED_MODEL_GRID,62ea0ac672a006096c867f38e9ade959f4fde7d6ec75ecd7a571e042330bd41a,2026-09-27T14:38:00+00:00,2026-09-27 19:38:00,75.4,1005.1,80
12.4,18.3,44.8,1134.6,329.4,51.2,6.4,3.6,0.9,444.0,180.2,11.5,4.9,52.6,28.0,23.24,False,4095,0.0,7.1,0.0,EXT-OPEN-METEO-KHI,KARACHI,OPENSOURCE_API_GRID,880,,,,0.95,True,True,TIER2_OPENSOURCE_PURE;CONTINUOUS_MINUTE_STREAM;VERIFIED_MODEL_GRID,7a3184d1be28ce474cadd8eeea28d3f10d8b968b1ec41e5caff0cd4c3d5f3950,2026-09-27T14:39:00+00:00,2026-09-27 19:39:00,75.4,1005.2,80
12.4,18.2,44.4,1128.4,327.6,51.0,6.4,3.6,0.9,444.0,180.0,11.5,5.0,52.5,28.0,23.24,False,4095,0.0,7.0,0.0,EXT-OPEN-METEO-KHI,KARACHI,OPENSOURCE_API_GRID,881,,,,0.95,True,True,TIER2_OPENSOURCE_PURE;CONTINUOUS_MINUTE_STREAM;VERIFIED_MODEL_GRID,d104c694ea351d65cce75366a3a65daa767a2dd3e73f61ae045d3185f89fcac4,2026-09-27T14:40:00+00:00,2026-09-27 19:40:00,75.4,1005.2,80
12.2,18.0,43.9,1116.0,324.0,50.4,6.3,3.5,0.9,444.0,179.8,11.5,5.0,52.4,28.0,23.26,False,4095,0.0,6.9,0.0,EXT-OPEN-METEO-KHI,KARACHI,OPENSOURCE_API_GRID,882,,,,0.95,True,True,TIER2_OPENSOURCE_PURE;CONTINUOUS_MINUTE_STREAM;VERIFIED_MODEL_GRID,3e3047f779c95b1a648e33f2131c8fc61b55c06f566a8b89d1679cc561e073b9,2026-09-27T14:41:00+00:00,2026-09-27 19:41:00,75.5,1005.2,80
12.2,17.9,43.5,1109.8,322.2,50.1,6.3,3.5,0.9,444.0,179.6,11.6,5.0,52.2,28.0,23.26,False,4095,0.0,6.8,0.0,EXT-OPEN-METEO-KHI,KARACHI,OPENSOURCE_API_GRID,883,,,,0.95,True,True,TIER2_OPENSOURCE_PURE;CONTINUOUS_MINUTE_STREAM;VERIFIED_MODEL_GRID,e1fc8f3231a03e2edd1534ad479610f5fd9bbe3b766ed2e81dfa57228d0e64de,2026-09-27T14:42:00+00:00,2026-09-27 19:42:00,75.5,1005.2,80
12.1,17.8,43.1,1103.6,320.4,49.8,6.2,3.4,0.9,444.0,179.5,11.6,5.0,52.1,28.0,23.26,False,4095,0.0,6.7,0.0,EXT-OPEN-METEO-KHI,KARACHI,OPENSOURCE_API_GRID,884,,,,0.95,True,True,TIER2_OPENSOURCE_PURE;CONTINUOUS_MINUTE_STREAM;VERIFIED_MODEL_GRID,34e76a2c9dcf00933b7e28c33f2121c0f341791b605b43558c40399c3ce7b5d8,2026-09-27T14:43:00+00:00,2026-09-27 19:43:00,75.5,1005.2,80
12.0,17.6,42.7,1091.2,316.8,49.3,6.2,3.4,0.9,444.0,179.3,11.6,5.0,52.0,28.0,23.26,False,4095,0.0,6.7,0.0,EXT-OPEN-METEO-KHI,KARACHI,OPENSOURCE_API_GRID,885,,,,0.95,True,True,TIER2_OPENSOURCE_PURE;CONTINUOUS_MINUTE_STREAM;VERIFIED_MODEL_GRID,0a9c11a2432f50bfc548705eb6aaf549554ac7e7e97fd41036974733837d9692,2026-09-27T14:44:00+00:00,2026-09-27 19:44:00,75.5,1005.2,80
11.9,17.5,42.4,1085.0,315.0,49.0,6.1,3.4,0.8,444.0,179.2,11.7,5.0,51.9,28.0,23.29,False,4095,0.0,6.6,0.0,EXT-OPEN-METEO-KHI,KARACHI,OPENSOURCE_API_GRID,886,,,,0.95,True,True,TIER2_OPENSOURCE_PURE;CONTINUOUS_MINUTE_STREAM;VERIFIED_MODEL_GRID,a5e2efc707f9c79d3fb981340756c738c34ba356c5c536b3c74629499af675cd,2026-09-27T14:45:00+00:00,2026-09-27 19:45:00,75.6,1005.2,80
11.8,17.4,42.0,1078.8,313.2,48.7,6.1,3.4,0.8,444.0,179.0,11.7,5.0,51.8,28.0,23.29,False,4095,0.0,6.5,0.0,EXT-OPEN-METEO-KHI,KARACHI,OPENSOURCE_API_GRID,887,,,,0.95,True,True,TIER2_OPENSOURCE_PURE;CONTINUOUS_MINUTE_STREAM;VERIFIED_MODEL_GRID,70f6e2ba774f4e0ae26f3ecd96dcc57c4501d553ac4d5ff6ad83c66339f98e43,2026-09-27T14:46:00+00:00,2026-09-27 19:46:00,75.6,1005.2,80
11.8,17.3,41.7,1072.6,311.4,48.4,6.1,3.3,0.8,444.0,178.9,11.7,5.0,51.7,28.0,23.29,False,4095,0.0,6.4,0.0,EXT-OPEN-METEO-KHI,KARACHI,OPENSOURCE_API_GRID,888,,,,0.95,True,True,TIER2_OPENSOURCE_PURE;CONTINUOUS_MINUTE_STREAM;VERIFIED_MODEL_GRID,ec202ed07162a624a03e098fc2a93e19073eddf6cd6dc7210f37e72fce3e3447,2026-09-27T14:47:00+00:00,2026-09-27 19:47:00,75.6,1005.2,80
11.7,17.2,41.4,1066.4,309.6,48.2,6.0,3.3,0.8,444.0,178.8,11.7,5.0,51.6,28.0,23.31,False,4095,0.0,6.4,0.0,EXT-OPEN-METEO-KHI,KARACHI,OPENSOURCE_API_GRID,889,,,,0.95,True,True,TIER2_OPENSOURCE_PURE;CONTINUOUS_MINUTE_STREAM;VERIFIED_MODEL_GRID,239d87a16ad447ea3fe69f07b871815698a9e411112a4261fb9204db44ccfe74,2026-09-27T14:48:00+00:00,2026-09-27 19:48:00,75.7,1005.3,80
11.6,17.1,41.2,1060.2,307.8,47.9,6.0,3.3,0.8,444.0,178.6,11.8,5.0,51.5,28.0,23.31,False,4095,0.0,6.3,0.0,EXT-OPEN-METEO-KHI,KARACHI,OPENSOURCE_API_GRID,890,,,,0.95,True,True,TIER2_OPENSOURCE_PURE;CONTINUOUS_MINUTE_STREAM;VERIFIED_MODEL_GRID,ee1419652094d6dc6c72b0ecb5cc7afde4b2b762351272db051f075bb68c2460,2026-09-27T14:49:00+00:00,2026-09-27 19:49:00,75.7,1005.3,80
11.6,17.1,41.0,1060.2,307.8,47.9,6.0,3.3,0.8,444.0,178.5,11.8,5.0,51.4,28.0,23.31,False,4095,0.0,6.3,0.0,EXT-OPEN-METEO-KHI,KARACHI,OPENSOURCE_API_GRID,891,,,,0.95,True,True,TIER2_OPENSOURCE_PURE;CONTINUOUS_MINUTE_STREAM;VERIFIED_MODEL_GRID,62891dfbc4c3005e28b29b8594c5eb527fd4973dc3aa9e2aae95c747363dc562,2026-09-27T14:50:00+00:00,2026-09-27 19:50:00,75.7,1005.3,80
11.6,17.1,40.8,1060.2,307.8,47.9,6.0,3.3,0.8,444.0,178.4,11.8,5.0,51.3,28.0,23.33,False,4095,0.0,6.2,0.0,EXT-OPEN-METEO-KHI,KARACHI,OPENSOURCE_API_GRID,892,,,,0.95,True,True,TIER2_OPENSOURCE_PURE;CONTINUOUS_MINUTE_STREAM;VERIFIED_MODEL_GRID,03bab2031e03c90bc6e340b81a5ec82bb75129fbcd0ab89d14f51f8b292a6af1,2026-09-27T14:51:00+00:00,2026-09-27 19:51:00,75.8,1005.3,80
11.6,17.0,40.7,1054.0,306.0,47.6,5.9,3.3,0.8,444.0,178.3,11.8,5.0,51.3,28.0,23.33,False,4095,0.0,6.2,0.0,EXT-OPEN-METEO-KHI,KARACHI,OPENSOURCE_API_GRID,893,,,,0.95,True,True,TIER2_OPENSOURCE_PURE;CONTINUOUS_MINUTE_STREAM;VERIFIED_MODEL_GRID,bc8a3fee8e68d9b29480e13fc1bfe2911564b3b2d317d50486ac94aba37305bc,2026-09-27T14:52:00+00:00,2026-09-27 19:52:00,75.8,1005.3,80
11.6,17.0,40.5,1054.0,306.0,47.6,5.9,3.2,0.8,444.0,178.3,11.8,5.0,51.2,28.0,23.35,False,4095,0.0,6.1,0.0,EXT-OPEN-METEO-KHI,KARACHI,OPENSOURCE_API_GRID,894,,,,0.95,True,True,TIER2_OPENSOURCE_PURE;CONTINUOUS_MINUTE_STREAM;VERIFIED_MODEL_GRID,99b3a8f609bba26e246a15c15efec8b3ec9f0e4d68e5c0a42fe78b73cd46d24c,2026-09-27T14:53:00+00:00,2026-09-27 19:53:00,75.9,1005.3,80
11.6,17.0,40.4,1054.0,306.0,47.6,5.9,3.2,0.8,444.0,178.2,11.9,5.0,51.1,28.0,23.35,False,4095,0.0,6.1,0.0,EXT-OPEN-METEO-KHI,KARACHI,OPENSOURCE_API_GRID,895,,,,0.95,True,True,TIER2_OPENSOURCE_PURE;CONTINUOUS_MINUTE_STREAM;VERIFIED_MODEL_GRID,aa7e988f6277d654d66a9baffbc5bf6ae095acf8148748d0ae8dc9b861982198,2026-09-27T14:54:00+00:00,2026-09-27 19:54:00,75.9,1005.3,80
11.6,17.0,40.4,1054.0,306.0,47.6,5.9,3.2,0.8,444.0,178.1,11.9,5.0,51.1,28.0,23.35,False,4095,0.0,6.1,0.0,EXT-OPEN-METEO-KHI,KARACHI,OPENSOURCE_API_GRID,896,,,,0.95,True,True,TIER2_OPENSOURCE_PURE;CONTINUOUS_MINUTE_STREAM;VERIFIED_MODEL_GRID,6f9f987d24ebdc24109bfa07c58fd89eb7a2f34c2ad48996022157905ecf933e,2026-09-27T14:55:00+00:00,2026-09-27 19:55:00,75.9,1005.3,80
11.6,17.0,40.4,1054.0,306.0,47.6,5.9,3.2,0.8,444.0,178.1,11.9,5.0,51.1,28.0,23.37,False,4095,0.0,6.0,0.0,EXT-OPEN-METEO-KHI,KARACHI,OPENSOURCE_API_GRID,897,,,,0.95,True,True,TIER2_OPENSOURCE_PURE;CONTINUOUS_MINUTE_STREAM;VERIFIED_MODEL_GRID,47049ca2e83561d860677cee13f56b0652c6b1e0d07f9b15abbde6a9d8f7520f,2026-09-27T14:56:00+00:00,2026-09-27 19:56:00,76.0,1005.3,80
11.6,17.1,40.3,1060.2,307.8,47.9,6.0,3.2,0.8,444.0,178.0,11.9,5.0,51.0,28.0,23.37,False,4095,0.0,6.0,0.0,EXT-OPEN-METEO-KHI,KARACHI,OPENSOURCE_API_GRID,898,,,,0.95,True,True,TIER2_OPENSOURCE_PURE;CONTINUOUS_MINUTE_STREAM;VERIFIED_MODEL_GRID,8fe5a90a468b126f1e86ffaec5885a0a3f75661950202991613b7b6e02d08435,2026-09-27T14:57:00+00:00,2026-09-27 19:57:00,76.0,1005.3,80
11.6,17.1,40.4,1060.2,307.8,47.9,6.0,3.2,0.8,444.0,178.0,11.9,5.0,51.0,28.0,23.37,False,4095,0.0,6.0,0.0,EXT-OPEN-METEO-KHI,KARACHI,OPENSOURCE_API_GRID,899,,,,0.95,True,True,TIER2_OPENSOURCE_PURE;CONTINUOUS_MINUTE_STREAM;VERIFIED_MODEL_GRID,2a29ba8d11e7e03e926e8987d6ed987b22c3552b5e0cf3d69479dafbd4b7a5ec,2026-09-27T14:58:00+00:00,2026-09-27 19:58:00,76.0,1005.3,80
11.6,17.0,40.2,1054.0,306.0,47.6,5.9,3.2,0.8,444.0,178.0,11.9,5.0,51.0,28.0,23.4,False,4095,0.0,6.0,0.0,EXT-OPEN-METEO-KHI,KARACHI,OPENSOURCE_API_GRID,900,,,,0.95,True,True,TIER2_OPENSOURCE_PURE;CONTINUOUS_MINUTE_STREAM;VERIFIED_MODEL_GRID,00d9e10b2619b4825562852d7ab0c4535b6d2d5e788966f84f72458f126dd5fc,2026-09-27T14:59:00+00:00,2026-09-27 19:59:00,76.1,1005.3,80
11.6,17.0,40.3,1054.0,306.0,47.6,5.9,3.2,0.8,444.0,178.0,11.9,5.0,51.0,28.0,23.4,False,4095,0.0,6.0,0.0,EXT-OPEN-METEO-KHI,KARACHI,OPENSOURCE_API_GRID,901,,,,0.95,True,False,TIER2_OPENSOURCE_PURE;HOURLY_NODE;VERIFIED_MODEL_GRID,67984903faba71a123ea218e96d6efa54fedd1305ff6fa65d74ebeaa5711f6b1,2026-09-27T15:00:00+00:00,2026-09-27 20:00:00,76.1,1005.3,81
11.6,17.1,40.3,1060.2,307.8,47.9,6.0,3.2,0.8,444.0,178.0,11.9,5.0,51.0,28.0,23.4,False,4095,0.0,6.0,0.0,EXT-OPEN-METEO-KHI,KARACHI,OPENSOURCE_API_GRID,902,,,,0.95,True,True,TIER2_OPENSOURCE_PURE;CONTINUOUS_MINUTE_STREAM;VERIFIED_MODEL_GRID,618b9429c7b93561e8e434651940402ecc01f4c90fcf144f7934b5a1a3843aea,2026-09-27T15:01:00+00:00,2026-09-27 20:01:00,76.1,1005.3,81
11.6,17.1,40.4,1060.2,307.8,47.9,6.0,3.2,0.8,444.0,178.0,11.9,5.0,51.0,28.0,23.4,False,4095,0.0,6.0,0.0,EXT-OPEN-METEO-KHI,KARACHI,OPENSOURCE_API_GRID,903,,,,0.95,True,True,TIER2_OPENSOURCE_PURE;CONTINUOUS_MINUTE_STREAM;VERIFIED_MODEL_GRID,a04cbdfbeea33b32145153345dc6a62fd414fb54683d50b4e49ff1a78862272c,2026-09-27T15:02:00+00:00,2026-09-27 20:02:00,76.1,1005.3,81
11.6,17.1,40.4,1060.2,307.8,47.9,6.0,3.2,0.8,444.0,178.0,11.9,5.0,51.0,28.0,23.4,False,4095,0.0,6.1,0.0,EXT-OPEN-METEO-KHI,KARACHI,OPENSOURCE_API_GRID,904,,,,0.95,True,True,TIER2_OPENSOURCE_PURE;CONTINUOUS_MINUTE_STREAM;VERIFIED_MODEL_GRID,cf609566ce9c296147b0909caffb35e017a228de56580860ba06bf5eabc4d0ec,2026-09-27T15:03:00+00:00,2026-09-27 20:03:00,76.1,1005.3,81
11.7,17.2,40.4,1066.4,309.6,48.2,6.0,3.2,0.8,444.0,178.0,11.9,5.0,51.0,28.0,23.4,False,4095,0.0,6.1,0.0,EXT-OPEN-METEO-KHI,KARACHI,OPENSOURCE_API_GRID,905,,,,0.95,True,True,TIER2_OPENSOURCE_PURE;CONTINUOUS_MINUTE_STREAM;VERIFIED_MODEL_GRID,3c083c8b6bceca4ff6d5c97f2a47c785a85eee197575699453d616456a532912,2026-09-27T15:04:00+00:00,2026-09-27 20:04:00,76.1,1005.3,81
11.7,17.2,40.4,1066.4,309.6,48.2,6.0,3.2,0.8,444.0,177.9,11.9,5.0,51.0,28.0,23.4,False,4095,0.0,6.2,0.0,EXT-OPEN-METEO-KHI,KARACHI,OPENSOURCE_API_GRID,906,,,,0.95,True,True,TIER2_OPENSOURCE_PURE;CONTINUOUS_MINUTE_STREAM;VERIFIED_MODEL_GRID,fbc8113139c7d1670f74c306e5e9f162f051dc653205827b0a73293c6ddb489d,2026-09-27T15:05:00+00:00,2026-09-27 20:05:00,76.1,1005.3,81
11.7,17.2,40.4,1066.4,309.6,48.2,6.0,3.2,0.8,444.0,177.9,11.9,5.0,51.0,28.0,23.4,False,4095,0.0,6.3,0.0,EXT-OPEN-METEO-KHI,KARACHI,OPENSOURCE_API_GRID,907,,,,0.95,True,True,TIER2_OPENSOURCE_PURE;CONTINUOUS_MINUTE_STREAM;VERIFIED_MODEL_GRID,2e89bac5d4a4f5ef689a5762697b22667e4c9d529e2f26ee80aafa448689bc5e,2026-09-27T15:06:00+00:00,2026-09-27 20:06:00,76.1,1005.3,81
11.7,17.2,40.3,1066.4,309.6,48.2,6.0,3.2,0.8,444.0,177.9,11.9,5.0,50.9,28.0,23.4,False,4095,0.0,6.4,0.0,EXT-OPEN-METEO-KHI,KARACHI,OPENSOURCE_API_GRID,908,,,,0.95,True,True,TIER2_OPENSOURCE_PURE;CONTINUOUS_MINUTE_STREAM;VERIFIED_MODEL_GRID,1a19b9fab5aacc9b93fafac555aa3fbe58ff6053aa4033ca76f30f0c89d08bd0,2026-09-27T15:07:00+00:00,2026-09-27 20:07:00,76.1,1005.3,81
11.6,17.1,40.3,1060.2,307.8,47.9,6.0,3.2,0.8,444.0,177.8,11.9,5.0,50.9,28.0,23.4,False,4095,0.0,6.5,0.0,EXT-OPEN-METEO-KHI,KARACHI,OPENSOURCE_API_GRID,909,,,,0.95,True,True,TIER2_OPENSOURCE_PURE;CONTINUOUS_MINUTE_STREAM;VERIFIED_MODEL_GRID,f08a542b81c6358521fb3fd8787dbdf3249ffec52b8ff3d73898fb54f456bcb4,2026-09-27T15:08:00+00:00,2026-09-27 20:08:00,76.1,1005.3,81
11.6,17.1,40.2,1060.2,307.8,47.9,6.0,3.2,0.8,444.0,177.8,11.9,5.0,50.9,28.0,23.37,False,4095,0.0,6.7,0.0,EXT-OPEN-METEO-KHI,KARACHI,OPENSOURCE_API_GRID,910,,,,0.95,True,True,TIER2_OPENSOURCE_PURE;CONTINUOUS_MINUTE_STREAM;VERIFIED_MODEL_GRID,9f00f5dd4bf3af0d700a8cf4ba48f4474daea9c42e303d47c7577356c0da5aed,2026-09-27T15:09:00+00:00,2026-09-27 20:09:00,76.0,1005.3,81
11.6,17.0,40.1,1054.0,306.0,47.6,5.9,3.2,0.8,444.0,177.7,11.9,5.0,50.9,28.0,23.37,False,4095,0.0,6.8,0.0,EXT-OPEN-METEO-KHI,KARACHI,OPENSOURCE_API_GRID,911,,,,0.95,True,True,TIER2_OPENSOURCE_PURE;CONTINUOUS_MINUTE_STREAM;VERIFIED_MODEL_GRID,a20096268fefca3e5777fef6565d5855dd53d06470388973c60468fbf3b51367,2026-09-27T15:10:00+00:00,2026-09-27 20:10:00,76.0,1005.4,81
11.6,17.0,39.9,1054.0,306.0,47.6,5.9,3.2,0.8,444.0,177.7,11.9,5.0,50.8,28.0,23.37,False,4095,0.0,7.0,0.0,EXT-OPEN-METEO-KHI,KARACHI,OPENSOURCE_API_GRID,912,,,,0.95,True,True,TIER2_OPENSOURCE_PURE;CONTINUOUS_MINUTE_STREAM;VERIFIED_MODEL_GRID,7726988e46f882c6b514f666f9b247ec2e149d6afb2f9074ae556081e205c7b6,2026-09-27T15:11:00+00:00,2026-09-27 20:11:00,76.0,1005.4,81
11.5,16.9,39.8,1047.8,304.2,47.3,5.9,3.2,0.8,444.0,177.6,11.9,5.0,50.8,28.0,23.37,False,4095,0.0,7.1,0.0,EXT-OPEN-METEO-KHI,KARACHI,OPENSOURCE_API_GRID,913,,,,0.95,True,True,TIER2_OPENSOURCE_PURE;CONTINUOUS_MINUTE_STREAM;VERIFIED_MODEL_GRID,5e841d5b2457162698415dd072675e1b276013b57654a66333144524a76480f4,2026-09-27T15:12:00+00:00,2026-09-27 20:12:00,76.0,1005.4,81
11.5,16.9,39.7,1047.8,304.2,47.3,5.9,3.2,0.8,444.0,177.6,11.9,5.0,50.8,28.0,23.37,False,4095,0.0,7.3,0.0,EXT-OPEN-METEO-KHI,KARACHI,OPENSOURCE_API_GRID,914,,,,0.95,True,True,TIER2_OPENSOURCE_PURE;CONTINUOUS_MINUTE_STREAM;VERIFIED_MODEL_GRID,d2c7816884d935376cefe03d034811bc3ff36c7ccf75ba0b2186e48c87f11dc5,2026-09-27T15:13:00+00:00,2026-09-27 20:13:00,76.0,1005.4,81
11.4,16.8,39.5,1041.6,302.4,47.0,5.9,3.2,0.8,444.0,177.5,11.9,5.0,50.7,28.0,23.37,False,4095,0.0,7.5,0.0,EXT-OPEN-METEO-KHI,KARACHI,OPENSOURCE_API_GRID,915,,,,0.95,True,True,TIER2_OPENSOURCE_PURE;CONTINUOUS_MINUTE_STREAM;VERIFIED_MODEL_GRID,a61b8a3737a50f3c6d43b0ad51e955e3f8b85961ab715b694e07fe6f844fadaa,2026-09-27T15:14:00+00:00,2026-09-27 20:14:00,76.0,1005.4,81
11.4,16.7,39.4,1035.4,300.6,46.8,5.8,3.2,0.8,444.0,177.4,11.9,5.0,50.7,28.0,23.37,False,4095,0.0,7.8,0.0,EXT-OPEN-METEO-KHI,KARACHI,OPENSOURCE_API_GRID,916,,,,0.95,True,True,TIER2_OPENSOURCE_PURE;CONTINUOUS_MINUTE_STREAM;VERIFIED_MODEL_GRID,3d997802a047f320c2c3cd7505c0404cc7a845a0f7a97484b3f98f53f7ac36e3,2026-09-27T15:15:00+00:00,2026-09-27 20:15:00,76.0,1005.4,81
11.4,16.7,39.2,1035.4,300.6,46.8,5.8,3.1,0.8,444.0,177.3,11.9,5.0,50.7,27.9,23.28,False,4095,0.0,8.0,0.0,EXT-OPEN-METEO-KHI,KARACHI,OPENSOURCE_API_GRID,917,,,,0.95,True,True,TIER2_OPENSOURCE_PURE;CONTINUOUS_MINUTE_STREAM;VERIFIED_MODEL_GRID,488d1e803fad7596405f394db2ea3a6530a78b87f17278889fdc7fe4d652b41d,2026-09-27T15:16:00+00:00,2026-09-27 20:16:00,76.0,1005.4,81
11.3,16.6,39.1,1029.2,298.8,46.5,5.8,3.1,0.8,444.0,177.3,11.9,5.0,50.6,27.9,23.28,False,4095,0.0,8.2,0.0,EXT-OPEN-METEO-KHI,KARACHI,OPENSOURCE_API_GRID,918,,,,0.95,True,True,TIER2_OPENSOURCE_PURE;CONTINUOUS_MINUTE_STREAM;VERIFIED_MODEL_GRID,4ae455028c1e940f79bba1d820f8c01ca922b634fe56d583c710e2deeb089e54,2026-09-27T15:17:00+00:00,2026-09-27 20:17:00,76.0,1005.4,81
11.3,16.6,38.9,1029.2,298.8,46.5,5.8,3.1,0.8,444.0,177.2,11.9,5.0,50.6,27.9,23.3,False,4095,0.0,8.5,0.0,EXT-OPEN-METEO-KHI,KARACHI,OPENSOURCE_API_GRID,919,,,,0.95,True,True,TIER2_OPENSOURCE_PURE;CONTINUOUS_MINUTE_STREAM;VERIFIED_MODEL_GRID,c9adb8ad93c024a3efd98c2f48063c4904bc115fa39dc1efd2fa160c813dd0f2,2026-09-27T15:18:00+00:00,2026-09-27 20:18:00,76.1,1005.4,81
11.2,16.5,38.8,1023.0,297.0,46.2,5.8,3.1,0.8,444.0,177.1,11.9,5.0,50.5,27.9,23.3,False,4095,0.0,8.7,0.0,EXT-OPEN-METEO-KHI,KARACHI,OPENSOURCE_API_GRID,920,,,,0.95,True,True,TIER2_OPENSOURCE_PURE;CONTINUOUS_MINUTE_STREAM;VERIFIED_MODEL_GRID,8bf964ad4ad122323ae2f42180f33ca6d66648f8d633666b0d73444c882e8cee,2026-09-27T15:19:00+00:00,2026-09-27 20:19:00,76.1,1005.4,81
11.2,16.5,38.7,1023.0,297.0,46.2,5.8,3.1,0.8,444.0,177.0,11.8,5.0,50.5,27.9,23.3,False,4095,0.0,9.0,0.0,EXT-OPEN-METEO-KHI,KARACHI,OPENSOURCE_API_GRID,921,,,,0.95,True,True,TIER2_OPENSOURCE_PURE;CONTINUOUS_MINUTE_STREAM;VERIFIED_MODEL_GRID,34050a56330dc68a590c5ed4601e474097f779b0faea914fc864f1208eee688b,2026-09-27T15:20:00+00:00,2026-09-27 20:20:00,76.1,1005.4,81
11.2,16.5,38.6,1023.0,297.0,46.2,5.8,3.1,0.8,444.0,176.9,11.8,5.0,50.5,27.9,23.3,False,4095,0.0,9.3,0.0,EXT-OPEN-METEO-KHI,KARACHI,OPENSOURCE_API_GRID,922,,,,0.95,True,True,TIER2_OPENSOURCE_PURE;CONTINUOUS_MINUTE_STREAM;VERIFIED_MODEL_GRID,8b58001fa4e59d59c6aecb0825e3d7cc0cd7122c67d5ea665304a67cb781d52d,2026-09-27T15:21:00+00:00,2026-09-27 20:21:00,76.1,1005.4,81
11.2,16.5,38.5,1023.0,297.0,46.2,5.8,3.1,0.8,444.0,176.8,11.8,5.0,50.4,27.9,23.32,False,4095,0.0,9.6,0.0,EXT-OPEN-METEO-KHI,KARACHI,OPENSOURCE_API_GRID,923,,,,0.95,True,True,TIER2_OPENSOURCE_PURE;CONTINUOUS_MINUTE_STREAM;VERIFIED_MODEL_GRID,b216f6f0554640ef11e73e8c5e8f7b6d457e92eb55952854aba76d37e20fd71a,2026-09-27T15:22:00+00:00,2026-09-27 20:22:00,76.2,1005.5,81
11.2,16.5,38.4,1023.0,297.0,46.2,5.8,3.1,0.8,444.0,176.7,11.8,5.0,50.4,27.9,23.32,False,4095,0.0,9.8,0.0,EXT-OPEN-METEO-KHI,KARACHI,OPENSOURCE_API_GRID,924,,,,0.95,True,True,TIER2_OPENSOURCE_PURE;CONTINUOUS_MINUTE_STREAM;VERIFIED_MODEL_GRID,b5b3989225a27c465bdd13f9e97ef834ae1402a5bb6ce73118c7d40b835c43d7,2026-09-27T15:23:00+00:00,2026-09-27 20:23:00,76.2,1005.5,81
11.2,16.5,38.3,1023.0,297.0,46.2,5.8,3.1,0.8,444.0,176.6,11.8,5.0,50.3,27.8,23.25,False,4095,0.0,10.1,0.0,EXT-OPEN-METEO-KHI,KARACHI,OPENSOURCE_API_GRID,925,,,,0.95,True,True,TIER2_OPENSOURCE_PURE;CONTINUOUS_MINUTE_STREAM;VERIFIED_MODEL_GRID,e18e68f6ce79dc8befcb3f8bbbb3e82f03bc804a7dd29443c42dba34e448e8ae,2026-09-27T15:24:00+00:00,2026-09-27 20:24:00,76.3,1005.5,81
11.2,16.5,38.3,1023.0,297.0,46.2,5.8,3.1,0.8,444.0,176.5,11.8,5.0,50.3,27.8,23.25,False,4095,0.0,10.4,0.0,EXT-OPEN-METEO-KHI,KARACHI,OPENSOURCE_API_GRID,926,,,,0.95,True,True,TIER2_OPENSOURCE_PURE;CONTINUOUS_MINUTE_STREAM;VERIFIED_MODEL_GRID,a3776568185c2e5dbc83ea5e358f3567debb7bb7fe66a668ea8b1430fcbade84,2026-09-27T15:25:00+00:00,2026-09-27 20:25:00,76.3,1005.5,81
11.2,16.5,38.2,1023.0,297.0,46.2,5.8,3.1,0.8,444.0,176.4,11.8,5.0,50.2,27.8,23.27,False,4095,0.0,10.8,0.0,EXT-OPEN-METEO-KHI,KARACHI,OPENSOURCE_API_GRID,927,,,,0.95,True,True,TIER2_OPENSOURCE_PURE;CONTINUOUS_MINUTE_STREAM;VERIFIED_MODEL_GRID,220ee83709c9da52fa97c2fc9030cf3ea5c095010ca6a385b7de8f846ad30171,2026-09-27T15:26:00+00:00,2026-09-27 20:26:00,76.4,1005.5,81
11.2,16.5,38.2,1023.0,297.0,46.2,5.8,3.1,0.8,444.0,176.3,11.8,5.0,50.2,27.8,23.27,False,4095,0.0,11.1,0.0,EXT-OPEN-METEO-KHI,KARACHI,OPENSOURCE_API_GRID,928,,,,0.95,True,True,TIER2_OPENSOURCE_PURE;CONTINUOUS_MINUTE_STREAM;VERIFIED_MODEL_GRID,d7cf34fab96f2a4fde541902ad94b80de9d851b149a50eea3fc7dac3eb1906a1,2026-09-27T15:27:00+00:00,2026-09-27 20:27:00,76.4,1005.5,81
11.2,16.5,38.1,1023.0,297.0,46.2,5.8,3.0,0.8,444.0,176.2,11.8,5.0,50.1,27.8,23.29,False,4095,0.0,11.4,0.0,EXT-OPEN-METEO-KHI,KARACHI,OPENSOURCE_API_GRID,929,,,,0.95,True,True,TIER2_OPENSOURCE_PURE;CONTINUOUS_MINUTE_STREAM;VERIFIED_MODEL_GRID,0fad6650fb57b79674775e745eb9d30a10ac65e0bb7bbc8209a6d18fb4c35833,2026-09-27T15:28:00+00:00,2026-09-27 20:28:00,76.5,1005.5,81
11.2,16.5,38.0,1023.0,297.0,46.2,5.8,3.0,0.8,444.0,176.1,11.8,5.0,50.1,27.8,23.29,False,4095,0.0,11.7,0.0,EXT-OPEN-METEO-KHI,KARACHI,OPENSOURCE_API_GRID,930,,,,0.95,True,True,TIER2_OPENSOURCE_PURE;CONTINUOUS_MINUTE_STREAM;VERIFIED_MODEL_GRID,f0e80babe124490b844663f2f643c17782a845cc5c9bcd31c49d26b178872721,2026-09-27T15:29:00+00:00,2026-09-27 20:29:00,76.5,1005.5,81
11.2,16.4,37.8,1016.8,295.2,45.9,5.7,3.0,0.8,444.0,176.0,11.8,5.0,50.0,27.8,23.33,False,4095,0.0,12.0,0.0,EXT-OPEN-METEO-KHI,KARACHI,OPENSOURCE_API_GRID,931,,,,0.95,True,True,TIER2_OPENSOURCE_PURE;CONTINUOUS_MINUTE_STREAM;VERIFIED_MODEL_GRID,6d6681a30f5a49b597dad95204370748d3b773a18c597a8e00689f3fdef96519,2026-09-27T15:30:00+00:00,2026-09-27 20:30:00,76.7,1005.5,81
11.2,16.4,37.7,1016.8,295.2,45.9,5.7,3.0,0.8,444.0,175.9,11.8,5.0,49.9,27.9,23.43,False,4095,0.0,12.3,0.0,EXT-OPEN-METEO-KHI,KARACHI,OPENSOURCE_API_GRID,932,,,,0.95,True,True,TIER2_OPENSOURCE_PURE;CONTINUOUS_MINUTE_STREAM;VERIFIED_MODEL_GRID,fb2513cdcb0a11c402d1b787dd75a73d538e7d2c70a32e2d7291ce242a88ccde,2026-09-27T15:31:00+00:00,2026-09-27 20:31:00,76.7,1005.6,81
11.2,16.4,37.7,1016.8,295.2,45.9,5.7,3.0,0.8,444.0,175.8,11.8,5.0,49.9,27.9,23.43,False,4095,0.0,12.6,0.0,EXT-OPEN-METEO-KHI,KARACHI,OPENSOURCE_API_GRID,933,,,,0.95,True,True,TIER2_OPENSOURCE_PURE;CONTINUOUS_MINUTE_STREAM;VERIFIED_MODEL_GRID,2d6b9904ecf236688ff4779d8fa09ebcf0a3a9843a935c261b220819e5b447cf,2026-09-27T15:32:00+00:00,2026-09-27 20:32:00,76.7,1005.6,81
11.2,16.4,37.6,1016.8,295.2,45.9,5.7,3.0,0.8,444.0,175.7,11.8,5.0,49.8,27.9,23.43,False,4095,0.0,12.9,0.0,EXT-OPEN-METEO-KHI,KARACHI,OPENSOURCE_API_GRID,934,,,,0.95,True,True,TIER2_OPENSOURCE_PURE;CONTINUOUS_MINUTE_STREAM;VERIFIED_MODEL_GRID,5a9e50c9094fb82e82a1c659d350dd34b2d181e0922e34fcf6a6d160ad21d3d4,2026-09-27T15:33:00+00:00,2026-09-27 20:33:00,76.7,1005.6,81
11.2,16.4,37.5,1016.8,295.2,45.9,5.7,3.0,0.8,444.0,175.6,11.8,5.0,49.8,27.9,23.43,False,4095,0.0,13.2,0.0,EXT-OPEN-METEO-KHI,KARACHI,OPENSOURCE_API_GRID,935,,,,0.95,True,True,TIER2_OPENSOURCE_PURE;CONTINUOUS_MINUTE_STREAM;VERIFIED_MODEL_GRID,3ce38f514931c415d68c94f3b4f14b51cd143b609d3dc16b2bdb51d2ec500322,2026-09-27T15:34:00+00:00,2026-09-27 20:34:00,76.7,1005.6,81
11.2,16.4,37.4,1016.8,295.2,45.9,5.7,3.0,0.7,444.0,175.5,11.8,5.0,49.7,27.9,23.43,False,4095,0.0,13.6,0.0,EXT-OPEN-METEO-KHI,KARACHI,OPENSOURCE_API_GRID,936,,,,0.95,True,True,TIER2_OPENSOURCE_PURE;CONTINUOUS_MINUTE_STREAM;VERIFIED_MODEL_GRID,3840f05b8af59c65acdb1e1afb0e368db6154e15255fdadb0db5fe8c8c83ed34,2026-09-27T15:35:00+00:00,2026-09-27 20:35:00,76.7,1005.6,81
11.2,16.4,37.3,1016.8,295.2,45.9,5.7,3.0,0.7,444.0,175.4,11.8,5.0,49.7,27.9,23.43,False,4095,0.0,13.9,0.0,EXT-OPEN-METEO-KHI,KARACHI,OPENSOURCE_API_GRID,937,,,,0.95,True,True,TIER2_OPENSOURCE_PURE;CONTINUOUS_MINUTE_STREAM;VERIFIED_MODEL_GRID,c059492c9382fb92ea49cfcded893f6053e650e028e97c43f628677b5629321e,2026-09-27T15:36:00+00:00,2026-09-27 20:36:00,76.7,1005.6,81
11.2,16.4,37.2,1016.8,295.2,45.9,5.7,3.0,0.7,444.0,175.3,11.8,5.0,49.6,27.8,23.33,False,4095,0.0,14.2,0.0,EXT-OPEN-METEO-KHI,KARACHI,OPENSOURCE_API_GRID,938,,,,0.95,True,True,TIER2_OPENSOURCE_PURE;CONTINUOUS_MINUTE_STREAM;VERIFIED_MODEL_GRID,9b3141dd8c8feb435cbb0d7747051c9166c76e660fa5f307d15fb5c157e21ef8,2026-09-27T15:37:00+00:00,2026-09-27 20:37:00,76.7,1005.7,81
11.2,16.4,37.1,1016.8,295.2,45.9,5.7,3.0,0.7,444.0,175.2,11.8,5.0,49.6,27.8,23.33,False,4095,0.0,14.4,0.0,EXT-OPEN-METEO-KHI,KARACHI,OPENSOURCE_API_GRID,939,,,,0.95,True,True,TIER2_OPENSOURCE_PURE;CONTINUOUS_MINUTE_STREAM;VERIFIED_MODEL_GRID,b0e3fe382b38d83a7ee2faadf317d2a3aa32bb54737f4958c683ff17c1b24fd9,2026-09-27T15:38:00+00:00,2026-09-27 20:38:00,76.7,1005.7,81
11.1,16.3,37.0,1010.6,293.4,45.6,5.7,3.0,0.7,444.0,175.1,11.8,5.0,49.5,27.8,23.33,False,4095,0.0,14.7,0.0,EXT-OPEN-METEO-KHI,KARACHI,OPENSOURCE_API_GRID,940,,,,0.95,True,True,TIER2_OPENSOURCE_PURE;CONTINUOUS_MINUTE_STREAM;VERIFIED_MODEL_GRID,9bf7d32abe63f5ad84252936cd05cd07ad9173a73c96645e8cfa1dd75ba0a8f5,2026-09-27T15:39:00+00:00,2026-09-27 20:39:00,76.7,1005.7,81
11.1,16.3,36.8,1010.6,293.4,45.6,5.7,2.9,0.7,444.0,175.0,11.8,5.0,49.5,27.8,23.33,False,4095,0.0,15.0,0.0,EXT-OPEN-METEO-KHI,KARACHI,OPENSOURCE_API_GRID,941,,,,0.95,True,True,TIER2_OPENSOURCE_PURE;CONTINUOUS_MINUTE_STREAM;VERIFIED_MODEL_GRID,aeb50faaa3d36d28732b050fc3648196e296b27440bc651ee324c293ea2cfe24,2026-09-27T15:40:00+00:00,2026-09-27 20:40:00,76.7,1005.7,81
11.0,16.2,36.7,1004.4,291.6,45.4,5.7,2.9,0.7,444.0,174.9,11.7,5.0,49.5,27.8,23.33,False,4095,0.0,15.3,0.0,EXT-OPEN-METEO-KHI,KARACHI,OPENSOURCE_API_GRID,942,,,,0.95,True,True,TIER2_OPENSOURCE_PURE;CONTINUOUS_MINUTE_STREAM;VERIFIED_MODEL_GRID,cf0540c279c6467e36f1950476dc7a19d070ebe219944b98324574ad44accd4d,2026-09-27T15:41:00+00:00,2026-09-27 20:41:00,76.7,1005.7,81
10.9,16.1,36.5,998.2,289.8,45.1,5.6,2.9,0.7,444.0,174.8,11.7,5.0,49.4,27.8,23.33,False,4095,0.0,15.5,0.0,EXT-OPEN-METEO-KHI,KARACHI,OPENSOURCE_API_GRID,943,,,,0.95,True,True,TIER2_OPENSOURCE_PURE;CONTINUOUS_MINUTE_STREAM;VERIFIED_MODEL_GRID,3ddc733b7125111333196973af5a9ff98fcd692d82c49f6386de636be315df1e,2026-09-27T15:42:00+00:00,2026-09-27 20:42:00,76.7,1005.7,81
10.9,16.1,36.4,998.2,289.8,45.1,5.6,2.9,0.7,444.0,174.7,11.7,5.0,49.4,27.8,23.33,False,4095,0.0,15.8,0.0,EXT-OPEN-METEO-KHI,KARACHI,OPENSOURCE_API_GRID,944,,,,0.95,True,True,TIER2_OPENSOURCE_PURE;CONTINUOUS_MINUTE_STREAM;VERIFIED_MODEL_GRID,becf3c8c80e78117111f9133d10e176c8217ffa6e9b52570ae094b01b320a872,2026-09-27T15:43:00+00:00,2026-09-27 20:43:00,76.7,1005.7,81
10.9,16.0,36.2,992.0,288.0,44.8,5.6,2.9,0.7,444.0,174.7,11.7,5.0,49.3,27.8,23.33,False,4095,0.0,16.0,0.0,EXT-OPEN-METEO-KHI,KARACHI,OPENSOURCE_API_GRID,945,,,,0.95,True,True,TIER2_OPENSOURCE_PURE;CONTINUOUS_MINUTE_STREAM;VERIFIED_MODEL_GRID,7337429c55c4ab108ef16187bde2416a236157a9954646987075b7b33f3981da,2026-09-27T15:44:00+00:00,2026-09-27 20:44:00,76.7,1005.7,81
10.8,15.9,36.0,985.8,286.2,44.5,5.6,2.9,0.7,444.0,174.6,11.7,5.0,49.3,27.8,23.33,False,4095,0.0,16.2,0.0,EXT-OPEN-METEO-KHI,KARACHI,OPENSOURCE_API_GRID,946,,,,0.95,True,True,TIER2_OPENSOURCE_PURE;CONTINUOUS_MINUTE_STREAM;VERIFIED_MODEL_GRID,84b6250ebe32d3c48396fea7aa356d8c84cdf896ff0fd1c31354ea606857e9fd,2026-09-27T15:45:00+00:00,2026-09-27 20:45:00,76.7,1005.7,81
10.8,15.9,35.9,985.8,286.2,44.5,5.6,2.9,0.7,444.0,174.5,11.7,5.0,49.3,27.7,23.24,False,4095,0.0,16.5,0.0,EXT-OPEN-METEO-KHI,KARACHI,OPENSOURCE_API_GRID,947,,,,0.95,True,True,TIER2_OPENSOURCE_PURE;CONTINUOUS_MINUTE_STREAM;VERIFIED_MODEL_GRID,7f2e7c24d8b965b08b9c13582c2ff1231d80137462958ba9db4432a8805f14f0,2026-09-27T15:46:00+00:00,2026-09-27 20:46:00,76.7,1005.8,81
10.7,15.8,35.8,979.6,284.4,44.2,5.5,2.9,0.7,444.0,174.4,11.7,5.0,49.2,27.7,23.24,False,4095,0.0,16.7,0.0,EXT-OPEN-METEO-KHI,KARACHI,OPENSOURCE_API_GRID,948,,,,0.95,True,True,TIER2_OPENSOURCE_PURE;CONTINUOUS_MINUTE_STREAM;VERIFIED_MODEL_GRID,784711fcd64cf14edd76daf6b7fe0616f4d3ce5a30c84a2606b61c2debf201d4,2026-09-27T15:47:00+00:00,2026-09-27 20:47:00,76.7,1005.8,81
10.7,15.8,35.6,979.6,284.4,44.2,5.5,2.8,0.7,444.0,174.4,11.7,5.0,49.2,27.7,23.26,False,4095,0.0,16.9,0.0,EXT-OPEN-METEO-KHI,KARACHI,OPENSOURCE_API_GRID,949,,,,0.95,True,True,TIER2_OPENSOURCE_PURE;CONTINUOUS_MINUTE_STREAM;VERIFIED_MODEL_GRID,83c79ed10985b1950c702a08461f32fb4694a2fc1ce6e57f780a014562bf3578,2026-09-27T15:48:00+00:00,2026-09-27 20:48:00,76.8,1005.8,81
10.7,15.7,35.5,973.4,282.6,44.0,5.5,2.8,0.7,444.0,174.3,11.7,5.0,49.2,27.7,23.26,False,4095,0.0,17.0,0.0,EXT-OPEN-METEO-KHI,KARACHI,OPENSOURCE_API_GRID,950,,,,0.95,True,True,TIER2_OPENSOURCE_PURE;CONTINUOUS_MINUTE_STREAM;VERIFIED_MODEL_GRID,696776aa72230f7070feab930e9942740a91c23724a4a5d6fbddf51aa8cf1663,2026-09-27T15:49:00+00:00,2026-09-27 20:49:00,76.8,1005.8,81
10.7,15.7,35.4,973.4,282.6,44.0,5.5,2.8,0.7,444.0,174.3,11.7,5.0,49.1,27.7,23.26,False,4095,0.0,17.2,0.0,EXT-OPEN-METEO-KHI,KARACHI,OPENSOURCE_API_GRID,951,,,,0.95,True,True,TIER2_OPENSOURCE_PURE;CONTINUOUS_MINUTE_STREAM;VERIFIED_MODEL_GRID,b7622f32c97a5140775602651c944347a7486853ca81361d2894f3c332ec851c,2026-09-27T15:50:00+00:00,2026-09-27 20:50:00,76.8,1005.8,81
10.7,15.7,35.4,973.4,282.6,44.0,5.5,2.8,0.7,444.0,174.2,11.7,5.0,49.1,27.7,23.26,False,4095,0.0,17.3,0.0,EXT-OPEN-METEO-KHI,KARACHI,OPENSOURCE_API_GRID,952,,,,0.95,True,True,TIER2_OPENSOURCE_PURE;CONTINUOUS_MINUTE_STREAM;VERIFIED_MODEL_GRID,bb4ff899246285c285a08d35560cf8acfc4e010b7c94717139d9f8c05e644db5,2026-09-27T15:51:00+00:00,2026-09-27 20:51:00,76.8,1005.8,81
10.7,15.7,35.3,973.4,282.6,44.0,5.5,2.8,0.7,444.0,174.2,11.7,5.0,49.1,27.7,23.26,False,4095,0.0,17.5,0.0,EXT-OPEN-METEO-KHI,KARACHI,OPENSOURCE_API_GRID,953,,,,0.95,True,True,TIER2_OPENSOURCE_PURE;CONTINUOUS_MINUTE_STREAM;VERIFIED_MODEL_GRID,4f08c65b3a742777fa7abdeff92f2ab62462fe4ccd47527d0aa776782eb726e3,2026-09-27T15:52:00+00:00,2026-09-27 20:52:00,76.8,1005.8,81
10.7,15.7,35.3,973.4,282.6,44.0,5.5,2.8,0.7,444.0,174.1,11.7,5.0,49.1,27.7,23.28,False,4095,0.0,17.6,0.0,EXT-OPEN-METEO-KHI,KARACHI,OPENSOURCE_API_GRID,954,,,,0.95,True,True,TIER2_OPENSOURCE_PURE;CONTINUOUS_MINUTE_STREAM;VERIFIED_MODEL_GRID,57c14bfdd2f0b50dc5dcf8748dedab719761e646d225567fe100a6a63fcff8ed,2026-09-27T15:53:00+00:00,2026-09-27 20:53:00,76.9,1005.8,81
10.7,15.7,35.3,973.4,282.6,44.0,5.5,2.8,0.7,444.0,174.1,11.7,5.0,49.0,27.7,23.28,False,4095,0.0,17.7,0.0,EXT-OPEN-METEO-KHI,KARACHI,OPENSOURCE_API_GRID,955,,,,0.95,True,True,TIER2_OPENSOURCE_PURE;CONTINUOUS_MINUTE_STREAM;VERIFIED_MODEL_GRID,9a8b6bdf3c5b34b5395311ec55d589b92b960ac3e4d8f533c595abed1bb108ea,2026-09-27T15:54:00+00:00,2026-09-27 20:54:00,76.9,1005.8,81
10.7,15.7,35.3,973.4,282.6,44.0,5.5,2.8,0.7,444.0,174.1,11.7,5.0,49.0,27.7,23.28,False,4095,0.0,17.8,0.0,EXT-OPEN-METEO-KHI,KARACHI,OPENSOURCE_API_GRID,956,,,,0.95,True,True,TIER2_OPENSOURCE_PURE;CONTINUOUS_MINUTE_STREAM;VERIFIED_MODEL_GRID,2c2ed2dab5bc9336febc59d9b3662a6d759e0e29d1bef8dec407d7af06e32780,2026-09-27T15:55:00+00:00,2026-09-27 20:55:00,76.9,1005.8,81
10.7,15.7,35.3,973.4,282.6,44.0,5.5,2.8,0.7,444.0,174.0,11.7,5.0,49.0,27.7,23.28,False,4095,0.0,17.9,0.0,EXT-OPEN-METEO-KHI,KARACHI,OPENSOURCE_API_GRID,957,,,,0.95,True,True,TIER2_OPENSOURCE_PURE;CONTINUOUS_MINUTE_STREAM;VERIFIED_MODEL_GRID,e3aa1fe812a96a3f883470cce6b0a07ecebe253a9295bf864d79e50ff0f0eb9e,2026-09-27T15:56:00+00:00,2026-09-27 20:56:00,76.9,1005.8,81
10.7,15.8,35.3,979.6,284.4,44.2,5.5,2.8,0.7,444.0,174.0,11.7,5.0,49.0,27.7,23.3,False,4095,0.0,17.9,0.0,EXT-OPEN-METEO-KHI,KARACHI,OPENSOURCE_API_GRID,958,,,,0.95,True,True,TIER2_OPENSOURCE_PURE;CONTINUOUS_MINUTE_STREAM;VERIFIED_MODEL_GRID,202bb6611a86081efe1bb3a64bf3253f7ec39cb0a6df44c7ae19cbb44c5fa1a5,2026-09-27T15:57:00+00:00,2026-09-27 20:57:00,77.0,1005.8,81
10.7,15.8,35.4,979.6,284.4,44.2,5.5,2.8,0.7,444.0,174.0,11.7,5.0,49.0,27.7,23.3,False,4095,0.0,18.0,0.0,EXT-OPEN-METEO-KHI,KARACHI,OPENSOURCE_API_GRID,959,,,,0.95,True,True,TIER2_OPENSOURCE_PURE;CONTINUOUS_MINUTE_STREAM;VERIFIED_MODEL_GRID,03678e68e83df3984a0f6f63d73c9784c353b9d3c1bdaf2f52fcda5901d59b85,2026-09-27T15:58:00+00:00,2026-09-27 20:58:00,77.0,1005.8,81
10.7,15.8,35.5,979.6,284.4,44.2,5.5,2.8,0.7,444.0,174.0,11.7,5.0,49.0,27.7,23.3,False,4095,0.0,18.0,0.0,EXT-OPEN-METEO-KHI,KARACHI,OPENSOURCE_API_GRID,960,,,,0.95,True,True,TIER2_OPENSOURCE_PURE;CONTINUOUS_MINUTE_STREAM;VERIFIED_MODEL_GRID,19035acdfbd1e921fd2b2c5114db0415b9a2190bfca18fcc4739f69c661e6caa,2026-09-27T15:59:00+00:00,2026-09-27 20:59:00,77.0,1005.8,81
10.8,15.9,35.5,985.8,286.2,44.5,5.6,2.8,0.7,444.0,174.0,11.7,5.0,49.0,27.7,23.3,False,4095,0.0,18.0,0.0,EXT-OPEN-METEO-KHI,KARACHI,OPENSOURCE_API_GRID,961,,,,0.95,True,False,TIER2_OPENSOURCE_PURE;HOURLY_NODE;VERIFIED_MODEL_GRID,7174d976a79e50161c1e1b98163fa3fc3d49dcdd259bffc8f4c3176c4ce0c3b8,2026-09-27T16:00:00+00:00,2026-09-27 21:00:00,77.0,1005.8,81
10.7,15.8,35.4,979.6,284.4,44.2,5.5,2.8,0.7,444.0,174.0,11.7,5.0,49.0,27.7,23.34,False,4095,0.0,18.0,0.0,EXT-OPEN-METEO-KHI,KARACHI,OPENSOURCE_API_GRID,962,,,,0.95,True,True,TIER2_OPENSOURCE_PURE;CONTINUOUS_MINUTE_STREAM;VERIFIED_MODEL_GRID,5148b68a3d2bc6c096fbab2934b06e5b56c13f8e6df7fa8f7f68480433624e1f,2026-09-27T16:01:00+00:00,2026-09-27 21:01:00,77.2,1005.8,81
10.7,15.8,35.5,979.6,284.4,44.2,5.5,2.8,0.7,444.0,174.0,11.7,5.0,49.0,27.7,23.34,False,4095,0.0,18.0,0.0,EXT-OPEN-METEO-KHI,KARACHI,OPENSOURCE_API_GRID,963,,,,0.95,True,True,TIER2_OPENSOURCE_PURE;CONTINUOUS_MINUTE_STREAM;VERIFIED_MODEL_GRID,8ff3c7bbd737e2cbfbf47bda34a4219e37bf39742110be9d2a66a07c996d9f7b,2026-09-27T16:02:00+00:00,2026-09-27 21:02:00,77.2,1005.8,81
10.8,15.9,35.5,985.8,286.2,44.5,5.6,2.8,0.7,444.0,174.0,11.7,5.0,49.0,27.7,23.34,False,4095,0.0,18.0,0.0,EXT-OPEN-METEO-KHI,KARACHI,OPENSOURCE_API_GRID,964,,,,0.95,True,True,TIER2_OPENSOURCE_PURE;CONTINUOUS_MINUTE_STREAM;VERIFIED_MODEL_GRID,ed249a7a5cfb27fc7d9c3986104124a79145fd7195a904e3464ba597e996fb94,2026-09-27T16:03:00+00:00,2026-09-27 21:03:00,77.2,1005.8,81
10.8,15.9,35.6,985.8,286.2,44.5,5.6,2.8,0.7,444.0,174.0,11.7,5.0,49.0,27.7,23.34,False,4095,0.0,18.0,0.0,EXT-OPEN-METEO-KHI,KARACHI,OPENSOURCE_API_GRID,965,,,,0.95,True,True,TIER2_OPENSOURCE_PURE;CONTINUOUS_MINUTE_STREAM;VERIFIED_MODEL_GRID,78418d7e1fb5c39f17cb1abdfbb4c78c4931c2f88d4ec767eccb7506a770caa6,2026-09-27T16:04:00+00:00,2026-09-27 21:04:00,77.2,1005.8,81
10.8,15.9,35.6,985.8,286.2,44.5,5.6,2.8,0.7,444.0,174.0,11.7,5.0,49.0,27.7,23.34,False,4095,0.0,18.0,0.0,EXT-OPEN-METEO-KHI,KARACHI,OPENSOURCE_API_GRID,966,,,,0.95,True,True,TIER2_OPENSOURCE_PURE;CONTINUOUS_MINUTE_STREAM;VERIFIED_MODEL_GRID,3e69ce01319e857c9f096a9fa873be912f128392618587923d7b89f035012077,2026-09-27T16:05:00+00:00,2026-09-27 21:05:00,77.2,1005.8,81
10.9,16.0,35.6,992.0,288.0,44.8,5.6,2.8,0.7,444.0,174.0,11.7,5.0,49.0,27.7,23.34,False,4095,0.0,18.0,0.0,EXT-OPEN-METEO-KHI,KARACHI,OPENSOURCE_API_GRID,967,,,,0.95,True,True,TIER2_OPENSOURCE_PURE;CONTINUOUS_MINUTE_STREAM;VERIFIED_MODEL_GRID,75e5031fd870aa142437a44fb73e0ca33f4a7351e672d77361894069b2f2ee97,2026-09-27T16:06:00+00:00,2026-09-27 21:06:00,77.2,1005.8,81
10.9,16.0,35.6,992.0,288.0,44.8,5.6,2.8,0.7,444.0,173.9,11.7,5.0,49.0,27.7,23.34,False,4095,0.0,18.0,0.0,EXT-OPEN-METEO-KHI,KARACHI,OPENSOURCE_API_GRID,968,,,,0.95,True,True,TIER2_OPENSOURCE_PURE;CONTINUOUS_MINUTE_STREAM;VERIFIED_MODEL_GRID,76b661ec3fbc9d953d7c541a892e58192b5646f4dcb0868a6a33e15572a88c6d,2026-09-27T16:07:00+00:00,2026-09-27 21:07:00,77.2,1005.8,81
10.9,16.0,35.6,992.0,288.0,44.8,5.6,2.8,0.7,444.0,173.9,11.6,5.0,49.0,27.7,23.34,False,4095,0.0,18.0,0.0,EXT-OPEN-METEO-KHI,KARACHI,OPENSOURCE_API_GRID,969,,,,0.95,True,True,TIER2_OPENSOURCE_PURE;CONTINUOUS_MINUTE_STREAM;VERIFIED_MODEL_GRID,39d369babca19c28d14c1f670625f663721bcfb62c0b42e64cfd6521cda99569,2026-09-27T16:08:00+00:00,2026-09-27 21:08:00,77.2,1005.8,81
10.9,16.0,35.5,992.0,288.0,44.8,5.6,2.8,0.7,444.1,173.9,11.6,5.0,49.0,27.7,23.34,False,4095,0.0,18.1,0.0,EXT-OPEN-METEO-KHI,KARACHI,OPENSOURCE_API_GRID,970,,,,0.95,True,True,TIER2_OPENSOURCE_PURE;CONTINUOUS_MINUTE_STREAM;VERIFIED_MODEL_GRID,535090045c852624a1f34a391c97b6f467a2cfcd9a00ca6f7a2ad8b5263d627a,2026-09-27T16:09:00+00:00,2026-09-27 21:09:00,77.2,1005.8,81
10.8,15.9,35.5,985.8,286.2,44.5,5.6,2.8,0.7,444.1,173.9,11.6,5.0,49.0,27.7,23.34,False,4095,0.0,18.1,0.0,EXT-OPEN-METEO-KHI,KARACHI,OPENSOURCE_API_GRID,971,,,,0.95,True,True,TIER2_OPENSOURCE_PURE;CONTINUOUS_MINUTE_STREAM;VERIFIED_MODEL_GRID,074b2ed62f7b1941202cd5e894505a126f4d42d6b2829ca8ae335349349f61a1,2026-09-27T16:10:00+00:00,2026-09-27 21:10:00,77.2,1005.8,81
10.8,15.9,35.4,985.8,286.2,44.5,5.6,2.8,0.7,444.1,173.8,11.6,5.0,49.0,27.7,23.34,False,4095,0.0,18.1,0.0,EXT-OPEN-METEO-KHI,KARACHI,OPENSOURCE_API_GRID,972,,,,0.95,True,True,TIER2_OPENSOURCE_PURE;CONTINUOUS_MINUTE_STREAM;VERIFIED_MODEL_GRID,abdee4fee103037309377d170beaf06f161eaec3401780dd790f5cca96082625,2026-09-27T16:11:00+00:00,2026-09-27 21:11:00,77.2,1005.8,81
10.8,15.9,35.3,985.8,286.2,44.5,5.6,2.8,0.7,444.1,173.8,11.6,5.0,49.0,27.7,23.34,False,4095,0.0,18.1,0.0,EXT-OPEN-METEO-KHI,KARACHI,OPENSOURCE_API_GRID,973,,,,0.95,True,True,TIER2_OPENSOURCE_PURE;CONTINUOUS_MINUTE_STREAM;VERIFIED_MODEL_GRID,a0e604bcf912bff496ca84486b60508e2fd8bdaa44d6295baf1b79332c9686b7,2026-09-27T16:12:00+00:00,2026-09-27 21:12:00,77.2,1005.8,81
10.7,15.8,35.2,979.6,284.4,44.2,5.5,2.8,0.7,444.1,173.8,11.6,5.0,49.0,27.7,23.36,False,4095,0.0,18.1,0.0,EXT-OPEN-METEO-KHI,KARACHI,OPENSOURCE_API_GRID,974,,,,0.95,True,True,TIER2_OPENSOURCE_PURE;CONTINUOUS_MINUTE_STREAM;VERIFIED_MODEL_GRID,fc6c87fd09c135911674e7839fbec1dec4a068d6421f9cfc5ca57179372048f4,2026-09-27T16:13:00+00:00,2026-09-27 21:13:00,77.3,1005.9,81
10.7,15.8,35.1,979.6,284.4,44.2,5.5,2.8,0.7,444.1,173.7,11.5,5.0,49.0,27.7,23.36,False,4095,0.0,18.1,0.0,EXT-OPEN-METEO-KHI,KARACHI,OPENSOURCE_API_GRID,975,,,,0.95,True,True,TIER2_OPENSOURCE_PURE;CONTINUOUS_MINUTE_STREAM;VERIFIED_MODEL_GRID,d3948d89f18d9905a900f2734a6bba35c19447a82d256450bf3963fdfcb7d20c,2026-09-27T16:14:00+00:00,2026-09-27 21:14:00,77.3,1005.9,81
10.7,15.7,35.0,973.4,282.6,44.0,5.5,2.8,0.7,444.1,173.7,11.5,5.0,49.0,27.7,23.36,False,4095,0.0,18.1,0.0,EXT-OPEN-METEO-KHI,KARACHI,OPENSOURCE_API_GRID,976,,,,0.95,True,True,TIER2_OPENSOURCE_PURE;CONTINUOUS_MINUTE_STREAM;VERIFIED_MODEL_GRID,917c569f41f73fd75c61b03c5328e9456f2adf6f9c75386273211deb6660c4fc,2026-09-27T16:15:00+00:00,2026-09-27 21:15:00,77.3,1005.9,81
10.7,15.7,34.8,973.4,282.6,44.0,5.5,2.8,0.7,444.2,173.7,11.5,5.0,49.0,27.7,23.39,False,4095,0.0,18.2,0.0,EXT-OPEN-METEO-KHI,KARACHI,OPENSOURCE_API_GRID,977,,,,0.95,True,True,TIER2_OPENSOURCE_PURE;CONTINUOUS_MINUTE_STREAM;VERIFIED_MODEL_GRID,a7ca7566a82fa3e8cf0ed7dc5bdac71895d74faf12ad018dce91df34938b9895,2026-09-27T16:16:00+00:00,2026-09-27 21:16:00,77.4,1005.9,81
10.6,15.6,34.7,967.2,280.8,43.7,5.5,2.8,0.7,444.2,173.6,11.5,5.0,49.0,27.6,23.29,False,4095,0.0,18.2,0.0,EXT-OPEN-METEO-KHI,KARACHI,OPENSOURCE_API_GRID,978,,,,0.95,True,True,TIER2_OPENSOURCE_PURE;CONTINUOUS_MINUTE_STREAM;VERIFIED_MODEL_GRID,99ec808f846fabdf957e08ba2572a7eb3e112cfd868e84e8d69faaeefc435c12,2026-09-27T16:17:00+00:00,2026-09-27 21:17:00,77.4,1005.9,81
10.6,15.6,34.6,967.2,280.8,43.7,5.5,2.8,0.7,444.2,173.6,11.5,5.0,49.0,27.6,23.31,False,4095,0.0,18.2,0.0,EXT-OPEN-METEO-KHI,KARACHI,OPENSOURCE_API_GRID,979,,,,0.95,True,True,TIER2_OPENSOURCE_PURE;CONTINUOUS_MINUTE_STREAM;VERIFIED_MODEL_GRID,ac00b886d1ffbcc0631e51239aedd67036e6b465be0e87d46ab8cdb1f7856e3b,2026-09-27T16:18:00+00:00,2026-09-27 21:18:00,77.5,1005.9,81
10.5,15.5,34.5,961.0,279.0,43.4,5.4,2.8,0.7,444.2,173.5,11.4,5.0,49.0,27.6,23.31,False,4095,0.0,18.2,0.0,EXT-OPEN-METEO-KHI,KARACHI,OPENSOURCE_API_GRID,980,,,,0.95,True,True,TIER2_OPENSOURCE_PURE;CONTINUOUS_MINUTE_STREAM;VERIFIED_MODEL_GRID,4acf926c4a6806803e537146522d01545b6165eb561db44f80c16b14a790a8fa,2026-09-27T16:19:00+00:00,2026-09-27 21:19:00,77.5,1005.9,81
10.5,15.5,34.4,961.0,279.0,43.4,5.4,2.8,0.7,444.2,173.5,11.4,5.0,49.0,27.6,23.33,False,4095,0.0,18.2,0.0,EXT-OPEN-METEO-KHI,KARACHI,OPENSOURCE_API_GRID,981,,,,0.95,True,True,TIER2_OPENSOURCE_PURE;CONTINUOUS_MINUTE_STREAM;VERIFIED_MODEL_GRID,18e91b160945cb1638668ad78555c4a8dcbe09e56cdccfb6bce430e1e8ec4eee,2026-09-27T16:20:00+00:00,2026-09-27 21:20:00,77.6,1005.9,81
10.5,15.5,34.3,961.0,279.0,43.4,5.4,2.7,0.7,444.3,173.5,11.4,5.0,49.0,27.6,23.35,False,4095,0.0,18.3,0.0,EXT-OPEN-METEO-KHI,KARACHI,OPENSOURCE_API_GRID,982,,,,0.95,True,True,TIER2_OPENSOURCE_PURE;CONTINUOUS_MINUTE_STREAM;VERIFIED_MODEL_GRID,4b91bf8c4f754d650ece7a5e9b60cdf44cb3c6dcc1cf9277587889d8a8dc56e7,2026-09-27T16:21:00+00:00,2026-09-27 21:21:00,77.7,1005.9,81
10.5,15.5,34.2,961.0,279.0,43.4,5.4,2.7,0.7,444.3,173.4,11.3,5.0,49.0,27.6,23.35,False,4095,0.0,18.3,0.0,EXT-OPEN-METEO-KHI,KARACHI,OPENSOURCE_API_GRID,983,,,,0.95,True,True,TIER2_OPENSOURCE_PURE;CONTINUOUS_MINUTE_STREAM;VERIFIED_MODEL_GRID,4d00dd6d41b256024c844d27330f2cef429c9e446689f3aefb9368799c80a826,2026-09-27T16:22:00+00:00,2026-09-27 21:22:00,77.7,1005.9,81
10.5,15.4,34.1,954.8,277.2,43.1,5.4,2.7,0.7,444.3,173.4,11.3,5.0,49.0,27.6,23.37,False,4095,0.0,18.3,0.0,EXT-OPEN-METEO-KHI,KARACHI,OPENSOURCE_API_GRID,984,,,,0.95,True,True,TIER2_OPENSOURCE_PURE;CONTINUOUS_MINUTE_STREAM;VERIFIED_MODEL_GRID,7303f7f71379b09644a5f17f94e595ba043b0a5027f558d953caa28441c884ab,2026-09-27T16:23:00+00:00,2026-09-27 21:23:00,77.8,1005.9,81
10.5,15.4,34.1,954.8,277.2,43.1,5.4,2.7,0.7,444.3,173.3,11.3,5.0,49.0,27.5,23.3,False,4095,0.0,18.3,0.0,EXT-OPEN-METEO-KHI,KARACHI,OPENSOURCE_API_GRID,985,,,,0.95,True,True,TIER2_OPENSOURCE_PURE;CONTINUOUS_MINUTE_STREAM;VERIFIED_MODEL_GRID,90a88e2fe503c5d633b3315561e741bfa7997dac20d65958d8ea660d22632a84,2026-09-27T16:24:00+00:00,2026-09-27 21:24:00,77.9,1005.9,81
10.5,15.5,34.0,961.0,279.0,43.4,5.4,2.7,0.7,444.4,173.3,11.3,5.0,49.0,27.5,23.32,False,4095,0.0,18.4,0.0,EXT-OPEN-METEO-KHI,KARACHI,OPENSOURCE_API_GRID,986,,,,0.95,True,True,TIER2_OPENSOURCE_PURE;CONTINUOUS_MINUTE_STREAM;VERIFIED_MODEL_GRID,d7d5e15a5c9933299e7c695970553b1e95ae3774e7b4baecb70e44d56d1fad73,2026-09-27T16:25:00+00:00,2026-09-27 21:25:00,78.0,1005.9,81
10.5,15.5,34.0,961.0,279.0,43.4,5.4,2.7,0.7,444.4,173.2,11.2,5.0,49.0,27.5,23.34,False,4095,0.0,18.4,0.0,EXT-OPEN-METEO-KHI,KARACHI,OPENSOURCE_API_GRID,987,,,,0.95,True,True,TIER2_OPENSOURCE_PURE;CONTINUOUS_MINUTE_STREAM;VERIFIED_MODEL_GRID,54cedb9a3dda4f137d4879bcb8934bf4b371557902865b6f57ecc3882bc015c2,2026-09-27T16:26:00+00:00,2026-09-27 21:26:00,78.1,1005.9,81
10.5,15.5,34.0,961.0,279.0,43.4,5.4,2.7,0.7,444.4,173.2,11.2,5.0,49.0,27.5,23.36,False,4095,0.0,18.4,0.0,EXT-OPEN-METEO-KHI,KARACHI,OPENSOURCE_API_GRID,988,,,,0.95,True,True,TIER2_OPENSOURCE_PURE;CONTINUOUS_MINUTE_STREAM;VERIFIED_MODEL_GRID,bab0b64e91b9d9773090d6a8a51a24dacdb0d9028607a0696b788a7176348e85,2026-09-27T16:27:00+00:00,2026-09-27 21:27:00,78.2,1005.9,81
10.5,15.5,34.0,961.0,279.0,43.4,5.4,2.7,0.7,444.4,173.1,11.2,5.0,49.0,27.5,23.38,False,4095,0.0,18.4,0.0,EXT-OPEN-METEO-KHI,KARACHI,OPENSOURCE_API_GRID,989,,,,0.95,True,True,TIER2_OPENSOURCE_PURE;CONTINUOUS_MINUTE_STREAM;VERIFIED_MODEL_GRID,d468ce52d20ea552b13b1f51fb00d2eee5900af70fabc58b653f74cfb4020345,2026-09-27T16:28:00+00:00,2026-09-27 21:28:00,78.3,1005.9,81
10.6,15.6,34.0,967.2,280.8,43.7,5.5,2.7,0.7,444.5,173.1,11.1,5.0,49.0,27.5,23.4,False,4095,0.0,18.5,0.0,EXT-OPEN-METEO-KHI,KARACHI,OPENSOURCE_API_GRID,990,,,,0.95,True,True,TIER2_OPENSOURCE_PURE;CONTINUOUS_MINUTE_STREAM;VERIFIED_MODEL_GRID,3b413622e4ddcc70df63a981aec33a57b1ea360fd7b91f08fd85e73f1a0a33ee,2026-09-27T16:29:00+00:00,2026-09-27 21:29:00,78.4,1005.9,81
10.6,15.6,33.9,967.2,280.8,43.7,5.5,2.7,0.7,444.5,173.0,11.1,4.9,49.0,27.5,23.43,False,4095,0.0,18.5,0.0,EXT-OPEN-METEO-KHI,KARACHI,OPENSOURCE_API_GRID,991,,,,0.95,True,True,TIER2_OPENSOURCE_PURE;CONTINUOUS_MINUTE_STREAM;VERIFIED_MODEL_GRID,7032b6595ef10c857915a979522af7bf7ad425dffec13636740936bd5ddfe756,2026-09-27T16:30:00+00:00,2026-09-27 21:30:00,78.5,1005.9,81
10.6,15.6,33.9,967.2,280.8,43.7,5.5,2.7,0.7,444.5,172.9,11.1,4.9,49.0,27.5,23.45,False,4095,0.0,18.5,0.0,EXT-OPEN-METEO-KHI,KARACHI,OPENSOURCE_API_GRID,992,,,,0.95,True,True,TIER2_OPENSOURCE_PURE;CONTINUOUS_MINUTE_STREAM;VERIFIED_MODEL_GRID,0b3785baa8f13925e225a9c1585f138b06d1b354d86b83fe349898b3247bbb73,2026-09-27T16:31:00+00:00,2026-09-27 21:31:00,78.6,1005.9,81
10.5,15.5,33.7,961.0,279.0,43.4,5.4,2.7,0.7,444.6,172.9,11.0,4.9,49.0,27.5,23.49,False,4095,0.0,18.6,0.0,EXT-OPEN-METEO-KHI,KARACHI,OPENSOURCE_API_GRID,993,,,,0.95,True,True,TIER2_OPENSOURCE_PURE;CONTINUOUS_MINUTE_STREAM;VERIFIED_MODEL_GRID,d0e159b1021fd05ef2534ad4e21a22d95883401022bbf3d31dc5a280c6f508c7,2026-09-27T16:32:00+00:00,2026-09-27 21:32:00,78.8,1006.0,81
10.6,15.6,33.7,967.2,280.8,43.7,5.5,2.7,0.7,444.6,172.8,11.0,4.9,49.0,27.5,23.51,False,4095,0.0,18.6,0.0,EXT-OPEN-METEO-KHI,KARACHI,OPENSOURCE_API_GRID,994,,,,0.95,True,True,TIER2_OPENSOURCE_PURE;CONTINUOUS_MINUTE_STREAM;VERIFIED_MODEL_GRID,20625ef5543157bd7e5c1de1f5d6b99f1aa144fb7eaba0c1bcd7dc10ebdd01d9,2026-09-27T16:33:00+00:00,2026-09-27 21:33:00,78.9,1006.0,81
10.6,15.6,33.7,967.2,280.8,43.7,5.5,2.7,0.7,444.6,172.8,11.0,4.9,49.0,27.5,23.53,False,4095,0.0,18.6,0.0,EXT-OPEN-METEO-KHI,KARACHI,OPENSOURCE_API_GRID,995,,,,0.95,True,True,TIER2_OPENSOURCE_PURE;CONTINUOUS_MINUTE_STREAM;VERIFIED_MODEL_GRID,b910c890a0191513c7f869df7dc97a9a9bd176e81ccfeaaaea613f6382038a68,2026-09-27T16:34:00+00:00,2026-09-27 21:34:00,79.0,1006.0,81
10.6,15.6,33.7,967.2,280.8,43.7,5.5,2.7,0.7,444.6,172.7,10.9,4.9,49.0,27.5,23.53,False,4095,0.0,18.6,0.0,EXT-OPEN-METEO-KHI,KARACHI,OPENSOURCE_API_GRID,996,,,,0.95,True,True,TIER2_OPENSOURCE_PURE;CONTINUOUS_MINUTE_STREAM;VERIFIED_MODEL_GRID,7b2f4660127125c46af920ceafc21f79e19efec05b8fe21001953d65f422135f,2026-09-27T16:35:00+00:00,2026-09-27 21:35:00,79.0,1006.0,81
10.6,15.6,33.7,967.2,280.8,43.7,5.5,2.7,0.7,444.7,172.7,10.9,4.9,49.0,27.5,23.55,False,4095,0.0,18.7,0.0,EXT-OPEN-METEO-KHI,KARACHI,OPENSOURCE_API_GRID,997,,,,0.95,True,True,TIER2_OPENSOURCE_PURE;CONTINUOUS_MINUTE_STREAM;VERIFIED_MODEL_GRID,e8b441db8d016ff2c887ebcac375d4aab2ab614890cd4332f511a6a1cede3fbe,2026-09-27T16:36:00+00:00,2026-09-27 21:36:00,79.1,1006.0,81
10.6,15.6,33.6,967.2,280.8,43.7,5.5,2.7,0.7,444.7,172.6,10.9,4.9,49.0,27.5,23.55,False,4095,0.0,18.7,0.0,EXT-OPEN-METEO-KHI,KARACHI,OPENSOURCE_API_GRID,998,,,,0.95,True,True,TIER2_OPENSOURCE_PURE;CONTINUOUS_MINUTE_STREAM;VERIFIED_MODEL_GRID,944441769099896568ae91ff514fb445e96ca3ef342f24fd445b43f48fb9c873,2026-09-27T16:37:00+00:00,2026-09-27 21:37:00,79.1,1006.0,81
10.6,15.6,33.6,967.2,280.8,43.7,5.5,2.7,0.7,444.7,172.6,10.9,4.9,49.0,27.5,23.57,False,4095,0.0,18.7,0.0,EXT-OPEN-METEO-KHI,KARACHI,OPENSOURCE_API_GRID,999,,,,0.95,True,True,TIER2_OPENSOURCE_PURE;CONTINUOUS_MINUTE_STREAM;VERIFIED_MODEL_GRID,89e30d8a843199844c52f6b78f89fd856c91682ffe646e66dae942a083dd95e6,2026-09-27T16:38:00+00:00,2026-09-27 21:38:00,79.2,1006.0,81
10.6,15.6,33.5,967.2,280.8,43.7,5.5,2.7,0.7,444.7,172.5,10.8,4.9,49.0,27.5,23.57,False,4095,0.0,18.7,0.0,EXT-OPEN-METEO-KHI,KARACHI,OPENSOURCE_API_GRID,1000,,,,0.95,True,True,TIER2_OPENSOURCE_PURE;CONTINUOUS_MINUTE_STREAM;VERIFIED_MODEL_GRID,c776e578f6eac65188c3df85ce401f1315b4d415f8969619937b238a66225cca,2026-09-27T16:39:00+00:00,2026-09-27 21:39:00,79.2,1006.0,81
10.6,15.6,33.4,967.2,280.8,43.7,5.5,2.7,0.7,444.8,172.5,10.8,4.9,49.0,27.5,23.59,False,4095,0.0,18.8,0.0,EXT-OPEN-METEO-KHI,KARACHI,OPENSOURCE_API_GRID,1001,,,,0.95,True,True,TIER2_OPENSOURCE_PURE;CONTINUOUS_MINUTE_STREAM;VERIFIED_MODEL_GRID,7e6e46da3e3711d7cd76aff69b6c5f5ea0b45ac7120623d2ff5de9a152919dff,2026-09-27T16:40:00+00:00,2026-09-27 21:40:00,79.3,1006.0,81
10.6,15.6,33.4,967.2,280.8,43.7,5.5,2.7,0.7,444.8,172.5,10.8,4.9,49.0,27.5,23.59,False,4095,0.0,18.8,0.0,EXT-OPEN-METEO-KHI,KARACHI,OPENSOURCE_API_GRID,1002,,,,0.95,True,True,TIER2_OPENSOURCE_PURE;CONTINUOUS_MINUTE_STREAM;VERIFIED_MODEL_GRID,b787c4c46ee56d3d8ba2044195ca3fecf57c7ee521edebe1456f2f6bbad0b99b,2026-09-27T16:41:00+00:00,2026-09-27 21:41:00,79.3,1006.0,81
10.6,15.6,33.3,967.2,280.8,43.7,5.5,2.7,0.7,444.8,172.4,10.7,4.9,49.0,27.5,23.62,False,4095,0.0,18.8,0.0,EXT-OPEN-METEO-KHI,KARACHI,OPENSOURCE_API_GRID,1003,,,,0.95,True,True,TIER2_OPENSOURCE_PURE;CONTINUOUS_MINUTE_STREAM;VERIFIED_MODEL_GRID,13e1fdaf0ea636b13c8f5db8610fcd6352c23d3ab0fecb2aef11b238e73930a5,2026-09-27T16:42:00+00:00,2026-09-27 21:42:00,79.4,1006.1,81
10.5,15.5,33.1,961.0,279.0,43.4,5.4,2.6,0.7,444.8,172.4,10.7,4.9,49.0,27.5,23.62,False,4095,0.0,18.8,0.0,EXT-OPEN-METEO-KHI,KARACHI,OPENSOURCE_API_GRID,1004,,,,0.95,True,True,TIER2_OPENSOURCE_PURE;CONTINUOUS_MINUTE_STREAM;VERIFIED_MODEL_GRID,5d1a4e2f519fdb6bb8e068b39867aeeb71e39e788bd72f0ca6da68acec82aed4,2026-09-27T16:43:00+00:00,2026-09-27 21:43:00,79.4,1006.1,81
10.5,15.5,33.0,961.0,279.0,43.4,5.4,2.6,0.7,444.8,172.3,10.7,4.9,49.0,27.5,23.62,False,4095,0.0,18.8,0.0,EXT-OPEN-METEO-KHI,KARACHI,OPENSOURCE_API_GRID,1005,,,,0.95,True,True,TIER2_OPENSOURCE_PURE;CONTINUOUS_MINUTE_STREAM;VERIFIED_MODEL_GRID,3cd3f11089a18dab3ac99bbdb13336a44bf2e6dac2b93b93c118f22afeb00850,2026-09-27T16:44:00+00:00,2026-09-27 21:44:00,79.4,1006.1,81
10.5,15.4,32.9,954.8,277.2,43.1,5.4,2.6,0.7,444.9,172.3,10.7,4.9,49.0,27.5,23.64,False,4095,0.0,18.9,0.0,EXT-OPEN-METEO-KHI,KARACHI,OPENSOURCE_API_GRID,1006,,,,0.95,True,True,TIER2_OPENSOURCE_PURE;CONTINUOUS_MINUTE_STREAM;VERIFIED_MODEL_GRID,96bccd64f582febe20a7646cda83d2ae89e31e068df029764d417116ce845a0e,2026-09-27T16:45:00+00:00,2026-09-27 21:45:00,79.5,1006.1,81
10.5,15.4,32.8,954.8,277.2,43.1,5.4,2.6,0.7,444.9,172.3,10.7,4.9,49.0,27.5,23.64,False,4095,0.0,18.9,0.0,EXT-OPEN-METEO-KHI,KARACHI,OPENSOURCE_API_GRID,1007,,,,0.95,True,True,TIER2_OPENSOURCE_PURE;CONTINUOUS_MINUTE_STREAM;VERIFIED_MODEL_GRID,28a35aa06f701eb96341e96ea2edec1237e6bdb513477fb1fb8fbfd0c4d0a033,2026-09-27T16:46:00+00:00,2026-09-27 21:46:00,79.5,1006.1,81
10.4,15.3,32.7,948.6,275.4,42.8,5.4,2.6,0.7,444.9,172.2,10.6,4.9,49.0,27.4,23.54,False,4095,0.0,18.9,0.0,EXT-OPEN-METEO-KHI,KARACHI,OPENSOURCE_API_GRID,1008,,,,0.95,True,True,TIER2_OPENSOURCE_PURE;CONTINUOUS_MINUTE_STREAM;VERIFIED_MODEL_GRID,54f57a5465e2a50fe08345c1f8c0f257508ddf291ef860bd6a27b4c64c8903a0,2026-09-27T16:47:00+00:00,2026-09-27 21:47:00,79.5,1006.1,81
10.4,15.3,32.6,948.6,275.4,42.8,5.4,2.6,0.7,444.9,172.2,10.6,4.9,49.0,27.4,23.56,False,4095,0.0,18.9,0.0,EXT-OPEN-METEO-KHI,KARACHI,OPENSOURCE_API_GRID,1009,,,,0.95,True,True,TIER2_OPENSOURCE_PURE;CONTINUOUS_MINUTE_STREAM;VERIFIED_MODEL_GRID,c8b83dab2afb78b0abd34471e7807b7d1ecdecb927d6999119ae5330f6f41e9c,2026-09-27T16:48:00+00:00,2026-09-27 21:48:00,79.6,1006.1,81
10.3,15.2,32.5,942.4,273.6,42.6,5.3,2.6,0.7,444.9,172.2,10.6,4.9,49.0,27.4,23.56,False,4095,0.0,18.9,0.0,EXT-OPEN-METEO-KHI,KARACHI,OPENSOURCE_API_GRID,1010,,,,0.95,True,True,TIER2_OPENSOURCE_PURE;CONTINUOUS_MINUTE_STREAM;VERIFIED_MODEL_GRID,8f56dea5a1b31bb551325ad98ecbe144d622258177a4c902657000efd647624d,2026-09-27T16:49:00+00:00,2026-09-27 21:49:00,79.6,1006.1,81
10.3,15.2,32.4,942.4,273.6,42.6,5.3,2.6,0.6,444.9,172.1,10.6,4.9,49.0,27.4,23.58,False,4095,0.0,18.9,0.0,EXT-OPEN-METEO-KHI,KARACHI,OPENSOURCE_API_GRID,1011,,,,0.95,True,True,TIER2_OPENSOURCE_PURE;CONTINUOUS_MINUTE_STREAM;VERIFIED_MODEL_GRID,df0331d5dee2d075789278db75c6fd2569483c998d5606f999e37c6265d3ee01,2026-09-27T16:50:00+00:00,2026-09-27 21:50:00,79.7,1006.1,81
10.3,15.2,32.3,942.4,273.6,42.6,5.3,2.6,0.6,444.9,172.1,10.6,4.9,49.0,27.4,23.58,False,4095,0.0,18.9,0.0,EXT-OPEN-METEO-KHI,KARACHI,OPENSOURCE_API_GRID,1012,,,,0.95,True,True,TIER2_OPENSOURCE_PURE;CONTINUOUS_MINUTE_STREAM;VERIFIED_MODEL_GRID,7d5abd7a61aa1546df7a96ceb543e4449f700523ea96ce66e636aba16c172e24,2026-09-27T16:51:00+00:00,2026-09-27 21:51:00,79.7,1006.1,81
10.3,15.1,32.2,936.2,271.8,42.3,5.3,2.6,0.6,445.0,172.1,10.6,4.9,49.0,27.4,23.58,False,4095,0.0,19.0,0.0,EXT-OPEN-METEO-KHI,KARACHI,OPENSOURCE_API_GRID,1013,,,,0.95,True,True,TIER2_OPENSOURCE_PURE;CONTINUOUS_MINUTE_STREAM;VERIFIED_MODEL_GRID,7e7f6af8c6dd0d2352e067135249f546721f55d8c230e1187ea39dcb00ea0382,2026-09-27T16:52:00+00:00,2026-09-27 21:52:00,79.7,1006.1,81
10.3,15.1,32.2,936.2,271.8,42.3,5.3,2.6,0.6,445.0,172.1,10.5,4.9,49.0,27.4,23.6,False,4095,0.0,19.0,0.0,EXT-OPEN-METEO-KHI,KARACHI,OPENSOURCE_API_GRID,1014,,,,0.95,True,True,TIER2_OPENSOURCE_PURE;CONTINUOUS_MINUTE_STREAM;VERIFIED_MODEL_GRID,7479dd9266fd7f44933f6ca8d6ffbcec01deb3a2608c4fbfb33f1cc491fcbc02,2026-09-27T16:53:00+00:00,2026-09-27 21:53:00,79.8,1006.1,81
10.3,15.1,32.2,936.2,271.8,42.3,5.3,2.6,0.6,445.0,172.0,10.5,4.9,49.0,27.4,23.6,False,4095,0.0,19.0,0.0,EXT-OPEN-METEO-KHI,KARACHI,OPENSOURCE_API_GRID,1015,,,,0.95,True,True,TIER2_OPENSOURCE_PURE;CONTINUOUS_MINUTE_STREAM;VERIFIED_MODEL_GRID,0939ee0f7ae6474b3a00e150efba2890652ccee4971a673403bd0aa9814b70a6,2026-09-27T16:54:00+00:00,2026-09-27 21:54:00,79.8,1006.1,81
10.3,15.1,32.2,936.2,271.8,42.3,5.3,2.6,0.6,445.0,172.0,10.5,4.9,49.0,27.4,23.6,False,4095,0.0,19.0,0.0,EXT-OPEN-METEO-KHI,KARACHI,OPENSOURCE_API_GRID,1016,,,,0.95,True,True,TIER2_OPENSOURCE_PURE;CONTINUOUS_MINUTE_STREAM;VERIFIED_MODEL_GRID,cd5b24f604809f33319dcce080f48a69c9a0050e1a71d9923b95eb58b16527e8,2026-09-27T16:55:00+00:00,2026-09-27 21:55:00,79.8,1006.1,81
10.3,15.1,32.2,936.2,271.8,42.3,5.3,2.6,0.6,445.0,172.0,10.5,4.9,49.0,27.4,23.62,False,4095,0.0,19.0,0.0,EXT-OPEN-METEO-KHI,KARACHI,OPENSOURCE_API_GRID,1017,,,,0.95,True,True,TIER2_OPENSOURCE_PURE;CONTINUOUS_MINUTE_STREAM;VERIFIED_MODEL_GRID,1760031dd6991fa02d6cbff13914d9c542c838fab24de9c58ff6044b6d1f693a,2026-09-27T16:56:00+00:00,2026-09-27 21:56:00,79.9,1006.1,81
10.3,15.2,32.2,942.4,273.6,42.6,5.3,2.6,0.6,445.0,172.0,10.5,4.9,49.0,27.4,23.62,False,4095,0.0,19.0,0.0,EXT-OPEN-METEO-KHI,KARACHI,OPENSOURCE_API_GRID,1018,,,,0.95,True,True,TIER2_OPENSOURCE_PURE;CONTINUOUS_MINUTE_STREAM;VERIFIED_MODEL_GRID,b3185246a11e016ed41e4adfe0ddb9a955db6cf2b438fc2ab52dda3b1aab2e7f,2026-09-27T16:57:00+00:00,2026-09-27 21:57:00,79.9,1006.1,81
10.3,15.2,32.3,942.4,273.6,42.6,5.3,2.6,0.6,445.0,172.0,10.5,4.9,49.0,27.4,23.62,False,4095,0.0,19.0,0.0,EXT-OPEN-METEO-KHI,KARACHI,OPENSOURCE_API_GRID,1019,,,,0.95,True,True,TIER2_OPENSOURCE_PURE;CONTINUOUS_MINUTE_STREAM;VERIFIED_MODEL_GRID,4d179c7e777e2fb3a508c8cfb836ca193d2c176b4ce5a727f9d43b8827329cfc,2026-09-27T16:58:00+00:00,2026-09-27 21:58:00,79.9,1006.1,81
10.3,15.2,32.3,942.4,273.6,42.6,5.3,2.6,0.6,445.0,172.0,10.5,4.9,49.0,27.4,23.64,False,4095,0.0,19.0,0.0,EXT-OPEN-METEO-KHI,KARACHI,OPENSOURCE_API_GRID,1020,,,,0.95,True,True,TIER2_OPENSOURCE_PURE;CONTINUOUS_MINUTE_STREAM;VERIFIED_MODEL_GRID,0ef7488793e84e262474df2e458c477ba9826e9fc12b79c50e839fdcf1e12a40,2026-09-27T16:59:00+00:00,2026-09-27 21:59:00,80.0,1006.1,81
10.4,15.3,32.4,948.6,275.4,42.8,5.4,2.6,0.6,445.0,172.0,10.5,4.9,49.0,27.4,23.64,False,4095,0.0,19.0,0.0,EXT-OPEN-METEO-KHI,KARACHI,OPENSOURCE_API_GRID,1021,,,,0.95,True,False,TIER2_OPENSOURCE_PURE;HOURLY_NODE;VERIFIED_MODEL_GRID,1044bf61a211ea8058ad3e2638aeba9a7876becebbb375ef9541a9547d9530f7,2026-09-27T17:00:00+00:00,2026-09-27 22:00:00,80.0,1006.1,81
10.4,15.3,32.4,948.6,275.4,42.8,5.4,2.6,0.6,445.0,172.0,10.5,4.9,49.0,27.4,23.64,False,4095,0.0,19.0,0.0,EXT-OPEN-METEO-KHI,KARACHI,OPENSOURCE_API_GRID,1022,,,,0.95,True,True,TIER2_OPENSOURCE_PURE;CONTINUOUS_MINUTE_STREAM;VERIFIED_MODEL_GRID,afc4939b7e410d5f70e1e22d3535d7ebf8d652c2e3972a6ef3b998c67c07c9fd,2026-09-27T17:01:00+00:00,2026-09-27 22:01:00,80.0,1006.1,81
10.5,15.4,32.5,954.8,277.2,43.1,5.4,2.6,0.7,445.0,172.0,10.5,4.9,49.0,27.4,23.66,False,4095,0.0,19.0,0.0,EXT-OPEN-METEO-KHI,KARACHI,OPENSOURCE_API_GRID,1023,,,,0.95,True,True,TIER2_OPENSOURCE_PURE;CONTINUOUS_MINUTE_STREAM;VERIFIED_MODEL_GRID,1d32e608247eeb7af12583f40a40d2b5943e9a7d5174f192666b624bd68e7bf9,2026-09-27T17:02:00+00:00,2026-09-27 22:02:00,80.1,1006.1,81
10.4,15.3,32.4,948.6,275.4,42.8,5.4,2.6,0.6,445.0,172.0,10.5,4.9,49.0,27.4,23.68,False,4095,0.0,19.0,0.0,EXT-OPEN-METEO-KHI,KARACHI,OPENSOURCE_API_GRID,1024,,,,0.95,True,True,TIER2_OPENSOURCE_PURE;CONTINUOUS_MINUTE_STREAM;VERIFIED_MODEL_GRID,a53ccb9f5fb3285885e1cc577fec9c24961fbb8db238a7201da095d16e45f2b7,2026-09-27T17:03:00+00:00,2026-09-27 22:03:00,80.2,1006.1,81
10.4,15.3,32.4,948.6,275.4,42.8,5.4,2.6,0.6,445.0,171.9,10.5,4.9,49.0,27.4,23.68,False,4095,0.0,18.9,0.0,EXT-OPEN-METEO-KHI,KARACHI,OPENSOURCE_API_GRID,1025,,,,0.95,True,True,TIER2_OPENSOURCE_PURE;CONTINUOUS_MINUTE_STREAM;VERIFIED_MODEL_GRID,bc8d72ad211e47711fc4878db753b9405469b222e828f1790e7726042cace077,2026-09-27T17:04:00+00:00,2026-09-27 22:04:00,80.2,1006.1,81
10.5,15.4,32.5,954.8,277.2,43.1,5.4,2.6,0.7,445.0,171.9,10.5,4.9,49.0,27.4,23.68,False,4095,0.0,18.9,0.0,EXT-OPEN-METEO-KHI,KARACHI,OPENSOURCE_API_GRID,1026,,,,0.95,True,True,TIER2_OPENSOURCE_PURE;CONTINUOUS_MINUTE_STREAM;VERIFIED_MODEL_GRID,8341b7474e5883f61ce26fdeec63fcff7fe2e198d9f7aad9644dd92c5ca765d2,2026-09-27T17:05:00+00:00,2026-09-27 22:05:00,80.2,1006.1,81
10.5,15.4,32.5,954.8,277.2,43.1,5.4,2.6,0.7,445.0,171.9,10.5,4.9,49.0,27.4,23.68,False,4095,0.0,18.9,0.0,EXT-OPEN-METEO-KHI,KARACHI,OPENSOURCE_API_GRID,1027,,,,0.95,True,True,TIER2_OPENSOURCE_PURE;CONTINUOUS_MINUTE_STREAM;VERIFIED_MODEL_GRID,15ea4dc735566d90e3bedc777f6faa04989d6a6327f1c625afdf60a5861841af,2026-09-27T17:06:00+00:00,2026-09-27 22:06:00,80.2,1006.1,81
10.5,15.4,32.5,954.8,277.2,43.1,5.4,2.6,0.7,445.0,171.8,10.5,4.9,49.0,27.4,23.71,False,4095,0.0,18.8,0.0,EXT-OPEN-METEO-KHI,KARACHI,OPENSOURCE_API_GRID,1028,,,,0.95,True,True,TIER2_OPENSOURCE_PURE;CONTINUOUS_MINUTE_STREAM;VERIFIED_MODEL_GRID,fc796560b81cddc1135ec6ac2bb2dbe5b6c3025943b60eca77bdfcb3d1177d93,2026-09-27T17:07:00+00:00,2026-09-27 22:07:00,80.3,1006.1,81
10.5,15.5,32.6,961.0,279.0,43.4,5.4,2.6,0.7,445.0,171.7,10.4,4.9,49.0,27.4,23.71,False,4095,0.0,18.8,0.0,EXT-OPEN-METEO-KHI,KARACHI,OPENSOURCE_API_GRID,1029,,,,0.95,True,True,TIER2_OPENSOURCE_PURE;CONTINUOUS_MINUTE_STREAM;VERIFIED_MODEL_GRID,3a73b44ba61db12f3d7afabe9ef1b33e1693887644022a249dbad3a61ea2dd4b,2026-09-27T17:08:00+00:00,2026-09-27 22:08:00,80.3,1006.1,81
10.5,15.5,32.6,961.0,279.0,43.4,5.4,2.6,0.7,445.0,171.7,10.4,4.9,49.1,27.4,23.71,False,4095,0.0,18.7,0.0,EXT-OPEN-METEO-KHI,KARACHI,OPENSOURCE_API_GRID,1030,,,,0.95,True,True,TIER2_OPENSOURCE_PURE;CONTINUOUS_MINUTE_STREAM;VERIFIED_MODEL_GRID,fe5fb106c542880441c999e8e87a0c88c6679c60294d3b80f8eb00e25998b3a9,2026-09-27T17:09:00+00:00,2026-09-27 22:09:00,80.3,1006.1,81
10.5,15.5,32.5,961.0,279.0,43.4,5.4,2.6,0.7,445.0,171.6,10.4,4.9,49.1,27.4,23.71,False,4095,0.0,18.7,0.0,EXT-OPEN-METEO-KHI,KARACHI,OPENSOURCE_API_GRID,1031,,,,0.95,True,True,TIER2_OPENSOURCE_PURE;CONTINUOUS_MINUTE_STREAM;VERIFIED_MODEL_GRID,f75dc8c4af0edb462eb13b15b841066e2d5d303edeb10cc2c80b38620e89d2b7,2026-09-27T17:10:00+00:00,2026-09-27 22:10:00,80.3,1006.1,81
10.5,15.5,32.5,961.0,279.0,43.4,5.4,2.6,0.7,445.0,171.5,10.4,4.9,49.1,27.4,23.73,False,4095,0.0,18.6,0.0,EXT-OPEN-METEO-KHI,KARACHI,OPENSOURCE_API_GRID,1032,,,,0.95,True,True,TIER2_OPENSOURCE_PURE;CONTINUOUS_MINUTE_STREAM;VERIFIED_MODEL_GRID,a0c813f78b5effbb73bb301f907120fe8225c5e7fb3badb035a43e5dfe4ea009,2026-09-27T17:11:00+00:00,2026-09-27 22:11:00,80.4,1006.1,81
10.5,15.5,32.4,961.0,279.0,43.4,5.4,2.6,0.6,445.0,171.4,10.4,4.9,49.1,27.4,23.73,False,4095,0.0,18.5,0.0,EXT-OPEN-METEO-KHI,KARACHI,OPENSOURCE_API_GRID,1033,,,,0.95,True,True,TIER2_OPENSOURCE_PURE;CONTINUOUS_MINUTE_STREAM;VERIFIED_MODEL_GRID,9c6e5de4c0e19235c896bbb6a18126b3d9fb19501faad8ae397d61de022b7544,2026-09-27T17:12:00+00:00,2026-09-27 22:12:00,80.4,1006.1,81
10.5,15.4,32.4,954.8,277.2,43.1,5.4,2.6,0.6,445.0,171.3,10.3,4.9,49.1,27.4,23.73,False,4095,0.0,18.4,0.0,EXT-OPEN-METEO-KHI,KARACHI,OPENSOURCE_API_GRID,1034,,,,0.95,True,True,TIER2_OPENSOURCE_PURE;CONTINUOUS_MINUTE_STREAM;VERIFIED_MODEL_GRID,aa2e4a1904aa9ccc9cb8b4bf62233fe889f0ce882d1c4f27232a6b4c393ade04,2026-09-27T17:13:00+00:00,2026-09-27 22:13:00,80.4,1006.1,81
10.5,15.4,32.3,954.8,277.2,43.1,5.4,2.6,0.6,445.0,171.2,10.3,4.9,49.1,27.4,23.75,False,4095,0.0,18.4,0.0,EXT-OPEN-METEO-KHI,KARACHI,OPENSOURCE_API_GRID,1035,,,,0.95,True,True,TIER2_OPENSOURCE_PURE;CONTINUOUS_MINUTE_STREAM;VERIFIED_MODEL_GRID,afd5ae7902368b3db1962ee27e0873350951a5799eb7e9ab9ca874c67c5a52cf,2026-09-27T17:14:00+00:00,2026-09-27 22:14:00,80.5,1006.1,81
10.4,15.3,32.2,948.6,275.4,42.8,5.4,2.6,0.6,445.0,171.1,10.3,4.9,49.1,27.4,23.75,False,4095,0.0,18.3,0.0,EXT-OPEN-METEO-KHI,KARACHI,OPENSOURCE_API_GRID,1036,,,,0.95,True,True,TIER2_OPENSOURCE_PURE;CONTINUOUS_MINUTE_STREAM;VERIFIED_MODEL_GRID,653c6c4672f17a1020b220a368432c389a5a06c313ed79803a7b7021958ab18d,2026-09-27T17:15:00+00:00,2026-09-27 22:15:00,80.5,1006.1,81
10.4,15.3,32.1,948.6,275.4,42.8,5.4,2.6,0.6,445.0,171.0,10.3,4.9,49.2,27.4,23.77,False,4095,0.0,18.2,0.0,EXT-OPEN-METEO-KHI,KARACHI,OPENSOURCE_API_GRID,1037,,,,0.95,True,True,TIER2_OPENSOURCE_PURE;CONTINUOUS_MINUTE_STREAM;VERIFIED_MODEL_GRID,db72a0daf3a6f102fdc8f05411ce31092e63a99e843a2fa10c42caf9fcef1227,2026-09-27T17:16:00+00:00,2026-09-27 22:16:00,80.6,1006.1,81
10.4,15.3,31.9,948.6,275.4,42.8,5.4,2.6,0.6,445.0,170.9,10.2,4.9,49.2,27.3,23.67,False,4095,0.0,18.1,0.0,EXT-OPEN-METEO-KHI,KARACHI,OPENSOURCE_API_GRID,1038,,,,0.95,True,True,TIER2_OPENSOURCE_PURE;CONTINUOUS_MINUTE_STREAM;VERIFIED_MODEL_GRID,ba8ca9a23b0564c84df2dd1ca60a8fab6a4bfcfb2c8961bbab9cac1460c97e67,2026-09-27T17:17:00+00:00,2026-09-27 22:17:00,80.6,1006.1,81
10.3,15.2,31.8,942.4,273.6,42.6,5.3,2.5,0.6,445.0,170.8,10.2,4.9,49.2,27.3,23.69,False,4095,0.0,18.0,0.0,EXT-OPEN-METEO-KHI,KARACHI,OPENSOURCE_API_GRID,1039,,,,0.95,True,True,TIER2_OPENSOURCE_PURE;CONTINUOUS_MINUTE_STREAM;VERIFIED_MODEL_GRID,86f78a9a643d1a7e6583ff2d302f4ecb3a994728c072cf40f13fd37f20d9cb30,2026-09-27T17:18:00+00:00,2026-09-27 22:18:00,80.7,1006.1,81
10.3,15.2,31.7,942.4,273.6,42.6,5.3,2.5,0.6,445.0,170.6,10.2,4.9,49.2,27.3,23.71,False,4095,0.0,17.9,0.0,EXT-OPEN-METEO-KHI,KARACHI,OPENSOURCE_API_GRID,1040,,,,0.95,True,True,TIER2_OPENSOURCE_PURE;CONTINUOUS_MINUTE_STREAM;VERIFIED_MODEL_GRID,bcfc42fb8504f863c96648a68138d2d03b9360828bc4f7dd8adafc29c82b98df,2026-09-27T17:19:00+00:00,2026-09-27 22:19:00,80.8,1006.1,81
10.3,15.1,31.6,936.2,271.8,42.3,5.3,2.5,0.6,445.0,170.5,10.1,4.8,49.2,27.3,23.73,False,4095,0.0,17.8,0.0,EXT-OPEN-METEO-KHI,KARACHI,OPENSOURCE_API_GRID,1041,,,,0.95,True,True,TIER2_OPENSOURCE_PURE;CONTINUOUS_MINUTE_STREAM;VERIFIED_MODEL_GRID,d8390ee036440b6ed0f64c8961faf8dc95693273cd86ac947ed196b673d2e1ff,2026-09-27T17:20:00+00:00,2026-09-27 22:20:00,80.9,1006.1,81
10.3,15.1,31.5,936.2,271.8,42.3,5.3,2.5,0.6,445.0,170.4,10.1,4.8,49.3,27.3,23.73,False,4095,0.0,17.6,0.0,EXT-OPEN-METEO-KHI,KARACHI,OPENSOURCE_API_GRID,1042,,,,0.95,True,True,TIER2_OPENSOURCE_PURE;CONTINUOUS_MINUTE_STREAM;VERIFIED_MODEL_GRID,e67ee7945068aac525533ec5ad2b6028c60206e0bae1965f8ad2a1853d6fc816,2026-09-27T17:21:00+00:00,2026-09-27 22:21:00,80.9,1006.1,81
10.2,15.0,31.4,930.0,270.0,42.0,5.2,2.5,0.6,445.0,170.2,10.1,4.8,49.3,27.3,23.75,False,4095,0.0,17.5,0.0,EXT-OPEN-METEO-KHI,KARACHI,OPENSOURCE_API_GRID,1043,,,,0.95,True,True,TIER2_OPENSOURCE_PURE;CONTINUOUS_MINUTE_STREAM;VERIFIED_MODEL_GRID,6ca1d2dad889c907568cb70baf6b445bb1f7b69441fd1d8903eef8af0310f36e,2026-09-27T17:22:00+00:00,2026-09-27 22:22:00,81.0,1006.1,81
10.2,15.0,31.3,930.0,270.0,42.0,5.2,2.5,0.6,445.0,170.1,10.1,4.8,49.3,27.2,23.68,False,4095,0.0,17.4,0.0,EXT-OPEN-METEO-KHI,KARACHI,OPENSOURCE_API_GRID,1044,,,,0.95,True,True,TIER2_OPENSOURCE_PURE;CONTINUOUS_MINUTE_STREAM;VERIFIED_MODEL_GRID,621bcfcc9a8eae891d0e069e89de4ffa660da18e706d6613154caf4004504566,2026-09-27T17:23:00+00:00,2026-09-27 22:23:00,81.1,1006.1,81
10.2,15.0,31.2,930.0,270.0,42.0,5.2,2.5,0.6,445.0,169.9,10.0,4.8,49.3,27.2,23.7,False,4095,0.0,17.3,0.0,EXT-OPEN-METEO-KHI,KARACHI,OPENSOURCE_API_GRID,1045,,,,0.95,True,True,TIER2_OPENSOURCE_PURE;CONTINUOUS_MINUTE_STREAM;VERIFIED_MODEL_GRID,146d1d64b3806ad892b693d1c69f44c67e32c2ad2b22b43d418b470a0ba8c328,2026-09-27T17:24:00+00:00,2026-09-27 22:24:00,81.2,1006.1,81
10.2,15.0,31.2,930.0,270.0,42.0,5.2,2.5,0.6,445.0,169.8,10.0,4.8,49.4,27.2,23.74,False,4095,0.0,17.1,0.0,EXT-OPEN-METEO-KHI,KARACHI,OPENSOURCE_API_GRID,1046,,,,0.95,True,True,TIER2_OPENSOURCE_PURE;CONTINUOUS_MINUTE_STREAM;VERIFIED_MODEL_GRID,bd2e4fc204f5f4ede2230f57179bc45f83613ae89238d0a35642d73282ae1947,2026-09-27T17:25:00+00:00,2026-09-27 22:25:00,81.4,1006.1,81
10.2,15.0,31.1,930.0,270.0,42.0,5.2,2.5,0.6,445.0,169.6,9.9,4.8,49.4,27.2,23.76,False,4095,0.0,17.0,0.0,EXT-OPEN-METEO-KHI,KARACHI,OPENSOURCE_API_GRID,1047,,,,0.95,True,True,TIER2_OPENSOURCE_PURE;CONTINUOUS_MINUTE_STREAM;VERIFIED_MODEL_GRID,26bcad97f0fdef0e771f8115870bc24ba2d1b72ee72c00d9b40cd29daa87c12f,2026-09-27T17:26:00+00:00,2026-09-27 22:26:00,81.5,1006.1,81
10.2,15.0,31.1,930.0,270.0,42.0,5.2,2.5,0.6,445.0,169.5,9.9,4.8,49.4,27.2,23.78,False,4095,0.0,16.9,0.0,EXT-OPEN-METEO-KHI,KARACHI,OPENSOURCE_API_GRID,1048,,,,0.95,True,True,TIER2_OPENSOURCE_PURE;CONTINUOUS_MINUTE_STREAM;VERIFIED_MODEL_GRID,3a47174e045045ab5da36930f9303c1429e70075548532cb84cd105244bee3bb,2026-09-27T17:27:00+00:00,2026-09-27 22:27:00,81.6,1006.1,81
10.2,15.0,31.1,930.0,270.0,42.0,5.2,2.5,0.6,445.0,169.3,9.9,4.8,49.4,27.2,23.8,False,4095,0.0,16.8,0.0,EXT-OPEN-METEO-KHI,KARACHI,OPENSOURCE_API_GRID,1049,,,,0.95,True,True,TIER2_OPENSOURCE_PURE;CONTINUOUS_MINUTE_STREAM;VERIFIED_MODEL_GRID,d3d62fac6d77bd7a864c24d20c352df0e672e584e0a6258e0dc96ae06214c424,2026-09-27T17:28:00+00:00,2026-09-27 22:28:00,81.7,1006.1,81
10.3,15.1,31.1,936.2,271.8,42.3,5.3,2.5,0.6,445.0,169.2,9.8,4.8,49.5,27.2,23.82,False,4095,0.0,16.6,0.0,EXT-OPEN-METEO-KHI,KARACHI,OPENSOURCE_API_GRID,1050,,,,0.95,True,True,TIER2_OPENSOURCE_PURE;CONTINUOUS_MINUTE_STREAM;VERIFIED_MODEL_GRID,47df0034d0a0da7b6a6dcc59d241578b485d25ff994711356731e8f234d4b074,2026-09-27T17:29:00+00:00,2026-09-27 22:29:00,81.8,1006.1,81
10.3,15.1,31.1,936.2,271.8,42.3,5.3,2.5,0.6,445.0,169.0,9.8,4.8,49.5,27.2,23.86,False,4095,0.0,16.5,0.0,EXT-OPEN-METEO-KHI,KARACHI,OPENSOURCE_API_GRID,1051,,,,0.95,True,True,TIER2_OPENSOURCE_PURE;CONTINUOUS_MINUTE_STREAM;VERIFIED_MODEL_GRID,647807447c26734758ecfd0025f2cb5e1955b8cdd62034e60b3f533bda609cb7,2026-09-27T17:30:00+00:00,2026-09-27 22:30:00,82.0,1006.1,81
10.3,15.1,31.1,936.2,271.8,42.3,5.3,2.5,0.6,445.0,168.8,9.8,4.8,49.5,27.2,23.88,False,4095,0.0,16.4,0.0,EXT-OPEN-METEO-KHI,KARACHI,OPENSOURCE_API_GRID,1052,,,,0.95,True,True,TIER2_OPENSOURCE_PURE;CONTINUOUS_MINUTE_STREAM;VERIFIED_MODEL_GRID,52d046251acf9a266e91102282bf684cbd562a53aadfe0f2aef1e969f51134c8,2026-09-27T17:31:00+00:00,2026-09-27 22:31:00,82.1,1006.1,81
10.3,15.2,31.1,942.4,273.6,42.6,5.3,2.5,0.6,445.0,168.7,9.7,4.8,49.6,27.2,23.9,False,4095,0.0,16.2,0.0,EXT-OPEN-METEO-KHI,KARACHI,OPENSOURCE_API_GRID,1053,,,,0.95,True,True,TIER2_OPENSOURCE_PURE;CONTINUOUS_MINUTE_STREAM;VERIFIED_MODEL_GRID,ed1fa7ead6b926c173f6702f1fc35eb8811a039e20cd3e646af251b5ab73ab32,2026-09-27T17:32:00+00:00,2026-09-27 22:32:00,82.2,1006.1,81
10.3,15.2,31.1,942.4,273.6,42.6,5.3,2.5,0.6,445.0,168.5,9.7,4.8,49.6,27.2,23.94,False,4095,0.0,16.1,0.0,EXT-OPEN-METEO-KHI,KARACHI,OPENSOURCE_API_GRID,1054,,,,0.95,True,True,TIER2_OPENSOURCE_PURE;CONTINUOUS_MINUTE_STREAM;VERIFIED_MODEL_GRID,c6deef90f4f33f0bc014f43eeba324aab23ea0c5f7ec36bad079fcd183b7f48b,2026-09-27T17:33:00+00:00,2026-09-27 22:33:00,82.4,1006.1,81
10.3,15.1,30.9,936.2,271.8,42.3,5.3,2.5,0.6,445.0,168.4,9.7,4.8,49.6,27.2,23.98,False,4095,0.0,16.0,0.0,EXT-OPEN-METEO-KHI,KARACHI,OPENSOURCE_API_GRID,1055,,,,0.95,True,True,TIER2_OPENSOURCE_PURE;CONTINUOUS_MINUTE_STREAM;VERIFIED_MODEL_GRID,bac44b686e2f42587c0e9e2268cbd6a9e2fb41870070b3025837186d7a8ffae3,2026-09-27T17:34:00+00:00,2026-09-27 22:34:00,82.6,1006.2,81
10.3,15.2,30.9,942.4,273.6,42.6,5.3,2.5,0.6,445.0,168.2,9.6,4.8,49.6,27.2,24.0,False,4095,0.0,15.9,0.0,EXT-OPEN-METEO-KHI,KARACHI,OPENSOURCE_API_GRID,1056,,,,0.95,True,True,TIER2_OPENSOURCE_PURE;CONTINUOUS_MINUTE_STREAM;VERIFIED_MODEL_GRID,6f1b32f2d1288b8677d81a81d6e9fc0109b501dc5f8c14fd6287aaf51404c351,2026-09-27T17:35:00+00:00,2026-09-27 22:35:00,82.7,1006.2,81
10.3,15.2,30.9,942.4,273.6,42.6,5.3,2.5,0.6,445.0,168.1,9.6,4.8,49.7,27.2,24.02,False,4095,0.0,15.7,0.0,EXT-OPEN-METEO-KHI,KARACHI,OPENSOURCE_API_GRID,1057,,,,0.95,True,True,TIER2_OPENSOURCE_PURE;CONTINUOUS_MINUTE_STREAM;VERIFIED_MODEL_GRID,dca42fa72eed6bce588e7e6dd99b697932551b120fabe681850a9c275474c7a7,2026-09-27T17:36:00+00:00,2026-09-27 22:36:00,82.8,1006.2,81
10.3,15.2,30.9,942.4,273.6,42.6,5.3,2.5,0.6,445.0,167.9,9.5,4.8,49.7,27.2,24.02,False,4095,0.0,15.6,0.0,EXT-OPEN-METEO-KHI,KARACHI,OPENSOURCE_API_GRID,1058,,,,0.95,True,True,TIER2_OPENSOURCE_PURE;CONTINUOUS_MINUTE_STREAM;VERIFIED_MODEL_GRID,349165b0bb5694d2ca6705fda17920d4f17ae96b107981da0a6fab43cc32dd98,2026-09-27T17:37:00+00:00,2026-09-27 22:37:00,82.8,1006.2,81
10.3,15.2,30.9,942.4,273.6,42.6,5.3,2.5,0.6,445.0,167.8,9.5,4.8,49.7,27.2,24.04,False,4095,0.0,15.5,0.0,EXT-OPEN-METEO-KHI,KARACHI,OPENSOURCE_API_GRID,1059,,,,0.95,True,True,TIER2_OPENSOURCE_PURE;CONTINUOUS_MINUTE_STREAM;VERIFIED_MODEL_GRID,2e12bb227cd5ab873cae379e1fe3a22afcca96c1739e198d0ad2baec27e72afe,2026-09-27T17:38:00+00:00,2026-09-27 22:38:00,82.9,1006.2,81
10.4,15.3,30.9,948.6,275.4,42.8,5.4,2.5,0.6,445.0,167.6,9.5,4.8,49.7,27.2,24.06,False,4095,0.0,15.4,0.0,EXT-OPEN-METEO-KHI,KARACHI,OPENSOURCE_API_GRID,1060,,,,0.95,True,True,TIER2_OPENSOURCE_PURE;CONTINUOUS_MINUTE_STREAM;VERIFIED_MODEL_GRID,e3f705932cb1a8a7c32a1435e8477d1a532f1bb2a408f1a4f76b7c8098322e28,2026-09-27T17:39:00+00:00,2026-09-27 22:39:00,83.0,1006.2,81
10.4,15.3,30.8,948.6,275.4,42.8,5.4,2.5,0.6,445.0,167.5,9.4,4.8,49.8,27.1,23.98,False,4095,0.0,15.2,0.0,EXT-OPEN-METEO-KHI,KARACHI,OPENSOURCE_API_GRID,1061,,,,0.95,True,True,TIER2_OPENSOURCE_PURE;CONTINUOUS_MINUTE_STREAM;VERIFIED_MODEL_GRID,f48689ff3763e164f8cc0d995fce9474945a85d4acaa66f36e863229b2830283,2026-09-27T17:40:00+00:00,2026-09-27 22:40:00,83.1,1006.2,81
10.4,15.3,30.8,948.6,275.4,42.8,5.4,2.5,0.6,445.0,167.4,9.4,4.7,49.8,27.1,23.98,False,4095,0.0,15.1,0.0,EXT-OPEN-METEO-KHI,KARACHI,OPENSOURCE_API_GRID,1062,,,,0.95,True,True,TIER2_OPENSOURCE_PURE;CONTINUOUS_MINUTE_STREAM;VERIFIED_MODEL_GRID,2cdf06d88d2d68a47efb2acdd1ad888571139b8ab4f01b914343c4462f211f13,2026-09-27T17:41:00+00:00,2026-09-27 22:41:00,83.1,1006.2,81
10.4,15.3,30.7,948.6,275.4,42.8,5.4,2.5,0.6,445.0,167.2,9.4,4.7,49.8,27.1,24.0,False,4095,0.0,15.0,0.0,EXT-OPEN-METEO-KHI,KARACHI,OPENSOURCE_API_GRID,1063,,,,0.95,True,True,TIER2_OPENSOURCE_PURE;CONTINUOUS_MINUTE_STREAM;VERIFIED_MODEL_GRID,f6ef43b0b286ac05a84fe656d2e5eebed68e1657a9f299a9571a5520b4625fed,2026-09-27T17:42:00+00:00,2026-09-27 22:42:00,83.2,1006.2,81
10.3,15.2,30.6,942.4,273.6,42.6,5.3,2.4,0.6,445.0,167.1,9.4,4.7,49.8,27.1,24.02,False,4095,0.0,14.9,0.0,EXT-OPEN-METEO-KHI,KARACHI,OPENSOURCE_API_GRID,1064,,,,0.95,True,True,TIER2_OPENSOURCE_PURE;CONTINUOUS_MINUTE_STREAM;VERIFIED_MODEL_GRID,d2c024344c32389689a75a8244e6882126292365dd094ed65c9512bde192ea49,2026-09-27T17:43:00+00:00,2026-09-27 22:43:00,83.3,1006.2,81
10.3,15.2,30.6,942.4,273.6,42.6,5.3,2.4,0.6,445.0,167.0,9.3,4.7,49.8,27.1,24.02,False,4095,0.0,14.8,0.0,EXT-OPEN-METEO-KHI,KARACHI,OPENSOURCE_API_GRID,1065,,,,0.95,True,True,TIER2_OPENSOURCE_PURE;CONTINUOUS_MINUTE_STREAM;VERIFIED_MODEL_GRID,e0b3fd41f7bab8f5c6a69445d600af240a5b26c228177b49a77908e3c67c81f7,2026-09-27T17:44:00+00:00,2026-09-27 22:44:00,83.3,1006.2,81
10.3,15.2,30.5,942.4,273.6,42.6,5.3,2.4,0.6,445.0,166.9,9.3,4.7,49.9,27.1,24.04,False,4095,0.0,14.7,0.0,EXT-OPEN-METEO-KHI,KARACHI,OPENSOURCE_API_GRID,1066,,,,0.95,True,True,TIER2_OPENSOURCE_PURE;CONTINUOUS_MINUTE_STREAM;VERIFIED_MODEL_GRID,b89e8a20f4ed58e647b90913ce0628784d7740bf18123a5eece4dccdab060f3c,2026-09-27T17:45:00+00:00,2026-09-27 22:45:00,83.4,1006.2,81
10.3,15.1,30.4,936.2,271.8,42.3,5.3,2.4,0.6,445.0,166.8,9.3,4.7,49.9,27.1,24.04,False,4095,0.0,14.6,0.0,EXT-OPEN-METEO-KHI,KARACHI,OPENSOURCE_API_GRID,1067,,,,0.95,True,True,TIER2_OPENSOURCE_PURE;CONTINUOUS_MINUTE_STREAM;VERIFIED_MODEL_GRID,28e4fa17647da4c79da91339e1999be0cea7bcaecdae6b035f952cd52d4bfb4c,2026-09-27T17:46:00+00:00,2026-09-27 22:46:00,83.4,1006.2,81
10.3,15.1,30.3,936.2,271.8,42.3,5.3,2.4,0.6,445.0,166.7,9.3,4.7,49.9,27.1,24.06,False,4095,0.0,14.6,0.0,EXT-OPEN-METEO-KHI,KARACHI,OPENSOURCE_API_GRID,1068,,,,0.95,True,True,TIER2_OPENSOURCE_PURE;CONTINUOUS_MINUTE_STREAM;VERIFIED_MODEL_GRID,d7821a4d5214d13c226792deb7e1e10aebdfb4d2d4022b9a8b9bc1c84323ebb3,2026-09-27T17:47:00+00:00,2026-09-27 22:47:00,83.5,1006.2,81
10.2,15.0,30.1,930.0,270.0,42.0,5.2,2.4,0.6,445.0,166.6,9.2,4.7,49.9,27.1,24.06,False,4095,0.0,14.5,0.0,EXT-OPEN-METEO-KHI,KARACHI,OPENSOURCE_API_GRID,1069,,,,0.95,True,True,TIER2_OPENSOURCE_PURE;CONTINUOUS_MINUTE_STREAM;VERIFIED_MODEL_GRID,aac3b6f41182241efbb9b41e218cc3a32b9564edaa5677fd59afe84768c5097a,2026-09-27T17:48:00+00:00,2026-09-27 22:48:00,83.5,1006.2,81
10.2,15.0,30.0,930.0,270.0,42.0,5.2,2.4,0.6,445.0,166.5,9.2,4.7,49.9,27.0,23.98,False,4095,0.0,14.4,0.0,EXT-OPEN-METEO-KHI,KARACHI,OPENSOURCE_API_GRID,1070,,,,0.95,True,True,TIER2_OPENSOURCE_PURE;CONTINUOUS_MINUTE_STREAM;VERIFIED_MODEL_GRID,8f3468a66ce1f2d1c679b75bc95367426a16cd4f4601ea9531b2fe11ca9841bd,2026-09-27T17:49:00+00:00,2026-09-27 22:49:00,83.6,1006.2,81
10.1,14.9,29.9,923.8,268.2,41.7,5.2,2.4,0.6,445.0,166.4,9.2,4.7,49.9,27.0,23.98,False,4095,0.0,14.3,0.0,EXT-OPEN-METEO-KHI,KARACHI,OPENSOURCE_API_GRID,1071,,,,0.95,True,True,TIER2_OPENSOURCE_PURE;CONTINUOUS_MINUTE_STREAM;VERIFIED_MODEL_GRID,36eee2225c50ad6e37a71e0fdba6f247bfb6ea4da448cff66e3860102070e87e,2026-09-27T17:50:00+00:00,2026-09-27 22:50:00,83.6,1006.2,81
10.1,14.9,29.9,923.8,268.2,41.7,5.2,2.4,0.6,445.0,166.3,9.2,4.7,49.9,27.0,23.98,False,4095,0.0,14.3,0.0,EXT-OPEN-METEO-KHI,KARACHI,OPENSOURCE_API_GRID,1072,,,,0.95,True,True,TIER2_OPENSOURCE_PURE;CONTINUOUS_MINUTE_STREAM;VERIFIED_MODEL_GRID,ba13797ce2656387509c6943d113f413e5f6ea08ffac4957b05c8796b3176ecb,2026-09-27T17:51:00+00:00,2026-09-27 22:51:00,83.6,1006.2,81
10.1,14.9,29.8,923.8,268.2,41.7,5.2,2.4,0.6,445.0,166.3,9.2,4.7,50.0,27.0,24.0,False,4095,0.0,14.2,0.0,EXT-OPEN-METEO-KHI,KARACHI,OPENSOURCE_API_GRID,1073,,,,0.95,True,True,TIER2_OPENSOURCE_PURE;CONTINUOUS_MINUTE_STREAM;VERIFIED_MODEL_GRID,60d650b7a21e2a89c2361f5f278ac3a36acc7951d421e1440f0ffe2e533f94d3,2026-09-27T17:52:00+00:00,2026-09-27 22:52:00,83.7,1006.2,81
10.1,14.8,29.7,917.6,266.4,41.4,5.2,2.4,0.6,445.0,166.2,9.1,4.7,50.0,27.0,24.0,False,4095,0.0,14.2,0.0,EXT-OPEN-METEO-KHI,KARACHI,OPENSOURCE_API_GRID,1074,,,,0.95,True,True,TIER2_OPENSOURCE_PURE;CONTINUOUS_MINUTE_STREAM;VERIFIED_MODEL_GRID,66484cadc6d18423cffc589956ffb674195160c3bf031b297640d013c04e2bb5,2026-09-27T17:53:00+00:00,2026-09-27 22:53:00,83.7,1006.2,81
10.1,14.8,29.7,917.6,266.4,41.4,5.2,2.4,0.6,445.0,166.1,9.1,4.7,50.0,27.0,24.02,False,4095,0.0,14.1,0.0,EXT-OPEN-METEO-KHI,KARACHI,OPENSOURCE_API_GRID,1075,,,,0.95,True,True,TIER2_OPENSOURCE_PURE;CONTINUOUS_MINUTE_STREAM;VERIFIED_MODEL_GRID,8fe7ce0e24818a5de79e125f509d8b97455610c25a20f606bc92029b7b3c4fd6,2026-09-27T17:54:00+00:00,2026-09-27 22:54:00,83.8,1006.2,81
10.1,14.8,29.6,917.6,266.4,41.4,5.2,2.4,0.6,445.0,166.1,9.1,4.7,50.0,27.0,24.02,False,4095,0.0,14.1,0.0,EXT-OPEN-METEO-KHI,KARACHI,OPENSOURCE_API_GRID,1076,,,,0.95,True,True,TIER2_OPENSOURCE_PURE;CONTINUOUS_MINUTE_STREAM;VERIFIED_MODEL_GRID,0d4eda0604072613d7e7ac862133a8c14a373823be3a7b45bf37e80ee2d05311,2026-09-27T17:55:00+00:00,2026-09-27 22:55:00,83.8,1006.2,81
10.1,14.8,29.6,917.6,266.4,41.4,5.2,2.4,0.6,445.0,166.1,9.1,4.7,50.0,27.0,24.02,False,4095,0.0,14.1,0.0,EXT-OPEN-METEO-KHI,KARACHI,OPENSOURCE_API_GRID,1077,,,,0.95,True,True,TIER2_OPENSOURCE_PURE;CONTINUOUS_MINUTE_STREAM;VERIFIED_MODEL_GRID,28077f6a0f5c90f824cd41caee738ad822779b9205c80123578834f8c0947dfb,2026-09-27T17:56:00+00:00,2026-09-27 22:56:00,83.8,1006.2,81
10.1,14.8,29.6,917.6,266.4,41.4,5.2,2.4,0.6,445.0,166.0,9.1,4.7,50.0,27.0,24.04,False,4095,0.0,14.0,0.0,EXT-OPEN-METEO-KHI,KARACHI,OPENSOURCE_API_GRID,1078,,,,0.95,True,True,TIER2_OPENSOURCE_PURE;CONTINUOUS_MINUTE_STREAM;VERIFIED_MODEL_GRID,d74b8861f6aa186465540d6c47bf3427fc2d4a28ac8675501e42408d42efe18f,2026-09-27T17:57:00+00:00,2026-09-27 22:57:00,83.9,1006.2,81
10.1,14.8,29.7,917.6,266.4,41.4,5.2,2.4,0.6,445.0,166.0,9.1,4.7,50.0,27.0,24.04,False,4095,0.0,14.0,0.0,EXT-OPEN-METEO-KHI,KARACHI,OPENSOURCE_API_GRID,1079,,,,0.95,True,True,TIER2_OPENSOURCE_PURE;CONTINUOUS_MINUTE_STREAM;VERIFIED_MODEL_GRID,ea59cec1ffab6d2101556d156bbe8e36ad2f391ab1981976c57923688dfd8a01,2026-09-27T17:58:00+00:00,2026-09-27 22:58:00,83.9,1006.2,81
10.1,14.9,29.7,923.8,268.2,41.7,5.2,2.4,0.6,445.0,166.0,9.1,4.7,50.0,27.0,24.04,False,4095,0.0,14.0,0.0,EXT-OPEN-METEO-KHI,KARACHI,OPENSOURCE_API_GRID,1080,,,,0.95,True,True,TIER2_OPENSOURCE_PURE;CONTINUOUS_MINUTE_STREAM;VERIFIED_MODEL_GRID,726e579ac00bc0ab43588dd1217c4ac5ef680da99e4e908b2081c98397e83d1e,2026-09-27T17:59:00+00:00,2026-09-27 22:59:00,83.9,1006.2,81
10.1,14.9,29.8,923.8,268.2,41.7,5.2,2.4,0.6,445.0,166.0,9.1,4.7,50.0,27.0,24.04,False,4095,0.0,14.0,0.0,EXT-OPEN-METEO-KHI,KARACHI,OPENSOURCE_API_GRID,1081,,,,0.95,True,False,TIER2_OPENSOURCE_PURE;HOURLY_NODE;VERIFIED_MODEL_GRID,b7ef094b3c3e4c811cda3adca8b0319dd0d8e0b90ee49fa3e0c76950e0444294,2026-09-27T18:00:00+00:00,2026-09-27 23:00:00,83.9,1006.2,81
10.1,14.9,29.8,923.8,268.2,41.7,5.2,2.4,0.6,445.0,166.0,9.1,4.7,50.0,27.0,24.06,False,4095,0.0,14.0,0.0,EXT-OPEN-METEO-KHI,KARACHI,OPENSOURCE_API_GRID,1082,,,,0.95,True,True,TIER2_OPENSOURCE_PURE;CONTINUOUS_MINUTE_STREAM;VERIFIED_MODEL_GRID,adbde247b34ad2ab2e239e03e6df757823caf115e2acb815c8b52f9e5edf136f,2026-09-27T18:01:00+00:00,2026-09-27 23:01:00,84.0,1006.2,81
10.2,15.0,29.9,930.0,270.0,42.0,5.2,2.4,0.6,445.0,166.0,9.1,4.7,50.0,27.0,24.06,False,4095,0.0,14.0,0.0,EXT-OPEN-METEO-KHI,KARACHI,OPENSOURCE_API_GRID,1083,,,,0.95,True,True,TIER2_OPENSOURCE_PURE;CONTINUOUS_MINUTE_STREAM;VERIFIED_MODEL_GRID,6eead06c3f7c7552bcce431a20d91175dce4751ddb82a7d1ba79453daf26b6f8,2026-09-27T18:02:00+00:00,2026-09-27 23:02:00,84.0,1006.2,81
10.2,15.0,29.9,930.0,270.0,42.0,5.2,2.4,0.6,445.0,165.9,9.1,4.7,50.0,27.0,24.06,False,4095,0.0,14.0,0.0,EXT-OPEN-METEO-KHI,KARACHI,OPENSOURCE_API_GRID,1084,,,,0.95,True,True,TIER2_OPENSOURCE_PURE;CONTINUOUS_MINUTE_STREAM;VERIFIED_MODEL_GRID,ecd147df842c29fa46aa4c89da56a93ad10ed6523b93128b092b0b34ebd4981b,2026-09-27T18:03:00+00:00,2026-09-27 23:03:00,84.0,1006.2,81
10.3,15.1,30.0,936.2,271.8,42.3,5.3,2.4,0.6,445.0,165.9,9.1,4.7,50.0,27.0,24.08,False,4095,0.0,14.1,0.0,EXT-OPEN-METEO-KHI,KARACHI,OPENSOURCE_API_GRID,1085,,,,0.95,True,True,TIER2_OPENSOURCE_PURE;CONTINUOUS_MINUTE_STREAM;VERIFIED_MODEL_GRID,39e6886e059b29581c205e88c565d3f9f56743650f8d481dea91bc314cf91fce,2026-09-27T18:04:00+00:00,2026-09-27 23:04:00,84.1,1006.2,81
10.2,15.0,29.9,930.0,270.0,42.0,5.2,2.4,0.6,445.0,165.8,9.1,4.7,50.0,27.0,24.1,False,4095,0.0,14.1,0.0,EXT-OPEN-METEO-KHI,KARACHI,OPENSOURCE_API_GRID,1086,,,,0.95,True,True,TIER2_OPENSOURCE_PURE;CONTINUOUS_MINUTE_STREAM;VERIFIED_MODEL_GRID,6292f5976e88e9119b7f316029121db3ee597aca15f3a7d8e97ea51988d25ddf,2026-09-27T18:05:00+00:00,2026-09-27 23:05:00,84.2,1006.2,81
10.2,15.0,29.9,930.0,270.0,42.0,5.2,2.4,0.6,445.0,165.7,9.1,4.7,50.0,27.0,24.1,False,4095,0.0,14.2,0.0,EXT-OPEN-METEO-KHI,KARACHI,OPENSOURCE_API_GRID,1087,,,,0.95,True,True,TIER2_OPENSOURCE_PURE;CONTINUOUS_MINUTE_STREAM;VERIFIED_MODEL_GRID,005655e05c5bcc52860b2ea8c17fce61348e2543596cdb1d61e33d6245cec283,2026-09-27T18:06:00+00:00,2026-09-27 23:06:00,84.2,1006.2,81
10.3,15.1,30.0,936.2,271.8,42.3,5.3,2.4,0.6,445.0,165.6,9.1,4.7,50.0,27.0,24.1,False,4095,0.0,14.3,0.0,EXT-OPEN-METEO-KHI,KARACHI,OPENSOURCE_API_GRID,1088,,,,0.95,True,True,TIER2_OPENSOURCE_PURE;CONTINUOUS_MINUTE_STREAM;VERIFIED_MODEL_GRID,2d864412d8e42b034922095205d3301a3b0cf59e248d7da8e951798ba8866a6e,2026-09-27T18:07:00+00:00,2026-09-27 23:07:00,84.2,1006.2,81
10.3,15.1,30.0,936.2,271.8,42.3,5.3,2.4,0.6,445.0,165.5,9.0,4.7,50.0,27.0,24.1,False,4095,0.0,14.3,0.0,EXT-OPEN-METEO-KHI,KARACHI,OPENSOURCE_API_GRID,1089,,,,0.95,True,True,TIER2_OPENSOURCE_PURE;CONTINUOUS_MINUTE_STREAM;VERIFIED_MODEL_GRID,f59a0b5faa04107a9f86797f78f0feb3c7d3e0c3de1d0448fd0ef3d2139b5fdb,2026-09-27T18:08:00+00:00,2026-09-27 23:08:00,84.2,1006.2,81
10.3,15.1,30.1,936.2,271.8,42.3,5.3,2.4,0.6,445.0,165.3,9.0,4.7,50.1,27.0,24.1,False,4095,0.0,14.4,0.0,EXT-OPEN-METEO-KHI,KARACHI,OPENSOURCE_API_GRID,1090,,,,0.95,True,True,TIER2_OPENSOURCE_PURE;CONTINUOUS_MINUTE_STREAM;VERIFIED_MODEL_GRID,19cc0a0b93a75def36b58b16ff34004b2e4ce130a79ed4850fac342b98137aef,2026-09-27T18:09:00+00:00,2026-09-27 23:09:00,84.2,1006.2,81
10.3,15.2,30.1,942.4,273.6,42.6,5.3,2.4,0.6,445.0,165.2,9.0,4.7,50.1,27.0,24.1,False,4095,0.0,14.5,0.0,EXT-OPEN-METEO-KHI,KARACHI,OPENSOURCE_API_GRID,1091,,,,0.95,True,True,TIER2_OPENSOURCE_PURE;CONTINUOUS_MINUTE_STREAM;VERIFIED_MODEL_GRID,9342a6a4f04b005cb26b5a24b40426fbf558102f28678d38ce84233eff6311c0,2026-09-27T18:10:00+00:00,2026-09-27 23:10:00,84.2,1006.2,81
10.3,15.2,30.1,942.4,273.6,42.6,5.3,2.4,0.6,445.0,165.0,9.0,4.7,50.1,27.0,24.1,False,4095,0.0,14.6,0.0,EXT-OPEN-METEO-KHI,KARACHI,OPENSOURCE_API_GRID,1092,,,,0.95,True,True,TIER2_OPENSOURCE_PURE;CONTINUOUS_MINUTE_STREAM;VERIFIED_MODEL_GRID,756c6f754729789c841c8105833e877f090ff2b47af64834f43d474cd36c6230,2026-09-27T18:11:00+00:00,2026-09-27 23:11:00,84.2,1006.2,81
10.3,15.2,30.1,942.4,273.6,42.6,5.3,2.4,0.6,445.0,164.9,9.0,4.7,50.1,27.0,24.1,False,4095,0.0,14.8,0.0,EXT-OPEN-METEO-KHI,KARACHI,OPENSOURCE_API_GRID,1093,,,,0.95,True,True,TIER2_OPENSOURCE_PURE;CONTINUOUS_MINUTE_STREAM;VERIFIED_MODEL_GRID,6172349a3dcd6b6f40e0a60e8ddb86dffa4ceed2c14a4ec8b591f26b51066a5a,2026-09-27T18:12:00+00:00,2026-09-27 23:12:00,84.2,1006.2,81
10.3,15.2,30.0,942.4,273.6,42.6,5.3,2.4,0.6,445.0,164.7,8.9,4.7,50.1,27.0,24.08,False,4095,0.0,14.9,0.0,EXT-OPEN-METEO-KHI,KARACHI,OPENSOURCE_API_GRID,1094,,,,0.95,True,True,TIER2_OPENSOURCE_PURE;CONTINUOUS_MINUTE_STREAM;VERIFIED_MODEL_GRID,4432530a05b19e285352a694c1d748c647264a50fd0c725bcc50bd7bed974b75,2026-09-27T18:13:00+00:00,2026-09-27 23:13:00,84.1,1006.2,81
10.3,15.1,30.0,936.2,271.8,42.3,5.3,2.4,0.6,445.0,164.5,8.9,4.7,50.1,27.0,24.08,False,4095,0.0,15.0,0.0,EXT-OPEN-METEO-KHI,KARACHI,OPENSOURCE_API_GRID,1095,,,,0.95,True,True,TIER2_OPENSOURCE_PURE;CONTINUOUS_MINUTE_STREAM;VERIFIED_MODEL_GRID,0b2c8b8f6c351ff2105e05f11da491aeed8b69fe624ad014426f9495361ef06a,2026-09-27T18:14:00+00:00,2026-09-27 23:14:00,84.1,1006.2,81
10.3,15.1,29.9,936.2,271.8,42.3,5.3,2.4,0.6,445.0,164.2,8.9,4.7,50.1,27.0,24.08,False,4095,0.0,15.2,0.0,EXT-OPEN-METEO-KHI,KARACHI,OPENSOURCE_API_GRID,1096,,,,0.95,True,True,TIER2_OPENSOURCE_PURE;CONTINUOUS_MINUTE_STREAM;VERIFIED_MODEL_GRID,a1f73a79a91763bfefee71be459e30fb4de3e635dbe7923e472e103c9ecf4470,2026-09-27T18:15:00+00:00,2026-09-27 23:15:00,84.1,1006.2,81
10.3,15.1,29.9,936.2,271.8,42.3,5.3,2.4,0.6,445.0,164.0,8.9,4.7,50.2,27.0,24.08,False,4095,0.0,15.3,0.0,EXT-OPEN-METEO-KHI,KARACHI,OPENSOURCE_API_GRID,1097,,,,0.95,True,True,TIER2_OPENSOURCE_PURE;CONTINUOUS_MINUTE_STREAM;VERIFIED_MODEL_GRID,9635fc739119bfeb2f8c6bee04e6324013f1106958420c715b8889ef76ad52ab,2026-09-27T18:16:00+00:00,2026-09-27 23:16:00,84.1,1006.2,81
10.2,15.0,29.8,930.0,270.0,42.0,5.2,2.4,0.6,445.0,163.8,8.8,4.6,50.2,27.0,24.08,False,4095,0.0,15.5,0.0,EXT-OPEN-METEO-KHI,KARACHI,OPENSOURCE_API_GRID,1098,,,,0.95,True,True,TIER2_OPENSOURCE_PURE;CONTINUOUS_MINUTE_STREAM;VERIFIED_MODEL_GRID,c789e1a25698e6f87f72493ee0b447415b2a7a676044e95dd258b211a7fb6a3b,2026-09-27T18:17:00+00:00,2026-09-27 23:17:00,84.1,1006.2,81
10.2,15.0,29.7,930.0,270.0,42.0,5.2,2.4,0.6,445.0,163.5,8.8,4.6,50.2,27.0,24.08,False,4095,0.0,15.6,0.0,EXT-OPEN-METEO-KHI,KARACHI,OPENSOURCE_API_GRID,1099,,,,0.95,True,True,TIER2_OPENSOURCE_PURE;CONTINUOUS_MINUTE_STREAM;VERIFIED_MODEL_GRID,d5540e16913249270b510dda0a94f228ace72535c140d1e30d4757b4342d3e57,2026-09-27T18:18:00+00:00,2026-09-27 23:18:00,84.1,1006.2,81
10.1,14.9,29.6,923.8,268.2,41.7,5.2,2.4,0.6,445.0,163.3,8.8,4.6,50.2,27.0,24.08,False,4095,0.0,15.8,0.0,EXT-OPEN-METEO-KHI,KARACHI,OPENSOURCE_API_GRID,1100,,,,0.95,True,True,TIER2_OPENSOURCE_PURE;CONTINUOUS_MINUTE_STREAM;VERIFIED_MODEL_GRID,29d7ce91c9bebc67b6082289dc5fce28ff2f653803fd09abe9702ef36a8a4ca4,2026-09-27T18:19:00+00:00,2026-09-27 23:19:00,84.1,1006.2,81
10.1,14.9,29.5,923.8,268.2,41.7,5.2,2.4,0.6,445.0,163.0,8.7,4.6,50.2,27.0,24.08,False,4095,0.0,16.0,0.0,EXT-OPEN-METEO-KHI,KARACHI,OPENSOURCE_API_GRID,1101,,,,0.95,True,True,TIER2_OPENSOURCE_PURE;CONTINUOUS_MINUTE_STREAM;VERIFIED_MODEL_GRID,6d7af3414b87103dfe6dda33280e0ae5018a90cde349085c616ed2ccc8182e8b,2026-09-27T18:20:00+00:00,2026-09-27 23:20:00,84.1,1006.2,81
10.1,14.8,29.4,917.6,266.4,41.4,5.2,2.4,0.6,445.0,162.7,8.7,4.6,50.3,27.0,24.08,False,4095,0.0,16.2,0.0,EXT-OPEN-METEO-KHI,KARACHI,OPENSOURCE_API_GRID,1102,,,,0.95,True,True,TIER2_OPENSOURCE_PURE;CONTINUOUS_MINUTE_STREAM;VERIFIED_MODEL_GRID,18d189c19c87f368dd4d56149370694c357b3fc663cdbe8c5a9488d395da3771,2026-09-27T18:21:00+00:00,2026-09-27 23:21:00,84.1,1006.2,81
10.1,14.8,29.3,917.6,266.4,41.4,5.2,2.3,0.6,445.0,162.4,8.7,4.6,50.3,27.0,24.1,False,4095,0.0,16.4,0.0,EXT-OPEN-METEO-KHI,KARACHI,OPENSOURCE_API_GRID,1103,,,,0.95,True,True,TIER2_OPENSOURCE_PURE;CONTINUOUS_MINUTE_STREAM;VERIFIED_MODEL_GRID,d7611c3e22d3644d8cf0a95bb830bc979e7118186cbb063b92c5570a5b9cd882,2026-09-27T18:22:00+00:00,2026-09-27 23:22:00,84.2,1006.2,81
10.0,14.7,29.2,911.4,264.6,41.2,5.1,2.3,0.6,445.0,162.2,8.6,4.6,50.3,26.9,24.01,False,4095,0.0,16.6,0.0,EXT-OPEN-METEO-KHI,KARACHI,OPENSOURCE_API_GRID,1104,,,,0.95,True,True,TIER2_OPENSOURCE_PURE;CONTINUOUS_MINUTE_STREAM;VERIFIED_MODEL_GRID,b6cf26a64c57b6aee8d80474d8ca9ea34ca2246f83c6e869cd9f5239c45a4466,2026-09-27T18:23:00+00:00,2026-09-27 23:23:00,84.2,1006.2,81
10.0,14.7,29.2,911.4,264.6,41.2,5.1,2.3,0.6,445.0,161.9,8.6,4.6,50.3,26.9,24.01,False,4095,0.0,16.8,0.0,EXT-OPEN-METEO-KHI,KARACHI,OPENSOURCE_API_GRID,1105,,,,0.95,True,True,TIER2_OPENSOURCE_PURE;CONTINUOUS_MINUTE_STREAM;VERIFIED_MODEL_GRID,8dfd4dbd62df4770cef55f1d2c9e982c1c9bc9607443236e25497b4399ef1a39,2026-09-27T18:24:00+00:00,2026-09-27 23:24:00,84.2,1006.1,81
10.0,14.7,29.1,911.4,264.6,41.2,5.1,2.3,0.6,445.0,161.6,8.5,4.6,50.4,26.9,24.01,False,4095,0.0,17.0,0.0,EXT-OPEN-METEO-KHI,KARACHI,OPENSOURCE_API_GRID,1106,,,,0.95,True,True,TIER2_OPENSOURCE_PURE;CONTINUOUS_MINUTE_STREAM;VERIFIED_MODEL_GRID,081438dcf30b9a534789b83c1fce209e05fa113f1a0b0c88b6456d18f08e33cb,2026-09-27T18:25:00+00:00,2026-09-27 23:25:00,84.2,1006.1,81
9.9,14.6,29.0,905.2,262.8,40.9,5.1,2.3,0.6,445.0,161.2,8.5,4.6,50.4,26.9,24.03,False,4095,0.0,17.2,0.0,EXT-OPEN-METEO-KHI,KARACHI,OPENSOURCE_API_GRID,1107,,,,0.95,True,True,TIER2_OPENSOURCE_PURE;CONTINUOUS_MINUTE_STREAM;VERIFIED_MODEL_GRID,4155b525a27919fc864aa3dd5728ef95c86b0b42f9dcd495a4b1226c34770674,2026-09-27T18:26:00+00:00,2026-09-27 23:26:00,84.3,1006.1,81
9.9,14.6,29.0,905.2,262.8,40.9,5.1,2.3,0.6,445.0,160.9,8.5,4.6,50.4,26.9,24.03,False,4095,0.0,17.4,0.0,EXT-OPEN-METEO-KHI,KARACHI,OPENSOURCE_API_GRID,1108,,,,0.95,True,True,TIER2_OPENSOURCE_PURE;CONTINUOUS_MINUTE_STREAM;VERIFIED_MODEL_GRID,fe543a9e85058cbd1bebb015b2af6ad9815456a677d2a6205703795bbb292162,2026-09-27T18:27:00+00:00,2026-09-27 23:27:00,84.3,1006.1,81
9.9,14.6,29.0,905.2,262.8,40.9,5.1,2.3,0.6,445.0,160.6,8.4,4.6,50.4,26.9,24.03,False,4095,0.0,17.6,0.0,EXT-OPEN-METEO-KHI,KARACHI,OPENSOURCE_API_GRID,1109,,,,0.95,True,True,TIER2_OPENSOURCE_PURE;CONTINUOUS_MINUTE_STREAM;VERIFIED_MODEL_GRID,7a91be8f64b976840973c89829da0adbb457b44f700573b1cebf4cfcc29601fb,2026-09-27T18:28:00+00:00,2026-09-27 23:28:00,84.3,1006.1,81
9.9,14.6,29.0,905.2,262.8,40.9,5.1,2.3,0.6,445.0,160.3,8.4,4.6,50.5,26.9,24.05,False,4095,0.0,17.8,0.0,EXT-OPEN-METEO-KHI,KARACHI,OPENSOURCE_API_GRID,1110,,,,0.95,True,True,TIER2_OPENSOURCE_PURE;CONTINUOUS_MINUTE_STREAM;VERIFIED_MODEL_GRID,6823bfd371f7869e36ce75da86bb80ded33e012071e801b0fc1877f3faf6dce7,2026-09-27T18:29:00+00:00,2026-09-27 23:29:00,84.4,1006.1,81
10.0,14.7,29.0,911.4,264.6,41.2,5.1,2.3,0.6,445.0,160.0,8.3,4.5,50.5,26.9,24.05,False,4095,0.0,18.0,0.0,EXT-OPEN-METEO-KHI,KARACHI,OPENSOURCE_API_GRID,1111,,,,0.95,True,True,TIER2_OPENSOURCE_PURE;CONTINUOUS_MINUTE_STREAM;VERIFIED_MODEL_GRID,de9c6c502221d2e4bbd379449baab418277661385dcf2105ab9ba4b0f10f4c8f,2026-09-27T18:30:00+00:00,2026-09-27 23:30:00,84.4,1006.1,81
10.0,14.7,29.0,911.4,264.6,41.2,5.1,2.3,0.6,445.0,159.7,8.3,4.5,50.5,26.9,24.07,False,4095,0.0,18.2,0.0,EXT-OPEN-METEO-KHI,KARACHI,OPENSOURCE_API_GRID,1112,,,,0.95,True,True,TIER2_OPENSOURCE_PURE;CONTINUOUS_MINUTE_STREAM;VERIFIED_MODEL_GRID,e6b782cfd0c9f189a9a1b6385c9254c92765eabb1297b4277774063f7a28b8ba,2026-09-27T18:31:00+00:00,2026-09-27 23:31:00,84.5,1006.1,81
10.0,14.7,29.0,911.4,264.6,41.2,5.1,2.3,0.6,445.0,159.4,8.3,4.5,50.6,26.9,24.07,False,4095,0.0,18.4,0.0,EXT-OPEN-METEO-KHI,KARACHI,OPENSOURCE_API_GRID,1113,,,,0.95,True,True,TIER2_OPENSOURCE_PURE;CONTINUOUS_MINUTE_STREAM;VERIFIED_MODEL_GRID,13e0a9ace566fdd1a82180b8a5d2e11d705d0fca147fae2d02d548ec2ff4b794,2026-09-27T18:32:00+00:00,2026-09-27 23:32:00,84.5,1006.1,81
10.1,14.8,29.1,917.6,266.4,41.4,5.2,2.3,0.6,445.0,159.1,8.2,4.5,50.6,26.9,24.08,False,4095,0.0,18.6,0.0,EXT-OPEN-METEO-KHI,KARACHI,OPENSOURCE_API_GRID,1114,,,,0.95,True,True,TIER2_OPENSOURCE_PURE;CONTINUOUS_MINUTE_STREAM;VERIFIED_MODEL_GRID,edec0ca35fb32fa7b439174b2e9f8c4ab00983257a7dd33665c6c19ec1960f48,2026-09-27T18:33:00+00:00,2026-09-27 23:33:00,84.6,1006.1,81
10.1,14.8,29.1,917.6,266.4,41.4,5.2,2.3,0.6,445.0,158.8,8.2,4.5,50.6,26.9,24.08,False,4095,0.0,18.8,0.0,EXT-OPEN-METEO-KHI,KARACHI,OPENSOURCE_API_GRID,1115,,,,0.95,True,True,TIER2_OPENSOURCE_PURE;CONTINUOUS_MINUTE_STREAM;VERIFIED_MODEL_GRID,02744b723b77ce292cee3295d7525ff18b2a02eb26a247403dbd31b952cb7528,2026-09-27T18:34:00+00:00,2026-09-27 23:34:00,84.6,1006.1,81
10.1,14.8,29.1,917.6,266.4,41.4,5.2,2.3,0.6,445.0,158.4,8.2,4.5,50.6,26.9,24.1,False,4095,0.0,19.0,0.0,EXT-OPEN-METEO-KHI,KARACHI,OPENSOURCE_API_GRID,1116,,,,0.95,True,True,TIER2_OPENSOURCE_PURE;CONTINUOUS_MINUTE_STREAM;VERIFIED_MODEL_GRID,1d22186253e195e78888ff0a5c5e1a32289e732e7b5b73b348f989f4479c96a6,2026-09-27T18:35:00+00:00,2026-09-27 23:35:00,84.7,1006.1,81
10.0,14.7,29.0,911.4,264.6,41.2,5.1,2.3,0.6,445.0,158.1,8.1,4.5,50.7,26.9,24.12,False,4095,0.0,19.2,0.0,EXT-OPEN-METEO-KHI,KARACHI,OPENSOURCE_API_GRID,1117,,,,0.95,True,True,TIER2_OPENSOURCE_PURE;CONTINUOUS_MINUTE_STREAM;VERIFIED_MODEL_GRID,ae4dbfd935cab971ca0ea74734a118433b34a7704f354162798ceee5cc653425,2026-09-27T18:36:00+00:00,2026-09-27 23:36:00,84.8,1006.1,81
10.1,14.8,29.0,917.6,266.4,41.4,5.2,2.3,0.6,445.0,157.8,8.1,4.5,50.7,26.9,24.12,False,4095,0.0,19.4,0.0,EXT-OPEN-METEO-KHI,KARACHI,OPENSOURCE_API_GRID,1118,,,,0.95,True,True,TIER2_OPENSOURCE_PURE;CONTINUOUS_MINUTE_STREAM;VERIFIED_MODEL_GRID,49bc5186a1c3668e065cf4cb3d96291be0625f097d01375b6ec6abd62c1096f3,2026-09-27T18:37:00+00:00,2026-09-27 23:37:00,84.8,1006.1,81
10.1,14.8,29.0,917.6,266.4,41.4,5.2,2.3,0.6,445.0,157.6,8.0,4.5,50.7,26.9,24.12,False,4095,0.0,19.6,0.0,EXT-OPEN-METEO-KHI,KARACHI,OPENSOURCE_API_GRID,1119,,,,0.95,True,True,TIER2_OPENSOURCE_PURE;CONTINUOUS_MINUTE_STREAM;VERIFIED_MODEL_GRID,682437d558bd14b05e233309828bf38df18ad7097216b05021b61a6d671c21aa,2026-09-27T18:38:00+00:00,2026-09-27 23:38:00,84.8,1006.1,81
10.1,14.8,29.1,917.6,266.4,41.4,5.2,2.3,0.6,445.0,157.3,8.0,4.5,50.7,27.0,24.24,False,4095,0.0,19.8,0.0,EXT-OPEN-METEO-KHI,KARACHI,OPENSOURCE_API_GRID,1120,,,,0.95,True,True,TIER2_OPENSOURCE_PURE;CONTINUOUS_MINUTE_STREAM;VERIFIED_MODEL_GRID,8a6af2c9c3a134a6d0b16e72680af5e8e37394d9b7f3192f664af553fb273b98,2026-09-27T18:39:00+00:00,2026-09-27 23:39:00,84.9,1006.1,81
10.1,14.9,29.1,923.8,268.2,41.7,5.2,2.3,0.6,445.0,157.0,8.0,4.5,50.8,27.0,24.24,False,4095,0.0,20.0,0.0,EXT-OPEN-METEO-KHI,KARACHI,OPENSOURCE_API_GRID,1121,,,,0.95,True,True,TIER2_OPENSOURCE_PURE;CONTINUOUS_MINUTE_STREAM;VERIFIED_MODEL_GRID,f2e735c23da36e48775f069d769a710a85d167ff5fe1070b42af3f70d9677192,2026-09-27T18:40:00+00:00,2026-09-27 23:40:00,84.9,1006.1,81
10.1,14.9,29.1,923.8,268.2,41.7,5.2,2.3,0.6,445.0,156.7,7.9,4.5,50.8,27.0,24.24,False,4095,0.0,20.2,0.0,EXT-OPEN-METEO-KHI,KARACHI,OPENSOURCE_API_GRID,1122,,,,0.95,True,True,TIER2_OPENSOURCE_PURE;CONTINUOUS_MINUTE_STREAM;VERIFIED_MODEL_GRID,89896448b40231c7aa61712f383c7607aa9995c1728deac806d07295a07c793d,2026-09-27T18:41:00+00:00,2026-09-27 23:41:00,84.9,1006.1,81
10.1,14.9,29.1,923.8,268.2,41.7,5.2,2.3,0.6,445.0,156.5,7.9,4.5,50.8,27.0,24.24,False,4095,0.0,20.4,0.0,EXT-OPEN-METEO-KHI,KARACHI,OPENSOURCE_API_GRID,1123,,,,0.95,True,True,TIER2_OPENSOURCE_PURE;CONTINUOUS_MINUTE_STREAM;VERIFIED_MODEL_GRID,fccef5c164d2a90f80d61cbc7d30116b07e2267dfbd746a1464bc52fc1c95b7f,2026-09-27T18:42:00+00:00,2026-09-27 23:42:00,84.9,1006.1,81
10.1,14.9,29.1,923.8,268.2,41.7,5.2,2.3,0.6,445.0,156.2,7.9,4.5,50.8,27.0,24.24,False,4095,0.0,20.5,0.0,EXT-OPEN-METEO-KHI,KARACHI,OPENSOURCE_API_GRID,1124,,,,0.95,True,True,TIER2_OPENSOURCE_PURE;CONTINUOUS_MINUTE_STREAM;VERIFIED_MODEL_GRID,d9db520d90803e11a7dfcc5ff5a7213ce4d869cff257087e13a7022a07f28743,2026-09-27T18:43:00+00:00,2026-09-27 23:43:00,84.9,1006.1,81
10.1,14.9,29.0,923.8,268.2,41.7,5.2,2.3,0.6,445.0,156.0,7.8,4.4,50.8,27.0,24.24,False,4095,0.0,20.7,0.0,EXT-OPEN-METEO-KHI,KARACHI,OPENSOURCE_API_GRID,1125,,,,0.95,True,True,TIER2_OPENSOURCE_PURE;CONTINUOUS_MINUTE_STREAM;VERIFIED_MODEL_GRID,0b0ef157e943fdfa973721c5dc47696998b5117ade457f7b0128cc5e2e06f3b6,2026-09-27T18:44:00+00:00,2026-09-27 23:44:00,84.9,1006.0,81
10.1,14.8,29.0,917.6,266.4,41.4,5.2,2.3,0.6,445.0,155.8,7.8,4.4,50.9,27.0,24.24,False,4095,0.0,20.8,0.0,EXT-OPEN-METEO-KHI,KARACHI,OPENSOURCE_API_GRID,1126,,,,0.95,True,True,TIER2_OPENSOURCE_PURE;CONTINUOUS_MINUTE_STREAM;VERIFIED_MODEL_GRID,62901654e70dde1427c6e7f5a26f1b686ce1598acf051ea8be98b3232c29d889,2026-09-27T18:45:00+00:00,2026-09-27 23:45:00,84.9,1006.0,81
10.1,14.8,28.9,917.6,266.4,41.4,5.2,2.3,0.6,445.0,155.5,7.8,4.4,50.9,27.0,24.24,False,4095,0.0,21.0,0.0,EXT-OPEN-METEO-KHI,KARACHI,OPENSOURCE_API_GRID,1127,,,,0.95,True,True,TIER2_OPENSOURCE_PURE;CONTINUOUS_MINUTE_STREAM;VERIFIED_MODEL_GRID,1104d2f7b54752f124487889f04aed12ee29105a9e1ab771123d3baff1bd1aa4,2026-09-27T18:46:00+00:00,2026-09-27 23:46:00,84.9,1006.0,81
10.1,14.8,28.8,917.6,266.4,41.4,5.2,2.3,0.6,445.0,155.3,7.8,4.4,50.9,27.0,24.22,False,4095,0.0,21.1,0.0,EXT-OPEN-METEO-KHI,KARACHI,OPENSOURCE_API_GRID,1128,,,,0.95,True,True,TIER2_OPENSOURCE_PURE;CONTINUOUS_MINUTE_STREAM;VERIFIED_MODEL_GRID,932cde725ae8476311bcdf0caca973aea67cac3a383e486fc325f20f7d962aba,2026-09-27T18:47:00+00:00,2026-09-27 23:47:00,84.8,1006.0,81
10.0,14.7,28.8,911.4,264.6,41.2,5.1,2.3,0.6,445.0,155.1,7.7,4.4,50.9,26.9,24.12,False,4095,0.0,21.2,0.0,EXT-OPEN-METEO-KHI,KARACHI,OPENSOURCE_API_GRID,1129,,,,0.95,True,True,TIER2_OPENSOURCE_PURE;CONTINUOUS_MINUTE_STREAM;VERIFIED_MODEL_GRID,36741d7a47d2c72aa4fd736cc04252ac111a5beded86bef0f406d4b78b4a1ea8,2026-09-27T18:48:00+00:00,2026-09-27 23:48:00,84.8,1006.0,81
10.0,14.7,28.7,911.4,264.6,41.2,5.1,2.3,0.6,445.0,155.0,7.7,4.4,50.9,26.9,24.12,False,4095,0.0,21.4,0.0,EXT-OPEN-METEO-KHI,KARACHI,OPENSOURCE_API_GRID,1130,,,,0.95,True,True,TIER2_OPENSOURCE_PURE;CONTINUOUS_MINUTE_STREAM;VERIFIED_MODEL_GRID,253a76d5d4f3fa383c7c29671a4f763e0364cfa4702294caa750302967aa4f45,2026-09-27T18:49:00+00:00,2026-09-27 23:49:00,84.8,1006.0,81
9.9,14.6,28.6,905.2,262.8,40.9,5.1,2.3,0.6,445.0,154.8,7.7,4.4,50.9,26.9,24.12,False,4095,0.0,21.5,0.0,EXT-OPEN-METEO-KHI,KARACHI,OPENSOURCE_API_GRID,1131,,,,0.95,True,True,TIER2_OPENSOURCE_PURE;CONTINUOUS_MINUTE_STREAM;VERIFIED_MODEL_GRID,1d4919230baf8c75adfd301e9aa9a4ff627c9f31ecef988988deaa4d3a72c4d6,2026-09-27T18:50:00+00:00,2026-09-27 23:50:00,84.8,1006.0,81
9.9,14.6,28.5,905.2,262.8,40.9,5.1,2.3,0.6,445.0,154.7,7.7,4.4,50.9,26.9,24.12,False,4095,0.0,21.6,0.0,EXT-OPEN-METEO-KHI,KARACHI,OPENSOURCE_API_GRID,1132,,,,0.95,True,True,TIER2_OPENSOURCE_PURE;CONTINUOUS_MINUTE_STREAM;VERIFIED_MODEL_GRID,c61836e34bc205090eba0ec4024ad64981790a5695889d0adb901d19426a9818,2026-09-27T18:51:00+00:00,2026-09-27 23:51:00,84.8,1006.0,81
9.9,14.5,28.4,899.0,261.0,40.6,5.1,2.3,0.6,445.0,154.5,7.7,4.4,51.0,26.9,24.12,False,4095,0.0,21.7,0.0,EXT-OPEN-METEO-KHI,KARACHI,OPENSOURCE_API_GRID,1133,,,,0.95,True,True,TIER2_OPENSOURCE_PURE;CONTINUOUS_MINUTE_STREAM;VERIFIED_MODEL_GRID,c1580d4ea4ba7d054e1b2db7a63865c3d3451210a6efd49b926bb9bfd9eaeefd,2026-09-27T18:52:00+00:00,2026-09-27 23:52:00,84.8,1006.0,81
9.9,14.5,28.4,899.0,261.0,40.6,5.1,2.3,0.6,445.0,154.4,7.6,4.4,51.0,26.9,24.12,False,4095,0.0,21.7,0.0,EXT-OPEN-METEO-KHI,KARACHI,OPENSOURCE_API_GRID,1134,,,,0.95,True,True,TIER2_OPENSOURCE_PURE;CONTINUOUS_MINUTE_STREAM;VERIFIED_MODEL_GRID,7a74054940f2620ddcdb2182694080439ef828bd685c8178dcebf7608aed846d,2026-09-27T18:53:00+00:00,2026-09-27 23:53:00,84.8,1006.0,81
9.9,14.5,28.3,899.0,261.0,40.6,5.1,2.3,0.6,445.0,154.3,7.6,4.4,51.0,26.9,24.12,False,4095,0.0,21.8,0.0,EXT-OPEN-METEO-KHI,KARACHI,OPENSOURCE_API_GRID,1135,,,,0.95,True,True,TIER2_OPENSOURCE_PURE;CONTINUOUS_MINUTE_STREAM;VERIFIED_MODEL_GRID,ed5e3ab70b1c82db17290e0eada131031589d88d5fe262951005f818b4588077,2026-09-27T18:54:00+00:00,2026-09-27 23:54:00,84.8,1006.0,81
9.8,14.4,28.3,892.8,259.2,40.3,5.0,2.3,0.6,445.0,154.2,7.6,4.4,51.0,26.9,24.12,False,4095,0.0,21.9,0.0,EXT-OPEN-METEO-KHI,KARACHI,OPENSOURCE_API_GRID,1136,,,,0.95,True,True,TIER2_OPENSOURCE_PURE;CONTINUOUS_MINUTE_STREAM;VERIFIED_MODEL_GRID,112ee2bcdcb2b44a314d34cab0485caa5f29ef6e493924895617660c158bea06,2026-09-27T18:55:00+00:00,2026-09-27 23:55:00,84.8,1006.0,81
9.8,14.4,28.2,892.8,259.2,40.3,5.0,2.3,0.6,445.0,154.1,7.6,4.4,51.0,26.9,24.12,False,4095,0.0,21.9,0.0,EXT-OPEN-METEO-KHI,KARACHI,OPENSOURCE_API_GRID,1137,,,,0.95,True,True,TIER2_OPENSOURCE_PURE;CONTINUOUS_MINUTE_STREAM;VERIFIED_MODEL_GRID,8e550d62e6c224dd32595524b34b433d5862f06e820b3bcb4afeeb57a011c961,2026-09-27T18:56:00+00:00,2026-09-27 23:56:00,84.8,1006.0,81
9.8,14.4,28.2,892.8,259.2,40.3,5.0,2.3,0.6,445.0,154.1,7.6,4.4,51.0,26.9,24.14,False,4095,0.0,22.0,0.0,EXT-OPEN-METEO-KHI,KARACHI,OPENSOURCE_API_GRID,1138,,,,0.95,True,True,TIER2_OPENSOURCE_PURE;CONTINUOUS_MINUTE_STREAM;VERIFIED_MODEL_GRID,f2b344169c5e0ca2ed9fb33ef3c383c738f504c5c962ec333290f6cca6433ebc,2026-09-27T18:57:00+00:00,2026-09-27 23:57:00,84.9,1006.0,81
9.8,14.4,28.2,892.8,259.2,40.3,5.0,2.3,0.6,445.0,154.0,7.6,4.4,51.0,26.9,24.14,False,4095,0.0,22.0,0.0,EXT-OPEN-METEO-KHI,KARACHI,OPENSOURCE_API_GRID,1139,,,,0.95,True,True,TIER2_OPENSOURCE_PURE;CONTINUOUS_MINUTE_STREAM;VERIFIED_MODEL_GRID,dcdaac807058fc0dae2fa6d164acbecd067472a2687f5b4077679c74738489a5,2026-09-27T18:58:00+00:00,2026-09-27 23:58:00,84.9,1006.0,81
9.8,14.4,28.2,892.8,259.2,40.3,5.0,2.3,0.6,445.0,154.0,7.6,4.4,51.0,26.9,24.14,False,4095,0.0,22.0,0.0,EXT-OPEN-METEO-KHI,KARACHI,OPENSOURCE_API_GRID,1140,,,,0.95,True,True,TIER2_OPENSOURCE_PURE;CONTINUOUS_MINUTE_STREAM;VERIFIED_MODEL_GRID,79e088e3db9132e2f2697e6af68a40737547993ed2d301b4130dffc2ade79a53,2026-09-27T18:59:00+00:00,2026-09-27 23:59:00,84.9,1006.0,81
9.8,14.4,28.3,892.8,259.2,40.3,5.0,2.3,0.6,445.0,154.0,7.6,4.4,51.0,26.9,24.14,False,4095,0.0,22.0,0.0,EXT-OPEN-METEO-KHI,KARACHI,OPENSOURCE_API_GRID,1141,,,,0.95,True,False,TIER2_OPENSOURCE_PURE;HOURLY_NODE;VERIFIED_MODEL_GRID,032c472dd17dc3167a0da8bd8b4004af2d985bf3634c5974d2f42529dc6be17a,2026-09-27T19:00:00+00:00,2026-09-28 00:00:00,84.9,1006.0,81
9.9,14.5,28.3,899.0,261.0,40.6,5.1,2.3,0.6,445.0,154.0,7.6,4.4,51.0,26.9,24.14,False,4095,0.0,22.0,0.0,EXT-OPEN-METEO-KHI,KARACHI,OPENSOURCE_API_GRID,1142,,,,0.95,True,True,TIER2_OPENSOURCE_PURE;CONTINUOUS_MINUTE_STREAM;VERIFIED_MODEL_GRID,877501ec603199ccad731b9521e5322212dac722e850b84de74e5cc3be3d2e56,2026-09-27T19:01:00+00:00,2026-09-28 00:01:00,84.9,1006.0,81
9.9,14.5,28.4,899.0,261.0,40.6,5.1,2.3,0.6,445.0,154.0,7.6,4.4,51.0,26.9,24.14,False,4095,0.0,22.0,0.0,EXT-OPEN-METEO-KHI,KARACHI,OPENSOURCE_API_GRID,1143,,,,0.95,True,True,TIER2_OPENSOURCE_PURE;CONTINUOUS_MINUTE_STREAM;VERIFIED_MODEL_GRID,3866ca9646a4a8dbd1a65b88aaebf8fb776360f0eeffcf69e1514e292919128a,2026-09-27T19:02:00+00:00,2026-09-28 00:02:00,84.9,1006.0,81
9.9,14.5,28.4,899.0,261.0,40.6,5.1,2.3,0.6,445.0,153.9,7.6,4.4,51.0,26.9,24.16,False,4095,0.0,22.0,0.0,EXT-OPEN-METEO-KHI,KARACHI,OPENSOURCE_API_GRID,1144,,,,0.95,True,True,TIER2_OPENSOURCE_PURE;CONTINUOUS_MINUTE_STREAM;VERIFIED_MODEL_GRID,838f192d0dedfb377a733c36732ee787eafbdebed0112925cbe02cce45aea902,2026-09-27T19:03:00+00:00,2026-09-28 00:03:00,85.0,1006.0,81
9.9,14.6,28.5,905.2,262.8,40.9,5.1,2.3,0.6,445.0,153.8,7.6,4.4,51.0,26.9,24.16,False,4095,0.0,22.1,0.0,EXT-OPEN-METEO-KHI,KARACHI,OPENSOURCE_API_GRID,1145,,,,0.95,True,True,TIER2_OPENSOURCE_PURE;CONTINUOUS_MINUTE_STREAM;VERIFIED_MODEL_GRID,29821207b15d66c92a34340a975247c239d26c57a703eae0bf8dc7059e114579,2026-09-27T19:04:00+00:00,2026-09-28 00:04:00,85.0,1006.0,81
9.9,14.6,28.5,905.2,262.8,40.9,5.1,2.3,0.6,445.0,153.7,7.6,4.4,51.0,26.9,24.18,False,4095,0.0,22.1,0.0,EXT-OPEN-METEO-KHI,KARACHI,OPENSOURCE_API_GRID,1146,,,,0.95,True,True,TIER2_OPENSOURCE_PURE;CONTINUOUS_MINUTE_STREAM;VERIFIED_MODEL_GRID,c493374e27c08c0b1194f0eba2818defdee610845ce7e2bd4ef035fe00a7f9cc,2026-09-27T19:05:00+00:00,2026-09-28 00:05:00,85.1,1006.0,81
10.0,14.7,28.6,911.4,264.6,41.2,5.1,2.3,0.6,445.0,153.6,7.6,4.4,51.0,26.9,24.18,False,4095,0.0,22.1,0.0,EXT-OPEN-METEO-KHI,KARACHI,OPENSOURCE_API_GRID,1147,,,,0.95,True,True,TIER2_OPENSOURCE_PURE;CONTINUOUS_MINUTE_STREAM;VERIFIED_MODEL_GRID,3f3325f9cbc2d99b173d803c02dddf4f3869baec495428303f150ec72d55d004,2026-09-27T19:06:00+00:00,2026-09-28 00:06:00,85.1,1006.0,81
9.9,14.6,28.5,905.2,262.8,40.9,5.1,2.3,0.6,445.0,153.5,7.5,4.4,51.1,26.9,24.2,False,4095,0.0,22.2,0.0,EXT-OPEN-METEO-KHI,KARACHI,OPENSOURCE_API_GRID,1148,,,,0.95,True,True,TIER2_OPENSOURCE_PURE;CONTINUOUS_MINUTE_STREAM;VERIFIED_MODEL_GRID,20e9d596e5fdccee949512ce3b970c3999bf5c1dbac81fdf89c5aab2fada3a3b,2026-09-27T19:07:00+00:00,2026-09-28 00:07:00,85.2,1006.0,81
9.9,14.6,28.5,905.2,262.8,40.9,5.1,2.3,0.6,445.0,153.4,7.5,4.4,51.1,26.9,24.2,False,4095,0.0,22.2,0.0,EXT-OPEN-METEO-KHI,KARACHI,OPENSOURCE_API_GRID,1149,,,,0.95,True,True,TIER2_OPENSOURCE_PURE;CONTINUOUS_MINUTE_STREAM;VERIFIED_MODEL_GRID,f36c6db6d27e1a4030f65edd88ed854b6a8eee4c60082ff76ecdc10ecccf4d52,2026-09-27T19:08:00+00:00,2026-09-28 00:08:00,85.2,1006.0,81
10.0,14.7,28.6,911.4,264.6,41.2,5.1,2.3,0.6,445.0,153.2,7.5,4.4,51.1,26.9,24.22,False,4095,0.0,22.3,0.0,EXT-OPEN-METEO-KHI,KARACHI,OPENSOURCE_API_GRID,1150,,,,0.95,True,True,TIER2_OPENSOURCE_PURE;CONTINUOUS_MINUTE_STREAM;VERIFIED_MODEL_GRID,b8b43c3fadded58fb45035f0d0339cbc44521cf8c6e62045534f6f3409197274,2026-09-27T19:09:00+00:00,2026-09-28 00:09:00,85.3,1006.0,81
10.0,14.7,28.7,911.4,264.6,41.2,5.1,2.3,0.6,445.0,153.0,7.5,4.4,51.1,26.9,24.22,False,4095,0.0,22.3,0.0,EXT-OPEN-METEO-KHI,KARACHI,OPENSOURCE_API_GRID,1151,,,,0.95,True,True,TIER2_OPENSOURCE_PURE;CONTINUOUS_MINUTE_STREAM;VERIFIED_MODEL_GRID,6b51be880aed9728d05b2c56d3e1db727fc63ea6fb4dce3bc99036619f9b2579,2026-09-27T19:10:00+00:00,2026-09-28 00:10:00,85.3,1006.0,81
10.0,14.7,28.7,911.4,264.6,41.2,5.1,2.3,0.6,445.0,152.8,7.5,4.4,51.2,26.9,24.22,False,4095,0.0,22.4,0.0,EXT-OPEN-METEO-KHI,KARACHI,OPENSOURCE_API_GRID,1152,,,,0.95,True,True,TIER2_OPENSOURCE_PURE;CONTINUOUS_MINUTE_STREAM;VERIFIED_MODEL_GRID,b910950f402dae3ebe2415709c62725db32d55de4826b8c498f3ffcfd503909e,2026-09-27T19:11:00+00:00,2026-09-28 00:11:00,85.3,1006.0,81
10.0,14.7,28.7,911.4,264.6,41.2,5.1,2.3,0.6,445.0,152.6,7.4,4.4,51.2,26.9,24.22,False,4095,0.0,22.5,0.0,EXT-OPEN-METEO-KHI,KARACHI,OPENSOURCE_API_GRID,1153,,,,0.95,True,True,TIER2_OPENSOURCE_PURE;CONTINUOUS_MINUTE_STREAM;VERIFIED_MODEL_GRID,aef7e800e4a973b01dbc05d594792c717dd8596ae05a77b896d2e71ec4915653,2026-09-27T19:12:00+00:00,2026-09-28 00:12:00,85.3,1006.0,81
10.0,14.7,28.7,911.4,264.6,41.2,5.1,2.3,0.6,445.0,152.3,7.4,4.4,51.2,26.9,24.22,False,4095,0.0,22.6,0.0,EXT-OPEN-METEO-KHI,KARACHI,OPENSOURCE_API_GRID,1154,,,,0.95,True,True,TIER2_OPENSOURCE_PURE;CONTINUOUS_MINUTE_STREAM;VERIFIED_MODEL_GRID,78588a28fb7f29bafca5336e7c3821049059f7175f20a13fc05b1e0d7876d70c,2026-09-27T19:13:00+00:00,2026-09-28 00:13:00,85.3,1006.0,81
10.0,14.7,28.7,911.4,264.6,41.2,5.1,2.3,0.6,445.0,152.1,7.4,4.3,51.3,26.9,24.22,False,4095,0.0,22.6,0.0,EXT-OPEN-METEO-KHI,KARACHI,OPENSOURCE_API_GRID,1155,,,,0.95,True,True,TIER2_OPENSOURCE_PURE;CONTINUOUS_MINUTE_STREAM;VERIFIED_MODEL_GRID,e73e95c73a2fdec1759ba7e6281b9bb9f17ed8428bd88d99a0febdbbb2ccd062,2026-09-27T19:14:00+00:00,2026-09-28 00:14:00,85.3,1006.0,81
10.0,14.7,28.7,911.4,264.6,41.2,5.1,2.3,0.6,445.0,151.8,7.4,4.3,51.3,26.9,24.22,False,4095,0.0,22.7,0.0,EXT-OPEN-METEO-KHI,KARACHI,OPENSOURCE_API_GRID,1156,,,,0.95,True,True,TIER2_OPENSOURCE_PURE;CONTINUOUS_MINUTE_STREAM;VERIFIED_MODEL_GRID,a720b4f39a63366b7c3417eea4bdc5976b8cea77237440f5c0e665cbe416634c,2026-09-27T19:15:00+00:00,2026-09-28 00:15:00,85.3,1006.0,81
10.0,14.7,28.7,911.4,264.6,41.2,5.1,2.3,0.6,445.0,151.5,7.3,4.3,51.3,26.9,24.22,False,4095,0.0,22.8,0.0,EXT-OPEN-METEO-KHI,KARACHI,OPENSOURCE_API_GRID,1157,,,,0.95,True,True,TIER2_OPENSOURCE_PURE;CONTINUOUS_MINUTE_STREAM;VERIFIED_MODEL_GRID,d297594bdba11e2dad585dc17b23d8a3e685ef6aff9080a8fe82334de38561cd,2026-09-27T19:16:00+00:00,2026-09-28 00:16:00,85.3,1006.0,81
10.0,14.7,28.7,911.4,264.6,41.2,5.1,2.3,0.6,445.0,151.2,7.3,4.3,51.4,26.9,24.24,False,4095,0.0,22.9,0.0,EXT-OPEN-METEO-KHI,KARACHI,OPENSOURCE_API_GRID,1158,,,,0.95,True,True,TIER2_OPENSOURCE_PURE;CONTINUOUS_MINUTE_STREAM;VERIFIED_MODEL_GRID,85542bfb3457dbfd63456cd3192c3e90cb018467d4a7ba8277555e814ad590a4,2026-09-27T19:17:00+00:00,2026-09-28 00:17:00,85.4,1006.0,81
9.9,14.6,28.6,905.2,262.8,40.9,5.1,2.3,0.6,445.0,150.9,7.2,4.3,51.4,26.9,24.24,False,4095,0.0,23.0,0.0,EXT-OPEN-METEO-KHI,KARACHI,OPENSOURCE_API_GRID,1159,,,,0.95,True,True,TIER2_OPENSOURCE_PURE;CONTINUOUS_MINUTE_STREAM;VERIFIED_MODEL_GRID,8b903a91ed88e00ee70ab870c36787824ec9a55db87ce6d14c0727ff73e62372,2026-09-27T19:18:00+00:00,2026-09-28 00:18:00,85.4,1006.0,81
9.9,14.6,28.5,905.2,262.8,40.9,5.1,2.3,0.6,445.0,150.6,7.2,4.3,51.5,26.9,24.24,False,4095,0.0,23.1,0.0,EXT-OPEN-METEO-KHI,KARACHI,OPENSOURCE_API_GRID,1160,,,,0.95,True,True,TIER2_OPENSOURCE_PURE;CONTINUOUS_MINUTE_STREAM;VERIFIED_MODEL_GRID,35ce7096700b1884efe996ed55036a08fe45a126185b3e2436449fe0449a3056,2026-09-27T19:19:00+00:00,2026-09-28 00:19:00,85.4,1006.0,81
9.9,14.5,28.5,899.0,261.0,40.6,5.1,2.3,0.6,445.0,150.2,7.2,4.3,51.5,26.9,24.24,False,4095,0.0,23.2,0.0,EXT-OPEN-METEO-KHI,KARACHI,OPENSOURCE_API_GRID,1161,,,,0.95,True,True,TIER2_OPENSOURCE_PURE;CONTINUOUS_MINUTE_STREAM;VERIFIED_MODEL_GRID,90291439d4ef57d1ee130f8f35a2da4cc0c403262bf5cdf83e9975d1d9fe7c48,2026-09-27T19:20:00+00:00,2026-09-28 00:20:00,85.4,1006.0,81
9.9,14.5,28.4,899.0,261.0,40.6,5.1,2.3,0.6,445.0,149.9,7.1,4.3,51.5,26.9,24.24,False,4095,0.0,23.4,0.0,EXT-OPEN-METEO-KHI,KARACHI,OPENSOURCE_API_GRID,1162,,,,0.95,True,True,TIER2_OPENSOURCE_PURE;CONTINUOUS_MINUTE_STREAM;VERIFIED_MODEL_GRID,fa490b08e96805b61ca0d1cd625268d4769cd87137a862e3a9a2447dfa8082dc,2026-09-27T19:21:00+00:00,2026-09-28 00:21:00,85.4,1006.0,81
9.8,14.4,28.3,892.8,259.2,40.3,5.0,2.3,0.6,445.0,149.6,7.1,4.3,51.6,26.8,24.16,False,4095,0.0,23.5,0.0,EXT-OPEN-METEO-KHI,KARACHI,OPENSOURCE_API_GRID,1163,,,,0.95,True,True,TIER2_OPENSOURCE_PURE;CONTINUOUS_MINUTE_STREAM;VERIFIED_MODEL_GRID,b47591b36f0368b72135fe0391a41c96a6938d240ef7b3b71638bbe8c487f857,2026-09-27T19:22:00+00:00,2026-09-28 00:22:00,85.5,1006.0,81
9.8,14.4,28.3,892.8,259.2,40.3,5.0,2.3,0.6,445.0,149.2,7.1,4.3,51.6,26.8,24.16,False,4095,0.0,23.6,0.0,EXT-OPEN-METEO-KHI,KARACHI,OPENSOURCE_API_GRID,1164,,,,0.95,True,True,TIER2_OPENSOURCE_PURE;CONTINUOUS_MINUTE_STREAM;VERIFIED_MODEL_GRID,7790fd91f246be39a23df2c6b75f087f3fd007b828ec210bf81c8731cc8eb81c,2026-09-27T19:23:00+00:00,2026-09-28 00:23:00,85.5,1006.0,81
9.7,14.3,28.2,886.6,257.4,40.0,5.0,2.3,0.6,445.0,148.8,7.0,4.3,51.7,26.8,24.16,False,4095,0.0,23.7,0.0,EXT-OPEN-METEO-KHI,KARACHI,OPENSOURCE_API_GRID,1165,,,,0.95,True,True,TIER2_OPENSOURCE_PURE;CONTINUOUS_MINUTE_STREAM;VERIFIED_MODEL_GRID,0efb89009228224da2a0a5b3c97214d82f59794378c248dd51fc4e62f057930e,2026-09-27T19:24:00+00:00,2026-09-28 00:24:00,85.5,1006.0,81
9.7,14.3,28.1,886.6,257.4,40.0,5.0,2.2,0.6,445.0,148.4,7.0,4.3,51.7,26.8,24.18,False,4095,0.0,23.9,0.0,EXT-OPEN-METEO-KHI,KARACHI,OPENSOURCE_API_GRID,1166,,,,0.95,True,True,TIER2_OPENSOURCE_PURE;CONTINUOUS_MINUTE_STREAM;VERIFIED_MODEL_GRID,4e51bade680248fd2bd0402b57bc1a445e50118c49686e87cfd033bda93b7d4f,2026-09-27T19:25:00+00:00,2026-09-28 00:25:00,85.6,1006.0,81
9.7,14.2,28.1,880.4,255.6,39.8,5.0,2.2,0.6,445.0,148.1,6.9,4.2,51.8,26.8,24.18,False,4095,0.0,24.0,0.0,EXT-OPEN-METEO-KHI,KARACHI,OPENSOURCE_API_GRID,1167,,,,0.95,True,True,TIER2_OPENSOURCE_PURE;CONTINUOUS_MINUTE_STREAM;VERIFIED_MODEL_GRID,fb8898f7782a2a5732ca39c334ec9f109c6960e39130eddab29ceef6ba561b11,2026-09-27T19:26:00+00:00,2026-09-28 00:26:00,85.6,1006.0,81
9.7,14.2,28.0,880.4,255.6,39.8,5.0,2.2,0.6,445.0,147.7,6.9,4.2,51.8,26.8,24.2,False,4095,0.0,24.1,0.0,EXT-OPEN-METEO-KHI,KARACHI,OPENSOURCE_API_GRID,1168,,,,0.95,True,True,TIER2_OPENSOURCE_PURE;CONTINUOUS_MINUTE_STREAM;VERIFIED_MODEL_GRID,6f2ba75f59f640c04119339a1eacb6aaffe97f16fe52b765c98ae89195d0c339,2026-09-27T19:27:00+00:00,2026-09-28 00:27:00,85.7,1006.0,81
9.7,14.2,28.0,880.4,255.6,39.8,5.0,2.2,0.6,445.0,147.3,6.8,4.2,51.9,26.8,24.22,False,4095,0.0,24.2,0.0,EXT-OPEN-METEO-KHI,KARACHI,OPENSOURCE_API_GRID,1169,,,,0.95,True,True,TIER2_OPENSOURCE_PURE;CONTINUOUS_MINUTE_STREAM;VERIFIED_MODEL_GRID,ae1a14edf4f53a33ae7ad20757a1cf34f6df4b48886743be5bf37821e9191387,2026-09-27T19:28:00+00:00,2026-09-28 00:28:00,85.8,1006.0,81
9.7,14.2,28.0,880.4,255.6,39.8,5.0,2.2,0.6,445.0,146.9,6.8,4.2,51.9,26.8,24.22,False,4095,0.0,24.4,0.0,EXT-OPEN-METEO-KHI,KARACHI,OPENSOURCE_API_GRID,1170,,,,0.95,True,True,TIER2_OPENSOURCE_PURE;CONTINUOUS_MINUTE_STREAM;VERIFIED_MODEL_GRID,be7f78552f932b9eae2ffa0d78c9b6aaff94565eaa400ea1457b7b867b1f2075,2026-09-27T19:29:00+00:00,2026-09-28 00:29:00,85.8,1006.0,81
9.7,14.2,28.0,880.4,255.6,39.8,5.0,2.2,0.6,445.0,146.5,6.8,4.2,52.0,26.8,24.24,False,4095,0.0,24.5,0.0,EXT-OPEN-METEO-KHI,KARACHI,OPENSOURCE_API_GRID,1171,,,,0.95,True,True,TIER2_OPENSOURCE_PURE;CONTINUOUS_MINUTE_STREAM;VERIFIED_MODEL_GRID,61d25d7639f11d74ca2fc3530416b8c6de155904839e013888cefad9cfcacefe,2026-09-27T19:30:00+00:00,2026-09-28 00:30:00,85.9,1006.0,81
9.7,14.2,28.0,880.4,255.6,39.8,5.0,2.2,0.6,445.0,146.1,6.7,4.2,52.1,26.7,24.16,False,4095,0.0,24.6,0.0,EXT-OPEN-METEO-KHI,KARACHI,OPENSOURCE_API_GRID,1172,,,,0.95,True,True,TIER2_OPENSOURCE_PURE;CONTINUOUS_MINUTE_STREAM;VERIFIED_MODEL_GRID,c716c16359aa78dc1acc8e6cd588ce2bd36d353f3a2bb1e42b1378c21ba52af7,2026-09-27T19:31:00+00:00,2026-09-28 00:31:00,86.0,1006.0,81
9.7,14.2,28.1,880.4,255.6,39.8,5.0,2.2,0.6,445.0,145.7,6.7,4.2,52.1,26.7,24.16,False,4095,0.0,24.8,0.0,EXT-OPEN-METEO-KHI,KARACHI,OPENSOURCE_API_GRID,1173,,,,0.95,True,True,TIER2_OPENSOURCE_PURE;CONTINUOUS_MINUTE_STREAM;VERIFIED_MODEL_GRID,86948159ed646e3c0c92ee704d79abeb3b583e29846c95cc201c00a796c9b97d,2026-09-27T19:32:00+00:00,2026-09-28 00:32:00,86.0,1005.9,81
9.7,14.2,28.1,880.4,255.6,39.8,5.0,2.2,0.6,445.0,145.3,6.6,4.2,52.2,26.7,24.18,False,4095,0.0,24.9,0.0,EXT-OPEN-METEO-KHI,KARACHI,OPENSOURCE_API_GRID,1174,,,,0.95,True,True,TIER2_OPENSOURCE_PURE;CONTINUOUS_MINUTE_STREAM;VERIFIED_MODEL_GRID,6f9fe83291f1fbcb341103f3f691f4634b8b4da1550a198cca1855d662782ea2,2026-09-27T19:33:00+00:00,2026-09-28 00:33:00,86.1,1005.9,81
9.7,14.2,28.2,880.4,255.6,39.8,5.0,2.3,0.6,445.0,144.9,6.6,4.2,52.2,26.7,24.2,False,4095,0.0,25.0,0.0,EXT-OPEN-METEO-KHI,KARACHI,OPENSOURCE_API_GRID,1175,,,,0.95,True,True,TIER2_OPENSOURCE_PURE;CONTINUOUS_MINUTE_STREAM;VERIFIED_MODEL_GRID,2ebc56ec9ee1ef6138a5a51a81d338807b7d76a5a6cbc7da088913d4d4698fe2,2026-09-27T19:34:00+00:00,2026-09-28 00:34:00,86.2,1005.9,81
9.7,14.3,28.2,886.6,257.4,40.0,5.0,2.3,0.6,445.0,144.6,6.5,4.1,52.3,26.7,24.22,False,4095,0.0,25.1,0.0,EXT-OPEN-METEO-KHI,KARACHI,OPENSOURCE_API_GRID,1176,,,,0.95,True,True,TIER2_OPENSOURCE_PURE;CONTINUOUS_MINUTE_STREAM;VERIFIED_MODEL_GRID,907c2d8bae1bcb252a68fd77a8987747917bba91c350bca35c1917f42e10ca33,2026-09-27T19:35:00+00:00,2026-09-28 00:35:00,86.3,1005.9,81
9.7,14.3,28.3,886.6,257.4,40.0,5.0,2.3,0.6,445.0,144.2,6.5,4.1,52.3,26.7,24.22,False,4095,0.0,25.3,0.0,EXT-OPEN-METEO-KHI,KARACHI,OPENSOURCE_API_GRID,1177,,,,0.95,True,True,TIER2_OPENSOURCE_PURE;CONTINUOUS_MINUTE_STREAM;VERIFIED_MODEL_GRID,5954bd5fe9652eafd23cdd4628682ad1d41eeff9fb3045a9bb5aeb60128df879,2026-09-27T19:36:00+00:00,2026-09-28 00:36:00,86.3,1005.9,81
9.7,14.3,28.3,886.6,257.4,40.0,5.0,2.3,0.6,445.0,143.8,6.4,4.1,52.4,26.8,24.34,False,4095,0.0,25.4,0.0,EXT-OPEN-METEO-KHI,KARACHI,OPENSOURCE_API_GRID,1178,,,,0.95,True,True,TIER2_OPENSOURCE_PURE;CONTINUOUS_MINUTE_STREAM;VERIFIED_MODEL_GRID,9557eddf15c3c2966b853d28f810cd1987bb5e74e29575329e2848a9c9c032ca,2026-09-27T19:37:00+00:00,2026-09-28 00:37:00,86.4,1005.9,81
9.7,14.2,28.2,880.4,255.6,39.8,5.0,2.3,0.6,445.0,143.4,6.4,4.1,52.4,26.8,24.38,False,4095,0.0,25.5,0.0,EXT-OPEN-METEO-KHI,KARACHI,OPENSOURCE_API_GRID,1179,,,,0.95,True,True,TIER2_OPENSOURCE_PURE;CONTINUOUS_MINUTE_STREAM;VERIFIED_MODEL_GRID,db5e4a6d65750762213c73e4d21299528bda030f55e10fdca95b50d30dc05262,2026-09-27T19:38:00+00:00,2026-09-28 00:38:00,86.6,1005.9,81
9.7,14.3,28.3,886.6,257.4,40.0,5.0,2.3,0.6,445.0,143.1,6.4,4.1,52.5,26.8,24.38,False,4095,0.0,25.6,0.0,EXT-OPEN-METEO-KHI,KARACHI,OPENSOURCE_API_GRID,1180,,,,0.95,True,True,TIER2_OPENSOURCE_PURE;CONTINUOUS_MINUTE_STREAM;VERIFIED_MODEL_GRID,c856e66af855ea9c2b74fd7d2b27835f52c272bddbcab1bd8fe3e576b2d0a43b,2026-09-27T19:39:00+00:00,2026-09-28 00:39:00,86.6,1005.9,81
9.7,14.3,28.3,886.6,257.4,40.0,5.0,2.3,0.6,445.0,142.8,6.3,4.1,52.5,26.8,24.38,False,4095,0.0,25.8,0.0,EXT-OPEN-METEO-KHI,KARACHI,OPENSOURCE_API_GRID,1181,,,,0.95,True,True,TIER2_OPENSOURCE_PURE;CONTINUOUS_MINUTE_STREAM;VERIFIED_MODEL_GRID,cf4f19c8c7909757eff27bed7b1a5e625583a42acb0f8485d02b0518eb83ebb9,2026-09-27T19:40:00+00:00,2026-09-28 00:40:00,86.6,1005.9,81
9.7,14.3,28.4,886.6,257.4,40.0,5.0,2.3,0.6,445.0,142.4,6.3,4.1,52.5,26.8,24.4,False,4095,0.0,25.9,0.0,EXT-OPEN-METEO-KHI,KARACHI,OPENSOURCE_API_GRID,1182,,,,0.95,True,True,TIER2_OPENSOURCE_PURE;CONTINUOUS_MINUTE_STREAM;VERIFIED_MODEL_GRID,30b5c9e8bc5b1ac50cc79bc6727373676ee0f46d92f466b0d86a4aec1cd469dc,2026-09-27T19:41:00+00:00,2026-09-28 00:41:00,86.7,1005.9,81
9.8,14.4,28.4,892.8,259.2,40.3,5.0,2.3,0.6,445.0,142.1,6.3,4.1,52.6,26.8,24.4,False,4095,0.0,26.0,0.0,EXT-OPEN-METEO-KHI,KARACHI,OPENSOURCE_API_GRID,1183,,,,0.95,True,True,TIER2_OPENSOURCE_PURE;CONTINUOUS_MINUTE_STREAM;VERIFIED_MODEL_GRID,27de99a0df654c4db81a2ef47d1f64d68370d9b6dae8416085487d1f1a5b3f3a,2026-09-27T19:42:00+00:00,2026-09-28 00:42:00,86.7,1005.9,81
9.8,14.4,28.4,892.8,259.2,40.3,5.0,2.3,0.6,445.0,141.8,6.2,4.1,52.6,26.8,24.4,False,4095,0.0,26.1,0.0,EXT-OPEN-METEO-KHI,KARACHI,OPENSOURCE_API_GRID,1184,,,,0.95,True,True,TIER2_OPENSOURCE_PURE;CONTINUOUS_MINUTE_STREAM;VERIFIED_MODEL_GRID,4ac59d5eb64ff5a260ee51b0fd9410b7046ff72919dbd44eee70bc56c49619fb,2026-09-27T19:43:00+00:00,2026-09-28 00:43:00,86.7,1005.9,81
9.8,14.4,28.5,892.8,259.2,40.3,5.0,2.3,0.6,445.0,141.5,6.2,4.1,52.7,26.8,24.41,False,4095,0.0,26.2,0.0,EXT-OPEN-METEO-KHI,KARACHI,OPENSOURCE_API_GRID,1185,,,,0.95,True,True,TIER2_OPENSOURCE_PURE;CONTINUOUS_MINUTE_STREAM;VERIFIED_MODEL_GRID,24a11af9ebd026bc43f130e7914b3f85036f3734551bdce2eed27284ca679e61,2026-09-27T19:44:00+00:00,2026-09-28 00:44:00,86.8,1005.9,81
9.8,14.4,28.5,892.8,259.2,40.3,5.0,2.3,0.6,445.0,141.2,6.1,4.1,52.7,26.8,24.41,False,4095,0.0,26.3,0.0,EXT-OPEN-METEO-KHI,KARACHI,OPENSOURCE_API_GRID,1186,,,,0.95,True,True,TIER2_OPENSOURCE_PURE;CONTINUOUS_MINUTE_STREAM;VERIFIED_MODEL_GRID,f97d25070e8cbbe7700cb919f5202b1d8f8ab7ede9eb5e9d8cd55d8c4e9b28ee,2026-09-27T19:45:00+00:00,2026-09-28 00:45:00,86.8,1005.9,81
9.8,14.4,28.4,892.8,259.2,40.3,5.0,2.3,0.6,445.0,140.9,6.1,4.1,52.7,26.8,24.41,False,4095,0.0,26.4,0.0,EXT-OPEN-METEO-KHI,KARACHI,OPENSOURCE_API_GRID,1187,,,,0.95,True,True,TIER2_OPENSOURCE_PURE;CONTINUOUS_MINUTE_STREAM;VERIFIED_MODEL_GRID,e10384fea695ce15e330f34ce2f2f28b3509040a786c59638ad5938a268ebf7c,2026-09-27T19:46:00+00:00,2026-09-28 00:46:00,86.8,1005.9,81
9.7,14.3,28.4,886.6,257.4,40.0,5.0,2.3,0.6,445.0,140.7,6.1,4.0,52.8,26.8,24.41,False,4095,0.0,26.4,0.0,EXT-OPEN-METEO-KHI,KARACHI,OPENSOURCE_API_GRID,1188,,,,0.95,True,True,TIER2_OPENSOURCE_PURE;CONTINUOUS_MINUTE_STREAM;VERIFIED_MODEL_GRID,db1d6075a3621ffcb54bfa114a6d208492cc5857b95d319a2fbd343f21b26074,2026-09-27T19:47:00+00:00,2026-09-28 00:47:00,86.8,1005.9,81
9.7,14.3,28.4,886.6,257.4,40.0,5.0,2.3,0.6,445.0,140.4,6.1,4.0,52.8,26.8,24.41,False,4095,0.0,26.5,0.0,EXT-OPEN-METEO-KHI,KARACHI,OPENSOURCE_API_GRID,1189,,,,0.95,True,True,TIER2_OPENSOURCE_PURE;CONTINUOUS_MINUTE_STREAM;VERIFIED_MODEL_GRID,3a636bdf57fdc695b9cf528310a44bba7c6ab42a821e8a79480a180d8548eb2c,2026-09-27T19:48:00+00:00,2026-09-28 00:48:00,86.8,1005.9,81
9.7,14.3,28.3,886.6,257.4,40.0,5.0,2.3,0.6,445.0,140.2,6.0,4.0,52.8,26.8,24.41,False,4095,0.0,26.6,0.0,EXT-OPEN-METEO-KHI,KARACHI,OPENSOURCE_API_GRID,1190,,,,0.95,True,True,TIER2_OPENSOURCE_PURE;CONTINUOUS_MINUTE_STREAM;VERIFIED_MODEL_GRID,6a154e1e7c72b7e032b93102982371d6b1101d2332d71f60370594b719bf4588,2026-09-27T19:49:00+00:00,2026-09-28 00:49:00,86.8,1005.9,81
9.7,14.2,28.3,880.4,255.6,39.8,5.0,2.3,0.6,445.0,140.0,6.0,4.0,52.9,26.7,24.32,False,4095,0.0,26.7,0.0,EXT-OPEN-METEO-KHI,KARACHI,OPENSOURCE_API_GRID,1191,,,,0.95,True,True,TIER2_OPENSOURCE_PURE;CONTINUOUS_MINUTE_STREAM;VERIFIED_MODEL_GRID,db98dcb36890390b68e62015bb90bf21979c91baa6a9e6c6489ff90d306b5e59,2026-09-27T19:50:00+00:00,2026-09-28 00:50:00,86.8,1005.9,81
9.7,14.2,28.2,880.4,255.6,39.8,5.0,2.3,0.6,445.0,139.8,6.0,4.0,52.9,26.7,24.32,False,4095,0.0,26.7,0.0,EXT-OPEN-METEO-KHI,KARACHI,OPENSOURCE_API_GRID,1192,,,,0.95,True,True,TIER2_OPENSOURCE_PURE;CONTINUOUS_MINUTE_STREAM;VERIFIED_MODEL_GRID,cbd34efb996a06503d39a40999ec89b8398c9662d7df6f4f59be84cf290981e4,2026-09-27T19:51:00+00:00,2026-09-28 00:51:00,86.8,1005.9,81
9.6,14.1,28.1,874.2,253.8,39.5,4.9,2.2,0.6,445.0,139.6,6.0,4.0,52.9,26.7,24.32,False,4095,0.0,26.8,0.0,EXT-OPEN-METEO-KHI,KARACHI,OPENSOURCE_API_GRID,1193,,,,0.95,True,True,TIER2_OPENSOURCE_PURE;CONTINUOUS_MINUTE_STREAM;VERIFIED_MODEL_GRID,72635f4463c93795beef61a0ae97ac9cd703f821bc84ce8dc94d8f4111646821,2026-09-27T19:52:00+00:00,2026-09-28 00:52:00,86.8,1005.9,81
9.6,14.1,28.1,874.2,253.8,39.5,4.9,2.2,0.6,445.0,139.5,6.0,4.0,52.9,26.7,24.32,False,4095,0.0,26.8,0.0,EXT-OPEN-METEO-KHI,KARACHI,OPENSOURCE_API_GRID,1194,,,,0.95,True,True,TIER2_OPENSOURCE_PURE;CONTINUOUS_MINUTE_STREAM;VERIFIED_MODEL_GRID,e887978abea92a238f566d8ab2722dcec09377ae20740a0ff1b08ae35465741c,2026-09-27T19:53:00+00:00,2026-09-28 00:53:00,86.8,1005.9,81
9.5,14.0,28.0,868.0,252.0,39.2,4.9,2.2,0.6,445.0,139.4,5.9,4.0,53.0,26.7,24.32,False,4095,0.0,26.9,0.0,EXT-OPEN-METEO-KHI,KARACHI,OPENSOURCE_API_GRID,1195,,,,0.95,True,True,TIER2_OPENSOURCE_PURE;CONTINUOUS_MINUTE_STREAM;VERIFIED_MODEL_GRID,a1b31b0479b0f91c973f92aa624293e742b23b7f3027a71b6cffd274972c6989,2026-09-27T19:54:00+00:00,2026-09-28 00:54:00,86.8,1005.9,81
9.5,14.0,27.9,868.0,252.0,39.2,4.9,2.2,0.6,445.0,139.3,5.9,4.0,53.0,26.7,24.32,False,4095,0.0,26.9,0.0,EXT-OPEN-METEO-KHI,KARACHI,OPENSOURCE_API_GRID,1196,,,,0.95,True,True,TIER2_OPENSOURCE_PURE;CONTINUOUS_MINUTE_STREAM;VERIFIED_MODEL_GRID,cd5df4c7a92c25963c31d0b7d7ce78028f535b47c2f4cbf45c75ff8733922bfd,2026-09-27T19:55:00+00:00,2026-09-28 00:55:00,86.8,1005.9,81
9.5,14.0,27.9,868.0,252.0,39.2,4.9,2.2,0.6,445.0,139.2,5.9,4.0,53.0,26.7,24.32,False,4095,0.0,26.9,0.0,EXT-OPEN-METEO-KHI,KARACHI,OPENSOURCE_API_GRID,1197,,,,0.95,True,True,TIER2_OPENSOURCE_PURE;CONTINUOUS_MINUTE_STREAM;VERIFIED_MODEL_GRID,8fb9a699fc42c8320775be2c8766bfaf8f859963e7678f6def710f2a905b9786,2026-09-27T19:56:00+00:00,2026-09-28 00:56:00,86.8,1005.9,81
9.5,13.9,27.8,861.8,250.2,38.9,4.9,2.2,0.6,445.0,139.1,5.9,4.0,53.0,26.7,24.32,False,4095,0.0,27.0,0.0,EXT-OPEN-METEO-KHI,KARACHI,OPENSOURCE_API_GRID,1198,,,,0.95,True,True,TIER2_OPENSOURCE_PURE;CONTINUOUS_MINUTE_STREAM;VERIFIED_MODEL_GRID,9098d533ecd6904f5c58e1dc9b9759c544b2471e1fd3893dbfa1d50bd0b63768,2026-09-27T19:57:00+00:00,2026-09-28 00:57:00,86.8,1005.9,81
9.5,13.9,27.8,861.8,250.2,38.9,4.9,2.2,0.6,445.0,139.0,5.9,4.0,53.0,26.7,24.32,False,4095,0.0,27.0,0.0,EXT-OPEN-METEO-KHI,KARACHI,OPENSOURCE_API_GRID,1199,,,,0.95,True,True,TIER2_OPENSOURCE_PURE;CONTINUOUS_MINUTE_STREAM;VERIFIED_MODEL_GRID,e34d16eac1cdc9f5651d74c15e1a63740c951e4be23b28a55a6d96e981ce4301,2026-09-27T19:58:00+00:00,2026-09-28 00:58:00,86.8,1005.9,81
9.5,13.9,27.8,861.8,250.2,38.9,4.9,2.2,0.6,445.0,139.0,5.9,4.0,53.0,26.7,24.34,False,4095,0.0,27.0,0.0,EXT-OPEN-METEO-KHI,KARACHI,OPENSOURCE_API_GRID,1200,,,,0.95,True,True,TIER2_OPENSOURCE_PURE;CONTINUOUS_MINUTE_STREAM;VERIFIED_MODEL_GRID,b204394727f15843483d63a096dd290eb0678104622742439782e29ef1d7c5a3,2026-09-27T19:59:00+00:00,2026-09-28 00:59:00,86.9,1005.9,81
9.5,13.9,27.8,861.8,250.2,38.9,4.9,2.2,0.6,445.0,139.0,5.9,4.0,53.0,26.7,24.34,False,4095,0.0,27.0,0.0,EXT-OPEN-METEO-KHI,KARACHI,OPENSOURCE_API_GRID,1201,,,,0.95,True,False,TIER2_OPENSOURCE_PURE;HOURLY_NODE;VERIFIED_MODEL_GRID,aaf7b0e46ae0a9ead01f85e4a2c8afe25f9e56b82f08d2b51b9da8d26d4c9cbd,2026-09-27T20:00:00+00:00,2026-09-28 01:00:00,86.9,1005.9,82
9.5,13.9,27.8,861.8,250.2,38.9,4.9,2.2,0.6,445.0,139.0,5.9,4.0,53.0,26.7,24.34,False,4095,0.0,27.0,0.0,EXT-OPEN-METEO-KHI,KARACHI,OPENSOURCE_API_GRID,1202,,,,0.95,True,True,TIER2_OPENSOURCE_PURE;CONTINUOUS_MINUTE_STREAM;VERIFIED_MODEL_GRID,9b864c933dc22c0816ccc12f3b866221169524aa78540b2707aca05e0ecc2007,2026-09-27T20:01:00+00:00,2026-09-28 01:01:00,86.9,1005.9,82
9.5,13.9,27.9,861.8,250.2,38.9,4.9,2.2,0.6,445.0,139.0,5.9,4.0,53.0,26.6,24.24,False,4095,0.0,27.0,0.0,EXT-OPEN-METEO-KHI,KARACHI,OPENSOURCE_API_GRID,1203,,,,0.95,True,True,TIER2_OPENSOURCE_PURE;CONTINUOUS_MINUTE_STREAM;VERIFIED_MODEL_GRID,84a0dad36b4ea223e29e32275e25869d77f34c6dbd366e363c1b5ab283e7b638,2026-09-27T20:02:00+00:00,2026-09-28 01:02:00,86.9,1005.9,82
9.5,14.0,27.9,868.0,252.0,39.2,4.9,2.2,0.6,445.0,138.9,5.9,4.0,53.0,26.7,24.34,False,4095,0.0,27.0,0.0,EXT-OPEN-METEO-KHI,KARACHI,OPENSOURCE_API_GRID,1204,,,,0.95,True,True,TIER2_OPENSOURCE_PURE;CONTINUOUS_MINUTE_STREAM;VERIFIED_MODEL_GRID,d4422f2382c9e13d4afce22121321c46aa9a68d2e9ad749d59e4a11a82803ac2,2026-09-27T20:03:00+00:00,2026-09-28 01:03:00,86.9,1005.9,82
9.5,14.0,28.0,868.0,252.0,39.2,4.9,2.2,0.6,445.0,138.9,5.9,4.0,53.0,26.7,24.36,False,4095,0.0,27.1,0.0,EXT-OPEN-METEO-KHI,KARACHI,OPENSOURCE_API_GRID,1205,,,,0.95,True,True,TIER2_OPENSOURCE_PURE;CONTINUOUS_MINUTE_STREAM;VERIFIED_MODEL_GRID,21bfbcf469d70bf55512dd6977b595714f9c0c9e30fdea37e7e366382f7341fb,2026-09-27T20:04:00+00:00,2026-09-28 01:04:00,87.0,1005.9,82
9.5,14.0,28.0,868.0,252.0,39.2,4.9,2.2,0.6,445.0,138.8,5.9,4.0,53.0,26.7,24.36,False,4095,0.0,27.1,0.0,EXT-OPEN-METEO-KHI,KARACHI,OPENSOURCE_API_GRID,1206,,,,0.95,True,True,TIER2_OPENSOURCE_PURE;CONTINUOUS_MINUTE_STREAM;VERIFIED_MODEL_GRID,7d9091ecb413e7ff770bd0e8fae072e0f3211060188e471aa7d2a36084b36dd6,2026-09-27T20:05:00+00:00,2026-09-28 01:05:00,87.0,1005.9,82
9.6,14.1,28.1,874.2,253.8,39.5,4.9,2.2,0.6,445.0,138.8,5.9,4.0,53.0,26.7,24.36,False,4095,0.0,27.1,0.0,EXT-OPEN-METEO-KHI,KARACHI,OPENSOURCE_API_GRID,1207,,,,0.95,True,True,TIER2_OPENSOURCE_PURE;CONTINUOUS_MINUTE_STREAM;VERIFIED_MODEL_GRID,f298f995d785aa14d8c7160236bd37b58c0ba95ed01ddada662f9311365cd1eb,2026-09-27T20:06:00+00:00,2026-09-28 01:06:00,87.0,1005.9,82
9.6,14.1,28.2,874.2,253.8,39.5,4.9,2.3,0.6,445.0,138.7,5.9,4.0,53.0,26.7,24.37,False,4095,0.0,27.2,0.0,EXT-OPEN-METEO-KHI,KARACHI,OPENSOURCE_API_GRID,1208,,,,0.95,True,True,TIER2_OPENSOURCE_PURE;CONTINUOUS_MINUTE_STREAM;VERIFIED_MODEL_GRID,52176b6f349ce5d3002935d189e166626380350a9fe760a91980a2c96c66f5b7,2026-09-27T20:07:00+00:00,2026-09-28 01:07:00,87.1,1005.9,82
9.7,14.2,28.2,880.4,255.6,39.8,5.0,2.3,0.6,445.0,138.6,5.8,4.0,53.0,26.7,24.37,False,4095,0.0,27.2,0.0,EXT-OPEN-METEO-KHI,KARACHI,OPENSOURCE_API_GRID,1209,,,,0.95,True,True,TIER2_OPENSOURCE_PURE;CONTINUOUS_MINUTE_STREAM;VERIFIED_MODEL_GRID,f1083d8c1f31bc433b96af2022ea7d98212cc0d1fc6fd5ec2550f20bf9282211,2026-09-27T20:08:00+00:00,2026-09-28 01:08:00,87.1,1005.9,82
9.6,14.1,28.1,874.2,253.8,39.5,4.9,2.2,0.6,445.0,138.5,5.8,4.0,53.1,26.7,24.39,False,4095,0.0,27.3,0.0,EXT-OPEN-METEO-KHI,KARACHI,OPENSOURCE_API_GRID,1210,,,,0.95,True,True,TIER2_OPENSOURCE_PURE;CONTINUOUS_MINUTE_STREAM;VERIFIED_MODEL_GRID,624260a811116d392d30cfab7493b7fe631ea74994e07bf054ac6d1c0ca015cc,2026-09-27T20:09:00+00:00,2026-09-28 01:09:00,87.2,1005.9,82
9.6,14.1,28.2,874.2,253.8,39.5,4.9,2.3,0.6,445.0,138.3,5.8,4.0,53.1,26.7,24.39,False,4095,0.0,27.3,0.0,EXT-OPEN-METEO-KHI,KARACHI,OPENSOURCE_API_GRID,1211,,,,0.95,True,True,TIER2_OPENSOURCE_PURE;CONTINUOUS_MINUTE_STREAM;VERIFIED_MODEL_GRID,99da33030e313765fd60a6e10a603d153d2783f98a9a150cb162ed244a35999e,2026-09-27T20:10:00+00:00,2026-09-28 01:10:00,87.2,1005.9,82
9.7,14.2,28.3,880.4,255.6,39.8,5.0,2.3,0.6,445.0,138.2,5.8,4.0,53.1,26.7,24.39,False,4095,0.0,27.4,0.0,EXT-OPEN-METEO-KHI,KARACHI,OPENSOURCE_API_GRID,1212,,,,0.95,True,True,TIER2_OPENSOURCE_PURE;CONTINUOUS_MINUTE_STREAM;VERIFIED_MODEL_GRID,3c8c060ec398b7d7fbb3faf196486620da744c4670f21062f4c9bda97933416d,2026-09-27T20:11:00+00:00,2026-09-28 01:11:00,87.2,1005.9,82
9.7,14.2,28.3,880.4,255.6,39.8,5.0,2.3,0.6,445.0,138.0,5.8,4.0,53.1,26.7,24.39,False,4095,0.0,27.5,0.0,EXT-OPEN-METEO-KHI,KARACHI,OPENSOURCE_API_GRID,1213,,,,0.95,True,True,TIER2_OPENSOURCE_PURE;CONTINUOUS_MINUTE_STREAM;VERIFIED_MODEL_GRID,22e5b3ae0af7650056d061402796cc6e0f44ae9195efca1f1bb33c07ee8dbe9f,2026-09-27T20:12:00+00:00,2026-09-28 01:12:00,87.2,1005.9,82
9.7,14.2,28.4,880.4,255.6,39.8,5.0,2.3,0.6,445.0,137.9,5.8,4.0,53.1,26.7,24.39,False,4095,0.0,27.6,0.0,EXT-OPEN-METEO-KHI,KARACHI,OPENSOURCE_API_GRID,1214,,,,0.95,True,True,TIER2_OPENSOURCE_PURE;CONTINUOUS_MINUTE_STREAM;VERIFIED_MODEL_GRID,c7cef54bca7a2dd3dc6627c0c114f92b2985315a13e5ad90bb3119562348e20b,2026-09-27T20:13:00+00:00,2026-09-28 01:13:00,87.2,1005.9,82
9.7,14.2,28.4,880.4,255.6,39.8,5.0,2.3,0.6,445.0,137.7,5.7,4.0,53.1,26.7,24.39,False,4095,0.0,27.6,0.0,EXT-OPEN-METEO-KHI,KARACHI,OPENSOURCE_API_GRID,1215,,,,0.95,True,True,TIER2_OPENSOURCE_PURE;CONTINUOUS_MINUTE_STREAM;VERIFIED_MODEL_GRID,2a209867fa9462bd9faea6d64da90d5b36c78e852e0442c87322fa9133580636,2026-09-27T20:14:00+00:00,2026-09-28 01:14:00,87.2,1005.9,82
9.7,14.3,28.5,886.6,257.4,40.0,5.0,2.3,0.6,445.0,137.5,5.7,4.0,53.1,26.7,24.39,False,4095,0.0,27.7,0.0,EXT-OPEN-METEO-KHI,KARACHI,OPENSOURCE_API_GRID,1216,,,,0.95,True,True,TIER2_OPENSOURCE_PURE;CONTINUOUS_MINUTE_STREAM;VERIFIED_MODEL_GRID,e02707b1225e72908e68ebadee0ea1049df40df7b50d32bc9b0e2e62ed11f804,2026-09-27T20:15:00+00:00,2026-09-28 01:15:00,87.2,1005.9,82
9.7,14.3,28.5,886.6,257.4,40.0,5.0,2.3,0.6,445.0,137.3,5.7,4.0,53.2,26.7,24.39,False,4095,0.0,27.8,0.0,EXT-OPEN-METEO-KHI,KARACHI,OPENSOURCE_API_GRID,1217,,,,0.95,True,True,TIER2_OPENSOURCE_PURE;CONTINUOUS_MINUTE_STREAM;VERIFIED_MODEL_GRID,32b14e70e2eb9a2ea89e693edb0476f1b6c14ecf6d853ed2785f15ddb4caa7ab,2026-09-27T20:16:00+00:00,2026-09-28 01:16:00,87.2,1005.9,82
9.7,14.2,28.5,880.4,255.6,39.8,5.0,2.3,0.6,445.0,137.1,5.7,3.9,53.2,26.7,24.39,False,4095,0.0,27.9,0.0,EXT-OPEN-METEO-KHI,KARACHI,OPENSOURCE_API_GRID,1218,,,,0.95,True,True,TIER2_OPENSOURCE_PURE;CONTINUOUS_MINUTE_STREAM;VERIFIED_MODEL_GRID,9103eeb7a88c7071051737b070db0521b3f1611e1150a6c51a81929e5bdaacc4,2026-09-27T20:17:00+00:00,2026-09-28 01:17:00,87.2,1005.9,82
9.7,14.2,28.5,880.4,255.6,39.8,5.0,2.3,0.6,445.0,136.9,5.7,3.9,53.2,26.7,24.39,False,4095,0.0,28.0,0.0,EXT-OPEN-METEO-KHI,KARACHI,OPENSOURCE_API_GRID,1219,,,,0.95,True,True,TIER2_OPENSOURCE_PURE;CONTINUOUS_MINUTE_STREAM;VERIFIED_MODEL_GRID,3dbe0502216ef16bb47365636e0197bb2048ae5cead9e095b01e11ad8c21420a,2026-09-27T20:18:00+00:00,2026-09-28 01:18:00,87.2,1005.9,82
9.7,14.2,28.4,880.4,255.6,39.8,5.0,2.3,0.6,445.0,136.7,5.6,3.9,53.2,26.7,24.39,False,4095,0.0,28.1,0.0,EXT-OPEN-METEO-KHI,KARACHI,OPENSOURCE_API_GRID,1220,,,,0.95,True,True,TIER2_OPENSOURCE_PURE;CONTINUOUS_MINUTE_STREAM;VERIFIED_MODEL_GRID,0a62a01597413647a9ea8c0bee7b7ee89718e4998f465c0e22467d0ab4906636,2026-09-27T20:19:00+00:00,2026-09-28 01:19:00,87.2,1005.9,82
9.7,14.2,28.4,880.4,255.6,39.8,5.0,2.3,0.6,445.0,136.5,5.6,3.9,53.2,26.7,24.39,False,4095,0.0,28.2,0.0,EXT-OPEN-METEO-KHI,KARACHI,OPENSOURCE_API_GRID,1221,,,,0.95,True,True,TIER2_OPENSOURCE_PURE;CONTINUOUS_MINUTE_STREAM;VERIFIED_MODEL_GRID,76a5209826411c143bb036aa0d810fd4a996b8b1f0df86e35d14726ee45c54e3,2026-09-27T20:20:00+00:00,2026-09-28 01:20:00,87.2,1005.9,82
9.6,14.1,28.3,874.2,253.8,39.5,4.9,2.3,0.6,445.0,136.3,5.6,3.9,53.3,26.7,24.39,False,4095,0.0,28.4,0.0,EXT-OPEN-METEO-KHI,KARACHI,OPENSOURCE_API_GRID,1222,,,,0.95,True,True,TIER2_OPENSOURCE_PURE;CONTINUOUS_MINUTE_STREAM;VERIFIED_MODEL_GRID,b666ac4faa811787ebcb6a8fcf6f0e652e1b984777241b82f03c855735fa7ebe,2026-09-27T20:21:00+00:00,2026-09-28 01:21:00,87.2,1005.9,82
9.6,14.1,28.3,874.2,253.8,39.5,4.9,2.3,0.6,445.0,136.0,5.5,3.9,53.3,26.7,24.39,False,4095,0.0,28.5,0.0,EXT-OPEN-METEO-KHI,KARACHI,OPENSOURCE_API_GRID,1223,,,,0.95,True,True,TIER2_OPENSOURCE_PURE;CONTINUOUS_MINUTE_STREAM;VERIFIED_MODEL_GRID,1405a9c0ee0d69ba8ba6e37fde12b62a50711a9e3a0c5b7d49d15f9d68fb463c,2026-09-27T20:22:00+00:00,2026-09-28 01:22:00,87.2,1005.9,82
9.5,14.0,28.2,868.0,252.0,39.2,4.9,2.3,0.6,445.0,135.8,5.5,3.9,53.3,26.7,24.39,False,4095,0.0,28.6,0.0,EXT-OPEN-METEO-KHI,KARACHI,OPENSOURCE_API_GRID,1224,,,,0.95,True,True,TIER2_OPENSOURCE_PURE;CONTINUOUS_MINUTE_STREAM;VERIFIED_MODEL_GRID,c83b36de43af36e37d7b795c1efd6eb2853a9874103d3dd5c8598696f0f0051f,2026-09-27T20:23:00+00:00,2026-09-28 01:23:00,87.2,1005.9,82
9.5,14.0,28.2,868.0,252.0,39.2,4.9,2.3,0.6,445.0,135.5,5.5,3.9,53.3,26.6,24.3,False,4095,0.0,28.7,0.0,EXT-OPEN-METEO-KHI,KARACHI,OPENSOURCE_API_GRID,1225,,,,0.95,True,True,TIER2_OPENSOURCE_PURE;CONTINUOUS_MINUTE_STREAM;VERIFIED_MODEL_GRID,2c483d003b4b0bda59a108df9d478c035f7ca061f4e5240b4570753aef373718,2026-09-27T20:24:00+00:00,2026-09-28 01:24:00,87.2,1005.9,82
9.5,13.9,28.1,861.8,250.2,38.9,4.9,2.2,0.6,445.0,135.3,5.5,3.9,53.4,26.6,24.3,False,4095,0.0,28.9,0.0,EXT-OPEN-METEO-KHI,KARACHI,OPENSOURCE_API_GRID,1226,,,,0.95,True,True,TIER2_OPENSOURCE_PURE;CONTINUOUS_MINUTE_STREAM;VERIFIED_MODEL_GRID,ac0360b15f69521feb09846f728c42e6207057de9a6f21fecedf7b27d36917a3,2026-09-27T20:25:00+00:00,2026-09-28 01:25:00,87.2,1005.9,82
9.5,13.9,28.1,861.8,250.2,38.9,4.9,2.2,0.6,445.0,135.0,5.4,3.9,53.4,26.6,24.31,False,4095,0.0,29.0,0.0,EXT-OPEN-METEO-KHI,KARACHI,OPENSOURCE_API_GRID,1227,,,,0.95,True,True,TIER2_OPENSOURCE_PURE;CONTINUOUS_MINUTE_STREAM;VERIFIED_MODEL_GRID,86f8681471877f57f3a8e9f26695e8cacc64c21078e1f6f754019b2d3264f40c,2026-09-27T20:26:00+00:00,2026-09-28 01:26:00,87.3,1005.9,82
9.4,13.8,28.0,855.6,248.4,38.6,4.8,2.2,0.6,445.0,134.8,5.4,3.9,53.4,26.6,24.31,False,4095,0.0,29.1,0.0,EXT-OPEN-METEO-KHI,KARACHI,OPENSOURCE_API_GRID,1228,,,,0.95,True,True,TIER2_OPENSOURCE_PURE;CONTINUOUS_MINUTE_STREAM;VERIFIED_MODEL_GRID,0b1f6af49430733c0d88d65c2505b2e199ca3a4beddd086c6e47900d69c064e7,2026-09-27T20:27:00+00:00,2026-09-28 01:27:00,87.3,1005.9,82
9.4,13.8,28.0,855.6,248.4,38.6,4.8,2.2,0.6,445.0,134.5,5.4,3.9,53.4,26.6,24.31,False,4095,0.0,29.2,0.0,EXT-OPEN-METEO-KHI,KARACHI,OPENSOURCE_API_GRID,1229,,,,0.95,True,True,TIER2_OPENSOURCE_PURE;CONTINUOUS_MINUTE_STREAM;VERIFIED_MODEL_GRID,b6777359089c44cdad4531f887a555ebd1b3e2f480c63c7538999e22620d7044,2026-09-27T20:28:00+00:00,2026-09-28 01:28:00,87.3,1005.9,82
9.4,13.8,28.0,855.6,248.4,38.6,4.8,2.2,0.6,445.0,134.3,5.3,3.9,53.5,26.6,24.31,False,4095,0.0,29.4,0.0,EXT-OPEN-METEO-KHI,KARACHI,OPENSOURCE_API_GRID,1230,,,,0.95,True,True,TIER2_OPENSOURCE_PURE;CONTINUOUS_MINUTE_STREAM;VERIFIED_MODEL_GRID,4e5c166c382f36d953e042c2593ddef719030caf0f48eaab1bc04e6f4141917e,2026-09-27T20:29:00+00:00,2026-09-28 01:29:00,87.3,1005.9,82
9.4,13.8,28.0,855.6,248.4,38.6,4.8,2.2,0.6,445.0,134.0,5.3,3.8,53.5,26.6,24.33,False,4095,0.0,29.5,0.0,EXT-OPEN-METEO-KHI,KARACHI,OPENSOURCE_API_GRID,1231,,,,0.95,True,True,TIER2_OPENSOURCE_PURE;CONTINUOUS_MINUTE_STREAM;VERIFIED_MODEL_GRID,a9c4cf6b8c704463b8f749d96aaebff438e9e39d2a1a58d28939c6df17ee8680,2026-09-27T20:30:00+00:00,2026-09-28 01:30:00,87.4,1005.9,82
9.3,13.7,28.0,849.4,246.6,38.4,4.8,2.2,0.6,445.0,133.7,5.3,3.8,53.5,26.5,24.24,False,4095,0.0,29.6,0.0,EXT-OPEN-METEO-KHI,KARACHI,OPENSOURCE_API_GRID,1232,,,,0.95,True,True,TIER2_OPENSOURCE_PURE;CONTINUOUS_MINUTE_STREAM;VERIFIED_MODEL_GRID,8ae49dbddf4bc1a7d5dab1c47550baeb591f6a483d50736e4bbb40bd93755109,2026-09-27T20:31:00+00:00,2026-09-28 01:31:00,87.4,1005.9,82
9.4,13.8,28.0,855.6,248.4,38.6,4.8,2.2,0.6,445.0,133.5,5.2,3.8,53.6,26.5,24.24,False,4095,0.0,29.8,0.0,EXT-OPEN-METEO-KHI,KARACHI,OPENSOURCE_API_GRID,1233,,,,0.95,True,True,TIER2_OPENSOURCE_PURE;CONTINUOUS_MINUTE_STREAM;VERIFIED_MODEL_GRID,66c6d89d992e3ba69c78a15e9ad98f588e0c73f4d553a7f2b5fd092e74a04c06,2026-09-27T20:32:00+00:00,2026-09-28 01:32:00,87.4,1005.9,82
9.4,13.8,28.1,855.6,248.4,38.6,4.8,2.2,0.6,445.0,133.2,5.2,3.8,53.6,26.5,24.25,False,4095,0.0,29.9,0.0,EXT-OPEN-METEO-KHI,KARACHI,OPENSOURCE_API_GRID,1234,,,,0.95,True,True,TIER2_OPENSOURCE_PURE;CONTINUOUS_MINUTE_STREAM;VERIFIED_MODEL_GRID,f72816ff13178663701afcdea1f86f0ca0d43baa374297d0f209a16fabf9f7cd,2026-09-27T20:33:00+00:00,2026-09-28 01:33:00,87.5,1005.8,82
9.4,13.8,28.1,855.6,248.4,38.6,4.8,2.2,0.6,445.0,133.0,5.2,3.8,53.6,26.5,24.25,False,4095,0.0,30.0,0.0,EXT-OPEN-METEO-KHI,KARACHI,OPENSOURCE_API_GRID,1235,,,,0.95,True,True,TIER2_OPENSOURCE_PURE;CONTINUOUS_MINUTE_STREAM;VERIFIED_MODEL_GRID,94bba6d1b7c35f248e022382ed2a1ff1d2af8ac34f1838f30b153fadf30090af,2026-09-27T20:34:00+00:00,2026-09-28 01:34:00,87.5,1005.8,82
9.4,13.8,28.2,855.6,248.4,38.6,4.8,2.3,0.6,445.0,132.7,5.1,3.8,53.6,26.5,24.27,False,4095,0.0,30.1,0.0,EXT-OPEN-METEO-KHI,KARACHI,OPENSOURCE_API_GRID,1236,,,,0.95,True,True,TIER2_OPENSOURCE_PURE;CONTINUOUS_MINUTE_STREAM;VERIFIED_MODEL_GRID,c09d2f745a9b05db696dbe3433c4dc1178dd556be133d816fe111c0425e7b8a6,2026-09-27T20:35:00+00:00,2026-09-28 01:35:00,87.6,1005.8,82
9.4,13.8,28.3,855.6,248.4,38.6,4.8,2.3,0.6,445.0,132.5,5.1,3.8,53.7,26.5,24.27,False,4095,0.0,30.3,0.0,EXT-OPEN-METEO-KHI,KARACHI,OPENSOURCE_API_GRID,1237,,,,0.95,True,True,TIER2_OPENSOURCE_PURE;CONTINUOUS_MINUTE_STREAM;VERIFIED_MODEL_GRID,017b05aec42538f3673e64474febbe269faa0be999d2709fd657c6986b41dbbd,2026-09-27T20:36:00+00:00,2026-09-28 01:36:00,87.6,1005.8,82
9.5,13.9,28.4,861.8,250.2,38.9,4.9,2.3,0.6,445.0,132.2,5.1,3.8,53.7,26.5,24.29,False,4095,0.0,30.4,0.0,EXT-OPEN-METEO-KHI,KARACHI,OPENSOURCE_API_GRID,1238,,,,0.95,True,True,TIER2_OPENSOURCE_PURE;CONTINUOUS_MINUTE_STREAM;VERIFIED_MODEL_GRID,ffe57ae564d26a8aedc4e5b4396f65912d6ba33e6c684e722fd8fdd9649a7735,2026-09-27T20:37:00+00:00,2026-09-28 01:37:00,87.7,1005.8,82
9.5,13.9,28.4,861.8,250.2,38.9,4.9,2.3,0.6,445.0,132.0,5.1,3.8,53.7,26.5,24.29,False,4095,0.0,30.5,0.0,EXT-OPEN-METEO-KHI,KARACHI,OPENSOURCE_API_GRID,1239,,,,0.95,True,True,TIER2_OPENSOURCE_PURE;CONTINUOUS_MINUTE_STREAM;VERIFIED_MODEL_GRID,117ea7671e2f0019f8cea7684ddc8209cb4f146b93685cb4c7ba96bc5b875570,2026-09-27T20:38:00+00:00,2026-09-28 01:38:00,87.7,1005.8,82
9.5,14.0,28.5,868.0,252.0,39.2,4.9,2.3,0.6,445.0,131.7,5.0,3.8,53.7,26.5,24.31,False,4095,0.0,30.6,0.0,EXT-OPEN-METEO-KHI,KARACHI,OPENSOURCE_API_GRID,1240,,,,0.95,True,True,TIER2_OPENSOURCE_PURE;CONTINUOUS_MINUTE_STREAM;VERIFIED_MODEL_GRID,ee9cfc1315c6d2aad4eee60d428bc9dda9a96e00249c5bd827c992b7b8284c67,2026-09-27T20:39:00+00:00,2026-09-28 01:39:00,87.8,1005.8,82
9.5,13.9,28.4,861.8,250.2,38.9,4.9,2.3,0.6,445.0,131.5,5.0,3.8,53.8,26.5,24.33,False,4095,0.0,30.8,0.0,EXT-OPEN-METEO-KHI,KARACHI,OPENSOURCE_API_GRID,1241,,,,0.95,True,True,TIER2_OPENSOURCE_PURE;CONTINUOUS_MINUTE_STREAM;VERIFIED_MODEL_GRID,d08496ac46882bd53f768732145f9fa5842a23f870f2910e3cbacf7ad222104a,2026-09-27T20:40:00+00:00,2026-09-28 01:40:00,87.9,1005.8,82
9.5,13.9,28.5,861.8,250.2,38.9,4.9,2.3,0.6,445.0,131.3,5.0,3.8,53.8,26.6,24.43,False,4095,0.0,30.9,0.0,EXT-OPEN-METEO-KHI,KARACHI,OPENSOURCE_API_GRID,1242,,,,0.95,True,True,TIER2_OPENSOURCE_PURE;CONTINUOUS_MINUTE_STREAM;VERIFIED_MODEL_GRID,6827b5e358aa27a70fdd0cb009dfd28d4c7a1f40b7d646e5e552c0ac7fd7e016,2026-09-27T20:41:00+00:00,2026-09-28 01:41:00,87.9,1005.8,82
9.5,13.9,28.5,861.8,250.2,38.9,4.9,2.3,0.6,445.0,131.1,4.9,3.8,53.8,26.6,24.43,False,4095,0.0,31.0,0.0,EXT-OPEN-METEO-KHI,KARACHI,OPENSOURCE_API_GRID,1243,,,,0.95,True,True,TIER2_OPENSOURCE_PURE;CONTINUOUS_MINUTE_STREAM;VERIFIED_MODEL_GRID,44d96b437de559b79cf8e5301db0fb3c18e988231cb24e56b84d432355f1d666,2026-09-27T20:42:00+00:00,2026-09-28 01:42:00,87.9,1005.8,82
9.5,14.0,28.6,868.0,252.0,39.2,4.9,2.3,0.6,445.0,130.9,4.9,3.8,53.8,26.6,24.43,False,4095,0.0,31.1,0.0,EXT-OPEN-METEO-KHI,KARACHI,OPENSOURCE_API_GRID,1244,,,,0.95,True,True,TIER2_OPENSOURCE_PURE;CONTINUOUS_MINUTE_STREAM;VERIFIED_MODEL_GRID,e09588e8108ab7a0e4b5d83cee610fb477d62ab1102f9608fe8619e454a56dca,2026-09-27T20:43:00+00:00,2026-09-28 01:43:00,87.9,1005.8,82
9.5,14.0,28.7,868.0,252.0,39.2,4.9,2.3,0.6,445.0,130.7,4.9,3.7,53.8,26.6,24.45,False,4095,0.0,31.2,0.0,EXT-OPEN-METEO-KHI,KARACHI,OPENSOURCE_API_GRID,1245,,,,0.95,True,True,TIER2_OPENSOURCE_PURE;CONTINUOUS_MINUTE_STREAM;VERIFIED_MODEL_GRID,8bf6be8556ef153ff3f09de7f7d30f99a7cabea95b4bbbf93b0df82ef6820e3d,2026-09-27T20:44:00+00:00,2026-09-28 01:44:00,88.0,1005.8,82
9.5,14.0,28.7,868.0,252.0,39.2,4.9,2.3,0.6,445.0,130.5,4.9,3.7,53.9,26.6,24.45,False,4095,0.0,31.3,0.0,EXT-OPEN-METEO-KHI,KARACHI,OPENSOURCE_API_GRID,1246,,,,0.95,True,True,TIER2_OPENSOURCE_PURE;CONTINUOUS_MINUTE_STREAM;VERIFIED_MODEL_GRID,64ac3041fe88cae1794646e1c1e5b557f4ad709ad04ce2498c2130cdc694253f,2026-09-27T20:45:00+00:00,2026-09-28 01:45:00,88.0,1005.8,82
9.5,14.0,28.7,868.0,252.0,39.2,4.9,2.3,0.6,445.0,130.3,4.9,3.7,53.9,26.6,24.45,False,4095,0.0,31.4,0.0,EXT-OPEN-METEO-KHI,KARACHI,OPENSOURCE_API_GRID,1247,,,,0.95,True,True,TIER2_OPENSOURCE_PURE;CONTINUOUS_MINUTE_STREAM;VERIFIED_MODEL_GRID,129ab4e64dae11a611aa647057a6c5435f131f59b204eb7fac8793cc469e42d0,2026-09-27T20:46:00+00:00,2026-09-28 01:46:00,88.0,1005.8,82
9.5,14.0,28.8,868.0,252.0,39.2,4.9,2.3,0.6,445.0,130.1,4.8,3.7,53.9,26.6,24.43,False,4095,0.0,31.4,0.0,EXT-OPEN-METEO-KHI,KARACHI,OPENSOURCE_API_GRID,1248,,,,0.95,True,True,TIER2_OPENSOURCE_PURE;CONTINUOUS_MINUTE_STREAM;VERIFIED_MODEL_GRID,9fc1567f7e0ec2a527ef80bd03c2ab9be163748443ce9144f541e9267b13d6d2,2026-09-27T20:47:00+00:00,2026-09-28 01:47:00,87.9,1005.8,82
9.5,14.0,28.8,868.0,252.0,39.2,4.9,2.3,0.6,445.0,130.0,4.8,3.7,53.9,26.6,24.43,False,4095,0.0,31.5,0.0,EXT-OPEN-METEO-KHI,KARACHI,OPENSOURCE_API_GRID,1249,,,,0.95,True,True,TIER2_OPENSOURCE_PURE;CONTINUOUS_MINUTE_STREAM;VERIFIED_MODEL_GRID,63d1e5506fe337e8a07cdd5b4ddadc7eafd54a09a434d7f36b4cf6c926e331d4,2026-09-27T20:48:00+00:00,2026-09-28 01:48:00,87.9,1005.8,82
9.5,14.0,28.7,868.0,252.0,39.2,4.9,2.3,0.6,445.0,129.8,4.8,3.7,53.9,26.6,24.43,False,4095,0.0,31.6,0.0,EXT-OPEN-METEO-KHI,KARACHI,OPENSOURCE_API_GRID,1250,,,,0.95,True,True,TIER2_OPENSOURCE_PURE;CONTINUOUS_MINUTE_STREAM;VERIFIED_MODEL_GRID,9ad0b5b43a1545e2e9db502c0f470d840e345c55fe561671617b055a27fcd370,2026-09-27T20:49:00+00:00,2026-09-28 01:49:00,87.9,1005.8,82
9.5,14.0,28.7,868.0,252.0,39.2,4.9,2.3,0.6,445.0,129.7,4.8,3.7,53.9,26.6,24.43,False,4095,0.0,31.7,0.0,EXT-OPEN-METEO-KHI,KARACHI,OPENSOURCE_API_GRID,1251,,,,0.95,True,True,TIER2_OPENSOURCE_PURE;CONTINUOUS_MINUTE_STREAM;VERIFIED_MODEL_GRID,5048cd503b76e5b3c9fb0126e409aa6e5ed7b0f0a8aeb350eca2116dcbadd80d,2026-09-27T20:50:00+00:00,2026-09-28 01:50:00,87.9,1005.8,82
9.5,13.9,28.7,861.8,250.2,38.9,4.9,2.3,0.6,445.0,129.5,4.8,3.7,53.9,26.6,24.43,False,4095,0.0,31.7,0.0,EXT-OPEN-METEO-KHI,KARACHI,OPENSOURCE_API_GRID,1252,,,,0.95,True,True,TIER2_OPENSOURCE_PURE;CONTINUOUS_MINUTE_STREAM;VERIFIED_MODEL_GRID,d412f07750d49e9cac33e9e22c2c14d3e5d10556cfc602624af29ba6fc4d7e19,2026-09-27T20:51:00+00:00,2026-09-28 01:51:00,87.9,1005.8,82
9.5,13.9,28.6,861.8,250.2,38.9,4.9,2.3,0.6,445.0,129.4,4.8,3.7,54.0,26.5,24.33,False,4095,0.0,31.8,0.0,EXT-OPEN-METEO-KHI,KARACHI,OPENSOURCE_API_GRID,1253,,,,0.95,True,True,TIER2_OPENSOURCE_PURE;CONTINUOUS_MINUTE_STREAM;VERIFIED_MODEL_GRID,8c1b42f8966be9bba20a5440adf3a3c9c189b8f8198fcba12fff7e900cc0693e,2026-09-27T20:52:00+00:00,2026-09-28 01:52:00,87.9,1005.8,82
9.5,13.9,28.6,861.8,250.2,38.9,4.9,2.3,0.6,445.0,129.3,4.7,3.7,54.0,26.5,24.33,False,4095,0.0,31.8,0.0,EXT-OPEN-METEO-KHI,KARACHI,OPENSOURCE_API_GRID,1254,,,,0.95,True,True,TIER2_OPENSOURCE_PURE;CONTINUOUS_MINUTE_STREAM;VERIFIED_MODEL_GRID,0a5c7d8b77820f40060df55e08a168ecb3873a0249319793733b8b0d6d4c8ba5,2026-09-27T20:53:00+00:00,2026-09-28 01:53:00,87.9,1005.8,82
9.4,13.8,28.5,855.6,248.4,38.6,4.8,2.3,0.6,445.0,129.2,4.7,3.7,54.0,26.5,24.33,False,4095,0.0,31.9,0.0,EXT-OPEN-METEO-KHI,KARACHI,OPENSOURCE_API_GRID,1255,,,,0.95,True,True,TIER2_OPENSOURCE_PURE;CONTINUOUS_MINUTE_STREAM;VERIFIED_MODEL_GRID,08aee8c0d852856e1941ffe0737fe555f36230dd753a41abde82ad1a0c709575,2026-09-27T20:54:00+00:00,2026-09-28 01:54:00,87.9,1005.8,82
9.4,13.8,28.4,855.6,248.4,38.6,4.8,2.3,0.6,445.0,129.2,4.7,3.7,54.0,26.5,24.33,False,4095,0.0,31.9,0.0,EXT-OPEN-METEO-KHI,KARACHI,OPENSOURCE_API_GRID,1256,,,,0.95,True,True,TIER2_OPENSOURCE_PURE;CONTINUOUS_MINUTE_STREAM;VERIFIED_MODEL_GRID,1d20251a19d43ca08da58e19bc945860894cdbea045940bd13cae2307199e4e8,2026-09-27T20:55:00+00:00,2026-09-28 01:55:00,87.9,1005.8,82
9.3,13.7,28.4,849.4,246.6,38.4,4.8,2.3,0.6,445.0,129.1,4.7,3.7,54.0,26.5,24.33,False,4095,0.0,31.9,0.0,EXT-OPEN-METEO-KHI,KARACHI,OPENSOURCE_API_GRID,1257,,,,0.95,True,True,TIER2_OPENSOURCE_PURE;CONTINUOUS_MINUTE_STREAM;VERIFIED_MODEL_GRID,5f28d586546efe71df08052e0741d033073d85adced6fc09c845ec88ada94d92,2026-09-27T20:56:00+00:00,2026-09-28 01:56:00,87.9,1005.8,82
9.3,13.7,28.3,849.4,246.6,38.4,4.8,2.3,0.6,445.0,129.1,4.7,3.7,54.0,26.5,24.33,False,4095,0.0,32.0,0.0,EXT-OPEN-METEO-KHI,KARACHI,OPENSOURCE_API_GRID,1258,,,,0.95,True,True,TIER2_OPENSOURCE_PURE;CONTINUOUS_MINUTE_STREAM;VERIFIED_MODEL_GRID,c3ba61e0adc9364eef6d0cee6e46363822b8bf76a793c191a99894797fe0615e,2026-09-27T20:57:00+00:00,2026-09-28 01:57:00,87.9,1005.8,82
9.2,13.6,28.3,843.2,244.8,38.1,4.8,2.3,0.6,445.0,129.0,4.7,3.7,54.0,26.5,24.31,False,4095,0.0,32.0,0.0,EXT-OPEN-METEO-KHI,KARACHI,OPENSOURCE_API_GRID,1259,,,,0.95,True,True,TIER2_OPENSOURCE_PURE;CONTINUOUS_MINUTE_STREAM;VERIFIED_MODEL_GRID,92fbb4c103b4275bfb7c293496f2ceb3ecd5f4f77392a7ab4d9677cf88cda2b2,2026-09-27T20:58:00+00:00,2026-09-28 01:58:00,87.8,1005.8,82
9.2,13.6,28.2,843.2,244.8,38.1,4.8,2.3,0.6,445.0,129.0,4.7,3.7,54.0,26.5,24.31,False,4095,0.0,32.0,0.0,EXT-OPEN-METEO-KHI,KARACHI,OPENSOURCE_API_GRID,1260,,,,0.95,True,True,TIER2_OPENSOURCE_PURE;CONTINUOUS_MINUTE_STREAM;VERIFIED_MODEL_GRID,b65e2ec2240b6fc4b3f140f51ecd557768ad661dfafc83f47eebce553e285787,2026-09-27T20:59:00+00:00,2026-09-28 01:59:00,87.8,1005.8,82
9.2,13.6,28.2,843.2,244.8,38.1,4.8,2.3,0.6,445.0,129.0,4.7,3.7,54.0,26.5,24.33,False,4095,0.0,32.0,0.0,EXT-OPEN-METEO-KHI,KARACHI,OPENSOURCE_API_GRID,1261,,,,0.95,True,False,TIER2_OPENSOURCE_PURE;HOURLY_NODE;VERIFIED_MODEL_GRID,949fd9ffd7e042aaa71b5bb7d1d770ccf66a45a1de44def665af6fa5ac2ffd8b,2026-09-27T21:00:00+00:00,2026-09-28 02:00:00,87.9,1005.8,82
9.2,13.6,28.2,843.2,244.8,38.1,4.8,2.3,0.6,445.0,129.0,4.7,3.7,54.0,26.5,24.33,False,4095,0.0,32.0,0.0,EXT-OPEN-METEO-KHI,KARACHI,OPENSOURCE_API_GRID,1262,,,,0.95,True,True,TIER2_OPENSOURCE_PURE;CONTINUOUS_MINUTE_STREAM;VERIFIED_MODEL_GRID,5e835268f93a39235c897d55d3300137edf289059bf6d5c875e1b77285e763e9,2026-09-27T21:01:00+00:00,2026-09-28 02:01:00,87.9,1005.8,82
9.2,13.6,28.2,843.2,244.8,38.1,4.8,2.3,0.6,445.0,129.0,4.7,3.7,54.0,26.5,24.33,False,4095,0.0,32.0,0.0,EXT-OPEN-METEO-KHI,KARACHI,OPENSOURCE_API_GRID,1263,,,,0.95,True,True,TIER2_OPENSOURCE_PURE;CONTINUOUS_MINUTE_STREAM;VERIFIED_MODEL_GRID,fdf154ca0b571fa40f7701ef6555bb8ae4cfb3b99c79bc19ff3d28d6276f482a,2026-09-27T21:02:00+00:00,2026-09-28 02:02:00,87.9,1005.8,82
9.2,13.6,28.2,843.2,244.8,38.1,4.8,2.3,0.6,445.0,129.0,4.7,3.7,54.0,26.5,24.33,False,4095,0.0,32.1,0.0,EXT-OPEN-METEO-KHI,KARACHI,OPENSOURCE_API_GRID,1264,,,,0.95,True,True,TIER2_OPENSOURCE_PURE;CONTINUOUS_MINUTE_STREAM;VERIFIED_MODEL_GRID,0d0c54c1d935aba0a45b698885f0127f177fcfd259af96595801af2ba85a1d79,2026-09-27T21:03:00+00:00,2026-09-28 02:03:00,87.9,1005.8,82
9.2,13.6,28.3,843.2,244.8,38.1,4.8,2.3,0.6,445.0,128.9,4.7,3.7,54.0,26.5,24.33,False,4095,0.0,32.2,0.0,EXT-OPEN-METEO-KHI,KARACHI,OPENSOURCE_API_GRID,1265,,,,0.95,True,True,TIER2_OPENSOURCE_PURE;CONTINUOUS_MINUTE_STREAM;VERIFIED_MODEL_GRID,a1c2c02296889981b58703b0b041ffe91e2712dc456e8931fd9c1de42d0309ef,2026-09-27T21:04:00+00:00,2026-09-28 02:04:00,87.9,1005.8,82
9.3,13.7,28.3,849.4,246.6,38.4,4.8,2.3,0.6,445.0,128.9,4.7,3.7,54.0,26.5,24.33,False,4095,0.0,32.3,0.0,EXT-OPEN-METEO-KHI,KARACHI,OPENSOURCE_API_GRID,1266,,,,0.95,True,True,TIER2_OPENSOURCE_PURE;CONTINUOUS_MINUTE_STREAM;VERIFIED_MODEL_GRID,b4b16774a984448637a9be850613c6ee1a2faa77ad9d877ef6c32fbf3a2a6784,2026-09-27T21:05:00+00:00,2026-09-28 02:05:00,87.9,1005.8,82
9.3,13.7,28.4,849.4,246.6,38.4,4.8,2.3,0.6,445.0,128.8,4.7,3.7,54.0,26.5,24.33,False,4095,0.0,32.4,0.0,EXT-OPEN-METEO-KHI,KARACHI,OPENSOURCE_API_GRID,1267,,,,0.95,True,True,TIER2_OPENSOURCE_PURE;CONTINUOUS_MINUTE_STREAM;VERIFIED_MODEL_GRID,7a214234ee2b7c266e855340bcc63bb11ce316aff5f66dd55f1d929f92d9f06f,2026-09-27T21:06:00+00:00,2026-09-28 02:06:00,87.9,1005.8,82
9.3,13.7,28.5,849.4,246.6,38.4,4.8,2.3,0.6,445.0,128.7,4.7,3.7,54.0,26.5,24.33,False,4095,0.0,32.5,0.0,EXT-OPEN-METEO-KHI,KARACHI,OPENSOURCE_API_GRID,1268,,,,0.95,True,True,TIER2_OPENSOURCE_PURE;CONTINUOUS_MINUTE_STREAM;VERIFIED_MODEL_GRID,bad8d091b5a40481b9e6dcdf70c40c7938e0c49af74196d109405d63238f637c,2026-09-27T21:07:00+00:00,2026-09-28 02:07:00,87.9,1005.8,82
9.4,13.8,28.5,855.6,248.4,38.6,4.8,2.3,0.6,445.0,128.7,4.7,3.7,54.0,26.5,24.33,False,4095,0.0,32.6,0.0,EXT-OPEN-METEO-KHI,KARACHI,OPENSOURCE_API_GRID,1269,,,,0.95,True,True,TIER2_OPENSOURCE_PURE;CONTINUOUS_MINUTE_STREAM;VERIFIED_MODEL_GRID,81415d55ae347200d3f7136ada5e554bacd0a6cf7dc61dd5e45c2df10354ed3f,2026-09-27T21:08:00+00:00,2026-09-28 02:08:00,87.9,1005.8,82
9.4,13.8,28.6,855.6,248.4,38.6,4.8,2.3,0.6,445.0,128.6,4.7,3.7,54.0,26.5,24.35,False,4095,0.0,32.8,0.0,EXT-OPEN-METEO-KHI,KARACHI,OPENSOURCE_API_GRID,1270,,,,0.95,True,True,TIER2_OPENSOURCE_PURE;CONTINUOUS_MINUTE_STREAM;VERIFIED_MODEL_GRID,27802c2c7e3d7e1e454144d1fc6969047c7cc6a75c3c42b55176a5ceb67da658,2026-09-27T21:09:00+00:00,2026-09-28 02:09:00,88.0,1005.8,82
9.5,13.9,28.7,861.8,250.2,38.9,4.9,2.3,0.6,445.0,128.5,4.7,3.7,54.0,26.5,24.35,False,4095,0.0,33.0,0.0,EXT-OPEN-METEO-KHI,KARACHI,OPENSOURCE_API_GRID,1271,,,,0.95,True,True,TIER2_OPENSOURCE_PURE;CONTINUOUS_MINUTE_STREAM;VERIFIED_MODEL_GRID,c60bfd946a5acff76e01998554abb5cd31ad6fe24fef16345324f8d4b201e44f,2026-09-27T21:10:00+00:00,2026-09-28 02:10:00,88.0,1005.8,82
9.4,13.8,28.6,855.6,248.4,38.6,4.8,2.3,0.6,445.0,128.4,4.7,3.7,54.0,26.5,24.37,False,4095,0.0,33.2,0.0,EXT-OPEN-METEO-KHI,KARACHI,OPENSOURCE_API_GRID,1272,,,,0.95,True,True,TIER2_OPENSOURCE_PURE;CONTINUOUS_MINUTE_STREAM;VERIFIED_MODEL_GRID,bbdb4a107b780e59d493ace1ebe05d9310529e68d5691da696c05864a6833290,2026-09-27T21:11:00+00:00,2026-09-28 02:11:00,88.1,1005.8,82
9.5,13.9,28.7,861.8,250.2,38.9,4.9,2.3,0.6,445.0,128.2,4.6,3.7,54.0,26.5,24.37,False,4095,0.0,33.4,0.0,EXT-OPEN-METEO-KHI,KARACHI,OPENSOURCE_API_GRID,1273,,,,0.95,True,True,TIER2_OPENSOURCE_PURE;CONTINUOUS_MINUTE_STREAM;VERIFIED_MODEL_GRID,c24b2a105fc00e09b7e86ca779de24f18419e9b5c1043272ca62a2cf1bc9f9fb,2026-09-27T21:12:00+00:00,2026-09-28 02:12:00,88.1,1005.8,82
9.5,13.9,28.8,861.8,250.2,38.9,4.9,2.3,0.6,445.0,128.1,4.6,3.7,54.0,26.5,24.35,False,4095,0.0,33.7,0.0,EXT-OPEN-METEO-KHI,KARACHI,OPENSOURCE_API_GRID,1274,,,,0.95,True,True,TIER2_OPENSOURCE_PURE;CONTINUOUS_MINUTE_STREAM;VERIFIED_MODEL_GRID,46a25f29a26ce5ed736cb28b09d9cba48475e9ebe9c12da072a70ca7b987ee72,2026-09-27T21:13:00+00:00,2026-09-28 02:13:00,88.0,1005.8,82
9.5,13.9,28.8,861.8,250.2,38.9,4.9,2.3,0.6,445.0,128.0,4.6,3.7,54.0,26.5,24.35,False,4095,0.0,33.9,0.0,EXT-OPEN-METEO-KHI,KARACHI,OPENSOURCE_API_GRID,1275,,,,0.95,True,True,TIER2_OPENSOURCE_PURE;CONTINUOUS_MINUTE_STREAM;VERIFIED_MODEL_GRID,91a2556574ca21bd5d0d7883fdd7d3e153dd63c778b827211e12373808b10a10,2026-09-27T21:14:00+00:00,2026-09-28 02:14:00,88.0,1005.8,82
9.5,14.0,28.9,868.0,252.0,39.2,4.9,2.3,0.6,445.0,127.8,4.6,3.7,54.0,26.5,24.35,False,4095,0.0,34.2,0.0,EXT-OPEN-METEO-KHI,KARACHI,OPENSOURCE_API_GRID,1276,,,,0.95,True,True,TIER2_OPENSOURCE_PURE;CONTINUOUS_MINUTE_STREAM;VERIFIED_MODEL_GRID,d6295ca3f453017cf3c0680ec3b27f01d93cfb811b6684d28034641fa58c3f52,2026-09-27T21:15:00+00:00,2026-09-28 02:15:00,88.0,1005.8,82
9.5,14.0,29.0,868.0,252.0,39.2,4.9,2.3,0.6,445.0,127.7,4.6,3.7,54.0,26.5,24.33,False,4095,0.0,34.5,0.0,EXT-OPEN-METEO-KHI,KARACHI,OPENSOURCE_API_GRID,1277,,,,0.95,True,True,TIER2_OPENSOURCE_PURE;CONTINUOUS_MINUTE_STREAM;VERIFIED_MODEL_GRID,960bea0b6c1344a178cee4cc589631871582543914d9f6c3df687708c4834b84,2026-09-27T21:16:00+00:00,2026-09-28 02:16:00,87.9,1005.8,82
9.5,14.0,29.0,868.0,252.0,39.2,4.9,2.3,0.6,445.0,127.5,4.6,3.7,54.0,26.5,24.33,False,4095,0.0,34.8,0.0,EXT-OPEN-METEO-KHI,KARACHI,OPENSOURCE_API_GRID,1278,,,,0.95,True,True,TIER2_OPENSOURCE_PURE;CONTINUOUS_MINUTE_STREAM;VERIFIED_MODEL_GRID,be82a8512b186691f2cd09083ba157150efac7087dcedc348b0dbbe89a11ce82,2026-09-27T21:17:00+00:00,2026-09-28 02:17:00,87.9,1005.8,82
9.5,14.0,29.0,868.0,252.0,39.2,4.9,2.3,0.6,445.0,127.4,4.6,3.7,54.0,26.5,24.33,False,4095,0.0,35.1,0.0,EXT-OPEN-METEO-KHI,KARACHI,OPENSOURCE_API_GRID,1279,,,,0.95,True,True,TIER2_OPENSOURCE_PURE;CONTINUOUS_MINUTE_STREAM;VERIFIED_MODEL_GRID,908abe14438dbc318cc0a06aa25055906aca0d8f53399df1c55fe1c314c0b580,2026-09-27T21:18:00+00:00,2026-09-28 02:18:00,87.9,1005.8,82
9.5,14.0,29.1,868.0,252.0,39.2,4.9,2.3,0.6,445.0,127.2,4.6,3.7,54.0,26.5,24.31,False,4095,0.0,35.4,0.0,EXT-OPEN-METEO-KHI,KARACHI,OPENSOURCE_API_GRID,1280,,,,0.95,True,True,TIER2_OPENSOURCE_PURE;CONTINUOUS_MINUTE_STREAM;VERIFIED_MODEL_GRID,ee83ddc7175aee45c8694334f3ea64ce92e386a18e02ada41f2d74c5d5cdd361,2026-09-27T21:19:00+00:00,2026-09-28 02:19:00,87.8,1005.8,82
9.5,14.0,29.1,868.0,252.0,39.2,4.9,2.3,0.6,445.0,127.0,4.5,3.7,54.0,26.5,24.31,False,4095,0.0,35.8,0.0,EXT-OPEN-METEO-KHI,KARACHI,OPENSOURCE_API_GRID,1281,,,,0.95,True,True,TIER2_OPENSOURCE_PURE;CONTINUOUS_MINUTE_STREAM;VERIFIED_MODEL_GRID,3f22354b4c555b20116ad0f0b88f8195cbd33572a3efb80abf3d61e2bdc7a186,2026-09-27T21:20:00+00:00,2026-09-28 02:20:00,87.8,1005.8,82
9.5,14.0,29.1,868.0,252.0,39.2,4.9,2.3,0.6,445.0,126.8,4.5,3.7,54.0,26.5,24.29,False,4095,0.0,36.1,0.0,EXT-OPEN-METEO-KHI,KARACHI,OPENSOURCE_API_GRID,1282,,,,0.95,True,True,TIER2_OPENSOURCE_PURE;CONTINUOUS_MINUTE_STREAM;VERIFIED_MODEL_GRID,ec53eb245235ade01509a8fbfa756d5775b6ae0180eef8cb2713589b3aaf5914,2026-09-27T21:21:00+00:00,2026-09-28 02:21:00,87.7,1005.8,82
9.5,14.0,29.0,868.0,252.0,39.2,4.9,2.3,0.6,445.0,126.6,4.5,3.7,54.0,26.5,24.29,False,4095,0.0,36.4,0.0,EXT-OPEN-METEO-KHI,KARACHI,OPENSOURCE_API_GRID,1283,,,,0.95,True,True,TIER2_OPENSOURCE_PURE;CONTINUOUS_MINUTE_STREAM;VERIFIED_MODEL_GRID,667b6d4835eebb6607244f073b58773e80330d1c9a2ba0d2f7b726a3e3d58f78,2026-09-27T21:22:00+00:00,2026-09-28 02:22:00,87.7,1005.8,82
9.5,13.9,29.0,861.8,250.2,38.9,4.9,2.3,0.6,445.0,126.4,4.5,3.7,54.0,26.5,24.27,False,4095,0.0,36.8,0.0,EXT-OPEN-METEO-KHI,KARACHI,OPENSOURCE_API_GRID,1284,,,,0.95,True,True,TIER2_OPENSOURCE_PURE;CONTINUOUS_MINUTE_STREAM;VERIFIED_MODEL_GRID,253417e162525031392995240bb481c4b5bb456a30a0ec1e95cfff9d47ac8436,2026-09-27T21:23:00+00:00,2026-09-28 02:23:00,87.6,1005.8,82
9.5,13.9,29.0,861.8,250.2,38.9,4.9,2.3,0.6,445.0,126.2,4.5,3.7,54.0,26.5,24.27,False,4095,0.0,37.2,0.0,EXT-OPEN-METEO-KHI,KARACHI,OPENSOURCE_API_GRID,1285,,,,0.95,True,True,TIER2_OPENSOURCE_PURE;CONTINUOUS_MINUTE_STREAM;VERIFIED_MODEL_GRID,19bc9eabae496f762e2ce84bc8af5c6e1998e4111afa255a1d63297f35b16730,2026-09-27T21:24:00+00:00,2026-09-28 02:24:00,87.6,1005.8,82
9.4,13.8,29.0,855.6,248.4,38.6,4.8,2.3,0.6,445.0,126.0,4.5,3.7,54.0,26.5,24.25,False,4095,0.0,37.6,0.0,EXT-OPEN-METEO-KHI,KARACHI,OPENSOURCE_API_GRID,1286,,,,0.95,True,True,TIER2_OPENSOURCE_PURE;CONTINUOUS_MINUTE_STREAM;VERIFIED_MODEL_GRID,cb4f7cd6e4c308fba52f9eab6c18e643622ce8385e557f9dd527cc1f89e50779,2026-09-27T21:25:00+00:00,2026-09-28 02:25:00,87.5,1005.8,82
9.4,13.8,28.9,855.6,248.4,38.6,4.8,2.3,0.6,445.0,125.8,4.5,3.7,54.0,26.5,24.25,False,4095,0.0,37.9,0.0,EXT-OPEN-METEO-KHI,KARACHI,OPENSOURCE_API_GRID,1287,,,,0.95,True,True,TIER2_OPENSOURCE_PURE;CONTINUOUS_MINUTE_STREAM;VERIFIED_MODEL_GRID,6420864e5d242f550451a91787be775dfb50be366dd7f4559bcaba919df2a3f5,2026-09-27T21:26:00+00:00,2026-09-28 02:26:00,87.5,1005.8,82
9.4,13.8,28.9,855.6,248.4,38.6,4.8,2.3,0.6,445.0,125.6,4.4,3.7,54.0,26.5,24.24,False,4095,0.0,38.3,0.0,EXT-OPEN-METEO-KHI,KARACHI,OPENSOURCE_API_GRID,1288,,,,0.95,True,True,TIER2_OPENSOURCE_PURE;CONTINUOUS_MINUTE_STREAM;VERIFIED_MODEL_GRID,c1c2a5521b158ee65b54eee6dc647b1e26c04861c00c999a3ae257e127e01239,2026-09-27T21:27:00+00:00,2026-09-28 02:27:00,87.4,1005.8,82
9.3,13.7,28.9,849.4,246.6,38.4,4.8,2.3,0.6,445.0,125.4,4.4,3.7,54.0,26.5,24.24,False,4095,0.0,38.7,0.0,EXT-OPEN-METEO-KHI,KARACHI,OPENSOURCE_API_GRID,1289,,,,0.95,True,True,TIER2_OPENSOURCE_PURE;CONTINUOUS_MINUTE_STREAM;VERIFIED_MODEL_GRID,d50410304dc9223ba3c1a7becd1b9a51c819dc5ab3d21ae8d2696c366b2fbb7a,2026-09-27T21:28:00+00:00,2026-09-28 02:28:00,87.4,1005.8,82
9.3,13.7,28.8,849.4,246.6,38.4,4.8,2.3,0.6,445.0,125.2,4.4,3.7,54.0,26.5,24.24,False,4095,0.0,39.1,0.0,EXT-OPEN-METEO-KHI,KARACHI,OPENSOURCE_API_GRID,1290,,,,0.95,True,True,TIER2_OPENSOURCE_PURE;CONTINUOUS_MINUTE_STREAM;VERIFIED_MODEL_GRID,1b728510361937557e80458f35b6293df68494b12da850023492a073170a7805,2026-09-27T21:29:00+00:00,2026-09-28 02:29:00,87.4,1005.8,82
9.3,13.7,28.8,849.4,246.6,38.4,4.8,2.3,0.6,445.0,125.0,4.4,3.6,54.0,26.5,24.24,False,4095,0.0,39.5,0.0,EXT-OPEN-METEO-KHI,KARACHI,OPENSOURCE_API_GRID,1291,,,,0.95,True,True,TIER2_OPENSOURCE_PURE;CONTINUOUS_MINUTE_STREAM;VERIFIED_MODEL_GRID,4a3b84f870aa49ce2e544a0d7e57832820bf79e3c62f286ed11ef05b1b54c80f,2026-09-27T21:30:00+00:00,2026-09-28 02:30:00,87.4,1005.8,82
9.3,13.7,28.8,849.4,246.6,38.4,4.8,2.3,0.6,445.0,124.8,4.4,3.6,54.0,26.5,24.22,False,4095,0.0,39.9,0.0,EXT-OPEN-METEO-KHI,KARACHI,OPENSOURCE_API_GRID,1292,,,,0.95,True,True,TIER2_OPENSOURCE_PURE;CONTINUOUS_MINUTE_STREAM;VERIFIED_MODEL_GRID,28b461fb6e1d74c67c8d6f83ef36d95c07f20c6c7c8f777e9fa9030a2395db99,2026-09-27T21:31:00+00:00,2026-09-28 02:31:00,87.3,1005.8,82
9.3,13.7,28.9,849.4,246.6,38.4,4.8,2.3,0.6,445.0,124.6,4.4,3.6,54.0,26.5,24.22,False,4095,0.0,40.3,0.0,EXT-OPEN-METEO-KHI,KARACHI,OPENSOURCE_API_GRID,1293,,,,0.95,True,True,TIER2_OPENSOURCE_PURE;CONTINUOUS_MINUTE_STREAM;VERIFIED_MODEL_GRID,5cab3784396271eda6786a3e40fc89b8e6e1b6d7091350bd4834ae11a9179945,2026-09-27T21:32:00+00:00,2026-09-28 02:32:00,87.3,1005.8,82
9.3,13.7,28.9,849.4,246.6,38.4,4.8,2.3,0.6,445.0,124.4,4.4,3.6,54.0,26.5,24.22,False,4095,0.0,40.7,0.0,EXT-OPEN-METEO-KHI,KARACHI,OPENSOURCE_API_GRID,1294,,,,0.95,True,True,TIER2_OPENSOURCE_PURE;CONTINUOUS_MINUTE_STREAM;VERIFIED_MODEL_GRID,b66e38030482ea0d852cbd0f44f4bc2a885a215fe92a87b4234ec653c1689cac,2026-09-27T21:33:00+00:00,2026-09-28 02:33:00,87.3,1005.7,82
9.3,13.7,28.9,849.4,246.6,38.4,4.8,2.3,0.6,445.0,124.2,4.3,3.6,54.0,26.5,24.22,False,4095,0.0,41.1,0.0,EXT-OPEN-METEO-KHI,KARACHI,OPENSOURCE_API_GRID,1295,,,,0.95,True,True,TIER2_OPENSOURCE_PURE;CONTINUOUS_MINUTE_STREAM;VERIFIED_MODEL_GRID,a0ece5e6f3888ec3a43cd331d738cf9cc20b60d37bfb3a8bc9175fd9475c5e14,2026-09-27T21:34:00+00:00,2026-09-28 02:34:00,87.3,1005.7,82
9.3,13.7,29.0,849.4,246.6,38.4,4.8,2.3,0.6,445.0,124.0,4.3,3.6,54.0,26.5,24.22,False,4095,0.0,41.4,0.0,EXT-OPEN-METEO-KHI,KARACHI,OPENSOURCE_API_GRID,1296,,,,0.95,True,True,TIER2_OPENSOURCE_PURE;CONTINUOUS_MINUTE_STREAM;VERIFIED_MODEL_GRID,1a11e21fae400bf171f0aedd0665caa914ec4c263e6b0982646b65503a4e343c,2026-09-27T21:35:00+00:00,2026-09-28 02:35:00,87.3,1005.7,82
9.3,13.7,29.1,849.4,246.6,38.4,4.8,2.3,0.6,445.0,123.8,4.3,3.6,54.0,26.5,24.22,False,4095,0.0,41.8,0.0,EXT-OPEN-METEO-KHI,KARACHI,OPENSOURCE_API_GRID,1297,,,,0.95,True,True,TIER2_OPENSOURCE_PURE;CONTINUOUS_MINUTE_STREAM;VERIFIED_MODEL_GRID,48d44f49ba1badc928f9e907f45e547c9bf22b0f3f017c2a25afc84da0ddf691,2026-09-27T21:36:00+00:00,2026-09-28 02:36:00,87.3,1005.7,82
9.4,13.8,29.2,855.6,248.4,38.6,4.8,2.3,0.6,445.0,123.6,4.3,3.6,54.0,26.5,24.22,False,4095,0.0,42.2,0.0,EXT-OPEN-METEO-KHI,KARACHI,OPENSOURCE_API_GRID,1298,,,,0.95,True,True,TIER2_OPENSOURCE_PURE;CONTINUOUS_MINUTE_STREAM;VERIFIED_MODEL_GRID,e1b85378d5664d800b70c70d54aba4d74afd30a0b79b638f68d46eafc0da5601,2026-09-27T21:37:00+00:00,2026-09-28 02:37:00,87.3,1005.7,82
9.4,13.8,29.3,855.6,248.4,38.6,4.8,2.3,0.6,445.0,123.4,4.3,3.6,54.0,26.5,24.22,False,4095,0.0,42.6,0.0,EXT-OPEN-METEO-KHI,KARACHI,OPENSOURCE_API_GRID,1299,,,,0.95,True,True,TIER2_OPENSOURCE_PURE;CONTINUOUS_MINUTE_STREAM;VERIFIED_MODEL_GRID,e9c166f9b58be507913b0381c0af21aa5a46dd7704a6377cf66d198a5a10fef3,2026-09-27T21:38:00+00:00,2026-09-28 02:38:00,87.3,1005.7,82
9.5,13.9,29.4,861.8,250.2,38.9,4.9,2.4,0.6,445.0,123.2,4.3,3.6,54.0,26.5,24.22,False,4095,0.0,42.9,0.0,EXT-OPEN-METEO-KHI,KARACHI,OPENSOURCE_API_GRID,1300,,,,0.95,True,True,TIER2_OPENSOURCE_PURE;CONTINUOUS_MINUTE_STREAM;VERIFIED_MODEL_GRID,9bbae18952b3e606de778456cb4f32b3eedb8dc7db748f3e37b2207a11a7df20,2026-09-27T21:39:00+00:00,2026-09-28 02:39:00,87.3,1005.7,82
9.5,13.9,29.4,861.8,250.2,38.9,4.9,2.4,0.6,445.0,123.0,4.2,3.6,54.0,26.5,24.22,False,4095,0.0,43.2,0.0,EXT-OPEN-METEO-KHI,KARACHI,OPENSOURCE_API_GRID,1301,,,,0.95,True,True,TIER2_OPENSOURCE_PURE;CONTINUOUS_MINUTE_STREAM;VERIFIED_MODEL_GRID,db9c77b643e4bd6334c9efb18c287accab833199980692855c0ee05a04920e10,2026-09-27T21:40:00+00:00,2026-09-28 02:40:00,87.3,1005.7,82
9.5,14.0,29.5,868.0,252.0,39.2,4.9,2.4,0.6,445.0,122.8,4.2,3.6,54.0,26.5,24.22,False,4095,0.0,43.6,0.0,EXT-OPEN-METEO-KHI,KARACHI,OPENSOURCE_API_GRID,1302,,,,0.95,True,True,TIER2_OPENSOURCE_PURE;CONTINUOUS_MINUTE_STREAM;VERIFIED_MODEL_GRID,b0231c5a69839f97d264d86b214287cd5849a468e74ee07f27ee0aafdec65688,2026-09-27T21:41:00+00:00,2026-09-28 02:41:00,87.3,1005.7,82
9.5,13.9,29.5,861.8,250.2,38.9,4.9,2.4,0.6,445.0,122.6,4.2,3.6,54.0,26.5,24.24,False,4095,0.0,43.9,0.0,EXT-OPEN-METEO-KHI,KARACHI,OPENSOURCE_API_GRID,1303,,,,0.95,True,True,TIER2_OPENSOURCE_PURE;CONTINUOUS_MINUTE_STREAM;VERIFIED_MODEL_GRID,04a2fec0d5257a46842b724b8b76e76c58ab8ea0a31bb2ee4ea87180e5f1ffcd,2026-09-27T21:42:00+00:00,2026-09-28 02:42:00,87.4,1005.7,82
9.5,13.9,29.5,861.8,250.2,38.9,4.9,2.4,0.6,445.0,122.5,4.2,3.6,54.0,26.5,24.22,False,4095,0.0,44.2,0.0,EXT-OPEN-METEO-KHI,KARACHI,OPENSOURCE_API_GRID,1304,,,,0.95,True,True,TIER2_OPENSOURCE_PURE;CONTINUOUS_MINUTE_STREAM;VERIFIED_MODEL_GRID,ced4a7647257a17da07c0fbc871792b484857600d1385999073752b3e5300abb,2026-09-27T21:43:00+00:00,2026-09-28 02:43:00,87.3,1005.7,82
9.5,14.0,29.6,868.0,252.0,39.2,4.9,2.4,0.6,445.0,122.3,4.2,3.6,54.0,26.5,24.22,False,4095,0.0,44.5,0.0,EXT-OPEN-METEO-KHI,KARACHI,OPENSOURCE_API_GRID,1305,,,,0.95,True,True,TIER2_OPENSOURCE_PURE;CONTINUOUS_MINUTE_STREAM;VERIFIED_MODEL_GRID,8844850ecc7da31c767476568af638995ea9e52113b66224f521445ffa88d791,2026-09-27T21:44:00+00:00,2026-09-28 02:44:00,87.3,1005.7,82
9.5,14.0,29.7,868.0,252.0,39.2,4.9,2.4,0.6,445.0,122.2,4.2,3.6,54.0,26.5,24.22,False,4095,0.0,44.8,0.0,EXT-OPEN-METEO-KHI,KARACHI,OPENSOURCE_API_GRID,1306,,,,0.95,True,True,TIER2_OPENSOURCE_PURE;CONTINUOUS_MINUTE_STREAM;VERIFIED_MODEL_GRID,9482952b2476d68a3e7e231d42cfea3b8c0d3c7865522fee5e9aae83ae32739c,2026-09-27T21:45:00+00:00,2026-09-28 02:45:00,87.3,1005.7,82
9.5,14.0,29.8,868.0,252.0,39.2,4.9,2.4,0.6,445.0,122.0,4.2,3.6,54.0,26.5,24.2,False,4095,0.0,45.1,0.0,EXT-OPEN-METEO-KHI,KARACHI,OPENSOURCE_API_GRID,1307,,,,0.95,True,True,TIER2_OPENSOURCE_PURE;CONTINUOUS_MINUTE_STREAM;VERIFIED_MODEL_GRID,a3020e818a43556f3f907f846b6e078c98ba5abc5d94dc05ca0c77bf953a425d,2026-09-27T21:46:00+00:00,2026-09-28 02:46:00,87.2,1005.7,82
9.6,14.1,29.8,874.2,253.8,39.5,4.9,2.4,0.6,445.0,121.9,4.2,3.6,54.0,26.5,24.2,False,4095,0.0,45.3,0.0,EXT-OPEN-METEO-KHI,KARACHI,OPENSOURCE_API_GRID,1308,,,,0.95,True,True,TIER2_OPENSOURCE_PURE;CONTINUOUS_MINUTE_STREAM;VERIFIED_MODEL_GRID,dc3a13f4aac72b62776c8b18b7cbc9aa2245508071263462fa51aaa6edb570a2,2026-09-27T21:47:00+00:00,2026-09-28 02:47:00,87.2,1005.7,82
9.6,14.1,29.9,874.2,253.8,39.5,4.9,2.4,0.6,445.0,121.8,4.2,3.6,54.0,26.5,24.2,False,4095,0.0,45.6,0.0,EXT-OPEN-METEO-KHI,KARACHI,OPENSOURCE_API_GRID,1309,,,,0.95,True,True,TIER2_OPENSOURCE_PURE;CONTINUOUS_MINUTE_STREAM;VERIFIED_MODEL_GRID,72b6bf2f1f0bab6d5e8f6480f881ca2217b44ac968a8dd62ce24f284a9650c1e,2026-09-27T21:48:00+00:00,2026-09-28 02:48:00,87.2,1005.7,82
9.6,14.1,29.9,874.2,253.8,39.5,4.9,2.4,0.6,445.0,121.6,4.1,3.6,54.0,26.5,24.18,False,4095,0.0,45.8,0.0,EXT-OPEN-METEO-KHI,KARACHI,OPENSOURCE_API_GRID,1310,,,,0.95,True,True,TIER2_OPENSOURCE_PURE;CONTINUOUS_MINUTE_STREAM;VERIFIED_MODEL_GRID,71d37eeac87d3ccc0eb873fa1b874edaba08125901a5c02be38865e92c33fd87,2026-09-27T21:49:00+00:00,2026-09-28 02:49:00,87.1,1005.7,82
9.6,14.1,29.9,874.2,253.8,39.5,4.9,2.4,0.6,445.0,121.5,4.1,3.6,54.0,26.5,24.18,False,4095,0.0,46.0,0.0,EXT-OPEN-METEO-KHI,KARACHI,OPENSOURCE_API_GRID,1311,,,,0.95,True,True,TIER2_OPENSOURCE_PURE;CONTINUOUS_MINUTE_STREAM;VERIFIED_MODEL_GRID,41fe9193c3856a43e2aa2adf4a6ab4710a472e1782026ecf63ccbad1e8637ae3,2026-09-27T21:50:00+00:00,2026-09-28 02:50:00,87.1,1005.7,82
9.6,14.1,29.9,874.2,253.8,39.5,4.9,2.4,0.6,445.0,121.4,4.1,3.6,54.0,26.5,24.18,False,4095,0.0,46.2,0.0,EXT-OPEN-METEO-KHI,KARACHI,OPENSOURCE_API_GRID,1312,,,,0.95,True,True,TIER2_OPENSOURCE_PURE;CONTINUOUS_MINUTE_STREAM;VERIFIED_MODEL_GRID,540647e533a2a41a52402e785eb2f8b00364833e66c61ae9effefa6ea4316a4c,2026-09-27T21:51:00+00:00,2026-09-28 02:51:00,87.1,1005.7,82
9.6,14.1,29.9,874.2,253.8,39.5,4.9,2.4,0.6,445.0,121.3,4.1,3.6,54.0,26.5,24.16,False,4095,0.0,46.4,0.0,EXT-OPEN-METEO-KHI,KARACHI,OPENSOURCE_API_GRID,1313,,,,0.95,True,True,TIER2_OPENSOURCE_PURE;CONTINUOUS_MINUTE_STREAM;VERIFIED_MODEL_GRID,6e7ff09dee0258c49d1d3363d4ab760fa129f95c3f8036aa4c23adcd954b8100,2026-09-27T21:52:00+00:00,2026-09-28 02:52:00,87.0,1005.7,82
9.5,14.0,29.9,868.0,252.0,39.2,4.9,2.4,0.6,445.0,121.3,4.1,3.6,54.0,26.5,24.16,False,4095,0.0,46.5,0.0,EXT-OPEN-METEO-KHI,KARACHI,OPENSOURCE_API_GRID,1314,,,,0.95,True,True,TIER2_OPENSOURCE_PURE;CONTINUOUS_MINUTE_STREAM;VERIFIED_MODEL_GRID,5ef17431a662159c002e0a8bf2df927518e41a2c9f2db3b656c614c1fb397475,2026-09-27T21:53:00+00:00,2026-09-28 02:53:00,87.0,1005.7,82
9.5,14.0,29.8,868.0,252.0,39.2,4.9,2.4,0.6,445.0,121.2,4.1,3.6,54.0,26.5,24.16,False,4095,0.0,46.6,0.0,EXT-OPEN-METEO-KHI,KARACHI,OPENSOURCE_API_GRID,1315,,,,0.95,True,True,TIER2_OPENSOURCE_PURE;CONTINUOUS_MINUTE_STREAM;VERIFIED_MODEL_GRID,0d36b3ae88e421bba8d9115e450e12802c2d8733bf6897b7d537f95c2be8ba81,2026-09-27T21:54:00+00:00,2026-09-28 02:54:00,87.0,1005.7,82
9.5,13.9,29.8,861.8,250.2,38.9,4.9,2.4,0.6,445.0,121.1,4.1,3.6,54.0,26.5,24.14,False,4095,0.0,46.7,0.0,EXT-OPEN-METEO-KHI,KARACHI,OPENSOURCE_API_GRID,1316,,,,0.95,True,True,TIER2_OPENSOURCE_PURE;CONTINUOUS_MINUTE_STREAM;VERIFIED_MODEL_GRID,a757e6517149e504a43e8c096aa0388107e5773af7ce2be360f4e5886427bc37,2026-09-27T21:55:00+00:00,2026-09-28 02:55:00,86.9,1005.7,82
9.5,13.9,29.7,861.8,250.2,38.9,4.9,2.4,0.6,445.0,121.1,4.1,3.6,54.0,26.5,24.14,False,4095,0.0,46.8,0.0,EXT-OPEN-METEO-KHI,KARACHI,OPENSOURCE_API_GRID,1317,,,,0.95,True,True,TIER2_OPENSOURCE_PURE;CONTINUOUS_MINUTE_STREAM;VERIFIED_MODEL_GRID,721b575e7e64a0368c24c5688464ba353fd376f7a13352ead394c64a0752b869,2026-09-27T21:56:00+00:00,2026-09-28 02:56:00,86.9,1005.7,82
9.5,13.9,29.6,861.8,250.2,38.9,4.9,2.4,0.6,445.0,121.0,4.1,3.6,54.0,26.5,24.14,False,4095,0.0,46.9,0.0,EXT-OPEN-METEO-KHI,KARACHI,OPENSOURCE_API_GRID,1318,,,,0.95,True,True,TIER2_OPENSOURCE_PURE;CONTINUOUS_MINUTE_STREAM;VERIFIED_MODEL_GRID,556207ad0c5b54817b3674ce0e66184ac133123f237048d10028f49f934623d1,2026-09-27T21:57:00+00:00,2026-09-28 02:57:00,86.9,1005.7,82
9.4,13.8,29.6,855.6,248.4,38.6,4.8,2.4,0.6,445.0,121.0,4.1,3.6,54.0,26.5,24.14,False,4095,0.0,47.0,0.0,EXT-OPEN-METEO-KHI,KARACHI,OPENSOURCE_API_GRID,1319,,,,0.95,True,True,TIER2_OPENSOURCE_PURE;CONTINUOUS_MINUTE_STREAM;VERIFIED_MODEL_GRID,01c83d20089a299181d181e3458ea96b4c8d6520ba5f9df8d97a8cbb28bf3b7e,2026-09-27T21:58:00+00:00,2026-09-28 02:58:00,86.9,1005.7,82
9.4,13.8,29.5,855.6,248.4,38.6,4.8,2.4,0.6,445.0,121.0,4.1,3.6,54.0,26.5,24.14,False,4095,0.0,47.0,0.0,EXT-OPEN-METEO-KHI,KARACHI,OPENSOURCE_API_GRID,1320,,,,0.95,True,True,TIER2_OPENSOURCE_PURE;CONTINUOUS_MINUTE_STREAM;VERIFIED_MODEL_GRID,cbb5ede72ce9d7903d05a593956ade0105f7b730e30aac34d27c956cc691f17e,2026-09-27T21:59:00+00:00,2026-09-28 02:59:00,86.9,1005.7,82
9.3,13.7,29.5,849.4,246.6,38.4,4.8,2.4,0.6,445.0,121.0,4.1,3.6,54.0,26.5,24.14,False,4095,0.0,47.0,0.0,EXT-OPEN-METEO-KHI,KARACHI,OPENSOURCE_API_GRID,1321,,,,0.95,True,False,TIER2_OPENSOURCE_PURE;HOURLY_NODE;VERIFIED_MODEL_GRID,787a08203b5f035d06d2a04e5f416d66068b13fa51795b0bf8a6188f0f752f29,2026-09-27T22:00:00+00:00,2026-09-28 03:00:00,86.9,1005.7,82
9.3,13.7,29.4,849.4,246.6,38.4,4.8,2.4,0.6,445.0,121.0,4.1,3.6,54.0,26.5,24.12,False,4095,0.0,47.0,0.0,EXT-OPEN-METEO-KHI,KARACHI,OPENSOURCE_API_GRID,1322,,,,0.95,True,True,TIER2_OPENSOURCE_PURE;CONTINUOUS_MINUTE_STREAM;VERIFIED_MODEL_GRID,8a45922ac3b1e8c84383f934d62ca120d19e7177f5894a5dc1deb7401c3bb060,2026-09-27T22:01:00+00:00,2026-09-28 03:01:00,86.8,1005.7,82
9.3,13.7,29.4,849.4,246.6,38.4,4.8,2.4,0.6,445.0,121.0,4.1,3.6,54.0,26.5,24.12,False,4095,0.0,47.0,0.0,EXT-OPEN-METEO-KHI,KARACHI,OPENSOURCE_API_GRID,1323,,,,0.95,True,True,TIER2_OPENSOURCE_PURE;CONTINUOUS_MINUTE_STREAM;VERIFIED_MODEL_GRID,96122e35010f79f87aabe47a893c0828518c71a7cef46682a0812cfecf83c40a,2026-09-27T22:02:00+00:00,2026-09-28 03:02:00,86.8,1005.7,82
9.3,13.7,29.4,849.4,246.6,38.4,4.8,2.4,0.6,445.0,121.0,4.1,3.6,54.0,26.5,24.12,False,4095,0.0,46.9,0.0,EXT-OPEN-METEO-KHI,KARACHI,OPENSOURCE_API_GRID,1324,,,,0.95,True,True,TIER2_OPENSOURCE_PURE;CONTINUOUS_MINUTE_STREAM;VERIFIED_MODEL_GRID,49f1e05e562e0375719c7929c4b4877c1555981532f80e3280c5b7c96d4cb1a1,2026-09-27T22:03:00+00:00,2026-09-28 03:03:00,86.8,1005.7,82
9.3,13.7,29.4,849.4,246.6,38.4,4.8,2.4,0.6,445.0,121.0,4.1,3.6,54.0,26.5,24.12,False,4095,0.0,46.8,0.0,EXT-OPEN-METEO-KHI,KARACHI,OPENSOURCE_API_GRID,1325,,,,0.95,True,True,TIER2_OPENSOURCE_PURE;CONTINUOUS_MINUTE_STREAM;VERIFIED_MODEL_GRID,2a1108e885ab1e1aa4dbfd1c3d5395d35de156c4927d3f545e56e76508c98699,2026-09-27T22:04:00+00:00,2026-09-28 03:04:00,86.8,1005.7,82
9.3,13.7,29.4,849.4,246.6,38.4,4.8,2.4,0.6,445.0,120.9,4.1,3.6,54.0,26.5,24.12,False,4095,0.0,46.8,0.0,EXT-OPEN-METEO-KHI,KARACHI,OPENSOURCE_API_GRID,1326,,,,0.95,True,True,TIER2_OPENSOURCE_PURE;CONTINUOUS_MINUTE_STREAM;VERIFIED_MODEL_GRID,6ef3d4e3d6495458ebca1ddc2dc02f7377b13957634bd95e47515f2bdc1a822b,2026-09-27T22:05:00+00:00,2026-09-28 03:05:00,86.8,1005.7,82
9.3,13.7,29.5,849.4,246.6,38.4,4.8,2.4,0.6,445.0,120.9,4.1,3.6,54.0,26.5,24.12,False,4095,0.0,46.7,0.0,EXT-OPEN-METEO-KHI,KARACHI,OPENSOURCE_API_GRID,1327,,,,0.95,True,True,TIER2_OPENSOURCE_PURE;CONTINUOUS_MINUTE_STREAM;VERIFIED_MODEL_GRID,871820e38bcc96b0847f0dc57555ae09c6227d4745da52deb987703558cccda9,2026-09-27T22:06:00+00:00,2026-09-28 03:06:00,86.8,1005.7,82
9.4,13.8,29.5,855.6,248.4,38.6,4.8,2.4,0.6,445.0,120.9,4.1,3.6,54.0,26.5,24.12,False,4095,0.0,46.5,0.0,EXT-OPEN-METEO-KHI,KARACHI,OPENSOURCE_API_GRID,1328,,,,0.95,True,True,TIER2_OPENSOURCE_PURE;CONTINUOUS_MINUTE_STREAM;VERIFIED_MODEL_GRID,51d44648e430a9f90e02613180710f277807904859004a6c88ea57a5a323d46d,2026-09-27T22:07:00+00:00,2026-09-28 03:07:00,86.8,1005.7,82
9.4,13.8,29.6,855.6,248.4,38.6,4.8,2.4,0.6,445.0,120.8,4.1,3.6,54.0,26.5,24.12,False,4095,0.0,46.4,0.0,EXT-OPEN-METEO-KHI,KARACHI,OPENSOURCE_API_GRID,1329,,,,0.95,True,True,TIER2_OPENSOURCE_PURE;CONTINUOUS_MINUTE_STREAM;VERIFIED_MODEL_GRID,dc4f16f8566921200a728be80b560d5801f61d0687162225aacedd0d31edc675,2026-09-27T22:08:00+00:00,2026-09-28 03:08:00,86.8,1005.7,82
9.5,13.9,29.7,861.8,250.2,38.9,4.9,2.4,0.6,445.0,120.8,4.1,3.6,54.0,26.5,24.12,False,4095,0.0,46.2,0.0,EXT-OPEN-METEO-KHI,KARACHI,OPENSOURCE_API_GRID,1330,,,,0.95,True,True,TIER2_OPENSOURCE_PURE;CONTINUOUS_MINUTE_STREAM;VERIFIED_MODEL_GRID,f97b4366ee273ead8597bb89a0983e3e8f467434da8ceb327e0439056454caeb,2026-09-27T22:09:00+00:00,2026-09-28 03:09:00,86.8,1005.7,82
9.5,13.9,29.7,861.8,250.2,38.9,4.9,2.4,0.6,445.0,120.7,4.1,3.6,54.0,26.5,24.12,False,4095,0.0,46.1,0.0,EXT-OPEN-METEO-KHI,KARACHI,OPENSOURCE_API_GRID,1331,,,,0.95,True,True,TIER2_OPENSOURCE_PURE;CONTINUOUS_MINUTE_STREAM;VERIFIED_MODEL_GRID,22fc0060837cea8c7f53cef6fa857f66bb9b06e225c7be5b1427da1473fdb99b,2026-09-27T22:10:00+00:00,2026-09-28 03:10:00,86.8,1005.7,82
9.5,14.0,29.8,868.0,252.0,39.2,4.9,2.4,0.6,445.0,120.7,4.1,3.6,54.0,26.5,24.12,False,4095,0.0,45.9,0.0,EXT-OPEN-METEO-KHI,KARACHI,OPENSOURCE_API_GRID,1332,,,,0.95,True,True,TIER2_OPENSOURCE_PURE;CONTINUOUS_MINUTE_STREAM;VERIFIED_MODEL_GRID,c55b56f6869fdc60cc44859643078dc87d3cd59edf2d6352318498a6edeec95a,2026-09-27T22:11:00+00:00,2026-09-28 03:11:00,86.8,1005.7,82
9.5,14.0,29.9,868.0,252.0,39.2,4.9,2.4,0.6,445.0,120.6,4.1,3.6,54.0,26.5,24.12,False,4095,0.0,45.7,0.0,EXT-OPEN-METEO-KHI,KARACHI,OPENSOURCE_API_GRID,1333,,,,0.95,True,True,TIER2_OPENSOURCE_PURE;CONTINUOUS_MINUTE_STREAM;VERIFIED_MODEL_GRID,e5e6cf56a6157c4f87c6b2ee97378f843857b6807de01469447bb1fe32f3251e,2026-09-27T22:12:00+00:00,2026-09-28 03:12:00,86.8,1005.7,82
9.5,13.9,29.8,861.8,250.2,38.9,4.9,2.4,0.6,445.0,120.6,4.1,3.6,54.0,26.5,24.12,False,4095,0.0,45.4,0.0,EXT-OPEN-METEO-KHI,KARACHI,OPENSOURCE_API_GRID,1334,,,,0.95,True,True,TIER2_OPENSOURCE_PURE;CONTINUOUS_MINUTE_STREAM;VERIFIED_MODEL_GRID,2a774fd3a6c2197ba66399888847a367144e917f79187ee1af47c5d0fb5eda2a,2026-09-27T22:13:00+00:00,2026-09-28 03:13:00,86.8,1005.7,82
9.5,14.0,29.9,868.0,252.0,39.2,4.9,2.4,0.6,445.0,120.5,4.1,3.6,54.0,26.5,24.12,False,4095,0.0,45.2,0.0,EXT-OPEN-METEO-KHI,KARACHI,OPENSOURCE_API_GRID,1335,,,,0.95,True,True,TIER2_OPENSOURCE_PURE;CONTINUOUS_MINUTE_STREAM;VERIFIED_MODEL_GRID,a7b71a5a835317bb3a4f19eff67bcfe34c931bec01ecde66ee1b37d832919b62,2026-09-27T22:14:00+00:00,2026-09-28 03:14:00,86.8,1005.7,82
9.5,14.0,30.0,868.0,252.0,39.2,4.9,2.4,0.6,445.0,120.4,4.1,3.6,54.0,26.5,24.1,False,4095,0.0,44.9,0.0,EXT-OPEN-METEO-KHI,KARACHI,OPENSOURCE_API_GRID,1336,,,,0.95,True,True,TIER2_OPENSOURCE_PURE;CONTINUOUS_MINUTE_STREAM;VERIFIED_MODEL_GRID,4e1ca4cf01fac1699bce57b8a179aa6239bb779b278c676e8957a34cf73aeb94,2026-09-27T22:15:00+00:00,2026-09-28 03:15:00,86.7,1005.7,82
9.6,14.1,30.0,874.2,253.8,39.5,4.9,2.4,0.6,445.0,120.3,4.1,3.6,54.0,26.6,24.18,False,4095,0.0,44.7,0.0,EXT-OPEN-METEO-KHI,KARACHI,OPENSOURCE_API_GRID,1337,,,,0.95,True,True,TIER2_OPENSOURCE_PURE;CONTINUOUS_MINUTE_STREAM;VERIFIED_MODEL_GRID,c3aeb4e1abceb1ce0b6042e68c35c8143059cd0da1099668dafd1d5cb2e9fd0a,2026-09-27T22:16:00+00:00,2026-09-28 03:16:00,86.6,1005.7,82
9.6,14.1,30.1,874.2,253.8,39.5,4.9,2.4,0.6,445.0,120.3,4.1,3.6,54.0,26.6,24.18,False,4095,0.0,44.4,0.0,EXT-OPEN-METEO-KHI,KARACHI,OPENSOURCE_API_GRID,1338,,,,0.95,True,True,TIER2_OPENSOURCE_PURE;CONTINUOUS_MINUTE_STREAM;VERIFIED_MODEL_GRID,3b172f2b2ed8fc5c5f646b739b091aea2c8ec90db61c8168009aef184abf2179,2026-09-27T22:17:00+00:00,2026-09-28 03:17:00,86.6,1005.7,82
9.7,14.2,30.2,880.4,255.6,39.8,5.0,2.4,0.6,445.0,120.2,4.1,3.6,54.0,26.6,24.16,False,4095,0.0,44.1,0.0,EXT-OPEN-METEO-KHI,KARACHI,OPENSOURCE_API_GRID,1339,,,,0.95,True,True,TIER2_OPENSOURCE_PURE;CONTINUOUS_MINUTE_STREAM;VERIFIED_MODEL_GRID,469b6a21e4b243e437bb9563aee5367152764ae037aed389fc4bb663119ecacd,2026-09-27T22:18:00+00:00,2026-09-28 03:18:00,86.5,1005.6,82
9.7,14.2,30.2,880.4,255.6,39.8,5.0,2.4,0.6,445.0,120.1,4.1,3.6,54.0,26.6,24.14,False,4095,0.0,43.8,0.0,EXT-OPEN-METEO-KHI,KARACHI,OPENSOURCE_API_GRID,1340,,,,0.95,True,True,TIER2_OPENSOURCE_PURE;CONTINUOUS_MINUTE_STREAM;VERIFIED_MODEL_GRID,fcf9b7bb72a1aebb832f52ac761e8b845053a95212376f9bf1c70e2573dadb3e,2026-09-27T22:19:00+00:00,2026-09-28 03:19:00,86.4,1005.6,82
9.7,14.2,30.2,880.4,255.6,39.8,5.0,2.4,0.6,445.0,120.0,4.1,3.6,54.0,26.6,24.12,False,4095,0.0,43.5,0.0,EXT-OPEN-METEO-KHI,KARACHI,OPENSOURCE_API_GRID,1341,,,,0.95,True,True,TIER2_OPENSOURCE_PURE;CONTINUOUS_MINUTE_STREAM;VERIFIED_MODEL_GRID,46eea05647b43934acd9595ce42a59f3576721daf7837644e598f743c0b00908,2026-09-27T22:20:00+00:00,2026-09-28 03:20:00,86.3,1005.6,82
9.7,14.2,30.2,880.4,255.6,39.8,5.0,2.4,0.6,445.0,119.9,4.1,3.6,54.0,26.6,24.1,False,4095,0.0,43.2,0.0,EXT-OPEN-METEO-KHI,KARACHI,OPENSOURCE_API_GRID,1342,,,,0.95,True,True,TIER2_OPENSOURCE_PURE;CONTINUOUS_MINUTE_STREAM;VERIFIED_MODEL_GRID,b2d38c20373e7e1f5549e6b7c40a9f19cbe0958b3077c9aebe2cd9f074082d7e,2026-09-27T22:21:00+00:00,2026-09-28 03:21:00,86.2,1005.6,82
9.7,14.2,30.2,880.4,255.6,39.8,5.0,2.4,0.6,445.0,119.8,4.1,3.6,54.0,26.6,24.08,False,4095,0.0,42.8,0.0,EXT-OPEN-METEO-KHI,KARACHI,OPENSOURCE_API_GRID,1343,,,,0.95,True,True,TIER2_OPENSOURCE_PURE;CONTINUOUS_MINUTE_STREAM;VERIFIED_MODEL_GRID,f4b1ed03fddf071731c2aee736d2c8b85ba3d76cd143ea872ad21e7359a3985d,2026-09-27T22:22:00+00:00,2026-09-28 03:22:00,86.1,1005.6,82
9.7,14.2,30.2,880.4,255.6,39.8,5.0,2.4,0.6,445.0,119.7,4.1,3.6,54.0,26.6,24.06,False,4095,0.0,42.5,0.0,EXT-OPEN-METEO-KHI,KARACHI,OPENSOURCE_API_GRID,1344,,,,0.95,True,True,TIER2_OPENSOURCE_PURE;CONTINUOUS_MINUTE_STREAM;VERIFIED_MODEL_GRID,21e4d3789886a1acc12622db592f81225eb2ab61930a586bdfe3535e005e96c2,2026-09-27T22:23:00+00:00,2026-09-28 03:23:00,86.0,1005.6,82
9.7,14.2,30.2,880.4,255.6,39.8,5.0,2.4,0.6,445.0,119.6,4.1,3.6,54.0,26.6,24.04,False,4095,0.0,42.2,0.0,EXT-OPEN-METEO-KHI,KARACHI,OPENSOURCE_API_GRID,1345,,,,0.95,True,True,TIER2_OPENSOURCE_PURE;CONTINUOUS_MINUTE_STREAM;VERIFIED_MODEL_GRID,dd89db042b67a55503fe0ca4a95725254b129a20b14852ba83c6174a3b067a72,2026-09-27T22:24:00+00:00,2026-09-28 03:24:00,85.9,1005.6,82
9.6,14.1,30.2,874.2,253.8,39.5,4.9,2.4,0.6,445.0,119.5,4.1,3.6,54.0,26.6,24.03,False,4095,0.0,41.8,0.0,EXT-OPEN-METEO-KHI,KARACHI,OPENSOURCE_API_GRID,1346,,,,0.95,True,True,TIER2_OPENSOURCE_PURE;CONTINUOUS_MINUTE_STREAM;VERIFIED_MODEL_GRID,fbcce454155d0ab5716ea674af25479795c1134fe0914e8d0d090ef4b1bdd334,2026-09-27T22:25:00+00:00,2026-09-28 03:25:00,85.8,1005.6,82
9.6,14.1,30.1,874.2,253.8,39.5,4.9,2.4,0.6,445.0,119.4,4.1,3.6,54.0,26.6,24.01,False,4095,0.0,41.5,0.0,EXT-OPEN-METEO-KHI,KARACHI,OPENSOURCE_API_GRID,1347,,,,0.95,True,True,TIER2_OPENSOURCE_PURE;CONTINUOUS_MINUTE_STREAM;VERIFIED_MODEL_GRID,204ea27eab789f29cd68584fb8146a8909dbeb04336fdbc5b0bb236e53e0e3e2,2026-09-27T22:26:00+00:00,2026-09-28 03:26:00,85.7,1005.6,82
9.6,14.1,30.1,874.2,253.8,39.5,4.9,2.4,0.6,445.0,119.3,4.1,3.6,54.0,26.6,23.99,False,4095,0.0,41.1,0.0,EXT-OPEN-METEO-KHI,KARACHI,OPENSOURCE_API_GRID,1348,,,,0.95,True,True,TIER2_OPENSOURCE_PURE;CONTINUOUS_MINUTE_STREAM;VERIFIED_MODEL_GRID,f31caec53228e5dc52a149ba0265aac809296f8c5fda5db9244aed138c2d2e6e,2026-09-27T22:27:00+00:00,2026-09-28 03:27:00,85.6,1005.6,82
9.5,14.0,30.0,868.0,252.0,39.2,4.9,2.4,0.6,445.0,119.2,4.1,3.6,54.0,26.6,23.97,False,4095,0.0,40.7,0.0,EXT-OPEN-METEO-KHI,KARACHI,OPENSOURCE_API_GRID,1349,,,,0.95,True,True,TIER2_OPENSOURCE_PURE;CONTINUOUS_MINUTE_STREAM;VERIFIED_MODEL_GRID,b4a76accf61da2af007e2974caf4e2550601f2450cd3fc5fcf31005d70937de5,2026-09-27T22:28:00+00:00,2026-09-28 03:28:00,85.5,1005.6,82
9.5,14.0,30.0,868.0,252.0,39.2,4.9,2.4,0.6,445.0,119.1,4.1,3.6,54.0,26.6,23.95,False,4095,0.0,40.4,0.0,EXT-OPEN-METEO-KHI,KARACHI,OPENSOURCE_API_GRID,1350,,,,0.95,True,True,TIER2_OPENSOURCE_PURE;CONTINUOUS_MINUTE_STREAM;VERIFIED_MODEL_GRID,7de2362f21ea49681ef0a3c6a130063c0ec6d947113cd99351ca04f045fd3fbc,2026-09-27T22:29:00+00:00,2026-09-28 03:29:00,85.4,1005.6,82
9.5,14.0,30.0,868.0,252.0,39.2,4.9,2.4,0.6,445.0,119.0,4.1,3.6,54.0,26.6,23.95,False,4095,0.0,40.0,0.0,EXT-OPEN-METEO-KHI,KARACHI,OPENSOURCE_API_GRID,1351,,,,0.95,True,True,TIER2_OPENSOURCE_PURE;CONTINUOUS_MINUTE_STREAM;VERIFIED_MODEL_GRID,e132018a1ff7475de4e606ef9d316c4c319a6ab797244292e20d7e2793a96f44,2026-09-27T22:30:00+00:00,2026-09-28 03:30:00,85.4,1005.6,82
9.5,14.0,29.9,868.0,252.0,39.2,4.9,2.4,0.6,445.0,118.9,4.1,3.7,54.0,26.6,23.93,False,4095,0.0,39.6,0.0,EXT-OPEN-METEO-KHI,KARACHI,OPENSOURCE_API_GRID,1352,,,,0.95,True,True,TIER2_OPENSOURCE_PURE;CONTINUOUS_MINUTE_STREAM;VERIFIED_MODEL_GRID,c50416a8ae112b6f0e0f67f03bb235b0c937eb8a07e52e44dd0a9183e97c030f,2026-09-27T22:31:00+00:00,2026-09-28 03:31:00,85.3,1005.6,82
9.5,13.9,29.9,861.8,250.2,38.9,4.9,2.4,0.6,445.0,118.8,4.1,3.7,54.0,26.6,23.91,False,4095,0.0,39.3,0.0,EXT-OPEN-METEO-KHI,KARACHI,OPENSOURCE_API_GRID,1353,,,,0.95,True,True,TIER2_OPENSOURCE_PURE;CONTINUOUS_MINUTE_STREAM;VERIFIED_MODEL_GRID,5a2be544c2de0cf0ecc980cc63d8e76d6db6e0db8b606c9052177538e0f4b785,2026-09-27T22:32:00+00:00,2026-09-28 03:32:00,85.2,1005.5,82
9.5,13.9,29.9,861.8,250.2,38.9,4.9,2.4,0.6,445.0,118.7,4.1,3.7,54.0,26.6,23.89,False,4095,0.0,38.9,0.0,EXT-OPEN-METEO-KHI,KARACHI,OPENSOURCE_API_GRID,1354,,,,0.95,True,True,TIER2_OPENSOURCE_PURE;CONTINUOUS_MINUTE_STREAM;VERIFIED_MODEL_GRID,20e1a7b52fd97b2d61a73d52ac4fe3d92e450ef7c41e01eb7a77ee92fcd649f9,2026-09-27T22:33:00+00:00,2026-09-28 03:33:00,85.1,1005.5,82
9.5,13.9,29.9,861.8,250.2,38.9,4.9,2.4,0.6,445.0,118.6,4.1,3.7,54.0,26.6,23.87,False,4095,0.0,38.5,0.0,EXT-OPEN-METEO-KHI,KARACHI,OPENSOURCE_API_GRID,1355,,,,0.95,True,True,TIER2_OPENSOURCE_PURE;CONTINUOUS_MINUTE_STREAM;VERIFIED_MODEL_GRID,681955ea41f3768f8e554415816054b10318c589a0081fedc00bda9c113f11c3,2026-09-27T22:34:00+00:00,2026-09-28 03:34:00,85.0,1005.5,82
9.5,14.0,30.0,868.0,252.0,39.2,4.9,2.4,0.6,445.0,118.5,4.1,3.7,54.0,26.6,23.87,False,4095,0.0,38.2,0.0,EXT-OPEN-METEO-KHI,KARACHI,OPENSOURCE_API_GRID,1356,,,,0.95,True,True,TIER2_OPENSOURCE_PURE;CONTINUOUS_MINUTE_STREAM;VERIFIED_MODEL_GRID,6efb48f2b54582298ea1c1bf2ea0d8de873d5442286da259ceb27a35059bf20d,2026-09-27T22:35:00+00:00,2026-09-28 03:35:00,85.0,1005.5,82
9.5,14.0,30.0,868.0,252.0,39.2,4.9,2.4,0.6,445.0,118.4,4.1,3.7,54.0,26.6,23.85,False,4095,0.0,37.8,0.0,EXT-OPEN-METEO-KHI,KARACHI,OPENSOURCE_API_GRID,1357,,,,0.95,True,True,TIER2_OPENSOURCE_PURE;CONTINUOUS_MINUTE_STREAM;VERIFIED_MODEL_GRID,f0217d754d276f138e00ac0593cd30704d53b37f551cacd0d6410347815c0301,2026-09-27T22:36:00+00:00,2026-09-28 03:36:00,84.9,1005.5,82
9.5,14.0,30.1,868.0,252.0,39.2,4.9,2.4,0.6,445.0,118.3,4.1,3.7,54.0,26.6,23.85,False,4095,0.0,37.5,0.0,EXT-OPEN-METEO-KHI,KARACHI,OPENSOURCE_API_GRID,1358,,,,0.95,True,True,TIER2_OPENSOURCE_PURE;CONTINUOUS_MINUTE_STREAM;VERIFIED_MODEL_GRID,55fa2d20e98d4594d83a4212bfdda15355d517fa2521782ab74ceea7b36af743,2026-09-27T22:37:00+00:00,2026-09-28 03:37:00,84.9,1005.5,82
9.5,14.0,30.1,868.0,252.0,39.2,4.9,2.4,0.6,445.0,118.2,4.1,3.7,54.0,26.6,23.83,False,4095,0.0,37.2,0.0,EXT-OPEN-METEO-KHI,KARACHI,OPENSOURCE_API_GRID,1359,,,,0.95,True,True,TIER2_OPENSOURCE_PURE;CONTINUOUS_MINUTE_STREAM;VERIFIED_MODEL_GRID,20d12458d734351140a2003afd6ff1aa175119fe4e0ab696128c6c9e726c3fce,2026-09-27T22:38:00+00:00,2026-09-28 03:38:00,84.8,1005.5,82
9.6,14.1,30.2,874.2,253.8,39.5,4.9,2.4,0.6,445.0,118.1,4.1,3.7,54.0,26.6,23.83,False,4095,0.0,36.8,0.0,EXT-OPEN-METEO-KHI,KARACHI,OPENSOURCE_API_GRID,1360,,,,0.95,True,True,TIER2_OPENSOURCE_PURE;CONTINUOUS_MINUTE_STREAM;VERIFIED_MODEL_GRID,1c15bf5230a5707933d73f3b53675274d0601bd24efeff3682542e06ba04ac9c,2026-09-27T22:39:00+00:00,2026-09-28 03:39:00,84.8,1005.5,82
9.6,14.1,30.3,874.2,253.8,39.5,4.9,2.4,0.6,445.0,118.0,4.1,3.7,54.0,26.6,23.81,False,4095,0.0,36.5,0.0,EXT-OPEN-METEO-KHI,KARACHI,OPENSOURCE_API_GRID,1361,,,,0.95,True,True,TIER2_OPENSOURCE_PURE;CONTINUOUS_MINUTE_STREAM;VERIFIED_MODEL_GRID,7959458dbef5ad91f4d5a55c7d048dcd1d299c09f257c8583e494fcf9e8afe53,2026-09-27T22:40:00+00:00,2026-09-28 03:40:00,84.7,1005.5,82
9.7,14.2,30.4,880.4,255.6,39.8,5.0,2.4,0.6,445.0,117.9,4.1,3.7,54.0,26.6,23.81,False,4095,0.0,36.2,0.0,EXT-OPEN-METEO-KHI,KARACHI,OPENSOURCE_API_GRID,1362,,,,0.95,True,True,TIER2_OPENSOURCE_PURE;CONTINUOUS_MINUTE_STREAM;VERIFIED_MODEL_GRID,6ad089be59f81bfd4f9c7a7d03edf0f147fc5f929c2b6cced09ce3e367188f36,2026-09-27T22:41:00+00:00,2026-09-28 03:41:00,84.7,1005.5,82
9.7,14.2,30.5,880.4,255.6,39.8,5.0,2.4,0.6,445.0,117.8,4.1,3.7,54.0,26.6,23.79,False,4095,0.0,35.9,0.0,EXT-OPEN-METEO-KHI,KARACHI,OPENSOURCE_API_GRID,1363,,,,0.95,True,True,TIER2_OPENSOURCE_PURE;CONTINUOUS_MINUTE_STREAM;VERIFIED_MODEL_GRID,9aa7a7214a9e9473a37f40d390267530fe892e73873c84a707d2f61e5de9e198,2026-09-27T22:42:00+00:00,2026-09-28 03:42:00,84.6,1005.5,82
9.7,14.3,30.5,886.6,257.4,40.0,5.0,2.4,0.6,445.0,117.7,4.1,3.7,54.0,26.6,23.79,False,4095,0.0,35.6,0.0,EXT-OPEN-METEO-KHI,KARACHI,OPENSOURCE_API_GRID,1364,,,,0.95,True,True,TIER2_OPENSOURCE_PURE;CONTINUOUS_MINUTE_STREAM;VERIFIED_MODEL_GRID,efa6d2ab651cb3f38aca9ade8b29beb56ab73473bcf4e6dc78c4fd402f9edb3e,2026-09-27T22:43:00+00:00,2026-09-28 03:43:00,84.6,1005.4,82
9.7,14.2,30.5,880.4,255.6,39.8,5.0,2.4,0.6,445.0,117.7,4.1,3.7,54.0,26.7,23.89,False,4095,0.0,35.3,0.0,EXT-OPEN-METEO-KHI,KARACHI,OPENSOURCE_API_GRID,1365,,,,0.95,True,True,TIER2_OPENSOURCE_PURE;CONTINUOUS_MINUTE_STREAM;VERIFIED_MODEL_GRID,a0f707094de7e64736e6946ac5c1a02b98f4c2b55614f589ae0281282ef17d2f,2026-09-27T22:44:00+00:00,2026-09-28 03:44:00,84.6,1005.4,82
9.7,14.3,30.5,886.6,257.4,40.0,5.0,2.4,0.6,445.0,117.6,4.1,3.7,54.0,26.7,23.89,False,4095,0.0,35.1,0.0,EXT-OPEN-METEO-KHI,KARACHI,OPENSOURCE_API_GRID,1366,,,,0.95,True,True,TIER2_OPENSOURCE_PURE;CONTINUOUS_MINUTE_STREAM;VERIFIED_MODEL_GRID,77360c51d8b6f0d42e5ecaa4a7f38580cca4ed7ab30e96432a02761509624b0f,2026-09-27T22:45:00+00:00,2026-09-28 03:45:00,84.6,1005.4,82
9.7,14.3,30.6,886.6,257.4,40.0,5.0,2.4,0.6,445.0,117.5,4.1,3.7,54.0,26.7,23.87,False,4095,0.0,34.8,0.0,EXT-OPEN-METEO-KHI,KARACHI,OPENSOURCE_API_GRID,1367,,,,0.95,True,True,TIER2_OPENSOURCE_PURE;CONTINUOUS_MINUTE_STREAM;VERIFIED_MODEL_GRID,c51abf4cb5888374e24345cae7aed28bbec070c2c7326deb1359baa27f64a327,2026-09-27T22:46:00+00:00,2026-09-28 03:46:00,84.5,1005.4,82
9.8,14.4,30.7,892.8,259.2,40.3,5.0,2.5,0.6,445.0,117.4,4.1,3.7,54.0,26.7,23.87,False,4095,0.0,34.6,0.0,EXT-OPEN-METEO-KHI,KARACHI,OPENSOURCE_API_GRID,1368,,,,0.95,True,True,TIER2_OPENSOURCE_PURE;CONTINUOUS_MINUTE_STREAM;VERIFIED_MODEL_GRID,018c4c9c3bc9022d727229807e422b32deadb6e5f0b064c2e0e678d1746aa1b0,2026-09-27T22:47:00+00:00,2026-09-28 03:47:00,84.5,1005.4,82
9.8,14.4,30.7,892.8,259.2,40.3,5.0,2.5,0.6,445.0,117.4,4.1,3.7,54.0,26.7,23.85,False,4095,0.0,34.3,0.0,EXT-OPEN-METEO-KHI,KARACHI,OPENSOURCE_API_GRID,1369,,,,0.95,True,True,TIER2_OPENSOURCE_PURE;CONTINUOUS_MINUTE_STREAM;VERIFIED_MODEL_GRID,56823b8733cb2b6bc88ca066593f4a4ccf7e64b727c5cb9819e82087a17bfae5,2026-09-27T22:48:00+00:00,2026-09-28 03:48:00,84.4,1005.4,82
9.8,14.4,30.8,892.8,259.2,40.3,5.0,2.5,0.6,445.0,117.3,4.1,3.7,54.0,26.7,23.83,False,4095,0.0,34.1,0.0,EXT-OPEN-METEO-KHI,KARACHI,OPENSOURCE_API_GRID,1370,,,,0.95,True,True,TIER2_OPENSOURCE_PURE;CONTINUOUS_MINUTE_STREAM;VERIFIED_MODEL_GRID,99c6f2123eb6fa9123df6f3e40407966513811361f195d647d82cea6f7f5d12c,2026-09-27T22:49:00+00:00,2026-09-28 03:49:00,84.3,1005.4,82
9.9,14.5,30.8,899.0,261.0,40.6,5.1,2.5,0.6,445.0,117.3,4.1,3.7,54.0,26.7,23.83,False,4095,0.0,33.9,0.0,EXT-OPEN-METEO-KHI,KARACHI,OPENSOURCE_API_GRID,1371,,,,0.95,True,True,TIER2_OPENSOURCE_PURE;CONTINUOUS_MINUTE_STREAM;VERIFIED_MODEL_GRID,180401124a867e558e510388170672f770628e4b6e3e49054d9826d28cff6f60,2026-09-27T22:50:00+00:00,2026-09-28 03:50:00,84.3,1005.4,82
9.9,14.5,30.9,899.0,261.0,40.6,5.1,2.5,0.6,445.0,117.2,4.1,3.7,54.0,26.7,23.81,False,4095,0.0,33.8,0.0,EXT-OPEN-METEO-KHI,KARACHI,OPENSOURCE_API_GRID,1372,,,,0.95,True,True,TIER2_OPENSOURCE_PURE;CONTINUOUS_MINUTE_STREAM;VERIFIED_MODEL_GRID,5a3a77aea4693f15ec3e992f51d49d4abc950523f98af4490cc2300db0397608,2026-09-27T22:51:00+00:00,2026-09-28 03:51:00,84.2,1005.4,82
9.9,14.5,30.9,899.0,261.0,40.6,5.1,2.5,0.6,445.0,117.2,4.1,3.7,54.0,26.7,23.81,False,4095,0.0,33.6,0.0,EXT-OPEN-METEO-KHI,KARACHI,OPENSOURCE_API_GRID,1373,,,,0.95,True,True,TIER2_OPENSOURCE_PURE;CONTINUOUS_MINUTE_STREAM;VERIFIED_MODEL_GRID,f015a045e447556ed263e4319306680174138e78b9f16bcbee504ca0ba16ad45,2026-09-27T22:52:00+00:00,2026-09-28 03:52:00,84.2,1005.4,82
9.9,14.5,30.8,899.0,261.0,40.6,5.1,2.5,0.6,445.0,117.1,4.1,3.7,54.0,26.7,23.79,False,4095,0.0,33.5,0.0,EXT-OPEN-METEO-KHI,KARACHI,OPENSOURCE_API_GRID,1374,,,,0.95,True,True,TIER2_OPENSOURCE_PURE;CONTINUOUS_MINUTE_STREAM;VERIFIED_MODEL_GRID,9d334c6fce0d17db2b7161398af9e15c7f5cc00643222dd7df1db48676b817dc,2026-09-27T22:53:00+00:00,2026-09-28 03:53:00,84.1,1005.4,82
9.8,14.4,30.8,892.8,259.2,40.3,5.0,2.5,0.6,445.0,117.1,4.1,3.7,54.0,26.7,23.79,False,4095,0.0,33.3,0.0,EXT-OPEN-METEO-KHI,KARACHI,OPENSOURCE_API_GRID,1375,,,,0.95,True,True,TIER2_OPENSOURCE_PURE;CONTINUOUS_MINUTE_STREAM;VERIFIED_MODEL_GRID,81a854f96db6cf16f30a2864a7131d90482fcac332603beeb45b0595e6cf775c,2026-09-27T22:54:00+00:00,2026-09-28 03:54:00,84.1,1005.4,82
9.8,14.4,30.8,892.8,259.2,40.3,5.0,2.5,0.6,445.0,117.1,4.1,3.7,54.0,26.7,23.77,False,4095,0.0,33.2,0.0,EXT-OPEN-METEO-KHI,KARACHI,OPENSOURCE_API_GRID,1376,,,,0.95,True,True,TIER2_OPENSOURCE_PURE;CONTINUOUS_MINUTE_STREAM;VERIFIED_MODEL_GRID,7884b71639473297963bf53d601c55eec379d622611f9d5fe34d0933f900909e,2026-09-27T22:55:00+00:00,2026-09-28 03:55:00,84.0,1005.4,82
9.8,14.4,30.7,892.8,259.2,40.3,5.0,2.5,0.6,445.0,117.0,4.1,3.7,54.0,26.7,23.77,False,4095,0.0,33.2,0.0,EXT-OPEN-METEO-KHI,KARACHI,OPENSOURCE_API_GRID,1377,,,,0.95,True,True,TIER2_OPENSOURCE_PURE;CONTINUOUS_MINUTE_STREAM;VERIFIED_MODEL_GRID,8ebbfb5d9e64d75d59e8ec2649b944fa51f5000ad455fb349418e69e8f7ef14a,2026-09-27T22:56:00+00:00,2026-09-28 03:56:00,84.0,1005.4,82
9.7,14.3,30.7,886.6,257.4,40.0,5.0,2.5,0.6,445.0,117.0,4.1,3.7,54.0,26.7,23.75,False,4095,0.0,33.1,0.0,EXT-OPEN-METEO-KHI,KARACHI,OPENSOURCE_API_GRID,1378,,,,0.95,True,True,TIER2_OPENSOURCE_PURE;CONTINUOUS_MINUTE_STREAM;VERIFIED_MODEL_GRID,0a19a3b067303603d298ae3ea3e8212043cf4bef886f317733021e0afebb5ff9,2026-09-27T22:57:00+00:00,2026-09-28 03:57:00,83.9,1005.4,82
9.7,14.3,30.6,886.6,257.4,40.0,5.0,2.4,0.6,445.0,117.0,4.1,3.7,54.0,26.7,23.75,False,4095,0.0,33.0,0.0,EXT-OPEN-METEO-KHI,KARACHI,OPENSOURCE_API_GRID,1379,,,,0.95,True,True,TIER2_OPENSOURCE_PURE;CONTINUOUS_MINUTE_STREAM;VERIFIED_MODEL_GRID,44ef276f89747ce8dd5298eef8ba484b4de6b08e5fa51fcc55c71efe12bd9173,2026-09-27T22:58:00+00:00,2026-09-28 03:58:00,83.9,1005.4,82
9.7,14.3,30.5,886.6,257.4,40.0,5.0,2.4,0.6,445.0,117.0,4.1,3.7,54.0,26.7,23.75,False,4095,0.0,33.0,0.0,EXT-OPEN-METEO-KHI,KARACHI,OPENSOURCE_API_GRID,1380,,,,0.95,True,True,TIER2_OPENSOURCE_PURE;CONTINUOUS_MINUTE_STREAM;VERIFIED_MODEL_GRID,81e3effed8fc801f522907900eb1e718b8b1f7c4664238e8fb326031306d7c30,2026-09-27T22:59:00+00:00,2026-09-28 03:59:00,83.9,1005.4,82
9.7,14.2,30.5,880.4,255.6,39.8,5.0,2.4,0.6,445.0,117.0,4.1,3.7,54.0,26.7,23.75,False,4095,0.0,33.0,0.0,EXT-OPEN-METEO-KHI,KARACHI,OPENSOURCE_API_GRID,1381,,,,0.95,True,False,TIER2_OPENSOURCE_PURE;HOURLY_NODE;VERIFIED_MODEL_GRID,7b2dea364952b6097d19a7b0f6a82bfef66f3f4c8b03cd07bcd869ed73f3040f,2026-09-27T23:00:00+00:00,2026-09-28 04:00:00,83.9,1005.4,82
9.7,14.2,30.4,880.4,255.6,39.8,5.0,2.4,0.6,445.0,117.0,4.1,3.7,54.0,26.7,23.75,False,4095,0.0,33.0,0.0,EXT-OPEN-METEO-KHI,KARACHI,OPENSOURCE_API_GRID,1382,,,,0.95,True,True,TIER2_OPENSOURCE_PURE;CONTINUOUS_MINUTE_STREAM;VERIFIED_MODEL_GRID,c5a009214aa49f5724bb17de228bbc469c3dae2c3a4996572258e8fccc956c64,2026-09-27T23:01:00+00:00,2026-09-28 04:01:00,83.9,1005.4,82
9.6,14.1,30.4,874.2,253.8,39.5,4.9,2.4,0.6,445.0,117.0,4.1,3.7,54.0,26.7,23.75,False,4095,0.0,33.0,0.0,EXT-OPEN-METEO-KHI,KARACHI,OPENSOURCE_API_GRID,1383,,,,0.95,True,True,TIER2_OPENSOURCE_PURE;CONTINUOUS_MINUTE_STREAM;VERIFIED_MODEL_GRID,fd66e281d1528948f478932a1b961253f94f5c44ab61d629057cbb62a2637833,2026-09-27T23:02:00+00:00,2026-09-28 04:02:00,83.9,1005.4,82
9.6,14.1,30.3,874.2,253.8,39.5,4.9,2.4,0.6,445.0,117.1,4.1,3.7,54.0,26.7,23.75,False,4095,0.0,32.9,0.0,EXT-OPEN-METEO-KHI,KARACHI,OPENSOURCE_API_GRID,1384,,,,0.95,True,True,TIER2_OPENSOURCE_PURE;CONTINUOUS_MINUTE_STREAM;VERIFIED_MODEL_GRID,54f161096cbd6a40c5fec2496f35e664f3d35b1dd7ae47d63888bcca7f32d531,2026-09-27T23:03:00+00:00,2026-09-28 04:03:00,83.9,1005.4,82
9.6,14.1,30.2,874.2,253.8,39.5,4.9,2.4,0.6,445.0,117.2,4.1,3.7,54.1,26.7,23.75,False,4095,0.0,32.9,0.0,EXT-OPEN-METEO-KHI,KARACHI,OPENSOURCE_API_GRID,1385,,,,0.95,True,True,TIER2_OPENSOURCE_PURE;CONTINUOUS_MINUTE_STREAM;VERIFIED_MODEL_GRID,918839c4354c6dd401454b4f89921fc27b8856e78dface3f8cc0b56a498349ef,2026-09-27T23:04:00+00:00,2026-09-28 04:04:00,83.9,1005.4,82
9.5,14.0,30.2,868.0,252.0,39.2,4.9,2.4,0.6,445.0,117.3,4.1,3.7,54.1,26.7,23.75,False,4095,0.0,32.8,0.0,EXT-OPEN-METEO-KHI,KARACHI,OPENSOURCE_API_GRID,1386,,,,0.95,True,True,TIER2_OPENSOURCE_PURE;CONTINUOUS_MINUTE_STREAM;VERIFIED_MODEL_GRID,742d40f8c002cc10c72871c1412ad8f693728f9dd45ea837c2c853e4bda848dd,2026-09-27T23:05:00+00:00,2026-09-28 04:05:00,83.9,1005.4,82
9.5,14.0,30.1,868.0,252.0,39.2,4.9,2.4,0.6,445.0,117.4,4.1,3.7,54.1,26.7,23.77,False,4095,0.0,32.8,0.0,EXT-OPEN-METEO-KHI,KARACHI,OPENSOURCE_API_GRID,1387,,,,0.95,True,True,TIER2_OPENSOURCE_PURE;CONTINUOUS_MINUTE_STREAM;VERIFIED_MODEL_GRID,44faf049df7caea20d27fbd211700497be78783672414e08a346516423143009,2026-09-27T23:06:00+00:00,2026-09-28 04:06:00,84.0,1005.4,82
9.5,14.0,30.1,868.0,252.0,39.2,4.9,2.4,0.6,445.0,117.6,4.1,3.7,54.2,26.7,23.79,False,4095,0.0,32.7,0.0,EXT-OPEN-METEO-KHI,KARACHI,OPENSOURCE_API_GRID,1388,,,,0.95,True,True,TIER2_OPENSOURCE_PURE;CONTINUOUS_MINUTE_STREAM;VERIFIED_MODEL_GRID,97f17c7615838f94e87d2305cee9fd758ed99502508ab420cc1328c994ccb4db,2026-09-27T23:07:00+00:00,2026-09-28 04:07:00,84.1,1005.4,82
9.5,14.0,30.0,868.0,252.0,39.2,4.9,2.4,0.6,445.0,117.8,4.1,3.7,54.3,26.7,23.79,False,4095,0.0,32.6,0.0,EXT-OPEN-METEO-KHI,KARACHI,OPENSOURCE_API_GRID,1389,,,,0.95,True,True,TIER2_OPENSOURCE_PURE;CONTINUOUS_MINUTE_STREAM;VERIFIED_MODEL_GRID,6de9b0f94b5524fad3b863998e38a155ac4804e0d3ef9be8e9ffec62505bad33,2026-09-27T23:08:00+00:00,2026-09-28 04:08:00,84.1,1005.3,82
9.5,14.0,30.0,868.0,252.0,39.2,4.9,2.4,0.6,445.1,118.0,4.1,3.7,54.3,26.7,23.81,False,4095,0.0,32.5,0.0,EXT-OPEN-METEO-KHI,KARACHI,OPENSOURCE_API_GRID,1390,,,,0.95,True,True,TIER2_OPENSOURCE_PURE;CONTINUOUS_MINUTE_STREAM;VERIFIED_MODEL_GRID,babe28278def627403acb853a7a65e5ae55b548fcd5c02d983034ae2c39ac808,2026-09-27T23:09:00+00:00,2026-09-28 04:09:00,84.2,1005.3,82
9.5,14.0,29.9,868.0,252.0,39.2,4.9,2.4,0.6,445.1,118.2,4.1,3.7,54.4,26.7,23.83,False,4095,0.0,32.3,0.0,EXT-OPEN-METEO-KHI,KARACHI,OPENSOURCE_API_GRID,1391,,,,0.95,True,True,TIER2_OPENSOURCE_PURE;CONTINUOUS_MINUTE_STREAM;VERIFIED_MODEL_GRID,bf681f4fb003f93124927491623f6266a63cd7f331218a65c78becce2589c497,2026-09-27T23:10:00+00:00,2026-09-28 04:10:00,84.3,1005.3,82
9.5,14.0,29.9,868.0,252.0,39.2,4.9,2.4,0.6,445.1,118.5,4.1,3.7,54.5,26.7,23.85,False,4095,0.0,32.2,0.0,EXT-OPEN-METEO-KHI,KARACHI,OPENSOURCE_API_GRID,1392,,,,0.95,True,True,TIER2_OPENSOURCE_PURE;CONTINUOUS_MINUTE_STREAM;VERIFIED_MODEL_GRID,b7ea7506bff547d9b815fc2820e87141e8452aa19bb44ed786f6dbd93e317698,2026-09-27T23:11:00+00:00,2026-09-28 04:11:00,84.4,1005.3,82
9.5,14.0,29.8,868.0,252.0,39.2,4.9,2.4,0.6,445.1,118.7,4.1,3.7,54.6,26.7,23.87,False,4095,0.0,32.0,0.0,EXT-OPEN-METEO-KHI,KARACHI,OPENSOURCE_API_GRID,1393,,,,0.95,True,True,TIER2_OPENSOURCE_PURE;CONTINUOUS_MINUTE_STREAM;VERIFIED_MODEL_GRID,6855762a1dfff52242b971da9939b8c712e45c73426edab2b95c382d0d6bbb46,2026-09-27T23:12:00+00:00,2026-09-28 04:12:00,84.5,1005.3,82
9.5,14.0,29.8,868.0,252.0,39.2,4.9,2.4,0.6,445.1,119.0,4.1,3.7,54.7,26.7,23.89,False,4095,0.0,31.9,0.0,EXT-OPEN-METEO-KHI,KARACHI,OPENSOURCE_API_GRID,1394,,,,0.95,True,True,TIER2_OPENSOURCE_PURE;CONTINUOUS_MINUTE_STREAM;VERIFIED_MODEL_GRID,a007d6d254eb15ec565c354273ac10b6bce87c238a6638e928f4c20bfe668760,2026-09-27T23:13:00+00:00,2026-09-28 04:13:00,84.6,1005.2,82
9.5,14.0,29.7,868.0,252.0,39.2,4.9,2.4,0.6,445.1,119.3,4.1,3.7,54.8,26.7,23.91,False,4095,0.0,31.7,0.0,EXT-OPEN-METEO-KHI,KARACHI,OPENSOURCE_API_GRID,1395,,,,0.95,True,True,TIER2_OPENSOURCE_PURE;CONTINUOUS_MINUTE_STREAM;VERIFIED_MODEL_GRID,50b63cd7f7251125fa1fe231cbe23271d584947a61d8845c1ed48c3355d0c6bc,2026-09-27T23:14:00+00:00,2026-09-28 04:14:00,84.7,1005.2,82
9.4,13.8,29.5,855.6,248.4,38.6,4.8,2.4,0.6,445.1,119.6,4.1,3.7,54.9,26.7,23.95,False,4095,0.0,31.5,0.0,EXT-OPEN-METEO-KHI,KARACHI,OPENSOURCE_API_GRID,1396,,,,0.95,True,True,TIER2_OPENSOURCE_PURE;CONTINUOUS_MINUTE_STREAM;VERIFIED_MODEL_GRID,eb77fa1da934ee15371cddcbcf7ee8e0e281f626048e675c016e27d9e28ee824,2026-09-27T23:15:00+00:00,2026-09-28 04:15:00,84.9,1005.2,82
9.4,13.8,29.4,855.6,248.4,38.6,4.8,2.4,0.6,445.2,120.0,4.1,3.7,55.0,26.7,23.97,False,4095,0.0,31.3,0.0,EXT-OPEN-METEO-KHI,KARACHI,OPENSOURCE_API_GRID,1397,,,,0.95,True,True,TIER2_OPENSOURCE_PURE;CONTINUOUS_MINUTE_STREAM;VERIFIED_MODEL_GRID,3a55bd621afe345e71f27e06ec1a87197c4e2516956c04e4b972622d7f284990,2026-09-27T23:16:00+00:00,2026-09-28 04:16:00,85.0,1005.2,82
9.4,13.8,29.3,855.6,248.4,38.6,4.8,2.3,0.6,445.2,120.3,4.1,3.7,55.1,26.8,24.09,False,4095,0.0,31.1,0.0,EXT-OPEN-METEO-KHI,KARACHI,OPENSOURCE_API_GRID,1398,,,,0.95,True,True,TIER2_OPENSOURCE_PURE;CONTINUOUS_MINUTE_STREAM;VERIFIED_MODEL_GRID,1830708d31b442ae5d7e4c6ab06faeef29268ae169b0a899451b5cb471ccd57f,2026-09-27T23:17:00+00:00,2026-09-28 04:17:00,85.1,1005.1,82
9.3,13.7,29.2,849.4,246.6,38.4,4.8,2.3,0.6,445.2,120.7,4.1,3.7,55.2,26.8,24.1,False,4095,0.0,30.9,0.0,EXT-OPEN-METEO-KHI,KARACHI,OPENSOURCE_API_GRID,1399,,,,0.95,True,True,TIER2_OPENSOURCE_PURE;CONTINUOUS_MINUTE_STREAM;VERIFIED_MODEL_GRID,b0c91334c53ac3633d4a9e15676f5d45804b8bd16858bbf25170ebe6983add8a,2026-09-27T23:18:00+00:00,2026-09-28 04:18:00,85.2,1005.1,82
9.3,13.7,29.1,849.4,246.6,38.4,4.8,2.3,0.6,445.2,121.1,4.1,3.7,55.4,26.8,24.12,False,4095,0.0,30.7,0.0,EXT-OPEN-METEO-KHI,KARACHI,OPENSOURCE_API_GRID,1400,,,,0.95,True,True,TIER2_OPENSOURCE_PURE;CONTINUOUS_MINUTE_STREAM;VERIFIED_MODEL_GRID,4b62839d0a606a8af27bafebdb65cb7661c451aa67f6deca7207d1eccfe28aaa,2026-09-27T23:19:00+00:00,2026-09-28 04:19:00,85.3,1005.1,82
9.3,13.7,28.9,849.4,246.6,38.4,4.8,2.3,0.6,445.2,121.5,4.1,3.7,55.5,26.8,24.14,False,4095,0.0,30.5,0.0,EXT-OPEN-METEO-KHI,KARACHI,OPENSOURCE_API_GRID,1401,,,,0.95,True,True,TIER2_OPENSOURCE_PURE;CONTINUOUS_MINUTE_STREAM;VERIFIED_MODEL_GRID,4d5a44bdec23eb3bcae21281a6263e49820a3c119fe8c9565f90d501f6f9e3e1,2026-09-27T23:20:00+00:00,2026-09-28 04:20:00,85.4,1005.1,82
9.2,13.6,28.8,843.2,244.8,38.1,4.8,2.3,0.6,445.3,121.9,4.1,3.6,55.6,26.8,24.14,False,4095,0.0,30.3,0.0,EXT-OPEN-METEO-KHI,KARACHI,OPENSOURCE_API_GRID,1402,,,,0.95,True,True,TIER2_OPENSOURCE_PURE;CONTINUOUS_MINUTE_STREAM;VERIFIED_MODEL_GRID,18e4203debf89630198024c3b96e90cb880cdb085dd2ae0b63d927f53f5ed16f,2026-09-27T23:21:00+00:00,2026-09-28 04:21:00,85.4,1005.0,82
9.2,13.5,28.6,837.0,243.0,37.8,4.7,2.3,0.6,445.3,122.3,4.1,3.6,55.8,26.8,24.16,False,4095,0.0,30.0,0.0,EXT-OPEN-METEO-KHI,KARACHI,OPENSOURCE_API_GRID,1403,,,,0.95,True,True,TIER2_OPENSOURCE_PURE;CONTINUOUS_MINUTE_STREAM;VERIFIED_MODEL_GRID,0c6298b62c822ff889720cdf6c2f4605242d7a69f74594fa772b181ba0523a4c,2026-09-27T23:22:00+00:00,2026-09-28 04:22:00,85.5,1005.0,82
9.1,13.4,28.4,830.8,241.2,37.5,4.7,2.3,0.6,445.3,122.8,4.1,3.6,55.9,26.8,24.18,False,4095,0.0,29.8,0.0,EXT-OPEN-METEO-KHI,KARACHI,OPENSOURCE_API_GRID,1404,,,,0.95,True,True,TIER2_OPENSOURCE_PURE;CONTINUOUS_MINUTE_STREAM;VERIFIED_MODEL_GRID,990521febe833639666da58fa1eba2d9b0fca8b88912f6655f3365f23b1ba3a7,2026-09-27T23:23:00+00:00,2026-09-28 04:23:00,85.6,1005.0,82
9.0,13.3,28.2,824.6,239.4,37.2,4.7,2.3,0.6,445.3,123.2,4.1,3.6,56.1,26.8,24.2,False,4095,0.0,29.5,0.0,EXT-OPEN-METEO-KHI,KARACHI,OPENSOURCE_API_GRID,1405,,,,0.95,True,True,TIER2_OPENSOURCE_PURE;CONTINUOUS_MINUTE_STREAM;VERIFIED_MODEL_GRID,2e8189e4f4d98a306023ef9027366a54b36b6bd7a1cd7e1a5acd7bfcf38741d8,2026-09-27T23:24:00+00:00,2026-09-28 04:24:00,85.7,1004.9,82
9.0,13.2,28.0,818.4,237.6,37.0,4.6,2.2,0.6,445.4,123.7,4.1,3.6,56.2,26.8,24.22,False,4095,0.0,29.3,0.0,EXT-OPEN-METEO-KHI,KARACHI,OPENSOURCE_API_GRID,1406,,,,0.95,True,True,TIER2_OPENSOURCE_PURE;CONTINUOUS_MINUTE_STREAM;VERIFIED_MODEL_GRID,435164070346a7f34da191cf11ae2f9595f60091f4faf4d632991a7f03a297d5,2026-09-27T23:25:00+00:00,2026-09-28 04:25:00,85.8,1004.9,82
8.9,13.1,27.7,812.2,235.8,36.7,4.6,2.2,0.6,445.4,124.1,4.1,3.6,56.4,26.8,24.24,False,4095,0.0,29.0,0.0,EXT-OPEN-METEO-KHI,KARACHI,OPENSOURCE_API_GRID,1407,,,,0.95,True,True,TIER2_OPENSOURCE_PURE;CONTINUOUS_MINUTE_STREAM;VERIFIED_MODEL_GRID,c06ea14185dd33cc87c3a97cacdba340d4150d645d34ff192aad295e5b9c7344,2026-09-27T23:26:00+00:00,2026-09-28 04:26:00,85.9,1004.9,82
8.8,13.0,27.5,806.0,234.0,36.4,4.5,2.2,0.6,445.4,124.6,4.1,3.6,56.5,26.8,24.26,False,4095,0.0,28.8,0.0,EXT-OPEN-METEO-KHI,KARACHI,OPENSOURCE_API_GRID,1408,,,,0.95,True,True,TIER2_OPENSOURCE_PURE;CONTINUOUS_MINUTE_STREAM;VERIFIED_MODEL_GRID,29f19f633609873d07df97c396e22f5c835439a017560f032afe9d8fb41ea744,2026-09-27T23:27:00+00:00,2026-09-28 04:27:00,86.0,1004.8,82
8.8,12.9,27.2,799.8,232.2,36.1,4.5,2.2,0.5,445.4,125.1,4.1,3.6,56.7,26.8,24.3,False,4095,0.0,28.5,0.0,EXT-OPEN-METEO-KHI,KARACHI,OPENSOURCE_API_GRID,1409,,,,0.95,True,True,TIER2_OPENSOURCE_PURE;CONTINUOUS_MINUTE_STREAM;VERIFIED_MODEL_GRID,d076a4dde0cec55ae4eaf5d8396f8cbfb7d1cfade697fd6296bfd1dba3d521ca,2026-09-27T23:28:00+00:00,2026-09-28 04:28:00,86.2,1004.8,82
8.6,12.7,27.0,787.4,228.6,35.6,4.4,2.2,0.5,445.5,125.5,4.1,3.6,56.8,26.8,24.32,False,4095,0.0,28.3,0.0,EXT-OPEN-METEO-KHI,KARACHI,OPENSOURCE_API_GRID,1410,,,,0.95,True,True,TIER2_OPENSOURCE_PURE;CONTINUOUS_MINUTE_STREAM;VERIFIED_MODEL_GRID,73548586766053a943500957e5c9c12a97a82de61cf2625f1a2017e327afa2e7,2026-09-27T23:29:00+00:00,2026-09-28 04:29:00,86.3,1004.8,82
8.6,12.6,26.7,781.2,226.8,35.3,4.4,2.1,0.5,445.5,126.0,4.1,3.6,57.0,26.8,24.34,False,4095,0.0,28.0,0.0,EXT-OPEN-METEO-KHI,KARACHI,OPENSOURCE_API_GRID,1411,,,,0.95,True,True,TIER2_OPENSOURCE_PURE;CONTINUOUS_MINUTE_STREAM;VERIFIED_MODEL_GRID,b7a21228fba8f9716755ed73ba381951cd186c8507e7acede9eca9e6f00c8f5c,2026-09-27T23:30:00+00:00,2026-09-28 04:30:00,86.4,1004.7,82
8.5,12.5,26.4,775.0,225.0,35.0,4.4,2.1,0.5,445.5,126.5,4.1,3.6,57.2,26.8,24.36,False,4095,0.0,27.7,0.0,EXT-OPEN-METEO-KHI,KARACHI,OPENSOURCE_API_GRID,1412,,,,0.95,True,True,TIER2_OPENSOURCE_PURE;CONTINUOUS_MINUTE_STREAM;VERIFIED_MODEL_GRID,0accfa10d1848f7f10284716cff8fbeb6ae51973929930f573e3b9a1612665e6,2026-09-27T23:31:00+00:00,2026-09-28 04:31:00,86.5,1004.7,82
8.4,12.4,26.2,768.8,223.2,34.7,4.3,2.1,0.5,445.6,126.9,4.1,3.6,57.3,26.8,24.38,False,4095,0.0,27.5,0.0,EXT-OPEN-METEO-KHI,KARACHI,OPENSOURCE_API_GRID,1413,,,,0.95,True,True,TIER2_OPENSOURCE_PURE;CONTINUOUS_MINUTE_STREAM;VERIFIED_MODEL_GRID,c07386e31a6c67ad62d33d31bd51a24313e1ec4b50d36c71d796cda36f3df6ea,2026-09-27T23:32:00+00:00,2026-09-28 04:32:00,86.6,1004.6,82
8.3,12.2,25.9,756.4,219.6,34.2,4.3,2.1,0.5,445.6,127.4,4.1,3.6,57.5,26.8,24.4,False,4095,0.0,27.2,0.0,EXT-OPEN-METEO-KHI,KARACHI,OPENSOURCE_API_GRID,1414,,,,0.95,True,True,TIER2_OPENSOURCE_PURE;CONTINUOUS_MINUTE_STREAM;VERIFIED_MODEL_GRID,da7c6b8bf631c5a74176edfa9da526baf0c253d2e76f5a83817d9c88141d2f7d,2026-09-27T23:33:00+00:00,2026-09-28 04:33:00,86.7,1004.6,82
8.2,12.1,25.7,750.2,217.8,33.9,4.2,2.1,0.5,445.6,127.9,4.1,3.6,57.6,26.8,24.43,False,4095,0.0,27.0,0.0,EXT-OPEN-METEO-KHI,KARACHI,OPENSOURCE_API_GRID,1415,,,,0.95,True,True,TIER2_OPENSOURCE_PURE;CONTINUOUS_MINUTE_STREAM;VERIFIED_MODEL_GRID,bbc6aa1e5a5774e0d85ebba5718af0500b926a782ff67752d4d70a4d359c3bca,2026-09-27T23:34:00+00:00,2026-09-28 04:34:00,86.9,1004.6,82
8.2,12.0,25.5,744.0,216.0,33.6,4.2,2.0,0.5,445.6,128.3,4.1,3.6,57.8,26.8,24.45,False,4095,0.0,26.7,0.0,EXT-OPEN-METEO-KHI,KARACHI,OPENSOURCE_API_GRID,1416,,,,0.95,True,True,TIER2_OPENSOURCE_PURE;CONTINUOUS_MINUTE_STREAM;VERIFIED_MODEL_GRID,0d5a6508214fa4d8c24d13462ac3670d81ca87ffa05e88a388254455213672b3,2026-09-27T23:35:00+00:00,2026-09-28 04:35:00,87.0,1004.5,82
8.1,11.9,25.3,737.8,214.2,33.3,4.2,2.0,0.5,445.7,128.8,4.1,3.6,57.9,26.8,24.47,False,4095,0.0,26.5,0.0,EXT-OPEN-METEO-KHI,KARACHI,OPENSOURCE_API_GRID,1417,,,,0.95,True,True,TIER2_OPENSOURCE_PURE;CONTINUOUS_MINUTE_STREAM;VERIFIED_MODEL_GRID,8d11b63b8ed81e47237b112be86373cecec3969ee5d6f3a0e4d3d2cb72b3c8d7,2026-09-27T23:36:00+00:00,2026-09-28 04:36:00,87.1,1004.5,82
8.1,11.9,25.1,737.8,214.2,33.3,4.2,2.0,0.5,445.7,129.2,4.1,3.6,58.1,26.8,24.51,False,4095,0.0,26.2,0.0,EXT-OPEN-METEO-KHI,KARACHI,OPENSOURCE_API_GRID,1418,,,,0.95,True,True,TIER2_OPENSOURCE_PURE;CONTINUOUS_MINUTE_STREAM;VERIFIED_MODEL_GRID,91de65f1cf247748037cf8a00b3b3d21442f11195dda8230256cf5a771dbf602,2026-09-27T23:37:00+00:00,2026-09-28 04:37:00,87.3,1004.5,82
8.0,11.8,24.9,731.6,212.4,33.0,4.1,2.0,0.5,445.7,129.7,4.1,3.6,58.2,26.8,24.53,False,4095,0.0,26.0,0.0,EXT-OPEN-METEO-KHI,KARACHI,OPENSOURCE_API_GRID,1419,,,,0.95,True,True,TIER2_OPENSOURCE_PURE;CONTINUOUS_MINUTE_STREAM;VERIFIED_MODEL_GRID,bb67dfe8d5031abd6079b850199122ebb71837a419555885e417990e9ff1940c,2026-09-27T23:38:00+00:00,2026-09-28 04:38:00,87.4,1004.4,82
8.0,11.7,24.8,725.4,210.6,32.8,4.1,2.0,0.5,445.7,130.1,4.1,3.6,58.4,26.8,24.55,False,4095,0.0,25.7,0.0,EXT-OPEN-METEO-KHI,KARACHI,OPENSOURCE_API_GRID,1420,,,,0.95,True,True,TIER2_OPENSOURCE_PURE;CONTINUOUS_MINUTE_STREAM;VERIFIED_MODEL_GRID,c280a8e5b7ea7540396b42ccc353e9e7d3e1c001740fa31a703cc01c0ee5b20a,2026-09-27T23:39:00+00:00,2026-09-28 04:39:00,87.5,1004.4,82
8.0,11.7,24.6,725.4,210.6,32.8,4.1,2.0,0.5,445.8,130.5,4.1,3.5,58.5,26.8,24.59,False,4095,0.0,25.5,0.0,EXT-OPEN-METEO-KHI,KARACHI,OPENSOURCE_API_GRID,1421,,,,0.95,True,True,TIER2_OPENSOURCE_PURE;CONTINUOUS_MINUTE_STREAM;VERIFIED_MODEL_GRID,b3260fa45515a5d88ed130556ab9ace0d49e6d790fe355dfe8bd8b3128b94303,2026-09-27T23:40:00+00:00,2026-09-28 04:40:00,87.7,1004.4,82
8.0,11.7,24.5,725.4,210.6,32.8,4.1,2.0,0.5,445.8,130.9,4.1,3.5,58.6,26.8,24.61,False,4095,0.0,25.3,0.0,EXT-OPEN-METEO-KHI,KARACHI,OPENSOURCE_API_GRID,1422,,,,0.95,True,True,TIER2_OPENSOURCE_PURE;CONTINUOUS_MINUTE_STREAM;VERIFIED_MODEL_GRID,bc792a2bda7a9a391e28b3e125dc971b2c83108a1d9852e1a6c7de9c78065593,2026-09-27T23:41:00+00:00,2026-09-28 04:41:00,87.8,1004.3,82
7.9,11.6,24.4,719.2,208.8,32.5,4.1,2.0,0.5,445.8,131.3,4.1,3.5,58.8,26.8,24.63,False,4095,0.0,25.1,0.0,EXT-OPEN-METEO-KHI,KARACHI,OPENSOURCE_API_GRID,1423,,,,0.95,True,True,TIER2_OPENSOURCE_PURE;CONTINUOUS_MINUTE_STREAM;VERIFIED_MODEL_GRID,0aefa49ed29c49aeb8ea2d1351c5bed9c47bd970845f87fd5b2de30ca7df6541,2026-09-27T23:42:00+00:00,2026-09-28 04:42:00,87.9,1004.3,82
7.9,11.6,24.3,719.2,208.8,32.5,4.1,1.9,0.5,445.8,131.7,4.1,3.5,58.9,26.8,24.66,False,4095,0.0,24.9,0.0,EXT-OPEN-METEO-KHI,KARACHI,OPENSOURCE_API_GRID,1424,,,,0.95,True,True,TIER2_OPENSOURCE_PURE;CONTINUOUS_MINUTE_STREAM;VERIFIED_MODEL_GRID,a65320aa5dccf765bf33ad2171dccc5db713a2127bb1baa8b067d5b8cc3b2926,2026-09-27T23:43:00+00:00,2026-09-28 04:43:00,88.1,1004.3,82
7.9,11.6,24.2,719.2,208.8,32.5,4.1,1.9,0.5,445.8,132.0,4.1,3.5,59.0,26.8,24.68,False,4095,0.0,24.7,0.0,EXT-OPEN-METEO-KHI,KARACHI,OPENSOURCE_API_GRID,1425,,,,0.95,True,True,TIER2_OPENSOURCE_PURE;CONTINUOUS_MINUTE_STREAM;VERIFIED_MODEL_GRID,76b122aa8b46dff44ccdbbc9b9c6f4fa9915893b8e198daf6b0568a69c652394,2026-09-27T23:44:00+00:00,2026-09-28 04:44:00,88.2,1004.2,82
7.9,11.6,24.1,719.2,208.8,32.5,4.1,1.9,0.5,445.9,132.4,4.1,3.5,59.1,26.9,24.8,False,4095,0.0,24.5,0.0,EXT-OPEN-METEO-KHI,KARACHI,OPENSOURCE_API_GRID,1426,,,,0.95,True,True,TIER2_OPENSOURCE_PURE;CONTINUOUS_MINUTE_STREAM;VERIFIED_MODEL_GRID,962ab62dea2e6b7becdd10fae8430268cea84c17d59ff9d8e24609f4c07d02e8,2026-09-27T23:45:00+00:00,2026-09-28 04:45:00,88.3,1004.2,82
7.8,11.4,23.9,706.8,205.2,31.9,4.0,1.9,0.5,445.9,132.7,4.1,3.5,59.2,26.9,24.84,False,4095,0.0,24.3,0.0,EXT-OPEN-METEO-KHI,KARACHI,OPENSOURCE_API_GRID,1427,,,,0.95,True,True,TIER2_OPENSOURCE_PURE;CONTINUOUS_MINUTE_STREAM;VERIFIED_MODEL_GRID,1496eaeb60c125a0edfc6a5555f8dd4e58404ccaa4143c287e98b96bc9c3a168,2026-09-27T23:46:00+00:00,2026-09-28 04:46:00,88.5,1004.2,82
7.8,11.4,23.8,706.8,205.2,31.9,4.0,1.9,0.5,445.9,133.0,4.1,3.5,59.3,26.9,24.86,False,4095,0.0,24.1,0.0,EXT-OPEN-METEO-KHI,KARACHI,OPENSOURCE_API_GRID,1428,,,,0.95,True,True,TIER2_OPENSOURCE_PURE;CONTINUOUS_MINUTE_STREAM;VERIFIED_MODEL_GRID,49fb8aacbdfb599700899321babe9c17e67463d1ddc7e9dc4f4af28c635e706c,2026-09-27T23:47:00+00:00,2026-09-28 04:47:00,88.6,1004.2,82
7.8,11.4,23.8,706.8,205.2,31.9,4.0,1.9,0.5,445.9,133.3,4.1,3.5,59.4,26.9,24.88,False,4095,0.0,24.0,0.0,EXT-OPEN-METEO-KHI,KARACHI,OPENSOURCE_API_GRID,1429,,,,0.95,True,True,TIER2_OPENSOURCE_PURE;CONTINUOUS_MINUTE_STREAM;VERIFIED_MODEL_GRID,7734779a31976c5f9af3bff3cefabeed08ba54385d7e042de007c2c37b606b33,2026-09-27T23:48:00+00:00,2026-09-28 04:48:00,88.7,1004.1,82
7.8,11.4,23.7,706.8,205.2,31.9,4.0,1.9,0.5,445.9,133.5,4.1,3.5,59.5,26.9,24.88,False,4095,0.0,23.8,0.0,EXT-OPEN-METEO-KHI,KARACHI,OPENSOURCE_API_GRID,1430,,,,0.95,True,True,TIER2_OPENSOURCE_PURE;CONTINUOUS_MINUTE_STREAM;VERIFIED_MODEL_GRID,e7cda5dd36aa2928c943531efb7787a903ecb458644998c366b097637bfc5b3b,2026-09-27T23:49:00+00:00,2026-09-28 04:49:00,88.7,1004.1,82
7.8,11.4,23.6,706.8,205.2,31.9,4.0,1.9,0.5,445.9,133.8,4.1,3.5,59.6,26.9,24.89,False,4095,0.0,23.7,0.0,EXT-OPEN-METEO-KHI,KARACHI,OPENSOURCE_API_GRID,1431,,,,0.95,True,True,TIER2_OPENSOURCE_PURE;CONTINUOUS_MINUTE_STREAM;VERIFIED_MODEL_GRID,f10fb9b0c0ec640adfe8bb53900067597aff25b714ff84fb6202ddcba135d0c2,2026-09-27T23:50:00+00:00,2026-09-28 04:50:00,88.8,1004.1,82
7.8,11.4,23.6,706.8,205.2,31.9,4.0,1.9,0.5,445.9,134.0,4.1,3.5,59.7,26.9,24.89,False,4095,0.0,23.5,0.0,EXT-OPEN-METEO-KHI,KARACHI,OPENSOURCE_API_GRID,1432,,,,0.95,True,True,TIER2_OPENSOURCE_PURE;CONTINUOUS_MINUTE_STREAM;VERIFIED_MODEL_GRID,ccc115d8659b3dd1cf1af65bbb938ca9138b027d40c6b1597b6a865fcfb839e4,2026-09-27T23:51:00+00:00,2026-09-28 04:51:00,88.8,1004.1,82
7.7,11.3,23.5,700.6,203.4,31.6,4.0,1.9,0.5,446.0,134.2,4.1,3.5,59.7,26.9,24.91,False,4095,0.0,23.4,0.0,EXT-OPEN-METEO-KHI,KARACHI,OPENSOURCE_API_GRID,1433,,,,0.95,True,True,TIER2_OPENSOURCE_PURE;CONTINUOUS_MINUTE_STREAM;VERIFIED_MODEL_GRID,cb4653b6ded8f5aec93f02b1435846d960f92b20786de6fda7dd57d6e0817811,2026-09-27T23:52:00+00:00,2026-09-28 04:52:00,88.9,1004.1,82
7.7,11.3,23.5,700.6,203.4,31.6,4.0,1.9,0.5,446.0,134.4,4.1,3.5,59.8,26.9,24.91,False,4095,0.0,23.3,0.0,EXT-OPEN-METEO-KHI,KARACHI,OPENSOURCE_API_GRID,1434,,,,0.95,True,True,TIER2_OPENSOURCE_PURE;CONTINUOUS_MINUTE_STREAM;VERIFIED_MODEL_GRID,9fa319b13cc7a3e08f65db1e8fe8a115b6a0828b18efaca90b12d286d13804f3,2026-09-27T23:53:00+00:00,2026-09-28 04:53:00,88.9,1004.1,82
7.7,11.3,23.4,700.6,203.4,31.6,4.0,1.9,0.5,446.0,134.6,4.1,3.5,59.9,26.9,24.91,False,4095,0.0,23.2,0.0,EXT-OPEN-METEO-KHI,KARACHI,OPENSOURCE_API_GRID,1435,,,,0.95,True,True,TIER2_OPENSOURCE_PURE;CONTINUOUS_MINUTE_STREAM;VERIFIED_MODEL_GRID,23d30eaa80f69a099ec36e18c0f02eac2f4d8daa89d63b6dce577e9290e13850,2026-09-27T23:54:00+00:00,2026-09-28 04:54:00,88.9,1004.1,82
7.6,11.2,23.3,694.4,201.6,31.4,3.9,1.9,0.5,446.0,134.7,4.1,3.5,59.9,26.9,24.91,False,4095,0.0,23.2,0.0,EXT-OPEN-METEO-KHI,KARACHI,OPENSOURCE_API_GRID,1436,,,,0.95,True,True,TIER2_OPENSOURCE_PURE;CONTINUOUS_MINUTE_STREAM;VERIFIED_MODEL_GRID,45183bcd9d569739cd8a0a996033ab2502db0da649c3c7a5abbd81e8c1bb6ff3,2026-09-27T23:55:00+00:00,2026-09-28 04:55:00,88.9,1004.0,82
7.6,11.2,23.2,694.4,201.6,31.4,3.9,1.9,0.5,446.0,134.8,4.1,3.5,59.9,26.9,24.91,False,4095,0.0,23.1,0.0,EXT-OPEN-METEO-KHI,KARACHI,OPENSOURCE_API_GRID,1437,,,,0.95,True,True,TIER2_OPENSOURCE_PURE;CONTINUOUS_MINUTE_STREAM;VERIFIED_MODEL_GRID,186df24f3976b446d539f1d6f5a795fd6538948d0bd35d4bb25f347861a3fea5,2026-09-27T23:56:00+00:00,2026-09-28 04:56:00,88.9,1004.0,82
7.5,11.1,23.1,688.2,199.8,31.1,3.9,1.8,0.5,446.0,134.9,4.1,3.5,60.0,26.9,24.91,False,4095,0.0,23.1,0.0,EXT-OPEN-METEO-KHI,KARACHI,OPENSOURCE_API_GRID,1438,,,,0.95,True,True,TIER2_OPENSOURCE_PURE;CONTINUOUS_MINUTE_STREAM;VERIFIED_MODEL_GRID,0a56a14f5ae17d7abc7843470ef1c5e6f77f0dbe3a76ba10a840b1fffc11c521,2026-09-27T23:57:00+00:00,2026-09-28 04:57:00,88.9,1004.0,82
7.5,11.1,23.1,688.2,199.8,31.1,3.9,1.8,0.5,446.0,135.0,4.1,3.5,60.0,26.9,24.91,False,4095,0.0,23.0,0.0,EXT-OPEN-METEO-KHI,KARACHI,OPENSOURCE_API_GRID,1439,,,,0.95,True,True,TIER2_OPENSOURCE_PURE;CONTINUOUS_MINUTE_STREAM;VERIFIED_MODEL_GRID,7fb9be2c63848f08ff48959e63f7591e64acf2cedc22aa7a86225bff59471fd8,2026-09-27T23:58:00+00:00,2026-09-28 04:58:00,88.9,1004.0,82
7.5,11.1,23.0,688.2,199.8,31.1,3.9,1.8,0.5,446.0,135.0,4.1,3.5,60.0,26.9,24.91,False,4095,0.0,23.0,0.0,EXT-OPEN-METEO-KHI,KARACHI,OPENSOURCE_API_GRID,1440,,,,0.95,True,True,TIER2_OPENSOURCE_PURE;CONTINUOUS_MINUTE_STREAM;VERIFIED_MODEL_GRID,532663bb5564acf73549b8ddcfe9ad67024050a164539c65d8679043fc0892bd,2026-09-27T23:59:00+00:00,2026-09-28 04:59:00,88.9,1004.0,82
